MM:DD:YYYY hh:mm:ss,Device_Number,Battery_Voltage,Motor_Turns,Session_Type,Event,Active_Poke,Left_Poke_Count,Right_Poke_Count,Pellet_Count,Retrieval_Time,Concat_#,Mode
2024-07-28 10:39:07,6,3.81,,FR1,Poke,Left,1,0,0,,0,FR1
2024-07-28 10:43:40,6,3.8,,FR1,Poke,Left,1,1,0,,0,FR1
2024-07-28 10:44:25,6,3.8,,FR1,Poke,Left,2,1,0,,0,FR1
2024-07-28 10:46:27,6,3.8,,FR1,Poke,Left,3,1,0,,0,FR1
2024-07-28 10:46:28,6,3.8,,FR1,Poke,Left,4,1,0,,0,FR1
2024-07-28 10:47:40,6,3.8,,FR1,Poke,Left,4,2,0,,0,FR1
2024-07-28 10:49:42,6,3.8,,FR1,Poke,Left,5,2,0,,0,FR1
2024-07-28 10:50:58,6,3.8,,FR1,Poke,Left,5,3,0,,0,FR1
2024-07-28 10:51:55,6,3.8,,FR1,Poke,Left,6,3,0,,0,FR1
2024-07-28 10:57:24,6,3.8,,FR1,Poke,Left,7,3,0,,0,FR1
2024-07-28 10:57:36,6,3.81,3.0,FR1,Pellet,Left,7,3,1,,0,FR1
2024-07-28 10:58:29,6,3.8,,FR1,Poke,Left,8,3,1,,0,FR1
2024-07-28 10:58:32,6,3.8,1.0,FR1,Pellet,Left,8,3,2,1.83,0,FR1
2024-07-28 10:59:08,6,3.81,,FR1,Poke,Left,9,3,2,,0,FR1
2024-07-28 10:59:08,6,3.8,,FR1,Poke,Left,10,3,2,,0,FR1
2024-07-28 10:59:53,6,3.8,,FR1,Poke,Left,11,3,2,,0,FR1
2024-07-28 11:07:19,6,3.81,,FR1,Poke,Left,11,4,2,,0,FR1
2024-07-28 12:41:21,6,3.8,2.0,FR1,Pellet,Left,11,4,3,,0,FR1
2024-07-28 12:43:00,6,3.8,,FR1,Poke,Left,11,5,3,,0,FR1
2024-07-28 12:48:57,6,3.8,,FR1,Poke,Left,12,5,3,,0,FR1
2024-07-28 12:50:49,6,3.8,,FR1,Poke,Left,13,5,3,,0,FR1
2024-07-28 12:51:50,6,3.8,,FR1,Poke,Left,14,5,3,,0,FR1
2024-07-28 12:52:31,6,3.8,1.0,FR1,Pellet,Left,14,5,4,,0,FR1
2024-07-28 12:53:35,6,3.8,,FR1,Poke,Left,15,5,4,,0,FR1
2024-07-28 12:53:39,6,3.8,,FR1,Poke,Left,16,5,4,,0,FR1
2024-07-28 12:55:31,6,3.8,,FR1,Poke,Left,17,5,4,,0,FR1
2024-07-28 12:57:02,6,3.8,,FR1,Poke,Left,17,6,4,,0,FR1
2024-07-28 12:57:33,6,3.8,,FR1,Poke,Left,18,6,4,,0,FR1
2024-07-28 12:57:37,6,3.8,,FR1,Poke,Left,19,6,4,,0,FR1
2024-07-28 13:07:21,6,3.8,1.0,FR1,Pellet,Left,19,6,5,,0,FR1
2024-07-28 13:09:05,6,3.8,,FR1,Poke,Left,20,6,5,,0,FR1
2024-07-28 14:27:29,6,3.8,2.0,FR1,Pellet,Left,20,6,6,,0,FR1
2024-07-28 16:13:06,6,3.8,,FR1,Poke,Left,20,7,6,,0,FR1
2024-07-28 16:14:49,6,3.8,,FR1,Poke,Left,21,7,6,,0,FR1
2024-07-28 16:14:51,6,3.8,1.0,FR1,Pellet,Left,21,7,7,1.45,0,FR1
2024-07-28 16:20:25,6,3.79,,FR1,Poke,Left,22,7,7,,0,FR1
2024-07-28 16:20:26,6,3.79,1.0,FR1,Pellet,Left,22,7,8,0.56,0,FR1
2024-07-28 16:21:23,6,3.79,,FR1,Poke,Left,23,7,8,,0,FR1
2024-07-28 16:21:24,6,3.8,1.0,FR1,Pellet,Left,23,7,9,0.25,0,FR1
2024-07-28 16:22:10,6,3.79,,FR1,Poke,Left,24,7,9,,0,FR1
2024-07-28 16:22:10,6,3.79,,FR1,Poke,Left,25,7,9,,0,FR1
2024-07-28 16:22:14,6,3.79,3.0,FR1,Pellet,Left,25,7,10,0.37,0,FR1
2024-07-28 18:05:04,6,3.8,,FR1,Poke,Left,26,7,10,,0,FR1
2024-07-28 18:05:06,6,3.79,1.0,FR1,Pellet,Left,26,7,11,0.56,0,FR1
2024-07-28 18:06:57,6,3.79,,FR1,Poke,Left,26,8,11,,0,FR1
2024-07-28 18:07:01,6,3.79,,FR1,Poke,Left,26,9,11,,0,FR1
2024-07-28 18:08:01,6,3.79,,FR1,Poke,Left,27,9,11,,0,FR1
2024-07-28 18:08:02,6,3.79,1.0,FR1,Pellet,Left,27,9,12,0.56,0,FR1
2024-07-28 18:14:40,6,3.79,,FR1,Poke,Left,27,10,12,,0,FR1
2024-07-28 18:19:13,6,3.79,,FR1,Poke,Left,28,10,12,,0,FR1
2024-07-28 18:19:13,6,3.79,,FR1,Poke,Left,29,10,12,,0,FR1
2024-07-28 18:19:17,6,3.79,3.0,FR1,Pellet,Left,29,10,13,0.5,0,FR1
2024-07-28 18:20:32,6,3.8,,FR1,Poke,Left,30,10,13,,0,FR1
2024-07-28 18:20:33,6,3.79,1.0,FR1,Pellet,Left,30,10,14,0.37,0,FR1
2024-07-28 18:21:40,6,3.79,,FR1,Poke,Left,31,10,14,,0,FR1
2024-07-28 18:21:41,6,3.79,1.0,FR1,Pellet,Left,31,10,15,0.5,0,FR1
2024-07-28 18:23:13,6,3.78,,FR1,Poke,Left,32,10,15,,0,FR1
2024-07-28 18:23:14,6,3.79,1.0,FR1,Pellet,Left,32,10,16,0.25,0,FR1
2024-07-28 18:23:48,6,3.79,,FR1,Poke,Left,33,10,16,,0,FR1
2024-07-28 18:23:48,6,3.78,,FR1,Poke,Left,34,10,16,,0,FR1
2024-07-28 18:23:58,6,3.79,3.0,FR1,Pellet,Left,34,10,17,5.2,0,FR1
2024-07-28 18:24:21,6,3.79,,FR1,Poke,Left,35,10,17,,0,FR1
2024-07-28 18:24:22,6,3.79,1.0,FR1,Pellet,Left,35,10,18,0.44,0,FR1
2024-07-28 18:25:07,6,3.79,,FR1,Poke,Left,36,10,18,,0,FR1
2024-07-28 18:25:08,6,3.79,1.0,FR1,Pellet,Left,36,10,19,0.19,0,FR1
2024-07-28 18:27:10,6,3.78,,FR1,Poke,Left,36,11,19,,0,FR1
2024-07-28 18:27:15,6,3.79,,FR1,Poke,Left,36,12,19,,0,FR1
2024-07-28 18:27:18,6,3.79,,FR1,Poke,Left,37,12,19,,0,FR1
2024-07-28 18:27:19,6,3.78,1.0,FR1,Pellet,Left,37,12,20,0.19,0,FR1
2024-07-28 18:27:39,6,3.8,,FR1,Poke,Left,38,12,20,,0,FR1
2024-07-28 18:28:03,6,3.79,,FR1,Poke,Left,39,12,20,,0,FR1
2024-07-28 18:28:08,6,3.79,1.0,FR1,Pellet,Left,39,12,21,27.61,0,FR1
2024-07-28 18:30:36,6,3.79,,FR1,Poke,Left,40,12,21,,0,FR1
2024-07-28 18:30:52,6,3.79,,FR1,Poke,Left,41,12,21,,0,FR1
2024-07-28 18:32:20,6,3.79,,FR1,Poke,Left,42,12,21,,0,FR1
2024-07-28 18:32:38,6,3.79,,FR1,Poke,Left,43,12,21,,0,FR1
2024-07-28 18:32:42,6,3.79,,FR1,Poke,Left,44,12,21,,0,FR1
2024-07-28 18:34:17,6,3.78,1.0,FR1,Pellet,Left,44,12,22,,0,FR1
2024-07-28 18:38:40,6,3.78,,FR1,Poke,Left,45,12,22,,0,FR1
2024-07-28 18:38:54,6,3.79,,FR1,Poke,Left,46,12,22,,0,FR1
2024-07-28 18:38:56,6,3.79,,FR1,Poke,Left,47,12,22,,0,FR1
2024-07-28 18:39:04,6,3.79,,FR1,Poke,Left,48,12,22,,0,FR1
2024-07-28 18:39:07,6,3.79,,FR1,Poke,Left,49,12,22,,0,FR1
2024-07-28 18:39:08,6,3.78,,FR1,Poke,Left,50,12,22,,0,FR1
2024-07-28 18:39:27,6,3.79,,FR1,Poke,Left,51,12,22,,0,FR1
2024-07-28 18:39:30,6,3.79,,FR1,Poke,Left,52,12,22,,0,FR1
2024-07-28 18:39:33,6,3.79,,FR1,Poke,Left,53,12,22,,0,FR1
2024-07-28 18:39:37,6,3.79,,FR1,Poke,Left,53,13,22,,0,FR1
2024-07-28 18:39:38,6,3.79,,FR1,Poke,Left,53,14,22,,0,FR1
2024-07-28 18:39:44,6,3.78,,FR1,Poke,Left,54,14,22,,0,FR1
2024-07-28 18:46:48,6,3.79,1.0,FR1,Pellet,Left,54,14,23,,0,FR1
2024-07-28 18:57:15,6,3.78,,FR1,Poke,Left,55,14,23,,0,FR1
2024-07-28 18:57:17,6,3.79,1.0,FR1,Pellet,Left,55,14,24,0.75,0,FR1
2024-07-28 18:57:34,6,3.79,,FR1,Poke,Left,56,14,24,,0,FR1
2024-07-28 18:57:36,6,3.79,1.0,FR1,Pellet,Left,56,14,25,1.07,0,FR1
2024-07-28 18:58:03,6,3.78,,FR1,Poke,Left,57,14,25,,0,FR1
2024-07-28 18:58:04,6,3.79,1.0,FR1,Pellet,Left,57,14,26,0.56,0,FR1
2024-07-28 18:59:29,6,3.79,,FR1,Poke,Left,58,14,26,,0,FR1
2024-07-28 18:59:35,6,3.79,,FR1,Poke,Left,59,14,26,,0,FR1
2024-07-28 18:59:39,6,3.79,,FR1,Poke,Left,60,14,26,,0,FR1
2024-07-28 18:59:41,6,3.78,,FR1,Poke,Left,61,14,26,,0,FR1
2024-07-28 18:59:43,6,3.79,1.0,FR1,Pellet,Left,61,14,27,13.87,0,FR1
2024-07-28 19:00:47,6,3.78,,FR1,Poke,Left,62,14,27,,0,FR1
2024-07-28 19:01:04,6,3.79,,FR1,Poke,Left,63,14,27,,0,FR1
2024-07-28 19:01:08,6,3.78,,FR1,Poke,Left,64,14,27,,0,FR1
2024-07-28 19:02:04,6,3.79,,FR1,Poke,Left,65,14,27,,0,FR1
2024-07-28 19:02:06,6,3.79,,FR1,Poke,Left,66,14,27,,0,FR1
2024-07-28 19:02:11,6,3.79,,FR1,Poke,Left,67,14,27,,0,FR1
2024-07-28 19:03:44,6,3.78,,FR1,Poke,Left,68,14,27,,0,FR1
2024-07-28 19:05:12,6,3.78,,FR1,Poke,Left,69,14,27,,0,FR1
2024-07-28 19:05:20,6,3.79,,FR1,Poke,Left,70,14,27,,0,FR1
2024-07-28 19:06:28,6,3.79,,FR1,Poke,Left,71,14,27,,0,FR1
2024-07-28 19:07:48,6,3.79,,FR1,Poke,Left,71,15,27,,0,FR1
2024-07-28 19:09:09,6,3.79,,FR1,Poke,Left,72,15,27,,0,FR1
2024-07-28 19:11:52,6,3.79,1.0,FR1,Pellet,Left,72,15,28,,0,FR1
2024-07-28 19:19:25,6,3.78,,FR1,Poke,Left,73,15,28,,0,FR1
2024-07-28 19:19:58,6,3.78,,FR1,Poke,Left,74,15,28,,0,FR1
2024-07-28 19:20:01,6,3.78,,FR1,Poke,Left,75,15,28,,0,FR1
2024-07-28 19:20:02,6,3.78,,FR1,Poke,Left,76,15,28,,0,FR1
2024-07-28 19:21:57,6,3.78,,FR1,Poke,Left,77,15,28,,0,FR1
2024-07-28 19:22:05,6,3.79,,FR1,Poke,Left,78,15,28,,0,FR1
2024-07-28 19:22:06,6,3.78,,FR1,Poke,Left,79,15,28,,0,FR1
2024-07-28 19:27:04,6,3.79,1.0,FR1,Pellet,Left,79,15,29,,0,FR1
2024-07-28 19:36:40,6,3.79,,FR1,Poke,Left,80,15,29,,0,FR1
2024-07-28 19:36:41,6,3.78,1.0,FR1,Pellet,Left,80,15,30,0.37,0,FR1
2024-07-28 19:39:40,6,3.78,,FR1,Poke,Left,81,15,30,,0,FR1
2024-07-28 19:39:41,6,3.79,1.0,FR1,Pellet,Left,81,15,31,1.01,0,FR1
2024-07-28 19:39:58,6,3.78,,FR1,Poke,Left,82,15,31,,0,FR1
2024-07-28 19:41:05,6,3.78,,FR1,Poke,Left,83,15,31,,0,FR1
2024-07-28 19:43:16,6,3.78,,FR1,Poke,Left,83,16,31,,0,FR1
2024-07-28 19:43:28,6,3.78,,FR1,Poke,Left,84,16,31,,0,FR1
2024-07-28 19:43:31,6,3.79,,FR1,Poke,Left,85,16,31,,0,FR1
2024-07-28 19:44:01,6,3.79,,FR1,Poke,Left,85,17,31,,0,FR1
2024-07-28 19:47:49,6,3.78,1.0,FR1,Pellet,Left,85,17,32,,0,FR1
2024-07-28 19:48:21,6,3.78,,FR1,Poke,Left,86,17,32,,0,FR1
2024-07-28 19:48:22,6,3.79,1.0,FR1,Pellet,Left,86,17,33,0.31,0,FR1
2024-07-28 19:49:16,6,3.79,,FR1,Poke,Left,87,17,33,,0,FR1
2024-07-28 19:49:18,6,3.79,1.0,FR1,Pellet,Left,87,17,34,0.88,0,FR1
2024-07-28 19:49:38,6,3.79,,FR1,Poke,Left,88,17,34,,0,FR1
2024-07-28 19:49:39,6,3.78,,FR1,Poke,Left,89,17,34,,0,FR1
2024-07-28 19:49:42,6,3.78,2.0,FR1,Pellet,Left,89,17,35,0.25,0,FR1
2024-07-28 19:49:56,6,3.78,,FR1,Poke,Left,90,17,35,,0,FR1
2024-07-28 19:49:57,6,3.78,1.0,FR1,Pellet,Left,90,17,36,0.5,0,FR1
2024-07-28 19:50:21,6,3.79,,FR1,Poke,Left,91,17,36,,0,FR1
2024-07-28 19:50:21,6,3.78,,FR1,Poke,Left,92,17,36,,0,FR1
2024-07-28 19:50:24,6,3.77,2.0,FR1,Pellet,Left,92,17,37,0.5,0,FR1
2024-07-28 19:50:38,6,3.78,,FR1,Poke,Left,93,17,37,,0,FR1
2024-07-28 19:50:40,6,3.78,1.0,FR1,Pellet,Left,93,17,38,0.82,0,FR1
2024-07-28 19:50:55,6,3.79,,FR1,Poke,Left,94,17,38,,0,FR1
2024-07-28 19:50:57,6,3.78,1.0,FR1,Pellet,Left,94,17,39,1.45,0,FR1
2024-07-28 19:51:13,6,3.79,,FR1,Poke,Left,95,17,39,,0,FR1
2024-07-28 19:52:54,6,3.78,,FR1,Poke,Left,96,17,39,,0,FR1
2024-07-28 19:53:04,6,3.79,,FR1,Poke,Left,97,17,39,,0,FR1
2024-07-28 19:54:37,6,3.78,,FR1,Poke,Left,98,17,39,,0,FR1
2024-07-28 19:54:56,6,3.78,,FR1,Poke,Left,99,17,39,,0,FR1
2024-07-28 19:57:53,6,3.78,,FR1,Poke,Left,100,17,39,,0,FR1
2024-07-28 19:57:56,6,3.79,,FR1,Poke,Left,101,17,39,,0,FR1
2024-07-28 19:57:58,6,3.79,,FR1,Poke,Left,102,17,39,,0,FR1
2024-07-28 19:58:14,6,3.78,,FR1,Poke,Left,103,17,39,,0,FR1
2024-07-28 19:58:20,6,3.78,,FR1,Poke,Left,104,17,39,,0,FR1
2024-07-28 19:58:23,6,3.78,,FR1,Poke,Left,105,17,39,,0,FR1
2024-07-28 19:58:26,6,3.79,,FR1,Poke,Left,106,17,39,,0,FR1
2024-07-28 19:58:30,6,3.78,,FR1,Poke,Left,107,17,39,,0,FR1
2024-07-28 20:01:52,6,3.78,,FR1,Poke,Left,108,17,39,,0,FR1
2024-07-28 20:02:07,6,3.78,,FR1,Poke,Left,109,17,39,,0,FR1
2024-07-28 20:04:45,6,3.78,,FR1,Poke,Left,109,18,39,,0,FR1
2024-07-28 20:04:47,6,3.8,,FR1,Poke,Left,109,19,39,,0,FR1
2024-07-28 20:04:50,6,3.78,,FR1,Poke,Left,110,19,39,,0,FR1
2024-07-28 20:04:51,6,3.79,,FR1,Poke,Left,111,19,39,,0,FR1
2024-07-28 20:04:54,6,3.79,,FR1,Poke,Left,112,19,39,,0,FR1
2024-07-28 20:05:02,6,3.78,,FR1,Poke,Left,113,19,39,,0,FR1
2024-07-28 20:05:06,6,3.78,,FR1,Poke,Left,113,20,39,,0,FR1
2024-07-28 20:06:00,6,3.78,,FR1,Poke,Left,114,20,39,,0,FR1
2024-07-28 20:06:28,6,3.78,,FR1,Poke,Left,115,20,39,,0,FR1
2024-07-28 20:23:18,6,3.78,1.0,FR1,Pellet,Left,115,20,40,,0,FR1
2024-07-28 20:38:14,6,3.78,,FR1,Poke,Left,116,20,40,,0,FR1
2024-07-28 20:38:15,6,3.78,1.0,FR1,Pellet,Left,116,20,41,0.12,0,FR1
2024-07-28 20:39:05,6,3.78,,FR1,Poke,Left,117,20,41,,0,FR1
2024-07-28 20:39:06,6,3.78,1.0,FR1,Pellet,Left,117,20,42,0.69,0,FR1
2024-07-28 20:39:33,6,3.79,,FR1,Poke,Left,118,20,42,,0,FR1
2024-07-28 20:39:34,6,3.78,1.0,FR1,Pellet,Left,118,20,43,0.31,0,FR1
2024-07-28 20:39:55,6,3.78,,FR1,Poke,Left,119,20,43,,0,FR1
2024-07-28 20:39:56,6,3.78,1.0,FR1,Pellet,Left,119,20,44,0.25,0,FR1
2024-07-28 20:40:22,6,3.78,,FR1,Poke,Left,120,20,44,,0,FR1
2024-07-28 20:40:23,6,3.78,1.0,FR1,Pellet,Left,120,20,45,0.25,0,FR1
2024-07-28 20:40:54,6,3.78,,FR1,Poke,Left,121,20,45,,0,FR1
2024-07-28 20:40:55,6,3.78,2.0,FR1,Pellet,Left,121,20,46,0.19,0,FR1
2024-07-28 20:41:39,6,3.77,,FR1,Poke,Left,122,20,46,,0,FR1
2024-07-28 20:41:40,6,3.78,1.0,FR1,Pellet,Left,122,20,47,0.25,0,FR1
2024-07-28 20:41:57,6,3.78,,FR1,Poke,Left,123,20,47,,0,FR1
2024-07-28 20:41:58,6,3.78,,FR1,Poke,Left,124,20,47,,0,FR1
2024-07-28 20:41:59,6,3.78,1.0,FR1,Pellet,Left,124,20,48,1.03,0,FR1
2024-07-28 20:42:17,6,3.78,,FR1,Poke,Left,125,20,48,,0,FR1
2024-07-28 20:42:19,6,3.78,1.0,FR1,Pellet,Left,125,20,49,0.44,0,FR1
2024-07-28 20:43:27,6,3.78,,FR1,Poke,Left,126,20,49,,0,FR1
2024-07-28 20:43:38,6,3.78,,FR1,Poke,Left,127,20,49,,0,FR1
2024-07-28 20:45:58,6,3.78,,FR1,Poke,Left,128,20,49,,0,FR1
2024-07-28 21:00:04,6,3.78,1.0,FR1,Pellet,Left,128,20,50,,0,FR1
2024-07-28 21:00:56,6,3.78,,FR1,Poke,Left,129,20,50,,0,FR1
2024-07-28 21:00:57,6,3.78,1.0,FR1,Pellet,Left,129,20,51,0.31,0,FR1
2024-07-28 21:01:22,6,3.78,,FR1,Poke,Left,130,20,51,,0,FR1
2024-07-28 21:01:23,6,3.78,1.0,FR1,Pellet,Left,130,20,52,0.19,0,FR1
2024-07-28 21:02:07,6,3.78,,FR1,Poke,Left,131,20,52,,0,FR1
2024-07-28 21:04:00,6,3.78,,FR1,Poke,Left,132,20,52,,0,FR1
2024-07-28 21:09:02,6,3.78,1.0,FR1,Pellet,Left,132,20,53,,0,FR1
2024-07-28 21:18:51,6,3.78,,FR1,Poke,Left,133,20,53,,0,FR1
2024-07-28 21:18:52,6,3.78,1.0,FR1,Pellet,Left,133,20,54,0.25,0,FR1
2024-07-28 21:19:21,6,3.78,,FR1,Poke,Left,134,20,54,,0,FR1
2024-07-28 21:19:22,6,3.78,1.0,FR1,Pellet,Left,134,20,55,0.19,0,FR1
2024-07-28 21:19:56,6,3.78,,FR1,Poke,Left,135,20,55,,0,FR1
2024-07-28 21:19:57,6,3.78,1.0,FR1,Pellet,Left,135,20,56,0.25,0,FR1
2024-07-28 21:21:43,6,3.78,,FR1,Poke,Left,136,20,56,,0,FR1
2024-07-28 21:23:31,6,3.78,1.0,FR1,Pellet,Left,136,20,57,,0,FR1
2024-07-28 21:48:12,6,3.78,,FR1,Poke,Left,137,20,57,,0,FR1
2024-07-28 21:48:15,6,3.78,2.0,FR1,Pellet,Left,137,20,58,0.44,0,FR1
2024-07-28 21:48:51,6,3.78,,FR1,Poke,Left,138,20,58,,0,FR1
2024-07-28 21:48:51,6,3.78,,FR1,Poke,Left,139,20,58,,0,FR1
2024-07-28 21:48:54,6,3.78,2.0,FR1,Pellet,Left,139,20,59,0.12,0,FR1
2024-07-28 22:49:50,6,3.78,,FR1,Poke,Left,140,20,59,,0,FR1
2024-07-28 22:49:51,6,3.78,1.0,FR1,Pellet,Left,140,20,60,0.5,0,FR1
2024-07-28 22:50:05,6,3.78,,FR1,Poke,Left,141,20,60,,0,FR1
2024-07-28 22:50:06,6,3.78,1.0,FR1,Pellet,Left,141,20,61,0.31,0,FR1
2024-07-28 22:50:43,6,3.78,,FR1,Poke,Left,142,20,61,,0,FR1
2024-07-28 22:50:44,6,3.78,2.0,FR1,Pellet,Left,142,20,62,0.06,0,FR1
2024-07-28 22:51:20,6,3.78,,FR1,Poke,Left,143,20,62,,0,FR1
2024-07-28 22:51:21,6,3.78,,FR1,Poke,Left,144,20,62,,0,FR1
2024-07-28 22:51:24,6,3.78,2.0,FR1,Pellet,Left,144,20,63,0.37,0,FR1
2024-07-28 22:51:44,6,3.78,,FR1,Poke,Left,145,20,63,,0,FR1
2024-07-28 22:51:45,6,3.78,,FR1,Poke,Left,146,20,63,,0,FR1
2024-07-28 22:51:45,6,3.78,,FR1,Poke,Left,147,20,63,,0,FR1
2024-07-28 22:51:48,6,3.78,2.0,FR1,Pellet,Left,147,20,64,0.12,0,FR1
2024-07-28 22:52:23,6,3.78,,FR1,Poke,Left,148,20,64,,0,FR1
2024-07-28 22:52:23,6,3.78,,FR1,Poke,Left,149,20,64,,0,FR1
2024-07-28 22:52:24,6,3.78,,FR1,Poke,Left,150,20,64,,0,FR1
2024-07-28 22:52:40,6,3.78,3.0,FR1,Pellet,Left,150,20,65,12.71,0,FR1
2024-07-28 23:00:51,6,3.78,,FR1,Poke,Left,151,20,65,,0,FR1
2024-07-28 23:00:51,6,3.78,,FR1,Poke,Left,152,20,65,,0,FR1
2024-07-28 23:00:58,6,3.78,,FR1,Poke,Left,153,20,65,,0,FR1
2024-07-28 23:01:01,6,3.78,,FR1,Poke,Left,154,20,65,,0,FR1
2024-07-28 23:02:22,6,3.78,,FR1,Poke,Left,155,20,65,,0,FR1
2024-07-28 23:02:24,6,3.78,,FR1,Poke,Left,156,20,65,,0,FR1
2024-07-28 23:07:39,6,3.78,3.0,FR1,Pellet,Left,156,20,66,,0,FR1
2024-07-28 23:10:21,6,3.78,,FR1,Poke,Left,157,20,66,,0,FR1
2024-07-28 23:10:23,6,3.78,,FR1,Poke,Left,158,20,66,,0,FR1
2024-07-28 23:10:29,6,3.78,,FR1,Poke,Left,158,21,66,,0,FR1
2024-07-28 23:10:31,6,3.78,,FR1,Poke,Left,158,22,66,,0,FR1
2024-07-28 23:10:35,6,3.78,2.0,FR1,Pellet,Left,158,22,67,13.27,0,FR1
2024-07-28 23:10:58,6,3.78,,FR1,Poke,Left,159,22,67,,0,FR1
2024-07-28 23:11:05,6,3.78,,FR1,Poke,Left,160,22,67,,0,FR1
2024-07-28 23:12:24,6,3.78,,FR1,Poke,Left,161,22,67,,0,FR1
2024-07-28 23:13:25,6,3.78,,FR1,Poke,Left,162,22,67,,0,FR1
2024-07-28 23:13:52,6,3.78,,FR1,Poke,Left,163,22,67,,0,FR1
2024-07-28 23:14:06,6,3.78,,FR1,Poke,Left,164,22,67,,0,FR1
2024-07-28 23:14:08,6,3.78,,FR1,Poke,Left,165,22,67,,0,FR1
2024-07-28 23:14:49,6,3.78,,FR1,Poke,Left,166,22,67,,0,FR1
2024-07-28 23:14:57,6,3.78,,FR1,Poke,Left,167,22,67,,0,FR1
2024-07-28 23:14:59,6,3.78,,FR1,Poke,Left,168,22,67,,0,FR1
2024-07-28 23:15:01,6,3.78,,FR1,Poke,Left,169,22,67,,0,FR1
2024-07-28 23:21:18,6,3.78,2.0,FR1,Pellet,Left,169,22,68,,0,FR1
2024-07-28 23:21:42,6,3.78,,FR1,Poke,Left,170,22,68,,0,FR1
2024-07-28 23:21:56,6,3.78,1.0,FR1,Pellet,Left,170,22,69,12.64,0,FR1
2024-07-28 23:22:15,6,3.78,,FR1,Poke,Left,171,22,69,,0,FR1
2024-07-28 23:22:20,6,3.78,,FR1,Poke,Left,171,23,69,,0,FR1
2024-07-28 23:22:23,6,3.78,,FR1,Poke,Left,172,23,69,,0,FR1
2024-07-28 23:23:09,6,3.78,,FR1,Poke,Left,172,24,69,,0,FR1
2024-07-28 23:23:14,6,3.78,,FR1,Poke,Left,173,24,69,,0,FR1
2024-07-28 23:23:16,6,3.78,,FR1,Poke,Left,174,24,69,,0,FR1
2024-07-28 23:23:24,6,3.78,,FR1,Poke,Left,175,24,69,,0,FR1
2024-07-28 23:25:27,6,3.78,,FR1,Poke,Left,176,24,69,,0,FR1
2024-07-28 23:26:19,6,3.78,,FR1,Poke,Left,177,24,69,,0,FR1
2024-07-28 23:26:20,6,3.76,,FR1,Poke,Left,178,24,69,,0,FR1
2024-07-28 23:27:14,6,3.78,,FR1,Poke,Left,179,24,69,,0,FR1
2024-07-28 23:29:32,6,3.78,,FR1,Poke,Left,180,24,69,,0,FR1
2024-07-28 23:29:36,6,3.78,,FR1,Poke,Left,181,24,69,,0,FR1
2024-07-28 23:29:56,6,3.78,,FR1,Poke,Left,182,24,69,,0,FR1
2024-07-28 23:30:13,6,3.78,,FR1,Poke,Left,183,24,69,,0,FR1
2024-07-28 23:34:54,6,3.78,1.0,FR1,Pellet,Left,183,24,70,,0,FR1
2024-07-28 23:37:16,6,3.78,,FR1,Poke,Left,184,24,70,,0,FR1
2024-07-28 23:37:19,6,3.78,,FR1,Poke,Left,185,24,70,,0,FR1
2024-07-28 23:39:01,6,3.78,,FR1,Poke,Left,186,24,70,,0,FR1
2024-07-28 23:39:06,6,3.78,,FR1,Poke,Left,187,24,70,,0,FR1
2024-07-28 23:39:09,6,3.78,,FR1,Poke,Left,188,24,70,,0,FR1
2024-07-28 23:43:02,6,3.78,,FR1,Poke,Left,189,24,70,,0,FR1
2024-07-28 23:43:05,6,3.78,,FR1,Poke,Left,190,24,70,,0,FR1
2024-07-28 23:44:19,6,3.78,,FR1,Poke,Left,190,25,70,,0,FR1
2024-07-28 23:44:39,6,3.78,1.0,FR1,Pellet,Left,190,25,71,,0,FR1
2024-07-28 23:52:35,6,3.78,,FR1,Poke,Left,191,25,71,,0,FR1
2024-07-28 23:52:37,6,3.78,1.0,FR1,Pellet,Left,191,25,72,0.69,0,FR1
2024-07-28 23:52:50,6,3.78,,FR1,Poke,Left,192,25,72,,0,FR1
2024-07-28 23:52:51,6,3.78,1.0,FR1,Pellet,Left,192,25,73,0.31,0,FR1
2024-07-28 23:53:04,6,3.78,,FR1,Poke,Left,193,25,73,,0,FR1
2024-07-28 23:53:06,6,3.78,1.0,FR1,Pellet,Left,193,25,74,0.25,0,FR1
2024-07-28 23:53:21,6,3.78,,FR1,Poke,Left,194,25,74,,0,FR1
2024-07-28 23:53:22,6,3.78,1.0,FR1,Pellet,Left,194,25,75,0.44,0,FR1
2024-07-28 23:53:44,6,3.78,,FR1,Poke,Left,195,25,75,,0,FR1
2024-07-28 23:55:21,6,3.78,,FR1,Poke,Left,196,25,75,,0,FR1
2024-07-28 23:57:45,6,3.78,,FR1,Poke,Left,197,25,75,,0,FR1
2024-07-28 23:57:46,6,3.78,,FR1,Poke,Left,198,25,75,,0,FR1
2024-07-28 23:57:48,6,3.77,,FR1,Poke,Left,199,25,75,,0,FR1
2024-07-28 23:57:50,6,3.78,,FR1,Poke,Left,200,25,75,,0,FR1
2024-07-28 23:59:07,6,3.78,,FR1,Poke,Left,201,25,75,,0,FR1
2024-07-29 00:01:58,6,3.76,,FR1,Poke,Left,201,26,75,,0,FR1
2024-07-29 00:02:06,6,3.78,,FR1,Poke,Left,201,27,75,,0,FR1
2024-07-29 00:02:08,6,3.78,,FR1,Poke,Left,201,28,75,,0,FR1
2024-07-29 00:02:12,6,3.78,,FR1,Poke,Left,201,29,75,,0,FR1
2024-07-29 00:02:13,6,3.78,,FR1,Poke,Left,201,30,75,,0,FR1
2024-07-29 00:02:16,6,3.78,2.0,FR1,Pellet,Left,201,30,76,,0,FR1
2024-07-29 00:02:35,6,3.78,,FR1,Poke,Left,202,30,76,,0,FR1
2024-07-29 00:02:37,6,3.78,1.0,FR1,Pellet,Left,202,30,77,0.5,0,FR1
2024-07-29 00:02:47,6,3.78,,FR1,Poke,Left,203,30,77,,0,FR1
2024-07-29 00:02:48,6,3.77,1.0,FR1,Pellet,Left,203,30,78,0.75,0,FR1
2024-07-29 00:03:00,6,3.78,,FR1,Poke,Left,204,30,78,,0,FR1
2024-07-29 00:03:00,6,3.78,,FR1,Poke,Left,205,30,78,,0,FR1
2024-07-29 00:03:01,6,3.78,,FR1,Poke,Left,206,30,78,,0,FR1
2024-07-29 00:03:03,6,3.78,,FR1,Poke,Left,207,30,78,,0,FR1
2024-07-29 00:03:07,6,3.78,,FR1,Poke,Left,208,30,78,,0,FR1
2024-07-29 00:03:13,6,3.78,,FR1,Poke,Left,209,30,78,,0,FR1
2024-07-29 00:03:57,6,3.78,,FR1,Poke,Left,209,31,78,,0,FR1
2024-07-29 00:05:11,6,3.78,,FR1,Poke,Left,210,31,78,,0,FR1
2024-07-29 00:09:34,6,3.77,,FR1,Poke,Left,211,31,78,,0,FR1
2024-07-29 00:09:42,6,3.78,,FR1,Poke,Left,212,31,78,,0,FR1
2024-07-29 00:15:17,6,3.78,,FR1,Poke,Left,213,31,78,,0,FR1
2024-07-29 00:15:18,6,3.78,,FR1,Poke,Left,214,31,78,,0,FR1
2024-07-29 00:27:37,6,3.78,3.0,FR1,Pellet,Left,214,31,79,,0,FR1
2024-07-29 00:27:55,6,3.78,,FR1,Poke,Left,215,31,79,,0,FR1
2024-07-29 00:28:00,6,3.77,,FR1,Poke,Left,216,31,79,,0,FR1
2024-07-29 00:28:06,6,3.78,,FR1,Poke,Left,217,31,79,,0,FR1
2024-07-29 00:28:44,6,3.77,,FR1,Poke,Left,218,31,79,,0,FR1
2024-07-29 00:28:45,6,3.78,,FR1,Poke,Left,219,31,79,,0,FR1
2024-07-29 00:28:50,6,3.77,,FR1,Poke,Left,220,31,79,,0,FR1
2024-07-29 00:32:36,6,3.78,,FR1,Poke,Left,221,31,79,,0,FR1
2024-07-29 00:33:02,6,3.78,,FR1,Poke,Left,221,32,79,,0,FR1
2024-07-29 00:33:05,6,3.78,,FR1,Poke,Left,221,33,79,,0,FR1
2024-07-29 00:33:11,6,3.78,,FR1,Poke,Left,222,33,79,,0,FR1
2024-07-29 00:33:12,6,3.77,,FR1,Poke,Left,223,33,79,,0,FR1
2024-07-29 00:33:16,6,3.78,,FR1,Poke,Left,223,34,79,,0,FR1
2024-07-29 00:33:19,6,3.78,,FR1,Poke,Left,224,34,79,,0,FR1
2024-07-29 00:33:20,6,3.78,,FR1,Poke,Left,225,34,79,,0,FR1
2024-07-29 00:33:25,6,3.78,,FR1,Poke,Left,226,34,79,,0,FR1
2024-07-29 00:33:28,6,3.78,,FR1,Poke,Left,227,34,79,,0,FR1
2024-07-29 00:33:43,6,3.78,,FR1,Poke,Left,227,35,79,,0,FR1
2024-07-29 00:34:00,6,3.77,,FR1,Poke,Left,228,35,79,,0,FR1
2024-07-29 00:34:02,6,3.78,,FR1,Poke,Left,229,35,79,,0,FR1
2024-07-29 00:34:26,6,3.78,,FR1,Poke,Left,230,35,79,,0,FR1
2024-07-29 00:34:31,6,3.77,,FR1,Poke,Left,231,35,79,,0,FR1
2024-07-29 00:34:33,6,3.78,,FR1,Poke,Left,232,35,79,,0,FR1
2024-07-29 00:34:57,6,3.78,,FR1,Poke,Left,233,35,79,,0,FR1
2024-07-29 00:39:04,6,3.77,1.0,FR1,Pellet,Left,233,35,80,,0,FR1
2024-07-29 00:43:16,6,3.78,,FR1,Poke,Left,234,35,80,,0,FR1
2024-07-29 00:43:18,6,3.78,1.0,FR1,Pellet,Left,234,35,81,0.37,0,FR1
2024-07-29 00:43:37,6,3.78,,FR1,Poke,Left,235,35,81,,0,FR1
2024-07-29 00:43:38,6,3.78,1.0,FR1,Pellet,Left,235,35,82,0.19,0,FR1
2024-07-29 00:43:59,6,3.78,,FR1,Poke,Left,236,35,82,,0,FR1
2024-07-29 00:43:59,6,3.77,1.0,FR1,Pellet,Left,236,35,83,0.19,0,FR1
2024-07-29 00:44:14,6,3.78,,FR1,Poke,Left,237,35,83,,0,FR1
2024-07-29 00:44:15,6,3.78,1.0,FR1,Pellet,Left,237,35,84,0.56,0,FR1
2024-07-29 00:44:30,6,3.78,,FR1,Poke,Left,238,35,84,,0,FR1
2024-07-29 00:44:30,6,3.77,,FR1,Poke,Left,239,35,84,,0,FR1
2024-07-29 00:44:33,6,3.77,3.0,FR1,Pellet,Left,239,35,85,0.12,0,FR1
2024-07-29 00:44:49,6,3.78,,FR1,Poke,Left,240,35,85,,0,FR1
2024-07-29 00:44:50,6,3.78,,FR1,Poke,Left,241,35,85,,0,FR1
2024-07-29 00:44:53,6,3.77,2.0,FR1,Pellet,Left,241,35,86,0.94,0,FR1
2024-07-29 00:56:02,6,3.77,,FR1,Poke,Left,242,35,86,,0,FR1
2024-07-29 00:56:04,6,3.78,1.0,FR1,Pellet,Left,242,35,87,2.21,0,FR1
2024-07-29 00:56:23,6,3.78,,FR1,Poke,Left,243,35,87,,0,FR1
2024-07-29 00:56:25,6,3.77,1.0,FR1,Pellet,Left,243,35,88,0.95,0,FR1
2024-07-29 01:24:24,6,3.77,,FR1,Poke,Left,244,35,88,,0,FR1
2024-07-29 01:24:25,6,3.77,2.0,FR1,Pellet,Left,244,35,89,0.12,0,FR1
2024-07-29 01:41:51,6,3.77,,FR1,Poke,Left,245,35,89,,0,FR1
2024-07-29 01:41:53,6,3.77,1.0,FR1,Pellet,Left,245,35,90,0.63,0,FR1
2024-07-29 01:42:13,6,3.77,,FR1,Poke,Left,246,35,90,,0,FR1
2024-07-29 01:42:14,6,3.77,1.0,FR1,Pellet,Left,246,35,91,0.37,0,FR1
2024-07-29 01:42:37,6,3.77,,FR1,Poke,Left,247,35,91,,0,FR1
2024-07-29 01:42:38,6,3.77,1.0,FR1,Pellet,Left,247,35,92,0.69,0,FR1
2024-07-29 01:43:06,6,3.77,,FR1,Poke,Left,248,35,92,,0,FR1
2024-07-29 01:43:07,6,3.77,2.0,FR1,Pellet,Left,248,35,93,0.25,0,FR1
2024-07-29 01:43:32,6,3.77,,FR1,Poke,Left,249,35,93,,0,FR1
2024-07-29 01:43:34,6,3.78,1.0,FR1,Pellet,Left,249,35,94,0.56,0,FR1
2024-07-29 02:11:10,6,3.77,,FR1,Poke,Left,250,35,94,,0,FR1
2024-07-29 02:11:11,6,3.77,2.0,FR1,Pellet,Left,250,35,95,0.19,0,FR1
2024-07-29 02:20:08,6,3.77,,FR1,Poke,Left,251,35,95,,0,FR1
2024-07-29 02:20:11,6,3.77,,FR1,Poke,Left,252,35,95,,0,FR1
2024-07-29 02:20:12,6,3.77,,FR1,Poke,Left,253,35,95,,0,FR1
2024-07-29 02:20:36,6,3.77,,FR1,Poke,Left,254,35,95,,0,FR1
2024-07-29 02:22:08,6,3.77,,FR1,Poke,Left,255,35,95,,0,FR1
2024-07-29 02:22:11,6,3.77,,FR1,Poke,Left,256,35,95,,0,FR1
2024-07-29 02:22:13,6,3.77,,FR1,Poke,Left,257,35,95,,0,FR1
2024-07-29 02:22:26,6,3.77,,FR1,Poke,Left,258,35,95,,0,FR1
2024-07-29 02:22:31,6,3.77,,FR1,Poke,Left,258,36,95,,0,FR1
2024-07-29 02:22:33,6,3.77,,FR1,Poke,Left,258,37,95,,0,FR1
2024-07-29 02:22:34,6,3.77,,FR1,Poke,Left,258,38,95,,0,FR1
2024-07-29 02:22:42,6,3.77,,FR1,Poke,Left,258,39,95,,0,FR1
2024-07-29 02:22:45,6,3.77,,FR1,Poke,Left,259,39,95,,0,FR1
2024-07-29 02:22:46,6,3.77,,FR1,Poke,Left,260,39,95,,0,FR1
2024-07-29 02:27:32,6,3.78,1.0,FR1,Pellet,Left,260,39,96,,0,FR1
2024-07-29 02:27:57,6,3.77,,FR1,Poke,Left,261,39,96,,0,FR1
2024-07-29 02:28:20,6,3.77,,FR1,Poke,Left,262,39,96,,0,FR1
2024-07-29 02:32:15,6,3.78,1.0,FR1,Pellet,Left,262,39,97,,0,FR1
2024-07-29 02:32:31,6,3.77,,FR1,Poke,Left,263,39,97,,0,FR1
2024-07-29 02:32:31,6,3.77,,FR1,Poke,Left,264,39,97,,0,FR1
2024-07-29 02:32:36,6,3.76,2.0,FR1,Pellet,Left,264,39,98,2.66,0,FR1
2024-07-29 02:33:03,6,3.77,,FR1,Poke,Left,265,39,98,,0,FR1
2024-07-29 02:40:33,6,3.77,,FR1,Poke,Left,266,39,98,,0,FR1
2024-07-29 02:44:15,6,3.77,1.0,FR1,Pellet,Left,266,39,99,,0,FR1
2024-07-29 03:08:17,6,3.77,,FR1,Poke,Left,267,39,99,,0,FR1
2024-07-29 03:08:18,6,3.77,1.0,FR1,Pellet,Left,267,39,100,0.56,0,FR1
2024-07-29 03:08:42,6,3.77,,FR1,Poke,Left,268,39,100,,0,FR1
2024-07-29 03:08:43,6,3.77,,FR1,Poke,Left,269,39,100,,0,FR1
2024-07-29 03:08:46,6,3.77,2.0,FR1,Pellet,Left,269,39,101,0.44,0,FR1
2024-07-29 03:16:45,6,3.77,,FR1,Poke,Left,270,39,101,,0,FR1
2024-07-29 03:16:47,6,3.77,1.0,FR1,Pellet,Left,270,39,102,0.94,0,FR1
2024-07-29 03:18:37,6,3.77,,FR1,Poke,Left,270,40,102,,0,FR1
2024-07-29 03:20:40,6,3.76,,FR1,Poke,Left,271,40,102,,0,FR1
2024-07-29 03:22:22,6,3.76,,FR1,Poke,Left,272,40,102,,0,FR1
2024-07-29 03:22:25,6,3.77,,FR1,Poke,Left,273,40,102,,0,FR1
2024-07-29 03:22:28,6,3.77,,FR1,Poke,Left,274,40,102,,0,FR1
2024-07-29 03:25:03,6,3.77,1.0,FR1,Pellet,Left,274,40,103,,0,FR1
2024-07-29 03:27:15,6,3.77,,FR1,Poke,Left,275,40,103,,0,FR1
2024-07-29 03:28:29,6,3.76,,FR1,Poke,Left,276,40,103,,0,FR1
2024-07-29 03:28:30,6,3.76,,FR1,Poke,Left,277,40,103,,0,FR1
2024-07-29 03:28:48,6,3.77,,FR1,Poke,Left,278,40,103,,0,FR1
2024-07-29 03:28:55,6,3.76,,FR1,Poke,Left,278,41,103,,0,FR1
2024-07-29 03:28:58,6,3.77,,FR1,Poke,Left,279,41,103,,0,FR1
2024-07-29 03:28:59,6,3.77,,FR1,Poke,Left,280,41,103,,0,FR1
2024-07-29 03:29:01,6,3.77,,FR1,Poke,Left,281,41,103,,0,FR1
2024-07-29 03:29:02,6,3.77,,FR1,Poke,Left,282,41,103,,0,FR1
2024-07-29 03:29:05,6,3.77,,FR1,Poke,Left,283,41,103,,0,FR1
2024-07-29 03:30:31,6,3.77,,FR1,Poke,Left,284,41,103,,0,FR1
2024-07-29 03:30:37,6,3.76,,FR1,Poke,Left,285,41,103,,0,FR1
2024-07-29 03:30:40,6,3.76,,FR1,Poke,Left,286,41,103,,0,FR1
2024-07-29 03:31:04,6,3.77,1.0,FR1,Pellet,Left,286,41,104,,0,FR1
2024-07-29 03:31:20,6,3.77,,FR1,Poke,Left,287,41,104,,0,FR1
2024-07-29 03:31:25,6,3.77,1.0,FR1,Pellet,Left,287,41,105,3.61,0,FR1
2024-07-29 03:31:41,6,3.77,,FR1,Poke,Left,288,41,105,,0,FR1
2024-07-29 03:37:46,6,3.77,,FR1,Poke,Left,289,41,105,,0,FR1
2024-07-29 03:38:35,6,3.76,,FR1,Poke,Left,290,41,105,,0,FR1
2024-07-29 03:38:38,6,3.77,,FR1,Poke,Left,291,41,105,,0,FR1
2024-07-29 03:41:16,6,3.77,,FR1,Poke,Left,292,41,105,,0,FR1
2024-07-29 03:44:51,6,3.76,,FR1,Poke,Left,293,41,105,,0,FR1
2024-07-29 03:45:00,6,3.77,,FR1,Poke,Left,293,42,105,,0,FR1
2024-07-29 03:45:03,6,3.77,,FR1,Poke,Left,293,43,105,,0,FR1
2024-07-29 03:54:04,6,3.77,2.0,FR1,Pellet,Left,293,43,106,,0,FR1
2024-07-29 03:54:25,6,3.77,,FR1,Poke,Left,294,43,106,,0,FR1
2024-07-29 03:54:27,6,3.76,1.0,FR1,Pellet,Left,294,43,107,0.5,0,FR1
2024-07-29 03:54:43,6,3.77,,FR1,Poke,Left,295,43,107,,0,FR1
2024-07-29 03:54:43,6,3.77,,FR1,Poke,Left,296,43,107,,0,FR1
2024-07-29 03:54:44,6,3.76,,FR1,Poke,Left,297,43,107,,0,FR1
2024-07-29 03:54:44,6,3.77,,FR1,Poke,Left,298,43,107,,0,FR1
2024-07-29 03:54:47,6,3.76,3.0,FR1,Pellet,Left,298,43,108,0.06,0,FR1
2024-07-29 03:55:08,6,3.75,,FR1,Poke,Left,299,43,108,,0,FR1
2024-07-29 03:55:10,6,3.77,1.0,FR1,Pellet,Left,299,43,109,0.63,0,FR1
2024-07-29 03:55:27,6,3.76,,FR1,Poke,Left,300,43,109,,0,FR1
2024-07-29 04:00:02,6,3.77,,FR1,Poke,Left,301,43,109,,0,FR1
2024-07-29 04:00:13,6,3.76,,FR1,Poke,Left,302,43,109,,0,FR1
2024-07-29 04:00:15,6,3.76,,FR1,Poke,Left,303,43,109,,0,FR1
2024-07-29 04:04:51,6,3.76,1.0,FR1,Pellet,Left,303,43,110,,0,FR1
2024-07-29 04:34:43,6,3.76,,FR1,Poke,Left,304,43,110,,0,FR1
2024-07-29 04:35:10,6,3.76,1.0,FR1,Pellet,Left,304,43,111,26.14,0,FR1
2024-07-29 04:36:44,6,3.76,,FR1,Poke,Left,305,43,111,,0,FR1
2024-07-29 04:37:36,6,3.76,1.0,FR1,Pellet,Left,305,43,112,51.78,0,FR1
2024-07-29 04:42:33,6,3.76,,FR1,Poke,Left,306,43,112,,0,FR1
2024-07-29 04:42:42,6,3.76,,FR1,Poke,Left,307,43,112,,0,FR1
2024-07-29 04:42:44,6,3.76,,FR1,Poke,Left,308,43,112,,0,FR1
2024-07-29 04:42:46,6,3.76,,FR1,Poke,Left,309,43,112,,0,FR1
2024-07-29 04:46:05,6,3.76,,FR1,Poke,Left,310,43,112,,0,FR1
2024-07-29 04:46:07,6,3.76,,FR1,Poke,Left,311,43,112,,0,FR1
2024-07-29 04:53:21,6,3.76,,FR1,Poke,Left,312,43,112,,0,FR1
2024-07-29 04:53:24,6,3.76,1.0,FR1,Pellet,Left,312,43,113,,0,FR1
2024-07-29 04:53:39,6,3.76,,FR1,Poke,Left,313,43,113,,0,FR1
2024-07-29 04:55:52,6,3.76,,FR1,Poke,Left,314,43,113,,0,FR1
2024-07-29 04:55:58,6,3.76,,FR1,Poke,Left,315,43,113,,0,FR1
2024-07-29 04:57:13,6,3.76,,FR1,Poke,Left,316,43,113,,0,FR1
2024-07-29 04:57:16,6,3.76,,FR1,Poke,Left,317,43,113,,0,FR1
2024-07-29 04:57:18,6,3.76,,FR1,Poke,Left,318,43,113,,0,FR1
2024-07-29 05:00:23,6,3.76,,FR1,Poke,Left,319,43,113,,0,FR1
2024-07-29 05:00:27,6,3.76,,FR1,Poke,Left,320,43,113,,0,FR1
2024-07-29 05:03:48,6,3.76,,FR1,Poke,Left,321,43,113,,0,FR1
2024-07-29 05:03:51,6,3.76,,FR1,Poke,Left,322,43,113,,0,FR1
2024-07-29 05:04:22,6,3.76,,FR1,Poke,Left,323,43,113,,0,FR1
2024-07-29 05:05:42,6,3.76,,FR1,Poke,Left,324,43,113,,0,FR1
2024-07-29 05:05:45,6,3.76,1.0,FR1,Pellet,Left,324,43,114,,0,FR1
2024-07-29 05:08:31,6,3.76,,FR1,Poke,Left,325,43,114,,0,FR1
2024-07-29 05:08:32,6,3.76,1.0,FR1,Pellet,Left,325,43,115,0.44,0,FR1
2024-07-29 05:08:47,6,3.76,,FR1,Poke,Left,326,43,115,,0,FR1
2024-07-29 05:08:48,6,3.76,1.0,FR1,Pellet,Left,326,43,116,0.5,0,FR1
2024-07-29 05:09:05,6,3.76,,FR1,Poke,Left,327,43,116,,0,FR1
2024-07-29 05:15:07,6,3.76,,FR1,Poke,Left,328,43,116,,0,FR1
2024-07-29 05:15:08,6,3.76,,FR1,Poke,Left,329,43,116,,0,FR1
2024-07-29 05:15:14,6,3.76,,FR1,Poke,Left,329,44,116,,0,FR1
2024-07-29 05:15:16,6,3.76,,FR1,Poke,Left,330,44,116,,0,FR1
2024-07-29 05:15:18,6,3.76,,FR1,Poke,Left,331,44,116,,0,FR1
2024-07-29 05:16:46,6,3.76,,FR1,Poke,Left,332,44,116,,0,FR1
2024-07-29 05:18:27,6,3.76,,FR1,Poke,Left,333,44,116,,0,FR1
2024-07-29 05:18:30,6,3.76,,FR1,Poke,Left,334,44,116,,0,FR1
2024-07-29 05:26:42,6,3.76,1.0,FR1,Pellet,Left,334,44,117,,0,FR1
2024-07-29 05:27:15,6,3.76,,FR1,Poke,Left,335,44,117,,0,FR1
2024-07-29 05:27:17,6,3.76,1.0,FR1,Pellet,Left,335,44,118,0.88,0,FR1
2024-07-29 05:28:04,6,3.76,,FR1,Poke,Left,336,44,118,,0,FR1
2024-07-29 05:52:31,6,3.76,1.0,FR1,Pellet,Left,336,44,119,,0,FR1
2024-07-29 05:52:58,6,3.76,,FR1,Poke,Left,337,44,119,,0,FR1
2024-07-29 05:52:58,6,3.76,,FR1,Poke,Left,338,44,119,,0,FR1
2024-07-29 05:53:03,6,3.76,,FR1,Poke,Left,339,44,119,,0,FR1
2024-07-29 06:07:16,6,3.75,2.0,FR1,Pellet,Left,339,44,120,,0,FR1
2024-07-29 06:24:37,6,3.76,,FR1,Poke,Left,340,44,120,,0,FR1
2024-07-29 06:24:39,6,3.76,1.0,FR1,Pellet,Left,340,44,121,1.07,0,FR1
2024-07-29 06:40:09,6,3.76,,FR1,Poke,Left,340,45,121,,0,FR1
2024-07-29 08:16:45,6,3.75,,FR1,Poke,Left,341,45,121,,0,FR1
2024-07-29 08:16:47,6,3.75,1.0,FR1,Pellet,Left,341,45,122,0.31,0,FR1
2024-07-29 08:17:08,6,3.75,,FR1,Poke,Left,342,45,122,,0,FR1
2024-07-29 08:17:09,6,3.76,1.0,FR1,Pellet,Left,342,45,123,0.37,0,FR1
2024-07-29 08:17:39,6,3.75,,FR1,Poke,Left,343,45,123,,0,FR1
2024-07-29 08:17:40,6,3.75,1.0,FR1,Pellet,Left,343,45,124,0.5,0,FR1
2024-07-29 08:28:59,6,3.75,,FR1,Poke,Left,343,46,124,,0,FR1
2024-07-29 08:33:37,6,3.75,,FR1,Poke,Left,343,47,124,,0,FR1
2024-07-29 08:33:39,6,3.75,,FR1,Poke,Left,344,47,124,,0,FR1
2024-07-29 08:33:42,6,3.75,,FR1,Poke,Left,345,47,124,,0,FR1
2024-07-29 08:33:43,6,3.75,,FR1,Poke,Left,346,47,124,,0,FR1
2024-07-29 08:33:47,6,3.75,,FR1,Poke,Left,347,47,124,,0,FR1
2024-07-29 08:36:23,6,3.75,1.0,FR1,Pellet,Left,347,47,125,,0,FR1
2024-07-29 08:39:28,6,3.75,,FR1,Poke,Left,348,47,125,,0,FR1
2024-07-29 08:40:09,6,3.75,,FR1,Poke,Left,349,47,125,,0,FR1
2024-07-29 08:46:35,6,3.75,,FR1,Poke,Left,349,48,125,,0,FR1
2024-07-29 08:46:36,6,3.75,1.0,FR1,Pellet,Left,349,48,126,,0,FR1
2024-07-29 08:47:03,6,3.75,,FR1,Poke,Left,350,48,126,,0,FR1
2024-07-29 08:50:27,6,3.76,1.0,FR1,Pellet,Left,350,48,127,,0,FR1
2024-07-29 08:50:51,6,3.75,,FR1,Poke,Left,351,48,127,,0,FR1
2024-07-29 09:48:44,6,3.75,,FR1,Poke,Left,352,48,127,,0,FR1
2024-07-29 09:48:45,6,3.74,1.0,FR1,Pellet,Left,352,48,128,,0,FR1
2024-07-29 10:40:23,6,3.74,,FR1,Poke,Left,353,48,128,,0,FR1
2024-07-29 10:40:24,6,3.74,1.0,FR1,Pellet,Left,353,48,129,0.25,0,FR1
2024-07-29 10:41:04,6,3.74,,FR1,Poke,Left,354,48,129,,0,FR1
2024-07-29 10:41:05,6,3.74,1.0,FR1,Pellet,Left,354,48,130,0.19,0,FR1
2024-07-29 10:42:15,6,3.74,,FR1,Poke,Left,355,48,130,,0,FR1
2024-07-29 10:42:15,6,3.74,1.0,FR1,Pellet,Left,355,48,131,0.25,0,FR1
2024-07-29 10:42:42,6,3.74,,FR1,Poke,Left,356,48,131,,0,FR1
2024-07-29 10:42:43,6,3.74,2.0,FR1,Pellet,Left,356,48,132,0.37,0,FR1
2024-07-29 10:43:23,6,3.75,,FR1,Poke,Left,357,48,132,,0,FR1
2024-07-29 10:44:01,6,3.75,1.0,FR1,Pellet,Left,357,48,133,36.61,0,FR1
2024-07-29 11:43:49,6,3.74,,FR1,Poke,Left,358,48,133,,0,FR1
2024-07-29 11:43:50,6,3.74,2.0,FR1,Pellet,Left,358,48,134,0.37,0,FR1
2024-07-29 11:58:18,6,3.74,,FR1,Poke,Left,359,48,134,,0,FR1
2024-07-29 11:58:19,6,3.74,,FR1,Poke,Left,360,48,134,,0,FR1
2024-07-29 11:58:22,6,3.74,2.0,FR1,Pellet,Left,360,48,135,0.25,0,FR1
2024-07-29 11:58:45,6,3.74,,FR1,Poke,Left,361,48,135,,0,FR1
2024-07-29 11:58:46,6,3.74,1.0,FR1,Pellet,Left,361,48,136,0.31,0,FR1
2024-07-29 11:59:21,6,3.74,,FR1,Poke,Left,362,48,136,,0,FR1
2024-07-29 11:59:22,6,3.74,,FR1,Poke,Left,363,48,136,,0,FR1
2024-07-29 11:59:25,6,3.74,3.0,FR1,Pellet,Left,363,48,137,0.19,0,FR1
2024-07-29 11:59:50,6,3.74,,FR1,Poke,Left,364,48,137,,0,FR1
2024-07-29 11:59:53,6,3.74,2.0,FR1,Pellet,Left,364,48,138,0.37,0,FR1
2024-07-29 13:09:01,6,3.74,,FR1,Poke,Left,365,48,138,,0,FR1
2024-07-29 13:09:02,6,3.74,1.0,FR1,Pellet,Left,365,48,139,0.56,0,FR1
2024-07-29 13:09:28,6,3.74,,FR1,Poke,Left,366,48,139,,0,FR1
2024-07-29 13:09:30,6,3.74,1.0,FR1,Pellet,Left,366,48,140,0.82,0,FR1
2024-07-29 13:09:58,6,3.74,,FR1,Poke,Left,367,48,140,,0,FR1
2024-07-29 13:09:59,6,3.74,1.0,FR1,Pellet,Left,367,48,141,0.31,0,FR1
2024-07-29 13:57:34,6,3.73,,FR1,Poke,Left,368,48,141,,0,FR1
2024-07-29 13:57:35,6,3.74,1.0,FR1,Pellet,Left,368,48,142,0.56,0,FR1
2024-07-29 13:58:08,6,3.74,,FR1,Poke,Left,369,48,142,,0,FR1
2024-07-29 13:58:09,6,3.74,1.0,FR1,Pellet,Left,369,48,143,0.25,0,FR1
2024-07-29 13:58:35,6,3.74,,FR1,Poke,Left,370,48,143,,0,FR1
2024-07-29 13:58:36,6,3.74,1.0,FR1,Pellet,Left,370,48,144,0.88,0,FR1
2024-07-29 13:59:08,6,3.73,,FR1,Poke,Left,371,48,144,,0,FR1
2024-07-29 13:59:08,6,3.74,,FR1,Poke,Left,372,48,144,,0,FR1
2024-07-29 13:59:12,6,3.74,2.0,FR1,Pellet,Left,372,48,145,0.82,0,FR1
2024-07-29 13:59:35,6,3.74,,FR1,Poke,Left,373,48,145,,0,FR1
2024-07-29 13:59:36,6,3.74,1.0,FR1,Pellet,Left,373,48,146,0.56,0,FR1
2024-07-29 14:13:58,6,3.74,,FR1,Poke,Left,374,48,146,,0,FR1
2024-07-29 14:15:31,6,3.74,,FR1,Poke,Left,374,49,146,,0,FR1
2024-07-29 14:19:05,6,3.73,,FR1,Poke,Left,375,49,146,,0,FR1
2024-07-29 14:23:19,6,3.74,,FR1,Poke,Left,376,49,146,,0,FR1
2024-07-29 14:26:10,6,3.74,1.0,FR1,Pellet,Left,376,49,147,,0,FR1
2024-07-29 14:26:25,6,3.74,,FR1,Poke,Left,377,49,147,,0,FR1
2024-07-29 14:26:28,6,3.74,,FR1,Poke,Left,378,49,147,,0,FR1
2024-07-29 14:31:22,6,3.73,1.0,FR1,Pellet,Left,378,49,148,,0,FR1
2024-07-29 14:31:41,6,3.74,,FR1,Poke,Left,379,49,148,,0,FR1
2024-07-29 14:35:04,6,3.74,,FR1,Poke,Left,380,49,148,,0,FR1
2024-07-29 15:17:25,6,3.73,1.0,FR1,Pellet,Left,380,49,149,,0,FR1
2024-07-29 15:17:51,6,3.73,,FR1,Poke,Left,381,49,149,,0,FR1
2024-07-29 15:17:53,6,3.73,1.0,FR1,Pellet,Left,381,49,150,1.13,0,FR1
2024-07-29 15:18:18,6,3.73,,FR1,Poke,Left,382,49,150,,0,FR1
2024-07-29 15:18:19,6,3.74,1.0,FR1,Pellet,Left,382,49,151,0.37,0,FR1
2024-07-29 15:18:44,6,3.73,,FR1,Poke,Left,383,49,151,,0,FR1
2024-07-29 15:18:46,6,3.73,1.0,FR1,Pellet,Left,383,49,152,0.56,0,FR1
2024-07-29 16:11:06,6,3.73,,FR1,Poke,Left,384,49,152,,0,FR1
2024-07-29 16:11:07,6,3.73,1.0,FR1,Pellet,Left,384,49,153,0.37,0,FR1
2024-07-29 16:11:30,6,3.73,,FR1,Poke,Left,385,49,153,,0,FR1
2024-07-29 16:11:32,6,3.73,1.0,FR1,Pellet,Left,385,49,154,0.31,0,FR1
2024-07-29 16:11:59,6,3.73,,FR1,Poke,Left,386,49,154,,0,FR1
2024-07-29 16:12:00,6,3.74,1.0,FR1,Pellet,Left,386,49,155,0.31,0,FR1
2024-07-29 16:12:47,6,3.73,,FR1,Poke,Left,387,49,155,,0,FR1
2024-07-29 16:12:48,6,3.73,1.0,FR1,Pellet,Left,387,49,156,0.37,0,FR1
2024-07-29 16:32:47,6,3.73,,FR1,Poke,Left,388,49,156,,0,FR1
2024-07-29 16:32:48,6,3.73,1.0,FR1,Pellet,Left,388,49,157,0.37,0,FR1
2024-07-29 16:33:23,6,3.73,,FR1,Poke,Left,389,49,157,,0,FR1
2024-07-29 16:33:24,6,3.73,1.0,FR1,Pellet,Left,389,49,158,0.31,0,FR1
2024-07-29 16:34:26,6,3.73,,FR1,Poke,Left,390,49,158,,0,FR1
2024-07-29 16:34:27,6,3.73,1.0,FR1,Pellet,Left,390,49,159,0.56,0,FR1
2024-07-29 16:43:33,6,3.73,,FR1,Poke,Left,390,50,159,,0,FR1
2024-07-29 16:45:29,6,4.2,,FR1,Poke,Left,391,50,159,,1,FR1
2024-07-29 16:46:25,6,4.2,,FR1,Poke,Left,392,50,159,,1,FR1
2024-07-29 16:48:27,6,4.2,3.0,FR1,Pellet,Left,392,50,160,,1,FR1
2024-07-29 16:49:38,6,4.2,,FR1,Poke,Left,393,50,160,,1,FR1
2024-07-29 16:49:41,6,4.2,,FR1,Poke,Left,394,50,160,,1,FR1
2024-07-29 16:50:27,6,4.2,,FR1,Poke,Left,395,50,160,,1,FR1
2024-07-29 16:52:36,6,4.2,,FR1,Poke,Left,396,50,160,,1,FR1
2024-07-29 17:33:02,6,4.2,1.0,FR1,Pellet,Left,396,50,161,,1,FR1
2024-07-29 17:33:34,6,4.2,,FR1,Poke,Left,397,50,161,,1,FR1
2024-07-29 17:33:35,6,4.2,1.0,FR1,Pellet,Left,397,50,162,0.37,1,FR1
2024-07-29 17:34:06,6,4.2,,FR1,Poke,Left,398,50,162,,1,FR1
2024-07-29 17:34:07,6,4.2,1.0,FR1,Pellet,Left,398,50,163,0.25,1,FR1
2024-07-29 17:34:34,6,4.2,,FR1,Poke,Left,399,50,163,,1,FR1
2024-07-29 17:34:35,6,4.2,,FR1,Poke,Left,400,50,163,,1,FR1
2024-07-29 17:34:36,6,4.19,1.0,FR1,Pellet,Left,400,50,164,0.69,1,FR1
2024-07-29 17:42:12,6,4.2,,FR1,Poke,Left,401,50,164,,1,FR1
2024-07-29 17:42:14,6,4.2,2.0,FR1,Pellet,Left,401,50,165,0.25,1,FR1
2024-07-29 17:46:56,6,4.2,,FR1,Poke,Left,402,50,165,,1,FR1
2024-07-29 17:46:58,6,4.2,2.0,FR1,Pellet,Left,402,50,166,0.37,1,FR1
2024-07-29 17:47:32,6,4.2,,FR1,Poke,Left,403,50,166,,1,FR1
2024-07-29 17:47:33,6,4.2,1.0,FR1,Pellet,Left,403,50,167,0.82,1,FR1
2024-07-29 17:48:15,6,4.2,,FR1,Poke,Left,404,50,167,,1,FR1
2024-07-29 17:48:15,6,4.2,1.0,FR1,Pellet,Left,404,50,168,0.19,1,FR1
2024-07-29 17:48:42,6,4.18,,FR1,Poke,Left,405,50,168,,1,FR1
2024-07-29 17:48:42,6,4.2,,FR1,Poke,Left,406,50,168,,1,FR1
2024-07-29 17:48:46,6,4.19,2.0,FR1,Pellet,Left,406,50,169,0.5,1,FR1
2024-07-29 17:49:03,6,4.2,,FR1,Poke,Left,407,50,169,,1,FR1
2024-07-29 17:49:03,6,4.2,,FR1,Poke,Left,408,50,169,,1,FR1
2024-07-29 17:49:06,6,4.2,3.0,FR1,Pellet,Left,408,50,170,0.19,1,FR1
2024-07-29 17:49:31,6,4.2,,FR1,Poke,Left,409,50,170,,1,FR1
2024-07-29 17:49:31,6,4.2,,FR1,Poke,Left,410,50,170,,1,FR1
2024-07-29 17:49:45,6,4.2,3.0,FR1,Pellet,Left,410,50,171,9.32,1,FR1
2024-07-29 18:03:24,6,4.18,,FR1,Poke,Left,411,50,171,,1,FR1
2024-07-29 18:03:26,6,4.2,1.0,FR1,Pellet,Left,411,50,172,0.63,1,FR1
2024-07-29 18:14:14,6,4.2,,FR1,Poke,Left,412,50,172,,1,FR1
2024-07-29 18:14:15,6,4.2,1.0,FR1,Pellet,Left,412,50,173,0.44,1,FR1
2024-07-29 18:14:42,6,4.2,,FR1,Poke,Left,413,50,173,,1,FR1
2024-07-29 18:14:45,6,4.19,2.0,FR1,Pellet,Left,413,50,174,0.25,1,FR1
2024-07-29 18:18:20,6,4.2,,FR1,Poke,Left,414,50,174,,1,FR1
2024-07-29 18:18:22,6,4.2,1.0,FR1,Pellet,Left,414,50,175,0.44,1,FR1
2024-07-29 18:20:31,6,4.2,,FR1,Poke,Left,415,50,175,,1,FR1
2024-07-29 18:20:32,6,4.19,1.0,FR1,Pellet,Left,415,50,176,0.56,1,FR1
2024-07-29 18:20:54,6,4.2,,FR1,Poke,Left,416,50,176,,1,FR1
2024-07-29 18:20:56,6,4.19,2.0,FR1,Pellet,Left,416,50,177,1.2,1,FR1
2024-07-29 18:21:27,6,4.2,,FR1,Poke,Left,417,50,177,,1,FR1
2024-07-29 18:21:28,6,4.2,1.0,FR1,Pellet,Left,417,50,178,0.31,1,FR1
2024-07-29 18:39:40,6,4.19,,FR1,Poke,Left,418,50,178,,1,FR1
2024-07-29 18:49:43,6,4.2,1.0,FR1,Pellet,Left,418,50,179,,1,FR1
2024-07-29 18:50:09,6,4.2,,FR1,Poke,Left,419,50,179,,1,FR1
2024-07-29 18:50:23,6,4.19,2.0,FR1,Pellet,Left,419,50,180,11.42,1,FR1
2024-07-29 18:51:02,6,4.19,,FR1,Poke,Left,420,50,180,,1,FR1
2024-07-29 18:51:03,6,4.2,1.0,FR1,Pellet,Left,420,50,181,0.37,1,FR1
2024-07-29 18:51:34,6,4.19,,FR1,Poke,Left,421,50,181,,1,FR1
2024-07-29 18:51:35,6,4.19,,FR1,Poke,Left,422,50,181,,1,FR1
2024-07-29 18:51:48,6,4.19,3.0,FR1,Pellet,Left,422,50,182,8.44,1,FR1
2024-07-29 18:54:46,6,4.2,,FR1,Poke,Left,423,50,182,,1,FR1
2024-07-29 18:54:47,6,4.2,,FR1,Poke,Left,424,50,182,,1,FR1
2024-07-29 18:54:48,6,4.2,1.0,FR1,Pellet,Left,424,50,183,1.31,1,FR1
2024-07-29 18:55:10,6,4.2,,FR1,Poke,Left,425,50,183,,1,FR1
2024-07-29 18:55:11,6,4.19,1.0,FR1,Pellet,Left,425,50,184,0.31,1,FR1
2024-07-29 18:56:37,6,4.19,,FR1,Poke,Left,425,51,184,,1,FR1
2024-07-29 18:56:37,6,4.2,,FR1,Poke,Left,425,52,184,,1,FR1
2024-07-29 18:56:39,6,4.19,,FR1,Poke,Left,425,53,184,,1,FR1
2024-07-29 18:56:42,6,4.19,,FR1,Poke,Left,426,53,184,,1,FR1
2024-07-29 18:56:43,6,4.2,,FR1,Poke,Left,427,53,184,,1,FR1
2024-07-29 18:56:48,6,4.2,,FR1,Poke,Left,428,53,184,,1,FR1
2024-07-29 18:58:22,6,4.19,,FR1,Poke,Left,429,53,184,,1,FR1
2024-07-29 18:58:37,6,4.2,,FR1,Poke,Left,430,53,184,,1,FR1
2024-07-29 18:58:47,6,4.19,,FR1,Poke,Left,430,54,184,,1,FR1
2024-07-29 18:59:36,6,4.19,,FR1,Poke,Left,431,54,184,,1,FR1
2024-07-29 19:00:16,6,4.2,,FR1,Poke,Left,432,54,184,,1,FR1
2024-07-29 19:00:21,6,4.2,,FR1,Poke,Left,432,55,184,,1,FR1
2024-07-29 19:01:10,6,4.2,,FR1,Poke,Left,433,55,184,,1,FR1
2024-07-29 19:01:39,6,4.19,,FR1,Poke,Left,434,55,184,,1,FR1
2024-07-29 19:01:42,6,4.2,,FR1,Poke,Left,435,55,184,,1,FR1
2024-07-29 19:01:43,6,4.19,,FR1,Poke,Left,436,55,184,,1,FR1
2024-07-29 19:14:00,6,4.2,2.0,FR1,Pellet,Left,436,55,185,,1,FR1
2024-07-29 19:14:37,6,4.19,,FR1,Poke,Left,437,55,185,,1,FR1
2024-07-29 19:14:37,6,4.18,,FR1,Poke,Left,438,55,185,,1,FR1
2024-07-29 19:14:41,6,4.19,2.0,FR1,Pellet,Left,438,55,186,0.75,1,FR1
2024-07-29 19:15:03,6,4.2,,FR1,Poke,Left,439,55,186,,1,FR1
2024-07-29 19:15:04,6,4.2,1.0,FR1,Pellet,Left,439,55,187,0.44,1,FR1
2024-07-29 19:15:25,6,4.2,,FR1,Poke,Left,440,55,187,,1,FR1
2024-07-29 19:15:26,6,4.19,1.0,FR1,Pellet,Left,440,55,188,0.25,1,FR1
2024-07-29 19:24:13,6,4.2,,FR1,Poke,Left,441,55,188,,1,FR1
2024-07-29 19:24:14,6,4.19,1.0,FR1,Pellet,Left,441,55,189,0.25,1,FR1
2024-07-29 19:24:59,6,4.2,,FR1,Poke,Left,442,55,189,,1,FR1
2024-07-29 19:25:00,6,4.2,1.0,FR1,Pellet,Left,442,55,190,0.44,1,FR1
2024-07-29 19:25:31,6,4.19,,FR1,Poke,Left,443,55,190,,1,FR1
2024-07-29 19:25:32,6,4.19,,FR1,Poke,Left,444,55,190,,1,FR1
2024-07-29 19:25:35,6,4.19,2.0,FR1,Pellet,Left,444,55,191,0.19,1,FR1
2024-07-29 19:25:51,6,4.2,,FR1,Poke,Left,445,55,191,,1,FR1
2024-07-29 19:25:52,6,4.19,1.0,FR1,Pellet,Left,445,55,192,0.75,1,FR1
2024-07-29 19:26:21,6,4.2,,FR1,Poke,Left,446,55,192,,1,FR1
2024-07-29 19:26:23,6,4.2,1.0,FR1,Pellet,Left,446,55,193,0.44,1,FR1
2024-07-29 19:35:45,6,4.19,,FR1,Poke,Left,447,55,193,,1,FR1
2024-07-29 19:35:45,6,4.19,,FR1,Poke,Left,448,55,193,,1,FR1
2024-07-29 19:35:48,6,4.19,2.0,FR1,Pellet,Left,448,55,194,0.5,1,FR1
2024-07-29 19:36:08,6,4.2,,FR1,Poke,Left,449,55,194,,1,FR1
2024-07-29 19:36:10,6,4.19,1.0,FR1,Pellet,Left,449,55,195,1.01,1,FR1
2024-07-29 19:36:33,6,4.19,,FR1,Poke,Left,450,55,195,,1,FR1
2024-07-29 19:36:34,6,4.19,,FR1,Poke,Left,451,55,195,,1,FR1
2024-07-29 19:36:37,6,4.19,3.0,FR1,Pellet,Left,451,55,196,0.5,1,FR1
2024-07-29 19:36:56,6,4.19,,FR1,Poke,Left,452,55,196,,1,FR1
2024-07-29 19:36:57,6,4.19,1.0,FR1,Pellet,Left,452,55,197,0.37,1,FR1
2024-07-29 19:48:19,6,4.19,,FR1,Poke,Left,453,55,197,,1,FR1
2024-07-29 19:48:21,6,4.19,1.0,FR1,Pellet,Left,453,55,198,0.5,1,FR1
2024-07-29 19:48:39,6,4.19,,FR1,Poke,Left,454,55,198,,1,FR1
2024-07-29 19:48:40,6,4.19,1.0,FR1,Pellet,Left,454,55,199,0.25,1,FR1
2024-07-29 19:49:03,6,4.19,,FR1,Poke,Left,455,55,199,,1,FR1
2024-07-29 19:49:03,6,4.19,,FR1,Poke,Left,456,55,199,,1,FR1
2024-07-29 19:49:18,6,4.19,3.0,FR1,Pellet,Left,456,55,200,9.77,1,FR1
2024-07-29 19:49:57,6,4.19,,FR1,Poke,Left,457,55,200,,1,FR1
2024-07-29 19:50:14,6,4.19,2.0,FR1,Pellet,Left,457,55,201,13.77,1,FR1
2024-07-29 19:51:53,6,4.2,,FR1,Poke,Left,457,56,201,,1,FR1
2024-07-29 19:52:08,6,4.19,,FR1,Poke,Left,458,56,201,,1,FR1
2024-07-29 19:58:08,6,4.19,,FR1,Poke,Left,459,56,201,,1,FR1
2024-07-29 19:58:19,6,4.19,,FR1,Poke,Left,459,57,201,,1,FR1
2024-07-29 20:01:05,6,4.2,,FR1,Poke,Left,460,57,201,,1,FR1
2024-07-29 20:01:16,6,4.19,,FR1,Poke,Left,461,57,201,,1,FR1
2024-07-29 20:04:51,6,4.19,,FR1,Poke,Left,461,58,201,,1,FR1
2024-07-29 20:05:33,6,4.19,,FR1,Poke,Left,462,58,201,,1,FR1
2024-07-29 20:05:49,6,4.19,,FR1,Poke,Left,463,58,201,,1,FR1
2024-07-29 20:07:52,6,4.19,1.0,FR1,Pellet,Left,463,58,202,,1,FR1
2024-07-29 20:08:19,6,4.19,,FR1,Poke,Left,464,58,202,,1,FR1
2024-07-29 20:08:20,6,4.19,,FR1,Poke,Left,465,58,202,,1,FR1
2024-07-29 20:08:24,6,4.19,,FR1,Poke,Left,466,58,202,,1,FR1
2024-07-29 20:12:26,6,4.19,1.0,FR1,Pellet,Left,466,58,203,,1,FR1
2024-07-29 20:12:48,6,4.19,,FR1,Poke,Left,467,58,203,,1,FR1
2024-07-29 20:12:50,6,4.19,1.0,FR1,Pellet,Left,467,58,204,0.75,1,FR1
2024-07-29 20:33:40,6,4.18,,FR1,Poke,Left,468,58,204,,1,FR1
2024-07-29 20:33:41,6,4.18,1.0,FR1,Pellet,Left,468,58,205,0.31,1,FR1
2024-07-29 20:34:00,6,4.18,,FR1,Poke,Left,469,58,205,,1,FR1
2024-07-29 20:34:02,6,4.19,1.0,FR1,Pellet,Left,469,58,206,0.56,1,FR1
2024-07-29 20:34:17,6,4.19,,FR1,Poke,Left,470,58,206,,1,FR1
2024-07-29 20:34:18,6,4.18,1.0,FR1,Pellet,Left,470,58,207,0.25,1,FR1
2024-07-29 20:34:39,6,4.19,,FR1,Poke,Left,471,58,207,,1,FR1
2024-07-29 20:34:40,6,4.19,1.0,FR1,Pellet,Left,471,58,208,0.31,1,FR1
2024-07-29 20:34:58,6,4.19,,FR1,Poke,Left,472,58,208,,1,FR1
2024-07-29 20:34:59,6,4.19,1.0,FR1,Pellet,Left,472,58,209,0.31,1,FR1
2024-07-29 20:35:22,6,4.19,,FR1,Poke,Left,473,58,209,,1,FR1
2024-07-29 20:35:25,6,4.19,2.0,FR1,Pellet,Left,473,58,210,1.51,1,FR1
2024-07-29 20:35:53,6,4.19,,FR1,Poke,Left,474,58,210,,1,FR1
2024-07-29 20:35:54,6,4.18,1.0,FR1,Pellet,Left,474,58,211,0.19,1,FR1
2024-07-29 20:36:15,6,4.19,,FR1,Poke,Left,475,58,211,,1,FR1
2024-07-29 20:36:16,6,4.19,2.0,FR1,Pellet,Left,475,58,212,0.06,1,FR1
2024-07-29 20:36:55,6,4.19,,FR1,Poke,Left,476,58,212,,1,FR1
2024-07-29 20:36:56,6,4.18,1.0,FR1,Pellet,Left,476,58,213,0.25,1,FR1
2024-07-29 20:38:29,6,4.19,,FR1,Poke,Left,476,59,213,,1,FR1
2024-07-29 20:38:33,6,4.19,,FR1,Poke,Left,477,59,213,,1,FR1
2024-07-29 20:47:59,6,4.19,,FR1,Poke,Left,478,59,213,,1,FR1
2024-07-29 20:50:05,6,4.19,,FR1,Poke,Left,479,59,213,,1,FR1
2024-07-29 20:55:46,6,4.19,,FR1,Poke,Left,480,59,213,,1,FR1
2024-07-29 20:55:54,6,4.19,,FR1,Poke,Left,481,59,213,,1,FR1
2024-07-29 20:55:56,6,4.19,,FR1,Poke,Left,482,59,213,,1,FR1
2024-07-29 20:55:57,6,4.19,,FR1,Poke,Left,483,59,213,,1,FR1
2024-07-29 20:58:31,6,4.19,2.0,FR1,Pellet,Left,483,59,214,,1,FR1
2024-07-29 21:06:49,6,4.18,,FR1,Poke,Left,484,59,214,,1,FR1
2024-07-29 21:06:53,6,4.19,,FR1,Poke,Left,485,59,214,,1,FR1
2024-07-29 21:08:13,6,4.19,1.0,FR1,Pellet,Left,485,59,215,,1,FR1
2024-07-29 21:09:32,6,4.18,,FR1,Poke,Left,486,59,215,,1,FR1
2024-07-29 21:18:40,6,4.18,,FR1,Poke,Left,487,59,215,,1,FR1
2024-07-29 21:18:43,6,4.19,,FR1,Poke,Left,488,59,215,,1,FR1
2024-07-29 21:19:14,6,4.18,,FR1,Poke,Left,488,60,215,,1,FR1
2024-07-29 21:19:16,6,4.18,,FR1,Poke,Left,488,61,215,,1,FR1
2024-07-29 21:19:17,6,4.19,,FR1,Poke,Left,488,62,215,,1,FR1
2024-07-29 21:19:20,6,4.18,,FR1,Poke,Left,488,63,215,,1,FR1
2024-07-29 21:19:24,6,4.18,1.0,FR1,Pellet,Left,488,63,216,,1,FR1
2024-07-29 21:19:46,6,4.18,,FR1,Poke,Left,489,63,216,,1,FR1
2024-07-29 21:19:46,6,4.19,,FR1,Poke,Left,490,63,216,,1,FR1
2024-07-29 21:21:58,6,4.18,2.0,FR1,Pellet,Left,490,63,217,,1,FR1
2024-07-29 21:22:34,6,4.18,,FR1,Poke,Left,491,63,217,,1,FR1
2024-07-29 21:25:42,6,4.19,,FR1,Poke,Left,492,63,217,,1,FR1
2024-07-29 21:26:04,6,4.18,,FR1,Poke,Left,492,64,217,,1,FR1
2024-07-29 21:27:58,6,4.18,1.0,FR1,Pellet,Left,492,64,218,,1,FR1
2024-07-29 21:29:20,6,4.18,,FR1,Poke,Left,492,65,218,,1,FR1
2024-07-29 21:29:28,6,4.19,,FR1,Poke,Left,492,66,218,,1,FR1
2024-07-29 21:29:43,6,4.19,,FR1,Poke,Left,493,66,218,,1,FR1
2024-07-29 21:29:44,6,4.18,,FR1,Poke,Left,494,66,218,,1,FR1
2024-07-29 21:29:45,6,4.19,,FR1,Poke,Left,495,66,218,,1,FR1
2024-07-29 21:30:21,6,4.18,,FR1,Poke,Left,495,67,218,,1,FR1
2024-07-29 21:36:57,6,4.18,2.0,FR1,Pellet,Left,495,67,219,,1,FR1
2024-07-29 21:37:14,6,4.18,,FR1,Poke,Left,496,67,219,,1,FR1
2024-07-29 21:37:16,6,4.18,1.0,FR1,Pellet,Left,496,67,220,0.63,1,FR1
2024-07-29 21:39:17,6,4.19,,FR1,Poke,Left,497,67,220,,1,FR1
2024-07-29 21:40:01,6,4.18,1.0,FR1,Pellet,Left,497,67,221,43.66,1,FR1
2024-07-29 21:43:20,6,4.18,,FR1,Poke,Left,497,68,221,,1,FR1
2024-07-29 21:43:28,6,4.18,,FR1,Poke,Left,498,68,221,,1,FR1
2024-07-29 21:43:29,6,4.19,,FR1,Poke,Left,499,68,221,,1,FR1
2024-07-29 21:43:33,6,4.18,2.0,FR1,Pellet,Left,499,68,222,1.7,1,FR1
2024-07-29 21:43:54,6,4.18,,FR1,Poke,Left,500,68,222,,1,FR1
2024-07-29 21:43:55,6,4.18,1.0,FR1,Pellet,Left,500,68,223,0.56,1,FR1
2024-07-29 21:44:12,6,4.19,,FR1,Poke,Left,501,68,223,,1,FR1
2024-07-29 22:04:56,6,4.18,1.0,FR1,Pellet,Left,501,68,224,,1,FR1
2024-07-29 22:05:15,6,4.18,,FR1,Poke,Left,502,68,224,,1,FR1
2024-07-29 22:05:16,6,4.18,1.0,FR1,Pellet,Left,502,68,225,0.31,1,FR1
2024-07-29 22:05:36,6,4.18,,FR1,Poke,Left,503,68,225,,1,FR1
2024-07-29 22:05:37,6,4.18,1.0,FR1,Pellet,Left,503,68,226,0.44,1,FR1
2024-07-29 22:05:57,6,4.18,,FR1,Poke,Left,504,68,226,,1,FR1
2024-07-29 22:05:59,6,4.18,1.0,FR1,Pellet,Left,504,68,227,0.63,1,FR1
2024-07-29 23:03:52,6,4.18,,FR1,Poke,Left,505,68,227,,1,FR1
2024-07-29 23:03:53,6,4.18,1.0,FR1,Pellet,Left,505,68,228,0.44,1,FR1
2024-07-29 23:04:10,6,4.19,,FR1,Poke,Left,506,68,228,,1,FR1
2024-07-29 23:04:11,6,4.18,1.0,FR1,Pellet,Left,506,68,229,0.56,1,FR1
2024-07-29 23:04:41,6,4.18,,FR1,Poke,Left,507,68,229,,1,FR1
2024-07-29 23:04:42,6,4.18,1.0,FR1,Pellet,Left,507,68,230,0.25,1,FR1
2024-07-29 23:05:06,6,4.18,,FR1,Poke,Left,508,68,230,,1,FR1
2024-07-29 23:05:07,6,4.18,1.0,FR1,Pellet,Left,508,68,231,0.37,1,FR1
2024-07-29 23:05:56,6,4.18,,FR1,Poke,Left,509,68,231,,1,FR1
2024-07-29 23:19:57,6,4.18,1.0,FR1,Pellet,Left,509,68,232,,1,FR1
2024-07-29 23:20:14,6,4.18,,FR1,Poke,Left,510,68,232,,1,FR1
2024-07-29 23:20:15,6,4.18,1.0,FR1,Pellet,Left,510,68,233,0.25,1,FR1
2024-07-29 23:20:34,6,4.18,,FR1,Poke,Left,511,68,233,,1,FR1
2024-07-29 23:20:35,6,4.18,2.0,FR1,Pellet,Left,511,68,234,0.06,1,FR1
2024-07-29 23:20:54,6,4.18,,FR1,Poke,Left,512,68,234,,1,FR1
2024-07-29 23:20:55,6,4.18,1.0,FR1,Pellet,Left,512,68,235,0.31,1,FR1
2024-07-29 23:34:12,6,4.18,,FR1,Poke,Left,513,68,235,,1,FR1
2024-07-29 23:34:32,6,4.18,2.0,FR1,Pellet,Left,513,68,236,16.33,1,FR1
2024-07-29 23:47:17,6,4.18,,FR1,Poke,Left,514,68,236,,1,FR1
2024-07-29 23:47:36,6,4.18,2.0,FR1,Pellet,Left,514,68,237,16.2,1,FR1
2024-07-29 23:47:55,6,4.18,,FR1,Poke,Left,515,68,237,,1,FR1
2024-07-29 23:47:55,6,4.18,,FR1,Poke,Left,516,68,237,,1,FR1
2024-07-29 23:48:10,6,4.18,3.0,FR1,Pellet,Left,516,68,238,9.96,1,FR1
2024-07-29 23:50:27,6,4.18,,FR1,Poke,Left,516,69,238,,1,FR1
2024-07-29 23:50:40,6,4.18,,FR1,Poke,Left,517,69,238,,1,FR1
2024-07-29 23:51:28,6,4.18,1.0,FR1,Pellet,Left,517,69,239,47.51,1,FR1
2024-07-29 23:52:11,6,4.18,,FR1,Poke,Left,517,70,239,,1,FR1
2024-07-29 23:53:07,6,4.18,,FR1,Poke,Left,518,70,239,,1,FR1
2024-07-29 23:53:07,6,4.18,,FR1,Poke,Left,519,70,239,,1,FR1
2024-07-29 23:53:11,6,4.18,,FR1,Poke,Left,520,70,239,,1,FR1
2024-07-29 23:53:24,6,4.18,2.0,FR1,Pellet,Left,520,70,240,14.24,1,FR1
2024-07-30 00:07:21,6,4.18,,FR1,Poke,Left,521,70,240,,1,FR1
2024-07-30 00:08:24,6,4.18,,FR1,Poke,Left,522,70,240,,1,FR1
2024-07-30 00:13:22,6,4.18,,FR1,Poke,Left,523,70,240,,1,FR1
2024-07-30 00:13:35,6,4.18,1.0,FR1,Pellet,Left,523,70,241,,1,FR1
2024-07-30 00:17:50,6,4.18,,FR1,Poke,Left,523,71,241,,1,FR1
2024-07-30 00:19:52,6,4.18,,FR1,Poke,Left,524,71,241,,1,FR1
2024-07-30 00:19:59,6,4.18,1.0,FR1,Pellet,Left,524,71,242,6.78,1,FR1
2024-07-30 00:24:40,6,4.18,,FR1,Poke,Left,524,72,242,,1,FR1
2024-07-30 00:25:44,6,4.18,,FR1,Poke,Left,525,72,242,,1,FR1
2024-07-30 00:26:16,6,4.18,1.0,FR1,Pellet,Left,525,72,243,31.64,1,FR1
2024-07-30 00:30:41,6,4.18,,FR1,Poke,Left,526,72,243,,1,FR1
2024-07-30 00:30:42,6,4.18,1.0,FR1,Pellet,Left,526,72,244,0.82,1,FR1
2024-07-30 00:31:30,6,4.18,,FR1,Poke,Left,527,72,244,,1,FR1
2024-07-30 00:31:32,6,4.18,,FR1,Poke,Left,528,72,244,,1,FR1
2024-07-30 00:37:14,6,4.18,,FR1,Poke,Left,529,72,244,,1,FR1
2024-07-30 00:37:27,6,4.18,,FR1,Poke,Left,530,72,244,,1,FR1
2024-07-30 00:37:31,6,4.18,,FR1,Poke,Left,530,73,244,,1,FR1
2024-07-30 00:37:46,6,4.18,,FR1,Poke,Left,531,73,244,,1,FR1
2024-07-30 00:37:48,6,4.18,,FR1,Poke,Left,532,73,244,,1,FR1
2024-07-30 00:45:57,6,4.18,1.0,FR1,Pellet,Left,532,73,245,,1,FR1
2024-07-30 00:56:42,6,4.18,,FR1,Poke,Left,532,74,245,,1,FR1
2024-07-30 00:56:46,6,4.18,,FR1,Poke,Left,533,74,245,,1,FR1
2024-07-30 00:56:58,6,4.18,1.0,FR1,Pellet,Left,533,74,246,10.79,1,FR1
2024-07-30 00:57:18,6,4.18,,FR1,Poke,Left,534,74,246,,1,FR1
2024-07-30 00:57:20,6,4.18,,FR1,Poke,Left,535,74,246,,1,FR1
2024-07-30 00:57:37,6,4.17,,FR1,Poke,Left,535,75,246,,1,FR1
2024-07-30 01:10:25,6,4.18,,FR1,Poke,Left,536,75,246,,1,FR1
2024-07-30 01:10:27,6,4.18,,FR1,Poke,Left,537,75,246,,1,FR1
2024-07-30 01:10:48,6,4.18,1.0,FR1,Pellet,Left,537,75,247,,1,FR1
2024-07-30 01:11:49,6,4.18,,FR1,Poke,Left,538,75,247,,1,FR1
2024-07-30 01:11:50,6,4.18,,FR1,Poke,Left,539,75,247,,1,FR1
2024-07-30 01:11:50,6,4.18,,FR1,Poke,Left,540,75,247,,1,FR1
2024-07-30 01:11:53,6,4.17,,FR1,Poke,Left,541,75,247,,1,FR1
2024-07-30 01:11:54,6,4.17,2.0,FR1,Pellet,Left,541,75,248,0.82,1,FR1
2024-07-30 01:12:11,6,4.18,,FR1,Poke,Left,542,75,248,,1,FR1
2024-07-30 01:12:11,6,4.17,,FR1,Poke,Left,543,75,248,,1,FR1
2024-07-30 01:12:12,6,4.18,,FR1,Poke,Left,544,75,248,,1,FR1
2024-07-30 01:12:16,6,4.18,3.0,FR1,Pellet,Left,544,75,249,1.01,1,FR1
2024-07-30 01:12:33,6,4.18,,FR1,Poke,Left,545,75,249,,1,FR1
2024-07-30 01:12:34,6,4.18,1.0,FR1,Pellet,Left,545,75,250,0.31,1,FR1
2024-07-30 01:15:18,6,4.18,,FR1,Poke,Left,545,76,250,,1,FR1
2024-07-30 01:15:19,6,4.18,,FR1,Poke,Left,546,76,250,,1,FR1
2024-07-30 01:15:35,6,4.18,1.0,FR1,Pellet,Left,546,76,251,14.54,1,FR1
2024-07-30 01:22:30,6,4.18,,FR1,Poke,Left,547,76,251,,1,FR1
2024-07-30 01:22:41,6,4.17,1.0,FR1,Pellet,Left,547,76,252,10.54,1,FR1
2024-07-30 01:29:09,6,4.18,,FR1,Poke,Left,548,76,252,,1,FR1
2024-07-30 01:29:13,6,4.18,,FR1,Poke,Left,549,76,252,,1,FR1
2024-07-30 01:29:13,6,4.18,,FR1,Poke,Left,550,76,252,,1,FR1
2024-07-30 01:44:28,6,4.17,1.0,FR1,Pellet,Left,550,76,253,,1,FR1
2024-07-30 01:52:48,6,4.18,,FR1,Poke,Left,551,76,253,,1,FR1
2024-07-30 01:57:52,6,4.18,,FR1,Poke,Left,552,76,253,,1,FR1
2024-07-30 01:57:54,6,4.16,,FR1,Poke,Left,553,76,253,,1,FR1
2024-07-30 01:58:10,6,4.17,,FR1,Poke,Left,554,76,253,,1,FR1
2024-07-30 01:58:12,6,4.17,,FR1,Poke,Left,555,76,253,,1,FR1
2024-07-30 01:58:15,6,4.18,,FR1,Poke,Left,556,76,253,,1,FR1
2024-07-30 01:58:27,6,4.17,,FR1,Poke,Left,556,77,253,,1,FR1
2024-07-30 01:58:31,6,4.18,,FR1,Poke,Left,556,78,253,,1,FR1
2024-07-30 01:58:33,6,4.18,1.0,FR1,Pellet,Left,556,78,254,,1,FR1
2024-07-30 01:58:58,6,4.18,,FR1,Poke,Left,557,78,254,,1,FR1
2024-07-30 02:00:01,6,4.18,1.0,FR1,Pellet,Left,557,78,255,,1,FR1
2024-07-30 02:12:23,6,4.17,,FR1,Poke,Left,558,78,255,,1,FR1
2024-07-30 02:13:02,6,4.16,1.0,FR1,Pellet,Left,558,78,256,37.89,1,FR1
2024-07-30 03:32:36,6,4.17,,FR1,Poke,Left,559,78,256,,1,FR1
2024-07-30 03:32:37,6,4.17,1.0,FR1,Pellet,Left,559,78,257,0.5,1,FR1
2024-07-30 03:32:55,6,4.18,,FR1,Poke,Left,560,78,257,,1,FR1
2024-07-30 03:32:56,6,4.17,2.0,FR1,Pellet,Left,560,78,258,0.37,1,FR1
2024-07-30 03:33:23,6,4.17,,FR1,Poke,Left,561,78,258,,1,FR1
2024-07-30 03:33:24,6,4.17,1.0,FR1,Pellet,Left,561,78,259,0.37,1,FR1
2024-07-30 03:33:54,6,4.17,,FR1,Poke,Left,562,78,259,,1,FR1
2024-07-30 03:33:55,6,4.17,1.0,FR1,Pellet,Left,562,78,260,0.19,1,FR1
2024-07-30 03:34:26,6,4.17,,FR1,Poke,Left,563,78,260,,1,FR1
2024-07-30 03:34:27,6,4.17,1.0,FR1,Pellet,Left,563,78,261,0.31,1,FR1
2024-07-30 04:25:26,6,4.17,,FR1,Poke,Left,564,78,261,,1,FR1
2024-07-30 04:25:28,6,4.17,1.0,FR1,Pellet,Left,564,78,262,0.5,1,FR1
2024-07-30 04:25:49,6,4.17,,FR1,Poke,Left,565,78,262,,1,FR1
2024-07-30 04:25:50,6,4.16,1.0,FR1,Pellet,Left,565,78,263,0.37,1,FR1
2024-07-30 04:26:31,6,4.17,,FR1,Poke,Left,566,78,263,,1,FR1
2024-07-30 04:26:32,6,4.16,1.0,FR1,Pellet,Left,566,78,264,0.31,1,FR1
2024-07-30 04:42:26,6,4.16,,FR1,Poke,Left,567,78,264,,1,FR1
2024-07-30 04:42:27,6,4.17,1.0,FR1,Pellet,Left,567,78,265,0.18,1,FR1
2024-07-30 04:43:00,6,4.16,,FR1,Poke,Left,568,78,265,,1,FR1
2024-07-30 04:43:01,6,4.17,1.0,FR1,Pellet,Left,568,78,266,0.37,1,FR1
2024-07-30 04:49:36,6,4.17,,FR1,Poke,Left,568,79,266,,1,FR1
2024-07-30 05:04:14,6,4.16,,FR1,Poke,Left,569,79,266,,1,FR1
2024-07-30 05:04:15,6,4.16,1.0,FR1,Pellet,Left,569,79,267,0.19,1,FR1
2024-07-30 05:04:36,6,4.17,,FR1,Poke,Left,570,79,267,,1,FR1
2024-07-30 05:04:36,6,4.16,1.0,FR1,Pellet,Left,570,79,268,0.12,1,FR1
2024-07-30 05:04:58,6,4.16,,FR1,Poke,Left,571,79,268,,1,FR1
2024-07-30 05:04:59,6,4.16,1.0,FR1,Pellet,Left,571,79,269,0.31,1,FR1
2024-07-30 05:05:16,6,4.17,,FR1,Poke,Left,572,79,269,,1,FR1
2024-07-30 05:05:17,6,4.17,1.0,FR1,Pellet,Left,572,79,270,0.37,1,FR1
2024-07-30 05:12:27,6,4.16,,FR1,Poke,Left,573,79,270,,1,FR1
2024-07-30 05:14:06,6,4.17,,FR1,Poke,Left,574,79,270,,1,FR1
2024-07-30 05:16:15,6,4.16,1.0,FR1,Pellet,Left,574,79,271,,1,FR1
2024-07-30 05:26:05,6,4.16,,FR1,Poke,Left,575,79,271,,1,FR1
2024-07-30 05:26:06,6,4.16,1.0,FR1,Pellet,Left,575,79,272,0.37,1,FR1
2024-07-30 05:26:27,6,4.16,,FR1,Poke,Left,576,79,272,,1,FR1
2024-07-30 05:26:28,6,4.17,1.0,FR1,Pellet,Left,576,79,273,0.63,1,FR1
2024-07-30 05:31:51,6,4.16,,FR1,Poke,Left,576,80,273,,1,FR1
2024-07-30 05:31:53,6,4.16,,FR1,Poke,Left,577,80,273,,1,FR1
2024-07-30 05:32:05,6,4.16,1.0,FR1,Pellet,Left,577,80,274,11.48,1,FR1
2024-07-30 05:32:29,6,4.16,,FR1,Poke,Left,578,80,274,,1,FR1
2024-07-30 05:32:29,6,4.16,,FR1,Poke,Left,579,80,274,,1,FR1
2024-07-30 05:32:30,6,4.16,,FR1,Poke,Left,580,80,274,,1,FR1
2024-07-30 05:32:33,6,4.16,2.0,FR1,Pellet,Left,580,80,275,0.88,1,FR1
2024-07-30 05:32:58,6,4.16,,FR1,Poke,Left,581,80,275,,1,FR1
2024-07-30 05:39:17,6,4.16,1.0,FR1,Pellet,Left,581,80,276,,1,FR1
2024-07-30 05:39:33,6,4.16,,FR1,Poke,Left,582,80,276,,1,FR1
2024-07-30 05:39:33,6,4.17,,FR1,Poke,Left,583,80,276,,1,FR1
2024-07-30 05:39:37,6,4.16,3.0,FR1,Pellet,Left,583,80,277,0.37,1,FR1
2024-07-30 05:39:52,6,4.16,,FR1,Poke,Left,584,80,277,,1,FR1
2024-07-30 05:39:53,6,4.16,1.0,FR1,Pellet,Left,584,80,278,0.69,1,FR1
2024-07-30 05:41:11,6,4.16,,FR1,Poke,Left,585,80,278,,1,FR1
2024-07-30 05:41:48,6,4.16,,FR1,Poke,Left,586,80,278,,1,FR1
2024-07-30 05:44:17,6,4.16,,FR1,Poke,Left,586,81,278,,1,FR1
2024-07-30 05:44:20,6,4.16,1.0,FR1,Pellet,Left,586,81,279,,1,FR1
2024-07-30 05:46:21,6,4.16,,FR1,Poke,Left,586,82,279,,1,FR1
2024-07-30 05:46:23,6,4.16,,FR1,Poke,Left,587,82,279,,1,FR1
2024-07-30 05:46:25,6,4.16,,FR1,Poke,Left,588,82,279,,1,FR1
2024-07-30 05:51:29,6,4.16,1.0,FR1,Pellet,Left,588,82,280,,1,FR1
2024-07-30 05:54:23,6,4.16,,FR1,Poke,Left,589,82,280,,1,FR1
2024-07-30 05:57:56,6,4.16,,FR1,Poke,Left,590,82,280,,1,FR1
2024-07-30 05:57:58,6,4.16,,FR1,Poke,Left,591,82,280,,1,FR1
2024-07-30 05:58:47,6,4.16,,FR1,Poke,Left,592,82,280,,1,FR1
2024-07-30 06:03:43,6,4.17,,FR1,Poke,Left,593,82,280,,1,FR1
2024-07-30 06:09:07,6,4.16,1.0,FR1,Pellet,Left,593,82,281,,1,FR1
2024-07-30 06:11:32,6,4.17,,FR1,Poke,Left,594,82,281,,1,FR1
2024-07-30 06:12:08,6,4.16,1.0,FR1,Pellet,Left,594,82,282,35.08,1,FR1
2024-07-30 06:12:24,6,4.16,,FR1,Poke,Left,595,82,282,,1,FR1
2024-07-30 06:12:25,6,4.16,1.0,FR1,Pellet,Left,595,82,283,0.25,1,FR1
2024-07-30 06:13:01,6,4.16,,FR1,Poke,Left,596,82,283,,1,FR1
2024-07-30 06:13:03,6,4.16,1.0,FR1,Pellet,Left,596,82,284,1.51,1,FR1
2024-07-30 06:18:29,6,4.16,,FR1,Poke,Left,596,83,284,,1,FR1
2024-07-30 06:24:34,6,4.16,,FR1,Poke,Left,596,84,284,,1,FR1
2024-07-30 06:24:37,6,4.16,,FR1,Poke,Left,597,84,284,,1,FR1
2024-07-30 06:24:40,6,4.16,,FR1,Poke,Left,598,84,284,,1,FR1
2024-07-30 06:24:44,6,4.16,1.0,FR1,Pellet,Left,598,84,285,6.59,1,FR1
2024-07-30 06:25:10,6,4.16,,FR1,Poke,Left,599,84,285,,1,FR1
2024-07-30 06:25:17,6,4.16,,FR1,Poke,Left,599,85,285,,1,FR1
2024-07-30 06:25:17,6,4.16,,FR1,Poke,Left,599,86,285,,1,FR1
2024-07-30 06:25:20,6,4.16,,FR1,Poke,Left,600,86,285,,1,FR1
2024-07-30 06:25:34,6,4.16,,FR1,Poke,Left,601,86,285,,1,FR1
2024-07-30 06:32:43,6,4.16,,FR1,Poke,Left,601,87,285,,1,FR1
2024-07-30 06:39:14,6,4.16,1.0,FR1,Pellet,Left,601,87,286,,1,FR1
2024-07-30 07:32:08,6,4.16,,FR1,Poke,Left,602,87,286,,1,FR1
2024-07-30 07:32:09,6,4.16,2.0,FR1,Pellet,Left,602,87,287,0.06,1,FR1
2024-07-30 07:33:54,6,4.16,,FR1,Poke,Left,603,87,287,,1,FR1
2024-07-30 07:33:55,6,4.16,1.0,FR1,Pellet,Left,603,87,288,0.56,1,FR1
2024-07-30 07:34:17,6,4.16,,FR1,Poke,Left,604,87,288,,1,FR1
2024-07-30 07:34:19,6,4.16,1.0,FR1,Pellet,Left,604,87,289,0.31,1,FR1
2024-07-30 08:55:04,6,4.16,,FR1,Poke,Left,605,87,289,,1,FR1
2024-07-30 08:55:05,6,4.16,1.0,FR1,Pellet,Left,605,87,290,0.37,1,FR1
2024-07-30 08:55:30,6,4.16,,FR1,Poke,Left,606,87,290,,1,FR1
2024-07-30 08:55:31,6,4.16,1.0,FR1,Pellet,Left,606,87,291,0.88,1,FR1
2024-07-30 09:01:36,6,4.16,,FR1,Poke,Left,606,88,291,,1,FR1
2024-07-30 09:01:41,6,4.16,,FR1,Poke,Left,607,88,291,,1,FR1
2024-07-30 09:01:42,6,4.16,,FR1,Poke,Left,608,88,291,,1,FR1
2024-07-30 09:05:05,6,4.16,,FR1,Poke,Left,608,89,291,,1,FR1
2024-07-30 09:05:20,6,4.16,,FR1,Poke,Left,608,90,291,,1,FR1
2024-07-30 09:05:23,6,4.16,1.0,FR1,Pellet,Left,608,90,292,,1,FR1
2024-07-30 09:07:22,6,4.16,,FR1,Poke,Left,609,90,292,,1,FR1
2024-07-30 09:23:12,6,4.16,1.0,FR1,Pellet,Left,609,90,293,,1,FR1
2024-07-30 09:23:48,6,4.16,,FR1,Poke,Left,610,90,293,,1,FR1
2024-07-30 09:23:49,6,4.15,,FR1,Poke,Left,611,90,293,,1,FR1
2024-07-30 09:23:50,6,4.16,1.0,FR1,Pellet,Left,611,90,294,0.69,1,FR1
2024-07-30 09:24:06,6,4.16,,FR1,Poke,Left,612,90,294,,1,FR1
2024-07-30 09:24:07,6,4.16,1.0,FR1,Pellet,Left,612,90,295,0.25,1,FR1
2024-07-30 09:24:28,6,4.16,,FR1,Poke,Left,613,90,295,,1,FR1
2024-07-30 09:25:44,6,4.15,,FR1,Poke,Left,613,91,295,,1,FR1
2024-07-30 09:25:46,6,4.16,,FR1,Poke,Left,613,92,295,,1,FR1
2024-07-30 09:25:50,6,4.16,,FR1,Poke,Left,614,92,295,,1,FR1
2024-07-30 09:25:51,6,4.16,,FR1,Poke,Left,615,92,295,,1,FR1
2024-07-30 09:30:28,6,4.16,,FR1,Poke,Left,616,92,295,,1,FR1
2024-07-30 09:46:30,6,4.15,,FR1,Poke,Left,616,93,295,,1,FR1
2024-07-30 11:32:25,6,4.14,,FR1,Poke,Left,617,93,295,,1,FR1
2024-07-30 11:32:30,6,4.15,1.0,FR1,Pellet,Left,617,93,296,,1,FR1
2024-07-30 11:33:06,6,4.15,,FR1,Poke,Left,618,93,296,,1,FR1
2024-07-30 11:33:07,6,4.15,2.0,FR1,Pellet,Left,618,93,297,0.37,1,FR1
2024-07-30 11:33:38,6,4.15,,FR1,Poke,Left,619,93,297,,1,FR1
2024-07-30 11:33:39,6,4.15,1.0,FR1,Pellet,Left,619,93,298,0.44,1,FR1
2024-07-30 11:34:10,6,4.15,,FR1,Poke,Left,620,93,298,,1,FR1
2024-07-30 11:34:11,6,4.15,1.0,FR1,Pellet,Left,620,93,299,0.19,1,FR1
2024-07-30 12:04:58,6,4.14,,FR1,Poke,Left,621,93,299,,1,FR1
2024-07-30 12:05:02,6,4.15,1.0,FR1,Pellet,Left,621,93,300,2.59,1,FR1
2024-07-30 12:33:09,6,4.15,,FR1,Poke,Left,622,93,300,,1,FR1
2024-07-30 12:33:10,6,4.14,1.0,FR1,Pellet,Left,622,93,301,0.19,1,FR1
2024-07-30 12:45:15,6,4.15,,FR1,Poke,Left,623,93,301,,1,FR1
2024-07-30 12:45:29,6,4.15,1.0,FR1,Pellet,Left,623,93,302,13.66,1,FR1
2024-07-30 12:46:27,6,4.15,,FR1,Poke,Left,624,93,302,,1,FR1
2024-07-30 12:46:29,6,4.14,1.0,FR1,Pellet,Left,624,93,303,0.56,1,FR1
2024-07-30 13:00:50,6,4.15,,FR1,Poke,Left,625,93,303,,1,FR1
2024-07-30 13:00:52,6,4.15,2.0,FR1,Pellet,Left,625,93,304,0.63,1,FR1
2024-07-30 13:01:37,6,4.14,,FR1,Poke,Left,626,93,304,,1,FR1
2024-07-30 13:01:38,6,4.15,1.0,FR1,Pellet,Left,626,93,305,0.44,1,FR1
2024-07-30 13:02:10,6,4.14,,FR1,Poke,Left,627,93,305,,1,FR1
2024-07-30 13:02:11,6,4.14,1.0,FR1,Pellet,Left,627,93,306,0.69,1,FR1
2024-07-30 13:15:20,6,4.14,,FR1,Poke,Left,627,94,306,,1,FR1
2024-07-30 13:15:27,6,4.14,,FR1,Poke,Left,627,95,306,,1,FR1
2024-07-30 13:16:29,6,4.14,,FR1,Poke,Left,628,95,306,,1,FR1
2024-07-30 13:16:29,6,4.14,,FR1,Poke,Left,629,95,306,,1,FR1
2024-07-30 13:18:38,6,4.15,2.0,FR1,Pellet,Left,629,95,307,,1,FR1
2024-07-30 13:20:59,6,4.15,,FR1,Poke,Left,629,96,307,,1,FR1
2024-07-30 13:24:38,6,4.14,,FR1,Poke,Left,630,96,307,,1,FR1
2024-07-30 13:24:38,6,4.15,,FR1,Poke,Left,631,96,307,,1,FR1
2024-07-30 13:24:38,6,4.14,,FR1,Poke,Left,632,96,307,,1,FR1
2024-07-30 13:24:43,6,4.14,2.0,FR1,Pellet,Left,632,96,308,1.45,1,FR1
2024-07-30 13:25:04,6,4.14,,FR1,Poke,Left,633,96,308,,1,FR1
2024-07-30 13:25:06,6,4.14,1.0,FR1,Pellet,Left,633,96,309,0.63,1,FR1
2024-07-30 14:50:32,6,4.14,,FR1,Poke,Left,634,96,309,,1,FR1
2024-07-30 14:50:34,6,4.14,1.0,FR1,Pellet,Left,634,96,310,0.63,1,FR1
2024-07-30 14:51:04,6,4.14,,FR1,Poke,Left,635,96,310,,1,FR1
2024-07-30 14:51:05,6,4.14,1.0,FR1,Pellet,Left,635,96,311,0.25,1,FR1
2024-07-30 14:58:53,6,4.14,,FR1,Poke,Left,636,96,311,,1,FR1
2024-07-30 14:58:55,6,4.14,2.0,FR1,Pellet,Left,636,96,312,0.31,1,FR1
2024-07-30 14:59:25,6,4.14,,FR1,Poke,Left,637,96,312,,1,FR1
2024-07-30 14:59:27,6,4.14,1.0,FR1,Pellet,Left,637,96,313,0.56,1,FR1
2024-07-30 14:59:49,6,4.14,,FR1,Poke,Left,638,96,313,,1,FR1
2024-07-30 14:59:50,6,4.14,1.0,FR1,Pellet,Left,638,96,314,0.25,1,FR1
2024-07-30 15:00:18,6,4.14,,FR1,Poke,Left,639,96,314,,1,FR1
2024-07-30 15:00:19,6,4.14,1.0,FR1,Pellet,Left,639,96,315,0.37,1,FR1
2024-07-30 15:53:06,6,4.14,,FR1,Poke,Left,640,96,315,,1,FR1
2024-07-30 15:53:07,6,4.14,1.0,FR1,Pellet,Left,640,96,316,0.37,1,FR1
2024-07-30 15:54:30,6,4.14,,FR1,Poke,Left,641,96,316,,1,FR1
2024-07-30 15:54:31,6,4.14,1.0,FR1,Pellet,Left,641,96,317,0.25,1,FR1
2024-07-30 15:55:05,6,4.14,,FR1,Poke,Left,642,96,317,,1,FR1
2024-07-30 15:55:06,6,4.14,1.0,FR1,Pellet,Left,642,96,318,0.37,1,FR1
2024-07-30 15:56:00,6,4.14,,FR1,Poke,Left,643,96,318,,1,FR1
2024-07-30 15:56:01,6,4.14,2.0,FR1,Pellet,Left,643,96,319,0.12,1,FR1
2024-07-30 16:06:45,6,4.14,,FR1,Poke,Left,644,96,319,,1,FR1
2024-07-30 16:06:46,6,4.14,1.0,FR1,Pellet,Left,644,96,320,0.69,1,FR1
2024-07-30 16:41:20,6,4.14,,FR1,Poke,Left,645,96,320,,1,FR1
2024-07-30 16:41:21,6,4.14,1.0,FR1,Pellet,Left,645,96,321,0.25,1,FR1
2024-07-30 16:41:52,6,4.14,,FR1,Poke,Left,646,96,321,,1,FR1
2024-07-30 16:41:53,6,4.14,1.0,FR1,Pellet,Left,646,96,322,0.25,1,FR1
2024-07-30 16:54:24,6,4.14,,FR1,Poke,Left,647,96,322,,1,FR1
2024-07-30 16:54:25,6,4.14,1.0,FR1,Pellet,Left,647,96,323,0.5,1,FR1
2024-07-30 16:54:47,6,4.14,,FR1,Poke,Left,648,96,323,,1,FR1
2024-07-30 16:54:48,6,4.14,1.0,FR1,Pellet,Left,648,96,324,0.25,1,FR1
2024-07-30 17:11:00,6,4.14,,FR1,Poke,Left,649,96,324,,1,FR1
2024-07-30 17:11:01,6,4.14,1.0,FR1,Pellet,Left,649,96,325,0.25,1,FR1
2024-07-30 17:12:15,6,4.14,,FR1,Poke,Left,649,97,325,,1,FR1
2024-07-30 17:12:18,6,4.14,,FR1,Poke,Left,649,98,325,,1,FR1
2024-07-30 17:40:06,6,4.14,,FR1,Poke,Left,650,98,325,,1,FR1
2024-07-30 17:40:07,6,4.14,1.0,FR1,Pellet,Left,650,98,326,0.12,1,FR1
2024-07-30 17:40:28,6,4.14,,FR1,Poke,Left,651,98,326,,1,FR1
2024-07-30 17:40:29,6,4.14,1.0,FR1,Pellet,Left,651,98,327,0.31,1,FR1
2024-07-30 17:40:55,6,4.14,,FR1,Poke,Left,652,98,327,,1,FR1
2024-07-30 17:40:56,6,4.13,,FR1,Poke,Left,653,98,327,,1,FR1
2024-07-30 17:41:18,6,4.14,3.0,FR1,Pellet,Left,653,98,328,19.57,1,FR1
2024-07-30 17:41:44,6,4.14,,FR1,Poke,Left,654,98,328,,1,FR1
2024-07-30 17:41:45,6,4.14,2.0,FR1,Pellet,Left,654,98,329,0.88,1,FR1
2024-07-30 17:46:16,6,4.13,,FR1,Poke,Left,655,98,329,,1,FR1
2024-07-30 17:46:18,6,4.13,2.0,FR1,Pellet,Left,655,98,330,0.94,1,FR1
2024-07-30 17:46:56,6,4.14,,FR1,Poke,Left,656,98,330,,1,FR1
2024-07-30 17:46:56,6,4.14,,FR1,Poke,Left,657,98,330,,1,FR1
2024-07-30 17:46:59,6,4.14,3.0,FR1,Pellet,Left,657,98,331,0.06,1,FR1
2024-07-30 18:03:48,6,4.14,,FR1,Poke,Left,658,98,331,,1,FR1
2024-07-30 18:03:49,6,4.14,1.0,FR1,Pellet,Left,658,98,332,0.31,1,FR1
2024-07-30 18:04:55,6,4.13,,FR1,Poke,Left,658,99,332,,1,FR1
2024-07-30 18:12:32,6,4.14,,FR1,Poke,Left,659,99,332,,1,FR1
2024-07-30 18:12:33,6,4.13,1.0,FR1,Pellet,Left,659,99,333,0.44,1,FR1
2024-07-30 18:12:56,6,4.14,,FR1,Poke,Left,660,99,333,,1,FR1
2024-07-30 18:12:57,6,4.13,2.0,FR1,Pellet,Left,660,99,334,0.06,1,FR1
2024-07-30 18:13:26,6,4.13,,FR1,Poke,Left,661,99,334,,1,FR1
2024-07-30 18:13:27,6,4.14,1.0,FR1,Pellet,Left,661,99,335,0.37,1,FR1
2024-07-30 18:13:59,6,4.14,,FR1,Poke,Left,662,99,335,,1,FR1
2024-07-30 18:13:59,6,4.13,,FR1,Poke,Left,663,99,335,,1,FR1
2024-07-30 18:14:14,6,4.13,3.0,FR1,Pellet,Left,663,99,336,11.8,1,FR1
2024-07-30 18:24:18,6,4.14,,FR1,Poke,Left,664,99,336,,1,FR1
2024-07-30 18:24:50,6,4.14,,FR1,Poke,Left,664,100,336,,1,FR1
2024-07-30 18:26:31,6,4.14,2.0,FR1,Pellet,Left,664,100,337,,1,FR1
2024-07-30 18:30:34,6,4.13,,FR1,Poke,Left,665,100,337,,1,FR1
2024-07-30 18:33:49,6,4.13,,FR1,Poke,Left,666,100,337,,1,FR1
2024-07-30 18:34:12,6,4.14,,FR1,Poke,Left,667,100,337,,1,FR1
2024-07-30 18:34:13,6,4.13,,FR1,Poke,Left,668,100,337,,1,FR1
2024-07-30 18:34:23,6,4.13,,FR1,Poke,Left,669,100,337,,1,FR1
2024-07-30 18:37:35,6,4.14,,FR1,Poke,Left,670,100,337,,1,FR1
2024-07-30 18:38:29,6,4.14,,FR1,Poke,Left,671,100,337,,1,FR1
2024-07-30 18:38:47,6,4.14,,FR1,Poke,Left,672,100,337,,1,FR1
2024-07-30 18:40:44,6,4.14,2.0,FR1,Pellet,Left,672,100,338,,1,FR1
2024-07-30 18:41:21,6,4.14,,FR1,Poke,Left,673,100,338,,1,FR1
2024-07-30 18:41:22,6,4.13,2.0,FR1,Pellet,Left,673,100,339,0.44,1,FR1
2024-07-30 18:41:42,6,4.14,,FR1,Poke,Left,674,100,339,,1,FR1
2024-07-30 18:41:42,6,4.14,,FR1,Poke,Left,675,100,339,,1,FR1
2024-07-30 18:42:14,6,4.13,2.0,FR1,Pellet,Left,675,100,340,29.39,1,FR1
2024-07-30 18:42:38,6,4.13,,FR1,Poke,Left,675,101,340,,1,FR1
2024-07-30 18:42:40,6,4.14,,FR1,Poke,Left,675,102,340,,1,FR1
2024-07-30 18:43:47,6,4.13,,FR1,Poke,Left,676,102,340,,1,FR1
2024-07-30 18:43:57,6,4.14,2.0,FR1,Pellet,Left,676,102,341,8.5,1,FR1
2024-07-30 18:56:17,6,4.14,,FR1,Poke,Left,677,102,341,,1,FR1
2024-07-30 18:56:18,6,4.13,1.0,FR1,Pellet,Left,677,102,342,0.63,1,FR1
2024-07-30 18:56:48,6,4.13,,FR1,Poke,Left,678,102,342,,1,FR1
2024-07-30 18:56:49,6,4.13,2.0,FR1,Pellet,Left,678,102,343,0.25,1,FR1
2024-07-30 19:01:59,6,4.14,,FR1,Poke,Left,679,102,343,,1,FR1
2024-07-30 19:02:00,6,4.13,1.0,FR1,Pellet,Left,679,102,344,0.5,1,FR1
2024-07-30 19:02:49,6,4.13,,FR1,Poke,Left,680,102,344,,1,FR1
2024-07-30 19:02:50,6,4.13,1.0,FR1,Pellet,Left,680,102,345,0.63,1,FR1
2024-07-30 19:03:12,6,4.14,,FR1,Poke,Left,681,102,345,,1,FR1
2024-07-30 19:03:13,6,4.14,1.0,FR1,Pellet,Left,681,102,346,0.44,1,FR1
2024-07-30 19:05:35,6,4.13,,FR1,Poke,Left,681,103,346,,1,FR1
2024-07-30 19:06:20,6,4.13,,FR1,Poke,Left,681,104,346,,1,FR1
2024-07-30 19:06:23,6,4.14,,FR1,Poke,Left,681,105,346,,1,FR1
2024-07-30 19:10:18,6,4.14,,FR1,Poke,Left,682,105,346,,1,FR1
2024-07-30 19:10:20,6,4.14,,FR1,Poke,Left,683,105,346,,1,FR1
2024-07-30 19:10:35,6,4.14,1.0,FR1,Pellet,Left,683,105,347,16.66,1,FR1
2024-07-30 19:17:18,6,4.14,,FR1,Poke,Left,684,105,347,,1,FR1
2024-07-30 19:17:19,6,4.13,1.0,FR1,Pellet,Left,684,105,348,0.37,1,FR1
2024-07-30 19:21:06,6,4.13,,FR1,Poke,Left,685,105,348,,1,FR1
2024-07-30 19:21:18,6,4.13,,FR1,Poke,Left,686,105,348,,1,FR1
2024-07-30 19:22:16,6,4.13,1.0,FR1,Pellet,Left,686,105,349,,1,FR1
2024-07-30 19:23:44,6,4.13,,FR1,Poke,Left,686,106,349,,1,FR1
2024-07-30 19:24:00,6,4.13,,FR1,Poke,Left,687,106,349,,1,FR1
2024-07-30 19:25:14,6,4.13,,FR1,Poke,Left,688,106,349,,1,FR1
2024-07-30 19:25:47,6,4.14,1.0,FR1,Pellet,Left,688,106,350,,1,FR1
2024-07-30 19:29:08,6,4.13,,FR1,Poke,Left,689,106,350,,1,FR1
2024-07-30 19:29:10,6,4.14,1.0,FR1,Pellet,Left,689,106,351,0.94,1,FR1
2024-07-30 19:29:31,6,4.14,,FR1,Poke,Left,690,106,351,,1,FR1
2024-07-30 19:29:33,6,4.13,1.0,FR1,Pellet,Left,690,106,352,1.01,1,FR1
2024-07-30 19:29:46,6,4.14,,FR1,Poke,Left,691,106,352,,1,FR1
2024-07-30 19:29:50,6,4.13,,FR1,Poke,Left,692,106,352,,1,FR1
2024-07-30 19:29:52,6,4.13,1.0,FR1,Pellet,Left,692,106,353,4.5,1,FR1
2024-07-30 19:30:14,6,4.13,,FR1,Poke,Left,692,107,353,,1,FR1
2024-07-30 19:30:28,6,4.12,,FR1,Poke,Left,692,108,353,,1,FR1
2024-07-30 19:30:32,6,4.13,,FR1,Poke,Left,692,109,353,,1,FR1
2024-07-30 19:30:34,6,4.13,,FR1,Poke,Left,692,110,353,,1,FR1
2024-07-30 19:30:35,6,4.13,,FR1,Poke,Left,692,111,353,,1,FR1
2024-07-30 19:30:39,6,4.13,,FR1,Poke,Left,693,111,353,,1,FR1
2024-07-30 19:32:24,6,4.13,1.0,FR1,Pellet,Left,693,111,354,,1,FR1
2024-07-30 19:33:14,6,4.13,,FR1,Poke,Left,693,112,354,,1,FR1
2024-07-30 19:33:39,6,4.14,,FR1,Poke,Left,693,113,354,,1,FR1
2024-07-30 19:34:42,6,4.13,,FR1,Poke,Left,693,114,354,,1,FR1
2024-07-30 19:34:42,6,4.13,,FR1,Poke,Left,694,114,354,,1,FR1
2024-07-30 19:34:44,6,4.13,,FR1,Poke,Left,695,114,354,,1,FR1
2024-07-30 19:35:43,6,4.13,1.0,FR1,Pellet,Left,695,114,355,59.74,1,FR1
2024-07-30 19:36:34,6,4.13,,FR1,Poke,Left,696,114,355,,1,FR1
2024-07-30 19:36:49,6,4.13,,FR1,Poke,Left,696,115,355,,1,FR1
2024-07-30 19:37:37,6,4.13,,FR1,Poke,Left,697,115,355,,1,FR1
2024-07-30 19:37:51,6,4.13,,FR1,Poke,Left,698,115,355,,1,FR1
2024-07-30 19:40:34,6,4.13,1.0,FR1,Pellet,Left,698,115,356,,1,FR1
2024-07-30 19:40:47,6,4.13,,FR1,Poke,Left,699,115,356,,1,FR1
2024-07-30 19:40:49,6,4.13,1.0,FR1,Pellet,Left,699,115,357,0.63,1,FR1
2024-07-30 19:41:11,6,4.13,,FR1,Poke,Left,699,116,357,,1,FR1
2024-07-30 19:41:16,6,4.13,,FR1,Poke,Left,700,116,357,,1,FR1
2024-07-30 19:44:19,6,4.12,1.0,FR1,Pellet,Left,700,116,358,,1,FR1
2024-07-30 19:56:58,6,4.13,,FR1,Poke,Left,701,116,358,,1,FR1
2024-07-30 19:56:58,6,4.13,,FR1,Poke,Left,702,116,358,,1,FR1
2024-07-30 19:57:08,6,4.13,2.0,FR1,Pellet,Left,702,116,359,6.79,1,FR1
2024-07-30 19:57:31,6,4.13,,FR1,Poke,Left,703,116,359,,1,FR1
2024-07-30 19:57:32,6,4.13,1.0,FR1,Pellet,Left,703,116,360,0.31,1,FR1
2024-07-30 19:57:50,6,4.13,,FR1,Poke,Left,704,116,360,,1,FR1
2024-07-30 19:57:51,6,4.13,1.0,FR1,Pellet,Left,704,116,361,0.44,1,FR1
2024-07-30 19:58:05,6,4.14,,FR1,Poke,Left,705,116,361,,1,FR1
2024-07-30 19:58:06,6,4.12,1.0,FR1,Pellet,Left,705,116,362,0.31,1,FR1
2024-07-30 20:00:23,6,4.13,,FR1,Poke,Left,706,116,362,,1,FR1
2024-07-30 20:02:05,6,4.13,1.0,FR1,Pellet,Left,706,116,363,,1,FR1
2024-07-30 20:03:23,6,4.13,,FR1,Poke,Left,707,116,363,,1,FR1
2024-07-30 20:06:46,6,4.13,,FR1,Poke,Left,707,117,363,,1,FR1
2024-07-30 20:06:54,6,4.12,,FR1,Poke,Left,708,117,363,,1,FR1
2024-07-30 20:06:57,6,4.13,,FR1,Poke,Left,709,117,363,,1,FR1
2024-07-30 20:07:02,6,4.13,,FR1,Poke,Left,709,118,363,,1,FR1
2024-07-30 20:07:03,6,4.13,,FR1,Poke,Left,709,119,363,,1,FR1
2024-07-30 20:07:03,6,4.13,,FR1,Poke,Left,709,120,363,,1,FR1
2024-07-30 20:07:05,6,4.13,,FR1,Poke,Left,709,121,363,,1,FR1
2024-07-30 20:07:09,6,4.13,,FR1,Poke,Left,709,122,363,,1,FR1
2024-07-30 20:07:12,6,4.13,,FR1,Poke,Left,709,123,363,,1,FR1
2024-07-30 20:07:14,6,4.13,,FR1,Poke,Left,709,124,363,,1,FR1
2024-07-30 20:07:17,6,4.13,1.0,FR1,Pellet,Left,709,124,364,,1,FR1
2024-07-30 20:07:35,6,4.13,,FR1,Poke,Left,709,125,364,,1,FR1
2024-07-30 20:07:37,6,4.13,,FR1,Poke,Left,709,126,364,,1,FR1
2024-07-30 20:07:39,6,4.13,,FR1,Poke,Left,709,127,364,,1,FR1
2024-07-30 20:07:43,6,4.13,,FR1,Poke,Left,710,127,364,,1,FR1
2024-07-30 20:16:24,6,4.13,,FR1,Poke,Left,711,127,364,,1,FR1
2024-07-30 20:16:26,6,4.13,1.0,FR1,Pellet,Left,711,127,365,,1,FR1
2024-07-30 20:18:51,6,4.13,,FR1,Poke,Left,711,128,365,,1,FR1
2024-07-30 20:25:03,6,4.13,,FR1,Poke,Left,711,129,365,,1,FR1
2024-07-30 20:25:05,6,4.13,,FR1,Poke,Left,711,130,365,,1,FR1
2024-07-30 20:25:08,6,4.13,,FR1,Poke,Left,712,130,365,,1,FR1
2024-07-30 20:25:10,6,4.12,1.0,FR1,Pellet,Left,712,130,366,0.5,1,FR1
2024-07-30 20:30:27,6,4.13,,FR1,Poke,Left,712,131,366,,1,FR1
2024-07-30 20:30:36,6,4.12,,FR1,Poke,Left,713,131,366,,1,FR1
2024-07-30 20:30:38,6,4.13,1.0,FR1,Pellet,Left,713,131,367,1.01,1,FR1
2024-07-30 20:30:50,6,4.13,,FR1,Poke,Left,714,131,367,,1,FR1
2024-07-30 20:30:51,6,4.12,1.0,FR1,Pellet,Left,714,131,368,0.5,1,FR1
2024-07-30 20:31:08,6,4.13,,FR1,Poke,Left,715,131,368,,1,FR1
2024-07-30 20:31:21,6,4.13,2.0,FR1,Pellet,Left,715,131,369,10.22,1,FR1
2024-07-30 20:56:06,6,4.13,,FR1,Poke,Left,716,131,369,,1,FR1
2024-07-30 20:56:07,6,4.12,1.0,FR1,Pellet,Left,716,131,370,0.37,1,FR1
2024-07-30 20:56:24,6,4.13,,FR1,Poke,Left,717,131,370,,1,FR1
2024-07-30 20:56:25,6,4.13,1.0,FR1,Pellet,Left,717,131,371,0.31,1,FR1
2024-07-30 20:56:46,6,4.13,,FR1,Poke,Left,718,131,371,,1,FR1
2024-07-30 20:56:47,6,4.13,1.0,FR1,Pellet,Left,718,131,372,0.25,1,FR1
2024-07-30 20:57:09,6,4.13,,FR1,Poke,Left,719,131,372,,1,FR1
2024-07-30 20:57:10,6,4.13,1.0,FR1,Pellet,Left,719,131,373,0.12,1,FR1
2024-07-30 20:57:25,6,4.13,,FR1,Poke,Left,720,131,373,,1,FR1
2024-07-30 20:57:26,6,4.12,1.0,FR1,Pellet,Left,720,131,374,0.25,1,FR1
2024-07-30 20:57:44,6,4.13,,FR1,Poke,Left,721,131,374,,1,FR1
2024-07-30 20:57:45,6,4.12,1.0,FR1,Pellet,Left,721,131,375,0.37,1,FR1
2024-07-30 21:12:10,6,4.12,,FR1,Poke,Left,722,131,375,,1,FR1
2024-07-30 21:12:11,6,4.12,1.0,FR1,Pellet,Left,722,131,376,0.44,1,FR1
2024-07-30 21:12:34,6,4.13,,FR1,Poke,Left,723,131,376,,1,FR1
2024-07-30 21:12:35,6,4.12,1.0,FR1,Pellet,Left,723,131,377,0.31,1,FR1
2024-07-30 21:12:54,6,4.12,,FR1,Poke,Left,724,131,377,,1,FR1
2024-07-30 21:12:55,6,4.12,1.0,FR1,Pellet,Left,724,131,378,0.12,1,FR1
2024-07-30 21:13:11,6,4.13,,FR1,Poke,Left,725,131,378,,1,FR1
2024-07-30 21:13:12,6,4.12,2.0,FR1,Pellet,Left,725,131,379,0.12,1,FR1
2024-07-30 21:13:33,6,4.12,,FR1,Poke,Left,726,131,379,,1,FR1
2024-07-30 21:13:33,6,4.12,1.0,FR1,Pellet,Left,726,131,380,0.25,1,FR1
2024-07-30 21:13:49,6,4.12,,FR1,Poke,Left,727,131,380,,1,FR1
2024-07-30 21:13:50,6,4.13,1.0,FR1,Pellet,Left,727,131,381,0.19,1,FR1
2024-07-30 21:14:10,6,4.13,,FR1,Poke,Left,728,131,381,,1,FR1
2024-07-30 21:14:11,6,4.13,1.0,FR1,Pellet,Left,728,131,382,0.25,1,FR1
2024-07-30 21:14:31,6,4.13,,FR1,Poke,Left,729,131,382,,1,FR1
2024-07-30 21:14:32,6,4.12,1.0,FR1,Pellet,Left,729,131,383,0.25,1,FR1
2024-07-30 21:39:18,6,4.12,,FR1,Poke,Left,730,131,383,,1,FR1
2024-07-30 21:39:19,6,4.12,,FR1,Poke,Left,731,131,383,,1,FR1
2024-07-30 21:39:21,6,4.13,2.0,FR1,Pellet,Left,731,131,384,0.31,1,FR1
2024-07-30 21:40:09,6,4.12,,FR1,Poke,Left,732,131,384,,1,FR1
2024-07-30 21:40:09,6,4.12,,FR1,Poke,Left,733,131,384,,1,FR1
2024-07-30 21:40:12,6,4.12,2.0,FR1,Pellet,Left,733,131,385,0.12,1,FR1
2024-07-30 21:51:27,6,4.12,,FR1,Poke,Left,734,131,385,,1,FR1
2024-07-30 21:51:28,6,4.12,1.0,FR1,Pellet,Left,734,131,386,0.12,1,FR1
2024-07-30 21:51:53,6,4.12,,FR1,Poke,Left,735,131,386,,1,FR1
2024-07-30 21:51:53,6,4.12,,FR1,Poke,Left,736,131,386,,1,FR1
2024-07-30 21:51:56,6,4.12,2.0,FR1,Pellet,Left,736,131,387,0.37,1,FR1
2024-07-30 21:52:17,6,4.12,,FR1,Poke,Left,737,131,387,,1,FR1
2024-07-30 21:52:17,6,4.12,,FR1,Poke,Left,738,131,387,,1,FR1
2024-07-30 21:52:20,6,4.12,2.0,FR1,Pellet,Left,738,131,388,0.19,1,FR1
2024-07-30 21:52:43,6,4.12,,FR1,Poke,Left,739,131,388,,1,FR1
2024-07-30 21:52:44,6,4.12,1.0,FR1,Pellet,Left,739,131,389,0.12,1,FR1
2024-07-30 21:53:30,6,4.12,,FR1,Poke,Left,740,131,389,,1,FR1
2024-07-30 21:53:31,6,4.12,1.0,FR1,Pellet,Left,740,131,390,0.44,1,FR1
2024-07-30 22:20:18,6,4.12,,FR1,Poke,Left,741,131,390,,1,FR1
2024-07-30 22:20:20,6,4.12,2.0,FR1,Pellet,Left,741,131,391,0.5,1,FR1
2024-07-30 22:20:42,6,4.12,,FR1,Poke,Left,742,131,391,,1,FR1
2024-07-30 22:20:43,6,4.12,1.0,FR1,Pellet,Left,742,131,392,0.25,1,FR1
2024-07-30 22:29:02,6,4.12,,FR1,Poke,Left,743,131,392,,1,FR1
2024-07-30 22:29:03,6,4.12,2.0,FR1,Pellet,Left,743,131,393,0.19,1,FR1
2024-07-30 22:29:30,6,4.12,,FR1,Poke,Left,744,131,393,,1,FR1
2024-07-30 22:29:30,6,4.12,,FR1,Poke,Left,745,131,393,,1,FR1
2024-07-30 22:29:34,6,4.12,2.0,FR1,Pellet,Left,745,131,394,0.75,1,FR1
2024-07-30 22:30:03,6,4.12,,FR1,Poke,Left,746,131,394,,1,FR1
2024-07-30 22:30:04,6,4.12,,FR1,Poke,Left,747,131,394,,1,FR1
2024-07-30 22:30:05,6,4.12,,FR1,Poke,Left,748,131,394,,1,FR1
2024-07-30 22:30:07,6,4.12,2.0,FR1,Pellet,Left,748,131,395,0.12,1,FR1
2024-07-30 22:34:55,6,4.12,,FR1,Poke,Left,748,132,395,,1,FR1
2024-07-30 22:35:20,6,4.12,,FR1,Poke,Left,749,132,395,,1,FR1
2024-07-30 22:38:56,6,4.12,,FR1,Poke,Left,749,133,395,,1,FR1
2024-07-30 22:39:08,6,4.12,,FR1,Poke,Left,749,134,395,,1,FR1
2024-07-30 22:39:09,6,4.12,,FR1,Poke,Left,750,134,395,,1,FR1
2024-07-30 22:41:37,6,4.12,,FR1,Poke,Left,751,134,395,,1,FR1
2024-07-30 22:41:45,6,4.12,,FR1,Poke,Left,751,135,395,,1,FR1
2024-07-30 22:41:46,6,4.12,,FR1,Poke,Left,752,135,395,,1,FR1
2024-07-30 22:46:27,6,4.12,,FR1,Poke,Left,752,136,395,,1,FR1
2024-07-30 22:47:27,6,4.12,,FR1,Poke,Left,753,136,395,,1,FR1
2024-07-30 22:47:31,6,4.12,1.0,FR1,Pellet,Left,753,136,396,,1,FR1
2024-07-30 22:47:46,6,4.13,,FR1,Poke,Left,754,136,396,,1,FR1
2024-07-30 22:47:48,6,4.12,1.0,FR1,Pellet,Left,754,136,397,1.32,1,FR1
2024-07-30 22:49:29,6,4.12,,FR1,Poke,Left,754,137,397,,1,FR1
2024-07-30 22:49:34,6,4.12,,FR1,Poke,Left,754,138,397,,1,FR1
2024-07-30 22:49:35,6,4.12,,FR1,Poke,Left,754,139,397,,1,FR1
2024-07-30 22:53:56,6,4.12,,FR1,Poke,Left,755,139,397,,1,FR1
2024-07-30 22:54:19,6,4.12,1.0,FR1,Pellet,Left,755,139,398,22.27,1,FR1
2024-07-30 22:54:36,6,4.12,,FR1,Poke,Left,756,139,398,,1,FR1
2024-07-30 22:54:38,6,4.12,1.0,FR1,Pellet,Left,756,139,399,1.07,1,FR1
2024-07-30 22:55:15,6,4.12,,FR1,Poke,Left,757,139,399,,1,FR1
2024-07-30 23:04:21,6,4.12,1.0,FR1,Pellet,Left,757,139,400,,1,FR1
2024-07-30 23:04:41,6,4.12,,FR1,Poke,Left,758,139,400,,1,FR1
2024-07-30 23:04:42,6,4.12,1.0,FR1,Pellet,Left,758,139,401,0.37,1,FR1
2024-07-30 23:05:51,6,4.12,,FR1,Poke,Left,758,140,401,,1,FR1
2024-07-30 23:05:56,6,4.12,,FR1,Poke,Left,759,140,401,,1,FR1
2024-07-30 23:07:10,6,4.12,1.0,FR1,Pellet,Left,759,140,402,,1,FR1
2024-07-30 23:17:52,6,4.12,,FR1,Poke,Left,759,141,402,,1,FR1
2024-07-30 23:20:00,6,4.12,,FR1,Poke,Left,760,141,402,,1,FR1
2024-07-30 23:20:03,6,4.12,,FR1,Poke,Left,761,141,402,,1,FR1
2024-07-30 23:21:10,6,4.12,,FR1,Poke,Left,762,141,402,,1,FR1
2024-07-30 23:22:33,6,4.12,1.0,FR1,Pellet,Left,762,141,403,,1,FR1
2024-07-30 23:22:52,6,4.12,,FR1,Poke,Left,763,141,403,,1,FR1
2024-07-30 23:22:54,6,4.12,1.0,FR1,Pellet,Left,763,141,404,1.52,1,FR1
2024-07-30 23:30:43,6,4.12,,FR1,Poke,Left,763,142,404,,1,FR1
2024-07-30 23:34:02,6,4.12,,FR1,Poke,Left,764,142,404,,1,FR1
2024-07-30 23:34:03,6,4.12,1.0,FR1,Pellet,Left,764,142,405,0.37,1,FR1
2024-07-30 23:34:24,6,4.12,,FR1,Poke,Left,765,142,405,,1,FR1
2024-07-30 23:34:25,6,4.12,1.0,FR1,Pellet,Left,765,142,406,0.5,1,FR1
2024-07-30 23:34:42,6,4.12,,FR1,Poke,Left,766,142,406,,1,FR1
2024-07-30 23:34:43,6,4.12,1.0,FR1,Pellet,Left,766,142,407,0.75,1,FR1
2024-07-30 23:44:09,6,4.12,,FR1,Poke,Left,766,143,407,,1,FR1
2024-07-30 23:44:24,6,4.12,,FR1,Poke,Left,767,143,407,,1,FR1
2024-07-30 23:44:26,6,4.12,1.0,FR1,Pellet,Left,767,143,408,1.51,1,FR1
2024-07-30 23:44:49,6,4.12,,FR1,Poke,Left,768,143,408,,1,FR1
2024-07-30 23:44:50,6,4.12,2.0,FR1,Pellet,Left,768,143,409,0.06,1,FR1
2024-07-30 23:45:06,6,4.12,,FR1,Poke,Left,768,144,409,,1,FR1
2024-07-30 23:45:09,6,4.12,,FR1,Poke,Left,768,145,409,,1,FR1
2024-07-30 23:45:10,6,4.12,,FR1,Poke,Left,768,146,409,,1,FR1
2024-07-30 23:45:13,6,4.12,,FR1,Poke,Left,768,147,409,,1,FR1
2024-07-30 23:45:15,6,4.12,,FR1,Poke,Left,768,148,409,,1,FR1
2024-07-30 23:45:21,6,4.12,,FR1,Poke,Left,768,149,409,,1,FR1
2024-07-30 23:45:24,6,4.12,,FR1,Poke,Left,769,149,409,,1,FR1
2024-07-30 23:45:26,6,4.12,1.0,FR1,Pellet,Left,769,149,410,1.13,1,FR1
2024-07-30 23:53:13,6,4.12,,FR1,Poke,Left,769,150,410,,1,FR1
2024-07-30 23:53:29,6,4.12,,FR1,Poke,Left,770,150,410,,1,FR1
2024-07-30 23:54:12,6,4.12,,FR1,Poke,Left,770,151,410,,1,FR1
2024-07-30 23:54:16,6,4.12,,FR1,Poke,Left,770,152,410,,1,FR1
2024-07-30 23:54:20,6,4.11,1.0,FR1,Pellet,Left,770,152,411,50.22,1,FR1
2024-07-30 23:54:48,6,4.12,,FR1,Poke,Left,771,152,411,,1,FR1
2024-07-30 23:54:48,6,4.12,,FR1,Poke,Left,772,152,411,,1,FR1
2024-07-30 23:55:11,6,4.12,,FR1,Poke,Left,772,153,411,,1,FR1
2024-07-30 23:59:36,6,4.12,,FR1,Poke,Left,772,154,411,,1,FR1
2024-07-30 23:59:38,6,4.12,2.0,FR1,Pellet,Left,772,154,412,,1,FR1
2024-07-31 00:01:31,6,4.12,,FR1,Poke,Left,773,154,412,,1,FR1
2024-07-31 00:02:14,6,4.12,1.0,FR1,Pellet,Left,773,154,413,41.45,1,FR1
2024-07-31 00:06:50,6,4.12,,FR1,Poke,Left,773,155,413,,1,FR1
2024-07-31 00:15:48,6,4.12,,FR1,Poke,Left,773,156,413,,1,FR1
2024-07-31 00:15:59,6,4.12,,FR1,Poke,Left,774,156,413,,1,FR1
2024-07-31 00:16:01,6,4.12,,FR1,Poke,Left,775,156,413,,1,FR1
2024-07-31 00:16:05,6,4.12,,FR1,Poke,Left,776,156,413,,1,FR1
2024-07-31 00:16:46,6,4.12,1.0,FR1,Pellet,Left,776,156,414,45.37,1,FR1
2024-07-31 00:20:50,6,4.11,,FR1,Poke,Left,776,157,414,,1,FR1
2024-07-31 00:21:31,6,4.12,,FR1,Poke,Left,776,158,414,,1,FR1
2024-07-31 00:21:32,6,4.12,,FR1,Poke,Left,776,159,414,,1,FR1
2024-07-31 00:21:35,6,4.11,,FR1,Poke,Left,777,159,414,,1,FR1
2024-07-31 00:21:37,6,4.12,1.0,FR1,Pellet,Left,777,159,415,0.75,1,FR1
2024-07-31 00:21:54,6,4.12,,FR1,Poke,Left,778,159,415,,1,FR1
2024-07-31 00:21:55,6,4.12,1.0,FR1,Pellet,Left,778,159,416,0.31,1,FR1
2024-07-31 00:27:45,6,4.12,,FR1,Poke,Left,779,159,416,,1,FR1
2024-07-31 00:27:47,6,4.11,1.0,FR1,Pellet,Left,779,159,417,0.69,1,FR1
2024-07-31 00:28:02,6,4.11,,FR1,Poke,Left,780,159,417,,1,FR1
2024-07-31 00:28:11,6,4.12,1.0,FR1,Pellet,Left,780,159,418,8.19,1,FR1
2024-07-31 00:28:34,6,4.12,,FR1,Poke,Left,781,159,418,,1,FR1
2024-07-31 00:29:00,6,4.12,2.0,FR1,Pellet,Left,781,159,419,23.59,1,FR1
2024-07-31 00:30:23,6,4.12,,FR1,Poke,Left,782,159,419,,1,FR1
2024-07-31 00:30:55,6,4.12,1.0,FR1,Pellet,Left,782,159,420,30.42,1,FR1
2024-07-31 00:49:16,6,4.12,,FR1,Poke,Left,783,159,420,,1,FR1
2024-07-31 00:51:04,6,4.12,1.0,FR1,Pellet,Left,783,159,421,,1,FR1
2024-07-31 00:53:20,6,4.11,,FR1,Poke,Left,784,159,421,,1,FR1
2024-07-31 00:53:45,6,4.11,1.0,FR1,Pellet,Left,784,159,422,23.98,1,FR1
2024-07-31 00:57:57,6,4.12,,FR1,Poke,Left,784,160,422,,1,FR1
2024-07-31 00:57:58,6,4.12,,FR1,Poke,Left,784,161,422,,1,FR1
2024-07-31 00:58:00,6,4.11,,FR1,Poke,Left,785,161,422,,1,FR1
2024-07-31 01:02:00,6,4.12,1.0,FR1,Pellet,Left,785,161,423,,1,FR1
2024-07-31 01:04:47,6,4.12,,FR1,Poke,Left,785,162,423,,1,FR1
2024-07-31 01:05:51,6,4.12,,FR1,Poke,Left,786,162,423,,1,FR1
2024-07-31 01:12:42,6,4.11,1.0,FR1,Pellet,Left,786,162,424,,1,FR1
2024-07-31 01:17:41,6,4.12,,FR1,Poke,Left,787,162,424,,1,FR1
2024-07-31 01:21:58,6,4.12,,FR1,Poke,Left,787,163,424,,1,FR1
2024-07-31 01:23:54,6,4.12,1.0,FR1,Pellet,Left,787,163,425,,1,FR1
2024-07-31 02:49:06,6,4.11,,FR1,Poke,Left,788,163,425,,1,FR1
2024-07-31 02:49:08,6,4.11,1.0,FR1,Pellet,Left,788,163,426,0.31,1,FR1
2024-07-31 02:49:32,6,4.12,,FR1,Poke,Left,789,163,426,,1,FR1
2024-07-31 02:49:33,6,4.11,2.0,FR1,Pellet,Left,789,163,427,0.06,1,FR1
2024-07-31 02:49:57,6,4.11,,FR1,Poke,Left,790,163,427,,1,FR1
2024-07-31 02:49:58,6,4.11,1.0,FR1,Pellet,Left,790,163,428,0.31,1,FR1
2024-07-31 02:50:21,6,4.11,,FR1,Poke,Left,791,163,428,,1,FR1
2024-07-31 02:50:22,6,4.11,1.0,FR1,Pellet,Left,791,163,429,0.75,1,FR1
2024-07-31 02:50:47,6,4.11,,FR1,Poke,Left,792,163,429,,1,FR1
2024-07-31 02:50:48,6,4.11,1.0,FR1,Pellet,Left,792,163,430,0.31,1,FR1
2024-07-31 03:32:16,6,4.11,,FR1,Poke,Left,793,163,430,,1,FR1
2024-07-31 03:32:17,6,4.11,1.0,FR1,Pellet,Left,793,163,431,0.25,1,FR1
2024-07-31 03:32:40,6,4.11,,FR1,Poke,Left,794,163,431,,1,FR1
2024-07-31 03:32:41,6,4.11,1.0,FR1,Pellet,Left,794,163,432,0.31,1,FR1
2024-07-31 03:33:09,6,4.11,,FR1,Poke,Left,795,163,432,,1,FR1
2024-07-31 03:33:10,6,4.11,1.0,FR1,Pellet,Left,795,163,433,0.25,1,FR1
2024-07-31 03:45:44,6,4.11,,FR1,Poke,Left,796,163,433,,1,FR1
2024-07-31 03:45:45,6,4.11,1.0,FR1,Pellet,Left,796,163,434,0.37,1,FR1
2024-07-31 03:46:07,6,4.11,,FR1,Poke,Left,797,163,434,,1,FR1
2024-07-31 03:46:08,6,4.11,1.0,FR1,Pellet,Left,797,163,435,0.31,1,FR1
2024-07-31 03:46:38,6,4.11,,FR1,Poke,Left,798,163,435,,1,FR1
2024-07-31 03:46:39,6,4.11,1.0,FR1,Pellet,Left,798,163,436,0.31,1,FR1
2024-07-31 04:13:43,6,4.11,,FR1,Poke,Left,799,163,436,,1,FR1
2024-07-31 04:13:44,6,4.11,1.0,FR1,Pellet,Left,799,163,437,0.69,1,FR1
2024-07-31 04:14:10,6,4.11,,FR1,Poke,Left,800,163,437,,1,FR1
2024-07-31 04:14:11,6,4.11,1.0,FR1,Pellet,Left,800,163,438,0.31,1,FR1
2024-07-31 04:14:38,6,4.11,,FR1,Poke,Left,801,163,438,,1,FR1
2024-07-31 04:14:42,6,4.11,2.0,FR1,Pellet,Left,801,163,439,0.69,1,FR1
2024-07-31 04:15:01,6,4.11,,FR1,Poke,Left,802,163,439,,1,FR1
2024-07-31 04:15:03,6,4.11,1.0,FR1,Pellet,Left,802,163,440,1.01,1,FR1
2024-07-31 04:28:01,6,4.11,,FR1,Poke,Left,803,163,440,,1,FR1
2024-07-31 04:34:04,6,4.11,1.0,FR1,Pellet,Left,803,163,441,,1,FR1
2024-07-31 04:40:02,6,4.11,,FR1,Poke,Left,803,164,441,,1,FR1
2024-07-31 04:40:07,6,4.11,,FR1,Poke,Left,804,164,441,,1,FR1
2024-07-31 04:40:18,6,4.11,,FR1,Poke,Left,804,165,441,,1,FR1
2024-07-31 04:40:37,6,4.11,,FR1,Poke,Left,804,166,441,,1,FR1
2024-07-31 04:40:37,6,4.11,,FR1,Poke,Left,804,167,441,,1,FR1
2024-07-31 04:40:39,6,4.11,,FR1,Poke,Left,804,168,441,,1,FR1
2024-07-31 04:40:42,6,4.11,,FR1,Poke,Left,805,168,441,,1,FR1
2024-07-31 04:41:02,6,4.11,,FR1,Poke,Left,805,169,441,,1,FR1
2024-07-31 04:41:14,6,4.11,1.0,FR1,Pellet,Left,805,169,442,,1,FR1
2024-07-31 04:46:55,6,4.11,,FR1,Poke,Left,805,170,442,,1,FR1
2024-07-31 04:46:58,6,4.11,,FR1,Poke,Left,806,170,442,,1,FR1
2024-07-31 04:47:03,6,4.11,,FR1,Poke,Left,807,170,442,,1,FR1
2024-07-31 04:47:04,6,4.11,,FR1,Poke,Left,808,170,442,,1,FR1
2024-07-31 04:47:14,6,4.11,1.0,FR1,Pellet,Left,808,170,443,14.54,1,FR1
2024-07-31 04:47:35,6,4.11,,FR1,Poke,Left,808,171,443,,1,FR1
2024-07-31 04:47:36,6,4.11,,FR1,Poke,Left,808,172,443,,1,FR1
2024-07-31 04:47:40,6,4.11,,FR1,Poke,Left,809,172,443,,1,FR1
2024-07-31 04:50:44,6,4.11,,FR1,Poke,Left,810,172,443,,1,FR1
2024-07-31 04:59:03,6,4.11,,FR1,Poke,Left,811,172,443,,1,FR1
2024-07-31 04:59:08,6,4.11,,FR1,Poke,Left,811,173,443,,1,FR1
2024-07-31 04:59:27,6,4.11,1.0,FR1,Pellet,Left,811,173,444,,1,FR1
2024-07-31 05:07:02,6,4.11,,FR1,Poke,Left,811,174,444,,1,FR1
2024-07-31 05:07:08,6,4.11,,FR1,Poke,Left,811,175,444,,1,FR1
2024-07-31 05:11:38,6,4.11,,FR1,Poke,Left,811,176,444,,1,FR1
2024-07-31 05:11:59,6,4.11,,FR1,Poke,Left,812,176,444,,1,FR1
2024-07-31 05:12:01,6,4.11,1.0,FR1,Pellet,Left,812,176,445,1.51,1,FR1
2024-07-31 05:12:37,6,4.11,,FR1,Poke,Left,813,176,445,,1,FR1
2024-07-31 05:12:38,6,4.11,1.0,FR1,Pellet,Left,813,176,446,0.88,1,FR1
2024-07-31 05:13:02,6,4.11,,FR1,Poke,Left,814,176,446,,1,FR1
2024-07-31 05:13:04,6,4.11,1.0,FR1,Pellet,Left,814,176,447,1.07,1,FR1
2024-07-31 05:23:10,6,4.11,,FR1,Poke,Left,815,176,447,,1,FR1
2024-07-31 05:23:13,6,4.11,1.0,FR1,Pellet,Left,815,176,448,2.21,1,FR1
2024-07-31 05:28:14,6,4.11,,FR1,Poke,Left,815,177,448,,1,FR1
2024-07-31 05:28:17,6,4.11,,FR1,Poke,Left,815,178,448,,1,FR1
2024-07-31 05:28:20,6,4.11,,FR1,Poke,Left,815,179,448,,1,FR1
2024-07-31 05:28:22,6,4.11,,FR1,Poke,Left,816,179,448,,1,FR1
2024-07-31 05:28:24,6,4.11,,FR1,Poke,Left,817,179,448,,1,FR1
2024-07-31 05:36:05,6,4.11,1.0,FR1,Pellet,Left,817,179,449,,1,FR1
2024-07-31 05:36:59,6,4.11,,FR1,Poke,Left,818,179,449,,1,FR1
2024-07-31 05:37:00,6,4.11,1.0,FR1,Pellet,Left,818,179,450,0.44,1,FR1
2024-07-31 05:37:20,6,4.11,,FR1,Poke,Left,819,179,450,,1,FR1
2024-07-31 05:37:23,6,4.11,1.0,FR1,Pellet,Left,819,179,451,2.27,1,FR1
2024-07-31 05:42:30,6,4.11,,FR1,Poke,Left,819,180,451,,1,FR1
2024-07-31 05:52:05,6,4.11,,FR1,Poke,Left,820,180,451,,1,FR1
2024-07-31 05:52:19,6,4.11,,FR1,Poke,Left,820,181,451,,1,FR1
2024-07-31 05:52:22,6,4.1,,FR1,Poke,Left,821,181,451,,1,FR1
2024-07-31 05:52:22,6,4.11,,FR1,Poke,Left,822,181,451,,1,FR1
2024-07-31 05:52:33,6,4.11,,FR1,Poke,Left,823,181,451,,1,FR1
2024-07-31 05:52:36,6,4.11,1.0,FR1,Pellet,Left,823,181,452,30.21,1,FR1
2024-07-31 05:53:12,6,4.11,,FR1,Poke,Left,823,182,452,,1,FR1
2024-07-31 05:53:20,6,4.11,,FR1,Poke,Left,823,183,452,,1,FR1
2024-07-31 05:53:26,6,4.11,,FR1,Poke,Left,823,184,452,,1,FR1
2024-07-31 05:53:28,6,4.11,,FR1,Poke,Left,823,185,452,,1,FR1
2024-07-31 05:56:00,6,4.11,,FR1,Poke,Left,824,185,452,,1,FR1
2024-07-31 06:04:21,6,4.11,1.0,FR1,Pellet,Left,824,185,453,,1,FR1
2024-07-31 06:04:41,6,4.1,,FR1,Poke,Left,825,185,453,,1,FR1
2024-07-31 06:04:44,6,4.11,1.0,FR1,Pellet,Left,825,185,454,1.96,1,FR1
2024-07-31 06:05:12,6,4.11,,FR1,Poke,Left,825,186,454,,1,FR1
2024-07-31 06:24:38,6,4.11,,FR1,Poke,Left,825,187,454,,1,FR1
2024-07-31 08:03:49,6,4.1,,FR1,Poke,Left,826,187,454,,1,FR1
2024-07-31 08:03:50,6,4.11,1.0,FR1,Pellet,Left,826,187,455,0.69,1,FR1
2024-07-31 08:04:50,6,4.1,,FR1,Poke,Left,827,187,455,,1,FR1
2024-07-31 08:04:51,6,4.1,1.0,FR1,Pellet,Left,827,187,456,0.63,1,FR1
2024-07-31 08:05:15,6,4.11,,FR1,Poke,Left,828,187,456,,1,FR1
2024-07-31 08:05:16,6,4.1,1.0,FR1,Pellet,Left,828,187,457,0.37,1,FR1
2024-07-31 08:15:34,6,4.1,,FR1,Poke,Left,828,188,457,,1,FR1
2024-07-31 08:22:31,6,4.1,,FR1,Poke,Left,828,189,457,,1,FR1
2024-07-31 08:22:33,6,4.1,,FR1,Poke,Left,828,190,457,,1,FR1
2024-07-31 08:34:49,6,4.11,,FR1,Poke,Left,828,191,457,,1,FR1
2024-07-31 08:36:29,6,4.1,,FR1,Poke,Left,829,191,457,,1,FR1
2024-07-31 08:36:31,6,4.1,1.0,FR1,Pellet,Left,829,191,458,0.69,1,FR1
2024-07-31 08:36:59,6,4.11,,FR1,Poke,Left,830,191,458,,1,FR1
2024-07-31 08:37:00,6,4.1,1.0,FR1,Pellet,Left,830,191,459,0.44,1,FR1
2024-07-31 08:45:42,6,4.1,,FR1,Poke,Left,831,191,459,,1,FR1
2024-07-31 08:45:43,6,4.11,1.0,FR1,Pellet,Left,831,191,460,0.5,1,FR1
2024-07-31 08:46:12,6,4.1,,FR1,Poke,Left,832,191,460,,1,FR1
2024-07-31 08:46:13,6,4.1,1.0,FR1,Pellet,Left,832,191,461,0.37,1,FR1
2024-07-31 09:30:31,6,4.1,,FR1,Poke,Left,833,191,461,,1,FR1
2024-07-31 09:30:33,6,4.09,1.0,FR1,Pellet,Left,833,191,462,0.44,1,FR1
2024-07-31 09:31:42,6,4.1,,FR1,Poke,Left,834,191,462,,1,FR1
2024-07-31 09:31:43,6,4.1,1.0,FR1,Pellet,Left,834,191,463,0.44,1,FR1
2024-07-31 09:32:03,6,4.1,,FR1,Poke,Left,835,191,463,,1,FR1
2024-07-31 09:32:04,6,4.09,1.0,FR1,Pellet,Left,835,191,464,0.63,1,FR1
2024-07-31 09:32:29,6,4.1,,FR1,Poke,Left,836,191,464,,1,FR1
2024-07-31 09:32:31,6,4.1,1.0,FR1,Pellet,Left,836,191,465,0.56,1,FR1
2024-07-31 09:34:18,6,4.1,,FR1,Poke,Left,836,192,465,,1,FR1
2024-07-31 09:35:18,6,4.09,,FR1,Poke,Left,836,193,465,,1,FR1
2024-07-31 09:37:25,6,4.1,,FR1,Poke,Left,837,193,465,,1,FR1
2024-07-31 09:44:14,6,4.09,,FR1,Poke,Left,837,194,465,,1,FR1
2024-07-31 09:44:16,6,4.09,1.0,FR1,Pellet,Left,837,194,466,,1,FR1
2024-07-31 09:45:12,6,4.1,,FR1,Poke,Left,838,194,466,,1,FR1
2024-07-31 09:45:17,6,4.1,,FR1,Poke,Left,839,194,466,,1,FR1
2024-07-31 09:46:28,6,4.09,,FR1,Poke,Left,839,195,466,,1,FR1
2024-07-31 09:49:41,6,4.1,1.0,FR1,Pellet,Left,839,195,467,,1,FR1
2024-07-31 09:50:53,6,4.09,,FR1,Poke,Left,840,195,467,,1,FR1
2024-07-31 09:50:53,6,4.09,,FR1,Poke,Left,841,195,467,,1,FR1
2024-07-31 09:50:53,6,4.1,,FR1,Poke,Left,842,195,467,,1,FR1
2024-07-31 09:51:19,6,4.1,,FR1,Poke,Left,843,195,467,,1,FR1
2024-07-31 09:51:28,6,4.1,2.0,FR1,Pellet,Left,843,195,468,32.12,1,FR1
2024-07-31 09:51:56,6,4.1,,FR1,Poke,Left,844,195,468,,1,FR1
2024-07-31 09:54:28,6,4.09,2.0,FR1,Pellet,Left,844,195,469,,1,FR1
2024-07-31 11:15:10,6,4.09,,FR1,Poke,Left,845,195,469,,1,FR1
2024-07-31 11:15:47,6,4.09,,FR1,Poke,Left,846,195,469,,1,FR1
2024-07-31 11:18:51,6,4.09,,FR1,Poke,Left,846,196,469,,1,FR1
2024-07-31 11:21:10,6,4.09,,FR1,Poke,Left,847,196,469,,1,FR1
2024-07-31 11:26:25,6,4.09,4.0,FR1,Pellet,Left,847,196,470,,1,FR1
2024-07-31 11:29:56,6,4.09,,FR1,Poke,Left,848,196,470,,1,FR1
2024-07-31 11:29:58,6,4.09,,FR1,Poke,Left,849,196,470,,1,FR1
2024-07-31 11:31:54,6,4.09,2.0,FR1,Pellet,Left,849,196,471,,1,FR1
2024-07-31 11:33:57,6,4.09,,FR1,Poke,Left,850,196,471,,1,FR1
2024-07-31 11:33:57,6,4.09,,FR1,Poke,Left,851,196,471,,1,FR1
2024-07-31 12:15:18,6,4.08,3.0,FR1,Pellet,Left,851,196,472,,1,FR1
2024-07-31 12:16:25,6,4.09,,FR1,Poke,Left,851,197,472,,1,FR1
2024-07-31 12:17:04,6,4.09,,FR1,Poke,Left,852,197,472,,1,FR1
2024-07-31 12:17:06,6,4.09,2.0,FR1,Pellet,Left,852,197,473,1.2,1,FR1
2024-07-31 12:17:43,6,4.09,,FR1,Poke,Left,853,197,473,,1,FR1
2024-07-31 12:17:47,6,4.09,1.0,FR1,Pellet,Left,853,197,474,3.35,1,FR1
2024-07-31 12:21:07,6,4.09,,FR1,Poke,Left,854,197,474,,1,FR1
2024-07-31 12:22:38,6,4.09,1.0,FR1,Pellet,Left,854,197,475,,1,FR1
2024-07-31 12:23:02,6,4.09,,FR1,Poke,Left,854,198,475,,1,FR1
2024-07-31 13:14:22,6,4.09,,FR1,Poke,Left,855,198,475,,1,FR1
2024-07-31 13:14:23,6,4.09,1.0,FR1,Pellet,Left,855,198,476,0.25,1,FR1
2024-07-31 13:14:59,6,4.09,,FR1,Poke,Left,856,198,476,,1,FR1
2024-07-31 13:15:00,6,4.09,1.0,FR1,Pellet,Left,856,198,477,0.63,1,FR1
2024-07-31 13:15:28,6,4.09,,FR1,Poke,Left,857,198,477,,1,FR1
2024-07-31 13:15:29,6,4.09,1.0,FR1,Pellet,Left,857,198,478,0.31,1,FR1
2024-07-31 13:15:58,6,4.09,,FR1,Poke,Left,858,198,478,,1,FR1
2024-07-31 13:15:59,6,4.09,1.0,FR1,Pellet,Left,858,198,479,0.37,1,FR1
2024-07-31 13:19:34,6,4.09,,FR1,Poke,Left,858,199,479,,1,FR1
2024-07-31 14:01:14,6,4.09,,FR1,Poke,Left,859,199,479,,1,FR1
2024-07-31 14:01:15,6,4.09,1.0,FR1,Pellet,Left,859,199,480,0.5,1,FR1
2024-07-31 14:09:30,6,4.09,,FR1,Poke,Left,860,199,480,,1,FR1
2024-07-31 14:09:31,6,4.09,2.0,FR1,Pellet,Left,860,199,481,0.19,1,FR1
2024-07-31 14:09:57,6,4.09,,FR1,Poke,Left,861,199,481,,1,FR1
2024-07-31 14:09:57,6,4.08,,FR1,Poke,Left,862,199,481,,1,FR1
2024-07-31 14:10:01,6,4.09,2.0,FR1,Pellet,Left,862,199,482,0.69,1,FR1
2024-07-31 14:10:26,6,4.09,,FR1,Poke,Left,863,199,482,,1,FR1
2024-07-31 14:10:28,6,4.09,1.0,FR1,Pellet,Left,863,199,483,1.26,1,FR1
2024-07-31 15:00:40,6,4.09,,FR1,Poke,Left,864,199,483,,1,FR1
2024-07-31 15:00:41,6,4.09,1.0,FR1,Pellet,Left,864,199,484,0.18,1,FR1
2024-07-31 15:01:03,6,4.08,,FR1,Poke,Left,865,199,484,,1,FR1
2024-07-31 15:01:04,6,4.09,1.0,FR1,Pellet,Left,865,199,485,0.25,1,FR1
2024-07-31 15:01:44,6,4.09,,FR1,Poke,Left,866,199,485,,1,FR1
2024-07-31 15:01:45,6,4.09,1.0,FR1,Pellet,Left,866,199,486,0.25,1,FR1
2024-07-31 15:02:06,6,4.09,,FR1,Poke,Left,867,199,486,,1,FR1
2024-07-31 15:02:07,6,4.08,1.0,FR1,Pellet,Left,867,199,487,0.19,1,FR1
2024-07-31 15:46:54,6,4.09,,FR1,Poke,Left,868,199,487,,1,FR1
2024-07-31 15:46:55,6,4.08,1.0,FR1,Pellet,Left,868,199,488,0.44,1,FR1
2024-07-31 15:47:15,6,4.08,,FR1,Poke,Left,869,199,488,,1,FR1
2024-07-31 15:47:16,6,4.09,1.0,FR1,Pellet,Left,869,199,489,0.56,1,FR1
2024-07-31 15:47:39,6,4.09,,FR1,Poke,Left,870,199,489,,1,FR1
2024-07-31 15:47:40,6,4.08,2.0,FR1,Pellet,Left,870,199,490,0.06,1,FR1
2024-07-31 15:48:02,6,4.09,,FR1,Poke,Left,871,199,490,,1,FR1
2024-07-31 15:48:04,6,4.09,1.0,FR1,Pellet,Left,871,199,491,0.63,1,FR1
2024-07-31 15:48:40,6,4.08,,FR1,Poke,Left,872,199,491,,1,FR1
2024-07-31 15:48:41,6,4.08,1.0,FR1,Pellet,Left,872,199,492,0.37,1,FR1
2024-07-31 15:49:04,6,4.08,,FR1,Poke,Left,873,199,492,,1,FR1
2024-07-31 15:49:05,6,4.08,1.0,FR1,Pellet,Left,873,199,493,0.25,1,FR1
2024-07-31 16:06:30,6,4.08,,FR1,Poke,Left,874,199,493,,1,FR1
2024-07-31 16:06:31,6,4.08,1.0,FR1,Pellet,Left,874,199,494,0.69,1,FR1
2024-07-31 16:06:54,6,4.08,,FR1,Poke,Left,875,199,494,,1,FR1
2024-07-31 16:06:57,6,4.08,1.0,FR1,Pellet,Left,875,199,495,2.08,1,FR1
2024-07-31 16:07:16,6,4.09,,FR1,Poke,Left,876,199,495,,1,FR1
2024-07-31 16:07:17,6,4.08,1.0,FR1,Pellet,Left,876,199,496,0.37,1,FR1
2024-07-31 16:07:43,6,4.08,,FR1,Poke,Left,877,199,496,,1,FR1
2024-07-31 16:07:44,6,4.08,1.0,FR1,Pellet,Left,877,199,497,0.19,1,FR1
2024-07-31 16:49:34,6,4.08,,FR1,Poke,Left,878,199,497,,1,FR1
2024-07-31 16:49:35,6,4.08,1.0,FR1,Pellet,Left,878,199,498,0.37,1,FR1
2024-07-31 16:50:11,6,4.08,,FR1,Poke,Left,879,199,498,,1,FR1
2024-07-31 16:50:12,6,4.08,1.0,FR1,Pellet,Left,879,199,499,0.37,1,FR1
2024-07-31 16:54:01,6,4.08,,FR1,Poke,Left,880,199,499,,1,FR1
2024-07-31 16:54:02,6,4.08,1.0,FR1,Pellet,Left,880,199,500,0.12,1,FR1
2024-07-31 16:54:33,6,4.08,,FR1,Poke,Left,881,199,500,,1,FR1
2024-07-31 16:54:34,6,4.08,2.0,FR1,Pellet,Left,881,199,501,0.18,1,FR1
2024-07-31 17:21:44,6,4.08,,FR1,Poke,Left,882,199,501,,1,FR1
2024-07-31 17:21:45,6,4.08,1.0,FR1,Pellet,Left,882,199,502,0.37,1,FR1
2024-07-31 17:22:10,6,4.07,,FR1,Poke,Left,883,199,502,,1,FR1
2024-07-31 17:22:11,6,4.08,1.0,FR1,Pellet,Left,883,199,503,0.25,1,FR1
2024-07-31 17:22:35,6,4.09,,FR1,Poke,Left,884,199,503,,1,FR1
2024-07-31 17:22:36,6,4.08,1.0,FR1,Pellet,Left,884,199,504,0.56,1,FR1
2024-07-31 17:26:11,6,4.08,,FR1,Poke,Left,885,199,504,,1,FR1
2024-07-31 17:26:13,6,4.08,2.0,FR1,Pellet,Left,885,199,505,1.07,1,FR1
2024-07-31 17:26:45,6,4.08,,FR1,Poke,Left,886,199,505,,1,FR1
2024-07-31 17:26:46,6,4.08,1.0,FR1,Pellet,Left,886,199,506,0.31,1,FR1
2024-07-31 17:35:11,6,4.08,,FR1,Poke,Left,887,199,506,,1,FR1
2024-07-31 17:35:11,6,4.08,,FR1,Poke,Left,888,199,506,,1,FR1
2024-07-31 17:35:30,6,4.08,2.0,FR1,Pellet,Left,888,199,507,15.81,1,FR1
2024-07-31 18:05:38,6,4.07,,FR1,Poke,Left,889,199,507,,1,FR1
2024-07-31 18:05:39,6,4.07,1.0,FR1,Pellet,Left,889,199,508,0.19,1,FR1
2024-07-31 18:05:58,6,4.08,,FR1,Poke,Left,890,199,508,,1,FR1
2024-07-31 18:05:58,6,4.08,,FR1,Poke,Left,891,199,508,,1,FR1
2024-07-31 18:06:03,6,4.07,3.0,FR1,Pellet,Left,891,199,509,0.25,1,FR1
2024-07-31 18:06:25,6,4.08,,FR1,Poke,Left,892,199,509,,1,FR1
2024-07-31 18:06:25,6,4.07,1.0,FR1,Pellet,Left,892,199,510,0.25,1,FR1
2024-07-31 18:06:49,6,4.08,,FR1,Poke,Left,893,199,510,,1,FR1
2024-07-31 18:06:50,6,4.08,2.0,FR1,Pellet,Left,893,199,511,0.12,1,FR1
2024-07-31 18:27:26,6,4.08,,FR1,Poke,Left,894,199,511,,1,FR1
2024-07-31 18:28:16,6,4.07,,FR1,Poke,Left,894,200,511,,1,FR1
2024-07-31 18:29:50,6,4.08,1.0,FR1,Pellet,Left,894,200,512,,1,FR1
2024-07-31 18:30:48,6,4.08,,FR1,Poke,Left,894,201,512,,1,FR1
2024-07-31 18:34:50,6,4.08,,FR1,Poke,Left,895,201,512,,1,FR1
2024-07-31 18:35:26,6,4.07,1.0,FR1,Pellet,Left,895,201,513,35.46,1,FR1
2024-07-31 18:35:45,6,4.07,,FR1,Poke,Left,896,201,513,,1,FR1
2024-07-31 18:35:45,6,4.07,,FR1,Poke,Left,897,201,513,,1,FR1
2024-07-31 18:35:46,6,4.08,1.0,FR1,Pellet,Left,897,201,514,0.63,1,FR1
2024-07-31 18:36:04,6,4.07,,FR1,Poke,Left,898,201,514,,1,FR1
2024-07-31 18:36:08,6,4.08,2.0,FR1,Pellet,Left,898,201,515,2.85,1,FR1
2024-07-31 18:50:39,6,4.07,,FR1,Poke,Left,899,201,515,,1,FR1
2024-07-31 18:50:40,6,4.08,2.0,FR1,Pellet,Left,899,201,516,0.31,1,FR1
2024-07-31 18:51:13,6,4.07,,FR1,Poke,Left,900,201,516,,1,FR1
2024-07-31 18:51:14,6,4.07,2.0,FR1,Pellet,Left,900,201,517,0.19,1,FR1
2024-07-31 18:53:44,6,4.07,,FR1,Poke,Left,900,202,517,,1,FR1
2024-07-31 18:53:51,6,4.08,,FR1,Poke,Left,901,202,517,,1,FR1
2024-07-31 18:53:53,6,4.07,1.0,FR1,Pellet,Left,901,202,518,0.75,1,FR1
2024-07-31 19:02:54,6,4.08,,FR1,Poke,Left,902,202,518,,1,FR1
2024-07-31 19:02:55,6,4.07,1.0,FR1,Pellet,Left,902,202,519,0.19,1,FR1
2024-07-31 19:03:15,6,4.07,,FR1,Poke,Left,903,202,519,,1,FR1
2024-07-31 19:03:16,6,4.08,1.0,FR1,Pellet,Left,903,202,520,0.25,1,FR1
2024-07-31 19:03:37,6,4.07,,FR1,Poke,Left,904,202,520,,1,FR1
2024-07-31 19:03:38,6,4.07,1.0,FR1,Pellet,Left,904,202,521,0.18,1,FR1
2024-07-31 19:03:52,6,4.08,,FR1,Poke,Left,905,202,521,,1,FR1
2024-07-31 19:03:53,6,4.08,1.0,FR1,Pellet,Left,905,202,522,0.37,1,FR1
2024-07-31 19:04:17,6,4.08,,FR1,Poke,Left,906,202,522,,1,FR1
2024-07-31 19:04:18,6,4.08,1.0,FR1,Pellet,Left,906,202,523,0.25,1,FR1
2024-07-31 19:04:36,6,4.08,,FR1,Poke,Left,907,202,523,,1,FR1
2024-07-31 19:04:37,6,4.08,1.0,FR1,Pellet,Left,907,202,524,0.19,1,FR1
2024-07-31 19:23:09,6,4.07,,FR1,Poke,Left,908,202,524,,1,FR1
2024-07-31 19:23:11,6,4.07,2.0,FR1,Pellet,Left,908,202,525,0.44,1,FR1
2024-07-31 19:23:32,6,4.08,,FR1,Poke,Left,909,202,525,,1,FR1
2024-07-31 19:23:33,6,4.07,1.0,FR1,Pellet,Left,909,202,526,0.31,1,FR1
2024-07-31 19:23:48,6,4.07,,FR1,Poke,Left,910,202,526,,1,FR1
2024-07-31 19:23:49,6,4.07,1.0,FR1,Pellet,Left,910,202,527,0.19,1,FR1
2024-07-31 19:24:16,6,4.07,,FR1,Poke,Left,911,202,527,,1,FR1
2024-07-31 19:24:30,6,4.07,2.0,FR1,Pellet,Left,911,202,528,11.68,1,FR1
2024-07-31 19:36:38,6,4.07,,FR1,Poke,Left,912,202,528,,1,FR1
2024-07-31 19:39:32,6,4.07,,FR1,Poke,Left,912,203,528,,1,FR1
2024-07-31 19:44:14,6,4.07,1.0,FR1,Pellet,Left,912,203,529,,1,FR1
2024-07-31 19:44:33,6,4.07,,FR1,Poke,Left,913,203,529,,1,FR1
2024-07-31 19:44:34,6,4.07,,FR1,Poke,Left,914,203,529,,1,FR1
2024-07-31 19:44:35,6,4.07,1.0,FR1,Pellet,Left,914,203,530,0.88,1,FR1
2024-07-31 19:50:05,6,4.07,,FR1,Poke,Left,915,203,530,,1,FR1
2024-07-31 19:50:05,6,4.07,,FR1,Poke,Left,916,203,530,,1,FR1
2024-07-31 19:50:27,6,4.07,3.0,FR1,Pellet,Left,916,203,531,18.56,1,FR1
2024-07-31 19:52:09,6,4.07,,FR1,Poke,Left,917,203,531,,1,FR1
2024-07-31 19:52:13,6,4.07,,FR1,Poke,Left,917,204,531,,1,FR1
2024-07-31 19:54:04,6,4.07,,FR1,Poke,Left,918,204,531,,1,FR1
2024-07-31 19:54:21,6,4.07,,FR1,Poke,Left,918,205,531,,1,FR1
2024-07-31 19:54:39,6,4.07,,FR1,Poke,Left,918,206,531,,1,FR1
2024-07-31 19:55:02,6,4.07,2.0,FR1,Pellet,Left,918,206,532,,1,FR1
2024-07-31 19:55:33,6,4.07,,FR1,Poke,Left,918,207,532,,1,FR1
2024-07-31 19:55:45,6,4.07,,FR1,Poke,Left,918,208,532,,1,FR1
2024-07-31 20:05:15,6,4.07,,FR1,Poke,Left,919,208,532,,1,FR1
2024-07-31 20:05:17,6,4.07,2.0,FR1,Pellet,Left,919,208,533,1.26,1,FR1
2024-07-31 20:13:08,6,4.07,,FR1,Poke,Left,920,208,533,,1,FR1
2024-07-31 20:13:09,6,4.07,,FR1,Poke,Left,921,208,533,,1,FR1
2024-07-31 20:13:12,6,4.08,2.0,FR1,Pellet,Left,921,208,534,1.01,1,FR1
2024-07-31 20:13:29,6,4.07,,FR1,Poke,Left,922,208,534,,1,FR1
2024-07-31 20:13:31,6,4.07,1.0,FR1,Pellet,Left,922,208,535,1.01,1,FR1
2024-07-31 20:14:02,6,4.07,,FR1,Poke,Left,922,209,535,,1,FR1
2024-07-31 20:21:47,6,4.07,,FR1,Poke,Left,923,209,535,,1,FR1
2024-07-31 20:21:48,6,4.07,1.0,FR1,Pellet,Left,923,209,536,0.88,1,FR1
2024-07-31 20:22:08,6,4.07,,FR1,Poke,Left,924,209,536,,1,FR1
2024-07-31 20:22:08,6,4.07,,FR1,Poke,Left,925,209,536,,1,FR1
2024-07-31 20:22:12,6,4.07,2.0,FR1,Pellet,Left,925,209,537,0.56,1,FR1
2024-07-31 20:22:28,6,4.07,,FR1,Poke,Left,926,209,537,,1,FR1
2024-07-31 20:22:29,6,4.07,1.0,FR1,Pellet,Left,926,209,538,0.31,1,FR1
2024-07-31 20:39:10,6,4.07,,FR1,Poke,Left,927,209,538,,1,FR1
2024-07-31 20:39:11,6,4.07,1.0,FR1,Pellet,Left,927,209,539,0.31,1,FR1
2024-07-31 20:39:33,6,4.07,,FR1,Poke,Left,928,209,539,,1,FR1
2024-07-31 20:39:34,6,4.07,1.0,FR1,Pellet,Left,928,209,540,0.19,1,FR1
2024-07-31 20:39:52,6,4.07,,FR1,Poke,Left,929,209,540,,1,FR1
2024-07-31 20:39:53,6,4.07,2.0,FR1,Pellet,Left,929,209,541,0.06,1,FR1
2024-07-31 20:40:11,6,4.07,,FR1,Poke,Left,930,209,541,,1,FR1
2024-07-31 20:40:12,6,4.07,1.0,FR1,Pellet,Left,930,209,542,0.12,1,FR1
2024-07-31 20:40:29,6,4.07,,FR1,Poke,Left,931,209,542,,1,FR1
2024-07-31 20:40:30,6,4.07,1.0,FR1,Pellet,Left,931,209,543,0.5,1,FR1
2024-07-31 20:41:07,6,4.07,,FR1,Poke,Left,932,209,543,,1,FR1
2024-07-31 20:41:08,6,4.07,2.0,FR1,Pellet,Left,932,209,544,0.19,1,FR1
2024-07-31 20:50:19,6,4.07,,FR1,Poke,Left,933,209,544,,1,FR1
2024-07-31 20:50:20,6,4.07,1.0,FR1,Pellet,Left,933,209,545,0.37,1,FR1
2024-07-31 21:05:32,6,4.07,,FR1,Poke,Left,934,209,545,,1,FR1
2024-07-31 21:05:33,6,4.07,1.0,FR1,Pellet,Left,934,209,546,0.31,1,FR1
2024-07-31 21:05:53,6,4.07,,FR1,Poke,Left,935,209,546,,1,FR1
2024-07-31 21:05:54,6,4.07,2.0,FR1,Pellet,Left,935,209,547,0.25,1,FR1
2024-07-31 21:06:24,6,4.07,,FR1,Poke,Left,936,209,547,,1,FR1
2024-07-31 21:06:25,6,4.07,1.0,FR1,Pellet,Left,936,209,548,0.25,1,FR1
2024-07-31 21:06:46,6,4.07,,FR1,Poke,Left,937,209,548,,1,FR1
2024-07-31 21:06:48,6,4.07,1.0,FR1,Pellet,Left,937,209,549,0.31,1,FR1
2024-07-31 21:07:15,6,4.07,,FR1,Poke,Left,938,209,549,,1,FR1
2024-07-31 21:07:15,6,4.07,2.0,FR1,Pellet,Left,938,209,550,0.06,1,FR1
2024-07-31 21:15:41,6,4.07,,FR1,Poke,Left,939,209,550,,1,FR1
2024-07-31 21:15:42,6,4.07,1.0,FR1,Pellet,Left,939,209,551,0.25,1,FR1
2024-07-31 21:16:02,6,4.07,,FR1,Poke,Left,940,209,551,,1,FR1
2024-07-31 21:16:03,6,4.07,2.0,FR1,Pellet,Left,940,209,552,0.12,1,FR1
2024-07-31 21:16:25,6,4.07,,FR1,Poke,Left,941,209,552,,1,FR1
2024-07-31 21:16:26,6,4.07,1.0,FR1,Pellet,Left,941,209,553,0.06,1,FR1
2024-07-31 21:16:48,6,4.07,,FR1,Poke,Left,942,209,553,,1,FR1
2024-07-31 21:16:49,6,4.07,1.0,FR1,Pellet,Left,942,209,554,0.12,1,FR1
2024-07-31 21:18:10,6,4.07,,FR1,Poke,Left,943,209,554,,1,FR1
2024-07-31 21:18:11,6,4.06,1.0,FR1,Pellet,Left,943,209,555,0.5,1,FR1
2024-07-31 21:19:22,6,4.07,,FR1,Poke,Left,944,209,555,,1,FR1
2024-07-31 21:19:24,6,4.07,1.0,FR1,Pellet,Left,944,209,556,1.2,1,FR1
2024-07-31 21:30:28,6,4.07,,FR1,Poke,Left,944,210,556,,1,FR1
2024-07-31 21:30:35,6,4.07,,FR1,Poke,Left,944,211,556,,1,FR1
2024-07-31 21:30:44,6,4.07,,FR1,Poke,Left,945,211,556,,1,FR1
2024-07-31 21:30:55,6,4.07,1.0,FR1,Pellet,Left,945,211,557,10.79,1,FR1
2024-07-31 21:39:20,6,4.07,,FR1,Poke,Left,946,211,557,,1,FR1
2024-07-31 21:44:49,6,4.07,1.0,FR1,Pellet,Left,946,211,558,,1,FR1
2024-07-31 21:45:04,6,4.07,,FR1,Poke,Left,947,211,558,,1,FR1
2024-07-31 21:45:19,6,4.07,1.0,FR1,Pellet,Left,947,211,559,13.97,1,FR1
2024-07-31 21:45:41,6,4.07,,FR1,Poke,Left,948,211,559,,1,FR1
2024-07-31 21:45:42,6,4.07,2.0,FR1,Pellet,Left,948,211,560,0.37,1,FR1
2024-07-31 21:50:50,6,4.07,,FR1,Poke,Left,948,212,560,,1,FR1
2024-07-31 21:50:53,6,4.07,,FR1,Poke,Left,949,212,560,,1,FR1
2024-07-31 21:54:04,6,4.07,1.0,FR1,Pellet,Left,949,212,561,,1,FR1
2024-07-31 21:54:25,6,4.07,,FR1,Poke,Left,950,212,561,,1,FR1
2024-07-31 21:54:27,6,4.07,1.0,FR1,Pellet,Left,950,212,562,1.32,1,FR1
2024-07-31 21:56:24,6,4.07,,FR1,Poke,Left,951,212,562,,1,FR1
2024-07-31 21:58:40,6,4.07,1.0,FR1,Pellet,Left,951,212,563,,1,FR1
2024-07-31 22:09:27,6,4.07,,FR1,Poke,Left,952,212,563,,1,FR1
2024-07-31 22:14:32,6,4.07,1.0,FR1,Pellet,Left,952,212,564,,1,FR1
2024-07-31 22:35:10,6,4.07,,FR1,Poke,Left,953,212,564,,1,FR1
2024-07-31 22:35:11,6,4.07,2.0,FR1,Pellet,Left,953,212,565,0.19,1,FR1
2024-07-31 22:35:34,6,4.07,,FR1,Poke,Left,954,212,565,,1,FR1
2024-07-31 22:35:35,6,4.07,1.0,FR1,Pellet,Left,954,212,566,0.25,1,FR1
2024-07-31 22:35:56,6,4.07,,FR1,Poke,Left,955,212,566,,1,FR1
2024-07-31 22:35:57,6,4.07,1.0,FR1,Pellet,Left,955,212,567,0.31,1,FR1
2024-07-31 22:53:20,6,4.07,,FR1,Poke,Left,956,212,567,,1,FR1
2024-07-31 22:53:21,6,4.07,2.0,FR1,Pellet,Left,956,212,568,0.12,1,FR1
2024-07-31 22:53:47,6,4.07,,FR1,Poke,Left,957,212,568,,1,FR1
2024-07-31 22:53:48,6,4.07,1.0,FR1,Pellet,Left,957,212,569,0.5,1,FR1
2024-07-31 23:01:41,6,4.07,,FR1,Poke,Left,958,212,569,,1,FR1
2024-07-31 23:01:42,6,4.07,1.0,FR1,Pellet,Left,958,212,570,0.37,1,FR1
2024-07-31 23:10:28,6,4.07,,FR1,Poke,Left,959,212,570,,1,FR1
2024-07-31 23:11:51,6,4.07,,FR1,Poke,Left,960,212,570,,1,FR1
2024-07-31 23:11:52,6,4.07,,FR1,Poke,Left,960,213,570,,1,FR1
2024-07-31 23:12:10,6,4.07,,FR1,Poke,Left,960,214,570,,1,FR1
2024-07-31 23:12:12,6,4.06,,FR1,Poke,Left,961,214,570,,1,FR1
2024-07-31 23:12:12,6,4.06,,FR1,Poke,Left,962,214,570,,1,FR1
2024-07-31 23:15:50,6,4.07,1.0,FR1,Pellet,Left,962,214,571,,1,FR1
2024-07-31 23:20:31,6,4.07,,FR1,Poke,Left,963,214,571,,1,FR1
2024-07-31 23:20:38,6,4.07,1.0,FR1,Pellet,Left,963,214,572,6.34,1,FR1
2024-07-31 23:30:56,6,4.06,,FR1,Poke,Left,964,214,572,,1,FR1
2024-07-31 23:30:57,6,4.07,1.0,FR1,Pellet,Left,964,214,573,0.5,1,FR1
2024-07-31 23:37:36,6,4.07,,FR1,Poke,Left,964,215,573,,1,FR1
2024-07-31 23:45:53,6,4.07,,FR1,Poke,Left,965,215,573,,1,FR1
2024-07-31 23:45:56,6,4.07,1.0,FR1,Pellet,Left,965,215,574,2.02,1,FR1
2024-07-31 23:46:36,6,4.06,,FR1,Poke,Left,965,216,574,,1,FR1
2024-07-31 23:46:43,6,4.06,,FR1,Poke,Left,966,216,574,,1,FR1
2024-07-31 23:46:43,6,4.07,,FR1,Poke,Left,967,216,574,,1,FR1
2024-07-31 23:46:49,6,4.07,2.0,FR1,Pellet,Left,967,216,575,3.1,1,FR1
2024-07-31 23:47:23,6,4.07,,FR1,Poke,Left,968,216,575,,1,FR1
2024-07-31 23:47:24,6,4.06,1.0,FR1,Pellet,Left,968,216,576,1.13,1,FR1
2024-07-31 23:47:41,6,4.07,,FR1,Poke,Left,969,216,576,,1,FR1
2024-07-31 23:47:43,6,4.07,1.0,FR1,Pellet,Left,969,216,577,0.63,1,FR1
2024-07-31 23:48:04,6,4.06,,FR1,Poke,Left,970,216,577,,1,FR1
2024-07-31 23:48:05,6,4.06,2.0,FR1,Pellet,Left,970,216,578,0.18,1,FR1
2024-07-31 23:51:36,6,4.07,,FR1,Poke,Left,971,216,578,,1,FR1
2024-07-31 23:51:38,6,4.07,1.0,FR1,Pellet,Left,971,216,579,0.94,1,FR1
2024-07-31 23:51:56,6,4.07,,FR1,Poke,Left,971,217,579,,1,FR1
2024-07-31 23:56:02,6,4.07,,FR1,Poke,Left,972,217,579,,1,FR1
2024-07-31 23:56:02,6,4.06,,FR1,Poke,Left,973,217,579,,1,FR1
2024-07-31 23:56:23,6,4.05,2.0,FR1,Pellet,Left,973,217,580,18.18,1,FR1
2024-07-31 23:56:54,6,4.07,,FR1,Poke,Left,974,217,580,,1,FR1
2024-08-01 00:03:43,6,4.06,1.0,FR1,Pellet,Left,974,217,581,,1,FR1
2024-08-01 00:07:32,6,4.07,,FR1,Poke,Left,975,217,581,,1,FR1
2024-08-01 00:08:55,6,4.07,,FR1,Poke,Left,975,218,581,,1,FR1
2024-08-01 00:08:59,6,4.07,2.0,FR1,Pellet,Left,975,218,582,,1,FR1
2024-08-01 00:12:41,6,4.06,,FR1,Poke,Left,975,219,582,,1,FR1
2024-08-01 00:16:51,6,4.07,,FR1,Poke,Left,975,220,582,,1,FR1
2024-08-01 00:19:59,6,4.07,,FR1,Poke,Left,975,221,582,,1,FR1
2024-08-01 00:30:30,6,4.07,,FR1,Poke,Left,975,222,582,,1,FR1
2024-08-01 00:30:49,6,4.06,,FR1,Poke,Left,975,223,582,,1,FR1
2024-08-01 00:30:55,6,4.07,,FR1,Poke,Left,976,223,582,,1,FR1
2024-08-01 00:30:56,6,4.07,2.0,FR1,Pellet,Left,976,223,583,0.37,1,FR1
2024-08-01 00:31:35,6,4.06,,FR1,Poke,Left,977,223,583,,1,FR1
2024-08-01 00:31:37,6,4.07,1.0,FR1,Pellet,Left,977,223,584,0.75,1,FR1
2024-08-01 00:32:01,6,4.07,,FR1,Poke,Left,978,223,584,,1,FR1
2024-08-01 00:32:02,6,4.06,2.0,FR1,Pellet,Left,978,223,585,0.12,1,FR1
2024-08-01 00:37:26,6,4.06,,FR1,Poke,Left,979,223,585,,1,FR1
2024-08-01 00:37:31,6,4.06,,FR1,Poke,Left,979,224,585,,1,FR1
2024-08-01 00:37:32,6,4.07,,FR1,Poke,Left,979,225,585,,1,FR1
2024-08-01 00:37:56,6,4.06,,FR1,Poke,Left,979,226,585,,1,FR1
2024-08-01 00:38:22,6,4.06,1.0,FR1,Pellet,Left,979,226,586,55.77,1,FR1
2024-08-01 00:38:44,6,4.07,,FR1,Poke,Left,980,226,586,,1,FR1
2024-08-01 00:38:45,6,4.06,1.0,FR1,Pellet,Left,980,226,587,0.63,1,FR1
2024-08-01 00:48:30,6,4.06,,FR1,Poke,Left,981,226,587,,1,FR1
2024-08-01 00:48:36,6,4.06,1.0,FR1,Pellet,Left,981,226,588,5.64,1,FR1
2024-08-01 00:56:00,6,4.06,,FR1,Poke,Left,982,226,588,,1,FR1
2024-08-01 00:57:53,6,4.06,1.0,FR1,Pellet,Left,982,226,589,,1,FR1
2024-08-01 01:27:45,6,4.06,,FR1,Poke,Left,983,226,589,,1,FR1
2024-08-01 01:27:46,6,4.06,1.0,FR1,Pellet,Left,983,226,590,0.5,1,FR1
2024-08-01 01:29:07,6,4.07,,FR1,Poke,Left,984,226,590,,1,FR1
2024-08-01 01:29:09,6,4.06,1.0,FR1,Pellet,Left,984,226,591,1.83,1,FR1
2024-08-01 01:31:07,6,4.07,,FR1,Poke,Left,985,226,591,,1,FR1
2024-08-01 01:31:07,6,4.06,,FR1,Poke,Left,986,226,591,,1,FR1
2024-08-01 01:31:11,6,4.06,,FR1,Poke,Left,987,226,591,,1,FR1
2024-08-01 01:31:13,6,4.06,,FR1,Poke,Left,988,226,591,,1,FR1
2024-08-01 01:31:16,6,4.06,,FR1,Poke,Left,989,226,591,,1,FR1
2024-08-01 01:31:17,6,4.06,,FR1,Poke,Left,990,226,591,,1,FR1
2024-08-01 01:31:19,6,4.05,2.0,FR1,Pellet,Left,990,226,592,9.09,1,FR1
2024-08-01 01:32:36,6,4.06,,FR1,Poke,Left,991,226,592,,1,FR1
2024-08-01 01:33:14,6,4.06,1.0,FR1,Pellet,Left,991,226,593,37.29,1,FR1
2024-08-01 01:40:19,6,4.06,,FR1,Poke,Left,992,226,593,,1,FR1
2024-08-01 01:40:40,6,4.06,1.0,FR1,Pellet,Left,992,226,594,20.84,1,FR1
2024-08-01 01:47:27,6,4.06,,FR1,Poke,Left,992,227,594,,1,FR1
2024-08-01 01:47:33,6,4.06,,FR1,Poke,Left,992,228,594,,1,FR1
2024-08-01 01:47:41,6,4.06,,FR1,Poke,Left,992,229,594,,1,FR1
2024-08-01 01:47:47,6,4.06,,FR1,Poke,Left,992,230,594,,1,FR1
2024-08-01 01:48:02,6,4.06,,FR1,Poke,Left,993,230,594,,1,FR1
2024-08-01 01:48:04,6,4.06,1.0,FR1,Pellet,Left,993,230,595,0.82,1,FR1
2024-08-01 01:53:34,6,4.06,,FR1,Poke,Left,994,230,595,,1,FR1
2024-08-01 01:53:35,6,4.05,2.0,FR1,Pellet,Left,994,230,596,0.5,1,FR1
2024-08-01 01:53:48,6,4.05,,FR1,Poke,Left,995,230,596,,1,FR1
2024-08-01 01:53:50,6,4.06,1.0,FR1,Pellet,Left,995,230,597,0.63,1,FR1
2024-08-01 02:01:31,6,4.05,,FR1,Poke,Left,995,231,597,,1,FR1
2024-08-01 02:01:38,6,4.06,,FR1,Poke,Left,996,231,597,,1,FR1
2024-08-01 02:01:40,6,4.06,,FR1,Poke,Left,997,231,597,,1,FR1
2024-08-01 02:05:18,6,4.06,1.0,FR1,Pellet,Left,997,231,598,,1,FR1
2024-08-01 02:11:46,6,4.05,,FR1,Poke,Left,998,231,598,,1,FR1
2024-08-01 02:13:33,6,4.05,1.0,FR1,Pellet,Left,998,231,599,,1,FR1
2024-08-01 02:17:27,6,4.06,,FR1,Poke,Left,998,232,599,,1,FR1
2024-08-01 02:17:29,6,4.06,,FR1,Poke,Left,998,233,599,,1,FR1
2024-08-01 02:17:30,6,4.05,,FR1,Poke,Left,999,233,599,,1,FR1
2024-08-01 02:17:31,6,4.06,,FR1,Poke,Left,1000,233,599,,1,FR1
2024-08-01 02:17:35,6,4.06,1.0,FR1,Pellet,Left,1000,233,600,4.67,1,FR1
2024-08-01 02:24:31,6,4.06,,FR1,Poke,Left,1000,234,600,,1,FR1
2024-08-01 02:33:32,6,4.06,,FR1,Poke,Left,1001,234,600,,1,FR1
2024-08-01 02:34:39,6,4.05,1.0,FR1,Pellet,Left,1001,234,601,,1,FR1
2024-08-01 02:38:34,6,4.06,,FR1,Poke,Left,1001,235,601,,1,FR1
2024-08-01 04:10:06,6,4.05,,FR1,Poke,Left,1002,235,601,,1,FR1
2024-08-01 04:10:07,6,4.05,1.0,FR1,Pellet,Left,1002,235,602,0.63,1,FR1
2024-08-01 04:10:35,6,4.06,,FR1,Poke,Left,1003,235,602,,1,FR1
2024-08-01 04:10:36,6,4.05,1.0,FR1,Pellet,Left,1003,235,603,0.19,1,FR1
2024-08-01 04:11:25,6,4.05,,FR1,Poke,Left,1004,235,603,,1,FR1
2024-08-01 04:11:25,6,4.05,,FR1,Poke,Left,1005,235,603,,1,FR1
2024-08-01 04:11:57,6,4.05,3.0,FR1,Pellet,Left,1005,235,604,27.33,1,FR1
2024-08-01 04:12:31,6,4.05,,FR1,Poke,Left,1006,235,604,,1,FR1
2024-08-01 04:12:32,6,4.05,1.0,FR1,Pellet,Left,1006,235,605,0.18,1,FR1
2024-08-01 04:20:23,6,4.06,,FR1,Poke,Left,1006,236,605,,1,FR1
2024-08-01 04:42:04,6,4.05,,FR1,Poke,Left,1007,236,605,,1,FR1
2024-08-01 04:42:05,6,4.06,1.0,FR1,Pellet,Left,1007,236,606,0.82,1,FR1
2024-08-01 04:42:31,6,4.06,,FR1,Poke,Left,1008,236,606,,1,FR1
2024-08-01 04:42:32,6,4.05,1.0,FR1,Pellet,Left,1008,236,607,0.25,1,FR1
2024-08-01 04:44:12,6,4.05,,FR1,Poke,Left,1008,237,607,,1,FR1
2024-08-01 04:44:19,6,4.05,,FR1,Poke,Left,1009,237,607,,1,FR1
2024-08-01 04:44:23,6,4.05,1.0,FR1,Pellet,Left,1009,237,608,2.53,1,FR1
2024-08-01 04:46:50,6,4.05,,FR1,Poke,Left,1009,238,608,,1,FR1
2024-08-01 04:47:17,6,4.05,,FR1,Poke,Left,1010,238,608,,1,FR1
2024-08-01 04:47:19,6,4.05,,FR1,Poke,Left,1011,238,608,,1,FR1
2024-08-01 04:51:08,6,4.05,1.0,FR1,Pellet,Left,1011,238,609,,1,FR1
2024-08-01 04:53:24,6,4.05,,FR1,Poke,Left,1012,238,609,,1,FR1
2024-08-01 04:55:30,6,4.05,,FR1,Poke,Left,1013,238,609,,1,FR1
2024-08-01 04:55:44,6,4.05,,FR1,Poke,Left,1014,238,609,,1,FR1
2024-08-01 04:57:43,6,4.05,1.0,FR1,Pellet,Left,1014,238,610,,1,FR1
2024-08-01 05:04:48,6,4.05,,FR1,Poke,Left,1014,239,610,,1,FR1
2024-08-01 05:06:02,6,4.05,,FR1,Poke,Left,1015,239,610,,1,FR1
2024-08-01 05:06:08,6,4.05,1.0,FR1,Pellet,Left,1015,239,611,5.77,1,FR1
2024-08-01 05:51:02,6,4.05,,FR1,Poke,Left,1016,239,611,,1,FR1
2024-08-01 05:51:04,6,4.05,1.0,FR1,Pellet,Left,1016,239,612,0.5,1,FR1
2024-08-01 05:51:36,6,4.05,,FR1,Poke,Left,1017,239,612,,1,FR1
2024-08-01 05:51:37,6,4.05,2.0,FR1,Pellet,Left,1017,239,613,0.19,1,FR1
2024-08-01 05:52:33,6,4.05,,FR1,Poke,Left,1018,239,613,,1,FR1
2024-08-01 05:52:34,6,4.05,1.0,FR1,Pellet,Left,1018,239,614,0.25,1,FR1
2024-08-01 05:52:59,6,4.05,,FR1,Poke,Left,1019,239,614,,1,FR1
2024-08-01 05:53:00,6,4.05,1.0,FR1,Pellet,Left,1019,239,615,0.31,1,FR1
2024-08-01 07:41:07,6,4.05,,FR1,Poke,Left,1020,239,615,,1,FR1
2024-08-01 07:41:08,6,4.05,1.0,FR1,Pellet,Left,1020,239,616,0.5,1,FR1
2024-08-01 07:41:30,6,4.05,,FR1,Poke,Left,1021,239,616,,1,FR1
2024-08-01 07:41:31,6,4.05,1.0,FR1,Pellet,Left,1021,239,617,0.25,1,FR1
2024-08-01 07:43:29,6,4.05,,FR1,Poke,Left,1022,239,617,,1,FR1
2024-08-01 07:43:30,6,4.05,1.0,FR1,Pellet,Left,1022,239,618,0.31,1,FR1
2024-08-01 07:55:13,6,4.05,,FR1,Poke,Left,1023,239,618,,1,FR1
2024-08-01 07:55:13,6,4.04,,FR1,Poke,Left,1024,239,618,,1,FR1
2024-08-01 07:55:18,6,4.05,,FR1,Poke,Left,1025,239,618,,1,FR1
2024-08-01 07:55:21,6,4.05,3.0,FR1,Pellet,Left,1025,239,619,5.54,1,FR1
2024-08-01 08:05:25,6,4.05,,FR1,Poke,Left,1025,240,619,,1,FR1
2024-08-01 08:05:37,6,4.05,,FR1,Poke,Left,1025,241,619,,1,FR1
2024-08-01 08:05:41,6,4.04,,FR1,Poke,Left,1025,242,619,,1,FR1
2024-08-01 08:07:00,6,4.05,,FR1,Poke,Left,1026,242,619,,1,FR1
2024-08-01 08:07:02,6,4.05,,FR1,Poke,Left,1027,242,619,,1,FR1
2024-08-01 08:07:04,6,4.05,1.0,FR1,Pellet,Left,1027,242,620,3.07,1,FR1
2024-08-01 08:07:24,6,4.04,,FR1,Poke,Left,1028,242,620,,1,FR1
2024-08-01 08:07:25,6,4.05,1.0,FR1,Pellet,Left,1028,242,621,0.44,1,FR1
2024-08-01 08:07:46,6,4.05,,FR1,Poke,Left,1029,242,621,,1,FR1
2024-08-01 08:07:47,6,4.05,1.0,FR1,Pellet,Left,1029,242,622,0.31,1,FR1
2024-08-01 08:08:23,6,4.04,,FR1,Poke,Left,1030,242,622,,1,FR1
2024-08-01 08:08:25,6,4.05,1.0,FR1,Pellet,Left,1030,242,623,0.94,1,FR1
2024-08-01 08:25:16,6,4.04,,FR1,Poke,Left,1030,243,623,,1,FR1
2024-08-01 08:25:20,6,4.05,,FR1,Poke,Left,1030,244,623,,1,FR1
2024-08-01 08:25:25,6,4.05,,FR1,Poke,Left,1031,244,623,,1,FR1
2024-08-01 08:25:28,6,4.05,,FR1,Poke,Left,1032,244,623,,1,FR1
2024-08-01 08:25:44,6,4.05,1.0,FR1,Pellet,Left,1032,244,624,18.26,1,FR1
2024-08-01 08:30:14,6,4.05,,FR1,Poke,Left,1032,245,624,,1,FR1
2024-08-01 10:13:44,6,4.04,,FR1,Poke,Left,1032,246,624,,1,FR1
2024-08-01 10:13:54,6,4.04,,FR1,Poke,Left,1033,246,624,,1,FR1
2024-08-01 10:13:56,6,4.04,1.0,FR1,Pellet,Left,1033,246,625,0.44,1,FR1
2024-08-01 10:14:25,6,4.04,,FR1,Poke,Left,1034,246,625,,1,FR1
2024-08-01 10:14:27,6,4.04,1.0,FR1,Pellet,Left,1034,246,626,0.37,1,FR1
2024-08-01 10:14:52,6,4.04,,FR1,Poke,Left,1035,246,626,,1,FR1
2024-08-01 10:14:53,6,4.03,1.0,FR1,Pellet,Left,1035,246,627,0.37,1,FR1
2024-08-01 12:18:30,6,4.03,,FR1,Poke,Left,1036,246,627,,1,FR1
2024-08-01 12:18:31,6,4.03,1.0,FR1,Pellet,Left,1036,246,628,0.25,1,FR1
2024-08-01 12:19:27,6,4.03,,FR1,Poke,Left,1037,246,628,,1,FR1
2024-08-01 12:19:28,6,4.03,1.0,FR1,Pellet,Left,1037,246,629,0.25,1,FR1
2024-08-01 12:19:56,6,4.03,,FR1,Poke,Left,1038,246,629,,1,FR1
2024-08-01 12:19:57,6,4.03,1.0,FR1,Pellet,Left,1038,246,630,0.31,1,FR1
2024-08-01 12:31:57,6,4.03,,FR1,Poke,Left,1038,247,630,,1,FR1
2024-08-01 12:41:15,6,4.03,,FR1,Poke,Left,1039,247,630,,1,FR1
2024-08-01 12:41:17,6,4.03,1.0,FR1,Pellet,Left,1039,247,631,0.63,1,FR1
2024-08-01 12:47:34,6,4.03,,FR1,Poke,Left,1040,247,631,,1,FR1
2024-08-01 12:47:35,6,4.04,1.0,FR1,Pellet,Left,1040,247,632,0.75,1,FR1
2024-08-01 12:47:59,6,4.03,,FR1,Poke,Left,1041,247,632,,1,FR1
2024-08-01 12:48:01,6,4.03,1.0,FR1,Pellet,Left,1041,247,633,1.13,1,FR1
2024-08-01 13:06:48,6,4.03,,FR1,Poke,Left,1042,247,633,,1,FR1
2024-08-01 13:06:51,6,4.03,1.0,FR1,Pellet,Left,1042,247,634,1.39,1,FR1
2024-08-01 13:10:07,6,4.04,,FR1,Poke,Left,1042,248,634,,1,FR1
2024-08-01 13:10:07,6,4.03,,FR1,Poke,Left,1042,249,634,,1,FR1
2024-08-01 13:10:08,6,4.03,,FR1,Poke,Left,1042,250,634,,1,FR1
2024-08-01 13:11:40,6,4.04,,FR1,Poke,Left,1043,250,634,,1,FR1
2024-08-01 13:11:42,6,4.03,1.0,FR1,Pellet,Left,1043,250,635,1.32,1,FR1
2024-08-01 13:27:03,6,4.03,,FR1,Poke,Left,1044,250,635,,1,FR1
2024-08-01 13:27:05,6,4.03,,FR1,Poke,Left,1045,250,635,,1,FR1
2024-08-01 13:27:39,6,4.03,1.0,FR1,Pellet,Left,1045,250,636,35.69,1,FR1
2024-08-01 14:59:27,6,4.03,,FR1,Poke,Left,1046,250,636,,1,FR1
2024-08-01 14:59:28,6,4.03,1.0,FR1,Pellet,Left,1046,250,637,0.25,1,FR1
2024-08-01 14:59:57,6,4.03,,FR1,Poke,Left,1047,250,637,,1,FR1
2024-08-01 14:59:58,6,4.03,1.0,FR1,Pellet,Left,1047,250,638,0.44,1,FR1
2024-08-01 15:00:24,6,4.03,,FR1,Poke,Left,1048,250,638,,1,FR1
2024-08-01 15:00:24,6,4.03,1.0,FR1,Pellet,Left,1048,250,639,0.19,1,FR1
2024-08-01 15:44:50,6,4.03,,FR1,Poke,Left,1049,250,639,,1,FR1
2024-08-01 15:44:52,6,4.03,1.0,FR1,Pellet,Left,1049,250,640,0.94,1,FR1
2024-08-01 15:45:16,6,4.03,,FR1,Poke,Left,1050,250,640,,1,FR1
2024-08-01 15:45:17,6,4.03,1.0,FR1,Pellet,Left,1050,250,641,0.25,1,FR1
2024-08-01 15:45:43,6,4.03,,FR1,Poke,Left,1051,250,641,,1,FR1
2024-08-01 15:45:44,6,4.03,1.0,FR1,Pellet,Left,1051,250,642,0.19,1,FR1
2024-08-01 16:32:25,6,4.03,,FR1,Poke,Left,1052,250,642,,1,FR1
2024-08-01 16:32:26,6,4.03,,FR1,Poke,Left,1053,250,642,,1,FR1
2024-08-01 16:32:29,6,4.03,2.0,FR1,Pellet,Left,1053,250,643,0.69,1,FR1
2024-08-01 16:32:57,6,4.03,,FR1,Poke,Left,1054,250,643,,1,FR1
2024-08-01 16:32:59,6,4.03,1.0,FR1,Pellet,Left,1054,250,644,1.39,1,FR1
2024-08-01 16:33:23,6,4.03,,FR1,Poke,Left,1055,250,644,,1,FR1
2024-08-01 16:33:24,6,4.03,1.0,FR1,Pellet,Left,1055,250,645,0.31,1,FR1
2024-08-01 16:33:58,6,4.03,,FR1,Poke,Left,1056,250,645,,1,FR1
2024-08-01 16:33:59,6,4.03,1.0,FR1,Pellet,Left,1056,250,646,0.75,1,FR1
2024-08-01 16:45:29,6,4.02,,FR1,Poke,Left,1057,250,646,,1,FR1
2024-08-01 16:45:30,6,4.03,2.0,FR1,Pellet,Left,1057,250,647,0.06,1,FR1
2024-08-01 16:45:52,6,4.03,,FR1,Poke,Left,1058,250,647,,1,FR1
2024-08-01 16:45:53,6,4.03,1.0,FR1,Pellet,Left,1058,250,648,0.25,1,FR1
2024-08-01 17:10:58,6,4.02,,FR1,Poke,Left,1059,250,648,,1,FR1
2024-08-01 17:11:00,6,4.03,1.0,FR1,Pellet,Left,1059,250,649,0.75,1,FR1
2024-08-01 17:11:26,6,4.03,,FR1,Poke,Left,1060,250,649,,1,FR1
2024-08-01 17:11:27,6,4.03,2.0,FR1,Pellet,Left,1060,250,650,0.06,1,FR1
2024-08-01 17:11:43,6,4.03,,FR1,Poke,Left,1061,250,650,,1,FR1
2024-08-01 17:11:43,6,4.03,1.0,FR1,Pellet,Left,1061,250,651,0.25,1,FR1
2024-08-01 17:12:08,6,4.03,,FR1,Poke,Left,1062,250,651,,1,FR1
2024-08-01 17:12:09,6,4.03,1.0,FR1,Pellet,Left,1062,250,652,0.31,1,FR1
2024-08-01 17:40:27,6,4.03,,FR1,Poke,Left,1063,250,652,,1,FR1
2024-08-01 17:40:28,6,4.03,1.0,FR1,Pellet,Left,1063,250,653,0.5,1,FR1
2024-08-01 17:41:01,6,4.03,,FR1,Poke,Left,1064,250,653,,1,FR1
2024-08-01 17:41:02,6,4.03,1.0,FR1,Pellet,Left,1064,250,654,0.44,1,FR1
2024-08-01 18:03:45,6,4.03,,FR1,Poke,Left,1065,250,654,,1,FR1
2024-08-01 18:03:46,6,4.03,1.0,FR1,Pellet,Left,1065,250,655,0.56,1,FR1
2024-08-01 18:17:57,6,4.03,,FR1,Poke,Left,1066,250,655,,1,FR1
2024-08-01 18:17:58,6,4.02,2.0,FR1,Pellet,Left,1066,250,656,0.37,1,FR1
2024-08-01 18:18:46,6,4.02,,FR1,Poke,Left,1067,250,656,,1,FR1
2024-08-01 18:18:47,6,4.02,1.0,FR1,Pellet,Left,1067,250,657,0.56,1,FR1
2024-08-01 18:19:09,6,4.02,,FR1,Poke,Left,1068,250,657,,1,FR1
2024-08-01 18:19:10,6,4.03,1.0,FR1,Pellet,Left,1068,250,658,0.44,1,FR1
2024-08-01 18:31:04,6,4.02,,FR1,Poke,Left,1068,251,658,,1,FR1
2024-08-01 18:32:48,6,4.03,,FR1,Poke,Left,1069,251,658,,1,FR1
2024-08-01 18:32:50,6,4.03,,FR1,Poke,Left,1070,251,658,,1,FR1
2024-08-01 18:33:54,6,4.03,,FR1,Poke,Left,1070,252,658,,1,FR1
2024-08-01 18:34:10,6,4.02,1.0,FR1,Pellet,Left,1070,252,659,,1,FR1
2024-08-01 18:34:25,6,4.02,,FR1,Poke,Left,1071,252,659,,1,FR1
2024-08-01 18:34:27,6,4.02,1.0,FR1,Pellet,Left,1071,252,660,0.69,1,FR1
2024-08-01 18:34:46,6,4.02,,FR1,Poke,Left,1072,252,660,,1,FR1
2024-08-01 18:34:48,6,4.03,2.0,FR1,Pellet,Left,1072,252,661,0.82,1,FR1
2024-08-01 18:36:45,6,4.02,,FR1,Poke,Left,1073,252,661,,1,FR1
2024-08-01 18:38:31,6,4.02,,FR1,Poke,Left,1073,253,661,,1,FR1
2024-08-01 18:38:39,6,4.02,,FR1,Poke,Left,1074,253,661,,1,FR1
2024-08-01 18:38:43,6,4.03,,FR1,Poke,Left,1075,253,661,,1,FR1
2024-08-01 18:38:46,6,4.02,,FR1,Poke,Left,1075,254,661,,1,FR1
2024-08-01 18:38:53,6,4.02,,FR1,Poke,Left,1076,254,661,,1,FR1
2024-08-01 18:41:43,6,4.03,1.0,FR1,Pellet,Left,1076,254,662,,1,FR1
2024-08-01 18:43:08,6,4.02,,FR1,Poke,Left,1077,254,662,,1,FR1
2024-08-01 18:43:10,6,4.02,1.0,FR1,Pellet,Left,1077,254,663,1.39,1,FR1
2024-08-01 18:59:30,6,4.03,,FR1,Poke,Left,1078,254,663,,1,FR1
2024-08-01 18:59:32,6,4.02,1.0,FR1,Pellet,Left,1078,254,664,0.95,1,FR1
2024-08-01 18:59:52,6,4.02,,FR1,Poke,Left,1079,254,664,,1,FR1
2024-08-01 18:59:54,6,4.02,1.0,FR1,Pellet,Left,1079,254,665,1.26,1,FR1
2024-08-01 19:03:58,6,4.02,,FR1,Poke,Left,1079,255,665,,1,FR1
2024-08-01 19:07:54,6,4.02,,FR1,Poke,Left,1080,255,665,,1,FR1
2024-08-01 19:07:57,6,4.02,1.0,FR1,Pellet,Left,1080,255,666,2.85,1,FR1
2024-08-01 19:08:22,6,4.02,,FR1,Poke,Left,1081,255,666,,1,FR1
2024-08-01 19:08:24,6,4.02,1.0,FR1,Pellet,Left,1081,255,667,1.2,1,FR1
2024-08-01 19:08:40,6,4.02,,FR1,Poke,Left,1082,255,667,,1,FR1
2024-08-01 19:08:42,6,4.02,1.0,FR1,Pellet,Left,1082,255,668,1.01,1,FR1
2024-08-01 19:11:20,6,4.02,,FR1,Poke,Left,1083,255,668,,1,FR1
2024-08-01 19:12:33,6,4.02,1.0,FR1,Pellet,Left,1083,255,669,,1,FR1
2024-08-01 19:12:48,6,4.02,,FR1,Poke,Left,1084,255,669,,1,FR1
2024-08-01 19:12:49,6,4.02,1.0,FR1,Pellet,Left,1084,255,670,0.5,1,FR1
2024-08-01 19:13:06,6,4.02,,FR1,Poke,Left,1085,255,670,,1,FR1
2024-08-01 19:13:07,6,4.02,1.0,FR1,Pellet,Left,1085,255,671,0.37,1,FR1
2024-08-01 19:13:40,6,4.02,,FR1,Poke,Left,1086,255,671,,1,FR1
2024-08-01 19:13:49,6,4.02,1.0,FR1,Pellet,Left,1086,255,672,7.49,1,FR1
2024-08-01 19:28:19,6,4.02,,FR1,Poke,Left,1087,255,672,,1,FR1
2024-08-01 19:28:25,6,4.02,1.0,FR1,Pellet,Left,1087,255,673,5.2,1,FR1
2024-08-01 19:28:43,6,4.03,,FR1,Poke,Left,1088,255,673,,1,FR1
2024-08-01 19:28:44,6,4.02,1.0,FR1,Pellet,Left,1088,255,674,0.63,1,FR1
2024-08-01 19:29:10,6,4.02,,FR1,Poke,Left,1089,255,674,,1,FR1
2024-08-01 19:29:11,6,4.02,,FR1,Poke,Left,1090,255,674,,1,FR1
2024-08-01 19:29:24,6,4.02,,FR1,Poke,Left,1091,255,674,,1,FR1
2024-08-01 19:29:25,6,4.02,,FR1,Poke,Left,1092,255,674,,1,FR1
2024-08-01 19:32:10,6,4.02,2.0,FR1,Pellet,Left,1092,255,675,,1,FR1
2024-08-01 19:34:36,6,4.02,,FR1,Poke,Left,1092,256,675,,1,FR1
2024-08-01 19:34:51,6,4.02,,FR1,Poke,Left,1093,256,675,,1,FR1
2024-08-01 19:34:51,6,4.02,,FR1,Poke,Left,1094,256,675,,1,FR1
2024-08-01 19:34:56,6,4.02,2.0,FR1,Pellet,Left,1094,256,676,1.83,1,FR1
2024-08-01 19:37:53,6,4.02,,FR1,Poke,Left,1095,256,676,,1,FR1
2024-08-01 19:38:52,6,4.02,1.0,FR1,Pellet,Left,1095,256,677,58.47,1,FR1
2024-08-01 19:39:16,6,4.02,,FR1,Poke,Left,1096,256,677,,1,FR1
2024-08-01 19:39:18,6,4.02,1.0,FR1,Pellet,Left,1096,256,678,0.94,1,FR1
2024-08-01 19:39:33,6,4.02,,FR1,Poke,Left,1097,256,678,,1,FR1
2024-08-01 19:39:35,6,4.02,1.0,FR1,Pellet,Left,1097,256,679,1.51,1,FR1
2024-08-01 19:39:49,6,4.02,,FR1,Poke,Left,1098,256,679,,1,FR1
2024-08-01 19:39:51,6,4.02,1.0,FR1,Pellet,Left,1098,256,680,0.88,1,FR1
2024-08-01 20:05:05,6,4.02,,FR1,Poke,Left,1099,256,680,,1,FR1
2024-08-01 20:05:07,6,4.02,1.0,FR1,Pellet,Left,1099,256,681,0.5,1,FR1
2024-08-01 20:05:29,6,4.02,,FR1,Poke,Left,1100,256,681,,1,FR1
2024-08-01 20:05:30,6,4.02,1.0,FR1,Pellet,Left,1100,256,682,0.75,1,FR1
2024-08-01 20:12:02,6,4.02,,FR1,Poke,Left,1100,257,682,,1,FR1
2024-08-01 20:12:14,6,4.02,,FR1,Poke,Left,1100,258,682,,1,FR1
2024-08-01 20:12:19,6,4.02,,FR1,Poke,Left,1101,258,682,,1,FR1
2024-08-01 20:12:21,6,4.02,1.0,FR1,Pellet,Left,1101,258,683,1.2,1,FR1
2024-08-01 20:12:42,6,4.02,,FR1,Poke,Left,1101,259,683,,1,FR1
2024-08-01 20:16:16,6,4.02,,FR1,Poke,Left,1102,259,683,,1,FR1
2024-08-01 20:16:16,6,4.02,,FR1,Poke,Left,1103,259,683,,1,FR1
2024-08-01 20:16:24,6,4.02,2.0,FR1,Pellet,Left,1103,259,684,4.62,1,FR1
2024-08-01 20:16:52,6,4.02,,FR1,Poke,Left,1103,260,684,,1,FR1
2024-08-01 20:16:55,6,4.02,,FR1,Poke,Left,1103,261,684,,1,FR1
2024-08-01 20:23:18,6,4.02,,FR1,Poke,Left,1104,261,684,,1,FR1
2024-08-01 20:23:20,6,4.02,1.0,FR1,Pellet,Left,1104,261,685,1.45,1,FR1
2024-08-01 20:23:35,6,4.02,,FR1,Poke,Left,1105,261,685,,1,FR1
2024-08-01 20:23:36,6,4.02,1.0,FR1,Pellet,Left,1105,261,686,0.56,1,FR1
2024-08-01 20:23:52,6,4.02,,FR1,Poke,Left,1106,261,686,,1,FR1
2024-08-01 20:23:53,6,4.02,1.0,FR1,Pellet,Left,1106,261,687,0.5,1,FR1
2024-08-01 20:24:26,6,4.02,,FR1,Poke,Left,1107,261,687,,1,FR1
2024-08-01 20:26:06,6,4.02,1.0,FR1,Pellet,Left,1107,261,688,,1,FR1
2024-08-01 20:31:25,6,4.02,,FR1,Poke,Left,1108,261,688,,1,FR1
2024-08-01 20:35:04,6,4.02,1.0,FR1,Pellet,Left,1108,261,689,,1,FR1
2024-08-01 20:37:54,6,4.02,,FR1,Poke,Left,1109,261,689,,1,FR1
2024-08-01 20:38:12,6,4.02,,FR1,Poke,Left,1109,262,689,,1,FR1
2024-08-01 20:38:13,6,4.02,,FR1,Poke,Left,1109,263,689,,1,FR1
2024-08-01 20:38:20,6,4.02,,FR1,Poke,Left,1110,263,689,,1,FR1
2024-08-01 20:38:25,6,4.02,1.0,FR1,Pellet,Left,1110,263,690,30.42,1,FR1
2024-08-01 20:54:16,6,4.02,,FR1,Poke,Left,1111,263,690,,1,FR1
2024-08-01 20:54:17,6,4.02,2.0,FR1,Pellet,Left,1111,263,691,0.06,1,FR1
2024-08-01 20:54:31,6,4.02,,FR1,Poke,Left,1112,263,691,,1,FR1
2024-08-01 20:54:32,6,4.02,1.0,FR1,Pellet,Left,1112,263,692,0.31,1,FR1
2024-08-01 20:54:52,6,4.02,,FR1,Poke,Left,1113,263,692,,1,FR1
2024-08-01 20:54:54,6,4.02,1.0,FR1,Pellet,Left,1113,263,693,0.44,1,FR1
2024-08-01 20:55:12,6,4.02,,FR1,Poke,Left,1114,263,693,,1,FR1
2024-08-01 20:55:13,6,4.02,1.0,FR1,Pellet,Left,1114,263,694,0.37,1,FR1
2024-08-01 21:13:02,6,4.02,,FR1,Poke,Left,1115,263,694,,1,FR1
2024-08-01 21:13:03,6,4.02,2.0,FR1,Pellet,Left,1115,263,695,0.12,1,FR1
2024-08-01 21:13:25,6,4.02,,FR1,Poke,Left,1116,263,695,,1,FR1
2024-08-01 21:13:26,6,4.02,1.0,FR1,Pellet,Left,1116,263,696,0.19,1,FR1
2024-08-01 21:13:45,6,4.02,,FR1,Poke,Left,1117,263,696,,1,FR1
2024-08-01 21:13:46,6,4.02,1.0,FR1,Pellet,Left,1117,263,697,0.31,1,FR1
2024-08-01 21:14:12,6,4.02,,FR1,Poke,Left,1118,263,697,,1,FR1
2024-08-01 21:14:13,6,4.02,1.0,FR1,Pellet,Left,1118,263,698,0.31,1,FR1
2024-08-01 21:27:10,6,4.02,,FR1,Poke,Left,1119,263,698,,1,FR1
2024-08-01 21:27:11,6,4.02,,FR1,Poke,Left,1120,263,698,,1,FR1
2024-08-01 21:27:27,6,4.02,,FR1,Poke,Left,1121,263,698,,1,FR1
2024-08-01 21:27:28,6,4.02,,FR1,Poke,Left,1122,263,698,,1,FR1
2024-08-01 21:27:37,6,4.02,,FR1,Poke,Left,1123,263,698,,1,FR1
2024-08-01 21:27:40,6,4.02,3.0,FR1,Pellet,Left,1123,263,699,26.02,1,FR1
2024-08-01 21:28:07,6,4.02,,FR1,Poke,Left,1123,264,699,,1,FR1
2024-08-01 21:30:40,6,4.02,,FR1,Poke,Left,1124,264,699,,1,FR1
2024-08-01 21:31:49,6,4.02,2.0,FR1,Pellet,Left,1124,264,700,,1,FR1
2024-08-01 21:33:58,6,4.02,,FR1,Poke,Left,1125,264,700,,1,FR1
2024-08-01 21:34:07,6,4.02,,FR1,Poke,Left,1125,265,700,,1,FR1
2024-08-01 21:34:10,6,4.02,,FR1,Poke,Left,1125,266,700,,1,FR1
2024-08-01 21:34:12,6,4.02,,FR1,Poke,Left,1126,266,700,,1,FR1
2024-08-01 21:34:13,6,4.02,,FR1,Poke,Left,1127,266,700,,1,FR1
2024-08-01 21:34:35,6,4.02,,FR1,Poke,Left,1128,266,700,,1,FR1
2024-08-01 21:35:09,6,4.02,2.0,FR1,Pellet,Left,1128,266,701,,1,FR1
2024-08-01 21:46:21,6,4.02,,FR1,Poke,Left,1128,267,701,,1,FR1
2024-08-01 21:48:13,6,4.02,,FR1,Poke,Left,1129,267,701,,1,FR1
2024-08-01 21:48:14,6,4.02,1.0,FR1,Pellet,Left,1129,267,702,0.44,1,FR1
2024-08-01 21:48:28,6,4.02,,FR1,Poke,Left,1130,267,702,,1,FR1
2024-08-01 21:48:30,6,4.02,1.0,FR1,Pellet,Left,1130,267,703,0.31,1,FR1
2024-08-01 21:51:28,6,4.02,,FR1,Poke,Left,1131,267,703,,1,FR1
2024-08-01 21:51:29,6,4.02,1.0,FR1,Pellet,Left,1131,267,704,0.88,1,FR1
2024-08-01 21:52:32,6,4.02,,FR1,Poke,Left,1132,267,704,,1,FR1
2024-08-01 21:55:06,6,4.02,,FR1,Poke,Left,1132,268,704,,1,FR1
2024-08-01 21:55:09,6,4.01,,FR1,Poke,Left,1133,268,704,,1,FR1
2024-08-01 21:55:33,6,4.02,1.0,FR1,Pellet,Left,1133,268,705,,1,FR1
2024-08-01 21:57:03,6,4.02,,FR1,Poke,Left,1133,269,705,,1,FR1
2024-08-01 21:57:05,6,4.02,,FR1,Poke,Left,1134,269,705,,1,FR1
2024-08-01 21:57:28,6,4.02,,FR1,Poke,Left,1135,269,705,,1,FR1
2024-08-01 21:57:28,6,4.02,,FR1,Poke,Left,1136,269,705,,1,FR1
2024-08-01 21:57:34,6,4.02,2.0,FR1,Pellet,Left,1136,269,706,28.79,1,FR1
2024-08-01 21:58:53,6,4.02,,FR1,Poke,Left,1137,269,706,,1,FR1
2024-08-01 22:02:05,6,4.02,,FR1,Poke,Left,1137,270,706,,1,FR1
2024-08-01 22:02:21,6,4.02,,FR1,Poke,Left,1137,271,706,,1,FR1
2024-08-01 22:02:52,6,4.02,,FR1,Poke,Left,1138,271,706,,1,FR1
2024-08-01 22:02:55,6,4.02,,FR1,Poke,Left,1139,271,706,,1,FR1
2024-08-01 22:04:22,6,4.02,,FR1,Poke,Left,1139,272,706,,1,FR1
2024-08-01 22:04:35,6,4.02,1.0,FR1,Pellet,Left,1139,272,707,,1,FR1
2024-08-01 22:13:00,6,4.01,,FR1,Poke,Left,1140,272,707,,1,FR1
2024-08-01 22:14:31,6,4.02,1.0,FR1,Pellet,Left,1140,272,708,,1,FR1
2024-08-01 22:15:11,6,4.02,,FR1,Poke,Left,1141,272,708,,1,FR1
2024-08-01 22:15:13,6,4.02,1.0,FR1,Pellet,Left,1141,272,709,1.07,1,FR1
2024-08-01 22:18:45,6,4.02,,FR1,Poke,Left,1142,272,709,,1,FR1
2024-08-01 22:18:46,6,4.02,1.0,FR1,Pellet,Left,1142,272,710,0.44,1,FR1
2024-08-01 22:21:50,6,4.02,,FR1,Poke,Left,1143,272,710,,1,FR1
2024-08-01 22:21:51,6,4.02,1.0,FR1,Pellet,Left,1143,272,711,0.31,1,FR1
2024-08-01 22:22:08,6,4.02,,FR1,Poke,Left,1144,272,711,,1,FR1
2024-08-01 22:22:09,6,4.02,1.0,FR1,Pellet,Left,1144,272,712,0.44,1,FR1
2024-08-01 22:26:20,6,4.02,,FR1,Poke,Left,1145,272,712,,1,FR1
2024-08-01 22:26:22,6,4.0,1.0,FR1,Pellet,Left,1145,272,713,1.52,1,FR1
2024-08-01 22:28:47,6,4.02,,FR1,Poke,Left,1146,272,713,,1,FR1
2024-08-01 22:29:56,6,4.02,,FR1,Poke,Left,1146,273,713,,1,FR1
2024-08-01 22:30:24,6,4.02,,FR1,Poke,Left,1147,273,713,,1,FR1
2024-08-01 22:30:40,6,4.02,,FR1,Poke,Left,1148,273,713,,1,FR1
2024-08-01 22:30:48,6,4.01,,FR1,Poke,Left,1149,273,713,,1,FR1
2024-08-01 22:30:54,6,4.02,,FR1,Poke,Left,1150,273,713,,1,FR1
2024-08-01 22:31:04,6,4.02,1.0,FR1,Pellet,Left,1150,273,714,,1,FR1
2024-08-01 22:43:04,6,4.02,,FR1,Poke,Left,1150,274,714,,1,FR1
2024-08-01 22:43:18,6,4.02,,FR1,Poke,Left,1151,274,714,,1,FR1
2024-08-01 22:43:18,6,4.02,,FR1,Poke,Left,1152,274,714,,1,FR1
2024-08-01 22:43:21,6,4.02,,FR1,Poke,Left,1153,274,714,,1,FR1
2024-08-01 22:43:25,6,4.02,4.0,FR1,Pellet,Left,1153,274,715,0.37,1,FR1
2024-08-01 22:43:44,6,4.02,,FR1,Poke,Left,1154,274,715,,1,FR1
2024-08-01 22:43:45,6,4.02,1.0,FR1,Pellet,Left,1154,274,716,0.82,1,FR1
2024-08-01 22:53:58,6,4.02,,FR1,Poke,Left,1155,274,716,,1,FR1
2024-08-01 22:54:29,6,4.01,1.0,FR1,Pellet,Left,1155,274,717,30.64,1,FR1
2024-08-01 22:55:04,6,4.02,,FR1,Poke,Left,1155,275,717,,1,FR1
2024-08-01 22:55:04,6,4.02,,FR1,Poke,Left,1155,276,717,,1,FR1
2024-08-01 22:55:10,6,4.01,,FR1,Poke,Left,1156,276,717,,1,FR1
2024-08-01 22:55:17,6,4.02,,FR1,Poke,Left,1157,276,717,,1,FR1
2024-08-01 22:55:18,6,4.01,,FR1,Poke,Left,1158,276,717,,1,FR1
2024-08-01 22:55:18,6,4.02,,FR1,Poke,Left,1159,276,717,,1,FR1
2024-08-01 22:55:41,6,4.02,1.0,FR1,Pellet,Left,1159,276,718,30.46,1,FR1
2024-08-01 23:02:41,6,4.02,,FR1,Poke,Left,1159,277,718,,1,FR1
2024-08-01 23:02:43,6,4.02,,FR1,Poke,Left,1160,277,718,,1,FR1
2024-08-01 23:02:45,6,4.02,1.0,FR1,Pellet,Left,1160,277,719,1.52,1,FR1
2024-08-01 23:03:13,6,4.01,,FR1,Poke,Left,1161,277,719,,1,FR1
2024-08-01 23:03:15,6,4.02,1.0,FR1,Pellet,Left,1161,277,720,1.01,1,FR1
2024-08-01 23:03:39,6,4.01,,FR1,Poke,Left,1162,277,720,,1,FR1
2024-08-01 23:06:21,6,4.02,1.0,FR1,Pellet,Left,1162,277,721,,1,FR1
2024-08-02 00:24:45,6,4.02,,FR1,Poke,Left,1163,277,721,,1,FR1
2024-08-02 00:24:47,6,4.01,1.0,FR1,Pellet,Left,1163,277,722,0.63,1,FR1
2024-08-02 00:31:56,6,4.01,,FR1,Poke,Left,1163,278,722,,1,FR1
2024-08-02 00:32:14,6,4.01,,FR1,Poke,Left,1164,278,722,,1,FR1
2024-08-02 00:32:17,6,4.01,1.0,FR1,Pellet,Left,1164,278,723,2.41,1,FR1
2024-08-02 00:33:10,6,4.02,,FR1,Poke,Left,1165,278,723,,1,FR1
2024-08-02 00:33:30,6,4.01,2.0,FR1,Pellet,Left,1165,278,724,19.91,1,FR1
2024-08-02 00:37:04,6,4.01,,FR1,Poke,Left,1166,278,724,,1,FR1
2024-08-02 00:37:13,6,4.01,1.0,FR1,Pellet,Left,1166,278,725,8.7,1,FR1
2024-08-02 00:37:32,6,4.01,,FR1,Poke,Left,1167,278,725,,1,FR1
2024-08-02 00:37:34,6,4.01,1.0,FR1,Pellet,Left,1167,278,726,0.95,1,FR1
2024-08-02 00:37:56,6,4.01,,FR1,Poke,Left,1168,278,726,,1,FR1
2024-08-02 00:38:14,6,4.01,,FR1,Poke,Left,1169,278,726,,1,FR1
2024-08-02 00:39:15,6,4.02,1.0,FR1,Pellet,Left,1169,278,727,,1,FR1
2024-08-02 01:09:59,6,4.01,,FR1,Poke,Left,1170,278,727,,1,FR1
2024-08-02 01:10:02,6,4.01,1.0,FR1,Pellet,Left,1170,278,728,1.9,1,FR1
2024-08-02 01:10:27,6,4.01,,FR1,Poke,Left,1171,278,728,,1,FR1
2024-08-02 01:10:29,6,4.01,1.0,FR1,Pellet,Left,1171,278,729,0.5,1,FR1
2024-08-02 01:11:12,6,4.01,,FR1,Poke,Left,1172,278,729,,1,FR1
2024-08-02 01:11:22,6,4.01,1.0,FR1,Pellet,Left,1172,278,730,8.88,1,FR1
2024-08-02 01:13:48,6,4.01,,FR1,Poke,Left,1173,278,730,,1,FR1
2024-08-02 01:19:01,6,4.01,1.0,FR1,Pellet,Left,1173,278,731,,1,FR1
2024-08-02 01:19:17,6,4.0,,FR1,Poke,Left,1174,278,731,,1,FR1
2024-08-02 01:19:19,6,4.01,2.0,FR1,Pellet,Left,1174,278,732,0.5,1,FR1
2024-08-02 01:19:36,6,4.01,,FR1,Poke,Left,1175,278,732,,1,FR1
2024-08-02 01:19:37,6,4.0,1.0,FR1,Pellet,Left,1175,278,733,0.75,1,FR1
2024-08-02 01:19:58,6,4.01,,FR1,Poke,Left,1176,278,733,,1,FR1
2024-08-02 01:28:36,6,4.01,1.0,FR1,Pellet,Left,1176,278,734,,1,FR1
2024-08-02 01:28:58,6,4.01,,FR1,Poke,Left,1177,278,734,,1,FR1
2024-08-02 01:30:22,6,4.01,1.0,FR1,Pellet,Left,1177,278,735,,1,FR1
2024-08-02 01:30:53,6,4.02,,FR1,Poke,Left,1178,278,735,,1,FR1
2024-08-02 01:32:43,6,4.01,,FR1,Poke,Left,1178,279,735,,1,FR1
2024-08-02 01:33:27,6,4.01,,FR1,Poke,Left,1178,280,735,,1,FR1
2024-08-02 01:33:51,6,4.01,,FR1,Poke,Left,1178,281,735,,1,FR1
2024-08-02 01:33:56,6,4.01,,FR1,Poke,Left,1179,281,735,,1,FR1
2024-08-02 01:34:15,6,4.01,1.0,FR1,Pellet,Left,1179,281,736,,1,FR1
2024-08-02 01:34:41,6,4.0,,FR1,Poke,Left,1180,281,736,,1,FR1
2024-08-02 01:34:46,6,4.01,1.0,FR1,Pellet,Left,1180,281,737,4.43,1,FR1
2024-08-02 01:53:13,6,4.01,,FR1,Poke,Left,1181,281,737,,1,FR1
2024-08-02 01:53:28,6,4.0,,FR1,Poke,Left,1182,281,737,,1,FR1
2024-08-02 01:53:30,6,4.01,,FR1,Poke,Left,1183,281,737,,1,FR1
2024-08-02 01:53:30,6,4.01,,FR1,Poke,Left,1184,281,737,,1,FR1
2024-08-02 01:53:45,6,4.01,,FR1,Poke,Left,1184,282,737,,1,FR1
2024-08-02 01:55:23,6,4.01,,FR1,Poke,Left,1184,283,737,,1,FR1
2024-08-02 01:58:14,6,4.01,,FR1,Poke,Left,1185,283,737,,1,FR1
2024-08-02 02:00:28,6,4.0,,FR1,Poke,Left,1186,283,737,,1,FR1
2024-08-02 02:02:55,6,4.01,1.0,FR1,Pellet,Left,1186,283,738,,1,FR1
2024-08-02 02:15:32,6,4.0,,FR1,Poke,Left,1187,283,738,,1,FR1
2024-08-02 02:15:35,6,4.01,1.0,FR1,Pellet,Left,1187,283,739,2.15,1,FR1
2024-08-02 02:27:23,6,4.0,,FR1,Poke,Left,1188,283,739,,1,FR1
2024-08-02 02:27:25,6,4.0,1.0,FR1,Pellet,Left,1188,283,740,1.58,1,FR1
2024-08-02 02:29:26,6,4.01,,FR1,Poke,Left,1188,284,740,,1,FR1
2024-08-02 02:29:35,6,4.0,,FR1,Poke,Left,1188,285,740,,1,FR1
2024-08-02 02:29:36,6,4.01,,FR1,Poke,Left,1188,286,740,,1,FR1
2024-08-02 02:29:40,6,4.0,,FR1,Poke,Left,1189,286,740,,1,FR1
2024-08-02 02:29:56,6,4.01,1.0,FR1,Pellet,Left,1189,286,741,15.32,1,FR1
2024-08-02 02:30:55,6,4.01,,FR1,Poke,Left,1190,286,741,,1,FR1
2024-08-02 02:31:33,6,4.0,1.0,FR1,Pellet,Left,1190,286,742,37.02,1,FR1
2024-08-02 02:32:19,6,4.0,,FR1,Poke,Left,1191,286,742,,1,FR1
2024-08-02 02:32:22,6,4.0,1.0,FR1,Pellet,Left,1191,286,743,2.79,1,FR1
2024-08-02 02:33:55,6,4.0,,FR1,Poke,Left,1191,287,743,,1,FR1
2024-08-02 02:34:55,6,4.01,,FR1,Poke,Left,1191,288,743,,1,FR1
2024-08-02 02:34:56,6,4.0,,FR1,Poke,Left,1191,289,743,,1,FR1
2024-08-02 02:34:57,6,4.01,,FR1,Poke,Left,1191,290,743,,1,FR1
2024-08-02 02:34:58,6,4.01,,FR1,Poke,Left,1191,291,743,,1,FR1
2024-08-02 02:34:59,6,4.01,,FR1,Poke,Left,1191,292,743,,1,FR1
2024-08-02 02:35:01,6,4.0,,FR1,Poke,Left,1191,293,743,,1,FR1
2024-08-02 02:35:03,6,4.01,,FR1,Poke,Left,1191,294,743,,1,FR1
2024-08-02 02:35:04,6,4.01,,FR1,Poke,Left,1191,295,743,,1,FR1
2024-08-02 02:35:05,6,4.01,,FR1,Poke,Left,1191,296,743,,1,FR1
2024-08-02 02:35:08,6,4.0,,FR1,Poke,Left,1191,297,743,,1,FR1
2024-08-02 02:35:09,6,4.0,,FR1,Poke,Left,1191,298,743,,1,FR1
2024-08-02 02:35:30,6,4.01,,FR1,Poke,Left,1191,299,743,,1,FR1
2024-08-02 02:35:58,6,4.0,,FR1,Poke,Left,1192,299,743,,1,FR1
2024-08-02 02:35:59,6,4.01,,FR1,Poke,Left,1193,299,743,,1,FR1
2024-08-02 02:36:18,6,4.0,,FR1,Poke,Left,1193,300,743,,1,FR1
2024-08-02 02:36:20,6,4.0,,FR1,Poke,Left,1193,301,743,,1,FR1
2024-08-02 02:36:35,6,4.0,,FR1,Poke,Left,1193,302,743,,1,FR1
2024-08-02 02:36:46,6,4.01,2.0,FR1,Pellet,Left,1193,302,744,44.17,1,FR1
2024-08-02 02:48:49,6,4.01,,FR1,Poke,Left,1194,302,744,,1,FR1
2024-08-02 02:49:01,6,4.0,,FR1,Poke,Left,1195,302,744,,1,FR1
2024-08-02 02:49:15,6,4.0,1.0,FR1,Pellet,Left,1195,302,745,25.55,1,FR1
2024-08-02 03:01:49,6,4.01,,FR1,Poke,Left,1196,302,745,,1,FR1
2024-08-02 03:03:09,6,4.0,1.0,FR1,Pellet,Left,1196,302,746,,1,FR1
2024-08-02 03:03:24,6,4.0,,FR1,Poke,Left,1197,302,746,,1,FR1
2024-08-02 03:03:25,6,4.0,1.0,FR1,Pellet,Left,1197,302,747,0.69,1,FR1
2024-08-02 03:06:31,6,4.0,,FR1,Poke,Left,1197,303,747,,1,FR1
2024-08-02 03:06:32,6,4.0,,FR1,Poke,Left,1197,304,747,,1,FR1
2024-08-02 03:06:36,6,4.0,,FR1,Poke,Left,1198,304,747,,1,FR1
2024-08-02 03:06:59,6,4.0,1.0,FR1,Pellet,Left,1198,304,748,22.4,1,FR1
2024-08-02 04:19:11,6,4.0,,FR1,Poke,Left,1199,304,748,,1,FR1
2024-08-02 04:19:13,6,4.0,1.0,FR1,Pellet,Left,1199,304,749,0.44,1,FR1
2024-08-02 04:37:32,6,4.0,,FR1,Poke,Left,1200,304,749,,1,FR1
2024-08-02 04:37:34,6,4.0,1.0,FR1,Pellet,Left,1200,304,750,1.26,1,FR1
2024-08-02 04:48:26,6,4.0,,FR1,Poke,Left,1201,304,750,,1,FR1
2024-08-02 04:48:28,6,4.0,1.0,FR1,Pellet,Left,1201,304,751,0.94,1,FR1
2024-08-02 04:48:48,6,4.0,,FR1,Poke,Left,1202,304,751,,1,FR1
2024-08-02 04:48:49,6,4.0,1.0,FR1,Pellet,Left,1202,304,752,0.37,1,FR1
2024-08-02 04:49:14,6,4.0,,FR1,Poke,Left,1203,304,752,,1,FR1
2024-08-02 04:49:16,6,4.0,1.0,FR1,Pellet,Left,1203,304,753,1.26,1,FR1
2024-08-02 04:50:40,6,4.0,,FR1,Poke,Left,1203,305,753,,1,FR1
2024-08-02 04:50:50,6,4.0,,FR1,Poke,Left,1204,305,753,,1,FR1
2024-08-02 04:50:53,6,4.0,1.0,FR1,Pellet,Left,1204,305,754,2.47,1,FR1
2024-08-02 05:03:53,6,4.0,,FR1,Poke,Left,1205,305,754,,1,FR1
2024-08-02 05:03:54,6,4.0,1.0,FR1,Pellet,Left,1205,305,755,0.56,1,FR1
2024-08-02 05:12:32,6,4.0,,FR1,Poke,Left,1206,305,755,,1,FR1
2024-08-02 05:12:34,6,4.0,2.0,FR1,Pellet,Left,1206,305,756,1.13,1,FR1
2024-08-02 05:17:41,6,4.0,,FR1,Poke,Left,1206,306,756,,1,FR1
2024-08-02 05:17:42,6,4.0,,FR1,Poke,Left,1207,306,756,,1,FR1
2024-08-02 05:17:44,6,4.0,,FR1,Poke,Left,1208,306,756,,1,FR1
2024-08-02 05:18:41,6,4.0,1.0,FR1,Pellet,Left,1208,306,757,58.72,1,FR1
2024-08-02 05:22:17,6,4.0,,FR1,Poke,Left,1208,307,757,,1,FR1
2024-08-02 05:22:18,6,4.0,,FR1,Poke,Left,1208,308,757,,1,FR1
2024-08-02 05:22:20,6,4.0,,FR1,Poke,Left,1208,309,757,,1,FR1
2024-08-02 05:22:23,6,4.0,,FR1,Poke,Left,1208,310,757,,1,FR1
2024-08-02 05:22:26,6,4.0,,FR1,Poke,Left,1208,311,757,,1,FR1
2024-08-02 05:22:27,6,4.0,,FR1,Poke,Left,1208,312,757,,1,FR1
2024-08-02 05:22:29,6,4.0,,FR1,Poke,Left,1208,313,757,,1,FR1
2024-08-02 05:22:33,6,4.0,,FR1,Poke,Left,1208,314,757,,1,FR1
2024-08-02 05:22:46,6,4.0,,FR1,Poke,Left,1208,315,757,,1,FR1
2024-08-02 05:22:53,6,4.0,,FR1,Poke,Left,1209,315,757,,1,FR1
2024-08-02 05:22:53,6,4.0,,FR1,Poke,Left,1210,315,757,,1,FR1
2024-08-02 05:22:54,6,4.0,,FR1,Poke,Left,1211,315,757,,1,FR1
2024-08-02 05:22:54,6,4.0,,FR1,Poke,Left,1212,315,757,,1,FR1
2024-08-02 05:22:58,6,4.0,2.0,FR1,Pellet,Left,1212,315,758,1.52,1,FR1
2024-08-02 05:38:14,6,4.0,,FR1,Poke,Left,1213,315,758,,1,FR1
2024-08-02 05:38:16,6,4.0,1.0,FR1,Pellet,Left,1213,315,759,0.69,1,FR1
2024-08-02 05:49:11,6,4.0,,FR1,Poke,Left,1214,315,759,,1,FR1
2024-08-02 05:49:13,6,4.0,1.0,FR1,Pellet,Left,1214,315,760,1.26,1,FR1
2024-08-02 05:49:36,6,4.0,,FR1,Poke,Left,1215,315,760,,1,FR1
2024-08-02 05:49:37,6,4.0,1.0,FR1,Pellet,Left,1215,315,761,0.69,1,FR1
2024-08-02 05:49:53,6,4.0,,FR1,Poke,Left,1216,315,761,,1,FR1
2024-08-02 05:49:55,6,4.0,1.0,FR1,Pellet,Left,1216,315,762,0.44,1,FR1
2024-08-02 05:56:46,6,4.0,,FR1,Poke,Left,1216,316,762,,1,FR1
2024-08-02 05:58:52,6,4.0,,FR1,Poke,Left,1217,316,762,,1,FR1
2024-08-02 05:59:10,6,4.0,,FR1,Poke,Left,1217,317,762,,1,FR1
2024-08-02 05:59:12,6,4.0,1.0,FR1,Pellet,Left,1217,317,763,19.58,1,FR1
2024-08-02 06:25:46,6,4.0,,FR1,Poke,Left,1217,318,763,,1,FR1
2024-08-02 06:25:54,6,4.0,,FR1,Poke,Left,1218,318,763,,1,FR1
2024-08-02 06:25:58,6,4.0,,FR1,Poke,Left,1219,318,763,,1,FR1
2024-08-02 06:26:02,6,4.0,1.0,FR1,Pellet,Left,1219,318,764,7.79,1,FR1
2024-08-02 06:26:20,6,4.0,,FR1,Poke,Left,1220,318,764,,1,FR1
2024-08-02 06:26:22,6,4.0,1.0,FR1,Pellet,Left,1220,318,765,0.82,1,FR1
2024-08-02 06:30:17,6,3.99,,FR1,Poke,Left,1220,319,765,,1,FR1
2024-08-02 08:41:25,6,3.99,,FR1,Poke,Left,1220,320,765,,1,FR1
2024-08-02 08:41:30,6,4.0,,FR1,Poke,Left,1221,320,765,,1,FR1
2024-08-02 08:41:31,6,3.99,,FR1,Poke,Left,1222,320,765,,1,FR1
2024-08-02 08:41:32,6,3.99,1.0,FR1,Pellet,Left,1222,320,766,0.69,1,FR1
2024-08-02 08:43:32,6,3.99,,FR1,Poke,Left,1223,320,766,,1,FR1
2024-08-02 08:43:55,6,3.99,1.0,FR1,Pellet,Left,1223,320,767,22.26,1,FR1
2024-08-02 10:25:46,6,3.98,,FR1,Poke,Left,1224,320,767,,1,FR1
2024-08-02 10:25:47,6,3.99,1.0,FR1,Pellet,Left,1224,320,768,0.25,1,FR1
2024-08-02 10:26:07,6,3.99,,FR1,Poke,Left,1225,320,768,,1,FR1
2024-08-02 10:26:08,6,3.98,1.0,FR1,Pellet,Left,1225,320,769,0.25,1,FR1
2024-08-02 10:26:29,6,3.99,,FR1,Poke,Left,1226,320,769,,1,FR1
2024-08-02 10:26:30,6,3.98,1.0,FR1,Pellet,Left,1226,320,770,0.25,1,FR1
2024-08-02 10:26:53,6,3.99,,FR1,Poke,Left,1227,320,770,,1,FR1
2024-08-02 10:26:54,6,3.99,2.0,FR1,Pellet,Left,1227,320,771,0.25,1,FR1
2024-08-02 11:04:48,6,3.99,,FR1,Poke,Left,1228,320,771,,1,FR1
2024-08-02 11:04:50,6,3.99,1.0,FR1,Pellet,Left,1228,320,772,1.01,1,FR1
2024-08-02 13:21:30,6,3.98,,FR1,Poke,Left,1229,320,772,,1,FR1
2024-08-02 13:21:31,6,3.98,1.0,FR1,Pellet,Left,1229,320,773,0.69,1,FR1
2024-08-02 13:21:58,6,3.98,,FR1,Poke,Left,1230,320,773,,1,FR1
2024-08-02 13:21:59,6,3.98,1.0,FR1,Pellet,Left,1230,320,774,0.31,1,FR1
2024-08-02 13:22:20,6,3.98,,FR1,Poke,Left,1231,320,774,,1,FR1
2024-08-02 13:22:42,6,3.98,2.0,FR1,Pellet,Left,1231,320,775,19.14,1,FR1
2024-08-02 14:19:48,6,3.98,,FR1,Poke,Left,1232,320,775,,1,FR1
2024-08-02 14:19:50,6,3.98,1.0,FR1,Pellet,Left,1232,320,776,0.82,1,FR1
2024-08-02 14:20:12,6,3.98,,FR1,Poke,Left,1233,320,776,,1,FR1
2024-08-02 14:20:14,6,3.98,1.0,FR1,Pellet,Left,1233,320,777,0.44,1,FR1
2024-08-02 14:20:34,6,3.98,,FR1,Poke,Left,1234,320,777,,1,FR1
2024-08-02 14:20:54,6,3.98,2.0,FR1,Pellet,Left,1234,320,778,16.58,1,FR1
2024-08-02 14:27:33,6,3.98,,FR1,Poke,Left,1234,321,778,,1,FR1
2024-08-02 14:27:37,6,3.98,,FR1,Poke,Left,1235,321,778,,1,FR1
2024-08-02 14:27:38,6,3.98,,FR1,Poke,Left,1236,321,778,,1,FR1
2024-08-02 14:27:40,6,3.98,,FR1,Poke,Left,1237,321,778,,1,FR1
2024-08-02 15:18:02,6,3.97,3.0,FR1,Pellet,Left,1237,321,779,,1,FR1
2024-08-02 15:18:24,6,3.98,,FR1,Poke,Left,1238,321,779,,1,FR1
2024-08-02 15:18:26,6,3.98,1.0,FR1,Pellet,Left,1238,321,780,0.56,1,FR1
2024-08-02 15:18:49,6,3.98,,FR1,Poke,Left,1239,321,780,,1,FR1
2024-08-02 15:18:50,6,3.98,1.0,FR1,Pellet,Left,1239,321,781,0.56,1,FR1
