MM:DD:YYYY hh:mm:ss,Device_Number,Battery_Voltage,Motor_Turns,Session_Type,Event,Active_Poke,Left_Poke_Count,Right_Poke_Count,Pellet_Count,Retrieval_Time,Concat_#,Mode
2024-07-28 10:40:51,9,3.62,,FR1,Poke,Left,1,0,0,,0,FR1
2024-07-28 10:45:16,9,3.62,2.0,FR1,Pellet,Left,1,0,1,,0,FR1
2024-07-28 10:46:31,9,3.62,,FR1,Poke,Left,1,1,1,,0,FR1
2024-07-28 10:47:57,9,3.62,,FR1,Poke,Left,2,1,1,,0,FR1
2024-07-28 10:48:51,9,3.62,,FR1,Poke,Left,3,1,1,,0,FR1
2024-07-28 10:48:58,9,3.62,,FR1,Poke,Left,3,2,1,,0,FR1
2024-07-28 10:50:16,9,3.62,,FR1,Poke,Left,3,3,1,,0,FR1
2024-07-28 10:50:28,9,3.62,,FR1,Poke,Left,4,3,1,,0,FR1
2024-07-28 10:50:32,9,3.62,,FR1,Poke,Left,5,3,1,,0,FR1
2024-07-28 10:54:29,9,3.62,2.0,FR1,Pellet,Left,5,3,2,,0,FR1
2024-07-28 10:55:09,9,3.62,,FR1,Poke,Left,6,3,2,,0,FR1
2024-07-28 10:55:17,9,3.62,,FR1,Poke,Left,6,4,2,,0,FR1
2024-07-28 10:58:23,9,3.62,,FR1,Poke,Left,7,4,2,,0,FR1
2024-07-28 10:58:44,9,3.62,,FR1,Poke,Left,7,5,2,,0,FR1
2024-07-28 12:07:53,9,3.62,1.0,FR1,Pellet,Left,7,5,3,,0,FR1
2024-07-28 12:46:11,9,3.62,,FR1,Poke,Left,8,5,3,,0,FR1
2024-07-28 12:49:40,9,3.62,,FR1,Poke,Left,9,5,3,,0,FR1
2024-07-28 12:52:49,9,3.62,,FR1,Poke,Left,10,5,3,,0,FR1
2024-07-28 13:00:57,9,3.62,2.0,FR1,Pellet,Left,10,5,4,,0,FR1
2024-07-28 13:02:06,9,3.62,,FR1,Poke,Left,10,6,4,,0,FR1
2024-07-28 13:03:14,9,3.62,,FR1,Poke,Left,10,7,4,,0,FR1
2024-07-28 13:10:13,9,3.62,,FR1,Poke,Left,10,8,4,,0,FR1
2024-07-28 13:10:16,9,3.62,,FR1,Poke,Left,11,8,4,,0,FR1
2024-07-28 13:10:21,9,3.62,4.0,FR1,Pellet,Left,11,8,5,0.06,0,FR1
2024-07-28 15:56:28,9,3.62,,FR1,Poke,Left,12,8,5,,0,FR1
2024-07-28 15:56:44,9,3.62,3.0,FR1,Pellet,Left,12,8,6,12.57,0,FR1
2024-07-28 18:00:04,9,3.62,,FR1,Poke,Left,13,8,6,,0,FR1
2024-07-28 18:00:06,9,3.62,2.0,FR1,Pellet,Left,13,8,7,1.07,0,FR1
2024-07-28 18:01:30,9,3.62,,FR1,Poke,Left,14,8,7,,0,FR1
2024-07-28 18:01:32,9,3.62,2.0,FR1,Pellet,Left,14,8,8,0.06,0,FR1
2024-07-28 18:13:18,9,3.62,,FR1,Poke,Left,15,8,8,,0,FR1
2024-07-28 18:13:19,9,3.61,1.0,FR1,Pellet,Left,15,8,9,0.06,0,FR1
2024-07-28 18:14:12,9,3.62,,FR1,Poke,Left,15,9,9,,0,FR1
2024-07-28 19:03:57,9,3.61,,FR1,Poke,Left,16,9,9,,0,FR1
2024-07-28 19:03:57,9,3.62,,FR1,Poke,Left,17,9,9,,0,FR1
2024-07-28 19:04:35,9,3.62,2.0,FR1,Pellet,Left,17,9,10,34.53,0,FR1
2024-07-28 19:09:46,9,3.61,,FR1,Poke,Left,18,9,10,,0,FR1
2024-07-28 19:09:47,9,3.61,2.0,FR1,Pellet,Left,18,9,11,0.06,0,FR1
2024-07-28 19:10:01,9,3.62,,FR1,Poke,Left,19,9,11,,0,FR1
2024-07-28 19:10:02,9,3.62,1.0,FR1,Pellet,Left,19,9,12,0.06,0,FR1
2024-07-28 19:10:22,9,3.62,,FR1,Poke,Left,20,9,12,,0,FR1
2024-07-28 19:10:24,9,3.62,1.0,FR1,Pellet,Left,20,9,13,1.26,0,FR1
2024-07-28 19:10:42,9,3.61,,FR1,Poke,Left,21,9,13,,0,FR1
2024-07-28 19:10:44,9,3.62,1.0,FR1,Pellet,Left,21,9,14,0.69,0,FR1
2024-07-28 19:11:03,9,3.62,,FR1,Poke,Left,22,9,14,,0,FR1
2024-07-28 19:11:05,9,3.62,1.0,FR1,Pellet,Left,22,9,15,0.69,0,FR1
2024-07-28 19:11:26,9,3.62,,FR1,Poke,Left,23,9,15,,0,FR1
2024-07-28 19:11:29,9,3.61,2.0,FR1,Pellet,Left,23,9,16,0.31,0,FR1
2024-07-28 19:12:58,9,3.62,,FR1,Poke,Left,24,9,16,,0,FR1
2024-07-28 19:12:59,9,3.62,,FR1,Poke,Left,25,9,16,,0,FR1
2024-07-28 19:13:04,9,3.61,2.0,FR1,Pellet,Left,25,9,17,2.02,0,FR1
2024-07-28 19:15:07,9,3.62,,FR1,Poke,Left,25,10,17,,0,FR1
2024-07-28 19:23:09,9,3.62,,FR1,Poke,Left,26,10,17,,0,FR1
2024-07-28 19:23:10,9,3.62,1.0,FR1,Pellet,Left,26,10,18,0.25,0,FR1
2024-07-28 19:23:52,9,3.62,,FR1,Poke,Left,27,10,18,,0,FR1
2024-07-28 19:23:53,9,3.62,1.0,FR1,Pellet,Left,27,10,19,0.63,0,FR1
2024-07-28 19:24:13,9,3.61,,FR1,Poke,Left,28,10,19,,0,FR1
2024-07-28 19:24:13,9,3.61,1.0,FR1,Pellet,Left,28,10,20,0.06,0,FR1
2024-07-28 19:25:25,9,3.62,,FR1,Poke,Left,29,10,20,,0,FR1
2024-07-28 19:25:26,9,3.62,1.0,FR1,Pellet,Left,29,10,21,0.31,0,FR1
2024-07-28 19:25:44,9,3.62,,FR1,Poke,Left,30,10,21,,0,FR1
2024-07-28 19:25:45,9,3.61,2.0,FR1,Pellet,Left,30,10,22,0.06,0,FR1
2024-07-28 19:32:18,9,3.62,,FR1,Poke,Left,31,10,22,,0,FR1
2024-07-28 19:32:19,9,3.62,,FR1,Poke,Left,32,10,22,,0,FR1
2024-07-28 19:32:22,9,3.62,2.0,FR1,Pellet,Left,32,10,23,0.37,0,FR1
2024-07-28 19:33:28,9,3.62,,FR1,Poke,Left,32,11,23,,0,FR1
2024-07-28 19:33:30,9,3.62,,FR1,Poke,Left,33,11,23,,0,FR1
2024-07-28 19:33:31,9,3.62,1.0,FR1,Pellet,Left,33,11,24,0.06,0,FR1
2024-07-28 19:34:54,9,3.62,,FR1,Poke,Left,33,12,24,,0,FR1
2024-07-28 19:44:13,9,3.62,,FR1,Poke,Left,34,12,24,,0,FR1
2024-07-28 19:44:15,9,3.62,1.0,FR1,Pellet,Left,34,12,25,0.75,0,FR1
2024-07-28 19:44:27,9,3.61,,FR1,Poke,Left,35,12,25,,0,FR1
2024-07-28 19:44:28,9,3.61,1.0,FR1,Pellet,Left,35,12,26,0.25,0,FR1
2024-07-28 19:46:11,9,3.61,,FR1,Poke,Left,36,12,26,,0,FR1
2024-07-28 19:46:14,9,3.61,1.0,FR1,Pellet,Left,36,12,27,1.58,0,FR1
2024-07-28 19:46:44,9,3.62,,FR1,Poke,Left,36,13,27,,0,FR1
2024-07-28 19:55:46,9,3.62,,FR1,Poke,Left,37,13,27,,0,FR1
2024-07-28 19:55:47,9,3.62,1.0,FR1,Pellet,Left,37,13,28,0.31,0,FR1
2024-07-28 19:56:19,9,3.62,,FR1,Poke,Left,38,13,28,,0,FR1
2024-07-28 19:56:19,9,3.61,1.0,FR1,Pellet,Left,38,13,29,0.06,0,FR1
2024-07-28 19:58:08,9,3.61,,FR1,Poke,Left,39,13,29,,0,FR1
2024-07-28 19:58:08,9,3.61,1.0,FR1,Pellet,Left,39,13,30,0.06,0,FR1
2024-07-28 19:58:57,9,3.62,,FR1,Poke,Left,40,13,30,,0,FR1
2024-07-28 19:58:58,9,3.62,1.0,FR1,Pellet,Left,40,13,31,0.25,0,FR1
2024-07-28 19:59:10,9,3.62,,FR1,Poke,Left,40,14,31,,0,FR1
2024-07-28 19:59:12,9,3.62,,FR1,Poke,Left,40,15,31,,0,FR1
2024-07-28 20:01:19,9,3.61,,FR1,Poke,Left,41,15,31,,0,FR1
2024-07-28 20:01:20,9,3.62,2.0,FR1,Pellet,Left,41,15,32,0.37,0,FR1
2024-07-28 20:01:32,9,3.62,,FR1,Poke,Left,42,15,32,,0,FR1
2024-07-28 20:01:33,9,3.61,1.0,FR1,Pellet,Left,42,15,33,0.75,0,FR1
2024-07-28 20:05:51,9,3.62,,FR1,Poke,Left,43,15,33,,0,FR1
2024-07-28 20:05:53,9,3.62,1.0,FR1,Pellet,Left,43,15,34,0.69,0,FR1
2024-07-28 20:10:56,9,3.62,,FR1,Poke,Left,43,16,34,,0,FR1
2024-07-28 20:27:59,9,3.61,,FR1,Poke,Left,43,17,34,,0,FR1
2024-07-28 20:28:02,9,3.62,,FR1,Poke,Left,44,17,34,,0,FR1
2024-07-28 20:28:03,9,3.62,1.0,FR1,Pellet,Left,44,17,35,0.25,0,FR1
2024-07-28 20:49:11,9,3.62,,FR1,Poke,Left,45,17,35,,0,FR1
2024-07-28 20:49:12,9,3.61,1.0,FR1,Pellet,Left,45,17,36,0.25,0,FR1
2024-07-28 20:50:39,9,3.62,,FR1,Poke,Left,45,18,36,,0,FR1
2024-07-28 20:53:53,9,3.61,,FR1,Poke,Left,46,18,36,,0,FR1
2024-07-28 20:53:54,9,3.61,2.0,FR1,Pellet,Left,46,18,37,0.06,0,FR1
2024-07-28 20:54:13,9,3.62,,FR1,Poke,Left,46,19,37,,0,FR1
2024-07-28 20:54:15,9,3.61,,FR1,Poke,Left,46,20,37,,0,FR1
2024-07-28 20:54:16,9,3.62,,FR1,Poke,Left,46,21,37,,0,FR1
2024-07-28 20:54:22,9,3.62,,FR1,Poke,Left,46,22,37,,0,FR1
2024-07-28 20:54:27,9,3.62,,FR1,Poke,Left,47,22,37,,0,FR1
2024-07-28 20:54:27,9,3.61,1.0,FR1,Pellet,Left,47,22,38,0.06,0,FR1
2024-07-28 20:59:27,9,3.62,,FR1,Poke,Left,48,22,38,,0,FR1
2024-07-28 20:59:28,9,3.61,2.0,FR1,Pellet,Left,48,22,39,0.06,0,FR1
2024-07-28 20:59:43,9,3.61,,FR1,Poke,Left,49,22,39,,0,FR1
2024-07-28 20:59:43,9,3.61,1.0,FR1,Pellet,Left,49,22,40,0.19,0,FR1
2024-07-28 20:59:55,9,3.62,,FR1,Poke,Left,50,22,40,,0,FR1
2024-07-28 20:59:56,9,3.61,1.0,FR1,Pellet,Left,50,22,41,0.19,0,FR1
2024-07-28 21:11:42,9,3.61,,FR1,Poke,Left,51,22,41,,0,FR1
2024-07-28 21:11:43,9,3.61,1.0,FR1,Pellet,Left,51,22,42,0.37,0,FR1
2024-07-28 21:12:01,9,3.62,,FR1,Poke,Left,52,22,42,,0,FR1
2024-07-28 21:12:03,9,3.62,1.0,FR1,Pellet,Left,52,22,43,0.31,0,FR1
2024-07-28 21:12:21,9,3.62,,FR1,Poke,Left,53,22,43,,0,FR1
2024-07-28 21:12:22,9,3.61,1.0,FR1,Pellet,Left,53,22,44,0.06,0,FR1
2024-07-28 21:12:37,9,3.62,,FR1,Poke,Left,54,22,44,,0,FR1
2024-07-28 21:12:38,9,3.62,1.0,FR1,Pellet,Left,54,22,45,0.44,0,FR1
2024-07-28 21:12:52,9,3.62,,FR1,Poke,Left,55,22,45,,0,FR1
2024-07-28 21:12:53,9,3.61,2.0,FR1,Pellet,Left,55,22,46,0.06,0,FR1
2024-07-28 21:13:19,9,3.62,,FR1,Poke,Left,56,22,46,,0,FR1
2024-07-28 21:13:20,9,3.61,1.0,FR1,Pellet,Left,56,22,47,0.44,0,FR1
2024-07-28 21:13:39,9,3.62,,FR1,Poke,Left,57,22,47,,0,FR1
2024-07-28 21:13:40,9,3.62,2.0,FR1,Pellet,Left,57,22,48,0.06,0,FR1
2024-07-28 21:14:38,9,3.62,,FR1,Poke,Left,58,22,48,,0,FR1
2024-07-28 21:14:39,9,3.62,1.0,FR1,Pellet,Left,58,22,49,0.25,0,FR1
2024-07-28 21:15:07,9,3.61,,FR1,Poke,Left,59,22,49,,0,FR1
2024-07-28 21:15:08,9,3.62,,FR1,Poke,Left,60,22,49,,0,FR1
2024-07-28 21:15:11,9,3.61,2.0,FR1,Pellet,Left,60,22,50,0.31,0,FR1
2024-07-28 21:23:50,9,3.61,,FR1,Poke,Left,61,22,50,,0,FR1
2024-07-28 21:23:51,9,3.61,1.0,FR1,Pellet,Left,61,22,51,0.31,0,FR1
2024-07-28 21:24:15,9,3.61,,FR1,Poke,Left,62,22,51,,0,FR1
2024-07-28 21:24:16,9,3.62,2.0,FR1,Pellet,Left,62,22,52,0.25,0,FR1
2024-07-28 21:24:32,9,3.62,,FR1,Poke,Left,63,22,52,,0,FR1
2024-07-28 21:24:33,9,3.62,2.0,FR1,Pellet,Left,63,22,53,0.06,0,FR1
2024-07-28 21:24:50,9,3.61,,FR1,Poke,Left,63,23,53,,0,FR1
2024-07-28 21:56:13,9,3.61,,FR1,Poke,Left,64,23,53,,0,FR1
2024-07-28 21:56:14,9,3.61,2.0,FR1,Pellet,Left,64,23,54,0.06,0,FR1
2024-07-28 21:56:49,9,3.62,,FR1,Poke,Left,65,23,54,,0,FR1
2024-07-28 21:56:50,9,3.61,2.0,FR1,Pellet,Left,65,23,55,0.37,0,FR1
2024-07-28 21:57:12,9,3.61,,FR1,Poke,Left,66,23,55,,0,FR1
2024-07-28 21:57:13,9,3.62,2.0,FR1,Pellet,Left,66,23,56,0.06,0,FR1
2024-07-28 21:57:40,9,3.61,,FR1,Poke,Left,67,23,56,,0,FR1
2024-07-28 21:57:56,9,3.61,3.0,FR1,Pellet,Left,67,23,57,13.4,0,FR1
2024-07-28 21:58:18,9,3.61,,FR1,Poke,Left,68,23,57,,0,FR1
2024-07-28 21:58:19,9,3.61,1.0,FR1,Pellet,Left,68,23,58,0.12,0,FR1
2024-07-28 21:58:40,9,3.62,,FR1,Poke,Left,69,23,58,,0,FR1
2024-07-28 21:58:41,9,3.61,1.0,FR1,Pellet,Left,69,23,59,0.25,0,FR1
2024-07-28 22:00:04,9,3.61,,FR1,Poke,Left,70,23,59,,0,FR1
2024-07-28 22:00:05,9,3.62,1.0,FR1,Pellet,Left,70,23,60,0.06,0,FR1
2024-07-28 22:00:24,9,3.61,,FR1,Poke,Left,70,24,60,,0,FR1
2024-07-28 22:09:33,9,3.61,,FR1,Poke,Left,71,24,60,,0,FR1
2024-07-28 22:09:34,9,3.61,1.0,FR1,Pellet,Left,71,24,61,0.06,0,FR1
2024-07-28 22:09:49,9,3.61,,FR1,Poke,Left,72,24,61,,0,FR1
2024-07-28 22:10:01,9,3.62,2.0,FR1,Pellet,Left,72,24,62,9.33,0,FR1
2024-07-28 22:18:41,9,3.61,,FR1,Poke,Left,73,24,62,,0,FR1
2024-07-28 22:18:44,9,3.61,1.0,FR1,Pellet,Left,73,24,63,2.47,0,FR1
2024-07-28 22:18:55,9,3.62,,FR1,Poke,Left,73,25,63,,0,FR1
2024-07-28 22:19:06,9,3.61,,FR1,Poke,Left,74,25,63,,0,FR1
2024-07-28 22:19:08,9,3.62,,FR1,Poke,Left,75,25,63,,0,FR1
2024-07-28 22:20:28,9,3.61,1.0,FR1,Pellet,Left,75,25,64,,0,FR1
2024-07-28 22:20:45,9,3.61,,FR1,Poke,Left,76,25,64,,0,FR1
2024-07-28 22:20:47,9,3.62,2.0,FR1,Pellet,Left,76,25,65,0.06,0,FR1
2024-07-28 22:31:01,9,3.61,,FR1,Poke,Left,77,25,65,,0,FR1
2024-07-28 22:31:02,9,3.61,1.0,FR1,Pellet,Left,77,25,66,0.06,0,FR1
2024-07-28 22:31:20,9,3.61,,FR1,Poke,Left,78,25,66,,0,FR1
2024-07-28 22:31:21,9,3.62,2.0,FR1,Pellet,Left,78,25,67,0.06,0,FR1
2024-07-28 22:31:35,9,3.62,,FR1,Poke,Left,79,25,67,,0,FR1
2024-07-28 22:31:36,9,3.61,1.0,FR1,Pellet,Left,79,25,68,0.5,0,FR1
2024-07-28 22:36:01,9,3.61,,FR1,Poke,Left,80,25,68,,0,FR1
2024-07-28 22:36:02,9,3.62,1.0,FR1,Pellet,Left,80,25,69,0.06,0,FR1
2024-07-28 22:40:54,9,3.62,,FR1,Poke,Left,81,25,69,,0,FR1
2024-07-28 22:40:55,9,3.62,1.0,FR1,Pellet,Left,81,25,70,0.63,0,FR1
2024-07-28 22:43:59,9,3.61,,FR1,Poke,Left,81,26,70,,0,FR1
2024-07-28 22:44:49,9,3.61,,FR1,Poke,Left,82,26,70,,0,FR1
2024-07-28 22:44:51,9,3.61,1.0,FR1,Pellet,Left,82,26,71,0.95,0,FR1
2024-07-28 22:45:12,9,3.61,,FR1,Poke,Left,83,26,71,,0,FR1
2024-07-28 22:45:12,9,3.62,,FR1,Poke,Left,84,26,71,,0,FR1
2024-07-28 22:45:16,9,3.61,2.0,FR1,Pellet,Left,84,26,72,0.94,0,FR1
2024-07-28 22:45:48,9,3.61,,FR1,Poke,Left,85,26,72,,0,FR1
2024-07-28 22:45:48,9,3.61,,FR1,Poke,Left,86,26,72,,0,FR1
2024-07-28 22:45:52,9,3.61,2.0,FR1,Pellet,Left,86,26,73,0.88,0,FR1
2024-07-28 22:58:27,9,3.62,,FR1,Poke,Left,87,26,73,,0,FR1
2024-07-28 22:58:29,9,3.61,1.0,FR1,Pellet,Left,87,26,74,0.88,0,FR1
2024-07-28 23:01:54,9,3.61,,FR1,Poke,Left,88,26,74,,0,FR1
2024-07-28 23:01:55,9,3.61,,FR1,Poke,Left,89,26,74,,0,FR1
2024-07-28 23:01:57,9,3.61,,FR1,Poke,Left,90,26,74,,0,FR1
2024-07-28 23:02:00,9,3.61,3.0,FR1,Pellet,Left,90,26,75,0.06,0,FR1
2024-07-28 23:02:03,9,3.61,,FR1,Poke,Left,91,26,75,,0,FR1
2024-07-28 23:02:03,9,3.61,,FR1,Poke,Left,92,26,75,,0,FR1
2024-07-28 23:02:04,9,3.62,,FR1,Poke,Left,93,26,75,,0,FR1
2024-07-28 23:02:07,9,3.62,,FR1,Poke,Left,94,26,75,,0,FR1
2024-07-28 23:02:08,9,3.62,,FR1,Poke,Left,95,26,75,,0,FR1
2024-07-28 23:02:11,9,3.61,3.0,FR1,Pellet,Left,95,26,76,0.5,0,FR1
2024-07-28 23:02:42,9,3.6,,FR1,Poke,Left,96,26,76,,0,FR1
2024-07-28 23:02:42,9,3.61,1.0,FR1,Pellet,Left,96,26,77,0.06,0,FR1
2024-07-28 23:02:53,9,3.62,,FR1,Poke,Left,97,26,77,,0,FR1
2024-07-28 23:02:54,9,3.61,1.0,FR1,Pellet,Left,97,26,78,0.06,0,FR1
2024-07-28 23:47:31,9,3.61,,FR1,Poke,Left,98,26,78,,0,FR1
2024-07-28 23:47:32,9,3.61,2.0,FR1,Pellet,Left,98,26,79,0.06,0,FR1
2024-07-29 00:37:00,9,3.61,,FR1,Poke,Left,99,26,79,,0,FR1
2024-07-29 00:37:01,9,3.61,1.0,FR1,Pellet,Left,99,26,80,0.56,0,FR1
2024-07-29 00:37:39,9,3.61,,FR1,Poke,Left,100,26,80,,0,FR1
2024-07-29 00:37:40,9,3.6,1.0,FR1,Pellet,Left,100,26,81,0.37,0,FR1
2024-07-29 00:38:03,9,3.6,,FR1,Poke,Left,101,26,81,,0,FR1
2024-07-29 00:38:04,9,3.6,1.0,FR1,Pellet,Left,101,26,82,0.31,0,FR1
2024-07-29 00:38:26,9,3.61,,FR1,Poke,Left,102,26,82,,0,FR1
2024-07-29 00:38:27,9,3.61,1.0,FR1,Pellet,Left,102,26,83,0.63,0,FR1
2024-07-29 00:38:53,9,3.61,,FR1,Poke,Left,103,26,83,,0,FR1
2024-07-29 00:39:10,9,3.61,2.0,FR1,Pellet,Left,103,26,84,13.47,0,FR1
2024-07-29 00:51:18,9,3.61,,FR1,Poke,Left,104,26,84,,0,FR1
2024-07-29 00:52:31,9,3.62,1.0,FR1,Pellet,Left,104,26,85,,0,FR1
2024-07-29 00:55:26,9,3.61,,FR1,Poke,Left,105,26,85,,0,FR1
2024-07-29 00:55:28,9,3.61,1.0,FR1,Pellet,Left,105,26,86,1.58,0,FR1
2024-07-29 00:56:49,9,3.6,,FR1,Poke,Left,106,26,86,,0,FR1
2024-07-29 00:56:50,9,3.61,2.0,FR1,Pellet,Left,106,26,87,0.12,0,FR1
2024-07-29 00:57:23,9,3.61,,FR1,Poke,Left,106,27,87,,0,FR1
2024-07-29 01:01:20,9,3.61,,FR1,Poke,Left,107,27,87,,0,FR1
2024-07-29 01:01:21,9,3.61,,FR1,Poke,Left,108,27,87,,0,FR1
2024-07-29 01:01:24,9,3.61,,FR1,Poke,Left,109,27,87,,0,FR1
2024-07-29 01:01:26,9,3.61,2.0,FR1,Pellet,Left,109,27,88,1.51,0,FR1
2024-07-29 01:02:52,9,3.61,,FR1,Poke,Left,110,27,88,,0,FR1
2024-07-29 01:03:06,9,3.61,,FR1,Poke,Left,111,27,88,,0,FR1
2024-07-29 01:03:08,9,3.61,,FR1,Poke,Left,112,27,88,,0,FR1
2024-07-29 01:04:11,9,3.6,3.0,FR1,Pellet,Left,112,27,89,,0,FR1
2024-07-29 01:07:09,9,3.61,,FR1,Poke,Left,113,27,89,,0,FR1
2024-07-29 01:08:21,9,3.61,,FR1,Poke,Left,114,27,89,,0,FR1
2024-07-29 01:08:23,9,3.61,,FR1,Poke,Left,115,27,89,,0,FR1
2024-07-29 01:08:24,9,3.61,,FR1,Poke,Left,116,27,89,,0,FR1
2024-07-29 01:08:28,9,3.62,,FR1,Poke,Left,116,28,89,,0,FR1
2024-07-29 01:08:57,9,3.62,1.0,FR1,Pellet,Left,116,28,90,,0,FR1
2024-07-29 01:18:11,9,3.61,,FR1,Poke,Left,117,28,90,,0,FR1
2024-07-29 01:18:11,9,3.61,,FR1,Poke,Left,118,28,90,,0,FR1
2024-07-29 01:18:18,9,3.61,2.0,FR1,Pellet,Left,118,28,91,4.5,0,FR1
2024-07-29 01:27:45,9,3.61,,FR1,Poke,Left,119,28,91,,0,FR1
2024-07-29 01:27:46,9,3.6,,FR1,Poke,Left,120,28,91,,0,FR1
2024-07-29 01:27:49,9,3.61,3.0,FR1,Pellet,Left,120,28,92,0.31,0,FR1
2024-07-29 01:28:04,9,3.61,,FR1,Poke,Left,121,28,92,,0,FR1
2024-07-29 01:28:05,9,3.62,,FR1,Poke,Left,122,28,92,,0,FR1
2024-07-29 01:28:09,9,3.61,2.0,FR1,Pellet,Left,122,28,93,0.88,0,FR1
2024-07-29 01:29:34,9,3.61,,FR1,Poke,Left,123,28,93,,0,FR1
2024-07-29 01:29:35,9,3.61,,FR1,Poke,Left,124,28,93,,0,FR1
2024-07-29 01:29:39,9,3.61,,FR1,Poke,Left,125,28,93,,0,FR1
2024-07-29 01:29:40,9,3.61,,FR1,Poke,Left,126,28,93,,0,FR1
2024-07-29 01:29:41,9,3.6,,FR1,Poke,Left,127,28,93,,0,FR1
2024-07-29 01:29:43,9,3.61,,FR1,Poke,Left,127,29,93,,0,FR1
2024-07-29 01:29:43,9,3.61,,FR1,Poke,Left,127,30,93,,0,FR1
2024-07-29 01:29:45,9,3.61,,FR1,Poke,Left,128,30,93,,0,FR1
2024-07-29 01:29:46,9,3.61,1.0,FR1,Pellet,Left,128,30,94,10.17,0,FR1
2024-07-29 01:29:55,9,3.6,,FR1,Poke,Left,128,31,94,,0,FR1
2024-07-29 01:37:17,9,3.61,,FR1,Poke,Left,129,31,94,,0,FR1
2024-07-29 01:37:18,9,3.61,1.0,FR1,Pellet,Left,129,31,95,0.12,0,FR1
2024-07-29 01:37:34,9,3.61,,FR1,Poke,Left,130,31,95,,0,FR1
2024-07-29 01:37:35,9,3.61,1.0,FR1,Pellet,Left,130,31,96,0.25,0,FR1
2024-07-29 01:47:20,9,3.61,,FR1,Poke,Left,131,31,96,,0,FR1
2024-07-29 01:47:22,9,3.61,1.0,FR1,Pellet,Left,131,31,97,0.88,0,FR1
2024-07-29 01:48:36,9,3.61,,FR1,Poke,Left,132,31,97,,0,FR1
2024-07-29 01:48:37,9,3.61,2.0,FR1,Pellet,Left,132,31,98,0.06,0,FR1
2024-07-29 01:49:22,9,3.61,,FR1,Poke,Left,132,32,98,,0,FR1
2024-07-29 01:57:17,9,3.61,,FR1,Poke,Left,133,32,98,,0,FR1
2024-07-29 01:58:11,9,3.61,2.0,FR1,Pellet,Left,133,32,99,53.07,0,FR1
2024-07-29 02:03:37,9,3.61,,FR1,Poke,Left,134,32,99,,0,FR1
2024-07-29 02:03:38,9,3.6,2.0,FR1,Pellet,Left,134,32,100,0.31,0,FR1
2024-07-29 02:03:56,9,3.61,,FR1,Poke,Left,135,32,100,,0,FR1
2024-07-29 02:03:57,9,3.59,2.0,FR1,Pellet,Left,135,32,101,0.06,0,FR1
2024-07-29 02:04:12,9,3.61,,FR1,Poke,Left,136,32,101,,0,FR1
2024-07-29 02:04:13,9,3.6,,FR1,Poke,Left,137,32,101,,0,FR1
2024-07-29 02:04:14,9,3.6,,FR1,Poke,Left,138,32,101,,0,FR1
2024-07-29 02:04:14,9,3.6,,FR1,Poke,Left,139,32,101,,0,FR1
2024-07-29 02:04:17,9,3.61,,FR1,Poke,Left,140,32,101,,0,FR1
2024-07-29 02:04:18,9,3.61,,FR1,Poke,Left,141,32,101,,0,FR1
2024-07-29 02:04:19,9,3.6,3.0,FR1,Pellet,Left,141,32,102,2.18,0,FR1
2024-07-29 02:06:54,9,3.61,,FR1,Poke,Left,142,32,102,,0,FR1
2024-07-29 02:06:55,9,3.6,1.0,FR1,Pellet,Left,142,32,103,0.63,0,FR1
2024-07-29 02:23:44,9,3.61,,FR1,Poke,Left,142,33,103,,0,FR1
2024-07-29 03:38:03,9,3.61,,FR1,Poke,Left,143,33,103,,0,FR1
2024-07-29 03:38:05,9,3.61,1.0,FR1,Pellet,Left,143,33,104,0.37,0,FR1
2024-07-29 03:38:27,9,3.6,,FR1,Poke,Left,144,33,104,,0,FR1
2024-07-29 03:38:28,9,3.6,1.0,FR1,Pellet,Left,144,33,105,0.19,0,FR1
2024-07-29 03:38:45,9,3.61,,FR1,Poke,Left,145,33,105,,0,FR1
2024-07-29 03:38:45,9,3.61,,FR1,Poke,Left,146,33,105,,0,FR1
2024-07-29 03:38:49,9,3.61,2.0,FR1,Pellet,Left,146,33,106,0.37,0,FR1
2024-07-29 03:39:55,9,3.61,,FR1,Poke,Left,147,33,106,,0,FR1
2024-07-29 03:39:55,9,3.6,1.0,FR1,Pellet,Left,147,33,107,0.06,0,FR1
2024-07-29 03:40:13,9,3.61,,FR1,Poke,Left,148,33,107,,0,FR1
2024-07-29 03:40:14,9,3.61,,FR1,Poke,Left,149,33,107,,0,FR1
2024-07-29 03:40:17,9,3.61,2.0,FR1,Pellet,Left,149,33,108,1.07,0,FR1
2024-07-29 03:40:30,9,3.61,,FR1,Poke,Left,150,33,108,,0,FR1
2024-07-29 03:40:31,9,3.6,1.0,FR1,Pellet,Left,150,33,109,0.25,0,FR1
2024-07-29 03:41:28,9,3.61,,FR1,Poke,Left,150,34,109,,0,FR1
2024-07-29 03:42:34,9,3.61,,FR1,Poke,Left,150,35,109,,0,FR1
2024-07-29 03:49:29,9,3.6,,FR1,Poke,Left,151,35,109,,0,FR1
2024-07-29 03:49:30,9,3.61,2.0,FR1,Pellet,Left,151,35,110,0.06,0,FR1
2024-07-29 03:49:47,9,3.61,,FR1,Poke,Left,152,35,110,,0,FR1
2024-07-29 03:49:48,9,3.61,1.0,FR1,Pellet,Left,152,35,111,0.19,0,FR1
2024-07-29 03:50:06,9,3.61,,FR1,Poke,Left,153,35,111,,0,FR1
2024-07-29 03:50:08,9,3.6,1.0,FR1,Pellet,Left,153,35,112,0.75,0,FR1
2024-07-29 03:50:25,9,3.61,,FR1,Poke,Left,154,35,112,,0,FR1
2024-07-29 03:50:28,9,3.61,,FR1,Poke,Left,155,35,112,,0,FR1
2024-07-29 04:31:03,9,3.6,4.0,FR1,Pellet,Left,155,35,113,,0,FR1
2024-07-29 04:31:40,9,3.6,,FR1,Poke,Left,156,35,113,,0,FR1
2024-07-29 04:31:41,9,3.6,,FR1,Poke,Left,157,35,113,,0,FR1
2024-07-29 04:31:44,9,3.6,3.0,FR1,Pellet,Left,157,35,114,0.12,0,FR1
2024-07-29 04:32:32,9,3.61,,FR1,Poke,Left,158,35,114,,0,FR1
2024-07-29 04:32:33,9,3.61,,FR1,Poke,Left,159,35,114,,0,FR1
2024-07-29 04:32:36,9,3.6,3.0,FR1,Pellet,Left,159,35,115,0.37,0,FR1
2024-07-29 04:40:05,9,3.61,,FR1,Poke,Left,159,36,115,,0,FR1
2024-07-29 04:42:03,9,3.61,,FR1,Poke,Left,160,36,115,,0,FR1
2024-07-29 04:42:33,9,3.61,2.0,FR1,Pellet,Left,160,36,116,28.95,0,FR1
2024-07-29 04:44:59,9,3.61,,FR1,Poke,Left,161,36,116,,0,FR1
2024-07-29 04:46:05,9,3.61,2.0,FR1,Pellet,Left,161,36,117,,0,FR1
2024-07-29 04:47:13,9,3.61,,FR1,Poke,Left,162,36,117,,0,FR1
2024-07-29 04:47:15,9,3.6,2.0,FR1,Pellet,Left,162,36,118,0.06,0,FR1
2024-07-29 04:50:32,9,3.61,,FR1,Poke,Left,162,37,118,,0,FR1
2024-07-29 04:58:07,9,3.6,,FR1,Poke,Left,163,37,118,,0,FR1
2024-07-29 04:59:18,9,3.6,,FR1,Poke,Left,163,38,118,,0,FR1
2024-07-29 04:59:20,9,3.61,,FR1,Poke,Left,164,38,118,,0,FR1
2024-07-29 04:59:21,9,3.61,,FR1,Poke,Left,165,38,118,,0,FR1
2024-07-29 04:59:22,9,3.61,1.0,FR1,Pellet,Left,165,38,119,,0,FR1
2024-07-29 05:00:00,9,3.6,,FR1,Poke,Left,166,38,119,,0,FR1
2024-07-29 05:02:29,9,3.6,1.0,FR1,Pellet,Left,166,38,120,,0,FR1
2024-07-29 05:06:16,9,3.61,,FR1,Poke,Left,167,38,120,,0,FR1
2024-07-29 05:06:35,9,3.61,1.0,FR1,Pellet,Left,167,38,121,18.05,0,FR1
2024-07-29 05:13:14,9,3.61,,FR1,Poke,Left,168,38,121,,0,FR1
2024-07-29 05:13:16,9,3.6,,FR1,Poke,Left,169,38,121,,0,FR1
2024-07-29 05:13:16,9,3.6,1.0,FR1,Pellet,Left,169,38,122,1.32,0,FR1
2024-07-29 05:13:34,9,3.61,,FR1,Poke,Left,170,38,122,,0,FR1
2024-07-29 05:13:34,9,3.6,1.0,FR1,Pellet,Left,170,38,123,0.06,0,FR1
2024-07-29 05:21:45,9,3.6,,FR1,Poke,Left,170,39,123,,0,FR1
2024-07-29 05:21:47,9,3.6,,FR1,Poke,Left,171,39,123,,0,FR1
2024-07-29 05:21:48,9,3.6,1.0,FR1,Pellet,Left,171,39,124,0.63,0,FR1
2024-07-29 05:23:03,9,3.6,,FR1,Poke,Left,171,40,124,,0,FR1
2024-07-29 05:23:06,9,3.6,,FR1,Poke,Left,171,41,124,,0,FR1
2024-07-29 05:23:12,9,3.6,,FR1,Poke,Left,171,42,124,,0,FR1
2024-07-29 05:26:32,9,3.61,,FR1,Poke,Left,172,42,124,,0,FR1
2024-07-29 05:26:33,9,3.6,1.0,FR1,Pellet,Left,172,42,125,0.06,0,FR1
2024-07-29 05:31:27,9,3.61,,FR1,Poke,Left,173,42,125,,0,FR1
2024-07-29 05:32:43,9,3.61,1.0,FR1,Pellet,Left,173,42,126,,0,FR1
2024-07-29 05:33:24,9,3.61,,FR1,Poke,Left,174,42,126,,0,FR1
2024-07-29 05:35:42,9,3.6,1.0,FR1,Pellet,Left,174,42,127,,0,FR1
2024-07-29 05:36:03,9,3.61,,FR1,Poke,Left,175,42,127,,0,FR1
2024-07-29 05:36:04,9,3.61,1.0,FR1,Pellet,Left,175,42,128,0.06,0,FR1
2024-07-29 05:44:09,9,3.61,,FR1,Poke,Left,176,42,128,,0,FR1
2024-07-29 05:46:49,9,3.61,1.0,FR1,Pellet,Left,176,42,129,,0,FR1
2024-07-29 05:52:29,9,3.6,,FR1,Poke,Left,177,42,129,,0,FR1
2024-07-29 05:52:31,9,3.6,1.0,FR1,Pellet,Left,177,42,130,0.75,0,FR1
2024-07-29 05:52:48,9,3.61,,FR1,Poke,Left,177,43,130,,0,FR1
2024-07-29 05:52:52,9,3.6,,FR1,Poke,Left,178,43,130,,0,FR1
2024-07-29 05:52:55,9,3.6,2.0,FR1,Pellet,Left,178,43,131,0.06,0,FR1
2024-07-29 05:53:17,9,3.61,,FR1,Poke,Left,179,43,131,,0,FR1
2024-07-29 05:53:20,9,3.6,1.0,FR1,Pellet,Left,179,43,132,1.96,0,FR1
2024-07-29 06:13:57,9,3.61,,FR1,Poke,Left,180,43,132,,0,FR1
2024-07-29 06:13:58,9,3.6,1.0,FR1,Pellet,Left,180,43,133,0.63,0,FR1
2024-07-29 06:15:08,9,3.61,,FR1,Poke,Left,181,43,133,,0,FR1
2024-07-29 06:15:09,9,3.61,1.0,FR1,Pellet,Left,181,43,134,0.06,0,FR1
2024-07-29 06:21:23,9,3.61,,FR1,Poke,Left,181,44,134,,0,FR1
2024-07-29 06:22:09,9,3.6,,FR1,Poke,Left,182,44,134,,0,FR1
2024-07-29 06:22:32,9,3.6,1.0,FR1,Pellet,Left,182,44,135,22.13,0,FR1
2024-07-29 08:20:43,9,3.6,,FR1,Poke,Left,183,44,135,,0,FR1
2024-07-29 08:20:44,9,3.61,1.0,FR1,Pellet,Left,183,44,136,0.25,0,FR1
2024-07-29 08:21:18,9,3.6,,FR1,Poke,Left,184,44,136,,0,FR1
2024-07-29 08:21:18,9,3.6,,FR1,Poke,Left,185,44,136,,0,FR1
2024-07-29 08:21:32,9,3.61,3.0,FR1,Pellet,Left,185,44,137,8.95,0,FR1
2024-07-29 08:21:54,9,3.61,,FR1,Poke,Left,186,44,137,,0,FR1
2024-07-29 08:21:55,9,3.61,1.0,FR1,Pellet,Left,186,44,138,0.25,0,FR1
2024-07-29 08:22:16,9,3.61,,FR1,Poke,Left,187,44,138,,0,FR1
2024-07-29 08:22:17,9,3.6,,FR1,Poke,Left,188,44,138,,0,FR1
2024-07-29 08:22:17,9,3.6,,FR1,Poke,Left,189,44,138,,0,FR1
2024-07-29 08:22:20,9,3.6,2.0,FR1,Pellet,Left,189,44,139,0.25,0,FR1
2024-07-29 09:19:41,9,3.61,,FR1,Poke,Left,190,44,139,,0,FR1
2024-07-29 09:19:41,9,3.6,,FR1,Poke,Left,191,44,139,,0,FR1
2024-07-29 09:19:42,9,3.61,1.0,FR1,Pellet,Left,191,44,140,0.69,0,FR1
2024-07-29 09:20:21,9,3.6,,FR1,Poke,Left,192,44,140,,0,FR1
2024-07-29 09:20:23,9,3.6,2.0,FR1,Pellet,Left,192,44,141,0.06,0,FR1
2024-07-29 09:21:29,9,3.61,,FR1,Poke,Left,193,44,141,,0,FR1
2024-07-29 09:22:56,9,3.6,,FR1,Poke,Left,194,44,141,,0,FR1
2024-07-29 09:26:03,9,3.6,2.0,FR1,Pellet,Left,194,44,142,,0,FR1
2024-07-29 09:27:27,9,3.6,,FR1,Poke,Left,195,44,142,,0,FR1
2024-07-29 09:27:29,9,3.6,1.0,FR1,Pellet,Left,195,44,143,0.94,0,FR1
2024-07-29 09:29:44,9,3.6,,FR1,Poke,Left,196,44,143,,0,FR1
2024-07-29 09:32:06,9,3.6,1.0,FR1,Pellet,Left,196,44,144,,0,FR1
2024-07-29 09:36:09,9,3.6,,FR1,Poke,Left,196,45,144,,0,FR1
2024-07-29 09:37:23,9,3.6,,FR1,Poke,Left,197,45,144,,0,FR1
2024-07-29 09:37:25,9,3.6,1.0,FR1,Pellet,Left,197,45,145,1.39,0,FR1
2024-07-29 11:13:30,9,3.6,,FR1,Poke,Left,198,45,145,,0,FR1
2024-07-29 11:13:31,9,3.6,,FR1,Poke,Left,199,45,145,,0,FR1
2024-07-29 11:13:34,9,3.6,2.0,FR1,Pellet,Left,199,45,146,0.5,0,FR1
2024-07-29 11:13:59,9,3.6,,FR1,Poke,Left,200,45,146,,0,FR1
2024-07-29 11:14:00,9,3.6,2.0,FR1,Pellet,Left,200,45,147,0.31,0,FR1
2024-07-29 11:14:25,9,3.6,,FR1,Poke,Left,201,45,147,,0,FR1
2024-07-29 11:14:28,9,3.6,2.0,FR1,Pellet,Left,201,45,148,0.5,0,FR1
2024-07-29 11:14:48,9,3.6,,FR1,Poke,Left,202,45,148,,0,FR1
2024-07-29 11:14:49,9,3.6,1.0,FR1,Pellet,Left,202,45,149,0.06,0,FR1
2024-07-29 11:15:09,9,3.6,,FR1,Poke,Left,203,45,149,,0,FR1
2024-07-29 11:15:10,9,3.6,1.0,FR1,Pellet,Left,203,45,150,0.06,0,FR1
2024-07-29 11:15:34,9,3.6,,FR1,Poke,Left,204,45,150,,0,FR1
2024-07-29 11:15:35,9,3.59,1.0,FR1,Pellet,Left,204,45,151,0.19,0,FR1
2024-07-29 11:15:53,9,3.6,,FR1,Poke,Left,205,45,151,,0,FR1
2024-07-29 11:15:54,9,3.6,,FR1,Poke,Left,206,45,151,,0,FR1
2024-07-29 11:15:57,9,3.6,2.0,FR1,Pellet,Left,206,45,152,0.06,0,FR1
2024-07-29 11:16:17,9,3.6,,FR1,Poke,Left,207,45,152,,0,FR1
2024-07-29 11:17:24,9,3.6,2.0,FR1,Pellet,Left,207,45,153,,0,FR1
2024-07-29 12:27:14,9,3.61,,FR1,Poke,Left,208,45,153,,0,FR1
2024-07-29 12:27:15,9,3.6,2.0,FR1,Pellet,Left,208,45,154,0.06,0,FR1
2024-07-29 12:27:44,9,3.6,,FR1,Poke,Left,209,45,154,,0,FR1
2024-07-29 12:27:45,9,3.6,1.0,FR1,Pellet,Left,209,45,155,0.06,0,FR1
2024-07-29 12:28:09,9,3.6,,FR1,Poke,Left,210,45,155,,0,FR1
2024-07-29 12:28:13,9,3.6,1.0,FR1,Pellet,Left,210,45,156,3.17,0,FR1
2024-07-29 12:28:39,9,3.6,,FR1,Poke,Left,211,45,156,,0,FR1
2024-07-29 12:28:41,9,3.6,1.0,FR1,Pellet,Left,211,45,157,0.82,0,FR1
2024-07-29 13:30:28,9,3.6,,FR1,Poke,Left,212,45,157,,0,FR1
2024-07-29 13:30:31,9,3.6,2.0,FR1,Pellet,Left,212,45,158,1.07,0,FR1
2024-07-29 13:31:01,9,3.6,,FR1,Poke,Left,213,45,158,,0,FR1
2024-07-29 13:31:02,9,3.6,2.0,FR1,Pellet,Left,213,45,159,0.06,0,FR1
2024-07-29 13:31:31,9,3.6,,FR1,Poke,Left,214,45,159,,0,FR1
2024-07-29 13:31:32,9,3.6,,FR1,Poke,Left,215,45,159,,0,FR1
2024-07-29 13:31:33,9,3.6,2.0,FR1,Pellet,Left,215,45,160,0.06,0,FR1
2024-07-29 13:31:51,9,3.6,,FR1,Poke,Left,216,45,160,,0,FR1
2024-07-29 13:31:54,9,3.6,3.0,FR1,Pellet,Left,216,45,161,0.06,0,FR1
2024-07-29 14:17:01,9,3.6,,FR1,Poke,Left,217,45,161,,0,FR1
2024-07-29 14:17:49,9,3.6,,FR1,Poke,Left,217,46,161,,0,FR1
2024-07-29 14:19:33,9,3.6,2.0,FR1,Pellet,Left,217,46,162,,0,FR1
2024-07-29 14:22:10,9,3.6,,FR1,Poke,Left,217,47,162,,0,FR1
2024-07-29 14:26:04,9,3.6,,FR1,Poke,Left,218,47,162,,0,FR1
2024-07-29 14:26:06,9,3.6,1.0,FR1,Pellet,Left,218,47,163,1.77,0,FR1
2024-07-29 15:15:46,9,3.6,,FR1,Poke,Left,219,47,163,,0,FR1
2024-07-29 15:15:46,9,3.6,,FR1,Poke,Left,220,47,163,,0,FR1
2024-07-29 15:15:50,9,3.6,3.0,FR1,Pellet,Left,220,47,164,0.06,0,FR1
2024-07-29 15:16:09,9,3.6,,FR1,Poke,Left,221,47,164,,0,FR1
2024-07-29 15:16:10,9,3.6,,FR1,Poke,Left,222,47,164,,0,FR1
2024-07-29 15:16:13,9,3.6,2.0,FR1,Pellet,Left,222,47,165,0.25,0,FR1
2024-07-29 15:16:32,9,3.6,,FR1,Poke,Left,223,47,165,,0,FR1
2024-07-29 15:16:45,9,3.6,2.0,FR1,Pellet,Left,223,47,166,10.16,0,FR1
2024-07-29 16:08:04,9,3.6,,FR1,Poke,Left,224,47,166,,0,FR1
2024-07-29 16:08:06,9,3.6,2.0,FR1,Pellet,Left,224,47,167,0.06,0,FR1
2024-07-29 16:08:30,9,3.6,,FR1,Poke,Left,225,47,167,,0,FR1
2024-07-29 16:08:30,9,3.6,1.0,FR1,Pellet,Left,225,47,168,0.06,0,FR1
2024-07-29 16:08:52,9,3.6,,FR1,Poke,Left,226,47,168,,0,FR1
2024-07-29 16:08:53,9,3.6,1.0,FR1,Pellet,Left,226,47,169,0.06,0,FR1
2024-07-29 16:19:18,9,3.6,,FR1,Poke,Left,227,47,169,,0,FR1
2024-07-29 16:19:18,9,3.6,1.0,FR1,Pellet,Left,227,47,170,0.06,0,FR1
2024-07-29 16:46:56,9,4.18,,FR1,Poke,Left,228,47,170,,1,FR1
2024-07-29 16:47:00,9,4.18,3.0,FR1,Pellet,Left,228,47,171,0.82,1,FR1
2024-07-29 16:49:35,9,4.18,,FR1,Poke,Left,228,48,171,,1,FR1
2024-07-29 16:50:06,9,4.18,,FR1,Poke,Left,229,48,171,,1,FR1
2024-07-29 16:50:08,9,4.18,2.0,FR1,Pellet,Left,229,48,172,0.37,1,FR1
2024-07-29 16:52:04,9,4.18,,FR1,Poke,Left,230,48,172,,1,FR1
2024-07-29 16:52:05,9,4.18,,FR1,Poke,Left,231,48,172,,1,FR1
2024-07-29 16:52:08,9,4.18,3.0,FR1,Pellet,Left,231,48,173,0.12,1,FR1
2024-07-29 17:42:17,9,4.18,,FR1,Poke,Left,232,48,173,,1,FR1
2024-07-29 17:42:18,9,4.18,2.0,FR1,Pellet,Left,232,48,174,0.12,1,FR1
2024-07-29 17:42:42,9,4.18,,FR1,Poke,Left,233,48,174,,1,FR1
2024-07-29 17:42:43,9,4.18,2.0,FR1,Pellet,Left,233,48,175,0.06,1,FR1
2024-07-29 17:43:02,9,4.18,,FR1,Poke,Left,234,48,175,,1,FR1
2024-07-29 17:43:03,9,4.18,1.0,FR1,Pellet,Left,234,48,176,0.5,1,FR1
2024-07-29 17:43:23,9,4.18,,FR1,Poke,Left,235,48,176,,1,FR1
2024-07-29 17:43:24,9,4.18,2.0,FR1,Pellet,Left,235,48,177,0.44,1,FR1
2024-07-29 17:43:39,9,4.18,,FR1,Poke,Left,236,48,177,,1,FR1
2024-07-29 17:43:40,9,4.18,1.0,FR1,Pellet,Left,236,48,178,0.31,1,FR1
2024-07-29 17:43:56,9,4.18,,FR1,Poke,Left,237,48,178,,1,FR1
2024-07-29 17:43:57,9,4.18,1.0,FR1,Pellet,Left,237,48,179,0.25,1,FR1
2024-07-29 17:44:16,9,4.18,,FR1,Poke,Left,238,48,179,,1,FR1
2024-07-29 17:44:17,9,4.18,,FR1,Poke,Left,239,48,179,,1,FR1
2024-07-29 17:44:20,9,4.18,2.0,FR1,Pellet,Left,239,48,180,0.25,1,FR1
2024-07-29 17:56:47,9,4.18,,FR1,Poke,Left,240,48,180,,1,FR1
2024-07-29 17:56:48,9,4.18,2.0,FR1,Pellet,Left,240,48,181,0.06,1,FR1
2024-07-29 17:57:09,9,4.18,,FR1,Poke,Left,241,48,181,,1,FR1
2024-07-29 17:57:10,9,4.18,2.0,FR1,Pellet,Left,241,48,182,0.06,1,FR1
2024-07-29 17:57:26,9,4.18,,FR1,Poke,Left,242,48,182,,1,FR1
2024-07-29 17:57:27,9,4.18,1.0,FR1,Pellet,Left,242,48,183,0.31,1,FR1
2024-07-29 17:57:47,9,4.18,,FR1,Poke,Left,243,48,183,,1,FR1
2024-07-29 17:57:48,9,4.18,1.0,FR1,Pellet,Left,243,48,184,0.12,1,FR1
2024-07-29 17:58:03,9,4.18,,FR1,Poke,Left,244,48,184,,1,FR1
2024-07-29 17:58:03,9,4.18,,FR1,Poke,Left,245,48,184,,1,FR1
2024-07-29 17:58:07,9,4.18,2.0,FR1,Pellet,Left,245,48,185,0.94,1,FR1
2024-07-29 18:13:48,9,4.18,,FR1,Poke,Left,246,48,185,,1,FR1
2024-07-29 18:13:50,9,4.18,2.0,FR1,Pellet,Left,246,48,186,0.06,1,FR1
2024-07-29 18:14:11,9,4.18,,FR1,Poke,Left,247,48,186,,1,FR1
2024-07-29 18:14:25,9,4.18,2.0,FR1,Pellet,Left,247,48,187,11.8,1,FR1
2024-07-29 18:14:49,9,4.18,,FR1,Poke,Left,248,48,187,,1,FR1
2024-07-29 18:14:51,9,4.18,1.0,FR1,Pellet,Left,248,48,188,0.31,1,FR1
2024-07-29 18:15:07,9,4.18,,FR1,Poke,Left,249,48,188,,1,FR1
2024-07-29 18:15:08,9,4.17,1.0,FR1,Pellet,Left,249,48,189,0.06,1,FR1
2024-07-29 18:15:31,9,4.18,,FR1,Poke,Left,250,48,189,,1,FR1
2024-07-29 18:15:49,9,4.18,2.0,FR1,Pellet,Left,250,48,190,15.17,1,FR1
2024-07-29 18:23:03,9,4.18,,FR1,Poke,Left,251,48,190,,1,FR1
2024-07-29 18:24:31,9,4.18,1.0,FR1,Pellet,Left,251,48,191,,1,FR1
2024-07-29 18:26:11,9,4.18,,FR1,Poke,Left,252,48,191,,1,FR1
2024-07-29 18:26:14,9,4.18,1.0,FR1,Pellet,Left,252,48,192,2.46,1,FR1
2024-07-29 18:27:25,9,4.18,,FR1,Poke,Left,253,48,192,,1,FR1
2024-07-29 18:27:27,9,4.18,1.0,FR1,Pellet,Left,253,48,193,0.88,1,FR1
2024-07-29 18:29:04,9,4.18,,FR1,Poke,Left,253,49,193,,1,FR1
2024-07-29 18:29:58,9,4.18,,FR1,Poke,Left,254,49,193,,1,FR1
2024-07-29 18:30:38,9,4.18,1.0,FR1,Pellet,Left,254,49,194,38.84,1,FR1
2024-07-29 18:43:35,9,4.18,,FR1,Poke,Left,255,49,194,,1,FR1
2024-07-29 18:43:36,9,4.18,,FR1,Poke,Left,256,49,194,,1,FR1
2024-07-29 18:43:39,9,4.18,2.0,FR1,Pellet,Left,256,49,195,0.19,1,FR1
2024-07-29 18:44:02,9,4.17,,FR1,Poke,Left,257,49,195,,1,FR1
2024-07-29 18:44:02,9,4.17,,FR1,Poke,Left,258,49,195,,1,FR1
2024-07-29 18:44:05,9,4.18,3.0,FR1,Pellet,Left,258,49,196,0.19,1,FR1
2024-07-29 18:45:26,9,4.18,,FR1,Poke,Left,259,49,196,,1,FR1
2024-07-29 18:45:28,9,4.17,,FR1,Poke,Left,260,49,196,,1,FR1
2024-07-29 18:45:29,9,4.18,1.0,FR1,Pellet,Left,260,49,197,2.91,1,FR1
2024-07-29 18:45:47,9,4.18,,FR1,Poke,Left,261,49,197,,1,FR1
2024-07-29 18:45:48,9,4.17,1.0,FR1,Pellet,Left,261,49,198,0.06,1,FR1
2024-07-29 18:48:29,9,4.18,,FR1,Poke,Left,261,50,198,,1,FR1
2024-07-29 18:48:36,9,4.18,,FR1,Poke,Left,261,51,198,,1,FR1
2024-07-29 18:48:37,9,4.18,,FR1,Poke,Left,261,52,198,,1,FR1
2024-07-29 18:48:38,9,4.18,,FR1,Poke,Left,261,53,198,,1,FR1
2024-07-29 18:48:40,9,4.18,,FR1,Poke,Left,261,54,198,,1,FR1
2024-07-29 18:50:16,9,4.18,,FR1,Poke,Left,262,54,198,,1,FR1
2024-07-29 18:50:18,9,4.17,1.0,FR1,Pellet,Left,262,54,199,0.75,1,FR1
2024-07-29 19:02:59,9,4.18,,FR1,Poke,Left,263,54,199,,1,FR1
2024-07-29 19:03:00,9,4.18,2.0,FR1,Pellet,Left,263,54,200,0.06,1,FR1
2024-07-29 19:03:26,9,4.18,,FR1,Poke,Left,264,54,200,,1,FR1
2024-07-29 19:03:27,9,4.18,2.0,FR1,Pellet,Left,264,54,201,0.06,1,FR1
2024-07-29 19:05:37,9,4.18,,FR1,Poke,Left,265,54,201,,1,FR1
2024-07-29 19:06:03,9,4.18,1.0,FR1,Pellet,Left,265,54,202,25.94,1,FR1
2024-07-29 19:09:54,9,4.18,,FR1,Poke,Left,266,54,202,,1,FR1
2024-07-29 19:09:55,9,4.18,2.0,FR1,Pellet,Left,266,54,203,0.12,1,FR1
2024-07-29 19:10:42,9,4.18,,FR1,Poke,Left,267,54,203,,1,FR1
2024-07-29 19:11:07,9,4.18,,FR1,Poke,Left,268,54,203,,1,FR1
2024-07-29 19:14:00,9,4.18,1.0,FR1,Pellet,Left,268,54,204,,1,FR1
2024-07-29 19:18:38,9,4.18,,FR1,Poke,Left,269,54,204,,1,FR1
2024-07-29 19:18:38,9,4.18,1.0,FR1,Pellet,Left,269,54,205,0.06,1,FR1
2024-07-29 19:21:11,9,4.18,,FR1,Poke,Left,269,55,205,,1,FR1
2024-07-29 19:21:51,9,4.17,,FR1,Poke,Left,269,56,205,,1,FR1
2024-07-29 19:29:03,9,4.17,,FR1,Poke,Left,270,56,205,,1,FR1
2024-07-29 19:29:04,9,4.17,1.0,FR1,Pellet,Left,270,56,206,0.31,1,FR1
2024-07-29 19:29:21,9,4.18,,FR1,Poke,Left,271,56,206,,1,FR1
2024-07-29 19:29:23,9,4.18,2.0,FR1,Pellet,Left,271,56,207,0.06,1,FR1
2024-07-29 19:29:44,9,4.17,,FR1,Poke,Left,272,56,207,,1,FR1
2024-07-29 19:29:45,9,4.17,,FR1,Poke,Left,273,56,207,,1,FR1
2024-07-29 19:29:48,9,4.18,2.0,FR1,Pellet,Left,273,56,208,0.31,1,FR1
2024-07-29 19:30:04,9,4.18,,FR1,Poke,Left,274,56,208,,1,FR1
2024-07-29 19:30:04,9,4.17,1.0,FR1,Pellet,Left,274,56,209,0.06,1,FR1
2024-07-29 19:30:22,9,4.18,,FR1,Poke,Left,275,56,209,,1,FR1
2024-07-29 19:30:25,9,4.18,2.0,FR1,Pellet,Left,275,56,210,0.37,1,FR1
2024-07-29 19:30:43,9,4.18,,FR1,Poke,Left,276,56,210,,1,FR1
2024-07-29 19:30:44,9,4.17,1.0,FR1,Pellet,Left,276,56,211,0.44,1,FR1
2024-07-29 19:31:10,9,4.18,,FR1,Poke,Left,277,56,211,,1,FR1
2024-07-29 19:31:24,9,4.18,2.0,FR1,Pellet,Left,277,56,212,11.23,1,FR1
2024-07-29 19:36:05,9,4.17,,FR1,Poke,Left,278,56,212,,1,FR1
2024-07-29 19:36:19,9,4.18,1.0,FR1,Pellet,Left,278,56,213,12.57,1,FR1
2024-07-29 19:47:28,9,4.18,,FR1,Poke,Left,279,56,213,,1,FR1
2024-07-29 19:47:29,9,4.17,1.0,FR1,Pellet,Left,279,56,214,0.63,1,FR1
2024-07-29 19:49:32,9,4.18,,FR1,Poke,Left,280,56,214,,1,FR1
2024-07-29 19:49:35,9,4.18,1.0,FR1,Pellet,Left,280,56,215,2.46,1,FR1
2024-07-29 20:04:18,9,4.17,,FR1,Poke,Left,281,56,215,,1,FR1
2024-07-29 20:04:19,9,4.18,1.0,FR1,Pellet,Left,281,56,216,0.82,1,FR1
2024-07-29 20:04:39,9,4.18,,FR1,Poke,Left,282,56,216,,1,FR1
2024-07-29 20:04:40,9,4.17,1.0,FR1,Pellet,Left,282,56,217,0.06,1,FR1
2024-07-29 20:04:54,9,4.17,,FR1,Poke,Left,283,56,217,,1,FR1
2024-07-29 20:04:54,9,4.17,,FR1,Poke,Left,284,56,217,,1,FR1
2024-07-29 20:04:57,9,4.18,,FR1,Poke,Left,285,56,217,,1,FR1
2024-07-29 20:05:01,9,4.17,3.0,FR1,Pellet,Left,285,56,218,1.45,1,FR1
2024-07-29 20:05:20,9,4.17,,FR1,Poke,Left,286,56,218,,1,FR1
2024-07-29 20:05:20,9,4.17,1.0,FR1,Pellet,Left,286,56,219,0.06,1,FR1
2024-07-29 20:07:45,9,4.17,,FR1,Poke,Left,286,57,219,,1,FR1
2024-07-29 20:08:27,9,4.17,,FR1,Poke,Left,286,58,219,,1,FR1
2024-07-29 20:08:43,9,4.17,,FR1,Poke,Left,287,58,219,,1,FR1
2024-07-29 20:08:52,9,4.17,1.0,FR1,Pellet,Left,287,58,220,8.18,1,FR1
2024-07-29 20:15:55,9,4.18,,FR1,Poke,Left,287,59,220,,1,FR1
2024-07-29 20:16:31,9,4.17,,FR1,Poke,Left,288,59,220,,1,FR1
2024-07-29 20:16:32,9,4.17,1.0,FR1,Pellet,Left,288,59,221,0.06,1,FR1
2024-07-29 20:19:18,9,4.17,,FR1,Poke,Left,289,59,221,,1,FR1
2024-07-29 20:19:36,9,4.17,1.0,FR1,Pellet,Left,289,59,222,18.04,1,FR1
2024-07-29 20:19:51,9,4.17,,FR1,Poke,Left,290,59,222,,1,FR1
2024-07-29 20:19:54,9,4.18,1.0,FR1,Pellet,Left,290,59,223,2.59,1,FR1
2024-07-29 20:20:10,9,4.18,,FR1,Poke,Left,290,60,223,,1,FR1
2024-07-29 20:23:07,9,4.17,,FR1,Poke,Left,291,60,223,,1,FR1
2024-07-29 20:23:09,9,4.17,2.0,FR1,Pellet,Left,291,60,224,0.06,1,FR1
2024-07-29 20:27:50,9,4.18,,FR1,Poke,Left,292,60,224,,1,FR1
2024-07-29 20:27:56,9,4.17,1.0,FR1,Pellet,Left,292,60,225,4.82,1,FR1
2024-07-29 20:29:08,9,4.17,,FR1,Poke,Left,293,60,225,,1,FR1
2024-07-29 20:29:20,9,4.18,1.0,FR1,Pellet,Left,293,60,226,10.54,1,FR1
2024-07-29 20:31:36,9,4.17,,FR1,Poke,Left,294,60,226,,1,FR1
2024-07-29 20:31:44,9,4.17,,FR1,Poke,Left,295,60,226,,1,FR1
2024-07-29 20:31:46,9,4.17,,FR1,Poke,Left,296,60,226,,1,FR1
2024-07-29 20:31:52,9,4.17,1.0,FR1,Pellet,Left,296,60,227,15.62,1,FR1
2024-07-29 20:40:28,9,4.17,,FR1,Poke,Left,297,60,227,,1,FR1
2024-07-29 20:40:29,9,4.17,2.0,FR1,Pellet,Left,297,60,228,0.12,1,FR1
2024-07-29 20:40:45,9,4.18,,FR1,Poke,Left,298,60,228,,1,FR1
2024-07-29 20:40:46,9,4.17,2.0,FR1,Pellet,Left,298,60,229,0.12,1,FR1
2024-07-29 20:41:00,9,4.16,,FR1,Poke,Left,299,60,229,,1,FR1
2024-07-29 20:41:01,9,4.16,1.0,FR1,Pellet,Left,299,60,230,0.06,1,FR1
2024-07-29 20:41:18,9,4.17,,FR1,Poke,Left,300,60,230,,1,FR1
2024-07-29 20:41:19,9,4.17,1.0,FR1,Pellet,Left,300,60,231,0.19,1,FR1
2024-07-29 20:50:53,9,4.17,,FR1,Poke,Left,300,61,231,,1,FR1
2024-07-29 20:56:06,9,4.18,,FR1,Poke,Left,301,61,231,,1,FR1
2024-07-29 20:56:07,9,4.17,1.0,FR1,Pellet,Left,301,61,232,0.69,1,FR1
2024-07-29 20:56:24,9,4.17,,FR1,Poke,Left,302,61,232,,1,FR1
2024-07-29 20:56:25,9,4.17,2.0,FR1,Pellet,Left,302,61,233,0.06,1,FR1
2024-07-29 20:56:41,9,4.17,,FR1,Poke,Left,303,61,233,,1,FR1
2024-07-29 20:56:42,9,4.17,1.0,FR1,Pellet,Left,303,61,234,0.5,1,FR1
2024-07-29 20:56:57,9,4.17,,FR1,Poke,Left,304,61,234,,1,FR1
2024-07-29 20:56:59,9,4.17,1.0,FR1,Pellet,Left,304,61,235,1.58,1,FR1
2024-07-29 21:05:14,9,4.17,,FR1,Poke,Left,305,61,235,,1,FR1
2024-07-29 21:05:15,9,4.17,1.0,FR1,Pellet,Left,305,61,236,0.06,1,FR1
2024-07-29 21:07:58,9,4.16,,FR1,Poke,Left,306,61,236,,1,FR1
2024-07-29 21:08:00,9,4.17,1.0,FR1,Pellet,Left,306,61,237,0.44,1,FR1
2024-07-29 21:11:14,9,4.17,,FR1,Poke,Left,307,61,237,,1,FR1
2024-07-29 21:11:15,9,4.17,1.0,FR1,Pellet,Left,307,61,238,0.56,1,FR1
2024-07-29 21:11:35,9,4.17,,FR1,Poke,Left,308,61,238,,1,FR1
2024-07-29 21:11:36,9,4.17,1.0,FR1,Pellet,Left,308,61,239,0.5,1,FR1
2024-07-29 21:14:08,9,4.18,,FR1,Poke,Left,309,61,239,,1,FR1
2024-07-29 21:14:09,9,4.16,1.0,FR1,Pellet,Left,309,61,240,0.06,1,FR1
2024-07-29 21:45:47,9,4.16,,FR1,Poke,Left,310,61,240,,1,FR1
2024-07-29 21:45:48,9,4.17,2.0,FR1,Pellet,Left,310,61,241,0.44,1,FR1
2024-07-29 21:46:32,9,4.16,,FR1,Poke,Left,311,61,241,,1,FR1
2024-07-29 21:46:33,9,4.16,2.0,FR1,Pellet,Left,311,61,242,0.06,1,FR1
2024-07-29 21:46:56,9,4.16,,FR1,Poke,Left,312,61,242,,1,FR1
2024-07-29 21:46:56,9,4.16,1.0,FR1,Pellet,Left,312,61,243,0.06,1,FR1
2024-07-29 21:47:22,9,4.16,,FR1,Poke,Left,313,61,243,,1,FR1
2024-07-29 21:47:23,9,4.16,,FR1,Poke,Left,314,61,243,,1,FR1
2024-07-29 21:47:26,9,4.16,2.0,FR1,Pellet,Left,314,61,244,0.06,1,FR1
2024-07-29 21:47:48,9,4.17,,FR1,Poke,Left,315,61,244,,1,FR1
2024-07-29 21:47:49,9,4.17,1.0,FR1,Pellet,Left,315,61,245,0.5,1,FR1
2024-07-29 21:48:11,9,4.17,,FR1,Poke,Left,316,61,245,,1,FR1
2024-07-29 21:48:11,9,4.17,,FR1,Poke,Left,317,61,245,,1,FR1
2024-07-29 21:48:15,9,4.16,3.0,FR1,Pellet,Left,317,61,246,0.06,1,FR1
2024-07-29 21:49:19,9,4.16,,FR1,Poke,Left,317,62,246,,1,FR1
2024-07-29 21:49:41,9,4.16,,FR1,Poke,Left,318,62,246,,1,FR1
2024-07-29 21:49:44,9,4.17,1.0,FR1,Pellet,Left,318,62,247,2.65,1,FR1
2024-07-29 21:50:07,9,4.17,,FR1,Poke,Left,319,62,247,,1,FR1
2024-07-29 21:50:38,9,4.17,1.0,FR1,Pellet,Left,319,62,248,29.52,1,FR1
2024-07-29 22:12:39,9,4.16,,FR1,Poke,Left,320,62,248,,1,FR1
2024-07-29 22:12:40,9,4.16,2.0,FR1,Pellet,Left,320,62,249,0.06,1,FR1
2024-07-29 22:13:04,9,4.16,,FR1,Poke,Left,321,62,249,,1,FR1
2024-07-29 22:13:05,9,4.16,1.0,FR1,Pellet,Left,321,62,250,0.5,1,FR1
2024-07-29 22:13:23,9,4.17,,FR1,Poke,Left,322,62,250,,1,FR1
2024-07-29 22:13:24,9,4.16,1.0,FR1,Pellet,Left,322,62,251,0.37,1,FR1
2024-07-29 22:37:46,9,4.16,,FR1,Poke,Left,323,62,251,,1,FR1
2024-07-29 22:37:47,9,4.17,2.0,FR1,Pellet,Left,323,62,252,0.06,1,FR1
2024-07-29 22:38:05,9,4.16,,FR1,Poke,Left,324,62,252,,1,FR1
2024-07-29 22:38:06,9,4.17,1.0,FR1,Pellet,Left,324,62,253,0.06,1,FR1
2024-07-29 22:38:24,9,4.16,,FR1,Poke,Left,325,62,253,,1,FR1
2024-07-29 22:38:25,9,4.16,1.0,FR1,Pellet,Left,325,62,254,0.63,1,FR1
2024-07-29 22:38:57,9,4.16,,FR1,Poke,Left,325,63,254,,1,FR1
2024-07-29 23:04:38,9,4.16,,FR1,Poke,Left,326,63,254,,1,FR1
2024-07-29 23:04:39,9,4.16,2.0,FR1,Pellet,Left,326,63,255,0.06,1,FR1
2024-07-29 23:04:58,9,4.16,,FR1,Poke,Left,327,63,255,,1,FR1
2024-07-29 23:04:59,9,4.16,1.0,FR1,Pellet,Left,327,63,256,0.25,1,FR1
2024-07-29 23:05:16,9,4.16,,FR1,Poke,Left,328,63,256,,1,FR1
2024-07-29 23:05:16,9,4.16,1.0,FR1,Pellet,Left,328,63,257,0.06,1,FR1
2024-07-29 23:15:32,9,4.16,,FR1,Poke,Left,329,63,257,,1,FR1
2024-07-29 23:15:33,9,4.16,1.0,FR1,Pellet,Left,329,63,258,0.31,1,FR1
2024-07-29 23:15:59,9,4.16,,FR1,Poke,Left,330,63,258,,1,FR1
2024-07-29 23:16:01,9,4.16,2.0,FR1,Pellet,Left,330,63,259,0.25,1,FR1
2024-07-29 23:16:40,9,4.16,,FR1,Poke,Left,330,64,259,,1,FR1
2024-07-29 23:16:51,9,4.16,,FR1,Poke,Left,331,64,259,,1,FR1
2024-07-29 23:17:26,9,4.16,1.0,FR1,Pellet,Left,331,64,260,34.05,1,FR1
2024-07-29 23:17:51,9,4.16,,FR1,Poke,Left,332,64,260,,1,FR1
2024-07-29 23:17:53,9,4.17,,FR1,Poke,Left,333,64,260,,1,FR1
2024-07-29 23:21:03,9,4.16,1.0,FR1,Pellet,Left,333,64,261,,1,FR1
2024-07-29 23:23:07,9,4.16,,FR1,Poke,Left,334,64,261,,1,FR1
2024-07-29 23:24:03,9,4.16,1.0,FR1,Pellet,Left,334,64,262,55.02,1,FR1
2024-07-29 23:25:13,9,4.16,,FR1,Poke,Left,335,64,262,,1,FR1
2024-07-29 23:26:05,9,4.16,,FR1,Poke,Left,336,64,262,,1,FR1
2024-07-29 23:26:10,9,4.16,,FR1,Poke,Left,337,64,262,,1,FR1
2024-07-29 23:26:11,9,4.16,1.0,FR1,Pellet,Left,337,64,263,57.43,1,FR1
2024-07-29 23:28:18,9,4.16,,FR1,Poke,Left,337,65,263,,1,FR1
2024-07-29 23:28:31,9,4.16,,FR1,Poke,Left,338,65,263,,1,FR1
2024-07-29 23:28:56,9,4.16,1.0,FR1,Pellet,Left,338,65,264,23.72,1,FR1
2024-07-29 23:30:19,9,4.16,,FR1,Poke,Left,339,65,264,,1,FR1
2024-07-29 23:30:20,9,4.16,1.0,FR1,Pellet,Left,339,65,265,0.06,1,FR1
2024-07-29 23:34:19,9,4.16,,FR1,Poke,Left,339,66,265,,1,FR1
2024-07-29 23:34:29,9,4.16,,FR1,Poke,Left,340,66,265,,1,FR1
2024-07-29 23:34:37,9,4.16,,FR1,Poke,Left,341,66,265,,1,FR1
2024-07-29 23:34:37,9,4.16,,FR1,Poke,Left,342,66,265,,1,FR1
2024-07-29 23:35:06,9,4.16,1.0,FR1,Pellet,Left,342,66,266,36.84,1,FR1
2024-07-29 23:37:06,9,4.16,,FR1,Poke,Left,343,66,266,,1,FR1
2024-07-29 23:37:08,9,4.16,,FR1,Poke,Left,344,66,266,,1,FR1
2024-07-29 23:41:00,9,4.16,,FR1,Poke,Left,344,67,266,,1,FR1
2024-07-29 23:41:29,9,4.16,1.0,FR1,Pellet,Left,344,67,267,,1,FR1
2024-07-29 23:43:59,9,4.16,,FR1,Poke,Left,345,67,267,,1,FR1
2024-07-29 23:43:59,9,4.16,1.0,FR1,Pellet,Left,345,67,268,0.06,1,FR1
2024-07-29 23:44:41,9,4.16,,FR1,Poke,Left,346,67,268,,1,FR1
2024-07-29 23:46:36,9,4.16,,FR1,Poke,Left,347,67,268,,1,FR1
2024-07-29 23:51:46,9,4.16,1.0,FR1,Pellet,Left,347,67,269,,1,FR1
2024-07-29 23:55:16,9,4.16,,FR1,Poke,Left,348,67,269,,1,FR1
2024-07-29 23:55:28,9,4.16,,FR1,Poke,Left,349,67,269,,1,FR1
2024-07-29 23:55:29,9,4.16,,FR1,Poke,Left,350,67,269,,1,FR1
2024-07-29 23:55:31,9,4.16,,FR1,Poke,Left,351,67,269,,1,FR1
2024-07-29 23:55:32,9,4.16,,FR1,Poke,Left,352,67,269,,1,FR1
2024-07-29 23:55:41,9,4.16,,FR1,Poke,Left,353,67,269,,1,FR1
2024-07-29 23:55:43,9,4.16,2.0,FR1,Pellet,Left,353,67,270,24.79,1,FR1
2024-07-29 23:56:25,9,4.16,,FR1,Poke,Left,354,67,270,,1,FR1
2024-07-29 23:56:26,9,4.16,1.0,FR1,Pellet,Left,354,67,271,0.37,1,FR1
2024-07-30 00:07:34,9,4.16,,FR1,Poke,Left,355,67,271,,1,FR1
2024-07-30 00:08:08,9,4.16,1.0,FR1,Pellet,Left,355,67,272,33.15,1,FR1
2024-07-30 00:08:28,9,4.16,,FR1,Poke,Left,356,67,272,,1,FR1
2024-07-30 00:08:29,9,4.16,1.0,FR1,Pellet,Left,356,67,273,0.06,1,FR1
2024-07-30 00:09:45,9,4.16,,FR1,Poke,Left,357,67,273,,1,FR1
2024-07-30 00:09:57,9,4.16,1.0,FR1,Pellet,Left,357,67,274,11.42,1,FR1
2024-07-30 00:14:26,9,4.16,,FR1,Poke,Left,358,67,274,,1,FR1
2024-07-30 00:14:34,9,4.16,1.0,FR1,Pellet,Left,358,67,275,6.46,1,FR1
2024-07-30 00:15:06,9,4.16,,FR1,Poke,Left,359,67,275,,1,FR1
2024-07-30 00:15:07,9,4.16,1.0,FR1,Pellet,Left,359,67,276,0.06,1,FR1
2024-07-30 00:21:22,9,4.16,,FR1,Poke,Left,360,67,276,,1,FR1
2024-07-30 00:26:02,9,4.16,1.0,FR1,Pellet,Left,360,67,277,,1,FR1
2024-07-30 00:27:53,9,4.16,,FR1,Poke,Left,361,67,277,,1,FR1
2024-07-30 00:28:04,9,4.16,,FR1,Poke,Left,362,67,277,,1,FR1
2024-07-30 00:28:08,9,4.16,,FR1,Poke,Left,363,67,277,,1,FR1
2024-07-30 00:30:28,9,4.16,1.0,FR1,Pellet,Left,363,67,278,,1,FR1
2024-07-30 00:32:08,9,4.16,,FR1,Poke,Left,364,67,278,,1,FR1
2024-07-30 00:32:09,9,4.16,2.0,FR1,Pellet,Left,364,67,279,0.06,1,FR1
2024-07-30 00:32:27,9,4.16,,FR1,Poke,Left,365,67,279,,1,FR1
2024-07-30 00:32:28,9,4.16,1.0,FR1,Pellet,Left,365,67,280,0.44,1,FR1
2024-07-30 00:33:43,9,4.16,,FR1,Poke,Left,365,68,280,,1,FR1
2024-07-30 00:33:45,9,4.16,,FR1,Poke,Left,365,69,280,,1,FR1
2024-07-30 00:33:47,9,4.16,,FR1,Poke,Left,365,70,280,,1,FR1
2024-07-30 00:33:51,9,4.16,,FR1,Poke,Left,366,70,280,,1,FR1
2024-07-30 00:34:07,9,4.16,1.0,FR1,Pellet,Left,366,70,281,15.37,1,FR1
2024-07-30 00:36:50,9,4.16,,FR1,Poke,Left,366,71,281,,1,FR1
2024-07-30 00:37:48,9,4.16,,FR1,Poke,Left,367,71,281,,1,FR1
2024-07-30 00:37:49,9,4.16,,FR1,Poke,Left,368,71,281,,1,FR1
2024-07-30 00:37:49,9,4.16,,FR1,Poke,Left,369,71,281,,1,FR1
2024-07-30 00:37:52,9,4.16,,FR1,Poke,Left,370,71,281,,1,FR1
2024-07-30 00:37:52,9,4.16,,FR1,Poke,Left,371,71,281,,1,FR1
2024-07-30 00:37:56,9,4.16,4.0,FR1,Pellet,Left,371,71,282,0.69,1,FR1
2024-07-30 00:38:00,9,4.16,,FR1,Poke,Left,372,71,282,,1,FR1
2024-07-30 00:38:01,9,4.16,,FR1,Poke,Left,373,71,282,,1,FR1
2024-07-30 00:42:10,9,4.16,,FR1,Poke,Left,374,71,282,,1,FR1
2024-07-30 00:42:36,9,4.16,,FR1,Poke,Left,374,72,282,,1,FR1
2024-07-30 00:43:01,9,4.16,2.0,FR1,Pellet,Left,374,72,283,,1,FR1
2024-07-30 00:53:15,9,4.16,,FR1,Poke,Left,375,72,283,,1,FR1
2024-07-30 00:53:15,9,4.16,2.0,FR1,Pellet,Left,375,72,284,0.06,1,FR1
2024-07-30 00:59:21,9,4.16,,FR1,Poke,Left,376,72,284,,1,FR1
2024-07-30 00:59:21,9,4.16,1.0,FR1,Pellet,Left,376,72,285,0.06,1,FR1
2024-07-30 01:02:04,9,4.16,,FR1,Poke,Left,377,72,285,,1,FR1
2024-07-30 01:15:21,9,4.16,,FR1,Poke,Left,378,72,285,,1,FR1
2024-07-30 01:15:23,9,4.16,1.0,FR1,Pellet,Left,378,72,286,,1,FR1
2024-07-30 01:15:43,9,4.16,,FR1,Poke,Left,379,72,286,,1,FR1
2024-07-30 01:15:45,9,4.16,1.0,FR1,Pellet,Left,379,72,287,0.5,1,FR1
2024-07-30 02:17:15,9,4.15,,FR1,Poke,Left,380,72,287,,1,FR1
2024-07-30 02:17:16,9,4.15,1.0,FR1,Pellet,Left,380,72,288,0.06,1,FR1
2024-07-30 02:17:35,9,4.16,,FR1,Poke,Left,381,72,288,,1,FR1
2024-07-30 02:17:36,9,4.16,1.0,FR1,Pellet,Left,381,72,289,0.06,1,FR1
2024-07-30 02:17:59,9,4.16,,FR1,Poke,Left,382,72,289,,1,FR1
2024-07-30 02:18:00,9,4.16,1.0,FR1,Pellet,Left,382,72,290,0.44,1,FR1
2024-07-30 02:18:20,9,4.16,,FR1,Poke,Left,383,72,290,,1,FR1
2024-07-30 02:18:21,9,4.16,1.0,FR1,Pellet,Left,383,72,291,0.31,1,FR1
2024-07-30 02:18:39,9,4.15,,FR1,Poke,Left,384,72,291,,1,FR1
2024-07-30 02:18:39,9,4.15,,FR1,Poke,Left,385,72,291,,1,FR1
2024-07-30 02:18:43,9,4.15,2.0,FR1,Pellet,Left,385,72,292,0.56,1,FR1
2024-07-30 02:19:01,9,4.16,,FR1,Poke,Left,386,72,292,,1,FR1
2024-07-30 02:19:01,9,4.16,1.0,FR1,Pellet,Left,386,72,293,0.06,1,FR1
2024-07-30 02:19:22,9,4.16,,FR1,Poke,Left,387,72,293,,1,FR1
2024-07-30 02:19:24,9,4.16,1.0,FR1,Pellet,Left,387,72,294,0.19,1,FR1
2024-07-30 02:19:45,9,4.16,,FR1,Poke,Left,388,72,294,,1,FR1
2024-07-30 02:19:45,9,4.15,,FR1,Poke,Left,389,72,294,,1,FR1
2024-07-30 02:19:49,9,4.16,3.0,FR1,Pellet,Left,389,72,295,0.06,1,FR1
2024-07-30 02:51:30,9,4.16,,FR1,Poke,Left,390,72,295,,1,FR1
2024-07-30 02:51:31,9,4.16,2.0,FR1,Pellet,Left,390,72,296,0.06,1,FR1
2024-07-30 02:51:52,9,4.16,,FR1,Poke,Left,391,72,296,,1,FR1
2024-07-30 02:51:53,9,4.15,1.0,FR1,Pellet,Left,391,72,297,0.31,1,FR1
2024-07-30 03:33:37,9,4.15,,FR1,Poke,Left,392,72,297,,1,FR1
2024-07-30 03:33:38,9,4.15,1.0,FR1,Pellet,Left,392,72,298,0.69,1,FR1
2024-07-30 03:34:05,9,4.15,,FR1,Poke,Left,393,72,298,,1,FR1
2024-07-30 03:34:06,9,4.15,1.0,FR1,Pellet,Left,393,72,299,0.06,1,FR1
2024-07-30 03:34:26,9,4.15,,FR1,Poke,Left,394,72,299,,1,FR1
2024-07-30 03:34:27,9,4.15,2.0,FR1,Pellet,Left,394,72,300,0.12,1,FR1
2024-07-30 03:34:46,9,4.15,,FR1,Poke,Left,395,72,300,,1,FR1
2024-07-30 03:34:48,9,4.16,1.0,FR1,Pellet,Left,395,72,301,0.44,1,FR1
2024-07-30 03:35:10,9,4.15,,FR1,Poke,Left,396,72,301,,1,FR1
2024-07-30 03:35:11,9,4.15,1.0,FR1,Pellet,Left,396,72,302,0.19,1,FR1
2024-07-30 03:35:36,9,4.14,,FR1,Poke,Left,397,72,302,,1,FR1
2024-07-30 03:35:38,9,4.15,2.0,FR1,Pellet,Left,397,72,303,0.06,1,FR1
2024-07-30 03:36:17,9,4.15,,FR1,Poke,Left,398,72,303,,1,FR1
2024-07-30 03:36:19,9,4.15,1.0,FR1,Pellet,Left,398,72,304,1.07,1,FR1
2024-07-30 03:41:58,9,4.16,,FR1,Poke,Left,399,72,304,,1,FR1
2024-07-30 03:41:59,9,4.15,1.0,FR1,Pellet,Left,399,72,305,0.06,1,FR1
2024-07-30 03:43:45,9,4.15,,FR1,Poke,Left,400,72,305,,1,FR1
2024-07-30 03:43:53,9,4.15,,FR1,Poke,Left,400,73,305,,1,FR1
2024-07-30 03:45:17,9,4.15,,FR1,Poke,Left,401,73,305,,1,FR1
2024-07-30 03:45:27,9,4.15,1.0,FR1,Pellet,Left,401,73,306,,1,FR1
2024-07-30 03:49:43,9,4.16,,FR1,Poke,Left,402,73,306,,1,FR1
2024-07-30 03:49:43,9,4.15,1.0,FR1,Pellet,Left,402,73,307,0.06,1,FR1
2024-07-30 03:50:19,9,4.16,,FR1,Poke,Left,403,73,307,,1,FR1
2024-07-30 03:50:21,9,4.15,2.0,FR1,Pellet,Left,403,73,308,1.51,1,FR1
2024-07-30 03:50:41,9,4.15,,FR1,Poke,Left,403,74,308,,1,FR1
2024-07-30 04:01:08,9,4.15,,FR1,Poke,Left,404,74,308,,1,FR1
2024-07-30 04:01:09,9,4.15,1.0,FR1,Pellet,Left,404,74,309,0.25,1,FR1
2024-07-30 04:01:28,9,4.15,,FR1,Poke,Left,405,74,309,,1,FR1
2024-07-30 04:01:29,9,4.15,2.0,FR1,Pellet,Left,405,74,310,0.06,1,FR1
2024-07-30 04:05:46,9,4.15,,FR1,Poke,Left,406,74,310,,1,FR1
2024-07-30 04:05:51,9,4.15,,FR1,Poke,Left,407,74,310,,1,FR1
2024-07-30 04:05:59,9,4.15,1.0,FR1,Pellet,Left,407,74,311,12.01,1,FR1
2024-07-30 04:06:25,9,4.15,,FR1,Poke,Left,408,74,311,,1,FR1
2024-07-30 04:06:26,9,4.15,2.0,FR1,Pellet,Left,408,74,312,0.12,1,FR1
2024-07-30 04:06:45,9,4.15,,FR1,Poke,Left,409,74,312,,1,FR1
2024-07-30 04:06:46,9,4.15,1.0,FR1,Pellet,Left,409,74,313,0.5,1,FR1
2024-07-30 04:07:00,9,4.15,,FR1,Poke,Left,410,74,313,,1,FR1
2024-07-30 04:07:05,9,4.15,,FR1,Poke,Left,411,74,313,,1,FR1
2024-07-30 04:07:14,9,4.15,,FR1,Poke,Left,411,75,313,,1,FR1
2024-07-30 04:07:20,9,4.15,,FR1,Poke,Left,411,76,313,,1,FR1
2024-07-30 04:15:29,9,4.15,1.0,FR1,Pellet,Left,411,76,314,,1,FR1
2024-07-30 04:18:46,9,4.15,,FR1,Poke,Left,412,76,314,,1,FR1
2024-07-30 04:18:47,9,4.14,,FR1,Poke,Left,413,76,314,,1,FR1
2024-07-30 04:18:54,9,4.15,,FR1,Poke,Left,414,76,314,,1,FR1
2024-07-30 04:18:59,9,4.15,,FR1,Poke,Left,415,76,314,,1,FR1
2024-07-30 04:19:00,9,4.15,,FR1,Poke,Left,416,76,314,,1,FR1
2024-07-30 04:19:09,9,4.14,1.0,FR1,Pellet,Left,416,76,315,22.77,1,FR1
2024-07-30 04:20:13,9,4.15,,FR1,Poke,Left,416,77,315,,1,FR1
2024-07-30 04:20:14,9,4.15,,FR1,Poke,Left,417,77,315,,1,FR1
2024-07-30 04:23:05,9,4.14,,FR1,Poke,Left,418,77,315,,1,FR1
2024-07-30 04:23:29,9,4.15,,FR1,Poke,Left,419,77,315,,1,FR1
2024-07-30 04:23:30,9,4.15,,FR1,Poke,Left,420,77,315,,1,FR1
2024-07-30 04:23:31,9,4.15,,FR1,Poke,Left,421,77,315,,1,FR1
2024-07-30 04:23:49,9,4.15,,FR1,Poke,Left,421,78,315,,1,FR1
2024-07-30 04:23:54,9,4.15,,FR1,Poke,Left,421,79,315,,1,FR1
2024-07-30 04:23:58,9,4.15,,FR1,Poke,Left,421,80,315,,1,FR1
2024-07-30 04:24:05,9,4.15,,FR1,Poke,Left,421,81,315,,1,FR1
2024-07-30 04:24:06,9,4.15,,FR1,Poke,Left,421,82,315,,1,FR1
2024-07-30 04:24:13,9,4.15,,FR1,Poke,Left,421,83,315,,1,FR1
2024-07-30 04:24:17,9,4.15,,FR1,Poke,Left,421,84,315,,1,FR1
2024-07-30 04:24:20,9,4.14,,FR1,Poke,Left,421,85,315,,1,FR1
2024-07-30 04:24:22,9,4.15,,FR1,Poke,Left,421,86,315,,1,FR1
2024-07-30 04:24:29,9,4.15,,FR1,Poke,Left,421,87,315,,1,FR1
2024-07-30 04:24:32,9,4.15,,FR1,Poke,Left,421,88,315,,1,FR1
2024-07-30 04:24:33,9,4.15,1.0,FR1,Pellet,Left,421,88,316,,1,FR1
2024-07-30 04:24:56,9,4.15,,FR1,Poke,Left,422,88,316,,1,FR1
2024-07-30 04:24:58,9,4.15,1.0,FR1,Pellet,Left,422,88,317,0.5,1,FR1
2024-07-30 04:27:13,9,4.15,,FR1,Poke,Left,423,88,317,,1,FR1
2024-07-30 04:27:13,9,4.15,1.0,FR1,Pellet,Left,423,88,318,0.06,1,FR1
2024-07-30 04:34:43,9,4.14,,FR1,Poke,Left,424,88,318,,1,FR1
2024-07-30 04:34:44,9,4.14,2.0,FR1,Pellet,Left,424,88,319,0.06,1,FR1
2024-07-30 04:37:33,9,4.15,,FR1,Poke,Left,425,88,319,,1,FR1
2024-07-30 04:38:35,9,4.15,,FR1,Poke,Left,425,89,319,,1,FR1
2024-07-30 04:38:38,9,4.14,,FR1,Poke,Left,425,90,319,,1,FR1
2024-07-30 04:38:45,9,4.15,1.0,FR1,Pellet,Left,425,90,320,,1,FR1
2024-07-30 04:50:00,9,4.14,,FR1,Poke,Left,426,90,320,,1,FR1
2024-07-30 04:50:01,9,4.15,1.0,FR1,Pellet,Left,426,90,321,0.06,1,FR1
2024-07-30 05:00:21,9,4.14,,FR1,Poke,Left,427,90,321,,1,FR1
2024-07-30 05:00:23,9,4.15,,FR1,Poke,Left,428,90,321,,1,FR1
2024-07-30 05:00:24,9,4.14,,FR1,Poke,Left,429,90,321,,1,FR1
2024-07-30 05:00:37,9,4.14,1.0,FR1,Pellet,Left,429,90,322,14.72,1,FR1
2024-07-30 05:06:24,9,4.15,,FR1,Poke,Left,430,90,322,,1,FR1
2024-07-30 05:06:29,9,4.15,1.0,FR1,Pellet,Left,430,90,323,3.93,1,FR1
2024-07-30 05:12:49,9,4.15,,FR1,Poke,Left,431,90,323,,1,FR1
2024-07-30 05:13:27,9,4.14,1.0,FR1,Pellet,Left,431,90,324,37.37,1,FR1
2024-07-30 05:13:45,9,4.15,,FR1,Poke,Left,431,91,324,,1,FR1
2024-07-30 05:14:07,9,4.15,,FR1,Poke,Left,432,91,324,,1,FR1
2024-07-30 05:14:18,9,4.15,1.0,FR1,Pellet,Left,432,91,325,10.15,1,FR1
2024-07-30 05:14:42,9,4.15,,FR1,Poke,Left,433,91,325,,1,FR1
2024-07-30 05:16:16,9,4.14,1.0,FR1,Pellet,Left,433,91,326,,1,FR1
2024-07-30 05:22:44,9,4.15,,FR1,Poke,Left,434,91,326,,1,FR1
2024-07-30 05:22:46,9,4.14,1.0,FR1,Pellet,Left,434,91,327,1.2,1,FR1
2024-07-30 05:23:01,9,4.14,,FR1,Poke,Left,435,91,327,,1,FR1
2024-07-30 05:23:11,9,4.14,1.0,FR1,Pellet,Left,435,91,328,9.39,1,FR1
2024-07-30 05:26:41,9,4.14,,FR1,Poke,Left,436,91,328,,1,FR1
2024-07-30 05:26:42,9,4.15,1.0,FR1,Pellet,Left,436,91,329,0.06,1,FR1
2024-07-30 05:26:59,9,4.15,,FR1,Poke,Left,437,91,329,,1,FR1
2024-07-30 05:27:00,9,4.14,1.0,FR1,Pellet,Left,437,91,330,0.06,1,FR1
2024-07-30 05:29:14,9,4.15,,FR1,Poke,Left,437,92,330,,1,FR1
2024-07-30 05:35:07,9,4.15,,FR1,Poke,Left,438,92,330,,1,FR1
2024-07-30 05:35:07,9,4.15,,FR1,Poke,Left,439,92,330,,1,FR1
2024-07-30 05:35:10,9,4.14,,FR1,Poke,Left,440,92,330,,1,FR1
2024-07-30 05:35:50,9,4.14,3.0,FR1,Pellet,Left,440,92,331,37.0,1,FR1
2024-07-30 05:37:30,9,4.14,,FR1,Poke,Left,441,92,331,,1,FR1
2024-07-30 05:37:45,9,4.15,1.0,FR1,Pellet,Left,441,92,332,13.52,1,FR1
2024-07-30 05:44:18,9,4.15,,FR1,Poke,Left,442,92,332,,1,FR1
2024-07-30 05:52:54,9,4.15,1.0,FR1,Pellet,Left,442,92,333,,1,FR1
2024-07-30 05:59:55,9,4.14,,FR1,Poke,Left,442,93,333,,1,FR1
2024-07-30 05:59:58,9,4.14,,FR1,Poke,Left,443,93,333,,1,FR1
2024-07-30 05:59:59,9,4.14,,FR1,Poke,Left,444,93,333,,1,FR1
2024-07-30 06:00:00,9,4.15,1.0,FR1,Pellet,Left,444,93,334,1.17,1,FR1
2024-07-30 06:08:56,9,4.14,,FR1,Poke,Left,445,93,334,,1,FR1
2024-07-30 06:08:58,9,4.14,1.0,FR1,Pellet,Left,445,93,335,0.82,1,FR1
2024-07-30 06:09:22,9,4.15,,FR1,Poke,Left,446,93,335,,1,FR1
2024-07-30 06:09:23,9,4.14,,FR1,Poke,Left,447,93,335,,1,FR1
2024-07-30 06:09:26,9,4.14,3.0,FR1,Pellet,Left,447,93,336,0.06,1,FR1
2024-07-30 06:09:41,9,4.14,,FR1,Poke,Left,448,93,336,,1,FR1
2024-07-30 06:09:44,9,4.14,2.0,FR1,Pellet,Left,448,93,337,0.06,1,FR1
2024-07-30 08:31:10,9,4.14,,FR1,Poke,Left,449,93,337,,1,FR1
2024-07-30 08:31:11,9,4.14,1.0,FR1,Pellet,Left,449,93,338,0.06,1,FR1
2024-07-30 09:42:11,9,4.14,,FR1,Poke,Left,450,93,338,,1,FR1
2024-07-30 09:42:13,9,4.14,1.0,FR1,Pellet,Left,450,93,339,1.13,1,FR1
2024-07-30 09:45:39,9,4.14,,FR1,Poke,Left,450,94,339,,1,FR1
2024-07-30 09:47:55,9,4.13,,FR1,Poke,Left,451,94,339,,1,FR1
2024-07-30 09:47:56,9,4.14,2.0,FR1,Pellet,Left,451,94,340,0.06,1,FR1
2024-07-30 09:48:34,9,4.14,,FR1,Poke,Left,452,94,340,,1,FR1
2024-07-30 09:48:35,9,4.14,1.0,FR1,Pellet,Left,452,94,341,0.75,1,FR1
2024-07-30 09:48:55,9,4.14,,FR1,Poke,Left,453,94,341,,1,FR1
2024-07-30 09:48:56,9,4.14,2.0,FR1,Pellet,Left,453,94,342,0.06,1,FR1
2024-07-30 10:54:40,9,4.13,,FR1,Poke,Left,454,94,342,,1,FR1
2024-07-30 10:54:42,9,4.14,2.0,FR1,Pellet,Left,454,94,343,0.12,1,FR1
2024-07-30 10:55:07,9,4.14,,FR1,Poke,Left,455,94,343,,1,FR1
2024-07-30 10:55:08,9,4.14,1.0,FR1,Pellet,Left,455,94,344,0.37,1,FR1
2024-07-30 10:55:32,9,4.14,,FR1,Poke,Left,456,94,344,,1,FR1
2024-07-30 10:55:33,9,4.13,1.0,FR1,Pellet,Left,456,94,345,0.18,1,FR1
2024-07-30 10:55:51,9,4.14,,FR1,Poke,Left,457,94,345,,1,FR1
2024-07-30 10:55:54,9,4.14,2.0,FR1,Pellet,Left,457,94,346,0.06,1,FR1
2024-07-30 11:43:21,9,4.14,,FR1,Poke,Left,458,94,346,,1,FR1
2024-07-30 11:43:23,9,4.13,2.0,FR1,Pellet,Left,458,94,347,0.06,1,FR1
2024-07-30 12:32:03,9,4.13,,FR1,Poke,Left,459,94,347,,1,FR1
2024-07-30 12:32:04,9,4.13,1.0,FR1,Pellet,Left,459,94,348,0.12,1,FR1
2024-07-30 12:32:23,9,4.13,,FR1,Poke,Left,460,94,348,,1,FR1
2024-07-30 12:32:24,9,4.12,1.0,FR1,Pellet,Left,460,94,349,0.44,1,FR1
2024-07-30 12:32:55,9,4.13,,FR1,Poke,Left,461,94,349,,1,FR1
2024-07-30 12:32:56,9,4.13,2.0,FR1,Pellet,Left,461,94,350,0.19,1,FR1
2024-07-30 12:33:17,9,4.13,,FR1,Poke,Left,462,94,350,,1,FR1
2024-07-30 12:33:18,9,4.13,1.0,FR1,Pellet,Left,462,94,351,0.06,1,FR1
2024-07-30 12:33:40,9,4.13,,FR1,Poke,Left,463,94,351,,1,FR1
2024-07-30 12:33:41,9,4.13,1.0,FR1,Pellet,Left,463,94,352,0.5,1,FR1
2024-07-30 12:34:54,9,4.13,,FR1,Poke,Left,463,95,352,,1,FR1
2024-07-30 13:51:03,9,4.12,,FR1,Poke,Left,464,95,352,,1,FR1
2024-07-30 13:51:04,9,4.13,1.0,FR1,Pellet,Left,464,95,353,0.44,1,FR1
2024-07-30 13:51:34,9,4.12,,FR1,Poke,Left,465,95,353,,1,FR1
2024-07-30 13:51:35,9,4.12,1.0,FR1,Pellet,Left,465,95,354,0.06,1,FR1
2024-07-30 13:52:01,9,4.12,,FR1,Poke,Left,466,95,354,,1,FR1
2024-07-30 13:52:03,9,4.12,1.0,FR1,Pellet,Left,466,95,355,0.31,1,FR1
2024-07-30 13:52:23,9,4.12,,FR1,Poke,Left,467,95,355,,1,FR1
2024-07-30 13:52:24,9,4.13,1.0,FR1,Pellet,Left,467,95,356,0.25,1,FR1
2024-07-30 14:11:54,9,4.12,,FR1,Poke,Left,468,95,356,,1,FR1
2024-07-30 14:12:09,9,4.12,1.0,FR1,Pellet,Left,468,95,357,14.09,1,FR1
2024-07-30 14:12:43,9,4.12,,FR1,Poke,Left,469,95,357,,1,FR1
2024-07-30 14:13:13,9,4.13,2.0,FR1,Pellet,Left,469,95,358,29.06,1,FR1
2024-07-30 14:20:48,9,4.12,,FR1,Poke,Left,470,95,358,,1,FR1
2024-07-30 14:21:04,9,4.13,1.0,FR1,Pellet,Left,470,95,359,15.94,1,FR1
2024-07-30 14:23:58,9,4.13,,FR1,Poke,Left,471,95,359,,1,FR1
2024-07-30 14:24:06,9,4.13,,FR1,Poke,Left,471,96,359,,1,FR1
2024-07-30 14:26:45,9,4.13,,FR1,Poke,Left,472,96,359,,1,FR1
2024-07-30 14:27:40,9,4.12,,FR1,Poke,Left,473,96,359,,1,FR1
2024-07-30 14:27:55,9,4.12,,FR1,Poke,Left,474,96,359,,1,FR1
2024-07-30 14:27:57,9,4.12,,FR1,Poke,Left,475,96,359,,1,FR1
2024-07-30 14:28:45,9,4.12,,FR1,Poke,Left,476,96,359,,1,FR1
2024-07-30 14:28:47,9,4.13,1.0,FR1,Pellet,Left,476,96,360,,1,FR1
2024-07-30 14:31:03,9,4.13,,FR1,Poke,Left,476,97,360,,1,FR1
2024-07-30 14:31:10,9,4.12,,FR1,Poke,Left,476,98,360,,1,FR1
2024-07-30 14:31:28,9,4.12,,FR1,Poke,Left,477,98,360,,1,FR1
2024-07-30 14:31:29,9,4.12,1.0,FR1,Pellet,Left,477,98,361,0.06,1,FR1
2024-07-30 14:32:33,9,4.12,,FR1,Poke,Left,478,98,361,,1,FR1
2024-07-30 14:32:34,9,4.12,1.0,FR1,Pellet,Left,478,98,362,0.06,1,FR1
2024-07-30 14:36:45,9,4.12,,FR1,Poke,Left,479,98,362,,1,FR1
2024-07-30 14:36:46,9,4.12,,FR1,Poke,Left,480,98,362,,1,FR1
2024-07-30 14:37:06,9,4.12,3.0,FR1,Pellet,Left,480,98,363,17.15,1,FR1
2024-07-30 14:43:28,9,4.12,,FR1,Poke,Left,481,98,363,,1,FR1
2024-07-30 14:43:29,9,4.13,1.0,FR1,Pellet,Left,481,98,364,0.06,1,FR1
2024-07-30 14:48:43,9,4.12,,FR1,Poke,Left,482,98,364,,1,FR1
2024-07-30 14:48:45,9,4.12,,FR1,Poke,Left,483,98,364,,1,FR1
2024-07-30 14:48:46,9,4.12,,FR1,Poke,Left,484,98,364,,1,FR1
2024-07-30 14:48:48,9,4.13,,FR1,Poke,Left,485,98,364,,1,FR1
2024-07-30 14:48:51,9,4.12,,FR1,Poke,Left,486,98,364,,1,FR1
2024-07-30 14:48:51,9,4.12,,FR1,Poke,Left,487,98,364,,1,FR1
2024-07-30 14:48:52,9,4.12,,FR1,Poke,Left,488,98,364,,1,FR1
2024-07-30 14:48:54,9,4.12,,FR1,Poke,Left,489,98,364,,1,FR1
2024-07-30 14:48:57,9,4.12,,FR1,Poke,Left,490,98,364,,1,FR1
2024-07-30 14:48:59,9,4.12,1.0,FR1,Pellet,Left,490,98,365,15.14,1,FR1
2024-07-30 14:49:03,9,4.12,,FR1,Poke,Left,491,98,365,,1,FR1
2024-07-30 14:51:59,9,4.12,1.0,FR1,Pellet,Left,491,98,366,,1,FR1
2024-07-30 14:56:42,9,4.12,,FR1,Poke,Left,491,99,366,,1,FR1
2024-07-30 16:44:49,9,4.12,,FR1,Poke,Left,492,99,366,,1,FR1
2024-07-30 16:44:51,9,4.12,2.0,FR1,Pellet,Left,492,99,367,0.19,1,FR1
2024-07-30 16:45:18,9,4.12,,FR1,Poke,Left,493,99,367,,1,FR1
2024-07-30 16:45:19,9,4.12,1.0,FR1,Pellet,Left,493,99,368,0.25,1,FR1
2024-07-30 16:56:25,9,4.12,,FR1,Poke,Left,494,99,368,,1,FR1
2024-07-30 16:56:27,9,4.12,1.0,FR1,Pellet,Left,494,99,369,0.63,1,FR1
2024-07-30 17:03:53,9,4.12,,FR1,Poke,Left,495,99,369,,1,FR1
2024-07-30 17:03:54,9,4.12,1.0,FR1,Pellet,Left,495,99,370,0.06,1,FR1
2024-07-30 17:04:49,9,4.12,,FR1,Poke,Left,496,99,370,,1,FR1
2024-07-30 17:04:51,9,4.12,1.0,FR1,Pellet,Left,496,99,371,0.37,1,FR1
2024-07-30 17:05:08,9,4.12,,FR1,Poke,Left,497,99,371,,1,FR1
2024-07-30 17:05:09,9,4.12,1.0,FR1,Pellet,Left,497,99,372,0.06,1,FR1
2024-07-30 17:47:22,9,4.12,,FR1,Poke,Left,498,99,372,,1,FR1
2024-07-30 17:47:23,9,4.12,1.0,FR1,Pellet,Left,498,99,373,0.56,1,FR1
2024-07-30 17:47:48,9,4.11,,FR1,Poke,Left,499,99,373,,1,FR1
2024-07-30 17:47:49,9,4.12,1.0,FR1,Pellet,Left,499,99,374,0.31,1,FR1
2024-07-30 17:52:43,9,4.11,,FR1,Poke,Left,500,99,374,,1,FR1
2024-07-30 17:52:44,9,4.11,2.0,FR1,Pellet,Left,500,99,375,0.06,1,FR1
2024-07-30 17:53:06,9,4.11,,FR1,Poke,Left,501,99,375,,1,FR1
2024-07-30 17:53:07,9,4.11,1.0,FR1,Pellet,Left,501,99,376,0.37,1,FR1
2024-07-30 17:53:31,9,4.11,,FR1,Poke,Left,502,99,376,,1,FR1
2024-07-30 17:53:32,9,4.12,1.0,FR1,Pellet,Left,502,99,377,0.31,1,FR1
2024-07-30 18:06:54,9,4.11,,FR1,Poke,Left,503,99,377,,1,FR1
2024-07-30 18:06:56,9,4.12,1.0,FR1,Pellet,Left,503,99,378,0.44,1,FR1
2024-07-30 18:15:20,9,4.12,,FR1,Poke,Left,504,99,378,,1,FR1
2024-07-30 18:15:21,9,4.11,1.0,FR1,Pellet,Left,504,99,379,0.06,1,FR1
2024-07-30 18:16:06,9,4.11,,FR1,Poke,Left,505,99,379,,1,FR1
2024-07-30 18:20:31,9,4.11,1.0,FR1,Pellet,Left,505,99,380,,1,FR1
2024-07-30 18:22:53,9,4.11,,FR1,Poke,Left,506,99,380,,1,FR1
2024-07-30 18:22:54,9,4.11,1.0,FR1,Pellet,Left,506,99,381,0.06,1,FR1
2024-07-30 18:28:51,9,4.11,,FR1,Poke,Left,506,100,381,,1,FR1
2024-07-30 18:30:15,9,4.11,,FR1,Poke,Left,507,100,381,,1,FR1
2024-07-30 18:30:30,9,4.11,,FR1,Poke,Left,508,100,381,,1,FR1
2024-07-30 18:33:40,9,4.11,2.0,FR1,Pellet,Left,508,100,382,,1,FR1
2024-07-30 18:35:45,9,4.12,,FR1,Poke,Left,509,100,382,,1,FR1
2024-07-30 18:35:45,9,4.11,1.0,FR1,Pellet,Left,509,100,383,0.06,1,FR1
2024-07-30 18:36:06,9,4.12,,FR1,Poke,Left,510,100,383,,1,FR1
2024-07-30 18:36:07,9,4.11,1.0,FR1,Pellet,Left,510,100,384,0.06,1,FR1
2024-07-30 18:36:58,9,4.11,,FR1,Poke,Left,511,100,384,,1,FR1
2024-07-30 18:40:36,9,4.11,,FR1,Poke,Left,512,100,384,,1,FR1
2024-07-30 18:40:38,9,4.11,,FR1,Poke,Left,513,100,384,,1,FR1
2024-07-30 18:40:50,9,4.11,,FR1,Poke,Left,514,100,384,,1,FR1
2024-07-30 18:40:52,9,4.11,,FR1,Poke,Left,515,100,384,,1,FR1
2024-07-30 18:40:55,9,4.11,,FR1,Poke,Left,515,101,384,,1,FR1
2024-07-30 18:40:56,9,4.11,,FR1,Poke,Left,516,101,384,,1,FR1
2024-07-30 18:41:12,9,4.11,1.0,FR1,Pellet,Left,516,101,385,,1,FR1
2024-07-30 18:49:57,9,4.11,,FR1,Poke,Left,517,101,385,,1,FR1
2024-07-30 18:49:58,9,4.11,1.0,FR1,Pellet,Left,517,101,386,0.06,1,FR1
2024-07-30 18:50:38,9,4.11,,FR1,Poke,Left,518,101,386,,1,FR1
2024-07-30 18:50:41,9,4.11,2.0,FR1,Pellet,Left,518,101,387,0.06,1,FR1
2024-07-30 18:51:14,9,4.11,,FR1,Poke,Left,518,102,387,,1,FR1
2024-07-30 18:51:50,9,4.11,,FR1,Poke,Left,519,102,387,,1,FR1
2024-07-30 18:56:19,9,4.11,,FR1,Poke,Left,520,102,387,,1,FR1
2024-07-30 18:56:21,9,4.11,,FR1,Poke,Left,521,102,387,,1,FR1
2024-07-30 18:56:23,9,4.11,,FR1,Poke,Left,522,102,387,,1,FR1
2024-07-30 18:56:27,9,4.11,,FR1,Poke,Left,523,102,387,,1,FR1
2024-07-30 18:59:43,9,4.11,1.0,FR1,Pellet,Left,523,102,388,,1,FR1
2024-07-30 19:02:23,9,4.11,,FR1,Poke,Left,524,102,388,,1,FR1
2024-07-30 19:04:18,9,4.11,1.0,FR1,Pellet,Left,524,102,389,,1,FR1
2024-07-30 19:07:43,9,4.11,,FR1,Poke,Left,525,102,389,,1,FR1
2024-07-30 19:07:44,9,4.11,1.0,FR1,Pellet,Left,525,102,390,0.06,1,FR1
2024-07-30 19:11:59,9,4.12,,FR1,Poke,Left,525,103,390,,1,FR1
2024-07-30 19:15:34,9,4.11,,FR1,Poke,Left,526,103,390,,1,FR1
2024-07-30 19:15:42,9,4.11,1.0,FR1,Pellet,Left,526,103,391,7.3,1,FR1
2024-07-30 19:16:31,9,4.11,,FR1,Poke,Left,527,103,391,,1,FR1
2024-07-30 19:16:47,9,4.11,,FR1,Poke,Left,528,103,391,,1,FR1
2024-07-30 19:17:01,9,4.11,,FR1,Poke,Left,528,104,391,,1,FR1
2024-07-30 19:17:35,9,4.11,1.0,FR1,Pellet,Left,528,104,392,,1,FR1
2024-07-30 19:17:45,9,4.12,,FR1,Poke,Left,529,104,392,,1,FR1
2024-07-30 19:17:47,9,4.11,2.0,FR1,Pellet,Left,529,104,393,0.06,1,FR1
2024-07-30 19:19:14,9,4.11,,FR1,Poke,Left,530,104,393,,1,FR1
2024-07-30 19:20:19,9,4.11,1.0,FR1,Pellet,Left,530,104,394,,1,FR1
2024-07-30 19:25:37,9,4.11,,FR1,Poke,Left,531,104,394,,1,FR1
2024-07-30 19:25:49,9,4.11,1.0,FR1,Pellet,Left,531,104,395,10.66,1,FR1
2024-07-30 19:26:33,9,4.11,,FR1,Poke,Left,532,104,395,,1,FR1
2024-07-30 19:26:36,9,4.12,,FR1,Poke,Left,532,105,395,,1,FR1
2024-07-30 19:26:43,9,4.11,,FR1,Poke,Left,532,106,395,,1,FR1
2024-07-30 19:27:50,9,4.11,1.0,FR1,Pellet,Left,532,106,396,,1,FR1
2024-07-30 19:28:48,9,4.11,,FR1,Poke,Left,533,106,396,,1,FR1
2024-07-30 19:28:54,9,4.11,,FR1,Poke,Left,534,106,396,,1,FR1
2024-07-30 19:35:00,9,4.11,1.0,FR1,Pellet,Left,534,106,397,,1,FR1
2024-07-30 19:35:12,9,4.11,,FR1,Poke,Left,535,106,397,,1,FR1
2024-07-30 19:35:13,9,4.11,1.0,FR1,Pellet,Left,535,106,398,0.06,1,FR1
2024-07-30 19:35:26,9,4.11,,FR1,Poke,Left,536,106,398,,1,FR1
2024-07-30 19:35:27,9,4.11,,FR1,Poke,Left,537,106,398,,1,FR1
2024-07-30 19:35:28,9,4.11,,FR1,Poke,Left,538,106,398,,1,FR1
2024-07-30 19:35:48,9,4.11,2.0,FR1,Pellet,Left,538,106,399,17.73,1,FR1
2024-07-30 19:36:40,9,4.11,,FR1,Poke,Left,539,106,399,,1,FR1
2024-07-30 19:37:50,9,4.11,,FR1,Poke,Left,539,107,399,,1,FR1
2024-07-30 19:38:21,9,4.11,,FR1,Poke,Left,540,107,399,,1,FR1
2024-07-30 19:38:34,9,4.11,,FR1,Poke,Left,541,107,399,,1,FR1
2024-07-30 19:38:50,9,4.11,,FR1,Poke,Left,542,107,399,,1,FR1
2024-07-30 19:38:59,9,4.11,,FR1,Poke,Left,543,107,399,,1,FR1
2024-07-30 19:39:00,9,4.11,,FR1,Poke,Left,544,107,399,,1,FR1
2024-07-30 19:39:16,9,4.11,1.0,FR1,Pellet,Left,544,107,400,,1,FR1
2024-07-30 19:47:03,9,4.11,,FR1,Poke,Left,545,107,400,,1,FR1
2024-07-30 19:47:22,9,4.11,,FR1,Poke,Left,546,107,400,,1,FR1
2024-07-30 19:48:57,9,4.11,,FR1,Poke,Left,547,107,400,,1,FR1
2024-07-30 19:48:58,9,4.11,,FR1,Poke,Left,548,107,400,,1,FR1
2024-07-30 19:49:10,9,4.11,,FR1,Poke,Left,549,107,400,,1,FR1
2024-07-30 19:50:05,9,4.11,,FR1,Poke,Left,549,108,400,,1,FR1
2024-07-30 19:50:27,9,4.11,1.0,FR1,Pellet,Left,549,108,401,,1,FR1
2024-07-30 19:52:27,9,4.11,,FR1,Poke,Left,550,108,401,,1,FR1
2024-07-30 19:53:19,9,4.11,,FR1,Poke,Left,550,109,401,,1,FR1
2024-07-30 19:57:13,9,4.11,,FR1,Poke,Left,551,109,401,,1,FR1
2024-07-30 19:57:16,9,4.11,,FR1,Poke,Left,552,109,401,,1,FR1
2024-07-30 19:57:17,9,4.11,,FR1,Poke,Left,553,109,401,,1,FR1
2024-07-30 19:57:21,9,4.11,,FR1,Poke,Left,553,110,401,,1,FR1
2024-07-30 19:57:24,9,4.11,,FR1,Poke,Left,554,110,401,,1,FR1
2024-07-30 19:57:31,9,4.11,,FR1,Poke,Left,554,111,401,,1,FR1
2024-07-30 19:57:32,9,4.11,,FR1,Poke,Left,555,111,401,,1,FR1
2024-07-30 19:57:33,9,4.11,,FR1,Poke,Left,556,111,401,,1,FR1
2024-07-30 19:57:34,9,4.11,,FR1,Poke,Left,557,111,401,,1,FR1
2024-07-30 19:57:37,9,4.11,,FR1,Poke,Left,558,111,401,,1,FR1
2024-07-30 19:57:47,9,4.11,,FR1,Poke,Left,559,111,401,,1,FR1
2024-07-30 19:57:52,9,4.11,1.0,FR1,Pellet,Left,559,111,402,,1,FR1
2024-07-30 19:59:38,9,4.11,,FR1,Poke,Left,560,111,402,,1,FR1
2024-07-30 20:02:12,9,4.11,,FR1,Poke,Left,560,112,402,,1,FR1
2024-07-30 20:03:48,9,4.11,1.0,FR1,Pellet,Left,560,112,403,,1,FR1
2024-07-30 20:04:20,9,4.11,,FR1,Poke,Left,561,112,403,,1,FR1
2024-07-30 20:04:33,9,4.11,,FR1,Poke,Left,562,112,403,,1,FR1
2024-07-30 20:04:37,9,4.11,,FR1,Poke,Left,562,113,403,,1,FR1
2024-07-30 20:04:58,9,4.11,,FR1,Poke,Left,563,113,403,,1,FR1
2024-07-30 20:06:19,9,4.11,,FR1,Poke,Left,563,114,403,,1,FR1
2024-07-30 20:09:27,9,4.11,1.0,FR1,Pellet,Left,563,114,404,,1,FR1
2024-07-30 20:11:29,9,4.11,,FR1,Poke,Left,564,114,404,,1,FR1
2024-07-30 20:12:27,9,4.11,,FR1,Poke,Left,565,114,404,,1,FR1
2024-07-30 20:12:32,9,4.11,,FR1,Poke,Left,566,114,404,,1,FR1
2024-07-30 20:12:34,9,4.11,1.0,FR1,Pellet,Left,566,114,405,,1,FR1
2024-07-30 20:13:03,9,4.11,,FR1,Poke,Left,566,115,405,,1,FR1
2024-07-30 20:13:12,9,4.11,,FR1,Poke,Left,567,115,405,,1,FR1
2024-07-30 20:13:12,9,4.11,1.0,FR1,Pellet,Left,567,115,406,0.06,1,FR1
2024-07-30 20:14:13,9,4.11,,FR1,Poke,Left,568,115,406,,1,FR1
2024-07-30 20:14:26,9,4.11,,FR1,Poke,Left,568,116,406,,1,FR1
2024-07-30 20:14:34,9,4.11,1.0,FR1,Pellet,Left,568,116,407,20.8,1,FR1
2024-07-30 20:16:08,9,4.11,,FR1,Poke,Left,568,117,407,,1,FR1
2024-07-30 20:18:27,9,4.11,,FR1,Poke,Left,569,117,407,,1,FR1
2024-07-30 20:19:17,9,4.11,1.0,FR1,Pellet,Left,569,117,408,49.8,1,FR1
2024-07-30 20:19:39,9,4.11,,FR1,Poke,Left,570,117,408,,1,FR1
2024-07-30 20:19:41,9,4.11,,FR1,Poke,Left,571,117,408,,1,FR1
2024-07-30 20:19:43,9,4.11,,FR1,Poke,Left,572,117,408,,1,FR1
2024-07-30 20:30:05,9,4.11,1.0,FR1,Pellet,Left,572,117,409,,1,FR1
2024-07-30 20:30:22,9,4.11,,FR1,Poke,Left,573,117,409,,1,FR1
2024-07-30 20:30:23,9,4.11,,FR1,Poke,Left,574,117,409,,1,FR1
2024-07-30 20:30:25,9,4.11,,FR1,Poke,Left,575,117,409,,1,FR1
2024-07-30 20:30:27,9,4.11,,FR1,Poke,Left,576,117,409,,1,FR1
2024-07-30 20:30:32,9,4.11,,FR1,Poke,Left,577,117,409,,1,FR1
2024-07-30 20:30:33,9,4.11,,FR1,Poke,Left,578,117,409,,1,FR1
2024-07-30 20:30:37,9,4.11,1.0,FR1,Pellet,Left,578,117,410,13.97,1,FR1
2024-07-30 20:31:01,9,4.11,,FR1,Poke,Left,578,118,410,,1,FR1
2024-07-30 20:32:56,9,4.11,,FR1,Poke,Left,579,118,410,,1,FR1
2024-07-30 20:33:52,9,4.11,2.0,FR1,Pellet,Left,579,118,411,54.78,1,FR1
2024-07-30 20:34:46,9,4.11,,FR1,Poke,Left,580,118,411,,1,FR1
2024-07-30 20:35:15,9,4.11,2.0,FR1,Pellet,Left,580,118,412,27.6,1,FR1
2024-07-30 20:36:57,9,4.11,,FR1,Poke,Left,581,118,412,,1,FR1
2024-07-30 20:38:46,9,4.11,2.0,FR1,Pellet,Left,581,118,413,,1,FR1
2024-07-30 20:40:53,9,4.11,,FR1,Poke,Left,582,118,413,,1,FR1
2024-07-30 20:40:56,9,4.11,1.0,FR1,Pellet,Left,582,118,414,1.7,1,FR1
2024-07-30 20:41:33,9,4.11,,FR1,Poke,Left,583,118,414,,1,FR1
2024-07-30 20:45:39,9,4.11,1.0,FR1,Pellet,Left,583,118,415,,1,FR1
2024-07-30 20:53:26,9,4.11,,FR1,Poke,Left,584,118,415,,1,FR1
2024-07-30 20:53:27,9,4.11,2.0,FR1,Pellet,Left,584,118,416,0.12,1,FR1
2024-07-30 20:53:44,9,4.11,,FR1,Poke,Left,585,118,416,,1,FR1
2024-07-30 20:53:45,9,4.11,1.0,FR1,Pellet,Left,585,118,417,0.12,1,FR1
2024-07-30 21:03:24,9,4.11,,FR1,Poke,Left,586,118,417,,1,FR1
2024-07-30 21:04:21,9,4.11,1.0,FR1,Pellet,Left,586,118,418,55.78,1,FR1
2024-07-30 21:06:50,9,4.11,,FR1,Poke,Left,587,118,418,,1,FR1
2024-07-30 21:06:52,9,4.11,1.0,FR1,Pellet,Left,587,118,419,0.82,1,FR1
2024-07-30 21:07:04,9,4.11,,FR1,Poke,Left,588,118,419,,1,FR1
2024-07-30 21:07:05,9,4.11,1.0,FR1,Pellet,Left,588,118,420,0.06,1,FR1
2024-07-30 21:07:22,9,4.11,,FR1,Poke,Left,589,118,420,,1,FR1
2024-07-30 21:07:48,9,4.11,,FR1,Poke,Left,589,119,420,,1,FR1
2024-07-30 21:07:49,9,4.11,,FR1,Poke,Left,589,120,420,,1,FR1
2024-07-30 21:07:50,9,4.11,,FR1,Poke,Left,589,121,420,,1,FR1
2024-07-30 21:07:51,9,4.11,,FR1,Poke,Left,589,122,420,,1,FR1
2024-07-30 21:07:52,9,4.11,,FR1,Poke,Left,590,122,420,,1,FR1
2024-07-30 21:09:28,9,4.11,,FR1,Poke,Left,591,122,420,,1,FR1
2024-07-30 21:09:30,9,4.11,,FR1,Poke,Left,592,122,420,,1,FR1
2024-07-30 21:09:43,9,4.11,,FR1,Poke,Left,593,122,420,,1,FR1
2024-07-30 21:09:44,9,4.11,,FR1,Poke,Left,594,122,420,,1,FR1
2024-07-30 21:09:46,9,4.11,,FR1,Poke,Left,594,123,420,,1,FR1
2024-07-30 21:09:53,9,4.11,,FR1,Poke,Left,594,124,420,,1,FR1
2024-07-30 21:09:54,9,4.11,,FR1,Poke,Left,594,125,420,,1,FR1
2024-07-30 21:09:56,9,4.11,,FR1,Poke,Left,594,126,420,,1,FR1
2024-07-30 21:10:02,9,4.11,,FR1,Poke,Left,594,127,420,,1,FR1
2024-07-30 21:10:03,9,4.11,,FR1,Poke,Left,594,128,420,,1,FR1
2024-07-30 21:10:04,9,4.11,,FR1,Poke,Left,594,129,420,,1,FR1
2024-07-30 21:10:10,9,4.11,,FR1,Poke,Left,594,130,420,,1,FR1
2024-07-30 21:10:11,9,4.11,,FR1,Poke,Left,594,131,420,,1,FR1
2024-07-30 21:10:16,9,4.11,,FR1,Poke,Left,594,132,420,,1,FR1
2024-07-30 21:10:17,9,4.11,,FR1,Poke,Left,594,133,420,,1,FR1
2024-07-30 21:10:25,9,4.11,,FR1,Poke,Left,594,134,420,,1,FR1
2024-07-30 21:10:26,9,4.11,,FR1,Poke,Left,594,135,420,,1,FR1
2024-07-30 21:10:26,9,4.11,,FR1,Poke,Left,594,136,420,,1,FR1
2024-07-30 21:10:53,9,4.11,,FR1,Poke,Left,594,137,420,,1,FR1
2024-07-30 21:10:55,9,4.1,1.0,FR1,Pellet,Left,594,137,421,,1,FR1
2024-07-30 21:11:27,9,4.11,,FR1,Poke,Left,594,138,421,,1,FR1
2024-07-30 21:12:43,9,4.11,,FR1,Poke,Left,594,139,421,,1,FR1
2024-07-30 21:13:29,9,4.11,,FR1,Poke,Left,594,140,421,,1,FR1
2024-07-30 21:14:38,9,4.11,,FR1,Poke,Left,595,140,421,,1,FR1
2024-07-30 21:14:59,9,4.11,,FR1,Poke,Left,595,141,421,,1,FR1
2024-07-30 21:15:08,9,4.11,1.0,FR1,Pellet,Left,595,141,422,30.05,1,FR1
2024-07-30 21:15:32,9,4.11,,FR1,Poke,Left,596,141,422,,1,FR1
2024-07-30 21:21:39,9,4.11,,FR1,Poke,Left,597,141,422,,1,FR1
2024-07-30 21:22:31,9,4.11,,FR1,Poke,Left,598,141,422,,1,FR1
2024-07-30 21:22:34,9,4.11,,FR1,Poke,Left,598,142,422,,1,FR1
2024-07-30 21:22:35,9,4.11,,FR1,Poke,Left,598,143,422,,1,FR1
2024-07-30 21:22:37,9,4.11,,FR1,Poke,Left,599,143,422,,1,FR1
2024-07-30 21:31:03,9,4.11,,FR1,Poke,Left,600,143,422,,1,FR1
2024-07-30 21:31:13,9,4.11,,FR1,Poke,Left,600,144,422,,1,FR1
2024-07-30 21:31:15,9,4.11,,FR1,Poke,Left,601,144,422,,1,FR1
2024-07-30 21:33:02,9,4.11,,FR1,Poke,Left,602,144,422,,1,FR1
2024-07-30 21:33:38,9,4.11,,FR1,Poke,Left,603,144,422,,1,FR1
2024-07-30 21:33:39,9,4.1,,FR1,Poke,Left,604,144,422,,1,FR1
2024-07-30 21:33:54,9,4.11,1.0,FR1,Pellet,Left,604,144,423,,1,FR1
2024-07-30 21:36:05,9,4.1,,FR1,Poke,Left,605,144,423,,1,FR1
2024-07-30 21:36:07,9,4.11,2.0,FR1,Pellet,Left,605,144,424,0.06,1,FR1
2024-07-30 21:37:30,9,4.1,,FR1,Poke,Left,606,144,424,,1,FR1
2024-07-30 21:37:38,9,4.11,,FR1,Poke,Left,606,145,424,,1,FR1
2024-07-30 21:37:38,9,4.11,,FR1,Poke,Left,606,146,424,,1,FR1
2024-07-30 21:37:45,9,4.11,,FR1,Poke,Left,606,147,424,,1,FR1
2024-07-30 21:37:50,9,4.11,1.0,FR1,Pellet,Left,606,147,425,19.24,1,FR1
2024-07-30 21:43:20,9,4.11,,FR1,Poke,Left,607,147,425,,1,FR1
2024-07-30 21:43:20,9,4.11,1.0,FR1,Pellet,Left,607,147,426,0.06,1,FR1
2024-07-30 21:43:27,9,4.1,,FR1,Poke,Left,607,148,426,,1,FR1
2024-07-30 21:44:12,9,4.1,,FR1,Poke,Left,607,149,426,,1,FR1
2024-07-30 21:44:42,9,4.11,,FR1,Poke,Left,607,150,426,,1,FR1
2024-07-30 21:49:15,9,4.1,,FR1,Poke,Left,608,150,426,,1,FR1
2024-07-30 21:49:19,9,4.11,2.0,FR1,Pellet,Left,608,150,427,1.07,1,FR1
2024-07-30 21:49:41,9,4.11,,FR1,Poke,Left,609,150,427,,1,FR1
2024-07-30 21:49:43,9,4.11,2.0,FR1,Pellet,Left,609,150,428,0.25,1,FR1
2024-07-30 21:51:19,9,4.11,,FR1,Poke,Left,609,151,428,,1,FR1
2024-07-30 21:51:24,9,4.11,,FR1,Poke,Left,610,151,428,,1,FR1
2024-07-30 21:51:28,9,4.1,,FR1,Poke,Left,611,151,428,,1,FR1
2024-07-30 21:52:01,9,4.11,1.0,FR1,Pellet,Left,611,151,429,36.0,1,FR1
2024-07-30 22:02:20,9,4.11,,FR1,Poke,Left,612,151,429,,1,FR1
2024-07-30 22:02:25,9,4.11,1.0,FR1,Pellet,Left,612,151,430,4.06,1,FR1
2024-07-30 23:00:19,9,4.1,,FR1,Poke,Left,613,151,430,,1,FR1
2024-07-30 23:00:20,9,4.1,2.0,FR1,Pellet,Left,613,151,431,0.06,1,FR1
2024-07-30 23:00:38,9,4.1,,FR1,Poke,Left,614,151,431,,1,FR1
2024-07-30 23:00:39,9,4.1,1.0,FR1,Pellet,Left,614,151,432,0.5,1,FR1
2024-07-30 23:00:56,9,4.11,,FR1,Poke,Left,615,151,432,,1,FR1
2024-07-30 23:00:57,9,4.1,1.0,FR1,Pellet,Left,615,151,433,0.56,1,FR1
2024-07-30 23:01:17,9,4.11,,FR1,Poke,Left,616,151,433,,1,FR1
2024-07-30 23:01:18,9,4.1,2.0,FR1,Pellet,Left,616,151,434,0.06,1,FR1
2024-07-30 23:01:42,9,4.1,,FR1,Poke,Left,617,151,434,,1,FR1
2024-07-30 23:01:43,9,4.11,2.0,FR1,Pellet,Left,617,151,435,0.06,1,FR1
2024-07-30 23:02:03,9,4.11,,FR1,Poke,Left,618,151,435,,1,FR1
2024-07-30 23:02:04,9,4.11,1.0,FR1,Pellet,Left,618,151,436,0.06,1,FR1
2024-07-30 23:02:28,9,4.1,,FR1,Poke,Left,619,151,436,,1,FR1
2024-07-30 23:02:29,9,4.1,2.0,FR1,Pellet,Left,619,151,437,0.12,1,FR1
2024-07-30 23:04:17,9,4.11,,FR1,Poke,Left,619,152,437,,1,FR1
2024-07-30 23:04:23,9,4.1,,FR1,Poke,Left,619,153,437,,1,FR1
2024-07-30 23:05:03,9,4.11,,FR1,Poke,Left,620,153,437,,1,FR1
2024-07-30 23:05:04,9,4.1,1.0,FR1,Pellet,Left,620,153,438,0.06,1,FR1
2024-07-30 23:05:27,9,4.1,,FR1,Poke,Left,621,153,438,,1,FR1
2024-07-30 23:05:42,9,4.11,1.0,FR1,Pellet,Left,621,153,439,13.6,1,FR1
2024-07-30 23:06:29,9,4.1,,FR1,Poke,Left,621,154,439,,1,FR1
2024-07-30 23:12:43,9,4.1,,FR1,Poke,Left,622,154,439,,1,FR1
2024-07-30 23:14:04,9,4.1,,FR1,Poke,Left,623,154,439,,1,FR1
2024-07-30 23:14:05,9,4.1,,FR1,Poke,Left,624,154,439,,1,FR1
2024-07-30 23:14:07,9,4.1,,FR1,Poke,Left,625,154,439,,1,FR1
2024-07-30 23:14:08,9,4.11,,FR1,Poke,Left,626,154,439,,1,FR1
2024-07-30 23:14:09,9,4.11,,FR1,Poke,Left,627,154,439,,1,FR1
2024-07-30 23:14:12,9,4.1,,FR1,Poke,Left,628,154,439,,1,FR1
2024-07-30 23:14:26,9,4.1,,FR1,Poke,Left,628,155,439,,1,FR1
2024-07-30 23:14:34,9,4.1,,FR1,Poke,Left,629,155,439,,1,FR1
2024-07-30 23:15:44,9,4.1,,FR1,Poke,Left,630,155,439,,1,FR1
2024-07-30 23:15:55,9,4.1,,FR1,Poke,Left,631,155,439,,1,FR1
2024-07-30 23:16:07,9,4.11,1.0,FR1,Pellet,Left,631,155,440,,1,FR1
2024-07-30 23:16:10,9,4.11,,FR1,Poke,Left,632,155,440,,1,FR1
2024-07-30 23:16:11,9,4.11,,FR1,Poke,Left,633,155,440,,1,FR1
2024-07-30 23:16:12,9,4.1,2.0,FR1,Pellet,Left,633,155,441,0.06,1,FR1
2024-07-30 23:16:17,9,4.1,,FR1,Poke,Left,634,155,441,,1,FR1
2024-07-30 23:16:18,9,4.1,1.0,FR1,Pellet,Left,634,155,442,0.06,1,FR1
2024-07-30 23:16:35,9,4.1,,FR1,Poke,Left,635,155,442,,1,FR1
2024-07-30 23:16:36,9,4.1,1.0,FR1,Pellet,Left,635,155,443,0.12,1,FR1
2024-07-30 23:19:33,9,4.1,,FR1,Poke,Left,636,155,443,,1,FR1
2024-07-30 23:19:34,9,4.1,1.0,FR1,Pellet,Left,636,155,444,0.06,1,FR1
2024-07-30 23:26:29,9,4.11,,FR1,Poke,Left,636,156,444,,1,FR1
2024-07-30 23:26:33,9,4.1,,FR1,Poke,Left,637,156,444,,1,FR1
2024-07-30 23:26:34,9,4.1,1.0,FR1,Pellet,Left,637,156,445,0.06,1,FR1
2024-07-30 23:26:35,9,4.1,,FR1,Poke,Left,638,156,445,,1,FR1
2024-07-30 23:30:17,9,4.1,,FR1,Poke,Left,639,156,445,,1,FR1
2024-07-30 23:30:18,9,4.1,,FR1,Poke,Left,640,156,445,,1,FR1
2024-07-30 23:30:27,9,4.11,,FR1,Poke,Left,641,156,445,,1,FR1
2024-07-30 23:30:48,9,4.11,,FR1,Poke,Left,641,157,445,,1,FR1
2024-07-30 23:30:49,9,4.1,,FR1,Poke,Left,641,158,445,,1,FR1
2024-07-30 23:30:54,9,4.1,,FR1,Poke,Left,641,159,445,,1,FR1
2024-07-30 23:30:57,9,4.1,,FR1,Poke,Left,641,160,445,,1,FR1
2024-07-30 23:30:58,9,4.1,,FR1,Poke,Left,641,161,445,,1,FR1
2024-07-30 23:31:00,9,4.09,,FR1,Poke,Left,641,162,445,,1,FR1
2024-07-30 23:31:02,9,4.1,,FR1,Poke,Left,641,163,445,,1,FR1
2024-07-30 23:31:03,9,4.1,,FR1,Poke,Left,641,164,445,,1,FR1
2024-07-30 23:31:04,9,4.1,,FR1,Poke,Left,641,165,445,,1,FR1
2024-07-30 23:31:06,9,4.1,,FR1,Poke,Left,641,166,445,,1,FR1
2024-07-30 23:31:08,9,4.1,,FR1,Poke,Left,641,167,445,,1,FR1
2024-07-30 23:31:10,9,4.1,,FR1,Poke,Left,641,168,445,,1,FR1
2024-07-30 23:31:13,9,4.1,,FR1,Poke,Left,641,169,445,,1,FR1
2024-07-30 23:31:16,9,4.1,,FR1,Poke,Left,641,170,445,,1,FR1
2024-07-30 23:31:17,9,4.1,,FR1,Poke,Left,641,171,445,,1,FR1
2024-07-30 23:31:22,9,4.1,,FR1,Poke,Left,641,172,445,,1,FR1
2024-07-30 23:31:29,9,4.11,,FR1,Poke,Left,641,173,445,,1,FR1
2024-07-30 23:31:32,9,4.1,,FR1,Poke,Left,641,174,445,,1,FR1
2024-07-30 23:31:33,9,4.1,,FR1,Poke,Left,641,175,445,,1,FR1
2024-07-30 23:31:34,9,4.1,,FR1,Poke,Left,641,176,445,,1,FR1
2024-07-30 23:31:35,9,4.1,1.0,FR1,Pellet,Left,641,176,446,,1,FR1
2024-07-30 23:32:13,9,4.1,,FR1,Poke,Left,641,177,446,,1,FR1
2024-07-30 23:32:14,9,4.1,,FR1,Poke,Left,641,178,446,,1,FR1
2024-07-30 23:32:28,9,4.11,,FR1,Poke,Left,642,178,446,,1,FR1
2024-07-30 23:32:29,9,4.1,1.0,FR1,Pellet,Left,642,178,447,0.44,1,FR1
2024-07-30 23:33:07,9,4.1,,FR1,Poke,Left,642,179,447,,1,FR1
2024-07-30 23:36:40,9,4.1,,FR1,Poke,Left,643,179,447,,1,FR1
2024-07-30 23:38:01,9,4.1,,FR1,Poke,Left,643,180,447,,1,FR1
2024-07-30 23:43:37,9,4.1,,FR1,Poke,Left,644,180,447,,1,FR1
2024-07-30 23:44:57,9,4.1,1.0,FR1,Pellet,Left,644,180,448,,1,FR1
2024-07-30 23:44:59,9,4.11,,FR1,Poke,Left,645,180,448,,1,FR1
2024-07-30 23:48:02,9,4.1,,FR1,Poke,Left,646,180,448,,1,FR1
2024-07-30 23:48:03,9,4.09,,FR1,Poke,Left,647,180,448,,1,FR1
2024-07-30 23:48:27,9,4.1,1.0,FR1,Pellet,Left,647,180,449,,1,FR1
2024-07-30 23:51:29,9,4.1,,FR1,Poke,Left,648,180,449,,1,FR1
2024-07-30 23:51:30,9,4.1,,FR1,Poke,Left,649,180,449,,1,FR1
2024-07-30 23:51:37,9,4.1,,FR1,Poke,Left,650,180,449,,1,FR1
2024-07-30 23:51:38,9,4.1,,FR1,Poke,Left,651,180,449,,1,FR1
2024-07-30 23:51:52,9,4.1,,FR1,Poke,Left,652,180,449,,1,FR1
2024-07-31 00:01:21,9,4.09,,FR1,Poke,Left,653,180,449,,1,FR1
2024-07-31 00:01:24,9,4.1,,FR1,Poke,Left,654,180,449,,1,FR1
2024-07-31 00:01:48,9,4.1,,FR1,Poke,Left,654,181,449,,1,FR1
2024-07-31 00:01:50,9,4.1,,FR1,Poke,Left,654,182,449,,1,FR1
2024-07-31 00:01:52,9,4.1,,FR1,Poke,Left,654,183,449,,1,FR1
2024-07-31 00:01:54,9,4.1,,FR1,Poke,Left,654,184,449,,1,FR1
2024-07-31 00:01:56,9,4.1,,FR1,Poke,Left,654,185,449,,1,FR1
2024-07-31 00:01:59,9,4.1,,FR1,Poke,Left,654,186,449,,1,FR1
2024-07-31 00:02:04,9,4.1,,FR1,Poke,Left,654,187,449,,1,FR1
2024-07-31 00:02:06,9,4.1,2.0,FR1,Pellet,Left,654,187,450,,1,FR1
2024-07-31 00:02:29,9,4.1,,FR1,Poke,Left,654,188,450,,1,FR1
2024-07-31 00:02:30,9,4.1,,FR1,Poke,Left,654,189,450,,1,FR1
2024-07-31 00:02:32,9,4.1,,FR1,Poke,Left,654,190,450,,1,FR1
2024-07-31 00:02:33,9,4.1,,FR1,Poke,Left,654,191,450,,1,FR1
2024-07-31 00:02:39,9,4.1,,FR1,Poke,Left,654,192,450,,1,FR1
2024-07-31 00:02:52,9,4.1,,FR1,Poke,Left,654,193,450,,1,FR1
2024-07-31 00:02:54,9,4.1,,FR1,Poke,Left,654,194,450,,1,FR1
2024-07-31 00:05:01,9,4.1,,FR1,Poke,Left,655,194,450,,1,FR1
2024-07-31 00:05:01,9,4.1,1.0,FR1,Pellet,Left,655,194,451,0.06,1,FR1
2024-07-31 00:05:17,9,4.11,,FR1,Poke,Left,656,194,451,,1,FR1
2024-07-31 00:05:18,9,4.1,,FR1,Poke,Left,657,194,451,,1,FR1
2024-07-31 00:56:57,9,4.1,1.0,FR1,Pellet,Left,657,194,452,,1,FR1
2024-07-31 02:04:23,9,4.1,,FR1,Poke,Left,658,194,452,,1,FR1
2024-07-31 02:04:24,9,4.1,2.0,FR1,Pellet,Left,658,194,453,0.06,1,FR1
2024-07-31 02:04:41,9,4.09,,FR1,Poke,Left,659,194,453,,1,FR1
2024-07-31 02:04:43,9,4.09,2.0,FR1,Pellet,Left,659,194,454,0.19,1,FR1
2024-07-31 02:04:57,9,4.1,,FR1,Poke,Left,660,194,454,,1,FR1
2024-07-31 02:04:59,9,4.09,2.0,FR1,Pellet,Left,660,194,455,0.06,1,FR1
2024-07-31 02:06:05,9,4.09,,FR1,Poke,Left,660,195,455,,1,FR1
2024-07-31 02:06:09,9,4.09,,FR1,Poke,Left,661,195,455,,1,FR1
2024-07-31 02:06:09,9,4.09,1.0,FR1,Pellet,Left,661,195,456,0.06,1,FR1
2024-07-31 02:08:26,9,4.09,,FR1,Poke,Left,661,196,456,,1,FR1
2024-07-31 02:08:28,9,4.09,,FR1,Poke,Left,662,196,456,,1,FR1
2024-07-31 02:08:30,9,4.09,,FR1,Poke,Left,663,196,456,,1,FR1
2024-07-31 02:08:35,9,4.09,,FR1,Poke,Left,664,196,456,,1,FR1
2024-07-31 02:10:22,9,4.09,1.0,FR1,Pellet,Left,664,196,457,,1,FR1
2024-07-31 02:10:38,9,4.1,,FR1,Poke,Left,665,196,457,,1,FR1
2024-07-31 02:10:39,9,4.09,2.0,FR1,Pellet,Left,665,196,458,0.06,1,FR1
2024-07-31 02:10:52,9,4.1,,FR1,Poke,Left,666,196,458,,1,FR1
2024-07-31 02:10:55,9,4.09,,FR1,Poke,Left,667,196,458,,1,FR1
2024-07-31 02:10:57,9,4.09,,FR1,Poke,Left,668,196,458,,1,FR1
2024-07-31 02:11:01,9,4.09,1.0,FR1,Pellet,Left,668,196,459,8.19,1,FR1
2024-07-31 02:11:19,9,4.09,,FR1,Poke,Left,668,197,459,,1,FR1
2024-07-31 02:11:58,9,4.1,,FR1,Poke,Left,669,197,459,,1,FR1
2024-07-31 02:14:46,9,4.09,1.0,FR1,Pellet,Left,669,197,460,,1,FR1
2024-07-31 02:17:41,9,4.09,,FR1,Poke,Left,670,197,460,,1,FR1
2024-07-31 02:19:36,9,4.09,1.0,FR1,Pellet,Left,670,197,461,,1,FR1
2024-07-31 02:19:59,9,4.09,,FR1,Poke,Left,670,198,461,,1,FR1
2024-07-31 02:23:24,9,4.09,,FR1,Poke,Left,671,198,461,,1,FR1
2024-07-31 02:23:25,9,4.09,1.0,FR1,Pellet,Left,671,198,462,0.06,1,FR1
2024-07-31 02:23:26,9,4.09,,FR1,Poke,Left,672,198,462,,1,FR1
2024-07-31 02:23:59,9,4.09,2.0,FR1,Pellet,Left,672,198,463,29.85,1,FR1
2024-07-31 02:25:52,9,4.09,,FR1,Poke,Left,673,198,463,,1,FR1
2024-07-31 02:25:53,9,4.09,1.0,FR1,Pellet,Left,673,198,464,0.06,1,FR1
2024-07-31 02:27:00,9,4.09,,FR1,Poke,Left,674,198,464,,1,FR1
2024-07-31 02:27:02,9,4.09,,FR1,Poke,Left,675,198,464,,1,FR1
2024-07-31 02:28:51,9,4.09,,FR1,Poke,Left,675,199,464,,1,FR1
2024-07-31 02:28:55,9,4.09,,FR1,Poke,Left,675,200,464,,1,FR1
2024-07-31 02:29:05,9,4.09,,FR1,Poke,Left,676,200,464,,1,FR1
2024-07-31 02:29:11,9,4.09,,FR1,Poke,Left,676,201,464,,1,FR1
2024-07-31 02:29:12,9,4.09,1.0,FR1,Pellet,Left,676,201,465,,1,FR1
2024-07-31 02:29:25,9,4.09,,FR1,Poke,Left,676,202,465,,1,FR1
2024-07-31 02:32:00,9,4.09,,FR1,Poke,Left,677,202,465,,1,FR1
2024-07-31 02:32:00,9,4.09,1.0,FR1,Pellet,Left,677,202,466,0.06,1,FR1
2024-07-31 02:36:45,9,4.09,,FR1,Poke,Left,678,202,466,,1,FR1
2024-07-31 02:41:26,9,4.09,1.0,FR1,Pellet,Left,678,202,467,,1,FR1
2024-07-31 02:42:38,9,4.09,,FR1,Poke,Left,679,202,467,,1,FR1
2024-07-31 02:42:39,9,4.09,1.0,FR1,Pellet,Left,679,202,468,0.06,1,FR1
2024-07-31 02:42:41,9,4.09,,FR1,Poke,Left,680,202,468,,1,FR1
2024-07-31 02:43:41,9,4.09,1.0,FR1,Pellet,Left,680,202,469,59.14,1,FR1
2024-07-31 02:44:12,9,4.09,,FR1,Poke,Left,680,203,469,,1,FR1
2024-07-31 02:44:36,9,4.09,,FR1,Poke,Left,680,204,469,,1,FR1
2024-07-31 02:44:39,9,4.09,,FR1,Poke,Left,680,205,469,,1,FR1
2024-07-31 02:45:01,9,4.09,,FR1,Poke,Left,681,205,469,,1,FR1
2024-07-31 02:45:02,9,4.09,2.0,FR1,Pellet,Left,681,205,470,0.06,1,FR1
2024-07-31 02:45:14,9,4.09,,FR1,Poke,Left,681,206,470,,1,FR1
2024-07-31 02:53:42,9,4.09,,FR1,Poke,Left,682,206,470,,1,FR1
2024-07-31 02:54:12,9,4.09,,FR1,Poke,Left,683,206,470,,1,FR1
2024-07-31 02:54:35,9,4.09,,FR1,Poke,Left,683,207,470,,1,FR1
2024-07-31 02:56:02,9,4.09,,FR1,Poke,Left,684,207,470,,1,FR1
2024-07-31 03:00:29,9,4.1,1.0,FR1,Pellet,Left,684,207,471,,1,FR1
2024-07-31 03:08:04,9,4.09,,FR1,Poke,Left,685,207,471,,1,FR1
2024-07-31 03:08:08,9,4.09,,FR1,Poke,Left,686,207,471,,1,FR1
2024-07-31 03:08:09,9,4.09,,FR1,Poke,Left,687,207,471,,1,FR1
2024-07-31 03:08:12,9,4.09,,FR1,Poke,Left,688,207,471,,1,FR1
2024-07-31 03:08:26,9,4.09,,FR1,Poke,Left,688,208,471,,1,FR1
2024-07-31 03:08:27,9,4.09,,FR1,Poke,Left,688,209,471,,1,FR1
2024-07-31 03:09:15,9,4.09,1.0,FR1,Pellet,Left,688,209,472,,1,FR1
2024-07-31 04:04:17,9,4.09,,FR1,Poke,Left,689,209,472,,1,FR1
2024-07-31 04:04:18,9,4.09,1.0,FR1,Pellet,Left,689,209,473,0.25,1,FR1
2024-07-31 04:04:42,9,4.09,,FR1,Poke,Left,690,209,473,,1,FR1
2024-07-31 04:04:43,9,4.09,2.0,FR1,Pellet,Left,690,209,474,0.06,1,FR1
2024-07-31 04:05:01,9,4.09,,FR1,Poke,Left,691,209,474,,1,FR1
2024-07-31 04:05:02,9,4.09,1.0,FR1,Pellet,Left,691,209,475,0.06,1,FR1
2024-07-31 04:05:22,9,4.09,,FR1,Poke,Left,692,209,475,,1,FR1
2024-07-31 04:05:23,9,4.09,1.0,FR1,Pellet,Left,692,209,476,0.12,1,FR1
2024-07-31 04:41:01,9,4.09,,FR1,Poke,Left,693,209,476,,1,FR1
2024-07-31 04:41:02,9,4.09,1.0,FR1,Pellet,Left,693,209,477,0.25,1,FR1
2024-07-31 04:41:28,9,4.09,,FR1,Poke,Left,694,209,477,,1,FR1
2024-07-31 04:41:31,9,4.09,2.0,FR1,Pellet,Left,694,209,478,0.06,1,FR1
2024-07-31 04:42:14,9,4.09,,FR1,Poke,Left,695,209,478,,1,FR1
2024-07-31 04:42:15,9,4.09,1.0,FR1,Pellet,Left,695,209,479,0.19,1,FR1
2024-07-31 04:48:07,9,4.09,,FR1,Poke,Left,696,209,479,,1,FR1
2024-07-31 04:48:08,9,4.09,1.0,FR1,Pellet,Left,696,209,480,0.06,1,FR1
2024-07-31 04:50:16,9,4.09,,FR1,Poke,Left,697,209,480,,1,FR1
2024-07-31 04:50:41,9,4.09,1.0,FR1,Pellet,Left,697,209,481,24.09,1,FR1
2024-07-31 04:55:23,9,4.09,,FR1,Poke,Left,698,209,481,,1,FR1
2024-07-31 04:55:54,9,4.09,2.0,FR1,Pellet,Left,698,209,482,28.17,1,FR1
2024-07-31 04:56:19,9,4.09,,FR1,Poke,Left,699,209,482,,1,FR1
2024-07-31 04:56:20,9,4.09,1.0,FR1,Pellet,Left,699,209,483,0.56,1,FR1
2024-07-31 05:00:56,9,4.09,,FR1,Poke,Left,700,209,483,,1,FR1
2024-07-31 05:00:57,9,4.09,1.0,FR1,Pellet,Left,700,209,484,0.06,1,FR1
2024-07-31 05:02:54,9,4.09,,FR1,Poke,Left,700,210,484,,1,FR1
2024-07-31 05:02:55,9,4.09,,FR1,Poke,Left,700,211,484,,1,FR1
2024-07-31 05:02:59,9,4.09,,FR1,Poke,Left,701,211,484,,1,FR1
2024-07-31 05:03:11,9,4.09,,FR1,Poke,Left,701,212,484,,1,FR1
2024-07-31 05:03:25,9,4.09,,FR1,Poke,Left,702,212,484,,1,FR1
2024-07-31 05:03:29,9,4.09,,FR1,Poke,Left,702,213,484,,1,FR1
2024-07-31 05:03:30,9,4.09,,FR1,Poke,Left,702,214,484,,1,FR1
2024-07-31 05:03:38,9,4.09,,FR1,Poke,Left,702,215,484,,1,FR1
2024-07-31 05:03:39,9,4.09,,FR1,Poke,Left,702,216,484,,1,FR1
2024-07-31 05:03:40,9,4.09,,FR1,Poke,Left,702,217,484,,1,FR1
2024-07-31 05:03:45,9,4.09,,FR1,Poke,Left,702,218,484,,1,FR1
2024-07-31 05:05:42,9,4.09,,FR1,Poke,Left,703,218,484,,1,FR1
2024-07-31 05:10:55,9,4.09,,FR1,Poke,Left,704,218,484,,1,FR1
2024-07-31 05:14:05,9,4.09,,FR1,Poke,Left,705,218,484,,1,FR1
2024-07-31 05:17:13,9,4.09,,FR1,Poke,Left,706,218,484,,1,FR1
2024-07-31 05:17:32,9,4.09,1.0,FR1,Pellet,Left,706,218,485,,1,FR1
2024-07-31 05:19:49,9,4.09,,FR1,Poke,Left,706,219,485,,1,FR1
2024-07-31 05:22:39,9,4.09,,FR1,Poke,Left,707,219,485,,1,FR1
2024-07-31 05:23:58,9,4.09,,FR1,Poke,Left,708,219,485,,1,FR1
2024-07-31 05:24:34,9,4.08,1.0,FR1,Pellet,Left,708,219,486,,1,FR1
2024-07-31 05:26:03,9,4.09,,FR1,Poke,Left,709,219,486,,1,FR1
2024-07-31 05:26:06,9,4.09,,FR1,Poke,Left,710,219,486,,1,FR1
2024-07-31 05:26:07,9,4.09,,FR1,Poke,Left,711,219,486,,1,FR1
2024-07-31 05:26:07,9,4.09,,FR1,Poke,Left,712,219,486,,1,FR1
2024-07-31 05:26:09,9,4.08,,FR1,Poke,Left,713,219,486,,1,FR1
2024-07-31 05:26:15,9,4.09,1.0,FR1,Pellet,Left,713,219,487,10.5,1,FR1
2024-07-31 05:44:08,9,4.09,,FR1,Poke,Left,713,220,487,,1,FR1
2024-07-31 05:44:39,9,4.09,,FR1,Poke,Left,714,220,487,,1,FR1
2024-07-31 05:44:51,9,4.09,1.0,FR1,Pellet,Left,714,220,488,11.16,1,FR1
2024-07-31 05:45:08,9,4.08,,FR1,Poke,Left,715,220,488,,1,FR1
2024-07-31 05:45:09,9,4.09,1.0,FR1,Pellet,Left,715,220,489,0.06,1,FR1
2024-07-31 05:46:33,9,4.09,,FR1,Poke,Left,715,221,489,,1,FR1
2024-07-31 05:46:35,9,4.08,,FR1,Poke,Left,716,221,489,,1,FR1
2024-07-31 05:46:54,9,4.09,1.0,FR1,Pellet,Left,716,221,490,17.34,1,FR1
2024-07-31 05:55:12,9,4.09,,FR1,Poke,Left,717,221,490,,1,FR1
2024-07-31 05:55:12,9,4.09,,FR1,Poke,Left,718,221,490,,1,FR1
2024-07-31 05:55:13,9,4.08,,FR1,Poke,Left,719,221,490,,1,FR1
2024-07-31 05:55:19,9,4.09,,FR1,Poke,Left,720,221,490,,1,FR1
2024-07-31 05:55:24,9,4.08,,FR1,Poke,Left,721,221,490,,1,FR1
2024-07-31 05:55:25,9,4.09,,FR1,Poke,Left,722,221,490,,1,FR1
2024-07-31 05:55:26,9,4.09,,FR1,Poke,Left,723,221,490,,1,FR1
2024-07-31 05:55:28,9,4.09,2.0,FR1,Pellet,Left,723,221,491,11.98,1,FR1
2024-07-31 05:55:31,9,4.09,,FR1,Poke,Left,723,222,491,,1,FR1
2024-07-31 05:55:50,9,4.09,,FR1,Poke,Left,723,223,491,,1,FR1
2024-07-31 05:55:54,9,4.09,,FR1,Poke,Left,724,223,491,,1,FR1
2024-07-31 05:56:00,9,4.08,,FR1,Poke,Left,725,223,491,,1,FR1
2024-07-31 05:56:09,9,4.09,,FR1,Poke,Left,725,224,491,,1,FR1
2024-07-31 05:56:24,9,4.09,1.0,FR1,Pellet,Left,725,224,492,28.53,1,FR1
2024-07-31 05:57:11,9,4.09,,FR1,Poke,Left,726,224,492,,1,FR1
2024-07-31 05:57:12,9,4.08,,FR1,Poke,Left,727,224,492,,1,FR1
2024-07-31 05:57:15,9,4.08,3.0,FR1,Pellet,Left,727,224,493,0.06,1,FR1
2024-07-31 06:04:32,9,4.09,,FR1,Poke,Left,727,225,493,,1,FR1
2024-07-31 06:11:30,9,4.09,,FR1,Poke,Left,728,225,493,,1,FR1
2024-07-31 06:11:34,9,4.09,3.0,FR1,Pellet,Left,728,225,494,0.06,1,FR1
2024-07-31 06:36:03,9,4.08,,FR1,Poke,Left,729,225,494,,1,FR1
2024-07-31 06:36:09,9,4.08,3.0,FR1,Pellet,Left,729,225,495,0.63,1,FR1
2024-07-31 06:45:10,9,4.09,,FR1,Poke,Left,730,225,495,,1,FR1
2024-07-31 06:45:12,9,4.08,1.0,FR1,Pellet,Left,730,225,496,1.26,1,FR1
2024-07-31 06:58:02,9,4.09,,FR1,Poke,Left,731,225,496,,1,FR1
2024-07-31 06:58:03,9,4.08,1.0,FR1,Pellet,Left,731,225,497,0.06,1,FR1
2024-07-31 06:58:39,9,4.08,,FR1,Poke,Left,731,226,497,,1,FR1
2024-07-31 06:58:41,9,4.08,,FR1,Poke,Left,731,227,497,,1,FR1
2024-07-31 08:23:18,9,4.09,,FR1,Poke,Left,732,227,497,,1,FR1
2024-07-31 08:24:16,9,4.08,,FR1,Poke,Left,733,227,497,,1,FR1
2024-07-31 08:24:17,9,4.08,1.0,FR1,Pellet,Left,733,227,498,58.3,1,FR1
2024-07-31 09:29:12,9,4.07,,FR1,Poke,Left,734,227,498,,1,FR1
2024-07-31 09:29:59,9,4.08,1.0,FR1,Pellet,Left,734,227,499,46.63,1,FR1
2024-07-31 09:32:43,9,4.07,,FR1,Poke,Left,735,227,499,,1,FR1
2024-07-31 09:32:44,9,4.07,2.0,FR1,Pellet,Left,735,227,500,0.06,1,FR1
2024-07-31 09:37:03,9,4.08,,FR1,Poke,Left,735,228,500,,1,FR1
2024-07-31 09:39:39,9,4.08,,FR1,Poke,Left,736,228,500,,1,FR1
2024-07-31 09:44:40,9,4.07,1.0,FR1,Pellet,Left,736,228,501,,1,FR1
2024-07-31 11:15:33,9,4.07,,FR1,Poke,Left,736,229,501,,1,FR1
2024-07-31 11:15:59,9,4.07,,FR1,Poke,Left,737,229,501,,1,FR1
2024-07-31 11:16:00,9,4.07,1.0,FR1,Pellet,Left,737,229,502,0.06,1,FR1
2024-07-31 11:16:31,9,4.07,,FR1,Poke,Left,737,230,502,,1,FR1
2024-07-31 11:20:17,9,4.07,,FR1,Poke,Left,737,231,502,,1,FR1
2024-07-31 11:20:22,9,4.07,,FR1,Poke,Left,738,231,502,,1,FR1
2024-07-31 11:20:25,9,4.07,3.0,FR1,Pellet,Left,738,231,503,0.5,1,FR1
2024-07-31 11:25:19,9,4.07,,FR1,Poke,Left,738,232,503,,1,FR1
2024-07-31 11:25:20,9,4.07,,FR1,Poke,Left,738,233,503,,1,FR1
2024-07-31 11:27:21,9,4.07,,FR1,Poke,Left,739,233,503,,1,FR1
2024-07-31 11:27:21,9,4.07,,FR1,Poke,Left,740,233,503,,1,FR1
2024-07-31 11:27:36,9,4.07,2.0,FR1,Pellet,Left,740,233,504,13.59,1,FR1
2024-07-31 11:27:53,9,4.07,,FR1,Poke,Left,741,233,504,,1,FR1
2024-07-31 11:27:54,9,4.07,2.0,FR1,Pellet,Left,741,233,505,0.06,1,FR1
2024-07-31 13:09:39,9,4.07,,FR1,Poke,Left,742,233,505,,1,FR1
2024-07-31 13:09:40,9,4.07,1.0,FR1,Pellet,Left,742,233,506,0.31,1,FR1
2024-07-31 13:10:30,9,4.07,,FR1,Poke,Left,742,234,506,,1,FR1
2024-07-31 13:10:39,9,4.07,,FR1,Poke,Left,742,235,506,,1,FR1
2024-07-31 13:10:44,9,4.07,,FR1,Poke,Left,743,235,506,,1,FR1
2024-07-31 13:10:47,9,4.07,1.0,FR1,Pellet,Left,743,235,507,2.21,1,FR1
2024-07-31 13:11:43,9,4.07,,FR1,Poke,Left,743,236,507,,1,FR1
2024-07-31 13:14:04,9,4.07,,FR1,Poke,Left,743,237,507,,1,FR1
2024-07-31 13:14:10,9,4.07,,FR1,Poke,Left,744,237,507,,1,FR1
2024-07-31 13:14:29,9,4.07,1.0,FR1,Pellet,Left,744,237,508,17.84,1,FR1
2024-07-31 13:15:00,9,4.07,,FR1,Poke,Left,745,237,508,,1,FR1
2024-07-31 13:15:01,9,4.07,1.0,FR1,Pellet,Left,745,237,509,0.06,1,FR1
2024-07-31 14:56:56,9,4.07,,FR1,Poke,Left,746,237,509,,1,FR1
2024-07-31 14:56:57,9,4.07,2.0,FR1,Pellet,Left,746,237,510,0.06,1,FR1
2024-07-31 14:57:21,9,4.07,,FR1,Poke,Left,747,237,510,,1,FR1
2024-07-31 14:57:36,9,4.07,2.0,FR1,Pellet,Left,747,237,511,12.18,1,FR1
2024-07-31 14:58:02,9,4.07,,FR1,Poke,Left,748,237,511,,1,FR1
2024-07-31 14:58:20,9,4.07,2.0,FR1,Pellet,Left,748,237,512,15.68,1,FR1
2024-07-31 14:58:48,9,4.07,,FR1,Poke,Left,749,237,512,,1,FR1
2024-07-31 14:58:49,9,4.07,2.0,FR1,Pellet,Left,749,237,513,0.06,1,FR1
2024-07-31 14:59:17,9,4.07,,FR1,Poke,Left,750,237,513,,1,FR1
2024-07-31 14:59:18,9,4.06,2.0,FR1,Pellet,Left,750,237,514,0.06,1,FR1
2024-07-31 15:02:53,9,4.06,,FR1,Poke,Left,751,237,514,,1,FR1
2024-07-31 15:02:54,9,4.06,2.0,FR1,Pellet,Left,751,237,515,0.06,1,FR1
2024-07-31 15:03:39,9,4.07,,FR1,Poke,Left,751,238,515,,1,FR1
2024-07-31 15:03:53,9,4.07,,FR1,Poke,Left,752,238,515,,1,FR1
2024-07-31 15:14:33,9,4.07,2.0,FR1,Pellet,Left,752,238,516,,1,FR1
2024-07-31 16:11:05,9,4.06,,FR1,Poke,Left,753,238,516,,1,FR1
2024-07-31 16:11:21,9,4.06,3.0,FR1,Pellet,Left,753,238,517,13.07,1,FR1
2024-07-31 16:11:54,9,4.06,,FR1,Poke,Left,754,238,517,,1,FR1
2024-07-31 16:11:55,9,4.05,2.0,FR1,Pellet,Left,754,238,518,0.06,1,FR1
2024-07-31 16:12:18,9,4.06,,FR1,Poke,Left,755,238,518,,1,FR1
2024-07-31 16:12:19,9,4.06,1.0,FR1,Pellet,Left,755,238,519,0.5,1,FR1
2024-07-31 16:20:03,9,4.06,,FR1,Poke,Left,755,239,519,,1,FR1
2024-07-31 16:35:57,9,4.06,,FR1,Poke,Left,756,239,519,,1,FR1
2024-07-31 16:35:58,9,4.05,2.0,FR1,Pellet,Left,756,239,520,0.19,1,FR1
2024-07-31 16:36:25,9,4.06,,FR1,Poke,Left,757,239,520,,1,FR1
2024-07-31 16:36:26,9,4.06,1.0,FR1,Pellet,Left,757,239,521,0.5,1,FR1
2024-07-31 17:30:59,9,4.05,,FR1,Poke,Left,758,239,521,,1,FR1
2024-07-31 17:31:00,9,4.05,2.0,FR1,Pellet,Left,758,239,522,0.06,1,FR1
2024-07-31 17:31:21,9,4.06,,FR1,Poke,Left,759,239,522,,1,FR1
2024-07-31 17:31:22,9,4.06,2.0,FR1,Pellet,Left,759,239,523,0.06,1,FR1
2024-07-31 17:31:42,9,4.06,,FR1,Poke,Left,760,239,523,,1,FR1
2024-07-31 17:31:43,9,4.05,1.0,FR1,Pellet,Left,760,239,524,0.25,1,FR1
2024-07-31 17:32:01,9,4.05,,FR1,Poke,Left,761,239,524,,1,FR1
2024-07-31 17:32:01,9,4.05,1.0,FR1,Pellet,Left,761,239,525,0.06,1,FR1
2024-07-31 17:32:24,9,4.06,,FR1,Poke,Left,762,239,525,,1,FR1
2024-07-31 17:32:24,9,4.06,1.0,FR1,Pellet,Left,762,239,526,0.06,1,FR1
2024-07-31 17:32:45,9,4.06,,FR1,Poke,Left,763,239,526,,1,FR1
2024-07-31 17:32:59,9,4.05,2.0,FR1,Pellet,Left,763,239,527,10.92,1,FR1
2024-07-31 18:04:10,9,4.06,,FR1,Poke,Left,764,239,527,,1,FR1
2024-07-31 18:05:26,9,4.06,1.0,FR1,Pellet,Left,764,239,528,,1,FR1
2024-07-31 18:08:24,9,4.06,,FR1,Poke,Left,765,239,528,,1,FR1
2024-07-31 18:09:20,9,4.06,,FR1,Poke,Left,766,239,528,,1,FR1
2024-07-31 18:09:22,9,4.06,,FR1,Poke,Left,767,239,528,,1,FR1
2024-07-31 18:09:37,9,4.06,2.0,FR1,Pellet,Left,767,239,529,,1,FR1
2024-07-31 18:10:02,9,4.05,,FR1,Poke,Left,767,240,529,,1,FR1
2024-07-31 18:10:04,9,4.06,,FR1,Poke,Left,767,241,529,,1,FR1
2024-07-31 18:10:11,9,4.05,,FR1,Poke,Left,768,241,529,,1,FR1
2024-07-31 18:12:50,9,4.05,,FR1,Poke,Left,769,241,529,,1,FR1
2024-07-31 18:12:52,9,4.05,,FR1,Poke,Left,770,241,529,,1,FR1
2024-07-31 18:12:53,9,4.06,,FR1,Poke,Left,771,241,529,,1,FR1
2024-07-31 18:12:58,9,4.06,,FR1,Poke,Left,772,241,529,,1,FR1
2024-07-31 18:13:10,9,4.06,,FR1,Poke,Left,772,242,529,,1,FR1
2024-07-31 18:13:18,9,4.05,,FR1,Poke,Left,772,243,529,,1,FR1
2024-07-31 18:13:22,9,4.06,1.0,FR1,Pellet,Left,772,243,530,,1,FR1
2024-07-31 18:15:08,9,4.05,,FR1,Poke,Left,773,243,530,,1,FR1
2024-07-31 18:15:24,9,4.05,1.0,FR1,Pellet,Left,773,243,531,15.69,1,FR1
2024-07-31 18:15:46,9,4.05,,FR1,Poke,Left,773,244,531,,1,FR1
2024-07-31 18:15:51,9,4.05,,FR1,Poke,Left,774,244,531,,1,FR1
2024-07-31 18:22:55,9,4.06,1.0,FR1,Pellet,Left,774,244,532,,1,FR1
2024-07-31 18:23:13,9,4.06,,FR1,Poke,Left,775,244,532,,1,FR1
2024-07-31 18:23:49,9,4.06,,FR1,Poke,Left,775,245,532,,1,FR1
2024-07-31 18:24:29,9,4.05,1.0,FR1,Pellet,Left,775,245,533,,1,FR1
2024-07-31 18:24:51,9,4.06,,FR1,Poke,Left,776,245,533,,1,FR1
2024-07-31 18:25:20,9,4.05,,FR1,Poke,Left,777,245,533,,1,FR1
2024-07-31 18:25:34,9,4.05,1.0,FR1,Pellet,Left,777,245,534,42.16,1,FR1
2024-07-31 18:28:56,9,4.06,,FR1,Poke,Left,778,245,534,,1,FR1
2024-07-31 18:36:01,9,4.05,1.0,FR1,Pellet,Left,778,245,535,,1,FR1
2024-07-31 18:39:21,9,4.05,,FR1,Poke,Left,779,245,535,,1,FR1
2024-07-31 18:39:34,9,4.06,1.0,FR1,Pellet,Left,779,245,536,12.0,1,FR1
2024-07-31 18:52:44,9,4.05,,FR1,Poke,Left,780,245,536,,1,FR1
2024-07-31 18:53:23,9,4.06,1.0,FR1,Pellet,Left,780,245,537,38.74,1,FR1
2024-07-31 18:53:43,9,4.05,,FR1,Poke,Left,780,246,537,,1,FR1
2024-07-31 18:53:45,9,4.05,,FR1,Poke,Left,781,246,537,,1,FR1
2024-07-31 18:53:45,9,4.05,1.0,FR1,Pellet,Left,781,246,538,0.06,1,FR1
2024-07-31 18:56:01,9,4.05,,FR1,Poke,Left,781,247,538,,1,FR1
2024-07-31 18:56:59,9,4.05,,FR1,Poke,Left,781,248,538,,1,FR1
2024-07-31 18:57:19,9,4.05,,FR1,Poke,Left,782,248,538,,1,FR1
2024-07-31 18:57:20,9,4.05,1.0,FR1,Pellet,Left,782,248,539,0.06,1,FR1
2024-07-31 18:58:20,9,4.05,,FR1,Poke,Left,783,248,539,,1,FR1
2024-07-31 18:59:22,9,4.05,,FR1,Poke,Left,783,249,539,,1,FR1
2024-07-31 19:02:13,9,4.05,1.0,FR1,Pellet,Left,783,249,540,,1,FR1
2024-07-31 19:06:15,9,4.05,,FR1,Poke,Left,783,250,540,,1,FR1
2024-07-31 19:06:48,9,4.05,,FR1,Poke,Left,784,250,540,,1,FR1
2024-07-31 19:07:21,9,4.05,1.0,FR1,Pellet,Left,784,250,541,32.08,1,FR1
2024-07-31 19:08:59,9,4.05,,FR1,Poke,Left,785,250,541,,1,FR1
2024-07-31 19:09:07,9,4.05,,FR1,Poke,Left,786,250,541,,1,FR1
2024-07-31 19:09:08,9,4.05,,FR1,Poke,Left,787,250,541,,1,FR1
2024-07-31 19:09:11,9,4.05,,FR1,Poke,Left,787,251,541,,1,FR1
2024-07-31 19:09:28,9,4.05,,FR1,Poke,Left,787,252,541,,1,FR1
2024-07-31 19:10:42,9,4.05,1.0,FR1,Pellet,Left,787,252,542,,1,FR1
2024-07-31 19:14:19,9,4.05,,FR1,Poke,Left,788,252,542,,1,FR1
2024-07-31 19:14:20,9,4.05,1.0,FR1,Pellet,Left,788,252,543,0.06,1,FR1
2024-07-31 19:15:58,9,4.05,,FR1,Poke,Left,789,252,543,,1,FR1
2024-07-31 19:15:58,9,4.05,1.0,FR1,Pellet,Left,789,252,544,0.06,1,FR1
2024-07-31 19:17:44,9,4.05,,FR1,Poke,Left,790,252,544,,1,FR1
2024-07-31 19:17:51,9,4.05,1.0,FR1,Pellet,Left,790,252,545,6.34,1,FR1
2024-07-31 19:18:06,9,4.05,,FR1,Poke,Left,791,252,545,,1,FR1
2024-07-31 19:18:07,9,4.05,1.0,FR1,Pellet,Left,791,252,546,0.06,1,FR1
2024-07-31 19:34:03,9,4.05,,FR1,Poke,Left,792,252,546,,1,FR1
2024-07-31 19:34:04,9,4.05,2.0,FR1,Pellet,Left,792,252,547,0.06,1,FR1
2024-07-31 19:34:24,9,4.05,,FR1,Poke,Left,793,252,547,,1,FR1
2024-07-31 19:34:25,9,4.05,1.0,FR1,Pellet,Left,793,252,548,0.19,1,FR1
2024-07-31 19:34:45,9,4.05,,FR1,Poke,Left,794,252,548,,1,FR1
2024-07-31 19:34:46,9,4.05,2.0,FR1,Pellet,Left,794,252,549,0.12,1,FR1
2024-07-31 19:35:04,9,4.05,,FR1,Poke,Left,795,252,549,,1,FR1
2024-07-31 19:35:05,9,4.05,1.0,FR1,Pellet,Left,795,252,550,0.19,1,FR1
2024-07-31 19:39:32,9,4.05,,FR1,Poke,Left,795,253,550,,1,FR1
2024-07-31 19:40:05,9,4.05,,FR1,Poke,Left,796,253,550,,1,FR1
2024-07-31 19:40:51,9,4.05,,FR1,Poke,Left,797,253,550,,1,FR1
2024-07-31 19:43:51,9,4.05,1.0,FR1,Pellet,Left,797,253,551,,1,FR1
2024-07-31 19:44:23,9,4.05,,FR1,Poke,Left,798,253,551,,1,FR1
2024-07-31 19:44:26,9,4.05,1.0,FR1,Pellet,Left,798,253,552,3.04,1,FR1
2024-07-31 19:44:54,9,4.05,,FR1,Poke,Left,799,253,552,,1,FR1
2024-07-31 19:45:02,9,4.05,,FR1,Poke,Left,799,254,552,,1,FR1
2024-07-31 19:45:03,9,4.05,,FR1,Poke,Left,799,255,552,,1,FR1
2024-07-31 19:45:55,9,4.05,1.0,FR1,Pellet,Left,799,255,553,59.67,1,FR1
2024-07-31 19:47:33,9,4.05,,FR1,Poke,Left,799,256,553,,1,FR1
2024-07-31 19:47:47,9,4.05,,FR1,Poke,Left,800,256,553,,1,FR1
2024-07-31 19:47:48,9,4.05,1.0,FR1,Pellet,Left,800,256,554,0.06,1,FR1
2024-07-31 19:47:48,9,4.05,,FR1,Poke,Left,801,256,554,,1,FR1
2024-07-31 19:47:49,9,4.05,1.0,FR1,Pellet,Left,801,256,555,0.06,1,FR1
2024-07-31 20:02:45,9,4.05,,FR1,Poke,Left,802,256,555,,1,FR1
2024-07-31 20:02:46,9,4.05,1.0,FR1,Pellet,Left,802,256,556,0.25,1,FR1
2024-07-31 20:03:06,9,4.05,,FR1,Poke,Left,803,256,556,,1,FR1
2024-07-31 20:03:08,9,4.05,1.0,FR1,Pellet,Left,803,256,557,0.75,1,FR1
2024-07-31 20:19:33,9,4.05,,FR1,Poke,Left,804,256,557,,1,FR1
2024-07-31 20:19:34,9,4.05,1.0,FR1,Pellet,Left,804,256,558,0.12,1,FR1
2024-07-31 20:20:27,9,4.05,,FR1,Poke,Left,805,256,558,,1,FR1
2024-07-31 20:20:28,9,4.05,1.0,FR1,Pellet,Left,805,256,559,0.56,1,FR1
2024-07-31 20:20:53,9,4.05,,FR1,Poke,Left,806,256,559,,1,FR1
2024-07-31 20:20:54,9,4.05,1.0,FR1,Pellet,Left,806,256,560,0.12,1,FR1
2024-07-31 20:21:13,9,4.05,,FR1,Poke,Left,807,256,560,,1,FR1
2024-07-31 20:21:28,9,4.05,2.0,FR1,Pellet,Left,807,256,561,12.89,1,FR1
2024-07-31 20:23:11,9,4.05,,FR1,Poke,Left,807,257,561,,1,FR1
2024-07-31 20:24:44,9,4.05,,FR1,Poke,Left,807,258,561,,1,FR1
2024-07-31 20:25:06,9,4.05,,FR1,Poke,Left,808,258,561,,1,FR1
2024-07-31 20:25:22,9,4.05,1.0,FR1,Pellet,Left,808,258,562,14.48,1,FR1
2024-07-31 20:25:42,9,4.05,,FR1,Poke,Left,809,258,562,,1,FR1
2024-07-31 20:25:43,9,4.05,1.0,FR1,Pellet,Left,809,258,563,0.06,1,FR1
2024-07-31 20:25:54,9,4.05,,FR1,Poke,Left,810,258,563,,1,FR1
2024-07-31 20:26:11,9,4.05,1.0,FR1,Pellet,Left,810,258,564,16.78,1,FR1
2024-07-31 20:33:36,9,4.05,,FR1,Poke,Left,811,258,564,,1,FR1
2024-07-31 20:33:37,9,4.05,1.0,FR1,Pellet,Left,811,258,565,0.06,1,FR1
2024-07-31 20:37:16,9,4.05,,FR1,Poke,Left,811,259,565,,1,FR1
2024-07-31 20:37:18,9,4.05,,FR1,Poke,Left,811,260,565,,1,FR1
2024-07-31 20:37:19,9,4.05,,FR1,Poke,Left,812,260,565,,1,FR1
2024-07-31 20:38:50,9,4.05,1.0,FR1,Pellet,Left,812,260,566,,1,FR1
2024-07-31 20:39:24,9,4.05,,FR1,Poke,Left,813,260,566,,1,FR1
2024-07-31 20:43:27,9,4.05,1.0,FR1,Pellet,Left,813,260,567,,1,FR1
2024-07-31 20:48:28,9,4.05,,FR1,Poke,Left,814,260,567,,1,FR1
2024-07-31 20:48:29,9,4.05,,FR1,Poke,Left,815,260,567,,1,FR1
2024-07-31 20:48:35,9,4.05,,FR1,Poke,Left,816,260,567,,1,FR1
2024-07-31 20:48:36,9,4.05,,FR1,Poke,Left,817,260,567,,1,FR1
2024-07-31 20:48:39,9,4.05,,FR1,Poke,Left,818,260,567,,1,FR1
2024-07-31 20:48:42,9,4.05,,FR1,Poke,Left,819,260,567,,1,FR1
2024-07-31 20:48:43,9,4.05,,FR1,Poke,Left,820,260,567,,1,FR1
2024-07-31 20:48:44,9,4.05,,FR1,Poke,Left,821,260,567,,1,FR1
2024-07-31 20:48:46,9,4.05,,FR1,Poke,Left,822,260,567,,1,FR1
2024-07-31 20:48:51,9,4.05,,FR1,Poke,Left,823,260,567,,1,FR1
2024-07-31 20:48:52,9,4.05,,FR1,Poke,Left,824,260,567,,1,FR1
2024-07-31 20:48:53,9,4.05,,FR1,Poke,Left,825,260,567,,1,FR1
2024-07-31 20:48:55,9,4.05,,FR1,Poke,Left,826,260,567,,1,FR1
2024-07-31 20:49:04,9,4.05,,FR1,Poke,Left,826,261,567,,1,FR1
2024-07-31 20:49:04,9,4.05,,FR1,Poke,Left,826,262,567,,1,FR1
2024-07-31 20:49:05,9,4.05,,FR1,Poke,Left,826,263,567,,1,FR1
2024-07-31 20:49:31,9,4.05,,FR1,Poke,Left,827,263,567,,1,FR1
2024-07-31 20:49:56,9,4.05,2.0,FR1,Pellet,Left,827,263,568,,1,FR1
2024-07-31 20:58:01,9,4.05,,FR1,Poke,Left,828,263,568,,1,FR1
2024-07-31 20:58:02,9,4.05,1.0,FR1,Pellet,Left,828,263,569,0.06,1,FR1
2024-07-31 20:58:29,9,4.05,,FR1,Poke,Left,829,263,569,,1,FR1
2024-07-31 20:59:39,9,4.05,1.0,FR1,Pellet,Left,829,263,570,,1,FR1
2024-07-31 21:00:23,9,4.05,,FR1,Poke,Left,830,263,570,,1,FR1
2024-07-31 21:00:24,9,4.05,1.0,FR1,Pellet,Left,830,263,571,0.06,1,FR1
2024-07-31 21:00:34,9,4.05,,FR1,Poke,Left,831,263,571,,1,FR1
2024-07-31 21:00:35,9,4.05,1.0,FR1,Pellet,Left,831,263,572,0.06,1,FR1
2024-07-31 21:23:31,9,4.05,,FR1,Poke,Left,832,263,572,,1,FR1
2024-07-31 21:25:18,9,4.05,2.0,FR1,Pellet,Left,832,263,573,,1,FR1
2024-07-31 21:33:55,9,4.05,,FR1,Poke,Left,832,264,573,,1,FR1
2024-07-31 21:33:58,9,4.05,,FR1,Poke,Left,833,264,573,,1,FR1
2024-07-31 21:34:00,9,4.05,,FR1,Poke,Left,834,264,573,,1,FR1
2024-07-31 21:34:01,9,4.05,,FR1,Poke,Left,835,264,573,,1,FR1
2024-07-31 21:34:02,9,4.05,,FR1,Poke,Left,836,264,573,,1,FR1
2024-07-31 21:34:03,9,4.05,,FR1,Poke,Left,837,264,573,,1,FR1
2024-07-31 21:34:06,9,4.05,1.0,FR1,Pellet,Left,837,264,574,7.63,1,FR1
2024-07-31 21:34:24,9,4.05,,FR1,Poke,Left,838,264,574,,1,FR1
2024-07-31 21:34:25,9,4.05,2.0,FR1,Pellet,Left,838,264,575,0.06,1,FR1
2024-07-31 21:34:27,9,4.05,,FR1,Poke,Left,839,264,575,,1,FR1
2024-07-31 21:34:27,9,4.05,1.0,FR1,Pellet,Left,839,264,576,0.06,1,FR1
2024-07-31 21:43:00,9,4.05,,FR1,Poke,Left,840,264,576,,1,FR1
2024-07-31 21:43:00,9,4.05,1.0,FR1,Pellet,Left,840,264,577,0.06,1,FR1
2024-07-31 21:43:41,9,4.05,,FR1,Poke,Left,841,264,577,,1,FR1
2024-07-31 21:43:42,9,4.05,1.0,FR1,Pellet,Left,841,264,578,0.06,1,FR1
2024-07-31 21:43:44,9,4.05,,FR1,Poke,Left,842,264,578,,1,FR1
2024-07-31 21:43:49,9,4.05,1.0,FR1,Pellet,Left,842,264,579,4.69,1,FR1
2024-07-31 21:51:58,9,4.05,,FR1,Poke,Left,843,264,579,,1,FR1
2024-07-31 21:51:59,9,4.05,1.0,FR1,Pellet,Left,843,264,580,0.06,1,FR1
2024-07-31 21:52:22,9,4.04,,FR1,Poke,Left,844,264,580,,1,FR1
2024-07-31 21:52:38,9,4.05,,FR1,Poke,Left,845,264,580,,1,FR1
2024-07-31 21:56:00,9,4.05,1.0,FR1,Pellet,Left,845,264,581,,1,FR1
2024-07-31 22:53:19,9,4.05,,FR1,Poke,Left,846,264,581,,1,FR1
2024-07-31 22:53:21,9,4.05,1.0,FR1,Pellet,Left,846,264,582,1.51,1,FR1
2024-07-31 22:53:50,9,4.05,,FR1,Poke,Left,847,264,582,,1,FR1
2024-07-31 22:53:51,9,4.05,1.0,FR1,Pellet,Left,847,264,583,0.31,1,FR1
2024-07-31 22:54:21,9,4.05,,FR1,Poke,Left,848,264,583,,1,FR1
2024-07-31 22:54:22,9,4.05,1.0,FR1,Pellet,Left,848,264,584,0.06,1,FR1
2024-07-31 22:54:36,9,4.05,,FR1,Poke,Left,849,264,584,,1,FR1
2024-07-31 22:54:37,9,4.05,1.0,FR1,Pellet,Left,849,264,585,0.18,1,FR1
2024-07-31 22:55:04,9,4.05,,FR1,Poke,Left,850,264,585,,1,FR1
2024-07-31 22:55:16,9,4.04,2.0,FR1,Pellet,Left,850,264,586,9.33,1,FR1
2024-07-31 22:56:07,9,4.05,,FR1,Poke,Left,850,265,586,,1,FR1
2024-07-31 22:56:09,9,4.04,,FR1,Poke,Left,851,265,586,,1,FR1
2024-07-31 22:56:10,9,4.04,1.0,FR1,Pellet,Left,851,265,587,0.06,1,FR1
2024-07-31 22:56:32,9,4.04,,FR1,Poke,Left,852,265,587,,1,FR1
2024-07-31 22:56:33,9,4.05,1.0,FR1,Pellet,Left,852,265,588,0.12,1,FR1
2024-07-31 23:02:47,9,4.04,,FR1,Poke,Left,852,266,588,,1,FR1
2024-07-31 23:02:51,9,4.05,,FR1,Poke,Left,853,266,588,,1,FR1
2024-07-31 23:02:52,9,4.05,1.0,FR1,Pellet,Left,853,266,589,0.06,1,FR1
2024-07-31 23:05:10,9,4.05,,FR1,Poke,Left,853,267,589,,1,FR1
2024-07-31 23:11:27,9,4.04,,FR1,Poke,Left,854,267,589,,1,FR1
2024-07-31 23:11:27,9,4.05,1.0,FR1,Pellet,Left,854,267,590,0.06,1,FR1
2024-07-31 23:11:31,9,4.04,,FR1,Poke,Left,854,268,590,,1,FR1
2024-07-31 23:11:34,9,4.05,,FR1,Poke,Left,855,268,590,,1,FR1
2024-07-31 23:11:52,9,4.03,1.0,FR1,Pellet,Left,855,268,591,17.67,1,FR1
2024-07-31 23:12:52,9,4.05,,FR1,Poke,Left,855,269,591,,1,FR1
2024-07-31 23:13:31,9,4.05,,FR1,Poke,Left,856,269,591,,1,FR1
2024-07-31 23:13:32,9,4.05,1.0,FR1,Pellet,Left,856,269,592,0.06,1,FR1
2024-07-31 23:13:33,9,4.05,,FR1,Poke,Left,857,269,592,,1,FR1
2024-07-31 23:13:34,9,4.04,,FR1,Poke,Left,858,269,592,,1,FR1
2024-07-31 23:13:39,9,4.04,,FR1,Poke,Left,858,270,592,,1,FR1
2024-07-31 23:13:39,9,4.04,,FR1,Poke,Left,858,271,592,,1,FR1
2024-07-31 23:13:40,9,4.05,,FR1,Poke,Left,858,272,592,,1,FR1
2024-07-31 23:13:49,9,4.05,,FR1,Poke,Left,858,273,592,,1,FR1
2024-07-31 23:13:50,9,4.04,,FR1,Poke,Left,858,274,592,,1,FR1
2024-07-31 23:13:53,9,4.04,,FR1,Poke,Left,858,275,592,,1,FR1
2024-07-31 23:13:54,9,4.05,,FR1,Poke,Left,858,276,592,,1,FR1
2024-07-31 23:13:55,9,4.05,,FR1,Poke,Left,858,277,592,,1,FR1
2024-07-31 23:13:56,9,4.05,,FR1,Poke,Left,858,278,592,,1,FR1
2024-07-31 23:13:58,9,4.04,,FR1,Poke,Left,858,279,592,,1,FR1
2024-07-31 23:14:03,9,4.05,,FR1,Poke,Left,858,280,592,,1,FR1
2024-07-31 23:14:06,9,4.04,,FR1,Poke,Left,858,281,592,,1,FR1
2024-07-31 23:14:29,9,4.05,,FR1,Poke,Left,859,281,592,,1,FR1
2024-07-31 23:14:38,9,4.05,,FR1,Poke,Left,860,281,592,,1,FR1
2024-07-31 23:14:38,9,4.05,,FR1,Poke,Left,861,281,592,,1,FR1
2024-07-31 23:14:42,9,4.05,,FR1,Poke,Left,862,281,592,,1,FR1
2024-07-31 23:14:44,9,4.04,,FR1,Poke,Left,863,281,592,,1,FR1
2024-07-31 23:14:48,9,4.04,,FR1,Poke,Left,864,281,592,,1,FR1
2024-07-31 23:14:54,9,4.05,,FR1,Poke,Left,865,281,592,,1,FR1
2024-07-31 23:24:04,9,4.04,,FR1,Poke,Left,866,281,592,,1,FR1
2024-07-31 23:24:06,9,4.05,,FR1,Poke,Left,867,281,592,,1,FR1
2024-07-31 23:24:08,9,4.05,,FR1,Poke,Left,868,281,592,,1,FR1
2024-07-31 23:24:46,9,4.05,2.0,FR1,Pellet,Left,868,281,593,,1,FR1
2024-07-31 23:25:20,9,4.04,,FR1,Poke,Left,869,281,593,,1,FR1
2024-07-31 23:57:44,9,4.04,1.0,FR1,Pellet,Left,869,281,594,,1,FR1
2024-07-31 23:58:12,9,4.04,,FR1,Poke,Left,870,281,594,,1,FR1
2024-07-31 23:58:14,9,4.04,1.0,FR1,Pellet,Left,870,281,595,0.63,1,FR1
2024-07-31 23:58:30,9,4.04,,FR1,Poke,Left,871,281,595,,1,FR1
2024-07-31 23:58:31,9,4.04,1.0,FR1,Pellet,Left,871,281,596,0.5,1,FR1
2024-07-31 23:58:52,9,4.05,,FR1,Poke,Left,872,281,596,,1,FR1
2024-07-31 23:58:53,9,4.04,1.0,FR1,Pellet,Left,872,281,597,0.06,1,FR1
2024-08-01 00:28:48,9,4.04,,FR1,Poke,Left,873,281,597,,1,FR1
2024-08-01 00:28:49,9,4.04,1.0,FR1,Pellet,Left,873,281,598,0.5,1,FR1
2024-08-01 00:29:08,9,4.04,,FR1,Poke,Left,874,281,598,,1,FR1
2024-08-01 00:29:37,9,4.04,5.0,FR1,Pellet,Left,874,281,599,21.68,1,FR1
2024-08-01 00:30:03,9,4.04,,FR1,Poke,Left,875,281,599,,1,FR1
2024-08-01 00:30:04,9,4.05,2.0,FR1,Pellet,Left,875,281,600,0.06,1,FR1
2024-08-01 00:31:03,9,4.05,,FR1,Poke,Left,876,281,600,,1,FR1
2024-08-01 00:42:01,9,4.04,1.0,FR1,Pellet,Left,876,281,601,,1,FR1
2024-08-01 00:42:53,9,4.04,,FR1,Poke,Left,877,281,601,,1,FR1
2024-08-01 00:43:04,9,4.04,,FR1,Poke,Left,878,281,601,,1,FR1
2024-08-01 00:43:05,9,4.04,,FR1,Poke,Left,879,281,601,,1,FR1
2024-08-01 00:43:06,9,4.04,,FR1,Poke,Left,880,281,601,,1,FR1
2024-08-01 00:43:07,9,4.03,,FR1,Poke,Left,881,281,601,,1,FR1
2024-08-01 00:43:17,9,4.04,,FR1,Poke,Left,881,282,601,,1,FR1
2024-08-01 00:43:19,9,4.04,,FR1,Poke,Left,881,283,601,,1,FR1
2024-08-01 00:43:20,9,4.04,,FR1,Poke,Left,881,284,601,,1,FR1
2024-08-01 00:43:21,9,4.04,,FR1,Poke,Left,881,285,601,,1,FR1
2024-08-01 00:44:11,9,4.04,,FR1,Poke,Left,881,286,601,,1,FR1
2024-08-01 00:47:31,9,4.04,1.0,FR1,Pellet,Left,881,286,602,,1,FR1
2024-08-01 00:54:27,9,4.04,,FR1,Poke,Left,882,286,602,,1,FR1
2024-08-01 00:54:28,9,4.04,1.0,FR1,Pellet,Left,882,286,603,0.06,1,FR1
2024-08-01 00:54:31,9,4.04,,FR1,Poke,Left,883,286,603,,1,FR1
2024-08-01 00:54:31,9,4.05,,FR1,Poke,Left,884,286,603,,1,FR1
2024-08-01 00:54:32,9,4.05,,FR1,Poke,Left,885,286,603,,1,FR1
2024-08-01 00:55:54,9,4.04,3.0,FR1,Pellet,Left,885,286,604,,1,FR1
2024-08-01 00:57:10,9,4.04,,FR1,Poke,Left,885,287,604,,1,FR1
2024-08-01 00:57:11,9,4.04,,FR1,Poke,Left,885,288,604,,1,FR1
2024-08-01 01:00:49,9,4.05,,FR1,Poke,Left,886,288,604,,1,FR1
2024-08-01 01:01:26,9,4.04,1.0,FR1,Pellet,Left,886,288,605,36.53,1,FR1
2024-08-01 01:04:30,9,4.03,,FR1,Poke,Left,887,288,605,,1,FR1
2024-08-01 01:04:31,9,4.04,,FR1,Poke,Left,888,288,605,,1,FR1
2024-08-01 01:06:22,9,4.04,1.0,FR1,Pellet,Left,888,288,606,,1,FR1
2024-08-01 01:06:43,9,4.04,,FR1,Poke,Left,889,288,606,,1,FR1
2024-08-01 01:06:44,9,4.04,,FR1,Poke,Left,890,288,606,,1,FR1
2024-08-01 01:06:45,9,4.04,,FR1,Poke,Left,891,288,606,,1,FR1
2024-08-01 01:06:46,9,4.04,,FR1,Poke,Left,892,288,606,,1,FR1
2024-08-01 01:06:46,9,4.04,,FR1,Poke,Left,893,288,606,,1,FR1
2024-08-01 01:07:42,9,4.03,1.0,FR1,Pellet,Left,893,288,607,58.19,1,FR1
2024-08-01 01:22:36,9,4.04,,FR1,Poke,Left,894,288,607,,1,FR1
2024-08-01 01:22:38,9,4.03,2.0,FR1,Pellet,Left,894,288,608,0.06,1,FR1
2024-08-01 01:23:03,9,4.03,,FR1,Poke,Left,895,288,608,,1,FR1
2024-08-01 01:23:04,9,4.04,2.0,FR1,Pellet,Left,895,288,609,0.06,1,FR1
2024-08-01 01:23:20,9,4.04,,FR1,Poke,Left,896,288,609,,1,FR1
2024-08-01 01:23:20,9,4.04,,FR1,Poke,Left,897,288,609,,1,FR1
2024-08-01 01:23:23,9,4.03,3.0,FR1,Pellet,Left,897,288,610,0.06,1,FR1
2024-08-01 02:19:13,9,4.03,,FR1,Poke,Left,898,288,610,,1,FR1
2024-08-01 02:19:14,9,4.04,1.0,FR1,Pellet,Left,898,288,611,0.19,1,FR1
2024-08-01 02:19:33,9,4.03,,FR1,Poke,Left,899,288,611,,1,FR1
2024-08-01 02:19:34,9,4.03,1.0,FR1,Pellet,Left,899,288,612,0.25,1,FR1
2024-08-01 02:20:08,9,4.03,,FR1,Poke,Left,900,288,612,,1,FR1
2024-08-01 02:20:09,9,4.03,1.0,FR1,Pellet,Left,900,288,613,0.25,1,FR1
2024-08-01 02:20:28,9,4.03,,FR1,Poke,Left,901,288,613,,1,FR1
2024-08-01 02:21:10,9,4.03,2.0,FR1,Pellet,Left,901,288,614,39.72,1,FR1
2024-08-01 02:33:11,9,4.03,,FR1,Poke,Left,902,288,614,,1,FR1
2024-08-01 02:33:13,9,4.04,,FR1,Poke,Left,903,288,614,,1,FR1
2024-08-01 02:33:18,9,4.04,,FR1,Poke,Left,904,288,614,,1,FR1
2024-08-01 02:33:27,9,4.03,1.0,FR1,Pellet,Left,904,288,615,15.58,1,FR1
2024-08-01 02:33:33,9,4.03,,FR1,Poke,Left,905,288,615,,1,FR1
2024-08-01 02:34:13,9,4.03,1.0,FR1,Pellet,Left,905,288,616,38.97,1,FR1
2024-08-01 02:34:38,9,4.03,,FR1,Poke,Left,905,289,616,,1,FR1
2024-08-01 02:34:40,9,4.04,,FR1,Poke,Left,906,289,616,,1,FR1
2024-08-01 02:37:28,9,4.04,1.0,FR1,Pellet,Left,906,289,617,,1,FR1
2024-08-01 02:46:35,9,4.03,,FR1,Poke,Left,907,289,617,,1,FR1
2024-08-01 02:46:37,9,4.03,1.0,FR1,Pellet,Left,907,289,618,1.13,1,FR1
2024-08-01 02:47:29,9,4.04,,FR1,Poke,Left,907,290,618,,1,FR1
2024-08-01 02:47:51,9,4.03,,FR1,Poke,Left,908,290,618,,1,FR1
2024-08-01 02:47:51,9,4.03,,FR1,Poke,Left,909,290,618,,1,FR1
2024-08-01 02:47:52,9,4.03,,FR1,Poke,Left,910,290,618,,1,FR1
2024-08-01 02:47:53,9,4.03,,FR1,Poke,Left,911,290,618,,1,FR1
2024-08-01 02:47:55,9,4.03,,FR1,Poke,Left,912,290,618,,1,FR1
2024-08-01 02:47:56,9,4.03,,FR1,Poke,Left,913,290,618,,1,FR1
2024-08-01 02:47:58,9,4.03,,FR1,Poke,Left,914,290,618,,1,FR1
2024-08-01 02:47:59,9,4.04,4.0,FR1,Pellet,Left,914,290,619,0.06,1,FR1
2024-08-01 02:51:58,9,4.03,,FR1,Poke,Left,915,290,619,,1,FR1
2024-08-01 02:51:59,9,4.03,1.0,FR1,Pellet,Left,915,290,620,0.25,1,FR1
2024-08-01 02:52:32,9,4.03,,FR1,Poke,Left,916,290,620,,1,FR1
2024-08-01 02:52:33,9,4.03,2.0,FR1,Pellet,Left,916,290,621,0.06,1,FR1
2024-08-01 02:52:48,9,4.03,,FR1,Poke,Left,916,291,621,,1,FR1
2024-08-01 02:52:54,9,4.03,,FR1,Poke,Left,916,292,621,,1,FR1
2024-08-01 02:56:00,9,4.03,,FR1,Poke,Left,917,292,621,,1,FR1
2024-08-01 02:56:01,9,4.03,1.0,FR1,Pellet,Left,917,292,622,0.06,1,FR1
2024-08-01 02:57:26,9,4.03,,FR1,Poke,Left,917,293,622,,1,FR1
2024-08-01 02:57:28,9,4.04,,FR1,Poke,Left,917,294,622,,1,FR1
2024-08-01 02:57:29,9,4.03,,FR1,Poke,Left,918,294,622,,1,FR1
2024-08-01 02:57:30,9,4.03,,FR1,Poke,Left,919,294,622,,1,FR1
2024-08-01 02:57:32,9,4.03,,FR1,Poke,Left,920,294,622,,1,FR1
2024-08-01 02:57:35,9,4.03,3.0,FR1,Pellet,Left,920,294,623,0.06,1,FR1
2024-08-01 03:09:26,9,4.03,,FR1,Poke,Left,921,294,623,,1,FR1
2024-08-01 03:09:27,9,4.03,1.0,FR1,Pellet,Left,921,294,624,0.5,1,FR1
2024-08-01 03:09:54,9,4.03,,FR1,Poke,Left,922,294,624,,1,FR1
2024-08-01 03:10:02,9,4.04,1.0,FR1,Pellet,Left,922,294,625,7.61,1,FR1
2024-08-01 03:10:16,9,4.03,,FR1,Poke,Left,923,294,625,,1,FR1
2024-08-01 03:10:18,9,4.03,,FR1,Poke,Left,924,294,625,,1,FR1
2024-08-01 03:10:23,9,4.04,1.0,FR1,Pellet,Left,924,294,626,6.27,1,FR1
2024-08-01 03:15:48,9,4.04,,FR1,Poke,Left,925,294,626,,1,FR1
2024-08-01 03:15:50,9,4.03,,FR1,Poke,Left,926,294,626,,1,FR1
2024-08-01 03:22:26,9,4.03,1.0,FR1,Pellet,Left,926,294,627,,1,FR1
2024-08-01 03:24:16,9,4.03,,FR1,Poke,Left,926,295,627,,1,FR1
2024-08-01 03:27:32,9,4.03,,FR1,Poke,Left,926,296,627,,1,FR1
2024-08-01 03:27:34,9,4.03,,FR1,Poke,Left,927,296,627,,1,FR1
2024-08-01 03:27:35,9,4.03,1.0,FR1,Pellet,Left,927,296,628,0.06,1,FR1
2024-08-01 03:27:52,9,4.03,,FR1,Poke,Left,928,296,628,,1,FR1
2024-08-01 03:27:52,9,4.03,,FR1,Poke,Left,929,296,628,,1,FR1
2024-08-01 03:27:55,9,4.03,2.0,FR1,Pellet,Left,929,296,629,0.06,1,FR1
2024-08-01 03:47:27,9,4.03,,FR1,Poke,Left,930,296,629,,1,FR1
2024-08-01 03:48:36,9,4.03,,FR1,Poke,Left,931,296,629,,1,FR1
2024-08-01 03:48:42,9,4.04,,FR1,Poke,Left,932,296,629,,1,FR1
2024-08-01 03:50:44,9,4.03,1.0,FR1,Pellet,Left,932,296,630,,1,FR1
2024-08-01 03:56:07,9,4.03,,FR1,Poke,Left,933,296,630,,1,FR1
2024-08-01 03:56:07,9,4.03,1.0,FR1,Pellet,Left,933,296,631,0.06,1,FR1
2024-08-01 03:56:35,9,4.03,,FR1,Poke,Left,934,296,631,,1,FR1
2024-08-01 03:57:03,9,4.03,1.0,FR1,Pellet,Left,934,296,632,27.16,1,FR1
2024-08-01 04:04:23,9,4.03,,FR1,Poke,Left,935,296,632,,1,FR1
2024-08-01 04:04:29,9,4.03,2.0,FR1,Pellet,Left,935,296,633,5.32,1,FR1
2024-08-01 04:07:42,9,4.03,,FR1,Poke,Left,935,297,633,,1,FR1
2024-08-01 04:07:44,9,4.03,,FR1,Poke,Left,935,298,633,,1,FR1
2024-08-01 04:07:46,9,4.03,,FR1,Poke,Left,936,298,633,,1,FR1
2024-08-01 04:07:49,9,4.03,2.0,FR1,Pellet,Left,936,298,634,0.06,1,FR1
2024-08-01 04:18:30,9,4.03,,FR1,Poke,Left,937,298,634,,1,FR1
2024-08-01 04:21:39,9,4.03,1.0,FR1,Pellet,Left,937,298,635,,1,FR1
2024-08-01 04:24:07,9,4.03,,FR1,Poke,Left,937,299,635,,1,FR1
2024-08-01 04:27:32,9,4.03,,FR1,Poke,Left,937,300,635,,1,FR1
2024-08-01 04:27:38,9,4.03,,FR1,Poke,Left,938,300,635,,1,FR1
2024-08-01 04:28:34,9,4.03,,FR1,Poke,Left,938,301,635,,1,FR1
2024-08-01 04:30:03,9,4.03,,FR1,Poke,Left,939,301,635,,1,FR1
2024-08-01 04:30:09,9,4.03,,FR1,Poke,Left,940,301,635,,1,FR1
2024-08-01 04:30:11,9,4.03,,FR1,Poke,Left,941,301,635,,1,FR1
2024-08-01 04:32:13,9,4.03,1.0,FR1,Pellet,Left,941,301,636,,1,FR1
2024-08-01 04:32:39,9,4.03,,FR1,Poke,Left,942,301,636,,1,FR1
2024-08-01 04:33:03,9,4.03,,FR1,Poke,Left,943,301,636,,1,FR1
2024-08-01 05:18:08,9,4.03,1.0,FR1,Pellet,Left,943,301,637,,1,FR1
2024-08-01 05:18:35,9,4.03,,FR1,Poke,Left,944,301,637,,1,FR1
2024-08-01 05:18:36,9,4.02,1.0,FR1,Pellet,Left,944,301,638,0.06,1,FR1
2024-08-01 06:13:35,9,4.03,,FR1,Poke,Left,945,301,638,,1,FR1
2024-08-01 06:13:36,9,4.03,2.0,FR1,Pellet,Left,945,301,639,0.06,1,FR1
2024-08-01 06:21:54,9,4.03,,FR1,Poke,Left,946,301,639,,1,FR1
2024-08-01 06:21:56,9,4.03,,FR1,Poke,Left,947,301,639,,1,FR1
2024-08-01 06:22:00,9,4.02,1.0,FR1,Pellet,Left,947,301,640,5.07,1,FR1
2024-08-01 06:22:20,9,4.03,,FR1,Poke,Left,948,301,640,,1,FR1
2024-08-01 06:22:22,9,4.03,2.0,FR1,Pellet,Left,948,301,641,0.12,1,FR1
2024-08-01 06:23:42,9,4.03,,FR1,Poke,Left,949,301,641,,1,FR1
2024-08-01 06:23:43,9,4.02,1.0,FR1,Pellet,Left,949,301,642,0.06,1,FR1
2024-08-01 06:24:39,9,4.03,,FR1,Poke,Left,949,302,642,,1,FR1
2024-08-01 06:24:42,9,4.03,,FR1,Poke,Left,950,302,642,,1,FR1
2024-08-01 06:24:43,9,4.03,1.0,FR1,Pellet,Left,950,302,643,0.06,1,FR1
2024-08-01 06:25:03,9,4.03,,FR1,Poke,Left,951,302,643,,1,FR1
2024-08-01 06:34:45,9,4.03,1.0,FR1,Pellet,Left,951,302,644,,1,FR1
2024-08-01 06:41:46,9,4.03,,FR1,Poke,Left,952,302,644,,1,FR1
2024-08-01 06:41:47,9,4.03,,FR1,Poke,Left,953,302,644,,1,FR1
2024-08-01 06:41:47,9,4.03,1.0,FR1,Pellet,Left,953,302,645,0.25,1,FR1
2024-08-01 06:44:31,9,4.02,,FR1,Poke,Left,953,303,645,,1,FR1
2024-08-01 06:44:49,9,4.03,,FR1,Poke,Left,953,304,645,,1,FR1
2024-08-01 06:45:07,9,4.03,,FR1,Poke,Left,954,304,645,,1,FR1
2024-08-01 06:45:18,9,4.03,1.0,FR1,Pellet,Left,954,304,646,10.47,1,FR1
2024-08-01 06:46:01,9,4.02,,FR1,Poke,Left,955,304,646,,1,FR1
2024-08-01 06:46:03,9,4.02,,FR1,Poke,Left,956,304,646,,1,FR1
2024-08-01 06:46:10,9,4.03,1.0,FR1,Pellet,Left,956,304,647,7.42,1,FR1
2024-08-01 06:47:42,9,4.03,,FR1,Poke,Left,957,304,647,,1,FR1
2024-08-01 06:50:54,9,4.03,2.0,FR1,Pellet,Left,957,304,648,,1,FR1
2024-08-01 07:01:32,9,4.02,,FR1,Poke,Left,958,304,648,,1,FR1
2024-08-01 07:01:33,9,4.03,2.0,FR1,Pellet,Left,958,304,649,0.06,1,FR1
2024-08-01 07:01:52,9,4.03,,FR1,Poke,Left,959,304,649,,1,FR1
2024-08-01 07:01:53,9,4.03,1.0,FR1,Pellet,Left,959,304,650,0.06,1,FR1
2024-08-01 09:36:09,9,4.02,,FR1,Poke,Left,960,304,650,,1,FR1
2024-08-01 09:36:10,9,4.02,1.0,FR1,Pellet,Left,960,304,651,0.5,1,FR1
2024-08-01 09:36:34,9,4.02,,FR1,Poke,Left,961,304,651,,1,FR1
2024-08-01 09:36:35,9,4.02,1.0,FR1,Pellet,Left,961,304,652,0.37,1,FR1
2024-08-01 09:36:57,9,4.02,,FR1,Poke,Left,962,304,652,,1,FR1
2024-08-01 09:37:15,9,4.02,2.0,FR1,Pellet,Left,962,304,653,15.76,1,FR1
2024-08-01 09:39:01,9,4.02,,FR1,Poke,Left,963,304,653,,1,FR1
2024-08-01 09:39:02,9,4.02,1.0,FR1,Pellet,Left,963,304,654,0.37,1,FR1
2024-08-01 09:40:24,9,4.02,,FR1,Poke,Left,963,305,654,,1,FR1
2024-08-01 09:40:28,9,4.02,,FR1,Poke,Left,963,306,654,,1,FR1
2024-08-01 10:34:30,9,4.02,,FR1,Poke,Left,964,306,654,,1,FR1
2024-08-01 10:34:31,9,4.02,1.0,FR1,Pellet,Left,964,306,655,0.5,1,FR1
2024-08-01 10:34:55,9,4.02,,FR1,Poke,Left,965,306,655,,1,FR1
2024-08-01 10:34:56,9,4.02,1.0,FR1,Pellet,Left,965,306,656,0.37,1,FR1
2024-08-01 10:35:18,9,4.02,,FR1,Poke,Left,966,306,656,,1,FR1
2024-08-01 10:35:19,9,4.02,1.0,FR1,Pellet,Left,966,306,657,0.06,1,FR1
2024-08-01 10:56:32,9,4.02,,FR1,Poke,Left,966,307,657,,1,FR1
2024-08-01 10:56:41,9,4.02,,FR1,Poke,Left,967,307,657,,1,FR1
2024-08-01 10:57:22,9,4.02,2.0,FR1,Pellet,Left,967,307,658,37.94,1,FR1
2024-08-01 13:27:47,9,4.02,,FR1,Poke,Left,968,307,658,,1,FR1
2024-08-01 13:27:49,9,4.02,1.0,FR1,Pellet,Left,968,307,659,0.94,1,FR1
2024-08-01 13:28:08,9,4.02,,FR1,Poke,Left,969,307,659,,1,FR1
2024-08-01 13:28:09,9,4.01,1.0,FR1,Pellet,Left,969,307,660,0.25,1,FR1
2024-08-01 13:30:29,9,4.02,,FR1,Poke,Left,969,308,660,,1,FR1
2024-08-01 13:30:33,9,4.02,,FR1,Poke,Left,970,308,660,,1,FR1
2024-08-01 13:30:39,9,4.02,,FR1,Poke,Left,971,308,660,,1,FR1
2024-08-01 13:30:40,9,4.01,,FR1,Poke,Left,972,308,660,,1,FR1
2024-08-01 13:30:58,9,4.01,1.0,FR1,Pellet,Left,972,308,661,23.7,1,FR1
2024-08-01 13:31:26,9,4.01,,FR1,Poke,Left,973,308,661,,1,FR1
2024-08-01 13:53:14,9,4.02,1.0,FR1,Pellet,Left,973,308,662,,1,FR1
2024-08-01 13:54:41,9,4.01,,FR1,Poke,Left,974,308,662,,1,FR1
2024-08-01 13:54:42,9,4.01,,FR1,Poke,Left,975,308,662,,1,FR1
2024-08-01 13:54:45,9,4.01,2.0,FR1,Pellet,Left,975,308,663,0.06,1,FR1
2024-08-01 15:15:53,9,4.01,,FR1,Poke,Left,976,308,663,,1,FR1
2024-08-01 15:15:55,9,4.01,2.0,FR1,Pellet,Left,976,308,664,0.44,1,FR1
2024-08-01 15:16:16,9,4.01,,FR1,Poke,Left,977,308,664,,1,FR1
2024-08-01 15:16:18,9,4.0,1.0,FR1,Pellet,Left,977,308,665,0.69,1,FR1
2024-08-01 15:16:35,9,4.01,,FR1,Poke,Left,978,308,665,,1,FR1
2024-08-01 15:16:36,9,4.01,1.0,FR1,Pellet,Left,978,308,666,0.06,1,FR1
2024-08-01 15:16:57,9,4.01,,FR1,Poke,Left,979,308,666,,1,FR1
2024-08-01 15:16:58,9,4.01,1.0,FR1,Pellet,Left,979,308,667,0.19,1,FR1
2024-08-01 15:17:20,9,4.01,,FR1,Poke,Left,980,308,667,,1,FR1
2024-08-01 15:17:21,9,4.01,2.0,FR1,Pellet,Left,980,308,668,0.06,1,FR1
2024-08-01 15:17:43,9,4.01,,FR1,Poke,Left,981,308,668,,1,FR1
2024-08-01 15:17:43,9,4.0,1.0,FR1,Pellet,Left,981,308,669,0.06,1,FR1
2024-08-01 17:07:15,9,4.0,,FR1,Poke,Left,982,308,669,,1,FR1
2024-08-01 17:07:15,9,4.0,1.0,FR1,Pellet,Left,982,308,670,0.06,1,FR1
2024-08-01 17:07:32,9,4.0,,FR1,Poke,Left,983,308,670,,1,FR1
2024-08-01 17:07:32,9,4.0,2.0,FR1,Pellet,Left,983,308,671,0.06,1,FR1
2024-08-01 17:07:50,9,4.0,,FR1,Poke,Left,984,308,671,,1,FR1
2024-08-01 17:07:52,9,4.01,1.0,FR1,Pellet,Left,984,308,672,0.37,1,FR1
2024-08-01 17:08:15,9,4.0,,FR1,Poke,Left,985,308,672,,1,FR1
2024-08-01 17:08:16,9,4.0,2.0,FR1,Pellet,Left,985,308,673,0.18,1,FR1
2024-08-01 17:08:32,9,4.01,,FR1,Poke,Left,986,308,673,,1,FR1
2024-08-01 17:08:32,9,4.0,1.0,FR1,Pellet,Left,986,308,674,0.06,1,FR1
2024-08-01 17:08:51,9,4.0,,FR1,Poke,Left,987,308,674,,1,FR1
2024-08-01 17:08:51,9,4.01,,FR1,Poke,Left,988,308,674,,1,FR1
2024-08-01 17:08:57,9,4.01,2.0,FR1,Pellet,Left,988,308,675,2.46,1,FR1
2024-08-01 17:18:47,9,4.01,,FR1,Poke,Left,989,308,675,,1,FR1
2024-08-01 17:18:49,9,4.0,,FR1,Poke,Left,990,308,675,,1,FR1
2024-08-01 17:18:52,9,4.0,2.0,FR1,Pellet,Left,990,308,676,0.06,1,FR1
2024-08-01 17:18:54,9,4.0,,FR1,Poke,Left,991,308,676,,1,FR1
2024-08-01 17:19:36,9,4.0,1.0,FR1,Pellet,Left,991,308,677,41.7,1,FR1
2024-08-01 17:55:15,9,4.0,,FR1,Poke,Left,992,308,677,,1,FR1
2024-08-01 17:55:16,9,4.0,1.0,FR1,Pellet,Left,992,308,678,0.12,1,FR1
2024-08-01 17:55:34,9,4.0,,FR1,Poke,Left,993,308,678,,1,FR1
2024-08-01 17:55:35,9,4.0,1.0,FR1,Pellet,Left,993,308,679,0.19,1,FR1
2024-08-01 18:04:52,9,4.0,,FR1,Poke,Left,994,308,679,,1,FR1
2024-08-01 18:06:19,9,4.0,1.0,FR1,Pellet,Left,994,308,680,,1,FR1
2024-08-01 18:07:07,9,4.0,,FR1,Poke,Left,995,308,680,,1,FR1
2024-08-01 18:07:14,9,4.0,,FR1,Poke,Left,996,308,680,,1,FR1
2024-08-01 18:08:02,9,4.0,,FR1,Poke,Left,997,308,680,,1,FR1
2024-08-01 18:08:03,9,4.0,,FR1,Poke,Left,998,308,680,,1,FR1
2024-08-01 18:08:13,9,4.0,,FR1,Poke,Left,999,308,680,,1,FR1
2024-08-01 18:08:42,9,4.0,,FR1,Poke,Left,999,309,680,,1,FR1
2024-08-01 18:08:44,9,4.0,,FR1,Poke,Left,1000,309,680,,1,FR1
2024-08-01 18:09:29,9,4.0,,FR1,Poke,Left,1001,309,680,,1,FR1
2024-08-01 18:09:45,9,4.0,,FR1,Poke,Left,1001,310,680,,1,FR1
2024-08-01 18:09:53,9,4.0,,FR1,Poke,Left,1002,310,680,,1,FR1
2024-08-01 18:11:32,9,4.0,1.0,FR1,Pellet,Left,1002,310,681,,1,FR1
2024-08-01 18:12:04,9,4.0,,FR1,Poke,Left,1002,311,681,,1,FR1
2024-08-01 18:13:45,9,4.0,,FR1,Poke,Left,1002,312,681,,1,FR1
2024-08-01 18:13:54,9,4.0,,FR1,Poke,Left,1003,312,681,,1,FR1
2024-08-01 18:13:54,9,4.0,,FR1,Poke,Left,1004,312,681,,1,FR1
2024-08-01 18:14:12,9,4.0,,FR1,Poke,Left,1005,312,681,,1,FR1
2024-08-01 18:15:15,9,4.0,2.0,FR1,Pellet,Left,1005,312,682,,1,FR1
2024-08-01 18:18:32,9,4.0,,FR1,Poke,Left,1005,313,682,,1,FR1
2024-08-01 18:20:57,9,4.0,,FR1,Poke,Left,1005,314,682,,1,FR1
2024-08-01 18:20:58,9,4.0,,FR1,Poke,Left,1006,314,682,,1,FR1
2024-08-01 18:21:17,9,4.0,1.0,FR1,Pellet,Left,1006,314,683,17.73,1,FR1
2024-08-01 18:25:30,9,4.0,,FR1,Poke,Left,1007,314,683,,1,FR1
2024-08-01 18:25:44,9,4.0,1.0,FR1,Pellet,Left,1007,314,684,13.28,1,FR1
2024-08-01 18:31:16,9,4.0,,FR1,Poke,Left,1008,314,684,,1,FR1
2024-08-01 18:31:40,9,4.0,1.0,FR1,Pellet,Left,1008,314,685,23.52,1,FR1
2024-08-01 18:32:09,9,4.0,,FR1,Poke,Left,1008,315,685,,1,FR1
2024-08-01 18:32:10,9,4.0,,FR1,Poke,Left,1008,316,685,,1,FR1
2024-08-01 18:32:18,9,4.0,,FR1,Poke,Left,1009,316,685,,1,FR1
2024-08-01 18:32:18,9,4.0,,FR1,Poke,Left,1010,316,685,,1,FR1
2024-08-01 18:32:21,9,4.0,2.0,FR1,Pellet,Left,1010,316,686,0.06,1,FR1
2024-08-01 18:32:22,9,4.0,,FR1,Poke,Left,1011,316,686,,1,FR1
2024-08-01 18:32:49,9,4.0,1.0,FR1,Pellet,Left,1011,316,687,25.96,1,FR1
2024-08-01 18:34:21,9,4.0,,FR1,Poke,Left,1012,316,687,,1,FR1
2024-08-01 18:34:48,9,4.0,1.0,FR1,Pellet,Left,1012,316,688,26.34,1,FR1
2024-08-01 18:36:45,9,4.0,,FR1,Poke,Left,1013,316,688,,1,FR1
2024-08-01 18:36:48,9,4.0,2.0,FR1,Pellet,Left,1013,316,689,0.06,1,FR1
2024-08-01 18:39:53,9,4.0,,FR1,Poke,Left,1014,316,689,,1,FR1
2024-08-01 18:39:55,9,4.0,,FR1,Poke,Left,1015,316,689,,1,FR1
2024-08-01 18:42:25,9,4.0,,FR1,Poke,Left,1016,316,689,,1,FR1
2024-08-01 18:42:54,9,4.0,1.0,FR1,Pellet,Left,1016,316,690,,1,FR1
2024-08-01 18:43:10,9,4.0,,FR1,Poke,Left,1017,316,690,,1,FR1
2024-08-01 18:43:11,9,4.0,,FR1,Poke,Left,1018,316,690,,1,FR1
2024-08-01 18:43:18,9,4.0,,FR1,Poke,Left,1019,316,690,,1,FR1
2024-08-01 18:43:22,9,4.0,,FR1,Poke,Left,1019,317,690,,1,FR1
2024-08-01 18:55:12,9,4.0,,FR1,Poke,Left,1020,317,690,,1,FR1
2024-08-01 18:55:13,9,4.0,2.0,FR1,Pellet,Left,1020,317,691,,1,FR1
2024-08-01 18:55:17,9,4.0,,FR1,Poke,Left,1021,317,691,,1,FR1
2024-08-01 18:55:18,9,4.0,1.0,FR1,Pellet,Left,1021,317,692,0.06,1,FR1
2024-08-01 18:56:08,9,4.0,,FR1,Poke,Left,1022,317,692,,1,FR1
2024-08-01 18:56:09,9,4.0,1.0,FR1,Pellet,Left,1022,317,693,0.06,1,FR1
2024-08-01 19:00:04,9,4.0,,FR1,Poke,Left,1022,318,693,,1,FR1
2024-08-01 19:00:58,9,4.0,,FR1,Poke,Left,1023,318,693,,1,FR1
2024-08-01 19:01:01,9,4.0,,FR1,Poke,Left,1023,319,693,,1,FR1
2024-08-01 19:01:02,9,4.0,,FR1,Poke,Left,1024,319,693,,1,FR1
2024-08-01 19:01:08,9,4.0,,FR1,Poke,Left,1025,319,693,,1,FR1
2024-08-01 19:01:09,9,4.0,,FR1,Poke,Left,1026,319,693,,1,FR1
2024-08-01 19:02:22,9,4.0,,FR1,Poke,Left,1027,319,693,,1,FR1
2024-08-01 19:02:31,9,4.0,2.0,FR1,Pellet,Left,1027,319,694,,1,FR1
2024-08-01 19:06:58,9,4.0,,FR1,Poke,Left,1028,319,694,,1,FR1
2024-08-01 19:07:22,9,4.0,,FR1,Poke,Left,1029,319,694,,1,FR1
2024-08-01 19:08:04,9,4.0,,FR1,Poke,Left,1030,319,694,,1,FR1
2024-08-01 19:08:48,9,4.0,1.0,FR1,Pellet,Left,1030,319,695,,1,FR1
2024-08-01 19:15:58,9,4.0,,FR1,Poke,Left,1031,319,695,,1,FR1
2024-08-01 19:15:59,9,4.0,1.0,FR1,Pellet,Left,1031,319,696,0.06,1,FR1
2024-08-01 19:16:38,9,4.0,,FR1,Poke,Left,1032,319,696,,1,FR1
2024-08-01 19:16:38,9,4.0,1.0,FR1,Pellet,Left,1032,319,697,0.06,1,FR1
2024-08-01 19:21:09,9,4.0,,FR1,Poke,Left,1033,319,697,,1,FR1
2024-08-01 19:22:52,9,4.0,1.0,FR1,Pellet,Left,1033,319,698,,1,FR1
2024-08-01 19:23:22,9,4.0,,FR1,Poke,Left,1034,319,698,,1,FR1
2024-08-01 19:23:31,9,4.0,,FR1,Poke,Left,1035,319,698,,1,FR1
2024-08-01 19:23:33,9,4.0,,FR1,Poke,Left,1036,319,698,,1,FR1
2024-08-01 19:24:02,9,4.0,1.0,FR1,Pellet,Left,1036,319,699,39.49,1,FR1
2024-08-01 19:24:19,9,4.0,,FR1,Poke,Left,1037,319,699,,1,FR1
2024-08-01 19:24:19,9,4.0,,FR1,Poke,Left,1038,319,699,,1,FR1
2024-08-01 19:24:20,9,4.0,,FR1,Poke,Left,1039,319,699,,1,FR1
2024-08-01 19:24:23,9,4.0,2.0,FR1,Pellet,Left,1039,319,700,0.06,1,FR1
2024-08-01 19:24:25,9,4.0,,FR1,Poke,Left,1039,320,700,,1,FR1
2024-08-01 19:26:45,9,4.0,,FR1,Poke,Left,1040,320,700,,1,FR1
2024-08-01 19:32:15,9,4.0,2.0,FR1,Pellet,Left,1040,320,701,,1,FR1
2024-08-01 19:32:31,9,4.0,,FR1,Poke,Left,1041,320,701,,1,FR1
2024-08-01 19:32:32,9,4.0,,FR1,Poke,Left,1042,320,701,,1,FR1
2024-08-01 19:32:33,9,4.0,,FR1,Poke,Left,1043,320,701,,1,FR1
2024-08-01 19:32:33,9,4.0,,FR1,Poke,Left,1044,320,701,,1,FR1
2024-08-01 19:32:36,9,4.0,,FR1,Poke,Left,1045,320,701,,1,FR1
2024-08-01 19:32:37,9,4.0,,FR1,Poke,Left,1046,320,701,,1,FR1
2024-08-01 19:32:39,9,4.0,,FR1,Poke,Left,1047,320,701,,1,FR1
2024-08-01 19:32:41,9,4.0,,FR1,Poke,Left,1048,320,701,,1,FR1
2024-08-01 19:32:46,9,4.0,2.0,FR1,Pellet,Left,1048,320,702,9.15,1,FR1
2024-08-01 19:37:26,9,4.0,,FR1,Poke,Left,1049,320,702,,1,FR1
2024-08-01 19:37:27,9,4.0,1.0,FR1,Pellet,Left,1049,320,703,0.06,1,FR1
2024-08-01 19:37:28,9,4.0,,FR1,Poke,Left,1050,320,703,,1,FR1
2024-08-01 19:37:39,9,4.0,2.0,FR1,Pellet,Left,1050,320,704,9.65,1,FR1
2024-08-01 19:38:55,9,4.0,,FR1,Poke,Left,1051,320,704,,1,FR1
2024-08-01 19:39:43,9,4.0,,FR1,Poke,Left,1052,320,704,,1,FR1
2024-08-01 19:45:03,9,4.0,,FR1,Poke,Left,1053,320,704,,1,FR1
2024-08-01 19:45:23,9,4.0,,FR1,Poke,Left,1054,320,704,,1,FR1
2024-08-01 19:45:37,9,4.0,1.0,FR1,Pellet,Left,1054,320,705,,1,FR1
2024-08-01 19:49:08,9,4.0,,FR1,Poke,Left,1055,320,705,,1,FR1
2024-08-01 19:50:10,9,4.0,1.0,FR1,Pellet,Left,1055,320,706,,1,FR1
2024-08-01 19:54:01,9,4.0,,FR1,Poke,Left,1055,321,706,,1,FR1
2024-08-01 19:54:02,9,4.0,,FR1,Poke,Left,1056,321,706,,1,FR1
2024-08-01 19:54:07,9,4.0,,FR1,Poke,Left,1056,322,706,,1,FR1
2024-08-01 19:54:20,9,4.0,1.0,FR1,Pellet,Left,1056,322,707,17.05,1,FR1
2024-08-01 19:54:37,9,4.0,,FR1,Poke,Left,1057,322,707,,1,FR1
2024-08-01 19:54:39,9,4.0,1.0,FR1,Pellet,Left,1057,322,708,1.13,1,FR1
2024-08-01 19:55:36,9,4.0,,FR1,Poke,Left,1058,322,708,,1,FR1
2024-08-01 19:55:39,9,4.0,2.0,FR1,Pellet,Left,1058,322,709,0.06,1,FR1
2024-08-01 20:02:19,9,4.0,,FR1,Poke,Left,1059,322,709,,1,FR1
2024-08-01 20:06:14,9,4.0,,FR1,Poke,Left,1060,322,709,,1,FR1
2024-08-01 20:06:45,9,4.0,1.0,FR1,Pellet,Left,1060,322,710,,1,FR1
2024-08-01 20:07:10,9,4.0,,FR1,Poke,Left,1061,322,710,,1,FR1
2024-08-01 20:07:13,9,4.0,,FR1,Poke,Left,1062,322,710,,1,FR1
2024-08-01 20:07:23,9,4.0,,FR1,Poke,Left,1063,322,710,,1,FR1
2024-08-01 20:07:24,9,4.0,1.0,FR1,Pellet,Left,1063,322,711,12.63,1,FR1
2024-08-01 20:10:27,9,4.0,,FR1,Poke,Left,1064,322,711,,1,FR1
2024-08-01 20:10:28,9,4.0,1.0,FR1,Pellet,Left,1064,322,712,0.06,1,FR1
2024-08-01 20:17:06,9,4.0,,FR1,Poke,Left,1065,322,712,,1,FR1
2024-08-01 20:17:08,9,4.0,,FR1,Poke,Left,1066,322,712,,1,FR1
2024-08-01 20:17:11,9,4.0,,FR1,Poke,Left,1066,323,712,,1,FR1
2024-08-01 20:17:16,9,4.0,1.0,FR1,Pellet,Left,1066,323,713,9.12,1,FR1
2024-08-01 20:17:37,9,4.0,,FR1,Poke,Left,1066,324,713,,1,FR1
2024-08-01 20:26:17,9,4.0,,FR1,Poke,Left,1067,324,713,,1,FR1
2024-08-01 20:26:47,9,4.0,3.0,FR1,Pellet,Left,1067,324,714,24.94,1,FR1
2024-08-01 20:27:15,9,4.0,,FR1,Poke,Left,1068,324,714,,1,FR1
2024-08-01 20:27:16,9,4.0,1.0,FR1,Pellet,Left,1068,324,715,0.06,1,FR1
2024-08-01 20:34:35,9,4.0,,FR1,Poke,Left,1068,325,715,,1,FR1
2024-08-01 20:35:54,9,4.0,,FR1,Poke,Left,1069,325,715,,1,FR1
2024-08-01 20:35:56,9,4.0,,FR1,Poke,Left,1070,325,715,,1,FR1
2024-08-01 20:44:32,9,4.0,2.0,FR1,Pellet,Left,1070,325,716,,1,FR1
2024-08-01 20:44:52,9,4.0,,FR1,Poke,Left,1070,326,716,,1,FR1
2024-08-01 20:45:22,9,4.0,,FR1,Poke,Left,1071,326,716,,1,FR1
2024-08-01 20:45:43,9,4.0,,FR1,Poke,Left,1071,327,716,,1,FR1
2024-08-01 20:45:50,9,4.0,2.0,FR1,Pellet,Left,1071,327,717,25.8,1,FR1
2024-08-01 20:46:13,9,4.0,,FR1,Poke,Left,1072,327,717,,1,FR1
2024-08-01 20:48:05,9,4.0,,FR1,Poke,Left,1073,327,717,,1,FR1
2024-08-01 20:48:48,9,4.0,,FR1,Poke,Left,1074,327,717,,1,FR1
2024-08-01 20:48:49,9,4.0,,FR1,Poke,Left,1075,327,717,,1,FR1
2024-08-01 20:49:13,9,4.0,,FR1,Poke,Left,1075,328,717,,1,FR1
2024-08-01 20:49:16,9,4.0,,FR1,Poke,Left,1076,328,717,,1,FR1
2024-08-01 20:50:07,9,4.0,1.0,FR1,Pellet,Left,1076,328,718,,1,FR1
2024-08-01 20:50:59,9,4.0,,FR1,Poke,Left,1077,328,718,,1,FR1
2024-08-01 20:57:41,9,4.0,,FR1,Poke,Left,1077,329,718,,1,FR1
2024-08-01 20:57:47,9,4.0,1.0,FR1,Pellet,Left,1077,329,719,,1,FR1
2024-08-01 20:58:03,9,4.0,,FR1,Poke,Left,1078,329,719,,1,FR1
2024-08-01 20:58:11,9,3.99,1.0,FR1,Pellet,Left,1078,329,720,7.36,1,FR1
2024-08-01 20:58:19,9,4.0,,FR1,Poke,Left,1078,330,720,,1,FR1
2024-08-01 20:58:21,9,3.99,,FR1,Poke,Left,1078,331,720,,1,FR1
2024-08-01 20:58:24,9,4.0,,FR1,Poke,Left,1078,332,720,,1,FR1
2024-08-01 20:58:28,9,4.0,,FR1,Poke,Left,1078,333,720,,1,FR1
2024-08-01 20:59:14,9,4.0,,FR1,Poke,Left,1079,333,720,,1,FR1
2024-08-01 20:59:17,9,4.0,2.0,FR1,Pellet,Left,1079,333,721,0.06,1,FR1
2024-08-01 21:06:17,9,4.0,,FR1,Poke,Left,1080,333,721,,1,FR1
2024-08-01 21:06:19,9,4.0,2.0,FR1,Pellet,Left,1080,333,722,0.06,1,FR1
2024-08-01 21:08:47,9,4.0,,FR1,Poke,Left,1081,333,722,,1,FR1
2024-08-01 21:12:51,9,4.0,,FR1,Poke,Left,1082,333,722,,1,FR1
2024-08-01 21:13:02,9,4.0,,FR1,Poke,Left,1083,333,722,,1,FR1
2024-08-01 21:13:04,9,4.0,,FR1,Poke,Left,1084,333,722,,1,FR1
2024-08-01 21:13:06,9,4.0,,FR1,Poke,Left,1085,333,722,,1,FR1
2024-08-01 21:13:16,9,4.0,1.0,FR1,Pellet,Left,1085,333,723,,1,FR1
2024-08-01 21:14:40,9,3.99,,FR1,Poke,Left,1086,333,723,,1,FR1
2024-08-01 21:20:58,9,4.0,,FR1,Poke,Left,1087,333,723,,1,FR1
2024-08-01 21:28:54,9,4.0,,FR1,Poke,Left,1088,333,723,,1,FR1
2024-08-01 21:28:56,9,4.0,,FR1,Poke,Left,1089,333,723,,1,FR1
2024-08-01 21:34:53,9,4.0,,FR1,Poke,Left,1090,333,723,,1,FR1
2024-08-01 21:36:27,9,3.99,,FR1,Poke,Left,1090,334,723,,1,FR1
2024-08-01 21:37:07,9,4.0,,FR1,Poke,Left,1091,334,723,,1,FR1
2024-08-01 21:37:43,9,3.99,,FR1,Poke,Left,1092,334,723,,1,FR1
2024-08-01 21:38:02,9,4.0,1.0,FR1,Pellet,Left,1092,334,724,,1,FR1
2024-08-01 21:38:17,9,4.0,,FR1,Poke,Left,1093,334,724,,1,FR1
2024-08-01 21:38:18,9,3.99,1.0,FR1,Pellet,Left,1093,334,725,0.75,1,FR1
2024-08-01 21:38:21,9,4.0,,FR1,Poke,Left,1094,334,725,,1,FR1
2024-08-01 21:40:22,9,4.0,1.0,FR1,Pellet,Left,1094,334,726,,1,FR1
2024-08-01 21:41:28,9,4.0,,FR1,Poke,Left,1095,334,726,,1,FR1
2024-08-01 21:41:29,9,3.99,1.0,FR1,Pellet,Left,1095,334,727,0.06,1,FR1
2024-08-01 21:44:42,9,4.0,,FR1,Poke,Left,1096,334,727,,1,FR1
2024-08-01 21:45:25,9,4.0,1.0,FR1,Pellet,Left,1096,334,728,42.42,1,FR1
2024-08-01 21:50:35,9,3.99,,FR1,Poke,Left,1097,334,728,,1,FR1
2024-08-01 21:52:59,9,4.0,,FR1,Poke,Left,1098,334,728,,1,FR1
2024-08-01 21:53:06,9,4.0,,FR1,Poke,Left,1099,334,728,,1,FR1
2024-08-01 21:53:08,9,4.0,1.0,FR1,Pellet,Left,1099,334,729,,1,FR1
2024-08-01 21:53:17,9,3.99,,FR1,Poke,Left,1099,335,729,,1,FR1
2024-08-01 21:53:23,9,3.99,,FR1,Poke,Left,1099,336,729,,1,FR1
2024-08-01 21:53:24,9,4.0,,FR1,Poke,Left,1099,337,729,,1,FR1
2024-08-01 21:53:29,9,3.99,,FR1,Poke,Left,1100,337,729,,1,FR1
2024-08-01 21:53:39,9,3.99,,FR1,Poke,Left,1100,338,729,,1,FR1
2024-08-01 21:53:56,9,4.0,,FR1,Poke,Left,1101,338,729,,1,FR1
2024-08-01 21:53:56,9,3.99,,FR1,Poke,Left,1102,338,729,,1,FR1
2024-08-01 21:54:05,9,4.0,,FR1,Poke,Left,1103,338,729,,1,FR1
2024-08-01 21:54:06,9,4.0,1.0,FR1,Pellet,Left,1103,338,730,35.96,1,FR1
2024-08-01 22:02:03,9,3.99,,FR1,Poke,Left,1104,338,730,,1,FR1
2024-08-01 22:02:03,9,3.99,1.0,FR1,Pellet,Left,1104,338,731,0.06,1,FR1
2024-08-01 22:16:34,9,3.99,,FR1,Poke,Left,1105,338,731,,1,FR1
2024-08-01 22:16:35,9,3.99,,FR1,Poke,Left,1106,338,731,,1,FR1
2024-08-01 22:16:38,9,3.99,2.0,FR1,Pellet,Left,1106,338,732,0.06,1,FR1
2024-08-01 22:16:59,9,4.0,,FR1,Poke,Left,1106,339,732,,1,FR1
2024-08-01 22:17:40,9,3.99,,FR1,Poke,Left,1107,339,732,,1,FR1
2024-08-01 22:26:27,9,3.99,,FR1,Poke,Left,1108,339,732,,1,FR1
2024-08-01 22:26:30,9,3.99,1.0,FR1,Pellet,Left,1108,339,733,,1,FR1
2024-08-01 22:29:43,9,3.99,,FR1,Poke,Left,1108,340,733,,1,FR1
2024-08-01 22:29:44,9,3.99,,FR1,Poke,Left,1108,341,733,,1,FR1
2024-08-01 22:29:57,9,4.0,,FR1,Poke,Left,1109,341,733,,1,FR1
2024-08-01 22:29:59,9,4.0,,FR1,Poke,Left,1110,341,733,,1,FR1
2024-08-01 22:30:26,9,3.99,1.0,FR1,Pellet,Left,1110,341,734,28.39,1,FR1
2024-08-01 22:30:42,9,4.0,,FR1,Poke,Left,1111,341,734,,1,FR1
2024-08-01 22:31:02,9,3.99,,FR1,Poke,Left,1112,341,734,,1,FR1
2024-08-01 22:31:46,9,3.99,1.0,FR1,Pellet,Left,1112,341,735,,1,FR1
2024-08-01 22:34:23,9,4.0,,FR1,Poke,Left,1113,341,735,,1,FR1
2024-08-01 22:34:42,9,3.99,,FR1,Poke,Left,1113,342,735,,1,FR1
2024-08-01 22:34:44,9,4.0,,FR1,Poke,Left,1114,342,735,,1,FR1
2024-08-01 22:34:48,9,3.99,,FR1,Poke,Left,1115,342,735,,1,FR1
2024-08-01 22:44:25,9,4.0,1.0,FR1,Pellet,Left,1115,342,736,,1,FR1
2024-08-02 00:43:00,9,3.99,,FR1,Poke,Left,1116,342,736,,1,FR1
2024-08-02 00:43:02,9,3.98,2.0,FR1,Pellet,Left,1116,342,737,0.25,1,FR1
2024-08-02 00:43:34,9,3.99,,FR1,Poke,Left,1117,342,737,,1,FR1
2024-08-02 00:43:35,9,3.98,1.0,FR1,Pellet,Left,1117,342,738,0.06,1,FR1
2024-08-02 00:43:58,9,3.99,,FR1,Poke,Left,1118,342,738,,1,FR1
2024-08-02 00:43:59,9,3.98,1.0,FR1,Pellet,Left,1118,342,739,0.06,1,FR1
2024-08-02 00:44:23,9,3.98,,FR1,Poke,Left,1119,342,739,,1,FR1
2024-08-02 00:44:26,9,3.99,2.0,FR1,Pellet,Left,1119,342,740,0.06,1,FR1
2024-08-02 00:45:02,9,3.99,,FR1,Poke,Left,1120,342,740,,1,FR1
2024-08-02 00:45:05,9,3.98,2.0,FR1,Pellet,Left,1120,342,741,0.06,1,FR1
2024-08-02 00:55:30,9,3.99,,FR1,Poke,Left,1121,342,741,,1,FR1
2024-08-02 00:55:30,9,3.98,1.0,FR1,Pellet,Left,1121,342,742,0.06,1,FR1
2024-08-02 00:55:32,9,3.99,,FR1,Poke,Left,1122,342,742,,1,FR1
2024-08-02 00:55:35,9,3.99,2.0,FR1,Pellet,Left,1122,342,743,0.06,1,FR1
2024-08-02 00:57:51,9,3.98,,FR1,Poke,Left,1122,343,743,,1,FR1
2024-08-02 00:57:53,9,3.99,,FR1,Poke,Left,1123,343,743,,1,FR1
2024-08-02 01:00:10,9,3.98,,FR1,Poke,Left,1124,343,743,,1,FR1
2024-08-02 01:01:20,9,3.98,,FR1,Poke,Left,1125,343,743,,1,FR1
2024-08-02 01:03:08,9,3.99,,FR1,Poke,Left,1126,343,743,,1,FR1
2024-08-02 01:03:17,9,3.98,,FR1,Poke,Left,1126,344,743,,1,FR1
2024-08-02 01:03:19,9,3.98,,FR1,Poke,Left,1126,345,743,,1,FR1
2024-08-02 01:03:21,9,3.99,,FR1,Poke,Left,1126,346,743,,1,FR1
2024-08-02 01:03:26,9,3.98,1.0,FR1,Pellet,Left,1126,346,744,,1,FR1
2024-08-02 01:04:06,9,3.98,,FR1,Poke,Left,1127,346,744,,1,FR1
2024-08-02 01:04:07,9,3.98,1.0,FR1,Pellet,Left,1127,346,745,0.25,1,FR1
2024-08-02 01:04:23,9,3.99,,FR1,Poke,Left,1128,346,745,,1,FR1
2024-08-02 01:04:26,9,3.98,2.0,FR1,Pellet,Left,1128,346,746,0.06,1,FR1
2024-08-02 01:04:54,9,3.98,,FR1,Poke,Left,1129,346,746,,1,FR1
2024-08-02 01:04:54,9,3.98,,FR1,Poke,Left,1130,346,746,,1,FR1
2024-08-02 01:04:55,9,3.98,,FR1,Poke,Left,1131,346,746,,1,FR1
2024-08-02 01:04:58,9,3.98,,FR1,Poke,Left,1132,346,746,,1,FR1
2024-08-02 01:08:20,9,3.98,,FR1,Poke,Left,1133,346,746,,1,FR1
2024-08-02 01:11:56,9,3.99,,FR1,Poke,Left,1134,346,746,,1,FR1
2024-08-02 01:12:09,9,3.98,,FR1,Poke,Left,1134,347,746,,1,FR1
2024-08-02 01:12:16,9,3.98,,FR1,Poke,Left,1134,348,746,,1,FR1
2024-08-02 01:12:22,9,3.98,,FR1,Poke,Left,1135,348,746,,1,FR1
2024-08-02 01:12:23,9,3.99,,FR1,Poke,Left,1136,348,746,,1,FR1
2024-08-02 01:12:50,9,3.98,,FR1,Poke,Left,1137,348,746,,1,FR1
2024-08-02 01:13:08,9,3.99,,FR1,Poke,Left,1137,349,746,,1,FR1
2024-08-02 01:13:09,9,3.98,,FR1,Poke,Left,1138,349,746,,1,FR1
2024-08-02 01:13:12,9,3.98,3.0,FR1,Pellet,Left,1138,349,747,,1,FR1
2024-08-02 01:15:56,9,3.99,,FR1,Poke,Left,1139,349,747,,1,FR1
2024-08-02 01:15:57,9,3.98,1.0,FR1,Pellet,Left,1139,349,748,0.06,1,FR1
2024-08-02 01:16:18,9,3.98,,FR1,Poke,Left,1139,350,748,,1,FR1
2024-08-02 01:16:34,9,3.98,,FR1,Poke,Left,1139,351,748,,1,FR1
2024-08-02 01:20:31,9,3.98,,FR1,Poke,Left,1140,351,748,,1,FR1
2024-08-02 01:20:32,9,3.98,1.0,FR1,Pellet,Left,1140,351,749,0.06,1,FR1
2024-08-02 01:21:51,9,3.98,,FR1,Poke,Left,1141,351,749,,1,FR1
2024-08-02 01:30:02,9,3.99,,FR1,Poke,Left,1142,351,749,,1,FR1
2024-08-02 01:31:20,9,3.98,2.0,FR1,Pellet,Left,1142,351,750,,1,FR1
2024-08-02 01:34:33,9,3.98,,FR1,Poke,Left,1143,351,750,,1,FR1
2024-08-02 01:34:55,9,3.98,1.0,FR1,Pellet,Left,1143,351,751,20.85,1,FR1
2024-08-02 01:36:08,9,3.98,,FR1,Poke,Left,1143,352,751,,1,FR1
2024-08-02 01:36:13,9,3.98,,FR1,Poke,Left,1144,352,751,,1,FR1
2024-08-02 01:36:14,9,3.98,1.0,FR1,Pellet,Left,1144,352,752,0.06,1,FR1
2024-08-02 01:36:22,9,3.98,,FR1,Poke,Left,1145,352,752,,1,FR1
2024-08-02 01:36:28,9,3.98,,FR1,Poke,Left,1145,353,752,,1,FR1
2024-08-02 01:36:31,9,3.98,,FR1,Poke,Left,1146,353,752,,1,FR1
2024-08-02 01:36:35,9,3.98,1.0,FR1,Pellet,Left,1146,353,753,12.27,1,FR1
2024-08-02 01:49:23,9,3.98,,FR1,Poke,Left,1147,353,753,,1,FR1
2024-08-02 01:49:53,9,3.98,2.0,FR1,Pellet,Left,1147,353,754,27.94,1,FR1
2024-08-02 01:52:22,9,3.98,,FR1,Poke,Left,1148,353,754,,1,FR1
2024-08-02 04:00:45,9,3.98,1.0,FR1,Pellet,Left,1148,353,755,,1,FR1
2024-08-02 04:01:37,9,3.98,,FR1,Poke,Left,1149,353,755,,1,FR1
2024-08-02 04:01:39,9,3.98,1.0,FR1,Pellet,Left,1149,353,756,1.2,1,FR1
2024-08-02 04:01:55,9,3.98,,FR1,Poke,Left,1150,353,756,,1,FR1
2024-08-02 04:01:56,9,3.98,2.0,FR1,Pellet,Left,1150,353,757,0.12,1,FR1
2024-08-02 04:02:22,9,3.98,,FR1,Poke,Left,1151,353,757,,1,FR1
2024-08-02 04:03:26,9,3.98,1.0,FR1,Pellet,Left,1151,353,758,,1,FR1
2024-08-02 04:03:45,9,3.98,,FR1,Poke,Left,1152,353,758,,1,FR1
2024-08-02 04:05:35,9,3.98,,FR1,Poke,Left,1153,353,758,,1,FR1
2024-08-02 04:05:55,9,3.98,,FR1,Poke,Left,1154,353,758,,1,FR1
2024-08-02 04:09:58,9,3.98,1.0,FR1,Pellet,Left,1154,353,759,,1,FR1
2024-08-02 04:10:23,9,3.98,,FR1,Poke,Left,1155,353,759,,1,FR1
2024-08-02 04:10:31,9,3.98,,FR1,Poke,Left,1156,353,759,,1,FR1
2024-08-02 04:10:52,9,3.98,1.0,FR1,Pellet,Left,1156,353,760,27.85,1,FR1
2024-08-02 04:11:14,9,3.98,,FR1,Poke,Left,1157,353,760,,1,FR1
2024-08-02 04:11:15,9,3.98,2.0,FR1,Pellet,Left,1157,353,761,0.25,1,FR1
2024-08-02 04:11:29,9,3.98,,FR1,Poke,Left,1158,353,761,,1,FR1
2024-08-02 04:11:29,9,3.98,1.0,FR1,Pellet,Left,1158,353,762,0.06,1,FR1
2024-08-02 04:11:45,9,3.98,,FR1,Poke,Left,1159,353,762,,1,FR1
2024-08-02 04:11:45,9,3.98,1.0,FR1,Pellet,Left,1159,353,763,0.06,1,FR1
2024-08-02 04:13:48,9,3.98,,FR1,Poke,Left,1160,353,763,,1,FR1
2024-08-02 04:14:36,9,3.98,,FR1,Poke,Left,1161,353,763,,1,FR1
2024-08-02 04:14:47,9,3.98,,FR1,Poke,Left,1161,354,763,,1,FR1
2024-08-02 04:16:32,9,3.98,,FR1,Poke,Left,1162,354,763,,1,FR1
2024-08-02 04:16:47,9,3.98,,FR1,Poke,Left,1163,354,763,,1,FR1
2024-08-02 04:16:58,9,3.98,,FR1,Poke,Left,1163,355,763,,1,FR1
2024-08-02 04:17:04,9,3.98,,FR1,Poke,Left,1164,355,763,,1,FR1
2024-08-02 04:17:09,9,3.98,1.0,FR1,Pellet,Left,1164,355,764,,1,FR1
2024-08-02 04:17:15,9,3.98,,FR1,Poke,Left,1164,356,764,,1,FR1
2024-08-02 04:17:16,9,3.98,,FR1,Poke,Left,1164,357,764,,1,FR1
2024-08-02 04:17:21,9,3.98,,FR1,Poke,Left,1164,358,764,,1,FR1
2024-08-02 04:17:22,9,3.98,,FR1,Poke,Left,1164,359,764,,1,FR1
2024-08-02 04:17:24,9,3.98,,FR1,Poke,Left,1164,360,764,,1,FR1
2024-08-02 04:17:25,9,3.98,,FR1,Poke,Left,1164,361,764,,1,FR1
2024-08-02 04:17:26,9,3.98,,FR1,Poke,Left,1164,362,764,,1,FR1
2024-08-02 04:17:28,9,3.98,,FR1,Poke,Left,1164,363,764,,1,FR1
2024-08-02 04:17:30,9,3.98,,FR1,Poke,Left,1164,364,764,,1,FR1
2024-08-02 04:17:32,9,3.98,,FR1,Poke,Left,1164,365,764,,1,FR1
2024-08-02 04:17:33,9,3.98,,FR1,Poke,Left,1164,366,764,,1,FR1
2024-08-02 04:17:34,9,3.98,,FR1,Poke,Left,1164,367,764,,1,FR1
2024-08-02 04:23:33,9,3.98,,FR1,Poke,Left,1165,367,764,,1,FR1
2024-08-02 04:23:33,9,3.98,1.0,FR1,Pellet,Left,1165,367,765,0.06,1,FR1
2024-08-02 04:23:55,9,3.98,,FR1,Poke,Left,1166,367,765,,1,FR1
2024-08-02 04:27:05,9,3.98,1.0,FR1,Pellet,Left,1166,367,766,,1,FR1
2024-08-02 04:27:22,9,3.98,,FR1,Poke,Left,1167,367,766,,1,FR1
2024-08-02 04:27:22,9,3.98,,FR1,Poke,Left,1168,367,766,,1,FR1
2024-08-02 04:27:25,9,3.98,2.0,FR1,Pellet,Left,1168,367,767,0.06,1,FR1
2024-08-02 04:31:02,9,3.98,,FR1,Poke,Left,1169,367,767,,1,FR1
2024-08-02 04:31:03,9,3.98,1.0,FR1,Pellet,Left,1169,367,768,0.06,1,FR1
2024-08-02 04:33:26,9,3.98,,FR1,Poke,Left,1170,367,768,,1,FR1
2024-08-02 04:33:40,9,3.98,,FR1,Poke,Left,1170,368,768,,1,FR1
2024-08-02 04:36:01,9,3.98,,FR1,Poke,Left,1171,368,768,,1,FR1
2024-08-02 04:36:02,9,3.98,,FR1,Poke,Left,1172,368,768,,1,FR1
2024-08-02 04:36:05,9,3.98,,FR1,Poke,Left,1172,369,768,,1,FR1
2024-08-02 04:36:08,9,3.98,1.0,FR1,Pellet,Left,1172,369,769,,1,FR1
2024-08-02 04:36:31,9,3.98,,FR1,Poke,Left,1173,369,769,,1,FR1
2024-08-02 04:49:01,9,3.98,,FR1,Poke,Left,1174,369,769,,1,FR1
2024-08-02 04:49:08,9,3.97,1.0,FR1,Pellet,Left,1174,369,770,,1,FR1
2024-08-02 04:51:47,9,3.98,,FR1,Poke,Left,1175,369,770,,1,FR1
2024-08-02 04:51:54,9,3.98,1.0,FR1,Pellet,Left,1175,369,771,6.03,1,FR1
2024-08-02 05:02:15,9,3.97,,FR1,Poke,Left,1176,369,771,,1,FR1
2024-08-02 05:02:16,9,3.98,1.0,FR1,Pellet,Left,1176,369,772,0.06,1,FR1
2024-08-02 05:02:21,9,3.97,,FR1,Poke,Left,1177,369,772,,1,FR1
2024-08-02 05:02:22,9,3.98,1.0,FR1,Pellet,Left,1177,369,773,0.06,1,FR1
2024-08-02 05:14:56,9,3.97,,FR1,Poke,Left,1178,369,773,,1,FR1
2024-08-02 05:14:57,9,3.97,1.0,FR1,Pellet,Left,1178,369,774,0.06,1,FR1
2024-08-02 05:16:07,9,3.98,,FR1,Poke,Left,1178,370,774,,1,FR1
2024-08-02 05:16:31,9,3.98,,FR1,Poke,Left,1179,370,774,,1,FR1
2024-08-02 05:16:32,9,3.98,,FR1,Poke,Left,1180,370,774,,1,FR1
2024-08-02 05:16:47,9,3.98,,FR1,Poke,Left,1181,370,774,,1,FR1
2024-08-02 05:18:32,9,3.98,,FR1,Poke,Left,1182,370,774,,1,FR1
2024-08-02 05:24:36,9,3.98,,FR1,Poke,Left,1183,370,774,,1,FR1
2024-08-02 05:24:44,9,3.98,,FR1,Poke,Left,1184,370,774,,1,FR1
2024-08-02 05:24:48,9,3.98,2.0,FR1,Pellet,Left,1184,370,775,,1,FR1
2024-08-02 05:32:53,9,3.98,,FR1,Poke,Left,1185,370,775,,1,FR1
2024-08-02 05:34:29,9,3.98,,FR1,Poke,Left,1186,370,775,,1,FR1
2024-08-02 05:38:27,9,3.98,1.0,FR1,Pellet,Left,1186,370,776,,1,FR1
2024-08-02 05:44:33,9,3.97,,FR1,Poke,Left,1187,370,776,,1,FR1
2024-08-02 05:44:34,9,3.98,,FR1,Poke,Left,1188,370,776,,1,FR1
2024-08-02 05:44:36,9,3.98,,FR1,Poke,Left,1189,370,776,,1,FR1
2024-08-02 05:44:41,9,3.97,3.0,FR1,Pellet,Left,1189,370,777,1.32,1,FR1
2024-08-02 05:44:42,9,3.98,,FR1,Poke,Left,1190,370,777,,1,FR1
2024-08-02 05:44:43,9,3.98,1.0,FR1,Pellet,Left,1190,370,778,0.06,1,FR1
2024-08-02 05:45:33,9,3.98,,FR1,Poke,Left,1190,371,778,,1,FR1
2024-08-02 05:45:35,9,3.98,,FR1,Poke,Left,1191,371,778,,1,FR1
2024-08-02 05:52:41,9,3.98,,FR1,Poke,Left,1192,371,778,,1,FR1
2024-08-02 05:53:49,9,3.98,,FR1,Poke,Left,1192,372,778,,1,FR1
2024-08-02 05:53:50,9,3.98,1.0,FR1,Pellet,Left,1192,372,779,,1,FR1
2024-08-02 06:00:06,9,3.97,,FR1,Poke,Left,1193,372,779,,1,FR1
2024-08-02 06:00:07,9,3.98,,FR1,Poke,Left,1194,372,779,,1,FR1
2024-08-02 06:06:26,9,3.98,3.0,FR1,Pellet,Left,1194,372,780,,1,FR1
2024-08-02 06:16:40,9,3.98,,FR1,Poke,Left,1195,372,780,,1,FR1
2024-08-02 06:16:41,9,3.97,1.0,FR1,Pellet,Left,1195,372,781,0.06,1,FR1
2024-08-02 06:27:39,9,3.98,,FR1,Poke,Left,1196,372,781,,1,FR1
2024-08-02 06:27:40,9,3.98,1.0,FR1,Pellet,Left,1196,372,782,0.06,1,FR1
2024-08-02 06:28:13,9,3.97,,FR1,Poke,Left,1197,372,782,,1,FR1
2024-08-02 06:28:20,9,3.97,1.0,FR1,Pellet,Left,1197,372,783,6.6,1,FR1
2024-08-02 06:39:17,9,3.97,,FR1,Poke,Left,1198,372,783,,1,FR1
2024-08-02 06:39:49,9,3.97,1.0,FR1,Pellet,Left,1198,372,784,31.39,1,FR1
2024-08-02 06:41:17,9,3.97,,FR1,Poke,Left,1199,372,784,,1,FR1
2024-08-02 06:41:44,9,3.97,1.0,FR1,Pellet,Left,1199,372,785,26.73,1,FR1
2024-08-02 06:53:14,9,3.97,,FR1,Poke,Left,1200,372,785,,1,FR1
2024-08-02 06:53:15,9,3.97,1.0,FR1,Pellet,Left,1200,372,786,0.06,1,FR1
2024-08-02 09:05:16,9,3.97,,FR1,Poke,Left,1201,372,786,,1,FR1
2024-08-02 09:05:17,9,3.96,1.0,FR1,Pellet,Left,1201,372,787,0.06,1,FR1
2024-08-02 09:05:40,9,3.97,,FR1,Poke,Left,1202,372,787,,1,FR1
2024-08-02 09:05:40,9,3.96,1.0,FR1,Pellet,Left,1202,372,788,0.06,1,FR1
2024-08-02 09:06:01,9,3.96,,FR1,Poke,Left,1203,372,788,,1,FR1
2024-08-02 09:06:02,9,3.96,1.0,FR1,Pellet,Left,1203,372,789,0.19,1,FR1
2024-08-02 11:06:31,9,3.96,,FR1,Poke,Left,1204,372,789,,1,FR1
2024-08-02 11:06:33,9,3.96,1.0,FR1,Pellet,Left,1204,372,790,1.26,1,FR1
2024-08-02 11:06:55,9,3.96,,FR1,Poke,Left,1205,372,790,,1,FR1
2024-08-02 11:06:58,9,3.96,1.0,FR1,Pellet,Left,1205,372,791,1.64,1,FR1
2024-08-02 11:07:38,9,3.96,,FR1,Poke,Left,1206,372,791,,1,FR1
2024-08-02 11:07:39,9,3.96,1.0,FR1,Pellet,Left,1206,372,792,0.06,1,FR1
2024-08-02 11:08:02,9,3.96,,FR1,Poke,Left,1206,373,792,,1,FR1
2024-08-02 12:40:12,9,3.96,,FR1,Poke,Left,1207,373,792,,1,FR1
2024-08-02 12:40:14,9,3.96,2.0,FR1,Pellet,Left,1207,373,793,0.06,1,FR1
2024-08-02 12:47:41,9,3.96,,FR1,Poke,Left,1208,373,793,,1,FR1
2024-08-02 12:47:42,9,3.96,1.0,FR1,Pellet,Left,1208,373,794,0.37,1,FR1
2024-08-02 12:50:51,9,3.96,,FR1,Poke,Left,1208,374,794,,1,FR1
2024-08-02 12:54:29,9,3.96,,FR1,Poke,Left,1209,374,794,,1,FR1
2024-08-02 12:54:39,9,3.96,,FR1,Poke,Left,1210,374,794,,1,FR1
2024-08-02 12:55:19,9,3.96,1.0,FR1,Pellet,Left,1210,374,795,49.46,1,FR1
2024-08-02 12:55:47,9,3.96,,FR1,Poke,Left,1210,375,795,,1,FR1
2024-08-02 12:55:54,9,3.96,,FR1,Poke,Left,1211,375,795,,1,FR1
2024-08-02 12:55:56,9,3.96,,FR1,Poke,Left,1212,375,795,,1,FR1
2024-08-02 12:55:59,9,3.96,3.0,FR1,Pellet,Left,1212,375,796,0.06,1,FR1
2024-08-02 15:06:58,9,3.95,,FR1,Poke,Left,1213,375,796,,1,FR1
2024-08-02 15:07:12,9,3.96,3.0,FR1,Pellet,Left,1213,375,797,10.74,1,FR1
2024-08-02 15:07:37,9,3.95,,FR1,Poke,Left,1214,375,797,,1,FR1
2024-08-02 15:07:38,9,3.96,1.0,FR1,Pellet,Left,1214,375,798,0.06,1,FR1
2024-08-02 15:08:01,9,3.95,,FR1,Poke,Left,1215,375,798,,1,FR1
2024-08-02 15:08:02,9,3.96,1.0,FR1,Pellet,Left,1215,375,799,0.06,1,FR1
2024-08-02 15:08:30,9,3.96,,FR1,Poke,Left,1216,375,799,,1,FR1
2024-08-02 15:08:31,9,3.96,1.0,FR1,Pellet,Left,1216,375,800,0.12,1,FR1
2024-08-02 15:08:52,9,3.95,,FR1,Poke,Left,1217,375,800,,1,FR1
2024-08-02 15:08:53,9,3.96,1.0,FR1,Pellet,Left,1217,375,801,0.31,1,FR1
2024-08-02 15:26:47,9,3.95,,FR1,Poke,Left,1218,375,801,,1,FR1
2024-08-02 15:26:48,9,3.96,1.0,FR1,Pellet,Left,1218,375,802,0.06,1,FR1
2024-08-02 15:27:42,9,3.96,,FR1,Poke,Left,1218,376,802,,1,FR1
2024-08-02 15:28:11,9,3.95,,FR1,Poke,Left,1218,377,802,,1,FR1
2024-08-02 15:36:54,9,3.95,,FR1,Poke,Left,1219,377,802,,1,FR1
2024-08-02 15:36:56,9,3.96,,FR1,Poke,Left,1220,377,802,,1,FR1
2024-08-02 15:36:56,9,3.96,,FR1,Poke,Left,1221,377,802,,1,FR1
2024-08-02 15:38:07,9,3.95,1.0,FR1,Pellet,Left,1221,377,803,,1,FR1
2024-08-02 15:52:14,9,3.95,,FR1,Poke,Left,1222,377,803,,1,FR1
2024-08-02 15:53:21,9,3.95,1.0,FR1,Pellet,Left,1222,377,804,,1,FR1
2024-08-02 16:01:10,9,3.96,,FR1,Poke,Left,1223,377,804,,1,FR1
2024-08-02 16:01:10,9,3.95,1.0,FR1,Pellet,Left,1223,377,805,0.06,1,FR1
