MM:DD:YYYY hh:mm:ss,Device_Number,Battery_Voltage,Motor_Turns,Session_Type,Event,Active_Poke,Left_Poke_Count,Right_Poke_Count,Pellet_Count,Retrieval_Time,Concat_#,Mode
2024-07-28 10:39:39,5,3.82,,FR1,Poke,Left,1,0,0,,0,FR1
2024-07-28 10:40:45,5,3.82,3.0,FR1,Pellet,Left,1,0,1,,0,FR1
2024-07-28 10:48:09,5,3.82,,FR1,Poke,Left,1,1,1,,0,FR1
2024-07-28 12:51:49,5,3.82,,FR1,Poke,Left,2,1,1,,0,FR1
2024-07-28 12:51:54,5,3.82,2.0,FR1,Pellet,Left,2,1,2,1.64,0,FR1
2024-07-28 14:15:14,5,3.81,,FR1,Poke,Left,2,2,2,,0,FR1
2024-07-28 14:16:55,5,3.82,,FR1,Poke,Left,3,2,2,,0,FR1
2024-07-28 14:16:57,5,3.82,1.0,FR1,Pellet,Left,3,2,3,0.88,0,FR1
2024-07-28 14:19:43,5,3.82,,FR1,Poke,Left,3,3,3,,0,FR1
2024-07-28 14:21:07,5,3.82,,FR1,Poke,Left,4,3,3,,0,FR1
2024-07-28 14:21:09,5,3.82,1.0,FR1,Pellet,Left,4,3,4,0.82,0,FR1
2024-07-28 17:20:10,5,3.81,,FR1,Poke,Left,5,3,4,,0,FR1
2024-07-28 17:20:13,5,3.81,2.0,FR1,Pellet,Left,5,3,5,0.25,0,FR1
2024-07-28 17:21:43,5,3.81,,FR1,Poke,Left,5,4,5,,0,FR1
2024-07-28 17:43:39,5,3.8,,FR1,Poke,Left,5,5,5,,0,FR1
2024-07-28 17:43:52,5,3.81,,FR1,Poke,Left,6,5,5,,0,FR1
2024-07-28 17:43:54,5,3.81,1.0,FR1,Pellet,Left,6,5,6,1.51,0,FR1
2024-07-28 17:49:56,5,3.8,,FR1,Poke,Left,6,6,6,,0,FR1
2024-07-28 17:49:57,5,3.81,,FR1,Poke,Left,6,7,6,,0,FR1
2024-07-28 17:51:17,5,3.81,,FR1,Poke,Left,6,8,6,,0,FR1
2024-07-28 18:06:45,5,3.81,,FR1,Poke,Left,6,9,6,,0,FR1
2024-07-28 18:08:28,5,3.8,,FR1,Poke,Left,7,9,6,,0,FR1
2024-07-28 18:08:31,5,3.8,1.0,FR1,Pellet,Left,7,9,7,2.4,0,FR1
2024-07-28 18:25:15,5,3.8,,FR1,Poke,Left,7,10,7,,0,FR1
2024-07-28 18:38:09,5,3.8,,FR1,Poke,Left,7,11,7,,0,FR1
2024-07-28 18:51:38,5,3.8,,FR1,Poke,Left,7,12,7,,0,FR1
2024-07-28 18:51:40,5,3.8,,FR1,Poke,Left,7,13,7,,0,FR1
2024-07-28 18:51:43,5,3.81,,FR1,Poke,Left,7,14,7,,0,FR1
2024-07-28 18:51:44,5,3.8,,FR1,Poke,Left,7,15,7,,0,FR1
2024-07-28 18:51:48,5,3.8,,FR1,Poke,Left,8,15,7,,0,FR1
2024-07-28 18:51:52,5,3.8,3.0,FR1,Pellet,Left,8,15,8,0.25,0,FR1
2024-07-28 18:52:38,5,3.8,,FR1,Poke,Left,9,15,8,,0,FR1
2024-07-28 18:52:39,5,3.8,2.0,FR1,Pellet,Left,9,15,9,0.06,0,FR1
2024-07-28 18:53:50,5,3.8,,FR1,Poke,Left,9,16,9,,0,FR1
2024-07-28 18:53:57,5,3.8,,FR1,Poke,Left,10,16,9,,0,FR1
2024-07-28 18:53:58,5,3.81,,FR1,Poke,Left,11,16,9,,0,FR1
2024-07-28 18:54:02,5,3.8,3.0,FR1,Pellet,Left,11,16,10,0.37,0,FR1
2024-07-28 18:54:34,5,3.8,,FR1,Poke,Left,12,16,10,,0,FR1
2024-07-28 18:54:38,5,3.8,2.0,FR1,Pellet,Left,12,16,11,1.01,0,FR1
2024-07-28 18:55:30,5,3.81,,FR1,Poke,Left,13,16,11,,0,FR1
2024-07-28 18:55:31,5,3.8,1.0,FR1,Pellet,Left,13,16,12,0.31,0,FR1
2024-07-28 18:56:16,5,3.8,,FR1,Poke,Left,13,17,12,,0,FR1
2024-07-28 18:56:40,5,3.8,,FR1,Poke,Left,14,17,12,,0,FR1
2024-07-28 18:56:41,5,3.8,,FR1,Poke,Left,15,17,12,,0,FR1
2024-07-28 18:56:45,5,3.81,3.0,FR1,Pellet,Left,15,17,13,1.45,0,FR1
2024-07-28 18:57:08,5,3.8,,FR1,Poke,Left,16,17,13,,0,FR1
2024-07-28 18:57:08,5,3.8,,FR1,Poke,Left,17,17,13,,0,FR1
2024-07-28 18:57:12,5,3.8,2.0,FR1,Pellet,Left,17,17,14,1.07,0,FR1
2024-07-28 18:57:39,5,3.8,,FR1,Poke,Left,18,17,14,,0,FR1
2024-07-28 18:57:40,5,3.8,2.0,FR1,Pellet,Left,18,17,15,0.37,0,FR1
2024-07-28 18:58:02,5,3.8,,FR1,Poke,Left,19,17,15,,0,FR1
2024-07-28 18:58:04,5,3.8,1.0,FR1,Pellet,Left,19,17,16,1.58,0,FR1
2024-07-28 18:58:31,5,3.8,,FR1,Poke,Left,20,17,16,,0,FR1
2024-07-28 18:58:35,5,3.8,2.0,FR1,Pellet,Left,20,17,17,0.75,0,FR1
2024-07-28 18:59:07,5,3.8,,FR1,Poke,Left,21,17,17,,0,FR1
2024-07-28 18:59:09,5,3.8,1.0,FR1,Pellet,Left,21,17,18,1.01,0,FR1
2024-07-28 18:59:28,5,3.81,,FR1,Poke,Left,22,17,18,,0,FR1
2024-07-28 18:59:28,5,3.8,,FR1,Poke,Left,23,17,18,,0,FR1
2024-07-28 18:59:32,5,3.8,2.0,FR1,Pellet,Left,23,17,19,0.56,0,FR1
2024-07-28 18:59:53,5,3.8,,FR1,Poke,Left,24,17,19,,0,FR1
2024-07-28 18:59:55,5,3.8,1.0,FR1,Pellet,Left,24,17,20,1.96,0,FR1
2024-07-28 19:00:13,5,3.81,,FR1,Poke,Left,25,17,20,,0,FR1
2024-07-28 19:00:17,5,3.8,2.0,FR1,Pellet,Left,25,17,21,0.88,0,FR1
2024-07-28 19:00:39,5,3.8,,FR1,Poke,Left,26,17,21,,0,FR1
2024-07-28 19:00:41,5,3.8,1.0,FR1,Pellet,Left,26,17,22,0.56,0,FR1
2024-07-28 19:01:00,5,3.8,,FR1,Poke,Left,27,17,22,,0,FR1
2024-07-28 19:01:02,5,3.8,1.0,FR1,Pellet,Left,27,17,23,1.01,0,FR1
2024-07-28 19:01:40,5,3.8,,FR1,Poke,Left,28,17,23,,0,FR1
2024-07-28 19:01:41,5,3.8,,FR1,Poke,Left,29,17,23,,0,FR1
2024-07-28 19:01:45,5,3.8,2.0,FR1,Pellet,Left,29,17,24,1.2,0,FR1
2024-07-28 19:02:08,5,3.8,,FR1,Poke,Left,30,17,24,,0,FR1
2024-07-28 19:02:09,5,3.8,1.0,FR1,Pellet,Left,30,17,25,0.25,0,FR1
2024-07-28 19:02:40,5,3.81,,FR1,Poke,Left,31,17,25,,0,FR1
2024-07-28 19:02:41,5,3.8,,FR1,Poke,Left,32,17,25,,0,FR1
2024-07-28 19:02:44,5,3.8,1.0,FR1,Pellet,Left,32,17,26,2.72,0,FR1
2024-07-28 19:03:06,5,3.8,,FR1,Poke,Left,33,17,26,,0,FR1
2024-07-28 19:03:07,5,3.8,,FR1,Poke,Left,34,17,26,,0,FR1
2024-07-28 19:03:08,5,3.81,,FR1,Poke,Left,35,17,26,,0,FR1
2024-07-28 19:03:10,5,3.8,1.0,FR1,Pellet,Left,35,17,27,2.22,0,FR1
2024-07-28 19:03:35,5,3.8,,FR1,Poke,Left,36,17,27,,0,FR1
2024-07-28 19:03:38,5,3.8,2.0,FR1,Pellet,Left,36,17,28,2.02,0,FR1
2024-07-28 19:04:16,5,3.8,,FR1,Poke,Left,37,17,28,,0,FR1
2024-07-28 19:04:18,5,3.8,2.0,FR1,Pellet,Left,37,17,29,0.5,0,FR1
2024-07-28 19:04:52,5,3.81,,FR1,Poke,Left,38,17,29,,0,FR1
2024-07-28 19:04:56,5,3.8,3.0,FR1,Pellet,Left,38,17,30,1.26,0,FR1
2024-07-28 19:06:34,5,3.81,,FR1,Poke,Left,39,17,30,,0,FR1
2024-07-28 19:06:34,5,3.8,,FR1,Poke,Left,40,17,30,,0,FR1
2024-07-28 19:06:38,5,3.8,2.0,FR1,Pellet,Left,40,17,31,0.31,0,FR1
2024-07-28 19:07:07,5,3.8,,FR1,Poke,Left,41,17,31,,0,FR1
2024-07-28 19:07:08,5,3.8,1.0,FR1,Pellet,Left,41,17,32,0.94,0,FR1
2024-07-28 19:08:34,5,3.8,,FR1,Poke,Left,42,17,32,,0,FR1
2024-07-28 19:08:35,5,3.8,,FR1,Poke,Left,43,17,32,,0,FR1
2024-07-28 19:08:41,5,3.8,3.0,FR1,Pellet,Left,43,17,33,2.66,0,FR1
2024-07-28 19:21:00,5,3.8,,FR1,Poke,Left,44,17,33,,0,FR1
2024-07-28 19:21:01,5,3.8,2.0,FR1,Pellet,Left,44,17,34,0.25,0,FR1
2024-07-28 19:21:21,5,3.8,,FR1,Poke,Left,45,17,34,,0,FR1
2024-07-28 19:21:23,5,3.8,2.0,FR1,Pellet,Left,45,17,35,0.75,0,FR1
2024-07-28 19:21:52,5,3.8,,FR1,Poke,Left,46,17,35,,0,FR1
2024-07-28 19:21:53,5,3.8,,FR1,Poke,Left,47,17,35,,0,FR1
2024-07-28 19:21:54,5,3.8,1.0,FR1,Pellet,Left,47,17,36,1.26,0,FR1
2024-07-28 19:22:20,5,3.8,,FR1,Poke,Left,48,17,36,,0,FR1
2024-07-28 19:22:21,5,3.8,1.0,FR1,Pellet,Left,48,17,37,0.82,0,FR1
2024-07-28 19:22:44,5,3.8,,FR1,Poke,Left,49,17,37,,0,FR1
2024-07-28 19:22:46,5,3.8,1.0,FR1,Pellet,Left,49,17,38,0.5,0,FR1
2024-07-28 19:28:53,5,3.8,,FR1,Poke,Left,50,17,38,,0,FR1
2024-07-28 19:28:55,5,3.8,1.0,FR1,Pellet,Left,50,17,39,0.69,0,FR1
2024-07-28 19:29:19,5,3.8,,FR1,Poke,Left,51,17,39,,0,FR1
2024-07-28 19:29:22,5,3.81,2.0,FR1,Pellet,Left,51,17,40,0.5,0,FR1
2024-07-28 19:30:02,5,3.8,,FR1,Poke,Left,52,17,40,,0,FR1
2024-07-28 19:30:03,5,3.8,1.0,FR1,Pellet,Left,52,17,41,1.01,0,FR1
2024-07-28 19:39:50,5,3.8,,FR1,Poke,Left,53,17,41,,0,FR1
2024-07-28 19:39:51,5,3.8,1.0,FR1,Pellet,Left,53,17,42,0.37,0,FR1
2024-07-28 19:40:13,5,3.8,,FR1,Poke,Left,54,17,42,,0,FR1
2024-07-28 19:40:14,5,3.8,1.0,FR1,Pellet,Left,54,17,43,0.75,0,FR1
2024-07-28 19:40:49,5,3.8,,FR1,Poke,Left,55,17,43,,0,FR1
2024-07-28 19:40:51,5,3.8,1.0,FR1,Pellet,Left,55,17,44,1.01,0,FR1
2024-07-28 19:46:51,5,3.8,,FR1,Poke,Left,55,18,44,,0,FR1
2024-07-28 19:50:48,5,3.8,,FR1,Poke,Left,56,18,44,,0,FR1
2024-07-28 19:50:50,5,3.8,1.0,FR1,Pellet,Left,56,18,45,1.26,0,FR1
2024-07-28 19:51:52,5,3.8,,FR1,Poke,Left,56,19,45,,0,FR1
2024-07-28 20:04:08,5,3.81,,FR1,Poke,Left,57,19,45,,0,FR1
2024-07-28 20:04:10,5,3.8,1.0,FR1,Pellet,Left,57,19,46,0.88,0,FR1
2024-07-28 20:04:58,5,3.8,,FR1,Poke,Left,58,19,46,,0,FR1
2024-07-28 20:05:00,5,3.8,1.0,FR1,Pellet,Left,58,19,47,1.45,0,FR1
2024-07-28 20:15:22,5,3.8,,FR1,Poke,Left,59,19,47,,0,FR1
2024-07-28 20:15:23,5,3.8,1.0,FR1,Pellet,Left,59,19,48,0.44,0,FR1
2024-07-28 20:15:52,5,3.8,,FR1,Poke,Left,60,19,48,,0,FR1
2024-07-28 20:15:53,5,3.8,,FR1,Poke,Left,61,19,48,,0,FR1
2024-07-28 20:15:56,5,3.8,2.0,FR1,Pellet,Left,61,19,49,0.63,0,FR1
2024-07-28 20:16:28,5,3.8,,FR1,Poke,Left,62,19,49,,0,FR1
2024-07-28 20:16:31,5,3.8,1.0,FR1,Pellet,Left,62,19,50,1.58,0,FR1
2024-07-28 20:17:07,5,3.8,,FR1,Poke,Left,63,19,50,,0,FR1
2024-07-28 20:17:08,5,3.8,1.0,FR1,Pellet,Left,63,19,51,0.63,0,FR1
2024-07-28 20:22:49,5,3.8,,FR1,Poke,Left,64,19,51,,0,FR1
2024-07-28 20:22:50,5,3.8,1.0,FR1,Pellet,Left,64,19,52,0.44,0,FR1
2024-07-28 20:23:18,5,3.8,,FR1,Poke,Left,65,19,52,,0,FR1
2024-07-28 20:23:19,5,3.8,,FR1,Poke,Left,66,19,52,,0,FR1
2024-07-28 20:23:20,5,3.8,1.0,FR1,Pellet,Left,66,19,53,0.95,0,FR1
2024-07-28 20:24:27,5,3.8,,FR1,Poke,Left,67,19,53,,0,FR1
2024-07-28 20:24:29,5,3.8,2.0,FR1,Pellet,Left,67,19,54,0.5,0,FR1
2024-07-28 20:25:02,5,3.8,,FR1,Poke,Left,68,19,54,,0,FR1
2024-07-28 20:25:04,5,3.8,2.0,FR1,Pellet,Left,68,19,55,0.82,0,FR1
2024-07-28 20:35:17,5,3.8,,FR1,Poke,Left,69,19,55,,0,FR1
2024-07-28 20:35:19,5,3.8,1.0,FR1,Pellet,Left,69,19,56,0.95,0,FR1
2024-07-28 20:35:39,5,3.8,,FR1,Poke,Left,70,19,56,,0,FR1
2024-07-28 20:35:39,5,3.8,,FR1,Poke,Left,71,19,56,,0,FR1
2024-07-28 20:35:40,5,3.8,,FR1,Poke,Left,72,19,56,,0,FR1
2024-07-28 20:35:45,5,3.8,2.0,FR1,Pellet,Left,72,19,57,2.53,0,FR1
2024-07-28 20:36:07,5,3.8,,FR1,Poke,Left,73,19,57,,0,FR1
2024-07-28 20:36:09,5,3.8,1.0,FR1,Pellet,Left,73,19,58,1.45,0,FR1
2024-07-28 20:36:46,5,3.8,,FR1,Poke,Left,74,19,58,,0,FR1
2024-07-28 20:36:46,5,3.8,,FR1,Poke,Left,75,19,58,,0,FR1
2024-07-28 20:36:47,5,3.8,,FR1,Poke,Left,76,19,58,,0,FR1
2024-07-28 20:36:50,5,3.8,2.0,FR1,Pellet,Left,76,19,59,0.37,0,FR1
2024-07-28 20:47:06,5,3.8,,FR1,Poke,Left,77,19,59,,0,FR1
2024-07-28 20:47:07,5,3.8,1.0,FR1,Pellet,Left,77,19,60,0.25,0,FR1
2024-07-28 20:47:29,5,3.8,,FR1,Poke,Left,78,19,60,,0,FR1
2024-07-28 20:47:31,5,3.8,2.0,FR1,Pellet,Left,78,19,61,0.44,0,FR1
2024-07-28 20:48:04,5,3.8,,FR1,Poke,Left,79,19,61,,0,FR1
2024-07-28 20:48:04,5,3.8,,FR1,Poke,Left,80,19,61,,0,FR1
2024-07-28 20:48:08,5,3.8,2.0,FR1,Pellet,Left,80,19,62,0.5,0,FR1
2024-07-28 20:55:54,5,3.8,,FR1,Poke,Left,81,19,62,,0,FR1
2024-07-28 20:55:56,5,3.8,1.0,FR1,Pellet,Left,81,19,63,1.07,0,FR1
2024-07-28 20:56:29,5,3.8,,FR1,Poke,Left,82,19,63,,0,FR1
2024-07-28 20:56:30,5,3.8,1.0,FR1,Pellet,Left,82,19,64,0.31,0,FR1
2024-07-28 21:11:40,5,3.79,,FR1,Poke,Left,83,19,64,,0,FR1
2024-07-28 21:11:43,5,3.8,1.0,FR1,Pellet,Left,83,19,65,1.89,0,FR1
2024-07-28 21:12:10,5,3.8,,FR1,Poke,Left,84,19,65,,0,FR1
2024-07-28 21:12:11,5,3.8,1.0,FR1,Pellet,Left,84,19,66,0.37,0,FR1
2024-07-28 21:12:55,5,3.8,,FR1,Poke,Left,85,19,66,,0,FR1
2024-07-28 21:12:59,5,3.8,1.0,FR1,Pellet,Left,85,19,67,2.47,0,FR1
2024-07-28 21:24:35,5,3.8,,FR1,Poke,Left,86,19,67,,0,FR1
2024-07-28 21:24:36,5,3.8,1.0,FR1,Pellet,Left,86,19,68,0.44,0,FR1
2024-07-28 21:24:58,5,3.8,,FR1,Poke,Left,87,19,68,,0,FR1
2024-07-28 21:24:59,5,3.8,,FR1,Poke,Left,88,19,68,,0,FR1
2024-07-28 21:25:05,5,3.8,3.0,FR1,Pellet,Left,88,19,69,1.26,0,FR1
2024-07-28 21:25:43,5,3.8,,FR1,Poke,Left,89,19,69,,0,FR1
2024-07-28 21:25:45,5,3.8,1.0,FR1,Pellet,Left,89,19,70,1.32,0,FR1
2024-07-28 21:26:08,5,3.8,,FR1,Poke,Left,90,19,70,,0,FR1
2024-07-28 21:26:10,5,3.8,1.0,FR1,Pellet,Left,90,19,71,1.13,0,FR1
2024-07-28 21:26:35,5,3.8,,FR1,Poke,Left,91,19,71,,0,FR1
2024-07-28 21:26:38,5,3.8,1.0,FR1,Pellet,Left,91,19,72,2.59,0,FR1
2024-07-28 21:27:12,5,3.8,,FR1,Poke,Left,92,19,72,,0,FR1
2024-07-28 21:27:14,5,3.8,1.0,FR1,Pellet,Left,92,19,73,0.82,0,FR1
2024-07-28 21:35:59,5,3.8,,FR1,Poke,Left,93,19,73,,0,FR1
2024-07-28 21:36:00,5,3.8,1.0,FR1,Pellet,Left,93,19,74,0.31,0,FR1
2024-07-28 21:43:44,5,3.8,,FR1,Poke,Left,94,19,74,,0,FR1
2024-07-28 21:43:48,5,3.8,2.0,FR1,Pellet,Left,94,19,75,1.01,0,FR1
2024-07-28 21:54:03,5,3.8,,FR1,Poke,Left,95,19,75,,0,FR1
2024-07-28 21:54:04,5,3.8,1.0,FR1,Pellet,Left,95,19,76,0.31,0,FR1
2024-07-28 22:02:15,5,3.8,,FR1,Poke,Left,96,19,76,,0,FR1
2024-07-28 22:02:37,5,3.8,2.0,FR1,Pellet,Left,96,19,77,19.14,0,FR1
2024-07-28 22:03:05,5,3.8,,FR1,Poke,Left,97,19,77,,0,FR1
2024-07-28 22:03:07,5,3.79,1.0,FR1,Pellet,Left,97,19,78,0.37,0,FR1
2024-07-28 22:03:48,5,3.8,,FR1,Poke,Left,98,19,78,,0,FR1
2024-07-28 22:03:51,5,3.8,1.0,FR1,Pellet,Left,98,19,79,1.64,0,FR1
2024-07-28 22:04:15,5,3.8,,FR1,Poke,Left,99,19,79,,0,FR1
2024-07-28 22:04:17,5,3.8,1.0,FR1,Pellet,Left,99,19,80,0.63,0,FR1
2024-07-28 22:04:46,5,3.8,,FR1,Poke,Left,100,19,80,,0,FR1
2024-07-28 22:04:50,5,3.8,2.0,FR1,Pellet,Left,100,19,81,1.2,0,FR1
2024-07-28 22:15:55,5,3.8,,FR1,Poke,Left,101,19,81,,0,FR1
2024-07-28 22:15:58,5,3.8,1.0,FR1,Pellet,Left,101,19,82,1.58,0,FR1
2024-07-28 22:22:46,5,3.8,,FR1,Poke,Left,102,19,82,,0,FR1
2024-07-28 22:22:48,5,3.8,1.0,FR1,Pellet,Left,102,19,83,0.88,0,FR1
2024-07-28 22:23:39,5,3.79,,FR1,Poke,Left,103,19,83,,0,FR1
2024-07-28 22:23:44,5,3.8,1.0,FR1,Pellet,Left,103,19,84,3.99,0,FR1
2024-07-28 22:24:10,5,3.8,,FR1,Poke,Left,104,19,84,,0,FR1
2024-07-28 22:24:12,5,3.8,1.0,FR1,Pellet,Left,104,19,85,1.2,0,FR1
2024-07-28 22:33:04,5,3.8,,FR1,Poke,Left,105,19,85,,0,FR1
2024-07-28 22:33:06,5,3.8,1.0,FR1,Pellet,Left,105,19,86,1.39,0,FR1
2024-07-28 22:34:55,5,3.8,,FR1,Poke,Left,106,19,86,,0,FR1
2024-07-28 22:34:58,5,3.8,2.0,FR1,Pellet,Left,106,19,87,0.37,0,FR1
2024-07-28 22:45:26,5,3.8,,FR1,Poke,Left,107,19,87,,0,FR1
2024-07-28 22:45:28,5,3.8,1.0,FR1,Pellet,Left,107,19,88,1.45,0,FR1
2024-07-28 22:45:57,5,3.8,,FR1,Poke,Left,108,19,88,,0,FR1
2024-07-28 22:45:58,5,3.8,1.0,FR1,Pellet,Left,108,19,89,0.56,0,FR1
2024-07-28 22:55:49,5,3.8,,FR1,Poke,Left,109,19,89,,0,FR1
2024-07-28 22:55:50,5,3.8,1.0,FR1,Pellet,Left,109,19,90,0.44,0,FR1
2024-07-28 22:56:07,5,3.8,,FR1,Poke,Left,110,19,90,,0,FR1
2024-07-28 22:56:10,5,3.8,2.0,FR1,Pellet,Left,110,19,91,0.31,0,FR1
2024-07-28 22:56:44,5,3.8,,FR1,Poke,Left,111,19,91,,0,FR1
2024-07-28 22:56:45,5,3.8,1.0,FR1,Pellet,Left,111,19,92,0.63,0,FR1
2024-07-28 22:57:09,5,3.8,,FR1,Poke,Left,112,19,92,,0,FR1
2024-07-28 22:57:11,5,3.8,1.0,FR1,Pellet,Left,112,19,93,0.63,0,FR1
2024-07-28 22:57:32,5,3.8,,FR1,Poke,Left,113,19,93,,0,FR1
2024-07-28 22:57:33,5,3.8,,FR1,Poke,Left,114,19,93,,0,FR1
2024-07-28 22:57:36,5,3.79,2.0,FR1,Pellet,Left,114,19,94,0.31,0,FR1
2024-07-28 22:58:04,5,3.8,,FR1,Poke,Left,115,19,94,,0,FR1
2024-07-28 22:58:06,5,3.8,1.0,FR1,Pellet,Left,115,19,95,1.07,0,FR1
2024-07-28 23:25:56,5,3.8,,FR1,Poke,Left,116,19,95,,0,FR1
2024-07-28 23:25:57,5,3.79,1.0,FR1,Pellet,Left,116,19,96,0.25,0,FR1
2024-07-28 23:35:33,5,3.8,,FR1,Poke,Left,117,19,96,,0,FR1
2024-07-28 23:35:34,5,3.79,1.0,FR1,Pellet,Left,117,19,97,0.31,0,FR1
2024-07-28 23:35:52,5,3.79,,FR1,Poke,Left,118,19,97,,0,FR1
2024-07-28 23:35:55,5,3.8,2.0,FR1,Pellet,Left,118,19,98,0.5,0,FR1
2024-07-28 23:36:21,5,3.8,,FR1,Poke,Left,119,19,98,,0,FR1
2024-07-28 23:36:23,5,3.8,1.0,FR1,Pellet,Left,119,19,99,0.82,0,FR1
2024-07-28 23:37:01,5,3.8,,FR1,Poke,Left,120,19,99,,0,FR1
2024-07-28 23:37:02,5,3.8,1.0,FR1,Pellet,Left,120,19,100,0.94,0,FR1
2024-07-28 23:37:23,5,3.8,,FR1,Poke,Left,121,19,100,,0,FR1
2024-07-28 23:37:25,5,3.8,1.0,FR1,Pellet,Left,121,19,101,1.13,0,FR1
2024-07-28 23:59:25,5,3.79,,FR1,Poke,Left,122,19,101,,0,FR1
2024-07-28 23:59:28,5,3.79,2.0,FR1,Pellet,Left,122,19,102,2.27,0,FR1
2024-07-29 00:05:56,5,3.79,,FR1,Poke,Left,123,19,102,,0,FR1
2024-07-29 00:05:58,5,3.79,1.0,FR1,Pellet,Left,123,19,103,1.26,0,FR1
2024-07-29 00:18:25,5,3.79,,FR1,Poke,Left,124,19,103,,0,FR1
2024-07-29 00:18:27,5,3.79,1.0,FR1,Pellet,Left,124,19,104,0.63,0,FR1
2024-07-29 00:31:17,5,3.79,,FR1,Poke,Left,125,19,104,,0,FR1
2024-07-29 00:31:20,5,3.79,2.0,FR1,Pellet,Left,125,19,105,1.83,0,FR1
2024-07-29 00:38:09,5,3.79,,FR1,Poke,Left,126,19,105,,0,FR1
2024-07-29 00:38:10,5,3.8,1.0,FR1,Pellet,Left,126,19,106,0.44,0,FR1
2024-07-29 00:39:24,5,3.79,,FR1,Poke,Left,127,19,106,,0,FR1
2024-07-29 00:39:25,5,3.79,1.0,FR1,Pellet,Left,127,19,107,0.5,0,FR1
2024-07-29 00:39:55,5,3.8,,FR1,Poke,Left,128,19,107,,0,FR1
2024-07-29 00:39:58,5,3.79,1.0,FR1,Pellet,Left,128,19,108,2.02,0,FR1
2024-07-29 00:40:31,5,3.8,,FR1,Poke,Left,129,19,108,,0,FR1
2024-07-29 00:40:33,5,3.79,1.0,FR1,Pellet,Left,129,19,109,0.56,0,FR1
2024-07-29 01:07:34,5,3.79,,FR1,Poke,Left,130,19,109,,0,FR1
2024-07-29 01:07:35,5,3.79,1.0,FR1,Pellet,Left,130,19,110,0.63,0,FR1
2024-07-29 01:08:15,5,3.79,,FR1,Poke,Left,131,19,110,,0,FR1
2024-07-29 01:08:17,5,3.8,2.0,FR1,Pellet,Left,131,19,111,1.01,0,FR1
2024-07-29 01:10:40,5,3.8,,FR1,Poke,Left,131,20,111,,0,FR1
2024-07-29 01:11:13,5,3.79,,FR1,Poke,Left,132,20,111,,0,FR1
2024-07-29 01:11:17,5,3.79,3.0,FR1,Pellet,Left,132,20,112,0.82,0,FR1
2024-07-29 01:18:36,5,3.8,,FR1,Poke,Left,133,20,112,,0,FR1
2024-07-29 01:18:39,5,3.79,3.0,FR1,Pellet,Left,133,20,113,0.5,0,FR1
2024-07-29 01:22:06,5,3.79,,FR1,Poke,Left,134,20,113,,0,FR1
2024-07-29 01:22:07,5,3.79,2.0,FR1,Pellet,Left,134,20,114,0.44,0,FR1
2024-07-29 01:26:38,5,3.79,,FR1,Poke,Left,135,20,114,,0,FR1
2024-07-29 01:26:39,5,3.79,1.0,FR1,Pellet,Left,135,20,115,0.56,0,FR1
2024-07-29 01:30:18,5,3.78,,FR1,Poke,Left,136,20,115,,0,FR1
2024-07-29 01:30:20,5,3.79,1.0,FR1,Pellet,Left,136,20,116,0.82,0,FR1
2024-07-29 01:30:43,5,3.79,,FR1,Poke,Left,137,20,116,,0,FR1
2024-07-29 01:30:44,5,3.79,1.0,FR1,Pellet,Left,137,20,117,0.44,0,FR1
2024-07-29 01:34:41,5,3.79,,FR1,Poke,Left,138,20,117,,0,FR1
2024-07-29 01:34:42,5,3.79,1.0,FR1,Pellet,Left,138,20,118,0.56,0,FR1
2024-07-29 01:39:39,5,3.79,,FR1,Poke,Left,138,21,118,,0,FR1
2024-07-29 01:39:45,5,3.79,,FR1,Poke,Left,139,21,118,,0,FR1
2024-07-29 01:39:46,5,3.79,1.0,FR1,Pellet,Left,139,21,119,0.56,0,FR1
2024-07-29 01:40:12,5,3.79,,FR1,Poke,Left,140,21,119,,0,FR1
2024-07-29 01:40:13,5,3.79,1.0,FR1,Pellet,Left,140,21,120,0.19,0,FR1
2024-07-29 01:53:26,5,3.78,,FR1,Poke,Left,141,21,120,,0,FR1
2024-07-29 01:53:30,5,3.79,2.0,FR1,Pellet,Left,141,21,121,0.82,0,FR1
2024-07-29 03:05:32,5,3.78,,FR1,Poke,Left,142,21,121,,0,FR1
2024-07-29 03:05:34,5,3.78,1.0,FR1,Pellet,Left,142,21,122,1.45,0,FR1
2024-07-29 03:06:46,5,3.79,,FR1,Poke,Left,143,21,122,,0,FR1
2024-07-29 03:06:46,5,3.79,,FR1,Poke,Left,144,21,122,,0,FR1
2024-07-29 03:06:50,5,3.79,2.0,FR1,Pellet,Left,144,21,123,1.58,0,FR1
2024-07-29 03:07:08,5,3.79,,FR1,Poke,Left,145,21,123,,0,FR1
2024-07-29 03:07:10,5,3.78,1.0,FR1,Pellet,Left,145,21,124,0.69,0,FR1
2024-07-29 03:07:32,5,3.78,,FR1,Poke,Left,146,21,124,,0,FR1
2024-07-29 03:07:34,5,3.79,1.0,FR1,Pellet,Left,146,21,125,0.69,0,FR1
2024-07-29 03:08:01,5,3.79,,FR1,Poke,Left,147,21,125,,0,FR1
2024-07-29 03:08:03,5,3.78,1.0,FR1,Pellet,Left,147,21,126,1.01,0,FR1
2024-07-29 03:08:23,5,3.79,,FR1,Poke,Left,148,21,126,,0,FR1
2024-07-29 03:08:24,5,3.78,1.0,FR1,Pellet,Left,148,21,127,0.69,0,FR1
2024-07-29 03:08:48,5,3.78,,FR1,Poke,Left,149,21,127,,0,FR1
2024-07-29 03:08:50,5,3.78,1.0,FR1,Pellet,Left,149,21,128,0.94,0,FR1
2024-07-29 03:09:17,5,3.79,,FR1,Poke,Left,150,21,128,,0,FR1
2024-07-29 03:09:19,5,3.78,1.0,FR1,Pellet,Left,150,21,129,1.26,0,FR1
2024-07-29 03:09:47,5,3.79,,FR1,Poke,Left,151,21,129,,0,FR1
2024-07-29 03:09:47,5,3.78,,FR1,Poke,Left,152,21,129,,0,FR1
2024-07-29 03:09:51,5,3.79,3.0,FR1,Pellet,Left,152,21,130,0.44,0,FR1
2024-07-29 03:10:17,5,3.78,,FR1,Poke,Left,153,21,130,,0,FR1
2024-07-29 03:10:19,5,3.78,2.0,FR1,Pellet,Left,153,21,131,0.88,0,FR1
2024-07-29 03:10:43,5,3.79,,FR1,Poke,Left,154,21,131,,0,FR1
2024-07-29 03:10:46,5,3.79,2.0,FR1,Pellet,Left,154,21,132,1.96,0,FR1
2024-07-29 04:01:43,5,3.79,,FR1,Poke,Left,155,21,132,,0,FR1
2024-07-29 04:01:45,5,3.78,2.0,FR1,Pellet,Left,155,21,133,0.56,0,FR1
2024-07-29 04:02:24,5,3.79,,FR1,Poke,Left,156,21,133,,0,FR1
2024-07-29 04:02:25,5,3.78,1.0,FR1,Pellet,Left,156,21,134,1.13,0,FR1
2024-07-29 04:02:58,5,3.78,,FR1,Poke,Left,157,21,134,,0,FR1
2024-07-29 04:03:10,5,3.78,2.0,FR1,Pellet,Left,157,21,135,9.58,0,FR1
2024-07-29 04:06:13,5,3.78,,FR1,Poke,Left,158,21,135,,0,FR1
2024-07-29 04:06:15,5,3.78,2.0,FR1,Pellet,Left,158,21,136,1.13,0,FR1
2024-07-29 04:07:11,5,3.78,,FR1,Poke,Left,159,21,136,,0,FR1
2024-07-29 04:07:12,5,3.78,1.0,FR1,Pellet,Left,159,21,137,0.82,0,FR1
2024-07-29 04:15:23,5,3.78,,FR1,Poke,Left,160,21,137,,0,FR1
2024-07-29 04:15:25,5,3.78,1.0,FR1,Pellet,Left,160,21,138,1.51,0,FR1
2024-07-29 04:16:08,5,3.78,,FR1,Poke,Left,161,21,138,,0,FR1
2024-07-29 04:16:09,5,3.78,1.0,FR1,Pellet,Left,161,21,139,0.31,0,FR1
2024-07-29 04:16:27,5,3.78,,FR1,Poke,Left,162,21,139,,0,FR1
2024-07-29 04:16:28,5,3.78,1.0,FR1,Pellet,Left,162,21,140,0.69,0,FR1
2024-07-29 04:16:56,5,3.78,,FR1,Poke,Left,163,21,140,,0,FR1
2024-07-29 04:16:58,5,3.78,2.0,FR1,Pellet,Left,163,21,141,0.69,0,FR1
2024-07-29 04:25:05,5,3.79,,FR1,Poke,Left,164,21,141,,0,FR1
2024-07-29 04:25:08,5,3.78,2.0,FR1,Pellet,Left,164,21,142,0.56,0,FR1
2024-07-29 04:25:44,5,3.78,,FR1,Poke,Left,165,21,142,,0,FR1
2024-07-29 04:25:45,5,3.78,1.0,FR1,Pellet,Left,165,21,143,0.31,0,FR1
2024-07-29 04:26:08,5,3.78,,FR1,Poke,Left,166,21,143,,0,FR1
2024-07-29 04:26:09,5,3.79,1.0,FR1,Pellet,Left,166,21,144,0.56,0,FR1
2024-07-29 04:26:33,5,3.78,,FR1,Poke,Left,167,21,144,,0,FR1
2024-07-29 04:26:37,5,3.78,2.0,FR1,Pellet,Left,167,21,145,0.75,0,FR1
2024-07-29 04:37:36,5,3.78,,FR1,Poke,Left,168,21,145,,0,FR1
2024-07-29 04:37:38,5,3.78,2.0,FR1,Pellet,Left,168,21,146,0.82,0,FR1
2024-07-29 04:38:09,5,3.78,,FR1,Poke,Left,169,21,146,,0,FR1
2024-07-29 04:38:10,5,3.78,1.0,FR1,Pellet,Left,169,21,147,0.69,0,FR1
2024-07-29 04:38:34,5,3.78,,FR1,Poke,Left,170,21,147,,0,FR1
2024-07-29 04:38:35,5,3.78,1.0,FR1,Pellet,Left,170,21,148,0.31,0,FR1
2024-07-29 04:39:02,5,3.78,,FR1,Poke,Left,171,21,148,,0,FR1
2024-07-29 04:39:07,5,3.78,3.0,FR1,Pellet,Left,171,21,149,0.44,0,FR1
2024-07-29 04:39:32,5,3.78,,FR1,Poke,Left,172,21,149,,0,FR1
2024-07-29 04:39:33,5,3.78,1.0,FR1,Pellet,Left,172,21,150,0.25,0,FR1
2024-07-29 04:40:08,5,3.78,,FR1,Poke,Left,173,21,150,,0,FR1
2024-07-29 04:40:09,5,3.78,1.0,FR1,Pellet,Left,173,21,151,0.37,0,FR1
2024-07-29 04:42:04,5,3.78,,FR1,Poke,Left,174,21,151,,0,FR1
2024-07-29 04:42:06,5,3.78,1.0,FR1,Pellet,Left,174,21,152,0.94,0,FR1
2024-07-29 04:42:33,5,3.78,,FR1,Poke,Left,175,21,152,,0,FR1
2024-07-29 04:42:34,5,3.78,1.0,FR1,Pellet,Left,175,21,153,0.44,0,FR1
2024-07-29 04:45:28,5,3.78,,FR1,Poke,Left,176,21,153,,0,FR1
2024-07-29 04:45:29,5,3.78,1.0,FR1,Pellet,Left,176,21,154,0.25,0,FR1
2024-07-29 04:45:52,5,3.78,,FR1,Poke,Left,177,21,154,,0,FR1
2024-07-29 04:45:53,5,3.78,,FR1,Poke,Left,178,21,154,,0,FR1
2024-07-29 04:45:55,5,3.78,1.0,FR1,Pellet,Left,178,21,155,1.39,0,FR1
2024-07-29 05:40:18,5,3.78,,FR1,Poke,Left,179,21,155,,0,FR1
2024-07-29 05:40:19,5,3.78,2.0,FR1,Pellet,Left,179,21,156,0.12,0,FR1
2024-07-29 05:45:48,5,3.78,,FR1,Poke,Left,180,21,156,,0,FR1
2024-07-29 05:45:50,5,3.78,2.0,FR1,Pellet,Left,180,21,157,1.39,0,FR1
2024-07-29 05:47:36,5,3.78,,FR1,Poke,Left,181,21,157,,0,FR1
2024-07-29 05:47:40,5,3.78,3.0,FR1,Pellet,Left,181,21,158,0.63,0,FR1
2024-07-29 05:47:59,5,3.78,,FR1,Poke,Left,182,21,158,,0,FR1
2024-07-29 05:48:01,5,3.78,2.0,FR1,Pellet,Left,182,21,159,1.01,0,FR1
2024-07-29 05:48:42,5,3.78,,FR1,Poke,Left,183,21,159,,0,FR1
2024-07-29 05:48:43,5,3.78,2.0,FR1,Pellet,Left,183,21,160,0.25,0,FR1
2024-07-29 06:01:07,5,3.78,,FR1,Poke,Left,184,21,160,,0,FR1
2024-07-29 06:01:09,5,3.78,2.0,FR1,Pellet,Left,184,21,161,0.31,0,FR1
2024-07-29 07:15:27,5,3.78,,FR1,Poke,Left,185,21,161,,0,FR1
2024-07-29 07:15:29,5,3.78,1.0,FR1,Pellet,Left,185,21,162,0.63,0,FR1
2024-07-29 07:22:54,5,3.78,,FR1,Poke,Left,185,22,162,,0,FR1
2024-07-29 07:22:55,5,3.78,,FR1,Poke,Left,185,23,162,,0,FR1
2024-07-29 07:22:57,5,3.78,,FR1,Poke,Left,185,24,162,,0,FR1
2024-07-29 07:23:05,5,3.78,,FR1,Poke,Left,186,24,162,,0,FR1
2024-07-29 07:23:06,5,3.78,1.0,FR1,Pellet,Left,186,24,163,0.31,0,FR1
2024-07-29 07:23:34,5,3.78,,FR1,Poke,Left,187,24,163,,0,FR1
2024-07-29 07:23:36,5,3.78,2.0,FR1,Pellet,Left,187,24,164,0.69,0,FR1
2024-07-29 07:23:56,5,3.78,,FR1,Poke,Left,188,24,164,,0,FR1
2024-07-29 07:23:59,5,3.78,2.0,FR1,Pellet,Left,188,24,165,1.77,0,FR1
2024-07-29 10:24:34,5,3.77,,FR1,Poke,Left,189,24,165,,0,FR1
2024-07-29 10:24:37,5,3.77,1.0,FR1,Pellet,Left,189,24,166,2.02,0,FR1
2024-07-29 10:25:21,5,3.78,,FR1,Poke,Left,190,24,166,,0,FR1
2024-07-29 10:25:23,5,3.77,1.0,FR1,Pellet,Left,190,24,167,1.01,0,FR1
2024-07-29 10:25:46,5,3.77,,FR1,Poke,Left,191,24,167,,0,FR1
2024-07-29 10:25:47,5,3.77,1.0,FR1,Pellet,Left,191,24,168,0.69,0,FR1
2024-07-29 10:26:15,5,3.77,,FR1,Poke,Left,192,24,168,,0,FR1
2024-07-29 10:26:16,5,3.77,1.0,FR1,Pellet,Left,192,24,169,0.44,0,FR1
2024-07-29 10:26:47,5,3.77,,FR1,Poke,Left,193,24,169,,0,FR1
2024-07-29 10:26:48,5,3.77,1.0,FR1,Pellet,Left,193,24,170,0.25,0,FR1
2024-07-29 12:32:58,5,3.76,,FR1,Poke,Left,194,24,170,,0,FR1
2024-07-29 12:32:59,5,3.77,1.0,FR1,Pellet,Left,194,24,171,0.56,0,FR1
2024-07-29 12:33:32,5,3.76,,FR1,Poke,Left,195,24,171,,0,FR1
2024-07-29 12:33:34,5,3.77,1.0,FR1,Pellet,Left,195,24,172,1.13,0,FR1
2024-07-29 12:33:58,5,3.77,,FR1,Poke,Left,195,25,172,,0,FR1
2024-07-29 12:38:01,5,3.76,,FR1,Poke,Left,196,25,172,,0,FR1
2024-07-29 12:38:03,5,3.76,1.0,FR1,Pellet,Left,196,25,173,0.56,0,FR1
2024-07-29 12:43:12,5,3.76,,FR1,Poke,Left,196,26,173,,0,FR1
2024-07-29 12:47:18,5,3.76,,FR1,Poke,Left,197,26,173,,0,FR1
2024-07-29 12:47:20,5,3.76,1.0,FR1,Pellet,Left,197,26,174,0.37,0,FR1
2024-07-29 12:50:46,5,3.76,,FR1,Poke,Left,198,26,174,,0,FR1
2024-07-29 12:50:48,5,3.77,1.0,FR1,Pellet,Left,198,26,175,1.2,0,FR1
2024-07-29 12:51:31,5,3.77,,FR1,Poke,Left,199,26,175,,0,FR1
2024-07-29 12:51:35,5,3.76,2.0,FR1,Pellet,Left,199,26,176,0.44,0,FR1
2024-07-29 12:51:58,5,3.76,,FR1,Poke,Left,199,27,176,,0,FR1
2024-07-29 13:12:22,5,3.76,,FR1,Poke,Left,200,27,176,,0,FR1
2024-07-29 13:12:25,5,3.76,2.0,FR1,Pellet,Left,200,27,177,0.5,0,FR1
2024-07-29 13:12:52,5,3.76,,FR1,Poke,Left,200,28,177,,0,FR1
2024-07-29 13:13:21,5,3.76,,FR1,Poke,Left,201,28,177,,0,FR1
2024-07-29 13:13:23,5,3.76,2.0,FR1,Pellet,Left,201,28,178,0.37,0,FR1
2024-07-29 15:55:42,5,3.76,,FR1,Poke,Left,202,28,178,,0,FR1
2024-07-29 15:55:44,5,3.76,1.0,FR1,Pellet,Left,202,28,179,0.75,0,FR1
2024-07-29 16:59:46,5,3.76,,FR1,Poke,Left,203,28,179,,0,FR1
2024-07-29 16:59:48,5,3.75,1.0,FR1,Pellet,Left,203,28,180,0.5,0,FR1
2024-07-29 17:00:10,5,3.76,,FR1,Poke,Left,204,28,180,,0,FR1
2024-07-29 17:00:12,5,3.76,1.0,FR1,Pellet,Left,204,28,181,0.63,0,FR1
2024-07-29 17:00:47,5,3.76,,FR1,Poke,Left,204,29,181,,0,FR1
2024-07-29 17:00:50,5,3.75,,FR1,Poke,Left,205,29,181,,0,FR1
2024-07-29 17:00:51,5,3.76,1.0,FR1,Pellet,Left,205,29,182,0.44,0,FR1
2024-07-29 17:01:17,5,3.76,,FR1,Poke,Left,206,29,182,,0,FR1
2024-07-29 17:01:20,5,3.76,2.0,FR1,Pellet,Left,206,29,183,0.31,0,FR1
2024-07-29 17:50:19,5,3.76,,FR1,Poke,Left,207,29,183,,0,FR1
2024-07-29 17:50:20,5,3.75,1.0,FR1,Pellet,Left,207,29,184,0.63,0,FR1
2024-07-29 18:03:26,5,3.76,,FR1,Poke,Left,208,29,184,,0,FR1
2024-07-29 18:03:27,5,3.75,1.0,FR1,Pellet,Left,208,29,185,0.88,0,FR1
2024-07-29 18:03:45,5,3.76,,FR1,Poke,Left,209,29,185,,0,FR1
2024-07-29 18:03:47,5,3.76,1.0,FR1,Pellet,Left,209,29,186,0.56,0,FR1
2024-07-29 18:04:06,5,3.75,,FR1,Poke,Left,210,29,186,,0,FR1
2024-07-29 18:04:08,5,3.76,1.0,FR1,Pellet,Left,210,29,187,0.37,0,FR1
2024-07-29 18:04:30,5,3.76,,FR1,Poke,Left,211,29,187,,0,FR1
2024-07-29 18:04:31,5,3.76,1.0,FR1,Pellet,Left,211,29,188,0.31,0,FR1
2024-07-29 18:04:53,5,3.76,,FR1,Poke,Left,212,29,188,,0,FR1
2024-07-29 18:04:54,5,3.75,2.0,FR1,Pellet,Left,212,29,189,0.25,0,FR1
2024-07-29 18:18:45,5,3.75,,FR1,Poke,Left,213,29,189,,0,FR1
2024-07-29 18:18:46,5,3.76,1.0,FR1,Pellet,Left,213,29,190,0.5,0,FR1
2024-07-29 18:19:07,5,3.76,,FR1,Poke,Left,214,29,190,,0,FR1
2024-07-29 18:19:08,5,3.75,1.0,FR1,Pellet,Left,214,29,191,0.44,0,FR1
2024-07-29 18:19:25,5,3.76,,FR1,Poke,Left,215,29,191,,0,FR1
2024-07-29 18:19:27,5,3.76,1.0,FR1,Pellet,Left,215,29,192,0.75,0,FR1
2024-07-29 18:19:46,5,3.76,,FR1,Poke,Left,216,29,192,,0,FR1
2024-07-29 18:19:47,5,3.76,1.0,FR1,Pellet,Left,216,29,193,0.44,0,FR1
2024-07-29 18:20:06,5,3.76,,FR1,Poke,Left,217,29,193,,0,FR1
2024-07-29 18:20:07,5,3.76,1.0,FR1,Pellet,Left,217,29,194,0.69,0,FR1
2024-07-29 18:24:46,5,3.75,,FR1,Poke,Left,218,29,194,,0,FR1
2024-07-29 18:24:47,5,3.75,1.0,FR1,Pellet,Left,218,29,195,0.31,0,FR1
2024-07-29 18:25:07,5,3.76,,FR1,Poke,Left,219,29,195,,0,FR1
2024-07-29 18:25:09,5,3.76,1.0,FR1,Pellet,Left,219,29,196,0.56,0,FR1
2024-07-29 18:25:25,5,3.75,,FR1,Poke,Left,220,29,196,,0,FR1
2024-07-29 18:25:27,5,3.75,1.0,FR1,Pellet,Left,220,29,197,0.63,0,FR1
2024-07-29 18:25:52,5,3.75,,FR1,Poke,Left,221,29,197,,0,FR1
2024-07-29 18:25:54,5,3.75,1.0,FR1,Pellet,Left,221,29,198,1.07,0,FR1
2024-07-29 18:26:11,5,3.75,,FR1,Poke,Left,222,29,198,,0,FR1
2024-07-29 18:26:11,5,3.76,,FR1,Poke,Left,223,29,198,,0,FR1
2024-07-29 18:26:15,5,3.75,3.0,FR1,Pellet,Left,223,29,199,0.37,0,FR1
2024-07-29 18:26:39,5,3.76,,FR1,Poke,Left,224,29,199,,0,FR1
2024-07-29 18:26:40,5,3.75,1.0,FR1,Pellet,Left,224,29,200,0.44,0,FR1
2024-07-29 18:41:44,5,3.76,,FR1,Poke,Left,224,30,200,,0,FR1
2024-07-29 18:42:27,5,3.75,,FR1,Poke,Left,225,30,200,,0,FR1
2024-07-29 18:42:27,5,3.75,,FR1,Poke,Left,226,30,200,,0,FR1
2024-07-29 18:42:31,5,3.75,2.0,FR1,Pellet,Left,226,30,201,0.82,0,FR1
2024-07-29 18:46:57,5,3.75,,FR1,Poke,Left,226,31,201,,0,FR1
2024-07-29 18:46:59,5,3.75,,FR1,Poke,Left,226,32,201,,0,FR1
2024-07-29 18:47:40,5,3.76,,FR1,Poke,Left,227,32,201,,0,FR1
2024-07-29 18:47:41,5,3.75,2.0,FR1,Pellet,Left,227,32,202,0.19,0,FR1
2024-07-29 18:48:07,5,3.75,,FR1,Poke,Left,228,32,202,,0,FR1
2024-07-29 18:48:07,5,3.76,1.0,FR1,Pellet,Left,228,32,203,0.06,0,FR1
2024-07-29 19:01:59,5,3.75,,FR1,Poke,Left,229,32,203,,0,FR1
2024-07-29 19:02:00,5,3.76,1.0,FR1,Pellet,Left,229,32,204,0.37,0,FR1
2024-07-29 19:02:23,5,3.76,,FR1,Poke,Left,230,32,204,,0,FR1
2024-07-29 19:02:24,5,3.76,1.0,FR1,Pellet,Left,230,32,205,0.37,0,FR1
2024-07-29 19:03:44,5,3.76,,FR1,Poke,Left,231,32,205,,0,FR1
2024-07-29 19:03:48,5,3.75,2.0,FR1,Pellet,Left,231,32,206,0.69,0,FR1
2024-07-29 19:11:03,5,3.75,,FR1,Poke,Left,231,33,206,,0,FR1
2024-07-29 19:11:07,5,3.75,,FR1,Poke,Left,232,33,206,,0,FR1
2024-07-29 19:11:08,5,3.75,1.0,FR1,Pellet,Left,232,33,207,0.44,0,FR1
2024-07-29 19:11:32,5,3.75,,FR1,Poke,Left,232,34,207,,0,FR1
2024-07-29 19:11:34,5,3.76,,FR1,Poke,Left,232,35,207,,0,FR1
2024-07-29 19:11:35,5,3.75,,FR1,Poke,Left,233,35,207,,0,FR1
2024-07-29 19:11:37,5,3.76,1.0,FR1,Pellet,Left,233,35,208,0.31,0,FR1
2024-07-29 19:12:08,5,3.76,,FR1,Poke,Left,234,35,208,,0,FR1
2024-07-29 19:12:10,5,3.76,1.0,FR1,Pellet,Left,234,35,209,1.2,0,FR1
2024-07-29 19:18:06,5,3.74,,FR1,Poke,Left,234,36,209,,0,FR1
2024-07-29 19:18:14,5,3.75,,FR1,Poke,Left,234,37,209,,0,FR1
2024-07-29 19:18:29,5,3.75,,FR1,Poke,Left,234,38,209,,0,FR1
2024-07-29 19:20:50,5,3.76,,FR1,Poke,Left,235,38,209,,0,FR1
2024-07-29 19:20:52,5,3.75,1.0,FR1,Pellet,Left,235,38,210,1.2,0,FR1
2024-07-29 19:25:56,5,3.75,,FR1,Poke,Left,236,38,210,,0,FR1
2024-07-29 19:25:57,5,3.75,1.0,FR1,Pellet,Left,236,38,211,0.31,0,FR1
2024-07-29 19:26:36,5,3.75,,FR1,Poke,Left,237,38,211,,0,FR1
2024-07-29 19:26:39,5,3.75,2.0,FR1,Pellet,Left,237,38,212,0.25,0,FR1
2024-07-29 19:27:08,5,3.75,,FR1,Poke,Left,238,38,212,,0,FR1
2024-07-29 19:27:09,5,3.76,1.0,FR1,Pellet,Left,238,38,213,0.25,0,FR1
2024-07-29 19:27:44,5,3.75,,FR1,Poke,Left,239,38,213,,0,FR1
2024-07-29 19:27:46,5,3.76,2.0,FR1,Pellet,Left,239,38,214,0.19,0,FR1
2024-07-29 19:28:10,5,3.75,,FR1,Poke,Left,240,38,214,,0,FR1
2024-07-29 19:28:13,5,3.75,2.0,FR1,Pellet,Left,240,38,215,0.25,0,FR1
2024-07-29 19:43:21,5,3.75,,FR1,Poke,Left,241,38,215,,0,FR1
2024-07-29 19:43:22,5,3.75,1.0,FR1,Pellet,Left,241,38,216,0.69,0,FR1
2024-07-29 19:43:46,5,3.75,,FR1,Poke,Left,242,38,216,,0,FR1
2024-07-29 19:43:47,5,3.76,1.0,FR1,Pellet,Left,242,38,217,0.44,0,FR1
2024-07-29 19:44:15,5,3.74,,FR1,Poke,Left,243,38,217,,0,FR1
2024-07-29 19:44:18,5,3.75,2.0,FR1,Pellet,Left,243,38,218,0.69,0,FR1
2024-07-29 19:44:44,5,3.76,,FR1,Poke,Left,244,38,218,,0,FR1
2024-07-29 19:44:45,5,3.75,2.0,FR1,Pellet,Left,244,38,219,0.06,0,FR1
2024-07-29 19:45:36,5,3.75,,FR1,Poke,Left,245,38,219,,0,FR1
2024-07-29 19:51:51,5,3.75,1.0,FR1,Pellet,Left,245,38,220,,0,FR1
2024-07-29 19:52:14,5,3.75,,FR1,Poke,Left,246,38,220,,0,FR1
2024-07-29 19:52:15,5,3.76,1.0,FR1,Pellet,Left,246,38,221,0.37,0,FR1
2024-07-29 19:52:39,5,3.75,,FR1,Poke,Left,247,38,221,,0,FR1
2024-07-29 19:52:40,5,3.75,1.0,FR1,Pellet,Left,247,38,222,0.5,0,FR1
2024-07-29 19:53:09,5,3.75,,FR1,Poke,Left,248,38,222,,0,FR1
2024-07-29 19:53:11,5,3.75,1.0,FR1,Pellet,Left,248,38,223,0.5,0,FR1
2024-07-29 19:53:40,5,3.75,,FR1,Poke,Left,249,38,223,,0,FR1
2024-07-29 19:53:41,5,3.75,1.0,FR1,Pellet,Left,249,38,224,0.5,0,FR1
2024-07-29 19:54:08,5,3.75,,FR1,Poke,Left,250,38,224,,0,FR1
2024-07-29 19:54:10,5,3.75,1.0,FR1,Pellet,Left,250,38,225,0.63,0,FR1
2024-07-29 19:54:37,5,3.75,,FR1,Poke,Left,250,39,225,,0,FR1
2024-07-29 19:54:41,5,3.75,,FR1,Poke,Left,251,39,225,,0,FR1
2024-07-29 19:54:42,5,3.74,1.0,FR1,Pellet,Left,251,39,226,0.44,0,FR1
2024-07-29 19:55:07,5,3.75,,FR1,Poke,Left,252,39,226,,0,FR1
2024-07-29 19:55:08,5,3.76,1.0,FR1,Pellet,Left,252,39,227,0.37,0,FR1
2024-07-29 20:07:02,5,3.75,,FR1,Poke,Left,253,39,227,,0,FR1
2024-07-29 20:07:04,5,3.75,1.0,FR1,Pellet,Left,253,39,228,0.5,0,FR1
2024-07-29 20:07:27,5,3.75,,FR1,Poke,Left,254,39,228,,0,FR1
2024-07-29 20:07:29,5,3.75,1.0,FR1,Pellet,Left,254,39,229,0.31,0,FR1
2024-07-29 20:07:54,5,3.75,,FR1,Poke,Left,255,39,229,,0,FR1
2024-07-29 20:07:55,5,3.75,1.0,FR1,Pellet,Left,255,39,230,0.5,0,FR1
2024-07-29 20:12:49,5,3.75,,FR1,Poke,Left,256,39,230,,0,FR1
2024-07-29 20:12:50,5,3.75,1.0,FR1,Pellet,Left,256,39,231,0.31,0,FR1
2024-07-29 20:19:39,5,3.74,,FR1,Poke,Left,257,39,231,,0,FR1
2024-07-29 20:19:40,5,3.75,1.0,FR1,Pellet,Left,257,39,232,0.5,0,FR1
2024-07-29 20:20:02,5,3.75,,FR1,Poke,Left,258,39,232,,0,FR1
2024-07-29 20:20:03,5,3.75,1.0,FR1,Pellet,Left,258,39,233,0.31,0,FR1
2024-07-29 20:20:23,5,3.75,,FR1,Poke,Left,259,39,233,,0,FR1
2024-07-29 20:20:25,5,3.75,1.0,FR1,Pellet,Left,259,39,234,0.5,0,FR1
2024-07-29 20:20:52,5,3.76,,FR1,Poke,Left,260,39,234,,0,FR1
2024-07-29 20:20:53,5,3.74,1.0,FR1,Pellet,Left,260,39,235,0.31,0,FR1
2024-07-29 20:21:16,5,3.75,,FR1,Poke,Left,261,39,235,,0,FR1
2024-07-29 20:21:16,5,3.75,,FR1,Poke,Left,262,39,235,,0,FR1
2024-07-29 20:21:19,5,3.75,2.0,FR1,Pellet,Left,262,39,236,0.19,0,FR1
2024-07-29 20:21:48,5,3.75,,FR1,Poke,Left,263,39,236,,0,FR1
2024-07-29 20:21:49,5,3.74,1.0,FR1,Pellet,Left,263,39,237,0.5,0,FR1
2024-07-29 20:42:33,5,3.75,,FR1,Poke,Left,264,39,237,,0,FR1
2024-07-29 20:42:35,5,3.74,1.0,FR1,Pellet,Left,264,39,238,0.63,0,FR1
2024-07-29 20:47:50,5,3.75,,FR1,Poke,Left,265,39,238,,0,FR1
2024-07-29 20:47:52,5,3.75,1.0,FR1,Pellet,Left,265,39,239,0.69,0,FR1
2024-07-29 20:49:27,5,3.75,,FR1,Poke,Left,265,40,239,,0,FR1
2024-07-29 20:51:12,5,3.75,,FR1,Poke,Left,265,41,239,,0,FR1
2024-07-29 20:51:14,5,3.75,,FR1,Poke,Left,265,42,239,,0,FR1
2024-07-29 20:51:16,5,3.75,,FR1,Poke,Left,265,43,239,,0,FR1
2024-07-29 20:51:19,5,3.74,,FR1,Poke,Left,266,43,239,,0,FR1
2024-07-29 20:51:20,5,3.75,1.0,FR1,Pellet,Left,266,43,240,0.5,0,FR1
2024-07-29 20:53:31,5,3.75,,FR1,Poke,Left,266,44,240,,0,FR1
2024-07-29 20:53:33,5,3.75,,FR1,Poke,Left,267,44,240,,0,FR1
2024-07-29 20:53:35,5,3.75,1.0,FR1,Pellet,Left,267,44,241,0.88,0,FR1
2024-07-29 20:53:56,5,3.75,,FR1,Poke,Left,267,45,241,,0,FR1
2024-07-29 20:54:00,5,3.75,,FR1,Poke,Left,268,45,241,,0,FR1
2024-07-29 20:54:02,5,3.75,2.0,FR1,Pellet,Left,268,45,242,0.31,0,FR1
2024-07-29 20:54:24,5,3.74,,FR1,Poke,Left,268,46,242,,0,FR1
2024-07-29 21:02:14,5,3.75,,FR1,Poke,Left,269,46,242,,0,FR1
2024-07-29 21:02:17,5,3.75,2.0,FR1,Pellet,Left,269,46,243,0.25,0,FR1
2024-07-29 21:02:46,5,3.75,,FR1,Poke,Left,270,46,243,,0,FR1
2024-07-29 21:02:49,5,3.75,2.0,FR1,Pellet,Left,270,46,244,0.5,0,FR1
2024-07-29 21:03:04,5,3.74,,FR1,Poke,Left,271,46,244,,0,FR1
2024-07-29 21:03:06,5,3.74,1.0,FR1,Pellet,Left,271,46,245,0.44,0,FR1
2024-07-29 21:03:29,5,3.75,,FR1,Poke,Left,272,46,245,,0,FR1
2024-07-29 21:03:30,5,3.75,2.0,FR1,Pellet,Left,272,46,246,0.31,0,FR1
2024-07-29 21:03:59,5,3.75,,FR1,Poke,Left,273,46,246,,0,FR1
2024-07-29 21:04:30,5,3.75,3.0,FR1,Pellet,Left,273,46,247,27.5,0,FR1
2024-07-29 21:14:20,5,3.74,,FR1,Poke,Left,274,46,247,,0,FR1
2024-07-29 21:14:22,5,3.75,2.0,FR1,Pellet,Left,274,46,248,0.12,0,FR1
2024-07-29 21:14:42,5,3.75,,FR1,Poke,Left,275,46,248,,0,FR1
2024-07-29 21:14:43,5,3.75,2.0,FR1,Pellet,Left,275,46,249,0.12,0,FR1
2024-07-29 21:15:03,5,3.75,,FR1,Poke,Left,276,46,249,,0,FR1
2024-07-29 21:15:04,5,3.75,2.0,FR1,Pellet,Left,276,46,250,0.25,0,FR1
2024-07-29 21:15:29,5,3.75,,FR1,Poke,Left,277,46,250,,0,FR1
2024-07-29 21:15:30,5,3.74,2.0,FR1,Pellet,Left,277,46,251,0.19,0,FR1
2024-07-29 21:15:53,5,3.75,,FR1,Poke,Left,278,46,251,,0,FR1
2024-07-29 21:15:54,5,3.74,1.0,FR1,Pellet,Left,278,46,252,0.56,0,FR1
2024-07-29 21:16:23,5,3.75,,FR1,Poke,Left,279,46,252,,0,FR1
2024-07-29 21:16:24,5,3.75,1.0,FR1,Pellet,Left,279,46,253,0.44,0,FR1
2024-07-29 21:34:11,5,3.75,,FR1,Poke,Left,280,46,253,,0,FR1
2024-07-29 21:34:14,5,3.75,1.0,FR1,Pellet,Left,280,46,254,1.52,0,FR1
2024-07-29 21:44:52,5,3.75,,FR1,Poke,Left,281,46,254,,0,FR1
2024-07-29 21:44:53,5,3.75,1.0,FR1,Pellet,Left,281,46,255,0.44,0,FR1
2024-07-29 21:55:10,5,3.74,,FR1,Poke,Left,282,46,255,,0,FR1
2024-07-29 21:55:11,5,3.74,1.0,FR1,Pellet,Left,282,46,256,0.31,0,FR1
2024-07-29 21:56:13,5,3.75,,FR1,Poke,Left,283,46,256,,0,FR1
2024-07-29 21:56:14,5,3.75,1.0,FR1,Pellet,Left,283,46,257,0.44,0,FR1
2024-07-29 21:56:33,5,3.75,,FR1,Poke,Left,284,46,257,,0,FR1
2024-07-29 21:56:34,5,3.74,1.0,FR1,Pellet,Left,284,46,258,0.25,0,FR1
2024-07-29 21:56:58,5,3.74,,FR1,Poke,Left,285,46,258,,0,FR1
2024-07-29 21:56:59,5,3.74,1.0,FR1,Pellet,Left,285,46,259,0.56,0,FR1
2024-07-29 21:57:29,5,3.75,,FR1,Poke,Left,286,46,259,,0,FR1
2024-07-29 21:57:30,5,3.74,1.0,FR1,Pellet,Left,286,46,260,0.37,0,FR1
2024-07-29 22:15:38,5,3.75,,FR1,Poke,Left,287,46,260,,0,FR1
2024-07-29 22:15:41,5,3.74,1.0,FR1,Pellet,Left,287,46,261,1.39,0,FR1
2024-07-29 22:26:42,5,3.75,,FR1,Poke,Left,288,46,261,,0,FR1
2024-07-29 22:26:45,5,3.74,3.0,FR1,Pellet,Left,288,46,262,0.12,0,FR1
2024-07-29 22:34:14,5,3.74,,FR1,Poke,Left,289,46,262,,0,FR1
2024-07-29 22:34:15,5,3.74,1.0,FR1,Pellet,Left,289,46,263,0.25,0,FR1
2024-07-29 22:34:38,5,3.74,,FR1,Poke,Left,290,46,263,,0,FR1
2024-07-29 22:34:39,5,3.75,1.0,FR1,Pellet,Left,290,46,264,0.25,0,FR1
2024-07-29 22:34:58,5,3.74,,FR1,Poke,Left,291,46,264,,0,FR1
2024-07-29 22:34:59,5,3.74,1.0,FR1,Pellet,Left,291,46,265,0.31,0,FR1
2024-07-29 22:56:23,5,3.74,,FR1,Poke,Left,292,46,265,,0,FR1
2024-07-29 22:56:24,5,3.74,1.0,FR1,Pellet,Left,292,46,266,0.25,0,FR1
2024-07-29 22:56:49,5,3.74,,FR1,Poke,Left,293,46,266,,0,FR1
2024-07-29 22:56:50,5,3.75,1.0,FR1,Pellet,Left,293,46,267,0.44,0,FR1
2024-07-29 22:57:17,5,3.74,,FR1,Poke,Left,294,46,267,,0,FR1
2024-07-29 22:57:19,5,3.74,2.0,FR1,Pellet,Left,294,46,268,0.19,0,FR1
2024-07-29 23:05:26,5,3.74,,FR1,Poke,Left,295,46,268,,0,FR1
2024-07-29 23:05:27,5,3.74,2.0,FR1,Pellet,Left,295,46,269,0.31,0,FR1
2024-07-29 23:05:51,5,3.74,,FR1,Poke,Left,296,46,269,,0,FR1
2024-07-29 23:05:52,5,3.74,1.0,FR1,Pellet,Left,296,46,270,0.37,0,FR1
2024-07-29 23:06:15,5,3.75,,FR1,Poke,Left,297,46,270,,0,FR1
2024-07-29 23:06:16,5,3.74,1.0,FR1,Pellet,Left,297,46,271,0.25,0,FR1
2024-07-29 23:06:40,5,3.74,,FR1,Poke,Left,298,46,271,,0,FR1
2024-07-29 23:06:41,5,3.74,1.0,FR1,Pellet,Left,298,46,272,0.37,0,FR1
2024-07-29 23:07:04,5,3.74,,FR1,Poke,Left,299,46,272,,0,FR1
2024-07-29 23:07:08,5,3.74,2.0,FR1,Pellet,Left,299,46,273,0.95,0,FR1
2024-07-29 23:19:20,5,3.74,,FR1,Poke,Left,300,46,273,,0,FR1
2024-07-29 23:19:21,5,3.74,2.0,FR1,Pellet,Left,300,46,274,0.19,0,FR1
2024-07-29 23:19:43,5,3.75,,FR1,Poke,Left,301,46,274,,0,FR1
2024-07-29 23:19:44,5,3.74,1.0,FR1,Pellet,Left,301,46,275,0.37,0,FR1
2024-07-29 23:20:13,5,3.74,,FR1,Poke,Left,302,46,275,,0,FR1
2024-07-29 23:20:14,5,3.74,1.0,FR1,Pellet,Left,302,46,276,0.44,0,FR1
2024-07-29 23:20:35,5,3.74,,FR1,Poke,Left,303,46,276,,0,FR1
2024-07-29 23:20:38,5,3.74,2.0,FR1,Pellet,Left,303,46,277,0.19,0,FR1
2024-07-29 23:21:01,5,3.74,,FR1,Poke,Left,304,46,277,,0,FR1
2024-07-29 23:21:02,5,3.74,1.0,FR1,Pellet,Left,304,46,278,0.37,0,FR1
2024-07-29 23:40:20,5,3.74,,FR1,Poke,Left,305,46,278,,0,FR1
2024-07-29 23:40:22,5,3.74,2.0,FR1,Pellet,Left,305,46,279,0.31,0,FR1
2024-07-29 23:40:55,5,3.74,,FR1,Poke,Left,306,46,279,,0,FR1
2024-07-29 23:40:56,5,3.74,1.0,FR1,Pellet,Left,306,46,280,0.31,0,FR1
2024-07-29 23:41:25,5,3.74,,FR1,Poke,Left,306,47,280,,0,FR1
2024-07-29 23:41:29,5,3.73,,FR1,Poke,Left,307,47,280,,0,FR1
2024-07-29 23:41:30,5,3.74,1.0,FR1,Pellet,Left,307,47,281,0.75,0,FR1
2024-07-29 23:41:52,5,3.74,,FR1,Poke,Left,308,47,281,,0,FR1
2024-07-29 23:41:53,5,3.74,1.0,FR1,Pellet,Left,308,47,282,0.25,0,FR1
2024-07-29 23:58:04,5,3.74,,FR1,Poke,Left,308,48,282,,0,FR1
2024-07-29 23:58:18,5,3.74,,FR1,Poke,Left,308,49,282,,0,FR1
2024-07-30 00:07:41,5,3.74,,FR1,Poke,Left,309,49,282,,0,FR1
2024-07-30 00:07:43,5,3.74,2.0,FR1,Pellet,Left,309,49,283,0.75,0,FR1
2024-07-30 00:09:41,5,3.74,,FR1,Poke,Left,309,50,283,,0,FR1
2024-07-30 00:09:42,5,3.74,,FR1,Poke,Left,310,50,283,,0,FR1
2024-07-30 00:09:43,5,3.74,1.0,FR1,Pellet,Left,310,50,284,0.25,0,FR1
2024-07-30 00:19:49,5,3.74,,FR1,Poke,Left,311,50,284,,0,FR1
2024-07-30 00:19:51,5,3.74,1.0,FR1,Pellet,Left,311,50,285,1.64,0,FR1
2024-07-30 00:22:56,5,3.74,,FR1,Poke,Left,312,50,285,,0,FR1
2024-07-30 00:22:57,5,3.74,2.0,FR1,Pellet,Left,312,50,286,0.06,0,FR1
2024-07-30 00:25:01,5,3.74,,FR1,Poke,Left,312,51,286,,0,FR1
2024-07-30 00:25:10,5,3.74,,FR1,Poke,Left,313,51,286,,0,FR1
2024-07-30 00:25:11,5,3.74,1.0,FR1,Pellet,Left,313,51,287,0.12,0,FR1
2024-07-30 00:37:31,5,3.74,,FR1,Poke,Left,314,51,287,,0,FR1
2024-07-30 00:37:32,5,3.74,1.0,FR1,Pellet,Left,314,51,288,0.37,0,FR1
2024-07-30 00:41:24,5,3.74,,FR1,Poke,Left,315,51,288,,0,FR1
2024-07-30 00:41:26,5,3.74,1.0,FR1,Pellet,Left,315,51,289,0.56,0,FR1
2024-07-30 00:43:09,5,3.74,,FR1,Poke,Left,316,51,289,,0,FR1
2024-07-30 00:43:10,5,3.73,1.0,FR1,Pellet,Left,316,51,290,0.19,0,FR1
2024-07-30 00:43:29,5,3.74,,FR1,Poke,Left,317,51,290,,0,FR1
2024-07-30 00:43:31,5,3.74,1.0,FR1,Pellet,Left,317,51,291,0.82,0,FR1
2024-07-30 00:52:25,5,3.74,,FR1,Poke,Left,318,51,291,,0,FR1
2024-07-30 00:52:28,5,3.74,3.0,FR1,Pellet,Left,318,51,292,0.25,0,FR1
2024-07-30 00:52:50,5,3.74,,FR1,Poke,Left,319,51,292,,0,FR1
2024-07-30 00:52:51,5,3.74,1.0,FR1,Pellet,Left,319,51,293,0.25,0,FR1
2024-07-30 00:58:11,5,3.74,,FR1,Poke,Left,319,52,293,,0,FR1
2024-07-30 01:00:18,5,3.74,,FR1,Poke,Left,320,52,293,,0,FR1
2024-07-30 01:00:19,5,3.74,1.0,FR1,Pellet,Left,320,52,294,0.69,0,FR1
2024-07-30 01:00:44,5,3.74,,FR1,Poke,Left,320,53,294,,0,FR1
2024-07-30 01:00:45,5,3.74,,FR1,Poke,Left,320,54,294,,0,FR1
2024-07-30 01:00:48,5,3.73,,FR1,Poke,Left,321,54,294,,0,FR1
2024-07-30 01:00:49,5,3.74,2.0,FR1,Pellet,Left,321,54,295,0.12,0,FR1
2024-07-30 01:01:10,5,3.74,,FR1,Poke,Left,322,54,295,,0,FR1
2024-07-30 01:01:12,5,3.74,1.0,FR1,Pellet,Left,322,54,296,1.32,0,FR1
2024-07-30 02:40:26,5,3.74,,FR1,Poke,Left,323,54,296,,0,FR1
2024-07-30 02:40:27,5,3.74,1.0,FR1,Pellet,Left,323,54,297,0.82,0,FR1
2024-07-30 03:05:23,5,3.74,,FR1,Poke,Left,324,54,297,,0,FR1
2024-07-30 03:05:24,5,3.74,1.0,FR1,Pellet,Left,324,54,298,0.31,0,FR1
2024-07-30 03:06:00,5,3.74,,FR1,Poke,Left,325,54,298,,0,FR1
2024-07-30 03:06:01,5,3.74,1.0,FR1,Pellet,Left,325,54,299,0.63,0,FR1
2024-07-30 03:06:22,5,3.74,,FR1,Poke,Left,326,54,299,,0,FR1
2024-07-30 03:06:25,5,3.74,1.0,FR1,Pellet,Left,326,54,300,1.58,0,FR1
2024-07-30 03:06:43,5,3.74,,FR1,Poke,Left,327,54,300,,0,FR1
2024-07-30 03:06:47,5,3.73,3.0,FR1,Pellet,Left,327,54,301,0.5,0,FR1
2024-07-30 03:07:07,5,3.73,,FR1,Poke,Left,328,54,301,,0,FR1
2024-07-30 03:07:23,5,3.74,4.0,FR1,Pellet,Left,328,54,302,9.01,0,FR1
2024-07-30 03:07:48,5,3.73,,FR1,Poke,Left,329,54,302,,0,FR1
2024-07-30 03:07:51,5,3.73,1.0,FR1,Pellet,Left,329,54,303,1.32,0,FR1
2024-07-30 03:08:07,5,3.73,,FR1,Poke,Left,330,54,303,,0,FR1
2024-07-30 03:08:08,5,3.73,1.0,FR1,Pellet,Left,330,54,304,0.31,0,FR1
2024-07-30 03:09:39,5,3.74,,FR1,Poke,Left,331,54,304,,0,FR1
2024-07-30 03:09:40,5,3.74,1.0,FR1,Pellet,Left,331,54,305,0.44,0,FR1
2024-07-30 03:10:01,5,3.73,,FR1,Poke,Left,332,54,305,,0,FR1
2024-07-30 03:10:15,5,3.74,2.0,FR1,Pellet,Left,332,54,306,11.56,0,FR1
2024-07-30 04:10:16,5,3.73,,FR1,Poke,Left,333,54,306,,0,FR1
2024-07-30 04:10:18,5,3.73,1.0,FR1,Pellet,Left,333,54,307,0.69,0,FR1
2024-07-30 04:10:37,5,3.73,,FR1,Poke,Left,334,54,307,,0,FR1
2024-07-30 04:10:38,5,3.73,2.0,FR1,Pellet,Left,334,54,308,0.44,0,FR1
2024-07-30 04:11:59,5,3.73,,FR1,Poke,Left,335,54,308,,0,FR1
2024-07-30 04:12:01,5,3.73,1.0,FR1,Pellet,Left,335,54,309,0.69,0,FR1
2024-07-30 04:12:24,5,3.73,,FR1,Poke,Left,336,54,309,,0,FR1
2024-07-30 04:12:26,5,3.73,1.0,FR1,Pellet,Left,336,54,310,1.26,0,FR1
2024-07-30 04:12:46,5,3.73,,FR1,Poke,Left,337,54,310,,0,FR1
2024-07-30 04:12:47,5,3.73,,FR1,Poke,Left,338,54,310,,0,FR1
2024-07-30 04:12:50,5,3.73,3.0,FR1,Pellet,Left,338,54,311,0.06,0,FR1
2024-07-30 04:13:11,5,3.73,,FR1,Poke,Left,339,54,311,,0,FR1
2024-07-30 04:13:12,5,3.73,1.0,FR1,Pellet,Left,339,54,312,0.69,0,FR1
2024-07-30 04:13:37,5,3.73,,FR1,Poke,Left,340,54,312,,0,FR1
2024-07-30 04:13:38,5,3.73,1.0,FR1,Pellet,Left,340,54,313,0.19,0,FR1
2024-07-30 04:51:54,5,3.73,,FR1,Poke,Left,341,54,313,,0,FR1
2024-07-30 04:51:55,5,3.73,1.0,FR1,Pellet,Left,341,54,314,0.25,0,FR1
2024-07-30 04:52:14,5,3.73,,FR1,Poke,Left,342,54,314,,0,FR1
2024-07-30 04:52:17,5,3.73,2.0,FR1,Pellet,Left,342,54,315,0.75,0,FR1
2024-07-30 05:03:36,5,3.73,,FR1,Poke,Left,343,54,315,,0,FR1
2024-07-30 05:03:37,5,3.73,1.0,FR1,Pellet,Left,343,54,316,0.44,0,FR1
2024-07-30 05:04:10,5,3.73,,FR1,Poke,Left,343,55,316,,0,FR1
2024-07-30 05:05:03,5,3.73,,FR1,Poke,Left,344,55,316,,0,FR1
2024-07-30 05:05:04,5,3.73,1.0,FR1,Pellet,Left,344,55,317,0.25,0,FR1
2024-07-30 05:05:23,5,3.73,,FR1,Poke,Left,345,55,317,,0,FR1
2024-07-30 05:05:24,5,3.73,1.0,FR1,Pellet,Left,345,55,318,0.25,0,FR1
2024-07-30 05:08:29,5,3.73,,FR1,Poke,Left,346,55,318,,0,FR1
2024-07-30 05:08:30,5,3.73,1.0,FR1,Pellet,Left,346,55,319,0.25,0,FR1
2024-07-30 05:09:20,5,3.73,,FR1,Poke,Left,347,55,319,,0,FR1
2024-07-30 05:09:21,5,3.73,2.0,FR1,Pellet,Left,347,55,320,0.19,0,FR1
2024-07-30 05:09:49,5,3.73,,FR1,Poke,Left,347,56,320,,0,FR1
2024-07-30 05:20:00,5,3.73,,FR1,Poke,Left,347,57,320,,0,FR1
2024-07-30 05:20:03,5,3.73,,FR1,Poke,Left,348,57,320,,0,FR1
2024-07-30 05:20:04,5,3.73,1.0,FR1,Pellet,Left,348,57,321,0.44,0,FR1
2024-07-30 05:20:25,5,3.73,,FR1,Poke,Left,349,57,321,,0,FR1
2024-07-30 05:20:25,5,3.73,,FR1,Poke,Left,350,57,321,,0,FR1
2024-07-30 05:20:29,5,3.73,2.0,FR1,Pellet,Left,350,57,322,0.18,0,FR1
2024-07-30 05:20:49,5,3.73,,FR1,Poke,Left,351,57,322,,0,FR1
2024-07-30 05:20:50,5,3.73,1.0,FR1,Pellet,Left,351,57,323,0.44,0,FR1
2024-07-30 05:26:50,5,3.73,,FR1,Poke,Left,352,57,323,,0,FR1
2024-07-30 05:26:51,5,3.73,1.0,FR1,Pellet,Left,352,57,324,0.5,0,FR1
2024-07-30 05:27:20,5,3.73,,FR1,Poke,Left,353,57,324,,0,FR1
2024-07-30 05:27:22,5,3.73,2.0,FR1,Pellet,Left,353,57,325,0.37,0,FR1
2024-07-30 05:48:46,5,3.73,,FR1,Poke,Left,354,57,325,,0,FR1
2024-07-30 05:48:48,5,3.73,1.0,FR1,Pellet,Left,354,57,326,0.88,0,FR1
2024-07-30 05:49:16,5,3.73,,FR1,Poke,Left,355,57,326,,0,FR1
2024-07-30 05:49:17,5,3.72,1.0,FR1,Pellet,Left,355,57,327,0.44,0,FR1
2024-07-30 06:09:28,5,3.73,,FR1,Poke,Left,356,57,327,,0,FR1
2024-07-30 06:09:29,5,3.73,1.0,FR1,Pellet,Left,356,57,328,0.37,0,FR1
2024-07-30 06:09:49,5,3.73,,FR1,Poke,Left,357,57,328,,0,FR1
2024-07-30 06:09:50,5,3.73,1.0,FR1,Pellet,Left,357,57,329,0.31,0,FR1
2024-07-30 06:10:09,5,3.73,,FR1,Poke,Left,358,57,329,,0,FR1
2024-07-30 06:10:10,5,3.72,1.0,FR1,Pellet,Left,358,57,330,0.25,0,FR1
2024-07-30 06:10:33,5,3.73,,FR1,Poke,Left,359,57,330,,0,FR1
2024-07-30 06:10:34,5,3.73,1.0,FR1,Pellet,Left,359,57,331,0.25,0,FR1
2024-07-30 06:22:22,5,3.73,,FR1,Poke,Left,360,57,331,,0,FR1
2024-07-30 06:22:24,5,3.73,1.0,FR1,Pellet,Left,360,57,332,0.56,0,FR1
2024-07-30 06:22:44,5,3.73,,FR1,Poke,Left,360,58,332,,0,FR1
2024-07-30 06:22:45,5,3.73,,FR1,Poke,Left,360,59,332,,0,FR1
2024-07-30 06:22:46,5,3.72,,FR1,Poke,Left,361,59,332,,0,FR1
2024-07-30 06:22:48,5,3.73,1.0,FR1,Pellet,Left,361,59,333,0.56,0,FR1
2024-07-30 07:54:13,5,3.73,,FR1,Poke,Left,362,59,333,,0,FR1
2024-07-30 07:54:15,5,3.72,1.0,FR1,Pellet,Left,362,59,334,0.63,0,FR1
2024-07-30 07:54:45,5,3.72,,FR1,Poke,Left,363,59,334,,0,FR1
2024-07-30 07:55:03,5,3.72,2.0,FR1,Pellet,Left,363,59,335,15.25,0,FR1
2024-07-30 07:55:24,5,3.72,,FR1,Poke,Left,364,59,335,,0,FR1
2024-07-30 07:55:26,5,3.72,1.0,FR1,Pellet,Left,364,59,336,0.44,0,FR1
2024-07-30 09:47:03,5,3.72,,FR1,Poke,Left,364,60,336,,0,FR1
2024-07-30 09:47:05,5,3.71,,FR1,Poke,Left,365,60,336,,0,FR1
2024-07-30 09:47:07,5,3.71,1.0,FR1,Pellet,Left,365,60,337,0.69,0,FR1
2024-07-30 09:50:41,5,3.71,,FR1,Poke,Left,366,60,337,,0,FR1
2024-07-30 09:50:42,5,3.71,,FR1,Poke,Left,367,60,337,,0,FR1
2024-07-30 09:50:47,5,3.71,3.0,FR1,Pellet,Left,367,60,338,0.56,0,FR1
2024-07-30 09:51:08,5,3.71,,FR1,Poke,Left,368,60,338,,0,FR1
2024-07-30 09:51:10,5,3.71,2.0,FR1,Pellet,Left,368,60,339,0.44,0,FR1
2024-07-30 09:51:29,5,3.71,,FR1,Poke,Left,369,60,339,,0,FR1
2024-07-30 09:51:44,5,3.71,3.0,FR1,Pellet,Left,369,60,340,11.75,0,FR1
2024-07-30 12:31:41,5,3.71,,FR1,Poke,Left,370,60,340,,0,FR1
2024-07-30 12:31:43,5,3.71,2.0,FR1,Pellet,Left,370,60,341,0.56,0,FR1
2024-07-30 12:35:45,5,3.7,,FR1,Poke,Left,371,60,341,,0,FR1
2024-07-30 12:35:47,5,3.71,2.0,FR1,Pellet,Left,371,60,342,0.69,0,FR1
2024-07-30 12:40:57,5,3.71,,FR1,Poke,Left,372,60,342,,0,FR1
2024-07-30 12:40:59,5,3.71,2.0,FR1,Pellet,Left,372,60,343,0.44,0,FR1
2024-07-30 15:50:28,5,3.69,,FR1,Poke,Left,373,60,343,,0,FR1
2024-07-30 15:50:29,5,3.7,2.0,FR1,Pellet,Left,373,60,344,0.25,0,FR1
2024-07-30 16:37:55,5,3.69,,FR1,Poke,Left,374,60,344,,0,FR1
2024-07-30 16:37:58,5,3.69,1.0,FR1,Pellet,Left,374,60,345,2.78,0,FR1
2024-07-30 16:38:31,5,3.69,,FR1,Poke,Left,375,60,345,,0,FR1
2024-07-30 16:38:32,5,3.69,1.0,FR1,Pellet,Left,375,60,346,0.63,0,FR1
2024-07-30 16:38:58,5,3.69,,FR1,Poke,Left,376,60,346,,0,FR1
2024-07-30 16:39:01,5,3.69,2.0,FR1,Pellet,Left,376,60,347,0.44,0,FR1
2024-07-30 16:39:23,5,3.69,,FR1,Poke,Left,377,60,347,,0,FR1
2024-07-30 16:39:25,5,3.69,1.0,FR1,Pellet,Left,377,60,348,0.56,0,FR1
2024-07-30 17:46:03,5,3.69,,FR1,Poke,Left,378,60,348,,0,FR1
2024-07-30 17:46:04,5,3.69,2.0,FR1,Pellet,Left,378,60,349,0.12,0,FR1
2024-07-30 17:46:24,5,3.69,,FR1,Poke,Left,379,60,349,,0,FR1
2024-07-30 17:46:25,5,3.69,1.0,FR1,Pellet,Left,379,60,350,0.12,0,FR1
2024-07-30 17:46:46,5,3.69,,FR1,Poke,Left,380,60,350,,0,FR1
2024-07-30 17:46:47,5,3.69,1.0,FR1,Pellet,Left,380,60,351,0.31,0,FR1
2024-07-30 17:47:21,5,3.69,,FR1,Poke,Left,381,60,351,,0,FR1
2024-07-30 17:47:22,5,3.69,1.0,FR1,Pellet,Left,381,60,352,0.31,0,FR1
2024-07-30 18:17:24,5,3.69,,FR1,Poke,Left,382,60,352,,0,FR1
2024-07-30 18:17:26,5,3.69,1.0,FR1,Pellet,Left,382,60,353,0.63,0,FR1
2024-07-30 18:17:46,5,3.69,,FR1,Poke,Left,383,60,353,,0,FR1
2024-07-30 18:17:47,5,3.69,1.0,FR1,Pellet,Left,383,60,354,0.25,0,FR1
2024-07-30 18:18:07,5,3.69,,FR1,Poke,Left,384,60,354,,0,FR1
2024-07-30 18:18:08,5,3.69,2.0,FR1,Pellet,Left,384,60,355,0.12,0,FR1
2024-07-30 18:20:06,5,3.69,,FR1,Poke,Left,385,60,355,,0,FR1
2024-07-30 18:20:08,5,3.69,1.0,FR1,Pellet,Left,385,60,356,1.26,0,FR1
2024-07-30 18:20:38,5,3.69,,FR1,Poke,Left,386,60,356,,0,FR1
2024-07-30 18:20:39,5,3.69,1.0,FR1,Pellet,Left,386,60,357,0.44,0,FR1
2024-07-30 18:20:58,5,3.69,,FR1,Poke,Left,386,61,357,,0,FR1
2024-07-30 18:27:03,5,3.69,,FR1,Poke,Left,386,62,357,,0,FR1
2024-07-30 18:27:04,5,3.69,,FR1,Poke,Left,386,63,357,,0,FR1
2024-07-30 18:27:06,5,3.69,,FR1,Poke,Left,387,63,357,,0,FR1
2024-07-30 18:27:09,5,3.69,3.0,FR1,Pellet,Left,387,63,358,0.19,0,FR1
2024-07-30 18:27:28,5,3.69,,FR1,Poke,Left,388,63,358,,0,FR1
2024-07-30 18:27:29,5,3.69,1.0,FR1,Pellet,Left,388,63,359,0.37,0,FR1
2024-07-30 18:31:04,5,3.69,,FR1,Poke,Left,389,63,359,,0,FR1
2024-07-30 18:31:05,5,3.69,1.0,FR1,Pellet,Left,389,63,360,0.56,0,FR1
2024-07-30 18:31:27,5,3.69,,FR1,Poke,Left,390,63,360,,0,FR1
2024-07-30 18:31:32,5,3.69,3.0,FR1,Pellet,Left,390,63,361,0.19,0,FR1
2024-07-30 18:33:47,5,3.69,,FR1,Poke,Left,390,64,361,,0,FR1
2024-07-30 18:38:05,5,3.69,,FR1,Poke,Left,391,64,361,,0,FR1
2024-07-30 18:38:06,5,3.69,1.0,FR1,Pellet,Left,391,64,362,0.82,0,FR1
2024-07-30 18:38:28,5,3.69,,FR1,Poke,Left,392,64,362,,0,FR1
2024-07-30 18:38:31,5,3.69,2.0,FR1,Pellet,Left,392,64,363,0.31,0,FR1
2024-07-30 18:41:57,5,3.69,,FR1,Poke,Left,393,64,363,,0,FR1
2024-07-30 18:41:59,5,3.69,2.0,FR1,Pellet,Left,393,64,364,0.37,0,FR1
2024-07-30 18:42:20,5,3.69,,FR1,Poke,Left,394,64,364,,0,FR1
2024-07-30 18:42:23,5,3.69,3.0,FR1,Pellet,Left,394,64,365,0.19,0,FR1
2024-07-30 18:55:11,5,3.69,,FR1,Poke,Left,395,64,365,,0,FR1
2024-07-30 18:55:12,5,3.69,1.0,FR1,Pellet,Left,395,64,366,0.63,0,FR1
2024-07-30 18:55:34,5,3.69,,FR1,Poke,Left,396,64,366,,0,FR1
2024-07-30 18:55:35,5,3.69,1.0,FR1,Pellet,Left,396,64,367,0.25,0,FR1
2024-07-30 19:02:11,5,3.69,,FR1,Poke,Left,397,64,367,,0,FR1
2024-07-30 19:02:12,5,3.69,1.0,FR1,Pellet,Left,397,64,368,0.19,0,FR1
2024-07-30 19:02:34,5,3.69,,FR1,Poke,Left,398,64,368,,0,FR1
2024-07-30 19:02:34,5,3.69,,FR1,Poke,Left,399,64,368,,0,FR1
2024-07-30 19:02:37,5,3.69,3.0,FR1,Pellet,Left,399,64,369,0.31,0,FR1
2024-07-30 19:02:57,5,3.69,,FR1,Poke,Left,400,64,369,,0,FR1
2024-07-30 19:02:58,5,3.69,1.0,FR1,Pellet,Left,400,64,370,0.06,0,FR1
2024-07-30 19:03:19,5,3.69,,FR1,Poke,Left,401,64,370,,0,FR1
2024-07-30 19:03:20,5,3.69,1.0,FR1,Pellet,Left,401,64,371,0.31,0,FR1
2024-07-30 19:03:42,5,3.69,,FR1,Poke,Left,402,64,371,,0,FR1
2024-07-30 19:03:42,5,3.69,1.0,FR1,Pellet,Left,402,64,372,0.19,0,FR1
2024-07-30 19:13:14,5,3.69,,FR1,Poke,Left,403,64,372,,0,FR1
2024-07-30 19:13:15,5,3.69,1.0,FR1,Pellet,Left,403,64,373,0.63,0,FR1
2024-07-30 19:17:26,5,3.69,,FR1,Poke,Left,403,65,373,,0,FR1
2024-07-30 19:28:05,5,3.69,,FR1,Poke,Left,403,66,373,,0,FR1
2024-07-30 19:28:07,5,3.69,,FR1,Poke,Left,403,67,373,,0,FR1
2024-07-30 19:28:08,5,3.69,,FR1,Poke,Left,404,67,373,,0,FR1
2024-07-30 19:28:10,5,3.69,2.0,FR1,Pellet,Left,404,67,374,0.5,0,FR1
2024-07-30 19:28:35,5,3.69,,FR1,Poke,Left,404,68,374,,0,FR1
2024-07-30 19:29:11,5,3.69,,FR1,Poke,Left,405,68,374,,0,FR1
2024-07-30 19:29:12,5,3.69,1.0,FR1,Pellet,Left,405,68,375,0.44,0,FR1
2024-07-30 19:30:19,5,3.69,,FR1,Poke,Left,405,69,375,,0,FR1
2024-07-30 19:32:24,5,3.69,,FR1,Poke,Left,406,69,375,,0,FR1
2024-07-30 19:32:27,5,3.69,2.0,FR1,Pellet,Left,406,69,376,0.19,0,FR1
2024-07-30 19:32:46,5,3.69,,FR1,Poke,Left,407,69,376,,0,FR1
2024-07-30 19:32:47,5,3.69,1.0,FR1,Pellet,Left,407,69,377,0.25,0,FR1
2024-07-30 19:42:14,5,3.69,,FR1,Poke,Left,408,69,377,,0,FR1
2024-07-30 19:42:15,5,3.69,1.0,FR1,Pellet,Left,408,69,378,0.25,0,FR1
2024-07-30 19:44:08,5,3.69,,FR1,Poke,Left,409,69,378,,0,FR1
2024-07-30 19:44:09,5,3.69,1.0,FR1,Pellet,Left,409,69,379,0.25,0,FR1
2024-07-30 19:45:47,5,3.69,,FR1,Poke,Left,410,69,379,,0,FR1
2024-07-30 19:45:48,5,3.68,,FR1,Poke,Left,411,69,379,,0,FR1
2024-07-30 19:45:48,5,3.69,1.0,FR1,Pellet,Left,411,69,380,0.5,0,FR1
2024-07-30 19:46:16,5,3.69,,FR1,Poke,Left,412,69,380,,0,FR1
2024-07-30 19:46:17,5,3.69,2.0,FR1,Pellet,Left,412,69,381,0.06,0,FR1
2024-07-30 19:48:22,5,3.69,,FR1,Poke,Left,412,70,381,,0,FR1
2024-07-30 19:50:45,5,3.69,,FR1,Poke,Left,413,70,381,,0,FR1
2024-07-30 19:51:18,5,3.69,2.0,FR1,Pellet,Left,413,70,382,33.02,0,FR1
2024-07-30 20:01:45,5,3.68,,FR1,Poke,Left,414,70,382,,0,FR1
2024-07-30 20:01:46,5,3.69,1.0,FR1,Pellet,Left,414,70,383,0.31,0,FR1
2024-07-30 20:02:10,5,3.69,,FR1,Poke,Left,415,70,383,,0,FR1
2024-07-30 20:02:11,5,3.69,1.0,FR1,Pellet,Left,415,70,384,0.31,0,FR1
2024-07-30 20:02:34,5,3.69,,FR1,Poke,Left,416,70,384,,0,FR1
2024-07-30 20:02:35,5,3.69,1.0,FR1,Pellet,Left,416,70,385,0.37,0,FR1
2024-07-30 20:02:52,5,3.69,,FR1,Poke,Left,417,70,385,,0,FR1
2024-07-30 20:02:54,5,3.69,1.0,FR1,Pellet,Left,417,70,386,0.37,0,FR1
2024-07-30 20:03:17,5,3.69,,FR1,Poke,Left,418,70,386,,0,FR1
2024-07-30 20:03:18,5,3.68,1.0,FR1,Pellet,Left,418,70,387,0.25,0,FR1
2024-07-30 20:03:40,5,3.69,,FR1,Poke,Left,419,70,387,,0,FR1
2024-07-30 20:03:43,5,3.69,2.0,FR1,Pellet,Left,419,70,388,0.37,0,FR1
2024-07-30 20:25:59,5,3.69,,FR1,Poke,Left,420,70,388,,0,FR1
2024-07-30 20:26:00,5,3.69,2.0,FR1,Pellet,Left,420,70,389,0.25,0,FR1
2024-07-30 20:26:23,5,3.68,,FR1,Poke,Left,421,70,389,,0,FR1
2024-07-30 20:26:24,5,3.68,1.0,FR1,Pellet,Left,421,70,390,0.5,0,FR1
2024-07-30 20:27:05,5,3.69,,FR1,Poke,Left,422,70,390,,0,FR1
2024-07-30 20:27:08,5,3.69,2.0,FR1,Pellet,Left,422,70,391,0.44,0,FR1
2024-07-30 20:27:33,5,3.69,,FR1,Poke,Left,423,70,391,,0,FR1
2024-07-30 20:27:34,5,3.69,1.0,FR1,Pellet,Left,423,70,392,0.75,0,FR1
2024-07-30 20:27:56,5,3.69,,FR1,Poke,Left,424,70,392,,0,FR1
2024-07-30 20:27:58,5,3.68,1.0,FR1,Pellet,Left,424,70,393,0.5,0,FR1
2024-07-30 20:28:20,5,3.68,,FR1,Poke,Left,425,70,393,,0,FR1
2024-07-30 20:28:22,5,3.69,1.0,FR1,Pellet,Left,425,70,394,0.63,0,FR1
2024-07-30 20:29:50,5,3.69,,FR1,Poke,Left,426,70,394,,0,FR1
2024-07-30 20:29:51,5,3.69,1.0,FR1,Pellet,Left,426,70,395,0.44,0,FR1
2024-07-30 20:30:12,5,3.69,,FR1,Poke,Left,427,70,395,,0,FR1
2024-07-30 20:30:14,5,3.69,1.0,FR1,Pellet,Left,427,70,396,0.56,0,FR1
2024-07-30 20:43:30,5,3.68,,FR1,Poke,Left,428,70,396,,0,FR1
2024-07-30 20:43:31,5,3.69,1.0,FR1,Pellet,Left,428,70,397,0.31,0,FR1
2024-07-30 20:43:50,5,3.68,,FR1,Poke,Left,429,70,397,,0,FR1
2024-07-30 20:43:51,5,3.69,2.0,FR1,Pellet,Left,429,70,398,0.19,0,FR1
2024-07-30 20:44:11,5,3.68,,FR1,Poke,Left,430,70,398,,0,FR1
2024-07-30 20:44:15,5,3.69,2.0,FR1,Pellet,Left,430,70,399,0.37,0,FR1
2024-07-30 20:44:38,5,3.68,,FR1,Poke,Left,431,70,399,,0,FR1
2024-07-30 20:44:39,5,3.68,2.0,FR1,Pellet,Left,431,70,400,0.12,0,FR1
2024-07-30 20:45:00,5,3.69,,FR1,Poke,Left,432,70,400,,0,FR1
2024-07-30 20:45:01,5,3.68,1.0,FR1,Pellet,Left,432,70,401,0.69,0,FR1
2024-07-30 20:45:23,5,3.69,,FR1,Poke,Left,433,70,401,,0,FR1
2024-07-30 20:45:24,5,3.69,1.0,FR1,Pellet,Left,433,70,402,0.37,0,FR1
2024-07-30 21:30:00,5,3.68,,FR1,Poke,Left,434,70,402,,0,FR1
2024-07-30 21:30:01,5,3.68,2.0,FR1,Pellet,Left,434,70,403,0.12,0,FR1
2024-07-30 21:30:25,5,3.68,,FR1,Poke,Left,435,70,403,,0,FR1
2024-07-30 21:30:26,5,3.68,2.0,FR1,Pellet,Left,435,70,404,0.06,0,FR1
2024-07-30 21:30:47,5,3.68,,FR1,Poke,Left,436,70,404,,0,FR1
2024-07-30 21:30:48,5,3.68,1.0,FR1,Pellet,Left,436,70,405,0.31,0,FR1
2024-07-30 21:44:43,5,3.68,,FR1,Poke,Left,437,70,405,,0,FR1
2024-07-30 21:44:45,5,3.68,1.0,FR1,Pellet,Left,437,70,406,0.82,0,FR1
2024-07-30 21:45:04,5,3.68,,FR1,Poke,Left,437,71,406,,0,FR1
2024-07-30 21:45:04,5,3.68,,FR1,Poke,Left,437,72,406,,0,FR1
2024-07-30 21:48:05,5,3.69,,FR1,Poke,Left,438,72,406,,0,FR1
2024-07-30 21:48:07,5,3.68,1.0,FR1,Pellet,Left,438,72,407,1.7,0,FR1
2024-07-30 21:48:26,5,3.68,,FR1,Poke,Left,438,73,407,,0,FR1
2024-07-30 22:05:45,5,3.68,,FR1,Poke,Left,438,74,407,,0,FR1
2024-07-30 22:10:07,5,3.68,,FR1,Poke,Left,439,74,407,,0,FR1
2024-07-30 22:10:08,5,3.68,1.0,FR1,Pellet,Left,439,74,408,0.44,0,FR1
2024-07-30 22:10:28,5,3.68,,FR1,Poke,Left,440,74,408,,0,FR1
2024-07-30 22:10:30,5,3.68,1.0,FR1,Pellet,Left,440,74,409,0.69,0,FR1
2024-07-30 22:19:22,5,3.68,,FR1,Poke,Left,440,75,409,,0,FR1
2024-07-30 22:19:25,5,3.67,,FR1,Poke,Left,440,76,409,,0,FR1
2024-07-30 22:19:30,5,3.68,,FR1,Poke,Left,440,77,409,,0,FR1
2024-07-30 22:21:35,5,3.68,,FR1,Poke,Left,440,78,409,,0,FR1
2024-07-30 22:21:39,5,3.68,,FR1,Poke,Left,441,78,409,,0,FR1
2024-07-30 22:21:40,5,3.68,1.0,FR1,Pellet,Left,441,78,410,0.25,0,FR1
2024-07-30 22:22:17,5,3.68,,FR1,Poke,Left,442,78,410,,0,FR1
2024-07-30 22:22:18,5,3.68,1.0,FR1,Pellet,Left,442,78,411,0.12,0,FR1
2024-07-30 22:22:38,5,3.68,,FR1,Poke,Left,443,78,411,,0,FR1
2024-07-30 22:22:39,5,3.68,1.0,FR1,Pellet,Left,443,78,412,0.25,0,FR1
2024-07-30 22:22:56,5,3.68,,FR1,Poke,Left,444,78,412,,0,FR1
2024-07-30 22:22:57,5,3.68,1.0,FR1,Pellet,Left,444,78,413,0.5,0,FR1
2024-07-30 22:23:16,5,3.68,,FR1,Poke,Left,445,78,413,,0,FR1
2024-07-30 22:23:19,5,3.68,3.0,FR1,Pellet,Left,445,78,414,0.12,0,FR1
2024-07-30 22:40:33,5,3.68,,FR1,Poke,Left,446,78,414,,0,FR1
2024-07-30 22:40:34,5,3.68,,FR1,Poke,Left,447,78,414,,0,FR1
2024-07-30 22:40:40,5,3.69,4.0,FR1,Pellet,Left,447,78,415,0.82,0,FR1
2024-07-30 22:43:11,5,3.68,,FR1,Poke,Left,447,79,415,,0,FR1
2024-07-30 22:43:12,5,3.68,,FR1,Poke,Left,447,80,415,,0,FR1
2024-07-30 22:43:49,5,3.68,,FR1,Poke,Left,448,80,415,,0,FR1
2024-07-30 22:43:51,5,3.68,2.0,FR1,Pellet,Left,448,80,416,0.88,0,FR1
2024-07-30 22:44:52,5,3.68,,FR1,Poke,Left,448,81,416,,0,FR1
2024-07-30 22:59:44,5,3.67,,FR1,Poke,Left,449,81,416,,0,FR1
2024-07-30 22:59:46,5,3.68,1.0,FR1,Pellet,Left,449,81,417,1.83,0,FR1
2024-07-30 23:00:10,5,3.68,,FR1,Poke,Left,450,81,417,,0,FR1
2024-07-30 23:00:10,5,3.68,,FR1,Poke,Left,451,81,417,,0,FR1
2024-07-30 23:00:16,5,3.68,3.0,FR1,Pellet,Left,451,81,418,0.5,0,FR1
2024-07-30 23:00:38,5,3.68,,FR1,Poke,Left,452,81,418,,0,FR1
2024-07-30 23:00:39,5,3.68,1.0,FR1,Pellet,Left,452,81,419,0.31,0,FR1
2024-07-30 23:01:07,5,3.68,,FR1,Poke,Left,453,81,419,,0,FR1
2024-07-30 23:01:08,5,3.68,1.0,FR1,Pellet,Left,453,81,420,0.63,0,FR1
2024-07-30 23:01:27,5,3.68,,FR1,Poke,Left,454,81,420,,0,FR1
2024-07-30 23:01:28,5,3.68,1.0,FR1,Pellet,Left,454,81,421,0.25,0,FR1
2024-07-30 23:01:54,5,3.68,,FR1,Poke,Left,454,82,421,,0,FR1
2024-07-30 23:01:56,5,3.68,,FR1,Poke,Left,454,83,421,,0,FR1
2024-07-30 23:02:04,5,3.68,,FR1,Poke,Left,454,84,421,,0,FR1
2024-07-30 23:02:05,5,3.67,,FR1,Poke,Left,454,85,421,,0,FR1
2024-07-30 23:02:18,5,3.68,,FR1,Poke,Left,455,85,421,,0,FR1
2024-07-30 23:02:20,5,3.68,1.0,FR1,Pellet,Left,455,85,422,1.01,0,FR1
2024-07-30 23:15:13,5,3.68,,FR1,Poke,Left,455,86,422,,0,FR1
2024-07-30 23:15:25,5,3.68,,FR1,Poke,Left,455,87,422,,0,FR1
2024-07-30 23:15:26,5,3.68,,FR1,Poke,Left,455,88,422,,0,FR1
2024-07-30 23:15:27,5,3.68,,FR1,Poke,Left,455,89,422,,0,FR1
2024-07-30 23:15:30,5,3.68,,FR1,Poke,Left,455,90,422,,0,FR1
2024-07-30 23:15:32,5,3.67,,FR1,Poke,Left,455,91,422,,0,FR1
2024-07-30 23:15:38,5,3.68,,FR1,Poke,Left,456,91,422,,0,FR1
2024-07-30 23:15:39,5,3.67,1.0,FR1,Pellet,Left,456,91,423,0.5,0,FR1
2024-07-30 23:26:48,5,3.67,,FR1,Poke,Left,457,91,423,,0,FR1
2024-07-30 23:26:48,5,3.68,,FR1,Poke,Left,458,91,423,,0,FR1
2024-07-30 23:26:52,5,3.68,3.0,FR1,Pellet,Left,458,91,424,0.44,0,FR1
2024-07-30 23:32:22,5,3.68,,FR1,Poke,Left,458,92,424,,0,FR1
2024-07-30 23:32:25,5,3.68,,FR1,Poke,Left,459,92,424,,0,FR1
2024-07-30 23:32:26,5,3.67,1.0,FR1,Pellet,Left,459,92,425,0.63,0,FR1
2024-07-30 23:32:42,5,3.67,,FR1,Poke,Left,460,92,425,,0,FR1
2024-07-30 23:32:43,5,3.68,2.0,FR1,Pellet,Left,460,92,426,0.12,0,FR1
2024-07-30 23:33:03,5,3.68,,FR1,Poke,Left,461,92,426,,0,FR1
2024-07-30 23:33:04,5,3.68,2.0,FR1,Pellet,Left,461,92,427,0.19,0,FR1
2024-07-31 00:33:42,5,3.67,,FR1,Poke,Left,462,92,427,,0,FR1
2024-07-31 00:33:43,5,3.68,1.0,FR1,Pellet,Left,462,92,428,0.88,0,FR1
2024-07-31 00:46:34,5,3.67,,FR1,Poke,Left,463,92,428,,0,FR1
2024-07-31 00:46:53,5,3.67,3.0,FR1,Pellet,Left,463,92,429,14.23,0,FR1
2024-07-31 00:47:17,5,3.67,,FR1,Poke,Left,464,92,429,,0,FR1
2024-07-31 00:47:18,5,3.67,1.0,FR1,Pellet,Left,464,92,430,0.37,0,FR1
2024-07-31 00:47:37,5,3.67,,FR1,Poke,Left,465,92,430,,0,FR1
2024-07-31 00:47:39,5,3.67,1.0,FR1,Pellet,Left,465,92,431,1.07,0,FR1
2024-07-31 00:48:00,5,3.67,,FR1,Poke,Left,466,92,431,,0,FR1
2024-07-31 00:48:01,5,3.67,1.0,FR1,Pellet,Left,466,92,432,0.37,0,FR1
2024-07-31 00:48:18,5,3.68,,FR1,Poke,Left,467,92,432,,0,FR1
2024-07-31 00:48:19,5,3.67,1.0,FR1,Pellet,Left,467,92,433,0.25,0,FR1
2024-07-31 00:51:40,5,3.67,,FR1,Poke,Left,467,93,433,,0,FR1
2024-07-31 00:51:41,5,3.67,,FR1,Poke,Left,467,94,433,,0,FR1
2024-07-31 00:51:43,5,3.67,,FR1,Poke,Left,467,95,433,,0,FR1
2024-07-31 01:37:44,5,3.67,,FR1,Poke,Left,468,95,433,,0,FR1
2024-07-31 01:38:00,5,3.67,3.0,FR1,Pellet,Left,468,95,434,11.81,0,FR1
2024-07-31 01:38:30,5,3.67,,FR1,Poke,Left,469,95,434,,0,FR1
2024-07-31 01:38:31,5,3.67,1.0,FR1,Pellet,Left,469,95,435,0.44,0,FR1
2024-07-31 01:38:49,5,3.68,,FR1,Poke,Left,470,95,435,,0,FR1
2024-07-31 01:38:50,5,3.67,2.0,FR1,Pellet,Left,470,95,436,0.12,0,FR1
2024-07-31 01:39:15,5,3.67,,FR1,Poke,Left,471,95,436,,0,FR1
2024-07-31 01:39:16,5,3.67,1.0,FR1,Pellet,Left,471,95,437,0.25,0,FR1
2024-07-31 02:33:37,5,3.67,,FR1,Poke,Left,472,95,437,,0,FR1
2024-07-31 02:33:38,5,3.67,1.0,FR1,Pellet,Left,472,95,438,0.25,0,FR1
2024-07-31 02:33:57,5,3.67,,FR1,Poke,Left,473,95,438,,0,FR1
2024-07-31 02:33:58,5,3.67,1.0,FR1,Pellet,Left,473,95,439,0.37,0,FR1
2024-07-31 02:37:42,5,3.67,,FR1,Poke,Left,473,96,439,,0,FR1
2024-07-31 02:38:37,5,3.67,,FR1,Poke,Left,474,96,439,,0,FR1
2024-07-31 02:38:40,5,3.67,2.0,FR1,Pellet,Left,474,96,440,0.31,0,FR1
2024-07-31 02:39:38,5,3.67,,FR1,Poke,Left,474,97,440,,0,FR1
2024-07-31 02:39:44,5,3.67,,FR1,Poke,Left,474,98,440,,0,FR1
2024-07-31 02:39:47,5,3.67,,FR1,Poke,Left,475,98,440,,0,FR1
2024-07-31 02:39:48,5,3.67,1.0,FR1,Pellet,Left,475,98,441,0.5,0,FR1
2024-07-31 02:43:02,5,3.67,,FR1,Poke,Left,475,99,441,,0,FR1
2024-07-31 02:43:05,5,3.67,,FR1,Poke,Left,476,99,441,,0,FR1
2024-07-31 02:43:08,5,3.67,1.0,FR1,Pellet,Left,476,99,442,1.96,0,FR1
2024-07-31 02:43:28,5,3.67,,FR1,Poke,Left,477,99,442,,0,FR1
2024-07-31 02:43:30,5,3.67,1.0,FR1,Pellet,Left,477,99,443,0.5,0,FR1
2024-07-31 02:45:47,5,3.67,,FR1,Poke,Left,478,99,443,,0,FR1
2024-07-31 02:45:50,5,3.67,3.0,FR1,Pellet,Left,478,99,444,0.06,0,FR1
2024-07-31 02:51:56,5,3.67,,FR1,Poke,Left,479,99,444,,0,FR1
2024-07-31 02:51:57,5,3.67,,FR1,Poke,Left,480,99,444,,0,FR1
2024-07-31 02:51:58,5,3.67,,FR1,Poke,Left,481,99,444,,0,FR1
2024-07-31 02:52:00,5,3.67,1.0,FR1,Pellet,Left,481,99,445,3.24,0,FR1
2024-07-31 04:41:34,5,3.67,,FR1,Poke,Left,482,99,445,,0,FR1
2024-07-31 04:41:35,5,3.67,1.0,FR1,Pellet,Left,482,99,446,0.31,0,FR1
2024-07-31 04:43:59,5,3.67,,FR1,Poke,Left,483,99,446,,0,FR1
2024-07-31 04:44:00,5,3.67,2.0,FR1,Pellet,Left,483,99,447,0.12,0,FR1
2024-07-31 04:45:46,5,3.67,,FR1,Poke,Left,484,99,447,,0,FR1
2024-07-31 04:45:47,5,3.67,1.0,FR1,Pellet,Left,484,99,448,0.25,0,FR1
2024-07-31 04:46:20,5,3.67,,FR1,Poke,Left,485,99,448,,0,FR1
2024-07-31 04:46:21,5,3.67,2.0,FR1,Pellet,Left,485,99,449,0.19,0,FR1
2024-07-31 04:46:42,5,3.67,,FR1,Poke,Left,486,99,449,,0,FR1
2024-07-31 04:46:43,5,3.67,1.0,FR1,Pellet,Left,486,99,450,0.44,0,FR1
2024-07-31 04:47:07,5,3.67,,FR1,Poke,Left,487,99,450,,0,FR1
2024-07-31 04:47:09,5,3.67,1.0,FR1,Pellet,Left,487,99,451,0.5,0,FR1
2024-07-31 05:25:28,5,3.67,,FR1,Poke,Left,488,99,451,,0,FR1
2024-07-31 05:25:29,5,3.67,1.0,FR1,Pellet,Left,488,99,452,0.5,0,FR1
2024-07-31 05:26:04,5,3.67,,FR1,Poke,Left,489,99,452,,0,FR1
2024-07-31 05:26:06,5,3.67,1.0,FR1,Pellet,Left,489,99,453,1.01,0,FR1
2024-07-31 05:26:23,5,3.67,,FR1,Poke,Left,490,99,453,,0,FR1
2024-07-31 05:26:28,5,3.67,3.0,FR1,Pellet,Left,490,99,454,0.44,0,FR1
2024-07-31 05:27:56,5,3.66,,FR1,Poke,Left,490,100,454,,0,FR1
2024-07-31 05:30:18,5,3.67,,FR1,Poke,Left,491,100,454,,0,FR1
2024-07-31 05:30:20,5,3.66,1.0,FR1,Pellet,Left,491,100,455,1.58,0,FR1
2024-07-31 05:30:38,5,3.67,,FR1,Poke,Left,492,100,455,,0,FR1
2024-07-31 05:30:40,5,3.66,1.0,FR1,Pellet,Left,492,100,456,0.82,0,FR1
2024-07-31 05:31:19,5,3.66,,FR1,Poke,Left,492,101,456,,0,FR1
2024-07-31 05:31:25,5,3.67,,FR1,Poke,Left,492,102,456,,0,FR1
2024-07-31 05:31:30,5,3.67,,FR1,Poke,Left,492,103,456,,0,FR1
2024-07-31 05:31:31,5,3.66,,FR1,Poke,Left,493,103,456,,0,FR1
2024-07-31 05:31:32,5,3.67,,FR1,Poke,Left,494,103,456,,0,FR1
2024-07-31 05:31:32,5,3.67,,FR1,Poke,Left,495,103,456,,0,FR1
2024-07-31 05:31:36,5,3.67,3.0,FR1,Pellet,Left,495,103,457,0.31,0,FR1
2024-07-31 05:31:55,5,3.67,,FR1,Poke,Left,496,103,457,,0,FR1
2024-07-31 05:31:58,5,3.65,3.0,FR1,Pellet,Left,496,103,458,0.06,0,FR1
2024-07-31 05:39:03,5,3.67,,FR1,Poke,Left,496,104,458,,0,FR1
2024-07-31 05:39:20,5,3.67,,FR1,Poke,Left,497,104,458,,0,FR1
2024-07-31 05:39:22,5,3.67,1.0,FR1,Pellet,Left,497,104,459,1.07,0,FR1
2024-07-31 05:42:22,5,3.67,,FR1,Poke,Left,497,105,459,,0,FR1
2024-07-31 05:42:24,5,3.67,,FR1,Poke,Left,498,105,459,,0,FR1
2024-07-31 05:42:25,5,3.67,1.0,FR1,Pellet,Left,498,105,460,0.31,0,FR1
2024-07-31 05:42:46,5,3.67,,FR1,Poke,Left,499,105,460,,0,FR1
2024-07-31 05:42:47,5,3.67,1.0,FR1,Pellet,Left,499,105,461,0.5,0,FR1
2024-07-31 05:43:24,5,3.67,,FR1,Poke,Left,500,105,461,,0,FR1
2024-07-31 05:43:25,5,3.67,,FR1,Poke,Left,501,105,461,,0,FR1
2024-07-31 05:43:30,5,3.67,,FR1,Poke,Left,502,105,461,,0,FR1
2024-07-31 05:43:32,5,3.66,2.0,FR1,Pellet,Left,502,105,462,3.87,0,FR1
2024-07-31 06:03:05,5,3.67,,FR1,Poke,Left,503,105,462,,0,FR1
2024-07-31 06:03:14,5,3.67,,FR1,Poke,Left,503,106,462,,0,FR1
2024-07-31 06:04:42,5,3.67,2.0,FR1,Pellet,Left,503,106,463,,0,FR1
2024-07-31 06:05:09,5,3.67,,FR1,Poke,Left,504,106,463,,0,FR1
2024-07-31 08:26:14,5,3.66,2.0,FR1,Pellet,Left,504,106,464,,0,FR1
2024-07-31 08:26:55,5,3.66,,FR1,Poke,Left,505,106,464,,0,FR1
2024-07-31 08:26:57,5,3.66,1.0,FR1,Pellet,Left,505,106,465,0.5,0,FR1
2024-07-31 08:27:18,5,3.65,,FR1,Poke,Left,506,106,465,,0,FR1
2024-07-31 08:27:19,5,3.67,1.0,FR1,Pellet,Left,506,106,466,0.5,0,FR1
2024-07-31 11:02:52,5,3.66,,FR1,Poke,Left,507,106,466,,0,FR1
2024-07-31 11:02:56,5,3.65,,FR1,Poke,Left,508,106,466,,0,FR1
2024-07-31 11:02:57,5,3.65,2.0,FR1,Pellet,Left,508,106,467,2.36,0,FR1
2024-07-31 11:03:24,5,3.65,,FR1,Poke,Left,508,107,467,,0,FR1
2024-07-31 11:03:26,5,3.66,,FR1,Poke,Left,509,107,467,,0,FR1
2024-07-31 11:03:27,5,3.66,1.0,FR1,Pellet,Left,509,107,468,0.19,0,FR1
2024-07-31 11:03:51,5,3.66,,FR1,Poke,Left,510,107,468,,0,FR1
2024-07-31 11:03:52,5,3.66,1.0,FR1,Pellet,Left,510,107,469,0.63,0,FR1
2024-07-31 11:10:43,5,3.66,,FR1,Poke,Left,511,107,469,,0,FR1
2024-07-31 11:13:16,5,4.12,,FR1,Poke,Left,512,107,469,,1,FR1
2024-07-31 11:13:46,5,4.13,,FR1,Poke,Left,512,108,469,,1,FR1
2024-07-31 11:15:24,5,4.13,,FR1,Poke,Left,512,109,469,,1,FR1
2024-07-31 11:19:41,5,4.13,4.0,FR1,Pellet,Left,512,109,470,,1,FR1
2024-07-31 11:25:23,5,4.14,,FR1,Poke,Left,512,110,470,,1,FR1
2024-07-31 11:25:49,5,4.13,,FR1,Poke,Left,512,111,470,,1,FR1
2024-07-31 11:25:51,5,4.13,,FR1,Poke,Left,513,111,470,,1,FR1
2024-07-31 11:26:02,5,4.14,,FR1,Poke,Left,514,111,470,,1,FR1
2024-07-31 11:26:03,5,4.14,,FR1,Poke,Left,515,111,470,,1,FR1
2024-07-31 11:27:23,5,4.14,,FR1,Poke,Left,515,112,470,,1,FR1
2024-07-31 14:06:56,5,4.12,2.0,FR1,Pellet,Left,515,112,471,,1,FR1
2024-07-31 14:07:24,5,4.12,,FR1,Poke,Left,515,113,471,,1,FR1
2024-07-31 14:07:30,5,4.12,,FR1,Poke,Left,516,113,471,,1,FR1
2024-07-31 14:07:32,5,4.13,2.0,FR1,Pellet,Left,516,113,472,0.82,1,FR1
2024-07-31 14:08:37,5,4.12,,FR1,Poke,Left,517,113,472,,1,FR1
2024-07-31 14:08:38,5,4.13,1.0,FR1,Pellet,Left,517,113,473,0.18,1,FR1
2024-07-31 14:09:01,5,4.12,,FR1,Poke,Left,518,113,473,,1,FR1
2024-07-31 14:09:18,5,4.12,2.0,FR1,Pellet,Left,518,113,474,14.01,1,FR1
2024-07-31 14:10:06,5,4.12,,FR1,Poke,Left,518,114,474,,1,FR1
2024-07-31 14:11:27,5,4.12,,FR1,Poke,Left,519,114,474,,1,FR1
2024-07-31 14:11:30,5,4.12,2.0,FR1,Pellet,Left,519,114,475,0.19,1,FR1
2024-07-31 14:11:52,5,4.13,,FR1,Poke,Left,520,114,475,,1,FR1
2024-07-31 14:11:53,5,4.12,1.0,FR1,Pellet,Left,520,114,476,0.25,1,FR1
2024-07-31 14:12:13,5,4.12,,FR1,Poke,Left,521,114,476,,1,FR1
2024-07-31 14:12:15,5,4.12,1.0,FR1,Pellet,Left,521,114,477,1.07,1,FR1
2024-07-31 17:05:03,5,4.11,,FR1,Poke,Left,522,114,477,,1,FR1
2024-07-31 17:05:04,5,4.12,1.0,FR1,Pellet,Left,522,114,478,0.44,1,FR1
2024-07-31 17:05:25,5,4.12,,FR1,Poke,Left,523,114,478,,1,FR1
2024-07-31 17:05:27,5,4.12,2.0,FR1,Pellet,Left,523,114,479,0.37,1,FR1
2024-07-31 17:08:52,5,4.12,,FR1,Poke,Left,524,114,479,,1,FR1
2024-07-31 17:09:17,5,4.12,1.0,FR1,Pellet,Left,524,114,480,24.38,1,FR1
2024-07-31 17:10:15,5,4.12,,FR1,Poke,Left,525,114,480,,1,FR1
2024-07-31 17:10:16,5,4.12,1.0,FR1,Pellet,Left,525,114,481,0.75,1,FR1
2024-07-31 17:10:54,5,4.12,,FR1,Poke,Left,525,115,481,,1,FR1
2024-07-31 17:10:56,5,4.12,,FR1,Poke,Left,525,116,481,,1,FR1
2024-07-31 18:00:20,5,4.12,,FR1,Poke,Left,526,116,481,,1,FR1
2024-07-31 18:00:22,5,4.12,1.0,FR1,Pellet,Left,526,116,482,1.01,1,FR1
2024-07-31 18:00:40,5,4.11,,FR1,Poke,Left,527,116,482,,1,FR1
2024-07-31 18:00:43,5,4.12,2.0,FR1,Pellet,Left,527,116,483,0.06,1,FR1
2024-07-31 18:01:19,5,4.12,,FR1,Poke,Left,528,116,483,,1,FR1
2024-07-31 18:01:20,5,4.11,1.0,FR1,Pellet,Left,528,116,484,0.25,1,FR1
2024-07-31 18:01:46,5,4.12,,FR1,Poke,Left,529,116,484,,1,FR1
2024-07-31 18:01:49,5,4.12,,FR1,Poke,Left,530,116,484,,1,FR1
2024-07-31 18:01:51,5,4.11,1.0,FR1,Pellet,Left,530,116,485,3.49,1,FR1
2024-07-31 18:22:10,5,4.11,,FR1,Poke,Left,531,116,485,,1,FR1
2024-07-31 18:22:11,5,4.11,,FR1,Poke,Left,532,116,485,,1,FR1
2024-07-31 18:22:16,5,4.12,3.0,FR1,Pellet,Left,532,116,486,1.77,1,FR1
2024-07-31 18:22:36,5,4.12,,FR1,Poke,Left,533,116,486,,1,FR1
2024-07-31 18:22:37,5,4.11,1.0,FR1,Pellet,Left,533,116,487,0.88,1,FR1
2024-07-31 18:26:02,5,4.11,,FR1,Poke,Left,533,117,487,,1,FR1
2024-07-31 18:27:10,5,4.12,,FR1,Poke,Left,534,117,487,,1,FR1
2024-07-31 18:27:32,5,4.11,2.0,FR1,Pellet,Left,534,117,488,19.3,1,FR1
2024-07-31 18:33:09,5,4.11,,FR1,Poke,Left,534,118,488,,1,FR1
2024-07-31 18:34:16,5,4.12,,FR1,Poke,Left,535,118,488,,1,FR1
2024-07-31 18:34:18,5,4.11,1.0,FR1,Pellet,Left,535,118,489,0.94,1,FR1
2024-07-31 18:35:06,5,4.11,,FR1,Poke,Left,535,119,489,,1,FR1
2024-07-31 18:35:07,5,4.11,,FR1,Poke,Left,535,120,489,,1,FR1
2024-07-31 18:35:09,5,4.12,,FR1,Poke,Left,535,121,489,,1,FR1
2024-07-31 18:35:10,5,4.12,,FR1,Poke,Left,535,122,489,,1,FR1
2024-07-31 18:38:32,5,4.12,,FR1,Poke,Left,536,122,489,,1,FR1
2024-07-31 18:38:50,5,4.12,1.0,FR1,Pellet,Left,536,122,490,16.96,1,FR1
2024-07-31 18:41:58,5,4.12,,FR1,Poke,Left,537,122,490,,1,FR1
2024-07-31 18:42:02,5,4.11,3.0,FR1,Pellet,Left,537,122,491,0.31,1,FR1
2024-07-31 18:46:40,5,4.11,,FR1,Poke,Left,538,122,491,,1,FR1
2024-07-31 18:46:42,5,4.11,2.0,FR1,Pellet,Left,538,122,492,0.19,1,FR1
2024-07-31 18:47:27,5,4.12,,FR1,Poke,Left,539,122,492,,1,FR1
2024-07-31 18:47:49,5,4.12,2.0,FR1,Pellet,Left,539,122,493,18.99,1,FR1
2024-07-31 19:03:31,5,4.11,,FR1,Poke,Left,540,122,493,,1,FR1
2024-07-31 19:03:32,5,4.11,1.0,FR1,Pellet,Left,540,122,494,0.19,1,FR1
2024-07-31 19:03:58,5,4.11,,FR1,Poke,Left,541,122,494,,1,FR1
2024-07-31 19:03:59,5,4.11,2.0,FR1,Pellet,Left,541,122,495,0.06,1,FR1
2024-07-31 19:04:18,5,4.11,,FR1,Poke,Left,542,122,495,,1,FR1
2024-07-31 19:04:19,5,4.12,2.0,FR1,Pellet,Left,542,122,496,0.06,1,FR1
2024-07-31 19:05:02,5,4.12,,FR1,Poke,Left,543,122,496,,1,FR1
2024-07-31 19:05:04,5,4.12,2.0,FR1,Pellet,Left,543,122,497,0.44,1,FR1
2024-07-31 19:19:51,5,4.11,,FR1,Poke,Left,544,122,497,,1,FR1
2024-07-31 19:19:53,5,4.12,2.0,FR1,Pellet,Left,544,122,498,1.01,1,FR1
2024-07-31 19:20:17,5,4.11,,FR1,Poke,Left,545,122,498,,1,FR1
2024-07-31 19:20:19,5,4.11,2.0,FR1,Pellet,Left,545,122,499,0.12,1,FR1
2024-07-31 19:38:58,5,4.11,,FR1,Poke,Left,546,122,499,,1,FR1
2024-07-31 19:38:59,5,4.11,2.0,FR1,Pellet,Left,546,122,500,0.31,1,FR1
2024-07-31 19:39:18,5,4.11,,FR1,Poke,Left,547,122,500,,1,FR1
2024-07-31 19:39:19,5,4.11,1.0,FR1,Pellet,Left,547,122,501,0.31,1,FR1
2024-07-31 19:39:39,5,4.11,,FR1,Poke,Left,548,122,501,,1,FR1
2024-07-31 19:39:41,5,4.11,2.0,FR1,Pellet,Left,548,122,502,0.19,1,FR1
2024-07-31 19:40:03,5,4.12,,FR1,Poke,Left,549,122,502,,1,FR1
2024-07-31 19:40:04,5,4.11,1.0,FR1,Pellet,Left,549,122,503,0.44,1,FR1
2024-07-31 19:40:23,5,4.11,,FR1,Poke,Left,550,122,503,,1,FR1
2024-07-31 19:40:37,5,4.11,2.0,FR1,Pellet,Left,550,122,504,10.78,1,FR1
2024-07-31 19:56:23,5,4.11,,FR1,Poke,Left,551,122,504,,1,FR1
2024-07-31 19:56:24,5,4.11,1.0,FR1,Pellet,Left,551,122,505,0.56,1,FR1
2024-07-31 19:56:53,5,4.11,,FR1,Poke,Left,551,123,505,,1,FR1
2024-07-31 19:59:18,5,4.11,,FR1,Poke,Left,551,124,505,,1,FR1
2024-07-31 20:00:46,5,4.11,,FR1,Poke,Left,551,125,505,,1,FR1
2024-07-31 20:00:57,5,4.11,,FR1,Poke,Left,552,125,505,,1,FR1
2024-07-31 20:01:03,5,4.11,,FR1,Poke,Left,553,125,505,,1,FR1
2024-07-31 20:06:20,5,4.11,1.0,FR1,Pellet,Left,553,125,506,,1,FR1
2024-07-31 20:07:22,5,4.11,,FR1,Poke,Left,553,126,506,,1,FR1
2024-07-31 20:07:25,5,4.11,,FR1,Poke,Left,553,127,506,,1,FR1
2024-07-31 20:07:37,5,4.11,,FR1,Poke,Left,554,127,506,,1,FR1
2024-07-31 20:07:37,5,4.11,,FR1,Poke,Left,555,127,506,,1,FR1
2024-07-31 20:07:44,5,4.11,,FR1,Poke,Left,556,127,506,,1,FR1
2024-07-31 20:07:45,5,4.11,,FR1,Poke,Left,557,127,506,,1,FR1
2024-07-31 20:13:41,5,4.11,2.0,FR1,Pellet,Left,557,127,507,,1,FR1
2024-07-31 20:14:50,5,4.11,,FR1,Poke,Left,557,128,507,,1,FR1
2024-07-31 20:28:06,5,4.11,,FR1,Poke,Left,558,128,507,,1,FR1
2024-07-31 20:28:07,5,4.11,1.0,FR1,Pellet,Left,558,128,508,0.82,1,FR1
2024-07-31 20:29:23,5,4.11,,FR1,Poke,Left,558,129,508,,1,FR1
2024-07-31 20:32:05,5,4.11,,FR1,Poke,Left,558,130,508,,1,FR1
2024-07-31 20:32:10,5,4.11,,FR1,Poke,Left,559,130,508,,1,FR1
2024-07-31 20:32:11,5,4.11,2.0,FR1,Pellet,Left,559,130,509,0.31,1,FR1
2024-07-31 20:32:30,5,4.11,,FR1,Poke,Left,560,130,509,,1,FR1
2024-07-31 20:32:32,5,4.11,2.0,FR1,Pellet,Left,560,130,510,0.63,1,FR1
2024-07-31 20:33:32,5,4.11,,FR1,Poke,Left,561,130,510,,1,FR1
2024-07-31 20:33:35,5,4.11,1.0,FR1,Pellet,Left,561,130,511,2.4,1,FR1
2024-07-31 20:33:55,5,4.11,,FR1,Poke,Left,561,131,511,,1,FR1
2024-07-31 20:33:56,5,4.11,,FR1,Poke,Left,561,132,511,,1,FR1
2024-07-31 20:33:58,5,4.11,,FR1,Poke,Left,561,133,511,,1,FR1
2024-07-31 20:35:13,5,4.11,,FR1,Poke,Left,562,133,511,,1,FR1
2024-07-31 20:47:38,5,4.11,3.0,FR1,Pellet,Left,562,133,512,,1,FR1
2024-07-31 20:48:11,5,4.11,,FR1,Poke,Left,562,134,512,,1,FR1
2024-07-31 20:48:19,5,4.11,,FR1,Poke,Left,563,134,512,,1,FR1
2024-07-31 20:48:25,5,4.11,,FR1,Poke,Left,563,135,512,,1,FR1
2024-07-31 20:50:16,5,4.11,,FR1,Poke,Left,564,135,512,,1,FR1
2024-07-31 20:51:31,5,4.11,,FR1,Poke,Left,564,136,512,,1,FR1
2024-07-31 20:51:44,5,4.11,,FR1,Poke,Left,564,137,512,,1,FR1
2024-07-31 20:54:06,5,4.11,2.0,FR1,Pellet,Left,564,137,513,,1,FR1
2024-07-31 20:55:28,5,4.11,,FR1,Poke,Left,565,137,513,,1,FR1
2024-07-31 20:55:32,5,4.11,3.0,FR1,Pellet,Left,565,137,514,1.26,1,FR1
2024-07-31 20:58:19,5,4.11,,FR1,Poke,Left,566,137,514,,1,FR1
2024-07-31 20:58:21,5,4.11,2.0,FR1,Pellet,Left,566,137,515,1.26,1,FR1
2024-07-31 20:59:24,5,4.11,,FR1,Poke,Left,566,138,515,,1,FR1
2024-07-31 21:14:13,5,4.11,,FR1,Poke,Left,566,139,515,,1,FR1
2024-07-31 21:19:06,5,4.11,,FR1,Poke,Left,567,139,515,,1,FR1
2024-07-31 21:19:12,5,4.11,3.0,FR1,Pellet,Left,567,139,516,3.04,1,FR1
2024-07-31 21:20:02,5,4.11,,FR1,Poke,Left,567,140,516,,1,FR1
2024-07-31 21:20:33,5,4.11,,FR1,Poke,Left,568,140,516,,1,FR1
2024-07-31 21:21:04,5,4.11,2.0,FR1,Pellet,Left,568,140,517,29.95,1,FR1
2024-07-31 21:23:41,5,4.11,,FR1,Poke,Left,568,141,517,,1,FR1
2024-07-31 21:24:23,5,4.11,,FR1,Poke,Left,568,142,517,,1,FR1
2024-07-31 21:24:25,5,4.11,,FR1,Poke,Left,568,143,517,,1,FR1
2024-07-31 21:24:28,5,4.11,,FR1,Poke,Left,569,143,517,,1,FR1
2024-07-31 21:26:27,5,4.11,2.0,FR1,Pellet,Left,569,143,518,,1,FR1
2024-07-31 22:21:01,5,4.11,,FR1,Poke,Left,570,143,518,,1,FR1
2024-07-31 22:21:15,5,4.11,3.0,FR1,Pellet,Left,570,143,519,9.45,1,FR1
2024-07-31 22:21:36,5,4.1,,FR1,Poke,Left,571,143,519,,1,FR1
2024-07-31 22:21:39,5,4.1,2.0,FR1,Pellet,Left,571,143,520,0.56,1,FR1
2024-07-31 22:22:17,5,4.11,,FR1,Poke,Left,572,143,520,,1,FR1
2024-07-31 22:22:19,5,4.11,2.0,FR1,Pellet,Left,572,143,521,0.69,1,FR1
2024-07-31 22:22:33,5,4.11,,FR1,Poke,Left,573,143,521,,1,FR1
2024-07-31 22:22:34,5,4.11,1.0,FR1,Pellet,Left,573,143,522,0.25,1,FR1
2024-07-31 22:23:02,5,4.11,,FR1,Poke,Left,574,143,522,,1,FR1
2024-07-31 22:23:04,5,4.1,2.0,FR1,Pellet,Left,574,143,523,0.44,1,FR1
2024-07-31 22:23:27,5,4.11,,FR1,Poke,Left,575,143,523,,1,FR1
2024-07-31 22:23:30,5,4.1,2.0,FR1,Pellet,Left,575,143,524,2.15,1,FR1
2024-07-31 22:23:47,5,4.1,,FR1,Poke,Left,576,143,524,,1,FR1
2024-07-31 22:23:48,5,4.1,2.0,FR1,Pellet,Left,576,143,525,0.44,1,FR1
2024-07-31 23:24:37,5,4.1,,FR1,Poke,Left,577,143,525,,1,FR1
2024-07-31 23:24:40,5,4.1,2.0,FR1,Pellet,Left,577,143,526,1.32,1,FR1
2024-07-31 23:25:03,5,4.1,,FR1,Poke,Left,578,143,526,,1,FR1
2024-07-31 23:25:04,5,4.1,2.0,FR1,Pellet,Left,578,143,527,0.37,1,FR1
2024-07-31 23:25:27,5,4.11,,FR1,Poke,Left,579,143,527,,1,FR1
2024-07-31 23:25:28,5,4.1,2.0,FR1,Pellet,Left,579,143,528,0.25,1,FR1
2024-07-31 23:25:50,5,4.1,,FR1,Poke,Left,580,143,528,,1,FR1
2024-07-31 23:25:52,5,4.1,1.0,FR1,Pellet,Left,580,143,529,0.37,1,FR1
2024-07-31 23:26:14,5,4.11,,FR1,Poke,Left,581,143,529,,1,FR1
2024-07-31 23:26:15,5,4.11,1.0,FR1,Pellet,Left,581,143,530,0.5,1,FR1
2024-07-31 23:47:32,5,4.11,,FR1,Poke,Left,582,143,530,,1,FR1
2024-07-31 23:47:33,5,4.11,2.0,FR1,Pellet,Left,582,143,531,0.06,1,FR1
2024-07-31 23:48:00,5,4.1,,FR1,Poke,Left,583,143,531,,1,FR1
2024-07-31 23:48:01,5,4.1,1.0,FR1,Pellet,Left,583,143,532,0.69,1,FR1
2024-07-31 23:48:32,5,4.1,,FR1,Poke,Left,584,143,532,,1,FR1
2024-07-31 23:48:33,5,4.11,1.0,FR1,Pellet,Left,584,143,533,0.44,1,FR1
2024-07-31 23:54:10,5,4.1,,FR1,Poke,Left,584,144,533,,1,FR1
2024-07-31 23:56:47,5,4.1,,FR1,Poke,Left,585,144,533,,1,FR1
2024-07-31 23:56:49,5,4.1,2.0,FR1,Pellet,Left,585,144,534,0.31,1,FR1
2024-08-01 00:01:20,5,4.1,,FR1,Poke,Left,586,144,534,,1,FR1
2024-08-01 00:01:22,5,4.1,1.0,FR1,Pellet,Left,586,144,535,0.94,1,FR1
2024-08-01 00:01:43,5,4.1,,FR1,Poke,Left,587,144,535,,1,FR1
2024-08-01 00:01:44,5,4.11,2.0,FR1,Pellet,Left,587,144,536,0.31,1,FR1
2024-08-01 00:13:00,5,4.1,,FR1,Poke,Left,587,145,536,,1,FR1
2024-08-01 00:13:16,5,4.1,,FR1,Poke,Left,587,146,536,,1,FR1
2024-08-01 00:15:44,5,4.1,,FR1,Poke,Left,587,147,536,,1,FR1
2024-08-01 00:16:22,5,4.1,,FR1,Poke,Left,588,147,536,,1,FR1
2024-08-01 00:16:23,5,4.1,2.0,FR1,Pellet,Left,588,147,537,0.06,1,FR1
2024-08-01 00:17:00,5,4.09,,FR1,Poke,Left,588,148,537,,1,FR1
2024-08-01 00:17:01,5,4.1,,FR1,Poke,Left,589,148,537,,1,FR1
2024-08-01 00:17:03,5,4.1,2.0,FR1,Pellet,Left,589,148,538,0.25,1,FR1
2024-08-01 00:28:51,5,4.1,,FR1,Poke,Left,590,148,538,,1,FR1
2024-08-01 00:28:53,5,4.1,2.0,FR1,Pellet,Left,590,148,539,1.2,1,FR1
2024-08-01 00:29:15,5,4.1,,FR1,Poke,Left,590,149,539,,1,FR1
2024-08-01 01:49:26,5,4.09,,FR1,Poke,Left,591,149,539,,1,FR1
2024-08-01 01:49:28,5,4.09,2.0,FR1,Pellet,Left,591,149,540,0.44,1,FR1
2024-08-01 01:49:51,5,4.09,,FR1,Poke,Left,592,149,540,,1,FR1
2024-08-01 01:49:52,5,4.1,1.0,FR1,Pellet,Left,592,149,541,0.37,1,FR1
2024-08-01 01:50:23,5,4.1,,FR1,Poke,Left,593,149,541,,1,FR1
2024-08-01 01:50:24,5,4.09,2.0,FR1,Pellet,Left,593,149,542,0.63,1,FR1
2024-08-01 01:50:45,5,4.09,,FR1,Poke,Left,594,149,542,,1,FR1
2024-08-01 01:50:47,5,4.09,1.0,FR1,Pellet,Left,594,149,543,0.5,1,FR1
2024-08-01 01:51:06,5,4.09,,FR1,Poke,Left,595,149,543,,1,FR1
2024-08-01 01:51:07,5,4.1,1.0,FR1,Pellet,Left,595,149,544,0.19,1,FR1
2024-08-01 02:06:30,5,4.1,,FR1,Poke,Left,596,149,544,,1,FR1
2024-08-01 02:06:31,5,4.09,1.0,FR1,Pellet,Left,596,149,545,0.37,1,FR1
2024-08-01 02:34:23,5,4.09,,FR1,Poke,Left,597,149,545,,1,FR1
2024-08-01 02:34:24,5,4.09,2.0,FR1,Pellet,Left,597,149,546,0.12,1,FR1
2024-08-01 02:34:52,5,4.1,,FR1,Poke,Left,598,149,546,,1,FR1
2024-08-01 02:34:53,5,4.09,1.0,FR1,Pellet,Left,598,149,547,0.18,1,FR1
2024-08-01 02:35:54,5,4.09,,FR1,Poke,Left,599,149,547,,1,FR1
2024-08-01 02:35:54,5,4.09,,FR1,Poke,Left,600,149,547,,1,FR1
2024-08-01 02:35:55,5,4.09,,FR1,Poke,Left,601,149,547,,1,FR1
2024-08-01 02:35:58,5,4.09,2.0,FR1,Pellet,Left,601,149,548,0.37,1,FR1
2024-08-01 02:36:19,5,4.09,,FR1,Poke,Left,602,149,548,,1,FR1
2024-08-01 02:36:21,5,4.09,1.0,FR1,Pellet,Left,602,149,549,1.01,1,FR1
2024-08-01 02:39:32,5,4.09,,FR1,Poke,Left,602,150,549,,1,FR1
2024-08-01 02:53:46,5,4.09,,FR1,Poke,Left,603,150,549,,1,FR1
2024-08-01 02:54:05,5,4.09,2.0,FR1,Pellet,Left,603,150,550,15.56,1,FR1
2024-08-01 03:03:25,5,4.09,,FR1,Poke,Left,603,151,550,,1,FR1
2024-08-01 03:03:27,5,4.09,,FR1,Poke,Left,604,151,550,,1,FR1
2024-08-01 03:03:28,5,4.09,1.0,FR1,Pellet,Left,604,151,551,0.5,1,FR1
2024-08-01 03:03:47,5,4.1,,FR1,Poke,Left,605,151,551,,1,FR1
2024-08-01 03:03:48,5,4.09,1.0,FR1,Pellet,Left,605,151,552,0.63,1,FR1
2024-08-01 03:04:14,5,4.09,,FR1,Poke,Left,606,151,552,,1,FR1
2024-08-01 03:04:14,5,4.09,,FR1,Poke,Left,607,151,552,,1,FR1
2024-08-01 03:04:18,5,4.09,2.0,FR1,Pellet,Left,607,151,553,0.25,1,FR1
2024-08-01 03:05:43,5,4.09,,FR1,Poke,Left,608,151,553,,1,FR1
2024-08-01 03:05:45,5,4.09,1.0,FR1,Pellet,Left,608,151,554,0.75,1,FR1
2024-08-01 03:08:33,5,4.09,,FR1,Poke,Left,608,152,554,,1,FR1
2024-08-01 03:08:41,5,4.09,,FR1,Poke,Left,608,153,554,,1,FR1
2024-08-01 03:09:08,5,4.09,,FR1,Poke,Left,609,153,554,,1,FR1
2024-08-01 03:09:30,5,4.09,2.0,FR1,Pellet,Left,609,153,555,21.54,1,FR1
2024-08-01 04:15:51,5,4.09,,FR1,Poke,Left,610,153,555,,1,FR1
2024-08-01 04:15:52,5,4.09,1.0,FR1,Pellet,Left,610,153,556,0.19,1,FR1
2024-08-01 04:16:19,5,4.09,,FR1,Poke,Left,611,153,556,,1,FR1
2024-08-01 04:16:20,5,4.09,2.0,FR1,Pellet,Left,611,153,557,0.19,1,FR1
2024-08-01 04:17:55,5,4.09,,FR1,Poke,Left,612,153,557,,1,FR1
2024-08-01 04:17:58,5,4.09,2.0,FR1,Pellet,Left,612,153,558,0.19,1,FR1
2024-08-01 04:34:44,5,4.09,,FR1,Poke,Left,613,153,558,,1,FR1
2024-08-01 04:34:46,5,4.09,2.0,FR1,Pellet,Left,613,153,559,0.19,1,FR1
2024-08-01 04:35:55,5,4.09,,FR1,Poke,Left,614,153,559,,1,FR1
2024-08-01 04:35:56,5,4.09,1.0,FR1,Pellet,Left,614,153,560,0.82,1,FR1
2024-08-01 04:49:37,5,4.09,,FR1,Poke,Left,615,153,560,,1,FR1
2024-08-01 04:49:39,5,4.09,1.0,FR1,Pellet,Left,615,153,561,1.13,1,FR1
2024-08-01 04:50:23,5,4.09,,FR1,Poke,Left,615,154,561,,1,FR1
2024-08-01 04:51:01,5,4.09,,FR1,Poke,Left,615,155,561,,1,FR1
2024-08-01 04:51:08,5,4.08,,FR1,Poke,Left,615,156,561,,1,FR1
2024-08-01 04:54:16,5,4.09,,FR1,Poke,Left,615,157,561,,1,FR1
2024-08-01 04:54:37,5,4.09,,FR1,Poke,Left,616,157,561,,1,FR1
2024-08-01 04:54:56,5,4.09,2.0,FR1,Pellet,Left,616,157,562,17.4,1,FR1
2024-08-01 04:58:47,5,4.09,,FR1,Poke,Left,617,157,562,,1,FR1
2024-08-01 04:58:49,5,4.09,1.0,FR1,Pellet,Left,617,157,563,0.94,1,FR1
2024-08-01 04:59:12,5,4.09,,FR1,Poke,Left,618,157,563,,1,FR1
2024-08-01 04:59:14,5,4.09,1.0,FR1,Pellet,Left,618,157,564,1.26,1,FR1
2024-08-01 04:59:39,5,4.09,,FR1,Poke,Left,618,158,564,,1,FR1
2024-08-01 05:06:40,5,4.09,,FR1,Poke,Left,619,158,564,,1,FR1
2024-08-01 05:06:41,5,4.09,1.0,FR1,Pellet,Left,619,158,565,0.88,1,FR1
2024-08-01 05:13:04,5,4.09,,FR1,Poke,Left,619,159,565,,1,FR1
2024-08-01 05:13:19,5,4.09,,FR1,Poke,Left,620,159,565,,1,FR1
2024-08-01 05:13:21,5,4.09,2.0,FR1,Pellet,Left,620,159,566,0.94,1,FR1
2024-08-01 05:16:23,5,4.09,,FR1,Poke,Left,621,159,566,,1,FR1
2024-08-01 05:16:29,5,4.09,1.0,FR1,Pellet,Left,621,159,567,4.94,1,FR1
2024-08-01 05:31:01,5,4.09,,FR1,Poke,Left,622,159,567,,1,FR1
2024-08-01 05:31:01,5,4.09,,FR1,Poke,Left,623,159,567,,1,FR1
2024-08-01 05:31:04,5,4.09,,FR1,Poke,Left,624,159,567,,1,FR1
2024-08-01 05:31:12,5,4.09,4.0,FR1,Pellet,Left,624,159,568,3.04,1,FR1
2024-08-01 06:06:35,5,4.09,,FR1,Poke,Left,625,159,568,,1,FR1
2024-08-01 06:06:37,5,4.09,1.0,FR1,Pellet,Left,625,159,569,0.44,1,FR1
2024-08-01 06:07:08,5,4.09,,FR1,Poke,Left,626,159,569,,1,FR1
2024-08-01 06:07:09,5,4.09,1.0,FR1,Pellet,Left,626,159,570,0.31,1,FR1
2024-08-01 06:07:33,5,4.09,,FR1,Poke,Left,627,159,570,,1,FR1
2024-08-01 06:07:34,5,4.09,2.0,FR1,Pellet,Left,627,159,571,0.25,1,FR1
2024-08-01 06:07:58,5,4.09,,FR1,Poke,Left,627,160,571,,1,FR1
2024-08-01 06:15:26,5,4.09,,FR1,Poke,Left,628,160,571,,1,FR1
2024-08-01 06:15:28,5,4.09,1.0,FR1,Pellet,Left,628,160,572,1.07,1,FR1
2024-08-01 06:29:43,5,4.08,,FR1,Poke,Left,628,161,572,,1,FR1
2024-08-01 06:32:02,5,4.09,,FR1,Poke,Left,629,161,572,,1,FR1
2024-08-01 06:32:05,5,4.09,2.0,FR1,Pellet,Left,629,161,573,0.5,1,FR1
2024-08-01 06:34:51,5,4.09,,FR1,Poke,Left,629,162,573,,1,FR1
2024-08-01 06:34:52,5,4.09,,FR1,Poke,Left,630,162,573,,1,FR1
2024-08-01 06:34:55,5,4.09,1.0,FR1,Pellet,Left,630,162,574,2.02,1,FR1
2024-08-01 06:36:19,5,4.09,,FR1,Poke,Left,630,163,574,,1,FR1
2024-08-01 06:36:28,5,4.09,,FR1,Poke,Left,631,163,574,,1,FR1
2024-08-01 06:36:29,5,4.09,,FR1,Poke,Left,632,163,574,,1,FR1
2024-08-01 06:36:36,5,4.08,,FR1,Poke,Left,633,163,574,,1,FR1
2024-08-01 06:36:37,5,4.09,,FR1,Poke,Left,634,163,574,,1,FR1
2024-08-01 06:36:38,5,4.09,,FR1,Poke,Left,635,163,574,,1,FR1
2024-08-01 06:36:39,5,4.09,,FR1,Poke,Left,636,163,574,,1,FR1
2024-08-01 06:36:40,5,4.09,,FR1,Poke,Left,637,163,574,,1,FR1
2024-08-01 06:36:41,5,4.08,,FR1,Poke,Left,638,163,574,,1,FR1
2024-08-01 06:36:44,5,4.09,3.0,FR1,Pellet,Left,638,163,575,12.22,1,FR1
2024-08-01 06:37:07,5,4.09,,FR1,Poke,Left,638,164,575,,1,FR1
2024-08-01 06:37:25,5,4.09,,FR1,Poke,Left,638,165,575,,1,FR1
2024-08-01 06:37:26,5,4.09,,FR1,Poke,Left,638,166,575,,1,FR1
2024-08-01 06:37:33,5,4.09,,FR1,Poke,Left,638,167,575,,1,FR1
2024-08-01 06:38:16,5,4.08,,FR1,Poke,Left,639,167,575,,1,FR1
2024-08-01 06:38:17,5,4.09,1.0,FR1,Pellet,Left,639,167,576,0.37,1,FR1
2024-08-01 06:39:24,5,4.09,,FR1,Poke,Left,640,167,576,,1,FR1
2024-08-01 06:39:29,5,4.09,,FR1,Poke,Left,640,168,576,,1,FR1
2024-08-01 06:39:34,5,4.09,,FR1,Poke,Left,641,168,576,,1,FR1
2024-08-01 06:39:39,5,4.09,,FR1,Poke,Left,642,168,576,,1,FR1
2024-08-01 08:27:37,5,4.08,1.0,FR1,Pellet,Left,642,168,577,,1,FR1
2024-08-01 08:28:13,5,4.08,,FR1,Poke,Left,643,168,577,,1,FR1
2024-08-01 08:28:14,5,4.08,1.0,FR1,Pellet,Left,643,168,578,0.69,1,FR1
2024-08-01 08:29:14,5,4.08,,FR1,Poke,Left,644,168,578,,1,FR1
2024-08-01 08:29:16,5,4.07,1.0,FR1,Pellet,Left,644,168,579,1.32,1,FR1
2024-08-01 08:34:56,5,4.08,,FR1,Poke,Left,645,168,579,,1,FR1
2024-08-01 08:34:59,5,4.08,3.0,FR1,Pellet,Left,645,168,580,0.12,1,FR1
2024-08-01 10:35:45,5,4.07,,FR1,Poke,Left,646,168,580,,1,FR1
2024-08-01 10:35:46,5,4.07,1.0,FR1,Pellet,Left,646,168,581,0.56,1,FR1
2024-08-01 10:36:09,5,4.08,,FR1,Poke,Left,647,168,581,,1,FR1
2024-08-01 10:36:10,5,4.07,1.0,FR1,Pellet,Left,647,168,582,0.56,1,FR1
2024-08-01 10:36:32,5,4.07,,FR1,Poke,Left,648,168,582,,1,FR1
2024-08-01 10:36:50,5,4.07,1.0,FR1,Pellet,Left,648,168,583,16.95,1,FR1
2024-08-01 12:25:41,5,4.07,,FR1,Poke,Left,649,168,583,,1,FR1
2024-08-01 12:25:43,5,4.07,1.0,FR1,Pellet,Left,649,168,584,0.44,1,FR1
2024-08-01 12:26:07,5,4.07,,FR1,Poke,Left,650,168,584,,1,FR1
2024-08-01 12:26:09,5,4.07,1.0,FR1,Pellet,Left,650,168,585,1.39,1,FR1
2024-08-01 12:30:59,5,4.07,,FR1,Poke,Left,650,169,585,,1,FR1
2024-08-01 12:32:01,5,4.08,,FR1,Poke,Left,651,169,585,,1,FR1
2024-08-01 12:32:01,5,4.07,,FR1,Poke,Left,652,169,585,,1,FR1
2024-08-01 12:32:07,5,4.07,2.0,FR1,Pellet,Left,652,169,586,3.23,1,FR1
2024-08-01 13:26:06,5,4.07,,FR1,Poke,Left,653,169,586,,1,FR1
2024-08-01 13:28:42,5,4.07,3.0,FR1,Pellet,Left,653,169,587,,1,FR1
2024-08-01 13:29:49,5,4.07,,FR1,Poke,Left,654,169,587,,1,FR1
2024-08-01 13:29:50,5,4.07,1.0,FR1,Pellet,Left,654,169,588,0.63,1,FR1
2024-08-01 13:32:09,5,4.07,,FR1,Poke,Left,655,169,588,,1,FR1
2024-08-01 15:36:24,5,4.07,1.0,FR1,Pellet,Left,655,169,589,,1,FR1
2024-08-01 15:36:47,5,4.06,,FR1,Poke,Left,656,169,589,,1,FR1
2024-08-01 15:36:51,5,4.06,1.0,FR1,Pellet,Left,656,169,590,3.04,1,FR1
2024-08-01 15:37:14,5,4.07,,FR1,Poke,Left,657,169,590,,1,FR1
2024-08-01 15:37:15,5,4.06,2.0,FR1,Pellet,Left,657,169,591,0.31,1,FR1
2024-08-01 15:39:13,5,4.06,,FR1,Poke,Left,658,169,591,,1,FR1
2024-08-01 15:39:14,5,4.06,1.0,FR1,Pellet,Left,658,169,592,0.88,1,FR1
2024-08-01 16:41:18,5,4.06,,FR1,Poke,Left,659,169,592,,1,FR1
2024-08-01 16:41:20,5,4.06,1.0,FR1,Pellet,Left,659,169,593,0.63,1,FR1
2024-08-01 17:05:20,5,4.06,,FR1,Poke,Left,660,169,593,,1,FR1
2024-08-01 17:05:22,5,4.06,1.0,FR1,Pellet,Left,660,169,594,0.25,1,FR1
2024-08-01 17:05:43,5,4.06,,FR1,Poke,Left,661,169,594,,1,FR1
2024-08-01 17:05:44,5,4.06,2.0,FR1,Pellet,Left,661,169,595,0.31,1,FR1
2024-08-01 17:06:05,5,4.06,,FR1,Poke,Left,662,169,595,,1,FR1
2024-08-01 17:06:07,5,4.06,1.0,FR1,Pellet,Left,662,169,596,1.64,1,FR1
2024-08-01 17:06:32,5,4.06,,FR1,Poke,Left,663,169,596,,1,FR1
2024-08-01 17:06:33,5,4.06,2.0,FR1,Pellet,Left,663,169,597,0.44,1,FR1
2024-08-01 17:06:57,5,4.06,,FR1,Poke,Left,664,169,597,,1,FR1
2024-08-01 17:06:58,5,4.06,1.0,FR1,Pellet,Left,664,169,598,0.5,1,FR1
2024-08-01 17:07:22,5,4.06,,FR1,Poke,Left,665,169,598,,1,FR1
2024-08-01 17:07:23,5,4.06,1.0,FR1,Pellet,Left,665,169,599,0.56,1,FR1
2024-08-01 17:07:46,5,4.06,,FR1,Poke,Left,666,169,599,,1,FR1
2024-08-01 17:07:47,5,4.05,1.0,FR1,Pellet,Left,666,169,600,0.75,1,FR1
2024-08-01 17:08:24,5,4.05,,FR1,Poke,Left,666,170,600,,1,FR1
2024-08-01 17:49:13,5,4.07,,FR1,Poke,Left,667,170,600,,1,FR1
2024-08-01 17:49:14,5,4.05,1.0,FR1,Pellet,Left,667,170,601,0.82,1,FR1
2024-08-01 17:49:39,5,4.06,,FR1,Poke,Left,668,170,601,,1,FR1
2024-08-01 17:49:41,5,4.06,2.0,FR1,Pellet,Left,668,170,602,0.63,1,FR1
2024-08-01 17:49:59,5,4.06,,FR1,Poke,Left,669,170,602,,1,FR1
2024-08-01 17:50:00,5,4.06,1.0,FR1,Pellet,Left,669,170,603,0.12,1,FR1
2024-08-01 17:50:30,5,4.05,,FR1,Poke,Left,670,170,603,,1,FR1
2024-08-01 17:50:31,5,4.05,1.0,FR1,Pellet,Left,670,170,604,0.06,1,FR1
2024-08-01 17:58:35,5,4.06,,FR1,Poke,Left,671,170,604,,1,FR1
2024-08-01 17:58:36,5,4.05,1.0,FR1,Pellet,Left,671,170,605,0.56,1,FR1
2024-08-01 17:58:57,5,4.05,,FR1,Poke,Left,672,170,605,,1,FR1
2024-08-01 17:59:18,5,4.06,1.0,FR1,Pellet,Left,672,170,606,20.46,1,FR1
2024-08-01 17:59:43,5,4.06,,FR1,Poke,Left,673,170,606,,1,FR1
2024-08-01 17:59:44,5,4.06,1.0,FR1,Pellet,Left,673,170,607,0.31,1,FR1
2024-08-01 18:00:11,5,4.06,,FR1,Poke,Left,674,170,607,,1,FR1
2024-08-01 18:00:12,5,4.05,1.0,FR1,Pellet,Left,674,170,608,0.25,1,FR1
2024-08-01 18:09:21,5,4.06,,FR1,Poke,Left,674,171,608,,1,FR1
2024-08-01 18:09:25,5,4.06,,FR1,Poke,Left,675,171,608,,1,FR1
2024-08-01 18:09:26,5,4.05,1.0,FR1,Pellet,Left,675,171,609,0.31,1,FR1
2024-08-01 18:12:23,5,4.05,,FR1,Poke,Left,676,171,609,,1,FR1
2024-08-01 18:12:23,5,4.06,,FR1,Poke,Left,677,171,609,,1,FR1
2024-08-01 18:12:45,5,4.05,3.0,FR1,Pellet,Left,677,171,610,18.03,1,FR1
2024-08-01 18:14:55,5,4.06,,FR1,Poke,Left,678,171,610,,1,FR1
2024-08-01 18:14:56,5,4.05,1.0,FR1,Pellet,Left,678,171,611,0.75,1,FR1
2024-08-01 18:32:56,5,4.05,,FR1,Poke,Left,679,171,611,,1,FR1
2024-08-01 18:32:57,5,4.05,1.0,FR1,Pellet,Left,679,171,612,0.37,1,FR1
2024-08-01 18:33:15,5,4.05,,FR1,Poke,Left,680,171,612,,1,FR1
2024-08-01 18:33:16,5,4.05,1.0,FR1,Pellet,Left,680,171,613,0.37,1,FR1
2024-08-01 18:33:49,5,4.06,,FR1,Poke,Left,681,171,613,,1,FR1
2024-08-01 18:33:51,5,4.05,2.0,FR1,Pellet,Left,681,171,614,0.19,1,FR1
2024-08-01 18:34:11,5,4.05,,FR1,Poke,Left,682,171,614,,1,FR1
2024-08-01 18:34:14,5,4.05,2.0,FR1,Pellet,Left,682,171,615,0.18,1,FR1
2024-08-01 18:34:34,5,4.05,,FR1,Poke,Left,683,171,615,,1,FR1
2024-08-01 18:34:35,5,4.05,1.0,FR1,Pellet,Left,683,171,616,1.07,1,FR1
2024-08-01 18:35:05,5,4.05,,FR1,Poke,Left,684,171,616,,1,FR1
2024-08-01 18:35:07,5,4.05,1.0,FR1,Pellet,Left,684,171,617,0.44,1,FR1
2024-08-01 18:35:27,5,4.05,,FR1,Poke,Left,685,171,617,,1,FR1
2024-08-01 18:35:28,5,4.05,1.0,FR1,Pellet,Left,685,171,618,0.44,1,FR1
2024-08-01 18:35:51,5,4.05,,FR1,Poke,Left,686,171,618,,1,FR1
2024-08-01 18:35:52,5,4.05,2.0,FR1,Pellet,Left,686,171,619,0.19,1,FR1
2024-08-01 18:36:14,5,4.05,,FR1,Poke,Left,686,172,619,,1,FR1
2024-08-01 18:46:40,5,4.05,,FR1,Poke,Left,687,172,619,,1,FR1
2024-08-01 18:46:42,5,4.05,2.0,FR1,Pellet,Left,687,172,620,0.18,1,FR1
2024-08-01 18:47:01,5,4.05,,FR1,Poke,Left,688,172,620,,1,FR1
2024-08-01 18:47:02,5,4.06,1.0,FR1,Pellet,Left,688,172,621,0.5,1,FR1
2024-08-01 18:47:20,5,4.05,,FR1,Poke,Left,689,172,621,,1,FR1
2024-08-01 18:47:21,5,4.05,1.0,FR1,Pellet,Left,689,172,622,0.37,1,FR1
2024-08-01 18:47:40,5,4.05,,FR1,Poke,Left,690,172,622,,1,FR1
2024-08-01 18:47:41,5,4.05,1.0,FR1,Pellet,Left,690,172,623,0.19,1,FR1
2024-08-01 18:48:05,5,4.05,,FR1,Poke,Left,691,172,623,,1,FR1
2024-08-01 18:48:06,5,4.05,1.0,FR1,Pellet,Left,691,172,624,0.82,1,FR1
2024-08-01 18:48:32,5,4.05,,FR1,Poke,Left,691,173,624,,1,FR1
2024-08-01 19:05:36,5,4.05,,FR1,Poke,Left,692,173,624,,1,FR1
2024-08-01 19:05:38,5,4.05,1.0,FR1,Pellet,Left,692,173,625,1.01,1,FR1
2024-08-01 19:06:04,5,4.05,,FR1,Poke,Left,692,174,625,,1,FR1
2024-08-01 19:11:11,5,4.05,,FR1,Poke,Left,692,175,625,,1,FR1
2024-08-01 19:17:19,5,4.05,,FR1,Poke,Left,693,175,625,,1,FR1
2024-08-01 19:17:21,5,4.04,1.0,FR1,Pellet,Left,693,175,626,1.64,1,FR1
2024-08-01 19:18:15,5,4.05,,FR1,Poke,Left,693,176,626,,1,FR1
2024-08-01 19:20:04,5,4.05,,FR1,Poke,Left,694,176,626,,1,FR1
2024-08-01 19:20:08,5,4.05,1.0,FR1,Pellet,Left,694,176,627,3.48,1,FR1
2024-08-01 19:20:39,5,4.05,,FR1,Poke,Left,694,177,627,,1,FR1
2024-08-01 19:26:14,5,4.05,,FR1,Poke,Left,695,177,627,,1,FR1
2024-08-01 19:26:15,5,4.05,1.0,FR1,Pellet,Left,695,177,628,0.82,1,FR1
2024-08-01 19:35:45,5,4.05,,FR1,Poke,Left,696,177,628,,1,FR1
2024-08-01 19:35:47,5,4.05,2.0,FR1,Pellet,Left,696,177,629,0.12,1,FR1
2024-08-01 19:36:06,5,4.05,,FR1,Poke,Left,697,177,629,,1,FR1
2024-08-01 19:36:22,5,4.05,1.0,FR1,Pellet,Left,697,177,630,15.36,1,FR1
2024-08-01 19:37:22,5,4.05,,FR1,Poke,Left,697,178,630,,1,FR1
2024-08-01 19:41:41,5,4.05,,FR1,Poke,Left,698,178,630,,1,FR1
2024-08-01 19:41:43,5,4.06,2.0,FR1,Pellet,Left,698,178,631,1.01,1,FR1
2024-08-01 19:42:10,5,4.05,,FR1,Poke,Left,698,179,631,,1,FR1
2024-08-01 19:59:16,5,4.05,,FR1,Poke,Left,699,179,631,,1,FR1
2024-08-01 19:59:17,5,4.05,1.0,FR1,Pellet,Left,699,179,632,0.56,1,FR1
2024-08-01 19:59:41,5,4.05,,FR1,Poke,Left,700,179,632,,1,FR1
2024-08-01 19:59:42,5,4.05,2.0,FR1,Pellet,Left,700,179,633,0.19,1,FR1
2024-08-01 20:00:01,5,4.05,,FR1,Poke,Left,701,179,633,,1,FR1
2024-08-01 20:00:02,5,4.05,1.0,FR1,Pellet,Left,701,179,634,0.5,1,FR1
2024-08-01 20:14:28,5,4.05,,FR1,Poke,Left,702,179,634,,1,FR1
2024-08-01 20:14:29,5,4.05,1.0,FR1,Pellet,Left,702,179,635,0.25,1,FR1
2024-08-01 20:16:12,5,4.05,,FR1,Poke,Left,703,179,635,,1,FR1
2024-08-01 20:16:13,5,4.05,1.0,FR1,Pellet,Left,703,179,636,0.18,1,FR1
2024-08-01 20:16:34,5,4.05,,FR1,Poke,Left,704,179,636,,1,FR1
2024-08-01 20:16:35,5,4.05,1.0,FR1,Pellet,Left,704,179,637,0.25,1,FR1
2024-08-01 20:16:53,5,4.05,,FR1,Poke,Left,705,179,637,,1,FR1
2024-08-01 20:16:54,5,4.05,1.0,FR1,Pellet,Left,705,179,638,0.25,1,FR1
2024-08-01 20:39:16,5,4.05,,FR1,Poke,Left,706,179,638,,1,FR1
2024-08-01 20:39:17,5,4.05,1.0,FR1,Pellet,Left,706,179,639,0.69,1,FR1
2024-08-01 20:39:36,5,4.05,,FR1,Poke,Left,707,179,639,,1,FR1
2024-08-01 20:39:37,5,4.05,1.0,FR1,Pellet,Left,707,179,640,0.25,1,FR1
2024-08-01 20:39:54,5,4.05,,FR1,Poke,Left,708,179,640,,1,FR1
2024-08-01 20:39:55,5,4.05,1.0,FR1,Pellet,Left,708,179,641,0.5,1,FR1
2024-08-01 20:40:20,5,4.05,,FR1,Poke,Left,709,179,641,,1,FR1
2024-08-01 20:40:21,5,4.05,1.0,FR1,Pellet,Left,709,179,642,0.5,1,FR1
2024-08-01 20:40:40,5,4.05,,FR1,Poke,Left,710,179,642,,1,FR1
2024-08-01 20:40:41,5,4.05,1.0,FR1,Pellet,Left,710,179,643,0.31,1,FR1
2024-08-01 20:41:00,5,4.05,,FR1,Poke,Left,711,179,643,,1,FR1
2024-08-01 20:41:01,5,4.05,2.0,FR1,Pellet,Left,711,179,644,0.19,1,FR1
2024-08-01 20:41:24,5,4.05,,FR1,Poke,Left,712,179,644,,1,FR1
2024-08-01 20:41:25,5,4.05,1.0,FR1,Pellet,Left,712,179,645,0.37,1,FR1
2024-08-01 20:41:52,5,4.05,,FR1,Poke,Left,712,180,645,,1,FR1
2024-08-01 21:04:35,5,4.05,,FR1,Poke,Left,713,180,645,,1,FR1
2024-08-01 21:04:36,5,4.05,2.0,FR1,Pellet,Left,713,180,646,0.25,1,FR1
2024-08-01 21:11:51,5,4.05,,FR1,Poke,Left,714,180,646,,1,FR1
2024-08-01 21:11:52,5,4.05,1.0,FR1,Pellet,Left,714,180,647,0.44,1,FR1
2024-08-01 21:12:13,5,4.05,,FR1,Poke,Left,715,180,647,,1,FR1
2024-08-01 21:12:14,5,4.05,1.0,FR1,Pellet,Left,715,180,648,0.37,1,FR1
2024-08-01 21:12:32,5,4.05,,FR1,Poke,Left,716,180,648,,1,FR1
2024-08-01 21:12:33,5,4.05,1.0,FR1,Pellet,Left,716,180,649,0.31,1,FR1
2024-08-01 21:13:03,5,4.05,,FR1,Poke,Left,717,180,649,,1,FR1
2024-08-01 21:13:05,5,4.05,1.0,FR1,Pellet,Left,717,180,650,0.94,1,FR1
2024-08-01 21:36:18,5,4.05,,FR1,Poke,Left,718,180,650,,1,FR1
2024-08-01 21:36:20,5,4.05,1.0,FR1,Pellet,Left,718,180,651,1.45,1,FR1
2024-08-01 21:37:35,5,4.05,,FR1,Poke,Left,719,180,651,,1,FR1
2024-08-01 21:37:36,5,4.05,2.0,FR1,Pellet,Left,719,180,652,0.69,1,FR1
2024-08-01 21:38:35,5,4.05,,FR1,Poke,Left,720,180,652,,1,FR1
2024-08-01 21:38:37,5,4.05,1.0,FR1,Pellet,Left,720,180,653,1.26,1,FR1
2024-08-01 21:49:31,5,4.05,,FR1,Poke,Left,720,181,653,,1,FR1
2024-08-01 21:53:27,5,4.05,,FR1,Poke,Left,720,182,653,,1,FR1
2024-08-01 21:54:12,5,4.05,,FR1,Poke,Left,720,183,653,,1,FR1
2024-08-01 21:54:59,5,4.05,,FR1,Poke,Left,721,183,653,,1,FR1
2024-08-01 21:55:00,5,4.05,2.0,FR1,Pellet,Left,721,183,654,0.5,1,FR1
2024-08-01 21:56:22,5,4.05,,FR1,Poke,Left,721,184,654,,1,FR1
2024-08-01 21:59:13,5,4.05,,FR1,Poke,Left,721,185,654,,1,FR1
2024-08-01 21:59:25,5,4.05,,FR1,Poke,Left,721,186,654,,1,FR1
2024-08-01 21:59:46,5,4.05,,FR1,Poke,Left,722,186,654,,1,FR1
2024-08-01 21:59:47,5,4.04,2.0,FR1,Pellet,Left,722,186,655,0.12,1,FR1
2024-08-01 22:09:06,5,4.05,,FR1,Poke,Left,722,187,655,,1,FR1
2024-08-01 22:09:08,5,4.05,,FR1,Poke,Left,723,187,655,,1,FR1
2024-08-01 22:09:09,5,4.05,1.0,FR1,Pellet,Left,723,187,656,0.75,1,FR1
2024-08-01 22:09:32,5,4.05,,FR1,Poke,Left,724,187,656,,1,FR1
2024-08-01 22:09:33,5,4.05,1.0,FR1,Pellet,Left,724,187,657,0.25,1,FR1
2024-08-01 22:16:37,5,4.05,,FR1,Poke,Left,724,188,657,,1,FR1
2024-08-01 22:16:39,5,4.05,,FR1,Poke,Left,724,189,657,,1,FR1
2024-08-01 22:16:49,5,4.05,,FR1,Poke,Left,725,189,657,,1,FR1
2024-08-01 22:16:51,5,4.05,2.0,FR1,Pellet,Left,725,189,658,1.07,1,FR1
2024-08-01 22:17:36,5,4.05,,FR1,Poke,Left,725,190,658,,1,FR1
2024-08-01 22:22:52,5,4.05,,FR1,Poke,Left,725,191,658,,1,FR1
2024-08-01 22:23:54,5,4.05,,FR1,Poke,Left,726,191,658,,1,FR1
2024-08-01 22:23:56,5,4.05,1.0,FR1,Pellet,Left,726,191,659,0.88,1,FR1
2024-08-01 22:24:19,5,4.05,,FR1,Poke,Left,727,191,659,,1,FR1
2024-08-01 22:24:21,5,4.05,1.0,FR1,Pellet,Left,727,191,660,0.31,1,FR1
2024-08-01 22:27:19,5,4.05,,FR1,Poke,Left,727,192,660,,1,FR1
2024-08-01 22:27:20,5,4.05,,FR1,Poke,Left,727,193,660,,1,FR1
2024-08-01 22:28:02,5,4.05,,FR1,Poke,Left,727,194,660,,1,FR1
2024-08-01 22:28:07,5,4.05,,FR1,Poke,Left,728,194,660,,1,FR1
2024-08-01 22:28:08,5,4.05,1.0,FR1,Pellet,Left,728,194,661,0.37,1,FR1
2024-08-01 22:28:25,5,4.05,,FR1,Poke,Left,729,194,661,,1,FR1
2024-08-01 22:28:27,5,4.05,1.0,FR1,Pellet,Left,729,194,662,0.82,1,FR1
2024-08-01 22:36:21,5,4.04,,FR1,Poke,Left,730,194,662,,1,FR1
2024-08-01 22:36:22,5,4.05,1.0,FR1,Pellet,Left,730,194,663,0.44,1,FR1
2024-08-01 22:52:57,5,4.05,,FR1,Poke,Left,731,194,663,,1,FR1
2024-08-01 22:52:58,5,4.04,2.0,FR1,Pellet,Left,731,194,664,0.37,1,FR1
2024-08-01 22:54:08,5,4.05,,FR1,Poke,Left,731,195,664,,1,FR1
2024-08-01 22:54:09,5,4.04,,FR1,Poke,Left,731,196,664,,1,FR1
2024-08-01 22:54:11,5,4.05,,FR1,Poke,Left,732,196,664,,1,FR1
2024-08-01 22:54:12,5,4.05,1.0,FR1,Pellet,Left,732,196,665,0.31,1,FR1
2024-08-01 22:54:36,5,4.05,,FR1,Poke,Left,732,197,665,,1,FR1
2024-08-01 22:54:40,5,4.04,,FR1,Poke,Left,733,197,665,,1,FR1
2024-08-01 22:54:41,5,4.05,2.0,FR1,Pellet,Left,733,197,666,0.19,1,FR1
2024-08-01 23:58:38,5,4.04,,FR1,Poke,Left,734,197,666,,1,FR1
2024-08-01 23:58:39,5,4.05,1.0,FR1,Pellet,Left,734,197,667,0.56,1,FR1
2024-08-01 23:58:57,5,4.04,,FR1,Poke,Left,735,197,667,,1,FR1
2024-08-01 23:58:59,5,4.05,1.0,FR1,Pellet,Left,735,197,668,1.01,1,FR1
2024-08-01 23:59:19,5,4.04,,FR1,Poke,Left,736,197,668,,1,FR1
2024-08-01 23:59:20,5,4.05,1.0,FR1,Pellet,Left,736,197,669,0.37,1,FR1
2024-08-01 23:59:39,5,4.05,,FR1,Poke,Left,737,197,669,,1,FR1
2024-08-01 23:59:40,5,4.04,1.0,FR1,Pellet,Left,737,197,670,0.44,1,FR1
2024-08-02 00:00:00,5,4.05,,FR1,Poke,Left,738,197,670,,1,FR1
2024-08-02 00:00:01,5,4.04,1.0,FR1,Pellet,Left,738,197,671,0.5,1,FR1
2024-08-02 00:00:19,5,4.04,,FR1,Poke,Left,739,197,671,,1,FR1
2024-08-02 00:00:21,5,4.04,1.0,FR1,Pellet,Left,739,197,672,0.44,1,FR1
2024-08-02 00:00:44,5,4.04,,FR1,Poke,Left,740,197,672,,1,FR1
2024-08-02 00:00:45,5,4.04,1.0,FR1,Pellet,Left,740,197,673,0.31,1,FR1
2024-08-02 00:02:20,5,4.04,,FR1,Poke,Left,741,197,673,,1,FR1
2024-08-02 00:02:21,5,4.05,1.0,FR1,Pellet,Left,741,197,674,0.25,1,FR1
2024-08-02 00:02:39,5,4.05,,FR1,Poke,Left,742,197,674,,1,FR1
2024-08-02 00:02:41,5,4.05,2.0,FR1,Pellet,Left,742,197,675,0.69,1,FR1
2024-08-02 00:03:00,5,4.05,,FR1,Poke,Left,743,197,675,,1,FR1
2024-08-02 00:03:01,5,4.04,1.0,FR1,Pellet,Left,743,197,676,0.44,1,FR1
2024-08-02 00:06:44,5,4.04,,FR1,Poke,Left,743,198,676,,1,FR1
2024-08-02 00:06:50,5,4.04,,FR1,Poke,Left,743,199,676,,1,FR1
2024-08-02 00:24:02,5,4.04,,FR1,Poke,Left,744,199,676,,1,FR1
2024-08-02 00:24:15,5,4.04,1.0,FR1,Pellet,Left,744,199,677,12.9,1,FR1
2024-08-02 02:07:57,5,4.04,,FR1,Poke,Left,745,199,677,,1,FR1
2024-08-02 02:08:00,5,4.03,2.0,FR1,Pellet,Left,745,199,678,0.19,1,FR1
2024-08-02 02:33:52,5,4.03,,FR1,Poke,Left,746,199,678,,1,FR1
2024-08-02 02:33:53,5,4.03,2.0,FR1,Pellet,Left,746,199,679,0.19,1,FR1
2024-08-02 02:34:11,5,4.04,,FR1,Poke,Left,747,199,679,,1,FR1
2024-08-02 02:34:12,5,4.04,1.0,FR1,Pellet,Left,747,199,680,0.25,1,FR1
2024-08-02 02:34:31,5,4.04,,FR1,Poke,Left,748,199,680,,1,FR1
2024-08-02 02:34:34,5,4.04,2.0,FR1,Pellet,Left,748,199,681,0.06,1,FR1
2024-08-02 02:35:00,5,4.04,,FR1,Poke,Left,749,199,681,,1,FR1
2024-08-02 02:35:01,5,4.04,1.0,FR1,Pellet,Left,749,199,682,0.25,1,FR1
2024-08-02 02:38:22,5,4.04,,FR1,Poke,Left,750,199,682,,1,FR1
2024-08-02 02:38:23,5,4.04,1.0,FR1,Pellet,Left,750,199,683,0.5,1,FR1
2024-08-02 02:39:03,5,4.04,,FR1,Poke,Left,750,200,683,,1,FR1
2024-08-02 02:39:11,5,4.03,,FR1,Poke,Left,750,201,683,,1,FR1
2024-08-02 03:16:01,5,4.03,,FR1,Poke,Left,751,201,683,,1,FR1
2024-08-02 03:16:02,5,4.03,1.0,FR1,Pellet,Left,751,201,684,0.25,1,FR1
2024-08-02 03:16:24,5,4.04,,FR1,Poke,Left,752,201,684,,1,FR1
2024-08-02 03:16:25,5,4.03,1.0,FR1,Pellet,Left,752,201,685,0.19,1,FR1
2024-08-02 03:17:03,5,4.03,,FR1,Poke,Left,753,201,685,,1,FR1
2024-08-02 03:17:04,5,4.03,1.0,FR1,Pellet,Left,753,201,686,0.25,1,FR1
2024-08-02 03:18:11,5,4.03,,FR1,Poke,Left,754,201,686,,1,FR1
2024-08-02 03:18:12,5,4.03,1.0,FR1,Pellet,Left,754,201,687,0.31,1,FR1
2024-08-02 03:18:35,5,4.03,,FR1,Poke,Left,755,201,687,,1,FR1
2024-08-02 03:18:36,5,4.04,2.0,FR1,Pellet,Left,755,201,688,0.19,1,FR1
2024-08-02 03:18:58,5,4.04,,FR1,Poke,Left,756,201,688,,1,FR1
2024-08-02 03:18:59,5,4.03,1.0,FR1,Pellet,Left,756,201,689,0.25,1,FR1
2024-08-02 03:21:37,5,4.03,,FR1,Poke,Left,756,202,689,,1,FR1
2024-08-02 03:21:40,5,4.04,,FR1,Poke,Left,756,203,689,,1,FR1
2024-08-02 03:21:41,5,4.03,,FR1,Poke,Left,756,204,689,,1,FR1
2024-08-02 03:22:09,5,4.03,,FR1,Poke,Left,757,204,689,,1,FR1
2024-08-02 03:22:10,5,4.03,1.0,FR1,Pellet,Left,757,204,690,0.75,1,FR1
2024-08-02 03:22:31,5,4.04,,FR1,Poke,Left,758,204,690,,1,FR1
2024-08-02 03:22:34,5,4.03,2.0,FR1,Pellet,Left,758,204,691,0.06,1,FR1
2024-08-02 03:22:56,5,4.04,,FR1,Poke,Left,759,204,691,,1,FR1
2024-08-02 03:22:57,5,4.03,1.0,FR1,Pellet,Left,759,204,692,0.25,1,FR1
2024-08-02 03:23:19,5,4.04,,FR1,Poke,Left,760,204,692,,1,FR1
2024-08-02 03:23:20,5,4.03,1.0,FR1,Pellet,Left,760,204,693,0.19,1,FR1
2024-08-02 03:29:30,5,4.04,,FR1,Poke,Left,761,204,693,,1,FR1
2024-08-02 03:29:32,5,4.03,1.0,FR1,Pellet,Left,761,204,694,0.56,1,FR1
2024-08-02 03:29:56,5,4.03,,FR1,Poke,Left,761,205,694,,1,FR1
2024-08-02 03:29:57,5,4.03,,FR1,Poke,Left,761,206,694,,1,FR1
2024-08-02 03:30:21,5,4.03,,FR1,Poke,Left,762,206,694,,1,FR1
2024-08-02 03:30:22,5,4.03,,FR1,Poke,Left,763,206,694,,1,FR1
2024-08-02 03:30:25,5,4.03,2.0,FR1,Pellet,Left,763,206,695,0.94,1,FR1
2024-08-02 03:30:56,5,4.03,,FR1,Poke,Left,764,206,695,,1,FR1
2024-08-02 03:31:26,5,4.04,2.0,FR1,Pellet,Left,764,206,696,29.74,1,FR1
2024-08-02 03:31:52,5,4.03,,FR1,Poke,Left,764,207,696,,1,FR1
2024-08-02 04:10:44,5,4.03,,FR1,Poke,Left,765,207,696,,1,FR1
2024-08-02 04:10:45,5,4.03,1.0,FR1,Pellet,Left,765,207,697,0.56,1,FR1
2024-08-02 04:11:05,5,4.03,,FR1,Poke,Left,766,207,697,,1,FR1
2024-08-02 04:11:11,5,4.03,3.0,FR1,Pellet,Left,766,207,698,0.56,1,FR1
2024-08-02 04:11:43,5,4.03,,FR1,Poke,Left,767,207,698,,1,FR1
2024-08-02 04:11:44,5,4.03,1.0,FR1,Pellet,Left,767,207,699,0.12,1,FR1
2024-08-02 04:33:46,5,4.03,,FR1,Poke,Left,768,207,699,,1,FR1
2024-08-02 04:33:48,5,4.03,1.0,FR1,Pellet,Left,768,207,700,1.07,1,FR1
2024-08-02 04:35:40,5,4.03,,FR1,Poke,Left,768,208,700,,1,FR1
2024-08-02 04:35:45,5,4.03,,FR1,Poke,Left,768,209,700,,1,FR1
2024-08-02 04:43:01,5,4.03,,FR1,Poke,Left,769,209,700,,1,FR1
2024-08-02 04:43:21,5,4.03,1.0,FR1,Pellet,Left,769,209,701,18.5,1,FR1
2024-08-02 04:43:52,5,4.03,,FR1,Poke,Left,769,210,701,,1,FR1
2024-08-02 04:43:54,5,4.03,,FR1,Poke,Left,769,211,701,,1,FR1
2024-08-02 04:50:19,5,4.03,,FR1,Poke,Left,770,211,701,,1,FR1
2024-08-02 04:50:20,5,4.03,1.0,FR1,Pellet,Left,770,211,702,0.44,1,FR1
2024-08-02 04:51:37,5,4.03,,FR1,Poke,Left,770,212,702,,1,FR1
2024-08-02 04:51:43,5,4.03,,FR1,Poke,Left,771,212,702,,1,FR1
2024-08-02 04:51:45,5,4.03,1.0,FR1,Pellet,Left,771,212,703,0.69,1,FR1
2024-08-02 04:55:25,5,4.03,,FR1,Poke,Left,772,212,703,,1,FR1
2024-08-02 04:55:27,5,4.03,1.0,FR1,Pellet,Left,772,212,704,1.58,1,FR1
2024-08-02 04:59:32,5,4.03,,FR1,Poke,Left,772,213,704,,1,FR1
2024-08-02 05:01:27,5,4.03,,FR1,Poke,Left,772,214,704,,1,FR1
2024-08-02 05:01:30,5,4.03,,FR1,Poke,Left,773,214,704,,1,FR1
2024-08-02 05:01:39,5,4.03,,FR1,Poke,Left,774,214,704,,1,FR1
2024-08-02 05:02:02,5,4.03,6.0,FR1,Pellet,Left,774,214,705,20.29,1,FR1
2024-08-02 05:02:38,5,4.03,,FR1,Poke,Left,774,215,705,,1,FR1
2024-08-02 05:02:43,5,4.03,,FR1,Poke,Left,774,216,705,,1,FR1
2024-08-02 05:18:44,5,4.03,,FR1,Poke,Left,774,217,705,,1,FR1
2024-08-02 05:18:46,5,4.03,,FR1,Poke,Left,774,218,705,,1,FR1
2024-08-02 05:18:51,5,4.03,,FR1,Poke,Left,775,218,705,,1,FR1
2024-08-02 05:18:54,5,4.03,3.0,FR1,Pellet,Left,775,218,706,0.06,1,FR1
2024-08-02 05:19:16,5,4.03,,FR1,Poke,Left,776,218,706,,1,FR1
2024-08-02 05:19:18,5,4.03,1.0,FR1,Pellet,Left,776,218,707,0.5,1,FR1
2024-08-02 05:30:21,5,4.03,,FR1,Poke,Left,776,219,707,,1,FR1
2024-08-02 05:32:45,5,4.03,,FR1,Poke,Left,776,220,707,,1,FR1
2024-08-02 05:35:06,5,4.03,,FR1,Poke,Left,777,220,707,,1,FR1
2024-08-02 05:35:07,5,4.03,1.0,FR1,Pellet,Left,777,220,708,0.19,1,FR1
2024-08-02 05:44:00,5,4.03,,FR1,Poke,Left,778,220,708,,1,FR1
2024-08-02 05:44:01,5,4.03,1.0,FR1,Pellet,Left,778,220,709,0.44,1,FR1
2024-08-02 06:06:33,5,4.03,,FR1,Poke,Left,779,220,709,,1,FR1
2024-08-02 06:06:33,5,4.03,,FR1,Poke,Left,780,220,709,,1,FR1
2024-08-02 06:06:37,5,4.03,2.0,FR1,Pellet,Left,780,220,710,1.2,1,FR1
2024-08-02 06:08:49,5,4.03,,FR1,Poke,Left,781,220,710,,1,FR1
2024-08-02 06:08:50,5,4.03,1.0,FR1,Pellet,Left,781,220,711,0.56,1,FR1
2024-08-02 06:09:11,5,4.03,,FR1,Poke,Left,782,220,711,,1,FR1
2024-08-02 06:09:13,5,4.03,2.0,FR1,Pellet,Left,782,220,712,1.01,1,FR1
2024-08-02 06:10:45,5,4.03,,FR1,Poke,Left,782,221,712,,1,FR1
2024-08-02 07:48:18,5,4.03,,FR1,Poke,Left,783,221,712,,1,FR1
2024-08-02 07:48:19,5,4.03,1.0,FR1,Pellet,Left,783,221,713,0.75,1,FR1
2024-08-02 07:50:35,5,4.02,,FR1,Poke,Left,784,221,713,,1,FR1
2024-08-02 07:50:36,5,4.02,1.0,FR1,Pellet,Left,784,221,714,0.31,1,FR1
2024-08-02 07:51:00,5,4.02,,FR1,Poke,Left,785,221,714,,1,FR1
2024-08-02 07:51:01,5,4.02,2.0,FR1,Pellet,Left,785,221,715,0.06,1,FR1
2024-08-02 13:29:16,5,4.02,,FR1,Poke,Left,786,221,715,,1,FR1
2024-08-02 13:29:18,5,4.02,1.0,FR1,Pellet,Left,786,221,716,0.94,1,FR1
2024-08-02 13:29:43,5,4.01,,FR1,Poke,Left,787,221,716,,1,FR1
2024-08-02 13:29:44,5,4.01,1.0,FR1,Pellet,Left,787,221,717,0.37,1,FR1
2024-08-02 13:30:40,5,4.02,,FR1,Poke,Left,788,221,717,,1,FR1
2024-08-02 13:30:41,5,4.02,1.0,FR1,Pellet,Left,788,221,718,0.18,1,FR1
2024-08-02 13:31:00,5,4.01,,FR1,Poke,Left,789,221,718,,1,FR1
2024-08-02 13:31:00,5,4.02,,FR1,Poke,Left,790,221,718,,1,FR1
2024-08-02 13:31:03,5,4.02,2.0,FR1,Pellet,Left,790,221,719,0.44,1,FR1
2024-08-02 13:38:13,5,4.02,,FR1,Poke,Left,791,221,719,,1,FR1
2024-08-02 13:38:14,5,4.02,1.0,FR1,Pellet,Left,791,221,720,0.25,1,FR1
2024-08-02 13:39:10,5,4.01,,FR1,Poke,Left,791,222,720,,1,FR1
2024-08-02 13:39:28,5,4.02,,FR1,Poke,Left,791,223,720,,1,FR1
