MM:DD:YYYY hh:mm:ss,Device_Number,Battery_Voltage,Motor_Turns,Session_Type,Event,Active_Poke,Left_Poke_Count,Right_Poke_Count,Pellet_Count,Retrieval_Time,Concat_#,Mode
2024-07-28 10:40:14,4,3.93,,FR1,Poke,Left,1,0,0,,0,FR1
2024-07-28 10:40:19,4,3.94,3.0,FR1,Pellet,Left,1,0,1,0.06,0,FR1
2024-07-28 12:55:57,4,3.94,,FR1,Poke,Left,2,0,1,,0,FR1
2024-07-28 12:56:03,4,3.94,3.0,FR1,Pellet,Left,2,0,2,1.58,0,FR1
2024-07-28 12:58:23,4,3.94,,FR1,Poke,Left,3,0,2,,0,FR1
2024-07-28 12:58:25,4,3.94,2.0,FR1,Pellet,Left,3,0,3,1.01,0,FR1
2024-07-28 12:59:23,4,3.94,,FR1,Poke,Left,4,0,3,,0,FR1
2024-07-28 12:59:25,4,3.94,1.0,FR1,Pellet,Left,4,0,4,1.07,0,FR1
2024-07-28 15:07:46,4,3.94,,FR1,Poke,Left,5,0,4,,0,FR1
2024-07-28 15:07:48,4,3.94,1.0,FR1,Pellet,Left,5,0,5,0.75,0,FR1
2024-07-28 16:20:19,4,3.93,,FR1,Poke,Left,6,0,5,,0,FR1
2024-07-28 16:20:20,4,3.94,1.0,FR1,Pellet,Left,6,0,6,0.63,0,FR1
2024-07-28 16:21:33,4,3.93,,FR1,Poke,Left,7,0,6,,0,FR1
2024-07-28 16:21:34,4,3.94,1.0,FR1,Pellet,Left,7,0,7,0.5,0,FR1
2024-07-28 16:56:44,4,3.93,,FR1,Poke,Left,8,0,7,,0,FR1
2024-07-28 16:56:45,4,3.94,1.0,FR1,Pellet,Left,8,0,8,0.37,0,FR1
2024-07-28 16:57:43,4,3.93,,FR1,Poke,Left,9,0,8,,0,FR1
2024-07-28 16:57:44,4,3.94,,FR1,Poke,Left,10,0,8,,0,FR1
2024-07-28 16:57:47,4,3.93,3.0,FR1,Pellet,Left,10,0,9,0.12,0,FR1
2024-07-28 16:58:35,4,3.94,,FR1,Poke,Left,11,0,9,,0,FR1
2024-07-28 16:58:35,4,3.94,,FR1,Poke,Left,12,0,9,,0,FR1
2024-07-28 16:58:38,4,3.94,2.0,FR1,Pellet,Left,12,0,10,0.31,0,FR1
2024-07-28 16:59:06,4,3.94,,FR1,Poke,Left,13,0,10,,0,FR1
2024-07-28 16:59:07,4,3.94,1.0,FR1,Pellet,Left,13,0,11,0.19,0,FR1
2024-07-28 17:10:21,4,3.94,,FR1,Poke,Left,14,0,11,,0,FR1
2024-07-28 17:10:22,4,3.93,1.0,FR1,Pellet,Left,14,0,12,0.18,0,FR1
2024-07-28 17:11:32,4,3.93,,FR1,Poke,Left,15,0,12,,0,FR1
2024-07-28 17:11:33,4,3.93,1.0,FR1,Pellet,Left,15,0,13,0.19,0,FR1
2024-07-28 17:12:13,4,3.94,,FR1,Poke,Left,16,0,13,,0,FR1
2024-07-28 17:12:14,4,3.93,2.0,FR1,Pellet,Left,16,0,14,0.19,0,FR1
2024-07-28 17:53:03,4,3.94,,FR1,Poke,Left,17,0,14,,0,FR1
2024-07-28 17:53:04,4,3.93,1.0,FR1,Pellet,Left,17,0,15,0.31,0,FR1
2024-07-28 17:53:38,4,3.94,,FR1,Poke,Left,18,0,15,,0,FR1
2024-07-28 17:53:39,4,3.93,1.0,FR1,Pellet,Left,18,0,16,0.12,0,FR1
2024-07-28 18:04:02,4,3.93,,FR1,Poke,Left,19,0,16,,0,FR1
2024-07-28 18:04:03,4,3.93,1.0,FR1,Pellet,Left,19,0,17,0.37,0,FR1
2024-07-28 18:04:31,4,3.93,,FR1,Poke,Left,19,1,17,,0,FR1
2024-07-28 18:04:38,4,3.93,,FR1,Poke,Left,20,1,17,,0,FR1
2024-07-28 18:04:39,4,3.94,,FR1,Poke,Left,21,1,17,,0,FR1
2024-07-28 18:04:42,4,3.93,2.0,FR1,Pellet,Left,21,1,18,0.12,0,FR1
2024-07-28 18:05:15,4,3.93,,FR1,Poke,Left,22,1,18,,0,FR1
2024-07-28 18:05:16,4,3.93,1.0,FR1,Pellet,Left,22,1,19,0.25,0,FR1
2024-07-28 18:05:34,4,3.93,,FR1,Poke,Left,23,1,19,,0,FR1
2024-07-28 18:05:35,4,3.93,,FR1,Poke,Left,24,1,19,,0,FR1
2024-07-28 18:05:39,4,3.93,,FR1,Poke,Left,25,1,19,,0,FR1
2024-07-28 18:05:42,4,3.93,2.0,FR1,Pellet,Left,25,1,20,3.58,0,FR1
2024-07-28 18:06:13,4,3.93,,FR1,Poke,Left,26,1,20,,0,FR1
2024-07-28 18:06:14,4,3.94,1.0,FR1,Pellet,Left,26,1,21,0.44,0,FR1
2024-07-28 18:11:10,4,3.93,,FR1,Poke,Left,27,1,21,,0,FR1
2024-07-28 18:11:15,4,3.93,1.0,FR1,Pellet,Left,27,1,22,3.99,0,FR1
2024-07-28 18:19:56,4,3.93,,FR1,Poke,Left,28,1,22,,0,FR1
2024-07-28 18:19:57,4,3.93,1.0,FR1,Pellet,Left,28,1,23,0.44,0,FR1
2024-07-28 18:23:25,4,3.93,,FR1,Poke,Left,29,1,23,,0,FR1
2024-07-28 18:23:28,4,3.92,,FR1,Poke,Left,30,1,23,,0,FR1
2024-07-28 18:23:28,4,3.93,,FR1,Poke,Left,31,1,23,,0,FR1
2024-07-28 18:23:30,4,3.93,,FR1,Poke,Left,32,1,23,,0,FR1
2024-07-28 18:23:42,4,3.93,1.0,FR1,Pellet,Left,32,1,24,16.13,0,FR1
2024-07-28 18:27:05,4,3.93,,FR1,Poke,Left,32,2,24,,0,FR1
2024-07-28 18:27:07,4,3.93,,FR1,Poke,Left,32,3,24,,0,FR1
2024-07-28 18:27:20,4,3.93,,FR1,Poke,Left,32,4,24,,0,FR1
2024-07-28 18:34:48,4,3.93,,FR1,Poke,Left,33,4,24,,0,FR1
2024-07-28 18:34:49,4,3.93,,FR1,Poke,Left,34,4,24,,0,FR1
2024-07-28 18:34:52,4,3.93,2.0,FR1,Pellet,Left,34,4,25,0.63,0,FR1
2024-07-28 18:35:13,4,3.93,,FR1,Poke,Left,35,4,25,,0,FR1
2024-07-28 18:35:14,4,3.93,1.0,FR1,Pellet,Left,35,4,26,0.06,0,FR1
2024-07-28 18:35:18,4,3.93,,FR1,Poke,Left,36,4,26,,0,FR1
2024-07-28 18:35:19,4,3.93,,FR1,Poke,Left,37,4,26,,0,FR1
2024-07-28 18:35:21,4,3.93,,FR1,Poke,Left,38,4,26,,0,FR1
2024-07-28 18:35:25,4,3.93,3.0,FR1,Pellet,Left,38,4,27,0.25,0,FR1
2024-07-28 18:36:06,4,3.93,,FR1,Poke,Left,39,4,27,,0,FR1
2024-07-28 18:36:14,4,3.93,1.0,FR1,Pellet,Left,39,4,28,7.48,0,FR1
2024-07-28 18:38:56,4,3.93,,FR1,Poke,Left,39,5,28,,0,FR1
2024-07-28 18:39:39,4,3.93,,FR1,Poke,Left,40,5,28,,0,FR1
2024-07-28 18:51:02,4,3.93,1.0,FR1,Pellet,Left,40,5,29,,0,FR1
2024-07-28 18:53:42,4,3.93,,FR1,Poke,Left,41,5,29,,0,FR1
2024-07-28 18:53:43,4,3.93,1.0,FR1,Pellet,Left,41,5,30,0.31,0,FR1
2024-07-28 18:55:19,4,3.93,,FR1,Poke,Left,42,5,30,,0,FR1
2024-07-28 18:55:20,4,3.93,,FR1,Poke,Left,43,5,30,,0,FR1
2024-07-28 18:55:22,4,3.93,1.0,FR1,Pellet,Left,43,5,31,1.95,0,FR1
2024-07-28 19:02:26,4,3.93,,FR1,Poke,Left,44,5,31,,0,FR1
2024-07-28 19:02:27,4,3.93,1.0,FR1,Pellet,Left,44,5,32,0.44,0,FR1
2024-07-28 19:06:32,4,3.93,,FR1,Poke,Left,45,5,32,,0,FR1
2024-07-28 19:06:36,4,3.94,2.0,FR1,Pellet,Left,45,5,33,2.27,0,FR1
2024-07-28 19:07:16,4,3.93,,FR1,Poke,Left,45,6,33,,0,FR1
2024-07-28 19:07:55,4,3.93,,FR1,Poke,Left,46,6,33,,0,FR1
2024-07-28 19:08:20,4,3.93,1.0,FR1,Pellet,Left,46,6,34,24.29,0,FR1
2024-07-28 19:16:54,4,3.93,,FR1,Poke,Left,46,7,34,,0,FR1
2024-07-28 19:18:32,4,3.93,,FR1,Poke,Left,46,8,34,,0,FR1
2024-07-28 19:18:40,4,3.94,,FR1,Poke,Left,47,8,34,,0,FR1
2024-07-28 19:18:43,4,3.93,1.0,FR1,Pellet,Left,47,8,35,1.64,0,FR1
2024-07-28 19:27:30,4,3.93,,FR1,Poke,Left,48,8,35,,0,FR1
2024-07-28 19:27:34,4,3.93,1.0,FR1,Pellet,Left,48,8,36,2.72,0,FR1
2024-07-28 19:29:46,4,3.93,,FR1,Poke,Left,49,8,36,,0,FR1
2024-07-28 19:29:47,4,3.93,1.0,FR1,Pellet,Left,49,8,37,0.18,0,FR1
2024-07-28 19:37:07,4,3.93,,FR1,Poke,Left,50,8,37,,0,FR1
2024-07-28 19:37:08,4,3.93,,FR1,Poke,Left,51,8,37,,0,FR1
2024-07-28 19:37:09,4,3.93,1.0,FR1,Pellet,Left,51,8,38,0.44,0,FR1
2024-07-28 19:37:54,4,3.93,,FR1,Poke,Left,52,8,38,,0,FR1
2024-07-28 19:37:55,4,3.93,2.0,FR1,Pellet,Left,52,8,39,0.31,0,FR1
2024-07-28 19:38:16,4,3.93,,FR1,Poke,Left,53,8,39,,0,FR1
2024-07-28 19:38:19,4,3.93,1.0,FR1,Pellet,Left,53,8,40,2.59,0,FR1
2024-07-28 19:42:01,4,3.93,,FR1,Poke,Left,54,8,40,,0,FR1
2024-07-28 19:42:02,4,3.93,1.0,FR1,Pellet,Left,54,8,41,0.12,0,FR1
2024-07-28 19:44:06,4,3.93,,FR1,Poke,Left,55,8,41,,0,FR1
2024-07-28 19:44:07,4,3.93,1.0,FR1,Pellet,Left,55,8,42,0.25,0,FR1
2024-07-28 19:48:14,4,3.93,,FR1,Poke,Left,56,8,42,,0,FR1
2024-07-28 19:48:27,4,3.93,1.0,FR1,Pellet,Left,56,8,43,11.74,0,FR1
2024-07-28 19:48:44,4,3.93,,FR1,Poke,Left,57,8,43,,0,FR1
2024-07-28 19:48:44,4,3.93,,FR1,Poke,Left,58,8,43,,0,FR1
2024-07-28 19:48:45,4,3.93,,FR1,Poke,Left,59,8,43,,0,FR1
2024-07-28 19:48:48,4,3.93,2.0,FR1,Pellet,Left,59,8,44,0.31,0,FR1
2024-07-28 19:48:54,4,3.93,,FR1,Poke,Left,60,8,44,,0,FR1
2024-07-28 20:13:39,4,3.93,1.0,FR1,Pellet,Left,60,8,45,,0,FR1
2024-07-28 20:21:57,4,3.93,,FR1,Poke,Left,61,8,45,,0,FR1
2024-07-28 20:21:58,4,3.93,2.0,FR1,Pellet,Left,61,8,46,0.06,0,FR1
2024-07-28 20:22:54,4,3.93,,FR1,Poke,Left,62,8,46,,0,FR1
2024-07-28 20:22:55,4,3.93,,FR1,Poke,Left,63,8,46,,0,FR1
2024-07-28 20:22:56,4,3.93,2.0,FR1,Pellet,Left,63,8,47,0.06,0,FR1
2024-07-28 20:22:58,4,3.93,,FR1,Poke,Left,64,8,47,,0,FR1
2024-07-28 20:22:59,4,3.93,,FR1,Poke,Left,65,8,47,,0,FR1
2024-07-28 20:23:03,4,3.93,2.0,FR1,Pellet,Left,65,8,48,0.75,0,FR1
2024-07-28 20:23:25,4,3.93,,FR1,Poke,Left,66,8,48,,0,FR1
2024-07-28 20:23:26,4,3.93,,FR1,Poke,Left,67,8,48,,0,FR1
2024-07-28 20:23:29,4,3.93,3.0,FR1,Pellet,Left,67,8,49,0.06,0,FR1
2024-07-28 20:24:38,4,3.93,,FR1,Poke,Left,68,8,49,,0,FR1
2024-07-28 20:24:39,4,3.93,2.0,FR1,Pellet,Left,68,8,50,0.44,0,FR1
2024-07-28 20:25:09,4,3.93,,FR1,Poke,Left,69,8,50,,0,FR1
2024-07-28 20:25:10,4,3.93,2.0,FR1,Pellet,Left,69,8,51,0.06,0,FR1
2024-07-28 20:26:26,4,3.93,,FR1,Poke,Left,70,8,51,,0,FR1
2024-07-28 20:26:27,4,3.93,2.0,FR1,Pellet,Left,70,8,52,0.06,0,FR1
2024-07-28 20:26:51,4,3.93,,FR1,Poke,Left,71,8,52,,0,FR1
2024-07-28 20:26:52,4,3.93,2.0,FR1,Pellet,Left,71,8,53,0.06,0,FR1
2024-07-28 20:27:10,4,3.93,,FR1,Poke,Left,72,8,53,,0,FR1
2024-07-28 20:27:11,4,3.93,,FR1,Poke,Left,73,8,53,,0,FR1
2024-07-28 20:27:12,4,3.93,1.0,FR1,Pellet,Left,73,8,54,0.56,0,FR1
2024-07-28 20:27:39,4,3.93,,FR1,Poke,Left,74,8,54,,0,FR1
2024-07-28 20:27:39,4,3.93,,FR1,Poke,Left,75,8,54,,0,FR1
2024-07-28 20:27:42,4,3.93,2.0,FR1,Pellet,Left,75,8,55,0.25,0,FR1
2024-07-28 20:30:52,4,3.93,,FR1,Poke,Left,76,8,55,,0,FR1
2024-07-28 20:31:04,4,3.91,1.0,FR1,Pellet,Left,76,8,56,10.79,0,FR1
2024-07-28 20:35:53,4,3.93,,FR1,Poke,Left,77,8,56,,0,FR1
2024-07-28 20:36:10,4,3.93,1.0,FR1,Pellet,Left,77,8,57,16.14,0,FR1
2024-07-28 20:36:26,4,3.93,,FR1,Poke,Left,78,8,57,,0,FR1
2024-07-28 20:36:26,4,3.93,,FR1,Poke,Left,79,8,57,,0,FR1
2024-07-28 20:36:30,4,3.93,,FR1,Poke,Left,80,8,57,,0,FR1
2024-07-28 20:36:34,4,3.93,,FR1,Poke,Left,81,8,57,,0,FR1
2024-07-28 20:36:36,4,3.92,,FR1,Poke,Left,82,8,57,,0,FR1
2024-07-28 20:36:36,4,3.93,,FR1,Poke,Left,83,8,57,,0,FR1
2024-07-28 20:36:43,4,3.93,,FR1,Poke,Left,83,9,57,,0,FR1
2024-07-28 20:36:48,4,3.93,,FR1,Poke,Left,84,9,57,,0,FR1
2024-07-28 20:40:47,4,3.93,3.0,FR1,Pellet,Left,84,9,58,,0,FR1
2024-07-28 20:42:15,4,3.93,,FR1,Poke,Left,85,9,58,,0,FR1
2024-07-28 20:42:17,4,3.93,1.0,FR1,Pellet,Left,85,9,59,0.37,0,FR1
2024-07-28 20:46:21,4,3.93,,FR1,Poke,Left,85,10,59,,0,FR1
2024-07-28 20:46:23,4,3.93,,FR1,Poke,Left,85,11,59,,0,FR1
2024-07-28 20:47:17,4,3.93,,FR1,Poke,Left,85,12,59,,0,FR1
2024-07-28 20:47:18,4,3.93,,FR1,Poke,Left,85,13,59,,0,FR1
2024-07-28 20:47:22,4,3.93,,FR1,Poke,Left,85,14,59,,0,FR1
2024-07-28 20:47:34,4,3.93,,FR1,Poke,Left,86,14,59,,0,FR1
2024-07-28 20:47:35,4,3.93,1.0,FR1,Pellet,Left,86,14,60,0.18,0,FR1
2024-07-28 20:59:40,4,3.93,,FR1,Poke,Left,87,14,60,,0,FR1
2024-07-28 20:59:44,4,3.93,1.0,FR1,Pellet,Left,87,14,61,3.54,0,FR1
2024-07-28 21:00:44,4,3.93,,FR1,Poke,Left,88,14,61,,0,FR1
2024-07-28 21:00:47,4,3.93,1.0,FR1,Pellet,Left,88,14,62,1.39,0,FR1
2024-07-28 21:03:28,4,3.93,,FR1,Poke,Left,89,14,62,,0,FR1
2024-07-28 21:03:29,4,3.93,,FR1,Poke,Left,90,14,62,,0,FR1
2024-07-28 21:03:32,4,3.93,2.0,FR1,Pellet,Left,90,14,63,0.44,0,FR1
2024-07-28 21:47:03,4,3.93,,FR1,Poke,Left,91,14,63,,0,FR1
2024-07-28 21:47:04,4,3.93,,FR1,Poke,Left,92,14,63,,0,FR1
2024-07-28 21:47:08,4,3.93,2.0,FR1,Pellet,Left,92,14,64,0.63,0,FR1
2024-07-28 21:47:53,4,3.93,,FR1,Poke,Left,93,14,64,,0,FR1
2024-07-28 21:47:54,4,3.93,1.0,FR1,Pellet,Left,93,14,65,0.12,0,FR1
2024-07-28 21:48:50,4,3.93,,FR1,Poke,Left,94,14,65,,0,FR1
2024-07-28 21:48:51,4,3.93,,FR1,Poke,Left,95,14,65,,0,FR1
2024-07-28 21:50:24,4,3.93,,FR1,Poke,Left,96,14,65,,0,FR1
2024-07-28 21:50:38,4,3.93,,FR1,Poke,Left,97,14,65,,0,FR1
2024-07-28 21:50:44,4,3.93,,FR1,Poke,Left,98,14,65,,0,FR1
2024-07-28 21:50:45,4,3.93,,FR1,Poke,Left,99,14,65,,0,FR1
2024-07-28 21:50:50,4,3.93,,FR1,Poke,Left,100,14,65,,0,FR1
2024-07-28 21:50:51,4,3.93,,FR1,Poke,Left,101,14,65,,0,FR1
2024-07-28 21:51:16,4,3.93,,FR1,Poke,Left,102,14,65,,0,FR1
2024-07-28 21:51:18,4,3.93,,FR1,Poke,Left,103,14,65,,0,FR1
2024-07-28 21:51:27,4,3.93,,FR1,Poke,Left,103,15,65,,0,FR1
2024-07-28 21:51:54,4,3.93,2.0,FR1,Pellet,Left,103,15,66,,0,FR1
2024-07-28 21:53:58,4,3.93,,FR1,Poke,Left,104,15,66,,0,FR1
2024-07-28 21:53:59,4,3.93,,FR1,Poke,Left,105,15,66,,0,FR1
2024-07-28 21:54:02,4,3.93,2.0,FR1,Pellet,Left,105,15,67,0.31,0,FR1
2024-07-28 21:54:35,4,3.92,,FR1,Poke,Left,106,15,67,,0,FR1
2024-07-28 21:54:37,4,3.93,,FR1,Poke,Left,107,15,67,,0,FR1
2024-07-28 21:54:37,4,3.93,1.0,FR1,Pellet,Left,107,15,68,0.44,0,FR1
2024-07-28 21:55:05,4,3.93,,FR1,Poke,Left,108,15,68,,0,FR1
2024-07-28 21:55:06,4,3.93,,FR1,Poke,Left,109,15,68,,0,FR1
2024-07-28 21:55:09,4,3.93,2.0,FR1,Pellet,Left,109,15,69,0.31,0,FR1
2024-07-28 21:55:59,4,3.93,,FR1,Poke,Left,110,15,69,,0,FR1
2024-07-28 21:56:00,4,3.93,1.0,FR1,Pellet,Left,110,15,70,0.5,0,FR1
2024-07-28 21:56:34,4,3.93,,FR1,Poke,Left,111,15,70,,0,FR1
2024-07-28 21:56:35,4,3.93,,FR1,Poke,Left,112,15,70,,0,FR1
2024-07-28 21:56:38,4,3.93,2.0,FR1,Pellet,Left,112,15,71,0.19,0,FR1
2024-07-28 21:57:11,4,3.93,,FR1,Poke,Left,113,15,71,,0,FR1
2024-07-28 21:57:11,4,3.93,1.0,FR1,Pellet,Left,113,15,72,0.06,0,FR1
2024-07-28 21:57:40,4,3.93,,FR1,Poke,Left,114,15,72,,0,FR1
2024-07-28 21:57:40,4,3.93,,FR1,Poke,Left,115,15,72,,0,FR1
2024-07-28 21:57:44,4,3.93,2.0,FR1,Pellet,Left,115,15,73,0.37,0,FR1
2024-07-28 22:01:34,4,3.93,,FR1,Poke,Left,115,16,73,,0,FR1
2024-07-28 22:02:52,4,3.93,,FR1,Poke,Left,116,16,73,,0,FR1
2024-07-28 22:02:53,4,3.93,1.0,FR1,Pellet,Left,116,16,74,0.12,0,FR1
2024-07-28 22:03:23,4,3.93,,FR1,Poke,Left,117,16,74,,0,FR1
2024-07-28 22:03:24,4,3.93,2.0,FR1,Pellet,Left,117,16,75,0.06,0,FR1
2024-07-28 22:03:58,4,3.93,,FR1,Poke,Left,118,16,75,,0,FR1
2024-07-28 22:03:59,4,3.93,1.0,FR1,Pellet,Left,118,16,76,0.06,0,FR1
2024-07-28 22:06:49,4,3.93,,FR1,Poke,Left,118,17,76,,0,FR1
2024-07-28 22:07:54,4,3.93,,FR1,Poke,Left,119,17,76,,0,FR1
2024-07-28 22:07:54,4,3.93,,FR1,Poke,Left,120,17,76,,0,FR1
2024-07-28 22:07:58,4,3.93,2.0,FR1,Pellet,Left,120,17,77,0.5,0,FR1
2024-07-28 22:08:46,4,3.93,,FR1,Poke,Left,120,18,77,,0,FR1
2024-07-28 22:08:49,4,3.93,,FR1,Poke,Left,120,19,77,,0,FR1
2024-07-28 22:09:00,4,3.93,,FR1,Poke,Left,121,19,77,,0,FR1
2024-07-28 22:09:01,4,3.93,,FR1,Poke,Left,122,19,77,,0,FR1
2024-07-28 22:09:04,4,3.93,2.0,FR1,Pellet,Left,122,19,78,0.06,0,FR1
2024-07-28 22:09:30,4,3.93,,FR1,Poke,Left,122,20,78,,0,FR1
2024-07-28 22:09:39,4,3.93,,FR1,Poke,Left,123,20,78,,0,FR1
2024-07-28 22:09:40,4,3.93,1.0,FR1,Pellet,Left,123,20,79,0.37,0,FR1
2024-07-28 22:09:58,4,3.93,,FR1,Poke,Left,124,20,79,,0,FR1
2024-07-28 22:09:59,4,3.93,1.0,FR1,Pellet,Left,124,20,80,0.56,0,FR1
2024-07-28 22:11:57,4,3.93,,FR1,Poke,Left,125,20,80,,0,FR1
2024-07-28 22:13:30,4,3.93,1.0,FR1,Pellet,Left,125,20,81,,0,FR1
2024-07-28 22:17:16,4,3.93,,FR1,Poke,Left,126,20,81,,0,FR1
2024-07-28 22:17:16,4,3.93,,FR1,Poke,Left,127,20,81,,0,FR1
2024-07-28 22:17:45,4,3.93,3.0,FR1,Pellet,Left,127,20,82,23.46,0,FR1
2024-07-28 22:29:03,4,3.93,,FR1,Poke,Left,127,21,82,,0,FR1
2024-07-28 22:29:06,4,3.92,,FR1,Poke,Left,128,21,82,,0,FR1
2024-07-28 22:29:10,4,3.93,1.0,FR1,Pellet,Left,128,21,83,3.17,0,FR1
2024-07-28 23:19:25,4,3.92,,FR1,Poke,Left,129,21,83,,0,FR1
2024-07-28 23:19:27,4,3.93,1.0,FR1,Pellet,Left,129,21,84,0.88,0,FR1
2024-07-28 23:24:40,4,3.93,,FR1,Poke,Left,130,21,84,,0,FR1
2024-07-28 23:24:42,4,3.92,1.0,FR1,Pellet,Left,130,21,85,0.5,0,FR1
2024-07-28 23:25:18,4,3.92,,FR1,Poke,Left,131,21,85,,0,FR1
2024-07-28 23:25:18,4,3.92,,FR1,Poke,Left,132,21,85,,0,FR1
2024-07-28 23:25:18,4,3.92,,FR1,Poke,Left,133,21,85,,0,FR1
2024-07-28 23:25:22,4,3.92,2.0,FR1,Pellet,Left,133,21,86,0.12,0,FR1
2024-07-28 23:26:21,4,3.93,,FR1,Poke,Left,134,21,86,,0,FR1
2024-07-28 23:26:22,4,3.92,1.0,FR1,Pellet,Left,134,21,87,0.12,0,FR1
2024-07-28 23:27:04,4,3.93,,FR1,Poke,Left,135,21,87,,0,FR1
2024-07-28 23:27:18,4,3.93,3.0,FR1,Pellet,Left,135,21,88,10.67,0,FR1
2024-07-28 23:28:10,4,3.93,,FR1,Poke,Left,136,21,88,,0,FR1
2024-07-28 23:28:11,4,3.92,,FR1,Poke,Left,137,21,88,,0,FR1
2024-07-28 23:28:14,4,3.93,3.0,FR1,Pellet,Left,137,21,89,0.37,0,FR1
2024-07-28 23:28:42,4,3.92,,FR1,Poke,Left,138,21,89,,0,FR1
2024-07-28 23:28:42,4,3.92,,FR1,Poke,Left,139,21,89,,0,FR1
2024-07-28 23:28:46,4,3.92,2.0,FR1,Pellet,Left,139,21,90,0.37,0,FR1
2024-07-28 23:29:11,4,3.92,,FR1,Poke,Left,140,21,90,,0,FR1
2024-07-28 23:29:12,4,3.93,1.0,FR1,Pellet,Left,140,21,91,0.18,0,FR1
2024-07-28 23:29:53,4,3.93,,FR1,Poke,Left,141,21,91,,0,FR1
2024-07-28 23:29:54,4,3.93,,FR1,Poke,Left,142,21,91,,0,FR1
2024-07-28 23:29:57,4,3.93,2.0,FR1,Pellet,Left,142,21,92,0.5,0,FR1
2024-07-28 23:30:34,4,3.93,,FR1,Poke,Left,143,21,92,,0,FR1
2024-07-28 23:30:35,4,3.93,,FR1,Poke,Left,144,21,92,,0,FR1
2024-07-28 23:30:38,4,3.92,2.0,FR1,Pellet,Left,144,21,93,0.5,0,FR1
2024-07-28 23:31:12,4,3.92,,FR1,Poke,Left,145,21,93,,0,FR1
2024-07-28 23:31:57,4,3.93,2.0,FR1,Pellet,Left,145,21,94,41.33,0,FR1
2024-07-28 23:34:11,4,3.93,,FR1,Poke,Left,146,21,94,,0,FR1
2024-07-28 23:34:12,4,3.92,1.0,FR1,Pellet,Left,146,21,95,0.12,0,FR1
2024-07-28 23:38:56,4,3.92,,FR1,Poke,Left,147,21,95,,0,FR1
2024-07-28 23:38:58,4,3.92,1.0,FR1,Pellet,Left,147,21,96,0.31,0,FR1
2024-07-28 23:39:24,4,3.93,,FR1,Poke,Left,148,21,96,,0,FR1
2024-07-28 23:39:25,4,3.92,2.0,FR1,Pellet,Left,148,21,97,0.06,0,FR1
2024-07-28 23:40:46,4,3.92,,FR1,Poke,Left,148,22,97,,0,FR1
2024-07-28 23:49:36,4,3.92,,FR1,Poke,Left,149,22,97,,0,FR1
2024-07-28 23:49:37,4,3.92,,FR1,Poke,Left,150,22,97,,0,FR1
2024-07-28 23:49:39,4,3.92,,FR1,Poke,Left,151,22,97,,0,FR1
2024-07-28 23:49:44,4,3.92,3.0,FR1,Pellet,Left,151,22,98,1.9,0,FR1
2024-07-28 23:50:07,4,3.92,,FR1,Poke,Left,152,22,98,,0,FR1
2024-07-28 23:50:08,4,3.92,,FR1,Poke,Left,153,22,98,,0,FR1
2024-07-28 23:50:10,4,3.92,1.0,FR1,Pellet,Left,153,22,99,0.88,0,FR1
2024-07-28 23:50:48,4,3.93,,FR1,Poke,Left,154,22,99,,0,FR1
2024-07-28 23:50:50,4,3.93,2.0,FR1,Pellet,Left,154,22,100,0.37,0,FR1
2024-07-28 23:51:08,4,3.93,,FR1,Poke,Left,155,22,100,,0,FR1
2024-07-28 23:51:09,4,3.92,2.0,FR1,Pellet,Left,155,22,101,0.12,0,FR1
2024-07-28 23:51:40,4,3.92,,FR1,Poke,Left,156,22,101,,0,FR1
2024-07-28 23:51:41,4,3.93,,FR1,Poke,Left,157,22,101,,0,FR1
2024-07-28 23:51:44,4,3.93,,FR1,Poke,Left,158,22,101,,0,FR1
2024-07-28 23:51:45,4,3.93,2.0,FR1,Pellet,Left,158,22,102,0.31,0,FR1
2024-07-28 23:52:37,4,3.91,,FR1,Poke,Left,159,22,102,,0,FR1
2024-07-28 23:52:38,4,3.92,,FR1,Poke,Left,160,22,102,,0,FR1
2024-07-28 23:52:41,4,3.92,3.0,FR1,Pellet,Left,160,22,103,0.12,0,FR1
2024-07-28 23:53:09,4,3.93,,FR1,Poke,Left,161,22,103,,0,FR1
2024-07-28 23:53:10,4,3.93,1.0,FR1,Pellet,Left,161,22,104,0.19,0,FR1
2024-07-28 23:53:47,4,3.92,,FR1,Poke,Left,162,22,104,,0,FR1
2024-07-28 23:53:47,4,3.92,,FR1,Poke,Left,163,22,104,,0,FR1
2024-07-28 23:53:51,4,3.93,3.0,FR1,Pellet,Left,163,22,105,0.12,0,FR1
2024-07-28 23:55:50,4,3.92,,FR1,Poke,Left,163,23,105,,0,FR1
2024-07-28 23:56:02,4,3.92,,FR1,Poke,Left,163,24,105,,0,FR1
2024-07-28 23:56:05,4,3.92,,FR1,Poke,Left,163,25,105,,0,FR1
2024-07-28 23:56:15,4,3.93,,FR1,Poke,Left,163,26,105,,0,FR1
2024-07-28 23:56:16,4,3.92,,FR1,Poke,Left,163,27,105,,0,FR1
2024-07-28 23:57:46,4,3.92,,FR1,Poke,Left,164,27,105,,0,FR1
2024-07-28 23:57:48,4,3.92,1.0,FR1,Pellet,Left,164,27,106,1.2,0,FR1
2024-07-28 23:58:19,4,3.92,,FR1,Poke,Left,164,28,106,,0,FR1
2024-07-29 00:03:42,4,3.92,,FR1,Poke,Left,165,28,106,,0,FR1
2024-07-29 00:03:43,4,3.92,,FR1,Poke,Left,166,28,106,,0,FR1
2024-07-29 00:03:46,4,3.93,3.0,FR1,Pellet,Left,166,28,107,0.06,0,FR1
2024-07-29 00:04:19,4,3.92,,FR1,Poke,Left,167,28,107,,0,FR1
2024-07-29 00:04:19,4,3.93,,FR1,Poke,Left,168,28,107,,0,FR1
2024-07-29 00:04:25,4,3.92,3.0,FR1,Pellet,Left,168,28,108,0.94,0,FR1
2024-07-29 00:04:49,4,3.93,,FR1,Poke,Left,169,28,108,,0,FR1
2024-07-29 00:04:49,4,3.92,,FR1,Poke,Left,170,28,108,,0,FR1
2024-07-29 00:04:53,4,3.92,2.0,FR1,Pellet,Left,170,28,109,0.31,0,FR1
2024-07-29 00:05:09,4,3.93,,FR1,Poke,Left,171,28,109,,0,FR1
2024-07-29 00:05:09,4,3.92,,FR1,Poke,Left,172,28,109,,0,FR1
2024-07-29 00:05:21,4,3.92,3.0,FR1,Pellet,Left,172,28,110,7.17,0,FR1
2024-07-29 00:05:58,4,3.92,,FR1,Poke,Left,173,28,110,,0,FR1
2024-07-29 00:06:02,4,3.93,1.0,FR1,Pellet,Left,173,28,111,2.72,0,FR1
2024-07-29 00:06:19,4,3.92,,FR1,Poke,Left,174,28,111,,0,FR1
2024-07-29 00:06:20,4,3.92,1.0,FR1,Pellet,Left,174,28,112,0.56,0,FR1
2024-07-29 00:13:55,4,3.92,,FR1,Poke,Left,174,29,112,,0,FR1
2024-07-29 00:17:04,4,3.92,,FR1,Poke,Left,175,29,112,,0,FR1
2024-07-29 00:17:08,4,3.93,,FR1,Poke,Left,176,29,112,,0,FR1
2024-07-29 00:17:30,4,3.92,1.0,FR1,Pellet,Left,176,29,113,25.21,0,FR1
2024-07-29 00:25:46,4,3.92,,FR1,Poke,Left,176,30,113,,0,FR1
2024-07-29 00:25:48,4,3.93,,FR1,Poke,Left,176,31,113,,0,FR1
2024-07-29 00:26:01,4,3.92,,FR1,Poke,Left,176,32,113,,0,FR1
2024-07-29 00:26:49,4,3.92,,FR1,Poke,Left,176,33,113,,0,FR1
2024-07-29 00:27:49,4,3.92,,FR1,Poke,Left,177,33,113,,0,FR1
2024-07-29 00:29:23,4,3.92,,FR1,Poke,Left,177,34,113,,0,FR1
2024-07-29 00:29:26,4,3.92,,FR1,Poke,Left,178,34,113,,0,FR1
2024-07-29 00:29:30,4,3.92,,FR1,Poke,Left,179,34,113,,0,FR1
2024-07-29 00:29:35,4,3.93,,FR1,Poke,Left,179,35,113,,0,FR1
2024-07-29 00:30:05,4,3.92,1.0,FR1,Pellet,Left,179,35,114,,0,FR1
2024-07-29 00:37:33,4,3.92,,FR1,Poke,Left,180,35,114,,0,FR1
2024-07-29 00:42:25,4,3.93,1.0,FR1,Pellet,Left,180,35,115,,0,FR1
2024-07-29 00:47:44,4,3.92,,FR1,Poke,Left,181,35,115,,0,FR1
2024-07-29 00:47:45,4,3.92,1.0,FR1,Pellet,Left,181,35,116,0.37,0,FR1
2024-07-29 01:02:11,4,3.91,,FR1,Poke,Left,182,35,116,,0,FR1
2024-07-29 01:02:12,4,3.91,2.0,FR1,Pellet,Left,182,35,117,0.06,0,FR1
2024-07-29 01:03:18,4,3.92,,FR1,Poke,Left,183,35,117,,0,FR1
2024-07-29 01:04:52,4,3.92,,FR1,Poke,Left,184,35,117,,0,FR1
2024-07-29 01:04:54,4,3.92,,FR1,Poke,Left,185,35,117,,0,FR1
2024-07-29 01:04:59,4,3.93,1.0,FR1,Pellet,Left,185,35,118,,0,FR1
2024-07-29 01:12:58,4,3.92,,FR1,Poke,Left,186,35,118,,0,FR1
2024-07-29 01:12:58,4,3.92,,FR1,Poke,Left,187,35,118,,0,FR1
2024-07-29 01:13:02,4,3.92,2.0,FR1,Pellet,Left,187,35,119,0.56,0,FR1
2024-07-29 01:13:30,4,3.92,,FR1,Poke,Left,188,35,119,,0,FR1
2024-07-29 01:13:33,4,3.92,1.0,FR1,Pellet,Left,188,35,120,1.83,0,FR1
2024-07-29 01:13:58,4,3.92,,FR1,Poke,Left,189,35,120,,0,FR1
2024-07-29 01:14:00,4,3.91,,FR1,Poke,Left,190,35,120,,0,FR1
2024-07-29 01:14:00,4,3.92,1.0,FR1,Pellet,Left,190,35,121,1.02,0,FR1
2024-07-29 01:14:33,4,3.92,,FR1,Poke,Left,191,35,121,,0,FR1
2024-07-29 01:14:34,4,3.92,,FR1,Poke,Left,192,35,121,,0,FR1
2024-07-29 01:14:35,4,3.92,,FR1,Poke,Left,193,35,121,,0,FR1
2024-07-29 01:14:39,4,3.92,2.0,FR1,Pellet,Left,193,35,122,1.07,0,FR1
2024-07-29 02:14:58,4,3.91,,FR1,Poke,Left,194,35,122,,0,FR1
2024-07-29 02:14:59,4,3.92,,FR1,Poke,Left,195,35,122,,0,FR1
2024-07-29 02:15:01,4,3.91,1.0,FR1,Pellet,Left,195,35,123,1.7,0,FR1
2024-07-29 02:17:56,4,3.92,,FR1,Poke,Left,196,35,123,,0,FR1
2024-07-29 02:17:57,4,3.91,1.0,FR1,Pellet,Left,196,35,124,0.19,0,FR1
2024-07-29 02:25:18,4,3.92,,FR1,Poke,Left,197,35,124,,0,FR1
2024-07-29 02:25:19,4,3.92,1.0,FR1,Pellet,Left,197,35,125,0.37,0,FR1
2024-07-29 02:25:46,4,3.91,,FR1,Poke,Left,198,35,125,,0,FR1
2024-07-29 02:25:48,4,3.92,1.0,FR1,Pellet,Left,198,35,126,0.25,0,FR1
2024-07-29 02:26:08,4,3.92,,FR1,Poke,Left,199,35,126,,0,FR1
2024-07-29 02:26:10,4,3.92,1.0,FR1,Pellet,Left,199,35,127,1.13,0,FR1
2024-07-29 02:26:36,4,3.92,,FR1,Poke,Left,200,35,127,,0,FR1
2024-07-29 02:26:37,4,3.91,1.0,FR1,Pellet,Left,200,35,128,0.19,0,FR1
2024-07-29 02:27:32,4,3.92,,FR1,Poke,Left,201,35,128,,0,FR1
2024-07-29 02:27:34,4,3.91,1.0,FR1,Pellet,Left,201,35,129,0.37,0,FR1
2024-07-29 02:27:57,4,3.91,,FR1,Poke,Left,202,35,129,,0,FR1
2024-07-29 02:27:59,4,3.92,1.0,FR1,Pellet,Left,202,35,130,0.37,0,FR1
2024-07-29 02:28:27,4,3.91,,FR1,Poke,Left,203,35,130,,0,FR1
2024-07-29 02:28:29,4,3.92,1.0,FR1,Pellet,Left,203,35,131,0.25,0,FR1
2024-07-29 03:15:15,4,3.92,,FR1,Poke,Left,204,35,131,,0,FR1
2024-07-29 03:15:16,4,3.92,1.0,FR1,Pellet,Left,204,35,132,0.63,0,FR1
2024-07-29 03:21:53,4,3.92,,FR1,Poke,Left,205,35,132,,0,FR1
2024-07-29 03:21:55,4,3.91,1.0,FR1,Pellet,Left,205,35,133,0.95,0,FR1
2024-07-29 03:22:27,4,3.91,,FR1,Poke,Left,206,35,133,,0,FR1
2024-07-29 03:22:28,4,3.91,,FR1,Poke,Left,207,35,133,,0,FR1
2024-07-29 03:22:33,4,3.92,2.0,FR1,Pellet,Left,207,35,134,2.09,0,FR1
2024-07-29 03:23:18,4,3.91,,FR1,Poke,Left,208,35,134,,0,FR1
2024-07-29 03:23:19,4,3.91,1.0,FR1,Pellet,Left,208,35,135,0.25,0,FR1
2024-07-29 03:23:45,4,3.91,,FR1,Poke,Left,209,35,135,,0,FR1
2024-07-29 03:23:46,4,3.91,1.0,FR1,Pellet,Left,209,35,136,0.06,0,FR1
2024-07-29 03:24:28,4,3.92,,FR1,Poke,Left,210,35,136,,0,FR1
2024-07-29 03:24:29,4,3.92,,FR1,Poke,Left,211,35,136,,0,FR1
2024-07-29 03:24:32,4,3.92,2.0,FR1,Pellet,Left,211,35,137,0.12,0,FR1
2024-07-29 03:25:03,4,3.92,,FR1,Poke,Left,212,35,137,,0,FR1
2024-07-29 03:25:04,4,3.92,1.0,FR1,Pellet,Left,212,35,138,0.31,0,FR1
2024-07-29 03:25:56,4,3.91,,FR1,Poke,Left,213,35,138,,0,FR1
2024-07-29 03:25:56,4,3.91,,FR1,Poke,Left,214,35,138,,0,FR1
2024-07-29 03:25:59,4,3.91,,FR1,Poke,Left,215,35,138,,0,FR1
2024-07-29 03:26:02,4,3.91,3.0,FR1,Pellet,Left,215,35,139,0.12,0,FR1
2024-07-29 03:26:19,4,3.92,,FR1,Poke,Left,216,35,139,,0,FR1
2024-07-29 03:26:20,4,3.91,1.0,FR1,Pellet,Left,216,35,140,0.25,0,FR1
2024-07-29 03:27:23,4,3.91,,FR1,Poke,Left,217,35,140,,0,FR1
2024-07-29 03:27:24,4,3.91,1.0,FR1,Pellet,Left,217,35,141,0.19,0,FR1
2024-07-29 03:27:53,4,3.91,,FR1,Poke,Left,218,35,141,,0,FR1
2024-07-29 03:27:54,4,3.92,1.0,FR1,Pellet,Left,218,35,142,0.63,0,FR1
2024-07-29 03:39:32,4,3.91,,FR1,Poke,Left,219,35,142,,0,FR1
2024-07-29 03:39:35,4,3.91,1.0,FR1,Pellet,Left,219,35,143,2.28,0,FR1
2024-07-29 03:44:34,4,3.91,,FR1,Poke,Left,220,35,143,,0,FR1
2024-07-29 03:50:18,4,3.91,,FR1,Poke,Left,220,36,143,,0,FR1
2024-07-29 03:50:20,4,3.92,1.0,FR1,Pellet,Left,220,36,144,,0,FR1
2024-07-29 03:50:46,4,3.92,,FR1,Poke,Left,221,36,144,,0,FR1
2024-07-29 03:50:48,4,3.92,1.0,FR1,Pellet,Left,221,36,145,1.45,0,FR1
2024-07-29 03:52:36,4,3.91,,FR1,Poke,Left,222,36,145,,0,FR1
2024-07-29 03:56:52,4,3.91,1.0,FR1,Pellet,Left,222,36,146,,0,FR1
2024-07-29 03:57:52,4,3.91,,FR1,Poke,Left,222,37,146,,0,FR1
2024-07-29 03:57:54,4,3.92,,FR1,Poke,Left,222,38,146,,0,FR1
2024-07-29 03:57:57,4,3.91,,FR1,Poke,Left,222,39,146,,0,FR1
2024-07-29 03:57:59,4,3.92,,FR1,Poke,Left,222,40,146,,0,FR1
2024-07-29 03:58:00,4,3.91,,FR1,Poke,Left,222,41,146,,0,FR1
2024-07-29 03:58:04,4,3.91,,FR1,Poke,Left,222,42,146,,0,FR1
2024-07-29 03:58:08,4,3.91,,FR1,Poke,Left,223,42,146,,0,FR1
2024-07-29 03:58:08,4,3.91,,FR1,Poke,Left,224,42,146,,0,FR1
2024-07-29 03:58:11,4,3.91,,FR1,Poke,Left,225,42,146,,0,FR1
2024-07-29 03:58:15,4,3.92,4.0,FR1,Pellet,Left,225,42,147,0.06,0,FR1
2024-07-29 03:58:44,4,3.91,,FR1,Poke,Left,226,42,147,,0,FR1
2024-07-29 03:58:45,4,3.91,1.0,FR1,Pellet,Left,226,42,148,0.25,0,FR1
2024-07-29 04:02:28,4,3.91,,FR1,Poke,Left,227,42,148,,0,FR1
2024-07-29 04:07:28,4,3.91,,FR1,Poke,Left,227,43,148,,0,FR1
2024-07-29 04:07:33,4,3.91,,FR1,Poke,Left,227,44,148,,0,FR1
2024-07-29 04:07:40,4,3.91,,FR1,Poke,Left,227,45,148,,0,FR1
2024-07-29 04:07:41,4,3.91,,FR1,Poke,Left,227,46,148,,0,FR1
2024-07-29 04:07:43,4,3.91,,FR1,Poke,Left,228,46,148,,0,FR1
2024-07-29 04:07:49,4,3.91,1.0,FR1,Pellet,Left,228,46,149,,0,FR1
2024-07-29 04:08:09,4,3.91,,FR1,Poke,Left,229,46,149,,0,FR1
2024-07-29 04:08:10,4,3.91,1.0,FR1,Pellet,Left,229,46,150,0.63,0,FR1
2024-07-29 04:08:13,4,3.91,,FR1,Poke,Left,230,46,150,,0,FR1
2024-07-29 04:08:17,4,3.91,,FR1,Poke,Left,231,46,150,,0,FR1
2024-07-29 04:16:38,4,3.91,,FR1,Poke,Left,232,46,150,,0,FR1
2024-07-29 05:17:22,4,3.91,2.0,FR1,Pellet,Left,232,46,151,,0,FR1
2024-07-29 05:18:05,4,3.91,,FR1,Poke,Left,233,46,151,,0,FR1
2024-07-29 05:18:06,4,3.91,1.0,FR1,Pellet,Left,233,46,152,0.19,0,FR1
2024-07-29 05:18:39,4,3.91,,FR1,Poke,Left,234,46,152,,0,FR1
2024-07-29 05:18:52,4,3.91,2.0,FR1,Pellet,Left,234,46,153,9.27,0,FR1
2024-07-29 05:21:08,4,3.91,,FR1,Poke,Left,234,47,153,,0,FR1
2024-07-29 05:25:11,4,3.91,,FR1,Poke,Left,235,47,153,,0,FR1
2024-07-29 05:25:13,4,3.91,2.0,FR1,Pellet,Left,235,47,154,0.12,0,FR1
2024-07-29 05:29:55,4,3.91,,FR1,Poke,Left,236,47,154,,0,FR1
2024-07-29 05:34:06,4,3.91,,FR1,Poke,Left,237,47,154,,0,FR1
2024-07-29 05:34:13,4,3.91,1.0,FR1,Pellet,Left,237,47,155,,0,FR1
2024-07-29 05:38:07,4,3.91,,FR1,Poke,Left,237,48,155,,0,FR1
2024-07-29 05:38:08,4,3.91,,FR1,Poke,Left,237,49,155,,0,FR1
2024-07-29 05:38:09,4,3.91,,FR1,Poke,Left,237,50,155,,0,FR1
2024-07-29 05:38:13,4,3.91,,FR1,Poke,Left,237,51,155,,0,FR1
2024-07-29 05:38:33,4,3.92,,FR1,Poke,Left,238,51,155,,0,FR1
2024-07-29 16:48:47,4,3.82,,FR1,Poke,Left,239,51,155,,1,FR1
2024-07-29 16:48:48,4,3.82,,FR1,Poke,Left,240,51,155,,1,FR1
2024-07-29 16:48:56,4,3.82,5.0,FR1,Pellet,Left,240,51,156,0.06,1,FR1
2024-07-29 16:50:12,4,3.82,,FR1,Poke,Left,240,52,156,,1,FR1
2024-07-29 16:50:17,4,3.82,,FR1,Poke,Left,241,52,156,,1,FR1
2024-07-29 16:50:18,4,3.82,2.0,FR1,Pellet,Left,241,52,157,0.06,1,FR1
2024-07-29 16:53:01,4,3.82,,FR1,Poke,Left,242,52,157,,1,FR1
2024-07-29 16:53:02,4,3.82,2.0,FR1,Pellet,Left,242,52,158,0.25,1,FR1
2024-07-29 16:53:55,4,3.82,,FR1,Poke,Left,242,53,158,,1,FR1
2024-07-29 16:54:36,4,3.82,,FR1,Poke,Left,243,53,158,,1,FR1
2024-07-29 16:55:20,4,3.82,2.0,FR1,Pellet,Left,243,53,159,41.8,1,FR1
2024-07-29 16:56:10,4,3.82,,FR1,Poke,Left,244,53,159,,1,FR1
2024-07-29 16:56:22,4,3.82,2.0,FR1,Pellet,Left,244,53,160,10.02,1,FR1
2024-07-29 17:39:03,4,3.81,,FR1,Poke,Left,245,53,160,,1,FR1
2024-07-29 17:39:04,4,3.81,,FR1,Poke,Left,246,53,160,,1,FR1
2024-07-29 17:39:07,4,3.81,2.0,FR1,Pellet,Left,246,53,161,0.25,1,FR1
2024-07-29 17:39:42,4,3.81,,FR1,Poke,Left,247,53,161,,1,FR1
2024-07-29 17:39:43,4,3.81,1.0,FR1,Pellet,Left,247,53,162,0.12,1,FR1
2024-07-29 17:40:10,4,3.81,,FR1,Poke,Left,248,53,162,,1,FR1
2024-07-29 17:40:12,4,3.81,2.0,FR1,Pellet,Left,248,53,163,0.12,1,FR1
2024-07-29 17:40:39,4,3.81,,FR1,Poke,Left,249,53,163,,1,FR1
2024-07-29 17:40:40,4,3.81,1.0,FR1,Pellet,Left,249,53,164,0.12,1,FR1
2024-07-29 17:41:10,4,3.82,,FR1,Poke,Left,250,53,164,,1,FR1
2024-07-29 17:41:11,4,3.81,1.0,FR1,Pellet,Left,250,53,165,0.06,1,FR1
2024-07-29 18:05:13,4,3.82,,FR1,Poke,Left,251,53,165,,1,FR1
2024-07-29 18:05:14,4,3.82,1.0,FR1,Pellet,Left,251,53,166,0.18,1,FR1
2024-07-29 18:05:39,4,3.81,,FR1,Poke,Left,252,53,166,,1,FR1
2024-07-29 18:05:40,4,3.82,1.0,FR1,Pellet,Left,252,53,167,0.12,1,FR1
2024-07-29 18:05:56,4,3.81,,FR1,Poke,Left,253,53,167,,1,FR1
2024-07-29 18:06:08,4,3.81,2.0,FR1,Pellet,Left,253,53,168,8.75,1,FR1
2024-07-29 18:06:53,4,3.82,,FR1,Poke,Left,254,53,168,,1,FR1
2024-07-29 18:06:54,4,3.82,,FR1,Poke,Left,255,53,168,,1,FR1
2024-07-29 18:06:57,4,3.81,2.0,FR1,Pellet,Left,255,53,169,0.06,1,FR1
2024-07-29 18:07:18,4,3.81,,FR1,Poke,Left,256,53,169,,1,FR1
2024-07-29 18:07:19,4,3.82,1.0,FR1,Pellet,Left,256,53,170,0.06,1,FR1
2024-07-29 18:07:49,4,3.81,,FR1,Poke,Left,257,53,170,,1,FR1
2024-07-29 18:07:50,4,3.81,1.0,FR1,Pellet,Left,257,53,171,0.19,1,FR1
2024-07-29 18:20:38,4,3.81,,FR1,Poke,Left,258,53,171,,1,FR1
2024-07-29 18:20:39,4,3.81,1.0,FR1,Pellet,Left,258,53,172,0.25,1,FR1
2024-07-29 18:22:51,4,3.82,,FR1,Poke,Left,259,53,172,,1,FR1
2024-07-29 18:22:52,4,3.82,1.0,FR1,Pellet,Left,259,53,173,0.19,1,FR1
2024-07-29 18:23:38,4,3.81,,FR1,Poke,Left,259,54,173,,1,FR1
2024-07-29 18:23:45,4,3.82,,FR1,Poke,Left,259,55,173,,1,FR1
2024-07-29 18:34:57,4,3.81,,FR1,Poke,Left,260,55,173,,1,FR1
2024-07-29 18:35:01,4,3.82,2.0,FR1,Pellet,Left,260,55,174,0.06,1,FR1
2024-07-29 18:35:25,4,3.82,,FR1,Poke,Left,261,55,174,,1,FR1
2024-07-29 18:35:26,4,3.81,1.0,FR1,Pellet,Left,261,55,175,0.12,1,FR1
2024-07-29 18:35:52,4,3.82,,FR1,Poke,Left,262,55,175,,1,FR1
2024-07-29 18:35:53,4,3.82,1.0,FR1,Pellet,Left,262,55,176,0.19,1,FR1
2024-07-29 18:36:15,4,3.81,,FR1,Poke,Left,263,55,176,,1,FR1
2024-07-29 18:36:26,4,3.82,2.0,FR1,Pellet,Left,263,55,177,8.75,1,FR1
2024-07-29 18:36:57,4,3.82,,FR1,Poke,Left,264,55,177,,1,FR1
2024-07-29 18:36:58,4,3.81,1.0,FR1,Pellet,Left,264,55,178,0.31,1,FR1
2024-07-29 18:37:15,4,3.82,,FR1,Poke,Left,265,55,178,,1,FR1
2024-07-29 18:37:28,4,3.82,2.0,FR1,Pellet,Left,265,55,179,10.21,1,FR1
2024-07-29 18:38:06,4,3.82,,FR1,Poke,Left,266,55,179,,1,FR1
2024-07-29 18:38:07,4,3.82,2.0,FR1,Pellet,Left,266,55,180,0.06,1,FR1
2024-07-29 18:51:24,4,3.81,,FR1,Poke,Left,267,55,180,,1,FR1
2024-07-29 18:51:25,4,3.81,1.0,FR1,Pellet,Left,267,55,181,0.31,1,FR1
2024-07-29 18:51:57,4,3.82,,FR1,Poke,Left,268,55,181,,1,FR1
2024-07-29 18:51:59,4,3.81,1.0,FR1,Pellet,Left,268,55,182,0.18,1,FR1
2024-07-29 18:52:15,4,3.82,,FR1,Poke,Left,269,55,182,,1,FR1
2024-07-29 18:52:16,4,3.8,1.0,FR1,Pellet,Left,269,55,183,0.19,1,FR1
2024-07-29 18:52:43,4,3.81,,FR1,Poke,Left,270,55,183,,1,FR1
2024-07-29 18:52:44,4,3.81,1.0,FR1,Pellet,Left,270,55,184,0.18,1,FR1
2024-07-29 19:14:48,4,3.81,,FR1,Poke,Left,271,55,184,,1,FR1
2024-07-29 19:14:49,4,3.82,1.0,FR1,Pellet,Left,271,55,185,0.37,1,FR1
2024-07-29 19:15:11,4,3.82,,FR1,Poke,Left,272,55,185,,1,FR1
2024-07-29 19:15:12,4,3.81,1.0,FR1,Pellet,Left,272,55,186,0.12,1,FR1
2024-07-29 19:15:31,4,3.82,,FR1,Poke,Left,273,55,186,,1,FR1
2024-07-29 19:15:31,4,3.81,,FR1,Poke,Left,274,55,186,,1,FR1
2024-07-29 19:15:35,4,3.81,2.0,FR1,Pellet,Left,274,55,187,0.75,1,FR1
2024-07-29 19:15:54,4,3.81,,FR1,Poke,Left,275,55,187,,1,FR1
2024-07-29 19:15:55,4,3.81,1.0,FR1,Pellet,Left,275,55,188,0.12,1,FR1
2024-07-29 19:16:16,4,3.81,,FR1,Poke,Left,276,55,188,,1,FR1
2024-07-29 19:16:17,4,3.81,1.0,FR1,Pellet,Left,276,55,189,0.06,1,FR1
2024-07-29 19:16:34,4,3.81,,FR1,Poke,Left,277,55,189,,1,FR1
2024-07-29 19:16:35,4,3.82,1.0,FR1,Pellet,Left,277,55,190,0.06,1,FR1
2024-07-29 19:16:54,4,3.81,,FR1,Poke,Left,278,55,190,,1,FR1
2024-07-29 19:16:55,4,3.81,1.0,FR1,Pellet,Left,278,55,191,0.06,1,FR1
2024-07-29 19:17:20,4,3.81,,FR1,Poke,Left,279,55,191,,1,FR1
2024-07-29 19:17:21,4,3.81,1.0,FR1,Pellet,Left,279,55,192,0.12,1,FR1
2024-07-29 19:17:40,4,3.81,,FR1,Poke,Left,280,55,192,,1,FR1
2024-07-29 19:17:40,4,3.82,,FR1,Poke,Left,281,55,192,,1,FR1
2024-07-29 19:17:44,4,3.81,2.0,FR1,Pellet,Left,281,55,193,1.01,1,FR1
2024-07-29 19:19:33,4,3.8,,FR1,Poke,Left,282,55,193,,1,FR1
2024-07-29 19:19:38,4,3.81,1.0,FR1,Pellet,Left,282,55,194,4.68,1,FR1
2024-07-29 19:25:09,4,3.81,,FR1,Poke,Left,282,56,194,,1,FR1
2024-07-29 19:34:29,4,3.81,,FR1,Poke,Left,283,56,194,,1,FR1
2024-07-29 19:34:30,4,3.8,,FR1,Poke,Left,284,56,194,,1,FR1
2024-07-29 19:34:33,4,3.81,2.0,FR1,Pellet,Left,284,56,195,0.25,1,FR1
2024-07-29 19:34:37,4,3.81,,FR1,Poke,Left,285,56,195,,1,FR1
2024-07-29 19:35:21,4,3.81,1.0,FR1,Pellet,Left,285,56,196,43.39,1,FR1
2024-07-29 19:36:26,4,3.81,,FR1,Poke,Left,285,57,196,,1,FR1
2024-07-29 19:36:56,4,3.81,,FR1,Poke,Left,286,57,196,,1,FR1
2024-07-29 19:38:06,4,3.81,,FR1,Poke,Left,286,58,196,,1,FR1
2024-07-29 19:38:14,4,3.81,,FR1,Poke,Left,287,58,196,,1,FR1
2024-07-29 19:40:33,4,3.81,1.0,FR1,Pellet,Left,287,58,197,,1,FR1
2024-07-29 19:44:44,4,3.81,,FR1,Poke,Left,287,59,197,,1,FR1
2024-07-29 19:44:46,4,3.81,,FR1,Poke,Left,287,60,197,,1,FR1
2024-07-29 19:44:50,4,3.8,,FR1,Poke,Left,287,61,197,,1,FR1
2024-07-29 19:45:01,4,3.81,,FR1,Poke,Left,288,61,197,,1,FR1
2024-07-29 19:45:02,4,3.81,,FR1,Poke,Left,289,61,197,,1,FR1
2024-07-29 19:45:05,4,3.81,2.0,FR1,Pellet,Left,289,61,198,0.06,1,FR1
2024-07-29 19:46:54,4,3.81,,FR1,Poke,Left,290,61,198,,1,FR1
2024-07-29 19:46:55,4,3.81,1.0,FR1,Pellet,Left,290,61,199,0.25,1,FR1
2024-07-29 19:47:17,4,3.8,,FR1,Poke,Left,291,61,199,,1,FR1
2024-07-29 19:47:17,4,3.82,,FR1,Poke,Left,292,61,199,,1,FR1
2024-07-29 19:47:20,4,3.81,2.0,FR1,Pellet,Left,292,61,200,0.12,1,FR1
2024-07-29 19:47:45,4,3.81,,FR1,Poke,Left,293,61,200,,1,FR1
2024-07-29 19:47:46,4,3.81,1.0,FR1,Pellet,Left,293,61,201,0.31,1,FR1
2024-07-29 19:49:15,4,3.81,,FR1,Poke,Left,294,61,201,,1,FR1
2024-07-29 19:49:16,4,3.8,,FR1,Poke,Left,295,61,201,,1,FR1
2024-07-29 19:49:18,4,3.81,2.0,FR1,Pellet,Left,295,61,202,0.06,1,FR1
2024-07-29 19:57:58,4,3.81,,FR1,Poke,Left,296,61,202,,1,FR1
2024-07-29 19:57:59,4,3.81,1.0,FR1,Pellet,Left,296,61,203,0.12,1,FR1
2024-07-29 20:03:11,4,3.8,,FR1,Poke,Left,297,61,203,,1,FR1
2024-07-29 20:08:20,4,3.82,1.0,FR1,Pellet,Left,297,61,204,,1,FR1
2024-07-29 20:08:51,4,3.81,,FR1,Poke,Left,298,61,204,,1,FR1
2024-07-29 20:09:04,4,3.81,2.0,FR1,Pellet,Left,298,61,205,9.77,1,FR1
2024-07-29 20:09:34,4,3.81,,FR1,Poke,Left,299,61,205,,1,FR1
2024-07-29 20:09:35,4,3.81,1.0,FR1,Pellet,Left,299,61,206,0.31,1,FR1
2024-07-29 20:14:12,4,3.81,,FR1,Poke,Left,300,61,206,,1,FR1
2024-07-29 20:14:35,4,3.81,1.0,FR1,Pellet,Left,300,61,207,21.48,1,FR1
2024-07-29 20:16:21,4,3.81,,FR1,Poke,Left,301,61,207,,1,FR1
2024-07-29 20:16:23,4,3.81,1.0,FR1,Pellet,Left,301,61,208,1.13,1,FR1
2024-07-29 20:22:39,4,3.81,,FR1,Poke,Left,302,61,208,,1,FR1
2024-07-29 20:22:41,4,3.81,1.0,FR1,Pellet,Left,302,61,209,0.88,1,FR1
2024-07-29 20:26:10,4,3.82,,FR1,Poke,Left,302,62,209,,1,FR1
2024-07-29 21:09:55,4,3.81,,FR1,Poke,Left,303,62,209,,1,FR1
2024-07-29 21:09:56,4,3.81,1.0,FR1,Pellet,Left,303,62,210,0.31,1,FR1
2024-07-29 21:10:18,4,3.8,,FR1,Poke,Left,304,62,210,,1,FR1
2024-07-29 21:10:19,4,3.81,1.0,FR1,Pellet,Left,304,62,211,0.19,1,FR1
2024-07-29 21:10:40,4,3.82,,FR1,Poke,Left,305,62,211,,1,FR1
2024-07-29 21:10:41,4,3.81,2.0,FR1,Pellet,Left,305,62,212,0.06,1,FR1
2024-07-29 21:11:08,4,3.8,,FR1,Poke,Left,306,62,212,,1,FR1
2024-07-29 21:11:09,4,3.8,1.0,FR1,Pellet,Left,306,62,213,0.06,1,FR1
2024-07-29 21:11:27,4,3.81,,FR1,Poke,Left,307,62,213,,1,FR1
2024-07-29 21:11:28,4,3.81,1.0,FR1,Pellet,Left,307,62,214,0.12,1,FR1
2024-07-29 21:11:51,4,3.81,,FR1,Poke,Left,308,62,214,,1,FR1
2024-07-29 21:11:52,4,3.81,2.0,FR1,Pellet,Left,308,62,215,0.06,1,FR1
2024-07-29 21:12:23,4,3.81,,FR1,Poke,Left,309,62,215,,1,FR1
2024-07-29 21:12:24,4,3.81,2.0,FR1,Pellet,Left,309,62,216,0.18,1,FR1
2024-07-29 21:12:55,4,3.8,,FR1,Poke,Left,310,62,216,,1,FR1
2024-07-29 21:12:56,4,3.81,1.0,FR1,Pellet,Left,310,62,217,0.31,1,FR1
2024-07-29 21:13:32,4,3.8,,FR1,Poke,Left,311,62,217,,1,FR1
2024-07-29 21:13:33,4,3.81,1.0,FR1,Pellet,Left,311,62,218,0.06,1,FR1
2024-07-29 21:15:34,4,3.8,,FR1,Poke,Left,312,62,218,,1,FR1
2024-07-29 21:15:38,4,3.8,1.0,FR1,Pellet,Left,312,62,219,3.1,1,FR1
2024-07-29 21:33:13,4,3.81,,FR1,Poke,Left,312,63,219,,1,FR1
2024-07-29 21:40:27,4,3.81,,FR1,Poke,Left,312,64,219,,1,FR1
2024-07-29 21:40:29,4,3.8,,FR1,Poke,Left,312,65,219,,1,FR1
2024-07-29 21:40:32,4,3.8,,FR1,Poke,Left,313,65,219,,1,FR1
2024-07-29 21:40:34,4,3.8,1.0,FR1,Pellet,Left,313,65,220,0.63,1,FR1
2024-07-29 21:41:08,4,3.81,,FR1,Poke,Left,314,65,220,,1,FR1
2024-07-29 21:41:09,4,3.81,2.0,FR1,Pellet,Left,314,65,221,0.06,1,FR1
2024-07-29 21:41:39,4,3.81,,FR1,Poke,Left,315,65,221,,1,FR1
2024-07-29 21:41:40,4,3.81,2.0,FR1,Pellet,Left,315,65,222,0.06,1,FR1
2024-07-29 21:42:06,4,3.81,,FR1,Poke,Left,316,65,222,,1,FR1
2024-07-29 21:42:21,4,3.81,2.0,FR1,Pellet,Left,316,65,223,13.77,1,FR1
2024-07-29 21:43:14,4,3.81,,FR1,Poke,Left,317,65,223,,1,FR1
2024-07-29 21:43:16,4,3.8,2.0,FR1,Pellet,Left,317,65,224,0.12,1,FR1
2024-07-29 21:43:48,4,3.81,,FR1,Poke,Left,318,65,224,,1,FR1
2024-07-29 21:43:51,4,3.8,2.0,FR1,Pellet,Left,318,65,225,1.64,1,FR1
2024-07-29 21:46:19,4,3.81,,FR1,Poke,Left,318,66,225,,1,FR1
2024-07-29 21:46:36,4,3.81,,FR1,Poke,Left,319,66,225,,1,FR1
2024-07-29 21:53:13,4,3.8,,FR1,Poke,Left,320,66,225,,1,FR1
2024-07-29 21:55:05,4,3.81,,FR1,Poke,Left,320,67,225,,1,FR1
2024-07-29 21:55:08,4,3.8,2.0,FR1,Pellet,Left,320,67,226,,1,FR1
2024-07-29 21:55:47,4,3.81,,FR1,Poke,Left,320,68,226,,1,FR1
2024-07-29 21:55:52,4,3.8,,FR1,Poke,Left,320,69,226,,1,FR1
2024-07-29 21:55:55,4,3.81,,FR1,Poke,Left,320,70,226,,1,FR1
2024-07-29 21:56:03,4,3.81,,FR1,Poke,Left,321,70,226,,1,FR1
2024-07-29 21:56:06,4,3.81,1.0,FR1,Pellet,Left,321,70,227,2.15,1,FR1
2024-07-29 21:56:46,4,3.8,,FR1,Poke,Left,322,70,227,,1,FR1
2024-07-29 22:05:05,4,3.8,1.0,FR1,Pellet,Left,322,70,228,,1,FR1
2024-07-29 22:05:32,4,3.81,,FR1,Poke,Left,323,70,228,,1,FR1
2024-07-29 22:05:33,4,3.8,2.0,FR1,Pellet,Left,323,70,229,0.06,1,FR1
2024-07-29 22:05:53,4,3.81,,FR1,Poke,Left,324,70,229,,1,FR1
2024-07-29 22:06:05,4,3.8,2.0,FR1,Pellet,Left,324,70,230,9.01,1,FR1
2024-07-29 22:06:31,4,3.81,,FR1,Poke,Left,325,70,230,,1,FR1
2024-07-29 22:06:32,4,3.8,1.0,FR1,Pellet,Left,325,70,231,0.12,1,FR1
2024-07-29 22:07:25,4,3.8,,FR1,Poke,Left,326,70,231,,1,FR1
2024-07-29 22:09:54,4,3.8,,FR1,Poke,Left,327,70,231,,1,FR1
2024-07-29 22:13:30,4,3.81,,FR1,Poke,Left,327,71,231,,1,FR1
2024-07-29 22:13:36,4,3.81,,FR1,Poke,Left,327,72,231,,1,FR1
2024-07-29 22:13:36,4,3.81,,FR1,Poke,Left,327,73,231,,1,FR1
2024-07-29 22:13:39,4,3.81,,FR1,Poke,Left,327,74,231,,1,FR1
2024-07-29 22:13:45,4,3.8,,FR1,Poke,Left,327,75,231,,1,FR1
2024-07-29 22:13:52,4,3.8,,FR1,Poke,Left,327,76,231,,1,FR1
2024-07-29 22:33:21,4,3.81,1.0,FR1,Pellet,Left,327,76,232,,1,FR1
2024-07-29 22:42:49,4,3.8,,FR1,Poke,Left,327,77,232,,1,FR1
2024-07-29 22:42:52,4,3.81,,FR1,Poke,Left,328,77,232,,1,FR1
2024-07-29 22:42:52,4,3.8,,FR1,Poke,Left,329,77,232,,1,FR1
2024-07-29 22:43:40,4,3.8,,FR1,Poke,Left,330,77,232,,1,FR1
2024-07-29 22:44:53,4,3.8,2.0,FR1,Pellet,Left,330,77,233,,1,FR1
2024-07-29 22:45:18,4,3.8,,FR1,Poke,Left,331,77,233,,1,FR1
2024-07-29 22:45:20,4,3.8,,FR1,Poke,Left,332,77,233,,1,FR1
2024-07-29 23:52:21,4,3.8,1.0,FR1,Pellet,Left,332,77,234,,1,FR1
2024-07-29 23:52:44,4,3.8,,FR1,Poke,Left,333,77,234,,1,FR1
2024-07-29 23:52:46,4,3.8,1.0,FR1,Pellet,Left,333,77,235,0.88,1,FR1
2024-07-29 23:53:13,4,3.8,,FR1,Poke,Left,334,77,235,,1,FR1
2024-07-29 23:53:15,4,3.8,1.0,FR1,Pellet,Left,334,77,236,0.56,1,FR1
2024-07-29 23:53:35,4,3.81,,FR1,Poke,Left,335,77,236,,1,FR1
2024-07-29 23:53:37,4,3.8,1.0,FR1,Pellet,Left,335,77,237,0.75,1,FR1
2024-07-29 23:54:01,4,3.8,,FR1,Poke,Left,336,77,237,,1,FR1
2024-07-29 23:54:02,4,3.8,1.0,FR1,Pellet,Left,336,77,238,0.31,1,FR1
2024-07-30 00:20:06,4,3.8,,FR1,Poke,Left,337,77,238,,1,FR1
2024-07-30 00:20:06,4,3.8,,FR1,Poke,Left,338,77,238,,1,FR1
2024-07-30 00:20:12,4,3.8,2.0,FR1,Pellet,Left,338,77,239,3.04,1,FR1
2024-07-30 00:30:28,4,3.8,,FR1,Poke,Left,339,77,239,,1,FR1
2024-07-30 00:30:29,4,3.8,1.0,FR1,Pellet,Left,339,77,240,0.5,1,FR1
2024-07-30 00:30:56,4,3.8,,FR1,Poke,Left,340,77,240,,1,FR1
2024-07-30 00:30:57,4,3.8,1.0,FR1,Pellet,Left,340,77,241,0.37,1,FR1
2024-07-30 00:31:33,4,3.8,,FR1,Poke,Left,341,77,241,,1,FR1
2024-07-30 00:31:34,4,3.8,1.0,FR1,Pellet,Left,341,77,242,0.19,1,FR1
2024-07-30 00:32:31,4,3.8,,FR1,Poke,Left,342,77,242,,1,FR1
2024-07-30 00:32:32,4,3.8,1.0,FR1,Pellet,Left,342,77,243,0.25,1,FR1
2024-07-30 00:42:00,4,3.8,,FR1,Poke,Left,342,78,243,,1,FR1
2024-07-30 00:42:11,4,3.8,,FR1,Poke,Left,342,79,243,,1,FR1
2024-07-30 00:42:56,4,3.8,,FR1,Poke,Left,343,79,243,,1,FR1
2024-07-30 00:48:09,4,3.8,1.0,FR1,Pellet,Left,343,79,244,,1,FR1
2024-07-30 00:48:54,4,3.8,,FR1,Poke,Left,344,79,244,,1,FR1
2024-07-30 00:48:55,4,3.8,1.0,FR1,Pellet,Left,344,79,245,0.69,1,FR1
2024-07-30 00:53:22,4,3.8,,FR1,Poke,Left,344,80,245,,1,FR1
2024-07-30 00:53:51,4,3.8,,FR1,Poke,Left,345,80,245,,1,FR1
2024-07-30 00:53:52,4,3.8,1.0,FR1,Pellet,Left,345,80,246,0.12,1,FR1
2024-07-30 00:54:37,4,3.8,,FR1,Poke,Left,346,80,246,,1,FR1
2024-07-30 00:54:39,4,3.8,1.0,FR1,Pellet,Left,346,80,247,0.37,1,FR1
2024-07-30 00:55:35,4,3.8,,FR1,Poke,Left,347,80,247,,1,FR1
2024-07-30 00:55:36,4,3.8,1.0,FR1,Pellet,Left,347,80,248,0.25,1,FR1
2024-07-30 01:03:55,4,3.8,,FR1,Poke,Left,347,81,248,,1,FR1
2024-07-30 01:06:17,4,3.8,,FR1,Poke,Left,347,82,248,,1,FR1
2024-07-30 01:06:23,4,3.8,,FR1,Poke,Left,347,83,248,,1,FR1
2024-07-30 01:06:24,4,3.8,,FR1,Poke,Left,347,84,248,,1,FR1
2024-07-30 01:06:27,4,3.8,,FR1,Poke,Left,347,85,248,,1,FR1
2024-07-30 01:06:30,4,3.8,,FR1,Poke,Left,348,85,248,,1,FR1
2024-07-30 01:06:32,4,3.8,1.0,FR1,Pellet,Left,348,85,249,1.77,1,FR1
2024-07-30 01:07:05,4,3.8,,FR1,Poke,Left,349,85,249,,1,FR1
2024-07-30 01:07:06,4,3.8,1.0,FR1,Pellet,Left,349,85,250,0.12,1,FR1
2024-07-30 01:19:32,4,3.8,,FR1,Poke,Left,350,85,250,,1,FR1
2024-07-30 01:19:33,4,3.8,1.0,FR1,Pellet,Left,350,85,251,0.75,1,FR1
2024-07-30 01:20:20,4,3.8,,FR1,Poke,Left,351,85,251,,1,FR1
2024-07-30 01:20:21,4,3.8,1.0,FR1,Pellet,Left,351,85,252,0.82,1,FR1
2024-07-30 01:20:47,4,3.8,,FR1,Poke,Left,352,85,252,,1,FR1
2024-07-30 01:20:48,4,3.8,1.0,FR1,Pellet,Left,352,85,253,0.75,1,FR1
2024-07-30 01:21:16,4,3.8,,FR1,Poke,Left,353,85,253,,1,FR1
2024-07-30 01:21:18,4,3.8,1.0,FR1,Pellet,Left,353,85,254,0.69,1,FR1
2024-07-30 01:21:56,4,3.8,,FR1,Poke,Left,353,86,254,,1,FR1
2024-07-30 01:38:26,4,3.8,,FR1,Poke,Left,354,86,254,,1,FR1
2024-07-30 01:38:29,4,3.8,1.0,FR1,Pellet,Left,354,86,255,3.04,1,FR1
2024-07-30 01:48:02,4,3.8,,FR1,Poke,Left,355,86,255,,1,FR1
2024-07-30 01:48:04,4,3.8,1.0,FR1,Pellet,Left,355,86,256,0.63,1,FR1
2024-07-30 01:48:55,4,3.8,,FR1,Poke,Left,356,86,256,,1,FR1
2024-07-30 01:48:56,4,3.8,1.0,FR1,Pellet,Left,356,86,257,0.06,1,FR1
2024-07-30 01:49:34,4,3.8,,FR1,Poke,Left,357,86,257,,1,FR1
2024-07-30 01:49:35,4,3.8,1.0,FR1,Pellet,Left,357,86,258,0.06,1,FR1
2024-07-30 01:49:52,4,3.8,,FR1,Poke,Left,358,86,258,,1,FR1
2024-07-30 01:49:55,4,3.8,2.0,FR1,Pellet,Left,358,86,259,0.25,1,FR1
2024-07-30 01:50:16,4,3.8,,FR1,Poke,Left,359,86,259,,1,FR1
2024-07-30 01:50:26,4,3.8,2.0,FR1,Pellet,Left,359,86,260,7.23,1,FR1
2024-07-30 03:29:42,4,3.8,,FR1,Poke,Left,360,86,260,,1,FR1
2024-07-30 03:29:43,4,3.8,1.0,FR1,Pellet,Left,360,86,261,0.25,1,FR1
2024-07-30 03:30:11,4,3.8,,FR1,Poke,Left,361,86,261,,1,FR1
2024-07-30 03:30:27,4,3.8,2.0,FR1,Pellet,Left,361,86,262,12.89,1,FR1
2024-07-30 03:30:44,4,3.8,,FR1,Poke,Left,362,86,262,,1,FR1
2024-07-30 03:31:00,4,3.8,2.0,FR1,Pellet,Left,362,86,263,13.52,1,FR1
2024-07-30 03:31:25,4,3.79,,FR1,Poke,Left,363,86,263,,1,FR1
2024-07-30 03:31:27,4,3.79,2.0,FR1,Pellet,Left,363,86,264,0.37,1,FR1
2024-07-30 03:32:35,4,3.79,,FR1,Poke,Left,364,86,264,,1,FR1
2024-07-30 03:32:36,4,3.8,,FR1,Poke,Left,365,86,264,,1,FR1
2024-07-30 03:32:39,4,3.8,3.0,FR1,Pellet,Left,365,86,265,0.06,1,FR1
2024-07-30 04:00:32,4,3.79,,FR1,Poke,Left,366,86,265,,1,FR1
2024-07-30 04:00:33,4,3.79,1.0,FR1,Pellet,Left,366,86,266,0.56,1,FR1
2024-07-30 04:00:54,4,3.8,,FR1,Poke,Left,367,86,266,,1,FR1
2024-07-30 04:00:55,4,3.8,1.0,FR1,Pellet,Left,367,86,267,0.25,1,FR1
2024-07-30 04:01:15,4,3.79,,FR1,Poke,Left,368,86,267,,1,FR1
2024-07-30 04:01:16,4,3.79,1.0,FR1,Pellet,Left,368,86,268,0.12,1,FR1
2024-07-30 04:01:43,4,3.8,,FR1,Poke,Left,369,86,268,,1,FR1
2024-07-30 04:01:44,4,3.8,1.0,FR1,Pellet,Left,369,86,269,0.25,1,FR1
2024-07-30 04:02:04,4,3.79,,FR1,Poke,Left,370,86,269,,1,FR1
2024-07-30 04:02:05,4,3.8,2.0,FR1,Pellet,Left,370,86,270,0.06,1,FR1
2024-07-30 04:02:29,4,3.79,,FR1,Poke,Left,371,86,270,,1,FR1
2024-07-30 04:02:29,4,3.8,,FR1,Poke,Left,372,86,270,,1,FR1
2024-07-30 04:02:33,4,3.8,2.0,FR1,Pellet,Left,372,86,271,0.56,1,FR1
2024-07-30 04:02:53,4,3.8,,FR1,Poke,Left,373,86,271,,1,FR1
2024-07-30 04:02:54,4,3.8,1.0,FR1,Pellet,Left,373,86,272,0.12,1,FR1
2024-07-30 04:03:17,4,3.8,,FR1,Poke,Left,374,86,272,,1,FR1
2024-07-30 04:03:18,4,3.8,1.0,FR1,Pellet,Left,374,86,273,0.12,1,FR1
2024-07-30 04:03:44,4,3.79,,FR1,Poke,Left,375,86,273,,1,FR1
2024-07-30 04:03:45,4,3.8,1.0,FR1,Pellet,Left,375,86,274,0.37,1,FR1
2024-07-30 04:12:17,4,3.8,,FR1,Poke,Left,375,87,274,,1,FR1
2024-07-30 04:12:20,4,3.8,,FR1,Poke,Left,375,88,274,,1,FR1
2024-07-30 04:12:30,4,3.8,,FR1,Poke,Left,376,88,274,,1,FR1
2024-07-30 04:18:32,4,3.8,1.0,FR1,Pellet,Left,376,88,275,,1,FR1
2024-07-30 04:18:59,4,3.8,,FR1,Poke,Left,377,88,275,,1,FR1
2024-07-30 04:19:08,4,3.8,1.0,FR1,Pellet,Left,377,88,276,8.63,1,FR1
2024-07-30 04:19:54,4,3.8,,FR1,Poke,Left,377,89,276,,1,FR1
2024-07-30 04:20:34,4,3.8,,FR1,Poke,Left,377,90,276,,1,FR1
2024-07-30 04:21:00,4,3.8,,FR1,Poke,Left,378,90,276,,1,FR1
2024-07-30 04:24:34,4,3.8,,FR1,Poke,Left,378,91,276,,1,FR1
2024-07-30 04:24:46,4,3.8,1.0,FR1,Pellet,Left,378,91,277,,1,FR1
2024-07-30 04:31:09,4,3.8,,FR1,Poke,Left,379,91,277,,1,FR1
2024-07-30 04:31:13,4,3.8,1.0,FR1,Pellet,Left,379,91,278,2.97,1,FR1
2024-07-30 04:39:19,4,3.8,,FR1,Poke,Left,380,91,278,,1,FR1
2024-07-30 04:39:20,4,3.8,1.0,FR1,Pellet,Left,380,91,279,0.82,1,FR1
2024-07-30 04:40:19,4,3.8,,FR1,Poke,Left,381,91,279,,1,FR1
2024-07-30 04:40:20,4,3.8,1.0,FR1,Pellet,Left,381,91,280,0.19,1,FR1
2024-07-30 04:40:57,4,3.8,,FR1,Poke,Left,382,91,280,,1,FR1
2024-07-30 04:40:58,4,3.8,,FR1,Poke,Left,383,91,280,,1,FR1
2024-07-30 04:41:02,4,3.8,2.0,FR1,Pellet,Left,383,91,281,1.01,1,FR1
2024-07-30 05:03:12,4,3.8,,FR1,Poke,Left,383,92,281,,1,FR1
2024-07-30 05:05:56,4,3.8,,FR1,Poke,Left,384,92,281,,1,FR1
2024-07-30 05:05:58,4,3.8,1.0,FR1,Pellet,Left,384,92,282,0.37,1,FR1
2024-07-30 05:06:30,4,3.8,,FR1,Poke,Left,385,92,282,,1,FR1
2024-07-30 05:06:31,4,3.8,1.0,FR1,Pellet,Left,385,92,283,0.25,1,FR1
2024-07-30 05:07:11,4,3.78,,FR1,Poke,Left,386,92,283,,1,FR1
2024-07-30 05:07:11,4,3.79,,FR1,Poke,Left,387,92,283,,1,FR1
2024-07-30 05:07:14,4,3.8,2.0,FR1,Pellet,Left,387,92,284,0.31,1,FR1
2024-07-30 05:07:52,4,3.8,,FR1,Poke,Left,388,92,284,,1,FR1
2024-07-30 05:07:53,4,3.8,1.0,FR1,Pellet,Left,388,92,285,0.19,1,FR1
2024-07-30 05:14:05,4,3.8,,FR1,Poke,Left,388,93,285,,1,FR1
2024-07-30 05:14:06,4,3.8,,FR1,Poke,Left,388,94,285,,1,FR1
2024-07-30 05:14:08,4,3.8,,FR1,Poke,Left,388,95,285,,1,FR1
2024-07-30 05:14:10,4,3.8,,FR1,Poke,Left,388,96,285,,1,FR1
2024-07-30 05:14:15,4,3.8,,FR1,Poke,Left,389,96,285,,1,FR1
2024-07-30 05:14:16,4,3.8,1.0,FR1,Pellet,Left,389,96,286,0.44,1,FR1
2024-07-30 05:36:11,4,3.8,,FR1,Poke,Left,390,96,286,,1,FR1
2024-07-30 05:36:12,4,3.79,1.0,FR1,Pellet,Left,390,96,287,0.37,1,FR1
2024-07-30 05:41:33,4,3.8,,FR1,Poke,Left,391,96,287,,1,FR1
2024-07-30 05:41:40,4,3.8,1.0,FR1,Pellet,Left,391,96,288,6.21,1,FR1
2024-07-30 05:42:08,4,3.8,,FR1,Poke,Left,391,97,288,,1,FR1
2024-07-30 05:43:41,4,3.8,,FR1,Poke,Left,392,97,288,,1,FR1
2024-07-30 05:43:42,4,3.8,,FR1,Poke,Left,393,97,288,,1,FR1
2024-07-30 05:43:43,4,3.79,,FR1,Poke,Left,394,97,288,,1,FR1
2024-07-30 05:43:50,4,3.8,,FR1,Poke,Left,394,98,288,,1,FR1
2024-07-30 05:43:51,4,3.79,,FR1,Poke,Left,394,99,288,,1,FR1
2024-07-30 05:43:51,4,3.79,,FR1,Poke,Left,394,100,288,,1,FR1
2024-07-30 05:43:54,4,3.79,,FR1,Poke,Left,394,101,288,,1,FR1
2024-07-30 05:43:55,4,3.79,,FR1,Poke,Left,394,102,288,,1,FR1
2024-07-30 05:43:58,4,3.8,2.0,FR1,Pellet,Left,394,102,289,12.63,1,FR1
2024-07-30 05:47:31,4,3.8,,FR1,Poke,Left,395,102,289,,1,FR1
2024-07-30 05:47:33,4,3.8,,FR1,Poke,Left,396,102,289,,1,FR1
2024-07-30 05:51:08,4,3.8,1.0,FR1,Pellet,Left,396,102,290,,1,FR1
2024-07-30 06:00:35,4,3.79,,FR1,Poke,Left,396,103,290,,1,FR1
2024-07-30 06:01:24,4,3.79,,FR1,Poke,Left,397,103,290,,1,FR1
2024-07-30 06:01:26,4,3.8,1.0,FR1,Pellet,Left,397,103,291,0.69,1,FR1
2024-07-30 06:41:30,4,3.79,,FR1,Poke,Left,397,104,291,,1,FR1
2024-07-30 06:45:29,4,3.8,,FR1,Poke,Left,397,105,291,,1,FR1
2024-07-30 08:37:37,4,3.79,,FR1,Poke,Left,398,105,291,,1,FR1
2024-07-30 08:37:41,4,3.79,1.0,FR1,Pellet,Left,398,105,292,2.72,1,FR1
2024-07-30 08:38:05,4,3.79,,FR1,Poke,Left,399,105,292,,1,FR1
2024-07-30 08:38:06,4,3.79,1.0,FR1,Pellet,Left,399,105,293,0.19,1,FR1
2024-07-30 08:38:29,4,3.79,,FR1,Poke,Left,400,105,293,,1,FR1
2024-07-30 08:38:30,4,3.79,1.0,FR1,Pellet,Left,400,105,294,0.31,1,FR1
2024-07-30 08:38:53,4,3.78,,FR1,Poke,Left,401,105,294,,1,FR1
2024-07-30 08:38:55,4,3.79,1.0,FR1,Pellet,Left,401,105,295,1.26,1,FR1
2024-07-30 08:39:18,4,3.79,,FR1,Poke,Left,402,105,295,,1,FR1
2024-07-30 08:39:19,4,3.79,1.0,FR1,Pellet,Left,402,105,296,0.25,1,FR1
2024-07-30 08:39:50,4,3.79,,FR1,Poke,Left,403,105,296,,1,FR1
2024-07-30 08:39:51,4,3.79,2.0,FR1,Pellet,Left,403,105,297,0.06,1,FR1
2024-07-30 09:46:53,4,3.76,,FR1,Poke,Left,403,106,297,,1,FR1
2024-07-30 09:49:58,4,3.76,,FR1,Poke,Left,404,106,297,,1,FR1
2024-07-30 09:49:59,4,3.79,,FR1,Poke,Left,405,106,297,,1,FR1
2024-07-30 09:50:00,4,3.79,,FR1,Poke,Left,406,106,297,,1,FR1
2024-07-30 09:50:04,4,3.78,2.0,FR1,Pellet,Left,406,106,298,1.45,1,FR1
2024-07-30 09:50:52,4,3.78,,FR1,Poke,Left,407,106,298,,1,FR1
2024-07-30 09:50:53,4,3.79,1.0,FR1,Pellet,Left,407,106,299,0.37,1,FR1
2024-07-30 09:53:00,4,3.79,,FR1,Poke,Left,407,107,299,,1,FR1
2024-07-30 09:54:51,4,3.78,,FR1,Poke,Left,408,107,299,,1,FR1
2024-07-30 09:54:52,4,3.78,1.0,FR1,Pellet,Left,408,107,300,0.44,1,FR1
2024-07-30 09:57:21,4,3.79,,FR1,Poke,Left,409,107,300,,1,FR1
2024-07-30 09:57:22,4,3.78,,FR1,Poke,Left,410,107,300,,1,FR1
2024-07-30 09:57:26,4,3.79,,FR1,Poke,Left,411,107,300,,1,FR1
2024-07-30 10:05:48,4,3.79,,FR1,Poke,Left,412,107,300,,1,FR1
2024-07-30 10:05:48,4,3.78,2.0,FR1,Pellet,Left,412,107,301,,1,FR1
2024-07-30 10:11:24,4,3.78,,FR1,Poke,Left,413,107,301,,1,FR1
2024-07-30 10:53:38,4,3.78,,FR1,Poke,Left,414,107,301,,1,FR1
2024-07-30 10:53:53,4,3.78,,FR1,Poke,Left,415,107,301,,1,FR1
2024-07-30 10:53:54,4,3.78,,FR1,Poke,Left,416,107,301,,1,FR1
2024-07-30 10:53:55,4,3.78,1.0,FR1,Pellet,Left,416,107,302,,1,FR1
2024-07-30 10:53:59,4,3.78,,FR1,Poke,Left,417,107,302,,1,FR1
2024-07-30 10:54:16,4,3.78,,FR1,Poke,Left,418,107,302,,1,FR1
2024-07-30 10:54:16,4,3.78,1.0,FR1,Pellet,Left,418,107,303,15.74,1,FR1
2024-07-30 10:59:17,4,3.78,,FR1,Poke,Left,419,107,303,,1,FR1
2024-07-30 10:59:18,4,3.78,,FR1,Poke,Left,420,107,303,,1,FR1
2024-07-30 10:59:18,4,3.78,1.0,FR1,Pellet,Left,420,107,304,0.31,1,FR1
2024-07-30 11:00:03,4,3.78,,FR1,Poke,Left,421,107,304,,1,FR1
2024-07-30 11:00:05,4,3.78,2.0,FR1,Pellet,Left,421,107,305,0.12,1,FR1
2024-07-30 11:00:20,4,3.78,,FR1,Poke,Left,422,107,305,,1,FR1
2024-07-30 11:00:21,4,3.78,2.0,FR1,Pellet,Left,422,107,306,0.06,1,FR1
2024-07-30 11:00:44,4,3.78,,FR1,Poke,Left,423,107,306,,1,FR1
2024-07-30 11:00:45,4,3.78,1.0,FR1,Pellet,Left,423,107,307,0.25,1,FR1
2024-07-30 11:01:06,4,3.78,,FR1,Poke,Left,424,107,307,,1,FR1
2024-07-30 11:01:07,4,3.78,,FR1,Poke,Left,425,107,307,,1,FR1
2024-07-30 11:01:10,4,3.78,2.0,FR1,Pellet,Left,425,107,308,0.75,1,FR1
2024-07-30 11:01:34,4,3.78,,FR1,Poke,Left,426,107,308,,1,FR1
2024-07-30 11:01:35,4,3.78,1.0,FR1,Pellet,Left,426,107,309,0.25,1,FR1
2024-07-30 11:02:08,4,3.78,,FR1,Poke,Left,427,107,309,,1,FR1
2024-07-30 11:02:09,4,3.78,1.0,FR1,Pellet,Left,427,107,310,0.25,1,FR1
2024-07-30 12:29:25,4,3.78,,FR1,Poke,Left,428,107,310,,1,FR1
2024-07-30 12:29:30,4,3.78,1.0,FR1,Pellet,Left,428,107,311,3.99,1,FR1
2024-07-30 12:31:56,4,3.78,,FR1,Poke,Left,429,107,311,,1,FR1
2024-07-30 12:31:57,4,3.77,1.0,FR1,Pellet,Left,429,107,312,0.37,1,FR1
2024-07-30 13:53:21,4,3.77,,FR1,Poke,Left,430,107,312,,1,FR1
2024-07-30 13:53:21,4,3.76,,FR1,Poke,Left,431,107,312,,1,FR1
2024-07-30 13:53:26,4,3.74,2.0,FR1,Pellet,Left,431,107,313,1.32,1,FR1
2024-07-30 13:53:59,4,3.74,,FR1,Poke,Left,432,107,313,,1,FR1
2024-07-30 13:54:00,4,3.76,1.0,FR1,Pellet,Left,432,107,314,0.25,1,FR1
2024-07-30 13:54:37,4,3.76,,FR1,Poke,Left,433,107,314,,1,FR1
2024-07-30 13:54:38,4,3.77,1.0,FR1,Pellet,Left,433,107,315,0.5,1,FR1
2024-07-30 13:55:00,4,3.78,,FR1,Poke,Left,434,107,315,,1,FR1
2024-07-30 13:55:01,4,3.78,1.0,FR1,Pellet,Left,434,107,316,0.31,1,FR1
2024-07-30 13:55:35,4,3.78,,FR1,Poke,Left,435,107,316,,1,FR1
2024-07-30 13:55:36,4,3.76,1.0,FR1,Pellet,Left,435,107,317,0.37,1,FR1
2024-07-30 13:57:31,4,3.76,,FR1,Poke,Left,435,108,317,,1,FR1
2024-07-30 14:00:27,4,3.77,,FR1,Poke,Left,436,108,317,,1,FR1
2024-07-30 14:00:30,4,3.77,1.0,FR1,Pellet,Left,436,108,318,2.85,1,FR1
2024-07-30 15:18:50,4,3.76,,FR1,Poke,Left,437,108,318,,1,FR1
2024-07-30 15:18:53,4,3.77,1.0,FR1,Pellet,Left,437,108,319,2.46,1,FR1
2024-07-30 15:45:54,4,3.77,,FR1,Poke,Left,438,108,319,,1,FR1
2024-07-30 15:45:55,4,3.77,,FR1,Poke,Left,439,108,319,,1,FR1
2024-07-30 15:45:59,4,3.77,2.0,FR1,Pellet,Left,439,108,320,1.45,1,FR1
2024-07-30 15:46:34,4,3.78,,FR1,Poke,Left,440,108,320,,1,FR1
2024-07-30 15:46:35,4,3.77,1.0,FR1,Pellet,Left,440,108,321,0.31,1,FR1
2024-07-30 15:47:01,4,3.78,,FR1,Poke,Left,441,108,321,,1,FR1
2024-07-30 15:47:02,4,3.77,1.0,FR1,Pellet,Left,441,108,322,0.25,1,FR1
2024-07-30 15:47:45,4,3.78,,FR1,Poke,Left,442,108,322,,1,FR1
2024-07-30 15:47:45,4,3.77,,FR1,Poke,Left,443,108,322,,1,FR1
2024-07-30 15:47:49,4,3.78,2.0,FR1,Pellet,Left,443,108,323,0.37,1,FR1
2024-07-30 15:48:08,4,3.77,,FR1,Poke,Left,444,108,323,,1,FR1
2024-07-30 15:48:09,4,3.78,1.0,FR1,Pellet,Left,444,108,324,0.19,1,FR1
2024-07-30 16:23:00,4,3.77,,FR1,Poke,Left,445,108,324,,1,FR1
2024-07-30 16:23:01,4,3.77,1.0,FR1,Pellet,Left,445,108,325,0.5,1,FR1
2024-07-30 16:58:11,4,3.77,,FR1,Poke,Left,446,108,325,,1,FR1
2024-07-30 16:58:12,4,3.77,1.0,FR1,Pellet,Left,446,108,326,0.75,1,FR1
2024-07-30 16:58:40,4,3.77,,FR1,Poke,Left,447,108,326,,1,FR1
2024-07-30 16:58:41,4,3.77,1.0,FR1,Pellet,Left,447,108,327,0.19,1,FR1
2024-07-30 17:12:50,4,3.77,,FR1,Poke,Left,447,109,327,,1,FR1
2024-07-30 17:19:10,4,3.77,,FR1,Poke,Left,448,109,327,,1,FR1
2024-07-30 17:19:11,4,3.77,1.0,FR1,Pellet,Left,448,109,328,0.12,1,FR1
2024-07-30 17:21:09,4,3.77,,FR1,Poke,Left,449,109,328,,1,FR1
2024-07-30 17:21:10,4,3.77,1.0,FR1,Pellet,Left,449,109,329,0.12,1,FR1
2024-07-30 17:21:33,4,3.76,,FR1,Poke,Left,450,109,329,,1,FR1
2024-07-30 17:21:36,4,3.77,2.0,FR1,Pellet,Left,450,109,330,0.88,1,FR1
2024-07-30 17:48:16,4,3.78,,FR1,Poke,Left,451,109,330,,1,FR1
2024-07-30 17:48:18,4,3.77,1.0,FR1,Pellet,Left,451,109,331,0.25,1,FR1
2024-07-30 17:48:44,4,3.77,,FR1,Poke,Left,452,109,331,,1,FR1
2024-07-30 17:48:46,4,3.76,1.0,FR1,Pellet,Left,452,109,332,0.44,1,FR1
2024-07-30 17:49:08,4,3.77,,FR1,Poke,Left,453,109,332,,1,FR1
2024-07-30 17:49:09,4,3.77,2.0,FR1,Pellet,Left,453,109,333,0.12,1,FR1
2024-07-30 17:49:29,4,3.76,,FR1,Poke,Left,454,109,333,,1,FR1
2024-07-30 17:49:30,4,3.77,1.0,FR1,Pellet,Left,454,109,334,0.06,1,FR1
2024-07-30 17:49:54,4,3.77,,FR1,Poke,Left,455,109,334,,1,FR1
2024-07-30 17:49:55,4,3.77,,FR1,Poke,Left,456,109,334,,1,FR1
2024-07-30 17:49:58,4,3.76,2.0,FR1,Pellet,Left,456,109,335,0.12,1,FR1
2024-07-30 18:09:05,4,3.77,,FR1,Poke,Left,457,109,335,,1,FR1
2024-07-30 18:09:06,4,3.76,,FR1,Poke,Left,458,109,335,,1,FR1
2024-07-30 18:09:09,4,3.76,,FR1,Poke,Left,459,109,335,,1,FR1
2024-07-30 18:09:09,4,3.77,2.0,FR1,Pellet,Left,459,109,336,0.31,1,FR1
2024-07-30 18:09:31,4,3.77,,FR1,Poke,Left,460,109,336,,1,FR1
2024-07-30 18:09:32,4,3.76,,FR1,Poke,Left,461,109,336,,1,FR1
2024-07-30 18:09:35,4,3.76,,FR1,Poke,Left,462,109,336,,1,FR1
2024-07-30 18:09:38,4,3.77,,FR1,Poke,Left,463,109,336,,1,FR1
2024-07-30 18:09:41,4,3.76,4.0,FR1,Pellet,Left,463,109,337,0.75,1,FR1
2024-07-30 18:17:40,4,3.76,,FR1,Poke,Left,463,110,337,,1,FR1
2024-07-30 18:19:46,4,3.76,,FR1,Poke,Left,464,110,337,,1,FR1
2024-07-30 18:19:49,4,3.77,1.0,FR1,Pellet,Left,464,110,338,1.45,1,FR1
2024-07-30 18:20:31,4,3.77,,FR1,Poke,Left,464,111,338,,1,FR1
2024-07-30 18:23:51,4,3.77,,FR1,Poke,Left,465,111,338,,1,FR1
2024-07-30 18:23:52,4,3.76,1.0,FR1,Pellet,Left,465,111,339,0.31,1,FR1
2024-07-30 18:25:08,4,3.76,,FR1,Poke,Left,465,112,339,,1,FR1
2024-07-30 18:25:12,4,3.76,,FR1,Poke,Left,465,113,339,,1,FR1
2024-07-30 18:25:24,4,3.77,,FR1,Poke,Left,466,113,339,,1,FR1
2024-07-30 18:26:03,4,3.76,1.0,FR1,Pellet,Left,466,113,340,38.61,1,FR1
2024-07-30 18:33:12,4,3.76,,FR1,Poke,Left,467,113,340,,1,FR1
2024-07-30 18:33:13,4,3.75,2.0,FR1,Pellet,Left,467,113,341,0.44,1,FR1
2024-07-30 18:33:38,4,3.76,,FR1,Poke,Left,468,113,341,,1,FR1
2024-07-30 18:33:39,4,3.75,,FR1,Poke,Left,469,113,341,,1,FR1
2024-07-30 18:33:42,4,3.76,2.0,FR1,Pellet,Left,469,113,342,0.31,1,FR1
2024-07-30 18:36:36,4,3.76,,FR1,Poke,Left,469,114,342,,1,FR1
2024-07-30 18:37:31,4,3.76,,FR1,Poke,Left,469,115,342,,1,FR1
2024-07-30 18:37:40,4,3.76,,FR1,Poke,Left,470,115,342,,1,FR1
2024-07-30 18:37:40,4,3.76,,FR1,Poke,Left,471,115,342,,1,FR1
2024-07-30 18:37:41,4,3.76,1.0,FR1,Pellet,Left,471,115,343,0.69,1,FR1
2024-07-30 18:41:15,4,3.76,,FR1,Poke,Left,471,116,343,,1,FR1
2024-07-30 18:41:18,4,3.76,,FR1,Poke,Left,471,117,343,,1,FR1
2024-07-30 18:41:26,4,3.76,,FR1,Poke,Left,472,117,343,,1,FR1
2024-07-30 18:41:27,4,3.76,2.0,FR1,Pellet,Left,472,117,344,0.19,1,FR1
2024-07-30 18:49:42,4,3.76,,FR1,Poke,Left,473,117,344,,1,FR1
2024-07-30 18:49:43,4,3.76,2.0,FR1,Pellet,Left,473,117,345,0.12,1,FR1
2024-07-30 18:58:29,4,3.76,,FR1,Poke,Left,474,117,345,,1,FR1
2024-07-30 18:58:30,4,3.76,2.0,FR1,Pellet,Left,474,117,346,0.12,1,FR1
2024-07-30 18:58:48,4,3.76,,FR1,Poke,Left,475,117,346,,1,FR1
2024-07-30 18:58:49,4,3.76,2.0,FR1,Pellet,Left,475,117,347,0.06,1,FR1
2024-07-30 18:59:15,4,3.76,,FR1,Poke,Left,476,117,347,,1,FR1
2024-07-30 18:59:16,4,3.76,1.0,FR1,Pellet,Left,476,117,348,0.12,1,FR1
2024-07-30 18:59:45,4,3.76,,FR1,Poke,Left,477,117,348,,1,FR1
2024-07-30 18:59:46,4,3.76,1.0,FR1,Pellet,Left,477,117,349,0.12,1,FR1
2024-07-30 19:00:19,4,3.76,,FR1,Poke,Left,478,117,349,,1,FR1
2024-07-30 19:00:20,4,3.76,1.0,FR1,Pellet,Left,478,117,350,0.12,1,FR1
2024-07-30 19:02:37,4,3.76,,FR1,Poke,Left,478,118,350,,1,FR1
2024-07-30 19:02:42,4,3.76,,FR1,Poke,Left,478,119,350,,1,FR1
2024-07-30 19:02:43,4,3.76,,FR1,Poke,Left,478,120,350,,1,FR1
2024-07-30 19:02:45,4,3.76,,FR1,Poke,Left,478,121,350,,1,FR1
2024-07-30 19:03:10,4,3.76,,FR1,Poke,Left,479,121,350,,1,FR1
2024-07-30 19:03:12,4,3.76,1.0,FR1,Pellet,Left,479,121,351,1.32,1,FR1
2024-07-30 19:06:50,4,3.76,,FR1,Poke,Left,480,121,351,,1,FR1
2024-07-30 19:14:07,4,3.76,1.0,FR1,Pellet,Left,480,121,352,,1,FR1
2024-07-30 19:19:50,4,3.76,,FR1,Poke,Left,481,121,352,,1,FR1
2024-07-30 19:19:51,4,3.76,2.0,FR1,Pellet,Left,481,121,353,0.06,1,FR1
2024-07-30 19:23:52,4,3.76,,FR1,Poke,Left,482,121,353,,1,FR1
2024-07-30 19:28:00,4,3.76,,FR1,Poke,Left,483,121,353,,1,FR1
2024-07-30 19:28:05,4,3.76,,FR1,Poke,Left,483,122,353,,1,FR1
2024-07-30 19:28:05,4,3.76,,FR1,Poke,Left,483,123,353,,1,FR1
2024-07-30 19:28:06,4,3.76,,FR1,Poke,Left,483,124,353,,1,FR1
2024-07-30 19:30:56,4,3.76,1.0,FR1,Pellet,Left,483,124,354,,1,FR1
2024-07-30 19:43:55,4,3.76,,FR1,Poke,Left,484,124,354,,1,FR1
2024-07-30 19:43:57,4,3.76,1.0,FR1,Pellet,Left,484,124,355,1.07,1,FR1
2024-07-30 19:46:06,4,3.76,,FR1,Poke,Left,484,125,355,,1,FR1
2024-07-30 19:46:25,4,3.76,,FR1,Poke,Left,484,126,355,,1,FR1
2024-07-30 19:46:32,4,3.76,,FR1,Poke,Left,485,126,355,,1,FR1
2024-07-30 19:46:33,4,3.76,2.0,FR1,Pellet,Left,485,126,356,0.06,1,FR1
2024-07-30 19:47:34,4,3.77,,FR1,Poke,Left,486,126,356,,1,FR1
2024-07-30 19:47:37,4,3.76,,FR1,Poke,Left,487,126,356,,1,FR1
2024-07-30 19:47:37,4,3.76,1.0,FR1,Pellet,Left,487,126,357,2.9,1,FR1
2024-07-30 19:53:41,4,3.77,,FR1,Poke,Left,488,126,357,,1,FR1
2024-07-30 19:53:44,4,3.77,1.0,FR1,Pellet,Left,488,126,358,1.7,1,FR1
2024-07-30 19:54:35,4,3.76,,FR1,Poke,Left,488,127,358,,1,FR1
2024-07-30 19:54:37,4,3.76,,FR1,Poke,Left,488,128,358,,1,FR1
2024-07-30 19:54:43,4,3.77,,FR1,Poke,Left,488,129,358,,1,FR1
2024-07-30 20:03:06,4,3.77,,FR1,Poke,Left,488,130,358,,1,FR1
2024-07-30 20:03:25,4,3.77,,FR1,Poke,Left,489,130,358,,1,FR1
2024-07-30 20:03:26,4,3.77,1.0,FR1,Pellet,Left,489,130,359,0.5,1,FR1
2024-07-30 20:03:52,4,3.76,,FR1,Poke,Left,490,130,359,,1,FR1
2024-07-30 20:04:02,4,3.76,2.0,FR1,Pellet,Left,490,130,360,6.98,1,FR1
2024-07-30 20:04:58,4,3.76,,FR1,Poke,Left,491,130,360,,1,FR1
2024-07-30 20:04:59,4,3.77,1.0,FR1,Pellet,Left,491,130,361,0.25,1,FR1
2024-07-30 20:18:14,4,3.76,,FR1,Poke,Left,492,130,361,,1,FR1
2024-07-30 20:18:15,4,3.76,1.0,FR1,Pellet,Left,492,130,362,0.19,1,FR1
2024-07-30 20:18:52,4,3.77,,FR1,Poke,Left,493,130,362,,1,FR1
2024-07-30 20:18:53,4,3.76,1.0,FR1,Pellet,Left,493,130,363,0.19,1,FR1
2024-07-30 20:20:19,4,3.76,,FR1,Poke,Left,493,131,363,,1,FR1
2024-07-30 20:20:23,4,3.76,,FR1,Poke,Left,493,132,363,,1,FR1
2024-07-30 20:20:46,4,3.76,,FR1,Poke,Left,493,133,363,,1,FR1
2024-07-30 20:22:17,4,3.76,,FR1,Poke,Left,494,133,363,,1,FR1
2024-07-30 20:22:18,4,3.76,2.0,FR1,Pellet,Left,494,133,364,0.06,1,FR1
2024-07-30 20:26:48,4,3.76,,FR1,Poke,Left,494,134,364,,1,FR1
2024-07-30 20:30:42,4,3.77,,FR1,Poke,Left,494,135,364,,1,FR1
2024-07-30 20:33:45,4,3.77,,FR1,Poke,Left,495,135,364,,1,FR1
2024-07-30 20:33:47,4,3.76,1.0,FR1,Pellet,Left,495,135,365,1.13,1,FR1
2024-07-30 20:39:55,4,3.76,,FR1,Poke,Left,496,135,365,,1,FR1
2024-07-30 20:39:57,4,3.76,2.0,FR1,Pellet,Left,496,135,366,0.31,1,FR1
2024-07-30 20:40:39,4,3.76,,FR1,Poke,Left,497,135,366,,1,FR1
2024-07-30 20:40:40,4,3.76,1.0,FR1,Pellet,Left,497,135,367,0.18,1,FR1
2024-07-30 20:52:25,4,3.76,,FR1,Poke,Left,498,135,367,,1,FR1
2024-07-30 20:52:27,4,3.76,1.0,FR1,Pellet,Left,498,135,368,1.32,1,FR1
2024-07-30 20:55:36,4,3.76,,FR1,Poke,Left,499,135,368,,1,FR1
2024-07-30 20:55:38,4,3.76,1.0,FR1,Pellet,Left,499,135,369,0.31,1,FR1
2024-07-30 20:55:56,4,3.76,,FR1,Poke,Left,500,135,369,,1,FR1
2024-07-30 20:56:00,4,3.76,1.0,FR1,Pellet,Left,500,135,370,2.79,1,FR1
2024-07-30 20:56:24,4,3.76,,FR1,Poke,Left,501,135,370,,1,FR1
2024-07-30 20:56:25,4,3.76,2.0,FR1,Pellet,Left,501,135,371,0.12,1,FR1
2024-07-30 20:56:52,4,3.76,,FR1,Poke,Left,502,135,371,,1,FR1
2024-07-30 20:57:06,4,3.76,3.0,FR1,Pellet,Left,502,135,372,10.35,1,FR1
2024-07-30 21:17:20,4,3.76,,FR1,Poke,Left,503,135,372,,1,FR1
2024-07-30 21:17:21,4,3.76,,FR1,Poke,Left,504,135,372,,1,FR1
2024-07-30 21:20:01,4,3.76,3.0,FR1,Pellet,Left,504,135,373,,1,FR1
2024-07-30 21:20:25,4,3.76,,FR1,Poke,Left,505,135,373,,1,FR1
2024-07-30 21:20:26,4,3.76,2.0,FR1,Pellet,Left,505,135,374,0.75,1,FR1
2024-07-30 21:27:05,4,3.76,,FR1,Poke,Left,505,136,374,,1,FR1
2024-07-30 21:27:06,4,3.76,,FR1,Poke,Left,505,137,374,,1,FR1
2024-07-30 21:27:07,4,3.76,,FR1,Poke,Left,505,138,374,,1,FR1
2024-07-30 21:29:31,4,3.76,,FR1,Poke,Left,505,139,374,,1,FR1
2024-07-30 21:41:56,4,3.76,,FR1,Poke,Left,506,139,374,,1,FR1
2024-07-30 21:42:00,4,3.76,2.0,FR1,Pellet,Left,506,139,375,2.78,1,FR1
2024-07-30 21:44:34,4,3.76,,FR1,Poke,Left,507,139,375,,1,FR1
2024-07-30 21:44:35,4,3.76,,FR1,Poke,Left,508,139,375,,1,FR1
2024-07-30 21:44:39,4,3.76,,FR1,Poke,Left,509,139,375,,1,FR1
2024-07-30 21:44:40,4,3.76,,FR1,Poke,Left,510,139,375,,1,FR1
2024-07-30 21:44:41,4,3.76,,FR1,Poke,Left,511,139,375,,1,FR1
2024-07-30 21:44:42,4,3.76,,FR1,Poke,Left,512,139,375,,1,FR1
2024-07-30 21:44:46,4,3.76,,FR1,Poke,Left,513,139,375,,1,FR1
2024-07-30 21:44:47,4,3.76,,FR1,Poke,Left,514,139,375,,1,FR1
2024-07-30 21:44:48,4,3.76,,FR1,Poke,Left,515,139,375,,1,FR1
2024-07-30 21:44:49,4,3.76,,FR1,Poke,Left,516,139,375,,1,FR1
2024-07-30 21:44:53,4,3.76,,FR1,Poke,Left,517,139,375,,1,FR1
2024-07-30 21:44:54,4,3.76,,FR1,Poke,Left,518,139,375,,1,FR1
2024-07-30 21:44:55,4,3.76,,FR1,Poke,Left,519,139,375,,1,FR1
2024-07-30 21:44:56,4,3.76,,FR1,Poke,Left,520,139,375,,1,FR1
2024-07-30 21:44:57,4,3.76,,FR1,Poke,Left,521,139,375,,1,FR1
2024-07-30 21:44:58,4,3.76,,FR1,Poke,Left,522,139,375,,1,FR1
2024-07-30 21:45:00,4,3.76,2.0,FR1,Pellet,Left,522,139,376,21.62,1,FR1
2024-07-30 21:48:47,4,3.76,,FR1,Poke,Left,523,139,376,,1,FR1
2024-07-30 21:48:48,4,3.76,,FR1,Poke,Left,524,139,376,,1,FR1
2024-07-30 21:49:40,4,3.76,2.0,FR1,Pellet,Left,524,139,377,49.46,1,FR1
2024-07-30 21:53:16,4,3.76,,FR1,Poke,Left,524,140,377,,1,FR1
2024-07-30 21:53:19,4,3.76,,FR1,Poke,Left,524,141,377,,1,FR1
2024-07-30 21:53:21,4,3.76,,FR1,Poke,Left,524,142,377,,1,FR1
2024-07-30 21:53:21,4,3.76,,FR1,Poke,Left,524,143,377,,1,FR1
2024-07-30 21:53:23,4,3.76,,FR1,Poke,Left,524,144,377,,1,FR1
2024-07-30 21:53:27,4,3.76,,FR1,Poke,Left,524,145,377,,1,FR1
2024-07-30 21:53:29,4,3.76,,FR1,Poke,Left,524,146,377,,1,FR1
2024-07-30 21:53:35,4,3.76,,FR1,Poke,Left,524,147,377,,1,FR1
2024-07-30 21:53:42,4,3.76,,FR1,Poke,Left,524,148,377,,1,FR1
2024-07-30 21:53:48,4,3.76,,FR1,Poke,Left,524,149,377,,1,FR1
2024-07-30 21:53:56,4,3.77,,FR1,Poke,Left,524,150,377,,1,FR1
2024-07-30 21:53:58,4,3.76,,FR1,Poke,Left,524,151,377,,1,FR1
2024-07-30 21:53:59,4,3.76,,FR1,Poke,Left,524,152,377,,1,FR1
2024-07-30 21:55:00,4,3.76,,FR1,Poke,Left,524,153,377,,1,FR1
2024-07-30 21:55:00,4,3.76,,FR1,Poke,Left,524,154,377,,1,FR1
2024-07-30 21:55:02,4,3.76,,FR1,Poke,Left,524,155,377,,1,FR1
2024-07-30 21:55:05,4,3.76,,FR1,Poke,Left,525,155,377,,1,FR1
2024-07-30 21:55:24,4,3.76,,FR1,Poke,Left,525,156,377,,1,FR1
2024-07-30 21:55:27,4,3.76,,FR1,Poke,Left,525,157,377,,1,FR1
2024-07-30 21:55:27,4,3.76,,FR1,Poke,Left,525,158,377,,1,FR1
2024-07-30 21:55:28,4,3.76,,FR1,Poke,Left,525,159,377,,1,FR1
2024-07-30 21:55:32,4,3.76,,FR1,Poke,Left,525,160,377,,1,FR1
2024-07-30 21:55:36,4,3.76,,FR1,Poke,Left,525,161,377,,1,FR1
2024-07-30 21:55:37,4,3.76,,FR1,Poke,Left,525,162,377,,1,FR1
2024-07-30 21:55:38,4,3.76,,FR1,Poke,Left,525,163,377,,1,FR1
2024-07-30 21:55:54,4,3.76,1.0,FR1,Pellet,Left,525,163,378,48.55,1,FR1
2024-07-30 23:06:50,4,3.76,,FR1,Poke,Left,526,163,378,,1,FR1
2024-07-30 23:06:51,4,3.76,1.0,FR1,Pellet,Left,526,163,379,0.25,1,FR1
2024-07-30 23:07:23,4,3.76,,FR1,Poke,Left,527,163,379,,1,FR1
2024-07-30 23:07:24,4,3.76,1.0,FR1,Pellet,Left,527,163,380,0.12,1,FR1
2024-07-30 23:07:55,4,3.76,,FR1,Poke,Left,528,163,380,,1,FR1
2024-07-30 23:07:56,4,3.76,2.0,FR1,Pellet,Left,528,163,381,0.18,1,FR1
2024-07-30 23:08:18,4,3.76,,FR1,Poke,Left,529,163,381,,1,FR1
2024-07-30 23:08:19,4,3.76,1.0,FR1,Pellet,Left,529,163,382,0.06,1,FR1
2024-07-30 23:08:50,4,3.76,,FR1,Poke,Left,530,163,382,,1,FR1
2024-07-30 23:08:51,4,3.76,1.0,FR1,Pellet,Left,530,163,383,0.12,1,FR1
2024-07-30 23:09:23,4,3.76,,FR1,Poke,Left,531,163,383,,1,FR1
2024-07-30 23:09:49,4,3.76,2.0,FR1,Pellet,Left,531,163,384,22.65,1,FR1
2024-07-30 23:11:31,4,3.76,,FR1,Poke,Left,531,164,384,,1,FR1
2024-07-30 23:13:52,4,3.76,,FR1,Poke,Left,532,164,384,,1,FR1
2024-07-30 23:14:13,4,3.76,1.0,FR1,Pellet,Left,532,164,385,20.22,1,FR1
2024-07-30 23:14:21,4,3.76,,FR1,Poke,Left,533,164,385,,1,FR1
2024-07-30 23:15:21,4,3.76,1.0,FR1,Pellet,Left,533,164,386,58.69,1,FR1
2024-07-30 23:34:09,4,3.76,,FR1,Poke,Left,534,164,386,,1,FR1
2024-07-30 23:35:00,4,3.76,,FR1,Poke,Left,535,164,386,,1,FR1
2024-07-30 23:35:31,4,3.76,,FR1,Poke,Left,535,165,386,,1,FR1
2024-07-30 23:35:39,4,3.76,,FR1,Poke,Left,535,166,386,,1,FR1
2024-07-30 23:37:41,4,3.76,,FR1,Poke,Left,535,167,386,,1,FR1
2024-07-30 23:37:44,4,3.76,,FR1,Poke,Left,535,168,386,,1,FR1
2024-07-30 23:37:48,4,3.76,,FR1,Poke,Left,536,168,386,,1,FR1
2024-07-30 23:38:01,4,3.75,,FR1,Poke,Left,536,169,386,,1,FR1
2024-07-30 23:39:25,4,3.76,1.0,FR1,Pellet,Left,536,169,387,,1,FR1
2024-07-30 23:40:34,4,3.76,,FR1,Poke,Left,537,169,387,,1,FR1
2024-07-30 23:40:36,4,3.76,,FR1,Poke,Left,538,169,387,,1,FR1
2024-07-30 23:40:42,4,3.76,,FR1,Poke,Left,539,169,387,,1,FR1
2024-07-30 23:40:48,4,3.76,,FR1,Poke,Left,540,169,387,,1,FR1
2024-07-30 23:41:17,4,3.76,,FR1,Poke,Left,540,170,387,,1,FR1
2024-07-30 23:41:20,4,3.76,,FR1,Poke,Left,540,171,387,,1,FR1
2024-07-30 23:41:21,4,3.76,,FR1,Poke,Left,540,172,387,,1,FR1
2024-07-30 23:41:22,4,3.76,1.0,FR1,Pellet,Left,540,172,388,48.09,1,FR1
2024-07-30 23:42:12,4,3.76,,FR1,Poke,Left,541,172,388,,1,FR1
2024-07-30 23:42:14,4,3.76,1.0,FR1,Pellet,Left,541,172,389,1.9,1,FR1
2024-07-30 23:42:48,4,3.76,,FR1,Poke,Left,542,172,389,,1,FR1
2024-07-30 23:42:49,4,3.76,1.0,FR1,Pellet,Left,542,172,390,0.19,1,FR1
2024-07-30 23:43:18,4,3.76,,FR1,Poke,Left,543,172,390,,1,FR1
2024-07-30 23:49:33,4,3.76,,FR1,Poke,Left,543,173,390,,1,FR1
2024-07-30 23:52:32,4,3.76,,FR1,Poke,Left,543,174,390,,1,FR1
2024-07-30 23:53:10,4,3.76,,FR1,Poke,Left,543,175,390,,1,FR1
2024-07-30 23:53:36,4,3.76,,FR1,Poke,Left,543,176,390,,1,FR1
2024-07-30 23:53:44,4,3.76,,FR1,Poke,Left,543,177,390,,1,FR1
2024-07-30 23:53:49,4,3.75,,FR1,Poke,Left,543,178,390,,1,FR1
2024-07-30 23:53:55,4,3.76,1.0,FR1,Pellet,Left,543,178,391,,1,FR1
2024-07-30 23:53:57,4,3.76,,FR1,Poke,Left,544,178,391,,1,FR1
2024-07-30 23:54:09,4,3.76,,FR1,Poke,Left,545,178,391,,1,FR1
2024-07-30 23:54:13,4,3.76,,FR1,Poke,Left,546,178,391,,1,FR1
2024-07-30 23:56:42,4,3.76,,FR1,Poke,Left,546,179,391,,1,FR1
2024-07-30 23:56:49,4,3.76,,FR1,Poke,Left,546,180,391,,1,FR1
2024-07-30 23:57:15,4,3.76,,FR1,Poke,Left,546,181,391,,1,FR1
2024-07-30 23:59:34,4,3.75,1.0,FR1,Pellet,Left,546,181,392,,1,FR1
2024-07-31 00:04:35,4,3.76,,FR1,Poke,Left,546,182,392,,1,FR1
2024-07-31 00:07:13,4,3.76,,FR1,Poke,Left,546,183,392,,1,FR1
2024-07-31 00:08:01,4,3.76,,FR1,Poke,Left,546,184,392,,1,FR1
2024-07-31 00:08:14,4,3.76,,FR1,Poke,Left,547,184,392,,1,FR1
2024-07-31 00:08:17,4,3.76,1.0,FR1,Pellet,Left,547,184,393,1.45,1,FR1
2024-07-31 00:15:46,4,3.76,,FR1,Poke,Left,547,185,393,,1,FR1
2024-07-31 00:17:13,4,3.76,,FR1,Poke,Left,548,185,393,,1,FR1
2024-07-31 00:17:13,4,3.76,,FR1,Poke,Left,549,185,393,,1,FR1
2024-07-31 00:17:17,4,3.76,2.0,FR1,Pellet,Left,549,185,394,0.37,1,FR1
2024-07-31 00:17:39,4,3.76,,FR1,Poke,Left,550,185,394,,1,FR1
2024-07-31 00:17:40,4,3.76,1.0,FR1,Pellet,Left,550,185,395,0.19,1,FR1
2024-07-31 00:26:44,4,3.76,,FR1,Poke,Left,550,186,395,,1,FR1
2024-07-31 00:27:13,4,3.76,,FR1,Poke,Left,551,186,395,,1,FR1
2024-07-31 00:27:17,4,3.76,,FR1,Poke,Left,552,186,395,,1,FR1
2024-07-31 00:27:26,4,3.76,1.0,FR1,Pellet,Left,552,186,396,12.33,1,FR1
2024-07-31 00:27:34,4,3.76,,FR1,Poke,Left,552,187,396,,1,FR1
2024-07-31 00:28:02,4,3.76,,FR1,Poke,Left,552,188,396,,1,FR1
2024-07-31 00:28:03,4,3.75,,FR1,Poke,Left,552,189,396,,1,FR1
2024-07-31 00:28:14,4,3.76,,FR1,Poke,Left,552,190,396,,1,FR1
2024-07-31 00:28:15,4,3.76,,FR1,Poke,Left,552,191,396,,1,FR1
2024-07-31 00:28:17,4,3.76,,FR1,Poke,Left,552,192,396,,1,FR1
2024-07-31 00:28:24,4,3.76,,FR1,Poke,Left,552,193,396,,1,FR1
2024-07-31 00:28:26,4,3.76,,FR1,Poke,Left,552,194,396,,1,FR1
2024-07-31 00:28:27,4,3.76,,FR1,Poke,Left,552,195,396,,1,FR1
2024-07-31 00:28:31,4,3.76,,FR1,Poke,Left,552,196,396,,1,FR1
2024-07-31 00:28:34,4,3.76,,FR1,Poke,Left,552,197,396,,1,FR1
2024-07-31 00:28:38,4,3.76,,FR1,Poke,Left,552,198,396,,1,FR1
2024-07-31 00:28:40,4,3.76,,FR1,Poke,Left,552,199,396,,1,FR1
2024-07-31 00:28:43,4,3.76,,FR1,Poke,Left,552,200,396,,1,FR1
2024-07-31 00:28:56,4,3.76,,FR1,Poke,Left,553,200,396,,1,FR1
2024-07-31 00:28:56,4,3.76,,FR1,Poke,Left,554,200,396,,1,FR1
2024-07-31 00:29:00,4,3.76,2.0,FR1,Pellet,Left,554,200,397,0.5,1,FR1
2024-07-31 00:34:07,4,3.75,,FR1,Poke,Left,554,201,397,,1,FR1
2024-07-31 00:53:12,4,3.76,,FR1,Poke,Left,555,201,397,,1,FR1
2024-07-31 00:53:38,4,3.75,1.0,FR1,Pellet,Left,555,201,398,25.44,1,FR1
2024-07-31 00:54:00,4,3.76,,FR1,Poke,Left,556,201,398,,1,FR1
2024-07-31 00:54:01,4,3.75,1.0,FR1,Pellet,Left,556,201,399,0.56,1,FR1
2024-07-31 00:55:19,4,3.75,,FR1,Poke,Left,557,201,399,,1,FR1
2024-07-31 00:57:19,4,3.76,,FR1,Poke,Left,557,202,399,,1,FR1
2024-07-31 00:57:59,4,3.76,,FR1,Poke,Left,558,202,399,,1,FR1
2024-07-31 01:04:49,4,3.76,1.0,FR1,Pellet,Left,558,202,400,,1,FR1
2024-07-31 02:41:33,4,3.75,,FR1,Poke,Left,559,202,400,,1,FR1
2024-07-31 02:41:34,4,3.75,1.0,FR1,Pellet,Left,559,202,401,0.5,1,FR1
2024-07-31 02:42:06,4,3.75,,FR1,Poke,Left,560,202,401,,1,FR1
2024-07-31 02:42:06,4,3.74,,FR1,Poke,Left,561,202,401,,1,FR1
2024-07-31 02:42:09,4,3.75,,FR1,Poke,Left,562,202,401,,1,FR1
2024-07-31 02:42:10,4,3.75,,FR1,Poke,Left,563,202,401,,1,FR1
2024-07-31 02:42:13,4,3.75,3.0,FR1,Pellet,Left,563,202,402,0.37,1,FR1
2024-07-31 02:42:32,4,3.75,,FR1,Poke,Left,564,202,402,,1,FR1
2024-07-31 02:42:33,4,3.75,1.0,FR1,Pellet,Left,564,202,403,0.19,1,FR1
2024-07-31 02:43:03,4,3.75,,FR1,Poke,Left,565,202,403,,1,FR1
2024-07-31 02:43:04,4,3.75,1.0,FR1,Pellet,Left,565,202,404,0.12,1,FR1
2024-07-31 02:43:26,4,3.75,,FR1,Poke,Left,566,202,404,,1,FR1
2024-07-31 02:43:27,4,3.75,1.0,FR1,Pellet,Left,566,202,405,0.06,1,FR1
2024-07-31 02:43:53,4,3.75,,FR1,Poke,Left,567,202,405,,1,FR1
2024-07-31 02:43:54,4,3.74,1.0,FR1,Pellet,Left,567,202,406,0.12,1,FR1
2024-07-31 02:44:31,4,3.76,,FR1,Poke,Left,568,202,406,,1,FR1
2024-07-31 02:44:32,4,3.75,,FR1,Poke,Left,569,202,406,,1,FR1
2024-07-31 02:44:35,4,3.75,2.0,FR1,Pellet,Left,569,202,407,0.18,1,FR1
2024-07-31 02:47:12,4,3.75,,FR1,Poke,Left,570,202,407,,1,FR1
2024-07-31 02:47:17,4,3.74,1.0,FR1,Pellet,Left,570,202,408,3.93,1,FR1
2024-07-31 02:47:46,4,3.76,,FR1,Poke,Left,571,202,408,,1,FR1
2024-07-31 02:47:46,4,3.75,,FR1,Poke,Left,572,202,408,,1,FR1
2024-07-31 02:49:42,4,3.75,,FR1,Poke,Left,572,203,408,,1,FR1
2024-07-31 02:51:49,4,3.75,2.0,FR1,Pellet,Left,572,203,409,,1,FR1
2024-07-31 02:52:17,4,3.74,,FR1,Poke,Left,573,203,409,,1,FR1
2024-07-31 02:52:18,4,3.75,1.0,FR1,Pellet,Left,573,203,410,0.69,1,FR1
2024-07-31 03:47:46,4,3.75,,FR1,Poke,Left,574,203,410,,1,FR1
2024-07-31 03:47:47,4,3.75,1.0,FR1,Pellet,Left,574,203,411,0.06,1,FR1
2024-07-31 03:48:14,4,3.75,,FR1,Poke,Left,575,203,411,,1,FR1
2024-07-31 03:48:15,4,3.74,1.0,FR1,Pellet,Left,575,203,412,0.06,1,FR1
2024-07-31 03:49:15,4,3.74,,FR1,Poke,Left,576,203,412,,1,FR1
2024-07-31 03:49:16,4,3.75,1.0,FR1,Pellet,Left,576,203,413,0.12,1,FR1
2024-07-31 03:49:52,4,3.75,,FR1,Poke,Left,577,203,413,,1,FR1
2024-07-31 03:49:53,4,3.75,2.0,FR1,Pellet,Left,577,203,414,0.06,1,FR1
2024-07-31 04:01:21,4,3.75,,FR1,Poke,Left,577,204,414,,1,FR1
2024-07-31 04:03:51,4,3.74,,FR1,Poke,Left,578,204,414,,1,FR1
2024-07-31 04:03:54,4,3.74,1.0,FR1,Pellet,Left,578,204,415,2.27,1,FR1
2024-07-31 04:06:31,4,3.74,,FR1,Poke,Left,579,204,415,,1,FR1
2024-07-31 04:06:32,4,3.75,1.0,FR1,Pellet,Left,579,204,416,0.5,1,FR1
2024-07-31 04:07:54,4,3.74,,FR1,Poke,Left,579,205,416,,1,FR1
2024-07-31 04:08:02,4,3.74,,FR1,Poke,Left,580,205,416,,1,FR1
2024-07-31 04:08:23,4,3.74,1.0,FR1,Pellet,Left,580,205,417,19.71,1,FR1
2024-07-31 04:08:57,4,3.74,,FR1,Poke,Left,581,205,417,,1,FR1
2024-07-31 04:09:06,4,3.74,1.0,FR1,Pellet,Left,581,205,418,8.5,1,FR1
2024-07-31 04:09:27,4,3.74,,FR1,Poke,Left,582,205,418,,1,FR1
2024-07-31 04:09:29,4,3.74,1.0,FR1,Pellet,Left,582,205,419,1.13,1,FR1
2024-07-31 04:12:20,4,3.75,,FR1,Poke,Left,582,206,419,,1,FR1
2024-07-31 04:12:22,4,3.75,,FR1,Poke,Left,582,207,419,,1,FR1
2024-07-31 04:12:31,4,3.74,,FR1,Poke,Left,582,208,419,,1,FR1
2024-07-31 04:12:54,4,3.74,,FR1,Poke,Left,583,208,419,,1,FR1
2024-07-31 04:12:59,4,3.74,,FR1,Poke,Left,584,208,419,,1,FR1
2024-07-31 04:13:02,4,3.75,,FR1,Poke,Left,585,208,419,,1,FR1
2024-07-31 04:13:34,4,3.74,,FR1,Poke,Left,586,208,419,,1,FR1
2024-07-31 04:16:33,4,3.74,1.0,FR1,Pellet,Left,586,208,420,,1,FR1
2024-07-31 04:25:14,4,3.74,,FR1,Poke,Left,586,209,420,,1,FR1
2024-07-31 04:25:37,4,3.75,,FR1,Poke,Left,587,209,420,,1,FR1
2024-07-31 04:26:37,4,3.74,1.0,FR1,Pellet,Left,587,209,421,59.53,1,FR1
2024-07-31 04:26:58,4,3.74,,FR1,Poke,Left,588,209,421,,1,FR1
2024-07-31 04:27:01,4,3.75,1.0,FR1,Pellet,Left,588,209,422,1.64,1,FR1
2024-07-31 04:28:53,4,3.75,,FR1,Poke,Left,588,210,422,,1,FR1
2024-07-31 04:28:54,4,3.75,,FR1,Poke,Left,588,211,422,,1,FR1
2024-07-31 04:29:21,4,3.74,,FR1,Poke,Left,589,211,422,,1,FR1
2024-07-31 04:29:21,4,3.74,,FR1,Poke,Left,590,211,422,,1,FR1
2024-07-31 04:29:25,4,3.74,2.0,FR1,Pellet,Left,590,211,423,0.88,1,FR1
2024-07-31 04:29:51,4,3.75,,FR1,Poke,Left,591,211,423,,1,FR1
2024-07-31 04:29:52,4,3.74,1.0,FR1,Pellet,Left,591,211,424,0.63,1,FR1
2024-07-31 04:51:10,4,3.74,,FR1,Poke,Left,592,211,424,,1,FR1
2024-07-31 04:51:11,4,3.74,1.0,FR1,Pellet,Left,592,211,425,0.5,1,FR1
2024-07-31 04:52:22,4,3.74,,FR1,Poke,Left,593,211,425,,1,FR1
2024-07-31 04:52:24,4,3.75,1.0,FR1,Pellet,Left,593,211,426,1.2,1,FR1
2024-07-31 04:54:06,4,3.74,,FR1,Poke,Left,594,211,426,,1,FR1
2024-07-31 04:54:21,4,3.74,1.0,FR1,Pellet,Left,594,211,427,14.86,1,FR1
2024-07-31 04:59:12,4,3.74,,FR1,Poke,Left,594,212,427,,1,FR1
2024-07-31 04:59:17,4,3.74,,FR1,Poke,Left,594,213,427,,1,FR1
2024-07-31 04:59:30,4,3.74,,FR1,Poke,Left,594,214,427,,1,FR1
2024-07-31 04:59:34,4,3.74,,FR1,Poke,Left,595,214,427,,1,FR1
2024-07-31 05:03:56,4,3.74,1.0,FR1,Pellet,Left,595,214,428,,1,FR1
2024-07-31 05:04:30,4,3.74,,FR1,Poke,Left,596,214,428,,1,FR1
2024-07-31 05:04:38,4,3.74,,FR1,Poke,Left,596,215,428,,1,FR1
2024-07-31 05:04:39,4,3.74,1.0,FR1,Pellet,Left,596,215,429,8.6,1,FR1
2024-07-31 05:16:15,4,3.74,,FR1,Poke,Left,597,215,429,,1,FR1
2024-07-31 05:17:06,4,3.74,1.0,FR1,Pellet,Left,597,215,430,50.32,1,FR1
2024-07-31 05:20:46,4,3.74,,FR1,Poke,Left,598,215,430,,1,FR1
2024-07-31 05:22:49,4,3.74,,FR1,Poke,Left,599,215,430,,1,FR1
2024-07-31 05:23:15,4,3.74,1.0,FR1,Pellet,Left,599,215,431,,1,FR1
2024-07-31 05:23:38,4,3.74,,FR1,Poke,Left,600,215,431,,1,FR1
2024-07-31 05:23:39,4,3.74,1.0,FR1,Pellet,Left,600,215,432,0.44,1,FR1
2024-07-31 05:32:53,4,3.74,,FR1,Poke,Left,601,215,432,,1,FR1
2024-07-31 05:33:13,4,3.74,,FR1,Poke,Left,601,216,432,,1,FR1
2024-07-31 05:33:15,4,3.74,,FR1,Poke,Left,601,217,432,,1,FR1
2024-07-31 05:33:18,4,3.74,,FR1,Poke,Left,601,218,432,,1,FR1
2024-07-31 05:33:24,4,3.74,,FR1,Poke,Left,601,219,432,,1,FR1
2024-07-31 05:33:28,4,3.74,1.0,FR1,Pellet,Left,601,219,433,34.43,1,FR1
2024-07-31 05:33:59,4,3.75,,FR1,Poke,Left,602,219,433,,1,FR1
2024-07-31 05:34:00,4,3.74,,FR1,Poke,Left,603,219,433,,1,FR1
2024-07-31 05:35:08,4,3.74,2.0,FR1,Pellet,Left,603,219,434,,1,FR1
2024-07-31 05:35:43,4,3.74,,FR1,Poke,Left,603,220,434,,1,FR1
2024-07-31 05:41:24,4,3.74,,FR1,Poke,Left,604,220,434,,1,FR1
2024-07-31 05:42:08,4,3.74,,FR1,Poke,Left,604,221,434,,1,FR1
2024-07-31 05:42:09,4,3.74,,FR1,Poke,Left,604,222,434,,1,FR1
2024-07-31 05:42:13,4,3.74,,FR1,Poke,Left,604,223,434,,1,FR1
2024-07-31 05:42:56,4,3.74,,FR1,Poke,Left,605,223,434,,1,FR1
2024-07-31 05:42:57,4,3.74,,FR1,Poke,Left,606,223,434,,1,FR1
2024-07-31 05:42:58,4,3.74,1.0,FR1,Pellet,Left,606,223,435,,1,FR1
2024-07-31 05:51:03,4,3.74,,FR1,Poke,Left,607,223,435,,1,FR1
2024-07-31 05:51:04,4,3.74,1.0,FR1,Pellet,Left,607,223,436,0.37,1,FR1
2024-07-31 05:53:22,4,3.74,,FR1,Poke,Left,608,223,436,,1,FR1
2024-07-31 05:53:25,4,3.74,,FR1,Poke,Left,609,223,436,,1,FR1
2024-07-31 05:54:02,4,3.74,,FR1,Poke,Left,609,224,436,,1,FR1
2024-07-31 05:54:12,4,3.74,,FR1,Poke,Left,609,225,436,,1,FR1
2024-07-31 05:56:11,4,3.74,,FR1,Poke,Left,609,226,436,,1,FR1
2024-07-31 05:56:14,4,3.74,,FR1,Poke,Left,609,227,436,,1,FR1
2024-07-31 05:56:16,4,3.74,1.0,FR1,Pellet,Left,609,227,437,,1,FR1
2024-07-31 06:06:55,4,3.74,,FR1,Poke,Left,610,227,437,,1,FR1
2024-07-31 06:10:09,4,3.74,1.0,FR1,Pellet,Left,610,227,438,,1,FR1
2024-07-31 07:27:38,4,3.73,,FR1,Poke,Left,611,227,438,,1,FR1
2024-07-31 07:27:40,4,3.73,1.0,FR1,Pellet,Left,611,227,439,0.44,1,FR1
2024-07-31 07:28:04,4,3.74,,FR1,Poke,Left,612,227,439,,1,FR1
2024-07-31 07:28:05,4,3.74,1.0,FR1,Pellet,Left,612,227,440,0.37,1,FR1
2024-07-31 07:28:28,4,3.73,,FR1,Poke,Left,613,227,440,,1,FR1
2024-07-31 07:28:29,4,3.74,1.0,FR1,Pellet,Left,613,227,441,0.12,1,FR1
2024-07-31 07:28:50,4,3.74,,FR1,Poke,Left,614,227,441,,1,FR1
2024-07-31 07:28:51,4,3.73,1.0,FR1,Pellet,Left,614,227,442,0.12,1,FR1
2024-07-31 07:29:16,4,3.74,,FR1,Poke,Left,615,227,442,,1,FR1
2024-07-31 07:29:17,4,3.74,1.0,FR1,Pellet,Left,615,227,443,0.06,1,FR1
2024-07-31 07:29:46,4,3.73,,FR1,Poke,Left,616,227,443,,1,FR1
2024-07-31 07:29:47,4,3.73,,FR1,Poke,Left,617,227,443,,1,FR1
2024-07-31 07:29:51,4,3.74,2.0,FR1,Pellet,Left,617,227,444,1.01,1,FR1
2024-07-31 08:25:28,4,3.73,,FR1,Poke,Left,618,227,444,,1,FR1
2024-07-31 08:25:44,4,3.73,1.0,FR1,Pellet,Left,618,227,445,14.93,1,FR1
2024-07-31 08:28:49,4,3.74,,FR1,Poke,Left,619,227,445,,1,FR1
2024-07-31 08:32:13,4,3.73,,FR1,Poke,Left,619,228,445,,1,FR1
2024-07-31 08:34:26,4,3.73,,FR1,Poke,Left,619,229,445,,1,FR1
2024-07-31 08:35:50,4,3.73,,FR1,Poke,Left,620,229,445,,1,FR1
2024-07-31 08:38:08,4,3.73,,FR1,Poke,Left,620,230,445,,1,FR1
2024-07-31 08:38:12,4,3.73,,FR1,Poke,Left,620,231,445,,1,FR1
2024-07-31 08:42:51,4,3.73,,FR1,Poke,Left,621,231,445,,1,FR1
2024-07-31 08:43:04,4,3.73,,FR1,Poke,Left,621,232,445,,1,FR1
2024-07-31 08:43:20,4,3.73,,FR1,Poke,Left,622,232,445,,1,FR1
2024-07-31 08:44:18,4,3.74,1.0,FR1,Pellet,Left,622,232,446,,1,FR1
2024-07-31 08:44:54,4,3.73,,FR1,Poke,Left,622,233,446,,1,FR1
2024-07-31 08:45:03,4,3.73,,FR1,Poke,Left,622,234,446,,1,FR1
2024-07-31 08:45:13,4,3.73,,FR1,Poke,Left,623,234,446,,1,FR1
2024-07-31 08:45:17,4,3.73,2.0,FR1,Pellet,Left,623,234,447,1.32,1,FR1
2024-07-31 08:48:24,4,3.73,,FR1,Poke,Left,623,235,447,,1,FR1
2024-07-31 09:48:35,4,3.73,,FR1,Poke,Left,623,236,447,,1,FR1
2024-07-31 09:49:06,4,3.73,,FR1,Poke,Left,624,236,447,,1,FR1
2024-07-31 09:49:07,4,3.73,,FR1,Poke,Left,625,236,447,,1,FR1
2024-07-31 09:49:09,4,3.73,,FR1,Poke,Left,626,236,447,,1,FR1
2024-07-31 09:49:13,4,3.73,4.0,FR1,Pellet,Left,626,236,448,0.37,1,FR1
2024-07-31 11:10:50,4,3.73,,FR1,Poke,Left,626,237,448,,1,FR1
2024-07-31 11:12:50,4,3.65,,FR1,Poke,Left,627,237,448,,1,FR1
2024-07-31 11:12:56,4,3.72,3.0,FR1,Pellet,Left,627,237,449,0.69,1,FR1
2024-07-31 11:14:23,4,4.11,,FR1,Poke,Left,628,237,449,,2,FR1
2024-07-31 11:20:08,4,4.14,,FR1,Poke,Left,629,237,449,,2,FR1
2024-07-31 11:20:30,4,4.14,,FR1,Poke,Left,629,238,449,,2,FR1
2024-07-31 11:22:08,4,4.13,4.0,FR1,Pellet,Left,629,238,450,,2,FR1
2024-07-31 11:25:36,4,4.13,,FR1,Poke,Left,630,238,450,,2,FR1
2024-07-31 11:27:05,4,4.13,,FR1,Poke,Left,631,238,450,,2,FR1
2024-07-31 12:23:03,4,4.13,2.0,FR1,Pellet,Left,631,238,451,,2,FR1
2024-07-31 12:23:28,4,4.13,,FR1,Poke,Left,632,238,451,,2,FR1
2024-07-31 12:23:29,4,4.13,2.0,FR1,Pellet,Left,632,238,452,0.18,2,FR1
2024-07-31 12:23:50,4,4.13,,FR1,Poke,Left,633,238,452,,2,FR1
2024-07-31 12:23:51,4,4.13,2.0,FR1,Pellet,Left,633,238,453,0.06,2,FR1
2024-07-31 12:24:16,4,4.13,,FR1,Poke,Left,634,238,453,,2,FR1
2024-07-31 12:24:17,4,4.14,1.0,FR1,Pellet,Left,634,238,454,0.12,2,FR1
2024-07-31 12:24:42,4,4.13,,FR1,Poke,Left,635,238,454,,2,FR1
2024-07-31 12:24:43,4,4.13,1.0,FR1,Pellet,Left,635,238,455,0.19,2,FR1
2024-07-31 13:03:22,4,4.13,,FR1,Poke,Left,636,238,455,,2,FR1
2024-07-31 13:03:24,4,4.13,1.0,FR1,Pellet,Left,636,238,456,1.38,2,FR1
2024-07-31 13:22:47,4,4.13,,FR1,Poke,Left,637,238,456,,2,FR1
2024-07-31 13:22:49,4,4.13,1.0,FR1,Pellet,Left,637,238,457,0.5,2,FR1
2024-07-31 13:23:12,4,4.14,,FR1,Poke,Left,638,238,457,,2,FR1
2024-07-31 13:23:13,4,4.13,1.0,FR1,Pellet,Left,638,238,458,0.31,2,FR1
2024-07-31 13:59:10,4,4.13,,FR1,Poke,Left,639,238,458,,2,FR1
2024-07-31 13:59:12,4,4.13,1.0,FR1,Pellet,Left,639,238,459,0.31,2,FR1
2024-07-31 14:13:37,4,4.12,,FR1,Poke,Left,640,238,459,,2,FR1
2024-07-31 14:13:37,4,4.13,,FR1,Poke,Left,641,238,459,,2,FR1
2024-07-31 14:13:42,4,4.13,2.0,FR1,Pellet,Left,641,238,460,1.89,2,FR1
2024-07-31 14:14:07,4,4.13,,FR1,Poke,Left,642,238,460,,2,FR1
2024-07-31 14:14:08,4,4.12,2.0,FR1,Pellet,Left,642,238,461,0.06,2,FR1
2024-07-31 14:14:37,4,4.13,,FR1,Poke,Left,643,238,461,,2,FR1
2024-07-31 14:14:38,4,4.12,1.0,FR1,Pellet,Left,643,238,462,0.18,2,FR1
2024-07-31 14:15:08,4,4.12,,FR1,Poke,Left,644,238,462,,2,FR1
2024-07-31 14:15:10,4,4.12,1.0,FR1,Pellet,Left,644,238,463,0.12,2,FR1
2024-07-31 14:21:39,4,4.13,,FR1,Poke,Left,644,239,463,,2,FR1
2024-07-31 14:25:31,4,4.13,,FR1,Poke,Left,645,239,463,,2,FR1
2024-07-31 14:25:45,4,4.13,,FR1,Poke,Left,646,239,463,,2,FR1
2024-07-31 14:29:32,4,4.13,,FR1,Poke,Left,646,240,463,,2,FR1
2024-07-31 14:29:34,4,4.13,1.0,FR1,Pellet,Left,646,240,464,,2,FR1
2024-07-31 14:30:16,4,4.12,,FR1,Poke,Left,646,241,464,,2,FR1
2024-07-31 14:33:31,4,4.13,,FR1,Poke,Left,647,241,464,,2,FR1
2024-07-31 15:42:56,4,4.12,,FR1,Poke,Left,648,241,464,,2,FR1
2024-07-31 15:42:57,4,4.12,1.0,FR1,Pellet,Left,648,241,465,,2,FR1
2024-07-31 15:43:25,4,4.12,,FR1,Poke,Left,649,241,465,,2,FR1
2024-07-31 15:43:26,4,4.12,1.0,FR1,Pellet,Left,649,241,466,0.37,2,FR1
2024-07-31 15:43:49,4,4.12,,FR1,Poke,Left,650,241,466,,2,FR1
2024-07-31 15:43:50,4,4.12,1.0,FR1,Pellet,Left,650,241,467,0.31,2,FR1
2024-07-31 16:54:29,4,4.12,,FR1,Poke,Left,651,241,467,,2,FR1
2024-07-31 16:54:30,4,4.12,1.0,FR1,Pellet,Left,651,241,468,0.37,2,FR1
2024-07-31 16:54:54,4,4.12,,FR1,Poke,Left,652,241,468,,2,FR1
2024-07-31 16:54:55,4,4.12,1.0,FR1,Pellet,Left,652,241,469,0.25,2,FR1
2024-07-31 16:55:21,4,4.12,,FR1,Poke,Left,653,241,469,,2,FR1
2024-07-31 16:55:22,4,4.12,1.0,FR1,Pellet,Left,653,241,470,0.31,2,FR1
2024-07-31 16:55:49,4,4.12,,FR1,Poke,Left,654,241,470,,2,FR1
2024-07-31 16:55:50,4,4.12,1.0,FR1,Pellet,Left,654,241,471,0.19,2,FR1
2024-07-31 16:56:14,4,4.12,,FR1,Poke,Left,655,241,471,,2,FR1
2024-07-31 16:56:15,4,4.12,,FR1,Poke,Left,656,241,471,,2,FR1
2024-07-31 16:56:18,4,4.12,2.0,FR1,Pellet,Left,656,241,472,0.44,2,FR1
2024-07-31 17:15:51,4,4.12,,FR1,Poke,Left,656,242,472,,2,FR1
2024-07-31 17:42:00,4,4.12,,FR1,Poke,Left,657,242,472,,2,FR1
2024-07-31 17:42:01,4,4.12,1.0,FR1,Pellet,Left,657,242,473,0.12,2,FR1
2024-07-31 17:42:22,4,4.12,,FR1,Poke,Left,658,242,473,,2,FR1
2024-07-31 17:42:23,4,4.11,1.0,FR1,Pellet,Left,658,242,474,0.12,2,FR1
2024-07-31 17:42:41,4,4.12,,FR1,Poke,Left,659,242,474,,2,FR1
2024-07-31 17:42:43,4,4.11,1.0,FR1,Pellet,Left,659,242,475,0.88,2,FR1
2024-07-31 17:43:09,4,4.12,,FR1,Poke,Left,660,242,475,,2,FR1
2024-07-31 17:43:11,4,4.12,1.0,FR1,Pellet,Left,660,242,476,0.19,2,FR1
2024-07-31 17:43:38,4,4.12,,FR1,Poke,Left,661,242,476,,2,FR1
2024-07-31 17:43:39,4,4.12,1.0,FR1,Pellet,Left,661,242,477,0.12,2,FR1
2024-07-31 17:44:26,4,4.12,,FR1,Poke,Left,662,242,477,,2,FR1
2024-07-31 17:44:27,4,4.12,1.0,FR1,Pellet,Left,662,242,478,0.25,2,FR1
2024-07-31 18:05:32,4,4.12,,FR1,Poke,Left,663,242,478,,2,FR1
2024-07-31 18:05:35,4,4.12,1.0,FR1,Pellet,Left,663,242,479,2.34,2,FR1
2024-07-31 18:05:59,4,4.12,,FR1,Poke,Left,664,242,479,,2,FR1
2024-07-31 18:06:00,4,4.12,1.0,FR1,Pellet,Left,664,242,480,0.31,2,FR1
2024-07-31 18:16:38,4,4.12,,FR1,Poke,Left,665,242,480,,2,FR1
2024-07-31 18:22:47,4,4.12,,FR1,Poke,Left,665,243,480,,2,FR1
2024-07-31 18:22:50,4,4.12,,FR1,Poke,Left,665,244,480,,2,FR1
2024-07-31 18:22:55,4,4.12,2.0,FR1,Pellet,Left,665,244,481,,2,FR1
2024-07-31 18:26:01,4,4.12,,FR1,Poke,Left,665,245,481,,2,FR1
2024-07-31 18:30:27,4,4.12,,FR1,Poke,Left,666,245,481,,2,FR1
2024-07-31 18:30:29,4,4.12,1.0,FR1,Pellet,Left,666,245,482,1.58,2,FR1
2024-07-31 18:31:01,4,4.12,,FR1,Poke,Left,667,245,482,,2,FR1
2024-07-31 18:31:02,4,4.11,1.0,FR1,Pellet,Left,667,245,483,0.06,2,FR1
2024-07-31 18:32:56,4,4.11,,FR1,Poke,Left,668,245,483,,2,FR1
2024-07-31 18:32:59,4,4.12,1.0,FR1,Pellet,Left,668,245,484,2.4,2,FR1
2024-07-31 18:33:42,4,4.12,,FR1,Poke,Left,669,245,484,,2,FR1
2024-07-31 18:36:14,4,4.12,,FR1,Poke,Left,669,246,484,,2,FR1
2024-07-31 18:36:32,4,4.11,1.0,FR1,Pellet,Left,669,246,485,,2,FR1
2024-07-31 18:37:14,4,4.12,,FR1,Poke,Left,669,247,485,,2,FR1
2024-07-31 18:42:07,4,4.12,,FR1,Poke,Left,669,248,485,,2,FR1
2024-07-31 18:42:55,4,4.12,,FR1,Poke,Left,670,248,485,,2,FR1
2024-07-31 18:46:41,4,4.11,1.0,FR1,Pellet,Left,670,248,486,,2,FR1
2024-07-31 18:56:46,4,4.12,,FR1,Poke,Left,671,248,486,,2,FR1
2024-07-31 18:56:47,4,4.11,1.0,FR1,Pellet,Left,671,248,487,0.37,2,FR1
2024-07-31 18:57:27,4,4.12,,FR1,Poke,Left,672,248,487,,2,FR1
2024-07-31 18:57:28,4,4.12,,FR1,Poke,Left,673,248,487,,2,FR1
2024-07-31 18:57:31,4,4.12,2.0,FR1,Pellet,Left,673,248,488,0.37,2,FR1
2024-07-31 18:57:50,4,4.11,,FR1,Poke,Left,674,248,488,,2,FR1
2024-07-31 18:58:08,4,4.12,2.0,FR1,Pellet,Left,674,248,489,15.04,2,FR1
2024-07-31 19:01:35,4,4.12,,FR1,Poke,Left,674,249,489,,2,FR1
2024-07-31 19:04:40,4,4.12,,FR1,Poke,Left,674,250,489,,2,FR1
2024-07-31 19:06:19,4,4.11,,FR1,Poke,Left,675,250,489,,2,FR1
2024-07-31 19:06:21,4,4.11,1.0,FR1,Pellet,Left,675,250,490,0.94,2,FR1
2024-07-31 19:08:54,4,4.12,,FR1,Poke,Left,676,250,490,,2,FR1
2024-07-31 19:09:14,4,4.12,2.0,FR1,Pellet,Left,676,250,491,18.85,2,FR1
2024-07-31 19:15:17,4,4.12,,FR1,Poke,Left,676,251,491,,2,FR1
2024-07-31 19:15:18,4,4.12,,FR1,Poke,Left,676,252,491,,2,FR1
2024-07-31 19:15:21,4,4.11,,FR1,Poke,Left,676,253,491,,2,FR1
2024-07-31 19:15:23,4,4.12,,FR1,Poke,Left,676,254,491,,2,FR1
2024-07-31 19:16:16,4,4.11,,FR1,Poke,Left,677,254,491,,2,FR1
2024-07-31 19:16:17,4,4.11,,FR1,Poke,Left,678,254,491,,2,FR1
2024-07-31 19:16:18,4,4.12,,FR1,Poke,Left,679,254,491,,2,FR1
2024-07-31 19:16:21,4,4.11,2.0,FR1,Pellet,Left,679,254,492,0.18,2,FR1
2024-07-31 19:16:49,4,4.11,,FR1,Poke,Left,680,254,492,,2,FR1
2024-07-31 19:16:50,4,4.12,2.0,FR1,Pellet,Left,680,254,493,0.06,2,FR1
2024-07-31 19:17:35,4,4.11,,FR1,Poke,Left,680,255,493,,2,FR1
2024-07-31 19:18:53,4,4.12,,FR1,Poke,Left,680,256,493,,2,FR1
2024-07-31 19:18:54,4,4.12,,FR1,Poke,Left,680,257,493,,2,FR1
2024-07-31 19:18:57,4,4.11,,FR1,Poke,Left,680,258,493,,2,FR1
2024-07-31 19:19:00,4,4.12,,FR1,Poke,Left,680,259,493,,2,FR1
2024-07-31 19:19:01,4,4.12,,FR1,Poke,Left,680,260,493,,2,FR1
2024-07-31 19:19:47,4,4.11,,FR1,Poke,Left,681,260,493,,2,FR1
2024-07-31 19:19:53,4,4.11,1.0,FR1,Pellet,Left,681,260,494,4.62,2,FR1
2024-07-31 19:22:54,4,4.12,,FR1,Poke,Left,682,260,494,,2,FR1
2024-07-31 19:24:59,4,4.11,1.0,FR1,Pellet,Left,682,260,495,,2,FR1
2024-07-31 19:26:08,4,4.12,,FR1,Poke,Left,683,260,495,,2,FR1
2024-07-31 19:26:15,4,4.11,1.0,FR1,Pellet,Left,683,260,496,5.83,2,FR1
2024-07-31 19:26:58,4,4.11,,FR1,Poke,Left,684,260,496,,2,FR1
2024-07-31 19:27:01,4,4.12,,FR1,Poke,Left,685,260,496,,2,FR1
2024-07-31 19:27:27,4,4.12,,FR1,Poke,Left,685,261,496,,2,FR1
2024-07-31 19:27:29,4,4.12,1.0,FR1,Pellet,Left,685,261,497,29.4,2,FR1
2024-07-31 19:28:12,4,4.11,,FR1,Poke,Left,685,262,497,,2,FR1
2024-07-31 19:42:53,4,4.12,,FR1,Poke,Left,686,262,497,,2,FR1
2024-07-31 19:43:16,4,4.11,1.0,FR1,Pellet,Left,686,262,498,21.92,2,FR1
2024-07-31 19:44:39,4,4.11,,FR1,Poke,Left,687,262,498,,2,FR1
2024-07-31 19:45:03,4,4.11,,FR1,Poke,Left,687,263,498,,2,FR1
2024-07-31 19:50:05,4,4.12,1.0,FR1,Pellet,Left,687,263,499,,2,FR1
2024-07-31 19:53:53,4,4.11,,FR1,Poke,Left,688,263,499,,2,FR1
2024-07-31 19:56:12,4,4.11,1.0,FR1,Pellet,Left,688,263,500,,2,FR1
2024-07-31 19:57:30,4,4.11,,FR1,Poke,Left,689,263,500,,2,FR1
2024-07-31 19:57:56,4,4.11,1.0,FR1,Pellet,Left,689,263,501,25.17,2,FR1
2024-07-31 19:58:18,4,4.11,,FR1,Poke,Left,690,263,501,,2,FR1
2024-07-31 19:58:20,4,4.11,1.0,FR1,Pellet,Left,690,263,502,0.19,2,FR1
2024-07-31 20:01:28,4,4.11,,FR1,Poke,Left,691,263,502,,2,FR1
2024-07-31 20:01:29,4,4.11,,FR1,Poke,Left,692,263,502,,2,FR1
2024-07-31 20:09:35,4,4.11,2.0,FR1,Pellet,Left,692,263,503,,2,FR1
2024-07-31 20:31:17,4,4.11,,FR1,Poke,Left,693,263,503,,2,FR1
2024-07-31 20:31:18,4,4.11,1.0,FR1,Pellet,Left,693,263,504,0.63,2,FR1
2024-07-31 20:32:00,4,4.11,,FR1,Poke,Left,694,263,504,,2,FR1
2024-07-31 20:32:01,4,4.11,,FR1,Poke,Left,695,263,504,,2,FR1
2024-07-31 20:32:03,4,4.11,,FR1,Poke,Left,696,263,504,,2,FR1
2024-07-31 20:32:06,4,4.11,,FR1,Poke,Left,697,263,504,,2,FR1
2024-07-31 20:32:09,4,4.11,4.0,FR1,Pellet,Left,697,263,505,0.37,2,FR1
2024-07-31 20:32:27,4,4.11,,FR1,Poke,Left,698,263,505,,2,FR1
2024-07-31 20:32:28,4,4.11,1.0,FR1,Pellet,Left,698,263,506,0.12,2,FR1
2024-07-31 20:32:54,4,4.11,,FR1,Poke,Left,699,263,506,,2,FR1
2024-07-31 20:32:58,4,4.11,2.0,FR1,Pellet,Left,699,263,507,0.12,2,FR1
2024-07-31 20:33:15,4,4.11,,FR1,Poke,Left,700,263,507,,2,FR1
2024-07-31 20:33:16,4,4.11,1.0,FR1,Pellet,Left,700,263,508,0.12,2,FR1
2024-07-31 20:33:43,4,4.11,,FR1,Poke,Left,701,263,508,,2,FR1
2024-07-31 20:33:45,4,4.11,1.0,FR1,Pellet,Left,701,263,509,0.44,2,FR1
2024-07-31 20:57:45,4,4.11,,FR1,Poke,Left,702,263,509,,2,FR1
2024-07-31 20:57:46,4,4.11,1.0,FR1,Pellet,Left,702,263,510,0.12,2,FR1
2024-07-31 20:58:09,4,4.11,,FR1,Poke,Left,703,263,510,,2,FR1
2024-07-31 20:58:10,4,4.11,1.0,FR1,Pellet,Left,703,263,511,0.12,2,FR1
2024-07-31 20:58:32,4,4.11,,FR1,Poke,Left,704,263,511,,2,FR1
2024-07-31 20:58:33,4,4.11,1.0,FR1,Pellet,Left,704,263,512,0.12,2,FR1
2024-07-31 20:58:57,4,4.11,,FR1,Poke,Left,705,263,512,,2,FR1
2024-07-31 20:58:58,4,4.11,1.0,FR1,Pellet,Left,705,263,513,0.06,2,FR1
2024-07-31 21:19:21,4,4.11,,FR1,Poke,Left,706,263,513,,2,FR1
2024-07-31 21:19:22,4,4.11,1.0,FR1,Pellet,Left,706,263,514,0.5,2,FR1
2024-07-31 21:19:48,4,4.11,,FR1,Poke,Left,707,263,514,,2,FR1
2024-07-31 21:19:49,4,4.11,1.0,FR1,Pellet,Left,707,263,515,0.25,2,FR1
2024-07-31 21:33:17,4,4.11,,FR1,Poke,Left,708,263,515,,2,FR1
2024-07-31 21:33:18,4,4.11,1.0,FR1,Pellet,Left,708,263,516,0.31,2,FR1
2024-07-31 21:49:40,4,4.11,,FR1,Poke,Left,709,263,516,,2,FR1
2024-07-31 21:49:40,4,4.11,,FR1,Poke,Left,710,263,516,,2,FR1
2024-07-31 21:49:43,4,4.11,,FR1,Poke,Left,711,263,516,,2,FR1
2024-07-31 21:49:49,4,4.11,3.0,FR1,Pellet,Left,711,263,517,3.23,2,FR1
2024-07-31 21:50:27,4,4.1,,FR1,Poke,Left,712,263,517,,2,FR1
2024-07-31 21:50:28,4,4.11,1.0,FR1,Pellet,Left,712,263,518,0.31,2,FR1
2024-07-31 21:51:02,4,4.11,,FR1,Poke,Left,713,263,518,,2,FR1
2024-07-31 21:53:51,4,4.11,,FR1,Poke,Left,714,263,518,,2,FR1
2024-07-31 21:54:35,4,4.11,,FR1,Poke,Left,714,264,518,,2,FR1
2024-07-31 21:54:44,4,4.11,2.0,FR1,Pellet,Left,714,264,519,,2,FR1
2024-07-31 22:15:32,4,4.11,,FR1,Poke,Left,715,264,519,,2,FR1
2024-07-31 22:15:33,4,4.11,1.0,FR1,Pellet,Left,715,264,520,0.63,2,FR1
2024-07-31 22:15:58,4,4.11,,FR1,Poke,Left,716,264,520,,2,FR1
2024-07-31 22:15:59,4,4.11,2.0,FR1,Pellet,Left,716,264,521,0.25,2,FR1
2024-07-31 22:16:19,4,4.11,,FR1,Poke,Left,717,264,521,,2,FR1
2024-07-31 22:16:20,4,4.11,1.0,FR1,Pellet,Left,717,264,522,0.06,2,FR1
2024-07-31 22:16:47,4,4.11,,FR1,Poke,Left,718,264,522,,2,FR1
2024-07-31 22:16:48,4,4.11,1.0,FR1,Pellet,Left,718,264,523,0.19,2,FR1
2024-07-31 22:37:40,4,4.11,,FR1,Poke,Left,719,264,523,,2,FR1
2024-07-31 22:37:44,4,4.11,1.0,FR1,Pellet,Left,719,264,524,3.73,2,FR1
2024-07-31 22:48:52,4,4.11,,FR1,Poke,Left,719,265,524,,2,FR1
2024-07-31 22:58:56,4,4.11,,FR1,Poke,Left,719,266,524,,2,FR1
2024-07-31 22:59:01,4,4.11,,FR1,Poke,Left,720,266,524,,2,FR1
2024-07-31 22:59:04,4,4.11,,FR1,Poke,Left,721,266,524,,2,FR1
2024-07-31 22:59:07,4,4.11,1.0,FR1,Pellet,Left,721,266,525,4.78,2,FR1
2024-07-31 23:03:02,4,4.11,,FR1,Poke,Left,721,267,525,,2,FR1
2024-07-31 23:06:00,4,4.11,,FR1,Poke,Left,722,267,525,,2,FR1
2024-07-31 23:06:29,4,4.11,1.0,FR1,Pellet,Left,722,267,526,28.55,2,FR1
2024-07-31 23:07:27,4,4.11,,FR1,Poke,Left,723,267,526,,2,FR1
2024-07-31 23:07:28,4,4.11,2.0,FR1,Pellet,Left,723,267,527,0.31,2,FR1
2024-07-31 23:08:01,4,4.11,,FR1,Poke,Left,724,267,527,,2,FR1
2024-07-31 23:08:02,4,4.11,1.0,FR1,Pellet,Left,724,267,528,0.12,2,FR1
2024-07-31 23:08:41,4,4.11,,FR1,Poke,Left,725,267,528,,2,FR1
2024-07-31 23:21:05,4,4.11,1.0,FR1,Pellet,Left,725,267,529,,2,FR1
2024-07-31 23:21:53,4,4.11,,FR1,Poke,Left,726,267,529,,2,FR1
2024-07-31 23:21:55,4,4.1,1.0,FR1,Pellet,Left,726,267,530,1.07,2,FR1
2024-07-31 23:22:26,4,4.11,,FR1,Poke,Left,726,268,530,,2,FR1
2024-07-31 23:27:41,4,4.11,,FR1,Poke,Left,727,268,530,,2,FR1
2024-07-31 23:29:07,4,4.11,1.0,FR1,Pellet,Left,727,268,531,,2,FR1
2024-07-31 23:30:42,4,4.11,,FR1,Poke,Left,728,268,531,,2,FR1
2024-07-31 23:31:03,4,4.11,,FR1,Poke,Left,729,268,531,,2,FR1
2024-07-31 23:31:19,4,4.11,1.0,FR1,Pellet,Left,729,268,532,36.33,2,FR1
2024-07-31 23:42:50,4,4.11,,FR1,Poke,Left,729,269,532,,2,FR1
2024-07-31 23:42:51,4,4.11,,FR1,Poke,Left,729,270,532,,2,FR1
2024-07-31 23:42:54,4,4.11,,FR1,Poke,Left,729,271,532,,2,FR1
2024-07-31 23:42:55,4,4.11,,FR1,Poke,Left,729,272,532,,2,FR1
2024-07-31 23:42:56,4,4.11,,FR1,Poke,Left,729,273,532,,2,FR1
2024-07-31 23:43:02,4,4.11,,FR1,Poke,Left,729,274,532,,2,FR1
2024-07-31 23:43:08,4,4.11,,FR1,Poke,Left,730,274,532,,2,FR1
2024-07-31 23:43:09,4,4.1,1.0,FR1,Pellet,Left,730,274,533,0.12,2,FR1
2024-07-31 23:44:22,4,4.11,,FR1,Poke,Left,731,274,533,,2,FR1
2024-07-31 23:44:26,4,4.11,2.0,FR1,Pellet,Left,731,274,534,0.19,2,FR1
2024-07-31 23:44:31,4,4.11,,FR1,Poke,Left,732,274,534,,2,FR1
2024-07-31 23:49:21,4,4.1,1.0,FR1,Pellet,Left,732,274,535,,2,FR1
2024-08-01 00:04:44,4,4.11,,FR1,Poke,Left,733,274,535,,2,FR1
2024-08-01 00:04:45,4,4.11,1.0,FR1,Pellet,Left,733,274,536,0.94,2,FR1
2024-08-01 00:07:29,4,4.11,,FR1,Poke,Left,733,275,536,,2,FR1
2024-08-01 00:07:31,4,4.11,,FR1,Poke,Left,733,276,536,,2,FR1
2024-08-01 00:07:32,4,4.11,,FR1,Poke,Left,733,277,536,,2,FR1
2024-08-01 00:07:34,4,4.11,,FR1,Poke,Left,734,277,536,,2,FR1
2024-08-01 00:07:37,4,4.11,1.0,FR1,Pellet,Left,734,277,537,2.91,2,FR1
2024-08-01 00:07:55,4,4.11,,FR1,Poke,Left,735,277,537,,2,FR1
2024-08-01 00:07:56,4,4.11,1.0,FR1,Pellet,Left,735,277,538,0.5,2,FR1
2024-08-01 00:08:17,4,4.1,,FR1,Poke,Left,735,278,538,,2,FR1
2024-08-01 00:08:43,4,4.1,,FR1,Poke,Left,735,279,538,,2,FR1
2024-08-01 00:08:56,4,4.11,,FR1,Poke,Left,735,280,538,,2,FR1
2024-08-01 00:08:59,4,4.11,,FR1,Poke,Left,735,281,538,,2,FR1
2024-08-01 00:09:00,4,4.11,,FR1,Poke,Left,735,282,538,,2,FR1
2024-08-01 00:09:02,4,4.11,,FR1,Poke,Left,735,283,538,,2,FR1
2024-08-01 00:09:11,4,4.1,,FR1,Poke,Left,736,283,538,,2,FR1
2024-08-01 00:14:17,4,4.1,1.0,FR1,Pellet,Left,736,283,539,,2,FR1
2024-08-01 00:25:47,4,4.11,,FR1,Poke,Left,737,283,539,,2,FR1
2024-08-01 00:26:47,4,4.11,1.0,FR1,Pellet,Left,737,283,540,59.05,2,FR1
2024-08-01 00:28:02,4,4.1,,FR1,Poke,Left,738,283,540,,2,FR1
2024-08-01 00:29:35,4,4.11,1.0,FR1,Pellet,Left,738,283,541,,2,FR1
2024-08-01 00:30:41,4,4.11,,FR1,Poke,Left,738,284,541,,2,FR1
2024-08-01 00:36:23,4,4.1,,FR1,Poke,Left,738,285,541,,2,FR1
2024-08-01 00:36:36,4,4.1,,FR1,Poke,Left,739,285,541,,2,FR1
2024-08-01 00:36:37,4,4.1,,FR1,Poke,Left,740,285,541,,2,FR1
2024-08-01 00:36:55,4,4.1,2.0,FR1,Pellet,Left,740,285,542,15.23,2,FR1
2024-08-01 00:56:53,4,4.1,,FR1,Poke,Left,740,286,542,,2,FR1
2024-08-01 00:57:00,4,4.1,,FR1,Poke,Left,741,286,542,,2,FR1
2024-08-01 00:57:01,4,4.1,1.0,FR1,Pellet,Left,741,286,543,0.44,2,FR1
2024-08-01 01:12:22,4,4.1,,FR1,Poke,Left,742,286,543,,2,FR1
2024-08-01 01:12:22,4,4.1,,FR1,Poke,Left,743,286,543,,2,FR1
2024-08-01 01:12:29,4,4.1,,FR1,Poke,Left,744,286,543,,2,FR1
2024-08-01 01:12:42,4,4.1,3.0,FR1,Pellet,Left,744,286,544,16.08,2,FR1
2024-08-01 01:13:42,4,4.1,,FR1,Poke,Left,744,287,544,,2,FR1
2024-08-01 01:13:46,4,4.1,,FR1,Poke,Left,745,287,544,,2,FR1
2024-08-01 01:13:53,4,4.1,1.0,FR1,Pellet,Left,745,287,545,6.52,2,FR1
2024-08-01 01:18:46,4,4.1,,FR1,Poke,Left,746,287,545,,2,FR1
2024-08-01 01:18:49,4,4.1,,FR1,Poke,Left,747,287,545,,2,FR1
2024-08-01 01:19:01,4,4.1,1.0,FR1,Pellet,Left,747,287,546,13.97,2,FR1
2024-08-01 01:19:34,4,4.1,,FR1,Poke,Left,747,288,546,,2,FR1
2024-08-01 01:19:57,4,4.1,,FR1,Poke,Left,748,288,546,,2,FR1
2024-08-01 01:19:59,4,4.1,,FR1,Poke,Left,749,288,546,,2,FR1
2024-08-01 01:20:00,4,4.1,2.0,FR1,Pellet,Left,749,288,547,2.45,2,FR1
2024-08-01 01:20:29,4,4.1,,FR1,Poke,Left,750,288,547,,2,FR1
2024-08-01 01:20:30,4,4.1,2.0,FR1,Pellet,Left,750,288,548,0.06,2,FR1
2024-08-01 01:20:56,4,4.11,,FR1,Poke,Left,751,288,548,,2,FR1
2024-08-01 01:21:47,4,4.1,,FR1,Poke,Left,752,288,548,,2,FR1
2024-08-01 01:21:56,4,4.1,,FR1,Poke,Left,753,288,548,,2,FR1
2024-08-01 01:22:13,4,4.1,,FR1,Poke,Left,753,289,548,,2,FR1
2024-08-01 01:22:17,4,4.1,,FR1,Poke,Left,753,290,548,,2,FR1
2024-08-01 01:22:30,4,4.1,1.0,FR1,Pellet,Left,753,290,549,,2,FR1
2024-08-01 03:06:57,4,4.1,,FR1,Poke,Left,754,290,549,,2,FR1
2024-08-01 03:07:00,4,4.1,1.0,FR1,Pellet,Left,754,290,550,1.7,2,FR1
2024-08-01 03:07:32,4,4.1,,FR1,Poke,Left,755,290,550,,2,FR1
2024-08-01 03:07:33,4,4.09,1.0,FR1,Pellet,Left,755,290,551,0.18,2,FR1
2024-08-01 03:08:16,4,4.09,,FR1,Poke,Left,756,290,551,,2,FR1
2024-08-01 03:08:17,4,4.09,1.0,FR1,Pellet,Left,756,290,552,0.31,2,FR1
2024-08-01 03:48:28,4,4.1,,FR1,Poke,Left,757,290,552,,2,FR1
2024-08-01 03:48:30,4,4.09,1.0,FR1,Pellet,Left,757,290,553,1.13,2,FR1
2024-08-01 03:52:45,4,4.09,,FR1,Poke,Left,758,290,553,,2,FR1
2024-08-01 03:52:50,4,4.09,1.0,FR1,Pellet,Left,758,290,554,4.12,2,FR1
2024-08-01 03:53:28,4,4.09,,FR1,Poke,Left,758,291,554,,2,FR1
2024-08-01 03:53:33,4,4.09,,FR1,Poke,Left,759,291,554,,2,FR1
2024-08-01 03:53:34,4,4.09,1.0,FR1,Pellet,Left,759,291,555,0.31,2,FR1
2024-08-01 03:54:10,4,4.1,,FR1,Poke,Left,760,291,555,,2,FR1
2024-08-01 03:54:38,4,4.09,,FR1,Poke,Left,760,292,555,,2,FR1
2024-08-01 03:57:33,4,4.09,1.0,FR1,Pellet,Left,760,292,556,,2,FR1
2024-08-01 03:57:56,4,4.09,,FR1,Poke,Left,761,292,556,,2,FR1
2024-08-01 03:57:57,4,4.09,1.0,FR1,Pellet,Left,761,292,557,0.18,2,FR1
2024-08-01 04:00:09,4,4.1,,FR1,Poke,Left,762,292,557,,2,FR1
2024-08-01 04:00:13,4,4.09,2.0,FR1,Pellet,Left,762,292,558,1.07,2,FR1
2024-08-01 04:01:15,4,4.09,,FR1,Poke,Left,763,292,558,,2,FR1
2024-08-01 04:01:17,4,4.09,1.0,FR1,Pellet,Left,763,292,559,0.94,2,FR1
2024-08-01 04:01:46,4,4.09,,FR1,Poke,Left,764,292,559,,2,FR1
2024-08-01 04:01:48,4,4.09,1.0,FR1,Pellet,Left,764,292,560,1.13,2,FR1
2024-08-01 04:06:00,4,4.09,,FR1,Poke,Left,765,292,560,,2,FR1
2024-08-01 04:06:10,4,4.09,1.0,FR1,Pellet,Left,765,292,561,9.19,2,FR1
2024-08-01 04:06:50,4,4.09,,FR1,Poke,Left,765,293,561,,2,FR1
2024-08-01 04:06:52,4,4.1,,FR1,Poke,Left,765,294,561,,2,FR1
2024-08-01 04:06:54,4,4.09,,FR1,Poke,Left,765,295,561,,2,FR1
2024-08-01 04:06:55,4,4.1,,FR1,Poke,Left,765,296,561,,2,FR1
2024-08-01 04:06:56,4,4.09,,FR1,Poke,Left,765,297,561,,2,FR1
2024-08-01 04:07:06,4,4.09,,FR1,Poke,Left,765,298,561,,2,FR1
2024-08-01 04:07:13,4,4.09,,FR1,Poke,Left,765,299,561,,2,FR1
2024-08-01 04:07:27,4,4.09,,FR1,Poke,Left,765,300,561,,2,FR1
2024-08-01 04:07:43,4,4.09,,FR1,Poke,Left,765,301,561,,2,FR1
2024-08-01 04:07:51,4,4.09,,FR1,Poke,Left,766,301,561,,2,FR1
2024-08-01 04:07:56,4,4.1,,FR1,Poke,Left,767,301,561,,2,FR1
2024-08-01 04:10:32,4,4.09,1.0,FR1,Pellet,Left,767,301,562,,2,FR1
2024-08-01 04:17:18,4,4.1,,FR1,Poke,Left,767,302,562,,2,FR1
2024-08-01 04:22:04,4,4.09,,FR1,Poke,Left,767,303,562,,2,FR1
2024-08-01 04:23:51,4,4.09,,FR1,Poke,Left,768,303,562,,2,FR1
2024-08-01 04:25:00,4,4.09,1.0,FR1,Pellet,Left,768,303,563,,2,FR1
2024-08-01 04:25:46,4,4.09,,FR1,Poke,Left,769,303,563,,2,FR1
2024-08-01 04:25:52,4,4.09,,FR1,Poke,Left,769,304,563,,2,FR1
2024-08-01 04:26:10,4,4.09,1.0,FR1,Pellet,Left,769,304,564,23.06,2,FR1
2024-08-01 04:26:53,4,4.09,,FR1,Poke,Left,769,305,564,,2,FR1
2024-08-01 04:26:57,4,4.09,,FR1,Poke,Left,769,306,564,,2,FR1
2024-08-01 04:27:00,4,4.09,,FR1,Poke,Left,769,307,564,,2,FR1
2024-08-01 04:27:02,4,4.09,,FR1,Poke,Left,769,308,564,,2,FR1
2024-08-01 04:31:55,4,4.09,,FR1,Poke,Left,769,309,564,,2,FR1
2024-08-01 04:33:29,4,4.09,,FR1,Poke,Left,770,309,564,,2,FR1
2024-08-01 04:35:58,4,4.09,1.0,FR1,Pellet,Left,770,309,565,,2,FR1
2024-08-01 04:40:48,4,4.09,,FR1,Poke,Left,771,309,565,,2,FR1
2024-08-01 04:46:19,4,4.09,,FR1,Poke,Left,772,309,565,,2,FR1
2024-08-01 04:46:45,4,4.09,,FR1,Poke,Left,772,310,565,,2,FR1
2024-08-01 04:46:48,4,4.09,,FR1,Poke,Left,773,310,565,,2,FR1
2024-08-01 04:47:33,4,4.09,,FR1,Poke,Left,774,310,565,,2,FR1
2024-08-01 04:48:06,4,4.09,1.0,FR1,Pellet,Left,774,310,566,,2,FR1
2024-08-01 04:52:34,4,4.09,,FR1,Poke,Left,775,310,566,,2,FR1
2024-08-01 04:52:41,4,4.09,1.0,FR1,Pellet,Left,775,310,567,6.53,2,FR1
2024-08-01 04:56:48,4,4.09,,FR1,Poke,Left,776,310,567,,2,FR1
2024-08-01 04:56:48,4,4.09,,FR1,Poke,Left,777,310,567,,2,FR1
2024-08-01 04:57:04,4,4.09,,FR1,Poke,Left,778,310,567,,2,FR1
2024-08-01 04:57:06,4,4.09,,FR1,Poke,Left,779,310,567,,2,FR1
2024-08-01 04:57:07,4,4.09,,FR1,Poke,Left,780,310,567,,2,FR1
2024-08-01 04:57:10,4,4.09,,FR1,Poke,Left,781,310,567,,2,FR1
2024-08-01 05:12:14,4,4.09,2.0,FR1,Pellet,Left,781,310,568,,2,FR1
2024-08-01 05:18:49,4,4.09,,FR1,Poke,Left,782,310,568,,2,FR1
2024-08-01 05:18:51,4,4.09,1.0,FR1,Pellet,Left,782,310,569,1.01,2,FR1
2024-08-01 05:20:39,4,4.09,,FR1,Poke,Left,782,311,569,,2,FR1
2024-08-01 05:22:06,4,4.09,,FR1,Poke,Left,782,312,569,,2,FR1
2024-08-01 05:22:07,4,4.09,,FR1,Poke,Left,782,313,569,,2,FR1
2024-08-01 05:34:14,4,4.09,,FR1,Poke,Left,783,313,569,,2,FR1
2024-08-01 05:34:18,4,4.09,,FR1,Poke,Left,784,313,569,,2,FR1
2024-08-01 05:34:26,4,4.09,1.0,FR1,Pellet,Left,784,313,570,11.07,2,FR1
2024-08-01 05:34:41,4,4.09,,FR1,Poke,Left,785,313,570,,2,FR1
2024-08-01 05:37:28,4,4.09,1.0,FR1,Pellet,Left,785,313,571,,2,FR1
2024-08-01 05:38:55,4,4.09,,FR1,Poke,Left,786,313,571,,2,FR1
2024-08-01 05:39:17,4,4.09,,FR1,Poke,Left,787,313,571,,2,FR1
2024-08-01 05:39:51,4,4.09,,FR1,Poke,Left,788,313,571,,2,FR1
2024-08-01 05:39:52,4,4.09,,FR1,Poke,Left,789,313,571,,2,FR1
2024-08-01 05:39:54,4,4.09,,FR1,Poke,Left,790,313,571,,2,FR1
2024-08-01 05:39:55,4,4.09,,FR1,Poke,Left,791,313,571,,2,FR1
2024-08-01 05:39:58,4,4.09,,FR1,Poke,Left,792,313,571,,2,FR1
2024-08-01 05:40:02,4,4.09,,FR1,Poke,Left,793,313,571,,2,FR1
2024-08-01 05:40:03,4,4.09,,FR1,Poke,Left,794,313,571,,2,FR1
2024-08-01 05:40:06,4,4.09,,FR1,Poke,Left,794,314,571,,2,FR1
2024-08-01 05:40:07,4,4.09,,FR1,Poke,Left,794,315,571,,2,FR1
2024-08-01 05:40:11,4,4.09,,FR1,Poke,Left,795,315,571,,2,FR1
2024-08-01 05:40:13,4,4.09,,FR1,Poke,Left,796,315,571,,2,FR1
2024-08-01 05:51:16,4,4.09,1.0,FR1,Pellet,Left,796,315,572,,2,FR1
2024-08-01 05:56:40,4,4.09,,FR1,Poke,Left,797,315,572,,2,FR1
2024-08-01 05:56:59,4,4.09,,FR1,Poke,Left,797,316,572,,2,FR1
2024-08-01 05:57:11,4,4.09,,FR1,Poke,Left,797,317,572,,2,FR1
2024-08-01 06:11:50,4,4.09,1.0,FR1,Pellet,Left,797,317,573,,2,FR1
2024-08-01 06:12:16,4,4.09,,FR1,Poke,Left,798,317,573,,2,FR1
2024-08-01 06:12:21,4,4.09,1.0,FR1,Pellet,Left,798,317,574,3.73,2,FR1
2024-08-01 06:12:41,4,4.09,,FR1,Poke,Left,799,317,574,,2,FR1
2024-08-01 06:13:13,4,4.09,2.0,FR1,Pellet,Left,799,317,575,29.25,2,FR1
2024-08-01 06:48:48,4,4.09,,FR1,Poke,Left,800,317,575,,2,FR1
2024-08-01 06:48:49,4,4.09,2.0,FR1,Pellet,Left,800,317,576,0.06,2,FR1
2024-08-01 09:52:29,4,4.08,,FR1,Poke,Left,801,317,576,,2,FR1
2024-08-01 10:21:53,4,4.08,1.0,FR1,Pellet,Left,801,317,577,,2,FR1
2024-08-01 10:45:41,4,4.08,,FR1,Poke,Left,802,317,577,,2,FR1
2024-08-01 10:45:45,4,4.07,,FR1,Poke,Left,803,317,577,,2,FR1
2024-08-01 10:45:45,4,4.07,1.0,FR1,Pellet,Left,803,317,578,1.2,2,FR1
2024-08-01 12:20:48,4,4.07,,FR1,Poke,Left,804,317,578,,2,FR1
2024-08-01 12:20:51,4,4.07,,FR1,Poke,Left,805,317,578,,2,FR1
2024-08-01 12:23:01,4,4.07,3.0,FR1,Pellet,Left,805,317,579,,2,FR1
2024-08-01 12:37:55,4,4.07,,FR1,Poke,Left,805,318,579,,2,FR1
2024-08-01 12:37:59,4,4.07,,FR1,Poke,Left,806,318,579,,2,FR1
2024-08-01 12:38:24,4,4.07,2.0,FR1,Pellet,Left,806,318,580,23.89,2,FR1
2024-08-01 13:27:41,4,4.07,,FR1,Poke,Left,807,318,580,,2,FR1
2024-08-01 13:34:11,4,4.07,3.0,FR1,Pellet,Left,807,318,581,,2,FR1
2024-08-01 13:37:11,4,4.07,,FR1,Poke,Left,808,318,581,,2,FR1
2024-08-01 13:37:23,4,4.07,,FR1,Poke,Left,809,318,581,,2,FR1
2024-08-01 13:43:18,4,4.07,3.0,FR1,Pellet,Left,809,318,582,,2,FR1
2024-08-01 14:00:48,4,4.07,,FR1,Poke,Left,810,318,582,,2,FR1
2024-08-01 14:00:49,4,4.07,1.0,FR1,Pellet,Left,810,318,583,0.44,2,FR1
2024-08-01 16:19:53,4,4.06,,FR1,Poke,Left,811,318,583,,2,FR1
2024-08-01 16:19:54,4,4.07,1.0,FR1,Pellet,Left,811,318,584,0.31,2,FR1
2024-08-01 16:20:14,4,4.07,,FR1,Poke,Left,812,318,584,,2,FR1
2024-08-01 16:20:15,4,4.07,1.0,FR1,Pellet,Left,812,318,585,0.19,2,FR1
2024-08-01 16:20:36,4,4.07,,FR1,Poke,Left,813,318,585,,2,FR1
2024-08-01 16:20:38,4,4.06,1.0,FR1,Pellet,Left,813,318,586,0.5,2,FR1
2024-08-01 16:20:58,4,4.07,,FR1,Poke,Left,814,318,586,,2,FR1
2024-08-01 16:21:00,4,4.07,1.0,FR1,Pellet,Left,814,318,587,0.44,2,FR1
2024-08-01 16:21:30,4,4.06,,FR1,Poke,Left,815,318,587,,2,FR1
2024-08-01 16:21:31,4,4.07,1.0,FR1,Pellet,Left,815,318,588,0.12,2,FR1
2024-08-01 17:36:35,4,4.06,,FR1,Poke,Left,816,318,588,,2,FR1
2024-08-01 17:36:37,4,4.06,1.0,FR1,Pellet,Left,816,318,589,0.25,2,FR1
2024-08-01 17:36:49,4,4.06,,FR1,Poke,Left,817,318,589,,2,FR1
2024-08-01 17:36:50,4,4.06,2.0,FR1,Pellet,Left,817,318,590,0.12,2,FR1
2024-08-01 17:37:13,4,4.06,,FR1,Poke,Left,818,318,590,,2,FR1
2024-08-01 17:37:14,4,4.05,1.0,FR1,Pellet,Left,818,318,591,0.31,2,FR1
2024-08-01 17:37:37,4,4.06,,FR1,Poke,Left,819,318,591,,2,FR1
2024-08-01 17:37:38,4,4.06,1.0,FR1,Pellet,Left,819,318,592,0.12,2,FR1
2024-08-01 17:38:01,4,4.06,,FR1,Poke,Left,820,318,592,,2,FR1
2024-08-01 17:38:19,4,4.06,4.0,FR1,Pellet,Left,820,318,593,12.62,2,FR1
2024-08-01 17:38:43,4,4.06,,FR1,Poke,Left,821,318,593,,2,FR1
2024-08-01 18:05:24,4,4.06,2.0,FR1,Pellet,Left,821,318,594,,2,FR1
2024-08-01 18:05:46,4,4.06,,FR1,Poke,Left,822,318,594,,2,FR1
2024-08-01 18:05:47,4,4.06,1.0,FR1,Pellet,Left,822,318,595,0.75,2,FR1
2024-08-01 18:06:04,4,4.06,,FR1,Poke,Left,823,318,595,,2,FR1
2024-08-01 18:06:05,4,4.05,1.0,FR1,Pellet,Left,823,318,596,0.12,2,FR1
2024-08-01 18:06:20,4,4.06,,FR1,Poke,Left,824,318,596,,2,FR1
2024-08-01 18:06:22,4,4.06,1.0,FR1,Pellet,Left,824,318,597,0.94,2,FR1
2024-08-01 18:07:06,4,4.05,,FR1,Poke,Left,824,319,597,,2,FR1
2024-08-01 18:07:21,4,4.06,,FR1,Poke,Left,824,320,597,,2,FR1
2024-08-01 18:08:36,4,4.05,,FR1,Poke,Left,825,320,597,,2,FR1
2024-08-01 18:15:17,4,4.06,,FR1,Poke,Left,825,321,597,,2,FR1
2024-08-01 18:18:19,4,4.05,1.0,FR1,Pellet,Left,825,321,598,,2,FR1
2024-08-01 18:23:38,4,4.06,,FR1,Poke,Left,826,321,598,,2,FR1
2024-08-01 18:27:48,4,4.06,1.0,FR1,Pellet,Left,826,321,599,,2,FR1
2024-08-01 18:28:50,4,4.06,,FR1,Poke,Left,826,322,599,,2,FR1
2024-08-01 18:28:53,4,4.05,,FR1,Poke,Left,827,322,599,,2,FR1
2024-08-01 18:28:54,4,4.06,1.0,FR1,Pellet,Left,827,322,600,0.25,2,FR1
2024-08-01 18:30:00,4,4.06,,FR1,Poke,Left,828,322,600,,2,FR1
2024-08-01 18:33:11,4,4.05,1.0,FR1,Pellet,Left,828,322,601,,2,FR1
2024-08-01 18:33:33,4,4.05,,FR1,Poke,Left,829,322,601,,2,FR1
2024-08-01 18:33:34,4,4.06,1.0,FR1,Pellet,Left,829,322,602,0.19,2,FR1
2024-08-01 18:34:47,4,4.05,,FR1,Poke,Left,830,322,602,,2,FR1
2024-08-01 18:38:21,4,4.05,,FR1,Poke,Left,831,322,602,,2,FR1
2024-08-01 18:59:48,4,4.06,1.0,FR1,Pellet,Left,831,322,603,,2,FR1
2024-08-01 19:00:20,4,4.06,,FR1,Poke,Left,832,322,603,,2,FR1
2024-08-01 19:00:22,4,4.06,1.0,FR1,Pellet,Left,832,322,604,0.25,2,FR1
2024-08-01 19:00:35,4,4.06,,FR1,Poke,Left,833,322,604,,2,FR1
2024-08-01 19:00:36,4,4.05,1.0,FR1,Pellet,Left,833,322,605,0.12,2,FR1
2024-08-01 19:00:55,4,4.05,,FR1,Poke,Left,834,322,605,,2,FR1
2024-08-01 19:00:56,4,4.06,1.0,FR1,Pellet,Left,834,322,606,0.06,2,FR1
2024-08-01 19:01:13,4,4.06,,FR1,Poke,Left,835,322,606,,2,FR1
2024-08-01 19:01:27,4,4.06,2.0,FR1,Pellet,Left,835,322,607,10.78,2,FR1
2024-08-01 19:01:51,4,4.06,,FR1,Poke,Left,836,322,607,,2,FR1
2024-08-01 19:01:52,4,4.05,1.0,FR1,Pellet,Left,836,322,608,0.25,2,FR1
2024-08-01 19:09:53,4,4.06,,FR1,Poke,Left,836,323,608,,2,FR1
2024-08-01 19:19:11,4,4.06,,FR1,Poke,Left,837,323,608,,2,FR1
2024-08-01 19:19:59,4,4.05,1.0,FR1,Pellet,Left,837,323,609,46.96,2,FR1
2024-08-01 19:24:54,4,4.05,,FR1,Poke,Left,838,323,609,,2,FR1
2024-08-01 19:24:55,4,4.05,,FR1,Poke,Left,839,323,609,,2,FR1
2024-08-01 19:24:58,4,4.05,2.0,FR1,Pellet,Left,839,323,610,0.44,2,FR1
2024-08-01 19:30:14,4,4.06,,FR1,Poke,Left,840,323,610,,2,FR1
2024-08-01 19:30:15,4,4.05,2.0,FR1,Pellet,Left,840,323,611,0.06,2,FR1
2024-08-01 19:30:48,4,4.06,,FR1,Poke,Left,841,323,611,,2,FR1
2024-08-01 19:30:50,4,4.05,1.0,FR1,Pellet,Left,841,323,612,1.58,2,FR1
2024-08-01 19:31:48,4,4.05,,FR1,Poke,Left,841,324,612,,2,FR1
2024-08-01 19:40:38,4,4.06,,FR1,Poke,Left,842,324,612,,2,FR1
2024-08-01 19:40:42,4,4.06,2.0,FR1,Pellet,Left,842,324,613,2.97,2,FR1
2024-08-01 19:41:13,4,4.05,,FR1,Poke,Left,843,324,613,,2,FR1
2024-08-01 19:41:37,4,4.05,1.0,FR1,Pellet,Left,843,324,614,22.67,2,FR1
2024-08-01 20:24:41,4,4.05,,FR1,Poke,Left,844,324,614,,2,FR1
2024-08-01 20:24:42,4,4.05,1.0,FR1,Pellet,Left,844,324,615,0.25,2,FR1
2024-08-01 20:25:01,4,4.06,,FR1,Poke,Left,845,324,615,,2,FR1
2024-08-01 20:25:03,4,4.05,1.0,FR1,Pellet,Left,845,324,616,0.18,2,FR1
2024-08-01 20:25:20,4,4.05,,FR1,Poke,Left,846,324,616,,2,FR1
2024-08-01 20:25:21,4,4.05,2.0,FR1,Pellet,Left,846,324,617,0.06,2,FR1
2024-08-01 20:25:49,4,4.05,,FR1,Poke,Left,847,324,617,,2,FR1
2024-08-01 20:25:50,4,4.05,1.0,FR1,Pellet,Left,847,324,618,0.25,2,FR1
2024-08-01 20:26:14,4,4.05,,FR1,Poke,Left,848,324,618,,2,FR1
2024-08-01 20:26:15,4,4.05,2.0,FR1,Pellet,Left,848,324,619,0.06,2,FR1
2024-08-01 20:28:05,4,4.05,,FR1,Poke,Left,849,324,619,,2,FR1
2024-08-01 20:56:30,4,4.05,1.0,FR1,Pellet,Left,849,324,620,,2,FR1
2024-08-01 20:56:59,4,4.05,,FR1,Poke,Left,850,324,620,,2,FR1
2024-08-01 20:57:00,4,4.05,1.0,FR1,Pellet,Left,850,324,621,0.06,2,FR1
2024-08-01 20:57:17,4,4.05,,FR1,Poke,Left,851,324,621,,2,FR1
2024-08-01 20:57:18,4,4.05,1.0,FR1,Pellet,Left,851,324,622,0.25,2,FR1
2024-08-01 20:57:37,4,4.05,,FR1,Poke,Left,852,324,622,,2,FR1
2024-08-01 20:57:38,4,4.05,1.0,FR1,Pellet,Left,852,324,623,0.12,2,FR1
2024-08-01 20:58:01,4,4.06,,FR1,Poke,Left,853,324,623,,2,FR1
2024-08-01 20:58:02,4,4.05,1.0,FR1,Pellet,Left,853,324,624,0.06,2,FR1
2024-08-01 21:27:39,4,4.05,,FR1,Poke,Left,854,324,624,,2,FR1
2024-08-01 21:27:40,4,4.05,1.0,FR1,Pellet,Left,854,324,625,0.25,2,FR1
2024-08-01 21:28:01,4,4.05,,FR1,Poke,Left,855,324,625,,2,FR1
2024-08-01 21:28:02,4,4.05,1.0,FR1,Pellet,Left,855,324,626,0.12,2,FR1
2024-08-01 21:28:30,4,4.05,,FR1,Poke,Left,856,324,626,,2,FR1
2024-08-01 21:28:31,4,4.05,1.0,FR1,Pellet,Left,856,324,627,0.12,2,FR1
2024-08-01 21:57:36,4,4.05,,FR1,Poke,Left,857,324,627,,2,FR1
2024-08-01 21:57:37,4,4.05,,FR1,Poke,Left,858,324,627,,2,FR1
2024-08-01 21:57:40,4,4.05,2.0,FR1,Pellet,Left,858,324,628,0.25,2,FR1
2024-08-01 21:59:14,4,4.05,,FR1,Poke,Left,858,325,628,,2,FR1
2024-08-01 21:59:15,4,4.05,,FR1,Poke,Left,858,326,628,,2,FR1
2024-08-01 21:59:17,4,4.05,,FR1,Poke,Left,858,327,628,,2,FR1
2024-08-01 22:01:00,4,4.05,,FR1,Poke,Left,858,328,628,,2,FR1
2024-08-01 22:02:03,4,4.05,,FR1,Poke,Left,859,328,628,,2,FR1
2024-08-01 22:02:04,4,4.05,1.0,FR1,Pellet,Left,859,328,629,0.12,2,FR1
2024-08-01 22:02:31,4,4.05,,FR1,Poke,Left,860,328,629,,2,FR1
2024-08-01 22:02:32,4,4.05,2.0,FR1,Pellet,Left,860,328,630,0.19,2,FR1
2024-08-01 22:02:47,4,4.05,,FR1,Poke,Left,861,328,630,,2,FR1
2024-08-01 22:02:49,4,4.05,2.0,FR1,Pellet,Left,861,328,631,0.12,2,FR1
2024-08-01 22:03:04,4,4.05,,FR1,Poke,Left,862,328,631,,2,FR1
2024-08-01 22:03:16,4,4.05,2.0,FR1,Pellet,Left,862,328,632,11.11,2,FR1
2024-08-01 22:06:14,4,4.05,,FR1,Poke,Left,863,328,632,,2,FR1
2024-08-01 22:06:38,4,4.05,,FR1,Poke,Left,863,329,632,,2,FR1
2024-08-01 22:06:40,4,4.05,2.0,FR1,Pellet,Left,863,329,633,25.07,2,FR1
2024-08-01 22:12:53,4,4.05,,FR1,Poke,Left,864,329,633,,2,FR1
2024-08-01 22:13:24,4,4.05,2.0,FR1,Pellet,Left,864,329,634,30.15,2,FR1
2024-08-01 22:17:23,4,4.05,,FR1,Poke,Left,865,329,634,,2,FR1
2024-08-01 22:21:36,4,4.05,1.0,FR1,Pellet,Left,865,329,635,,2,FR1
2024-08-01 22:22:20,4,4.05,,FR1,Poke,Left,866,329,635,,2,FR1
2024-08-01 22:22:20,4,4.05,,FR1,Poke,Left,867,329,635,,2,FR1
2024-08-01 22:22:24,4,4.05,3.0,FR1,Pellet,Left,867,329,636,0.31,2,FR1
2024-08-01 22:22:49,4,4.05,,FR1,Poke,Left,868,329,636,,2,FR1
2024-08-01 22:22:56,4,4.05,1.0,FR1,Pellet,Left,868,329,637,5.64,2,FR1
2024-08-01 22:23:48,4,4.05,,FR1,Poke,Left,869,329,637,,2,FR1
2024-08-01 22:23:49,4,4.05,1.0,FR1,Pellet,Left,869,329,638,0.5,2,FR1
2024-08-01 23:24:12,4,4.05,,FR1,Poke,Left,870,329,638,,2,FR1
2024-08-01 23:24:14,4,4.05,2.0,FR1,Pellet,Left,870,329,639,0.06,2,FR1
2024-08-01 23:25:37,4,4.05,,FR1,Poke,Left,871,329,639,,2,FR1
2024-08-01 23:29:27,4,4.05,1.0,FR1,Pellet,Left,871,329,640,,2,FR1
2024-08-01 23:30:01,4,4.05,,FR1,Poke,Left,872,329,640,,2,FR1
2024-08-01 23:30:02,4,4.05,1.0,FR1,Pellet,Left,872,329,641,0.44,2,FR1
2024-08-01 23:30:30,4,4.04,,FR1,Poke,Left,873,329,641,,2,FR1
2024-08-01 23:33:21,4,4.05,1.0,FR1,Pellet,Left,873,329,642,,2,FR1
2024-08-01 23:34:51,4,4.04,,FR1,Poke,Left,874,329,642,,2,FR1
2024-08-01 23:34:55,4,4.05,1.0,FR1,Pellet,Left,874,329,643,2.72,2,FR1
2024-08-02 00:05:45,4,4.05,,FR1,Poke,Left,875,329,643,,2,FR1
2024-08-02 00:05:46,4,4.04,1.0,FR1,Pellet,Left,875,329,644,0.56,2,FR1
2024-08-02 00:06:20,4,4.05,,FR1,Poke,Left,876,329,644,,2,FR1
2024-08-02 00:06:23,4,4.05,1.0,FR1,Pellet,Left,876,329,645,1.77,2,FR1
2024-08-02 00:06:45,4,4.05,,FR1,Poke,Left,877,329,645,,2,FR1
2024-08-02 00:06:46,4,4.04,1.0,FR1,Pellet,Left,877,329,646,0.19,2,FR1
2024-08-02 00:16:08,4,4.05,,FR1,Poke,Left,878,329,646,,2,FR1
2024-08-02 00:17:36,4,4.04,2.0,FR1,Pellet,Left,878,329,647,,2,FR1
2024-08-02 00:18:06,4,4.04,,FR1,Poke,Left,879,329,647,,2,FR1
2024-08-02 00:41:51,4,4.04,1.0,FR1,Pellet,Left,879,329,648,,2,FR1
2024-08-02 00:43:10,4,4.05,,FR1,Poke,Left,880,329,648,,2,FR1
2024-08-02 00:43:12,4,4.04,2.0,FR1,Pellet,Left,880,329,649,0.19,2,FR1
2024-08-02 00:43:39,4,4.04,,FR1,Poke,Left,881,329,649,,2,FR1
2024-08-02 00:43:40,4,4.05,,FR1,Poke,Left,882,329,649,,2,FR1
2024-08-02 00:43:49,4,4.04,2.0,FR1,Pellet,Left,882,329,650,6.02,2,FR1
2024-08-02 00:45:33,4,4.05,,FR1,Poke,Left,882,330,650,,2,FR1
2024-08-02 00:45:40,4,4.05,,FR1,Poke,Left,883,330,650,,2,FR1
2024-08-02 00:45:42,4,4.04,1.0,FR1,Pellet,Left,883,330,651,1.77,2,FR1
2024-08-02 00:46:00,4,4.04,,FR1,Poke,Left,884,330,651,,2,FR1
2024-08-02 00:46:01,4,4.04,1.0,FR1,Pellet,Left,884,330,652,0.06,2,FR1
2024-08-02 00:46:36,4,4.04,,FR1,Poke,Left,885,330,652,,2,FR1
2024-08-02 00:46:37,4,4.04,2.0,FR1,Pellet,Left,885,330,653,0.12,2,FR1
2024-08-02 00:47:17,4,4.05,,FR1,Poke,Left,886,330,653,,2,FR1
2024-08-02 00:47:18,4,4.04,1.0,FR1,Pellet,Left,886,330,654,0.5,2,FR1
2024-08-02 00:50:43,4,4.04,,FR1,Poke,Left,887,330,654,,2,FR1
2024-08-02 00:50:57,4,4.05,,FR1,Poke,Left,888,330,654,,2,FR1
2024-08-02 00:54:58,4,4.04,,FR1,Poke,Left,888,331,654,,2,FR1
2024-08-02 01:03:19,4,4.04,2.0,FR1,Pellet,Left,888,331,655,,2,FR1
2024-08-02 01:03:48,4,4.05,,FR1,Poke,Left,889,331,655,,2,FR1
2024-08-02 01:03:50,4,4.05,1.0,FR1,Pellet,Left,889,331,656,1.07,2,FR1
2024-08-02 01:04:10,4,4.05,,FR1,Poke,Left,890,331,656,,2,FR1
2024-08-02 01:04:11,4,4.04,2.0,FR1,Pellet,Left,890,331,657,0.06,2,FR1
2024-08-02 01:07:24,4,4.04,,FR1,Poke,Left,891,331,657,,2,FR1
2024-08-02 01:17:47,4,4.04,,FR1,Poke,Left,892,331,657,,2,FR1
2024-08-02 01:20:08,4,4.05,1.0,FR1,Pellet,Left,892,331,658,,2,FR1
2024-08-02 01:22:01,4,4.04,,FR1,Poke,Left,893,331,658,,2,FR1
2024-08-02 01:22:03,4,4.04,1.0,FR1,Pellet,Left,893,331,659,0.82,2,FR1
2024-08-02 01:28:27,4,4.04,,FR1,Poke,Left,894,331,659,,2,FR1
2024-08-02 01:28:32,4,4.04,,FR1,Poke,Left,894,332,659,,2,FR1
2024-08-02 01:30:32,4,4.04,1.0,FR1,Pellet,Left,894,332,660,,2,FR1
2024-08-02 01:31:16,4,4.04,,FR1,Poke,Left,895,332,660,,2,FR1
2024-08-02 01:31:52,4,4.04,,FR1,Poke,Left,895,333,660,,2,FR1
2024-08-02 01:32:14,4,4.04,,FR1,Poke,Left,895,334,660,,2,FR1
2024-08-02 01:32:50,4,4.04,,FR1,Poke,Left,896,334,660,,2,FR1
2024-08-02 01:32:51,4,4.04,,FR1,Poke,Left,897,334,660,,2,FR1
2024-08-02 01:44:03,4,4.04,2.0,FR1,Pellet,Left,897,334,661,,2,FR1
2024-08-02 02:12:02,4,4.04,,FR1,Poke,Left,898,334,661,,2,FR1
2024-08-02 02:12:04,4,4.03,1.0,FR1,Pellet,Left,898,334,662,0.37,2,FR1
2024-08-02 02:30:55,4,4.04,,FR1,Poke,Left,899,334,662,,2,FR1
2024-08-02 02:30:57,4,4.03,1.0,FR1,Pellet,Left,899,334,663,0.88,2,FR1
2024-08-02 02:31:30,4,4.04,,FR1,Poke,Left,900,334,663,,2,FR1
2024-08-02 02:31:31,4,4.03,1.0,FR1,Pellet,Left,900,334,664,0.19,2,FR1
2024-08-02 02:36:02,4,4.04,,FR1,Poke,Left,901,334,664,,2,FR1
2024-08-02 02:36:03,4,4.04,,FR1,Poke,Left,902,334,664,,2,FR1
2024-08-02 02:38:50,4,4.03,2.0,FR1,Pellet,Left,902,334,665,,2,FR1
2024-08-02 03:04:40,4,4.04,,FR1,Poke,Left,903,334,665,,2,FR1
2024-08-02 03:04:42,4,4.03,1.0,FR1,Pellet,Left,903,334,666,1.07,2,FR1
2024-08-02 03:14:54,4,4.03,,FR1,Poke,Left,904,334,666,,2,FR1
2024-08-02 03:15:28,4,4.03,,FR1,Poke,Left,905,334,666,,2,FR1
2024-08-02 03:15:41,4,4.03,1.0,FR1,Pellet,Left,905,334,667,46.2,2,FR1
2024-08-02 03:18:04,4,4.03,,FR1,Poke,Left,905,335,667,,2,FR1
2024-08-02 03:33:44,4,4.03,,FR1,Poke,Left,906,335,667,,2,FR1
2024-08-02 03:33:45,4,4.03,,FR1,Poke,Left,907,335,667,,2,FR1
2024-08-02 03:33:49,4,4.03,,FR1,Poke,Left,908,335,667,,2,FR1
2024-08-02 03:40:31,4,4.03,2.0,FR1,Pellet,Left,908,335,668,,2,FR1
2024-08-02 03:40:53,4,4.03,,FR1,Poke,Left,909,335,668,,2,FR1
2024-08-02 03:40:56,4,4.04,1.0,FR1,Pellet,Left,909,335,669,1.2,2,FR1
2024-08-02 03:44:45,4,4.03,,FR1,Poke,Left,909,336,669,,2,FR1
2024-08-02 03:45:05,4,4.03,,FR1,Poke,Left,910,336,669,,2,FR1
2024-08-02 03:45:09,4,4.03,,FR1,Poke,Left,910,337,669,,2,FR1
2024-08-02 03:45:11,4,4.03,,FR1,Poke,Left,910,338,669,,2,FR1
2024-08-02 03:46:19,4,4.03,1.0,FR1,Pellet,Left,910,338,670,,2,FR1
2024-08-02 03:49:01,4,4.03,,FR1,Poke,Left,911,338,670,,2,FR1
2024-08-02 03:49:34,4,4.03,,FR1,Poke,Left,912,338,670,,2,FR1
2024-08-02 03:50:09,4,4.03,1.0,FR1,Pellet,Left,912,338,671,,2,FR1
2024-08-02 03:53:56,4,4.03,,FR1,Poke,Left,913,338,671,,2,FR1
2024-08-02 03:54:47,4,4.03,,FR1,Poke,Left,914,338,671,,2,FR1
2024-08-02 03:54:59,4,4.03,1.0,FR1,Pellet,Left,914,338,672,,2,FR1
2024-08-02 04:01:32,4,4.03,,FR1,Poke,Left,915,338,672,,2,FR1
2024-08-02 04:01:36,4,4.03,1.0,FR1,Pellet,Left,915,338,673,2.59,2,FR1
2024-08-02 04:02:12,4,4.03,,FR1,Poke,Left,916,338,673,,2,FR1
2024-08-02 04:11:05,4,4.03,2.0,FR1,Pellet,Left,916,338,674,,2,FR1
2024-08-02 04:24:39,4,4.03,,FR1,Poke,Left,917,338,674,,2,FR1
2024-08-02 04:25:09,4,4.03,1.0,FR1,Pellet,Left,917,338,675,29.27,2,FR1
2024-08-02 04:26:25,4,4.03,,FR1,Poke,Left,917,339,675,,2,FR1
2024-08-02 04:26:45,4,4.03,,FR1,Poke,Left,918,339,675,,2,FR1
2024-08-02 04:26:47,4,4.03,2.0,FR1,Pellet,Left,918,339,676,0.06,2,FR1
2024-08-02 04:27:14,4,4.03,,FR1,Poke,Left,918,340,676,,2,FR1
2024-08-02 04:50:03,4,4.03,,FR1,Poke,Left,919,340,676,,2,FR1
2024-08-02 04:50:04,4,4.03,1.0,FR1,Pellet,Left,919,340,677,0.25,2,FR1
2024-08-02 04:58:55,4,4.03,,FR1,Poke,Left,920,340,677,,2,FR1
2024-08-02 04:59:00,4,4.03,2.0,FR1,Pellet,Left,920,340,678,3.68,2,FR1
2024-08-02 05:00:27,4,4.03,,FR1,Poke,Left,920,341,678,,2,FR1
2024-08-02 05:00:30,4,4.03,,FR1,Poke,Left,921,341,678,,2,FR1
2024-08-02 05:00:33,4,4.03,1.0,FR1,Pellet,Left,921,341,679,2.47,2,FR1
2024-08-02 05:02:07,4,4.03,,FR1,Poke,Left,922,341,679,,2,FR1
2024-08-02 05:02:09,4,4.03,1.0,FR1,Pellet,Left,922,341,680,1.7,2,FR1
2024-08-02 05:02:37,4,4.03,,FR1,Poke,Left,923,341,680,,2,FR1
2024-08-02 05:18:36,4,4.03,,FR1,Poke,Left,923,342,680,,2,FR1
2024-08-02 05:35:34,4,4.03,1.0,FR1,Pellet,Left,923,342,681,,2,FR1
2024-08-02 05:36:35,4,4.03,,FR1,Poke,Left,924,342,681,,2,FR1
2024-08-02 05:36:36,4,4.03,1.0,FR1,Pellet,Left,924,342,682,0.31,2,FR1
2024-08-02 05:37:22,4,4.03,,FR1,Poke,Left,925,342,682,,2,FR1
2024-08-02 05:37:23,4,4.03,1.0,FR1,Pellet,Left,925,342,683,0.19,2,FR1
2024-08-02 05:51:18,4,4.03,,FR1,Poke,Left,925,343,683,,2,FR1
2024-08-02 05:52:45,4,4.03,,FR1,Poke,Left,926,343,683,,2,FR1
2024-08-02 05:52:48,4,4.03,,FR1,Poke,Left,926,344,683,,2,FR1
2024-08-02 05:54:06,4,4.03,2.0,FR1,Pellet,Left,926,344,684,,2,FR1
2024-08-02 05:56:48,4,4.03,,FR1,Poke,Left,926,345,684,,2,FR1
2024-08-02 05:57:18,4,4.03,,FR1,Poke,Left,927,345,684,,2,FR1
2024-08-02 05:57:20,4,4.03,,FR1,Poke,Left,928,345,684,,2,FR1
2024-08-02 05:58:44,4,4.03,2.0,FR1,Pellet,Left,928,345,685,,2,FR1
2024-08-02 06:14:54,4,4.03,,FR1,Poke,Left,929,345,685,,2,FR1
2024-08-02 06:14:57,4,4.03,1.0,FR1,Pellet,Left,929,345,686,2.85,2,FR1
2024-08-02 06:15:32,4,4.03,,FR1,Poke,Left,930,345,686,,2,FR1
2024-08-02 06:15:34,4,4.03,2.0,FR1,Pellet,Left,930,345,687,0.25,2,FR1
2024-08-02 06:33:26,4,4.03,,FR1,Poke,Left,931,345,687,,2,FR1
2024-08-02 06:33:46,4,4.03,1.0,FR1,Pellet,Left,931,345,688,18.76,2,FR1
2024-08-02 06:34:16,4,4.03,,FR1,Poke,Left,931,346,688,,2,FR1
2024-08-02 09:15:31,4,4.02,,FR1,Poke,Left,932,346,688,,2,FR1
2024-08-02 09:15:32,4,4.03,1.0,FR1,Pellet,Left,932,346,689,0.63,2,FR1
2024-08-02 09:15:58,4,4.02,,FR1,Poke,Left,933,346,689,,2,FR1
2024-08-02 09:15:59,4,4.02,1.0,FR1,Pellet,Left,933,346,690,0.19,2,FR1
2024-08-02 09:16:36,4,4.03,,FR1,Poke,Left,934,346,690,,2,FR1
2024-08-02 09:16:37,4,4.02,2.0,FR1,Pellet,Left,934,346,691,0.06,2,FR1
2024-08-02 09:17:09,4,4.02,,FR1,Poke,Left,935,346,691,,2,FR1
2024-08-02 09:17:10,4,4.02,1.0,FR1,Pellet,Left,935,346,692,0.06,2,FR1
2024-08-02 09:18:15,4,4.02,,FR1,Poke,Left,936,346,692,,2,FR1
2024-08-02 09:18:17,4,4.02,1.0,FR1,Pellet,Left,936,346,693,0.75,2,FR1
2024-08-02 10:25:23,4,4.02,,FR1,Poke,Left,937,346,693,,2,FR1
2024-08-02 10:25:24,4,4.02,1.0,FR1,Pellet,Left,937,346,694,0.37,2,FR1
2024-08-02 10:25:47,4,4.02,,FR1,Poke,Left,938,346,694,,2,FR1
2024-08-02 10:25:48,4,4.02,2.0,FR1,Pellet,Left,938,346,695,0.06,2,FR1
2024-08-02 12:01:57,4,4.02,,FR1,Poke,Left,939,346,695,,2,FR1
2024-08-02 12:01:58,4,4.01,1.0,FR1,Pellet,Left,939,346,696,0.31,2,FR1
2024-08-02 12:02:17,4,4.02,,FR1,Poke,Left,940,346,696,,2,FR1
2024-08-02 12:02:18,4,4.02,1.0,FR1,Pellet,Left,940,346,697,0.06,2,FR1
2024-08-02 12:02:48,4,4.02,,FR1,Poke,Left,941,346,697,,2,FR1
2024-08-02 12:02:49,4,4.02,1.0,FR1,Pellet,Left,941,346,698,0.12,2,FR1
2024-08-02 12:03:17,4,4.02,,FR1,Poke,Left,942,346,698,,2,FR1
2024-08-02 12:03:18,4,4.01,1.0,FR1,Pellet,Left,942,346,699,0.06,2,FR1
2024-08-02 13:34:58,4,4.02,,FR1,Poke,Left,943,346,699,,2,FR1
2024-08-02 13:34:59,4,4.02,1.0,FR1,Pellet,Left,943,346,700,0.19,2,FR1
2024-08-02 13:35:19,4,4.02,,FR1,Poke,Left,944,346,700,,2,FR1
2024-08-02 13:35:19,4,4.01,1.0,FR1,Pellet,Left,944,346,701,0.12,2,FR1
2024-08-02 13:35:44,4,4.02,,FR1,Poke,Left,945,346,701,,2,FR1
2024-08-02 13:35:45,4,4.02,1.0,FR1,Pellet,Left,945,346,702,0.06,2,FR1
2024-08-02 13:36:14,4,4.01,,FR1,Poke,Left,946,346,702,,2,FR1
2024-08-02 13:36:15,4,4.02,1.0,FR1,Pellet,Left,946,346,703,0.06,2,FR1
2024-08-02 13:36:35,4,4.02,,FR1,Poke,Left,947,346,703,,2,FR1
2024-08-02 13:36:36,4,4.02,1.0,FR1,Pellet,Left,947,346,704,0.12,2,FR1
2024-08-02 15:48:02,4,4.01,,FR1,Poke,Left,948,346,704,,2,FR1
2024-08-02 15:48:03,4,4.0,2.0,FR1,Pellet,Left,948,346,705,0.06,2,FR1
2024-08-02 15:48:25,4,4.01,,FR1,Poke,Left,949,346,705,,2,FR1
2024-08-02 15:48:26,4,4.01,1.0,FR1,Pellet,Left,949,346,706,0.12,2,FR1
2024-08-02 15:48:43,4,4.01,,FR1,Poke,Left,950,346,706,,2,FR1
2024-08-02 15:48:44,4,4.01,1.0,FR1,Pellet,Left,950,346,707,0.19,2,FR1
2024-08-02 15:49:05,4,4.0,,FR1,Poke,Left,951,346,707,,2,FR1
2024-08-02 15:49:06,4,4.01,1.0,FR1,Pellet,Left,951,346,708,0.25,2,FR1
2024-08-02 15:49:35,4,4.01,,FR1,Poke,Left,952,346,708,,2,FR1
2024-08-02 15:49:36,4,4.0,2.0,FR1,Pellet,Left,952,346,709,0.06,2,FR1
2024-08-02 15:50:02,4,4.01,,FR1,Poke,Left,953,346,709,,2,FR1
2024-08-02 15:50:03,4,4.01,1.0,FR1,Pellet,Left,953,346,710,0.12,2,FR1
