Interval,Filename,Task
25.0,FED004_FR1concat.csv,FR1
27.0,FED004_FR1concat.csv,FR1
28.0,FED004_FR1concat.csv,FR1
28.0,FED004_FR1concat.csv,FR1
2743.0,FED004_FR1concat.csv,FR1
22.0,FED004_FR1concat.csv,FR1
20.0,FED004_FR1concat.csv,FR1
28.0,FED004_FR1concat.csv,FR1
28.0,FED004_FR1concat.csv,FR1
48.0,FED004_FR1concat.csv,FR1
1268.0,FED004_FR1concat.csv,FR1
25.0,FED004_FR1concat.csv,FR1
1015.0,FED004_FR1concat.csv,FR1
454.0,FED004_FR1concat.csv,FR1
33.0,FED004_FR1concat.csv,FR1
117.0,FED004_FR1concat.csv,FR1
213.0,FED004_FR1concat.csv,FR1
609.0,FED004_FR1concat.csv,FR1
606.0,FED004_FR1concat.csv,FR1
44.0,FED004_FR1concat.csv,FR1
37.0,FED004_FR1concat.csv,FR1
493.0,FED004_FR1concat.csv,FR1
173.0,FED004_FR1concat.csv,FR1
427.0,FED004_FR1concat.csv,FR1
29.0,FED004_FR1concat.csv,FR1
183.0,FED004_FR1concat.csv,FR1
306.0,FED004_FR1concat.csv,FR1
76.0,FED004_FR1concat.csv,FR1
74.0,FED004_FR1concat.csv,FR1
947.0,FED004_FR1concat.csv,FR1
409.0,FED004_FR1concat.csv,FR1
367.0,FED004_FR1concat.csv,FR1
104.0,FED004_FR1concat.csv,FR1
24.0,FED004_FR1concat.csv,FR1
675.0,FED004_FR1concat.csv,FR1
1303.0,FED004_FR1concat.csv,FR1
51.0,FED004_FR1concat.csv,FR1
19.0,FED004_FR1concat.csv,FR1
30.0,FED004_FR1concat.csv,FR1
18.0,FED004_FR1concat.csv,FR1
29.0,FED004_FR1concat.csv,FR1
1441.0,FED004_FR1concat.csv,FR1
24.0,FED004_FR1concat.csv,FR1
23.0,FED004_FR1concat.csv,FR1
25.0,FED004_FR1concat.csv,FR1
1224.0,FED004_FR1concat.csv,FR1
27.0,FED004_FR1concat.csv,FR1
809.0,FED004_FR1concat.csv,FR1
991.0,FED004_FR1concat.csv,FR1
39.0,FED004_FR1concat.csv,FR1
256.0,FED004_FR1concat.csv,FR1
1249.0,FED004_FR1concat.csv,FR1
26.0,FED004_FR1concat.csv,FR1
21.0,FED004_FR1concat.csv,FR1
28.0,FED004_FR1concat.csv,FR1
1256.0,FED004_FR1concat.csv,FR1
1283.0,FED004_FR1concat.csv,FR1
442.0,FED004_FR1concat.csv,FR1
59.0,FED004_FR1concat.csv,FR1
34.0,FED004_FR1concat.csv,FR1
783.0,FED004_FR1concat.csv,FR1
50.0,FED004_FR1concat.csv,FR1
432.0,FED004_FR1concat.csv,FR1
132.0,FED004_FR1concat.csv,FR1
710.0,FED004_FR1concat.csv,FR1
77.0,FED004_FR1concat.csv,FR1
295.0,FED004_FR1concat.csv,FR1
924.0,FED004_FR1concat.csv,FR1
172.0,FED004_FR1concat.csv,FR1
19.0,FED004_FR1concat.csv,FR1
381.0,FED004_FR1concat.csv,FR1
750.0,FED004_FR1concat.csv,FR1
168.0,FED004_FR1concat.csv,FR1
440.0,FED004_FR1concat.csv,FR1
1206.0,FED004_FR1concat.csv,FR1
941.0,FED004_FR1concat.csv,FR1
71.0,FED004_FR1concat.csv,FR1
308.0,FED004_FR1concat.csv,FR1
59.0,FED004_FR1concat.csv,FR1
30.0,FED004_FR1concat.csv,FR1
120.0,FED004_FR1concat.csv,FR1
6270.0,FED004_FR1concat.csv,FR1
33.0,FED004_FR1concat.csv,FR1
44.0,FED004_FR1concat.csv,FR1
2413.0,FED004_FR1concat.csv,FR1
260.0,FED004_FR1concat.csv,FR1
44.0,FED004_FR1concat.csv,FR1
239.0,FED004_FR1concat.csv,FR1
24.0,FED004_FR1concat.csv,FR1
136.0,FED004_FR1concat.csv,FR1
64.0,FED004_FR1concat.csv,FR1
31.0,FED004_FR1concat.csv,FR1
262.0,FED004_FR1concat.csv,FR1
262.0,FED004_FR1concat.csv,FR1
868.0,FED004_FR1concat.csv,FR1
70.0,FED004_FR1concat.csv,FR1
588.0,FED004_FR1concat.csv,FR1
728.0,FED004_FR1concat.csv,FR1
275.0,FED004_FR1concat.csv,FR1
1173.0,FED004_FR1concat.csv,FR1
397.0,FED004_FR1concat.csv,FR1
935.0,FED004_FR1concat.csv,FR1
182.0,FED004_FR1concat.csv,FR1
828.0,FED004_FR1concat.csv,FR1
1234.0,FED004_FR1concat.csv,FR1
31.0,FED004_FR1concat.csv,FR1
52.0,FED004_FR1concat.csv,FR1
2136.0,FED004_FR1concat.csv,FR1
12784.0,FED004_FR1concat.csv,FR1
1432.0,FED004_FR1concat.csv,FR1
5836.0,FED004_FR1concat.csv,FR1
923.0,FED004_FR1concat.csv,FR1
3347.0,FED004_FR1concat.csv,FR1
547.0,FED004_FR1concat.csv,FR1
1051.0,FED004_FR1concat.csv,FR1
8345.0,FED004_FR1concat.csv,FR1
21.0,FED004_FR1concat.csv,FR1
23.0,FED004_FR1concat.csv,FR1
22.0,FED004_FR1concat.csv,FR1
31.0,FED004_FR1concat.csv,FR1
4506.0,FED004_FR1concat.csv,FR1
13.0,FED004_FR1concat.csv,FR1
24.0,FED004_FR1concat.csv,FR1
24.0,FED004_FR1concat.csv,FR1
41.0,FED004_FR1concat.csv,FR1
1625.0,FED004_FR1concat.csv,FR1
23.0,FED004_FR1concat.csv,FR1
18.0,FED004_FR1concat.csv,FR1
17.0,FED004_FR1concat.csv,FR1
717.0,FED004_FR1concat.csv,FR1
569.0,FED004_FR1concat.csv,FR1
66.0,FED004_FR1concat.csv,FR1
257.0,FED004_FR1concat.csv,FR1
23.0,FED004_FR1concat.csv,FR1
1574.0,FED004_FR1concat.csv,FR1
34.0,FED004_FR1concat.csv,FR1
14.0,FED004_FR1concat.csv,FR1
20.0,FED004_FR1concat.csv,FR1
31.0,FED004_FR1concat.csv,FR1
25.0,FED004_FR1concat.csv,FR1
1087.0,FED004_FR1concat.csv,FR1
299.0,FED004_FR1concat.csv,FR1
317.0,FED004_FR1concat.csv,FR1
35.0,FED004_FR1concat.csv,FR1
592.0,FED004_FR1concat.csv,FR1
55.0,FED004_FR1concat.csv,FR1
2585.0,FED004_FR1concat.csv,FR1
21.0,FED004_FR1concat.csv,FR1
18.0,FED004_FR1concat.csv,FR1
29.0,FED004_FR1concat.csv,FR1
25.0,FED004_FR1concat.csv,FR1
1815.0,FED004_FR1concat.csv,FR1
30.0,FED004_FR1concat.csv,FR1
18.0,FED004_FR1concat.csv,FR1
20.0,FED004_FR1concat.csv,FR1
24.0,FED004_FR1concat.csv,FR1
1778.0,FED004_FR1concat.csv,FR1
22.0,FED004_FR1concat.csv,FR1
29.0,FED004_FR1concat.csv,FR1
1749.0,FED004_FR1concat.csv,FR1
264.0,FED004_FR1concat.csv,FR1
28.0,FED004_FR1concat.csv,FR1
17.0,FED004_FR1concat.csv,FR1
27.0,FED004_FR1concat.csv,FR1
204.0,FED004_FR1concat.csv,FR1
404.0,FED004_FR1concat.csv,FR1
492.0,FED004_FR1concat.csv,FR1
48.0,FED004_FR1concat.csv,FR1
32.0,FED004_FR1concat.csv,FR1
53.0,FED004_FR1concat.csv,FR1
3625.0,FED004_FR1concat.csv,FR1
313.0,FED004_FR1concat.csv,FR1
35.0,FED004_FR1concat.csv,FR1
199.0,FED004_FR1concat.csv,FR1
94.0,FED004_FR1concat.csv,FR1
1851.0,FED004_FR1concat.csv,FR1
37.0,FED004_FR1concat.csv,FR1
23.0,FED004_FR1concat.csv,FR1
650.0,FED004_FR1concat.csv,FR1
1455.0,FED004_FR1concat.csv,FR1
81.0,FED004_FR1concat.csv,FR1
37.0,FED004_FR1concat.csv,FR1
113.0,FED004_FR1concat.csv,FR1
19.0,FED004_FR1concat.csv,FR1
36.0,FED004_FR1concat.csv,FR1
41.0,FED004_FR1concat.csv,FR1
961.0,FED004_FR1concat.csv,FR1
31.0,FED004_FR1concat.csv,FR1
21.0,FED004_FR1concat.csv,FR1
957.0,FED004_FR1concat.csv,FR1
115.0,FED004_FR1concat.csv,FR1
509.0,FED004_FR1concat.csv,FR1
811.0,FED004_FR1concat.csv,FR1
1681.0,FED004_FR1concat.csv,FR1
1133.0,FED004_FR1concat.csv,FR1
34.0,FED004_FR1concat.csv,FR1
439.0,FED004_FR1concat.csv,FR1
1552.0,FED004_FR1concat.csv,FR1
659.0,FED004_FR1concat.csv,FR1
1490.0,FED004_FR1concat.csv,FR1
25.0,FED004_FR1concat.csv,FR1
323.0,FED004_FR1concat.csv,FR1
230.0,FED004_FR1concat.csv,FR1
290.0,FED004_FR1concat.csv,FR1
397.0,FED004_FR1concat.csv,FR1
569.0,FED004_FR1concat.csv,FR1
844.0,FED004_FR1concat.csv,FR1
98.0,FED004_FR1concat.csv,FR1
1397.0,FED004_FR1concat.csv,FR1
536.0,FED004_FR1concat.csv,FR1
93.0,FED004_FR1concat.csv,FR1
96.0,FED004_FR1concat.csv,FR1
2005.0,FED004_FR1concat.csv,FR1
62.0,FED004_FR1concat.csv,FR1
47.0,FED004_FR1concat.csv,FR1
1003.0,FED004_FR1concat.csv,FR1
278.0,FED004_FR1concat.csv,FR1
973.0,FED004_FR1concat.csv,FR1
37.0,FED004_FR1concat.csv,FR1
1092.0,FED004_FR1concat.csv,FR1
9706.0,FED004_FR1concat.csv,FR1
27.0,FED004_FR1concat.csv,FR1
38.0,FED004_FR1concat.csv,FR1
33.0,FED004_FR1concat.csv,FR1
67.0,FED004_FR1concat.csv,FR1
4027.0,FED004_FR1concat.csv,FR1
24.0,FED004_FR1concat.csv,FR1
5770.0,FED004_FR1concat.csv,FR1
20.0,FED004_FR1concat.csv,FR1
31.0,FED004_FR1concat.csv,FR1
29.0,FED004_FR1concat.csv,FR1
5501.0,FED004_FR1concat.csv,FR1
20.0,FED004_FR1concat.csv,FR1
26.0,FED004_FR1concat.csv,FR1
30.0,FED004_FR1concat.csv,FR1
21.0,FED004_FR1concat.csv,FR1
7887.0,FED004_FR1concat.csv,FR1
23.0,FED004_FR1concat.csv,FR1
18.0,FED004_FR1concat.csv,FR1
22.0,FED004_FR1concat.csv,FR1
30.0,FED004_FR1concat.csv,FR1
27.0,FED004_FR1concat.csv,FR1
15.0,FED003_FR1concat.csv,FR1
19.0,FED003_FR1concat.csv,FR1
30.0,FED003_FR1concat.csv,FR1
30.0,FED003_FR1concat.csv,FR1
2245.0,FED003_FR1concat.csv,FR1
38.0,FED003_FR1concat.csv,FR1
986.0,FED003_FR1concat.csv,FR1
1238.0,FED003_FR1concat.csv,FR1
233.0,FED003_FR1concat.csv,FR1
931.0,FED003_FR1concat.csv,FR1
22.0,FED003_FR1concat.csv,FR1
16.0,FED003_FR1concat.csv,FR1
827.0,FED003_FR1concat.csv,FR1
250.0,FED003_FR1concat.csv,FR1
32.0,FED003_FR1concat.csv,FR1
722.0,FED003_FR1concat.csv,FR1
17.0,FED003_FR1concat.csv,FR1
15.0,FED003_FR1concat.csv,FR1
27.0,FED003_FR1concat.csv,FR1
15.0,FED003_FR1concat.csv,FR1
24.0,FED003_FR1concat.csv,FR1
401.0,FED003_FR1concat.csv,FR1
350.0,FED003_FR1concat.csv,FR1
536.0,FED003_FR1concat.csv,FR1
352.0,FED003_FR1concat.csv,FR1
615.0,FED003_FR1concat.csv,FR1
16.0,FED003_FR1concat.csv,FR1
29.0,FED003_FR1concat.csv,FR1
27.0,FED003_FR1concat.csv,FR1
21.0,FED003_FR1concat.csv,FR1
27.0,FED003_FR1concat.csv,FR1
521.0,FED003_FR1concat.csv,FR1
17.0,FED003_FR1concat.csv,FR1
29.0,FED003_FR1concat.csv,FR1
50.0,FED003_FR1concat.csv,FR1
2003.0,FED003_FR1concat.csv,FR1
25.0,FED003_FR1concat.csv,FR1
17.0,FED003_FR1concat.csv,FR1
22.0,FED003_FR1concat.csv,FR1
18.0,FED003_FR1concat.csv,FR1
491.0,FED003_FR1concat.csv,FR1
19.0,FED003_FR1concat.csv,FR1
48.0,FED003_FR1concat.csv,FR1
636.0,FED003_FR1concat.csv,FR1
936.0,FED003_FR1concat.csv,FR1
220.0,FED003_FR1concat.csv,FR1
1025.0,FED003_FR1concat.csv,FR1
89.0,FED003_FR1concat.csv,FR1
139.0,FED003_FR1concat.csv,FR1
920.0,FED003_FR1concat.csv,FR1
158.0,FED003_FR1concat.csv,FR1
286.0,FED003_FR1concat.csv,FR1
485.0,FED003_FR1concat.csv,FR1
19.0,FED003_FR1concat.csv,FR1
375.0,FED003_FR1concat.csv,FR1
98.0,FED003_FR1concat.csv,FR1
275.0,FED003_FR1concat.csv,FR1
2034.0,FED003_FR1concat.csv,FR1
12.0,FED003_FR1concat.csv,FR1
17.0,FED003_FR1concat.csv,FR1
25.0,FED003_FR1concat.csv,FR1
17.0,FED003_FR1concat.csv,FR1
36.0,FED003_FR1concat.csv,FR1
570.0,FED003_FR1concat.csv,FR1
667.0,FED003_FR1concat.csv,FR1
227.0,FED003_FR1concat.csv,FR1
293.0,FED003_FR1concat.csv,FR1
2231.0,FED003_FR1concat.csv,FR1
76.0,FED003_FR1concat.csv,FR1
15.0,FED003_FR1concat.csv,FR1
18.0,FED003_FR1concat.csv,FR1
17.0,FED003_FR1concat.csv,FR1
19.0,FED003_FR1concat.csv,FR1
19.0,FED003_FR1concat.csv,FR1
1669.0,FED003_FR1concat.csv,FR1
43.0,FED003_FR1concat.csv,FR1
15.0,FED003_FR1concat.csv,FR1
15.0,FED003_FR1concat.csv,FR1
24.0,FED003_FR1concat.csv,FR1
23.0,FED003_FR1concat.csv,FR1
1945.0,FED003_FR1concat.csv,FR1
16.0,FED003_FR1concat.csv,FR1
19.0,FED003_FR1concat.csv,FR1
28.0,FED003_FR1concat.csv,FR1
471.0,FED003_FR1concat.csv,FR1
921.0,FED003_FR1concat.csv,FR1
21.0,FED003_FR1concat.csv,FR1
614.0,FED003_FR1concat.csv,FR1
21.0,FED003_FR1concat.csv,FR1
10.0,FED003_FR1concat.csv,FR1
15.0,FED003_FR1concat.csv,FR1
1200.0,FED003_FR1concat.csv,FR1
635.0,FED003_FR1concat.csv,FR1
2680.0,FED003_FR1concat.csv,FR1
17.0,FED003_FR1concat.csv,FR1
22.0,FED003_FR1concat.csv,FR1
29.0,FED003_FR1concat.csv,FR1
1863.0,FED003_FR1concat.csv,FR1
443.0,FED003_FR1concat.csv,FR1
13.0,FED003_FR1concat.csv,FR1
23.0,FED003_FR1concat.csv,FR1
35.0,FED003_FR1concat.csv,FR1
1661.0,FED003_FR1concat.csv,FR1
24.0,FED003_FR1concat.csv,FR1
666.0,FED003_FR1concat.csv,FR1
398.0,FED003_FR1concat.csv,FR1
656.0,FED003_FR1concat.csv,FR1
19.0,FED003_FR1concat.csv,FR1
27.0,FED003_FR1concat.csv,FR1
3218.0,FED003_FR1concat.csv,FR1
375.0,FED003_FR1concat.csv,FR1
148.0,FED003_FR1concat.csv,FR1
611.0,FED003_FR1concat.csv,FR1
164.0,FED003_FR1concat.csv,FR1
15.0,FED003_FR1concat.csv,FR1
413.0,FED003_FR1concat.csv,FR1
7091.0,FED003_FR1concat.csv,FR1
25.0,FED003_FR1concat.csv,FR1
19.0,FED003_FR1concat.csv,FR1
52.0,FED003_FR1concat.csv,FR1
18.0,FED003_FR1concat.csv,FR1
7130.0,FED003_FR1concat.csv,FR1
29.0,FED003_FR1concat.csv,FR1
35.0,FED003_FR1concat.csv,FR1
970.0,FED003_FR1concat.csv,FR1
5584.0,FED003_FR1concat.csv,FR1
20.0,FED003_FR1concat.csv,FR1
15.0,FED003_FR1concat.csv,FR1
22.0,FED003_FR1concat.csv,FR1
6630.0,FED003_FR1concat.csv,FR1
63.0,FED003_FR1concat.csv,FR1
4385.0,FED003_FR1concat.csv,FR1
28.0,FED003_FR1concat.csv,FR1
13.0,FED003_FR1concat.csv,FR1
18.0,FED003_FR1concat.csv,FR1
19.0,FED003_FR1concat.csv,FR1
11.0,FED003_FR1concat.csv,FR1
294.0,FED003_FR1concat.csv,FR1
36.0,FED003_FR1concat.csv,FR1
8535.0,FED003_FR1concat.csv,FR1
19.0,FED003_FR1concat.csv,FR1
24.0,FED003_FR1concat.csv,FR1
20.0,FED003_FR1concat.csv,FR1
25.0,FED003_FR1concat.csv,FR1
2581.0,FED003_FR1concat.csv,FR1
81.0,FED003_FR1concat.csv,FR1
24.0,FED003_FR1concat.csv,FR1
1062.0,FED003_FR1concat.csv,FR1
60.0,FED003_FR1concat.csv,FR1
118.0,FED003_FR1concat.csv,FR1
442.0,FED003_FR1concat.csv,FR1
181.0,FED003_FR1concat.csv,FR1
200.0,FED003_FR1concat.csv,FR1
103.0,FED003_FR1concat.csv,FR1
696.0,FED003_FR1concat.csv,FR1
22.0,FED003_FR1concat.csv,FR1
519.0,FED003_FR1concat.csv,FR1
18.0,FED003_FR1concat.csv,FR1
34.0,FED003_FR1concat.csv,FR1
20.0,FED003_FR1concat.csv,FR1
29.0,FED003_FR1concat.csv,FR1
200.0,FED003_FR1concat.csv,FR1
779.0,FED003_FR1concat.csv,FR1
652.0,FED003_FR1concat.csv,FR1
17.0,FED003_FR1concat.csv,FR1
31.0,FED003_FR1concat.csv,FR1
24.0,FED003_FR1concat.csv,FR1
596.0,FED003_FR1concat.csv,FR1
771.0,FED003_FR1concat.csv,FR1
62.0,FED003_FR1concat.csv,FR1
458.0,FED003_FR1concat.csv,FR1
667.0,FED003_FR1concat.csv,FR1
15.0,FED003_FR1concat.csv,FR1
14.0,FED003_FR1concat.csv,FR1
17.0,FED003_FR1concat.csv,FR1
20.0,FED003_FR1concat.csv,FR1
26.0,FED003_FR1concat.csv,FR1
828.0,FED003_FR1concat.csv,FR1
42.0,FED003_FR1concat.csv,FR1
18.0,FED003_FR1concat.csv,FR1
22.0,FED003_FR1concat.csv,FR1
41.0,FED003_FR1concat.csv,FR1
931.0,FED003_FR1concat.csv,FR1
12.0,FED003_FR1concat.csv,FR1
17.0,FED003_FR1concat.csv,FR1
20.0,FED003_FR1concat.csv,FR1
20.0,FED003_FR1concat.csv,FR1
20.0,FED003_FR1concat.csv,FR1
628.0,FED003_FR1concat.csv,FR1
269.0,FED003_FR1concat.csv,FR1
592.0,FED003_FR1concat.csv,FR1
1027.0,FED003_FR1concat.csv,FR1
847.0,FED003_FR1concat.csv,FR1
17.0,FED003_FR1concat.csv,FR1
16.0,FED003_FR1concat.csv,FR1
17.0,FED003_FR1concat.csv,FR1
361.0,FED003_FR1concat.csv,FR1
453.0,FED003_FR1concat.csv,FR1
115.0,FED003_FR1concat.csv,FR1
160.0,FED003_FR1concat.csv,FR1
288.0,FED003_FR1concat.csv,FR1
1082.0,FED003_FR1concat.csv,FR1
17.0,FED003_FR1concat.csv,FR1
25.0,FED003_FR1concat.csv,FR1
1515.0,FED003_FR1concat.csv,FR1
15.0,FED003_FR1concat.csv,FR1
16.0,FED003_FR1concat.csv,FR1
21.0,FED003_FR1concat.csv,FR1
22.0,FED003_FR1concat.csv,FR1
56.0,FED003_FR1concat.csv,FR1
2131.0,FED003_FR1concat.csv,FR1
18.0,FED003_FR1concat.csv,FR1
13.0,FED003_FR1concat.csv,FR1
21.0,FED003_FR1concat.csv,FR1
23.0,FED003_FR1concat.csv,FR1
19.0,FED003_FR1concat.csv,FR1
19.0,FED003_FR1concat.csv,FR1
580.0,FED003_FR1concat.csv,FR1
252.0,FED003_FR1concat.csv,FR1
653.0,FED003_FR1concat.csv,FR1
74.0,FED003_FR1concat.csv,FR1
566.0,FED003_FR1concat.csv,FR1
200.0,FED003_FR1concat.csv,FR1
382.0,FED003_FR1concat.csv,FR1
538.0,FED003_FR1concat.csv,FR1
589.0,FED003_FR1concat.csv,FR1
3020.0,FED003_FR1concat.csv,FR1
12.0,FED003_FR1concat.csv,FR1
18.0,FED003_FR1concat.csv,FR1
18.0,FED003_FR1concat.csv,FR1
20.0,FED003_FR1concat.csv,FR1
21.0,FED003_FR1concat.csv,FR1
17.0,FED003_FR1concat.csv,FR1
18.0,FED003_FR1concat.csv,FR1
17.0,FED003_FR1concat.csv,FR1
17.0,FED003_FR1concat.csv,FR1
803.0,FED003_FR1concat.csv,FR1
15.0,FED003_FR1concat.csv,FR1
16.0,FED003_FR1concat.csv,FR1
19.0,FED003_FR1concat.csv,FR1
18.0,FED003_FR1concat.csv,FR1
45.0,FED003_FR1concat.csv,FR1
3050.0,FED003_FR1concat.csv,FR1
350.0,FED003_FR1concat.csv,FR1
191.0,FED003_FR1concat.csv,FR1
315.0,FED003_FR1concat.csv,FR1
27.0,FED003_FR1concat.csv,FR1
209.0,FED003_FR1concat.csv,FR1
180.0,FED003_FR1concat.csv,FR1
3800.0,FED003_FR1concat.csv,FR1
22.0,FED003_FR1concat.csv,FR1
30.0,FED003_FR1concat.csv,FR1
35.0,FED003_FR1concat.csv,FR1
1182.0,FED003_FR1concat.csv,FR1
20.0,FED003_FR1concat.csv,FR1
22.0,FED003_FR1concat.csv,FR1
18.0,FED003_FR1concat.csv,FR1
806.0,FED003_FR1concat.csv,FR1
682.0,FED003_FR1concat.csv,FR1
3001.0,FED003_FR1concat.csv,FR1
49.0,FED003_FR1concat.csv,FR1
17.0,FED003_FR1concat.csv,FR1
17.0,FED003_FR1concat.csv,FR1
22.0,FED003_FR1concat.csv,FR1
1902.0,FED003_FR1concat.csv,FR1
150.0,FED003_FR1concat.csv,FR1
1371.0,FED003_FR1concat.csv,FR1
1038.0,FED003_FR1concat.csv,FR1
7158.0,FED003_FR1concat.csv,FR1
21.0,FED003_FR1concat.csv,FR1
19.0,FED003_FR1concat.csv,FR1
24.0,FED003_FR1concat.csv,FR1
7164.0,FED003_FR1concat.csv,FR1
737.0,FED003_FR1concat.csv,FR1
195.0,FED003_FR1concat.csv,FR1
2063.0,FED003_FR1concat.csv,FR1
9270.0,FED003_FR1concat.csv,FR1
23.0,FED003_FR1concat.csv,FR1
24.0,FED003_FR1concat.csv,FR1
22.0,FED003_FR1concat.csv,FR1
22.0,FED003_FR1concat.csv,FR1
4299.0,FED003_FR1concat.csv,FR1
510.0,FED003_FR1concat.csv,FR1
38.0,FED003_FR1concat.csv,FR1
15.0,FED003_FR1concat.csv,FR1
28.0,FED003_FR1concat.csv,FR1
240.0,FED003_FR1concat.csv,FR1
36.0,FED005_FR1concat.csv,FR1
66.0,FED005_FR1concat.csv,FR1
40.0,FED005_FR1concat.csv,FR1
132.0,FED005_FR1concat.csv,FR1
23.0,FED005_FR1concat.csv,FR1
22.0,FED005_FR1concat.csv,FR1
10369.0,FED005_FR1concat.csv,FR1
23.0,FED005_FR1concat.csv,FR1
230.0,FED005_FR1concat.csv,FR1
59.0,FED005_FR1concat.csv,FR1
3006.0,FED005_FR1concat.csv,FR1
21.0,FED005_FR1concat.csv,FR1
37.0,FED005_FR1concat.csv,FR1
31.0,FED005_FR1concat.csv,FR1
1225.0,FED005_FR1concat.csv,FR1
21.0,FED005_FR1concat.csv,FR1
295.0,FED005_FR1concat.csv,FR1
406.0,FED005_FR1concat.csv,FR1
272.0,FED005_FR1concat.csv,FR1
192.0,FED005_FR1concat.csv,FR1
280.0,FED005_FR1concat.csv,FR1
67.0,FED005_FR1concat.csv,FR1
943.0,FED005_FR1concat.csv,FR1
27.0,FED005_FR1concat.csv,FR1
20.0,FED005_FR1concat.csv,FR1
45.0,FED005_FR1concat.csv,FR1
889.0,FED005_FR1concat.csv,FR1
26.0,FED005_FR1concat.csv,FR1
1120.0,FED005_FR1concat.csv,FR1
20.0,FED005_FR1concat.csv,FR1
22.0,FED005_FR1concat.csv,FR1
23.0,FED005_FR1concat.csv,FR1
33.0,FED005_FR1concat.csv,FR1
947.0,FED005_FR1concat.csv,FR1
596.0,FED005_FR1concat.csv,FR1
441.0,FED005_FR1concat.csv,FR1
866.0,FED005_FR1concat.csv,FR1
244.0,FED005_FR1concat.csv,FR1
21.0,FED005_FR1concat.csv,FR1
63.0,FED005_FR1concat.csv,FR1
843.0,FED005_FR1concat.csv,FR1
388.0,FED005_FR1concat.csv,FR1
86.0,FED005_FR1concat.csv,FR1
169.0,FED005_FR1concat.csv,FR1
1251.0,FED005_FR1concat.csv,FR1
112.0,FED005_FR1concat.csv,FR1
323.0,FED005_FR1concat.csv,FR1
3288.0,FED005_FR1concat.csv,FR1
24.0,FED005_FR1concat.csv,FR1
40.0,FED005_FR1concat.csv,FR1
15.0,FED005_FR1concat.csv,FR1
30.0,FED005_FR1concat.csv,FR1
26.0,FED005_FR1concat.csv,FR1
18.0,FED005_FR1concat.csv,FR1
3652.0,FED005_FR1concat.csv,FR1
24.0,FED005_FR1concat.csv,FR1
24.0,FED005_FR1concat.csv,FR1
24.0,FED005_FR1concat.csv,FR1
23.0,FED005_FR1concat.csv,FR1
1278.0,FED005_FR1concat.csv,FR1
28.0,FED005_FR1concat.csv,FR1
32.0,FED005_FR1concat.csv,FR1
496.0,FED005_FR1concat.csv,FR1
273.0,FED005_FR1concat.csv,FR1
22.0,FED005_FR1concat.csv,FR1
879.0,FED005_FR1concat.csv,FR1
40.0,FED005_FR1concat.csv,FR1
710.0,FED005_FR1concat.csv,FR1
4835.0,FED005_FR1concat.csv,FR1
24.0,FED005_FR1concat.csv,FR1
32.0,FED005_FR1concat.csv,FR1
23.0,FED005_FR1concat.csv,FR1
20.0,FED005_FR1concat.csv,FR1
924.0,FED005_FR1concat.csv,FR1
1673.0,FED005_FR1concat.csv,FR1
29.0,FED005_FR1concat.csv,FR1
65.0,FED005_FR1concat.csv,FR1
23.0,FED005_FR1concat.csv,FR1
1064.0,FED005_FR1concat.csv,FR1
563.0,FED005_FR1concat.csv,FR1
20.0,FED005_FR1concat.csv,FR1
30.0,FED005_FR1concat.csv,FR1
87.0,FED005_FR1concat.csv,FR1
225.0,FED005_FR1concat.csv,FR1
3982.0,FED005_FR1concat.csv,FR1
28.0,FED005_FR1concat.csv,FR1
98.0,FED005_FR1concat.csv,FR1
1008.0,FED005_FR1concat.csv,FR1
70.0,FED005_FR1concat.csv,FR1
823.0,FED005_FR1concat.csv,FR1
317.0,FED005_FR1concat.csv,FR1
233.0,FED005_FR1concat.csv,FR1
25.0,FED005_FR1concat.csv,FR1
447.0,FED005_FR1concat.csv,FR1
400.0,FED005_FR1concat.csv,FR1
188.0,FED005_FR1concat.csv,FR1
883.0,FED005_FR1concat.csv,FR1
2125.0,FED005_FR1concat.csv,FR1
32.0,FED005_FR1concat.csv,FR1
25.0,FED005_FR1concat.csv,FR1
474.0,FED005_FR1concat.csv,FR1
997.0,FED005_FR1concat.csv,FR1
170.0,FED005_FR1concat.csv,FR1
109.0,FED005_FR1concat.csv,FR1
93.0,FED005_FR1concat.csv,FR1
6560.0,FED005_FR1concat.csv,FR1
37.0,FED005_FR1concat.csv,FR1
62.0,FED005_FR1concat.csv,FR1
343.0,FED005_FR1concat.csv,FR1
7247.0,FED005_FR1concat.csv,FR1
24.0,FED005_FR1concat.csv,FR1
40.0,FED005_FR1concat.csv,FR1
6533.0,FED005_FR1concat.csv,FR1
26.0,FED005_FR1concat.csv,FR1
358.0,FED005_FR1concat.csv,FR1
3395.0,FED005_FR1concat.csv,FR1
68.0,FED005_FR1concat.csv,FR1
7594.0,FED005_FR1concat.csv,FR1
27.0,FED005_FR1concat.csv,FR1
24.0,FED005_FR1concat.csv,FR1
119.0,FED005_FR1concat.csv,FR1
3726.0,FED005_FR1concat.csv,FR1
1442.0,FED005_FR1concat.csv,FR1
22.0,FED005_FR1concat.csv,FR1
23.0,FED005_FR1concat.csv,FR1
26.0,FED005_FR1concat.csv,FR1
25.0,FED005_FR1concat.csv,FR1
25.0,FED005_FR1concat.csv,FR1
24.0,FED005_FR1concat.csv,FR1
2487.0,FED005_FR1concat.csv,FR1
27.0,FED005_FR1concat.csv,FR1
19.0,FED005_FR1concat.csv,FR1
31.0,FED005_FR1concat.csv,FR1
485.0,FED005_FR1concat.csv,FR1
42.0,FED005_FR1concat.csv,FR1
26.0,FED005_FR1concat.csv,FR1
28.0,FED005_FR1concat.csv,FR1
554.0,FED005_FR1concat.csv,FR1
199.0,FED005_FR1concat.csv,FR1
131.0,FED005_FR1concat.csv,FR1
1081.0,FED005_FR1concat.csv,FR1
19.0,FED005_FR1concat.csv,FR1
35.0,FED005_FR1concat.csv,FR1
23.0,FED005_FR1concat.csv,FR1
21.0,FED005_FR1concat.csv,FR1
32.0,FED005_FR1concat.csv,FR1
21.0,FED005_FR1concat.csv,FR1
24.0,FED005_FR1concat.csv,FR1
650.0,FED005_FR1concat.csv,FR1
20.0,FED005_FR1concat.csv,FR1
19.0,FED005_FR1concat.csv,FR1
20.0,FED005_FR1concat.csv,FR1
25.0,FED005_FR1concat.csv,FR1
1052.0,FED005_FR1concat.csv,FR1
703.0,FED005_FR1concat.csv,FR1
167.0,FED005_FR1concat.csv,FR1
367.0,FED005_FR1concat.csv,FR1
572.0,FED005_FR1concat.csv,FR1
35.0,FED005_FR1concat.csv,FR1
321.0,FED005_FR1concat.csv,FR1
1054.0,FED005_FR1concat.csv,FR1
25.0,FED005_FR1concat.csv,FR1
20.0,FED005_FR1concat.csv,FR1
867.0,FED005_FR1concat.csv,FR1
104.0,FED005_FR1concat.csv,FR1
22.0,FED005_FR1concat.csv,FR1
19.0,FED005_FR1concat.csv,FR1
1343.0,FED005_FR1concat.csv,FR1
20.0,FED005_FR1concat.csv,FR1
18.0,FED005_FR1concat.csv,FR1
26.0,FED005_FR1concat.csv,FR1
20.0,FED005_FR1concat.csv,FR1
20.0,FED005_FR1concat.csv,FR1
24.0,FED005_FR1concat.csv,FR1
1391.0,FED005_FR1concat.csv,FR1
436.0,FED005_FR1concat.csv,FR1
22.0,FED005_FR1concat.csv,FR1
19.0,FED005_FR1concat.csv,FR1
32.0,FED005_FR1concat.csv,FR1
1395.0,FED005_FR1concat.csv,FR1
76.0,FED005_FR1concat.csv,FR1
61.0,FED005_FR1concat.csv,FR1
983.0,FED005_FR1concat.csv,FR1
287.0,FED005_FR1concat.csv,FR1
562.0,FED005_FR1concat.csv,FR1
24.0,FED005_FR1concat.csv,FR1
438.0,FED005_FR1concat.csv,FR1
425.0,FED005_FR1concat.csv,FR1
25.0,FED005_FR1concat.csv,FR1
227.0,FED005_FR1concat.csv,FR1
19.0,FED005_FR1concat.csv,FR1
475.0,FED005_FR1concat.csv,FR1
996.0,FED005_FR1concat.csv,FR1
74.0,FED005_FR1concat.csv,FR1
29.0,FED005_FR1concat.csv,FR1
3838.0,FED005_FR1concat.csv,FR1
20.0,FED005_FR1concat.csv,FR1
21.0,FED005_FR1concat.csv,FR1
20.0,FED005_FR1concat.csv,FR1
21.0,FED005_FR1concat.csv,FR1
20.0,FED005_FR1concat.csv,FR1
24.0,FED005_FR1concat.csv,FR1
96.0,FED005_FR1concat.csv,FR1
20.0,FED005_FR1concat.csv,FR1
20.0,FED005_FR1concat.csv,FR1
1274.0,FED005_FR1concat.csv,FR1
6225.0,FED005_FR1concat.csv,FR1
1553.0,FED005_FR1concat.csv,FR1
19.0,FED005_FR1concat.csv,FR1
22.0,FED005_FR1concat.csv,FR1
27.0,FED005_FR1concat.csv,FR1
202.0,FED005_FR1concat.csv,FR1
2259.0,FED005_FR1concat.csv,FR1
23.0,FED005_FR1concat.csv,FR1
39.0,FED005_FR1concat.csv,FR1
68.0,FED005_FR1concat.csv,FR1
24.0,FED005_FR1concat.csv,FR1
23.0,FED005_FR1concat.csv,FR1
191.0,FED005_FR1concat.csv,FR1
24.0,FED005_FR1concat.csv,FR1
23.0,FED005_FR1concat.csv,FR1
23.0,FED005_FR1concat.csv,FR1
372.0,FED005_FR1concat.csv,FR1
53.0,FED005_FR1concat.csv,FR1
61.0,FED005_FR1concat.csv,FR1
2359.0,FED005_FR1concat.csv,FR1
26.0,FED005_FR1concat.csv,FR1
33.0,FED005_FR1concat.csv,FR1
1324.0,FED005_FR1concat.csv,FR1
573.0,FED005_FR1concat.csv,FR1
419.0,FED005_FR1concat.csv,FR1
85.0,FED005_FR1concat.csv,FR1
222.0,FED005_FR1concat.csv,FR1
395.0,FED005_FR1concat.csv,FR1
1012.0,FED005_FR1concat.csv,FR1
24.0,FED005_FR1concat.csv,FR1
949.0,FED005_FR1concat.csv,FR1
534.0,FED005_FR1concat.csv,FR1
1356.0,FED005_FR1concat.csv,FR1
133.0,FED005_FR1concat.csv,FR1
23.0,FED005_FR1concat.csv,FR1
5946.0,FED005_FR1concat.csv,FR1
137.0,FED005_FR1concat.csv,FR1
25.0,FED005_FR1concat.csv,FR1
20297.0,FED005_FR1concat.csv,FR1
26.0,FED005_FR1concat.csv,FR1
57.0,FED005_FR1concat.csv,FR1
22.0,FED005_FR1concat.csv,FR1
431.0,FED005_FR1concat.csv,FR1
21.0,FED006_FR1concat.csv,FR1
24.0,FED006_FR1concat.csv,FR1
24.0,FED006_FR1concat.csv,FR1
37.0,FED006_FR1concat.csv,FR1
24.0,FED006_FR1concat.csv,FR1
1046.0,FED006_FR1concat.csv,FR1
26.0,FED006_FR1concat.csv,FR1
20.0,FED006_FR1concat.csv,FR1
27.0,FED006_FR1concat.csv,FR1
2511.0,FED006_FR1concat.csv,FR1
37.0,FED006_FR1concat.csv,FR1
230.0,FED006_FR1concat.csv,FR1
32.0,FED006_FR1concat.csv,FR1
1631.0,FED006_FR1concat.csv,FR1
26.0,FED006_FR1concat.csv,FR1
25.0,FED006_FR1concat.csv,FR1
217.0,FED006_FR1concat.csv,FR1
33.0,FED006_FR1concat.csv,FR1
524.0,FED006_FR1concat.csv,FR1
1809.0,FED006_FR1concat.csv,FR1
24.0,FED006_FR1concat.csv,FR1
22.0,FED006_FR1concat.csv,FR1
25.0,FED006_FR1concat.csv,FR1
1380.0,FED006_FR1concat.csv,FR1
336.0,FED006_FR1concat.csv,FR1
20.0,FED006_FR1concat.csv,FR1
22.0,FED006_FR1concat.csv,FR1
872.0,FED006_FR1concat.csv,FR1
34.0,FED006_FR1concat.csv,FR1
159.0,FED006_FR1concat.csv,FR1
542.0,FED006_FR1concat.csv,FR1
21.0,FED006_FR1concat.csv,FR1
22.0,FED006_FR1concat.csv,FR1
15.0,FED006_FR1concat.csv,FR1
25.0,FED006_FR1concat.csv,FR1
19.0,FED006_FR1concat.csv,FR1
1114.0,FED006_FR1concat.csv,FR1
22.0,FED006_FR1concat.csv,FR1
16.0,FED006_FR1concat.csv,FR1
41.0,FED006_FR1concat.csv,FR1
1184.0,FED006_FR1concat.csv,FR1
21.0,FED006_FR1concat.csv,FR1
352.0,FED006_FR1concat.csv,FR1
275.0,FED006_FR1concat.csv,FR1
615.0,FED006_FR1concat.csv,FR1
475.0,FED006_FR1concat.csv,FR1
19.0,FED006_FR1concat.csv,FR1
497.0,FED006_FR1concat.csv,FR1
24.0,FED006_FR1concat.csv,FR1
17.0,FED006_FR1concat.csv,FR1
1002.0,FED006_FR1concat.csv,FR1
23.0,FED006_FR1concat.csv,FR1
19.0,FED006_FR1concat.csv,FR1
19.0,FED006_FR1concat.csv,FR1
18.0,FED006_FR1concat.csv,FR1
38.0,FED006_FR1concat.csv,FR1
552.0,FED006_FR1concat.csv,FR1
913.0,FED006_FR1concat.csv,FR1
21.0,FED006_FR1concat.csv,FR1
31.0,FED006_FR1concat.csv,FR1
23.0,FED006_FR1concat.csv,FR1
27.0,FED006_FR1concat.csv,FR1
507.0,FED006_FR1concat.csv,FR1
21.0,FED006_FR1concat.csv,FR1
23.0,FED006_FR1concat.csv,FR1
23.0,FED006_FR1concat.csv,FR1
82.0,FED006_FR1concat.csv,FR1
73.0,FED006_FR1concat.csv,FR1
691.0,FED006_FR1concat.csv,FR1
834.0,FED006_FR1concat.csv,FR1
30.0,FED006_FR1concat.csv,FR1
23.0,FED006_FR1concat.csv,FR1
502.0,FED006_FR1concat.csv,FR1
23.0,FED006_FR1concat.csv,FR1
253.0,FED006_FR1concat.csv,FR1
952.0,FED006_FR1concat.csv,FR1
1239.0,FED006_FR1concat.csv,FR1
24.0,FED006_FR1concat.csv,FR1
22.0,FED006_FR1concat.csv,FR1
1044.0,FED006_FR1concat.csv,FR1
27.0,FED006_FR1concat.csv,FR1
474.0,FED006_FR1concat.csv,FR1
848.0,FED006_FR1concat.csv,FR1
288.0,FED006_FR1concat.csv,FR1
619.0,FED006_FR1concat.csv,FR1
899.0,FED006_FR1concat.csv,FR1
53.0,FED006_FR1concat.csv,FR1
35.0,FED006_FR1concat.csv,FR1
19.0,FED006_FR1concat.csv,FR1
22.0,FED006_FR1concat.csv,FR1
213.0,FED006_FR1concat.csv,FR1
285.0,FED006_FR1concat.csv,FR1
440.0,FED006_FR1concat.csv,FR1
316.0,FED006_FR1concat.csv,FR1
1317.0,FED006_FR1concat.csv,FR1
41.0,FED006_FR1concat.csv,FR1
25.0,FED006_FR1concat.csv,FR1
380.0,FED006_FR1concat.csv,FR1
23.0,FED006_FR1concat.csv,FR1
591.0,FED006_FR1concat.csv,FR1
557.0,FED006_FR1concat.csv,FR1
1793.0,FED006_FR1concat.csv,FR1
83.0,FED006_FR1concat.csv,FR1
130.0,FED006_FR1concat.csv,FR1
115.0,FED006_FR1concat.csv,FR1
446.0,FED006_FR1concat.csv,FR1
444.0,FED006_FR1concat.csv,FR1
331.0,FED006_FR1concat.csv,FR1
15.0,FED006_FR1concat.csv,FR1
688.0,FED006_FR1concat.csv,FR1
495.0,FED006_FR1concat.csv,FR1
242.0,FED006_FR1concat.csv,FR1
1024.0,FED006_FR1concat.csv,FR1
5728.0,FED006_FR1concat.csv,FR1
29.0,FED006_FR1concat.csv,FR1
81.0,FED006_FR1concat.csv,FR1
35.0,FED006_FR1concat.csv,FR1
1773.0,FED006_FR1concat.csv,FR1
27.0,FED006_FR1concat.csv,FR1
111.0,FED006_FR1concat.csv,FR1
405.0,FED006_FR1concat.csv,FR1
395.0,FED006_FR1concat.csv,FR1
505.0,FED006_FR1concat.csv,FR1
2696.0,FED006_FR1concat.csv,FR1
33.0,FED006_FR1concat.csv,FR1
57.0,FED006_FR1concat.csv,FR1
26.0,FED006_FR1concat.csv,FR1
6488.0,FED006_FR1concat.csv,FR1
23.0,FED006_FR1concat.csv,FR1
119.0,FED006_FR1concat.csv,FR1
711.0,FED006_FR1concat.csv,FR1
703.0,FED006_FR1concat.csv,FR1
21.0,FED006_FR1concat.csv,FR1
22.0,FED006_FR1concat.csv,FR1
38.0,FED006_FR1concat.csv,FR1
1039.0,FED006_FR1concat.csv,FR1
6492.0,FED006_FR1concat.csv,FR1
31.0,FED006_FR1concat.csv,FR1
26.0,FED006_FR1concat.csv,FR1
7418.0,FED006_FR1concat.csv,FR1
57.0,FED006_FR1concat.csv,FR1
29.0,FED006_FR1concat.csv,FR1
1280.0,FED006_FR1concat.csv,FR1
378.0,FED006_FR1concat.csv,FR1
26.0,FED006_FR1concat.csv,FR1
1130.0,FED006_FR1concat.csv,FR1
291.0,FED006_FR1concat.csv,FR1
957.0,FED006_FR1concat.csv,FR1
5509.0,FED006_FR1concat.csv,FR1
30.0,FED006_FR1concat.csv,FR1
26.0,FED006_FR1concat.csv,FR1
2668.0,FED006_FR1concat.csv,FR1
25.0,FED006_FR1concat.csv,FR1
27.0,FED006_FR1concat.csv,FR1
2805.0,FED006_FR1concat.csv,FR1
30.0,FED006_FR1concat.csv,FR1
25.0,FED006_FR1concat.csv,FR1
35.0,FED006_FR1concat.csv,FR1
691.0,FED006_FR1concat.csv,FR1
23.0,FED006_FR1concat.csv,FR1
1507.0,FED006_FR1concat.csv,FR1
27.0,FED006_FR1concat.csv,FR1
16.0,FED006_FR1concat.csv,FR1
26.0,FED006_FR1concat.csv,FR1
1699.0,FED006_FR1concat.csv,FR1
34.0,FED006_FR1concat.csv,FR1
1364.0,FED006_FR1concat.csv,FR1
852.0,FED006_FR1concat.csv,FR1
49.0,FED006_FR1concat.csv,FR1
23.0,FED006_FR1concat.csv,FR1
900.0,FED006_FR1concat.csv,FR1
17.0,FED006_FR1concat.csv,FR1
21.0,FED006_FR1concat.csv,FR1
415.0,FED006_FR1concat.csv,FR1
87.0,FED006_FR1concat.csv,FR1
982.0,FED006_FR1concat.csv,FR1
22.0,FED006_FR1concat.csv,FR1
483.0,FED006_FR1concat.csv,FR1
27.0,FED006_FR1concat.csv,FR1
18.0,FED006_FR1concat.csv,FR1
231.0,FED006_FR1concat.csv,FR1
16.0,FED006_FR1concat.csv,FR1
18.0,FED006_FR1concat.csv,FR1
42.0,FED006_FR1concat.csv,FR1
876.0,FED006_FR1concat.csv,FR1
19.0,FED006_FR1concat.csv,FR1
206.0,FED006_FR1concat.csv,FR1
166.0,FED006_FR1concat.csv,FR1
236.0,FED006_FR1concat.csv,FR1
26.0,FED006_FR1concat.csv,FR1
17.0,FED006_FR1concat.csv,FR1
16.0,FED006_FR1concat.csv,FR1
1516.0,FED006_FR1concat.csv,FR1
23.0,FED006_FR1concat.csv,FR1
411.0,FED006_FR1concat.csv,FR1
243.0,FED006_FR1concat.csv,FR1
416.0,FED006_FR1concat.csv,FR1
16.0,FED006_FR1concat.csv,FR1
17.0,FED006_FR1concat.csv,FR1
133.0,FED006_FR1concat.csv,FR1
538.0,FED006_FR1concat.csv,FR1
201.0,FED006_FR1concat.csv,FR1
952.0,FED006_FR1concat.csv,FR1
15.0,FED006_FR1concat.csv,FR1
22.0,FED006_FR1concat.csv,FR1
19.0,FED006_FR1concat.csv,FR1
1070.0,FED006_FR1concat.csv,FR1
23.0,FED006_FR1concat.csv,FR1
20.0,FED006_FR1concat.csv,FR1
27.0,FED006_FR1concat.csv,FR1
807.0,FED006_FR1concat.csv,FR1
249.0,FED006_FR1concat.csv,FR1
200.0,FED006_FR1concat.csv,FR1
785.0,FED006_FR1concat.csv,FR1
16.0,FED006_FR1concat.csv,FR1
179.0,FED006_FR1concat.csv,FR1
244.0,FED006_FR1concat.csv,FR1
121.0,FED006_FR1concat.csv,FR1
421.0,FED006_FR1concat.csv,FR1
596.0,FED006_FR1concat.csv,FR1
42.0,FED006_FR1concat.csv,FR1
213.0,FED006_FR1concat.csv,FR1
185.0,FED006_FR1concat.csv,FR1
18.0,FED006_FR1concat.csv,FR1
253.0,FED006_FR1concat.csv,FR1
282.0,FED006_FR1concat.csv,FR1
741.0,FED006_FR1concat.csv,FR1
20.0,FED006_FR1concat.csv,FR1
644.0,FED006_FR1concat.csv,FR1
72.0,FED006_FR1concat.csv,FR1
424.0,FED006_FR1concat.csv,FR1
30.0,FED006_FR1concat.csv,FR1
186.0,FED006_FR1concat.csv,FR1
4706.0,FED006_FR1concat.csv,FR1
450.0,FED006_FR1concat.csv,FR1
73.0,FED006_FR1concat.csv,FR1
223.0,FED006_FR1concat.csv,FR1
21.0,FED006_FR1concat.csv,FR1
101.0,FED006_FR1concat.csv,FR1
1847.0,FED006_FR1concat.csv,FR1
27.0,FED006_FR1concat.csv,FR1
53.0,FED006_FR1concat.csv,FR1
459.0,FED006_FR1concat.csv,FR1
18.0,FED006_FR1concat.csv,FR1
18.0,FED006_FR1concat.csv,FR1
539.0,FED006_FR1concat.csv,FR1
106.0,FED006_FR1concat.csv,FR1
233.0,FED006_FR1concat.csv,FR1
31.0,FED006_FR1concat.csv,FR1
1689.0,FED006_FR1concat.csv,FR1
760.0,FED006_FR1concat.csv,FR1
710.0,FED006_FR1concat.csv,FR1
151.0,FED006_FR1concat.csv,FR1
97.0,FED006_FR1concat.csv,FR1
49.0,FED006_FR1concat.csv,FR1
264.0,FED006_FR1concat.csv,FR1
749.0,FED006_FR1concat.csv,FR1
834.0,FED006_FR1concat.csv,FR1
16.0,FED006_FR1concat.csv,FR1
214.0,FED006_FR1concat.csv,FR1
4334.0,FED006_FR1concat.csv,FR1
1101.0,FED006_FR1concat.csv,FR1
654.0,FED006_FR1concat.csv,FR1
21.0,FED006_FR1concat.csv,FR1
27.0,FED006_FR1concat.csv,FR1
97.0,FED006_FR1concat.csv,FR1
781.0,FED006_FR1concat.csv,FR1
520.0,FED006_FR1concat.csv,FR1
367.0,FED006_FR1concat.csv,FR1
257.0,FED006_FR1concat.csv,FR1
918.0,FED006_FR1concat.csv,FR1
657.0,FED006_FR1concat.csv,FR1
24.0,FED006_FR1concat.csv,FR1
18.0,FED006_FR1concat.csv,FR1
557.0,FED006_FR1concat.csv,FR1
1610.0,FED006_FR1concat.csv,FR1
20.0,FED006_FR1concat.csv,FR1
8110.0,FED006_FR1concat.csv,FR1
143.0,FED006_FR1concat.csv,FR1
6112.0,FED006_FR1concat.csv,FR1
21.0,FED006_FR1concat.csv,FR1
22.0,FED006_FR1concat.csv,FR1
24.0,FED006_FR1concat.csv,FR1
2276.0,FED006_FR1concat.csv,FR1
8201.0,FED006_FR1concat.csv,FR1
28.0,FED006_FR1concat.csv,FR1
43.0,FED006_FR1concat.csv,FR1
3428.0,FED006_FR1concat.csv,FR1
24.0,FED006_FR1concat.csv,FR1
40.0,FED006_FR1concat.csv,FR1
3428.0,FED006_FR1concat.csv,FR1
24.0,FED006_FR1concat.csv,FR1
24.0,FED006_FR1concat.csv,FR1
23.0,FED002_FR1concat.csv,FR1
24.0,FED002_FR1concat.csv,FR1
26.0,FED002_FR1concat.csv,FR1
24.0,FED002_FR1concat.csv,FR1
3071.0,FED002_FR1concat.csv,FR1
58.0,FED002_FR1concat.csv,FR1
24.0,FED002_FR1concat.csv,FR1
25.0,FED002_FR1concat.csv,FR1
1495.0,FED002_FR1concat.csv,FR1
295.0,FED002_FR1concat.csv,FR1
34.0,FED002_FR1concat.csv,FR1
32.0,FED002_FR1concat.csv,FR1
779.0,FED002_FR1concat.csv,FR1
551.0,FED002_FR1concat.csv,FR1
27.0,FED002_FR1concat.csv,FR1
39.0,FED002_FR1concat.csv,FR1
30.0,FED002_FR1concat.csv,FR1
582.0,FED002_FR1concat.csv,FR1
22.0,FED002_FR1concat.csv,FR1
25.0,FED002_FR1concat.csv,FR1
26.0,FED002_FR1concat.csv,FR1
25.0,FED002_FR1concat.csv,FR1
298.0,FED002_FR1concat.csv,FR1
33.0,FED002_FR1concat.csv,FR1
1122.0,FED002_FR1concat.csv,FR1
456.0,FED002_FR1concat.csv,FR1
631.0,FED002_FR1concat.csv,FR1
574.0,FED002_FR1concat.csv,FR1
18.0,FED002_FR1concat.csv,FR1
27.0,FED002_FR1concat.csv,FR1
521.0,FED002_FR1concat.csv,FR1
24.0,FED002_FR1concat.csv,FR1
21.0,FED002_FR1concat.csv,FR1
645.0,FED002_FR1concat.csv,FR1
27.0,FED002_FR1concat.csv,FR1
869.0,FED002_FR1concat.csv,FR1
35.0,FED002_FR1concat.csv,FR1
454.0,FED002_FR1concat.csv,FR1
721.0,FED002_FR1concat.csv,FR1
27.0,FED002_FR1concat.csv,FR1
26.0,FED002_FR1concat.csv,FR1
633.0,FED002_FR1concat.csv,FR1
23.0,FED002_FR1concat.csv,FR1
17.0,FED002_FR1concat.csv,FR1
20.0,FED002_FR1concat.csv,FR1
21.0,FED002_FR1concat.csv,FR1
8.0,FED002_FR1concat.csv,FR1
20.0,FED002_FR1concat.csv,FR1
23.0,FED002_FR1concat.csv,FR1
23.0,FED002_FR1concat.csv,FR1
38.0,FED002_FR1concat.csv,FR1
1672.0,FED002_FR1concat.csv,FR1
336.0,FED002_FR1concat.csv,FR1
24.0,FED002_FR1concat.csv,FR1
36.0,FED002_FR1concat.csv,FR1
32.0,FED002_FR1concat.csv,FR1
35.0,FED002_FR1concat.csv,FR1
1667.0,FED002_FR1concat.csv,FR1
23.0,FED002_FR1concat.csv,FR1
21.0,FED002_FR1concat.csv,FR1
25.0,FED002_FR1concat.csv,FR1
1482.0,FED002_FR1concat.csv,FR1
48.0,FED002_FR1concat.csv,FR1
28.0,FED002_FR1concat.csv,FR1
31.0,FED002_FR1concat.csv,FR1
1218.0,FED002_FR1concat.csv,FR1
105.0,FED002_FR1concat.csv,FR1
1062.0,FED002_FR1concat.csv,FR1
200.0,FED002_FR1concat.csv,FR1
815.0,FED002_FR1concat.csv,FR1
30.0,FED002_FR1concat.csv,FR1
21.0,FED002_FR1concat.csv,FR1
385.0,FED002_FR1concat.csv,FR1
182.0,FED002_FR1concat.csv,FR1
1084.0,FED002_FR1concat.csv,FR1
509.0,FED002_FR1concat.csv,FR1
2429.0,FED002_FR1concat.csv,FR1
32.0,FED002_FR1concat.csv,FR1
22.0,FED002_FR1concat.csv,FR1
18.0,FED002_FR1concat.csv,FR1
21.0,FED002_FR1concat.csv,FR1
97.0,FED002_FR1concat.csv,FR1
231.0,FED002_FR1concat.csv,FR1
20.0,FED002_FR1concat.csv,FR1
2042.0,FED002_FR1concat.csv,FR1
17.0,FED002_FR1concat.csv,FR1
15.0,FED002_FR1concat.csv,FR1
19.0,FED002_FR1concat.csv,FR1
1245.0,FED002_FR1concat.csv,FR1
2407.0,FED002_FR1concat.csv,FR1
1530.0,FED002_FR1concat.csv,FR1
63.0,FED002_FR1concat.csv,FR1
22.0,FED002_FR1concat.csv,FR1
907.0,FED002_FR1concat.csv,FR1
24.0,FED002_FR1concat.csv,FR1
1197.0,FED002_FR1concat.csv,FR1
24.0,FED002_FR1concat.csv,FR1
35.0,FED002_FR1concat.csv,FR1
28.0,FED002_FR1concat.csv,FR1
902.0,FED002_FR1concat.csv,FR1
461.0,FED002_FR1concat.csv,FR1
114.0,FED002_FR1concat.csv,FR1
344.0,FED002_FR1concat.csv,FR1
115.0,FED002_FR1concat.csv,FR1
3008.0,FED002_FR1concat.csv,FR1
31.0,FED002_FR1concat.csv,FR1
27.0,FED002_FR1concat.csv,FR1
407.0,FED002_FR1concat.csv,FR1
656.0,FED002_FR1concat.csv,FR1
739.0,FED002_FR1concat.csv,FR1
103.0,FED002_FR1concat.csv,FR1
18.0,FED002_FR1concat.csv,FR1
17.0,FED002_FR1concat.csv,FR1
933.0,FED002_FR1concat.csv,FR1
125.0,FED002_FR1concat.csv,FR1
647.0,FED002_FR1concat.csv,FR1
6137.0,FED002_FR1concat.csv,FR1
29.0,FED002_FR1concat.csv,FR1
46.0,FED002_FR1concat.csv,FR1
26.0,FED002_FR1concat.csv,FR1
23.0,FED002_FR1concat.csv,FR1
4285.0,FED002_FR1concat.csv,FR1
9499.0,FED002_FR1concat.csv,FR1
2879.0,FED002_FR1concat.csv,FR1
28.0,FED002_FR1concat.csv,FR1
4592.0,FED002_FR1concat.csv,FR1
39.0,FED002_FR1concat.csv,FR1
300.0,FED002_FR1concat.csv,FR1
4774.0,FED002_FR1concat.csv,FR1
40.0,FED002_FR1concat.csv,FR1
22.0,FED002_FR1concat.csv,FR1
31.0,FED002_FR1concat.csv,FR1
3631.0,FED002_FR1concat.csv,FR1
22.0,FED002_FR1concat.csv,FR1
27.0,FED002_FR1concat.csv,FR1
56.0,FED002_FR1concat.csv,FR1
4080.0,FED002_FR1concat.csv,FR1
26.0,FED002_FR1concat.csv,FR1
23.0,FED002_FR1concat.csv,FR1
23.0,FED002_FR1concat.csv,FR1
24.0,FED002_FR1concat.csv,FR1
4520.0,FED002_FR1concat.csv,FR1
26.0,FED002_FR1concat.csv,FR1
21.0,FED002_FR1concat.csv,FR1
21.0,FED002_FR1concat.csv,FR1
23.0,FED002_FR1concat.csv,FR1
659.0,FED002_FR1concat.csv,FR1
771.0,FED002_FR1concat.csv,FR1
25.0,FED002_FR1concat.csv,FR1
34.0,FED002_FR1concat.csv,FR1
828.0,FED002_FR1concat.csv,FR1
24.0,FED002_FR1concat.csv,FR1
36.0,FED002_FR1concat.csv,FR1
25.0,FED002_FR1concat.csv,FR1
23.0,FED002_FR1concat.csv,FR1
560.0,FED002_FR1concat.csv,FR1
38.0,FED002_FR1concat.csv,FR1
27.0,FED002_FR1concat.csv,FR1
18.0,FED002_FR1concat.csv,FR1
19.0,FED002_FR1concat.csv,FR1
23.0,FED002_FR1concat.csv,FR1
1046.0,FED002_FR1concat.csv,FR1
629.0,FED002_FR1concat.csv,FR1
68.0,FED002_FR1concat.csv,FR1
993.0,FED002_FR1concat.csv,FR1
254.0,FED002_FR1concat.csv,FR1
27.0,FED002_FR1concat.csv,FR1
629.0,FED002_FR1concat.csv,FR1
708.0,FED002_FR1concat.csv,FR1
30.0,FED002_FR1concat.csv,FR1
35.0,FED002_FR1concat.csv,FR1
577.0,FED002_FR1concat.csv,FR1
464.0,FED002_FR1concat.csv,FR1
42.0,FED002_FR1concat.csv,FR1
300.0,FED002_FR1concat.csv,FR1
30.0,FED002_FR1concat.csv,FR1
274.0,FED002_FR1concat.csv,FR1
530.0,FED002_FR1concat.csv,FR1
34.0,FED002_FR1concat.csv,FR1
23.0,FED002_FR1concat.csv,FR1
23.0,FED002_FR1concat.csv,FR1
24.0,FED002_FR1concat.csv,FR1
1191.0,FED002_FR1concat.csv,FR1
17.0,FED002_FR1concat.csv,FR1
18.0,FED002_FR1concat.csv,FR1
23.0,FED002_FR1concat.csv,FR1
20.0,FED002_FR1concat.csv,FR1
26.0,FED002_FR1concat.csv,FR1
1028.0,FED002_FR1concat.csv,FR1
23.0,FED002_FR1concat.csv,FR1
31.0,FED002_FR1concat.csv,FR1
22.0,FED002_FR1concat.csv,FR1
929.0,FED002_FR1concat.csv,FR1
24.0,FED002_FR1concat.csv,FR1
34.0,FED002_FR1concat.csv,FR1
3125.0,FED002_FR1concat.csv,FR1
21.0,FED002_FR1concat.csv,FR1
1037.0,FED002_FR1concat.csv,FR1
308.0,FED002_FR1concat.csv,FR1
357.0,FED002_FR1concat.csv,FR1
22.0,FED002_FR1concat.csv,FR1
26.0,FED002_FR1concat.csv,FR1
146.0,FED002_FR1concat.csv,FR1
894.0,FED002_FR1concat.csv,FR1
177.0,FED002_FR1concat.csv,FR1
25.0,FED002_FR1concat.csv,FR1
572.0,FED002_FR1concat.csv,FR1
486.0,FED002_FR1concat.csv,FR1
18.0,FED002_FR1concat.csv,FR1
367.0,FED002_FR1concat.csv,FR1
21.0,FED002_FR1concat.csv,FR1
18.0,FED002_FR1concat.csv,FR1
14.0,FED002_FR1concat.csv,FR1
372.0,FED002_FR1concat.csv,FR1
3449.0,FED002_FR1concat.csv,FR1
28.0,FED002_FR1concat.csv,FR1
27.0,FED002_FR1concat.csv,FR1
16.0,FED002_FR1concat.csv,FR1
77.0,FED002_FR1concat.csv,FR1
3131.0,FED002_FR1concat.csv,FR1
23.0,FED002_FR1concat.csv,FR1
21.0,FED002_FR1concat.csv,FR1
638.0,FED002_FR1concat.csv,FR1
836.0,FED002_FR1concat.csv,FR1
789.0,FED002_FR1concat.csv,FR1
680.0,FED002_FR1concat.csv,FR1
236.0,FED002_FR1concat.csv,FR1
5363.0,FED002_FR1concat.csv,FR1
30.0,FED002_FR1concat.csv,FR1
19.0,FED002_FR1concat.csv,FR1
22.0,FED002_FR1concat.csv,FR1
21.0,FED002_FR1concat.csv,FR1
446.0,FED002_FR1concat.csv,FR1
1067.0,FED002_FR1concat.csv,FR1
84.0,FED002_FR1concat.csv,FR1
506.0,FED002_FR1concat.csv,FR1
543.0,FED002_FR1concat.csv,FR1
282.0,FED002_FR1concat.csv,FR1
768.0,FED002_FR1concat.csv,FR1
5448.0,FED002_FR1concat.csv,FR1
1607.0,FED002_FR1concat.csv,FR1
30.0,FED002_FR1concat.csv,FR1
23.0,FED002_FR1concat.csv,FR1
26.0,FED002_FR1concat.csv,FR1
44.0,FED002_FR1concat.csv,FR1
24.0,FED002_FR1concat.csv,FR1
4669.0,FED002_FR1concat.csv,FR1
31.0,FED002_FR1concat.csv,FR1
3154.0,FED002_FR1concat.csv,FR1
23.0,FED002_FR1concat.csv,FR1
3628.0,FED002_FR1concat.csv,FR1
21.0,FED002_FR1concat.csv,FR1
31.0,FED002_FR1concat.csv,FR1
5122.0,FED002_FR1concat.csv,FR1
31.0,FED002_FR1concat.csv,FR1
3290.0,FED002_FR1concat.csv,FR1
36.0,FED002_FR1concat.csv,FR1
4021.0,FED002_FR1concat.csv,FR1
1094.0,FED002_FR1concat.csv,FR1
29.0,FED002_FR1concat.csv,FR1
40.0,FED002_FR1concat.csv,FR1
2049.0,FED002_FR1concat.csv,FR1
1323.0,FED002_FR1concat.csv,FR1
54.0,FED002_FR1concat.csv,FR1
274.0,FED002_FR1concat.csv,FR1
188.0,FED002_FR1concat.csv,FR1
37.0,FED001_FR1concat.csv,FR1
27.0,FED001_FR1concat.csv,FR1
23.0,FED001_FR1concat.csv,FR1
38.0,FED001_FR1concat.csv,FR1
1224.0,FED001_FR1concat.csv,FR1
294.0,FED001_FR1concat.csv,FR1
37.0,FED001_FR1concat.csv,FR1
28.0,FED001_FR1concat.csv,FR1
32.0,FED001_FR1concat.csv,FR1
2052.0,FED001_FR1concat.csv,FR1
1013.0,FED001_FR1concat.csv,FR1
32.0,FED001_FR1concat.csv,FR1
29.0,FED001_FR1concat.csv,FR1
28.0,FED001_FR1concat.csv,FR1
28.0,FED001_FR1concat.csv,FR1
412.0,FED001_FR1concat.csv,FR1
377.0,FED001_FR1concat.csv,FR1
24.0,FED001_FR1concat.csv,FR1
36.0,FED001_FR1concat.csv,FR1
1340.0,FED001_FR1concat.csv,FR1
292.0,FED001_FR1concat.csv,FR1
92.0,FED001_FR1concat.csv,FR1
251.0,FED001_FR1concat.csv,FR1
188.0,FED001_FR1concat.csv,FR1
762.0,FED001_FR1concat.csv,FR1
187.0,FED001_FR1concat.csv,FR1
67.0,FED001_FR1concat.csv,FR1
742.0,FED001_FR1concat.csv,FR1
547.0,FED001_FR1concat.csv,FR1
255.0,FED001_FR1concat.csv,FR1
41.0,FED001_FR1concat.csv,FR1
354.0,FED001_FR1concat.csv,FR1
300.0,FED001_FR1concat.csv,FR1
212.0,FED001_FR1concat.csv,FR1
899.0,FED001_FR1concat.csv,FR1
27.0,FED001_FR1concat.csv,FR1
28.0,FED001_FR1concat.csv,FR1
26.0,FED001_FR1concat.csv,FR1
748.0,FED001_FR1concat.csv,FR1
876.0,FED001_FR1concat.csv,FR1
41.0,FED001_FR1concat.csv,FR1
20.0,FED001_FR1concat.csv,FR1
27.0,FED001_FR1concat.csv,FR1
25.0,FED001_FR1concat.csv,FR1
992.0,FED001_FR1concat.csv,FR1
33.0,FED001_FR1concat.csv,FR1
704.0,FED001_FR1concat.csv,FR1
92.0,FED001_FR1concat.csv,FR1
336.0,FED001_FR1concat.csv,FR1
540.0,FED001_FR1concat.csv,FR1
344.0,FED001_FR1concat.csv,FR1
46.0,FED001_FR1concat.csv,FR1
385.0,FED001_FR1concat.csv,FR1
74.0,FED001_FR1concat.csv,FR1
522.0,FED001_FR1concat.csv,FR1
315.0,FED001_FR1concat.csv,FR1
323.0,FED001_FR1concat.csv,FR1
675.0,FED001_FR1concat.csv,FR1
400.0,FED001_FR1concat.csv,FR1
38.0,FED001_FR1concat.csv,FR1
27.0,FED001_FR1concat.csv,FR1
550.0,FED001_FR1concat.csv,FR1
34.0,FED001_FR1concat.csv,FR1
22.0,FED001_FR1concat.csv,FR1
1341.0,FED001_FR1concat.csv,FR1
54.0,FED001_FR1concat.csv,FR1
27.0,FED001_FR1concat.csv,FR1
50.0,FED001_FR1concat.csv,FR1
1397.0,FED001_FR1concat.csv,FR1
46.0,FED001_FR1concat.csv,FR1
25.0,FED001_FR1concat.csv,FR1
26.0,FED001_FR1concat.csv,FR1
35.0,FED001_FR1concat.csv,FR1
46.0,FED001_FR1concat.csv,FR1
1997.0,FED001_FR1concat.csv,FR1
53.0,FED001_FR1concat.csv,FR1
962.0,FED001_FR1concat.csv,FR1
626.0,FED001_FR1concat.csv,FR1
588.0,FED001_FR1concat.csv,FR1
29.0,FED001_FR1concat.csv,FR1
39.0,FED001_FR1concat.csv,FR1
30.0,FED001_FR1concat.csv,FR1
27.0,FED001_FR1concat.csv,FR1
30.0,FED001_FR1concat.csv,FR1
949.0,FED001_FR1concat.csv,FR1
264.0,FED001_FR1concat.csv,FR1
72.0,FED001_FR1concat.csv,FR1
1483.0,FED001_FR1concat.csv,FR1
409.0,FED001_FR1concat.csv,FR1
817.0,FED001_FR1concat.csv,FR1
27.0,FED001_FR1concat.csv,FR1
28.0,FED001_FR1concat.csv,FR1
19.0,FED001_FR1concat.csv,FR1
877.0,FED001_FR1concat.csv,FR1
350.0,FED001_FR1concat.csv,FR1
1417.0,FED001_FR1concat.csv,FR1
332.0,FED001_FR1concat.csv,FR1
145.0,FED001_FR1concat.csv,FR1
5333.0,FED001_FR1concat.csv,FR1
73.0,FED001_FR1concat.csv,FR1
1321.0,FED001_FR1concat.csv,FR1
60.0,FED001_FR1concat.csv,FR1
31.0,FED001_FR1concat.csv,FR1
34.0,FED001_FR1concat.csv,FR1
1222.0,FED001_FR1concat.csv,FR1
243.0,FED001_FR1concat.csv,FR1
598.0,FED001_FR1concat.csv,FR1
448.0,FED001_FR1concat.csv,FR1
126.0,FED001_FR1concat.csv,FR1
377.0,FED001_FR1concat.csv,FR1
406.0,FED001_FR1concat.csv,FR1
491.0,FED001_FR1concat.csv,FR1
318.0,FED001_FR1concat.csv,FR1
1000.0,FED001_FR1concat.csv,FR1
1077.0,FED001_FR1concat.csv,FR1
1383.0,FED001_FR1concat.csv,FR1
939.0,FED001_FR1concat.csv,FR1
1152.0,FED001_FR1concat.csv,FR1
13724.0,FED001_FR1concat.csv,FR1
41.0,FED001_FR1concat.csv,FR1
80.0,FED001_FR1concat.csv,FR1
454.0,FED001_FR1concat.csv,FR1
6607.0,FED001_FR1concat.csv,FR1
53.0,FED001_FR1concat.csv,FR1
35.0,FED001_FR1concat.csv,FR1
39.0,FED001_FR1concat.csv,FR1
3504.0,FED001_FR1concat.csv,FR1
1895.0,FED001_FR1concat.csv,FR1
180.0,FED001_FR1concat.csv,FR1
266.0,FED001_FR1concat.csv,FR1
1323.0,FED001_FR1concat.csv,FR1
54.0,FED001_FR1concat.csv,FR1
34.0,FED001_FR1concat.csv,FR1
27.0,FED001_FR1concat.csv,FR1
26.0,FED001_FR1concat.csv,FR1
31.0,FED001_FR1concat.csv,FR1
40.0,FED001_FR1concat.csv,FR1
37.0,FED001_FR1concat.csv,FR1
1455.0,FED001_FR1concat.csv,FR1
2891.0,FED001_FR1concat.csv,FR1
820.0,FED001_FR1concat.csv,FR1
96.0,FED001_FR1concat.csv,FR1
3891.0,FED001_FR1concat.csv,FR1
28.0,FED001_FR1concat.csv,FR1
22.0,FED001_FR1concat.csv,FR1
34.0,FED001_FR1concat.csv,FR1
26.0,FED001_FR1concat.csv,FR1
15.0,FED001_FR1concat.csv,FR1
33.0,FED001_FR1concat.csv,FR1
29.0,FED001_FR1concat.csv,FR1
47.0,FED001_FR1concat.csv,FR1
1430.0,FED001_FR1concat.csv,FR1
29.0,FED001_FR1concat.csv,FR1
41.0,FED001_FR1concat.csv,FR1
27.0,FED001_FR1concat.csv,FR1
49.0,FED001_FR1concat.csv,FR1
22.0,FED001_FR1concat.csv,FR1
445.0,FED001_FR1concat.csv,FR1
61.0,FED001_FR1concat.csv,FR1
61.0,FED001_FR1concat.csv,FR1
33.0,FED001_FR1concat.csv,FR1
953.0,FED001_FR1concat.csv,FR1
109.0,FED001_FR1concat.csv,FR1
1125.0,FED001_FR1concat.csv,FR1
368.0,FED001_FR1concat.csv,FR1
36.0,FED001_FR1concat.csv,FR1
27.0,FED001_FR1concat.csv,FR1
343.0,FED001_FR1concat.csv,FR1
391.0,FED001_FR1concat.csv,FR1
31.0,FED001_FR1concat.csv,FR1
407.0,FED001_FR1concat.csv,FR1
31.0,FED001_FR1concat.csv,FR1
37.0,FED001_FR1concat.csv,FR1
25.0,FED001_FR1concat.csv,FR1
608.0,FED001_FR1concat.csv,FR1
231.0,FED001_FR1concat.csv,FR1
412.0,FED001_FR1concat.csv,FR1
23.0,FED001_FR1concat.csv,FR1
32.0,FED001_FR1concat.csv,FR1
164.0,FED001_FR1concat.csv,FR1
649.0,FED001_FR1concat.csv,FR1
22.0,FED001_FR1concat.csv,FR1
38.0,FED001_FR1concat.csv,FR1
26.0,FED001_FR1concat.csv,FR1
24.0,FED001_FR1concat.csv,FR1
25.0,FED001_FR1concat.csv,FR1
307.0,FED001_FR1concat.csv,FR1
33.0,FED001_FR1concat.csv,FR1
30.0,FED001_FR1concat.csv,FR1
29.0,FED001_FR1concat.csv,FR1
54.0,FED001_FR1concat.csv,FR1
712.0,FED001_FR1concat.csv,FR1
27.0,FED001_FR1concat.csv,FR1
24.0,FED001_FR1concat.csv,FR1
25.0,FED001_FR1concat.csv,FR1
31.0,FED001_FR1concat.csv,FR1
26.0,FED001_FR1concat.csv,FR1
26.0,FED001_FR1concat.csv,FR1
678.0,FED001_FR1concat.csv,FR1
26.0,FED001_FR1concat.csv,FR1
34.0,FED001_FR1concat.csv,FR1
34.0,FED001_FR1concat.csv,FR1
938.0,FED001_FR1concat.csv,FR1
28.0,FED001_FR1concat.csv,FR1
30.0,FED001_FR1concat.csv,FR1
17.0,FED001_FR1concat.csv,FR1
32.0,FED001_FR1concat.csv,FR1
494.0,FED001_FR1concat.csv,FR1
31.0,FED001_FR1concat.csv,FR1
28.0,FED001_FR1concat.csv,FR1
29.0,FED001_FR1concat.csv,FR1
39.0,FED001_FR1concat.csv,FR1
30.0,FED001_FR1concat.csv,FR1
413.0,FED001_FR1concat.csv,FR1
618.0,FED001_FR1concat.csv,FR1
39.0,FED001_FR1concat.csv,FR1
33.0,FED001_FR1concat.csv,FR1
1308.0,FED001_FR1concat.csv,FR1
29.0,FED001_FR1concat.csv,FR1
31.0,FED001_FR1concat.csv,FR1
670.0,FED001_FR1concat.csv,FR1
23.0,FED001_FR1concat.csv,FR1
35.0,FED001_FR1concat.csv,FR1
55.0,FED001_FR1concat.csv,FR1
2856.0,FED001_FR1concat.csv,FR1
41.0,FED001_FR1concat.csv,FR1
24.0,FED001_FR1concat.csv,FR1
33.0,FED001_FR1concat.csv,FR1
43.0,FED001_FR1concat.csv,FR1
59.0,FED001_FR1concat.csv,FR1
53.0,FED001_FR1concat.csv,FR1
36.0,FED001_FR1concat.csv,FR1
1096.0,FED001_FR1concat.csv,FR1
328.0,FED001_FR1concat.csv,FR1
868.0,FED001_FR1concat.csv,FR1
21.0,FED001_FR1concat.csv,FR1
431.0,FED001_FR1concat.csv,FR1
2041.0,FED001_FR1concat.csv,FR1
305.0,FED001_FR1concat.csv,FR1
552.0,FED001_FR1concat.csv,FR1
402.0,FED001_FR1concat.csv,FR1
491.0,FED001_FR1concat.csv,FR1
244.0,FED001_FR1concat.csv,FR1
431.0,FED001_FR1concat.csv,FR1
523.0,FED001_FR1concat.csv,FR1
221.0,FED001_FR1concat.csv,FR1
235.0,FED001_FR1concat.csv,FR1
622.0,FED001_FR1concat.csv,FR1
370.0,FED001_FR1concat.csv,FR1
272.0,FED001_FR1concat.csv,FR1
680.0,FED001_FR1concat.csv,FR1
313.0,FED001_FR1concat.csv,FR1
332.0,FED001_FR1concat.csv,FR1
371.0,FED001_FR1concat.csv,FR1
1707.0,FED001_FR1concat.csv,FR1
30.0,FED001_FR1concat.csv,FR1
38.0,FED001_FR1concat.csv,FR1
954.0,FED001_FR1concat.csv,FR1
679.0,FED001_FR1concat.csv,FR1
6066.0,FED001_FR1concat.csv,FR1
41.0,FED001_FR1concat.csv,FR1
43.0,FED001_FR1concat.csv,FR1
48.0,FED001_FR1concat.csv,FR1
37.0,FED001_FR1concat.csv,FR1
39.0,FED001_FR1concat.csv,FR1
3419.0,FED001_FR1concat.csv,FR1
38.0,FED001_FR1concat.csv,FR1
942.0,FED001_FR1concat.csv,FR1
367.0,FED001_FR1concat.csv,FR1
300.0,FED001_FR1concat.csv,FR1
648.0,FED001_FR1concat.csv,FR1
250.0,FED001_FR1concat.csv,FR1
268.0,FED001_FR1concat.csv,FR1
691.0,FED001_FR1concat.csv,FR1
232.0,FED001_FR1concat.csv,FR1
1394.0,FED001_FR1concat.csv,FR1
140.0,FED001_FR1concat.csv,FR1
835.0,FED001_FR1concat.csv,FR1
8872.0,FED001_FR1concat.csv,FR1
9.0,FED001_FR1concat.csv,FR1
45.0,FED001_FR1concat.csv,FR1
3759.0,FED001_FR1concat.csv,FR1
3449.0,FED001_FR1concat.csv,FR1
50.0,FED001_FR1concat.csv,FR1
42.0,FED001_FR1concat.csv,FR1
518.0,FED001_FR1concat.csv,FR1
5986.0,FED001_FR1concat.csv,FR1
34.0,FED001_FR1concat.csv,FR1
31.0,FED001_FR1concat.csv,FR1
36.0,FED001_FR1concat.csv,FR1
71.0,FED001_FR1concat.csv,FR1
1615.0,FED001_FR1concat.csv,FR1
3028.0,FED001_FR1concat.csv,FR1
501.0,FED001_FR1concat.csv,FR1
32.0,FED001_FR1concat.csv,FR1
37.0,FED001_FR1concat.csv,FR1
41.0,FED001_FR1concat.csv,FR1
2359.0,FED001_FR1concat.csv,FR1
219.0,FED001_FR1concat.csv,FR1
2185.0,FED001_FR1concat.csv,FR1
71.0,FED001_FR1concat.csv,FR1
26.0,FED001_FR1concat.csv,FR1
32.0,FED001_FR1concat.csv,FR1
31.0,FED008_FR1concat.csv,FR1
22.0,FED008_FR1concat.csv,FR1
29.0,FED008_FR1concat.csv,FR1
29.0,FED008_FR1concat.csv,FR1
806.0,FED008_FR1concat.csv,FR1
1536.0,FED008_FR1concat.csv,FR1
23.0,FED008_FR1concat.csv,FR1
22.0,FED008_FR1concat.csv,FR1
33.0,FED008_FR1concat.csv,FR1
77.0,FED008_FR1concat.csv,FR1
1573.0,FED008_FR1concat.csv,FR1
24.0,FED008_FR1concat.csv,FR1
24.0,FED008_FR1concat.csv,FR1
40.0,FED008_FR1concat.csv,FR1
30.0,FED008_FR1concat.csv,FR1
30.0,FED008_FR1concat.csv,FR1
1692.0,FED008_FR1concat.csv,FR1
19.0,FED008_FR1concat.csv,FR1
21.0,FED008_FR1concat.csv,FR1
24.0,FED008_FR1concat.csv,FR1
23.0,FED008_FR1concat.csv,FR1
450.0,FED008_FR1concat.csv,FR1
187.0,FED008_FR1concat.csv,FR1
421.0,FED008_FR1concat.csv,FR1
48.0,FED008_FR1concat.csv,FR1
30.0,FED008_FR1concat.csv,FR1
134.0,FED008_FR1concat.csv,FR1
261.0,FED008_FR1concat.csv,FR1
515.0,FED008_FR1concat.csv,FR1
306.0,FED008_FR1concat.csv,FR1
156.0,FED008_FR1concat.csv,FR1
109.0,FED008_FR1concat.csv,FR1
665.0,FED008_FR1concat.csv,FR1
37.0,FED008_FR1concat.csv,FR1
44.0,FED008_FR1concat.csv,FR1
55.0,FED008_FR1concat.csv,FR1
234.0,FED008_FR1concat.csv,FR1
420.0,FED008_FR1concat.csv,FR1
322.0,FED008_FR1concat.csv,FR1
16.0,FED008_FR1concat.csv,FR1
38.0,FED008_FR1concat.csv,FR1
31.0,FED008_FR1concat.csv,FR1
274.0,FED008_FR1concat.csv,FR1
622.0,FED008_FR1concat.csv,FR1
30.0,FED008_FR1concat.csv,FR1
15.0,FED008_FR1concat.csv,FR1
22.0,FED008_FR1concat.csv,FR1
19.0,FED008_FR1concat.csv,FR1
418.0,FED008_FR1concat.csv,FR1
26.0,FED008_FR1concat.csv,FR1
18.0,FED008_FR1concat.csv,FR1
25.0,FED008_FR1concat.csv,FR1
22.0,FED008_FR1concat.csv,FR1
32.0,FED008_FR1concat.csv,FR1
459.0,FED008_FR1concat.csv,FR1
22.0,FED008_FR1concat.csv,FR1
1698.0,FED008_FR1concat.csv,FR1
26.0,FED008_FR1concat.csv,FR1
25.0,FED008_FR1concat.csv,FR1
575.0,FED008_FR1concat.csv,FR1
31.0,FED008_FR1concat.csv,FR1
25.0,FED008_FR1concat.csv,FR1
30.0,FED008_FR1concat.csv,FR1
49.0,FED008_FR1concat.csv,FR1
971.0,FED008_FR1concat.csv,FR1
501.0,FED008_FR1concat.csv,FR1
23.0,FED008_FR1concat.csv,FR1
31.0,FED008_FR1concat.csv,FR1
183.0,FED008_FR1concat.csv,FR1
699.0,FED008_FR1concat.csv,FR1
135.0,FED008_FR1concat.csv,FR1
25.0,FED008_FR1concat.csv,FR1
99.0,FED008_FR1concat.csv,FR1
1699.0,FED008_FR1concat.csv,FR1
24.0,FED008_FR1concat.csv,FR1
18.0,FED008_FR1concat.csv,FR1
22.0,FED008_FR1concat.csv,FR1
23.0,FED008_FR1concat.csv,FR1
28.0,FED008_FR1concat.csv,FR1
38.0,FED008_FR1concat.csv,FR1
667.0,FED008_FR1concat.csv,FR1
21.0,FED008_FR1concat.csv,FR1
22.0,FED008_FR1concat.csv,FR1
34.0,FED008_FR1concat.csv,FR1
715.0,FED008_FR1concat.csv,FR1
558.0,FED008_FR1concat.csv,FR1
447.0,FED008_FR1concat.csv,FR1
590.0,FED008_FR1concat.csv,FR1
367.0,FED008_FR1concat.csv,FR1
34.0,FED008_FR1concat.csv,FR1
166.0,FED008_FR1concat.csv,FR1
36.0,FED008_FR1concat.csv,FR1
22.0,FED008_FR1concat.csv,FR1
57.0,FED008_FR1concat.csv,FR1
919.0,FED008_FR1concat.csv,FR1
59.0,FED008_FR1concat.csv,FR1
645.0,FED008_FR1concat.csv,FR1
59.0,FED008_FR1concat.csv,FR1
851.0,FED008_FR1concat.csv,FR1
1066.0,FED008_FR1concat.csv,FR1
194.0,FED008_FR1concat.csv,FR1
59.0,FED008_FR1concat.csv,FR1
132.0,FED008_FR1concat.csv,FR1
809.0,FED008_FR1concat.csv,FR1
59.0,FED008_FR1concat.csv,FR1
110.0,FED008_FR1concat.csv,FR1
538.0,FED008_FR1concat.csv,FR1
1607.0,FED008_FR1concat.csv,FR1
28.0,FED008_FR1concat.csv,FR1
19.0,FED008_FR1concat.csv,FR1
18.0,FED008_FR1concat.csv,FR1
1492.0,FED008_FR1concat.csv,FR1
4295.0,FED008_FR1concat.csv,FR1
44.0,FED008_FR1concat.csv,FR1
24.0,FED008_FR1concat.csv,FR1
25.0,FED008_FR1concat.csv,FR1
37.0,FED008_FR1concat.csv,FR1
24.0,FED008_FR1concat.csv,FR1
26.0,FED008_FR1concat.csv,FR1
44.0,FED008_FR1concat.csv,FR1
29.0,FED008_FR1concat.csv,FR1
1058.0,FED008_FR1concat.csv,FR1
20.0,FED008_FR1concat.csv,FR1
373.0,FED008_FR1concat.csv,FR1
47.0,FED008_FR1concat.csv,FR1
1212.0,FED008_FR1concat.csv,FR1
62.0,FED008_FR1concat.csv,FR1
4520.0,FED008_FR1concat.csv,FR1
39.0,FED008_FR1concat.csv,FR1
22.0,FED008_FR1concat.csv,FR1
90.0,FED008_FR1concat.csv,FR1
359.0,FED008_FR1concat.csv,FR1
74.0,FED008_FR1concat.csv,FR1
674.0,FED008_FR1concat.csv,FR1
572.0,FED008_FR1concat.csv,FR1
3352.0,FED008_FR1concat.csv,FR1
35.0,FED008_FR1concat.csv,FR1
21.0,FED008_FR1concat.csv,FR1
19.0,FED008_FR1concat.csv,FR1
28.0,FED008_FR1concat.csv,FR1
737.0,FED008_FR1concat.csv,FR1
1113.0,FED008_FR1concat.csv,FR1
7438.0,FED008_FR1concat.csv,FR1
52.0,FED008_FR1concat.csv,FR1
1850.0,FED008_FR1concat.csv,FR1
13392.0,FED008_FR1concat.csv,FR1
49.0,FED008_FR1concat.csv,FR1
26.0,FED008_FR1concat.csv,FR1
177.0,FED008_FR1concat.csv,FR1
108.0,FED008_FR1concat.csv,FR1
184.0,FED008_FR1concat.csv,FR1
1820.0,FED008_FR1concat.csv,FR1
223.0,FED008_FR1concat.csv,FR1
173.0,FED008_FR1concat.csv,FR1
214.0,FED008_FR1concat.csv,FR1
5270.0,FED008_FR1concat.csv,FR1
40.0,FED008_FR1concat.csv,FR1
29.0,FED008_FR1concat.csv,FR1
24.0,FED008_FR1concat.csv,FR1
27.0,FED008_FR1concat.csv,FR1
40.0,FED008_FR1concat.csv,FR1
3429.0,FED008_FR1concat.csv,FR1
72.0,FED008_FR1concat.csv,FR1
21.0,FED008_FR1concat.csv,FR1
30.0,FED008_FR1concat.csv,FR1
21.0,FED008_FR1concat.csv,FR1
799.0,FED008_FR1concat.csv,FR1
141.0,FED008_FR1concat.csv,FR1
31.0,FED008_FR1concat.csv,FR1
1618.0,FED008_FR1concat.csv,FR1
144.0,FED008_FR1concat.csv,FR1
23.0,FED008_FR1concat.csv,FR1
370.0,FED008_FR1concat.csv,FR1
23.0,FED008_FR1concat.csv,FR1
1706.0,FED008_FR1concat.csv,FR1
37.0,FED008_FR1concat.csv,FR1
28.0,FED008_FR1concat.csv,FR1
24.0,FED008_FR1concat.csv,FR1
30.0,FED008_FR1concat.csv,FR1
893.0,FED008_FR1concat.csv,FR1
264.0,FED008_FR1concat.csv,FR1
31.0,FED008_FR1concat.csv,FR1
29.0,FED008_FR1concat.csv,FR1
35.0,FED008_FR1concat.csv,FR1
34.0,FED008_FR1concat.csv,FR1
655.0,FED008_FR1concat.csv,FR1
24.0,FED008_FR1concat.csv,FR1
18.0,FED008_FR1concat.csv,FR1
20.0,FED008_FR1concat.csv,FR1
17.0,FED008_FR1concat.csv,FR1
1123.0,FED008_FR1concat.csv,FR1
261.0,FED008_FR1concat.csv,FR1
23.0,FED008_FR1concat.csv,FR1
320.0,FED008_FR1concat.csv,FR1
74.0,FED008_FR1concat.csv,FR1
43.0,FED008_FR1concat.csv,FR1
420.0,FED008_FR1concat.csv,FR1
42.0,FED008_FR1concat.csv,FR1
226.0,FED008_FR1concat.csv,FR1
757.0,FED008_FR1concat.csv,FR1
35.0,FED008_FR1concat.csv,FR1
296.0,FED008_FR1concat.csv,FR1
92.0,FED008_FR1concat.csv,FR1
534.0,FED008_FR1concat.csv,FR1
79.0,FED008_FR1concat.csv,FR1
23.0,FED008_FR1concat.csv,FR1
393.0,FED008_FR1concat.csv,FR1
322.0,FED008_FR1concat.csv,FR1
89.0,FED008_FR1concat.csv,FR1
28.0,FED008_FR1concat.csv,FR1
250.0,FED008_FR1concat.csv,FR1
82.0,FED008_FR1concat.csv,FR1
76.0,FED008_FR1concat.csv,FR1
276.0,FED008_FR1concat.csv,FR1
309.0,FED008_FR1concat.csv,FR1
168.0,FED008_FR1concat.csv,FR1
490.0,FED008_FR1concat.csv,FR1
121.0,FED008_FR1concat.csv,FR1
155.0,FED008_FR1concat.csv,FR1
1070.0,FED008_FR1concat.csv,FR1
17.0,FED008_FR1concat.csv,FR1
28.0,FED008_FR1concat.csv,FR1
29.0,FED008_FR1concat.csv,FR1
24.0,FED008_FR1concat.csv,FR1
400.0,FED008_FR1concat.csv,FR1
475.0,FED008_FR1concat.csv,FR1
1396.0,FED008_FR1concat.csv,FR1
22.0,FED008_FR1concat.csv,FR1
28.0,FED008_FR1concat.csv,FR1
29.0,FED008_FR1concat.csv,FR1
24.0,FED008_FR1concat.csv,FR1
32.0,FED008_FR1concat.csv,FR1
1714.0,FED008_FR1concat.csv,FR1
22.0,FED008_FR1concat.csv,FR1
32.0,FED008_FR1concat.csv,FR1
511.0,FED008_FR1concat.csv,FR1
54.0,FED008_FR1concat.csv,FR1
43.0,FED008_FR1concat.csv,FR1
538.0,FED008_FR1concat.csv,FR1
584.0,FED008_FR1concat.csv,FR1
21.0,FED008_FR1concat.csv,FR1
23.0,FED008_FR1concat.csv,FR1
178.0,FED008_FR1concat.csv,FR1
744.0,FED008_FR1concat.csv,FR1
243.0,FED008_FR1concat.csv,FR1
493.0,FED008_FR1concat.csv,FR1
36.0,FED008_FR1concat.csv,FR1
17.0,FED008_FR1concat.csv,FR1
242.0,FED008_FR1concat.csv,FR1
104.0,FED008_FR1concat.csv,FR1
728.0,FED008_FR1concat.csv,FR1
367.0,FED008_FR1concat.csv,FR1
163.0,FED008_FR1concat.csv,FR1
248.0,FED008_FR1concat.csv,FR1
593.0,FED008_FR1concat.csv,FR1
27.0,FED008_FR1concat.csv,FR1
361.0,FED008_FR1concat.csv,FR1
21.0,FED008_FR1concat.csv,FR1
22.0,FED008_FR1concat.csv,FR1
723.0,FED008_FR1concat.csv,FR1
225.0,FED008_FR1concat.csv,FR1
447.0,FED008_FR1concat.csv,FR1
5561.0,FED008_FR1concat.csv,FR1
32.0,FED008_FR1concat.csv,FR1
21.0,FED008_FR1concat.csv,FR1
24.0,FED008_FR1concat.csv,FR1
51.0,FED008_FR1concat.csv,FR1
5.0,FED008_FR1concat.csv,FR1
23.0,FED008_FR1concat.csv,FR1
578.0,FED008_FR1concat.csv,FR1
565.0,FED008_FR1concat.csv,FR1
263.0,FED008_FR1concat.csv,FR1
453.0,FED008_FR1concat.csv,FR1
807.0,FED008_FR1concat.csv,FR1
29.0,FED008_FR1concat.csv,FR1
36.0,FED008_FR1concat.csv,FR1
27.0,FED008_FR1concat.csv,FR1
1255.0,FED008_FR1concat.csv,FR1
221.0,FED008_FR1concat.csv,FR1
35.0,FED008_FR1concat.csv,FR1
144.0,FED008_FR1concat.csv,FR1
575.0,FED008_FR1concat.csv,FR1
5604.0,FED008_FR1concat.csv,FR1
59.0,FED008_FR1concat.csv,FR1
83.0,FED008_FR1concat.csv,FR1
63.0,FED008_FR1concat.csv,FR1
33.0,FED008_FR1concat.csv,FR1
290.0,FED008_FR1concat.csv,FR1
439.0,FED008_FR1concat.csv,FR1
31.0,FED008_FR1concat.csv,FR1
43.0,FED008_FR1concat.csv,FR1
593.0,FED008_FR1concat.csv,FR1
415.0,FED008_FR1concat.csv,FR1
1403.0,FED008_FR1concat.csv,FR1
232.0,FED008_FR1concat.csv,FR1
4820.0,FED008_FR1concat.csv,FR1
32.0,FED008_FR1concat.csv,FR1
27.0,FED008_FR1concat.csv,FR1
31.0,FED008_FR1concat.csv,FR1
24.0,FED008_FR1concat.csv,FR1
35.0,FED008_FR1concat.csv,FR1
5149.0,FED008_FR1concat.csv,FR1
63.0,FED008_FR1concat.csv,FR1
1444.0,FED008_FR1concat.csv,FR1
820.0,FED008_FR1concat.csv,FR1
8115.0,FED008_FR1concat.csv,FR1
48.0,FED008_FR1concat.csv,FR1
945.0,FED008_FR1concat.csv,FR1
32.0,FED008_FR1concat.csv,FR1
43.0,FED008_FR1concat.csv,FR1
1107.0,FED008_FR1concat.csv,FR1
4628.0,FED008_FR1concat.csv,FR1
26.0,FED008_FR1concat.csv,FR1
22.0,FED008_FR1concat.csv,FR1
3898.0,FED008_FR1concat.csv,FR1
30.0,FED008_FR1concat.csv,FR1
25.0,FED008_FR1concat.csv,FR1
856.0,FED008_FR1concat.csv,FR1
5122.0,FED008_FR1concat.csv,FR1
30.0,FED008_FR1concat.csv,FR1
22.0,FED008_FR1concat.csv,FR1
39.0,FED008_FR1concat.csv,FR1
1407.0,FED008_FR1concat.csv,FR1
30.0,FED008_FR1concat.csv,FR1
54.0,FED008_FR1concat.csv,FR1
28.0,FED007_FR1concat.csv,FR1
62.0,FED007_FR1concat.csv,FR1
268.0,FED007_FR1concat.csv,FR1
6455.0,FED007_FR1concat.csv,FR1
27.0,FED007_FR1concat.csv,FR1
31.0,FED007_FR1concat.csv,FR1
30.0,FED007_FR1concat.csv,FR1
28.0,FED007_FR1concat.csv,FR1
31.0,FED007_FR1concat.csv,FR1
25.0,FED007_FR1concat.csv,FR1
28.0,FED007_FR1concat.csv,FR1
79.0,FED007_FR1concat.csv,FR1
2652.0,FED007_FR1concat.csv,FR1
30.0,FED007_FR1concat.csv,FR1
36.0,FED007_FR1concat.csv,FR1
30.0,FED007_FR1concat.csv,FR1
24.0,FED007_FR1concat.csv,FR1
26.0,FED007_FR1concat.csv,FR1
23.0,FED007_FR1concat.csv,FR1
21.0,FED007_FR1concat.csv,FR1
25.0,FED007_FR1concat.csv,FR1
380.0,FED007_FR1concat.csv,FR1
232.0,FED007_FR1concat.csv,FR1
249.0,FED007_FR1concat.csv,FR1
273.0,FED007_FR1concat.csv,FR1
322.0,FED007_FR1concat.csv,FR1
72.0,FED007_FR1concat.csv,FR1
27.0,FED007_FR1concat.csv,FR1
37.0,FED007_FR1concat.csv,FR1
36.0,FED007_FR1concat.csv,FR1
1597.0,FED007_FR1concat.csv,FR1
24.0,FED007_FR1concat.csv,FR1
22.0,FED007_FR1concat.csv,FR1
27.0,FED007_FR1concat.csv,FR1
23.0,FED007_FR1concat.csv,FR1
26.0,FED007_FR1concat.csv,FR1
25.0,FED007_FR1concat.csv,FR1
26.0,FED007_FR1concat.csv,FR1
31.0,FED007_FR1concat.csv,FR1
37.0,FED007_FR1concat.csv,FR1
1196.0,FED007_FR1concat.csv,FR1
34.0,FED007_FR1concat.csv,FR1
25.0,FED007_FR1concat.csv,FR1
34.0,FED007_FR1concat.csv,FR1
38.0,FED007_FR1concat.csv,FR1
2084.0,FED007_FR1concat.csv,FR1
32.0,FED007_FR1concat.csv,FR1
30.0,FED007_FR1concat.csv,FR1
24.0,FED007_FR1concat.csv,FR1
24.0,FED007_FR1concat.csv,FR1
1316.0,FED007_FR1concat.csv,FR1
25.0,FED007_FR1concat.csv,FR1
22.0,FED007_FR1concat.csv,FR1
23.0,FED007_FR1concat.csv,FR1
22.0,FED007_FR1concat.csv,FR1
24.0,FED007_FR1concat.csv,FR1
29.0,FED007_FR1concat.csv,FR1
2038.0,FED007_FR1concat.csv,FR1
25.0,FED007_FR1concat.csv,FR1
251.0,FED007_FR1concat.csv,FR1
395.0,FED007_FR1concat.csv,FR1
26.0,FED007_FR1concat.csv,FR1
21.0,FED007_FR1concat.csv,FR1
65.0,FED007_FR1concat.csv,FR1
22.0,FED007_FR1concat.csv,FR1
26.0,FED007_FR1concat.csv,FR1
25.0,FED007_FR1concat.csv,FR1
25.0,FED007_FR1concat.csv,FR1
53.0,FED007_FR1concat.csv,FR1
2905.0,FED007_FR1concat.csv,FR1
26.0,FED007_FR1concat.csv,FR1
24.0,FED007_FR1concat.csv,FR1
43.0,FED007_FR1concat.csv,FR1
20.0,FED007_FR1concat.csv,FR1
22.0,FED007_FR1concat.csv,FR1
23.0,FED007_FR1concat.csv,FR1
27.0,FED007_FR1concat.csv,FR1
25.0,FED007_FR1concat.csv,FR1
45.0,FED007_FR1concat.csv,FR1
3392.0,FED007_FR1concat.csv,FR1
134.0,FED007_FR1concat.csv,FR1
226.0,FED007_FR1concat.csv,FR1
770.0,FED007_FR1concat.csv,FR1
27.0,FED007_FR1concat.csv,FR1
312.0,FED007_FR1concat.csv,FR1
322.0,FED007_FR1concat.csv,FR1
46.0,FED007_FR1concat.csv,FR1
26.0,FED007_FR1concat.csv,FR1
1076.0,FED007_FR1concat.csv,FR1
60.0,FED007_FR1concat.csv,FR1
172.0,FED007_FR1concat.csv,FR1
2890.0,FED007_FR1concat.csv,FR1
21.0,FED007_FR1concat.csv,FR1
27.0,FED007_FR1concat.csv,FR1
20.0,FED007_FR1concat.csv,FR1
23.0,FED007_FR1concat.csv,FR1
22.0,FED007_FR1concat.csv,FR1
28.0,FED007_FR1concat.csv,FR1
21.0,FED007_FR1concat.csv,FR1
25.0,FED007_FR1concat.csv,FR1
2530.0,FED007_FR1concat.csv,FR1
4972.0,FED007_FR1concat.csv,FR1
24.0,FED007_FR1concat.csv,FR1
26.0,FED007_FR1concat.csv,FR1
24.0,FED007_FR1concat.csv,FR1
24.0,FED007_FR1concat.csv,FR1
25.0,FED007_FR1concat.csv,FR1
1417.0,FED007_FR1concat.csv,FR1
2216.0,FED007_FR1concat.csv,FR1
21.0,FED007_FR1concat.csv,FR1
28.0,FED007_FR1concat.csv,FR1
28.0,FED007_FR1concat.csv,FR1
1488.0,FED007_FR1concat.csv,FR1
30.0,FED007_FR1concat.csv,FR1
28.0,FED007_FR1concat.csv,FR1
81.0,FED007_FR1concat.csv,FR1
1443.0,FED007_FR1concat.csv,FR1
42.0,FED007_FR1concat.csv,FR1
27.0,FED007_FR1concat.csv,FR1
28.0,FED007_FR1concat.csv,FR1
32.0,FED007_FR1concat.csv,FR1
523.0,FED007_FR1concat.csv,FR1
31.0,FED007_FR1concat.csv,FR1
1028.0,FED007_FR1concat.csv,FR1
36.0,FED007_FR1concat.csv,FR1
1013.0,FED007_FR1concat.csv,FR1
23.0,FED007_FR1concat.csv,FR1
288.0,FED007_FR1concat.csv,FR1
537.0,FED007_FR1concat.csv,FR1
901.0,FED007_FR1concat.csv,FR1
33.0,FED007_FR1concat.csv,FR1
1305.0,FED007_FR1concat.csv,FR1
17488.0,FED007_FR1concat.csv,FR1
38.0,FED007_FR1concat.csv,FR1
33.0,FED007_FR1concat.csv,FR1
30.0,FED007_FR1concat.csv,FR1
30.0,FED007_FR1concat.csv,FR1
7310.0,FED007_FR1concat.csv,FR1
216.0,FED007_FR1concat.csv,FR1
3518.0,FED007_FR1concat.csv,FR1
38.0,FED007_FR1concat.csv,FR1
34.0,FED007_FR1concat.csv,FR1
23.0,FED007_FR1concat.csv,FR1
25.0,FED007_FR1concat.csv,FR1
28.0,FED007_FR1concat.csv,FR1
25.0,FED007_FR1concat.csv,FR1
2737.0,FED007_FR1concat.csv,FR1
35.0,FED007_FR1concat.csv,FR1
98.0,FED007_FR1concat.csv,FR1
3916.0,FED007_FR1concat.csv,FR1
2131.0,FED007_FR1concat.csv,FR1
29.0,FED007_FR1concat.csv,FR1
36.0,FED007_FR1concat.csv,FR1
23.0,FED007_FR1concat.csv,FR1
23.0,FED007_FR1concat.csv,FR1
35.0,FED007_FR1concat.csv,FR1
2619.0,FED007_FR1concat.csv,FR1
27.0,FED007_FR1concat.csv,FR1
351.0,FED007_FR1concat.csv,FR1
33.0,FED007_FR1concat.csv,FR1
33.0,FED007_FR1concat.csv,FR1
327.0,FED007_FR1concat.csv,FR1
29.0,FED007_FR1concat.csv,FR1
593.0,FED007_FR1concat.csv,FR1
187.0,FED007_FR1concat.csv,FR1
204.0,FED007_FR1concat.csv,FR1
568.0,FED007_FR1concat.csv,FR1
250.0,FED007_FR1concat.csv,FR1
363.0,FED007_FR1concat.csv,FR1
37.0,FED007_FR1concat.csv,FR1
285.0,FED007_FR1concat.csv,FR1
219.0,FED007_FR1concat.csv,FR1
378.0,FED007_FR1concat.csv,FR1
48.0,FED007_FR1concat.csv,FR1
1011.0,FED007_FR1concat.csv,FR1
33.0,FED007_FR1concat.csv,FR1
26.0,FED007_FR1concat.csv,FR1
27.0,FED007_FR1concat.csv,FR1
26.0,FED007_FR1concat.csv,FR1
23.0,FED007_FR1concat.csv,FR1
28.0,FED007_FR1concat.csv,FR1
28.0,FED007_FR1concat.csv,FR1
673.0,FED007_FR1concat.csv,FR1
271.0,FED007_FR1concat.csv,FR1
167.0,FED007_FR1concat.csv,FR1
1137.0,FED007_FR1concat.csv,FR1
36.0,FED007_FR1concat.csv,FR1
27.0,FED007_FR1concat.csv,FR1
24.0,FED007_FR1concat.csv,FR1
54.0,FED007_FR1concat.csv,FR1
1098.0,FED007_FR1concat.csv,FR1
32.0,FED007_FR1concat.csv,FR1
23.0,FED007_FR1concat.csv,FR1
30.0,FED007_FR1concat.csv,FR1
30.0,FED007_FR1concat.csv,FR1
1352.0,FED007_FR1concat.csv,FR1
28.0,FED007_FR1concat.csv,FR1
2248.0,FED007_FR1concat.csv,FR1
381.0,FED007_FR1concat.csv,FR1
72.0,FED007_FR1concat.csv,FR1
264.0,FED007_FR1concat.csv,FR1
301.0,FED007_FR1concat.csv,FR1
191.0,FED007_FR1concat.csv,FR1
227.0,FED007_FR1concat.csv,FR1
755.0,FED007_FR1concat.csv,FR1
32.0,FED007_FR1concat.csv,FR1
42.0,FED007_FR1concat.csv,FR1
2874.0,FED007_FR1concat.csv,FR1
29.0,FED007_FR1concat.csv,FR1
26.0,FED007_FR1concat.csv,FR1
29.0,FED007_FR1concat.csv,FR1
25.0,FED007_FR1concat.csv,FR1
30.0,FED007_FR1concat.csv,FR1
28.0,FED007_FR1concat.csv,FR1
29.0,FED007_FR1concat.csv,FR1
22.0,FED007_FR1concat.csv,FR1
2433.0,FED007_FR1concat.csv,FR1
37.0,FED007_FR1concat.csv,FR1
27.0,FED007_FR1concat.csv,FR1
34.0,FED007_FR1concat.csv,FR1
644.0,FED007_FR1concat.csv,FR1
32.0,FED007_FR1concat.csv,FR1
31.0,FED007_FR1concat.csv,FR1
45.0,FED007_FR1concat.csv,FR1
3489.0,FED007_FR1concat.csv,FR1
37.0,FED007_FR1concat.csv,FR1
22.0,FED007_FR1concat.csv,FR1
23.0,FED007_FR1concat.csv,FR1
33.0,FED007_FR1concat.csv,FR1
210.0,FED007_FR1concat.csv,FR1
34.0,FED007_FR1concat.csv,FR1
26.0,FED007_FR1concat.csv,FR1
122.0,FED007_FR1concat.csv,FR1
173.0,FED007_FR1concat.csv,FR1
3288.0,FED007_FR1concat.csv,FR1
8.0,FED007_FR1concat.csv,FR1
32.0,FED007_FR1concat.csv,FR1
47.0,FED007_FR1concat.csv,FR1
3055.0,FED007_FR1concat.csv,FR1
50.0,FED007_FR1concat.csv,FR1
25.0,FED007_FR1concat.csv,FR1
26.0,FED007_FR1concat.csv,FR1
1411.0,FED007_FR1concat.csv,FR1
53.0,FED007_FR1concat.csv,FR1
2167.0,FED007_FR1concat.csv,FR1
21.0,FED007_FR1concat.csv,FR1
162.0,FED007_FR1concat.csv,FR1
243.0,FED007_FR1concat.csv,FR1
215.0,FED007_FR1concat.csv,FR1
999.0,FED007_FR1concat.csv,FR1
202.0,FED007_FR1concat.csv,FR1
27.0,FED007_FR1concat.csv,FR1
819.0,FED007_FR1concat.csv,FR1
1996.0,FED007_FR1concat.csv,FR1
38.0,FED007_FR1concat.csv,FR1
2261.0,FED007_FR1concat.csv,FR1
41.0,FED007_FR1concat.csv,FR1
33.0,FED007_FR1concat.csv,FR1
32.0,FED007_FR1concat.csv,FR1
1122.0,FED007_FR1concat.csv,FR1
161.0,FED007_FR1concat.csv,FR1
912.0,FED007_FR1concat.csv,FR1
1246.0,FED007_FR1concat.csv,FR1
11643.0,FED007_FR1concat.csv,FR1
36.0,FED007_FR1concat.csv,FR1
29.0,FED007_FR1concat.csv,FR1
34.0,FED007_FR1concat.csv,FR1
32.0,FED007_FR1concat.csv,FR1
12915.0,FED007_FR1concat.csv,FR1
106.0,FED007_FR1concat.csv,FR1
6905.0,FED007_FR1concat.csv,FR1
36.0,FED007_FR1concat.csv,FR1
32.0,FED007_FR1concat.csv,FR1
29.0,FED007_FR1concat.csv,FR1
31.0,FED007_FR1concat.csv,FR1
34.0,FED009_FR1concat.csv,FR1
24.0,FED009_FR1concat.csv,FR1
1419.0,FED009_FR1concat.csv,FR1
28.0,FED009_FR1concat.csv,FR1
3274.0,FED009_FR1concat.csv,FR1
22.0,FED009_FR1concat.csv,FR1
21.0,FED009_FR1concat.csv,FR1
18.0,FED009_FR1concat.csv,FR1
23.0,FED009_FR1concat.csv,FR1
35.0,FED009_FR1concat.csv,FR1
1947.0,FED009_FR1concat.csv,FR1
251.0,FED009_FR1concat.csv,FR1
225.0,FED009_FR1concat.csv,FR1
122.0,FED009_FR1concat.csv,FR1
451.0,FED009_FR1concat.csv,FR1
94.0,FED009_FR1concat.csv,FR1
65.0,FED009_FR1concat.csv,FR1
627.0,FED009_FR1concat.csv,FR1
213.0,FED009_FR1concat.csv,FR1
829.0,FED009_FR1concat.csv,FR1
22.0,FED009_FR1concat.csv,FR1
215.0,FED009_FR1concat.csv,FR1
293.0,FED009_FR1concat.csv,FR1
308.0,FED009_FR1concat.csv,FR1
201.0,FED009_FR1concat.csv,FR1
218.0,FED009_FR1concat.csv,FR1
98.0,FED009_FR1concat.csv,FR1
113.0,FED009_FR1concat.csv,FR1
16.0,FED009_FR1concat.csv,FR1
957.0,FED009_FR1concat.csv,FR1
21.0,FED009_FR1concat.csv,FR1
21.0,FED009_FR1concat.csv,FR1
19.0,FED009_FR1concat.csv,FR1
526.0,FED009_FR1concat.csv,FR1
35.0,FED009_FR1concat.csv,FR1
89.0,FED009_FR1concat.csv,FR1
113.0,FED009_FR1concat.csv,FR1
1.0,FED009_FR1concat.csv,FR1
897.0,FED009_FR1concat.csv,FR1
22.0,FED009_FR1concat.csv,FR1
986.0,FED009_FR1concat.csv,FR1
54.0,FED009_FR1concat.csv,FR1
26.0,FED009_FR1concat.csv,FR1
34.0,FED009_FR1concat.csv,FR1
234.0,FED009_FR1concat.csv,FR1
21.0,FED009_FR1concat.csv,FR1
28.0,FED009_FR1concat.csv,FR1
446.0,FED009_FR1concat.csv,FR1
313.0,FED009_FR1concat.csv,FR1
277.0,FED009_FR1concat.csv,FR1
389.0,FED009_FR1concat.csv,FR1
486.0,FED009_FR1concat.csv,FR1
97.0,FED009_FR1concat.csv,FR1
45.0,FED009_FR1concat.csv,FR1
11.0,FED009_FR1concat.csv,FR1
1483.0,FED009_FR1concat.csv,FR1
528.0,FED009_FR1concat.csv,FR1
19.0,FED009_FR1concat.csv,FR1
2.0,FED009_FR1concat.csv,FR1
513.0,FED009_FR1concat.csv,FR1
42.0,FED009_FR1concat.csv,FR1
7.0,FED009_FR1concat.csv,FR1
490.0,FED009_FR1concat.csv,FR1
241.0,FED009_FR1concat.csv,FR1
3441.0,FED009_FR1concat.csv,FR1
30.0,FED009_FR1concat.csv,FR1
31.0,FED009_FR1concat.csv,FR1
15.0,FED009_FR1concat.csv,FR1
39.0,FED009_FR1concat.csv,FR1
54.0,FED009_FR1concat.csv,FR1
23.0,FED009_FR1concat.csv,FR1
379.0,FED009_FR1concat.csv,FR1
515.0,FED009_FR1concat.csv,FR1
25.0,FED009_FR1concat.csv,FR1
100.0,FED009_FR1concat.csv,FR1
674.0,FED009_FR1concat.csv,FR1
1978.0,FED009_FR1concat.csv,FR1
30.0,FED009_FR1concat.csv,FR1
17.0,FED009_FR1concat.csv,FR1
22.0,FED009_FR1concat.csv,FR1
1796.0,FED009_FR1concat.csv,FR1
48.0,FED009_FR1concat.csv,FR1
27.0,FED009_FR1concat.csv,FR1
717.0,FED009_FR1concat.csv,FR1
330.0,FED009_FR1concat.csv,FR1
417.0,FED009_FR1concat.csv,FR1
86.0,FED009_FR1concat.csv,FR1
332.0,FED009_FR1concat.csv,FR1
296.0,FED009_FR1concat.csv,FR1
80.0,FED009_FR1concat.csv,FR1
896.0,FED009_FR1concat.csv,FR1
26.0,FED009_FR1concat.csv,FR1
19.0,FED009_FR1concat.csv,FR1
3351.0,FED009_FR1concat.csv,FR1
20.0,FED009_FR1concat.csv,FR1
35.0,FED009_FR1concat.csv,FR1
61.0,FED009_FR1concat.csv,FR1
737.0,FED009_FR1concat.csv,FR1
46.0,FED009_FR1concat.csv,FR1
195.0,FED009_FR1concat.csv,FR1
549.0,FED009_FR1concat.csv,FR1
82.0,FED009_FR1concat.csv,FR1
240.0,FED009_FR1concat.csv,FR1
34.0,FED009_FR1concat.csv,FR1
208.0,FED009_FR1concat.csv,FR1
94.0,FED009_FR1concat.csv,FR1
712.0,FED009_FR1concat.csv,FR1
35.0,FED009_FR1concat.csv,FR1
21.0,FED009_FR1concat.csv,FR1
723.0,FED009_FR1concat.csv,FR1
309.0,FED009_FR1concat.csv,FR1
20.0,FED009_FR1concat.csv,FR1
1369.0,FED009_FR1concat.csv,FR1
323.0,FED009_FR1concat.csv,FR1
56.0,FED009_FR1concat.csv,FR1
446.0,FED009_FR1concat.csv,FR1
200.0,FED009_FR1concat.csv,FR1
830.0,FED009_FR1concat.csv,FR1
634.0,FED009_FR1concat.csv,FR1
2755.0,FED009_FR1concat.csv,FR1
28.0,FED009_FR1concat.csv,FR1
3300.0,FED009_FR1concat.csv,FR1
504.0,FED009_FR1concat.csv,FR1
22.0,FED009_FR1concat.csv,FR1
81.0,FED009_FR1concat.csv,FR1
60.0,FED009_FR1concat.csv,FR1
602.0,FED009_FR1concat.csv,FR1
422.0,FED009_FR1concat.csv,FR1
211.0,FED009_FR1concat.csv,FR1
52.0,FED009_FR1concat.csv,FR1
284.0,FED009_FR1concat.csv,FR1
639.0,FED009_FR1concat.csv,FR1
20.0,FED009_FR1concat.csv,FR1
9257.0,FED009_FR1concat.csv,FR1
25.0,FED009_FR1concat.csv,FR1
40.0,FED009_FR1concat.csv,FR1
107.0,FED009_FR1concat.csv,FR1
3329.0,FED009_FR1concat.csv,FR1
25.0,FED009_FR1concat.csv,FR1
23.0,FED009_FR1concat.csv,FR1
1323.0,FED009_FR1concat.csv,FR1
9027.0,FED009_FR1concat.csv,FR1
20.0,FED009_FR1concat.csv,FR1
169.0,FED009_FR1concat.csv,FR1
1336.0,FED009_FR1concat.csv,FR1
91.0,FED009_FR1concat.csv,FR1
4870.0,FED009_FR1concat.csv,FR1
23.0,FED009_FR1concat.csv,FR1
18.0,FED009_FR1concat.csv,FR1
22.0,FED009_FR1concat.csv,FR1
23.0,FED009_FR1concat.csv,FR1
22.0,FED009_FR1concat.csv,FR1
6572.0,FED009_FR1concat.csv,FR1
17.0,FED009_FR1concat.csv,FR1
20.0,FED009_FR1concat.csv,FR1
24.0,FED009_FR1concat.csv,FR1
16.0,FED009_FR1concat.csv,FR1
25.0,FED009_FR1concat.csv,FR1
595.0,FED009_FR1concat.csv,FR1
44.0,FED009_FR1concat.csv,FR1
2140.0,FED009_FR1concat.csv,FR1
19.0,FED009_FR1concat.csv,FR1
644.0,FED009_FR1concat.csv,FR1
313.0,FED009_FR1concat.csv,FR1
223.0,FED009_FR1concat.csv,FR1
362.0,FED009_FR1concat.csv,FR1
267.0,FED009_FR1concat.csv,FR1
356.0,FED009_FR1concat.csv,FR1
41.0,FED009_FR1concat.csv,FR1
28.0,FED009_FR1concat.csv,FR1
119.0,FED009_FR1concat.csv,FR1
120.0,FED009_FR1concat.csv,FR1
366.0,FED009_FR1concat.csv,FR1
739.0,FED009_FR1concat.csv,FR1
5.0,FED009_FR1concat.csv,FR1
51.0,FED009_FR1concat.csv,FR1
382.0,FED009_FR1concat.csv,FR1
377.0,FED009_FR1concat.csv,FR1
431.0,FED009_FR1concat.csv,FR1
39.0,FED009_FR1concat.csv,FR1
374.0,FED009_FR1concat.csv,FR1
70.0,FED009_FR1concat.csv,FR1
21.0,FED009_FR1concat.csv,FR1
472.0,FED009_FR1concat.csv,FR1
31.0,FED009_FR1concat.csv,FR1
281.0,FED009_FR1concat.csv,FR1
12.0,FED009_FR1concat.csv,FR1
478.0,FED009_FR1concat.csv,FR1
273.0,FED009_FR1concat.csv,FR1
250.0,FED009_FR1concat.csv,FR1
19.0,FED009_FR1concat.csv,FR1
60.0,FED009_FR1concat.csv,FR1
666.0,FED009_FR1concat.csv,FR1
39.0,FED009_FR1concat.csv,FR1
184.0,FED009_FR1concat.csv,FR1
408.0,FED009_FR1concat.csv,FR1
571.0,FED009_FR1concat.csv,FR1
29.0,FED009_FR1concat.csv,FR1
1036.0,FED009_FR1concat.csv,FR1
78.0,FED009_FR1concat.csv,FR1
257.0,FED009_FR1concat.csv,FR1
460.0,FED009_FR1concat.csv,FR1
24.0,FED009_FR1concat.csv,FR1
66.0,FED009_FR1concat.csv,FR1
422.0,FED009_FR1concat.csv,FR1
417.0,FED009_FR1concat.csv,FR1
1486.0,FED009_FR1concat.csv,FR1
16.0,FED009_FR1concat.csv,FR1
124.0,FED009_FR1concat.csv,FR1
67.0,FED009_FR1concat.csv,FR1
236.0,FED009_FR1concat.csv,FR1
463.0,FED009_FR1concat.csv,FR1
58.0,FED009_FR1concat.csv,FR1
477.0,FED009_FR1concat.csv,FR1
875.0,FED009_FR1concat.csv,FR1
592.0,FED009_FR1concat.csv,FR1
236.0,FED009_FR1concat.csv,FR1
80.0,FED009_FR1concat.csv,FR1
759.0,FED009_FR1concat.csv,FR1
7117.0,FED009_FR1concat.csv,FR1
33.0,FED009_FR1concat.csv,FR1
24.0,FED009_FR1concat.csv,FR1
27.0,FED009_FR1concat.csv,FR1
39.0,FED009_FR1concat.csv,FR1
625.0,FED009_FR1concat.csv,FR1
5.0,FED009_FR1concat.csv,FR1
471.0,FED009_FR1concat.csv,FR1
41.0,FED009_FR1concat.csv,FR1
19.0,FED009_FR1concat.csv,FR1
526.0,FED009_FR1concat.csv,FR1
165.0,FED009_FR1concat.csv,FR1
275.0,FED009_FR1concat.csv,FR1
648.0,FED009_FR1concat.csv,FR1
215.0,FED009_FR1concat.csv,FR1
79.0,FED009_FR1concat.csv,FR1
21.0,FED009_FR1concat.csv,FR1
798.0,FED009_FR1concat.csv,FR1
7852.0,FED009_FR1concat.csv,FR1
54.0,FED009_FR1concat.csv,FR1
17.0,FED009_FR1concat.csv,FR1
90.0,FED009_FR1concat.csv,FR1
392.0,FED009_FR1concat.csv,FR1
54.0,FED009_FR1concat.csv,FR1
23.0,FED009_FR1concat.csv,FR1
14.0,FED009_FR1concat.csv,FR1
16.0,FED009_FR1concat.csv,FR1
324.0,FED009_FR1concat.csv,FR1
384.0,FED009_FR1concat.csv,FR1
212.0,FED009_FR1concat.csv,FR1
20.0,FED009_FR1concat.csv,FR1
218.0,FED009_FR1concat.csv,FR1
305.0,FED009_FR1concat.csv,FR1
780.0,FED009_FR1concat.csv,FR1
166.0,FED009_FR1concat.csv,FR1
622.0,FED009_FR1concat.csv,FR1
6.0,FED009_FR1concat.csv,FR1
755.0,FED009_FR1concat.csv,FR1
591.0,FED009_FR1concat.csv,FR1
819.0,FED009_FR1concat.csv,FR1
374.0,FED009_FR1concat.csv,FR1
2.0,FED009_FR1concat.csv,FR1
547.0,FED009_FR1concat.csv,FR1
756.0,FED009_FR1concat.csv,FR1
615.0,FED009_FR1concat.csv,FR1
659.0,FED009_FR1concat.csv,FR1
40.0,FED009_FR1concat.csv,FR1
689.0,FED009_FR1concat.csv,FR1
115.0,FED009_FR1concat.csv,FR1
691.0,FED009_FR1concat.csv,FR1
7922.0,FED009_FR1concat.csv,FR1
23.0,FED009_FR1concat.csv,FR1
22.0,FED009_FR1concat.csv,FR1
7231.0,FED009_FR1concat.csv,FR1
25.0,FED009_FR1concat.csv,FR1
41.0,FED009_FR1concat.csv,FR1
5555.0,FED009_FR1concat.csv,FR1
448.0,FED009_FR1concat.csv,FR1
457.0,FED009_FR1concat.csv,FR1
40.0,FED009_FR1concat.csv,FR1
7873.0,FED009_FR1concat.csv,FR1
26.0,FED009_FR1concat.csv,FR1
24.0,FED009_FR1concat.csv,FR1
29.0,FED009_FR1concat.csv,FR1
22.0,FED009_FR1concat.csv,FR1
1075.0,FED009_FR1concat.csv,FR1
679.0,FED009_FR1concat.csv,FR1
914.0,FED009_FR1concat.csv,FR1
469.0,FED009_FR1concat.csv,FR1
60.0,FED004_072224_00.CSV,Free
8.0,FED004_072224_00.CSV,Free
10.0,FED004_072224_00.CSV,Free
18.0,FED004_072224_00.CSV,Free
19.0,FED004_072224_00.CSV,Free
19.0,FED004_072224_00.CSV,Free
19.0,FED004_072224_00.CSV,Free
19.0,FED004_072224_00.CSV,Free
8.0,FED004_072224_00.CSV,Free
21.0,FED004_072224_00.CSV,Free
20.0,FED004_072224_00.CSV,Free
19.0,FED004_072224_00.CSV,Free
19.0,FED004_072224_00.CSV,Free
7798.0,FED004_072224_00.CSV,Free
13.0,FED004_072224_00.CSV,Free
28.0,FED004_072224_00.CSV,Free
18.0,FED004_072224_00.CSV,Free
21.0,FED004_072224_00.CSV,Free
20.0,FED004_072224_00.CSV,Free
17.0,FED004_072224_00.CSV,Free
24.0,FED004_072224_00.CSV,Free
3740.0,FED004_072224_00.CSV,Free
5.0,FED004_072224_00.CSV,Free
18.0,FED004_072224_00.CSV,Free
21.0,FED004_072224_00.CSV,Free
1.0,FED004_072224_00.CSV,Free
20.0,FED004_072224_00.CSV,Free
1.0,FED004_072224_00.CSV,Free
16.0,FED004_072224_00.CSV,Free
1.0,FED004_072224_00.CSV,Free
21.0,FED004_072224_00.CSV,Free
14.0,FED004_072224_00.CSV,Free
1.0,FED004_072224_00.CSV,Free
16.0,FED004_072224_00.CSV,Free
1.0,FED004_072224_00.CSV,Free
3139.0,FED004_072224_00.CSV,Free
1.0,FED004_072224_00.CSV,Free
983.0,FED004_072224_00.CSV,Free
170.0,FED004_072224_00.CSV,Free
7.0,FED004_072224_00.CSV,Free
9.0,FED004_072224_00.CSV,Free
13.0,FED004_072224_00.CSV,Free
12.0,FED004_072224_00.CSV,Free
17.0,FED004_072224_00.CSV,Free
16.0,FED004_072224_00.CSV,Free
17.0,FED004_072224_00.CSV,Free
16.0,FED004_072224_00.CSV,Free
16.0,FED004_072224_00.CSV,Free
17.0,FED004_072224_00.CSV,Free
15.0,FED004_072224_00.CSV,Free
17.0,FED004_072224_00.CSV,Free
17.0,FED004_072224_00.CSV,Free
1874.0,FED004_072224_00.CSV,Free
9.0,FED004_072224_00.CSV,Free
25.0,FED004_072224_00.CSV,Free
2.0,FED004_072224_00.CSV,Free
3.0,FED004_072224_00.CSV,Free
19.0,FED004_072224_00.CSV,Free
8.0,FED004_072224_00.CSV,Free
15.0,FED004_072224_00.CSV,Free
17.0,FED004_072224_00.CSV,Free
16.0,FED004_072224_00.CSV,Free
1.0,FED004_072224_00.CSV,Free
1834.0,FED004_072224_00.CSV,Free
3.0,FED004_072224_00.CSV,Free
19.0,FED004_072224_00.CSV,Free
16.0,FED004_072224_00.CSV,Free
6.0,FED004_072224_00.CSV,Free
7.0,FED004_072224_00.CSV,Free
20.0,FED004_072224_00.CSV,Free
15.0,FED004_072224_00.CSV,Free
18.0,FED004_072224_00.CSV,Free
16.0,FED004_072224_00.CSV,Free
17.0,FED004_072224_00.CSV,Free
1336.0,FED004_072224_00.CSV,Free
8.0,FED004_072224_00.CSV,Free
14.0,FED004_072224_00.CSV,Free
1.0,FED004_072224_00.CSV,Free
16.0,FED004_072224_00.CSV,Free
13.0,FED004_072224_00.CSV,Free
1643.0,FED004_072224_00.CSV,Free
15.0,FED004_072224_00.CSV,Free
0.0,FED004_072224_00.CSV,Free
18.0,FED004_072224_00.CSV,Free
1.0,FED004_072224_00.CSV,Free
15.0,FED004_072224_00.CSV,Free
1.0,FED004_072224_00.CSV,Free
1496.0,FED004_072224_00.CSV,Free
1.0,FED004_072224_00.CSV,Free
16.0,FED004_072224_00.CSV,Free
19.0,FED004_072224_00.CSV,Free
16.0,FED004_072224_00.CSV,Free
19.0,FED004_072224_00.CSV,Free
1.0,FED004_072224_00.CSV,Free
24.0,FED004_072224_00.CSV,Free
644.0,FED004_072224_00.CSV,Free
7.0,FED004_072224_00.CSV,Free
15.0,FED004_072224_00.CSV,Free
12.0,FED004_072224_00.CSV,Free
14.0,FED004_072224_00.CSV,Free
0.0,FED004_072224_00.CSV,Free
16.0,FED004_072224_00.CSV,Free
491.0,FED004_072224_00.CSV,Free
6.0,FED004_072224_00.CSV,Free
8.0,FED004_072224_00.CSV,Free
3.0,FED004_072224_00.CSV,Free
23.0,FED004_072224_00.CSV,Free
14.0,FED004_072224_00.CSV,Free
11.0,FED004_072224_00.CSV,Free
13.0,FED004_072224_00.CSV,Free
14.0,FED004_072224_00.CSV,Free
11.0,FED004_072224_00.CSV,Free
3956.0,FED004_072224_00.CSV,Free
2.0,FED004_072224_00.CSV,Free
7.0,FED004_072224_00.CSV,Free
16.0,FED004_072224_00.CSV,Free
16.0,FED004_072224_00.CSV,Free
18.0,FED004_072224_00.CSV,Free
20.0,FED004_072224_00.CSV,Free
1.0,FED004_072224_00.CSV,Free
16.0,FED004_072224_00.CSV,Free
14.0,FED004_072224_00.CSV,Free
1.0,FED004_072224_00.CSV,Free
19.0,FED004_072224_00.CSV,Free
1.0,FED004_072224_00.CSV,Free
17.0,FED004_072224_00.CSV,Free
16.0,FED004_072224_00.CSV,Free
21.0,FED004_072224_00.CSV,Free
19.0,FED004_072224_00.CSV,Free
8.0,FED004_072224_00.CSV,Free
16.0,FED004_072224_00.CSV,Free
14.0,FED004_072224_00.CSV,Free
17.0,FED004_072224_00.CSV,Free
17.0,FED004_072224_00.CSV,Free
16.0,FED004_072224_00.CSV,Free
17.0,FED004_072224_00.CSV,Free
2415.0,FED004_072224_00.CSV,Free
9.0,FED004_072224_00.CSV,Free
16.0,FED004_072224_00.CSV,Free
14.0,FED004_072224_00.CSV,Free
13.0,FED004_072224_00.CSV,Free
13.0,FED004_072224_00.CSV,Free
15.0,FED004_072224_00.CSV,Free
14.0,FED004_072224_00.CSV,Free
16.0,FED004_072224_00.CSV,Free
15.0,FED004_072224_00.CSV,Free
1354.0,FED004_072224_00.CSV,Free
8.0,FED004_072224_00.CSV,Free
16.0,FED004_072224_00.CSV,Free
13.0,FED004_072224_00.CSV,Free
14.0,FED004_072224_00.CSV,Free
16.0,FED004_072224_00.CSV,Free
15.0,FED004_072224_00.CSV,Free
15.0,FED004_072224_00.CSV,Free
14.0,FED004_072224_00.CSV,Free
17.0,FED004_072224_00.CSV,Free
2526.0,FED004_072224_00.CSV,Free
3.0,FED004_072224_00.CSV,Free
9.0,FED004_072224_00.CSV,Free
13.0,FED004_072224_00.CSV,Free
14.0,FED004_072224_00.CSV,Free
13.0,FED004_072224_00.CSV,Free
15.0,FED004_072224_00.CSV,Free
12.0,FED004_072224_00.CSV,Free
17.0,FED004_072224_00.CSV,Free
1857.0,FED004_072224_00.CSV,Free
8.0,FED004_072224_00.CSV,Free
13.0,FED004_072224_00.CSV,Free
13.0,FED004_072224_00.CSV,Free
14.0,FED004_072224_00.CSV,Free
12.0,FED004_072224_00.CSV,Free
14.0,FED004_072224_00.CSV,Free
14.0,FED004_072224_00.CSV,Free
14.0,FED004_072224_00.CSV,Free
14.0,FED004_072224_00.CSV,Free
15.0,FED004_072224_00.CSV,Free
69.0,FED004_072224_00.CSV,Free
529.0,FED004_072224_00.CSV,Free
6753.0,FED004_072224_00.CSV,Free
1.0,FED004_072224_00.CSV,Free
22.0,FED004_072224_00.CSV,Free
19.0,FED004_072224_00.CSV,Free
22.0,FED004_072224_00.CSV,Free
1.0,FED004_072224_00.CSV,Free
7294.0,FED004_072224_00.CSV,Free
19.0,FED004_072224_00.CSV,Free
15.0,FED004_072224_00.CSV,Free
23.0,FED004_072224_00.CSV,Free
24.0,FED004_072224_00.CSV,Free
4.0,FED004_072224_00.CSV,Free
7.0,FED004_072224_00.CSV,Free
16.0,FED004_072224_00.CSV,Free
16.0,FED004_072224_00.CSV,Free
17.0,FED004_072224_00.CSV,Free
15.0,FED004_072224_00.CSV,Free
17.0,FED004_072224_00.CSV,Free
19.0,FED004_072224_00.CSV,Free
18.0,FED004_072224_00.CSV,Free
16.0,FED004_072224_00.CSV,Free
26.0,FED004_072224_00.CSV,Free
17.0,FED004_072224_00.CSV,Free
16.0,FED004_072224_00.CSV,Free
15.0,FED004_072224_00.CSV,Free
17.0,FED004_072224_00.CSV,Free
17.0,FED004_072224_00.CSV,Free
28.0,FED004_072224_00.CSV,Free
1580.0,FED004_072224_00.CSV,Free
1549.0,FED004_072224_00.CSV,Free
1.0,FED004_072224_00.CSV,Free
14.0,FED004_072224_00.CSV,Free
11.0,FED004_072224_00.CSV,Free
11.0,FED004_072224_00.CSV,Free
13.0,FED004_072224_00.CSV,Free
15.0,FED004_072224_00.CSV,Free
14.0,FED004_072224_00.CSV,Free
16.0,FED004_072224_00.CSV,Free
10.0,FED004_072224_00.CSV,Free
17.0,FED004_072224_00.CSV,Free
8.0,FED004_072224_00.CSV,Free
3042.0,FED004_072224_00.CSV,Free
15.0,FED004_072224_00.CSV,Free
13.0,FED004_072224_00.CSV,Free
12.0,FED004_072224_00.CSV,Free
13.0,FED004_072224_00.CSV,Free
6640.0,FED004_072224_00.CSV,Free
21.0,FED004_072224_00.CSV,Free
17.0,FED004_072224_00.CSV,Free
18.0,FED004_072224_00.CSV,Free
18.0,FED004_072224_00.CSV,Free
21.0,FED004_072224_00.CSV,Free
16.0,FED004_072224_00.CSV,Free
11954.0,FED004_072224_00.CSV,Free
2.0,FED004_072224_00.CSV,Free
8.0,FED004_072224_00.CSV,Free
7.0,FED004_072224_00.CSV,Free
21.0,FED004_072224_00.CSV,Free
1.0,FED004_072224_00.CSV,Free
17.0,FED004_072224_00.CSV,Free
18.0,FED004_072224_00.CSV,Free
17.0,FED004_072224_00.CSV,Free
1.0,FED004_072224_00.CSV,Free
23.0,FED004_072224_00.CSV,Free
211.0,FED004_072224_00.CSV,Free
7510.0,FED004_072224_00.CSV,Free
1.0,FED004_072224_00.CSV,Free
17.0,FED004_072224_00.CSV,Free
1.0,FED004_072224_00.CSV,Free
23.0,FED004_072224_00.CSV,Free
19.0,FED004_072224_00.CSV,Free
40.0,FED004_072224_00.CSV,Free
5677.0,FED004_072224_00.CSV,Free
0.0,FED004_072224_00.CSV,Free
1.0,FED004_072224_00.CSV,Free
1.0,FED004_072224_00.CSV,Free
8.0,FED004_072224_00.CSV,Free
25.0,FED004_072224_00.CSV,Free
18.0,FED004_072224_00.CSV,Free
1.0,FED004_072224_00.CSV,Free
19.0,FED004_072224_00.CSV,Free
19.0,FED004_072224_00.CSV,Free
17.0,FED004_072224_00.CSV,Free
1.0,FED004_072224_00.CSV,Free
43.0,FED004_072224_00.CSV,Free
19.0,FED004_072224_00.CSV,Free
17.0,FED004_072224_00.CSV,Free
17.0,FED004_072224_00.CSV,Free
6353.0,FED004_072224_00.CSV,Free
0.0,FED004_072224_00.CSV,Free
16.0,FED004_072224_00.CSV,Free
18.0,FED004_072224_00.CSV,Free
7.0,FED004_072224_00.CSV,Free
17.0,FED004_072224_00.CSV,Free
19.0,FED004_072224_00.CSV,Free
15.0,FED004_072224_00.CSV,Free
19.0,FED004_072224_00.CSV,Free
2762.0,FED004_072224_00.CSV,Free
15.0,FED004_072224_00.CSV,Free
15.0,FED004_072224_00.CSV,Free
17.0,FED004_072224_00.CSV,Free
18.0,FED004_072224_00.CSV,Free
16.0,FED004_072224_00.CSV,Free
2.0,FED004_072224_00.CSV,Free
18.0,FED004_072224_00.CSV,Free
1543.0,FED004_072224_00.CSV,Free
2.0,FED004_072224_00.CSV,Free
17.0,FED004_072224_00.CSV,Free
16.0,FED004_072224_00.CSV,Free
12.0,FED004_072224_00.CSV,Free
15.0,FED004_072224_00.CSV,Free
16.0,FED004_072224_00.CSV,Free
1.0,FED004_072224_00.CSV,Free
16.0,FED004_072224_00.CSV,Free
16.0,FED004_072224_00.CSV,Free
14.0,FED004_072224_00.CSV,Free
1.0,FED004_072224_00.CSV,Free
16.0,FED004_072224_00.CSV,Free
16.0,FED004_072224_00.CSV,Free
886.0,FED004_072224_00.CSV,Free
1.0,FED004_072224_00.CSV,Free
18.0,FED004_072224_00.CSV,Free
16.0,FED004_072224_00.CSV,Free
1.0,FED004_072224_00.CSV,Free
12.0,FED004_072224_00.CSV,Free
1.0,FED004_072224_00.CSV,Free
14.0,FED004_072224_00.CSV,Free
17.0,FED004_072224_00.CSV,Free
15.0,FED004_072224_00.CSV,Free
1.0,FED004_072224_00.CSV,Free
3521.0,FED004_072224_00.CSV,Free
20.0,FED004_072224_00.CSV,Free
15.0,FED004_072224_00.CSV,Free
1.0,FED004_072224_00.CSV,Free
18.0,FED004_072224_00.CSV,Free
15.0,FED004_072224_00.CSV,Free
22.0,FED004_072224_00.CSV,Free
984.0,FED004_072224_00.CSV,Free
13.0,FED004_072224_00.CSV,Free
214.0,FED004_072224_00.CSV,Free
7.0,FED004_072224_00.CSV,Free
15.0,FED004_072224_00.CSV,Free
10.0,FED004_072224_00.CSV,Free
12.0,FED004_072224_00.CSV,Free
14.0,FED004_072224_00.CSV,Free
14.0,FED004_072224_00.CSV,Free
14.0,FED004_072224_00.CSV,Free
15.0,FED004_072224_00.CSV,Free
14.0,FED004_072224_00.CSV,Free
16.0,FED004_072224_00.CSV,Free
13.0,FED004_072224_00.CSV,Free
2424.0,FED004_072224_00.CSV,Free
244.0,FED004_072224_00.CSV,Free
1.0,FED004_072224_00.CSV,Free
7.0,FED004_072224_00.CSV,Free
13.0,FED004_072224_00.CSV,Free
1.0,FED004_072224_00.CSV,Free
10.0,FED004_072224_00.CSV,Free
12.0,FED004_072224_00.CSV,Free
14.0,FED004_072224_00.CSV,Free
0.0,FED004_072224_00.CSV,Free
15.0,FED004_072224_00.CSV,Free
12.0,FED004_072224_00.CSV,Free
1.0,FED004_072224_00.CSV,Free
13.0,FED004_072224_00.CSV,Free
1.0,FED004_072224_00.CSV,Free
20.0,FED004_072224_00.CSV,Free
13.0,FED004_072224_00.CSV,Free
20.0,FED004_072224_00.CSV,Free
1523.0,FED004_072224_00.CSV,Free
14.0,FED004_072224_00.CSV,Free
11.0,FED004_072224_00.CSV,Free
12.0,FED004_072224_00.CSV,Free
12.0,FED004_072224_00.CSV,Free
14.0,FED004_072224_00.CSV,Free
12.0,FED004_072224_00.CSV,Free
16.0,FED004_072224_00.CSV,Free
2785.0,FED004_072224_00.CSV,Free
13.0,FED004_072224_00.CSV,Free
7.0,FED004_072224_00.CSV,Free
7.0,FED004_072224_00.CSV,Free
12.0,FED004_072224_00.CSV,Free
13.0,FED004_072224_00.CSV,Free
14.0,FED004_072224_00.CSV,Free
18.0,FED004_072224_00.CSV,Free
16.0,FED004_072224_00.CSV,Free
5403.0,FED004_072224_00.CSV,Free
1.0,FED004_072224_00.CSV,Free
24.0,FED004_072224_00.CSV,Free
25.0,FED004_072224_00.CSV,Free
30.0,FED004_072224_00.CSV,Free
19.0,FED004_072224_00.CSV,Free
22.0,FED004_072224_00.CSV,Free
16.0,FED004_072224_00.CSV,Free
2159.0,FED004_072224_00.CSV,Free
7.0,FED004_072224_00.CSV,Free
18.0,FED004_072224_00.CSV,Free
15.0,FED004_072224_00.CSV,Free
13.0,FED004_072224_00.CSV,Free
18.0,FED004_072224_00.CSV,Free
17.0,FED004_072224_00.CSV,Free
14.0,FED004_072224_00.CSV,Free
25.0,FED004_072224_00.CSV,Free
16.0,FED004_072224_00.CSV,Free
15.0,FED004_072224_00.CSV,Free
19.0,FED004_072224_00.CSV,Free
17.0,FED004_072224_00.CSV,Free
37.0,FED004_072224_00.CSV,Free
1417.0,FED004_072224_00.CSV,Free
14.0,FED004_072224_00.CSV,Free
11.0,FED004_072224_00.CSV,Free
12.0,FED004_072224_00.CSV,Free
11.0,FED004_072224_00.CSV,Free
15.0,FED004_072224_00.CSV,Free
4217.0,FED004_072224_00.CSV,Free
7.0,FED004_072224_00.CSV,Free
15.0,FED004_072224_00.CSV,Free
14.0,FED004_072224_00.CSV,Free
20.0,FED004_072224_00.CSV,Free
11.0,FED004_072224_00.CSV,Free
13.0,FED004_072224_00.CSV,Free
23.0,FED004_072224_00.CSV,Free
17.0,FED004_072224_00.CSV,Free
7506.0,FED004_072224_00.CSV,Free
1.0,FED004_072224_00.CSV,Free
20.0,FED004_072224_00.CSV,Free
24.0,FED004_072224_00.CSV,Free
26.0,FED004_072224_00.CSV,Free
2372.0,FED004_072224_00.CSV,Free
37.0,FED004_072224_00.CSV,Free
8.0,FED004_072224_00.CSV,Free
21.0,FED004_072224_00.CSV,Free
25.0,FED004_072224_00.CSV,Free
17.0,FED004_072224_00.CSV,Free
18.0,FED004_072224_00.CSV,Free
1530.0,FED004_072224_00.CSV,Free
7.0,FED004_072224_00.CSV,Free
7.0,FED004_072224_00.CSV,Free
14.0,FED004_072224_00.CSV,Free
20.0,FED004_072224_00.CSV,Free
1.0,FED004_072224_00.CSV,Free
13.0,FED004_072224_00.CSV,Free
14.0,FED004_072224_00.CSV,Free
19.0,FED004_072224_00.CSV,Free
16.0,FED004_072224_00.CSV,Free
2656.0,FED004_072224_00.CSV,Free
8.0,FED004_072224_00.CSV,Free
14.0,FED004_072224_00.CSV,Free
16.0,FED004_072224_00.CSV,Free
13.0,FED004_072224_00.CSV,Free
15.0,FED004_072224_00.CSV,Free
18.0,FED004_072224_00.CSV,Free
15.0,FED004_072224_00.CSV,Free
12.0,FED004_072224_00.CSV,Free
21.0,FED004_072224_00.CSV,Free
30.0,FED004_072224_00.CSV,Free
2403.0,FED004_072224_00.CSV,Free
12.0,FED004_072224_00.CSV,Free
16.0,FED004_072224_00.CSV,Free
14.0,FED004_072224_00.CSV,Free
15.0,FED004_072224_00.CSV,Free
14.0,FED004_072224_00.CSV,Free
14634.0,FED004_072224_00.CSV,Free
4.0,FED004_072224_00.CSV,Free
22.0,FED004_072224_00.CSV,Free
37.0,FED004_072224_00.CSV,Free
1.0,FED004_072224_00.CSV,Free
318.0,FED004_072224_00.CSV,Free
18.0,FED004_072224_00.CSV,Free
15.0,FED004_072224_00.CSV,Free
7405.0,FED004_072224_00.CSV,Free
6.0,FED009_072224_00.CSV,Free
13.0,FED009_072224_00.CSV,Free
8.0,FED009_072224_00.CSV,Free
5581.0,FED009_072224_00.CSV,Free
6412.0,FED009_072224_00.CSV,Free
16.0,FED009_072224_00.CSV,Free
7.0,FED009_072224_00.CSV,Free
7.0,FED009_072224_00.CSV,Free
19.0,FED009_072224_00.CSV,Free
21.0,FED009_072224_00.CSV,Free
547.0,FED009_072224_00.CSV,Free
14.0,FED009_072224_00.CSV,Free
1.0,FED009_072224_00.CSV,Free
12.0,FED009_072224_00.CSV,Free
1.0,FED009_072224_00.CSV,Free
811.0,FED009_072224_00.CSV,Free
762.0,FED009_072224_00.CSV,Free
104.0,FED009_072224_00.CSV,Free
10.0,FED009_072224_00.CSV,Free
14.0,FED009_072224_00.CSV,Free
6.0,FED009_072224_00.CSV,Free
6.0,FED009_072224_00.CSV,Free
724.0,FED009_072224_00.CSV,Free
7.0,FED009_072224_00.CSV,Free
7.0,FED009_072224_00.CSV,Free
930.0,FED009_072224_00.CSV,Free
948.0,FED009_072224_00.CSV,Free
34.0,FED009_072224_00.CSV,Free
13.0,FED009_072224_00.CSV,Free
16.0,FED009_072224_00.CSV,Free
6.0,FED009_072224_00.CSV,Free
21.0,FED009_072224_00.CSV,Free
186.0,FED009_072224_00.CSV,Free
5.0,FED009_072224_00.CSV,Free
6.0,FED009_072224_00.CSV,Free
148.0,FED009_072224_00.CSV,Free
230.0,FED009_072224_00.CSV,Free
1230.0,FED009_072224_00.CSV,Free
437.0,FED009_072224_00.CSV,Free
15.0,FED009_072224_00.CSV,Free
12.0,FED009_072224_00.CSV,Free
3.0,FED009_072224_00.CSV,Free
1.0,FED009_072224_00.CSV,Free
8.0,FED009_072224_00.CSV,Free
65.0,FED009_072224_00.CSV,Free
2.0,FED009_072224_00.CSV,Free
14.0,FED009_072224_00.CSV,Free
724.0,FED009_072224_00.CSV,Free
11.0,FED009_072224_00.CSV,Free
15.0,FED009_072224_00.CSV,Free
14.0,FED009_072224_00.CSV,Free
1081.0,FED009_072224_00.CSV,Free
207.0,FED009_072224_00.CSV,Free
11.0,FED009_072224_00.CSV,Free
12.0,FED009_072224_00.CSV,Free
339.0,FED009_072224_00.CSV,Free
10.0,FED009_072224_00.CSV,Free
15.0,FED009_072224_00.CSV,Free
7.0,FED009_072224_00.CSV,Free
961.0,FED009_072224_00.CSV,Free
12.0,FED009_072224_00.CSV,Free
9.0,FED009_072224_00.CSV,Free
4.0,FED009_072224_00.CSV,Free
3.0,FED009_072224_00.CSV,Free
1.0,FED009_072224_00.CSV,Free
34.0,FED009_072224_00.CSV,Free
801.0,FED009_072224_00.CSV,Free
2.0,FED009_072224_00.CSV,Free
0.0,FED009_072224_00.CSV,Free
4.0,FED009_072224_00.CSV,Free
1.0,FED009_072224_00.CSV,Free
1.0,FED009_072224_00.CSV,Free
1.0,FED009_072224_00.CSV,Free
6.0,FED009_072224_00.CSV,Free
7.0,FED009_072224_00.CSV,Free
7.0,FED009_072224_00.CSV,Free
2.0,FED009_072224_00.CSV,Free
1.0,FED009_072224_00.CSV,Free
2.0,FED009_072224_00.CSV,Free
1.0,FED009_072224_00.CSV,Free
1.0,FED009_072224_00.CSV,Free
7.0,FED009_072224_00.CSV,Free
2570.0,FED009_072224_00.CSV,Free
7.0,FED009_072224_00.CSV,Free
10.0,FED009_072224_00.CSV,Free
16.0,FED009_072224_00.CSV,Free
15.0,FED009_072224_00.CSV,Free
18.0,FED009_072224_00.CSV,Free
582.0,FED009_072224_00.CSV,Free
1.0,FED009_072224_00.CSV,Free
500.0,FED009_072224_00.CSV,Free
3.0,FED009_072224_00.CSV,Free
26.0,FED009_072224_00.CSV,Free
389.0,FED009_072224_00.CSV,Free
192.0,FED009_072224_00.CSV,Free
3.0,FED009_072224_00.CSV,Free
1.0,FED009_072224_00.CSV,Free
3.0,FED009_072224_00.CSV,Free
131.0,FED009_072224_00.CSV,Free
1.0,FED009_072224_00.CSV,Free
7.0,FED009_072224_00.CSV,Free
20.0,FED009_072224_00.CSV,Free
11.0,FED009_072224_00.CSV,Free
13.0,FED009_072224_00.CSV,Free
375.0,FED009_072224_00.CSV,Free
42.0,FED009_072224_00.CSV,Free
0.0,FED009_072224_00.CSV,Free
7.0,FED009_072224_00.CSV,Free
438.0,FED009_072224_00.CSV,Free
0.0,FED009_072224_00.CSV,Free
571.0,FED009_072224_00.CSV,Free
5.0,FED009_072224_00.CSV,Free
1.0,FED009_072224_00.CSV,Free
1.0,FED009_072224_00.CSV,Free
1.0,FED009_072224_00.CSV,Free
6.0,FED009_072224_00.CSV,Free
10.0,FED009_072224_00.CSV,Free
0.0,FED009_072224_00.CSV,Free
25.0,FED009_072224_00.CSV,Free
30.0,FED009_072224_00.CSV,Free
1.0,FED009_072224_00.CSV,Free
8.0,FED009_072224_00.CSV,Free
1243.0,FED009_072224_00.CSV,Free
1.0,FED009_072224_00.CSV,Free
614.0,FED009_072224_00.CSV,Free
191.0,FED009_072224_00.CSV,Free
27.0,FED009_072224_00.CSV,Free
11.0,FED009_072224_00.CSV,Free
6.0,FED009_072224_00.CSV,Free
7.0,FED009_072224_00.CSV,Free
10.0,FED009_072224_00.CSV,Free
14.0,FED009_072224_00.CSV,Free
514.0,FED009_072224_00.CSV,Free
6.0,FED009_072224_00.CSV,Free
3601.0,FED009_072224_00.CSV,Free
17.0,FED009_072224_00.CSV,Free
36.0,FED009_072224_00.CSV,Free
21.0,FED009_072224_00.CSV,Free
2.0,FED009_072224_00.CSV,Free
41.0,FED009_072224_00.CSV,Free
18.0,FED009_072224_00.CSV,Free
29.0,FED009_072224_00.CSV,Free
9.0,FED009_072224_00.CSV,Free
9.0,FED009_072224_00.CSV,Free
7.0,FED009_072224_00.CSV,Free
6.0,FED009_072224_00.CSV,Free
5397.0,FED009_072224_00.CSV,Free
7.0,FED009_072224_00.CSV,Free
7.0,FED009_072224_00.CSV,Free
13.0,FED009_072224_00.CSV,Free
12.0,FED009_072224_00.CSV,Free
13.0,FED009_072224_00.CSV,Free
25.0,FED009_072224_00.CSV,Free
1026.0,FED009_072224_00.CSV,Free
13.0,FED009_072224_00.CSV,Free
14.0,FED009_072224_00.CSV,Free
10.0,FED009_072224_00.CSV,Free
14.0,FED009_072224_00.CSV,Free
7.0,FED009_072224_00.CSV,Free
7.0,FED009_072224_00.CSV,Free
6.0,FED009_072224_00.CSV,Free
42.0,FED009_072224_00.CSV,Free
1.0,FED009_072224_00.CSV,Free
26.0,FED009_072224_00.CSV,Free
6.0,FED009_072224_00.CSV,Free
76.0,FED009_072224_00.CSV,Free
465.0,FED009_072224_00.CSV,Free
1085.0,FED009_072224_00.CSV,Free
1.0,FED009_072224_00.CSV,Free
3.0,FED009_072224_00.CSV,Free
2.0,FED009_072224_00.CSV,Free
1.0,FED009_072224_00.CSV,Free
0.0,FED009_072224_00.CSV,Free
3.0,FED009_072224_00.CSV,Free
7.0,FED009_072224_00.CSV,Free
1.0,FED009_072224_00.CSV,Free
12.0,FED009_072224_00.CSV,Free
59.0,FED009_072224_00.CSV,Free
1.0,FED009_072224_00.CSV,Free
1.0,FED009_072224_00.CSV,Free
13.0,FED009_072224_00.CSV,Free
11.0,FED009_072224_00.CSV,Free
4.0,FED009_072224_00.CSV,Free
7.0,FED009_072224_00.CSV,Free
3.0,FED009_072224_00.CSV,Free
2.0,FED009_072224_00.CSV,Free
6.0,FED009_072224_00.CSV,Free
185.0,FED009_072224_00.CSV,Free
11.0,FED009_072224_00.CSV,Free
2.0,FED009_072224_00.CSV,Free
99.0,FED009_072224_00.CSV,Free
2.0,FED009_072224_00.CSV,Free
2.0,FED009_072224_00.CSV,Free
10.0,FED009_072224_00.CSV,Free
3.0,FED009_072224_00.CSV,Free
5.0,FED009_072224_00.CSV,Free
0.0,FED009_072224_00.CSV,Free
5.0,FED009_072224_00.CSV,Free
5.0,FED009_072224_00.CSV,Free
6.0,FED009_072224_00.CSV,Free
0.0,FED009_072224_00.CSV,Free
1.0,FED009_072224_00.CSV,Free
5.0,FED009_072224_00.CSV,Free
40.0,FED009_072224_00.CSV,Free
815.0,FED009_072224_00.CSV,Free
1.0,FED009_072224_00.CSV,Free
6.0,FED009_072224_00.CSV,Free
9.0,FED009_072224_00.CSV,Free
7.0,FED009_072224_00.CSV,Free
127.0,FED009_072224_00.CSV,Free
138.0,FED009_072224_00.CSV,Free
3.0,FED009_072224_00.CSV,Free
1.0,FED009_072224_00.CSV,Free
235.0,FED009_072224_00.CSV,Free
67.0,FED009_072224_00.CSV,Free
643.0,FED009_072224_00.CSV,Free
1178.0,FED009_072224_00.CSV,Free
1040.0,FED009_072224_00.CSV,Free
44.0,FED009_072224_00.CSV,Free
928.0,FED009_072224_00.CSV,Free
15.0,FED009_072224_00.CSV,Free
7.0,FED009_072224_00.CSV,Free
5.0,FED009_072224_00.CSV,Free
13.0,FED009_072224_00.CSV,Free
14.0,FED009_072224_00.CSV,Free
396.0,FED009_072224_00.CSV,Free
378.0,FED009_072224_00.CSV,Free
1.0,FED009_072224_00.CSV,Free
6083.0,FED009_072224_00.CSV,Free
475.0,FED009_072224_00.CSV,Free
1.0,FED009_072224_00.CSV,Free
3.0,FED009_072224_00.CSV,Free
58.0,FED009_072224_00.CSV,Free
14.0,FED009_072224_00.CSV,Free
16.0,FED009_072224_00.CSV,Free
6.0,FED009_072224_00.CSV,Free
10.0,FED009_072224_00.CSV,Free
69.0,FED009_072224_00.CSV,Free
14.0,FED009_072224_00.CSV,Free
7.0,FED009_072224_00.CSV,Free
1.0,FED009_072224_00.CSV,Free
4.0,FED009_072224_00.CSV,Free
1.0,FED009_072224_00.CSV,Free
23.0,FED009_072224_00.CSV,Free
28.0,FED009_072224_00.CSV,Free
10.0,FED009_072224_00.CSV,Free
7.0,FED009_072224_00.CSV,Free
13.0,FED009_072224_00.CSV,Free
4.0,FED009_072224_00.CSV,Free
3.0,FED009_072224_00.CSV,Free
38.0,FED009_072224_00.CSV,Free
2.0,FED009_072224_00.CSV,Free
6.0,FED009_072224_00.CSV,Free
8924.0,FED009_072224_00.CSV,Free
16.0,FED009_072224_00.CSV,Free
19.0,FED009_072224_00.CSV,Free
25.0,FED009_072224_00.CSV,Free
24.0,FED009_072224_00.CSV,Free
24.0,FED009_072224_00.CSV,Free
1123.0,FED009_072224_00.CSV,Free
7.0,FED009_072224_00.CSV,Free
38.0,FED009_072224_00.CSV,Free
5.0,FED009_072224_00.CSV,Free
2.0,FED009_072224_00.CSV,Free
4585.0,FED009_072224_00.CSV,Free
18.0,FED009_072224_00.CSV,Free
22.0,FED009_072224_00.CSV,Free
19.0,FED009_072224_00.CSV,Free
19.0,FED009_072224_00.CSV,Free
27.0,FED009_072224_00.CSV,Free
19.0,FED009_072224_00.CSV,Free
18.0,FED009_072224_00.CSV,Free
23.0,FED009_072224_00.CSV,Free
6.0,FED009_072224_00.CSV,Free
8962.0,FED009_072224_00.CSV,Free
17.0,FED009_072224_00.CSV,Free
15.0,FED009_072224_00.CSV,Free
7.0,FED009_072224_00.CSV,Free
14.0,FED009_072224_00.CSV,Free
22.0,FED009_072224_00.CSV,Free
9.0,FED009_072224_00.CSV,Free
6.0,FED009_072224_00.CSV,Free
6.0,FED009_072224_00.CSV,Free
12.0,FED009_072224_00.CSV,Free
36.0,FED009_072224_00.CSV,Free
5135.0,FED009_072224_00.CSV,Free
16.0,FED009_072224_00.CSV,Free
22.0,FED009_072224_00.CSV,Free
21.0,FED009_072224_00.CSV,Free
20.0,FED009_072224_00.CSV,Free
16.0,FED009_072224_00.CSV,Free
19.0,FED009_072224_00.CSV,Free
6.0,FED009_072224_00.CSV,Free
15.0,FED009_072224_00.CSV,Free
520.0,FED009_072224_00.CSV,Free
1236.0,FED009_072224_00.CSV,Free
5.0,FED009_072224_00.CSV,Free
12.0,FED009_072224_00.CSV,Free
7444.0,FED009_072224_00.CSV,Free
11.0,FED009_072224_00.CSV,Free
1.0,FED009_072224_00.CSV,Free
17.0,FED009_072224_00.CSV,Free
7.0,FED009_072224_00.CSV,Free
24.0,FED009_072224_00.CSV,Free
15.0,FED009_072224_00.CSV,Free
7.0,FED009_072224_00.CSV,Free
626.0,FED009_072224_00.CSV,Free
2501.0,FED009_072224_00.CSV,Free
520.0,FED009_072224_00.CSV,Free
38.0,FED009_072224_00.CSV,Free
20.0,FED009_072224_00.CSV,Free
553.0,FED009_072224_00.CSV,Free
95.0,FED009_072224_00.CSV,Free
338.0,FED009_072224_00.CSV,Free
1.0,FED009_072224_00.CSV,Free
53.0,FED009_072224_00.CSV,Free
658.0,FED009_072224_00.CSV,Free
9.0,FED009_072224_00.CSV,Free
7.0,FED009_072224_00.CSV,Free
6.0,FED009_072224_00.CSV,Free
198.0,FED009_072224_00.CSV,Free
377.0,FED009_072224_00.CSV,Free
139.0,FED009_072224_00.CSV,Free
117.0,FED009_072224_00.CSV,Free
399.0,FED009_072224_00.CSV,Free
6.0,FED009_072224_00.CSV,Free
7.0,FED009_072224_00.CSV,Free
663.0,FED009_072224_00.CSV,Free
6.0,FED009_072224_00.CSV,Free
161.0,FED009_072224_00.CSV,Free
20.0,FED009_072224_00.CSV,Free
767.0,FED009_072224_00.CSV,Free
44.0,FED009_072224_00.CSV,Free
11.0,FED009_072224_00.CSV,Free
369.0,FED009_072224_00.CSV,Free
380.0,FED009_072224_00.CSV,Free
1.0,FED009_072224_00.CSV,Free
9.0,FED009_072224_00.CSV,Free
6.0,FED009_072224_00.CSV,Free
5.0,FED009_072224_00.CSV,Free
6.0,FED009_072224_00.CSV,Free
7.0,FED009_072224_00.CSV,Free
3.0,FED009_072224_00.CSV,Free
0.0,FED009_072224_00.CSV,Free
2.0,FED009_072224_00.CSV,Free
7.0,FED009_072224_00.CSV,Free
30.0,FED009_072224_00.CSV,Free
0.0,FED009_072224_00.CSV,Free
9.0,FED009_072224_00.CSV,Free
1.0,FED009_072224_00.CSV,Free
0.0,FED009_072224_00.CSV,Free
1.0,FED009_072224_00.CSV,Free
89.0,FED009_072224_00.CSV,Free
1.0,FED009_072224_00.CSV,Free
1019.0,FED009_072224_00.CSV,Free
16.0,FED009_072224_00.CSV,Free
6.0,FED009_072224_00.CSV,Free
8.0,FED009_072224_00.CSV,Free
15.0,FED009_072224_00.CSV,Free
13.0,FED009_072224_00.CSV,Free
15.0,FED009_072224_00.CSV,Free
1415.0,FED009_072224_00.CSV,Free
13.0,FED009_072224_00.CSV,Free
6.0,FED009_072224_00.CSV,Free
26.0,FED009_072224_00.CSV,Free
18.0,FED009_072224_00.CSV,Free
17.0,FED009_072224_00.CSV,Free
16.0,FED009_072224_00.CSV,Free
15.0,FED009_072224_00.CSV,Free
6.0,FED009_072224_00.CSV,Free
12.0,FED009_072224_00.CSV,Free
667.0,FED009_072224_00.CSV,Free
511.0,FED009_072224_00.CSV,Free
6.0,FED009_072224_00.CSV,Free
14.0,FED009_072224_00.CSV,Free
12.0,FED009_072224_00.CSV,Free
3.0,FED009_072224_00.CSV,Free
494.0,FED009_072224_00.CSV,Free
13.0,FED009_072224_00.CSV,Free
14.0,FED009_072224_00.CSV,Free
795.0,FED009_072224_00.CSV,Free
2138.0,FED009_072224_00.CSV,Free
7.0,FED009_072224_00.CSV,Free
3.0,FED009_072224_00.CSV,Free
661.0,FED009_072224_00.CSV,Free
12.0,FED009_072224_00.CSV,Free
7.0,FED009_072224_00.CSV,Free
1.0,FED009_072224_00.CSV,Free
7.0,FED009_072224_00.CSV,Free
9.0,FED009_072224_00.CSV,Free
5.0,FED009_072224_00.CSV,Free
132.0,FED009_072224_00.CSV,Free
264.0,FED009_072224_00.CSV,Free
1.0,FED009_072224_00.CSV,Free
20.0,FED009_072224_00.CSV,Free
6.0,FED009_072224_00.CSV,Free
2.0,FED009_072224_00.CSV,Free
7.0,FED009_072224_00.CSV,Free
563.0,FED009_072224_00.CSV,Free
2148.0,FED009_072224_00.CSV,Free
7.0,FED009_072224_00.CSV,Free
24.0,FED009_072224_00.CSV,Free
90.0,FED009_072224_00.CSV,Free
713.0,FED009_072224_00.CSV,Free
1.0,FED009_072224_00.CSV,Free
2.0,FED009_072224_00.CSV,Free
17.0,FED009_072224_00.CSV,Free
1.0,FED009_072224_00.CSV,Free
10.0,FED009_072224_00.CSV,Free
3.0,FED009_072224_00.CSV,Free
6.0,FED009_072224_00.CSV,Free
16.0,FED009_072224_00.CSV,Free
11.0,FED009_072224_00.CSV,Free
2461.0,FED009_072224_00.CSV,Free
1.0,FED009_072224_00.CSV,Free
8.0,FED009_072224_00.CSV,Free
0.0,FED009_072224_00.CSV,Free
6.0,FED009_072224_00.CSV,Free
0.0,FED009_072224_00.CSV,Free
12.0,FED009_072224_00.CSV,Free
9.0,FED009_072224_00.CSV,Free
2.0,FED009_072224_00.CSV,Free
7.0,FED009_072224_00.CSV,Free
4.0,FED009_072224_00.CSV,Free
6.0,FED009_072224_00.CSV,Free
4875.0,FED009_072224_00.CSV,Free
13.0,FED009_072224_00.CSV,Free
82.0,FED009_072224_00.CSV,Free
7255.0,FED009_072224_00.CSV,Free
19.0,FED009_072224_00.CSV,Free
19.0,FED009_072224_00.CSV,Free
22.0,FED009_072224_00.CSV,Free
18.0,FED009_072224_00.CSV,Free
18.0,FED009_072224_00.CSV,Free
7.0,FED009_072224_00.CSV,Free
11.0,FED009_072224_00.CSV,Free
53.0,FED009_072224_00.CSV,Free
20.0,FED009_072224_00.CSV,Free
719.0,FED009_072224_00.CSV,Free
1414.0,FED009_072224_00.CSV,Free
12.0,FED009_072224_00.CSV,Free
14.0,FED009_072224_00.CSV,Free
16.0,FED009_072224_00.CSV,Free
53.0,FED009_072224_00.CSV,Free
6.0,FED009_072224_00.CSV,Free
4.0,FED009_072224_00.CSV,Free
1.0,FED009_072224_00.CSV,Free
17.0,FED009_072224_00.CSV,Free
403.0,FED009_072224_00.CSV,Free
34.0,FED009_072224_00.CSV,Free
2298.0,FED009_072224_00.CSV,Free
16.0,FED009_072224_00.CSV,Free
18.0,FED009_072224_00.CSV,Free
1685.0,FED009_072224_00.CSV,Free
18.0,FED009_072224_00.CSV,Free
6.0,FED009_072224_00.CSV,Free
11.0,FED009_072224_00.CSV,Free
17.0,FED009_072224_00.CSV,Free
35.0,FED009_072224_00.CSV,Free
6.0,FED009_072224_00.CSV,Free
7.0,FED009_072224_00.CSV,Free
1457.0,FED009_072224_00.CSV,Free
9.0,FED009_072224_00.CSV,Free
125.0,FED009_072224_00.CSV,Free
1.0,FED009_072224_00.CSV,Free
179.0,FED009_072224_00.CSV,Free
1.0,FED009_072224_00.CSV,Free
1.0,FED009_072224_00.CSV,Free
2.0,FED009_072224_00.CSV,Free
1.0,FED009_072224_00.CSV,Free
2.0,FED009_072224_00.CSV,Free
7.0,FED009_072224_00.CSV,Free
1.0,FED009_072224_00.CSV,Free
2.0,FED009_072224_00.CSV,Free
3159.0,FED009_072224_00.CSV,Free
563.0,FED009_072224_00.CSV,Free
2.0,FED009_072224_00.CSV,Free
29.0,FED009_072224_00.CSV,Free
7.0,FED009_072224_00.CSV,Free
43.0,FED009_072224_00.CSV,Free
0.0,FED009_072224_00.CSV,Free
1155.0,FED009_072224_00.CSV,Free
2.0,FED009_072224_00.CSV,Free
39.0,FED009_072224_00.CSV,Free
6.0,FED009_072224_00.CSV,Free
0.0,FED009_072224_00.CSV,Free
7.0,FED009_072224_00.CSV,Free
5508.0,FED009_072224_00.CSV,Free
47.0,FED009_072224_00.CSV,Free
16.0,FED009_072224_00.CSV,Free
4229.0,FED009_072224_00.CSV,Free
649.0,FED009_072224_00.CSV,Free
41.0,FED009_072224_00.CSV,Free
19.0,FED009_072224_00.CSV,Free
12.0,FED009_072224_00.CSV,Free
9.0,FED009_072224_00.CSV,Free
20.0,FED009_072224_00.CSV,Free
608.0,FED009_072224_00.CSV,Free
5330.0,FED009_072224_00.CSV,Free
1186.0,FED009_072224_00.CSV,Free
2.0,FED009_072224_00.CSV,Free
208.0,FED009_072224_00.CSV,Free
7.0,FED009_072224_00.CSV,Free
2197.0,FED009_072224_00.CSV,Free
1514.0,FED009_072224_00.CSV,Free
6.0,FED009_072224_00.CSV,Free
22.0,FED002_072224_00.CSV,Free
14.0,FED002_072224_00.CSV,Free
18.0,FED002_072224_00.CSV,Free
1.0,FED002_072224_00.CSV,Free
14.0,FED002_072224_00.CSV,Free
13.0,FED002_072224_00.CSV,Free
18.0,FED002_072224_00.CSV,Free
18.0,FED002_072224_00.CSV,Free
16.0,FED002_072224_00.CSV,Free
3773.0,FED002_072224_00.CSV,Free
21.0,FED002_072224_00.CSV,Free
21.0,FED002_072224_00.CSV,Free
19.0,FED002_072224_00.CSV,Free
18.0,FED002_072224_00.CSV,Free
13.0,FED002_072224_00.CSV,Free
20.0,FED002_072224_00.CSV,Free
41.0,FED002_072224_00.CSV,Free
32.0,FED002_072224_00.CSV,Free
16.0,FED002_072224_00.CSV,Free
4046.0,FED002_072224_00.CSV,Free
26.0,FED002_072224_00.CSV,Free
21.0,FED002_072224_00.CSV,Free
16.0,FED002_072224_00.CSV,Free
15.0,FED002_072224_00.CSV,Free
14.0,FED002_072224_00.CSV,Free
15.0,FED002_072224_00.CSV,Free
19.0,FED002_072224_00.CSV,Free
13.0,FED002_072224_00.CSV,Free
18.0,FED002_072224_00.CSV,Free
15.0,FED002_072224_00.CSV,Free
5674.0,FED002_072224_00.CSV,Free
2651.0,FED002_072224_00.CSV,Free
1188.0,FED002_072224_00.CSV,Free
22.0,FED002_072224_00.CSV,Free
16.0,FED002_072224_00.CSV,Free
1.0,FED002_072224_00.CSV,Free
19.0,FED002_072224_00.CSV,Free
17.0,FED002_072224_00.CSV,Free
18.0,FED002_072224_00.CSV,Free
24.0,FED002_072224_00.CSV,Free
10.0,FED002_072224_00.CSV,Free
20.0,FED002_072224_00.CSV,Free
22.0,FED002_072224_00.CSV,Free
2704.0,FED002_072224_00.CSV,Free
1.0,FED002_072224_00.CSV,Free
1.0,FED002_072224_00.CSV,Free
19.0,FED002_072224_00.CSV,Free
18.0,FED002_072224_00.CSV,Free
27.0,FED002_072224_00.CSV,Free
16.0,FED002_072224_00.CSV,Free
16.0,FED002_072224_00.CSV,Free
15.0,FED002_072224_00.CSV,Free
17.0,FED002_072224_00.CSV,Free
1497.0,FED002_072224_00.CSV,Free
18.0,FED002_072224_00.CSV,Free
18.0,FED002_072224_00.CSV,Free
1088.0,FED002_072224_00.CSV,Free
1.0,FED002_072224_00.CSV,Free
23.0,FED002_072224_00.CSV,Free
20.0,FED002_072224_00.CSV,Free
21.0,FED002_072224_00.CSV,Free
17.0,FED002_072224_00.CSV,Free
18.0,FED002_072224_00.CSV,Free
24.0,FED002_072224_00.CSV,Free
15.0,FED002_072224_00.CSV,Free
14.0,FED002_072224_00.CSV,Free
16.0,FED002_072224_00.CSV,Free
18.0,FED002_072224_00.CSV,Free
802.0,FED002_072224_00.CSV,Free
19.0,FED002_072224_00.CSV,Free
8.0,FED002_072224_00.CSV,Free
15.0,FED002_072224_00.CSV,Free
8.0,FED002_072224_00.CSV,Free
18.0,FED002_072224_00.CSV,Free
16.0,FED002_072224_00.CSV,Free
17.0,FED002_072224_00.CSV,Free
16.0,FED002_072224_00.CSV,Free
17.0,FED002_072224_00.CSV,Free
776.0,FED002_072224_00.CSV,Free
1626.0,FED002_072224_00.CSV,Free
33.0,FED002_072224_00.CSV,Free
7.0,FED002_072224_00.CSV,Free
20.0,FED002_072224_00.CSV,Free
14.0,FED002_072224_00.CSV,Free
15.0,FED002_072224_00.CSV,Free
17.0,FED002_072224_00.CSV,Free
19.0,FED002_072224_00.CSV,Free
16.0,FED002_072224_00.CSV,Free
16.0,FED002_072224_00.CSV,Free
17.0,FED002_072224_00.CSV,Free
17.0,FED002_072224_00.CSV,Free
1.0,FED002_072224_00.CSV,Free
1341.0,FED002_072224_00.CSV,Free
18.0,FED002_072224_00.CSV,Free
20.0,FED002_072224_00.CSV,Free
15.0,FED002_072224_00.CSV,Free
17.0,FED002_072224_00.CSV,Free
1490.0,FED002_072224_00.CSV,Free
1.0,FED002_072224_00.CSV,Free
18.0,FED002_072224_00.CSV,Free
16.0,FED002_072224_00.CSV,Free
17.0,FED002_072224_00.CSV,Free
18.0,FED002_072224_00.CSV,Free
14.0,FED002_072224_00.CSV,Free
17.0,FED002_072224_00.CSV,Free
21.0,FED002_072224_00.CSV,Free
611.0,FED002_072224_00.CSV,Free
1.0,FED002_072224_00.CSV,Free
23.0,FED002_072224_00.CSV,Free
17.0,FED002_072224_00.CSV,Free
18.0,FED002_072224_00.CSV,Free
22.0,FED002_072224_00.CSV,Free
18.0,FED002_072224_00.CSV,Free
1453.0,FED002_072224_00.CSV,Free
20.0,FED002_072224_00.CSV,Free
15.0,FED002_072224_00.CSV,Free
6149.0,FED002_072224_00.CSV,Free
224.0,FED002_072224_00.CSV,Free
12.0,FED002_072224_00.CSV,Free
11.0,FED002_072224_00.CSV,Free
12.0,FED002_072224_00.CSV,Free
6.0,FED002_072224_00.CSV,Free
8.0,FED002_072224_00.CSV,Free
11.0,FED002_072224_00.CSV,Free
14.0,FED002_072224_00.CSV,Free
6.0,FED002_072224_00.CSV,Free
9.0,FED002_072224_00.CSV,Free
14.0,FED002_072224_00.CSV,Free
12.0,FED002_072224_00.CSV,Free
12.0,FED002_072224_00.CSV,Free
15.0,FED002_072224_00.CSV,Free
15.0,FED002_072224_00.CSV,Free
15.0,FED002_072224_00.CSV,Free
3493.0,FED002_072224_00.CSV,Free
7.0,FED002_072224_00.CSV,Free
16.0,FED002_072224_00.CSV,Free
21.0,FED002_072224_00.CSV,Free
14.0,FED002_072224_00.CSV,Free
14.0,FED002_072224_00.CSV,Free
14.0,FED002_072224_00.CSV,Free
16.0,FED002_072224_00.CSV,Free
17.0,FED002_072224_00.CSV,Free
13.0,FED002_072224_00.CSV,Free
31.0,FED002_072224_00.CSV,Free
5061.0,FED002_072224_00.CSV,Free
0.0,FED002_072224_00.CSV,Free
24.0,FED002_072224_00.CSV,Free
11.0,FED002_072224_00.CSV,Free
14.0,FED002_072224_00.CSV,Free
11.0,FED002_072224_00.CSV,Free
14.0,FED002_072224_00.CSV,Free
13.0,FED002_072224_00.CSV,Free
11.0,FED002_072224_00.CSV,Free
16.0,FED002_072224_00.CSV,Free
16.0,FED002_072224_00.CSV,Free
1495.0,FED002_072224_00.CSV,Free
20.0,FED002_072224_00.CSV,Free
22.0,FED002_072224_00.CSV,Free
18.0,FED002_072224_00.CSV,Free
17.0,FED002_072224_00.CSV,Free
15.0,FED002_072224_00.CSV,Free
14.0,FED002_072224_00.CSV,Free
13.0,FED002_072224_00.CSV,Free
14.0,FED002_072224_00.CSV,Free
14.0,FED002_072224_00.CSV,Free
117.0,FED002_072224_00.CSV,Free
0.0,FED002_072224_00.CSV,Free
17.0,FED002_072224_00.CSV,Free
15.0,FED002_072224_00.CSV,Free
15.0,FED002_072224_00.CSV,Free
15.0,FED002_072224_00.CSV,Free
16.0,FED002_072224_00.CSV,Free
13.0,FED002_072224_00.CSV,Free
3800.0,FED002_072224_00.CSV,Free
5.0,FED002_072224_00.CSV,Free
5.0,FED002_072224_00.CSV,Free
7.0,FED002_072224_00.CSV,Free
2.0,FED002_072224_00.CSV,Free
1.0,FED002_072224_00.CSV,Free
5.0,FED002_072224_00.CSV,Free
1.0,FED002_072224_00.CSV,Free
29.0,FED002_072224_00.CSV,Free
18.0,FED002_072224_00.CSV,Free
0.0,FED002_072224_00.CSV,Free
17.0,FED002_072224_00.CSV,Free
18.0,FED002_072224_00.CSV,Free
21.0,FED002_072224_00.CSV,Free
18.0,FED002_072224_00.CSV,Free
18.0,FED002_072224_00.CSV,Free
15.0,FED002_072224_00.CSV,Free
19.0,FED002_072224_00.CSV,Free
188.0,FED002_072224_00.CSV,Free
19.0,FED002_072224_00.CSV,Free
22.0,FED002_072224_00.CSV,Free
19.0,FED002_072224_00.CSV,Free
17.0,FED002_072224_00.CSV,Free
19.0,FED002_072224_00.CSV,Free
15.0,FED002_072224_00.CSV,Free
2216.0,FED002_072224_00.CSV,Free
24.0,FED002_072224_00.CSV,Free
19.0,FED002_072224_00.CSV,Free
16.0,FED002_072224_00.CSV,Free
18.0,FED002_072224_00.CSV,Free
17.0,FED002_072224_00.CSV,Free
20.0,FED002_072224_00.CSV,Free
17.0,FED002_072224_00.CSV,Free
6543.0,FED002_072224_00.CSV,Free
15.0,FED002_072224_00.CSV,Free
15.0,FED002_072224_00.CSV,Free
26.0,FED002_072224_00.CSV,Free
15.0,FED002_072224_00.CSV,Free
14.0,FED002_072224_00.CSV,Free
14.0,FED002_072224_00.CSV,Free
12.0,FED002_072224_00.CSV,Free
12.0,FED002_072224_00.CSV,Free
16.0,FED002_072224_00.CSV,Free
15.0,FED002_072224_00.CSV,Free
20.0,FED002_072224_00.CSV,Free
580.0,FED002_072224_00.CSV,Free
2.0,FED002_072224_00.CSV,Free
22.0,FED002_072224_00.CSV,Free
19.0,FED002_072224_00.CSV,Free
15.0,FED002_072224_00.CSV,Free
15.0,FED002_072224_00.CSV,Free
13.0,FED002_072224_00.CSV,Free
21.0,FED002_072224_00.CSV,Free
15.0,FED002_072224_00.CSV,Free
15.0,FED002_072224_00.CSV,Free
32765.0,FED002_072224_00.CSV,Free
23.0,FED002_072224_00.CSV,Free
28.0,FED002_072224_00.CSV,Free
21.0,FED002_072224_00.CSV,Free
18.0,FED002_072224_00.CSV,Free
20.0,FED002_072224_00.CSV,Free
18.0,FED002_072224_00.CSV,Free
18.0,FED002_072224_00.CSV,Free
25.0,FED002_072224_00.CSV,Free
15.0,FED002_072224_00.CSV,Free
23.0,FED002_072224_00.CSV,Free
18.0,FED002_072224_00.CSV,Free
20.0,FED002_072224_00.CSV,Free
517.0,FED002_072224_00.CSV,Free
23.0,FED002_072224_00.CSV,Free
22.0,FED002_072224_00.CSV,Free
17.0,FED002_072224_00.CSV,Free
6304.0,FED002_072224_00.CSV,Free
14.0,FED002_072224_00.CSV,Free
23.0,FED002_072224_00.CSV,Free
18.0,FED002_072224_00.CSV,Free
22.0,FED002_072224_00.CSV,Free
15.0,FED002_072224_00.CSV,Free
20.0,FED002_072224_00.CSV,Free
21.0,FED002_072224_00.CSV,Free
21.0,FED002_072224_00.CSV,Free
16.0,FED002_072224_00.CSV,Free
21.0,FED002_072224_00.CSV,Free
18.0,FED002_072224_00.CSV,Free
18.0,FED002_072224_00.CSV,Free
20.0,FED002_072224_00.CSV,Free
20.0,FED002_072224_00.CSV,Free
19.0,FED002_072224_00.CSV,Free
22.0,FED002_072224_00.CSV,Free
17.0,FED002_072224_00.CSV,Free
1362.0,FED002_072224_00.CSV,Free
1.0,FED002_072224_00.CSV,Free
1.0,FED002_072224_00.CSV,Free
17.0,FED002_072224_00.CSV,Free
17.0,FED002_072224_00.CSV,Free
16.0,FED002_072224_00.CSV,Free
16.0,FED002_072224_00.CSV,Free
7.0,FED002_072224_00.CSV,Free
1453.0,FED002_072224_00.CSV,Free
1.0,FED002_072224_00.CSV,Free
17.0,FED002_072224_00.CSV,Free
18.0,FED002_072224_00.CSV,Free
16.0,FED002_072224_00.CSV,Free
21.0,FED002_072224_00.CSV,Free
18.0,FED002_072224_00.CSV,Free
20.0,FED002_072224_00.CSV,Free
19.0,FED002_072224_00.CSV,Free
1528.0,FED002_072224_00.CSV,Free
16.0,FED002_072224_00.CSV,Free
13.0,FED002_072224_00.CSV,Free
13.0,FED002_072224_00.CSV,Free
16.0,FED002_072224_00.CSV,Free
15.0,FED002_072224_00.CSV,Free
16.0,FED002_072224_00.CSV,Free
18.0,FED002_072224_00.CSV,Free
16.0,FED002_072224_00.CSV,Free
2469.0,FED002_072224_00.CSV,Free
19.0,FED002_072224_00.CSV,Free
32.0,FED002_072224_00.CSV,Free
36.0,FED002_072224_00.CSV,Free
241.0,FED002_072224_00.CSV,Free
0.0,FED002_072224_00.CSV,Free
27.0,FED002_072224_00.CSV,Free
18.0,FED002_072224_00.CSV,Free
13.0,FED002_072224_00.CSV,Free
11.0,FED002_072224_00.CSV,Free
14.0,FED002_072224_00.CSV,Free
15.0,FED002_072224_00.CSV,Free
14.0,FED002_072224_00.CSV,Free
233.0,FED002_072224_00.CSV,Free
1.0,FED002_072224_00.CSV,Free
1193.0,FED002_072224_00.CSV,Free
16.0,FED002_072224_00.CSV,Free
17.0,FED002_072224_00.CSV,Free
18.0,FED002_072224_00.CSV,Free
16.0,FED002_072224_00.CSV,Free
17.0,FED002_072224_00.CSV,Free
18.0,FED002_072224_00.CSV,Free
22.0,FED002_072224_00.CSV,Free
17.0,FED002_072224_00.CSV,Free
19.0,FED002_072224_00.CSV,Free
19.0,FED002_072224_00.CSV,Free
15.0,FED002_072224_00.CSV,Free
16.0,FED002_072224_00.CSV,Free
15.0,FED002_072224_00.CSV,Free
715.0,FED002_072224_00.CSV,Free
18.0,FED002_072224_00.CSV,Free
17.0,FED002_072224_00.CSV,Free
19.0,FED002_072224_00.CSV,Free
19.0,FED002_072224_00.CSV,Free
16.0,FED002_072224_00.CSV,Free
18.0,FED002_072224_00.CSV,Free
2107.0,FED002_072224_00.CSV,Free
0.0,FED002_072224_00.CSV,Free
18.0,FED002_072224_00.CSV,Free
15.0,FED002_072224_00.CSV,Free
15.0,FED002_072224_00.CSV,Free
18.0,FED002_072224_00.CSV,Free
17.0,FED002_072224_00.CSV,Free
19.0,FED002_072224_00.CSV,Free
18.0,FED002_072224_00.CSV,Free
825.0,FED002_072224_00.CSV,Free
27.0,FED002_072224_00.CSV,Free
1.0,FED002_072224_00.CSV,Free
47.0,FED002_072224_00.CSV,Free
3142.0,FED002_072224_00.CSV,Free
14.0,FED002_072224_00.CSV,Free
15.0,FED002_072224_00.CSV,Free
14.0,FED002_072224_00.CSV,Free
15.0,FED002_072224_00.CSV,Free
16.0,FED002_072224_00.CSV,Free
14.0,FED002_072224_00.CSV,Free
19.0,FED002_072224_00.CSV,Free
14.0,FED002_072224_00.CSV,Free
2784.0,FED002_072224_00.CSV,Free
19.0,FED002_072224_00.CSV,Free
18.0,FED002_072224_00.CSV,Free
21.0,FED002_072224_00.CSV,Free
19.0,FED002_072224_00.CSV,Free
20.0,FED002_072224_00.CSV,Free
24.0,FED002_072224_00.CSV,Free
18.0,FED002_072224_00.CSV,Free
18.0,FED002_072224_00.CSV,Free
25.0,FED002_072224_00.CSV,Free
21.0,FED002_072224_00.CSV,Free
18.0,FED002_072224_00.CSV,Free
17.0,FED002_072224_00.CSV,Free
2234.0,FED002_072224_00.CSV,Free
20.0,FED002_072224_00.CSV,Free
25.0,FED002_072224_00.CSV,Free
21.0,FED002_072224_00.CSV,Free
28.0,FED002_072224_00.CSV,Free
1.0,FED002_072224_00.CSV,Free
1623.0,FED002_072224_00.CSV,Free
17.0,FED002_072224_00.CSV,Free
17.0,FED002_072224_00.CSV,Free
19.0,FED002_072224_00.CSV,Free
18.0,FED002_072224_00.CSV,Free
20.0,FED002_072224_00.CSV,Free
17.0,FED002_072224_00.CSV,Free
18.0,FED002_072224_00.CSV,Free
21.0,FED002_072224_00.CSV,Free
2021.0,FED002_072224_00.CSV,Free
19.0,FED002_072224_00.CSV,Free
20.0,FED002_072224_00.CSV,Free
21.0,FED002_072224_00.CSV,Free
20.0,FED002_072224_00.CSV,Free
24.0,FED002_072224_00.CSV,Free
16.0,FED002_072224_00.CSV,Free
19.0,FED002_072224_00.CSV,Free
17.0,FED002_072224_00.CSV,Free
21.0,FED002_072224_00.CSV,Free
21.0,FED002_072224_00.CSV,Free
1.0,FED002_072224_00.CSV,Free
17.0,FED002_072224_00.CSV,Free
1.0,FED002_072224_00.CSV,Free
1059.0,FED002_072224_00.CSV,Free
1.0,FED002_072224_00.CSV,Free
1.0,FED002_072224_00.CSV,Free
2667.0,FED002_072224_00.CSV,Free
1.0,FED002_072224_00.CSV,Free
18.0,FED002_072224_00.CSV,Free
18.0,FED002_072224_00.CSV,Free
1.0,FED002_072224_00.CSV,Free
14.0,FED002_072224_00.CSV,Free
988.0,FED002_072224_00.CSV,Free
26.0,FED002_072224_00.CSV,Free
11.0,FED002_072224_00.CSV,Free
1.0,FED002_072224_00.CSV,Free
15.0,FED002_072224_00.CSV,Free
15.0,FED002_072224_00.CSV,Free
16.0,FED002_072224_00.CSV,Free
2811.0,FED002_072224_00.CSV,Free
1.0,FED002_072224_00.CSV,Free
2952.0,FED002_072224_00.CSV,Free
10.0,FED002_072224_00.CSV,Free
24.0,FED002_072224_00.CSV,Free
16.0,FED002_072224_00.CSV,Free
20.0,FED002_072224_00.CSV,Free
30.0,FED002_072224_00.CSV,Free
20.0,FED002_072224_00.CSV,Free
19.0,FED002_072224_00.CSV,Free
17.0,FED002_072224_00.CSV,Free
19.0,FED002_072224_00.CSV,Free
19.0,FED002_072224_00.CSV,Free
1.0,FED002_072224_00.CSV,Free
1901.0,FED002_072224_00.CSV,Free
1.0,FED002_072224_00.CSV,Free
1.0,FED002_072224_00.CSV,Free
1325.0,FED002_072224_00.CSV,Free
1.0,FED002_072224_00.CSV,Free
22.0,FED002_072224_00.CSV,Free
23.0,FED002_072224_00.CSV,Free
17.0,FED002_072224_00.CSV,Free
15.0,FED002_072224_00.CSV,Free
16.0,FED002_072224_00.CSV,Free
18.0,FED002_072224_00.CSV,Free
20.0,FED002_072224_00.CSV,Free
20.0,FED002_072224_00.CSV,Free
19.0,FED002_072224_00.CSV,Free
2245.0,FED002_072224_00.CSV,Free
25.0,FED002_072224_00.CSV,Free
26.0,FED002_072224_00.CSV,Free
21.0,FED002_072224_00.CSV,Free
17.0,FED002_072224_00.CSV,Free
20.0,FED002_072224_00.CSV,Free
17.0,FED002_072224_00.CSV,Free
1808.0,FED002_072224_00.CSV,Free
1.0,FED002_072224_00.CSV,Free
13.0,FED002_072224_00.CSV,Free
12.0,FED002_072224_00.CSV,Free
1473.0,FED002_072224_00.CSV,Free
17.0,FED002_072224_00.CSV,Free
14.0,FED002_072224_00.CSV,Free
15.0,FED002_072224_00.CSV,Free
13.0,FED002_072224_00.CSV,Free
2226.0,FED002_072224_00.CSV,Free
6095.0,FED002_072224_00.CSV,Free
1.0,FED002_072224_00.CSV,Free
56.0,FED002_072224_00.CSV,Free
30.0,FED002_072224_00.CSV,Free
20.0,FED002_072224_00.CSV,Free
23.0,FED002_072224_00.CSV,Free
211.0,FED002_072224_00.CSV,Free
3262.0,FED002_072224_00.CSV,Free
0.0,FED002_072224_00.CSV,Free
24.0,FED002_072224_00.CSV,Free
23.0,FED002_072224_00.CSV,Free
22.0,FED002_072224_00.CSV,Free
20.0,FED002_072224_00.CSV,Free
20.0,FED002_072224_00.CSV,Free
18.0,FED002_072224_00.CSV,Free
3796.0,FED002_072224_00.CSV,Free
23.0,FED002_072224_00.CSV,Free
25.0,FED002_072224_00.CSV,Free
22.0,FED002_072224_00.CSV,Free
22.0,FED002_072224_00.CSV,Free
3.0,FED006_072224_00.CSV,Free
18.0,FED006_072224_00.CSV,Free
23.0,FED006_072224_00.CSV,Free
19.0,FED006_072224_00.CSV,Free
19.0,FED006_072224_00.CSV,Free
19.0,FED006_072224_00.CSV,Free
19.0,FED006_072224_00.CSV,Free
20.0,FED006_072224_00.CSV,Free
19.0,FED006_072224_00.CSV,Free
1.0,FED006_072224_00.CSV,Free
5417.0,FED006_072224_00.CSV,Free
0.0,FED006_072224_00.CSV,Free
1.0,FED006_072224_00.CSV,Free
1.0,FED006_072224_00.CSV,Free
8.0,FED006_072224_00.CSV,Free
17.0,FED006_072224_00.CSV,Free
0.0,FED006_072224_00.CSV,Free
12.0,FED006_072224_00.CSV,Free
20.0,FED006_072224_00.CSV,Free
24.0,FED006_072224_00.CSV,Free
4092.0,FED006_072224_00.CSV,Free
2.0,FED006_072224_00.CSV,Free
7.0,FED006_072224_00.CSV,Free
17.0,FED006_072224_00.CSV,Free
18.0,FED006_072224_00.CSV,Free
17.0,FED006_072224_00.CSV,Free
19.0,FED006_072224_00.CSV,Free
17.0,FED006_072224_00.CSV,Free
19.0,FED006_072224_00.CSV,Free
10.0,FED006_072224_00.CSV,Free
20.0,FED006_072224_00.CSV,Free
8.0,FED006_072224_00.CSV,Free
9.0,FED006_072224_00.CSV,Free
4288.0,FED006_072224_00.CSV,Free
11.0,FED006_072224_00.CSV,Free
15.0,FED006_072224_00.CSV,Free
19.0,FED006_072224_00.CSV,Free
16.0,FED006_072224_00.CSV,Free
17.0,FED006_072224_00.CSV,Free
18.0,FED006_072224_00.CSV,Free
18.0,FED006_072224_00.CSV,Free
0.0,FED006_072224_00.CSV,Free
20.0,FED006_072224_00.CSV,Free
2150.0,FED006_072224_00.CSV,Free
1.0,FED006_072224_00.CSV,Free
21.0,FED006_072224_00.CSV,Free
1.0,FED006_072224_00.CSV,Free
11.0,FED006_072224_00.CSV,Free
20.0,FED006_072224_00.CSV,Free
22.0,FED006_072224_00.CSV,Free
26.0,FED006_072224_00.CSV,Free
8.0,FED006_072224_00.CSV,Free
16.0,FED006_072224_00.CSV,Free
1.0,FED006_072224_00.CSV,Free
16.0,FED006_072224_00.CSV,Free
18.0,FED006_072224_00.CSV,Free
19.0,FED006_072224_00.CSV,Free
2116.0,FED006_072224_00.CSV,Free
1.0,FED006_072224_00.CSV,Free
18.0,FED006_072224_00.CSV,Free
17.0,FED006_072224_00.CSV,Free
16.0,FED006_072224_00.CSV,Free
19.0,FED006_072224_00.CSV,Free
836.0,FED006_072224_00.CSV,Free
14.0,FED006_072224_00.CSV,Free
16.0,FED006_072224_00.CSV,Free
15.0,FED006_072224_00.CSV,Free
13.0,FED006_072224_00.CSV,Free
19.0,FED006_072224_00.CSV,Free
16.0,FED006_072224_00.CSV,Free
17.0,FED006_072224_00.CSV,Free
2320.0,FED006_072224_00.CSV,Free
1.0,FED006_072224_00.CSV,Free
1.0,FED006_072224_00.CSV,Free
26.0,FED006_072224_00.CSV,Free
18.0,FED006_072224_00.CSV,Free
11.0,FED006_072224_00.CSV,Free
15.0,FED006_072224_00.CSV,Free
17.0,FED006_072224_00.CSV,Free
0.0,FED006_072224_00.CSV,Free
20.0,FED006_072224_00.CSV,Free
16.0,FED006_072224_00.CSV,Free
18.0,FED006_072224_00.CSV,Free
3802.0,FED006_072224_00.CSV,Free
7.0,FED006_072224_00.CSV,Free
12.0,FED006_072224_00.CSV,Free
12.0,FED006_072224_00.CSV,Free
17.0,FED006_072224_00.CSV,Free
14.0,FED006_072224_00.CSV,Free
25.0,FED006_072224_00.CSV,Free
8.0,FED006_072224_00.CSV,Free
17.0,FED006_072224_00.CSV,Free
18.0,FED006_072224_00.CSV,Free
18.0,FED006_072224_00.CSV,Free
18.0,FED006_072224_00.CSV,Free
19.0,FED006_072224_00.CSV,Free
18.0,FED006_072224_00.CSV,Free
19.0,FED006_072224_00.CSV,Free
18.0,FED006_072224_00.CSV,Free
18.0,FED006_072224_00.CSV,Free
21.0,FED006_072224_00.CSV,Free
24.0,FED006_072224_00.CSV,Free
2123.0,FED006_072224_00.CSV,Free
14.0,FED006_072224_00.CSV,Free
5.0,FED006_072224_00.CSV,Free
13.0,FED006_072224_00.CSV,Free
14.0,FED006_072224_00.CSV,Free
14.0,FED006_072224_00.CSV,Free
16.0,FED006_072224_00.CSV,Free
17.0,FED006_072224_00.CSV,Free
14.0,FED006_072224_00.CSV,Free
18.0,FED006_072224_00.CSV,Free
19.0,FED006_072224_00.CSV,Free
16.0,FED006_072224_00.CSV,Free
13.0,FED006_072224_00.CSV,Free
4.0,FED006_072224_00.CSV,Free
14.0,FED006_072224_00.CSV,Free
15.0,FED006_072224_00.CSV,Free
4022.0,FED006_072224_00.CSV,Free
1.0,FED006_072224_00.CSV,Free
15.0,FED006_072224_00.CSV,Free
14.0,FED006_072224_00.CSV,Free
18.0,FED006_072224_00.CSV,Free
18.0,FED006_072224_00.CSV,Free
16.0,FED006_072224_00.CSV,Free
17.0,FED006_072224_00.CSV,Free
17.0,FED006_072224_00.CSV,Free
4781.0,FED006_072224_00.CSV,Free
503.0,FED006_072224_00.CSV,Free
15.0,FED006_072224_00.CSV,Free
7.0,FED006_072224_00.CSV,Free
14.0,FED006_072224_00.CSV,Free
15.0,FED006_072224_00.CSV,Free
14.0,FED006_072224_00.CSV,Free
16.0,FED006_072224_00.CSV,Free
14.0,FED006_072224_00.CSV,Free
7.0,FED006_072224_00.CSV,Free
15.0,FED006_072224_00.CSV,Free
17.0,FED006_072224_00.CSV,Free
12.0,FED006_072224_00.CSV,Free
13.0,FED006_072224_00.CSV,Free
17.0,FED006_072224_00.CSV,Free
18.0,FED006_072224_00.CSV,Free
16.0,FED006_072224_00.CSV,Free
18.0,FED006_072224_00.CSV,Free
15.0,FED006_072224_00.CSV,Free
18.0,FED006_072224_00.CSV,Free
18.0,FED006_072224_00.CSV,Free
17.0,FED006_072224_00.CSV,Free
16.0,FED006_072224_00.CSV,Free
683.0,FED006_072224_00.CSV,Free
18.0,FED006_072224_00.CSV,Free
11.0,FED006_072224_00.CSV,Free
11.0,FED006_072224_00.CSV,Free
4780.0,FED006_072224_00.CSV,Free
0.0,FED006_072224_00.CSV,Free
1.0,FED006_072224_00.CSV,Free
8.0,FED006_072224_00.CSV,Free
16.0,FED006_072224_00.CSV,Free
14.0,FED006_072224_00.CSV,Free
8.0,FED006_072224_00.CSV,Free
16.0,FED006_072224_00.CSV,Free
17.0,FED006_072224_00.CSV,Free
15.0,FED006_072224_00.CSV,Free
15.0,FED006_072224_00.CSV,Free
18.0,FED006_072224_00.CSV,Free
5651.0,FED006_072224_00.CSV,Free
7.0,FED006_072224_00.CSV,Free
15.0,FED006_072224_00.CSV,Free
17.0,FED006_072224_00.CSV,Free
17.0,FED006_072224_00.CSV,Free
18.0,FED006_072224_00.CSV,Free
19.0,FED006_072224_00.CSV,Free
19.0,FED006_072224_00.CSV,Free
21.0,FED006_072224_00.CSV,Free
9.0,FED006_072224_00.CSV,Free
1979.0,FED006_072224_00.CSV,Free
17.0,FED006_072224_00.CSV,Free
16.0,FED006_072224_00.CSV,Free
18.0,FED006_072224_00.CSV,Free
19.0,FED006_072224_00.CSV,Free
4665.0,FED006_072224_00.CSV,Free
3963.0,FED006_072224_00.CSV,Free
10.0,FED006_072224_00.CSV,Free
15.0,FED006_072224_00.CSV,Free
14.0,FED006_072224_00.CSV,Free
14.0,FED006_072224_00.CSV,Free
17.0,FED006_072224_00.CSV,Free
19.0,FED006_072224_00.CSV,Free
15.0,FED006_072224_00.CSV,Free
24.0,FED006_072224_00.CSV,Free
15.0,FED006_072224_00.CSV,Free
16.0,FED006_072224_00.CSV,Free
20.0,FED006_072224_00.CSV,Free
15.0,FED006_072224_00.CSV,Free
7880.0,FED006_072224_00.CSV,Free
1.0,FED006_072224_00.CSV,Free
9.0,FED006_072224_00.CSV,Free
9.0,FED006_072224_00.CSV,Free
14.0,FED006_072224_00.CSV,Free
16.0,FED006_072224_00.CSV,Free
18.0,FED006_072224_00.CSV,Free
16.0,FED006_072224_00.CSV,Free
18.0,FED006_072224_00.CSV,Free
18.0,FED006_072224_00.CSV,Free
16.0,FED006_072224_00.CSV,Free
6461.0,FED006_072224_00.CSV,Free
1.0,FED006_072224_00.CSV,Free
1.0,FED006_072224_00.CSV,Free
18.0,FED006_072224_00.CSV,Free
20.0,FED006_072224_00.CSV,Free
15.0,FED006_072224_00.CSV,Free
16.0,FED006_072224_00.CSV,Free
20.0,FED006_072224_00.CSV,Free
17.0,FED006_072224_00.CSV,Free
22.0,FED006_072224_00.CSV,Free
16.0,FED006_072224_00.CSV,Free
19.0,FED006_072224_00.CSV,Free
22.0,FED006_072224_00.CSV,Free
17.0,FED006_072224_00.CSV,Free
19.0,FED006_072224_00.CSV,Free
4097.0,FED006_072224_00.CSV,Free
18.0,FED006_072224_00.CSV,Free
16.0,FED006_072224_00.CSV,Free
16.0,FED006_072224_00.CSV,Free
17.0,FED006_072224_00.CSV,Free
19.0,FED006_072224_00.CSV,Free
17.0,FED006_072224_00.CSV,Free
18.0,FED006_072224_00.CSV,Free
13.0,FED006_072224_00.CSV,Free
22.0,FED006_072224_00.CSV,Free
17.0,FED006_072224_00.CSV,Free
19.0,FED006_072224_00.CSV,Free
17.0,FED006_072224_00.CSV,Free
20.0,FED006_072224_00.CSV,Free
18.0,FED006_072224_00.CSV,Free
2953.0,FED006_072224_00.CSV,Free
21.0,FED006_072224_00.CSV,Free
7.0,FED006_072224_00.CSV,Free
18.0,FED006_072224_00.CSV,Free
20.0,FED006_072224_00.CSV,Free
6625.0,FED006_072224_00.CSV,Free
28.0,FED006_072224_00.CSV,Free
8.0,FED006_072224_00.CSV,Free
19.0,FED006_072224_00.CSV,Free
9.0,FED006_072224_00.CSV,Free
17.0,FED006_072224_00.CSV,Free
14.0,FED006_072224_00.CSV,Free
18.0,FED006_072224_00.CSV,Free
16.0,FED006_072224_00.CSV,Free
22.0,FED006_072224_00.CSV,Free
15.0,FED006_072224_00.CSV,Free
21.0,FED006_072224_00.CSV,Free
19.0,FED006_072224_00.CSV,Free
18.0,FED006_072224_00.CSV,Free
20.0,FED006_072224_00.CSV,Free
20.0,FED006_072224_00.CSV,Free
19.0,FED006_072224_00.CSV,Free
8288.0,FED006_072224_00.CSV,Free
86.0,FED006_072224_00.CSV,Free
12.0,FED006_072224_00.CSV,Free
16.0,FED006_072224_00.CSV,Free
17.0,FED006_072224_00.CSV,Free
1.0,FED006_072224_00.CSV,Free
16.0,FED006_072224_00.CSV,Free
18.0,FED006_072224_00.CSV,Free
17.0,FED006_072224_00.CSV,Free
24.0,FED006_072224_00.CSV,Free
17.0,FED006_072224_00.CSV,Free
15.0,FED006_072224_00.CSV,Free
17.0,FED006_072224_00.CSV,Free
20.0,FED006_072224_00.CSV,Free
21.0,FED006_072224_00.CSV,Free
20.0,FED006_072224_00.CSV,Free
18.0,FED006_072224_00.CSV,Free
15.0,FED006_072224_00.CSV,Free
19.0,FED006_072224_00.CSV,Free
15.0,FED006_072224_00.CSV,Free
17.0,FED006_072224_00.CSV,Free
13.0,FED006_072224_00.CSV,Free
19.0,FED006_072224_00.CSV,Free
22.0,FED006_072224_00.CSV,Free
17.0,FED006_072224_00.CSV,Free
15.0,FED006_072224_00.CSV,Free
3234.0,FED006_072224_00.CSV,Free
19.0,FED006_072224_00.CSV,Free
14.0,FED006_072224_00.CSV,Free
1.0,FED006_072224_00.CSV,Free
18.0,FED006_072224_00.CSV,Free
19.0,FED006_072224_00.CSV,Free
9.0,FED006_072224_00.CSV,Free
1.0,FED006_072224_00.CSV,Free
7.0,FED006_072224_00.CSV,Free
5.0,FED006_072224_00.CSV,Free
19.0,FED006_072224_00.CSV,Free
18.0,FED006_072224_00.CSV,Free
20.0,FED006_072224_00.CSV,Free
1837.0,FED006_072224_00.CSV,Free
14.0,FED006_072224_00.CSV,Free
16.0,FED006_072224_00.CSV,Free
16.0,FED006_072224_00.CSV,Free
21.0,FED006_072224_00.CSV,Free
15.0,FED006_072224_00.CSV,Free
15.0,FED006_072224_00.CSV,Free
17.0,FED006_072224_00.CSV,Free
3723.0,FED006_072224_00.CSV,Free
1.0,FED006_072224_00.CSV,Free
12.0,FED006_072224_00.CSV,Free
15.0,FED006_072224_00.CSV,Free
14.0,FED006_072224_00.CSV,Free
14.0,FED006_072224_00.CSV,Free
12.0,FED006_072224_00.CSV,Free
8.0,FED006_072224_00.CSV,Free
16.0,FED006_072224_00.CSV,Free
16.0,FED006_072224_00.CSV,Free
17.0,FED006_072224_00.CSV,Free
17.0,FED006_072224_00.CSV,Free
18.0,FED006_072224_00.CSV,Free
17.0,FED006_072224_00.CSV,Free
16.0,FED006_072224_00.CSV,Free
14.0,FED006_072224_00.CSV,Free
19.0,FED006_072224_00.CSV,Free
17.0,FED006_072224_00.CSV,Free
1789.0,FED006_072224_00.CSV,Free
5592.0,FED006_072224_00.CSV,Free
27.0,FED006_072224_00.CSV,Free
21.0,FED006_072224_00.CSV,Free
7.0,FED006_072224_00.CSV,Free
15.0,FED006_072224_00.CSV,Free
15.0,FED006_072224_00.CSV,Free
15.0,FED006_072224_00.CSV,Free
14.0,FED006_072224_00.CSV,Free
14.0,FED006_072224_00.CSV,Free
15.0,FED006_072224_00.CSV,Free
14.0,FED006_072224_00.CSV,Free
14.0,FED006_072224_00.CSV,Free
16.0,FED006_072224_00.CSV,Free
17.0,FED006_072224_00.CSV,Free
17.0,FED006_072224_00.CSV,Free
20.0,FED006_072224_00.CSV,Free
15.0,FED006_072224_00.CSV,Free
15.0,FED006_072224_00.CSV,Free
16.0,FED006_072224_00.CSV,Free
2266.0,FED006_072224_00.CSV,Free
1.0,FED006_072224_00.CSV,Free
8.0,FED006_072224_00.CSV,Free
15.0,FED006_072224_00.CSV,Free
15.0,FED006_072224_00.CSV,Free
18.0,FED006_072224_00.CSV,Free
17.0,FED006_072224_00.CSV,Free
18.0,FED006_072224_00.CSV,Free
15.0,FED006_072224_00.CSV,Free
9.0,FED006_072224_00.CSV,Free
20.0,FED006_072224_00.CSV,Free
29.0,FED006_072224_00.CSV,Free
9586.0,FED006_072224_00.CSV,Free
1.0,FED006_072224_00.CSV,Free
5.0,FED006_072224_00.CSV,Free
15.0,FED006_072224_00.CSV,Free
20.0,FED006_072224_00.CSV,Free
11.0,FED006_072224_00.CSV,Free
13.0,FED006_072224_00.CSV,Free
14.0,FED006_072224_00.CSV,Free
15.0,FED006_072224_00.CSV,Free
21.0,FED006_072224_00.CSV,Free
14.0,FED006_072224_00.CSV,Free
17.0,FED006_072224_00.CSV,Free
16.0,FED006_072224_00.CSV,Free
15.0,FED006_072224_00.CSV,Free
17.0,FED006_072224_00.CSV,Free
16.0,FED006_072224_00.CSV,Free
17.0,FED006_072224_00.CSV,Free
16.0,FED006_072224_00.CSV,Free
15.0,FED006_072224_00.CSV,Free
18.0,FED006_072224_00.CSV,Free
15.0,FED006_072224_00.CSV,Free
17.0,FED006_072224_00.CSV,Free
0.0,FED006_072224_00.CSV,Free
18.0,FED006_072224_00.CSV,Free
17.0,FED006_072224_00.CSV,Free
20.0,FED006_072224_00.CSV,Free
16.0,FED006_072224_00.CSV,Free
3261.0,FED006_072224_00.CSV,Free
1.0,FED006_072224_00.CSV,Free
15.0,FED006_072224_00.CSV,Free
11.0,FED006_072224_00.CSV,Free
14.0,FED006_072224_00.CSV,Free
12.0,FED006_072224_00.CSV,Free
15.0,FED006_072224_00.CSV,Free
17.0,FED006_072224_00.CSV,Free
15.0,FED006_072224_00.CSV,Free
15.0,FED006_072224_00.CSV,Free
15.0,FED006_072224_00.CSV,Free
7523.0,FED006_072224_00.CSV,Free
1.0,FED006_072224_00.CSV,Free
12.0,FED006_072224_00.CSV,Free
16.0,FED006_072224_00.CSV,Free
11.0,FED006_072224_00.CSV,Free
16.0,FED006_072224_00.CSV,Free
17.0,FED006_072224_00.CSV,Free
16.0,FED006_072224_00.CSV,Free
18.0,FED006_072224_00.CSV,Free
18.0,FED006_072224_00.CSV,Free
44.0,FED006_072224_00.CSV,Free
3163.0,FED006_072224_00.CSV,Free
1.0,FED006_072224_00.CSV,Free
17.0,FED006_072224_00.CSV,Free
18.0,FED006_072224_00.CSV,Free
19.0,FED006_072224_00.CSV,Free
20.0,FED006_072224_00.CSV,Free
18.0,FED006_072224_00.CSV,Free
18.0,FED006_072224_00.CSV,Free
6091.0,FED006_072224_00.CSV,Free
46.0,FED006_072224_00.CSV,Free
4.0,FED006_072224_00.CSV,Free
20.0,FED006_072224_00.CSV,Free
17.0,FED006_072224_00.CSV,Free
22.0,FED006_072224_00.CSV,Free
10.0,FED006_072224_00.CSV,Free
6851.0,FED006_072224_00.CSV,Free
2590.0,FED006_072224_00.CSV,Free
1.0,FED006_072224_00.CSV,Free
9.0,FED006_072224_00.CSV,Free
8.0,FED006_072224_00.CSV,Free
20.0,FED006_072224_00.CSV,Free
17.0,FED006_072224_00.CSV,Free
16.0,FED006_072224_00.CSV,Free
28.0,FED006_072224_00.CSV,Free
17.0,FED006_072224_00.CSV,Free
20.0,FED006_072224_00.CSV,Free
25.0,FED006_072224_00.CSV,Free
21.0,FED006_072224_00.CSV,Free
20.0,FED006_072224_00.CSV,Free
19.0,FED006_072224_00.CSV,Free
1701.0,FED006_072224_00.CSV,Free
1.0,FED006_072224_00.CSV,Free
17.0,FED006_072224_00.CSV,Free
6804.0,FED006_072224_00.CSV,Free
16.0,FED006_072224_00.CSV,Free
20.0,FED006_072224_00.CSV,Free
14.0,FED006_072224_00.CSV,Free
16.0,FED006_072224_00.CSV,Free
17.0,FED006_072224_00.CSV,Free
588.0,FED006_072224_00.CSV,Free
1874.0,FED006_072224_00.CSV,Free
2.0,FED006_072224_00.CSV,Free
1386.0,FED006_072224_00.CSV,Free
21.0,FED003_072224_00.CSV,Free
13.0,FED003_072224_00.CSV,Free
15.0,FED003_072224_00.CSV,Free
23.0,FED003_072224_00.CSV,Free
11.0,FED003_072224_00.CSV,Free
7074.0,FED003_072224_00.CSV,Free
18.0,FED003_072224_00.CSV,Free
15.0,FED003_072224_00.CSV,Free
8.0,FED003_072224_00.CSV,Free
17.0,FED003_072224_00.CSV,Free
17.0,FED003_072224_00.CSV,Free
17.0,FED003_072224_00.CSV,Free
3487.0,FED003_072224_00.CSV,Free
10.0,FED003_072224_00.CSV,Free
16.0,FED003_072224_00.CSV,Free
17.0,FED003_072224_00.CSV,Free
25.0,FED003_072224_00.CSV,Free
9.0,FED003_072224_00.CSV,Free
488.0,FED003_072224_00.CSV,Free
15.0,FED003_072224_00.CSV,Free
15.0,FED003_072224_00.CSV,Free
20.0,FED003_072224_00.CSV,Free
17.0,FED003_072224_00.CSV,Free
12.0,FED003_072224_00.CSV,Free
1064.0,FED003_072224_00.CSV,Free
17.0,FED003_072224_00.CSV,Free
16.0,FED003_072224_00.CSV,Free
1280.0,FED003_072224_00.CSV,Free
13.0,FED003_072224_00.CSV,Free
15.0,FED003_072224_00.CSV,Free
18.0,FED003_072224_00.CSV,Free
532.0,FED003_072224_00.CSV,Free
162.0,FED003_072224_00.CSV,Free
19.0,FED003_072224_00.CSV,Free
203.0,FED003_072224_00.CSV,Free
1.0,FED003_072224_00.CSV,Free
1.0,FED003_072224_00.CSV,Free
390.0,FED003_072224_00.CSV,Free
58.0,FED003_072224_00.CSV,Free
18.0,FED003_072224_00.CSV,Free
19.0,FED003_072224_00.CSV,Free
381.0,FED003_072224_00.CSV,Free
25.0,FED003_072224_00.CSV,Free
336.0,FED003_072224_00.CSV,Free
149.0,FED003_072224_00.CSV,Free
256.0,FED003_072224_00.CSV,Free
17.0,FED003_072224_00.CSV,Free
8.0,FED003_072224_00.CSV,Free
18.0,FED003_072224_00.CSV,Free
794.0,FED003_072224_00.CSV,Free
6.0,FED003_072224_00.CSV,Free
1.0,FED003_072224_00.CSV,Free
17.0,FED003_072224_00.CSV,Free
7.0,FED003_072224_00.CSV,Free
16.0,FED003_072224_00.CSV,Free
317.0,FED003_072224_00.CSV,Free
9.0,FED003_072224_00.CSV,Free
18.0,FED003_072224_00.CSV,Free
14.0,FED003_072224_00.CSV,Free
19.0,FED003_072224_00.CSV,Free
15.0,FED003_072224_00.CSV,Free
14.0,FED003_072224_00.CSV,Free
17.0,FED003_072224_00.CSV,Free
790.0,FED003_072224_00.CSV,Free
10.0,FED003_072224_00.CSV,Free
60.0,FED003_072224_00.CSV,Free
46.0,FED003_072224_00.CSV,Free
812.0,FED003_072224_00.CSV,Free
26.0,FED003_072224_00.CSV,Free
25.0,FED003_072224_00.CSV,Free
28.0,FED003_072224_00.CSV,Free
24.0,FED003_072224_00.CSV,Free
12.0,FED003_072224_00.CSV,Free
21.0,FED003_072224_00.CSV,Free
20.0,FED003_072224_00.CSV,Free
1414.0,FED003_072224_00.CSV,Free
119.0,FED003_072224_00.CSV,Free
1.0,FED003_072224_00.CSV,Free
525.0,FED003_072224_00.CSV,Free
642.0,FED003_072224_00.CSV,Free
6.0,FED003_072224_00.CSV,Free
9.0,FED003_072224_00.CSV,Free
13.0,FED003_072224_00.CSV,Free
14.0,FED003_072224_00.CSV,Free
0.0,FED003_072224_00.CSV,Free
15.0,FED003_072224_00.CSV,Free
14.0,FED003_072224_00.CSV,Free
17.0,FED003_072224_00.CSV,Free
78.0,FED003_072224_00.CSV,Free
177.0,FED003_072224_00.CSV,Free
16.0,FED003_072224_00.CSV,Free
754.0,FED003_072224_00.CSV,Free
75.0,FED003_072224_00.CSV,Free
110.0,FED003_072224_00.CSV,Free
244.0,FED003_072224_00.CSV,Free
15.0,FED003_072224_00.CSV,Free
62.0,FED003_072224_00.CSV,Free
561.0,FED003_072224_00.CSV,Free
34.0,FED003_072224_00.CSV,Free
131.0,FED003_072224_00.CSV,Free
25.0,FED003_072224_00.CSV,Free
138.0,FED003_072224_00.CSV,Free
767.0,FED003_072224_00.CSV,Free
6.0,FED003_072224_00.CSV,Free
18.0,FED003_072224_00.CSV,Free
17.0,FED003_072224_00.CSV,Free
21.0,FED003_072224_00.CSV,Free
920.0,FED003_072224_00.CSV,Free
14.0,FED003_072224_00.CSV,Free
16.0,FED003_072224_00.CSV,Free
17.0,FED003_072224_00.CSV,Free
18.0,FED003_072224_00.CSV,Free
39.0,FED003_072224_00.CSV,Free
15.0,FED003_072224_00.CSV,Free
848.0,FED003_072224_00.CSV,Free
455.0,FED003_072224_00.CSV,Free
21.0,FED003_072224_00.CSV,Free
223.0,FED003_072224_00.CSV,Free
17.0,FED003_072224_00.CSV,Free
20.0,FED003_072224_00.CSV,Free
17.0,FED003_072224_00.CSV,Free
560.0,FED003_072224_00.CSV,Free
1.0,FED003_072224_00.CSV,Free
474.0,FED003_072224_00.CSV,Free
18.0,FED003_072224_00.CSV,Free
13.0,FED003_072224_00.CSV,Free
12.0,FED003_072224_00.CSV,Free
15.0,FED003_072224_00.CSV,Free
16.0,FED003_072224_00.CSV,Free
504.0,FED003_072224_00.CSV,Free
173.0,FED003_072224_00.CSV,Free
12.0,FED003_072224_00.CSV,Free
13.0,FED003_072224_00.CSV,Free
12.0,FED003_072224_00.CSV,Free
17.0,FED003_072224_00.CSV,Free
245.0,FED003_072224_00.CSV,Free
75.0,FED003_072224_00.CSV,Free
283.0,FED003_072224_00.CSV,Free
208.0,FED003_072224_00.CSV,Free
39.0,FED003_072224_00.CSV,Free
30.0,FED003_072224_00.CSV,Free
669.0,FED003_072224_00.CSV,Free
15.0,FED003_072224_00.CSV,Free
854.0,FED003_072224_00.CSV,Free
8.0,FED003_072224_00.CSV,Free
12.0,FED003_072224_00.CSV,Free
12.0,FED003_072224_00.CSV,Free
15.0,FED003_072224_00.CSV,Free
13.0,FED003_072224_00.CSV,Free
15.0,FED003_072224_00.CSV,Free
36.0,FED003_072224_00.CSV,Free
31.0,FED003_072224_00.CSV,Free
519.0,FED003_072224_00.CSV,Free
0.0,FED003_072224_00.CSV,Free
861.0,FED003_072224_00.CSV,Free
7.0,FED003_072224_00.CSV,Free
17.0,FED003_072224_00.CSV,Free
16.0,FED003_072224_00.CSV,Free
16.0,FED003_072224_00.CSV,Free
13.0,FED003_072224_00.CSV,Free
142.0,FED003_072224_00.CSV,Free
2589.0,FED003_072224_00.CSV,Free
477.0,FED003_072224_00.CSV,Free
50.0,FED003_072224_00.CSV,Free
14.0,FED003_072224_00.CSV,Free
18.0,FED003_072224_00.CSV,Free
16.0,FED003_072224_00.CSV,Free
707.0,FED003_072224_00.CSV,Free
24.0,FED003_072224_00.CSV,Free
113.0,FED003_072224_00.CSV,Free
1429.0,FED003_072224_00.CSV,Free
627.0,FED003_072224_00.CSV,Free
650.0,FED003_072224_00.CSV,Free
8.0,FED003_072224_00.CSV,Free
13.0,FED003_072224_00.CSV,Free
14.0,FED003_072224_00.CSV,Free
13.0,FED003_072224_00.CSV,Free
15.0,FED003_072224_00.CSV,Free
15.0,FED003_072224_00.CSV,Free
18.0,FED003_072224_00.CSV,Free
14.0,FED003_072224_00.CSV,Free
500.0,FED003_072224_00.CSV,Free
15.0,FED003_072224_00.CSV,Free
16.0,FED003_072224_00.CSV,Free
15.0,FED003_072224_00.CSV,Free
15.0,FED003_072224_00.CSV,Free
0.0,FED003_072224_00.CSV,Free
845.0,FED003_072224_00.CSV,Free
18.0,FED003_072224_00.CSV,Free
14.0,FED003_072224_00.CSV,Free
13.0,FED003_072224_00.CSV,Free
18.0,FED003_072224_00.CSV,Free
15.0,FED003_072224_00.CSV,Free
926.0,FED003_072224_00.CSV,Free
12.0,FED003_072224_00.CSV,Free
15.0,FED003_072224_00.CSV,Free
13.0,FED003_072224_00.CSV,Free
14.0,FED003_072224_00.CSV,Free
15.0,FED003_072224_00.CSV,Free
4224.0,FED003_072224_00.CSV,Free
651.0,FED003_072224_00.CSV,Free
7.0,FED003_072224_00.CSV,Free
13.0,FED003_072224_00.CSV,Free
13.0,FED003_072224_00.CSV,Free
17.0,FED003_072224_00.CSV,Free
17.0,FED003_072224_00.CSV,Free
17.0,FED003_072224_00.CSV,Free
20.0,FED003_072224_00.CSV,Free
15.0,FED003_072224_00.CSV,Free
11.0,FED003_072224_00.CSV,Free
11.0,FED003_072224_00.CSV,Free
72.0,FED003_072224_00.CSV,Free
998.0,FED003_072224_00.CSV,Free
16.0,FED003_072224_00.CSV,Free
111.0,FED003_072224_00.CSV,Free
9.0,FED003_072224_00.CSV,Free
16.0,FED003_072224_00.CSV,Free
15.0,FED003_072224_00.CSV,Free
17.0,FED003_072224_00.CSV,Free
14.0,FED003_072224_00.CSV,Free
215.0,FED003_072224_00.CSV,Free
29.0,FED003_072224_00.CSV,Free
15.0,FED003_072224_00.CSV,Free
2833.0,FED003_072224_00.CSV,Free
14.0,FED003_072224_00.CSV,Free
196.0,FED003_072224_00.CSV,Free
159.0,FED003_072224_00.CSV,Free
12.0,FED003_072224_00.CSV,Free
25.0,FED003_072224_00.CSV,Free
266.0,FED003_072224_00.CSV,Free
326.0,FED003_072224_00.CSV,Free
1.0,FED003_072224_00.CSV,Free
905.0,FED003_072224_00.CSV,Free
3.0,FED003_072224_00.CSV,Free
7420.0,FED003_072224_00.CSV,Free
9.0,FED003_072224_00.CSV,Free
19.0,FED003_072224_00.CSV,Free
18.0,FED003_072224_00.CSV,Free
16.0,FED003_072224_00.CSV,Free
18.0,FED003_072224_00.CSV,Free
21.0,FED003_072224_00.CSV,Free
18.0,FED003_072224_00.CSV,Free
4197.0,FED003_072224_00.CSV,Free
1.0,FED003_072224_00.CSV,Free
2141.0,FED003_072224_00.CSV,Free
3.0,FED003_072224_00.CSV,Free
436.0,FED003_072224_00.CSV,Free
49.0,FED003_072224_00.CSV,Free
3975.0,FED003_072224_00.CSV,Free
1.0,FED003_072224_00.CSV,Free
18.0,FED003_072224_00.CSV,Free
54.0,FED003_072224_00.CSV,Free
20.0,FED003_072224_00.CSV,Free
11.0,FED003_072224_00.CSV,Free
80.0,FED003_072224_00.CSV,Free
29.0,FED003_072224_00.CSV,Free
17.0,FED003_072224_00.CSV,Free
2681.0,FED003_072224_00.CSV,Free
9.0,FED003_072224_00.CSV,Free
14.0,FED003_072224_00.CSV,Free
15.0,FED003_072224_00.CSV,Free
14.0,FED003_072224_00.CSV,Free
21.0,FED003_072224_00.CSV,Free
14.0,FED003_072224_00.CSV,Free
14.0,FED003_072224_00.CSV,Free
17.0,FED003_072224_00.CSV,Free
4494.0,FED003_072224_00.CSV,Free
20.0,FED003_072224_00.CSV,Free
17.0,FED003_072224_00.CSV,Free
20.0,FED003_072224_00.CSV,Free
23.0,FED003_072224_00.CSV,Free
18.0,FED003_072224_00.CSV,Free
3719.0,FED003_072224_00.CSV,Free
18.0,FED003_072224_00.CSV,Free
21.0,FED003_072224_00.CSV,Free
24.0,FED003_072224_00.CSV,Free
21.0,FED003_072224_00.CSV,Free
17.0,FED003_072224_00.CSV,Free
845.0,FED003_072224_00.CSV,Free
20.0,FED003_072224_00.CSV,Free
2375.0,FED003_072224_00.CSV,Free
13.0,FED003_072224_00.CSV,Free
2.0,FED003_072224_00.CSV,Free
3197.0,FED003_072224_00.CSV,Free
17.0,FED003_072224_00.CSV,Free
1230.0,FED003_072224_00.CSV,Free
7.0,FED003_072224_00.CSV,Free
8.0,FED003_072224_00.CSV,Free
15.0,FED003_072224_00.CSV,Free
26.0,FED003_072224_00.CSV,Free
3567.0,FED003_072224_00.CSV,Free
509.0,FED003_072224_00.CSV,Free
8.0,FED003_072224_00.CSV,Free
21.0,FED003_072224_00.CSV,Free
15.0,FED003_072224_00.CSV,Free
21.0,FED003_072224_00.CSV,Free
2.0,FED003_072224_00.CSV,Free
1282.0,FED003_072224_00.CSV,Free
10.0,FED003_072224_00.CSV,Free
17.0,FED003_072224_00.CSV,Free
18.0,FED003_072224_00.CSV,Free
2053.0,FED003_072224_00.CSV,Free
11.0,FED003_072224_00.CSV,Free
16.0,FED003_072224_00.CSV,Free
14.0,FED003_072224_00.CSV,Free
8.0,FED003_072224_00.CSV,Free
11.0,FED003_072224_00.CSV,Free
388.0,FED003_072224_00.CSV,Free
473.0,FED003_072224_00.CSV,Free
230.0,FED003_072224_00.CSV,Free
695.0,FED003_072224_00.CSV,Free
8.0,FED003_072224_00.CSV,Free
5.0,FED003_072224_00.CSV,Free
10.0,FED003_072224_00.CSV,Free
37.0,FED003_072224_00.CSV,Free
488.0,FED003_072224_00.CSV,Free
12.0,FED003_072224_00.CSV,Free
16.0,FED003_072224_00.CSV,Free
13.0,FED003_072224_00.CSV,Free
8.0,FED003_072224_00.CSV,Free
12.0,FED003_072224_00.CSV,Free
16.0,FED003_072224_00.CSV,Free
843.0,FED003_072224_00.CSV,Free
8.0,FED003_072224_00.CSV,Free
13.0,FED003_072224_00.CSV,Free
13.0,FED003_072224_00.CSV,Free
13.0,FED003_072224_00.CSV,Free
15.0,FED003_072224_00.CSV,Free
584.0,FED003_072224_00.CSV,Free
9.0,FED003_072224_00.CSV,Free
15.0,FED003_072224_00.CSV,Free
993.0,FED003_072224_00.CSV,Free
24.0,FED003_072224_00.CSV,Free
13.0,FED003_072224_00.CSV,Free
16.0,FED003_072224_00.CSV,Free
14.0,FED003_072224_00.CSV,Free
26.0,FED003_072224_00.CSV,Free
1118.0,FED003_072224_00.CSV,Free
8.0,FED003_072224_00.CSV,Free
7.0,FED003_072224_00.CSV,Free
14.0,FED003_072224_00.CSV,Free
11.0,FED003_072224_00.CSV,Free
12.0,FED003_072224_00.CSV,Free
12.0,FED003_072224_00.CSV,Free
375.0,FED003_072224_00.CSV,Free
17.0,FED003_072224_00.CSV,Free
15.0,FED003_072224_00.CSV,Free
18.0,FED003_072224_00.CSV,Free
14.0,FED003_072224_00.CSV,Free
16.0,FED003_072224_00.CSV,Free
1225.0,FED003_072224_00.CSV,Free
13.0,FED003_072224_00.CSV,Free
1.0,FED003_072224_00.CSV,Free
19.0,FED003_072224_00.CSV,Free
23.0,FED003_072224_00.CSV,Free
9.0,FED003_072224_00.CSV,Free
1727.0,FED003_072224_00.CSV,Free
78.0,FED003_072224_00.CSV,Free
11.0,FED003_072224_00.CSV,Free
8.0,FED003_072224_00.CSV,Free
13.0,FED003_072224_00.CSV,Free
16.0,FED003_072224_00.CSV,Free
15.0,FED003_072224_00.CSV,Free
16.0,FED003_072224_00.CSV,Free
390.0,FED003_072224_00.CSV,Free
769.0,FED003_072224_00.CSV,Free
16.0,FED003_072224_00.CSV,Free
11.0,FED003_072224_00.CSV,Free
13.0,FED003_072224_00.CSV,Free
18.0,FED003_072224_00.CSV,Free
12.0,FED003_072224_00.CSV,Free
15.0,FED003_072224_00.CSV,Free
293.0,FED003_072224_00.CSV,Free
15.0,FED003_072224_00.CSV,Free
15.0,FED003_072224_00.CSV,Free
1744.0,FED003_072224_00.CSV,Free
39.0,FED003_072224_00.CSV,Free
17.0,FED003_072224_00.CSV,Free
7.0,FED003_072224_00.CSV,Free
14.0,FED003_072224_00.CSV,Free
17.0,FED003_072224_00.CSV,Free
20.0,FED003_072224_00.CSV,Free
17.0,FED003_072224_00.CSV,Free
844.0,FED003_072224_00.CSV,Free
35.0,FED003_072224_00.CSV,Free
16.0,FED003_072224_00.CSV,Free
16.0,FED003_072224_00.CSV,Free
17.0,FED003_072224_00.CSV,Free
8.0,FED003_072224_00.CSV,Free
1096.0,FED003_072224_00.CSV,Free
40.0,FED003_072224_00.CSV,Free
9.0,FED003_072224_00.CSV,Free
19.0,FED003_072224_00.CSV,Free
2049.0,FED003_072224_00.CSV,Free
22.0,FED003_072224_00.CSV,Free
12.0,FED003_072224_00.CSV,Free
8.0,FED003_072224_00.CSV,Free
819.0,FED003_072224_00.CSV,Free
0.0,FED003_072224_00.CSV,Free
9.0,FED003_072224_00.CSV,Free
11.0,FED003_072224_00.CSV,Free
11.0,FED003_072224_00.CSV,Free
14.0,FED003_072224_00.CSV,Free
248.0,FED003_072224_00.CSV,Free
178.0,FED003_072224_00.CSV,Free
25.0,FED003_072224_00.CSV,Free
1019.0,FED003_072224_00.CSV,Free
195.0,FED003_072224_00.CSV,Free
9.0,FED003_072224_00.CSV,Free
38.0,FED003_072224_00.CSV,Free
20.0,FED003_072224_00.CSV,Free
9.0,FED003_072224_00.CSV,Free
765.0,FED003_072224_00.CSV,Free
9.0,FED003_072224_00.CSV,Free
9.0,FED003_072224_00.CSV,Free
39.0,FED003_072224_00.CSV,Free
153.0,FED003_072224_00.CSV,Free
13.0,FED003_072224_00.CSV,Free
8.0,FED003_072224_00.CSV,Free
17.0,FED003_072224_00.CSV,Free
14.0,FED003_072224_00.CSV,Free
495.0,FED003_072224_00.CSV,Free
1.0,FED003_072224_00.CSV,Free
2405.0,FED003_072224_00.CSV,Free
24.0,FED003_072224_00.CSV,Free
35.0,FED003_072224_00.CSV,Free
3.0,FED003_072224_00.CSV,Free
7.0,FED003_072224_00.CSV,Free
1087.0,FED003_072224_00.CSV,Free
16.0,FED003_072224_00.CSV,Free
14.0,FED003_072224_00.CSV,Free
18.0,FED003_072224_00.CSV,Free
19.0,FED003_072224_00.CSV,Free
20.0,FED003_072224_00.CSV,Free
17.0,FED003_072224_00.CSV,Free
19.0,FED003_072224_00.CSV,Free
18.0,FED003_072224_00.CSV,Free
7.0,FED003_072224_00.CSV,Free
479.0,FED003_072224_00.CSV,Free
1622.0,FED003_072224_00.CSV,Free
12.0,FED003_072224_00.CSV,Free
23.0,FED003_072224_00.CSV,Free
13.0,FED003_072224_00.CSV,Free
32.0,FED003_072224_00.CSV,Free
49.0,FED003_072224_00.CSV,Free
3097.0,FED003_072224_00.CSV,Free
7.0,FED003_072224_00.CSV,Free
11.0,FED003_072224_00.CSV,Free
17.0,FED003_072224_00.CSV,Free
13.0,FED003_072224_00.CSV,Free
16.0,FED003_072224_00.CSV,Free
17.0,FED003_072224_00.CSV,Free
14.0,FED003_072224_00.CSV,Free
14.0,FED003_072224_00.CSV,Free
18.0,FED003_072224_00.CSV,Free
14.0,FED003_072224_00.CSV,Free
16.0,FED003_072224_00.CSV,Free
85.0,FED003_072224_00.CSV,Free
1215.0,FED003_072224_00.CSV,Free
18.0,FED003_072224_00.CSV,Free
8.0,FED003_072224_00.CSV,Free
104.0,FED003_072224_00.CSV,Free
112.0,FED003_072224_00.CSV,Free
13.0,FED003_072224_00.CSV,Free
18.0,FED003_072224_00.CSV,Free
1065.0,FED003_072224_00.CSV,Free
1.0,FED003_072224_00.CSV,Free
12.0,FED003_072224_00.CSV,Free
10.0,FED003_072224_00.CSV,Free
16.0,FED003_072224_00.CSV,Free
4180.0,FED003_072224_00.CSV,Free
27.0,FED003_072224_00.CSV,Free
28.0,FED003_072224_00.CSV,Free
26.0,FED003_072224_00.CSV,Free
8.0,FED003_072224_00.CSV,Free
14.0,FED003_072224_00.CSV,Free
1.0,FED003_072224_00.CSV,Free
24.0,FED003_072224_00.CSV,Free
21.0,FED003_072224_00.CSV,Free
25.0,FED003_072224_00.CSV,Free
2160.0,FED003_072224_00.CSV,Free
26.0,FED003_072224_00.CSV,Free
14.0,FED003_072224_00.CSV,Free
12.0,FED003_072224_00.CSV,Free
1181.0,FED003_072224_00.CSV,Free
10454.0,FED003_072224_00.CSV,Free
35.0,FED003_072224_00.CSV,Free
2.0,FED003_072224_00.CSV,Free
1.0,FED003_072224_00.CSV,Free
7.0,FED003_072224_00.CSV,Free
10.0,FED003_072224_00.CSV,Free
17.0,FED003_072224_00.CSV,Free
16.0,FED003_072224_00.CSV,Free
18.0,FED003_072224_00.CSV,Free
18.0,FED003_072224_00.CSV,Free
1.0,FED003_072224_00.CSV,Free
16.0,FED003_072224_00.CSV,Free
20.0,FED003_072224_00.CSV,Free
20.0,FED003_072224_00.CSV,Free
22.0,FED003_072224_00.CSV,Free
19.0,FED003_072224_00.CSV,Free
19.0,FED003_072224_00.CSV,Free
25.0,FED003_072224_00.CSV,Free
22.0,FED003_072224_00.CSV,Free
2.0,FED003_072224_00.CSV,Free
14.0,FED003_072224_00.CSV,Free
1.0,FED003_072224_00.CSV,Free
149.0,FED003_072224_00.CSV,Free
6935.0,FED003_072224_00.CSV,Free
1.0,FED003_072224_00.CSV,Free
1596.0,FED003_072224_00.CSV,Free
9.0,FED003_072224_00.CSV,Free
21.0,FED003_072224_00.CSV,Free
11.0,FED003_072224_00.CSV,Free
18.0,FED003_072224_00.CSV,Free
3399.0,FED003_072224_00.CSV,Free
2.0,FED003_072224_00.CSV,Free
89.0,FED003_072224_00.CSV,Free
31.0,FED003_072224_00.CSV,Free
58.0,FED003_072224_00.CSV,Free
57.0,FED003_072224_00.CSV,Free
375.0,FED003_072224_00.CSV,Free
48.0,FED003_072224_00.CSV,Free
2948.0,FED003_072224_00.CSV,Free
21.0,FED005_072224_00.CSV,Free
18.0,FED005_072224_00.CSV,Free
2.0,FED005_072224_00.CSV,Free
18.0,FED005_072224_00.CSV,Free
19.0,FED005_072224_00.CSV,Free
1.0,FED005_072224_00.CSV,Free
4276.0,FED005_072224_00.CSV,Free
2.0,FED005_072224_00.CSV,Free
1.0,FED005_072224_00.CSV,Free
5129.0,FED005_072224_00.CSV,Free
1.0,FED005_072224_00.CSV,Free
1.0,FED005_072224_00.CSV,Free
19.0,FED005_072224_00.CSV,Free
20.0,FED005_072224_00.CSV,Free
1.0,FED005_072224_00.CSV,Free
14.0,FED005_072224_00.CSV,Free
1.0,FED005_072224_00.CSV,Free
1.0,FED005_072224_00.CSV,Free
19.0,FED005_072224_00.CSV,Free
21.0,FED005_072224_00.CSV,Free
1.0,FED005_072224_00.CSV,Free
1.0,FED005_072224_00.CSV,Free
4994.0,FED005_072224_00.CSV,Free
1.0,FED005_072224_00.CSV,Free
23.0,FED005_072224_00.CSV,Free
3.0,FED005_072224_00.CSV,Free
0.0,FED005_072224_00.CSV,Free
16.0,FED005_072224_00.CSV,Free
17.0,FED005_072224_00.CSV,Free
18.0,FED005_072224_00.CSV,Free
1.0,FED005_072224_00.CSV,Free
2.0,FED005_072224_00.CSV,Free
16.0,FED005_072224_00.CSV,Free
1537.0,FED005_072224_00.CSV,Free
259.0,FED005_072224_00.CSV,Free
17.0,FED005_072224_00.CSV,Free
8.0,FED005_072224_00.CSV,Free
1.0,FED005_072224_00.CSV,Free
19.0,FED005_072224_00.CSV,Free
24.0,FED005_072224_00.CSV,Free
16.0,FED005_072224_00.CSV,Free
1.0,FED005_072224_00.CSV,Free
14.0,FED005_072224_00.CSV,Free
844.0,FED005_072224_00.CSV,Free
8.0,FED005_072224_00.CSV,Free
12.0,FED005_072224_00.CSV,Free
1.0,FED005_072224_00.CSV,Free
1.0,FED005_072224_00.CSV,Free
15.0,FED005_072224_00.CSV,Free
25.0,FED005_072224_00.CSV,Free
1372.0,FED005_072224_00.CSV,Free
13.0,FED005_072224_00.CSV,Free
961.0,FED005_072224_00.CSV,Free
14.0,FED005_072224_00.CSV,Free
14.0,FED005_072224_00.CSV,Free
611.0,FED005_072224_00.CSV,Free
13.0,FED005_072224_00.CSV,Free
13.0,FED005_072224_00.CSV,Free
13.0,FED005_072224_00.CSV,Free
622.0,FED005_072224_00.CSV,Free
1.0,FED005_072224_00.CSV,Free
1.0,FED005_072224_00.CSV,Free
11.0,FED005_072224_00.CSV,Free
523.0,FED005_072224_00.CSV,Free
17.0,FED005_072224_00.CSV,Free
13.0,FED005_072224_00.CSV,Free
15.0,FED005_072224_00.CSV,Free
18.0,FED005_072224_00.CSV,Free
634.0,FED005_072224_00.CSV,Free
14.0,FED005_072224_00.CSV,Free
0.0,FED005_072224_00.CSV,Free
14.0,FED005_072224_00.CSV,Free
8.0,FED005_072224_00.CSV,Free
16.0,FED005_072224_00.CSV,Free
484.0,FED005_072224_00.CSV,Free
3.0,FED005_072224_00.CSV,Free
14.0,FED005_072224_00.CSV,Free
14.0,FED005_072224_00.CSV,Free
1.0,FED005_072224_00.CSV,Free
972.0,FED005_072224_00.CSV,Free
2.0,FED005_072224_00.CSV,Free
30.0,FED005_072224_00.CSV,Free
16.0,FED005_072224_00.CSV,Free
20.0,FED005_072224_00.CSV,Free
18.0,FED005_072224_00.CSV,Free
22.0,FED005_072224_00.CSV,Free
18.0,FED005_072224_00.CSV,Free
8.0,FED005_072224_00.CSV,Free
1112.0,FED005_072224_00.CSV,Free
1.0,FED005_072224_00.CSV,Free
602.0,FED005_072224_00.CSV,Free
3.0,FED005_072224_00.CSV,Free
15.0,FED005_072224_00.CSV,Free
14.0,FED005_072224_00.CSV,Free
20.0,FED005_072224_00.CSV,Free
16.0,FED005_072224_00.CSV,Free
18.0,FED005_072224_00.CSV,Free
1.0,FED005_072224_00.CSV,Free
354.0,FED005_072224_00.CSV,Free
969.0,FED005_072224_00.CSV,Free
16.0,FED005_072224_00.CSV,Free
441.0,FED005_072224_00.CSV,Free
1.0,FED005_072224_00.CSV,Free
1.0,FED005_072224_00.CSV,Free
13.0,FED005_072224_00.CSV,Free
1839.0,FED005_072224_00.CSV,Free
0.0,FED005_072224_00.CSV,Free
1.0,FED005_072224_00.CSV,Free
15.0,FED005_072224_00.CSV,Free
18.0,FED005_072224_00.CSV,Free
18.0,FED005_072224_00.CSV,Free
8.0,FED005_072224_00.CSV,Free
1.0,FED005_072224_00.CSV,Free
19.0,FED005_072224_00.CSV,Free
699.0,FED005_072224_00.CSV,Free
14.0,FED005_072224_00.CSV,Free
15.0,FED005_072224_00.CSV,Free
14.0,FED005_072224_00.CSV,Free
16.0,FED005_072224_00.CSV,Free
15.0,FED005_072224_00.CSV,Free
17.0,FED005_072224_00.CSV,Free
16.0,FED005_072224_00.CSV,Free
19.0,FED005_072224_00.CSV,Free
2777.0,FED005_072224_00.CSV,Free
140.0,FED005_072224_00.CSV,Free
1.0,FED005_072224_00.CSV,Free
912.0,FED005_072224_00.CSV,Free
2.0,FED005_072224_00.CSV,Free
17.0,FED005_072224_00.CSV,Free
1.0,FED005_072224_00.CSV,Free
8.0,FED005_072224_00.CSV,Free
1.0,FED005_072224_00.CSV,Free
13.0,FED005_072224_00.CSV,Free
16.0,FED005_072224_00.CSV,Free
3.0,FED005_072224_00.CSV,Free
2.0,FED005_072224_00.CSV,Free
0.0,FED005_072224_00.CSV,Free
15.0,FED005_072224_00.CSV,Free
595.0,FED005_072224_00.CSV,Free
519.0,FED005_072224_00.CSV,Free
1573.0,FED005_072224_00.CSV,Free
1.0,FED005_072224_00.CSV,Free
46.0,FED005_072224_00.CSV,Free
17.0,FED005_072224_00.CSV,Free
14.0,FED005_072224_00.CSV,Free
17.0,FED005_072224_00.CSV,Free
20.0,FED005_072224_00.CSV,Free
13.0,FED005_072224_00.CSV,Free
1.0,FED005_072224_00.CSV,Free
603.0,FED005_072224_00.CSV,Free
0.0,FED005_072224_00.CSV,Free
3.0,FED005_072224_00.CSV,Free
12.0,FED005_072224_00.CSV,Free
13.0,FED005_072224_00.CSV,Free
726.0,FED005_072224_00.CSV,Free
4041.0,FED005_072224_00.CSV,Free
27.0,FED005_072224_00.CSV,Free
17.0,FED005_072224_00.CSV,Free
16.0,FED005_072224_00.CSV,Free
16.0,FED005_072224_00.CSV,Free
14.0,FED005_072224_00.CSV,Free
20.0,FED005_072224_00.CSV,Free
19.0,FED005_072224_00.CSV,Free
13.0,FED005_072224_00.CSV,Free
14.0,FED005_072224_00.CSV,Free
1.0,FED005_072224_00.CSV,Free
0.0,FED005_072224_00.CSV,Free
992.0,FED005_072224_00.CSV,Free
11.0,FED005_072224_00.CSV,Free
14.0,FED005_072224_00.CSV,Free
1.0,FED005_072224_00.CSV,Free
25.0,FED005_072224_00.CSV,Free
18.0,FED005_072224_00.CSV,Free
16.0,FED005_072224_00.CSV,Free
16.0,FED005_072224_00.CSV,Free
17.0,FED005_072224_00.CSV,Free
18.0,FED005_072224_00.CSV,Free
1.0,FED005_072224_00.CSV,Free
3739.0,FED005_072224_00.CSV,Free
20.0,FED005_072224_00.CSV,Free
1473.0,FED005_072224_00.CSV,Free
19.0,FED005_072224_00.CSV,Free
13.0,FED005_072224_00.CSV,Free
1.0,FED005_072224_00.CSV,Free
16.0,FED005_072224_00.CSV,Free
5311.0,FED005_072224_00.CSV,Free
22.0,FED005_072224_00.CSV,Free
17.0,FED005_072224_00.CSV,Free
15.0,FED005_072224_00.CSV,Free
37.0,FED005_072224_00.CSV,Free
15.0,FED005_072224_00.CSV,Free
19.0,FED005_072224_00.CSV,Free
17.0,FED005_072224_00.CSV,Free
16.0,FED005_072224_00.CSV,Free
15.0,FED005_072224_00.CSV,Free
2254.0,FED005_072224_00.CSV,Free
33.0,FED005_072224_00.CSV,Free
14.0,FED005_072224_00.CSV,Free
10.0,FED005_072224_00.CSV,Free
16.0,FED005_072224_00.CSV,Free
46.0,FED005_072224_00.CSV,Free
696.0,FED005_072224_00.CSV,Free
1.0,FED005_072224_00.CSV,Free
1.0,FED005_072224_00.CSV,Free
18.0,FED005_072224_00.CSV,Free
2.0,FED005_072224_00.CSV,Free
365.0,FED005_072224_00.CSV,Free
17.0,FED005_072224_00.CSV,Free
454.0,FED005_072224_00.CSV,Free
1.0,FED005_072224_00.CSV,Free
412.0,FED005_072224_00.CSV,Free
8884.0,FED005_072224_00.CSV,Free
1.0,FED005_072224_00.CSV,Free
1.0,FED005_072224_00.CSV,Free
24.0,FED005_072224_00.CSV,Free
15.0,FED005_072224_00.CSV,Free
22.0,FED005_072224_00.CSV,Free
1.0,FED005_072224_00.CSV,Free
3.0,FED005_072224_00.CSV,Free
11.0,FED005_072224_00.CSV,Free
79.0,FED005_072224_00.CSV,Free
5.0,FED005_072224_00.CSV,Free
108.0,FED005_072224_00.CSV,Free
4333.0,FED005_072224_00.CSV,Free
1.0,FED005_072224_00.CSV,Free
1.0,FED005_072224_00.CSV,Free
1.0,FED005_072224_00.CSV,Free
76.0,FED005_072224_00.CSV,Free
4.0,FED005_072224_00.CSV,Free
1.0,FED005_072224_00.CSV,Free
21.0,FED005_072224_00.CSV,Free
266.0,FED005_072224_00.CSV,Free
3.0,FED005_072224_00.CSV,Free
13.0,FED005_072224_00.CSV,Free
587.0,FED005_072224_00.CSV,Free
6373.0,FED005_072224_00.CSV,Free
192.0,FED005_072224_00.CSV,Free
66.0,FED005_072224_00.CSV,Free
14.0,FED005_072224_00.CSV,Free
1.0,FED005_072224_00.CSV,Free
16.0,FED005_072224_00.CSV,Free
16.0,FED005_072224_00.CSV,Free
35.0,FED005_072224_00.CSV,Free
15.0,FED005_072224_00.CSV,Free
7932.0,FED005_072224_00.CSV,Free
2.0,FED005_072224_00.CSV,Free
18.0,FED005_072224_00.CSV,Free
17.0,FED005_072224_00.CSV,Free
13.0,FED005_072224_00.CSV,Free
19.0,FED005_072224_00.CSV,Free
5938.0,FED005_072224_00.CSV,Free
25.0,FED005_072224_00.CSV,Free
1.0,FED005_072224_00.CSV,Free
20.0,FED005_072224_00.CSV,Free
22.0,FED005_072224_00.CSV,Free
19.0,FED005_072224_00.CSV,Free
1.0,FED005_072224_00.CSV,Free
20.0,FED005_072224_00.CSV,Free
5948.0,FED005_072224_00.CSV,Free
18.0,FED005_072224_00.CSV,Free
19.0,FED005_072224_00.CSV,Free
2.0,FED005_072224_00.CSV,Free
20.0,FED005_072224_00.CSV,Free
2890.0,FED005_072224_00.CSV,Free
481.0,FED005_072224_00.CSV,Free
21.0,FED005_072224_00.CSV,Free
14.0,FED005_072224_00.CSV,Free
1.0,FED005_072224_00.CSV,Free
953.0,FED005_072224_00.CSV,Free
0.0,FED005_072224_00.CSV,Free
39.0,FED005_072224_00.CSV,Free
17.0,FED005_072224_00.CSV,Free
22.0,FED005_072224_00.CSV,Free
359.0,FED005_072224_00.CSV,Free
2.0,FED005_072224_00.CSV,Free
14.0,FED005_072224_00.CSV,Free
17.0,FED005_072224_00.CSV,Free
16.0,FED005_072224_00.CSV,Free
19.0,FED005_072224_00.CSV,Free
82.0,FED005_072224_00.CSV,Free
1049.0,FED005_072224_00.CSV,Free
1.0,FED005_072224_00.CSV,Free
262.0,FED005_072224_00.CSV,Free
0.0,FED005_072224_00.CSV,Free
1.0,FED005_072224_00.CSV,Free
362.0,FED005_072224_00.CSV,Free
15.0,FED005_072224_00.CSV,Free
13.0,FED005_072224_00.CSV,Free
16.0,FED005_072224_00.CSV,Free
14.0,FED005_072224_00.CSV,Free
267.0,FED005_072224_00.CSV,Free
201.0,FED005_072224_00.CSV,Free
16.0,FED005_072224_00.CSV,Free
228.0,FED005_072224_00.CSV,Free
172.0,FED005_072224_00.CSV,Free
13.0,FED005_072224_00.CSV,Free
643.0,FED005_072224_00.CSV,Free
0.0,FED005_072224_00.CSV,Free
14.0,FED005_072224_00.CSV,Free
12.0,FED005_072224_00.CSV,Free
13.0,FED005_072224_00.CSV,Free
15.0,FED005_072224_00.CSV,Free
518.0,FED005_072224_00.CSV,Free
180.0,FED005_072224_00.CSV,Free
14.0,FED005_072224_00.CSV,Free
662.0,FED005_072224_00.CSV,Free
404.0,FED005_072224_00.CSV,Free
16.0,FED005_072224_00.CSV,Free
180.0,FED005_072224_00.CSV,Free
12.0,FED005_072224_00.CSV,Free
878.0,FED005_072224_00.CSV,Free
1.0,FED005_072224_00.CSV,Free
1.0,FED005_072224_00.CSV,Free
1.0,FED005_072224_00.CSV,Free
33.0,FED005_072224_00.CSV,Free
43.0,FED005_072224_00.CSV,Free
17.0,FED005_072224_00.CSV,Free
18.0,FED005_072224_00.CSV,Free
16.0,FED005_072224_00.CSV,Free
19.0,FED005_072224_00.CSV,Free
2025.0,FED005_072224_00.CSV,Free
2.0,FED005_072224_00.CSV,Free
18.0,FED005_072224_00.CSV,Free
521.0,FED005_072224_00.CSV,Free
81.0,FED005_072224_00.CSV,Free
15.0,FED005_072224_00.CSV,Free
18.0,FED005_072224_00.CSV,Free
15.0,FED005_072224_00.CSV,Free
449.0,FED005_072224_00.CSV,Free
1.0,FED005_072224_00.CSV,Free
587.0,FED005_072224_00.CSV,Free
331.0,FED005_072224_00.CSV,Free
1.0,FED005_072224_00.CSV,Free
1.0,FED005_072224_00.CSV,Free
578.0,FED005_072224_00.CSV,Free
14.0,FED005_072224_00.CSV,Free
13.0,FED005_072224_00.CSV,Free
18.0,FED005_072224_00.CSV,Free
962.0,FED005_072224_00.CSV,Free
2.0,FED005_072224_00.CSV,Free
2.0,FED005_072224_00.CSV,Free
18.0,FED005_072224_00.CSV,Free
55.0,FED005_072224_00.CSV,Free
3023.0,FED005_072224_00.CSV,Free
43.0,FED005_072224_00.CSV,Free
19.0,FED005_072224_00.CSV,Free
17.0,FED005_072224_00.CSV,Free
17.0,FED005_072224_00.CSV,Free
16.0,FED005_072224_00.CSV,Free
0.0,FED005_072224_00.CSV,Free
1616.0,FED005_072224_00.CSV,Free
15.0,FED005_072224_00.CSV,Free
19.0,FED005_072224_00.CSV,Free
2.0,FED005_072224_00.CSV,Free
13.0,FED005_072224_00.CSV,Free
1.0,FED005_072224_00.CSV,Free
17.0,FED005_072224_00.CSV,Free
23.0,FED005_072224_00.CSV,Free
2264.0,FED005_072224_00.CSV,Free
829.0,FED005_072224_00.CSV,Free
1.0,FED005_072224_00.CSV,Free
2.0,FED005_072224_00.CSV,Free
553.0,FED005_072224_00.CSV,Free
13.0,FED005_072224_00.CSV,Free
0.0,FED005_072224_00.CSV,Free
15.0,FED005_072224_00.CSV,Free
772.0,FED005_072224_00.CSV,Free
372.0,FED005_072224_00.CSV,Free
13.0,FED005_072224_00.CSV,Free
16.0,FED005_072224_00.CSV,Free
539.0,FED005_072224_00.CSV,Free
13.0,FED005_072224_00.CSV,Free
16.0,FED005_072224_00.CSV,Free
16.0,FED005_072224_00.CSV,Free
1190.0,FED005_072224_00.CSV,Free
1.0,FED005_072224_00.CSV,Free
193.0,FED005_072224_00.CSV,Free
15.0,FED005_072224_00.CSV,Free
884.0,FED005_072224_00.CSV,Free
1.0,FED005_072224_00.CSV,Free
0.0,FED005_072224_00.CSV,Free
14.0,FED005_072224_00.CSV,Free
530.0,FED005_072224_00.CSV,Free
18.0,FED005_072224_00.CSV,Free
2831.0,FED005_072224_00.CSV,Free
1589.0,FED005_072224_00.CSV,Free
21.0,FED005_072224_00.CSV,Free
15.0,FED005_072224_00.CSV,Free
3.0,FED005_072224_00.CSV,Free
16.0,FED005_072224_00.CSV,Free
1.0,FED005_072224_00.CSV,Free
34.0,FED005_072224_00.CSV,Free
977.0,FED005_072224_00.CSV,Free
39.0,FED005_072224_00.CSV,Free
18.0,FED005_072224_00.CSV,Free
13.0,FED005_072224_00.CSV,Free
18.0,FED005_072224_00.CSV,Free
15.0,FED005_072224_00.CSV,Free
20.0,FED005_072224_00.CSV,Free
2814.0,FED005_072224_00.CSV,Free
17.0,FED005_072224_00.CSV,Free
20.0,FED005_072224_00.CSV,Free
1.0,FED005_072224_00.CSV,Free
1189.0,FED005_072224_00.CSV,Free
1.0,FED005_072224_00.CSV,Free
818.0,FED005_072224_00.CSV,Free
15.0,FED005_072224_00.CSV,Free
2683.0,FED005_072224_00.CSV,Free
17.0,FED005_072224_00.CSV,Free
19.0,FED005_072224_00.CSV,Free
21.0,FED005_072224_00.CSV,Free
19.0,FED005_072224_00.CSV,Free
23.0,FED005_072224_00.CSV,Free
20.0,FED005_072224_00.CSV,Free
21.0,FED005_072224_00.CSV,Free
1005.0,FED005_072224_00.CSV,Free
1003.0,FED005_072224_00.CSV,Free
18.0,FED005_072224_00.CSV,Free
3453.0,FED005_072224_00.CSV,Free
1.0,FED005_072224_00.CSV,Free
21.0,FED005_072224_00.CSV,Free
18.0,FED005_072224_00.CSV,Free
18.0,FED005_072224_00.CSV,Free
21.0,FED005_072224_00.CSV,Free
18.0,FED005_072224_00.CSV,Free
5880.0,FED005_072224_00.CSV,Free
20.0,FED005_072224_00.CSV,Free
22.0,FED005_072224_00.CSV,Free
31.0,FED005_072224_00.CSV,Free
16.0,FED005_072224_00.CSV,Free
6416.0,FED005_072224_00.CSV,Free
23.0,FED005_072224_00.CSV,Free
18.0,FED005_072224_00.CSV,Free
15.0,FED005_072224_00.CSV,Free
1.0,FED005_072224_00.CSV,Free
10425.0,FED005_072224_00.CSV,Free
7.0,FED005_072224_00.CSV,Free
1.0,FED007_072124_00.CSV,Free
22.0,FED007_072124_00.CSV,Free
16.0,FED007_072124_00.CSV,Free
18.0,FED007_072124_00.CSV,Free
17.0,FED007_072124_00.CSV,Free
20.0,FED007_072124_00.CSV,Free
18.0,FED007_072124_00.CSV,Free
1.0,FED007_072124_00.CSV,Free
210.0,FED007_072124_00.CSV,Free
7.0,FED007_072124_00.CSV,Free
17.0,FED007_072124_00.CSV,Free
15.0,FED007_072124_00.CSV,Free
7.0,FED007_072124_00.CSV,Free
16.0,FED007_072124_00.CSV,Free
21.0,FED007_072124_00.CSV,Free
7.0,FED007_072124_00.CSV,Free
4.0,FED007_072124_00.CSV,Free
2.0,FED007_072124_00.CSV,Free
8.0,FED007_072124_00.CSV,Free
15.0,FED007_072124_00.CSV,Free
15.0,FED007_072124_00.CSV,Free
18.0,FED007_072124_00.CSV,Free
9.0,FED007_072124_00.CSV,Free
18.0,FED007_072124_00.CSV,Free
19.0,FED007_072124_00.CSV,Free
7077.0,FED007_072124_00.CSV,Free
34.0,FED007_072124_00.CSV,Free
7.0,FED007_072124_00.CSV,Free
17.0,FED007_072124_00.CSV,Free
10.0,FED007_072124_00.CSV,Free
10.0,FED007_072124_00.CSV,Free
12.0,FED007_072124_00.CSV,Free
1.0,FED007_072124_00.CSV,Free
84.0,FED007_072124_00.CSV,Free
243.0,FED007_072124_00.CSV,Free
14.0,FED007_072124_00.CSV,Free
14.0,FED007_072124_00.CSV,Free
16.0,FED007_072124_00.CSV,Free
11.0,FED007_072124_00.CSV,Free
26.0,FED007_072124_00.CSV,Free
9.0,FED007_072124_00.CSV,Free
1.0,FED007_072124_00.CSV,Free
14.0,FED007_072124_00.CSV,Free
1975.0,FED007_072124_00.CSV,Free
15.0,FED007_072124_00.CSV,Free
49.0,FED007_072124_00.CSV,Free
12.0,FED007_072124_00.CSV,Free
9.0,FED007_072124_00.CSV,Free
101.0,FED007_072124_00.CSV,Free
1.0,FED007_072124_00.CSV,Free
3.0,FED007_072124_00.CSV,Free
12.0,FED007_072124_00.CSV,Free
14.0,FED007_072124_00.CSV,Free
8.0,FED007_072124_00.CSV,Free
15.0,FED007_072124_00.CSV,Free
7.0,FED007_072124_00.CSV,Free
13.0,FED007_072124_00.CSV,Free
20.0,FED007_072124_00.CSV,Free
16.0,FED007_072124_00.CSV,Free
21.0,FED007_072124_00.CSV,Free
6.0,FED007_072124_00.CSV,Free
14.0,FED007_072124_00.CSV,Free
11.0,FED007_072124_00.CSV,Free
14.0,FED007_072124_00.CSV,Free
17.0,FED007_072124_00.CSV,Free
1.0,FED007_072124_00.CSV,Free
20.0,FED007_072124_00.CSV,Free
15.0,FED007_072124_00.CSV,Free
19.0,FED007_072124_00.CSV,Free
18.0,FED007_072124_00.CSV,Free
5602.0,FED007_072124_00.CSV,Free
22.0,FED007_072124_00.CSV,Free
14.0,FED007_072124_00.CSV,Free
11.0,FED007_072124_00.CSV,Free
17.0,FED007_072124_00.CSV,Free
16.0,FED007_072124_00.CSV,Free
16.0,FED007_072124_00.CSV,Free
1.0,FED007_072124_00.CSV,Free
17.0,FED007_072124_00.CSV,Free
15.0,FED007_072124_00.CSV,Free
17.0,FED007_072124_00.CSV,Free
15.0,FED007_072124_00.CSV,Free
18.0,FED007_072124_00.CSV,Free
22.0,FED007_072124_00.CSV,Free
15.0,FED007_072124_00.CSV,Free
7.0,FED007_072124_00.CSV,Free
2576.0,FED007_072124_00.CSV,Free
1.0,FED007_072124_00.CSV,Free
23.0,FED007_072124_00.CSV,Free
17.0,FED007_072124_00.CSV,Free
18.0,FED007_072124_00.CSV,Free
4.0,FED007_072124_00.CSV,Free
33.0,FED007_072124_00.CSV,Free
5.0,FED007_072124_00.CSV,Free
14.0,FED007_072124_00.CSV,Free
9.0,FED007_072124_00.CSV,Free
38.0,FED007_072124_00.CSV,Free
27.0,FED007_072124_00.CSV,Free
37.0,FED007_072124_00.CSV,Free
1.0,FED007_072124_00.CSV,Free
21.0,FED007_072124_00.CSV,Free
14.0,FED007_072124_00.CSV,Free
18.0,FED007_072124_00.CSV,Free
17.0,FED007_072124_00.CSV,Free
1.0,FED007_072124_00.CSV,Free
14.0,FED007_072124_00.CSV,Free
21.0,FED007_072124_00.CSV,Free
7.0,FED007_072124_00.CSV,Free
30.0,FED007_072124_00.CSV,Free
3438.0,FED007_072124_00.CSV,Free
1218.0,FED007_072124_00.CSV,Free
71.0,FED007_072124_00.CSV,Free
1015.0,FED007_072124_00.CSV,Free
15.0,FED007_072124_00.CSV,Free
14.0,FED007_072124_00.CSV,Free
14.0,FED007_072124_00.CSV,Free
13.0,FED007_072124_00.CSV,Free
1.0,FED007_072124_00.CSV,Free
13.0,FED007_072124_00.CSV,Free
15.0,FED007_072124_00.CSV,Free
7.0,FED007_072124_00.CSV,Free
20.0,FED007_072124_00.CSV,Free
165.0,FED007_072124_00.CSV,Free
413.0,FED007_072124_00.CSV,Free
19.0,FED007_072124_00.CSV,Free
102.0,FED007_072124_00.CSV,Free
8.0,FED007_072124_00.CSV,Free
10.0,FED007_072124_00.CSV,Free
18.0,FED007_072124_00.CSV,Free
11.0,FED007_072124_00.CSV,Free
14.0,FED007_072124_00.CSV,Free
1.0,FED007_072124_00.CSV,Free
18.0,FED007_072124_00.CSV,Free
1144.0,FED007_072124_00.CSV,Free
5.0,FED007_072124_00.CSV,Free
144.0,FED007_072124_00.CSV,Free
2.0,FED007_072124_00.CSV,Free
16.0,FED007_072124_00.CSV,Free
13.0,FED007_072124_00.CSV,Free
10982.0,FED007_072124_00.CSV,Free
16.0,FED007_072124_00.CSV,Free
16.0,FED007_072124_00.CSV,Free
15.0,FED007_072124_00.CSV,Free
15.0,FED007_072124_00.CSV,Free
6.0,FED007_072124_00.CSV,Free
15.0,FED007_072124_00.CSV,Free
13.0,FED007_072124_00.CSV,Free
17.0,FED007_072124_00.CSV,Free
16.0,FED007_072124_00.CSV,Free
13.0,FED007_072124_00.CSV,Free
4406.0,FED007_072124_00.CSV,Free
22.0,FED007_072124_00.CSV,Free
18.0,FED007_072124_00.CSV,Free
19.0,FED007_072124_00.CSV,Free
20.0,FED007_072124_00.CSV,Free
15.0,FED007_072124_00.CSV,Free
22.0,FED007_072124_00.CSV,Free
1981.0,FED007_072124_00.CSV,Free
1.0,FED007_072124_00.CSV,Free
19.0,FED007_072124_00.CSV,Free
15.0,FED007_072124_00.CSV,Free
15.0,FED007_072124_00.CSV,Free
14.0,FED007_072124_00.CSV,Free
18.0,FED007_072124_00.CSV,Free
15.0,FED007_072124_00.CSV,Free
29.0,FED007_072124_00.CSV,Free
8.0,FED007_072124_00.CSV,Free
17.0,FED007_072124_00.CSV,Free
16.0,FED007_072124_00.CSV,Free
16.0,FED007_072124_00.CSV,Free
18.0,FED007_072124_00.CSV,Free
16.0,FED007_072124_00.CSV,Free
52.0,FED007_072124_00.CSV,Free
9.0,FED007_072124_00.CSV,Free
15.0,FED007_072124_00.CSV,Free
13.0,FED007_072124_00.CSV,Free
1120.0,FED007_072124_00.CSV,Free
5.0,FED007_072124_00.CSV,Free
8.0,FED007_072124_00.CSV,Free
16.0,FED007_072124_00.CSV,Free
11.0,FED007_072124_00.CSV,Free
16.0,FED007_072124_00.CSV,Free
32.0,FED007_072124_00.CSV,Free
1568.0,FED007_072124_00.CSV,Free
10.0,FED007_072124_00.CSV,Free
13.0,FED007_072124_00.CSV,Free
19.0,FED007_072124_00.CSV,Free
95.0,FED007_072124_00.CSV,Free
15.0,FED007_072124_00.CSV,Free
1092.0,FED007_072124_00.CSV,Free
14.0,FED007_072124_00.CSV,Free
13.0,FED007_072124_00.CSV,Free
16.0,FED007_072124_00.CSV,Free
12.0,FED007_072124_00.CSV,Free
15.0,FED007_072124_00.CSV,Free
1.0,FED007_072124_00.CSV,Free
15.0,FED007_072124_00.CSV,Free
11.0,FED007_072124_00.CSV,Free
14.0,FED007_072124_00.CSV,Free
6.0,FED007_072124_00.CSV,Free
3.0,FED007_072124_00.CSV,Free
1.0,FED007_072124_00.CSV,Free
7.0,FED007_072124_00.CSV,Free
13.0,FED007_072124_00.CSV,Free
4.0,FED007_072124_00.CSV,Free
1.0,FED007_072124_00.CSV,Free
39.0,FED007_072124_00.CSV,Free
15.0,FED007_072124_00.CSV,Free
8.0,FED007_072124_00.CSV,Free
14.0,FED007_072124_00.CSV,Free
14.0,FED007_072124_00.CSV,Free
13.0,FED007_072124_00.CSV,Free
14.0,FED007_072124_00.CSV,Free
14.0,FED007_072124_00.CSV,Free
14.0,FED007_072124_00.CSV,Free
12.0,FED007_072124_00.CSV,Free
11.0,FED007_072124_00.CSV,Free
22.0,FED007_072124_00.CSV,Free
26.0,FED007_072124_00.CSV,Free
17.0,FED007_072124_00.CSV,Free
48.0,FED007_072124_00.CSV,Free
1.0,FED007_072124_00.CSV,Free
11756.0,FED007_072124_00.CSV,Free
2.0,FED007_072124_00.CSV,Free
26.0,FED007_072124_00.CSV,Free
4722.0,FED007_072124_00.CSV,Free
4723.0,FED007_072124_00.CSV,Free
1.0,FED007_072124_00.CSV,Free
16.0,FED007_072124_00.CSV,Free
4175.0,FED007_072124_00.CSV,Free
10.0,FED007_072124_00.CSV,Free
23.0,FED007_072124_00.CSV,Free
20.0,FED007_072124_00.CSV,Free
20.0,FED007_072124_00.CSV,Free
20.0,FED007_072124_00.CSV,Free
23.0,FED007_072124_00.CSV,Free
756.0,FED007_072124_00.CSV,Free
24.0,FED007_072124_00.CSV,Free
7248.0,FED007_072124_00.CSV,Free
15.0,FED007_072124_00.CSV,Free
27.0,FED007_072124_00.CSV,Free
19.0,FED007_072124_00.CSV,Free
10.0,FED007_072124_00.CSV,Free
24.0,FED007_072124_00.CSV,Free
20.0,FED007_072124_00.CSV,Free
4535.0,FED007_072124_00.CSV,Free
222.0,FED007_072124_00.CSV,Free
1.0,FED007_072124_00.CSV,Free
1.0,FED007_072124_00.CSV,Free
24.0,FED007_072124_00.CSV,Free
38.0,FED007_072124_00.CSV,Free
22.0,FED007_072124_00.CSV,Free
20.0,FED007_072124_00.CSV,Free
346.0,FED007_072124_00.CSV,Free
17.0,FED007_072124_00.CSV,Free
94.0,FED007_072124_00.CSV,Free
21.0,FED007_072124_00.CSV,Free
3280.0,FED007_072124_00.CSV,Free
114.0,FED007_072124_00.CSV,Free
1.0,FED007_072124_00.CSV,Free
21.0,FED007_072124_00.CSV,Free
18.0,FED007_072124_00.CSV,Free
16.0,FED007_072124_00.CSV,Free
795.0,FED007_072124_00.CSV,Free
1.0,FED007_072124_00.CSV,Free
385.0,FED007_072124_00.CSV,Free
19.0,FED007_072124_00.CSV,Free
1.0,FED007_072124_00.CSV,Free
17.0,FED007_072124_00.CSV,Free
687.0,FED007_072124_00.CSV,Free
1.0,FED007_072124_00.CSV,Free
16.0,FED007_072124_00.CSV,Free
16.0,FED007_072124_00.CSV,Free
14.0,FED007_072124_00.CSV,Free
18.0,FED007_072124_00.CSV,Free
17.0,FED007_072124_00.CSV,Free
15.0,FED007_072124_00.CSV,Free
21.0,FED007_072124_00.CSV,Free
16.0,FED007_072124_00.CSV,Free
1403.0,FED007_072124_00.CSV,Free
22.0,FED007_072124_00.CSV,Free
18.0,FED007_072124_00.CSV,Free
18.0,FED007_072124_00.CSV,Free
1.0,FED007_072124_00.CSV,Free
15.0,FED007_072124_00.CSV,Free
21.0,FED007_072124_00.CSV,Free
19.0,FED007_072124_00.CSV,Free
18.0,FED007_072124_00.CSV,Free
19.0,FED007_072124_00.CSV,Free
17.0,FED007_072124_00.CSV,Free
27.0,FED007_072124_00.CSV,Free
19.0,FED007_072124_00.CSV,Free
1800.0,FED007_072124_00.CSV,Free
38.0,FED007_072124_00.CSV,Free
31.0,FED007_072124_00.CSV,Free
18.0,FED007_072124_00.CSV,Free
16.0,FED007_072124_00.CSV,Free
18.0,FED007_072124_00.CSV,Free
16.0,FED007_072124_00.CSV,Free
17.0,FED007_072124_00.CSV,Free
978.0,FED007_072124_00.CSV,Free
742.0,FED007_072124_00.CSV,Free
1340.0,FED007_072124_00.CSV,Free
1.0,FED007_072124_00.CSV,Free
17.0,FED007_072124_00.CSV,Free
17.0,FED007_072124_00.CSV,Free
0.0,FED007_072124_00.CSV,Free
15.0,FED007_072124_00.CSV,Free
1.0,FED007_072124_00.CSV,Free
19.0,FED007_072124_00.CSV,Free
16.0,FED007_072124_00.CSV,Free
14.0,FED007_072124_00.CSV,Free
17.0,FED007_072124_00.CSV,Free
19.0,FED007_072124_00.CSV,Free
1252.0,FED007_072124_00.CSV,Free
1.0,FED007_072124_00.CSV,Free
18.0,FED007_072124_00.CSV,Free
17.0,FED007_072124_00.CSV,Free
18.0,FED007_072124_00.CSV,Free
18.0,FED007_072124_00.CSV,Free
17.0,FED007_072124_00.CSV,Free
18.0,FED007_072124_00.CSV,Free
1.0,FED007_072124_00.CSV,Free
16.0,FED007_072124_00.CSV,Free
1617.0,FED007_072124_00.CSV,Free
17.0,FED007_072124_00.CSV,Free
15.0,FED007_072124_00.CSV,Free
22.0,FED007_072124_00.CSV,Free
15.0,FED007_072124_00.CSV,Free
17.0,FED007_072124_00.CSV,Free
15.0,FED007_072124_00.CSV,Free
17.0,FED007_072124_00.CSV,Free
1225.0,FED007_072124_00.CSV,Free
16.0,FED007_072124_00.CSV,Free
18.0,FED007_072124_00.CSV,Free
21.0,FED007_072124_00.CSV,Free
19.0,FED007_072124_00.CSV,Free
2.0,FED007_072124_00.CSV,Free
1532.0,FED007_072124_00.CSV,Free
12.0,FED007_072124_00.CSV,Free
20.0,FED007_072124_00.CSV,Free
18.0,FED007_072124_00.CSV,Free
19.0,FED007_072124_00.CSV,Free
18.0,FED007_072124_00.CSV,Free
18.0,FED007_072124_00.CSV,Free
1.0,FED007_072124_00.CSV,Free
19.0,FED007_072124_00.CSV,Free
17.0,FED007_072124_00.CSV,Free
1.0,FED007_072124_00.CSV,Free
19.0,FED007_072124_00.CSV,Free
16.0,FED007_072124_00.CSV,Free
19.0,FED007_072124_00.CSV,Free
15.0,FED007_072124_00.CSV,Free
15.0,FED007_072124_00.CSV,Free
1899.0,FED007_072124_00.CSV,Free
21.0,FED007_072124_00.CSV,Free
1616.0,FED007_072124_00.CSV,Free
22.0,FED007_072124_00.CSV,Free
1.0,FED007_072124_00.CSV,Free
17.0,FED007_072124_00.CSV,Free
17.0,FED007_072124_00.CSV,Free
16.0,FED007_072124_00.CSV,Free
14.0,FED007_072124_00.CSV,Free
16.0,FED007_072124_00.CSV,Free
2166.0,FED007_072124_00.CSV,Free
18.0,FED007_072124_00.CSV,Free
17.0,FED007_072124_00.CSV,Free
19.0,FED007_072124_00.CSV,Free
16.0,FED007_072124_00.CSV,Free
27.0,FED007_072124_00.CSV,Free
0.0,FED007_072124_00.CSV,Free
1982.0,FED007_072124_00.CSV,Free
18.0,FED007_072124_00.CSV,Free
15.0,FED007_072124_00.CSV,Free
16.0,FED007_072124_00.CSV,Free
18.0,FED007_072124_00.CSV,Free
15.0,FED007_072124_00.CSV,Free
18.0,FED007_072124_00.CSV,Free
19.0,FED007_072124_00.CSV,Free
1405.0,FED007_072124_00.CSV,Free
1.0,FED007_072124_00.CSV,Free
16.0,FED007_072124_00.CSV,Free
773.0,FED007_072124_00.CSV,Free
19.0,FED007_072124_00.CSV,Free
14.0,FED007_072124_00.CSV,Free
15.0,FED007_072124_00.CSV,Free
1.0,FED007_072124_00.CSV,Free
14.0,FED007_072124_00.CSV,Free
16.0,FED007_072124_00.CSV,Free
5297.0,FED007_072124_00.CSV,Free
18.0,FED007_072124_00.CSV,Free
17.0,FED007_072124_00.CSV,Free
8.0,FED007_072124_00.CSV,Free
1.0,FED007_072124_00.CSV,Free
1.0,FED007_072124_00.CSV,Free
14.0,FED007_072124_00.CSV,Free
16.0,FED007_072124_00.CSV,Free
15.0,FED007_072124_00.CSV,Free
1.0,FED007_072124_00.CSV,Free
17.0,FED007_072124_00.CSV,Free
4399.0,FED007_072124_00.CSV,Free
20.0,FED007_072124_00.CSV,Free
1.0,FED007_072124_00.CSV,Free
16.0,FED007_072124_00.CSV,Free
15.0,FED007_072124_00.CSV,Free
22.0,FED007_072124_00.CSV,Free
17.0,FED007_072124_00.CSV,Free
19.0,FED007_072124_00.CSV,Free
17.0,FED007_072124_00.CSV,Free
2450.0,FED007_072124_00.CSV,Free
1.0,FED007_072124_00.CSV,Free
20.0,FED007_072124_00.CSV,Free
1.0,FED007_072124_00.CSV,Free
18.0,FED007_072124_00.CSV,Free
14.0,FED007_072124_00.CSV,Free
17.0,FED007_072124_00.CSV,Free
17.0,FED007_072124_00.CSV,Free
20.0,FED007_072124_00.CSV,Free
16.0,FED007_072124_00.CSV,Free
20.0,FED007_072124_00.CSV,Free
1242.0,FED007_072124_00.CSV,Free
19.0,FED007_072124_00.CSV,Free
20.0,FED007_072124_00.CSV,Free
16.0,FED007_072124_00.CSV,Free
20.0,FED007_072124_00.CSV,Free
18.0,FED007_072124_00.CSV,Free
17.0,FED007_072124_00.CSV,Free
2730.0,FED007_072124_00.CSV,Free
17.0,FED007_072124_00.CSV,Free
19.0,FED007_072124_00.CSV,Free
16.0,FED007_072124_00.CSV,Free
902.0,FED007_072124_00.CSV,Free
14.0,FED007_072124_00.CSV,Free
18.0,FED007_072124_00.CSV,Free
1.0,FED007_072124_00.CSV,Free
13.0,FED007_072124_00.CSV,Free
2.0,FED007_072124_00.CSV,Free
19.0,FED007_072124_00.CSV,Free
20.0,FED007_072124_00.CSV,Free
16.0,FED007_072124_00.CSV,Free
18.0,FED007_072124_00.CSV,Free
16.0,FED007_072124_00.CSV,Free
20.0,FED007_072124_00.CSV,Free
1825.0,FED007_072124_00.CSV,Free
1.0,FED007_072124_00.CSV,Free
14.0,FED007_072124_00.CSV,Free
11.0,FED007_072124_00.CSV,Free
1.0,FED007_072124_00.CSV,Free
15.0,FED007_072124_00.CSV,Free
13848.0,FED007_072124_00.CSV,Free
1.0,FED007_072124_00.CSV,Free
59.0,FED007_072124_00.CSV,Free
11.0,FED007_072124_00.CSV,Free
0.0,FED007_072124_00.CSV,Free
19.0,FED007_072124_00.CSV,Free
16.0,FED007_072124_00.CSV,Free
1.0,FED007_072124_00.CSV,Free
18.0,FED007_072124_00.CSV,Free
5434.0,FED007_072124_00.CSV,Free
1.0,FED007_072124_00.CSV,Free
19.0,FED007_072124_00.CSV,Free
21.0,FED007_072124_00.CSV,Free
17.0,FED007_072124_00.CSV,Free
88.0,FED007_072124_00.CSV,Free
1.0,FED007_072124_00.CSV,Free
4685.0,FED007_072124_00.CSV,Free
1.0,FED001_072224_00.CSV,Free
34.0,FED001_072224_00.CSV,Free
1.0,FED001_072224_00.CSV,Free
30.0,FED001_072224_00.CSV,Free
2915.0,FED001_072224_00.CSV,Free
54.0,FED001_072224_00.CSV,Free
35.0,FED001_072224_00.CSV,Free
1.0,FED001_072224_00.CSV,Free
1518.0,FED001_072224_00.CSV,Free
1.0,FED001_072224_00.CSV,Free
37.0,FED001_072224_00.CSV,Free
26.0,FED001_072224_00.CSV,Free
24.0,FED001_072224_00.CSV,Free
2.0,FED001_072224_00.CSV,Free
31.0,FED001_072224_00.CSV,Free
1.0,FED001_072224_00.CSV,Free
26.0,FED001_072224_00.CSV,Free
26.0,FED001_072224_00.CSV,Free
19.0,FED001_072224_00.CSV,Free
26.0,FED001_072224_00.CSV,Free
2.0,FED001_072224_00.CSV,Free
3084.0,FED001_072224_00.CSV,Free
1.0,FED001_072224_00.CSV,Free
36.0,FED001_072224_00.CSV,Free
60.0,FED001_072224_00.CSV,Free
2.0,FED001_072224_00.CSV,Free
1.0,FED001_072224_00.CSV,Free
879.0,FED001_072224_00.CSV,Free
2.0,FED001_072224_00.CSV,Free
26.0,FED001_072224_00.CSV,Free
30.0,FED001_072224_00.CSV,Free
27.0,FED001_072224_00.CSV,Free
1.0,FED001_072224_00.CSV,Free
24.0,FED001_072224_00.CSV,Free
28.0,FED001_072224_00.CSV,Free
1.0,FED001_072224_00.CSV,Free
1591.0,FED001_072224_00.CSV,Free
1.0,FED001_072224_00.CSV,Free
21.0,FED001_072224_00.CSV,Free
28.0,FED001_072224_00.CSV,Free
25.0,FED001_072224_00.CSV,Free
30.0,FED001_072224_00.CSV,Free
26.0,FED001_072224_00.CSV,Free
1.0,FED001_072224_00.CSV,Free
25.0,FED001_072224_00.CSV,Free
29.0,FED001_072224_00.CSV,Free
2261.0,FED001_072224_00.CSV,Free
1.0,FED001_072224_00.CSV,Free
26.0,FED001_072224_00.CSV,Free
28.0,FED001_072224_00.CSV,Free
746.0,FED001_072224_00.CSV,Free
24.0,FED001_072224_00.CSV,Free
1.0,FED001_072224_00.CSV,Free
21.0,FED001_072224_00.CSV,Free
24.0,FED001_072224_00.CSV,Free
23.0,FED001_072224_00.CSV,Free
587.0,FED001_072224_00.CSV,Free
19.0,FED001_072224_00.CSV,Free
17.0,FED001_072224_00.CSV,Free
19.0,FED001_072224_00.CSV,Free
1.0,FED001_072224_00.CSV,Free
24.0,FED001_072224_00.CSV,Free
20.0,FED001_072224_00.CSV,Free
19.0,FED001_072224_00.CSV,Free
23.0,FED001_072224_00.CSV,Free
1007.0,FED001_072224_00.CSV,Free
25.0,FED001_072224_00.CSV,Free
1.0,FED001_072224_00.CSV,Free
752.0,FED001_072224_00.CSV,Free
1.0,FED001_072224_00.CSV,Free
1.0,FED001_072224_00.CSV,Free
37.0,FED001_072224_00.CSV,Free
23.0,FED001_072224_00.CSV,Free
14.0,FED001_072224_00.CSV,Free
0.0,FED001_072224_00.CSV,Free
19.0,FED001_072224_00.CSV,Free
23.0,FED001_072224_00.CSV,Free
20.0,FED001_072224_00.CSV,Free
0.0,FED001_072224_00.CSV,Free
23.0,FED001_072224_00.CSV,Free
1194.0,FED001_072224_00.CSV,Free
46.0,FED001_072224_00.CSV,Free
22.0,FED001_072224_00.CSV,Free
18.0,FED001_072224_00.CSV,Free
23.0,FED001_072224_00.CSV,Free
25.0,FED001_072224_00.CSV,Free
538.0,FED001_072224_00.CSV,Free
23.0,FED001_072224_00.CSV,Free
17.0,FED001_072224_00.CSV,Free
20.0,FED001_072224_00.CSV,Free
23.0,FED001_072224_00.CSV,Free
20.0,FED001_072224_00.CSV,Free
22.0,FED001_072224_00.CSV,Free
1.0,FED001_072224_00.CSV,Free
20.0,FED001_072224_00.CSV,Free
20.0,FED001_072224_00.CSV,Free
22.0,FED001_072224_00.CSV,Free
2269.0,FED001_072224_00.CSV,Free
18.0,FED001_072224_00.CSV,Free
2.0,FED001_072224_00.CSV,Free
20.0,FED001_072224_00.CSV,Free
17.0,FED001_072224_00.CSV,Free
23.0,FED001_072224_00.CSV,Free
19.0,FED001_072224_00.CSV,Free
1291.0,FED001_072224_00.CSV,Free
1.0,FED001_072224_00.CSV,Free
2.0,FED001_072224_00.CSV,Free
21.0,FED001_072224_00.CSV,Free
22.0,FED001_072224_00.CSV,Free
1.0,FED001_072224_00.CSV,Free
1563.0,FED001_072224_00.CSV,Free
23.0,FED001_072224_00.CSV,Free
0.0,FED001_072224_00.CSV,Free
25.0,FED001_072224_00.CSV,Free
22.0,FED001_072224_00.CSV,Free
858.0,FED001_072224_00.CSV,Free
34.0,FED001_072224_00.CSV,Free
20.0,FED001_072224_00.CSV,Free
22.0,FED001_072224_00.CSV,Free
1.0,FED001_072224_00.CSV,Free
1.0,FED001_072224_00.CSV,Free
20.0,FED001_072224_00.CSV,Free
30.0,FED001_072224_00.CSV,Free
20.0,FED001_072224_00.CSV,Free
22.0,FED001_072224_00.CSV,Free
2.0,FED001_072224_00.CSV,Free
28.0,FED001_072224_00.CSV,Free
22.0,FED001_072224_00.CSV,Free
27.0,FED001_072224_00.CSV,Free
2463.0,FED001_072224_00.CSV,Free
23.0,FED001_072224_00.CSV,Free
26.0,FED001_072224_00.CSV,Free
25.0,FED001_072224_00.CSV,Free
21.0,FED001_072224_00.CSV,Free
22.0,FED001_072224_00.CSV,Free
23.0,FED001_072224_00.CSV,Free
24.0,FED001_072224_00.CSV,Free
26.0,FED001_072224_00.CSV,Free
1.0,FED001_072224_00.CSV,Free
2846.0,FED001_072224_00.CSV,Free
22.0,FED001_072224_00.CSV,Free
19.0,FED001_072224_00.CSV,Free
18.0,FED001_072224_00.CSV,Free
1.0,FED001_072224_00.CSV,Free
16.0,FED001_072224_00.CSV,Free
1.0,FED001_072224_00.CSV,Free
2085.0,FED001_072224_00.CSV,Free
24.0,FED001_072224_00.CSV,Free
17.0,FED001_072224_00.CSV,Free
17.0,FED001_072224_00.CSV,Free
1.0,FED001_072224_00.CSV,Free
16.0,FED001_072224_00.CSV,Free
14.0,FED001_072224_00.CSV,Free
16.0,FED001_072224_00.CSV,Free
16.0,FED001_072224_00.CSV,Free
17.0,FED001_072224_00.CSV,Free
2045.0,FED001_072224_00.CSV,Free
0.0,FED001_072224_00.CSV,Free
18.0,FED001_072224_00.CSV,Free
17.0,FED001_072224_00.CSV,Free
21.0,FED001_072224_00.CSV,Free
15.0,FED001_072224_00.CSV,Free
19.0,FED001_072224_00.CSV,Free
1192.0,FED001_072224_00.CSV,Free
19.0,FED001_072224_00.CSV,Free
16.0,FED001_072224_00.CSV,Free
19.0,FED001_072224_00.CSV,Free
14.0,FED001_072224_00.CSV,Free
2058.0,FED001_072224_00.CSV,Free
21.0,FED001_072224_00.CSV,Free
951.0,FED001_072224_00.CSV,Free
1.0,FED001_072224_00.CSV,Free
19.0,FED001_072224_00.CSV,Free
1.0,FED001_072224_00.CSV,Free
20.0,FED001_072224_00.CSV,Free
16.0,FED001_072224_00.CSV,Free
17.0,FED001_072224_00.CSV,Free
15.0,FED001_072224_00.CSV,Free
21.0,FED001_072224_00.CSV,Free
863.0,FED001_072224_00.CSV,Free
22.0,FED001_072224_00.CSV,Free
25.0,FED001_072224_00.CSV,Free
5516.0,FED001_072224_00.CSV,Free
40.0,FED001_072224_00.CSV,Free
47.0,FED001_072224_00.CSV,Free
30.0,FED001_072224_00.CSV,Free
1.0,FED001_072224_00.CSV,Free
27.0,FED001_072224_00.CSV,Free
1.0,FED001_072224_00.CSV,Free
6303.0,FED001_072224_00.CSV,Free
97.0,FED001_072224_00.CSV,Free
1.0,FED001_072224_00.CSV,Free
27.0,FED001_072224_00.CSV,Free
31.0,FED001_072224_00.CSV,Free
26.0,FED001_072224_00.CSV,Free
1143.0,FED001_072224_00.CSV,Free
1.0,FED001_072224_00.CSV,Free
32.0,FED001_072224_00.CSV,Free
664.0,FED001_072224_00.CSV,Free
36.0,FED001_072224_00.CSV,Free
20.0,FED001_072224_00.CSV,Free
0.0,FED001_072224_00.CSV,Free
20.0,FED001_072224_00.CSV,Free
23.0,FED001_072224_00.CSV,Free
18.0,FED001_072224_00.CSV,Free
22.0,FED001_072224_00.CSV,Free
19.0,FED001_072224_00.CSV,Free
2236.0,FED001_072224_00.CSV,Free
24.0,FED001_072224_00.CSV,Free
29.0,FED001_072224_00.CSV,Free
17.0,FED001_072224_00.CSV,Free
21.0,FED001_072224_00.CSV,Free
21.0,FED001_072224_00.CSV,Free
1505.0,FED001_072224_00.CSV,Free
5.0,FED001_072224_00.CSV,Free
0.0,FED001_072224_00.CSV,Free
2.0,FED001_072224_00.CSV,Free
0.0,FED001_072224_00.CSV,Free
6.0,FED001_072224_00.CSV,Free
1.0,FED001_072224_00.CSV,Free
4.0,FED001_072224_00.CSV,Free
19.0,FED001_072224_00.CSV,Free
24.0,FED001_072224_00.CSV,Free
21.0,FED001_072224_00.CSV,Free
20.0,FED001_072224_00.CSV,Free
20.0,FED001_072224_00.CSV,Free
22.0,FED001_072224_00.CSV,Free
21.0,FED001_072224_00.CSV,Free
1.0,FED001_072224_00.CSV,Free
1272.0,FED001_072224_00.CSV,Free
7325.0,FED001_072224_00.CSV,Free
962.0,FED001_072224_00.CSV,Free
1.0,FED001_072224_00.CSV,Free
29.0,FED001_072224_00.CSV,Free
339.0,FED001_072224_00.CSV,Free
1.0,FED001_072224_00.CSV,Free
1.0,FED001_072224_00.CSV,Free
589.0,FED001_072224_00.CSV,Free
30.0,FED001_072224_00.CSV,Free
1.0,FED001_072224_00.CSV,Free
83.0,FED001_072224_00.CSV,Free
32.0,FED001_072224_00.CSV,Free
22.0,FED001_072224_00.CSV,Free
3711.0,FED001_072224_00.CSV,Free
25.0,FED001_072224_00.CSV,Free
21.0,FED001_072224_00.CSV,Free
31.0,FED001_072224_00.CSV,Free
2743.0,FED001_072224_00.CSV,Free
243.0,FED001_072224_00.CSV,Free
45.0,FED001_072224_00.CSV,Free
38.0,FED001_072224_00.CSV,Free
1.0,FED001_072224_00.CSV,Free
26.0,FED001_072224_00.CSV,Free
3591.0,FED001_072224_00.CSV,Free
0.0,FED001_072224_00.CSV,Free
1.0,FED001_072224_00.CSV,Free
35.0,FED001_072224_00.CSV,Free
28.0,FED001_072224_00.CSV,Free
35.0,FED001_072224_00.CSV,Free
1.0,FED001_072224_00.CSV,Free
9304.0,FED001_072224_00.CSV,Free
48.0,FED001_072224_00.CSV,Free
60.0,FED001_072224_00.CSV,Free
33.0,FED001_072224_00.CSV,Free
31.0,FED001_072224_00.CSV,Free
30.0,FED001_072224_00.CSV,Free
33.0,FED001_072224_00.CSV,Free
42.0,FED001_072224_00.CSV,Free
2825.0,FED001_072224_00.CSV,Free
0.0,FED001_072224_00.CSV,Free
36.0,FED001_072224_00.CSV,Free
1.0,FED001_072224_00.CSV,Free
32.0,FED001_072224_00.CSV,Free
33.0,FED001_072224_00.CSV,Free
27.0,FED001_072224_00.CSV,Free
33.0,FED001_072224_00.CSV,Free
25.0,FED001_072224_00.CSV,Free
2974.0,FED001_072224_00.CSV,Free
80.0,FED001_072224_00.CSV,Free
21.0,FED001_072224_00.CSV,Free
44.0,FED001_072224_00.CSV,Free
1.0,FED001_072224_00.CSV,Free
42.0,FED001_072224_00.CSV,Free
31.0,FED001_072224_00.CSV,Free
24.0,FED001_072224_00.CSV,Free
2.0,FED001_072224_00.CSV,Free
2778.0,FED001_072224_00.CSV,Free
1.0,FED001_072224_00.CSV,Free
35.0,FED001_072224_00.CSV,Free
26.0,FED001_072224_00.CSV,Free
27.0,FED001_072224_00.CSV,Free
27.0,FED001_072224_00.CSV,Free
2.0,FED001_072224_00.CSV,Free
27.0,FED001_072224_00.CSV,Free
26.0,FED001_072224_00.CSV,Free
31.0,FED001_072224_00.CSV,Free
12.0,FED001_072224_00.CSV,Free
998.0,FED001_072224_00.CSV,Free
163.0,FED001_072224_00.CSV,Free
32.0,FED001_072224_00.CSV,Free
32.0,FED001_072224_00.CSV,Free
2.0,FED001_072224_00.CSV,Free
0.0,FED001_072224_00.CSV,Free
671.0,FED001_072224_00.CSV,Free
21.0,FED001_072224_00.CSV,Free
1.0,FED001_072224_00.CSV,Free
822.0,FED001_072224_00.CSV,Free
767.0,FED001_072224_00.CSV,Free
29.0,FED001_072224_00.CSV,Free
19.0,FED001_072224_00.CSV,Free
18.0,FED001_072224_00.CSV,Free
15.0,FED001_072224_00.CSV,Free
910.0,FED001_072224_00.CSV,Free
642.0,FED001_072224_00.CSV,Free
20.0,FED001_072224_00.CSV,Free
20.0,FED001_072224_00.CSV,Free
19.0,FED001_072224_00.CSV,Free
19.0,FED001_072224_00.CSV,Free
17.0,FED001_072224_00.CSV,Free
912.0,FED001_072224_00.CSV,Free
59.0,FED001_072224_00.CSV,Free
23.0,FED001_072224_00.CSV,Free
155.0,FED001_072224_00.CSV,Free
862.0,FED001_072224_00.CSV,Free
1.0,FED001_072224_00.CSV,Free
89.0,FED001_072224_00.CSV,Free
14.0,FED001_072224_00.CSV,Free
1.0,FED001_072224_00.CSV,Free
18.0,FED001_072224_00.CSV,Free
1062.0,FED001_072224_00.CSV,Free
26.0,FED001_072224_00.CSV,Free
27.0,FED001_072224_00.CSV,Free
1221.0,FED001_072224_00.CSV,Free
29.0,FED001_072224_00.CSV,Free
24.0,FED001_072224_00.CSV,Free
28.0,FED001_072224_00.CSV,Free
25.0,FED001_072224_00.CSV,Free
252.0,FED001_072224_00.CSV,Free
440.0,FED001_072224_00.CSV,Free
21.0,FED001_072224_00.CSV,Free
25.0,FED001_072224_00.CSV,Free
21.0,FED001_072224_00.CSV,Free
23.0,FED001_072224_00.CSV,Free
33.0,FED001_072224_00.CSV,Free
19.0,FED001_072224_00.CSV,Free
1.0,FED001_072224_00.CSV,Free
3118.0,FED001_072224_00.CSV,Free
1.0,FED001_072224_00.CSV,Free
1.0,FED001_072224_00.CSV,Free
29.0,FED001_072224_00.CSV,Free
26.0,FED001_072224_00.CSV,Free
25.0,FED001_072224_00.CSV,Free
25.0,FED001_072224_00.CSV,Free
25.0,FED001_072224_00.CSV,Free
414.0,FED001_072224_00.CSV,Free
2.0,FED001_072224_00.CSV,Free
49.0,FED001_072224_00.CSV,Free
32.0,FED001_072224_00.CSV,Free
37.0,FED001_072224_00.CSV,Free
1979.0,FED001_072224_00.CSV,Free
1.0,FED001_072224_00.CSV,Free
23.0,FED001_072224_00.CSV,Free
22.0,FED001_072224_00.CSV,Free
14.0,FED001_072224_00.CSV,Free
20.0,FED001_072224_00.CSV,Free
1.0,FED001_072224_00.CSV,Free
17.0,FED001_072224_00.CSV,Free
1888.0,FED001_072224_00.CSV,Free
1.0,FED001_072224_00.CSV,Free
19.0,FED001_072224_00.CSV,Free
19.0,FED001_072224_00.CSV,Free
15.0,FED001_072224_00.CSV,Free
16.0,FED001_072224_00.CSV,Free
1.0,FED001_072224_00.CSV,Free
20.0,FED001_072224_00.CSV,Free
0.0,FED001_072224_00.CSV,Free
20.0,FED001_072224_00.CSV,Free
1.0,FED001_072224_00.CSV,Free
17.0,FED001_072224_00.CSV,Free
17.0,FED001_072224_00.CSV,Free
21.0,FED001_072224_00.CSV,Free
19.0,FED001_072224_00.CSV,Free
0.0,FED001_072224_00.CSV,Free
21.0,FED001_072224_00.CSV,Free
1066.0,FED001_072224_00.CSV,Free
387.0,FED001_072224_00.CSV,Free
1.0,FED001_072224_00.CSV,Free
528.0,FED001_072224_00.CSV,Free
1.0,FED001_072224_00.CSV,Free
2.0,FED001_072224_00.CSV,Free
40.0,FED001_072224_00.CSV,Free
212.0,FED001_072224_00.CSV,Free
3.0,FED001_072224_00.CSV,Free
254.0,FED001_072224_00.CSV,Free
2.0,FED001_072224_00.CSV,Free
2037.0,FED001_072224_00.CSV,Free
0.0,FED001_072224_00.CSV,Free
29.0,FED001_072224_00.CSV,Free
1.0,FED001_072224_00.CSV,Free
52.0,FED001_072224_00.CSV,Free
17.0,FED001_072224_00.CSV,Free
144.0,FED001_072224_00.CSV,Free
990.0,FED001_072224_00.CSV,Free
29.0,FED001_072224_00.CSV,Free
15.0,FED001_072224_00.CSV,Free
17.0,FED001_072224_00.CSV,Free
16.0,FED001_072224_00.CSV,Free
859.0,FED001_072224_00.CSV,Free
245.0,FED001_072224_00.CSV,Free
396.0,FED001_072224_00.CSV,Free
1.0,FED001_072224_00.CSV,Free
1.0,FED001_072224_00.CSV,Free
22.0,FED001_072224_00.CSV,Free
19.0,FED001_072224_00.CSV,Free
18.0,FED001_072224_00.CSV,Free
1935.0,FED001_072224_00.CSV,Free
25.0,FED001_072224_00.CSV,Free
26.0,FED001_072224_00.CSV,Free
23.0,FED001_072224_00.CSV,Free
17.0,FED001_072224_00.CSV,Free
18.0,FED001_072224_00.CSV,Free
18.0,FED001_072224_00.CSV,Free
18.0,FED001_072224_00.CSV,Free
301.0,FED001_072224_00.CSV,Free
2729.0,FED001_072224_00.CSV,Free
21.0,FED001_072224_00.CSV,Free
1.0,FED001_072224_00.CSV,Free
29.0,FED001_072224_00.CSV,Free
39.0,FED001_072224_00.CSV,Free
10232.0,FED001_072224_00.CSV,Free
32.0,FED001_072224_00.CSV,Free
31.0,FED001_072224_00.CSV,Free
23.0,FED001_072224_00.CSV,Free
1.0,FED001_072224_00.CSV,Free
0.0,FED001_072224_00.CSV,Free
27.0,FED001_072224_00.CSV,Free
1446.0,FED001_072224_00.CSV,Free
32.0,FED001_072224_00.CSV,Free
27.0,FED001_072224_00.CSV,Free
22.0,FED001_072224_00.CSV,Free
19.0,FED001_072224_00.CSV,Free
2192.0,FED001_072224_00.CSV,Free
31.0,FED001_072224_00.CSV,Free
29.0,FED001_072224_00.CSV,Free
1.0,FED001_072224_00.CSV,Free
1.0,FED001_072224_00.CSV,Free
33.0,FED001_072224_00.CSV,Free
22.0,FED001_072224_00.CSV,Free
0.0,FED001_072224_00.CSV,Free
10575.0,FED001_072224_00.CSV,Free
8.0,FED001_072224_00.CSV,Free
12.0,FED001_072224_00.CSV,Free
7.0,FED001_072224_00.CSV,Free
4.0,FED001_072224_00.CSV,Free
1.0,FED001_072224_00.CSV,Free
11.0,FED001_072224_00.CSV,Free
12.0,FED001_072224_00.CSV,Free
65.0,FED001_072224_00.CSV,Free
28.0,FED001_072224_00.CSV,Free
232.0,FED001_072224_00.CSV,Free
997.0,FED001_072224_00.CSV,Free
37.0,FED001_072224_00.CSV,Free
26.0,FED001_072224_00.CSV,Free
922.0,FED001_072224_00.CSV,Free
23.0,FED001_072224_00.CSV,Free
656.0,FED001_072224_00.CSV,Free
43.0,FED001_072224_00.CSV,Free
2.0,FED001_072224_00.CSV,Free
61.0,FED001_072224_00.CSV,Free
1.0,FED001_072224_00.CSV,Free
10384.0,FED001_072224_00.CSV,Free
17.0,FED001_072224_00.CSV,Free
1.0,FED001_072224_00.CSV,Free
1.0,FED001_072224_00.CSV,Free
1.0,FED008_072224_00.CSV,Free
19.0,FED008_072224_00.CSV,Free
25.0,FED008_072224_00.CSV,Free
5.0,FED008_072224_00.CSV,Free
37.0,FED008_072224_00.CSV,Free
1085.0,FED008_072224_00.CSV,Free
977.0,FED008_072224_00.CSV,Free
857.0,FED008_072224_00.CSV,Free
675.0,FED008_072224_00.CSV,Free
26.0,FED008_072224_00.CSV,Free
15.0,FED008_072224_00.CSV,Free
3.0,FED008_072224_00.CSV,Free
48.0,FED008_072224_00.CSV,Free
33.0,FED008_072224_00.CSV,Free
687.0,FED008_072224_00.CSV,Free
370.0,FED008_072224_00.CSV,Free
34.0,FED008_072224_00.CSV,Free
30.0,FED008_072224_00.CSV,Free
169.0,FED008_072224_00.CSV,Free
77.0,FED008_072224_00.CSV,Free
22.0,FED008_072224_00.CSV,Free
25.0,FED008_072224_00.CSV,Free
1188.0,FED008_072224_00.CSV,Free
23.0,FED008_072224_00.CSV,Free
488.0,FED008_072224_00.CSV,Free
34.0,FED008_072224_00.CSV,Free
469.0,FED008_072224_00.CSV,Free
43.0,FED008_072224_00.CSV,Free
944.0,FED008_072224_00.CSV,Free
1.0,FED008_072224_00.CSV,Free
24.0,FED008_072224_00.CSV,Free
26.0,FED008_072224_00.CSV,Free
23.0,FED008_072224_00.CSV,Free
1.0,FED008_072224_00.CSV,Free
30.0,FED008_072224_00.CSV,Free
2001.0,FED008_072224_00.CSV,Free
1.0,FED008_072224_00.CSV,Free
36.0,FED008_072224_00.CSV,Free
22.0,FED008_072224_00.CSV,Free
21.0,FED008_072224_00.CSV,Free
35.0,FED008_072224_00.CSV,Free
24.0,FED008_072224_00.CSV,Free
20.0,FED008_072224_00.CSV,Free
22.0,FED008_072224_00.CSV,Free
820.0,FED008_072224_00.CSV,Free
442.0,FED008_072224_00.CSV,Free
31.0,FED008_072224_00.CSV,Free
340.0,FED008_072224_00.CSV,Free
17.0,FED008_072224_00.CSV,Free
140.0,FED008_072224_00.CSV,Free
19.0,FED008_072224_00.CSV,Free
7.0,FED008_072224_00.CSV,Free
161.0,FED008_072224_00.CSV,Free
281.0,FED008_072224_00.CSV,Free
2168.0,FED008_072224_00.CSV,Free
301.0,FED008_072224_00.CSV,Free
19.0,FED008_072224_00.CSV,Free
43.0,FED008_072224_00.CSV,Free
18.0,FED008_072224_00.CSV,Free
23.0,FED008_072224_00.CSV,Free
605.0,FED008_072224_00.CSV,Free
17.0,FED008_072224_00.CSV,Free
21.0,FED008_072224_00.CSV,Free
18.0,FED008_072224_00.CSV,Free
833.0,FED008_072224_00.CSV,Free
354.0,FED008_072224_00.CSV,Free
15.0,FED008_072224_00.CSV,Free
201.0,FED008_072224_00.CSV,Free
45.0,FED008_072224_00.CSV,Free
1.0,FED008_072224_00.CSV,Free
16.0,FED008_072224_00.CSV,Free
521.0,FED008_072224_00.CSV,Free
15.0,FED008_072224_00.CSV,Free
20.0,FED008_072224_00.CSV,Free
270.0,FED008_072224_00.CSV,Free
415.0,FED008_072224_00.CSV,Free
15.0,FED008_072224_00.CSV,Free
20.0,FED008_072224_00.CSV,Free
1.0,FED008_072224_00.CSV,Free
19.0,FED008_072224_00.CSV,Free
17.0,FED008_072224_00.CSV,Free
17.0,FED008_072224_00.CSV,Free
18.0,FED008_072224_00.CSV,Free
326.0,FED008_072224_00.CSV,Free
824.0,FED008_072224_00.CSV,Free
14.0,FED008_072224_00.CSV,Free
653.0,FED008_072224_00.CSV,Free
78.0,FED008_072224_00.CSV,Free
212.0,FED008_072224_00.CSV,Free
32.0,FED008_072224_00.CSV,Free
428.0,FED008_072224_00.CSV,Free
17.0,FED008_072224_00.CSV,Free
18.0,FED008_072224_00.CSV,Free
18.0,FED008_072224_00.CSV,Free
1.0,FED008_072224_00.CSV,Free
468.0,FED008_072224_00.CSV,Free
15.0,FED008_072224_00.CSV,Free
18.0,FED008_072224_00.CSV,Free
15.0,FED008_072224_00.CSV,Free
15.0,FED008_072224_00.CSV,Free
420.0,FED008_072224_00.CSV,Free
487.0,FED008_072224_00.CSV,Free
136.0,FED008_072224_00.CSV,Free
180.0,FED008_072224_00.CSV,Free
1.0,FED008_072224_00.CSV,Free
20.0,FED008_072224_00.CSV,Free
783.0,FED008_072224_00.CSV,Free
18.0,FED008_072224_00.CSV,Free
18.0,FED008_072224_00.CSV,Free
19.0,FED008_072224_00.CSV,Free
22.0,FED008_072224_00.CSV,Free
431.0,FED008_072224_00.CSV,Free
149.0,FED008_072224_00.CSV,Free
16.0,FED008_072224_00.CSV,Free
15.0,FED008_072224_00.CSV,Free
118.0,FED008_072224_00.CSV,Free
139.0,FED008_072224_00.CSV,Free
17.0,FED008_072224_00.CSV,Free
422.0,FED008_072224_00.CSV,Free
15.0,FED008_072224_00.CSV,Free
484.0,FED008_072224_00.CSV,Free
209.0,FED008_072224_00.CSV,Free
1.0,FED008_072224_00.CSV,Free
635.0,FED008_072224_00.CSV,Free
0.0,FED008_072224_00.CSV,Free
177.0,FED008_072224_00.CSV,Free
771.0,FED008_072224_00.CSV,Free
19.0,FED008_072224_00.CSV,Free
49.0,FED008_072224_00.CSV,Free
18.0,FED008_072224_00.CSV,Free
515.0,FED008_072224_00.CSV,Free
31.0,FED008_072224_00.CSV,Free
186.0,FED008_072224_00.CSV,Free
1.0,FED008_072224_00.CSV,Free
16.0,FED008_072224_00.CSV,Free
145.0,FED008_072224_00.CSV,Free
343.0,FED008_072224_00.CSV,Free
949.0,FED008_072224_00.CSV,Free
31.0,FED008_072224_00.CSV,Free
18.0,FED008_072224_00.CSV,Free
1.0,FED008_072224_00.CSV,Free
17.0,FED008_072224_00.CSV,Free
846.0,FED008_072224_00.CSV,Free
14.0,FED008_072224_00.CSV,Free
17.0,FED008_072224_00.CSV,Free
18.0,FED008_072224_00.CSV,Free
14.0,FED008_072224_00.CSV,Free
19.0,FED008_072224_00.CSV,Free
19.0,FED008_072224_00.CSV,Free
1639.0,FED008_072224_00.CSV,Free
12.0,FED008_072224_00.CSV,Free
17.0,FED008_072224_00.CSV,Free
17.0,FED008_072224_00.CSV,Free
18.0,FED008_072224_00.CSV,Free
15.0,FED008_072224_00.CSV,Free
20.0,FED008_072224_00.CSV,Free
17.0,FED008_072224_00.CSV,Free
17.0,FED008_072224_00.CSV,Free
509.0,FED008_072224_00.CSV,Free
17.0,FED008_072224_00.CSV,Free
20.0,FED008_072224_00.CSV,Free
1558.0,FED008_072224_00.CSV,Free
1.0,FED008_072224_00.CSV,Free
18.0,FED008_072224_00.CSV,Free
31.0,FED008_072224_00.CSV,Free
17.0,FED008_072224_00.CSV,Free
1.0,FED008_072224_00.CSV,Free
22.0,FED008_072224_00.CSV,Free
1929.0,FED008_072224_00.CSV,Free
16.0,FED008_072224_00.CSV,Free
21.0,FED008_072224_00.CSV,Free
53.0,FED008_072224_00.CSV,Free
1975.0,FED008_072224_00.CSV,Free
1.0,FED008_072224_00.CSV,Free
16.0,FED008_072224_00.CSV,Free
16.0,FED008_072224_00.CSV,Free
13.0,FED008_072224_00.CSV,Free
11.0,FED008_072224_00.CSV,Free
19.0,FED008_072224_00.CSV,Free
1140.0,FED008_072224_00.CSV,Free
12.0,FED008_072224_00.CSV,Free
14.0,FED008_072224_00.CSV,Free
607.0,FED008_072224_00.CSV,Free
14.0,FED008_072224_00.CSV,Free
94.0,FED008_072224_00.CSV,Free
556.0,FED008_072224_00.CSV,Free
1.0,FED008_072224_00.CSV,Free
30.0,FED008_072224_00.CSV,Free
14.0,FED008_072224_00.CSV,Free
21.0,FED008_072224_00.CSV,Free
1047.0,FED008_072224_00.CSV,Free
17.0,FED008_072224_00.CSV,Free
17.0,FED008_072224_00.CSV,Free
1096.0,FED008_072224_00.CSV,Free
3094.0,FED008_072224_00.CSV,Free
17.0,FED008_072224_00.CSV,Free
20.0,FED008_072224_00.CSV,Free
15.0,FED008_072224_00.CSV,Free
18.0,FED008_072224_00.CSV,Free
121.0,FED008_072224_00.CSV,Free
994.0,FED008_072224_00.CSV,Free
511.0,FED008_072224_00.CSV,Free
30.0,FED008_072224_00.CSV,Free
21.0,FED008_072224_00.CSV,Free
19.0,FED008_072224_00.CSV,Free
12.0,FED008_072224_00.CSV,Free
348.0,FED008_072224_00.CSV,Free
864.0,FED008_072224_00.CSV,Free
13.0,FED008_072224_00.CSV,Free
15.0,FED008_072224_00.CSV,Free
491.0,FED008_072224_00.CSV,Free
322.0,FED008_072224_00.CSV,Free
1537.0,FED008_072224_00.CSV,Free
2592.0,FED008_072224_00.CSV,Free
13.0,FED008_072224_00.CSV,Free
24.0,FED008_072224_00.CSV,Free
23.0,FED008_072224_00.CSV,Free
18.0,FED008_072224_00.CSV,Free
16.0,FED008_072224_00.CSV,Free
2284.0,FED008_072224_00.CSV,Free
0.0,FED008_072224_00.CSV,Free
17.0,FED008_072224_00.CSV,Free
18.0,FED008_072224_00.CSV,Free
19.0,FED008_072224_00.CSV,Free
17.0,FED008_072224_00.CSV,Free
17.0,FED008_072224_00.CSV,Free
1.0,FED008_072224_00.CSV,Free
18.0,FED008_072224_00.CSV,Free
939.0,FED008_072224_00.CSV,Free
0.0,FED008_072224_00.CSV,Free
1711.0,FED008_072224_00.CSV,Free
21.0,FED008_072224_00.CSV,Free
23.0,FED008_072224_00.CSV,Free
18.0,FED008_072224_00.CSV,Free
33.0,FED008_072224_00.CSV,Free
22.0,FED008_072224_00.CSV,Free
17.0,FED008_072224_00.CSV,Free
2826.0,FED008_072224_00.CSV,Free
22.0,FED008_072224_00.CSV,Free
23.0,FED008_072224_00.CSV,Free
20.0,FED008_072224_00.CSV,Free
18.0,FED008_072224_00.CSV,Free
2672.0,FED008_072224_00.CSV,Free
27.0,FED008_072224_00.CSV,Free
23.0,FED008_072224_00.CSV,Free
22.0,FED008_072224_00.CSV,Free
1218.0,FED008_072224_00.CSV,Free
19.0,FED008_072224_00.CSV,Free
25.0,FED008_072224_00.CSV,Free
1239.0,FED008_072224_00.CSV,Free
2.0,FED008_072224_00.CSV,Free
2209.0,FED008_072224_00.CSV,Free
32.0,FED008_072224_00.CSV,Free
39.0,FED008_072224_00.CSV,Free
3017.0,FED008_072224_00.CSV,Free
18.0,FED008_072224_00.CSV,Free
16.0,FED008_072224_00.CSV,Free
16.0,FED008_072224_00.CSV,Free
12.0,FED008_072224_00.CSV,Free
18.0,FED008_072224_00.CSV,Free
670.0,FED008_072224_00.CSV,Free
697.0,FED008_072224_00.CSV,Free
20.0,FED008_072224_00.CSV,Free
20.0,FED008_072224_00.CSV,Free
13.0,FED008_072224_00.CSV,Free
16.0,FED008_072224_00.CSV,Free
14.0,FED008_072224_00.CSV,Free
2193.0,FED008_072224_00.CSV,Free
2623.0,FED008_072224_00.CSV,Free
1.0,FED008_072224_00.CSV,Free
20.0,FED008_072224_00.CSV,Free
18.0,FED008_072224_00.CSV,Free
17.0,FED008_072224_00.CSV,Free
21.0,FED008_072224_00.CSV,Free
20.0,FED008_072224_00.CSV,Free
3734.0,FED008_072224_00.CSV,Free
1.0,FED008_072224_00.CSV,Free
0.0,FED008_072224_00.CSV,Free
462.0,FED008_072224_00.CSV,Free
658.0,FED008_072224_00.CSV,Free
52.0,FED008_072224_00.CSV,Free
19.0,FED008_072224_00.CSV,Free
1.0,FED008_072224_00.CSV,Free
17.0,FED008_072224_00.CSV,Free
1255.0,FED008_072224_00.CSV,Free
23.0,FED008_072224_00.CSV,Free
20.0,FED008_072224_00.CSV,Free
18.0,FED008_072224_00.CSV,Free
18.0,FED008_072224_00.CSV,Free
16.0,FED008_072224_00.CSV,Free
15.0,FED008_072224_00.CSV,Free
2952.0,FED008_072224_00.CSV,Free
2.0,FED008_072224_00.CSV,Free
23.0,FED008_072224_00.CSV,Free
0.0,FED008_072224_00.CSV,Free
19.0,FED008_072224_00.CSV,Free
19.0,FED008_072224_00.CSV,Free
25.0,FED008_072224_00.CSV,Free
20.0,FED008_072224_00.CSV,Free
2783.0,FED008_072224_00.CSV,Free
17.0,FED008_072224_00.CSV,Free
22.0,FED008_072224_00.CSV,Free
18.0,FED008_072224_00.CSV,Free
21.0,FED008_072224_00.CSV,Free
17.0,FED008_072224_00.CSV,Free
1292.0,FED008_072224_00.CSV,Free
1.0,FED008_072224_00.CSV,Free
20.0,FED008_072224_00.CSV,Free
16.0,FED008_072224_00.CSV,Free
17.0,FED008_072224_00.CSV,Free
19.0,FED008_072224_00.CSV,Free
3109.0,FED008_072224_00.CSV,Free
1.0,FED008_072224_00.CSV,Free
0.0,FED008_072224_00.CSV,Free
2.0,FED008_072224_00.CSV,Free
23.0,FED008_072224_00.CSV,Free
19.0,FED008_072224_00.CSV,Free
31.0,FED008_072224_00.CSV,Free
18.0,FED008_072224_00.CSV,Free
22.0,FED008_072224_00.CSV,Free
20.0,FED008_072224_00.CSV,Free
21.0,FED008_072224_00.CSV,Free
822.0,FED008_072224_00.CSV,Free
1665.0,FED008_072224_00.CSV,Free
19.0,FED008_072224_00.CSV,Free
21.0,FED008_072224_00.CSV,Free
22.0,FED008_072224_00.CSV,Free
29.0,FED008_072224_00.CSV,Free
18.0,FED008_072224_00.CSV,Free
21.0,FED008_072224_00.CSV,Free
997.0,FED008_072224_00.CSV,Free
948.0,FED008_072224_00.CSV,Free
1.0,FED008_072224_00.CSV,Free
0.0,FED008_072224_00.CSV,Free
1.0,FED008_072224_00.CSV,Free
28.0,FED008_072224_00.CSV,Free
18.0,FED008_072224_00.CSV,Free
19.0,FED008_072224_00.CSV,Free
1.0,FED008_072224_00.CSV,Free
19.0,FED008_072224_00.CSV,Free
18.0,FED008_072224_00.CSV,Free
17.0,FED008_072224_00.CSV,Free
440.0,FED008_072224_00.CSV,Free
12.0,FED008_072224_00.CSV,Free
816.0,FED008_072224_00.CSV,Free
226.0,FED008_072224_00.CSV,Free
198.0,FED008_072224_00.CSV,Free
35.0,FED008_072224_00.CSV,Free
15.0,FED008_072224_00.CSV,Free
924.0,FED008_072224_00.CSV,Free
30.0,FED008_072224_00.CSV,Free
14.0,FED008_072224_00.CSV,Free
19.0,FED008_072224_00.CSV,Free
14.0,FED008_072224_00.CSV,Free
798.0,FED008_072224_00.CSV,Free
19.0,FED008_072224_00.CSV,Free
507.0,FED008_072224_00.CSV,Free
18.0,FED008_072224_00.CSV,Free
18.0,FED008_072224_00.CSV,Free
13.0,FED008_072224_00.CSV,Free
15.0,FED008_072224_00.CSV,Free
18.0,FED008_072224_00.CSV,Free
898.0,FED008_072224_00.CSV,Free
23.0,FED008_072224_00.CSV,Free
553.0,FED008_072224_00.CSV,Free
12.0,FED008_072224_00.CSV,Free
641.0,FED008_072224_00.CSV,Free
17.0,FED008_072224_00.CSV,Free
601.0,FED008_072224_00.CSV,Free
21.0,FED008_072224_00.CSV,Free
15.0,FED008_072224_00.CSV,Free
19.0,FED008_072224_00.CSV,Free
14.0,FED008_072224_00.CSV,Free
18.0,FED008_072224_00.CSV,Free
433.0,FED008_072224_00.CSV,Free
822.0,FED008_072224_00.CSV,Free
12.0,FED008_072224_00.CSV,Free
42.0,FED008_072224_00.CSV,Free
28.0,FED008_072224_00.CSV,Free
790.0,FED008_072224_00.CSV,Free
12.0,FED008_072224_00.CSV,Free
347.0,FED008_072224_00.CSV,Free
29.0,FED008_072224_00.CSV,Free
15.0,FED008_072224_00.CSV,Free
16.0,FED008_072224_00.CSV,Free
1.0,FED008_072224_00.CSV,Free
22.0,FED008_072224_00.CSV,Free
1190.0,FED008_072224_00.CSV,Free
16.0,FED008_072224_00.CSV,Free
17.0,FED008_072224_00.CSV,Free
917.0,FED008_072224_00.CSV,Free
11.0,FED008_072224_00.CSV,Free
15.0,FED008_072224_00.CSV,Free
13.0,FED008_072224_00.CSV,Free
16.0,FED008_072224_00.CSV,Free
852.0,FED008_072224_00.CSV,Free
1.0,FED008_072224_00.CSV,Free
296.0,FED008_072224_00.CSV,Free
15.0,FED008_072224_00.CSV,Free
35.0,FED008_072224_00.CSV,Free
13.0,FED008_072224_00.CSV,Free
14.0,FED008_072224_00.CSV,Free
1804.0,FED008_072224_00.CSV,Free
14.0,FED008_072224_00.CSV,Free
9.0,FED008_072224_00.CSV,Free
14.0,FED008_072224_00.CSV,Free
14.0,FED008_072224_00.CSV,Free
951.0,FED008_072224_00.CSV,Free
1.0,FED008_072224_00.CSV,Free
542.0,FED008_072224_00.CSV,Free
327.0,FED008_072224_00.CSV,Free
15.0,FED008_072224_00.CSV,Free
14.0,FED008_072224_00.CSV,Free
14.0,FED008_072224_00.CSV,Free
13.0,FED008_072224_00.CSV,Free
14.0,FED008_072224_00.CSV,Free
13.0,FED008_072224_00.CSV,Free
17.0,FED008_072224_00.CSV,Free
0.0,FED008_072224_00.CSV,Free
13.0,FED008_072224_00.CSV,Free
1105.0,FED008_072224_00.CSV,Free
40.0,FED008_072224_00.CSV,Free
462.0,FED008_072224_00.CSV,Free
14.0,FED008_072224_00.CSV,Free
1518.0,FED008_072224_00.CSV,Free
24.0,FED008_072224_00.CSV,Free
22.0,FED008_072224_00.CSV,Free
14.0,FED008_072224_00.CSV,Free
20.0,FED008_072224_00.CSV,Free
21.0,FED008_072224_00.CSV,Free
1163.0,FED008_072224_00.CSV,Free
8.0,FED008_072224_00.CSV,Free
615.0,FED008_072224_00.CSV,Free
1.0,FED008_072224_00.CSV,Free
330.0,FED008_072224_00.CSV,Free
212.0,FED008_072224_00.CSV,Free
5469.0,FED008_072224_00.CSV,Free
27.0,FED008_072224_00.CSV,Free
18.0,FED008_072224_00.CSV,Free
21.0,FED008_072224_00.CSV,Free
17.0,FED008_072224_00.CSV,Free
19.0,FED008_072224_00.CSV,Free
21.0,FED008_072224_00.CSV,Free
13.0,FED008_072224_00.CSV,Free
2677.0,FED008_072224_00.CSV,Free
90.0,FED008_072224_00.CSV,Free
11.0,FED008_072224_00.CSV,Free
343.0,FED008_072224_00.CSV,Free
34.0,FED008_072224_00.CSV,Free
18.0,FED008_072224_00.CSV,Free
13.0,FED008_072224_00.CSV,Free
2195.0,FED008_072224_00.CSV,Free
11.0,FED008_072224_00.CSV,Free
5514.0,FED008_072224_00.CSV,Free
23.0,FED008_072224_00.CSV,Free
16.0,FED008_072224_00.CSV,Free
17.0,FED008_072224_00.CSV,Free
1.0,FED008_072224_00.CSV,Free
18.0,FED008_072224_00.CSV,Free
20.0,FED008_072224_00.CSV,Free
23.0,FED008_072224_00.CSV,Free
19.0,FED008_072224_00.CSV,Free
35.0,FED008_072224_00.CSV,Free
1.0,FED008_072224_00.CSV,Free
1784.0,FED008_072224_00.CSV,Free
22.0,FED008_072224_00.CSV,Free
16.0,FED008_072224_00.CSV,Free
21.0,FED008_072224_00.CSV,Free
18.0,FED008_072224_00.CSV,Free
19.0,FED008_072224_00.CSV,Free
12.0,FED008_072224_00.CSV,Free
1562.0,FED008_072224_00.CSV,Free
20.0,FED008_072224_00.CSV,Free
21.0,FED008_072224_00.CSV,Free
28.0,FED008_072224_00.CSV,Free
19.0,FED008_072224_00.CSV,Free
16.0,FED008_072224_00.CSV,Free
7822.0,FED008_072224_00.CSV,Free
0.0,FED008_072224_00.CSV,Free
23.0,FED008_072224_00.CSV,Free
25.0,FED008_072224_00.CSV,Free
22.0,FED008_072224_00.CSV,Free
16.0,FED008_072224_00.CSV,Free
4958.0,FED008_072224_00.CSV,Free
19.0,FED008_072224_00.CSV,Free
17.0,FED008_072224_00.CSV,Free
24.0,FED008_072224_00.CSV,Free
19.0,FED008_072224_00.CSV,Free
23.0,FED008_072224_00.CSV,Free
19.0,FED008_072224_00.CSV,Free
1520.0,FED008_072224_00.CSV,Free
12.0,FED008_072224_00.CSV,Free
4577.0,FED008_072224_00.CSV,Free
28.0,FED008_072224_00.CSV,Free
28.0,FED008_072224_00.CSV,Free
16.0,FED008_072224_00.CSV,Free
15.0,FED008_072224_00.CSV,Free
20.0,FED008_072224_00.CSV,Free
18.0,FED008_072224_00.CSV,Free
3035.0,FED008_072224_00.CSV,Free
1695.0,FED008_072224_00.CSV,Free
18.0,FED008_072224_00.CSV,Free
1.0,FED008_072224_00.CSV,Free
16.0,FED008_072224_00.CSV,Free
18.0,FED008_072224_00.CSV,Free
7.0,FED008_072224_00.CSV,Free
2389.0,FED008_072224_00.CSV,Free
1.0,FED008_072224_00.CSV,Free
20.0,FED008_072224_00.CSV,Free
1.0,FED008_072224_00.CSV,Free
1.0,FED008_072224_00.CSV,Free
5.0,FED008_072224_00.CSV,Free
434.0,FED003_072424_00.CSV,FF30 sec timeout
901.0,FED003_072424_00.CSV,FF30 sec timeout
37.0,FED003_072424_00.CSV,FF30 sec timeout
227.0,FED003_072424_00.CSV,FF30 sec timeout
200.0,FED003_072424_00.CSV,FF30 sec timeout
2164.0,FED003_072424_00.CSV,FF30 sec timeout
38.0,FED003_072424_00.CSV,FF30 sec timeout
41.0,FED003_072424_00.CSV,FF30 sec timeout
42.0,FED003_072424_00.CSV,FF30 sec timeout
3810.0,FED003_072424_00.CSV,FF30 sec timeout
57.0,FED003_072424_00.CSV,FF30 sec timeout
37.0,FED003_072424_00.CSV,FF30 sec timeout
41.0,FED003_072424_00.CSV,FF30 sec timeout
786.0,FED003_072424_00.CSV,FF30 sec timeout
44.0,FED003_072424_00.CSV,FF30 sec timeout
41.0,FED003_072424_00.CSV,FF30 sec timeout
439.0,FED003_072424_00.CSV,FF30 sec timeout
38.0,FED003_072424_00.CSV,FF30 sec timeout
1460.0,FED003_072424_00.CSV,FF30 sec timeout
1404.0,FED003_072424_00.CSV,FF30 sec timeout
1753.0,FED003_072424_00.CSV,FF30 sec timeout
66.0,FED003_072424_00.CSV,FF30 sec timeout
543.0,FED003_072424_00.CSV,FF30 sec timeout
33.0,FED003_072424_00.CSV,FF30 sec timeout
40.0,FED003_072424_00.CSV,FF30 sec timeout
32.0,FED003_072424_00.CSV,FF30 sec timeout
1914.0,FED003_072424_00.CSV,FF30 sec timeout
36.0,FED003_072424_00.CSV,FF30 sec timeout
1156.0,FED003_072424_00.CSV,FF30 sec timeout
37.0,FED003_072424_00.CSV,FF30 sec timeout
51.0,FED003_072424_00.CSV,FF30 sec timeout
498.0,FED003_072424_00.CSV,FF30 sec timeout
53.0,FED003_072424_00.CSV,FF30 sec timeout
50.0,FED003_072424_00.CSV,FF30 sec timeout
38.0,FED003_072424_00.CSV,FF30 sec timeout
233.0,FED003_072424_00.CSV,FF30 sec timeout
44.0,FED003_072424_00.CSV,FF30 sec timeout
69.0,FED003_072424_00.CSV,FF30 sec timeout
39.0,FED003_072424_00.CSV,FF30 sec timeout
64.0,FED003_072424_00.CSV,FF30 sec timeout
609.0,FED003_072424_00.CSV,FF30 sec timeout
40.0,FED003_072424_00.CSV,FF30 sec timeout
270.0,FED003_072424_00.CSV,FF30 sec timeout
84.0,FED003_072424_00.CSV,FF30 sec timeout
86.0,FED003_072424_00.CSV,FF30 sec timeout
291.0,FED003_072424_00.CSV,FF30 sec timeout
272.0,FED003_072424_00.CSV,FF30 sec timeout
40.0,FED003_072424_00.CSV,FF30 sec timeout
617.0,FED003_072424_00.CSV,FF30 sec timeout
46.0,FED003_072424_00.CSV,FF30 sec timeout
38.0,FED003_072424_00.CSV,FF30 sec timeout
994.0,FED003_072424_00.CSV,FF30 sec timeout
36.0,FED003_072424_00.CSV,FF30 sec timeout
61.0,FED003_072424_00.CSV,FF30 sec timeout
107.0,FED003_072424_00.CSV,FF30 sec timeout
50.0,FED003_072424_00.CSV,FF30 sec timeout
37.0,FED003_072424_00.CSV,FF30 sec timeout
340.0,FED003_072424_00.CSV,FF30 sec timeout
40.0,FED003_072424_00.CSV,FF30 sec timeout
573.0,FED003_072424_00.CSV,FF30 sec timeout
63.0,FED003_072424_00.CSV,FF30 sec timeout
87.0,FED003_072424_00.CSV,FF30 sec timeout
137.0,FED003_072424_00.CSV,FF30 sec timeout
34.0,FED003_072424_00.CSV,FF30 sec timeout
35.0,FED003_072424_00.CSV,FF30 sec timeout
110.0,FED003_072424_00.CSV,FF30 sec timeout
52.0,FED003_072424_00.CSV,FF30 sec timeout
352.0,FED003_072424_00.CSV,FF30 sec timeout
671.0,FED003_072424_00.CSV,FF30 sec timeout
37.0,FED003_072424_00.CSV,FF30 sec timeout
38.0,FED003_072424_00.CSV,FF30 sec timeout
37.0,FED003_072424_00.CSV,FF30 sec timeout
55.0,FED003_072424_00.CSV,FF30 sec timeout
38.0,FED003_072424_00.CSV,FF30 sec timeout
244.0,FED003_072424_00.CSV,FF30 sec timeout
186.0,FED003_072424_00.CSV,FF30 sec timeout
492.0,FED003_072424_00.CSV,FF30 sec timeout
38.0,FED003_072424_00.CSV,FF30 sec timeout
57.0,FED003_072424_00.CSV,FF30 sec timeout
43.0,FED003_072424_00.CSV,FF30 sec timeout
273.0,FED003_072424_00.CSV,FF30 sec timeout
39.0,FED003_072424_00.CSV,FF30 sec timeout
482.0,FED003_072424_00.CSV,FF30 sec timeout
38.0,FED003_072424_00.CSV,FF30 sec timeout
96.0,FED003_072424_00.CSV,FF30 sec timeout
49.0,FED003_072424_00.CSV,FF30 sec timeout
2476.0,FED003_072424_00.CSV,FF30 sec timeout
48.0,FED003_072424_00.CSV,FF30 sec timeout
81.0,FED003_072424_00.CSV,FF30 sec timeout
38.0,FED003_072424_00.CSV,FF30 sec timeout
70.0,FED003_072424_00.CSV,FF30 sec timeout
259.0,FED003_072424_00.CSV,FF30 sec timeout
72.0,FED003_072424_00.CSV,FF30 sec timeout
42.0,FED003_072424_00.CSV,FF30 sec timeout
56.0,FED003_072424_00.CSV,FF30 sec timeout
67.0,FED003_072424_00.CSV,FF30 sec timeout
239.0,FED003_072424_00.CSV,FF30 sec timeout
123.0,FED003_072424_00.CSV,FF30 sec timeout
367.0,FED003_072424_00.CSV,FF30 sec timeout
41.0,FED003_072424_00.CSV,FF30 sec timeout
274.0,FED003_072424_00.CSV,FF30 sec timeout
47.0,FED003_072424_00.CSV,FF30 sec timeout
37.0,FED003_072424_00.CSV,FF30 sec timeout
576.0,FED003_072424_00.CSV,FF30 sec timeout
61.0,FED003_072424_00.CSV,FF30 sec timeout
38.0,FED003_072424_00.CSV,FF30 sec timeout
42.0,FED003_072424_00.CSV,FF30 sec timeout
187.0,FED003_072424_00.CSV,FF30 sec timeout
38.0,FED003_072424_00.CSV,FF30 sec timeout
59.0,FED003_072424_00.CSV,FF30 sec timeout
1202.0,FED003_072424_00.CSV,FF30 sec timeout
39.0,FED003_072424_00.CSV,FF30 sec timeout
38.0,FED003_072424_00.CSV,FF30 sec timeout
38.0,FED003_072424_00.CSV,FF30 sec timeout
1011.0,FED003_072424_00.CSV,FF30 sec timeout
41.0,FED003_072424_00.CSV,FF30 sec timeout
38.0,FED003_072424_00.CSV,FF30 sec timeout
182.0,FED003_072424_00.CSV,FF30 sec timeout
61.0,FED003_072424_00.CSV,FF30 sec timeout
63.0,FED003_072424_00.CSV,FF30 sec timeout
226.0,FED003_072424_00.CSV,FF30 sec timeout
42.0,FED003_072424_00.CSV,FF30 sec timeout
915.0,FED003_072424_00.CSV,FF30 sec timeout
38.0,FED003_072424_00.CSV,FF30 sec timeout
33.0,FED003_072424_00.CSV,FF30 sec timeout
38.0,FED003_072424_00.CSV,FF30 sec timeout
48.0,FED003_072424_00.CSV,FF30 sec timeout
39.0,FED003_072424_00.CSV,FF30 sec timeout
37.0,FED003_072424_00.CSV,FF30 sec timeout
41.0,FED003_072424_00.CSV,FF30 sec timeout
38.0,FED003_072424_00.CSV,FF30 sec timeout
40.0,FED003_072424_00.CSV,FF30 sec timeout
66.0,FED003_072424_00.CSV,FF30 sec timeout
38.0,FED003_072424_00.CSV,FF30 sec timeout
206.0,FED003_072424_00.CSV,FF30 sec timeout
722.0,FED003_072424_00.CSV,FF30 sec timeout
48.0,FED003_072424_00.CSV,FF30 sec timeout
922.0,FED003_072424_00.CSV,FF30 sec timeout
551.0,FED003_072424_00.CSV,FF30 sec timeout
414.0,FED003_072424_00.CSV,FF30 sec timeout
38.0,FED003_072424_00.CSV,FF30 sec timeout
38.0,FED003_072424_00.CSV,FF30 sec timeout
37.0,FED003_072424_00.CSV,FF30 sec timeout
38.0,FED003_072424_00.CSV,FF30 sec timeout
881.0,FED003_072424_00.CSV,FF30 sec timeout
38.0,FED003_072424_00.CSV,FF30 sec timeout
373.0,FED003_072424_00.CSV,FF30 sec timeout
40.0,FED003_072424_00.CSV,FF30 sec timeout
38.0,FED003_072424_00.CSV,FF30 sec timeout
38.0,FED003_072424_00.CSV,FF30 sec timeout
625.0,FED003_072424_00.CSV,FF30 sec timeout
39.0,FED003_072424_00.CSV,FF30 sec timeout
37.0,FED003_072424_00.CSV,FF30 sec timeout
38.0,FED003_072424_00.CSV,FF30 sec timeout
58.0,FED003_072424_00.CSV,FF30 sec timeout
314.0,FED003_072424_00.CSV,FF30 sec timeout
44.0,FED003_072424_00.CSV,FF30 sec timeout
37.0,FED003_072424_00.CSV,FF30 sec timeout
503.0,FED003_072424_00.CSV,FF30 sec timeout
545.0,FED003_072424_00.CSV,FF30 sec timeout
51.0,FED003_072424_00.CSV,FF30 sec timeout
360.0,FED003_072424_00.CSV,FF30 sec timeout
345.0,FED003_072424_00.CSV,FF30 sec timeout
333.0,FED003_072424_00.CSV,FF30 sec timeout
43.0,FED003_072424_00.CSV,FF30 sec timeout
37.0,FED003_072424_00.CSV,FF30 sec timeout
378.0,FED003_072424_00.CSV,FF30 sec timeout
47.0,FED003_072424_00.CSV,FF30 sec timeout
796.0,FED003_072424_00.CSV,FF30 sec timeout
369.0,FED003_072424_00.CSV,FF30 sec timeout
39.0,FED003_072424_00.CSV,FF30 sec timeout
645.0,FED003_072424_00.CSV,FF30 sec timeout
437.0,FED003_072424_00.CSV,FF30 sec timeout
414.0,FED003_072424_00.CSV,FF30 sec timeout
40.0,FED003_072424_00.CSV,FF30 sec timeout
48.0,FED003_072424_00.CSV,FF30 sec timeout
38.0,FED003_072424_00.CSV,FF30 sec timeout
42.0,FED003_072424_00.CSV,FF30 sec timeout
67.0,FED003_072424_00.CSV,FF30 sec timeout
201.0,FED003_072424_00.CSV,FF30 sec timeout
362.0,FED003_072424_00.CSV,FF30 sec timeout
296.0,FED003_072424_00.CSV,FF30 sec timeout
35.0,FED003_072424_00.CSV,FF30 sec timeout
44.0,FED003_072424_00.CSV,FF30 sec timeout
661.0,FED003_072424_00.CSV,FF30 sec timeout
128.0,FED003_072424_00.CSV,FF30 sec timeout
166.0,FED003_072424_00.CSV,FF30 sec timeout
37.0,FED003_072424_00.CSV,FF30 sec timeout
158.0,FED003_072424_00.CSV,FF30 sec timeout
838.0,FED003_072424_00.CSV,FF30 sec timeout
227.0,FED003_072424_00.CSV,FF30 sec timeout
189.0,FED003_072424_00.CSV,FF30 sec timeout
42.0,FED003_072424_00.CSV,FF30 sec timeout
38.0,FED003_072424_00.CSV,FF30 sec timeout
66.0,FED003_072424_00.CSV,FF30 sec timeout
49.0,FED003_072424_00.CSV,FF30 sec timeout
2673.0,FED003_072424_00.CSV,FF30 sec timeout
324.0,FED003_072424_00.CSV,FF30 sec timeout
592.0,FED003_072424_00.CSV,FF30 sec timeout
723.0,FED003_072424_00.CSV,FF30 sec timeout
73.0,FED003_072424_00.CSV,FF30 sec timeout
38.0,FED003_072424_00.CSV,FF30 sec timeout
42.0,FED003_072424_00.CSV,FF30 sec timeout
47.0,FED003_072424_00.CSV,FF30 sec timeout
38.0,FED003_072424_00.CSV,FF30 sec timeout
61.0,FED003_072424_00.CSV,FF30 sec timeout
306.0,FED003_072424_00.CSV,FF30 sec timeout
63.0,FED003_072424_00.CSV,FF30 sec timeout
50.0,FED003_072424_00.CSV,FF30 sec timeout
723.0,FED003_072424_00.CSV,FF30 sec timeout
154.0,FED003_072424_00.CSV,FF30 sec timeout
61.0,FED003_072424_00.CSV,FF30 sec timeout
88.0,FED003_072424_00.CSV,FF30 sec timeout
516.0,FED003_072424_00.CSV,FF30 sec timeout
125.0,FED003_072424_00.CSV,FF30 sec timeout
172.0,FED003_072424_00.CSV,FF30 sec timeout
44.0,FED003_072424_00.CSV,FF30 sec timeout
2690.0,FED003_072424_00.CSV,FF30 sec timeout
3651.0,FED003_072424_00.CSV,FF30 sec timeout
39.0,FED003_072424_00.CSV,FF30 sec timeout
64.0,FED003_072424_00.CSV,FF30 sec timeout
77.0,FED003_072424_00.CSV,FF30 sec timeout
50.0,FED003_072424_00.CSV,FF30 sec timeout
46.0,FED003_072424_00.CSV,FF30 sec timeout
39.0,FED003_072424_00.CSV,FF30 sec timeout
3969.0,FED003_072424_00.CSV,FF30 sec timeout
46.0,FED003_072424_00.CSV,FF30 sec timeout
38.0,FED003_072424_00.CSV,FF30 sec timeout
89.0,FED003_072424_00.CSV,FF30 sec timeout
38.0,FED003_072424_00.CSV,FF30 sec timeout
3588.0,FED003_072424_00.CSV,FF30 sec timeout
2381.0,FED003_072424_00.CSV,FF30 sec timeout
174.0,FED003_072424_00.CSV,FF30 sec timeout
37.0,FED003_072424_00.CSV,FF30 sec timeout
37.0,FED003_072424_00.CSV,FF30 sec timeout
38.0,FED003_072424_00.CSV,FF30 sec timeout
34.0,FED003_072424_00.CSV,FF30 sec timeout
38.0,FED003_072424_00.CSV,FF30 sec timeout
60.0,FED003_072424_00.CSV,FF30 sec timeout
40.0,FED003_072424_00.CSV,FF30 sec timeout
7794.0,FED003_072424_00.CSV,FF30 sec timeout
38.0,FED003_072424_00.CSV,FF30 sec timeout
39.0,FED003_072424_00.CSV,FF30 sec timeout
37.0,FED003_072424_00.CSV,FF30 sec timeout
38.0,FED003_072424_00.CSV,FF30 sec timeout
40.0,FED003_072424_00.CSV,FF30 sec timeout
61.0,FED003_072424_00.CSV,FF30 sec timeout
89.0,FED003_072424_00.CSV,FF30 sec timeout
39.0,FED003_072424_00.CSV,FF30 sec timeout
285.0,FED003_072424_00.CSV,FF30 sec timeout
3065.0,FED003_072424_00.CSV,FF30 sec timeout
581.0,FED003_072424_00.CSV,FF30 sec timeout
54.0,FED003_072424_00.CSV,FF30 sec timeout
53.0,FED003_072424_00.CSV,FF30 sec timeout
49.0,FED003_072424_00.CSV,FF30 sec timeout
414.0,FED003_072424_00.CSV,FF30 sec timeout
37.0,FED003_072424_00.CSV,FF30 sec timeout
33.0,FED003_072424_00.CSV,FF30 sec timeout
3281.0,FED003_072424_00.CSV,FF30 sec timeout
1161.0,FED003_072424_00.CSV,FF30 sec timeout
55.0,FED003_072424_00.CSV,FF30 sec timeout
2016.0,FED003_072424_00.CSV,FF30 sec timeout
683.0,FED003_072424_00.CSV,FF30 sec timeout
1049.0,FED003_072424_00.CSV,FF30 sec timeout
39.0,FED003_072424_00.CSV,FF30 sec timeout
1247.0,FED003_072424_00.CSV,FF30 sec timeout
91.0,FED003_072424_00.CSV,FF30 sec timeout
44.0,FED003_072424_00.CSV,FF30 sec timeout
1657.0,FED003_072424_00.CSV,FF30 sec timeout
323.0,FED003_072424_00.CSV,FF30 sec timeout
41.0,FED003_072424_00.CSV,FF30 sec timeout
525.0,FED003_072424_00.CSV,FF30 sec timeout
40.0,FED003_072424_00.CSV,FF30 sec timeout
1564.0,FED003_072424_00.CSV,FF30 sec timeout
894.0,FED003_072424_00.CSV,FF30 sec timeout
39.0,FED003_072424_00.CSV,FF30 sec timeout
585.0,FED003_072424_00.CSV,FF30 sec timeout
469.0,FED003_072424_00.CSV,FF30 sec timeout
247.0,FED003_072424_00.CSV,FF30 sec timeout
63.0,FED003_072424_00.CSV,FF30 sec timeout
681.0,FED003_072424_00.CSV,FF30 sec timeout
90.0,FED003_072424_00.CSV,FF30 sec timeout
631.0,FED003_072424_00.CSV,FF30 sec timeout
64.0,FED003_072424_00.CSV,FF30 sec timeout
41.0,FED003_072424_00.CSV,FF30 sec timeout
191.0,FED003_072424_00.CSV,FF30 sec timeout
59.0,FED003_072424_00.CSV,FF30 sec timeout
46.0,FED003_072424_00.CSV,FF30 sec timeout
349.0,FED003_072424_00.CSV,FF30 sec timeout
377.0,FED003_072424_00.CSV,FF30 sec timeout
57.0,FED003_072424_00.CSV,FF30 sec timeout
46.0,FED003_072424_00.CSV,FF30 sec timeout
45.0,FED003_072424_00.CSV,FF30 sec timeout
567.0,FED003_072424_00.CSV,FF30 sec timeout
86.0,FED003_072424_00.CSV,FF30 sec timeout
145.0,FED003_072424_00.CSV,FF30 sec timeout
67.0,FED003_072424_00.CSV,FF30 sec timeout
48.0,FED003_072424_00.CSV,FF30 sec timeout
191.0,FED003_072424_00.CSV,FF30 sec timeout
174.0,FED003_072424_00.CSV,FF30 sec timeout
39.0,FED003_072424_00.CSV,FF30 sec timeout
703.0,FED003_072424_00.CSV,FF30 sec timeout
38.0,FED003_072424_00.CSV,FF30 sec timeout
58.0,FED003_072424_00.CSV,FF30 sec timeout
506.0,FED003_072424_00.CSV,FF30 sec timeout
325.0,FED003_072424_00.CSV,FF30 sec timeout
52.0,FED003_072424_00.CSV,FF30 sec timeout
380.0,FED003_072424_00.CSV,FF30 sec timeout
38.0,FED003_072424_00.CSV,FF30 sec timeout
38.0,FED003_072424_00.CSV,FF30 sec timeout
37.0,FED003_072424_00.CSV,FF30 sec timeout
52.0,FED003_072424_00.CSV,FF30 sec timeout
391.0,FED003_072424_00.CSV,FF30 sec timeout
103.0,FED003_072424_00.CSV,FF30 sec timeout
311.0,FED003_072424_00.CSV,FF30 sec timeout
38.0,FED003_072424_00.CSV,FF30 sec timeout
37.0,FED003_072424_00.CSV,FF30 sec timeout
37.0,FED003_072424_00.CSV,FF30 sec timeout
42.0,FED003_072424_00.CSV,FF30 sec timeout
292.0,FED003_072424_00.CSV,FF30 sec timeout
70.0,FED003_072424_00.CSV,FF30 sec timeout
38.0,FED003_072424_00.CSV,FF30 sec timeout
394.0,FED003_072424_00.CSV,FF30 sec timeout
37.0,FED003_072424_00.CSV,FF30 sec timeout
344.0,FED003_072424_00.CSV,FF30 sec timeout
53.0,FED003_072424_00.CSV,FF30 sec timeout
44.0,FED003_072424_00.CSV,FF30 sec timeout
1156.0,FED003_072424_00.CSV,FF30 sec timeout
1068.0,FED003_072424_00.CSV,FF30 sec timeout
42.0,FED003_072424_00.CSV,FF30 sec timeout
93.0,FED003_072424_00.CSV,FF30 sec timeout
156.0,FED003_072424_00.CSV,FF30 sec timeout
272.0,FED003_072424_00.CSV,FF30 sec timeout
1160.0,FED003_072424_00.CSV,FF30 sec timeout
42.0,FED003_072424_00.CSV,FF30 sec timeout
53.0,FED003_072424_00.CSV,FF30 sec timeout
38.0,FED003_072424_00.CSV,FF30 sec timeout
37.0,FED003_072424_00.CSV,FF30 sec timeout
49.0,FED003_072424_00.CSV,FF30 sec timeout
53.0,FED003_072424_00.CSV,FF30 sec timeout
319.0,FED003_072424_00.CSV,FF30 sec timeout
383.0,FED003_072424_00.CSV,FF30 sec timeout
38.0,FED003_072424_00.CSV,FF30 sec timeout
55.0,FED003_072424_00.CSV,FF30 sec timeout
876.0,FED003_072424_00.CSV,FF30 sec timeout
288.0,FED003_072424_00.CSV,FF30 sec timeout
39.0,FED003_072424_00.CSV,FF30 sec timeout
54.0,FED003_072424_00.CSV,FF30 sec timeout
52.0,FED003_072424_00.CSV,FF30 sec timeout
38.0,FED003_072424_00.CSV,FF30 sec timeout
51.0,FED003_072424_00.CSV,FF30 sec timeout
95.0,FED003_072424_00.CSV,FF30 sec timeout
994.0,FED003_072424_00.CSV,FF30 sec timeout
50.0,FED003_072424_00.CSV,FF30 sec timeout
41.0,FED003_072424_00.CSV,FF30 sec timeout
335.0,FED003_072424_00.CSV,FF30 sec timeout
648.0,FED003_072424_00.CSV,FF30 sec timeout
40.0,FED003_072424_00.CSV,FF30 sec timeout
77.0,FED003_072424_00.CSV,FF30 sec timeout
455.0,FED003_072424_00.CSV,FF30 sec timeout
43.0,FED003_072424_00.CSV,FF30 sec timeout
425.0,FED003_072424_00.CSV,FF30 sec timeout
40.0,FED003_072424_00.CSV,FF30 sec timeout
423.0,FED003_072424_00.CSV,FF30 sec timeout
40.0,FED003_072424_00.CSV,FF30 sec timeout
38.0,FED003_072424_00.CSV,FF30 sec timeout
50.0,FED003_072424_00.CSV,FF30 sec timeout
847.0,FED003_072424_00.CSV,FF30 sec timeout
39.0,FED003_072424_00.CSV,FF30 sec timeout
48.0,FED003_072424_00.CSV,FF30 sec timeout
46.0,FED003_072424_00.CSV,FF30 sec timeout
566.0,FED003_072424_00.CSV,FF30 sec timeout
41.0,FED003_072424_00.CSV,FF30 sec timeout
39.0,FED003_072424_00.CSV,FF30 sec timeout
506.0,FED003_072424_00.CSV,FF30 sec timeout
72.0,FED003_072424_00.CSV,FF30 sec timeout
38.0,FED003_072424_00.CSV,FF30 sec timeout
45.0,FED003_072424_00.CSV,FF30 sec timeout
37.0,FED003_072424_00.CSV,FF30 sec timeout
759.0,FED003_072424_00.CSV,FF30 sec timeout
38.0,FED003_072424_00.CSV,FF30 sec timeout
460.0,FED003_072424_00.CSV,FF30 sec timeout
464.0,FED003_072424_00.CSV,FF30 sec timeout
48.0,FED003_072424_00.CSV,FF30 sec timeout
47.0,FED003_072424_00.CSV,FF30 sec timeout
1413.0,FED003_072424_00.CSV,FF30 sec timeout
38.0,FED003_072424_00.CSV,FF30 sec timeout
39.0,FED003_072424_00.CSV,FF30 sec timeout
66.0,FED003_072424_00.CSV,FF30 sec timeout
458.0,FED003_072424_00.CSV,FF30 sec timeout
38.0,FED003_072424_00.CSV,FF30 sec timeout
59.0,FED003_072424_00.CSV,FF30 sec timeout
455.0,FED003_072424_00.CSV,FF30 sec timeout
74.0,FED003_072424_00.CSV,FF30 sec timeout
75.0,FED003_072424_00.CSV,FF30 sec timeout
50.0,FED003_072424_00.CSV,FF30 sec timeout
635.0,FED003_072424_00.CSV,FF30 sec timeout
66.0,FED003_072424_00.CSV,FF30 sec timeout
38.0,FED003_072424_00.CSV,FF30 sec timeout
269.0,FED003_072424_00.CSV,FF30 sec timeout
56.0,FED003_072424_00.CSV,FF30 sec timeout
278.0,FED003_072424_00.CSV,FF30 sec timeout
302.0,FED003_072424_00.CSV,FF30 sec timeout
1755.0,FED003_072424_00.CSV,FF30 sec timeout
1333.0,FED003_072424_00.CSV,FF30 sec timeout
499.0,FED003_072424_00.CSV,FF30 sec timeout
385.0,FED003_072424_00.CSV,FF30 sec timeout
401.0,FED003_072424_00.CSV,FF30 sec timeout
37.0,FED003_072424_00.CSV,FF30 sec timeout
41.0,FED003_072424_00.CSV,FF30 sec timeout
40.0,FED003_072424_00.CSV,FF30 sec timeout
38.0,FED003_072424_00.CSV,FF30 sec timeout
56.0,FED003_072424_00.CSV,FF30 sec timeout
127.0,FED003_072424_00.CSV,FF30 sec timeout
53.0,FED003_072424_00.CSV,FF30 sec timeout
39.0,FED003_072424_00.CSV,FF30 sec timeout
1918.0,FED003_072424_00.CSV,FF30 sec timeout
42.0,FED003_072424_00.CSV,FF30 sec timeout
36.0,FED003_072424_00.CSV,FF30 sec timeout
38.0,FED003_072424_00.CSV,FF30 sec timeout
56.0,FED003_072424_00.CSV,FF30 sec timeout
37.0,FED003_072424_00.CSV,FF30 sec timeout
41.0,FED003_072424_00.CSV,FF30 sec timeout
864.0,FED003_072424_00.CSV,FF30 sec timeout
168.0,FED003_072424_00.CSV,FF30 sec timeout
41.0,FED003_072424_00.CSV,FF30 sec timeout
1267.0,FED003_072424_00.CSV,FF30 sec timeout
137.0,FED003_072424_00.CSV,FF30 sec timeout
446.0,FED003_072424_00.CSV,FF30 sec timeout
1596.0,FED003_072424_00.CSV,FF30 sec timeout
682.0,FED003_072424_00.CSV,FF30 sec timeout
340.0,FED003_072424_00.CSV,FF30 sec timeout
38.0,FED003_072424_00.CSV,FF30 sec timeout
314.0,FED003_072424_00.CSV,FF30 sec timeout
69.0,FED003_072424_00.CSV,FF30 sec timeout
54.0,FED003_072424_00.CSV,FF30 sec timeout
81.0,FED003_072424_00.CSV,FF30 sec timeout
56.0,FED003_072424_00.CSV,FF30 sec timeout
85.0,FED003_072424_00.CSV,FF30 sec timeout
1447.0,FED003_072424_00.CSV,FF30 sec timeout
44.0,FED003_072424_00.CSV,FF30 sec timeout
937.0,FED003_072424_00.CSV,FF30 sec timeout
7941.0,FED003_072424_00.CSV,FF30 sec timeout
40.0,FED003_072424_00.CSV,FF30 sec timeout
38.0,FED003_072424_00.CSV,FF30 sec timeout
39.0,FED003_072424_00.CSV,FF30 sec timeout
48.0,FED003_072424_00.CSV,FF30 sec timeout
40.0,FED003_072424_00.CSV,FF30 sec timeout
47.0,FED003_072424_00.CSV,FF30 sec timeout
2372.0,FED003_072424_00.CSV,FF30 sec timeout
48.0,FED003_072424_00.CSV,FF30 sec timeout
335.0,FED009_072424_00.CSV,FF30 sec timeout
768.0,FED009_072424_00.CSV,FF30 sec timeout
266.0,FED009_072424_00.CSV,FF30 sec timeout
38.0,FED009_072424_00.CSV,FF30 sec timeout
1810.0,FED009_072424_00.CSV,FF30 sec timeout
37.0,FED009_072424_00.CSV,FF30 sec timeout
1313.0,FED009_072424_00.CSV,FF30 sec timeout
6827.0,FED009_072424_00.CSV,FF30 sec timeout
46.0,FED009_072424_00.CSV,FF30 sec timeout
37.0,FED009_072424_00.CSV,FF30 sec timeout
40.0,FED009_072424_00.CSV,FF30 sec timeout
46.0,FED009_072424_00.CSV,FF30 sec timeout
87.0,FED009_072424_00.CSV,FF30 sec timeout
34.0,FED009_072424_00.CSV,FF30 sec timeout
38.0,FED009_072424_00.CSV,FF30 sec timeout
37.0,FED009_072424_00.CSV,FF30 sec timeout
37.0,FED009_072424_00.CSV,FF30 sec timeout
39.0,FED009_072424_00.CSV,FF30 sec timeout
2869.0,FED009_072424_00.CSV,FF30 sec timeout
37.0,FED009_072424_00.CSV,FF30 sec timeout
37.0,FED009_072424_00.CSV,FF30 sec timeout
3164.0,FED009_072424_00.CSV,FF30 sec timeout
33.0,FED009_072424_00.CSV,FF30 sec timeout
38.0,FED009_072424_00.CSV,FF30 sec timeout
38.0,FED009_072424_00.CSV,FF30 sec timeout
36.0,FED009_072424_00.CSV,FF30 sec timeout
37.0,FED009_072424_00.CSV,FF30 sec timeout
37.0,FED009_072424_00.CSV,FF30 sec timeout
1127.0,FED009_072424_00.CSV,FF30 sec timeout
383.0,FED009_072424_00.CSV,FF30 sec timeout
40.0,FED009_072424_00.CSV,FF30 sec timeout
169.0,FED009_072424_00.CSV,FF30 sec timeout
529.0,FED009_072424_00.CSV,FF30 sec timeout
523.0,FED009_072424_00.CSV,FF30 sec timeout
553.0,FED009_072424_00.CSV,FF30 sec timeout
201.0,FED009_072424_00.CSV,FF30 sec timeout
63.0,FED009_072424_00.CSV,FF30 sec timeout
37.0,FED009_072424_00.CSV,FF30 sec timeout
38.0,FED009_072424_00.CSV,FF30 sec timeout
222.0,FED009_072424_00.CSV,FF30 sec timeout
40.0,FED009_072424_00.CSV,FF30 sec timeout
406.0,FED009_072424_00.CSV,FF30 sec timeout
37.0,FED009_072424_00.CSV,FF30 sec timeout
110.0,FED009_072424_00.CSV,FF30 sec timeout
595.0,FED009_072424_00.CSV,FF30 sec timeout
85.0,FED009_072424_00.CSV,FF30 sec timeout
172.0,FED009_072424_00.CSV,FF30 sec timeout
491.0,FED009_072424_00.CSV,FF30 sec timeout
438.0,FED009_072424_00.CSV,FF30 sec timeout
37.0,FED009_072424_00.CSV,FF30 sec timeout
94.0,FED009_072424_00.CSV,FF30 sec timeout
143.0,FED009_072424_00.CSV,FF30 sec timeout
523.0,FED009_072424_00.CSV,FF30 sec timeout
73.0,FED009_072424_00.CSV,FF30 sec timeout
37.0,FED009_072424_00.CSV,FF30 sec timeout
599.0,FED009_072424_00.CSV,FF30 sec timeout
37.0,FED009_072424_00.CSV,FF30 sec timeout
38.0,FED009_072424_00.CSV,FF30 sec timeout
37.0,FED009_072424_00.CSV,FF30 sec timeout
45.0,FED009_072424_00.CSV,FF30 sec timeout
270.0,FED009_072424_00.CSV,FF30 sec timeout
1166.0,FED009_072424_00.CSV,FF30 sec timeout
37.0,FED009_072424_00.CSV,FF30 sec timeout
367.0,FED009_072424_00.CSV,FF30 sec timeout
653.0,FED009_072424_00.CSV,FF30 sec timeout
37.0,FED009_072424_00.CSV,FF30 sec timeout
40.0,FED009_072424_00.CSV,FF30 sec timeout
485.0,FED009_072424_00.CSV,FF30 sec timeout
39.0,FED009_072424_00.CSV,FF30 sec timeout
626.0,FED009_072424_00.CSV,FF30 sec timeout
33.0,FED009_072424_00.CSV,FF30 sec timeout
36.0,FED009_072424_00.CSV,FF30 sec timeout
329.0,FED009_072424_00.CSV,FF30 sec timeout
32.0,FED009_072424_00.CSV,FF30 sec timeout
39.0,FED009_072424_00.CSV,FF30 sec timeout
50.0,FED009_072424_00.CSV,FF30 sec timeout
37.0,FED009_072424_00.CSV,FF30 sec timeout
37.0,FED009_072424_00.CSV,FF30 sec timeout
62.0,FED009_072424_00.CSV,FF30 sec timeout
38.0,FED009_072424_00.CSV,FF30 sec timeout
859.0,FED009_072424_00.CSV,FF30 sec timeout
40.0,FED009_072424_00.CSV,FF30 sec timeout
41.0,FED009_072424_00.CSV,FF30 sec timeout
36.0,FED009_072424_00.CSV,FF30 sec timeout
1153.0,FED009_072424_00.CSV,FF30 sec timeout
43.0,FED009_072424_00.CSV,FF30 sec timeout
50.0,FED009_072424_00.CSV,FF30 sec timeout
38.0,FED009_072424_00.CSV,FF30 sec timeout
37.0,FED009_072424_00.CSV,FF30 sec timeout
40.0,FED009_072424_00.CSV,FF30 sec timeout
37.0,FED009_072424_00.CSV,FF30 sec timeout
77.0,FED009_072424_00.CSV,FF30 sec timeout
150.0,FED009_072424_00.CSV,FF30 sec timeout
922.0,FED009_072424_00.CSV,FF30 sec timeout
1653.0,FED009_072424_00.CSV,FF30 sec timeout
40.0,FED009_072424_00.CSV,FF30 sec timeout
37.0,FED009_072424_00.CSV,FF30 sec timeout
37.0,FED009_072424_00.CSV,FF30 sec timeout
38.0,FED009_072424_00.CSV,FF30 sec timeout
50.0,FED009_072424_00.CSV,FF30 sec timeout
36.0,FED009_072424_00.CSV,FF30 sec timeout
39.0,FED009_072424_00.CSV,FF30 sec timeout
39.0,FED009_072424_00.CSV,FF30 sec timeout
37.0,FED009_072424_00.CSV,FF30 sec timeout
36.0,FED009_072424_00.CSV,FF30 sec timeout
46.0,FED009_072424_00.CSV,FF30 sec timeout
339.0,FED009_072424_00.CSV,FF30 sec timeout
260.0,FED009_072424_00.CSV,FF30 sec timeout
36.0,FED009_072424_00.CSV,FF30 sec timeout
50.0,FED009_072424_00.CSV,FF30 sec timeout
37.0,FED009_072424_00.CSV,FF30 sec timeout
138.0,FED009_072424_00.CSV,FF30 sec timeout
36.0,FED009_072424_00.CSV,FF30 sec timeout
167.0,FED009_072424_00.CSV,FF30 sec timeout
166.0,FED009_072424_00.CSV,FF30 sec timeout
37.0,FED009_072424_00.CSV,FF30 sec timeout
1215.0,FED009_072424_00.CSV,FF30 sec timeout
255.0,FED009_072424_00.CSV,FF30 sec timeout
71.0,FED009_072424_00.CSV,FF30 sec timeout
228.0,FED009_072424_00.CSV,FF30 sec timeout
37.0,FED009_072424_00.CSV,FF30 sec timeout
37.0,FED009_072424_00.CSV,FF30 sec timeout
170.0,FED009_072424_00.CSV,FF30 sec timeout
456.0,FED009_072424_00.CSV,FF30 sec timeout
37.0,FED009_072424_00.CSV,FF30 sec timeout
397.0,FED009_072424_00.CSV,FF30 sec timeout
37.0,FED009_072424_00.CSV,FF30 sec timeout
562.0,FED009_072424_00.CSV,FF30 sec timeout
37.0,FED009_072424_00.CSV,FF30 sec timeout
64.0,FED009_072424_00.CSV,FF30 sec timeout
43.0,FED009_072424_00.CSV,FF30 sec timeout
270.0,FED009_072424_00.CSV,FF30 sec timeout
251.0,FED009_072424_00.CSV,FF30 sec timeout
267.0,FED009_072424_00.CSV,FF30 sec timeout
5452.0,FED009_072424_00.CSV,FF30 sec timeout
37.0,FED009_072424_00.CSV,FF30 sec timeout
104.0,FED009_072424_00.CSV,FF30 sec timeout
39.0,FED009_072424_00.CSV,FF30 sec timeout
36.0,FED009_072424_00.CSV,FF30 sec timeout
2226.0,FED009_072424_00.CSV,FF30 sec timeout
38.0,FED009_072424_00.CSV,FF30 sec timeout
43.0,FED009_072424_00.CSV,FF30 sec timeout
36.0,FED009_072424_00.CSV,FF30 sec timeout
37.0,FED009_072424_00.CSV,FF30 sec timeout
941.0,FED009_072424_00.CSV,FF30 sec timeout
390.0,FED009_072424_00.CSV,FF30 sec timeout
41.0,FED009_072424_00.CSV,FF30 sec timeout
70.0,FED009_072424_00.CSV,FF30 sec timeout
48.0,FED009_072424_00.CSV,FF30 sec timeout
98.0,FED009_072424_00.CSV,FF30 sec timeout
2198.0,FED009_072424_00.CSV,FF30 sec timeout
48.0,FED009_072424_00.CSV,FF30 sec timeout
38.0,FED009_072424_00.CSV,FF30 sec timeout
2957.0,FED009_072424_00.CSV,FF30 sec timeout
39.0,FED009_072424_00.CSV,FF30 sec timeout
39.0,FED009_072424_00.CSV,FF30 sec timeout
36.0,FED009_072424_00.CSV,FF30 sec timeout
37.0,FED009_072424_00.CSV,FF30 sec timeout
37.0,FED009_072424_00.CSV,FF30 sec timeout
37.0,FED009_072424_00.CSV,FF30 sec timeout
37.0,FED009_072424_00.CSV,FF30 sec timeout
170.0,FED009_072424_00.CSV,FF30 sec timeout
38.0,FED009_072424_00.CSV,FF30 sec timeout
33.0,FED009_072424_00.CSV,FF30 sec timeout
44.0,FED009_072424_00.CSV,FF30 sec timeout
533.0,FED009_072424_00.CSV,FF30 sec timeout
38.0,FED009_072424_00.CSV,FF30 sec timeout
89.0,FED009_072424_00.CSV,FF30 sec timeout
37.0,FED009_072424_00.CSV,FF30 sec timeout
167.0,FED009_072424_00.CSV,FF30 sec timeout
37.0,FED009_072424_00.CSV,FF30 sec timeout
38.0,FED009_072424_00.CSV,FF30 sec timeout
38.0,FED009_072424_00.CSV,FF30 sec timeout
219.0,FED009_072424_00.CSV,FF30 sec timeout
222.0,FED009_072424_00.CSV,FF30 sec timeout
39.0,FED009_072424_00.CSV,FF30 sec timeout
147.0,FED009_072424_00.CSV,FF30 sec timeout
284.0,FED009_072424_00.CSV,FF30 sec timeout
38.0,FED009_072424_00.CSV,FF30 sec timeout
531.0,FED009_072424_00.CSV,FF30 sec timeout
37.0,FED009_072424_00.CSV,FF30 sec timeout
433.0,FED009_072424_00.CSV,FF30 sec timeout
39.0,FED009_072424_00.CSV,FF30 sec timeout
137.0,FED009_072424_00.CSV,FF30 sec timeout
56.0,FED009_072424_00.CSV,FF30 sec timeout
1096.0,FED009_072424_00.CSV,FF30 sec timeout
36.0,FED009_072424_00.CSV,FF30 sec timeout
261.0,FED009_072424_00.CSV,FF30 sec timeout
1101.0,FED009_072424_00.CSV,FF30 sec timeout
139.0,FED009_072424_00.CSV,FF30 sec timeout
36.0,FED009_072424_00.CSV,FF30 sec timeout
89.0,FED009_072424_00.CSV,FF30 sec timeout
41.0,FED009_072424_00.CSV,FF30 sec timeout
206.0,FED009_072424_00.CSV,FF30 sec timeout
4468.0,FED009_072424_00.CSV,FF30 sec timeout
38.0,FED009_072424_00.CSV,FF30 sec timeout
60.0,FED009_072424_00.CSV,FF30 sec timeout
3485.0,FED009_072424_00.CSV,FF30 sec timeout
38.0,FED009_072424_00.CSV,FF30 sec timeout
63.0,FED009_072424_00.CSV,FF30 sec timeout
37.0,FED009_072424_00.CSV,FF30 sec timeout
5003.0,FED009_072424_00.CSV,FF30 sec timeout
38.0,FED009_072424_00.CSV,FF30 sec timeout
40.0,FED009_072424_00.CSV,FF30 sec timeout
38.0,FED009_072424_00.CSV,FF30 sec timeout
55.0,FED009_072424_00.CSV,FF30 sec timeout
2346.0,FED009_072424_00.CSV,FF30 sec timeout
39.0,FED009_072424_00.CSV,FF30 sec timeout
36.0,FED009_072424_00.CSV,FF30 sec timeout
37.0,FED009_072424_00.CSV,FF30 sec timeout
45.0,FED009_072424_00.CSV,FF30 sec timeout
45.0,FED009_072424_00.CSV,FF30 sec timeout
37.0,FED009_072424_00.CSV,FF30 sec timeout
45.0,FED009_072424_00.CSV,FF30 sec timeout
45.0,FED009_072424_00.CSV,FF30 sec timeout
38.0,FED009_072424_00.CSV,FF30 sec timeout
54.0,FED009_072424_00.CSV,FF30 sec timeout
138.0,FED009_072424_00.CSV,FF30 sec timeout
5012.0,FED009_072424_00.CSV,FF30 sec timeout
107.0,FED009_072424_00.CSV,FF30 sec timeout
38.0,FED009_072424_00.CSV,FF30 sec timeout
40.0,FED009_072424_00.CSV,FF30 sec timeout
316.0,FED009_072424_00.CSV,FF30 sec timeout
56.0,FED009_072424_00.CSV,FF30 sec timeout
38.0,FED009_072424_00.CSV,FF30 sec timeout
43.0,FED009_072424_00.CSV,FF30 sec timeout
4199.0,FED009_072424_00.CSV,FF30 sec timeout
723.0,FED009_072424_00.CSV,FF30 sec timeout
37.0,FED009_072424_00.CSV,FF30 sec timeout
38.0,FED009_072424_00.CSV,FF30 sec timeout
36.0,FED009_072424_00.CSV,FF30 sec timeout
38.0,FED009_072424_00.CSV,FF30 sec timeout
678.0,FED009_072424_00.CSV,FF30 sec timeout
38.0,FED009_072424_00.CSV,FF30 sec timeout
2890.0,FED009_072424_00.CSV,FF30 sec timeout
36.0,FED009_072424_00.CSV,FF30 sec timeout
934.0,FED009_072424_00.CSV,FF30 sec timeout
36.0,FED009_072424_00.CSV,FF30 sec timeout
37.0,FED009_072424_00.CSV,FF30 sec timeout
38.0,FED009_072424_00.CSV,FF30 sec timeout
61.0,FED009_072424_00.CSV,FF30 sec timeout
113.0,FED009_072424_00.CSV,FF30 sec timeout
41.0,FED009_072424_00.CSV,FF30 sec timeout
791.0,FED009_072424_00.CSV,FF30 sec timeout
55.0,FED009_072424_00.CSV,FF30 sec timeout
39.0,FED009_072424_00.CSV,FF30 sec timeout
37.0,FED009_072424_00.CSV,FF30 sec timeout
635.0,FED009_072424_00.CSV,FF30 sec timeout
37.0,FED009_072424_00.CSV,FF30 sec timeout
2295.0,FED009_072424_00.CSV,FF30 sec timeout
37.0,FED009_072424_00.CSV,FF30 sec timeout
39.0,FED009_072424_00.CSV,FF30 sec timeout
37.0,FED009_072424_00.CSV,FF30 sec timeout
47.0,FED009_072424_00.CSV,FF30 sec timeout
37.0,FED009_072424_00.CSV,FF30 sec timeout
1015.0,FED009_072424_00.CSV,FF30 sec timeout
37.0,FED009_072424_00.CSV,FF30 sec timeout
2264.0,FED009_072424_00.CSV,FF30 sec timeout
407.0,FED009_072424_00.CSV,FF30 sec timeout
381.0,FED009_072424_00.CSV,FF30 sec timeout
120.0,FED009_072424_00.CSV,FF30 sec timeout
299.0,FED009_072424_00.CSV,FF30 sec timeout
39.0,FED009_072424_00.CSV,FF30 sec timeout
37.0,FED009_072424_00.CSV,FF30 sec timeout
37.0,FED009_072424_00.CSV,FF30 sec timeout
38.0,FED009_072424_00.CSV,FF30 sec timeout
38.0,FED009_072424_00.CSV,FF30 sec timeout
385.0,FED009_072424_00.CSV,FF30 sec timeout
39.0,FED009_072424_00.CSV,FF30 sec timeout
535.0,FED009_072424_00.CSV,FF30 sec timeout
39.0,FED009_072424_00.CSV,FF30 sec timeout
37.0,FED009_072424_00.CSV,FF30 sec timeout
37.0,FED009_072424_00.CSV,FF30 sec timeout
477.0,FED009_072424_00.CSV,FF30 sec timeout
344.0,FED009_072424_00.CSV,FF30 sec timeout
56.0,FED009_072424_00.CSV,FF30 sec timeout
94.0,FED009_072424_00.CSV,FF30 sec timeout
37.0,FED009_072424_00.CSV,FF30 sec timeout
37.0,FED009_072424_00.CSV,FF30 sec timeout
37.0,FED009_072424_00.CSV,FF30 sec timeout
207.0,FED009_072424_00.CSV,FF30 sec timeout
552.0,FED009_072424_00.CSV,FF30 sec timeout
41.0,FED009_072424_00.CSV,FF30 sec timeout
32.0,FED009_072424_00.CSV,FF30 sec timeout
255.0,FED009_072424_00.CSV,FF30 sec timeout
356.0,FED009_072424_00.CSV,FF30 sec timeout
394.0,FED009_072424_00.CSV,FF30 sec timeout
428.0,FED009_072424_00.CSV,FF30 sec timeout
39.0,FED009_072424_00.CSV,FF30 sec timeout
37.0,FED009_072424_00.CSV,FF30 sec timeout
40.0,FED009_072424_00.CSV,FF30 sec timeout
61.0,FED009_072424_00.CSV,FF30 sec timeout
1279.0,FED009_072424_00.CSV,FF30 sec timeout
38.0,FED009_072424_00.CSV,FF30 sec timeout
38.0,FED009_072424_00.CSV,FF30 sec timeout
38.0,FED009_072424_00.CSV,FF30 sec timeout
38.0,FED009_072424_00.CSV,FF30 sec timeout
1170.0,FED009_072424_00.CSV,FF30 sec timeout
60.0,FED009_072424_00.CSV,FF30 sec timeout
37.0,FED009_072424_00.CSV,FF30 sec timeout
39.0,FED009_072424_00.CSV,FF30 sec timeout
213.0,FED009_072424_00.CSV,FF30 sec timeout
431.0,FED009_072424_00.CSV,FF30 sec timeout
39.0,FED009_072424_00.CSV,FF30 sec timeout
38.0,FED009_072424_00.CSV,FF30 sec timeout
391.0,FED009_072424_00.CSV,FF30 sec timeout
261.0,FED009_072424_00.CSV,FF30 sec timeout
223.0,FED009_072424_00.CSV,FF30 sec timeout
36.0,FED009_072424_00.CSV,FF30 sec timeout
251.0,FED009_072424_00.CSV,FF30 sec timeout
774.0,FED009_072424_00.CSV,FF30 sec timeout
37.0,FED009_072424_00.CSV,FF30 sec timeout
37.0,FED009_072424_00.CSV,FF30 sec timeout
37.0,FED009_072424_00.CSV,FF30 sec timeout
36.0,FED009_072424_00.CSV,FF30 sec timeout
50.0,FED009_072424_00.CSV,FF30 sec timeout
1273.0,FED009_072424_00.CSV,FF30 sec timeout
42.0,FED009_072424_00.CSV,FF30 sec timeout
43.0,FED009_072424_00.CSV,FF30 sec timeout
37.0,FED009_072424_00.CSV,FF30 sec timeout
53.0,FED009_072424_00.CSV,FF30 sec timeout
40.0,FED009_072424_00.CSV,FF30 sec timeout
177.0,FED009_072424_00.CSV,FF30 sec timeout
37.0,FED009_072424_00.CSV,FF30 sec timeout
101.0,FED009_072424_00.CSV,FF30 sec timeout
87.0,FED009_072424_00.CSV,FF30 sec timeout
41.0,FED009_072424_00.CSV,FF30 sec timeout
131.0,FED009_072424_00.CSV,FF30 sec timeout
331.0,FED009_072424_00.CSV,FF30 sec timeout
37.0,FED009_072424_00.CSV,FF30 sec timeout
37.0,FED009_072424_00.CSV,FF30 sec timeout
37.0,FED009_072424_00.CSV,FF30 sec timeout
39.0,FED009_072424_00.CSV,FF30 sec timeout
184.0,FED009_072424_00.CSV,FF30 sec timeout
38.0,FED009_072424_00.CSV,FF30 sec timeout
37.0,FED009_072424_00.CSV,FF30 sec timeout
39.0,FED009_072424_00.CSV,FF30 sec timeout
686.0,FED009_072424_00.CSV,FF30 sec timeout
32.0,FED009_072424_00.CSV,FF30 sec timeout
37.0,FED009_072424_00.CSV,FF30 sec timeout
1035.0,FED009_072424_00.CSV,FF30 sec timeout
1214.0,FED009_072424_00.CSV,FF30 sec timeout
66.0,FED009_072424_00.CSV,FF30 sec timeout
692.0,FED009_072424_00.CSV,FF30 sec timeout
106.0,FED009_072424_00.CSV,FF30 sec timeout
78.0,FED009_072424_00.CSV,FF30 sec timeout
119.0,FED009_072424_00.CSV,FF30 sec timeout
838.0,FED009_072424_00.CSV,FF30 sec timeout
172.0,FED009_072424_00.CSV,FF30 sec timeout
2144.0,FED009_072424_00.CSV,FF30 sec timeout
39.0,FED009_072424_00.CSV,FF30 sec timeout
37.0,FED009_072424_00.CSV,FF30 sec timeout
36.0,FED009_072424_00.CSV,FF30 sec timeout
38.0,FED009_072424_00.CSV,FF30 sec timeout
46.0,FED009_072424_00.CSV,FF30 sec timeout
37.0,FED009_072424_00.CSV,FF30 sec timeout
46.0,FED009_072424_00.CSV,FF30 sec timeout
45.0,FED009_072424_00.CSV,FF30 sec timeout
306.0,FED009_072424_00.CSV,FF30 sec timeout
162.0,FED009_072424_00.CSV,FF30 sec timeout
37.0,FED009_072424_00.CSV,FF30 sec timeout
533.0,FED009_072424_00.CSV,FF30 sec timeout
36.0,FED009_072424_00.CSV,FF30 sec timeout
172.0,FED009_072424_00.CSV,FF30 sec timeout
356.0,FED009_072424_00.CSV,FF30 sec timeout
37.0,FED009_072424_00.CSV,FF30 sec timeout
64.0,FED009_072424_00.CSV,FF30 sec timeout
158.0,FED009_072424_00.CSV,FF30 sec timeout
85.0,FED009_072424_00.CSV,FF30 sec timeout
32.0,FED009_072424_00.CSV,FF30 sec timeout
36.0,FED009_072424_00.CSV,FF30 sec timeout
1039.0,FED009_072424_00.CSV,FF30 sec timeout
37.0,FED009_072424_00.CSV,FF30 sec timeout
479.0,FED009_072424_00.CSV,FF30 sec timeout
77.0,FED009_072424_00.CSV,FF30 sec timeout
35.0,FED009_072424_00.CSV,FF30 sec timeout
36.0,FED009_072424_00.CSV,FF30 sec timeout
101.0,FED009_072424_00.CSV,FF30 sec timeout
37.0,FED009_072424_00.CSV,FF30 sec timeout
260.0,FED009_072424_00.CSV,FF30 sec timeout
36.0,FED009_072424_00.CSV,FF30 sec timeout
959.0,FED009_072424_00.CSV,FF30 sec timeout
209.0,FED009_072424_00.CSV,FF30 sec timeout
812.0,FED009_072424_00.CSV,FF30 sec timeout
3380.0,FED009_072424_00.CSV,FF30 sec timeout
37.0,FED009_072424_00.CSV,FF30 sec timeout
250.0,FED009_072424_00.CSV,FF30 sec timeout
72.0,FED009_072424_00.CSV,FF30 sec timeout
39.0,FED009_072424_00.CSV,FF30 sec timeout
40.0,FED009_072424_00.CSV,FF30 sec timeout
3310.0,FED009_072424_00.CSV,FF30 sec timeout
707.0,FED009_072424_00.CSV,FF30 sec timeout
36.0,FED009_072424_00.CSV,FF30 sec timeout
302.0,FED009_072424_00.CSV,FF30 sec timeout
36.0,FED009_072424_00.CSV,FF30 sec timeout
38.0,FED009_072424_00.CSV,FF30 sec timeout
37.0,FED009_072424_00.CSV,FF30 sec timeout
355.0,FED009_072424_00.CSV,FF30 sec timeout
37.0,FED009_072424_00.CSV,FF30 sec timeout
33.0,FED009_072424_00.CSV,FF30 sec timeout
376.0,FED009_072424_00.CSV,FF30 sec timeout
37.0,FED009_072424_00.CSV,FF30 sec timeout
40.0,FED009_072424_00.CSV,FF30 sec timeout
1191.0,FED009_072424_00.CSV,FF30 sec timeout
48.0,FED009_072424_00.CSV,FF30 sec timeout
37.0,FED009_072424_00.CSV,FF30 sec timeout
37.0,FED009_072424_00.CSV,FF30 sec timeout
631.0,FED009_072424_00.CSV,FF30 sec timeout
39.0,FED009_072424_00.CSV,FF30 sec timeout
61.0,FED009_072424_00.CSV,FF30 sec timeout
867.0,FED009_072424_00.CSV,FF30 sec timeout
325.0,FED009_072424_00.CSV,FF30 sec timeout
483.0,FED009_072424_00.CSV,FF30 sec timeout
66.0,FED009_072424_00.CSV,FF30 sec timeout
206.0,FED009_072424_00.CSV,FF30 sec timeout
66.0,FED009_072424_00.CSV,FF30 sec timeout
698.0,FED009_072424_00.CSV,FF30 sec timeout
377.0,FED009_072424_00.CSV,FF30 sec timeout
347.0,FED009_072424_00.CSV,FF30 sec timeout
435.0,FED009_072424_00.CSV,FF30 sec timeout
54.0,FED009_072424_00.CSV,FF30 sec timeout
37.0,FED009_072424_00.CSV,FF30 sec timeout
250.0,FED009_072424_00.CSV,FF30 sec timeout
403.0,FED009_072424_00.CSV,FF30 sec timeout
434.0,FED009_072424_00.CSV,FF30 sec timeout
569.0,FED009_072424_00.CSV,FF30 sec timeout
748.0,FED009_072424_00.CSV,FF30 sec timeout
126.0,FED009_072424_00.CSV,FF30 sec timeout
38.0,FED009_072424_00.CSV,FF30 sec timeout
41.0,FED009_072424_00.CSV,FF30 sec timeout
4893.0,FED009_072424_00.CSV,FF30 sec timeout
88.0,FED009_072424_00.CSV,FF30 sec timeout
38.0,FED009_072424_00.CSV,FF30 sec timeout
41.0,FED009_072424_00.CSV,FF30 sec timeout
3275.0,FED009_072424_00.CSV,FF30 sec timeout
183.0,FED009_072424_00.CSV,FF30 sec timeout
86.0,FED009_072424_00.CSV,FF30 sec timeout
1990.0,FED009_072424_00.CSV,FF30 sec timeout
46.0,FED009_072424_00.CSV,FF30 sec timeout
113.0,FED009_072424_00.CSV,FF30 sec timeout
1313.0,FED009_072424_00.CSV,FF30 sec timeout
2474.0,FED001_072424_00.CSV,FF30 sec timeout
59.0,FED001_072424_00.CSV,FF30 sec timeout
1737.0,FED001_072424_00.CSV,FF30 sec timeout
39.0,FED001_072424_00.CSV,FF30 sec timeout
43.0,FED001_072424_00.CSV,FF30 sec timeout
2887.0,FED001_072424_00.CSV,FF30 sec timeout
39.0,FED001_072424_00.CSV,FF30 sec timeout
50.0,FED001_072424_00.CSV,FF30 sec timeout
38.0,FED001_072424_00.CSV,FF30 sec timeout
54.0,FED001_072424_00.CSV,FF30 sec timeout
831.0,FED001_072424_00.CSV,FF30 sec timeout
42.0,FED001_072424_00.CSV,FF30 sec timeout
41.0,FED001_072424_00.CSV,FF30 sec timeout
38.0,FED001_072424_00.CSV,FF30 sec timeout
2781.0,FED001_072424_00.CSV,FF30 sec timeout
234.0,FED001_072424_00.CSV,FF30 sec timeout
38.0,FED001_072424_00.CSV,FF30 sec timeout
41.0,FED001_072424_00.CSV,FF30 sec timeout
39.0,FED001_072424_00.CSV,FF30 sec timeout
38.0,FED001_072424_00.CSV,FF30 sec timeout
1706.0,FED001_072424_00.CSV,FF30 sec timeout
36.0,FED001_072424_00.CSV,FF30 sec timeout
37.0,FED001_072424_00.CSV,FF30 sec timeout
40.0,FED001_072424_00.CSV,FF30 sec timeout
40.0,FED001_072424_00.CSV,FF30 sec timeout
37.0,FED001_072424_00.CSV,FF30 sec timeout
40.0,FED001_072424_00.CSV,FF30 sec timeout
37.0,FED001_072424_00.CSV,FF30 sec timeout
847.0,FED001_072424_00.CSV,FF30 sec timeout
39.0,FED001_072424_00.CSV,FF30 sec timeout
1181.0,FED001_072424_00.CSV,FF30 sec timeout
42.0,FED001_072424_00.CSV,FF30 sec timeout
37.0,FED001_072424_00.CSV,FF30 sec timeout
40.0,FED001_072424_00.CSV,FF30 sec timeout
39.0,FED001_072424_00.CSV,FF30 sec timeout
40.0,FED001_072424_00.CSV,FF30 sec timeout
54.0,FED001_072424_00.CSV,FF30 sec timeout
352.0,FED001_072424_00.CSV,FF30 sec timeout
36.0,FED001_072424_00.CSV,FF30 sec timeout
37.0,FED001_072424_00.CSV,FF30 sec timeout
40.0,FED001_072424_00.CSV,FF30 sec timeout
725.0,FED001_072424_00.CSV,FF30 sec timeout
40.0,FED001_072424_00.CSV,FF30 sec timeout
39.0,FED001_072424_00.CSV,FF30 sec timeout
38.0,FED001_072424_00.CSV,FF30 sec timeout
1503.0,FED001_072424_00.CSV,FF30 sec timeout
843.0,FED001_072424_00.CSV,FF30 sec timeout
122.0,FED001_072424_00.CSV,FF30 sec timeout
45.0,FED001_072424_00.CSV,FF30 sec timeout
38.0,FED001_072424_00.CSV,FF30 sec timeout
42.0,FED001_072424_00.CSV,FF30 sec timeout
50.0,FED001_072424_00.CSV,FF30 sec timeout
870.0,FED001_072424_00.CSV,FF30 sec timeout
37.0,FED001_072424_00.CSV,FF30 sec timeout
39.0,FED001_072424_00.CSV,FF30 sec timeout
270.0,FED001_072424_00.CSV,FF30 sec timeout
42.0,FED001_072424_00.CSV,FF30 sec timeout
42.0,FED001_072424_00.CSV,FF30 sec timeout
37.0,FED001_072424_00.CSV,FF30 sec timeout
233.0,FED001_072424_00.CSV,FF30 sec timeout
39.0,FED001_072424_00.CSV,FF30 sec timeout
676.0,FED001_072424_00.CSV,FF30 sec timeout
39.0,FED001_072424_00.CSV,FF30 sec timeout
37.0,FED001_072424_00.CSV,FF30 sec timeout
42.0,FED001_072424_00.CSV,FF30 sec timeout
54.0,FED001_072424_00.CSV,FF30 sec timeout
310.0,FED001_072424_00.CSV,FF30 sec timeout
37.0,FED001_072424_00.CSV,FF30 sec timeout
39.0,FED001_072424_00.CSV,FF30 sec timeout
1022.0,FED001_072424_00.CSV,FF30 sec timeout
47.0,FED001_072424_00.CSV,FF30 sec timeout
80.0,FED001_072424_00.CSV,FF30 sec timeout
157.0,FED001_072424_00.CSV,FF30 sec timeout
226.0,FED001_072424_00.CSV,FF30 sec timeout
41.0,FED001_072424_00.CSV,FF30 sec timeout
43.0,FED001_072424_00.CSV,FF30 sec timeout
66.0,FED001_072424_00.CSV,FF30 sec timeout
431.0,FED001_072424_00.CSV,FF30 sec timeout
38.0,FED001_072424_00.CSV,FF30 sec timeout
37.0,FED001_072424_00.CSV,FF30 sec timeout
44.0,FED001_072424_00.CSV,FF30 sec timeout
44.0,FED001_072424_00.CSV,FF30 sec timeout
46.0,FED001_072424_00.CSV,FF30 sec timeout
52.0,FED001_072424_00.CSV,FF30 sec timeout
416.0,FED001_072424_00.CSV,FF30 sec timeout
609.0,FED001_072424_00.CSV,FF30 sec timeout
37.0,FED001_072424_00.CSV,FF30 sec timeout
38.0,FED001_072424_00.CSV,FF30 sec timeout
43.0,FED001_072424_00.CSV,FF30 sec timeout
519.0,FED001_072424_00.CSV,FF30 sec timeout
43.0,FED001_072424_00.CSV,FF30 sec timeout
37.0,FED001_072424_00.CSV,FF30 sec timeout
43.0,FED001_072424_00.CSV,FF30 sec timeout
40.0,FED001_072424_00.CSV,FF30 sec timeout
457.0,FED001_072424_00.CSV,FF30 sec timeout
37.0,FED001_072424_00.CSV,FF30 sec timeout
37.0,FED001_072424_00.CSV,FF30 sec timeout
42.0,FED001_072424_00.CSV,FF30 sec timeout
44.0,FED001_072424_00.CSV,FF30 sec timeout
1084.0,FED001_072424_00.CSV,FF30 sec timeout
45.0,FED001_072424_00.CSV,FF30 sec timeout
334.0,FED001_072424_00.CSV,FF30 sec timeout
39.0,FED001_072424_00.CSV,FF30 sec timeout
40.0,FED001_072424_00.CSV,FF30 sec timeout
166.0,FED001_072424_00.CSV,FF30 sec timeout
47.0,FED001_072424_00.CSV,FF30 sec timeout
41.0,FED001_072424_00.CSV,FF30 sec timeout
924.0,FED001_072424_00.CSV,FF30 sec timeout
40.0,FED001_072424_00.CSV,FF30 sec timeout
122.0,FED001_072424_00.CSV,FF30 sec timeout
3139.0,FED001_072424_00.CSV,FF30 sec timeout
92.0,FED001_072424_00.CSV,FF30 sec timeout
125.0,FED001_072424_00.CSV,FF30 sec timeout
205.0,FED001_072424_00.CSV,FF30 sec timeout
854.0,FED001_072424_00.CSV,FF30 sec timeout
108.0,FED001_072424_00.CSV,FF30 sec timeout
39.0,FED001_072424_00.CSV,FF30 sec timeout
63.0,FED001_072424_00.CSV,FF30 sec timeout
38.0,FED001_072424_00.CSV,FF30 sec timeout
38.0,FED001_072424_00.CSV,FF30 sec timeout
45.0,FED001_072424_00.CSV,FF30 sec timeout
1146.0,FED001_072424_00.CSV,FF30 sec timeout
48.0,FED001_072424_00.CSV,FF30 sec timeout
39.0,FED001_072424_00.CSV,FF30 sec timeout
37.0,FED001_072424_00.CSV,FF30 sec timeout
44.0,FED001_072424_00.CSV,FF30 sec timeout
472.0,FED001_072424_00.CSV,FF30 sec timeout
47.0,FED001_072424_00.CSV,FF30 sec timeout
37.0,FED001_072424_00.CSV,FF30 sec timeout
39.0,FED001_072424_00.CSV,FF30 sec timeout
41.0,FED001_072424_00.CSV,FF30 sec timeout
484.0,FED001_072424_00.CSV,FF30 sec timeout
41.0,FED001_072424_00.CSV,FF30 sec timeout
44.0,FED001_072424_00.CSV,FF30 sec timeout
44.0,FED001_072424_00.CSV,FF30 sec timeout
40.0,FED001_072424_00.CSV,FF30 sec timeout
887.0,FED001_072424_00.CSV,FF30 sec timeout
45.0,FED001_072424_00.CSV,FF30 sec timeout
42.0,FED001_072424_00.CSV,FF30 sec timeout
287.0,FED001_072424_00.CSV,FF30 sec timeout
40.0,FED001_072424_00.CSV,FF30 sec timeout
37.0,FED001_072424_00.CSV,FF30 sec timeout
48.0,FED001_072424_00.CSV,FF30 sec timeout
628.0,FED001_072424_00.CSV,FF30 sec timeout
41.0,FED001_072424_00.CSV,FF30 sec timeout
42.0,FED001_072424_00.CSV,FF30 sec timeout
493.0,FED001_072424_00.CSV,FF30 sec timeout
43.0,FED001_072424_00.CSV,FF30 sec timeout
37.0,FED001_072424_00.CSV,FF30 sec timeout
41.0,FED001_072424_00.CSV,FF30 sec timeout
42.0,FED001_072424_00.CSV,FF30 sec timeout
495.0,FED001_072424_00.CSV,FF30 sec timeout
44.0,FED001_072424_00.CSV,FF30 sec timeout
3443.0,FED001_072424_00.CSV,FF30 sec timeout
583.0,FED001_072424_00.CSV,FF30 sec timeout
38.0,FED001_072424_00.CSV,FF30 sec timeout
58.0,FED001_072424_00.CSV,FF30 sec timeout
49.0,FED001_072424_00.CSV,FF30 sec timeout
38.0,FED001_072424_00.CSV,FF30 sec timeout
660.0,FED001_072424_00.CSV,FF30 sec timeout
39.0,FED001_072424_00.CSV,FF30 sec timeout
543.0,FED001_072424_00.CSV,FF30 sec timeout
38.0,FED001_072424_00.CSV,FF30 sec timeout
38.0,FED001_072424_00.CSV,FF30 sec timeout
3301.0,FED001_072424_00.CSV,FF30 sec timeout
39.0,FED001_072424_00.CSV,FF30 sec timeout
44.0,FED001_072424_00.CSV,FF30 sec timeout
38.0,FED001_072424_00.CSV,FF30 sec timeout
272.0,FED001_072424_00.CSV,FF30 sec timeout
39.0,FED001_072424_00.CSV,FF30 sec timeout
1471.0,FED001_072424_00.CSV,FF30 sec timeout
730.0,FED001_072424_00.CSV,FF30 sec timeout
159.0,FED001_072424_00.CSV,FF30 sec timeout
106.0,FED001_072424_00.CSV,FF30 sec timeout
209.0,FED001_072424_00.CSV,FF30 sec timeout
705.0,FED001_072424_00.CSV,FF30 sec timeout
272.0,FED001_072424_00.CSV,FF30 sec timeout
41.0,FED001_072424_00.CSV,FF30 sec timeout
974.0,FED001_072424_00.CSV,FF30 sec timeout
287.0,FED001_072424_00.CSV,FF30 sec timeout
375.0,FED001_072424_00.CSV,FF30 sec timeout
451.0,FED001_072424_00.CSV,FF30 sec timeout
51.0,FED001_072424_00.CSV,FF30 sec timeout
38.0,FED001_072424_00.CSV,FF30 sec timeout
394.0,FED001_072424_00.CSV,FF30 sec timeout
1749.0,FED001_072424_00.CSV,FF30 sec timeout
142.0,FED001_072424_00.CSV,FF30 sec timeout
44.0,FED001_072424_00.CSV,FF30 sec timeout
42.0,FED001_072424_00.CSV,FF30 sec timeout
44.0,FED001_072424_00.CSV,FF30 sec timeout
49.0,FED001_072424_00.CSV,FF30 sec timeout
77.0,FED001_072424_00.CSV,FF30 sec timeout
8565.0,FED001_072424_00.CSV,FF30 sec timeout
37.0,FED001_072424_00.CSV,FF30 sec timeout
40.0,FED001_072424_00.CSV,FF30 sec timeout
40.0,FED001_072424_00.CSV,FF30 sec timeout
44.0,FED001_072424_00.CSV,FF30 sec timeout
1312.0,FED001_072424_00.CSV,FF30 sec timeout
67.0,FED001_072424_00.CSV,FF30 sec timeout
43.0,FED001_072424_00.CSV,FF30 sec timeout
687.0,FED001_072424_00.CSV,FF30 sec timeout
39.0,FED001_072424_00.CSV,FF30 sec timeout
40.0,FED001_072424_00.CSV,FF30 sec timeout
44.0,FED001_072424_00.CSV,FF30 sec timeout
552.0,FED001_072424_00.CSV,FF30 sec timeout
43.0,FED001_072424_00.CSV,FF30 sec timeout
37.0,FED001_072424_00.CSV,FF30 sec timeout
42.0,FED001_072424_00.CSV,FF30 sec timeout
39.0,FED001_072424_00.CSV,FF30 sec timeout
41.0,FED001_072424_00.CSV,FF30 sec timeout
3014.0,FED001_072424_00.CSV,FF30 sec timeout
37.0,FED001_072424_00.CSV,FF30 sec timeout
47.0,FED001_072424_00.CSV,FF30 sec timeout
37.0,FED001_072424_00.CSV,FF30 sec timeout
44.0,FED001_072424_00.CSV,FF30 sec timeout
1025.0,FED001_072424_00.CSV,FF30 sec timeout
40.0,FED001_072424_00.CSV,FF30 sec timeout
43.0,FED001_072424_00.CSV,FF30 sec timeout
3957.0,FED001_072424_00.CSV,FF30 sec timeout
210.0,FED001_072424_00.CSV,FF30 sec timeout
46.0,FED001_072424_00.CSV,FF30 sec timeout
38.0,FED001_072424_00.CSV,FF30 sec timeout
37.0,FED001_072424_00.CSV,FF30 sec timeout
39.0,FED001_072424_00.CSV,FF30 sec timeout
180.0,FED001_072424_00.CSV,FF30 sec timeout
1299.0,FED001_072424_00.CSV,FF30 sec timeout
42.0,FED001_072424_00.CSV,FF30 sec timeout
38.0,FED001_072424_00.CSV,FF30 sec timeout
595.0,FED001_072424_00.CSV,FF30 sec timeout
40.0,FED001_072424_00.CSV,FF30 sec timeout
66.0,FED001_072424_00.CSV,FF30 sec timeout
346.0,FED001_072424_00.CSV,FF30 sec timeout
1844.0,FED001_072424_00.CSV,FF30 sec timeout
41.0,FED001_072424_00.CSV,FF30 sec timeout
41.0,FED001_072424_00.CSV,FF30 sec timeout
436.0,FED001_072424_00.CSV,FF30 sec timeout
36.0,FED001_072424_00.CSV,FF30 sec timeout
43.0,FED001_072424_00.CSV,FF30 sec timeout
1362.0,FED001_072424_00.CSV,FF30 sec timeout
1098.0,FED001_072424_00.CSV,FF30 sec timeout
38.0,FED001_072424_00.CSV,FF30 sec timeout
43.0,FED001_072424_00.CSV,FF30 sec timeout
39.0,FED001_072424_00.CSV,FF30 sec timeout
50.0,FED001_072424_00.CSV,FF30 sec timeout
2794.0,FED001_072424_00.CSV,FF30 sec timeout
41.0,FED001_072424_00.CSV,FF30 sec timeout
40.0,FED001_072424_00.CSV,FF30 sec timeout
39.0,FED001_072424_00.CSV,FF30 sec timeout
48.0,FED001_072424_00.CSV,FF30 sec timeout
1368.0,FED001_072424_00.CSV,FF30 sec timeout
41.0,FED001_072424_00.CSV,FF30 sec timeout
280.0,FED001_072424_00.CSV,FF30 sec timeout
43.0,FED001_072424_00.CSV,FF30 sec timeout
4717.0,FED001_072424_00.CSV,FF30 sec timeout
38.0,FED001_072424_00.CSV,FF30 sec timeout
39.0,FED001_072424_00.CSV,FF30 sec timeout
70.0,FED001_072424_00.CSV,FF30 sec timeout
37.0,FED001_072424_00.CSV,FF30 sec timeout
41.0,FED001_072424_00.CSV,FF30 sec timeout
38.0,FED001_072424_00.CSV,FF30 sec timeout
37.0,FED001_072424_00.CSV,FF30 sec timeout
58.0,FED001_072424_00.CSV,FF30 sec timeout
38.0,FED001_072424_00.CSV,FF30 sec timeout
37.0,FED001_072424_00.CSV,FF30 sec timeout
45.0,FED001_072424_00.CSV,FF30 sec timeout
54.0,FED001_072424_00.CSV,FF30 sec timeout
42.0,FED001_072424_00.CSV,FF30 sec timeout
44.0,FED001_072424_00.CSV,FF30 sec timeout
44.0,FED001_072424_00.CSV,FF30 sec timeout
1756.0,FED001_072424_00.CSV,FF30 sec timeout
216.0,FED001_072424_00.CSV,FF30 sec timeout
192.0,FED001_072424_00.CSV,FF30 sec timeout
44.0,FED001_072424_00.CSV,FF30 sec timeout
41.0,FED001_072424_00.CSV,FF30 sec timeout
38.0,FED001_072424_00.CSV,FF30 sec timeout
41.0,FED001_072424_00.CSV,FF30 sec timeout
1034.0,FED001_072424_00.CSV,FF30 sec timeout
129.0,FED001_072424_00.CSV,FF30 sec timeout
216.0,FED001_072424_00.CSV,FF30 sec timeout
45.0,FED001_072424_00.CSV,FF30 sec timeout
43.0,FED001_072424_00.CSV,FF30 sec timeout
42.0,FED001_072424_00.CSV,FF30 sec timeout
42.0,FED001_072424_00.CSV,FF30 sec timeout
38.0,FED001_072424_00.CSV,FF30 sec timeout
719.0,FED001_072424_00.CSV,FF30 sec timeout
42.0,FED001_072424_00.CSV,FF30 sec timeout
107.0,FED001_072424_00.CSV,FF30 sec timeout
40.0,FED001_072424_00.CSV,FF30 sec timeout
56.0,FED001_072424_00.CSV,FF30 sec timeout
40.0,FED001_072424_00.CSV,FF30 sec timeout
453.0,FED001_072424_00.CSV,FF30 sec timeout
235.0,FED001_072424_00.CSV,FF30 sec timeout
48.0,FED001_072424_00.CSV,FF30 sec timeout
1780.0,FED001_072424_00.CSV,FF30 sec timeout
37.0,FED001_072424_00.CSV,FF30 sec timeout
41.0,FED001_072424_00.CSV,FF30 sec timeout
44.0,FED001_072424_00.CSV,FF30 sec timeout
285.0,FED001_072424_00.CSV,FF30 sec timeout
40.0,FED001_072424_00.CSV,FF30 sec timeout
37.0,FED001_072424_00.CSV,FF30 sec timeout
41.0,FED001_072424_00.CSV,FF30 sec timeout
69.0,FED001_072424_00.CSV,FF30 sec timeout
218.0,FED001_072424_00.CSV,FF30 sec timeout
395.0,FED001_072424_00.CSV,FF30 sec timeout
196.0,FED001_072424_00.CSV,FF30 sec timeout
364.0,FED001_072424_00.CSV,FF30 sec timeout
44.0,FED001_072424_00.CSV,FF30 sec timeout
271.0,FED001_072424_00.CSV,FF30 sec timeout
61.0,FED001_072424_00.CSV,FF30 sec timeout
179.0,FED001_072424_00.CSV,FF30 sec timeout
305.0,FED001_072424_00.CSV,FF30 sec timeout
50.0,FED001_072424_00.CSV,FF30 sec timeout
173.0,FED001_072424_00.CSV,FF30 sec timeout
37.0,FED001_072424_00.CSV,FF30 sec timeout
37.0,FED001_072424_00.CSV,FF30 sec timeout
60.0,FED001_072424_00.CSV,FF30 sec timeout
63.0,FED001_072424_00.CSV,FF30 sec timeout
328.0,FED001_072424_00.CSV,FF30 sec timeout
294.0,FED001_072424_00.CSV,FF30 sec timeout
38.0,FED001_072424_00.CSV,FF30 sec timeout
42.0,FED001_072424_00.CSV,FF30 sec timeout
40.0,FED001_072424_00.CSV,FF30 sec timeout
54.0,FED001_072424_00.CSV,FF30 sec timeout
145.0,FED001_072424_00.CSV,FF30 sec timeout
462.0,FED001_072424_00.CSV,FF30 sec timeout
37.0,FED001_072424_00.CSV,FF30 sec timeout
384.0,FED001_072424_00.CSV,FF30 sec timeout
54.0,FED001_072424_00.CSV,FF30 sec timeout
42.0,FED001_072424_00.CSV,FF30 sec timeout
448.0,FED001_072424_00.CSV,FF30 sec timeout
38.0,FED001_072424_00.CSV,FF30 sec timeout
42.0,FED001_072424_00.CSV,FF30 sec timeout
42.0,FED001_072424_00.CSV,FF30 sec timeout
38.0,FED001_072424_00.CSV,FF30 sec timeout
41.0,FED001_072424_00.CSV,FF30 sec timeout
549.0,FED001_072424_00.CSV,FF30 sec timeout
128.0,FED001_072424_00.CSV,FF30 sec timeout
64.0,FED001_072424_00.CSV,FF30 sec timeout
331.0,FED001_072424_00.CSV,FF30 sec timeout
40.0,FED001_072424_00.CSV,FF30 sec timeout
38.0,FED001_072424_00.CSV,FF30 sec timeout
37.0,FED001_072424_00.CSV,FF30 sec timeout
45.0,FED001_072424_00.CSV,FF30 sec timeout
1896.0,FED001_072424_00.CSV,FF30 sec timeout
42.0,FED001_072424_00.CSV,FF30 sec timeout
39.0,FED001_072424_00.CSV,FF30 sec timeout
343.0,FED001_072424_00.CSV,FF30 sec timeout
141.0,FED001_072424_00.CSV,FF30 sec timeout
41.0,FED001_072424_00.CSV,FF30 sec timeout
809.0,FED001_072424_00.CSV,FF30 sec timeout
39.0,FED001_072424_00.CSV,FF30 sec timeout
38.0,FED001_072424_00.CSV,FF30 sec timeout
348.0,FED001_072424_00.CSV,FF30 sec timeout
37.0,FED001_072424_00.CSV,FF30 sec timeout
40.0,FED001_072424_00.CSV,FF30 sec timeout
37.0,FED001_072424_00.CSV,FF30 sec timeout
39.0,FED001_072424_00.CSV,FF30 sec timeout
38.0,FED001_072424_00.CSV,FF30 sec timeout
308.0,FED001_072424_00.CSV,FF30 sec timeout
50.0,FED001_072424_00.CSV,FF30 sec timeout
257.0,FED001_072424_00.CSV,FF30 sec timeout
39.0,FED001_072424_00.CSV,FF30 sec timeout
37.0,FED001_072424_00.CSV,FF30 sec timeout
38.0,FED001_072424_00.CSV,FF30 sec timeout
42.0,FED001_072424_00.CSV,FF30 sec timeout
42.0,FED001_072424_00.CSV,FF30 sec timeout
44.0,FED001_072424_00.CSV,FF30 sec timeout
374.0,FED001_072424_00.CSV,FF30 sec timeout
38.0,FED001_072424_00.CSV,FF30 sec timeout
43.0,FED001_072424_00.CSV,FF30 sec timeout
37.0,FED001_072424_00.CSV,FF30 sec timeout
397.0,FED001_072424_00.CSV,FF30 sec timeout
37.0,FED001_072424_00.CSV,FF30 sec timeout
43.0,FED001_072424_00.CSV,FF30 sec timeout
1460.0,FED001_072424_00.CSV,FF30 sec timeout
1085.0,FED001_072424_00.CSV,FF30 sec timeout
40.0,FED001_072424_00.CSV,FF30 sec timeout
39.0,FED001_072424_00.CSV,FF30 sec timeout
42.0,FED001_072424_00.CSV,FF30 sec timeout
47.0,FED001_072424_00.CSV,FF30 sec timeout
41.0,FED001_072424_00.CSV,FF30 sec timeout
46.0,FED001_072424_00.CSV,FF30 sec timeout
691.0,FED001_072424_00.CSV,FF30 sec timeout
444.0,FED001_072424_00.CSV,FF30 sec timeout
406.0,FED001_072424_00.CSV,FF30 sec timeout
37.0,FED001_072424_00.CSV,FF30 sec timeout
42.0,FED001_072424_00.CSV,FF30 sec timeout
587.0,FED001_072424_00.CSV,FF30 sec timeout
98.0,FED001_072424_00.CSV,FF30 sec timeout
39.0,FED001_072424_00.CSV,FF30 sec timeout
1322.0,FED001_072424_00.CSV,FF30 sec timeout
190.0,FED001_072424_00.CSV,FF30 sec timeout
42.0,FED001_072424_00.CSV,FF30 sec timeout
2635.0,FED001_072424_00.CSV,FF30 sec timeout
39.0,FED001_072424_00.CSV,FF30 sec timeout
43.0,FED001_072424_00.CSV,FF30 sec timeout
39.0,FED001_072424_00.CSV,FF30 sec timeout
38.0,FED001_072424_00.CSV,FF30 sec timeout
42.0,FED001_072424_00.CSV,FF30 sec timeout
38.0,FED001_072424_00.CSV,FF30 sec timeout
42.0,FED001_072424_00.CSV,FF30 sec timeout
1526.0,FED001_072424_00.CSV,FF30 sec timeout
997.0,FED001_072424_00.CSV,FF30 sec timeout
42.0,FED001_072424_00.CSV,FF30 sec timeout
32.0,FED001_072424_00.CSV,FF30 sec timeout
50.0,FED001_072424_00.CSV,FF30 sec timeout
38.0,FED001_072424_00.CSV,FF30 sec timeout
39.0,FED001_072424_00.CSV,FF30 sec timeout
356.0,FED001_072424_00.CSV,FF30 sec timeout
112.0,FED001_072424_00.CSV,FF30 sec timeout
173.0,FED001_072424_00.CSV,FF30 sec timeout
59.0,FED001_072424_00.CSV,FF30 sec timeout
54.0,FED001_072424_00.CSV,FF30 sec timeout
447.0,FED001_072424_00.CSV,FF30 sec timeout
221.0,FED001_072424_00.CSV,FF30 sec timeout
60.0,FED001_072424_00.CSV,FF30 sec timeout
148.0,FED001_072424_00.CSV,FF30 sec timeout
230.0,FED001_072424_00.CSV,FF30 sec timeout
60.0,FED001_072424_00.CSV,FF30 sec timeout
270.0,FED001_072424_00.CSV,FF30 sec timeout
53.0,FED001_072424_00.CSV,FF30 sec timeout
161.0,FED001_072424_00.CSV,FF30 sec timeout
92.0,FED001_072424_00.CSV,FF30 sec timeout
483.0,FED001_072424_00.CSV,FF30 sec timeout
418.0,FED001_072424_00.CSV,FF30 sec timeout
934.0,FED001_072424_00.CSV,FF30 sec timeout
105.0,FED001_072424_00.CSV,FF30 sec timeout
78.0,FED001_072424_00.CSV,FF30 sec timeout
42.0,FED001_072424_00.CSV,FF30 sec timeout
178.0,FED001_072424_00.CSV,FF30 sec timeout
193.0,FED001_072424_00.CSV,FF30 sec timeout
612.0,FED001_072424_00.CSV,FF30 sec timeout
54.0,FED001_072424_00.CSV,FF30 sec timeout
146.0,FED001_072424_00.CSV,FF30 sec timeout
713.0,FED001_072424_00.CSV,FF30 sec timeout
656.0,FED001_072424_00.CSV,FF30 sec timeout
1537.0,FED001_072424_00.CSV,FF30 sec timeout
45.0,FED001_072424_00.CSV,FF30 sec timeout
53.0,FED001_072424_00.CSV,FF30 sec timeout
2834.0,FED001_072424_00.CSV,FF30 sec timeout
54.0,FED001_072424_00.CSV,FF30 sec timeout
404.0,FED001_072424_00.CSV,FF30 sec timeout
40.0,FED001_072424_00.CSV,FF30 sec timeout
1127.0,FED001_072424_00.CSV,FF30 sec timeout
342.0,FED001_072424_00.CSV,FF30 sec timeout
46.0,FED001_072424_00.CSV,FF30 sec timeout
155.0,FED001_072424_00.CSV,FF30 sec timeout
1370.0,FED001_072424_00.CSV,FF30 sec timeout
175.0,FED001_072424_00.CSV,FF30 sec timeout
1092.0,FED001_072424_00.CSV,FF30 sec timeout
322.0,FED001_072424_00.CSV,FF30 sec timeout
47.0,FED001_072424_00.CSV,FF30 sec timeout
39.0,FED001_072424_00.CSV,FF30 sec timeout
61.0,FED001_072424_00.CSV,FF30 sec timeout
72.0,FED001_072424_00.CSV,FF30 sec timeout
178.0,FED001_072424_00.CSV,FF30 sec timeout
510.0,FED001_072424_00.CSV,FF30 sec timeout
42.0,FED001_072424_00.CSV,FF30 sec timeout
39.0,FED001_072424_00.CSV,FF30 sec timeout
38.0,FED001_072424_00.CSV,FF30 sec timeout
51.0,FED001_072424_00.CSV,FF30 sec timeout
299.0,FED001_072424_00.CSV,FF30 sec timeout
468.0,FED001_072424_00.CSV,FF30 sec timeout
39.0,FED001_072424_00.CSV,FF30 sec timeout
38.0,FED001_072424_00.CSV,FF30 sec timeout
42.0,FED001_072424_00.CSV,FF30 sec timeout
49.0,FED001_072424_00.CSV,FF30 sec timeout
50.0,FED001_072424_00.CSV,FF30 sec timeout
247.0,FED001_072424_00.CSV,FF30 sec timeout
4895.0,FED001_072424_00.CSV,FF30 sec timeout
44.0,FED001_072424_00.CSV,FF30 sec timeout
47.0,FED001_072424_00.CSV,FF30 sec timeout
39.0,FED001_072424_00.CSV,FF30 sec timeout
2285.0,FED001_072424_00.CSV,FF30 sec timeout
44.0,FED001_072424_00.CSV,FF30 sec timeout
49.0,FED001_072424_00.CSV,FF30 sec timeout
44.0,FED001_072424_00.CSV,FF30 sec timeout
373.0,FED001_072424_00.CSV,FF30 sec timeout
45.0,FED001_072424_00.CSV,FF30 sec timeout
41.0,FED001_072424_00.CSV,FF30 sec timeout
41.0,FED001_072424_00.CSV,FF30 sec timeout
60.0,FED001_072424_00.CSV,FF30 sec timeout
6722.0,FED001_072424_00.CSV,FF30 sec timeout
495.0,FED005_072424_01.CSV,FF30 sec timeout
44.0,FED005_072424_01.CSV,FF30 sec timeout
174.0,FED005_072424_01.CSV,FF30 sec timeout
539.0,FED005_072424_01.CSV,FF30 sec timeout
5111.0,FED005_072424_01.CSV,FF30 sec timeout
1761.0,FED005_072424_01.CSV,FF30 sec timeout
38.0,FED005_072424_01.CSV,FF30 sec timeout
37.0,FED005_072424_01.CSV,FF30 sec timeout
39.0,FED005_072424_01.CSV,FF30 sec timeout
182.0,FED005_072424_01.CSV,FF30 sec timeout
63.0,FED005_072424_01.CSV,FF30 sec timeout
36.0,FED005_072424_01.CSV,FF30 sec timeout
1740.0,FED005_072424_01.CSV,FF30 sec timeout
1186.0,FED005_072424_01.CSV,FF30 sec timeout
39.0,FED005_072424_01.CSV,FF30 sec timeout
32.0,FED005_072424_01.CSV,FF30 sec timeout
39.0,FED005_072424_01.CSV,FF30 sec timeout
40.0,FED005_072424_01.CSV,FF30 sec timeout
58.0,FED005_072424_01.CSV,FF30 sec timeout
38.0,FED005_072424_01.CSV,FF30 sec timeout
1270.0,FED005_072424_01.CSV,FF30 sec timeout
1136.0,FED005_072424_01.CSV,FF30 sec timeout
312.0,FED005_072424_01.CSV,FF30 sec timeout
39.0,FED005_072424_01.CSV,FF30 sec timeout
50.0,FED005_072424_01.CSV,FF30 sec timeout
39.0,FED005_072424_01.CSV,FF30 sec timeout
771.0,FED005_072424_01.CSV,FF30 sec timeout
511.0,FED005_072424_01.CSV,FF30 sec timeout
44.0,FED005_072424_01.CSV,FF30 sec timeout
38.0,FED005_072424_01.CSV,FF30 sec timeout
38.0,FED005_072424_01.CSV,FF30 sec timeout
43.0,FED005_072424_01.CSV,FF30 sec timeout
755.0,FED005_072424_01.CSV,FF30 sec timeout
45.0,FED005_072424_01.CSV,FF30 sec timeout
38.0,FED005_072424_01.CSV,FF30 sec timeout
404.0,FED005_072424_01.CSV,FF30 sec timeout
43.0,FED005_072424_01.CSV,FF30 sec timeout
38.0,FED005_072424_01.CSV,FF30 sec timeout
41.0,FED005_072424_01.CSV,FF30 sec timeout
372.0,FED005_072424_01.CSV,FF30 sec timeout
455.0,FED005_072424_01.CSV,FF30 sec timeout
40.0,FED005_072424_01.CSV,FF30 sec timeout
39.0,FED005_072424_01.CSV,FF30 sec timeout
41.0,FED005_072424_01.CSV,FF30 sec timeout
77.0,FED005_072424_01.CSV,FF30 sec timeout
58.0,FED005_072424_01.CSV,FF30 sec timeout
40.0,FED005_072424_01.CSV,FF30 sec timeout
130.0,FED005_072424_01.CSV,FF30 sec timeout
549.0,FED005_072424_01.CSV,FF30 sec timeout
34.0,FED005_072424_01.CSV,FF30 sec timeout
35.0,FED005_072424_01.CSV,FF30 sec timeout
41.0,FED005_072424_01.CSV,FF30 sec timeout
48.0,FED005_072424_01.CSV,FF30 sec timeout
515.0,FED005_072424_01.CSV,FF30 sec timeout
38.0,FED005_072424_01.CSV,FF30 sec timeout
602.0,FED005_072424_01.CSV,FF30 sec timeout
37.0,FED005_072424_01.CSV,FF30 sec timeout
38.0,FED005_072424_01.CSV,FF30 sec timeout
37.0,FED005_072424_01.CSV,FF30 sec timeout
37.0,FED005_072424_01.CSV,FF30 sec timeout
39.0,FED005_072424_01.CSV,FF30 sec timeout
39.0,FED005_072424_01.CSV,FF30 sec timeout
101.0,FED005_072424_01.CSV,FF30 sec timeout
60.0,FED005_072424_01.CSV,FF30 sec timeout
239.0,FED005_072424_01.CSV,FF30 sec timeout
448.0,FED005_072424_01.CSV,FF30 sec timeout
38.0,FED005_072424_01.CSV,FF30 sec timeout
50.0,FED005_072424_01.CSV,FF30 sec timeout
45.0,FED005_072424_01.CSV,FF30 sec timeout
76.0,FED005_072424_01.CSV,FF30 sec timeout
126.0,FED005_072424_01.CSV,FF30 sec timeout
120.0,FED005_072424_01.CSV,FF30 sec timeout
353.0,FED005_072424_01.CSV,FF30 sec timeout
475.0,FED005_072424_01.CSV,FF30 sec timeout
37.0,FED005_072424_01.CSV,FF30 sec timeout
37.0,FED005_072424_01.CSV,FF30 sec timeout
793.0,FED005_072424_01.CSV,FF30 sec timeout
78.0,FED005_072424_01.CSV,FF30 sec timeout
60.0,FED005_072424_01.CSV,FF30 sec timeout
80.0,FED005_072424_01.CSV,FF30 sec timeout
52.0,FED005_072424_01.CSV,FF30 sec timeout
503.0,FED005_072424_01.CSV,FF30 sec timeout
38.0,FED005_072424_01.CSV,FF30 sec timeout
42.0,FED005_072424_01.CSV,FF30 sec timeout
296.0,FED005_072424_01.CSV,FF30 sec timeout
39.0,FED005_072424_01.CSV,FF30 sec timeout
509.0,FED005_072424_01.CSV,FF30 sec timeout
103.0,FED005_072424_01.CSV,FF30 sec timeout
850.0,FED005_072424_01.CSV,FF30 sec timeout
42.0,FED005_072424_01.CSV,FF30 sec timeout
614.0,FED005_072424_01.CSV,FF30 sec timeout
38.0,FED005_072424_01.CSV,FF30 sec timeout
36.0,FED005_072424_01.CSV,FF30 sec timeout
38.0,FED005_072424_01.CSV,FF30 sec timeout
959.0,FED005_072424_01.CSV,FF30 sec timeout
38.0,FED005_072424_01.CSV,FF30 sec timeout
40.0,FED005_072424_01.CSV,FF30 sec timeout
46.0,FED005_072424_01.CSV,FF30 sec timeout
726.0,FED005_072424_01.CSV,FF30 sec timeout
58.0,FED005_072424_01.CSV,FF30 sec timeout
37.0,FED005_072424_01.CSV,FF30 sec timeout
466.0,FED005_072424_01.CSV,FF30 sec timeout
38.0,FED005_072424_01.CSV,FF30 sec timeout
38.0,FED005_072424_01.CSV,FF30 sec timeout
879.0,FED005_072424_01.CSV,FF30 sec timeout
41.0,FED005_072424_01.CSV,FF30 sec timeout
50.0,FED005_072424_01.CSV,FF30 sec timeout
475.0,FED005_072424_01.CSV,FF30 sec timeout
43.0,FED005_072424_01.CSV,FF30 sec timeout
796.0,FED005_072424_01.CSV,FF30 sec timeout
51.0,FED005_072424_01.CSV,FF30 sec timeout
634.0,FED005_072424_01.CSV,FF30 sec timeout
217.0,FED005_072424_01.CSV,FF30 sec timeout
571.0,FED005_072424_01.CSV,FF30 sec timeout
41.0,FED005_072424_01.CSV,FF30 sec timeout
44.0,FED005_072424_01.CSV,FF30 sec timeout
41.0,FED005_072424_01.CSV,FF30 sec timeout
41.0,FED005_072424_01.CSV,FF30 sec timeout
1010.0,FED005_072424_01.CSV,FF30 sec timeout
545.0,FED005_072424_01.CSV,FF30 sec timeout
494.0,FED005_072424_01.CSV,FF30 sec timeout
48.0,FED005_072424_01.CSV,FF30 sec timeout
165.0,FED005_072424_01.CSV,FF30 sec timeout
63.0,FED005_072424_01.CSV,FF30 sec timeout
42.0,FED005_072424_01.CSV,FF30 sec timeout
107.0,FED005_072424_01.CSV,FF30 sec timeout
74.0,FED005_072424_01.CSV,FF30 sec timeout
176.0,FED005_072424_01.CSV,FF30 sec timeout
182.0,FED005_072424_01.CSV,FF30 sec timeout
592.0,FED005_072424_01.CSV,FF30 sec timeout
208.0,FED005_072424_01.CSV,FF30 sec timeout
339.0,FED005_072424_01.CSV,FF30 sec timeout
98.0,FED005_072424_01.CSV,FF30 sec timeout
202.0,FED005_072424_01.CSV,FF30 sec timeout
186.0,FED005_072424_01.CSV,FF30 sec timeout
146.0,FED005_072424_01.CSV,FF30 sec timeout
499.0,FED005_072424_01.CSV,FF30 sec timeout
606.0,FED005_072424_01.CSV,FF30 sec timeout
39.0,FED005_072424_01.CSV,FF30 sec timeout
37.0,FED005_072424_01.CSV,FF30 sec timeout
43.0,FED005_072424_01.CSV,FF30 sec timeout
2572.0,FED005_072424_01.CSV,FF30 sec timeout
2168.0,FED005_072424_01.CSV,FF30 sec timeout
417.0,FED005_072424_01.CSV,FF30 sec timeout
39.0,FED005_072424_01.CSV,FF30 sec timeout
37.0,FED005_072424_01.CSV,FF30 sec timeout
81.0,FED005_072424_01.CSV,FF30 sec timeout
66.0,FED005_072424_01.CSV,FF30 sec timeout
41.0,FED005_072424_01.CSV,FF30 sec timeout
974.0,FED005_072424_01.CSV,FF30 sec timeout
49.0,FED005_072424_01.CSV,FF30 sec timeout
38.0,FED005_072424_01.CSV,FF30 sec timeout
669.0,FED005_072424_01.CSV,FF30 sec timeout
53.0,FED005_072424_01.CSV,FF30 sec timeout
387.0,FED005_072424_01.CSV,FF30 sec timeout
353.0,FED005_072424_01.CSV,FF30 sec timeout
40.0,FED005_072424_01.CSV,FF30 sec timeout
62.0,FED005_072424_01.CSV,FF30 sec timeout
55.0,FED005_072424_01.CSV,FF30 sec timeout
85.0,FED005_072424_01.CSV,FF30 sec timeout
135.0,FED005_072424_01.CSV,FF30 sec timeout
467.0,FED005_072424_01.CSV,FF30 sec timeout
42.0,FED005_072424_01.CSV,FF30 sec timeout
41.0,FED005_072424_01.CSV,FF30 sec timeout
384.0,FED005_072424_01.CSV,FF30 sec timeout
944.0,FED005_072424_01.CSV,FF30 sec timeout
37.0,FED005_072424_01.CSV,FF30 sec timeout
39.0,FED005_072424_01.CSV,FF30 sec timeout
44.0,FED005_072424_01.CSV,FF30 sec timeout
805.0,FED005_072424_01.CSV,FF30 sec timeout
1513.0,FED005_072424_01.CSV,FF30 sec timeout
562.0,FED005_072424_01.CSV,FF30 sec timeout
930.0,FED005_072424_01.CSV,FF30 sec timeout
1774.0,FED005_072424_01.CSV,FF30 sec timeout
39.0,FED005_072424_01.CSV,FF30 sec timeout
39.0,FED005_072424_01.CSV,FF30 sec timeout
38.0,FED005_072424_01.CSV,FF30 sec timeout
42.0,FED005_072424_01.CSV,FF30 sec timeout
38.0,FED005_072424_01.CSV,FF30 sec timeout
565.0,FED005_072424_01.CSV,FF30 sec timeout
39.0,FED005_072424_01.CSV,FF30 sec timeout
48.0,FED005_072424_01.CSV,FF30 sec timeout
38.0,FED005_072424_01.CSV,FF30 sec timeout
38.0,FED005_072424_01.CSV,FF30 sec timeout
46.0,FED005_072424_01.CSV,FF30 sec timeout
592.0,FED005_072424_01.CSV,FF30 sec timeout
167.0,FED005_072424_01.CSV,FF30 sec timeout
187.0,FED005_072424_01.CSV,FF30 sec timeout
220.0,FED005_072424_01.CSV,FF30 sec timeout
377.0,FED005_072424_01.CSV,FF30 sec timeout
125.0,FED005_072424_01.CSV,FF30 sec timeout
397.0,FED005_072424_01.CSV,FF30 sec timeout
521.0,FED005_072424_01.CSV,FF30 sec timeout
1283.0,FED005_072424_01.CSV,FF30 sec timeout
39.0,FED005_072424_01.CSV,FF30 sec timeout
7700.0,FED005_072424_01.CSV,FF30 sec timeout
6303.0,FED005_072424_01.CSV,FF30 sec timeout
38.0,FED005_072424_01.CSV,FF30 sec timeout
40.0,FED005_072424_01.CSV,FF30 sec timeout
204.0,FED005_072424_01.CSV,FF30 sec timeout
814.0,FED005_072424_01.CSV,FF30 sec timeout
5309.0,FED005_072424_01.CSV,FF30 sec timeout
42.0,FED005_072424_01.CSV,FF30 sec timeout
37.0,FED005_072424_01.CSV,FF30 sec timeout
40.0,FED005_072424_01.CSV,FF30 sec timeout
3362.0,FED005_072424_01.CSV,FF30 sec timeout
38.0,FED005_072424_01.CSV,FF30 sec timeout
40.0,FED005_072424_01.CSV,FF30 sec timeout
43.0,FED005_072424_01.CSV,FF30 sec timeout
3234.0,FED005_072424_01.CSV,FF30 sec timeout
2021.0,FED005_072424_01.CSV,FF30 sec timeout
38.0,FED005_072424_01.CSV,FF30 sec timeout
37.0,FED005_072424_01.CSV,FF30 sec timeout
39.0,FED005_072424_01.CSV,FF30 sec timeout
4344.0,FED005_072424_01.CSV,FF30 sec timeout
37.0,FED005_072424_01.CSV,FF30 sec timeout
40.0,FED005_072424_01.CSV,FF30 sec timeout
37.0,FED005_072424_01.CSV,FF30 sec timeout
40.0,FED005_072424_01.CSV,FF30 sec timeout
3801.0,FED005_072424_01.CSV,FF30 sec timeout
140.0,FED005_072424_01.CSV,FF30 sec timeout
37.0,FED005_072424_01.CSV,FF30 sec timeout
38.0,FED005_072424_01.CSV,FF30 sec timeout
37.0,FED005_072424_01.CSV,FF30 sec timeout
1196.0,FED005_072424_01.CSV,FF30 sec timeout
47.0,FED005_072424_01.CSV,FF30 sec timeout
830.0,FED005_072424_01.CSV,FF30 sec timeout
63.0,FED005_072424_01.CSV,FF30 sec timeout
681.0,FED005_072424_01.CSV,FF30 sec timeout
37.0,FED005_072424_01.CSV,FF30 sec timeout
38.0,FED005_072424_01.CSV,FF30 sec timeout
1289.0,FED005_072424_01.CSV,FF30 sec timeout
37.0,FED005_072424_01.CSV,FF30 sec timeout
37.0,FED005_072424_01.CSV,FF30 sec timeout
38.0,FED005_072424_01.CSV,FF30 sec timeout
38.0,FED005_072424_01.CSV,FF30 sec timeout
714.0,FED005_072424_01.CSV,FF30 sec timeout
272.0,FED005_072424_01.CSV,FF30 sec timeout
38.0,FED005_072424_01.CSV,FF30 sec timeout
37.0,FED005_072424_01.CSV,FF30 sec timeout
51.0,FED005_072424_01.CSV,FF30 sec timeout
39.0,FED005_072424_01.CSV,FF30 sec timeout
840.0,FED005_072424_01.CSV,FF30 sec timeout
213.0,FED005_072424_01.CSV,FF30 sec timeout
171.0,FED005_072424_01.CSV,FF30 sec timeout
267.0,FED005_072424_01.CSV,FF30 sec timeout
194.0,FED005_072424_01.CSV,FF30 sec timeout
42.0,FED005_072424_01.CSV,FF30 sec timeout
51.0,FED005_072424_01.CSV,FF30 sec timeout
262.0,FED005_072424_01.CSV,FF30 sec timeout
93.0,FED005_072424_01.CSV,FF30 sec timeout
194.0,FED005_072424_01.CSV,FF30 sec timeout
370.0,FED005_072424_01.CSV,FF30 sec timeout
39.0,FED005_072424_01.CSV,FF30 sec timeout
40.0,FED005_072424_01.CSV,FF30 sec timeout
39.0,FED005_072424_01.CSV,FF30 sec timeout
57.0,FED005_072424_01.CSV,FF30 sec timeout
40.0,FED005_072424_01.CSV,FF30 sec timeout
217.0,FED005_072424_01.CSV,FF30 sec timeout
233.0,FED005_072424_01.CSV,FF30 sec timeout
137.0,FED005_072424_01.CSV,FF30 sec timeout
347.0,FED005_072424_01.CSV,FF30 sec timeout
99.0,FED005_072424_01.CSV,FF30 sec timeout
228.0,FED005_072424_01.CSV,FF30 sec timeout
114.0,FED005_072424_01.CSV,FF30 sec timeout
59.0,FED005_072424_01.CSV,FF30 sec timeout
58.0,FED005_072424_01.CSV,FF30 sec timeout
91.0,FED005_072424_01.CSV,FF30 sec timeout
44.0,FED005_072424_01.CSV,FF30 sec timeout
159.0,FED005_072424_01.CSV,FF30 sec timeout
40.0,FED005_072424_01.CSV,FF30 sec timeout
39.0,FED005_072424_01.CSV,FF30 sec timeout
204.0,FED005_072424_01.CSV,FF30 sec timeout
92.0,FED005_072424_01.CSV,FF30 sec timeout
203.0,FED005_072424_01.CSV,FF30 sec timeout
202.0,FED005_072424_01.CSV,FF30 sec timeout
59.0,FED005_072424_01.CSV,FF30 sec timeout
39.0,FED005_072424_01.CSV,FF30 sec timeout
463.0,FED005_072424_01.CSV,FF30 sec timeout
41.0,FED005_072424_01.CSV,FF30 sec timeout
248.0,FED005_072424_01.CSV,FF30 sec timeout
49.0,FED005_072424_01.CSV,FF30 sec timeout
866.0,FED005_072424_01.CSV,FF30 sec timeout
42.0,FED005_072424_01.CSV,FF30 sec timeout
47.0,FED005_072424_01.CSV,FF30 sec timeout
40.0,FED005_072424_01.CSV,FF30 sec timeout
773.0,FED005_072424_01.CSV,FF30 sec timeout
211.0,FED005_072424_01.CSV,FF30 sec timeout
38.0,FED005_072424_01.CSV,FF30 sec timeout
1064.0,FED005_072424_01.CSV,FF30 sec timeout
37.0,FED005_072424_01.CSV,FF30 sec timeout
39.0,FED005_072424_01.CSV,FF30 sec timeout
37.0,FED005_072424_01.CSV,FF30 sec timeout
805.0,FED005_072424_01.CSV,FF30 sec timeout
38.0,FED005_072424_01.CSV,FF30 sec timeout
41.0,FED005_072424_01.CSV,FF30 sec timeout
856.0,FED005_072424_01.CSV,FF30 sec timeout
53.0,FED005_072424_01.CSV,FF30 sec timeout
348.0,FED005_072424_01.CSV,FF30 sec timeout
1093.0,FED005_072424_01.CSV,FF30 sec timeout
44.0,FED005_072424_01.CSV,FF30 sec timeout
39.0,FED005_072424_01.CSV,FF30 sec timeout
41.0,FED005_072424_01.CSV,FF30 sec timeout
76.0,FED005_072424_01.CSV,FF30 sec timeout
61.0,FED005_072424_01.CSV,FF30 sec timeout
298.0,FED005_072424_01.CSV,FF30 sec timeout
66.0,FED005_072424_01.CSV,FF30 sec timeout
991.0,FED005_072424_01.CSV,FF30 sec timeout
48.0,FED005_072424_01.CSV,FF30 sec timeout
252.0,FED005_072424_01.CSV,FF30 sec timeout
1139.0,FED005_072424_01.CSV,FF30 sec timeout
231.0,FED005_072424_01.CSV,FF30 sec timeout
37.0,FED005_072424_01.CSV,FF30 sec timeout
37.0,FED005_072424_01.CSV,FF30 sec timeout
38.0,FED005_072424_01.CSV,FF30 sec timeout
41.0,FED005_072424_01.CSV,FF30 sec timeout
38.0,FED005_072424_01.CSV,FF30 sec timeout
356.0,FED005_072424_01.CSV,FF30 sec timeout
612.0,FED005_072424_01.CSV,FF30 sec timeout
125.0,FED005_072424_01.CSV,FF30 sec timeout
169.0,FED005_072424_01.CSV,FF30 sec timeout
252.0,FED005_072424_01.CSV,FF30 sec timeout
1539.0,FED005_072424_01.CSV,FF30 sec timeout
37.0,FED005_072424_01.CSV,FF30 sec timeout
40.0,FED005_072424_01.CSV,FF30 sec timeout
40.0,FED005_072424_01.CSV,FF30 sec timeout
286.0,FED005_072424_01.CSV,FF30 sec timeout
1306.0,FED005_072424_01.CSV,FF30 sec timeout
69.0,FED005_072424_01.CSV,FF30 sec timeout
509.0,FED005_072424_01.CSV,FF30 sec timeout
498.0,FED005_072424_01.CSV,FF30 sec timeout
304.0,FED005_072424_01.CSV,FF30 sec timeout
1038.0,FED005_072424_01.CSV,FF30 sec timeout
486.0,FED005_072424_01.CSV,FF30 sec timeout
39.0,FED005_072424_01.CSV,FF30 sec timeout
37.0,FED005_072424_01.CSV,FF30 sec timeout
513.0,FED005_072424_01.CSV,FF30 sec timeout
37.0,FED005_072424_01.CSV,FF30 sec timeout
40.0,FED005_072424_01.CSV,FF30 sec timeout
235.0,FED005_072424_01.CSV,FF30 sec timeout
67.0,FED005_072424_01.CSV,FF30 sec timeout
336.0,FED005_072424_01.CSV,FF30 sec timeout
1006.0,FED005_072424_01.CSV,FF30 sec timeout
2063.0,FED005_072424_01.CSV,FF30 sec timeout
37.0,FED005_072424_01.CSV,FF30 sec timeout
39.0,FED005_072424_01.CSV,FF30 sec timeout
38.0,FED005_072424_01.CSV,FF30 sec timeout
76.0,FED005_072424_01.CSV,FF30 sec timeout
677.0,FED005_072424_01.CSV,FF30 sec timeout
629.0,FED005_072424_01.CSV,FF30 sec timeout
455.0,FED005_072424_01.CSV,FF30 sec timeout
37.0,FED005_072424_01.CSV,FF30 sec timeout
38.0,FED005_072424_01.CSV,FF30 sec timeout
37.0,FED005_072424_01.CSV,FF30 sec timeout
1007.0,FED005_072424_01.CSV,FF30 sec timeout
537.0,FED005_072424_01.CSV,FF30 sec timeout
921.0,FED005_072424_01.CSV,FF30 sec timeout
100.0,FED005_072424_01.CSV,FF30 sec timeout
39.0,FED005_072424_01.CSV,FF30 sec timeout
36.0,FED005_072424_01.CSV,FF30 sec timeout
39.0,FED005_072424_01.CSV,FF30 sec timeout
38.0,FED005_072424_01.CSV,FF30 sec timeout
45.0,FED005_072424_01.CSV,FF30 sec timeout
1087.0,FED005_072424_01.CSV,FF30 sec timeout
81.0,FED005_072424_01.CSV,FF30 sec timeout
37.0,FED005_072424_01.CSV,FF30 sec timeout
38.0,FED005_072424_01.CSV,FF30 sec timeout
993.0,FED005_072424_01.CSV,FF30 sec timeout
41.0,FED005_072424_01.CSV,FF30 sec timeout
40.0,FED005_072424_01.CSV,FF30 sec timeout
40.0,FED005_072424_01.CSV,FF30 sec timeout
37.0,FED005_072424_01.CSV,FF30 sec timeout
661.0,FED005_072424_01.CSV,FF30 sec timeout
65.0,FED005_072424_01.CSV,FF30 sec timeout
1946.0,FED005_072424_01.CSV,FF30 sec timeout
1023.0,FED005_072424_01.CSV,FF30 sec timeout
285.0,FED005_072424_01.CSV,FF30 sec timeout
336.0,FED005_072424_01.CSV,FF30 sec timeout
45.0,FED005_072424_01.CSV,FF30 sec timeout
37.0,FED005_072424_01.CSV,FF30 sec timeout
37.0,FED005_072424_01.CSV,FF30 sec timeout
39.0,FED005_072424_01.CSV,FF30 sec timeout
58.0,FED005_072424_01.CSV,FF30 sec timeout
44.0,FED005_072424_01.CSV,FF30 sec timeout
283.0,FED005_072424_01.CSV,FF30 sec timeout
370.0,FED005_072424_01.CSV,FF30 sec timeout
44.0,FED005_072424_01.CSV,FF30 sec timeout
328.0,FED005_072424_01.CSV,FF30 sec timeout
38.0,FED005_072424_01.CSV,FF30 sec timeout
6558.0,FED005_072424_01.CSV,FF30 sec timeout
35.0,FED005_072424_01.CSV,FF30 sec timeout
6446.0,FED005_072424_01.CSV,FF30 sec timeout
475.0,FED005_072424_01.CSV,FF30 sec timeout
49.0,FED005_072424_01.CSV,FF30 sec timeout
4482.0,FED005_072424_01.CSV,FF30 sec timeout
1392.0,FED004_072424_00.CSV,FF30 sec timeout
3626.0,FED004_072424_00.CSV,FF30 sec timeout
85.0,FED004_072424_00.CSV,FF30 sec timeout
7387.0,FED004_072424_00.CSV,FF30 sec timeout
65.0,FED004_072424_00.CSV,FF30 sec timeout
35.0,FED004_072424_00.CSV,FF30 sec timeout
39.0,FED004_072424_00.CSV,FF30 sec timeout
39.0,FED004_072424_00.CSV,FF30 sec timeout
37.0,FED004_072424_00.CSV,FF30 sec timeout
46.0,FED004_072424_00.CSV,FF30 sec timeout
3757.0,FED004_072424_00.CSV,FF30 sec timeout
37.0,FED004_072424_00.CSV,FF30 sec timeout
38.0,FED004_072424_00.CSV,FF30 sec timeout
37.0,FED004_072424_00.CSV,FF30 sec timeout
41.0,FED004_072424_00.CSV,FF30 sec timeout
37.0,FED004_072424_00.CSV,FF30 sec timeout
37.0,FED004_072424_00.CSV,FF30 sec timeout
38.0,FED004_072424_00.CSV,FF30 sec timeout
38.0,FED004_072424_00.CSV,FF30 sec timeout
54.0,FED004_072424_00.CSV,FF30 sec timeout
2566.0,FED004_072424_00.CSV,FF30 sec timeout
37.0,FED004_072424_00.CSV,FF30 sec timeout
38.0,FED004_072424_00.CSV,FF30 sec timeout
942.0,FED004_072424_00.CSV,FF30 sec timeout
37.0,FED004_072424_00.CSV,FF30 sec timeout
38.0,FED004_072424_00.CSV,FF30 sec timeout
44.0,FED004_072424_00.CSV,FF30 sec timeout
329.0,FED004_072424_00.CSV,FF30 sec timeout
38.0,FED004_072424_00.CSV,FF30 sec timeout
1236.0,FED004_072424_00.CSV,FF30 sec timeout
37.0,FED004_072424_00.CSV,FF30 sec timeout
35.0,FED004_072424_00.CSV,FF30 sec timeout
37.0,FED004_072424_00.CSV,FF30 sec timeout
38.0,FED004_072424_00.CSV,FF30 sec timeout
37.0,FED004_072424_00.CSV,FF30 sec timeout
42.0,FED004_072424_00.CSV,FF30 sec timeout
48.0,FED004_072424_00.CSV,FF30 sec timeout
37.0,FED004_072424_00.CSV,FF30 sec timeout
38.0,FED004_072424_00.CSV,FF30 sec timeout
53.0,FED004_072424_00.CSV,FF30 sec timeout
38.0,FED004_072424_00.CSV,FF30 sec timeout
1903.0,FED004_072424_00.CSV,FF30 sec timeout
38.0,FED004_072424_00.CSV,FF30 sec timeout
32.0,FED004_072424_00.CSV,FF30 sec timeout
39.0,FED004_072424_00.CSV,FF30 sec timeout
37.0,FED004_072424_00.CSV,FF30 sec timeout
49.0,FED004_072424_00.CSV,FF30 sec timeout
43.0,FED004_072424_00.CSV,FF30 sec timeout
47.0,FED004_072424_00.CSV,FF30 sec timeout
47.0,FED004_072424_00.CSV,FF30 sec timeout
572.0,FED004_072424_00.CSV,FF30 sec timeout
60.0,FED004_072424_00.CSV,FF30 sec timeout
38.0,FED004_072424_00.CSV,FF30 sec timeout
37.0,FED004_072424_00.CSV,FF30 sec timeout
39.0,FED004_072424_00.CSV,FF30 sec timeout
565.0,FED004_072424_00.CSV,FF30 sec timeout
67.0,FED004_072424_00.CSV,FF30 sec timeout
39.0,FED004_072424_00.CSV,FF30 sec timeout
38.0,FED004_072424_00.CSV,FF30 sec timeout
37.0,FED004_072424_00.CSV,FF30 sec timeout
1567.0,FED004_072424_00.CSV,FF30 sec timeout
37.0,FED004_072424_00.CSV,FF30 sec timeout
37.0,FED004_072424_00.CSV,FF30 sec timeout
37.0,FED004_072424_00.CSV,FF30 sec timeout
37.0,FED004_072424_00.CSV,FF30 sec timeout
37.0,FED004_072424_00.CSV,FF30 sec timeout
37.0,FED004_072424_00.CSV,FF30 sec timeout
41.0,FED004_072424_00.CSV,FF30 sec timeout
39.0,FED004_072424_00.CSV,FF30 sec timeout
2595.0,FED004_072424_00.CSV,FF30 sec timeout
38.0,FED004_072424_00.CSV,FF30 sec timeout
37.0,FED004_072424_00.CSV,FF30 sec timeout
37.0,FED004_072424_00.CSV,FF30 sec timeout
39.0,FED004_072424_00.CSV,FF30 sec timeout
37.0,FED004_072424_00.CSV,FF30 sec timeout
37.0,FED004_072424_00.CSV,FF30 sec timeout
641.0,FED004_072424_00.CSV,FF30 sec timeout
52.0,FED004_072424_00.CSV,FF30 sec timeout
38.0,FED004_072424_00.CSV,FF30 sec timeout
439.0,FED004_072424_00.CSV,FF30 sec timeout
37.0,FED004_072424_00.CSV,FF30 sec timeout
37.0,FED004_072424_00.CSV,FF30 sec timeout
38.0,FED004_072424_00.CSV,FF30 sec timeout
37.0,FED004_072424_00.CSV,FF30 sec timeout
43.0,FED004_072424_00.CSV,FF30 sec timeout
37.0,FED004_072424_00.CSV,FF30 sec timeout
61.0,FED004_072424_00.CSV,FF30 sec timeout
45.0,FED004_072424_00.CSV,FF30 sec timeout
46.0,FED004_072424_00.CSV,FF30 sec timeout
38.0,FED004_072424_00.CSV,FF30 sec timeout
161.0,FED004_072424_00.CSV,FF30 sec timeout
39.0,FED004_072424_00.CSV,FF30 sec timeout
2943.0,FED004_072424_00.CSV,FF30 sec timeout
37.0,FED004_072424_00.CSV,FF30 sec timeout
58.0,FED004_072424_00.CSV,FF30 sec timeout
38.0,FED004_072424_00.CSV,FF30 sec timeout
38.0,FED004_072424_00.CSV,FF30 sec timeout
37.0,FED004_072424_00.CSV,FF30 sec timeout
39.0,FED004_072424_00.CSV,FF30 sec timeout
45.0,FED004_072424_00.CSV,FF30 sec timeout
80.0,FED004_072424_00.CSV,FF30 sec timeout
2486.0,FED004_072424_00.CSV,FF30 sec timeout
37.0,FED004_072424_00.CSV,FF30 sec timeout
38.0,FED004_072424_00.CSV,FF30 sec timeout
40.0,FED004_072424_00.CSV,FF30 sec timeout
37.0,FED004_072424_00.CSV,FF30 sec timeout
37.0,FED004_072424_00.CSV,FF30 sec timeout
57.0,FED004_072424_00.CSV,FF30 sec timeout
37.0,FED004_072424_00.CSV,FF30 sec timeout
44.0,FED004_072424_00.CSV,FF30 sec timeout
1006.0,FED004_072424_00.CSV,FF30 sec timeout
40.0,FED004_072424_00.CSV,FF30 sec timeout
46.0,FED004_072424_00.CSV,FF30 sec timeout
36.0,FED004_072424_00.CSV,FF30 sec timeout
37.0,FED004_072424_00.CSV,FF30 sec timeout
54.0,FED004_072424_00.CSV,FF30 sec timeout
36.0,FED004_072424_00.CSV,FF30 sec timeout
46.0,FED004_072424_00.CSV,FF30 sec timeout
42.0,FED004_072424_00.CSV,FF30 sec timeout
43.0,FED004_072424_00.CSV,FF30 sec timeout
37.0,FED004_072424_00.CSV,FF30 sec timeout
38.0,FED004_072424_00.CSV,FF30 sec timeout
933.0,FED004_072424_00.CSV,FF30 sec timeout
37.0,FED004_072424_00.CSV,FF30 sec timeout
37.0,FED004_072424_00.CSV,FF30 sec timeout
38.0,FED004_072424_00.CSV,FF30 sec timeout
43.0,FED004_072424_00.CSV,FF30 sec timeout
41.0,FED004_072424_00.CSV,FF30 sec timeout
52.0,FED004_072424_00.CSV,FF30 sec timeout
395.0,FED004_072424_00.CSV,FF30 sec timeout
37.0,FED004_072424_00.CSV,FF30 sec timeout
573.0,FED004_072424_00.CSV,FF30 sec timeout
38.0,FED004_072424_00.CSV,FF30 sec timeout
40.0,FED004_072424_00.CSV,FF30 sec timeout
52.0,FED004_072424_00.CSV,FF30 sec timeout
204.0,FED004_072424_00.CSV,FF30 sec timeout
68.0,FED004_072424_00.CSV,FF30 sec timeout
43.0,FED004_072424_00.CSV,FF30 sec timeout
41.0,FED004_072424_00.CSV,FF30 sec timeout
663.0,FED004_072424_00.CSV,FF30 sec timeout
118.0,FED004_072424_00.CSV,FF30 sec timeout
7406.0,FED004_072424_00.CSV,FF30 sec timeout
1618.0,FED004_072424_00.CSV,FF30 sec timeout
38.0,FED004_072424_00.CSV,FF30 sec timeout
37.0,FED004_072424_00.CSV,FF30 sec timeout
40.0,FED004_072424_00.CSV,FF30 sec timeout
463.0,FED004_072424_00.CSV,FF30 sec timeout
470.0,FED004_072424_00.CSV,FF30 sec timeout
41.0,FED004_072424_00.CSV,FF30 sec timeout
38.0,FED004_072424_00.CSV,FF30 sec timeout
201.0,FED004_072424_00.CSV,FF30 sec timeout
44.0,FED004_072424_00.CSV,FF30 sec timeout
39.0,FED004_072424_00.CSV,FF30 sec timeout
1104.0,FED004_072424_00.CSV,FF30 sec timeout
40.0,FED004_072424_00.CSV,FF30 sec timeout
40.0,FED004_072424_00.CSV,FF30 sec timeout
78.0,FED004_072424_00.CSV,FF30 sec timeout
38.0,FED004_072424_00.CSV,FF30 sec timeout
38.0,FED004_072424_00.CSV,FF30 sec timeout
42.0,FED004_072424_00.CSV,FF30 sec timeout
42.0,FED004_072424_00.CSV,FF30 sec timeout
971.0,FED004_072424_00.CSV,FF30 sec timeout
51.0,FED004_072424_00.CSV,FF30 sec timeout
48.0,FED004_072424_00.CSV,FF30 sec timeout
37.0,FED004_072424_00.CSV,FF30 sec timeout
40.0,FED004_072424_00.CSV,FF30 sec timeout
1027.0,FED004_072424_00.CSV,FF30 sec timeout
38.0,FED004_072424_00.CSV,FF30 sec timeout
40.0,FED004_072424_00.CSV,FF30 sec timeout
669.0,FED004_072424_00.CSV,FF30 sec timeout
43.0,FED004_072424_00.CSV,FF30 sec timeout
37.0,FED004_072424_00.CSV,FF30 sec timeout
37.0,FED004_072424_00.CSV,FF30 sec timeout
43.0,FED004_072424_00.CSV,FF30 sec timeout
39.0,FED004_072424_00.CSV,FF30 sec timeout
1832.0,FED004_072424_00.CSV,FF30 sec timeout
40.0,FED004_072424_00.CSV,FF30 sec timeout
809.0,FED004_072424_00.CSV,FF30 sec timeout
57.0,FED004_072424_00.CSV,FF30 sec timeout
1509.0,FED004_072424_00.CSV,FF30 sec timeout
52.0,FED004_072424_00.CSV,FF30 sec timeout
37.0,FED004_072424_00.CSV,FF30 sec timeout
5971.0,FED004_072424_00.CSV,FF30 sec timeout
5659.0,FED004_072424_00.CSV,FF30 sec timeout
38.0,FED004_072424_00.CSV,FF30 sec timeout
37.0,FED004_072424_00.CSV,FF30 sec timeout
37.0,FED004_072424_00.CSV,FF30 sec timeout
37.0,FED004_072424_00.CSV,FF30 sec timeout
41.0,FED004_072424_00.CSV,FF30 sec timeout
42.0,FED004_072424_00.CSV,FF30 sec timeout
38.0,FED004_072424_00.CSV,FF30 sec timeout
77.0,FED004_072424_00.CSV,FF30 sec timeout
9755.0,FED004_072424_00.CSV,FF30 sec timeout
38.0,FED004_072424_00.CSV,FF30 sec timeout
150.0,FED004_072424_00.CSV,FF30 sec timeout
39.0,FED004_072424_00.CSV,FF30 sec timeout
175.0,FED004_072424_00.CSV,FF30 sec timeout
5063.0,FED004_072424_00.CSV,FF30 sec timeout
38.0,FED004_072424_00.CSV,FF30 sec timeout
39.0,FED004_072424_00.CSV,FF30 sec timeout
37.0,FED004_072424_00.CSV,FF30 sec timeout
37.0,FED004_072424_00.CSV,FF30 sec timeout
38.0,FED004_072424_00.CSV,FF30 sec timeout
44.0,FED004_072424_00.CSV,FF30 sec timeout
3873.0,FED004_072424_00.CSV,FF30 sec timeout
313.0,FED004_072424_00.CSV,FF30 sec timeout
40.0,FED004_072424_00.CSV,FF30 sec timeout
37.0,FED004_072424_00.CSV,FF30 sec timeout
37.0,FED004_072424_00.CSV,FF30 sec timeout
38.0,FED004_072424_00.CSV,FF30 sec timeout
37.0,FED004_072424_00.CSV,FF30 sec timeout
3360.0,FED004_072424_00.CSV,FF30 sec timeout
37.0,FED004_072424_00.CSV,FF30 sec timeout
37.0,FED004_072424_00.CSV,FF30 sec timeout
40.0,FED004_072424_00.CSV,FF30 sec timeout
39.0,FED004_072424_00.CSV,FF30 sec timeout
1995.0,FED004_072424_00.CSV,FF30 sec timeout
41.0,FED004_072424_00.CSV,FF30 sec timeout
38.0,FED004_072424_00.CSV,FF30 sec timeout
37.0,FED004_072424_00.CSV,FF30 sec timeout
38.0,FED004_072424_00.CSV,FF30 sec timeout
40.0,FED004_072424_00.CSV,FF30 sec timeout
38.0,FED004_072424_00.CSV,FF30 sec timeout
38.0,FED004_072424_00.CSV,FF30 sec timeout
2079.0,FED004_072424_00.CSV,FF30 sec timeout
41.0,FED004_072424_00.CSV,FF30 sec timeout
40.0,FED004_072424_00.CSV,FF30 sec timeout
38.0,FED004_072424_00.CSV,FF30 sec timeout
43.0,FED004_072424_00.CSV,FF30 sec timeout
52.0,FED004_072424_00.CSV,FF30 sec timeout
38.0,FED004_072424_00.CSV,FF30 sec timeout
41.0,FED004_072424_00.CSV,FF30 sec timeout
2097.0,FED004_072424_00.CSV,FF30 sec timeout
40.0,FED004_072424_00.CSV,FF30 sec timeout
37.0,FED004_072424_00.CSV,FF30 sec timeout
40.0,FED004_072424_00.CSV,FF30 sec timeout
447.0,FED004_072424_00.CSV,FF30 sec timeout
470.0,FED004_072424_00.CSV,FF30 sec timeout
38.0,FED004_072424_00.CSV,FF30 sec timeout
38.0,FED004_072424_00.CSV,FF30 sec timeout
53.0,FED004_072424_00.CSV,FF30 sec timeout
37.0,FED004_072424_00.CSV,FF30 sec timeout
1066.0,FED004_072424_00.CSV,FF30 sec timeout
39.0,FED004_072424_00.CSV,FF30 sec timeout
37.0,FED004_072424_00.CSV,FF30 sec timeout
43.0,FED004_072424_00.CSV,FF30 sec timeout
39.0,FED004_072424_00.CSV,FF30 sec timeout
45.0,FED004_072424_00.CSV,FF30 sec timeout
41.0,FED004_072424_00.CSV,FF30 sec timeout
52.0,FED004_072424_00.CSV,FF30 sec timeout
39.0,FED004_072424_00.CSV,FF30 sec timeout
1145.0,FED004_072424_00.CSV,FF30 sec timeout
47.0,FED004_072424_00.CSV,FF30 sec timeout
38.0,FED004_072424_00.CSV,FF30 sec timeout
37.0,FED004_072424_00.CSV,FF30 sec timeout
37.0,FED004_072424_00.CSV,FF30 sec timeout
48.0,FED004_072424_00.CSV,FF30 sec timeout
41.0,FED004_072424_00.CSV,FF30 sec timeout
37.0,FED004_072424_00.CSV,FF30 sec timeout
39.0,FED004_072424_00.CSV,FF30 sec timeout
39.0,FED004_072424_00.CSV,FF30 sec timeout
38.0,FED004_072424_00.CSV,FF30 sec timeout
38.0,FED004_072424_00.CSV,FF30 sec timeout
37.0,FED004_072424_00.CSV,FF30 sec timeout
2214.0,FED004_072424_00.CSV,FF30 sec timeout
37.0,FED004_072424_00.CSV,FF30 sec timeout
37.0,FED004_072424_00.CSV,FF30 sec timeout
37.0,FED004_072424_00.CSV,FF30 sec timeout
37.0,FED004_072424_00.CSV,FF30 sec timeout
39.0,FED004_072424_00.CSV,FF30 sec timeout
39.0,FED004_072424_00.CSV,FF30 sec timeout
70.0,FED004_072424_00.CSV,FF30 sec timeout
549.0,FED004_072424_00.CSV,FF30 sec timeout
345.0,FED004_072424_00.CSV,FF30 sec timeout
37.0,FED004_072424_00.CSV,FF30 sec timeout
40.0,FED004_072424_00.CSV,FF30 sec timeout
75.0,FED004_072424_00.CSV,FF30 sec timeout
314.0,FED004_072424_00.CSV,FF30 sec timeout
49.0,FED004_072424_00.CSV,FF30 sec timeout
662.0,FED004_072424_00.CSV,FF30 sec timeout
190.0,FED004_072424_00.CSV,FF30 sec timeout
48.0,FED004_072424_00.CSV,FF30 sec timeout
596.0,FED004_072424_00.CSV,FF30 sec timeout
39.0,FED004_072424_00.CSV,FF30 sec timeout
36.0,FED004_072424_00.CSV,FF30 sec timeout
38.0,FED004_072424_00.CSV,FF30 sec timeout
46.0,FED004_072424_00.CSV,FF30 sec timeout
60.0,FED004_072424_00.CSV,FF30 sec timeout
1209.0,FED004_072424_00.CSV,FF30 sec timeout
67.0,FED004_072424_00.CSV,FF30 sec timeout
51.0,FED004_072424_00.CSV,FF30 sec timeout
50.0,FED004_072424_00.CSV,FF30 sec timeout
41.0,FED004_072424_00.CSV,FF30 sec timeout
572.0,FED004_072424_00.CSV,FF30 sec timeout
277.0,FED004_072424_00.CSV,FF30 sec timeout
37.0,FED004_072424_00.CSV,FF30 sec timeout
42.0,FED004_072424_00.CSV,FF30 sec timeout
1113.0,FED004_072424_00.CSV,FF30 sec timeout
38.0,FED004_072424_00.CSV,FF30 sec timeout
38.0,FED004_072424_00.CSV,FF30 sec timeout
39.0,FED004_072424_00.CSV,FF30 sec timeout
45.0,FED004_072424_00.CSV,FF30 sec timeout
38.0,FED004_072424_00.CSV,FF30 sec timeout
39.0,FED004_072424_00.CSV,FF30 sec timeout
38.0,FED004_072424_00.CSV,FF30 sec timeout
1542.0,FED004_072424_00.CSV,FF30 sec timeout
45.0,FED004_072424_00.CSV,FF30 sec timeout
41.0,FED004_072424_00.CSV,FF30 sec timeout
39.0,FED004_072424_00.CSV,FF30 sec timeout
477.0,FED004_072424_00.CSV,FF30 sec timeout
930.0,FED004_072424_00.CSV,FF30 sec timeout
41.0,FED004_072424_00.CSV,FF30 sec timeout
38.0,FED004_072424_00.CSV,FF30 sec timeout
83.0,FED004_072424_00.CSV,FF30 sec timeout
387.0,FED004_072424_00.CSV,FF30 sec timeout
591.0,FED004_072424_00.CSV,FF30 sec timeout
74.0,FED004_072424_00.CSV,FF30 sec timeout
63.0,FED004_072424_00.CSV,FF30 sec timeout
437.0,FED004_072424_00.CSV,FF30 sec timeout
41.0,FED004_072424_00.CSV,FF30 sec timeout
50.0,FED004_072424_00.CSV,FF30 sec timeout
298.0,FED004_072424_00.CSV,FF30 sec timeout
4296.0,FED004_072424_00.CSV,FF30 sec timeout
38.0,FED004_072424_00.CSV,FF30 sec timeout
37.0,FED004_072424_00.CSV,FF30 sec timeout
37.0,FED004_072424_00.CSV,FF30 sec timeout
37.0,FED004_072424_00.CSV,FF30 sec timeout
37.0,FED004_072424_00.CSV,FF30 sec timeout
42.0,FED004_072424_00.CSV,FF30 sec timeout
37.0,FED004_072424_00.CSV,FF30 sec timeout
38.0,FED004_072424_00.CSV,FF30 sec timeout
3553.0,FED004_072424_00.CSV,FF30 sec timeout
38.0,FED004_072424_00.CSV,FF30 sec timeout
37.0,FED004_072424_00.CSV,FF30 sec timeout
37.0,FED004_072424_00.CSV,FF30 sec timeout
41.0,FED004_072424_00.CSV,FF30 sec timeout
37.0,FED004_072424_00.CSV,FF30 sec timeout
37.0,FED004_072424_00.CSV,FF30 sec timeout
38.0,FED004_072424_00.CSV,FF30 sec timeout
37.0,FED004_072424_00.CSV,FF30 sec timeout
37.0,FED004_072424_00.CSV,FF30 sec timeout
38.0,FED004_072424_00.CSV,FF30 sec timeout
91.0,FED004_072424_00.CSV,FF30 sec timeout
1012.0,FED004_072424_00.CSV,FF30 sec timeout
41.0,FED004_072424_00.CSV,FF30 sec timeout
380.0,FED004_072424_00.CSV,FF30 sec timeout
40.0,FED004_072424_00.CSV,FF30 sec timeout
37.0,FED004_072424_00.CSV,FF30 sec timeout
59.0,FED004_072424_00.CSV,FF30 sec timeout
45.0,FED004_072424_00.CSV,FF30 sec timeout
46.0,FED004_072424_00.CSV,FF30 sec timeout
95.0,FED004_072424_00.CSV,FF30 sec timeout
1033.0,FED004_072424_00.CSV,FF30 sec timeout
857.0,FED004_072424_00.CSV,FF30 sec timeout
184.0,FED004_072424_00.CSV,FF30 sec timeout
37.0,FED004_072424_00.CSV,FF30 sec timeout
56.0,FED004_072424_00.CSV,FF30 sec timeout
38.0,FED004_072424_00.CSV,FF30 sec timeout
43.0,FED004_072424_00.CSV,FF30 sec timeout
46.0,FED004_072424_00.CSV,FF30 sec timeout
406.0,FED004_072424_00.CSV,FF30 sec timeout
40.0,FED004_072424_00.CSV,FF30 sec timeout
48.0,FED004_072424_00.CSV,FF30 sec timeout
113.0,FED004_072424_00.CSV,FF30 sec timeout
37.0,FED004_072424_00.CSV,FF30 sec timeout
6227.0,FED004_072424_00.CSV,FF30 sec timeout
146.0,FED004_072424_00.CSV,FF30 sec timeout
595.0,FED004_072424_00.CSV,FF30 sec timeout
131.0,FED004_072424_00.CSV,FF30 sec timeout
37.0,FED004_072424_00.CSV,FF30 sec timeout
39.0,FED004_072424_00.CSV,FF30 sec timeout
528.0,FED004_072424_00.CSV,FF30 sec timeout
39.0,FED004_072424_00.CSV,FF30 sec timeout
53.0,FED004_072424_00.CSV,FF30 sec timeout
39.0,FED004_072424_00.CSV,FF30 sec timeout
593.0,FED004_072424_00.CSV,FF30 sec timeout
35.0,FED004_072424_00.CSV,FF30 sec timeout
39.0,FED004_072424_00.CSV,FF30 sec timeout
817.0,FED004_072424_00.CSV,FF30 sec timeout
84.0,FED004_072424_00.CSV,FF30 sec timeout
1090.0,FED004_072424_00.CSV,FF30 sec timeout
123.0,FED004_072424_00.CSV,FF30 sec timeout
489.0,FED004_072424_00.CSV,FF30 sec timeout
39.0,FED004_072424_00.CSV,FF30 sec timeout
39.0,FED004_072424_00.CSV,FF30 sec timeout
7770.0,FED004_072424_00.CSV,FF30 sec timeout
175.0,FED004_072424_00.CSV,FF30 sec timeout
518.0,FED004_072424_00.CSV,FF30 sec timeout
6856.0,FED004_072424_00.CSV,FF30 sec timeout
1854.0,FED006_072424_00.CSV,FF30 sec timeout
39.0,FED006_072424_00.CSV,FF30 sec timeout
41.0,FED006_072424_00.CSV,FF30 sec timeout
55.0,FED006_072424_00.CSV,FF30 sec timeout
56.0,FED006_072424_00.CSV,FF30 sec timeout
803.0,FED006_072424_00.CSV,FF30 sec timeout
38.0,FED006_072424_00.CSV,FF30 sec timeout
37.0,FED006_072424_00.CSV,FF30 sec timeout
40.0,FED006_072424_00.CSV,FF30 sec timeout
1593.0,FED006_072424_00.CSV,FF30 sec timeout
37.0,FED006_072424_00.CSV,FF30 sec timeout
38.0,FED006_072424_00.CSV,FF30 sec timeout
39.0,FED006_072424_00.CSV,FF30 sec timeout
653.0,FED006_072424_00.CSV,FF30 sec timeout
39.0,FED006_072424_00.CSV,FF30 sec timeout
483.0,FED006_072424_00.CSV,FF30 sec timeout
40.0,FED006_072424_00.CSV,FF30 sec timeout
39.0,FED006_072424_00.CSV,FF30 sec timeout
55.0,FED006_072424_00.CSV,FF30 sec timeout
48.0,FED006_072424_00.CSV,FF30 sec timeout
43.0,FED006_072424_00.CSV,FF30 sec timeout
1564.0,FED006_072424_00.CSV,FF30 sec timeout
1960.0,FED006_072424_00.CSV,FF30 sec timeout
37.0,FED006_072424_00.CSV,FF30 sec timeout
37.0,FED006_072424_00.CSV,FF30 sec timeout
37.0,FED006_072424_00.CSV,FF30 sec timeout
38.0,FED006_072424_00.CSV,FF30 sec timeout
37.0,FED006_072424_00.CSV,FF30 sec timeout
40.0,FED006_072424_00.CSV,FF30 sec timeout
39.0,FED006_072424_00.CSV,FF30 sec timeout
37.0,FED006_072424_00.CSV,FF30 sec timeout
40.0,FED006_072424_00.CSV,FF30 sec timeout
39.0,FED006_072424_00.CSV,FF30 sec timeout
510.0,FED006_072424_00.CSV,FF30 sec timeout
40.0,FED006_072424_00.CSV,FF30 sec timeout
1797.0,FED006_072424_00.CSV,FF30 sec timeout
43.0,FED006_072424_00.CSV,FF30 sec timeout
38.0,FED006_072424_00.CSV,FF30 sec timeout
38.0,FED006_072424_00.CSV,FF30 sec timeout
37.0,FED006_072424_00.CSV,FF30 sec timeout
38.0,FED006_072424_00.CSV,FF30 sec timeout
38.0,FED006_072424_00.CSV,FF30 sec timeout
37.0,FED006_072424_00.CSV,FF30 sec timeout
2208.0,FED006_072424_00.CSV,FF30 sec timeout
38.0,FED006_072424_00.CSV,FF30 sec timeout
38.0,FED006_072424_00.CSV,FF30 sec timeout
38.0,FED006_072424_00.CSV,FF30 sec timeout
38.0,FED006_072424_00.CSV,FF30 sec timeout
64.0,FED006_072424_00.CSV,FF30 sec timeout
39.0,FED006_072424_00.CSV,FF30 sec timeout
71.0,FED006_072424_00.CSV,FF30 sec timeout
874.0,FED006_072424_00.CSV,FF30 sec timeout
37.0,FED006_072424_00.CSV,FF30 sec timeout
37.0,FED006_072424_00.CSV,FF30 sec timeout
38.0,FED006_072424_00.CSV,FF30 sec timeout
40.0,FED006_072424_00.CSV,FF30 sec timeout
1343.0,FED006_072424_00.CSV,FF30 sec timeout
37.0,FED006_072424_00.CSV,FF30 sec timeout
38.0,FED006_072424_00.CSV,FF30 sec timeout
727.0,FED006_072424_00.CSV,FF30 sec timeout
38.0,FED006_072424_00.CSV,FF30 sec timeout
37.0,FED006_072424_00.CSV,FF30 sec timeout
38.0,FED006_072424_00.CSV,FF30 sec timeout
2896.0,FED006_072424_00.CSV,FF30 sec timeout
38.0,FED006_072424_00.CSV,FF30 sec timeout
37.0,FED006_072424_00.CSV,FF30 sec timeout
37.0,FED006_072424_00.CSV,FF30 sec timeout
54.0,FED006_072424_00.CSV,FF30 sec timeout
37.0,FED006_072424_00.CSV,FF30 sec timeout
38.0,FED006_072424_00.CSV,FF30 sec timeout
37.0,FED006_072424_00.CSV,FF30 sec timeout
39.0,FED006_072424_00.CSV,FF30 sec timeout
685.0,FED006_072424_00.CSV,FF30 sec timeout
40.0,FED006_072424_00.CSV,FF30 sec timeout
38.0,FED006_072424_00.CSV,FF30 sec timeout
56.0,FED006_072424_00.CSV,FF30 sec timeout
38.0,FED006_072424_00.CSV,FF30 sec timeout
51.0,FED006_072424_00.CSV,FF30 sec timeout
42.0,FED006_072424_00.CSV,FF30 sec timeout
47.0,FED006_072424_00.CSV,FF30 sec timeout
38.0,FED006_072424_00.CSV,FF30 sec timeout
616.0,FED006_072424_00.CSV,FF30 sec timeout
38.0,FED006_072424_00.CSV,FF30 sec timeout
38.0,FED006_072424_00.CSV,FF30 sec timeout
38.0,FED006_072424_00.CSV,FF30 sec timeout
37.0,FED006_072424_00.CSV,FF30 sec timeout
144.0,FED006_072424_00.CSV,FF30 sec timeout
38.0,FED006_072424_00.CSV,FF30 sec timeout
1338.0,FED006_072424_00.CSV,FF30 sec timeout
37.0,FED006_072424_00.CSV,FF30 sec timeout
37.0,FED006_072424_00.CSV,FF30 sec timeout
38.0,FED006_072424_00.CSV,FF30 sec timeout
38.0,FED006_072424_00.CSV,FF30 sec timeout
41.0,FED006_072424_00.CSV,FF30 sec timeout
1467.0,FED006_072424_00.CSV,FF30 sec timeout
37.0,FED006_072424_00.CSV,FF30 sec timeout
41.0,FED006_072424_00.CSV,FF30 sec timeout
38.0,FED006_072424_00.CSV,FF30 sec timeout
46.0,FED006_072424_00.CSV,FF30 sec timeout
37.0,FED006_072424_00.CSV,FF30 sec timeout
37.0,FED006_072424_00.CSV,FF30 sec timeout
38.0,FED006_072424_00.CSV,FF30 sec timeout
38.0,FED006_072424_00.CSV,FF30 sec timeout
43.0,FED006_072424_00.CSV,FF30 sec timeout
40.0,FED006_072424_00.CSV,FF30 sec timeout
2330.0,FED006_072424_00.CSV,FF30 sec timeout
40.0,FED006_072424_00.CSV,FF30 sec timeout
38.0,FED006_072424_00.CSV,FF30 sec timeout
37.0,FED006_072424_00.CSV,FF30 sec timeout
41.0,FED006_072424_00.CSV,FF30 sec timeout
38.0,FED006_072424_00.CSV,FF30 sec timeout
38.0,FED006_072424_00.CSV,FF30 sec timeout
38.0,FED006_072424_00.CSV,FF30 sec timeout
1282.0,FED006_072424_00.CSV,FF30 sec timeout
37.0,FED006_072424_00.CSV,FF30 sec timeout
38.0,FED006_072424_00.CSV,FF30 sec timeout
37.0,FED006_072424_00.CSV,FF30 sec timeout
2263.0,FED006_072424_00.CSV,FF30 sec timeout
38.0,FED006_072424_00.CSV,FF30 sec timeout
38.0,FED006_072424_00.CSV,FF30 sec timeout
37.0,FED006_072424_00.CSV,FF30 sec timeout
50.0,FED006_072424_00.CSV,FF30 sec timeout
37.0,FED006_072424_00.CSV,FF30 sec timeout
37.0,FED006_072424_00.CSV,FF30 sec timeout
38.0,FED006_072424_00.CSV,FF30 sec timeout
39.0,FED006_072424_00.CSV,FF30 sec timeout
36.0,FED006_072424_00.CSV,FF30 sec timeout
38.0,FED006_072424_00.CSV,FF30 sec timeout
38.0,FED006_072424_00.CSV,FF30 sec timeout
38.0,FED006_072424_00.CSV,FF30 sec timeout
77.0,FED006_072424_00.CSV,FF30 sec timeout
39.0,FED006_072424_00.CSV,FF30 sec timeout
38.0,FED006_072424_00.CSV,FF30 sec timeout
2072.0,FED006_072424_00.CSV,FF30 sec timeout
38.0,FED006_072424_00.CSV,FF30 sec timeout
43.0,FED006_072424_00.CSV,FF30 sec timeout
40.0,FED006_072424_00.CSV,FF30 sec timeout
39.0,FED006_072424_00.CSV,FF30 sec timeout
40.0,FED006_072424_00.CSV,FF30 sec timeout
1041.0,FED006_072424_00.CSV,FF30 sec timeout
40.0,FED006_072424_00.CSV,FF30 sec timeout
37.0,FED006_072424_00.CSV,FF30 sec timeout
37.0,FED006_072424_00.CSV,FF30 sec timeout
37.0,FED006_072424_00.CSV,FF30 sec timeout
38.0,FED006_072424_00.CSV,FF30 sec timeout
39.0,FED006_072424_00.CSV,FF30 sec timeout
5028.0,FED006_072424_00.CSV,FF30 sec timeout
38.0,FED006_072424_00.CSV,FF30 sec timeout
38.0,FED006_072424_00.CSV,FF30 sec timeout
38.0,FED006_072424_00.CSV,FF30 sec timeout
1153.0,FED006_072424_00.CSV,FF30 sec timeout
39.0,FED006_072424_00.CSV,FF30 sec timeout
37.0,FED006_072424_00.CSV,FF30 sec timeout
38.0,FED006_072424_00.CSV,FF30 sec timeout
38.0,FED006_072424_00.CSV,FF30 sec timeout
37.0,FED006_072424_00.CSV,FF30 sec timeout
1961.0,FED006_072424_00.CSV,FF30 sec timeout
40.0,FED006_072424_00.CSV,FF30 sec timeout
38.0,FED006_072424_00.CSV,FF30 sec timeout
41.0,FED006_072424_00.CSV,FF30 sec timeout
38.0,FED006_072424_00.CSV,FF30 sec timeout
38.0,FED006_072424_00.CSV,FF30 sec timeout
2866.0,FED006_072424_00.CSV,FF30 sec timeout
38.0,FED006_072424_00.CSV,FF30 sec timeout
37.0,FED006_072424_00.CSV,FF30 sec timeout
42.0,FED006_072424_00.CSV,FF30 sec timeout
41.0,FED006_072424_00.CSV,FF30 sec timeout
40.0,FED006_072424_00.CSV,FF30 sec timeout
39.0,FED006_072424_00.CSV,FF30 sec timeout
63.0,FED006_072424_00.CSV,FF30 sec timeout
37.0,FED006_072424_00.CSV,FF30 sec timeout
52.0,FED006_072424_00.CSV,FF30 sec timeout
39.0,FED006_072424_00.CSV,FF30 sec timeout
133.0,FED006_072424_00.CSV,FF30 sec timeout
4967.0,FED006_072424_00.CSV,FF30 sec timeout
37.0,FED006_072424_00.CSV,FF30 sec timeout
37.0,FED006_072424_00.CSV,FF30 sec timeout
38.0,FED006_072424_00.CSV,FF30 sec timeout
38.0,FED006_072424_00.CSV,FF30 sec timeout
38.0,FED006_072424_00.CSV,FF30 sec timeout
38.0,FED006_072424_00.CSV,FF30 sec timeout
38.0,FED006_072424_00.CSV,FF30 sec timeout
37.0,FED006_072424_00.CSV,FF30 sec timeout
38.0,FED006_072424_00.CSV,FF30 sec timeout
55.0,FED006_072424_00.CSV,FF30 sec timeout
3378.0,FED006_072424_00.CSV,FF30 sec timeout
40.0,FED006_072424_00.CSV,FF30 sec timeout
46.0,FED006_072424_00.CSV,FF30 sec timeout
39.0,FED006_072424_00.CSV,FF30 sec timeout
41.0,FED006_072424_00.CSV,FF30 sec timeout
2180.0,FED006_072424_00.CSV,FF30 sec timeout
39.0,FED006_072424_00.CSV,FF30 sec timeout
38.0,FED006_072424_00.CSV,FF30 sec timeout
38.0,FED006_072424_00.CSV,FF30 sec timeout
1548.0,FED006_072424_00.CSV,FF30 sec timeout
40.0,FED006_072424_00.CSV,FF30 sec timeout
59.0,FED006_072424_00.CSV,FF30 sec timeout
38.0,FED006_072424_00.CSV,FF30 sec timeout
38.0,FED006_072424_00.CSV,FF30 sec timeout
61.0,FED006_072424_00.CSV,FF30 sec timeout
39.0,FED006_072424_00.CSV,FF30 sec timeout
10353.0,FED006_072424_00.CSV,FF30 sec timeout
39.0,FED006_072424_00.CSV,FF30 sec timeout
137.0,FED006_072424_00.CSV,FF30 sec timeout
38.0,FED006_072424_00.CSV,FF30 sec timeout
37.0,FED006_072424_00.CSV,FF30 sec timeout
38.0,FED006_072424_00.CSV,FF30 sec timeout
11330.0,FED006_072424_00.CSV,FF30 sec timeout
37.0,FED006_072424_00.CSV,FF30 sec timeout
38.0,FED006_072424_00.CSV,FF30 sec timeout
55.0,FED006_072424_00.CSV,FF30 sec timeout
37.0,FED006_072424_00.CSV,FF30 sec timeout
38.0,FED006_072424_00.CSV,FF30 sec timeout
40.0,FED006_072424_00.CSV,FF30 sec timeout
38.0,FED006_072424_00.CSV,FF30 sec timeout
37.0,FED006_072424_00.CSV,FF30 sec timeout
37.0,FED006_072424_00.CSV,FF30 sec timeout
75.0,FED006_072424_00.CSV,FF30 sec timeout
38.0,FED006_072424_00.CSV,FF30 sec timeout
41.0,FED006_072424_00.CSV,FF30 sec timeout
40.0,FED006_072424_00.CSV,FF30 sec timeout
49.0,FED006_072424_00.CSV,FF30 sec timeout
58.0,FED006_072424_00.CSV,FF30 sec timeout
68.0,FED006_072424_00.CSV,FF30 sec timeout
40.0,FED006_072424_00.CSV,FF30 sec timeout
4395.0,FED006_072424_00.CSV,FF30 sec timeout
39.0,FED006_072424_00.CSV,FF30 sec timeout
38.0,FED006_072424_00.CSV,FF30 sec timeout
38.0,FED006_072424_00.CSV,FF30 sec timeout
38.0,FED006_072424_00.CSV,FF30 sec timeout
38.0,FED006_072424_00.CSV,FF30 sec timeout
39.0,FED006_072424_00.CSV,FF30 sec timeout
37.0,FED006_072424_00.CSV,FF30 sec timeout
51.0,FED006_072424_00.CSV,FF30 sec timeout
39.0,FED006_072424_00.CSV,FF30 sec timeout
64.0,FED006_072424_00.CSV,FF30 sec timeout
40.0,FED006_072424_00.CSV,FF30 sec timeout
3845.0,FED006_072424_00.CSV,FF30 sec timeout
38.0,FED006_072424_00.CSV,FF30 sec timeout
38.0,FED006_072424_00.CSV,FF30 sec timeout
37.0,FED006_072424_00.CSV,FF30 sec timeout
37.0,FED006_072424_00.CSV,FF30 sec timeout
39.0,FED006_072424_00.CSV,FF30 sec timeout
41.0,FED006_072424_00.CSV,FF30 sec timeout
45.0,FED006_072424_00.CSV,FF30 sec timeout
1442.0,FED006_072424_00.CSV,FF30 sec timeout
37.0,FED006_072424_00.CSV,FF30 sec timeout
37.0,FED006_072424_00.CSV,FF30 sec timeout
37.0,FED006_072424_00.CSV,FF30 sec timeout
38.0,FED006_072424_00.CSV,FF30 sec timeout
38.0,FED006_072424_00.CSV,FF30 sec timeout
42.0,FED006_072424_00.CSV,FF30 sec timeout
39.0,FED006_072424_00.CSV,FF30 sec timeout
39.0,FED006_072424_00.CSV,FF30 sec timeout
248.0,FED006_072424_00.CSV,FF30 sec timeout
39.0,FED006_072424_00.CSV,FF30 sec timeout
51.0,FED006_072424_00.CSV,FF30 sec timeout
1861.0,FED006_072424_00.CSV,FF30 sec timeout
38.0,FED006_072424_00.CSV,FF30 sec timeout
37.0,FED006_072424_00.CSV,FF30 sec timeout
37.0,FED006_072424_00.CSV,FF30 sec timeout
76.0,FED006_072424_00.CSV,FF30 sec timeout
1733.0,FED006_072424_00.CSV,FF30 sec timeout
210.0,FED006_072424_00.CSV,FF30 sec timeout
41.0,FED006_072424_00.CSV,FF30 sec timeout
394.0,FED006_072424_00.CSV,FF30 sec timeout
989.0,FED006_072424_00.CSV,FF30 sec timeout
54.0,FED006_072424_00.CSV,FF30 sec timeout
38.0,FED006_072424_00.CSV,FF30 sec timeout
37.0,FED006_072424_00.CSV,FF30 sec timeout
38.0,FED006_072424_00.CSV,FF30 sec timeout
38.0,FED006_072424_00.CSV,FF30 sec timeout
36.0,FED006_072424_00.CSV,FF30 sec timeout
38.0,FED006_072424_00.CSV,FF30 sec timeout
40.0,FED006_072424_00.CSV,FF30 sec timeout
38.0,FED006_072424_00.CSV,FF30 sec timeout
1254.0,FED006_072424_00.CSV,FF30 sec timeout
392.0,FED006_072424_00.CSV,FF30 sec timeout
38.0,FED006_072424_00.CSV,FF30 sec timeout
37.0,FED006_072424_00.CSV,FF30 sec timeout
1108.0,FED006_072424_00.CSV,FF30 sec timeout
37.0,FED006_072424_00.CSV,FF30 sec timeout
37.0,FED006_072424_00.CSV,FF30 sec timeout
37.0,FED006_072424_00.CSV,FF30 sec timeout
45.0,FED006_072424_00.CSV,FF30 sec timeout
38.0,FED006_072424_00.CSV,FF30 sec timeout
40.0,FED006_072424_00.CSV,FF30 sec timeout
38.0,FED006_072424_00.CSV,FF30 sec timeout
964.0,FED006_072424_00.CSV,FF30 sec timeout
913.0,FED006_072424_00.CSV,FF30 sec timeout
37.0,FED006_072424_00.CSV,FF30 sec timeout
38.0,FED006_072424_00.CSV,FF30 sec timeout
37.0,FED006_072424_00.CSV,FF30 sec timeout
94.0,FED006_072424_00.CSV,FF30 sec timeout
61.0,FED006_072424_00.CSV,FF30 sec timeout
40.0,FED006_072424_00.CSV,FF30 sec timeout
46.0,FED006_072424_00.CSV,FF30 sec timeout
974.0,FED006_072424_00.CSV,FF30 sec timeout
38.0,FED006_072424_00.CSV,FF30 sec timeout
38.0,FED006_072424_00.CSV,FF30 sec timeout
39.0,FED006_072424_00.CSV,FF30 sec timeout
38.0,FED006_072424_00.CSV,FF30 sec timeout
1704.0,FED006_072424_00.CSV,FF30 sec timeout
39.0,FED006_072424_00.CSV,FF30 sec timeout
37.0,FED006_072424_00.CSV,FF30 sec timeout
57.0,FED006_072424_00.CSV,FF30 sec timeout
43.0,FED006_072424_00.CSV,FF30 sec timeout
59.0,FED006_072424_00.CSV,FF30 sec timeout
39.0,FED006_072424_00.CSV,FF30 sec timeout
38.0,FED006_072424_00.CSV,FF30 sec timeout
1333.0,FED006_072424_00.CSV,FF30 sec timeout
37.0,FED006_072424_00.CSV,FF30 sec timeout
37.0,FED006_072424_00.CSV,FF30 sec timeout
38.0,FED006_072424_00.CSV,FF30 sec timeout
36.0,FED006_072424_00.CSV,FF30 sec timeout
37.0,FED006_072424_00.CSV,FF30 sec timeout
56.0,FED006_072424_00.CSV,FF30 sec timeout
39.0,FED006_072424_00.CSV,FF30 sec timeout
38.0,FED006_072424_00.CSV,FF30 sec timeout
37.0,FED006_072424_00.CSV,FF30 sec timeout
37.0,FED006_072424_00.CSV,FF30 sec timeout
601.0,FED006_072424_00.CSV,FF30 sec timeout
41.0,FED006_072424_00.CSV,FF30 sec timeout
38.0,FED006_072424_00.CSV,FF30 sec timeout
41.0,FED006_072424_00.CSV,FF30 sec timeout
258.0,FED006_072424_00.CSV,FF30 sec timeout
1049.0,FED006_072424_00.CSV,FF30 sec timeout
39.0,FED006_072424_00.CSV,FF30 sec timeout
37.0,FED006_072424_00.CSV,FF30 sec timeout
38.0,FED006_072424_00.CSV,FF30 sec timeout
40.0,FED006_072424_00.CSV,FF30 sec timeout
40.0,FED006_072424_00.CSV,FF30 sec timeout
1521.0,FED006_072424_00.CSV,FF30 sec timeout
37.0,FED006_072424_00.CSV,FF30 sec timeout
38.0,FED006_072424_00.CSV,FF30 sec timeout
37.0,FED006_072424_00.CSV,FF30 sec timeout
37.0,FED006_072424_00.CSV,FF30 sec timeout
46.0,FED006_072424_00.CSV,FF30 sec timeout
49.0,FED006_072424_00.CSV,FF30 sec timeout
37.0,FED006_072424_00.CSV,FF30 sec timeout
37.0,FED006_072424_00.CSV,FF30 sec timeout
39.0,FED006_072424_00.CSV,FF30 sec timeout
38.0,FED006_072424_00.CSV,FF30 sec timeout
2747.0,FED006_072424_00.CSV,FF30 sec timeout
37.0,FED006_072424_00.CSV,FF30 sec timeout
37.0,FED006_072424_00.CSV,FF30 sec timeout
37.0,FED006_072424_00.CSV,FF30 sec timeout
37.0,FED006_072424_00.CSV,FF30 sec timeout
37.0,FED006_072424_00.CSV,FF30 sec timeout
38.0,FED006_072424_00.CSV,FF30 sec timeout
39.0,FED006_072424_00.CSV,FF30 sec timeout
1483.0,FED006_072424_00.CSV,FF30 sec timeout
39.0,FED006_072424_00.CSV,FF30 sec timeout
39.0,FED006_072424_00.CSV,FF30 sec timeout
42.0,FED006_072424_00.CSV,FF30 sec timeout
37.0,FED006_072424_00.CSV,FF30 sec timeout
37.0,FED006_072424_00.CSV,FF30 sec timeout
38.0,FED006_072424_00.CSV,FF30 sec timeout
46.0,FED006_072424_00.CSV,FF30 sec timeout
38.0,FED006_072424_00.CSV,FF30 sec timeout
42.0,FED006_072424_00.CSV,FF30 sec timeout
1500.0,FED006_072424_00.CSV,FF30 sec timeout
37.0,FED006_072424_00.CSV,FF30 sec timeout
40.0,FED006_072424_00.CSV,FF30 sec timeout
36.0,FED006_072424_00.CSV,FF30 sec timeout
58.0,FED006_072424_00.CSV,FF30 sec timeout
41.0,FED006_072424_00.CSV,FF30 sec timeout
72.0,FED006_072424_00.CSV,FF30 sec timeout
3010.0,FED006_072424_00.CSV,FF30 sec timeout
43.0,FED006_072424_00.CSV,FF30 sec timeout
37.0,FED006_072424_00.CSV,FF30 sec timeout
4591.0,FED006_072424_00.CSV,FF30 sec timeout
38.0,FED006_072424_00.CSV,FF30 sec timeout
38.0,FED006_072424_00.CSV,FF30 sec timeout
37.0,FED006_072424_00.CSV,FF30 sec timeout
38.0,FED006_072424_00.CSV,FF30 sec timeout
39.0,FED006_072424_00.CSV,FF30 sec timeout
39.0,FED006_072424_00.CSV,FF30 sec timeout
39.0,FED006_072424_00.CSV,FF30 sec timeout
40.0,FED006_072424_00.CSV,FF30 sec timeout
37.0,FED006_072424_00.CSV,FF30 sec timeout
37.0,FED006_072424_00.CSV,FF30 sec timeout
41.0,FED006_072424_00.CSV,FF30 sec timeout
38.0,FED006_072424_00.CSV,FF30 sec timeout
2470.0,FED006_072424_00.CSV,FF30 sec timeout
40.0,FED006_072424_00.CSV,FF30 sec timeout
38.0,FED006_072424_00.CSV,FF30 sec timeout
38.0,FED006_072424_00.CSV,FF30 sec timeout
43.0,FED006_072424_00.CSV,FF30 sec timeout
2411.0,FED006_072424_00.CSV,FF30 sec timeout
38.0,FED006_072424_00.CSV,FF30 sec timeout
41.0,FED006_072424_00.CSV,FF30 sec timeout
624.0,FED006_072424_00.CSV,FF30 sec timeout
1646.0,FED006_072424_00.CSV,FF30 sec timeout
436.0,FED006_072424_00.CSV,FF30 sec timeout
38.0,FED006_072424_00.CSV,FF30 sec timeout
37.0,FED006_072424_00.CSV,FF30 sec timeout
38.0,FED006_072424_00.CSV,FF30 sec timeout
38.0,FED006_072424_00.CSV,FF30 sec timeout
38.0,FED006_072424_00.CSV,FF30 sec timeout
1477.0,FED006_072424_00.CSV,FF30 sec timeout
55.0,FED006_072424_00.CSV,FF30 sec timeout
51.0,FED006_072424_00.CSV,FF30 sec timeout
4396.0,FED006_072424_00.CSV,FF30 sec timeout
38.0,FED006_072424_00.CSV,FF30 sec timeout
37.0,FED006_072424_00.CSV,FF30 sec timeout
38.0,FED006_072424_00.CSV,FF30 sec timeout
38.0,FED006_072424_00.CSV,FF30 sec timeout
38.0,FED006_072424_00.CSV,FF30 sec timeout
38.0,FED006_072424_00.CSV,FF30 sec timeout
40.0,FED006_072424_00.CSV,FF30 sec timeout
41.0,FED006_072424_00.CSV,FF30 sec timeout
2216.0,FED006_072424_00.CSV,FF30 sec timeout
39.0,FED006_072424_00.CSV,FF30 sec timeout
39.0,FED006_072424_00.CSV,FF30 sec timeout
38.0,FED006_072424_00.CSV,FF30 sec timeout
40.0,FED006_072424_00.CSV,FF30 sec timeout
1413.0,FED006_072424_00.CSV,FF30 sec timeout
310.0,FED006_072424_00.CSV,FF30 sec timeout
1718.0,FED006_072424_00.CSV,FF30 sec timeout
1710.0,FED006_072424_00.CSV,FF30 sec timeout
42.0,FED006_072424_00.CSV,FF30 sec timeout
37.0,FED006_072424_00.CSV,FF30 sec timeout
37.0,FED006_072424_00.CSV,FF30 sec timeout
43.0,FED006_072424_00.CSV,FF30 sec timeout
2084.0,FED006_072424_00.CSV,FF30 sec timeout
38.0,FED006_072424_00.CSV,FF30 sec timeout
2154.0,FED006_072424_00.CSV,FF30 sec timeout
40.0,FED006_072424_00.CSV,FF30 sec timeout
38.0,FED006_072424_00.CSV,FF30 sec timeout
43.0,FED006_072424_00.CSV,FF30 sec timeout
996.0,FED006_072424_00.CSV,FF30 sec timeout
833.0,FED006_072424_00.CSV,FF30 sec timeout
39.0,FED006_072424_00.CSV,FF30 sec timeout
2482.0,FED006_072424_00.CSV,FF30 sec timeout
56.0,FED002_072424_01.CSV,FF30 sec timeout
59.0,FED002_072424_01.CSV,FF30 sec timeout
107.0,FED002_072424_01.CSV,FF30 sec timeout
53.0,FED002_072424_01.CSV,FF30 sec timeout
2006.0,FED002_072424_01.CSV,FF30 sec timeout
44.0,FED002_072424_01.CSV,FF30 sec timeout
38.0,FED002_072424_01.CSV,FF30 sec timeout
44.0,FED002_072424_01.CSV,FF30 sec timeout
292.0,FED002_072424_01.CSV,FF30 sec timeout
41.0,FED002_072424_01.CSV,FF30 sec timeout
38.0,FED002_072424_01.CSV,FF30 sec timeout
86.0,FED002_072424_01.CSV,FF30 sec timeout
47.0,FED002_072424_01.CSV,FF30 sec timeout
38.0,FED002_072424_01.CSV,FF30 sec timeout
888.0,FED002_072424_01.CSV,FF30 sec timeout
1190.0,FED002_072424_01.CSV,FF30 sec timeout
58.0,FED002_072424_01.CSV,FF30 sec timeout
45.0,FED002_072424_01.CSV,FF30 sec timeout
38.0,FED002_072424_01.CSV,FF30 sec timeout
38.0,FED002_072424_01.CSV,FF30 sec timeout
38.0,FED002_072424_01.CSV,FF30 sec timeout
65.0,FED002_072424_01.CSV,FF30 sec timeout
878.0,FED002_072424_01.CSV,FF30 sec timeout
35.0,FED002_072424_01.CSV,FF30 sec timeout
137.0,FED002_072424_01.CSV,FF30 sec timeout
848.0,FED002_072424_01.CSV,FF30 sec timeout
38.0,FED002_072424_01.CSV,FF30 sec timeout
40.0,FED002_072424_01.CSV,FF30 sec timeout
42.0,FED002_072424_01.CSV,FF30 sec timeout
37.0,FED002_072424_01.CSV,FF30 sec timeout
41.0,FED002_072424_01.CSV,FF30 sec timeout
42.0,FED002_072424_01.CSV,FF30 sec timeout
38.0,FED002_072424_01.CSV,FF30 sec timeout
39.0,FED002_072424_01.CSV,FF30 sec timeout
50.0,FED002_072424_01.CSV,FF30 sec timeout
41.0,FED002_072424_01.CSV,FF30 sec timeout
108.0,FED002_072424_01.CSV,FF30 sec timeout
41.0,FED002_072424_01.CSV,FF30 sec timeout
1942.0,FED002_072424_01.CSV,FF30 sec timeout
44.0,FED002_072424_01.CSV,FF30 sec timeout
233.0,FED002_072424_01.CSV,FF30 sec timeout
367.0,FED002_072424_01.CSV,FF30 sec timeout
38.0,FED002_072424_01.CSV,FF30 sec timeout
39.0,FED002_072424_01.CSV,FF30 sec timeout
37.0,FED002_072424_01.CSV,FF30 sec timeout
46.0,FED002_072424_01.CSV,FF30 sec timeout
45.0,FED002_072424_01.CSV,FF30 sec timeout
41.0,FED002_072424_01.CSV,FF30 sec timeout
139.0,FED002_072424_01.CSV,FF30 sec timeout
1760.0,FED002_072424_01.CSV,FF30 sec timeout
44.0,FED002_072424_01.CSV,FF30 sec timeout
59.0,FED002_072424_01.CSV,FF30 sec timeout
40.0,FED002_072424_01.CSV,FF30 sec timeout
437.0,FED002_072424_01.CSV,FF30 sec timeout
40.0,FED002_072424_01.CSV,FF30 sec timeout
40.0,FED002_072424_01.CSV,FF30 sec timeout
50.0,FED002_072424_01.CSV,FF30 sec timeout
51.0,FED002_072424_01.CSV,FF30 sec timeout
1254.0,FED002_072424_01.CSV,FF30 sec timeout
38.0,FED002_072424_01.CSV,FF30 sec timeout
37.0,FED002_072424_01.CSV,FF30 sec timeout
41.0,FED002_072424_01.CSV,FF30 sec timeout
2940.0,FED002_072424_01.CSV,FF30 sec timeout
38.0,FED002_072424_01.CSV,FF30 sec timeout
40.0,FED002_072424_01.CSV,FF30 sec timeout
38.0,FED002_072424_01.CSV,FF30 sec timeout
32.0,FED002_072424_01.CSV,FF30 sec timeout
48.0,FED002_072424_01.CSV,FF30 sec timeout
42.0,FED002_072424_01.CSV,FF30 sec timeout
38.0,FED002_072424_01.CSV,FF30 sec timeout
49.0,FED002_072424_01.CSV,FF30 sec timeout
38.0,FED002_072424_01.CSV,FF30 sec timeout
36.0,FED002_072424_01.CSV,FF30 sec timeout
40.0,FED002_072424_01.CSV,FF30 sec timeout
35.0,FED002_072424_01.CSV,FF30 sec timeout
47.0,FED002_072424_01.CSV,FF30 sec timeout
48.0,FED002_072424_01.CSV,FF30 sec timeout
39.0,FED002_072424_01.CSV,FF30 sec timeout
42.0,FED002_072424_01.CSV,FF30 sec timeout
50.0,FED002_072424_01.CSV,FF30 sec timeout
48.0,FED002_072424_01.CSV,FF30 sec timeout
53.0,FED002_072424_01.CSV,FF30 sec timeout
36.0,FED002_072424_01.CSV,FF30 sec timeout
40.0,FED002_072424_01.CSV,FF30 sec timeout
243.0,FED002_072424_01.CSV,FF30 sec timeout
38.0,FED002_072424_01.CSV,FF30 sec timeout
38.0,FED002_072424_01.CSV,FF30 sec timeout
117.0,FED002_072424_01.CSV,FF30 sec timeout
37.0,FED002_072424_01.CSV,FF30 sec timeout
251.0,FED002_072424_01.CSV,FF30 sec timeout
782.0,FED002_072424_01.CSV,FF30 sec timeout
67.0,FED002_072424_01.CSV,FF30 sec timeout
43.0,FED002_072424_01.CSV,FF30 sec timeout
40.0,FED002_072424_01.CSV,FF30 sec timeout
321.0,FED002_072424_01.CSV,FF30 sec timeout
37.0,FED002_072424_01.CSV,FF30 sec timeout
40.0,FED002_072424_01.CSV,FF30 sec timeout
45.0,FED002_072424_01.CSV,FF30 sec timeout
39.0,FED002_072424_01.CSV,FF30 sec timeout
84.0,FED002_072424_01.CSV,FF30 sec timeout
83.0,FED002_072424_01.CSV,FF30 sec timeout
48.0,FED002_072424_01.CSV,FF30 sec timeout
459.0,FED002_072424_01.CSV,FF30 sec timeout
493.0,FED002_072424_01.CSV,FF30 sec timeout
56.0,FED002_072424_01.CSV,FF30 sec timeout
38.0,FED002_072424_01.CSV,FF30 sec timeout
39.0,FED002_072424_01.CSV,FF30 sec timeout
37.0,FED002_072424_01.CSV,FF30 sec timeout
49.0,FED002_072424_01.CSV,FF30 sec timeout
37.0,FED002_072424_01.CSV,FF30 sec timeout
917.0,FED002_072424_01.CSV,FF30 sec timeout
40.0,FED002_072424_01.CSV,FF30 sec timeout
41.0,FED002_072424_01.CSV,FF30 sec timeout
577.0,FED002_072424_01.CSV,FF30 sec timeout
503.0,FED002_072424_01.CSV,FF30 sec timeout
38.0,FED002_072424_01.CSV,FF30 sec timeout
38.0,FED002_072424_01.CSV,FF30 sec timeout
74.0,FED002_072424_01.CSV,FF30 sec timeout
392.0,FED002_072424_01.CSV,FF30 sec timeout
41.0,FED002_072424_01.CSV,FF30 sec timeout
39.0,FED002_072424_01.CSV,FF30 sec timeout
54.0,FED002_072424_01.CSV,FF30 sec timeout
39.0,FED002_072424_01.CSV,FF30 sec timeout
66.0,FED002_072424_01.CSV,FF30 sec timeout
38.0,FED002_072424_01.CSV,FF30 sec timeout
733.0,FED002_072424_01.CSV,FF30 sec timeout
624.0,FED002_072424_01.CSV,FF30 sec timeout
38.0,FED002_072424_01.CSV,FF30 sec timeout
37.0,FED002_072424_01.CSV,FF30 sec timeout
42.0,FED002_072424_01.CSV,FF30 sec timeout
37.0,FED002_072424_01.CSV,FF30 sec timeout
45.0,FED002_072424_01.CSV,FF30 sec timeout
421.0,FED002_072424_01.CSV,FF30 sec timeout
38.0,FED002_072424_01.CSV,FF30 sec timeout
55.0,FED002_072424_01.CSV,FF30 sec timeout
634.0,FED002_072424_01.CSV,FF30 sec timeout
37.0,FED002_072424_01.CSV,FF30 sec timeout
44.0,FED002_072424_01.CSV,FF30 sec timeout
38.0,FED002_072424_01.CSV,FF30 sec timeout
58.0,FED002_072424_01.CSV,FF30 sec timeout
50.0,FED002_072424_01.CSV,FF30 sec timeout
47.0,FED002_072424_01.CSV,FF30 sec timeout
43.0,FED002_072424_01.CSV,FF30 sec timeout
41.0,FED002_072424_01.CSV,FF30 sec timeout
796.0,FED002_072424_01.CSV,FF30 sec timeout
54.0,FED002_072424_01.CSV,FF30 sec timeout
143.0,FED002_072424_01.CSV,FF30 sec timeout
42.0,FED002_072424_01.CSV,FF30 sec timeout
40.0,FED002_072424_01.CSV,FF30 sec timeout
39.0,FED002_072424_01.CSV,FF30 sec timeout
39.0,FED002_072424_01.CSV,FF30 sec timeout
40.0,FED002_072424_01.CSV,FF30 sec timeout
40.0,FED002_072424_01.CSV,FF30 sec timeout
955.0,FED002_072424_01.CSV,FF30 sec timeout
62.0,FED002_072424_01.CSV,FF30 sec timeout
38.0,FED002_072424_01.CSV,FF30 sec timeout
723.0,FED002_072424_01.CSV,FF30 sec timeout
38.0,FED002_072424_01.CSV,FF30 sec timeout
38.0,FED002_072424_01.CSV,FF30 sec timeout
37.0,FED002_072424_01.CSV,FF30 sec timeout
41.0,FED002_072424_01.CSV,FF30 sec timeout
40.0,FED002_072424_01.CSV,FF30 sec timeout
43.0,FED002_072424_01.CSV,FF30 sec timeout
943.0,FED002_072424_01.CSV,FF30 sec timeout
37.0,FED002_072424_01.CSV,FF30 sec timeout
37.0,FED002_072424_01.CSV,FF30 sec timeout
37.0,FED002_072424_01.CSV,FF30 sec timeout
41.0,FED002_072424_01.CSV,FF30 sec timeout
83.0,FED002_072424_01.CSV,FF30 sec timeout
1081.0,FED002_072424_01.CSV,FF30 sec timeout
38.0,FED002_072424_01.CSV,FF30 sec timeout
39.0,FED002_072424_01.CSV,FF30 sec timeout
537.0,FED002_072424_01.CSV,FF30 sec timeout
43.0,FED002_072424_01.CSV,FF30 sec timeout
38.0,FED002_072424_01.CSV,FF30 sec timeout
132.0,FED002_072424_01.CSV,FF30 sec timeout
38.0,FED002_072424_01.CSV,FF30 sec timeout
38.0,FED002_072424_01.CSV,FF30 sec timeout
43.0,FED002_072424_01.CSV,FF30 sec timeout
38.0,FED002_072424_01.CSV,FF30 sec timeout
459.0,FED002_072424_01.CSV,FF30 sec timeout
39.0,FED002_072424_01.CSV,FF30 sec timeout
39.0,FED002_072424_01.CSV,FF30 sec timeout
43.0,FED002_072424_01.CSV,FF30 sec timeout
672.0,FED002_072424_01.CSV,FF30 sec timeout
37.0,FED002_072424_01.CSV,FF30 sec timeout
39.0,FED002_072424_01.CSV,FF30 sec timeout
165.0,FED002_072424_01.CSV,FF30 sec timeout
390.0,FED002_072424_01.CSV,FF30 sec timeout
40.0,FED002_072424_01.CSV,FF30 sec timeout
38.0,FED002_072424_01.CSV,FF30 sec timeout
55.0,FED002_072424_01.CSV,FF30 sec timeout
37.0,FED002_072424_01.CSV,FF30 sec timeout
42.0,FED002_072424_01.CSV,FF30 sec timeout
38.0,FED002_072424_01.CSV,FF30 sec timeout
1405.0,FED002_072424_01.CSV,FF30 sec timeout
256.0,FED002_072424_01.CSV,FF30 sec timeout
188.0,FED002_072424_01.CSV,FF30 sec timeout
40.0,FED002_072424_01.CSV,FF30 sec timeout
44.0,FED002_072424_01.CSV,FF30 sec timeout
40.0,FED002_072424_01.CSV,FF30 sec timeout
1258.0,FED002_072424_01.CSV,FF30 sec timeout
40.0,FED002_072424_01.CSV,FF30 sec timeout
38.0,FED002_072424_01.CSV,FF30 sec timeout
38.0,FED002_072424_01.CSV,FF30 sec timeout
37.0,FED002_072424_01.CSV,FF30 sec timeout
39.0,FED002_072424_01.CSV,FF30 sec timeout
38.0,FED002_072424_01.CSV,FF30 sec timeout
39.0,FED002_072424_01.CSV,FF30 sec timeout
54.0,FED002_072424_01.CSV,FF30 sec timeout
37.0,FED002_072424_01.CSV,FF30 sec timeout
41.0,FED002_072424_01.CSV,FF30 sec timeout
314.0,FED002_072424_01.CSV,FF30 sec timeout
922.0,FED002_072424_01.CSV,FF30 sec timeout
38.0,FED002_072424_01.CSV,FF30 sec timeout
46.0,FED002_072424_01.CSV,FF30 sec timeout
36.0,FED002_072424_01.CSV,FF30 sec timeout
91.0,FED002_072424_01.CSV,FF30 sec timeout
38.0,FED002_072424_01.CSV,FF30 sec timeout
38.0,FED002_072424_01.CSV,FF30 sec timeout
38.0,FED002_072424_01.CSV,FF30 sec timeout
51.0,FED002_072424_01.CSV,FF30 sec timeout
371.0,FED002_072424_01.CSV,FF30 sec timeout
256.0,FED002_072424_01.CSV,FF30 sec timeout
2617.0,FED002_072424_01.CSV,FF30 sec timeout
42.0,FED002_072424_01.CSV,FF30 sec timeout
44.0,FED002_072424_01.CSV,FF30 sec timeout
37.0,FED002_072424_01.CSV,FF30 sec timeout
60.0,FED002_072424_01.CSV,FF30 sec timeout
1430.0,FED002_072424_01.CSV,FF30 sec timeout
45.0,FED002_072424_01.CSV,FF30 sec timeout
54.0,FED002_072424_01.CSV,FF30 sec timeout
41.0,FED002_072424_01.CSV,FF30 sec timeout
40.0,FED002_072424_01.CSV,FF30 sec timeout
39.0,FED002_072424_01.CSV,FF30 sec timeout
40.0,FED002_072424_01.CSV,FF30 sec timeout
1332.0,FED002_072424_01.CSV,FF30 sec timeout
37.0,FED002_072424_01.CSV,FF30 sec timeout
42.0,FED002_072424_01.CSV,FF30 sec timeout
246.0,FED002_072424_01.CSV,FF30 sec timeout
724.0,FED002_072424_01.CSV,FF30 sec timeout
42.0,FED002_072424_01.CSV,FF30 sec timeout
45.0,FED002_072424_01.CSV,FF30 sec timeout
43.0,FED002_072424_01.CSV,FF30 sec timeout
872.0,FED002_072424_01.CSV,FF30 sec timeout
1842.0,FED002_072424_01.CSV,FF30 sec timeout
785.0,FED002_072424_01.CSV,FF30 sec timeout
46.0,FED002_072424_01.CSV,FF30 sec timeout
56.0,FED002_072424_01.CSV,FF30 sec timeout
40.0,FED002_072424_01.CSV,FF30 sec timeout
1242.0,FED002_072424_01.CSV,FF30 sec timeout
42.0,FED002_072424_01.CSV,FF30 sec timeout
38.0,FED002_072424_01.CSV,FF30 sec timeout
40.0,FED002_072424_01.CSV,FF30 sec timeout
39.0,FED002_072424_01.CSV,FF30 sec timeout
37.0,FED002_072424_01.CSV,FF30 sec timeout
39.0,FED002_072424_01.CSV,FF30 sec timeout
43.0,FED002_072424_01.CSV,FF30 sec timeout
42.0,FED002_072424_01.CSV,FF30 sec timeout
41.0,FED002_072424_01.CSV,FF30 sec timeout
94.0,FED002_072424_01.CSV,FF30 sec timeout
98.0,FED002_072424_01.CSV,FF30 sec timeout
41.0,FED002_072424_01.CSV,FF30 sec timeout
45.0,FED002_072424_01.CSV,FF30 sec timeout
37.0,FED002_072424_01.CSV,FF30 sec timeout
88.0,FED002_072424_01.CSV,FF30 sec timeout
193.0,FED002_072424_01.CSV,FF30 sec timeout
1060.0,FED002_072424_01.CSV,FF30 sec timeout
58.0,FED002_072424_01.CSV,FF30 sec timeout
57.0,FED002_072424_01.CSV,FF30 sec timeout
216.0,FED002_072424_01.CSV,FF30 sec timeout
448.0,FED002_072424_01.CSV,FF30 sec timeout
164.0,FED002_072424_01.CSV,FF30 sec timeout
116.0,FED002_072424_01.CSV,FF30 sec timeout
39.0,FED002_072424_01.CSV,FF30 sec timeout
1616.0,FED002_072424_01.CSV,FF30 sec timeout
40.0,FED002_072424_01.CSV,FF30 sec timeout
38.0,FED002_072424_01.CSV,FF30 sec timeout
39.0,FED002_072424_01.CSV,FF30 sec timeout
1888.0,FED002_072424_01.CSV,FF30 sec timeout
907.0,FED002_072424_01.CSV,FF30 sec timeout
62.0,FED002_072424_01.CSV,FF30 sec timeout
1164.0,FED002_072424_01.CSV,FF30 sec timeout
316.0,FED002_072424_01.CSV,FF30 sec timeout
548.0,FED002_072424_01.CSV,FF30 sec timeout
58.0,FED002_072424_01.CSV,FF30 sec timeout
45.0,FED002_072424_01.CSV,FF30 sec timeout
105.0,FED002_072424_01.CSV,FF30 sec timeout
866.0,FED002_072424_01.CSV,FF30 sec timeout
996.0,FED002_072424_01.CSV,FF30 sec timeout
39.0,FED002_072424_01.CSV,FF30 sec timeout
885.0,FED002_072424_01.CSV,FF30 sec timeout
1171.0,FED002_072424_01.CSV,FF30 sec timeout
41.0,FED002_072424_01.CSV,FF30 sec timeout
1513.0,FED002_072424_01.CSV,FF30 sec timeout
513.0,FED002_072424_01.CSV,FF30 sec timeout
13036.0,FED002_072424_01.CSV,FF30 sec timeout
42.0,FED002_072424_01.CSV,FF30 sec timeout
51.0,FED002_072424_01.CSV,FF30 sec timeout
38.0,FED002_072424_01.CSV,FF30 sec timeout
37.0,FED002_072424_01.CSV,FF30 sec timeout
40.0,FED002_072424_01.CSV,FF30 sec timeout
144.0,FED002_072424_01.CSV,FF30 sec timeout
39.0,FED002_072424_01.CSV,FF30 sec timeout
39.0,FED002_072424_01.CSV,FF30 sec timeout
41.0,FED002_072424_01.CSV,FF30 sec timeout
272.0,FED002_072424_01.CSV,FF30 sec timeout
39.0,FED002_072424_01.CSV,FF30 sec timeout
711.0,FED002_072424_01.CSV,FF30 sec timeout
366.0,FED002_072424_01.CSV,FF30 sec timeout
268.0,FED002_072424_01.CSV,FF30 sec timeout
974.0,FED002_072424_01.CSV,FF30 sec timeout
39.0,FED002_072424_01.CSV,FF30 sec timeout
38.0,FED002_072424_01.CSV,FF30 sec timeout
37.0,FED002_072424_01.CSV,FF30 sec timeout
55.0,FED002_072424_01.CSV,FF30 sec timeout
2289.0,FED002_072424_01.CSV,FF30 sec timeout
39.0,FED002_072424_01.CSV,FF30 sec timeout
39.0,FED002_072424_01.CSV,FF30 sec timeout
37.0,FED002_072424_01.CSV,FF30 sec timeout
60.0,FED002_072424_01.CSV,FF30 sec timeout
644.0,FED002_072424_01.CSV,FF30 sec timeout
38.0,FED002_072424_01.CSV,FF30 sec timeout
37.0,FED002_072424_01.CSV,FF30 sec timeout
38.0,FED002_072424_01.CSV,FF30 sec timeout
1889.0,FED002_072424_01.CSV,FF30 sec timeout
39.0,FED002_072424_01.CSV,FF30 sec timeout
38.0,FED002_072424_01.CSV,FF30 sec timeout
53.0,FED002_072424_01.CSV,FF30 sec timeout
40.0,FED002_072424_01.CSV,FF30 sec timeout
184.0,FED002_072424_01.CSV,FF30 sec timeout
133.0,FED002_072424_01.CSV,FF30 sec timeout
709.0,FED002_072424_01.CSV,FF30 sec timeout
46.0,FED002_072424_01.CSV,FF30 sec timeout
1847.0,FED002_072424_01.CSV,FF30 sec timeout
38.0,FED002_072424_01.CSV,FF30 sec timeout
38.0,FED002_072424_01.CSV,FF30 sec timeout
37.0,FED002_072424_01.CSV,FF30 sec timeout
38.0,FED002_072424_01.CSV,FF30 sec timeout
38.0,FED002_072424_01.CSV,FF30 sec timeout
738.0,FED002_072424_01.CSV,FF30 sec timeout
610.0,FED002_072424_01.CSV,FF30 sec timeout
43.0,FED002_072424_01.CSV,FF30 sec timeout
39.0,FED002_072424_01.CSV,FF30 sec timeout
937.0,FED002_072424_01.CSV,FF30 sec timeout
37.0,FED002_072424_01.CSV,FF30 sec timeout
41.0,FED002_072424_01.CSV,FF30 sec timeout
37.0,FED002_072424_01.CSV,FF30 sec timeout
39.0,FED002_072424_01.CSV,FF30 sec timeout
39.0,FED002_072424_01.CSV,FF30 sec timeout
749.0,FED002_072424_01.CSV,FF30 sec timeout
520.0,FED002_072424_01.CSV,FF30 sec timeout
39.0,FED002_072424_01.CSV,FF30 sec timeout
37.0,FED002_072424_01.CSV,FF30 sec timeout
676.0,FED002_072424_01.CSV,FF30 sec timeout
40.0,FED002_072424_01.CSV,FF30 sec timeout
748.0,FED002_072424_01.CSV,FF30 sec timeout
39.0,FED002_072424_01.CSV,FF30 sec timeout
37.0,FED002_072424_01.CSV,FF30 sec timeout
53.0,FED002_072424_01.CSV,FF30 sec timeout
1385.0,FED002_072424_01.CSV,FF30 sec timeout
37.0,FED002_072424_01.CSV,FF30 sec timeout
37.0,FED002_072424_01.CSV,FF30 sec timeout
38.0,FED002_072424_01.CSV,FF30 sec timeout
645.0,FED002_072424_01.CSV,FF30 sec timeout
485.0,FED002_072424_01.CSV,FF30 sec timeout
38.0,FED002_072424_01.CSV,FF30 sec timeout
41.0,FED002_072424_01.CSV,FF30 sec timeout
37.0,FED002_072424_01.CSV,FF30 sec timeout
39.0,FED002_072424_01.CSV,FF30 sec timeout
42.0,FED002_072424_01.CSV,FF30 sec timeout
219.0,FED002_072424_01.CSV,FF30 sec timeout
333.0,FED002_072424_01.CSV,FF30 sec timeout
38.0,FED002_072424_01.CSV,FF30 sec timeout
38.0,FED002_072424_01.CSV,FF30 sec timeout
39.0,FED002_072424_01.CSV,FF30 sec timeout
40.0,FED002_072424_01.CSV,FF30 sec timeout
38.0,FED002_072424_01.CSV,FF30 sec timeout
407.0,FED002_072424_01.CSV,FF30 sec timeout
45.0,FED002_072424_01.CSV,FF30 sec timeout
915.0,FED002_072424_01.CSV,FF30 sec timeout
38.0,FED002_072424_01.CSV,FF30 sec timeout
38.0,FED002_072424_01.CSV,FF30 sec timeout
40.0,FED002_072424_01.CSV,FF30 sec timeout
38.0,FED002_072424_01.CSV,FF30 sec timeout
505.0,FED002_072424_01.CSV,FF30 sec timeout
38.0,FED002_072424_01.CSV,FF30 sec timeout
37.0,FED002_072424_01.CSV,FF30 sec timeout
38.0,FED002_072424_01.CSV,FF30 sec timeout
745.0,FED002_072424_01.CSV,FF30 sec timeout
37.0,FED002_072424_01.CSV,FF30 sec timeout
46.0,FED002_072424_01.CSV,FF30 sec timeout
40.0,FED002_072424_01.CSV,FF30 sec timeout
673.0,FED002_072424_01.CSV,FF30 sec timeout
40.0,FED002_072424_01.CSV,FF30 sec timeout
52.0,FED002_072424_01.CSV,FF30 sec timeout
40.0,FED002_072424_01.CSV,FF30 sec timeout
38.0,FED002_072424_01.CSV,FF30 sec timeout
87.0,FED002_072424_01.CSV,FF30 sec timeout
51.0,FED002_072424_01.CSV,FF30 sec timeout
47.0,FED002_072424_01.CSV,FF30 sec timeout
370.0,FED002_072424_01.CSV,FF30 sec timeout
474.0,FED002_072424_01.CSV,FF30 sec timeout
38.0,FED002_072424_01.CSV,FF30 sec timeout
40.0,FED002_072424_01.CSV,FF30 sec timeout
225.0,FED002_072424_01.CSV,FF30 sec timeout
38.0,FED002_072424_01.CSV,FF30 sec timeout
45.0,FED002_072424_01.CSV,FF30 sec timeout
43.0,FED002_072424_01.CSV,FF30 sec timeout
40.0,FED002_072424_01.CSV,FF30 sec timeout
40.0,FED002_072424_01.CSV,FF30 sec timeout
451.0,FED002_072424_01.CSV,FF30 sec timeout
44.0,FED002_072424_01.CSV,FF30 sec timeout
37.0,FED002_072424_01.CSV,FF30 sec timeout
38.0,FED002_072424_01.CSV,FF30 sec timeout
38.0,FED002_072424_01.CSV,FF30 sec timeout
393.0,FED002_072424_01.CSV,FF30 sec timeout
41.0,FED002_072424_01.CSV,FF30 sec timeout
40.0,FED002_072424_01.CSV,FF30 sec timeout
938.0,FED002_072424_01.CSV,FF30 sec timeout
567.0,FED002_072424_01.CSV,FF30 sec timeout
57.0,FED002_072424_01.CSV,FF30 sec timeout
334.0,FED002_072424_01.CSV,FF30 sec timeout
37.0,FED002_072424_01.CSV,FF30 sec timeout
38.0,FED002_072424_01.CSV,FF30 sec timeout
47.0,FED002_072424_01.CSV,FF30 sec timeout
1232.0,FED002_072424_01.CSV,FF30 sec timeout
38.0,FED002_072424_01.CSV,FF30 sec timeout
37.0,FED002_072424_01.CSV,FF30 sec timeout
37.0,FED002_072424_01.CSV,FF30 sec timeout
40.0,FED002_072424_01.CSV,FF30 sec timeout
39.0,FED002_072424_01.CSV,FF30 sec timeout
41.0,FED002_072424_01.CSV,FF30 sec timeout
37.0,FED002_072424_01.CSV,FF30 sec timeout
39.0,FED002_072424_01.CSV,FF30 sec timeout
38.0,FED002_072424_01.CSV,FF30 sec timeout
2160.0,FED002_072424_01.CSV,FF30 sec timeout
61.0,FED002_072424_01.CSV,FF30 sec timeout
42.0,FED002_072424_01.CSV,FF30 sec timeout
38.0,FED002_072424_01.CSV,FF30 sec timeout
40.0,FED002_072424_01.CSV,FF30 sec timeout
45.0,FED002_072424_01.CSV,FF30 sec timeout
39.0,FED002_072424_01.CSV,FF30 sec timeout
38.0,FED002_072424_01.CSV,FF30 sec timeout
38.0,FED002_072424_01.CSV,FF30 sec timeout
1146.0,FED002_072424_01.CSV,FF30 sec timeout
37.0,FED002_072424_01.CSV,FF30 sec timeout
40.0,FED002_072424_01.CSV,FF30 sec timeout
38.0,FED002_072424_01.CSV,FF30 sec timeout
38.0,FED002_072424_01.CSV,FF30 sec timeout
45.0,FED002_072424_01.CSV,FF30 sec timeout
159.0,FED002_072424_01.CSV,FF30 sec timeout
686.0,FED002_072424_01.CSV,FF30 sec timeout
40.0,FED002_072424_01.CSV,FF30 sec timeout
37.0,FED002_072424_01.CSV,FF30 sec timeout
38.0,FED002_072424_01.CSV,FF30 sec timeout
37.0,FED002_072424_01.CSV,FF30 sec timeout
38.0,FED002_072424_01.CSV,FF30 sec timeout
626.0,FED002_072424_01.CSV,FF30 sec timeout
47.0,FED002_072424_01.CSV,FF30 sec timeout
41.0,FED002_072424_01.CSV,FF30 sec timeout
40.0,FED002_072424_01.CSV,FF30 sec timeout
41.0,FED002_072424_01.CSV,FF30 sec timeout
68.0,FED002_072424_01.CSV,FF30 sec timeout
481.0,FED002_072424_01.CSV,FF30 sec timeout
143.0,FED002_072424_01.CSV,FF30 sec timeout
41.0,FED002_072424_01.CSV,FF30 sec timeout
37.0,FED002_072424_01.CSV,FF30 sec timeout
41.0,FED002_072424_01.CSV,FF30 sec timeout
39.0,FED002_072424_01.CSV,FF30 sec timeout
45.0,FED002_072424_01.CSV,FF30 sec timeout
37.0,FED002_072424_01.CSV,FF30 sec timeout
53.0,FED002_072424_01.CSV,FF30 sec timeout
1435.0,FED002_072424_01.CSV,FF30 sec timeout
384.0,FED002_072424_01.CSV,FF30 sec timeout
526.0,FED002_072424_01.CSV,FF30 sec timeout
667.0,FED002_072424_01.CSV,FF30 sec timeout
40.0,FED002_072424_01.CSV,FF30 sec timeout
48.0,FED002_072424_01.CSV,FF30 sec timeout
40.0,FED002_072424_01.CSV,FF30 sec timeout
38.0,FED002_072424_01.CSV,FF30 sec timeout
46.0,FED002_072424_01.CSV,FF30 sec timeout
37.0,FED002_072424_01.CSV,FF30 sec timeout
45.0,FED002_072424_01.CSV,FF30 sec timeout
38.0,FED002_072424_01.CSV,FF30 sec timeout
37.0,FED002_072424_01.CSV,FF30 sec timeout
305.0,FED002_072424_01.CSV,FF30 sec timeout
436.0,FED002_072424_01.CSV,FF30 sec timeout
37.0,FED002_072424_01.CSV,FF30 sec timeout
38.0,FED002_072424_01.CSV,FF30 sec timeout
38.0,FED002_072424_01.CSV,FF30 sec timeout
1825.0,FED002_072424_01.CSV,FF30 sec timeout
62.0,FED002_072424_01.CSV,FF30 sec timeout
239.0,FED002_072424_01.CSV,FF30 sec timeout
47.0,FED002_072424_01.CSV,FF30 sec timeout
1095.0,FED002_072424_01.CSV,FF30 sec timeout
62.0,FED002_072424_01.CSV,FF30 sec timeout
87.0,FED002_072424_01.CSV,FF30 sec timeout
84.0,FED002_072424_01.CSV,FF30 sec timeout
98.0,FED002_072424_01.CSV,FF30 sec timeout
44.0,FED002_072424_01.CSV,FF30 sec timeout
49.0,FED002_072424_01.CSV,FF30 sec timeout
44.0,FED002_072424_01.CSV,FF30 sec timeout
2792.0,FED002_072424_01.CSV,FF30 sec timeout
660.0,FED002_072424_01.CSV,FF30 sec timeout
46.0,FED002_072424_01.CSV,FF30 sec timeout
41.0,FED002_072424_01.CSV,FF30 sec timeout
67.0,FED002_072424_01.CSV,FF30 sec timeout
39.0,FED002_072424_01.CSV,FF30 sec timeout
47.0,FED002_072424_01.CSV,FF30 sec timeout
66.0,FED002_072424_01.CSV,FF30 sec timeout
39.0,FED002_072424_01.CSV,FF30 sec timeout
1246.0,FED002_072424_01.CSV,FF30 sec timeout
38.0,FED002_072424_01.CSV,FF30 sec timeout
37.0,FED002_072424_01.CSV,FF30 sec timeout
39.0,FED002_072424_01.CSV,FF30 sec timeout
38.0,FED002_072424_01.CSV,FF30 sec timeout
38.0,FED002_072424_01.CSV,FF30 sec timeout
695.0,FED002_072424_01.CSV,FF30 sec timeout
40.0,FED002_072424_01.CSV,FF30 sec timeout
39.0,FED002_072424_01.CSV,FF30 sec timeout
38.0,FED002_072424_01.CSV,FF30 sec timeout
38.0,FED002_072424_01.CSV,FF30 sec timeout
37.0,FED002_072424_01.CSV,FF30 sec timeout
37.0,FED002_072424_01.CSV,FF30 sec timeout
2411.0,FED002_072424_01.CSV,FF30 sec timeout
45.0,FED002_072424_01.CSV,FF30 sec timeout
47.0,FED002_072424_01.CSV,FF30 sec timeout
96.0,FED002_072424_01.CSV,FF30 sec timeout
41.0,FED002_072424_01.CSV,FF30 sec timeout
971.0,FED002_072424_01.CSV,FF30 sec timeout
472.0,FED002_072424_01.CSV,FF30 sec timeout
39.0,FED002_072424_01.CSV,FF30 sec timeout
38.0,FED002_072424_01.CSV,FF30 sec timeout
42.0,FED002_072424_01.CSV,FF30 sec timeout
87.0,FED002_072424_01.CSV,FF30 sec timeout
42.0,FED002_072424_01.CSV,FF30 sec timeout
491.0,FED002_072424_01.CSV,FF30 sec timeout
602.0,FED002_072424_01.CSV,FF30 sec timeout
509.0,FED002_072424_01.CSV,FF30 sec timeout
51.0,FED002_072424_01.CSV,FF30 sec timeout
1209.0,FED002_072424_01.CSV,FF30 sec timeout
37.0,FED002_072424_01.CSV,FF30 sec timeout
39.0,FED002_072424_01.CSV,FF30 sec timeout
38.0,FED002_072424_01.CSV,FF30 sec timeout
44.0,FED002_072424_01.CSV,FF30 sec timeout
38.0,FED002_072424_01.CSV,FF30 sec timeout
47.0,FED002_072424_01.CSV,FF30 sec timeout
38.0,FED002_072424_01.CSV,FF30 sec timeout
116.0,FED002_072424_01.CSV,FF30 sec timeout
41.0,FED002_072424_01.CSV,FF30 sec timeout
495.0,FED002_072424_01.CSV,FF30 sec timeout
730.0,FED002_072424_01.CSV,FF30 sec timeout
430.0,FED002_072424_01.CSV,FF30 sec timeout
55.0,FED002_072424_01.CSV,FF30 sec timeout
1541.0,FED002_072424_01.CSV,FF30 sec timeout
1843.0,FED002_072424_01.CSV,FF30 sec timeout
48.0,FED002_072424_01.CSV,FF30 sec timeout
58.0,FED002_072424_01.CSV,FF30 sec timeout
1726.0,FED002_072424_01.CSV,FF30 sec timeout
504.0,FED002_072424_01.CSV,FF30 sec timeout
442.0,FED002_072424_01.CSV,FF30 sec timeout
44.0,FED002_072424_01.CSV,FF30 sec timeout
37.0,FED002_072424_01.CSV,FF30 sec timeout
4637.0,FED002_072424_01.CSV,FF30 sec timeout
351.0,FED002_072424_01.CSV,FF30 sec timeout
122.0,FED002_072424_01.CSV,FF30 sec timeout
7446.0,FED002_072424_01.CSV,FF30 sec timeout
842.0,FED007_072424_01.CSV,FF30 sec timeout
43.0,FED007_072424_01.CSV,FF30 sec timeout
204.0,FED007_072424_01.CSV,FF30 sec timeout
62.0,FED007_072424_01.CSV,FF30 sec timeout
45.0,FED007_072424_01.CSV,FF30 sec timeout
39.0,FED007_072424_01.CSV,FF30 sec timeout
52.0,FED007_072424_01.CSV,FF30 sec timeout
76.0,FED007_072424_01.CSV,FF30 sec timeout
1895.0,FED007_072424_01.CSV,FF30 sec timeout
234.0,FED007_072424_01.CSV,FF30 sec timeout
57.0,FED007_072424_01.CSV,FF30 sec timeout
44.0,FED007_072424_01.CSV,FF30 sec timeout
973.0,FED007_072424_01.CSV,FF30 sec timeout
57.0,FED007_072424_01.CSV,FF30 sec timeout
2510.0,FED007_072424_01.CSV,FF30 sec timeout
1450.0,FED007_072424_01.CSV,FF30 sec timeout
312.0,FED007_072424_01.CSV,FF30 sec timeout
37.0,FED007_072424_01.CSV,FF30 sec timeout
38.0,FED007_072424_01.CSV,FF30 sec timeout
84.0,FED007_072424_01.CSV,FF30 sec timeout
167.0,FED007_072424_01.CSV,FF30 sec timeout
1797.0,FED007_072424_01.CSV,FF30 sec timeout
39.0,FED007_072424_01.CSV,FF30 sec timeout
2223.0,FED007_072424_01.CSV,FF30 sec timeout
38.0,FED007_072424_01.CSV,FF30 sec timeout
40.0,FED007_072424_01.CSV,FF30 sec timeout
39.0,FED007_072424_01.CSV,FF30 sec timeout
39.0,FED007_072424_01.CSV,FF30 sec timeout
38.0,FED007_072424_01.CSV,FF30 sec timeout
38.0,FED007_072424_01.CSV,FF30 sec timeout
2517.0,FED007_072424_01.CSV,FF30 sec timeout
39.0,FED007_072424_01.CSV,FF30 sec timeout
38.0,FED007_072424_01.CSV,FF30 sec timeout
38.0,FED007_072424_01.CSV,FF30 sec timeout
38.0,FED007_072424_01.CSV,FF30 sec timeout
38.0,FED007_072424_01.CSV,FF30 sec timeout
31.0,FED007_072424_01.CSV,FF30 sec timeout
37.0,FED007_072424_01.CSV,FF30 sec timeout
33.0,FED007_072424_01.CSV,FF30 sec timeout
107.0,FED007_072424_01.CSV,FF30 sec timeout
38.0,FED007_072424_01.CSV,FF30 sec timeout
37.0,FED007_072424_01.CSV,FF30 sec timeout
39.0,FED007_072424_01.CSV,FF30 sec timeout
1621.0,FED007_072424_01.CSV,FF30 sec timeout
40.0,FED007_072424_01.CSV,FF30 sec timeout
543.0,FED007_072424_01.CSV,FF30 sec timeout
37.0,FED007_072424_01.CSV,FF30 sec timeout
37.0,FED007_072424_01.CSV,FF30 sec timeout
38.0,FED007_072424_01.CSV,FF30 sec timeout
38.0,FED007_072424_01.CSV,FF30 sec timeout
37.0,FED007_072424_01.CSV,FF30 sec timeout
72.0,FED007_072424_01.CSV,FF30 sec timeout
40.0,FED007_072424_01.CSV,FF30 sec timeout
40.0,FED007_072424_01.CSV,FF30 sec timeout
100.0,FED007_072424_01.CSV,FF30 sec timeout
40.0,FED007_072424_01.CSV,FF30 sec timeout
921.0,FED007_072424_01.CSV,FF30 sec timeout
37.0,FED007_072424_01.CSV,FF30 sec timeout
38.0,FED007_072424_01.CSV,FF30 sec timeout
38.0,FED007_072424_01.CSV,FF30 sec timeout
75.0,FED007_072424_01.CSV,FF30 sec timeout
45.0,FED007_072424_01.CSV,FF30 sec timeout
54.0,FED007_072424_01.CSV,FF30 sec timeout
788.0,FED007_072424_01.CSV,FF30 sec timeout
39.0,FED007_072424_01.CSV,FF30 sec timeout
39.0,FED007_072424_01.CSV,FF30 sec timeout
37.0,FED007_072424_01.CSV,FF30 sec timeout
39.0,FED007_072424_01.CSV,FF30 sec timeout
38.0,FED007_072424_01.CSV,FF30 sec timeout
41.0,FED007_072424_01.CSV,FF30 sec timeout
128.0,FED007_072424_01.CSV,FF30 sec timeout
1845.0,FED007_072424_01.CSV,FF30 sec timeout
49.0,FED007_072424_01.CSV,FF30 sec timeout
39.0,FED007_072424_01.CSV,FF30 sec timeout
38.0,FED007_072424_01.CSV,FF30 sec timeout
38.0,FED007_072424_01.CSV,FF30 sec timeout
40.0,FED007_072424_01.CSV,FF30 sec timeout
50.0,FED007_072424_01.CSV,FF30 sec timeout
47.0,FED007_072424_01.CSV,FF30 sec timeout
497.0,FED007_072424_01.CSV,FF30 sec timeout
88.0,FED007_072424_01.CSV,FF30 sec timeout
40.0,FED007_072424_01.CSV,FF30 sec timeout
45.0,FED007_072424_01.CSV,FF30 sec timeout
58.0,FED007_072424_01.CSV,FF30 sec timeout
671.0,FED007_072424_01.CSV,FF30 sec timeout
38.0,FED007_072424_01.CSV,FF30 sec timeout
38.0,FED007_072424_01.CSV,FF30 sec timeout
42.0,FED007_072424_01.CSV,FF30 sec timeout
65.0,FED007_072424_01.CSV,FF30 sec timeout
748.0,FED007_072424_01.CSV,FF30 sec timeout
669.0,FED007_072424_01.CSV,FF30 sec timeout
37.0,FED007_072424_01.CSV,FF30 sec timeout
792.0,FED007_072424_01.CSV,FF30 sec timeout
52.0,FED007_072424_01.CSV,FF30 sec timeout
41.0,FED007_072424_01.CSV,FF30 sec timeout
45.0,FED007_072424_01.CSV,FF30 sec timeout
43.0,FED007_072424_01.CSV,FF30 sec timeout
41.0,FED007_072424_01.CSV,FF30 sec timeout
37.0,FED007_072424_01.CSV,FF30 sec timeout
968.0,FED007_072424_01.CSV,FF30 sec timeout
893.0,FED007_072424_01.CSV,FF30 sec timeout
39.0,FED007_072424_01.CSV,FF30 sec timeout
39.0,FED007_072424_01.CSV,FF30 sec timeout
38.0,FED007_072424_01.CSV,FF30 sec timeout
40.0,FED007_072424_01.CSV,FF30 sec timeout
38.0,FED007_072424_01.CSV,FF30 sec timeout
767.0,FED007_072424_01.CSV,FF30 sec timeout
48.0,FED007_072424_01.CSV,FF30 sec timeout
39.0,FED007_072424_01.CSV,FF30 sec timeout
735.0,FED007_072424_01.CSV,FF30 sec timeout
39.0,FED007_072424_01.CSV,FF30 sec timeout
47.0,FED007_072424_01.CSV,FF30 sec timeout
42.0,FED007_072424_01.CSV,FF30 sec timeout
37.0,FED007_072424_01.CSV,FF30 sec timeout
955.0,FED007_072424_01.CSV,FF30 sec timeout
40.0,FED007_072424_01.CSV,FF30 sec timeout
42.0,FED007_072424_01.CSV,FF30 sec timeout
37.0,FED007_072424_01.CSV,FF30 sec timeout
38.0,FED007_072424_01.CSV,FF30 sec timeout
53.0,FED007_072424_01.CSV,FF30 sec timeout
39.0,FED007_072424_01.CSV,FF30 sec timeout
64.0,FED007_072424_01.CSV,FF30 sec timeout
43.0,FED007_072424_01.CSV,FF30 sec timeout
721.0,FED007_072424_01.CSV,FF30 sec timeout
41.0,FED007_072424_01.CSV,FF30 sec timeout
55.0,FED007_072424_01.CSV,FF30 sec timeout
773.0,FED007_072424_01.CSV,FF30 sec timeout
834.0,FED007_072424_01.CSV,FF30 sec timeout
41.0,FED007_072424_01.CSV,FF30 sec timeout
1211.0,FED007_072424_01.CSV,FF30 sec timeout
241.0,FED007_072424_01.CSV,FF30 sec timeout
321.0,FED007_072424_01.CSV,FF30 sec timeout
44.0,FED007_072424_01.CSV,FF30 sec timeout
41.0,FED007_072424_01.CSV,FF30 sec timeout
39.0,FED007_072424_01.CSV,FF30 sec timeout
37.0,FED007_072424_01.CSV,FF30 sec timeout
38.0,FED007_072424_01.CSV,FF30 sec timeout
38.0,FED007_072424_01.CSV,FF30 sec timeout
39.0,FED007_072424_01.CSV,FF30 sec timeout
38.0,FED007_072424_01.CSV,FF30 sec timeout
40.0,FED007_072424_01.CSV,FF30 sec timeout
49.0,FED007_072424_01.CSV,FF30 sec timeout
40.0,FED007_072424_01.CSV,FF30 sec timeout
38.0,FED007_072424_01.CSV,FF30 sec timeout
39.0,FED007_072424_01.CSV,FF30 sec timeout
39.0,FED007_072424_01.CSV,FF30 sec timeout
95.0,FED007_072424_01.CSV,FF30 sec timeout
4182.0,FED007_072424_01.CSV,FF30 sec timeout
38.0,FED007_072424_01.CSV,FF30 sec timeout
42.0,FED007_072424_01.CSV,FF30 sec timeout
37.0,FED007_072424_01.CSV,FF30 sec timeout
40.0,FED007_072424_01.CSV,FF30 sec timeout
40.0,FED007_072424_01.CSV,FF30 sec timeout
46.0,FED007_072424_01.CSV,FF30 sec timeout
38.0,FED007_072424_01.CSV,FF30 sec timeout
58.0,FED007_072424_01.CSV,FF30 sec timeout
38.0,FED007_072424_01.CSV,FF30 sec timeout
123.0,FED007_072424_01.CSV,FF30 sec timeout
1598.0,FED007_072424_01.CSV,FF30 sec timeout
37.0,FED007_072424_01.CSV,FF30 sec timeout
37.0,FED007_072424_01.CSV,FF30 sec timeout
72.0,FED007_072424_01.CSV,FF30 sec timeout
42.0,FED007_072424_01.CSV,FF30 sec timeout
103.0,FED007_072424_01.CSV,FF30 sec timeout
1700.0,FED007_072424_01.CSV,FF30 sec timeout
910.0,FED007_072424_01.CSV,FF30 sec timeout
37.0,FED007_072424_01.CSV,FF30 sec timeout
39.0,FED007_072424_01.CSV,FF30 sec timeout
38.0,FED007_072424_01.CSV,FF30 sec timeout
62.0,FED007_072424_01.CSV,FF30 sec timeout
37.0,FED007_072424_01.CSV,FF30 sec timeout
37.0,FED007_072424_01.CSV,FF30 sec timeout
38.0,FED007_072424_01.CSV,FF30 sec timeout
830.0,FED007_072424_01.CSV,FF30 sec timeout
2641.0,FED007_072424_01.CSV,FF30 sec timeout
54.0,FED007_072424_01.CSV,FF30 sec timeout
734.0,FED007_072424_01.CSV,FF30 sec timeout
37.0,FED007_072424_01.CSV,FF30 sec timeout
38.0,FED007_072424_01.CSV,FF30 sec timeout
38.0,FED007_072424_01.CSV,FF30 sec timeout
103.0,FED007_072424_01.CSV,FF30 sec timeout
2015.0,FED007_072424_01.CSV,FF30 sec timeout
38.0,FED007_072424_01.CSV,FF30 sec timeout
38.0,FED007_072424_01.CSV,FF30 sec timeout
37.0,FED007_072424_01.CSV,FF30 sec timeout
39.0,FED007_072424_01.CSV,FF30 sec timeout
54.0,FED007_072424_01.CSV,FF30 sec timeout
39.0,FED007_072424_01.CSV,FF30 sec timeout
54.0,FED007_072424_01.CSV,FF30 sec timeout
64.0,FED007_072424_01.CSV,FF30 sec timeout
204.0,FED007_072424_01.CSV,FF30 sec timeout
132.0,FED007_072424_01.CSV,FF30 sec timeout
109.0,FED007_072424_01.CSV,FF30 sec timeout
42.0,FED007_072424_01.CSV,FF30 sec timeout
41.0,FED007_072424_01.CSV,FF30 sec timeout
64.0,FED007_072424_01.CSV,FF30 sec timeout
39.0,FED007_072424_01.CSV,FF30 sec timeout
42.0,FED007_072424_01.CSV,FF30 sec timeout
43.0,FED007_072424_01.CSV,FF30 sec timeout
42.0,FED007_072424_01.CSV,FF30 sec timeout
261.0,FED007_072424_01.CSV,FF30 sec timeout
856.0,FED007_072424_01.CSV,FF30 sec timeout
39.0,FED007_072424_01.CSV,FF30 sec timeout
37.0,FED007_072424_01.CSV,FF30 sec timeout
38.0,FED007_072424_01.CSV,FF30 sec timeout
37.0,FED007_072424_01.CSV,FF30 sec timeout
38.0,FED007_072424_01.CSV,FF30 sec timeout
73.0,FED007_072424_01.CSV,FF30 sec timeout
38.0,FED007_072424_01.CSV,FF30 sec timeout
1771.0,FED007_072424_01.CSV,FF30 sec timeout
341.0,FED007_072424_01.CSV,FF30 sec timeout
39.0,FED007_072424_01.CSV,FF30 sec timeout
38.0,FED007_072424_01.CSV,FF30 sec timeout
39.0,FED007_072424_01.CSV,FF30 sec timeout
49.0,FED007_072424_01.CSV,FF30 sec timeout
42.0,FED007_072424_01.CSV,FF30 sec timeout
52.0,FED007_072424_01.CSV,FF30 sec timeout
3876.0,FED007_072424_01.CSV,FF30 sec timeout
52.0,FED007_072424_01.CSV,FF30 sec timeout
2157.0,FED007_072424_01.CSV,FF30 sec timeout
68.0,FED007_072424_01.CSV,FF30 sec timeout
42.0,FED007_072424_01.CSV,FF30 sec timeout
901.0,FED007_072424_01.CSV,FF30 sec timeout
2355.0,FED007_072424_01.CSV,FF30 sec timeout
1567.0,FED007_072424_01.CSV,FF30 sec timeout
3721.0,FED007_072424_01.CSV,FF30 sec timeout
37.0,FED007_072424_01.CSV,FF30 sec timeout
43.0,FED007_072424_01.CSV,FF30 sec timeout
93.0,FED007_072424_01.CSV,FF30 sec timeout
40.0,FED007_072424_01.CSV,FF30 sec timeout
143.0,FED007_072424_01.CSV,FF30 sec timeout
132.0,FED007_072424_01.CSV,FF30 sec timeout
2609.0,FED007_072424_01.CSV,FF30 sec timeout
40.0,FED007_072424_01.CSV,FF30 sec timeout
37.0,FED007_072424_01.CSV,FF30 sec timeout
37.0,FED007_072424_01.CSV,FF30 sec timeout
527.0,FED007_072424_01.CSV,FF30 sec timeout
2585.0,FED007_072424_01.CSV,FF30 sec timeout
41.0,FED007_072424_01.CSV,FF30 sec timeout
38.0,FED007_072424_01.CSV,FF30 sec timeout
38.0,FED007_072424_01.CSV,FF30 sec timeout
39.0,FED007_072424_01.CSV,FF30 sec timeout
44.0,FED007_072424_01.CSV,FF30 sec timeout
38.0,FED007_072424_01.CSV,FF30 sec timeout
1503.0,FED007_072424_01.CSV,FF30 sec timeout
313.0,FED007_072424_01.CSV,FF30 sec timeout
1191.0,FED007_072424_01.CSV,FF30 sec timeout
5592.0,FED007_072424_01.CSV,FF30 sec timeout
50.0,FED007_072424_01.CSV,FF30 sec timeout
38.0,FED007_072424_01.CSV,FF30 sec timeout
40.0,FED007_072424_01.CSV,FF30 sec timeout
40.0,FED007_072424_01.CSV,FF30 sec timeout
38.0,FED007_072424_01.CSV,FF30 sec timeout
38.0,FED007_072424_01.CSV,FF30 sec timeout
41.0,FED007_072424_01.CSV,FF30 sec timeout
56.0,FED007_072424_01.CSV,FF30 sec timeout
5948.0,FED007_072424_01.CSV,FF30 sec timeout
48.0,FED007_072424_01.CSV,FF30 sec timeout
37.0,FED007_072424_01.CSV,FF30 sec timeout
62.0,FED007_072424_01.CSV,FF30 sec timeout
38.0,FED007_072424_01.CSV,FF30 sec timeout
574.0,FED007_072424_01.CSV,FF30 sec timeout
39.0,FED007_072424_01.CSV,FF30 sec timeout
38.0,FED007_072424_01.CSV,FF30 sec timeout
40.0,FED007_072424_01.CSV,FF30 sec timeout
39.0,FED007_072424_01.CSV,FF30 sec timeout
2448.0,FED007_072424_01.CSV,FF30 sec timeout
48.0,FED007_072424_01.CSV,FF30 sec timeout
308.0,FED007_072424_01.CSV,FF30 sec timeout
43.0,FED007_072424_01.CSV,FF30 sec timeout
797.0,FED007_072424_01.CSV,FF30 sec timeout
54.0,FED007_072424_01.CSV,FF30 sec timeout
43.0,FED007_072424_01.CSV,FF30 sec timeout
42.0,FED007_072424_01.CSV,FF30 sec timeout
1651.0,FED007_072424_01.CSV,FF30 sec timeout
37.0,FED007_072424_01.CSV,FF30 sec timeout
643.0,FED007_072424_01.CSV,FF30 sec timeout
46.0,FED007_072424_01.CSV,FF30 sec timeout
42.0,FED007_072424_01.CSV,FF30 sec timeout
1989.0,FED007_072424_01.CSV,FF30 sec timeout
38.0,FED007_072424_01.CSV,FF30 sec timeout
40.0,FED007_072424_01.CSV,FF30 sec timeout
38.0,FED007_072424_01.CSV,FF30 sec timeout
39.0,FED007_072424_01.CSV,FF30 sec timeout
37.0,FED007_072424_01.CSV,FF30 sec timeout
41.0,FED007_072424_01.CSV,FF30 sec timeout
39.0,FED007_072424_01.CSV,FF30 sec timeout
38.0,FED007_072424_01.CSV,FF30 sec timeout
1077.0,FED007_072424_01.CSV,FF30 sec timeout
38.0,FED007_072424_01.CSV,FF30 sec timeout
48.0,FED007_072424_01.CSV,FF30 sec timeout
49.0,FED007_072424_01.CSV,FF30 sec timeout
420.0,FED007_072424_01.CSV,FF30 sec timeout
41.0,FED007_072424_01.CSV,FF30 sec timeout
545.0,FED007_072424_01.CSV,FF30 sec timeout
39.0,FED007_072424_01.CSV,FF30 sec timeout
57.0,FED007_072424_01.CSV,FF30 sec timeout
43.0,FED007_072424_01.CSV,FF30 sec timeout
38.0,FED007_072424_01.CSV,FF30 sec timeout
41.0,FED007_072424_01.CSV,FF30 sec timeout
692.0,FED007_072424_01.CSV,FF30 sec timeout
78.0,FED007_072424_01.CSV,FF30 sec timeout
38.0,FED007_072424_01.CSV,FF30 sec timeout
47.0,FED007_072424_01.CSV,FF30 sec timeout
431.0,FED007_072424_01.CSV,FF30 sec timeout
691.0,FED007_072424_01.CSV,FF30 sec timeout
377.0,FED007_072424_01.CSV,FF30 sec timeout
39.0,FED007_072424_01.CSV,FF30 sec timeout
104.0,FED007_072424_01.CSV,FF30 sec timeout
37.0,FED007_072424_01.CSV,FF30 sec timeout
138.0,FED007_072424_01.CSV,FF30 sec timeout
396.0,FED007_072424_01.CSV,FF30 sec timeout
38.0,FED007_072424_01.CSV,FF30 sec timeout
39.0,FED007_072424_01.CSV,FF30 sec timeout
43.0,FED007_072424_01.CSV,FF30 sec timeout
169.0,FED007_072424_01.CSV,FF30 sec timeout
163.0,FED007_072424_01.CSV,FF30 sec timeout
39.0,FED007_072424_01.CSV,FF30 sec timeout
1387.0,FED007_072424_01.CSV,FF30 sec timeout
39.0,FED007_072424_01.CSV,FF30 sec timeout
45.0,FED007_072424_01.CSV,FF30 sec timeout
40.0,FED007_072424_01.CSV,FF30 sec timeout
40.0,FED007_072424_01.CSV,FF30 sec timeout
83.0,FED007_072424_01.CSV,FF30 sec timeout
69.0,FED007_072424_01.CSV,FF30 sec timeout
38.0,FED007_072424_01.CSV,FF30 sec timeout
82.0,FED007_072424_01.CSV,FF30 sec timeout
39.0,FED007_072424_01.CSV,FF30 sec timeout
1377.0,FED007_072424_01.CSV,FF30 sec timeout
39.0,FED007_072424_01.CSV,FF30 sec timeout
50.0,FED007_072424_01.CSV,FF30 sec timeout
39.0,FED007_072424_01.CSV,FF30 sec timeout
40.0,FED007_072424_01.CSV,FF30 sec timeout
42.0,FED007_072424_01.CSV,FF30 sec timeout
38.0,FED007_072424_01.CSV,FF30 sec timeout
38.0,FED007_072424_01.CSV,FF30 sec timeout
72.0,FED007_072424_01.CSV,FF30 sec timeout
743.0,FED007_072424_01.CSV,FF30 sec timeout
38.0,FED007_072424_01.CSV,FF30 sec timeout
817.0,FED007_072424_01.CSV,FF30 sec timeout
137.0,FED007_072424_01.CSV,FF30 sec timeout
875.0,FED007_072424_01.CSV,FF30 sec timeout
43.0,FED007_072424_01.CSV,FF30 sec timeout
39.0,FED007_072424_01.CSV,FF30 sec timeout
46.0,FED007_072424_01.CSV,FF30 sec timeout
38.0,FED007_072424_01.CSV,FF30 sec timeout
41.0,FED007_072424_01.CSV,FF30 sec timeout
794.0,FED007_072424_01.CSV,FF30 sec timeout
40.0,FED007_072424_01.CSV,FF30 sec timeout
497.0,FED007_072424_01.CSV,FF30 sec timeout
40.0,FED007_072424_01.CSV,FF30 sec timeout
1214.0,FED007_072424_01.CSV,FF30 sec timeout
44.0,FED007_072424_01.CSV,FF30 sec timeout
52.0,FED007_072424_01.CSV,FF30 sec timeout
39.0,FED007_072424_01.CSV,FF30 sec timeout
43.0,FED007_072424_01.CSV,FF30 sec timeout
41.0,FED007_072424_01.CSV,FF30 sec timeout
45.0,FED007_072424_01.CSV,FF30 sec timeout
150.0,FED007_072424_01.CSV,FF30 sec timeout
1771.0,FED007_072424_01.CSV,FF30 sec timeout
211.0,FED007_072424_01.CSV,FF30 sec timeout
38.0,FED007_072424_01.CSV,FF30 sec timeout
44.0,FED007_072424_01.CSV,FF30 sec timeout
97.0,FED007_072424_01.CSV,FF30 sec timeout
1735.0,FED007_072424_01.CSV,FF30 sec timeout
37.0,FED007_072424_01.CSV,FF30 sec timeout
40.0,FED007_072424_01.CSV,FF30 sec timeout
48.0,FED007_072424_01.CSV,FF30 sec timeout
58.0,FED007_072424_01.CSV,FF30 sec timeout
44.0,FED007_072424_01.CSV,FF30 sec timeout
112.0,FED007_072424_01.CSV,FF30 sec timeout
48.0,FED007_072424_01.CSV,FF30 sec timeout
171.0,FED007_072424_01.CSV,FF30 sec timeout
1798.0,FED007_072424_01.CSV,FF30 sec timeout
40.0,FED007_072424_01.CSV,FF30 sec timeout
38.0,FED007_072424_01.CSV,FF30 sec timeout
49.0,FED007_072424_01.CSV,FF30 sec timeout
95.0,FED007_072424_01.CSV,FF30 sec timeout
1144.0,FED007_072424_01.CSV,FF30 sec timeout
521.0,FED007_072424_01.CSV,FF30 sec timeout
116.0,FED007_072424_01.CSV,FF30 sec timeout
752.0,FED007_072424_01.CSV,FF30 sec timeout
44.0,FED007_072424_01.CSV,FF30 sec timeout
41.0,FED007_072424_01.CSV,FF30 sec timeout
38.0,FED007_072424_01.CSV,FF30 sec timeout
64.0,FED007_072424_01.CSV,FF30 sec timeout
37.0,FED007_072424_01.CSV,FF30 sec timeout
40.0,FED007_072424_01.CSV,FF30 sec timeout
41.0,FED007_072424_01.CSV,FF30 sec timeout
65.0,FED007_072424_01.CSV,FF30 sec timeout
37.0,FED007_072424_01.CSV,FF30 sec timeout
1377.0,FED007_072424_01.CSV,FF30 sec timeout
37.0,FED007_072424_01.CSV,FF30 sec timeout
38.0,FED007_072424_01.CSV,FF30 sec timeout
38.0,FED007_072424_01.CSV,FF30 sec timeout
65.0,FED007_072424_01.CSV,FF30 sec timeout
66.0,FED007_072424_01.CSV,FF30 sec timeout
1733.0,FED007_072424_01.CSV,FF30 sec timeout
828.0,FED007_072424_01.CSV,FF30 sec timeout
52.0,FED007_072424_01.CSV,FF30 sec timeout
2045.0,FED007_072424_01.CSV,FF30 sec timeout
43.0,FED007_072424_01.CSV,FF30 sec timeout
60.0,FED007_072424_01.CSV,FF30 sec timeout
50.0,FED007_072424_01.CSV,FF30 sec timeout
44.0,FED007_072424_01.CSV,FF30 sec timeout
778.0,FED007_072424_01.CSV,FF30 sec timeout
591.0,FED007_072424_01.CSV,FF30 sec timeout
2290.0,FED007_072424_01.CSV,FF30 sec timeout
39.0,FED007_072424_01.CSV,FF30 sec timeout
37.0,FED007_072424_01.CSV,FF30 sec timeout
38.0,FED007_072424_01.CSV,FF30 sec timeout
39.0,FED007_072424_01.CSV,FF30 sec timeout
136.0,FED007_072424_01.CSV,FF30 sec timeout
47.0,FED007_072424_01.CSV,FF30 sec timeout
336.0,FED007_072424_01.CSV,FF30 sec timeout
123.0,FED007_072424_01.CSV,FF30 sec timeout
459.0,FED007_072424_01.CSV,FF30 sec timeout
54.0,FED007_072424_01.CSV,FF30 sec timeout
42.0,FED007_072424_01.CSV,FF30 sec timeout
38.0,FED007_072424_01.CSV,FF30 sec timeout
37.0,FED007_072424_01.CSV,FF30 sec timeout
39.0,FED007_072424_01.CSV,FF30 sec timeout
38.0,FED007_072424_01.CSV,FF30 sec timeout
72.0,FED007_072424_01.CSV,FF30 sec timeout
37.0,FED007_072424_01.CSV,FF30 sec timeout
77.0,FED007_072424_01.CSV,FF30 sec timeout
39.0,FED007_072424_01.CSV,FF30 sec timeout
51.0,FED007_072424_01.CSV,FF30 sec timeout
47.0,FED007_072424_01.CSV,FF30 sec timeout
46.0,FED007_072424_01.CSV,FF30 sec timeout
1966.0,FED007_072424_01.CSV,FF30 sec timeout
273.0,FED007_072424_01.CSV,FF30 sec timeout
38.0,FED007_072424_01.CSV,FF30 sec timeout
40.0,FED007_072424_01.CSV,FF30 sec timeout
52.0,FED007_072424_01.CSV,FF30 sec timeout
866.0,FED007_072424_01.CSV,FF30 sec timeout
43.0,FED007_072424_01.CSV,FF30 sec timeout
412.0,FED007_072424_01.CSV,FF30 sec timeout
882.0,FED007_072424_01.CSV,FF30 sec timeout
617.0,FED007_072424_01.CSV,FF30 sec timeout
43.0,FED007_072424_01.CSV,FF30 sec timeout
1424.0,FED007_072424_01.CSV,FF30 sec timeout
49.0,FED007_072424_01.CSV,FF30 sec timeout
383.0,FED007_072424_01.CSV,FF30 sec timeout
69.0,FED007_072424_01.CSV,FF30 sec timeout
197.0,FED007_072424_01.CSV,FF30 sec timeout
39.0,FED007_072424_01.CSV,FF30 sec timeout
8072.0,FED007_072424_01.CSV,FF30 sec timeout
58.0,FED007_072424_01.CSV,FF30 sec timeout
39.0,FED007_072424_01.CSV,FF30 sec timeout
40.0,FED007_072424_01.CSV,FF30 sec timeout
38.0,FED007_072424_01.CSV,FF30 sec timeout
43.0,FED007_072424_01.CSV,FF30 sec timeout
182.0,FED007_072424_01.CSV,FF30 sec timeout
3730.0,FED007_072424_01.CSV,FF30 sec timeout
898.0,FED008_072424_01.CSV,FF30 sec timeout
50.0,FED008_072424_01.CSV,FF30 sec timeout
38.0,FED008_072424_01.CSV,FF30 sec timeout
74.0,FED008_072424_01.CSV,FF30 sec timeout
3046.0,FED008_072424_01.CSV,FF30 sec timeout
52.0,FED008_072424_01.CSV,FF30 sec timeout
42.0,FED008_072424_01.CSV,FF30 sec timeout
5221.0,FED008_072424_01.CSV,FF30 sec timeout
43.0,FED008_072424_01.CSV,FF30 sec timeout
46.0,FED008_072424_01.CSV,FF30 sec timeout
51.0,FED008_072424_01.CSV,FF30 sec timeout
57.0,FED008_072424_01.CSV,FF30 sec timeout
2535.0,FED008_072424_01.CSV,FF30 sec timeout
38.0,FED008_072424_01.CSV,FF30 sec timeout
45.0,FED008_072424_01.CSV,FF30 sec timeout
37.0,FED008_072424_01.CSV,FF30 sec timeout
47.0,FED008_072424_01.CSV,FF30 sec timeout
42.0,FED008_072424_01.CSV,FF30 sec timeout
189.0,FED008_072424_01.CSV,FF30 sec timeout
66.0,FED008_072424_01.CSV,FF30 sec timeout
130.0,FED008_072424_01.CSV,FF30 sec timeout
613.0,FED008_072424_01.CSV,FF30 sec timeout
56.0,FED008_072424_01.CSV,FF30 sec timeout
41.0,FED008_072424_01.CSV,FF30 sec timeout
42.0,FED008_072424_01.CSV,FF30 sec timeout
2130.0,FED008_072424_01.CSV,FF30 sec timeout
43.0,FED008_072424_01.CSV,FF30 sec timeout
34.0,FED008_072424_01.CSV,FF30 sec timeout
45.0,FED008_072424_01.CSV,FF30 sec timeout
40.0,FED008_072424_01.CSV,FF30 sec timeout
46.0,FED008_072424_01.CSV,FF30 sec timeout
37.0,FED008_072424_01.CSV,FF30 sec timeout
40.0,FED008_072424_01.CSV,FF30 sec timeout
38.0,FED008_072424_01.CSV,FF30 sec timeout
41.0,FED008_072424_01.CSV,FF30 sec timeout
40.0,FED008_072424_01.CSV,FF30 sec timeout
39.0,FED008_072424_01.CSV,FF30 sec timeout
215.0,FED008_072424_01.CSV,FF30 sec timeout
543.0,FED008_072424_01.CSV,FF30 sec timeout
513.0,FED008_072424_01.CSV,FF30 sec timeout
40.0,FED008_072424_01.CSV,FF30 sec timeout
42.0,FED008_072424_01.CSV,FF30 sec timeout
38.0,FED008_072424_01.CSV,FF30 sec timeout
293.0,FED008_072424_01.CSV,FF30 sec timeout
47.0,FED008_072424_01.CSV,FF30 sec timeout
469.0,FED008_072424_01.CSV,FF30 sec timeout
118.0,FED008_072424_01.CSV,FF30 sec timeout
89.0,FED008_072424_01.CSV,FF30 sec timeout
205.0,FED008_072424_01.CSV,FF30 sec timeout
523.0,FED008_072424_01.CSV,FF30 sec timeout
48.0,FED008_072424_01.CSV,FF30 sec timeout
42.0,FED008_072424_01.CSV,FF30 sec timeout
90.0,FED008_072424_01.CSV,FF30 sec timeout
530.0,FED008_072424_01.CSV,FF30 sec timeout
97.0,FED008_072424_01.CSV,FF30 sec timeout
171.0,FED008_072424_01.CSV,FF30 sec timeout
534.0,FED008_072424_01.CSV,FF30 sec timeout
66.0,FED008_072424_01.CSV,FF30 sec timeout
187.0,FED008_072424_01.CSV,FF30 sec timeout
233.0,FED008_072424_01.CSV,FF30 sec timeout
37.0,FED008_072424_01.CSV,FF30 sec timeout
45.0,FED008_072424_01.CSV,FF30 sec timeout
206.0,FED008_072424_01.CSV,FF30 sec timeout
96.0,FED008_072424_01.CSV,FF30 sec timeout
513.0,FED008_072424_01.CSV,FF30 sec timeout
44.0,FED008_072424_01.CSV,FF30 sec timeout
40.0,FED008_072424_01.CSV,FF30 sec timeout
44.0,FED008_072424_01.CSV,FF30 sec timeout
444.0,FED008_072424_01.CSV,FF30 sec timeout
38.0,FED008_072424_01.CSV,FF30 sec timeout
46.0,FED008_072424_01.CSV,FF30 sec timeout
45.0,FED008_072424_01.CSV,FF30 sec timeout
309.0,FED008_072424_01.CSV,FF30 sec timeout
90.0,FED008_072424_01.CSV,FF30 sec timeout
39.0,FED008_072424_01.CSV,FF30 sec timeout
39.0,FED008_072424_01.CSV,FF30 sec timeout
41.0,FED008_072424_01.CSV,FF30 sec timeout
534.0,FED008_072424_01.CSV,FF30 sec timeout
152.0,FED008_072424_01.CSV,FF30 sec timeout
41.0,FED008_072424_01.CSV,FF30 sec timeout
149.0,FED008_072424_01.CSV,FF30 sec timeout
542.0,FED008_072424_01.CSV,FF30 sec timeout
72.0,FED008_072424_01.CSV,FF30 sec timeout
61.0,FED008_072424_01.CSV,FF30 sec timeout
55.0,FED008_072424_01.CSV,FF30 sec timeout
41.0,FED008_072424_01.CSV,FF30 sec timeout
42.0,FED008_072424_01.CSV,FF30 sec timeout
242.0,FED008_072424_01.CSV,FF30 sec timeout
143.0,FED008_072424_01.CSV,FF30 sec timeout
378.0,FED008_072424_01.CSV,FF30 sec timeout
221.0,FED008_072424_01.CSV,FF30 sec timeout
44.0,FED008_072424_01.CSV,FF30 sec timeout
37.0,FED008_072424_01.CSV,FF30 sec timeout
40.0,FED008_072424_01.CSV,FF30 sec timeout
38.0,FED008_072424_01.CSV,FF30 sec timeout
98.0,FED008_072424_01.CSV,FF30 sec timeout
776.0,FED008_072424_01.CSV,FF30 sec timeout
49.0,FED008_072424_01.CSV,FF30 sec timeout
43.0,FED008_072424_01.CSV,FF30 sec timeout
1151.0,FED008_072424_01.CSV,FF30 sec timeout
46.0,FED008_072424_01.CSV,FF30 sec timeout
42.0,FED008_072424_01.CSV,FF30 sec timeout
696.0,FED008_072424_01.CSV,FF30 sec timeout
38.0,FED008_072424_01.CSV,FF30 sec timeout
93.0,FED008_072424_01.CSV,FF30 sec timeout
580.0,FED008_072424_01.CSV,FF30 sec timeout
38.0,FED008_072424_01.CSV,FF30 sec timeout
39.0,FED008_072424_01.CSV,FF30 sec timeout
40.0,FED008_072424_01.CSV,FF30 sec timeout
38.0,FED008_072424_01.CSV,FF30 sec timeout
300.0,FED008_072424_01.CSV,FF30 sec timeout
50.0,FED008_072424_01.CSV,FF30 sec timeout
664.0,FED008_072424_01.CSV,FF30 sec timeout
66.0,FED008_072424_01.CSV,FF30 sec timeout
39.0,FED008_072424_01.CSV,FF30 sec timeout
722.0,FED008_072424_01.CSV,FF30 sec timeout
429.0,FED008_072424_01.CSV,FF30 sec timeout
39.0,FED008_072424_01.CSV,FF30 sec timeout
38.0,FED008_072424_01.CSV,FF30 sec timeout
46.0,FED008_072424_01.CSV,FF30 sec timeout
591.0,FED008_072424_01.CSV,FF30 sec timeout
38.0,FED008_072424_01.CSV,FF30 sec timeout
38.0,FED008_072424_01.CSV,FF30 sec timeout
1856.0,FED008_072424_01.CSV,FF30 sec timeout
157.0,FED008_072424_01.CSV,FF30 sec timeout
118.0,FED008_072424_01.CSV,FF30 sec timeout
45.0,FED008_072424_01.CSV,FF30 sec timeout
51.0,FED008_072424_01.CSV,FF30 sec timeout
44.0,FED008_072424_01.CSV,FF30 sec timeout
38.0,FED008_072424_01.CSV,FF30 sec timeout
426.0,FED008_072424_01.CSV,FF30 sec timeout
80.0,FED008_072424_01.CSV,FF30 sec timeout
382.0,FED008_072424_01.CSV,FF30 sec timeout
43.0,FED008_072424_01.CSV,FF30 sec timeout
43.0,FED008_072424_01.CSV,FF30 sec timeout
40.0,FED008_072424_01.CSV,FF30 sec timeout
40.0,FED008_072424_01.CSV,FF30 sec timeout
829.0,FED008_072424_01.CSV,FF30 sec timeout
37.0,FED008_072424_01.CSV,FF30 sec timeout
39.0,FED008_072424_01.CSV,FF30 sec timeout
40.0,FED008_072424_01.CSV,FF30 sec timeout
39.0,FED008_072424_01.CSV,FF30 sec timeout
86.0,FED008_072424_01.CSV,FF30 sec timeout
134.0,FED008_072424_01.CSV,FF30 sec timeout
971.0,FED008_072424_01.CSV,FF30 sec timeout
581.0,FED008_072424_01.CSV,FF30 sec timeout
75.0,FED008_072424_01.CSV,FF30 sec timeout
54.0,FED008_072424_01.CSV,FF30 sec timeout
43.0,FED008_072424_01.CSV,FF30 sec timeout
562.0,FED008_072424_01.CSV,FF30 sec timeout
117.0,FED008_072424_01.CSV,FF30 sec timeout
39.0,FED008_072424_01.CSV,FF30 sec timeout
4597.0,FED008_072424_01.CSV,FF30 sec timeout
38.0,FED008_072424_01.CSV,FF30 sec timeout
37.0,FED008_072424_01.CSV,FF30 sec timeout
2116.0,FED008_072424_01.CSV,FF30 sec timeout
38.0,FED008_072424_01.CSV,FF30 sec timeout
41.0,FED008_072424_01.CSV,FF30 sec timeout
38.0,FED008_072424_01.CSV,FF30 sec timeout
41.0,FED008_072424_01.CSV,FF30 sec timeout
37.0,FED008_072424_01.CSV,FF30 sec timeout
50.0,FED008_072424_01.CSV,FF30 sec timeout
1223.0,FED008_072424_01.CSV,FF30 sec timeout
62.0,FED008_072424_01.CSV,FF30 sec timeout
50.0,FED008_072424_01.CSV,FF30 sec timeout
40.0,FED008_072424_01.CSV,FF30 sec timeout
43.0,FED008_072424_01.CSV,FF30 sec timeout
962.0,FED008_072424_01.CSV,FF30 sec timeout
209.0,FED008_072424_01.CSV,FF30 sec timeout
41.0,FED008_072424_01.CSV,FF30 sec timeout
41.0,FED008_072424_01.CSV,FF30 sec timeout
41.0,FED008_072424_01.CSV,FF30 sec timeout
40.0,FED008_072424_01.CSV,FF30 sec timeout
39.0,FED008_072424_01.CSV,FF30 sec timeout
602.0,FED008_072424_01.CSV,FF30 sec timeout
38.0,FED008_072424_01.CSV,FF30 sec timeout
4162.0,FED008_072424_01.CSV,FF30 sec timeout
38.0,FED008_072424_01.CSV,FF30 sec timeout
46.0,FED008_072424_01.CSV,FF30 sec timeout
38.0,FED008_072424_01.CSV,FF30 sec timeout
77.0,FED008_072424_01.CSV,FF30 sec timeout
38.0,FED008_072424_01.CSV,FF30 sec timeout
37.0,FED008_072424_01.CSV,FF30 sec timeout
39.0,FED008_072424_01.CSV,FF30 sec timeout
48.0,FED008_072424_01.CSV,FF30 sec timeout
40.0,FED008_072424_01.CSV,FF30 sec timeout
42.0,FED008_072424_01.CSV,FF30 sec timeout
993.0,FED008_072424_01.CSV,FF30 sec timeout
46.0,FED008_072424_01.CSV,FF30 sec timeout
42.0,FED008_072424_01.CSV,FF30 sec timeout
44.0,FED008_072424_01.CSV,FF30 sec timeout
1320.0,FED008_072424_01.CSV,FF30 sec timeout
843.0,FED008_072424_01.CSV,FF30 sec timeout
38.0,FED008_072424_01.CSV,FF30 sec timeout
37.0,FED008_072424_01.CSV,FF30 sec timeout
38.0,FED008_072424_01.CSV,FF30 sec timeout
39.0,FED008_072424_01.CSV,FF30 sec timeout
59.0,FED008_072424_01.CSV,FF30 sec timeout
4623.0,FED008_072424_01.CSV,FF30 sec timeout
38.0,FED008_072424_01.CSV,FF30 sec timeout
39.0,FED008_072424_01.CSV,FF30 sec timeout
39.0,FED008_072424_01.CSV,FF30 sec timeout
39.0,FED008_072424_01.CSV,FF30 sec timeout
41.0,FED008_072424_01.CSV,FF30 sec timeout
1383.0,FED008_072424_01.CSV,FF30 sec timeout
1078.0,FED008_072424_01.CSV,FF30 sec timeout
96.0,FED008_072424_01.CSV,FF30 sec timeout
44.0,FED008_072424_01.CSV,FF30 sec timeout
38.0,FED008_072424_01.CSV,FF30 sec timeout
958.0,FED008_072424_01.CSV,FF30 sec timeout
628.0,FED008_072424_01.CSV,FF30 sec timeout
932.0,FED008_072424_01.CSV,FF30 sec timeout
41.0,FED008_072424_01.CSV,FF30 sec timeout
38.0,FED008_072424_01.CSV,FF30 sec timeout
42.0,FED008_072424_01.CSV,FF30 sec timeout
3419.0,FED008_072424_01.CSV,FF30 sec timeout
38.0,FED008_072424_01.CSV,FF30 sec timeout
51.0,FED008_072424_01.CSV,FF30 sec timeout
42.0,FED008_072424_01.CSV,FF30 sec timeout
107.0,FED008_072424_01.CSV,FF30 sec timeout
2544.0,FED008_072424_01.CSV,FF30 sec timeout
423.0,FED008_072424_01.CSV,FF30 sec timeout
73.0,FED008_072424_01.CSV,FF30 sec timeout
42.0,FED008_072424_01.CSV,FF30 sec timeout
47.0,FED008_072424_01.CSV,FF30 sec timeout
746.0,FED008_072424_01.CSV,FF30 sec timeout
73.0,FED008_072424_01.CSV,FF30 sec timeout
1942.0,FED008_072424_01.CSV,FF30 sec timeout
32.0,FED008_072424_01.CSV,FF30 sec timeout
43.0,FED008_072424_01.CSV,FF30 sec timeout
39.0,FED008_072424_01.CSV,FF30 sec timeout
56.0,FED008_072424_01.CSV,FF30 sec timeout
46.0,FED008_072424_01.CSV,FF30 sec timeout
799.0,FED008_072424_01.CSV,FF30 sec timeout
51.0,FED008_072424_01.CSV,FF30 sec timeout
47.0,FED008_072424_01.CSV,FF30 sec timeout
41.0,FED008_072424_01.CSV,FF30 sec timeout
41.0,FED008_072424_01.CSV,FF30 sec timeout
47.0,FED008_072424_01.CSV,FF30 sec timeout
1551.0,FED008_072424_01.CSV,FF30 sec timeout
36.0,FED008_072424_01.CSV,FF30 sec timeout
43.0,FED008_072424_01.CSV,FF30 sec timeout
2055.0,FED008_072424_01.CSV,FF30 sec timeout
39.0,FED008_072424_01.CSV,FF30 sec timeout
38.0,FED008_072424_01.CSV,FF30 sec timeout
41.0,FED008_072424_01.CSV,FF30 sec timeout
38.0,FED008_072424_01.CSV,FF30 sec timeout
45.0,FED008_072424_01.CSV,FF30 sec timeout
2891.0,FED008_072424_01.CSV,FF30 sec timeout
40.0,FED008_072424_01.CSV,FF30 sec timeout
45.0,FED008_072424_01.CSV,FF30 sec timeout
37.0,FED008_072424_01.CSV,FF30 sec timeout
40.0,FED008_072424_01.CSV,FF30 sec timeout
72.0,FED008_072424_01.CSV,FF30 sec timeout
1265.0,FED008_072424_01.CSV,FF30 sec timeout
39.0,FED008_072424_01.CSV,FF30 sec timeout
37.0,FED008_072424_01.CSV,FF30 sec timeout
40.0,FED008_072424_01.CSV,FF30 sec timeout
44.0,FED008_072424_01.CSV,FF30 sec timeout
37.0,FED008_072424_01.CSV,FF30 sec timeout
713.0,FED008_072424_01.CSV,FF30 sec timeout
965.0,FED008_072424_01.CSV,FF30 sec timeout
204.0,FED008_072424_01.CSV,FF30 sec timeout
49.0,FED008_072424_01.CSV,FF30 sec timeout
437.0,FED008_072424_01.CSV,FF30 sec timeout
41.0,FED008_072424_01.CSV,FF30 sec timeout
1364.0,FED008_072424_01.CSV,FF30 sec timeout
47.0,FED008_072424_01.CSV,FF30 sec timeout
40.0,FED008_072424_01.CSV,FF30 sec timeout
42.0,FED008_072424_01.CSV,FF30 sec timeout
424.0,FED008_072424_01.CSV,FF30 sec timeout
43.0,FED008_072424_01.CSV,FF30 sec timeout
640.0,FED008_072424_01.CSV,FF30 sec timeout
40.0,FED008_072424_01.CSV,FF30 sec timeout
38.0,FED008_072424_01.CSV,FF30 sec timeout
95.0,FED008_072424_01.CSV,FF30 sec timeout
2011.0,FED008_072424_01.CSV,FF30 sec timeout
41.0,FED008_072424_01.CSV,FF30 sec timeout
39.0,FED008_072424_01.CSV,FF30 sec timeout
48.0,FED008_072424_01.CSV,FF30 sec timeout
41.0,FED008_072424_01.CSV,FF30 sec timeout
38.0,FED008_072424_01.CSV,FF30 sec timeout
2125.0,FED008_072424_01.CSV,FF30 sec timeout
42.0,FED008_072424_01.CSV,FF30 sec timeout
37.0,FED008_072424_01.CSV,FF30 sec timeout
40.0,FED008_072424_01.CSV,FF30 sec timeout
59.0,FED008_072424_01.CSV,FF30 sec timeout
986.0,FED008_072424_01.CSV,FF30 sec timeout
37.0,FED008_072424_01.CSV,FF30 sec timeout
49.0,FED008_072424_01.CSV,FF30 sec timeout
39.0,FED008_072424_01.CSV,FF30 sec timeout
54.0,FED008_072424_01.CSV,FF30 sec timeout
72.0,FED008_072424_01.CSV,FF30 sec timeout
287.0,FED008_072424_01.CSV,FF30 sec timeout
94.0,FED008_072424_01.CSV,FF30 sec timeout
2299.0,FED008_072424_01.CSV,FF30 sec timeout
38.0,FED008_072424_01.CSV,FF30 sec timeout
38.0,FED008_072424_01.CSV,FF30 sec timeout
40.0,FED008_072424_01.CSV,FF30 sec timeout
103.0,FED008_072424_01.CSV,FF30 sec timeout
38.0,FED008_072424_01.CSV,FF30 sec timeout
43.0,FED008_072424_01.CSV,FF30 sec timeout
39.0,FED008_072424_01.CSV,FF30 sec timeout
846.0,FED008_072424_01.CSV,FF30 sec timeout
42.0,FED008_072424_01.CSV,FF30 sec timeout
51.0,FED008_072424_01.CSV,FF30 sec timeout
713.0,FED008_072424_01.CSV,FF30 sec timeout
43.0,FED008_072424_01.CSV,FF30 sec timeout
40.0,FED008_072424_01.CSV,FF30 sec timeout
38.0,FED008_072424_01.CSV,FF30 sec timeout
38.0,FED008_072424_01.CSV,FF30 sec timeout
41.0,FED008_072424_01.CSV,FF30 sec timeout
1165.0,FED008_072424_01.CSV,FF30 sec timeout
43.0,FED008_072424_01.CSV,FF30 sec timeout
38.0,FED008_072424_01.CSV,FF30 sec timeout
682.0,FED008_072424_01.CSV,FF30 sec timeout
42.0,FED008_072424_01.CSV,FF30 sec timeout
49.0,FED008_072424_01.CSV,FF30 sec timeout
146.0,FED008_072424_01.CSV,FF30 sec timeout
39.0,FED008_072424_01.CSV,FF30 sec timeout
793.0,FED008_072424_01.CSV,FF30 sec timeout
38.0,FED008_072424_01.CSV,FF30 sec timeout
36.0,FED008_072424_01.CSV,FF30 sec timeout
38.0,FED008_072424_01.CSV,FF30 sec timeout
38.0,FED008_072424_01.CSV,FF30 sec timeout
38.0,FED008_072424_01.CSV,FF30 sec timeout
609.0,FED008_072424_01.CSV,FF30 sec timeout
261.0,FED008_072424_01.CSV,FF30 sec timeout
38.0,FED008_072424_01.CSV,FF30 sec timeout
38.0,FED008_072424_01.CSV,FF30 sec timeout
41.0,FED008_072424_01.CSV,FF30 sec timeout
38.0,FED008_072424_01.CSV,FF30 sec timeout
184.0,FED008_072424_01.CSV,FF30 sec timeout
638.0,FED008_072424_01.CSV,FF30 sec timeout
183.0,FED008_072424_01.CSV,FF30 sec timeout
511.0,FED008_072424_01.CSV,FF30 sec timeout
144.0,FED008_072424_01.CSV,FF30 sec timeout
102.0,FED008_072424_01.CSV,FF30 sec timeout
39.0,FED008_072424_01.CSV,FF30 sec timeout
40.0,FED008_072424_01.CSV,FF30 sec timeout
251.0,FED008_072424_01.CSV,FF30 sec timeout
373.0,FED008_072424_01.CSV,FF30 sec timeout
47.0,FED008_072424_01.CSV,FF30 sec timeout
80.0,FED008_072424_01.CSV,FF30 sec timeout
209.0,FED008_072424_01.CSV,FF30 sec timeout
172.0,FED008_072424_01.CSV,FF30 sec timeout
75.0,FED008_072424_01.CSV,FF30 sec timeout
250.0,FED008_072424_01.CSV,FF30 sec timeout
227.0,FED008_072424_01.CSV,FF30 sec timeout
40.0,FED008_072424_01.CSV,FF30 sec timeout
427.0,FED008_072424_01.CSV,FF30 sec timeout
139.0,FED008_072424_01.CSV,FF30 sec timeout
39.0,FED008_072424_01.CSV,FF30 sec timeout
73.0,FED008_072424_01.CSV,FF30 sec timeout
67.0,FED008_072424_01.CSV,FF30 sec timeout
392.0,FED008_072424_01.CSV,FF30 sec timeout
271.0,FED008_072424_01.CSV,FF30 sec timeout
158.0,FED008_072424_01.CSV,FF30 sec timeout
37.0,FED008_072424_01.CSV,FF30 sec timeout
37.0,FED008_072424_01.CSV,FF30 sec timeout
96.0,FED008_072424_01.CSV,FF30 sec timeout
78.0,FED008_072424_01.CSV,FF30 sec timeout
44.0,FED008_072424_01.CSV,FF30 sec timeout
67.0,FED008_072424_01.CSV,FF30 sec timeout
38.0,FED008_072424_01.CSV,FF30 sec timeout
43.0,FED008_072424_01.CSV,FF30 sec timeout
42.0,FED008_072424_01.CSV,FF30 sec timeout
39.0,FED008_072424_01.CSV,FF30 sec timeout
37.0,FED008_072424_01.CSV,FF30 sec timeout
48.0,FED008_072424_01.CSV,FF30 sec timeout
1623.0,FED008_072424_01.CSV,FF30 sec timeout
847.0,FED008_072424_01.CSV,FF30 sec timeout
44.0,FED008_072424_01.CSV,FF30 sec timeout
396.0,FED008_072424_01.CSV,FF30 sec timeout
361.0,FED008_072424_01.CSV,FF30 sec timeout
43.0,FED008_072424_01.CSV,FF30 sec timeout
37.0,FED008_072424_01.CSV,FF30 sec timeout
40.0,FED008_072424_01.CSV,FF30 sec timeout
38.0,FED008_072424_01.CSV,FF30 sec timeout
894.0,FED008_072424_01.CSV,FF30 sec timeout
405.0,FED008_072424_01.CSV,FF30 sec timeout
111.0,FED008_072424_01.CSV,FF30 sec timeout
44.0,FED008_072424_01.CSV,FF30 sec timeout
1061.0,FED008_072424_01.CSV,FF30 sec timeout
38.0,FED008_072424_01.CSV,FF30 sec timeout
37.0,FED008_072424_01.CSV,FF30 sec timeout
37.0,FED008_072424_01.CSV,FF30 sec timeout
42.0,FED008_072424_01.CSV,FF30 sec timeout
38.0,FED008_072424_01.CSV,FF30 sec timeout
246.0,FED008_072424_01.CSV,FF30 sec timeout
38.0,FED008_072424_01.CSV,FF30 sec timeout
480.0,FED008_072424_01.CSV,FF30 sec timeout
179.0,FED008_072424_01.CSV,FF30 sec timeout
81.0,FED008_072424_01.CSV,FF30 sec timeout
68.0,FED008_072424_01.CSV,FF30 sec timeout
107.0,FED008_072424_01.CSV,FF30 sec timeout
99.0,FED008_072424_01.CSV,FF30 sec timeout
930.0,FED008_072424_01.CSV,FF30 sec timeout
69.0,FED008_072424_01.CSV,FF30 sec timeout
51.0,FED008_072424_01.CSV,FF30 sec timeout
39.0,FED008_072424_01.CSV,FF30 sec timeout
513.0,FED008_072424_01.CSV,FF30 sec timeout
38.0,FED008_072424_01.CSV,FF30 sec timeout
38.0,FED008_072424_01.CSV,FF30 sec timeout
40.0,FED008_072424_01.CSV,FF30 sec timeout
39.0,FED008_072424_01.CSV,FF30 sec timeout
63.0,FED008_072424_01.CSV,FF30 sec timeout
438.0,FED008_072424_01.CSV,FF30 sec timeout
343.0,FED008_072424_01.CSV,FF30 sec timeout
49.0,FED008_072424_01.CSV,FF30 sec timeout
41.0,FED008_072424_01.CSV,FF30 sec timeout
130.0,FED008_072424_01.CSV,FF30 sec timeout
689.0,FED008_072424_01.CSV,FF30 sec timeout
3940.0,FED008_072424_01.CSV,FF30 sec timeout
37.0,FED008_072424_01.CSV,FF30 sec timeout
56.0,FED008_072424_01.CSV,FF30 sec timeout
38.0,FED008_072424_01.CSV,FF30 sec timeout
39.0,FED008_072424_01.CSV,FF30 sec timeout
37.0,FED008_072424_01.CSV,FF30 sec timeout
38.0,FED008_072424_01.CSV,FF30 sec timeout
40.0,FED008_072424_01.CSV,FF30 sec timeout
40.0,FED008_072424_01.CSV,FF30 sec timeout
54.0,FED008_072424_01.CSV,FF30 sec timeout
53.0,FED008_072424_01.CSV,FF30 sec timeout
228.0,FED008_072424_01.CSV,FF30 sec timeout
2076.0,FED008_072424_01.CSV,FF30 sec timeout
39.0,FED008_072424_01.CSV,FF30 sec timeout
40.0,FED008_072424_01.CSV,FF30 sec timeout
55.0,FED008_072424_01.CSV,FF30 sec timeout
37.0,FED008_072424_01.CSV,FF30 sec timeout
39.0,FED008_072424_01.CSV,FF30 sec timeout
2678.0,FED008_072424_01.CSV,FF30 sec timeout
388.0,FED008_072424_01.CSV,FF30 sec timeout
39.0,FED008_072424_01.CSV,FF30 sec timeout
39.0,FED008_072424_01.CSV,FF30 sec timeout
39.0,FED008_072424_01.CSV,FF30 sec timeout
881.0,FED008_072424_01.CSV,FF30 sec timeout
37.0,FED008_072424_01.CSV,FF30 sec timeout
38.0,FED008_072424_01.CSV,FF30 sec timeout
37.0,FED008_072424_01.CSV,FF30 sec timeout
38.0,FED008_072424_01.CSV,FF30 sec timeout
39.0,FED008_072424_01.CSV,FF30 sec timeout
48.0,FED008_072424_01.CSV,FF30 sec timeout
585.0,FED008_072424_01.CSV,FF30 sec timeout
713.0,FED008_072424_01.CSV,FF30 sec timeout
287.0,FED008_072424_01.CSV,FF30 sec timeout
745.0,FED008_072424_01.CSV,FF30 sec timeout
905.0,FED008_072424_01.CSV,FF30 sec timeout
39.0,FED008_072424_01.CSV,FF30 sec timeout
37.0,FED008_072424_01.CSV,FF30 sec timeout
40.0,FED008_072424_01.CSV,FF30 sec timeout
1718.0,FED008_072424_01.CSV,FF30 sec timeout
40.0,FED008_072424_01.CSV,FF30 sec timeout
38.0,FED008_072424_01.CSV,FF30 sec timeout
41.0,FED008_072424_01.CSV,FF30 sec timeout
722.0,FED008_072424_01.CSV,FF30 sec timeout
432.0,FED008_072424_01.CSV,FF30 sec timeout
38.0,FED008_072424_01.CSV,FF30 sec timeout
38.0,FED008_072424_01.CSV,FF30 sec timeout
41.0,FED008_072424_01.CSV,FF30 sec timeout
39.0,FED008_072424_01.CSV,FF30 sec timeout
454.0,FED008_072424_01.CSV,FF30 sec timeout
39.0,FED008_072424_01.CSV,FF30 sec timeout
38.0,FED008_072424_01.CSV,FF30 sec timeout
40.0,FED008_072424_01.CSV,FF30 sec timeout
40.0,FED008_072424_01.CSV,FF30 sec timeout
39.0,FED008_072424_01.CSV,FF30 sec timeout
37.0,FED008_072424_01.CSV,FF30 sec timeout
1221.0,FED008_072424_01.CSV,FF30 sec timeout
42.0,FED008_072424_01.CSV,FF30 sec timeout
43.0,FED008_072424_01.CSV,FF30 sec timeout
127.0,FED008_072424_01.CSV,FF30 sec timeout
2370.0,FED008_072424_01.CSV,FF30 sec timeout
38.0,FED008_072424_01.CSV,FF30 sec timeout
38.0,FED008_072424_01.CSV,FF30 sec timeout
38.0,FED008_072424_01.CSV,FF30 sec timeout
4083.0,FED008_072424_01.CSV,FF30 sec timeout
51.0,FED008_072424_01.CSV,FF30 sec timeout
55.0,FED008_072424_01.CSV,FF30 sec timeout
54.0,FED008_072424_01.CSV,FF30 sec timeout
44.0,FED008_072424_01.CSV,FF30 sec timeout
910.0,FED008_072424_01.CSV,FF30 sec timeout
705.0,FED008_072424_01.CSV,FF30 sec timeout
2031.0,FED008_072424_01.CSV,FF30 sec timeout
40.0,FED008_072424_01.CSV,FF30 sec timeout
40.0,FED008_072424_01.CSV,FF30 sec timeout
37.0,FED008_072424_01.CSV,FF30 sec timeout
42.0,FED008_072424_01.CSV,FF30 sec timeout
667.0,FED008_072424_01.CSV,FF30 sec timeout
1402.0,FED008_072424_01.CSV,FF30 sec timeout
42.0,FED008_072424_01.CSV,FF30 sec timeout
40.0,FED008_072424_01.CSV,FF30 sec timeout
2425.0,FED008_072424_01.CSV,FF30 sec timeout
