MM:DD:YYYY hh:mm:ss,Device_Number,Battery_Voltage,Motor_Turns,Session_Type,Event,Active_Poke,Left_Poke_Count,Right_Poke_Count,Pellet_Count,Retrieval_Time,Concat_#,Mode
2024-07-28 10:38:21,3,3.63,,FR1,Poke,Left,1,0,0,,0,FR1
2024-07-28 10:42:34,3,3.63,,FR1,Poke,Left,2,0,0,,0,FR1
2024-07-28 10:42:44,3,3.63,,FR1,Poke,Left,3,0,0,,0,FR1
2024-07-28 10:45:57,3,3.62,,FR1,Poke,Left,4,0,0,,0,FR1
2024-07-28 10:47:39,3,3.63,,FR1,Poke,Left,5,0,0,,0,FR1
2024-07-28 10:48:45,3,3.62,3.0,FR1,Pellet,Left,5,0,1,,0,FR1
2024-07-28 10:50:58,3,3.63,,FR1,Poke,Left,6,0,1,,0,FR1
2024-07-28 10:51:23,3,3.62,,FR1,Poke,Left,7,0,1,,0,FR1
2024-07-28 10:54:34,3,3.62,2.0,FR1,Pellet,Left,7,0,2,,0,FR1
2024-07-28 10:55:49,3,3.62,,FR1,Poke,Left,7,1,2,,0,FR1
2024-07-28 12:55:16,3,3.62,,FR1,Poke,Left,8,1,2,,0,FR1
2024-07-28 12:55:22,3,3.62,3.0,FR1,Pellet,Left,8,1,3,1.45,0,FR1
2024-07-28 14:44:19,3,3.62,,FR1,Poke,Left,9,1,3,,0,FR1
2024-07-28 14:44:19,3,3.62,,FR1,Poke,Left,10,1,3,,0,FR1
2024-07-28 14:44:23,3,3.62,2.0,FR1,Pellet,Left,10,1,4,1.07,0,FR1
2024-07-28 17:18:27,3,3.62,,FR1,Poke,Left,10,2,4,,0,FR1
2024-07-28 18:15:08,3,3.62,,FR1,Poke,Left,10,3,4,,0,FR1
2024-07-28 18:29:17,3,3.62,,FR1,Poke,Left,10,4,4,,0,FR1
2024-07-28 18:30:48,3,3.62,,FR1,Poke,Left,11,4,4,,0,FR1
2024-07-28 18:30:50,3,3.62,1.0,FR1,Pellet,Left,11,4,5,1.58,0,FR1
2024-07-28 18:50:26,3,3.62,,FR1,Poke,Left,12,4,5,,0,FR1
2024-07-28 18:50:27,3,3.62,1.0,FR1,Pellet,Left,12,4,6,0.82,0,FR1
2024-07-28 18:50:59,3,3.62,,FR1,Poke,Left,12,5,6,,0,FR1
2024-07-28 18:55:21,3,3.62,,FR1,Poke,Left,12,6,6,,0,FR1
2024-07-28 18:59:31,3,3.62,,FR1,Poke,Left,13,6,6,,0,FR1
2024-07-28 18:59:34,3,3.62,2.0,FR1,Pellet,Left,13,6,7,0.12,0,FR1
2024-07-28 19:00:55,3,3.62,,FR1,Poke,Left,13,7,7,,0,FR1
2024-07-28 19:02:20,3,3.62,,FR1,Poke,Left,14,7,7,,0,FR1
2024-07-28 19:02:21,3,3.62,1.0,FR1,Pellet,Left,14,7,8,0.37,0,FR1
2024-07-28 19:03:51,3,3.62,,FR1,Poke,Left,15,7,8,,0,FR1
2024-07-28 19:03:53,3,3.62,2.0,FR1,Pellet,Left,15,7,9,0.94,0,FR1
2024-07-28 19:04:30,3,3.62,,FR1,Poke,Left,15,8,9,,0,FR1
2024-07-28 19:04:31,3,3.62,,FR1,Poke,Left,15,9,9,,0,FR1
2024-07-28 19:14:50,3,3.62,,FR1,Poke,Left,16,9,9,,0,FR1
2024-07-28 19:14:51,3,3.62,1.0,FR1,Pellet,Left,16,9,10,0.44,0,FR1
2024-07-28 19:15:38,3,3.62,,FR1,Poke,Left,17,9,10,,0,FR1
2024-07-28 19:15:39,3,3.62,,FR1,Poke,Left,18,9,10,,0,FR1
2024-07-28 19:15:42,3,3.62,3.0,FR1,Pellet,Left,18,9,11,0.06,0,FR1
2024-07-28 19:15:54,3,3.62,,FR1,Poke,Left,19,9,11,,0,FR1
2024-07-28 19:15:56,3,3.62,1.0,FR1,Pellet,Left,19,9,12,0.75,0,FR1
2024-07-28 19:16:28,3,3.62,,FR1,Poke,Left,20,9,12,,0,FR1
2024-07-28 19:16:29,3,3.62,1.0,FR1,Pellet,Left,20,9,13,0.06,0,FR1
2024-07-28 19:16:53,3,3.62,,FR1,Poke,Left,21,9,13,,0,FR1
2024-07-28 19:17:02,3,3.63,2.0,FR1,Pellet,Left,21,9,14,6.27,0,FR1
2024-07-28 19:17:34,3,3.62,,FR1,Poke,Left,22,9,14,,0,FR1
2024-07-28 19:17:35,3,3.62,1.0,FR1,Pellet,Left,22,9,15,0.31,0,FR1
2024-07-28 19:17:50,3,3.62,,FR1,Poke,Left,23,9,15,,0,FR1
2024-07-28 19:17:51,3,3.62,2.0,FR1,Pellet,Left,23,9,16,0.06,0,FR1
2024-07-28 19:18:04,3,3.62,,FR1,Poke,Left,24,9,16,,0,FR1
2024-07-28 19:18:05,3,3.62,1.0,FR1,Pellet,Left,24,9,17,0.5,0,FR1
2024-07-28 19:18:29,3,3.62,,FR1,Poke,Left,25,9,17,,0,FR1
2024-07-28 19:18:39,3,3.62,2.0,FR1,Pellet,Left,25,9,18,7.67,0,FR1
2024-07-28 19:19:07,3,3.62,,FR1,Poke,Left,26,9,18,,0,FR1
2024-07-28 19:19:08,3,3.62,2.0,FR1,Pellet,Left,26,9,19,0.06,0,FR1
2024-07-28 19:19:29,3,3.62,,FR1,Poke,Left,27,9,19,,0,FR1
2024-07-28 19:19:30,3,3.62,1.0,FR1,Pellet,Left,27,9,20,0.12,0,FR1
2024-07-28 19:19:49,3,3.62,,FR1,Poke,Left,28,9,20,,0,FR1
2024-07-28 19:20:07,3,3.62,2.0,FR1,Pellet,Left,28,9,21,14.73,0,FR1
2024-07-28 19:21:22,3,3.62,,FR1,Poke,Left,29,9,21,,0,FR1
2024-07-28 19:21:25,3,3.62,1.0,FR1,Pellet,Left,29,9,22,2.91,0,FR1
2024-07-28 19:35:44,3,3.62,,FR1,Poke,Left,30,9,22,,0,FR1
2024-07-28 19:35:45,3,3.62,1.0,FR1,Pellet,Left,30,9,23,0.37,0,FR1
2024-07-28 19:36:04,3,3.62,,FR1,Poke,Left,31,9,23,,0,FR1
2024-07-28 19:36:05,3,3.62,2.0,FR1,Pellet,Left,31,9,24,0.19,0,FR1
2024-07-28 19:36:21,3,3.62,,FR1,Poke,Left,32,9,24,,0,FR1
2024-07-28 19:36:24,3,3.62,1.0,FR1,Pellet,Left,32,9,25,2.4,0,FR1
2024-07-28 19:36:44,3,3.62,,FR1,Poke,Left,33,9,25,,0,FR1
2024-07-28 19:36:45,3,3.62,2.0,FR1,Pellet,Left,33,9,26,0.19,0,FR1
2024-07-28 19:37:02,3,3.62,,FR1,Poke,Left,34,9,26,,0,FR1
2024-07-28 19:37:03,3,3.62,2.0,FR1,Pellet,Left,34,9,27,0.19,0,FR1
2024-07-28 19:37:19,3,3.62,,FR1,Poke,Left,35,9,27,,0,FR1
2024-07-28 19:37:20,3,3.62,1.0,FR1,Pellet,Left,35,9,28,0.25,0,FR1
2024-07-28 19:44:43,3,3.62,,FR1,Poke,Left,35,10,28,,0,FR1
2024-07-28 19:44:47,3,3.62,,FR1,Poke,Left,36,10,28,,0,FR1
2024-07-28 19:44:59,3,3.62,,FR1,Poke,Left,37,10,28,,0,FR1
2024-07-28 19:45:02,3,3.62,,FR1,Poke,Left,38,10,28,,0,FR1
2024-07-28 19:45:10,3,3.62,,FR1,Poke,Left,39,10,28,,0,FR1
2024-07-28 19:45:11,3,3.62,,FR1,Poke,Left,40,10,28,,0,FR1
2024-07-28 19:57:44,3,3.62,1.0,FR1,Pellet,Left,40,10,29,,0,FR1
2024-07-28 19:58:59,3,3.62,,FR1,Poke,Left,41,10,29,,0,FR1
2024-07-28 19:59:07,3,3.62,2.0,FR1,Pellet,Left,41,10,30,5.58,0,FR1
2024-07-28 20:12:05,3,3.62,,FR1,Poke,Left,42,10,30,,0,FR1
2024-07-28 20:12:07,3,3.62,2.0,FR1,Pellet,Left,42,10,31,0.06,0,FR1
2024-07-28 20:12:32,3,3.62,,FR1,Poke,Left,43,10,31,,0,FR1
2024-07-28 20:12:41,3,3.62,2.0,FR1,Pellet,Left,43,10,32,6.59,0,FR1
2024-07-28 20:17:24,3,3.62,,FR1,Poke,Left,43,11,32,,0,FR1
2024-07-28 20:19:47,3,3.62,,FR1,Poke,Left,44,11,32,,0,FR1
2024-07-28 20:19:48,3,3.62,2.0,FR1,Pellet,Left,44,11,33,0.31,0,FR1
2024-07-28 20:22:42,3,3.62,,FR1,Poke,Left,45,11,33,,0,FR1
2024-07-28 20:22:47,3,3.62,1.0,FR1,Pellet,Left,45,11,34,3.8,0,FR1
2024-07-28 20:22:51,3,3.62,,FR1,Poke,Left,46,11,34,,0,FR1
2024-07-28 20:44:08,3,3.62,2.0,FR1,Pellet,Left,46,11,35,,0,FR1
2024-07-28 20:51:57,3,3.62,,FR1,Poke,Left,47,11,35,,0,FR1
2024-07-28 20:51:58,3,3.62,2.0,FR1,Pellet,Left,47,11,36,0.25,0,FR1
2024-07-28 20:52:22,3,3.62,,FR1,Poke,Left,48,11,36,,0,FR1
2024-07-28 20:52:23,3,3.62,1.0,FR1,Pellet,Left,48,11,37,0.5,0,FR1
2024-07-28 20:52:44,3,3.62,,FR1,Poke,Left,49,11,37,,0,FR1
2024-07-28 20:52:44,3,3.62,,FR1,Poke,Left,50,11,37,,0,FR1
2024-07-28 20:52:48,3,3.62,3.0,FR1,Pellet,Left,50,11,38,0.06,0,FR1
2024-07-28 20:53:06,3,3.62,,FR1,Poke,Left,51,11,38,,0,FR1
2024-07-28 20:53:07,3,3.62,1.0,FR1,Pellet,Left,51,11,39,0.44,0,FR1
2024-07-28 20:53:29,3,3.62,,FR1,Poke,Left,52,11,39,,0,FR1
2024-07-28 20:53:32,3,3.62,2.0,FR1,Pellet,Left,52,11,40,0.19,0,FR1
2024-07-28 20:53:59,3,3.62,,FR1,Poke,Left,53,11,40,,0,FR1
2024-07-28 20:54:00,3,3.62,1.0,FR1,Pellet,Left,53,11,41,0.31,0,FR1
2024-07-28 20:54:21,3,3.62,,FR1,Poke,Left,54,11,41,,0,FR1
2024-07-28 20:54:48,3,3.62,2.0,FR1,Pellet,Left,54,11,42,24.02,0,FR1
2024-07-28 21:04:10,3,3.62,,FR1,Poke,Left,55,11,42,,0,FR1
2024-07-28 21:04:11,3,3.61,,FR1,Poke,Left,56,11,42,,0,FR1
2024-07-28 21:04:12,3,3.62,1.0,FR1,Pellet,Left,56,11,43,0.5,0,FR1
2024-07-28 21:04:32,3,3.62,,FR1,Poke,Left,57,11,43,,0,FR1
2024-07-28 21:04:33,3,3.62,2.0,FR1,Pellet,Left,57,11,44,0.25,0,FR1
2024-07-28 21:04:49,3,3.62,,FR1,Poke,Left,58,11,44,,0,FR1
2024-07-28 21:04:50,3,3.62,2.0,FR1,Pellet,Left,58,11,45,0.06,0,FR1
2024-07-28 21:05:06,3,3.62,,FR1,Poke,Left,59,11,45,,0,FR1
2024-07-28 21:05:07,3,3.62,2.0,FR1,Pellet,Left,59,11,46,0.06,0,FR1
2024-07-28 21:06:22,3,3.62,,FR1,Poke,Left,60,11,46,,0,FR1
2024-07-28 21:06:49,3,3.62,2.0,FR1,Pellet,Left,60,11,47,23.32,0,FR1
2024-07-28 21:06:54,3,3.62,,FR1,Poke,Left,60,12,47,,0,FR1
2024-07-28 21:07:00,3,3.62,,FR1,Poke,Left,60,13,47,,0,FR1
2024-07-28 21:11:20,3,3.62,,FR1,Poke,Left,61,13,47,,0,FR1
2024-07-28 21:11:22,3,3.62,1.0,FR1,Pellet,Left,61,13,48,0.25,0,FR1
2024-07-28 21:11:33,3,3.62,,FR1,Poke,Left,62,13,48,,0,FR1
2024-07-28 21:21:49,3,3.62,1.0,FR1,Pellet,Left,62,13,49,,0,FR1
2024-07-28 21:22:05,3,3.62,,FR1,Poke,Left,63,13,49,,0,FR1
2024-07-28 21:22:06,3,3.62,1.0,FR1,Pellet,Left,63,13,50,0.37,0,FR1
2024-07-28 21:22:29,3,3.62,,FR1,Poke,Left,64,13,50,,0,FR1
2024-07-28 21:22:30,3,3.62,1.0,FR1,Pellet,Left,64,13,51,0.37,0,FR1
2024-07-28 21:22:43,3,3.62,,FR1,Poke,Left,65,13,51,,0,FR1
2024-07-28 21:22:44,3,3.62,1.0,FR1,Pellet,Left,65,13,52,0.44,0,FR1
2024-07-28 21:23:04,3,3.62,,FR1,Poke,Left,66,13,52,,0,FR1
2024-07-28 21:23:05,3,3.62,1.0,FR1,Pellet,Left,66,13,53,0.19,0,FR1
2024-07-28 21:34:53,3,3.62,,FR1,Poke,Left,67,13,53,,0,FR1
2024-07-28 21:34:53,3,3.62,,FR1,Poke,Left,68,13,53,,0,FR1
2024-07-28 21:34:59,3,3.62,4.0,FR1,Pellet,Left,68,13,54,0.06,0,FR1
2024-07-28 21:35:20,3,3.62,,FR1,Poke,Left,69,13,54,,0,FR1
2024-07-28 21:35:21,3,3.62,1.0,FR1,Pellet,Left,69,13,55,0.18,0,FR1
2024-07-28 21:35:41,3,3.62,,FR1,Poke,Left,70,13,55,,0,FR1
2024-07-28 21:35:51,3,3.62,4.0,FR1,Pellet,Left,70,13,56,2.72,0,FR1
2024-07-28 22:01:05,3,3.62,,FR1,Poke,Left,71,13,56,,0,FR1
2024-07-28 22:01:07,3,3.62,1.0,FR1,Pellet,Left,71,13,57,1.13,0,FR1
2024-07-28 22:01:28,3,3.62,,FR1,Poke,Left,72,13,57,,0,FR1
2024-07-28 22:01:29,3,3.62,1.0,FR1,Pellet,Left,72,13,58,0.25,0,FR1
2024-07-28 22:01:46,3,3.62,,FR1,Poke,Left,73,13,58,,0,FR1
2024-07-28 22:01:47,3,3.62,1.0,FR1,Pellet,Left,73,13,59,0.19,0,FR1
2024-07-28 22:02:09,3,3.62,,FR1,Poke,Left,74,13,59,,0,FR1
2024-07-28 22:02:29,3,3.62,2.0,FR1,Pellet,Left,74,13,60,17.47,0,FR1
2024-07-28 22:02:59,3,3.62,,FR1,Poke,Left,75,13,60,,0,FR1
2024-07-28 22:02:59,3,3.62,,FR1,Poke,Left,76,13,60,,0,FR1
2024-07-28 22:03:02,3,3.62,3.0,FR1,Pellet,Left,76,13,61,0.37,0,FR1
2024-07-28 22:03:22,3,3.62,,FR1,Poke,Left,77,13,61,,0,FR1
2024-07-28 22:03:23,3,3.62,2.0,FR1,Pellet,Left,77,13,62,0.06,0,FR1
2024-07-28 22:35:23,3,3.62,,FR1,Poke,Left,78,13,62,,0,FR1
2024-07-28 22:35:25,3,3.62,1.0,FR1,Pellet,Left,78,13,63,0.44,0,FR1
2024-07-28 22:35:41,3,3.62,,FR1,Poke,Left,79,13,63,,0,FR1
2024-07-28 22:35:42,3,3.62,2.0,FR1,Pellet,Left,79,13,64,0.12,0,FR1
2024-07-28 22:35:54,3,3.62,,FR1,Poke,Left,80,13,64,,0,FR1
2024-07-28 22:35:55,3,3.61,2.0,FR1,Pellet,Left,80,13,65,0.06,0,FR1
2024-07-28 22:38:10,3,3.62,,FR1,Poke,Left,80,14,65,,0,FR1
2024-07-28 22:38:11,3,3.62,,FR1,Poke,Left,80,15,65,,0,FR1
2024-07-28 22:38:22,3,3.62,,FR1,Poke,Left,80,16,65,,0,FR1
2024-07-28 22:39:42,3,3.62,,FR1,Poke,Left,80,17,65,,0,FR1
2024-07-28 22:39:45,3,3.62,,FR1,Poke,Left,81,17,65,,0,FR1
2024-07-28 22:39:49,3,3.62,,FR1,Poke,Left,82,17,65,,0,FR1
2024-07-28 22:53:49,3,3.62,1.0,FR1,Pellet,Left,82,17,66,,0,FR1
2024-07-28 22:54:22,3,3.62,,FR1,Poke,Left,83,17,66,,0,FR1
2024-07-28 22:54:23,3,3.62,2.0,FR1,Pellet,Left,83,17,67,0.06,0,FR1
2024-07-28 22:54:40,3,3.62,,FR1,Poke,Left,84,17,67,,0,FR1
2024-07-28 22:54:43,3,3.62,3.0,FR1,Pellet,Left,84,17,68,0.06,0,FR1
2024-07-28 22:55:03,3,3.62,,FR1,Poke,Left,85,17,68,,0,FR1
2024-07-28 22:55:03,3,3.62,,FR1,Poke,Left,86,17,68,,0,FR1
2024-07-28 22:55:13,3,3.62,3.0,FR1,Pellet,Left,86,17,69,4.88,0,FR1
2024-07-28 22:55:41,3,3.62,,FR1,Poke,Left,87,17,69,,0,FR1
2024-07-28 22:55:50,3,3.62,2.0,FR1,Pellet,Left,87,17,70,6.53,0,FR1
2024-07-28 22:56:13,3,3.62,,FR1,Poke,Left,88,17,70,,0,FR1
2024-07-28 22:56:23,3,3.62,2.0,FR1,Pellet,Left,88,17,71,6.66,0,FR1
2024-07-28 23:12:32,3,3.62,,FR1,Poke,Left,89,17,71,,0,FR1
2024-07-28 23:12:33,3,3.62,1.0,FR1,Pellet,Left,89,17,72,0.44,0,FR1
2024-07-28 23:33:05,3,3.62,,FR1,Poke,Left,90,17,72,,0,FR1
2024-07-28 23:33:06,3,3.62,2.0,FR1,Pellet,Left,90,17,73,0.5,0,FR1
2024-07-28 23:33:29,3,3.62,,FR1,Poke,Left,91,17,73,,0,FR1
2024-07-28 23:33:38,3,3.62,2.0,FR1,Pellet,Left,91,17,74,6.47,0,FR1
2024-07-28 23:34:02,3,3.62,,FR1,Poke,Left,92,17,74,,0,FR1
2024-07-28 23:34:04,3,3.62,2.0,FR1,Pellet,Left,92,17,75,0.37,0,FR1
2024-07-28 23:35:44,3,3.62,,FR1,Poke,Left,92,18,75,,0,FR1
2024-07-28 23:39:27,3,3.62,,FR1,Poke,Left,93,18,75,,0,FR1
2024-07-28 23:39:28,3,3.62,,FR1,Poke,Left,94,18,75,,0,FR1
2024-07-28 23:43:47,3,3.62,,FR1,Poke,Left,94,19,75,,0,FR1
2024-07-28 23:47:53,3,3.62,2.0,FR1,Pellet,Left,94,19,76,,0,FR1
2024-07-28 23:47:59,3,3.62,,FR1,Poke,Left,95,19,76,,0,FR1
2024-07-28 23:48:09,3,3.62,1.0,FR1,Pellet,Left,95,19,77,9.58,0,FR1
2024-07-29 00:00:06,3,3.62,,FR1,Poke,Left,96,19,77,,0,FR1
2024-07-29 00:00:11,3,3.62,1.0,FR1,Pellet,Left,96,19,78,5.0,0,FR1
2024-07-29 00:00:56,3,3.62,,FR1,Poke,Left,97,19,78,,0,FR1
2024-07-29 00:02:22,3,3.62,,FR1,Poke,Left,98,19,78,,0,FR1
2024-07-29 00:02:24,3,3.62,,FR1,Poke,Left,99,19,78,,0,FR1
2024-07-29 00:02:27,3,3.62,,FR1,Poke,Left,100,19,78,,0,FR1
2024-07-29 00:06:33,3,3.62,1.0,FR1,Pellet,Left,100,19,79,,0,FR1
2024-07-29 00:12:53,3,3.62,,FR1,Poke,Left,101,19,79,,0,FR1
2024-07-29 00:12:54,3,3.62,2.0,FR1,Pellet,Left,101,19,80,0.25,0,FR1
2024-07-29 00:13:12,3,3.62,,FR1,Poke,Left,102,19,80,,0,FR1
2024-07-29 00:13:13,3,3.62,1.0,FR1,Pellet,Left,102,19,81,0.19,0,FR1
2024-07-29 00:49:13,3,3.62,,FR1,Poke,Left,103,19,81,,0,FR1
2024-07-29 00:49:14,3,3.62,,FR1,Poke,Left,104,19,81,,0,FR1
2024-07-29 00:49:17,3,3.62,2.0,FR1,Pellet,Left,104,19,82,0.82,0,FR1
2024-07-29 00:49:35,3,3.62,,FR1,Poke,Left,105,19,82,,0,FR1
2024-07-29 00:49:36,3,3.62,1.0,FR1,Pellet,Left,105,19,83,0.44,0,FR1
2024-07-29 00:49:52,3,3.62,,FR1,Poke,Left,106,19,83,,0,FR1
2024-07-29 00:49:53,3,3.62,1.0,FR1,Pellet,Left,106,19,84,0.69,0,FR1
2024-07-29 00:50:22,3,3.61,,FR1,Poke,Left,107,19,84,,0,FR1
2024-07-29 00:50:25,3,3.62,3.0,FR1,Pellet,Left,107,19,85,0.25,0,FR1
2024-07-29 00:50:47,3,3.62,,FR1,Poke,Left,108,19,85,,0,FR1
2024-07-29 00:50:47,3,3.62,1.0,FR1,Pellet,Left,108,19,86,0.25,0,FR1
2024-07-29 00:51:07,3,3.62,,FR1,Poke,Left,109,19,86,,0,FR1
2024-07-29 00:51:08,3,3.62,,FR1,Poke,Left,110,19,86,,0,FR1
2024-07-29 00:51:11,3,3.62,3.0,FR1,Pellet,Left,110,19,87,0.25,0,FR1
2024-07-29 00:51:33,3,3.62,,FR1,Poke,Left,111,19,87,,0,FR1
2024-07-29 00:51:33,3,3.62,,FR1,Poke,Left,112,19,87,,0,FR1
2024-07-29 00:51:34,3,3.62,,FR1,Poke,Left,113,19,87,,0,FR1
2024-07-29 00:51:37,3,3.62,,FR1,Poke,Left,114,19,87,,0,FR1
2024-07-29 00:51:38,3,3.62,2.0,FR1,Pellet,Left,114,19,88,0.94,0,FR1
2024-07-29 00:51:54,3,3.62,,FR1,Poke,Left,115,19,88,,0,FR1
2024-07-29 00:52:19,3,3.62,3.0,FR1,Pellet,Left,115,19,89,21.55,0,FR1
2024-07-29 00:52:56,3,3.62,,FR1,Poke,Left,116,19,89,,0,FR1
2024-07-29 00:53:09,3,3.62,2.0,FR1,Pellet,Left,116,19,90,10.15,0,FR1
2024-07-29 01:23:40,3,3.61,,FR1,Poke,Left,117,19,90,,0,FR1
2024-07-29 01:23:41,3,3.62,2.0,FR1,Pellet,Left,117,19,91,0.31,0,FR1
2024-07-29 01:31:18,3,3.62,,FR1,Poke,Left,118,19,91,,0,FR1
2024-07-29 01:31:22,3,3.62,2.0,FR1,Pellet,Left,118,19,92,0.31,0,FR1
2024-07-29 01:31:36,3,3.62,,FR1,Poke,Left,119,19,92,,0,FR1
2024-07-29 01:31:39,3,3.62,3.0,FR1,Pellet,Left,119,19,93,0.19,0,FR1
2024-07-29 01:31:57,3,3.62,,FR1,Poke,Left,120,19,93,,0,FR1
2024-07-29 01:32:00,3,3.62,3.0,FR1,Pellet,Left,120,19,94,0.19,0,FR1
2024-07-29 01:32:21,3,3.62,,FR1,Poke,Left,121,19,94,,0,FR1
2024-07-29 01:32:22,3,3.62,2.0,FR1,Pellet,Left,121,19,95,0.06,0,FR1
2024-07-29 01:32:47,3,3.62,,FR1,Poke,Left,122,19,95,,0,FR1
2024-07-29 01:32:47,3,3.62,,FR1,Poke,Left,123,19,95,,0,FR1
2024-07-29 01:32:51,3,3.62,3.0,FR1,Pellet,Left,123,19,96,0.94,0,FR1
2024-07-29 01:33:08,3,3.61,,FR1,Poke,Left,124,19,96,,0,FR1
2024-07-29 01:33:08,3,3.62,,FR1,Poke,Left,125,19,96,,0,FR1
2024-07-29 01:33:12,3,3.62,2.0,FR1,Pellet,Left,125,19,97,0.75,0,FR1
2024-07-29 01:33:24,3,3.62,,FR1,Poke,Left,126,19,97,,0,FR1
2024-07-29 01:33:25,3,3.62,,FR1,Poke,Left,127,19,97,,0,FR1
2024-07-29 01:33:39,3,3.62,3.0,FR1,Pellet,Left,127,19,98,10.72,0,FR1
2024-07-29 01:43:56,3,3.62,,FR1,Poke,Left,128,19,98,,0,FR1
2024-07-29 01:44:10,3,3.62,3.0,FR1,Pellet,Left,128,19,99,10.92,0,FR1
2024-07-29 02:02:55,3,3.62,,FR1,Poke,Left,129,19,99,,0,FR1
2024-07-29 02:02:56,3,3.62,2.0,FR1,Pellet,Left,129,19,100,0.06,0,FR1
2024-07-29 02:18:49,3,3.62,,FR1,Poke,Left,130,19,100,,0,FR1
2024-07-29 02:18:50,3,3.62,2.0,FR1,Pellet,Left,130,19,101,0.06,0,FR1
2024-07-29 02:19:09,3,3.62,,FR1,Poke,Left,131,19,101,,0,FR1
2024-07-29 02:19:10,3,3.62,2.0,FR1,Pellet,Left,131,19,102,0.06,0,FR1
2024-07-29 02:19:29,3,3.61,,FR1,Poke,Left,132,19,102,,0,FR1
2024-07-29 02:19:30,3,3.62,2.0,FR1,Pellet,Left,132,19,103,0.19,0,FR1
2024-07-29 02:52:05,3,3.62,,FR1,Poke,Left,133,19,103,,0,FR1
2024-07-29 02:52:19,3,3.62,2.0,FR1,Pellet,Left,133,19,104,11.49,0,FR1
2024-07-29 02:52:55,3,3.62,,FR1,Poke,Left,134,19,104,,0,FR1
2024-07-29 02:52:56,3,3.61,2.0,FR1,Pellet,Left,134,19,105,0.12,0,FR1
2024-07-29 02:53:14,3,3.62,,FR1,Poke,Left,135,19,105,,0,FR1
2024-07-29 02:53:14,3,3.62,,FR1,Poke,Left,136,19,105,,0,FR1
2024-07-29 02:53:18,3,3.62,2.0,FR1,Pellet,Left,136,19,106,0.94,0,FR1
2024-07-29 02:55:53,3,3.61,,FR1,Poke,Left,136,20,106,,0,FR1
2024-07-29 02:56:03,3,3.62,,FR1,Poke,Left,136,21,106,,0,FR1
2024-07-29 02:56:09,3,3.62,,FR1,Poke,Left,136,22,106,,0,FR1
2024-07-29 02:57:23,3,3.62,,FR1,Poke,Left,136,23,106,,0,FR1
2024-07-29 03:01:04,3,3.62,,FR1,Poke,Left,137,23,106,,0,FR1
2024-07-29 03:02:05,3,3.61,1.0,FR1,Pellet,Left,137,23,107,59.98,0,FR1
2024-07-29 03:03:23,3,3.62,,FR1,Poke,Left,137,24,107,,0,FR1
2024-07-29 03:03:58,3,3.62,,FR1,Poke,Left,138,24,107,,0,FR1
2024-07-29 03:03:59,3,3.62,1.0,FR1,Pellet,Left,138,24,108,0.82,0,FR1
2024-07-29 03:09:22,3,3.62,,FR1,Poke,Left,138,25,108,,0,FR1
2024-07-29 03:13:48,3,3.62,,FR1,Poke,Left,138,26,108,,0,FR1
2024-07-29 03:14:08,3,3.62,,FR1,Poke,Left,139,26,108,,0,FR1
2024-07-29 03:14:08,3,3.62,,FR1,Poke,Left,140,26,108,,0,FR1
2024-07-29 03:14:21,3,3.62,3.0,FR1,Pellet,Left,140,26,109,8.24,0,FR1
2024-07-29 03:14:47,3,3.62,,FR1,Poke,Left,141,26,109,,0,FR1
2024-07-29 03:14:49,3,3.62,2.0,FR1,Pellet,Left,141,26,110,0.56,0,FR1
2024-07-29 03:19:53,3,3.62,,FR1,Poke,Left,142,26,110,,0,FR1
2024-07-29 03:20:00,3,3.62,,FR1,Poke,Left,143,26,110,,0,FR1
2024-07-29 03:21:06,3,3.62,2.0,FR1,Pellet,Left,143,26,111,,0,FR1
2024-07-29 03:22:55,3,3.61,,FR1,Poke,Left,143,27,111,,0,FR1
2024-07-29 03:23:03,3,3.62,,FR1,Poke,Left,144,27,111,,0,FR1
2024-07-29 03:29:12,3,3.62,1.0,FR1,Pellet,Left,144,27,112,,0,FR1
2024-07-29 03:31:40,3,3.61,,FR1,Poke,Left,145,27,112,,0,FR1
2024-07-29 03:31:41,3,3.62,1.0,FR1,Pellet,Left,145,27,113,0.44,0,FR1
2024-07-29 03:33:30,3,3.62,,FR1,Poke,Left,145,28,113,,0,FR1
2024-07-29 03:33:49,3,3.62,,FR1,Poke,Left,146,28,113,,0,FR1
2024-07-29 03:34:09,3,3.61,,FR1,Poke,Left,146,29,113,,0,FR1
2024-07-29 03:34:10,3,3.62,,FR1,Poke,Left,146,30,113,,0,FR1
2024-07-29 03:34:16,3,3.62,,FR1,Poke,Left,146,31,113,,0,FR1
2024-07-29 03:43:56,3,3.62,1.0,FR1,Pellet,Left,146,31,114,,0,FR1
2024-07-29 03:45:24,3,3.62,,FR1,Poke,Left,147,31,114,,0,FR1
2024-07-29 03:45:26,3,3.62,1.0,FR1,Pellet,Left,147,31,115,0.75,0,FR1
2024-07-29 03:45:41,3,3.62,,FR1,Poke,Left,148,31,115,,0,FR1
2024-07-29 03:45:54,3,3.62,2.0,FR1,Pellet,Left,148,31,116,9.64,0,FR1
2024-07-29 04:33:55,3,3.62,,FR1,Poke,Left,149,31,116,,0,FR1
2024-07-29 04:33:56,3,3.62,,FR1,Poke,Left,150,31,116,,0,FR1
2024-07-29 04:33:58,3,3.62,1.0,FR1,Pellet,Left,150,31,117,1.58,0,FR1
2024-07-29 04:34:18,3,3.62,,FR1,Poke,Left,151,31,117,,0,FR1
2024-07-29 04:34:19,3,3.61,2.0,FR1,Pellet,Left,151,31,118,0.19,0,FR1
2024-07-29 04:34:39,3,3.61,,FR1,Poke,Left,152,31,118,,0,FR1
2024-07-29 04:34:52,3,3.62,3.0,FR1,Pellet,Left,152,31,119,9.2,0,FR1
2024-07-29 04:35:18,3,3.61,,FR1,Poke,Left,153,31,119,,0,FR1
2024-07-29 04:35:19,3,3.62,1.0,FR1,Pellet,Left,153,31,120,0.19,0,FR1
2024-07-29 04:35:55,3,3.62,,FR1,Poke,Left,154,31,120,,0,FR1
2024-07-29 04:35:56,3,3.62,1.0,FR1,Pellet,Left,154,31,121,0.44,0,FR1
2024-07-29 05:15:50,3,3.62,,FR1,Poke,Left,155,31,121,,0,FR1
2024-07-29 05:15:51,3,3.62,2.0,FR1,Pellet,Left,155,31,122,0.12,0,FR1
2024-07-29 05:16:11,3,3.61,,FR1,Poke,Left,156,31,122,,0,FR1
2024-07-29 05:16:11,3,3.62,,FR1,Poke,Left,157,31,122,,0,FR1
2024-07-29 05:16:14,3,3.61,2.0,FR1,Pellet,Left,157,31,123,0.19,0,FR1
2024-07-29 05:16:27,3,3.61,,FR1,Poke,Left,158,31,123,,0,FR1
2024-07-29 05:16:28,3,3.62,,FR1,Poke,Left,159,31,123,,0,FR1
2024-07-29 05:16:31,3,3.62,3.0,FR1,Pellet,Left,159,31,124,0.06,0,FR1
2024-07-29 05:22:28,3,3.62,,FR1,Poke,Left,159,32,124,,0,FR1
2024-07-29 05:29:36,3,3.62,,FR1,Poke,Left,159,33,124,,0,FR1
2024-07-29 05:35:02,3,3.61,,FR1,Poke,Left,160,33,124,,0,FR1
2024-07-29 05:35:20,3,3.62,1.0,FR1,Pellet,Left,160,33,125,16.59,0,FR1
2024-07-29 05:39:49,3,3.61,,FR1,Poke,Left,160,34,125,,0,FR1
2024-07-29 05:39:50,3,3.62,,FR1,Poke,Left,160,35,125,,0,FR1
2024-07-29 05:39:51,3,3.61,,FR1,Poke,Left,160,36,125,,0,FR1
2024-07-29 05:50:20,3,3.61,,FR1,Poke,Left,161,36,125,,0,FR1
2024-07-29 05:50:21,3,3.62,1.0,FR1,Pellet,Left,161,36,126,0.56,0,FR1
2024-07-29 05:50:43,3,3.62,,FR1,Poke,Left,162,36,126,,0,FR1
2024-07-29 05:50:44,3,3.61,1.0,FR1,Pellet,Left,162,36,127,0.31,0,FR1
2024-07-29 06:00:23,3,3.62,,FR1,Poke,Left,163,36,127,,0,FR1
2024-07-29 06:00:24,3,3.62,1.0,FR1,Pellet,Left,163,36,128,0.44,0,FR1
2024-07-29 07:53:31,3,3.61,,FR1,Poke,Left,164,36,128,,0,FR1
2024-07-29 07:53:33,3,3.61,1.0,FR1,Pellet,Left,164,36,129,0.25,0,FR1
2024-07-29 07:54:06,3,3.61,,FR1,Poke,Left,165,36,129,,0,FR1
2024-07-29 07:54:07,3,3.61,1.0,FR1,Pellet,Left,165,36,130,0.75,0,FR1
2024-07-29 07:54:26,3,3.61,,FR1,Poke,Left,166,36,130,,0,FR1
2024-07-29 07:54:26,3,3.61,,FR1,Poke,Left,167,36,130,,0,FR1
2024-07-29 07:54:30,3,3.62,2.0,FR1,Pellet,Left,167,36,131,0.63,0,FR1
2024-07-29 07:54:46,3,3.62,,FR1,Poke,Left,168,36,131,,0,FR1
2024-07-29 07:54:47,3,3.61,1.0,FR1,Pellet,Left,168,36,132,0.25,0,FR1
2024-07-29 07:55:09,3,3.61,,FR1,Poke,Left,169,36,132,,0,FR1
2024-07-29 07:55:27,3,3.61,3.0,FR1,Pellet,Left,169,36,133,12.9,0,FR1
2024-07-29 07:55:55,3,3.61,,FR1,Poke,Left,170,36,133,,0,FR1
2024-07-29 07:55:56,3,3.61,2.0,FR1,Pellet,Left,170,36,134,0.12,0,FR1
2024-07-29 08:29:24,3,3.61,,FR1,Poke,Left,170,37,134,,0,FR1
2024-07-29 08:29:26,3,3.61,,FR1,Poke,Left,170,38,134,,0,FR1
2024-07-29 08:44:17,3,3.62,,FR1,Poke,Left,171,38,134,,0,FR1
2024-07-29 08:44:19,3,3.62,1.0,FR1,Pellet,Left,171,38,135,1.32,0,FR1
2024-07-29 09:26:17,3,3.62,,FR1,Poke,Left,172,38,135,,0,FR1
2024-07-29 09:27:30,3,3.61,2.0,FR1,Pellet,Left,172,38,136,,0,FR1
2024-07-29 09:34:24,3,3.61,,FR1,Poke,Left,172,39,136,,0,FR1
2024-07-29 10:33:58,3,3.61,,FR1,Poke,Left,173,39,136,,0,FR1
2024-07-29 10:33:59,3,3.61,1.0,FR1,Pellet,Left,173,39,137,0.31,0,FR1
2024-07-29 10:34:18,3,3.61,,FR1,Poke,Left,174,39,137,,0,FR1
2024-07-29 10:34:21,3,3.61,2.0,FR1,Pellet,Left,174,39,138,0.37,0,FR1
2024-07-29 10:34:42,3,3.61,,FR1,Poke,Left,175,39,138,,0,FR1
2024-07-29 10:34:55,3,3.61,3.0,FR1,Pellet,Left,175,39,139,8.63,0,FR1
2024-07-29 11:13:44,3,3.61,,FR1,Poke,Left,176,39,139,,0,FR1
2024-07-29 11:13:45,3,3.61,1.0,FR1,Pellet,Left,176,39,140,0.31,0,FR1
2024-07-29 11:14:06,3,3.61,,FR1,Poke,Left,177,39,140,,0,FR1
2024-07-29 11:14:07,3,3.61,,FR1,Poke,Left,178,39,140,,0,FR1
2024-07-29 11:14:18,3,3.61,3.0,FR1,Pellet,Left,178,39,141,7.99,0,FR1
2024-07-29 11:14:56,3,3.61,,FR1,Poke,Left,179,39,141,,0,FR1
2024-07-29 11:15:00,3,3.61,3.0,FR1,Pellet,Left,179,39,142,0.19,0,FR1
2024-07-29 11:46:07,3,3.61,,FR1,Poke,Left,180,39,142,,0,FR1
2024-07-29 11:46:11,3,3.61,3.0,FR1,Pellet,Left,180,39,143,0.82,0,FR1
2024-07-29 11:47:07,3,3.61,,FR1,Poke,Left,181,39,143,,0,FR1
2024-07-29 11:47:08,3,3.61,2.0,FR1,Pellet,Left,181,39,144,0.06,0,FR1
2024-07-29 11:48:22,3,3.61,,FR1,Poke,Left,182,39,144,,0,FR1
2024-07-29 11:48:23,3,3.61,2.0,FR1,Pellet,Left,182,39,145,0.19,0,FR1
2024-07-29 13:26:26,3,3.6,,FR1,Poke,Left,183,39,145,,0,FR1
2024-07-29 13:26:27,3,3.61,2.0,FR1,Pellet,Left,183,39,146,0.06,0,FR1
2024-07-29 13:26:50,3,3.61,,FR1,Poke,Left,184,39,146,,0,FR1
2024-07-29 13:26:51,3,3.61,1.0,FR1,Pellet,Left,184,39,147,0.19,0,FR1
2024-07-29 13:27:24,3,3.61,,FR1,Poke,Left,185,39,147,,0,FR1
2024-07-29 13:27:24,3,3.61,,FR1,Poke,Left,186,39,147,,0,FR1
2024-07-29 13:27:27,3,3.6,,FR1,Poke,Left,187,39,147,,0,FR1
2024-07-29 13:27:31,3,3.61,3.0,FR1,Pellet,Left,187,39,148,0.75,0,FR1
2024-07-29 13:27:43,3,3.6,,FR1,Poke,Left,188,39,148,,0,FR1
2024-07-29 13:27:45,3,3.61,1.0,FR1,Pellet,Left,188,39,149,0.69,0,FR1
2024-07-29 13:28:08,3,3.61,,FR1,Poke,Left,189,39,149,,0,FR1
2024-07-29 13:28:09,3,3.61,1.0,FR1,Pellet,Left,189,39,150,0.19,0,FR1
2024-07-29 14:11:38,3,3.61,,FR1,Poke,Left,189,40,150,,0,FR1
2024-07-29 14:13:38,3,3.61,,FR1,Poke,Left,189,41,150,,0,FR1
2024-07-29 15:20:32,3,3.61,,FR1,Poke,Left,190,41,150,,0,FR1
2024-07-29 15:20:34,3,3.61,1.0,FR1,Pellet,Left,190,41,151,1.64,0,FR1
2024-07-29 15:20:52,3,3.61,,FR1,Poke,Left,191,41,151,,0,FR1
2024-07-29 15:20:55,3,3.61,2.0,FR1,Pellet,Left,191,41,152,0.12,0,FR1
2024-07-29 15:21:17,3,3.62,,FR1,Poke,Left,192,41,152,,0,FR1
2024-07-29 15:21:18,3,3.61,,FR1,Poke,Left,193,41,152,,0,FR1
2024-07-29 15:21:18,3,3.61,1.0,FR1,Pellet,Left,193,41,153,0.5,0,FR1
2024-07-29 15:21:36,3,3.61,,FR1,Poke,Left,194,41,153,,0,FR1
2024-07-29 15:21:50,3,3.61,3.0,FR1,Pellet,Left,194,41,154,10.85,0,FR1
2024-07-29 15:33:45,3,3.6,,FR1,Poke,Left,195,41,154,,0,FR1
2024-07-29 15:33:46,3,3.6,,FR1,Poke,Left,196,41,154,,0,FR1
2024-07-29 15:33:47,3,3.6,1.0,FR1,Pellet,Left,196,41,155,0.69,0,FR1
2024-07-29 15:34:04,3,3.6,,FR1,Poke,Left,197,41,155,,0,FR1
2024-07-29 15:34:06,3,3.61,2.0,FR1,Pellet,Left,197,41,156,0.06,0,FR1
2024-07-29 15:34:22,3,3.61,,FR1,Poke,Left,198,41,156,,0,FR1
2024-07-29 15:34:24,3,3.6,2.0,FR1,Pellet,Left,198,41,157,0.19,0,FR1
2024-07-29 15:34:45,3,3.61,,FR1,Poke,Left,199,41,157,,0,FR1
2024-07-29 15:35:03,3,3.61,3.0,FR1,Pellet,Left,199,41,158,14.99,0,FR1
2024-07-29 15:46:50,3,3.61,,FR1,Poke,Left,200,41,158,,0,FR1
2024-07-29 15:46:52,3,3.6,1.0,FR1,Pellet,Left,200,41,159,0.56,0,FR1
2024-07-29 16:45:40,3,3.87,,FR1,Poke,Left,200,42,159,,1,FR1
2024-07-29 16:45:48,3,3.88,,FR1,Poke,Left,201,42,159,,1,FR1
2024-07-29 16:46:49,3,3.89,4.0,FR1,Pellet,Left,201,42,160,55.35,1,FR1
2024-07-29 17:42:56,3,3.88,,FR1,Poke,Left,202,42,160,,1,FR1
2024-07-29 17:42:59,3,3.89,3.0,FR1,Pellet,Left,202,42,161,0.19,1,FR1
2024-07-29 17:43:28,3,3.89,,FR1,Poke,Left,203,42,161,,1,FR1
2024-07-29 17:43:29,3,3.88,2.0,FR1,Pellet,Left,203,42,162,0.06,1,FR1
2024-07-29 17:43:52,3,3.88,,FR1,Poke,Left,204,42,162,,1,FR1
2024-07-29 17:44:03,3,3.89,2.0,FR1,Pellet,Left,204,42,163,7.86,1,FR1
2024-07-29 17:44:47,3,3.88,,FR1,Poke,Left,205,42,163,,1,FR1
2024-07-29 17:44:49,3,3.88,1.0,FR1,Pellet,Left,205,42,164,1.13,1,FR1
2024-07-29 18:05:09,3,3.88,,FR1,Poke,Left,206,42,164,,1,FR1
2024-07-29 18:05:19,3,3.89,2.0,FR1,Pellet,Left,206,42,165,7.35,1,FR1
2024-07-29 18:06:18,3,3.89,,FR1,Poke,Left,207,42,165,,1,FR1
2024-07-29 18:06:29,3,3.88,2.0,FR1,Pellet,Left,207,42,166,7.29,1,FR1
2024-07-29 18:24:36,3,3.88,,FR1,Poke,Left,207,43,166,,1,FR1
2024-07-29 18:24:38,3,3.88,,FR1,Poke,Left,207,44,166,,1,FR1
2024-07-29 18:25:26,3,3.88,,FR1,Poke,Left,208,44,166,,1,FR1
2024-07-29 18:25:27,3,3.88,1.0,FR1,Pellet,Left,208,44,167,0.25,1,FR1
2024-07-29 18:40:27,3,3.88,,FR1,Poke,Left,209,44,167,,1,FR1
2024-07-29 18:40:28,3,3.88,1.0,FR1,Pellet,Left,209,44,168,0.25,1,FR1
2024-07-29 18:40:51,3,3.88,,FR1,Poke,Left,210,44,168,,1,FR1
2024-07-29 18:40:52,3,3.88,2.0,FR1,Pellet,Left,210,44,169,0.06,1,FR1
2024-07-29 18:41:13,3,3.88,,FR1,Poke,Left,211,44,169,,1,FR1
2024-07-29 18:41:25,3,3.88,2.0,FR1,Pellet,Left,211,44,170,9.51,1,FR1
2024-07-29 18:49:03,3,3.88,,FR1,Poke,Left,212,44,170,,1,FR1
2024-07-29 18:49:04,3,3.88,1.0,FR1,Pellet,Left,212,44,171,0.19,1,FR1
2024-07-29 18:49:18,3,3.88,,FR1,Poke,Left,213,44,171,,1,FR1
2024-07-29 18:49:20,3,3.88,1.0,FR1,Pellet,Left,213,44,172,0.31,1,FR1
2024-07-29 18:49:40,3,3.88,,FR1,Poke,Left,214,44,172,,1,FR1
2024-07-29 18:49:40,3,3.88,,FR1,Poke,Left,215,44,172,,1,FR1
2024-07-29 18:49:44,3,3.88,2.0,FR1,Pellet,Left,215,44,173,0.88,1,FR1
2024-07-29 18:50:10,3,3.88,,FR1,Poke,Left,216,44,173,,1,FR1
2024-07-29 18:50:11,3,3.88,,FR1,Poke,Left,217,44,173,,1,FR1
2024-07-29 18:50:14,3,3.88,2.0,FR1,Pellet,Left,217,44,174,0.5,1,FR1
2024-07-29 19:03:43,3,3.88,,FR1,Poke,Left,218,44,174,,1,FR1
2024-07-29 19:03:44,3,3.87,1.0,FR1,Pellet,Left,218,44,175,0.25,1,FR1
2024-07-29 19:05:14,3,3.88,,FR1,Poke,Left,219,44,175,,1,FR1
2024-07-29 19:05:16,3,3.88,1.0,FR1,Pellet,Left,219,44,176,1.01,1,FR1
2024-07-29 19:08:06,3,3.88,,FR1,Poke,Left,219,45,176,,1,FR1
2024-07-29 19:13:13,3,3.89,,FR1,Poke,Left,220,45,176,,1,FR1
2024-07-29 19:13:14,3,3.88,2.0,FR1,Pellet,Left,220,45,177,0.12,1,FR1
2024-07-29 19:16:58,3,3.87,,FR1,Poke,Left,221,45,177,,1,FR1
2024-07-29 19:17:00,3,3.88,1.0,FR1,Pellet,Left,221,45,178,0.5,1,FR1
2024-07-29 19:26:43,3,3.88,,FR1,Poke,Left,222,45,178,,1,FR1
2024-07-29 19:26:44,3,3.88,2.0,FR1,Pellet,Left,222,45,179,0.06,1,FR1
2024-07-29 19:27:08,3,3.88,,FR1,Poke,Left,223,45,179,,1,FR1
2024-07-29 19:27:19,3,3.88,2.0,FR1,Pellet,Left,223,45,180,8.18,1,FR1
2024-07-29 19:33:17,3,3.87,,FR1,Poke,Left,224,45,180,,1,FR1
2024-07-29 19:33:18,3,3.88,2.0,FR1,Pellet,Left,224,45,181,0.25,1,FR1
2024-07-29 19:35:06,3,3.87,,FR1,Poke,Left,225,45,181,,1,FR1
2024-07-29 19:35:07,3,3.87,1.0,FR1,Pellet,Left,225,45,182,0.82,1,FR1
2024-07-29 19:39:08,3,3.88,,FR1,Poke,Left,226,45,182,,1,FR1
2024-07-29 19:39:09,3,3.87,1.0,FR1,Pellet,Left,226,45,183,0.44,1,FR1
2024-07-29 19:39:27,3,3.88,,FR1,Poke,Left,227,45,183,,1,FR1
2024-07-29 19:48:12,3,3.87,1.0,FR1,Pellet,Left,227,45,184,,1,FR1
2024-07-29 19:51:27,3,3.87,,FR1,Poke,Left,228,45,184,,1,FR1
2024-07-29 19:51:28,3,3.88,2.0,FR1,Pellet,Left,228,45,185,0.06,1,FR1
2024-07-29 19:51:44,3,3.88,,FR1,Poke,Left,229,45,185,,1,FR1
2024-07-29 19:51:52,3,3.87,2.0,FR1,Pellet,Left,229,45,186,5.01,1,FR1
2024-07-29 19:57:23,3,3.87,,FR1,Poke,Left,230,45,186,,1,FR1
2024-07-29 19:57:24,3,3.87,2.0,FR1,Pellet,Left,230,45,187,0.19,1,FR1
2024-07-29 19:57:37,3,3.87,,FR1,Poke,Left,231,45,187,,1,FR1
2024-07-29 19:57:46,3,3.87,2.0,FR1,Pellet,Left,231,45,188,6.34,1,FR1
2024-07-29 19:58:15,3,3.87,,FR1,Poke,Left,232,45,188,,1,FR1
2024-07-29 19:58:16,3,3.87,1.0,FR1,Pellet,Left,232,45,189,0.19,1,FR1
2024-07-29 19:58:45,3,3.87,,FR1,Poke,Left,233,45,189,,1,FR1
2024-07-29 19:58:55,3,3.88,2.0,FR1,Pellet,Left,233,45,190,7.1,1,FR1
2024-07-29 20:09:12,3,3.87,,FR1,Poke,Left,234,45,190,,1,FR1
2024-07-29 20:09:12,3,3.87,,FR1,Poke,Left,235,45,190,,1,FR1
2024-07-29 20:09:16,3,3.87,2.0,FR1,Pellet,Left,235,45,191,0.5,1,FR1
2024-07-29 20:09:31,3,3.87,,FR1,Poke,Left,236,45,191,,1,FR1
2024-07-29 20:09:32,3,3.87,2.0,FR1,Pellet,Left,236,45,192,0.06,1,FR1
2024-07-29 20:09:48,3,3.87,,FR1,Poke,Left,237,45,192,,1,FR1
2024-07-29 20:09:49,3,3.87,1.0,FR1,Pellet,Left,237,45,193,0.63,1,FR1
2024-07-29 20:10:13,3,3.87,,FR1,Poke,Left,238,45,193,,1,FR1
2024-07-29 20:10:14,3,3.87,,FR1,Poke,Left,239,45,193,,1,FR1
2024-07-29 20:10:17,3,3.87,2.0,FR1,Pellet,Left,239,45,194,0.25,1,FR1
2024-07-29 20:10:34,3,3.87,,FR1,Poke,Left,240,45,194,,1,FR1
2024-07-29 20:10:37,3,3.88,2.0,FR1,Pellet,Left,240,45,195,0.25,1,FR1
2024-07-29 20:10:51,3,3.87,,FR1,Poke,Left,241,45,195,,1,FR1
2024-07-29 20:10:53,3,3.87,,FR1,Poke,Left,242,45,195,,1,FR1
2024-07-29 20:10:55,3,3.87,1.0,FR1,Pellet,Left,242,45,196,3.73,1,FR1
2024-07-29 20:14:41,3,3.87,,FR1,Poke,Left,242,46,196,,1,FR1
2024-07-29 20:14:42,3,3.88,,FR1,Poke,Left,242,47,196,,1,FR1
2024-07-29 20:15:06,3,3.87,,FR1,Poke,Left,243,47,196,,1,FR1
2024-07-29 20:15:07,3,3.87,1.0,FR1,Pellet,Left,243,47,197,0.19,1,FR1
2024-07-29 20:26:57,3,3.88,,FR1,Poke,Left,244,47,197,,1,FR1
2024-07-29 20:26:58,3,3.87,1.0,FR1,Pellet,Left,244,47,198,0.12,1,FR1
2024-07-29 20:27:08,3,3.87,,FR1,Poke,Left,245,47,198,,1,FR1
2024-07-29 20:27:10,3,3.87,1.0,FR1,Pellet,Left,245,47,199,0.69,1,FR1
2024-07-29 20:38:18,3,3.87,,FR1,Poke,Left,246,47,199,,1,FR1
2024-07-29 20:38:19,3,3.87,1.0,FR1,Pellet,Left,246,47,200,0.12,1,FR1
2024-07-29 20:38:34,3,3.87,,FR1,Poke,Left,247,47,200,,1,FR1
2024-07-29 20:38:35,3,3.87,1.0,FR1,Pellet,Left,247,47,201,0.19,1,FR1
2024-07-29 20:38:57,3,3.87,,FR1,Poke,Left,248,47,201,,1,FR1
2024-07-29 20:38:58,3,3.87,1.0,FR1,Pellet,Left,248,47,202,0.06,1,FR1
2024-07-29 20:39:15,3,3.87,,FR1,Poke,Left,249,47,202,,1,FR1
2024-07-29 20:39:16,3,3.87,1.0,FR1,Pellet,Left,249,47,203,0.12,1,FR1
2024-07-29 20:39:41,3,3.87,,FR1,Poke,Left,250,47,203,,1,FR1
2024-07-29 20:39:43,3,3.87,1.0,FR1,Pellet,Left,250,47,204,0.56,1,FR1
2024-07-29 21:05:53,3,3.87,,FR1,Poke,Left,251,47,204,,1,FR1
2024-07-29 21:05:54,3,3.87,2.0,FR1,Pellet,Left,251,47,205,0.06,1,FR1
2024-07-29 21:06:17,3,3.87,,FR1,Poke,Left,252,47,205,,1,FR1
2024-07-29 21:06:30,3,3.87,3.0,FR1,Pellet,Left,252,47,206,8.12,1,FR1
2024-07-29 21:06:59,3,3.87,,FR1,Poke,Left,253,47,206,,1,FR1
2024-07-29 21:07:12,3,3.87,2.0,FR1,Pellet,Left,253,47,207,10.41,1,FR1
2024-07-29 21:07:43,3,3.87,,FR1,Poke,Left,254,47,207,,1,FR1
2024-07-29 21:07:44,3,3.87,2.0,FR1,Pellet,Left,254,47,208,0.06,1,FR1
2024-07-29 21:08:05,3,3.87,,FR1,Poke,Left,255,47,208,,1,FR1
2024-07-29 21:08:22,3,3.87,2.0,FR1,Pellet,Left,255,47,209,14.48,1,FR1
2024-07-29 21:08:52,3,3.87,,FR1,Poke,Left,256,47,209,,1,FR1
2024-07-29 21:08:52,3,3.87,1.0,FR1,Pellet,Left,256,47,210,0.06,1,FR1
2024-07-29 21:09:12,3,3.87,,FR1,Poke,Left,257,47,210,,1,FR1
2024-07-29 21:09:21,3,3.87,2.0,FR1,Pellet,Left,257,47,211,6.66,1,FR1
2024-07-29 21:20:29,3,3.87,,FR1,Poke,Left,258,47,211,,1,FR1
2024-07-29 21:20:30,3,3.87,2.0,FR1,Pellet,Left,258,47,212,0.12,1,FR1
2024-07-29 21:23:21,3,3.86,,FR1,Poke,Left,258,48,212,,1,FR1
2024-07-29 21:25:49,3,3.87,,FR1,Poke,Left,259,48,212,,1,FR1
2024-07-29 21:25:58,3,3.87,,FR1,Poke,Left,259,49,212,,1,FR1
2024-07-29 21:26:10,3,3.87,1.0,FR1,Pellet,Left,259,49,213,19.85,1,FR1
2024-07-29 21:29:27,3,3.87,,FR1,Poke,Left,259,50,213,,1,FR1
2024-07-29 21:33:43,3,3.87,,FR1,Poke,Left,260,50,213,,1,FR1
2024-07-29 21:33:55,3,3.87,,FR1,Poke,Left,260,51,213,,1,FR1
2024-07-29 21:33:58,3,3.87,,FR1,Poke,Left,261,51,213,,1,FR1
2024-07-29 21:36:28,3,3.87,1.0,FR1,Pellet,Left,261,51,214,,1,FR1
2024-07-29 21:48:31,3,3.87,,FR1,Poke,Left,262,51,214,,1,FR1
2024-07-29 21:48:32,3,3.87,1.0,FR1,Pellet,Left,262,51,215,0.19,1,FR1
2024-07-29 21:49:49,3,3.87,,FR1,Poke,Left,263,51,215,,1,FR1
2024-07-29 21:49:52,3,3.87,2.0,FR1,Pellet,Left,263,51,216,0.19,1,FR1
2024-07-29 21:50:24,3,3.87,,FR1,Poke,Left,263,52,216,,1,FR1
2024-07-29 21:53:15,3,3.87,,FR1,Poke,Left,263,53,216,,1,FR1
2024-07-29 21:53:18,3,3.86,,FR1,Poke,Left,264,53,216,,1,FR1
2024-07-29 21:53:19,3,3.87,1.0,FR1,Pellet,Left,264,53,217,0.44,1,FR1
2024-07-29 21:53:34,3,3.87,,FR1,Poke,Left,265,53,217,,1,FR1
2024-07-29 21:53:36,3,3.87,1.0,FR1,Pellet,Left,265,53,218,2.15,1,FR1
2024-07-29 22:13:35,3,3.87,,FR1,Poke,Left,266,53,218,,1,FR1
2024-07-29 22:13:35,3,3.87,,FR1,Poke,Left,267,53,218,,1,FR1
2024-07-29 22:13:35,3,3.87,,FR1,Poke,Left,268,53,218,,1,FR1
2024-07-29 22:13:50,3,3.87,3.0,FR1,Pellet,Left,268,53,219,9.84,1,FR1
2024-07-29 22:14:12,3,3.87,,FR1,Poke,Left,269,53,219,,1,FR1
2024-07-29 22:14:25,3,3.87,2.0,FR1,Pellet,Left,269,53,220,9.96,1,FR1
2024-07-29 22:14:53,3,3.87,,FR1,Poke,Left,270,53,220,,1,FR1
2024-07-29 22:14:54,3,3.87,2.0,FR1,Pellet,Left,270,53,221,0.06,1,FR1
2024-07-29 22:15:11,3,3.87,,FR1,Poke,Left,271,53,221,,1,FR1
2024-07-29 22:15:24,3,3.87,2.0,FR1,Pellet,Left,271,53,222,9.96,1,FR1
2024-07-29 22:15:58,3,3.87,,FR1,Poke,Left,272,53,222,,1,FR1
2024-07-29 22:16:02,3,3.87,2.0,FR1,Pellet,Left,272,53,223,0.82,1,FR1
2024-07-29 22:17:27,3,3.87,,FR1,Poke,Left,273,53,223,,1,FR1
2024-07-29 22:17:29,3,3.87,2.0,FR1,Pellet,Left,273,53,224,0.44,1,FR1
2024-07-29 22:52:05,3,3.87,,FR1,Poke,Left,274,53,224,,1,FR1
2024-07-29 22:52:06,3,3.87,1.0,FR1,Pellet,Left,274,53,225,0.19,1,FR1
2024-07-29 23:02:28,3,3.87,,FR1,Poke,Left,275,53,225,,1,FR1
2024-07-29 23:02:29,3,3.87,1.0,FR1,Pellet,Left,275,53,226,0.12,1,FR1
2024-07-29 23:07:45,3,3.87,,FR1,Poke,Left,276,53,226,,1,FR1
2024-07-29 23:07:46,3,3.87,1.0,FR1,Pellet,Left,276,53,227,0.12,1,FR1
2024-07-29 23:08:07,3,3.87,,FR1,Poke,Left,277,53,227,,1,FR1
2024-07-29 23:08:08,3,3.87,1.0,FR1,Pellet,Left,277,53,228,0.25,1,FR1
2024-07-29 23:08:21,3,3.87,,FR1,Poke,Left,278,53,228,,1,FR1
2024-07-29 23:08:22,3,3.86,1.0,FR1,Pellet,Left,278,53,229,0.12,1,FR1
2024-07-29 23:08:35,3,3.87,,FR1,Poke,Left,279,53,229,,1,FR1
2024-07-29 23:08:36,3,3.87,1.0,FR1,Pellet,Left,279,53,230,0.19,1,FR1
2024-07-29 23:08:55,3,3.87,,FR1,Poke,Left,280,53,230,,1,FR1
2024-07-29 23:09:03,3,3.87,2.0,FR1,Pellet,Left,280,53,231,5.64,1,FR1
2024-07-29 23:09:33,3,3.87,,FR1,Poke,Left,281,53,231,,1,FR1
2024-07-29 23:09:34,3,3.87,1.0,FR1,Pellet,Left,281,53,232,0.31,1,FR1
2024-07-29 23:09:55,3,3.86,,FR1,Poke,Left,282,53,232,,1,FR1
2024-07-29 23:09:56,3,3.87,,FR1,Poke,Left,283,53,232,,1,FR1
2024-07-29 23:09:59,3,3.86,2.0,FR1,Pellet,Left,283,53,233,0.19,1,FR1
2024-07-29 23:10:13,3,3.87,,FR1,Poke,Left,284,53,233,,1,FR1
2024-07-29 23:10:15,3,3.87,2.0,FR1,Pellet,Left,284,53,234,0.31,1,FR1
2024-07-29 23:46:39,3,3.87,,FR1,Poke,Left,285,53,234,,1,FR1
2024-07-29 23:46:44,3,3.87,,FR1,Poke,Left,286,53,234,,1,FR1
2024-07-29 23:50:51,3,3.87,1.0,FR1,Pellet,Left,286,53,235,,1,FR1
2024-07-29 23:56:30,3,3.86,,FR1,Poke,Left,287,53,235,,1,FR1
2024-07-29 23:56:34,3,3.87,,FR1,Poke,Left,288,53,235,,1,FR1
2024-07-29 23:56:36,3,3.87,1.0,FR1,Pellet,Left,288,53,236,5.92,1,FR1
2024-07-30 00:03:51,3,3.87,,FR1,Poke,Left,289,53,236,,1,FR1
2024-07-30 00:04:00,3,3.87,1.0,FR1,Pellet,Left,289,53,237,7.55,1,FR1
2024-07-30 00:05:12,3,3.87,,FR1,Poke,Left,289,54,237,,1,FR1
2024-07-30 00:05:33,3,3.87,,FR1,Poke,Left,290,54,237,,1,FR1
2024-07-30 00:05:56,3,3.87,1.0,FR1,Pellet,Left,290,54,238,22.57,1,FR1
2024-07-30 00:07:38,3,3.86,,FR1,Poke,Left,291,54,238,,1,FR1
2024-07-30 00:07:39,3,3.86,1.0,FR1,Pellet,Left,291,54,239,0.31,1,FR1
2024-07-30 00:15:54,3,3.85,,FR1,Poke,Left,292,54,239,,1,FR1
2024-07-30 00:16:00,3,3.87,1.0,FR1,Pellet,Left,292,54,240,5.2,1,FR1
2024-07-30 00:22:13,3,3.87,,FR1,Poke,Left,292,55,240,,1,FR1
2024-07-30 00:29:13,3,3.87,,FR1,Poke,Left,293,55,240,,1,FR1
2024-07-30 00:29:14,3,3.87,1.0,FR1,Pellet,Left,293,55,241,0.19,1,FR1
2024-07-30 00:37:16,3,3.86,,FR1,Poke,Left,294,55,241,,1,FR1
2024-07-30 00:37:17,3,3.86,1.0,FR1,Pellet,Left,294,55,242,0.25,1,FR1
2024-07-30 00:39:15,3,3.87,,FR1,Poke,Left,295,55,242,,1,FR1
2024-07-30 00:39:16,3,3.86,1.0,FR1,Pellet,Left,295,55,243,0.37,1,FR1
2024-07-30 00:46:34,3,3.87,,FR1,Poke,Left,296,55,243,,1,FR1
2024-07-30 00:46:35,3,3.87,1.0,FR1,Pellet,Left,296,55,244,0.69,1,FR1
2024-07-30 01:24:44,3,3.86,,FR1,Poke,Left,297,55,244,,1,FR1
2024-07-30 01:24:45,3,3.86,2.0,FR1,Pellet,Left,297,55,245,0.12,1,FR1
2024-07-30 01:25:05,3,3.86,,FR1,Poke,Left,298,55,245,,1,FR1
2024-07-30 01:25:06,3,3.86,,FR1,Poke,Left,299,55,245,,1,FR1
2024-07-30 01:25:09,3,3.86,2.0,FR1,Pellet,Left,299,55,246,0.44,1,FR1
2024-07-30 01:25:38,3,3.86,,FR1,Poke,Left,300,55,246,,1,FR1
2024-07-30 01:25:39,3,3.86,1.0,FR1,Pellet,Left,300,55,247,0.37,1,FR1
2024-07-30 01:25:53,3,3.86,,FR1,Poke,Left,301,55,247,,1,FR1
2024-07-30 01:25:54,3,3.86,1.0,FR1,Pellet,Left,301,55,248,0.12,1,FR1
2024-07-30 01:26:13,3,3.87,,FR1,Poke,Left,302,55,248,,1,FR1
2024-07-30 01:26:25,3,3.86,2.0,FR1,Pellet,Left,302,55,249,9.71,1,FR1
2024-07-30 01:27:01,3,3.86,,FR1,Poke,Left,303,55,249,,1,FR1
2024-07-30 01:27:04,3,3.86,1.0,FR1,Pellet,Left,303,55,250,2.27,1,FR1
2024-07-30 02:09:56,3,3.86,,FR1,Poke,Left,304,55,250,,1,FR1
2024-07-30 02:09:57,3,3.86,1.0,FR1,Pellet,Left,304,55,251,0.19,1,FR1
2024-07-30 02:10:16,3,3.86,,FR1,Poke,Left,305,55,251,,1,FR1
2024-07-30 02:10:17,3,3.87,1.0,FR1,Pellet,Left,305,55,252,0.44,1,FR1
2024-07-30 02:10:32,3,3.86,,FR1,Poke,Left,306,55,252,,1,FR1
2024-07-30 02:10:32,3,3.86,,FR1,Poke,Left,307,55,252,,1,FR1
2024-07-30 02:10:33,3,3.86,,FR1,Poke,Left,308,55,252,,1,FR1
2024-07-30 02:10:47,3,3.86,3.0,FR1,Pellet,Left,308,55,253,9.13,1,FR1
2024-07-30 02:11:11,3,3.86,,FR1,Poke,Left,309,55,253,,1,FR1
2024-07-30 02:11:20,3,3.87,3.0,FR1,Pellet,Left,309,55,254,4.69,1,FR1
2024-07-30 02:32:43,3,3.86,,FR1,Poke,Left,310,55,254,,1,FR1
2024-07-30 02:32:44,3,3.86,1.0,FR1,Pellet,Left,310,55,255,0.69,1,FR1
2024-07-30 02:33:02,3,3.86,,FR1,Poke,Left,311,55,255,,1,FR1
2024-07-30 02:33:03,3,3.86,1.0,FR1,Pellet,Left,311,55,256,0.44,1,FR1
2024-07-30 02:33:18,3,3.86,,FR1,Poke,Left,312,55,256,,1,FR1
2024-07-30 02:33:18,3,3.86,,FR1,Poke,Left,313,55,256,,1,FR1
2024-07-30 02:33:21,3,3.86,3.0,FR1,Pellet,Left,313,55,257,0.12,1,FR1
2024-07-30 02:34:01,3,3.86,,FR1,Poke,Left,314,55,257,,1,FR1
2024-07-30 02:34:01,3,3.86,1.0,FR1,Pellet,Left,314,55,258,0.19,1,FR1
2024-07-30 02:34:20,3,3.86,,FR1,Poke,Left,315,55,258,,1,FR1
2024-07-30 02:34:29,3,3.86,2.0,FR1,Pellet,Left,315,55,259,6.34,1,FR1
2024-07-30 02:59:47,3,3.86,,FR1,Poke,Left,316,55,259,,1,FR1
2024-07-30 02:59:48,3,3.86,2.0,FR1,Pellet,Left,316,55,260,0.06,1,FR1
2024-07-30 03:00:01,3,3.85,,FR1,Poke,Left,317,55,260,,1,FR1
2024-07-30 03:00:02,3,3.86,,FR1,Poke,Left,318,55,260,,1,FR1
2024-07-30 03:00:05,3,3.85,3.0,FR1,Pellet,Left,318,55,261,0.06,1,FR1
2024-07-30 03:00:50,3,3.86,,FR1,Poke,Left,319,55,261,,1,FR1
2024-07-30 03:00:51,3,3.85,2.0,FR1,Pellet,Left,319,55,262,0.44,1,FR1
2024-07-30 03:01:05,3,3.86,,FR1,Poke,Left,320,55,262,,1,FR1
2024-07-30 03:01:07,3,3.86,2.0,FR1,Pellet,Left,320,55,263,0.19,1,FR1
2024-07-30 03:01:36,3,3.86,,FR1,Poke,Left,321,55,263,,1,FR1
2024-07-30 03:01:38,3,3.86,2.0,FR1,Pellet,Left,321,55,264,0.63,1,FR1
2024-07-30 03:01:55,3,3.86,,FR1,Poke,Left,322,55,264,,1,FR1
2024-07-30 03:01:56,3,3.85,,FR1,Poke,Left,323,55,264,,1,FR1
2024-07-30 03:01:58,3,3.86,2.0,FR1,Pellet,Left,323,55,265,0.06,1,FR1
2024-07-30 03:02:38,3,3.85,,FR1,Poke,Left,324,55,265,,1,FR1
2024-07-30 03:02:39,3,3.85,2.0,FR1,Pellet,Left,324,55,266,0.06,1,FR1
2024-07-30 03:03:01,3,3.86,,FR1,Poke,Left,325,55,266,,1,FR1
2024-07-30 03:03:02,3,3.85,1.0,FR1,Pellet,Left,325,55,267,0.06,1,FR1
2024-07-30 03:05:28,3,3.86,,FR1,Poke,Left,325,56,267,,1,FR1
2024-07-30 03:05:32,3,3.86,,FR1,Poke,Left,326,56,267,,1,FR1
2024-07-30 03:05:34,3,3.86,1.0,FR1,Pellet,Left,326,56,268,0.88,1,FR1
2024-07-30 03:05:54,3,3.86,,FR1,Poke,Left,327,56,268,,1,FR1
2024-07-30 03:06:11,3,3.86,1.0,FR1,Pellet,Left,327,56,269,16.26,1,FR1
2024-07-30 03:28:15,3,3.85,,FR1,Poke,Left,328,56,269,,1,FR1
2024-07-30 03:28:16,3,3.86,2.0,FR1,Pellet,Left,328,56,270,0.06,1,FR1
2024-07-30 03:28:40,3,3.85,,FR1,Poke,Left,329,56,270,,1,FR1
2024-07-30 03:28:41,3,3.86,1.0,FR1,Pellet,Left,329,56,271,0.25,1,FR1
2024-07-30 04:19:02,3,3.86,,FR1,Poke,Left,330,56,271,,1,FR1
2024-07-30 04:19:03,3,3.85,1.0,FR1,Pellet,Left,330,56,272,0.25,1,FR1
2024-07-30 04:19:23,3,3.85,,FR1,Poke,Left,331,56,272,,1,FR1
2024-07-30 04:19:24,3,3.85,1.0,FR1,Pellet,Left,331,56,273,0.25,1,FR1
2024-07-30 04:19:44,3,3.86,,FR1,Poke,Left,332,56,273,,1,FR1
2024-07-30 04:19:44,3,3.86,,FR1,Poke,Left,333,56,273,,1,FR1
2024-07-30 04:19:48,3,3.85,3.0,FR1,Pellet,Left,333,56,274,0.19,1,FR1
2024-07-30 04:20:08,3,3.85,,FR1,Poke,Left,334,56,274,,1,FR1
2024-07-30 04:20:09,3,3.86,1.0,FR1,Pellet,Left,334,56,275,0.06,1,FR1
2024-07-30 04:20:31,3,3.85,,FR1,Poke,Left,335,56,275,,1,FR1
2024-07-30 04:20:32,3,3.85,2.0,FR1,Pellet,Left,335,56,276,0.06,1,FR1
2024-07-30 04:20:57,3,3.86,,FR1,Poke,Left,336,56,276,,1,FR1
2024-07-30 04:20:58,3,3.85,1.0,FR1,Pellet,Left,336,56,277,0.12,1,FR1
2024-07-30 04:21:19,3,3.86,,FR1,Poke,Left,337,56,277,,1,FR1
2024-07-30 04:21:20,3,3.85,,FR1,Poke,Left,338,56,277,,1,FR1
2024-07-30 04:21:32,3,3.85,3.0,FR1,Pellet,Left,338,56,278,7.23,1,FR1
2024-07-30 04:22:07,3,3.86,,FR1,Poke,Left,339,56,278,,1,FR1
2024-07-30 04:22:18,3,3.85,2.0,FR1,Pellet,Left,339,56,279,7.93,1,FR1
2024-07-30 04:23:22,3,3.85,,FR1,Poke,Left,340,56,279,,1,FR1
2024-07-30 04:23:23,3,3.85,1.0,FR1,Pellet,Left,340,56,280,0.06,1,FR1
2024-07-30 04:23:34,3,3.86,,FR1,Poke,Left,341,56,280,,1,FR1
2024-07-30 04:23:35,3,3.86,1.0,FR1,Pellet,Left,341,56,281,0.5,1,FR1
2024-07-30 04:23:57,3,3.85,,FR1,Poke,Left,342,56,281,,1,FR1
2024-07-30 04:23:58,3,3.86,2.0,FR1,Pellet,Left,342,56,282,0.12,1,FR1
2024-07-30 05:20:51,3,3.85,,FR1,Poke,Left,342,57,282,,1,FR1
2024-07-30 05:20:53,3,3.85,,FR1,Poke,Left,342,58,282,,1,FR1
2024-07-30 05:20:54,3,3.85,,FR1,Poke,Left,342,59,282,,1,FR1
2024-07-30 05:20:59,3,3.85,,FR1,Poke,Left,343,59,282,,1,FR1
2024-07-30 05:21:02,3,3.85,1.0,FR1,Pellet,Left,343,59,283,2.53,1,FR1
2024-07-30 05:23:35,3,3.85,,FR1,Poke,Left,343,60,283,,1,FR1
2024-07-30 05:23:36,3,3.86,,FR1,Poke,Left,343,61,283,,1,FR1
2024-07-30 05:24:13,3,3.86,,FR1,Poke,Left,344,61,283,,1,FR1
2024-07-30 05:25:15,3,3.86,1.0,FR1,Pellet,Left,344,61,284,,1,FR1
2024-07-30 05:27:09,3,3.85,,FR1,Poke,Left,344,62,284,,1,FR1
2024-07-30 05:28:25,3,3.85,,FR1,Poke,Left,344,63,284,,1,FR1
2024-07-30 05:32:09,3,3.85,,FR1,Poke,Left,345,63,284,,1,FR1
2024-07-30 05:32:10,3,3.85,1.0,FR1,Pellet,Left,345,63,285,0.56,1,FR1
2024-07-30 05:36:09,3,3.85,,FR1,Poke,Left,345,64,285,,1,FR1
2024-07-30 05:46:08,3,3.85,,FR1,Poke,Left,346,64,285,,1,FR1
2024-07-30 05:46:09,3,3.85,2.0,FR1,Pellet,Left,346,64,286,0.06,1,FR1
2024-07-30 05:46:37,3,3.85,,FR1,Poke,Left,347,64,286,,1,FR1
2024-07-30 05:46:40,3,3.85,2.0,FR1,Pellet,Left,347,64,287,0.06,1,FR1
2024-07-30 05:46:55,3,3.85,,FR1,Poke,Left,348,64,287,,1,FR1
2024-07-30 05:46:57,3,3.85,2.0,FR1,Pellet,Left,348,64,288,0.19,1,FR1
2024-07-30 05:47:23,3,3.85,,FR1,Poke,Left,349,64,288,,1,FR1
2024-07-30 05:47:23,3,3.85,1.0,FR1,Pellet,Left,349,64,289,0.31,1,FR1
2024-07-30 05:47:48,3,3.85,,FR1,Poke,Left,350,64,289,,1,FR1
2024-07-30 05:47:51,3,3.85,2.0,FR1,Pellet,Left,350,64,290,0.06,1,FR1
2024-07-30 07:59:05,3,3.85,,FR1,Poke,Left,350,65,290,,1,FR1
2024-07-30 08:06:49,3,3.85,,FR1,Poke,Left,351,65,290,,1,FR1
2024-07-30 08:06:50,3,3.85,1.0,FR1,Pellet,Left,351,65,291,0.44,1,FR1
2024-07-30 08:07:10,3,3.85,,FR1,Poke,Left,352,65,291,,1,FR1
2024-07-30 08:07:21,3,3.85,2.0,FR1,Pellet,Left,352,65,292,8.19,1,FR1
2024-07-30 08:25:21,3,3.85,,FR1,Poke,Left,353,65,292,,1,FR1
2024-07-30 08:25:48,3,3.84,1.0,FR1,Pellet,Left,353,65,293,26.35,1,FR1
2024-07-30 09:48:24,3,3.85,,FR1,Poke,Left,354,65,293,,1,FR1
2024-07-30 09:48:25,3,3.85,2.0,FR1,Pellet,Left,354,65,294,0.12,1,FR1
2024-07-30 09:48:52,3,3.85,,FR1,Poke,Left,355,65,294,,1,FR1
2024-07-30 09:48:55,3,3.85,2.0,FR1,Pellet,Left,355,65,295,0.06,1,FR1
2024-07-30 09:51:29,3,3.85,,FR1,Poke,Left,355,66,295,,1,FR1
2024-07-30 09:51:32,3,3.85,,FR1,Poke,Left,356,66,295,,1,FR1
2024-07-30 09:51:34,3,3.85,2.0,FR1,Pellet,Left,356,66,296,0.06,1,FR1
2024-07-30 10:43:41,3,3.84,,FR1,Poke,Left,357,66,296,,1,FR1
2024-07-30 10:43:41,3,3.84,,FR1,Poke,Left,358,66,296,,1,FR1
2024-07-30 10:43:42,3,3.85,,FR1,Poke,Left,359,66,296,,1,FR1
2024-07-30 10:43:45,3,3.85,,FR1,Poke,Left,360,66,296,,1,FR1
2024-07-30 10:43:46,3,3.83,2.0,FR1,Pellet,Left,360,66,297,0.44,1,FR1
2024-07-30 10:44:04,3,3.84,,FR1,Poke,Left,361,66,297,,1,FR1
2024-07-30 10:44:06,3,3.85,2.0,FR1,Pellet,Left,361,66,298,0.44,1,FR1
2024-07-30 11:24:14,3,3.85,,FR1,Poke,Left,362,66,298,,1,FR1
2024-07-30 11:24:15,3,3.85,2.0,FR1,Pellet,Left,362,66,299,0.19,1,FR1
2024-07-30 12:05:49,3,3.84,,FR1,Poke,Left,363,66,299,,1,FR1
2024-07-30 12:05:51,3,3.84,2.0,FR1,Pellet,Left,363,66,300,0.31,1,FR1
2024-07-30 12:10:02,3,3.85,,FR1,Poke,Left,364,66,300,,1,FR1
2024-07-30 12:10:03,3,3.84,,FR1,Poke,Left,365,66,300,,1,FR1
2024-07-30 12:10:06,3,3.85,3.0,FR1,Pellet,Left,365,66,301,0.06,1,FR1
2024-07-30 12:10:28,3,3.84,,FR1,Poke,Left,366,66,301,,1,FR1
2024-07-30 12:10:39,3,3.85,2.0,FR1,Pellet,Left,366,66,302,7.68,1,FR1
2024-07-30 12:11:15,3,3.84,,FR1,Poke,Left,367,66,302,,1,FR1
2024-07-30 12:11:16,3,3.84,1.0,FR1,Pellet,Left,367,66,303,0.12,1,FR1
2024-07-30 12:11:38,3,3.84,,FR1,Poke,Left,368,66,303,,1,FR1
2024-07-30 12:11:47,3,3.83,2.0,FR1,Pellet,Left,368,66,304,6.78,1,FR1
2024-07-30 12:12:10,3,3.84,,FR1,Poke,Left,369,66,304,,1,FR1
2024-07-30 12:14:03,3,3.85,1.0,FR1,Pellet,Left,369,66,305,,1,FR1
2024-07-30 12:17:01,3,3.84,,FR1,Poke,Left,369,67,305,,1,FR1
2024-07-30 13:31:31,3,3.84,,FR1,Poke,Left,370,67,305,,1,FR1
2024-07-30 13:31:32,3,3.85,1.0,FR1,Pellet,Left,370,67,306,0.56,1,FR1
2024-07-30 13:55:04,3,3.84,,FR1,Poke,Left,371,67,306,,1,FR1
2024-07-30 13:55:05,3,3.84,1.0,FR1,Pellet,Left,371,67,307,0.19,1,FR1
2024-07-30 14:01:19,3,3.84,,FR1,Poke,Left,372,67,307,,1,FR1
2024-07-30 14:01:21,3,3.84,2.0,FR1,Pellet,Left,372,67,308,0.25,1,FR1
2024-07-30 14:28:33,3,3.84,,FR1,Poke,Left,373,67,308,,1,FR1
2024-07-30 14:28:34,3,3.84,1.0,FR1,Pellet,Left,373,67,309,0.31,1,FR1
2024-07-30 14:39:49,3,3.84,,FR1,Poke,Left,374,67,309,,1,FR1
2024-07-30 14:39:50,3,3.84,2.0,FR1,Pellet,Left,374,67,310,0.06,1,FR1
2024-07-30 14:40:21,3,3.84,,FR1,Poke,Left,375,67,310,,1,FR1
2024-07-30 14:40:22,3,3.84,1.0,FR1,Pellet,Left,375,67,311,0.25,1,FR1
2024-07-30 14:40:40,3,3.84,,FR1,Poke,Left,376,67,311,,1,FR1
2024-07-30 14:40:52,3,3.84,2.0,FR1,Pellet,Left,376,67,312,8.56,1,FR1
2024-07-30 14:51:01,3,3.84,,FR1,Poke,Left,377,67,312,,1,FR1
2024-07-30 14:51:02,3,3.83,2.0,FR1,Pellet,Left,377,67,313,0.37,1,FR1
2024-07-30 14:51:43,3,3.84,,FR1,Poke,Left,377,68,313,,1,FR1
2024-07-30 14:51:45,3,3.84,,FR1,Poke,Left,377,69,313,,1,FR1
2024-07-30 16:33:16,3,3.83,,FR1,Poke,Left,378,69,313,,1,FR1
2024-07-30 16:33:17,3,3.84,2.0,FR1,Pellet,Left,378,69,314,0.12,1,FR1
2024-07-30 16:41:06,3,3.83,,FR1,Poke,Left,379,69,314,,1,FR1
2024-07-30 16:41:07,3,3.84,1.0,FR1,Pellet,Left,379,69,315,0.19,1,FR1
2024-07-30 16:41:24,3,3.83,,FR1,Poke,Left,380,69,315,,1,FR1
2024-07-30 16:41:25,3,3.83,1.0,FR1,Pellet,Left,380,69,316,0.25,1,FR1
2024-07-30 16:41:53,3,3.84,,FR1,Poke,Left,381,69,316,,1,FR1
2024-07-30 16:41:54,3,3.84,2.0,FR1,Pellet,Left,381,69,317,0.25,1,FR1
2024-07-30 16:53:33,3,3.83,,FR1,Poke,Left,382,69,317,,1,FR1
2024-07-30 16:53:35,3,3.83,1.0,FR1,Pellet,Left,382,69,318,0.37,1,FR1
2024-07-30 16:53:49,3,3.83,,FR1,Poke,Left,383,69,318,,1,FR1
2024-07-30 16:53:50,3,3.83,1.0,FR1,Pellet,Left,383,69,319,0.44,1,FR1
2024-07-30 17:40:48,3,3.83,,FR1,Poke,Left,384,69,319,,1,FR1
2024-07-30 17:40:49,3,3.83,1.0,FR1,Pellet,Left,384,69,320,0.06,1,FR1
2024-07-30 17:41:00,3,3.83,,FR1,Poke,Left,385,69,320,,1,FR1
2024-07-30 17:41:01,3,3.83,1.0,FR1,Pellet,Left,385,69,321,0.44,1,FR1
2024-07-30 17:41:20,3,3.83,,FR1,Poke,Left,386,69,321,,1,FR1
2024-07-30 17:41:32,3,3.83,2.0,FR1,Pellet,Left,386,69,322,8.69,1,FR1
2024-07-30 17:59:52,3,3.83,,FR1,Poke,Left,386,70,322,,1,FR1
2024-07-30 17:59:58,3,3.83,,FR1,Poke,Left,387,70,322,,1,FR1
2024-07-30 17:59:59,3,3.84,1.0,FR1,Pellet,Left,387,70,323,0.5,1,FR1
2024-07-30 18:13:15,3,3.83,,FR1,Poke,Left,388,70,323,,1,FR1
2024-07-30 18:13:17,3,3.84,1.0,FR1,Pellet,Left,388,70,324,0.37,1,FR1
2024-07-30 18:28:50,3,3.83,,FR1,Poke,Left,389,70,324,,1,FR1
2024-07-30 18:28:51,3,3.83,1.0,FR1,Pellet,Left,389,70,325,0.31,1,FR1
2024-07-30 18:29:07,3,3.83,,FR1,Poke,Left,390,70,325,,1,FR1
2024-07-30 18:29:08,3,3.83,1.0,FR1,Pellet,Left,390,70,326,0.25,1,FR1
2024-07-30 18:29:21,3,3.83,,FR1,Poke,Left,391,70,326,,1,FR1
2024-07-30 18:29:33,3,3.83,2.0,FR1,Pellet,Left,391,70,327,9.26,1,FR1
2024-07-30 18:29:55,3,3.83,,FR1,Poke,Left,392,70,327,,1,FR1
2024-07-30 18:29:56,3,3.83,1.0,FR1,Pellet,Left,392,70,328,0.19,1,FR1
2024-07-30 18:31:50,3,3.83,,FR1,Poke,Left,392,71,328,,1,FR1
2024-07-30 18:44:33,3,3.83,,FR1,Poke,Left,393,71,328,,1,FR1
2024-07-30 18:45:13,3,3.83,2.0,FR1,Pellet,Left,393,71,329,37.62,1,FR1
2024-07-30 18:55:29,3,3.83,,FR1,Poke,Left,393,72,329,,1,FR1
2024-07-30 18:55:30,3,3.83,,FR1,Poke,Left,393,73,329,,1,FR1
2024-07-30 18:55:32,3,3.83,,FR1,Poke,Left,394,73,329,,1,FR1
2024-07-30 18:55:33,3,3.83,1.0,FR1,Pellet,Left,394,73,330,0.19,1,FR1
2024-07-30 19:03:00,3,3.83,,FR1,Poke,Left,394,74,330,,1,FR1
2024-07-30 19:06:56,3,3.83,,FR1,Poke,Left,395,74,330,,1,FR1
2024-07-30 19:06:57,3,3.83,2.0,FR1,Pellet,Left,395,74,331,0.19,1,FR1
2024-07-30 19:08:01,3,3.83,,FR1,Poke,Left,396,74,331,,1,FR1
2024-07-30 19:08:02,3,3.83,1.0,FR1,Pellet,Left,396,74,332,0.31,1,FR1
2024-07-30 19:08:48,3,3.83,,FR1,Poke,Left,396,75,332,,1,FR1
2024-07-30 19:16:17,3,3.83,,FR1,Poke,Left,397,75,332,,1,FR1
2024-07-30 19:16:18,3,3.83,2.0,FR1,Pellet,Left,397,75,333,0.18,1,FR1
2024-07-30 19:16:57,3,3.83,,FR1,Poke,Left,398,75,333,,1,FR1
2024-07-30 19:16:58,3,3.83,2.0,FR1,Pellet,Left,398,75,334,0.06,1,FR1
2024-07-30 19:17:19,3,3.83,,FR1,Poke,Left,398,76,334,,1,FR1
2024-07-30 19:17:20,3,3.83,,FR1,Poke,Left,399,76,334,,1,FR1
2024-07-30 19:18:21,3,3.83,2.0,FR1,Pellet,Left,399,76,335,57.58,1,FR1
2024-07-30 19:34:10,3,3.83,,FR1,Poke,Left,400,76,335,,1,FR1
2024-07-30 19:34:12,3,3.83,1.0,FR1,Pellet,Left,400,76,336,0.37,1,FR1
2024-07-30 19:34:56,3,3.83,,FR1,Poke,Left,401,76,336,,1,FR1
2024-07-30 19:34:57,3,3.83,1.0,FR1,Pellet,Left,401,76,337,0.31,1,FR1
2024-07-30 19:37:43,3,3.83,,FR1,Poke,Left,402,76,337,,1,FR1
2024-07-30 19:37:44,3,3.83,1.0,FR1,Pellet,Left,402,76,338,0.37,1,FR1
2024-07-30 19:41:09,3,3.83,,FR1,Poke,Left,403,76,338,,1,FR1
2024-07-30 19:41:36,3,3.83,1.0,FR1,Pellet,Left,403,76,339,26.27,1,FR1
2024-07-30 19:44:47,3,3.83,,FR1,Poke,Left,404,76,339,,1,FR1
2024-07-30 19:44:48,3,3.83,1.0,FR1,Pellet,Left,404,76,340,0.69,1,FR1
2024-07-30 19:52:58,3,3.83,,FR1,Poke,Left,405,76,340,,1,FR1
2024-07-30 19:52:59,3,3.83,2.0,FR1,Pellet,Left,405,76,341,0.06,1,FR1
2024-07-30 19:53:42,3,3.83,,FR1,Poke,Left,406,76,341,,1,FR1
2024-07-30 19:53:43,3,3.83,1.0,FR1,Pellet,Left,406,76,342,0.19,1,FR1
2024-07-30 19:55:04,3,3.83,,FR1,Poke,Left,406,77,342,,1,FR1
2024-07-30 19:57:21,3,3.83,,FR1,Poke,Left,407,77,342,,1,FR1
2024-07-30 19:57:23,3,3.83,1.0,FR1,Pellet,Left,407,77,343,0.25,1,FR1
2024-07-30 20:08:34,3,3.83,,FR1,Poke,Left,408,77,343,,1,FR1
2024-07-30 20:08:35,3,3.83,1.0,FR1,Pellet,Left,408,77,344,0.06,1,FR1
2024-07-30 20:08:49,3,3.83,,FR1,Poke,Left,409,77,344,,1,FR1
2024-07-30 20:08:50,3,3.83,1.0,FR1,Pellet,Left,409,77,345,0.19,1,FR1
2024-07-30 20:09:15,3,3.83,,FR1,Poke,Left,410,77,345,,1,FR1
2024-07-30 20:09:15,3,3.83,1.0,FR1,Pellet,Left,410,77,346,0.19,1,FR1
2024-07-30 20:09:35,3,3.83,,FR1,Poke,Left,411,77,346,,1,FR1
2024-07-30 20:09:37,3,3.83,1.0,FR1,Pellet,Left,411,77,347,1.13,1,FR1
2024-07-30 20:09:55,3,3.83,,FR1,Poke,Left,412,77,347,,1,FR1
2024-07-30 20:09:56,3,3.83,1.0,FR1,Pellet,Left,412,77,348,0.19,1,FR1
2024-07-30 20:10:19,3,3.83,,FR1,Poke,Left,413,77,348,,1,FR1
2024-07-30 20:10:20,3,3.83,,FR1,Poke,Left,414,77,348,,1,FR1
2024-07-30 20:10:23,3,3.83,2.0,FR1,Pellet,Left,414,77,349,0.12,1,FR1
2024-07-30 20:10:35,3,3.83,,FR1,Poke,Left,415,77,349,,1,FR1
2024-07-30 20:10:36,3,3.83,2.0,FR1,Pellet,Left,415,77,350,0.63,1,FR1
2024-07-30 20:10:55,3,3.83,,FR1,Poke,Left,416,77,350,,1,FR1
2024-07-30 20:10:56,3,3.83,1.0,FR1,Pellet,Left,416,77,351,0.06,1,FR1
2024-07-30 20:18:35,3,3.83,,FR1,Poke,Left,417,77,351,,1,FR1
2024-07-30 20:18:46,3,3.83,2.0,FR1,Pellet,Left,417,77,352,8.88,1,FR1
2024-07-30 20:19:09,3,3.83,,FR1,Poke,Left,418,77,352,,1,FR1
2024-07-30 20:19:11,3,3.83,1.0,FR1,Pellet,Left,418,77,353,1.01,1,FR1
2024-07-30 20:19:35,3,3.83,,FR1,Poke,Left,419,77,353,,1,FR1
2024-07-30 20:19:37,3,3.83,1.0,FR1,Pellet,Left,419,77,354,0.63,1,FR1
2024-07-30 20:20:12,3,3.83,,FR1,Poke,Left,420,77,354,,1,FR1
2024-07-30 20:20:13,3,3.83,2.0,FR1,Pellet,Left,420,77,355,0.12,1,FR1
2024-07-30 20:21:17,3,3.83,,FR1,Poke,Left,421,77,355,,1,FR1
2024-07-30 20:21:18,3,3.83,1.0,FR1,Pellet,Left,421,77,356,0.31,1,FR1
2024-07-30 20:22:53,3,3.83,,FR1,Poke,Left,421,78,356,,1,FR1
2024-07-30 20:33:16,3,3.83,,FR1,Poke,Left,422,78,356,,1,FR1
2024-07-30 20:33:18,3,3.83,1.0,FR1,Pellet,Left,422,78,357,0.56,1,FR1
2024-07-30 20:34:51,3,3.83,,FR1,Poke,Left,422,79,357,,1,FR1
2024-07-30 20:42:58,3,3.83,,FR1,Poke,Left,422,80,357,,1,FR1
2024-07-30 20:45:00,3,3.83,,FR1,Poke,Left,422,81,357,,1,FR1
2024-07-30 20:45:05,3,3.83,,FR1,Poke,Left,423,81,357,,1,FR1
2024-07-30 20:45:12,3,3.83,2.0,FR1,Pellet,Left,423,81,358,4.31,1,FR1
2024-07-30 20:55:41,3,3.83,,FR1,Poke,Left,423,82,358,,1,FR1
2024-07-30 20:56:00,3,3.83,,FR1,Poke,Left,423,83,358,,1,FR1
2024-07-30 20:56:03,3,3.83,,FR1,Poke,Left,423,84,358,,1,FR1
2024-07-30 20:58:01,3,3.83,,FR1,Poke,Left,423,85,358,,1,FR1
2024-07-30 20:58:45,3,3.83,,FR1,Poke,Left,423,86,358,,1,FR1
2024-07-30 20:59:02,3,3.82,,FR1,Poke,Left,424,86,358,,1,FR1
2024-07-30 20:59:03,3,3.83,1.0,FR1,Pellet,Left,424,86,359,0.44,1,FR1
2024-07-30 21:04:59,3,3.83,,FR1,Poke,Left,425,86,359,,1,FR1
2024-07-30 21:05:45,3,3.83,1.0,FR1,Pellet,Left,425,86,360,44.91,1,FR1
2024-07-30 21:18:52,3,3.83,,FR1,Poke,Left,426,86,360,,1,FR1
2024-07-30 21:18:53,3,3.83,1.0,FR1,Pellet,Left,426,86,361,0.06,1,FR1
2024-07-30 21:19:15,3,3.83,,FR1,Poke,Left,427,86,361,,1,FR1
2024-07-30 21:19:16,3,3.83,1.0,FR1,Pellet,Left,427,86,362,0.31,1,FR1
2024-07-30 21:19:32,3,3.83,,FR1,Poke,Left,428,86,362,,1,FR1
2024-07-30 21:19:46,3,3.83,2.0,FR1,Pellet,Left,428,86,363,10.48,1,FR1
2024-07-30 21:20:11,3,3.83,,FR1,Poke,Left,429,86,363,,1,FR1
2024-07-30 21:20:12,3,3.82,1.0,FR1,Pellet,Left,429,86,364,0.12,1,FR1
2024-07-30 21:20:31,3,3.83,,FR1,Poke,Left,430,86,364,,1,FR1
2024-07-30 21:20:34,3,3.82,2.0,FR1,Pellet,Left,430,86,365,0.63,1,FR1
2024-07-30 21:20:52,3,3.83,,FR1,Poke,Left,431,86,365,,1,FR1
2024-07-30 21:20:53,3,3.83,2.0,FR1,Pellet,Left,431,86,366,0.06,1,FR1
2024-07-30 21:38:54,3,3.83,,FR1,Poke,Left,432,86,366,,1,FR1
2024-07-30 21:38:56,3,3.83,1.0,FR1,Pellet,Left,432,86,367,0.88,1,FR1
2024-07-30 21:39:33,3,3.83,,FR1,Poke,Left,433,86,367,,1,FR1
2024-07-30 21:39:34,3,3.83,1.0,FR1,Pellet,Left,433,86,368,0.12,1,FR1
2024-07-30 21:39:51,3,3.83,,FR1,Poke,Left,434,86,368,,1,FR1
2024-07-30 21:39:52,3,3.83,1.0,FR1,Pellet,Left,434,86,369,0.12,1,FR1
2024-07-30 21:40:14,3,3.82,,FR1,Poke,Left,435,86,369,,1,FR1
2024-07-30 21:40:15,3,3.83,1.0,FR1,Pellet,Left,435,86,370,0.12,1,FR1
2024-07-30 21:40:29,3,3.83,,FR1,Poke,Left,436,86,370,,1,FR1
2024-07-30 21:40:29,3,3.83,1.0,FR1,Pellet,Left,436,86,371,0.18,1,FR1
2024-07-30 21:40:58,3,3.83,,FR1,Poke,Left,437,86,371,,1,FR1
2024-07-30 21:40:59,3,3.83,2.0,FR1,Pellet,Left,437,86,372,0.06,1,FR1
2024-07-30 21:50:01,3,3.83,,FR1,Poke,Left,438,86,372,,1,FR1
2024-07-30 21:50:02,3,3.83,1.0,FR1,Pellet,Left,438,86,373,0.12,1,FR1
2024-07-30 21:50:16,3,3.83,,FR1,Poke,Left,439,86,373,,1,FR1
2024-07-30 21:50:17,3,3.83,1.0,FR1,Pellet,Left,439,86,374,0.12,1,FR1
2024-07-30 21:50:33,3,3.83,,FR1,Poke,Left,440,86,374,,1,FR1
2024-07-30 21:50:34,3,3.82,2.0,FR1,Pellet,Left,440,86,375,0.06,1,FR1
2024-07-30 21:50:49,3,3.83,,FR1,Poke,Left,441,86,375,,1,FR1
2024-07-30 21:50:50,3,3.83,1.0,FR1,Pellet,Left,441,86,376,0.12,1,FR1
2024-07-30 21:51:07,3,3.83,,FR1,Poke,Left,442,86,376,,1,FR1
2024-07-30 21:51:07,3,3.83,1.0,FR1,Pellet,Left,442,86,377,0.06,1,FR1
2024-07-30 21:51:26,3,3.83,,FR1,Poke,Left,443,86,377,,1,FR1
2024-07-30 21:51:42,3,3.83,2.0,FR1,Pellet,Left,443,86,378,13.66,1,FR1
2024-07-30 22:13:37,3,3.83,,FR1,Poke,Left,444,86,378,,1,FR1
2024-07-30 22:13:38,3,3.83,2.0,FR1,Pellet,Left,444,86,379,0.12,1,FR1
2024-07-30 22:13:50,3,3.83,,FR1,Poke,Left,445,86,379,,1,FR1
2024-07-30 22:13:51,3,3.82,1.0,FR1,Pellet,Left,445,86,380,0.31,1,FR1
2024-07-30 22:14:15,3,3.83,,FR1,Poke,Left,446,86,380,,1,FR1
2024-07-30 22:14:16,3,3.83,2.0,FR1,Pellet,Left,446,86,381,0.06,1,FR1
2024-07-30 22:14:29,3,3.83,,FR1,Poke,Left,447,86,381,,1,FR1
2024-07-30 22:14:30,3,3.83,2.0,FR1,Pellet,Left,447,86,382,0.06,1,FR1
2024-07-30 22:14:49,3,3.83,,FR1,Poke,Left,448,86,382,,1,FR1
2024-07-30 22:14:50,3,3.82,1.0,FR1,Pellet,Left,448,86,383,0.56,1,FR1
2024-07-30 22:15:16,3,3.83,,FR1,Poke,Left,449,86,383,,1,FR1
2024-07-30 22:15:18,3,3.83,1.0,FR1,Pellet,Left,449,86,384,0.44,1,FR1
2024-07-30 22:35:32,3,3.82,,FR1,Poke,Left,450,86,384,,1,FR1
2024-07-30 22:35:34,3,3.83,2.0,FR1,Pellet,Left,450,86,385,0.25,1,FR1
2024-07-30 22:35:50,3,3.83,,FR1,Poke,Left,451,86,385,,1,FR1
2024-07-30 22:36:01,3,3.83,2.0,FR1,Pellet,Left,451,86,386,7.3,1,FR1
2024-07-30 22:36:27,3,3.83,,FR1,Poke,Left,452,86,386,,1,FR1
2024-07-30 22:36:28,3,3.83,2.0,FR1,Pellet,Left,452,86,387,0.06,1,FR1
2024-07-30 22:36:45,3,3.83,,FR1,Poke,Left,453,86,387,,1,FR1
2024-07-30 22:36:45,3,3.83,,FR1,Poke,Left,454,86,387,,1,FR1
2024-07-30 22:36:48,3,3.82,2.0,FR1,Pellet,Left,454,86,388,0.31,1,FR1
2024-07-30 22:37:06,3,3.83,,FR1,Poke,Left,455,86,388,,1,FR1
2024-07-30 22:37:17,3,3.82,2.0,FR1,Pellet,Left,455,86,389,8.89,1,FR1
2024-07-30 22:55:23,3,3.83,,FR1,Poke,Left,456,86,389,,1,FR1
2024-07-30 22:55:36,3,3.82,2.0,FR1,Pellet,Left,456,86,390,9.34,1,FR1
2024-07-30 22:55:57,3,3.83,,FR1,Poke,Left,457,86,390,,1,FR1
2024-07-30 22:55:58,3,3.83,1.0,FR1,Pellet,Left,457,86,391,0.31,1,FR1
2024-07-30 22:56:18,3,3.83,,FR1,Poke,Left,458,86,391,,1,FR1
2024-07-30 22:56:19,3,3.83,2.0,FR1,Pellet,Left,458,86,392,0.19,1,FR1
2024-07-30 23:39:38,3,3.82,,FR1,Poke,Left,458,87,392,,1,FR1
2024-07-30 23:39:43,3,3.83,,FR1,Poke,Left,459,87,392,,1,FR1
2024-07-30 23:39:44,3,3.83,1.0,FR1,Pellet,Left,459,87,393,0.44,1,FR1
2024-07-30 23:43:17,3,3.83,,FR1,Poke,Left,459,88,393,,1,FR1
2024-07-30 23:45:15,3,3.83,,FR1,Poke,Left,459,89,393,,1,FR1
2024-07-30 23:48:25,3,3.82,,FR1,Poke,Left,460,89,393,,1,FR1
2024-07-30 23:48:30,3,3.82,1.0,FR1,Pellet,Left,460,89,394,5.01,1,FR1
2024-07-30 23:49:34,3,3.82,,FR1,Poke,Left,461,89,394,,1,FR1
2024-07-30 23:50:01,3,3.82,1.0,FR1,Pellet,Left,461,89,395,26.35,1,FR1
2024-07-30 23:58:43,3,3.83,,FR1,Poke,Left,462,89,395,,1,FR1
2024-07-31 00:00:59,3,3.82,2.0,FR1,Pellet,Left,462,89,396,,1,FR1
2024-07-31 00:02:20,3,3.82,,FR1,Poke,Left,462,90,396,,1,FR1
2024-07-31 00:03:23,3,3.82,,FR1,Poke,Left,462,91,396,,1,FR1
2024-07-31 00:16:39,3,3.82,,FR1,Poke,Left,462,92,396,,1,FR1
2024-07-31 00:29:07,3,3.82,,FR1,Poke,Left,463,92,396,,1,FR1
2024-07-31 00:29:10,3,3.82,2.0,FR1,Pellet,Left,463,92,397,0.5,1,FR1
2024-07-31 00:29:23,3,3.82,,FR1,Poke,Left,464,92,397,,1,FR1
2024-07-31 00:29:23,3,3.82,2.0,FR1,Pellet,Left,464,92,398,0.12,1,FR1
2024-07-31 00:29:39,3,3.82,,FR1,Poke,Left,465,92,398,,1,FR1
2024-07-31 00:29:40,3,3.82,1.0,FR1,Pellet,Left,465,92,399,0.37,1,FR1
2024-07-31 00:32:04,3,3.82,,FR1,Poke,Left,466,92,399,,1,FR1
2024-07-31 00:32:08,3,3.82,2.0,FR1,Pellet,Left,466,92,400,3.23,1,FR1
2024-07-31 01:08:27,3,3.82,,FR1,Poke,Left,467,92,400,,1,FR1
2024-07-31 01:08:28,3,3.82,1.0,FR1,Pellet,Left,467,92,401,0.12,1,FR1
2024-07-31 01:08:49,3,3.82,,FR1,Poke,Left,468,92,401,,1,FR1
2024-07-31 01:08:52,3,3.82,3.0,FR1,Pellet,Left,468,92,402,0.06,1,FR1
2024-07-31 01:09:08,3,3.82,,FR1,Poke,Left,469,92,402,,1,FR1
2024-07-31 01:09:22,3,3.82,2.0,FR1,Pellet,Left,469,92,403,10.54,1,FR1
2024-07-31 01:09:48,3,3.82,,FR1,Poke,Left,470,92,403,,1,FR1
2024-07-31 01:09:51,3,3.82,2.0,FR1,Pellet,Left,470,92,404,0.37,1,FR1
2024-07-31 01:10:14,3,3.82,,FR1,Poke,Left,471,92,404,,1,FR1
2024-07-31 01:10:15,3,3.82,,FR1,Poke,Left,472,92,404,,1,FR1
2024-07-31 01:10:18,3,3.82,,FR1,Poke,Left,473,92,404,,1,FR1
2024-07-31 01:10:19,3,3.82,2.0,FR1,Pellet,Left,473,92,405,0.88,1,FR1
2024-07-31 01:10:30,3,3.82,,FR1,Poke,Left,474,92,405,,1,FR1
2024-07-31 01:10:31,3,3.82,2.0,FR1,Pellet,Left,474,92,406,0.06,1,FR1
2024-07-31 01:10:58,3,3.82,,FR1,Poke,Left,475,92,406,,1,FR1
2024-07-31 01:11:00,3,3.82,2.0,FR1,Pellet,Left,475,92,407,0.5,1,FR1
2024-07-31 01:11:16,3,3.82,,FR1,Poke,Left,476,92,407,,1,FR1
2024-07-31 01:11:17,3,3.82,2.0,FR1,Pellet,Left,476,92,408,0.12,1,FR1
2024-07-31 01:11:35,3,3.82,,FR1,Poke,Left,477,92,408,,1,FR1
2024-07-31 01:11:36,3,3.82,2.0,FR1,Pellet,Left,477,92,409,0.18,1,FR1
2024-07-31 01:12:20,3,3.82,,FR1,Poke,Left,477,93,409,,1,FR1
2024-07-31 01:13:01,3,3.82,,FR1,Poke,Left,478,93,409,,1,FR1
2024-07-31 01:13:13,3,3.82,2.0,FR1,Pellet,Left,478,93,410,8.95,1,FR1
2024-07-31 01:13:35,3,3.82,,FR1,Poke,Left,479,93,410,,1,FR1
2024-07-31 01:13:36,3,3.82,2.0,FR1,Pellet,Left,479,93,411,0.37,1,FR1
2024-07-31 01:58:37,3,3.82,,FR1,Poke,Left,480,93,411,,1,FR1
2024-07-31 01:58:38,3,3.82,2.0,FR1,Pellet,Left,480,93,412,0.19,1,FR1
2024-07-31 01:58:52,3,3.82,,FR1,Poke,Left,481,93,412,,1,FR1
2024-07-31 01:58:53,3,3.82,1.0,FR1,Pellet,Left,481,93,413,0.25,1,FR1
2024-07-31 01:59:17,3,3.82,,FR1,Poke,Left,482,93,413,,1,FR1
2024-07-31 01:59:18,3,3.82,2.0,FR1,Pellet,Left,482,93,414,0.12,1,FR1
2024-07-31 01:59:32,3,3.82,,FR1,Poke,Left,483,93,414,,1,FR1
2024-07-31 01:59:45,3,3.82,2.0,FR1,Pellet,Left,483,93,415,10.35,1,FR1
2024-07-31 02:04:17,3,3.82,,FR1,Poke,Left,483,94,415,,1,FR1
2024-07-31 02:05:58,3,3.82,,FR1,Poke,Left,483,95,415,,1,FR1
2024-07-31 02:13:47,3,3.82,,FR1,Poke,Left,484,95,415,,1,FR1
2024-07-31 02:13:59,3,3.82,1.0,FR1,Pellet,Left,484,95,416,10.54,1,FR1
2024-07-31 03:09:49,3,3.82,,FR1,Poke,Left,485,95,416,,1,FR1
2024-07-31 03:09:50,3,3.82,2.0,FR1,Pellet,Left,485,95,417,0.25,1,FR1
2024-07-31 03:10:36,3,3.82,,FR1,Poke,Left,485,96,417,,1,FR1
2024-07-31 03:10:41,3,3.82,,FR1,Poke,Left,486,96,417,,1,FR1
2024-07-31 03:10:44,3,3.82,1.0,FR1,Pellet,Left,486,96,418,2.28,1,FR1
2024-07-31 03:14:01,3,3.82,,FR1,Poke,Left,487,96,418,,1,FR1
2024-07-31 03:14:03,3,3.82,2.0,FR1,Pellet,Left,487,96,419,0.06,1,FR1
2024-07-31 03:14:18,3,3.82,,FR1,Poke,Left,488,96,419,,1,FR1
2024-07-31 03:14:28,3,3.82,2.0,FR1,Pellet,Left,488,96,420,6.92,1,FR1
2024-07-31 03:16:25,3,3.82,,FR1,Poke,Left,488,97,420,,1,FR1
2024-07-31 03:17:30,3,3.82,,FR1,Poke,Left,489,97,420,,1,FR1
2024-07-31 03:17:33,3,3.82,1.0,FR1,Pellet,Left,489,97,421,2.09,1,FR1
2024-07-31 03:34:17,3,3.82,,FR1,Poke,Left,490,97,421,,1,FR1
2024-07-31 03:35:07,3,3.82,1.0,FR1,Pellet,Left,490,97,422,49.2,1,FR1
2024-07-31 03:36:27,3,3.82,,FR1,Poke,Left,490,98,422,,1,FR1
2024-07-31 03:40:33,3,3.82,,FR1,Poke,Left,490,99,422,,1,FR1
2024-07-31 03:41:36,3,3.81,,FR1,Poke,Left,491,99,422,,1,FR1
2024-07-31 03:41:37,3,3.82,1.0,FR1,Pellet,Left,491,99,423,0.56,1,FR1
2024-07-31 04:23:59,3,3.82,,FR1,Poke,Left,492,99,423,,1,FR1
2024-07-31 04:24:00,3,3.82,2.0,FR1,Pellet,Left,492,99,424,0.06,1,FR1
2024-07-31 04:24:19,3,3.82,,FR1,Poke,Left,493,99,424,,1,FR1
2024-07-31 04:24:20,3,3.82,1.0,FR1,Pellet,Left,493,99,425,0.06,1,FR1
2024-07-31 04:24:42,3,3.82,,FR1,Poke,Left,494,99,425,,1,FR1
2024-07-31 04:24:43,3,3.82,2.0,FR1,Pellet,Left,494,99,426,0.06,1,FR1
2024-07-31 04:25:03,3,3.82,,FR1,Poke,Left,495,99,426,,1,FR1
2024-07-31 04:25:16,3,3.82,2.0,FR1,Pellet,Left,495,99,427,10.16,1,FR1
2024-07-31 04:25:36,3,3.82,,FR1,Poke,Left,496,99,427,,1,FR1
2024-07-31 04:25:37,3,3.82,1.0,FR1,Pellet,Left,496,99,428,0.37,1,FR1
2024-07-31 05:07:06,3,3.82,,FR1,Poke,Left,497,99,428,,1,FR1
2024-07-31 05:07:07,3,3.81,2.0,FR1,Pellet,Left,497,99,429,0.06,1,FR1
2024-07-31 05:07:29,3,3.82,,FR1,Poke,Left,498,99,429,,1,FR1
2024-07-31 05:07:30,3,3.82,1.0,FR1,Pellet,Left,498,99,430,0.5,1,FR1
2024-07-31 05:07:49,3,3.82,,FR1,Poke,Left,499,99,430,,1,FR1
2024-07-31 05:08:00,3,3.82,3.0,FR1,Pellet,Left,499,99,431,6.34,1,FR1
2024-07-31 05:08:21,3,3.8,,FR1,Poke,Left,500,99,431,,1,FR1
2024-07-31 05:08:35,3,3.82,2.0,FR1,Pellet,Left,500,99,432,11.12,1,FR1
2024-07-31 05:14:31,3,3.82,,FR1,Poke,Left,500,100,432,,1,FR1
2024-07-31 05:31:23,3,3.82,,FR1,Poke,Left,501,100,432,,1,FR1
2024-07-31 05:31:48,3,3.82,1.0,FR1,Pellet,Left,501,100,433,24.24,1,FR1
2024-07-31 05:34:34,3,3.82,,FR1,Poke,Left,501,101,433,,1,FR1
2024-07-31 05:34:38,3,3.82,,FR1,Poke,Left,501,102,433,,1,FR1
2024-07-31 05:34:39,3,3.82,,FR1,Poke,Left,501,103,433,,1,FR1
2024-07-31 05:34:41,3,3.82,,FR1,Poke,Left,501,104,433,,1,FR1
2024-07-31 05:34:42,3,3.82,,FR1,Poke,Left,501,105,433,,1,FR1
2024-07-31 05:34:53,3,3.82,,FR1,Poke,Left,501,106,433,,1,FR1
2024-07-31 07:29:29,3,3.82,,FR1,Poke,Left,502,106,433,,1,FR1
2024-07-31 07:29:30,3,3.81,2.0,FR1,Pellet,Left,502,106,434,0.06,1,FR1
2024-07-31 07:29:50,3,3.81,,FR1,Poke,Left,503,106,434,,1,FR1
2024-07-31 07:29:50,3,3.81,,FR1,Poke,Left,504,106,434,,1,FR1
2024-07-31 07:29:53,3,3.81,3.0,FR1,Pellet,Left,504,106,435,0.06,1,FR1
2024-07-31 07:30:34,3,3.81,,FR1,Poke,Left,505,106,435,,1,FR1
2024-07-31 07:30:35,3,3.82,2.0,FR1,Pellet,Left,505,106,436,0.37,1,FR1
2024-07-31 07:30:49,3,3.81,,FR1,Poke,Left,506,106,436,,1,FR1
2024-07-31 07:31:02,3,3.81,3.0,FR1,Pellet,Left,506,106,437,9.9,1,FR1
2024-07-31 07:31:49,3,3.81,,FR1,Poke,Left,507,106,437,,1,FR1
2024-07-31 07:31:50,3,3.82,1.0,FR1,Pellet,Left,507,106,438,0.37,1,FR1
2024-07-31 08:24:42,3,3.81,,FR1,Poke,Left,508,106,438,,1,FR1
2024-07-31 08:24:44,3,3.81,1.0,FR1,Pellet,Left,508,106,439,1.07,1,FR1
2024-07-31 08:30:08,3,3.81,,FR1,Poke,Left,508,107,439,,1,FR1
2024-07-31 08:34:35,3,3.81,,FR1,Poke,Left,509,107,439,,1,FR1
2024-07-31 08:34:37,3,3.81,2.0,FR1,Pellet,Left,509,107,440,0.19,1,FR1
2024-07-31 09:48:39,3,3.81,,FR1,Poke,Left,510,107,440,,1,FR1
2024-07-31 09:48:51,3,3.81,1.0,FR1,Pellet,Left,510,107,441,10.92,1,FR1
2024-07-31 09:50:36,3,3.81,,FR1,Poke,Left,510,108,441,,1,FR1
2024-07-31 10:55:21,3,3.8,,FR1,Poke,Left,511,108,441,,1,FR1
2024-07-31 10:55:40,3,3.81,2.0,FR1,Pellet,Left,511,108,442,17.86,1,FR1
2024-07-31 10:56:03,3,3.8,,FR1,Poke,Left,512,108,442,,1,FR1
2024-07-31 10:56:12,3,3.8,2.0,FR1,Pellet,Left,512,108,443,6.34,1,FR1
2024-07-31 11:12:16,3,3.8,,FR1,Poke,Left,512,109,443,,1,FR1
2024-07-31 11:22:31,3,3.8,,FR1,Poke,Left,513,109,443,,1,FR1
2024-07-31 11:22:32,3,3.81,1.0,FR1,Pellet,Left,513,109,444,0.5,1,FR1
2024-07-31 11:22:38,3,3.8,,FR1,Poke,Left,513,110,444,,1,FR1
2024-07-31 12:39:13,3,3.8,,FR1,Poke,Left,513,111,444,,1,FR1
2024-07-31 12:39:14,3,3.8,,FR1,Poke,Left,514,111,444,,1,FR1
2024-07-31 12:39:18,3,3.8,3.0,FR1,Pellet,Left,514,111,445,0.31,1,FR1
2024-07-31 12:45:05,3,3.8,,FR1,Poke,Left,515,111,445,,1,FR1
2024-07-31 12:45:06,3,3.8,1.0,FR1,Pellet,Left,515,111,446,0.37,1,FR1
2024-07-31 15:00:56,3,3.8,,FR1,Poke,Left,516,111,446,,1,FR1
2024-07-31 15:00:59,3,3.8,1.0,FR1,Pellet,Left,516,111,447,1.39,1,FR1
2024-07-31 15:01:19,3,3.8,,FR1,Poke,Left,517,111,447,,1,FR1
2024-07-31 15:01:20,3,3.8,1.0,FR1,Pellet,Left,517,111,448,0.06,1,FR1
2024-07-31 15:01:43,3,3.8,,FR1,Poke,Left,518,111,448,,1,FR1
2024-07-31 15:01:44,3,3.8,1.0,FR1,Pellet,Left,518,111,449,0.06,1,FR1
2024-07-31 15:02:16,3,3.8,,FR1,Poke,Left,519,111,449,,1,FR1
2024-07-31 15:02:17,3,3.8,1.0,FR1,Pellet,Left,519,111,450,0.19,1,FR1
2024-07-31 15:02:47,3,3.8,,FR1,Poke,Left,520,111,450,,1,FR1
2024-07-31 15:02:48,3,3.8,1.0,FR1,Pellet,Left,520,111,451,0.19,1,FR1
2024-07-31 15:15:54,3,3.8,,FR1,Poke,Left,520,112,451,,1,FR1
2024-07-31 15:15:56,3,3.8,,FR1,Poke,Left,521,112,451,,1,FR1
2024-07-31 15:15:57,3,3.8,1.0,FR1,Pellet,Left,521,112,452,0.25,1,FR1
2024-07-31 16:50:03,3,3.8,,FR1,Poke,Left,522,112,452,,1,FR1
2024-07-31 16:50:04,3,3.8,1.0,FR1,Pellet,Left,522,112,453,0.25,1,FR1
2024-07-31 16:50:18,3,3.8,,FR1,Poke,Left,523,112,453,,1,FR1
2024-07-31 16:50:19,3,3.8,1.0,FR1,Pellet,Left,523,112,454,0.25,1,FR1
2024-07-31 16:50:37,3,3.8,,FR1,Poke,Left,524,112,454,,1,FR1
2024-07-31 16:50:38,3,3.8,1.0,FR1,Pellet,Left,524,112,455,0.19,1,FR1
2024-07-31 16:51:07,3,3.8,,FR1,Poke,Left,525,112,455,,1,FR1
2024-07-31 16:51:08,3,3.8,1.0,FR1,Pellet,Left,525,112,456,0.19,1,FR1
2024-07-31 16:51:26,3,3.8,,FR1,Poke,Left,526,112,456,,1,FR1
2024-07-31 16:51:38,3,3.79,3.0,FR1,Pellet,Left,526,112,457,7.23,1,FR1
2024-07-31 17:28:51,3,3.8,,FR1,Poke,Left,527,112,457,,1,FR1
2024-07-31 17:29:03,3,3.8,2.0,FR1,Pellet,Left,527,112,458,9.01,1,FR1
2024-07-31 17:29:25,3,3.79,,FR1,Poke,Left,528,112,458,,1,FR1
2024-07-31 17:29:41,3,3.8,3.0,FR1,Pellet,Left,528,112,459,11.3,1,FR1
2024-07-31 17:46:06,3,3.8,,FR1,Poke,Left,529,112,459,,1,FR1
2024-07-31 17:46:07,3,3.79,2.0,FR1,Pellet,Left,529,112,460,0.06,1,FR1
2024-07-31 18:06:06,3,3.8,,FR1,Poke,Left,529,113,460,,1,FR1
2024-07-31 18:06:10,3,3.79,,FR1,Poke,Left,529,114,460,,1,FR1
2024-07-31 18:06:11,3,3.79,,FR1,Poke,Left,529,115,460,,1,FR1
2024-07-31 18:06:16,3,3.8,,FR1,Poke,Left,530,115,460,,1,FR1
2024-07-31 18:06:45,3,3.8,1.0,FR1,Pellet,Left,530,115,461,27.99,1,FR1
2024-07-31 18:10:16,3,3.79,,FR1,Poke,Left,530,116,461,,1,FR1
2024-07-31 18:10:37,3,3.8,,FR1,Poke,Left,531,116,461,,1,FR1
2024-07-31 18:10:38,3,3.79,1.0,FR1,Pellet,Left,531,116,462,0.31,1,FR1
2024-07-31 18:25:58,3,3.79,,FR1,Poke,Left,532,116,462,,1,FR1
2024-07-31 18:26:09,3,3.8,2.0,FR1,Pellet,Left,532,116,463,8.51,1,FR1
2024-07-31 18:26:30,3,3.8,,FR1,Poke,Left,533,116,463,,1,FR1
2024-07-31 18:26:31,3,3.8,1.0,FR1,Pellet,Left,533,116,464,0.19,1,FR1
2024-07-31 18:26:46,3,3.79,,FR1,Poke,Left,534,116,464,,1,FR1
2024-07-31 18:26:47,3,3.79,1.0,FR1,Pellet,Left,534,116,465,0.18,1,FR1
2024-07-31 18:40:33,3,3.8,,FR1,Poke,Left,535,116,465,,1,FR1
2024-07-31 18:40:34,3,3.79,1.0,FR1,Pellet,Left,535,116,466,0.31,1,FR1
2024-07-31 18:44:34,3,3.79,,FR1,Poke,Left,536,116,466,,1,FR1
2024-07-31 18:44:44,3,3.79,1.0,FR1,Pellet,Left,536,116,467,8.63,1,FR1
2024-07-31 18:45:15,3,3.8,,FR1,Poke,Left,537,116,467,,1,FR1
2024-07-31 18:45:16,3,3.79,1.0,FR1,Pellet,Left,537,116,468,0.82,1,FR1
2024-07-31 18:57:17,3,3.79,,FR1,Poke,Left,538,116,468,,1,FR1
2024-07-31 18:57:18,3,3.79,1.0,FR1,Pellet,Left,538,116,469,0.12,1,FR1
2024-07-31 18:57:34,3,3.8,,FR1,Poke,Left,539,116,469,,1,FR1
2024-07-31 18:57:35,3,3.79,1.0,FR1,Pellet,Left,539,116,470,0.19,1,FR1
2024-07-31 18:57:49,3,3.8,,FR1,Poke,Left,540,116,470,,1,FR1
2024-07-31 18:57:50,3,3.79,1.0,FR1,Pellet,Left,540,116,471,0.19,1,FR1
2024-07-31 18:58:16,3,3.79,,FR1,Poke,Left,541,116,471,,1,FR1
2024-07-31 18:58:17,3,3.79,1.0,FR1,Pellet,Left,541,116,472,0.25,1,FR1
2024-07-31 18:58:31,3,3.79,,FR1,Poke,Left,542,116,472,,1,FR1
2024-07-31 18:58:32,3,3.8,1.0,FR1,Pellet,Left,542,116,473,0.19,1,FR1
2024-07-31 18:58:55,3,3.78,,FR1,Poke,Left,543,116,473,,1,FR1
2024-07-31 18:58:56,3,3.79,1.0,FR1,Pellet,Left,543,116,474,0.19,1,FR1
2024-07-31 19:05:18,3,3.8,,FR1,Poke,Left,544,116,474,,1,FR1
2024-07-31 19:05:37,3,3.79,1.0,FR1,Pellet,Left,544,116,475,18.49,1,FR1
2024-07-31 19:11:13,3,3.79,,FR1,Poke,Left,545,116,475,,1,FR1
2024-07-31 19:11:27,3,3.79,1.0,FR1,Pellet,Left,545,116,476,13.33,1,FR1
2024-07-31 19:20:20,3,3.79,,FR1,Poke,Left,546,116,476,,1,FR1
2024-07-31 19:20:23,3,3.8,2.0,FR1,Pellet,Left,546,116,477,0.44,1,FR1
2024-07-31 19:24:38,3,3.8,,FR1,Poke,Left,546,117,477,,1,FR1
2024-07-31 19:24:39,3,3.79,,FR1,Poke,Left,546,118,477,,1,FR1
2024-07-31 19:26:06,3,3.79,,FR1,Poke,Left,547,118,477,,1,FR1
2024-07-31 19:26:15,3,3.79,1.0,FR1,Pellet,Left,547,118,478,8.69,1,FR1
2024-07-31 19:36:29,3,3.79,,FR1,Poke,Left,548,118,478,,1,FR1
2024-07-31 19:36:30,3,3.79,1.0,FR1,Pellet,Left,548,118,479,0.12,1,FR1
2024-07-31 19:36:45,3,3.78,,FR1,Poke,Left,549,118,479,,1,FR1
2024-07-31 19:36:46,3,3.79,2.0,FR1,Pellet,Left,549,118,480,0.12,1,FR1
2024-07-31 19:37:05,3,3.79,,FR1,Poke,Left,550,118,480,,1,FR1
2024-07-31 19:37:15,3,3.79,2.0,FR1,Pellet,Left,550,118,481,7.61,1,FR1
2024-07-31 19:37:41,3,3.79,,FR1,Poke,Left,551,118,481,,1,FR1
2024-07-31 19:37:42,3,3.79,1.0,FR1,Pellet,Left,551,118,482,0.12,1,FR1
2024-07-31 19:38:02,3,3.79,,FR1,Poke,Left,552,118,482,,1,FR1
2024-07-31 19:38:03,3,3.79,1.0,FR1,Pellet,Left,552,118,483,0.12,1,FR1
2024-07-31 19:38:21,3,3.79,,FR1,Poke,Left,553,118,483,,1,FR1
2024-07-31 19:38:30,3,3.8,2.0,FR1,Pellet,Left,553,118,484,5.58,1,FR1
2024-07-31 19:47:10,3,3.79,,FR1,Poke,Left,554,118,484,,1,FR1
2024-07-31 19:47:11,3,3.79,1.0,FR1,Pellet,Left,554,118,485,0.44,1,FR1
2024-07-31 19:47:28,3,3.8,,FR1,Poke,Left,555,118,485,,1,FR1
2024-07-31 19:47:28,3,3.79,1.0,FR1,Pellet,Left,555,118,486,0.12,1,FR1
2024-07-31 19:47:47,3,3.79,,FR1,Poke,Left,556,118,486,,1,FR1
2024-07-31 19:47:57,3,3.8,2.0,FR1,Pellet,Left,556,118,487,7.04,1,FR1
2024-07-31 19:48:45,3,3.79,,FR1,Poke,Left,557,118,487,,1,FR1
2024-07-31 19:48:46,3,3.79,,FR1,Poke,Left,558,118,487,,1,FR1
2024-07-31 19:48:47,3,3.79,1.0,FR1,Pellet,Left,558,118,488,1.01,1,FR1
2024-07-31 20:02:11,3,3.79,,FR1,Poke,Left,559,118,488,,1,FR1
2024-07-31 20:22:10,3,3.79,3.0,FR1,Pellet,Left,559,118,489,,1,FR1
2024-07-31 20:22:34,3,3.79,,FR1,Poke,Left,560,118,489,,1,FR1
2024-07-31 20:22:35,3,3.79,2.0,FR1,Pellet,Left,560,118,490,0.25,1,FR1
2024-07-31 20:22:51,3,3.79,,FR1,Poke,Left,561,118,490,,1,FR1
2024-07-31 20:22:52,3,3.79,1.0,FR1,Pellet,Left,561,118,491,0.19,1,FR1
2024-07-31 20:23:13,3,3.79,,FR1,Poke,Left,562,118,491,,1,FR1
2024-07-31 20:23:14,3,3.79,1.0,FR1,Pellet,Left,562,118,492,0.19,1,FR1
2024-07-31 20:23:31,3,3.79,,FR1,Poke,Left,563,118,492,,1,FR1
2024-07-31 20:23:32,3,3.79,1.0,FR1,Pellet,Left,563,118,493,0.12,1,FR1
2024-07-31 20:31:42,3,3.8,,FR1,Poke,Left,564,118,493,,1,FR1
2024-07-31 20:31:43,3,3.79,1.0,FR1,Pellet,Left,564,118,494,0.25,1,FR1
2024-07-31 20:32:01,3,3.79,,FR1,Poke,Left,565,118,494,,1,FR1
2024-07-31 20:32:02,3,3.79,2.0,FR1,Pellet,Left,565,118,495,0.06,1,FR1
2024-07-31 20:32:49,3,3.8,,FR1,Poke,Left,566,118,495,,1,FR1
2024-07-31 20:32:50,3,3.78,1.0,FR1,Pellet,Left,566,118,496,0.37,1,FR1
2024-07-31 20:43:25,3,3.79,,FR1,Poke,Left,567,118,496,,1,FR1
2024-07-31 20:43:26,3,3.79,2.0,FR1,Pellet,Left,567,118,497,0.06,1,FR1
2024-07-31 20:57:59,3,3.78,,FR1,Poke,Left,568,118,497,,1,FR1
2024-07-31 20:59:02,3,3.79,1.0,FR1,Pellet,Left,568,118,498,,1,FR1
2024-07-31 21:02:31,3,3.79,,FR1,Poke,Left,569,118,498,,1,FR1
2024-07-31 21:02:42,3,3.79,1.0,FR1,Pellet,Left,569,118,499,10.09,1,FR1
2024-07-31 21:08:12,3,3.79,,FR1,Poke,Left,569,119,499,,1,FR1
2024-07-31 21:08:14,3,3.79,,FR1,Poke,Left,569,120,499,,1,FR1
2024-07-31 21:19:46,3,3.79,,FR1,Poke,Left,570,120,499,,1,FR1
2024-07-31 21:19:47,3,3.79,1.0,FR1,Pellet,Left,570,120,500,0.5,1,FR1
2024-07-31 21:21:12,3,3.78,,FR1,Poke,Left,571,120,500,,1,FR1
2024-07-31 21:21:16,3,3.79,1.0,FR1,Pellet,Left,571,120,501,3.29,1,FR1
2024-07-31 21:23:11,3,3.79,,FR1,Poke,Left,572,120,501,,1,FR1
2024-07-31 21:23:35,3,3.79,1.0,FR1,Pellet,Left,572,120,502,23.22,1,FR1
2024-07-31 21:38:54,3,3.78,,FR1,Poke,Left,573,120,502,,1,FR1
2024-07-31 21:38:55,3,3.78,2.0,FR1,Pellet,Left,573,120,503,0.37,1,FR1
2024-07-31 21:41:31,3,3.78,,FR1,Poke,Left,574,120,503,,1,FR1
2024-07-31 21:41:33,3,3.78,1.0,FR1,Pellet,Left,574,120,504,1.7,1,FR1
2024-07-31 21:46:04,3,3.79,,FR1,Poke,Left,575,120,504,,1,FR1
2024-07-31 21:46:10,3,3.79,,FR1,Poke,Left,576,120,504,,1,FR1
2024-07-31 21:46:10,3,3.79,,FR1,Poke,Left,577,120,504,,1,FR1
2024-07-31 21:46:15,3,3.78,,FR1,Poke,Left,578,120,504,,1,FR1
2024-07-31 21:46:19,3,3.79,1.0,FR1,Pellet,Left,578,120,505,14.22,1,FR1
2024-07-31 21:46:26,3,3.79,,FR1,Poke,Left,578,121,505,,1,FR1
2024-07-31 21:49:06,3,3.78,,FR1,Poke,Left,578,122,505,,1,FR1
2024-07-31 21:54:22,3,3.78,,FR1,Poke,Left,579,122,505,,1,FR1
2024-07-31 21:54:24,3,3.78,2.0,FR1,Pellet,Left,579,122,506,0.25,1,FR1
2024-07-31 21:54:40,3,3.79,,FR1,Poke,Left,580,122,506,,1,FR1
2024-07-31 21:54:43,3,3.79,2.0,FR1,Pellet,Left,580,122,507,1.96,1,FR1
2024-07-31 21:58:33,3,3.78,,FR1,Poke,Left,580,123,507,,1,FR1
2024-07-31 22:00:49,3,3.79,,FR1,Poke,Left,581,123,507,,1,FR1
2024-07-31 22:00:58,3,3.78,1.0,FR1,Pellet,Left,581,123,508,9.08,1,FR1
2024-07-31 22:02:29,3,3.78,,FR1,Poke,Left,582,123,508,,1,FR1
2024-07-31 22:02:36,3,3.78,1.0,FR1,Pellet,Left,582,123,509,6.98,1,FR1
2024-07-31 22:06:05,3,3.78,,FR1,Poke,Left,582,124,509,,1,FR1
2024-07-31 22:06:12,3,3.78,,FR1,Poke,Left,583,124,509,,1,FR1
2024-07-31 22:07:11,3,3.79,1.0,FR1,Pellet,Left,583,124,510,58.47,1,FR1
2024-07-31 22:41:04,3,3.79,,FR1,Poke,Left,584,124,510,,1,FR1
2024-07-31 22:41:05,3,3.79,1.0,FR1,Pellet,Left,584,124,511,0.19,1,FR1
2024-07-31 22:41:16,3,3.79,,FR1,Poke,Left,585,124,511,,1,FR1
2024-07-31 22:41:17,3,3.79,2.0,FR1,Pellet,Left,585,124,512,0.06,1,FR1
2024-07-31 22:41:33,3,3.78,,FR1,Poke,Left,586,124,512,,1,FR1
2024-07-31 22:41:34,3,3.79,1.0,FR1,Pellet,Left,586,124,513,0.12,1,FR1
2024-07-31 22:41:58,3,3.79,,FR1,Poke,Left,587,124,513,,1,FR1
2024-07-31 22:41:59,3,3.78,2.0,FR1,Pellet,Left,587,124,514,0.12,1,FR1
2024-07-31 22:42:15,3,3.79,,FR1,Poke,Left,588,124,514,,1,FR1
2024-07-31 22:42:16,3,3.78,1.0,FR1,Pellet,Left,588,124,515,0.12,1,FR1
2024-07-31 22:42:43,3,3.78,,FR1,Poke,Left,589,124,515,,1,FR1
2024-07-31 22:42:52,3,3.78,2.0,FR1,Pellet,Left,589,124,516,6.22,1,FR1
2024-07-31 22:46:01,3,3.78,,FR1,Poke,Left,589,125,516,,1,FR1
2024-07-31 22:51:01,3,3.78,,FR1,Poke,Left,590,125,516,,1,FR1
2024-07-31 22:52:22,3,3.78,1.0,FR1,Pellet,Left,590,125,517,,1,FR1
2024-07-31 22:56:56,3,3.78,,FR1,Poke,Left,591,125,517,,1,FR1
2024-07-31 22:58:53,3,3.78,,FR1,Poke,Left,591,126,517,,1,FR1
2024-07-31 22:58:55,3,3.78,,FR1,Poke,Left,591,127,517,,1,FR1
2024-07-31 22:59:00,3,3.78,,FR1,Poke,Left,592,127,517,,1,FR1
2024-07-31 22:59:02,3,3.78,,FR1,Poke,Left,593,127,517,,1,FR1
2024-07-31 22:59:03,3,3.78,,FR1,Poke,Left,594,127,517,,1,FR1
2024-07-31 22:59:16,3,3.78,,FR1,Poke,Left,595,127,517,,1,FR1
2024-07-31 23:03:29,3,3.78,1.0,FR1,Pellet,Left,595,127,518,,1,FR1
2024-07-31 23:06:52,3,3.78,,FR1,Poke,Left,596,127,518,,1,FR1
2024-07-31 23:07:16,3,3.78,1.0,FR1,Pellet,Left,596,127,519,23.49,1,FR1
2024-07-31 23:12:04,3,3.79,,FR1,Poke,Left,596,128,519,,1,FR1
2024-07-31 23:12:07,3,3.78,,FR1,Poke,Left,597,128,519,,1,FR1
2024-07-31 23:12:09,3,3.78,2.0,FR1,Pellet,Left,597,128,520,0.19,1,FR1
2024-07-31 23:49:19,3,3.78,,FR1,Poke,Left,598,128,520,,1,FR1
2024-07-31 23:49:20,3,3.78,1.0,FR1,Pellet,Left,598,128,521,0.19,1,FR1
2024-07-31 23:50:35,3,3.78,,FR1,Poke,Left,599,128,521,,1,FR1
2024-07-31 23:50:36,3,3.78,2.0,FR1,Pellet,Left,599,128,522,0.06,1,FR1
2024-07-31 23:50:50,3,3.78,,FR1,Poke,Left,600,128,522,,1,FR1
2024-07-31 23:50:51,3,3.78,1.0,FR1,Pellet,Left,600,128,523,0.31,1,FR1
2024-07-31 23:51:08,3,3.78,,FR1,Poke,Left,601,128,523,,1,FR1
2024-07-31 23:51:09,3,3.79,2.0,FR1,Pellet,Left,601,128,524,0.12,1,FR1
2024-07-31 23:51:25,3,3.78,,FR1,Poke,Left,602,128,524,,1,FR1
2024-07-31 23:51:26,3,3.78,1.0,FR1,Pellet,Left,602,128,525,0.25,1,FR1
2024-07-31 23:51:44,3,3.78,,FR1,Poke,Left,603,128,525,,1,FR1
2024-07-31 23:51:45,3,3.78,1.0,FR1,Pellet,Left,603,128,526,0.31,1,FR1
2024-07-31 23:52:03,3,3.78,,FR1,Poke,Left,604,128,526,,1,FR1
2024-07-31 23:52:04,3,3.78,2.0,FR1,Pellet,Left,604,128,527,0.06,1,FR1
2024-08-01 00:19:52,3,3.78,,FR1,Poke,Left,605,128,527,,1,FR1
2024-08-01 00:19:53,3,3.78,2.0,FR1,Pellet,Left,605,128,528,0.06,1,FR1
2024-08-01 00:20:35,3,3.78,,FR1,Poke,Left,606,128,528,,1,FR1
2024-08-01 00:20:36,3,3.78,1.0,FR1,Pellet,Left,606,128,529,0.37,1,FR1
2024-08-01 00:20:50,3,3.78,,FR1,Poke,Left,607,128,529,,1,FR1
2024-08-01 00:20:51,3,3.78,1.0,FR1,Pellet,Left,607,128,530,0.37,1,FR1
2024-08-01 00:21:05,3,3.78,,FR1,Poke,Left,608,128,530,,1,FR1
2024-08-01 00:21:06,3,3.78,1.0,FR1,Pellet,Left,608,128,531,0.44,1,FR1
2024-08-01 00:21:29,3,3.78,,FR1,Poke,Left,609,128,531,,1,FR1
2024-08-01 00:21:30,3,3.78,1.0,FR1,Pellet,Left,609,128,532,0.25,1,FR1
2024-08-01 00:21:52,3,3.78,,FR1,Poke,Left,610,128,532,,1,FR1
2024-08-01 00:21:53,3,3.78,1.0,FR1,Pellet,Left,610,128,533,0.19,1,FR1
2024-08-01 00:54:17,3,3.78,,FR1,Poke,Left,611,128,533,,1,FR1
2024-08-01 00:54:18,3,3.78,1.0,FR1,Pellet,Left,611,128,534,0.25,1,FR1
2024-08-01 00:54:33,3,3.78,,FR1,Poke,Left,612,128,534,,1,FR1
2024-08-01 00:54:34,3,3.78,1.0,FR1,Pellet,Left,612,128,535,0.12,1,FR1
2024-08-01 00:54:52,3,3.78,,FR1,Poke,Left,613,128,535,,1,FR1
2024-08-01 00:54:53,3,3.78,2.0,FR1,Pellet,Left,613,128,536,0.06,1,FR1
2024-08-01 00:55:11,3,3.78,,FR1,Poke,Left,614,128,536,,1,FR1
2024-08-01 00:55:21,3,3.78,2.0,FR1,Pellet,Left,614,128,537,6.47,1,FR1
2024-08-01 01:00:09,3,3.78,,FR1,Poke,Left,614,129,537,,1,FR1
2024-08-01 01:02:05,3,3.78,,FR1,Poke,Left,615,129,537,,1,FR1
2024-08-01 01:03:12,3,3.78,1.0,FR1,Pellet,Left,615,129,538,,1,FR1
2024-08-01 01:12:11,3,3.78,,FR1,Poke,Left,615,130,538,,1,FR1
2024-08-01 01:18:14,3,3.78,,FR1,Poke,Left,616,130,538,,1,FR1
2024-08-01 01:18:20,3,3.78,,FR1,Poke,Left,617,130,538,,1,FR1
2024-08-01 01:18:22,3,3.78,,FR1,Poke,Left,618,130,538,,1,FR1
2024-08-01 01:18:23,3,3.78,,FR1,Poke,Left,619,130,538,,1,FR1
2024-08-01 01:18:24,3,3.78,,FR1,Poke,Left,620,130,538,,1,FR1
2024-08-01 01:18:27,3,3.78,,FR1,Poke,Left,621,130,538,,1,FR1
2024-08-01 01:18:33,3,3.78,1.0,FR1,Pellet,Left,621,130,539,17.99,1,FR1
2024-08-01 01:18:53,3,3.78,,FR1,Poke,Left,622,130,539,,1,FR1
2024-08-01 01:18:54,3,3.78,1.0,FR1,Pellet,Left,622,130,540,0.25,1,FR1
2024-08-01 01:21:28,3,3.78,,FR1,Poke,Left,622,131,540,,1,FR1
2024-08-01 01:21:31,3,3.78,,FR1,Poke,Left,622,132,540,,1,FR1
2024-08-01 01:21:31,3,3.78,,FR1,Poke,Left,622,133,540,,1,FR1
2024-08-01 01:21:35,3,3.78,,FR1,Poke,Left,622,134,540,,1,FR1
2024-08-01 01:21:37,3,3.78,,FR1,Poke,Left,622,135,540,,1,FR1
2024-08-01 01:29:06,3,3.78,,FR1,Poke,Left,623,135,540,,1,FR1
2024-08-01 01:29:08,3,3.78,1.0,FR1,Pellet,Left,623,135,541,0.5,1,FR1
2024-08-01 01:29:27,3,3.78,,FR1,Poke,Left,624,135,541,,1,FR1
2024-08-01 01:29:29,3,3.78,1.0,FR1,Pellet,Left,624,135,542,1.83,1,FR1
2024-08-01 01:29:38,3,3.78,,FR1,Poke,Left,625,135,542,,1,FR1
2024-08-01 01:29:39,3,3.78,2.0,FR1,Pellet,Left,625,135,543,0.06,1,FR1
2024-08-01 01:29:53,3,3.78,,FR1,Poke,Left,626,135,543,,1,FR1
2024-08-01 01:29:54,3,3.78,1.0,FR1,Pellet,Left,626,135,544,0.5,1,FR1
2024-08-01 01:39:14,3,3.78,,FR1,Poke,Left,626,136,544,,1,FR1
2024-08-01 01:41:02,3,3.78,,FR1,Poke,Left,626,137,544,,1,FR1
2024-08-01 01:49:51,3,3.78,,FR1,Poke,Left,627,137,544,,1,FR1
2024-08-01 01:49:54,3,3.78,3.0,FR1,Pellet,Left,627,137,545,0.06,1,FR1
2024-08-01 02:00:28,3,3.78,,FR1,Poke,Left,628,137,545,,1,FR1
2024-08-01 02:00:29,3,3.78,1.0,FR1,Pellet,Left,628,137,546,0.5,1,FR1
2024-08-01 02:02:12,3,3.78,,FR1,Poke,Left,628,138,546,,1,FR1
2024-08-01 02:44:55,3,3.78,,FR1,Poke,Left,629,138,546,,1,FR1
2024-08-01 02:45:09,3,3.78,2.0,FR1,Pellet,Left,629,138,547,10.98,1,FR1
2024-08-01 02:45:25,3,3.78,,FR1,Poke,Left,630,138,547,,1,FR1
2024-08-01 02:45:26,3,3.78,2.0,FR1,Pellet,Left,630,138,548,0.06,1,FR1
2024-08-01 02:45:47,3,3.78,,FR1,Poke,Left,631,138,548,,1,FR1
2024-08-01 02:45:48,3,3.78,1.0,FR1,Pellet,Left,631,138,549,0.06,1,FR1
2024-08-01 02:46:08,3,3.78,,FR1,Poke,Left,632,138,549,,1,FR1
2024-08-01 02:46:17,3,3.78,2.0,FR1,Pellet,Left,632,138,550,6.72,1,FR1
2024-08-01 03:17:19,3,3.78,,FR1,Poke,Left,633,138,550,,1,FR1
2024-08-01 03:17:20,3,3.78,2.0,FR1,Pellet,Left,633,138,551,0.06,1,FR1
2024-08-01 03:24:42,3,3.78,,FR1,Poke,Left,634,138,551,,1,FR1
2024-08-01 03:24:43,3,3.78,2.0,FR1,Pellet,Left,634,138,552,0.06,1,FR1
2024-08-01 03:24:52,3,3.78,,FR1,Poke,Left,635,138,552,,1,FR1
2024-08-01 03:24:56,3,3.78,1.0,FR1,Pellet,Left,635,138,553,3.17,1,FR1
2024-08-01 03:25:18,3,3.78,,FR1,Poke,Left,636,138,553,,1,FR1
2024-08-01 03:25:19,3,3.78,2.0,FR1,Pellet,Left,636,138,554,0.19,1,FR1
2024-08-01 03:25:36,3,3.78,,FR1,Poke,Left,637,138,554,,1,FR1
2024-08-01 03:25:54,3,3.78,2.0,FR1,Pellet,Left,637,138,555,14.81,1,FR1
2024-08-01 03:51:21,3,3.78,,FR1,Poke,Left,638,138,555,,1,FR1
2024-08-01 03:53:35,3,3.78,1.0,FR1,Pellet,Left,638,138,556,,1,FR1
2024-08-01 03:53:57,3,3.78,,FR1,Poke,Left,639,138,556,,1,FR1
2024-08-01 03:53:59,3,3.77,1.0,FR1,Pellet,Left,639,138,557,1.39,1,FR1
2024-08-01 03:56:40,3,3.77,,FR1,Poke,Left,639,139,557,,1,FR1
2024-08-01 03:56:57,3,3.78,,FR1,Poke,Left,639,140,557,,1,FR1
2024-08-01 04:05:03,3,3.78,,FR1,Poke,Left,640,140,557,,1,FR1
2024-08-01 04:05:05,3,3.78,1.0,FR1,Pellet,Left,640,140,558,1.39,1,FR1
2024-08-01 04:11:10,3,3.78,,FR1,Poke,Left,640,141,558,,1,FR1
2024-08-01 04:11:11,3,3.78,,FR1,Poke,Left,640,142,558,,1,FR1
2024-08-01 04:11:12,3,3.78,,FR1,Poke,Left,640,143,558,,1,FR1
2024-08-01 04:11:13,3,3.78,,FR1,Poke,Left,640,144,558,,1,FR1
2024-08-01 04:11:21,3,3.78,,FR1,Poke,Left,641,144,558,,1,FR1
2024-08-01 04:11:27,3,3.78,,FR1,Poke,Left,641,145,558,,1,FR1
2024-08-01 04:11:43,3,3.78,1.0,FR1,Pellet,Left,641,145,559,22.13,1,FR1
2024-08-01 04:22:38,3,3.77,,FR1,Poke,Left,642,145,559,,1,FR1
2024-08-01 04:22:39,3,3.78,1.0,FR1,Pellet,Left,642,145,560,0.25,1,FR1
2024-08-01 04:22:57,3,3.78,,FR1,Poke,Left,643,145,560,,1,FR1
2024-08-01 04:22:58,3,3.78,2.0,FR1,Pellet,Left,643,145,561,0.06,1,FR1
2024-08-01 04:23:15,3,3.78,,FR1,Poke,Left,644,145,561,,1,FR1
2024-08-01 04:23:25,3,3.77,2.0,FR1,Pellet,Left,644,145,562,7.04,1,FR1
2024-08-01 04:31:26,3,3.78,,FR1,Poke,Left,644,146,562,,1,FR1
2024-08-01 04:31:27,3,3.78,,FR1,Poke,Left,644,147,562,,1,FR1
2024-08-01 05:17:01,3,3.78,,FR1,Poke,Left,645,147,562,,1,FR1
2024-08-01 05:17:03,3,3.78,1.0,FR1,Pellet,Left,645,147,563,0.44,1,FR1
2024-08-01 05:21:08,3,3.78,,FR1,Poke,Left,645,148,563,,1,FR1
2024-08-01 05:21:13,3,3.78,,FR1,Poke,Left,645,149,563,,1,FR1
2024-08-01 05:23:16,3,3.77,,FR1,Poke,Left,646,149,563,,1,FR1
2024-08-01 05:23:18,3,3.78,1.0,FR1,Pellet,Left,646,149,564,1.07,1,FR1
2024-08-01 05:25:42,3,3.78,,FR1,Poke,Left,647,149,564,,1,FR1
2024-08-01 05:25:46,3,3.78,1.0,FR1,Pellet,Left,647,149,565,2.85,1,FR1
2024-08-01 05:35:38,3,3.77,,FR1,Poke,Left,648,149,565,,1,FR1
2024-08-01 05:35:57,3,3.78,2.0,FR1,Pellet,Left,648,149,566,15.44,1,FR1
2024-08-01 05:38:34,3,3.78,,FR1,Poke,Left,649,149,566,,1,FR1
2024-08-01 05:38:41,3,3.78,1.0,FR1,Pellet,Left,649,149,567,5.89,1,FR1
2024-08-01 05:38:54,3,3.78,,FR1,Poke,Left,650,149,567,,1,FR1
2024-08-01 05:38:56,3,3.77,1.0,FR1,Pellet,Left,650,149,568,1.32,1,FR1
2024-08-01 05:45:03,3,3.78,,FR1,Poke,Left,650,150,568,,1,FR1
2024-08-01 05:45:09,3,3.77,,FR1,Poke,Left,650,151,568,,1,FR1
2024-08-01 05:45:20,3,3.77,,FR1,Poke,Left,651,151,568,,1,FR1
2024-08-01 05:45:49,3,3.78,1.0,FR1,Pellet,Left,651,151,569,28.24,1,FR1
2024-08-01 05:46:15,3,3.77,,FR1,Poke,Left,652,151,569,,1,FR1
2024-08-01 07:43:59,3,3.76,,FR1,Poke,Left,653,151,569,,1,FR1
2024-08-01 07:44:00,3,3.77,2.0,FR1,Pellet,Left,653,151,570,,1,FR1
2024-08-01 07:44:24,3,3.77,,FR1,Poke,Left,654,151,570,,1,FR1
2024-08-01 07:44:25,3,3.77,2.0,FR1,Pellet,Left,654,151,571,0.06,1,FR1
2024-08-01 07:44:44,3,3.77,,FR1,Poke,Left,655,151,571,,1,FR1
2024-08-01 07:44:44,3,3.77,1.0,FR1,Pellet,Left,655,151,572,0.19,1,FR1
2024-08-01 07:45:35,3,3.76,,FR1,Poke,Left,656,151,572,,1,FR1
2024-08-01 07:45:36,3,3.77,1.0,FR1,Pellet,Left,656,151,573,0.18,1,FR1
2024-08-01 07:45:53,3,3.77,,FR1,Poke,Left,657,151,573,,1,FR1
2024-08-01 07:45:54,3,3.77,1.0,FR1,Pellet,Left,657,151,574,0.12,1,FR1
2024-08-01 09:44:25,3,3.77,,FR1,Poke,Left,658,151,574,,1,FR1
2024-08-01 09:44:44,3,3.77,2.0,FR1,Pellet,Left,658,151,575,15.69,1,FR1
2024-08-01 09:45:03,3,3.76,,FR1,Poke,Left,659,151,575,,1,FR1
2024-08-01 09:45:13,3,3.76,2.0,FR1,Pellet,Left,659,151,576,7.36,1,FR1
2024-08-01 09:45:47,3,3.76,,FR1,Poke,Left,660,151,576,,1,FR1
2024-08-01 09:45:48,3,3.76,2.0,FR1,Pellet,Left,660,151,577,0.12,1,FR1
2024-08-01 10:01:15,3,3.76,,FR1,Poke,Left,661,151,577,,1,FR1
2024-08-01 10:01:58,3,3.76,1.0,FR1,Pellet,Left,661,151,578,43.07,1,FR1
2024-08-01 11:35:01,3,3.76,,FR1,Poke,Left,662,151,578,,1,FR1
2024-08-01 11:35:02,3,3.76,2.0,FR1,Pellet,Left,662,151,579,0.12,1,FR1
2024-08-01 11:35:21,3,3.76,,FR1,Poke,Left,663,151,579,,1,FR1
2024-08-01 11:35:22,3,3.76,1.0,FR1,Pellet,Left,663,151,580,0.06,1,FR1
2024-08-01 11:35:36,3,3.76,,FR1,Poke,Left,664,151,580,,1,FR1
2024-08-01 11:35:37,3,3.76,2.0,FR1,Pellet,Left,664,151,581,0.06,1,FR1
2024-08-01 11:35:58,3,3.76,,FR1,Poke,Left,665,151,581,,1,FR1
2024-08-01 11:35:59,3,3.76,1.0,FR1,Pellet,Left,665,151,582,0.19,1,FR1
2024-08-01 13:26:29,3,3.76,,FR1,Poke,Left,666,151,582,,1,FR1
2024-08-01 13:26:29,3,3.76,2.0,FR1,Pellet,Left,666,151,583,0.06,1,FR1
2024-08-01 13:27:30,3,3.76,,FR1,Poke,Left,667,151,583,,1,FR1
2024-08-01 13:27:32,3,3.76,2.0,FR1,Pellet,Left,667,151,584,0.25,1,FR1
2024-08-01 14:40:33,3,3.76,,FR1,Poke,Left,668,151,584,,1,FR1
2024-08-01 14:40:37,3,3.76,3.0,FR1,Pellet,Left,668,151,585,0.06,1,FR1
2024-08-01 14:41:04,3,3.76,,FR1,Poke,Left,669,151,585,,1,FR1
2024-08-01 14:41:05,3,3.76,2.0,FR1,Pellet,Left,669,151,586,0.06,1,FR1
2024-08-01 14:41:17,3,3.76,,FR1,Poke,Left,670,151,586,,1,FR1
2024-08-01 14:41:18,3,3.76,2.0,FR1,Pellet,Left,670,151,587,0.5,1,FR1
2024-08-01 14:41:35,3,3.76,,FR1,Poke,Left,671,151,587,,1,FR1
2024-08-01 14:41:36,3,3.76,2.0,FR1,Pellet,Left,671,151,588,0.06,1,FR1
2024-08-01 14:41:54,3,3.76,,FR1,Poke,Left,672,151,588,,1,FR1
2024-08-01 14:41:55,3,3.76,1.0,FR1,Pellet,Left,672,151,589,0.18,1,FR1
2024-08-01 14:42:05,3,3.76,,FR1,Poke,Left,673,151,589,,1,FR1
2024-08-01 14:42:06,3,3.76,1.0,FR1,Pellet,Left,673,151,590,0.12,1,FR1
2024-08-01 14:46:58,3,3.76,,FR1,Poke,Left,674,151,590,,1,FR1
2024-08-01 14:47:00,3,3.76,1.0,FR1,Pellet,Left,674,151,591,0.5,1,FR1
2024-08-01 14:47:30,3,3.76,,FR1,Poke,Left,675,151,591,,1,FR1
2024-08-01 14:47:36,3,3.75,3.0,FR1,Pellet,Left,675,151,592,3.42,1,FR1
2024-08-01 14:50:31,3,3.76,,FR1,Poke,Left,675,152,592,,1,FR1
2024-08-01 17:09:51,3,3.75,,FR1,Poke,Left,676,152,592,,1,FR1
2024-08-01 17:09:51,3,3.75,1.0,FR1,Pellet,Left,676,152,593,0.19,1,FR1
2024-08-01 17:10:09,3,3.75,,FR1,Poke,Left,677,152,593,,1,FR1
2024-08-01 17:10:10,3,3.75,1.0,FR1,Pellet,Left,677,152,594,0.18,1,FR1
2024-08-01 17:10:33,3,3.75,,FR1,Poke,Left,678,152,594,,1,FR1
2024-08-01 17:10:34,3,3.75,2.0,FR1,Pellet,Left,678,152,595,0.06,1,FR1
2024-08-01 17:10:53,3,3.76,,FR1,Poke,Left,679,152,595,,1,FR1
2024-08-01 17:10:54,3,3.74,1.0,FR1,Pellet,Left,679,152,596,0.19,1,FR1
2024-08-01 17:11:18,3,3.75,,FR1,Poke,Left,680,152,596,,1,FR1
2024-08-01 17:11:19,3,3.75,2.0,FR1,Pellet,Left,680,152,597,0.06,1,FR1
2024-08-01 17:54:20,3,3.75,,FR1,Poke,Left,681,152,597,,1,FR1
2024-08-01 17:54:20,3,3.75,1.0,FR1,Pellet,Left,681,152,598,0.12,1,FR1
2024-08-01 17:55:40,3,3.76,,FR1,Poke,Left,682,152,598,,1,FR1
2024-08-01 17:55:41,3,3.75,1.0,FR1,Pellet,Left,682,152,599,0.69,1,FR1
2024-08-01 17:56:01,3,3.75,,FR1,Poke,Left,683,152,599,,1,FR1
2024-08-01 17:56:05,3,3.75,3.0,FR1,Pellet,Left,683,152,600,0.19,1,FR1
2024-08-01 18:13:44,3,3.75,,FR1,Poke,Left,684,152,600,,1,FR1
2024-08-01 18:13:47,3,3.75,1.0,FR1,Pellet,Left,684,152,601,2.02,1,FR1
2024-08-01 18:14:45,3,3.75,,FR1,Poke,Left,685,152,601,,1,FR1
2024-08-01 18:14:47,3,3.74,1.0,FR1,Pellet,Left,685,152,602,0.63,1,FR1
2024-08-01 18:16:39,3,3.75,,FR1,Poke,Left,686,152,602,,1,FR1
2024-08-01 18:16:45,3,3.75,1.0,FR1,Pellet,Left,686,152,603,5.64,1,FR1
2024-08-01 18:24:05,3,3.75,,FR1,Poke,Left,687,152,603,,1,FR1
2024-08-01 18:24:07,3,3.75,1.0,FR1,Pellet,Left,687,152,604,1.13,1,FR1
2024-08-01 18:27:07,3,3.75,,FR1,Poke,Left,688,152,604,,1,FR1
2024-08-01 18:27:08,3,3.75,1.0,FR1,Pellet,Left,688,152,605,0.25,1,FR1
2024-08-01 18:30:25,3,3.75,,FR1,Poke,Left,689,152,605,,1,FR1
2024-08-01 18:30:28,3,3.75,1.0,FR1,Pellet,Left,689,152,606,2.66,1,FR1
2024-08-01 18:32:08,3,3.75,,FR1,Poke,Left,690,152,606,,1,FR1
2024-08-01 18:32:11,3,3.75,1.0,FR1,Pellet,Left,690,152,607,2.4,1,FR1
2024-08-01 18:43:46,3,3.75,,FR1,Poke,Left,691,152,607,,1,FR1
2024-08-01 18:43:47,3,3.75,1.0,FR1,Pellet,Left,691,152,608,0.12,1,FR1
2024-08-01 18:44:01,3,3.75,,FR1,Poke,Left,692,152,608,,1,FR1
2024-08-01 18:44:09,3,3.75,2.0,FR1,Pellet,Left,692,152,609,5.19,1,FR1
2024-08-01 18:52:39,3,3.75,,FR1,Poke,Left,693,152,609,,1,FR1
2024-08-01 18:52:48,3,3.74,2.0,FR1,Pellet,Left,693,152,610,6.28,1,FR1
2024-08-01 18:53:06,3,3.75,,FR1,Poke,Left,694,152,610,,1,FR1
2024-08-01 18:53:06,3,3.74,1.0,FR1,Pellet,Left,694,152,611,0.06,1,FR1
2024-08-01 18:53:26,3,3.75,,FR1,Poke,Left,695,152,611,,1,FR1
2024-08-01 18:53:40,3,3.75,2.0,FR1,Pellet,Left,695,152,612,11.56,1,FR1
2024-08-01 18:53:59,3,3.75,,FR1,Poke,Left,696,152,612,,1,FR1
2024-08-01 18:54:00,3,3.74,2.0,FR1,Pellet,Left,696,152,613,0.18,1,FR1
2024-08-01 18:54:17,3,3.75,,FR1,Poke,Left,697,152,613,,1,FR1
2024-08-01 18:54:29,3,3.75,2.0,FR1,Pellet,Left,697,152,614,8.94,1,FR1
2024-08-01 18:57:39,3,3.75,,FR1,Poke,Left,698,152,614,,1,FR1
2024-08-01 18:57:49,3,3.74,1.0,FR1,Pellet,Left,698,152,615,9.14,1,FR1
2024-08-01 19:01:51,3,3.75,,FR1,Poke,Left,698,153,615,,1,FR1
2024-08-01 19:10:47,3,3.75,,FR1,Poke,Left,699,153,615,,1,FR1
2024-08-01 19:10:48,3,3.74,2.0,FR1,Pellet,Left,699,153,616,0.06,1,FR1
2024-08-01 19:21:39,3,3.74,,FR1,Poke,Left,700,153,616,,1,FR1
2024-08-01 19:21:40,3,3.74,1.0,FR1,Pellet,Left,700,153,617,0.75,1,FR1
2024-08-01 19:21:56,3,3.75,,FR1,Poke,Left,701,153,617,,1,FR1
2024-08-01 19:21:57,3,3.75,2.0,FR1,Pellet,Left,701,153,618,0.06,1,FR1
2024-08-01 19:22:27,3,3.75,,FR1,Poke,Left,702,153,618,,1,FR1
2024-08-01 19:22:28,3,3.74,2.0,FR1,Pellet,Left,702,153,619,0.06,1,FR1
2024-08-01 19:22:43,3,3.74,,FR1,Poke,Left,703,153,619,,1,FR1
2024-08-01 19:22:52,3,3.75,2.0,FR1,Pellet,Left,703,153,620,6.21,1,FR1
2024-08-01 19:31:18,3,3.74,,FR1,Poke,Left,703,154,620,,1,FR1
2024-08-01 19:31:42,3,3.75,,FR1,Poke,Left,703,155,620,,1,FR1
2024-08-01 19:32:14,3,3.74,,FR1,Poke,Left,703,156,620,,1,FR1
2024-08-01 19:32:45,3,3.75,,FR1,Poke,Left,704,156,620,,1,FR1
2024-08-01 19:32:48,3,3.74,1.0,FR1,Pellet,Left,704,156,621,1.83,1,FR1
2024-08-01 19:45:37,3,3.74,,FR1,Poke,Left,705,156,621,,1,FR1
2024-08-01 19:45:39,3,3.74,1.0,FR1,Pellet,Left,705,156,622,1.26,1,FR1
2024-08-01 19:46:34,3,3.74,,FR1,Poke,Left,706,156,622,,1,FR1
2024-08-01 19:46:41,3,3.75,2.0,FR1,Pellet,Left,706,156,623,6.09,1,FR1
2024-08-01 19:49:24,3,3.75,,FR1,Poke,Left,706,157,623,,1,FR1
2024-08-01 19:54:04,3,3.75,,FR1,Poke,Left,707,157,623,,1,FR1
2024-08-01 19:54:19,3,3.75,1.0,FR1,Pellet,Left,707,157,624,14.8,1,FR1
2024-08-01 20:05:24,3,3.75,,FR1,Poke,Left,708,157,624,,1,FR1
2024-08-01 20:05:26,3,3.74,2.0,FR1,Pellet,Left,708,157,625,0.82,1,FR1
2024-08-01 20:05:39,3,3.75,,FR1,Poke,Left,709,157,625,,1,FR1
2024-08-01 20:05:41,3,3.74,2.0,FR1,Pellet,Left,709,157,626,0.31,1,FR1
2024-08-01 20:05:54,3,3.74,,FR1,Poke,Left,710,157,626,,1,FR1
2024-08-01 20:05:55,3,3.75,1.0,FR1,Pellet,Left,710,157,627,0.12,1,FR1
2024-08-01 20:06:11,3,3.75,,FR1,Poke,Left,711,157,627,,1,FR1
2024-08-01 20:06:12,3,3.74,2.0,FR1,Pellet,Left,711,157,628,0.06,1,FR1
2024-08-01 20:06:31,3,3.75,,FR1,Poke,Left,712,157,628,,1,FR1
2024-08-01 20:06:32,3,3.75,2.0,FR1,Pellet,Left,712,157,629,0.06,1,FR1
2024-08-01 20:06:49,3,3.75,,FR1,Poke,Left,713,157,629,,1,FR1
2024-08-01 20:06:58,3,3.75,2.0,FR1,Pellet,Left,713,157,630,6.34,1,FR1
2024-08-01 20:20:45,3,3.74,,FR1,Poke,Left,714,157,630,,1,FR1
2024-08-01 20:20:46,3,3.74,2.0,FR1,Pellet,Left,714,157,631,0.06,1,FR1
2024-08-01 20:21:27,3,3.74,,FR1,Poke,Left,715,157,631,,1,FR1
2024-08-01 20:21:28,3,3.74,1.0,FR1,Pellet,Left,715,157,632,0.37,1,FR1
2024-08-01 20:21:45,3,3.75,,FR1,Poke,Left,716,157,632,,1,FR1
2024-08-01 20:21:46,3,3.74,1.0,FR1,Pellet,Left,716,157,633,0.25,1,FR1
2024-08-01 20:22:07,3,3.75,,FR1,Poke,Left,717,157,633,,1,FR1
2024-08-01 20:22:08,3,3.74,1.0,FR1,Pellet,Left,717,157,634,0.31,1,FR1
2024-08-01 20:22:48,3,3.74,,FR1,Poke,Left,718,157,634,,1,FR1
2024-08-01 20:22:49,3,3.74,1.0,FR1,Pellet,Left,718,157,635,0.44,1,FR1
2024-08-01 20:38:19,3,3.74,,FR1,Poke,Left,719,157,635,,1,FR1
2024-08-01 20:38:20,3,3.74,1.0,FR1,Pellet,Left,719,157,636,0.06,1,FR1
2024-08-01 20:38:31,3,3.74,,FR1,Poke,Left,720,157,636,,1,FR1
2024-08-01 20:38:32,3,3.74,1.0,FR1,Pellet,Left,720,157,637,0.56,1,FR1
2024-08-01 20:38:48,3,3.74,,FR1,Poke,Left,721,157,637,,1,FR1
2024-08-01 20:38:49,3,3.74,1.0,FR1,Pellet,Left,721,157,638,0.25,1,FR1
2024-08-01 20:39:08,3,3.75,,FR1,Poke,Left,722,157,638,,1,FR1
2024-08-01 20:39:09,3,3.74,1.0,FR1,Pellet,Left,722,157,639,0.12,1,FR1
2024-08-01 20:39:28,3,3.75,,FR1,Poke,Left,723,157,639,,1,FR1
2024-08-01 20:39:29,3,3.74,1.0,FR1,Pellet,Left,723,157,640,0.12,1,FR1
2024-08-01 20:39:48,3,3.75,,FR1,Poke,Left,724,157,640,,1,FR1
2024-08-01 20:39:49,3,3.74,2.0,FR1,Pellet,Left,724,157,641,0.19,1,FR1
2024-08-01 20:50:07,3,3.74,,FR1,Poke,Left,725,157,641,,1,FR1
2024-08-01 20:50:17,3,3.74,1.0,FR1,Pellet,Left,725,157,642,9.78,1,FR1
2024-08-01 20:52:01,3,3.74,,FR1,Poke,Left,726,157,642,,1,FR1
2024-08-01 20:54:46,3,3.74,1.0,FR1,Pellet,Left,726,157,643,,1,FR1
2024-08-01 20:57:18,3,3.74,,FR1,Poke,Left,727,157,643,,1,FR1
2024-08-01 20:59:38,3,3.74,,FR1,Poke,Left,728,157,643,,1,FR1
2024-08-01 20:59:42,3,3.75,,FR1,Poke,Left,729,157,643,,1,FR1
2024-08-01 21:02:50,3,3.74,,FR1,Poke,Left,729,158,643,,1,FR1
2024-08-01 21:03:59,3,3.74,,FR1,Poke,Left,730,158,643,,1,FR1
2024-08-01 21:04:07,3,3.74,,FR1,Poke,Left,731,158,643,,1,FR1
2024-08-01 21:04:08,3,3.74,,FR1,Poke,Left,732,158,643,,1,FR1
2024-08-01 21:04:10,3,3.74,,FR1,Poke,Left,733,158,643,,1,FR1
2024-08-01 21:04:19,3,3.74,,FR1,Poke,Left,734,158,643,,1,FR1
2024-08-01 21:04:26,3,3.74,,FR1,Poke,Left,734,159,643,,1,FR1
2024-08-01 21:04:30,3,3.74,,FR1,Poke,Left,735,159,643,,1,FR1
2024-08-01 21:04:32,3,3.74,,FR1,Poke,Left,736,159,643,,1,FR1
2024-08-01 21:04:38,3,3.74,1.0,FR1,Pellet,Left,736,159,644,,1,FR1
2024-08-01 21:21:15,3,3.74,,FR1,Poke,Left,736,160,644,,1,FR1
2024-08-01 21:21:19,3,3.74,,FR1,Poke,Left,737,160,644,,1,FR1
2024-08-01 21:21:45,3,3.74,1.0,FR1,Pellet,Left,737,160,645,24.99,1,FR1
2024-08-01 21:22:02,3,3.75,,FR1,Poke,Left,737,161,645,,1,FR1
2024-08-01 21:35:51,3,3.74,,FR1,Poke,Left,738,161,645,,1,FR1
2024-08-01 21:35:52,3,3.74,1.0,FR1,Pellet,Left,738,161,646,0.12,1,FR1
2024-08-01 21:36:08,3,3.74,,FR1,Poke,Left,739,161,646,,1,FR1
2024-08-01 21:36:09,3,3.74,2.0,FR1,Pellet,Left,739,161,647,0.12,1,FR1
2024-08-01 21:36:24,3,3.74,,FR1,Poke,Left,740,161,647,,1,FR1
2024-08-01 21:36:25,3,3.74,1.0,FR1,Pellet,Left,740,161,648,0.19,1,FR1
2024-08-01 21:36:41,3,3.74,,FR1,Poke,Left,741,161,648,,1,FR1
2024-08-01 21:36:42,3,3.74,1.0,FR1,Pellet,Left,741,161,649,0.19,1,FR1
2024-08-01 21:42:38,3,3.74,,FR1,Poke,Left,742,161,649,,1,FR1
2024-08-01 21:42:43,3,3.74,1.0,FR1,Pellet,Left,742,161,650,4.18,1,FR1
2024-08-01 21:50:14,3,3.74,,FR1,Poke,Left,743,161,650,,1,FR1
2024-08-01 21:50:16,3,3.74,1.0,FR1,Pellet,Left,743,161,651,0.95,1,FR1
2024-08-01 21:52:08,3,3.74,,FR1,Poke,Left,744,161,651,,1,FR1
2024-08-01 21:52:11,3,3.74,1.0,FR1,Pellet,Left,744,161,652,2.21,1,FR1
2024-08-01 21:54:08,3,3.74,,FR1,Poke,Left,744,162,652,,1,FR1
2024-08-01 21:54:12,3,3.74,,FR1,Poke,Left,745,162,652,,1,FR1
2024-08-01 21:54:18,3,3.74,,FR1,Poke,Left,746,162,652,,1,FR1
2024-08-01 21:54:21,3,3.74,,FR1,Poke,Left,747,162,652,,1,FR1
2024-08-01 21:54:22,3,3.74,,FR1,Poke,Left,748,162,652,,1,FR1
2024-08-01 21:54:26,3,3.74,,FR1,Poke,Left,749,162,652,,1,FR1
2024-08-01 21:54:26,3,3.74,,FR1,Poke,Left,750,162,652,,1,FR1
2024-08-01 21:54:27,3,3.74,,FR1,Poke,Left,751,162,652,,1,FR1
2024-08-01 21:54:30,3,3.74,,FR1,Poke,Left,752,162,652,,1,FR1
2024-08-01 21:54:51,3,3.74,1.0,FR1,Pellet,Left,752,162,653,37.6,1,FR1
2024-08-01 21:58:13,3,3.74,,FR1,Poke,Left,753,162,653,,1,FR1
2024-08-01 21:58:18,3,3.74,,FR1,Poke,Left,754,162,653,,1,FR1
2024-08-01 21:58:31,3,3.74,,FR1,Poke,Left,754,163,653,,1,FR1
2024-08-01 21:58:31,3,3.74,,FR1,Poke,Left,754,164,653,,1,FR1
2024-08-01 21:58:34,3,3.73,,FR1,Poke,Left,754,165,653,,1,FR1
2024-08-01 21:58:38,3,3.74,,FR1,Poke,Left,754,166,653,,1,FR1
2024-08-01 21:59:39,3,3.74,1.0,FR1,Pellet,Left,754,166,654,,1,FR1
2024-08-01 22:17:38,3,3.74,,FR1,Poke,Left,755,166,654,,1,FR1
2024-08-01 22:17:41,3,3.74,3.0,FR1,Pellet,Left,755,166,655,0.12,1,FR1
2024-08-01 22:17:56,3,3.74,,FR1,Poke,Left,756,166,655,,1,FR1
2024-08-01 22:17:58,3,3.74,1.0,FR1,Pellet,Left,756,166,656,0.94,1,FR1
2024-08-01 22:18:22,3,3.74,,FR1,Poke,Left,757,166,656,,1,FR1
2024-08-01 22:18:23,3,3.74,2.0,FR1,Pellet,Left,757,166,657,0.06,1,FR1
2024-08-01 22:43:37,3,3.74,,FR1,Poke,Left,758,166,657,,1,FR1
2024-08-01 22:43:38,3,3.74,1.0,FR1,Pellet,Left,758,166,658,0.25,1,FR1
2024-08-01 22:43:52,3,3.74,,FR1,Poke,Left,759,166,658,,1,FR1
2024-08-01 22:43:53,3,3.74,1.0,FR1,Pellet,Left,759,166,659,0.12,1,FR1
2024-08-01 22:44:08,3,3.74,,FR1,Poke,Left,760,166,659,,1,FR1
2024-08-01 22:44:09,3,3.74,1.0,FR1,Pellet,Left,760,166,660,0.12,1,FR1
2024-08-01 22:44:29,3,3.74,,FR1,Poke,Left,761,166,660,,1,FR1
2024-08-01 22:44:30,3,3.74,2.0,FR1,Pellet,Left,761,166,661,0.06,1,FR1
2024-08-01 22:44:51,3,3.74,,FR1,Poke,Left,762,166,661,,1,FR1
2024-08-01 22:44:52,3,3.74,1.0,FR1,Pellet,Left,762,166,662,0.12,1,FR1
2024-08-01 22:45:23,3,3.74,,FR1,Poke,Left,763,166,662,,1,FR1
2024-08-01 22:45:48,3,3.74,2.0,FR1,Pellet,Left,763,166,663,22.33,1,FR1
2024-08-01 22:46:20,3,3.74,,FR1,Poke,Left,763,167,663,,1,FR1
2024-08-01 23:21:18,3,3.74,,FR1,Poke,Left,764,167,663,,1,FR1
2024-08-01 23:21:19,3,3.73,2.0,FR1,Pellet,Left,764,167,664,0.06,1,FR1
2024-08-01 23:21:34,3,3.74,,FR1,Poke,Left,765,167,664,,1,FR1
2024-08-01 23:21:37,3,3.74,2.0,FR1,Pellet,Left,765,167,665,0.31,1,FR1
2024-08-01 23:21:49,3,3.74,,FR1,Poke,Left,766,167,665,,1,FR1
2024-08-01 23:21:50,3,3.74,2.0,FR1,Pellet,Left,766,167,666,0.12,1,FR1
2024-08-01 23:22:10,3,3.74,,FR1,Poke,Left,767,167,666,,1,FR1
2024-08-01 23:22:11,3,3.73,1.0,FR1,Pellet,Left,767,167,667,0.18,1,FR1
2024-08-01 23:22:33,3,3.74,,FR1,Poke,Left,768,167,667,,1,FR1
2024-08-01 23:22:34,3,3.74,2.0,FR1,Pellet,Left,768,167,668,0.06,1,FR1
2024-08-01 23:22:52,3,3.74,,FR1,Poke,Left,769,167,668,,1,FR1
2024-08-01 23:22:53,3,3.74,1.0,FR1,Pellet,Left,769,167,669,0.06,1,FR1
2024-08-01 23:23:11,3,3.74,,FR1,Poke,Left,770,167,669,,1,FR1
2024-08-01 23:23:12,3,3.74,1.0,FR1,Pellet,Left,770,167,670,0.12,1,FR1
2024-08-01 23:31:17,3,3.74,,FR1,Poke,Left,771,167,670,,1,FR1
2024-08-01 23:31:18,3,3.74,,FR1,Poke,Left,772,167,670,,1,FR1
2024-08-01 23:31:28,3,3.74,,FR1,Poke,Left,772,168,670,,1,FR1
2024-08-01 23:31:28,3,3.73,,FR1,Poke,Left,772,169,670,,1,FR1
2024-08-01 23:31:45,3,3.74,,FR1,Poke,Left,773,169,670,,1,FR1
2024-08-01 23:32:17,3,3.74,,FR1,Poke,Left,773,170,670,,1,FR1
2024-08-01 23:32:44,3,3.74,,FR1,Poke,Left,774,170,670,,1,FR1
2024-08-01 23:32:52,3,3.74,1.0,FR1,Pellet,Left,774,170,671,,1,FR1
2024-08-01 23:33:04,3,3.74,,FR1,Poke,Left,775,170,671,,1,FR1
2024-08-01 23:36:38,3,3.74,,FR1,Poke,Left,776,170,671,,1,FR1
2024-08-01 23:36:41,3,3.73,,FR1,Poke,Left,777,170,671,,1,FR1
2024-08-01 23:36:44,3,3.74,,FR1,Poke,Left,778,170,671,,1,FR1
2024-08-01 23:36:45,3,3.73,,FR1,Poke,Left,779,170,671,,1,FR1
2024-08-01 23:36:56,3,3.73,,FR1,Poke,Left,780,170,671,,1,FR1
2024-08-01 23:37:03,3,3.74,,FR1,Poke,Left,781,170,671,,1,FR1
2024-08-01 23:37:04,3,3.74,1.0,FR1,Pellet,Left,781,170,672,,1,FR1
2024-08-01 23:37:24,3,3.74,,FR1,Poke,Left,782,170,672,,1,FR1
2024-08-01 23:37:30,3,3.74,,FR1,Poke,Left,783,170,672,,1,FR1
2024-08-01 23:37:34,3,3.74,,FR1,Poke,Left,784,170,672,,1,FR1
2024-08-01 23:37:36,3,3.74,,FR1,Poke,Left,785,170,672,,1,FR1
2024-08-01 23:40:03,3,3.74,,FR1,Poke,Left,785,171,672,,1,FR1
2024-08-01 23:40:21,3,3.74,,FR1,Poke,Left,785,172,672,,1,FR1
2024-08-01 23:47:57,3,3.74,1.0,FR1,Pellet,Left,785,172,673,,1,FR1
2024-08-01 23:49:04,3,3.74,,FR1,Poke,Left,785,173,673,,1,FR1
2024-08-01 23:49:05,3,3.74,,FR1,Poke,Left,785,174,673,,1,FR1
2024-08-01 23:49:08,3,3.74,,FR1,Poke,Left,786,174,673,,1,FR1
2024-08-01 23:49:11,3,3.74,2.0,FR1,Pellet,Left,786,174,674,2.15,1,FR1
2024-08-01 23:58:16,3,3.74,,FR1,Poke,Left,787,174,674,,1,FR1
2024-08-01 23:58:16,3,3.74,,FR1,Poke,Left,788,174,674,,1,FR1
2024-08-01 23:58:20,3,3.74,,FR1,Poke,Left,789,174,674,,1,FR1
2024-08-01 23:58:37,3,3.73,2.0,FR1,Pellet,Left,789,174,675,18.08,1,FR1
2024-08-02 00:00:58,3,3.74,,FR1,Poke,Left,790,174,675,,1,FR1
2024-08-02 00:01:57,3,3.74,1.0,FR1,Pellet,Left,790,174,676,57.98,1,FR1
2024-08-02 00:04:24,3,3.74,,FR1,Poke,Left,790,175,676,,1,FR1
2024-08-02 00:08:14,3,3.74,,FR1,Poke,Left,791,175,676,,1,FR1
2024-08-02 00:08:19,3,3.74,1.0,FR1,Pellet,Left,791,175,677,3.99,1,FR1
2024-08-02 00:17:08,3,3.74,,FR1,Poke,Left,792,175,677,,1,FR1
2024-08-02 00:17:17,3,3.74,1.0,FR1,Pellet,Left,792,175,678,8.25,1,FR1
2024-08-02 00:25:33,3,3.74,,FR1,Poke,Left,793,175,678,,1,FR1
2024-08-02 00:27:06,3,3.73,1.0,FR1,Pellet,Left,793,175,679,,1,FR1
2024-08-02 00:32:28,3,3.73,,FR1,Poke,Left,793,176,679,,1,FR1
2024-08-02 00:32:29,3,3.74,,FR1,Poke,Left,793,177,679,,1,FR1
2024-08-02 01:17:25,3,3.74,,FR1,Poke,Left,794,177,679,,1,FR1
2024-08-02 01:17:26,3,3.74,1.0,FR1,Pellet,Left,794,177,680,0.19,1,FR1
2024-08-02 01:17:37,3,3.74,,FR1,Poke,Left,795,177,680,,1,FR1
2024-08-02 01:17:38,3,3.74,1.0,FR1,Pellet,Left,795,177,681,0.44,1,FR1
2024-08-02 01:17:55,3,3.74,,FR1,Poke,Left,796,177,681,,1,FR1
2024-08-02 01:17:56,3,3.74,2.0,FR1,Pellet,Left,796,177,682,0.19,1,FR1
2024-08-02 01:18:13,3,3.74,,FR1,Poke,Left,797,177,682,,1,FR1
2024-08-02 01:18:14,3,3.74,1.0,FR1,Pellet,Left,797,177,683,0.12,1,FR1
2024-08-02 01:18:33,3,3.74,,FR1,Poke,Left,798,177,683,,1,FR1
2024-08-02 01:18:34,3,3.73,2.0,FR1,Pellet,Left,798,177,684,0.06,1,FR1
2024-08-02 01:18:54,3,3.74,,FR1,Poke,Left,799,177,684,,1,FR1
2024-08-02 01:18:55,3,3.74,2.0,FR1,Pellet,Left,799,177,685,0.12,1,FR1
2024-08-02 01:19:11,3,3.74,,FR1,Poke,Left,800,177,685,,1,FR1
2024-08-02 01:19:12,3,3.74,1.0,FR1,Pellet,Left,800,177,686,0.31,1,FR1
2024-08-02 01:19:29,3,3.73,,FR1,Poke,Left,801,177,686,,1,FR1
2024-08-02 01:19:30,3,3.74,1.0,FR1,Pellet,Left,801,177,687,0.44,1,FR1
2024-08-02 01:19:46,3,3.74,,FR1,Poke,Left,802,177,687,,1,FR1
2024-08-02 01:19:47,3,3.73,1.0,FR1,Pellet,Left,802,177,688,0.25,1,FR1
2024-08-02 01:20:02,3,3.74,,FR1,Poke,Left,803,177,688,,1,FR1
2024-08-02 01:20:04,3,3.74,2.0,FR1,Pellet,Left,803,177,689,0.56,1,FR1
2024-08-02 01:33:26,3,3.74,,FR1,Poke,Left,804,177,689,,1,FR1
2024-08-02 01:33:27,3,3.73,1.0,FR1,Pellet,Left,804,177,690,0.5,1,FR1
2024-08-02 01:33:38,3,3.74,,FR1,Poke,Left,805,177,690,,1,FR1
2024-08-02 01:33:38,3,3.74,,FR1,Poke,Left,806,177,690,,1,FR1
2024-08-02 01:33:42,3,3.74,2.0,FR1,Pellet,Left,806,177,691,0.25,1,FR1
2024-08-02 01:33:57,3,3.73,,FR1,Poke,Left,807,177,691,,1,FR1
2024-08-02 01:33:58,3,3.74,1.0,FR1,Pellet,Left,807,177,692,0.19,1,FR1
2024-08-02 01:34:16,3,3.73,,FR1,Poke,Left,808,177,692,,1,FR1
2024-08-02 01:34:17,3,3.73,1.0,FR1,Pellet,Left,808,177,693,0.12,1,FR1
2024-08-02 01:34:35,3,3.74,,FR1,Poke,Left,809,177,693,,1,FR1
2024-08-02 01:34:35,3,3.73,1.0,FR1,Pellet,Left,809,177,694,0.19,1,FR1
2024-08-02 01:35:17,3,3.74,,FR1,Poke,Left,810,177,694,,1,FR1
2024-08-02 01:35:20,3,3.74,2.0,FR1,Pellet,Left,810,177,695,0.75,1,FR1
2024-08-02 02:25:44,3,3.73,,FR1,Poke,Left,811,177,695,,1,FR1
2024-08-02 02:26:10,3,3.74,1.0,FR1,Pellet,Left,811,177,696,24.82,1,FR1
2024-08-02 02:29:38,3,3.74,,FR1,Poke,Left,811,178,696,,1,FR1
2024-08-02 02:29:39,3,3.74,,FR1,Poke,Left,811,179,696,,1,FR1
2024-08-02 02:29:41,3,3.74,,FR1,Poke,Left,811,180,696,,1,FR1
2024-08-02 02:29:42,3,3.73,,FR1,Poke,Left,811,181,696,,1,FR1
2024-08-02 02:29:43,3,3.73,,FR1,Poke,Left,811,182,696,,1,FR1
2024-08-02 02:29:46,3,3.73,,FR1,Poke,Left,812,182,696,,1,FR1
2024-08-02 02:29:49,3,3.74,,FR1,Poke,Left,812,183,696,,1,FR1
2024-08-02 02:29:51,3,3.73,,FR1,Poke,Left,813,183,696,,1,FR1
2024-08-02 02:29:58,3,3.73,,FR1,Poke,Left,813,184,696,,1,FR1
2024-08-02 02:32:00,3,3.73,1.0,FR1,Pellet,Left,813,184,697,,1,FR1
2024-08-02 02:34:49,3,3.74,,FR1,Poke,Left,813,185,697,,1,FR1
2024-08-02 02:35:09,3,3.73,,FR1,Poke,Left,814,185,697,,1,FR1
2024-08-02 02:35:11,3,3.74,1.0,FR1,Pellet,Left,814,185,698,1.39,1,FR1
2024-08-02 02:40:22,3,3.74,,FR1,Poke,Left,815,185,698,,1,FR1
2024-08-02 02:40:26,3,3.74,2.0,FR1,Pellet,Left,815,185,699,0.63,1,FR1
2024-08-02 02:40:49,3,3.73,,FR1,Poke,Left,816,185,699,,1,FR1
2024-08-02 02:40:53,3,3.74,2.0,FR1,Pellet,Left,816,185,700,0.56,1,FR1
2024-08-02 02:44:18,3,3.73,,FR1,Poke,Left,817,185,700,,1,FR1
2024-08-02 02:44:22,3,3.73,1.0,FR1,Pellet,Left,817,185,701,3.16,1,FR1
2024-08-02 02:45:01,3,3.73,,FR1,Poke,Left,818,185,701,,1,FR1
2024-08-02 02:47:22,3,3.74,3.0,FR1,Pellet,Left,818,185,702,,1,FR1
2024-08-02 02:54:11,3,3.73,,FR1,Poke,Left,818,186,702,,1,FR1
2024-08-02 03:50:28,3,3.73,,FR1,Poke,Left,819,186,702,,1,FR1
2024-08-02 03:50:42,3,3.73,2.0,FR1,Pellet,Left,819,186,703,10.73,1,FR1
2024-08-02 03:51:03,3,3.73,,FR1,Poke,Left,820,186,703,,1,FR1
2024-08-02 03:51:04,3,3.73,1.0,FR1,Pellet,Left,820,186,704,0.19,1,FR1
2024-08-02 03:51:24,3,3.73,,FR1,Poke,Left,821,186,704,,1,FR1
2024-08-02 03:51:34,3,3.73,2.0,FR1,Pellet,Left,821,186,705,7.36,1,FR1
2024-08-02 03:52:07,3,3.73,,FR1,Poke,Left,822,186,705,,1,FR1
2024-08-02 03:52:09,3,3.73,2.0,FR1,Pellet,Left,822,186,706,0.37,1,FR1
2024-08-02 04:11:50,3,3.73,,FR1,Poke,Left,823,186,706,,1,FR1
2024-08-02 04:11:51,3,3.73,1.0,FR1,Pellet,Left,823,186,707,0.06,1,FR1
2024-08-02 04:12:10,3,3.73,,FR1,Poke,Left,824,186,707,,1,FR1
2024-08-02 04:12:11,3,3.73,1.0,FR1,Pellet,Left,824,186,708,0.12,1,FR1
2024-08-02 04:12:32,3,3.73,,FR1,Poke,Left,825,186,708,,1,FR1
2024-08-02 04:12:33,3,3.73,1.0,FR1,Pellet,Left,825,186,709,0.31,1,FR1
2024-08-02 04:12:50,3,3.73,,FR1,Poke,Left,826,186,709,,1,FR1
2024-08-02 04:12:51,3,3.73,2.0,FR1,Pellet,Left,826,186,710,0.06,1,FR1
2024-08-02 04:22:41,3,3.73,,FR1,Poke,Left,826,187,710,,1,FR1
2024-08-02 04:26:03,3,3.74,,FR1,Poke,Left,827,187,710,,1,FR1
2024-08-02 04:26:05,3,3.73,,FR1,Poke,Left,828,187,710,,1,FR1
2024-08-02 04:26:06,3,3.73,,FR1,Poke,Left,829,187,710,,1,FR1
2024-08-02 04:26:17,3,3.73,1.0,FR1,Pellet,Left,829,187,711,12.91,1,FR1
2024-08-02 04:32:18,3,3.73,,FR1,Poke,Left,829,188,711,,1,FR1
2024-08-02 04:37:37,3,3.73,,FR1,Poke,Left,830,188,711,,1,FR1
2024-08-02 04:37:39,3,3.73,1.0,FR1,Pellet,Left,830,188,712,0.82,1,FR1
2024-08-02 04:45:38,3,3.73,,FR1,Poke,Left,830,189,712,,1,FR1
2024-08-02 05:27:39,3,3.73,,FR1,Poke,Left,831,189,712,,1,FR1
2024-08-02 05:27:40,3,3.73,2.0,FR1,Pellet,Left,831,189,713,0.19,1,FR1
2024-08-02 05:28:28,3,3.73,,FR1,Poke,Left,832,189,713,,1,FR1
2024-08-02 05:28:29,3,3.73,1.0,FR1,Pellet,Left,832,189,714,0.12,1,FR1
2024-08-02 05:28:45,3,3.73,,FR1,Poke,Left,833,189,714,,1,FR1
2024-08-02 05:28:46,3,3.73,1.0,FR1,Pellet,Left,833,189,715,0.19,1,FR1
2024-08-02 05:29:03,3,3.73,,FR1,Poke,Left,834,189,715,,1,FR1
2024-08-02 05:29:03,3,3.73,2.0,FR1,Pellet,Left,834,189,716,0.12,1,FR1
2024-08-02 05:29:24,3,3.73,,FR1,Poke,Left,835,189,716,,1,FR1
2024-08-02 05:29:25,3,3.73,2.0,FR1,Pellet,Left,835,189,717,0.25,1,FR1
2024-08-02 05:59:18,3,3.73,,FR1,Poke,Left,836,189,717,,1,FR1
2024-08-02 06:01:07,3,3.73,1.0,FR1,Pellet,Left,836,189,718,,1,FR1
2024-08-02 06:01:58,3,3.73,,FR1,Poke,Left,837,189,718,,1,FR1
2024-08-02 06:03:37,3,3.73,1.0,FR1,Pellet,Left,837,189,719,,1,FR1
2024-08-02 06:18:00,3,3.73,,FR1,Poke,Left,837,190,719,,1,FR1
2024-08-02 06:18:18,3,3.72,,FR1,Poke,Left,837,191,719,,1,FR1
2024-08-02 06:18:20,3,3.73,,FR1,Poke,Left,837,192,719,,1,FR1
2024-08-02 06:18:21,3,3.73,,FR1,Poke,Left,837,193,719,,1,FR1
2024-08-02 06:26:19,3,3.73,,FR1,Poke,Left,838,193,719,,1,FR1
2024-08-02 06:26:28,3,3.73,1.0,FR1,Pellet,Left,838,193,720,8.19,1,FR1
2024-08-02 06:43:44,3,3.73,,FR1,Poke,Left,839,193,720,,1,FR1
2024-08-02 06:43:46,3,3.73,1.0,FR1,Pellet,Left,839,193,721,2.02,1,FR1
2024-08-02 07:46:52,3,3.73,,FR1,Poke,Left,840,193,721,,1,FR1
2024-08-02 07:46:54,3,3.73,,FR1,Poke,Left,841,193,721,,1,FR1
2024-08-02 08:43:04,3,3.72,1.0,FR1,Pellet,Left,841,193,722,,1,FR1
2024-08-02 08:43:24,3,3.72,,FR1,Poke,Left,842,193,722,,1,FR1
2024-08-02 08:43:25,3,3.72,1.0,FR1,Pellet,Left,842,193,723,0.37,1,FR1
2024-08-02 08:43:43,3,3.72,,FR1,Poke,Left,843,193,723,,1,FR1
2024-08-02 08:43:44,3,3.72,2.0,FR1,Pellet,Left,843,193,724,0.06,1,FR1
2024-08-02 08:44:07,3,3.73,,FR1,Poke,Left,844,193,724,,1,FR1
2024-08-02 08:44:08,3,3.73,2.0,FR1,Pellet,Left,844,193,725,0.06,1,FR1
2024-08-02 10:43:31,3,3.72,,FR1,Poke,Left,845,193,725,,1,FR1
2024-08-02 10:43:32,3,3.72,1.0,FR1,Pellet,Left,845,193,726,0.69,1,FR1
2024-08-02 10:51:24,3,3.71,,FR1,Poke,Left,845,194,726,,1,FR1
2024-08-02 10:55:47,3,3.72,,FR1,Poke,Left,846,194,726,,1,FR1
2024-08-02 10:55:49,3,3.71,1.0,FR1,Pellet,Left,846,194,727,1.26,1,FR1
2024-08-02 10:59:02,3,3.72,,FR1,Poke,Left,847,194,727,,1,FR1
2024-08-02 10:59:04,3,3.72,2.0,FR1,Pellet,Left,847,194,728,0.69,1,FR1
2024-08-02 11:33:10,3,3.71,,FR1,Poke,Left,848,194,728,,1,FR1
2024-08-02 11:33:27,3,3.72,2.0,FR1,Pellet,Left,848,194,729,14.11,1,FR1
2024-08-02 14:07:56,3,3.71,,FR1,Poke,Left,849,194,729,,1,FR1
2024-08-02 14:07:57,3,3.71,2.0,FR1,Pellet,Left,849,194,730,0.18,1,FR1
2024-08-02 14:08:19,3,3.7,,FR1,Poke,Left,850,194,730,,1,FR1
2024-08-02 14:08:20,3,3.71,1.0,FR1,Pellet,Left,850,194,731,0.25,1,FR1
2024-08-02 14:08:43,3,3.71,,FR1,Poke,Left,851,194,731,,1,FR1
2024-08-02 14:08:44,3,3.71,2.0,FR1,Pellet,Left,851,194,732,0.06,1,FR1
2024-08-02 14:09:05,3,3.69,,FR1,Poke,Left,852,194,732,,1,FR1
2024-08-02 14:09:06,3,3.71,1.0,FR1,Pellet,Left,852,194,733,0.37,1,FR1
2024-08-02 14:09:27,3,3.71,,FR1,Poke,Left,853,194,733,,1,FR1
2024-08-02 14:09:28,3,3.71,1.0,FR1,Pellet,Left,853,194,734,0.19,1,FR1
2024-08-02 15:21:06,3,3.71,,FR1,Poke,Left,854,194,734,,1,FR1
2024-08-02 15:21:07,3,3.71,1.0,FR1,Pellet,Left,854,194,735,0.25,1,FR1
2024-08-02 15:29:36,3,3.71,,FR1,Poke,Left,855,194,735,,1,FR1
2024-08-02 15:29:37,3,3.71,2.0,FR1,Pellet,Left,855,194,736,0.12,1,FR1
2024-08-02 15:30:01,3,3.7,,FR1,Poke,Left,856,194,736,,1,FR1
2024-08-02 15:30:15,3,3.71,2.0,FR1,Pellet,Left,856,194,737,12.01,1,FR1
2024-08-02 15:30:29,3,3.71,,FR1,Poke,Left,857,194,737,,1,FR1
2024-08-02 15:30:30,3,3.71,2.0,FR1,Pellet,Left,857,194,738,0.25,1,FR1
2024-08-02 15:30:55,3,3.7,,FR1,Poke,Left,858,194,738,,1,FR1
2024-08-02 15:30:58,3,3.71,3.0,FR1,Pellet,Left,858,194,739,0.31,1,FR1
2024-08-02 15:34:55,3,3.71,,FR1,Poke,Left,859,194,739,,1,FR1
2024-08-02 15:34:58,3,3.71,1.0,FR1,Pellet,Left,859,194,740,2.6,1,FR1
