Timestamp,Temperature,ElapsedSecs,BatteryVoltage,DeviceNumber,LeftCount,LeftDur,RightCount,RightDur,LeftFeedCount,LeftFeedDur,FeedParadigm
12/4/2024 15:51:08,21.25,71.21,4.11,5,0,0,0,0,0,0,Free
12/4/2024 15:52:27,21.50,75.56,4.11,5,0,0,0,0,1,0,Free
12/4/2024 15:52:33,21.50,76.19,4.11,5,0,0,0,0,2,0,Free
12/4/2024 15:55:48,21.50,85.92,4.11,5,0,0,0,0,3,0,Free
12/4/2024 15:56:04,21.50,87.11,4.11,5,0,0,0,0,4,0,Free
12/4/2024 15:58:31,21.50,94.56,4.11,5,0,0,0,0,5,0,Free
12/4/2024 15:58:53,21.50,96.28,4.11,5,1,239,0,0,5,0,Free
12/4/2024 15:58:54,21.50,97.14,4.11,5,2,231,0,0,5,0,Free
12/4/2024 15:58:56,21.50,97.78,4.11,5,2,0,0,0,6,14,Free
12/4/2024 15:59:51,21.50,101.49,4.11,5,2,0,0,0,7,523,Free
12/4/2024 15:59:57,21.50,102.12,4.11,5,2,0,0,0,8,0,Free
12/4/2024 16:03:03,21.50,111.30,4.11,5,2,0,0,0,9,22,Free
12/4/2024 16:03:14,21.50,112.45,4.11,5,2,0,1,240,9,0,Free
12/4/2024 16:04:09,21.50,115.64,4.11,5,2,0,1,0,10,0,Free
12/4/2024 16:04:10,21.50,116.26,4.11,5,2,0,1,0,11,0,Free
12/4/2024 16:08:39,21.75,140.83,4.11,5,2,0,1,0,11,0,Free
12/4/2024 16:11:13,21.75,148.57,4.11,5,2,0,1,0,12,0,Free
12/4/2024 16:14:27,21.75,158.30,4.11,5,2,0,1,0,13,0,Free
12/4/2024 16:16:26,22.00,164.33,4.11,5,2,0,1,0,14,0,Free
12/4/2024 16:16:33,22.00,165.42,4.11,5,3,181,1,0,14,0,Free
12/4/2024 16:20:55,22.00,178.88,4.10,5,3,0,1,0,15,598,Free
12/4/2024 16:25:53,22.00,193.64,4.11,5,3,0,2,197,15,0,Free
12/4/2024 16:26:34,22.00,207.40,4.11,5,3,0,2,0,15,0,Free
12/4/2024 16:31:57,22.00,223.70,4.11,5,3,0,2,0,16,599,Free
12/4/2024 16:31:58,22.00,224.49,4.11,5,3,0,2,0,17,164,Free
12/4/2024 16:40:07,22.00,248.16,4.11,5,3,0,2,0,18,0,Free
12/4/2024 16:40:15,22.00,249.09,4.11,5,4,22,2,0,18,0,Free
12/4/2024 16:42:03,22.25,254.56,4.11,5,4,0,2,0,19,0,Free
12/4/2024 16:42:57,22.25,257.46,4.11,5,4,0,2,0,20,0,Free
12/4/2024 16:44:32,22.25,273.77,4.11,5,4,0,2,0,20,0,Free
12/4/2024 16:51:04,22.25,292.89,4.11,5,4,0,2,0,21,0,Free
12/4/2024 16:55:41,22.25,306.60,4.10,5,4,0,2,0,22,0,Free
12/4/2024 16:59:33,22.25,318.04,4.10,5,4,0,2,0,23,0,Free
12/4/2024 16:59:57,22.25,319.86,4.11,5,4,0,2,0,24,339,Free
12/4/2024 17:02:32,22.25,339.02,4.11,5,4,0,2,0,24,0,Free
12/4/2024 17:08:49,22.25,357.35,4.11,5,4,0,2,0,25,64,Free
12/4/2024 17:08:57,22.25,358.26,4.11,5,4,0,2,0,26,0,Free
12/4/2024 17:16:08,22.25,379.08,4.10,5,4,0,2,0,27,0,Free
12/4/2024 17:20:38,22.25,403.65,4.11,5,4,0,2,0,27,0,Free
12/4/2024 17:28:10,22.25,425.61,4.11,5,4,0,2,0,28,0,Free
12/4/2024 17:28:15,22.25,426.23,4.11,5,4,0,2,0,29,0,Free
12/4/2024 17:28:26,22.25,427.55,4.11,5,4,0,2,0,30,407,Free
12/4/2024 17:33:29,22.25,442.53,4.11,5,5,131,2,0,30,0,Free
12/4/2024 17:33:34,22.25,443.20,4.11,5,5,0,2,0,31,41,Free
12/4/2024 17:38:40,22.25,469.47,4.10,5,5,0,2,0,31,0,Free
12/4/2024 17:56:52,22.25,533.00,4.10,5,5,0,2,0,31,0,Free
12/4/2024 18:15:04,22.25,596.55,4.11,5,5,0,2,0,31,0,Free
12/4/2024 18:22:36,22.25,618.53,4.11,5,5,0,2,0,32,0,Free
12/4/2024 18:33:12,22.25,660.50,4.09,5,5,0,2,0,32,0,Free
12/4/2024 18:38:36,22.25,676.23,4.11,5,5,0,2,0,33,0,Free
12/4/2024 18:51:24,22.25,724.47,4.11,5,5,0,2,0,33,0,Free
12/4/2024 19:00:12,22.25,749.92,4.10,5,5,0,2,0,34,14,Free
12/4/2024 19:09:36,22.25,788.47,4.10,5,5,0,2,0,34,0,Free
12/4/2024 19:27:48,22.25,852.06,4.10,5,5,0,2,0,34,0,Free
12/4/2024 19:46:00,22.25,915.68,4.10,5,5,0,2,0,34,0,Free
12/4/2024 20:04:12,22.25,979.33,4.10,5,5,0,2,0,34,0,Free
12/4/2024 20:22:24,22.25,1043.01,4.10,5,5,0,2,0,34,0,Free
12/4/2024 20:26:07,22.50,1054.20,4.10,5,5,0,2,0,35,0,Free
12/4/2024 20:40:31,22.25,1107.06,4.10,5,5,0,2,0,35,0,Free
12/4/2024 20:57:07,22.25,1154.78,4.11,5,5,0,2,0,36,0,Free
12/4/2024 20:58:42,22.25,1171.11,4.09,5,5,0,2,0,36,0,Free
12/4/2024 21:16:54,22.25,1234.78,4.10,5,5,0,2,0,36,0,Free
12/4/2024 21:35:06,22.25,1298.48,4.09,5,5,0,2,0,36,0,Free
12/4/2024 21:53:18,22.25,1362.18,4.10,5,5,0,2,0,36,0,Free
12/4/2024 22:11:30,22.25,1425.88,4.09,5,5,0,2,0,36,0,Free
12/4/2024 22:29:42,22.25,1489.59,4.09,5,5,0,2,0,36,0,Free
12/4/2024 22:47:54,22.00,1553.30,4.09,5,5,0,2,0,36,0,Free
12/4/2024 23:06:06,22.00,1617.00,4.09,5,5,0,2,0,36,0,Free
12/4/2024 23:07:48,22.00,1622.20,4.09,5,5,0,2,0,37,0,Free
12/4/2024 23:23:42,22.00,1667.92,4.09,5,5,0,2,0,38,0,Free
12/4/2024 23:23:43,22.00,1668.55,4.09,5,5,0,2,0,39,0,Free
12/4/2024 23:24:13,22.00,1681.73,4.09,5,5,0,2,0,39,0,Free
12/4/2024 23:42:25,22.00,1745.44,4.09,5,5,0,2,0,39,0,Free
12/4/2024 23:48:07,22.00,1762.05,4.09,5,5,0,2,0,40,0,Free
12/4/2024 23:48:13,22.00,1766.18,4.09,5,5,0,2,0,41,3501,Free
12/4/2024 23:48:14,22.00,1767.12,4.09,5,5,0,2,0,42,305,Free
12/4/2024 23:48:14,22.00,1767.74,4.09,5,5,0,2,0,43,0,Free
12/4/2024 23:48:15,22.00,1768.37,4.09,5,5,0,2,0,44,0,Free
12/4/2024 23:48:18,22.00,1769.00,4.09,5,5,0,2,0,45,0,Free
12/4/2024 23:48:19,22.00,1769.63,4.09,5,5,0,2,0,46,0,Free
12/4/2024 23:48:20,22.00,1770.26,4.09,5,5,0,2,0,47,0,Free
12/4/2024 23:48:22,22.00,1770.88,4.09,5,5,0,2,0,48,0,Free
12/4/2024 23:48:26,22.00,1771.86,4.09,5,5,0,2,0,49,348,Free
12/4/2024 23:48:30,22.00,1772.66,4.09,5,5,0,2,0,50,171,Free
12/4/2024 23:48:32,22.00,1773.80,4.09,5,5,0,2,0,51,514,Free
12/4/2024 23:48:35,22.00,1774.43,4.09,5,5,0,2,0,52,0,Free
12/4/2024 23:48:37,22.00,1776.04,4.09,5,5,0,2,0,53,982,Free
12/4/2024 23:48:42,22.00,1777.20,4.09,5,5,0,2,0,54,539,Free
12/4/2024 23:48:43,22.00,1777.83,4.09,5,5,0,2,0,55,0,Free
12/4/2024 23:50:56,22.00,1786.33,4.09,5,5,0,2,0,56,1882,Free
12/4/2024 23:51:17,22.00,1787.94,4.09,5,5,0,2,0,57,122,Free
12/4/2024 23:51:27,22.00,1788.85,4.09,5,5,0,2,0,58,0,Free
12/4/2024 23:51:28,22.00,1789.48,4.09,5,5,0,2,0,59,0,Free
12/4/2024 23:51:29,22.00,1790.26,4.09,5,5,0,2,0,60,156,Free
12/4/2024 23:51:37,22.00,1791.18,4.09,5,5,0,2,0,61,0,Free
12/4/2024 23:51:38,22.00,1791.80,4.09,5,5,0,2,0,62,0,Free
12/4/2024 23:51:39,22.00,1792.43,4.09,5,5,0,2,0,63,0,Free
12/4/2024 23:51:41,22.00,1793.06,4.09,5,5,0,2,0,64,0,Free
12/4/2024 23:51:59,22.00,1794.64,4.09,5,5,0,2,0,65,390,Free
12/4/2024 23:52:04,22.00,1795.27,4.09,5,5,0,2,0,66,0,Free
12/4/2024 23:52:55,22.00,1798.18,4.09,5,5,0,2,0,67,0,Free
12/4/2024 23:52:57,22.00,1798.82,4.09,5,5,0,2,0,68,0,Free
12/4/2024 23:52:58,22.00,1799.50,4.09,5,5,0,2,0,69,55,Free
12/4/2024 23:53:33,22.00,1803.41,4.09,5,5,0,2,0,70,1857,Free
12/4/2024 23:53:50,22.00,1804.61,4.09,5,5,0,2,0,71,0,Free
12/4/2024 23:54:03,22.00,1805.81,4.09,5,5,0,2,0,72,0,Free
12/4/2024 23:54:10,22.00,1807.04,4.09,5,5,0,2,0,73,314,Free
12/4/2024 23:54:12,22.00,1807.96,4.09,5,5,0,2,0,74,298,Free
12/4/2024 23:54:20,22.00,1810.29,4.09,5,5,0,2,0,75,1705,Free
12/4/2024 23:54:23,22.00,1810.93,4.09,5,5,0,2,0,76,14,Free
12/4/2024 23:54:25,22.00,1812.41,4.09,5,5,0,2,0,77,848,Free
12/4/2024 23:55:32,22.00,1816.18,4.09,5,5,0,2,0,78,0,Free
12/4/2024 23:58:32,22.00,1836.50,4.09,5,5,0,2,0,78,0,Free
12/5/2024 0:05:37,22.00,1858.10,4.09,5,5,0,2,0,79,990,Free
12/5/2024 0:07:24,22.00,1863.58,4.09,5,5,0,2,0,80,0,Free
12/5/2024 0:10:34,21.75,1873.41,4.09,5,5,0,2,0,81,356,Free
12/5/2024 0:11:59,21.75,1878.07,4.09,5,5,0,3,38,81,0,Free
12/5/2024 0:12:37,21.75,1880.50,4.09,5,5,0,4,88,81,0,Free
12/5/2024 0:16:30,21.75,1903.39,4.09,5,5,0,4,0,81,0,Free
12/5/2024 0:21:29,22.00,1918.00,4.09,5,5,0,4,0,82,0,Free
12/5/2024 0:23:00,21.75,1923.21,4.09,5,5,0,4,0,83,297,Free
12/5/2024 0:23:24,21.75,1924.69,4.09,5,5,0,4,0,84,0,Free
12/5/2024 0:23:26,21.75,1926.40,4.09,5,5,0,4,0,85,1083,Free
12/5/2024 0:23:36,21.75,1927.81,4.09,5,5,0,4,0,86,490,Free
12/5/2024 0:23:51,21.75,1929.34,4.09,5,5,0,4,0,87,331,Free
12/5/2024 0:23:55,21.75,1930.03,4.09,5,5,0,4,0,88,64,Free
12/5/2024 0:23:57,21.75,1931.17,4.09,5,5,0,4,0,89,514,Free
12/5/2024 0:23:58,21.75,1931.80,4.09,5,5,0,4,0,90,0,Free
12/5/2024 0:24:00,21.75,1932.43,4.09,5,5,0,4,0,91,0,Free
12/5/2024 0:24:01,21.75,1933.34,4.09,5,5,0,4,0,92,281,Free
12/5/2024 0:24:12,21.75,1934.25,4.09,5,5,0,4,0,93,0,Free
12/5/2024 0:24:15,21.75,1934.96,4.09,5,5,0,4,0,94,80,Free
12/5/2024 0:24:17,21.75,1936.24,4.09,5,5,0,4,0,95,649,Free
12/5/2024 0:24:20,21.75,1937.40,4.09,5,5,0,4,0,96,532,Free
12/5/2024 0:24:24,21.75,1938.21,4.09,5,5,0,4,0,97,189,Free
12/5/2024 0:24:27,21.75,1940.89,4.09,5,5,0,4,0,98,2052,Free
12/5/2024 0:24:39,21.75,1943.27,4.09,5,5,0,4,0,99,1467,Free
12/5/2024 0:24:42,21.75,1944.84,4.09,5,5,0,4,0,100,941,Free
12/5/2024 0:24:43,21.75,1945.47,4.09,5,5,0,4,0,101,0,Free
12/5/2024 0:24:44,21.75,1946.10,4.09,5,5,0,4,0,102,0,Free
12/5/2024 0:24:49,21.75,1947.52,4.09,5,5,0,4,0,103,799,Free
12/5/2024 0:24:51,21.75,1948.86,4.08,5,5,0,4,0,104,707,Free
12/5/2024 0:24:56,21.75,1949.71,4.09,5,5,0,4,0,105,223,Free
12/5/2024 0:24:59,21.75,1950.74,4.09,5,5,0,4,0,106,406,Free
12/5/2024 0:24:59,21.75,1951.37,4.09,5,5,0,4,0,107,0,Free
12/5/2024 0:25:01,21.75,1951.99,4.09,5,5,0,4,0,108,0,Free
12/5/2024 0:25:04,21.75,1952.69,4.09,5,5,0,4,0,109,73,Free
12/5/2024 0:25:30,21.75,1954.53,4.09,5,5,0,4,0,110,72,Free
12/5/2024 0:25:32,21.75,1955.44,4.09,5,5,0,4,0,111,280,Free
12/5/2024 0:25:56,21.75,1956.92,4.09,5,5,0,4,0,112,0,Free
12/5/2024 0:26:04,21.75,1957.94,4.09,5,5,0,4,0,113,105,Free
12/5/2024 0:33:04,21.75,1989.68,4.09,5,5,0,4,0,113,0,Free
12/5/2024 0:36:15,22.00,2000.16,4.09,5,5,0,4,0,114,1007,Free
12/5/2024 0:42:53,21.75,2019.90,4.09,5,5,0,4,0,115,273,Free
12/5/2024 0:42:59,21.75,2020.95,4.09,5,5,0,4,0,116,423,Free
12/5/2024 0:43:01,21.75,2022.40,4.09,5,5,0,4,0,117,816,Free
12/5/2024 0:43:13,21.75,2023.72,4.09,5,5,0,4,0,118,398,Free
12/5/2024 0:43:14,21.75,2024.36,4.09,5,5,0,4,0,119,14,Free
12/5/2024 0:43:16,21.75,2025.24,4.09,5,5,0,4,0,120,256,Free
12/5/2024 0:43:18,21.75,2025.87,4.09,5,5,0,4,0,121,0,Free
12/5/2024 0:43:21,21.75,2027.94,4.09,5,5,0,4,0,122,1443,Free
12/5/2024 0:43:24,21.75,2030.99,4.09,5,5,0,4,0,123,2428,Free
12/5/2024 0:43:29,21.75,2033.45,4.09,5,5,0,4,0,124,1826,Free
12/5/2024 0:43:31,21.75,2034.44,4.09,5,5,0,4,0,125,365,Free
12/5/2024 0:43:31,21.75,2035.07,4.09,5,5,0,4,0,126,0,Free
12/5/2024 0:43:33,21.75,2036.35,4.09,5,5,0,4,0,127,657,Free
12/5/2024 0:43:45,21.75,2039.28,4.09,5,5,0,4,0,128,2018,Free
12/5/2024 0:43:52,21.75,2040.26,4.09,5,5,0,4,0,129,348,Free
12/5/2024 0:43:54,21.75,2042.31,4.09,5,5,0,4,0,130,1426,Free
12/5/2024 0:44:28,21.75,2044.75,4.09,5,5,0,4,0,131,390,Free
12/5/2024 0:44:29,21.75,2045.41,4.09,5,5,0,4,0,132,22,Free
12/5/2024 0:44:33,21.75,2047.42,4.09,5,5,0,4,0,133,1383,Free
12/5/2024 0:44:34,21.75,2048.09,4.09,5,5,0,4,0,134,47,Free
12/5/2024 0:44:36,21.75,2049.12,4.08,5,5,0,4,0,135,405,Free
12/5/2024 0:44:37,21.75,2050.41,4.09,5,5,0,4,0,136,665,Free
12/5/2024 0:44:41,21.75,2051.94,4.08,5,5,0,4,0,137,899,Free
12/5/2024 0:44:45,21.75,2052.57,4.09,5,5,0,4,0,138,0,Free
12/5/2024 0:44:50,21.75,2053.20,4.09,5,5,0,4,0,139,0,Free
12/5/2024 0:44:53,21.75,2053.98,4.09,5,5,0,4,0,140,156,Free
12/5/2024 0:44:54,21.75,2054.61,4.09,5,5,0,4,0,141,0,Free
12/5/2024 0:44:56,21.75,2056.30,4.09,5,5,0,4,0,142,1066,Free
12/5/2024 0:44:59,21.75,2057.95,4.09,5,5,0,4,0,143,1024,Free
12/5/2024 0:45:04,21.75,2058.58,4.09,5,5,0,4,0,144,0,Free
12/5/2024 0:45:05,21.75,2059.22,4.09,5,5,0,4,0,145,0,Free
12/5/2024 0:45:07,21.75,2060.51,4.09,5,5,0,4,0,146,665,Free
12/5/2024 0:45:17,21.75,2061.88,4.09,5,5,0,4,0,147,456,Free
12/5/2024 0:45:18,21.75,2062.56,4.09,5,5,0,4,0,148,55,Free
12/5/2024 0:45:19,21.75,2063.19,4.09,5,5,0,4,0,149,0,Free
12/5/2024 0:45:25,21.75,2063.82,4.09,5,5,0,4,0,150,0,Free
12/5/2024 0:45:26,21.75,2064.45,4.08,5,5,0,4,0,151,0,Free
12/5/2024 0:45:28,21.75,2065.40,4.09,5,5,0,4,0,152,331,Free
12/5/2024 0:45:30,21.75,2067.22,4.09,5,5,0,4,0,153,1191,Free
12/5/2024 0:45:33,21.75,2067.85,4.09,5,5,0,4,0,154,0,Free
12/5/2024 0:49:08,21.75,2089.89,4.09,5,5,0,4,0,154,0,Free
12/5/2024 1:07:20,21.75,2153.59,4.09,5,5,0,4,0,154,0,Free
12/5/2024 1:17:50,21.75,2184.25,4.09,5,5,0,4,0,155,347,Free
12/5/2024 1:25:32,21.75,2217.99,4.09,5,5,0,4,0,155,0,Free
12/5/2024 1:28:00,21.75,2225.60,4.09,5,5,0,4,0,156,139,Free
12/5/2024 1:28:03,21.75,2226.89,4.08,5,5,0,4,0,157,657,Free
12/5/2024 1:28:29,21.75,2230.22,4.09,5,5,0,4,0,158,1843,Free
12/5/2024 1:28:35,21.75,2231.77,4.09,5,5,0,4,0,159,924,Free
12/5/2024 1:28:37,21.75,2232.87,4.09,5,5,0,4,0,160,474,Free
12/5/2024 1:28:46,21.75,2233.96,4.09,5,5,0,4,0,161,180,Free
12/5/2024 1:28:48,21.75,2235.08,4.09,5,5,0,4,0,162,491,Free
12/5/2024 1:28:52,21.75,2237.76,4.09,5,5,0,4,0,163,2051,Free
12/5/2024 1:28:58,21.75,2238.39,4.09,5,5,0,4,0,164,0,Free
12/5/2024 1:29:03,21.75,2240.25,4.09,5,5,0,4,0,165,1233,Free
12/5/2024 1:29:35,21.75,2242.39,4.09,5,5,0,4,0,166,89,Free
12/5/2024 1:29:42,21.75,2245.04,4.09,5,5,0,4,0,167,2026,Free
12/5/2024 1:29:49,21.75,2246.76,4.09,5,5,0,4,0,168,1098,Free
12/5/2024 1:29:53,21.75,2247.40,4.08,5,5,0,4,0,169,0,Free
12/5/2024 1:30:00,21.75,2248.98,4.08,5,5,0,4,0,170,957,Free
12/5/2024 1:30:06,21.75,2250.78,4.09,5,5,0,4,0,171,1166,Free
12/5/2024 1:30:10,21.75,2253.82,4.09,5,5,0,4,0,172,2411,Free
12/5/2024 1:30:12,21.75,2255.03,4.09,5,5,0,4,0,173,582,Free
12/5/2024 1:30:17,21.75,2255.65,4.08,5,5,0,4,0,174,0,Free
12/5/2024 1:30:21,21.75,2259.35,4.08,5,5,0,4,0,175,3070,Free
12/5/2024 1:30:25,21.75,2259.98,4.08,5,5,0,4,0,176,0,Free
12/5/2024 1:30:31,21.75,2262.21,4.09,5,5,0,4,0,177,1600,Free
12/5/2024 1:30:33,21.75,2263.14,4.08,5,5,0,4,0,178,306,Free
12/5/2024 1:30:38,21.75,2263.77,4.09,5,5,0,4,0,179,0,Free
12/5/2024 1:30:44,21.75,2264.82,4.08,5,5,0,4,0,180,424,Free
12/5/2024 1:30:47,21.75,2267.09,4.09,5,5,0,4,0,181,1642,Free
12/5/2024 1:30:49,21.75,2267.78,4.09,5,5,0,4,0,182,64,Free
12/5/2024 1:30:51,21.75,2269.34,4.09,5,5,0,4,0,183,933,Free
12/5/2024 1:30:54,21.75,2270.71,4.09,5,5,0,4,0,184,740,Free
12/5/2024 1:30:55,21.75,2271.33,4.09,5,5,0,4,0,185,0,Free
12/5/2024 1:31:09,21.75,2272.53,4.08,5,5,0,4,0,186,0,Free
12/5/2024 1:31:10,21.75,2273.16,4.08,5,5,0,4,0,187,0,Free
12/5/2024 1:31:11,21.75,2274.39,4.09,5,5,0,4,0,188,598,Free
12/5/2024 1:42:35,21.75,2318.69,4.09,5,5,0,4,0,188,0,Free
12/5/2024 1:50:38,21.75,2342.15,4.09,5,5,0,4,0,189,0,Free
12/5/2024 2:00:43,21.75,2382.73,4.08,5,5,0,4,0,189,0,Free
12/5/2024 2:18:55,21.75,2446.44,4.09,5,5,0,4,0,189,0,Free
12/5/2024 2:37:07,21.75,2510.15,4.09,5,5,0,4,0,189,0,Free
12/5/2024 2:55:19,21.75,2573.85,4.09,5,5,0,4,0,189,0,Free
12/5/2024 3:13:31,21.75,2637.56,4.08,5,5,0,4,0,189,0,Free
12/5/2024 3:31:43,21.50,2701.27,4.08,5,5,0,4,0,189,0,Free
12/5/2024 3:49:55,21.50,2764.98,4.08,5,5,0,4,0,189,0,Free
12/5/2024 3:57:23,21.50,2786.81,4.08,5,5,0,4,0,190,80,Free
12/5/2024 3:57:31,21.50,2787.72,4.07,5,5,0,4,0,191,0,Free
12/5/2024 3:57:33,21.50,2788.97,4.08,5,5,0,4,0,192,624,Free
12/5/2024 3:57:39,21.50,2791.80,4.08,5,5,0,4,0,193,2202,Free
12/5/2024 3:57:45,21.50,2793.10,4.08,5,5,0,4,0,194,673,Free
12/5/2024 3:57:49,21.50,2793.73,4.07,5,5,0,4,0,195,0,Free
12/5/2024 3:58:02,21.50,2794.93,4.07,5,5,0,4,0,196,0,Free
12/5/2024 3:58:03,21.50,2795.55,4.08,5,5,0,4,0,197,0,Free
12/5/2024 4:00:55,21.50,2806.69,4.08,5,5,0,4,0,198,2519,Free
12/5/2024 4:01:01,21.50,2807.50,4.07,5,5,0,4,0,199,181,Free
12/5/2024 4:01:05,21.50,2810.66,4.07,5,5,0,4,0,200,2527,Free
12/5/2024 4:01:08,21.50,2811.28,4.08,5,5,0,4,0,201,0,Free
12/5/2024 4:01:13,21.50,2813.89,4.08,5,5,0,4,0,202,1975,Free
12/5/2024 4:02:33,21.50,2818.51,4.08,5,5,0,4,0,203,281,Free
12/5/2024 4:02:36,21.50,2819.13,4.08,5,5,0,4,0,204,0,Free
12/5/2024 4:02:38,21.50,2819.87,4.08,5,5,0,4,0,205,105,Free
12/5/2024 4:02:39,21.50,2821.29,4.08,5,5,0,4,0,206,791,Free
12/5/2024 4:02:51,21.50,2822.55,4.08,5,5,0,4,0,207,348,Free
12/5/2024 4:02:54,21.50,2823.49,4.07,5,5,0,4,0,208,314,Free
12/5/2024 4:02:57,21.50,2824.12,4.08,5,5,0,4,0,209,0,Free
12/5/2024 4:03:13,21.50,2825.32,4.07,5,5,0,4,0,210,0,Free
12/5/2024 4:03:14,21.50,2826.57,4.07,5,5,0,4,0,211,632,Free
12/5/2024 4:03:18,21.50,2827.20,4.07,5,5,0,4,0,212,0,Free
12/5/2024 4:03:24,21.50,2829.93,4.08,5,5,0,4,0,213,2100,Free
12/5/2024 4:03:27,21.50,2830.56,4.08,5,5,0,4,0,214,0,Free
12/5/2024 4:03:36,21.50,2835.08,4.07,5,5,0,4,0,215,3888,Free
12/5/2024 4:03:41,21.50,2836.10,4.08,5,5,0,4,0,216,390,Free
12/5/2024 4:03:43,21.50,2837.41,4.08,5,5,0,4,0,217,681,Free
12/5/2024 4:03:44,21.50,2838.08,4.07,5,5,0,4,0,218,48,Free
12/5/2024 4:03:54,21.50,2839.38,4.08,5,5,0,4,0,219,389,Free
12/5/2024 4:03:57,21.50,2840.91,4.07,5,5,0,4,0,220,899,Free
12/5/2024 4:04:06,21.50,2841.83,4.08,5,5,0,4,0,221,5,Free
12/5/2024 4:04:13,21.50,2845.60,4.08,5,5,0,4,0,222,3145,Free
12/5/2024 4:04:19,21.75,2847.17,4.07,5,5,0,4,0,223,941,Free
12/5/2024 4:04:25,21.75,2850.11,4.07,5,5,0,4,0,224,2310,Free
12/5/2024 4:04:33,21.75,2851.02,4.07,5,5,0,4,0,225,0,Free
12/5/2024 4:04:35,21.75,2852.25,4.08,5,5,0,4,0,226,598,Free
12/5/2024 4:04:45,21.75,2853.49,4.07,5,5,0,4,0,227,331,Free
12/5/2024 4:04:49,21.75,2855.82,4.08,5,5,0,4,0,228,1701,Free
12/5/2024 4:04:56,21.75,2857.03,4.07,5,5,0,4,0,229,590,Free
12/5/2024 4:06:37,21.75,2873.65,4.07,5,5,0,4,0,229,0,Free
12/5/2024 4:08:58,21.75,2880.93,4.08,5,5,0,4,0,230,97,Free
12/5/2024 4:13:46,21.75,2895.86,4.07,5,5,0,4,0,231,880,Free
12/5/2024 4:13:49,21.75,2897.07,4.08,5,5,0,4,0,232,581,Free
12/5/2024 4:13:51,21.75,2898.25,4.07,5,5,0,4,0,233,556,Free
12/5/2024 4:13:58,21.75,2900.79,4.07,5,5,0,4,0,234,1912,Free
12/5/2024 4:14:08,21.75,2901.70,4.07,5,5,0,4,0,235,0,Free
12/5/2024 4:14:10,21.75,2902.34,4.07,5,5,0,4,0,236,13,Free
12/5/2024 4:14:12,21.75,2903.28,4.07,5,5,0,4,0,237,314,Free
12/5/2024 4:14:14,21.75,2904.02,4.07,5,5,0,4,0,238,114,Free
12/5/2024 4:14:16,21.75,2905.95,4.08,5,5,0,4,0,239,1299,Free
12/5/2024 4:14:21,21.75,2906.58,4.08,5,5,0,4,0,240,0,Free
12/5/2024 4:14:22,21.75,2907.21,4.08,5,5,0,4,0,241,0,Free
12/5/2024 4:14:32,21.75,2909.28,4.07,5,5,0,4,0,242,1148,Free
12/5/2024 4:14:43,21.75,2911.24,4.07,5,5,0,4,0,243,1055,Free
12/5/2024 4:14:52,21.75,2912.30,4.08,5,5,0,4,0,244,138,Free
12/5/2024 4:14:54,21.75,2913.04,4.07,5,5,0,4,0,245,122,Free
12/5/2024 4:14:58,21.75,2914.11,4.07,5,5,0,4,0,246,440,Free
12/5/2024 4:15:07,21.75,2915.46,4.08,5,5,0,4,0,247,431,Free
12/5/2024 4:15:11,21.75,2916.65,4.07,5,5,0,4,0,248,564,Free
12/5/2024 4:15:34,21.75,2918.60,4.07,5,5,0,4,0,249,464,Free
12/5/2024 4:15:41,21.75,2919.59,4.08,5,5,0,4,0,250,80,Free
12/5/2024 4:15:53,21.75,2921.17,4.08,5,5,0,4,0,251,671,Free
12/5/2024 4:23:53,21.50,2955.77,4.07,5,5,0,4,0,251,0,Free
12/5/2024 4:42:05,21.50,3019.48,4.07,5,5,0,4,0,251,0,Free
12/5/2024 5:00:17,21.50,3083.18,4.07,5,5,0,4,0,251,0,Free
12/5/2024 5:18:29,21.50,3146.89,4.06,5,5,0,4,0,251,0,Free
12/5/2024 5:18:34,21.50,3150.26,4.07,5,5,0,4,0,252,2736,Free
12/5/2024 5:18:38,21.50,3153.39,4.07,5,5,0,4,0,253,2509,Free
12/5/2024 5:18:41,21.50,3154.02,4.07,5,5,0,4,0,254,0,Free
12/5/2024 5:18:42,21.50,3154.86,4.07,5,5,0,4,0,255,214,Free
12/5/2024 5:18:47,21.50,3155.49,4.07,5,5,0,4,0,256,0,Free
12/5/2024 5:18:51,21.50,3159.50,4.07,5,5,0,4,0,257,3386,Free
12/5/2024 5:20:36,21.75,3165.05,4.07,5,5,0,4,0,258,72,Free
12/5/2024 5:21:21,21.75,3168.13,4.07,5,5,0,4,0,259,456,Free
12/5/2024 5:21:22,21.75,3169.20,4.07,5,5,0,4,0,260,440,Free
12/5/2024 5:21:24,21.75,3169.92,4.07,5,5,0,4,0,261,89,Free
12/5/2024 5:21:29,21.75,3170.99,4.07,5,5,0,4,0,262,440,Free
12/5/2024 5:21:40,21.75,3172.20,4.07,5,5,0,4,0,263,297,Free
12/5/2024 5:21:43,21.75,3173.79,4.07,5,5,0,4,0,264,957,Free
12/5/2024 5:21:53,21.75,3176.46,4.07,5,5,0,4,0,265,1757,Free
12/5/2024 5:21:56,21.75,3177.58,4.07,5,5,0,4,0,266,497,Free
12/5/2024 5:22:04,21.75,3179.12,4.07,5,5,0,4,0,267,622,Free
12/5/2024 5:22:05,21.75,3180.03,4.06,5,5,0,4,0,268,280,Free
12/5/2024 5:22:07,21.75,3181.22,4.07,5,5,0,4,0,269,564,Free
12/5/2024 5:22:09,21.75,3183.00,4.07,5,5,0,4,0,270,1149,Free
12/5/2024 5:22:13,21.75,3183.93,4.07,5,5,0,4,0,271,306,Free
12/5/2024 5:22:14,21.75,3184.76,4.07,5,5,0,4,0,272,197,Free
12/5/2024 5:22:20,21.75,3186.17,4.07,5,5,0,4,0,273,790,Free
12/5/2024 5:22:23,21.75,3189.43,4.07,5,5,0,4,0,274,2635,Free
12/5/2024 5:22:28,21.75,3190.53,4.07,5,5,0,4,0,275,473,Free
12/5/2024 5:22:32,21.75,3192.29,4.07,5,5,0,4,0,276,1133,Free
12/5/2024 5:22:36,21.75,3193.01,4.07,5,5,0,4,0,277,89,Free
12/5/2024 5:22:45,21.75,3195.22,4.07,5,5,0,4,0,278,1291,Free
12/5/2024 5:22:51,21.75,3196.47,4.07,5,5,0,4,0,279,621,Free
12/5/2024 5:22:55,21.75,3198.40,4.07,5,5,0,4,0,280,1307,Free
12/5/2024 5:22:59,21.75,3199.16,4.07,5,5,0,4,0,281,130,Free
12/5/2024 5:23:01,21.75,3199.78,4.07,5,5,0,4,0,282,0,Free
12/5/2024 5:23:02,21.75,3200.41,4.07,5,5,0,4,0,283,0,Free
12/5/2024 5:23:06,21.75,3202.21,4.07,5,5,0,4,0,284,1173,Free
12/5/2024 5:23:09,21.75,3202.89,4.07,5,5,0,4,0,285,55,Free
12/5/2024 5:23:10,21.75,3203.52,4.07,5,5,0,4,0,286,0,Free
12/5/2024 5:27:12,21.75,3216.02,4.07,5,5,0,4,0,287,456,Free
12/5/2024 5:27:20,21.75,3223.82,4.07,5,5,0,4,0,288,7163,Free
12/5/2024 5:27:36,21.75,3227.34,4.08,5,5,0,4,0,289,2318,Free
12/5/2024 5:27:42,21.75,3230.99,4.08,5,5,0,4,0,290,3021,Free
12/5/2024 5:27:45,21.75,3233.23,4.07,5,5,0,4,0,291,1618,Free
12/5/2024 5:27:49,21.75,3234.50,4.07,5,5,0,4,0,292,639,Free
12/5/2024 5:27:50,21.75,3235.30,4.07,5,5,0,4,0,293,173,Free
12/5/2024 5:27:55,21.75,3238.30,4.07,5,5,0,4,0,294,2361,Free
12/5/2024 5:27:59,21.75,3240.09,4.07,5,5,0,4,0,295,1166,Free
12/5/2024 5:28:03,21.75,3240.74,4.07,5,5,0,4,0,296,23,Free
12/5/2024 5:28:05,21.75,3242.77,4.07,5,5,0,4,0,297,1408,Free
12/5/2024 5:29:10,21.75,3246.26,4.07,5,5,0,4,0,298,0,Free
12/5/2024 5:29:11,21.75,3246.91,4.07,5,5,0,4,0,299,30,Free
12/5/2024 5:29:17,21.75,3250.96,4.07,5,5,0,4,0,300,3419,Free
12/5/2024 5:29:26,21.75,3251.87,4.07,5,5,0,4,0,301,0,Free
12/5/2024 5:29:33,21.75,3255.64,4.07,5,5,0,4,0,302,3136,Free
12/5/2024 5:29:35,21.75,3256.62,4.07,5,5,0,4,0,303,356,Free
12/5/2024 5:29:46,21.75,3259.45,4.07,5,5,0,4,0,304,1909,Free
12/5/2024 5:29:53,21.75,3260.36,4.07,5,5,0,4,0,305,0,Free
12/5/2024 5:29:54,21.75,3261.05,4.07,5,5,0,4,0,306,63,Free
12/5/2024 5:29:55,21.75,3262.02,4.07,5,5,0,4,0,307,348,Free
12/5/2024 5:29:59,21.75,3265.34,4.06,5,5,0,4,0,308,2692,Free
12/5/2024 5:30:00,21.75,3265.97,4.07,5,5,0,4,0,309,0,Free
12/5/2024 5:30:01,21.75,3267.25,4.07,5,5,0,4,0,310,647,Free
12/5/2024 5:30:15,21.75,3270.44,4.07,5,5,0,4,0,311,2283,Free
12/5/2024 5:30:17,21.75,3272.02,4.07,5,5,0,4,0,312,949,Free
12/5/2024 5:33:58,21.75,3294.34,4.08,5,5,0,4,0,312,0,Free
12/5/2024 5:44:49,21.75,3325.97,4.07,5,5,0,4,0,313,180,Free
12/5/2024 5:45:05,21.75,3332.88,4.07,5,5,0,4,0,314,5992,Free
12/5/2024 5:45:21,21.75,3335.61,4.07,5,5,0,4,0,315,1534,Free
12/5/2024 5:45:22,21.75,3336.24,4.07,5,5,0,4,0,316,0,Free
12/5/2024 5:45:34,21.75,3337.15,4.07,5,5,0,4,0,317,0,Free
12/5/2024 5:45:36,21.75,3338.22,4.07,5,5,0,4,0,318,431,Free
12/5/2024 5:45:43,21.75,3340.03,4.07,5,5,0,4,0,319,1183,Free
12/5/2024 5:45:48,21.75,3340.69,4.07,5,5,0,4,0,320,30,Free
12/5/2024 5:45:56,21.75,3342.04,4.07,5,5,0,4,0,321,440,Free
12/5/2024 5:45:58,21.75,3343.61,4.07,5,5,0,4,0,322,949,Free
12/5/2024 5:46:03,21.75,3344.85,4.07,5,5,0,4,0,323,606,Free
12/5/2024 5:46:05,21.75,3346.53,4.07,5,5,0,4,0,324,1057,Free
12/5/2024 5:46:07,21.75,3347.42,4.07,5,5,0,4,0,325,264,Free
12/5/2024 5:46:09,21.75,3348.72,4.07,5,5,0,4,0,326,665,Free
12/5/2024 5:46:18,21.75,3351.53,4.07,5,5,0,4,0,327,1901,Free
12/5/2024 5:46:29,21.75,3352.45,4.07,5,5,0,4,0,328,0,Free
12/5/2024 5:46:33,21.75,3353.07,4.07,5,5,0,4,0,329,0,Free
12/5/2024 5:46:34,21.75,3353.70,4.07,5,5,0,4,0,330,0,Free
12/5/2024 5:47:12,21.75,3356.04,4.07,5,5,0,4,0,331,0,Free
12/5/2024 5:47:15,21.75,3357.34,4.07,5,5,0,4,0,332,673,Free
12/5/2024 5:47:17,21.75,3357.97,4.07,5,5,0,4,0,333,0,Free
12/5/2024 5:47:19,21.75,3358.60,4.07,5,5,0,4,0,334,0,Free
12/5/2024 5:47:21,21.75,3359.23,4.07,5,5,0,4,0,335,0,Free
12/5/2024 5:47:23,21.75,3360.77,4.07,5,5,0,4,0,336,915,Free
12/5/2024 5:47:35,21.75,3361.70,4.07,5,5,0,4,0,337,18,Free
12/5/2024 5:47:37,21.75,3362.66,4.07,5,5,0,4,0,338,339,Free
12/5/2024 5:47:49,21.75,3364.68,4.07,5,5,0,4,0,339,1105,Free
12/5/2024 5:47:53,21.75,3367.16,4.07,5,5,0,4,0,340,1850,Free
12/5/2024 5:48:39,21.75,3370.54,4.07,5,5,0,4,0,341,756,Free
12/5/2024 5:48:42,21.75,3371.60,4.07,5,5,0,4,0,342,430,Free
12/5/2024 5:49:31,21.75,3375.92,4.07,5,5,0,4,0,343,1408,Free
12/5/2024 5:49:55,21.75,3378.43,4.07,5,5,0,4,0,344,1014,Free
12/5/2024 5:50:49,21.75,3392.76,4.07,5,5,0,4,0,344,0,Free
12/5/2024 5:59:25,21.75,3418.14,4.07,5,5,0,4,0,345,498,Free
12/5/2024 6:09:01,21.50,3457.30,4.05,5,5,0,4,0,345,0,Free
12/5/2024 6:09:23,21.50,3462.63,4.07,5,5,0,4,0,346,4131,Free
12/5/2024 6:09:37,21.50,3463.83,4.08,5,5,0,4,0,347,0,Free
12/5/2024 6:09:40,21.50,3466.36,4.07,5,5,0,4,0,348,1909,Free
12/5/2024 6:09:45,21.50,3467.03,4.07,5,5,0,4,0,349,38,Free
12/5/2024 6:09:48,21.50,3468.89,4.07,5,5,0,4,0,350,1233,Free
12/5/2024 6:09:57,21.50,3469.91,4.07,5,5,0,4,0,351,105,Free
12/5/2024 6:09:58,21.50,3470.54,4.07,5,5,0,4,0,352,0,Free
12/5/2024 6:09:59,21.50,3471.40,4.07,5,5,0,4,0,353,231,Free
12/5/2024 6:10:09,21.75,3473.82,4.07,5,5,0,4,0,354,1517,Free
12/5/2024 6:10:11,21.75,3474.45,4.07,5,5,0,4,0,355,0,Free
12/5/2024 6:10:13,21.75,3476.43,4.07,5,5,0,4,0,356,1350,Free
12/5/2024 6:12:43,21.75,3484.01,4.07,5,5,0,4,0,357,105,Free
12/5/2024 6:12:44,21.75,3484.64,4.07,5,5,0,4,0,358,0,Free
12/5/2024 6:19:05,21.75,3503.97,4.07,5,5,0,4,0,359,723,Free
12/5/2024 6:26:35,21.50,3537.14,4.07,5,5,0,4,0,359,0,Free
12/5/2024 6:44:47,21.75,3600.84,4.07,5,5,0,4,0,359,0,Free
12/5/2024 7:02:59,21.75,3664.55,4.07,5,5,0,4,0,359,0,Free
12/5/2024 7:21:11,21.75,3728.26,4.07,5,5,0,4,0,359,0,Free
12/5/2024 7:39:23,21.75,3791.96,4.07,5,5,0,4,0,359,0,Free
12/5/2024 7:57:35,21.50,3855.67,4.07,5,5,0,4,0,359,0,Free
12/5/2024 8:15:47,21.50,3919.37,4.07,5,5,0,4,0,359,0,Free
12/5/2024 8:33:59,21.50,3983.09,4.07,5,5,0,4,0,359,0,Free
12/5/2024 8:52:11,21.75,4046.79,4.07,5,5,0,4,0,359,0,Free
12/5/2024 9:10:23,21.75,4110.50,4.07,5,5,0,4,0,359,0,Free
12/5/2024 9:28:35,21.75,4174.21,4.06,5,5,0,4,0,359,0,Free
12/5/2024 9:46:47,21.75,4237.92,4.06,5,5,0,4,0,359,0,Free
12/5/2024 10:04:59,21.75,4301.62,4.06,5,5,0,4,0,359,0,Free
12/5/2024 10:23:11,21.75,4365.33,4.06,5,5,0,4,0,359,0,Free
12/5/2024 10:41:23,21.75,4429.03,4.07,5,5,0,4,0,359,0,Free
12/5/2024 10:59:35,21.75,4492.74,4.06,5,5,0,4,0,359,0,Free
12/5/2024 11:05:36,21.75,4511.41,4.06,5,5,0,4,0,360,1198,Free
12/5/2024 11:06:04,21.75,4513.41,4.06,5,5,0,4,0,361,230,Free
12/5/2024 11:06:19,21.75,4516.41,4.06,5,5,0,4,0,362,1809,Free
12/5/2024 11:08:06,21.75,4521.89,4.06,5,5,0,4,0,363,0,Free
12/5/2024 11:08:07,21.75,4522.84,4.06,5,5,0,4,0,364,322,Free
12/5/2024 11:08:09,21.75,4524.42,4.06,5,5,0,4,0,365,955,Free
12/5/2024 11:17:33,21.75,4563.02,4.06,5,5,0,4,0,365,0,Free
12/5/2024 11:19:31,21.75,4569.06,4.06,5,5,0,4,0,366,0,Free
12/5/2024 11:19:32,21.75,4569.69,4.06,5,5,0,4,0,367,0,Free
12/5/2024 11:19:34,21.75,4570.51,4.05,5,5,0,4,0,368,189,Free
12/5/2024 11:19:48,21.75,4571.77,4.06,5,5,0,4,0,369,64,Free
12/5/2024 11:19:50,21.75,4573.83,4.05,5,5,0,4,0,370,1434,Free
12/5/2024 11:19:56,21.75,4574.74,4.07,5,5,0,4,0,371,0,Free
12/5/2024 11:21:44,21.75,4580.22,4.06,5,5,0,4,0,372,0,Free
12/5/2024 11:22:06,21.75,4581.70,4.06,5,5,0,4,0,373,0,Free
12/5/2024 11:35:18,21.75,4631.14,4.06,5,5,0,4,0,373,0,Free
12/5/2024 11:53:30,21.75,4694.84,4.06,5,5,0,4,0,373,0,Free
12/5/2024 12:04:34,21.75,4727.19,4.05,5,5,0,4,0,374,323,Free
12/5/2024 12:04:35,21.75,4728.20,4.06,5,5,0,4,0,375,382,Free
12/5/2024 12:04:36,21.75,4728.83,4.06,5,5,0,4,0,376,0,Free
12/5/2024 12:04:37,21.75,4729.45,4.05,5,5,0,4,0,377,0,Free
12/5/2024 12:04:38,21.75,4730.09,4.05,5,5,0,4,0,378,0,Free
12/5/2024 12:04:39,21.75,4730.72,4.06,5,5,0,4,0,379,0,Free
12/5/2024 12:04:48,21.75,4731.73,4.05,5,5,0,4,0,380,98,Free
12/5/2024 12:04:49,21.75,4732.65,4.06,5,5,0,4,0,381,298,Free
12/5/2024 12:04:50,21.75,4734.24,4.06,5,5,0,4,0,382,957,Free
12/5/2024 12:04:56,21.75,4734.87,4.05,5,5,0,4,0,383,0,Free
12/5/2024 12:04:58,21.75,4736.47,4.06,5,5,0,4,0,384,974,Free
12/5/2024 12:05:03,21.75,4739.92,4.05,5,5,0,4,0,385,2820,Free
12/5/2024 12:05:10,21.75,4743.24,4.06,5,5,0,4,0,386,2694,Free
12/5/2024 12:05:13,21.75,4743.99,4.05,5,5,0,4,0,387,123,Free
12/5/2024 12:05:15,21.75,4744.61,4.05,5,5,0,4,0,388,0,Free
12/5/2024 12:05:21,21.75,4746.03,4.06,5,5,0,4,0,389,790,Free
12/5/2024 12:05:26,21.75,4746.71,4.06,5,5,0,4,0,390,49,Free
12/5/2024 12:05:31,21.75,4750.88,4.06,5,5,0,4,0,391,3546,Free
12/5/2024 12:05:32,21.75,4751.57,4.05,5,5,0,4,0,392,64,Free
12/5/2024 12:05:33,21.75,4753.22,4.05,5,5,0,4,0,393,1016,Free
12/5/2024 12:05:35,21.75,4753.84,4.06,5,5,0,4,0,394,0,Free
12/5/2024 12:05:37,21.75,4755.19,4.06,5,5,0,4,0,395,716,Free
12/5/2024 12:05:45,21.75,4756.86,4.06,5,5,0,4,0,396,758,Free
12/5/2024 12:10:26,21.75,4782.03,4.06,5,5,0,4,0,396,0,Free
12/5/2024 12:28:38,21.75,4845.74,4.06,5,5,0,4,0,396,0,Free
12/5/2024 12:46:50,21.75,4909.45,4.06,5,5,0,4,0,396,0,Free
12/5/2024 13:05:02,21.50,4973.15,4.05,5,5,0,4,0,396,0,Free
12/5/2024 13:23:14,21.50,5036.86,4.05,5,5,0,4,0,396,0,Free
12/5/2024 13:41:26,21.50,5100.56,4.05,5,5,0,4,0,396,0,Free
12/5/2024 13:48:53,21.50,5122.44,4.05,5,5,0,4,0,397,130,Free
12/5/2024 13:48:54,21.50,5123.07,4.05,5,5,0,4,0,398,0,Free
12/5/2024 13:48:56,21.50,5123.70,4.05,5,5,0,4,0,399,0,Free
12/5/2024 13:48:59,21.50,5124.36,4.05,5,5,0,4,0,400,31,Free
12/5/2024 13:49:04,21.50,5125.87,4.05,5,5,0,4,0,401,875,Free
12/5/2024 13:50:03,21.50,5129.07,4.05,5,5,0,4,0,402,6,Free
12/5/2024 13:50:04,21.50,5129.91,4.05,5,5,0,4,0,403,214,Free
12/5/2024 13:50:06,21.50,5130.99,4.05,5,5,0,4,0,404,457,Free
12/5/2024 13:50:29,21.50,5132.48,4.05,5,5,0,4,0,405,0,Free
12/5/2024 13:50:33,21.50,5133.12,4.05,5,5,0,4,0,406,14,Free
12/5/2024 13:50:35,21.50,5133.75,4.05,5,5,0,4,0,407,0,Free
12/5/2024 13:50:36,21.50,5134.59,4.05,5,5,0,4,0,408,215,Free
12/5/2024 13:50:37,21.50,5135.41,4.05,5,5,0,4,0,409,190,Free
12/5/2024 13:50:42,21.50,5139.50,4.05,5,5,0,4,0,410,3466,Free
12/5/2024 13:50:47,21.50,5140.13,4.05,5,5,0,4,0,411,0,Free
12/5/2024 13:50:51,21.50,5142.38,4.05,5,5,0,4,0,412,1619,Free
12/5/2024 13:50:58,21.50,5143.52,4.05,5,5,0,4,0,413,514,Free
12/5/2024 13:51:01,21.50,5144.24,4.05,5,5,0,4,0,414,97,Free
12/5/2024 13:51:01,21.50,5144.91,4.05,5,5,0,4,0,415,40,Free
12/5/2024 13:51:12,21.50,5146.28,4.05,5,5,0,4,0,416,455,Free
12/5/2024 13:51:18,21.50,5146.96,4.05,5,5,0,4,0,417,56,Free
12/5/2024 13:51:21,21.50,5149.72,4.05,5,5,0,4,0,418,2126,Free
12/5/2024 13:51:23,21.50,5150.56,4.05,5,5,0,4,0,419,213,Free
12/5/2024 13:51:28,21.50,5151.27,4.05,5,5,0,4,0,420,82,Free
12/5/2024 13:51:29,21.50,5151.89,4.05,5,5,0,4,0,421,0,Free
12/5/2024 13:51:38,21.50,5153.73,4.05,5,5,0,4,0,422,924,Free
12/5/2024 13:51:41,21.50,5154.36,4.05,5,5,0,4,0,423,0,Free
12/5/2024 13:51:46,21.50,5155.28,4.05,5,5,0,4,0,424,297,Free
12/5/2024 13:51:47,21.50,5155.91,4.05,5,5,0,4,0,425,0,Free
12/5/2024 13:51:49,21.50,5157.23,4.05,5,5,0,4,0,426,699,Free
12/5/2024 13:51:51,21.50,5157.87,4.05,5,5,0,4,0,427,0,Free
12/5/2024 13:51:52,21.50,5159.27,4.05,5,5,0,4,0,428,773,Free
12/5/2024 13:51:55,21.50,5160.07,4.05,5,5,0,4,0,429,181,Free
12/5/2024 13:51:58,21.50,5161.38,4.05,5,5,0,4,0,430,682,Free
12/5/2024 13:52:07,21.75,5162.52,4.05,5,5,0,4,0,431,222,Free
12/5/2024 13:52:10,21.75,5163.15,4.05,5,5,0,4,0,432,0,Free
12/5/2024 13:52:11,21.75,5163.77,4.05,5,5,0,4,0,433,0,Free
12/5/2024 13:52:15,21.75,5164.41,4.05,5,5,0,4,0,434,5,Free
12/5/2024 13:52:16,21.75,5165.03,4.05,5,5,0,4,0,435,0,Free
12/5/2024 13:52:20,21.75,5165.83,4.05,5,5,0,4,0,436,173,Free
12/5/2024 13:52:25,21.75,5167.12,4.05,5,5,0,4,0,437,655,Free
12/5/2024 13:52:28,21.75,5167.77,4.05,5,5,0,4,0,438,22,Free
12/5/2024 13:52:31,21.75,5168.73,4.05,5,5,0,4,0,439,331,Free
12/5/2024 13:52:32,21.75,5169.35,4.05,5,5,0,4,0,440,0,Free
12/5/2024 13:52:36,21.75,5172.69,4.05,5,5,0,4,0,441,2712,Free
12/5/2024 13:52:50,21.75,5173.89,4.05,5,5,0,4,0,442,0,Free
12/5/2024 13:52:53,21.75,5174.80,4.05,5,5,0,4,0,443,282,Free
12/5/2024 13:52:55,21.75,5175.73,4.05,5,5,0,4,0,444,298,Free
12/5/2024 13:53:11,21.75,5177.04,4.05,5,5,0,4,0,445,114,Free
12/5/2024 13:57:11,21.75,5200.22,4.05,5,5,0,4,0,445,0,Free
12/5/2024 14:15:23,21.50,5263.92,4.05,5,5,0,4,0,445,0,Free
12/5/2024 14:33:35,21.50,5327.63,4.05,5,5,0,4,0,445,0,Free
12/5/2024 14:51:47,21.50,5391.33,4.05,5,5,0,4,0,445,0,Free
12/5/2024 15:09:59,21.75,5455.04,4.05,5,5,0,4,0,445,0,Free
12/5/2024 15:28:11,21.75,5518.75,4.05,5,5,0,4,0,445,0,Free
12/5/2024 15:46:23,21.75,5582.45,4.05,5,5,0,4,0,445,0,Free
12/5/2024 16:00:57,21.75,5624.61,4.04,5,5,0,4,0,446,148,Free
12/5/2024 16:01:02,21.75,5625.25,4.05,5,5,0,4,0,447,0,Free
12/5/2024 16:01:04,21.75,5626.81,4.05,5,5,0,4,0,448,933,Free
12/5/2024 16:01:07,21.75,5627.43,4.05,5,5,0,4,0,449,0,Free
12/5/2024 16:01:43,21.75,5632.43,4.05,5,5,0,4,0,450,2939,Free
12/5/2024 16:01:45,21.75,5633.53,4.05,5,5,0,4,0,451,482,Free
12/5/2024 16:01:51,21.75,5634.88,4.05,5,5,0,4,0,452,716,Free
12/5/2024 16:01:57,21.75,5635.93,4.05,5,5,0,4,0,453,414,Free
12/5/2024 16:02:03,21.75,5637.62,4.05,5,5,0,4,0,454,1060,Free
12/5/2024 16:02:06,21.75,5638.58,4.05,5,5,0,4,0,455,340,Free
12/5/2024 16:02:10,21.75,5639.87,4.05,5,5,0,4,0,456,657,Free
12/5/2024 16:02:23,21.75,5641.64,4.05,5,5,0,4,0,457,860,Free
12/5/2024 16:02:27,21.75,5644.80,4.05,5,5,0,4,0,458,2538,Free
12/5/2024 16:02:39,21.75,5656.17,4.05,5,5,0,4,0,459,10736,Free
12/5/2024 16:02:45,21.75,5658.19,4.05,5,5,0,4,0,460,1401,Free
12/5/2024 16:02:46,21.75,5658.82,4.05,5,5,0,4,0,461,0,Free
12/5/2024 16:02:48,21.75,5660.05,4.05,5,5,0,4,0,462,599,Free
12/5/2024 16:02:52,21.75,5660.72,4.04,5,5,0,4,0,463,48,Free
12/5/2024 16:02:55,21.75,5661.37,4.05,5,5,0,4,0,464,14,Free
12/5/2024 16:02:59,21.75,5661.99,4.05,5,5,0,4,0,465,0,Free
12/5/2024 16:03:16,21.75,5663.77,4.05,5,5,0,4,0,466,574,Free
12/5/2024 16:03:17,21.75,5664.59,4.05,5,5,0,4,0,467,198,Free
12/5/2024 16:03:22,21.75,5667.51,4.04,5,5,0,4,0,468,2295,Free
12/5/2024 16:03:25,21.75,5668.14,4.05,5,5,0,4,0,469,0,Free
12/5/2024 16:03:29,21.75,5672.01,4.05,5,5,0,4,0,470,3240,Free
12/5/2024 16:03:34,21.75,5674.34,4.05,5,5,0,4,0,471,1700,Free
12/5/2024 16:03:36,21.75,5675.55,4.05,5,5,0,4,0,472,582,Free
12/5/2024 16:03:48,21.75,5687.89,4.05,5,5,0,4,0,472,0,Free
12/5/2024 16:05:02,21.75,5691.94,4.05,5,5,0,4,0,473,0,Free
12/5/2024 16:05:05,21.75,5692.58,4.05,5,5,0,4,0,474,14,Free
12/5/2024 16:06:05,21.75,5697.43,4.05,5,5,0,4,0,475,1658,Free
12/5/2024 16:06:11,21.75,5698.06,4.05,5,5,0,4,0,476,0,Free
12/5/2024 16:06:12,21.75,5698.78,4.05,5,5,0,4,0,477,88,Free
12/5/2024 16:06:38,21.75,5703.08,4.03,5,5,0,4,0,478,2818,Free
12/5/2024 16:06:44,21.75,5703.71,4.05,5,5,0,4,0,479,0,Free
12/5/2024 16:06:49,21.75,5708.22,4.05,5,5,0,4,0,480,3887,Free
12/5/2024 16:06:51,21.75,5710.34,4.05,5,5,0,4,0,481,1484,Free
12/5/2024 16:06:53,21.75,5711.79,4.05,5,5,0,4,0,482,832,Free
12/5/2024 16:07:04,21.75,5713.21,4.05,5,5,0,4,0,483,506,Free
12/5/2024 16:07:07,21.75,5713.84,4.05,5,5,0,4,0,484,0,Free
12/5/2024 16:07:18,21.75,5714.76,4.05,5,5,0,4,0,485,0,Free
12/5/2024 16:07:21,21.75,5715.82,4.04,5,5,0,4,0,486,440,Free
12/5/2024 16:07:28,21.75,5717.16,4.05,5,5,0,4,0,487,707,Free
12/5/2024 16:07:32,21.75,5719.07,4.05,5,5,0,4,0,488,1282,Free
12/5/2024 16:07:37,21.75,5719.88,4.05,5,5,0,4,0,489,189,Free
12/5/2024 16:07:41,21.75,5720.59,4.05,5,5,0,4,0,490,81,Free
12/5/2024 16:07:42,21.75,5721.22,4.05,5,5,0,4,0,491,0,Free
12/5/2024 16:07:43,21.75,5722.00,4.05,5,5,0,4,0,492,156,Free
12/5/2024 16:07:45,21.75,5724.04,4.05,5,5,0,4,0,493,1408,Free
12/5/2024 16:07:59,21.75,5725.76,4.03,5,5,0,4,0,494,523,Free
12/5/2024 16:08:02,21.75,5726.57,4.05,5,5,0,4,0,495,189,Free
12/5/2024 16:08:05,21.75,5728.89,4.05,5,5,0,4,0,496,1682,Free
12/5/2024 16:08:10,21.75,5729.58,4.05,5,5,0,4,0,497,69,Free
12/5/2024 16:08:14,21.75,5730.21,4.05,5,5,0,4,0,498,0,Free
12/5/2024 16:08:17,21.75,5731.63,4.05,5,5,0,4,0,499,782,Free
12/5/2024 16:08:20,21.75,5732.39,4.05,5,5,0,4,0,500,138,Free
12/5/2024 16:08:23,21.75,5733.02,4.05,5,5,0,4,0,501,0,Free
12/5/2024 16:08:32,21.75,5733.93,4.05,5,5,0,4,0,502,0,Free
12/5/2024 16:08:33,21.75,5734.89,4.04,5,5,0,4,0,503,331,Free
12/5/2024 16:20:45,21.75,5781.47,4.05,5,5,0,4,0,503,0,Free
12/5/2024 16:38:57,21.75,5845.18,4.05,5,5,0,4,0,503,0,Free
12/5/2024 16:57:09,21.75,5908.89,4.05,5,5,0,4,0,503,0,Free
12/5/2024 17:15:21,21.75,5972.59,4.04,5,5,0,4,0,503,0,Free
12/5/2024 17:33:33,21.75,6036.30,4.05,5,5,0,4,0,503,0,Free
12/5/2024 17:51:45,21.75,6100.00,4.05,5,5,0,4,0,503,0,Free
12/5/2024 17:53:52,22.00,6106.89,4.05,5,5,0,4,0,504,264,Free
12/5/2024 17:53:57,22.00,6108.32,4.04,5,5,0,4,0,505,798,Free
12/5/2024 17:54:01,22.00,6111.25,4.05,5,5,0,4,0,506,2302,Free
12/5/2024 17:54:04,22.00,6113.73,4.04,5,5,0,4,0,507,1851,Free
12/5/2024 17:54:09,22.00,6114.48,4.05,5,5,0,4,0,508,131,Free
12/5/2024 17:55:37,22.00,6119.11,4.04,5,5,0,4,0,509,0,Free
12/5/2024 17:55:41,22.00,6120.27,4.04,5,5,0,4,0,510,540,Free
12/5/2024 17:55:53,22.00,6121.45,4.04,5,5,0,4,0,511,264,Free
12/5/2024 17:55:55,22.00,6122.10,4.05,5,5,0,4,0,512,22,Free
12/5/2024 17:56:04,22.00,6123.01,4.04,5,5,0,4,0,513,0,Free
12/5/2024 17:56:10,22.00,6123.69,4.04,5,5,0,4,0,514,48,Free
12/5/2024 17:56:11,22.00,6124.31,4.04,5,5,0,4,0,515,0,Free
12/5/2024 17:56:14,22.00,6124.94,4.05,5,5,0,4,0,516,0,Free
12/5/2024 17:56:17,22.00,6125.57,4.04,5,5,0,4,0,517,0,Free
12/5/2024 17:56:18,22.00,6126.40,4.04,5,5,0,4,0,518,206,Free
12/5/2024 17:56:20,22.00,6127.03,4.05,5,5,0,4,0,519,0,Free
12/5/2024 17:56:28,22.00,6128.07,4.03,5,5,0,4,0,520,131,Free
12/5/2024 17:56:30,22.00,6128.95,4.04,5,5,0,4,0,521,239,Free
12/5/2024 17:56:32,22.00,6129.58,4.04,5,5,0,4,0,522,0,Free
12/5/2024 17:56:35,22.00,6130.52,4.05,5,5,0,4,0,523,315,Free
12/5/2024 17:56:42,22.00,6131.43,4.04,5,5,0,4,0,524,0,Free
12/5/2024 17:56:44,22.00,6132.16,4.04,5,5,0,4,0,525,106,Free
12/5/2024 17:56:45,22.00,6132.85,4.04,5,5,0,4,0,526,64,Free
12/5/2024 17:56:46,22.00,6133.48,4.04,5,5,0,4,0,527,0,Free
12/5/2024 17:57:01,22.00,6134.75,4.05,5,5,0,4,0,528,64,Free
12/5/2024 17:57:03,22.00,6135.38,4.04,5,5,0,4,0,529,5,Free
12/5/2024 17:57:27,22.00,6136.93,4.04,5,5,0,4,0,530,68,Free
12/5/2024 17:57:34,22.00,6138.10,4.04,5,5,0,4,0,531,256,Free
12/5/2024 17:57:36,22.00,6138.79,4.04,5,5,0,4,0,532,64,Free
12/5/2024 17:57:43,22.00,6140.17,4.04,5,5,0,4,0,533,465,Free
12/5/2024 17:57:48,22.00,6142.45,4.04,5,5,0,4,0,534,1650,Free
12/5/2024 17:57:54,22.00,6143.07,4.04,5,5,0,4,0,535,0,Free
12/5/2024 17:57:56,22.00,6143.70,4.04,5,5,0,4,0,536,0,Free
12/5/2024 17:58:00,22.00,6144.35,4.04,5,5,0,4,0,537,14,Free
12/5/2024 17:58:05,22.00,6145.11,4.05,5,5,0,4,0,538,139,Free
12/5/2024 17:58:12,22.00,6146.02,4.04,5,5,0,4,0,539,0,Free
12/5/2024 17:58:33,22.00,6148.58,4.05,5,5,0,4,0,540,1067,Free
12/5/2024 17:58:37,22.00,6149.20,4.04,5,5,0,4,0,541,0,Free
12/5/2024 18:02:01,21.75,6159.53,4.04,5,5,0,4,0,542,0,Free
12/5/2024 18:02:13,21.75,6162.07,4.04,5,5,0,4,0,543,1626,Free
12/5/2024 18:02:18,21.75,6162.93,4.05,5,5,0,4,0,544,231,Free
12/5/2024 18:02:25,21.75,6164.16,4.04,5,5,0,4,0,545,604,Free
12/5/2024 18:02:28,21.75,6165.08,4.05,5,5,0,4,0,546,290,Free
12/5/2024 18:02:33,21.75,6165.72,4.05,5,5,0,4,0,547,0,Free
12/5/2024 18:02:36,21.75,6167.94,4.04,5,5,0,4,0,548,1600,Free
12/5/2024 18:02:55,21.75,6169.47,4.05,5,5,0,4,0,549,39,Free
12/5/2024 18:02:56,21.75,6170.14,4.04,5,5,0,4,0,550,47,Free
12/5/2024 18:03:01,21.75,6171.05,4.05,5,5,0,4,0,551,281,Free
12/5/2024 18:03:05,21.75,6171.71,4.04,5,5,0,4,0,552,30,Free
12/5/2024 18:03:06,21.75,6172.33,4.04,5,5,0,4,0,553,0,Free
12/5/2024 18:03:10,21.75,6173.19,4.04,5,5,0,4,0,554,231,Free
12/5/2024 18:03:18,21.75,6175.17,4.05,5,5,0,4,0,555,1065,Free
12/5/2024 18:03:22,21.75,6176.68,4.04,5,5,0,4,0,556,874,Free
12/5/2024 18:03:23,21.75,6177.55,4.04,5,5,0,4,0,557,247,Free
12/5/2024 18:03:26,21.75,6179.09,4.04,5,5,0,4,0,558,917,Free
12/5/2024 18:03:27,21.75,6179.72,4.05,5,5,0,4,0,559,0,Free
12/5/2024 18:03:33,21.75,6180.58,4.04,5,5,0,4,0,560,231,Free
12/5/2024 18:03:38,21.75,6181.21,4.04,5,5,0,4,0,561,0,Free
12/5/2024 18:03:39,21.75,6181.84,4.04,5,5,0,4,0,562,0,Free
12/5/2024 18:03:40,21.75,6182.80,4.03,5,5,0,4,0,563,331,Free
12/5/2024 18:03:48,21.75,6184.57,4.04,5,5,0,4,0,564,866,Free
12/5/2024 18:03:49,21.75,6185.20,4.04,5,5,0,4,0,565,0,Free
12/5/2024 18:06:49,21.75,6205.52,4.04,5,5,0,4,0,565,0,Free
12/5/2024 18:25:01,21.75,6269.23,4.04,5,5,0,4,0,565,0,Free
12/5/2024 18:34:21,21.75,6296.45,4.05,5,5,0,4,0,566,48,Free
12/5/2024 18:34:23,21.75,6297.09,4.04,5,5,0,4,0,567,14,Free
12/5/2024 18:34:32,21.75,6298.00,4.04,5,5,0,4,0,568,0,Free
12/5/2024 18:34:41,21.75,6305.59,4.04,5,5,0,4,0,569,6959,Free
12/5/2024 18:34:48,21.75,6306.50,4.04,5,5,0,4,0,570,0,Free
12/5/2024 18:34:55,21.75,6312.91,4.04,5,5,0,4,0,571,5783,Free
12/5/2024 18:35:04,21.75,6313.90,4.04,5,5,0,4,0,572,64,Free
12/5/2024 18:35:07,21.75,6316.03,4.04,5,5,0,4,0,573,1508,Free
12/5/2024 18:35:09,21.75,6316.66,4.04,5,5,0,4,0,574,0,Free
12/5/2024 18:35:13,21.75,6317.68,4.04,5,5,0,4,0,575,390,Free
12/5/2024 18:35:16,21.75,6319.40,4.04,5,5,0,4,0,576,1099,Free
12/5/2024 18:35:22,21.75,6320.31,4.04,5,5,0,4,0,577,0,Free
12/5/2024 18:35:27,21.75,6323.94,4.04,5,5,0,4,0,578,3002,Free
12/5/2024 18:35:30,21.75,6324.57,4.04,5,5,0,4,0,579,0,Free
12/5/2024 18:35:31,21.75,6325.20,4.04,5,5,0,4,0,580,0,Free
12/5/2024 18:35:31,21.75,6325.82,4.03,5,5,0,4,0,581,0,Free
12/5/2024 18:35:34,21.75,6328.29,4.04,5,5,0,4,0,582,1834,Free
12/5/2024 18:37:35,21.75,6334.89,4.04,5,5,0,4,0,583,264,Free
12/5/2024 18:37:40,21.75,6336.10,4.04,5,5,0,4,0,584,590,Free
12/5/2024 18:37:42,21.75,6336.73,4.03,5,5,0,4,0,585,0,Free
12/5/2024 18:37:44,21.75,6338.31,4.03,5,5,0,4,0,586,948,Free
12/5/2024 18:37:50,21.75,6339.94,4.04,5,5,0,4,0,587,1009,Free
12/5/2024 18:38:08,21.75,6341.31,4.04,5,5,0,4,0,588,165,Free
12/5/2024 18:38:43,21.75,6343.64,4.04,5,5,0,4,0,589,272,Free
12/5/2024 18:38:48,21.75,6344.26,4.03,5,5,0,4,0,590,0,Free
12/5/2024 18:38:49,21.75,6344.89,4.04,5,5,0,4,0,591,0,Free
12/5/2024 18:38:53,21.75,6345.71,4.03,5,5,0,4,0,592,189,Free
12/5/2024 18:39:01,21.75,6346.83,4.04,5,5,0,4,0,593,214,Free
12/5/2024 18:39:06,21.75,6347.46,4.04,5,5,0,4,0,594,0,Free
12/5/2024 18:39:08,21.75,6348.09,4.04,5,5,0,4,0,595,0,Free
12/5/2024 18:39:10,21.75,6350.00,4.04,5,5,0,4,0,596,1284,Free
12/5/2024 18:39:20,21.75,6351.16,4.04,5,5,0,4,0,597,248,Free
12/5/2024 18:39:21,21.75,6351.79,4.03,5,5,0,4,0,598,0,Free
12/5/2024 18:41:39,21.75,6370.11,4.04,5,5,0,4,0,598,0,Free
12/5/2024 18:45:50,21.75,6382.45,4.04,5,5,0,4,0,599,0,Free
12/5/2024 18:45:51,21.75,6383.08,4.04,5,5,0,4,0,600,0,Free
12/5/2024 18:46:01,21.75,6384.32,4.04,5,5,0,4,0,601,332,Free
12/5/2024 18:46:08,21.75,6385.24,4.04,5,5,0,4,0,602,0,Free
12/5/2024 18:46:16,21.75,6386.57,4.03,5,5,0,4,0,603,423,Free
12/5/2024 18:46:19,21.75,6387.20,4.03,5,5,0,4,0,604,0,Free
12/5/2024 18:47:14,21.75,6392.15,4.04,5,5,0,4,0,605,2036,Free
12/5/2024 18:47:20,21.75,6392.77,4.04,5,5,0,4,0,606,0,Free
12/5/2024 18:47:24,21.75,6393.49,4.04,5,5,0,4,0,607,90,Free
12/5/2024 18:47:28,21.75,6394.58,4.05,5,5,0,4,0,608,466,Free
12/5/2024 18:47:30,21.75,6396.19,4.04,5,5,0,4,0,609,982,Free
12/5/2024 18:47:33,21.75,6397.69,4.04,5,5,0,4,0,610,866,Free
12/5/2024 18:47:35,21.75,6398.98,4.04,5,5,0,4,0,611,665,Free
12/5/2024 18:47:44,21.75,6399.89,4.04,5,5,0,4,0,612,0,Free
12/5/2024 18:47:45,21.75,6400.57,4.04,5,5,0,4,0,613,55,Free
12/5/2024 18:47:52,21.75,6401.49,4.04,5,5,0,4,0,614,0,Free
12/5/2024 18:54:21,21.75,6420.79,4.04,5,5,0,4,0,615,406,Free
12/5/2024 18:54:26,21.75,6423.12,4.04,5,5,0,4,0,616,1708,Free
12/5/2024 18:54:27,21.75,6423.75,4.04,5,5,0,4,0,617,0,Free
12/5/2024 18:54:28,21.75,6425.15,4.04,5,5,0,4,0,618,773,Free
12/5/2024 18:54:37,21.75,6426.07,4.04,5,5,0,4,0,619,0,Free
12/5/2024 18:58:49,21.75,6449.81,4.04,5,5,0,4,0,619,0,Free
12/5/2024 18:59:57,21.75,6453.58,4.04,5,5,0,4,0,620,0,Free
12/5/2024 18:59:58,21.75,6454.26,4.04,5,5,0,4,0,621,55,Free
12/5/2024 19:00:01,21.75,6456.13,4.03,5,5,0,4,0,622,1241,Free
12/5/2024 19:00:02,21.75,6456.76,4.04,5,5,0,4,0,623,0,Free
12/5/2024 19:00:03,21.75,6457.39,4.03,5,5,0,4,0,624,0,Free
12/5/2024 19:00:08,21.75,6458.06,4.03,5,5,0,4,0,625,30,Free
12/5/2024 19:00:09,21.75,6459.09,4.03,5,5,0,4,0,626,407,Free
12/5/2024 19:00:11,21.75,6459.72,4.04,5,5,0,4,0,627,0,Free
12/5/2024 19:00:13,21.75,6460.34,4.04,5,5,0,4,0,628,0,Free
12/5/2024 19:00:24,21.75,6461.26,4.04,5,5,0,4,0,629,0,Free
12/5/2024 19:00:27,21.75,6462.03,4.03,5,5,0,4,0,630,148,Free
12/5/2024 19:00:31,21.75,6462.66,4.03,5,5,0,4,0,631,0,Free
12/5/2024 19:00:31,21.75,6463.49,4.03,5,5,0,4,0,632,205,Free
12/5/2024 19:00:43,21.75,6465.72,4.04,5,5,0,4,0,633,1318,Free
12/5/2024 19:00:45,21.75,6466.98,4.04,5,5,0,4,0,634,624,Free
12/5/2024 19:00:49,21.75,6467.68,4.04,5,5,0,4,0,635,80,Free
12/5/2024 19:00:50,21.75,6468.31,4.04,5,5,0,4,0,636,0,Free
12/5/2024 19:00:52,21.75,6468.94,4.03,5,5,0,4,0,637,0,Free
12/5/2024 19:00:59,21.75,6469.85,4.03,5,5,0,4,0,638,0,Free
12/5/2024 19:01:00,21.75,6470.48,4.04,5,5,0,4,0,639,0,Free
12/5/2024 19:01:02,21.75,6471.27,4.03,5,5,0,4,0,640,164,Free
12/5/2024 19:01:06,21.75,6471.90,4.03,5,5,0,4,0,641,0,Free
12/5/2024 19:01:13,21.75,6472.81,4.04,5,5,0,4,0,642,0,Free
12/5/2024 19:01:15,21.75,6473.44,4.03,5,5,0,4,0,643,0,Free
12/5/2024 19:01:17,21.75,6474.50,4.04,5,5,0,4,0,644,432,Free
12/5/2024 19:01:34,21.75,6478.19,4.04,5,5,0,4,0,645,2494,Free
12/5/2024 19:01:39,21.75,6481.27,4.03,5,5,0,4,0,646,2449,Free
12/5/2024 19:01:58,21.75,6482.75,4.04,5,5,0,4,0,647,0,Free
12/5/2024 19:02:04,21.75,6483.38,4.03,5,5,0,4,0,648,0,Free
12/5/2024 19:02:09,21.75,6484.00,4.04,5,5,0,4,0,649,0,Free
12/5/2024 19:02:25,21.75,6485.20,4.03,5,5,0,4,0,650,0,Free
12/5/2024 19:03:49,21.75,6489.54,4.04,5,5,0,4,0,651,0,Free
12/5/2024 19:15:19,21.75,6534.14,4.04,5,5,0,4,0,651,0,Free
12/5/2024 19:24:42,21.75,6562.35,4.04,5,5,0,4,0,652,1048,Free
12/5/2024 19:25:03,21.75,6564.19,4.03,5,5,0,4,0,653,356,Free
12/5/2024 19:25:03,21.75,6564.82,4.03,5,5,0,4,0,654,0,Free
12/5/2024 19:28:33,21.75,6575.15,4.04,5,5,0,4,0,655,0,Free
12/5/2024 19:30:55,21.75,6582.35,4.03,5,6,0,4,0,655,0,Free
12/5/2024 19:31:03,21.75,6583.26,4.03,5,6,0,4,0,656,0,Free
12/5/2024 19:31:05,21.75,6583.89,4.04,5,6,0,4,0,657,6,Free
12/5/2024 19:32:11,21.75,6587.37,4.03,5,6,0,4,0,658,0,Free
12/5/2024 19:32:26,21.75,6590.57,4.04,5,6,0,4,0,659,1995,Free
12/5/2024 19:32:37,21.75,6591.84,4.04,5,6,0,4,0,660,356,Free
12/5/2024 19:32:39,21.75,6593.08,4.04,5,6,0,4,0,661,615,Free
12/5/2024 19:32:48,21.75,6593.99,4.03,5,6,0,4,0,662,0,Free
12/5/2024 19:33:00,21.75,6606.32,4.03,5,6,0,4,0,662,0,Free
12/5/2024 19:33:04,21.75,6606.95,4.03,5,6,0,4,0,663,0,Free
12/5/2024 19:33:09,21.75,6608.10,4.03,5,6,0,4,0,664,514,Free
12/5/2024 19:33:12,21.75,6609.50,4.03,5,6,0,4,0,665,774,Free
12/5/2024 19:33:15,21.75,6610.40,4.03,5,6,0,4,0,666,272,Free
12/5/2024 19:33:33,21.75,6612.20,4.04,5,6,0,4,0,667,607,Free
12/5/2024 19:33:35,21.75,6613.06,4.05,5,6,0,4,0,668,230,Free
12/5/2024 19:33:39,21.75,6613.69,4.04,5,6,0,4,0,669,0,Free
12/5/2024 19:33:40,21.75,6614.31,4.03,5,6,0,4,0,670,0,Free
12/5/2024 19:33:51,21.75,6617.06,4.03,5,6,0,4,0,671,1834,Free
12/5/2024 19:33:53,21.75,6617.69,4.03,5,6,0,4,0,672,0,Free
12/5/2024 19:33:57,21.75,6618.32,4.03,5,6,0,4,0,673,0,Free
12/5/2024 19:33:59,21.75,6618.94,4.04,5,6,0,4,0,674,0,Free
12/5/2024 19:34:01,21.75,6620.60,4.03,5,6,0,4,0,675,1025,Free
12/5/2024 19:34:02,21.75,6621.23,4.04,5,6,0,4,0,676,0,Free
12/5/2024 19:34:06,21.75,6622.02,4.04,5,6,0,4,0,677,163,Free
12/5/2024 19:34:09,21.75,6623.13,4.04,5,6,0,4,0,678,481,Free
12/5/2024 19:34:18,21.75,6628.26,4.03,5,6,0,4,0,679,4507,Free
12/5/2024 19:34:22,21.75,6630.26,4.04,5,6,0,4,0,680,1366,Free
12/5/2024 19:34:25,22.00,6631.07,4.03,5,6,0,4,0,681,181,Free
12/5/2024 19:34:27,22.00,6631.71,4.04,5,6,0,4,0,682,14,Free
12/5/2024 19:34:30,22.00,6634.17,4.04,5,6,0,4,0,683,1834,Free
12/5/2024 19:34:33,22.00,6634.80,4.03,5,6,0,4,0,684,0,Free
12/5/2024 19:34:34,22.00,6635.53,4.04,5,6,0,4,0,685,106,Free
12/5/2024 19:34:37,22.00,6636.34,4.04,5,6,0,4,0,686,181,Free
12/5/2024 19:34:38,22.00,6637.55,4.04,5,6,0,4,0,687,582,Free
12/5/2024 19:34:40,22.00,6638.20,4.03,5,6,0,4,0,688,22,Free
12/5/2024 19:34:41,22.00,6638.83,4.03,5,6,0,4,0,689,0,Free
12/5/2024 19:34:42,22.00,6639.45,4.03,5,6,0,4,0,690,0,Free
12/5/2024 19:34:46,22.00,6640.08,4.03,5,6,0,4,0,691,0,Free
12/5/2024 19:43:42,21.75,6666.48,4.03,5,6,0,4,0,692,365,Free
12/5/2024 19:49:42,21.75,6695.36,4.03,5,6,0,4,0,692,0,Free
12/5/2024 19:49:47,21.75,6695.99,4.04,5,7,0,4,0,692,0,Free
12/5/2024 19:49:47,21.75,6696.61,4.03,5,8,0,4,0,692,0,Free
12/5/2024 19:49:49,21.75,6697.54,4.03,5,9,298,4,0,692,0,Free
12/5/2024 19:49:50,21.75,6698.35,4.03,5,10,181,4,0,692,0,Free
12/5/2024 19:50:21,21.75,6700.40,4.04,5,11,0,4,0,692,0,Free
12/5/2024 19:50:22,21.75,6701.08,4.04,5,12,47,4,0,692,0,Free
12/5/2024 19:50:56,22.00,6703.13,4.04,5,12,0,5,0,692,0,Free
12/5/2024 19:51:30,22.00,6706.34,4.03,5,12,0,5,0,693,1149,Free
12/5/2024 19:54:14,22.00,6715.00,4.04,5,12,0,5,0,694,331,Free
12/5/2024 19:54:18,22.00,6716.06,4.03,5,12,0,5,0,695,423,Free
12/5/2024 19:55:39,22.00,6720.40,4.03,5,12,0,5,0,696,0,Free
12/5/2024 19:55:47,22.00,6721.48,4.03,5,12,0,5,0,697,173,Free
12/5/2024 19:55:52,22.00,6722.26,4.03,5,12,0,5,0,698,148,Free
12/5/2024 19:55:57,22.00,6723.05,4.03,5,12,0,5,0,699,164,Free
12/5/2024 19:56:06,22.00,6727.40,4.04,5,12,0,5,0,700,3721,Free
12/5/2024 19:56:10,22.00,6728.03,4.03,5,12,0,5,0,701,0,Free
12/5/2024 19:56:16,22.00,6728.66,4.04,5,12,0,5,0,702,0,Free
12/5/2024 19:56:28,22.00,6729.57,4.03,5,12,0,5,0,703,5,Free
12/5/2024 19:56:32,22.00,6730.33,4.03,5,12,0,5,0,704,131,Free
12/5/2024 19:56:36,22.00,6730.96,4.03,5,12,0,5,0,705,0,Free
12/5/2024 19:56:38,22.00,6731.59,4.04,5,12,0,5,0,706,0,Free
12/5/2024 19:56:48,22.00,6732.50,4.03,5,12,0,5,0,707,0,Free
12/5/2024 19:57:02,22.00,6733.70,4.04,5,12,0,5,0,708,0,Free
12/5/2024 19:57:05,22.00,6734.33,4.03,5,12,0,5,0,709,0,Free
12/5/2024 19:57:07,22.00,6734.95,4.03,5,12,0,5,0,710,0,Free
12/5/2024 19:57:08,22.00,6735.94,4.04,5,12,0,5,0,711,356,Free
12/5/2024 19:57:11,22.00,6736.56,4.03,5,12,0,5,0,712,0,Free
12/5/2024 19:57:14,22.00,6737.19,4.03,5,12,0,5,0,713,0,Free
12/5/2024 19:57:18,22.00,6738.56,4.04,5,12,0,5,0,714,740,Free
12/5/2024 19:57:22,22.00,6741.18,4.03,5,12,0,5,0,715,1985,Free
12/5/2024 19:57:24,22.00,6743.30,4.04,5,12,0,5,0,716,1492,Free
12/5/2024 19:57:37,22.00,6745.17,4.03,5,12,0,5,0,717,957,Free
12/5/2024 19:57:40,22.00,6747.70,4.03,5,12,0,5,0,718,1902,Free
12/5/2024 19:57:42,22.00,6748.48,4.04,5,12,0,5,0,719,156,Free
12/5/2024 19:57:44,22.00,6749.28,4.03,5,12,0,5,0,720,163,Free
12/5/2024 19:57:45,22.00,6749.90,4.04,5,12,0,5,0,721,0,Free
12/5/2024 19:57:49,22.00,6750.66,4.04,5,12,0,5,0,722,122,Free
12/5/2024 19:57:51,22.00,6751.84,4.03,5,12,0,5,0,723,556,Free
12/5/2024 19:57:58,22.00,6752.77,4.03,5,12,0,5,0,724,14,Free
12/5/2024 19:58:00,22.00,6753.40,4.03,5,12,0,5,0,725,0,Free
12/5/2024 19:58:01,22.00,6754.03,4.03,5,12,0,5,0,726,0,Free
12/5/2024 19:58:01,22.00,6754.74,4.03,5,12,0,5,0,727,88,Free
12/5/2024 19:58:03,22.00,6755.44,4.03,5,12,0,5,0,728,72,Free
12/5/2024 19:58:04,22.00,6756.07,4.04,5,12,0,5,0,729,0,Free
12/5/2024 19:58:06,22.00,6756.70,4.04,5,12,0,5,0,730,0,Free
12/5/2024 19:58:09,22.00,6757.54,4.03,5,12,0,5,0,731,214,Free
12/5/2024 19:58:14,22.00,6758.17,4.03,5,12,0,5,0,732,0,Free
12/5/2024 19:58:15,22.00,6758.80,4.03,5,12,0,5,0,733,0,Free
12/5/2024 19:58:16,22.00,6760.18,4.04,5,12,0,5,0,734,758,Free
12/5/2024 19:58:18,22.00,6761.59,4.04,5,12,0,5,0,735,783,Free
12/5/2024 19:58:20,22.00,6762.90,4.03,5,12,0,5,0,736,682,Free
12/5/2024 19:58:25,22.00,6763.69,4.03,5,12,0,5,0,737,164,Free
12/5/2024 19:58:26,22.00,6765.01,4.04,5,12,0,5,0,738,690,Free
12/5/2024 19:58:32,22.00,6767.51,4.03,5,12,0,5,0,739,1876,Free
12/5/2024 19:58:43,22.00,6768.43,4.04,5,12,0,5,0,740,0,Free
12/5/2024 19:58:46,22.00,6769.05,4.03,5,12,0,5,0,741,0,Free
12/5/2024 19:58:49,22.00,6770.37,4.03,5,12,0,5,0,742,691,Free
12/5/2024 19:58:52,22.00,6771.64,4.03,5,12,0,5,0,743,641,Free
12/5/2024 19:58:55,22.00,6772.41,4.04,5,12,0,5,0,744,139,Free
12/5/2024 19:58:57,22.00,6773.18,4.03,5,12,0,5,0,745,139,Free
12/5/2024 19:58:59,22.00,6773.80,4.03,5,12,0,5,0,746,0,Free
12/5/2024 19:59:00,22.00,6774.43,4.03,5,12,0,5,0,747,0,Free
12/5/2024 19:59:01,22.00,6775.06,4.04,5,12,0,5,0,748,0,Free
12/5/2024 19:59:06,22.00,6775.94,4.03,5,12,0,5,0,749,248,Free
12/5/2024 19:59:30,22.00,6777.89,4.03,5,12,0,5,0,750,468,Free
12/5/2024 19:59:31,22.00,6778.52,4.03,5,12,0,5,0,751,0,Free
12/5/2024 19:59:32,22.00,6779.15,4.03,5,12,0,5,0,752,0,Free
12/5/2024 19:59:34,22.00,6779.78,4.03,5,12,0,5,0,753,0,Free
12/5/2024 19:59:36,22.00,6780.40,4.04,5,12,0,5,0,754,0,Free
12/5/2024 19:59:38,22.00,6781.03,4.04,5,12,0,5,0,755,0,Free
12/5/2024 19:59:39,22.00,6781.66,4.03,5,12,0,5,0,756,0,Free
12/5/2024 19:59:41,22.00,6782.29,4.04,5,12,0,5,0,757,0,Free
12/5/2024 19:59:42,22.00,6782.92,4.03,5,12,0,5,0,758,0,Free
12/5/2024 20:04:00,22.00,6806.95,4.03,5,12,0,5,0,758,0,Free
12/5/2024 20:13:49,22.00,6835.98,4.03,5,12,0,5,0,759,723,Free
12/5/2024 20:13:52,22.00,6836.61,4.04,5,12,0,5,0,760,0,Free
12/5/2024 20:13:55,22.00,6839.33,4.04,5,12,0,5,0,761,2092,Free
12/5/2024 20:14:00,22.00,6844.36,4.03,5,12,0,5,0,762,4398,Free
12/5/2024 20:14:12,22.00,6845.57,4.03,5,12,0,5,0,763,297,Free
12/5/2024 20:14:14,22.00,6846.25,4.03,5,12,0,5,0,764,47,Free
12/5/2024 20:14:16,22.00,6847.26,4.03,5,12,0,5,0,765,390,Free
12/5/2024 20:14:17,22.00,6848.30,4.03,5,12,0,5,0,766,406,Free
12/5/2024 20:14:27,22.00,6849.21,4.03,5,12,0,5,0,767,0,Free
12/5/2024 20:14:30,22.00,6850.47,4.03,5,12,0,5,0,768,640,Free
12/5/2024 20:14:31,22.00,6851.17,4.03,5,12,0,5,0,769,72,Free
12/5/2024 20:14:38,22.00,6857.84,4.03,5,12,0,5,0,770,6034,Free
12/5/2024 20:14:41,22.00,6860.39,4.04,5,12,0,5,0,771,1926,Free
12/5/2024 20:14:42,22.00,6861.35,4.03,5,12,0,5,0,772,331,Free
12/5/2024 20:14:43,22.00,6862.07,4.04,5,12,0,5,0,773,88,Free
12/5/2024 20:14:45,22.00,6862.69,4.03,5,12,0,5,0,774,0,Free
12/5/2024 20:14:47,22.00,6864.32,4.03,5,12,0,5,0,775,992,Free
12/5/2024 20:14:52,22.00,6865.81,4.03,5,12,0,5,0,776,858,Free
12/5/2024 20:14:56,22.00,6868.94,4.03,5,12,0,5,0,777,2502,Free
12/5/2024 20:14:58,22.00,6870.11,4.03,5,12,0,5,0,778,547,Free
12/5/2024 20:15:00,22.00,6870.90,4.03,5,12,0,5,0,779,163,Free
12/5/2024 20:15:00,22.00,6871.53,4.03,5,12,0,5,0,780,0,Free
12/5/2024 20:15:02,22.00,6872.81,4.03,5,12,0,5,0,781,648,Free
12/5/2024 20:15:04,22.00,6874.24,4.03,5,12,0,5,0,782,807,Free
12/5/2024 20:15:05,22.00,6874.87,4.03,5,12,0,5,0,783,0,Free
12/5/2024 20:15:08,22.00,6876.35,4.03,5,12,0,5,0,784,857,Free
12/5/2024 20:15:10,22.00,6877.14,4.03,5,12,0,5,0,785,163,Free
12/5/2024 20:15:14,22.00,6881.56,4.03,5,12,0,5,0,786,3795,Free
12/5/2024 20:15:19,22.00,6883.72,4.03,5,12,0,5,0,787,1525,Free
12/5/2024 20:15:41,22.00,6885.56,4.03,5,12,0,5,0,788,355,Free
12/5/2024 20:15:45,22.00,6887.07,4.03,5,12,0,5,0,789,882,Free
12/5/2024 20:15:50,22.00,6888.85,4.03,5,12,0,5,0,790,1149,Free
12/5/2024 20:15:52,22.00,6889.48,4.03,5,12,0,5,0,791,5,Free
12/5/2024 20:16:08,22.00,6890.68,4.03,5,12,0,5,0,792,0,Free
12/5/2024 20:16:09,22.00,6891.31,4.03,5,12,0,5,0,793,0,Free
12/5/2024 20:16:12,22.00,6893.35,4.03,5,12,0,5,0,794,1417,Free
12/5/2024 20:16:23,22.00,6894.26,4.03,5,12,0,5,0,795,0,Free
12/5/2024 20:16:25,22.00,6894.93,4.03,5,12,0,5,0,796,38,Free
12/5/2024 20:16:29,22.00,6895.56,4.04,5,12,0,5,0,797,0,Free
12/5/2024 20:16:31,22.00,6896.19,4.03,5,12,0,5,0,798,0,Free
12/5/2024 20:16:32,22.00,6896.84,4.03,5,12,0,5,0,799,30,Free
12/5/2024 20:16:32,22.00,6897.50,4.03,5,12,0,5,0,800,30,Free
12/5/2024 20:16:36,22.00,6899.34,4.04,5,12,0,5,0,801,1207,Free
12/5/2024 20:16:42,22.00,6900.34,4.03,5,12,0,5,0,802,80,Free
12/5/2024 20:16:44,22.00,6900.96,4.04,5,12,0,5,0,803,0,Free
12/5/2024 20:16:45,22.00,6901.60,4.03,5,12,0,5,0,804,0,Free
12/5/2024 20:16:49,22.00,6902.53,4.04,5,12,0,5,0,805,306,Free
12/5/2024 20:16:51,22.00,6903.23,4.04,5,12,0,5,0,806,72,Free
12/5/2024 20:16:53,22.00,6904.26,4.04,5,12,0,5,0,807,406,Free
12/5/2024 20:16:55,22.00,6905.44,4.03,5,12,0,5,0,808,548,Free
12/5/2024 20:16:58,22.00,6906.06,4.04,5,12,0,5,0,809,0,Free
12/5/2024 20:16:59,22.00,6906.69,4.04,5,12,0,5,0,810,0,Free
12/5/2024 20:17:00,22.00,6907.40,4.04,5,12,0,5,0,811,80,Free
12/5/2024 20:17:02,22.00,6908.03,4.03,5,12,0,5,0,812,0,Free
12/5/2024 20:17:16,22.00,6909.23,4.03,5,12,0,5,0,813,0,Free
12/5/2024 20:17:19,22.00,6910.60,4.04,5,12,0,5,0,814,740,Free
12/5/2024 20:17:40,22.00,6912.18,4.03,5,12,0,5,0,815,98,Free
12/5/2024 20:17:53,22.00,6913.41,4.03,5,12,0,5,0,816,30,Free
12/5/2024 20:17:54,22.00,6914.43,4.03,5,12,0,5,0,817,398,Free
12/5/2024 20:17:57,22.00,6916.02,4.03,5,12,0,5,0,818,957,Free
12/5/2024 20:17:59,22.00,6917.47,4.03,5,12,0,5,0,819,824,Free
12/5/2024 20:18:02,22.00,6918.25,4.03,5,12,0,5,0,820,156,Free
12/5/2024 20:18:26,22.00,6919.92,4.03,5,12,0,5,0,821,188,Free
12/5/2024 20:18:27,22.00,6920.60,4.03,5,12,0,5,0,822,47,Free
12/5/2024 20:18:40,22.00,6932.93,4.03,5,12,0,5,0,822,0,Free
12/5/2024 20:24:25,22.00,6949.83,4.03,5,12,0,6,0,822,0,Free
12/5/2024 20:27:00,22.00,6957.59,4.04,5,12,0,6,0,823,0,Free
12/5/2024 20:27:02,22.00,6958.34,4.03,5,12,0,6,0,824,122,Free
12/5/2024 20:36:43,22.00,6997.78,4.03,5,12,0,6,0,824,0,Free
12/5/2024 20:38:10,22.00,7002.47,4.03,5,12,0,6,0,825,64,Free
12/5/2024 20:39:03,22.00,7005.47,4.03,5,12,0,6,0,826,81,Free
12/5/2024 20:39:04,22.00,7006.43,4.04,5,12,0,6,0,827,331,Free
12/5/2024 20:39:19,22.00,7007.70,4.03,5,12,0,6,0,828,72,Free
12/5/2024 20:39:19,22.00,7008.35,4.03,5,12,0,6,0,829,22,Free
12/5/2024 20:39:22,22.00,7008.98,4.03,5,12,0,6,0,830,0,Free
12/5/2024 20:39:29,22.00,7009.89,4.03,5,12,0,6,0,831,0,Free
12/5/2024 20:39:31,22.00,7010.54,4.03,5,12,0,6,0,832,22,Free
12/5/2024 20:39:32,22.00,7011.28,4.03,5,12,0,6,0,833,114,Free
12/5/2024 20:39:33,22.00,7012.70,4.04,5,12,0,6,0,834,791,Free
12/5/2024 20:39:37,22.00,7013.33,4.03,5,12,0,6,0,835,5,Free
12/5/2024 20:39:38,22.00,7014.47,4.03,5,12,0,6,0,836,506,Free
12/5/2024 20:39:39,22.00,7015.13,4.03,5,12,0,6,0,837,38,Free
12/5/2024 20:39:40,22.00,7015.76,4.03,5,12,0,6,0,838,0,Free
12/5/2024 20:39:42,22.00,7016.39,4.03,5,12,0,6,0,839,0,Free
12/5/2024 20:39:47,22.00,7017.58,4.03,5,12,0,6,0,840,564,Free
12/5/2024 20:39:53,22.00,7019.12,4.03,5,12,0,6,0,841,915,Free
12/5/2024 20:39:59,22.00,7023.15,4.04,5,12,0,6,0,842,3395,Free
12/5/2024 20:40:02,22.00,7023.86,4.03,5,12,0,6,0,843,88,Free
12/5/2024 20:40:04,22.00,7024.74,4.03,5,12,0,6,0,844,247,Free
12/5/2024 20:40:06,22.00,7025.37,4.03,5,12,0,6,0,845,0,Free
12/5/2024 20:40:10,22.00,7028.16,4.03,5,12,0,6,0,846,2167,Free
12/5/2024 20:40:12,22.00,7029.81,4.03,5,12,0,6,0,847,1023,Free
12/5/2024 20:40:17,22.00,7031.37,4.03,5,12,0,6,0,848,924,Free
12/5/2024 20:40:20,22.00,7033.21,4.03,5,12,0,6,0,849,1216,Free
12/5/2024 20:40:23,22.00,7034.29,4.03,5,12,0,6,0,850,448,Free
12/5/2024 20:40:25,22.00,7035.05,4.03,5,12,0,6,0,851,131,Free
12/5/2024 20:40:25,22.00,7035.67,4.03,5,12,0,6,0,852,0,Free
12/5/2024 20:41:01,22.00,7038.03,4.03,5,12,0,6,0,853,298,Free
12/5/2024 20:41:04,22.00,7039.89,4.04,5,12,0,6,0,854,1233,Free
12/5/2024 20:41:05,22.00,7040.52,4.04,5,12,0,6,0,855,0,Free
12/5/2024 20:41:11,22.00,7041.15,4.04,5,12,0,6,0,856,0,Free
12/5/2024 20:41:13,22.00,7041.78,4.03,5,12,0,6,0,857,0,Free
12/5/2024 20:41:19,22.00,7043.25,4.04,5,12,0,6,0,858,841,Free
12/5/2024 20:41:20,22.00,7044.27,4.03,5,12,0,6,0,859,390,Free
12/5/2024 20:41:24,22.00,7044.97,4.03,5,12,0,6,0,860,72,Free
12/5/2024 20:41:27,22.00,7045.59,4.03,5,12,0,6,0,861,0,Free
12/5/2024 20:41:34,22.00,7046.51,4.03,5,12,0,6,0,862,0,Free
12/5/2024 20:41:35,22.00,7047.13,4.03,5,12,0,6,0,863,0,Free
12/5/2024 20:42:06,22.00,7049.85,4.03,5,12,0,6,0,864,665,Free
12/5/2024 20:42:12,22.00,7050.48,4.03,5,12,0,6,0,865,0,Free
12/5/2024 20:42:15,22.00,7051.15,4.03,5,12,0,6,0,866,38,Free
12/5/2024 20:42:17,22.00,7052.12,4.03,5,12,0,6,0,867,339,Free
12/5/2024 20:42:18,22.00,7052.74,4.03,5,12,0,6,0,868,0,Free
12/5/2024 20:42:29,22.00,7054.10,4.03,5,12,0,6,0,869,448,Free
12/5/2024 20:42:36,22.00,7055.70,4.03,5,12,0,6,0,870,964,Free
12/5/2024 20:52:30,22.00,7095.71,4.03,5,12,0,6,0,870,0,Free
12/5/2024 20:56:40,22.00,7108.04,4.03,5,12,0,6,0,871,0,Free
12/5/2024 20:56:59,22.00,7109.53,4.03,5,12,0,6,0,872,0,Free
12/5/2024 21:05:33,21.75,7136.75,4.03,5,12,0,6,0,873,2335,Free
12/5/2024 21:05:35,21.75,7138.17,4.03,5,12,0,6,0,874,790,Free
12/5/2024 21:05:39,21.75,7139.63,4.03,5,12,0,6,0,875,833,Free
12/5/2024 21:05:40,21.75,7140.27,4.03,5,12,0,6,0,876,14,Free
12/5/2024 21:05:40,21.75,7141.07,4.03,5,12,0,6,0,877,172,Free
12/5/2024 21:05:43,21.75,7142.26,4.03,5,12,0,6,0,878,564,Free
12/5/2024 21:05:48,21.75,7142.90,4.03,5,12,0,6,0,879,0,Free
12/5/2024 21:06:06,21.75,7145.56,4.03,5,12,0,6,0,880,1466,Free
12/5/2024 21:06:15,21.75,7146.63,4.03,5,12,0,6,0,881,155,Free
12/5/2024 21:06:20,21.75,7147.26,4.03,5,12,0,6,0,882,0,Free
12/5/2024 21:06:24,21.75,7147.89,4.03,5,12,0,6,0,883,0,Free
12/5/2024 21:06:26,21.75,7148.56,4.03,5,12,0,6,0,884,48,Free
12/5/2024 21:06:28,21.75,7149.19,4.03,5,12,0,6,0,885,0,Free
12/5/2024 21:06:30,21.75,7149.82,4.03,5,12,0,6,0,886,0,Free
12/5/2024 21:06:36,21.75,7150.95,4.03,5,12,0,6,0,887,222,Free
12/5/2024 21:06:39,21.75,7153.18,4.03,5,12,0,6,0,888,1600,Free
12/5/2024 21:06:42,21.75,7153.90,4.03,5,12,0,6,0,889,89,Free
12/5/2024 21:06:43,21.75,7154.52,4.03,5,12,0,6,0,890,0,Free
12/5/2024 21:06:48,21.75,7155.79,4.03,5,12,0,6,0,891,640,Free
12/5/2024 21:06:49,21.75,7156.64,4.03,5,12,0,6,0,892,214,Free
12/5/2024 21:06:50,21.75,7157.29,4.04,5,12,0,6,0,893,30,Free
12/5/2024 21:06:59,21.75,7158.73,4.03,5,12,0,6,0,894,522,Free
12/5/2024 21:07:07,21.75,7159.64,4.03,5,12,0,6,0,895,0,Free
12/5/2024 21:07:10,21.75,7160.46,4.03,5,12,0,6,0,896,189,Free
12/5/2024 21:07:11,21.75,7161.36,4.03,5,12,0,6,0,897,280,Free
12/5/2024 21:07:16,21.75,7162.00,4.03,5,12,0,6,0,898,5,Free
12/5/2024 21:07:21,21.75,7164.71,4.03,5,12,0,6,0,899,2082,Free
12/5/2024 21:07:37,21.75,7165.91,4.03,5,12,0,6,0,900,0,Free
12/5/2024 21:07:38,21.75,7166.70,4.03,5,12,0,6,0,901,164,Free
12/5/2024 21:07:46,21.75,7168.82,4.03,5,12,0,6,0,902,1207,Free
12/5/2024 21:07:53,21.75,7169.73,4.03,5,12,0,6,0,903,0,Free
12/5/2024 21:08:06,21.75,7171.16,4.03,5,12,0,6,0,904,513,Free
12/5/2024 21:08:11,21.75,7175.93,4.03,5,12,0,6,0,905,4148,Free
12/5/2024 21:08:13,21.75,7177.20,4.04,5,12,0,6,0,906,640,Free
12/5/2024 21:08:16,21.75,7179.58,4.03,5,12,0,6,0,907,1743,Free
12/5/2024 21:08:18,21.75,7180.65,4.03,5,12,0,6,0,908,447,Free
12/5/2024 21:08:22,21.75,7182.81,4.03,5,12,0,6,0,909,1533,Free
12/5/2024 21:08:25,21.75,7183.94,4.03,5,12,0,6,0,910,498,Free
12/5/2024 21:08:37,21.75,7196.27,4.03,5,12,0,6,0,910,0,Free
12/5/2024 21:18:43,21.75,7225.44,4.03,5,12,0,6,0,911,0,Free
12/5/2024 21:22:20,21.75,7236.84,4.03,5,12,0,6,0,912,781,Free
12/5/2024 21:22:21,21.75,7237.46,4.03,5,12,0,6,0,913,0,Free
12/5/2024 21:22:25,21.75,7238.18,4.03,5,12,0,6,0,914,81,Free
12/5/2024 21:22:27,21.75,7238.80,4.03,5,12,0,6,0,915,0,Free
12/5/2024 21:22:28,21.75,7239.43,4.03,5,12,0,6,0,916,0,Free
12/5/2024 21:22:29,21.75,7240.06,4.03,5,12,0,6,0,917,0,Free
12/5/2024 21:22:30,21.75,7240.90,4.03,5,12,0,6,0,918,214,Free
12/5/2024 21:22:32,21.75,7241.56,4.03,5,12,0,6,0,919,30,Free
12/5/2024 21:22:33,21.75,7242.18,4.03,5,12,0,6,0,920,0,Free
12/5/2024 21:22:35,21.75,7242.81,4.03,5,12,0,6,0,921,0,Free
12/5/2024 21:22:42,21.75,7243.73,4.03,5,12,0,6,0,922,0,Free
12/5/2024 21:22:44,21.75,7244.49,4.03,5,12,0,6,0,923,139,Free
12/5/2024 21:22:47,21.75,7245.12,4.03,5,12,0,6,0,924,0,Free
12/5/2024 21:22:48,21.75,7245.75,4.03,5,12,0,6,0,925,0,Free
12/5/2024 21:22:50,21.75,7246.38,4.03,5,12,0,6,0,926,0,Free
12/5/2024 21:22:53,21.75,7247.98,4.03,5,12,0,6,0,927,974,Free
12/5/2024 21:22:56,21.75,7249.11,4.04,5,12,0,6,0,928,507,Free
12/5/2024 21:23:11,21.75,7250.31,4.03,5,12,0,6,0,929,0,Free
12/5/2024 21:23:18,21.75,7251.48,4.03,5,12,0,6,0,930,256,Free
12/5/2024 21:23:19,21.75,7252.32,4.03,5,12,0,6,0,931,213,Free
12/5/2024 21:23:23,21.75,7253.75,4.03,5,12,0,6,0,932,790,Free
12/5/2024 21:23:26,21.75,7254.99,4.03,5,12,0,6,0,933,615,Free
12/5/2024 21:23:29,21.75,7255.62,4.03,5,12,0,6,0,934,0,Free
12/5/2024 21:23:31,21.75,7257.07,4.03,5,12,0,6,0,935,824,Free
12/5/2024 21:23:35,21.75,7258.07,4.03,5,12,0,6,0,936,373,Free
12/5/2024 21:23:48,21.75,7259.33,4.03,5,12,0,6,0,937,64,Free
12/5/2024 21:23:49,21.75,7260.09,4.03,5,12,0,6,0,938,131,Free
12/5/2024 21:23:50,21.75,7260.72,4.03,5,12,0,6,0,939,0,Free
12/5/2024 21:23:54,21.75,7262.96,4.03,5,12,0,6,0,940,1608,Free
12/5/2024 21:23:55,21.75,7264.25,4.03,5,12,0,6,0,941,665,Free
12/5/2024 21:24:06,21.75,7265.27,4.03,5,12,0,6,0,942,106,Free
12/5/2024 21:24:12,21.75,7265.90,4.03,5,12,0,6,0,943,0,Free
12/5/2024 21:24:12,21.75,7266.52,4.03,5,12,0,6,0,944,0,Free
12/5/2024 21:24:14,21.75,7267.66,4.03,5,12,0,6,0,945,514,Free
12/5/2024 21:24:21,22.00,7272.88,4.03,5,12,0,6,0,946,4589,Free
12/5/2024 21:24:28,22.00,7275.76,4.03,5,12,0,6,0,947,2251,Free
12/5/2024 21:24:31,22.00,7278.67,4.03,5,12,0,6,0,948,2285,Free
12/5/2024 21:24:44,22.00,7291.01,4.03,5,12,0,6,0,948,0,Free
12/5/2024 21:25:20,22.00,7295.79,4.03,5,12,0,6,0,949,2727,Free
12/5/2024 21:37:44,21.75,7331.52,4.03,5,12,0,6,0,950,0,Free
12/5/2024 21:38:47,21.75,7335.31,4.03,5,12,0,7,314,950,0,Free
12/5/2024 21:42:53,21.75,7358.78,4.03,5,12,0,7,0,950,0,Free
12/5/2024 21:44:58,22.00,7365.11,4.03,5,12,0,7,0,951,0,Free
12/5/2024 21:48:16,21.75,7375.76,4.04,5,12,0,7,0,952,881,Free
12/5/2024 21:48:22,21.75,7376.41,4.03,5,12,0,7,0,953,22,Free
12/5/2024 21:48:25,21.75,7377.40,4.03,5,12,0,7,0,954,356,Free
12/5/2024 21:48:28,21.75,7379.51,4.03,5,12,0,7,0,955,1484,Free
12/5/2024 21:48:30,21.75,7380.26,4.03,5,12,0,7,0,956,122,Free
12/5/2024 21:48:31,21.75,7380.89,4.03,5,12,0,7,0,957,0,Free
12/5/2024 21:48:32,21.75,7381.52,4.03,5,12,0,7,0,958,0,Free
12/5/2024 21:48:39,21.75,7382.43,4.03,5,12,0,7,0,959,0,Free
12/5/2024 21:48:41,21.75,7383.30,4.03,5,12,0,7,0,960,239,Free
12/5/2024 21:48:44,21.75,7384.27,4.03,5,12,0,7,0,961,348,Free
12/5/2024 21:48:47,21.75,7386.51,4.03,5,12,0,7,0,962,1608,Free
12/5/2024 21:48:48,21.75,7387.46,4.03,5,12,0,7,0,963,322,Free
12/5/2024 21:48:50,21.75,7388.15,4.03,5,12,0,7,0,964,63,Free
12/5/2024 21:48:57,21.75,7393.40,4.03,5,12,0,7,0,965,4622,Free
12/5/2024 21:49:08,21.75,7394.71,4.03,5,12,0,7,0,966,397,Free
12/5/2024 21:49:09,21.75,7396.34,4.03,5,12,0,7,0,967,1007,Free
12/5/2024 21:49:12,21.75,7397.22,4.03,5,12,0,7,0,968,247,Free
12/5/2024 21:49:15,21.75,7399.04,4.03,5,12,0,7,0,969,1191,Free
12/5/2024 21:49:17,21.75,7399.87,4.03,5,12,0,7,0,970,206,Free
12/5/2024 21:49:18,21.75,7400.59,4.03,5,12,0,7,0,971,88,Free
12/5/2024 21:49:23,21.75,7401.72,4.03,5,12,0,7,0,972,506,Free
12/5/2024 21:49:24,21.75,7402.35,4.03,5,12,0,7,0,973,0,Free
12/5/2024 21:49:28,21.75,7404.31,4.03,5,12,0,7,0,974,1333,Free
12/5/2024 21:49:31,21.75,7406.22,4.03,5,12,0,7,0,975,1283,Free
12/5/2024 21:49:44,21.75,7407.87,4.03,5,12,0,7,0,976,740,Free
12/5/2024 21:49:49,21.75,7412.43,4.03,5,12,0,7,0,977,3929,Free
12/5/2024 21:49:50,21.75,7413.11,4.03,5,12,0,7,0,978,47,Free
12/5/2024 21:49:55,21.75,7417.51,4.03,5,12,0,7,0,979,3771,Free
12/5/2024 21:50:02,21.75,7419.17,4.03,5,12,0,7,0,980,1032,Free
12/5/2024 21:50:04,21.75,7419.91,4.03,5,12,0,7,0,981,114,Free
12/5/2024 21:50:07,21.75,7421.47,4.03,5,12,0,7,0,982,940,Free
12/5/2024 21:50:08,21.75,7422.27,4.03,5,12,0,7,0,983,155,Free
12/5/2024 21:50:13,21.75,7423.22,4.03,5,12,0,7,0,984,331,Free
12/5/2024 21:50:20,21.75,7428.55,4.03,5,12,0,7,0,985,4698,Free
12/5/2024 21:50:23,21.75,7430.19,4.03,5,12,0,7,0,986,1007,Free
12/5/2024 21:50:28,21.75,7431.24,4.03,5,12,0,7,0,987,423,Free
12/5/2024 21:50:30,21.75,7431.86,4.03,5,12,0,7,0,988,0,Free
12/5/2024 21:50:33,21.75,7432.49,4.03,5,12,0,7,0,989,0,Free
12/5/2024 21:50:34,21.75,7433.85,4.03,5,12,0,7,0,990,732,Free
12/5/2024 21:50:38,21.75,7434.48,4.03,5,12,0,7,0,991,0,Free
12/5/2024 21:50:39,21.75,7435.25,4.03,5,12,0,7,0,992,148,Free
12/5/2024 21:50:40,21.75,7436.02,4.03,5,12,0,7,0,993,131,Free
12/5/2024 21:50:41,21.75,7437.39,4.03,5,12,0,7,0,994,749,Free
12/5/2024 21:50:42,21.75,7438.19,4.03,5,12,0,7,0,995,173,Free
12/5/2024 21:50:46,21.75,7438.84,4.03,5,12,0,7,0,996,14,Free
12/5/2024 21:50:49,21.75,7440.06,4.03,5,12,0,7,0,997,598,Free
12/5/2024 21:50:55,22.00,7441.65,4.03,5,12,0,7,0,998,965,Free
12/5/2024 21:50:59,22.00,7444.17,4.03,5,12,0,7,0,999,1885,Free
12/5/2024 21:51:01,22.00,7446.12,4.03,5,12,0,7,0,1000,1325,Free
12/5/2024 21:51:04,22.00,7448.86,4.03,5,12,0,7,0,1001,2111,Free
12/5/2024 21:51:09,22.00,7449.49,4.03,5,12,0,7,0,1002,0,Free
12/5/2024 21:51:14,22.00,7450.11,4.03,5,12,0,7,0,1003,0,Free
12/5/2024 21:51:19,22.00,7451.19,4.03,5,12,0,7,0,1004,448,Free
12/5/2024 21:51:21,22.00,7451.82,4.03,5,12,0,7,0,1005,0,Free
12/5/2024 21:51:24,22.00,7453.21,4.03,5,12,0,7,0,1006,765,Free
12/5/2024 21:51:50,22.00,7455.99,4.03,5,12,0,7,0,1007,1007,Free
12/5/2024 21:51:54,22.00,7456.86,4.03,5,12,0,7,0,1008,247,Free
12/5/2024 21:51:58,22.00,7458.45,4.03,5,12,0,7,0,1009,949,Free
12/5/2024 21:52:04,22.00,7460.16,4.03,5,12,0,7,0,1010,1083,Free
12/5/2024 21:52:08,22.00,7461.93,4.03,5,12,0,7,0,1011,1140,Free
12/5/2024 21:52:11,22.00,7464.81,4.03,5,12,0,7,0,1012,2259,Free
12/5/2024 21:52:13,22.00,7465.90,4.03,5,12,0,7,0,1013,456,Free
12/5/2024 21:52:24,22.00,7466.86,4.03,5,12,0,7,0,1014,47,Free
12/5/2024 21:52:36,22.00,7469.12,4.03,5,12,0,7,0,1015,1349,Free
12/5/2024 21:52:46,22.00,7477.21,4.03,5,12,0,7,0,1016,7467,Free
12/5/2024 21:52:49,22.00,7478.58,4.03,5,12,0,7,0,1017,731,Free
12/5/2024 21:52:58,22.00,7480.31,4.03,5,12,0,7,0,1018,823,Free
12/5/2024 21:52:59,22.00,7481.35,4.03,5,12,0,7,0,1019,405,Free
12/5/2024 21:53:01,22.00,7482.00,4.03,5,12,0,7,0,1020,22,Free
12/5/2024 21:53:04,22.00,7484.04,4.03,5,12,0,7,0,1021,1415,Free
12/5/2024 21:53:07,22.00,7484.98,4.03,5,12,0,7,0,1022,321,Free
12/5/2024 21:53:18,22.00,7485.90,4.03,5,12,0,7,0,1023,0,Free
12/5/2024 21:53:22,22.00,7486.97,4.03,5,12,0,7,0,1024,439,Free
12/5/2024 21:57:52,22.00,7511.57,4.03,5,12,0,7,0,1024,0,Free
12/5/2024 22:11:19,21.75,7550.45,4.03,5,12,0,7,0,1025,0,Free
12/5/2024 22:11:24,21.75,7551.07,4.03,5,12,0,7,0,1026,0,Free
12/5/2024 22:11:25,21.75,7551.70,4.03,5,12,0,7,0,1027,0,Free
12/5/2024 22:11:26,21.75,7552.48,4.03,5,12,0,7,0,1028,155,Free
12/5/2024 22:11:32,21.75,7553.11,4.03,5,12,0,7,0,1029,0,Free
12/5/2024 22:11:36,21.75,7553.74,4.02,5,12,0,7,0,1030,0,Free
12/5/2024 22:11:40,21.75,7554.37,4.03,5,12,0,7,0,1031,0,Free
12/5/2024 22:11:41,21.75,7555.00,4.03,5,12,0,7,0,1032,0,Free
12/5/2024 22:11:43,21.75,7555.62,4.03,5,12,0,7,0,1033,0,Free
12/5/2024 22:11:47,21.75,7558.93,4.03,5,12,0,7,0,1034,2677,Free
12/5/2024 22:11:57,21.75,7559.84,4.03,5,12,0,7,0,1035,0,Free
12/5/2024 22:12:06,21.75,7567.08,4.03,5,12,0,7,0,1036,6608,Free
12/5/2024 22:12:09,21.75,7568.27,4.03,5,12,0,7,0,1037,556,Free
12/5/2024 22:12:13,21.75,7570.00,4.03,5,12,0,7,0,1038,1108,Free
12/5/2024 22:12:16,21.75,7572.56,4.03,5,12,0,7,0,1039,1926,Free
12/5/2024 22:12:19,21.75,7573.53,4.03,5,12,0,7,0,1040,348,Free
12/5/2024 22:12:31,21.75,7574.45,4.03,5,12,0,7,0,1041,0,Free
12/5/2024 22:12:33,21.75,7575.52,4.03,5,12,0,7,0,1042,440,Free
12/5/2024 22:12:36,21.75,7576.14,4.03,5,12,0,7,0,1043,0,Free
12/5/2024 22:12:38,21.75,7576.82,4.03,5,12,0,7,0,1044,47,Free
12/5/2024 22:12:47,21.75,7577.79,4.03,5,12,0,7,0,1045,56,Free
12/5/2024 22:12:48,21.75,7578.65,4.03,5,12,0,7,0,1046,231,Free
12/5/2024 22:12:51,21.75,7579.27,4.03,5,12,0,7,0,1047,0,Free
12/5/2024 22:12:55,21.75,7580.47,4.03,5,12,0,7,0,1048,564,Free
12/5/2024 22:13:01,21.75,7581.10,4.03,5,12,0,7,0,1049,0,Free
12/5/2024 22:13:02,21.75,7581.72,4.03,5,12,0,7,0,1050,0,Free
12/5/2024 22:13:05,21.75,7583.73,4.03,5,12,0,7,0,1051,1383,Free
12/5/2024 22:13:13,21.75,7586.48,4.03,5,12,0,7,0,1052,1834,Free
12/5/2024 22:13:21,21.75,7587.39,4.03,5,12,0,7,0,1053,0,Free
12/5/2024 22:13:26,21.75,7591.32,4.03,5,12,0,7,0,1054,3303,Free
12/5/2024 22:13:44,21.75,7593.11,4.03,5,12,0,7,0,1055,589,Free
12/5/2024 22:13:45,21.75,7593.93,4.03,5,12,0,7,0,1056,189,Free
12/5/2024 22:13:47,21.75,7594.56,4.03,5,12,0,7,0,1057,0,Free
12/5/2024 22:13:58,21.75,7595.51,4.03,5,12,0,7,0,1058,38,Free
12/5/2024 22:14:03,21.75,7596.51,4.03,5,12,0,7,0,1059,373,Free
12/5/2024 22:14:05,21.75,7598.39,4.03,5,12,0,7,0,1060,1249,Free
12/5/2024 22:14:29,21.75,7611.29,4.03,5,12,0,7,0,1060,0,Free
12/5/2024 22:15:34,22.00,7614.90,4.03,5,12,0,7,0,1061,130,Free
12/5/2024 22:15:40,22.00,7615.82,4.03,5,12,0,7,0,1062,0,Free
12/5/2024 22:15:43,22.00,7617.25,4.03,5,12,0,7,0,1063,798,Free
12/5/2024 22:15:54,22.00,7619.06,4.03,5,12,0,7,0,1064,899,Free
12/5/2024 22:15:58,22.00,7621.73,4.03,5,12,0,7,0,1065,2043,Free
12/5/2024 22:16:07,22.00,7629.79,4.03,5,12,0,7,0,1066,7428,Free
12/5/2024 22:16:09,22.00,7630.77,4.03,5,12,0,7,0,1067,348,Free
12/5/2024 22:16:15,22.00,7631.39,4.03,5,12,0,7,0,1068,0,Free
12/5/2024 22:16:17,22.00,7632.49,4.03,5,12,0,7,0,1069,464,Free
12/5/2024 22:16:19,22.00,7633.55,4.02,5,12,0,7,0,1070,440,Free
12/5/2024 22:16:21,22.00,7635.43,4.03,5,12,0,7,0,1071,1249,Free
12/5/2024 22:16:27,22.00,7637.88,4.03,5,12,0,7,0,1072,1825,Free
12/5/2024 22:16:32,22.00,7642.13,4.03,5,12,0,7,0,1073,3613,Free
12/5/2024 22:16:34,22.00,7643.65,4.03,5,12,0,7,0,1074,899,Free
12/5/2024 22:16:36,22.00,7645.23,4.03,5,12,0,7,0,1075,949,Free
12/5/2024 22:16:42,22.00,7646.28,4.03,5,12,0,7,0,1076,423,Free
12/5/2024 22:16:44,22.00,7648.28,4.03,5,12,0,7,0,1077,1375,Free
12/5/2024 22:16:59,22.00,7649.69,4.03,5,12,0,7,0,1078,205,Free
12/5/2024 22:17:01,22.00,7650.34,4.03,5,12,0,7,0,1079,30,Free
12/5/2024 22:31:55,21.75,7704.63,4.03,5,12,0,7,0,1079,0,Free
12/5/2024 22:36:05,22.00,7716.96,4.03,5,13,0,7,0,1079,0,Free
12/5/2024 22:36:54,22.00,7719.89,4.03,5,13,0,8,14,1079,0,Free
12/5/2024 22:36:55,22.00,7720.51,4.03,5,13,0,8,0,1080,0,Free
12/5/2024 22:37:00,22.00,7721.14,4.03,5,13,0,9,0,1080,0,Free
12/5/2024 22:37:02,22.00,7721.77,4.03,5,13,0,9,0,1081,0,Free
12/5/2024 22:37:19,22.00,7723.27,4.03,5,13,0,9,0,1082,306,Free
12/5/2024 22:37:25,22.00,7724.19,4.03,5,13,0,9,0,1083,0,Free
12/5/2024 22:37:33,22.00,7725.16,4.03,5,13,0,9,0,1084,64,Free
12/5/2024 22:37:36,22.00,7725.80,4.03,5,13,0,9,0,1085,0,Free
12/5/2024 22:37:40,22.00,7726.43,4.03,5,13,0,9,0,1086,0,Free
12/5/2024 22:37:42,22.00,7727.89,4.03,5,13,0,9,0,1087,832,Free
12/5/2024 22:37:55,21.75,7731.93,4.03,5,13,0,9,0,1088,3136,Free
12/5/2024 22:37:56,21.75,7732.56,4.03,5,13,0,9,0,1089,0,Free
12/5/2024 22:37:58,21.75,7733.19,4.03,5,13,0,9,0,1090,0,Free
12/5/2024 22:38:01,21.75,7734.07,4.03,5,13,0,9,0,1091,255,Free
12/5/2024 22:38:02,21.75,7734.70,4.03,5,13,0,9,0,1092,0,Free
12/5/2024 22:38:03,21.75,7735.79,4.03,5,13,0,9,0,1093,456,Free
12/5/2024 22:38:04,21.75,7736.49,4.03,5,13,0,9,0,1094,71,Free
12/5/2024 22:38:08,21.75,7737.11,4.03,5,13,0,9,0,1095,0,Free
12/5/2024 22:38:10,21.75,7738.12,4.03,5,13,0,9,0,1096,381,Free
12/5/2024 22:38:11,21.75,7738.86,4.03,5,13,0,9,0,1097,113,Free
12/5/2024 22:38:12,21.75,7739.62,4.03,5,13,0,9,0,1098,130,Free
12/5/2024 22:38:33,21.75,7741.14,4.03,5,13,0,9,0,1099,30,Free
12/5/2024 22:38:34,21.75,7742.13,4.03,5,13,0,9,0,1100,364,Free
12/5/2024 22:38:46,21.75,7743.06,4.03,5,13,0,9,0,1101,22,Free
12/5/2024 22:38:57,22.00,7743.98,4.03,5,13,0,9,0,1102,0,Free
12/5/2024 22:38:59,22.00,7744.60,4.03,5,13,0,9,0,1103,0,Free
12/5/2024 22:39:43,22.00,7747.23,4.03,5,13,0,9,0,1104,0,Free
12/5/2024 22:48:30,21.75,7784.11,4.03,5,13,0,9,0,1104,0,Free
12/5/2024 22:54:41,22.00,7802.20,4.03,5,13,0,10,55,1104,0,Free
12/5/2024 22:54:51,22.00,7803.16,4.03,5,13,0,11,47,1104,0,Free
12/5/2024 23:01:38,21.75,7823.00,4.03,5,13,0,11,0,1105,80,Free
12/5/2024 23:05:06,21.75,7833.33,4.03,5,13,0,11,0,1106,0,Free
12/5/2024 23:05:09,21.75,7833.96,4.03,5,13,0,11,0,1107,0,Free
12/5/2024 23:05:10,21.75,7834.69,4.03,5,13,0,11,0,1108,105,Free
12/5/2024 23:05:17,21.75,7836.40,4.03,5,13,0,11,0,1109,789,Free
12/5/2024 23:06:23,21.75,7851.30,4.03,5,13,0,11,0,1109,0,Free
12/5/2024 23:10:14,21.75,7867.85,4.03,5,13,0,11,0,1110,5361,Free
12/5/2024 23:10:23,21.75,7876.45,4.03,5,13,0,11,0,1111,7972,Free
12/5/2024 23:10:31,21.75,7877.36,4.03,5,13,0,11,0,1112,0,Free
12/5/2024 23:10:33,21.75,7878.37,4.03,5,13,0,11,0,1113,380,Free
12/5/2024 23:10:36,21.75,7879.50,4.02,5,13,0,11,0,1114,505,Free
12/5/2024 23:10:45,21.75,7880.46,4.02,5,13,0,11,0,1115,39,Free
12/5/2024 23:10:46,21.75,7881.08,4.03,5,13,0,11,0,1116,0,Free
12/5/2024 23:10:47,21.75,7882.19,4.03,5,13,0,11,0,1117,481,Free
12/5/2024 23:10:55,21.75,7883.40,4.03,5,13,0,11,0,1118,298,Free
12/5/2024 23:11:02,21.75,7884.60,4.03,5,13,0,11,0,1119,288,Free
12/5/2024 23:11:03,21.75,7885.33,4.03,5,13,0,11,0,1120,97,Free
12/5/2024 23:11:04,21.75,7886.31,4.03,5,13,0,11,0,1121,347,Free
12/5/2024 23:11:07,21.75,7886.93,4.03,5,13,0,11,0,1122,0,Free
12/5/2024 23:11:08,21.75,7887.56,4.03,5,13,0,11,0,1123,0,Free
12/5/2024 23:11:12,21.75,7889.00,4.03,5,13,0,11,0,1124,806,Free
12/5/2024 23:11:15,21.75,7891.31,4.03,5,13,0,11,0,1125,1683,Free
12/5/2024 23:11:17,21.75,7891.94,4.03,5,13,0,11,0,1126,0,Free
12/5/2024 23:11:20,21.75,7892.56,4.02,5,13,0,11,0,1127,0,Free
12/5/2024 23:11:24,21.75,7895.10,4.03,5,13,0,11,0,1128,1909,Free
12/5/2024 23:11:27,21.75,7896.90,4.03,5,13,0,11,0,1129,1174,Free
12/5/2024 23:11:35,21.75,7900.24,4.03,5,13,0,11,0,1130,2427,Free
12/5/2024 23:11:37,21.75,7900.87,4.03,5,13,0,11,0,1131,0,Free
12/5/2024 23:11:38,21.75,7901.50,4.03,5,13,0,11,0,1132,0,Free
12/5/2024 23:11:41,21.75,7903.42,4.03,5,13,0,11,0,1133,1290,Free
12/5/2024 23:11:50,21.75,7904.33,4.03,5,13,0,11,0,1134,0,Free
12/5/2024 23:11:51,21.75,7905.78,4.03,5,13,0,11,0,1135,816,Free
12/5/2024 23:11:54,21.75,7907.72,4.03,5,13,0,11,0,1136,1308,Free
12/5/2024 23:11:55,21.75,7908.36,4.02,5,13,0,11,0,1137,14,Free
12/5/2024 23:11:57,21.75,7909.89,4.03,5,13,0,11,0,1138,897,Free
12/5/2024 23:11:59,22.00,7911.29,4.02,5,13,0,11,0,1139,774,Free
12/5/2024 23:12:03,22.00,7912.43,4.03,5,13,0,11,0,1140,514,Free
12/5/2024 23:12:05,22.00,7913.82,4.03,5,13,0,11,0,1141,764,Free
12/5/2024 23:12:12,22.00,7914.73,4.03,5,13,0,11,0,1142,0,Free
12/5/2024 23:12:15,22.00,7916.91,4.03,5,13,0,11,0,1143,1549,Free
12/5/2024 23:12:21,22.00,7921.84,4.03,5,13,0,11,0,1144,4303,Free
12/5/2024 23:12:22,22.00,7922.84,4.03,5,13,0,11,0,1145,364,Free
12/5/2024 23:12:25,22.00,7923.56,4.03,5,13,0,11,0,1146,97,Free
12/5/2024 23:12:27,22.00,7925.30,4.03,5,13,0,11,0,1147,1116,Free
12/5/2024 23:12:33,22.00,7929.53,4.03,5,13,0,11,0,1148,3597,Free
12/5/2024 23:12:35,22.00,7931.28,4.03,5,13,0,11,0,1149,1124,Free
12/5/2024 23:12:38,22.00,7933.08,4.02,5,13,0,11,0,1150,1174,Free
12/5/2024 23:12:40,22.00,7934.85,4.03,5,13,0,11,0,1151,1141,Free
12/5/2024 23:12:41,22.00,7936.29,4.03,5,13,0,11,0,1152,806,Free
12/5/2024 23:12:47,22.00,7937.02,4.03,5,13,0,11,0,1153,105,Free
12/5/2024 23:12:52,22.00,7938.82,4.02,5,13,0,11,0,1154,1175,Free
12/5/2024 23:12:55,22.00,7940.33,4.03,5,13,0,11,0,1155,881,Free
12/5/2024 23:12:56,22.00,7941.28,4.03,5,13,0,11,0,1156,323,Free
12/5/2024 23:13:02,22.00,7944.08,4.03,5,13,0,11,0,1157,2168,Free
12/5/2024 23:13:12,22.00,7946.35,4.03,5,13,0,11,0,1158,1358,Free
12/5/2024 23:13:29,22.00,7949.02,4.03,5,13,0,11,0,1159,1475,Free
12/5/2024 23:13:32,22.00,7949.65,4.03,5,13,0,11,0,1160,0,Free
12/5/2024 23:13:40,22.00,7952.32,4.03,5,13,0,11,0,1161,1759,Free
12/5/2024 23:13:42,22.00,7952.96,4.03,5,13,0,11,0,1162,0,Free
12/5/2024 23:21:48,21.75,7987.84,4.02,5,13,0,11,0,1162,0,Free
12/5/2024 23:40:00,21.75,8051.55,4.03,5,13,0,11,0,1162,0,Free
12/5/2024 23:58:12,21.75,8115.25,4.03,5,13,0,11,0,1162,0,Free
12/6/2024 0:16:24,21.75,8178.96,4.02,5,13,0,11,0,1162,0,Free
12/6/2024 0:17:40,21.75,8183.13,4.02,5,13,0,11,0,1163,114,Free
12/6/2024 0:17:43,21.75,8183.96,4.03,5,13,0,11,0,1164,206,Free
12/6/2024 0:17:44,21.75,8184.59,4.02,5,13,0,11,0,1165,0,Free
12/6/2024 0:18:13,21.75,8186.68,4.02,5,13,0,11,0,1166,315,Free
12/6/2024 0:18:14,21.75,8187.30,4.03,5,13,0,11,0,1167,0,Free
12/6/2024 0:18:22,21.75,8189.12,4.02,5,13,0,11,0,1168,907,Free
12/6/2024 0:18:28,21.75,8192.23,4.03,5,13,0,11,0,1169,2485,Free
12/6/2024 0:18:33,21.75,8194.07,4.02,5,13,0,11,0,1170,1206,Free
12/6/2024 0:18:38,21.75,8196.05,4.02,5,13,0,11,0,1171,1358,Free
12/6/2024 0:18:38,21.75,8196.70,4.03,5,13,0,11,0,1172,14,Free
12/6/2024 0:18:48,21.75,8197.62,4.03,5,13,0,11,0,1173,0,Free
12/6/2024 0:18:52,21.75,8199.06,4.03,5,13,0,11,0,1174,815,Free
12/6/2024 0:18:58,21.75,8200.17,4.03,5,13,0,11,0,1175,482,Free
12/6/2024 0:19:00,21.75,8200.80,4.02,5,13,0,11,0,1176,0,Free
12/6/2024 0:19:11,21.75,8201.71,4.02,5,13,0,11,0,1177,0,Free
12/6/2024 0:19:13,21.75,8202.34,4.02,5,13,0,11,0,1178,0,Free
12/6/2024 0:19:15,21.75,8203.41,4.03,5,13,0,11,0,1179,448,Free
12/6/2024 0:19:16,21.75,8204.04,4.03,5,13,0,11,0,1180,0,Free
12/6/2024 0:19:18,21.75,8204.67,4.02,5,13,0,11,0,1181,0,Free
12/6/2024 0:19:20,21.75,8205.30,4.03,5,13,0,11,0,1182,0,Free
12/6/2024 0:19:23,21.75,8205.93,4.02,5,13,0,11,0,1183,0,Free
12/6/2024 0:19:25,21.75,8206.56,4.02,5,13,0,11,0,1184,0,Free
12/6/2024 0:19:26,21.75,8207.19,4.03,5,13,0,11,0,1185,0,Free
12/6/2024 0:19:27,21.75,8207.92,4.03,5,13,0,11,0,1186,105,Free
12/6/2024 0:19:31,21.75,8211.28,4.03,5,13,0,11,0,1187,2727,Free
12/6/2024 0:19:33,21.75,8212.20,4.02,5,13,0,11,0,1188,289,Free
12/6/2024 0:19:36,21.75,8213.96,4.02,5,13,0,11,0,1189,1133,Free
12/6/2024 0:19:38,21.75,8214.59,4.03,5,13,0,11,0,1190,0,Free
12/6/2024 0:19:46,21.75,8216.54,4.02,5,13,0,11,0,1191,1040,Free
12/6/2024 0:19:56,21.75,8217.45,4.02,5,13,0,11,0,1192,0,Free
12/6/2024 0:20:10,21.75,8219.64,4.03,5,13,0,11,0,1193,990,Free
12/6/2024 0:20:16,21.75,8220.32,4.03,5,13,0,11,0,1194,50,Free
12/6/2024 0:20:17,21.75,8221.29,4.03,5,13,0,11,0,1195,339,Free
12/6/2024 0:20:19,21.75,8221.92,4.02,5,13,0,11,0,1196,0,Free
12/6/2024 0:20:24,21.75,8222.54,4.02,5,13,0,11,0,1197,0,Free
12/6/2024 0:20:26,21.75,8223.17,4.02,5,13,0,11,0,1198,0,Free
12/6/2024 0:20:27,21.75,8224.45,4.03,5,13,0,11,0,1199,648,Free
12/6/2024 0:20:28,21.75,8225.46,4.03,5,13,0,11,0,1200,381,Free
12/6/2024 0:20:30,21.75,8226.56,4.03,5,13,0,11,0,1201,482,Free
12/6/2024 0:20:33,21.75,8227.19,4.03,5,13,0,11,0,1202,0,Free
12/6/2024 0:20:37,21.75,8228.29,4.03,5,13,0,11,0,1203,473,Free
12/6/2024 0:20:48,21.75,8229.31,4.02,5,13,0,11,0,1204,105,Free
12/6/2024 0:21:03,21.75,8230.51,4.02,5,13,0,11,0,1205,0,Free
12/6/2024 0:21:14,21.75,8231.51,4.03,5,13,0,11,0,1206,88,Free
12/6/2024 0:21:16,21.75,8232.19,4.03,5,13,0,11,0,1207,55,Free
12/6/2024 0:21:33,21.75,8234.15,4.02,5,13,0,11,0,1208,756,Free
12/6/2024 0:21:37,21.75,8235.10,4.03,5,13,0,11,0,1209,323,Free
12/6/2024 0:21:43,21.75,8235.89,4.02,5,13,0,11,0,1210,166,Free
12/6/2024 0:21:45,21.75,8236.52,4.02,5,13,0,11,0,1211,0,Free
12/6/2024 0:21:50,21.75,8237.53,4.02,5,13,0,11,0,1212,372,Free
12/6/2024 0:22:06,21.75,8238.73,4.02,5,13,0,11,0,1213,0,Free
12/6/2024 0:22:15,21.75,8240.12,4.02,5,13,0,11,0,1214,481,Free
12/6/2024 0:22:19,21.75,8242.34,4.02,5,13,0,11,0,1215,1592,Free
12/6/2024 0:22:28,21.75,8243.30,4.02,5,13,0,11,0,1216,47,Free
12/6/2024 0:22:38,21.75,8244.32,4.02,5,13,0,11,0,1217,105,Free
12/6/2024 0:22:44,21.75,8245.28,4.02,5,13,0,11,0,1218,330,Free
12/6/2024 0:22:48,21.75,8245.91,4.03,5,13,0,11,0,1219,0,Free
12/6/2024 0:22:59,21.75,8247.00,4.03,5,13,0,11,0,1220,181,Free
12/6/2024 0:23:07,21.75,8247.92,4.03,5,13,0,11,0,1221,0,Free
12/6/2024 0:23:09,21.75,8248.54,4.03,5,13,0,11,0,1222,0,Free
12/6/2024 0:23:14,21.75,8250.46,4.03,5,13,0,11,0,1223,1283,Free
12/6/2024 0:23:15,21.75,8251.20,4.02,5,13,0,11,0,1224,113,Free
12/6/2024 0:23:17,21.75,8251.82,4.03,5,13,0,11,0,1225,0,Free
12/6/2024 0:27:45,21.75,8265.01,4.03,5,14,0,11,0,1225,0,Free
12/6/2024 0:28:26,21.75,8268.62,4.03,5,14,0,11,0,1226,1273,Free
12/6/2024 0:28:27,21.75,8269.28,4.02,5,14,0,11,0,1227,22,Free
12/6/2024 0:28:28,21.75,8269.90,4.02,5,14,0,11,0,1228,0,Free
12/6/2024 0:28:36,21.75,8271.37,4.03,5,14,0,11,0,1229,556,Free
12/6/2024 0:28:44,21.75,8272.38,4.03,5,14,0,11,0,1230,88,Free
12/6/2024 0:28:49,21.75,8275.04,4.02,5,14,0,11,0,1231,2035,Free
12/6/2024 0:29:00,21.75,8276.13,4.03,5,14,0,11,0,1232,181,Free
12/6/2024 0:29:06,21.75,8278.26,4.02,5,14,0,11,0,1233,1499,Free
12/6/2024 0:29:15,21.75,8280.57,4.03,5,14,0,11,0,1234,1400,Free
12/6/2024 0:29:19,21.75,8281.20,4.02,5,14,0,11,0,1235,0,Free
12/6/2024 0:29:27,21.75,8282.12,4.02,5,14,0,11,0,1236,0,Free
12/6/2024 0:29:37,21.75,8284.87,4.03,5,14,0,11,0,1237,1842,Free
12/6/2024 0:29:37,21.75,8285.51,4.02,5,14,0,11,0,1238,0,Free
12/6/2024 0:29:39,21.75,8286.22,4.03,5,14,0,11,0,1239,89,Free
12/6/2024 0:29:51,21.75,8287.74,4.02,5,14,0,11,0,1240,315,Free
12/6/2024 0:29:53,21.75,8288.43,4.03,5,14,0,11,0,1241,63,Free
12/6/2024 0:29:53,21.75,8289.06,4.02,5,14,0,11,0,1242,0,Free
12/6/2024 0:30:00,21.75,8289.97,4.02,5,14,0,11,0,1243,0,Free
12/6/2024 0:30:05,21.75,8292.28,4.02,5,14,0,11,0,1244,1683,Free
12/6/2024 0:30:08,21.75,8293.31,4.03,5,14,0,11,0,1245,397,Free
12/6/2024 0:30:10,21.75,8294.01,4.02,5,14,0,11,0,1246,72,Free
12/6/2024 0:30:22,21.75,8306.34,4.02,5,14,0,11,0,1246,0,Free
12/6/2024 0:30:28,21.75,8306.97,4.00,5,14,0,11,0,1247,0,Free
12/6/2024 0:33:50,21.75,8317.01,4.02,5,14,0,11,0,1248,0,Free
12/6/2024 0:48:32,21.75,8370.73,4.03,5,14,0,11,0,1248,0,Free
12/6/2024 0:56:18,21.75,8393.44,4.03,5,14,0,11,0,1249,106,Free
12/6/2024 0:56:24,21.75,8394.07,4.03,5,14,0,11,0,1250,0,Free
12/6/2024 0:56:31,21.75,8395.01,4.02,5,14,0,11,0,1251,31,Free
12/6/2024 0:56:39,21.75,8396.91,4.01,5,14,0,11,0,1252,982,Free
12/6/2024 0:56:41,21.75,8397.73,4.02,5,14,0,11,0,1253,197,Free
12/6/2024 0:56:46,21.75,8398.36,4.02,5,14,0,11,0,1254,0,Free
12/6/2024 0:56:51,21.75,8398.99,4.02,5,14,0,11,0,1255,0,Free
12/6/2024 0:56:54,21.75,8401.90,4.02,5,14,0,11,0,1256,2284,Free
12/6/2024 0:57:00,21.75,8402.72,4.02,5,14,0,11,0,1257,189,Free
12/6/2024 0:57:03,21.75,8403.39,4.02,5,14,0,11,0,1258,38,Free
12/6/2024 0:57:04,21.75,8404.01,4.02,5,14,0,11,0,1259,0,Free
12/6/2024 0:57:06,21.75,8405.71,4.03,5,14,0,11,0,1260,1065,Free
12/6/2024 0:57:07,21.75,8406.33,4.02,5,14,0,11,0,1261,0,Free
12/6/2024 0:57:08,21.75,8407.04,4.02,5,14,0,11,0,1262,81,Free
12/6/2024 0:57:18,21.75,8407.97,4.02,5,14,0,11,0,1263,13,Free
12/6/2024 0:57:22,21.75,8409.18,4.03,5,14,0,11,0,1264,573,Free
12/6/2024 0:57:30,21.75,8410.33,4.03,5,14,0,11,0,1265,239,Free
12/6/2024 0:57:31,21.75,8411.43,4.02,5,14,0,11,0,1266,473,Free
12/6/2024 0:57:34,21.75,8412.36,4.02,5,14,0,11,0,1267,305,Free
12/6/2024 0:57:36,21.75,8413.58,4.02,5,14,0,11,0,1268,590,Free
12/6/2024 0:57:42,21.75,8416.56,4.02,5,14,0,11,0,1269,2351,Free
12/6/2024 0:57:44,21.75,8417.91,4.02,5,14,0,11,0,1270,724,Free
12/6/2024 0:57:48,21.75,8418.93,4.03,5,14,0,11,0,1271,389,Free
12/6/2024 0:57:50,21.75,8419.56,4.03,5,14,0,11,0,1272,5,Free
12/6/2024 0:57:51,21.75,8420.19,4.03,5,14,0,11,0,1273,0,Free
12/6/2024 0:57:52,21.75,8420.96,4.02,5,14,0,11,0,1274,139,Free
12/6/2024 0:58:00,21.75,8425.86,4.02,5,14,0,11,0,1275,4267,Free
12/6/2024 0:58:03,21.75,8427.78,4.02,5,14,0,11,0,1276,1301,Free
12/6/2024 0:58:05,21.75,8429.09,4.02,5,14,0,11,0,1277,682,Free
12/6/2024 0:58:06,21.75,8429.74,4.03,5,14,0,11,0,1278,14,Free
12/6/2024 0:58:11,21.75,8430.65,4.02,5,14,0,11,0,1279,289,Free
12/6/2024 0:58:14,21.75,8432.21,4.02,5,14,0,11,0,1280,933,Free
12/6/2024 0:58:17,21.75,8433.21,4.02,5,14,0,11,0,1281,373,Free
12/6/2024 0:58:25,21.75,8434.13,4.02,5,14,0,11,0,1282,0,Free
12/6/2024 0:58:27,21.75,8434.85,4.02,5,14,0,11,0,1283,89,Free
12/6/2024 0:58:34,21.75,8435.76,4.03,5,14,0,11,0,1284,0,Free
12/6/2024 0:58:36,21.75,8437.74,4.03,5,14,0,11,0,1285,1351,Free
12/6/2024 0:58:42,21.75,8438.67,4.03,5,14,0,11,0,1286,306,Free
12/6/2024 0:58:47,21.75,8441.82,4.02,5,14,0,11,0,1287,2521,Free
12/6/2024 0:58:52,21.75,8444.37,4.02,5,14,0,11,0,1288,1919,Free
12/6/2024 0:58:57,21.75,8446.10,4.02,5,14,0,11,0,1289,1109,Free
12/6/2024 0:58:59,21.75,8447.04,4.02,5,14,0,11,0,1290,297,Free
12/6/2024 0:59:01,21.75,8448.23,4.02,5,14,0,11,0,1291,556,Free
12/6/2024 1:00:05,21.75,8451.71,4.03,5,14,0,11,0,1292,0,Free
12/6/2024 1:00:08,21.75,8453.57,4.02,5,14,0,11,0,1293,1233,Free
12/6/2024 1:00:13,21.75,8454.19,4.03,5,14,0,11,0,1294,0,Free
12/6/2024 1:00:17,21.75,8454.82,4.02,5,14,0,11,0,1295,0,Free
12/6/2024 1:00:32,21.75,8456.02,4.02,5,14,0,11,0,1296,0,Free
12/6/2024 1:00:34,21.75,8457.44,4.02,5,14,0,11,0,1297,790,Free
12/6/2024 1:00:48,21.75,8458.85,4.02,5,14,0,11,0,1298,206,Free
12/6/2024 1:01:01,21.75,8460.05,4.02,5,14,0,11,0,1299,0,Free
12/6/2024 1:01:04,21.75,8460.67,4.02,5,14,0,11,0,1300,0,Free
12/6/2024 1:01:25,21.75,8462.16,4.02,5,14,0,11,0,1301,0,Free
12/6/2024 1:01:26,21.75,8462.87,4.02,5,14,0,11,0,1302,80,Free
12/6/2024 1:04:02,21.75,8482.05,4.02,5,14,0,11,0,1302,0,Free
12/6/2024 1:07:39,21.75,8492.95,4.02,5,14,0,12,0,1302,0,Free
12/6/2024 1:20:59,21.75,8531.54,4.02,5,14,0,12,0,1303,0,Free
12/6/2024 1:21:17,21.75,8533.12,4.02,5,14,0,12,0,1304,97,Free
12/6/2024 1:21:22,21.75,8535.50,4.03,5,14,0,12,0,1305,1751,Free
12/6/2024 1:21:29,21.75,8536.41,4.02,5,14,0,12,0,1306,0,Free
12/6/2024 1:21:30,21.75,8537.04,4.02,5,14,0,12,0,1307,0,Free
12/6/2024 1:21:35,21.75,8537.67,4.02,5,14,0,12,0,1308,0,Free
12/6/2024 1:21:48,21.75,8550.00,4.02,5,14,0,12,0,1308,0,Free
12/6/2024 1:22:59,21.75,8553.77,4.02,5,14,0,12,0,1309,0,Free
12/6/2024 1:23:07,21.75,8554.68,4.03,5,14,0,12,0,1310,0,Free
12/6/2024 1:23:08,21.75,8555.31,4.02,5,14,0,12,0,1311,0,Free
12/6/2024 1:23:11,21.75,8555.94,4.03,5,14,0,12,0,1312,0,Free
12/6/2024 1:23:18,21.75,8556.85,4.02,5,14,0,12,0,1313,0,Free
12/6/2024 1:23:19,21.75,8557.49,4.03,5,14,0,12,0,1314,0,Free
12/6/2024 1:23:43,21.75,8559.14,4.02,5,14,0,12,0,1315,172,Free
12/6/2024 1:24:03,21.75,8560.63,4.02,5,14,0,12,0,1316,0,Free
12/6/2024 1:24:10,21.75,8561.54,4.03,5,14,0,12,0,1317,0,Free
12/6/2024 1:24:14,21.75,8563.03,4.02,5,14,0,12,0,1318,865,Free
12/6/2024 1:24:54,21.75,8565.63,4.02,5,14,0,12,0,1319,256,Free
12/6/2024 1:39:24,21.75,8618.78,4.02,5,14,0,12,0,1319,0,Free
12/6/2024 1:57:36,21.75,8682.49,4.02,5,14,0,12,0,1319,0,Free
12/6/2024 2:06:34,21.75,8708.55,4.02,5,14,0,13,30,1319,0,Free
12/6/2024 2:15:46,21.75,8746.56,4.02,5,14,0,13,0,1319,0,Free
12/6/2024 2:33:58,21.75,8810.27,4.02,5,14,0,13,0,1319,0,Free
12/6/2024 2:52:10,21.75,8873.98,4.02,5,14,0,13,0,1319,0,Free
12/6/2024 3:10:22,21.75,8937.68,4.02,5,14,0,13,0,1319,0,Free
12/6/2024 3:28:34,21.75,9001.39,4.02,5,14,0,13,0,1319,0,Free
12/6/2024 3:46:46,21.75,9065.10,4.02,5,14,0,13,0,1319,0,Free
12/6/2024 4:04:58,21.50,9128.81,4.02,5,14,0,13,0,1319,0,Free
12/6/2024 4:23:10,21.50,9192.51,4.02,5,14,0,13,0,1319,0,Free
12/6/2024 4:41:22,21.50,9256.22,4.02,5,14,0,13,0,1319,0,Free
12/6/2024 4:59:34,21.50,9319.92,4.02,5,14,0,13,0,1319,0,Free
12/6/2024 5:17:46,21.50,9383.63,4.01,5,14,0,13,0,1319,0,Free
12/6/2024 5:24:29,21.50,9403.38,4.02,5,14,0,13,0,1320,0,Free
12/6/2024 5:30:33,21.50,9421.14,4.02,5,14,0,13,0,1321,0,Free
12/6/2024 5:32:50,21.50,9428.11,4.02,5,14,0,13,0,1322,63,Free
12/6/2024 5:32:51,21.50,9428.95,4.01,5,14,0,13,0,1323,214,Free
12/6/2024 5:33:03,21.50,9430.49,4.02,5,14,0,13,0,1324,622,Free
12/6/2024 5:33:18,21.50,9434.07,4.01,5,14,0,13,0,1325,2386,Free
12/6/2024 5:33:26,21.50,9435.65,4.02,5,14,0,13,0,1326,665,Free
12/6/2024 5:33:55,21.50,9437.42,4.01,5,14,0,13,0,1327,0,Free
12/6/2024 5:34:09,21.50,9438.62,4.01,5,14,0,13,0,1328,0,Free
12/6/2024 5:34:10,21.50,9439.25,4.02,5,14,0,13,0,1329,0,Free
12/6/2024 5:34:10,21.50,9440.01,4.02,5,14,0,13,0,1330,131,Free
12/6/2024 5:34:17,21.50,9440.93,4.01,5,14,0,13,0,1331,0,Free
12/6/2024 5:34:18,21.50,9441.55,4.01,5,14,0,13,0,1332,0,Free
12/6/2024 5:34:28,21.50,9442.61,4.01,5,14,0,13,0,1333,139,Free
12/6/2024 5:34:59,21.75,9444.60,4.02,5,14,0,13,0,1334,225,Free
12/6/2024 5:35:11,21.75,9456.93,4.02,5,14,0,13,0,1334,0,Free
12/6/2024 5:35:23,21.75,9457.86,4.01,5,14,0,13,0,1335,13,Free
12/6/2024 5:53:23,21.75,9521.00,4.01,5,14,0,13,0,1335,0,Free
12/6/2024 5:56:09,21.75,9529.33,4.01,5,15,0,13,0,1335,0,Free
12/6/2024 5:56:10,21.75,9529.96,4.02,5,16,0,13,0,1335,0,Free
12/6/2024 6:11:28,21.75,9585.39,4.01,5,16,0,13,0,1335,0,Free
12/6/2024 6:17:02,21.75,9601.71,4.01,5,16,0,13,0,1336,0,Free
12/6/2024 6:29:37,21.75,9649.44,4.01,5,16,0,13,0,1336,0,Free
12/6/2024 6:33:54,21.75,9662.05,4.01,5,16,0,14,0,1336,0,Free
12/6/2024 6:47:48,21.75,9713.49,4.01,5,16,0,14,0,1336,0,Free
12/6/2024 7:06:00,21.75,9777.19,4.01,5,16,0,14,0,1336,0,Free
12/6/2024 7:24:12,21.75,9840.90,4.01,5,16,0,14,0,1336,0,Free
12/6/2024 7:42:24,21.75,9904.61,4.01,5,16,0,14,0,1336,0,Free
12/6/2024 7:46:11,21.75,9916.91,4.01,5,16,0,14,0,1337,1117,Free
12/6/2024 7:46:27,21.75,9918.34,4.01,5,16,0,14,0,1338,231,Free
12/6/2024 7:46:30,21.75,9918.97,4.00,5,16,0,14,0,1339,0,Free
12/6/2024 7:46:31,21.75,9919.66,4.01,5,16,0,14,0,1340,63,Free
12/6/2024 7:47:18,21.75,9923.06,4.00,5,16,0,14,0,1341,773,Free
12/6/2024 7:47:28,21.75,9924.10,4.01,5,16,0,14,0,1342,130,Free
12/6/2024 7:47:34,21.75,9925.23,4.01,5,16,0,14,0,1343,497,Free
12/6/2024 7:47:39,21.75,9925.87,4.00,5,16,0,14,0,1344,0,Free
12/6/2024 7:47:40,21.75,9926.50,4.01,5,16,0,14,0,1345,0,Free
12/6/2024 7:47:44,21.75,9927.12,4.01,5,16,0,14,0,1346,0,Free
12/6/2024 7:47:45,21.75,9927.89,4.01,5,16,0,14,0,1347,139,Free
12/6/2024 7:47:46,21.75,9928.52,4.00,5,16,0,14,0,1348,0,Free
12/6/2024 7:47:47,21.75,9929.32,4.01,5,16,0,14,0,1349,171,Free
12/6/2024 7:47:50,21.75,9932.20,4.01,5,16,0,14,0,1350,2260,Free
12/6/2024 7:48:02,21.75,9933.12,4.01,5,16,0,14,0,1351,0,Free
12/6/2024 7:48:22,21.75,9934.60,4.02,5,16,0,14,0,1352,0,Free
12/6/2024 7:48:26,21.75,9935.37,4.01,5,16,0,14,0,1353,139,Free
12/6/2024 7:48:34,21.75,9940.72,4.01,5,16,0,14,0,1354,4723,Free
12/6/2024 7:48:51,21.75,9943.49,4.00,5,16,0,14,0,1355,1575,Free
12/6/2024 7:48:53,21.75,9944.15,4.00,5,16,0,14,0,1356,30,Free
12/6/2024 7:49:08,21.75,9946.30,4.01,5,16,0,14,0,1357,956,Free
12/6/2024 7:49:51,21.75,9949.47,4.01,5,16,0,14,0,1358,826,Free
12/6/2024 7:49:56,21.75,9951.03,4.00,5,16,0,14,0,1359,933,Free
12/6/2024 7:49:58,21.75,9951.66,4.01,5,16,0,14,0,1360,0,Free
12/6/2024 7:50:03,21.75,9952.40,4.01,5,16,0,14,0,1361,114,Free
12/6/2024 7:50:06,21.75,9954.12,4.01,5,16,0,14,0,1362,1091,Free
12/6/2024 7:50:09,21.75,9956.28,4.01,5,16,0,14,0,1363,1533,Free
12/6/2024 7:50:12,21.75,9957.32,4.00,5,16,0,14,0,1364,406,Free
12/6/2024 7:50:19,21.75,9958.44,4.01,5,16,0,14,0,1365,214,Free
12/6/2024 7:50:28,21.75,9959.90,4.01,5,16,0,14,0,1366,548,Free
12/6/2024 7:50:34,21.75,9960.84,4.00,5,16,0,14,0,1367,305,Free
12/6/2024 7:50:38,21.75,9962.41,4.01,5,16,0,14,0,1368,941,Free
12/6/2024 7:50:45,21.75,9963.32,4.01,5,16,0,14,0,1369,0,Free
12/6/2024 7:50:48,21.75,9963.95,4.01,5,16,0,14,0,1370,0,Free
12/6/2024 7:50:52,21.75,9966.58,4.01,5,16,0,14,0,1371,1993,Free
12/6/2024 7:51:03,21.75,9967.49,4.01,5,16,0,14,0,1372,0,Free
12/6/2024 7:51:07,21.75,9970.15,4.01,5,16,0,14,0,1373,2034,Free
12/6/2024 7:51:10,21.75,9970.78,4.01,5,16,0,14,0,1374,0,Free
12/6/2024 7:51:12,21.75,9971.75,4.01,5,16,0,14,0,1375,348,Free
12/6/2024 7:51:14,21.75,9972.76,4.01,5,16,0,14,0,1376,372,Free
12/6/2024 7:51:15,21.75,9973.39,4.02,5,16,0,14,0,1377,0,Free
12/6/2024 7:51:19,21.75,9974.01,4.01,5,16,0,14,0,1378,0,Free
12/6/2024 7:51:23,21.75,9975.07,4.00,5,16,0,14,0,1379,431,Free
12/6/2024 7:51:25,21.75,9976.06,4.01,5,16,0,14,0,1380,364,Free
12/6/2024 7:51:27,21.75,9976.95,4.01,5,16,0,14,0,1381,255,Free
12/6/2024 7:51:32,21.75,9979.13,4.00,5,16,0,14,0,1382,1557,Free
12/6/2024 7:51:34,21.75,9980.32,4.01,5,16,0,14,0,1383,556,Free
12/6/2024 7:51:37,21.75,9981.02,4.01,5,16,0,14,0,1384,73,Free
12/6/2024 7:51:48,21.75,9986.49,4.01,5,16,0,14,0,1385,4839,Free
12/6/2024 7:51:56,21.75,9992.19,4.01,5,16,0,14,0,1386,5079,Free
12/6/2024 7:52:02,21.75,9992.92,4.01,5,16,0,14,0,1387,97,Free
12/6/2024 7:52:03,21.75,9993.84,4.01,5,16,0,14,0,1388,289,Free
12/6/2024 7:52:08,21.75,9994.46,4.00,5,16,0,14,0,1389,0,Free
12/6/2024 7:52:16,21.75,9996.41,4.01,5,16,0,14,0,1390,1032,Free
12/6/2024 7:52:17,21.75,9997.21,4.01,5,16,0,14,0,1391,172,Free
12/6/2024 7:52:18,21.75,9997.84,4.00,5,16,0,14,0,1392,0,Free
12/6/2024 7:52:21,21.75,9998.47,4.01,5,16,0,14,0,1393,0,Free
12/6/2024 7:52:22,21.75,9999.23,4.01,5,16,0,14,0,1394,139,Free
12/6/2024 7:52:23,21.75,9999.86,4.01,5,16,0,14,0,1395,0,Free
12/6/2024 7:52:24,21.75,10000.49,4.01,5,16,0,14,0,1396,0,Free
12/6/2024 7:52:26,21.75,10001.12,4.01,5,16,0,14,0,1397,0,Free
12/6/2024 7:52:29,21.75,10003.79,4.01,5,16,0,14,0,1398,2035,Free
12/6/2024 7:52:44,21.75,10004.99,4.01,5,16,0,14,0,1399,0,Free
12/6/2024 7:52:47,21.75,10006.38,4.01,5,16,0,14,0,1400,765,Free
12/6/2024 7:52:53,21.75,10010.20,4.01,5,16,0,14,0,1401,3185,Free
12/6/2024 7:57:47,21.75,10035.94,4.01,5,16,0,14,0,1401,0,Free
12/6/2024 8:15:59,21.75,10099.65,4.01,5,16,0,14,0,1401,0,Free
12/6/2024 8:34:11,21.75,10163.35,4.00,5,16,0,14,0,1401,0,Free
12/6/2024 8:36:09,21.75,10169.40,4.01,5,16,0,14,0,1402,0,Free
12/6/2024 8:36:12,21.75,10172.15,4.00,5,16,0,14,0,1403,2117,Free
12/6/2024 8:52:18,21.75,10229.86,4.01,5,16,0,14,0,1403,0,Free
12/6/2024 9:10:30,21.75,10293.57,4.01,5,16,0,14,0,1403,0,Free
12/6/2024 9:28:42,21.75,10357.28,4.00,5,16,0,14,0,1403,0,Free
12/6/2024 9:46:54,21.50,10420.98,4.00,5,16,0,14,0,1403,0,Free
12/6/2024 10:03:11,21.75,10467.85,4.00,5,16,0,14,0,1404,0,Free
12/6/2024 10:03:13,21.75,10468.57,4.00,5,16,0,14,0,1405,96,Free
12/6/2024 10:03:14,21.75,10469.20,4.00,5,16,0,14,0,1406,0,Free
12/6/2024 10:03:51,21.75,10471.54,4.01,5,16,0,14,0,1407,0,Free
12/6/2024 10:03:52,21.75,10472.24,4.00,5,16,0,14,0,1408,73,Free
12/6/2024 10:03:53,21.75,10473.16,4.00,5,16,0,14,0,1409,288,Free
12/6/2024 10:03:58,21.75,10475.05,4.00,5,16,0,14,0,1410,1264,Free
12/6/2024 10:04:40,21.75,10488.81,4.00,5,16,0,14,0,1410,0,Free
12/6/2024 10:05:38,21.75,10492.40,4.00,5,16,0,14,0,1411,397,Free
12/6/2024 10:05:40,21.75,10493.45,4.00,5,16,0,14,0,1412,422,Free
12/6/2024 10:05:42,21.75,10494.78,4.00,5,16,0,14,0,1413,697,Free
12/6/2024 10:05:54,21.75,10496.33,4.00,5,16,0,14,0,1414,638,Free
12/6/2024 10:05:56,21.75,10496.96,4.00,5,16,0,14,0,1415,0,Free
12/6/2024 10:06:03,21.75,10497.89,4.00,5,16,0,14,0,1416,0,Free
12/6/2024 10:06:06,21.75,10498.51,4.00,5,16,0,14,0,1417,0,Free
12/6/2024 10:06:08,21.75,10499.93,4.00,5,16,0,14,0,1418,790,Free
12/6/2024 10:06:10,21.75,10500.56,4.00,5,16,0,14,0,1419,0,Free
12/6/2024 10:06:11,21.75,10501.19,4.00,5,16,0,14,0,1420,0,Free
12/6/2024 10:06:13,21.75,10501.81,4.00,5,16,0,14,0,1421,0,Free
12/6/2024 10:06:26,21.75,10504.60,4.00,5,16,0,14,0,1422,1873,Free
12/6/2024 10:06:28,21.75,10507.02,4.00,5,16,0,14,0,1423,1789,Free
12/6/2024 10:06:31,21.75,10508.90,4.00,5,16,0,14,0,1424,1248,Free
12/6/2024 10:06:34,21.75,10511.11,4.00,5,16,0,14,0,1425,1589,Free
12/6/2024 10:06:40,21.75,10512.61,4.00,5,16,0,14,0,1426,872,Free
12/6/2024 10:06:43,21.75,10515.37,4.00,5,16,0,14,0,1427,2132,Free
12/6/2024 10:06:45,21.75,10516.19,4.00,5,16,0,14,0,1428,188,Free
12/6/2024 10:06:49,21.75,10518.19,4.00,5,16,0,14,0,1429,1379,Free
12/6/2024 10:06:51,21.75,10518.83,4.00,5,16,0,14,0,1430,5,Free
12/6/2024 10:06:52,21.75,10519.45,4.00,5,16,0,14,0,1431,0,Free
12/6/2024 10:06:55,21.75,10520.61,4.00,5,16,0,14,0,1432,521,Free
12/6/2024 10:07:00,21.75,10524.67,4.00,5,16,0,14,0,1433,3440,Free
12/6/2024 10:07:01,21.75,10525.53,4.00,5,16,0,14,0,1434,230,Free
12/6/2024 10:07:04,21.75,10526.95,4.00,5,16,0,14,0,1435,789,Free
12/6/2024 10:07:05,21.75,10527.95,4.00,5,16,0,14,0,1436,371,Free
12/6/2024 10:07:07,21.75,10528.71,4.00,5,16,0,14,0,1437,129,Free
12/6/2024 10:07:11,21.75,10531.93,4.00,5,16,0,14,0,1438,2598,Free
12/6/2024 10:07:13,21.75,10532.68,4.00,5,16,0,14,0,1439,114,Free
12/6/2024 10:07:15,21.75,10534.63,4.00,5,16,0,14,0,1440,1323,Free
12/6/2024 10:07:18,21.75,10535.96,4.00,5,16,0,14,0,1441,705,Free
12/6/2024 10:07:19,21.75,10536.59,4.00,5,16,0,14,0,1442,0,Free
12/6/2024 10:07:26,21.75,10538.51,4.00,5,16,0,14,0,1443,1005,Free
12/6/2024 10:07:27,21.75,10539.44,4.00,5,16,0,14,0,1444,297,Free
12/6/2024 10:07:32,21.75,10540.28,4.00,5,16,0,14,0,1445,214,Free
12/6/2024 10:07:34,21.75,10540.91,4.00,5,16,0,14,0,1446,0,Free
12/6/2024 10:07:35,21.75,10541.93,4.00,5,16,0,14,0,1447,389,Free
12/6/2024 10:07:53,21.75,10543.74,4.00,5,16,0,14,0,1448,614,Free
12/6/2024 10:07:58,21.75,10544.37,4.00,5,16,0,14,0,1449,0,Free
12/6/2024 10:08:02,21.75,10547.31,4.00,5,16,0,14,0,1450,2314,Free
12/6/2024 10:08:06,21.75,10550.03,4.00,5,16,0,14,0,1451,2090,Free
12/6/2024 10:08:07,21.75,10550.65,4.00,5,16,0,14,0,1452,0,Free
12/6/2024 10:08:09,21.75,10551.40,4.00,5,16,0,14,0,1453,121,Free
12/6/2024 10:08:19,21.75,10552.32,4.00,5,16,0,14,0,1454,0,Free
12/6/2024 10:08:20,21.75,10552.95,4.00,5,16,0,14,0,1455,0,Free
12/6/2024 10:13:55,21.75,10570.43,4.00,5,16,0,14,0,1456,1157,Free
12/6/2024 10:19:58,21.75,10593.73,4.00,5,16,0,14,0,1457,5833,Free
12/6/2024 10:20:00,21.75,10595.00,4.00,5,16,0,14,0,1458,648,Free
12/6/2024 10:20:06,21.75,10595.63,4.00,5,16,0,14,0,1459,0,Free
12/6/2024 10:20:10,21.75,10597.61,4.00,5,16,0,14,0,1460,1350,Free
12/6/2024 10:20:22,21.75,10609.94,4.00,5,16,0,14,0,1460,0,Free
12/6/2024 10:20:27,21.75,10613.83,4.00,5,16,0,14,0,1461,3260,Free
12/6/2024 10:20:44,21.75,10615.55,4.00,5,16,0,14,0,1462,514,Free
12/6/2024 10:20:55,21.75,10616.53,4.00,5,16,0,14,0,1463,72,Free
12/6/2024 10:21:02,21.75,10617.66,4.00,5,16,0,14,0,1464,214,Free
12/6/2024 10:21:06,21.75,10618.41,4.00,5,16,0,14,0,1465,122,Free
12/6/2024 10:21:15,21.75,10619.34,4.00,5,16,0,14,0,1466,22,Free
12/6/2024 10:21:23,21.75,10620.74,4.00,5,16,0,14,0,1467,481,Free
12/6/2024 10:21:26,21.75,10621.37,4.00,5,16,0,14,0,1468,0,Free
12/6/2024 10:21:31,21.75,10623.36,4.00,5,16,0,14,0,1469,1358,Free
12/6/2024 10:21:32,21.75,10624.01,4.00,5,16,0,14,0,1470,22,Free
12/6/2024 10:21:33,21.75,10624.65,4.00,5,16,0,14,0,1471,13,Free
12/6/2024 10:21:38,21.75,10625.44,4.00,5,16,0,14,0,1472,164,Free
12/6/2024 10:21:45,21.75,10626.60,4.00,5,16,0,14,0,1473,247,Free
12/6/2024 10:21:46,21.75,10627.57,4.00,5,16,0,14,0,1474,340,Free
12/6/2024 10:21:47,21.75,10628.65,4.00,5,16,0,14,0,1475,448,Free
12/6/2024 10:22:28,21.75,10630.99,4.00,5,16,0,14,0,1476,0,Free
12/6/2024 10:22:34,21.75,10634.57,4.00,5,16,0,14,0,1477,2952,Free
12/6/2024 10:22:37,21.75,10635.38,4.00,5,16,0,14,0,1478,181,Free
12/6/2024 10:22:38,21.75,10636.61,4.00,5,16,0,14,0,1479,607,Free
12/6/2024 10:22:49,21.75,10640.63,4.00,5,16,0,14,0,1480,3110,Free
12/6/2024 10:22:54,21.75,10643.78,4.00,5,16,0,14,0,1481,2518,Free
12/6/2024 10:23:11,21.75,10645.23,4.00,5,16,0,14,0,1482,256,Free
12/6/2024 10:23:12,21.75,10645.86,4.00,5,16,0,14,0,1483,0,Free
12/6/2024 10:23:14,21.75,10647.00,4.00,5,16,0,14,0,1484,514,Free
12/6/2024 10:23:31,21.75,10649.98,4.00,5,16,0,14,0,1485,1775,Free
12/6/2024 10:23:34,21.75,10652.64,4.00,5,16,0,14,0,1486,2033,Free
12/6/2024 10:23:39,21.75,10655.59,4.00,5,16,0,14,0,1487,2318,Free
