Timestamp,Temperature,ElapsedSecs,BatteryVoltage,DeviceNumber,LeftCount,LeftDur,RightCount,RightDur,LeftFeedCount,LeftFeedDur,FeedParadigm
12/4/2024 15:54:52,21.25,16.76,4.10,6,0,0,1,0,0,0,Free
12/4/2024 15:54:52,21.25,17.11,4.09,6,1,0,1,0,0,0,Free
12/4/2024 15:55:03,21.25,27.94,4.09,6,1,0,1,0,0,0,Free
12/4/2024 16:03:45,21.50,53.08,4.10,6,1,0,1,0,1,37,Free
12/4/2024 16:03:48,21.50,53.71,4.09,6,1,0,1,0,2,2,Free
12/4/2024 16:11:34,21.75,76.24,4.09,6,1,0,1,0,3,0,Free
12/4/2024 16:13:08,21.75,91.06,4.09,6,1,0,1,0,3,0,Free
12/4/2024 16:16:59,21.75,102.49,4.09,6,1,0,1,0,4,0,Free
12/4/2024 16:17:00,21.75,103.12,4.09,6,1,0,1,0,5,2,Free
12/4/2024 16:24:53,22.00,125.93,4.10,6,1,0,1,0,6,0,Free
12/4/2024 16:25:56,22.00,129.40,4.09,6,1,0,1,0,7,0,Free
12/4/2024 16:31:06,22.00,154.46,4.09,6,1,0,1,0,7,0,Free
12/4/2024 16:31:46,22.00,156.79,4.09,6,1,0,1,0,8,0,Free
12/4/2024 16:33:22,22.00,162.02,4.09,6,1,0,1,0,9,334,Free
12/4/2024 16:33:25,22.00,162.74,4.09,6,1,0,1,0,10,97,Free
12/4/2024 16:37:14,22.00,173.95,4.09,6,2,62,1,0,10,0,Free
12/4/2024 16:39:05,22.00,181.05,4.09,6,2,0,1,0,11,1351,Free
12/4/2024 16:39:26,22.00,182.53,4.09,6,2,0,1,0,12,0,Free
12/4/2024 16:39:46,22.00,184.01,4.09,6,2,0,1,0,13,0,Free
12/4/2024 16:41:50,22.25,190.33,4.09,6,2,0,1,0,14,0,Free
12/4/2024 16:45:44,22.25,201.86,4.09,6,2,0,1,0,15,96,Free
12/4/2024 16:46:14,22.25,203.86,4.07,6,2,0,1,0,16,233,Free
12/4/2024 16:48:23,22.25,210.46,4.07,6,2,0,1,0,17,0,Free
12/4/2024 16:48:57,22.25,222.43,4.09,6,2,0,1,0,17,0,Free
12/4/2024 16:53:34,22.25,235.87,4.09,6,2,0,1,0,18,0,Free
12/4/2024 16:53:40,22.25,236.50,4.09,6,2,0,1,0,19,0,Free
12/4/2024 16:54:00,22.25,238.04,4.09,6,2,0,1,0,20,62,Free
12/4/2024 16:54:33,22.25,240.23,4.09,6,2,0,1,0,21,138,Free
12/4/2024 16:56:36,22.25,246.99,4.09,6,2,0,1,0,22,446,Free
12/4/2024 16:57:59,22.25,251.33,4.09,6,2,0,1,0,23,0,Free
12/4/2024 17:03:08,22.25,266.50,4.09,6,2,0,1,0,24,0,Free
12/4/2024 17:03:26,22.25,267.97,4.09,6,2,0,1,0,25,275,Free
12/4/2024 17:06:54,22.25,288.21,4.09,6,2,0,1,0,25,0,Free
12/4/2024 17:07:39,22.25,290.83,4.09,6,2,0,1,0,26,0,Free
12/4/2024 17:08:45,22.50,294.60,4.09,6,2,0,1,0,27,292,Free
12/4/2024 17:09:17,22.50,296.65,4.09,6,2,0,1,0,28,0,Free
12/4/2024 17:09:18,22.50,297.55,4.09,6,2,0,1,0,29,275,Free
12/4/2024 17:09:38,22.50,299.03,4.09,6,2,0,1,0,30,0,Free
12/4/2024 17:17:39,22.50,322.42,4.09,6,3,0,1,0,30,0,Free
12/4/2024 17:17:40,22.50,323.04,4.09,6,4,0,1,0,30,0,Free
12/4/2024 17:21:01,22.50,333.06,4.09,6,4,0,1,0,31,0,Free
12/4/2024 17:21:02,22.50,333.78,4.09,6,4,0,1,0,32,96,Free
12/4/2024 17:21:29,22.50,335.56,4.09,6,4,0,1,0,33,11,Free
12/4/2024 17:21:57,22.50,337.49,4.09,6,4,0,1,0,34,172,Free
12/4/2024 17:22:25,22.50,339.26,4.09,6,4,0,1,0,35,0,Free
12/4/2024 17:24:23,22.50,355.21,4.09,6,4,0,1,0,35,0,Free
12/4/2024 17:24:52,22.50,357.02,4.09,6,4,0,2,45,35,0,Free
12/4/2024 17:29:28,22.50,370.48,4.09,6,4,0,2,0,36,0,Free
12/4/2024 17:31:05,22.50,376.15,4.09,6,4,0,2,0,37,761,Free
12/4/2024 17:37:09,22.50,393.84,4.09,6,4,0,2,0,38,0,Free
12/4/2024 17:37:24,22.50,395.05,4.09,6,4,0,2,0,39,0,Free
12/4/2024 17:37:36,22.50,395.96,4.09,6,4,0,2,0,40,0,Free
12/4/2024 17:37:41,22.50,396.59,4.09,6,4,0,2,0,41,0,Free
12/4/2024 17:37:44,22.50,397.21,4.09,6,4,0,2,0,42,0,Free
12/4/2024 17:38:13,22.50,399.04,4.09,6,4,0,2,0,43,63,Free
12/4/2024 17:38:25,22.50,399.95,4.09,6,4,0,2,0,44,0,Free
12/4/2024 17:40:36,22.50,406.55,4.09,6,5,0,2,0,44,0,Free
12/4/2024 17:42:22,22.50,421.94,4.09,6,5,0,2,0,44,0,Free
12/4/2024 17:43:36,22.50,426.64,4.09,6,5,0,2,0,45,660,Free
12/4/2024 17:43:42,22.50,427.26,4.09,6,5,0,2,0,46,0,Free
12/4/2024 17:45:38,22.50,433.31,4.09,6,5,0,2,0,47,0,Free
12/4/2024 17:47:34,22.50,439.33,4.09,6,5,0,3,0,47,0,Free
12/4/2024 17:47:35,22.50,439.96,4.09,6,5,0,4,0,47,0,Free
12/4/2024 17:48:55,22.50,444.29,4.09,6,5,0,4,0,48,0,Free
12/4/2024 17:48:56,22.50,444.91,4.09,6,5,0,4,0,49,0,Free
12/4/2024 17:48:57,22.50,445.77,4.09,6,5,0,4,0,50,233,Free
12/4/2024 17:49:00,22.50,447.18,4.09,6,5,0,4,0,51,780,Free
12/4/2024 17:49:07,22.50,448.91,4.09,6,5,0,4,0,52,822,Free
12/4/2024 17:49:43,22.50,451.60,4.09,6,5,0,4,0,53,633,Free
12/4/2024 17:49:48,22.50,453.23,4.08,6,5,0,4,0,54,1001,Free
12/4/2024 17:50:09,22.50,454.71,4.09,6,5,0,4,0,55,0,Free
12/4/2024 17:50:17,22.50,455.65,4.09,6,5,0,4,0,56,28,Free
12/4/2024 17:50:20,22.50,456.31,4.09,6,5,0,4,0,57,28,Free
12/4/2024 17:50:21,22.50,456.93,4.09,6,5,0,4,0,58,0,Free
12/4/2024 17:50:25,22.50,457.97,4.09,6,5,0,4,0,59,411,Free
12/4/2024 17:50:34,22.50,459.44,4.09,6,5,0,4,0,60,557,Free
12/4/2024 17:50:35,22.50,460.07,4.09,6,5,0,4,0,61,0,Free
12/4/2024 17:50:38,22.50,460.95,4.07,6,5,0,4,0,62,250,Free
12/4/2024 17:50:41,22.50,462.51,4.09,6,5,0,4,0,63,924,Free
12/4/2024 17:51:02,22.50,463.99,4.09,6,5,0,4,0,64,2,Free
12/4/2024 17:52:20,22.50,468.33,4.09,6,5,0,4,0,65,292,Free
12/4/2024 17:52:33,22.50,469.52,4.09,6,5,0,4,0,66,0,Free
12/4/2024 17:52:55,22.50,471.01,4.09,6,5,0,4,0,67,0,Free
12/4/2024 17:52:57,22.50,473.07,4.09,6,5,0,4,0,68,1436,Free
12/4/2024 17:56:57,22.50,484.83,4.09,6,5,0,4,0,69,0,Free
12/4/2024 17:57:01,22.50,485.53,4.09,6,5,0,4,0,70,70,Free
12/4/2024 17:57:04,22.50,486.23,4.09,6,5,0,4,0,71,80,Free
12/4/2024 17:57:05,22.50,486.86,4.09,6,5,0,4,0,72,0,Free
12/4/2024 17:57:07,22.50,487.97,4.09,6,5,0,4,0,73,480,Free
12/4/2024 17:58:53,22.50,503.36,4.09,6,5,0,4,0,73,0,Free
12/4/2024 18:08:23,22.50,530.79,4.09,6,6,0,4,0,73,0,Free
12/4/2024 18:13:03,22.50,544.52,4.09,6,6,0,4,0,74,0,Free
12/4/2024 18:13:20,22.50,545.77,4.09,6,6,0,4,0,75,61,Free
12/4/2024 18:13:26,22.50,546.40,4.09,6,6,0,4,0,76,0,Free
12/4/2024 18:13:33,22.50,547.35,4.09,6,6,0,4,0,77,36,Free
12/4/2024 18:13:40,22.50,549.28,4.09,6,6,0,4,0,78,1306,Free
12/4/2024 18:13:44,22.50,550.06,4.09,6,6,0,4,0,79,146,Free
12/4/2024 18:13:48,22.50,550.69,4.09,6,6,0,4,0,80,0,Free
12/4/2024 18:13:49,22.50,551.31,4.09,6,6,0,4,0,81,0,Free
12/4/2024 18:14:01,22.50,552.51,4.09,6,6,0,4,0,82,284,Free
12/4/2024 18:14:06,22.50,553.13,4.09,6,6,0,4,0,83,0,Free
12/4/2024 18:14:29,22.50,554.78,4.09,6,6,0,4,0,84,164,Free
12/4/2024 18:14:56,22.50,556.54,4.09,6,6,0,4,0,85,0,Free
12/4/2024 18:14:59,22.50,557.17,4.09,6,6,0,4,0,86,0,Free
12/4/2024 18:15:04,22.50,557.80,4.09,6,6,0,4,0,87,0,Free
12/4/2024 18:15:13,22.50,558.72,4.09,6,6,0,4,0,88,0,Free
12/4/2024 18:15:14,22.50,559.34,4.09,6,6,0,4,0,89,0,Free
12/4/2024 18:15:20,22.50,560.52,4.09,6,6,0,4,0,90,547,Free
12/4/2024 18:15:45,22.50,562.40,4.09,6,6,0,4,0,91,112,Free
12/4/2024 18:15:49,22.50,563.02,4.09,6,6,0,4,0,92,0,Free
12/4/2024 18:16:00,22.50,563.94,4.09,6,6,0,4,0,93,0,Free
12/4/2024 18:16:08,22.50,564.85,4.09,6,6,0,4,0,94,0,Free
12/4/2024 18:16:19,22.50,575.68,4.09,6,6,0,4,0,94,0,Free
12/4/2024 18:16:25,22.50,576.31,4.09,6,6,0,4,0,95,0,Free
12/4/2024 18:19:26,22.50,585.83,4.09,6,6,0,4,0,96,334,Free
12/4/2024 18:21:25,22.50,591.88,4.08,6,6,0,4,0,97,2,Free
12/4/2024 18:21:29,22.50,592.50,4.09,6,6,0,4,0,98,0,Free
12/4/2024 18:24:59,22.50,603.41,4.09,6,6,0,4,0,99,572,Free
12/4/2024 18:25:42,22.50,606.38,4.08,6,6,0,4,0,100,351,Free
12/4/2024 18:34:17,22.50,641.19,4.09,6,6,0,4,0,100,0,Free
12/4/2024 18:37:30,22.50,650.89,4.09,6,6,0,4,0,101,223,Free
12/4/2024 18:37:36,22.50,652.50,4.09,6,6,0,4,0,102,982,Free
12/4/2024 18:37:43,22.50,653.41,4.09,6,6,0,4,0,103,0,Free
12/4/2024 18:37:49,22.50,654.13,4.09,6,6,0,4,0,104,97,Free
12/4/2024 18:37:55,22.50,654.93,4.09,6,6,0,4,0,105,169,Free
12/4/2024 18:38:02,22.50,655.85,4.08,6,6,0,4,0,106,0,Free
12/4/2024 18:38:08,22.50,656.62,4.09,6,6,0,4,0,107,146,Free
12/4/2024 18:38:18,22.50,657.68,4.09,6,6,0,4,0,108,147,Free
12/4/2024 18:38:21,22.50,658.31,4.09,6,6,0,4,0,109,0,Free
12/4/2024 18:39:41,22.50,662.81,4.09,6,6,0,4,0,110,164,Free
12/4/2024 18:39:47,22.50,663.61,4.09,6,6,0,4,0,111,163,Free
12/4/2024 18:39:49,22.50,664.75,4.09,6,6,0,4,0,112,513,Free
12/4/2024 18:40:00,22.50,665.82,4.09,6,6,0,4,0,113,163,Free
12/4/2024 18:40:06,22.50,666.66,4.09,6,6,0,4,0,114,215,Free
12/4/2024 18:40:09,22.50,667.29,4.09,6,6,0,4,0,115,0,Free
12/4/2024 18:40:13,22.50,667.92,4.09,6,6,0,4,0,116,0,Free
12/4/2024 18:40:31,22.50,671.67,4.09,6,6,0,4,0,117,2551,Free
12/4/2024 18:40:41,22.50,675.20,4.09,6,6,0,4,0,118,2619,Free
12/4/2024 18:40:47,22.50,676.43,4.09,6,6,0,4,0,119,598,Free
12/4/2024 18:40:55,22.50,677.34,4.09,6,6,0,4,0,120,0,Free
12/4/2024 18:41:09,22.50,678.64,4.09,6,6,0,4,0,121,104,Free
12/4/2024 18:41:13,22.50,680.10,4.09,6,6,0,4,0,122,828,Free
12/4/2024 18:41:20,22.50,681.01,4.09,6,6,0,4,0,123,0,Free
12/4/2024 18:41:22,22.50,681.83,4.09,6,6,0,4,0,124,189,Free
12/4/2024 18:43:46,22.50,689.02,4.09,6,7,0,4,0,124,0,Free
12/4/2024 18:49:26,22.50,706.06,4.09,6,7,0,4,0,125,428,Free
12/4/2024 18:51:37,22.50,722.60,4.09,6,7,0,4,0,125,0,Free
12/4/2024 18:54:55,22.50,732.81,4.09,6,7,0,4,0,126,454,Free
12/4/2024 18:55:06,22.50,733.73,4.09,6,7,0,4,0,127,0,Free
12/4/2024 18:55:16,22.50,734.67,4.09,6,7,0,4,0,128,36,Free
12/4/2024 18:55:18,22.50,735.82,4.09,6,7,0,4,0,129,513,Free
12/4/2024 18:55:22,22.50,736.44,4.08,6,7,0,4,0,130,2,Free
12/4/2024 18:55:28,22.50,737.28,4.09,6,7,0,4,0,131,215,Free
12/4/2024 18:55:34,22.50,738.35,4.09,6,7,0,4,0,132,437,Free
12/4/2024 18:55:36,22.50,739.30,4.08,6,7,0,4,0,133,326,Free
12/4/2024 18:55:45,22.50,740.21,4.09,6,7,0,4,0,134,0,Free
12/4/2024 18:55:55,22.50,741.12,4.09,6,7,0,4,0,135,0,Free
12/4/2024 18:55:56,22.50,741.75,4.08,6,7,0,4,0,136,0,Free
12/4/2024 18:56:05,22.50,742.67,4.09,6,7,0,4,0,137,0,Free
12/4/2024 18:56:08,22.50,744.99,4.09,6,7,0,4,0,138,1690,Free
12/4/2024 18:56:11,22.50,746.33,4.09,6,7,0,4,0,139,710,Free
12/4/2024 18:56:12,22.50,747.38,4.09,6,7,0,4,0,140,428,Free
12/4/2024 18:56:14,22.50,748.52,4.09,6,7,0,4,0,141,514,Free
12/4/2024 18:56:16,22.50,749.17,4.09,6,7,0,4,0,142,19,Free
12/4/2024 18:56:22,22.50,750.00,4.09,6,7,0,4,0,143,207,Free
12/4/2024 18:56:30,22.50,751.52,4.07,6,7,0,4,0,144,607,Free
12/4/2024 18:56:35,22.50,752.15,4.09,6,7,0,4,0,145,0,Free
12/4/2024 18:56:39,22.50,753.26,4.09,6,7,0,4,0,146,488,Free
12/4/2024 18:56:39,22.50,753.89,4.08,6,7,0,4,0,147,0,Free
12/4/2024 18:56:50,22.50,754.80,4.09,6,7,0,4,0,148,0,Free
12/4/2024 18:56:51,22.50,755.99,4.09,6,7,0,4,0,149,555,Free
12/4/2024 18:56:57,22.50,756.79,4.09,6,7,0,4,0,150,181,Free
12/4/2024 18:56:59,22.50,757.73,4.09,6,7,0,4,0,151,308,Free
12/4/2024 18:57:01,22.50,758.42,4.09,6,7,0,4,0,152,62,Free
12/4/2024 18:57:02,22.50,759.05,4.09,6,7,0,4,0,153,0,Free
12/4/2024 18:57:03,22.50,759.67,4.09,6,7,0,4,0,154,0,Free
12/4/2024 18:57:11,22.50,760.83,4.09,6,7,0,4,0,155,241,Free
12/4/2024 18:57:27,22.50,762.02,4.09,6,7,0,4,0,156,0,Free
12/4/2024 18:57:32,22.50,763.84,4.09,6,7,0,4,0,157,1186,Free
12/4/2024 18:58:19,22.50,766.46,4.09,6,7,0,4,0,158,0,Free
12/4/2024 18:58:23,22.50,767.43,4.09,6,7,0,4,0,159,335,Free
12/4/2024 18:59:13,22.50,770.34,4.09,6,7,0,4,0,160,0,Free
12/4/2024 19:00:47,22.50,775.25,4.09,6,7,0,4,0,161,0,Free
12/4/2024 19:00:48,22.50,775.87,4.09,6,7,0,4,0,162,0,Free
12/4/2024 19:01:52,22.50,779.46,4.09,6,7,0,4,0,163,95,Free
12/4/2024 19:02:01,22.50,780.37,4.09,6,7,0,4,0,164,0,Free
12/4/2024 19:05:43,22.50,791.27,4.09,6,7,0,4,0,165,0,Free
12/4/2024 19:05:47,22.50,791.90,4.09,6,7,0,4,0,166,0,Free
12/4/2024 19:05:50,22.50,792.53,4.09,6,7,0,4,0,167,0,Free
12/4/2024 19:05:54,22.50,793.15,4.09,6,7,0,4,0,168,0,Free
12/4/2024 19:05:56,22.50,794.06,4.09,6,7,0,4,0,169,274,Free
12/4/2024 19:05:59,22.50,795.01,4.09,6,7,0,4,0,170,325,Free
12/4/2024 19:06:24,22.50,797.27,4.09,6,7,0,4,0,171,777,Free
12/4/2024 19:07:46,22.50,811.53,4.09,6,7,0,4,0,171,0,Free
12/4/2024 19:08:11,22.50,813.01,4.09,6,7,0,4,0,172,0,Free
12/4/2024 19:13:02,22.50,828.41,4.09,6,7,0,4,0,173,1077,Free
12/4/2024 19:13:06,22.50,829.04,4.09,6,7,0,4,0,174,0,Free
12/4/2024 19:13:08,22.50,829.67,4.09,6,7,0,4,0,175,0,Free
12/4/2024 19:13:16,22.50,834.94,4.09,6,7,0,4,0,176,4641,Free
12/4/2024 19:13:17,22.50,835.57,4.08,6,7,0,4,0,177,0,Free
12/4/2024 19:13:30,22.50,841.07,4.08,6,7,0,4,0,178,4597,Free
12/4/2024 19:17:26,22.50,854.48,4.09,6,7,0,4,0,179,1647,Free
12/4/2024 19:17:27,22.50,855.15,4.09,6,7,0,4,0,180,44,Free
12/4/2024 19:17:42,22.50,856.35,4.09,6,7,0,4,0,181,0,Free
12/4/2024 19:17:46,22.50,857.27,4.09,6,7,0,4,0,182,301,Free
12/4/2024 19:17:51,22.50,858.20,4.09,6,7,0,4,0,183,292,Free
12/4/2024 19:18:10,22.50,859.40,4.08,6,7,0,4,0,184,0,Free
12/4/2024 19:18:22,22.50,860.59,4.08,6,7,0,4,0,185,0,Free
12/4/2024 19:18:28,22.50,861.22,4.09,6,7,0,4,0,186,0,Free
12/4/2024 19:18:31,22.50,862.36,4.09,6,7,0,4,0,187,514,Free
12/4/2024 19:18:42,22.50,863.69,4.09,6,7,0,4,0,188,420,Free
12/4/2024 19:19:18,22.50,865.75,4.09,6,7,0,4,0,189,0,Free
12/4/2024 19:20:02,22.50,868.91,4.08,6,7,0,4,0,190,530,Free
12/4/2024 19:20:09,22.50,869.86,4.09,6,7,0,4,0,191,36,Free
12/4/2024 19:20:16,22.50,871.41,4.08,6,7,0,4,0,192,633,Free
12/4/2024 19:20:19,22.50,872.76,4.08,6,7,0,4,0,193,726,Free
12/4/2024 19:20:23,22.50,873.91,4.09,6,7,0,4,0,194,522,Free
12/4/2024 19:20:27,22.50,874.69,4.08,6,7,0,4,0,195,156,Free
12/4/2024 19:20:30,22.50,875.32,4.09,6,7,0,4,0,196,0,Free
12/4/2024 19:21:05,22.50,877.37,4.09,6,7,0,4,0,197,0,Free
12/4/2024 19:21:10,22.50,878.00,4.09,6,7,0,4,0,198,0,Free
12/4/2024 19:21:17,22.50,878.91,4.08,6,7,0,4,0,199,0,Free
12/4/2024 19:21:22,22.50,879.64,4.08,6,7,0,4,0,200,95,Free
12/4/2024 19:24:50,22.25,899.89,4.08,6,7,0,4,0,200,0,Free
12/4/2024 19:26:56,22.25,906.22,4.09,6,8,0,4,0,200,0,Free
12/4/2024 19:27:31,22.25,908.32,4.09,6,8,0,4,0,201,44,Free
12/4/2024 19:27:44,22.25,909.79,4.09,6,8,0,4,0,202,275,Free
12/4/2024 19:27:46,22.25,911.20,4.09,6,8,0,4,0,203,777,Free
12/4/2024 19:27:47,22.25,911.83,4.09,6,8,0,4,0,204,0,Free
12/4/2024 19:27:48,22.25,912.45,4.08,6,8,0,4,0,205,0,Free
12/4/2024 19:27:53,22.25,913.08,4.08,6,8,0,4,0,206,0,Free
12/4/2024 19:27:54,22.25,914.38,4.09,6,8,0,4,0,207,675,Free
12/4/2024 19:29:24,22.25,919.01,4.09,6,8,0,4,0,208,0,Free
12/4/2024 19:29:38,22.25,920.58,4.08,6,8,0,4,0,209,377,Free
12/4/2024 19:29:54,22.25,922.98,4.09,6,8,0,4,0,210,1195,Free
12/4/2024 19:29:55,22.25,923.60,4.09,6,8,0,4,0,211,0,Free
12/4/2024 19:29:58,22.25,924.23,4.09,6,8,0,4,0,212,0,Free
12/4/2024 19:29:59,22.25,924.89,4.09,6,8,0,4,0,213,36,Free
12/4/2024 19:30:02,22.25,925.53,4.08,6,8,0,4,0,214,0,Free
12/4/2024 19:30:13,22.25,927.98,4.08,6,8,0,4,0,215,1536,Free
12/4/2024 19:30:17,22.25,930.92,4.08,6,8,0,4,0,216,2312,Free
12/4/2024 19:30:23,22.25,931.83,4.09,6,8,0,4,0,217,0,Free
12/4/2024 19:30:25,22.25,933.09,4.09,6,8,0,4,0,218,633,Free
12/4/2024 19:30:35,22.25,935.24,4.09,6,8,0,4,0,219,1238,Free
12/4/2024 19:30:51,22.25,936.59,4.09,6,8,0,4,0,220,147,Free
12/4/2024 19:30:53,22.25,937.21,4.08,6,8,0,4,0,221,0,Free
12/4/2024 19:31:35,22.25,939.55,4.08,6,8,0,4,0,222,0,Free
12/4/2024 19:31:53,22.25,941.04,4.09,6,9,2,4,0,222,0,Free
12/4/2024 19:32:12,22.25,942.52,4.09,6,10,0,4,0,222,0,Free
12/4/2024 19:33:01,22.25,945.53,4.09,6,11,95,4,0,222,0,Free
12/4/2024 19:34:53,22.25,951.30,4.08,6,11,0,4,0,223,0,Free
12/4/2024 19:34:54,22.25,951.92,4.09,6,11,0,4,0,224,0,Free
12/4/2024 19:35:01,22.25,958.30,4.08,6,11,0,4,0,225,5755,Free
12/4/2024 19:41:29,22.25,987.12,4.08,6,11,0,4,0,225,0,Free
12/4/2024 19:43:00,22.25,991.74,4.09,6,11,0,4,0,226,0,Free
12/4/2024 19:43:00,22.25,992.37,4.08,6,11,0,4,0,227,0,Free
12/4/2024 19:43:01,22.25,993.00,4.09,6,11,0,4,0,228,0,Free
12/4/2024 19:43:02,22.25,993.62,4.09,6,11,0,4,0,229,0,Free
12/4/2024 19:43:03,22.25,994.25,4.09,6,11,0,4,0,230,2,Free
12/4/2024 19:43:04,22.25,994.91,4.09,6,11,0,4,0,231,28,Free
12/4/2024 19:43:04,22.25,995.54,4.09,6,11,0,4,0,232,0,Free
12/4/2024 19:43:06,22.25,996.61,4.08,6,11,0,4,0,233,446,Free
12/4/2024 19:43:09,22.25,997.24,4.08,6,11,0,4,0,234,0,Free
12/4/2024 19:43:10,22.25,997.87,4.08,6,11,0,4,0,235,0,Free
12/4/2024 19:43:14,22.25,998.50,4.09,6,11,0,4,0,236,0,Free
12/4/2024 19:43:16,22.25,999.24,4.09,6,11,0,4,0,237,113,Free
12/4/2024 19:43:18,22.25,999.87,4.09,6,11,0,4,0,238,0,Free
12/4/2024 19:43:20,22.25,1000.50,4.09,6,11,0,4,0,239,0,Free
12/4/2024 19:43:22,22.25,1001.12,4.08,6,11,0,4,0,240,0,Free
12/4/2024 19:43:25,22.25,1001.76,4.09,6,11,0,4,0,241,11,Free
12/4/2024 19:43:28,22.25,1002.39,4.08,6,11,0,4,0,242,0,Free
12/4/2024 19:43:34,22.25,1003.02,4.09,6,11,0,4,0,243,0,Free
12/4/2024 19:46:01,22.25,1010.49,4.08,6,11,0,4,0,244,0,Free
12/4/2024 19:46:39,22.25,1012.84,4.09,6,11,0,4,0,245,0,Free
12/4/2024 19:46:41,22.25,1013.46,4.09,6,11,0,4,0,246,0,Free
12/4/2024 19:47:18,22.25,1015.87,4.09,6,11,0,4,0,247,70,Free
12/4/2024 19:47:20,22.25,1016.50,4.09,6,11,0,4,0,248,0,Free
12/4/2024 19:47:21,22.25,1017.42,4.09,6,11,0,4,0,249,292,Free
12/4/2024 19:47:24,22.25,1020.02,4.09,6,11,0,4,0,250,1975,Free
12/4/2024 19:47:44,22.25,1021.79,4.08,6,11,0,4,0,251,284,Free
12/4/2024 19:47:56,22.25,1022.93,4.09,6,11,0,4,0,252,232,Free
12/4/2024 19:48:14,22.25,1024.69,4.08,6,11,0,4,0,253,560,Free
12/4/2024 19:48:20,22.25,1025.37,4.08,6,11,0,4,0,254,45,Free
12/4/2024 19:48:39,22.25,1026.85,4.09,6,11,0,4,0,255,0,Free
12/4/2024 19:48:42,22.25,1028.66,4.08,6,11,0,4,0,256,1180,Free
12/4/2024 19:48:49,22.25,1029.37,4.08,6,11,0,4,0,257,87,Free
12/4/2024 19:49:16,22.25,1031.14,4.09,6,11,0,4,0,258,0,Free
12/4/2024 19:49:25,22.25,1032.06,4.09,6,11,0,4,0,259,10,Free
12/4/2024 19:49:27,22.25,1033.37,4.09,6,11,0,4,0,260,677,Free
12/4/2024 19:49:33,22.25,1034.13,4.08,6,11,0,4,0,261,138,Free
12/4/2024 19:49:34,22.25,1034.76,4.09,6,11,0,4,0,262,0,Free
12/4/2024 19:49:36,22.25,1036.05,4.08,6,11,0,4,0,263,651,Free
12/4/2024 19:50:00,22.25,1039.34,4.09,6,11,0,4,0,264,1812,Free
12/4/2024 19:50:04,22.25,1039.99,4.09,6,11,0,4,0,265,19,Free
12/4/2024 19:50:08,22.25,1041.21,4.08,6,11,0,4,0,266,590,Free
12/4/2024 19:50:10,22.25,1041.97,4.09,6,11,0,4,0,267,139,Free
12/4/2024 19:50:13,22.25,1043.22,4.08,6,11,0,4,0,268,617,Free
12/4/2024 19:50:18,22.25,1044.51,4.08,6,11,0,4,0,269,660,Free
12/4/2024 19:50:27,22.25,1047.57,4.08,6,11,0,4,0,270,2153,Free
12/4/2024 19:50:31,22.25,1048.39,4.08,6,11,0,4,0,271,190,Free
12/4/2024 19:50:34,22.25,1049.16,4.08,6,11,0,4,0,272,139,Free
12/4/2024 19:50:39,22.25,1050.13,4.09,6,11,0,4,0,273,344,Free
12/4/2024 19:50:43,22.25,1051.97,4.08,6,11,0,4,0,274,1215,Free
12/4/2024 19:50:48,22.25,1052.91,4.09,6,11,0,4,0,275,309,Free
12/4/2024 19:50:51,22.25,1054.59,4.09,6,11,0,4,0,276,1061,Free
12/4/2024 19:50:59,22.25,1056.72,4.08,6,11,0,4,0,277,1215,Free
12/4/2024 19:51:00,22.25,1057.35,4.09,6,11,0,4,0,278,0,Free
12/4/2024 19:51:06,22.25,1058.57,4.08,6,11,0,4,0,279,596,Free
12/4/2024 19:51:11,22.25,1061.12,4.09,6,11,0,4,0,280,1914,Free
12/4/2024 19:51:13,22.25,1062.79,4.08,6,11,0,4,0,281,1044,Free
12/4/2024 19:51:20,22.25,1065.66,4.08,6,11,0,4,0,282,2247,Free
12/4/2024 19:51:21,22.25,1066.44,4.08,6,11,0,4,0,283,156,Free
12/4/2024 19:51:28,22.25,1069.14,4.09,6,11,0,4,0,284,2069,Free
12/4/2024 19:51:33,22.25,1069.77,4.09,6,11,0,4,0,285,0,Free
12/4/2024 19:56:49,22.00,1095.16,4.08,6,11,0,4,0,285,0,Free
12/4/2024 20:03:24,22.00,1114.68,4.08,6,11,0,4,0,286,343,Free
12/4/2024 20:03:25,22.00,1115.31,4.09,6,11,0,4,0,287,0,Free
12/4/2024 20:03:30,22.00,1115.94,4.08,6,11,0,4,0,288,0,Free
12/4/2024 20:04:56,22.00,1120.57,4.09,6,12,0,4,0,288,0,Free
12/4/2024 20:05:07,22.00,1121.69,4.08,6,12,0,4,0,289,215,Free
12/4/2024 20:05:10,22.00,1123.32,4.08,6,12,0,4,0,290,1001,Free
12/4/2024 20:06:22,22.00,1147.61,4.08,6,12,0,4,0,291,21383,Free
12/4/2024 20:06:23,22.00,1148.26,4.08,6,12,0,4,0,292,11,Free
12/4/2024 20:06:24,22.00,1149.09,4.09,6,12,0,4,0,293,207,Free
12/4/2024 20:06:28,22.00,1149.72,4.08,6,12,0,4,0,294,0,Free
12/4/2024 20:06:29,22.00,1150.35,4.09,6,12,0,4,0,295,2,Free
12/4/2024 20:06:30,22.00,1150.97,4.09,6,12,0,4,0,296,0,Free
12/4/2024 20:06:31,22.00,1152.17,4.08,6,12,0,4,0,297,574,Free
12/4/2024 20:06:33,22.00,1152.89,4.09,6,12,0,4,0,298,78,Free
12/4/2024 20:06:34,22.00,1153.52,4.08,6,12,0,4,0,299,0,Free
12/4/2024 20:06:36,22.00,1155.21,4.09,6,12,0,4,0,300,1069,Free
12/4/2024 20:07:08,22.00,1157.27,4.08,6,12,0,4,0,301,0,Free
12/4/2024 20:07:45,22.00,1159.61,4.09,6,12,0,4,0,302,0,Free
12/4/2024 20:07:47,22.00,1160.27,4.08,6,12,0,4,0,303,36,Free
12/4/2024 20:07:48,22.00,1160.90,4.09,6,12,0,4,0,304,0,Free
12/4/2024 20:07:49,22.00,1161.60,4.09,6,12,0,4,0,305,71,Free
12/4/2024 20:07:50,22.00,1162.22,4.08,6,12,0,4,0,306,0,Free
12/4/2024 20:07:53,22.00,1164.42,4.09,6,12,0,4,0,307,1564,Free
12/4/2024 20:07:54,22.00,1165.06,4.09,6,12,0,4,0,308,19,Free
12/4/2024 20:07:55,22.00,1165.74,4.08,6,12,0,4,0,309,44,Free
12/4/2024 20:07:57,22.00,1166.36,4.08,6,12,0,4,0,310,0,Free
12/4/2024 20:08:01,22.00,1167.05,4.08,6,12,0,4,0,311,62,Free
12/4/2024 20:08:02,22.00,1167.80,4.08,6,12,0,4,0,312,121,Free
12/4/2024 20:08:05,22.00,1168.46,4.08,6,12,0,4,0,313,36,Free
12/4/2024 20:08:08,22.00,1170.03,4.08,6,12,0,4,0,314,932,Free
12/4/2024 20:08:12,22.00,1170.69,4.08,6,12,0,4,0,315,28,Free
12/4/2024 20:08:14,22.00,1171.31,4.08,6,12,0,4,0,316,0,Free
12/4/2024 20:08:16,22.00,1172.25,4.09,6,12,0,4,0,317,309,Free
12/4/2024 20:08:20,22.00,1172.88,4.09,6,12,0,4,0,318,0,Free
12/4/2024 20:08:49,22.00,1174.65,4.08,6,12,0,4,0,319,0,Free
12/4/2024 20:08:58,22.00,1176.66,4.09,6,12,0,4,0,320,1103,Free
12/4/2024 20:09:17,22.00,1178.15,4.09,6,12,0,4,0,321,0,Free
12/4/2024 20:09:20,22.00,1180.27,4.08,6,12,0,4,0,322,1496,Free
12/4/2024 20:09:25,22.00,1183.81,4.08,6,12,0,4,0,323,2913,Free
12/4/2024 20:09:29,22.00,1184.97,4.09,6,12,0,4,0,324,532,Free
12/4/2024 20:09:31,22.00,1186.58,4.09,6,12,0,4,0,325,985,Free
12/4/2024 20:09:32,22.00,1187.21,4.08,6,12,0,4,0,326,0,Free
12/4/2024 20:09:37,22.00,1187.84,4.08,6,12,0,4,0,327,0,Free
12/4/2024 20:09:40,22.00,1188.47,4.08,6,12,0,4,0,328,0,Free
12/4/2024 20:09:42,22.00,1189.09,4.09,6,12,0,4,0,329,0,Free
12/4/2024 20:09:43,22.00,1189.75,4.09,6,12,0,4,0,330,27,Free
12/4/2024 20:09:44,22.00,1190.37,4.08,6,12,0,4,0,331,0,Free
12/4/2024 20:09:45,22.00,1191.00,4.09,6,12,0,4,0,332,0,Free
12/4/2024 20:09:47,22.00,1191.78,4.09,6,12,0,4,0,333,147,Free
12/4/2024 20:09:48,22.00,1193.06,4.09,6,12,0,4,0,334,651,Free
12/4/2024 20:09:52,22.00,1194.56,4.08,6,12,0,4,0,335,873,Free
12/4/2024 20:09:59,22.00,1195.63,4.08,6,12,0,4,0,336,164,Free
12/4/2024 20:10:02,22.00,1197.08,4.08,6,12,0,4,0,337,821,Free
12/4/2024 20:10:04,22.00,1198.85,4.09,6,12,0,4,0,338,1138,Free
12/4/2024 20:10:11,22.00,1199.82,4.08,6,12,0,4,0,339,341,Free
12/4/2024 20:10:12,22.00,1200.91,4.08,6,12,0,4,0,340,471,Free
12/4/2024 20:10:28,22.00,1202.16,4.08,6,12,0,4,0,341,44,Free
12/4/2024 20:10:35,22.00,1203.08,4.09,6,12,0,4,0,342,0,Free
12/4/2024 20:10:37,22.00,1204.00,4.08,6,12,0,4,0,343,293,Free
12/4/2024 20:10:52,22.00,1206.23,4.08,6,12,0,4,0,344,1034,Free
12/4/2024 20:10:57,22.00,1206.86,4.08,6,12,0,4,0,345,0,Free
12/4/2024 20:11:08,22.00,1207.77,4.08,6,12,0,4,0,346,0,Free
12/4/2024 20:11:08,22.00,1208.40,4.08,6,12,0,4,0,347,0,Free
12/4/2024 20:11:15,22.00,1209.23,4.08,6,12,0,4,0,348,199,Free
12/4/2024 20:11:17,22.00,1210.91,4.08,6,12,0,4,0,349,1060,Free
12/4/2024 20:11:21,22.00,1211.79,4.07,6,12,0,4,0,350,241,Free
12/4/2024 20:11:31,22.00,1222.62,4.07,6,12,0,4,0,350,0,Free
12/4/2024 20:11:38,22.00,1223.24,4.08,6,12,0,4,0,351,0,Free
12/4/2024 20:11:43,22.00,1224.14,4.08,6,12,0,4,0,352,266,Free
12/4/2024 20:11:58,22.00,1225.38,4.09,6,12,0,4,0,353,45,Free
12/4/2024 20:12:02,22.00,1226.32,4.08,6,12,0,4,0,354,310,Free
12/4/2024 20:12:04,22.00,1227.46,4.08,6,12,0,4,0,355,514,Free
12/4/2024 20:12:09,22.00,1228.22,4.08,6,12,0,4,0,356,139,Free
12/4/2024 20:12:15,22.00,1229.76,4.08,6,12,0,4,0,357,907,Free
12/4/2024 20:12:21,22.00,1230.38,4.08,6,12,0,4,0,358,0,Free
12/4/2024 20:12:26,22.00,1231.64,4.08,6,12,0,4,0,359,626,Free
12/4/2024 20:12:30,22.00,1232.27,4.08,6,12,0,4,0,360,0,Free
12/4/2024 20:12:34,22.00,1233.00,4.08,6,12,0,4,0,361,105,Free
12/4/2024 20:12:37,22.00,1233.92,4.08,6,12,0,4,0,362,300,Free
12/4/2024 20:12:38,22.00,1234.55,4.08,6,12,0,4,0,363,0,Free
12/4/2024 20:12:39,22.00,1235.20,4.08,6,12,0,4,0,364,19,Free
12/4/2024 20:12:43,22.00,1236.69,4.09,6,12,0,4,0,365,865,Free
12/4/2024 20:17:42,22.00,1251.31,4.08,6,12,0,4,0,366,0,Free
12/4/2024 20:22:17,22.00,1267.30,4.09,6,12,0,4,0,367,2512,Free
12/4/2024 20:22:20,22.00,1268.43,4.08,6,12,0,4,0,368,506,Free
12/4/2024 20:22:24,22.00,1269.19,4.08,6,12,0,4,0,369,130,Free
12/4/2024 20:22:26,22.00,1269.81,4.08,6,12,0,4,0,370,0,Free
12/4/2024 20:22:27,22.00,1270.44,4.08,6,12,0,4,0,371,0,Free
12/4/2024 20:28:55,22.00,1299.25,4.09,6,12,0,4,0,371,0,Free
12/4/2024 20:30:21,22.00,1303.88,4.08,6,12,0,4,0,372,0,Free
12/4/2024 20:30:27,22.00,1304.79,4.08,6,12,0,4,0,373,0,Free
12/4/2024 20:32:02,22.00,1311.86,4.08,6,12,0,4,0,374,2162,Free
12/4/2024 20:32:13,22.00,1312.77,4.07,6,12,0,4,0,375,0,Free
12/4/2024 20:32:16,22.00,1314.23,4.08,6,12,0,4,0,376,829,Free
12/4/2024 20:32:29,22.00,1315.43,4.09,6,12,0,4,0,377,0,Free
12/4/2024 20:32:33,22.00,1316.44,4.08,6,12,0,4,0,378,387,Free
12/4/2024 20:32:34,22.00,1317.07,4.08,6,12,0,4,0,379,0,Free
12/4/2024 20:32:37,22.00,1317.98,4.08,6,12,0,4,0,380,284,Free
12/4/2024 20:32:41,22.00,1320.54,4.09,6,12,0,4,0,381,1931,Free
12/4/2024 20:32:43,22.00,1322.31,4.08,6,12,0,4,0,382,1137,Free
12/4/2024 20:32:50,22.00,1324.67,4.08,6,12,0,4,0,383,1736,Free
12/4/2024 20:33:06,22.00,1325.87,4.08,6,12,0,4,0,384,0,Free
12/4/2024 20:33:32,22.00,1327.64,4.08,6,12,0,4,0,385,0,Free
12/4/2024 20:33:37,22.00,1328.96,4.09,6,12,0,4,0,386,693,Free
12/4/2024 20:33:46,22.00,1330.44,4.08,6,12,0,4,0,387,574,Free
12/4/2024 20:34:01,22.00,1331.64,4.08,6,12,0,4,0,388,0,Free
12/4/2024 20:34:15,22.00,1332.84,4.08,6,12,0,4,0,389,0,Free
12/4/2024 20:34:24,22.00,1333.90,4.08,6,12,0,4,0,390,138,Free
12/4/2024 20:34:35,22.00,1335.89,4.08,6,12,0,4,0,391,1078,Free
12/4/2024 20:34:36,22.00,1336.52,4.09,6,12,0,4,0,392,0,Free
12/4/2024 20:34:37,22.00,1337.15,4.09,6,12,0,4,0,393,0,Free
12/4/2024 20:34:38,22.00,1337.78,4.09,6,12,0,4,0,394,0,Free
12/4/2024 20:34:40,22.00,1338.55,4.08,6,12,0,4,0,395,147,Free
12/4/2024 20:34:45,22.00,1339.18,4.08,6,12,0,4,0,396,0,Free
12/4/2024 20:40:03,22.00,1354.65,4.08,6,12,0,4,0,397,0,Free
12/4/2024 20:40:11,22.00,1355.56,4.08,6,12,0,4,0,398,0,Free
12/4/2024 20:40:12,22.00,1356.19,4.08,6,12,0,4,0,399,0,Free
12/4/2024 20:41:25,22.00,1360.24,4.08,6,12,0,4,0,400,0,Free
12/4/2024 20:42:27,22.00,1363.73,4.08,6,13,0,4,0,400,0,Free
12/4/2024 20:44:09,22.00,1368.92,4.07,6,13,0,4,0,401,0,Free
12/4/2024 20:44:24,22.00,1370.58,4.08,6,13,0,4,0,402,463,Free
12/4/2024 20:45:03,21.75,1372.92,4.08,6,13,0,4,0,403,0,Free
12/4/2024 20:45:25,21.75,1384.32,4.08,6,13,0,4,0,403,0,Free
12/4/2024 20:45:27,21.75,1385.04,4.08,6,13,0,4,0,404,87,Free
12/4/2024 20:45:49,22.00,1386.52,4.08,6,13,0,4,0,405,0,Free
12/4/2024 20:45:54,22.00,1387.32,4.08,6,13,0,4,0,406,164,Free
12/4/2024 20:47:32,22.00,1392.67,4.08,6,13,0,4,0,407,164,Free
12/4/2024 20:48:42,22.00,1398.10,4.09,6,13,0,4,0,408,1658,Free
12/4/2024 20:48:44,22.00,1398.72,4.08,6,13,0,4,0,409,0,Free
12/4/2024 20:48:48,22.00,1399.35,4.07,6,13,0,4,0,410,0,Free
12/4/2024 20:48:52,22.00,1402.51,4.08,6,13,0,4,0,411,2529,Free
12/4/2024 20:55:04,22.00,1420.61,4.08,6,13,0,4,0,412,61,Free
12/4/2024 20:55:05,22.00,1421.24,4.08,6,13,0,4,0,413,0,Free
12/4/2024 20:56:10,22.00,1424.72,4.08,6,13,0,4,0,414,0,Free
12/4/2024 20:56:12,22.00,1425.34,4.08,6,13,0,4,0,415,0,Free
12/4/2024 20:57:02,22.00,1428.63,4.08,6,13,0,4,0,416,377,Free
12/4/2024 20:57:04,22.00,1429.27,4.08,6,13,0,4,0,417,0,Free
12/4/2024 20:57:06,22.00,1430.42,4.07,6,13,0,4,0,418,531,Free
12/4/2024 20:57:08,22.00,1432.34,4.08,6,13,0,4,0,419,1283,Free
12/4/2024 20:57:26,22.00,1433.79,4.08,6,13,0,4,0,420,249,Free
12/4/2024 20:57:29,22.00,1434.52,4.07,6,13,0,4,0,421,104,Free
12/4/2024 20:57:32,22.00,1435.33,4.08,6,13,0,4,0,422,180,Free
12/4/2024 20:57:34,22.00,1436.59,4.08,6,13,0,4,0,423,633,Free
12/4/2024 20:57:35,22.00,1437.25,4.08,6,13,0,4,0,424,37,Free
12/4/2024 20:57:36,22.00,1438.14,4.08,6,13,0,4,0,425,259,Free
12/4/2024 20:57:37,22.00,1438.77,4.08,6,13,0,4,0,426,2,Free
12/4/2024 20:57:38,22.00,1439.39,4.08,6,13,0,4,0,427,0,Free
12/4/2024 20:57:46,22.00,1440.31,4.08,6,13,0,4,0,428,0,Free
12/4/2024 20:57:51,22.00,1442.14,4.08,6,13,0,4,0,429,1205,Free
12/4/2024 20:57:52,22.00,1442.77,4.08,6,13,0,4,0,430,0,Free
12/4/2024 20:57:53,22.00,1443.60,4.09,6,13,0,4,0,431,207,Free
12/4/2024 20:57:55,22.00,1444.23,4.08,6,13,0,4,0,432,0,Free
12/4/2024 20:57:57,22.00,1445.38,4.08,6,13,0,4,0,433,523,Free
12/4/2024 20:58:03,22.00,1446.69,4.08,6,13,0,4,0,434,685,Free
12/4/2024 20:58:12,22.00,1447.92,4.08,6,13,0,4,0,435,318,Free
12/4/2024 20:58:17,22.00,1448.66,4.08,6,13,0,4,0,436,114,Free
12/4/2024 20:58:19,22.00,1449.29,4.08,6,13,0,4,0,437,0,Free
12/4/2024 20:58:26,22.00,1450.21,4.08,6,13,0,4,0,438,0,Free
12/4/2024 20:58:31,22.00,1450.96,4.08,6,13,0,4,0,439,121,Free
12/4/2024 20:58:36,22.00,1451.81,4.08,6,13,0,4,0,440,224,Free
12/4/2024 20:58:41,22.00,1453.02,4.08,6,13,0,4,0,441,583,Free
12/4/2024 20:58:46,22.00,1454.53,4.08,6,13,0,4,0,442,890,Free
12/4/2024 20:59:01,22.00,1455.73,4.07,6,13,0,4,0,443,0,Free
12/4/2024 20:59:06,22.00,1457.89,4.08,6,13,0,4,0,444,1520,Free
12/4/2024 20:59:19,22.00,1459.40,4.08,6,13,0,4,0,445,309,Free
12/4/2024 20:59:21,22.00,1460.13,4.08,6,13,0,4,0,446,104,Free
12/4/2024 20:59:28,22.00,1461.04,4.08,6,13,0,4,0,447,0,Free
12/4/2024 20:59:34,22.00,1462.34,4.08,6,13,0,4,0,448,668,Free
12/4/2024 20:59:38,22.00,1463.04,4.08,6,13,0,4,0,449,79,Free
12/4/2024 20:59:40,22.00,1463.67,4.08,6,13,0,4,0,450,0,Free
12/4/2024 20:59:42,22.00,1464.95,4.08,6,13,0,4,0,451,650,Free
12/4/2024 20:59:45,22.00,1467.54,4.07,6,13,0,4,0,452,1965,Free
12/4/2024 20:59:59,22.00,1470.98,4.08,6,13,0,4,0,453,2521,Free
12/4/2024 21:00:06,22.00,1475.51,4.08,6,13,0,4,0,454,3904,Free
12/4/2024 21:00:13,22.00,1477.52,4.07,6,13,0,4,0,455,1095,Free
12/4/2024 21:00:15,22.00,1478.27,4.08,6,13,0,4,0,456,122,Free
12/4/2024 21:00:21,22.00,1480.93,4.08,6,13,0,4,0,457,2037,Free
12/4/2024 21:00:22,22.00,1481.90,4.07,6,13,0,4,0,458,343,Free
12/4/2024 21:00:27,22.00,1482.53,4.08,6,13,0,4,0,459,0,Free
12/4/2024 21:00:29,22.00,1483.24,4.09,6,13,0,4,0,460,78,Free
12/4/2024 21:00:31,22.00,1483.94,4.08,6,13,0,4,0,461,78,Free
12/4/2024 21:00:34,22.00,1484.98,4.08,6,13,0,4,0,462,412,Free
12/4/2024 21:00:45,22.00,1495.81,4.08,6,13,0,4,0,462,0,Free
12/4/2024 21:00:51,22.00,1496.44,4.08,6,13,0,4,0,463,0,Free
12/4/2024 21:04:12,22.00,1506.50,4.08,6,13,0,4,0,464,10,Free
12/4/2024 21:05:32,22.00,1511.93,4.08,6,13,0,4,0,465,1095,Free
12/4/2024 21:05:37,22.00,1512.58,4.08,6,13,0,4,0,466,19,Free
12/4/2024 21:09:57,22.00,1526.26,4.08,6,13,0,4,0,467,787,Free
12/4/2024 21:09:58,22.00,1527.02,4.08,6,13,0,4,0,468,131,Free
12/4/2024 21:09:59,22.00,1527.71,4.08,6,13,0,4,0,469,45,Free
12/4/2024 21:10:03,22.00,1529.70,4.07,6,13,0,4,0,470,1368,Free
12/4/2024 21:10:04,22.00,1530.71,4.08,6,13,0,4,0,471,385,Free
12/4/2024 21:10:12,22.00,1532.38,4.09,6,13,0,4,0,472,754,Free
12/4/2024 21:10:12,22.00,1533.01,4.08,6,13,0,4,0,473,0,Free
12/4/2024 21:10:13,22.00,1533.75,4.09,6,13,0,4,0,474,113,Free
12/4/2024 21:10:14,22.00,1534.42,4.08,6,13,0,4,0,475,45,Free
12/4/2024 21:10:16,22.00,1535.49,4.08,6,13,0,4,0,476,437,Free
12/4/2024 21:10:17,22.00,1536.23,4.08,6,13,0,4,0,477,113,Free
12/4/2024 21:10:18,22.00,1536.85,4.08,6,13,0,4,0,478,0,Free
12/4/2024 21:10:19,22.00,1537.48,4.07,6,13,0,4,0,479,0,Free
12/4/2024 21:10:21,22.00,1538.13,4.08,6,13,0,4,0,480,19,Free
12/4/2024 21:10:22,22.00,1538.99,4.08,6,13,0,4,0,481,233,Free
12/4/2024 21:10:25,22.00,1540.27,4.08,6,13,0,4,0,482,660,Free
12/4/2024 21:10:27,22.00,1540.90,4.08,6,13,0,4,0,483,2,Free
12/4/2024 21:10:28,22.00,1541.93,4.08,6,13,0,4,0,484,403,Free
12/4/2024 21:10:30,22.00,1543.33,4.08,6,13,0,4,0,485,771,Free
12/4/2024 21:10:44,22.00,1546.27,4.08,6,13,0,4,0,486,1735,Free
12/4/2024 21:10:46,22.00,1548.23,4.07,6,13,0,4,0,487,1334,Free
12/4/2024 21:10:49,22.00,1548.86,4.08,6,13,0,4,0,488,0,Free
12/4/2024 21:10:49,22.00,1549.53,4.08,6,13,0,4,0,489,45,Free
12/4/2024 21:10:51,22.00,1550.16,4.08,6,13,0,4,0,490,0,Free
12/4/2024 21:10:54,22.00,1552.01,4.08,6,13,0,4,0,491,1231,Free
12/4/2024 21:10:55,22.00,1552.64,4.08,6,13,0,4,0,492,0,Free
12/4/2024 21:11:00,22.00,1557.60,4.07,6,13,0,4,0,493,4331,Free
12/4/2024 21:11:04,22.00,1560.63,4.07,6,13,0,4,0,494,2400,Free
12/4/2024 21:11:07,22.00,1561.93,4.08,6,13,0,4,0,495,668,Free
12/4/2024 21:11:11,22.00,1563.83,4.08,6,13,0,4,0,496,1274,Free
12/4/2024 21:11:12,22.00,1564.48,4.07,6,13,0,4,0,497,19,Free
12/4/2024 21:11:14,22.00,1565.11,4.08,6,13,0,4,0,498,0,Free
12/4/2024 21:11:18,22.00,1565.73,4.08,6,13,0,4,0,499,0,Free
12/4/2024 21:11:20,22.00,1566.53,4.07,6,13,0,4,0,500,172,Free
12/4/2024 21:11:21,22.00,1567.17,4.07,6,13,0,4,0,501,0,Free
12/4/2024 21:11:22,22.00,1567.80,4.08,6,13,0,4,0,502,0,Free
12/4/2024 21:11:24,22.00,1568.42,4.08,6,13,0,4,0,503,0,Free
12/4/2024 21:11:26,22.00,1569.97,4.09,6,13,0,4,0,504,915,Free
12/4/2024 21:11:30,22.00,1570.64,4.06,6,13,0,4,0,505,45,Free
12/4/2024 21:11:31,22.00,1571.62,4.07,6,13,0,4,0,506,353,Free
12/4/2024 21:11:32,22.00,1572.78,4.08,6,13,0,4,0,507,531,Free
12/4/2024 21:11:42,22.00,1574.60,4.07,6,13,0,4,0,508,915,Free
12/4/2024 21:11:44,22.00,1575.34,4.08,6,13,0,4,0,509,104,Free
12/4/2024 21:12:14,22.00,1577.71,4.08,6,13,0,4,0,510,317,Free
12/4/2024 21:12:17,22.00,1578.85,4.08,6,13,0,4,0,511,514,Free
12/4/2024 21:12:19,22.00,1580.32,4.07,6,13,0,4,0,512,838,Free
12/4/2024 21:12:23,22.00,1581.54,4.08,6,13,0,4,0,513,592,Free
12/4/2024 21:12:27,22.00,1582.16,4.08,6,13,0,4,0,514,0,Free
12/4/2024 21:12:35,22.00,1583.68,4.08,6,13,0,4,0,515,599,Free
12/4/2024 21:12:37,22.00,1585.27,4.08,6,13,0,4,0,516,967,Free
12/4/2024 21:12:40,22.00,1586.55,4.08,6,13,0,4,0,517,651,Free
12/4/2024 21:12:42,22.00,1587.55,4.08,6,13,0,4,0,518,368,Free
12/4/2024 21:12:48,22.00,1589.04,4.08,6,13,0,4,0,519,865,Free
12/4/2024 21:12:52,22.00,1589.71,4.08,6,13,0,4,0,520,45,Free
12/4/2024 21:12:56,22.00,1590.59,4.08,6,13,0,4,0,521,250,Free
12/4/2024 21:12:57,22.00,1591.22,4.08,6,13,0,4,0,522,2,Free
12/4/2024 21:13:02,22.00,1591.88,4.09,6,13,0,4,0,523,28,Free
12/4/2024 21:13:06,22.00,1592.86,4.08,6,13,0,4,0,524,352,Free
12/4/2024 21:13:12,22.00,1593.89,4.08,6,13,0,4,0,525,403,Free
12/4/2024 21:13:14,22.00,1594.52,4.08,6,13,0,4,0,526,0,Free
12/4/2024 21:13:17,22.00,1595.41,4.08,6,13,0,4,0,527,258,Free
12/4/2024 21:13:19,22.00,1596.03,4.09,6,13,0,4,0,528,0,Free
12/4/2024 21:13:24,22.00,1596.69,4.09,6,13,0,4,0,529,27,Free
12/4/2024 21:13:29,22.00,1600.51,4.08,6,13,0,4,0,530,3195,Free
12/4/2024 21:13:33,22.00,1601.80,4.08,6,13,0,4,0,531,668,Free
12/4/2024 21:13:35,22.00,1603.90,4.08,6,13,0,4,0,532,1471,Free
12/4/2024 21:13:39,22.00,1605.86,4.08,6,13,0,4,0,533,1334,Free
12/4/2024 21:13:40,22.00,1607.00,4.08,6,13,0,4,0,534,506,Free
12/4/2024 21:13:41,22.00,1607.65,4.07,6,13,0,4,0,535,19,Free
12/4/2024 21:13:42,22.00,1608.65,4.08,6,13,0,4,0,536,378,Free
12/4/2024 21:13:44,22.00,1609.72,4.08,6,13,0,4,0,537,446,Free
12/4/2024 21:13:46,22.00,1612.21,4.08,6,13,0,4,0,538,1854,Free
12/4/2024 21:13:50,22.00,1613.01,4.08,6,13,0,4,0,539,173,Free
12/4/2024 21:13:51,22.00,1613.79,4.08,6,13,0,4,0,540,156,Free
12/4/2024 21:14:03,22.00,1615.65,4.08,6,13,0,4,0,541,949,Free
12/4/2024 21:14:19,22.00,1626.77,4.08,6,13,0,4,0,541,0,Free
12/4/2024 21:14:22,22.00,1627.40,4.08,6,13,0,4,0,542,0,Free
12/4/2024 21:14:28,22.00,1628.03,4.08,6,13,0,4,0,543,0,Free
12/4/2024 21:14:36,22.00,1629.31,4.08,6,13,0,4,0,544,369,Free
12/4/2024 21:14:44,22.00,1630.54,4.08,6,13,0,4,0,545,319,Free
12/4/2024 21:16:08,22.00,1635.11,4.08,6,13,0,4,0,546,235,Free
12/4/2024 21:16:18,22.00,1638.91,4.08,6,13,0,4,0,547,2878,Free
12/4/2024 21:16:25,22.00,1640.63,4.08,6,13,0,4,0,548,1095,Free
12/4/2024 21:16:35,22.00,1642.25,4.08,6,13,0,4,0,549,702,Free
12/4/2024 21:16:38,22.00,1642.94,4.07,6,13,0,4,0,550,62,Free
12/4/2024 21:16:40,22.00,1643.60,4.08,6,13,0,4,0,551,36,Free
12/4/2024 21:17:07,22.00,1645.64,4.08,6,13,0,4,0,552,275,Free
12/4/2024 21:17:10,22.00,1646.27,4.06,6,13,0,4,0,553,0,Free
12/4/2024 21:18:05,22.00,1650.54,4.08,6,13,0,4,0,554,1359,Free
12/4/2024 21:18:16,22.00,1651.70,4.08,6,13,0,4,0,555,249,Free
12/4/2024 21:18:18,22.00,1653.25,4.07,6,13,0,4,0,556,924,Free
12/4/2024 21:23:43,22.00,1669.31,4.08,6,13,0,4,0,557,10,Free
12/4/2024 21:29:08,21.75,1685.35,4.08,6,13,0,4,0,558,0,Free
12/4/2024 21:29:54,21.75,1687.97,4.07,6,13,0,4,0,559,0,Free
12/4/2024 21:31:46,21.75,1703.66,4.07,6,13,0,4,0,559,0,Free
12/4/2024 21:47:37,21.75,1749.62,4.08,6,13,0,4,0,560,241,Free
12/4/2024 21:49:53,21.75,1766.44,4.07,6,13,0,4,0,560,0,Free
12/4/2024 21:53:24,21.75,1777.01,4.07,6,13,0,4,0,561,232,Free
12/4/2024 21:53:42,21.75,1778.20,4.08,6,13,0,4,0,562,0,Free
12/4/2024 21:53:42,21.75,1778.91,4.07,6,13,0,4,0,563,79,Free
12/4/2024 21:53:45,21.75,1781.61,4.07,6,13,0,4,0,564,2067,Free
12/4/2024 21:53:55,21.75,1782.66,4.07,6,13,0,4,0,565,138,Free
12/4/2024 21:53:57,21.75,1784.08,4.08,6,13,0,4,0,566,795,Free
12/4/2024 21:54:03,21.75,1784.77,4.08,6,13,0,4,0,567,62,Free
12/4/2024 21:54:05,21.75,1785.40,4.08,6,13,0,4,0,568,0,Free
12/4/2024 21:54:07,21.75,1786.36,4.08,6,13,0,4,0,569,335,Free
12/4/2024 21:54:09,21.75,1787.89,4.07,6,13,0,4,0,570,907,Free
12/4/2024 21:54:18,21.75,1788.85,4.07,6,13,0,4,0,571,44,Free
12/4/2024 21:54:20,21.75,1789.75,4.08,6,13,0,4,0,572,258,Free
12/4/2024 21:54:25,21.75,1794.74,4.07,6,13,0,4,0,573,4364,Free
12/4/2024 21:54:29,21.75,1796.74,4.08,6,13,0,4,0,574,1377,Free
12/4/2024 21:54:33,21.75,1799.96,4.08,6,13,0,4,0,575,2589,Free
12/4/2024 21:54:35,21.75,1800.86,4.08,6,13,0,4,0,576,275,Free
12/4/2024 21:54:48,21.75,1802.37,4.08,6,13,0,4,0,577,310,Free
12/4/2024 21:54:53,21.75,1803.60,4.07,6,13,0,4,0,578,608,Free
12/4/2024 21:55:05,21.75,1804.81,4.08,6,13,0,4,0,579,292,Free
12/4/2024 21:55:20,21.75,1806.01,4.07,6,13,0,4,0,580,0,Free
12/4/2024 21:55:32,21.75,1806.92,4.07,6,13,0,4,0,581,0,Free
12/4/2024 21:55:36,21.75,1808.24,4.08,6,13,0,4,0,582,693,Free
12/4/2024 21:55:41,21.75,1809.26,4.08,6,13,0,4,0,583,395,Free
12/4/2024 21:55:59,21.75,1810.88,4.08,6,13,0,4,0,584,130,Free
12/4/2024 21:56:07,21.75,1811.79,4.06,6,13,0,4,0,585,0,Free
12/4/2024 21:56:18,21.75,1812.87,4.08,6,13,0,4,0,586,164,Free
12/4/2024 21:56:23,21.75,1813.60,4.08,6,13,0,4,0,587,104,Free
12/4/2024 21:57:17,21.75,1816.51,4.08,6,13,0,4,0,588,0,Free
12/4/2024 21:57:18,21.75,1817.14,4.07,6,13,0,4,0,589,0,Free
12/4/2024 21:57:28,21.75,1818.16,4.07,6,13,0,4,0,590,104,Free
12/4/2024 21:57:59,21.75,1819.92,4.08,6,13,0,4,0,591,0,Free
12/4/2024 21:58:48,21.75,1822.83,4.07,6,13,0,4,0,592,0,Free
12/4/2024 21:58:53,21.75,1823.46,4.07,6,13,0,4,0,593,0,Free
12/4/2024 21:59:10,21.75,1824.76,4.08,6,13,0,4,0,594,104,Free
12/4/2024 21:59:11,21.75,1825.42,4.07,6,13,0,4,0,595,28,Free
12/4/2024 21:59:25,21.75,1826.62,4.07,6,13,0,4,0,596,0,Free
12/4/2024 21:59:34,21.75,1827.53,4.08,6,13,0,4,0,597,0,Free
12/4/2024 21:59:53,21.75,1828.92,4.07,6,13,0,4,0,598,181,Free
12/4/2024 22:00:04,21.75,1829.83,4.08,6,13,0,4,0,599,0,Free
12/4/2024 22:01:37,21.75,1834.80,4.07,6,13,0,4,0,600,61,Free
12/4/2024 22:02:32,21.75,1838.02,4.08,6,13,0,4,0,601,19,Free
12/4/2024 22:06:24,21.75,1859.41,4.08,6,13,0,4,0,601,0,Free
12/4/2024 22:09:00,21.75,1867.17,4.07,6,13,0,4,0,602,0,Free
12/4/2024 22:09:01,21.75,1868.32,4.08,6,13,0,4,0,603,524,Free
12/4/2024 22:10:40,21.75,1873.60,4.06,6,13,0,4,0,604,79,Free
12/4/2024 22:13:04,21.75,1880.79,4.08,6,13,0,4,0,605,0,Free
12/4/2024 22:13:07,21.75,1881.42,4.08,6,13,0,4,0,606,0,Free
12/4/2024 22:13:14,21.75,1882.33,4.07,6,13,0,4,0,607,0,Free
12/4/2024 22:13:16,21.75,1882.96,4.08,6,13,0,4,0,608,0,Free
12/4/2024 22:13:20,21.75,1883.80,4.08,6,14,214,4,0,608,0,Free
12/4/2024 22:13:46,21.75,1885.57,4.07,6,14,0,4,0,609,0,Free
12/4/2024 22:13:47,21.75,1886.20,4.08,6,14,0,4,0,610,0,Free
12/4/2024 22:14:22,21.75,1888.25,4.07,6,14,0,4,0,611,0,Free
12/4/2024 22:14:26,21.75,1888.95,4.07,6,15,70,4,0,611,0,Free
12/4/2024 22:17:50,21.75,1899.28,4.08,6,15,0,4,0,612,0,Free
12/4/2024 22:17:51,21.75,1899.98,4.07,6,15,0,4,0,613,70,Free
12/4/2024 22:18:11,21.75,1901.69,4.08,6,15,0,4,0,614,224,Free
12/4/2024 22:18:17,21.75,1902.80,4.07,6,15,0,4,0,615,481,Free
12/4/2024 22:18:23,21.75,1903.65,4.07,6,15,0,4,0,616,223,Free
12/4/2024 22:18:28,21.75,1904.74,4.07,6,15,0,4,0,617,471,Free
12/4/2024 22:18:32,21.75,1905.37,4.07,6,15,0,4,0,618,0,Free
12/4/2024 22:18:56,21.75,1906.90,4.07,6,15,0,4,0,619,40,Free
12/4/2024 22:18:59,21.75,1907.52,4.07,6,15,0,4,0,620,0,Free
12/4/2024 22:19:07,21.75,1908.44,4.07,6,15,0,4,0,621,0,Free
12/4/2024 22:19:11,21.75,1909.07,4.08,6,15,0,4,0,622,0,Free
12/4/2024 22:19:22,21.75,1909.98,4.08,6,15,0,4,0,623,0,Free
12/4/2024 22:19:25,21.75,1910.61,4.07,6,15,0,4,0,624,0,Free
12/4/2024 22:19:28,21.75,1913.05,4.08,6,15,0,4,0,625,1812,Free
12/4/2024 22:19:33,21.75,1913.90,4.08,6,15,0,4,0,626,224,Free
12/4/2024 22:19:36,21.75,1915.39,4.08,6,15,0,4,0,627,856,Free
12/4/2024 22:19:42,21.75,1916.41,4.08,6,15,0,4,0,628,113,Free
12/4/2024 22:19:48,21.75,1917.13,4.08,6,15,0,4,0,629,87,Free
12/4/2024 22:19:52,21.75,1918.34,4.08,6,15,0,4,0,630,583,Free
12/4/2024 22:19:54,21.75,1919.24,4.07,6,15,0,4,0,631,275,Free
12/4/2024 22:19:58,21.75,1919.87,4.08,6,15,0,4,0,632,0,Free
12/4/2024 22:20:00,21.75,1920.96,4.08,6,15,0,4,0,633,463,Free
12/4/2024 22:20:07,21.75,1923.30,4.08,6,15,0,4,0,634,1718,Free
12/4/2024 22:20:08,21.75,1923.99,4.07,6,15,0,4,0,635,53,Free
12/4/2024 22:20:14,21.75,1925.74,4.07,6,15,0,4,0,636,1129,Free
12/4/2024 22:20:17,21.75,1926.37,4.07,6,15,0,4,0,637,0,Free
12/4/2024 22:20:27,21.75,1927.74,4.08,6,15,0,4,0,638,454,Free
12/4/2024 22:20:31,21.75,1929.09,4.07,6,15,0,4,0,639,728,Free
12/4/2024 22:20:35,21.75,1930.41,4.08,6,15,0,4,0,640,693,Free
12/4/2024 22:20:41,21.75,1931.17,4.08,6,15,0,4,0,641,130,Free
12/4/2024 22:20:46,21.75,1931.80,4.07,6,15,0,4,0,642,0,Free
12/4/2024 22:21:01,21.75,1933.00,4.08,6,15,0,4,0,643,0,Free
12/4/2024 22:21:24,21.75,1934.64,4.08,6,15,0,4,0,644,156,Free
12/4/2024 22:21:51,21.75,1936.77,4.07,6,15,0,4,0,645,360,Free
12/4/2024 22:21:53,21.75,1938.39,4.07,6,15,0,4,0,646,1002,Free
12/4/2024 22:22:06,21.75,1939.59,4.08,6,15,0,4,0,647,0,Free
12/4/2024 22:22:12,21.75,1940.22,4.07,6,15,0,4,0,648,0,Free
12/4/2024 22:22:35,21.75,1951.63,4.07,6,15,0,4,0,648,0,Free
12/4/2024 22:24:17,21.75,1956.83,4.07,6,15,0,4,0,649,0,Free
12/4/2024 22:24:59,21.75,1959.17,4.07,6,15,0,4,0,650,0,Free
12/4/2024 22:25:18,21.75,1960.73,4.07,6,15,0,4,0,651,78,Free
12/4/2024 22:25:19,21.75,1961.36,4.07,6,15,0,4,0,652,0,Free
12/4/2024 22:25:44,21.75,1964.43,4.07,6,15,0,4,0,653,1590,Free
12/4/2024 22:25:46,21.75,1965.06,4.08,6,15,0,4,0,654,0,Free
12/4/2024 22:26:09,21.75,1966.89,4.07,6,15,0,4,0,655,352,Free
12/4/2024 22:32:24,21.75,1985.22,4.07,6,15,0,4,0,656,0,Free
12/4/2024 22:32:26,21.75,1985.84,4.07,6,15,0,4,0,657,0,Free
12/4/2024 22:32:32,21.75,1986.47,4.08,6,15,0,4,0,658,0,Free
12/4/2024 22:32:41,21.75,1987.99,4.08,6,15,0,4,0,659,608,Free
12/4/2024 22:32:43,21.75,1989.98,4.07,6,15,0,4,0,660,1359,Free
12/4/2024 22:33:02,21.75,1991.56,4.07,6,15,0,4,0,661,95,Free
12/4/2024 22:35:17,21.75,1998.79,4.08,6,15,0,4,0,662,326,Free
12/4/2024 22:39:46,21.75,2011.98,4.07,6,15,0,4,0,663,0,Free
12/4/2024 22:40:08,21.75,2023.38,4.08,6,15,0,4,0,663,0,Free
12/4/2024 22:41:04,21.75,2026.58,4.07,6,15,0,4,0,664,0,Free
12/4/2024 22:41:06,21.75,2027.50,4.08,6,15,0,4,0,665,301,Free
12/4/2024 22:41:11,21.75,2028.39,4.08,6,15,0,4,0,666,259,Free
12/4/2024 22:43:17,21.75,2035.02,4.07,6,15,0,4,0,667,292,Free
12/4/2024 22:50:36,21.50,2056.48,4.07,6,15,0,4,0,668,0,Free
12/4/2024 22:50:38,21.50,2057.47,4.08,6,15,0,4,0,669,361,Free
12/4/2024 22:50:51,21.50,2058.67,4.07,6,15,0,4,0,670,0,Free
12/4/2024 22:51:11,21.50,2060.15,4.07,6,15,0,4,0,671,0,Free
12/4/2024 22:51:12,21.50,2061.10,4.07,6,15,0,4,0,672,317,Free
12/4/2024 22:51:14,21.50,2062.01,4.07,6,15,0,4,0,673,283,Free
12/4/2024 22:51:44,21.50,2064.73,4.07,6,15,0,4,0,674,941,Free
12/4/2024 22:51:47,21.50,2065.47,4.07,6,15,0,4,0,675,114,Free
12/4/2024 22:51:51,21.50,2066.10,4.08,6,15,0,4,0,676,0,Free
12/4/2024 22:51:53,21.50,2066.72,4.08,6,15,0,4,0,677,0,Free
12/4/2024 22:51:55,21.50,2067.44,4.08,6,15,0,4,0,678,87,Free
12/4/2024 22:51:57,21.50,2068.07,4.07,6,15,0,4,0,679,0,Free
12/4/2024 22:51:58,21.50,2068.88,4.08,6,15,0,4,0,680,190,Free
12/4/2024 22:52:05,21.50,2069.51,4.07,6,15,0,4,0,681,0,Free
12/4/2024 22:52:13,21.50,2070.57,4.07,6,15,0,4,0,682,139,Free
12/4/2024 22:52:27,21.50,2071.91,4.07,6,15,0,4,0,683,147,Free
12/4/2024 22:52:32,21.50,2072.55,4.08,6,15,0,4,0,684,10,Free
12/4/2024 22:52:35,21.50,2073.32,4.07,6,15,0,4,0,685,147,Free
12/4/2024 22:52:37,21.50,2073.95,4.08,6,15,0,4,0,686,0,Free
12/4/2024 22:52:42,21.50,2074.57,4.08,6,15,0,4,0,687,0,Free
12/4/2024 22:52:43,21.50,2075.22,4.07,6,15,0,4,0,688,20,Free
12/4/2024 22:53:42,21.50,2078.56,4.08,6,15,0,4,0,689,147,Free
12/4/2024 22:53:50,21.75,2079.70,4.08,6,15,0,4,0,690,223,Free
12/4/2024 22:53:55,21.75,2080.45,4.07,6,15,0,4,0,691,121,Free
12/4/2024 22:53:58,21.75,2082.19,4.07,6,15,0,4,0,692,1112,Free
12/4/2024 22:54:26,21.75,2083.96,4.07,6,15,0,4,0,693,0,Free
12/4/2024 22:54:28,21.75,2085.24,4.07,6,15,0,4,0,694,651,Free
12/4/2024 22:54:41,21.75,2086.63,4.07,6,15,0,4,0,695,190,Free
12/4/2024 22:54:46,21.75,2087.68,4.07,6,15,0,4,0,696,429,Free
12/4/2024 22:54:49,21.50,2088.75,4.07,6,15,0,4,0,697,437,Free
12/4/2024 22:54:56,21.50,2089.66,4.08,6,15,0,4,0,698,0,Free
12/4/2024 22:54:57,21.50,2090.85,4.07,6,15,0,4,0,699,558,Free
12/4/2024 22:55:37,21.50,2093.38,4.08,6,15,0,4,0,700,181,Free
12/4/2024 22:55:52,21.75,2094.94,4.07,6,15,0,4,0,701,369,Free
12/4/2024 22:56:01,21.75,2095.93,4.07,6,15,0,4,0,702,78,Free
12/4/2024 22:56:17,21.75,2107.05,4.07,6,15,0,4,0,702,0,Free
12/4/2024 22:59:27,21.75,2116.53,4.07,6,15,0,4,0,703,0,Free
12/4/2024 23:07:55,21.50,2141.13,4.07,6,15,0,4,0,704,0,Free
12/4/2024 23:08:26,21.50,2143.73,4.08,6,15,0,4,0,705,549,Free
12/4/2024 23:08:44,21.50,2145.71,4.07,6,15,0,4,0,706,779,Free
12/4/2024 23:08:50,21.50,2149.06,4.07,6,15,0,4,0,707,2716,Free
12/4/2024 23:11:29,21.50,2157.18,4.07,6,16,80,4,0,707,0,Free
12/4/2024 23:12:58,21.50,2161.87,4.07,6,16,0,4,0,708,61,Free
12/4/2024 23:14:14,21.50,2175.84,4.07,6,16,0,4,0,708,0,Free
12/4/2024 23:32:25,21.50,2238.05,4.07,6,16,0,4,0,708,0,Free
12/4/2024 23:50:36,21.50,2300.25,4.07,6,16,0,4,0,708,0,Free
12/5/2024 0:08:47,21.50,2362.46,4.07,6,16,0,4,0,708,0,Free
12/5/2024 0:20:53,21.50,2397.34,4.07,6,16,0,4,0,709,0,Free
12/5/2024 0:20:54,21.50,2398.03,4.07,6,16,0,4,0,710,62,Free
12/5/2024 0:20:55,21.50,2398.65,4.07,6,16,0,4,0,711,0,Free
12/5/2024 0:21:11,21.50,2399.87,4.07,6,16,0,4,0,712,20,Free
12/5/2024 0:21:23,21.50,2401.07,4.07,6,16,0,4,0,713,0,Free
12/5/2024 0:21:27,21.50,2401.97,4.07,6,16,0,4,0,714,275,Free
12/5/2024 0:21:28,21.50,2402.60,4.07,6,16,0,4,0,715,0,Free
12/5/2024 0:21:41,21.50,2403.80,4.07,6,16,0,4,0,716,0,Free
12/5/2024 0:21:51,21.50,2404.71,4.07,6,16,0,4,0,717,0,Free
12/5/2024 0:21:52,21.50,2405.49,4.07,6,16,0,4,0,718,156,Free
12/5/2024 0:21:54,21.50,2406.45,4.07,6,16,0,4,0,719,326,Free
12/5/2024 0:26:16,21.50,2429.27,4.07,6,16,0,4,0,719,0,Free
12/5/2024 0:30:24,21.50,2441.85,4.07,6,16,0,4,0,720,250,Free
12/5/2024 0:30:28,21.50,2445.23,4.07,6,16,0,4,0,721,2750,Free
12/5/2024 0:30:31,21.50,2445.86,4.07,6,16,0,4,0,722,0,Free
12/5/2024 0:30:38,21.50,2447.96,4.07,6,16,0,4,0,723,1478,Free
12/5/2024 0:31:56,21.50,2452.30,4.07,6,16,0,4,0,724,0,Free
12/5/2024 0:34:30,21.50,2460.07,4.07,6,17,0,4,0,724,0,Free
12/5/2024 0:34:38,21.50,2460.98,4.07,6,17,0,4,0,725,0,Free
12/5/2024 0:35:51,21.50,2465.16,4.07,6,17,0,4,0,726,131,Free
12/5/2024 0:35:53,21.50,2466.02,4.07,6,17,0,4,0,727,232,Free
12/5/2024 0:35:55,21.50,2466.88,4.07,6,17,0,4,0,728,232,Free
12/5/2024 0:35:56,21.50,2467.51,4.07,6,17,0,4,0,729,0,Free
12/5/2024 0:35:58,21.50,2469.29,4.07,6,17,0,4,0,730,1154,Free
12/5/2024 0:36:05,21.50,2472.11,4.07,6,17,0,4,0,731,2188,Free
12/5/2024 0:36:09,21.50,2474.04,4.07,6,17,0,4,0,732,1300,Free
12/5/2024 0:36:11,21.50,2475.01,4.07,6,17,0,4,0,733,352,Free
12/5/2024 0:36:13,21.50,2476.64,4.07,6,17,0,4,0,734,1000,Free
12/5/2024 0:36:14,21.50,2477.78,4.07,6,17,0,4,0,735,505,Free
12/5/2024 0:36:39,21.50,2479.65,4.07,6,18,105,4,0,735,0,Free
12/5/2024 0:36:45,21.50,2480.28,4.07,6,18,0,4,0,736,0,Free
12/5/2024 0:36:47,21.50,2481.09,4.07,6,18,0,4,0,737,189,Free
12/5/2024 0:36:56,21.50,2482.80,4.07,6,18,0,4,0,738,797,Free
12/5/2024 0:37:00,21.50,2483.43,4.07,6,18,0,4,0,739,1,Free
12/5/2024 0:37:18,21.50,2484.92,4.07,6,18,0,4,0,740,0,Free
12/5/2024 0:38:06,21.50,2487.83,4.07,6,18,0,4,0,741,0,Free
12/5/2024 0:38:14,21.50,2488.74,4.07,6,18,0,4,0,742,0,Free
12/5/2024 0:43:00,21.50,2512.70,4.07,6,18,0,4,0,742,0,Free
12/5/2024 0:45:39,21.50,2520.76,4.07,6,18,0,4,0,743,0,Free
12/5/2024 0:45:41,21.50,2521.46,4.07,6,18,0,4,0,744,79,Free
12/5/2024 0:45:57,21.50,2524.03,4.07,6,18,0,4,0,745,1368,Free
12/5/2024 0:46:35,21.50,2526.88,4.07,6,18,0,4,0,746,514,Free
12/5/2024 0:53:59,21.50,2548.75,4.07,6,18,0,4,0,747,404,Free
12/5/2024 0:54:00,21.50,2549.38,4.07,6,18,0,4,0,748,0,Free
12/5/2024 0:54:03,21.50,2550.01,4.07,6,19,0,4,0,748,0,Free
12/5/2024 0:57:31,21.50,2560.34,4.07,6,19,0,4,0,749,0,Free
12/5/2024 0:58:27,21.50,2563.95,4.07,6,19,0,4,0,750,412,Free
12/5/2024 0:58:28,21.50,2564.57,4.07,6,19,0,4,0,751,0,Free
12/5/2024 0:58:29,21.50,2565.23,4.07,6,19,0,4,0,752,27,Free
12/5/2024 0:58:30,21.50,2565.86,4.07,6,19,0,4,0,753,0,Free
12/5/2024 0:59:55,21.50,2570.48,4.07,6,19,0,4,0,754,0,Free
12/5/2024 1:00:23,21.50,2582.17,4.07,6,19,0,4,0,754,0,Free
12/5/2024 1:00:39,21.50,2583.37,4.07,6,19,0,4,0,755,0,Free
12/5/2024 1:01:10,21.50,2585.51,4.07,6,19,0,4,0,756,368,Free
12/5/2024 1:02:08,21.50,2598.49,4.07,6,19,0,4,0,757,10357,Free
12/5/2024 1:02:13,21.50,2599.12,4.07,6,19,0,4,0,758,0,Free
12/5/2024 1:07:14,21.50,2613.73,4.07,6,19,0,4,0,759,0,Free
12/5/2024 1:08:22,21.50,2617.50,4.07,6,20,0,4,0,759,0,Free
12/5/2024 1:08:37,21.50,2618.70,4.07,6,20,0,4,0,760,0,Free
12/5/2024 1:08:45,21.50,2622.64,4.07,6,20,0,4,0,761,3315,Free
12/5/2024 1:08:46,21.50,2623.27,4.07,6,20,0,4,0,762,0,Free
12/5/2024 1:08:47,21.50,2623.90,4.07,6,20,0,4,0,763,0,Free
12/5/2024 1:10:04,21.50,2627.95,4.07,6,20,0,4,0,764,0,Free
12/5/2024 1:10:06,21.50,2629.98,4.07,6,20,0,4,0,765,1402,Free
12/5/2024 1:10:17,21.50,2631.27,4.07,6,20,0,4,0,766,378,Free
12/5/2024 1:11:12,21.50,2634.47,4.07,6,20,0,5,0,766,0,Free
12/5/2024 1:11:40,21.50,2636.82,4.07,6,20,0,5,0,767,575,Free
12/5/2024 1:11:52,21.50,2637.88,4.07,6,20,0,5,0,768,144,Free
12/5/2024 1:11:53,21.50,2638.95,4.06,6,20,0,5,0,769,446,Free
12/5/2024 1:17:02,21.50,2654.78,4.07,6,20,0,5,0,770,642,Free
12/5/2024 1:17:19,21.50,2655.97,4.07,6,20,0,5,0,771,0,Free
12/5/2024 1:17:23,21.50,2656.61,4.07,6,20,0,5,0,772,11,Free
12/5/2024 1:17:24,21.50,2657.24,4.07,6,20,0,5,0,773,0,Free
12/5/2024 1:17:26,21.50,2658.64,4.07,6,20,0,5,0,774,771,Free
12/5/2024 1:17:55,21.50,2670.32,4.07,6,20,0,5,0,774,0,Free
12/5/2024 1:17:58,21.50,2670.95,4.07,6,20,0,5,0,775,0,Free
12/5/2024 1:18:05,21.50,2672.33,4.07,6,20,0,5,0,776,746,Free
12/5/2024 1:18:10,21.50,2673.13,4.07,6,20,0,5,0,777,181,Free
12/5/2024 1:18:16,21.50,2674.29,4.07,6,20,0,5,0,778,531,Free
12/5/2024 1:18:18,21.50,2675.08,4.07,6,20,0,5,0,779,156,Free
12/5/2024 1:18:25,21.50,2676.56,4.07,6,20,0,5,0,780,574,Free
12/5/2024 1:18:26,21.50,2677.19,4.07,6,20,0,5,0,781,0,Free
12/5/2024 1:18:51,21.50,2679.17,4.07,6,20,0,5,0,782,207,Free
12/5/2024 1:18:54,21.50,2679.79,4.07,6,20,0,5,0,783,0,Free
12/5/2024 1:18:59,21.50,2681.21,4.07,6,20,0,5,0,784,787,Free
12/5/2024 1:19:02,21.50,2681.88,4.07,6,20,0,5,0,785,45,Free
12/5/2024 1:19:08,21.50,2683.01,4.07,6,20,0,5,0,786,506,Free
12/5/2024 1:19:11,21.50,2683.64,4.07,6,20,0,5,0,787,0,Free
12/5/2024 1:19:17,21.50,2685.27,4.06,6,20,0,5,0,788,1000,Free
12/5/2024 1:19:21,21.50,2685.96,4.07,6,20,0,5,0,789,61,Free
12/5/2024 1:19:37,21.50,2687.17,4.07,6,20,0,5,0,790,10,Free
12/5/2024 1:19:40,21.50,2687.80,4.07,6,20,0,5,0,791,0,Free
12/5/2024 1:19:47,21.50,2688.96,4.07,6,20,0,5,0,792,532,Free
12/5/2024 1:19:58,21.50,2690.06,4.07,6,20,0,5,0,793,181,Free
12/5/2024 1:20:10,21.50,2691.18,4.07,6,20,0,5,0,794,215,Free
12/5/2024 1:20:13,21.50,2691.81,4.07,6,20,0,5,0,795,0,Free
12/5/2024 1:20:16,21.50,2692.44,4.07,6,20,0,5,0,796,0,Free
12/5/2024 1:20:17,21.50,2693.11,4.07,6,20,0,5,0,797,45,Free
12/5/2024 1:20:26,21.50,2694.03,4.07,6,20,0,5,0,798,0,Free
12/5/2024 1:20:28,21.50,2694.65,4.07,6,20,0,5,0,799,0,Free
12/5/2024 1:20:39,21.50,2696.53,4.07,6,20,0,5,0,800,967,Free
12/5/2024 1:20:41,21.50,2698.45,4.07,6,20,0,5,0,801,1290,Free
12/5/2024 1:20:44,21.50,2699.08,4.07,6,20,0,5,0,802,0,Free
12/5/2024 1:20:45,21.50,2699.87,4.07,6,20,0,5,0,803,164,Free
12/5/2024 1:20:53,21.50,2701.01,4.07,6,20,0,5,0,804,232,Free
12/5/2024 1:20:54,21.50,2701.68,4.07,6,20,0,5,0,805,36,Free
12/5/2024 1:20:58,21.50,2703.42,4.07,6,20,0,5,0,806,1111,Free
12/5/2024 1:21:00,21.50,2704.46,4.07,6,20,0,5,0,807,420,Free
12/5/2024 1:21:05,21.50,2705.59,4.07,6,20,0,5,0,808,497,Free
12/5/2024 1:21:11,21.50,2707.59,4.07,6,20,0,5,0,809,1377,Free
12/5/2024 1:22:36,21.50,2712.42,4.07,6,20,0,5,0,810,490,Free
12/5/2024 1:23:39,21.50,2715.92,4.07,6,20,0,5,0,811,19,Free
12/5/2024 1:25:45,21.50,2722.26,4.07,6,20,0,5,0,812,0,Free
12/5/2024 1:30:06,21.50,2736.27,4.07,6,20,0,5,0,813,1112,Free
12/5/2024 1:30:15,21.50,2737.20,4.07,6,20,0,5,0,814,19,Free
12/5/2024 1:30:19,21.50,2737.83,4.07,6,20,0,5,0,815,0,Free
12/5/2024 1:30:21,21.50,2738.46,4.07,6,20,0,5,0,816,0,Free
12/5/2024 1:30:23,21.50,2739.58,4.07,6,20,0,5,0,817,498,Free
12/5/2024 1:30:27,21.50,2740.49,4.07,6,20,0,5,0,818,275,Free
12/5/2024 1:30:28,21.50,2741.19,4.07,6,20,0,5,0,819,71,Free
12/5/2024 1:30:34,21.50,2742.70,4.07,6,20,0,5,0,820,881,Free
12/5/2024 1:30:37,21.50,2743.68,4.07,6,20,0,5,0,821,352,Free
12/5/2024 1:30:39,21.50,2745.56,4.07,6,20,0,5,0,822,1249,Free
12/5/2024 1:30:45,21.50,2746.18,4.07,6,20,0,5,0,823,0,Free
12/5/2024 1:30:46,21.50,2747.09,4.07,6,20,0,5,0,824,275,Free
12/5/2024 1:30:49,21.50,2748.80,4.07,6,20,0,5,0,825,1087,Free
12/5/2024 1:30:54,21.50,2749.58,4.07,6,20,0,5,0,826,146,Free
12/5/2024 1:30:58,21.50,2751.19,4.07,6,20,0,5,0,827,984,Free
12/5/2024 1:31:03,21.50,2751.82,4.07,6,20,0,5,0,828,0,Free
12/5/2024 1:31:07,21.50,2752.44,4.07,6,20,0,5,0,829,0,Free
12/5/2024 1:31:13,21.50,2753.42,4.07,6,20,0,5,0,830,353,Free
12/5/2024 1:31:18,21.50,2754.46,4.06,6,20,0,5,0,831,403,Free
12/5/2024 1:31:24,21.50,2755.55,4.07,6,20,0,5,0,832,463,Free
12/5/2024 1:31:27,21.50,2756.94,4.07,6,20,0,5,0,833,770,Free
12/5/2024 1:31:29,21.50,2757.58,4.07,6,20,0,5,0,834,2,Free
12/5/2024 1:31:55,21.50,2759.42,4.07,6,20,0,5,0,835,70,Free
12/5/2024 1:32:00,21.50,2760.04,4.07,6,20,0,5,0,836,0,Free
12/5/2024 1:32:04,21.50,2760.67,4.07,6,20,0,5,0,837,0,Free
12/5/2024 1:32:05,21.50,2761.37,4.07,6,20,0,5,0,838,71,Free
12/5/2024 1:32:06,21.50,2762.00,4.07,6,20,0,5,0,839,0,Free
12/5/2024 1:32:10,21.50,2762.76,4.07,6,20,0,5,0,840,138,Free
12/5/2024 1:32:15,21.50,2763.39,4.07,6,20,0,5,0,841,0,Free
12/5/2024 1:32:24,21.50,2764.31,4.07,6,20,0,5,0,842,0,Free
12/5/2024 1:32:27,21.50,2766.47,4.07,6,20,0,5,0,843,1539,Free
12/5/2024 1:32:40,21.50,2767.94,4.07,6,20,0,5,0,844,548,Free
12/5/2024 1:32:45,21.50,2769.23,4.07,6,20,0,5,0,845,659,Free
12/5/2024 1:32:52,21.50,2770.07,4.07,6,20,0,5,0,846,216,Free
12/5/2024 1:32:57,21.50,2770.70,4.07,6,20,0,5,0,847,0,Free
12/5/2024 1:33:01,21.50,2771.33,4.07,6,20,0,5,0,848,2,Free
12/5/2024 1:33:17,21.50,2782.45,4.07,6,20,0,5,0,848,0,Free
12/5/2024 1:35:04,21.50,2787.93,4.07,6,21,0,5,0,848,0,Free
12/5/2024 1:35:18,21.50,2789.13,4.07,6,21,0,6,0,848,0,Free
12/5/2024 1:35:30,21.50,2790.04,4.07,6,22,0,6,0,848,0,Free
12/5/2024 1:35:36,21.50,2790.82,4.07,6,23,152,6,0,848,0,Free
12/5/2024 1:36:11,21.50,2793.61,4.07,6,23,0,6,0,849,737,Free
12/5/2024 1:36:30,21.50,2795.09,4.07,6,24,0,6,0,849,0,Free
12/5/2024 1:36:48,21.50,2796.29,4.07,6,24,0,6,0,850,0,Free
12/5/2024 1:36:48,21.50,2796.63,4.07,6,25,0,6,0,850,0,Free
12/5/2024 1:37:11,21.50,2798.11,4.07,6,26,0,6,0,850,0,Free
12/5/2024 1:37:18,21.50,2799.05,4.07,6,26,0,7,306,850,0,Free
12/5/2024 1:37:35,21.50,2800.25,4.07,6,27,0,7,0,850,0,Free
12/5/2024 1:37:47,21.50,2801.24,4.07,6,27,0,7,0,851,78,Free
12/5/2024 1:37:50,21.50,2803.37,4.07,6,27,0,7,0,852,1505,Free
12/5/2024 1:38:22,21.50,2805.43,4.07,6,28,0,7,0,852,0,Free
12/5/2024 1:38:48,21.50,2807.20,4.07,6,29,0,7,0,852,0,Free
12/5/2024 1:38:50,21.50,2808.56,4.07,6,29,0,7,0,853,736,Free
12/5/2024 1:38:54,21.50,2809.23,4.07,6,29,0,8,37,853,0,Free
12/5/2024 1:38:56,21.50,2809.86,4.07,6,29,0,8,0,854,10,Free
12/5/2024 1:38:57,21.50,2810.49,4.07,6,29,0,8,0,855,0,Free
12/5/2024 1:39:00,21.50,2811.12,4.07,6,30,0,8,0,855,0,Free
12/5/2024 1:39:09,21.50,2812.03,4.07,6,30,0,8,0,856,0,Free
12/5/2024 1:39:15,21.50,2812.67,4.07,6,30,0,8,0,857,0,Free
12/5/2024 1:39:53,21.50,2815.01,4.07,6,30,0,8,0,858,0,Free
12/5/2024 1:39:57,21.50,2815.64,4.07,6,31,0,8,0,858,0,Free
12/5/2024 1:40:25,21.50,2817.53,4.07,6,31,0,8,0,859,129,Free
12/5/2024 1:40:28,21.50,2818.29,4.07,6,31,0,8,0,860,130,Free
12/5/2024 1:40:29,21.50,2819.37,4.07,6,31,0,8,0,861,446,Free
12/5/2024 1:40:31,21.50,2820.47,4.07,6,31,0,8,0,862,471,Free
12/5/2024 1:40:35,21.50,2821.49,4.07,6,31,0,8,0,863,394,Free
12/5/2024 1:40:36,21.50,2822.11,4.07,6,31,0,8,0,864,0,Free
12/5/2024 1:40:37,21.50,2822.80,4.07,6,31,0,8,0,865,53,Free
12/5/2024 1:40:38,21.50,2823.42,4.07,6,31,0,8,0,866,0,Free
12/5/2024 1:40:39,21.50,2824.05,4.07,6,31,0,8,0,867,0,Free
12/5/2024 1:40:40,21.50,2824.68,4.07,6,31,0,8,0,868,0,Free
12/5/2024 1:40:43,21.50,2825.35,4.07,6,31,0,8,0,869,44,Free
12/5/2024 1:40:44,21.50,2826.27,4.07,6,31,0,8,0,870,292,Free
12/5/2024 1:40:46,21.50,2827.10,4.07,6,31,0,8,0,871,198,Free
12/5/2024 1:40:47,21.50,2827.73,4.07,6,31,0,8,0,872,10,Free
12/5/2024 1:40:48,21.50,2828.54,4.07,6,31,0,8,0,873,180,Free
12/5/2024 1:40:49,21.50,2829.17,4.07,6,31,0,8,0,874,0,Free
12/5/2024 1:40:50,21.50,2829.99,4.07,6,31,0,8,0,875,198,Free
12/5/2024 1:40:51,21.50,2830.77,4.07,6,31,0,8,0,876,147,Free
12/5/2024 1:40:52,21.50,2831.39,4.07,6,31,0,8,0,877,0,Free
12/5/2024 1:40:53,21.50,2832.02,4.07,6,31,0,8,0,878,0,Free
12/5/2024 1:40:55,21.50,2833.33,4.06,6,31,0,8,0,879,677,Free
12/5/2024 1:40:59,21.50,2834.13,4.07,6,31,0,8,0,880,173,Free
12/5/2024 1:41:00,21.50,2834.76,4.07,6,31,0,8,0,881,0,Free
12/5/2024 1:41:02,21.50,2835.38,4.07,6,31,0,8,0,882,0,Free
12/5/2024 1:41:07,21.50,2836.02,4.07,6,31,0,8,0,883,0,Free
12/5/2024 1:41:09,21.50,2836.82,4.07,6,31,0,8,0,884,173,Free
12/5/2024 1:41:10,21.50,2837.45,4.06,6,31,0,8,0,885,0,Free
12/5/2024 1:41:11,21.50,2838.08,4.07,6,31,0,8,0,886,0,Free
12/5/2024 1:41:12,21.50,2838.73,4.07,6,31,0,8,0,887,27,Free
12/5/2024 1:41:13,21.50,2839.36,4.07,6,31,0,8,0,888,0,Free
12/5/2024 1:41:15,21.50,2841.05,4.07,6,31,0,8,0,889,1060,Free
12/5/2024 1:41:41,21.50,2842.82,4.07,6,31,0,8,0,890,0,Free
12/5/2024 1:41:47,21.50,2843.46,4.07,6,32,20,8,0,890,0,Free
12/5/2024 1:41:55,21.50,2844.38,4.07,6,32,0,8,0,891,0,Free
12/5/2024 1:41:57,21.50,2845.00,4.07,6,32,0,8,0,892,0,Free
12/5/2024 1:41:59,21.50,2846.07,4.07,6,32,0,8,0,893,438,Free
12/5/2024 1:42:00,21.50,2847.04,4.07,6,32,0,8,0,894,345,Free
12/5/2024 1:42:01,21.50,2847.67,4.07,6,32,0,8,0,895,0,Free
12/5/2024 1:42:28,21.50,2851.45,4.07,6,32,0,8,0,896,2008,Free
12/5/2024 1:42:48,21.50,2852.93,4.07,6,32,0,8,0,897,0,Free
12/5/2024 1:42:49,21.50,2853.59,4.06,6,32,0,8,0,898,28,Free
12/5/2024 1:42:50,21.50,2854.21,4.07,6,32,0,8,0,899,0,Free
12/5/2024 1:42:53,21.50,2854.97,4.05,6,32,0,8,0,900,130,Free
12/5/2024 1:42:56,21.50,2856.77,4.07,6,32,0,8,0,901,1171,Free
12/5/2024 1:43:00,21.50,2860.16,4.07,6,32,0,8,0,902,2760,Free
12/5/2024 1:43:03,21.50,2860.79,4.07,6,32,0,8,0,903,0,Free
12/5/2024 1:43:04,21.50,2861.67,4.07,6,32,0,8,0,904,250,Free
12/5/2024 1:43:09,21.50,2862.29,4.07,6,32,0,8,0,905,0,Free
12/5/2024 1:43:14,21.50,2862.92,4.07,6,32,0,8,0,906,0,Free
12/5/2024 1:44:27,21.50,2866.97,4.07,6,32,0,8,0,907,0,Free
12/5/2024 1:44:28,21.50,2867.91,4.07,6,32,0,8,0,908,300,Free
12/5/2024 1:44:29,21.50,2868.54,4.07,6,32,0,8,0,909,0,Free
12/5/2024 1:44:29,21.50,2869.17,4.07,6,32,0,8,0,910,0,Free
12/5/2024 1:44:30,21.50,2869.84,4.07,6,32,0,8,0,911,44,Free
12/5/2024 1:44:31,21.50,2870.47,4.07,6,32,0,8,0,912,0,Free
12/5/2024 1:44:41,21.50,2877.47,4.07,6,32,0,8,0,913,6373,Free
12/5/2024 1:44:52,21.50,2878.46,4.07,6,32,0,8,0,914,79,Free
12/5/2024 1:44:55,21.50,2879.08,4.07,6,32,0,8,0,915,0,Free
12/5/2024 1:45:03,21.50,2880.00,4.05,6,32,0,8,0,916,0,Free
12/5/2024 1:46:49,21.50,2895.40,4.07,6,32,0,8,0,916,0,Free
12/5/2024 1:47:55,21.50,2900.52,4.07,6,32,0,8,0,917,1640,Free
12/5/2024 1:47:58,21.50,2901.47,4.07,6,32,0,8,0,918,327,Free
12/5/2024 1:48:04,21.50,2902.11,4.07,6,33,6,8,0,918,0,Free
12/5/2024 1:48:17,21.50,2903.31,4.07,6,33,0,8,0,919,2,Free
12/5/2024 1:48:19,21.50,2903.93,4.07,6,33,0,8,0,920,0,Free
12/5/2024 1:48:56,21.50,2906.75,4.07,6,33,0,8,0,921,756,Free
12/5/2024 1:49:00,21.50,2909.27,4.07,6,33,0,8,0,922,1897,Free
12/5/2024 1:49:01,21.50,2909.92,4.07,6,33,0,8,0,923,27,Free
12/5/2024 1:49:07,21.50,2910.55,4.07,6,33,0,8,0,924,0,Free
12/5/2024 1:49:09,21.50,2912.97,4.07,6,33,0,8,0,925,1786,Free
12/5/2024 1:49:13,21.50,2914.53,4.07,6,33,0,8,0,926,932,Free
12/5/2024 1:49:16,21.50,2915.15,4.07,6,33,0,8,0,927,0,Free
12/5/2024 1:49:19,21.50,2915.78,4.07,6,33,0,8,0,928,0,Free
12/5/2024 1:49:22,21.50,2918.44,4.07,6,33,0,8,0,929,2033,Free
12/5/2024 1:49:24,21.50,2919.07,4.07,6,33,0,8,0,930,0,Free
12/5/2024 1:49:28,21.50,2920.79,4.07,6,33,0,8,0,931,1095,Free
12/5/2024 1:49:33,21.50,2924.05,4.07,6,33,0,8,0,932,2630,Free
12/5/2024 1:49:35,21.50,2925.12,4.07,6,33,0,8,0,933,437,Free
12/5/2024 1:49:37,21.50,2925.75,4.07,6,33,0,8,0,934,0,Free
12/5/2024 1:49:38,21.50,2926.38,4.07,6,33,0,8,0,935,0,Free
12/5/2024 1:49:39,21.50,2927.46,4.07,6,33,0,8,0,936,454,Free
12/5/2024 1:49:42,21.50,2928.85,4.07,6,33,0,8,0,937,762,Free
12/5/2024 1:49:44,21.50,2929.88,4.07,6,33,0,8,0,938,403,Free
12/5/2024 1:49:51,21.50,2931.16,4.06,6,33,0,8,0,939,369,Free
12/5/2024 1:49:56,21.50,2931.78,4.07,6,33,0,8,0,940,0,Free
12/5/2024 1:50:01,21.50,2933.01,4.07,6,33,0,8,0,941,600,Free
12/5/2024 1:50:04,21.50,2934.01,4.07,6,33,0,8,0,942,368,Free
12/5/2024 1:50:07,21.50,2936.57,4.07,6,33,0,8,0,943,1930,Free
12/5/2024 1:50:16,21.50,2937.55,4.07,6,33,0,8,0,944,70,Free
12/5/2024 1:50:24,21.50,2943.04,4.07,6,33,0,8,0,945,4858,Free
12/5/2024 1:51:10,21.50,2945.67,4.07,6,33,0,8,0,946,0,Free
12/5/2024 1:51:11,21.50,2946.29,4.07,6,33,0,8,0,947,0,Free
12/5/2024 1:51:31,21.50,2948.51,4.07,6,33,0,8,0,948,736,Free
12/5/2024 1:51:44,21.50,2950.00,4.07,6,33,0,8,0,949,574,Free
12/5/2024 1:51:58,21.50,2951.20,4.07,6,33,0,8,0,950,0,Free
12/5/2024 1:52:23,21.50,2953.19,4.07,6,33,0,8,0,951,224,Free
12/5/2024 1:52:24,21.50,2953.82,4.07,6,33,0,8,0,952,0,Free
12/5/2024 1:52:39,21.50,2955.02,4.07,6,33,0,8,0,953,0,Free
12/5/2024 1:53:08,21.50,2956.79,4.07,6,33,0,8,0,954,0,Free
12/5/2024 1:53:39,21.50,2958.84,4.07,6,33,0,8,0,955,0,Free
12/5/2024 1:53:45,21.50,2959.47,4.06,6,33,0,8,0,956,0,Free
12/5/2024 1:53:53,21.50,2960.38,4.07,6,33,0,8,0,957,0,Free
12/5/2024 1:53:55,21.50,2961.49,4.07,6,33,0,8,0,958,480,Free
12/5/2024 1:53:56,21.50,2962.67,4.07,6,33,0,8,0,959,539,Free
12/5/2024 1:53:57,21.50,2963.29,4.07,6,33,0,8,0,960,0,Free
12/5/2024 1:53:59,21.50,2964.05,4.07,6,33,0,8,0,961,131,Free
12/5/2024 1:54:02,21.50,2964.68,4.07,6,33,0,8,0,962,0,Free
12/5/2024 1:55:06,21.50,2968.16,4.07,6,33,0,8,0,963,0,Free
12/5/2024 1:55:46,21.50,2971.50,4.07,6,33,0,8,0,964,1001,Free
12/5/2024 1:57:36,21.50,2977.26,4.07,6,33,0,8,0,965,0,Free
12/5/2024 1:57:37,21.50,2977.89,4.07,6,33,0,8,0,966,0,Free
12/5/2024 1:58:42,21.50,2981.38,4.07,6,33,0,8,0,967,2,Free
12/5/2024 1:58:47,21.50,2982.04,4.07,6,33,0,8,0,968,36,Free
12/5/2024 1:58:50,21.50,2982.78,4.07,6,33,0,8,0,969,112,Free
12/5/2024 1:58:52,21.50,2983.41,4.06,6,33,0,8,0,970,0,Free
12/5/2024 2:02:20,21.50,3003.66,4.07,6,33,0,8,0,970,0,Free
12/5/2024 2:06:31,21.50,3015.99,4.06,6,33,0,8,0,971,2,Free
12/5/2024 2:08:42,21.50,3022.61,4.07,6,33,0,8,0,972,0,Free
12/5/2024 2:12:34,21.50,3034.09,4.07,6,33,0,8,0,973,0,Free
12/5/2024 2:16:35,21.50,3047.93,4.07,6,33,0,8,0,974,2086,Free
12/5/2024 2:16:37,21.50,3048.65,4.07,6,33,0,8,0,975,95,Free
12/5/2024 2:16:39,21.50,3050.08,4.07,6,33,0,8,0,976,796,Free
12/5/2024 2:16:41,21.50,3051.19,4.07,6,33,0,8,0,977,480,Free
12/5/2024 2:16:43,21.50,3053.06,4.07,6,33,0,8,0,978,1249,Free
12/5/2024 2:16:45,21.50,3055.03,4.07,6,33,0,8,0,979,1341,Free
12/5/2024 2:17:13,21.50,3056.80,4.07,6,33,0,8,0,980,0,Free
12/5/2024 2:17:15,21.50,3057.43,4.07,6,33,0,8,0,981,0,Free
12/5/2024 2:17:55,21.50,3060.35,4.06,6,33,0,8,0,982,583,Free
12/5/2024 2:18:45,21.50,3063.58,4.06,6,33,0,8,0,983,318,Free
12/5/2024 2:18:46,21.50,3064.25,4.07,6,33,0,8,0,984,36,Free
12/5/2024 2:19:51,21.50,3077.65,4.07,6,33,0,8,0,984,0,Free
12/5/2024 2:20:42,21.50,3080.90,4.07,6,33,0,8,0,985,335,Free
12/5/2024 2:22:41,21.50,3086.95,4.07,6,33,0,8,0,986,0,Free
12/5/2024 2:22:47,21.50,3087.62,4.07,6,33,0,8,0,987,45,Free
12/5/2024 2:22:50,21.50,3088.25,4.07,6,33,0,8,0,988,0,Free
12/5/2024 2:22:51,21.50,3088.88,4.06,6,33,0,8,0,989,0,Free
12/5/2024 2:22:56,21.50,3089.86,4.06,6,33,0,8,0,990,360,Free
12/5/2024 2:22:58,21.50,3090.62,4.06,6,33,0,8,0,991,121,Free
12/5/2024 2:23:09,21.50,3091.76,4.07,6,33,0,8,0,992,224,Free
12/5/2024 2:23:15,21.50,3094.87,4.07,6,33,0,8,0,993,2486,Free
12/5/2024 2:23:20,21.50,3095.85,4.07,6,33,0,8,0,994,351,Free
12/5/2024 2:23:25,21.50,3096.48,4.06,6,33,0,8,0,995,0,Free
12/5/2024 2:23:30,21.50,3098.41,4.06,6,33,0,8,0,996,1299,Free
12/5/2024 2:23:31,21.50,3099.22,4.07,6,33,0,8,0,997,190,Free
12/5/2024 2:23:33,21.50,3100.34,4.07,6,33,0,8,0,998,489,Free
12/5/2024 2:23:43,21.50,3102.61,4.07,6,33,0,8,0,999,1351,Free
12/5/2024 2:23:51,21.50,3104.07,4.07,6,33,0,8,0,1000,556,Free
12/5/2024 2:23:54,21.50,3104.96,4.07,6,33,0,8,0,1001,258,Free
12/5/2024 2:24:11,21.50,3106.59,4.07,6,33,0,8,0,1002,429,Free
12/5/2024 2:24:11,21.50,3107.28,4.07,6,33,0,8,0,1003,71,Free
12/5/2024 2:24:13,21.50,3108.00,4.07,6,33,0,8,0,1004,88,Free
12/5/2024 2:24:14,21.50,3108.63,4.07,6,33,0,8,0,1005,2,Free
12/5/2024 2:24:15,21.50,3109.26,4.07,6,33,0,8,0,1006,0,Free
12/5/2024 2:24:17,21.50,3110.61,4.07,6,33,0,8,0,1007,728,Free
12/5/2024 2:24:18,21.50,3111.38,4.07,6,33,0,8,0,1008,139,Free
12/5/2024 2:24:19,21.50,3112.17,4.06,6,33,0,8,0,1009,155,Free
12/5/2024 2:24:22,21.50,3112.80,4.06,6,33,0,8,0,1010,0,Free
12/5/2024 2:24:24,21.50,3113.96,4.07,6,33,0,8,0,1011,531,Free
12/5/2024 2:24:43,21.50,3115.51,4.07,6,33,0,8,0,1012,70,Free
12/5/2024 2:24:45,21.50,3116.14,4.07,6,33,0,8,0,1013,0,Free
12/5/2024 2:24:46,21.50,3116.77,4.07,6,33,0,8,0,1014,0,Free
12/5/2024 2:24:51,21.50,3117.45,4.06,6,33,0,8,0,1015,53,Free
12/5/2024 2:24:59,21.50,3118.49,4.06,6,33,0,8,0,1016,130,Free
12/5/2024 2:25:00,21.50,3119.12,4.07,6,33,0,8,0,1017,0,Free
12/5/2024 2:25:01,21.50,3120.60,4.07,6,33,0,8,0,1018,847,Free
12/5/2024 2:25:08,21.50,3121.97,4.07,6,33,0,8,0,1019,744,Free
12/5/2024 2:25:11,21.50,3122.61,4.06,6,33,0,8,0,1020,19,Free
12/5/2024 2:25:13,21.50,3123.54,4.07,6,33,0,8,0,1021,300,Free
12/5/2024 2:25:15,21.50,3124.42,4.07,6,33,0,8,0,1022,249,Free
12/5/2024 2:25:28,21.50,3125.94,4.07,6,33,0,8,0,1023,318,Free
12/5/2024 2:25:30,21.50,3127.43,4.07,6,33,0,8,0,1024,864,Free
12/5/2024 2:25:34,21.50,3128.20,4.07,6,33,0,8,0,1025,138,Free
12/5/2024 2:25:36,21.50,3129.17,4.07,6,33,0,8,0,1026,344,Free
12/5/2024 2:25:43,21.50,3130.60,4.07,6,33,0,8,0,1027,523,Free
12/5/2024 2:25:45,21.50,3131.56,4.07,6,33,0,8,0,1028,326,Free
12/5/2024 2:25:50,21.50,3135.63,4.07,6,33,0,8,0,1029,3442,Free
12/5/2024 2:25:54,21.50,3137.73,4.07,6,33,0,8,0,1030,1470,Free
12/5/2024 2:25:58,21.50,3138.36,4.07,6,33,0,8,0,1031,0,Free
12/5/2024 2:25:59,21.50,3139.48,4.06,6,33,0,8,0,1032,497,Free
12/5/2024 2:26:05,21.50,3142.29,4.06,6,33,0,8,0,1033,2179,Free
12/5/2024 2:26:08,21.50,3144.93,4.06,6,33,0,8,0,1034,2010,Free
12/5/2024 2:26:11,21.50,3147.72,4.07,6,33,0,8,0,1035,2171,Free
12/5/2024 2:26:17,21.50,3148.51,4.05,6,33,0,8,0,1036,154,Free
12/5/2024 2:26:18,21.50,3149.14,4.06,6,33,0,8,0,1037,0,Free
12/5/2024 2:26:22,21.50,3149.77,4.07,6,33,0,8,0,1038,0,Free
12/5/2024 2:26:40,21.50,3150.97,4.06,6,33,0,8,0,1039,0,Free
12/5/2024 2:26:43,21.50,3151.78,4.07,6,33,0,8,0,1040,181,Free
12/5/2024 2:26:48,21.50,3153.16,4.07,6,33,0,8,0,1041,753,Free
12/5/2024 2:26:53,21.50,3153.97,4.07,6,33,0,8,0,1042,181,Free
12/5/2024 2:26:55,21.50,3154.95,4.07,6,33,0,8,0,1043,351,Free
12/5/2024 2:26:57,21.50,3155.57,4.07,6,33,0,8,0,1044,0,Free
12/5/2024 2:27:00,21.50,3156.53,4.07,6,33,0,8,0,1045,326,Free
12/5/2024 2:27:01,21.50,3157.59,4.07,6,33,0,8,0,1046,437,Free
12/5/2024 2:27:07,21.50,3159.17,4.07,6,33,0,8,0,1047,950,Free
12/5/2024 2:27:10,21.50,3161.04,4.06,6,33,0,8,0,1048,1239,Free
12/5/2024 2:27:12,21.50,3161.67,4.07,6,33,0,8,0,1049,0,Free
12/5/2024 2:27:13,21.50,3162.69,4.06,6,33,0,8,0,1050,393,Free
12/5/2024 2:27:16,21.50,3165.19,4.07,6,33,0,8,0,1051,1871,Free
12/5/2024 2:27:19,21.50,3165.83,4.07,6,33,0,8,0,1052,20,Free
12/5/2024 2:27:26,21.50,3167.12,4.07,6,33,0,8,0,1053,378,Free
12/5/2024 2:27:28,21.50,3167.95,4.07,6,33,0,8,0,1054,198,Free
12/5/2024 2:27:43,21.50,3169.77,4.07,6,33,0,8,0,1055,625,Free
12/5/2024 2:27:50,21.50,3170.65,4.07,6,33,0,8,0,1056,241,Free
12/5/2024 2:27:52,21.50,3171.39,4.06,6,33,0,8,0,1057,112,Free
12/5/2024 2:28:46,21.50,3175.31,4.07,6,33,0,8,0,1058,1017,Free
12/5/2024 2:28:48,21.50,3176.96,4.07,6,33,0,8,0,1059,1018,Free
12/5/2024 2:30:33,21.50,3182.65,4.06,6,33,0,8,0,1060,215,Free
12/5/2024 2:31:49,21.50,3187.25,4.07,6,33,0,8,0,1061,540,Free
12/5/2024 2:33:00,21.50,3191.72,4.07,6,33,0,8,0,1062,702,Free
12/5/2024 2:33:22,21.50,3193.21,4.07,6,34,2,8,0,1062,0,Free
12/5/2024 2:33:39,21.50,3194.41,4.07,6,34,0,8,0,1063,0,Free
12/5/2024 2:33:57,21.50,3195.61,4.07,6,34,0,8,0,1064,0,Free
12/5/2024 2:34:08,21.50,3206.44,4.07,6,34,0,8,0,1064,0,Free
12/5/2024 2:35:01,21.50,3209.35,4.06,6,35,0,8,0,1064,0,Free
12/5/2024 2:35:06,21.50,3209.98,4.06,6,35,0,8,0,1065,0,Free
12/5/2024 2:35:06,21.50,3210.61,4.06,6,35,0,8,0,1066,0,Free
12/5/2024 2:36:25,21.50,3215.69,4.07,6,35,0,8,0,1067,1027,Free
12/5/2024 2:38:00,21.50,3220.63,4.06,6,35,0,8,0,1068,36,Free
12/5/2024 2:38:54,21.50,3229.12,4.07,6,35,0,8,0,1069,5576,Free
12/5/2024 2:40:55,21.50,3235.17,4.07,6,35,0,8,0,1070,0,Free
12/5/2024 2:42:23,21.50,3240.16,4.07,6,35,0,8,0,1071,361,Free
12/5/2024 2:46:14,21.50,3251.66,4.07,6,35,0,8,0,1072,27,Free
12/5/2024 2:46:17,21.50,3254.91,4.06,6,35,0,8,0,1073,2624,Free
12/5/2024 2:46:19,21.50,3255.54,4.06,6,35,0,8,0,1074,0,Free
12/5/2024 2:46:23,21.50,3256.17,4.07,6,35,0,9,0,1074,0,Free
12/5/2024 2:46:31,21.50,3257.40,4.06,6,35,0,9,0,1075,326,Free
12/5/2024 2:46:36,21.50,3258.03,4.06,6,35,0,9,0,1076,0,Free
12/5/2024 2:46:40,21.50,3259.94,4.07,6,35,0,9,0,1077,1274,Free
12/5/2024 2:46:44,21.50,3260.56,4.06,6,35,0,9,0,1078,1,Free
12/5/2024 2:46:45,21.50,3261.19,4.06,6,35,0,9,0,1079,0,Free
12/5/2024 2:46:47,21.50,3262.11,4.06,6,35,0,9,0,1080,292,Free
12/5/2024 2:46:48,21.50,3262.74,4.07,6,35,0,9,0,1081,0,Free
12/5/2024 2:46:49,21.50,3263.37,4.05,6,35,0,9,0,1082,0,Free
12/5/2024 2:46:50,21.50,3264.01,4.07,6,35,0,9,0,1083,19,Free
12/5/2024 2:46:51,21.50,3264.66,4.07,6,35,0,9,0,1084,19,Free
12/5/2024 2:46:52,21.50,3266.17,4.07,6,35,0,9,0,1085,873,Free
12/5/2024 2:46:53,21.50,3266.80,4.06,6,35,0,9,0,1086,0,Free
12/5/2024 2:46:54,21.50,3267.43,4.07,6,35,0,9,0,1087,0,Free
12/5/2024 2:46:55,21.50,3268.24,4.05,6,35,0,9,0,1088,190,Free
12/5/2024 2:46:56,21.50,3268.87,4.07,6,35,0,9,0,1089,0,Free
12/5/2024 2:46:58,21.50,3269.63,4.07,6,35,0,9,0,1090,129,Free
12/5/2024 2:47:01,21.50,3271.67,4.07,6,35,0,9,0,1091,1410,Free
12/5/2024 2:47:05,21.50,3272.30,4.07,6,35,0,9,0,1092,0,Free
12/5/2024 2:47:15,21.50,3278.32,4.07,6,35,0,9,0,1093,5389,Free
12/5/2024 2:47:16,21.50,3279.23,4.06,6,35,0,9,0,1094,292,Free
12/5/2024 2:47:17,21.50,3279.86,4.06,6,35,0,9,0,1095,0,Free
12/5/2024 2:47:17,21.50,3280.49,4.06,6,35,0,9,0,1096,0,Free
12/5/2024 2:47:19,21.50,3281.32,4.06,6,35,0,9,0,1097,198,Free
12/5/2024 2:47:20,21.50,3282.03,4.06,6,35,0,9,0,1098,87,Free
12/5/2024 2:47:21,21.50,3282.66,4.06,6,35,0,9,0,1099,0,Free
12/5/2024 2:47:21,21.50,3283.28,4.06,6,35,0,9,0,1100,0,Free
12/5/2024 2:47:22,21.50,3284.01,4.07,6,35,0,9,0,1101,96,Free
12/5/2024 2:47:27,21.50,3288.01,4.07,6,35,0,9,0,1102,3367,Free
12/5/2024 2:47:29,21.50,3288.93,4.07,6,35,0,9,0,1103,292,Free
12/5/2024 2:47:34,21.50,3289.55,4.06,6,35,0,9,0,1104,0,Free
12/5/2024 2:47:35,21.50,3290.18,4.06,6,35,0,9,0,1105,0,Free
12/5/2024 2:47:38,21.50,3293.20,4.07,6,35,0,9,0,1106,2392,Free
12/5/2024 2:47:41,21.50,3293.83,4.07,6,35,0,9,0,1107,0,Free
12/5/2024 2:47:42,21.50,3294.79,4.06,6,35,0,9,0,1108,335,Free
12/5/2024 2:48:06,21.50,3296.47,4.06,6,35,0,9,0,1109,197,Free
12/5/2024 2:48:42,21.50,3298.98,4.07,6,35,0,9,0,1110,446,Free
12/5/2024 2:48:43,21.50,3299.97,4.07,6,35,0,9,0,1111,368,Free
12/5/2024 2:49:41,21.50,3313.09,4.07,6,35,0,9,0,1111,0,Free
12/5/2024 2:51:45,21.50,3319.43,4.07,6,35,0,9,0,1112,0,Free
12/5/2024 2:52:12,21.50,3321.20,4.06,6,36,0,9,0,1112,0,Free
12/5/2024 2:56:08,21.50,3332.96,4.07,6,36,0,9,0,1113,0,Free
12/5/2024 2:56:12,21.50,3334.94,4.06,6,36,0,9,0,1114,1359,Free
12/5/2024 2:56:28,21.50,3337.38,4.07,6,36,0,9,0,1115,1239,Free
12/5/2024 2:56:36,21.50,3339.43,4.07,6,36,0,9,0,1116,1418,Free
12/5/2024 2:56:37,21.50,3340.06,4.06,6,36,0,9,0,1117,0,Free
12/5/2024 2:56:41,21.50,3341.12,4.06,6,36,0,9,0,1118,437,Free
12/5/2024 2:59:42,21.50,3350.31,4.06,6,36,0,9,0,1119,0,Free
12/5/2024 3:01:10,21.50,3354.93,4.07,6,36,0,9,0,1120,0,Free
12/5/2024 3:02:38,21.50,3359.56,4.07,6,36,0,9,0,1121,0,Free
12/5/2024 3:02:41,21.50,3360.36,4.07,6,36,0,9,0,1122,173,Free
12/5/2024 3:02:46,21.50,3361.53,4.06,6,36,0,9,0,1123,540,Free
12/5/2024 3:02:49,21.50,3362.67,4.06,6,36,0,9,0,1124,514,Free
12/5/2024 3:02:50,21.50,3363.39,4.07,6,36,0,9,0,1125,87,Free
12/5/2024 3:02:51,21.50,3364.01,4.07,6,36,0,9,0,1126,0,Free
12/5/2024 3:03:50,21.50,3367.75,4.06,6,36,0,9,0,1127,540,Free
12/5/2024 3:03:58,21.50,3372.99,4.06,6,36,0,9,0,1128,4611,Free
12/5/2024 3:04:32,21.50,3375.04,4.07,6,36,0,9,0,1129,0,Free
12/5/2024 3:04:34,21.50,3375.82,4.07,6,36,0,9,0,1130,147,Free
12/5/2024 3:04:38,21.50,3376.91,4.06,6,36,0,9,0,1131,463,Free
12/5/2024 3:04:39,21.50,3377.54,4.06,6,36,0,9,0,1132,0,Free
12/5/2024 3:04:46,21.50,3379.39,4.07,6,36,0,9,0,1133,1230,Free
12/5/2024 3:04:49,21.50,3381.54,4.07,6,36,0,9,0,1134,1520,Free
12/5/2024 3:04:50,21.50,3382.37,4.07,6,36,0,9,0,1135,198,Free
12/5/2024 3:04:53,21.50,3383.00,4.06,6,36,0,9,0,1136,0,Free
12/5/2024 3:04:57,21.50,3383.74,4.05,6,36,0,9,0,1137,112,Free
12/5/2024 3:04:59,21.50,3385.55,4.06,6,36,0,9,0,1138,1180,Free
12/5/2024 3:05:05,21.50,3389.58,4.06,6,36,0,9,0,1139,3399,Free
12/5/2024 3:05:10,21.50,3390.27,4.07,6,36,0,9,0,1140,62,Free
12/5/2024 3:05:11,21.50,3391.03,4.07,6,36,0,9,0,1141,129,Free
12/5/2024 3:05:12,21.50,3391.66,4.07,6,36,0,9,0,1142,0,Free
12/5/2024 3:05:13,21.50,3392.32,4.06,6,36,0,9,0,1143,36,Free
12/5/2024 3:05:15,21.50,3393.09,4.06,6,36,0,9,0,1144,139,Free
12/5/2024 3:05:17,21.50,3393.71,4.06,6,36,0,9,0,1145,0,Free
12/5/2024 3:05:19,21.50,3395.52,4.06,6,36,0,9,0,1146,1179,Free
12/5/2024 3:05:21,21.50,3396.23,4.07,6,36,0,9,0,1147,87,Free
12/5/2024 3:05:24,21.50,3396.86,4.06,6,36,0,9,0,1148,0,Free
12/5/2024 3:05:26,21.50,3397.83,4.06,6,36,0,9,0,1149,335,Free
12/5/2024 3:05:29,21.50,3398.46,4.06,6,36,0,9,0,1150,0,Free
12/5/2024 3:05:30,21.50,3399.32,4.07,6,36,0,9,0,1151,241,Free
12/5/2024 3:05:37,21.50,3400.32,4.06,6,36,0,9,0,1152,79,Free
12/5/2024 3:05:48,21.50,3411.15,4.06,6,36,0,9,0,1152,0,Free
12/5/2024 3:05:52,21.50,3411.94,4.07,6,36,0,9,0,1153,164,Free
12/5/2024 3:05:54,21.50,3412.75,4.07,6,36,0,9,0,1154,181,Free
12/5/2024 3:06:08,21.50,3413.95,4.07,6,36,0,9,0,1155,0,Free
12/5/2024 3:06:11,21.50,3414.58,4.06,6,36,0,9,0,1156,0,Free
12/5/2024 3:06:15,21.50,3415.20,4.06,6,36,0,9,0,1157,0,Free
12/5/2024 3:06:20,21.50,3416.34,4.06,6,36,0,9,0,1158,505,Free
12/5/2024 3:06:21,21.50,3417.21,4.06,6,36,0,9,0,1159,249,Free
12/5/2024 3:06:27,21.50,3418.48,4.07,6,36,0,9,0,1160,641,Free
12/5/2024 3:06:31,21.50,3419.18,4.07,6,36,0,9,0,1161,71,Free
12/5/2024 3:06:35,21.50,3422.95,4.06,6,36,0,9,0,1162,3135,Free
12/5/2024 3:06:35,21.50,3423.58,4.06,6,36,0,9,0,1163,0,Free
12/5/2024 3:06:38,21.50,3425.23,4.06,6,36,0,9,0,1164,1018,Free
12/5/2024 3:06:39,21.50,3426.23,4.06,6,36,0,9,0,1165,377,Free
12/5/2024 3:06:41,21.50,3426.86,4.07,6,36,0,9,0,1166,0,Free
12/5/2024 3:06:43,21.50,3428.01,4.07,6,36,0,9,0,1167,523,Free
12/5/2024 3:06:50,21.50,3429.37,4.06,6,36,0,9,0,1168,446,Free
12/5/2024 3:13:01,21.50,3447.40,4.07,6,36,0,9,0,1169,0,Free
12/5/2024 3:13:08,21.50,3448.32,4.07,6,36,0,9,0,1170,0,Free
12/5/2024 3:13:10,21.50,3449.85,4.06,6,36,0,9,0,1171,907,Free
12/5/2024 3:13:27,21.50,3451.77,4.06,6,36,0,9,0,1172,719,Free
12/5/2024 3:13:49,21.50,3453.27,4.06,6,36,0,9,0,1173,10,Free
12/5/2024 3:13:59,21.50,3454.18,4.07,6,36,0,9,0,1174,0,Free
12/5/2024 3:14:02,21.50,3456.06,4.06,6,36,0,9,0,1175,1257,Free
12/5/2024 3:14:04,21.50,3456.75,4.07,6,36,0,9,0,1176,61,Free
12/5/2024 3:14:06,21.50,3457.38,4.06,6,36,0,9,0,1177,0,Free
12/5/2024 3:22:40,21.50,3492.19,4.06,6,36,0,9,0,1177,0,Free
12/5/2024 3:26:33,21.50,3503.66,4.07,6,36,0,9,0,1178,0,Free
12/5/2024 3:26:34,21.50,3504.52,4.07,6,36,0,9,0,1179,232,Free
12/5/2024 3:26:38,21.50,3505.19,4.06,6,36,0,9,0,1180,45,Free
12/5/2024 3:26:40,21.50,3506.16,4.05,6,36,0,9,0,1181,343,Free
12/5/2024 3:26:41,21.50,3506.92,4.06,6,36,0,9,0,1182,130,Free
12/5/2024 3:26:42,21.50,3507.57,4.07,6,36,0,9,0,1183,20,Free
12/5/2024 3:26:44,21.50,3508.57,4.06,6,36,0,9,0,1184,369,Free
12/5/2024 3:26:49,21.50,3512.93,4.06,6,36,0,9,0,1185,3734,Free
12/5/2024 3:26:51,21.50,3514.39,4.06,6,36,0,9,0,1186,839,Free
12/5/2024 3:26:53,21.50,3515.72,4.06,6,36,0,9,0,1187,702,Free
12/5/2024 3:26:58,21.50,3520.53,4.06,6,36,0,9,0,1188,4167,Free
12/5/2024 3:27:01,21.50,3523.44,4.07,6,36,0,9,0,1189,2289,Free
12/5/2024 3:27:02,21.50,3524.15,4.07,6,36,0,9,0,1190,79,Free
12/5/2024 3:27:02,21.50,3524.80,4.06,6,36,0,9,0,1191,19,Free
12/5/2024 3:27:12,21.50,3534.49,4.07,6,36,0,9,0,1192,9070,Free
12/5/2024 3:27:13,21.50,3535.14,4.06,6,36,0,9,0,1193,19,Free
12/5/2024 3:27:15,21.50,3535.80,4.06,6,36,0,9,0,1194,36,Free
12/5/2024 3:27:15,21.50,3536.67,4.06,6,36,0,9,0,1195,241,Free
12/5/2024 3:27:17,21.50,3537.30,4.07,6,36,0,9,0,1196,0,Free
12/5/2024 3:27:18,21.50,3537.93,4.06,6,36,0,9,0,1197,0,Free
12/5/2024 3:27:19,21.50,3538.82,4.07,6,36,0,9,0,1198,267,Free
12/5/2024 3:27:23,21.50,3541.15,4.06,6,36,0,9,0,1199,1700,Free
12/5/2024 3:27:24,21.50,3541.86,4.06,6,36,0,9,0,1200,78,Free
12/5/2024 3:27:26,21.50,3542.49,4.06,6,36,0,9,0,1201,0,Free
12/5/2024 3:27:26,21.50,3543.11,4.06,6,36,0,9,0,1202,0,Free
12/5/2024 3:27:30,21.50,3543.74,4.07,6,36,0,9,0,1203,0,Free
12/5/2024 3:27:36,21.50,3550.05,4.07,6,36,0,9,0,1204,5679,Free
12/5/2024 3:27:38,21.50,3550.68,4.06,6,36,0,9,0,1205,0,Free
12/5/2024 3:27:39,21.50,3551.31,4.06,6,36,0,9,0,1206,0,Free
12/5/2024 3:27:42,21.50,3553.17,4.07,6,36,0,9,0,1207,1232,Free
12/5/2024 3:27:49,21.50,3557.03,4.06,6,36,0,9,0,1208,3229,Free
12/5/2024 3:29:06,21.50,3561.08,4.07,6,36,0,9,0,1209,0,Free
12/5/2024 3:29:18,21.50,3561.99,4.06,6,36,0,9,0,1210,0,Free
12/5/2024 3:29:21,21.50,3564.48,4.06,6,36,0,9,0,1211,1855,Free
12/5/2024 3:30:18,21.50,3567.83,4.07,6,36,0,9,0,1212,156,Free
12/5/2024 3:31:14,21.50,3571.61,4.06,6,36,0,9,0,1213,583,Free
12/5/2024 3:31:16,21.50,3572.24,4.06,6,36,0,9,0,1214,0,Free
12/5/2024 3:31:18,21.50,3572.88,4.07,6,36,0,9,0,1215,11,Free
12/5/2024 3:31:20,21.50,3574.45,4.07,6,36,0,9,0,1216,941,Free
12/5/2024 3:31:25,21.50,3576.59,4.06,6,36,0,9,0,1217,1513,Free
12/5/2024 3:31:33,21.50,3577.52,4.06,6,36,0,9,0,1218,19,Free
12/5/2024 3:31:44,21.50,3578.44,4.06,6,36,0,9,0,1219,0,Free
12/5/2024 3:31:46,21.50,3579.07,4.07,6,36,0,9,0,1220,0,Free
12/5/2024 3:31:49,21.50,3580.79,4.06,6,36,0,9,0,1221,1101,Free
12/5/2024 3:31:51,21.50,3581.79,4.07,6,36,0,9,0,1222,367,Free
12/5/2024 3:31:57,21.50,3582.59,4.06,6,36,0,9,0,1223,171,Free
12/5/2024 3:31:58,21.50,3584.08,4.07,6,36,0,9,0,1224,861,Free
12/5/2024 3:32:06,21.50,3584.99,4.07,6,36,0,9,0,1225,0,Free
12/5/2024 3:32:13,21.50,3585.96,4.06,6,36,0,9,0,1226,53,Free
12/5/2024 3:32:16,21.50,3587.30,4.07,6,36,0,9,0,1227,719,Free
12/5/2024 3:32:20,21.50,3587.93,4.06,6,36,0,9,0,1228,0,Free
12/5/2024 3:32:24,21.50,3588.58,4.06,6,36,0,9,0,1229,19,Free
12/5/2024 3:32:26,21.50,3589.21,4.07,6,36,0,9,0,1230,0,Free
12/5/2024 3:32:32,21.50,3590.30,4.06,6,36,0,9,0,1231,459,Free
12/5/2024 3:32:33,21.50,3591.27,4.07,6,36,0,9,0,1232,343,Free
12/5/2024 3:32:40,21.50,3592.95,4.06,6,36,0,9,0,1233,1053,Free
12/5/2024 3:32:51,21.50,3594.99,4.06,6,36,0,9,0,1234,1129,Free
12/5/2024 3:33:03,21.50,3596.29,4.06,6,36,0,9,0,1235,104,Free
12/5/2024 3:33:05,21.50,3596.92,4.07,6,36,0,9,0,1236,0,Free
12/5/2024 3:33:26,21.50,3598.46,4.07,6,36,0,9,0,1237,53,Free
12/5/2024 3:33:33,21.50,3599.37,4.06,6,36,0,9,0,1238,0,Free
12/5/2024 3:34:00,21.50,3601.19,4.06,6,36,0,9,0,1239,44,Free
12/5/2024 3:34:04,21.50,3602.00,4.06,6,36,0,9,0,1240,190,Free
12/5/2024 3:34:08,21.50,3602.64,4.07,6,36,0,9,0,1241,0,Free
12/5/2024 3:34:12,21.50,3603.69,4.06,6,36,0,9,0,1242,429,Free
12/5/2024 3:34:13,21.50,3604.32,4.06,6,36,0,9,0,1243,0,Free
12/5/2024 3:34:18,21.50,3605.22,4.06,6,36,0,9,0,1244,275,Free
12/5/2024 3:34:20,21.50,3606.22,4.06,6,36,0,9,0,1245,369,Free
12/5/2024 3:34:22,21.50,3606.85,4.06,6,36,0,9,0,1246,0,Free
12/5/2024 3:34:23,21.50,3607.48,4.07,6,36,0,9,0,1247,0,Free
12/5/2024 3:34:25,21.50,3608.42,4.07,6,36,0,9,0,1248,310,Free
12/5/2024 3:34:34,21.50,3609.53,4.06,6,36,0,9,0,1249,207,Free
12/5/2024 3:34:41,21.50,3610.96,4.06,6,36,0,9,0,1250,505,Free
12/5/2024 3:34:41,21.50,3611.76,4.07,6,36,0,9,0,1251,181,Free
12/5/2024 3:34:48,21.50,3613.12,4.07,6,36,0,9,0,1252,731,Free
12/5/2024 3:34:50,21.50,3613.83,4.06,6,36,0,9,0,1253,79,Free
12/5/2024 3:34:53,21.50,3614.46,4.07,6,36,0,9,0,1254,0,Free
12/5/2024 3:34:55,21.50,3615.08,4.07,6,36,0,9,0,1255,0,Free
12/5/2024 3:34:59,21.50,3617.49,4.07,6,36,0,9,0,1256,1778,Free
12/5/2024 3:35:01,21.50,3618.12,4.06,6,36,0,9,0,1257,0,Free
12/5/2024 3:36:36,21.50,3632.95,4.07,6,36,0,9,0,1257,0,Free
12/5/2024 3:39:29,21.50,3641.58,4.06,6,37,19,9,0,1257,0,Free
12/5/2024 3:39:45,21.50,3642.85,4.06,6,37,0,9,0,1258,70,Free
12/5/2024 3:39:54,21.50,3643.96,4.06,6,37,0,9,0,1259,189,Free
12/5/2024 3:40:29,21.50,3646.01,4.07,6,37,0,9,0,1260,0,Free
12/5/2024 3:40:35,21.50,3650.31,4.06,6,37,0,9,0,1261,3669,Free
12/5/2024 3:40:46,21.50,3651.22,4.06,6,37,0,9,0,1262,0,Free
12/5/2024 3:41:08,21.50,3653.62,4.06,6,37,0,9,0,1263,914,Free
12/5/2024 3:42:24,21.50,3657.67,4.06,6,37,0,9,0,1264,0,Free
12/5/2024 3:43:53,21.50,3662.29,4.07,6,37,0,9,0,1265,0,Free
12/5/2024 3:54:33,21.25,3703.10,4.06,6,37,0,9,0,1265,0,Free
12/5/2024 4:12:44,21.25,3765.31,4.06,6,37,0,9,0,1265,0,Free
12/5/2024 4:30:55,21.25,3827.52,4.07,6,37,0,9,0,1265,0,Free
12/5/2024 4:49:06,21.25,3889.72,4.06,6,37,0,9,0,1265,0,Free
12/5/2024 5:07:17,21.25,3951.93,4.06,6,37,0,9,0,1265,0,Free
12/5/2024 5:25:28,21.25,4014.14,4.06,6,37,0,9,0,1265,0,Free
12/5/2024 5:43:39,21.00,4076.34,4.06,6,37,0,9,0,1265,0,Free
12/5/2024 6:01:50,21.00,4138.55,4.05,6,37,0,9,0,1265,0,Free
12/5/2024 6:19:31,21.25,4189.92,4.05,6,37,0,9,0,1266,514,Free
12/5/2024 6:19:59,21.25,4201.61,4.06,6,37,0,9,0,1266,0,Free
12/5/2024 6:22:27,21.25,4209.09,4.05,6,37,0,9,0,1267,0,Free
12/5/2024 6:25:48,21.25,4219.14,4.05,6,37,0,9,0,1268,0,Free
12/5/2024 6:25:51,21.25,4220.30,4.06,6,37,0,9,0,1269,531,Free
12/5/2024 6:26:00,21.25,4221.21,4.05,6,37,0,9,0,1270,0,Free
12/5/2024 6:26:01,21.25,4221.92,4.05,6,37,0,9,0,1271,79,Free
12/5/2024 6:26:02,21.25,4222.73,4.05,6,37,0,9,0,1272,189,Free
12/5/2024 6:26:03,21.25,4223.65,4.06,6,37,0,9,0,1273,292,Free
12/5/2024 6:26:54,21.25,4228.09,4.06,6,37,0,9,0,1274,1523,Free
12/5/2024 6:26:57,21.25,4228.72,4.05,6,37,0,9,0,1275,0,Free
12/5/2024 6:26:58,21.25,4229.34,4.05,6,37,0,9,0,1276,0,Free
12/5/2024 6:27:00,21.25,4229.97,4.05,6,37,0,9,0,1277,0,Free
12/5/2024 6:27:00,21.25,4230.61,4.05,6,37,0,9,0,1278,11,Free
12/5/2024 6:27:04,21.25,4231.24,4.05,6,37,0,9,0,1279,0,Free
12/5/2024 6:27:05,21.25,4232.32,4.05,6,37,0,9,0,1280,455,Free
12/5/2024 6:27:06,21.25,4232.95,4.05,6,37,0,9,0,1281,0,Free
12/5/2024 6:27:19,21.25,4234.14,4.06,6,37,0,9,0,1282,277,Free
12/5/2024 6:27:22,21.25,4234.77,4.05,6,37,0,9,0,1283,0,Free
12/5/2024 6:27:23,21.25,4235.40,4.06,6,37,0,9,0,1284,0,Free
12/5/2024 6:27:26,21.25,4236.03,4.05,6,37,0,9,0,1285,0,Free
12/5/2024 6:27:28,21.25,4236.93,4.05,6,37,0,9,0,1286,275,Free
12/5/2024 6:27:31,21.25,4238.75,4.05,6,37,0,9,0,1287,1189,Free
12/5/2024 6:27:32,21.25,4239.77,4.05,6,37,0,9,0,1288,394,Free
12/5/2024 6:27:34,21.25,4240.40,4.06,6,37,0,9,0,1289,0,Free
12/5/2024 6:27:36,21.25,4241.37,4.06,6,37,0,9,0,1290,344,Free
12/5/2024 6:27:37,21.25,4242.00,4.06,6,37,0,9,0,1291,2,Free
12/5/2024 6:27:40,21.25,4242.65,4.05,6,37,0,9,0,1292,19,Free
12/5/2024 6:27:43,21.25,4243.75,4.06,6,37,0,9,0,1293,472,Free
12/5/2024 6:27:45,21.25,4244.96,4.06,6,37,0,9,0,1294,584,Free
12/5/2024 6:27:47,21.25,4246.42,4.05,6,37,0,9,0,1295,831,Free
12/5/2024 6:27:53,21.25,4247.20,4.05,6,37,0,9,0,1296,153,Free
12/5/2024 6:29:46,21.25,4252.96,4.06,6,37,0,9,0,1297,0,Free
12/5/2024 6:33:38,21.25,4264.44,4.06,6,37,0,9,0,1298,0,Free
12/5/2024 6:33:44,21.25,4266.29,4.05,6,37,0,9,0,1299,1223,Free
12/5/2024 6:33:46,21.25,4267.47,4.05,6,37,0,9,0,1300,548,Free
12/5/2024 6:33:47,21.25,4268.52,4.05,6,37,0,9,0,1301,421,Free
12/5/2024 6:33:50,21.25,4269.14,4.05,6,37,0,9,0,1302,0,Free
12/5/2024 6:33:51,21.25,4269.77,4.06,6,37,0,9,0,1303,0,Free
12/5/2024 6:33:54,21.25,4270.43,4.05,6,37,0,9,0,1304,28,Free
12/5/2024 6:33:58,21.25,4272.42,4.05,6,37,0,9,0,1305,1369,Free
12/5/2024 6:34:02,21.25,4273.05,4.06,6,37,0,9,0,1306,0,Free
12/5/2024 6:34:03,21.25,4273.72,4.06,6,37,0,9,0,1307,44,Free
12/5/2024 6:34:04,21.25,4274.35,4.05,6,37,0,9,0,1308,0,Free
12/5/2024 6:34:07,21.25,4275.34,4.05,6,37,0,9,0,1309,361,Free
12/5/2024 6:34:08,21.25,4276.04,4.05,6,37,0,9,0,1310,61,Free
12/5/2024 6:34:11,21.25,4277.09,4.05,6,37,0,9,0,1311,421,Free
12/5/2024 6:34:16,21.25,4277.71,4.05,6,37,0,9,0,1312,0,Free
12/5/2024 6:34:18,21.25,4279.00,4.05,6,37,0,9,0,1313,660,Free
12/5/2024 6:34:23,21.25,4279.63,4.05,6,37,0,9,0,1314,2,Free
12/5/2024 6:34:43,21.25,4283.12,4.05,6,37,0,9,0,1315,2291,Free
12/5/2024 6:35:09,21.25,4285.52,4.05,6,37,0,9,0,1316,626,Free
12/5/2024 6:35:16,21.25,4286.86,4.05,6,37,0,9,0,1317,719,Free
12/5/2024 6:35:27,21.25,4297.70,4.05,6,37,0,9,0,1317,0,Free
12/5/2024 6:35:33,21.25,4298.33,4.06,6,37,0,9,0,1318,0,Free
12/5/2024 6:39:10,21.25,4309.23,4.05,6,37,0,9,0,1319,0,Free
12/5/2024 6:39:14,21.25,4309.86,4.05,6,37,0,9,0,1320,0,Free
12/5/2024 6:39:20,21.25,4310.48,4.05,6,37,0,9,0,1321,0,Free
12/5/2024 6:39:23,21.25,4312.49,4.05,6,37,0,9,0,1322,1377,Free
12/5/2024 6:39:26,21.25,4314.19,4.06,6,37,0,9,0,1323,1078,Free
12/5/2024 6:39:34,21.25,4315.35,4.06,6,37,0,9,0,1324,241,Free
12/5/2024 6:39:39,21.25,4316.25,4.06,6,37,0,9,0,1325,267,Free
12/5/2024 6:39:39,21.25,4316.87,4.05,6,37,0,9,0,1326,0,Free
12/5/2024 6:39:42,21.25,4317.75,4.05,6,37,0,9,0,1327,250,Free
12/5/2024 6:39:47,21.25,4318.64,4.05,6,37,0,9,0,1328,258,Free
12/5/2024 6:39:53,21.25,4319.41,4.06,6,37,0,9,0,1329,148,Free
12/5/2024 6:40:10,21.25,4320.61,4.05,6,37,0,9,0,1330,0,Free
12/5/2024 6:40:18,21.25,4321.69,4.05,6,37,0,9,0,1331,164,Free
12/5/2024 6:40:21,21.25,4324.00,4.05,6,37,0,9,0,1332,1685,Free
12/5/2024 6:40:28,21.25,4326.23,4.05,6,37,0,9,0,1333,1599,Free
12/5/2024 6:40:34,21.25,4327.70,4.05,6,37,0,9,0,1334,839,Free
12/5/2024 6:40:41,21.25,4328.62,4.05,6,37,0,9,0,1335,0,Free
12/5/2024 6:40:57,21.25,4330.19,4.05,6,37,0,9,0,1336,369,Free
12/5/2024 6:41:15,21.25,4331.42,4.05,6,37,0,9,0,1337,36,Free
12/5/2024 6:41:19,21.25,4332.53,4.05,6,37,0,9,0,1338,481,Free
12/5/2024 6:41:25,21.25,4333.16,4.06,6,37,0,9,0,1339,0,Free
12/5/2024 6:41:33,21.25,4334.17,4.06,6,37,0,9,0,1340,97,Free
12/5/2024 6:41:36,21.25,4334.80,4.05,6,37,0,9,0,1341,0,Free
12/5/2024 6:41:41,21.25,4335.42,4.05,6,37,0,9,0,1342,0,Free
12/5/2024 6:41:43,21.25,4336.05,4.05,6,37,0,9,0,1343,0,Free
12/5/2024 6:41:45,21.25,4336.83,4.05,6,37,0,9,0,1344,156,Free
12/5/2024 6:41:48,21.25,4337.86,4.05,6,37,0,9,0,1345,395,Free
12/5/2024 6:41:50,21.25,4338.73,4.06,6,37,0,9,0,1346,241,Free
12/5/2024 6:41:52,21.25,4340.27,4.05,6,37,0,9,0,1347,916,Free
12/5/2024 6:41:53,21.25,4340.95,4.06,6,37,0,9,0,1348,54,Free
12/5/2024 6:41:57,21.25,4341.65,4.06,6,37,0,9,0,1349,70,Free
12/5/2024 6:42:00,21.25,4342.28,4.05,6,37,0,9,0,1350,0,Free
12/5/2024 6:42:04,21.25,4343.29,4.05,6,37,0,9,0,1351,378,Free
12/5/2024 6:42:08,21.25,4343.91,4.05,6,37,0,9,0,1352,0,Free
12/5/2024 6:42:13,21.25,4346.29,4.06,6,37,0,9,0,1353,1745,Free
12/5/2024 6:42:16,21.25,4347.63,4.05,6,37,0,9,0,1354,719,Free
12/5/2024 6:42:17,21.25,4348.48,4.05,6,37,0,9,0,1355,216,Free
12/5/2024 6:42:24,21.25,4349.96,4.06,6,37,0,9,0,1356,574,Free
12/5/2024 6:42:34,21.25,4352.92,4.05,6,37,0,9,0,1357,2044,Free
12/5/2024 6:42:44,21.25,4359.26,4.05,6,37,0,9,0,1358,5709,Free
12/5/2024 6:42:49,21.25,4361.60,4.05,6,37,0,9,0,1359,1710,Free
12/5/2024 6:42:54,21.25,4365.06,4.05,6,37,0,9,0,1360,2837,Free
12/5/2024 6:43:05,21.50,4366.69,4.05,6,37,0,9,0,1361,711,Free
12/5/2024 6:43:10,21.50,4368.81,4.05,6,37,0,9,0,1362,1488,Free
12/5/2024 6:43:12,21.50,4369.50,4.05,6,37,0,9,0,1363,63,Free
12/5/2024 6:43:16,21.50,4370.13,4.05,6,37,0,9,0,1364,0,Free
12/5/2024 6:43:17,21.50,4370.76,4.05,6,37,0,9,0,1365,0,Free
12/5/2024 6:43:18,21.50,4371.46,4.05,6,37,0,9,0,1366,70,Free
12/5/2024 6:43:20,21.50,4372.66,4.05,6,37,0,9,0,1367,574,Free
12/5/2024 6:43:23,21.50,4373.28,4.05,6,37,0,9,0,1368,0,Free
12/5/2024 6:43:32,21.50,4374.20,4.05,6,37,0,9,0,1369,0,Free
12/5/2024 6:43:43,21.50,4375.11,4.05,6,37,0,9,0,1370,0,Free
12/5/2024 6:43:45,21.50,4375.74,4.05,6,37,0,9,0,1371,0,Free
12/5/2024 6:43:56,21.50,4376.65,4.05,6,37,0,9,0,1372,0,Free
12/5/2024 6:44:07,21.50,4377.56,4.05,6,37,0,9,0,1373,0,Free
12/5/2024 6:44:31,21.50,4379.35,4.05,6,37,0,9,0,1374,11,Free
12/5/2024 6:44:33,21.50,4379.98,4.05,6,37,0,9,0,1375,11,Free
12/5/2024 6:44:40,21.50,4380.90,4.05,6,37,0,9,0,1376,0,Free
12/5/2024 6:44:43,21.50,4382.80,4.06,6,37,0,9,0,1377,1275,Free
12/5/2024 6:44:47,21.50,4383.64,4.06,6,37,0,9,0,1378,215,Free
12/5/2024 6:44:48,21.50,4384.40,4.05,6,37,0,9,0,1379,130,Free
12/5/2024 6:44:50,21.50,4385.03,4.05,6,37,0,9,0,1380,0,Free
12/5/2024 6:45:09,21.50,4386.53,4.05,6,37,0,9,0,1381,301,Free
12/5/2024 6:45:13,21.50,4388.09,4.05,6,37,0,9,0,1382,933,Free
12/5/2024 6:45:15,21.50,4389.75,4.05,6,37,0,9,0,1383,1036,Free
12/5/2024 6:45:17,21.50,4390.71,4.05,6,37,0,9,0,1384,326,Free
12/5/2024 6:45:21,21.50,4392.10,4.05,6,37,0,9,0,1385,762,Free
12/5/2024 6:45:30,21.50,4393.43,4.05,6,37,0,9,0,1386,420,Free
12/5/2024 6:45:35,21.50,4394.06,4.05,6,37,0,9,0,1387,0,Free
12/5/2024 6:45:45,21.50,4398.19,4.05,6,37,0,9,0,1388,3505,Free
12/5/2024 6:45:46,21.50,4399.03,4.05,6,37,0,9,0,1389,199,Free
12/5/2024 6:45:55,21.50,4402.27,4.05,6,37,0,9,0,1390,2336,Free
12/5/2024 6:45:58,21.50,4403.40,4.05,6,37,0,9,0,1391,497,Free
12/5/2024 6:45:59,21.50,4404.24,4.05,6,37,0,9,0,1392,216,Free
12/5/2024 6:46:03,21.50,4405.10,4.06,6,37,0,9,0,1393,224,Free
12/5/2024 6:46:07,21.50,4406.43,4.05,6,37,0,9,0,1394,712,Free
12/5/2024 6:50:23,21.50,4428.97,4.05,6,37,0,9,0,1394,0,Free
12/5/2024 6:52:41,21.50,4435.87,4.06,6,37,0,9,0,1395,0,Free
12/5/2024 6:52:46,21.50,4437.01,4.05,6,37,0,9,0,1396,506,Free
12/5/2024 6:54:29,21.50,4442.80,4.05,6,37,0,9,0,1397,310,Free
12/5/2024 6:54:34,21.50,4445.70,4.05,6,37,0,9,0,1398,2275,Free
12/5/2024 6:54:54,21.50,4447.93,4.06,6,37,0,9,0,1399,746,Free
12/5/2024 6:56:17,21.50,4452.27,4.05,6,37,0,9,0,1400,0,Free
12/5/2024 6:58:26,21.50,4459.07,4.05,6,37,0,9,0,1401,181,Free
12/5/2024 6:59:05,21.50,4463.09,4.05,6,37,0,9,0,1402,1957,Free
12/5/2024 6:59:57,21.50,4468.82,4.05,6,37,0,9,0,1403,2821,Free
12/5/2024 7:00:12,21.50,4472.65,4.05,6,37,0,9,0,1404,2921,Free
12/5/2024 7:00:18,21.50,4475.24,4.05,6,37,0,9,0,1405,1958,Free
12/5/2024 7:00:24,21.50,4477.99,4.05,6,37,0,9,0,1406,2127,Free
12/5/2024 7:00:27,21.50,4478.69,4.06,6,37,0,9,0,1407,71,Free
12/5/2024 7:00:33,21.50,4481.27,4.05,6,37,0,9,0,1408,1950,Free
12/5/2024 7:00:39,21.50,4485.43,4.05,6,37,0,9,0,1409,3529,Free
12/5/2024 7:00:41,21.50,4487.23,4.05,6,37,0,9,0,1410,1181,Free
12/5/2024 7:00:42,21.50,4488.30,4.05,6,37,0,9,0,1411,438,Free
12/5/2024 7:01:04,21.50,4491.25,4.05,6,37,0,9,0,1412,1463,Free
12/5/2024 7:01:05,21.50,4492.64,4.05,6,37,0,9,0,1413,762,Free
12/5/2024 7:01:06,21.50,4493.27,4.05,6,37,0,9,0,1414,0,Free
12/5/2024 7:01:09,21.50,4494.18,4.05,6,37,0,9,0,1415,285,Free
12/5/2024 7:01:10,21.50,4494.81,4.05,6,37,0,9,0,1416,2,Free
12/5/2024 7:03:34,21.50,4502.49,4.05,6,37,0,9,0,1417,199,Free
12/5/2024 7:03:36,21.50,4503.12,4.05,6,37,0,9,0,1418,0,Free
12/5/2024 7:03:42,21.50,4503.86,4.05,6,37,0,9,0,1419,114,Free
12/5/2024 7:03:44,21.50,4505.18,4.05,6,37,0,9,0,1420,694,Free
12/5/2024 7:03:49,21.50,4508.14,4.05,6,37,0,9,0,1421,2326,Free
12/5/2024 7:03:51,21.50,4508.76,4.05,6,37,0,9,0,1422,0,Free
12/5/2024 7:03:55,21.50,4510.84,4.05,6,37,0,9,0,1423,1446,Free
12/5/2024 7:03:55,21.50,4511.46,4.05,6,37,0,9,0,1424,0,Free
12/5/2024 7:03:57,21.50,4512.09,4.06,6,37,0,9,0,1425,0,Free
12/5/2024 7:04:05,21.50,4516.01,4.05,6,37,0,9,0,1426,3291,Free
12/5/2024 7:04:07,21.50,4516.64,4.05,6,37,0,9,0,1427,0,Free
12/5/2024 7:04:23,21.50,4519.34,4.05,6,37,0,9,0,1428,1505,Free
12/5/2024 7:04:42,21.50,4521.14,4.05,6,37,0,9,0,1429,319,Free
12/5/2024 7:04:54,21.50,4522.51,4.05,6,37,0,9,0,1430,164,Free
12/5/2024 7:04:55,21.50,4523.13,4.05,6,37,0,9,0,1431,0,Free
12/5/2024 7:05:14,21.50,4524.42,4.05,6,37,0,9,0,1432,85,Free
12/5/2024 7:05:20,21.50,4526.46,4.05,6,37,0,9,0,1433,1411,Free
12/5/2024 7:05:25,21.50,4527.08,4.05,6,37,0,9,0,1434,0,Free
12/5/2024 7:05:30,21.50,4527.90,4.04,6,37,0,9,0,1435,189,Free
12/5/2024 7:05:32,21.50,4528.73,4.05,6,37,0,9,0,1436,198,Free
12/5/2024 7:05:33,21.50,4529.36,4.05,6,37,0,9,0,1437,0,Free
12/5/2024 7:05:33,21.50,4529.98,4.05,6,37,0,9,0,1438,0,Free
12/5/2024 7:05:36,21.50,4530.81,4.05,6,37,0,9,0,1439,199,Free
12/5/2024 7:05:46,21.50,4533.70,4.05,6,37,0,9,0,1440,1975,Free
12/5/2024 7:05:47,21.50,4534.33,4.05,6,37,0,9,0,1441,0,Free
12/5/2024 7:05:49,21.50,4535.17,4.05,6,37,0,9,0,1442,207,Free
12/5/2024 7:05:52,21.50,4538.69,4.05,6,37,0,9,0,1443,2896,Free
12/5/2024 7:05:54,21.50,4539.46,4.05,6,37,0,9,0,1444,139,Free
12/5/2024 7:05:56,21.50,4540.09,4.05,6,37,0,9,0,1445,0,Free
12/5/2024 7:05:58,21.50,4541.87,4.05,6,37,0,9,0,1446,1155,Free
12/5/2024 7:06:04,21.50,4542.54,4.06,6,37,0,9,0,1447,45,Free
12/5/2024 7:06:14,21.50,4553.38,4.06,6,37,0,9,0,1447,0,Free
12/5/2024 7:08:10,21.50,4559.93,4.05,6,37,0,9,0,1448,506,Free
12/5/2024 7:08:25,21.50,4561.44,4.05,6,37,0,9,0,1449,309,Free
12/5/2024 7:08:26,21.50,4562.07,4.05,6,37,0,9,0,1450,0,Free
12/5/2024 7:08:55,21.50,4563.84,4.04,6,37,0,9,0,1451,0,Free
12/5/2024 7:08:59,21.50,4567.23,4.05,6,37,0,9,0,1452,2761,Free
12/5/2024 7:09:08,21.50,4568.90,4.05,6,37,0,9,0,1453,753,Free
12/5/2024 7:09:11,21.50,4570.27,4.05,6,37,0,9,0,1454,745,Free
12/5/2024 7:09:16,21.50,4570.90,4.05,6,37,0,9,0,1455,0,Free
12/5/2024 7:09:18,21.50,4571.58,4.05,6,37,0,9,0,1456,53,Free
12/5/2024 7:09:24,21.50,4573.44,4.05,6,37,0,9,0,1457,1232,Free
12/5/2024 7:09:28,21.50,4574.36,4.05,6,37,0,9,0,1458,302,Free
12/5/2024 7:09:30,21.50,4574.99,4.05,6,37,0,9,0,1459,0,Free
12/5/2024 7:09:50,21.50,4576.73,4.05,6,37,0,9,0,1460,258,Free
12/5/2024 7:09:55,21.50,4578.06,4.05,6,37,0,9,0,1461,694,Free
12/5/2024 7:09:59,21.50,4578.69,4.05,6,37,0,9,0,1462,0,Free
12/5/2024 7:10:01,21.50,4579.65,4.05,6,37,0,9,0,1463,334,Free
12/5/2024 7:10:04,21.50,4580.28,4.05,6,37,0,9,0,1464,0,Free
12/5/2024 7:10:08,21.50,4581.82,4.05,6,37,0,9,0,1465,916,Free
12/5/2024 7:10:10,21.50,4583.34,4.05,6,37,0,9,0,1466,889,Free
12/5/2024 7:10:12,21.50,4583.97,4.05,6,37,0,9,0,1467,0,Free
12/5/2024 7:10:13,21.50,4584.60,4.05,6,37,0,9,0,1468,2,Free
12/5/2024 7:10:14,21.50,4585.23,4.05,6,37,0,9,0,1469,0,Free
12/5/2024 7:10:16,21.50,4586.74,4.05,6,37,0,9,0,1470,882,Free
12/5/2024 7:10:19,21.50,4588.17,4.05,6,37,0,9,0,1471,797,Free
12/5/2024 7:10:23,21.50,4591.59,4.05,6,37,0,9,0,1472,2795,Free
12/5/2024 7:10:25,21.50,4592.31,4.05,6,37,0,9,0,1473,96,Free
12/5/2024 7:10:32,21.50,4593.38,4.05,6,37,0,9,0,1474,156,Free
12/5/2024 7:10:34,21.50,4595.08,4.05,6,37,0,9,0,1475,1071,Free
12/5/2024 7:10:38,21.50,4596.92,4.05,6,37,0,9,0,1476,1207,Free
12/5/2024 7:10:52,21.50,4599.34,4.05,6,37,0,9,0,1477,1223,Free
12/5/2024 7:10:58,21.50,4600.06,4.05,6,37,0,9,0,1478,96,Free
12/5/2024 7:11:02,21.50,4603.52,4.05,6,37,0,9,0,1479,2830,Free
12/5/2024 7:11:10,21.50,4606.47,4.05,6,37,0,9,0,1480,2316,Free
12/5/2024 7:11:19,21.50,4608.71,4.05,6,37,0,9,0,1481,1335,Free
12/5/2024 7:11:25,21.50,4611.70,4.05,6,37,0,9,0,1482,2360,Free
12/5/2024 7:11:28,21.50,4612.45,4.05,6,37,0,9,0,1483,122,Free
12/5/2024 7:11:29,21.50,4613.57,4.05,6,37,0,9,0,1484,497,Free
12/5/2024 7:11:32,21.50,4614.90,4.05,6,37,0,9,0,1485,694,Free
12/5/2024 7:11:35,21.50,4615.54,4.05,6,37,0,9,0,1486,19,Free
12/5/2024 7:11:39,21.50,4617.63,4.05,6,37,0,9,0,1487,1462,Free
12/5/2024 7:11:41,21.50,4618.26,4.05,6,37,0,9,0,1488,0,Free
12/5/2024 7:11:49,21.50,4620.26,4.05,6,37,0,9,0,1489,1087,Free
12/5/2024 7:11:58,21.50,4625.38,4.05,6,37,0,9,0,1490,4496,Free
12/5/2024 7:12:15,21.50,4627.70,4.05,6,37,0,9,0,1491,1121,Free
12/5/2024 7:12:16,21.50,4628.33,4.05,6,37,0,9,0,1492,0,Free
12/5/2024 7:22:20,21.50,4667.43,4.05,6,37,0,9,0,1492,0,Free
12/5/2024 7:24:32,21.50,4674.06,4.05,6,37,0,9,0,1493,0,Free
12/5/2024 7:25:03,21.50,4676.34,4.05,6,38,233,9,0,1493,0,Free
12/5/2024 7:25:04,21.50,4676.97,4.05,6,39,0,9,0,1493,0,Free
12/5/2024 7:28:50,21.50,4688.23,4.05,6,39,0,9,0,1494,70,Free
12/5/2024 7:28:52,21.50,4689.26,4.05,6,39,0,9,0,1495,404,Free
12/5/2024 7:28:54,21.50,4690.33,4.05,6,39,0,9,0,1496,438,Free
12/5/2024 7:28:59,21.50,4691.08,4.05,6,39,0,9,0,1497,121,Free
12/5/2024 7:29:01,21.50,4692.49,4.05,6,39,0,9,0,1498,787,Free
12/5/2024 7:29:02,21.50,4693.12,4.05,6,39,0,9,0,1499,0,Free
12/5/2024 7:29:04,21.50,4695.08,4.05,6,39,0,9,0,1500,1334,Free
12/5/2024 7:29:13,21.50,4696.69,4.05,6,39,0,9,0,1501,694,Free
12/5/2024 7:29:19,21.50,4697.52,4.05,6,39,0,9,0,1502,199,Free
12/5/2024 7:29:25,21.50,4698.16,4.05,6,39,0,9,0,1503,19,Free
12/5/2024 7:29:27,21.50,4698.80,4.05,6,39,0,9,0,1504,11,Free
12/5/2024 7:29:29,21.50,4699.69,4.05,6,39,0,9,0,1505,258,Free
12/5/2024 7:29:30,21.50,4700.31,4.05,6,39,0,9,0,1506,0,Free
12/5/2024 7:29:35,21.50,4701.95,4.05,6,39,0,9,0,1507,1001,Free
12/5/2024 7:29:41,21.50,4702.86,4.05,6,39,0,9,0,1508,0,Free
12/5/2024 7:29:48,21.50,4705.00,4.05,6,39,0,9,0,1509,1513,Free
12/5/2024 7:29:50,21.50,4705.67,4.05,6,39,0,9,0,1510,36,Free
12/5/2024 7:29:55,21.50,4707.76,4.05,6,39,0,9,0,1511,1472,Free
12/5/2024 7:30:03,21.50,4709.54,4.05,6,39,0,9,0,1512,1147,Free
12/5/2024 7:30:06,21.50,4710.78,4.05,6,39,0,9,0,1513,616,Free
12/5/2024 7:30:12,21.50,4711.75,4.05,6,39,0,9,0,1514,336,Free
12/5/2024 7:30:17,21.50,4712.96,4.05,6,39,0,9,0,1515,575,Free
12/5/2024 7:30:21,21.50,4714.64,4.05,6,39,0,9,0,1516,1053,Free
12/5/2024 7:30:40,21.50,4716.12,4.05,6,39,0,9,0,1517,0,Free
12/5/2024 7:30:43,21.50,4717.21,4.05,6,39,0,9,0,1518,455,Free
12/5/2024 7:30:44,21.50,4717.83,4.05,6,39,0,9,0,1519,0,Free
12/5/2024 7:30:44,21.50,4718.56,4.05,6,39,0,9,0,1520,97,Free
12/5/2024 7:30:45,21.50,4719.19,4.05,6,39,0,9,0,1521,0,Free
12/5/2024 7:30:48,21.50,4719.81,4.05,6,39,0,9,0,1522,0,Free
12/5/2024 7:30:49,21.50,4720.73,4.05,6,39,0,9,0,1523,292,Free
12/5/2024 7:30:55,21.50,4722.20,4.05,6,39,0,9,0,1524,839,Free
12/5/2024 7:31:00,21.50,4723.38,4.05,6,39,0,9,0,1525,549,Free
12/5/2024 7:31:02,21.50,4724.96,4.05,6,39,0,9,0,1526,950,Free
12/5/2024 7:31:06,21.50,4726.62,4.05,6,39,0,9,0,1527,1037,Free
12/5/2024 7:31:08,21.50,4728.38,4.05,6,39,0,9,0,1528,1130,Free
12/5/2024 7:31:18,21.50,4730.68,4.05,6,39,0,9,0,1529,1386,Free
12/5/2024 7:31:20,21.50,4731.93,4.05,6,39,0,9,0,1530,626,Free
12/5/2024 7:31:25,21.50,4733.79,4.05,6,39,0,9,0,1531,1222,Free
12/5/2024 7:31:33,21.50,4734.70,4.05,6,39,0,9,0,1532,0,Free
12/5/2024 7:31:37,21.50,4736.74,4.05,6,39,0,9,0,1533,1411,Free
12/5/2024 7:31:41,21.50,4737.67,4.05,6,39,0,9,0,1534,301,Free
12/5/2024 7:31:42,21.50,4738.57,4.05,6,39,0,9,0,1535,276,Free
12/5/2024 7:31:44,21.50,4739.23,4.05,6,39,0,9,0,1536,36,Free
12/5/2024 7:31:50,21.50,4740.39,4.05,6,39,0,9,0,1537,531,Free
12/5/2024 7:31:51,21.50,4741.16,4.05,6,39,0,9,0,1538,138,Free
12/5/2024 7:31:55,21.50,4742.72,4.05,6,39,0,9,0,1539,933,Free
12/5/2024 7:31:57,21.50,4743.39,4.05,6,39,0,9,0,1540,36,Free
12/5/2024 7:32:02,21.50,4745.53,4.05,6,39,0,9,0,1541,1514,Free
12/5/2024 7:32:06,21.50,4746.61,4.05,6,39,0,9,0,1542,446,Free
12/5/2024 7:32:08,21.75,4747.24,4.05,6,39,0,9,0,1543,0,Free
12/5/2024 7:32:16,21.75,4748.15,4.05,6,39,0,9,0,1544,0,Free
12/5/2024 7:32:17,21.75,4748.78,4.05,6,39,0,9,0,1545,0,Free
12/5/2024 7:32:22,21.75,4749.48,4.05,6,39,0,9,0,1546,70,Free
12/5/2024 7:32:25,21.75,4751.37,4.05,6,39,0,9,0,1547,1265,Free
12/5/2024 7:32:25,21.75,4752.00,4.05,6,39,0,9,0,1548,0,Free
12/5/2024 7:32:27,21.75,4753.22,4.05,6,39,0,9,0,1549,592,Free
12/5/2024 7:32:31,21.75,4754.24,4.05,6,39,0,9,0,1550,395,Free
12/5/2024 7:32:33,21.75,4754.91,4.05,6,39,0,9,0,1551,44,Free
12/5/2024 7:32:35,21.75,4755.92,4.05,6,39,0,9,0,1552,378,Free
12/5/2024 7:32:42,21.75,4757.60,4.05,6,39,0,9,0,1553,1053,Free
12/5/2024 7:32:45,21.75,4758.61,4.05,6,39,0,9,0,1554,386,Free
12/5/2024 7:32:47,21.75,4759.73,4.05,6,39,0,9,0,1555,489,Free
12/5/2024 7:32:51,21.75,4761.25,4.05,6,39,0,9,0,1556,890,Free
12/5/2024 7:32:59,21.75,4764.09,4.05,6,39,0,9,0,1557,2215,Free
12/5/2024 7:33:04,21.75,4765.74,4.05,6,39,0,9,0,1558,1019,Free
12/5/2024 7:33:15,21.75,4766.73,4.05,6,39,0,9,0,1559,79,Free
12/5/2024 7:33:18,21.75,4767.36,4.05,6,39,0,9,0,1560,0,Free
12/5/2024 7:33:20,21.75,4767.98,4.05,6,39,0,9,0,1561,0,Free
12/5/2024 7:33:22,21.75,4768.61,4.05,6,39,0,9,0,1562,0,Free
12/5/2024 7:33:30,21.75,4770.39,4.05,6,39,0,9,0,1563,1151,Free
12/5/2024 7:33:33,21.75,4771.88,4.05,6,39,0,9,0,1564,856,Free
12/5/2024 7:33:35,21.75,4772.86,4.04,6,39,0,9,0,1565,353,Free
12/5/2024 7:33:37,21.75,4773.98,4.05,6,39,0,9,0,1566,489,Free
12/5/2024 7:33:44,21.75,4775.77,4.04,6,39,0,9,0,1567,881,Free
12/5/2024 7:33:55,21.75,4782.60,4.05,6,39,0,9,0,1568,6204,Free
12/5/2024 7:33:59,21.75,4783.55,4.05,6,39,0,9,0,1569,309,Free
12/5/2024 7:34:00,21.75,4784.18,4.05,6,39,0,9,0,1570,0,Free
12/5/2024 7:34:03,21.75,4786.10,4.05,6,39,0,9,0,1571,1301,Free
12/5/2024 7:34:05,21.75,4788.27,4.05,6,39,0,9,0,1572,1539,Free
12/5/2024 7:34:08,21.75,4789.74,4.05,6,39,0,9,0,1573,840,Free
12/5/2024 7:36:42,21.75,4807.42,4.05,6,39,0,9,0,1573,0,Free
12/5/2024 7:41:08,21.75,4821.57,4.05,6,39,0,9,0,1574,959,Free
12/5/2024 7:46:08,21.75,4836.18,4.05,6,39,0,9,0,1575,0,Free
12/5/2024 7:47:11,21.75,4841.50,4.05,6,39,0,9,0,1576,1839,Free
12/5/2024 7:47:16,21.75,4842.96,4.05,6,39,0,9,0,1577,831,Free
12/5/2024 7:47:18,21.75,4843.59,4.05,6,39,0,9,0,1578,0,Free
12/5/2024 7:47:20,21.75,4844.22,4.05,6,39,0,9,0,1579,0,Free
12/5/2024 7:47:26,21.75,4845.13,4.05,6,39,0,9,0,1580,0,Free
12/5/2024 7:47:31,21.75,4847.34,4.05,6,39,0,9,0,1581,1583,Free
12/5/2024 7:47:34,21.75,4847.97,4.05,6,39,0,9,0,1582,0,Free
12/5/2024 7:47:37,21.75,4849.08,4.05,6,39,0,9,0,1583,480,Free
12/5/2024 7:47:40,21.75,4852.08,4.05,6,39,0,9,0,1584,2378,Free
12/5/2024 7:47:41,21.75,4853.08,4.05,6,39,0,9,0,1585,369,Free
12/5/2024 7:47:46,21.75,4854.19,4.05,6,39,0,9,0,1586,480,Free
12/5/2024 7:47:48,21.75,4856.59,4.05,6,39,0,9,0,1587,1770,Free
12/5/2024 7:47:59,21.75,4857.93,4.05,6,39,0,9,0,1588,429,Free
12/5/2024 7:48:02,21.75,4858.68,4.05,6,39,0,9,0,1589,121,Free
12/5/2024 7:48:04,21.75,4860.43,4.05,6,39,0,9,0,1590,1121,Free
12/5/2024 7:48:08,21.75,4863.18,4.05,6,39,0,9,0,1591,2121,Free
12/5/2024 7:48:11,21.75,4863.80,4.05,6,39,0,9,0,1592,0,Free
12/5/2024 7:48:14,21.75,4864.43,4.05,6,39,0,9,0,1593,0,Free
12/5/2024 7:48:14,21.75,4865.08,4.05,6,39,0,9,0,1594,19,Free
12/5/2024 7:48:15,21.75,4865.78,4.05,6,39,0,9,0,1595,70,Free
12/5/2024 7:48:18,21.75,4867.11,4.05,6,39,0,9,0,1596,694,Free
12/5/2024 7:48:22,21.75,4867.96,4.05,6,39,0,9,0,1597,224,Free
12/5/2024 7:48:30,21.75,4869.20,4.05,6,39,0,9,0,1598,327,Free
12/5/2024 7:48:33,21.75,4870.31,4.05,6,39,0,9,0,1599,480,Free
12/5/2024 7:48:37,21.75,4870.94,4.05,6,39,0,9,0,1600,0,Free
12/5/2024 7:48:42,21.75,4871.62,4.05,6,39,0,9,0,1601,61,Free
12/5/2024 7:48:44,21.75,4872.35,4.05,6,39,0,9,0,1602,95,Free
12/5/2024 7:48:46,21.75,4873.12,4.05,6,39,0,9,0,1603,147,Free
12/5/2024 7:48:48,21.75,4874.08,4.05,6,39,0,9,0,1604,326,Free
12/5/2024 7:48:59,21.75,4875.15,4.05,6,39,0,9,0,1605,156,Free
12/5/2024 7:49:02,21.75,4875.78,4.05,6,39,0,9,0,1606,0,Free
12/5/2024 7:49:09,21.75,4876.72,4.05,6,39,0,9,0,1607,36,Free
12/5/2024 7:49:12,21.75,4877.95,4.05,6,39,0,9,0,1608,600,Free
12/5/2024 7:49:18,21.75,4879.97,4.05,6,39,0,9,0,1609,1386,Free
12/5/2024 7:49:21,21.75,4881.65,4.05,6,39,0,9,0,1610,1053,Free
12/5/2024 7:49:22,21.75,4882.27,4.05,6,39,0,9,0,1611,0,Free
12/5/2024 7:49:23,21.75,4882.90,4.05,6,39,0,9,0,1612,0,Free
12/5/2024 7:49:24,21.75,4883.64,4.05,6,39,0,9,0,1613,114,Free
12/5/2024 7:49:26,21.75,4884.51,4.05,6,39,0,9,0,1614,241,Free
12/5/2024 7:49:29,21.75,4886.23,4.05,6,39,0,9,0,1615,1096,Free
12/5/2024 7:49:33,21.75,4886.86,4.05,6,39,0,9,0,1616,0,Free
12/5/2024 7:49:34,21.75,4887.65,4.05,6,39,0,9,0,1617,156,Free
12/5/2024 7:49:39,21.75,4888.80,4.05,6,39,0,9,0,1618,523,Free
12/5/2024 7:49:43,21.75,4890.94,4.05,6,39,0,9,0,1619,1514,Free
12/5/2024 7:49:44,21.75,4891.57,4.05,6,39,0,9,0,1620,0,Free
12/5/2024 7:49:47,21.75,4893.51,4.05,6,39,0,9,0,1621,1309,Free
12/5/2024 7:49:50,21.75,4895.27,4.05,6,39,0,9,0,1622,1129,Free
12/5/2024 7:49:51,21.75,4896.22,4.05,6,39,0,9,0,1623,326,Free
12/5/2024 7:49:54,21.75,4896.87,4.05,6,39,0,9,0,1624,19,Free
12/5/2024 7:52:11,21.75,4913.69,4.05,6,39,0,9,0,1624,0,Free
12/5/2024 8:05:25,21.75,4952.18,4.05,6,39,0,9,0,1625,181,Free
12/5/2024 8:05:28,21.75,4954.19,4.05,6,39,0,9,0,1626,1387,Free
12/5/2024 8:06:23,21.75,4958.39,4.05,6,39,0,9,0,1627,1292,Free
12/5/2024 8:06:46,21.75,4960.16,4.05,6,39,0,9,0,1628,275,Free
12/5/2024 8:06:51,21.75,4961.38,4.05,6,39,0,9,0,1629,591,Free
12/5/2024 8:07:01,21.75,4962.45,4.05,6,39,0,9,0,1630,164,Free
12/5/2024 8:07:05,21.75,4963.12,4.05,6,39,0,9,0,1631,44,Free
12/5/2024 8:07:07,21.75,4963.90,4.05,6,39,0,9,0,1632,147,Free
12/5/2024 8:07:09,21.75,4964.57,4.05,6,39,0,9,0,1633,45,Free
12/5/2024 8:07:12,21.75,4966.43,4.05,6,39,0,9,0,1634,1232,Free
12/5/2024 8:09:58,21.75,4984.68,4.05,6,39,0,9,0,1634,0,Free
12/5/2024 8:15:46,21.75,5002.23,4.05,6,39,0,9,0,1635,651,Free
12/5/2024 8:15:49,21.75,5003.00,4.05,6,39,0,9,0,1636,138,Free
12/5/2024 8:15:54,21.75,5003.83,4.05,6,39,0,9,0,1637,206,Free
12/5/2024 8:16:00,21.75,5004.46,4.05,6,39,0,9,0,1638,0,Free
12/5/2024 8:16:04,21.75,5005.09,4.05,6,39,0,9,0,1639,0,Free
12/5/2024 8:28:03,21.75,5049.60,4.05,6,39,0,9,0,1639,0,Free
12/5/2024 8:46:14,21.75,5111.81,4.05,6,39,0,9,0,1639,0,Free
12/5/2024 9:04:25,21.75,5174.01,4.05,6,39,0,9,0,1639,0,Free
12/5/2024 9:22:36,21.75,5236.22,4.05,6,39,0,9,0,1639,0,Free
12/5/2024 9:40:47,21.75,5298.43,4.05,6,39,0,9,0,1639,0,Free
12/5/2024 9:58:58,21.75,5360.64,4.05,6,39,0,9,0,1639,0,Free
12/5/2024 10:07:57,21.75,5386.71,4.04,6,39,0,9,0,1640,36,Free
12/5/2024 10:08:12,21.75,5388.04,4.05,6,39,0,9,0,1641,138,Free
12/5/2024 10:08:20,21.75,5388.96,4.05,6,39,0,9,0,1642,0,Free
12/5/2024 10:08:23,21.75,5389.99,4.05,6,39,0,9,0,1643,403,Free
12/5/2024 10:08:30,21.75,5390.61,4.05,6,39,0,9,0,1644,0,Free
12/5/2024 10:08:48,21.75,5391.82,4.05,6,39,0,9,0,1645,0,Free
12/5/2024 10:08:49,21.75,5392.44,4.05,6,39,0,9,0,1646,0,Free
12/5/2024 10:08:53,21.75,5395.26,4.05,6,39,0,9,0,1647,2189,Free
12/5/2024 10:08:54,21.75,5395.89,4.05,6,39,0,9,0,1648,0,Free
12/5/2024 10:09:16,21.75,5397.44,4.05,6,39,0,9,0,1649,62,Free
12/5/2024 10:09:20,21.75,5398.06,4.04,6,39,0,9,0,1650,0,Free
12/5/2024 10:09:23,21.75,5399.41,4.05,6,39,0,9,0,1651,719,Free
12/5/2024 10:09:26,21.75,5400.19,4.05,6,39,0,9,0,1652,155,Free
12/5/2024 10:09:28,21.75,5400.93,4.05,6,39,0,9,0,1653,104,Free
12/5/2024 10:09:32,21.75,5403.00,4.04,6,39,0,9,0,1654,1437,Free
12/5/2024 10:09:37,21.75,5404.53,4.05,6,39,0,9,0,1655,907,Free
12/5/2024 10:09:40,21.75,5405.58,4.05,6,39,0,9,0,1656,420,Free
12/5/2024 10:09:44,21.75,5407.00,4.05,6,39,0,9,0,1657,797,Free
12/5/2024 10:09:56,21.75,5408.20,4.05,6,39,0,9,0,1658,0,Free
12/5/2024 10:10:01,21.75,5410.09,4.05,6,39,0,9,0,1659,1266,Free
12/5/2024 10:10:07,21.75,5412.13,4.05,6,39,0,9,0,1660,1412,Free
12/5/2024 10:10:12,21.75,5412.76,4.05,6,39,0,9,0,1661,0,Free
12/5/2024 10:10:13,21.75,5413.70,4.05,6,39,0,9,0,1662,301,Free
12/5/2024 10:10:25,21.75,5415.76,4.05,6,39,0,9,0,1663,1147,Free
12/5/2024 10:10:26,21.75,5416.39,4.05,6,39,0,9,0,1664,0,Free
12/5/2024 10:10:28,21.75,5418.32,4.05,6,39,0,9,0,1665,1308,Free
12/5/2024 10:10:31,21.75,5419.19,4.05,6,39,0,9,0,1666,233,Free
12/5/2024 10:10:32,21.75,5419.82,4.05,6,39,0,9,0,1667,0,Free
12/5/2024 10:10:34,21.75,5421.51,4.05,6,39,0,9,0,1668,1060,Free
12/5/2024 10:13:33,21.75,5430.41,4.04,6,39,0,9,0,1669,0,Free
12/5/2024 10:15:49,21.75,5447.24,4.05,6,39,0,9,0,1669,0,Free
12/5/2024 10:16:13,21.75,5450.48,4.04,6,39,0,9,0,1670,1762,Free
12/5/2024 10:16:14,21.75,5451.34,4.04,6,39,0,9,0,1671,224,Free
12/5/2024 10:16:16,21.75,5452.29,4.05,6,39,0,9,0,1672,326,Free
12/5/2024 10:16:17,21.75,5452.92,4.05,6,39,0,9,0,1673,0,Free
12/5/2024 10:16:18,21.75,5453.67,4.05,6,39,0,9,0,1674,122,Free
12/5/2024 10:16:19,21.75,5454.80,4.04,6,39,0,9,0,1675,506,Free
12/5/2024 10:16:21,21.75,5456.79,4.04,6,39,0,9,0,1676,1359,Free
12/5/2024 10:16:23,21.75,5457.44,4.05,6,39,0,9,0,1677,20,Free
12/5/2024 10:16:29,21.75,5459.03,4.04,6,39,0,9,0,1678,967,Free
12/5/2024 10:16:35,21.75,5459.66,4.03,6,39,0,9,0,1679,0,Free
12/5/2024 10:16:36,21.75,5460.28,4.05,6,39,0,9,0,1680,0,Free
12/5/2024 10:16:47,21.75,5461.20,4.05,6,39,0,9,0,1681,0,Free
12/5/2024 10:16:56,21.75,5462.11,4.05,6,39,0,9,0,1682,0,Free
12/5/2024 10:16:58,21.75,5462.74,4.05,6,39,0,9,0,1683,0,Free
12/5/2024 10:17:02,21.75,5463.36,4.04,6,39,0,9,0,1684,0,Free
12/5/2024 10:17:03,21.75,5464.56,4.05,6,39,0,9,0,1685,566,Free
12/5/2024 10:17:05,21.75,5465.46,4.05,6,39,0,9,0,1686,267,Free
12/5/2024 10:17:07,21.75,5467.98,4.04,6,39,0,9,0,1687,1892,Free
12/5/2024 10:17:14,21.75,5468.97,4.05,6,39,0,9,0,1688,79,Free
12/5/2024 10:17:17,21.75,5470.35,4.05,6,39,0,9,0,1689,754,Free
12/5/2024 10:17:21,21.75,5470.98,4.05,6,39,0,9,0,1690,0,Free
12/5/2024 10:17:23,21.75,5472.63,4.05,6,39,0,9,0,1691,1027,Free
12/5/2024 10:17:28,21.75,5473.27,4.05,6,39,0,9,0,1692,0,Free
12/5/2024 10:17:34,21.75,5473.90,4.05,6,39,0,9,0,1693,0,Free
12/5/2024 10:17:41,21.75,5474.85,4.05,6,39,0,9,0,1694,36,Free
12/5/2024 10:17:45,21.75,5475.56,4.05,6,39,0,9,0,1695,88,Free
12/5/2024 10:17:53,21.75,5477.13,4.05,6,39,0,9,0,1696,651,Free
12/5/2024 10:17:56,21.75,5477.75,4.04,6,39,0,9,0,1697,0,Free
12/5/2024 10:18:03,21.75,5479.06,4.05,6,39,0,9,0,1698,677,Free
12/5/2024 10:18:08,21.75,5482.07,4.04,6,39,0,9,0,1699,2385,Free
12/5/2024 10:18:09,21.75,5482.75,4.05,6,39,0,9,0,1700,53,Free
12/5/2024 10:18:11,21.75,5483.58,4.05,6,39,0,9,0,1701,198,Free
12/5/2024 10:18:17,21.75,5484.96,4.05,6,39,0,9,0,1702,753,Free
12/5/2024 10:18:20,21.75,5485.92,4.04,6,39,0,9,0,1703,326,Free
12/5/2024 10:18:21,21.75,5486.66,4.05,6,39,0,9,0,1704,122,Free
12/5/2024 10:18:22,21.75,5487.29,4.05,6,39,0,9,0,1705,0,Free
12/5/2024 10:18:23,21.75,5488.01,4.05,6,39,0,9,0,1706,87,Free
12/5/2024 10:18:25,21.75,5488.68,4.05,6,39,0,9,0,1707,45,Free
12/5/2024 10:18:32,21.75,5490.24,4.05,6,39,0,9,0,1708,934,Free
12/5/2024 10:18:36,21.75,5491.19,4.05,6,39,0,9,0,1709,318,Free
12/5/2024 10:18:37,21.75,5491.96,4.05,6,39,0,9,0,1710,148,Free
12/5/2024 10:18:41,21.75,5492.70,4.05,6,39,0,9,0,1711,112,Free
12/5/2024 10:18:42,21.75,5493.34,4.04,6,39,0,9,0,1712,11,Free
12/5/2024 10:18:48,21.75,5495.50,4.05,6,39,0,9,0,1713,1530,Free
12/5/2024 10:18:53,21.75,5496.65,4.04,6,39,0,9,0,1714,523,Free
12/5/2024 10:18:55,21.75,5497.42,4.05,6,39,0,9,0,1715,79,Free
12/5/2024 10:19:07,21.75,5498.35,4.05,6,39,0,9,0,1716,0,Free
12/5/2024 10:20:42,21.75,5503.26,4.05,6,39,0,9,0,1717,0,Free
12/5/2024 10:20:43,21.75,5503.89,4.05,6,39,0,9,0,1718,0,Free
12/5/2024 10:20:47,21.75,5505.31,4.05,6,39,0,9,0,1719,787,Free
12/5/2024 10:20:48,21.75,5505.93,4.05,6,39,0,9,0,1720,0,Free
12/5/2024 10:20:49,21.75,5506.56,4.05,6,39,0,9,0,1721,0,Free
12/5/2024 10:20:51,21.75,5507.19,4.05,6,39,0,9,0,1722,0,Free
12/5/2024 10:20:52,21.75,5507.82,4.05,6,39,0,9,0,1723,0,Free
12/5/2024 10:20:54,21.75,5508.44,4.05,6,39,0,9,0,1724,0,Free
12/5/2024 10:20:57,21.75,5509.08,4.04,6,39,0,9,0,1725,0,Free
12/5/2024 10:20:58,21.75,5509.70,4.05,6,39,0,9,0,1726,0,Free
12/5/2024 10:20:58,21.75,5510.33,4.05,6,39,0,9,0,1727,0,Free
12/5/2024 10:21:09,21.75,5520.35,4.05,6,39,0,9,0,1728,9392,Free
12/5/2024 10:21:12,21.75,5522.83,4.05,6,39,0,9,0,1729,1848,Free
12/5/2024 10:25:16,21.75,5535.14,4.04,6,39,0,9,0,1730,267,Free
12/5/2024 10:29:52,21.75,5548.61,4.04,6,39,0,9,0,1731,0,Free
12/5/2024 10:30:18,21.50,5550.47,4.05,6,39,0,9,0,1732,87,Free
12/5/2024 10:30:22,21.50,5551.97,4.05,6,39,0,9,0,1733,873,Free
12/5/2024 10:30:23,21.50,5552.66,4.05,6,39,0,9,0,1734,61,Free
12/5/2024 10:30:27,21.50,5553.58,4.05,6,39,0,9,0,1735,292,Free
12/5/2024 10:30:33,21.50,5554.21,4.05,6,39,0,9,0,1736,0,Free
12/5/2024 10:30:43,21.50,5565.04,4.05,6,39,0,9,0,1736,0,Free
12/5/2024 10:30:44,21.50,5565.75,4.05,6,39,0,9,0,1737,88,Free
12/5/2024 10:30:47,21.50,5567.75,4.05,6,39,0,9,0,1738,1368,Free
12/5/2024 10:30:57,21.50,5568.73,4.04,6,39,0,9,0,1739,61,Free
12/5/2024 10:30:59,21.50,5569.43,4.05,6,39,0,9,0,1740,70,Free
12/5/2024 10:31:04,21.50,5571.01,4.04,6,39,0,9,0,1741,957,Free
12/5/2024 10:31:11,21.50,5571.92,4.04,6,39,0,9,0,1742,0,Free
12/5/2024 10:31:14,21.50,5572.60,4.04,6,39,0,9,0,1743,53,Free
12/5/2024 10:31:19,21.50,5573.23,4.05,6,39,0,9,0,1744,0,Free
12/5/2024 10:31:37,21.75,5574.43,4.05,6,39,0,9,0,1745,2,Free
12/5/2024 10:31:40,21.75,5575.93,4.04,6,39,0,9,0,1746,865,Free
12/5/2024 10:31:41,21.75,5576.89,4.04,6,39,0,9,0,1747,335,Free
12/5/2024 10:31:43,21.75,5577.92,4.05,6,39,0,9,0,1748,403,Free
12/5/2024 10:31:47,21.75,5579.08,4.05,6,39,0,9,0,1749,532,Free
12/5/2024 10:31:48,21.75,5579.74,4.05,6,39,0,9,0,1750,37,Free
12/5/2024 10:31:54,21.75,5580.85,4.05,6,39,0,9,0,1751,199,Free
12/5/2024 10:32:05,21.75,5582.24,4.04,6,39,0,9,0,1752,472,Free
12/5/2024 10:32:07,21.75,5582.87,4.04,6,39,0,9,0,1753,0,Free
12/5/2024 10:32:08,21.75,5583.89,4.05,6,39,0,9,0,1754,395,Free
12/5/2024 10:32:14,21.75,5584.55,4.05,6,39,0,9,0,1755,28,Free
12/5/2024 10:32:15,21.75,5585.19,4.05,6,39,0,9,0,1756,11,Free
12/5/2024 10:32:23,21.75,5586.32,4.04,6,39,0,9,0,1757,224,Free
12/5/2024 10:32:26,21.75,5587.30,4.05,6,39,0,9,0,1758,353,Free
12/5/2024 10:39:04,21.50,5607.21,4.05,6,39,0,9,0,1759,437,Free
12/5/2024 10:47:38,21.50,5642.01,4.05,6,39,0,9,0,1759,0,Free
12/5/2024 11:05:49,21.50,5704.22,4.05,6,39,0,9,0,1759,0,Free
12/5/2024 11:24:00,21.50,5766.42,4.04,6,39,0,9,0,1759,0,Free
12/5/2024 11:42:11,21.50,5828.63,4.04,6,39,0,9,0,1759,0,Free
12/5/2024 12:00:22,21.50,5890.84,4.04,6,39,0,9,0,1759,0,Free
12/5/2024 12:18:33,21.50,5953.05,4.04,6,39,0,9,0,1759,0,Free
12/5/2024 12:30:47,21.25,5988.50,4.04,6,39,0,9,0,1760,0,Free
12/5/2024 12:30:56,21.25,5989.65,4.04,6,39,0,9,0,1761,232,Free
12/5/2024 12:30:57,21.25,5990.57,4.04,6,39,0,9,0,1762,293,Free
12/5/2024 12:31:01,21.25,5991.56,4.05,6,39,0,9,0,1763,368,Free
12/5/2024 12:31:02,21.25,5992.32,4.04,6,39,0,9,0,1764,130,Free
12/5/2024 12:31:09,21.25,5994.23,4.04,6,39,0,9,0,1765,1282,Free
12/5/2024 12:31:11,21.25,5995.53,4.04,6,39,0,9,0,1766,676,Free
12/5/2024 12:32:00,21.25,5998.45,4.04,6,39,0,9,0,1767,0,Free
12/5/2024 12:32:04,21.25,5999.07,4.04,6,39,0,9,0,1768,0,Free
12/5/2024 12:32:09,21.25,6001.85,4.04,6,39,0,9,0,1769,2152,Free
12/5/2024 12:32:11,21.25,6003.47,4.03,6,39,0,9,0,1770,992,Free
12/5/2024 12:32:20,21.25,6004.43,4.04,6,39,0,9,0,1771,44,Free
12/5/2024 12:32:33,21.25,6006.60,4.04,6,39,0,9,0,1772,1258,Free
12/5/2024 12:32:36,21.25,6007.61,4.04,6,39,0,9,0,1773,377,Free
12/5/2024 12:32:39,21.25,6008.46,4.04,6,39,0,9,0,1774,224,Free
12/5/2024 12:32:43,21.25,6011.82,4.04,6,39,0,9,0,1775,2726,Free
12/5/2024 12:32:47,21.25,6012.52,4.04,6,39,0,9,0,1776,70,Free
12/5/2024 12:32:50,21.25,6014.64,4.04,6,39,0,9,0,1777,1496,Free
12/5/2024 12:32:54,21.25,6015.71,4.03,6,39,0,9,0,1778,446,Free
12/5/2024 12:32:54,21.25,6016.34,4.04,6,39,0,9,0,1779,2,Free
12/5/2024 12:32:56,21.25,6017.38,4.04,6,39,0,9,0,1780,412,Free
12/5/2024 12:32:58,21.50,6018.85,4.04,6,39,0,9,0,1781,847,Free
12/5/2024 12:33:00,21.50,6019.48,4.04,6,39,0,9,0,1782,0,Free
12/5/2024 12:33:04,21.50,6022.34,4.04,6,39,0,9,0,1783,2229,Free
12/5/2024 12:33:08,21.50,6025.91,4.04,6,39,0,9,0,1784,2938,Free
12/5/2024 12:33:12,21.50,6027.20,4.04,6,39,0,9,0,1785,668,Free
12/5/2024 12:33:16,21.50,6028.61,4.03,6,39,0,9,0,1786,771,Free
12/5/2024 12:33:19,21.50,6031.03,4.04,6,39,0,9,0,1787,1795,Free
12/5/2024 12:33:23,21.50,6033.62,4.04,6,39,0,9,0,1788,1957,Free
12/5/2024 12:33:28,21.50,6035.02,4.04,6,39,0,9,0,1789,779,Free
12/5/2024 12:33:33,21.50,6036.51,4.04,6,39,0,9,0,1790,856,Free
12/5/2024 12:33:40,21.50,6037.66,4.04,6,39,0,9,0,1791,241,Free
12/5/2024 12:33:42,21.50,6038.75,4.04,6,39,0,9,0,1792,463,Free
12/5/2024 12:33:46,21.50,6040.21,4.03,6,39,0,9,0,1793,829,Free
12/5/2024 12:33:49,21.50,6040.96,4.04,6,39,0,9,0,1794,122,Free
12/5/2024 12:33:52,21.50,6044.22,4.04,6,39,0,9,0,1795,2631,Free
12/5/2024 12:33:55,21.50,6044.85,4.04,6,39,0,9,0,1796,0,Free
12/5/2024 12:34:00,21.50,6045.47,4.03,6,39,0,9,0,1797,0,Free
12/5/2024 12:34:03,21.50,6046.10,4.03,6,39,0,9,0,1798,0,Free
12/5/2024 12:34:04,21.50,6047.36,4.04,6,39,0,9,0,1799,634,Free
12/5/2024 12:34:12,21.50,6048.28,4.04,6,39,0,9,0,1800,0,Free
12/5/2024 12:34:13,21.50,6049.17,4.04,6,39,0,9,0,1801,267,Free
12/5/2024 12:34:19,21.50,6049.80,4.04,6,39,0,9,0,1802,0,Free
12/5/2024 12:34:21,21.50,6050.43,4.04,6,39,0,9,0,1803,0,Free
12/5/2024 12:34:23,21.50,6051.52,4.04,6,39,0,9,0,1804,471,Free
12/5/2024 12:34:34,21.50,6062.36,4.04,6,39,0,9,0,1804,0,Free
12/5/2024 12:34:49,21.50,6063.72,4.04,6,39,0,9,0,1805,164,Free
12/5/2024 12:34:52,21.50,6065.51,4.03,6,39,0,9,0,1806,1155,Free
12/5/2024 12:35:10,21.50,6066.99,4.04,6,39,0,9,0,1807,0,Free
12/5/2024 12:35:11,21.50,6067.62,4.04,6,39,0,9,0,1808,0,Free
12/5/2024 12:35:14,21.50,6068.50,4.04,6,39,0,9,0,1809,258,Free
12/5/2024 12:35:34,21.50,6070.46,4.04,6,39,0,9,0,1810,471,Free
12/5/2024 12:35:40,21.50,6072.15,4.04,6,39,0,9,0,1811,1061,Free
12/5/2024 12:35:41,21.50,6072.78,4.04,6,39,0,9,0,1812,0,Free
12/5/2024 12:35:46,21.50,6075.19,4.03,6,39,0,9,0,1813,1787,Free
12/5/2024 12:35:51,21.50,6076.41,4.04,6,39,0,9,0,1814,583,Free
12/5/2024 12:35:55,21.50,6078.76,4.04,6,39,0,9,0,1815,1727,Free
12/5/2024 12:36:01,21.50,6080.02,4.04,6,39,0,9,0,1816,634,Free
12/5/2024 12:36:05,21.50,6081.13,4.04,6,39,0,9,0,1817,480,Free
12/5/2024 12:36:10,21.50,6082.79,4.04,6,39,0,9,0,1818,1035,Free
12/5/2024 12:36:16,21.50,6083.53,4.04,6,39,0,9,0,1819,108,Free
12/5/2024 12:36:20,21.50,6085.99,4.04,6,39,0,9,0,1820,1837,Free
12/5/2024 12:36:24,21.50,6087.78,4.04,6,39,0,9,0,1821,1163,Free
12/5/2024 12:36:34,21.50,6090.19,4.04,6,39,0,9,0,1822,1488,Free
12/5/2024 12:36:42,21.50,6092.25,4.04,6,39,0,9,0,1823,1435,Free
12/5/2024 12:36:45,21.50,6092.88,4.05,6,39,0,9,0,1824,2,Free
12/5/2024 12:36:48,21.50,6093.69,4.04,6,39,0,9,0,1825,181,Free
12/5/2024 12:36:53,21.50,6094.67,4.04,6,39,0,9,0,1826,351,Free
12/5/2024 12:36:55,21.50,6095.29,4.03,6,39,0,9,0,1827,0,Free
12/5/2024 12:37:00,21.50,6096.30,4.04,6,39,0,9,0,1828,377,Free
12/5/2024 12:37:01,21.50,6096.93,4.04,6,39,0,9,0,1829,0,Free
12/5/2024 12:37:07,21.50,6100.33,4.04,6,39,0,9,0,1830,2769,Free
12/5/2024 12:37:11,21.50,6103.68,4.03,6,39,0,9,0,1831,2726,Free
12/5/2024 12:37:14,21.50,6104.53,4.04,6,39,0,9,0,1832,224,Free
12/5/2024 12:37:15,21.50,6105.23,4.03,6,39,0,9,0,1833,71,Free
12/5/2024 12:37:16,21.50,6106.09,4.04,6,39,0,9,0,1834,232,Free
12/5/2024 12:37:23,21.50,6107.12,4.04,6,39,0,9,0,1835,121,Free
12/5/2024 12:37:25,21.50,6108.34,4.04,6,39,0,9,0,1836,590,Free
12/5/2024 12:37:30,21.50,6110.07,4.04,6,39,0,9,0,1837,1104,Free
12/5/2024 12:37:32,21.50,6110.71,4.03,6,39,0,9,0,1838,0,Free
12/5/2024 12:37:33,21.50,6111.46,4.04,6,39,0,9,0,1839,121,Free
12/5/2024 12:37:45,21.50,6113.25,4.03,6,39,0,9,0,1840,872,Free
12/5/2024 12:37:48,21.50,6113.94,4.04,6,39,0,9,0,1841,61,Free
12/5/2024 12:37:53,21.50,6114.89,4.03,6,39,0,9,0,1842,326,Free
12/5/2024 12:37:57,21.50,6115.82,4.04,6,39,0,9,0,1843,301,Free
12/5/2024 12:37:57,21.50,6116.61,4.04,6,39,0,9,0,1844,163,Free
12/5/2024 12:38:02,21.50,6118.23,4.04,6,39,0,9,0,1845,1000,Free
12/5/2024 12:38:03,21.50,6118.86,4.04,6,39,0,9,0,1846,0,Free
12/5/2024 12:38:14,21.50,6120.06,4.04,6,39,0,9,0,1847,283,Free
12/5/2024 12:38:15,21.50,6120.69,4.04,6,39,0,9,0,1848,0,Free
12/5/2024 12:38:17,21.50,6121.98,4.04,6,39,0,9,0,1849,668,Free
12/5/2024 12:38:25,21.50,6123.01,4.03,6,39,0,9,0,1850,113,Free
12/5/2024 12:38:36,21.50,6123.97,4.05,6,39,0,9,0,1851,44,Free
12/5/2024 12:38:40,21.50,6125.12,4.03,6,39,0,9,0,1852,522,Free
12/5/2024 12:38:43,21.50,6125.75,4.04,6,39,0,9,0,1853,0,Free
12/5/2024 12:38:46,21.50,6127.45,4.04,6,39,0,9,0,1854,1078,Free
12/5/2024 12:38:49,21.50,6128.13,4.04,6,39,0,9,0,1855,53,Free
12/5/2024 12:38:50,21.50,6128.76,4.03,6,39,0,9,0,1856,0,Free
12/5/2024 12:38:54,21.50,6129.71,4.04,6,39,0,9,0,1857,318,Free
12/5/2024 12:38:59,21.50,6131.84,4.04,6,39,0,9,0,1858,1505,Free
12/5/2024 12:39:00,21.50,6132.47,4.04,6,39,0,9,0,1859,0,Free
12/5/2024 12:39:03,21.50,6133.09,4.04,6,39,0,9,0,1860,0,Free
12/5/2024 12:39:06,21.50,6133.72,4.04,6,39,0,9,0,1861,0,Free
12/5/2024 12:39:18,21.50,6134.97,4.04,6,39,0,9,0,1862,335,Free
12/5/2024 12:39:23,21.50,6136.89,4.04,6,39,0,9,0,1863,1292,Free
12/5/2024 12:39:26,21.50,6140.12,4.03,6,39,0,9,0,1864,2599,Free
12/5/2024 12:39:29,21.50,6140.75,4.03,6,39,0,9,0,1865,0,Free
12/5/2024 12:39:31,21.50,6141.38,4.04,6,39,0,9,0,1866,0,Free
12/5/2024 12:50:00,21.50,6181.61,4.03,6,39,0,9,0,1866,0,Free
12/5/2024 13:08:11,21.50,6243.81,4.04,6,39,0,9,0,1866,0,Free
12/5/2024 13:26:22,21.50,6306.02,4.03,6,39,0,9,0,1866,0,Free
12/5/2024 13:44:33,21.50,6368.23,4.04,6,39,0,9,0,1866,0,Free
12/5/2024 14:02:44,21.50,6430.43,4.04,6,39,0,9,0,1866,0,Free
12/5/2024 14:20:55,21.50,6492.64,4.03,6,39,0,9,0,1866,0,Free
12/5/2024 14:39:06,21.50,6554.85,4.04,6,39,0,9,0,1866,0,Free
12/5/2024 14:48:18,21.50,6581.45,4.04,6,39,0,9,0,1867,0,Free
12/5/2024 14:48:19,21.50,6582.07,4.03,6,39,0,9,0,1868,0,Free
12/5/2024 14:48:45,21.50,6583.84,4.03,6,39,0,9,0,1869,0,Free
12/5/2024 14:48:46,21.50,6584.47,4.04,6,39,0,9,0,1870,0,Free
12/5/2024 14:48:48,21.50,6585.81,4.03,6,39,0,9,0,1871,718,Free
12/5/2024 14:50:09,21.50,6590.24,4.04,6,39,0,9,0,1872,87,Free
12/5/2024 14:50:12,21.50,6591.90,4.03,6,39,0,9,0,1873,1035,Free
12/5/2024 14:50:21,21.50,6592.82,4.04,6,39,0,9,0,1874,0,Free
12/5/2024 14:50:23,21.50,6593.45,4.04,6,39,0,9,0,1875,0,Free
12/5/2024 14:50:27,21.50,6594.07,4.03,6,39,0,9,0,1876,0,Free
12/5/2024 14:50:28,21.50,6594.70,4.03,6,39,0,9,0,1877,0,Free
12/5/2024 14:50:35,21.50,6595.74,4.04,6,39,0,9,0,1878,121,Free
12/5/2024 14:50:43,21.50,6597.15,4.03,6,39,0,9,0,1879,505,Free
12/5/2024 14:50:46,21.50,6597.78,4.03,6,39,0,9,0,1880,0,Free
12/5/2024 14:50:50,21.50,6598.45,4.03,6,39,0,9,0,1881,36,Free
12/5/2024 14:50:51,21.50,6599.31,4.03,6,39,0,9,0,1882,232,Free
12/5/2024 14:53:19,21.50,6606.89,4.03,6,39,0,9,0,1883,105,Free
12/5/2024 14:55:10,21.50,6614.02,4.03,6,39,0,9,0,1884,1359,Free
12/5/2024 14:55:11,21.50,6615.01,4.04,6,39,0,9,0,1885,361,Free
12/5/2024 14:55:12,21.50,6615.64,4.03,6,39,0,9,0,1886,0,Free
12/5/2024 14:55:26,21.50,6617.10,4.03,6,39,0,9,0,1887,267,Free
12/5/2024 14:55:30,21.50,6617.73,4.03,6,39,0,9,0,1888,0,Free
12/5/2024 14:55:31,21.50,6618.36,4.03,6,39,0,9,0,1889,0,Free
12/5/2024 14:55:32,21.50,6619.24,4.04,6,39,0,9,0,1890,249,Free
12/5/2024 14:55:33,21.50,6620.02,4.03,6,39,0,9,0,1891,155,Free
12/5/2024 14:55:44,21.50,6630.85,4.03,6,39,0,9,0,1891,0,Free
12/5/2024 14:55:50,21.50,6631.48,4.03,6,39,0,9,0,1892,0,Free
12/5/2024 14:56:22,21.50,6633.66,4.03,6,39,0,9,0,1893,121,Free
12/5/2024 14:56:23,21.50,6634.47,4.03,6,39,0,9,0,1894,181,Free
12/5/2024 14:56:25,21.50,6635.57,4.03,6,39,0,9,0,1895,479,Free
12/5/2024 14:56:27,21.50,6636.87,4.04,6,39,0,9,0,1896,667,Free
12/5/2024 14:56:41,21.50,6639.15,4.03,6,39,0,9,0,1897,1368,Free
12/5/2024 14:56:44,21.50,6640.90,4.03,6,39,0,9,0,1898,1120,Free
12/5/2024 14:56:48,21.50,6642.23,4.03,6,39,0,9,0,1899,701,Free
12/5/2024 14:56:54,21.50,6644.26,4.03,6,39,0,9,0,1900,1409,Free
12/5/2024 14:56:55,21.50,6644.96,4.03,6,39,0,9,0,1901,71,Free
12/5/2024 14:56:59,21.50,6646.27,4.03,6,39,0,9,0,1902,676,Free
12/5/2024 14:57:01,21.50,6647.88,4.04,6,39,0,9,0,1903,983,Free
12/5/2024 14:57:09,21.50,6648.79,4.03,6,39,0,9,0,1904,0,Free
12/5/2024 14:57:11,21.50,6649.69,4.03,6,39,0,9,0,1905,266,Free
12/5/2024 14:57:15,21.50,6650.42,4.03,6,39,0,9,0,1906,105,Free
12/5/2024 14:57:18,21.50,6651.05,4.03,6,39,0,9,0,1907,0,Free
12/5/2024 14:57:22,21.50,6652.95,4.03,6,39,0,9,0,1908,1272,Free
12/5/2024 14:57:30,21.50,6653.98,4.03,6,39,0,9,0,1909,122,Free
12/5/2024 14:57:53,21.50,6655.47,4.03,6,39,0,9,0,1910,0,Free
12/5/2024 14:58:03,21.50,6656.46,4.03,6,39,0,9,0,1911,70,Free
12/5/2024 14:58:04,21.50,6657.40,4.03,6,39,0,9,0,1912,318,Free
12/5/2024 14:58:08,21.50,6658.12,4.03,6,39,0,9,0,1913,88,Free
12/5/2024 14:58:15,21.50,6659.30,4.04,6,39,0,9,0,1914,266,Free
12/5/2024 14:58:17,21.50,6660.37,4.03,6,39,0,9,0,1915,446,Free
12/5/2024 14:58:20,21.50,6661.42,4.03,6,39,0,9,0,1916,420,Free
12/5/2024 14:58:34,21.50,6662.61,4.03,6,39,0,9,0,1917,0,Free
12/5/2024 14:58:36,21.50,6663.69,4.03,6,39,0,9,0,1918,454,Free
12/5/2024 14:58:41,21.50,6665.26,4.03,6,39,0,9,0,1919,931,Free
12/5/2024 14:58:43,21.50,6667.25,4.03,6,39,0,9,0,1920,1367,Free
12/5/2024 14:58:52,21.50,6669.60,4.03,6,39,0,9,0,1921,1437,Free
12/5/2024 14:58:54,21.50,6670.23,4.03,6,39,0,9,0,1922,0,Free
12/5/2024 14:59:16,21.50,6671.71,4.03,6,39,0,9,0,1923,0,Free
12/5/2024 14:59:20,21.50,6673.84,4.03,6,39,0,9,0,1924,1502,Free
12/5/2024 14:59:25,21.50,6675.13,4.03,6,39,0,9,0,1925,659,Free
12/5/2024 14:59:27,21.50,6676.00,4.03,6,39,0,9,0,1926,241,Free
12/5/2024 14:59:31,21.50,6676.63,4.03,6,39,0,9,0,1927,0,Free
12/5/2024 14:59:34,21.50,6677.50,4.03,6,39,0,9,0,1928,249,Free
12/5/2024 14:59:41,21.50,6681.11,4.03,6,39,0,9,0,1929,2979,Free
12/5/2024 14:59:45,21.50,6682.01,4.03,6,39,0,9,0,1930,275,Free
12/5/2024 14:59:49,21.50,6683.25,4.03,6,39,0,9,0,1931,608,Free
12/5/2024 14:59:52,21.50,6684.34,4.03,6,39,0,9,0,1932,463,Free
12/5/2024 14:59:54,21.50,6685.43,4.03,6,39,0,9,0,1933,463,Free
12/5/2024 15:00:00,21.50,6687.77,4.03,6,39,0,9,0,1934,1717,Free
12/5/2024 15:00:02,21.50,6688.40,4.03,6,39,0,9,0,1935,0,Free
12/5/2024 15:00:14,21.50,6689.61,4.03,6,39,0,9,0,1936,0,Free
12/5/2024 15:00:21,21.50,6690.52,4.03,6,39,0,9,0,1937,0,Free
12/5/2024 15:00:25,21.50,6691.15,4.04,6,39,0,9,0,1938,0,Free
12/5/2024 15:00:33,21.50,6692.25,4.03,6,39,0,9,0,1939,190,Free
12/5/2024 15:00:37,21.50,6692.96,4.03,6,39,0,9,0,1940,79,Free
12/5/2024 15:00:48,21.50,6695.14,4.03,6,39,0,9,0,1941,1266,Free
12/5/2024 15:00:51,21.50,6696.38,4.03,6,39,0,9,0,1942,617,Free
12/5/2024 15:00:54,21.50,6697.01,4.03,6,39,0,9,0,1943,0,Free
12/5/2024 15:00:58,21.50,6698.57,4.03,6,39,0,9,0,1944,932,Free
12/5/2024 15:01:00,21.50,6699.29,4.03,6,39,0,9,0,1945,88,Free
12/5/2024 15:01:04,21.50,6700.22,4.03,6,39,0,9,0,1946,309,Free
12/5/2024 15:01:08,21.50,6702.30,4.03,6,39,0,9,0,1947,1452,Free
12/5/2024 15:01:09,21.50,6703.16,4.04,6,39,0,9,0,1948,232,Free
12/5/2024 15:01:10,21.50,6703.88,4.03,6,39,0,9,0,1949,95,Free
12/5/2024 15:01:11,21.50,6704.75,4.04,6,39,0,9,0,1950,232,Free
12/5/2024 15:01:13,21.50,6705.38,4.03,6,39,0,9,0,1951,0,Free
12/5/2024 15:01:14,21.50,6706.13,4.03,6,39,0,9,0,1952,130,Free
12/5/2024 15:01:22,21.50,6707.05,4.03,6,39,0,9,0,1953,0,Free
12/5/2024 15:01:33,21.50,6709.43,4.03,6,39,0,9,0,1954,1471,Free
12/5/2024 15:01:36,21.50,6712.00,4.03,6,39,0,9,0,1955,1947,Free
12/5/2024 15:01:39,21.50,6712.89,4.03,6,39,0,9,0,1956,258,Free
12/5/2024 15:01:40,21.50,6713.52,4.03,6,39,0,9,0,1957,0,Free
12/5/2024 15:01:58,21.50,6717.39,4.04,6,39,0,9,0,1958,2674,Free
12/5/2024 15:01:59,21.50,6718.02,4.03,6,39,0,9,0,1959,0,Free
12/5/2024 15:02:08,21.50,6718.95,4.03,6,39,0,9,0,1960,19,Free
12/5/2024 15:02:11,21.50,6719.58,4.03,6,39,0,9,0,1961,2,Free
12/5/2024 15:02:21,21.75,6724.23,4.03,6,39,0,9,0,1962,4025,Free
12/5/2024 15:02:25,21.75,6725.90,4.03,6,39,0,9,0,1963,1026,Free
12/5/2024 15:02:45,21.75,6727.38,4.04,6,39,0,9,0,1964,0,Free
12/5/2024 15:02:52,21.75,6728.29,4.03,6,39,0,9,0,1965,0,Free
12/5/2024 15:03:14,21.75,6729.78,4.03,6,39,0,9,0,1966,0,Free
12/5/2024 15:03:20,21.75,6730.41,4.03,6,39,0,9,0,1967,0,Free
12/5/2024 15:03:21,21.75,6731.03,4.03,6,39,0,9,0,1968,0,Free
12/5/2024 15:08:07,21.50,6746.60,4.03,6,39,0,9,0,1969,1520,Free
12/5/2024 15:08:14,21.50,6747.51,4.03,6,39,0,9,0,1970,0,Free
12/5/2024 15:08:44,21.50,6749.63,4.03,6,39,0,9,0,1971,61,Free
12/5/2024 15:10:01,21.50,6763.60,4.03,6,39,0,9,0,1971,0,Free
12/5/2024 15:28:12,21.50,6825.80,4.03,6,39,0,9,0,1971,0,Free
12/5/2024 15:46:23,21.50,6888.01,4.03,6,39,0,9,0,1971,0,Free
12/5/2024 16:04:34,21.25,6950.22,4.03,6,39,0,9,0,1971,0,Free
12/5/2024 16:20:17,21.25,6995.37,4.03,6,39,0,9,0,1972,0,Free
12/5/2024 16:20:21,21.25,6996.06,4.03,6,39,0,9,0,1973,61,Free
12/5/2024 16:20:28,21.25,6997.63,4.03,6,39,0,9,0,1974,659,Free
12/5/2024 16:20:42,21.25,6998.83,4.03,6,39,0,9,0,1975,0,Free
12/5/2024 16:20:51,21.25,7000.02,4.03,6,39,0,9,0,1976,284,Free
12/5/2024 16:20:54,21.25,7001.25,4.03,6,39,0,9,0,1977,599,Free
12/5/2024 16:20:56,21.25,7003.10,4.03,6,39,0,9,0,1978,1222,Free
12/5/2024 16:21:34,21.25,7005.53,4.03,6,39,0,9,0,1979,87,Free
12/5/2024 16:21:41,21.25,7006.56,4.03,6,39,0,9,0,1980,113,Free
12/5/2024 16:21:55,21.25,7007.76,4.03,6,39,0,9,0,1981,0,Free
12/5/2024 16:22:12,21.25,7018.88,4.03,6,39,0,9,0,1981,0,Free
12/5/2024 16:22:14,21.25,7019.51,4.03,6,39,0,9,0,1982,0,Free
12/5/2024 16:22:16,21.25,7021.15,4.03,6,39,0,9,0,1983,1018,Free
12/5/2024 16:22:22,21.25,7021.79,4.03,6,39,0,9,0,1984,0,Free
12/5/2024 16:22:31,21.25,7022.96,4.03,6,39,0,9,0,1985,257,Free
12/5/2024 16:22:33,21.25,7023.59,4.03,6,39,0,9,0,1986,0,Free
12/5/2024 16:22:38,21.25,7024.22,4.03,6,39,0,9,0,1987,0,Free
12/5/2024 16:22:57,21.25,7027.13,4.03,6,39,0,9,0,1988,1428,Free
12/5/2024 16:23:06,21.25,7029.19,4.03,6,39,0,9,0,1989,1154,Free
12/5/2024 16:23:11,21.25,7029.82,4.03,6,39,0,9,0,1990,0,Free
12/5/2024 16:23:13,21.25,7030.82,4.03,6,39,0,9,0,1991,368,Free
12/5/2024 16:23:20,21.50,7031.73,4.03,6,39,0,9,0,1992,0,Free
12/5/2024 16:23:21,21.50,7032.40,4.03,6,39,0,9,0,1993,44,Free
12/5/2024 16:23:30,21.50,7033.44,4.03,6,39,0,9,0,1994,122,Free
12/5/2024 16:23:34,21.50,7035.22,4.03,6,39,0,9,0,1995,1154,Free
12/5/2024 16:23:36,21.50,7035.85,4.03,6,39,0,9,0,1996,0,Free
12/5/2024 16:23:45,21.50,7036.87,4.03,6,39,0,9,0,1997,112,Free
12/5/2024 16:23:46,21.50,7037.50,4.03,6,39,0,9,0,1998,0,Free
12/5/2024 16:23:52,21.50,7038.13,4.03,6,39,0,9,0,1999,0,Free
12/5/2024 16:23:55,21.50,7038.97,4.03,6,39,0,9,0,2000,215,Free
12/5/2024 16:24:07,21.50,7040.06,4.03,6,39,0,9,0,2001,173,Free
12/5/2024 16:24:12,21.50,7041.43,4.03,6,39,0,9,0,2002,744,Free
12/5/2024 16:30:46,21.50,7060.61,4.03,6,39,0,9,0,2003,0,Free
12/5/2024 16:30:49,21.50,7061.31,4.03,6,39,0,9,0,2004,71,Free
12/5/2024 16:30:52,21.50,7062.99,4.03,6,39,0,9,0,2005,1052,Free
12/5/2024 16:30:53,21.50,7063.62,4.03,6,39,0,9,0,2006,0,Free
12/5/2024 16:30:55,21.50,7064.24,4.03,6,39,0,9,0,2007,0,Free
12/5/2024 16:30:56,21.50,7065.67,4.03,6,39,0,9,0,2008,796,Free
12/5/2024 16:30:57,21.50,7066.43,4.03,6,39,0,9,0,2009,139,Free
12/5/2024 16:31:00,21.50,7067.18,4.03,6,39,0,9,0,2010,113,Free
12/5/2024 16:31:06,21.50,7068.38,4.03,6,39,0,9,0,2011,565,Free
12/5/2024 16:31:08,21.50,7069.01,4.03,6,39,0,9,0,2012,0,Free
12/5/2024 16:31:10,21.50,7069.63,4.03,6,39,0,9,0,2013,0,Free
12/5/2024 16:31:17,21.50,7070.54,4.03,6,39,0,9,0,2014,275,Free
12/5/2024 16:31:19,21.50,7071.33,4.03,6,39,0,9,0,2015,165,Free
12/5/2024 16:31:22,21.50,7073.57,4.03,6,39,0,9,0,2016,1616,Free
12/5/2024 16:31:27,21.50,7074.31,4.03,6,39,0,9,0,2017,112,Free
12/5/2024 16:31:29,21.50,7075.41,4.03,6,39,0,9,0,2018,472,Free
12/5/2024 16:31:31,21.50,7076.54,4.03,6,39,0,9,0,2019,506,Free
12/5/2024 16:31:35,21.50,7077.17,4.03,6,39,0,9,0,2020,0,Free
12/5/2024 16:31:36,21.50,7077.80,4.03,6,39,0,9,0,2021,0,Free
12/5/2024 16:31:39,21.50,7078.77,4.03,6,39,0,9,0,2022,343,Free
12/5/2024 16:31:43,21.50,7079.40,4.03,6,39,0,9,0,2023,0,Free
12/5/2024 16:31:47,21.50,7081.47,4.03,6,39,0,9,0,2024,1446,Free
12/5/2024 16:31:48,21.50,7082.46,4.03,6,39,0,9,0,2025,360,Free
12/5/2024 16:31:49,21.50,7083.09,4.03,6,39,0,9,0,2026,0,Free
12/5/2024 16:31:54,21.50,7087.98,4.03,6,39,0,9,0,2027,4263,Free
12/5/2024 16:31:56,21.50,7089.15,4.03,6,39,0,9,0,2028,540,Free
12/5/2024 16:32:00,21.50,7089.94,4.03,6,39,0,9,0,2029,164,Free
12/5/2024 16:32:02,21.50,7090.85,4.03,6,39,0,9,0,2030,284,Free
12/5/2024 16:32:16,21.50,7092.06,4.03,6,39,0,9,0,2031,10,Free
12/5/2024 16:32:19,21.50,7092.92,4.03,6,39,0,9,0,2032,233,Free
12/5/2024 16:32:35,21.50,7094.48,4.03,6,39,0,9,0,2033,360,Free
12/5/2024 16:32:37,21.50,7095.11,4.03,6,39,0,9,0,2034,0,Free
12/5/2024 16:32:38,21.50,7095.95,4.03,6,39,0,9,0,2035,215,Free
12/5/2024 16:32:39,21.50,7096.58,4.03,6,39,0,9,0,2036,0,Free
12/5/2024 16:32:41,21.50,7097.82,4.03,6,39,0,9,0,2037,608,Free
12/5/2024 16:32:53,21.50,7099.04,4.03,6,39,0,9,0,2038,301,Free
12/5/2024 16:32:54,21.50,7099.80,4.03,6,39,0,9,0,2039,139,Free
12/5/2024 16:32:57,21.50,7100.43,4.03,6,39,0,9,0,2040,0,Free
12/5/2024 16:33:01,21.50,7101.06,4.03,6,39,0,9,0,2041,0,Free
12/5/2024 16:33:03,21.50,7102.77,4.03,6,39,0,9,0,2042,1087,Free
12/5/2024 16:33:04,21.50,7103.40,4.03,6,39,0,9,0,2043,0,Free
12/5/2024 16:33:21,21.50,7104.65,4.03,6,39,0,9,0,2044,53,Free
12/5/2024 16:33:22,21.50,7105.71,4.03,6,39,0,9,0,2045,429,Free
12/5/2024 16:33:23,21.50,7106.46,4.03,6,39,0,9,0,2046,121,Free
12/5/2024 16:33:25,21.50,7107.09,4.03,6,39,0,9,0,2047,0,Free
12/5/2024 16:33:27,21.50,7107.71,4.03,6,39,0,9,0,2048,0,Free
12/5/2024 16:33:29,21.50,7108.34,4.03,6,39,0,9,0,2049,0,Free
12/5/2024 16:33:32,21.50,7108.97,4.03,6,39,0,9,0,2050,0,Free
12/5/2024 16:33:33,21.50,7109.60,4.03,6,39,0,9,0,2051,0,Free
12/5/2024 16:33:35,21.50,7110.23,4.03,6,39,0,9,0,2052,0,Free
12/5/2024 16:33:36,21.50,7111.23,4.03,6,39,0,9,0,2053,370,Free
12/5/2024 16:33:41,21.50,7113.87,4.03,6,39,0,9,0,2054,2017,Free
12/5/2024 16:34:50,21.50,7117.64,4.03,6,39,0,9,0,2055,0,Free
12/5/2024 16:35:00,21.50,7119.18,4.03,6,39,0,9,0,2056,625,Free
12/5/2024 16:35:01,21.50,7120.27,4.03,6,39,0,9,0,2057,463,Free
12/5/2024 16:35:02,21.50,7120.96,4.03,6,39,0,9,0,2058,70,Free
12/5/2024 16:35:04,21.50,7121.93,4.03,6,39,0,9,0,2059,335,Free
12/5/2024 16:35:28,21.50,7124.07,4.03,6,39,0,9,0,2060,660,Free
12/5/2024 16:35:29,21.50,7124.78,4.03,6,39,0,9,0,2061,78,Free
12/5/2024 16:35:30,21.50,7125.82,4.03,6,39,0,9,0,2062,412,Free
12/5/2024 16:35:33,21.50,7126.78,4.03,6,39,0,9,0,2063,334,Free
12/5/2024 16:35:34,21.50,7127.42,4.03,6,39,0,9,0,2064,0,Free
12/5/2024 16:35:50,21.50,7138.53,4.03,6,39,0,9,0,2064,0,Free
12/5/2024 16:35:56,21.50,7139.32,4.03,6,39,0,9,0,2065,156,Free
12/5/2024 16:35:57,21.50,7140.01,4.03,6,39,0,9,0,2066,61,Free
12/5/2024 16:36:00,21.50,7141.05,4.03,6,39,0,9,0,2067,412,Free
12/5/2024 16:36:04,21.50,7141.68,4.03,6,39,0,9,0,2068,0,Free
12/5/2024 16:36:08,21.50,7142.59,4.03,6,39,0,9,0,2069,283,Free
12/5/2024 16:36:10,21.50,7144.05,4.03,6,39,0,9,0,2070,839,Free
12/5/2024 16:36:11,21.50,7144.90,4.03,6,39,0,9,0,2071,214,Free
12/5/2024 16:36:16,21.50,7145.52,4.03,6,39,0,9,0,2072,0,Free
12/5/2024 16:36:18,21.50,7146.15,4.03,6,39,0,9,0,2073,0,Free
12/5/2024 16:36:23,21.50,7147.40,4.03,6,39,0,9,0,2074,617,Free
12/5/2024 16:36:30,21.50,7149.51,4.03,6,39,0,9,0,2075,1198,Free
12/5/2024 16:36:36,21.50,7150.53,4.03,6,39,0,9,0,2076,395,Free
12/5/2024 16:36:37,21.50,7151.16,4.03,6,39,0,9,0,2077,0,Free
12/5/2024 16:36:40,21.50,7153.43,4.03,6,39,0,9,0,2078,1641,Free
12/5/2024 16:36:48,21.50,7155.81,4.03,6,39,0,9,0,2079,1471,Free
12/5/2024 16:36:49,21.50,7156.60,4.03,6,39,0,9,0,2080,165,Free
12/5/2024 16:36:52,21.50,7157.23,4.03,6,39,0,9,0,2081,0,Free
12/5/2024 16:36:56,21.50,7158.46,4.03,6,39,0,9,0,2082,600,Free
12/5/2024 16:37:05,21.50,7159.96,4.03,6,39,0,9,0,2083,583,Free
12/5/2024 16:37:07,21.50,7161.93,4.03,6,39,0,9,0,2084,1343,Free
12/5/2024 16:37:10,21.50,7162.72,4.03,6,39,0,9,0,2085,164,Free
12/5/2024 16:37:12,21.50,7163.41,4.03,6,39,0,9,0,2086,62,Free
12/5/2024 16:37:14,21.50,7165.31,4.03,6,39,0,9,0,2087,1274,Free
12/5/2024 16:37:19,21.50,7166.14,4.03,6,39,0,9,0,2088,199,Free
12/5/2024 16:37:20,21.50,7166.81,4.03,6,39,0,9,0,2089,36,Free
12/5/2024 16:37:22,21.50,7167.68,4.03,6,39,0,9,0,2090,241,Free
12/5/2024 16:37:23,21.50,7168.31,4.03,6,39,0,9,0,2091,0,Free
12/5/2024 16:37:24,21.50,7168.94,4.03,6,39,0,9,0,2092,0,Free
12/5/2024 16:37:27,21.50,7169.57,4.03,6,39,0,9,0,2093,0,Free
12/5/2024 16:37:29,21.50,7170.51,4.03,6,39,0,9,0,2094,309,Free
12/5/2024 16:37:33,21.50,7171.30,4.03,6,39,0,9,0,2095,164,Free
12/5/2024 16:37:35,21.50,7172.67,4.03,6,39,0,9,0,2096,745,Free
12/5/2024 16:37:37,21.50,7174.66,4.03,6,39,0,9,0,2097,1361,Free
12/5/2024 16:37:40,21.50,7175.29,4.03,6,39,0,9,0,2098,0,Free
12/5/2024 16:37:43,21.50,7175.92,4.03,6,39,0,9,0,2099,0,Free
12/5/2024 16:37:44,21.50,7176.72,4.03,6,39,0,9,0,2100,173,Free
12/5/2024 16:37:45,21.50,7177.35,4.03,6,39,0,9,0,2101,0,Free
12/5/2024 16:37:47,21.50,7178.36,4.03,6,39,0,9,0,2102,387,Free
12/5/2024 16:37:50,21.50,7179.73,4.03,6,39,0,9,0,2103,746,Free
12/5/2024 16:37:52,21.50,7181.25,4.03,6,39,0,9,0,2104,891,Free
12/5/2024 16:37:56,21.50,7183.28,4.03,6,39,0,9,0,2105,1403,Free
12/5/2024 16:37:57,21.50,7183.91,4.03,6,39,0,9,0,2106,0,Free
12/5/2024 16:38:00,21.50,7185.34,4.03,6,39,0,9,0,2107,805,Free
12/5/2024 16:38:01,21.50,7186.02,4.03,6,39,0,9,0,2108,53,Free
12/5/2024 16:38:05,21.50,7186.65,4.03,6,39,0,9,0,2109,0,Free
12/5/2024 16:38:08,21.50,7187.68,4.03,6,39,0,9,0,2110,403,Free
12/5/2024 16:38:14,21.50,7190.07,4.03,6,39,0,9,0,2111,1761,Free
12/5/2024 16:38:21,21.75,7191.06,4.03,6,39,0,9,0,2112,71,Free
12/5/2024 16:39:36,21.75,7195.11,4.03,6,39,0,9,0,2113,0,Free
12/5/2024 16:39:37,21.75,7195.88,4.03,6,39,0,9,0,2114,139,Free
12/5/2024 16:39:49,21.75,7196.79,4.03,6,39,0,9,0,2115,0,Free
12/5/2024 16:39:53,21.75,7197.64,4.03,6,39,0,9,0,2116,216,Free
12/5/2024 16:40:12,21.75,7200.11,4.03,6,39,0,9,0,2117,986,Free
12/5/2024 16:40:15,21.75,7202.30,4.03,6,39,0,9,0,2118,1557,Free
12/5/2024 16:40:16,21.75,7202.99,4.03,6,39,0,9,0,2119,71,Free
12/5/2024 16:40:19,21.75,7203.62,4.03,6,39,0,9,0,2120,0,Free
12/5/2024 16:40:21,21.75,7204.26,4.03,6,39,0,9,0,2121,0,Free
12/5/2024 16:40:23,21.75,7205.41,4.03,6,39,0,9,0,2122,523,Free
12/5/2024 16:40:33,21.75,7206.32,4.03,6,39,0,9,0,2123,0,Free
12/5/2024 16:40:35,21.75,7207.29,4.03,6,39,0,9,0,2124,335,Free
12/5/2024 16:40:48,21.75,7208.43,4.03,6,39,0,9,0,2125,233,Free
12/5/2024 16:40:50,21.75,7209.35,4.03,6,39,0,9,0,2126,292,Free
12/5/2024 16:40:53,21.75,7210.03,4.03,6,39,0,9,0,2127,53,Free
12/5/2024 16:40:54,21.75,7210.66,4.03,6,39,0,9,0,2128,0,Free
12/5/2024 16:40:56,21.75,7211.29,4.03,6,39,0,9,0,2129,0,Free
12/5/2024 16:40:57,21.75,7211.95,4.03,6,39,0,9,0,2130,28,Free
12/5/2024 16:40:59,21.75,7212.60,4.03,6,39,0,9,0,2131,19,Free
12/5/2024 16:41:02,21.75,7213.22,4.03,6,39,0,9,0,2132,0,Free
12/5/2024 16:41:03,21.75,7214.14,4.03,6,39,0,9,0,2133,292,Free
12/5/2024 16:41:06,21.75,7214.77,4.03,6,39,0,9,0,2134,0,Free
12/5/2024 16:41:08,21.75,7216.26,4.03,6,39,0,9,0,2135,864,Free
12/5/2024 16:41:10,21.75,7216.89,4.03,6,39,0,9,0,2136,0,Free
12/5/2024 16:41:12,21.75,7217.52,4.03,6,39,0,9,0,2137,0,Free
12/5/2024 16:41:14,21.75,7218.41,4.03,6,39,0,9,0,2138,267,Free
12/5/2024 16:41:16,21.75,7219.04,4.03,6,39,0,9,0,2139,0,Free
12/5/2024 16:41:18,21.75,7219.67,4.03,6,39,0,9,0,2140,0,Free
12/5/2024 16:41:19,21.75,7220.30,4.03,6,39,0,9,0,2141,0,Free
12/5/2024 16:41:21,21.75,7221.46,4.03,6,39,0,9,0,2142,531,Free
12/5/2024 16:41:22,21.75,7222.09,4.03,6,39,0,9,0,2143,0,Free
12/5/2024 16:41:25,21.75,7222.77,4.03,6,39,0,9,0,2144,53,Free
12/5/2024 16:41:28,21.75,7223.40,4.03,6,39,0,9,0,2145,0,Free
12/5/2024 16:41:30,21.75,7224.04,4.03,6,39,0,9,0,2146,19,Free
12/5/2024 16:41:33,21.75,7225.04,4.03,6,39,0,9,0,2147,369,Free
12/5/2024 16:41:34,21.75,7225.72,4.03,6,39,0,9,0,2148,53,Free
12/5/2024 16:41:37,21.75,7226.35,4.03,6,39,0,9,0,2149,0,Free
12/5/2024 16:41:40,21.75,7227.28,4.03,6,39,0,9,0,2150,300,Free
12/5/2024 16:41:45,21.75,7230.90,4.03,6,39,0,9,0,2151,2992,Free
12/5/2024 16:42:02,21.75,7233.02,4.03,6,39,0,9,0,2152,924,Free
12/5/2024 16:42:09,21.75,7234.15,4.03,6,39,0,9,0,2153,215,Free
12/5/2024 16:42:11,21.75,7234.78,4.03,6,39,0,9,0,2154,0,Free
12/5/2024 16:42:15,21.75,7236.80,4.03,6,39,0,9,0,2155,1394,Free
12/5/2024 16:42:24,21.75,7238.17,4.03,6,39,0,9,0,2156,462,Free
12/5/2024 16:42:30,21.75,7241.30,4.03,6,39,0,9,0,2157,2498,Free
12/5/2024 16:42:31,21.75,7242.23,4.03,6,39,0,9,0,2158,302,Free
12/5/2024 16:42:34,21.75,7243.60,4.03,6,39,0,9,0,2159,746,Free
12/5/2024 16:42:35,21.75,7244.63,4.03,6,39,0,9,0,2160,404,Free
12/5/2024 16:42:36,21.75,7245.26,4.03,6,39,0,9,0,2161,0,Free
12/5/2024 16:43:35,21.75,7249.37,4.03,6,39,0,9,0,2162,915,Free
12/5/2024 16:43:36,21.75,7250.09,4.03,6,39,0,9,0,2163,87,Free
12/5/2024 16:43:37,21.75,7250.72,4.03,6,39,0,9,0,2164,0,Free
12/5/2024 16:43:43,21.75,7251.39,4.03,6,39,0,9,0,2165,40,Free
12/5/2024 16:43:43,21.75,7252.02,4.03,6,39,0,9,0,2166,0,Free
12/5/2024 16:43:55,21.75,7252.93,4.03,6,39,0,9,0,2167,0,Free
12/5/2024 16:44:04,21.75,7253.84,4.03,6,39,0,9,0,2168,0,Free
12/5/2024 16:44:07,21.75,7254.96,4.03,6,39,0,9,0,2169,480,Free
12/5/2024 16:44:17,21.75,7256.02,4.03,6,39,0,9,0,2170,147,Free
12/5/2024 16:44:18,21.75,7256.64,4.03,6,39,0,9,0,2171,0,Free
12/5/2024 16:44:21,21.75,7257.68,4.03,6,39,0,9,0,2172,404,Free
12/5/2024 16:45:13,21.75,7261.24,4.03,6,39,0,9,0,2173,651,Free
12/5/2024 16:45:15,21.75,7262.63,4.03,6,39,0,9,0,2174,762,Free
12/5/2024 16:45:17,21.75,7263.71,4.03,6,39,0,9,0,2175,454,Free
12/5/2024 16:45:24,21.75,7264.85,4.03,6,39,0,9,0,2176,232,Free
12/5/2024 16:45:28,21.75,7266.23,4.03,6,39,0,9,0,2177,745,Free
12/5/2024 16:45:30,21.75,7267.09,4.03,6,39,0,9,0,2178,233,Free
12/5/2024 16:45:33,21.75,7267.72,4.03,6,39,0,9,0,2179,0,Free
12/5/2024 16:45:34,21.75,7268.35,4.03,6,39,0,9,0,2180,0,Free
12/5/2024 16:45:40,21.75,7271.85,4.03,6,39,0,9,0,2181,2879,Free
12/5/2024 16:45:43,21.75,7274.18,4.03,6,39,0,9,0,2182,1702,Free
12/5/2024 16:45:51,21.75,7277.46,4.03,6,39,0,9,0,2183,2649,Free
12/5/2024 16:45:58,21.75,7282.78,4.03,6,39,0,9,0,2184,4693,Free
12/5/2024 16:46:05,21.75,7283.69,4.03,6,39,0,9,0,2185,0,Free
12/5/2024 16:46:09,21.75,7285.28,4.03,6,39,0,9,0,2186,959,Free
12/5/2024 16:46:13,21.75,7287.63,4.03,6,39,0,9,0,2187,1726,Free
12/5/2024 16:46:15,21.75,7288.65,4.03,6,39,0,9,0,2188,386,Free
12/5/2024 16:46:21,21.75,7291.04,4.03,6,39,0,9,0,2189,1761,Free
12/5/2024 16:46:25,21.75,7291.93,4.03,6,39,0,9,0,2190,267,Free
12/5/2024 16:47:11,21.75,7304.48,4.03,6,39,0,9,0,2190,0,Free
12/5/2024 16:52:47,21.75,7320.80,4.03,6,39,0,9,0,2191,0,Free
12/5/2024 16:52:58,21.75,7322.24,4.03,6,39,0,9,0,2192,524,Free
12/5/2024 17:05:21,21.50,7367.89,4.03,6,39,0,9,0,2192,0,Free
12/5/2024 17:23:10,21.50,7419.04,4.03,6,39,0,9,0,2193,0,Free
12/5/2024 17:23:32,21.50,7430.45,4.03,6,39,0,9,0,2193,0,Free
12/5/2024 17:32:16,21.50,7456.16,4.03,6,39,0,9,0,2194,249,Free
12/5/2024 17:32:18,21.50,7456.78,4.03,6,39,0,9,0,2195,0,Free
12/5/2024 17:35:06,21.50,7465.42,4.02,6,39,0,9,0,2196,19,Free
12/5/2024 17:38:18,21.50,7474.90,4.02,6,39,0,9,0,2197,0,Free
12/5/2024 17:38:46,21.50,7477.72,4.03,6,39,0,9,0,2198,1052,Free
12/5/2024 17:38:50,21.50,7478.83,4.03,6,39,0,9,0,2199,480,Free
12/5/2024 17:38:53,21.50,7480.78,4.03,6,39,0,9,0,2200,1325,Free
12/5/2024 17:39:04,21.75,7482.47,4.02,6,39,0,9,0,2201,780,Free
12/5/2024 17:39:07,21.75,7483.27,4.03,6,39,0,9,0,2202,164,Free
12/5/2024 17:39:10,21.75,7484.80,4.03,6,39,0,9,0,2203,908,Free
12/5/2024 17:39:15,21.75,7488.47,4.02,6,39,0,9,0,2204,3042,Free
12/5/2024 17:39:25,21.75,7492.23,4.03,6,39,0,9,0,2205,3135,Free
12/5/2024 17:39:26,21.75,7493.26,4.03,6,39,0,9,0,2206,403,Free
12/5/2024 17:41:13,21.75,7508.66,4.03,6,39,0,9,0,2206,0,Free
12/5/2024 17:44:22,21.75,7518.59,4.03,6,39,0,9,0,2207,455,Free
12/5/2024 17:44:29,21.75,7519.98,4.03,6,39,0,9,0,2208,760,Free
12/5/2024 17:44:38,21.75,7521.59,4.03,6,39,0,9,0,2209,693,Free
12/5/2024 17:44:39,21.75,7522.22,4.03,6,39,0,9,0,2210,0,Free
12/5/2024 17:44:43,21.75,7522.91,4.03,6,39,0,9,0,2211,61,Free
12/5/2024 17:44:46,21.75,7524.54,4.03,6,39,0,9,0,2212,1001,Free
12/5/2024 17:44:47,21.75,7525.16,4.03,6,39,0,9,0,2213,0,Free
12/5/2024 17:44:48,21.75,7525.97,4.02,6,39,0,9,0,2214,182,Free
12/5/2024 17:44:56,21.75,7526.93,4.03,6,39,0,9,0,2215,45,Free
12/5/2024 17:44:58,21.75,7527.56,4.03,6,39,0,9,0,2216,0,Free
12/5/2024 17:44:59,21.75,7528.45,4.03,6,39,0,9,0,2217,258,Free
12/5/2024 17:45:01,21.75,7529.28,4.03,6,39,0,9,0,2218,198,Free
12/5/2024 17:45:05,21.75,7530.28,4.03,6,39,0,9,0,2219,369,Free
12/5/2024 17:45:08,21.75,7531.27,4.03,6,39,0,9,0,2220,361,Free
12/5/2024 17:45:11,21.75,7532.21,4.02,6,39,0,9,0,2221,318,Free
12/5/2024 17:45:13,21.75,7533.31,4.03,6,39,0,9,0,2222,472,Free
12/5/2024 17:45:14,21.75,7534.20,4.03,6,39,0,9,0,2223,258,Free
12/5/2024 17:45:17,21.75,7534.83,4.03,6,39,0,9,0,2224,0,Free
12/5/2024 17:45:20,21.75,7535.55,4.03,6,39,0,9,0,2225,96,Free
12/5/2024 17:45:23,21.75,7537.28,4.03,6,39,0,9,0,2226,1103,Free
12/5/2024 17:45:29,21.75,7538.09,4.03,6,39,0,9,0,2227,180,Free
12/5/2024 17:45:34,21.75,7539.63,4.03,6,39,0,9,0,2228,915,Free
12/5/2024 17:45:35,21.75,7540.26,4.03,6,39,0,9,0,2229,0,Free
12/5/2024 17:45:55,21.75,7541.82,4.03,6,39,0,9,0,2230,79,Free
12/5/2024 17:45:59,21.75,7546.19,4.03,6,39,0,9,0,2231,3743,Free
12/5/2024 17:46:00,21.75,7546.82,4.03,6,39,0,9,0,2232,0,Free
12/5/2024 17:46:03,21.75,7547.84,4.03,6,39,0,9,0,2233,385,Free
12/5/2024 17:46:06,21.75,7549.02,4.03,6,39,0,9,0,2234,557,Free
12/5/2024 17:46:07,21.75,7550.21,4.03,6,39,0,9,0,2235,566,Free
12/5/2024 17:46:08,21.75,7550.84,4.02,6,39,0,9,0,2236,0,Free
12/5/2024 17:46:13,21.75,7553.09,4.03,6,39,0,9,0,2237,1625,Free
12/5/2024 17:46:19,21.75,7553.72,4.03,6,39,0,9,0,2238,0,Free
12/5/2024 17:46:20,21.75,7554.35,4.03,6,39,0,9,0,2239,2,Free
12/5/2024 17:46:34,21.75,7555.55,4.03,6,39,0,9,0,2240,0,Free
12/5/2024 17:46:35,21.75,7556.38,4.03,6,39,0,9,0,2241,199,Free
12/5/2024 17:46:38,21.75,7557.01,4.03,6,39,0,9,0,2242,0,Free
12/5/2024 17:46:42,21.75,7558.46,4.03,6,39,0,9,0,2243,830,Free
12/5/2024 17:46:48,21.75,7559.55,4.03,6,39,0,9,0,2244,454,Free
12/5/2024 17:46:50,21.75,7560.59,4.02,6,39,0,9,0,2245,412,Free
12/5/2024 17:46:52,21.75,7561.73,4.02,6,39,0,9,0,2246,505,Free
12/5/2024 17:46:56,21.75,7562.57,4.03,6,39,0,9,0,2247,214,Free
12/5/2024 17:46:57,21.75,7563.20,4.03,6,39,0,9,0,2248,0,Free
12/5/2024 17:46:58,21.75,7563.82,4.03,6,39,0,9,0,2249,0,Free
12/5/2024 17:47:01,21.75,7564.45,4.03,6,39,0,9,0,2250,0,Free
12/5/2024 17:47:04,21.75,7565.52,4.03,6,39,0,9,0,2251,438,Free
12/5/2024 17:47:12,21.75,7566.43,4.03,6,39,0,9,0,2252,0,Free
12/5/2024 17:47:14,21.75,7567.48,4.03,6,39,0,9,0,2253,421,Free
12/5/2024 17:47:20,21.75,7568.85,4.03,6,39,0,9,0,2254,737,Free
12/5/2024 17:47:24,21.75,7570.01,4.03,6,39,0,9,0,2255,540,Free
12/5/2024 17:47:26,21.75,7571.22,4.03,6,39,0,9,0,2256,583,Free
12/5/2024 17:47:32,21.75,7571.97,4.03,6,39,0,9,0,2257,121,Free
12/5/2024 17:47:34,21.75,7572.96,4.02,6,39,0,9,0,2258,360,Free
12/5/2024 17:47:37,21.75,7573.63,4.03,6,39,0,9,0,2259,36,Free
12/5/2024 17:47:38,21.75,7574.25,4.03,6,39,0,9,0,2260,0,Free
12/5/2024 17:47:42,21.75,7576.02,4.03,6,39,0,9,0,2261,1138,Free
12/5/2024 17:47:45,21.75,7577.00,4.02,6,39,0,9,0,2262,352,Free
12/5/2024 17:47:46,21.75,7577.63,4.03,6,39,0,9,0,2263,0,Free
12/5/2024 17:47:47,21.75,7578.25,4.03,6,39,0,9,0,2264,0,Free
12/5/2024 17:47:50,21.75,7578.88,4.03,6,39,0,9,0,2265,0,Free
12/5/2024 17:47:52,21.75,7579.51,4.03,6,39,0,9,0,2266,0,Free
12/5/2024 17:47:53,21.75,7580.14,4.03,6,39,0,9,0,2267,0,Free
12/5/2024 17:47:54,21.75,7580.89,4.03,6,39,0,9,0,2268,122,Free
12/5/2024 17:48:49,21.75,7584.09,4.03,6,39,0,9,0,2269,0,Free
12/5/2024 17:55:53,21.75,7614.61,4.03,6,39,0,9,0,2269,0,Free
12/5/2024 17:55:59,21.75,7615.92,4.03,6,39,0,9,0,2270,677,Free
12/5/2024 17:56:13,21.75,7617.12,4.03,6,39,0,9,0,2271,0,Free
12/5/2024 17:56:16,21.75,7619.92,4.03,6,39,0,9,0,2272,2171,Free
12/5/2024 17:57:19,21.75,7623.40,4.03,6,39,0,9,0,2273,0,Free
12/5/2024 17:57:30,21.75,7624.45,4.03,6,39,0,9,0,2274,129,Free
12/5/2024 17:57:56,21.75,7626.22,4.03,6,39,0,9,0,2275,0,Free
12/5/2024 17:58:18,21.75,7627.75,4.03,6,39,0,9,0,2276,53,Free
12/5/2024 17:58:20,21.75,7629.05,4.02,6,39,0,9,0,2277,668,Free
12/5/2024 17:58:28,21.75,7629.96,4.03,6,39,0,9,0,2278,0,Free
12/5/2024 17:58:56,21.75,7631.83,4.03,6,39,0,9,0,2279,95,Free
12/5/2024 17:59:07,21.75,7632.74,4.03,6,39,0,9,0,2280,0,Free
12/5/2024 17:59:12,21.75,7633.64,4.03,6,39,0,9,0,2281,266,Free
12/5/2024 17:59:23,21.75,7635.61,4.03,6,39,0,9,0,2282,1061,Free
12/5/2024 17:59:32,21.75,7636.52,4.03,6,39,0,9,0,2283,0,Free
12/5/2024 18:00:13,21.75,7638.86,4.03,6,39,0,9,0,2284,0,Free
12/5/2024 18:01:46,21.75,7643.77,4.03,6,39,0,9,0,2285,0,Free
12/5/2024 18:02:27,21.75,7646.35,4.03,6,39,0,9,0,2286,232,Free
12/5/2024 18:13:25,21.50,7688.00,4.02,6,39,0,9,0,2286,0,Free
12/5/2024 18:31:36,21.50,7750.21,4.03,6,39,0,9,0,2286,0,Free
12/5/2024 18:32:12,21.50,7752.27,4.02,6,39,0,9,0,2287,0,Free
12/5/2024 18:32:13,21.50,7753.26,4.02,6,39,0,9,0,2288,368,Free
12/5/2024 18:32:21,21.50,7754.43,4.02,6,39,0,9,0,2289,258,Free
12/5/2024 18:32:27,21.50,7755.69,4.03,6,39,0,9,0,2290,625,Free
12/5/2024 18:32:33,21.50,7757.09,4.02,6,39,0,9,0,2291,780,Free
12/5/2024 18:32:39,21.50,7760.14,4.03,6,39,0,9,0,2292,2417,Free
12/5/2024 18:32:44,21.50,7762.71,4.02,6,39,0,9,0,2293,1941,Free
12/5/2024 18:32:45,21.50,7764.01,4.03,6,39,0,9,0,2294,676,Free
12/5/2024 18:32:51,21.50,7765.28,4.03,6,39,0,9,0,2295,634,Free
12/5/2024 18:32:59,21.50,7766.31,4.03,6,39,0,9,0,2296,112,Free
12/5/2024 18:33:02,21.50,7767.34,4.02,6,39,0,9,0,2297,402,Free
12/5/2024 18:33:04,21.50,7768.22,4.02,6,39,0,9,0,2298,258,Free
12/5/2024 18:33:07,21.50,7768.85,4.02,6,39,0,9,0,2299,0,Free
12/5/2024 18:33:09,21.50,7769.54,4.03,6,39,0,9,0,2300,61,Free
12/5/2024 18:33:10,21.50,7770.28,4.02,6,39,0,9,0,2301,112,Free
12/5/2024 18:33:11,21.50,7771.04,4.03,6,39,0,9,0,2302,131,Free
12/5/2024 18:33:12,21.50,7771.73,4.02,6,39,0,9,0,2303,61,Free
12/5/2024 18:33:18,21.50,7772.65,4.03,6,39,0,9,0,2304,292,Free
12/5/2024 18:33:19,21.50,7773.59,4.02,6,39,0,9,0,2305,309,Free
12/5/2024 18:33:21,21.50,7774.85,4.03,6,39,0,9,0,2306,634,Free
12/5/2024 18:33:22,21.50,7775.48,4.03,6,39,0,9,0,2307,0,Free
12/5/2024 18:33:23,21.50,7776.10,4.03,6,39,0,9,0,2308,0,Free
12/5/2024 18:33:28,21.50,7777.49,4.03,6,39,0,9,0,2309,761,Free
12/5/2024 18:33:38,21.50,7778.41,4.02,6,39,0,9,0,2310,0,Free
12/5/2024 18:33:46,21.50,7779.50,4.02,6,39,0,9,0,2311,172,Free
12/5/2024 18:33:52,21.50,7780.12,4.03,6,39,0,9,0,2312,0,Free
12/5/2024 18:33:56,21.50,7780.98,4.03,6,39,0,9,0,2313,224,Free
12/5/2024 18:34:05,21.50,7782.00,4.02,6,39,0,9,0,2314,113,Free
12/5/2024 18:34:09,21.50,7782.64,4.03,6,39,0,9,0,2315,10,Free
12/5/2024 18:34:12,21.50,7783.27,4.02,6,39,0,9,0,2316,0,Free
12/5/2024 18:34:18,21.50,7784.68,4.03,6,39,0,9,0,2317,787,Free
12/5/2024 18:34:25,21.50,7786.41,4.03,6,39,0,9,0,2318,814,Free
12/5/2024 18:34:31,21.50,7787.04,4.03,6,39,0,9,0,2319,0,Free
12/5/2024 18:34:37,21.50,7788.44,4.03,6,39,0,9,0,2320,770,Free
12/5/2024 18:34:40,21.50,7789.07,4.02,6,39,0,9,0,2321,0,Free
12/5/2024 18:34:54,21.50,7790.27,4.02,6,39,0,9,0,2322,0,Free
12/5/2024 18:34:57,21.50,7791.31,4.03,6,39,0,9,0,2323,412,Free
12/5/2024 18:35:05,21.50,7792.50,4.03,6,39,0,9,0,2324,275,Free
12/5/2024 18:35:22,21.50,7794.24,4.03,6,39,0,9,0,2325,549,Free
12/5/2024 18:35:27,21.50,7796.47,4.02,6,39,0,9,0,2326,1599,Free
12/5/2024 18:35:36,21.50,7797.39,4.03,6,39,0,9,0,2327,0,Free
12/5/2024 18:35:38,21.50,7799.07,4.03,6,39,0,9,0,2328,1061,Free
12/5/2024 18:35:49,21.50,7799.99,4.02,6,39,0,9,0,2329,0,Free
12/5/2024 18:36:02,21.50,7801.18,4.03,6,39,0,9,0,2330,0,Free
12/5/2024 18:37:35,21.50,7806.38,4.03,6,39,0,9,0,2331,283,Free
12/5/2024 18:39:34,21.50,7812.43,4.02,6,39,0,9,0,2332,0,Free
12/5/2024 18:41:14,21.50,7819.96,4.02,6,39,0,9,0,2333,2341,Free
12/5/2024 18:41:28,21.50,7821.16,4.02,6,39,0,9,0,2334,0,Free
12/5/2024 18:41:34,21.50,7821.79,4.03,6,39,0,9,0,2335,0,Free
12/5/2024 18:41:38,21.50,7823.15,4.03,6,39,0,9,0,2336,737,Free
12/5/2024 18:41:39,21.50,7823.78,4.02,6,39,0,9,0,2337,0,Free
12/5/2024 18:41:43,21.50,7824.41,4.02,6,39,0,9,0,2338,0,Free
12/5/2024 18:41:44,21.50,7825.42,4.03,6,39,0,9,0,2339,385,Free
12/5/2024 18:41:48,21.50,7826.05,4.02,6,39,0,9,0,2340,0,Free
12/5/2024 18:41:49,21.50,7826.69,4.02,6,39,0,9,0,2341,10,Free
12/5/2024 18:41:54,21.50,7827.43,4.01,6,39,0,9,0,2342,112,Free
12/5/2024 18:42:00,21.50,7828.70,4.03,6,39,0,9,0,2343,352,Free
12/5/2024 18:42:02,21.50,7829.32,4.03,6,39,0,9,0,2344,0,Free
12/5/2024 18:42:03,21.50,7829.95,4.03,6,39,0,9,0,2345,0,Free
12/5/2024 18:42:05,21.50,7830.63,4.02,6,39,0,9,0,2346,45,Free
12/5/2024 18:42:06,21.50,7831.25,4.03,6,39,0,9,0,2347,0,Free
12/5/2024 18:42:06,21.50,7831.89,4.02,6,39,0,9,0,2348,0,Free
12/5/2024 18:42:08,21.50,7833.60,4.03,6,39,0,9,0,2349,1087,Free
12/5/2024 18:42:25,21.50,7834.80,4.03,6,39,0,9,0,2350,0,Free
12/5/2024 18:42:26,21.50,7835.43,4.03,6,39,0,9,0,2351,0,Free
12/5/2024 18:42:28,21.50,7836.06,4.02,6,39,0,9,0,2352,2,Free
12/5/2024 18:42:29,21.50,7836.69,4.02,6,39,0,9,0,2353,0,Free
12/5/2024 18:42:30,21.50,7837.42,4.02,6,39,0,9,0,2354,104,Free
12/5/2024 18:42:32,21.50,7838.14,4.03,6,39,0,9,0,2355,97,Free
12/5/2024 18:42:36,21.50,7839.50,4.03,6,39,0,9,0,2356,727,Free
12/5/2024 18:42:54,21.50,7841.00,4.02,6,39,0,9,0,2357,300,Free
12/5/2024 18:42:59,21.50,7841.62,4.03,6,39,0,9,0,2358,0,Free
12/5/2024 18:43:01,21.50,7842.70,4.03,6,39,0,9,0,2359,446,Free
12/5/2024 18:43:14,21.50,7843.94,4.03,6,39,0,9,0,2360,44,Free
12/5/2024 18:43:24,21.50,7844.85,4.02,6,39,0,9,0,2361,0,Free
12/5/2024 18:43:28,21.50,7845.57,4.03,6,39,0,9,0,2362,87,Free
12/5/2024 18:43:31,21.50,7846.59,4.03,6,39,0,9,0,2363,394,Free
12/5/2024 18:43:38,21.50,7847.22,4.03,6,39,0,9,0,2364,0,Free
12/5/2024 18:43:39,21.50,7847.85,4.03,6,39,0,9,0,2365,0,Free
12/5/2024 18:43:41,21.50,7848.86,4.03,6,39,0,9,0,2366,386,Free
12/5/2024 18:43:43,21.50,7849.49,4.02,6,39,0,9,0,2367,2,Free
12/5/2024 18:43:52,21.50,7850.86,4.03,6,39,0,9,0,2368,454,Free
12/5/2024 18:44:00,21.50,7851.80,4.02,6,39,0,9,0,2369,27,Free
12/5/2024 18:44:01,21.50,7852.43,4.02,6,39,0,9,0,2370,0,Free
12/5/2024 18:44:10,21.50,7853.66,4.03,6,39,0,9,0,2371,317,Free
12/5/2024 18:44:16,21.50,7854.38,4.03,6,39,0,9,0,2372,96,Free
12/5/2024 18:44:20,21.50,7855.01,4.02,6,39,0,9,0,2373,0,Free
12/5/2024 18:44:23,21.50,7857.68,4.03,6,39,0,9,0,2374,2043,Free
12/5/2024 18:44:26,21.50,7859.13,4.03,6,39,0,9,0,2375,812,Free
12/5/2024 18:44:30,21.50,7859.76,4.03,6,39,0,9,0,2376,0,Free
12/5/2024 18:44:32,21.50,7860.39,4.03,6,39,0,9,0,2377,0,Free
12/5/2024 18:44:34,21.50,7862.17,4.02,6,39,0,9,0,2378,1154,Free
12/5/2024 18:44:35,21.50,7862.80,4.02,6,39,0,9,0,2379,0,Free
12/5/2024 18:44:44,21.50,7865.12,4.02,6,39,0,9,0,2380,1410,Free
12/5/2024 18:44:46,21.50,7865.97,4.03,6,39,0,9,0,2381,224,Free
12/5/2024 18:45:02,21.50,7877.09,4.02,6,39,0,9,0,2381,0,Free
12/5/2024 18:47:21,21.75,7884.28,4.03,6,39,0,9,0,2382,0,Free
12/5/2024 18:52:03,21.50,7898.68,4.02,6,39,0,9,0,2383,643,Free
12/5/2024 18:52:30,21.50,7900.50,4.02,6,39,0,9,0,2384,53,Free
12/5/2024 18:52:30,21.50,7901.13,4.03,6,39,0,9,0,2385,0,Free
12/5/2024 18:55:02,21.50,7910.00,4.02,6,39,0,9,0,2386,1104,Free
12/5/2024 18:55:03,21.50,7910.90,4.02,6,39,0,9,0,2387,275,Free
12/5/2024 18:55:11,21.50,7913.83,4.03,6,39,0,9,0,2388,2301,Free
12/5/2024 18:55:20,21.50,7915.18,4.03,6,39,0,9,0,2389,437,Free
12/5/2024 18:55:24,21.50,7917.13,4.02,6,39,0,9,0,2390,1316,Free
12/5/2024 18:55:27,21.50,7918.29,4.02,6,39,0,9,0,2391,539,Free
12/5/2024 18:55:30,21.50,7919.40,4.03,6,39,0,9,0,2392,480,Free
12/5/2024 18:55:35,21.50,7921.71,4.02,6,39,0,9,0,2393,1676,Free
12/5/2024 18:55:36,21.50,7922.33,4.03,6,39,0,9,0,2394,0,Free
12/5/2024 18:55:37,21.50,7922.96,4.02,6,39,0,9,0,2395,0,Free
12/5/2024 18:55:40,21.50,7923.68,4.02,6,39,0,9,0,2396,87,Free
12/5/2024 18:55:41,21.50,7924.71,4.02,6,39,0,9,0,2397,403,Free
12/5/2024 18:58:32,21.50,7934.19,4.02,6,39,0,9,0,2398,856,Free
12/5/2024 18:58:33,21.50,7934.92,4.02,6,39,0,9,0,2399,104,Free
12/5/2024 18:58:59,21.50,7936.72,4.02,6,39,0,9,0,2400,29,Free
12/5/2024 18:59:12,21.50,7937.92,4.02,6,39,0,10,0,2400,0,Free
12/5/2024 18:59:14,21.50,7938.55,4.02,6,39,0,11,0,2400,0,Free
12/5/2024 18:59:15,21.50,7939.18,4.02,6,39,0,12,0,2400,0,Free
12/5/2024 18:59:17,21.50,7939.90,4.02,6,39,0,13,96,2400,0,Free
12/5/2024 19:00:22,21.50,7943.38,4.02,6,39,0,14,0,2400,0,Free
12/5/2024 19:00:22,21.50,7944.01,4.03,6,39,0,15,0,2400,0,Free
12/5/2024 19:01:45,21.50,7958.27,4.03,6,39,0,15,0,2400,0,Free
12/5/2024 19:05:24,21.50,7970.68,4.02,6,39,0,15,0,2401,1505,Free
12/5/2024 19:05:29,21.50,7974.93,4.03,6,39,0,15,0,2402,3623,Free
12/5/2024 19:05:33,21.50,7975.56,4.02,6,39,0,15,0,2403,0,Free
12/5/2024 19:05:34,21.50,7976.37,4.03,6,39,0,15,0,2404,182,Free
12/5/2024 19:05:42,21.50,7977.83,4.02,6,39,0,15,0,2405,548,Free
12/5/2024 19:05:51,21.50,7978.74,4.03,6,39,0,15,0,2406,0,Free
12/5/2024 19:05:51,21.50,7979.37,4.02,6,39,0,15,0,2407,0,Free
12/5/2024 19:05:55,21.50,7981.18,4.02,6,39,0,15,0,2408,1181,Free
12/5/2024 19:06:01,21.50,7981.81,4.03,6,39,0,15,0,2409,0,Free
12/5/2024 19:06:03,21.50,7982.77,4.02,6,39,0,15,0,2410,326,Free
12/5/2024 19:06:21,21.50,7984.49,4.03,6,39,0,15,0,2411,523,Free
12/5/2024 19:06:28,21.50,7986.08,4.02,6,39,0,15,0,2412,685,Free
12/5/2024 19:06:33,21.50,7986.75,4.03,6,39,0,15,0,2413,36,Free
12/5/2024 19:06:40,21.50,7987.85,4.03,6,39,0,15,0,2414,190,Free
12/5/2024 19:06:45,21.50,7988.76,4.02,6,39,0,15,0,2415,283,Free
12/5/2024 19:06:56,21.50,7989.68,4.02,6,39,0,15,0,2416,0,Free
12/5/2024 19:06:59,21.50,7990.75,4.03,6,39,0,15,0,2417,446,Free
12/5/2024 19:07:00,21.50,7991.39,4.02,6,39,0,15,0,2418,10,Free
12/5/2024 19:07:04,21.50,7992.08,4.02,6,39,0,15,0,2419,61,Free
12/5/2024 19:07:09,21.50,7993.52,4.02,6,39,0,15,0,2420,804,Free
12/5/2024 19:07:09,21.50,7994.15,4.02,6,39,0,15,0,2421,0,Free
12/5/2024 19:07:14,21.50,7995.01,4.02,6,39,0,15,0,2422,232,Free
12/5/2024 19:07:22,21.50,7996.44,4.02,6,39,0,15,0,2423,523,Free
12/5/2024 19:07:27,21.50,7997.99,4.03,6,39,0,15,0,2424,916,Free
12/5/2024 19:07:28,21.50,7998.99,4.02,6,39,0,15,0,2425,377,Free
12/5/2024 19:07:37,21.50,8001.21,4.03,6,39,0,15,0,2426,1299,Free
12/5/2024 19:07:51,21.50,8002.53,4.03,6,39,0,15,0,2427,130,Free
12/5/2024 19:07:53,21.50,8004.43,4.02,6,39,0,15,0,2428,1266,Free
12/5/2024 19:08:02,21.50,8005.93,4.03,6,39,0,15,0,2429,591,Free
12/5/2024 19:08:16,21.50,8008.79,4.02,6,39,0,15,0,2430,1659,Free
12/5/2024 19:08:18,21.50,8009.42,4.03,6,39,0,15,0,2431,0,Free
12/5/2024 19:08:20,21.50,8010.68,4.03,6,39,0,15,0,2432,633,Free
12/5/2024 19:08:23,21.50,8012.36,4.03,6,39,0,15,0,2433,1053,Free
12/5/2024 19:08:24,21.50,8013.74,4.02,6,39,0,15,0,2434,753,Free
12/5/2024 19:08:28,21.50,8015.84,4.03,6,39,0,15,0,2435,1471,Free
12/5/2024 19:08:32,21.50,8019.19,4.03,6,39,0,15,0,2436,2719,Free
12/5/2024 19:08:33,21.50,8020.33,4.03,6,39,0,15,0,2437,514,Free
12/5/2024 19:08:46,21.75,8021.53,4.02,6,39,0,15,0,2438,0,Free
12/5/2024 19:08:57,21.75,8024.97,4.02,6,39,0,15,0,2439,2521,Free
12/5/2024 19:09:03,21.75,8027.28,4.03,6,39,0,15,0,2440,1684,Free
12/5/2024 19:09:09,21.75,8030.09,4.02,6,39,0,15,0,2441,2179,Free
12/5/2024 19:09:17,21.75,8032.81,4.03,6,39,0,15,0,2442,2094,Free
12/5/2024 19:09:30,21.75,8036.46,4.02,6,39,0,15,0,2443,2735,Free
12/5/2024 19:09:31,21.75,8037.12,4.03,6,39,0,15,0,2444,36,Free
12/5/2024 19:09:35,21.75,8038.01,4.02,6,39,0,15,0,2445,258,Free
12/5/2024 19:09:41,21.75,8039.58,4.02,6,39,0,15,0,2446,941,Free
12/5/2024 19:09:46,21.75,8043.33,4.02,6,39,0,15,0,2447,3119,Free
12/5/2024 19:09:57,21.75,8044.25,4.03,6,39,0,15,0,2448,0,Free
12/5/2024 19:10:00,21.75,8045.56,4.01,6,39,0,15,0,2449,685,Free
12/5/2024 19:10:09,21.75,8047.05,4.02,6,39,0,15,0,2450,574,Free
12/5/2024 19:10:12,21.75,8048.81,4.02,6,39,0,15,0,2451,1130,Free
12/5/2024 19:10:16,21.75,8050.13,4.03,6,39,0,15,0,2452,695,Free
12/5/2024 19:10:19,21.75,8050.84,4.03,6,39,0,15,0,2453,87,Free
12/5/2024 19:10:22,21.75,8052.51,4.02,6,39,0,15,0,2454,1043,Free
12/5/2024 19:10:26,21.75,8053.85,4.03,6,39,0,15,0,2455,702,Free
12/5/2024 19:10:29,21.75,8054.47,4.02,6,39,0,15,0,2456,0,Free
12/5/2024 19:10:30,21.75,8055.10,4.02,6,39,0,15,0,2457,0,Free
12/5/2024 19:10:31,21.75,8055.73,4.02,6,39,0,15,0,2458,0,Free
12/5/2024 19:17:18,21.50,8085.40,4.02,6,39,0,15,0,2458,0,Free
12/5/2024 19:18:13,21.50,8088.67,4.02,6,39,0,15,0,2459,70,Free
12/5/2024 19:18:40,21.50,8090.43,4.02,6,39,0,15,0,2460,0,Free
12/5/2024 19:18:57,21.50,8091.63,4.02,6,39,0,15,0,2461,0,Free
12/5/2024 19:19:00,21.50,8092.26,4.02,6,39,0,15,0,2462,0,Free
12/5/2024 19:19:02,21.50,8093.19,4.03,6,39,0,15,0,2463,301,Free
12/5/2024 19:19:27,21.50,8094.96,4.02,6,39,0,15,0,2464,0,Free
12/5/2024 19:19:31,21.50,8095.59,4.03,6,39,0,15,0,2465,2,Free
12/5/2024 19:19:32,21.50,8096.25,4.03,6,39,0,15,0,2466,27,Free
12/5/2024 19:19:35,21.50,8096.88,4.03,6,39,0,15,0,2467,0,Free
12/5/2024 19:19:36,21.50,8097.51,4.02,6,39,0,15,0,2468,2,Free
12/5/2024 19:19:40,21.50,8098.13,4.02,6,39,0,15,0,2469,0,Free
12/5/2024 19:19:43,21.50,8098.77,4.03,6,39,0,15,0,2470,0,Free
12/5/2024 19:19:46,21.50,8099.94,4.02,6,39,0,15,0,2471,539,Free
12/5/2024 19:19:50,21.50,8100.88,4.02,6,39,0,15,0,2472,317,Free
12/5/2024 19:19:56,21.50,8101.51,4.02,6,39,0,15,0,2473,0,Free
12/5/2024 19:19:57,21.50,8102.14,4.02,6,39,0,15,0,2474,0,Free
12/5/2024 19:19:59,21.50,8102.77,4.02,6,39,0,15,0,2475,0,Free
12/5/2024 19:20:04,21.50,8104.23,4.03,6,39,0,15,0,2476,830,Free
12/5/2024 19:20:05,21.50,8104.85,4.02,6,39,0,15,0,2477,0,Free
12/5/2024 19:20:09,21.50,8105.49,4.03,6,39,0,15,0,2478,0,Free
12/5/2024 19:20:18,21.50,8106.40,4.03,6,39,0,15,0,2479,0,Free
12/5/2024 19:20:20,21.50,8108.06,4.03,6,39,0,15,0,2480,1026,Free
12/5/2024 19:20:31,21.50,8110.13,4.02,6,39,0,15,0,2481,1154,Free
12/5/2024 19:20:36,21.50,8112.10,4.02,6,39,0,15,0,2482,1351,Free
12/5/2024 19:20:41,21.50,8112.73,4.02,6,39,0,15,0,2483,0,Free
12/5/2024 19:23:14,21.50,8120.50,4.02,6,39,0,15,0,2484,0,Free
12/5/2024 19:29:45,21.50,8139.67,4.03,6,39,0,15,0,2485,0,Free
12/5/2024 19:32:39,21.50,8148.30,4.02,6,39,0,15,0,2486,0,Free
12/5/2024 19:32:40,21.50,8149.21,4.02,6,39,0,15,0,2487,283,Free
12/5/2024 19:33:52,21.50,8153.74,4.02,6,39,0,15,0,2488,762,Free
12/5/2024 19:34:03,21.50,8164.57,4.02,6,39,0,15,0,2488,0,Free
12/5/2024 19:34:10,21.50,8165.20,4.02,6,39,0,15,0,2489,0,Free
12/5/2024 19:34:59,21.50,8168.11,4.02,6,39,0,15,0,2490,0,Free
12/5/2024 19:40:38,21.50,8185.33,4.02,6,39,0,15,0,2491,608,Free
12/5/2024 19:40:39,21.50,8185.98,4.03,6,39,0,15,0,2492,27,Free
12/5/2024 19:40:41,21.50,8186.90,4.03,6,39,0,15,0,2493,293,Free
12/5/2024 19:40:46,21.50,8187.55,4.02,6,39,0,15,0,2494,19,Free
12/5/2024 19:40:50,21.50,8189.56,4.02,6,39,0,15,0,2495,1377,Free
12/5/2024 19:40:55,21.50,8190.19,4.03,6,39,0,15,0,2496,0,Free
12/5/2024 19:41:01,21.50,8191.10,4.03,6,39,0,15,0,2497,0,Free
12/5/2024 19:41:04,21.50,8191.77,4.02,6,39,0,15,0,2498,36,Free
12/5/2024 19:41:06,21.50,8192.39,4.02,6,39,0,15,0,2499,0,Free
12/5/2024 19:41:08,21.50,8194.22,4.02,6,39,0,15,0,2500,1197,Free
12/5/2024 19:41:20,21.50,8195.54,4.03,6,39,0,15,0,2501,403,Free
12/5/2024 19:41:22,21.50,8197.14,4.03,6,39,0,15,0,2502,975,Free
12/5/2024 19:41:25,21.50,8197.90,4.02,6,39,0,15,0,2503,130,Free
12/5/2024 19:41:32,21.50,8199.20,4.02,6,39,0,15,0,2504,677,Free
12/5/2024 19:41:43,21.50,8200.42,4.02,6,39,0,15,0,2505,310,Free
12/5/2024 19:41:44,21.50,8201.05,4.03,6,39,0,15,0,2506,0,Free
12/5/2024 19:41:45,21.50,8201.72,4.02,6,39,0,15,0,2507,44,Free
12/5/2024 19:41:59,21.50,8204.76,4.02,6,39,0,15,0,2508,1838,Free
12/5/2024 19:42:11,21.50,8205.96,4.02,6,39,0,15,0,2509,0,Free
12/5/2024 19:42:12,21.50,8206.81,4.02,6,39,0,15,0,2510,216,Free
12/5/2024 19:42:23,21.50,8208.00,4.02,6,39,0,15,0,2511,283,Free
12/5/2024 19:42:25,21.50,8208.63,4.03,6,39,0,15,0,2512,0,Free
12/5/2024 19:42:29,21.50,8211.25,4.02,6,39,0,15,0,2513,1991,Free
12/5/2024 19:42:29,21.50,8211.59,4.02,6,40,0,15,0,2513,0,Free
12/5/2024 19:42:30,21.50,8212.22,4.02,6,40,0,15,0,2514,0,Free
12/5/2024 19:42:32,21.50,8213.02,4.03,6,40,0,15,0,2515,173,Free
12/5/2024 19:42:32,21.50,8213.65,4.03,6,40,0,15,0,2516,0,Free
12/5/2024 19:42:34,21.50,8214.39,4.02,6,40,0,15,0,2517,112,Free
12/5/2024 19:42:39,21.50,8215.13,4.02,6,40,0,15,0,2518,112,Free
12/5/2024 19:42:42,21.50,8216.59,4.03,6,40,0,15,0,2519,830,Free
12/5/2024 19:42:44,21.50,8217.93,4.03,6,40,0,15,0,2520,711,Free
12/5/2024 19:42:50,21.50,8219.19,4.02,6,40,0,15,0,2521,634,Free
12/5/2024 19:42:54,21.50,8221.21,4.02,6,40,0,15,0,2522,1385,Free
12/5/2024 19:43:00,21.50,8222.64,4.02,6,40,0,15,0,2523,796,Free
12/5/2024 19:43:06,21.50,8223.27,4.02,6,40,0,15,0,2524,0,Free
12/5/2024 19:43:07,21.50,8224.32,4.02,6,40,0,15,0,2525,429,Free
12/5/2024 19:43:08,21.50,8225.05,4.02,6,40,0,15,0,2526,95,Free
12/5/2024 19:43:11,21.50,8226.04,4.03,6,40,0,15,0,2527,369,Free
12/5/2024 19:43:15,21.50,8227.60,4.02,6,40,0,15,0,2528,932,Free
12/5/2024 19:43:17,21.50,8228.23,4.02,6,40,0,15,0,2529,0,Free
12/5/2024 19:43:19,21.50,8229.31,4.02,6,40,0,15,0,2530,455,Free
12/5/2024 19:43:19,21.50,8229.94,4.03,6,40,0,15,0,2531,0,Free
12/5/2024 19:43:21,21.50,8230.57,4.03,6,40,0,15,0,2532,0,Free
12/5/2024 19:43:26,21.50,8232.18,4.02,6,40,0,15,0,2533,985,Free
12/5/2024 19:43:27,21.50,8232.85,4.02,6,40,0,15,0,2534,36,Free
12/5/2024 19:43:50,21.50,8234.52,4.02,6,40,0,15,0,2535,190,Free
12/5/2024 19:49:49,21.50,8261.91,4.02,6,40,0,15,0,2535,0,Free
12/5/2024 19:52:12,21.50,8269.37,4.02,6,40,0,15,0,2536,266,Free
12/5/2024 19:53:59,21.50,8274.84,4.03,6,40,0,15,0,2537,0,Free
12/5/2024 19:54:46,21.50,8277.75,4.02,6,40,0,15,0,2538,276,Free
12/5/2024 19:58:40,21.50,8289.22,4.02,6,40,0,15,0,2539,0,Free
12/5/2024 19:58:41,21.50,8290.25,4.02,6,40,0,15,0,2540,403,Free
12/5/2024 19:58:44,21.50,8293.09,4.03,6,40,0,15,0,2541,2215,Free
12/5/2024 19:59:13,21.50,8294.96,4.02,6,40,0,15,0,2542,95,Free
12/5/2024 19:59:16,21.50,8297.54,4.02,6,40,0,15,0,2543,1956,Free
12/5/2024 19:59:18,21.50,8298.69,4.02,6,40,0,15,0,2544,514,Free
12/5/2024 19:59:21,21.50,8299.31,4.02,6,40,0,15,0,2545,0,Free
12/5/2024 19:59:22,21.50,8300.06,4.02,6,40,0,15,0,2546,122,Free
12/5/2024 19:59:24,21.50,8301.00,4.02,6,40,0,15,0,2547,301,Free
12/5/2024 19:59:24,21.50,8301.63,4.02,6,40,0,15,0,2548,0,Free
12/5/2024 19:59:27,21.50,8303.73,4.03,6,40,0,15,0,2549,1471,Free
12/5/2024 19:59:29,21.50,8304.36,4.02,6,40,0,15,0,2550,0,Free
12/5/2024 19:59:33,21.50,8305.61,4.02,6,40,0,15,0,2551,625,Free
12/5/2024 20:00:56,21.50,8310.08,4.02,6,40,0,15,0,2552,139,Free
12/5/2024 20:01:01,21.50,8310.71,4.02,6,40,0,15,0,2553,0,Free
12/5/2024 20:01:02,21.50,8311.34,4.03,6,40,0,15,0,2554,0,Free
12/5/2024 20:01:03,21.50,8312.38,4.02,6,40,0,15,0,2555,412,Free
12/5/2024 20:01:13,21.50,8313.65,4.02,6,40,0,15,0,2556,352,Free
12/5/2024 20:01:16,21.50,8317.43,4.02,6,40,0,15,0,2557,3153,Free
12/5/2024 20:01:19,21.50,8318.06,4.02,6,40,0,15,0,2558,0,Free
12/5/2024 20:01:26,21.50,8318.97,4.02,6,40,0,15,0,2559,0,Free
12/5/2024 20:01:39,21.50,8320.17,4.03,6,40,0,15,0,2560,0,Free
12/5/2024 20:01:41,21.50,8320.80,4.02,6,40,0,15,0,2561,2,Free
12/5/2024 20:01:47,21.50,8322.12,4.02,6,40,0,15,0,2562,694,Free
12/5/2024 20:01:49,21.50,8322.98,4.03,6,40,0,15,0,2563,224,Free
12/5/2024 20:01:50,21.50,8324.14,4.02,6,40,0,15,0,2564,531,Free
12/5/2024 20:01:54,21.50,8325.30,4.02,6,40,0,15,0,2565,540,Free
12/5/2024 20:02:00,21.50,8326.02,4.02,6,40,0,15,0,2566,88,Free
12/5/2024 20:02:12,21.50,8327.55,4.02,6,40,0,15,0,2567,620,Free
12/5/2024 20:06:29,21.50,8350.09,4.02,6,40,0,15,0,2567,0,Free
12/5/2024 20:06:34,21.50,8353.97,4.02,6,40,0,15,0,2568,3256,Free
12/5/2024 20:06:41,21.50,8354.89,4.02,6,40,0,15,0,2569,0,Free
12/5/2024 20:07:04,21.50,8356.37,4.01,6,40,0,15,0,2570,0,Free
12/5/2024 20:07:07,21.50,8357.59,4.02,6,40,0,15,0,2571,592,Free
12/5/2024 20:07:18,21.50,8359.75,4.02,6,40,0,15,0,2572,1249,Free
12/5/2024 20:07:21,21.50,8360.71,4.02,6,40,0,15,0,2573,327,Free
12/5/2024 20:07:31,21.50,8361.63,4.02,6,40,0,15,0,2574,0,Free
12/5/2024 20:07:32,21.50,8362.93,4.02,6,40,0,15,0,2575,676,Free
12/5/2024 20:07:38,21.50,8364.80,4.02,6,40,0,15,0,2576,1240,Free
12/5/2024 20:07:40,21.50,8365.60,4.02,6,40,0,15,0,2577,164,Free
12/5/2024 20:07:42,21.50,8366.22,4.03,6,40,0,15,0,2578,0,Free
12/5/2024 20:07:44,21.50,8367.01,4.02,6,40,0,15,0,2579,155,Free
12/5/2024 20:07:47,21.50,8367.63,4.02,6,40,0,15,0,2580,0,Free
12/5/2024 20:07:49,21.50,8369.34,4.02,6,40,0,15,0,2581,1078,Free
12/5/2024 20:07:51,21.50,8369.97,4.02,6,40,0,15,0,2582,0,Free
12/5/2024 20:07:51,21.50,8370.60,4.02,6,40,0,15,0,2583,0,Free
12/5/2024 20:07:54,21.50,8372.65,4.02,6,40,0,15,0,2584,1419,Free
12/5/2024 20:07:54,21.50,8373.28,4.02,6,40,0,15,0,2585,0,Free
12/5/2024 20:07:57,21.50,8373.91,4.02,6,40,0,15,0,2586,0,Free
12/5/2024 20:08:00,21.50,8375.85,4.02,6,40,0,15,0,2587,1308,Free
12/5/2024 20:08:01,21.50,8377.16,4.02,6,40,0,15,0,2588,685,Free
12/5/2024 20:08:04,21.50,8377.79,4.02,6,40,0,15,0,2589,0,Free
12/5/2024 20:08:09,21.50,8378.72,4.02,6,40,0,15,0,2590,309,Free
12/5/2024 20:08:13,21.50,8381.44,4.02,6,40,0,15,0,2591,2085,Free
12/5/2024 20:08:24,21.50,8385.16,4.02,6,40,0,15,0,2592,2812,Free
12/5/2024 20:08:26,21.50,8385.92,4.02,6,40,0,15,0,2593,122,Free
12/5/2024 20:08:41,21.50,8387.24,4.02,6,40,0,15,0,2594,129,Free
12/5/2024 20:08:43,21.50,8388.02,4.02,6,40,0,15,0,2595,147,Free
12/5/2024 20:08:47,21.50,8390.58,4.02,6,40,0,15,0,2596,1932,Free
12/5/2024 20:08:52,21.50,8391.27,4.02,6,40,0,15,0,2597,61,Free
12/5/2024 20:08:54,21.50,8392.32,4.02,6,40,0,15,0,2598,429,Free
12/5/2024 20:08:55,21.50,8393.19,4.02,6,40,0,15,0,2599,232,Free
12/5/2024 20:08:56,21.50,8394.07,4.02,6,40,0,15,0,2600,259,Free
12/5/2024 20:09:03,21.50,8395.14,4.02,6,40,0,15,0,2601,437,Free
12/5/2024 20:09:14,21.50,8396.65,4.02,6,40,0,15,0,2602,590,Free
12/5/2024 20:09:15,21.50,8397.66,4.02,6,40,0,15,0,2603,386,Free
12/5/2024 20:09:17,21.50,8398.72,4.02,6,40,0,15,0,2604,436,Free
12/5/2024 20:09:20,21.50,8400.89,4.02,6,40,0,15,0,2605,1539,Free
12/5/2024 20:09:26,21.50,8404.15,4.02,6,40,0,15,0,2606,2632,Free
12/5/2024 20:09:28,21.50,8405.41,4.02,6,40,0,15,0,2607,634,Free
12/5/2024 20:09:33,21.50,8409.75,4.02,6,40,0,15,0,2608,3708,Free
12/5/2024 20:09:40,21.50,8412.02,4.02,6,40,0,15,0,2609,1641,Free
12/5/2024 20:09:43,21.50,8412.75,4.02,6,40,0,15,0,2610,105,Free
12/5/2024 20:10:03,21.50,8414.25,4.02,6,40,0,15,0,2611,10,Free
12/5/2024 20:10:07,21.50,8414.88,4.02,6,40,0,15,0,2612,0,Free
12/5/2024 20:10:16,21.50,8416.49,4.02,6,40,0,15,0,2613,702,Free
12/5/2024 20:10:19,21.50,8418.80,4.02,6,40,0,15,0,2614,1677,Free
12/5/2024 20:10:20,21.50,8419.67,4.03,6,40,0,15,0,2615,251,Free
12/5/2024 20:10:21,21.50,8420.30,4.02,6,40,0,15,0,2616,0,Free
12/5/2024 20:10:27,21.50,8424.38,4.02,6,40,0,15,0,2617,3443,Free
12/5/2024 20:10:31,21.50,8425.46,4.02,6,40,0,15,0,2618,454,Free
12/5/2024 20:10:34,21.50,8426.15,4.02,6,40,0,15,0,2619,70,Free
12/5/2024 20:10:40,21.50,8432.12,4.02,6,40,0,15,0,2620,5338,Free
12/5/2024 20:10:40,21.50,8432.75,4.02,6,40,0,15,0,2621,0,Free
12/5/2024 20:10:44,21.50,8433.60,4.02,6,40,0,15,0,2622,224,Free
12/5/2024 20:11:03,21.50,8435.09,4.02,6,40,0,15,0,2623,0,Free
12/5/2024 20:11:07,21.50,8436.94,4.02,6,40,0,15,0,2624,1223,Free
12/5/2024 20:11:16,21.50,8437.85,4.02,6,40,0,15,0,2625,0,Free
12/5/2024 20:11:20,21.50,8438.50,4.02,6,40,0,15,0,2626,10,Free
12/5/2024 20:11:21,21.50,8439.22,4.02,6,40,0,15,0,2627,95,Free
12/5/2024 20:11:23,21.50,8440.76,4.03,6,40,0,15,0,2628,916,Free
12/5/2024 20:11:33,21.50,8442.45,4.02,6,40,0,15,0,2629,771,Free
12/5/2024 20:11:41,21.75,8443.36,4.02,6,40,0,15,0,2630,0,Free
12/5/2024 20:12:00,21.75,8445.44,4.03,6,40,0,15,0,2631,882,Free
12/5/2024 20:12:03,21.75,8446.07,4.02,6,40,0,15,0,2632,0,Free
12/5/2024 20:12:05,21.75,8446.98,4.02,6,40,0,15,0,2633,275,Free
12/5/2024 20:12:08,21.75,8447.77,4.02,6,40,0,15,0,2634,163,Free
12/5/2024 20:12:10,21.75,8448.43,4.02,6,40,0,15,0,2635,36,Free
12/5/2024 20:12:14,21.75,8452.77,4.02,6,40,0,15,0,2636,3715,Free
12/5/2024 20:12:17,21.75,8453.40,4.02,6,40,0,15,0,2637,0,Free
12/5/2024 20:12:24,21.75,8454.64,4.02,6,40,0,15,0,2638,327,Free
12/5/2024 20:12:25,21.75,8455.27,4.02,6,40,0,15,0,2639,0,Free
12/5/2024 20:12:29,21.75,8458.66,4.01,6,40,0,15,0,2640,2759,Free
12/5/2024 20:12:44,21.50,8462.93,4.02,6,40,0,15,0,2641,3066,Free
12/5/2024 20:12:48,21.50,8463.55,4.02,6,40,0,15,0,2642,0,Free
12/5/2024 20:12:51,21.50,8465.04,4.02,6,40,0,15,0,2643,856,Free
12/5/2024 20:12:52,21.50,8466.19,4.02,6,40,0,15,0,2644,531,Free
12/5/2024 20:12:56,21.50,8467.25,4.02,6,40,0,15,0,2645,429,Free
12/5/2024 20:12:58,21.50,8468.47,4.02,6,40,0,15,0,2646,592,Free
12/5/2024 20:17:29,21.50,8482.01,4.02,6,40,0,15,0,2647,70,Free
12/5/2024 20:18:27,21.50,8485.30,4.02,6,40,0,15,0,2648,95,Free
12/5/2024 20:18:28,21.50,8485.93,4.03,6,40,0,15,0,2649,0,Free
12/5/2024 20:18:30,21.50,8486.73,4.02,6,40,0,15,0,2650,164,Free
12/5/2024 20:18:40,21.50,8487.83,4.02,6,40,0,15,0,2651,190,Free
12/5/2024 20:18:45,21.50,8488.46,4.02,6,40,0,15,0,2652,0,Free
12/5/2024 20:18:48,21.50,8489.09,4.02,6,40,0,15,0,2653,0,Free
12/5/2024 20:18:52,21.50,8489.72,4.02,6,40,0,15,0,2654,0,Free
12/5/2024 20:18:53,21.50,8490.35,4.02,6,40,0,15,0,2655,0,Free
12/5/2024 20:19:00,21.50,8490.98,4.02,6,40,0,15,0,2656,0,Free
12/5/2024 20:19:01,21.50,8491.72,4.02,6,40,0,15,0,2657,113,Free
12/5/2024 20:19:11,21.50,8492.72,4.02,6,40,0,15,0,2658,88,Free
12/5/2024 20:19:12,21.50,8493.37,4.02,6,40,0,15,0,2659,19,Free
12/5/2024 20:19:15,21.50,8495.09,4.02,6,40,0,15,0,2660,1095,Free
12/5/2024 20:19:23,21.50,8496.46,4.02,6,40,0,15,0,2661,455,Free
12/5/2024 20:19:35,21.50,8497.66,4.02,6,40,0,15,0,2662,0,Free
12/5/2024 20:19:52,21.50,8508.77,4.02,6,40,0,15,0,2662,0,Free
12/5/2024 20:32:40,21.50,8547.43,4.02,6,40,0,15,0,2663,1777,Free
12/5/2024 20:32:42,21.50,8548.06,4.02,6,40,0,15,0,2664,0,Free
12/5/2024 20:32:44,21.50,8548.88,4.02,6,40,0,15,0,2665,190,Free
12/5/2024 20:32:45,21.50,8549.73,4.02,6,40,0,15,0,2666,232,Free
12/5/2024 20:32:46,21.50,8550.77,4.03,6,40,0,15,0,2667,412,Free
12/5/2024 20:32:48,21.50,8551.40,4.02,6,40,0,15,0,2668,0,Free
12/5/2024 20:32:50,21.50,8552.83,4.02,6,40,0,15,0,2669,795,Free
12/5/2024 20:32:52,21.50,8553.45,4.02,6,40,0,15,0,2670,0,Free
12/5/2024 20:33:14,21.50,8555.53,4.02,6,40,0,15,0,2671,591,Free
12/5/2024 20:33:21,21.50,8557.06,4.02,6,40,0,15,0,2672,907,Free
12/5/2024 20:33:30,21.50,8558.46,4.02,6,40,0,15,0,2673,480,Free
12/5/2024 20:33:32,21.50,8560.43,4.02,6,40,0,15,0,2674,1343,Free
12/5/2024 20:33:34,21.50,8562.16,4.02,6,40,0,15,0,2675,1103,Free
12/5/2024 20:33:37,21.50,8563.03,4.02,6,40,0,15,0,2676,241,Free
12/5/2024 20:33:40,21.50,8566.65,4.02,6,40,0,15,0,2677,2990,Free
12/5/2024 20:33:44,21.50,8568.72,4.02,6,40,0,15,0,2678,1445,Free
12/5/2024 20:33:51,21.50,8570.25,4.02,6,40,0,15,0,2679,608,Free
12/5/2024 20:33:56,21.50,8571.27,4.02,6,40,0,15,0,2680,395,Free
12/5/2024 20:34:01,21.50,8572.51,4.02,6,40,0,15,0,2681,609,Free
12/5/2024 20:34:05,21.50,8573.14,4.02,6,40,0,15,0,2682,0,Free
12/5/2024 20:34:09,21.50,8573.76,4.02,6,40,0,15,0,2683,0,Free
12/5/2024 20:34:13,21.50,8574.68,4.02,6,40,0,15,0,2684,292,Free
12/5/2024 20:34:14,21.50,8575.71,4.02,6,40,0,15,0,2685,395,Free
12/5/2024 20:34:15,21.50,8576.33,4.02,6,40,0,15,0,2686,0,Free
12/5/2024 20:34:17,21.50,8577.12,4.02,6,40,0,15,0,2687,156,Free
12/5/2024 20:34:20,21.50,8577.75,4.02,6,40,0,15,0,2688,0,Free
12/5/2024 20:34:23,21.50,8578.38,4.03,6,40,0,15,0,2689,0,Free
12/5/2024 20:34:25,21.50,8579.57,4.02,6,40,0,15,0,2690,566,Free
12/5/2024 20:34:30,21.50,8580.76,4.02,6,40,0,15,0,2691,566,Free
12/5/2024 20:34:34,21.50,8582.93,4.02,6,40,0,15,0,2692,1539,Free
12/5/2024 20:34:35,21.50,8583.56,4.02,6,40,0,15,0,2693,0,Free
12/5/2024 20:34:39,21.50,8584.37,4.02,6,40,0,15,0,2694,181,Free
12/5/2024 20:34:41,21.50,8585.65,4.02,6,40,0,15,0,2695,651,Free
12/5/2024 20:34:43,21.50,8587.28,4.02,6,40,0,15,0,2696,1002,Free
12/5/2024 20:34:51,21.50,8590.75,4.02,6,40,0,15,0,2697,2845,Free
12/5/2024 20:34:54,21.50,8593.04,4.02,6,40,0,15,0,2698,1658,Free
12/5/2024 20:35:04,21.50,8593.95,4.02,6,40,0,15,0,2699,0,Free
12/5/2024 20:35:08,21.50,8595.66,4.02,6,40,0,15,0,2700,1077,Free
12/5/2024 20:35:15,21.50,8599.19,4.02,6,40,0,15,0,2701,2905,Free
12/5/2024 20:35:19,21.50,8602.65,4.02,6,40,0,15,0,2702,2828,Free
12/5/2024 20:35:23,21.50,8603.28,4.02,6,40,0,15,0,2703,0,Free
12/5/2024 20:35:26,21.50,8603.98,4.02,6,40,0,15,0,2704,70,Free
12/5/2024 20:35:31,21.50,8605.80,4.02,6,40,0,15,0,2705,1189,Free
12/5/2024 20:35:33,21.50,8606.43,4.02,6,40,0,15,0,2706,0,Free
12/5/2024 20:35:34,21.50,8607.06,4.02,6,40,0,15,0,2707,2,Free
12/5/2024 20:35:38,21.50,8607.82,4.02,6,40,0,15,0,2708,138,Free
12/5/2024 20:35:43,21.50,8609.25,4.02,6,40,0,15,0,2709,797,Free
12/5/2024 20:35:54,21.50,8620.08,4.02,6,40,0,15,0,2709,0,Free
12/5/2024 20:36:32,21.50,8622.65,4.02,6,40,0,15,0,2710,224,Free
12/5/2024 20:36:38,21.50,8623.42,4.02,6,40,0,15,0,2711,147,Free
12/5/2024 20:36:39,21.50,8624.05,4.02,6,40,0,15,0,2712,0,Free
12/5/2024 20:39:41,21.50,8633.24,4.02,6,40,0,15,0,2713,0,Free
12/5/2024 20:41:02,21.50,8638.36,4.02,6,40,0,15,0,2714,779,Free
12/5/2024 20:41:03,21.50,8639.74,4.02,6,40,0,15,0,2715,753,Free
12/5/2024 20:41:05,21.50,8640.66,4.02,6,40,0,15,0,2716,292,Free
12/5/2024 20:42:50,21.50,8646.14,4.02,6,40,0,16,2,2716,0,Free
12/5/2024 20:43:43,21.50,8649.17,4.02,6,40,0,16,0,2717,112,Free
12/5/2024 20:43:44,21.50,8650.80,4.02,6,40,0,16,0,2718,1000,Free
12/5/2024 20:43:50,21.50,8651.94,4.02,6,40,0,16,0,2719,514,Free
12/5/2024 20:43:53,21.50,8653.20,4.02,6,40,0,16,0,2720,634,Free
12/5/2024 20:43:55,21.50,8654.13,4.02,6,40,0,16,0,2721,301,Free
12/5/2024 20:43:59,21.50,8657.92,4.02,6,40,0,16,0,2722,3170,Free
12/5/2024 20:44:19,21.50,8659.41,4.02,6,40,0,16,0,2723,0,Free
12/5/2024 20:44:23,21.50,8660.04,4.02,6,40,0,16,0,2724,0,Free
12/5/2024 20:44:26,21.50,8660.95,4.02,6,40,0,16,0,2725,285,Free
12/5/2024 20:44:29,21.50,8661.58,4.02,6,40,0,16,0,2726,0,Free
12/5/2024 20:44:34,21.50,8664.03,4.02,6,40,0,16,0,2727,1821,Free
12/5/2024 20:44:35,21.50,8664.65,4.02,6,40,0,16,0,2728,0,Free
12/5/2024 20:44:46,21.50,8666.24,4.02,6,40,0,16,0,2729,668,Free
12/5/2024 20:44:52,21.50,8669.05,4.02,6,40,0,16,0,2730,2179,Free
12/5/2024 20:44:54,21.50,8670.27,4.02,6,40,0,16,0,2731,590,Free
12/5/2024 20:44:55,21.50,8671.01,4.02,6,40,0,16,0,2732,112,Free
12/5/2024 20:45:03,21.50,8671.92,4.02,6,40,0,16,0,2733,0,Free
12/5/2024 20:45:09,21.50,8673.05,4.02,6,40,0,16,0,2734,497,Free
12/5/2024 20:45:14,21.50,8673.78,4.02,6,40,0,16,0,2735,105,Free
12/5/2024 20:45:16,21.50,8674.85,4.02,6,40,0,16,0,2736,437,Free
12/5/2024 20:45:23,21.50,8675.76,4.02,6,40,0,16,0,2737,0,Free
12/5/2024 20:45:24,21.50,8676.39,4.02,6,40,0,16,0,2738,0,Free
12/5/2024 20:45:25,21.50,8677.02,4.02,6,40,0,16,0,2739,0,Free
12/5/2024 20:45:27,21.50,8677.88,4.02,6,40,0,16,0,2740,241,Free
12/5/2024 20:45:28,21.50,8678.52,4.02,6,40,0,16,0,2741,0,Free
12/5/2024 20:45:31,21.50,8679.20,4.02,6,40,0,16,0,2742,54,Free
12/5/2024 20:45:33,21.50,8680.92,4.02,6,40,0,16,0,2743,1095,Free
12/5/2024 20:45:36,21.50,8681.59,4.02,6,40,0,16,0,2744,44,Free
12/5/2024 20:45:39,21.50,8682.83,4.02,6,40,0,16,0,2745,609,Free
12/5/2024 20:45:41,21.50,8684.79,4.02,6,40,0,16,0,2746,1334,Free
12/5/2024 20:45:57,21.50,8686.05,4.02,6,40,0,16,0,2747,61,Free
12/5/2024 20:45:57,21.50,8686.83,4.02,6,40,0,16,0,2748,156,Free
12/5/2024 20:46:00,21.50,8687.50,4.02,6,40,0,16,0,2749,36,Free
12/5/2024 20:46:01,21.50,8688.17,4.02,6,40,0,16,0,2750,44,Free
12/5/2024 20:46:07,21.50,8689.89,4.02,6,40,0,16,0,2751,1095,Free
12/5/2024 20:46:12,21.50,8690.74,4.02,6,40,0,16,0,2752,215,Free
12/5/2024 20:46:37,21.50,8692.51,4.02,6,40,0,16,0,2753,0,Free
12/5/2024 20:46:38,21.50,8693.13,4.02,6,40,0,16,0,2754,0,Free
12/5/2024 20:46:50,21.50,8694.33,4.02,6,40,0,16,0,2755,0,Free
12/5/2024 20:46:51,21.50,8695.11,4.02,6,40,0,16,0,2756,139,Free
12/5/2024 20:46:55,21.50,8695.91,4.02,6,40,0,16,0,2757,173,Free
12/5/2024 20:47:00,21.50,8698.57,4.02,6,40,0,16,0,2758,2035,Free
12/5/2024 20:47:03,21.50,8701.39,4.02,6,40,0,16,0,2759,2189,Free
12/5/2024 20:47:47,21.50,8704.02,4.02,6,40,0,16,0,2760,0,Free
12/5/2024 20:47:52,21.50,8707.44,4.02,6,40,0,16,0,2761,2793,Free
12/5/2024 20:47:55,21.50,8709.67,4.02,6,40,0,16,0,2762,1600,Free
12/5/2024 20:47:58,21.50,8710.39,4.02,6,40,0,16,0,2763,96,Free
12/5/2024 20:48:02,21.50,8711.92,4.02,6,40,0,16,0,2764,907,Free
12/5/2024 20:48:07,21.50,8713.63,4.02,6,40,0,16,0,2765,1077,Free
12/5/2024 20:48:10,21.50,8714.26,4.02,6,40,0,16,0,2766,0,Free
12/5/2024 20:48:11,21.50,8715.28,4.02,6,40,0,16,0,2767,394,Free
12/5/2024 20:48:13,21.50,8715.92,4.02,6,40,0,16,0,2768,10,Free
12/5/2024 20:48:16,21.50,8717.64,4.02,6,40,0,16,0,2769,1095,Free
12/5/2024 20:48:23,21.50,8721.97,4.02,6,40,0,16,0,2770,3699,Free
12/5/2024 20:48:25,21.50,8723.99,4.02,6,40,0,16,0,2771,1393,Free
12/5/2024 20:48:33,21.50,8729.12,4.02,6,40,0,16,0,2772,4500,Free
12/5/2024 20:48:35,21.50,8730.22,4.02,6,40,0,16,0,2773,472,Free
12/5/2024 20:48:41,21.50,8731.06,4.02,6,40,0,16,0,2774,207,Free
12/5/2024 20:48:51,21.50,8734.51,4.02,6,40,0,16,0,2775,2537,Free
12/5/2024 20:48:54,21.50,8735.96,4.02,6,40,0,16,0,2776,830,Free
12/5/2024 20:48:55,21.50,8736.80,4.02,6,40,0,16,0,2777,207,Free
12/5/2024 20:48:56,21.50,8737.77,4.02,6,40,0,16,0,2778,344,Free
12/5/2024 20:49:00,21.50,8738.59,4.02,6,40,0,16,0,2779,198,Free
12/5/2024 20:49:03,21.50,8740.68,4.02,6,40,0,16,0,2780,1452,Free
12/5/2024 20:49:07,21.50,8741.31,4.02,6,40,0,16,0,2781,0,Free
12/5/2024 20:49:14,21.50,8744.44,4.02,6,40,0,16,0,2782,2504,Free
12/5/2024 20:49:14,21.50,8745.07,4.02,6,40,0,16,0,2783,0,Free
12/5/2024 20:49:16,21.50,8746.06,4.03,6,40,0,16,0,2784,361,Free
12/5/2024 20:49:17,21.50,8746.69,4.02,6,40,0,16,0,2785,0,Free
12/5/2024 20:49:37,21.50,8750.30,4.02,6,40,0,16,0,2786,2129,Free
12/5/2024 20:49:39,21.50,8751.18,4.02,6,40,0,16,0,2787,250,Free
12/5/2024 20:49:40,21.50,8752.20,4.02,6,40,0,16,0,2788,386,Free
12/5/2024 20:49:46,21.50,8752.82,4.02,6,40,0,16,0,2789,0,Free
12/5/2024 20:49:56,21.50,8763.66,4.02,6,40,0,16,0,2789,0,Free
12/5/2024 20:50:03,21.50,8764.58,4.02,6,40,0,16,0,2790,292,Free
12/5/2024 20:50:04,21.50,8765.40,4.02,6,40,0,16,0,2791,198,Free
12/5/2024 20:50:08,21.50,8766.37,4.02,6,40,0,16,0,2792,343,Free
12/5/2024 20:50:11,21.50,8767.87,4.02,6,40,0,16,0,2793,874,Free
12/5/2024 20:50:13,21.50,8768.54,4.02,6,40,0,16,0,2794,37,Free
12/5/2024 20:50:17,21.50,8770.68,4.02,6,40,0,16,0,2795,1513,Free
12/5/2024 20:50:19,21.50,8771.34,4.02,6,40,0,16,0,2796,27,Free
12/5/2024 20:50:25,21.50,8772.22,4.02,6,40,0,16,0,2797,259,Free
12/5/2024 20:50:28,21.50,8773.92,4.02,6,40,0,16,0,2798,1069,Free
12/5/2024 20:50:33,21.50,8774.86,4.02,6,40,0,16,0,2799,317,Free
12/5/2024 20:50:34,21.50,8775.49,4.02,6,40,0,16,0,2800,0,Free
12/5/2024 20:50:37,21.50,8776.36,4.02,6,40,0,16,0,2801,241,Free
12/5/2024 20:50:40,21.50,8778.25,4.02,6,40,0,16,0,2802,1256,Free
12/5/2024 20:50:49,21.50,8780.58,4.02,6,40,0,16,0,2803,1420,Free
12/5/2024 20:50:50,21.50,8781.49,4.02,6,40,0,16,0,2804,283,Free
12/5/2024 20:50:52,21.50,8782.98,4.02,6,40,0,16,0,2805,856,Free
12/5/2024 20:50:57,21.50,8785.97,4.02,6,40,0,16,0,2806,2367,Free
12/5/2024 20:51:02,21.50,8788.70,4.02,6,40,0,16,0,2807,2102,Free
12/5/2024 20:51:04,21.50,8789.68,4.02,6,40,0,16,0,2808,343,Free
12/5/2024 20:51:11,21.50,8790.31,4.02,6,40,0,16,0,2809,0,Free
12/5/2024 20:51:29,21.50,8791.82,4.02,6,40,0,16,0,2810,27,Free
12/5/2024 20:51:31,21.50,8792.45,4.02,6,40,0,16,0,2811,0,Free
12/5/2024 21:02:03,21.50,8823.04,4.02,6,40,0,17,0,2811,0,Free
12/5/2024 21:02:04,21.50,8823.68,4.02,6,40,0,18,2,2811,0,Free
12/5/2024 21:02:13,21.50,8824.59,4.02,6,40,0,19,0,2811,0,Free
12/5/2024 21:03:24,21.50,8828.36,4.02,6,40,0,19,0,2812,0,Free
12/5/2024 21:03:44,21.50,8829.84,4.02,6,41,0,19,0,2812,0,Free
12/5/2024 21:04:00,21.50,8836.38,4.02,6,41,0,19,0,2813,5630,Free
12/5/2024 21:04:13,21.50,8838.42,4.02,6,41,0,19,0,2814,1129,Free
12/5/2024 21:04:20,21.50,8839.45,4.02,6,41,0,19,0,2815,112,Free
12/5/2024 21:04:25,21.50,8841.17,4.02,6,41,0,19,0,2816,1086,Free
12/5/2024 21:04:25,21.50,8841.79,4.02,6,41,0,19,0,2817,0,Free
12/5/2024 21:06:42,21.50,8858.62,4.00,6,41,0,19,0,2817,0,Free
12/5/2024 21:06:49,21.50,8859.49,4.03,6,41,0,19,0,2818,241,Free
12/5/2024 21:06:54,21.50,8860.12,4.02,6,41,0,19,0,2819,0,Free
12/5/2024 21:13:07,21.50,8878.44,4.02,6,41,0,19,0,2820,0,Free
12/5/2024 21:13:08,21.50,8879.07,4.02,6,41,0,19,0,2821,0,Free
12/5/2024 21:13:50,21.50,8882.15,4.02,6,41,0,19,0,2822,737,Free
12/5/2024 21:14:09,21.50,8884.52,4.02,6,41,0,19,0,2823,1180,Free
12/5/2024 21:14:11,21.50,8885.67,4.02,6,41,0,19,0,2824,514,Free
12/5/2024 21:14:14,21.50,8886.29,4.02,6,41,0,19,0,2825,0,Free
12/5/2024 21:14:14,21.50,8886.92,4.02,6,41,0,19,0,2826,0,Free
12/5/2024 21:14:16,21.50,8888.01,4.02,6,41,0,19,0,2827,463,Free
12/5/2024 21:14:18,21.50,8889.82,4.02,6,41,0,19,0,2828,1180,Free
12/5/2024 21:14:25,21.50,8890.91,4.02,6,41,0,19,0,2829,454,Free
12/5/2024 21:14:31,21.50,8893.91,4.02,6,41,0,19,0,2830,2368,Free
12/5/2024 21:14:32,21.50,8894.77,4.02,6,41,0,19,0,2831,232,Free
12/5/2024 21:14:35,21.50,8895.39,4.02,6,41,0,19,0,2832,0,Free
12/5/2024 21:14:38,21.50,8896.24,4.02,6,41,0,19,0,2833,215,Free
12/5/2024 21:14:39,21.50,8897.09,4.02,6,41,0,19,0,2834,224,Free
12/5/2024 21:14:46,21.50,8898.71,4.02,6,41,0,19,0,2835,989,Free
12/5/2024 21:14:53,21.50,8903.47,4.02,6,41,0,19,0,2836,4138,Free
12/5/2024 21:14:57,21.50,8904.48,4.02,6,41,0,19,0,2837,386,Free
12/5/2024 21:14:59,21.50,8905.49,4.02,6,41,0,19,0,2838,369,Free
12/5/2024 21:15:07,21.50,8911.40,4.02,6,41,0,19,0,2839,5288,Free
12/5/2024 21:15:09,21.50,8912.63,4.02,6,41,0,19,0,2840,600,Free
12/5/2024 21:15:13,21.50,8914.21,4.02,6,41,0,19,0,2841,951,Free
12/5/2024 21:15:14,21.50,8915.13,4.02,6,41,0,19,0,2842,302,Free
12/5/2024 21:15:23,21.50,8917.49,4.02,6,41,0,19,0,2843,1445,Free
12/5/2024 21:15:38,21.50,8919.13,4.02,6,41,0,19,0,2844,437,Free
12/5/2024 21:15:41,21.50,8919.88,4.02,6,41,0,19,0,2845,130,Free
12/5/2024 21:15:42,21.50,8920.51,4.02,6,41,0,19,0,2846,0,Free
12/5/2024 21:15:48,21.50,8924.49,4.02,6,41,0,19,0,2847,3349,Free
12/5/2024 21:15:51,21.50,8925.12,4.02,6,41,0,19,0,2848,0,Free
12/5/2024 21:15:53,21.50,8927.19,4.02,6,41,0,19,0,2849,1444,Free
12/5/2024 21:15:55,21.50,8927.82,4.02,6,41,0,19,0,2850,0,Free
12/5/2024 21:15:58,21.50,8928.45,4.02,6,41,0,19,0,2851,0,Free
12/5/2024 21:16:02,21.50,8930.77,4.02,6,41,0,19,0,2852,1692,Free
12/5/2024 21:16:05,21.50,8931.99,4.02,6,41,0,19,0,2853,591,Free
12/5/2024 21:16:09,21.50,8934.35,4.02,6,41,0,19,0,2854,1728,Free
12/5/2024 21:16:16,21.50,8935.48,4.02,6,41,0,19,0,2855,505,Free
12/5/2024 21:16:18,21.50,8936.11,4.02,6,41,0,19,0,2856,0,Free
12/5/2024 21:16:23,21.50,8940.50,4.02,6,41,0,19,0,2857,3759,Free
12/5/2024 21:16:25,21.50,8942.41,4.02,6,41,0,19,0,2858,1283,Free
12/5/2024 21:16:32,21.50,8946.81,4.02,6,41,0,19,0,2859,3768,Free
12/5/2024 21:16:38,21.50,8949.00,4.02,6,41,0,19,0,2860,1565,Free
12/5/2024 21:16:42,21.50,8949.80,4.02,6,41,0,19,0,2861,172,Free
12/5/2024 21:16:47,21.50,8950.60,4.02,6,41,0,19,0,2862,173,Free
12/5/2024 21:16:52,21.50,8951.89,4.02,6,41,0,19,0,2863,660,Free
12/5/2024 21:17:00,21.50,8952.80,4.02,6,41,0,19,0,2864,0,Free
12/5/2024 21:17:03,21.50,8953.63,4.02,6,41,0,19,0,2865,198,Free
12/5/2024 21:17:05,21.50,8954.35,4.02,6,41,0,19,0,2866,95,Free
12/5/2024 21:17:07,21.50,8955.17,4.02,6,41,0,19,0,2867,190,Free
12/5/2024 21:17:24,21.50,8956.75,4.02,6,41,0,19,0,2868,387,Free
12/5/2024 21:17:25,21.50,8957.39,4.02,6,41,0,19,0,2869,0,Free
12/5/2024 21:17:26,21.50,8958.62,4.02,6,41,0,19,0,2870,608,Free
12/5/2024 21:17:27,21.50,8959.25,4.02,6,41,0,19,0,2871,0,Free
12/5/2024 21:17:28,21.50,8959.95,4.02,6,41,0,19,0,2872,71,Free
12/5/2024 21:17:29,21.50,8960.61,4.02,6,41,0,19,0,2873,36,Free
12/5/2024 21:17:33,21.50,8961.30,4.02,6,41,0,19,0,2874,61,Free
12/5/2024 21:17:34,21.50,8961.93,4.02,6,41,0,19,0,2875,0,Free
12/5/2024 21:17:36,21.50,8963.03,4.02,6,41,0,19,0,2876,480,Free
12/5/2024 21:17:50,21.50,8966.12,4.02,6,41,0,19,0,2877,2172,Free
12/5/2024 21:17:51,21.50,8966.75,4.02,6,41,0,19,0,2878,0,Free
12/5/2024 21:17:55,21.50,8967.87,4.02,6,41,0,19,0,2879,489,Free
12/5/2024 21:17:56,21.50,8968.54,4.02,6,41,0,19,0,2880,45,Free
12/5/2024 21:18:04,21.50,8969.45,4.02,6,41,0,19,0,2881,0,Free
12/5/2024 21:18:07,21.50,8970.12,4.02,6,41,0,19,0,2882,36,Free
12/5/2024 21:18:09,21.50,8970.75,4.02,6,41,0,19,0,2883,0,Free
12/5/2024 21:18:11,21.50,8971.38,4.02,6,41,0,19,0,2884,0,Free
12/5/2024 21:18:14,21.50,8972.30,4.02,6,41,0,19,0,2885,292,Free
12/5/2024 21:18:16,21.50,8972.98,4.02,6,41,0,19,0,2886,54,Free
12/5/2024 21:21:44,21.50,8993.23,4.02,6,41,0,19,0,2886,0,Free
12/5/2024 21:27:26,21.50,9010.64,4.02,6,41,0,19,0,2887,796,Free
12/5/2024 21:27:33,21.50,9011.58,4.02,6,41,0,19,0,2888,27,Free
12/5/2024 21:27:34,21.50,9012.21,4.02,6,41,0,19,0,2889,0,Free
12/5/2024 21:27:35,21.50,9013.21,4.02,6,41,0,19,0,2890,378,Free
12/5/2024 21:35:15,21.50,9035.53,4.02,6,41,0,19,0,2891,0,Free
12/5/2024 21:39:38,21.50,9058.35,4.02,6,41,0,19,0,2891,0,Free
12/5/2024 21:44:08,21.50,9071.54,4.02,6,41,0,19,0,2892,0,Free
12/5/2024 21:45:50,21.50,9076.74,4.02,6,41,0,19,0,2893,0,Free
12/5/2024 21:45:55,21.50,9077.44,4.02,6,41,0,19,0,2894,78,Free
12/5/2024 21:47:26,21.50,9083.16,4.02,6,41,0,19,0,2895,1096,Free
12/5/2024 21:47:27,21.50,9083.79,4.02,6,41,0,19,0,2896,0,Free
12/5/2024 21:47:33,21.50,9084.42,4.02,6,41,0,19,0,2897,0,Free
12/5/2024 21:56:15,21.50,9109.88,4.02,6,41,0,19,0,2898,0,Free
12/5/2024 21:56:17,21.50,9111.50,4.02,6,41,0,19,0,2899,992,Free
12/5/2024 21:56:20,21.50,9113.69,4.02,6,41,0,19,0,2900,1564,Free
12/5/2024 21:56:30,21.50,9118.51,4.02,6,41,0,19,0,2901,3912,Free
12/5/2024 21:56:34,21.50,9119.14,4.01,6,41,0,19,0,2902,0,Free
12/5/2024 21:56:42,21.50,9120.51,4.02,6,41,0,19,0,2903,454,Free
12/5/2024 21:56:46,21.50,9123.73,4.02,6,41,0,19,0,2904,2598,Free
12/5/2024 21:56:51,21.50,9124.77,4.02,6,41,0,19,0,2905,403,Free
12/5/2024 21:56:53,21.50,9126.63,4.02,6,41,0,19,0,2906,1241,Free
12/5/2024 21:56:56,21.50,9128.17,4.02,6,41,0,19,0,2907,898,Free
12/5/2024 21:56:58,21.50,9129.98,4.02,6,41,0,19,0,2908,1180,Free
12/5/2024 21:57:09,21.50,9140.81,4.02,6,41,0,19,0,2908,0,Free
12/5/2024 21:58:02,21.50,9143.72,4.02,6,41,0,19,0,2909,0,Free
12/5/2024 21:58:51,21.50,9146.64,4.02,6,41,0,19,0,2910,10,Free
12/5/2024 21:59:29,21.50,9150.15,4.02,6,41,0,19,0,2911,1163,Free
12/5/2024 21:59:55,21.50,9152.63,4.02,6,41,0,19,0,2912,712,Free
12/5/2024 21:59:58,21.50,9154.78,4.02,6,41,0,19,0,2913,1521,Free
12/5/2024 22:00:07,21.50,9155.69,4.02,6,41,0,19,0,2914,0,Free
12/5/2024 22:00:09,21.50,9157.60,4.02,6,41,0,19,0,2915,1284,Free
12/5/2024 22:00:10,21.50,9158.31,4.02,6,41,0,19,0,2916,79,Free
12/5/2024 22:00:14,21.50,9161.20,4.02,6,41,0,19,0,2917,2265,Free
12/5/2024 22:00:16,21.50,9162.81,4.02,6,41,0,19,0,2918,984,Free
12/5/2024 22:00:21,21.50,9168.18,4.02,6,41,0,19,0,2919,4734,Free
12/5/2024 22:04:41,21.50,9183.42,4.02,6,41,0,19,0,2920,2633,Free
12/5/2024 22:10:49,21.50,9201.49,4.02,6,41,0,19,0,2921,28,Free
12/5/2024 22:11:44,21.50,9204.69,4.02,6,41,0,19,0,2922,0,Free
12/5/2024 22:14:37,21.50,9223.23,4.02,6,41,0,19,0,2922,0,Free
12/5/2024 22:21:59,21.50,9244.69,4.02,6,41,0,19,0,2923,0,Free
12/5/2024 22:23:36,21.50,9250.13,4.02,6,41,0,19,0,2924,241,Free
12/5/2024 22:23:40,21.50,9251.48,4.02,6,41,0,19,0,2925,729,Free
12/5/2024 22:23:41,21.50,9252.11,4.02,6,41,0,19,0,2926,0,Free
12/5/2024 22:23:42,21.50,9252.74,4.02,6,41,0,19,0,2927,0,Free
12/5/2024 22:23:46,21.50,9254.81,4.02,6,41,0,19,0,2928,1444,Free
12/5/2024 22:23:57,21.50,9257.85,4.02,6,41,0,19,0,2929,2127,Free
12/5/2024 22:24:00,21.50,9259.20,4.02,6,41,0,19,0,2930,719,Free
12/5/2024 22:24:04,21.50,9262.73,4.02,6,41,0,19,0,2931,2896,Free
12/5/2024 22:24:10,21.50,9264.54,4.02,6,41,0,19,0,2932,1181,Free
12/5/2024 22:24:13,21.50,9266.14,4.02,6,41,0,19,0,2933,976,Free
12/5/2024 22:24:14,21.50,9266.77,4.02,6,41,0,19,0,2934,0,Free
12/5/2024 22:24:15,21.50,9267.40,4.02,6,41,0,19,0,2935,0,Free
12/5/2024 22:24:19,21.50,9271.47,4.02,6,41,0,19,0,2936,3443,Free
12/5/2024 22:24:42,21.50,9272.96,4.02,6,41,0,19,0,2937,0,Free
12/5/2024 22:24:49,21.50,9275.03,4.02,6,41,0,19,0,2938,1444,Free
12/5/2024 22:24:52,21.50,9276.69,4.02,6,41,0,19,0,2939,1034,Free
12/5/2024 22:24:56,21.50,9280.70,4.02,6,41,0,19,0,2940,3384,Free
12/5/2024 22:25:02,21.50,9281.61,4.02,6,41,0,19,0,2941,283,Free
12/5/2024 22:25:10,21.50,9283.21,4.01,6,41,0,19,0,2942,677,Free
12/5/2024 22:25:18,21.50,9285.31,4.02,6,41,0,19,0,2943,1189,Free
12/5/2024 22:25:20,21.50,9287.05,4.02,6,41,0,19,0,2944,1112,Free
12/5/2024 22:25:23,21.50,9287.68,4.02,6,41,0,19,0,2945,0,Free
12/5/2024 22:25:24,21.50,9288.48,4.02,6,41,0,19,0,2946,173,Free
12/5/2024 22:25:26,21.50,9289.72,4.02,6,41,0,19,0,2947,609,Free
12/5/2024 22:25:27,21.50,9290.93,4.02,6,41,0,19,0,2948,592,Free
12/5/2024 22:25:29,21.50,9291.60,4.02,6,41,0,19,0,2949,36,Free
12/5/2024 22:25:31,21.50,9293.90,4.02,6,41,0,19,0,2950,1675,Free
12/5/2024 22:25:35,21.50,9295.57,4.02,6,41,0,19,0,2951,1043,Free
12/5/2024 22:25:44,21.50,9297.15,4.02,6,41,0,19,0,2952,668,Free
12/5/2024 22:25:50,21.50,9297.78,4.02,6,41,0,19,0,2953,0,Free
12/5/2024 22:25:51,21.50,9298.85,4.02,6,41,0,19,0,2954,437,Free
12/5/2024 22:25:54,21.50,9300.09,4.02,6,41,0,19,0,2955,616,Free
12/5/2024 22:25:55,21.50,9300.94,4.02,6,41,0,19,0,2956,215,Free
12/5/2024 22:25:56,21.50,9301.73,4.02,6,41,0,19,0,2957,164,Free
12/5/2024 22:26:02,21.50,9302.49,4.02,6,41,0,19,0,2958,122,Free
12/5/2024 22:26:07,21.50,9303.74,4.02,6,41,0,19,0,2959,625,Free
12/5/2024 22:26:11,21.50,9304.43,4.02,6,41,0,19,0,2960,61,Free
12/5/2024 22:26:12,21.50,9305.27,4.02,6,41,0,19,0,2961,207,Free
12/5/2024 22:26:13,21.50,9305.89,4.02,6,41,0,19,0,2962,0,Free
12/5/2024 22:26:16,21.50,9306.94,4.02,6,41,0,19,0,2963,420,Free
12/5/2024 22:26:19,21.50,9307.57,4.02,6,41,0,19,0,2964,0,Free
12/5/2024 22:26:37,21.50,9309.05,4.02,6,41,0,19,0,2965,0,Free
12/5/2024 22:26:50,21.50,9310.25,4.01,6,41,0,19,0,2966,0,Free
12/5/2024 22:26:53,21.50,9310.88,4.02,6,41,0,19,0,2967,0,Free
12/5/2024 22:26:56,21.50,9312.23,4.02,6,41,0,19,0,2968,729,Free
12/5/2024 22:27:08,21.50,9313.16,4.02,6,41,0,19,0,2969,0,Free
12/5/2024 22:27:21,21.50,9314.56,4.02,6,41,0,19,0,2970,207,Free
12/5/2024 22:27:22,21.50,9315.19,4.02,6,41,0,19,0,2971,0,Free
12/5/2024 22:27:26,21.50,9316.21,4.02,6,41,0,19,0,2972,395,Free
12/5/2024 22:27:32,21.50,9316.84,4.02,6,41,0,19,0,2973,0,Free
12/5/2024 22:27:45,21.50,9318.74,4.02,6,41,0,19,0,2974,984,Free
12/5/2024 22:27:48,21.50,9320.46,4.02,6,41,0,19,0,2975,1096,Free
12/5/2024 22:27:56,21.50,9322.74,4.02,6,41,0,19,0,2976,1651,Free
12/5/2024 22:28:09,21.50,9323.94,4.02,6,41,0,19,0,2977,0,Free
12/5/2024 22:28:13,21.50,9325.80,4.02,6,41,0,19,0,2978,1231,Free
12/5/2024 22:28:16,21.50,9326.65,4.02,6,41,0,19,0,2979,224,Free
12/5/2024 22:28:17,21.50,9327.28,4.02,6,41,0,19,0,2980,0,Free
12/5/2024 22:28:19,21.50,9327.91,4.02,6,41,0,19,0,2981,0,Free
12/5/2024 22:28:22,21.50,9328.63,4.02,6,41,0,19,0,2982,96,Free
12/5/2024 22:28:24,21.50,9329.87,4.02,6,41,0,19,0,2983,608,Free
12/5/2024 22:28:25,21.50,9330.60,4.02,6,41,0,19,0,2984,96,Free
12/5/2024 22:28:31,21.50,9334.38,4.02,6,41,0,19,0,2985,3154,Free
12/5/2024 22:28:40,21.50,9335.30,4.02,6,41,0,19,0,2986,0,Free
12/5/2024 22:28:47,21.50,9341.91,4.02,6,41,0,19,0,2987,5987,Free
12/5/2024 22:28:51,21.50,9342.80,4.02,6,41,0,19,0,2988,258,Free
12/5/2024 22:28:53,21.50,9343.42,4.02,6,41,0,19,0,2989,0,Free
12/5/2024 22:28:54,21.50,9344.20,4.02,6,41,0,19,0,2990,146,Free
12/5/2024 22:28:57,21.50,9345.24,4.02,6,41,0,19,0,2991,412,Free
12/5/2024 22:28:58,21.50,9345.87,4.01,6,41,0,19,0,2992,0,Free
12/5/2024 22:29:02,21.50,9347.23,4.02,6,41,0,19,0,2993,728,Free
12/5/2024 22:29:04,21.50,9348.26,4.02,6,41,0,19,0,2994,403,Free
12/5/2024 22:29:14,21.50,9359.09,4.02,6,41,0,19,0,2994,0,Free
12/5/2024 22:47:25,21.50,9421.30,4.02,6,41,0,19,0,2994,0,Free
12/5/2024 23:05:36,21.25,9483.50,4.02,6,41,0,19,0,2994,0,Free
12/5/2024 23:23:47,21.25,9545.71,4.01,6,41,0,19,0,2994,0,Free
12/5/2024 23:41:58,21.25,9607.92,4.01,6,41,0,19,0,2994,0,Free
12/6/2024 0:00:09,21.25,9670.12,4.02,6,41,0,19,0,2994,0,Free
12/6/2024 0:06:51,21.25,9689.59,4.02,6,41,0,19,0,2995,0,Free
12/6/2024 0:06:52,21.25,9690.22,4.01,6,41,0,19,0,2996,0,Free
12/6/2024 0:07:04,21.25,9691.14,4.01,6,41,0,19,0,2997,10,Free
12/6/2024 0:07:08,21.25,9692.62,4.01,6,41,0,19,0,2998,855,Free
12/6/2024 0:07:17,21.25,9693.62,4.01,6,41,0,19,0,2999,88,Free
12/6/2024 0:07:19,21.25,9694.25,4.02,6,41,0,19,0,3000,0,Free
12/6/2024 0:07:29,21.25,9695.17,4.02,6,41,0,19,0,3001,0,Free
12/6/2024 0:07:32,21.25,9695.79,4.02,6,41,0,19,0,3002,0,Free
12/6/2024 0:07:34,21.25,9696.79,4.01,6,41,0,19,0,3003,369,Free
12/6/2024 0:07:36,21.25,9697.53,4.02,6,41,0,19,0,3004,105,Free
12/6/2024 0:07:37,21.25,9698.53,4.01,6,41,0,19,0,3005,369,Free
12/6/2024 0:07:40,21.25,9699.16,4.01,6,41,0,19,0,3006,0,Free
12/6/2024 0:07:41,21.25,9699.86,4.01,6,41,0,19,0,3007,78,Free
12/6/2024 0:07:42,21.25,9700.49,4.01,6,41,0,19,0,3008,0,Free
12/6/2024 0:07:44,21.25,9701.80,4.01,6,41,0,19,0,3009,685,Free
12/6/2024 0:08:01,21.25,9703.35,4.02,6,41,0,19,0,3010,352,Free
12/6/2024 0:08:05,21.25,9704.02,4.02,6,41,0,19,0,3011,36,Free
12/6/2024 0:08:08,21.25,9705.41,4.02,6,41,0,19,0,3012,763,Free
12/6/2024 0:08:14,21.25,9706.42,4.01,6,41,0,19,0,3013,95,Free
12/6/2024 0:08:18,21.25,9708.06,4.01,6,41,0,19,0,3014,1010,Free
12/6/2024 0:08:20,21.25,9708.69,4.01,6,41,0,19,0,3015,0,Free
12/6/2024 0:08:22,21.25,9710.04,4.02,6,41,0,19,0,3016,727,Free
12/6/2024 0:08:23,21.25,9710.67,4.02,6,41,0,19,0,3017,0,Free
12/6/2024 0:08:26,21.25,9711.99,4.02,6,41,0,19,0,3018,695,Free
12/6/2024 0:08:33,21.25,9712.92,4.01,6,41,0,19,0,3019,11,Free
12/6/2024 0:08:39,21.25,9714.03,4.01,6,41,0,19,0,3020,480,Free
12/6/2024 0:08:46,21.25,9715.13,4.01,6,41,0,19,0,3021,190,Free
12/6/2024 0:08:47,21.25,9715.76,4.01,6,41,0,19,0,3022,2,Free
12/6/2024 0:08:50,21.25,9716.57,4.01,6,41,0,19,0,3023,181,Free
12/6/2024 0:08:53,21.25,9717.20,4.02,6,41,0,19,0,3024,0,Free
12/6/2024 0:09:02,21.25,9721.03,4.01,6,41,0,19,0,3025,3204,Free
12/6/2024 0:09:05,21.25,9721.69,4.01,6,41,0,19,0,3026,36,Free
12/6/2024 0:09:10,21.25,9722.89,4.01,6,41,0,19,0,3027,565,Free
12/6/2024 0:09:11,21.25,9723.56,4.01,6,41,0,19,0,3028,44,Free
12/6/2024 0:09:13,21.25,9724.55,4.01,6,41,0,19,0,3029,361,Free
12/6/2024 0:09:17,21.25,9726.65,4.02,6,41,0,19,0,3030,1480,Free
12/6/2024 0:09:30,21.25,9727.86,4.02,6,41,0,19,0,3031,0,Free
12/6/2024 0:09:36,21.25,9729.67,4.01,6,41,0,19,0,3032,1180,Free
12/6/2024 0:09:41,21.25,9730.53,4.02,6,41,0,19,0,3033,232,Free
12/6/2024 0:09:49,21.25,9733.21,4.01,6,41,0,19,0,3034,1769,Free
12/6/2024 0:09:59,21.25,9734.14,4.02,6,41,0,19,0,3035,10,Free
12/6/2024 0:10:00,21.25,9734.77,4.02,6,41,0,19,0,3036,0,Free
12/6/2024 0:10:02,21.25,9735.39,4.01,6,41,0,19,0,3037,0,Free
12/6/2024 0:10:05,21.25,9736.02,4.02,6,41,0,19,0,3038,0,Free
12/6/2024 0:10:06,21.25,9736.86,4.02,6,41,0,19,0,3039,215,Free
12/6/2024 0:10:08,21.25,9737.67,4.01,6,41,0,19,0,3040,173,Free
12/6/2024 0:10:13,21.25,9738.43,4.01,6,41,0,19,0,3041,138,Free
12/6/2024 0:10:21,21.25,9739.34,4.01,6,41,0,19,0,3042,0,Free
12/6/2024 0:10:22,21.25,9740.23,4.02,6,41,0,19,0,3043,250,Free
12/6/2024 0:10:34,21.25,9741.21,4.01,6,41,0,19,0,3044,63,Free
12/6/2024 0:10:35,21.25,9741.83,4.02,6,41,0,19,0,3045,0,Free
12/6/2024 0:10:40,21.25,9742.57,4.01,6,41,0,19,0,3046,105,Free
12/6/2024 0:10:41,21.25,9743.19,4.01,6,41,0,19,0,3047,0,Free
12/6/2024 0:10:42,21.25,9744.02,4.01,6,41,0,19,0,3048,197,Free
12/6/2024 0:10:43,21.25,9744.65,4.01,6,41,0,19,0,3049,0,Free
12/6/2024 0:10:45,21.25,9745.28,4.01,6,41,0,19,0,3050,0,Free
12/6/2024 0:10:46,21.25,9745.91,4.01,6,41,0,19,0,3051,0,Free
12/6/2024 0:10:50,21.25,9748.35,4.01,6,41,0,19,0,3052,1812,Free
12/6/2024 0:10:51,21.25,9749.69,4.02,6,41,0,19,0,3053,719,Free
12/6/2024 0:10:53,21.25,9750.62,4.02,6,41,0,19,0,3054,300,Free
12/6/2024 0:10:57,21.25,9751.77,4.01,6,41,0,19,0,3055,523,Free
12/6/2024 0:11:00,21.25,9752.40,4.01,6,41,0,19,0,3056,0,Free
12/6/2024 0:11:02,21.25,9753.03,4.01,6,41,0,19,0,3057,0,Free
12/6/2024 0:11:02,21.25,9753.66,4.02,6,41,0,19,0,3058,0,Free
12/6/2024 0:11:09,21.25,9754.29,4.01,6,41,0,19,0,3059,0,Free
12/6/2024 0:11:11,21.25,9755.36,4.01,6,41,0,19,0,3060,446,Free
12/6/2024 0:11:13,21.25,9756.22,4.01,6,41,0,19,0,3061,233,Free
12/6/2024 0:11:15,21.25,9756.85,4.02,6,41,0,19,0,3062,0,Free
12/6/2024 0:11:17,21.25,9757.61,4.02,6,41,0,19,0,3063,130,Free
12/6/2024 0:11:53,21.50,9759.72,4.01,6,41,0,19,0,3064,53,Free
12/6/2024 0:11:54,21.50,9760.34,4.01,6,41,0,19,0,3065,0,Free
12/6/2024 0:11:56,21.50,9761.20,4.01,6,41,0,19,0,3066,224,Free
12/6/2024 0:12:00,21.50,9761.95,4.01,6,41,0,19,0,3067,121,Free
12/6/2024 0:12:01,21.50,9762.58,4.02,6,41,0,19,0,3068,0,Free
12/6/2024 0:12:03,21.50,9763.72,4.01,6,41,0,19,0,3069,515,Free
12/6/2024 0:12:05,21.50,9764.35,4.02,6,41,0,19,0,3070,0,Free
12/6/2024 0:12:10,21.50,9764.97,4.02,6,41,0,19,0,3071,0,Free
12/6/2024 0:12:13,21.50,9767.28,4.01,6,41,0,19,0,3072,1676,Free
12/6/2024 0:14:05,21.50,9782.96,4.01,6,41,0,19,0,3072,0,Free
12/6/2024 0:16:38,21.50,9790.80,4.02,6,41,0,19,0,3073,79,Free
12/6/2024 0:16:53,21.50,9792.28,4.01,6,41,0,19,0,3074,283,Free
12/6/2024 0:22:42,21.25,9813.80,4.01,6,41,0,19,0,3075,4614,Free
12/6/2024 0:23:06,21.25,9815.60,4.01,6,41,0,19,0,3076,317,Free
12/6/2024 0:23:10,21.25,9818.52,4.01,6,41,0,19,0,3077,2292,Free
12/6/2024 0:23:46,21.25,9822.36,4.01,6,41,0,19,0,3078,1787,Free
12/6/2024 0:23:49,21.25,9824.38,4.02,6,41,0,19,0,3079,1394,Free
12/6/2024 0:23:52,21.25,9825.01,4.01,6,41,0,19,0,3080,0,Free
12/6/2024 0:23:59,21.25,9827.20,4.01,6,41,0,19,0,3081,1565,Free
12/6/2024 0:24:06,21.25,9828.12,4.02,6,41,0,19,0,3082,0,Free
12/6/2024 0:24:29,21.50,9829.61,4.01,6,41,0,19,0,3083,0,Free
12/6/2024 0:24:37,21.50,9830.52,4.02,6,41,0,19,0,3084,0,Free
12/6/2024 0:24:38,21.50,9831.50,4.02,6,41,0,19,0,3085,352,Free
12/6/2024 0:24:47,21.50,9832.87,4.01,6,41,0,19,0,3086,455,Free
12/6/2024 0:24:48,21.50,9833.68,4.02,6,41,0,19,0,3087,182,Free
12/6/2024 0:24:52,21.50,9834.43,4.02,6,41,0,19,0,3088,122,Free
12/6/2024 0:24:59,21.50,9835.06,4.00,6,41,0,19,0,3089,0,Free
12/6/2024 0:25:04,21.50,9835.69,4.01,6,41,0,19,0,3090,0,Free
12/6/2024 0:25:07,21.50,9836.33,4.00,6,41,0,19,0,3091,10,Free
12/6/2024 0:25:11,21.50,9837.34,4.02,6,41,0,19,0,3092,386,Free
12/6/2024 0:25:16,21.50,9839.45,4.02,6,41,0,19,0,3093,1480,Free
12/6/2024 0:25:22,21.50,9840.07,4.01,6,41,0,19,0,3094,0,Free
12/6/2024 0:25:28,21.50,9842.58,4.01,6,41,0,19,0,3095,1873,Free
12/6/2024 0:25:32,21.50,9845.14,4.01,6,41,0,19,0,3096,1933,Free
12/6/2024 0:25:39,21.50,9846.17,4.02,6,41,0,19,0,3097,121,Free
12/6/2024 0:25:44,21.50,9847.99,4.01,6,41,0,19,0,3098,1188,Free
12/6/2024 0:25:49,21.50,9848.82,4.02,6,41,0,19,0,3099,207,Free
12/6/2024 0:25:50,21.50,9849.45,4.01,6,41,0,19,0,3100,0,Free
12/6/2024 0:25:54,21.50,9850.60,4.01,6,41,0,19,0,3101,522,Free
12/6/2024 0:25:57,21.50,9852.47,4.01,6,41,0,19,0,3102,1241,Free
12/6/2024 0:26:00,21.50,9853.57,4.01,6,41,0,19,0,3103,473,Free
12/6/2024 0:26:02,21.50,9855.51,4.01,6,41,0,19,0,3104,1318,Free
12/6/2024 0:26:09,21.50,9857.19,4.01,6,41,0,19,0,3105,1044,Free
12/6/2024 0:26:11,21.50,9858.23,4.02,6,41,0,19,0,3106,420,Free
12/6/2024 0:26:16,21.50,9859.32,4.01,6,41,0,19,0,3107,455,Free
12/6/2024 0:26:21,21.50,9860.48,4.02,6,41,0,19,0,3108,532,Free
12/6/2024 0:26:23,21.50,9862.65,4.01,6,41,0,19,0,3109,1540,Free
12/6/2024 0:26:28,21.50,9865.15,4.02,6,41,0,19,0,3110,1873,Free
12/6/2024 0:26:29,21.50,9865.81,4.02,6,41,0,19,0,3111,27,Free
12/6/2024 0:26:34,21.50,9867.85,4.01,6,41,0,19,0,3112,1410,Free
12/6/2024 0:26:36,21.50,9868.47,4.02,6,41,0,19,0,3113,0,Free
12/6/2024 0:26:38,21.50,9869.60,4.01,6,41,0,19,0,3114,497,Free
12/6/2024 0:26:38,21.50,9870.42,4.02,6,41,0,19,0,3115,190,Free
12/6/2024 0:26:40,21.50,9871.17,4.01,6,41,0,19,0,3116,121,Free
12/6/2024 0:26:42,21.50,9872.52,4.01,6,41,0,19,0,3117,728,Free
12/6/2024 0:26:46,21.50,9873.88,4.01,6,41,0,19,0,3118,728,Free
12/6/2024 0:26:51,21.50,9875.27,4.01,6,41,0,19,0,3119,762,Free
12/6/2024 0:26:58,21.50,9876.18,4.02,6,41,0,19,0,3120,0,Free
12/6/2024 0:27:01,21.50,9878.42,4.01,6,41,0,19,0,3121,1615,Free
12/6/2024 0:27:02,21.50,9879.38,4.01,6,41,0,19,0,3122,335,Free
12/6/2024 0:27:06,21.50,9880.66,4.01,6,41,0,19,0,3123,641,Free
12/6/2024 0:27:10,21.50,9882.11,4.01,6,41,0,19,0,3124,830,Free
12/6/2024 0:27:14,21.50,9883.41,4.01,6,41,0,19,0,3125,668,Free
12/6/2024 0:27:15,21.50,9884.04,4.02,6,41,0,19,0,3126,0,Free
12/6/2024 0:27:18,21.50,9884.71,4.01,6,41,0,19,0,3127,44,Free
12/6/2024 0:27:19,21.50,9885.56,4.01,6,41,0,19,0,3128,224,Free
12/6/2024 0:27:20,21.50,9886.19,4.01,6,41,0,19,0,3129,0,Free
12/6/2024 0:27:27,21.50,9888.94,4.02,6,41,0,19,0,3130,2128,Free
12/6/2024 0:27:32,21.50,9890.24,4.01,6,41,0,19,0,3131,668,Free
12/6/2024 0:27:33,21.50,9891.06,4.02,6,41,0,19,0,3132,190,Free
12/6/2024 0:27:34,21.50,9892.00,4.01,6,41,0,19,0,3133,310,Free
12/6/2024 0:27:35,21.50,9892.63,4.01,6,41,0,19,0,3134,0,Free
12/6/2024 0:27:37,21.50,9894.21,4.01,6,41,0,19,0,3135,958,Free
12/6/2024 0:27:47,21.50,9897.15,4.02,6,41,0,19,0,3136,2018,Free
12/6/2024 0:27:57,21.50,9898.82,4.02,6,41,0,19,0,3137,754,Free
12/6/2024 0:27:59,21.50,9899.52,4.02,6,41,0,19,0,3138,79,Free
12/6/2024 0:29:21,21.50,9913.78,4.01,6,41,0,19,0,3138,0,Free
12/6/2024 0:31:29,21.50,9920.40,4.01,6,42,0,19,0,3138,0,Free
12/6/2024 0:32:07,21.50,9922.75,4.01,6,42,0,19,0,3139,0,Free
12/6/2024 0:32:10,21.50,9924.71,4.02,6,42,0,19,0,3140,1341,Free
12/6/2024 0:32:11,21.50,9925.54,4.02,6,42,0,19,0,3141,197,Free
12/6/2024 0:32:15,21.50,9926.86,4.01,6,42,0,19,0,3142,693,Free
12/6/2024 0:32:21,21.50,9928.34,4.01,6,42,0,19,0,3143,847,Free
12/6/2024 0:32:26,21.50,9932.16,4.01,6,42,0,19,0,3144,3195,Free
12/6/2024 0:32:28,21.50,9933.76,4.01,6,42,0,19,0,3145,967,Free
12/6/2024 0:32:29,21.50,9934.39,4.01,6,42,0,19,0,3146,2,Free
12/6/2024 0:32:32,21.50,9935.02,4.01,6,42,0,19,0,3147,0,Free
12/6/2024 0:32:36,21.50,9936.10,4.01,6,42,0,19,0,3148,454,Free
12/6/2024 0:32:41,21.50,9937.06,4.01,6,42,0,19,0,3149,336,Free
12/6/2024 0:32:46,21.50,9941.28,4.01,6,42,0,19,0,3150,3589,Free
12/6/2024 0:32:48,21.50,9941.93,4.01,6,42,0,19,0,3151,27,Free
12/6/2024 0:32:53,21.50,9942.56,4.01,6,42,0,19,0,3152,2,Free
12/6/2024 0:32:58,21.50,9946.32,4.01,6,42,0,19,0,3153,3126,Free
12/6/2024 0:32:59,21.50,9946.95,4.01,6,42,0,19,0,3154,0,Free
12/6/2024 0:33:00,21.50,9947.57,4.01,6,42,0,19,0,3155,0,Free
12/6/2024 0:33:02,21.50,9948.50,4.02,6,42,0,19,0,3156,301,Free
12/6/2024 0:33:06,21.50,9949.20,4.01,6,42,0,19,0,3157,70,Free
12/6/2024 0:33:11,21.50,9950.03,4.02,6,42,0,19,0,3158,207,Free
12/6/2024 0:33:13,21.50,9950.66,4.02,6,42,0,19,0,3159,0,Free
12/6/2024 0:33:16,21.50,9951.75,4.01,6,42,0,19,0,3160,463,Free
12/6/2024 0:33:19,21.50,9953.92,4.02,6,42,0,19,0,3161,1529,Free
12/6/2024 0:33:20,21.50,9954.58,4.02,6,42,0,19,0,3162,36,Free
12/6/2024 0:33:23,21.50,9956.75,4.02,6,42,0,19,0,3163,1539,Free
12/6/2024 0:33:24,21.50,9957.47,4.01,6,42,0,19,0,3164,96,Free
12/6/2024 0:33:25,21.50,9958.31,4.00,6,42,0,19,0,3165,207,Free
12/6/2024 0:33:27,21.50,9959.29,4.01,6,42,0,19,0,3166,352,Free
12/6/2024 0:33:33,21.50,9960.66,4.01,6,42,0,19,0,3167,745,Free
12/6/2024 0:33:37,21.50,9961.29,4.02,6,42,0,19,0,3168,0,Free
12/6/2024 0:33:38,21.50,9962.49,4.02,6,42,0,19,0,3169,574,Free
12/6/2024 0:33:39,21.50,9963.31,4.01,6,42,0,19,0,3170,190,Free
12/6/2024 0:33:45,21.50,9966.92,4.01,6,42,0,19,0,3171,2983,Free
12/6/2024 0:33:57,21.50,9967.83,4.01,6,42,0,19,0,3172,0,Free
12/6/2024 0:34:01,21.50,9968.86,4.01,6,42,0,19,0,3173,403,Free
12/6/2024 0:34:03,21.50,9969.49,4.02,6,42,0,19,0,3174,0,Free
12/6/2024 0:34:04,21.50,9970.12,4.02,6,42,0,19,0,3175,2,Free
12/6/2024 0:34:07,21.50,9972.09,4.01,6,42,0,19,0,3176,1342,Free
12/6/2024 0:34:08,21.50,9972.72,4.01,6,42,0,19,0,3177,0,Free
12/6/2024 0:34:09,21.50,9973.35,4.02,6,42,0,19,0,3178,0,Free
12/6/2024 0:34:11,21.50,9974.70,4.02,6,42,0,19,0,3179,719,Free
12/6/2024 0:34:12,21.50,9975.64,4.01,6,42,0,19,0,3180,309,Free
12/6/2024 0:34:14,21.50,9976.26,4.01,6,42,0,19,0,3181,0,Free
12/6/2024 0:34:17,21.50,9977.30,4.01,6,42,0,19,0,3182,404,Free
12/6/2024 0:34:27,21.50,9978.49,4.01,6,42,0,19,0,3183,283,Free
12/6/2024 0:34:29,21.50,9979.12,4.01,6,42,0,19,0,3184,0,Free
12/6/2024 0:34:32,21.50,9979.80,4.01,6,42,0,19,0,3185,44,Free
12/6/2024 0:34:34,21.50,9981.25,4.01,6,42,0,19,0,3186,831,Free
12/6/2024 0:34:37,21.50,9982.36,4.01,6,42,0,19,0,3187,473,Free
12/6/2024 0:34:44,21.50,9983.28,4.01,6,42,0,19,0,3188,0,Free
12/6/2024 0:34:49,21.50,9985.72,4.02,6,42,0,19,0,3189,1812,Free
12/6/2024 0:34:55,21.50,9986.34,4.02,6,42,0,19,0,3190,0,Free
12/6/2024 0:35:01,21.50,9987.53,4.01,6,42,0,19,0,3191,558,Free
12/6/2024 0:35:08,21.50,9988.60,4.02,6,42,0,19,0,3192,156,Free
12/6/2024 0:35:10,21.50,9990.02,4.00,6,42,0,19,0,3193,797,Free
12/6/2024 0:35:11,21.50,9990.65,4.01,6,42,0,19,0,3194,0,Free
12/6/2024 0:35:12,21.50,9991.28,4.01,6,42,0,19,0,3195,0,Free
12/6/2024 0:35:19,21.50,9995.57,4.01,6,42,0,19,0,3196,3666,Free
12/6/2024 0:35:25,21.50,9996.49,4.01,6,42,0,19,0,3197,0,Free
12/6/2024 0:35:29,21.50,9998.01,4.01,6,42,0,19,0,3198,898,Free
12/6/2024 0:35:31,21.50,9998.79,4.01,6,42,0,19,0,3199,147,Free
12/6/2024 0:35:32,21.50,9999.42,4.01,6,42,0,19,0,3200,0,Free
12/6/2024 0:35:39,21.50,10000.04,4.01,6,42,0,19,0,3201,0,Free
12/6/2024 0:36:49,21.50,10003.81,4.01,6,42,0,19,0,3202,0,Free
12/6/2024 0:38:51,21.50,10010.15,4.01,6,42,0,19,0,3203,0,Free
12/6/2024 0:41:34,21.50,10018.48,4.01,6,42,0,19,0,3204,0,Free
12/6/2024 0:42:35,21.50,10021.75,4.01,6,42,0,19,0,3205,72,Free
12/6/2024 0:44:03,21.50,10036.29,4.02,6,42,0,19,0,3205,0,Free
12/6/2024 0:44:58,21.50,10039.49,4.02,6,42,0,19,0,3206,0,Free
12/6/2024 0:46:14,21.50,10043.84,4.01,6,42,0,19,0,3207,292,Free
12/6/2024 0:46:18,21.50,10046.75,4.01,6,42,0,19,0,3208,2290,Free
12/6/2024 0:46:21,21.50,10048.04,4.01,6,42,0,19,0,3209,659,Free
12/6/2024 0:46:23,21.50,10049.05,4.01,6,42,0,19,0,3210,377,Free
12/6/2024 0:46:30,21.50,10049.96,4.01,6,42,0,19,0,3211,0,Free
12/6/2024 0:46:32,21.50,10051.71,4.01,6,42,0,19,0,3212,1111,Free
12/6/2024 0:46:35,21.50,10053.06,4.01,6,42,0,19,0,3213,719,Free
12/6/2024 0:46:37,21.50,10053.71,4.02,6,42,0,19,0,3214,27,Free
12/6/2024 0:46:40,21.50,10055.94,4.01,6,42,0,19,0,3215,1607,Free
12/6/2024 0:46:46,21.50,10056.86,4.01,6,42,0,19,0,3216,287,Free
12/6/2024 0:46:52,21.50,10058.17,4.01,6,42,0,19,0,3217,676,Free
12/6/2024 0:47:05,21.50,10059.36,4.01,6,42,0,19,0,3218,0,Free
12/6/2024 0:47:07,21.50,10060.12,4.02,6,42,0,19,0,3219,130,Free
12/6/2024 0:47:10,21.50,10061.33,4.01,6,42,0,19,0,3220,582,Free
12/6/2024 0:47:16,21.50,10061.96,4.01,6,42,0,19,0,3221,0,Free
12/6/2024 0:47:18,21.50,10062.59,4.02,6,42,0,19,0,3222,0,Free
12/6/2024 0:47:19,21.50,10063.53,4.01,6,42,0,19,0,3223,309,Free
12/6/2024 0:47:22,21.50,10064.18,4.02,6,42,0,19,0,3224,27,Free
12/6/2024 0:47:27,21.50,10066.06,4.01,6,42,0,19,0,3225,1249,Free
12/6/2024 0:47:34,21.50,10066.69,4.01,6,42,0,19,0,3226,0,Free
12/6/2024 0:47:36,21.50,10067.96,4.01,6,42,0,19,0,3227,651,Free
12/6/2024 0:47:42,21.50,10068.59,4.01,6,42,0,19,0,3228,0,Free
12/6/2024 0:47:44,21.50,10071.05,4.01,6,42,0,19,0,3229,1829,Free
12/6/2024 0:47:48,21.50,10072.99,4.01,6,42,0,19,0,3230,1317,Free
12/6/2024 0:47:49,21.50,10074.06,4.01,6,42,0,19,0,3231,436,Free
12/6/2024 0:47:53,21.50,10075.56,4.01,6,42,0,19,0,3232,873,Free
12/6/2024 0:48:02,21.50,10077.22,4.01,6,42,0,19,0,3233,744,Free
12/6/2024 0:48:10,21.50,10079.76,4.01,6,42,0,19,0,3234,1915,Free
12/6/2024 0:48:17,21.50,10080.67,4.01,6,42,0,19,0,3235,0,Free
12/6/2024 0:48:21,21.50,10082.02,4.01,6,42,0,19,0,3236,719,Free
12/6/2024 0:48:22,21.50,10082.87,4.01,6,42,0,19,0,3237,224,Free
12/6/2024 0:48:23,21.50,10083.50,4.01,6,42,0,19,0,3238,0,Free
12/6/2024 0:48:25,21.50,10084.13,4.01,6,42,0,19,0,3239,0,Free
12/6/2024 0:48:26,21.50,10085.33,4.01,6,42,0,19,0,3240,565,Free
12/6/2024 0:48:28,21.50,10086.75,4.01,6,42,0,19,0,3241,787,Free
12/6/2024 0:48:30,21.50,10088.34,4.01,6,42,0,19,0,3242,966,Free
12/6/2024 0:48:31,21.50,10088.97,4.01,6,42,0,19,0,3243,0,Free
12/6/2024 0:48:33,21.50,10090.14,4.01,6,42,0,19,0,3244,539,Free
12/6/2024 0:48:36,21.50,10092.07,4.01,6,42,0,19,0,3245,1308,Free
12/6/2024 0:48:46,21.50,10093.56,4.01,6,42,0,19,0,3246,573,Free
12/6/2024 0:48:53,21.50,10094.57,4.01,6,42,0,19,0,3247,95,Free
12/6/2024 0:49:00,21.50,10095.20,4.01,6,42,0,19,0,3248,0,Free
12/6/2024 0:49:01,21.50,10096.39,4.01,6,42,0,19,0,3249,565,Free
12/6/2024 0:49:04,21.50,10098.87,4.01,6,42,0,19,0,3250,1847,Free
12/6/2024 0:49:05,21.50,10099.49,4.00,6,42,0,19,0,3251,0,Free
12/6/2024 0:49:06,21.50,10100.12,4.01,6,42,0,19,0,3252,0,Free
12/6/2024 0:49:12,21.50,10101.38,4.01,6,42,0,19,0,3253,635,Free
12/6/2024 0:49:14,21.50,10102.01,4.02,6,42,0,19,0,3254,0,Free
12/6/2024 0:49:15,21.50,10102.81,4.02,6,42,0,19,0,3255,173,Free
12/6/2024 0:49:17,21.50,10103.46,4.01,6,42,0,19,0,3256,19,Free
12/6/2024 0:49:20,21.50,10104.27,4.01,6,42,0,19,0,3257,181,Free
12/6/2024 0:49:25,21.50,10106.22,4.01,6,42,0,19,0,3258,1326,Free
12/6/2024 0:49:26,21.50,10107.29,4.01,6,42,0,19,0,3259,437,Free
12/6/2024 0:51:31,21.50,10113.71,4.01,6,42,0,19,0,3260,88,Free
12/6/2024 0:51:35,21.50,10115.42,4.01,6,42,0,19,0,3261,1078,Free
12/6/2024 0:51:37,21.50,10116.26,4.01,6,42,0,19,0,3262,215,Free
12/6/2024 0:51:40,21.50,10119.22,4.01,6,42,0,19,0,3263,2333,Free
12/6/2024 0:52:20,21.50,10123.69,4.01,6,42,0,19,0,3264,2127,Free
12/6/2024 0:59:12,21.50,10153.64,4.01,6,42,0,19,0,3264,0,Free
12/6/2024 0:59:27,21.50,10154.85,4.01,6,42,0,19,0,3265,0,Free
12/6/2024 0:59:31,21.50,10155.47,4.01,6,42,0,19,0,3266,0,Free
12/6/2024 0:59:34,21.50,10156.12,4.01,6,42,0,19,0,3267,19,Free
12/6/2024 0:59:39,21.50,10157.26,4.01,6,42,0,19,0,3268,515,Free
12/6/2024 0:59:39,21.50,10157.89,4.02,6,42,0,19,0,3269,2,Free
12/6/2024 0:59:57,21.50,10159.20,4.01,6,42,0,19,0,3270,105,Free
12/6/2024 1:00:00,21.50,10159.85,4.02,6,42,0,19,0,3271,27,Free
12/6/2024 1:00:02,21.50,10160.81,4.01,6,42,0,19,0,3272,335,Free
12/6/2024 1:00:07,21.50,10162.14,4.02,6,42,0,19,0,3273,704,Free
12/6/2024 1:00:10,21.50,10162.93,4.01,6,42,0,19,0,3274,156,Free
12/6/2024 1:00:17,21.50,10164.86,4.01,6,42,0,19,0,3275,1310,Free
12/6/2024 1:00:29,21.50,10166.67,4.01,6,42,0,19,0,3276,899,Free
12/6/2024 1:00:31,21.50,10167.30,4.02,6,42,0,19,0,3277,0,Free
12/6/2024 1:00:34,21.50,10168.29,4.01,6,42,0,19,0,3278,361,Free
12/6/2024 1:00:38,21.50,10170.15,4.01,6,42,0,19,0,3279,1233,Free
12/6/2024 1:00:41,21.50,10171.09,4.01,6,42,0,19,0,3280,309,Free
12/6/2024 1:00:46,21.50,10172.32,4.01,6,42,0,19,0,3281,608,Free
12/6/2024 1:00:49,21.50,10173.04,4.01,6,42,0,19,0,3282,87,Free
12/6/2024 1:00:52,21.50,10173.67,4.00,6,42,0,19,0,3283,2,Free
12/6/2024 1:00:54,21.50,10175.16,4.01,6,42,0,19,0,3284,865,Free
12/6/2024 1:00:58,21.50,10178.06,4.00,6,42,0,19,0,3285,2273,Free
12/6/2024 1:01:06,21.50,10179.64,4.01,6,42,0,19,0,3286,668,Free
12/6/2024 1:01:07,21.50,10180.37,4.01,6,42,0,19,0,3287,96,Free
12/6/2024 1:01:10,21.50,10181.28,4.01,6,42,0,19,0,3288,284,Free
12/6/2024 1:01:17,21.50,10184.74,4.01,6,42,0,19,0,3289,2828,Free
12/6/2024 1:01:21,21.50,10185.76,4.00,6,42,0,19,0,3290,394,Free
12/6/2024 1:01:23,21.50,10186.39,4.01,6,42,0,19,0,3291,0,Free
12/6/2024 1:01:25,21.50,10187.73,4.01,6,42,0,19,0,3292,711,Free
12/6/2024 1:01:32,21.50,10189.20,4.01,6,42,0,19,0,3293,557,Free
12/6/2024 1:01:33,21.50,10190.40,4.01,6,42,0,19,0,3294,573,Free
12/6/2024 1:01:35,21.50,10191.30,4.01,6,42,0,19,0,3295,267,Free
12/6/2024 1:01:41,21.50,10191.93,4.01,6,42,0,19,0,3296,0,Free
12/6/2024 1:01:50,21.50,10193.24,4.01,6,42,0,19,0,3297,395,Free
12/6/2024 1:01:54,21.50,10195.39,4.01,6,42,0,19,0,3298,1529,Free
12/6/2024 1:01:56,21.50,10196.72,4.01,6,42,0,19,0,3299,693,Free
12/6/2024 1:02:00,21.50,10197.50,4.02,6,42,0,19,0,3300,155,Free
12/6/2024 1:02:06,21.50,10198.41,4.02,6,42,0,19,0,3301,0,Free
12/6/2024 1:02:10,21.50,10199.04,4.01,6,42,0,19,0,3302,0,Free
12/6/2024 1:02:13,21.50,10199.73,4.01,6,42,0,19,0,3303,61,Free
12/6/2024 1:02:14,21.50,10200.74,4.01,6,42,0,19,0,3304,378,Free
12/6/2024 1:02:23,21.50,10201.65,4.01,6,42,0,19,0,3305,0,Free
12/6/2024 1:02:27,21.50,10202.28,4.01,6,42,0,19,0,3306,0,Free
12/6/2024 1:02:29,21.50,10202.99,4.01,6,42,0,19,0,3307,87,Free
12/6/2024 1:02:30,21.50,10204.07,4.01,6,42,0,19,0,3308,446,Free
12/6/2024 1:02:38,21.50,10206.23,4.01,6,42,0,19,0,3309,1531,Free
12/6/2024 1:02:39,21.50,10206.93,4.01,6,42,0,19,0,3310,78,Free
12/6/2024 1:02:46,21.50,10208.50,4.01,6,42,0,19,0,3311,941,Free
12/6/2024 1:02:48,21.50,10209.29,4.01,6,42,0,19,0,3312,156,Free
12/6/2024 1:02:55,21.50,10211.42,4.01,6,42,0,19,0,3313,1505,Free
12/6/2024 1:03:00,21.50,10212.55,4.01,6,42,0,19,0,3314,505,Free
12/6/2024 1:03:04,21.50,10213.71,4.02,6,42,0,19,0,3315,531,Free
12/6/2024 1:03:06,21.50,10214.34,4.01,6,42,0,19,0,3316,0,Free
12/6/2024 1:03:07,21.50,10214.98,4.01,6,42,0,19,0,3317,19,Free
12/6/2024 1:03:10,21.50,10218.00,4.01,6,42,0,19,0,3318,2383,Free
12/6/2024 1:03:12,21.50,10218.72,4.02,6,42,0,19,0,3319,87,Free
12/6/2024 1:03:14,21.50,10220.36,4.00,6,42,0,19,0,3320,1011,Free
12/6/2024 1:03:21,21.50,10221.14,4.01,6,42,0,19,0,3321,157,Free
12/6/2024 1:03:21,21.50,10221.77,4.01,6,42,0,19,0,3322,0,Free
12/6/2024 1:03:22,21.50,10222.40,4.01,6,42,0,19,0,3323,0,Free
12/6/2024 1:03:23,21.50,10223.03,4.01,6,42,0,19,0,3324,0,Free
12/6/2024 1:03:31,21.50,10224.23,4.02,6,42,0,19,0,3325,284,Free
12/6/2024 1:03:35,21.50,10225.14,4.01,6,42,0,19,0,3326,284,Free
12/6/2024 1:03:39,21.50,10226.29,4.01,6,42,0,19,0,3327,523,Free
12/6/2024 1:03:40,21.50,10226.92,4.00,6,42,0,19,0,3328,0,Free
12/6/2024 1:03:43,21.50,10227.66,4.01,6,42,0,19,0,3329,112,Free
12/6/2024 1:03:44,21.50,10228.37,4.02,6,42,0,19,0,3330,79,Free
12/6/2024 1:03:53,21.50,10229.73,4.01,6,42,0,19,0,3331,455,Free
12/6/2024 1:03:58,21.50,10230.36,4.01,6,42,0,19,0,3332,0,Free
12/6/2024 1:04:01,21.50,10231.09,4.01,6,42,0,19,0,3333,104,Free
12/6/2024 1:04:06,21.50,10231.96,4.01,6,42,0,19,0,3334,241,Free
12/6/2024 1:04:11,21.50,10232.59,4.01,6,42,0,19,0,3335,0,Free
12/6/2024 1:04:13,21.50,10233.63,4.01,6,42,0,19,0,3336,412,Free
12/6/2024 1:04:18,21.50,10236.00,4.01,6,42,0,19,0,3337,1735,Free
12/6/2024 1:04:19,21.50,10236.65,4.01,6,42,0,19,0,3338,28,Free
12/6/2024 1:04:23,21.50,10237.28,4.01,6,42,0,19,0,3339,0,Free
12/6/2024 1:04:37,21.50,10238.61,4.01,6,42,0,19,0,3340,130,Free
12/6/2024 1:04:41,21.50,10239.41,4.01,6,42,0,19,0,3341,172,Free
12/6/2024 1:04:45,21.50,10240.04,4.01,6,42,0,19,0,3342,0,Free
12/6/2024 1:04:52,21.50,10241.12,4.01,6,42,0,19,0,3343,172,Free
12/6/2024 1:05:01,21.50,10242.04,4.01,6,42,0,19,0,3344,0,Free
12/6/2024 1:05:04,21.50,10242.95,4.01,6,42,0,19,0,3345,275,Free
12/6/2024 1:05:06,21.50,10243.80,4.01,6,42,0,19,0,3346,224,Free
12/6/2024 1:05:06,21.50,10244.43,4.01,6,42,0,19,0,3347,0,Free
12/6/2024 1:05:09,21.50,10245.45,4.01,6,42,0,19,0,3348,394,Free
12/6/2024 1:05:11,21.50,10246.23,4.01,6,42,0,19,0,3349,155,Free
12/6/2024 1:05:20,21.50,10248.93,4.01,6,42,0,19,0,3350,2065,Free
12/6/2024 1:05:21,21.50,10249.60,4.01,6,42,0,19,0,3351,44,Free
12/6/2024 1:05:25,21.50,10251.57,4.01,6,42,0,19,0,3352,1343,Free
12/6/2024 1:05:29,21.50,10252.25,4.01,6,42,0,19,0,3353,53,Free
12/6/2024 1:05:41,21.50,10253.28,4.02,6,42,0,19,0,3354,121,Free
12/6/2024 1:05:47,21.50,10254.54,4.01,6,42,0,19,0,3355,625,Free
12/6/2024 1:05:50,21.50,10255.16,4.01,6,42,0,19,0,3356,0,Free
12/6/2024 1:05:52,21.50,10256.00,4.01,6,42,0,19,0,3357,207,Free
12/6/2024 1:05:55,21.50,10256.63,4.02,6,42,0,19,0,3358,0,Free
12/6/2024 1:05:56,21.50,10257.32,4.01,6,42,0,19,0,3359,61,Free
12/6/2024 1:05:57,21.50,10257.95,4.00,6,42,0,19,0,3360,0,Free
12/6/2024 1:06:04,21.50,10258.72,4.01,6,42,0,19,0,3361,150,Free
12/6/2024 1:06:05,21.50,10260.05,4.01,6,42,0,19,0,3362,702,Free
12/6/2024 1:06:09,21.50,10262.20,4.01,6,42,0,19,0,3363,1521,Free
12/6/2024 1:07:32,21.50,10266.54,4.01,6,42,0,19,0,3364,0,Free
12/6/2024 1:12:43,21.50,10291.64,4.01,6,42,0,19,0,3364,0,Free
12/6/2024 1:14:23,21.50,10296.84,4.01,6,42,0,19,0,3365,0,Free
12/6/2024 1:14:34,21.50,10298.35,4.01,6,42,0,19,0,3366,590,Free
12/6/2024 1:15:13,21.50,10301.29,4.01,6,42,0,19,0,3367,600,Free
12/6/2024 1:15:15,21.50,10302.62,4.01,6,42,0,19,0,3368,711,Free
12/6/2024 1:21:20,21.50,10320.53,4.01,6,42,0,19,0,3369,155,Free
12/6/2024 1:21:23,21.50,10322.47,4.02,6,42,0,19,0,3370,1309,Free
12/6/2024 1:21:26,21.50,10323.10,4.01,6,42,0,19,0,3371,0,Free
12/6/2024 1:21:30,21.50,10324.15,4.01,6,42,0,19,0,3372,421,Free
12/6/2024 1:21:34,21.50,10324.78,4.01,6,42,0,19,0,3373,0,Free
12/6/2024 1:22:03,21.50,10326.55,4.01,6,42,0,19,0,3374,0,Free
12/6/2024 1:22:11,21.50,10328.21,4.01,6,42,0,19,0,3375,745,Free
12/6/2024 1:22:15,21.50,10329.28,4.01,6,42,0,19,0,3376,446,Free
12/6/2024 1:22:17,21.50,10330.30,4.01,6,42,0,19,0,3377,387,Free
12/6/2024 1:22:28,21.50,10331.21,4.01,6,42,0,19,0,3378,0,Free
12/6/2024 1:22:32,21.50,10331.85,4.01,6,42,0,19,0,3379,10,Free
12/6/2024 1:22:38,21.50,10332.47,4.01,6,42,0,19,0,3380,0,Free
12/6/2024 1:22:39,21.50,10333.20,4.01,6,42,0,19,0,3381,96,Free
12/6/2024 1:22:47,21.50,10334.17,4.01,6,42,0,19,0,3382,54,Free
12/6/2024 1:22:53,21.50,10335.30,4.01,6,42,0,19,0,3383,500,Free
12/6/2024 1:22:57,21.50,10336.15,4.01,6,42,0,19,0,3384,224,Free
12/6/2024 1:22:59,21.50,10337.08,4.01,6,42,0,19,0,3385,309,Free
12/6/2024 1:23:03,21.50,10337.71,4.01,6,42,0,19,0,3386,0,Free
12/6/2024 1:23:25,21.50,10339.36,4.02,6,42,0,19,0,3387,164,Free
12/6/2024 1:23:30,21.50,10340.01,4.02,6,42,0,19,0,3388,19,Free
12/6/2024 1:23:32,21.50,10340.64,4.01,6,42,0,19,0,3389,0,Free
12/6/2024 1:23:39,21.50,10341.67,4.01,6,42,0,19,0,3390,122,Free
12/6/2024 1:23:40,21.50,10342.49,4.01,6,42,0,19,0,3391,190,Free
12/6/2024 1:23:45,21.50,10343.12,4.00,6,42,0,19,0,3392,0,Free
12/6/2024 1:23:49,21.50,10343.80,4.01,6,42,0,19,0,3393,53,Free
12/6/2024 1:23:50,21.50,10344.43,4.01,6,42,0,19,0,3394,0,Free
12/6/2024 1:23:54,21.50,10345.96,4.01,6,42,0,19,0,3395,907,Free
12/6/2024 1:23:56,21.50,10346.71,4.01,6,42,0,19,0,3396,122,Free
12/6/2024 1:23:57,21.50,10347.45,4.01,6,42,0,19,0,3397,96,Free
12/6/2024 1:23:59,21.50,10348.16,4.02,6,42,0,19,0,3398,87,Free
12/6/2024 1:24:04,21.50,10349.51,4.01,6,42,0,19,0,3399,719,Free
12/6/2024 1:24:05,21.50,10350.44,4.01,6,42,0,19,0,3400,301,Free
12/6/2024 1:24:09,21.50,10351.51,4.01,6,42,0,19,0,3401,446,Free
12/6/2024 1:24:12,21.50,10352.63,4.01,6,42,0,19,0,3402,498,Free
12/6/2024 1:24:13,21.50,10353.26,4.01,6,42,0,19,0,3403,0,Free
12/6/2024 1:24:23,21.50,10354.52,4.01,6,42,0,19,0,3404,343,Free
12/6/2024 1:24:31,21.50,10357.38,4.01,6,42,0,19,0,3405,1949,Free
12/6/2024 1:24:42,21.50,10359.64,4.01,6,42,0,19,0,3406,1343,Free
12/6/2024 1:24:46,21.50,10361.46,4.01,6,42,0,19,0,3407,1197,Free
12/6/2024 1:28:56,21.50,10383.71,4.01,6,42,0,19,0,3407,0,Free
12/6/2024 1:33:44,21.50,10397.75,4.01,6,42,0,19,0,3408,0,Free
12/6/2024 1:33:48,21.50,10398.57,4.00,6,42,0,19,0,3409,190,Free
12/6/2024 1:39:17,21.50,10415.35,4.01,6,42,0,19,0,3410,745,Free
12/6/2024 1:39:18,21.50,10416.10,4.00,6,42,0,19,0,3411,112,Free
12/6/2024 1:39:21,21.50,10416.73,4.01,6,42,0,19,0,3412,0,Free
12/6/2024 1:39:39,21.50,10418.21,4.01,6,42,0,19,0,3413,0,Free
12/6/2024 1:39:43,21.50,10419.79,4.00,6,42,0,19,0,3414,949,Free
12/6/2024 1:39:56,21.50,10420.98,4.01,6,42,0,19,0,3415,0,Free
12/6/2024 1:40:13,21.50,10423.29,4.01,6,42,0,19,0,3416,1103,Free
12/6/2024 1:40:15,21.50,10424.04,4.01,6,42,0,19,0,3417,130,Free
12/6/2024 1:40:16,21.50,10424.67,4.01,6,42,0,19,0,3418,0,Free
12/6/2024 1:40:17,21.50,10425.30,4.00,6,42,0,19,0,3419,0,Free
12/6/2024 1:40:18,21.50,10425.93,4.01,6,42,0,19,0,3420,0,Free
12/6/2024 1:40:19,21.50,10426.82,4.00,6,42,0,19,0,3421,266,Free
12/6/2024 1:40:21,21.50,10427.80,4.01,6,42,0,19,0,3422,352,Free
12/6/2024 1:40:21,21.50,10428.44,4.00,6,42,0,19,0,3423,0,Free
12/6/2024 1:40:22,21.50,10429.07,4.01,6,42,0,19,0,3424,0,Free
12/6/2024 1:40:27,21.50,10430.00,4.01,6,42,0,19,0,3425,310,Free
12/6/2024 1:40:27,21.50,10430.63,4.01,6,42,0,19,0,3426,0,Free
12/6/2024 1:40:28,21.50,10431.26,4.01,6,42,0,19,0,3427,0,Free
12/6/2024 1:40:30,21.50,10432.28,4.01,6,42,0,19,0,3428,386,Free
12/6/2024 1:40:31,21.50,10432.90,4.01,6,42,0,19,0,3429,0,Free
12/6/2024 1:40:34,21.50,10433.53,4.01,6,42,0,19,0,3430,0,Free
12/6/2024 1:40:42,21.50,10434.72,4.01,6,42,0,19,0,3431,276,Free
12/6/2024 1:40:44,21.50,10435.35,4.01,6,42,0,19,0,3432,0,Free
12/6/2024 1:40:48,21.50,10435.97,4.01,6,42,0,19,0,3433,0,Free
12/6/2024 1:40:49,21.50,10436.60,4.01,6,42,0,19,0,3434,0,Free
12/6/2024 1:40:50,21.50,10437.23,4.01,6,42,0,19,0,3435,0,Free
12/6/2024 1:40:51,21.50,10437.86,4.00,6,42,0,19,0,3436,0,Free
12/6/2024 1:40:56,21.50,10438.56,4.01,6,42,0,19,0,3437,70,Free
12/6/2024 1:40:59,21.50,10440.67,4.01,6,42,0,19,0,3438,1488,Free
12/6/2024 1:41:01,21.50,10441.80,4.00,6,42,0,19,0,3439,497,Free
12/6/2024 1:41:02,21.50,10442.42,4.01,6,42,0,19,0,3440,0,Free
12/6/2024 1:41:04,21.50,10443.05,4.01,6,42,0,19,0,3441,0,Free
12/6/2024 1:41:07,21.50,10445.13,4.01,6,42,0,19,0,3442,1445,Free
12/6/2024 1:41:12,21.50,10447.62,4.01,6,42,0,19,0,3443,1863,Free
12/6/2024 1:41:19,21.50,10450.25,4.01,6,42,0,19,0,3444,2008,Free
12/6/2024 1:41:20,21.50,10450.88,4.01,6,42,0,19,0,3445,0,Free
12/6/2024 1:41:22,21.50,10451.51,4.01,6,42,0,19,0,3446,2,Free
12/6/2024 1:41:25,21.50,10452.14,4.01,6,42,0,19,0,3447,2,Free
12/6/2024 1:41:26,21.50,10452.77,4.01,6,42,0,19,0,3448,0,Free
12/6/2024 1:41:34,21.50,10453.69,4.01,6,42,0,19,0,3449,0,Free
12/6/2024 1:41:38,21.50,10455.16,4.01,6,42,0,19,0,3450,847,Free
12/6/2024 1:41:41,21.50,10455.79,4.01,6,42,0,19,0,3451,0,Free
12/6/2024 1:41:41,21.50,10456.42,4.01,6,42,0,19,0,3452,0,Free
12/6/2024 1:41:58,21.50,10458.98,4.01,6,42,0,19,0,3453,1359,Free
12/6/2024 1:42:05,21.50,10459.65,4.00,6,42,0,19,0,3454,41,Free
12/6/2024 1:42:07,21.50,10460.64,4.01,6,42,0,19,0,3455,368,Free
12/6/2024 1:42:09,21.50,10461.27,4.01,6,42,0,19,0,3456,2,Free
12/6/2024 1:42:17,21.50,10462.24,4.01,6,42,0,19,0,3457,54,Free
12/6/2024 1:42:20,21.50,10463.28,4.00,6,42,0,19,0,3458,412,Free
12/6/2024 1:42:25,21.50,10465.05,4.01,6,42,0,19,0,3459,1146,Free
12/6/2024 1:42:40,21.50,10466.62,4.01,6,42,0,19,0,3460,369,Free
12/6/2024 1:42:44,21.50,10470.02,4.00,6,42,0,19,0,3461,2779,Free
12/6/2024 1:42:49,21.50,10470.83,4.02,6,42,0,19,0,3462,181,Free
12/6/2024 1:42:51,21.50,10471.56,4.01,6,42,0,19,0,3463,104,Free
12/6/2024 1:42:59,21.50,10472.48,4.00,6,42,0,19,0,3464,0,Free
12/6/2024 1:43:03,21.50,10473.11,4.01,6,42,0,19,0,3465,0,Free
12/6/2024 1:43:06,21.50,10473.73,4.01,6,42,0,19,0,3466,0,Free
12/6/2024 1:43:07,21.50,10474.47,4.01,6,42,0,19,0,3467,105,Free
12/6/2024 1:43:08,21.50,10475.10,4.01,6,42,0,19,0,3468,0,Free
12/6/2024 1:43:12,21.50,10476.56,4.01,6,42,0,19,0,3469,830,Free
12/6/2024 1:43:17,21.50,10477.55,4.01,6,42,0,19,0,3470,369,Free
12/6/2024 1:43:19,21.50,10478.65,4.01,6,42,0,19,0,3471,471,Free
12/6/2024 1:43:30,21.50,10489.49,4.01,6,42,0,19,0,3471,0,Free
12/6/2024 1:43:36,21.50,10490.11,4.01,6,42,0,19,0,3472,0,Free
12/6/2024 1:43:49,21.50,10491.31,4.01,6,42,0,19,0,3473,0,Free
12/6/2024 1:43:50,21.50,10491.94,4.01,6,42,0,19,0,3474,0,Free
12/6/2024 1:43:51,21.50,10492.58,4.01,6,42,0,19,0,3475,0,Free
12/6/2024 1:43:53,21.50,10493.74,4.00,6,42,0,19,0,3476,532,Free
12/6/2024 1:43:58,21.50,10494.36,4.01,6,42,0,19,0,3477,0,Free
12/6/2024 1:44:03,21.50,10495.27,4.01,6,42,0,19,0,3478,275,Free
12/6/2024 1:44:08,21.50,10496.04,4.01,6,42,0,19,0,3479,148,Free
12/6/2024 1:44:09,21.50,10496.67,4.01,6,42,0,19,0,3480,0,Free
12/6/2024 1:44:11,21.50,10497.30,4.01,6,42,0,19,0,3481,0,Free
12/6/2024 1:44:42,21.50,10500.02,4.01,6,42,0,19,0,3482,958,Free
12/6/2024 1:44:45,21.50,10500.75,4.01,6,42,0,19,0,3483,95,Free
12/6/2024 1:44:46,21.50,10501.68,4.01,6,42,0,19,0,3484,300,Free
12/6/2024 1:45:01,21.50,10502.88,4.01,6,42,0,19,0,3485,0,Free
12/6/2024 1:45:04,21.50,10504.78,4.00,6,42,0,19,0,3486,1273,Free
12/6/2024 1:45:06,21.50,10506.63,4.01,6,42,0,19,0,3487,1223,Free
12/6/2024 1:45:08,21.50,10507.88,4.00,6,42,0,19,0,3488,626,Free
12/6/2024 1:45:09,21.50,10508.54,4.01,6,42,0,19,0,3489,28,Free
12/6/2024 1:45:11,21.50,10510.06,4.01,6,42,0,19,0,3490,890,Free
12/6/2024 1:45:14,21.50,10510.79,4.01,6,42,0,19,0,3491,104,Free
12/6/2024 1:45:15,21.50,10511.42,4.01,6,42,0,19,0,3492,0,Free
12/6/2024 1:45:19,21.50,10512.05,4.00,6,42,0,19,0,3493,0,Free
12/6/2024 1:45:20,21.50,10513.01,4.00,6,42,0,19,0,3494,336,Free
12/6/2024 1:45:26,21.50,10514.25,4.01,6,42,0,19,0,3495,617,Free
12/6/2024 1:45:27,21.50,10515.00,4.01,6,42,0,19,0,3496,122,Free
12/6/2024 1:45:28,21.50,10515.69,4.01,6,42,0,19,0,3497,53,Free
12/6/2024 1:45:38,21.50,10516.60,4.01,6,42,0,19,0,3498,0,Free
12/6/2024 1:45:39,21.50,10517.23,4.01,6,42,0,19,0,3499,0,Free
12/6/2024 1:45:41,21.50,10517.90,4.01,6,42,0,19,0,3500,45,Free
12/6/2024 1:45:42,21.50,10518.54,4.01,6,42,0,19,0,3501,0,Free
12/6/2024 1:45:44,21.50,10519.23,4.01,6,42,0,19,0,3502,70,Free
12/6/2024 1:45:45,21.50,10519.96,4.01,6,42,0,19,0,3503,96,Free
12/6/2024 1:45:46,21.50,10520.88,4.00,6,42,0,19,0,3504,300,Free
12/6/2024 1:45:55,21.50,10521.80,4.01,6,42,0,19,0,3505,0,Free
12/6/2024 1:46:01,21.50,10522.54,4.00,6,42,0,19,0,3506,112,Free
12/6/2024 1:46:04,21.50,10523.17,4.01,6,42,0,19,0,3507,0,Free
12/6/2024 1:46:06,21.50,10523.80,4.01,6,42,0,19,0,3508,0,Free
12/6/2024 1:46:07,21.50,10524.79,4.01,6,42,0,19,0,3509,368,Free
12/6/2024 1:46:08,21.50,10525.46,4.01,6,42,0,19,0,3510,36,Free
12/6/2024 1:46:11,21.50,10526.60,4.01,6,42,0,19,0,3511,515,Free
12/6/2024 1:46:13,21.50,10527.22,4.00,6,42,0,19,0,3512,0,Free
12/6/2024 1:46:17,21.50,10527.96,4.01,6,42,0,19,0,3513,112,Free
12/6/2024 1:46:20,21.50,10528.77,4.00,6,42,0,19,0,3514,180,Free
12/6/2024 1:46:27,21.50,10529.95,4.00,6,42,0,19,0,3515,548,Free
12/6/2024 1:46:28,21.50,10530.58,4.01,6,42,0,19,0,3516,0,Free
12/6/2024 1:46:29,21.50,10531.32,4.01,6,42,0,19,0,3517,114,Free
12/6/2024 1:46:31,21.50,10532.58,4.01,6,42,0,19,0,3518,625,Free
12/6/2024 1:46:34,21.50,10533.21,4.01,6,42,0,19,0,3519,0,Free
12/6/2024 1:48:39,21.50,10539.85,4.00,6,42,0,19,0,3520,300,Free
12/6/2024 1:48:40,21.50,10540.47,4.00,6,42,0,19,0,3521,0,Free
12/6/2024 1:58:51,21.50,10579.85,4.00,6,42,0,19,0,3521,0,Free
12/6/2024 1:59:28,21.50,10581.91,4.01,6,42,0,19,0,3522,1,Free
12/6/2024 2:00:00,21.50,10584.64,4.01,6,42,0,19,0,3523,677,Free
12/6/2024 2:00:04,21.50,10587.32,4.01,6,42,0,19,0,3524,2052,Free
12/6/2024 2:03:53,21.50,10598.83,4.01,6,42,0,19,0,3525,36,Free
12/6/2024 2:03:55,21.50,10599.76,4.01,6,42,0,19,0,3526,300,Free
12/6/2024 2:03:56,21.50,10600.39,4.00,6,42,0,19,0,3527,0,Free
12/6/2024 2:03:59,21.50,10601.89,4.01,6,42,0,19,0,3528,873,Free
12/6/2024 2:04:00,21.50,10602.65,4.00,6,42,0,19,0,3529,130,Free
12/6/2024 2:04:01,21.50,10603.69,4.00,6,42,0,19,0,3530,412,Free
12/6/2024 2:04:02,21.50,10604.31,4.01,6,42,0,19,0,3531,0,Free
12/6/2024 2:07:47,21.50,10617.34,4.01,6,42,0,19,0,3532,1838,Free
12/6/2024 2:08:02,21.50,10618.54,4.00,6,42,0,19,0,3533,0,Free
12/6/2024 2:08:06,21.50,10619.17,4.01,6,42,0,19,0,3534,0,Free
12/6/2024 2:08:10,21.50,10621.17,4.01,6,42,0,19,0,3535,1369,Free
12/6/2024 2:08:12,21.50,10622.47,4.01,6,42,0,19,0,3536,676,Free
12/6/2024 2:08:13,21.50,10623.10,4.00,6,42,0,19,0,3537,0,Free
12/6/2024 2:08:15,21.50,10623.73,4.01,6,42,0,19,0,3538,2,Free
12/6/2024 2:08:16,21.50,10624.88,4.01,6,42,0,19,0,3539,523,Free
12/6/2024 2:08:27,21.50,10626.01,4.01,6,42,0,19,0,3540,214,Free
12/6/2024 2:08:32,21.50,10626.63,4.00,6,42,0,19,0,3541,0,Free
12/6/2024 2:08:33,21.50,10627.43,4.01,6,42,0,19,0,3542,173,Free
12/6/2024 2:08:35,21.50,10628.06,4.01,6,42,0,19,0,3543,0,Free
12/6/2024 2:08:38,21.50,10628.69,4.00,6,42,0,19,0,3544,0,Free
12/6/2024 2:08:39,21.50,10629.32,4.00,6,42,0,19,0,3545,0,Free
12/6/2024 2:08:41,21.50,10629.95,4.00,6,42,0,19,0,3546,0,Free
12/6/2024 2:08:44,21.50,10630.58,4.01,6,42,0,19,0,3547,2,Free
12/6/2024 2:08:46,21.50,10631.47,4.00,6,42,0,19,0,3548,266,Free
12/6/2024 2:08:46,21.50,10632.11,4.00,6,42,0,19,0,3549,10,Free
12/6/2024 2:08:47,21.50,10632.74,4.00,6,42,0,19,0,3550,0,Free
12/6/2024 2:08:49,21.50,10633.37,4.00,6,42,0,19,0,3551,0,Free
12/6/2024 2:08:50,21.50,10634.00,4.00,6,42,0,19,0,3552,0,Free
12/6/2024 2:08:51,21.50,10635.01,4.00,6,42,0,19,0,3553,378,Free
12/6/2024 2:08:55,21.50,10635.64,4.01,6,42,0,19,0,3554,0,Free
12/6/2024 2:08:57,21.50,10636.63,4.01,6,42,0,19,0,3555,361,Free
12/6/2024 2:09:15,21.50,10637.90,4.01,6,42,0,19,0,3556,70,Free
12/6/2024 2:09:22,21.50,10639.49,4.00,6,42,0,19,0,3557,677,Free
12/6/2024 2:09:27,21.50,10640.24,4.00,6,42,0,19,0,3558,129,Free
12/6/2024 2:09:28,21.50,10641.07,4.01,6,42,0,19,0,3559,198,Free
12/6/2024 2:09:34,21.50,10641.89,4.01,6,42,0,19,0,3560,189,Free
12/6/2024 2:09:36,21.50,10642.51,4.00,6,42,0,19,0,3561,0,Free
12/6/2024 2:09:37,21.50,10643.68,4.01,6,42,0,19,0,3562,539,Free
12/6/2024 2:09:40,21.50,10644.31,4.01,6,42,0,19,0,3563,0,Free
12/6/2024 2:09:42,21.50,10645.72,4.01,6,42,0,19,0,3564,780,Free
12/6/2024 2:09:45,21.50,10646.61,4.00,6,42,0,19,0,3565,258,Free
12/6/2024 2:09:52,21.50,10647.73,4.01,6,42,0,19,0,3566,207,Free
12/6/2024 2:09:58,21.50,10648.69,4.01,6,42,0,19,0,3567,334,Free
12/6/2024 2:10:02,21.50,10649.32,4.00,6,42,0,19,0,3568,0,Free
12/6/2024 2:10:17,21.50,10651.11,4.01,6,42,0,19,0,3569,592,Free
12/6/2024 2:10:19,21.50,10652.23,4.01,6,42,0,19,0,3570,489,Free
12/6/2024 2:10:30,21.50,10653.14,4.01,6,42,0,19,0,3571,0,Free
12/6/2024 2:10:38,21.50,10654.82,4.01,6,42,0,19,0,3572,770,Free
12/6/2024 2:10:49,21.50,10655.74,4.01,6,42,0,19,0,3573,0,Free
12/6/2024 2:10:59,21.50,10657.04,4.00,6,42,0,19,0,3574,386,Free
12/6/2024 2:11:01,21.50,10657.67,4.01,6,42,0,19,0,3575,0,Free
12/6/2024 2:11:04,21.50,10659.75,4.01,6,42,0,19,0,3576,1462,Free
12/6/2024 2:11:11,21.50,10660.38,4.01,6,42,0,19,0,3577,0,Free
12/6/2024 2:11:20,21.50,10663.64,4.00,6,42,0,19,0,3578,2341,Free
12/6/2024 2:11:23,21.50,10664.58,4.01,6,42,0,19,0,3579,309,Free
12/6/2024 2:11:24,21.50,10665.21,4.01,6,42,0,19,0,3580,0,Free
12/6/2024 2:11:33,21.50,10666.37,4.01,6,42,0,19,0,3581,241,Free
12/6/2024 2:11:35,21.50,10667.22,4.01,6,42,0,19,0,3582,224,Free
12/6/2024 2:11:36,21.50,10667.85,4.01,6,42,0,19,0,3583,0,Free
12/6/2024 2:11:38,21.50,10668.50,4.01,6,42,0,19,0,3584,27,Free
12/6/2024 2:11:39,21.50,10669.54,4.00,6,42,0,19,0,3585,412,Free
12/6/2024 2:11:41,21.50,10670.60,4.00,6,42,0,19,0,3586,429,Free
12/6/2024 2:11:42,21.50,10671.36,4.00,6,42,0,19,0,3587,138,Free
12/6/2024 2:11:44,21.50,10672.05,4.01,6,42,0,19,0,3588,61,Free
12/6/2024 2:11:46,21.50,10673.47,4.00,6,42,0,19,0,3589,787,Free
12/6/2024 2:11:47,21.50,10674.32,4.00,6,42,0,19,0,3590,224,Free
12/6/2024 2:11:48,21.50,10674.95,4.01,6,42,0,19,0,3591,0,Free
12/6/2024 2:12:00,21.50,10675.86,4.00,6,42,0,19,0,3592,0,Free
12/6/2024 2:12:04,21.50,10677.25,4.01,6,42,0,19,0,3593,762,Free
12/6/2024 2:12:07,21.50,10677.88,4.00,6,42,0,19,0,3594,0,Free
12/6/2024 2:12:08,21.50,10678.51,4.01,6,42,0,19,0,3595,0,Free
12/6/2024 2:12:10,21.50,10679.14,4.01,6,42,0,19,0,3596,0,Free
12/6/2024 2:12:13,21.50,10679.76,4.01,6,42,0,19,0,3597,0,Free
12/6/2024 2:12:14,21.50,10680.39,4.01,6,42,0,19,0,3598,0,Free
12/6/2024 2:12:16,21.50,10681.12,4.00,6,42,0,19,0,3599,104,Free
12/6/2024 2:12:17,21.50,10681.75,4.01,6,42,0,19,0,3600,0,Free
12/6/2024 2:12:27,21.50,10692.58,4.01,6,42,0,19,0,3600,0,Free
12/6/2024 2:12:34,21.50,10693.21,4.01,6,42,0,19,0,3601,0,Free
12/6/2024 2:12:59,21.50,10694.98,4.01,6,42,0,19,0,3602,0,Free
12/6/2024 2:13:01,21.50,10696.35,4.01,6,42,0,19,0,3603,737,Free
12/6/2024 2:16:19,21.50,10706.40,4.00,6,42,0,19,0,3604,292,Free
12/6/2024 2:16:22,21.50,10708.07,4.01,6,42,0,19,0,3605,1035,Free
12/6/2024 2:16:45,21.50,10709.75,4.01,6,42,0,19,0,3606,198,Free
12/6/2024 2:17:37,21.50,10712.66,4.01,6,42,0,19,0,3607,0,Free
12/6/2024 2:23:01,21.50,10731.71,4.01,6,42,0,19,0,3608,3290,Free
12/6/2024 2:25:19,21.50,10738.93,4.00,6,42,0,19,0,3609,313,Free
12/6/2024 2:25:27,21.50,10739.84,4.00,6,42,0,19,0,3610,0,Free
12/6/2024 2:25:32,21.50,10740.47,4.00,6,42,0,19,0,3611,0,Free
12/6/2024 2:25:35,21.50,10741.10,4.00,6,42,0,19,0,3612,0,Free
12/6/2024 2:25:36,21.50,10742.00,4.01,6,42,0,19,0,3613,266,Free
12/6/2024 2:25:40,21.50,10742.62,4.00,6,42,0,19,0,3614,2,Free
12/6/2024 2:25:42,21.50,10743.70,4.01,6,42,0,19,0,3615,446,Free
12/6/2024 2:25:43,21.50,10744.81,4.00,6,42,0,19,0,3616,488,Free
12/6/2024 2:25:53,21.50,10746.29,4.00,6,42,0,19,0,3617,566,Free
12/6/2024 2:25:59,21.50,10746.92,4.00,6,42,0,19,0,3618,0,Free
12/6/2024 2:26:03,21.50,10747.55,4.01,6,42,0,19,0,3619,0,Free
12/6/2024 2:26:10,21.50,10748.46,4.00,6,42,0,19,0,3620,0,Free
12/6/2024 2:26:14,21.50,10749.09,4.01,6,42,0,19,0,3621,0,Free
12/6/2024 2:26:16,21.50,10749.72,4.00,6,42,0,19,0,3622,0,Free
12/6/2024 2:26:24,21.50,10750.63,4.01,6,42,0,19,0,3623,0,Free
12/6/2024 2:26:47,21.50,10752.12,4.00,6,42,0,19,0,3624,0,Free
12/6/2024 2:26:52,21.50,10752.80,4.00,6,42,0,19,0,3625,54,Free
12/6/2024 2:26:54,21.50,10753.73,4.00,6,42,0,19,0,3626,300,Free
12/6/2024 2:26:56,21.50,10754.36,4.01,6,42,0,19,0,3627,0,Free
12/6/2024 2:26:57,21.50,10754.98,4.00,6,42,0,19,0,3628,0,Free
12/6/2024 2:27:02,21.50,10756.11,4.00,6,42,0,19,0,3629,497,Free
12/6/2024 2:27:03,21.50,10756.81,4.00,6,42,0,19,0,3630,79,Free
12/6/2024 2:27:04,21.50,10757.88,4.00,6,42,0,19,0,3631,438,Free
12/6/2024 2:27:10,21.50,10760.57,4.01,6,42,0,19,0,3632,2060,Free
12/6/2024 2:27:13,21.50,10761.79,4.00,6,42,0,19,0,3633,583,Free
12/6/2024 2:27:14,21.50,10763.31,4.00,6,42,0,19,0,3634,890,Free
12/6/2024 2:27:19,21.50,10763.93,4.01,6,42,0,19,0,3635,0,Free
12/6/2024 2:27:20,21.50,10764.56,4.00,6,42,0,19,0,3636,0,Free
12/6/2024 2:27:21,21.50,10765.46,4.00,6,42,0,19,0,3637,276,Free
12/6/2024 2:27:23,21.50,10766.10,4.00,6,42,0,19,0,3638,10,Free
12/6/2024 2:27:24,21.50,10766.83,4.01,6,42,0,19,0,3639,96,Free
12/6/2024 2:27:26,21.50,10767.92,4.00,6,42,0,19,0,3640,463,Free
12/6/2024 2:27:32,21.50,10768.87,4.01,6,42,0,19,0,3641,326,Free
12/6/2024 2:27:37,21.50,10772.07,4.00,6,42,0,19,0,3642,2572,Free
12/6/2024 2:27:42,21.50,10775.85,4.00,6,42,0,19,0,3643,3153,Free
12/6/2024 2:27:44,21.50,10776.49,4.00,6,42,0,19,0,3644,10,Free
12/6/2024 2:27:48,21.50,10778.08,4.00,6,42,0,19,0,3645,958,Free
12/6/2024 2:27:52,21.50,10779.01,4.00,6,42,0,19,0,3646,301,Free
12/6/2024 2:27:55,21.50,10779.89,4.00,6,42,0,19,0,3647,250,Free
12/6/2024 2:27:56,21.50,10780.51,4.01,6,42,0,19,0,3648,0,Free
12/6/2024 2:27:57,21.50,10781.14,4.01,6,42,0,19,0,3649,0,Free
12/6/2024 2:27:58,21.50,10782.65,4.00,6,42,0,19,0,3650,882,Free
12/6/2024 2:28:01,21.50,10783.32,4.01,6,42,0,19,0,3651,36,Free
12/6/2024 2:28:12,21.50,10794.15,4.01,6,42,0,19,0,3651,0,Free
12/6/2024 2:28:19,21.50,10800.05,4.00,6,42,0,19,0,3652,5271,Free
12/6/2024 2:32:21,21.50,10812.09,4.01,6,42,0,19,0,3653,0,Free
12/6/2024 2:33:00,21.50,10814.49,4.00,6,42,0,19,0,3654,61,Free
12/6/2024 2:33:01,21.50,10815.12,4.00,6,42,0,19,0,3655,0,Free
12/6/2024 2:33:03,21.50,10815.95,4.01,6,42,0,19,0,3656,199,Free
12/6/2024 2:33:03,21.50,10816.76,4.01,6,42,0,19,0,3657,172,Free
12/6/2024 2:33:05,21.50,10817.53,4.01,6,42,0,19,0,3658,138,Free
12/6/2024 2:33:07,21.50,10818.62,4.01,6,42,0,19,0,3659,463,Free
12/6/2024 2:33:08,21.50,10819.60,4.00,6,42,0,19,0,3660,353,Free
12/6/2024 2:33:11,21.50,10821.35,4.00,6,42,0,19,0,3661,1121,Free
12/6/2024 2:33:12,21.50,10821.97,4.00,6,42,0,19,0,3662,0,Free
12/6/2024 2:33:13,21.50,10822.71,4.01,6,42,0,19,0,3663,104,Free
12/6/2024 2:33:14,21.50,10823.40,4.00,6,42,0,19,0,3664,63,Free
12/6/2024 2:33:17,21.50,10824.03,4.00,6,42,0,19,0,3665,0,Free
12/6/2024 2:33:18,21.50,10825.08,4.01,6,42,0,19,0,3666,429,Free
12/6/2024 2:33:31,21.50,10826.08,4.00,6,42,0,19,0,3667,87,Free
12/6/2024 2:33:32,21.50,10826.71,4.00,6,42,0,19,0,3668,0,Free
12/6/2024 2:33:32,21.50,10827.34,4.00,6,42,0,19,0,3669,0,Free
12/6/2024 2:33:35,21.50,10828.12,4.01,6,42,0,19,0,3670,156,Free
12/6/2024 2:33:39,21.50,10828.75,4.01,6,42,0,19,0,3671,0,Free
12/6/2024 2:33:48,21.50,10829.67,4.01,6,42,0,19,0,3672,0,Free
12/6/2024 2:33:52,21.50,10830.52,4.01,6,42,0,19,0,3673,224,Free
12/6/2024 2:34:18,21.50,10832.45,4.01,6,42,0,19,0,3674,156,Free
12/6/2024 2:34:19,21.50,10833.07,4.00,6,42,0,19,0,3675,0,Free
12/6/2024 2:34:31,21.50,10834.27,4.00,6,42,0,19,0,3676,0,Free
12/6/2024 2:34:32,21.50,10834.90,4.01,6,42,0,19,0,3677,0,Free
12/6/2024 2:34:34,21.50,10835.53,4.00,6,42,0,19,0,3678,0,Free
12/6/2024 2:34:38,21.50,10836.22,4.01,6,42,0,19,0,3679,70,Free
12/6/2024 2:34:41,21.50,10836.86,4.00,6,42,0,19,0,3680,0,Free
12/6/2024 2:34:50,21.50,10838.62,4.00,6,42,0,19,0,3681,847,Free
12/6/2024 2:34:57,21.50,10839.53,4.00,6,42,0,19,0,3682,0,Free
12/6/2024 2:35:05,21.50,10840.44,4.01,6,42,0,19,0,3683,0,Free
12/6/2024 2:35:10,21.50,10841.08,4.01,6,42,0,19,0,3684,0,Free
12/6/2024 2:35:13,21.50,10842.01,4.00,6,42,0,19,0,3685,301,Free
12/6/2024 2:35:15,21.50,10842.81,4.00,6,42,0,19,0,3686,181,Free
12/6/2024 2:35:30,21.50,10844.13,4.00,6,42,0,19,0,3687,122,Free
12/6/2024 2:35:36,21.50,10844.77,4.00,6,42,0,19,0,3688,0,Free
12/6/2024 2:35:37,21.50,10845.98,4.00,6,42,0,19,0,3689,592,Free
12/6/2024 2:35:38,21.50,10847.01,4.00,6,42,0,19,0,3690,395,Free
12/6/2024 2:35:41,21.50,10848.13,4.01,6,42,0,19,0,3691,497,Free
12/6/2024 2:35:47,21.50,10848.99,4.01,6,42,0,19,0,3692,224,Free
12/6/2024 2:36:04,21.50,10850.18,4.00,6,42,0,19,0,3693,0,Free
12/6/2024 2:36:09,21.50,10850.81,4.00,6,42,0,19,0,3694,0,Free
12/6/2024 2:36:25,21.50,10852.20,4.01,6,42,0,19,0,3695,190,Free
12/6/2024 2:36:26,21.50,10853.09,4.01,6,42,0,19,0,3696,258,Free
12/6/2024 2:36:35,21.50,10854.18,4.00,6,42,0,19,0,3697,180,Free
12/6/2024 2:36:51,21.50,10855.50,4.01,6,42,0,19,0,3698,112,Free
12/6/2024 2:37:28,21.50,10857.57,4.00,6,42,0,19,0,3699,21,Free
12/6/2024 2:37:28,21.50,10858.20,4.01,6,42,0,19,0,3700,0,Free
12/6/2024 2:37:29,21.50,10858.83,4.00,6,42,0,19,0,3701,0,Free
12/6/2024 2:37:32,21.50,10859.45,4.00,6,42,0,19,0,3702,0,Free
12/6/2024 2:37:33,21.50,10860.08,4.00,6,42,0,19,0,3703,0,Free
12/6/2024 2:43:26,21.50,10887.19,4.00,6,42,0,19,0,3703,0,Free
12/6/2024 2:44:18,21.50,10890.10,4.00,6,42,0,19,0,3704,0,Free
12/6/2024 2:44:42,21.50,10892.38,4.00,6,42,0,19,0,3705,802,Free
12/6/2024 2:44:54,21.50,10893.58,4.00,6,42,0,19,0,3706,0,Free
12/6/2024 2:44:56,21.50,10894.39,4.00,6,42,0,19,0,3707,181,Free
12/6/2024 2:44:58,21.50,10895.02,4.00,6,42,0,19,0,3708,0,Free
12/6/2024 2:44:59,21.50,10895.65,4.00,6,42,0,19,0,3709,0,Free
12/6/2024 2:59:35,21.25,10938.01,4.01,6,42,0,19,0,3710,347,Free
12/6/2024 2:59:36,21.25,10938.64,4.00,6,42,0,19,0,3711,0,Free
12/6/2024 2:59:45,21.25,10939.58,4.00,6,42,0,19,0,3712,27,Free
12/6/2024 2:59:51,21.25,10940.21,4.00,6,42,0,19,0,3713,0,Free
12/6/2024 2:59:52,21.25,10940.84,4.01,6,42,0,19,0,3714,0,Free
12/6/2024 2:59:59,21.25,10941.59,4.00,6,42,0,19,0,3715,126,Free
12/6/2024 3:00:02,21.25,10942.32,4.00,6,42,0,19,0,3716,104,Free
12/6/2024 3:00:11,21.25,10944.42,4.00,6,42,0,19,0,3717,1188,Free
12/6/2024 3:00:57,21.25,10956.97,4.00,6,42,0,19,0,3717,0,Free
12/6/2024 3:12:52,21.25,10991.31,4.00,6,42,0,19,0,3718,32,Free
12/6/2024 3:12:53,21.25,10991.94,4.00,6,42,0,19,0,3719,0,Free
12/6/2024 3:12:54,21.25,10992.58,4.00,6,42,0,19,0,3720,19,Free
12/6/2024 3:18:58,21.25,11020.26,4.00,6,42,0,19,0,3720,0,Free
12/6/2024 3:37:09,21.25,11082.46,4.00,6,42,0,19,0,3720,0,Free
12/6/2024 3:55:20,21.25,11144.67,4.00,6,42,0,19,0,3720,0,Free
12/6/2024 4:13:31,21.25,11206.87,4.00,6,42,0,19,0,3720,0,Free
12/6/2024 4:31:42,21.25,11269.08,4.00,6,42,0,19,0,3720,0,Free
12/6/2024 4:49:53,21.25,11331.29,4.00,6,42,0,19,0,3720,0,Free
12/6/2024 5:08:04,21.25,11393.50,4.00,6,42,0,19,0,3720,0,Free
12/6/2024 5:26:15,21.25,11455.70,4.00,6,42,0,19,0,3720,0,Free
12/6/2024 5:27:26,21.25,11459.63,4.00,6,42,0,19,0,3721,163,Free
12/6/2024 5:27:32,21.25,11460.29,4.00,6,42,0,19,0,3722,27,Free
12/6/2024 5:27:45,21.25,11461.52,4.00,6,42,0,19,0,3723,36,Free
12/6/2024 5:27:55,21.25,11462.48,4.00,6,42,0,19,0,3724,44,Free
12/6/2024 5:28:03,21.25,11463.39,4.00,6,42,0,19,0,3725,0,Free
12/6/2024 5:28:14,21.25,11464.31,4.00,6,42,0,19,0,3726,0,Free
12/6/2024 5:28:16,21.25,11464.95,4.00,6,42,0,19,0,3727,0,Free
12/6/2024 5:28:19,21.25,11466.39,4.00,6,42,0,19,0,3728,812,Free
12/6/2024 5:34:53,21.25,11486.22,4.00,6,42,0,19,0,3729,651,Free
12/6/2024 5:35:00,21.25,11487.72,4.00,6,42,0,19,0,3730,591,Free
12/6/2024 5:35:01,21.25,11488.40,4.00,6,42,0,19,0,3731,53,Free
12/6/2024 5:35:09,21.25,11489.32,4.00,6,42,0,19,0,3732,0,Free
12/6/2024 5:35:12,21.25,11491.70,4.00,6,42,0,19,0,3733,1759,Free
12/6/2024 5:35:17,21.25,11492.33,4.00,6,42,0,19,0,3734,0,Free
12/6/2024 5:35:19,21.25,11494.45,4.00,6,42,0,19,0,3735,1486,Free
12/6/2024 5:39:37,21.25,11507.06,4.00,6,42,0,19,0,3736,0,Free
12/6/2024 5:40:17,21.25,11513.04,4.00,6,42,0,19,0,3737,3637,Free
12/6/2024 5:40:25,21.25,11514.96,4.00,6,42,0,19,0,3738,1008,Free
12/6/2024 5:40:29,21.25,11515.89,4.00,6,42,0,19,0,3739,300,Free
12/6/2024 5:40:29,21.25,11516.54,4.00,6,42,0,19,0,3740,27,Free
12/6/2024 5:40:32,21.25,11518.60,4.00,6,42,0,19,0,3741,1436,Free
12/6/2024 5:40:33,21.25,11519.55,4.00,6,42,0,19,0,3742,318,Free
12/6/2024 5:40:38,21.25,11520.18,4.00,6,42,0,19,0,3743,0,Free
12/6/2024 5:40:40,21.25,11520.81,4.00,6,42,0,19,0,3744,0,Free
12/6/2024 5:40:45,21.25,11521.87,4.00,6,42,0,19,0,3745,437,Free
12/6/2024 5:40:46,21.25,11522.50,3.98,6,42,0,19,0,3746,0,Free
12/6/2024 5:40:59,21.25,11523.47,4.00,6,42,0,19,0,3747,54,Free
12/6/2024 5:41:00,21.25,11524.97,4.00,6,42,0,19,0,3748,873,Free
12/6/2024 5:41:01,21.25,11525.81,4.00,6,42,0,19,0,3749,215,Free
12/6/2024 5:41:06,21.25,11526.57,4.00,6,42,0,19,0,3750,130,Free
12/6/2024 5:41:10,21.25,11528.86,4.00,6,42,0,19,0,3751,1658,Free
12/6/2024 5:41:11,21.25,11529.52,4.00,6,42,0,19,0,3752,36,Free
12/6/2024 5:41:16,21.25,11530.50,4.00,6,42,0,19,0,3753,342,Free
12/6/2024 5:41:17,21.25,11531.51,4.00,6,42,0,19,0,3754,386,Free
12/6/2024 5:41:22,21.25,11532.61,4.00,6,42,0,19,0,3755,471,Free
12/6/2024 5:41:23,21.25,11533.24,4.00,6,42,0,19,0,3756,0,Free
12/6/2024 5:41:24,21.25,11533.87,4.00,6,42,0,19,0,3757,0,Free
12/6/2024 5:41:25,21.25,11534.69,4.00,6,42,0,19,0,3758,190,Free
12/6/2024 5:41:27,21.25,11535.31,4.00,6,42,0,19,0,3759,0,Free
12/6/2024 5:41:30,21.25,11536.58,4.00,6,42,0,19,0,3760,642,Free
12/6/2024 5:41:33,21.25,11538.14,4.00,6,42,0,19,0,3761,932,Free
12/6/2024 5:41:34,21.25,11538.77,4.00,6,42,0,19,0,3762,0,Free
12/6/2024 5:41:36,21.25,11540.88,4.00,6,42,0,19,0,3763,1477,Free
12/6/2024 5:41:48,21.25,11542.37,4.00,6,42,0,19,0,3764,291,Free
12/6/2024 5:41:49,21.25,11543.00,4.00,6,42,0,19,0,3765,0,Free
12/6/2024 5:42:00,21.25,11553.83,4.00,6,42,0,19,0,3765,0,Free
12/6/2024 5:42:07,21.25,11554.46,4.00,6,42,0,19,0,3766,0,Free
12/6/2024 5:42:24,21.25,11555.80,4.00,6,42,0,19,0,3767,147,Free
12/6/2024 5:42:25,21.25,11556.43,4.00,6,42,0,19,0,3768,0,Free
12/6/2024 5:42:28,21.25,11557.21,4.00,6,42,0,19,0,3769,146,Free
12/6/2024 5:42:35,21.25,11562.49,4.00,6,42,0,19,0,3770,4661,Free
12/6/2024 5:42:36,21.25,11563.12,4.00,6,42,0,19,0,3771,0,Free
12/6/2024 5:42:42,21.25,11564.60,4.00,6,42,0,19,0,3772,847,Free
12/6/2024 5:42:43,21.25,11565.23,4.00,6,42,0,19,0,3773,0,Free
12/6/2024 5:42:44,21.25,11566.37,4.00,6,42,0,19,0,3774,513,Free
12/6/2024 5:42:54,21.25,11568.74,4.00,6,42,0,19,0,3775,1462,Free
12/6/2024 5:43:02,21.25,11569.97,4.00,6,42,0,19,0,3776,318,Free
12/6/2024 5:43:05,21.25,11570.66,4.00,6,42,0,19,0,3777,62,Free
12/6/2024 5:43:15,21.25,11571.57,4.00,6,42,0,19,0,3778,0,Free
12/6/2024 5:43:16,21.25,11572.21,4.00,6,42,0,19,0,3779,1,Free
12/6/2024 5:43:18,21.25,11572.91,4.00,6,42,0,19,0,3780,70,Free
12/6/2024 5:43:24,21.25,11574.00,4.00,6,42,0,19,0,3781,456,Free
12/6/2024 5:43:40,21.25,11575.19,4.00,6,42,0,19,0,3782,0,Free
12/6/2024 5:43:42,21.25,11576.00,3.98,6,42,0,19,0,3783,180,Free
12/6/2024 5:43:43,21.25,11576.78,4.00,6,42,0,19,0,3784,156,Free
12/6/2024 5:43:50,21.25,11578.49,4.00,6,42,0,19,0,3785,796,Free
12/6/2024 5:44:03,21.25,11580.05,4.00,6,42,0,19,0,3786,360,Free
12/6/2024 5:44:10,21.25,11580.97,4.00,6,42,0,19,0,3787,0,Free
12/6/2024 5:44:12,21.25,11581.60,4.00,6,42,0,19,0,3788,0,Free
12/6/2024 5:44:17,21.25,11583.53,4.00,6,42,0,19,0,3789,1307,Free
12/6/2024 5:44:20,21.25,11584.28,4.00,6,42,0,19,0,3790,122,Free
12/6/2024 5:44:23,21.25,11586.60,4.00,6,42,0,19,0,3791,1693,Free
12/6/2024 5:44:28,21.50,11587.23,4.00,6,42,0,19,0,3792,0,Free
12/6/2024 5:44:30,21.50,11589.22,4.00,6,42,0,19,0,3793,1359,Free
12/6/2024 5:44:31,21.50,11589.89,4.00,6,42,0,19,0,3794,44,Free
12/6/2024 5:44:37,21.50,11590.52,4.00,6,42,0,19,0,3795,0,Free
12/6/2024 5:44:40,21.50,11592.84,4.00,6,42,0,19,0,3796,1691,Free
12/6/2024 5:44:45,21.50,11593.47,4.00,6,42,0,19,0,3797,0,Free
12/6/2024 5:44:50,21.50,11594.09,4.00,6,42,0,19,0,3798,0,Free
12/6/2024 5:44:52,21.50,11595.36,4.00,6,42,0,19,0,3799,642,Free
12/6/2024 5:44:56,21.50,11595.99,3.98,6,42,0,19,0,3800,0,Free
12/6/2024 5:45:02,21.50,11597.24,4.00,6,42,0,19,0,3801,625,Free
12/6/2024 5:45:10,21.50,11598.16,4.00,6,42,0,19,0,3802,0,Free
12/6/2024 5:45:13,21.50,11598.90,4.00,6,42,0,19,0,3803,112,Free
12/6/2024 5:45:15,21.50,11600.13,4.00,6,42,0,19,0,3804,600,Free
12/6/2024 5:45:16,21.50,11600.77,4.00,6,42,0,19,0,3805,10,Free
12/6/2024 5:45:23,21.50,11603.14,4.00,6,42,0,19,0,3806,1742,Free
12/6/2024 5:45:33,21.50,11605.31,4.00,6,42,0,19,0,3807,1257,Free
12/6/2024 5:45:38,21.50,11606.06,4.00,6,42,0,19,0,3808,122,Free
12/6/2024 5:45:42,21.50,11607.07,4.00,6,42,0,19,0,3809,377,Free
12/6/2024 5:45:47,21.50,11607.69,4.00,6,42,0,19,0,3810,0,Free
12/6/2024 5:45:58,21.50,11610.80,4.00,6,42,0,19,0,3811,2194,Free
12/6/2024 5:47:23,21.50,11615.43,4.00,6,42,0,19,0,3812,0,Free
12/6/2024 5:51:39,21.25,11628.04,4.00,6,42,0,19,0,3813,0,Free
12/6/2024 5:53:12,21.25,11633.02,4.00,6,42,0,19,0,3814,69,Free
12/6/2024 5:55:52,21.25,11641.11,4.00,6,42,0,19,0,3815,36,Free
12/6/2024 5:57:13,21.25,11645.44,4.00,6,42,0,19,0,3816,0,Free
12/6/2024 5:57:14,21.25,11646.07,4.00,6,42,0,19,0,3817,0,Free
12/6/2024 5:57:16,21.25,11646.70,4.00,6,42,0,19,0,3818,0,Free
12/6/2024 5:57:45,21.25,11658.39,4.00,6,42,0,19,0,3818,0,Free
12/6/2024 6:00:55,21.50,11667.87,4.00,6,42,0,19,0,3819,0,Free
12/6/2024 6:00:59,21.50,11668.87,4.00,6,42,0,19,0,3820,377,Free
12/6/2024 6:01:00,21.50,11669.50,4.00,6,42,0,19,0,3821,0,Free
12/6/2024 6:01:01,21.50,11670.13,3.98,6,42,0,19,0,3822,0,Free
12/6/2024 6:01:02,21.50,11671.03,4.00,6,42,0,19,0,3823,275,Free
12/6/2024 6:01:08,21.50,11671.72,4.00,6,42,0,19,0,3824,61,Free
12/6/2024 6:01:21,21.50,11672.69,4.00,6,42,0,19,0,3825,53,Free
12/6/2024 6:01:21,21.50,11673.37,4.00,6,42,0,19,0,3826,54,Free
12/6/2024 6:01:26,21.50,11674.73,4.00,6,42,0,19,0,3827,727,Free
12/6/2024 6:01:28,21.50,11675.35,4.00,6,42,0,19,0,3828,0,Free
12/6/2024 6:01:31,21.50,11675.98,4.00,6,42,0,19,0,3829,0,Free
12/6/2024 6:01:34,21.50,11679.02,4.00,6,42,0,19,0,3830,2409,Free
12/6/2024 6:01:36,21.50,11679.65,4.00,6,42,0,19,0,3831,0,Free
12/6/2024 6:01:38,21.50,11681.53,4.00,6,42,0,19,0,3832,1247,Free
12/6/2024 6:01:40,21.50,11683.01,4.00,6,42,0,19,0,3833,855,Free
12/6/2024 6:01:42,21.50,11683.76,4.00,6,42,0,19,0,3834,122,Free
12/6/2024 6:01:46,21.50,11685.23,4.00,6,42,0,19,0,3835,839,Free
12/6/2024 6:01:51,21.50,11685.85,3.98,6,42,0,19,0,3836,0,Free
12/6/2024 6:02:00,21.50,11687.91,4.00,6,42,0,19,0,3837,1137,Free
12/6/2024 6:02:19,21.50,11689.39,4.00,6,42,0,19,0,3838,0,Free
12/6/2024 6:02:20,21.50,11690.15,4.00,6,42,0,19,0,3839,130,Free
12/6/2024 6:02:40,21.50,11691.72,4.00,6,42,0,19,0,3840,87,Free
12/6/2024 6:03:01,21.50,11693.20,4.00,6,42,0,19,0,3841,0,Free
12/6/2024 6:03:04,21.50,11693.83,4.00,6,42,0,19,0,3842,0,Free
12/6/2024 6:03:06,21.50,11695.51,4.00,6,42,0,19,0,3843,1050,Free
12/6/2024 6:03:12,21.50,11696.25,4.00,6,42,0,19,0,3844,112,Free
12/6/2024 6:03:15,21.50,11697.28,4.00,6,42,0,19,0,3845,403,Free
12/6/2024 6:03:17,21.50,11697.91,4.00,6,42,0,19,0,3846,0,Free
12/6/2024 6:03:18,21.50,11698.54,4.00,6,42,0,19,0,3847,0,Free
12/6/2024 6:03:29,21.50,11700.06,4.00,6,42,0,19,0,3848,607,Free
12/6/2024 6:03:41,21.50,11701.00,4.00,6,42,0,19,0,3849,27,Free
12/6/2024 6:03:43,21.50,11702.37,4.00,6,42,0,19,0,3850,743,Free
12/6/2024 6:03:48,21.50,11703.06,4.00,6,42,0,19,0,3851,61,Free
12/6/2024 6:03:49,21.50,11703.69,4.00,6,42,0,19,0,3852,0,Free
12/6/2024 6:04:01,21.50,11704.79,4.00,6,42,0,19,0,3853,189,Free
12/6/2024 6:04:03,21.50,11706.61,4.00,6,42,0,19,0,3854,1196,Free
12/6/2024 6:04:10,21.50,11707.53,4.00,6,42,0,19,0,3855,0,Free
12/6/2024 6:04:23,21.50,11708.77,4.00,6,42,0,19,0,3856,44,Free
12/6/2024 6:04:28,21.50,11709.60,4.00,6,42,0,19,0,3857,206,Free
12/6/2024 6:04:39,21.50,11710.64,4.00,6,42,0,19,0,3858,113,Free
12/6/2024 6:04:40,21.50,11711.27,4.00,6,42,0,19,0,3859,0,Free
12/6/2024 6:04:48,21.50,11712.24,4.00,6,42,0,19,0,3860,61,Free
12/6/2024 6:05:17,21.50,11714.01,4.00,6,42,0,19,0,3861,0,Free
12/6/2024 6:05:28,21.50,11715.01,4.00,6,42,0,19,0,3862,87,Free
12/6/2024 6:05:32,21.50,11715.64,4.00,6,42,0,19,0,3863,0,Free
12/6/2024 6:05:34,21.50,11716.73,4.00,6,42,0,19,0,3864,462,Free
12/6/2024 6:05:41,21.50,11718.79,4.00,6,42,0,19,0,3865,1434,Free
12/6/2024 6:05:42,21.50,11719.57,4.00,6,42,0,19,0,3866,147,Free
12/6/2024 6:05:49,21.50,11721.14,4.00,6,42,0,19,0,3867,937,Free
12/6/2024 6:05:56,21.50,11722.89,3.98,6,42,0,19,0,3868,1128,Free
12/6/2024 6:06:05,21.50,11724.13,4.00,6,42,0,19,0,3869,325,Free
12/6/2024 6:06:15,21.50,11725.04,4.00,6,42,0,19,0,3870,0,Free
12/6/2024 6:06:20,21.50,11725.67,4.00,6,42,0,19,0,3871,0,Free
12/6/2024 6:06:34,21.50,11726.87,4.00,6,42,0,19,0,3872,0,Free
12/6/2024 6:06:46,21.50,11727.86,4.00,6,42,0,19,0,3873,79,Free
12/6/2024 6:06:56,21.50,11728.78,4.00,6,42,0,19,0,3874,0,Free
12/6/2024 6:07:24,21.50,11730.60,4.00,6,42,0,19,0,3875,54,Free
12/6/2024 6:12:38,21.25,11746.15,4.00,6,42,0,19,0,3876,78,Free
12/6/2024 6:12:40,21.25,11747.54,4.00,6,42,0,19,0,3877,761,Free
12/6/2024 6:12:44,21.25,11748.86,4.00,6,42,0,19,0,3878,693,Free
12/6/2024 6:13:12,21.25,11760.55,4.00,6,42,0,19,0,3878,0,Free
12/6/2024 6:19:13,21.50,11778.30,4.00,6,42,0,20,0,3878,0,Free
12/6/2024 6:19:29,21.50,11779.87,4.00,6,42,0,21,368,3878,0,Free
12/6/2024 6:24:33,21.25,11794.77,4.00,6,42,0,21,0,3879,0,Free
12/6/2024 6:31:13,21.25,11824.15,4.00,6,42,0,21,0,3879,0,Free
12/6/2024 6:49:24,21.25,11886.36,3.99,6,42,0,21,0,3879,0,Free
12/6/2024 7:07:35,21.25,11948.57,4.00,6,42,0,21,0,3879,0,Free
12/6/2024 7:25:46,21.25,12010.78,3.99,6,42,0,21,0,3879,0,Free
12/6/2024 7:43:57,21.25,12072.98,4.00,6,42,0,21,0,3879,0,Free
12/6/2024 8:02:08,21.25,12135.19,3.99,6,42,0,21,0,3879,0,Free
12/6/2024 8:20:19,21.25,12197.40,4.00,6,42,0,21,0,3879,0,Free
12/6/2024 8:38:30,21.25,12259.60,4.00,6,42,0,21,0,3879,0,Free
12/6/2024 8:56:41,21.25,12321.81,3.99,6,42,0,21,0,3879,0,Free
12/6/2024 9:14:52,21.25,12384.02,3.99,6,42,0,21,0,3879,0,Free
12/6/2024 9:33:03,21.50,12446.22,3.99,6,42,0,21,0,3879,0,Free
12/6/2024 9:51:14,21.50,12508.43,3.99,6,42,0,21,0,3879,0,Free
12/6/2024 9:51:26,21.50,12509.34,3.98,6,42,0,21,0,3880,0,Free
12/6/2024 9:58:02,21.50,12529.43,3.99,6,42,0,21,0,3881,907,Free
12/6/2024 10:09:24,21.50,12572.23,3.99,6,42,0,21,0,3881,0,Free
12/6/2024 10:10:23,21.50,12575.44,3.99,6,42,0,21,0,3882,10,Free
12/6/2024 10:10:25,21.50,12576.27,3.99,6,42,0,21,0,3883,207,Free
12/6/2024 10:22:56,21.50,12612.58,3.99,6,42,0,21,0,3884,0,Free
