Timestamp,Temperature,ElapsedSecs,BatteryVoltage,DeviceNumber,LeftCount,LeftDur,RightCount,RightDur,LeftFeedCount,LeftFeedDur,FeedParadigm
12/4/2024 15:41:35,21.50,20.40,4.09,1,0,0,0,0,0,0,Free
12/4/2024 15:44:04,21.75,27.88,4.09,1,0,0,0,0,1,0,Free
12/4/2024 15:46:25,22.00,37.03,4.09,1,0,0,0,0,2,1981,Free
12/4/2024 15:50:08,22.00,48.48,4.09,1,1,297,0,0,2,0,Free
12/4/2024 15:50:21,22.00,49.86,4.09,1,1,0,0,0,3,186,Free
12/4/2024 15:52:06,22.00,55.32,4.09,1,1,0,0,0,4,0,Free
12/4/2024 15:52:32,22.00,57.08,4.09,1,2,0,0,0,4,0,Free
12/4/2024 15:54:16,22.00,62.60,4.09,1,2,0,1,57,4,0,Free
12/4/2024 15:55:05,22.00,65.51,4.09,1,2,0,1,0,5,0,Free
12/4/2024 15:55:07,22.00,66.79,4.09,1,2,0,1,0,6,659,Free
12/4/2024 15:55:39,22.00,68.84,4.09,1,2,0,1,0,7,0,Free
12/4/2024 15:55:47,22.00,71.81,4.09,1,2,0,1,0,8,2051,Free
12/4/2024 15:55:49,22.00,73.39,4.09,1,2,0,1,0,9,963,Free
12/4/2024 15:55:50,22.00,74.45,4.09,1,2,0,1,0,10,427,Free
12/4/2024 15:56:17,22.00,76.21,4.09,1,2,0,1,0,11,0,Free
12/4/2024 15:57:42,22.00,80.95,4.09,1,3,126,1,0,11,0,Free
12/4/2024 15:58:51,22.00,98.85,4.09,1,3,0,1,0,11,0,Free
12/4/2024 15:59:44,22.25,101.75,4.09,1,3,0,1,0,12,0,Free
12/4/2024 16:00:15,22.25,103.97,4.09,1,3,0,1,0,13,169,Free
12/4/2024 16:01:13,22.25,107.16,4.09,1,4,0,1,0,13,0,Free
12/4/2024 16:01:15,22.25,107.90,4.09,1,4,0,1,0,14,118,Free
12/4/2024 16:03:32,22.25,114.79,4.09,1,4,0,1,0,15,0,Free
12/4/2024 16:03:38,22.25,115.41,4.09,1,4,0,1,0,16,0,Free
12/4/2024 16:03:54,22.25,116.66,4.09,1,4,0,1,0,17,48,Free
12/4/2024 16:05:23,22.25,121.27,4.09,1,4,0,1,0,18,0,Free
12/4/2024 16:16:33,22.25,153.49,4.08,1,4,0,1,0,19,22,Free
12/4/2024 16:16:48,22.25,168.82,4.08,1,4,0,1,0,19,0,Free
12/4/2024 16:23:15,22.50,187.80,4.09,1,4,0,2,143,19,0,Free
12/4/2024 16:23:28,22.50,188.99,4.09,1,4,0,2,0,20,0,Free
12/4/2024 16:28:16,22.50,204.38,4.09,1,4,0,2,0,21,1368,Free
12/4/2024 16:29:22,22.50,207.85,4.09,1,4,0,2,0,22,0,Free
12/4/2024 16:34:55,22.50,238.29,4.09,1,4,0,2,0,22,0,Free
12/4/2024 16:37:53,22.75,247.32,4.09,1,5,135,2,0,22,0,Free
12/4/2024 16:37:57,22.75,249.40,4.08,1,5,0,2,0,23,1446,Free
12/4/2024 16:40:21,22.75,257.13,4.09,1,5,0,2,0,24,540,Free
12/4/2024 16:40:23,22.75,257.75,4.09,1,5,0,2,0,25,0,Free
12/4/2024 16:41:17,22.75,261.03,4.09,1,6,82,2,0,25,0,Free
12/4/2024 16:42:41,22.75,265.56,4.09,1,6,0,2,0,26,204,Free
12/4/2024 16:43:48,22.75,269.65,4.09,1,7,324,2,0,26,0,Free
12/4/2024 16:48:42,22.75,283.98,4.09,1,7,0,2,0,27,43,Free
12/4/2024 16:52:51,22.75,310.40,4.09,1,7,0,2,0,27,0,Free
12/4/2024 16:54:01,22.75,314.23,4.09,1,8,73,2,0,27,0,Free
12/4/2024 16:55:11,22.75,317.99,4.08,1,8,0,2,0,28,0,Free
12/4/2024 16:56:26,22.75,322.19,4.09,1,8,0,3,135,28,0,Free
12/4/2024 16:57:14,22.75,324.81,4.08,1,8,0,3,0,29,0,Free
12/4/2024 16:57:16,22.75,325.85,4.09,1,8,0,3,0,30,411,Free
12/4/2024 16:57:19,22.75,326.48,4.09,1,9,0,3,0,30,0,Free
12/4/2024 16:57:42,22.75,327.96,4.09,1,9,0,4,0,30,0,Free
12/4/2024 16:58:53,22.75,331.82,4.09,1,10,100,4,0,30,0,Free
12/4/2024 16:58:55,22.75,332.47,4.09,1,10,0,4,0,31,22,Free
12/4/2024 16:58:58,22.75,335.17,4.08,1,10,0,4,0,32,2064,Free
12/4/2024 17:04:05,22.75,350.46,4.09,1,10,0,4,0,33,108,Free
12/4/2024 17:04:06,22.75,351.63,4.09,1,10,0,4,0,34,540,Free
12/4/2024 17:04:12,22.75,354.10,4.09,1,10,0,4,0,35,1851,Free
12/4/2024 17:04:19,22.75,358.58,4.09,1,10,0,4,0,36,3845,Free
12/4/2024 17:04:24,22.75,359.20,4.09,1,10,0,4,0,37,0,Free
12/4/2024 17:04:26,22.75,359.83,4.08,1,10,0,4,0,38,0,Free
12/4/2024 17:04:30,22.75,360.46,4.09,1,10,0,4,0,39,0,Free
12/4/2024 17:08:09,22.75,371.36,4.09,1,11,0,4,0,39,0,Free
12/4/2024 17:09:05,22.75,374.58,4.09,1,12,22,4,0,39,0,Free
12/4/2024 17:10:20,22.75,392.76,4.09,1,12,0,4,0,39,0,Free
12/4/2024 17:11:07,22.75,395.39,4.09,1,12,0,4,0,40,0,Free
12/4/2024 17:15:02,23.00,407.14,4.09,1,12,0,4,0,41,0,Free
12/4/2024 17:18:27,22.75,417.44,4.09,1,13,0,4,0,41,0,Free
12/4/2024 17:21:15,22.75,426.04,4.08,1,13,0,4,0,42,0,Free
12/4/2024 17:21:45,22.75,428.09,4.09,1,14,290,4,0,42,0,Free
12/4/2024 17:23:28,22.75,433.57,4.09,1,14,0,4,0,43,0,Free
12/4/2024 17:23:34,22.75,436.64,4.09,1,14,0,4,0,44,2438,Free
12/4/2024 17:26:55,22.75,446.68,4.09,1,14,0,5,0,44,0,Free
12/4/2024 17:27:29,22.75,448.74,4.09,1,14,0,6,0,44,0,Free
12/4/2024 17:28:08,22.75,465.22,4.09,1,14,0,6,0,44,0,Free
12/4/2024 17:46:23,22.75,531.91,4.08,1,14,0,6,0,44,0,Free
12/4/2024 18:04:38,22.75,598.61,4.09,1,14,0,6,0,44,0,Free
12/4/2024 18:14:08,22.75,626.17,4.08,1,14,0,6,0,45,116,Free
12/4/2024 18:16:40,22.75,633.94,4.08,1,14,0,6,0,46,0,Free
12/4/2024 18:17:00,22.75,635.42,4.08,1,14,0,7,0,46,0,Free
12/4/2024 18:20:34,22.75,646.04,4.08,1,14,0,8,0,46,0,Free
12/4/2024 18:22:43,22.75,666.79,4.09,1,14,0,8,0,46,0,Free
12/4/2024 18:29:45,22.75,687.47,4.09,1,14,0,8,0,47,66,Free
12/4/2024 18:33:09,22.75,697.80,4.09,1,14,0,9,289,47,0,Free
12/4/2024 18:34:14,22.75,701.32,4.08,1,14,0,9,0,48,40,Free
12/4/2024 18:34:31,22.75,702.52,4.08,1,14,0,9,0,49,0,Free
12/4/2024 18:36:16,22.75,708.00,4.08,1,14,0,9,0,50,0,Free
12/4/2024 18:36:20,22.75,709.61,4.08,1,14,0,9,0,51,988,Free
12/4/2024 18:36:21,22.75,710.49,4.08,1,14,0,9,0,52,246,Free
12/4/2024 18:36:59,22.75,713.33,4.08,1,14,0,9,0,53,505,Free
12/4/2024 18:37:00,22.75,714.28,4.08,1,14,0,9,0,54,324,Free
12/4/2024 18:37:01,22.75,714.91,4.08,1,14,0,9,0,55,0,Free
12/4/2024 18:37:04,22.75,715.57,4.09,1,14,0,9,0,56,31,Free
12/4/2024 18:37:06,22.75,716.46,4.08,1,14,0,9,0,57,264,Free
12/4/2024 18:37:11,22.75,720.47,4.09,1,14,0,9,0,58,3383,Free
12/4/2024 18:37:30,22.75,722.39,4.08,1,14,0,9,0,59,721,Free
12/4/2024 18:39:43,22.75,729.48,4.08,1,14,0,9,0,60,178,Free
12/4/2024 18:40:16,22.75,745.67,4.07,1,14,0,9,0,60,0,Free
12/4/2024 18:44:05,23.00,758.88,4.09,1,14,0,9,0,61,2032,Free
12/4/2024 18:46:40,23.00,766.65,4.08,1,14,0,9,0,62,0,Free
12/4/2024 18:46:47,23.00,767.57,4.08,1,15,0,9,0,62,0,Free
12/4/2024 18:47:00,23.00,768.83,4.08,1,15,0,10,65,62,0,Free
12/4/2024 18:48:40,22.75,774.02,4.08,1,15,0,10,0,63,0,Free
12/4/2024 18:48:42,22.75,775.08,4.08,1,15,0,10,0,64,428,Free
12/4/2024 18:51:45,22.75,784.32,4.08,1,15,0,10,0,65,48,Free
12/4/2024 18:54:55,22.75,793.90,4.08,1,15,0,10,0,66,108,Free
12/4/2024 18:56:34,22.75,799.10,4.08,1,16,0,10,0,66,0,Free
12/4/2024 18:58:07,22.75,818.14,4.08,1,16,0,10,0,66,0,Free
12/4/2024 19:03:40,23.00,834.47,4.09,1,17,0,10,0,66,0,Free
12/4/2024 19:09:35,22.75,851.94,4.08,1,17,0,10,0,67,5,Free
12/4/2024 19:09:49,22.75,853.44,4.08,1,17,0,10,0,68,306,Free
12/4/2024 19:09:51,22.75,854.07,4.08,1,17,0,10,0,69,0,Free
12/4/2024 19:10:11,22.75,855.55,4.08,1,17,0,10,0,70,0,Free
12/4/2024 19:16:02,22.75,886.87,4.09,1,17,0,10,0,70,0,Free
12/4/2024 19:25:23,22.75,914.26,4.08,1,17,0,10,0,71,221,Free
12/4/2024 19:34:14,22.75,954.14,4.07,1,17,0,10,0,71,0,Free
12/4/2024 19:52:29,22.50,1020.85,4.08,1,17,0,10,0,71,0,Free
12/4/2024 20:00:13,22.50,1043.51,4.08,1,17,0,10,0,72,56,Free
12/4/2024 20:00:59,22.50,1046.31,4.07,1,17,0,11,177,72,0,Free
12/4/2024 20:03:43,22.50,1054.65,4.08,1,17,0,11,0,73,0,Free
12/4/2024 20:05:59,22.50,1061.55,4.07,1,17,0,11,0,74,0,Free
12/4/2024 20:06:01,22.50,1063.68,4.08,1,17,0,11,0,75,1497,Free
12/4/2024 20:06:03,22.50,1064.31,4.08,1,17,0,11,0,76,0,Free
12/4/2024 20:10:24,22.50,1091.34,4.08,1,17,0,11,0,76,0,Free
12/4/2024 20:14:00,22.50,1101.96,4.08,1,17,0,11,0,77,0,Free
12/4/2024 20:21:37,22.50,1124.27,4.07,1,17,0,11,0,78,0,Free
12/4/2024 20:28:34,22.50,1158.73,4.07,1,17,0,11,0,78,0,Free
12/4/2024 20:38:39,22.50,1187.98,4.07,1,17,0,11,0,79,74,Free
12/4/2024 20:40:44,22.50,1194.31,4.07,1,17,0,11,0,80,0,Free
12/4/2024 20:40:48,22.50,1194.94,4.07,1,17,0,11,0,81,0,Free
12/4/2024 20:42:30,22.25,1200.13,4.07,1,17,0,11,0,82,0,Free
12/4/2024 20:46:45,22.25,1226.89,4.07,1,17,0,11,0,82,0,Free
12/4/2024 20:49:47,22.50,1236.08,4.07,1,17,0,12,0,82,0,Free
12/4/2024 20:50:56,22.50,1240.24,4.08,1,17,0,12,0,83,402,Free
12/4/2024 20:50:59,22.50,1240.92,4.07,1,17,0,12,0,84,47,Free
12/4/2024 20:51:03,22.50,1241.54,4.08,1,17,0,12,0,85,0,Free
12/4/2024 20:59:01,22.50,1264.72,4.07,1,17,0,12,0,86,0,Free
12/4/2024 21:00:17,22.25,1268.77,4.08,1,17,0,12,0,87,0,Free
12/4/2024 21:00:18,22.25,1269.79,4.07,1,17,0,12,0,88,393,Free
12/4/2024 21:04:39,22.25,1296.83,4.07,1,17,0,12,0,88,0,Free
12/4/2024 21:12:56,22.25,1320.86,4.07,1,17,0,12,0,89,0,Free
12/4/2024 21:12:57,22.25,1321.49,4.07,1,17,0,12,0,90,0,Free
12/4/2024 21:13:00,22.25,1322.11,4.07,1,17,0,12,0,91,0,Free
12/4/2024 21:13:02,22.25,1322.81,4.07,1,17,0,12,0,92,73,Free
12/4/2024 21:14:25,22.25,1327.15,4.07,1,17,0,12,0,93,0,Free
12/4/2024 21:15:23,22.25,1330.35,4.07,1,18,0,12,0,93,0,Free
12/4/2024 21:15:29,22.25,1330.97,4.07,1,18,0,12,0,94,0,Free
12/4/2024 21:17:32,22.25,1337.90,4.07,1,18,0,12,0,95,592,Free
12/4/2024 21:17:33,22.25,1338.53,4.07,1,18,0,12,0,96,0,Free
12/4/2024 21:19:00,22.25,1343.29,4.07,1,18,0,12,0,97,135,Free
12/4/2024 21:19:20,22.25,1344.77,4.07,1,18,0,13,0,97,0,Free
12/4/2024 21:20:02,22.25,1347.11,4.07,1,18,0,13,0,98,0,Free
12/4/2024 21:21:37,22.25,1352.12,4.07,1,18,0,13,0,99,100,Free
12/4/2024 21:21:39,22.25,1352.75,4.07,1,18,0,13,0,100,0,Free
12/4/2024 21:21:41,22.25,1353.45,4.07,1,18,0,13,0,101,73,Free
12/4/2024 21:21:44,22.25,1355.36,4.07,1,18,0,13,0,102,1275,Free
12/4/2024 21:21:45,22.25,1356.37,4.08,1,18,0,13,0,103,384,Free
12/4/2024 21:21:49,22.25,1358.44,4.07,1,18,0,13,0,104,1438,Free
12/4/2024 21:22:04,22.25,1373.77,4.07,1,18,0,13,0,104,0,Free
12/4/2024 21:25:46,22.50,1384.72,4.07,1,18,0,13,0,105,48,Free
12/4/2024 21:34:05,22.25,1409.04,4.07,1,18,0,13,0,106,0,Free
12/4/2024 21:34:08,22.25,1409.66,4.08,1,18,0,13,0,107,0,Free
12/4/2024 21:34:10,22.25,1411.10,4.07,1,18,0,13,0,108,807,Free
12/4/2024 21:34:12,22.25,1412.54,4.07,1,18,0,13,0,109,817,Free
12/4/2024 21:34:17,22.25,1416.03,4.08,1,18,0,13,0,110,2860,Free
12/4/2024 21:37:06,22.25,1424.73,4.07,1,19,82,13,0,110,0,Free
12/4/2024 21:37:08,22.25,1425.40,4.08,1,19,0,13,0,111,39,Free
12/4/2024 21:37:31,22.25,1426.88,4.08,1,19,0,13,0,112,0,Free
12/4/2024 21:39:02,22.25,1431.79,4.08,1,19,0,13,0,113,0,Free
12/4/2024 21:39:04,22.25,1432.42,4.07,1,19,0,13,0,114,0,Free
12/4/2024 21:39:05,22.25,1433.05,4.07,1,19,0,13,0,115,0,Free
12/4/2024 21:39:07,22.25,1433.79,4.07,1,19,0,13,0,116,110,Free
12/4/2024 21:39:08,22.25,1435.60,4.07,1,19,0,13,0,117,1181,Free
12/4/2024 21:39:29,22.25,1451.22,4.08,1,19,0,13,0,117,0,Free
12/4/2024 21:57:44,22.25,1517.93,4.07,1,19,0,13,0,117,0,Free
12/4/2024 22:00:25,22.25,1525.98,4.07,1,19,0,13,0,118,0,Free
12/4/2024 22:15:58,22.25,1584.98,4.07,1,19,0,13,0,118,0,Free
12/4/2024 22:17:07,22.25,1588.74,4.07,1,19,0,13,0,119,0,Free
12/4/2024 22:34:10,22.00,1652.03,4.07,1,19,0,13,0,119,0,Free
12/4/2024 22:52:25,22.00,1718.73,4.07,1,19,0,13,0,119,0,Free
12/4/2024 23:10:40,22.00,1785.45,4.07,1,19,0,13,0,119,0,Free
12/4/2024 23:28:55,22.00,1852.16,4.07,1,19,0,13,0,119,0,Free
12/4/2024 23:47:10,22.00,1918.86,4.07,1,19,0,13,0,119,0,Free
12/5/2024 0:05:25,21.75,1985.57,4.07,1,19,0,13,0,119,0,Free
12/5/2024 0:23:40,21.75,2052.28,4.07,1,19,0,13,0,119,0,Free
12/5/2024 0:37:07,21.75,2091.15,4.07,1,19,0,13,0,120,0,Free
12/5/2024 0:41:52,21.75,2119.33,4.07,1,19,0,13,0,120,0,Free
12/5/2024 0:52:05,22.00,2149.11,4.07,1,19,0,14,39,120,0,Free
12/5/2024 0:54:45,22.00,2157.39,4.07,1,19,0,14,0,121,236,Free
12/5/2024 0:54:51,21.75,2164.02,4.07,1,19,0,14,0,122,6002,Free
12/5/2024 0:54:52,21.75,2164.65,4.07,1,19,0,14,0,123,1,Free
12/5/2024 0:54:54,21.75,2165.71,4.07,1,19,0,14,0,124,436,Free
12/5/2024 0:54:55,21.75,2166.79,4.07,1,19,0,14,0,125,453,Free
12/5/2024 0:54:58,21.75,2167.42,4.07,1,19,0,14,0,126,0,Free
12/5/2024 0:54:59,21.75,2168.05,4.07,1,19,0,14,0,127,0,Free
12/5/2024 0:54:59,21.75,2168.68,4.07,1,19,0,14,0,128,0,Free
12/5/2024 0:55:01,21.75,2169.31,4.07,1,19,0,14,0,129,0,Free
12/5/2024 0:55:02,21.75,2169.93,4.07,1,19,0,14,0,130,0,Free
12/5/2024 0:55:06,21.75,2170.56,4.07,1,19,0,14,0,131,0,Free
12/5/2024 0:55:07,21.75,2171.19,4.07,1,19,0,14,0,132,0,Free
12/5/2024 0:55:16,21.75,2172.18,4.07,1,19,0,14,0,133,73,Free
12/5/2024 0:55:18,21.75,2173.57,4.07,1,19,0,14,0,134,764,Free
12/5/2024 0:55:20,21.75,2175.43,4.06,1,19,0,14,0,135,1230,Free
12/5/2024 0:55:21,21.75,2176.88,4.07,1,19,0,14,0,136,825,Free
12/5/2024 0:55:28,21.75,2178.19,4.07,1,19,0,14,0,137,402,Free
12/5/2024 0:55:35,21.75,2179.11,4.07,1,19,0,14,0,138,0,Free
12/5/2024 0:55:36,21.75,2179.95,4.07,1,19,0,14,0,139,220,Free
12/5/2024 0:57:32,22.00,2186.01,4.07,1,19,0,14,0,140,0,Free
12/5/2024 0:57:40,22.00,2187.72,4.07,1,19,0,14,0,141,791,Free
12/5/2024 0:57:46,22.00,2189.09,4.07,1,19,0,14,0,142,746,Free
12/5/2024 0:57:48,22.00,2189.71,4.07,1,19,0,14,0,143,0,Free
12/5/2024 0:57:50,22.00,2191.36,4.07,1,19,0,14,0,144,1014,Free
12/5/2024 0:58:29,22.00,2207.83,4.07,1,19,0,14,0,144,0,Free
12/5/2024 0:59:13,22.00,2210.46,4.07,1,19,0,14,0,145,0,Free
12/5/2024 0:59:14,22.00,2211.09,4.07,1,19,0,14,0,146,0,Free
12/5/2024 0:59:17,22.00,2212.22,4.07,1,19,0,14,0,147,505,Free
12/5/2024 1:02:09,22.00,2220.84,4.07,1,19,0,14,0,148,0,Free
12/5/2024 1:02:20,22.00,2222.75,4.07,1,19,0,14,0,149,998,Free
12/5/2024 1:02:26,22.00,2223.42,4.07,1,19,0,14,0,150,49,Free
12/5/2024 1:02:27,22.00,2224.48,4.06,1,19,0,14,0,151,428,Free
12/5/2024 1:03:05,22.00,2227.12,4.07,1,19,0,14,0,152,306,Free
12/5/2024 1:03:46,22.00,2230.66,4.07,1,19,0,14,0,153,1187,Free
12/5/2024 1:03:51,22.00,2231.28,4.07,1,19,0,14,0,154,0,Free
12/5/2024 1:03:54,22.00,2231.91,4.06,1,19,0,14,0,155,0,Free
12/5/2024 1:04:59,22.00,2235.63,4.07,1,19,0,14,0,156,237,Free
12/5/2024 1:05:01,22.00,2237.73,4.07,1,19,0,14,0,157,1471,Free
12/5/2024 1:05:08,22.00,2242.99,4.06,1,19,0,14,0,158,4635,Free
12/5/2024 1:05:10,22.00,2243.62,4.07,1,19,0,14,0,159,0,Free
12/5/2024 1:05:13,22.00,2245.07,4.07,1,19,0,14,0,160,824,Free
12/5/2024 1:05:15,22.00,2247.09,4.07,1,19,0,14,0,161,1394,Free
12/5/2024 1:05:17,22.00,2247.72,4.07,1,19,0,14,0,162,0,Free
12/5/2024 1:06:30,22.00,2251.84,4.07,1,19,0,14,0,163,65,Free
12/5/2024 1:07:05,22.00,2254.44,4.06,1,19,0,14,0,164,549,Free
12/5/2024 1:07:07,22.00,2255.11,4.06,1,19,0,14,0,165,31,Free
12/5/2024 1:07:08,22.00,2255.82,4.07,1,19,0,14,0,166,90,Free
12/5/2024 1:07:37,22.00,2257.59,4.07,1,19,0,15,0,166,0,Free
12/5/2024 1:07:38,22.00,2258.22,4.07,1,19,0,16,0,166,0,Free
12/5/2024 1:08:27,22.00,2260.85,4.07,1,20,0,16,0,166,0,Free
12/5/2024 1:08:37,22.00,2262.38,4.07,1,20,0,16,0,167,618,Free
12/5/2024 1:08:40,22.00,2264.20,4.07,1,20,0,16,0,168,1194,Free
12/5/2024 1:08:41,22.00,2264.83,4.07,1,20,0,16,0,169,0,Free
12/5/2024 1:08:44,22.00,2265.46,4.07,1,20,0,16,0,170,0,Free
12/5/2024 1:08:44,22.00,2266.09,4.07,1,20,0,16,0,171,0,Free
12/5/2024 1:14:55,22.00,2284.77,4.07,1,20,0,16,0,172,652,Free
12/5/2024 1:14:57,22.00,2285.49,4.07,1,20,0,16,0,173,92,Free
12/5/2024 1:15:12,22.00,2300.83,4.07,1,20,0,16,0,173,0,Free
12/5/2024 1:15:18,22.00,2301.56,4.06,1,20,0,16,0,174,104,Free
12/5/2024 1:19:18,22.00,2313.60,4.06,1,21,0,16,0,174,0,Free
12/5/2024 1:33:22,22.00,2368.32,4.06,1,21,0,16,0,174,0,Free
12/5/2024 1:34:02,22.00,2372.44,4.06,1,21,0,16,0,175,1773,Free
12/5/2024 1:34:05,22.00,2373.06,4.07,1,21,0,16,0,176,0,Free
12/5/2024 1:34:06,22.00,2373.69,4.07,1,21,0,16,0,177,0,Free
12/5/2024 1:34:11,22.00,2374.32,4.07,1,21,0,16,0,178,0,Free
12/5/2024 1:39:10,22.00,2388.93,4.07,1,22,0,16,0,178,0,Free
12/5/2024 1:39:50,22.00,2391.28,4.06,1,22,0,16,0,179,4,Free
12/5/2024 1:39:52,22.00,2392.27,4.07,1,22,0,16,0,180,367,Free
12/5/2024 1:44:17,22.00,2405.46,4.07,1,22,0,16,0,181,0,Free
12/5/2024 1:44:24,22.00,2406.37,4.06,1,22,0,16,0,182,0,Free
12/5/2024 1:44:26,22.00,2407.22,4.07,1,22,0,16,0,183,219,Free
12/5/2024 1:44:26,22.00,2407.85,4.06,1,22,0,16,0,184,0,Free
12/5/2024 1:46:09,22.00,2413.33,4.06,1,22,0,16,0,185,0,Free
12/5/2024 1:50:54,22.00,2441.51,4.07,1,22,0,16,0,185,0,Free
12/5/2024 2:01:04,22.00,2470.97,4.06,1,22,0,17,0,185,0,Free
12/5/2024 2:09:07,21.75,2508.56,4.07,1,22,0,17,0,185,0,Free
12/5/2024 2:27:22,21.75,2575.27,4.06,1,22,0,17,0,185,0,Free
12/5/2024 2:45:37,21.75,2641.98,4.07,1,22,0,17,0,185,0,Free
12/5/2024 3:03:52,21.75,2708.69,4.06,1,22,0,17,0,185,0,Free
12/5/2024 3:22:07,21.75,2775.39,4.05,1,22,0,17,0,185,0,Free
12/5/2024 3:40:22,21.75,2842.10,4.06,1,22,0,17,0,185,0,Free
12/5/2024 3:58:37,21.75,2908.81,4.05,1,22,0,17,0,185,0,Free
12/5/2024 4:16:52,21.75,2975.51,4.05,1,22,0,17,0,185,0,Free
12/5/2024 4:29:10,21.75,3011.22,4.05,1,22,0,17,0,186,253,Free
12/5/2024 4:29:33,21.75,3012.70,4.06,1,22,0,17,0,187,0,Free
12/5/2024 4:29:36,21.75,3013.33,4.06,1,22,0,17,0,188,0,Free
12/5/2024 4:29:37,21.75,3013.96,4.05,1,22,0,17,0,189,0,Free
12/5/2024 4:29:40,21.75,3014.86,4.06,1,22,0,17,0,190,281,Free
12/5/2024 4:29:42,21.75,3015.49,4.05,1,22,0,17,0,191,0,Free
12/5/2024 4:29:44,21.75,3016.12,4.06,1,22,0,17,0,192,0,Free
12/5/2024 4:29:45,21.75,3016.75,4.06,1,22,0,17,0,193,0,Free
12/5/2024 4:29:50,21.75,3017.38,4.05,1,22,0,17,0,194,0,Free
12/5/2024 4:29:56,21.75,3019.13,4.06,1,22,0,17,0,195,1127,Free
12/5/2024 4:29:58,21.75,3019.76,4.05,1,22,0,17,0,196,0,Free
12/5/2024 4:30:02,21.75,3020.39,4.06,1,22,0,17,0,197,0,Free
12/5/2024 4:30:06,21.75,3021.38,4.06,1,22,0,17,0,198,367,Free
12/5/2024 4:30:08,21.75,3022.85,4.06,1,22,0,17,0,199,842,Free
12/5/2024 4:33:12,21.75,3032.40,4.06,1,22,0,17,0,200,359,Free
12/5/2024 4:34:27,21.75,3050.59,4.05,1,22,0,17,0,200,0,Free
12/5/2024 4:37:06,21.75,3058.65,4.06,1,22,0,17,0,201,0,Free
12/5/2024 4:38:46,21.75,3064.56,4.06,1,22,0,17,0,202,720,Free
12/5/2024 4:52:38,21.75,3118.71,4.06,1,22,0,17,0,202,0,Free
12/5/2024 5:10:53,21.75,3185.42,4.06,1,22,0,17,0,202,0,Free
12/5/2024 5:29:08,21.75,3252.12,4.05,1,22,0,17,0,202,0,Free
12/5/2024 5:47:23,21.50,3318.83,4.05,1,22,0,17,0,202,0,Free
12/5/2024 5:59:04,21.50,3352.57,4.06,1,22,0,17,0,203,0,Free
12/5/2024 6:00:36,21.50,3358.60,4.05,1,22,0,17,0,204,1126,Free
12/5/2024 6:00:39,21.50,3359.23,4.05,1,22,0,17,0,205,0,Free
12/5/2024 6:00:44,21.50,3360.05,4.05,1,22,0,17,0,206,186,Free
12/5/2024 6:00:53,21.50,3361.69,4.05,1,22,0,17,0,207,730,Free
12/5/2024 6:01:24,21.50,3364.07,4.05,1,22,0,17,0,208,324,Free
12/5/2024 6:01:28,21.50,3364.70,4.05,1,22,0,17,0,209,0,Free
12/5/2024 6:01:30,21.50,3365.85,4.05,1,22,0,17,0,210,524,Free
12/5/2024 6:01:31,21.50,3366.47,4.05,1,22,0,17,0,211,0,Free
12/5/2024 6:01:32,21.50,3367.10,4.06,1,22,0,17,0,212,0,Free
12/5/2024 6:01:36,21.50,3368.12,4.05,1,22,0,17,0,213,392,Free
12/5/2024 6:01:36,21.50,3368.75,4.05,1,22,0,17,0,214,0,Free
12/5/2024 6:01:39,21.50,3369.66,4.05,1,22,0,17,0,215,281,Free
12/5/2024 6:01:55,21.50,3371.36,4.05,1,22,0,17,0,216,506,Free
12/5/2024 6:03:34,21.75,3376.56,4.06,1,22,0,17,0,217,0,Free
12/5/2024 6:03:37,21.75,3379.65,4.05,1,22,0,17,0,218,2464,Free
12/5/2024 6:03:50,21.75,3380.59,4.05,1,22,0,17,0,219,30,Free
12/5/2024 6:04:01,21.75,3381.78,4.05,1,22,0,17,0,220,272,Free
12/5/2024 6:04:11,21.75,3382.72,4.05,1,22,0,17,0,221,30,Free
12/5/2024 6:04:13,21.75,3384.22,4.05,1,22,0,17,0,222,868,Free
12/5/2024 6:04:21,21.75,3389.68,4.05,1,22,0,17,0,223,4824,Free
12/5/2024 6:04:42,21.75,3405.30,4.05,1,22,0,17,0,223,0,Free
12/5/2024 6:09:30,21.75,3419.89,4.05,1,22,0,17,0,224,263,Free
12/5/2024 6:22:52,21.75,3472.61,4.05,1,22,0,17,0,224,0,Free
12/5/2024 6:35:34,21.75,3509.28,4.05,1,22,0,17,0,225,78,Free
12/5/2024 6:35:34,21.75,3509.93,4.05,1,22,0,17,0,226,22,Free
12/5/2024 6:41:02,21.75,3540.10,4.05,1,22,0,17,0,226,0,Free
12/5/2024 6:43:03,21.75,3546.47,4.05,1,22,0,17,0,227,31,Free
12/5/2024 6:43:06,21.75,3547.53,4.05,1,22,0,17,0,228,436,Free
12/5/2024 6:51:22,21.75,3571.57,4.05,1,22,0,17,0,229,4,Free
12/5/2024 6:51:27,21.75,3573.63,4.05,1,22,0,17,0,230,1429,Free
12/5/2024 6:59:06,21.75,3610.08,4.05,1,22,0,17,0,230,0,Free
12/5/2024 7:17:21,21.75,3676.78,4.05,1,22,0,17,0,230,0,Free
12/5/2024 7:35:36,21.75,3743.49,4.05,1,22,0,17,0,230,0,Free
12/5/2024 7:53:51,21.75,3810.20,4.05,1,22,0,17,0,230,0,Free
12/5/2024 8:12:06,22.00,3876.91,4.05,1,22,0,17,0,230,0,Free
12/5/2024 8:30:21,22.00,3943.62,4.05,1,22,0,17,0,230,0,Free
12/5/2024 8:34:41,22.00,3956.52,4.05,1,23,0,17,0,230,0,Free
12/5/2024 8:34:42,22.00,3957.15,4.05,1,24,0,17,0,230,0,Free
12/5/2024 8:34:43,22.00,3957.88,4.05,1,25,109,17,0,230,0,Free
12/5/2024 8:34:43,22.00,3958.51,4.05,1,26,0,17,0,230,0,Free
12/5/2024 8:34:45,22.00,3959.17,4.05,1,27,30,17,0,230,0,Free
12/5/2024 8:34:45,22.00,3959.80,4.05,1,28,0,17,0,230,0,Free
12/5/2024 8:34:46,22.00,3960.45,4.05,1,29,22,17,0,230,0,Free
12/5/2024 8:34:47,22.00,3961.39,4.05,1,30,323,17,0,230,0,Free
12/5/2024 8:34:48,22.00,3962.17,4.05,1,31,151,17,0,230,0,Free
12/5/2024 8:34:49,22.00,3962.80,4.05,1,32,0,17,0,230,0,Free
12/5/2024 8:34:50,22.00,3963.44,4.05,1,33,0,17,0,230,0,Free
12/5/2024 8:39:12,22.00,3976.62,4.04,1,33,0,17,0,231,281,Free
12/5/2024 8:39:16,22.00,3977.42,4.05,1,33,0,17,0,232,177,Free
12/5/2024 8:39:17,22.00,3978.36,4.05,1,33,0,17,0,233,315,Free
12/5/2024 8:39:18,22.00,3979.01,4.05,1,33,0,17,0,234,22,Free
12/5/2024 8:41:46,22.00,3986.49,4.05,1,33,0,17,0,235,0,Free
12/5/2024 8:41:50,22.00,3987.68,4.05,1,33,0,17,0,236,557,Free
12/5/2024 8:42:05,22.00,3990.45,4.05,1,33,0,17,0,237,1574,Free
12/5/2024 8:42:19,22.00,3991.92,4.05,1,33,0,17,0,238,272,Free
12/5/2024 8:43:34,22.00,3996.38,4.04,1,33,0,17,0,239,409,Free
12/5/2024 8:43:39,22.00,3997.01,4.05,1,33,0,17,0,240,0,Free
12/5/2024 8:43:41,22.00,3997.77,4.05,1,33,0,17,0,241,134,Free
12/5/2024 8:43:43,22.00,3999.36,4.05,1,33,0,17,0,242,963,Free
12/5/2024 8:43:54,22.00,4000.69,4.05,1,33,0,17,0,243,409,Free
12/5/2024 8:43:56,22.00,4001.37,4.05,1,33,0,17,0,244,56,Free
12/5/2024 8:44:04,22.00,4002.28,4.05,1,33,0,17,0,245,0,Free
12/5/2024 8:44:05,22.00,4003.00,4.05,1,33,0,17,0,246,90,Free
12/5/2024 8:44:08,22.00,4003.64,4.05,1,33,0,17,0,247,13,Free
12/5/2024 8:44:13,22.00,4004.27,4.05,1,33,0,17,0,248,0,Free
12/5/2024 8:44:16,22.00,4004.90,4.05,1,33,0,17,0,249,0,Free
12/5/2024 8:46:19,22.00,4011.23,4.05,1,33,0,17,0,250,0,Free
12/5/2024 8:46:41,22.00,4026.85,4.05,1,33,0,17,0,250,0,Free
12/5/2024 9:04:56,22.25,4093.56,4.05,1,33,0,17,0,250,0,Free
12/5/2024 9:23:11,22.25,4160.27,4.05,1,33,0,17,0,250,0,Free
12/5/2024 9:41:26,22.00,4226.98,4.05,1,33,0,17,0,250,0,Free
12/5/2024 9:59:41,22.00,4293.69,4.04,1,33,0,17,0,250,0,Free
12/5/2024 10:17:56,22.00,4360.40,4.05,1,33,0,17,0,250,0,Free
12/5/2024 10:36:11,21.75,4427.11,4.05,1,33,0,17,0,250,0,Free
12/5/2024 10:54:25,21.75,4493.81,4.04,1,33,0,17,0,250,0,Free
12/5/2024 11:12:40,21.75,4560.52,4.05,1,33,0,17,0,250,0,Free
12/5/2024 11:30:55,22.00,4627.23,4.04,1,33,0,17,0,250,0,Free
12/5/2024 11:49:10,22.00,4693.94,4.04,1,33,0,17,0,250,0,Free
12/5/2024 12:07:25,22.00,4760.64,4.04,1,33,0,17,0,250,0,Free
12/5/2024 12:25:40,21.75,4827.35,4.04,1,33,0,17,0,250,0,Free
12/5/2024 12:43:55,21.75,4894.06,4.04,1,33,0,17,0,250,0,Free
12/5/2024 13:02:10,21.75,4960.77,4.03,1,33,0,17,0,250,0,Free
12/5/2024 13:20:25,21.75,5027.47,4.03,1,33,0,17,0,250,0,Free
12/5/2024 13:34:42,22.00,5068.63,4.03,1,33,0,17,0,251,0,Free
12/5/2024 13:34:43,22.00,5069.73,4.03,1,33,0,17,0,252,471,Free
12/5/2024 13:38:33,22.00,5095.34,4.03,1,33,0,17,0,252,0,Free
12/5/2024 13:40:16,22.00,5101.09,4.04,1,33,0,17,0,253,272,Free
12/5/2024 13:56:43,22.00,5162.66,4.03,1,33,0,17,0,253,0,Free
12/5/2024 14:14:58,22.00,5229.37,4.03,1,33,0,17,0,253,0,Free
12/5/2024 14:33:13,22.00,5296.07,4.03,1,33,0,17,0,253,0,Free
12/5/2024 14:51:28,22.00,5362.78,4.03,1,33,0,17,0,253,0,Free
12/5/2024 15:09:43,21.75,5429.49,4.03,1,33,0,17,0,253,0,Free
12/5/2024 15:27:58,21.75,5496.19,4.03,1,33,0,17,0,253,0,Free
12/5/2024 15:46:13,21.75,5562.90,4.03,1,33,0,17,0,253,0,Free
12/5/2024 16:04:28,21.75,5629.61,4.03,1,33,0,17,0,253,0,Free
12/5/2024 16:22:43,21.75,5696.32,4.03,1,33,0,17,0,253,0,Free
12/5/2024 16:23:19,21.75,5700.91,4.03,1,33,0,17,0,254,2532,Free
12/5/2024 16:23:30,21.75,5701.82,4.03,1,33,0,17,0,255,0,Free
12/5/2024 16:23:32,21.75,5703.39,4.03,1,33,0,17,0,256,945,Free
12/5/2024 16:23:39,21.75,5704.32,4.03,1,33,0,17,0,257,4,Free
12/5/2024 16:23:43,21.75,5705.21,4.03,1,33,0,17,0,258,263,Free
12/5/2024 16:23:45,21.75,5705.84,4.03,1,33,0,17,0,259,0,Free
12/5/2024 16:23:47,21.75,5706.47,4.03,1,33,0,17,0,260,0,Free
12/5/2024 16:23:48,21.75,5707.09,4.03,1,33,0,17,0,261,0,Free
12/5/2024 16:23:49,21.75,5708.38,4.03,1,33,0,17,0,262,661,Free
12/5/2024 16:23:55,21.75,5709.06,4.03,1,33,0,17,0,263,55,Free
12/5/2024 16:23:59,21.75,5709.69,4.03,1,33,0,17,0,264,0,Free
12/5/2024 16:24:00,21.75,5710.37,4.03,1,33,0,17,0,265,56,Free
12/5/2024 16:24:04,21.75,5711.00,4.03,1,33,0,17,0,266,0,Free
12/5/2024 16:24:05,21.75,5711.63,4.03,1,33,0,17,0,267,0,Free
12/5/2024 16:24:08,21.75,5712.26,4.03,1,33,0,17,0,268,0,Free
12/5/2024 16:24:11,21.75,5712.89,4.03,1,33,0,17,0,269,0,Free
12/5/2024 16:24:12,21.75,5713.65,4.03,1,33,0,17,0,270,134,Free
12/5/2024 16:24:23,21.75,5714.56,4.03,1,33,0,17,0,271,0,Free
12/5/2024 16:24:26,21.75,5715.27,4.03,1,33,0,17,0,272,83,Free
12/5/2024 16:24:31,21.75,5717.32,4.03,1,33,0,17,0,273,1420,Free
12/5/2024 16:25:28,22.00,5720.57,4.03,1,33,0,17,0,274,56,Free
12/5/2024 16:25:29,22.00,5721.20,4.03,1,33,0,17,0,275,0,Free
12/5/2024 16:25:31,22.00,5722.26,4.03,1,33,0,17,0,276,436,Free
12/5/2024 16:25:34,22.00,5723.25,4.03,1,33,0,17,0,277,357,Free
12/5/2024 16:25:37,22.00,5723.88,4.03,1,33,0,17,0,278,0,Free
12/5/2024 16:25:41,22.00,5725.15,4.03,1,33,0,17,0,279,643,Free
12/5/2024 16:25:47,22.00,5726.06,4.03,1,33,0,17,0,280,280,Free
12/5/2024 16:25:48,22.00,5727.17,4.03,1,33,0,17,0,281,488,Free
12/5/2024 16:25:50,22.00,5728.18,4.03,1,33,0,17,0,282,385,Free
12/5/2024 16:25:51,22.00,5728.86,4.03,1,33,0,17,0,283,39,Free
12/5/2024 16:25:55,22.00,5729.55,4.03,1,33,0,17,0,284,65,Free
12/5/2024 16:25:57,22.00,5730.86,4.03,1,33,0,17,0,285,678,Free
12/5/2024 16:26:07,22.00,5732.48,4.03,1,33,0,17,0,286,704,Free
12/5/2024 16:26:30,22.00,5735.40,4.03,1,33,0,17,0,287,1438,Free
12/5/2024 16:26:40,22.00,5736.69,4.03,1,33,0,17,0,288,374,Free
12/5/2024 16:26:57,22.00,5738.05,4.03,1,33,0,17,0,289,168,Free
12/5/2024 16:27:01,22.00,5738.76,4.03,1,33,0,17,0,290,82,Free
12/5/2024 16:27:05,22.00,5739.46,4.03,1,33,0,17,0,291,72,Free
12/5/2024 16:27:06,22.00,5740.09,4.03,1,33,0,17,0,292,0,Free
12/5/2024 16:27:09,22.00,5741.33,4.03,1,33,0,17,0,293,606,Free
12/5/2024 16:27:23,22.00,5742.52,4.03,1,33,0,17,0,294,0,Free
12/5/2024 16:27:27,22.00,5743.77,4.03,1,33,0,17,0,295,617,Free
12/5/2024 16:27:31,22.00,5745.28,4.03,1,33,0,17,0,296,883,Free
12/5/2024 16:27:37,22.00,5746.31,4.03,1,33,0,17,0,297,400,Free
12/5/2024 16:27:44,22.00,5747.69,4.03,1,33,0,17,0,298,469,Free
12/5/2024 16:27:56,22.00,5749.13,4.03,1,33,0,17,0,299,523,Free
12/5/2024 16:27:58,22.00,5750.61,4.03,1,33,0,17,0,300,858,Free
12/5/2024 16:28:02,22.00,5751.24,4.03,1,33,0,17,0,301,0,Free
12/5/2024 16:28:03,22.00,5751.87,4.03,1,33,0,17,0,302,0,Free
12/5/2024 16:28:09,22.00,5752.97,4.03,1,33,0,17,0,303,479,Free
12/5/2024 16:28:38,22.00,5754.74,4.03,1,33,0,17,0,304,0,Free
12/5/2024 16:28:39,22.00,5755.37,4.03,1,33,0,17,0,305,0,Free
12/5/2024 16:28:41,22.00,5757.02,4.03,1,33,0,17,0,306,1020,Free
12/5/2024 16:28:46,22.00,5757.65,4.03,1,33,0,17,0,307,0,Free
12/5/2024 16:28:50,22.00,5758.41,4.03,1,33,0,17,0,308,134,Free
12/5/2024 16:28:54,22.00,5759.87,4.03,1,33,0,17,0,309,833,Free
12/5/2024 16:28:56,22.00,5760.58,4.03,1,33,0,17,0,310,83,Free
12/5/2024 16:29:07,22.00,5764.65,4.03,1,33,0,17,0,311,3154,Free
12/5/2024 16:29:08,22.00,5765.74,4.03,1,33,0,17,0,312,462,Free
12/5/2024 16:29:10,22.00,5766.60,4.03,1,33,0,17,0,313,228,Free
12/5/2024 16:29:38,22.00,5768.39,4.03,1,33,0,17,0,314,30,Free
12/5/2024 16:31:38,22.00,5775.83,4.03,1,33,0,17,0,315,1384,Free
12/5/2024 16:31:42,22.00,5776.63,4.03,1,33,0,17,0,316,168,Free
12/5/2024 16:31:46,22.00,5778.53,4.03,1,33,0,17,0,317,1280,Free
12/5/2024 16:31:49,22.00,5781.04,4.03,1,33,0,17,0,318,1877,Free
12/5/2024 16:31:53,22.00,5782.36,4.03,1,33,0,17,0,319,695,Free
12/5/2024 16:37:56,22.00,5814.25,4.03,1,33,0,17,0,319,0,Free
12/5/2024 16:56:11,22.00,5880.96,4.03,1,33,0,17,0,319,0,Free
12/5/2024 17:14:26,22.00,5947.66,4.03,1,33,0,17,0,319,0,Free
12/5/2024 17:22:47,22.00,5972.92,4.03,1,34,934,17,0,319,0,Free
12/5/2024 17:29:24,22.00,5993.27,4.02,1,34,0,17,0,320,1178,Free
12/5/2024 17:29:26,22.00,5994.54,4.03,1,34,0,17,0,321,634,Free
12/5/2024 17:29:30,22.00,5995.61,4.03,1,34,0,17,0,322,445,Free
12/5/2024 17:29:31,22.00,5996.27,4.03,1,34,0,17,0,323,30,Free
12/5/2024 17:29:32,22.00,5997.38,4.03,1,34,0,17,0,324,488,Free
12/5/2024 17:29:33,22.00,5998.03,4.02,1,34,0,17,0,325,22,Free
12/5/2024 17:29:36,22.00,5998.96,4.03,1,34,0,17,0,326,298,Free
12/5/2024 17:29:40,22.00,5999.59,4.03,1,34,0,17,0,327,0,Free
12/5/2024 17:29:43,22.00,6000.64,4.03,1,34,0,17,0,328,427,Free
12/5/2024 17:30:40,22.00,6003.84,4.03,1,34,0,17,0,329,0,Free
12/5/2024 17:30:43,22.00,6006.08,4.03,1,34,0,17,0,330,1610,Free
12/5/2024 17:30:58,22.00,6010.79,4.03,1,34,0,17,0,331,3801,Free
12/5/2024 17:31:00,22.00,6012.13,4.03,1,34,0,17,0,332,712,Free
12/5/2024 17:31:02,22.00,6014.12,4.03,1,34,0,17,0,333,1357,Free
12/5/2024 17:31:04,22.00,6015.03,4.03,1,34,0,17,0,334,280,Free
12/5/2024 17:31:07,22.00,6017.08,4.03,1,34,0,17,0,335,1418,Free
12/5/2024 17:31:08,22.00,6017.80,4.02,1,34,0,17,0,336,90,Free
12/5/2024 17:31:10,22.00,6019.26,4.03,1,34,0,17,0,337,841,Free
12/5/2024 17:31:15,22.00,6020.14,4.03,1,34,0,17,0,338,246,Free
12/5/2024 17:31:17,22.00,6021.49,4.03,1,34,0,17,0,339,729,Free
12/5/2024 17:31:23,22.00,6022.28,4.03,1,34,0,17,0,340,160,Free
12/5/2024 17:31:38,22.00,6037.61,4.03,1,34,0,17,0,340,0,Free
12/5/2024 17:43:04,22.00,6071.04,4.03,1,34,0,17,0,341,263,Free
12/5/2024 17:43:41,22.00,6073.38,4.03,1,34,0,18,0,341,0,Free
12/5/2024 17:49:43,22.00,6105.27,4.03,1,34,0,18,0,341,0,Free
12/5/2024 18:07:58,22.00,6171.98,4.02,1,34,0,18,0,341,0,Free
12/5/2024 18:16:50,21.75,6197.72,4.03,1,34,0,18,0,342,0,Free
12/5/2024 18:17:00,21.75,6204.65,4.02,1,34,0,18,0,343,6300,Free
12/5/2024 18:17:06,21.75,6208.10,4.03,1,34,0,18,0,344,2828,Free
12/5/2024 18:17:09,21.75,6209.15,4.03,1,34,0,18,0,345,419,Free
12/5/2024 18:17:13,21.75,6210.69,4.03,1,34,0,18,0,346,911,Free
12/5/2024 18:17:30,21.75,6211.89,4.03,1,34,0,18,0,347,0,Free
12/5/2024 18:18:04,21.75,6213.94,4.03,1,34,0,18,0,348,0,Free
12/5/2024 18:21:07,21.75,6223.28,4.03,1,34,0,18,0,349,142,Free
12/5/2024 18:21:11,21.75,6224.26,4.03,1,34,0,18,0,350,358,Free
12/5/2024 18:21:14,21.75,6224.89,4.02,1,34,0,18,0,351,0,Free
12/5/2024 18:21:16,21.75,6226.48,4.03,1,34,0,18,0,352,970,Free
12/5/2024 18:21:20,21.75,6228.62,4.02,1,34,0,18,0,353,1507,Free
12/5/2024 18:21:29,21.75,6229.53,4.03,1,34,0,18,0,354,0,Free
12/5/2024 18:21:36,21.75,6231.72,4.03,1,34,0,18,0,355,1549,Free
12/5/2024 18:21:52,21.75,6235.82,4.03,1,34,0,18,0,356,2906,Free
12/5/2024 18:21:54,21.75,6236.59,4.03,1,34,0,18,0,357,133,Free
12/5/2024 18:21:59,21.75,6237.41,4.03,1,34,0,18,0,358,195,Free
12/5/2024 18:22:04,21.75,6238.29,4.03,1,34,0,18,0,359,255,Free
12/5/2024 18:22:10,21.75,6239.65,4.03,1,34,0,18,0,360,737,Free
12/5/2024 18:22:13,21.75,6242.05,4.02,1,34,0,18,0,361,1764,Free
12/5/2024 18:22:14,21.75,6242.82,4.03,1,34,0,18,0,362,142,Free
12/5/2024 18:22:16,21.75,6243.89,4.03,1,34,0,18,0,363,445,Free
12/5/2024 18:22:23,21.75,6246.52,4.03,1,34,0,18,0,364,1999,Free
12/5/2024 18:22:27,21.75,6247.15,4.02,1,34,0,18,0,365,0,Free
12/5/2024 18:22:27,21.75,6247.78,4.03,1,34,0,18,0,366,0,Free
12/5/2024 18:22:28,21.75,6248.56,4.03,1,34,0,18,0,367,160,Free
12/5/2024 18:22:32,21.75,6252.13,4.03,1,34,0,18,0,368,2940,Free
12/5/2024 18:22:36,21.75,6255.37,4.03,1,34,0,18,0,369,2609,Free
12/5/2024 18:22:37,21.75,6256.00,4.03,1,34,0,18,0,370,0,Free
12/5/2024 18:22:39,21.75,6257.50,4.02,1,34,0,18,0,371,876,Free
12/5/2024 18:22:44,21.75,6258.13,4.02,1,34,0,18,0,372,0,Free
12/5/2024 18:22:45,21.75,6259.18,4.03,1,34,0,18,0,373,419,Free
12/5/2024 18:22:48,21.75,6261.51,4.02,1,34,0,18,0,374,1705,Free
12/5/2024 18:22:52,21.75,6263.12,4.02,1,34,0,18,0,375,981,Free
12/5/2024 18:22:54,21.75,6263.74,4.02,1,34,0,18,0,376,0,Free
12/5/2024 18:22:57,21.75,6264.62,4.03,1,34,0,18,0,377,245,Free
12/5/2024 18:23:01,21.75,6265.36,4.03,1,34,0,18,0,378,117,Free
12/5/2024 18:23:03,21.75,6265.99,4.02,1,34,0,18,0,379,0,Free
12/5/2024 18:23:06,21.75,6269.00,4.02,1,34,0,18,0,380,2380,Free
12/5/2024 18:23:14,21.75,6270.67,4.02,1,34,0,18,0,381,755,Free
12/5/2024 18:24:35,22.00,6289.15,4.02,1,34,0,18,0,381,0,Free
12/5/2024 18:31:25,22.00,6309.18,4.03,1,34,0,18,0,382,0,Free
12/5/2024 18:31:28,22.00,6309.85,4.03,1,34,0,18,0,383,38,Free
12/5/2024 18:31:29,22.00,6310.81,4.03,1,34,0,18,0,384,332,Free
12/5/2024 18:31:32,22.00,6311.68,4.03,1,34,0,18,0,385,247,Free
12/5/2024 18:31:34,22.00,6312.95,4.03,1,34,0,18,0,386,643,Free
12/5/2024 18:31:39,22.00,6314.19,4.03,1,34,0,18,0,387,600,Free
12/5/2024 18:31:44,22.00,6316.80,4.02,1,34,0,18,0,388,1990,Free
12/5/2024 18:31:46,22.00,6318.24,4.02,1,34,0,18,0,389,808,Free
12/5/2024 18:31:47,22.00,6319.10,4.03,1,34,0,18,0,390,238,Free
12/5/2024 18:31:50,22.00,6320.45,4.03,1,34,0,18,0,391,721,Free
12/5/2024 18:31:53,22.00,6321.19,4.03,1,34,0,18,0,392,117,Free
12/5/2024 18:31:54,22.00,6321.82,4.02,1,34,0,18,0,393,1,Free
12/5/2024 18:31:57,22.00,6323.81,4.03,1,34,0,18,0,394,1359,Free
12/5/2024 18:32:01,22.00,6324.57,4.03,1,34,0,18,0,395,134,Free
12/5/2024 18:32:04,22.00,6325.65,4.03,1,34,0,18,0,396,453,Free
12/5/2024 18:32:09,22.00,6329.10,4.03,1,34,0,18,0,397,2820,Free
12/5/2024 18:32:11,22.00,6330.41,4.03,1,34,0,18,0,398,686,Free
12/5/2024 18:32:13,22.00,6331.69,4.03,1,34,0,18,0,399,644,Free
12/5/2024 18:32:18,22.00,6334.16,4.02,1,34,0,18,0,400,1843,Free
12/5/2024 18:32:21,22.00,6335.69,4.02,1,34,0,18,0,401,909,Free
12/5/2024 18:32:27,22.00,6337.47,4.03,1,34,0,18,0,402,1153,Free
12/5/2024 18:32:39,22.00,6339.84,4.03,1,34,0,18,0,403,1453,Free
12/5/2024 18:32:41,22.00,6341.30,4.03,1,34,0,18,0,404,834,Free
12/5/2024 18:32:43,22.00,6341.93,4.02,1,34,0,18,0,405,0,Free
12/5/2024 18:32:47,22.00,6344.52,4.03,1,34,0,18,0,406,1955,Free
12/5/2024 18:32:50,22.00,6345.49,4.03,1,34,0,18,0,407,342,Free
12/5/2024 18:32:53,22.00,6348.72,4.02,1,34,0,18,0,408,2603,Free
12/5/2024 18:32:58,22.00,6349.71,4.03,1,34,0,18,0,409,359,Free
12/5/2024 18:32:59,22.00,6350.36,4.03,1,34,0,18,0,410,30,Free
12/5/2024 18:33:00,22.00,6351.14,4.02,1,34,0,18,0,411,151,Free
12/5/2024 18:33:05,22.00,6352.11,4.02,1,34,0,18,0,412,341,Free
12/5/2024 18:33:09,22.00,6353.09,4.03,1,34,0,18,0,413,349,Free
12/5/2024 18:33:15,22.00,6354.96,4.03,1,34,0,18,0,414,1239,Free
12/5/2024 18:33:17,22.00,6356.53,4.03,1,34,0,18,0,415,951,Free
12/5/2024 18:33:19,22.00,6357.60,4.02,1,34,0,18,0,416,436,Free
12/5/2024 18:33:25,22.00,6358.41,4.03,1,34,0,18,0,417,181,Free
12/5/2024 18:33:29,22.00,6359.59,4.03,1,34,0,18,0,418,555,Free
12/5/2024 18:33:31,22.00,6360.22,4.03,1,34,0,18,0,419,0,Free
12/5/2024 18:33:39,22.00,6361.13,4.02,1,34,0,18,0,420,0,Free
12/5/2024 18:33:42,22.00,6363.46,4.02,1,34,0,18,0,421,1705,Free
12/5/2024 18:33:44,22.00,6364.09,4.03,1,34,0,18,0,422,0,Free
12/5/2024 18:33:59,22.00,6368.62,4.02,1,34,0,18,0,423,3612,Free
12/5/2024 18:34:03,22.00,6370.40,4.03,1,34,0,18,0,424,1161,Free
12/5/2024 18:34:05,22.00,6371.90,4.03,1,34,0,18,0,425,868,Free
12/5/2024 18:34:07,22.00,6372.83,4.03,1,34,0,18,0,426,298,Free
12/5/2024 18:34:14,22.00,6374.47,4.03,1,34,0,18,0,427,730,Free
12/5/2024 18:34:18,22.00,6375.39,4.03,1,34,0,18,0,428,289,Free
12/5/2024 18:34:20,22.00,6376.28,4.03,1,34,0,18,0,429,263,Free
12/5/2024 18:34:21,22.00,6377.01,4.03,1,34,0,18,0,430,100,Free
12/5/2024 18:34:23,22.00,6377.64,4.03,1,34,0,18,0,431,0,Free
12/5/2024 18:35:10,22.00,6380.71,4.02,1,34,0,18,0,432,445,Free
12/5/2024 18:35:11,22.00,6381.40,4.02,1,34,0,18,0,433,56,Free
12/5/2024 18:35:12,22.00,6382.38,4.02,1,34,0,18,0,434,359,Free
12/5/2024 18:35:31,22.00,6383.87,4.02,1,34,0,18,0,435,0,Free
12/5/2024 18:40:10,22.00,6411.76,4.03,1,34,0,18,0,435,0,Free
12/5/2024 18:46:46,22.00,6431.15,4.02,1,34,0,18,0,436,202,Free
12/5/2024 18:46:47,22.00,6431.81,4.03,1,34,0,18,0,437,39,Free
12/5/2024 18:46:50,22.00,6432.73,4.02,1,34,0,18,0,438,289,Free
12/5/2024 18:46:52,22.00,6433.36,4.02,1,34,0,18,0,439,0,Free
12/5/2024 18:46:53,22.00,6434.38,4.02,1,34,0,18,0,440,392,Free
12/5/2024 18:46:55,22.00,6435.01,4.02,1,34,0,18,0,441,5,Free
12/5/2024 18:46:56,22.00,6435.73,4.02,1,34,0,18,0,442,92,Free
12/5/2024 18:46:57,22.00,6436.64,4.03,1,34,0,18,0,443,281,Free
12/5/2024 18:46:59,22.00,6437.28,4.02,1,34,0,18,0,444,13,Free
12/5/2024 18:47:01,22.00,6438.39,4.02,1,34,0,18,0,445,479,Free
12/5/2024 18:47:04,22.00,6439.75,4.03,1,34,0,18,0,446,738,Free
12/5/2024 18:47:05,22.00,6440.38,4.03,1,34,0,18,0,447,0,Free
12/5/2024 18:47:09,22.00,6441.58,4.02,1,34,0,18,0,448,574,Free
12/5/2024 18:47:12,22.00,6442.99,4.03,1,34,0,18,0,449,782,Free
12/5/2024 18:47:19,22.00,6443.91,4.02,1,34,0,18,0,450,0,Free
12/5/2024 18:47:20,22.00,6444.53,4.02,1,34,0,18,0,451,0,Free
12/5/2024 18:47:22,22.00,6445.76,4.03,1,34,0,18,0,452,601,Free
12/5/2024 18:47:34,22.00,6446.68,4.03,1,34,0,18,0,453,0,Free
12/5/2024 18:47:36,22.00,6447.49,4.02,1,34,0,18,0,454,185,Free
12/5/2024 18:47:37,22.00,6448.11,4.02,1,34,0,18,0,455,0,Free
12/5/2024 18:47:41,22.00,6449.14,4.03,1,34,0,18,0,456,402,Free
12/5/2024 18:47:44,22.00,6449.77,4.02,1,34,0,18,0,457,0,Free
12/5/2024 18:47:49,22.00,6450.41,4.03,1,34,0,18,0,458,0,Free
12/5/2024 18:47:53,22.00,6451.29,4.03,1,34,0,18,0,459,255,Free
12/5/2024 18:48:02,22.00,6452.29,4.02,1,34,0,18,0,460,83,Free
12/5/2024 18:48:05,22.00,6453.39,4.02,1,34,0,18,0,461,471,Free
12/5/2024 18:48:08,22.00,6454.47,4.03,1,34,0,18,0,462,454,Free
12/5/2024 18:48:10,22.00,6455.37,4.02,1,34,0,18,0,463,272,Free
12/5/2024 18:48:17,22.00,6456.28,4.03,1,34,0,18,0,464,0,Free
12/5/2024 18:48:21,22.00,6457.19,4.02,1,34,0,18,0,465,282,Free
12/5/2024 18:48:26,22.00,6459.16,4.02,1,34,0,18,0,466,1343,Free
12/5/2024 18:48:29,22.00,6460.14,4.02,1,34,0,18,0,467,349,Free
12/5/2024 18:48:32,22.00,6460.77,4.02,1,34,0,18,0,468,0,Free
12/5/2024 18:48:33,22.00,6461.40,4.03,1,34,0,18,0,469,0,Free
12/5/2024 18:48:35,22.00,6462.52,4.03,1,34,0,18,0,470,496,Free
12/5/2024 18:48:40,22.00,6463.78,4.03,1,34,0,18,0,471,635,Free
12/5/2024 18:48:50,22.00,6465.26,4.02,1,34,0,18,0,472,565,Free
12/5/2024 18:48:51,22.00,6465.89,4.02,1,34,0,18,0,473,0,Free
12/5/2024 18:48:56,22.00,6466.98,4.02,1,34,0,18,0,474,462,Free
12/5/2024 18:51:56,22.00,6475.88,4.03,1,34,0,18,0,475,0,Free
12/5/2024 18:52:09,22.00,6477.08,4.02,1,34,0,18,0,476,0,Free
12/5/2024 18:52:11,22.00,6478.17,4.02,1,34,0,18,0,477,462,Free
12/5/2024 18:52:12,22.00,6478.80,4.03,1,34,0,18,0,478,0,Free
12/5/2024 18:52:19,22.00,6481.06,4.02,1,34,0,18,0,479,1636,Free
12/5/2024 18:52:20,22.00,6481.92,4.02,1,34,0,18,0,480,229,Free
12/5/2024 18:55:59,22.00,6506.96,4.03,1,34,0,18,0,480,0,Free
12/5/2024 19:00:15,22.00,6519.57,4.02,1,34,0,18,0,481,0,Free
12/5/2024 19:00:17,22.00,6520.20,4.02,1,34,0,18,0,482,0,Free
12/5/2024 19:00:22,22.00,6520.91,4.02,1,34,0,18,0,483,83,Free
12/5/2024 19:00:23,22.00,6521.71,4.02,1,34,0,18,0,484,169,Free
12/5/2024 19:00:26,22.00,6522.79,4.03,1,34,0,18,0,485,445,Free
12/5/2024 19:00:28,22.00,6523.51,4.03,1,34,0,18,0,486,99,Free
12/5/2024 19:00:36,22.00,6527.23,4.03,1,34,0,18,0,487,3087,Free
12/5/2024 19:00:40,22.00,6529.71,4.03,1,34,0,18,0,488,1856,Free
12/5/2024 19:00:40,22.00,6530.48,4.02,1,34,0,18,0,489,143,Free
12/5/2024 19:00:46,22.00,6533.09,4.03,1,34,0,18,0,490,1981,Free
12/5/2024 19:00:51,22.00,6534.39,4.02,1,34,0,18,0,491,669,Free
12/5/2024 19:00:54,22.00,6535.64,4.02,1,34,0,18,0,492,625,Free
12/5/2024 19:00:57,22.00,6538.06,4.02,1,34,0,18,0,493,1791,Free
12/5/2024 19:01:02,22.00,6539.68,4.02,1,34,0,18,0,494,997,Free
12/5/2024 19:01:04,22.00,6540.66,4.02,1,34,0,18,0,495,349,Free
12/5/2024 19:01:11,22.00,6542.35,4.03,1,34,0,18,0,496,1057,Free
12/5/2024 19:01:17,22.00,6544.68,4.02,1,34,0,18,0,497,1705,Free
12/5/2024 19:01:26,22.00,6545.86,4.02,1,34,0,18,0,498,263,Free
12/5/2024 19:01:28,22.00,6546.53,4.02,1,34,0,18,0,499,47,Free
12/5/2024 19:01:34,22.00,6549.62,4.03,1,34,0,18,0,500,2465,Free
12/5/2024 19:01:35,22.00,6550.37,4.02,1,34,0,18,0,501,116,Free
12/5/2024 19:01:41,22.00,6551.17,4.02,1,34,0,18,0,502,178,Free
12/5/2024 19:01:46,22.00,6552.41,4.02,1,34,0,18,0,503,609,Free
12/5/2024 19:01:48,22.00,6553.47,4.02,1,34,0,18,0,504,428,Free
12/5/2024 19:01:51,22.00,6554.55,4.02,1,34,0,18,0,505,445,Free
12/5/2024 19:01:56,22.00,6556.40,4.02,1,34,0,18,0,506,1222,Free
12/5/2024 19:01:59,22.00,6557.61,4.02,1,34,0,18,0,507,592,Free
12/5/2024 19:02:07,22.00,6558.80,4.02,1,34,0,18,0,508,273,Free
12/5/2024 19:02:10,22.00,6560.73,4.02,1,34,0,18,0,509,1308,Free
12/5/2024 19:02:16,22.00,6562.28,4.02,1,34,0,18,0,510,911,Free
12/5/2024 19:02:26,22.00,6565.43,4.02,1,34,0,18,0,511,2232,Free
12/5/2024 19:13:04,22.00,6610.44,4.02,1,34,0,18,0,511,0,Free
12/5/2024 19:16:07,22.00,6620.66,4.03,1,34,0,18,0,512,1022,Free
12/5/2024 19:16:08,22.00,6621.36,4.02,1,34,0,18,0,513,73,Free
12/5/2024 19:16:12,22.00,6622.35,4.02,1,34,0,18,0,514,367,Free
12/5/2024 19:16:27,22.00,6623.55,4.02,1,34,0,18,0,515,0,Free
12/5/2024 19:16:28,22.00,6624.18,4.02,1,34,0,18,0,516,0,Free
12/5/2024 19:16:32,22.00,6624.80,4.03,1,34,0,18,0,517,0,Free
12/5/2024 19:16:41,22.00,6626.19,4.02,1,34,0,18,0,518,469,Free
12/5/2024 19:16:44,22.00,6627.35,4.02,1,34,0,18,0,519,538,Free
12/5/2024 19:16:47,22.00,6629.15,4.02,1,34,0,18,0,520,1169,Free
12/5/2024 19:16:54,22.00,6630.30,4.02,1,34,0,18,0,521,237,Free
12/5/2024 19:17:00,22.00,6630.93,4.02,1,34,0,18,0,522,0,Free
12/5/2024 19:17:03,22.00,6632.14,4.02,1,34,0,18,0,523,583,Free
12/5/2024 19:17:04,22.00,6632.77,4.02,1,34,0,18,0,524,0,Free
12/5/2024 19:17:12,22.00,6634.45,4.02,1,34,0,18,0,525,772,Free
12/5/2024 19:17:14,22.00,6635.31,4.02,1,34,0,18,0,526,237,Free
12/5/2024 19:17:21,22.00,6638.52,4.02,1,34,0,18,0,527,2577,Free
12/5/2024 19:17:22,22.00,6639.76,4.03,1,34,0,18,0,528,609,Free
12/5/2024 19:17:23,22.00,6640.39,4.03,1,34,0,18,0,529,0,Free
12/5/2024 19:17:30,22.00,6641.55,4.02,1,34,0,18,0,530,255,Free
12/5/2024 19:17:31,22.00,6642.18,4.02,1,34,0,18,0,531,0,Free
12/5/2024 19:17:37,22.00,6643.84,4.02,1,34,0,18,0,532,1030,Free
12/5/2024 19:17:40,22.00,6644.47,4.02,1,34,0,18,0,533,0,Free
12/5/2024 19:17:43,22.00,6645.83,4.02,1,34,0,18,0,534,738,Free
12/5/2024 19:17:55,22.00,6647.21,4.02,1,34,0,18,0,535,462,Free
12/5/2024 19:17:57,22.00,6647.84,4.02,1,34,0,18,0,536,0,Free
12/5/2024 19:17:59,22.00,6648.47,4.03,1,34,0,18,0,537,0,Free
12/5/2024 19:18:01,22.00,6649.17,4.02,1,34,0,18,0,538,66,Free
12/5/2024 19:18:04,22.00,6650.44,4.02,1,34,0,18,0,539,643,Free
12/5/2024 19:18:06,22.00,6651.78,4.02,1,34,0,18,0,540,712,Free
12/5/2024 19:18:09,22.00,6652.83,4.02,1,34,0,18,0,541,427,Free
12/5/2024 19:19:49,22.00,6658.92,4.03,1,34,0,18,0,542,892,Free
12/5/2024 19:19:58,22.00,6660.63,4.02,1,34,0,18,0,543,799,Free
12/5/2024 19:19:58,22.00,6661.26,4.02,1,34,0,18,0,544,0,Free
12/5/2024 19:20:02,22.00,6661.89,4.02,1,34,0,18,0,545,0,Free
12/5/2024 19:20:06,22.00,6663.24,4.02,1,34,0,18,0,546,729,Free
12/5/2024 19:20:11,22.00,6663.93,4.02,1,34,0,18,0,547,64,Free
12/5/2024 19:20:25,22.00,6665.13,4.02,1,34,0,18,0,548,0,Free
12/5/2024 19:20:27,22.00,6665.76,4.02,1,34,0,18,0,549,0,Free
12/5/2024 19:20:28,22.00,6666.39,4.02,1,34,0,18,0,550,0,Free
12/5/2024 19:20:34,22.00,6667.02,4.02,1,34,0,18,0,551,0,Free
12/5/2024 19:23:02,22.00,6674.49,4.02,1,34,0,18,0,552,0,Free
12/5/2024 19:23:04,22.00,6675.21,4.03,1,34,0,18,0,553,90,Free
12/5/2024 19:23:16,22.00,6677.31,4.03,1,34,0,18,0,554,1188,Free
12/5/2024 19:23:27,22.00,6678.23,4.02,1,34,0,18,0,555,4,Free
12/5/2024 19:23:29,22.00,6678.89,4.02,1,34,0,18,0,556,30,Free
12/5/2024 19:23:30,22.00,6679.52,4.02,1,34,0,18,0,557,0,Free
12/5/2024 19:23:32,22.00,6680.14,4.02,1,34,0,18,0,558,0,Free
12/5/2024 19:27:19,22.00,6691.33,4.02,1,34,0,18,0,559,0,Free
12/5/2024 19:27:48,22.00,6693.41,4.02,1,34,0,18,0,560,307,Free
12/5/2024 19:27:50,22.00,6694.04,4.03,1,34,0,18,0,561,0,Free
12/5/2024 19:27:51,22.00,6694.95,4.02,1,34,0,18,0,562,280,Free
12/5/2024 19:27:52,22.00,6695.58,4.02,1,34,0,18,0,563,0,Free
12/5/2024 19:27:54,22.00,6697.02,4.02,1,34,0,18,0,564,808,Free
12/5/2024 19:27:56,22.00,6697.64,4.03,1,34,0,18,0,565,0,Free
12/5/2024 19:28:00,22.00,6700.19,4.02,1,34,0,18,0,566,1920,Free
12/5/2024 19:28:04,22.00,6702.01,4.02,1,34,0,18,0,567,1187,Free
12/5/2024 19:28:25,22.00,6717.63,4.02,1,34,0,18,0,567,0,Free
12/5/2024 19:28:37,22.00,6721.51,4.02,1,34,0,18,0,568,2972,Free
12/5/2024 19:28:44,22.00,6722.67,4.02,1,34,0,18,0,569,246,Free
12/5/2024 19:28:46,22.00,6723.99,4.02,1,34,0,18,0,570,695,Free
12/5/2024 19:28:59,22.00,6725.89,4.02,1,34,0,18,0,571,979,Free
12/5/2024 19:29:02,22.00,6728.82,4.02,1,34,0,18,0,572,2310,Free
12/5/2024 19:32:06,22.00,6738.29,4.02,1,34,0,18,0,573,273,Free
12/5/2024 19:32:07,22.00,6738.91,4.02,1,34,0,18,0,574,0,Free
12/5/2024 19:46:22,22.00,6794.20,4.02,1,34,0,18,0,574,0,Free
12/5/2024 20:04:37,22.00,6860.91,4.02,1,34,0,18,0,574,0,Free
12/5/2024 20:04:46,22.00,6861.83,4.02,1,34,0,18,0,575,0,Free
12/5/2024 20:04:49,22.00,6862.89,4.02,1,34,0,18,0,576,435,Free
12/5/2024 20:04:52,22.00,6863.91,4.02,1,34,0,18,0,577,393,Free
12/5/2024 20:04:54,22.00,6864.73,4.02,1,34,0,18,0,578,195,Free
12/5/2024 20:07:38,22.00,6873.39,4.03,1,34,0,18,0,579,323,Free
12/5/2024 20:07:47,22.00,6874.60,4.02,1,34,0,18,0,580,299,Free
12/5/2024 20:08:01,22.00,6875.80,4.02,1,34,0,18,0,581,0,Free
12/5/2024 20:08:07,22.00,6881.51,4.02,1,34,0,18,0,582,5087,Free
12/5/2024 20:08:10,22.00,6882.24,4.02,1,34,0,18,0,583,99,Free
12/5/2024 20:08:16,22.00,6885.84,4.02,1,34,0,18,0,584,2966,Free
12/5/2024 20:08:20,22.00,6888.14,4.02,1,34,0,18,0,585,1677,Free
12/5/2024 20:08:27,22.00,6889.06,4.02,1,34,0,18,0,586,0,Free
12/5/2024 20:08:33,22.00,6889.69,4.02,1,34,0,18,0,587,4,Free
12/5/2024 20:08:35,22.00,6890.56,4.02,1,34,0,18,0,588,238,Free
12/5/2024 20:08:37,22.00,6891.48,4.03,1,34,0,18,0,589,299,Free
12/5/2024 20:08:42,22.00,6892.74,4.02,1,34,0,18,0,590,626,Free
12/5/2024 20:08:44,22.00,6893.37,4.02,1,34,0,18,0,591,0,Free
12/5/2024 20:08:44,22.00,6894.12,4.02,1,34,0,18,0,592,126,Free
12/5/2024 20:08:48,22.00,6897.27,4.02,1,34,0,18,0,593,2526,Free
12/5/2024 20:08:55,22.00,6899.46,4.02,1,34,0,18,0,594,1559,Free
12/5/2024 20:09:06,22.00,6900.37,4.02,1,34,0,18,0,595,0,Free
12/5/2024 20:09:09,22.00,6901.46,4.02,1,34,0,18,0,596,462,Free
12/5/2024 20:09:28,22.00,6902.97,4.02,1,34,0,18,0,597,22,Free
12/5/2024 20:11:54,22.00,6910.45,4.02,1,34,0,18,0,598,0,Free
12/5/2024 20:11:56,22.00,6911.10,4.02,1,34,0,18,0,599,22,Free
12/5/2024 20:12:00,22.00,6911.73,4.02,1,34,0,18,0,600,0,Free
12/5/2024 20:13:45,22.00,6917.21,4.02,1,34,0,18,0,601,0,Free
12/5/2024 20:14:06,22.00,6918.70,4.02,1,34,0,18,0,602,13,Free
12/5/2024 20:14:07,22.00,6919.40,4.02,1,34,0,18,0,603,73,Free
12/5/2024 20:14:15,22.00,6920.32,4.02,1,34,0,18,0,604,0,Free
12/5/2024 20:14:21,22.00,6921.17,4.02,1,34,0,18,0,605,229,Free
12/5/2024 20:14:24,22.00,6922.27,4.02,1,34,0,18,0,606,471,Free
12/5/2024 20:14:25,22.00,6922.93,4.02,1,34,0,18,0,607,22,Free
12/5/2024 20:14:33,22.00,6923.84,4.02,1,34,0,18,0,608,0,Free
12/5/2024 20:14:34,22.00,6925.06,4.02,1,34,0,18,0,609,591,Free
12/5/2024 20:14:38,22.00,6925.69,4.02,1,34,0,18,0,610,0,Free
12/5/2024 20:14:43,22.00,6927.46,4.02,1,34,0,18,0,611,1142,Free
12/5/2024 20:14:44,22.00,6928.11,4.02,1,34,0,18,0,612,30,Free
12/5/2024 20:14:49,22.00,6928.82,4.02,1,34,0,18,0,613,73,Free
12/5/2024 20:14:50,22.00,6929.45,4.02,1,34,0,18,0,614,0,Free
12/5/2024 20:14:54,22.00,6932.35,4.02,1,34,0,18,0,615,2267,Free
12/5/2024 20:15:11,22.00,6933.54,4.02,1,34,0,18,0,616,0,Free
12/5/2024 20:15:13,22.00,6934.17,4.02,1,34,0,18,0,617,0,Free
12/5/2024 20:15:14,22.00,6934.80,4.02,1,34,0,18,0,618,0,Free
12/5/2024 20:15:15,22.00,6935.43,4.02,1,34,0,18,0,619,0,Free
12/5/2024 20:15:18,22.00,6936.06,4.02,1,34,0,18,0,620,0,Free
12/5/2024 20:15:21,22.00,6937.42,4.02,1,34,0,18,0,621,738,Free
12/5/2024 20:15:22,22.00,6938.05,4.02,1,34,0,18,0,622,0,Free
12/5/2024 20:15:27,22.00,6939.27,4.02,1,34,0,18,0,623,591,Free
12/5/2024 20:15:28,22.00,6939.90,4.02,1,34,0,18,0,624,0,Free
12/5/2024 20:15:30,22.00,6940.53,4.02,1,34,0,18,0,625,0,Free
12/5/2024 20:15:31,22.00,6941.15,4.02,1,34,0,18,0,626,0,Free
12/5/2024 20:15:34,22.00,6942.95,4.02,1,34,0,18,0,627,1170,Free
12/5/2024 20:15:35,22.00,6943.58,4.02,1,34,0,18,0,628,0,Free
12/5/2024 20:16:37,22.00,6947.06,4.02,1,34,0,18,0,629,0,Free
12/5/2024 20:16:38,22.00,6947.93,4.02,1,34,0,18,0,630,238,Free
12/5/2024 20:16:38,22.00,6948.61,4.02,1,34,0,18,0,631,56,Free
12/5/2024 20:16:40,22.00,6949.24,4.02,1,34,0,18,0,632,0,Free
12/5/2024 20:16:41,22.00,6949.87,4.02,1,34,0,18,0,633,0,Free
12/5/2024 20:16:43,22.00,6951.02,4.02,1,34,0,18,0,634,522,Free
12/5/2024 20:16:44,22.00,6951.65,4.02,1,34,0,18,0,635,0,Free
12/5/2024 20:16:45,22.00,6952.27,4.02,1,34,0,18,0,636,0,Free
12/5/2024 20:16:50,22.00,6953.04,4.02,1,34,0,18,0,637,143,Free
12/5/2024 20:16:53,22.00,6956.02,4.02,1,34,0,18,0,638,2353,Free
12/5/2024 20:17:02,22.00,6956.95,4.02,1,34,0,18,0,639,0,Free
12/5/2024 20:17:11,22.00,6959.62,4.02,1,34,0,18,0,640,1761,Free
12/5/2024 20:17:14,22.00,6960.36,4.02,1,34,0,18,0,641,116,Free
12/5/2024 20:17:17,22.00,6961.04,4.02,1,34,0,18,0,642,47,Free
12/5/2024 20:17:20,22.00,6962.91,4.02,1,34,0,18,0,643,1247,Free
12/5/2024 20:17:21,22.00,6963.94,4.02,1,34,0,18,0,644,401,Free
12/5/2024 20:17:24,22.00,6965.32,4.02,1,34,0,18,0,645,747,Free
12/5/2024 20:17:26,22.00,6967.17,4.02,1,34,0,18,0,646,1229,Free
12/5/2024 20:17:31,22.00,6968.76,4.02,1,34,0,18,0,647,954,Free
12/5/2024 20:17:33,22.00,6970.69,4.02,1,34,0,18,0,648,1300,Free
12/5/2024 20:17:34,22.00,6971.31,4.02,1,34,0,18,0,649,0,Free
12/5/2024 20:17:39,22.00,6974.04,4.02,1,34,0,18,0,650,2103,Free
12/5/2024 20:17:44,22.00,6977.08,4.02,1,34,0,18,0,651,2405,Free
12/5/2024 20:17:48,22.00,6980.44,4.02,1,34,0,18,0,652,2733,Free
12/5/2024 20:17:51,22.00,6981.06,4.02,1,34,0,18,0,653,0,Free
12/5/2024 20:18:36,22.00,6997.83,4.02,1,34,0,18,0,653,0,Free
12/5/2024 20:20:56,22.00,7005.27,4.02,1,34,0,18,0,654,255,Free
12/5/2024 20:21:01,22.00,7006.03,4.02,1,34,0,18,0,655,126,Free
12/5/2024 20:21:07,22.00,7007.43,4.02,1,34,0,18,0,656,773,Free
12/5/2024 20:34:23,22.00,7046.31,4.02,1,34,0,19,584,656,0,Free
12/5/2024 20:34:24,22.00,7047.10,4.02,1,34,0,20,160,656,0,Free
12/5/2024 20:36:39,22.00,7068.14,4.02,1,34,0,20,0,656,0,Free
12/5/2024 20:54:54,21.75,7134.85,4.02,1,34,0,20,0,656,0,Free
12/5/2024 21:03:51,22.00,7160.88,4.02,1,34,0,20,0,657,0,Free
12/5/2024 21:04:32,22.00,7163.22,4.02,1,34,0,20,0,658,0,Free
12/5/2024 21:07:08,21.75,7170.98,4.02,1,35,0,20,0,658,0,Free
12/5/2024 21:07:11,21.75,7171.61,4.02,1,36,0,20,0,658,0,Free
12/5/2024 21:13:02,22.00,7202.94,4.03,1,36,0,20,0,658,0,Free
12/5/2024 21:14:19,22.00,7207.16,4.02,1,36,0,20,0,659,176,Free
12/5/2024 21:14:24,22.00,7208.71,4.02,1,36,0,20,0,660,919,Free
12/5/2024 21:14:27,22.00,7211.62,4.02,1,36,0,20,0,661,2283,Free
12/5/2024 21:14:33,22.00,7212.55,4.02,1,36,0,20,0,662,298,Free
12/5/2024 21:14:40,22.00,7216.17,4.02,1,36,0,20,0,663,2992,Free
12/5/2024 21:14:45,22.00,7219.34,4.02,1,36,0,20,0,664,2543,Free
12/5/2024 21:15:38,22.00,7222.44,4.02,1,36,0,20,0,665,186,Free
12/5/2024 21:15:41,22.00,7224.18,4.02,1,36,0,20,0,666,1116,Free
12/5/2024 21:15:46,22.00,7226.06,4.02,1,36,0,20,0,667,1257,Free
12/5/2024 21:15:50,22.00,7227.21,4.02,1,36,0,20,0,668,515,Free
12/5/2024 21:15:52,22.00,7229.70,4.02,1,36,0,20,0,669,1866,Free
12/5/2024 21:15:53,22.00,7230.46,4.02,1,36,0,20,0,670,134,Free
12/5/2024 21:15:58,22.00,7234.38,4.02,1,36,0,20,0,671,3294,Free
12/5/2024 21:15:59,22.00,7235.01,4.02,1,36,0,20,0,672,0,Free
12/5/2024 21:16:01,22.00,7236.63,4.02,1,36,0,20,0,673,988,Free
12/5/2024 21:16:02,22.00,7237.80,4.02,1,36,0,20,0,674,549,Free
12/5/2024 21:16:04,22.00,7238.43,4.01,1,36,0,20,0,675,0,Free
12/5/2024 21:16:07,22.00,7239.06,4.02,1,36,0,20,0,676,0,Free
12/5/2024 21:16:08,22.00,7239.69,4.02,1,36,0,20,0,677,0,Free
12/5/2024 21:16:10,22.00,7240.82,4.02,1,36,0,20,0,678,504,Free
12/5/2024 21:16:12,22.00,7242.19,4.02,1,36,0,20,0,679,739,Free
12/5/2024 21:16:25,22.00,7243.45,4.02,1,36,0,20,0,680,65,Free
12/5/2024 21:16:28,22.00,7244.08,4.02,1,36,0,20,0,681,0,Free
12/5/2024 21:16:36,22.00,7245.10,4.02,1,36,0,20,0,682,108,Free
12/5/2024 21:16:47,22.00,7246.01,4.02,1,36,0,20,0,683,0,Free
12/5/2024 21:16:52,22.00,7248.49,4.02,1,36,0,20,0,684,1843,Free
12/5/2024 21:16:53,22.00,7249.12,4.02,1,36,0,20,0,685,0,Free
12/5/2024 21:16:57,22.00,7249.75,4.02,1,36,0,20,0,686,0,Free
12/5/2024 21:16:59,22.00,7250.59,4.02,1,36,0,20,0,687,220,Free
12/5/2024 21:17:00,22.00,7251.46,4.02,1,36,0,20,0,688,238,Free
12/5/2024 21:17:02,22.00,7252.30,4.02,1,36,0,20,0,689,211,Free
12/5/2024 21:17:04,22.00,7252.97,4.02,1,36,0,20,0,690,39,Free
12/5/2024 21:17:10,22.00,7253.59,4.02,1,36,0,20,0,691,0,Free
12/5/2024 21:17:11,22.00,7254.22,4.02,1,36,0,20,0,692,0,Free
12/5/2024 21:17:16,22.00,7254.85,4.02,1,36,0,20,0,693,0,Free
12/5/2024 21:17:24,22.00,7255.83,4.02,1,36,0,20,0,694,65,Free
12/5/2024 21:17:27,22.00,7256.58,4.02,1,36,0,20,0,695,125,Free
12/5/2024 21:17:29,22.00,7258.75,4.02,1,36,0,20,0,696,1541,Free
12/5/2024 21:17:32,22.00,7259.38,4.02,1,36,0,20,0,697,0,Free
12/5/2024 21:17:33,22.00,7260.11,4.02,1,36,0,20,0,698,100,Free
12/5/2024 21:17:35,22.00,7261.15,4.02,1,36,0,20,0,699,419,Free
12/5/2024 21:17:37,22.00,7263.71,4.02,1,36,0,20,0,700,1929,Free
12/5/2024 21:17:46,22.00,7264.84,4.02,1,36,0,20,0,701,220,Free
12/5/2024 21:17:50,22.00,7266.03,4.02,1,36,0,20,0,702,557,Free
12/5/2024 21:17:55,22.00,7267.87,4.02,1,36,0,20,0,703,1213,Free
12/5/2024 21:17:59,22.00,7268.69,4.02,1,36,0,20,0,704,195,Free
12/5/2024 21:18:14,22.00,7270.21,4.02,1,36,0,20,0,705,315,Free
12/5/2024 21:18:16,22.00,7271.12,4.02,1,36,0,20,0,706,290,Free
12/5/2024 21:18:18,22.00,7271.82,4.02,1,36,0,20,0,707,73,Free
12/5/2024 21:18:21,22.00,7273.03,4.02,1,36,0,20,0,708,574,Free
12/5/2024 21:18:26,22.00,7274.09,4.02,1,36,0,20,0,709,436,Free
12/5/2024 21:18:29,22.00,7274.87,4.02,1,36,0,20,0,710,151,Free
12/5/2024 21:18:46,22.00,7276.10,4.02,1,36,0,20,0,711,22,Free
12/5/2024 21:18:53,22.00,7277.41,4.02,1,36,0,20,0,712,681,Free
12/5/2024 21:19:00,22.00,7279.18,4.02,1,36,0,20,0,713,859,Free
12/5/2024 21:19:06,22.00,7279.89,4.02,1,36,0,20,0,714,83,Free
12/5/2024 21:19:11,22.00,7280.81,4.02,1,36,0,20,0,715,297,Free
12/5/2024 21:19:15,22.00,7281.44,4.02,1,36,0,20,0,716,0,Free
12/5/2024 21:19:15,22.00,7282.07,4.02,1,36,0,20,0,717,0,Free
12/5/2024 21:19:18,22.00,7282.70,4.02,1,36,0,20,0,718,0,Free
12/5/2024 21:19:24,22.00,7285.73,4.02,1,36,0,20,0,719,2409,Free
12/5/2024 21:19:29,22.00,7288.67,4.02,1,36,0,20,0,720,2301,Free
12/5/2024 21:19:31,22.00,7289.29,4.02,1,36,0,20,0,721,0,Free
12/5/2024 21:19:36,22.00,7289.93,4.02,1,36,0,20,0,722,13,Free
12/5/2024 21:19:38,22.00,7292.24,4.02,1,36,0,20,0,723,1679,Free
12/5/2024 21:20:21,22.00,7295.32,4.02,1,36,0,20,0,724,453,Free
12/5/2024 21:20:23,22.00,7296.40,4.02,1,36,0,20,0,725,453,Free
12/5/2024 21:20:27,22.00,7297.03,4.02,1,36,0,20,0,726,0,Free
12/5/2024 21:20:31,22.00,7298.52,4.02,1,36,0,20,0,727,868,Free
12/5/2024 21:20:36,22.00,7299.31,4.02,1,36,0,20,0,728,152,Free
12/5/2024 21:20:38,22.00,7300.47,4.02,1,36,0,20,0,729,539,Free
12/5/2024 21:20:39,22.00,7301.51,4.02,1,36,0,20,0,730,410,Free
12/5/2024 21:20:47,22.00,7302.83,4.02,1,36,0,20,0,731,410,Free
12/5/2024 21:20:50,22.00,7303.46,4.02,1,36,0,20,0,732,0,Free
12/5/2024 21:20:52,22.00,7304.20,4.02,1,36,0,20,0,733,116,Free
12/5/2024 21:23:59,22.00,7313.90,4.02,1,36,0,20,0,734,220,Free
12/5/2024 21:24:04,22.00,7315.37,4.02,1,36,0,20,0,735,842,Free
12/5/2024 21:24:07,22.00,7317.95,4.02,1,36,0,20,0,736,1955,Free
12/5/2024 21:24:09,22.00,7319.15,4.02,1,36,0,20,0,737,566,Free
12/5/2024 21:24:13,22.00,7321.50,4.02,1,36,0,20,0,738,1715,Free
12/5/2024 21:24:17,22.00,7322.13,4.02,1,36,0,20,0,739,0,Free
12/5/2024 21:24:18,22.00,7322.90,4.02,1,36,0,20,0,740,152,Free
12/5/2024 21:24:44,22.00,7327.57,4.02,1,36,0,20,0,741,3183,Free
12/5/2024 21:24:47,22.00,7328.96,4.02,1,36,0,20,0,742,764,Free
12/5/2024 21:24:58,22.00,7333.93,4.02,1,36,0,20,0,743,4054,Free
12/5/2024 21:27:19,22.00,7355.26,4.02,1,36,0,20,0,743,0,Free
12/5/2024 21:29:38,22.00,7363.36,4.02,1,36,0,20,0,744,1196,Free
12/5/2024 21:29:41,22.00,7364.50,4.02,1,36,0,20,0,745,505,Free
12/5/2024 21:31:41,22.00,7370.87,4.02,1,37,326,20,0,745,0,Free
12/5/2024 21:42:04,22.00,7402.40,4.02,1,37,0,20,0,746,1506,Free
12/5/2024 21:42:05,22.00,7403.23,4.02,1,37,0,20,0,747,203,Free
12/5/2024 21:42:08,22.00,7403.89,4.02,1,37,0,20,0,748,30,Free
12/5/2024 21:42:12,22.00,7404.96,4.02,1,37,0,20,0,749,436,Free
12/5/2024 21:42:15,22.00,7406.05,4.02,1,37,0,20,0,750,462,Free
12/5/2024 21:42:24,22.00,7408.34,4.02,1,37,0,20,0,751,1377,Free
12/5/2024 21:42:25,22.00,7408.97,4.02,1,37,0,20,0,752,0,Free
12/5/2024 21:42:27,22.00,7409.62,4.02,1,37,0,20,0,753,22,Free
12/5/2024 21:42:35,22.00,7410.77,4.02,1,37,0,20,0,754,238,Free
12/5/2024 21:42:55,22.00,7412.25,4.02,1,37,0,20,0,755,0,Free
12/5/2024 21:42:57,22.00,7413.90,4.02,1,37,0,20,0,756,1023,Free
12/5/2024 21:43:04,22.00,7417.38,4.02,1,37,0,20,0,757,2854,Free
12/5/2024 21:43:07,22.00,7418.19,4.02,1,37,0,20,0,758,176,Free
12/5/2024 21:43:08,22.00,7419.15,4.02,1,37,0,20,0,759,332,Free
12/5/2024 21:43:12,22.00,7420.71,4.02,1,37,0,20,0,760,937,Free
12/5/2024 21:43:16,22.00,7421.46,4.02,1,37,0,20,0,761,116,Free
12/5/2024 21:43:25,22.00,7423.31,4.02,1,37,0,20,0,762,936,Free
12/5/2024 21:43:28,22.00,7424.20,4.02,1,37,0,20,0,763,256,Free
12/5/2024 21:43:31,22.00,7426.06,4.02,1,37,0,20,0,764,1238,Free
12/5/2024 21:43:38,22.00,7428.09,4.02,1,37,0,20,0,765,1404,Free
12/5/2024 21:43:40,22.00,7428.90,4.02,1,37,0,20,0,766,176,Free
12/5/2024 21:43:48,22.00,7430.08,4.02,1,37,0,20,0,767,264,Free
12/5/2024 21:43:53,22.00,7430.87,4.02,1,37,0,20,0,768,169,Free
12/5/2024 21:43:55,22.00,7431.98,4.02,1,37,0,20,0,769,479,Free
12/5/2024 21:44:08,22.00,7433.43,4.02,1,37,0,20,0,770,531,Free
12/5/2024 21:44:23,22.00,7448.76,4.02,1,37,0,20,0,770,0,Free
12/5/2024 21:45:09,22.00,7453.10,4.02,1,37,0,20,0,771,1715,Free
12/5/2024 21:45:11,22.00,7454.93,4.02,1,37,0,20,0,772,1205,Free
12/5/2024 21:45:13,22.00,7456.17,4.02,1,37,0,20,0,773,609,Free
12/5/2024 21:45:16,22.00,7458.32,4.02,1,37,0,20,0,774,1524,Free
12/5/2024 21:45:19,22.00,7460.29,4.02,1,37,0,20,0,775,1343,Free
12/5/2024 21:45:21,22.00,7462.48,4.02,1,37,0,20,0,776,1559,Free
12/5/2024 21:45:24,22.00,7465.09,4.02,1,37,0,20,0,777,1981,Free
12/5/2024 21:45:30,22.00,7466.74,4.02,1,37,0,20,0,778,1032,Free
12/5/2024 21:46:06,22.25,7468.89,4.02,1,37,0,20,0,779,90,Free
12/5/2024 21:46:42,22.25,7471.65,4.02,1,37,0,20,0,780,712,Free
12/5/2024 21:46:48,22.25,7476.32,4.02,1,37,0,20,0,781,4036,Free
12/5/2024 21:46:49,22.25,7476.95,4.02,1,37,0,20,0,782,0,Free
12/5/2024 21:46:54,22.25,7478.63,4.02,1,37,0,20,0,783,1050,Free
12/5/2024 21:54:26,22.00,7502.34,4.02,1,37,0,21,1965,783,0,Free
12/5/2024 21:55:18,22.00,7505.65,4.02,1,37,0,21,0,784,401,Free
12/5/2024 21:55:21,22.00,7508.47,4.02,1,37,0,21,0,785,2188,Free
12/5/2024 21:55:25,22.00,7509.32,4.02,1,37,0,21,0,786,229,Free
12/5/2024 21:55:26,22.00,7509.96,4.02,1,37,0,21,0,787,0,Free
12/5/2024 21:55:31,22.00,7513.43,4.02,1,37,0,21,0,788,2836,Free
12/5/2024 21:55:38,22.00,7514.34,4.02,1,37,0,21,0,789,0,Free
12/5/2024 21:55:42,22.00,7516.40,4.02,1,37,0,21,0,790,1429,Free
12/5/2024 21:55:46,22.00,7517.38,4.02,1,37,0,21,0,791,359,Free
12/5/2024 21:55:48,22.00,7518.75,4.02,1,37,0,21,0,792,738,Free
12/5/2024 21:55:53,22.00,7519.72,4.02,1,37,0,21,0,793,340,Free
12/5/2024 21:55:57,22.00,7520.62,4.02,1,37,0,21,0,794,281,Free
12/5/2024 21:56:02,22.00,7522.80,4.02,1,37,0,21,0,795,1550,Free
12/5/2024 21:56:03,22.00,7523.43,4.01,1,37,0,21,0,796,0,Free
12/5/2024 21:56:05,22.00,7524.21,4.02,1,37,0,21,0,797,151,Free
12/5/2024 21:56:07,22.00,7525.00,4.02,1,37,0,21,0,798,159,Free
12/5/2024 21:56:09,22.00,7525.84,4.02,1,37,0,21,0,799,212,Free
12/5/2024 21:56:13,22.00,7528.45,4.02,1,37,0,21,0,800,1982,Free
12/5/2024 21:56:19,22.00,7530.00,4.02,1,37,0,21,0,801,928,Free
12/5/2024 21:56:21,22.00,7531.06,4.02,1,37,0,21,0,802,428,Free
12/5/2024 21:56:28,22.00,7536.23,4.02,1,37,0,21,0,803,4543,Free
12/5/2024 22:01:19,22.00,7564.69,4.02,1,37,0,21,0,803,0,Free
12/5/2024 22:03:49,22.00,7572.17,4.02,1,37,0,21,0,804,0,Free
12/5/2024 22:04:42,22.00,7575.08,4.02,1,37,0,21,0,805,0,Free
12/5/2024 22:07:04,22.00,7582.28,4.02,1,37,0,21,0,806,0,Free
12/5/2024 22:10:33,22.00,7592.61,4.02,1,37,0,21,0,807,0,Free
12/5/2024 22:12:36,22.00,7599.67,4.02,1,37,0,21,0,808,730,Free
12/5/2024 22:12:57,22.00,7601.21,4.02,1,37,0,21,0,809,57,Free
12/5/2024 22:13:00,22.00,7601.86,4.02,1,37,0,21,0,810,22,Free
12/5/2024 22:13:00,22.00,7602.49,4.02,1,37,0,21,0,811,0,Free
12/5/2024 22:13:01,22.00,7603.13,4.02,1,37,0,21,0,812,0,Free
12/5/2024 22:13:03,22.00,7604.06,4.02,1,37,0,21,0,813,305,Free
12/5/2024 22:13:08,22.00,7605.81,4.02,1,37,0,21,0,814,1126,Free
12/5/2024 22:13:17,22.00,7606.73,4.02,1,37,0,21,0,815,0,Free
12/5/2024 22:13:22,22.00,7607.65,4.02,1,37,0,21,0,816,290,Free
12/5/2024 22:13:26,22.00,7609.25,4.02,1,37,0,21,0,817,981,Free
12/5/2024 22:13:30,22.00,7612.90,4.02,1,37,0,21,0,818,3017,Free
12/5/2024 22:13:34,22.00,7613.97,4.02,1,37,0,21,0,819,444,Free
12/5/2024 22:13:42,22.00,7614.91,4.02,1,37,0,21,0,820,30,Free
12/5/2024 22:13:45,22.00,7616.14,4.02,1,37,0,21,0,821,601,Free
12/5/2024 22:13:46,22.00,7617.12,4.02,1,37,0,21,0,822,350,Free
12/5/2024 22:13:47,22.00,7618.31,4.02,1,37,0,21,0,823,565,Free
12/5/2024 22:13:50,22.00,7620.18,4.02,1,37,0,21,0,824,1239,Free
12/5/2024 22:13:54,22.00,7622.11,4.02,1,37,0,21,0,825,1308,Free
12/5/2024 22:13:58,22.00,7625.38,4.02,1,37,0,21,0,826,2639,Free
12/5/2024 22:14:01,22.00,7626.53,4.02,1,37,0,21,0,827,521,Free
12/5/2024 22:14:02,22.00,7627.75,4.02,1,37,0,21,0,828,592,Free
12/5/2024 22:14:03,22.00,7628.48,4.02,1,37,0,21,0,829,108,Free
12/5/2024 22:14:05,22.00,7629.70,4.02,1,37,0,21,0,830,591,Free
12/5/2024 22:14:14,22.00,7631.56,4.02,1,37,0,21,0,831,937,Free
12/5/2024 22:14:16,22.00,7632.92,4.02,1,37,0,21,0,832,738,Free
12/5/2024 22:14:17,22.00,7633.63,4.01,1,37,0,21,0,833,82,Free
12/5/2024 22:14:18,22.00,7634.26,4.02,1,37,0,21,0,834,0,Free
12/5/2024 22:14:19,22.00,7634.89,4.02,1,37,0,21,0,835,0,Free
12/5/2024 22:14:20,22.00,7635.63,4.02,1,37,0,21,0,836,116,Free
12/5/2024 22:14:21,22.00,7636.26,4.02,1,37,0,21,0,837,0,Free
12/5/2024 22:14:27,22.00,7637.66,4.02,1,37,0,21,0,838,772,Free
12/5/2024 22:14:29,22.00,7638.33,4.02,1,37,0,21,0,839,39,Free
12/5/2024 22:14:31,22.00,7639.05,4.02,1,37,0,21,0,840,91,Free
12/5/2024 22:14:32,22.00,7639.68,4.02,1,37,0,21,0,841,0,Free
12/5/2024 22:14:38,22.00,7640.67,4.02,1,37,0,21,0,842,367,Free
12/5/2024 22:14:39,22.00,7641.57,4.02,1,37,0,21,0,843,263,Free
12/5/2024 22:14:45,22.00,7646.18,4.02,1,37,0,21,0,844,3983,Free
12/5/2024 22:14:47,22.00,7646.90,4.02,1,37,0,21,0,845,99,Free
12/5/2024 22:14:49,22.00,7647.75,4.02,1,37,0,21,0,846,220,Free
12/5/2024 22:14:53,22.00,7648.50,4.02,1,37,0,21,0,847,125,Free
12/5/2024 22:15:01,22.00,7649.50,4.02,1,37,0,21,0,848,83,Free
12/5/2024 22:15:03,22.00,7650.13,4.02,1,37,0,21,0,849,0,Free
12/5/2024 22:15:04,22.00,7650.78,4.02,1,37,0,21,0,850,30,Free
12/5/2024 22:15:06,22.00,7651.42,4.02,1,37,0,21,0,851,0,Free
12/5/2024 22:15:41,22.00,7653.47,4.02,1,37,0,21,0,852,0,Free
12/5/2024 22:15:44,22.00,7654.10,4.02,1,37,0,21,0,853,0,Free
12/5/2024 22:15:45,22.00,7654.72,4.02,1,37,0,21,0,854,0,Free
12/5/2024 22:15:52,22.00,7655.70,4.01,1,37,0,21,0,855,65,Free
12/5/2024 22:16:43,22.00,7672.75,4.02,1,37,0,21,0,855,0,Free
12/5/2024 22:17:16,22.00,7675.73,4.02,1,37,0,21,0,856,928,Free
12/5/2024 22:19:02,22.25,7681.53,4.02,1,37,0,22,324,856,0,Free
12/5/2024 22:20:07,22.25,7685.02,4.02,1,37,0,22,0,857,0,Free
12/5/2024 22:20:15,22.25,7686.00,4.02,1,38,66,22,0,857,0,Free
12/5/2024 22:21:12,22.25,7689.19,4.02,1,38,0,22,0,858,0,Free
12/5/2024 22:21:48,22.00,7691.25,4.02,1,38,0,22,0,859,0,Free
12/5/2024 22:23:21,22.00,7696.16,4.02,1,38,0,22,0,860,0,Free
12/5/2024 22:23:23,22.00,7697.28,4.02,1,38,0,22,0,861,496,Free
12/5/2024 22:23:33,22.00,7698.45,4.02,1,38,0,22,0,862,246,Free
12/5/2024 22:23:37,22.00,7699.46,4.02,1,38,0,22,0,863,385,Free
12/5/2024 22:23:40,22.00,7700.46,4.02,1,38,0,22,0,864,366,Free
12/5/2024 22:23:42,22.00,7701.89,4.02,1,38,0,22,0,865,806,Free
12/5/2024 22:23:45,22.00,7702.52,4.02,1,38,0,22,0,866,0,Free
12/5/2024 22:23:50,22.00,7703.15,4.02,1,38,0,22,0,867,0,Free
12/5/2024 22:23:54,22.00,7703.81,4.02,1,38,0,22,0,868,39,Free
12/5/2024 22:23:57,22.00,7705.13,4.02,1,38,0,22,0,869,686,Free
12/5/2024 22:24:00,22.00,7706.49,4.02,1,38,0,22,0,870,738,Free
12/5/2024 22:24:04,22.00,7708.52,4.02,1,38,0,22,0,871,1403,Free
12/5/2024 22:24:17,22.00,7709.86,4.02,1,38,0,22,0,872,142,Free
12/5/2024 22:24:19,22.00,7710.50,4.02,1,38,0,22,0,873,0,Free
12/5/2024 22:24:21,22.00,7711.61,4.02,1,38,0,22,0,874,488,Free
12/5/2024 22:24:23,22.00,7712.58,4.02,1,38,0,22,0,875,342,Free
12/5/2024 22:24:24,22.00,7713.54,4.02,1,38,0,22,0,876,332,Free
12/5/2024 22:24:35,22.00,7714.84,4.02,1,38,0,22,0,877,384,Free
12/5/2024 22:24:38,22.00,7715.89,4.02,1,38,0,22,0,878,427,Free
12/5/2024 22:24:42,22.00,7717.22,4.02,1,38,0,22,0,879,704,Free
12/5/2024 22:24:44,22.00,7718.67,4.02,1,38,0,22,0,880,813,Free
12/5/2024 22:24:54,22.00,7720.14,4.02,1,38,0,22,0,881,549,Free
12/5/2024 22:24:56,22.00,7721.10,4.02,1,38,0,22,0,882,333,Free
12/5/2024 22:24:57,22.00,7721.72,4.01,1,38,0,22,0,883,0,Free
12/5/2024 22:24:59,22.00,7722.49,4.02,1,38,0,22,0,884,142,Free
12/5/2024 22:25:05,22.00,7727.29,4.02,1,38,0,22,0,885,4174,Free
12/5/2024 22:25:10,22.00,7727.92,4.02,1,38,0,22,0,886,0,Free
12/5/2024 22:25:12,22.00,7728.57,4.02,1,38,0,22,0,887,21,Free
12/5/2024 22:25:13,22.00,7729.28,4.02,1,38,0,22,0,888,82,Free
12/5/2024 22:25:14,22.00,7729.92,4.02,1,38,0,22,0,889,0,Free
12/5/2024 22:25:28,22.00,7734.85,4.02,1,38,0,22,0,890,4026,Free
12/5/2024 22:33:13,22.00,7771.59,4.02,1,38,0,22,0,890,0,Free
12/5/2024 22:41:07,22.00,7794.48,4.02,1,38,0,22,0,891,0,Free
12/5/2024 22:41:11,22.00,7798.32,4.02,1,38,0,22,0,892,3208,Free
12/5/2024 22:41:16,22.00,7799.89,4.02,1,38,0,22,0,893,945,Free
12/5/2024 22:41:19,22.00,7801.29,4.02,1,38,0,22,0,894,773,Free
12/5/2024 22:41:28,22.00,7806.28,4.02,1,38,0,22,0,895,4356,Free
12/5/2024 22:41:33,22.00,7807.25,4.02,1,38,0,22,0,896,342,Free
12/5/2024 22:41:38,22.00,7810.44,4.02,1,38,0,22,0,897,2568,Free
12/5/2024 22:41:43,22.00,7811.51,4.01,1,38,0,22,0,898,436,Free
12/5/2024 22:41:51,22.00,7814.14,4.02,1,38,0,22,0,899,1998,Free
12/5/2024 22:45:35,22.00,7829.17,4.02,1,38,0,22,0,900,4132,Free
12/5/2024 22:45:45,22.00,7832.56,4.02,1,38,0,22,0,901,2482,Free
12/5/2024 22:45:54,22.00,7838.06,4.02,1,38,0,22,0,902,4874,Free
12/5/2024 22:45:56,22.00,7838.89,4.02,1,38,0,22,0,903,195,Free
12/5/2024 22:46:00,22.00,7841.84,4.01,1,38,0,22,0,904,2324,Free
12/5/2024 22:46:04,22.00,7844.16,4.02,1,38,0,22,0,905,1694,Free
12/5/2024 22:46:16,22.00,7845.88,4.02,1,38,0,22,0,906,799,Free
12/5/2024 22:46:18,22.00,7846.50,4.01,1,38,0,22,0,907,0,Free
12/5/2024 22:46:22,22.00,7847.20,4.02,1,38,0,22,0,908,65,Free
12/5/2024 22:46:24,22.00,7848.49,4.02,1,38,0,22,0,909,669,Free
12/5/2024 22:46:27,22.00,7849.88,4.02,1,38,0,22,0,910,755,Free
12/5/2024 22:46:29,22.00,7850.95,4.02,1,38,0,22,0,911,445,Free
12/5/2024 22:46:36,22.00,7852.59,4.01,1,38,0,22,0,912,730,Free
12/5/2024 22:46:38,22.00,7853.33,4.02,1,38,0,22,0,913,99,Free
12/5/2024 22:46:43,22.00,7854.25,4.02,1,38,0,22,0,914,288,Free
12/5/2024 22:46:56,22.00,7857.77,4.02,1,38,0,22,0,915,2612,Free
12/5/2024 22:46:58,22.00,7858.51,4.01,1,38,0,22,0,916,117,Free
12/5/2024 22:46:59,22.00,7859.39,4.02,1,38,0,22,0,917,246,Free
12/5/2024 22:47:03,22.00,7860.46,4.02,1,38,0,22,0,918,445,Free
12/5/2024 22:47:04,22.00,7861.09,4.02,1,38,0,22,0,919,0,Free
12/5/2024 22:47:06,22.00,7861.74,4.01,1,38,0,22,0,920,22,Free
12/5/2024 22:47:09,22.00,7863.61,4.02,1,38,0,22,0,921,1240,Free
12/5/2024 22:47:12,22.00,7864.86,4.02,1,38,0,22,0,922,625,Free
12/5/2024 22:47:18,22.00,7867.54,4.02,1,38,0,22,0,923,2051,Free
12/5/2024 22:48:19,22.00,7871.64,4.02,1,38,0,23,904,923,0,Free
12/5/2024 22:48:30,22.00,7872.55,4.02,1,38,0,23,0,924,0,Free
12/5/2024 22:50:27,22.00,7892.74,4.02,1,38,0,23,0,924,0,Free
12/5/2024 22:53:35,22.00,7902.21,4.02,1,38,0,23,0,925,0,Free
12/5/2024 22:53:37,22.00,7902.84,4.02,1,38,0,23,0,926,0,Free
12/5/2024 22:56:49,22.00,7912.86,4.02,1,38,0,23,0,927,539,Free
12/5/2024 22:56:51,22.00,7913.98,4.01,1,38,0,23,0,928,497,Free
12/5/2024 22:56:52,22.00,7914.61,4.02,1,38,0,23,0,929,0,Free
12/5/2024 22:56:55,22.00,7917.13,4.02,1,38,0,23,0,930,1893,Free
12/5/2024 22:57:03,22.00,7919.02,4.02,1,38,0,23,0,931,979,Free
12/5/2024 22:57:13,22.00,7922.74,4.02,1,38,0,23,0,932,2802,Free
12/5/2024 22:57:17,22.00,7924.23,4.01,1,38,0,23,0,933,860,Free
12/5/2024 22:57:22,22.00,7927.60,4.02,1,38,0,23,0,934,2748,Free
12/5/2024 22:57:29,22.00,7928.66,4.02,1,38,0,23,0,935,428,Free
12/5/2024 22:57:33,22.00,7930.59,4.02,1,38,0,23,0,936,1299,Free
12/5/2024 22:57:36,22.00,7932.49,4.01,1,38,0,23,0,937,1273,Free
12/5/2024 22:57:37,22.00,7933.25,4.01,1,38,0,23,0,938,125,Free
12/5/2024 22:57:41,22.00,7933.88,4.02,1,38,0,23,0,939,0,Free
12/5/2024 22:57:47,22.00,7936.20,4.02,1,38,0,23,0,940,1694,Free
12/5/2024 22:57:51,22.00,7936.98,4.01,1,38,0,23,0,941,151,Free
12/5/2024 22:57:54,22.00,7938.03,4.02,1,38,0,23,0,942,419,Free
12/5/2024 22:57:57,22.00,7938.65,4.02,1,38,0,23,0,943,0,Free
12/5/2024 22:57:58,22.00,7939.73,4.01,1,38,0,23,0,944,445,Free
12/5/2024 22:58:10,22.00,7941.01,4.02,1,38,0,23,0,945,370,Free
12/5/2024 22:58:39,22.00,7943.09,4.02,1,38,0,23,0,946,306,Free
12/5/2024 22:58:40,22.00,7943.75,4.01,1,38,0,23,0,947,39,Free
12/5/2024 22:58:41,22.00,7944.38,4.02,1,38,0,23,0,948,0,Free
12/5/2024 23:03:43,22.00,7959.68,4.02,1,38,0,23,0,949,402,Free
12/5/2024 23:03:52,22.00,7960.66,4.02,1,38,0,23,0,950,66,Free
12/5/2024 23:03:57,22.00,7961.74,4.02,1,38,0,23,0,951,453,Free
12/5/2024 23:03:59,22.00,7962.68,4.02,1,38,0,23,0,952,307,Free
12/5/2024 23:04:02,22.00,7963.94,4.02,1,38,0,23,0,953,635,Free
12/5/2024 23:04:04,22.00,7964.62,4.02,1,38,0,23,0,954,56,Free
12/5/2024 23:04:07,22.00,7965.25,4.02,1,38,0,23,0,955,0,Free
12/5/2024 23:04:08,22.00,7965.88,4.01,1,38,0,23,0,956,0,Free
12/5/2024 23:04:11,22.00,7966.56,4.02,1,38,0,23,0,957,56,Free
12/5/2024 23:04:14,22.00,7967.24,4.02,1,38,0,23,0,958,48,Free
12/5/2024 23:04:15,22.00,7968.72,4.02,1,38,0,23,0,959,858,Free
12/5/2024 23:04:22,22.00,7972.59,4.02,1,38,0,23,0,960,3235,Free
12/5/2024 23:04:23,22.00,7974.10,4.01,1,38,0,23,0,961,885,Free
12/5/2024 23:04:26,22.00,7974.73,4.02,1,38,0,23,0,962,0,Free
12/5/2024 23:04:27,22.00,7975.36,4.02,1,38,0,23,0,963,4,Free
12/5/2024 23:04:37,22.00,7976.28,4.02,1,38,0,23,0,964,0,Free
12/5/2024 23:04:40,22.00,7978.32,4.01,1,38,0,23,0,965,1410,Free
12/5/2024 23:04:43,22.00,7979.26,4.02,1,38,0,23,0,966,306,Free
12/5/2024 23:04:49,22.00,7980.44,4.02,1,38,0,23,0,967,557,Free
12/5/2024 23:04:51,22.00,7981.66,4.02,1,38,0,23,0,968,591,Free
12/5/2024 23:04:54,22.00,7982.29,4.01,1,38,0,23,0,969,0,Free
12/5/2024 23:04:55,22.00,7982.92,4.02,1,38,0,23,0,970,0,Free
12/5/2024 23:04:57,22.00,7983.94,4.02,1,38,0,23,0,971,392,Free
12/5/2024 23:05:00,22.00,7986.05,4.02,1,38,0,23,0,972,1480,Free
12/5/2024 23:05:02,22.00,7988.03,4.02,1,38,0,23,0,973,1358,Free
12/5/2024 23:05:03,22.00,7989.15,4.02,1,38,0,23,0,974,488,Free
12/5/2024 23:05:08,22.00,7990.47,4.01,1,38,0,23,0,975,695,Free
12/5/2024 23:05:10,22.00,7991.14,4.02,1,38,0,23,0,976,40,Free
12/5/2024 23:05:13,22.00,7993.77,4.02,1,38,0,23,0,977,2008,Free
12/5/2024 23:05:16,22.00,7995.82,4.01,1,38,0,23,0,978,1421,Free
12/5/2024 23:05:18,22.00,7997.46,4.02,1,38,0,23,0,979,1006,Free
12/5/2024 23:05:21,22.00,7998.15,4.02,1,38,0,23,0,980,65,Free
12/5/2024 23:05:25,22.00,8000.93,4.02,1,38,0,23,0,981,2154,Free
12/5/2024 23:05:28,22.00,8002.62,4.01,1,38,0,23,0,982,1058,Free
12/5/2024 23:05:49,22.00,8018.24,4.02,1,38,0,23,0,982,0,Free
12/5/2024 23:06:24,22.00,8020.95,4.01,1,38,0,23,0,983,661,Free
12/5/2024 23:06:30,22.00,8021.58,4.02,1,38,0,23,0,984,0,Free
12/5/2024 23:06:34,22.00,8022.21,4.02,1,38,0,23,0,985,0,Free
12/5/2024 23:06:38,22.00,8023.59,4.02,1,38,0,23,0,986,747,Free
12/5/2024 23:06:41,22.00,8024.43,4.02,1,38,0,23,0,987,220,Free
12/5/2024 23:06:43,22.00,8025.13,4.01,1,38,0,23,0,988,66,Free
12/5/2024 23:06:44,22.00,8026.29,4.02,1,38,0,23,0,989,531,Free
12/5/2024 23:06:46,22.00,8027.04,4.01,1,38,0,23,0,990,116,Free
12/5/2024 23:06:48,22.00,8027.80,4.02,1,38,0,23,0,991,134,Free
12/5/2024 23:06:49,22.00,8028.94,4.01,1,38,0,23,0,992,513,Free
12/5/2024 23:06:53,22.00,8029.90,4.01,1,38,0,23,0,993,332,Free
12/5/2024 23:06:56,22.00,8032.65,4.02,1,38,0,23,0,994,2120,Free
12/5/2024 23:06:58,22.00,8033.88,4.01,1,38,0,23,0,995,601,Free
12/5/2024 23:07:01,22.00,8035.56,4.02,1,38,0,23,0,996,1058,Free
12/5/2024 23:07:02,22.00,8036.26,4.02,1,38,0,23,0,997,65,Free
12/5/2024 23:07:04,22.00,8037.13,4.02,1,38,0,23,0,998,246,Free
12/5/2024 23:07:06,22.00,8037.81,4.01,1,38,0,23,0,999,47,Free
12/5/2024 23:07:07,22.00,8038.44,4.01,1,38,0,23,0,1000,0,Free
12/5/2024 23:07:09,22.00,8039.06,4.02,1,38,0,23,0,1001,0,Free
12/5/2024 23:07:10,22.00,8040.02,4.02,1,38,0,23,0,1002,332,Free
12/5/2024 23:07:14,22.00,8041.27,4.01,1,38,0,23,0,1003,618,Free
12/5/2024 23:07:16,22.00,8042.74,4.01,1,38,0,23,0,1004,842,Free
12/5/2024 23:07:21,22.00,8047.48,4.02,1,38,0,23,0,1005,4106,Free
12/5/2024 23:07:27,22.00,8049.12,4.02,1,38,0,23,0,1006,1015,Free
12/5/2024 23:07:29,22.00,8049.94,4.02,1,38,0,23,0,1007,193,Free
12/5/2024 23:07:36,22.00,8053.12,4.02,1,38,0,23,0,1008,2553,Free
12/5/2024 23:07:38,22.00,8054.38,4.01,1,38,0,23,0,1009,634,Free
12/5/2024 23:07:40,22.00,8055.79,4.02,1,38,0,23,0,1010,782,Free
12/5/2024 23:07:45,22.00,8057.53,4.02,1,38,0,23,0,1011,1110,Free
12/5/2024 23:07:55,22.00,8058.97,4.02,1,38,0,23,0,1012,531,Free
12/5/2024 23:07:59,22.00,8060.06,4.01,1,38,0,23,0,1013,453,Free
12/5/2024 23:08:00,22.00,8060.68,4.01,1,38,0,23,0,1014,0,Free
12/5/2024 23:08:07,22.00,8062.07,4.01,1,38,0,23,0,1015,478,Free
12/5/2024 23:08:09,22.00,8062.70,4.01,1,38,0,23,0,1016,0,Free
12/5/2024 23:08:11,22.25,8064.05,4.01,1,38,0,23,0,1017,712,Free
12/5/2024 23:08:14,22.25,8066.88,4.00,1,38,0,23,0,1018,2204,Free
12/5/2024 23:12:26,22.00,8079.21,4.02,1,39,0,23,0,1018,0,Free
12/5/2024 23:22:11,22.00,8121.66,4.02,1,39,0,23,0,1018,0,Free
12/5/2024 23:28:21,22.00,8143.23,4.01,1,39,0,23,0,1019,3527,Free
12/5/2024 23:28:27,22.00,8146.89,4.01,1,39,0,23,0,1020,3034,Free
12/5/2024 23:28:30,22.00,8147.86,4.01,1,39,0,23,0,1021,349,Free
12/5/2024 23:28:35,22.00,8150.58,4.02,1,39,0,23,0,1022,2094,Free
12/5/2024 23:28:39,22.00,8151.92,4.01,1,39,0,23,0,1023,712,Free
12/5/2024 23:28:40,22.00,8152.55,4.01,1,39,0,23,0,1024,0,Free
12/5/2024 23:28:45,22.00,8153.18,4.02,1,39,0,23,0,1025,0,Free
12/5/2024 23:28:47,22.00,8153.81,4.01,1,39,0,23,0,1026,0,Free
12/5/2024 23:28:53,22.00,8159.62,4.02,1,39,0,23,0,1027,5182,Free
12/5/2024 23:28:59,22.00,8164.48,4.02,1,39,0,23,0,1028,4234,Free
12/5/2024 23:29:08,22.00,8165.56,4.01,1,39,0,23,0,1029,169,Free
12/5/2024 23:29:13,22.00,8167.80,4.01,1,39,0,23,0,1030,1610,Free
12/5/2024 23:30:14,22.00,8171.37,4.01,1,39,0,23,0,1031,82,Free
12/5/2024 23:39:59,22.00,8213.81,4.01,1,39,0,23,0,1031,0,Free
12/5/2024 23:58:14,21.75,8280.52,4.01,1,39,0,23,0,1031,0,Free
12/6/2024 0:16:29,21.75,8347.23,4.01,1,39,0,23,0,1031,0,Free
12/6/2024 0:28:04,21.75,8380.68,4.01,1,39,0,23,0,1032,0,Free
12/6/2024 0:28:05,21.75,8381.45,4.01,1,39,0,23,0,1033,143,Free
12/6/2024 0:28:07,21.75,8382.08,4.01,1,39,0,23,0,1034,0,Free
12/6/2024 0:28:14,21.75,8384.18,4.01,1,39,0,23,0,1035,1470,Free
12/6/2024 0:28:16,21.75,8385.03,4.01,1,39,0,23,0,1036,228,Free
12/6/2024 0:28:17,21.75,8386.02,4.01,1,39,0,23,0,1037,358,Free
12/6/2024 0:28:21,21.75,8389.21,4.01,1,39,0,23,0,1038,2560,Free
12/6/2024 0:28:22,21.75,8389.84,4.01,1,39,0,23,0,1039,0,Free
12/6/2024 0:28:23,21.75,8390.58,4.01,1,39,0,23,0,1040,107,Free
12/6/2024 0:28:25,21.75,8391.42,4.01,1,39,0,23,0,1041,212,Free
12/6/2024 0:28:26,21.75,8392.05,4.01,1,39,0,23,0,1042,4,Free
12/6/2024 0:28:33,21.75,8392.97,4.01,1,39,0,23,0,1043,4,Free
12/6/2024 0:28:39,21.75,8393.98,4.01,1,39,0,23,0,1044,385,Free
12/6/2024 0:28:41,21.75,8394.61,4.01,1,39,0,23,0,1045,0,Free
12/6/2024 0:28:43,21.75,8395.35,4.01,1,39,0,23,0,1046,109,Free
12/6/2024 0:28:55,21.75,8396.89,4.01,1,39,0,23,0,1047,634,Free
12/6/2024 0:28:57,21.75,8397.85,4.01,1,39,0,23,0,1048,323,Free
12/6/2024 0:28:59,21.75,8399.23,4.01,1,39,0,23,0,1049,756,Free
12/6/2024 0:29:04,21.75,8400.05,4.01,1,39,0,23,0,1050,193,Free
12/6/2024 0:29:06,21.75,8401.46,4.01,1,39,0,23,0,1051,780,Free
12/6/2024 0:29:08,21.75,8403.29,4.01,1,39,0,23,0,1052,1202,Free
12/6/2024 0:29:22,21.75,8404.89,4.01,1,39,0,23,0,1053,402,Free
12/6/2024 0:29:31,21.75,8405.80,4.01,1,39,0,23,0,1054,0,Free
12/6/2024 0:29:34,21.75,8407.50,4.01,1,39,0,23,0,1055,1066,Free
12/6/2024 0:29:43,21.75,8409.43,4.01,1,39,0,23,0,1056,1023,Free
12/6/2024 0:29:47,21.75,8410.47,4.01,1,39,0,23,0,1057,409,Free
12/6/2024 0:29:52,21.75,8411.84,4.01,1,39,0,23,0,1058,747,Free
12/6/2024 0:29:55,21.75,8412.60,4.01,1,39,0,23,0,1059,126,Free
12/6/2024 0:29:56,21.75,8413.51,4.01,1,39,0,23,0,1060,280,Free
12/6/2024 0:30:07,21.75,8414.42,4.01,1,39,0,23,0,1061,0,Free
12/6/2024 0:30:12,21.75,8415.69,4.02,1,39,0,23,0,1062,644,Free
12/6/2024 0:30:13,21.75,8417.14,4.01,1,39,0,23,0,1063,824,Free
12/6/2024 0:30:20,21.75,8418.69,4.01,1,39,0,23,0,1064,635,Free
12/6/2024 0:30:23,21.75,8420.58,4.01,1,39,0,23,0,1065,1249,Free
12/6/2024 0:30:26,21.75,8422.35,4.01,1,39,0,23,0,1066,1151,Free
12/6/2024 0:30:28,21.75,8423.39,4.02,1,39,0,23,0,1067,410,Free
12/6/2024 0:30:30,21.75,8424.08,4.01,1,39,0,23,0,1068,56,Free
12/6/2024 0:30:32,21.75,8424.79,4.01,1,39,0,23,0,1069,82,Free
12/6/2024 0:30:35,21.75,8426.57,4.01,1,39,0,23,0,1070,1161,Free
12/6/2024 0:30:40,21.75,8427.79,4.01,1,39,0,23,0,1071,591,Free
12/6/2024 0:30:45,21.75,8430.30,4.01,1,39,0,23,0,1072,1878,Free
12/6/2024 0:30:46,21.75,8431.06,4.01,1,39,0,23,0,1073,134,Free
12/6/2024 0:30:47,21.75,8431.80,4.01,1,39,0,23,0,1074,108,Free
12/6/2024 0:30:50,21.75,8433.86,4.01,1,39,0,23,0,1075,1435,Free
12/6/2024 0:30:56,21.75,8435.21,4.02,1,39,0,23,0,1076,721,Free
12/6/2024 0:31:06,21.75,8440.85,4.01,1,39,0,23,0,1077,5005,Free
12/6/2024 0:31:15,21.75,8443.11,4.01,1,39,0,23,0,1078,1348,Free
12/6/2024 0:31:19,21.75,8443.83,4.01,1,39,0,23,0,1079,99,Free
12/6/2024 0:31:28,21.75,8449.19,4.01,1,39,0,23,0,1080,4727,Free
12/6/2024 0:31:30,21.75,8450.79,4.01,1,39,0,23,0,1081,971,Free
12/6/2024 0:31:33,21.75,8451.64,4.01,1,39,0,23,0,1082,220,Free
12/6/2024 0:31:38,21.75,8456.42,4.01,1,39,0,23,0,1083,4158,Free
12/6/2024 0:31:45,21.75,8463.09,4.01,1,39,0,23,0,1084,6039,Free
12/6/2024 0:32:18,21.75,8479.28,4.02,1,39,0,23,0,1084,0,Free
12/6/2024 0:50:33,21.75,8545.99,4.01,1,39,0,23,0,1084,0,Free
12/6/2024 1:08:48,21.75,8612.69,4.01,1,39,0,23,0,1084,0,Free
12/6/2024 1:27:03,21.75,8679.40,4.01,1,39,0,23,0,1084,0,Free
12/6/2024 1:45:18,21.75,8746.11,4.01,1,39,0,23,0,1084,0,Free
12/6/2024 1:46:55,21.75,8751.38,4.00,1,39,0,23,0,1085,72,Free
12/6/2024 1:47:02,21.75,8755.10,4.00,1,39,0,23,0,1086,3087,Free
12/6/2024 1:47:04,21.75,8756.32,4.01,1,39,0,23,0,1087,592,Free
12/6/2024 1:47:07,21.75,8759.01,4.01,1,39,0,23,0,1088,2059,Free
12/6/2024 1:47:12,21.75,8762.42,4.01,1,39,0,23,0,1089,2783,Free
12/6/2024 1:47:15,21.75,8764.73,4.00,1,39,0,23,0,1090,1687,Free
12/6/2024 1:47:18,21.75,8765.36,4.01,1,39,0,23,0,1091,0,Free
12/6/2024 1:47:27,21.75,8767.52,4.00,1,39,0,23,0,1092,1248,Free
12/6/2024 1:47:30,21.75,8768.29,4.01,1,39,0,23,0,1093,143,Free
12/6/2024 1:47:36,21.75,8770.79,4.01,1,39,0,23,0,1094,1869,Free
12/6/2024 1:47:41,21.75,8771.99,4.01,1,39,0,23,0,1095,573,Free
12/6/2024 1:47:43,21.75,8772.87,4.01,1,39,0,23,0,1096,255,Free
12/6/2024 1:47:48,21.75,8773.50,4.01,1,39,0,23,0,1097,0,Free
12/6/2024 1:47:53,21.75,8774.25,4.01,1,39,0,23,0,1098,125,Free
12/6/2024 1:48:01,21.75,8775.74,4.00,1,39,0,23,0,1099,574,Free
12/6/2024 1:48:04,21.75,8776.65,4.01,1,39,0,23,0,1100,281,Free
12/6/2024 1:48:06,21.75,8778.09,4.00,1,39,0,23,0,1101,807,Free
12/6/2024 1:48:08,21.75,8778.71,4.00,1,39,0,23,0,1102,0,Free
12/6/2024 1:48:09,21.75,8779.34,4.01,1,39,0,23,0,1103,0,Free
12/6/2024 1:48:10,21.75,8779.97,4.00,1,39,0,23,0,1104,0,Free
12/6/2024 1:48:16,21.75,8780.70,4.00,1,39,0,23,0,1105,99,Free
12/6/2024 1:48:23,21.75,8785.63,4.01,1,39,0,23,0,1106,4304,Free
12/6/2024 1:48:28,21.75,8787.62,4.01,1,39,0,23,0,1107,1360,Free
12/6/2024 1:48:36,21.75,8790.13,4.01,1,39,0,23,0,1108,1888,Free
12/6/2024 1:48:39,21.75,8790.76,4.01,1,39,0,23,0,1109,0,Free
12/6/2024 1:48:42,21.75,8793.69,4.00,1,39,0,23,0,1110,2301,Free
12/6/2024 1:48:46,21.75,8794.32,4.01,1,39,0,23,0,1111,0,Free
12/6/2024 1:48:47,21.75,8795.10,4.01,1,39,0,23,0,1112,158,Free
12/6/2024 1:48:50,21.75,8796.57,4.01,1,39,0,23,0,1113,832,Free
12/6/2024 1:48:53,21.75,8798.84,4.01,1,39,0,23,0,1114,1645,Free
12/6/2024 1:48:54,21.75,8799.47,4.00,1,39,0,23,0,1115,0,Free
12/6/2024 1:48:55,21.75,8800.10,4.01,1,39,0,23,0,1116,0,Free
12/6/2024 1:48:56,21.75,8800.73,4.00,1,39,0,23,0,1117,0,Free
12/6/2024 1:48:59,21.75,8802.46,4.01,1,39,0,23,0,1118,1099,Free
12/6/2024 1:49:01,21.75,8804.18,4.01,1,39,0,23,0,1119,1101,Free
12/6/2024 1:49:07,21.75,8808.14,4.00,1,39,0,23,0,1120,3325,Free
12/6/2024 1:49:09,21.75,8809.37,4.00,1,39,0,23,0,1121,609,Free
12/6/2024 1:49:12,21.75,8810.00,4.00,1,39,0,23,0,1122,0,Free
12/6/2024 1:49:14,21.75,8810.63,4.01,1,39,0,23,0,1123,0,Free
12/6/2024 1:49:17,21.75,8811.49,4.01,1,39,0,23,0,1124,229,Free
12/6/2024 1:49:19,21.75,8812.11,4.01,1,39,0,23,0,1125,0,Free
12/6/2024 1:49:21,21.75,8813.26,4.01,1,39,0,23,0,1126,522,Free
12/6/2024 1:49:27,21.75,8818.67,4.01,1,39,0,23,0,1127,4780,Free
12/6/2024 1:49:30,21.75,8821.19,4.01,1,39,0,23,0,1128,1887,Free
12/6/2024 1:49:32,21.75,8821.82,4.01,1,39,0,23,0,1129,4,Free
12/6/2024 1:49:38,21.75,8822.45,4.01,1,39,0,23,0,1130,0,Free
12/6/2024 1:49:41,21.75,8823.11,4.00,1,39,0,23,0,1131,30,Free
12/6/2024 1:49:43,21.75,8824.02,4.01,1,39,0,23,0,1132,289,Free
12/6/2024 1:49:48,21.75,8826.13,4.01,1,39,0,23,0,1133,1481,Free
12/6/2024 1:49:54,21.75,8828.51,4.01,1,39,0,23,0,1134,1748,Free
12/6/2024 1:50:03,21.75,8829.42,4.00,1,39,0,23,0,1135,0,Free
12/6/2024 1:50:10,21.75,8830.49,4.00,1,39,0,23,0,1136,151,Free
12/6/2024 1:50:12,21.75,8831.25,4.00,1,39,0,23,0,1137,134,Free
12/6/2024 1:50:13,21.75,8831.87,4.01,1,39,0,23,0,1138,0,Free
12/6/2024 1:50:16,21.75,8832.51,4.00,1,39,0,23,0,1139,0,Free
12/6/2024 1:50:21,22.00,8833.14,4.01,1,39,0,23,0,1140,0,Free
12/6/2024 1:50:23,22.00,8833.86,4.00,1,39,0,23,0,1141,90,Free
12/6/2024 1:50:24,22.00,8834.61,4.01,1,39,0,23,0,1142,126,Free
12/6/2024 1:50:28,22.00,8835.81,4.01,1,39,0,23,0,1143,574,Free
12/6/2024 1:50:32,22.00,8836.53,4.00,1,39,0,23,0,1144,90,Free
12/6/2024 1:50:33,22.00,8837.60,4.00,1,39,0,23,0,1145,443,Free
12/6/2024 1:50:52,22.00,8839.55,4.01,1,39,0,23,0,1146,471,Free
12/6/2024 1:51:16,22.00,8841.08,4.00,1,39,0,23,0,1147,39,Free
12/6/2024 1:51:23,22.00,8842.34,4.00,1,39,0,23,0,1148,633,Free
12/6/2024 1:51:24,22.00,8842.97,4.00,1,39,0,23,0,1149,0,Free
12/6/2024 1:51:34,22.00,8843.88,4.00,1,39,0,23,0,1150,0,Free
12/6/2024 1:53:20,22.00,8850.05,4.01,1,39,0,23,0,1151,686,Free
12/6/2024 1:53:21,22.00,8850.76,4.01,1,39,0,23,0,1152,83,Free
12/6/2024 1:53:23,22.00,8851.48,4.00,1,39,0,23,0,1153,91,Free
12/6/2024 1:53:27,22.00,8853.42,4.01,1,39,0,23,0,1154,1317,Free
12/6/2024 1:53:30,21.75,8854.30,4.01,1,39,0,23,0,1155,246,Free
12/6/2024 1:53:36,21.75,8855.23,4.00,1,39,0,23,0,1156,306,Free
12/6/2024 1:53:37,21.75,8855.86,4.00,1,39,0,23,0,1157,0,Free
12/6/2024 1:53:40,21.75,8856.49,4.01,1,39,0,23,0,1158,0,Free
12/6/2024 1:53:56,21.75,8857.70,4.01,1,39,0,23,0,1159,13,Free
12/6/2024 1:54:02,21.75,8858.33,4.00,1,39,0,23,0,1160,0,Free
12/6/2024 1:54:06,21.75,8859.20,4.01,1,39,0,23,0,1161,246,Free
12/6/2024 1:54:16,21.75,8860.82,4.01,1,39,0,23,0,1162,712,Free
12/6/2024 1:54:21,21.75,8861.90,4.01,1,39,0,23,0,1163,445,Free
12/6/2024 1:54:27,21.75,8862.90,4.01,1,39,0,23,0,1164,91,Free
12/6/2024 1:55:50,21.75,8867.52,4.01,1,39,0,23,0,1165,281,Free
12/6/2024 1:55:58,21.75,8868.44,4.00,1,39,0,23,0,1166,0,Free
12/6/2024 1:56:05,21.75,8869.07,4.00,1,39,0,23,0,1167,0,Free
12/6/2024 1:56:06,21.75,8869.70,4.01,1,39,0,23,0,1168,0,Free
12/6/2024 1:56:07,21.75,8870.38,4.01,1,39,0,23,0,1169,56,Free
12/6/2024 1:56:08,21.75,8871.01,4.01,1,39,0,23,0,1170,0,Free
12/6/2024 1:56:13,21.75,8871.71,4.00,1,39,0,23,0,1171,73,Free
12/6/2024 1:56:27,21.75,8873.34,4.00,1,39,0,23,0,1172,428,Free
12/6/2024 1:56:33,21.75,8874.45,4.00,1,39,0,23,0,1173,195,Free
12/6/2024 1:56:43,21.75,8875.60,4.01,1,39,0,23,0,1174,238,Free
12/6/2024 1:56:46,21.75,8876.23,4.01,1,39,0,23,0,1175,0,Free
12/6/2024 1:58:05,21.75,8880.56,4.01,1,39,0,23,0,1176,0,Free
12/6/2024 1:59:14,21.75,8898.47,4.01,1,39,0,23,0,1176,0,Free
12/6/2024 2:17:29,21.75,8965.17,4.01,1,39,0,23,0,1176,0,Free
12/6/2024 2:35:44,21.75,9031.88,4.01,1,39,0,23,0,1176,0,Free
12/6/2024 2:53:59,21.75,9098.59,4.01,1,39,0,23,0,1176,0,Free
12/6/2024 3:04:46,21.75,9129.78,4.00,1,39,0,23,0,1177,23,Free
12/6/2024 3:04:48,21.75,9130.40,4.00,1,39,0,23,0,1178,0,Free
12/6/2024 3:04:49,21.75,9131.30,4.00,1,39,0,23,0,1179,272,Free
12/6/2024 3:04:51,21.75,9131.95,4.00,1,39,0,23,0,1180,22,Free
12/6/2024 3:04:52,21.75,9132.58,4.00,1,39,0,23,0,1181,0,Free
12/6/2024 3:04:58,21.75,9135.21,4.00,1,39,0,23,0,1182,1997,Free
12/6/2024 3:05:15,21.75,9139.27,4.00,1,39,0,23,0,1183,2860,Free
12/6/2024 3:05:18,21.75,9140.78,4.00,1,39,0,23,0,1184,885,Free
12/6/2024 3:05:21,21.75,9141.41,4.00,1,39,0,23,0,1185,0,Free
12/6/2024 3:05:25,21.75,9143.03,4.00,1,39,0,23,0,1186,997,Free
12/6/2024 3:05:36,21.75,9144.23,4.00,1,39,0,23,0,1187,289,Free
12/6/2024 3:05:37,21.75,9145.03,4.01,1,39,0,23,0,1188,168,Free
12/6/2024 3:05:40,21.75,9146.02,4.00,1,39,0,23,0,1189,350,Free
12/6/2024 3:05:42,21.75,9147.30,4.00,1,39,0,23,0,1190,652,Free
12/6/2024 3:05:46,21.75,9148.56,4.00,1,39,0,23,0,1191,642,Free
12/6/2024 3:05:49,21.75,9151.12,4.00,1,39,0,23,0,1192,1930,Free
12/6/2024 3:05:53,21.75,9151.92,4.00,1,39,0,23,0,1193,169,Free
12/6/2024 3:05:56,21.75,9152.70,4.01,1,39,0,23,0,1194,152,Free
12/6/2024 3:06:01,21.75,9154.54,4.00,1,39,0,23,0,1195,1213,Free
12/6/2024 3:06:03,21.75,9155.57,4.01,1,39,0,23,0,1196,401,Free
12/6/2024 3:06:07,21.75,9157.97,4.01,1,39,0,23,0,1197,1774,Free
12/6/2024 3:06:11,21.75,9158.64,4.01,1,39,0,23,0,1198,39,Free
12/6/2024 3:06:17,21.75,9163.04,4.01,1,39,0,23,0,1199,3779,Free
12/6/2024 3:06:33,21.75,9173.30,4.00,1,39,0,23,0,1200,9346,Free
12/6/2024 3:06:35,21.75,9174.03,4.00,1,39,0,23,0,1201,99,Free
12/6/2024 3:06:39,21.75,9175.19,4.00,1,39,0,23,0,1202,530,Free
12/6/2024 3:06:40,21.75,9176.49,4.00,1,39,0,23,0,1203,669,Free
12/6/2024 3:06:44,21.75,9177.65,4.00,1,39,0,23,0,1204,540,Free
12/6/2024 3:06:47,21.75,9179.36,4.01,1,39,0,23,0,1205,1084,Free
12/6/2024 3:06:50,21.75,9180.25,4.00,1,39,0,23,0,1206,255,Free
12/6/2024 3:06:52,21.75,9181.18,4.00,1,39,0,23,0,1207,306,Free
12/6/2024 3:06:55,21.75,9182.28,4.00,1,39,0,23,0,1208,471,Free
12/6/2024 3:06:57,21.75,9182.91,4.00,1,39,0,23,0,1209,0,Free
12/6/2024 3:06:58,21.75,9184.40,4.00,1,39,0,23,0,1210,859,Free
12/6/2024 3:07:01,21.75,9185.55,4.00,1,39,0,23,0,1211,523,Free
12/6/2024 3:07:05,21.75,9188.18,4.00,1,39,0,23,0,1212,2008,Free
12/6/2024 3:07:07,21.75,9189.88,4.00,1,39,0,23,0,1213,1067,Free
12/6/2024 3:07:12,21.75,9191.59,4.00,1,39,0,23,0,1214,1084,Free
12/6/2024 3:07:17,21.75,9195.97,4.00,1,39,0,23,0,1215,3759,Free
12/6/2024 3:07:20,21.75,9197.04,4.00,1,39,0,23,0,1216,428,Free
12/6/2024 3:07:25,21.75,9197.73,4.00,1,39,0,23,0,1217,56,Free
12/6/2024 3:07:29,21.75,9198.35,4.00,1,39,0,23,0,1218,0,Free
12/6/2024 3:07:30,21.75,9199.08,4.00,1,39,0,23,0,1219,99,Free
12/6/2024 3:07:34,21.75,9200.15,4.01,1,39,0,23,0,1220,445,Free
12/6/2024 3:07:35,21.75,9200.96,4.00,1,39,0,23,0,1221,177,Free
12/6/2024 3:07:36,21.75,9201.58,4.00,1,39,0,23,0,1222,0,Free
12/6/2024 3:07:42,21.75,9205.07,4.00,1,39,0,23,0,1223,2861,Free
12/6/2024 3:07:45,21.75,9205.73,4.01,1,39,0,23,0,1224,29,Free
12/6/2024 3:07:47,21.75,9206.36,4.00,1,39,0,23,0,1225,0,Free
12/6/2024 3:07:50,21.75,9208.69,4.00,1,39,0,23,0,1226,1697,Free
12/6/2024 3:07:53,21.75,9209.35,4.00,1,39,0,23,0,1227,39,Free
12/6/2024 3:07:54,21.75,9210.13,4.01,1,39,0,23,0,1228,152,Free
12/6/2024 3:08:00,21.75,9210.94,4.00,1,39,0,23,0,1229,177,Free
12/6/2024 3:08:12,21.75,9212.61,4.00,1,39,0,23,0,1230,755,Free
12/6/2024 3:08:14,21.75,9213.29,4.01,1,39,0,23,0,1231,56,Free
12/6/2024 3:08:16,21.75,9214.27,4.01,1,39,0,23,0,1232,349,Free
12/6/2024 3:08:18,21.75,9215.27,4.00,1,39,0,23,0,1233,367,Free
12/6/2024 3:08:19,21.75,9216.67,4.00,1,39,0,23,0,1234,781,Free
12/6/2024 3:08:25,21.75,9217.74,4.00,1,39,0,23,0,1235,434,Free
12/6/2024 3:08:31,21.75,9218.36,4.00,1,39,0,23,0,1236,0,Free
12/6/2024 3:08:35,21.75,9218.99,4.00,1,39,0,23,0,1237,0,Free
12/6/2024 3:08:35,21.75,9219.62,4.00,1,39,0,23,0,1238,0,Free
12/6/2024 3:08:36,21.75,9220.61,4.00,1,39,0,23,0,1239,367,Free
12/6/2024 3:08:44,21.75,9221.53,4.00,1,39,0,23,0,1240,0,Free
12/6/2024 3:08:50,21.75,9222.31,4.00,1,39,0,23,0,1241,154,Free
12/6/2024 3:08:51,21.75,9223.01,4.00,1,39,0,23,0,1242,64,Free
12/6/2024 3:09:12,21.75,9238.63,4.00,1,39,0,23,0,1242,0,Free
12/6/2024 3:27:27,21.75,9305.33,4.00,1,39,0,23,0,1242,0,Free
12/6/2024 3:45:42,21.75,9372.04,4.00,1,39,0,23,0,1242,0,Free
12/6/2024 3:46:39,21.75,9375.35,4.00,1,39,0,23,0,1243,108,Free
12/6/2024 3:47:06,21.75,9378.02,4.00,1,39,0,23,0,1244,902,Free
12/6/2024 3:47:11,21.75,9378.65,4.00,1,39,0,23,0,1245,0,Free
12/6/2024 3:47:12,21.75,9379.28,4.00,1,39,0,23,0,1246,0,Free
12/6/2024 3:47:15,21.75,9381.88,4.00,1,39,0,23,0,1247,1972,Free
12/6/2024 3:47:17,21.75,9382.66,4.00,1,39,0,23,0,1248,160,Free
12/6/2024 3:47:21,21.75,9383.48,4.00,1,39,0,23,0,1249,186,Free
12/6/2024 3:47:23,21.75,9384.85,4.00,1,39,0,23,0,1250,746,Free
12/6/2024 3:47:27,21.75,9386.16,4.00,1,39,0,23,0,1251,677,Free
12/6/2024 3:47:35,21.75,9387.07,4.01,1,39,0,23,0,1252,0,Free
12/6/2024 3:47:37,21.75,9388.47,4.00,1,39,0,23,0,1253,773,Free
12/6/2024 3:47:40,21.75,9389.10,4.00,1,39,0,23,0,1254,0,Free
12/6/2024 3:47:41,21.75,9389.85,4.00,1,39,0,23,0,1255,125,Free
12/6/2024 3:47:44,21.75,9392.26,4.00,1,39,0,23,0,1256,1783,Free
12/6/2024 3:47:47,21.75,9393.83,4.00,1,39,0,23,0,1257,936,Free
12/6/2024 3:47:50,21.75,9394.45,4.00,1,39,0,23,0,1258,0,Free
12/6/2024 3:47:51,21.75,9395.08,4.00,1,39,0,23,0,1259,0,Free
12/6/2024 3:47:53,21.75,9396.06,4.00,1,39,0,23,0,1260,349,Free
12/6/2024 3:47:56,21.75,9396.69,4.00,1,39,0,23,0,1261,0,Free
12/6/2024 3:47:56,21.75,9397.32,4.00,1,39,0,23,0,1262,0,Free
12/6/2024 3:47:57,21.75,9397.95,4.00,1,39,0,23,0,1263,0,Free
12/6/2024 3:48:00,21.75,9399.51,4.00,1,39,0,23,0,1264,936,Free
12/6/2024 3:48:22,21.75,9401.35,4.00,1,39,0,23,0,1265,358,Free
12/6/2024 3:48:25,21.75,9401.99,4.00,1,39,0,23,0,1266,0,Free
12/6/2024 3:48:30,21.75,9402.65,4.00,1,39,0,23,0,1267,30,Free
12/6/2024 3:48:32,21.75,9403.27,4.00,1,39,0,23,0,1268,0,Free
12/6/2024 3:48:34,21.75,9405.11,4.00,1,39,0,23,0,1269,1212,Free
12/6/2024 3:48:38,21.75,9405.74,4.00,1,39,0,23,0,1270,0,Free
12/6/2024 3:48:40,21.75,9407.60,4.00,1,39,0,23,0,1271,1230,Free
12/6/2024 3:48:41,21.75,9408.29,4.00,1,39,0,23,0,1272,57,Free
12/6/2024 3:48:46,21.75,9409.75,4.00,1,39,0,23,0,1273,833,Free
12/6/2024 3:48:51,21.75,9413.98,4.00,1,39,0,23,0,1274,3604,Free
12/6/2024 3:48:52,21.75,9414.61,4.00,1,39,0,23,0,1275,0,Free
12/6/2024 3:48:54,21.75,9415.23,4.00,1,39,0,23,0,1276,0,Free
12/6/2024 3:49:05,21.75,9419.57,4.00,1,39,0,23,0,1277,3423,Free
12/6/2024 3:49:07,21.75,9420.20,4.00,1,39,0,23,0,1278,0,Free
12/6/2024 3:49:09,21.75,9421.67,4.00,1,39,0,23,0,1279,842,Free
12/6/2024 3:49:12,21.75,9422.84,4.00,1,39,0,23,0,1280,539,Free
12/6/2024 3:49:14,21.75,9424.44,4.00,1,39,0,23,0,1281,971,Free
12/6/2024 3:49:17,21.75,9426.65,4.00,1,39,0,23,0,1282,1582,Free
12/6/2024 3:49:20,21.75,9428.38,4.00,1,39,0,23,0,1283,1108,Free
12/6/2024 3:49:27,21.75,9431.30,4.00,1,39,0,23,0,1284,2283,Free
12/6/2024 3:49:29,21.75,9432.07,4.00,1,39,0,23,0,1285,151,Free
12/6/2024 3:49:31,21.75,9433.50,4.00,1,39,0,23,0,1286,790,Free
12/6/2024 3:49:33,21.75,9434.99,4.01,1,39,0,23,0,1287,868,Free
12/6/2024 3:49:35,21.75,9435.62,4.00,1,39,0,23,0,1288,0,Free
12/6/2024 3:49:36,21.75,9436.28,4.00,1,39,0,23,0,1289,30,Free
12/6/2024 3:49:40,21.75,9437.13,4.00,1,39,0,23,0,1290,229,Free
12/6/2024 3:49:46,21.75,9437.84,4.00,1,39,0,23,0,1291,77,Free
12/6/2024 3:49:57,21.75,9439.05,4.00,1,39,0,23,0,1292,289,Free
12/6/2024 3:50:00,21.75,9439.98,4.00,1,39,0,23,0,1293,307,Free
12/6/2024 3:50:08,21.75,9440.90,4.00,1,39,0,23,0,1294,0,Free
12/6/2024 3:50:22,21.75,9442.14,4.00,1,39,0,23,0,1295,47,Free
12/6/2024 3:50:25,21.75,9442.77,4.00,1,39,0,23,0,1296,0,Free
12/6/2024 3:50:26,21.75,9443.57,4.01,1,39,0,23,0,1297,168,Free
12/6/2024 3:50:28,21.75,9444.29,4.00,1,39,0,23,0,1298,98,Free
12/6/2024 3:50:31,21.75,9445.53,4.00,1,39,0,23,0,1299,608,Free
12/6/2024 3:50:34,21.75,9446.96,4.00,1,39,0,23,0,1300,799,Free
12/6/2024 3:50:35,21.75,9447.58,4.00,1,39,0,23,0,1301,0,Free
12/6/2024 3:50:37,21.75,9448.23,4.00,1,39,0,23,0,1302,13,Free
12/6/2024 3:50:41,21.75,9450.43,4.00,1,39,0,23,0,1303,1575,Free
12/6/2024 3:51:00,22.00,9452.21,4.00,1,39,0,23,0,1304,298,Free
12/6/2024 3:51:19,22.00,9454.79,4.00,1,39,0,23,0,1305,1386,Free
12/6/2024 3:51:22,22.00,9456.49,4.00,1,39,0,23,0,1306,1065,Free
12/6/2024 3:51:28,22.00,9457.58,4.00,1,39,0,23,0,1307,462,Free
12/6/2024 3:51:34,22.00,9462.68,4.00,1,39,0,23,0,1308,4473,Free
12/6/2024 3:51:40,22.00,9463.73,4.00,1,39,0,23,0,1309,143,Free
12/6/2024 3:51:51,22.00,9466.65,4.00,1,39,0,23,0,1310,1998,Free
12/6/2024 3:51:56,22.00,9467.45,4.00,1,39,0,23,0,1311,177,Free
12/6/2024 3:51:58,22.00,9468.65,4.00,1,39,0,23,0,1312,573,Free
12/6/2024 3:52:03,22.00,9469.98,4.00,1,39,0,23,0,1313,703,Free
12/6/2024 3:52:10,22.00,9471.17,4.00,1,39,0,23,0,1314,557,Free
12/6/2024 4:00:19,21.75,9509.05,4.00,1,39,0,23,0,1314,0,Free
12/6/2024 4:18:34,21.75,9575.75,4.00,1,39,0,23,0,1314,0,Free
12/6/2024 4:29:55,21.75,9609.44,4.00,1,39,0,23,0,1315,806,Free
12/6/2024 4:29:56,21.75,9610.19,4.00,1,39,0,23,0,1316,125,Free
12/6/2024 4:29:58,21.75,9610.83,4.00,1,39,0,23,0,1317,0,Free
12/6/2024 4:29:59,21.75,9611.94,4.00,1,39,0,23,0,1318,486,Free
12/6/2024 4:30:01,21.75,9612.66,4.00,1,39,0,23,0,1319,90,Free
12/6/2024 4:30:01,21.75,9613.29,4.00,1,39,0,23,0,1320,0,Free
12/6/2024 4:30:04,21.75,9614.42,4.00,1,39,0,23,0,1321,496,Free
12/6/2024 4:30:07,21.75,9616.26,4.00,1,39,0,23,0,1322,1221,Free
12/6/2024 4:30:08,21.75,9616.89,4.00,1,39,0,23,0,1323,0,Free
12/6/2024 4:30:09,21.75,9617.52,4.00,1,39,0,23,0,1324,0,Free
12/6/2024 4:30:15,21.75,9618.67,4.00,1,39,0,23,0,1325,513,Free
12/6/2024 4:30:17,21.75,9619.29,4.00,1,39,0,23,0,1326,0,Free
12/6/2024 4:30:18,21.75,9619.92,4.00,1,39,0,23,0,1327,0,Free
12/6/2024 4:30:23,21.75,9620.55,4.00,1,39,0,23,0,1328,0,Free
12/6/2024 4:30:23,21.75,9621.18,4.00,1,39,0,23,0,1329,0,Free
12/6/2024 4:30:37,21.75,9622.37,4.00,1,39,0,23,0,1330,0,Free
12/6/2024 4:30:39,21.75,9624.02,4.00,1,39,0,23,0,1331,1013,Free
12/6/2024 4:30:40,21.75,9624.65,4.00,1,39,0,23,0,1332,0,Free
12/6/2024 4:30:41,21.75,9625.27,4.00,1,39,0,23,0,1333,0,Free
12/6/2024 4:30:46,21.75,9628.75,4.00,1,39,0,23,0,1334,2852,Free
12/6/2024 4:30:48,21.75,9629.65,4.00,1,39,0,23,0,1335,272,Free
12/6/2024 4:30:52,21.75,9630.58,4.00,1,39,0,23,0,1336,298,Free
12/6/2024 4:30:54,21.75,9631.21,4.00,1,39,0,23,0,1337,0,Free
12/6/2024 4:30:55,21.75,9632.83,4.00,1,39,0,23,0,1338,997,Free
12/6/2024 4:31:27,21.75,9634.89,4.00,1,39,0,23,0,1339,0,Free
12/6/2024 4:31:28,21.75,9635.77,4.00,1,39,0,23,0,1340,254,Free
12/6/2024 4:31:32,21.75,9637.33,4.00,1,39,0,23,0,1341,928,Free
12/6/2024 4:31:43,21.75,9639.02,4.00,1,39,0,23,0,1342,772,Free
12/6/2024 4:31:46,21.75,9639.81,4.00,1,39,0,23,0,1343,159,Free
12/6/2024 4:31:50,21.75,9640.44,4.00,1,39,0,23,0,1344,0,Free
12/6/2024 4:33:27,21.75,9646.41,4.00,1,39,0,23,0,1345,1065,Free
12/6/2024 4:33:30,21.75,9647.28,4.00,1,39,0,23,0,1346,237,Free
12/6/2024 4:33:41,21.75,9648.19,4.00,1,39,0,23,0,1347,0,Free
12/6/2024 4:33:44,21.75,9648.88,4.00,1,39,0,23,0,1348,56,Free
12/6/2024 4:33:46,21.75,9650.14,4.00,1,39,0,23,0,1349,635,Free
12/6/2024 4:33:49,21.75,9651.33,4.00,1,39,0,23,0,1350,566,Free
12/6/2024 4:33:50,21.75,9652.24,4.00,1,39,0,23,0,1351,281,Free
12/6/2024 4:33:58,21.75,9653.16,4.00,1,39,0,23,0,1352,0,Free
12/6/2024 4:34:05,21.75,9655.63,4.00,1,39,0,23,0,1353,1843,Free
12/6/2024 4:34:09,21.75,9656.28,4.00,1,39,0,23,0,1354,30,Free
12/6/2024 4:34:10,21.75,9656.91,4.00,1,39,0,23,0,1355,0,Free
12/6/2024 4:34:11,21.75,9657.62,4.00,1,39,0,23,0,1356,73,Free
12/6/2024 4:34:27,21.75,9672.95,4.00,1,39,0,23,0,1356,0,Free
12/6/2024 4:34:28,21.75,9674.08,4.00,1,39,0,23,0,1357,505,Free
12/6/2024 4:34:40,21.75,9676.52,4.00,1,39,0,23,0,1358,1524,Free
12/6/2024 4:34:42,21.75,9677.15,4.00,1,39,0,23,0,1359,0,Free
12/6/2024 4:34:43,21.75,9677.77,4.00,1,39,0,23,0,1360,0,Free
12/6/2024 4:34:44,21.75,9678.49,4.00,1,39,0,23,0,1361,90,Free
12/6/2024 4:34:45,21.75,9679.12,4.00,1,39,0,23,0,1362,0,Free
12/6/2024 4:34:51,21.75,9680.04,4.00,1,39,0,23,0,1363,0,Free
12/6/2024 4:34:54,21.75,9680.67,4.00,1,39,0,23,0,1364,0,Free
12/6/2024 4:34:55,21.75,9681.38,4.00,1,39,0,23,0,1365,82,Free
12/6/2024 4:35:02,21.75,9682.00,4.00,1,39,0,23,0,1366,0,Free
12/6/2024 4:35:03,21.75,9682.70,4.00,1,39,0,23,0,1367,73,Free
12/6/2024 4:35:04,21.75,9683.35,4.00,1,39,0,23,0,1368,22,Free
12/6/2024 4:35:05,21.75,9683.99,4.00,1,39,0,23,0,1369,0,Free
12/6/2024 4:35:25,21.75,9691.71,4.00,1,39,0,23,0,1370,6517,Free
12/6/2024 4:35:26,21.75,9692.33,4.00,1,39,0,23,0,1371,0,Free
12/6/2024 4:35:28,21.75,9693.16,4.00,1,39,0,23,0,1372,194,Free
12/6/2024 4:35:31,21.75,9694.95,4.00,1,39,0,23,0,1373,1162,Free
12/6/2024 4:35:35,21.75,9695.78,4.00,1,39,0,23,0,1374,203,Free
12/6/2024 4:35:39,21.75,9696.41,4.00,1,39,0,23,0,1375,0,Free
12/6/2024 4:35:44,21.75,9699.36,4.00,1,39,0,23,0,1376,2318,Free
12/6/2024 4:35:48,21.75,9703.10,4.00,1,39,0,23,0,1377,3112,Free
12/6/2024 4:37:40,22.00,9709.89,4.00,1,39,0,23,0,1378,1024,Free
12/6/2024 4:37:47,22.00,9710.51,4.00,1,39,0,23,0,1379,0,Free
12/6/2024 4:51:32,21.75,9764.38,4.00,1,39,0,23,0,1379,0,Free
12/6/2024 4:54:37,21.75,9774.45,4.00,1,39,0,23,0,1380,885,Free
12/6/2024 4:54:43,21.75,9775.44,4.00,1,39,0,23,0,1381,358,Free
12/6/2024 4:54:47,21.75,9777.34,4.00,1,39,0,23,0,1382,1274,Free
12/6/2024 4:54:49,21.75,9778.82,4.00,1,39,0,23,0,1383,851,Free
12/6/2024 4:54:52,21.75,9779.80,4.00,1,39,0,23,0,1384,350,Free
12/6/2024 4:55:02,21.75,9780.71,4.00,1,39,0,23,0,1385,0,Free
12/6/2024 4:55:05,21.75,9781.85,4.00,1,39,0,23,0,1386,514,Free
12/6/2024 4:55:11,21.75,9782.79,4.00,1,39,0,23,0,1387,22,Free
12/6/2024 4:55:14,21.75,9783.87,4.00,1,39,0,23,0,1388,453,Free
12/6/2024 4:55:15,21.75,9784.50,4.00,1,39,0,23,0,1389,0,Free
12/6/2024 4:55:16,21.75,9786.06,4.00,1,39,0,23,0,1390,936,Free
12/6/2024 4:55:22,21.75,9786.84,4.00,1,39,0,23,0,1391,143,Free
12/6/2024 4:55:33,21.75,9787.75,4.00,1,39,0,23,0,1392,0,Free
12/6/2024 4:55:39,21.75,9788.59,4.00,1,39,0,23,0,1393,212,Free
12/6/2024 4:55:45,21.75,9789.25,4.00,1,39,0,23,0,1394,30,Free
12/6/2024 4:55:47,21.75,9790.47,4.00,1,39,0,23,0,1395,583,Free
12/6/2024 4:55:51,21.75,9791.45,4.00,1,39,0,23,0,1396,358,Free
12/6/2024 4:55:52,21.75,9792.08,4.00,1,39,0,23,0,1397,0,Free
12/6/2024 4:55:54,21.75,9792.89,4.00,1,39,0,23,0,1398,176,Free
12/6/2024 4:55:59,21.75,9794.22,4.00,1,39,0,23,0,1399,703,Free
12/6/2024 4:56:04,21.75,9794.84,4.00,1,39,0,23,0,1400,0,Free
12/6/2024 4:56:06,21.75,9796.92,4.00,1,39,0,23,0,1401,1444,Free
12/6/2024 4:56:07,21.75,9797.59,4.00,1,39,0,23,0,1402,48,Free
12/6/2024 4:56:28,21.75,9799.32,4.00,1,39,0,23,0,1403,238,Free
12/6/2024 4:56:31,21.75,9800.28,4.00,1,39,0,23,0,1404,332,Free
12/6/2024 4:56:32,21.75,9801.51,4.00,1,39,0,23,0,1405,609,Free
12/6/2024 4:56:42,21.75,9802.99,4.00,1,39,0,23,0,1406,566,Free
12/6/2024 4:56:43,21.75,9803.89,4.00,1,39,0,23,0,1407,273,Free
12/6/2024 4:56:45,21.75,9804.57,4.00,1,39,0,23,0,1408,56,Free
12/6/2024 4:56:54,21.75,9805.49,4.00,1,39,0,23,0,1409,0,Free
12/6/2024 4:57:04,21.75,9806.40,4.00,1,39,0,23,0,1410,0,Free
12/6/2024 4:57:05,21.75,9807.03,4.00,1,39,0,23,0,1411,0,Free
12/6/2024 4:57:08,21.75,9810.20,4.00,1,39,0,23,0,1412,2541,Free
12/6/2024 4:57:12,21.75,9811.86,4.00,1,39,0,23,0,1413,1031,Free
12/6/2024 4:57:14,21.75,9812.70,4.00,1,39,0,23,0,1414,212,Free
12/6/2024 4:57:17,21.75,9813.55,4.00,1,39,0,23,0,1415,220,Free
12/6/2024 4:57:18,21.75,9814.33,4.00,1,39,0,23,0,1416,160,Free
12/6/2024 4:57:19,21.75,9815.09,4.00,1,39,0,23,0,1417,125,Free
12/6/2024 4:57:23,21.75,9816.90,4.00,1,39,0,23,0,1418,1187,Free
12/6/2024 4:57:26,21.75,9819.13,4.00,1,39,0,23,0,1419,1593,Free
12/6/2024 4:57:30,21.75,9822.31,4.00,1,39,0,23,0,1420,2550,Free
12/6/2024 4:57:34,21.75,9823.37,4.00,1,39,0,23,0,1421,427,Free
12/6/2024 4:57:35,21.75,9824.00,4.00,1,39,0,23,0,1422,0,Free
12/6/2024 4:57:42,21.75,9827.69,4.00,1,39,0,23,0,1423,3060,Free
12/6/2024 4:58:17,21.75,9830.08,4.00,1,39,0,23,0,1424,340,Free
12/6/2024 4:58:20,21.75,9831.10,4.00,1,39,0,23,0,1425,393,Free
12/6/2024 4:58:21,21.75,9832.01,4.00,1,39,0,23,0,1426,280,Free
12/6/2024 4:58:27,21.75,9833.49,4.00,1,39,0,23,0,1427,850,Free
12/6/2024 4:58:30,21.75,9835.78,4.00,1,39,0,23,0,1428,1662,Free
12/6/2024 4:58:32,21.75,9836.47,4.00,1,39,0,23,0,1429,57,Free
12/6/2024 4:58:34,21.75,9837.57,4.00,1,39,0,23,0,1430,479,Free
12/6/2024 4:58:36,21.75,9838.80,4.00,1,39,0,23,0,1431,600,Free
12/6/2024 4:58:44,21.75,9840.85,4.00,1,39,0,23,0,1432,1135,Free
12/6/2024 4:58:48,21.75,9843.03,4.00,1,39,0,23,0,1433,1558,Free
12/6/2024 4:58:49,21.75,9843.66,4.00,1,39,0,23,0,1434,0,Free
12/6/2024 4:58:52,21.75,9844.99,4.00,1,39,0,23,0,1435,695,Free
12/6/2024 4:58:56,21.75,9846.86,4.00,1,39,0,23,0,1436,1247,Free
12/6/2024 4:58:57,21.75,9847.64,4.00,1,39,0,23,0,1437,152,Free
12/6/2024 4:58:59,21.75,9848.31,4.00,1,39,0,23,0,1438,48,Free
12/6/2024 4:59:03,21.75,9849.55,4.00,1,39,0,23,0,1439,608,Free
12/6/2024 4:59:14,21.75,9851.12,4.00,1,39,0,23,0,1440,652,Free
12/6/2024 4:59:17,21.75,9851.74,4.00,1,39,0,23,0,1441,0,Free
12/6/2024 4:59:19,21.75,9852.65,4.00,1,39,0,23,0,1442,279,Free
12/6/2024 4:59:20,21.75,9853.29,4.00,1,39,0,23,0,1443,12,Free
12/6/2024 4:59:21,21.75,9853.92,4.00,1,39,0,23,0,1444,0,Free
12/6/2024 4:59:29,21.75,9856.14,4.00,1,39,0,23,0,1445,1307,Free
12/6/2024 4:59:30,21.75,9857.54,4.00,1,39,0,23,0,1446,773,Free
12/6/2024 4:59:32,21.75,9859.36,4.00,1,39,0,23,0,1447,1187,Free
12/6/2024 4:59:36,21.75,9860.08,4.00,1,39,0,23,0,1448,91,Free
12/6/2024 4:59:38,21.75,9861.34,4.00,1,39,0,23,0,1449,635,Free
12/6/2024 4:59:45,21.75,9862.60,4.00,1,39,0,23,0,1450,341,Free
12/6/2024 4:59:46,21.75,9863.64,4.00,1,39,0,23,0,1451,409,Free
12/6/2024 5:01:50,21.75,9869.98,4.00,1,40,0,23,0,1451,0,Free
12/6/2024 5:03:53,21.75,9876.31,4.00,1,40,0,23,0,1452,0,Free
12/6/2024 5:03:53,21.75,9876.94,4.00,1,40,0,23,0,1453,4,Free
12/6/2024 5:03:56,21.75,9878.13,4.00,1,40,0,23,0,1454,557,Free
12/6/2024 5:05:47,21.75,9898.03,4.00,1,40,0,23,0,1454,0,Free
12/6/2024 5:06:04,21.75,9899.23,4.00,1,40,0,23,0,1455,0,Free
12/6/2024 5:06:13,21.75,9901.11,4.00,1,40,0,23,0,1456,974,Free
12/6/2024 5:06:18,21.75,9901.88,4.00,1,40,0,23,0,1457,134,Free
12/6/2024 5:06:21,21.75,9903.14,4.00,1,40,0,23,0,1458,635,Free
12/6/2024 5:06:28,21.75,9904.06,4.00,1,40,0,23,0,1459,0,Free
12/6/2024 5:06:35,21.75,9906.14,4.00,1,40,0,23,0,1460,1451,Free
12/6/2024 5:06:36,21.75,9906.95,4.00,1,40,0,23,0,1461,185,Free
12/6/2024 5:07:11,21.75,9912.31,4.00,1,40,0,23,0,1462,3307,Free
12/6/2024 5:07:16,21.75,9913.13,4.00,1,40,0,23,0,1463,195,Free
12/6/2024 5:07:19,21.75,9915.07,4.00,1,40,0,23,0,1464,1311,Free
12/6/2024 5:07:24,21.75,9915.70,4.00,1,40,0,23,0,1465,0,Free
12/6/2024 5:07:26,21.75,9916.47,4.00,1,40,0,23,0,1466,142,Free
12/6/2024 5:07:28,21.75,9918.62,4.00,1,40,0,23,0,1467,1518,Free
12/6/2024 5:07:39,22.00,9920.51,4.00,1,40,0,23,0,1468,973,Free
12/6/2024 5:07:41,22.00,9921.13,4.00,1,40,0,23,0,1469,0,Free
12/6/2024 5:07:45,22.00,9922.09,4.00,1,40,0,23,0,1470,325,Free
12/6/2024 5:07:48,22.00,9922.72,4.00,1,40,0,23,0,1471,0,Free
12/6/2024 5:07:53,22.00,9923.39,4.00,1,40,0,23,0,1472,39,Free
12/6/2024 5:07:56,22.00,9924.27,4.00,1,40,0,23,0,1473,255,Free
12/6/2024 5:07:59,22.00,9926.31,4.00,1,40,0,23,0,1474,1405,Free
12/6/2024 5:08:03,22.00,9926.93,4.00,1,40,0,23,0,1475,0,Free
12/6/2024 5:09:17,22.00,9931.06,4.00,1,40,0,23,0,1476,74,Free
12/6/2024 5:10:15,22.00,9934.63,4.00,1,40,0,23,0,1477,375,Free
12/6/2024 5:10:42,22.00,9937.41,4.00,1,40,0,23,0,1478,1007,Free
12/6/2024 5:10:43,22.00,9938.04,4.00,1,40,0,23,0,1479,0,Free
12/6/2024 5:10:46,22.00,9939.23,4.00,1,40,0,23,0,1480,566,Free
12/6/2024 5:10:48,22.00,9940.18,4.00,1,40,0,23,0,1481,315,Free
12/6/2024 5:10:51,22.00,9941.65,4.00,1,40,0,23,0,1482,850,Free
12/6/2024 5:11:03,22.00,9945.11,4.00,1,40,0,23,0,1483,2542,Free
12/6/2024 5:11:08,22.00,9947.00,4.00,1,40,0,23,0,1484,1266,Free
12/6/2024 5:11:23,22.00,9948.23,4.00,1,40,0,23,0,1485,30,Free
12/6/2024 5:11:28,22.00,9948.86,4.00,1,40,0,23,0,1486,0,Free
12/6/2024 5:15:05,21.75,9960.71,4.00,1,40,0,23,0,1487,1239,Free
12/6/2024 5:15:08,22.00,9963.10,4.00,1,40,0,23,0,1488,1756,Free
12/6/2024 5:15:15,22.00,9967.52,4.00,1,40,0,23,0,1489,3794,Free
12/6/2024 5:15:23,22.00,9971.16,4.00,1,40,0,23,0,1490,3009,Free
12/6/2024 5:15:24,22.00,9972.06,4.00,1,40,0,23,0,1491,272,Free
12/6/2024 5:15:28,22.00,9973.91,4.00,1,40,0,23,0,1492,1221,Free
12/6/2024 5:15:32,22.00,9975.03,4.00,1,40,0,23,0,1493,495,Free
12/6/2024 5:15:38,22.00,9976.12,4.00,1,40,0,23,0,1494,462,Free
12/6/2024 5:15:42,22.00,9978.16,4.00,1,40,0,23,0,1495,1411,Free
12/6/2024 5:15:43,22.00,9979.03,4.00,1,40,0,23,0,1496,246,Free
12/6/2024 5:15:47,22.00,9981.58,4.00,1,40,0,23,0,1497,1904,Free
12/6/2024 5:15:51,22.00,9982.52,4.00,1,40,0,23,0,1498,315,Free
12/6/2024 5:15:56,22.00,9983.17,4.00,1,40,0,23,0,1499,22,Free
12/6/2024 5:15:57,22.00,9983.80,4.00,1,40,0,23,0,1500,0,Free
12/6/2024 5:15:58,22.00,9984.42,4.00,1,40,0,23,0,1501,0,Free
12/6/2024 5:17:02,22.00,9987.91,4.00,1,40,0,23,0,1502,0,Free
12/6/2024 5:17:03,22.00,9988.63,4.00,1,40,0,23,0,1503,98,Free
12/6/2024 5:18:05,22.00,9992.96,4.00,1,40,0,23,0,1504,841,Free
12/6/2024 5:18:16,22.00,9994.66,4.00,1,40,0,23,0,1505,790,Free
12/6/2024 5:18:19,22.00,9996.26,4.00,1,40,0,23,0,1506,971,Free
12/6/2024 5:18:22,22.00,9997.22,4.00,1,40,0,23,0,1507,333,Free
12/6/2024 5:18:25,22.00,9998.53,4.00,1,40,0,23,0,1508,678,Free
12/6/2024 5:18:27,22.00,9999.93,4.00,1,40,0,23,0,1509,773,Free
12/6/2024 5:18:45,22.00,10003.79,4.00,1,40,0,23,0,1510,2664,Free
12/6/2024 5:18:50,22.00,10005.44,4.00,1,40,0,23,0,1511,1024,Free
12/6/2024 5:18:54,22.00,10009.12,4.00,1,40,0,23,0,1512,3052,Free
12/6/2024 5:19:09,22.00,10010.32,4.00,1,40,0,23,0,1513,0,Free
12/6/2024 5:19:10,22.00,10010.95,4.00,1,40,0,23,0,1514,0,Free
12/6/2024 5:19:11,22.00,10011.58,4.00,1,40,0,23,0,1515,0,Free
12/6/2024 5:19:13,22.00,10012.47,4.00,1,40,0,23,0,1516,263,Free
12/6/2024 5:19:20,22.00,10013.15,4.00,1,40,0,23,0,1517,49,Free
12/6/2024 5:19:23,22.00,10014.51,4.00,1,40,0,23,0,1518,738,Free
12/6/2024 5:19:26,22.00,10015.14,4.00,1,40,0,23,0,1519,0,Free
12/6/2024 5:19:27,22.00,10015.77,4.00,1,40,0,23,0,1520,0,Free
12/6/2024 5:19:32,22.00,10016.40,4.00,1,40,0,23,0,1521,0,Free
12/6/2024 5:19:35,22.00,10017.54,4.00,1,40,0,23,0,1522,512,Free
12/6/2024 5:19:37,22.00,10018.49,4.00,1,40,0,23,0,1523,323,Free
12/6/2024 5:19:40,22.00,10019.42,4.00,1,40,0,23,0,1524,298,Free
12/6/2024 5:19:43,22.00,10020.90,4.00,1,40,0,23,0,1525,851,Free
12/6/2024 5:19:46,22.00,10022.01,4.00,1,40,0,23,0,1526,478,Free
12/6/2024 5:19:49,22.00,10023.54,4.00,1,40,0,23,0,1527,902,Free
12/6/2024 5:19:53,22.00,10024.25,4.00,1,40,0,23,0,1528,81,Free
12/6/2024 5:20:04,22.00,10026.05,4.00,1,40,0,23,0,1529,884,Free
12/6/2024 5:20:05,22.00,10027.15,4.00,1,40,0,23,0,1530,470,Free
12/6/2024 5:20:11,22.00,10027.86,4.00,1,40,0,23,0,1531,91,Free
12/6/2024 5:20:12,22.00,10028.52,4.00,1,40,0,23,0,1532,30,Free
12/6/2024 5:20:14,22.00,10029.47,4.00,1,40,0,23,0,1533,323,Free
12/6/2024 5:20:20,22.00,10030.10,4.00,1,40,0,23,0,1534,0,Free
12/6/2024 5:20:41,22.00,10045.72,4.00,1,40,0,23,0,1534,0,Free
12/6/2024 5:21:00,22.00,10048.91,4.00,1,40,0,23,0,1535,1989,Free
12/6/2024 5:21:05,22.00,10052.77,4.00,1,40,0,23,0,1536,3233,Free
12/6/2024 5:21:07,22.00,10053.40,4.00,1,40,0,23,0,1537,0,Free
12/6/2024 5:21:09,22.00,10054.59,4.00,1,40,0,23,0,1538,565,Free
12/6/2024 5:21:13,22.00,10055.22,4.00,1,40,0,23,0,1539,0,Free
12/6/2024 5:21:20,22.00,10059.75,4.00,1,40,0,23,0,1540,3908,Free
12/6/2024 5:21:30,22.00,10063.75,4.00,1,40,0,23,0,1541,3362,Free
12/6/2024 5:21:31,22.00,10064.37,4.00,1,40,0,23,0,1542,0,Free
12/6/2024 5:21:33,22.00,10065.21,4.00,1,40,0,23,0,1543,203,Free
12/6/2024 5:21:35,22.00,10066.84,4.00,1,40,0,23,0,1544,1006,Free
12/6/2024 5:21:41,22.00,10067.84,4.00,1,40,0,23,0,1545,376,Free
12/6/2024 5:21:45,22.00,10071.01,4.00,1,40,0,23,0,1546,2534,Free
12/6/2024 5:21:51,22.00,10071.79,4.00,1,40,0,23,0,1547,159,Free
12/6/2024 5:22:05,22.00,10074.24,4.00,1,40,0,23,0,1548,1247,Free
12/6/2024 5:22:07,22.00,10075.87,4.00,1,40,0,23,0,1549,1006,Free
12/6/2024 5:22:13,22.00,10076.56,4.00,1,40,0,23,0,1550,56,Free
12/6/2024 5:22:33,22.00,10078.05,4.00,1,40,0,23,0,1551,0,Free
12/6/2024 5:22:41,22.00,10081.21,4.00,1,40,0,23,0,1552,2533,Free
12/6/2024 5:22:54,22.00,10083.19,4.00,1,40,0,23,0,1553,782,Free
12/6/2024 5:27:24,22.00,10096.38,4.00,1,41,0,23,0,1553,0,Free
12/6/2024 5:27:25,22.00,10097.09,4.00,1,42,83,23,0,1553,0,Free
12/6/2024 5:28:39,22.00,10101.25,4.00,1,42,0,23,0,1554,108,Free
12/6/2024 5:31:20,22.00,10109.59,4.00,1,42,0,23,0,1555,289,Free
12/6/2024 5:31:21,22.00,10110.29,4.00,1,42,0,23,0,1556,74,Free
12/6/2024 5:31:22,22.00,10111.58,4.00,1,42,0,23,0,1557,661,Free
12/6/2024 5:31:24,22.00,10112.25,4.00,1,42,0,23,0,1558,47,Free
12/6/2024 5:31:26,22.00,10113.30,4.00,1,42,0,23,0,1559,419,Free
12/6/2024 5:31:29,22.00,10115.69,4.00,1,42,0,23,0,1560,1758,Free
12/6/2024 5:31:31,22.00,10116.66,4.00,1,42,0,23,0,1561,342,Free
12/6/2024 5:31:33,22.00,10117.39,4.00,1,42,0,23,0,1562,108,Free
12/6/2024 5:31:37,22.00,10119.60,4.00,1,42,0,23,0,1563,1585,Free
12/6/2024 5:31:39,22.00,10120.23,4.00,1,42,0,23,0,1564,0,Free
12/6/2024 5:31:41,22.00,10120.86,4.00,1,42,0,23,0,1565,0,Free
12/6/2024 5:31:42,22.00,10121.75,4.00,1,42,0,23,0,1566,263,Free
12/6/2024 5:31:44,22.00,10123.26,4.00,1,42,0,23,0,1567,885,Free
12/6/2024 5:31:47,22.00,10123.89,4.00,1,42,0,23,0,1568,0,Free
12/6/2024 5:31:51,22.00,10124.52,4.00,1,42,0,23,0,1569,0,Free
12/6/2024 5:32:22,22.00,10127.44,4.00,1,42,0,23,0,1570,1152,Free
12/6/2024 5:32:24,22.00,10128.07,4.00,1,42,0,23,0,1571,0,Free
12/6/2024 5:32:34,22.00,10129.67,4.00,1,42,0,23,0,1572,686,Free
12/6/2024 5:32:35,22.00,10130.56,4.00,1,42,0,23,0,1573,263,Free
12/6/2024 5:32:44,22.00,10133.02,4.00,1,42,0,23,0,1574,1541,Free
12/6/2024 5:32:51,22.00,10135.33,4.00,1,42,0,23,0,1575,1677,Free
12/6/2024 5:32:57,22.00,10136.66,4.00,1,42,0,23,0,1576,419,Free
12/6/2024 5:33:05,22.00,10137.58,4.00,1,42,0,23,0,1577,0,Free
12/6/2024 5:33:06,22.00,10138.20,4.00,1,42,0,23,0,1578,0,Free
12/6/2024 5:33:15,22.00,10139.23,4.00,1,42,0,23,0,1579,117,Free
12/6/2024 5:33:19,22.00,10140.38,4.00,1,42,0,23,0,1580,523,Free
12/6/2024 5:33:31,22.00,10141.32,4.00,1,42,0,23,0,1581,25,Free
12/6/2024 5:33:37,22.00,10142.94,4.00,1,42,0,23,0,1582,988,Free
12/6/2024 5:33:43,22.00,10143.57,4.00,1,42,0,23,0,1583,0,Free
12/6/2024 5:33:45,22.00,10144.55,4.00,1,42,0,23,0,1584,348,Free
12/6/2024 5:33:54,22.00,10145.46,4.00,1,42,0,23,0,1585,0,Free
12/6/2024 5:34:00,22.00,10148.19,4.00,1,42,0,23,0,1586,2102,Free
12/6/2024 5:34:04,22.00,10151.36,4.00,1,42,0,23,0,1587,2542,Free
12/6/2024 5:34:09,22.00,10153.10,4.00,1,42,0,23,0,1588,1118,Free
12/6/2024 5:34:10,22.00,10153.73,4.00,1,42,0,23,0,1589,0,Free
12/6/2024 5:34:13,22.00,10154.39,4.00,1,42,0,23,0,1590,22,Free
12/6/2024 5:34:17,22.00,10155.87,4.00,1,42,0,23,0,1591,859,Free
12/6/2024 5:34:19,22.00,10158.12,4.00,1,42,0,23,0,1592,1617,Free
12/6/2024 5:34:21,22.00,10159.75,4.00,1,42,0,23,0,1593,1007,Free
12/6/2024 5:34:42,22.00,10161.79,4.00,1,42,0,23,0,1594,558,Free
12/6/2024 5:34:44,22.00,10163.04,4.00,1,42,0,23,0,1595,617,Free
12/6/2024 5:34:48,22.00,10164.25,4.00,1,42,0,23,0,1596,583,Free
12/6/2024 5:34:53,22.00,10168.43,4.00,1,42,0,23,0,1597,3553,Free
12/6/2024 5:34:56,22.00,10169.06,4.00,1,42,0,23,0,1598,0,Free
12/6/2024 5:34:59,22.00,10171.12,4.00,1,42,0,23,0,1599,1430,Free
12/6/2024 5:35:10,22.00,10172.03,4.00,1,42,0,23,0,1600,0,Free
12/6/2024 5:35:14,22.00,10172.76,4.00,1,42,0,23,0,1601,91,Free
12/6/2024 5:35:25,22.00,10173.67,4.00,1,42,0,23,0,1602,0,Free
12/6/2024 5:35:30,22.00,10175.27,4.00,1,42,0,23,0,1603,971,Free
12/6/2024 5:35:31,22.00,10176.00,4.00,1,42,0,23,0,1604,108,Free
12/6/2024 5:35:35,22.00,10176.79,4.00,1,42,0,23,0,1605,159,Free
12/6/2024 5:35:51,22.00,10192.13,4.00,1,42,0,23,0,1605,0,Free
12/6/2024 5:36:09,22.00,10194.12,4.00,1,42,0,23,0,1606,790,Free
12/6/2024 5:36:13,22.00,10196.25,4.00,1,42,0,23,0,1607,1507,Free
12/6/2024 5:36:16,22.00,10197.05,4.00,1,42,0,23,0,1608,177,Free
12/6/2024 5:36:17,22.00,10197.71,4.00,1,42,0,23,0,1609,30,Free
12/6/2024 5:36:19,22.00,10198.66,4.00,1,42,0,23,0,1610,316,Free
12/6/2024 5:36:22,22.00,10199.90,4.00,1,42,0,23,0,1611,617,Free
12/6/2024 5:36:24,22.00,10200.53,4.00,1,42,0,23,0,1612,0,Free
12/6/2024 5:36:26,22.00,10201.35,4.00,1,42,0,23,0,1613,194,Free
12/6/2024 5:36:29,22.00,10203.47,4.00,1,42,0,23,0,1614,1487,Free
12/6/2024 5:36:33,22.00,10205.14,4.00,1,42,0,23,0,1615,1040,Free
12/6/2024 5:40:33,22.00,10216.92,4.00,1,42,0,23,0,1616,22,Free
12/6/2024 5:40:36,22.00,10218.39,4.00,1,42,0,23,0,1617,841,Free
12/6/2024 5:40:39,22.00,10220.00,4.00,1,42,0,23,0,1618,980,Free
12/6/2024 5:40:45,22.00,10220.70,4.00,1,42,0,23,0,1619,73,Free
12/6/2024 5:40:51,22.00,10221.63,4.00,1,42,0,23,0,1620,298,Free
12/6/2024 5:40:52,22.00,10222.79,4.00,1,42,0,23,0,1621,531,Free
12/6/2024 5:40:58,22.00,10223.94,4.00,1,42,0,23,0,1622,531,Free
12/6/2024 5:40:59,22.00,10225.10,4.00,1,42,0,23,0,1623,522,Free
12/6/2024 5:41:01,22.00,10225.97,4.00,1,42,0,23,0,1624,246,Free
12/6/2024 5:41:06,22.00,10230.05,4.00,1,42,0,23,0,1625,3453,Free
12/6/2024 5:41:08,22.00,10230.90,4.00,1,42,0,23,0,1626,228,Free
12/6/2024 5:41:15,22.00,10232.17,4.00,1,42,0,23,0,1627,342,Free
12/6/2024 5:41:16,22.00,10233.57,4.00,1,42,0,23,0,1628,772,Free
12/6/2024 5:41:41,22.00,10235.34,4.00,1,42,0,23,0,1629,0,Free
12/6/2024 5:41:52,22.00,10236.59,4.00,1,42,0,23,0,1630,341,Free
12/6/2024 5:41:59,22.00,10237.78,4.00,1,42,0,23,0,1631,272,Free
12/6/2024 5:42:09,22.00,10238.69,4.00,1,42,0,23,0,1632,0,Free
12/6/2024 5:42:10,22.00,10239.32,4.00,1,42,0,23,0,1633,0,Free
12/6/2024 5:42:14,22.00,10240.93,4.00,1,42,0,23,0,1634,980,Free
12/6/2024 5:42:16,22.00,10242.37,4.00,1,42,0,23,0,1635,816,Free
12/6/2024 5:42:19,22.00,10244.24,4.00,1,42,0,23,0,1636,1238,Free
12/6/2024 5:42:43,22.00,10246.01,4.00,1,42,0,23,0,1637,0,Free
12/6/2024 5:42:45,22.00,10246.63,4.00,1,42,0,23,0,1638,0,Free
12/6/2024 5:42:49,22.00,10248.72,4.00,1,42,0,23,0,1639,1463,Free
12/6/2024 5:42:53,22.00,10249.35,3.99,1,42,0,23,0,1640,0,Free
12/6/2024 5:42:56,22.00,10250.02,4.00,1,42,0,23,0,1641,39,Free
12/6/2024 5:43:01,22.00,10250.65,4.00,1,42,0,23,0,1642,4,Free
12/6/2024 5:43:02,22.00,10251.90,4.00,1,42,0,23,0,1643,626,Free
12/6/2024 5:43:04,22.00,10252.64,4.00,1,42,0,23,0,1644,108,Free
12/6/2024 5:43:10,22.00,10253.27,4.00,1,42,0,23,0,1645,0,Free
12/6/2024 5:44:46,22.00,10259.28,4.00,1,42,0,23,0,1646,1101,Free
12/6/2024 5:44:48,22.00,10260.72,4.00,1,42,0,23,0,1647,815,Free
12/6/2024 5:44:51,22.00,10264.08,4.00,1,42,0,23,0,1648,2733,Free
12/6/2024 5:44:52,22.00,10264.78,4.00,1,42,0,23,0,1649,73,Free
12/6/2024 5:44:54,22.00,10265.67,4.00,1,42,0,23,0,1650,255,Free
12/6/2024 5:44:58,22.00,10266.41,4.00,1,42,0,23,0,1651,117,Free
12/6/2024 5:44:59,22.00,10267.21,4.00,1,42,0,23,0,1652,169,Free
12/6/2024 5:45:04,22.00,10267.97,4.00,1,42,0,23,0,1653,126,Free
12/6/2024 5:45:06,22.00,10268.60,3.99,1,42,0,23,0,1654,0,Free
12/6/2024 5:45:07,22.00,10269.42,4.00,1,42,0,23,0,1655,195,Free
12/6/2024 5:45:10,22.00,10270.05,4.00,1,42,0,23,0,1656,0,Free
12/6/2024 5:45:13,22.00,10270.68,4.00,1,42,0,23,0,1657,0,Free
12/6/2024 5:45:15,22.00,10271.30,4.00,1,42,0,23,0,1658,0,Free
12/6/2024 5:45:16,22.00,10271.93,4.00,1,42,0,23,0,1659,0,Free
12/6/2024 5:45:30,22.00,10273.13,4.00,1,42,0,23,0,1660,0,Free
12/6/2024 5:45:31,22.00,10274.17,4.00,1,42,0,23,0,1661,411,Free
12/6/2024 5:51:10,22.00,10304.92,4.00,1,42,0,23,0,1661,0,Free
12/6/2024 5:51:29,22.00,10306.70,4.00,1,42,0,23,0,1662,298,Free
12/6/2024 5:54:38,22.00,10316.56,3.99,1,43,385,23,0,1662,0,Free
12/6/2024 5:56:45,22.00,10323.28,4.00,1,43,0,24,100,1662,0,Free
12/6/2024 5:58:22,22.00,10328.79,4.00,1,43,0,24,0,1663,600,Free
12/6/2024 5:58:37,22.00,10330.03,4.00,1,43,0,24,0,1664,39,Free
12/6/2024 5:58:39,22.00,10330.93,4.00,1,43,0,24,0,1665,271,Free
12/6/2024 5:58:49,22.00,10332.34,4.00,1,43,0,24,0,1666,496,Free
12/6/2024 5:58:50,22.00,10332.97,4.00,1,43,0,24,0,1667,0,Free
12/6/2024 5:58:51,22.00,10333.63,4.00,1,43,0,24,0,1668,39,Free
12/6/2024 5:58:54,22.00,10334.26,4.00,1,43,0,24,0,1669,0,Free
12/6/2024 6:08:51,21.75,10377.28,4.00,1,43,0,24,0,1669,0,Free
12/6/2024 6:27:06,21.75,10443.99,3.99,1,43,0,24,0,1669,0,Free
12/6/2024 6:45:21,21.75,10510.69,4.00,1,43,0,24,0,1669,0,Free
12/6/2024 7:03:36,21.75,10577.40,4.00,1,43,0,24,0,1669,0,Free
12/6/2024 7:21:51,21.75,10644.11,4.00,1,43,0,24,0,1669,0,Free
12/6/2024 7:40:06,21.75,10710.82,3.99,1,43,0,24,0,1669,0,Free
12/6/2024 7:58:21,21.75,10777.53,4.00,1,43,0,24,0,1669,0,Free
12/6/2024 8:06:03,21.75,10800.16,4.00,1,43,0,24,0,1670,306,Free
12/6/2024 8:06:09,21.75,10801.07,3.99,1,43,0,24,0,1671,0,Free
12/6/2024 8:06:25,21.75,10802.27,3.99,1,43,0,24,0,1672,0,Free
12/6/2024 8:06:36,21.75,10804.54,3.99,1,43,0,24,0,1673,1351,Free
12/6/2024 8:06:40,21.75,10805.52,4.00,1,43,0,24,0,1674,349,Free
12/6/2024 8:06:42,21.75,10806.14,3.99,1,43,0,24,0,1675,0,Free
12/6/2024 8:06:47,21.75,10807.34,4.00,1,43,0,24,0,1676,574,Free
12/6/2024 8:06:56,21.75,10809.20,3.99,1,43,0,24,0,1677,945,Free
12/6/2024 8:07:36,21.75,10811.54,4.00,1,43,0,24,0,1678,0,Free
12/6/2024 8:07:43,21.75,10818.23,3.99,1,43,0,24,0,1679,6058,Free
12/6/2024 8:07:45,21.75,10819.02,3.99,1,43,0,24,0,1680,169,Free
12/6/2024 8:07:47,21.75,10820.03,4.00,1,43,0,24,0,1681,375,Free
12/6/2024 8:07:58,21.75,10821.03,3.99,1,43,0,24,0,1682,90,Free
12/6/2024 8:08:00,21.75,10821.86,3.99,1,43,0,24,0,1683,195,Free
12/6/2024 8:08:01,21.75,10822.49,4.00,1,43,0,24,0,1684,0,Free
12/6/2024 8:08:07,21.75,10826.40,4.00,1,43,0,24,0,1685,3285,Free
12/6/2024 8:08:09,21.75,10827.03,3.99,1,43,0,24,0,1686,0,Free
12/6/2024 8:08:28,21.75,10828.65,3.98,1,43,0,24,0,1687,134,Free
12/6/2024 8:08:31,21.75,10830.45,3.99,1,43,0,24,0,1688,1179,Free
12/6/2024 8:08:36,21.75,10832.90,3.99,1,43,0,24,0,1689,1822,Free
12/6/2024 8:08:46,21.75,10834.23,3.99,1,43,0,24,0,1690,410,Free
12/6/2024 8:08:50,21.75,10835.91,4.00,1,43,0,24,0,1691,1058,Free
12/6/2024 8:08:54,21.75,10839.75,3.99,1,43,0,24,0,1692,3208,Free
12/6/2024 8:09:04,21.75,10840.66,3.99,1,43,0,24,0,1693,0,Free
12/6/2024 8:09:07,21.75,10842.31,3.99,1,43,0,24,0,1694,1014,Free
12/6/2024 8:09:13,21.75,10844.16,3.99,1,43,0,24,0,1695,1231,Free
12/6/2024 8:09:18,21.75,10846.90,3.99,1,43,0,24,0,1696,2111,Free
12/6/2024 8:09:20,21.75,10847.96,4.00,1,43,0,24,0,1697,419,Free
12/6/2024 8:09:22,21.75,10849.38,3.99,1,43,0,24,0,1698,790,Free
12/6/2024 8:09:25,21.75,10850.00,3.99,1,43,0,24,0,1699,0,Free
12/6/2024 8:09:26,21.75,10850.63,3.99,1,43,0,24,0,1700,0,Free
12/6/2024 8:09:27,21.75,10851.51,3.99,1,43,0,24,0,1701,246,Free
12/6/2024 8:09:34,21.75,10853.92,4.00,1,43,0,24,0,1702,1790,Free
12/6/2024 8:09:35,21.75,10854.84,4.00,1,43,0,24,0,1703,290,Free
12/6/2024 8:09:37,21.75,10855.64,4.00,1,43,0,24,0,1704,176,Free
12/6/2024 8:09:38,21.75,10857.01,3.99,1,43,0,24,0,1705,738,Free
12/6/2024 8:09:42,21.75,10860.48,3.99,1,43,0,24,0,1706,2844,Free
12/6/2024 8:09:48,21.75,10862.21,3.99,1,43,0,24,0,1707,1097,Free
12/6/2024 8:09:49,21.75,10862.84,4.00,1,43,0,24,0,1708,0,Free
12/6/2024 8:09:51,21.75,10863.76,3.99,1,43,0,24,0,1709,298,Free
12/6/2024 8:09:55,21.75,10864.42,4.00,1,43,0,24,0,1710,22,Free
12/6/2024 8:09:56,21.75,10865.72,4.00,1,43,0,24,0,1711,678,Free
12/6/2024 8:10:00,21.75,10866.94,3.99,1,43,0,24,0,1712,592,Free
12/6/2024 8:10:03,21.75,10867.73,4.00,1,43,0,24,0,1713,159,Free
12/6/2024 8:10:07,21.75,10869.58,3.99,1,43,0,24,0,1714,1222,Free
12/6/2024 8:10:10,21.75,10871.66,3.99,1,43,0,24,0,1715,1455,Free
12/6/2024 8:10:17,21.75,10872.58,4.00,1,43,0,24,0,1716,0,Free
12/6/2024 8:10:18,21.75,10873.25,3.99,1,43,0,24,0,1717,47,Free
12/6/2024 8:10:19,21.75,10873.93,3.99,1,43,0,24,0,1718,56,Free
12/6/2024 8:11:19,21.75,10878.09,3.99,1,43,0,24,0,1719,963,Free
12/6/2024 8:11:25,21.75,10878.80,3.99,1,43,0,24,0,1720,83,Free
12/6/2024 8:11:30,21.75,10879.56,4.00,1,43,0,24,0,1721,126,Free
12/6/2024 8:11:38,21.75,10880.75,3.99,1,43,0,24,0,1722,272,Free
12/6/2024 8:11:41,21.75,10883.65,3.99,1,43,0,24,0,1723,2267,Free
12/6/2024 8:11:43,21.75,10884.64,3.99,1,43,0,24,0,1724,368,Free
12/6/2024 8:11:46,21.75,10885.47,3.99,1,43,0,24,0,1725,203,Free
12/6/2024 8:11:51,21.75,10886.10,3.99,1,43,0,24,0,1726,0,Free
12/6/2024 8:11:52,21.75,10886.73,3.99,1,43,0,24,0,1727,0,Free
12/6/2024 8:11:55,21.75,10887.86,3.99,1,43,0,24,0,1728,505,Free
12/6/2024 8:11:56,21.75,10888.49,3.99,1,43,0,24,0,1729,0,Free
12/6/2024 8:11:57,21.75,10889.40,3.99,1,43,0,24,0,1730,281,Free
12/6/2024 8:11:58,21.75,10890.03,4.00,1,43,0,24,0,1731,4,Free
12/6/2024 8:12:04,21.75,10890.78,3.99,1,43,0,24,0,1732,125,Free
12/6/2024 8:12:09,21.75,10893.34,3.99,1,43,0,24,0,1733,1931,Free
12/6/2024 8:12:11,21.75,10894.53,4.00,1,43,0,24,0,1734,558,Free
12/6/2024 8:13:32,21.75,10913.00,3.99,1,43,0,24,0,1734,0,Free
12/6/2024 8:14:57,21.75,10917.65,3.99,1,43,0,24,0,1735,22,Free
12/6/2024 8:14:58,21.75,10918.28,3.99,1,43,0,24,0,1736,0,Free
12/6/2024 8:15:01,21.75,10920.30,3.99,1,43,0,24,0,1737,1394,Free
12/6/2024 8:15:03,21.75,10921.46,3.99,1,43,0,24,0,1738,540,Free
12/6/2024 8:15:05,21.75,10922.70,3.99,1,43,0,24,0,1739,608,Free
12/6/2024 8:15:08,21.75,10923.70,3.99,1,43,0,24,0,1740,375,Free
12/6/2024 8:15:09,21.75,10924.53,3.99,1,43,0,24,0,1741,203,Free
12/6/2024 8:15:12,21.75,10926.99,3.99,1,43,0,24,0,1742,1826,Free
12/6/2024 8:15:18,21.75,10930.55,3.98,1,43,0,24,0,1743,2932,Free
12/6/2024 8:15:23,22.00,10931.25,4.00,1,43,0,24,0,1744,73,Free
12/6/2024 8:15:28,22.00,10932.29,3.99,1,43,0,24,0,1745,409,Free
12/6/2024 8:15:30,22.00,10933.99,3.99,1,43,0,24,0,1746,1074,Free
12/6/2024 8:15:31,22.00,10934.62,3.99,1,43,0,24,0,1747,0,Free
12/6/2024 8:15:33,22.00,10935.25,3.99,1,43,0,24,0,1748,0,Free
12/6/2024 8:15:34,22.00,10935.88,3.99,1,43,0,24,0,1749,0,Free
12/6/2024 8:15:36,22.00,10936.65,3.99,1,43,0,24,0,1750,142,Free
12/6/2024 8:15:37,22.00,10937.89,3.99,1,43,0,24,0,1751,609,Free
12/6/2024 8:15:42,22.00,10938.52,3.99,1,43,0,24,0,1752,0,Free
12/6/2024 8:15:44,22.00,10939.61,4.00,1,43,0,24,0,1753,462,Free
12/6/2024 8:15:46,22.00,10940.76,3.99,1,43,0,24,0,1754,522,Free
12/6/2024 8:15:47,22.00,10941.38,3.99,1,43,0,24,0,1755,0,Free
12/6/2024 8:15:49,22.00,10942.80,3.99,1,43,0,24,0,1756,791,Free
12/6/2024 8:15:52,22.00,10944.47,4.00,1,43,0,24,0,1757,1041,Free
12/6/2024 8:15:52,22.00,10945.10,3.98,1,43,0,24,0,1758,4,Free
12/6/2024 8:16:01,22.00,10952.75,4.00,1,43,0,24,0,1759,7023,Free
12/6/2024 8:16:15,22.00,10957.14,3.99,1,43,0,24,0,1760,3475,Free
12/6/2024 8:16:23,22.00,10958.06,3.99,1,43,0,24,0,1761,0,Free
12/6/2024 8:16:30,22.00,10959.95,3.99,1,43,0,24,0,1762,1266,Free
12/6/2024 8:16:44,22.00,10962.62,3.99,1,43,0,24,0,1763,1473,Free
12/6/2024 8:16:49,22.00,10964.39,3.99,1,43,0,24,0,1764,1144,Free
12/6/2024 8:16:51,22.00,10965.09,3.99,1,43,0,24,0,1765,65,Free
12/6/2024 8:16:53,22.00,10966.44,3.99,1,43,0,24,0,1766,721,Free
12/6/2024 8:16:56,22.00,10967.55,4.00,1,43,0,24,0,1767,489,Free
12/6/2024 8:17:00,22.00,10968.44,3.99,1,43,0,24,0,1768,255,Free
12/6/2024 8:17:01,22.00,10969.23,3.99,1,43,0,24,0,1769,167,Free
12/6/2024 8:17:04,22.00,10969.92,3.99,1,43,0,24,0,1770,56,Free
12/6/2024 8:17:05,22.00,10970.54,3.99,1,43,0,24,0,1771,0,Free
12/6/2024 8:17:06,22.00,10971.17,3.98,1,43,0,24,0,1772,0,Free
12/6/2024 8:17:07,22.00,10971.99,4.00,1,43,0,24,0,1773,193,Free
12/6/2024 8:17:11,22.00,10973.90,3.99,1,43,0,24,0,1774,1282,Free
12/6/2024 8:17:12,22.00,10974.86,3.99,1,43,0,24,0,1775,325,Free
12/6/2024 8:18:48,22.00,10980.06,3.99,1,43,0,24,0,1776,0,Free
12/6/2024 8:23:39,21.75,10994.52,3.99,1,43,0,24,0,1777,134,Free
12/6/2024 8:24:39,21.75,10997.72,3.99,1,43,0,24,0,1778,0,Free
12/6/2024 8:24:45,21.75,10998.34,3.99,1,43,0,24,0,1779,0,Free
12/6/2024 8:24:50,21.75,11000.22,4.00,1,43,0,24,0,1780,1247,Free
12/6/2024 8:24:52,21.75,11001.00,3.98,1,43,0,24,0,1781,150,Free
12/6/2024 8:24:58,21.75,11001.74,4.00,1,43,0,24,0,1782,117,Free
12/6/2024 8:25:00,21.75,11002.72,3.99,1,43,0,24,0,1783,350,Free
12/6/2024 8:25:01,21.75,11003.54,4.00,1,43,0,24,0,1784,194,Free
12/6/2024 8:25:04,21.75,11004.82,3.99,1,43,0,24,0,1785,652,Free
12/6/2024 8:25:07,21.75,11005.45,3.99,1,43,0,24,0,1786,0,Free
12/6/2024 8:25:11,21.75,11006.80,3.99,1,43,0,24,0,1787,720,Free
12/6/2024 8:25:12,21.75,11007.47,3.99,1,43,0,24,0,1788,39,Free
12/6/2024 8:26:38,21.75,11012.85,3.99,1,43,0,24,0,1789,762,Free
12/6/2024 8:26:40,21.75,11013.68,3.99,1,43,0,24,0,1790,203,Free
12/6/2024 8:26:45,21.75,11014.53,3.99,1,43,0,24,0,1791,219,Free
12/6/2024 8:26:48,21.75,11015.16,3.99,1,43,0,24,0,1792,0,Free
12/6/2024 8:26:50,21.75,11015.79,3.98,1,43,0,24,0,1793,0,Free
12/6/2024 8:26:54,21.75,11018.78,3.99,1,43,0,24,0,1794,2365,Free
12/6/2024 8:26:58,21.75,11021.35,3.99,1,43,0,24,0,1795,1938,Free
12/6/2024 8:27:03,21.75,11023.07,3.99,1,43,0,24,0,1796,1092,Free
12/6/2024 8:27:11,21.75,11025.58,4.00,1,43,0,24,0,1797,1883,Free
12/6/2024 8:27:13,21.75,11026.88,3.99,1,43,0,24,0,1798,678,Free
12/6/2024 8:27:16,21.75,11027.51,4.00,1,43,0,24,0,1799,0,Free
12/6/2024 8:27:17,21.75,11028.65,3.99,1,43,0,24,0,1800,506,Free
12/6/2024 8:27:20,21.75,11029.54,3.99,1,43,0,24,0,1801,264,Free
12/6/2024 8:27:26,21.75,11030.61,3.99,1,43,0,24,0,1802,436,Free
12/6/2024 8:27:29,21.75,11032.08,4.00,1,43,0,24,0,1803,842,Free
12/6/2024 8:27:33,21.75,11033.64,4.00,1,43,0,24,0,1804,936,Free
12/6/2024 8:27:48,21.75,11035.27,3.99,1,43,0,24,0,1805,436,Free
12/6/2024 8:27:50,21.75,11036.79,3.99,1,43,0,24,0,1806,885,Free
12/6/2024 8:27:53,21.75,11037.66,3.99,1,43,0,24,0,1807,246,Free
12/6/2024 8:28:08,21.75,11053.00,3.99,1,43,0,24,0,1807,0,Free
12/6/2024 8:28:11,21.75,11053.97,3.99,1,43,0,24,0,1808,349,Free
12/6/2024 8:28:13,21.75,11055.66,3.99,1,43,0,24,0,1809,1057,Free
12/6/2024 8:28:15,21.75,11056.29,3.99,1,43,0,24,0,1810,4,Free
12/6/2024 8:28:19,21.75,11057.26,3.99,1,43,0,24,0,1811,341,Free
12/6/2024 8:46:11,21.75,11122.83,3.99,1,43,0,24,0,1811,0,Free
12/6/2024 9:04:26,21.75,11189.53,3.99,1,43,0,24,0,1811,0,Free
12/6/2024 9:22:41,21.75,11256.24,3.99,1,43,0,24,0,1811,0,Free
12/6/2024 9:40:56,21.75,11322.95,3.99,1,43,0,24,0,1811,0,Free
12/6/2024 9:59:11,21.75,11389.66,3.99,1,43,0,24,0,1811,0,Free
12/6/2024 10:17:26,21.75,11456.37,3.98,1,43,0,24,0,1811,0,Free
12/6/2024 10:28:08,21.75,11487.30,3.98,1,43,0,24,0,1812,56,Free
12/6/2024 10:28:09,21.75,11488.27,3.99,1,43,0,24,0,1813,341,Free
12/6/2024 10:28:13,21.75,11489.10,3.98,1,43,0,24,0,1814,203,Free
12/6/2024 10:28:14,21.75,11490.02,3.99,1,43,0,24,0,1815,289,Free
12/6/2024 10:28:15,21.75,11490.77,3.98,1,43,0,24,0,1816,126,Free
12/6/2024 10:28:22,21.75,11491.69,3.98,1,43,0,24,0,1817,0,Free
12/6/2024 10:28:24,21.75,11493.80,3.99,1,43,0,24,0,1818,1481,Free
12/6/2024 10:28:29,21.75,11494.83,3.99,1,43,0,24,0,1819,402,Free
12/6/2024 10:29:17,21.75,11497.45,3.98,1,43,0,24,0,1820,0,Free
12/6/2024 10:31:42,21.75,11504.97,3.98,1,43,0,24,0,1821,30,Free
12/6/2024 10:31:47,21.75,11506.69,3.99,1,43,0,24,0,1822,1092,Free
12/6/2024 10:31:51,21.75,11507.74,3.98,1,43,0,24,0,1823,418,Free
12/6/2024 10:31:54,21.75,11510.52,3.98,1,43,0,24,0,1824,2154,Free
12/6/2024 10:31:57,21.75,11512.13,3.99,1,43,0,24,0,1825,981,Free
