Timestamp,Temperature,ElapsedSecs,BatteryVoltage,DeviceNumber,LeftCount,LeftDur,RightCount,RightDur,LeftFeedCount,LeftFeedDur,FeedParadigm
12/4/2024 15:58:56,22.00,6.71,4.12,8,0,0,1,0,0,0,Free
12/4/2024 15:58:56,22.00,7.05,4.12,8,0,0,1,0,1,0,Free
12/4/2024 15:59:08,22.00,18.38,4.12,8,0,0,1,0,1,0,Free
12/4/2024 15:59:14,22.00,19.02,4.13,8,0,0,1,0,2,0,Free
12/4/2024 16:01:40,22.25,26.32,4.13,8,0,0,1,0,3,0,Free
12/4/2024 16:02:33,22.25,29.16,4.12,8,0,0,1,0,4,0,Free
12/4/2024 16:03:36,22.25,32.56,4.12,8,0,0,1,0,5,0,Free
12/4/2024 16:03:36,22.25,33.18,4.12,8,0,0,1,0,6,0,Free
12/4/2024 16:05:49,22.25,39.92,4.12,8,0,0,1,0,7,0,Free
12/4/2024 16:05:52,22.25,40.54,4.12,8,0,0,1,0,8,0,Free
12/4/2024 16:06:08,22.25,41.71,4.12,8,0,0,1,0,9,0,Free
12/4/2024 16:06:09,22.25,42.32,4.12,8,0,0,1,0,10,0,Free
12/4/2024 16:06:57,22.25,44.90,4.12,8,0,0,1,0,11,0,Free
12/4/2024 16:07:03,22.50,45.79,4.13,8,1,0,1,0,11,0,Free
12/4/2024 16:07:04,22.50,46.40,4.12,8,2,0,1,0,11,0,Free
12/4/2024 16:09:35,22.50,53.98,4.12,8,2,0,1,0,12,0,Free
12/4/2024 16:11:04,22.50,58.50,4.12,8,3,0,1,0,12,0,Free
12/4/2024 16:13:53,22.50,66.91,4.12,8,3,0,1,0,13,0,Free
12/4/2024 16:16:28,22.50,84.93,4.12,8,3,0,1,0,13,0,Free
12/4/2024 16:16:32,22.50,85.54,4.12,8,3,0,2,0,13,0,Free
12/4/2024 16:16:38,22.50,86.16,4.12,8,3,0,3,0,13,0,Free
12/4/2024 16:24:18,22.75,107.95,4.12,8,3,0,3,0,14,0,Free
12/4/2024 16:34:34,22.75,147.41,4.12,8,3,0,3,0,14,0,Free
12/4/2024 16:35:43,22.75,151.09,4.12,8,3,0,3,0,15,0,Free
12/4/2024 16:35:47,22.75,151.70,4.12,8,3,0,3,0,16,0,Free
12/4/2024 16:39:19,23.00,162.07,4.12,8,3,0,3,0,17,0,Free
12/4/2024 16:39:20,23.00,162.69,4.12,8,3,0,3,0,18,0,Free
12/4/2024 16:39:33,23.00,163.86,4.12,8,3,0,3,0,19,0,Free
12/4/2024 16:52:26,23.00,210.57,4.13,8,3,0,3,0,19,0,Free
12/4/2024 16:54:32,23.00,216.75,4.12,8,3,0,3,0,20,0,Free
12/4/2024 16:56:11,23.00,221.82,4.12,8,3,0,3,0,21,0,Free
12/4/2024 17:00:05,23.00,233.03,4.12,8,3,0,3,0,22,0,Free
12/4/2024 17:00:17,23.00,233.92,4.12,8,4,0,3,0,22,0,Free
12/4/2024 17:02:30,23.25,240.66,4.12,8,4,0,3,0,23,0,Free
12/4/2024 17:04:49,23.25,247.69,4.12,8,4,0,3,0,24,0,Free
12/4/2024 17:10:24,23.25,274.06,4.12,8,4,0,3,0,24,0,Free
12/4/2024 17:13:18,23.25,282.47,4.12,8,5,0,3,0,24,0,Free
12/4/2024 17:14:44,23.25,286.99,4.12,8,6,0,3,0,24,0,Free
12/4/2024 17:16:46,23.25,293.18,4.12,8,6,0,3,0,25,0,Free
12/4/2024 17:27:50,23.25,324.44,4.12,8,7,0,3,0,25,0,Free
12/4/2024 17:28:25,23.25,336.88,4.12,8,7,0,3,0,25,0,Free
12/4/2024 17:31:22,23.25,345.58,4.12,8,7,0,3,0,26,0,Free
12/4/2024 17:38:48,23.25,366.81,4.12,8,7,0,3,0,27,0,Free
12/4/2024 17:38:49,23.25,367.42,4.12,8,7,0,3,0,28,0,Free
12/4/2024 17:42:03,23.25,376.95,4.12,8,8,0,3,0,28,0,Free
12/4/2024 17:46:20,23.25,399.70,4.12,8,8,0,3,0,28,0,Free
12/4/2024 18:03:41,23.25,448.51,4.12,8,8,0,3,0,29,0,Free
12/4/2024 18:04:27,23.25,461.51,4.12,8,8,0,3,0,29,0,Free
12/4/2024 18:18:21,23.25,500.57,4.12,8,8,0,3,0,30,0,Free
12/4/2024 18:18:31,23.25,501.46,4.12,8,8,0,3,0,31,0,Free
12/4/2024 18:22:36,23.25,523.66,4.12,8,8,0,3,0,31,0,Free
12/4/2024 18:22:51,23.25,524.83,4.12,8,8,0,3,0,32,0,Free
12/4/2024 18:27:34,23.25,538.54,4.12,8,8,0,4,0,32,0,Free
12/4/2024 18:27:35,23.25,539.15,4.12,8,8,0,5,0,32,0,Free
12/4/2024 18:27:36,23.25,539.79,4.12,8,8,0,6,19,32,0,Free
12/4/2024 18:27:37,23.25,540.40,4.12,8,8,0,7,0,32,0,Free
12/4/2024 18:31:18,23.25,551.04,4.12,8,9,0,7,0,32,0,Free
12/4/2024 18:34:41,23.25,560.85,4.12,8,10,0,7,0,32,0,Free
12/4/2024 18:34:42,23.25,561.47,4.12,8,10,0,7,0,33,0,Free
12/4/2024 18:40:17,23.25,587.84,4.12,8,10,0,7,0,33,0,Free
12/4/2024 18:46:00,23.25,604.34,4.12,8,10,0,7,0,34,0,Free
12/4/2024 18:46:02,23.25,604.95,4.12,8,10,0,7,0,35,0,Free
12/4/2024 18:47:46,23.25,610.30,4.12,8,10,0,7,0,36,0,Free
12/4/2024 18:55:19,23.25,631.81,4.12,8,10,0,7,0,37,0,Free
12/4/2024 18:58:12,23.25,650.66,4.12,8,10,0,7,0,37,0,Free
12/4/2024 19:01:36,23.25,660.65,4.12,8,10,0,8,178,37,0,Free
12/4/2024 19:01:38,23.25,661.27,4.12,8,10,0,8,0,38,0,Free
12/4/2024 19:06:05,23.25,674.14,4.11,8,11,0,8,0,38,0,Free
12/4/2024 19:06:06,23.25,674.76,4.12,8,11,0,8,0,39,0,Free
12/4/2024 19:07:17,23.25,678.44,4.12,8,12,0,8,0,39,0,Free
12/4/2024 19:12:00,23.25,692.40,4.12,8,12,0,9,251,39,0,Free
12/4/2024 19:16:05,23.25,714.59,4.12,8,12,0,9,0,39,0,Free
12/4/2024 19:22:39,23.25,733.31,4.11,8,13,0,9,0,39,0,Free
12/4/2024 19:29:18,23.25,752.32,4.12,8,13,0,9,0,40,0,Free
12/4/2024 19:30:02,23.25,754.88,4.12,8,14,0,9,0,40,0,Free
12/4/2024 19:30:28,23.25,756.61,4.12,8,14,0,9,0,41,0,Free
12/4/2024 19:31:12,23.25,760.65,4.12,8,14,0,10,1756,41,0,Free
12/4/2024 19:32:05,23.25,763.50,4.12,8,15,0,10,0,41,0,Free
12/4/2024 19:33:26,23.25,768.84,4.11,8,15,0,11,1107,41,0,Free
12/4/2024 19:33:26,23.25,769.46,4.12,8,15,0,12,0,41,0,Free
12/4/2024 19:33:30,23.25,770.50,4.12,8,15,0,13,426,41,0,Free
12/4/2024 19:33:41,23.25,779.12,4.12,8,15,0,14,8006,41,0,Free
12/4/2024 19:33:45,23.25,782.54,4.12,8,15,0,15,2802,41,0,Free
12/4/2024 19:33:57,23.25,793.86,4.12,8,15,0,15,0,41,0,Free
12/4/2024 19:34:09,23.25,794.76,4.11,8,15,0,16,0,41,0,Free
12/4/2024 19:34:11,23.25,795.96,4.12,8,15,0,17,583,41,0,Free
12/4/2024 19:34:12,23.25,796.90,4.11,8,15,0,18,326,41,0,Free
12/4/2024 19:34:14,23.25,797.53,4.12,8,15,0,19,10,41,0,Free
12/4/2024 19:34:17,23.25,798.35,4.12,8,15,0,20,209,41,0,Free
12/4/2024 19:34:27,23.25,799.39,4.11,8,15,0,21,144,41,0,Free
12/4/2024 19:34:28,23.25,800.21,4.12,8,15,0,22,209,41,0,Free
12/4/2024 19:34:34,23.25,801.44,4.12,8,15,0,23,334,41,0,Free
12/4/2024 19:34:48,23.25,802.61,4.12,8,15,0,24,0,41,0,Free
12/4/2024 19:34:53,23.25,803.25,4.12,8,15,0,25,19,41,0,Free
12/4/2024 19:34:55,23.25,803.90,4.12,8,15,0,26,27,41,0,Free
12/4/2024 19:34:58,23.25,805.33,4.12,8,15,0,27,816,41,0,Free
12/4/2024 19:35:01,23.25,806.08,4.12,8,15,0,28,134,41,0,Free
12/4/2024 19:35:07,23.25,807.47,4.12,8,15,0,29,767,41,0,Free
12/4/2024 19:35:08,23.25,808.32,4.12,8,15,0,30,244,41,0,Free
12/4/2024 19:36:16,23.25,812.00,4.11,8,15,0,31,0,41,0,Free
12/4/2024 19:36:18,23.25,812.62,4.12,8,15,0,32,0,41,0,Free
12/4/2024 19:36:21,23.25,813.23,4.12,8,15,0,33,0,41,0,Free
12/4/2024 19:36:36,23.25,814.43,4.11,8,15,0,34,19,41,0,Free
12/4/2024 19:36:40,23.25,815.04,4.12,8,15,0,35,0,41,0,Free
12/4/2024 19:36:43,23.25,816.92,4.11,8,15,0,36,1265,41,0,Free
12/4/2024 19:36:50,23.25,817.82,4.12,8,15,0,37,0,41,0,Free
12/4/2024 19:36:52,23.25,819.30,4.12,8,15,0,38,866,41,0,Free
12/4/2024 19:36:55,23.25,820.93,4.12,8,15,0,39,1016,41,0,Free
12/4/2024 19:37:15,23.25,822.38,4.12,8,15,0,40,0,41,0,Free
12/4/2024 19:37:18,23.25,823.32,4.12,8,15,0,41,327,41,0,Free
12/4/2024 19:37:42,23.25,824.77,4.12,8,15,0,42,0,41,0,Free
12/4/2024 19:37:43,23.25,825.49,4.12,8,15,0,43,101,41,0,Free
12/4/2024 19:37:45,23.25,826.10,4.12,8,15,0,44,0,41,0,Free
12/4/2024 19:37:46,23.25,827.15,4.12,8,15,0,45,436,41,0,Free
12/4/2024 19:37:49,23.25,827.77,4.12,8,15,0,46,0,41,0,Free
12/4/2024 19:37:52,23.25,828.39,4.11,8,15,0,47,2,41,0,Free
12/4/2024 19:37:54,23.25,829.02,4.11,8,15,0,48,19,41,0,Free
12/4/2024 19:37:59,23.25,829.64,4.12,8,15,0,49,0,41,0,Free
12/4/2024 19:38:01,23.25,831.48,4.12,8,15,0,50,1231,41,0,Free
12/4/2024 19:38:11,23.25,832.38,4.12,8,15,0,50,0,42,0,Free
12/4/2024 19:38:25,23.25,833.59,4.12,8,15,0,51,27,42,0,Free
12/4/2024 19:38:28,23.25,834.20,4.12,8,15,0,52,0,42,0,Free
12/4/2024 19:38:29,23.25,834.82,4.12,8,15,0,53,0,42,0,Free
12/4/2024 19:38:30,23.25,835.43,4.12,8,15,0,54,0,42,0,Free
12/4/2024 19:38:33,23.25,836.87,4.12,8,15,0,55,825,42,0,Free
12/4/2024 19:38:35,23.25,838.96,4.11,8,15,0,56,1473,42,0,Free
12/4/2024 19:38:38,23.25,839.58,4.12,8,15,0,57,0,42,0,Free
12/4/2024 19:38:40,23.25,840.54,4.12,8,15,0,58,351,42,0,Free
12/4/2024 19:38:42,23.25,841.29,4.12,8,15,0,59,126,42,0,Free
12/4/2024 19:38:54,23.25,842.18,4.11,8,15,0,60,0,42,0,Free
12/4/2024 19:42:15,23.25,851.99,4.12,8,15,0,60,0,43,0,Free
12/4/2024 19:42:37,23.25,853.44,4.12,8,16,0,60,0,43,0,Free
12/4/2024 19:42:43,23.25,854.06,4.12,8,17,0,60,0,43,0,Free
12/4/2024 19:45:50,23.25,863.31,4.12,8,17,0,60,0,44,0,Free
12/4/2024 19:46:37,23.25,865.87,4.12,8,17,0,60,0,45,0,Free
12/4/2024 19:47:25,23.25,868.44,4.12,8,18,0,60,0,45,0,Free
12/4/2024 19:49:24,23.25,884.78,4.12,8,18,0,60,0,45,0,Free
12/4/2024 19:49:32,23.25,885.70,4.12,8,18,0,61,27,45,0,Free
12/4/2024 19:51:30,23.25,891.61,4.12,8,19,0,61,0,45,0,Free
12/4/2024 19:53:56,23.50,898.91,4.12,8,19,0,62,0,45,0,Free
12/4/2024 19:53:57,23.50,899.53,4.12,8,19,0,63,0,45,0,Free
12/4/2024 19:53:57,23.50,900.14,4.12,8,19,0,64,0,45,0,Free
12/4/2024 19:53:58,23.50,900.76,4.12,8,19,0,65,0,45,0,Free
12/4/2024 19:53:59,23.50,901.37,4.11,8,19,0,66,0,45,0,Free
12/4/2024 19:54:12,23.50,902.55,4.12,8,19,0,67,0,45,0,Free
12/4/2024 19:55:10,23.50,905.67,4.11,8,20,0,67,0,45,0,Free
12/4/2024 19:57:58,23.50,913.81,4.12,8,21,0,67,0,45,0,Free
12/4/2024 19:58:28,23.50,915.54,4.12,8,21,0,67,0,46,0,Free
12/4/2024 19:59:50,23.50,919.78,4.12,8,21,0,68,0,46,0,Free
12/4/2024 19:59:55,23.50,920.40,4.12,8,21,0,69,0,46,0,Free
12/4/2024 20:00:00,23.50,922.86,4.12,8,21,0,70,1847,46,0,Free
12/4/2024 20:03:01,23.50,931.83,4.12,8,21,0,71,0,46,0,Free
12/4/2024 20:03:03,23.50,933.17,4.12,8,21,0,72,725,46,0,Free
12/4/2024 20:04:36,23.50,938.15,4.12,8,21,0,73,185,46,0,Free
12/4/2024 20:06:10,23.75,942.95,4.12,8,21,0,73,0,47,0,Free
12/4/2024 20:06:39,23.75,955.11,4.12,8,21,0,73,0,47,0,Free
12/4/2024 20:06:50,23.75,956.00,4.12,8,21,0,73,0,48,0,Free
12/4/2024 20:06:51,23.75,956.62,4.11,8,21,0,73,0,49,0,Free
12/4/2024 20:08:02,23.75,960.30,4.11,8,22,0,73,0,49,0,Free
12/4/2024 20:08:08,23.75,960.91,4.11,8,23,0,73,0,49,0,Free
12/4/2024 20:08:30,23.75,962.37,4.11,8,23,0,73,0,50,0,Free
12/4/2024 20:08:33,23.75,962.99,4.11,8,23,0,73,0,51,0,Free
12/4/2024 20:09:15,23.75,965.27,4.12,8,23,0,73,0,52,0,Free
12/4/2024 20:09:16,23.75,965.89,4.11,8,24,0,73,0,52,0,Free
12/4/2024 20:09:54,23.75,968.17,4.12,8,25,0,73,0,52,0,Free
12/4/2024 20:09:57,23.75,968.79,4.12,8,26,0,73,0,52,0,Free
12/4/2024 20:13:51,23.75,979.99,4.12,8,26,0,73,0,53,0,Free
12/4/2024 20:14:35,23.75,982.55,4.12,8,26,0,73,0,54,0,Free
12/4/2024 20:14:36,23.75,983.17,4.11,8,26,0,73,0,55,0,Free
12/4/2024 20:14:40,23.75,983.78,4.11,8,27,0,73,0,55,0,Free
12/4/2024 20:14:52,23.75,984.96,4.11,8,28,0,73,0,55,0,Free
12/4/2024 20:19:35,23.75,998.67,4.12,8,28,0,74,0,55,0,Free
12/4/2024 20:20:19,23.75,1001.23,4.11,8,29,0,74,0,55,0,Free
12/4/2024 20:20:24,23.75,1001.85,4.11,8,30,0,74,0,55,0,Free
12/4/2024 20:21:01,23.50,1004.14,4.11,8,31,0,74,0,55,0,Free
12/4/2024 20:22:30,23.75,1008.66,4.12,8,32,0,74,0,55,0,Free
12/4/2024 20:22:38,23.75,1010.85,4.11,8,32,0,75,1573,55,0,Free
12/4/2024 20:23:05,23.75,1012.58,4.12,8,32,0,75,0,56,0,Free
12/4/2024 20:23:52,23.75,1025.58,4.12,8,32,0,75,0,56,0,Free
12/4/2024 20:23:58,23.75,1026.20,4.12,8,32,0,75,0,57,0,Free
12/4/2024 20:23:58,23.75,1026.53,4.12,8,33,0,75,0,57,0,Free
12/4/2024 20:24:02,24.25,1027.15,4.11,8,34,0,75,0,57,0,Free
12/4/2024 20:26:36,24.25,1034.73,4.11,8,35,0,75,0,57,0,Free
12/4/2024 20:26:58,24.25,1036.18,4.11,8,36,0,75,0,57,0,Free
12/4/2024 20:26:59,24.25,1036.79,4.12,8,36,0,76,0,57,0,Free
12/4/2024 20:35:22,23.75,1060.53,4.11,8,36,0,77,2,57,0,Free
12/4/2024 20:37:03,23.50,1065.60,4.12,8,36,0,77,0,58,0,Free
12/4/2024 20:37:04,23.50,1066.22,4.12,8,36,0,77,0,59,0,Free
12/4/2024 20:38:06,24.00,1069.62,4.12,8,36,0,78,0,59,0,Free
12/4/2024 20:38:07,24.00,1070.24,4.11,8,36,0,78,0,60,0,Free
12/4/2024 20:38:47,24.00,1072.53,4.11,8,37,0,78,0,60,0,Free
12/4/2024 20:38:48,24.00,1073.14,4.12,8,38,0,78,0,60,0,Free
12/4/2024 20:39:14,24.25,1074.87,4.12,8,38,0,79,0,60,0,Free
12/4/2024 20:39:40,24.25,1076.60,4.12,8,38,0,79,0,61,0,Free
12/4/2024 20:39:41,24.25,1077.22,4.12,8,38,0,79,0,62,0,Free
12/4/2024 20:40:06,24.50,1078.95,4.11,8,39,0,79,0,62,0,Free
12/4/2024 20:40:28,24.50,1080.40,4.11,8,39,0,79,0,63,0,Free
12/4/2024 20:41:09,24.25,1093.12,4.11,8,39,0,79,0,63,0,Free
12/4/2024 20:41:51,24.25,1095.41,4.11,8,40,0,79,0,63,0,Free
12/4/2024 20:42:03,24.25,1096.30,4.11,8,40,0,80,0,63,0,Free
12/4/2024 20:49:33,23.75,1117.81,4.12,8,40,0,81,0,63,0,Free
12/4/2024 20:57:23,23.25,1140.15,4.12,8,41,0,81,0,63,0,Free
12/4/2024 20:57:27,23.25,1140.78,4.11,8,42,0,81,0,63,0,Free
12/4/2024 20:57:47,23.25,1142.87,4.11,8,42,0,82,642,63,0,Free
12/4/2024 20:58:43,23.25,1145.99,4.11,8,42,0,83,0,63,0,Free
12/4/2024 20:59:00,23.25,1157.60,4.11,8,42,0,83,0,63,0,Free
12/4/2024 20:59:09,23.25,1158.50,4.11,8,43,0,83,0,63,0,Free
12/4/2024 20:59:11,23.25,1159.11,4.11,8,44,0,83,0,63,0,Free
12/4/2024 21:08:09,23.25,1184.52,4.11,8,44,0,83,0,64,0,Free
12/4/2024 21:14:27,23.25,1202.41,4.11,8,45,0,83,0,64,0,Free
12/4/2024 21:14:34,23.25,1205.26,4.11,8,45,0,84,2235,64,0,Free
12/4/2024 21:17:03,23.25,1222.99,4.11,8,45,0,84,0,64,0,Free
12/4/2024 21:24:51,23.25,1245.34,4.11,8,46,0,84,0,64,0,Free
12/4/2024 21:24:53,23.25,1245.95,4.12,8,47,0,84,0,64,0,Free
12/4/2024 21:25:00,23.25,1246.85,4.12,8,48,0,84,0,64,0,Free
12/4/2024 21:25:01,23.25,1247.46,4.11,8,49,0,84,0,64,0,Free
12/4/2024 21:25:03,23.25,1248.08,4.12,8,50,0,84,0,64,0,Free
12/4/2024 21:25:09,23.25,1248.69,4.12,8,51,0,84,0,64,0,Free
12/4/2024 21:25:17,23.25,1249.59,4.11,8,52,0,84,0,64,0,Free
12/4/2024 21:25:18,23.25,1250.20,4.11,8,53,0,84,0,64,0,Free
12/4/2024 21:25:21,23.25,1250.82,4.11,8,54,0,84,0,64,0,Free
12/4/2024 21:25:23,23.25,1251.44,4.11,8,55,0,84,0,64,0,Free
12/4/2024 21:25:45,23.25,1252.89,4.12,8,55,0,85,0,64,0,Free
12/4/2024 21:34:32,23.00,1288.17,4.12,8,55,0,85,0,64,0,Free
12/4/2024 21:52:43,23.00,1349.65,4.11,8,55,0,85,0,64,0,Free
12/4/2024 22:10:54,23.00,1411.12,4.11,8,55,0,85,0,64,0,Free
12/4/2024 22:29:05,22.75,1472.59,4.11,8,55,0,85,0,64,0,Free
12/4/2024 22:47:16,22.75,1534.06,4.11,8,55,0,85,0,64,0,Free
12/4/2024 23:05:27,22.75,1595.54,4.11,8,55,0,85,0,64,0,Free
12/4/2024 23:10:48,22.75,1610.96,4.11,8,55,0,86,35,64,0,Free
12/4/2024 23:10:49,22.75,1611.58,4.11,8,55,0,87,0,64,0,Free
12/4/2024 23:12:22,22.75,1616.38,4.11,8,56,0,87,0,64,0,Free
12/4/2024 23:12:37,22.75,1617.55,4.11,8,56,0,88,0,64,0,Free
12/4/2024 23:12:59,22.75,1619.00,4.11,8,56,0,89,0,64,0,Free
12/4/2024 23:13:36,22.75,1621.29,4.11,8,57,0,89,0,64,0,Free
12/4/2024 23:13:38,22.75,1621.90,4.11,8,58,0,89,0,64,0,Free
12/4/2024 23:13:41,22.75,1622.52,4.11,8,59,0,89,0,64,0,Free
12/4/2024 23:13:41,22.75,1623.14,4.11,8,60,0,89,0,64,0,Free
12/4/2024 23:13:42,22.75,1623.75,4.11,8,61,0,89,0,64,0,Free
12/4/2024 23:13:56,22.75,1624.93,4.11,8,62,0,89,0,64,0,Free
12/4/2024 23:13:57,22.75,1625.54,4.11,8,63,0,89,0,64,0,Free
12/4/2024 23:16:08,22.75,1634.48,4.11,8,63,0,90,2468,64,0,Free
12/4/2024 23:16:51,22.75,1637.04,4.11,8,64,0,90,0,64,0,Free
12/4/2024 23:16:54,22.75,1637.66,4.11,8,65,0,90,0,64,0,Free
12/4/2024 23:16:56,22.75,1638.27,4.11,8,66,0,90,0,64,0,Free
12/4/2024 23:16:57,22.75,1638.89,4.11,8,67,0,90,0,64,0,Free
12/4/2024 23:16:58,22.75,1639.50,4.11,8,68,0,90,0,64,0,Free
12/4/2024 23:17:17,22.75,1640.95,4.11,8,68,0,91,0,64,0,Free
12/4/2024 23:17:20,22.75,1641.78,4.11,8,68,0,92,210,64,0,Free
12/4/2024 23:17:21,22.75,1642.62,4.11,8,68,0,93,227,64,0,Free
12/4/2024 23:17:25,22.75,1643.24,4.11,8,68,0,94,0,64,0,Free
12/4/2024 23:17:27,22.75,1645.27,4.11,8,68,0,95,1414,64,0,Free
12/4/2024 23:17:29,22.75,1645.88,4.11,8,68,0,96,0,64,0,Free
12/4/2024 23:17:33,22.75,1646.50,4.11,8,68,0,97,0,64,0,Free
12/4/2024 23:17:34,22.75,1647.11,4.11,8,69,0,97,0,64,0,Free
12/4/2024 23:17:38,22.75,1647.73,4.11,8,70,0,97,0,64,0,Free
12/4/2024 23:17:45,22.75,1648.63,4.11,8,70,0,98,0,64,0,Free
12/4/2024 23:21:50,22.75,1670.82,4.11,8,70,0,98,0,64,0,Free
12/4/2024 23:27:14,22.75,1686.20,4.11,8,70,0,99,0,64,0,Free
12/4/2024 23:27:16,22.75,1687.30,4.11,8,70,0,100,484,64,0,Free
12/4/2024 23:27:40,22.75,1688.83,4.11,8,70,0,101,76,64,0,Free
12/4/2024 23:27:41,22.75,1689.44,4.11,8,70,0,102,0,64,0,Free
12/4/2024 23:27:58,22.75,1690.62,4.11,8,71,0,102,0,64,0,Free
12/4/2024 23:28:22,22.75,1692.07,4.11,8,71,0,103,0,64,0,Free
12/4/2024 23:31:21,22.75,1700.76,4.11,8,71,0,103,0,65,0,Free
12/4/2024 23:31:48,22.75,1702.49,4.11,8,71,0,104,0,65,0,Free
12/4/2024 23:32:03,22.75,1703.90,4.11,8,71,0,105,235,65,0,Free
12/4/2024 23:32:15,22.75,1705.18,4.11,8,71,0,106,386,65,0,Free
12/4/2024 23:32:24,22.75,1706.07,4.11,8,72,0,106,0,65,0,Free
12/4/2024 23:35:59,22.75,1716.44,4.11,8,72,0,107,0,65,0,Free
12/4/2024 23:36:14,22.75,1717.61,4.11,8,73,0,107,0,65,0,Free
12/4/2024 23:36:16,22.75,1718.23,4.11,8,74,0,107,0,65,0,Free
12/4/2024 23:36:18,22.75,1718.84,4.11,8,75,0,107,0,65,0,Free
12/4/2024 23:36:23,22.75,1719.60,4.11,8,75,0,108,144,65,0,Free
12/4/2024 23:36:23,22.75,1719.94,4.11,8,76,0,108,0,65,0,Free
12/4/2024 23:37:47,22.75,1724.45,4.11,8,76,0,108,0,66,0,Free
12/4/2024 23:37:48,22.75,1725.07,4.11,8,76,0,108,0,67,0,Free
12/4/2024 23:37:54,22.75,1725.68,4.11,8,76,0,108,0,68,0,Free
12/4/2024 23:37:55,22.75,1726.30,4.11,8,76,0,108,0,69,0,Free
12/4/2024 23:38:16,22.75,1727.75,4.11,8,76,0,108,0,70,0,Free
12/4/2024 23:38:16,22.75,1728.37,4.11,8,76,0,108,0,71,0,Free
12/4/2024 23:38:19,22.75,1728.98,4.11,8,76,0,108,0,72,0,Free
12/4/2024 23:38:35,22.75,1730.16,4.11,8,76,0,108,0,73,0,Free
12/4/2024 23:38:42,22.75,1731.06,4.11,8,76,0,108,0,74,0,Free
12/4/2024 23:38:53,22.75,1742.39,4.11,8,76,0,108,0,74,0,Free
12/4/2024 23:39:27,22.75,1744.40,4.11,8,76,0,108,0,75,0,Free
12/4/2024 23:39:29,22.75,1745.01,4.11,8,76,0,108,0,76,0,Free
12/4/2024 23:39:31,22.75,1745.63,4.11,8,76,0,108,0,77,0,Free
12/4/2024 23:46:44,22.75,1766.30,4.11,8,77,0,108,0,77,0,Free
12/4/2024 23:46:58,22.75,1767.47,4.11,8,77,0,109,0,77,0,Free
12/4/2024 23:47:23,22.75,1769.68,4.11,8,77,0,110,759,77,0,Free
12/4/2024 23:48:10,22.75,1772.25,4.11,8,77,0,110,0,78,0,Free
12/4/2024 23:49:13,22.75,1775.65,4.11,8,77,0,111,0,78,0,Free
12/4/2024 23:51:27,22.75,1782.45,4.11,8,77,0,112,60,78,0,Free
12/4/2024 23:51:36,22.75,1783.35,4.11,8,78,0,112,0,78,0,Free
12/4/2024 23:51:37,22.75,1783.97,4.11,8,79,0,112,0,78,0,Free
12/4/2024 23:51:37,22.75,1784.58,4.11,8,80,0,112,0,78,0,Free
12/4/2024 23:51:42,22.75,1785.20,4.11,8,81,0,112,0,78,0,Free
12/4/2024 23:51:45,22.75,1785.81,4.11,8,82,0,112,0,78,0,Free
12/4/2024 23:52:12,22.75,1787.54,4.11,8,83,0,112,0,78,0,Free
12/4/2024 23:52:14,22.75,1788.16,4.11,8,83,0,113,0,78,0,Free
12/4/2024 23:52:34,22.75,1789.61,4.11,8,84,0,113,0,78,0,Free
12/4/2024 23:53:01,22.75,1791.34,4.11,8,84,0,113,0,79,0,Free
12/4/2024 23:53:05,22.75,1791.96,4.11,8,84,0,113,0,80,0,Free
12/4/2024 23:53:06,22.75,1792.57,4.11,8,84,0,113,0,81,0,Free
12/4/2024 23:53:18,22.75,1793.75,4.11,8,84,0,113,0,82,0,Free
12/4/2024 23:53:20,22.75,1794.36,4.11,8,84,0,113,0,83,0,Free
12/4/2024 23:53:21,22.75,1794.98,4.11,8,84,0,113,0,84,0,Free
12/4/2024 23:53:24,22.75,1795.59,4.11,8,84,0,113,0,85,0,Free
12/4/2024 23:53:26,22.75,1796.21,4.11,8,85,0,113,0,85,0,Free
12/4/2024 23:53:33,22.75,1797.11,4.11,8,85,0,113,0,86,0,Free
12/4/2024 23:53:35,22.75,1797.73,4.11,8,85,0,113,0,87,0,Free
12/4/2024 23:53:43,22.75,1798.62,4.11,8,86,0,113,0,87,0,Free
12/4/2024 23:53:54,22.75,1799.52,4.11,8,86,0,113,0,88,0,Free
12/4/2024 23:54:03,22.75,1800.41,4.11,8,87,0,113,0,88,0,Free
12/4/2024 23:54:04,22.75,1801.02,4.11,8,87,0,113,0,89,0,Free
12/4/2024 23:54:11,23.00,1801.92,4.11,8,87,0,113,0,90,0,Free
12/4/2024 23:54:12,23.00,1802.53,4.11,8,88,0,113,0,90,0,Free
12/4/2024 23:54:13,23.00,1803.15,4.11,8,89,0,113,0,90,0,Free
12/4/2024 23:54:22,23.00,1804.04,4.11,8,89,0,113,0,91,0,Free
12/4/2024 23:54:25,23.00,1804.66,4.11,8,89,0,113,0,92,0,Free
12/4/2024 23:54:54,23.00,1816.83,4.11,8,89,0,113,0,92,0,Free
12/4/2024 23:55:00,23.00,1817.44,4.11,8,89,0,113,0,93,0,Free
12/4/2024 23:55:09,23.00,1818.33,4.11,8,90,0,113,0,93,0,Free
12/4/2024 23:55:11,23.00,1818.95,4.11,8,91,0,113,0,93,0,Free
12/5/2024 0:11:02,22.75,1863.58,4.11,8,91,0,114,0,93,0,Free
12/5/2024 0:11:10,22.75,1864.47,4.11,8,92,0,114,0,93,0,Free
12/5/2024 0:11:28,22.75,1865.65,4.11,8,93,0,114,0,93,0,Free
12/5/2024 0:12:11,22.75,1869.26,4.11,8,93,0,115,1324,93,0,Free
12/5/2024 0:12:13,22.75,1869.91,4.11,8,93,0,116,35,93,0,Free
12/5/2024 0:12:14,22.75,1870.88,4.11,8,93,0,117,350,93,0,Free
12/5/2024 0:12:43,22.75,1883.04,4.11,8,93,0,117,0,93,0,Free
12/5/2024 0:14:52,22.75,1889.80,4.11,8,93,0,118,293,93,0,Free
12/5/2024 0:16:58,22.75,1896.26,4.11,8,94,0,118,0,93,0,Free
12/5/2024 0:21:58,22.75,1910.81,4.11,8,95,0,118,0,93,0,Free
12/5/2024 0:22:11,22.75,1912.45,4.11,8,95,0,119,475,93,0,Free
12/5/2024 0:22:16,22.75,1913.08,4.11,8,95,0,120,10,93,0,Free
12/5/2024 0:23:31,22.75,1917.05,4.11,8,95,0,121,0,93,0,Free
12/5/2024 0:24:34,22.75,1920.86,4.11,8,95,0,122,410,93,0,Free
12/5/2024 0:25:25,22.75,1923.70,4.11,8,95,0,122,0,94,0,Free
12/5/2024 0:27:15,22.75,1930.34,4.11,8,95,0,123,1007,94,0,Free
12/5/2024 0:27:47,22.75,1933.25,4.11,8,95,0,124,899,94,0,Free
12/5/2024 0:30:16,22.75,1950.99,4.11,8,95,0,124,0,94,0,Free
12/5/2024 0:33:50,22.75,1961.37,4.11,8,95,0,125,18,94,0,Free
12/5/2024 0:34:07,22.75,1963.04,4.11,8,95,0,126,492,94,0,Free
12/5/2024 0:34:44,22.75,1965.32,4.11,8,95,0,126,0,95,0,Free
12/5/2024 0:34:45,22.75,1965.94,4.11,8,96,0,126,0,95,0,Free
12/5/2024 0:35:49,23.00,1969.34,4.11,8,96,0,126,0,96,0,Free
12/5/2024 0:35:51,23.00,1969.96,4.11,8,96,0,126,0,97,0,Free
12/5/2024 0:35:52,23.00,1970.57,4.11,8,96,0,126,0,98,0,Free
12/5/2024 0:35:56,23.00,1971.19,4.11,8,96,0,126,0,99,0,Free
12/5/2024 0:36:02,23.00,1971.80,4.11,8,97,0,126,0,99,0,Free
12/5/2024 0:36:03,23.00,1972.42,4.11,8,98,0,126,0,99,0,Free
12/5/2024 0:36:13,23.00,1973.31,4.11,8,99,0,126,0,99,0,Free
12/5/2024 0:36:18,23.00,1973.93,4.12,8,100,0,126,0,99,0,Free
12/5/2024 0:36:19,23.00,1974.54,4.11,8,101,0,126,0,99,0,Free
12/5/2024 0:36:57,23.50,1976.84,4.11,8,101,0,126,0,100,0,Free
12/5/2024 0:37:18,23.50,1978.29,4.11,8,101,0,126,0,101,0,Free
12/5/2024 0:45:14,23.00,2000.99,4.11,8,102,0,126,0,101,0,Free
12/5/2024 0:45:16,23.00,2001.61,4.11,8,103,0,126,0,101,0,Free
12/5/2024 0:45:34,23.00,2002.78,4.11,8,104,0,126,0,101,0,Free
12/5/2024 0:45:35,23.00,2003.40,4.11,8,105,0,126,0,101,0,Free
12/5/2024 0:45:38,23.00,2004.02,4.11,8,106,0,126,0,101,0,Free
12/5/2024 0:47:25,23.00,2019.82,4.11,8,106,0,126,0,101,0,Free
12/5/2024 0:52:46,22.75,2035.26,4.10,8,107,0,126,0,101,0,Free
12/5/2024 0:52:48,22.75,2035.87,4.09,8,108,0,126,0,101,0,Free
12/5/2024 0:52:49,22.75,2036.49,4.11,8,109,0,126,0,101,0,Free
12/5/2024 0:52:57,22.75,2037.45,4.11,8,109,0,127,68,101,0,Free
12/5/2024 0:54:13,23.00,2041.42,4.11,8,109,0,127,0,102,0,Free
12/5/2024 0:54:50,23.00,2043.72,4.11,8,109,0,127,0,103,0,Free
12/5/2024 0:54:54,23.00,2044.33,4.11,8,109,0,127,0,104,0,Free
12/5/2024 0:55:31,23.75,2046.35,4.11,8,110,0,127,0,104,0,Free
12/5/2024 0:56:19,24.00,2048.92,4.11,8,110,0,128,0,104,0,Free
12/5/2024 0:56:20,24.00,2049.88,4.11,8,110,0,129,342,104,0,Free
12/5/2024 0:56:37,24.00,2051.05,4.11,8,111,0,129,0,104,0,Free
12/5/2024 0:56:38,24.00,2051.67,4.11,8,112,0,129,0,104,0,Free
12/5/2024 0:56:41,24.00,2052.28,4.11,8,113,0,129,0,104,0,Free
12/5/2024 0:56:46,24.00,2052.90,4.11,8,114,0,129,0,104,0,Free
12/5/2024 0:56:53,24.00,2054.72,4.11,8,114,0,130,916,104,0,Free
12/5/2024 0:57:22,23.75,2056.45,4.11,8,114,0,130,0,105,0,Free
12/5/2024 0:57:55,23.75,2058.46,4.11,8,115,0,130,0,105,0,Free
12/5/2024 0:58:47,24.00,2061.32,4.11,8,115,0,130,0,106,0,Free
12/5/2024 0:58:51,24.00,2061.93,4.11,8,116,0,130,0,106,0,Free
12/5/2024 0:59:37,24.00,2064.50,4.11,8,117,0,130,0,106,0,Free
12/5/2024 0:59:47,24.00,2065.40,4.11,8,118,0,130,0,106,0,Free
12/5/2024 0:59:51,24.00,2066.02,4.09,8,118,0,130,0,107,0,Free
12/5/2024 0:59:52,24.00,2066.63,4.11,8,118,0,130,0,108,0,Free
12/5/2024 0:59:55,24.00,2067.25,4.11,8,119,0,130,0,108,0,Free
12/5/2024 1:00:29,24.25,2069.26,4.11,8,119,0,131,0,108,0,Free
12/5/2024 1:00:30,24.25,2069.60,4.11,8,120,0,131,0,108,0,Free
12/5/2024 1:00:31,24.25,2070.21,4.11,8,121,0,131,0,108,0,Free
12/5/2024 1:04:24,24.00,2091.88,4.11,8,121,0,131,0,108,0,Free
12/5/2024 1:05:23,24.00,2095.01,4.11,8,122,0,131,0,108,0,Free
12/5/2024 1:06:06,23.75,2097.74,4.11,8,122,0,132,426,108,0,Free
12/5/2024 1:06:41,23.75,2099.75,4.11,8,122,0,132,0,109,0,Free
12/5/2024 1:06:42,24.00,2100.36,4.11,8,123,0,132,0,109,0,Free
12/5/2024 1:08:32,24.00,2106.01,4.10,8,123,0,132,0,110,0,Free
12/5/2024 1:08:33,24.00,2106.63,4.11,8,123,0,132,0,111,0,Free
12/5/2024 1:08:37,24.00,2107.24,4.11,8,124,0,132,0,111,0,Free
12/5/2024 1:11:07,24.00,2114.56,4.11,8,124,0,133,0,111,0,Free
12/5/2024 1:11:08,24.00,2115.17,4.11,8,124,0,133,0,112,0,Free
12/5/2024 1:11:12,24.00,2115.79,4.11,8,124,0,133,0,113,0,Free
12/5/2024 1:11:25,24.00,2116.96,4.11,8,124,0,133,0,114,0,Free
12/5/2024 1:11:51,24.00,2119.09,4.11,8,124,0,134,401,114,0,Free
12/5/2024 1:22:03,23.25,2158.29,4.11,8,124,0,134,0,114,0,Free
12/5/2024 1:22:09,23.25,2158.91,4.11,8,124,0,134,0,115,0,Free
12/5/2024 1:22:20,23.25,2159.81,4.11,8,124,0,134,0,116,0,Free
12/5/2024 1:23:15,23.25,2162.94,4.11,8,125,0,134,0,116,0,Free
12/5/2024 1:23:47,23.00,2164.95,4.11,8,125,0,135,0,116,0,Free
12/5/2024 1:25:10,23.00,2169.20,4.11,8,126,0,135,0,116,0,Free
12/5/2024 1:27:03,23.75,2174.85,4.11,8,126,0,135,0,117,0,Free
12/5/2024 1:27:58,23.75,2178.07,4.11,8,126,0,136,93,117,0,Free
12/5/2024 1:29:18,24.00,2182.32,4.11,8,127,0,136,0,117,0,Free
12/5/2024 1:29:39,24.00,2183.78,4.11,8,127,0,136,0,118,0,Free
12/5/2024 1:29:44,24.00,2184.40,4.11,8,127,0,136,0,119,0,Free
12/5/2024 1:29:45,24.00,2185.12,4.11,8,127,0,137,110,119,0,Free
12/5/2024 1:29:55,24.00,2186.01,4.11,8,127,0,137,0,120,0,Free
12/5/2024 1:30:06,24.00,2186.91,4.11,8,127,0,138,0,120,0,Free
12/5/2024 1:30:27,24.00,2188.58,4.11,8,127,0,139,210,120,0,Free
12/5/2024 1:30:30,24.00,2189.20,4.11,8,127,0,140,0,120,0,Free
12/5/2024 1:30:32,24.00,2189.82,4.11,8,127,0,141,0,120,0,Free
12/5/2024 1:32:38,24.00,2196.01,4.11,8,127,0,142,0,120,0,Free
12/5/2024 1:34:33,23.50,2201.94,4.10,8,127,0,142,0,121,0,Free
12/5/2024 1:34:34,23.50,2202.55,4.10,8,127,0,142,0,122,0,Free
12/5/2024 1:34:35,23.50,2202.89,4.11,8,128,0,142,0,122,0,Free
12/5/2024 1:34:37,23.50,2203.51,4.11,8,128,0,142,0,123,0,Free
12/5/2024 1:34:38,23.50,2204.13,4.11,8,128,0,143,0,123,0,Free
12/5/2024 1:34:40,23.50,2204.74,4.11,8,129,0,143,0,123,0,Free
12/5/2024 1:34:55,23.50,2205.92,4.11,8,129,0,143,0,124,0,Free
12/5/2024 1:35:31,23.75,2208.21,4.11,8,130,0,143,0,124,0,Free
12/5/2024 1:39:00,23.50,2228.76,4.10,8,130,0,143,0,124,0,Free
12/5/2024 1:41:38,23.50,2236.65,4.11,8,131,0,143,0,124,0,Free
12/5/2024 1:41:42,23.50,2237.26,4.11,8,132,0,143,0,124,0,Free
12/5/2024 1:41:49,23.50,2238.55,4.11,8,132,0,144,676,124,0,Free
12/5/2024 1:42:47,23.25,2241.97,4.11,8,132,0,145,284,124,0,Free
12/5/2024 1:42:48,23.25,2243.18,4.11,8,132,0,146,591,124,0,Free
12/5/2024 1:42:53,23.25,2245.23,4.11,8,132,0,147,1431,124,0,Free
12/5/2024 1:42:55,23.25,2247.74,4.11,8,132,0,148,1899,124,0,Free
12/5/2024 1:42:58,23.25,2249.44,4.11,8,132,0,149,1083,124,0,Free
12/5/2024 1:43:00,23.25,2250.20,4.11,8,132,0,150,143,124,0,Free
12/5/2024 1:45:23,23.25,2257.24,4.11,8,132,0,151,0,124,0,Free
12/5/2024 1:45:50,23.25,2258.98,4.11,8,133,0,151,0,124,0,Free
12/5/2024 1:45:51,23.25,2259.59,4.11,8,134,0,151,0,124,0,Free
12/5/2024 1:46:02,23.25,2261.54,4.11,8,134,0,152,1049,124,0,Free
12/5/2024 1:46:08,23.25,2262.15,4.11,8,134,0,153,0,124,0,Free
12/5/2024 1:46:18,23.25,2263.06,4.09,8,135,0,153,0,124,0,Free
12/5/2024 1:46:20,23.25,2263.67,4.11,8,136,0,153,0,124,0,Free
12/5/2024 1:46:25,23.25,2264.29,4.11,8,136,0,153,0,125,0,Free
12/5/2024 1:47:27,23.25,2267.70,4.11,8,136,0,153,0,126,0,Free
12/5/2024 1:47:28,23.25,2268.31,4.11,8,136,0,153,0,127,0,Free
12/5/2024 1:50:53,23.25,2278.44,4.11,8,136,0,153,0,128,0,Free
12/5/2024 1:50:58,23.25,2279.05,4.11,8,136,0,153,0,129,0,Free
12/5/2024 1:51:00,23.25,2279.67,4.11,8,136,0,153,0,130,0,Free
12/5/2024 1:55:11,23.00,2291.75,4.11,8,137,0,153,0,130,0,Free
12/5/2024 1:56:10,23.00,2305.31,4.10,8,137,0,153,0,130,0,Free
12/5/2024 1:59:57,23.00,2316.27,4.11,8,138,0,153,0,130,0,Free
12/5/2024 2:00:05,23.00,2317.32,4.10,8,138,0,154,160,130,0,Free
12/5/2024 2:00:12,23.00,2318.22,4.11,8,139,0,154,0,130,0,Free
12/5/2024 2:00:56,23.00,2320.81,4.11,8,139,0,155,10,130,0,Free
12/5/2024 2:00:58,23.00,2321.57,4.11,8,139,0,156,151,130,0,Free
12/5/2024 2:01:00,23.00,2322.19,4.11,8,139,0,157,0,130,0,Free
12/5/2024 2:01:06,23.00,2322.80,4.09,8,139,0,158,0,130,0,Free
12/5/2024 2:02:12,23.00,2326.50,4.11,8,140,0,158,0,130,0,Free
12/5/2024 2:02:30,23.00,2327.67,4.11,8,140,0,158,0,131,0,Free
12/5/2024 2:02:31,23.00,2328.29,4.10,8,141,0,158,0,131,0,Free
12/5/2024 2:03:54,23.25,2332.53,4.11,8,142,0,158,0,131,0,Free
12/5/2024 2:04:12,23.25,2333.71,4.11,8,142,0,158,0,132,0,Free
12/5/2024 2:04:24,23.25,2334.61,4.11,8,143,0,158,0,132,0,Free
12/5/2024 2:04:55,23.25,2336.72,4.11,8,143,0,159,101,132,0,Free
12/5/2024 2:04:58,23.25,2337.34,4.11,8,143,0,159,0,133,0,Free
12/5/2024 2:05:08,23.25,2338.24,4.11,8,143,0,160,0,133,0,Free
12/5/2024 2:05:39,23.50,2340.25,4.11,8,144,0,160,0,133,0,Free
12/5/2024 2:05:43,23.50,2340.86,4.11,8,145,0,160,0,133,0,Free
12/5/2024 2:05:44,23.50,2341.49,4.11,8,146,0,160,0,133,0,Free
12/5/2024 2:06:23,23.50,2343.88,4.11,8,146,0,161,94,133,0,Free
12/5/2024 2:08:13,23.50,2349.53,4.10,8,147,0,161,0,133,0,Free
12/5/2024 2:10:56,23.25,2357.69,4.11,8,147,0,161,0,134,0,Free
12/5/2024 2:11:18,23.25,2359.14,4.11,8,147,0,161,0,135,0,Free
12/5/2024 2:13:11,23.25,2375.22,4.11,8,147,0,161,0,135,0,Free
12/5/2024 2:13:22,23.25,2376.11,4.10,8,147,0,162,0,135,0,Free
12/5/2024 2:13:35,23.25,2377.29,4.11,8,148,0,162,0,135,0,Free
12/5/2024 2:13:37,23.25,2377.90,4.11,8,149,0,162,0,135,0,Free
12/5/2024 2:13:42,23.25,2378.51,4.11,8,150,0,162,0,135,0,Free
12/5/2024 2:13:48,23.25,2379.13,4.11,8,151,0,162,0,135,0,Free
12/5/2024 2:13:57,23.25,2380.03,4.11,8,152,0,162,0,135,0,Free
12/5/2024 2:14:10,23.25,2381.20,4.11,8,152,0,163,0,135,0,Free
12/5/2024 2:14:27,23.25,2382.38,4.10,8,152,0,163,0,136,0,Free
12/5/2024 2:14:27,23.25,2382.99,4.11,8,152,0,163,0,137,0,Free
12/5/2024 2:14:40,23.25,2384.17,4.11,8,153,0,163,0,137,0,Free
12/5/2024 2:14:45,23.25,2384.78,4.11,8,154,0,163,0,137,0,Free
12/5/2024 2:14:54,23.25,2385.68,4.09,8,155,0,163,0,137,0,Free
12/5/2024 2:14:56,23.25,2386.30,4.10,8,155,0,164,0,137,0,Free
12/5/2024 2:15:45,23.50,2389.15,4.11,8,156,0,164,0,137,0,Free
12/5/2024 2:15:47,23.50,2389.77,4.11,8,157,0,164,0,137,0,Free
12/5/2024 2:16:03,23.50,2390.94,4.11,8,157,0,165,0,137,0,Free
12/5/2024 2:16:30,23.50,2394.03,4.11,8,157,0,166,1356,137,0,Free
12/5/2024 2:16:33,23.50,2394.76,4.11,8,157,0,167,119,137,0,Free
12/5/2024 2:18:20,23.50,2400.13,4.11,8,157,0,167,0,138,0,Free
12/5/2024 2:25:12,23.00,2419.76,4.10,8,158,0,167,0,138,0,Free
12/5/2024 2:25:14,23.00,2420.38,4.11,8,159,0,167,0,138,0,Free
12/5/2024 2:25:27,23.00,2421.56,4.11,8,160,0,167,0,138,0,Free
12/5/2024 2:26:07,23.00,2424.04,4.11,8,160,0,168,185,138,0,Free
12/5/2024 2:26:17,23.00,2424.93,4.11,8,160,0,169,0,138,0,Free
12/5/2024 2:26:27,23.00,2425.83,4.11,8,160,0,169,0,139,0,Free
12/5/2024 2:26:30,23.00,2426.44,4.10,8,160,0,169,0,140,0,Free
12/5/2024 2:26:32,23.00,2427.06,4.10,8,160,0,170,0,140,0,Free
12/5/2024 2:30:01,23.25,2447.61,4.11,8,160,0,170,0,140,0,Free
12/5/2024 2:30:07,23.25,2448.23,4.11,8,160,0,171,0,140,0,Free
12/5/2024 2:30:12,23.25,2449.25,4.11,8,160,0,172,400,140,0,Free
12/5/2024 2:30:13,23.25,2449.87,4.10,8,160,0,173,10,140,0,Free
12/5/2024 2:30:14,23.25,2450.66,4.11,8,160,0,174,168,140,0,Free
12/5/2024 2:30:15,23.25,2451.66,4.11,8,160,0,175,393,140,0,Free
12/5/2024 2:30:17,23.25,2452.41,4.10,8,160,0,176,134,140,0,Free
12/5/2024 2:30:57,23.25,2454.71,4.11,8,161,0,176,0,140,0,Free
12/5/2024 2:31:08,23.25,2455.65,4.11,8,161,0,177,43,140,0,Free
12/5/2024 2:31:41,23.25,2457.66,4.11,8,161,0,177,0,141,0,Free
12/5/2024 2:37:52,23.00,2475.28,4.11,8,161,0,178,0,141,0,Free
12/5/2024 2:38:00,23.00,2476.19,4.10,8,161,0,179,18,141,0,Free
12/5/2024 2:38:39,23.00,2486.79,4.11,8,161,0,180,8591,141,0,Free
12/5/2024 2:38:44,23.00,2487.56,4.11,8,161,0,181,152,141,0,Free
12/5/2024 2:38:44,23.00,2488.33,4.11,8,161,0,182,152,141,0,Free
12/5/2024 2:38:46,23.00,2489.41,4.10,8,161,0,183,467,141,0,Free
12/5/2024 2:38:49,23.00,2491.66,4.11,8,161,0,184,1630,141,0,Free
12/5/2024 2:38:50,23.00,2492.82,4.11,8,161,0,185,541,141,0,Free
12/5/2024 2:38:53,23.00,2495.31,4.10,8,161,0,186,1874,141,0,Free
12/5/2024 2:38:57,23.00,2496.51,4.11,8,161,0,187,592,141,0,Free
12/5/2024 2:38:59,23.00,2497.69,4.11,8,161,0,188,558,141,0,Free
12/5/2024 2:39:00,23.00,2498.31,4.10,8,161,0,189,0,141,0,Free
12/5/2024 2:47:11,22.75,2532.00,4.11,8,161,0,189,0,141,0,Free
12/5/2024 3:05:22,22.50,2593.64,4.11,8,161,0,189,0,141,0,Free
12/5/2024 3:23:33,22.50,2655.26,4.11,8,161,0,189,0,141,0,Free
12/5/2024 3:41:44,22.25,2716.91,4.11,8,161,0,189,0,141,0,Free
12/5/2024 3:59:55,22.25,2778.55,4.10,8,161,0,189,0,141,0,Free
12/5/2024 4:18:06,22.25,2840.17,4.11,8,161,0,189,0,141,0,Free
12/5/2024 4:36:17,22.25,2901.81,4.11,8,161,0,189,0,141,0,Free
12/5/2024 4:54:28,22.25,2963.45,4.11,8,161,0,189,0,141,0,Free
12/5/2024 5:12:39,22.25,3025.09,4.10,8,161,0,189,0,141,0,Free
12/5/2024 5:25:30,22.25,3061.49,4.10,8,161,0,189,0,142,0,Free
12/5/2024 5:27:16,22.25,3066.86,4.10,8,161,0,189,0,143,0,Free
12/5/2024 5:27:19,22.25,3067.48,4.10,8,161,0,189,0,144,0,Free
12/5/2024 5:27:22,22.25,3068.09,4.10,8,161,0,189,0,145,0,Free
12/5/2024 5:27:53,22.25,3070.12,4.10,8,161,0,190,18,145,0,Free
12/5/2024 5:27:57,22.25,3070.74,4.10,8,161,0,191,0,145,0,Free
12/5/2024 5:27:57,22.25,3071.36,4.10,8,161,0,192,0,145,0,Free
12/5/2024 5:30:27,22.50,3089.11,4.10,8,161,0,192,0,145,0,Free
12/5/2024 5:31:15,22.50,3091.69,4.10,8,161,0,193,0,145,0,Free
12/5/2024 5:31:24,22.50,3092.58,4.09,8,162,0,193,0,145,0,Free
12/5/2024 5:32:34,22.50,3096.28,4.10,8,163,0,193,0,145,0,Free
12/5/2024 5:32:36,22.50,3096.89,4.09,8,164,0,193,0,145,0,Free
12/5/2024 5:32:38,22.50,3097.51,4.10,8,165,0,193,0,145,0,Free
12/5/2024 5:39:49,22.50,3117.97,4.10,8,165,0,193,0,146,0,Free
12/5/2024 5:40:07,22.50,3119.43,4.10,8,165,0,193,0,147,0,Free
12/5/2024 5:40:29,22.50,3120.88,4.10,8,165,0,193,0,148,0,Free
12/5/2024 5:40:30,22.50,3121.50,4.10,8,165,0,193,0,149,0,Free
12/5/2024 5:40:31,22.50,3122.12,4.10,8,165,0,193,0,150,0,Free
12/5/2024 5:40:32,22.50,3122.74,4.10,8,165,0,193,0,151,0,Free
12/5/2024 5:48:02,22.50,3154.47,4.10,8,165,0,193,0,151,0,Free
12/5/2024 5:50:06,22.50,3160.68,4.10,8,165,0,193,0,152,0,Free
12/5/2024 5:50:19,22.50,3161.86,4.10,8,166,0,193,0,152,0,Free
12/5/2024 5:50:27,22.50,3163.74,4.10,8,166,0,194,990,152,0,Free
12/5/2024 5:51:13,22.50,3166.31,4.10,8,166,0,194,0,153,0,Free
12/5/2024 5:51:22,22.50,3167.21,4.10,8,167,0,194,0,153,0,Free
12/5/2024 5:52:13,22.50,3170.25,4.09,8,167,0,195,185,153,0,Free
12/5/2024 5:58:37,22.75,3188.76,4.09,8,167,0,195,0,154,0,Free
12/5/2024 5:59:06,22.75,3190.49,4.10,8,167,0,195,0,155,0,Free
12/5/2024 5:59:51,22.75,3193.06,4.10,8,167,0,195,0,156,0,Free
12/5/2024 5:59:55,22.75,3193.68,4.10,8,167,0,195,0,157,0,Free
12/5/2024 5:59:56,22.75,3194.30,4.09,8,167,0,195,0,158,0,Free
12/5/2024 5:59:57,22.75,3194.91,4.10,8,167,0,195,0,159,0,Free
12/5/2024 5:59:58,22.75,3195.53,4.10,8,167,0,195,0,160,0,Free
12/5/2024 6:00:03,22.75,3196.14,4.10,8,167,0,195,0,161,0,Free
12/5/2024 6:00:04,22.75,3196.76,4.10,8,167,0,195,0,162,0,Free
12/5/2024 6:00:05,22.75,3197.38,4.09,8,167,0,195,0,163,0,Free
12/5/2024 6:00:09,22.75,3198.00,4.10,8,167,0,195,0,164,0,Free
12/5/2024 6:00:11,22.75,3198.61,4.10,8,167,0,195,0,165,0,Free
12/5/2024 6:00:23,22.75,3199.79,4.10,8,167,0,195,0,166,0,Free
12/5/2024 6:00:26,22.75,3200.40,4.10,8,167,0,195,0,167,0,Free
12/5/2024 6:00:27,22.75,3201.02,4.10,8,167,0,195,0,168,0,Free
12/5/2024 6:00:29,22.75,3201.63,4.10,8,167,0,195,0,169,0,Free
12/5/2024 6:00:29,22.75,3202.25,4.11,8,167,0,195,0,170,0,Free
12/5/2024 6:00:32,22.75,3202.88,4.09,8,167,0,195,0,171,0,Free
12/5/2024 6:00:33,22.75,3203.49,4.10,8,167,0,195,0,172,0,Free
12/5/2024 6:00:42,22.75,3204.39,4.09,8,167,0,195,0,173,0,Free
12/5/2024 6:00:47,22.75,3205.00,4.10,8,167,0,195,0,174,0,Free
12/5/2024 6:00:50,22.75,3205.62,4.09,8,167,0,195,0,175,0,Free
12/5/2024 6:01:21,22.75,3207.63,4.10,8,167,0,195,0,176,0,Free
12/5/2024 6:01:22,22.75,3208.25,4.10,8,167,0,195,0,177,0,Free
12/5/2024 6:01:25,22.75,3208.87,4.11,8,167,0,195,0,178,0,Free
12/5/2024 6:01:26,22.75,3209.48,4.09,8,167,0,195,0,179,0,Free
12/5/2024 6:02:12,22.50,3212.05,4.10,8,167,0,195,0,180,0,Free
12/5/2024 6:02:13,22.50,3212.67,4.10,8,167,0,195,0,181,0,Free
12/5/2024 6:02:14,22.50,3213.29,4.09,8,167,0,195,0,182,0,Free
12/5/2024 6:02:58,22.50,3215.86,4.10,8,167,0,195,0,183,0,Free
12/5/2024 6:03:08,22.50,3216.75,4.10,8,167,0,195,0,184,0,Free
12/5/2024 6:03:10,22.50,3217.37,4.10,8,167,0,195,0,185,0,Free
12/5/2024 6:03:12,22.50,3217.99,4.10,8,167,0,195,0,186,0,Free
12/5/2024 6:03:35,22.50,3219.44,4.10,8,167,0,195,0,187,0,Free
12/5/2024 6:03:46,22.50,3230.77,4.10,8,167,0,195,0,187,0,Free
12/5/2024 6:03:49,22.50,3231.39,4.09,8,167,0,195,0,188,0,Free
12/5/2024 6:03:51,22.50,3232.00,4.10,8,167,0,195,0,189,0,Free
12/5/2024 6:03:53,22.50,3232.62,4.09,8,167,0,195,0,190,0,Free
12/5/2024 6:03:54,22.50,3233.23,4.10,8,167,0,195,0,191,0,Free
12/5/2024 6:03:59,22.50,3233.85,4.09,8,167,0,195,0,192,0,Free
12/5/2024 6:04:04,22.50,3234.47,4.10,8,167,0,195,0,193,0,Free
12/5/2024 6:04:07,22.50,3235.09,4.10,8,167,0,195,0,194,0,Free
12/5/2024 6:04:09,22.50,3235.70,4.09,8,167,0,195,0,195,0,Free
12/5/2024 6:04:10,22.50,3236.32,4.09,8,167,0,195,0,196,0,Free
12/5/2024 6:04:12,22.50,3236.94,4.10,8,167,0,195,0,197,0,Free
12/5/2024 6:04:16,22.50,3237.56,4.09,8,167,0,195,0,198,0,Free
12/5/2024 6:04:17,22.50,3238.17,4.09,8,167,0,195,0,199,0,Free
12/5/2024 6:04:20,22.50,3238.79,4.09,8,167,0,195,0,200,0,Free
12/5/2024 6:04:21,22.50,3239.41,4.09,8,167,0,195,0,201,0,Free
12/5/2024 6:04:23,22.50,3240.02,4.10,8,167,0,195,0,202,0,Free
12/5/2024 6:04:43,22.50,3241.48,4.10,8,167,0,195,0,203,0,Free
12/5/2024 6:04:46,22.50,3242.09,4.10,8,167,0,195,0,204,0,Free
12/5/2024 6:04:47,22.50,3242.71,4.10,8,167,0,195,0,205,0,Free
12/5/2024 6:04:49,22.50,3243.33,4.09,8,167,0,195,0,206,0,Free
12/5/2024 6:04:50,22.50,3243.94,4.10,8,167,0,195,0,207,0,Free
12/5/2024 6:04:52,22.50,3244.56,4.10,8,167,0,195,0,208,0,Free
12/5/2024 6:04:53,22.50,3245.17,4.10,8,167,0,195,0,209,0,Free
12/5/2024 6:04:59,22.50,3245.79,4.10,8,167,0,195,0,210,0,Free
12/5/2024 6:04:59,22.50,3246.41,4.10,8,167,0,195,0,211,0,Free
12/5/2024 6:05:01,22.50,3247.02,4.09,8,167,0,195,0,212,0,Free
12/5/2024 6:05:04,22.50,3247.64,4.10,8,167,0,195,0,213,0,Free
12/5/2024 6:05:05,22.50,3248.26,4.10,8,167,0,195,0,214,0,Free
12/5/2024 6:05:07,22.50,3248.87,4.10,8,167,0,195,0,215,0,Free
12/5/2024 6:05:29,22.50,3250.33,4.10,8,167,0,195,0,216,0,Free
12/5/2024 6:05:31,22.50,3250.94,4.09,8,167,0,195,0,217,0,Free
12/5/2024 6:05:33,22.50,3251.56,4.10,8,167,0,195,0,218,0,Free
12/5/2024 6:05:35,22.50,3252.18,4.10,8,167,0,195,0,219,0,Free
12/5/2024 6:05:37,22.50,3252.79,4.10,8,167,0,195,0,220,0,Free
12/5/2024 6:05:38,22.50,3253.41,4.10,8,167,0,195,0,221,0,Free
12/5/2024 6:05:41,22.50,3254.03,4.10,8,167,0,195,0,222,0,Free
12/5/2024 6:05:44,22.50,3254.64,4.10,8,167,0,195,0,223,0,Free
12/5/2024 6:05:56,22.50,3255.82,4.10,8,167,0,195,0,224,0,Free
12/5/2024 6:06:01,22.50,3256.44,4.09,8,167,0,195,0,225,0,Free
12/5/2024 6:10:24,22.50,3269.39,4.10,8,167,0,196,309,225,0,Free
12/5/2024 6:10:41,22.50,3270.57,4.10,8,168,0,196,0,225,0,Free
12/5/2024 6:13:19,22.50,3278.47,4.09,8,168,0,197,18,225,0,Free
12/5/2024 6:13:34,22.50,3279.64,4.10,8,168,0,198,0,225,0,Free
12/5/2024 6:14:38,22.50,3283.05,4.10,8,168,0,199,0,225,0,Free
12/5/2024 6:14:39,22.50,3283.68,4.09,8,168,0,200,10,225,0,Free
12/5/2024 6:18:47,22.50,3295.76,4.10,8,169,0,200,0,225,0,Free
12/5/2024 6:18:52,22.50,3296.72,4.10,8,169,0,201,350,225,0,Free
12/5/2024 6:19:16,22.50,3308.68,4.10,8,169,0,201,0,225,0,Free
12/5/2024 6:25:04,22.50,3325.55,4.10,8,169,0,202,0,225,0,Free
12/5/2024 6:25:12,22.50,3326.44,4.10,8,170,0,202,0,225,0,Free
12/5/2024 6:25:14,22.50,3327.06,4.10,8,170,0,202,0,226,0,Free
12/5/2024 6:25:16,22.50,3327.67,4.09,8,170,0,202,0,227,0,Free
12/5/2024 6:25:16,22.50,3328.29,4.09,8,170,0,202,0,228,0,Free
12/5/2024 6:25:42,22.50,3330.08,4.10,8,170,0,203,60,228,0,Free
12/5/2024 6:25:44,22.50,3330.77,4.10,8,170,0,204,68,228,0,Free
12/5/2024 6:28:19,22.75,3338.38,4.09,8,170,0,204,0,229,0,Free
12/5/2024 6:28:23,22.75,3338.99,4.09,8,170,0,204,0,230,0,Free
12/5/2024 6:31:43,22.50,3348.83,4.09,8,170,0,205,0,230,0,Free
12/5/2024 6:31:50,22.50,3349.73,4.10,8,170,0,206,0,230,0,Free
12/5/2024 6:31:54,22.50,3350.34,4.09,8,170,0,207,0,230,0,Free
12/5/2024 6:32:01,22.50,3351.31,4.09,8,170,0,208,77,230,0,Free
12/5/2024 6:32:02,22.50,3351.93,4.10,8,170,0,209,0,230,0,Free
12/5/2024 6:32:14,22.50,3352.87,4.10,8,170,0,210,35,230,0,Free
12/5/2024 6:36:31,22.50,3375.66,4.09,8,170,0,210,0,230,0,Free
12/5/2024 6:54:42,22.50,3437.31,4.09,8,170,0,210,0,230,0,Free
12/5/2024 7:12:53,22.50,3498.96,4.09,8,170,0,210,0,230,0,Free
12/5/2024 7:31:04,22.50,3560.60,4.09,8,170,0,210,0,230,0,Free
12/5/2024 7:49:15,22.50,3622.25,4.09,8,170,0,210,0,230,0,Free
12/5/2024 8:07:26,22.50,3683.90,4.10,8,170,0,210,0,230,0,Free
12/5/2024 8:25:37,22.50,3745.55,4.09,8,170,0,210,0,230,0,Free
12/5/2024 8:43:48,22.50,3807.20,4.09,8,170,0,210,0,230,0,Free
12/5/2024 9:01:59,22.50,3868.85,4.09,8,170,0,210,0,230,0,Free
12/5/2024 9:20:10,22.50,3930.49,4.09,8,170,0,210,0,230,0,Free
12/5/2024 9:37:30,22.50,3979.47,4.09,8,170,0,210,0,231,0,Free
12/5/2024 9:37:31,22.50,3980.09,4.09,8,170,0,210,0,232,0,Free
12/5/2024 9:38:13,22.50,3992.82,4.09,8,170,0,210,0,232,0,Free
12/5/2024 9:38:30,22.50,3993.99,4.09,8,170,0,210,0,233,0,Free
12/5/2024 9:38:34,22.50,3994.61,4.09,8,170,0,210,0,234,0,Free
12/5/2024 9:38:51,22.50,3995.78,4.09,8,170,0,210,0,235,0,Free
12/5/2024 9:53:52,22.75,4038.33,4.10,8,170,0,210,0,236,0,Free
12/5/2024 9:53:54,22.75,4038.95,4.09,8,170,0,210,0,237,0,Free
12/5/2024 9:53:57,22.75,4039.57,4.09,8,170,0,210,0,238,0,Free
12/5/2024 9:53:59,22.75,4040.18,4.09,8,170,0,210,0,239,0,Free
12/5/2024 9:54:00,22.75,4040.80,4.09,8,170,0,210,0,240,0,Free
12/5/2024 9:54:14,22.75,4041.97,4.09,8,170,0,210,0,241,0,Free
12/5/2024 9:54:18,22.75,4042.59,4.09,8,171,0,210,0,241,0,Free
12/5/2024 9:54:26,22.75,4044.29,4.09,8,171,0,211,808,241,0,Free
12/5/2024 9:54:28,22.75,4044.92,4.09,8,171,0,212,0,241,0,Free
12/5/2024 9:55:45,22.75,4059.32,4.09,8,171,0,212,0,241,0,Free
12/5/2024 10:01:38,22.75,4076.15,4.09,8,171,0,213,0,241,0,Free
12/5/2024 10:01:39,22.75,4076.77,4.09,8,171,0,214,0,241,0,Free
12/5/2024 10:01:40,22.75,4077.39,4.09,8,171,0,215,10,241,0,Free
12/5/2024 10:02:38,22.75,4080.52,4.09,8,172,0,215,0,241,0,Free
12/5/2024 10:02:41,22.75,4081.14,4.09,8,173,0,215,0,241,0,Free
12/5/2024 10:02:42,22.75,4081.76,4.09,8,174,0,215,0,241,0,Free
12/5/2024 10:02:49,22.75,4082.65,4.09,8,175,0,215,0,241,0,Free
12/5/2024 10:02:50,22.75,4083.27,4.09,8,176,0,215,0,241,0,Free
12/5/2024 10:03:14,22.75,4087.58,4.09,8,176,0,216,2856,241,0,Free
12/5/2024 10:03:54,22.75,4089.87,4.09,8,177,0,216,0,241,0,Free
12/5/2024 10:03:56,22.75,4090.49,4.09,8,177,0,216,0,242,0,Free
12/5/2024 10:04:02,22.75,4091.11,4.09,8,177,0,216,0,243,0,Free
12/5/2024 10:04:03,22.75,4091.72,4.09,8,177,0,216,0,244,0,Free
12/5/2024 10:04:09,22.75,4092.40,4.09,8,177,0,217,61,244,0,Free
12/5/2024 10:04:51,22.75,4094.97,4.09,8,177,0,218,276,244,0,Free
12/5/2024 10:04:58,22.75,4097.95,4.09,8,177,0,219,2370,244,0,Free
12/5/2024 10:06:08,22.75,4102.17,4.09,8,177,0,220,525,244,0,Free
12/5/2024 10:06:10,22.75,4102.79,4.09,8,177,0,221,0,244,0,Free
12/5/2024 10:06:14,22.75,4103.40,4.09,8,177,0,222,0,244,0,Free
12/5/2024 10:10:56,22.75,4116.90,4.09,8,177,0,223,21,244,0,Free
12/5/2024 10:12:50,22.75,4122.54,4.09,8,177,0,224,0,244,0,Free
12/5/2024 10:13:07,22.75,4134.15,4.09,8,177,0,224,0,244,0,Free
12/5/2024 10:14:29,22.75,4138.40,4.09,8,177,0,224,0,245,0,Free
12/5/2024 10:24:26,22.75,4166.70,4.09,8,177,0,225,0,245,0,Free
12/5/2024 10:24:42,22.75,4167.87,4.09,8,177,0,226,0,245,0,Free
12/5/2024 10:24:50,22.75,4168.77,4.09,8,178,0,226,0,245,0,Free
12/5/2024 10:25:09,22.75,4170.36,4.09,8,178,0,227,126,245,0,Free
12/5/2024 10:26:59,22.75,4176.01,4.09,8,178,0,227,0,246,0,Free
12/5/2024 10:30:59,22.50,4197.96,4.09,8,178,0,227,0,246,0,Free
12/5/2024 10:33:43,22.75,4206.13,4.09,8,179,0,227,0,246,0,Free
12/5/2024 10:33:46,22.75,4206.75,4.09,8,180,0,227,0,246,0,Free
12/5/2024 10:34:42,22.50,4209.88,4.09,8,181,0,227,0,246,0,Free
12/5/2024 10:35:13,22.50,4211.61,4.09,8,181,0,228,0,246,0,Free
12/5/2024 10:49:00,22.50,4260.96,4.09,8,181,0,228,0,246,0,Free
12/5/2024 11:07:11,22.50,4322.60,4.09,8,181,0,228,0,246,0,Free
12/5/2024 11:25:22,22.50,4384.25,4.09,8,181,0,228,0,246,0,Free
12/5/2024 11:43:33,22.50,4445.90,4.09,8,181,0,228,0,246,0,Free
12/5/2024 12:01:44,22.50,4507.55,4.09,8,181,0,228,0,246,0,Free
12/5/2024 12:19:55,22.50,4569.20,4.09,8,181,0,228,0,246,0,Free
12/5/2024 12:38:06,22.25,4630.84,4.09,8,181,0,228,0,246,0,Free
12/5/2024 12:56:17,22.25,4692.49,4.09,8,181,0,228,0,246,0,Free
12/5/2024 12:59:46,22.50,4702.61,4.09,8,181,0,228,0,247,0,Free
12/5/2024 12:59:49,22.50,4703.23,4.09,8,181,0,228,0,248,0,Free
12/5/2024 13:00:02,22.50,4704.40,4.09,8,182,0,228,0,248,0,Free
12/5/2024 13:00:03,22.50,4705.02,4.09,8,182,0,228,0,249,0,Free
12/5/2024 13:01:10,22.50,4708.71,4.09,8,182,0,228,0,250,0,Free
12/5/2024 13:06:39,22.50,4724.43,4.09,8,182,0,228,0,251,0,Free
12/5/2024 13:07:34,22.50,4727.28,4.09,8,182,0,229,0,251,0,Free
12/5/2024 13:08:23,22.50,4730.13,4.09,8,182,0,229,0,252,0,Free
12/5/2024 13:08:37,22.50,4731.31,4.09,8,183,0,229,0,252,0,Free
12/5/2024 13:08:53,22.50,4733.60,4.09,8,183,0,230,1117,252,0,Free
12/5/2024 13:13:59,22.50,4758.62,4.09,8,183,0,230,0,252,0,Free
12/5/2024 13:22:17,22.50,4782.16,4.09,8,183,0,231,0,252,0,Free
12/5/2024 13:31:46,22.50,4809.06,4.09,8,183,0,231,0,253,0,Free
12/5/2024 13:32:10,22.50,4820.95,4.09,8,183,0,231,0,253,0,Free
12/5/2024 13:50:20,22.50,4882.60,4.09,8,183,0,231,0,253,0,Free
12/5/2024 14:08:31,22.50,4944.25,4.09,8,183,0,231,0,253,0,Free
12/5/2024 14:26:42,22.50,5005.90,4.08,8,183,0,231,0,253,0,Free
12/5/2024 14:44:53,22.50,5067.55,4.09,8,183,0,231,0,253,0,Free
12/5/2024 15:03:04,22.25,5129.19,4.08,8,183,0,231,0,253,0,Free
12/5/2024 15:21:15,22.25,5190.84,4.09,8,183,0,231,0,253,0,Free
12/5/2024 15:39:26,22.25,5252.49,4.07,8,183,0,231,0,253,0,Free
12/5/2024 15:57:37,22.25,5314.14,4.09,8,183,0,231,0,253,0,Free
12/5/2024 16:15:48,22.25,5375.79,4.08,8,183,0,231,0,253,0,Free
12/5/2024 16:18:46,22.25,5384.51,4.09,8,183,0,231,0,254,0,Free
12/5/2024 16:18:47,22.25,5385.13,4.08,8,183,0,231,0,255,0,Free
12/5/2024 16:18:50,22.25,5385.74,4.08,8,183,0,231,0,256,0,Free
12/5/2024 16:20:05,22.25,5390.12,4.08,8,183,0,232,409,256,0,Free
12/5/2024 16:20:36,22.25,5392.14,4.09,8,183,0,232,0,257,0,Free
12/5/2024 16:20:37,22.25,5392.75,4.08,8,183,0,232,0,258,0,Free
12/5/2024 16:20:39,22.25,5393.36,4.08,8,183,0,232,0,259,0,Free
12/5/2024 16:21:05,22.50,5395.10,4.08,8,183,0,232,0,260,0,Free
12/5/2024 16:21:06,22.50,5395.72,4.09,8,184,0,232,0,260,0,Free
12/5/2024 16:21:08,22.50,5396.33,4.08,8,184,0,232,0,261,0,Free
12/5/2024 16:21:15,22.50,5397.23,4.08,8,185,0,232,0,261,0,Free
12/5/2024 16:33:14,22.50,5441.54,4.08,8,185,0,232,0,261,0,Free
12/5/2024 16:51:25,22.50,5503.19,4.08,8,185,0,232,0,261,0,Free
12/5/2024 17:09:36,22.50,5564.84,4.08,8,185,0,232,0,261,0,Free
12/5/2024 17:27:47,22.50,5626.48,4.08,8,185,0,232,0,261,0,Free
12/5/2024 17:28:04,22.50,5627.66,4.09,8,185,0,232,0,262,0,Free
12/5/2024 17:30:25,22.50,5634.71,4.09,8,186,0,232,0,262,0,Free
12/5/2024 17:32:41,22.50,5641.48,4.08,8,186,0,232,0,263,0,Free
12/5/2024 17:34:20,22.50,5646.67,4.08,8,186,0,233,101,263,0,Free
12/5/2024 17:34:25,22.50,5647.28,4.08,8,187,0,233,0,263,0,Free
12/5/2024 17:34:27,22.75,5647.90,4.08,8,188,0,233,0,263,0,Free
12/5/2024 17:36:00,22.75,5652.71,4.08,8,188,0,233,0,264,0,Free
12/5/2024 17:41:53,22.75,5669.54,4.08,8,188,0,233,0,265,0,Free
12/5/2024 17:42:56,22.75,5672.95,4.08,8,188,0,234,0,265,0,Free
12/5/2024 17:43:03,22.75,5673.85,4.08,8,189,0,234,0,265,0,Free
12/5/2024 17:43:06,22.75,5674.46,4.08,8,190,0,234,0,265,0,Free
12/5/2024 17:43:23,22.75,5676.02,4.09,8,190,0,235,383,265,0,Free
12/5/2024 17:45:28,22.75,5692.66,4.08,8,190,0,235,0,265,0,Free
12/5/2024 17:45:34,22.75,5693.28,4.08,8,190,0,236,0,265,0,Free
12/5/2024 17:45:40,22.75,5693.89,4.08,8,191,0,236,0,265,0,Free
12/5/2024 17:53:46,22.75,5717.16,4.08,8,191,0,237,0,265,0,Free
12/5/2024 17:53:58,22.75,5718.91,4.08,8,191,0,238,575,265,0,Free
12/5/2024 18:03:04,22.75,5744.68,4.07,8,191,0,238,0,266,0,Free
12/5/2024 18:03:05,22.75,5745.30,4.08,8,192,0,238,0,266,0,Free
12/5/2024 18:03:11,22.75,5745.91,4.08,8,193,0,238,0,266,0,Free
12/5/2024 18:03:23,22.75,5757.24,4.08,8,193,0,238,0,266,0,Free
12/5/2024 18:03:28,22.75,5757.86,4.08,8,193,0,238,0,267,0,Free
12/5/2024 18:03:59,22.75,5759.87,4.08,8,194,0,238,0,267,0,Free
12/5/2024 18:04:22,22.75,5761.39,4.08,8,194,0,239,61,267,0,Free
12/5/2024 18:04:28,22.75,5762.09,4.08,8,194,0,240,85,267,0,Free
12/5/2024 18:04:48,22.75,5763.54,4.08,8,195,0,240,0,267,0,Free
12/5/2024 18:05:12,22.75,5765.00,4.08,8,195,0,240,0,268,0,Free
12/5/2024 18:05:13,22.75,5765.61,4.08,8,196,0,240,0,268,0,Free
12/5/2024 18:06:06,22.75,5768.47,4.08,8,197,0,240,0,268,0,Free
12/5/2024 18:06:06,22.75,5769.09,4.08,8,197,0,240,0,269,0,Free
12/5/2024 18:06:09,22.75,5769.71,4.08,8,197,0,240,0,270,0,Free
12/5/2024 18:06:12,22.75,5770.32,4.07,8,197,0,240,0,271,0,Free
12/5/2024 18:06:14,22.75,5770.94,4.08,8,198,0,240,0,271,0,Free
12/5/2024 18:06:48,23.00,5772.95,4.08,8,199,0,240,0,271,0,Free
12/5/2024 18:06:51,23.00,5773.57,4.09,8,199,0,240,0,272,0,Free
12/5/2024 18:12:27,23.00,5789.84,4.08,8,199,0,241,0,272,0,Free
12/5/2024 18:12:35,23.00,5790.74,4.08,8,199,0,242,0,272,0,Free
12/5/2024 18:12:52,23.00,5791.91,4.08,8,200,0,242,0,272,0,Free
12/5/2024 18:12:53,23.00,5792.53,4.08,8,201,0,242,0,272,0,Free
12/5/2024 18:13:04,23.00,5795.47,4.08,8,201,0,243,2048,272,0,Free
12/5/2024 18:13:09,23.00,5796.51,4.08,8,201,0,244,425,272,0,Free
12/5/2024 18:13:15,23.00,5797.13,4.08,8,202,0,244,0,272,0,Free
12/5/2024 18:13:17,23.00,5797.74,4.08,8,203,0,244,0,272,0,Free
12/5/2024 18:13:19,23.00,5798.84,4.08,8,203,0,245,475,272,0,Free
12/5/2024 18:14:34,23.00,5802.81,4.08,8,203,0,245,0,273,0,Free
12/5/2024 18:20:27,22.75,5830.07,4.08,8,203,0,245,0,273,0,Free
12/5/2024 18:24:17,22.75,5841.31,4.08,8,204,0,245,0,273,0,Free
12/5/2024 18:24:18,22.75,5841.93,4.07,8,205,0,245,0,273,0,Free
12/5/2024 18:25:36,22.75,5845.90,4.08,8,205,0,245,0,274,0,Free
12/5/2024 18:25:36,22.75,5846.51,4.07,8,205,0,245,0,275,0,Free
12/5/2024 18:25:38,22.75,5847.13,4.08,8,205,0,245,0,276,0,Free
12/5/2024 18:25:41,22.75,5847.75,4.08,8,205,0,245,0,277,0,Free
12/5/2024 18:25:42,22.75,5848.36,4.08,8,205,0,245,0,278,0,Free
12/5/2024 18:25:43,22.75,5848.98,4.08,8,205,0,245,0,279,0,Free
12/5/2024 18:25:47,22.75,5849.59,4.08,8,205,0,245,0,280,0,Free
12/5/2024 18:25:49,22.75,5850.22,4.08,8,205,0,245,0,281,0,Free
12/5/2024 18:25:52,22.75,5850.84,4.08,8,205,0,245,0,282,0,Free
12/5/2024 18:25:54,22.75,5851.45,4.08,8,205,0,245,0,283,0,Free
12/5/2024 18:25:56,22.75,5852.07,4.07,8,205,0,245,0,284,0,Free
12/5/2024 18:25:57,22.75,5852.69,4.08,8,205,0,245,0,285,0,Free
12/5/2024 18:26:05,22.75,5853.58,4.08,8,205,0,245,0,286,0,Free
12/5/2024 18:26:06,22.75,5854.20,4.08,8,205,0,245,0,287,0,Free
12/5/2024 18:26:07,22.75,5854.81,4.08,8,205,0,245,0,288,0,Free
12/5/2024 18:26:07,22.75,5855.43,4.07,8,205,0,245,0,289,0,Free
12/5/2024 18:26:08,22.75,5856.05,4.08,8,205,0,245,0,290,0,Free
12/5/2024 18:26:09,22.75,5856.67,4.08,8,205,0,245,0,291,0,Free
12/5/2024 18:26:10,22.75,5857.28,4.08,8,205,0,245,0,292,0,Free
12/5/2024 18:26:12,22.75,5857.90,4.08,8,205,0,245,0,293,0,Free
12/5/2024 18:26:14,22.75,5858.51,4.07,8,205,0,245,0,294,0,Free
12/5/2024 18:26:15,22.75,5859.13,4.08,8,205,0,245,0,295,0,Free
12/5/2024 18:26:16,22.75,5859.74,4.08,8,205,0,245,0,296,0,Free
12/5/2024 18:26:17,22.75,5860.36,4.08,8,205,0,245,0,297,0,Free
12/5/2024 18:26:19,22.75,5860.98,4.08,8,205,0,245,0,298,0,Free
12/5/2024 18:26:22,22.75,5861.60,4.08,8,205,0,245,0,299,0,Free
12/5/2024 18:26:23,22.75,5862.21,4.08,8,205,0,245,0,300,0,Free
12/5/2024 18:26:24,22.75,5862.83,4.08,8,205,0,245,0,301,0,Free
12/5/2024 18:26:26,22.75,5863.44,4.08,8,205,0,245,0,302,0,Free
12/5/2024 18:26:27,22.75,5864.06,4.07,8,205,0,245,0,303,0,Free
12/5/2024 18:26:28,22.75,5864.68,4.07,8,205,0,245,0,304,0,Free
12/5/2024 18:26:29,22.75,5865.29,4.08,8,205,0,245,0,305,0,Free
12/5/2024 18:26:30,22.75,5865.91,4.08,8,205,0,245,0,306,0,Free
12/5/2024 18:36:05,22.50,5903.52,4.08,8,205,0,245,0,306,0,Free
12/5/2024 18:47:09,22.50,5934.89,4.08,8,205,0,245,0,307,0,Free
12/5/2024 18:47:11,22.50,5935.51,4.09,8,205,0,245,0,308,0,Free
12/5/2024 18:47:12,22.50,5936.12,4.08,8,205,0,245,0,309,0,Free
12/5/2024 18:47:18,22.50,5936.83,4.07,8,205,0,246,89,309,0,Free
12/5/2024 18:47:40,22.50,5938.28,4.08,8,205,0,246,0,310,0,Free
12/5/2024 18:47:53,22.50,5939.46,4.07,8,205,0,246,0,311,0,Free
12/5/2024 18:48:00,22.50,5940.36,4.07,8,205,0,247,0,311,0,Free
12/5/2024 18:48:09,22.75,5941.25,4.08,8,205,0,247,0,312,0,Free
12/5/2024 18:48:25,22.75,5942.43,4.08,8,206,0,247,0,312,0,Free
12/5/2024 18:48:28,22.75,5943.04,4.08,8,206,0,247,0,313,0,Free
12/5/2024 18:48:29,22.75,5943.66,4.07,8,207,0,247,0,313,0,Free
12/5/2024 18:48:35,22.75,5944.27,4.08,8,208,0,247,0,313,0,Free
12/5/2024 18:48:41,22.75,5944.89,4.07,8,209,0,247,0,313,0,Free
12/5/2024 18:49:17,23.00,5946.97,4.08,8,209,0,248,61,313,0,Free
12/5/2024 18:53:40,22.75,5970.04,4.08,8,209,0,248,0,313,0,Free
12/5/2024 18:54:11,22.75,5972.23,4.07,8,209,0,249,458,313,0,Free
12/5/2024 18:54:11,22.75,5972.85,4.08,8,209,0,250,0,313,0,Free
12/5/2024 18:54:12,22.75,5973.46,4.07,8,209,0,251,0,313,0,Free
12/5/2024 18:54:14,22.75,5974.08,4.07,8,209,0,252,0,313,0,Free
12/5/2024 18:54:16,22.75,5975.24,4.08,8,209,0,253,542,313,0,Free
12/5/2024 18:54:17,22.75,5975.85,4.08,8,209,0,254,0,313,0,Free
12/5/2024 18:54:18,22.75,5976.77,4.08,8,209,0,255,301,313,0,Free
12/5/2024 18:54:19,22.75,5977.39,4.08,8,209,0,256,0,313,0,Free
12/5/2024 18:54:20,22.75,5978.35,4.08,8,209,0,257,351,313,0,Free
12/5/2024 18:54:21,22.75,5978.97,4.08,8,209,0,258,0,313,0,Free
12/5/2024 18:54:22,22.75,5979.59,4.08,8,209,0,259,0,313,0,Free
12/5/2024 18:54:24,22.75,5980.26,4.08,8,209,0,260,60,313,0,Free
12/5/2024 18:54:26,22.75,5980.88,4.07,8,209,0,261,0,313,0,Free
12/5/2024 18:54:29,22.75,5982.63,4.08,8,209,0,262,1131,313,0,Free
12/5/2024 18:54:30,22.75,5983.35,4.08,8,209,0,263,94,313,0,Free
12/5/2024 18:54:33,22.75,5985.52,4.08,8,209,0,264,1555,313,0,Free
12/5/2024 18:54:42,22.75,5986.41,4.08,8,209,0,265,1,313,0,Free
12/5/2024 18:54:45,22.75,5987.05,4.07,8,209,0,266,18,313,0,Free
12/5/2024 18:54:57,22.75,5989.25,4.07,8,209,0,267,1308,313,0,Free
12/5/2024 18:54:58,22.75,5990.27,4.08,8,209,0,268,400,313,0,Free
12/5/2024 18:55:12,22.75,5991.44,4.08,8,209,0,269,2,313,0,Free
12/5/2024 18:55:14,22.75,5992.32,4.08,8,209,0,270,259,313,0,Free
12/5/2024 18:55:14,22.75,5992.96,4.08,8,209,0,271,18,313,0,Free
12/5/2024 18:55:16,22.75,5993.87,4.07,8,209,0,272,300,313,0,Free
12/5/2024 18:55:18,22.75,5994.49,4.08,8,210,0,272,0,313,0,Free
12/5/2024 18:55:21,22.75,5995.41,4.08,8,210,0,273,301,313,0,Free
12/5/2024 18:55:24,22.75,5996.02,4.08,8,211,0,273,0,313,0,Free
12/5/2024 18:55:28,22.75,5997.16,4.08,8,211,0,274,525,313,0,Free
12/5/2024 18:57:02,22.75,6001.97,4.07,8,211,0,274,0,314,0,Free
12/5/2024 18:59:49,22.75,6010.51,4.08,8,211,0,275,367,314,0,Free
12/5/2024 18:59:59,22.75,6011.40,4.08,8,211,0,275,0,315,0,Free
12/5/2024 19:00:00,22.75,6012.02,4.08,8,211,0,275,0,316,0,Free
12/5/2024 19:00:01,22.75,6012.64,4.07,8,211,0,275,0,317,0,Free
12/5/2024 19:00:06,22.75,6013.25,4.08,8,211,0,275,0,318,0,Free
12/5/2024 19:00:15,22.75,6014.15,4.08,8,211,0,276,0,318,0,Free
12/5/2024 19:09:13,22.75,6039.80,4.08,8,211,0,277,151,318,0,Free
12/5/2024 19:09:15,22.75,6040.62,4.08,8,211,0,278,210,318,0,Free
12/5/2024 19:09:37,22.50,6052.51,4.08,8,211,0,278,0,318,0,Free
12/5/2024 19:09:43,22.50,6053.13,4.08,8,211,0,279,0,318,0,Free
12/5/2024 19:09:49,22.50,6054.00,4.08,8,211,0,280,251,318,0,Free
12/5/2024 19:12:04,22.50,6060.77,4.08,8,211,0,281,0,318,0,Free
12/5/2024 19:12:36,22.75,6062.78,4.08,8,211,0,282,0,318,0,Free
12/5/2024 19:12:44,22.75,6063.81,4.08,8,211,0,283,134,318,0,Free
12/5/2024 19:14:02,22.75,6068.06,4.08,8,211,0,283,0,319,0,Free
12/5/2024 19:15:15,22.75,6072.03,4.08,8,211,0,284,0,319,0,Free
12/5/2024 19:20:47,22.50,6088.80,4.07,8,211,0,285,774,319,0,Free
12/5/2024 19:20:53,22.50,6091.48,4.08,8,211,0,286,2062,319,0,Free
12/5/2024 19:21:12,22.50,6092.93,4.08,8,211,0,287,0,319,0,Free
12/5/2024 19:21:13,22.50,6093.66,4.08,8,211,0,288,110,319,0,Free
12/5/2024 19:21:16,22.50,6095.42,4.08,8,211,0,289,1150,319,0,Free
12/5/2024 19:21:17,22.50,6096.07,4.07,8,211,0,290,35,319,0,Free
12/5/2024 19:21:21,22.50,6096.69,4.08,8,211,0,291,0,319,0,Free
12/5/2024 19:21:24,22.50,6097.56,4.07,8,211,0,292,251,319,0,Free
12/5/2024 19:26:59,22.50,6123.98,4.08,8,211,0,292,0,319,0,Free
12/5/2024 19:27:13,22.50,6125.47,4.08,8,211,0,293,309,319,0,Free
12/5/2024 19:27:20,22.50,6129.24,4.08,8,211,0,294,3157,319,0,Free
12/5/2024 19:27:23,22.50,6129.95,4.07,8,211,0,295,93,319,0,Free
12/5/2024 19:27:34,22.50,6134.27,4.07,8,211,0,296,3418,319,0,Free
12/5/2024 19:27:36,22.50,6134.99,4.07,8,211,0,297,110,319,0,Free
12/5/2024 19:27:39,22.50,6135.82,4.08,8,211,0,298,210,319,0,Free
12/5/2024 19:27:40,22.50,6136.82,4.07,8,211,0,299,384,319,0,Free
12/5/2024 19:27:41,22.50,6137.74,4.07,8,211,0,300,309,319,0,Free
12/5/2024 19:27:43,22.50,6138.69,4.07,8,211,0,301,334,319,0,Free
12/5/2024 19:27:44,22.50,6139.31,4.08,8,211,0,302,0,319,0,Free
12/5/2024 19:27:45,22.50,6140.36,4.08,8,211,0,303,434,319,0,Free
12/5/2024 19:27:50,22.50,6141.44,4.07,8,211,0,304,459,319,0,Free
12/5/2024 19:28:00,22.50,6142.33,4.07,8,212,0,304,0,319,0,Free
12/5/2024 19:28:04,22.50,6143.25,4.07,8,212,0,305,300,319,0,Free
12/5/2024 19:28:13,22.50,6144.15,4.07,8,212,0,305,0,320,0,Free
12/5/2024 19:28:21,22.50,6145.05,4.08,8,212,0,306,0,320,0,Free
12/5/2024 19:28:21,22.50,6145.38,4.08,8,212,0,306,0,321,0,Free
12/5/2024 19:28:27,22.50,6150.83,4.08,8,212,0,307,4829,321,0,Free
12/5/2024 19:28:27,22.50,6151.17,4.07,8,212,0,307,0,322,0,Free
12/5/2024 19:28:32,22.50,6151.78,4.08,8,212,0,307,0,323,0,Free
12/5/2024 19:28:38,22.75,6152.40,4.07,8,213,0,307,0,323,0,Free
12/5/2024 19:28:44,22.75,6153.46,4.08,8,213,0,308,442,323,0,Free
12/5/2024 19:29:58,22.75,6157.43,4.08,8,213,0,309,0,323,0,Free
12/5/2024 19:30:14,22.75,6163.77,4.07,8,213,0,310,5447,323,0,Free
12/5/2024 19:30:15,22.75,6164.39,4.08,8,213,0,311,0,323,0,Free
12/5/2024 19:30:16,22.75,6165.03,4.08,8,213,0,312,27,323,0,Free
12/5/2024 19:30:17,22.75,6165.75,4.08,8,213,0,313,102,323,0,Free
12/5/2024 19:30:18,22.75,6166.52,4.08,8,213,0,314,159,323,0,Free
12/5/2024 19:38:57,22.50,6191.18,4.08,8,214,0,314,0,323,0,Free
12/5/2024 19:40:03,22.50,6195.22,4.07,8,214,0,315,351,323,0,Free
12/5/2024 19:40:04,22.50,6195.90,4.08,8,214,0,316,60,323,0,Free
12/5/2024 19:40:43,22.50,6198.19,4.07,8,214,0,316,0,324,0,Free
12/5/2024 19:40:45,22.50,6198.81,4.08,8,214,0,316,0,325,0,Free
12/5/2024 19:40:47,22.50,6199.43,4.08,8,214,0,316,0,326,0,Free
12/5/2024 19:40:48,22.50,6200.04,4.08,8,214,0,316,0,327,0,Free
12/5/2024 19:40:53,22.50,6200.66,4.07,8,214,0,316,0,328,0,Free
12/5/2024 19:41:00,22.50,6201.56,4.08,8,214,0,316,0,329,0,Free
12/5/2024 19:41:01,22.50,6202.17,4.08,8,214,0,316,0,330,0,Free
12/5/2024 19:41:10,22.50,6203.07,4.07,8,215,0,316,0,330,0,Free
12/5/2024 19:41:15,22.50,6203.69,4.07,8,216,0,316,0,330,0,Free
12/5/2024 19:41:34,22.75,6205.15,4.07,8,216,0,316,0,331,0,Free
12/5/2024 19:41:44,22.75,6206.04,4.08,8,216,0,316,0,332,0,Free
12/5/2024 19:41:45,22.75,6206.66,4.08,8,216,0,316,0,333,0,Free
12/5/2024 19:41:46,22.75,6207.27,4.07,8,216,0,316,0,334,0,Free
12/5/2024 19:42:20,22.75,6209.34,4.08,8,216,0,317,51,334,0,Free
12/5/2024 19:42:25,22.75,6210.07,4.08,8,216,0,318,119,334,0,Free
12/5/2024 19:42:54,23.00,6222.24,4.07,8,216,0,318,0,334,0,Free
12/5/2024 19:43:34,23.00,6224.54,4.08,8,216,0,318,0,335,0,Free
12/5/2024 19:51:54,22.75,6248.66,4.08,8,216,0,319,302,335,0,Free
12/5/2024 19:52:11,22.75,6249.83,4.07,8,216,0,320,0,335,0,Free
12/5/2024 19:52:13,22.75,6250.45,4.08,8,216,0,321,0,335,0,Free
12/5/2024 19:52:16,22.75,6251.06,4.07,8,216,0,322,0,335,0,Free
12/5/2024 19:52:39,22.75,6252.52,4.08,8,216,0,323,0,335,0,Free
12/5/2024 19:52:40,22.75,6253.40,4.08,8,216,0,324,269,335,0,Free
12/5/2024 19:52:41,22.75,6254.09,4.08,8,216,0,325,68,335,0,Free
12/5/2024 19:52:42,22.75,6255.02,4.08,8,216,0,326,318,335,0,Free
12/5/2024 19:52:48,22.75,6259.48,4.07,8,216,0,327,3839,335,0,Free
12/5/2024 19:52:58,22.75,6269.18,4.08,8,216,0,328,9082,335,0,Free
12/5/2024 19:53:03,22.75,6269.95,4.08,8,216,0,329,159,335,0,Free
12/5/2024 19:53:04,22.75,6270.76,4.08,8,216,0,330,193,335,0,Free
12/5/2024 19:53:15,22.75,6271.65,4.08,8,216,0,331,0,335,0,Free
12/5/2024 19:53:22,22.75,6272.55,4.08,8,216,0,332,0,335,0,Free
12/5/2024 19:53:26,22.75,6273.17,4.07,8,216,0,333,0,335,0,Free
12/5/2024 19:54:38,22.75,6276.86,4.08,8,216,0,334,0,335,0,Free
12/5/2024 19:54:54,22.75,6278.04,4.07,8,217,0,334,0,335,0,Free
12/5/2024 19:55:12,22.75,6279.49,4.08,8,218,0,334,0,335,0,Free
12/5/2024 19:55:16,22.75,6280.11,4.07,8,219,0,334,0,335,0,Free
12/5/2024 19:55:16,22.75,6280.73,4.08,8,220,0,334,0,335,0,Free
12/5/2024 19:55:18,22.75,6281.35,4.07,8,221,0,334,0,335,0,Free
12/5/2024 19:57:55,22.75,6289.29,4.07,8,221,0,335,60,335,0,Free
12/5/2024 19:58:05,22.75,6290.19,4.07,8,222,0,335,0,335,0,Free
12/5/2024 19:58:07,22.75,6290.81,4.07,8,223,0,335,0,335,0,Free
12/5/2024 19:58:37,22.75,6292.54,4.07,8,223,0,336,0,335,0,Free
12/5/2024 19:58:38,22.75,6293.15,4.08,8,223,0,337,0,335,0,Free
12/5/2024 19:58:45,22.75,6299.10,4.07,8,223,0,338,5327,335,0,Free
12/5/2024 19:58:45,22.75,6299.71,4.07,8,223,0,339,0,335,0,Free
12/5/2024 19:59:44,22.75,6313.28,4.07,8,223,0,339,0,335,0,Free
12/5/2024 19:59:48,22.75,6313.90,4.08,8,223,0,340,0,335,0,Free
12/5/2024 19:59:51,22.75,6314.51,4.08,8,223,0,341,0,335,0,Free
12/5/2024 19:59:53,22.75,6316.20,4.07,8,223,0,342,1074,335,0,Free
12/5/2024 20:00:17,22.75,6317.94,4.07,8,223,0,343,0,335,0,Free
12/5/2024 20:00:19,22.75,6319.15,4.07,8,223,0,344,592,335,0,Free
12/5/2024 20:00:20,22.75,6319.79,4.08,8,223,0,345,27,335,0,Free
12/5/2024 20:00:23,22.75,6320.41,4.08,8,223,0,346,0,335,0,Free
12/5/2024 20:00:24,22.75,6321.02,4.07,8,223,0,347,0,335,0,Free
12/5/2024 20:00:26,22.75,6321.72,4.07,8,223,0,348,84,335,0,Free
12/5/2024 20:00:35,22.75,6322.62,4.07,8,224,0,348,0,335,0,Free
12/5/2024 20:04:38,22.75,6334.42,4.08,8,224,0,348,0,336,0,Free
12/5/2024 20:04:39,22.75,6335.04,4.07,8,224,0,348,0,337,0,Free
12/5/2024 20:04:41,22.75,6335.65,4.08,8,224,0,348,0,338,0,Free
12/5/2024 20:04:43,22.75,6336.27,4.07,8,224,0,348,0,339,0,Free
12/5/2024 20:12:32,22.50,6358.86,4.07,8,224,0,349,168,339,0,Free
12/5/2024 20:12:34,22.50,6359.47,4.08,8,224,0,349,0,340,0,Free
12/5/2024 20:12:34,22.50,6360.09,4.08,8,225,0,349,0,340,0,Free
12/5/2024 20:12:37,22.50,6360.72,4.07,8,225,0,349,0,341,0,Free
12/5/2024 20:12:44,22.50,6361.61,4.08,8,225,0,349,0,342,0,Free
12/5/2024 20:12:56,22.50,6363.01,4.08,8,225,0,350,501,342,0,Free
12/5/2024 20:12:57,22.50,6363.70,4.07,8,225,0,351,76,342,0,Free
12/5/2024 20:12:58,22.50,6364.93,4.07,8,225,0,352,610,342,0,Free
12/5/2024 20:13:15,22.50,6366.48,4.08,8,225,0,353,376,342,0,Free
12/5/2024 20:13:35,22.75,6367.93,4.08,8,226,0,353,0,342,0,Free
12/5/2024 20:13:48,22.75,6369.11,4.07,8,226,0,353,0,343,0,Free
12/5/2024 20:13:49,22.75,6369.73,4.07,8,226,0,353,0,344,0,Free
12/5/2024 20:14:00,22.75,6375.79,4.08,8,226,0,353,0,345,5446,Free
12/5/2024 20:14:01,22.75,6376.12,4.07,8,227,0,353,0,345,0,Free
12/5/2024 20:14:06,22.75,6376.74,4.07,8,227,0,353,0,346,0,Free
12/5/2024 20:14:08,22.75,6377.36,4.07,8,228,0,353,0,346,0,Free
12/5/2024 20:14:14,22.75,6377.97,4.08,8,229,0,353,0,346,0,Free
12/5/2024 20:14:17,22.75,6378.59,4.07,8,229,0,353,0,347,0,Free
12/5/2024 20:14:24,22.75,6379.48,4.07,8,229,0,353,0,348,0,Free
12/5/2024 20:14:34,22.75,6380.38,4.08,8,229,0,353,0,349,0,Free
12/5/2024 20:14:36,22.75,6381.00,4.07,8,229,0,353,0,350,0,Free
12/5/2024 20:14:42,22.75,6381.61,4.08,8,229,0,353,0,351,0,Free
12/5/2024 20:14:43,22.75,6382.23,4.07,8,229,0,353,0,352,0,Free
12/5/2024 20:14:46,22.75,6382.85,4.07,8,229,0,353,0,353,0,Free
12/5/2024 20:14:46,22.75,6383.46,4.08,8,229,0,353,0,354,0,Free
12/5/2024 20:14:51,22.75,6384.08,4.07,8,229,0,353,0,355,0,Free
12/5/2024 20:14:52,22.75,6384.69,4.07,8,229,0,353,0,356,0,Free
12/5/2024 20:14:53,22.75,6385.31,4.08,8,229,0,353,0,357,0,Free
12/5/2024 20:14:55,22.75,6385.93,4.07,8,229,0,353,0,358,0,Free
12/5/2024 20:15:00,22.75,6386.55,4.07,8,229,0,353,0,359,0,Free
12/5/2024 20:15:10,22.75,6387.51,4.07,8,229,0,354,60,359,0,Free
12/5/2024 20:15:14,22.75,6389.82,4.08,8,229,0,355,1697,359,0,Free
12/5/2024 20:15:26,22.75,6401.15,4.08,8,229,0,355,0,359,0,Free
12/5/2024 20:15:31,23.25,6401.77,4.07,8,229,0,356,0,359,0,Free
12/5/2024 20:15:44,23.25,6402.94,4.08,8,229,0,357,0,359,0,Free
12/5/2024 20:15:49,23.25,6403.57,4.07,8,229,0,358,0,359,0,Free
12/5/2024 20:15:54,23.25,6404.18,4.07,8,230,0,358,0,359,0,Free
12/5/2024 20:15:59,23.25,6404.80,4.08,8,230,0,359,0,359,0,Free
12/5/2024 20:16:00,23.25,6405.13,4.07,8,230,0,359,0,360,0,Free
12/5/2024 20:16:00,23.25,6405.75,4.07,8,230,0,359,0,361,0,Free
12/5/2024 20:16:07,23.25,6406.65,4.08,8,230,0,359,0,362,0,Free
12/5/2024 20:16:21,23.25,6408.03,4.08,8,230,0,360,210,362,0,Free
12/5/2024 20:17:11,23.50,6410.88,4.07,8,230,0,360,0,363,0,Free
12/5/2024 20:18:00,23.50,6415.45,4.08,8,230,0,361,1988,363,0,Free
12/5/2024 20:18:07,23.50,6416.34,4.08,8,230,0,362,0,363,0,Free
12/5/2024 20:19:47,23.25,6421.43,4.07,8,230,0,362,0,364,0,Free
12/5/2024 20:19:48,23.25,6422.05,4.08,8,230,0,362,0,365,0,Free
12/5/2024 20:19:50,23.25,6422.66,4.08,8,230,0,362,0,366,0,Free
12/5/2024 20:19:51,23.25,6423.28,4.07,8,230,0,362,0,367,0,Free
12/5/2024 20:31:43,22.75,6456.88,4.07,8,230,0,362,0,368,0,Free
12/5/2024 20:32:07,22.75,6458.34,4.08,8,230,0,362,0,369,0,Free
12/5/2024 20:32:11,22.75,6458.96,4.07,8,230,0,362,0,370,0,Free
12/5/2024 20:32:13,22.75,6459.57,4.07,8,230,0,362,0,371,0,Free
12/5/2024 20:32:14,22.75,6460.19,4.07,8,230,0,362,0,372,0,Free
12/5/2024 20:32:25,22.75,6461.08,4.08,8,230,0,363,0,372,0,Free
12/5/2024 20:32:37,22.75,6472.41,4.08,8,230,0,363,0,372,0,Free
12/5/2024 20:32:50,22.75,6473.60,4.07,8,230,0,364,0,372,0,Free
12/5/2024 20:32:57,22.75,6474.49,4.07,8,231,0,364,0,372,0,Free
12/5/2024 20:32:59,22.75,6475.11,4.07,8,232,0,364,0,372,0,Free
12/5/2024 20:33:03,22.75,6475.73,4.08,8,232,0,365,0,372,0,Free
12/5/2024 20:33:05,22.75,6476.34,4.08,8,232,0,366,0,372,0,Free
12/5/2024 20:33:11,22.75,6477.21,4.07,8,232,0,367,251,372,0,Free
12/5/2024 20:33:12,22.75,6477.83,4.07,8,232,0,368,0,372,0,Free
12/5/2024 20:33:20,22.75,6478.73,4.08,8,232,0,369,11,372,0,Free
12/5/2024 20:33:32,22.75,6479.67,4.07,8,232,0,370,40,372,0,Free
12/5/2024 20:33:43,22.75,6480.71,4.08,8,232,0,371,143,372,0,Free
12/5/2024 20:40:35,22.50,6504.30,4.07,8,232,0,372,3965,372,0,Free
12/5/2024 20:40:44,22.50,6505.19,4.07,8,232,0,373,0,372,0,Free
12/5/2024 20:40:53,22.50,6506.09,4.08,8,233,0,373,0,372,0,Free
12/5/2024 20:44:18,22.50,6516.21,4.07,8,233,0,373,0,373,0,Free
12/5/2024 20:44:52,22.50,6518.23,4.07,8,233,0,373,0,374,0,Free
12/5/2024 20:45:30,22.50,6520.52,4.07,8,233,0,373,0,375,0,Free
12/5/2024 20:47:48,22.50,6527.57,4.07,8,233,0,374,10,375,0,Free
12/5/2024 20:47:49,22.50,6528.27,4.07,8,233,0,375,84,375,0,Free
12/5/2024 20:48:48,22.75,6531.76,4.07,8,233,0,376,351,375,0,Free
12/5/2024 20:48:49,22.75,6532.38,4.07,8,233,0,377,0,375,0,Free
12/5/2024 20:49:09,22.75,6533.84,4.07,8,233,0,378,10,375,0,Free
12/5/2024 20:49:10,22.75,6534.46,4.07,8,233,0,379,2,375,0,Free
12/5/2024 20:49:11,22.75,6535.07,4.07,8,233,0,380,0,375,0,Free
12/5/2024 20:49:28,22.75,6546.68,4.07,8,233,0,380,0,375,0,Free
12/5/2024 20:49:33,22.75,6548.40,4.07,8,233,0,381,1100,375,0,Free
12/5/2024 20:49:34,22.75,6548.73,4.07,8,233,0,381,0,376,0,Free
12/5/2024 20:49:34,22.75,6549.08,4.07,8,234,0,381,0,376,0,Free
12/5/2024 20:49:46,22.75,6549.98,4.07,8,235,0,381,0,376,0,Free
12/5/2024 20:49:55,22.75,6550.87,4.07,8,235,0,382,0,376,0,Free
12/5/2024 20:50:01,22.75,6551.92,4.07,8,235,0,383,426,376,0,Free
12/5/2024 20:50:02,22.75,6552.53,4.07,8,235,0,384,0,376,0,Free
12/5/2024 20:50:04,22.75,6553.56,4.07,8,235,0,385,418,376,0,Free
12/5/2024 20:50:15,22.75,6554.46,4.07,8,236,0,385,0,376,0,Free
12/5/2024 20:50:32,22.75,6555.64,4.07,8,236,0,385,0,377,0,Free
12/5/2024 21:00:50,22.50,6585.05,4.08,8,236,0,386,0,377,0,Free
12/5/2024 21:00:52,22.50,6585.67,4.08,8,236,0,387,0,377,0,Free
12/5/2024 21:00:58,22.50,6586.76,4.08,8,236,0,388,475,377,0,Free
12/5/2024 21:01:05,22.50,6587.65,4.07,8,237,0,388,0,377,0,Free
12/5/2024 21:01:08,22.50,6588.27,4.07,8,237,0,388,0,378,0,Free
12/5/2024 21:01:13,22.50,6588.88,4.07,8,238,0,388,0,378,0,Free
12/5/2024 21:01:22,22.50,6589.78,4.07,8,238,0,388,0,379,0,Free
12/5/2024 21:07:02,22.50,6616.48,4.07,8,238,0,388,0,379,0,Free
12/5/2024 21:08:06,22.50,6620.51,4.07,8,238,0,389,607,379,0,Free
12/5/2024 21:08:17,22.50,6621.47,4.07,8,238,0,390,68,379,0,Free
12/5/2024 21:08:20,22.50,6622.09,4.07,8,239,0,390,0,379,0,Free
12/5/2024 21:08:23,22.50,6622.70,4.07,8,240,0,390,0,379,0,Free
12/5/2024 21:08:24,22.50,6623.32,4.07,8,241,0,390,0,379,0,Free
12/5/2024 21:09:12,22.50,6628.17,4.07,8,241,0,391,2278,379,0,Free
12/5/2024 21:09:16,22.50,6628.78,4.07,8,241,0,392,0,379,0,Free
12/5/2024 21:09:39,22.50,6630.24,4.08,8,241,0,393,0,379,0,Free
12/5/2024 21:10:04,22.75,6631.97,4.07,8,242,0,393,0,379,0,Free
12/5/2024 21:10:05,22.75,6632.59,4.07,8,243,0,393,0,379,0,Free
12/5/2024 21:17:53,22.50,6654.73,4.07,8,243,0,394,0,379,0,Free
12/5/2024 21:24:46,22.50,6684.79,4.07,8,243,0,394,0,379,0,Free
12/5/2024 21:42:57,22.50,6746.44,4.08,8,243,0,394,0,379,0,Free
12/5/2024 22:01:08,22.25,6808.09,4.07,8,243,0,394,0,379,0,Free
12/5/2024 22:19:19,22.25,6869.74,4.07,8,243,0,394,0,379,0,Free
12/5/2024 22:37:30,22.25,6931.39,4.07,8,243,0,394,0,379,0,Free
12/5/2024 22:55:41,22.25,6993.04,4.07,8,243,0,394,0,379,0,Free
12/5/2024 23:13:52,22.25,7054.68,4.07,8,243,0,394,0,379,0,Free
12/5/2024 23:32:03,22.25,7116.33,4.07,8,243,0,394,0,379,0,Free
12/5/2024 23:38:50,22.25,7135.68,4.07,8,243,0,394,0,380,0,Free
12/5/2024 23:38:50,22.25,7136.29,4.07,8,243,0,394,0,381,0,Free
12/5/2024 23:38:55,22.25,7136.91,4.07,8,243,0,394,0,382,0,Free
12/5/2024 23:38:55,22.25,7137.53,4.07,8,243,0,394,0,383,0,Free
12/5/2024 23:39:10,22.25,7138.70,4.07,8,243,0,394,0,384,0,Free
12/5/2024 23:39:12,22.25,7139.32,4.07,8,243,0,394,0,385,0,Free
12/5/2024 23:39:13,22.25,7139.94,4.07,8,243,0,394,0,386,0,Free
12/5/2024 23:39:23,22.25,7140.83,4.07,8,243,0,394,0,387,0,Free
12/5/2024 23:39:28,22.25,7141.45,4.07,8,243,0,394,0,388,0,Free
12/5/2024 23:39:29,22.25,7142.06,4.07,8,243,0,394,0,389,0,Free
12/5/2024 23:39:51,22.25,7143.52,4.07,8,243,0,394,0,390,0,Free
12/5/2024 23:39:56,22.25,7144.28,4.07,8,243,0,395,142,390,0,Free
12/5/2024 23:40:56,22.25,7148.39,4.07,8,243,0,396,982,390,0,Free
12/5/2024 23:41:06,22.25,7149.29,4.07,8,243,0,397,0,390,0,Free
12/5/2024 23:46:59,22.25,7166.47,4.07,8,243,0,398,351,390,0,Free
12/5/2024 23:47:25,22.25,7168.20,4.07,8,244,0,398,0,390,0,Free
12/5/2024 23:47:28,22.25,7168.82,4.07,8,245,0,398,0,390,0,Free
12/5/2024 23:47:31,22.25,7169.43,4.07,8,245,0,398,0,391,0,Free
12/5/2024 23:47:45,22.25,7172.40,4.07,8,245,0,399,2066,391,0,Free
12/5/2024 23:47:46,22.50,7173.09,4.07,8,245,0,400,77,391,0,Free
12/5/2024 23:47:56,22.50,7173.99,4.07,8,245,0,400,0,392,0,Free
12/5/2024 23:48:16,22.50,7175.48,4.07,8,245,0,401,27,392,0,Free
12/5/2024 23:48:18,22.50,7176.09,4.07,8,245,0,402,0,392,0,Free
12/5/2024 23:48:30,22.50,7177.27,4.07,8,246,0,402,0,392,0,Free
12/5/2024 23:48:46,22.50,7178.44,4.07,8,247,0,402,0,392,0,Free
12/5/2024 23:48:49,22.50,7179.06,4.07,8,247,0,402,0,393,0,Free
12/5/2024 23:49:01,22.50,7190.39,4.07,8,247,0,402,0,393,0,Free
12/5/2024 23:49:07,22.50,7191.00,4.07,8,247,0,402,0,394,0,Free
12/5/2024 23:49:07,22.50,7191.34,4.07,8,248,0,402,0,394,0,Free
12/5/2024 23:49:16,22.50,7192.24,4.07,8,248,0,403,0,394,0,Free
12/5/2024 23:50:20,22.75,7195.65,4.07,8,248,0,404,0,394,0,Free
12/5/2024 23:50:21,22.75,7196.33,4.07,8,248,0,405,61,394,0,Free
12/5/2024 23:51:29,22.75,7200.02,4.07,8,248,0,406,0,394,0,Free
12/5/2024 23:59:22,22.50,7222.44,4.07,8,249,0,406,0,394,0,Free
12/5/2024 23:59:25,22.50,7223.06,4.07,8,249,0,407,0,394,0,Free
12/5/2024 23:59:28,22.50,7225.15,4.07,8,249,0,408,1474,394,0,Free
12/5/2024 23:59:31,22.50,7225.76,4.07,8,250,0,408,0,394,0,Free
12/5/2024 23:59:33,22.50,7226.38,4.07,8,251,0,408,0,394,0,Free
12/5/2024 23:59:40,22.50,7228.04,4.07,8,251,0,409,1042,394,0,Free
12/6/2024 0:02:52,22.50,7237.32,4.07,8,251,0,409,0,395,0,Free
12/6/2024 0:03:04,22.50,7238.42,4.07,8,251,0,410,201,395,0,Free
12/6/2024 0:03:05,22.50,7239.04,4.07,8,251,0,411,0,395,0,Free
12/6/2024 0:03:13,22.50,7239.93,4.07,8,252,0,411,0,395,0,Free
12/6/2024 0:03:16,22.50,7240.55,4.07,8,252,0,412,0,395,0,Free
12/6/2024 0:03:23,22.50,7241.44,4.07,8,252,0,412,0,396,0,Free
12/6/2024 0:03:24,22.50,7242.06,4.07,8,252,0,412,0,397,0,Free
12/6/2024 0:03:31,22.50,7242.96,4.07,8,252,0,412,0,398,0,Free
12/6/2024 0:03:32,22.50,7243.30,4.07,8,253,0,412,0,398,0,Free
12/6/2024 0:03:39,22.50,7244.20,4.07,8,254,0,412,0,398,0,Free
12/6/2024 0:03:40,22.50,7244.81,4.07,8,254,0,412,0,399,0,Free
12/6/2024 0:03:50,22.50,7245.71,4.07,8,254,0,412,0,400,0,Free
12/6/2024 0:04:05,22.50,7246.88,4.07,8,255,0,412,0,400,0,Free
12/6/2024 0:04:06,22.50,7247.50,4.07,8,255,0,412,0,401,0,Free
12/6/2024 0:04:16,22.50,7248.40,4.07,8,255,0,412,0,402,0,Free
12/6/2024 0:04:35,22.50,7249.89,4.07,8,255,0,413,35,402,0,Free
12/6/2024 0:04:36,22.50,7250.90,4.07,8,255,0,414,401,402,0,Free
12/6/2024 0:05:47,22.75,7265.03,4.07,8,255,0,414,0,402,0,Free
12/6/2024 0:06:12,22.75,7266.76,4.07,8,255,0,414,0,403,0,Free
12/6/2024 0:06:30,22.75,7267.94,4.07,8,255,0,414,0,404,0,Free
12/6/2024 0:06:32,22.75,7268.55,4.07,8,255,0,414,0,405,0,Free
12/6/2024 0:06:32,22.75,7269.17,4.07,8,255,0,414,0,406,0,Free
12/6/2024 0:06:39,22.75,7270.07,4.07,8,255,0,414,0,407,0,Free
12/6/2024 0:06:46,22.75,7270.96,4.07,8,255,0,414,0,408,0,Free
12/6/2024 0:06:47,22.75,7271.58,4.07,8,255,0,414,0,409,0,Free
12/6/2024 0:06:52,22.75,7272.20,4.07,8,255,0,414,0,410,0,Free
12/6/2024 0:06:53,22.75,7272.81,4.07,8,255,0,414,0,411,0,Free
12/6/2024 0:07:00,22.75,7273.71,4.07,8,255,0,414,0,412,0,Free
12/6/2024 0:07:02,22.75,7274.32,4.07,8,255,0,414,0,413,0,Free
12/6/2024 0:07:03,22.75,7274.94,4.07,8,255,0,414,0,414,0,Free
12/6/2024 0:07:04,22.75,7275.56,4.07,8,255,0,414,0,415,0,Free
12/6/2024 0:07:12,22.75,7276.45,4.07,8,255,0,414,0,416,0,Free
12/6/2024 0:07:19,22.75,7277.35,4.07,8,255,0,414,0,417,0,Free
12/6/2024 0:07:21,22.75,7277.97,4.07,8,255,0,414,0,418,0,Free
12/6/2024 0:07:28,22.75,7278.87,4.07,8,255,0,414,0,419,0,Free
12/6/2024 0:07:28,22.75,7279.49,4.07,8,255,0,414,0,420,0,Free
12/6/2024 0:07:30,22.75,7280.10,4.07,8,255,0,414,0,421,0,Free
12/6/2024 0:07:36,22.75,7280.72,4.07,8,255,0,414,0,422,0,Free
12/6/2024 0:07:36,22.75,7281.34,4.07,8,255,0,414,0,423,0,Free
12/6/2024 0:07:38,22.75,7281.95,4.07,8,255,0,414,0,424,0,Free
12/6/2024 0:07:39,22.75,7282.57,4.07,8,255,0,414,0,425,0,Free
12/6/2024 0:07:40,22.75,7283.19,4.07,8,255,0,414,0,426,0,Free
12/6/2024 0:07:41,22.75,7283.80,4.07,8,255,0,414,0,427,0,Free
12/6/2024 0:07:46,22.75,7284.42,4.07,8,255,0,414,0,428,0,Free
12/6/2024 0:07:48,22.75,7285.03,4.07,8,255,0,414,0,429,0,Free
12/6/2024 0:07:50,22.75,7285.65,4.07,8,255,0,414,0,430,0,Free
12/6/2024 0:07:52,22.75,7286.27,4.07,8,255,0,414,0,431,0,Free
12/6/2024 0:08:24,22.75,7288.28,4.07,8,255,0,414,0,432,0,Free
12/6/2024 0:08:25,22.75,7288.90,4.07,8,255,0,414,0,433,0,Free
12/6/2024 0:08:26,22.75,7289.51,4.07,8,255,0,414,0,434,0,Free
12/6/2024 0:08:31,22.75,7290.13,4.07,8,255,0,414,0,435,0,Free
12/6/2024 0:08:34,22.75,7290.75,4.07,8,255,0,414,0,436,0,Free
12/6/2024 0:08:40,22.75,7291.36,4.07,8,255,0,414,0,437,0,Free
12/6/2024 0:08:48,22.75,7292.26,4.07,8,255,0,414,0,438,0,Free
12/6/2024 0:09:19,22.75,7294.27,4.07,8,255,0,414,0,439,0,Free
12/6/2024 0:09:23,22.75,7294.89,4.07,8,255,0,414,0,440,0,Free
12/6/2024 0:09:30,22.75,7295.79,4.07,8,255,0,414,0,441,0,Free
12/6/2024 0:09:31,22.75,7296.40,4.07,8,255,0,414,0,442,0,Free
12/6/2024 0:09:41,22.75,7297.30,4.07,8,255,0,414,0,443,0,Free
12/6/2024 0:09:47,22.75,7297.91,4.07,8,255,0,414,0,444,0,Free
12/6/2024 0:10:01,22.75,7299.09,4.07,8,255,0,414,0,445,0,Free
12/6/2024 0:10:05,22.75,7299.70,4.07,8,255,0,414,0,446,0,Free
12/6/2024 0:10:06,22.75,7300.33,4.07,8,255,0,414,0,447,0,Free
12/6/2024 0:10:12,22.75,7300.95,4.07,8,255,0,414,0,448,0,Free
12/6/2024 0:10:58,22.75,7303.52,4.07,8,255,0,414,0,449,0,Free
12/6/2024 0:11:01,22.75,7304.14,4.07,8,255,0,414,0,450,0,Free
12/6/2024 0:11:09,22.75,7305.03,4.07,8,255,0,414,0,451,0,Free
12/6/2024 0:15:03,22.75,7316.37,4.07,8,255,0,415,101,451,0,Free
12/6/2024 0:15:05,22.75,7317.35,4.07,8,255,0,416,369,451,0,Free
12/6/2024 0:15:31,22.75,7319.09,4.07,8,256,0,416,0,451,0,Free
12/6/2024 0:15:33,22.75,7319.70,4.07,8,257,0,416,0,451,0,Free
12/6/2024 0:15:49,22.75,7320.88,4.07,8,257,0,417,0,451,0,Free
12/6/2024 0:15:49,22.75,7321.50,4.07,8,257,0,418,0,451,0,Free
12/6/2024 0:15:51,22.75,7322.81,4.07,8,257,0,419,700,451,0,Free
12/6/2024 0:15:56,22.75,7323.43,4.07,8,257,0,420,0,451,0,Free
12/6/2024 0:16:00,22.75,7324.04,4.07,8,257,0,420,0,452,0,Free
12/6/2024 0:16:05,22.75,7324.70,4.07,8,257,0,421,43,452,0,Free
12/6/2024 0:16:06,22.75,7325.32,4.07,8,257,0,422,0,452,0,Free
12/6/2024 0:20:23,22.75,7348.11,4.07,8,257,0,422,0,452,0,Free
12/6/2024 0:20:59,22.75,7350.47,4.07,8,257,0,423,350,452,0,Free
12/6/2024 0:22:34,22.75,7355.28,4.07,8,257,0,423,0,453,0,Free
12/6/2024 0:22:37,22.75,7355.90,4.07,8,257,0,423,0,454,0,Free
12/6/2024 0:22:39,22.75,7356.51,4.07,8,257,0,423,0,455,0,Free
12/6/2024 0:22:42,22.75,7357.13,4.07,8,257,0,423,0,456,0,Free
12/6/2024 0:23:16,22.50,7359.14,4.07,8,257,0,423,0,457,0,Free
12/6/2024 0:23:17,22.50,7359.76,4.07,8,257,0,423,0,458,0,Free
12/6/2024 0:23:24,22.50,7360.65,4.07,8,257,0,423,0,459,0,Free
12/6/2024 0:23:25,22.50,7361.27,4.07,8,257,0,423,0,460,0,Free
12/6/2024 0:23:27,22.50,7361.89,4.07,8,257,0,423,0,461,0,Free
12/6/2024 0:25:16,22.50,7368.59,4.07,8,257,0,424,1323,461,0,Free
12/6/2024 0:25:43,22.50,7371.43,4.07,8,257,0,425,1099,461,0,Free
12/6/2024 0:25:45,22.50,7372.14,4.07,8,257,0,426,102,461,0,Free
12/6/2024 0:26:00,22.50,7373.32,4.07,8,257,0,427,0,461,0,Free
12/6/2024 0:26:00,22.50,7373.93,4.07,8,257,0,428,0,461,0,Free
12/6/2024 0:26:05,22.50,7374.55,4.07,8,258,0,428,0,461,0,Free
12/6/2024 0:26:09,22.50,7375.18,4.07,8,258,0,429,10,461,0,Free
12/6/2024 0:26:40,22.50,7377.19,4.07,8,258,0,429,0,462,0,Free
12/6/2024 0:26:44,22.50,7377.81,4.07,8,258,0,429,0,463,0,Free
12/6/2024 0:27:52,22.50,7381.50,4.07,8,258,0,430,0,463,0,Free
12/6/2024 0:28:12,22.50,7382.95,4.07,8,258,0,431,0,463,0,Free
12/6/2024 0:28:51,22.50,7385.25,4.07,8,258,0,432,0,463,0,Free
12/6/2024 0:28:53,22.50,7385.86,4.07,8,258,0,433,0,463,0,Free
12/6/2024 0:29:27,22.50,7387.88,4.07,8,258,0,434,0,463,0,Free
12/6/2024 0:29:39,22.50,7388.77,4.07,8,258,0,435,0,463,0,Free
12/6/2024 0:29:44,22.50,7389.39,4.07,8,258,0,436,1,463,0,Free
12/6/2024 0:30:00,22.50,7390.57,4.07,8,259,0,436,0,463,0,Free
12/6/2024 0:30:12,22.50,7391.46,4.07,8,259,0,437,0,463,0,Free
12/6/2024 0:31:53,22.50,7396.55,4.07,8,259,0,437,0,464,0,Free
12/6/2024 0:31:54,22.50,7397.17,4.07,8,259,0,437,0,465,0,Free
12/6/2024 0:31:54,22.50,7397.78,4.07,8,259,0,437,0,466,0,Free
12/6/2024 0:31:57,22.50,7398.40,4.07,8,259,0,437,0,467,0,Free
12/6/2024 0:32:00,22.50,7399.02,4.07,8,259,0,437,0,468,0,Free
12/6/2024 0:32:05,22.50,7399.64,4.07,8,259,0,437,0,469,0,Free
12/6/2024 0:32:06,22.50,7400.25,4.07,8,259,0,437,0,470,0,Free
12/6/2024 0:32:09,22.50,7400.87,4.07,8,259,0,437,0,471,0,Free
12/6/2024 0:32:11,22.50,7401.48,4.07,8,259,0,437,0,472,0,Free
12/6/2024 0:32:13,22.50,7402.11,4.06,8,259,0,437,0,473,0,Free
12/6/2024 0:32:16,22.50,7402.72,4.07,8,259,0,437,0,474,0,Free
12/6/2024 0:32:20,22.50,7403.34,4.07,8,259,0,437,0,475,0,Free
12/6/2024 0:32:23,22.50,7403.96,4.07,8,259,0,437,0,476,0,Free
12/6/2024 0:32:25,22.50,7404.57,4.07,8,259,0,437,0,477,0,Free
12/6/2024 0:32:29,22.50,7405.19,4.07,8,259,0,437,0,478,0,Free
12/6/2024 0:32:36,22.50,7406.09,4.07,8,259,0,437,0,479,0,Free
12/6/2024 0:32:40,22.50,7406.70,4.07,8,259,0,437,0,480,0,Free
12/6/2024 0:32:41,22.50,7407.32,4.07,8,259,0,437,0,481,0,Free
12/6/2024 0:33:02,22.50,7408.77,4.07,8,259,0,437,0,482,0,Free
12/6/2024 0:33:04,22.50,7409.39,4.07,8,259,0,437,0,483,0,Free
12/6/2024 0:33:07,22.50,7410.01,4.07,8,259,0,437,0,484,0,Free
12/6/2024 0:33:09,22.50,7410.62,4.07,8,259,0,437,0,485,0,Free
12/6/2024 0:33:13,22.50,7411.24,4.07,8,259,0,437,0,486,0,Free
12/6/2024 0:33:17,22.50,7411.85,4.07,8,259,0,437,0,487,0,Free
12/6/2024 0:33:17,22.50,7412.47,4.07,8,259,0,437,0,488,0,Free
12/6/2024 0:33:24,22.50,7413.37,4.07,8,259,0,437,0,489,0,Free
12/6/2024 0:33:25,22.50,7413.98,4.07,8,259,0,437,0,490,0,Free
12/6/2024 0:33:26,22.50,7414.60,4.07,8,259,0,437,0,491,0,Free
12/6/2024 0:33:26,22.50,7415.21,4.07,8,259,0,437,0,492,0,Free
12/6/2024 0:33:28,22.50,7415.83,4.07,8,259,0,437,0,493,0,Free
12/6/2024 0:33:28,22.50,7416.45,4.07,8,259,0,437,0,494,0,Free
12/6/2024 0:33:32,22.50,7417.06,4.07,8,259,0,437,0,495,0,Free
12/6/2024 0:33:50,22.50,7418.24,4.07,8,259,0,437,0,496,0,Free
12/6/2024 0:34:12,22.50,7419.69,4.07,8,259,0,437,0,497,0,Free
12/6/2024 0:34:13,22.50,7420.31,4.07,8,259,0,437,0,498,0,Free
12/6/2024 0:34:14,22.50,7420.93,4.07,8,259,0,437,0,499,0,Free
12/6/2024 0:34:15,22.50,7421.55,4.07,8,259,0,437,0,500,0,Free
12/6/2024 0:34:16,22.50,7422.17,4.07,8,259,0,437,0,501,0,Free
12/6/2024 0:34:36,22.50,7423.62,4.07,8,259,0,437,0,502,0,Free
12/6/2024 0:34:37,22.50,7424.24,4.07,8,259,0,437,0,503,0,Free
12/6/2024 0:34:49,22.50,7435.57,4.07,8,259,0,437,0,503,0,Free
12/6/2024 0:34:50,22.50,7436.18,4.07,8,259,0,437,0,504,0,Free
12/6/2024 0:34:53,22.50,7436.80,4.07,8,259,0,437,0,505,0,Free
12/6/2024 0:35:03,22.50,7437.69,4.07,8,259,0,437,0,506,0,Free
12/6/2024 0:35:05,22.50,7438.31,4.07,8,259,0,437,0,507,0,Free
12/6/2024 0:35:10,22.50,7438.93,4.07,8,259,0,437,0,508,0,Free
12/6/2024 0:35:15,22.50,7439.55,4.07,8,259,0,437,0,509,0,Free
12/6/2024 0:35:18,22.50,7440.16,4.07,8,259,0,437,0,510,0,Free
12/6/2024 0:35:33,22.50,7441.34,4.07,8,259,0,437,0,511,0,Free
12/6/2024 0:35:47,22.50,7442.51,4.07,8,259,0,437,0,512,0,Free
12/6/2024 0:35:51,22.50,7443.13,4.07,8,259,0,437,0,513,0,Free
12/6/2024 0:35:52,22.50,7443.74,4.07,8,259,0,437,0,514,0,Free
12/6/2024 0:35:54,22.50,7444.36,4.07,8,259,0,437,0,515,0,Free
12/6/2024 0:35:56,22.50,7444.98,4.07,8,259,0,437,0,516,0,Free
12/6/2024 0:36:04,22.50,7445.88,4.07,8,259,0,437,0,517,0,Free
12/6/2024 0:36:05,22.50,7446.49,4.07,8,259,0,437,0,518,0,Free
12/6/2024 0:36:07,22.50,7447.11,4.07,8,259,0,437,0,519,0,Free
12/6/2024 0:36:10,22.50,7447.72,4.07,8,259,0,437,0,520,0,Free
12/6/2024 0:36:11,22.50,7448.34,4.07,8,259,0,437,0,521,0,Free
12/6/2024 0:38:03,22.50,7453.99,4.07,8,259,0,438,0,521,0,Free
12/6/2024 0:38:07,22.50,7454.65,4.07,8,259,0,439,43,521,0,Free
12/6/2024 0:38:21,22.50,7456.66,4.07,8,259,0,440,832,521,0,Free
12/6/2024 0:38:30,22.50,7457.55,4.07,8,259,0,440,0,522,0,Free
12/6/2024 0:38:34,22.50,7458.18,4.07,8,259,0,440,0,523,0,Free
12/6/2024 0:38:42,22.50,7460.56,4.07,8,259,0,441,1483,523,0,Free
12/6/2024 0:38:43,22.50,7461.17,4.07,8,259,0,442,0,523,0,Free
12/6/2024 0:39:25,22.50,7463.46,4.07,8,259,0,442,0,524,0,Free
12/6/2024 0:39:31,22.50,7464.08,4.07,8,259,0,442,0,525,0,Free
12/6/2024 0:39:37,22.50,7464.70,4.07,8,259,0,442,0,526,0,Free
12/6/2024 0:39:40,22.50,7465.31,4.07,8,259,0,442,0,527,0,Free
12/6/2024 0:39:41,22.50,7465.93,4.07,8,259,0,442,0,528,0,Free
12/6/2024 0:39:44,22.50,7466.54,4.07,8,259,0,443,0,528,0,Free
12/6/2024 0:39:48,22.50,7467.16,4.07,8,259,0,443,0,529,0,Free
12/6/2024 0:39:50,22.50,7467.77,4.07,8,259,0,443,0,530,0,Free
12/6/2024 0:39:51,22.50,7468.39,4.07,8,259,0,443,0,531,0,Free
12/6/2024 0:39:55,22.50,7469.01,4.07,8,259,0,443,0,532,0,Free
12/6/2024 0:40:02,22.50,7470.02,4.07,8,259,0,444,118,532,0,Free
12/6/2024 0:42:22,22.75,7477.07,4.07,8,259,0,445,0,532,0,Free
12/6/2024 0:42:26,22.75,7477.97,4.07,8,259,0,446,285,532,0,Free
12/6/2024 0:42:38,22.75,7478.86,4.07,8,259,0,446,0,533,0,Free
12/6/2024 0:42:55,22.75,7480.32,4.07,8,259,0,446,0,534,0,Free
12/6/2024 0:42:58,22.75,7480.93,4.07,8,259,0,446,0,535,0,Free
12/6/2024 0:43:20,23.00,7482.39,4.07,8,259,0,446,0,536,0,Free
12/6/2024 0:43:57,23.00,7484.68,4.07,8,259,0,446,0,537,0,Free
12/6/2024 0:43:57,23.00,7485.02,4.07,8,260,0,446,0,537,0,Free
12/6/2024 0:44:05,23.00,7485.92,4.07,8,260,0,447,0,537,0,Free
12/6/2024 0:44:16,23.00,7486.81,4.07,8,260,0,447,0,538,0,Free
12/6/2024 0:44:17,23.00,7487.43,4.07,8,260,0,447,0,539,0,Free
12/6/2024 0:44:23,23.25,7488.32,4.07,8,260,0,447,0,540,0,Free
12/6/2024 0:44:26,23.25,7488.94,4.07,8,260,0,447,0,541,0,Free
12/6/2024 0:44:28,23.25,7489.56,4.07,8,260,0,447,0,542,0,Free
12/6/2024 0:44:29,23.25,7490.18,4.07,8,260,0,448,0,542,0,Free
12/6/2024 0:44:30,23.25,7490.52,4.07,8,260,0,448,0,543,0,Free
12/6/2024 0:44:33,23.25,7491.13,4.07,8,260,0,448,0,544,0,Free
12/6/2024 0:44:35,23.25,7491.75,4.07,8,260,0,448,0,545,0,Free
12/6/2024 0:44:38,23.25,7492.36,4.07,8,260,0,449,0,545,0,Free
12/6/2024 0:44:39,23.25,7492.98,4.07,8,260,0,449,0,546,0,Free
12/6/2024 0:45:15,23.25,7496.01,4.07,8,260,0,450,1016,546,0,Free
12/6/2024 0:45:15,23.25,7496.35,4.07,8,261,0,450,0,546,0,Free
12/6/2024 0:45:20,23.25,7496.96,4.07,8,261,0,450,0,547,0,Free
12/6/2024 0:45:22,23.50,7497.58,4.07,8,261,0,450,0,548,0,Free
12/6/2024 0:45:32,23.50,7498.48,4.07,8,261,0,451,0,548,0,Free
12/6/2024 0:45:34,23.50,7500.21,4.07,8,261,0,452,1117,548,0,Free
12/6/2024 0:45:40,23.50,7500.83,4.07,8,261,0,452,0,549,0,Free
12/6/2024 0:45:43,23.50,7501.44,4.07,8,261,0,452,0,550,0,Free
12/6/2024 0:45:45,23.50,7502.06,4.07,8,261,0,452,0,551,0,Free
12/6/2024 0:45:48,23.50,7502.67,4.07,8,261,0,452,0,552,0,Free
12/6/2024 0:45:48,23.50,7503.29,4.07,8,261,0,452,0,553,0,Free
12/6/2024 0:45:49,23.50,7503.90,4.07,8,261,0,452,0,554,0,Free
12/6/2024 0:45:51,23.50,7504.52,4.07,8,262,0,452,0,554,0,Free
12/6/2024 0:45:55,23.50,7505.14,4.07,8,262,0,453,0,554,0,Free
12/6/2024 0:46:06,23.50,7506.18,4.07,8,262,0,454,144,554,0,Free
12/6/2024 0:47:32,23.50,7510.71,4.07,8,262,0,454,0,555,0,Free
12/6/2024 0:47:34,23.50,7511.32,4.07,8,262,0,454,0,556,0,Free
12/6/2024 0:49:15,23.50,7526.85,4.07,8,262,0,454,0,556,0,Free
12/6/2024 0:50:22,23.25,7530.54,4.07,8,262,0,454,0,557,0,Free
12/6/2024 0:50:42,23.25,7532.52,4.07,8,262,0,455,525,557,0,Free
12/6/2024 0:51:08,23.25,7534.25,4.07,8,262,0,455,0,558,0,Free
12/6/2024 0:51:13,23.25,7534.88,4.07,8,262,0,455,0,559,0,Free
12/6/2024 0:51:14,23.25,7535.49,4.07,8,262,0,455,0,560,0,Free
12/6/2024 0:51:18,23.25,7536.11,4.07,8,262,0,455,0,561,0,Free
12/6/2024 0:51:20,23.25,7536.73,4.07,8,262,0,455,0,562,0,Free
12/6/2024 0:51:20,23.25,7537.34,4.07,8,262,0,455,0,563,0,Free
12/6/2024 0:51:21,23.25,7537.96,4.07,8,262,0,455,0,564,0,Free
12/6/2024 0:51:26,23.25,7538.57,4.07,8,262,0,455,0,565,0,Free
12/6/2024 0:51:37,23.25,7539.65,4.07,8,262,0,456,177,565,0,Free
12/6/2024 0:51:57,23.25,7541.10,4.07,8,262,0,456,0,566,0,Free
12/6/2024 0:52:05,23.25,7542.00,4.07,8,262,0,456,0,567,0,Free
12/6/2024 0:52:08,23.25,7542.62,4.07,8,262,0,456,0,568,0,Free
12/6/2024 0:52:13,23.25,7543.53,4.07,8,262,0,457,18,568,0,Free
12/6/2024 0:52:24,23.25,7544.43,4.07,8,263,0,457,0,568,0,Free
12/6/2024 0:52:37,23.25,7545.60,4.07,8,263,0,457,0,569,0,Free
12/6/2024 0:52:39,23.25,7546.22,4.07,8,263,0,457,0,570,0,Free
12/6/2024 0:52:43,23.25,7546.83,4.07,8,263,0,457,0,571,0,Free
12/6/2024 0:52:56,23.50,7548.57,4.07,8,263,0,458,560,571,0,Free
12/6/2024 0:52:57,23.50,7549.19,4.07,8,263,0,459,0,571,0,Free
12/6/2024 0:53:06,23.50,7550.08,4.07,8,263,0,460,0,571,0,Free
12/6/2024 0:53:17,23.50,7551.01,4.07,8,263,0,461,27,571,0,Free
12/6/2024 0:53:23,23.50,7551.62,4.07,8,264,0,461,0,571,0,Free
12/6/2024 0:53:29,23.50,7552.24,4.07,8,264,0,461,0,572,0,Free
12/6/2024 0:54:06,23.50,7554.53,4.07,8,264,0,462,0,572,0,Free
12/6/2024 0:54:10,23.50,7558.68,4.07,8,264,0,463,3536,572,0,Free
12/6/2024 0:54:38,23.50,7560.42,4.07,8,264,0,464,0,572,0,Free
12/6/2024 0:55:01,23.50,7561.88,4.07,8,264,0,465,0,572,0,Free
12/6/2024 0:55:23,23.50,7563.34,4.07,8,264,0,465,0,573,0,Free
12/6/2024 0:55:24,23.50,7563.95,4.07,8,264,0,465,0,574,0,Free
12/6/2024 0:55:27,23.50,7564.57,4.07,8,264,0,465,0,575,0,Free
12/6/2024 0:55:28,23.50,7565.19,4.07,8,264,0,465,0,576,0,Free
12/6/2024 0:55:30,23.50,7565.80,4.07,8,264,0,465,0,577,0,Free
12/6/2024 0:55:37,23.50,7566.70,4.07,8,264,0,465,0,578,0,Free
12/6/2024 0:55:39,23.50,7567.32,4.07,8,264,0,465,0,579,0,Free
12/6/2024 0:55:42,23.50,7567.93,4.07,8,264,0,465,0,580,0,Free
12/6/2024 0:55:43,23.50,7568.55,4.07,8,264,0,465,0,581,0,Free
12/6/2024 0:55:45,23.50,7569.17,4.07,8,264,0,465,0,582,0,Free
12/6/2024 0:55:46,23.50,7569.78,4.07,8,264,0,465,0,583,0,Free
12/6/2024 0:55:52,23.50,7570.40,4.07,8,264,0,465,0,584,0,Free
12/6/2024 0:56:00,23.50,7571.29,4.07,8,264,0,465,0,585,0,Free
12/6/2024 0:56:02,23.50,7571.91,4.07,8,264,0,465,0,586,0,Free
12/6/2024 0:56:03,23.50,7572.53,4.07,8,264,0,465,0,587,0,Free
12/6/2024 0:56:06,23.50,7573.14,4.07,8,264,0,465,0,588,0,Free
12/6/2024 0:56:07,23.50,7573.76,4.07,8,264,0,465,0,589,0,Free
12/6/2024 0:56:27,23.50,7575.22,4.07,8,264,0,465,0,590,0,Free
12/6/2024 0:56:29,23.50,7575.83,4.07,8,264,0,465,0,591,0,Free
12/6/2024 0:56:30,23.50,7576.45,4.07,8,264,0,465,0,592,0,Free
12/6/2024 0:56:30,23.50,7577.06,4.07,8,264,0,465,0,593,0,Free
12/6/2024 0:56:31,23.50,7577.68,4.07,8,264,0,465,0,594,0,Free
12/6/2024 0:56:42,23.50,7578.58,4.07,8,264,0,465,0,595,0,Free
12/6/2024 0:56:57,23.50,7579.75,4.07,8,264,0,465,0,596,0,Free
12/6/2024 0:57:01,23.50,7580.37,4.07,8,264,0,465,0,597,0,Free
12/6/2024 0:57:06,23.50,7580.98,4.07,8,264,0,465,0,598,0,Free
12/6/2024 0:57:09,23.50,7581.60,4.07,8,264,0,465,0,599,0,Free
12/6/2024 0:57:10,23.50,7582.22,4.07,8,264,0,465,0,600,0,Free
12/6/2024 0:57:16,23.50,7582.84,4.07,8,264,0,465,0,601,0,Free
12/6/2024 0:57:20,23.50,7583.46,4.07,8,264,0,465,0,602,0,Free
12/6/2024 0:57:24,23.50,7584.07,4.07,8,264,0,465,0,603,0,Free
12/6/2024 0:57:26,23.50,7584.69,4.07,8,264,0,465,0,604,0,Free
12/6/2024 0:57:27,23.50,7585.31,4.07,8,264,0,465,0,605,0,Free
12/6/2024 0:57:28,23.50,7585.92,4.07,8,264,0,465,0,606,0,Free
12/6/2024 0:57:29,23.50,7586.54,4.07,8,264,0,465,0,607,0,Free
12/6/2024 0:57:34,23.50,7587.15,4.07,8,264,0,465,0,608,0,Free
12/6/2024 0:57:42,23.50,7588.05,4.07,8,264,0,465,0,609,0,Free
12/6/2024 0:57:42,23.50,7588.67,4.07,8,264,0,465,0,610,0,Free
12/6/2024 0:57:43,23.50,7589.28,4.07,8,264,0,465,0,611,0,Free
12/6/2024 0:57:51,23.50,7590.18,4.07,8,264,0,465,0,612,0,Free
12/6/2024 0:57:55,23.50,7590.80,4.07,8,264,0,465,0,613,0,Free
12/6/2024 0:57:56,23.50,7591.41,4.07,8,264,0,465,0,614,0,Free
12/6/2024 0:57:59,23.50,7592.03,4.07,8,264,0,465,0,615,0,Free
12/6/2024 0:58:03,23.50,7592.65,4.07,8,264,0,465,0,616,0,Free
12/6/2024 0:58:07,23.50,7593.26,4.07,8,264,0,465,0,617,0,Free
12/6/2024 0:58:13,23.25,7594.16,4.07,8,264,0,465,0,618,0,Free
12/6/2024 0:59:31,23.25,7598.77,4.07,8,264,0,466,643,618,0,Free
12/6/2024 0:59:47,23.25,7599.95,4.07,8,265,0,466,0,618,0,Free
12/6/2024 1:00:02,23.25,7601.12,4.07,8,265,0,466,0,619,0,Free
12/6/2024 1:00:09,23.25,7602.02,4.07,8,266,0,466,0,619,0,Free
12/6/2024 1:00:14,23.25,7602.64,4.07,8,266,0,466,0,620,0,Free
12/6/2024 1:00:22,23.25,7603.54,4.07,8,266,0,467,10,620,0,Free
12/6/2024 1:00:33,23.25,7604.44,4.07,8,266,0,468,0,620,0,Free
12/6/2024 1:01:25,23.25,7607.29,4.07,8,266,0,468,0,621,0,Free
12/6/2024 1:02:14,23.25,7610.14,4.07,8,266,0,468,0,622,0,Free
12/6/2024 1:02:22,23.25,7611.05,4.07,8,266,0,468,0,623,0,Free
12/6/2024 1:02:39,23.25,7622.66,4.07,8,266,0,468,0,623,0,Free
12/6/2024 1:02:41,23.25,7623.27,4.07,8,266,0,468,0,624,0,Free
12/6/2024 1:02:45,23.25,7623.89,4.07,8,266,0,468,0,625,0,Free
12/6/2024 1:02:52,23.25,7624.78,4.07,8,266,0,468,0,626,0,Free
12/6/2024 1:03:47,23.00,7627.92,4.07,8,266,0,468,0,627,0,Free
12/6/2024 1:04:04,23.00,7630.38,4.07,8,266,0,469,1290,627,0,Free
12/6/2024 1:04:06,23.00,7631.00,4.07,8,266,0,470,0,627,0,Free
12/6/2024 1:06:34,23.00,7638.32,4.07,8,266,0,470,0,628,0,Free
12/6/2024 1:06:36,23.00,7638.94,4.07,8,266,0,470,0,629,0,Free
12/6/2024 1:06:38,23.00,7639.56,4.07,8,266,0,470,0,630,0,Free
12/6/2024 1:06:39,23.00,7640.17,4.07,8,266,0,470,0,631,0,Free
12/6/2024 1:06:46,23.00,7641.07,4.07,8,266,0,470,0,632,0,Free
12/6/2024 1:06:58,23.00,7641.97,4.07,8,266,0,470,0,633,0,Free
12/6/2024 1:06:59,23.00,7642.58,4.07,8,266,0,470,0,634,0,Free
12/6/2024 1:07:06,23.00,7643.48,4.07,8,266,0,470,0,635,0,Free
12/6/2024 1:07:08,23.00,7644.10,4.07,8,266,0,470,0,636,0,Free
12/6/2024 1:07:36,23.00,7645.83,4.07,8,266,0,470,0,637,0,Free
12/6/2024 1:07:41,23.00,7646.44,4.07,8,266,0,470,0,638,0,Free
12/6/2024 1:07:42,23.00,7647.06,4.07,8,266,0,470,0,639,0,Free
12/6/2024 1:07:48,23.25,7647.68,4.07,8,266,0,470,0,640,0,Free
12/6/2024 1:12:10,23.00,7660.31,4.07,8,266,0,471,0,640,0,Free
12/6/2024 1:12:14,23.00,7660.93,4.07,8,266,0,472,0,640,0,Free
12/6/2024 1:12:15,23.00,7661.54,4.07,8,266,0,473,0,640,0,Free
12/6/2024 1:12:46,23.00,7663.56,4.07,8,266,0,474,0,640,0,Free
12/6/2024 1:12:49,23.00,7664.18,4.07,8,266,0,475,0,640,0,Free
12/6/2024 1:14:01,23.00,7667.87,4.07,8,266,0,476,0,640,0,Free
12/6/2024 1:14:04,23.00,7670.42,4.07,8,266,0,477,1931,640,0,Free
12/6/2024 1:14:07,23.00,7671.38,4.07,8,266,0,478,342,640,0,Free
12/6/2024 1:14:07,23.00,7672.00,4.07,8,266,0,479,0,640,0,Free
12/6/2024 1:14:13,23.00,7672.61,4.07,8,266,0,480,0,640,0,Free
12/6/2024 1:14:21,23.00,7673.51,4.07,8,267,0,480,0,640,0,Free
12/6/2024 1:14:40,23.00,7675.63,4.07,8,267,0,481,667,640,0,Free
12/6/2024 1:14:43,23.00,7676.24,4.07,8,267,0,482,0,640,0,Free
12/6/2024 1:14:47,23.00,7676.86,4.07,8,268,0,482,0,640,0,Free
12/6/2024 1:14:49,23.00,7677.47,4.06,8,268,0,482,0,641,0,Free
12/6/2024 1:15:00,23.00,7678.37,4.07,8,268,0,482,0,642,0,Free
12/6/2024 1:15:01,23.00,7678.98,4.07,8,268,0,482,0,643,0,Free
12/6/2024 1:15:06,23.00,7679.60,4.07,8,268,0,482,0,644,0,Free
12/6/2024 1:15:16,23.00,7680.50,4.07,8,269,0,482,0,644,0,Free
12/6/2024 1:15:21,23.00,7681.11,4.07,8,269,0,482,0,645,0,Free
12/6/2024 1:15:24,23.00,7681.73,4.07,8,269,0,482,0,646,0,Free
12/6/2024 1:15:43,23.00,7683.19,4.07,8,269,0,482,0,647,0,Free
12/6/2024 1:17:04,23.00,7687.44,4.07,8,269,0,483,0,647,0,Free
12/6/2024 1:17:17,23.00,7688.61,4.07,8,269,0,484,0,647,0,Free
12/6/2024 1:17:19,23.00,7689.23,4.07,8,269,0,484,0,648,0,Free
12/6/2024 1:17:22,23.00,7689.84,4.07,8,270,0,484,0,648,0,Free
12/6/2024 1:17:23,23.00,7690.46,4.07,8,270,0,484,0,649,0,Free
12/6/2024 1:17:25,23.00,7691.08,4.07,8,270,0,484,0,650,0,Free
12/6/2024 1:17:37,23.00,7691.97,4.07,8,271,0,484,0,650,0,Free
12/6/2024 1:17:42,23.00,7692.59,4.07,8,271,0,485,0,650,0,Free
12/6/2024 1:18:01,23.00,7694.04,4.07,8,271,0,486,0,650,0,Free
12/6/2024 1:18:12,23.00,7705.37,4.07,8,271,0,486,0,650,0,Free
12/6/2024 1:18:18,23.00,7705.99,4.07,8,271,0,487,0,650,0,Free
12/6/2024 1:18:18,23.00,7706.33,4.07,8,271,0,487,0,651,0,Free
12/6/2024 1:18:31,23.00,7707.51,4.07,8,271,0,488,0,651,0,Free
12/6/2024 1:18:36,23.00,7708.42,4.07,8,271,0,489,294,651,0,Free
12/6/2024 1:18:48,23.00,7709.59,4.07,8,271,0,490,0,651,0,Free
12/6/2024 1:18:59,23.00,7710.49,4.07,8,271,0,490,0,652,0,Free
12/6/2024 1:19:01,23.00,7711.10,4.07,8,271,0,490,0,653,0,Free
12/6/2024 1:19:05,23.00,7711.72,4.07,8,271,0,491,2,653,0,Free
12/6/2024 1:19:29,23.00,7713.18,4.07,8,271,0,491,0,654,0,Free
12/6/2024 1:19:47,23.25,7714.35,4.07,8,271,0,491,0,655,0,Free
12/6/2024 1:19:50,23.25,7714.97,4.07,8,271,0,491,0,656,0,Free
12/6/2024 1:19:52,23.25,7715.58,4.07,8,271,0,491,0,657,0,Free
12/6/2024 1:19:53,23.25,7716.20,4.07,8,271,0,491,0,658,0,Free
12/6/2024 1:19:54,23.25,7716.82,4.07,8,271,0,491,0,659,0,Free
12/6/2024 1:19:56,23.25,7717.43,4.07,8,271,0,491,0,660,0,Free
12/6/2024 1:20:13,23.25,7718.61,4.07,8,271,0,491,0,661,0,Free
12/6/2024 1:20:21,23.25,7719.50,4.07,8,271,0,491,0,662,0,Free
12/6/2024 1:20:25,23.25,7720.12,4.07,8,271,0,491,0,663,0,Free
12/6/2024 1:20:30,23.25,7720.74,4.07,8,271,0,491,0,664,0,Free
12/6/2024 1:20:35,23.25,7721.35,4.07,8,271,0,491,0,665,0,Free
12/6/2024 1:20:36,23.25,7721.97,4.07,8,271,0,491,0,666,0,Free
12/6/2024 1:20:41,23.25,7722.59,4.07,8,271,0,491,0,667,0,Free
12/6/2024 1:20:43,23.25,7723.20,4.07,8,271,0,491,0,668,0,Free
12/6/2024 1:21:09,23.25,7724.94,4.07,8,271,0,491,0,669,0,Free
12/6/2024 1:21:10,23.25,7725.55,4.07,8,271,0,491,0,670,0,Free
12/6/2024 1:21:15,23.25,7726.17,4.07,8,271,0,491,0,671,0,Free
12/6/2024 1:21:22,23.25,7727.06,4.07,8,271,0,491,0,672,0,Free
12/6/2024 1:21:28,23.25,7727.68,4.07,8,271,0,491,0,673,0,Free
12/6/2024 1:21:36,23.25,7728.59,4.07,8,271,0,491,0,674,0,Free
12/6/2024 1:21:45,23.00,7729.48,4.07,8,271,0,491,0,675,0,Free
12/6/2024 1:21:56,23.00,7730.38,4.07,8,271,0,491,0,676,0,Free
12/6/2024 1:21:58,23.00,7730.99,4.07,8,271,0,491,0,677,0,Free
12/6/2024 1:22:01,23.00,7731.61,4.07,8,271,0,491,0,678,0,Free
12/6/2024 1:22:06,23.00,7732.22,4.07,8,271,0,491,0,679,0,Free
12/6/2024 1:22:07,23.00,7732.84,4.07,8,271,0,491,0,680,0,Free
12/6/2024 1:22:13,23.00,7733.45,4.07,8,271,0,491,0,681,0,Free
12/6/2024 1:22:19,23.00,7734.08,4.07,8,271,0,491,0,682,0,Free
12/6/2024 1:22:56,23.00,7736.37,4.07,8,271,0,491,0,683,0,Free
12/6/2024 1:22:58,23.00,7736.99,4.07,8,271,0,491,0,684,0,Free
12/6/2024 1:24:05,23.00,7741.00,4.07,8,271,0,492,318,684,0,Free
12/6/2024 1:26:27,23.00,7748.23,4.07,8,271,0,493,193,684,0,Free
12/6/2024 1:27:02,23.00,7750.25,4.07,8,271,0,493,0,685,0,Free
12/6/2024 1:27:04,23.00,7750.86,4.07,8,271,0,493,0,686,0,Free
12/6/2024 1:27:33,23.00,7752.60,4.07,8,271,0,493,0,687,0,Free
12/6/2024 1:29:15,23.00,7763.29,4.07,8,271,0,494,5599,687,0,Free
12/6/2024 1:29:21,23.00,7763.91,4.07,8,271,0,494,0,688,0,Free
12/6/2024 1:30:40,23.00,7768.15,4.07,8,271,0,495,0,688,0,Free
12/6/2024 1:30:45,23.00,7768.77,4.07,8,271,0,495,0,689,0,Free
12/6/2024 1:30:47,23.00,7769.39,4.07,8,271,0,495,0,690,0,Free
12/6/2024 1:30:51,23.00,7770.00,4.07,8,271,0,495,0,691,0,Free
12/6/2024 1:30:57,23.00,7770.74,4.07,8,271,0,496,119,691,0,Free
12/6/2024 1:31:04,23.00,7771.63,4.07,8,271,0,496,0,692,0,Free
12/6/2024 1:31:11,23.00,7772.53,4.07,8,271,0,496,0,693,0,Free
12/6/2024 1:31:13,23.00,7773.15,4.07,8,271,0,496,0,694,0,Free
12/6/2024 1:31:26,23.00,7774.33,4.07,8,271,0,496,0,695,0,Free
12/6/2024 1:33:55,23.00,7792.09,4.07,8,271,0,496,0,695,0,Free
12/6/2024 1:35:26,23.00,7796.90,4.07,8,271,0,496,0,696,0,Free
12/6/2024 1:35:28,23.00,7797.51,4.07,8,271,0,496,0,697,0,Free
12/6/2024 1:35:37,23.00,7798.41,4.07,8,271,0,496,0,698,0,Free
12/6/2024 1:35:40,23.00,7799.02,4.06,8,271,0,496,0,699,0,Free
12/6/2024 1:35:54,23.00,7800.20,4.07,8,271,0,496,0,700,0,Free
12/6/2024 1:36:18,23.00,7802.03,4.07,8,271,0,497,376,700,0,Free
12/6/2024 1:36:19,23.00,7802.37,4.07,8,271,0,497,0,701,0,Free
12/6/2024 1:36:23,23.00,7802.98,4.07,8,271,0,497,0,702,0,Free
12/6/2024 1:36:36,23.00,7804.23,4.07,8,271,0,498,69,702,0,Free
12/6/2024 1:36:44,23.00,7805.18,4.07,8,271,0,499,60,702,0,Free
12/6/2024 1:36:50,23.00,7807.53,4.07,8,271,0,500,1731,702,0,Free
12/6/2024 1:36:51,23.00,7808.15,4.07,8,271,0,501,0,702,0,Free
12/6/2024 1:36:54,23.00,7808.77,4.07,8,271,0,502,0,702,0,Free
12/6/2024 1:41:28,23.00,7821.96,4.07,8,271,0,502,0,703,0,Free
12/6/2024 1:41:36,23.00,7822.86,4.07,8,271,0,502,0,704,0,Free
12/6/2024 1:41:44,23.00,7823.75,4.07,8,271,0,502,0,705,0,Free
12/6/2024 1:43:44,23.00,7829.68,4.07,8,271,0,502,0,706,0,Free
12/6/2024 1:45:41,22.75,7835.61,4.07,8,271,0,502,0,707,0,Free
12/6/2024 1:45:42,22.75,7836.22,4.07,8,271,0,502,0,708,0,Free
12/6/2024 1:45:43,22.75,7836.84,4.07,8,271,0,502,0,709,0,Free
12/6/2024 1:45:44,22.75,7837.46,4.07,8,271,0,502,0,710,0,Free
12/6/2024 1:45:45,22.75,7838.07,4.07,8,271,0,502,0,711,0,Free
12/6/2024 1:46:03,22.75,7839.25,4.07,8,271,0,502,0,712,0,Free
12/6/2024 1:46:08,22.75,7839.86,4.07,8,271,0,502,0,713,0,Free
12/6/2024 1:46:16,22.75,7840.76,4.07,8,272,0,502,0,713,0,Free
12/6/2024 1:46:19,22.75,7841.38,4.07,8,272,0,502,0,714,0,Free
12/6/2024 1:46:20,22.75,7842.00,4.07,8,272,0,503,0,714,0,Free
12/6/2024 1:46:20,22.75,7842.33,4.07,8,272,0,503,0,715,0,Free
12/6/2024 1:46:31,22.75,7843.23,4.08,8,272,0,503,0,716,0,Free
12/6/2024 1:46:37,22.75,7844.13,4.07,8,273,0,503,0,716,0,Free
12/6/2024 1:46:39,22.75,7844.74,4.07,8,274,0,503,0,716,0,Free
12/6/2024 1:48:06,23.00,7849.27,4.06,8,274,0,504,0,716,0,Free
12/6/2024 1:48:13,23.00,7850.17,4.07,8,274,0,504,0,717,0,Free
12/6/2024 1:49:24,23.00,7853.86,4.07,8,274,0,504,0,718,0,Free
12/6/2024 1:49:29,23.00,7854.48,4.07,8,274,0,504,0,719,0,Free
12/6/2024 1:49:29,23.00,7855.09,4.07,8,275,0,504,0,719,0,Free
12/6/2024 1:50:16,23.00,7868.10,4.07,8,275,0,504,0,719,0,Free
12/6/2024 1:50:39,23.00,7869.55,4.07,8,275,0,504,0,720,0,Free
12/6/2024 1:50:48,23.00,7870.52,4.07,8,275,0,505,77,720,0,Free
12/6/2024 1:50:58,23.00,7871.42,4.07,8,275,0,506,0,720,0,Free
12/6/2024 1:50:59,23.00,7872.07,4.07,8,275,0,507,35,720,0,Free
12/6/2024 1:51:10,23.00,7873.03,4.06,8,275,0,508,61,720,0,Free
12/6/2024 1:51:28,23.00,7874.20,4.07,8,275,0,508,0,721,0,Free
12/6/2024 1:51:40,23.00,7875.10,4.07,8,276,0,508,0,721,0,Free
12/6/2024 1:51:43,23.00,7875.71,4.07,8,276,0,508,0,722,0,Free
12/6/2024 1:52:02,23.00,7877.59,4.07,8,276,0,509,416,722,0,Free
12/6/2024 1:52:18,23.00,7879.53,4.07,8,276,0,510,766,722,0,Free
12/6/2024 1:53:27,23.25,7883.22,4.07,8,276,0,510,0,723,0,Free
12/6/2024 1:53:40,23.25,7884.39,4.07,8,276,0,510,0,724,0,Free
12/6/2024 1:53:44,23.25,7885.01,4.07,8,276,0,511,0,724,0,Free
12/6/2024 1:53:46,23.25,7885.63,4.07,8,276,0,511,0,725,0,Free
12/6/2024 1:53:47,23.25,7886.24,4.06,8,276,0,511,0,726,0,Free
12/6/2024 1:54:00,23.25,7887.42,4.07,8,276,0,511,0,727,0,Free
12/6/2024 1:54:01,23.25,7888.04,4.07,8,276,0,511,0,728,0,Free
12/6/2024 1:54:02,23.25,7888.66,4.07,8,276,0,511,0,729,0,Free
12/6/2024 1:54:06,23.25,7889.27,4.07,8,276,0,511,0,730,0,Free
12/6/2024 2:00:28,22.75,7908.02,4.07,8,276,0,512,516,730,0,Free
12/6/2024 2:00:34,22.75,7908.63,4.07,8,277,0,512,0,730,0,Free
12/6/2024 2:00:36,22.75,7909.25,4.07,8,278,0,512,0,730,0,Free
12/6/2024 2:00:42,22.75,7909.86,4.07,8,278,0,512,0,731,0,Free
12/6/2024 2:00:43,22.75,7910.60,4.07,8,278,0,513,118,731,0,Free
12/6/2024 2:06:06,22.75,7926.03,4.07,8,278,0,514,0,731,0,Free
12/6/2024 2:06:12,22.75,7926.65,4.07,8,278,0,515,0,731,0,Free
12/6/2024 2:06:33,22.75,7928.10,4.07,8,278,0,515,0,732,0,Free
12/6/2024 2:06:35,22.75,7928.72,4.07,8,278,0,515,0,733,0,Free
12/6/2024 2:06:38,22.75,7929.34,4.07,8,278,0,515,0,734,0,Free
12/6/2024 2:06:39,22.75,7929.95,4.07,8,278,0,515,0,735,0,Free
12/6/2024 2:07:02,22.75,7941.84,4.07,8,278,0,515,0,735,0,Free
12/6/2024 2:07:43,22.75,7945.03,4.07,8,278,0,516,899,735,0,Free
12/6/2024 2:08:59,22.75,7949.01,4.07,8,278,0,517,0,735,0,Free
12/6/2024 2:13:09,22.50,7961.08,4.07,8,278,0,517,0,736,0,Free
12/6/2024 2:13:15,22.50,7961.70,4.07,8,278,0,517,0,737,0,Free
12/6/2024 2:13:16,22.50,7962.31,4.06,8,278,0,517,0,738,0,Free
12/6/2024 2:13:20,22.50,7962.93,4.07,8,278,0,517,0,739,0,Free
12/6/2024 2:13:21,22.50,7963.55,4.07,8,278,0,517,0,740,0,Free
12/6/2024 2:13:23,22.50,7964.16,4.07,8,278,0,517,0,741,0,Free
12/6/2024 2:13:28,22.50,7964.78,4.07,8,278,0,517,0,742,0,Free
12/6/2024 2:13:31,22.50,7965.40,4.07,8,278,0,517,0,743,0,Free
12/6/2024 2:13:32,22.50,7966.01,4.07,8,278,0,517,0,744,0,Free
12/6/2024 2:13:43,22.50,7966.92,4.07,8,278,0,517,0,745,0,Free
12/6/2024 2:13:45,22.50,7967.53,4.07,8,278,0,517,0,746,0,Free
12/6/2024 2:13:46,22.50,7968.15,4.07,8,278,0,517,0,747,0,Free
12/6/2024 2:13:50,22.50,7968.76,4.07,8,278,0,517,0,748,0,Free
12/6/2024 2:13:51,22.50,7969.38,4.07,8,278,0,517,0,749,0,Free
12/6/2024 2:13:53,22.50,7970.00,4.07,8,278,0,517,0,750,0,Free
12/6/2024 2:13:56,22.50,7970.61,4.07,8,278,0,517,0,751,0,Free
12/6/2024 2:14:54,22.50,7973.75,4.07,8,278,0,518,0,751,0,Free
12/6/2024 2:14:59,22.50,7974.36,4.07,8,279,0,518,0,751,0,Free
12/6/2024 2:16:11,22.50,7978.33,4.07,8,279,0,519,0,751,0,Free
12/6/2024 2:16:37,22.50,7980.07,4.07,8,279,0,520,0,751,0,Free
12/6/2024 2:21:27,22.50,7994.10,4.07,8,279,0,520,0,752,0,Free
12/6/2024 2:21:28,22.50,7994.72,4.07,8,279,0,520,0,753,0,Free
12/6/2024 2:21:29,22.50,7995.34,4.07,8,279,0,520,0,754,0,Free
12/6/2024 2:21:32,22.50,7995.95,4.07,8,279,0,520,0,755,0,Free
12/6/2024 2:21:34,22.50,7996.57,4.07,8,279,0,520,0,756,0,Free
12/6/2024 2:21:35,22.50,7997.19,4.07,8,279,0,520,0,757,0,Free
12/6/2024 2:21:51,22.50,7998.36,4.07,8,279,0,520,0,758,0,Free
12/6/2024 2:23:38,22.50,8014.16,4.07,8,279,0,520,0,758,0,Free
12/6/2024 2:25:07,22.50,8018.69,4.07,8,279,0,520,0,759,0,Free
12/6/2024 2:25:09,22.50,8019.32,4.07,8,279,0,520,0,760,0,Free
12/6/2024 2:25:09,22.50,8019.93,4.07,8,279,0,520,0,761,0,Free
12/6/2024 2:25:11,22.50,8020.55,4.07,8,279,0,520,0,762,0,Free
12/6/2024 2:25:13,22.50,8021.17,4.07,8,279,0,520,0,763,0,Free
12/6/2024 2:25:15,22.50,8021.78,4.07,8,279,0,520,0,764,0,Free
12/6/2024 2:25:17,22.50,8022.40,4.07,8,279,0,520,0,765,0,Free
12/6/2024 2:25:19,22.50,8023.02,4.07,8,279,0,520,0,766,0,Free
12/6/2024 2:25:20,22.50,8023.64,4.07,8,279,0,520,0,767,0,Free
12/6/2024 2:25:21,22.50,8024.25,4.06,8,279,0,520,0,768,0,Free
12/6/2024 2:25:22,22.50,8024.87,4.07,8,279,0,520,0,769,0,Free
12/6/2024 2:25:23,22.50,8025.48,4.07,8,279,0,520,0,770,0,Free
12/6/2024 2:25:24,22.50,8026.10,4.07,8,279,0,520,0,771,0,Free
12/6/2024 2:25:24,22.50,8026.72,4.07,8,279,0,520,0,772,0,Free
12/6/2024 2:25:25,22.50,8027.34,4.07,8,279,0,520,0,773,0,Free
12/6/2024 2:25:46,22.50,8028.79,4.07,8,279,0,520,0,774,0,Free
12/6/2024 2:25:49,22.50,8029.40,4.07,8,279,0,520,0,775,0,Free
12/6/2024 2:25:54,22.50,8030.02,4.07,8,279,0,520,0,776,0,Free
12/6/2024 2:25:57,22.50,8030.64,4.07,8,279,0,520,0,777,0,Free
12/6/2024 2:25:59,22.50,8031.25,4.07,8,279,0,520,0,778,0,Free
12/6/2024 2:26:00,22.50,8031.87,4.07,8,279,0,520,0,779,0,Free
12/6/2024 2:26:01,22.50,8032.49,4.07,8,279,0,520,0,780,0,Free
12/6/2024 2:26:04,22.50,8033.10,4.07,8,279,0,520,0,781,0,Free
12/6/2024 2:26:05,22.50,8033.72,4.07,8,279,0,520,0,782,0,Free
12/6/2024 2:26:12,22.50,8034.62,4.07,8,279,0,520,0,783,0,Free
12/6/2024 2:26:13,22.50,8035.23,4.07,8,279,0,520,0,784,0,Free
12/6/2024 2:26:16,22.50,8035.85,4.06,8,279,0,520,0,785,0,Free
12/6/2024 2:26:36,22.50,8037.30,4.07,8,279,0,520,0,786,0,Free
12/6/2024 2:27:16,22.50,8039.60,4.07,8,279,0,520,0,787,0,Free
12/6/2024 2:27:18,22.50,8040.22,4.07,8,279,0,520,0,788,0,Free
12/6/2024 2:27:23,22.50,8040.83,4.07,8,279,0,520,0,789,0,Free
12/6/2024 2:27:23,22.50,8041.45,4.07,8,279,0,520,0,790,0,Free
12/6/2024 2:27:25,22.50,8042.06,4.07,8,279,0,520,0,791,0,Free
12/6/2024 2:27:27,22.50,8042.68,4.07,8,279,0,520,0,792,0,Free
12/6/2024 2:27:28,22.50,8043.29,4.07,8,279,0,520,0,793,0,Free
12/6/2024 2:27:29,22.50,8043.91,4.07,8,279,0,520,0,794,0,Free
12/6/2024 2:27:34,22.50,8044.54,4.07,8,279,0,520,0,795,0,Free
12/6/2024 2:27:35,22.50,8045.15,4.07,8,279,0,520,0,796,0,Free
12/6/2024 2:27:40,22.50,8045.77,4.07,8,279,0,520,0,797,0,Free
12/6/2024 2:28:00,22.50,8047.22,4.07,8,279,0,520,0,798,0,Free
12/6/2024 2:28:10,22.50,8048.12,4.06,8,279,0,520,0,799,0,Free
12/6/2024 2:28:13,22.50,8048.73,4.07,8,279,0,520,0,800,0,Free
12/6/2024 2:28:15,22.50,8049.35,4.07,8,279,0,520,0,801,0,Free
12/6/2024 2:28:16,22.50,8049.97,4.07,8,279,0,520,0,802,0,Free
12/6/2024 2:28:17,22.50,8050.59,4.07,8,279,0,520,0,803,0,Free
12/6/2024 2:28:27,22.50,8051.48,4.07,8,279,0,520,0,804,0,Free
12/6/2024 2:28:28,22.50,8052.10,4.07,8,279,0,520,0,805,0,Free
12/6/2024 2:28:28,22.50,8052.71,4.07,8,279,0,520,0,806,0,Free
12/6/2024 2:28:29,22.50,8053.33,4.07,8,279,0,520,0,807,0,Free
12/6/2024 2:28:30,22.50,8053.94,4.07,8,279,0,520,0,808,0,Free
12/6/2024 2:28:31,22.50,8054.56,4.07,8,279,0,520,0,809,0,Free
12/6/2024 2:28:33,22.50,8055.18,4.07,8,279,0,520,0,810,0,Free
12/6/2024 2:28:35,22.50,8055.80,4.07,8,279,0,520,0,811,0,Free
12/6/2024 2:28:38,22.50,8056.41,4.07,8,279,0,520,0,812,0,Free
12/6/2024 2:28:39,22.50,8057.03,4.07,8,279,0,520,0,813,0,Free
12/6/2024 2:28:42,22.50,8057.64,4.07,8,279,0,520,0,814,0,Free
12/6/2024 2:28:47,22.50,8058.26,4.07,8,279,0,520,0,815,0,Free
12/6/2024 2:29:07,22.50,8059.71,4.07,8,279,0,520,0,816,0,Free
12/6/2024 2:29:12,22.50,8060.33,4.07,8,279,0,520,0,817,0,Free
12/6/2024 2:29:14,22.50,8060.95,4.07,8,279,0,520,0,818,0,Free
12/6/2024 2:29:16,22.50,8061.56,4.07,8,279,0,520,0,819,0,Free
12/6/2024 2:29:17,22.50,8062.18,4.06,8,279,0,520,0,820,0,Free
12/6/2024 2:29:18,22.50,8062.80,4.07,8,279,0,520,0,821,0,Free
12/6/2024 2:29:20,22.50,8063.42,4.07,8,279,0,520,0,822,0,Free
12/6/2024 2:29:21,22.50,8064.04,4.07,8,279,0,520,0,823,0,Free
12/6/2024 2:29:22,22.50,8064.65,4.07,8,279,0,520,0,824,0,Free
12/6/2024 2:29:23,22.50,8065.27,4.07,8,279,0,520,0,825,0,Free
12/6/2024 2:29:27,22.50,8065.88,4.07,8,279,0,520,0,826,0,Free
12/6/2024 2:29:28,22.50,8066.50,4.07,8,279,0,520,0,827,0,Free
12/6/2024 2:29:29,22.50,8067.12,4.07,8,279,0,520,0,828,0,Free
12/6/2024 2:29:30,22.50,8067.74,4.06,8,279,0,520,0,829,0,Free
12/6/2024 2:29:32,22.50,8068.35,4.07,8,279,0,520,0,830,0,Free
12/6/2024 2:29:33,22.50,8068.97,4.06,8,279,0,520,0,831,0,Free
12/6/2024 2:29:34,22.50,8069.58,4.07,8,279,0,520,0,832,0,Free
12/6/2024 2:29:37,22.50,8070.20,4.07,8,279,0,520,0,833,0,Free
12/6/2024 2:29:37,22.50,8070.82,4.07,8,279,0,520,0,834,0,Free
12/6/2024 2:29:38,22.50,8071.43,4.07,8,279,0,520,0,835,0,Free
12/6/2024 2:29:39,22.50,8072.05,4.07,8,279,0,520,0,836,0,Free
12/6/2024 2:36:32,22.50,8102.11,4.07,8,279,0,520,0,836,0,Free
12/6/2024 2:36:34,22.50,8102.73,4.07,8,279,0,520,0,837,0,Free
12/6/2024 2:50:07,22.50,8141.08,4.07,8,279,0,520,0,838,0,Free
12/6/2024 2:50:10,22.50,8141.70,4.07,8,279,0,520,0,839,0,Free
12/6/2024 2:50:14,22.50,8142.31,4.06,8,279,0,520,0,840,0,Free
12/6/2024 2:50:17,22.50,8142.93,4.07,8,279,0,520,0,841,0,Free
12/6/2024 2:50:19,22.50,8143.55,4.07,8,279,0,520,0,842,0,Free
12/6/2024 2:50:21,22.50,8144.17,4.07,8,279,0,520,0,843,0,Free
12/6/2024 2:54:20,22.50,8166.12,4.07,8,279,0,520,0,843,0,Free
12/6/2024 3:12:31,22.25,8227.76,4.07,8,279,0,520,0,843,0,Free
12/6/2024 3:30:42,22.25,8289.41,4.07,8,279,0,520,0,843,0,Free
12/6/2024 3:48:53,22.25,8351.06,4.07,8,279,0,520,0,843,0,Free
12/6/2024 4:07:04,22.25,8412.71,4.07,8,279,0,520,0,843,0,Free
12/6/2024 4:25:15,22.25,8474.36,4.07,8,279,0,520,0,843,0,Free
12/6/2024 4:43:26,22.25,8536.01,4.07,8,279,0,520,0,843,0,Free
12/6/2024 5:01:37,22.25,8597.66,4.07,8,279,0,520,0,843,0,Free
12/6/2024 5:02:28,22.25,8600.51,4.06,8,279,0,521,0,843,0,Free
12/6/2024 5:02:34,22.25,8601.21,4.07,8,279,0,522,76,843,0,Free
12/6/2024 5:02:45,22.25,8602.10,4.06,8,280,0,522,0,843,0,Free
12/6/2024 5:04:20,22.25,8606.91,4.07,8,280,0,522,0,844,0,Free
12/6/2024 5:04:28,22.25,8607.81,4.06,8,280,0,522,0,845,0,Free
12/6/2024 5:04:34,22.25,8608.42,4.06,8,280,0,522,0,846,0,Free
12/6/2024 5:04:35,22.25,8609.04,4.06,8,280,0,522,0,847,0,Free
12/6/2024 5:04:36,22.25,8609.66,4.07,8,280,0,522,0,848,0,Free
12/6/2024 5:04:37,22.25,8610.27,4.07,8,280,0,522,0,849,0,Free
12/6/2024 5:04:46,22.25,8611.17,4.07,8,280,0,522,0,850,0,Free
12/6/2024 5:04:51,22.25,8611.79,4.07,8,280,0,522,0,851,0,Free
12/6/2024 5:04:54,22.25,8612.40,4.07,8,280,0,522,0,852,0,Free
12/6/2024 5:04:55,22.25,8613.02,4.07,8,280,0,522,0,853,0,Free
12/6/2024 5:04:56,22.25,8613.63,4.07,8,280,0,522,0,854,0,Free
12/6/2024 5:04:57,22.25,8614.25,4.06,8,280,0,522,0,855,0,Free
12/6/2024 5:05:01,22.25,8614.87,4.07,8,280,0,522,0,856,0,Free
12/6/2024 5:05:04,22.25,8615.49,4.07,8,280,0,522,0,857,0,Free
12/6/2024 5:05:05,22.25,8616.10,4.06,8,280,0,522,0,858,0,Free
12/6/2024 5:05:07,22.25,8616.72,4.07,8,280,0,522,0,859,0,Free
12/6/2024 5:05:09,22.25,8617.33,4.07,8,280,0,522,0,860,0,Free
12/6/2024 5:05:10,22.25,8617.95,4.06,8,280,0,522,0,861,0,Free
12/6/2024 5:05:14,22.25,8618.57,4.07,8,280,0,522,0,862,0,Free
12/6/2024 5:06:17,22.25,8621.98,4.06,8,280,0,523,0,862,0,Free
12/6/2024 5:06:18,22.25,8622.60,4.07,8,280,0,524,0,862,0,Free
12/6/2024 5:06:45,22.25,8624.34,4.06,8,280,0,524,0,863,0,Free
12/6/2024 5:06:49,22.25,8624.96,4.06,8,280,0,524,0,864,0,Free
12/6/2024 5:06:56,22.25,8625.57,4.06,8,280,0,524,0,865,0,Free
12/6/2024 5:06:59,22.25,8626.19,4.06,8,280,0,524,0,866,0,Free
12/6/2024 5:07:00,22.25,8626.80,4.06,8,280,0,524,0,867,0,Free
12/6/2024 5:07:01,22.25,8627.42,4.06,8,280,0,524,0,868,0,Free
12/6/2024 5:07:02,22.25,8628.04,4.07,8,280,0,524,0,869,0,Free
12/6/2024 5:07:05,22.25,8628.65,4.06,8,280,0,524,0,870,0,Free
12/6/2024 5:07:07,22.25,8629.27,4.06,8,280,0,524,0,871,0,Free
12/6/2024 5:07:13,22.25,8630.17,4.07,8,280,0,524,0,872,0,Free
12/6/2024 5:07:14,22.25,8630.78,4.07,8,280,0,524,0,873,0,Free
12/6/2024 5:07:16,22.25,8631.40,4.07,8,280,0,524,0,874,0,Free
12/6/2024 5:07:17,22.25,8632.02,4.07,8,280,0,524,0,875,0,Free
12/6/2024 5:07:17,22.25,8632.63,4.06,8,280,0,524,0,876,0,Free
12/6/2024 5:07:18,22.25,8633.25,4.06,8,280,0,524,0,877,0,Free
12/6/2024 5:07:25,22.25,8634.15,4.06,8,280,0,524,0,878,0,Free
12/6/2024 5:07:31,22.25,8634.76,4.06,8,280,0,524,0,879,0,Free
12/6/2024 5:07:46,22.25,8635.94,4.07,8,280,0,524,0,880,0,Free
12/6/2024 5:07:55,22.25,8636.83,4.06,8,280,0,524,0,881,0,Free
12/6/2024 5:07:57,22.25,8637.45,4.07,8,280,0,524,0,882,0,Free
12/6/2024 5:08:03,22.25,8638.06,4.06,8,280,0,524,0,883,0,Free
12/6/2024 5:08:07,22.25,8638.68,4.06,8,280,0,524,0,884,0,Free
12/6/2024 5:08:11,22.25,8639.30,4.06,8,280,0,524,0,885,0,Free
12/6/2024 5:08:22,22.25,8640.19,4.07,8,280,0,524,0,886,0,Free
12/6/2024 5:08:27,22.25,8640.81,4.06,8,280,0,524,0,887,0,Free
12/6/2024 5:08:38,22.25,8641.71,4.06,8,280,0,524,0,888,0,Free
12/6/2024 5:08:41,22.25,8642.33,4.06,8,280,0,524,0,889,0,Free
12/6/2024 5:08:42,22.25,8642.95,4.06,8,280,0,524,0,890,0,Free
12/6/2024 5:08:47,22.25,8643.56,4.06,8,280,0,524,0,891,0,Free
12/6/2024 5:08:47,22.25,8644.18,4.06,8,280,0,524,0,892,0,Free
12/6/2024 5:08:49,22.25,8644.79,4.06,8,280,0,524,0,893,0,Free
12/6/2024 5:09:00,22.25,8645.69,4.06,8,280,0,524,0,894,0,Free
12/6/2024 5:09:01,22.25,8646.31,4.06,8,280,0,524,0,895,0,Free
12/6/2024 5:09:02,22.25,8646.93,4.06,8,280,0,524,0,896,0,Free
12/6/2024 5:09:05,22.25,8647.54,4.07,8,280,0,524,0,897,0,Free
12/6/2024 5:09:07,22.25,8648.16,4.06,8,280,0,524,0,898,0,Free
12/6/2024 5:09:17,22.25,8649.05,4.07,8,280,0,524,0,899,0,Free
12/6/2024 5:09:24,22.25,8649.95,4.06,8,280,0,524,0,900,0,Free
12/6/2024 5:09:25,22.25,8650.56,4.06,8,280,0,524,0,901,0,Free
12/6/2024 5:09:30,22.25,8651.18,4.06,8,280,0,524,0,902,0,Free
12/6/2024 5:09:31,22.25,8651.80,4.07,8,280,0,524,0,903,0,Free
12/6/2024 5:09:34,22.25,8652.42,4.07,8,280,0,524,0,904,0,Free
12/6/2024 5:09:41,22.25,8653.31,4.06,8,280,0,524,0,905,0,Free
12/6/2024 5:09:46,22.25,8653.93,4.07,8,280,0,524,0,906,0,Free
12/6/2024 5:10:00,22.25,8655.10,4.06,8,280,0,524,0,907,0,Free
12/6/2024 5:10:09,22.25,8656.00,4.07,8,280,0,524,0,908,0,Free
12/6/2024 5:10:17,22.25,8656.89,4.06,8,280,0,524,0,909,0,Free
12/6/2024 5:10:26,22.25,8657.79,4.06,8,280,0,524,0,910,0,Free
12/6/2024 5:10:30,22.25,8658.41,4.06,8,280,0,524,0,911,0,Free
12/6/2024 5:10:37,22.25,8659.02,4.06,8,280,0,524,0,912,0,Free
12/6/2024 5:10:39,22.25,8659.64,4.06,8,280,0,524,0,913,0,Free
12/6/2024 5:10:40,22.25,8660.26,4.06,8,280,0,524,0,914,0,Free
12/6/2024 5:10:41,22.25,8660.87,4.07,8,280,0,524,0,915,0,Free
12/6/2024 5:10:45,22.25,8661.50,4.07,8,280,0,524,0,916,0,Free
12/6/2024 5:10:49,22.25,8662.11,4.06,8,280,0,524,0,917,0,Free
12/6/2024 5:10:51,22.25,8662.73,4.06,8,280,0,524,0,918,0,Free
12/6/2024 5:10:52,22.25,8663.35,4.06,8,280,0,524,0,919,0,Free
12/6/2024 5:10:55,22.25,8663.96,4.06,8,280,0,524,0,920,0,Free
12/6/2024 5:11:03,22.25,8664.86,4.06,8,280,0,524,0,921,0,Free
12/6/2024 5:13:07,22.25,8671.07,4.06,8,280,0,524,0,922,0,Free
12/6/2024 5:13:24,22.25,8672.70,4.06,8,280,0,525,458,922,0,Free
12/6/2024 5:13:46,22.25,8674.15,4.07,8,280,0,525,0,923,0,Free
12/6/2024 5:13:48,22.25,8674.77,4.07,8,281,0,525,0,923,0,Free
12/6/2024 5:14:03,22.25,8675.95,4.07,8,281,0,526,0,923,0,Free
12/6/2024 5:15:02,22.25,8689.51,4.07,8,281,0,526,0,923,0,Free
12/6/2024 5:16:43,22.50,8694.60,4.06,8,281,0,526,0,924,0,Free
12/6/2024 5:16:44,22.50,8695.22,4.06,8,281,0,526,0,925,0,Free
12/6/2024 5:16:48,22.50,8695.83,4.06,8,281,0,526,0,926,0,Free
12/6/2024 5:16:58,22.50,8698.18,4.06,8,281,0,527,1447,926,0,Free
12/6/2024 5:17:16,22.50,8699.35,4.07,8,282,0,527,0,926,0,Free
12/6/2024 5:17:17,22.50,8699.97,4.07,8,283,0,527,0,926,0,Free
12/6/2024 5:17:19,22.50,8700.58,4.07,8,283,0,528,0,926,0,Free
12/6/2024 5:21:21,22.50,8712.38,4.07,8,283,0,528,0,927,0,Free
12/6/2024 5:21:22,22.50,8713.00,4.06,8,283,0,528,0,928,0,Free
12/6/2024 5:21:24,22.50,8713.62,4.06,8,283,0,528,0,929,0,Free
12/6/2024 5:21:26,22.50,8714.23,4.06,8,283,0,528,0,930,0,Free
12/6/2024 5:21:34,22.50,8715.25,4.07,8,283,0,529,117,930,0,Free
12/6/2024 5:21:42,22.50,8716.14,4.07,8,283,0,530,0,930,0,Free
12/6/2024 5:21:53,22.50,8717.04,4.06,8,283,0,530,0,931,0,Free
12/6/2024 5:21:54,22.50,8717.65,4.07,8,283,0,530,0,932,0,Free
12/6/2024 5:22:10,22.50,8718.84,4.07,8,283,0,530,0,933,0,Free
12/6/2024 5:22:33,22.50,8720.59,4.06,8,283,0,531,292,933,0,Free
12/6/2024 5:22:46,22.50,8721.76,4.06,8,283,0,531,0,934,0,Free
12/6/2024 5:22:48,22.50,8722.38,4.07,8,283,0,531,0,935,1,Free
12/6/2024 5:22:50,22.50,8722.99,4.06,8,283,0,531,0,936,0,Free
12/6/2024 5:25:24,22.50,8730.60,4.06,8,283,0,531,0,937,0,Free
12/6/2024 5:25:32,22.50,8731.49,4.06,8,283,0,531,0,938,0,Free
12/6/2024 5:25:34,22.50,8732.11,4.06,8,283,0,531,0,939,0,Free
12/6/2024 5:25:34,22.50,8732.73,4.06,8,283,0,531,0,940,0,Free
12/6/2024 5:25:35,22.50,8733.34,4.06,8,283,0,531,0,941,0,Free
12/6/2024 5:25:37,22.50,8733.96,4.06,8,283,0,531,0,942,0,Free
12/6/2024 5:25:38,22.50,8734.58,4.07,8,283,0,531,0,943,0,Free
12/6/2024 5:25:39,22.50,8735.19,4.07,8,283,0,531,0,944,0,Free
12/6/2024 5:25:42,22.50,8735.81,4.06,8,283,0,531,0,945,0,Free
12/6/2024 5:25:43,22.50,8736.42,4.06,8,283,0,531,0,946,0,Free
12/6/2024 5:25:43,22.50,8737.04,4.06,8,283,0,531,0,947,0,Free
12/6/2024 5:25:47,22.50,8737.66,4.06,8,283,0,531,0,948,0,Free
12/6/2024 5:25:52,22.50,8738.28,4.07,8,283,0,531,0,949,0,Free
12/6/2024 5:25:53,22.50,8738.89,4.06,8,283,0,531,0,950,0,Free
12/6/2024 5:26:02,22.50,8739.79,4.06,8,283,0,531,0,951,0,Free
12/6/2024 5:26:03,22.50,8740.40,4.07,8,283,0,531,0,952,0,Free
12/6/2024 5:26:11,22.50,8741.30,4.06,8,283,0,531,0,953,0,Free
12/6/2024 5:26:16,22.50,8741.92,4.07,8,283,0,531,0,954,0,Free
12/6/2024 5:26:18,22.50,8742.53,4.06,8,283,0,531,0,955,0,Free
12/6/2024 5:26:23,22.50,8743.15,4.07,8,283,0,531,0,956,0,Free
12/6/2024 5:26:25,22.50,8743.77,4.07,8,283,0,531,0,957,0,Free
12/6/2024 5:26:29,22.50,8744.38,4.06,8,283,0,531,0,958,0,Free
12/6/2024 5:26:30,22.50,8745.01,4.06,8,283,0,531,0,959,0,Free
12/6/2024 5:26:31,22.50,8745.62,4.06,8,283,0,531,0,960,0,Free
12/6/2024 5:26:42,22.50,8746.52,4.06,8,283,0,531,0,961,0,Free
12/6/2024 5:26:44,22.50,8747.13,4.06,8,283,0,531,0,962,0,Free
12/6/2024 5:26:47,22.50,8747.75,4.06,8,283,0,531,0,963,0,Free
12/6/2024 5:26:48,22.50,8748.36,4.06,8,283,0,531,0,964,0,Free
12/6/2024 5:26:49,22.50,8748.98,4.06,8,283,0,531,0,965,0,Free
12/6/2024 5:26:50,22.50,8749.60,4.06,8,283,0,531,0,966,0,Free
12/6/2024 5:26:52,22.50,8750.22,4.06,8,283,0,531,0,967,0,Free
12/6/2024 5:26:53,22.50,8750.83,4.06,8,283,0,531,0,968,0,Free
12/6/2024 5:26:55,22.50,8751.45,4.07,8,283,0,531,0,969,0,Free
12/6/2024 5:26:58,22.50,8752.06,4.07,8,283,0,531,0,970,0,Free
12/6/2024 5:26:59,22.50,8752.68,4.06,8,283,0,531,0,971,0,Free
12/6/2024 5:27:03,22.50,8753.30,4.07,8,283,0,531,0,972,0,Free
12/6/2024 5:27:08,22.50,8753.92,4.07,8,283,0,531,0,973,0,Free
12/6/2024 5:27:11,22.50,8754.53,4.06,8,283,0,531,0,974,0,Free
12/6/2024 5:27:15,22.50,8755.15,4.06,8,283,0,531,0,975,0,Free
12/6/2024 5:27:19,22.50,8755.76,4.05,8,283,0,531,0,976,0,Free
12/6/2024 5:27:21,22.50,8756.38,4.06,8,283,0,531,0,977,0,Free
12/6/2024 5:27:24,22.50,8757.00,4.06,8,283,0,531,0,978,0,Free
12/6/2024 5:27:28,22.50,8757.61,4.07,8,283,0,531,0,979,0,Free
12/6/2024 5:27:30,22.50,8758.23,4.07,8,283,0,531,0,980,0,Free
12/6/2024 5:27:31,22.50,8758.85,4.06,8,283,0,531,0,981,0,Free
12/6/2024 5:27:38,22.50,8759.74,4.07,8,283,0,531,0,982,0,Free
12/6/2024 5:27:41,22.50,8760.36,4.07,8,283,0,531,0,983,0,Free
12/6/2024 5:27:42,22.50,8760.97,4.06,8,283,0,531,0,984,0,Free
12/6/2024 5:27:43,22.50,8761.59,4.06,8,283,0,531,0,985,0,Free
12/6/2024 5:27:47,22.50,8762.21,4.06,8,283,0,531,0,986,0,Free
12/6/2024 5:28:06,22.50,8763.67,4.07,8,283,0,531,0,987,0,Free
12/6/2024 5:28:09,22.50,8764.28,4.07,8,283,0,531,0,988,0,Free
12/6/2024 5:28:13,22.50,8764.90,4.07,8,283,0,531,0,989,0,Free
12/6/2024 5:28:15,22.50,8765.52,4.07,8,283,0,531,0,990,0,Free
12/6/2024 5:28:21,22.50,8766.41,4.07,8,283,0,531,0,991,0,Free
12/6/2024 5:28:45,22.50,8778.30,4.07,8,283,0,531,0,991,0,Free
12/6/2024 5:28:46,22.50,8778.92,4.07,8,283,0,531,0,992,0,Free
12/6/2024 5:29:08,22.50,8780.37,4.06,8,283,0,531,0,993,0,Free
12/6/2024 5:29:17,22.50,8781.27,4.06,8,283,0,531,0,994,0,Free
12/6/2024 5:29:20,22.50,8781.89,4.05,8,283,0,531,0,995,0,Free
12/6/2024 5:29:24,22.50,8782.51,4.06,8,283,0,531,0,996,0,Free
12/6/2024 5:29:26,22.50,8783.12,4.06,8,283,0,531,0,997,0,Free
12/6/2024 5:29:33,22.50,8784.02,4.06,8,283,0,531,0,998,0,Free
12/6/2024 5:29:34,22.50,8784.63,4.06,8,283,0,531,0,999,0,Free
12/6/2024 5:29:35,22.50,8785.25,4.06,8,283,0,531,0,1000,0,Free
12/6/2024 5:29:36,22.50,8785.86,4.06,8,283,0,531,0,1001,0,Free
12/6/2024 5:29:38,22.50,8786.48,4.07,8,283,0,531,0,1002,0,Free
12/6/2024 5:29:41,22.50,8787.10,4.06,8,283,0,531,0,1003,0,Free
12/6/2024 5:29:42,22.50,8787.72,4.06,8,283,0,531,0,1004,0,Free
12/6/2024 5:29:46,22.50,8788.33,4.05,8,283,0,531,0,1005,0,Free
12/6/2024 5:29:50,22.50,8788.95,4.06,8,283,0,531,0,1006,0,Free
12/6/2024 5:29:57,22.50,8789.84,4.06,8,283,0,531,0,1007,0,Free
12/6/2024 5:29:58,22.50,8790.46,4.06,8,283,0,531,0,1008,0,Free
12/6/2024 5:30:00,22.50,8791.08,4.06,8,283,0,531,0,1009,0,Free
12/6/2024 5:30:02,22.50,8791.69,4.06,8,283,0,531,0,1010,0,Free
12/6/2024 5:30:03,22.50,8792.31,4.06,8,283,0,531,0,1011,0,Free
12/6/2024 5:30:04,22.50,8792.94,4.06,8,283,0,531,0,1012,0,Free
12/6/2024 5:30:06,22.50,8793.55,4.06,8,283,0,531,0,1013,0,Free
12/6/2024 5:31:54,22.50,8798.92,4.06,8,283,0,531,0,1014,0,Free
12/6/2024 5:33:35,22.50,8804.01,4.06,8,283,0,532,0,1014,0,Free
12/6/2024 5:33:54,22.50,8805.47,4.06,8,283,0,533,0,1014,0,Free
12/6/2024 5:34:00,22.50,8806.08,4.07,8,283,0,534,0,1014,0,Free
12/6/2024 5:34:01,22.50,8807.27,4.06,8,283,0,535,574,1014,0,Free
12/6/2024 5:34:23,22.50,8808.73,4.06,8,283,0,535,0,1015,0,Free
12/6/2024 5:34:37,22.50,8810.16,4.07,8,283,0,536,251,1015,0,Free
12/6/2024 5:34:41,22.50,8810.77,4.07,8,283,0,537,0,1015,0,Free
12/6/2024 5:37:17,22.50,8818.66,4.05,8,283,0,537,0,1016,0,Free
12/6/2024 5:37:25,22.50,8819.55,4.06,8,283,0,537,0,1017,0,Free
12/6/2024 5:37:27,22.50,8820.17,4.06,8,283,0,537,0,1018,0,Free
12/6/2024 5:37:28,22.50,8820.78,4.06,8,283,0,537,0,1019,0,Free
12/6/2024 5:37:30,22.50,8821.40,4.06,8,283,0,537,0,1020,0,Free
12/6/2024 5:37:33,22.50,8822.02,4.07,8,283,0,537,0,1021,0,Free
12/6/2024 5:37:37,22.50,8822.64,4.06,8,283,0,537,0,1022,0,Free
12/6/2024 5:37:39,22.50,8823.25,4.06,8,283,0,537,0,1023,0,Free
12/6/2024 5:37:39,22.50,8823.87,4.06,8,283,0,537,0,1024,0,Free
12/6/2024 5:42:26,22.50,8837.62,4.06,8,283,0,537,0,1025,0,Free
12/6/2024 5:42:32,22.50,8838.52,4.06,8,283,0,537,0,1026,0,Free
12/6/2024 5:42:39,22.50,8839.41,4.06,8,283,0,537,0,1027,0,Free
12/6/2024 5:42:45,22.50,8840.31,4.06,8,283,0,537,0,1028,0,Free
12/6/2024 5:42:47,22.50,8840.93,4.07,8,283,0,537,0,1029,0,Free
12/6/2024 5:42:53,22.50,8841.54,4.06,8,283,0,537,0,1030,0,Free
12/6/2024 5:43:02,22.50,8842.44,4.06,8,283,0,537,0,1031,0,Free
12/6/2024 5:43:03,22.50,8843.06,4.06,8,283,0,537,0,1032,0,Free
12/6/2024 5:43:03,22.50,8843.68,4.06,8,283,0,537,0,1033,0,Free
12/6/2024 5:43:05,22.50,8844.30,4.06,8,283,0,537,0,1034,0,Free
12/6/2024 5:43:06,22.50,8844.91,4.06,8,283,0,537,0,1035,0,Free
12/6/2024 5:43:07,22.50,8845.53,4.06,8,283,0,537,0,1036,0,Free
12/6/2024 5:43:10,22.50,8846.15,4.06,8,283,0,537,0,1037,0,Free
12/6/2024 5:43:11,22.50,8846.77,4.06,8,283,0,537,0,1038,0,Free
12/6/2024 5:43:12,22.50,8847.38,4.06,8,283,0,537,0,1039,0,Free
12/6/2024 5:43:29,22.50,8858.99,4.06,8,283,0,537,0,1039,0,Free
12/6/2024 5:43:36,22.50,8859.89,4.06,8,283,0,537,0,1040,0,Free
12/6/2024 5:43:38,22.50,8860.50,4.06,8,283,0,537,0,1041,0,Free
12/6/2024 5:43:39,22.50,8861.12,4.06,8,283,0,537,0,1042,0,Free
12/6/2024 5:43:43,22.50,8861.73,4.06,8,283,0,537,0,1043,0,Free
12/6/2024 5:43:50,22.50,8862.63,4.06,8,283,0,537,0,1044,0,Free
12/6/2024 5:43:58,22.50,8863.53,4.06,8,283,0,537,0,1045,0,Free
12/6/2024 5:44:00,22.50,8864.14,4.06,8,283,0,537,0,1046,0,Free
12/6/2024 5:44:03,22.50,8864.76,4.07,8,283,0,537,0,1047,0,Free
12/6/2024 5:44:05,22.50,8865.38,4.07,8,283,0,537,0,1048,0,Free
12/6/2024 5:44:10,22.50,8865.99,4.06,8,283,0,537,0,1049,0,Free
12/6/2024 5:44:10,22.50,8866.61,4.06,8,283,0,537,0,1050,0,Free
12/6/2024 5:44:14,22.50,8867.22,4.06,8,283,0,537,0,1051,0,Free
12/6/2024 5:44:15,22.50,8867.84,4.06,8,283,0,537,0,1052,0,Free
12/6/2024 5:44:28,22.50,8869.02,4.06,8,283,0,537,0,1053,0,Free
12/6/2024 5:44:31,22.50,8869.64,4.06,8,283,0,537,0,1054,0,Free
12/6/2024 5:44:31,22.50,8870.25,4.06,8,283,0,537,0,1055,0,Free
12/6/2024 5:44:32,22.50,8870.87,4.06,8,283,0,537,0,1056,0,Free
12/6/2024 5:44:48,22.50,8872.04,4.06,8,283,0,537,0,1057,0,Free
12/6/2024 5:44:50,22.50,8872.66,4.07,8,283,0,537,0,1058,0,Free
12/6/2024 5:44:50,22.50,8873.28,4.06,8,283,0,537,0,1059,0,Free
12/6/2024 5:44:54,22.50,8873.90,4.06,8,283,0,537,0,1060,0,Free
12/6/2024 5:44:56,22.50,8874.52,4.06,8,283,0,537,0,1061,0,Free
12/6/2024 5:44:57,22.50,8875.13,4.06,8,283,0,537,0,1062,0,Free
12/6/2024 5:45:00,22.50,8875.75,4.06,8,283,0,537,0,1063,0,Free
12/6/2024 5:45:02,22.50,8876.37,4.06,8,283,0,537,0,1064,0,Free
12/6/2024 5:45:04,22.50,8876.98,4.06,8,283,0,537,0,1065,0,Free
12/6/2024 5:45:06,22.50,8877.60,4.06,8,283,0,537,0,1066,0,Free
12/6/2024 5:45:09,22.50,8878.22,4.06,8,283,0,537,0,1067,0,Free
12/6/2024 5:45:11,22.50,8878.83,4.06,8,283,0,537,0,1068,0,Free
12/6/2024 5:45:15,22.50,8879.45,4.06,8,283,0,537,0,1069,0,Free
12/6/2024 5:45:16,22.50,8880.07,4.06,8,283,0,537,0,1070,0,Free
12/6/2024 5:45:17,22.50,8880.68,4.06,8,283,0,537,0,1071,0,Free
12/6/2024 5:45:25,22.50,8881.58,4.07,8,283,0,537,0,1072,0,Free
12/6/2024 5:45:25,22.50,8882.20,4.06,8,283,0,537,0,1073,0,Free
12/6/2024 5:45:27,22.50,8882.81,4.06,8,283,0,537,0,1074,0,Free
12/6/2024 5:45:32,22.50,8883.43,4.07,8,283,0,537,0,1075,0,Free
12/6/2024 5:45:32,22.50,8884.05,4.06,8,283,0,537,0,1076,0,Free
12/6/2024 5:45:33,22.50,8884.67,4.06,8,283,0,537,0,1077,0,Free
12/6/2024 5:45:35,22.50,8885.28,4.06,8,283,0,537,0,1078,0,Free
12/6/2024 5:45:37,22.50,8885.90,4.06,8,283,0,537,0,1079,0,Free
12/6/2024 5:45:43,22.50,8886.79,4.07,8,283,0,537,0,1080,0,Free
12/6/2024 5:45:44,22.50,8887.41,4.07,8,283,0,537,0,1081,0,Free
12/6/2024 5:45:49,22.50,8888.03,4.06,8,283,0,537,0,1082,0,Free
12/6/2024 5:45:52,22.50,8888.64,4.07,8,283,0,537,0,1083,0,Free
12/6/2024 5:45:54,22.50,8889.26,4.06,8,283,0,537,0,1084,0,Free
12/6/2024 5:45:55,22.50,8889.88,4.06,8,283,0,537,0,1085,0,Free
12/6/2024 5:45:59,22.50,8890.50,4.06,8,283,0,537,0,1086,0,Free
12/6/2024 5:46:50,22.50,8893.35,4.06,8,283,0,537,0,1087,0,Free
12/6/2024 5:46:57,22.50,8894.25,4.06,8,283,0,537,0,1088,0,Free
12/6/2024 5:47:03,22.50,8894.87,4.06,8,283,0,537,0,1089,0,Free
12/6/2024 5:47:04,22.50,8895.48,4.07,8,283,0,537,0,1090,0,Free
12/6/2024 5:47:06,22.50,8896.10,4.06,8,283,0,537,0,1091,0,Free
12/6/2024 5:47:07,22.50,8896.71,4.06,8,283,0,537,0,1092,0,Free
12/6/2024 5:47:08,22.50,8897.33,4.06,8,283,0,537,0,1093,0,Free
12/6/2024 5:47:09,22.50,8897.95,4.06,8,283,0,537,0,1094,0,Free
12/6/2024 5:47:14,22.50,8898.57,4.07,8,283,0,537,0,1095,0,Free
12/6/2024 5:47:18,22.50,8899.18,4.07,8,283,0,537,0,1096,0,Free
12/6/2024 5:47:19,22.50,8899.80,4.06,8,283,0,537,0,1097,0,Free
12/6/2024 5:47:22,22.50,8900.42,4.07,8,283,0,537,0,1098,0,Free
12/6/2024 5:47:25,22.50,8901.03,4.06,8,283,0,537,0,1099,0,Free
12/6/2024 5:47:29,22.50,8901.65,4.06,8,283,0,537,0,1100,0,Free
12/6/2024 5:47:34,22.50,8902.27,4.06,8,283,0,537,0,1101,0,Free
12/6/2024 5:47:36,22.50,8902.88,4.06,8,283,0,537,0,1102,0,Free
12/6/2024 5:47:41,22.50,8903.50,4.06,8,283,0,537,0,1103,0,Free
12/6/2024 5:47:42,22.50,8904.11,4.07,8,283,0,537,0,1104,0,Free
12/6/2024 5:47:42,22.50,8904.73,4.07,8,283,0,537,0,1105,0,Free
12/6/2024 5:47:48,22.50,8905.35,4.06,8,283,0,537,0,1106,0,Free
12/6/2024 5:48:03,22.50,8906.52,4.06,8,283,0,537,0,1107,0,Free
12/6/2024 5:48:06,22.50,8907.14,4.06,8,283,0,537,0,1108,0,Free
12/6/2024 5:48:16,22.50,8908.04,4.06,8,283,0,537,0,1109,0,Free
12/6/2024 5:48:19,22.50,8908.65,4.06,8,283,0,537,0,1110,0,Free
12/6/2024 5:48:23,22.50,8909.27,4.06,8,283,0,537,0,1111,0,Free
12/6/2024 5:48:32,22.50,8910.17,4.06,8,283,0,537,0,1112,0,Free
12/6/2024 5:48:34,22.50,8910.79,4.06,8,283,0,537,0,1113,0,Free
12/6/2024 5:48:36,22.50,8911.40,4.05,8,283,0,537,0,1114,0,Free
12/6/2024 5:48:37,22.50,8912.02,4.06,8,283,0,537,0,1115,0,Free
12/6/2024 5:48:41,22.50,8912.64,4.06,8,283,0,537,0,1116,0,Free
12/6/2024 5:48:43,22.50,8913.26,4.06,8,283,0,537,0,1117,0,Free
12/6/2024 5:48:51,22.50,8914.15,4.07,8,283,0,537,0,1118,0,Free
12/6/2024 5:49:07,22.50,8915.33,4.07,8,283,0,537,0,1119,0,Free
12/6/2024 5:49:13,22.50,8916.22,4.06,8,283,0,537,0,1120,0,Free
12/6/2024 5:49:25,22.50,8917.12,4.06,8,283,0,537,0,1121,0,Free
12/6/2024 5:49:31,22.50,8918.01,4.07,8,283,0,537,0,1122,0,Free
12/6/2024 5:49:35,22.50,8918.63,4.06,8,283,0,537,0,1123,0,Free
12/6/2024 5:49:39,22.50,8919.25,4.05,8,283,0,537,0,1124,0,Free
12/6/2024 5:51:02,22.50,8923.50,4.06,8,283,0,538,0,1124,0,Free
12/6/2024 5:51:04,22.50,8924.12,4.06,8,283,0,539,0,1124,0,Free
12/6/2024 5:51:29,22.50,8925.86,4.06,8,283,0,539,0,1125,0,Free
12/6/2024 5:53:18,22.50,8931.22,4.06,8,283,0,539,0,1126,0,Free
12/6/2024 5:53:52,22.50,8933.24,4.07,8,283,0,539,0,1127,0,Free
12/6/2024 5:55:09,22.50,8937.21,4.07,8,283,0,539,0,1128,0,Free
12/6/2024 5:55:51,22.50,8939.50,4.07,8,283,0,540,0,1128,0,Free
12/6/2024 5:56:20,22.50,8951.67,4.06,8,283,0,540,0,1128,0,Free
12/6/2024 5:56:47,22.50,8953.41,4.06,8,283,0,540,0,1129,0,Free
12/6/2024 5:58:19,22.50,8958.22,4.07,8,283,0,540,0,1130,0,Free
12/6/2024 5:58:21,22.50,8958.83,4.07,8,283,0,540,0,1131,0,Free
12/6/2024 6:02:05,22.50,8969.79,4.06,8,283,0,540,0,1132,0,Free
12/6/2024 6:02:17,22.50,8970.97,4.06,8,283,0,540,0,1133,0,Free
12/6/2024 6:02:19,22.50,8971.59,4.06,8,283,0,540,0,1134,0,Free
12/6/2024 6:02:21,22.50,8972.21,4.07,8,283,0,540,0,1135,0,Free
12/6/2024 6:02:22,22.50,8972.82,4.06,8,283,0,540,0,1136,0,Free
12/6/2024 6:02:23,22.50,8973.44,4.06,8,283,0,540,0,1137,0,Free
12/6/2024 6:02:24,22.50,8974.06,4.06,8,283,0,540,0,1138,0,Free
12/6/2024 6:02:51,22.50,8975.81,4.06,8,283,0,541,18,1138,0,Free
12/6/2024 6:02:58,22.50,8976.71,4.06,8,283,0,541,0,1139,0,Free
12/6/2024 6:03:00,22.50,8977.33,4.06,8,283,0,541,0,1140,0,Free
12/6/2024 6:03:02,22.50,8977.94,4.06,8,283,0,541,0,1141,0,Free
12/6/2024 6:03:18,22.50,8979.12,4.06,8,283,0,542,0,1141,0,Free
12/6/2024 6:05:28,22.50,8987.28,4.06,8,283,0,543,1672,1141,0,Free
12/6/2024 6:07:08,22.50,8992.37,4.06,8,283,0,543,0,1142,0,Free
12/6/2024 6:07:13,22.50,8992.98,4.07,8,283,0,543,0,1143,0,Free
12/6/2024 6:07:14,22.50,8993.60,4.07,8,283,0,543,0,1144,0,Free
12/6/2024 6:07:25,22.50,8994.50,4.06,8,283,0,543,0,1145,0,Free
12/6/2024 6:07:26,22.50,8995.11,4.06,8,283,0,543,0,1146,0,Free
12/6/2024 6:07:55,22.50,8996.85,4.06,8,283,0,543,0,1147,0,Free
12/6/2024 6:08:01,22.50,8997.46,4.06,8,283,0,543,0,1148,0,Free
12/6/2024 6:08:08,22.50,8998.36,4.06,8,283,0,543,0,1149,0,Free
12/6/2024 6:08:11,22.50,8998.98,4.06,8,283,0,543,0,1150,0,Free
12/6/2024 6:08:12,22.50,8999.59,4.06,8,283,0,543,0,1151,0,Free
12/6/2024 6:08:13,22.50,9000.21,4.07,8,283,0,543,0,1152,0,Free
12/6/2024 6:08:14,22.50,9000.83,4.06,8,283,0,543,0,1153,0,Free
12/6/2024 6:08:15,22.50,9001.44,4.06,8,283,0,543,0,1154,0,Free
12/6/2024 6:08:23,22.50,9002.34,4.06,8,283,0,543,0,1155,0,Free
12/6/2024 6:08:25,22.50,9002.95,4.06,8,283,0,543,0,1156,0,Free
12/6/2024 6:08:37,22.50,9003.85,4.07,8,283,0,543,0,1157,0,Free
12/6/2024 6:08:40,22.50,9004.47,4.06,8,283,0,543,0,1158,0,Free
12/6/2024 6:08:41,22.50,9005.09,4.07,8,283,0,543,0,1159,0,Free
12/6/2024 6:08:42,22.50,9005.71,4.06,8,283,0,543,0,1160,0,Free
12/6/2024 6:08:53,22.50,9006.60,4.06,8,283,0,543,0,1161,0,Free
12/6/2024 6:08:55,22.50,9007.22,4.06,8,283,0,543,0,1162,0,Free
12/6/2024 6:08:56,22.50,9007.84,4.07,8,283,0,543,0,1163,0,Free
12/6/2024 6:09:00,22.50,9008.45,4.06,8,283,0,543,0,1164,0,Free
12/6/2024 6:09:04,22.50,9009.07,4.06,8,283,0,543,0,1165,0,Free
12/6/2024 6:09:06,22.50,9009.69,4.06,8,283,0,543,0,1166,0,Free
12/6/2024 6:09:08,22.50,9010.30,4.07,8,283,0,543,0,1167,0,Free
12/6/2024 6:09:09,22.50,9010.92,4.06,8,283,0,543,0,1168,0,Free
12/6/2024 6:09:09,22.50,9011.54,4.06,8,283,0,543,0,1169,0,Free
12/6/2024 6:09:10,22.50,9012.15,4.06,8,283,0,543,0,1170,0,Free
12/6/2024 6:09:11,22.50,9012.77,4.06,8,283,0,543,0,1171,0,Free
12/6/2024 6:09:12,22.50,9013.39,4.06,8,283,0,543,0,1172,0,Free
12/6/2024 6:09:13,22.50,9014.00,4.06,8,283,0,543,0,1173,0,Free
12/6/2024 6:09:14,22.50,9014.62,4.06,8,283,0,543,0,1174,0,Free
12/6/2024 6:11:25,22.50,9031.54,4.06,8,283,0,543,0,1174,0,Free
12/6/2024 6:16:44,22.50,9046.97,4.06,8,283,0,543,0,1175,0,Free
12/6/2024 6:28:41,22.25,9080.86,4.06,8,283,0,543,0,1176,0,Free
12/6/2024 6:29:10,22.25,9082.59,4.06,8,283,0,544,0,1176,0,Free
12/6/2024 6:29:27,22.25,9094.20,4.06,8,283,0,544,0,1176,0,Free
12/6/2024 6:36:49,22.50,9115.22,4.06,8,283,0,544,0,1177,0,Free
12/6/2024 6:47:36,22.25,9156.18,4.06,8,283,0,544,0,1177,0,Free
12/6/2024 7:05:47,22.25,9217.83,4.06,8,283,0,544,0,1177,0,Free
12/6/2024 7:23:58,22.25,9279.48,4.06,8,283,0,544,0,1177,0,Free
12/6/2024 7:42:09,22.25,9341.13,4.06,8,283,0,544,0,1177,0,Free
12/6/2024 8:00:20,22.25,9402.78,4.06,8,283,0,544,0,1177,0,Free
12/6/2024 8:15:22,22.25,9445.33,4.06,8,283,0,544,0,1178,0,Free
12/6/2024 8:15:25,22.25,9445.95,4.07,8,283,0,544,0,1179,0,Free
12/6/2024 8:18:24,22.25,9465.10,4.06,8,283,0,544,0,1179,0,Free
12/6/2024 8:36:35,22.25,9526.75,4.06,8,283,0,544,0,1179,0,Free
12/6/2024 8:54:46,22.25,9588.40,4.06,8,283,0,544,0,1179,0,Free
12/6/2024 9:12:57,22.25,9650.05,4.06,8,283,0,544,0,1179,0,Free
12/6/2024 9:31:08,22.25,9711.70,4.05,8,283,0,544,0,1179,0,Free
12/6/2024 9:49:19,22.25,9773.35,4.06,8,283,0,544,0,1179,0,Free
12/6/2024 9:52:29,22.50,9782.63,4.06,8,283,0,544,0,1180,0,Free
12/6/2024 9:52:30,22.50,9783.25,4.05,8,283,0,544,0,1181,0,Free
12/6/2024 9:52:59,22.50,9784.98,4.06,8,283,0,544,0,1182,0,Free
12/6/2024 9:56:55,22.50,9796.50,4.05,8,283,0,544,0,1183,0,Free
12/6/2024 9:56:56,22.50,9797.12,4.06,8,283,0,544,0,1184,0,Free
12/6/2024 9:56:58,22.50,9797.73,4.06,8,283,0,544,0,1185,0,Free
12/6/2024 9:57:01,22.50,9798.35,4.06,8,283,0,544,0,1186,0,Free
12/6/2024 9:57:02,22.50,9798.97,4.06,8,283,0,544,0,1187,0,Free
12/6/2024 9:57:03,22.50,9799.59,4.06,8,283,0,544,0,1188,0,Free
12/6/2024 9:57:05,22.50,9800.21,4.05,8,283,0,544,0,1189,0,Free
12/6/2024 9:57:06,22.50,9800.82,4.05,8,283,0,544,0,1190,0,Free
12/6/2024 9:57:09,22.50,9801.44,4.05,8,283,0,544,0,1191,0,Free
12/6/2024 9:57:10,22.50,9802.06,4.06,8,283,0,544,0,1192,0,Free
12/6/2024 9:57:14,22.50,9802.67,4.05,8,283,0,544,0,1193,0,Free
12/6/2024 9:57:26,22.50,9803.57,4.06,8,283,0,544,0,1194,1,Free
12/6/2024 9:57:31,22.50,9804.19,4.05,8,283,0,544,0,1195,0,Free
12/6/2024 9:57:39,22.50,9805.08,4.06,8,283,0,544,0,1196,0,Free
12/6/2024 9:57:43,22.50,9805.70,4.06,8,283,0,544,0,1197,0,Free
12/6/2024 9:57:47,22.50,9806.31,4.05,8,283,0,544,0,1198,0,Free
12/6/2024 9:57:54,22.50,9806.94,4.06,8,283,0,544,0,1199,0,Free
12/6/2024 9:57:55,22.50,9807.55,4.05,8,283,0,544,0,1200,0,Free
12/6/2024 9:57:59,22.50,9808.17,4.06,8,283,0,544,0,1201,0,Free
12/6/2024 9:58:50,22.50,9811.02,4.06,8,283,0,544,0,1202,0,Free
12/6/2024 9:58:50,22.50,9811.64,4.06,8,283,0,544,0,1203,0,Free
12/6/2024 10:04:29,22.50,9827.91,4.06,8,283,0,544,0,1204,0,Free
12/6/2024 10:04:38,22.50,9828.81,4.06,8,284,0,544,0,1204,0,Free
12/6/2024 10:04:43,22.50,9830.14,4.06,8,284,0,545,717,1204,0,Free
12/6/2024 10:05:01,22.50,9831.66,4.05,8,284,0,546,343,1204,0,Free
12/6/2024 10:05:38,22.50,9833.95,4.06,8,284,0,546,0,1205,0,Free
12/6/2024 10:05:39,22.50,9834.57,4.05,8,284,0,546,0,1206,0,Free
12/6/2024 10:05:43,22.50,9835.18,4.05,8,284,0,546,0,1207,0,Free
12/6/2024 10:05:54,22.50,9846.51,4.05,8,284,0,546,0,1207,0,Free
12/6/2024 10:06:00,22.50,9847.13,4.06,8,284,0,547,0,1207,0,Free
12/6/2024 10:06:42,22.50,9849.70,4.05,8,284,0,547,0,1208,0,Free
12/6/2024 10:06:43,22.50,9850.32,4.05,8,284,0,547,0,1209,0,Free
12/6/2024 10:06:45,22.50,9850.93,4.05,8,284,0,547,0,1210,0,Free
12/6/2024 10:06:47,22.50,9851.55,4.05,8,284,0,547,0,1211,0,Free
12/6/2024 10:06:54,22.50,9852.45,4.06,8,284,0,547,0,1212,0,Free
12/6/2024 10:06:57,22.50,9853.07,4.05,8,284,0,547,0,1213,0,Free
12/6/2024 10:07:02,22.50,9853.68,4.06,8,284,0,547,0,1214,0,Free
12/6/2024 10:07:11,22.50,9854.58,4.05,8,284,0,547,0,1215,0,Free
12/6/2024 10:07:16,22.50,9855.19,4.05,8,284,0,547,0,1216,0,Free
12/6/2024 10:07:31,22.50,9856.37,4.06,8,284,0,547,0,1217,0,Free
12/6/2024 10:07:38,22.50,9857.26,4.06,8,284,0,547,0,1218,0,Free
12/6/2024 10:07:43,22.50,9857.88,4.05,8,284,0,547,0,1219,0,Free
12/6/2024 10:07:48,22.50,9858.50,4.06,8,284,0,547,0,1220,0,Free
12/6/2024 10:07:57,22.50,9859.40,4.05,8,284,0,547,0,1221,0,Free
12/6/2024 10:08:02,22.50,9860.02,4.05,8,284,0,547,0,1222,0,Free
12/6/2024 10:08:07,22.50,9860.63,4.05,8,284,0,547,0,1223,0,Free
12/6/2024 10:08:10,22.50,9861.25,4.05,8,284,0,547,0,1224,0,Free
12/6/2024 10:08:14,22.50,9861.86,4.06,8,284,0,547,0,1225,0,Free
12/6/2024 10:08:15,22.50,9862.48,4.06,8,284,0,547,0,1226,0,Free
12/6/2024 10:08:19,22.50,9863.10,4.05,8,284,0,547,0,1227,0,Free
12/6/2024 10:09:45,22.50,9867.63,4.06,8,284,0,547,0,1228,0,Free
12/6/2024 10:12:25,22.50,9875.51,4.06,8,284,0,548,0,1228,0,Free
12/6/2024 10:12:40,22.50,9877.01,4.05,8,284,0,549,327,1228,0,Free
12/6/2024 10:13:03,22.50,9878.47,4.06,8,284,0,549,0,1229,0,Free
12/6/2024 10:13:05,22.50,9879.09,4.06,8,284,0,549,0,1230,0,Free
12/6/2024 10:13:06,22.50,9879.70,4.06,8,284,0,549,0,1231,0,Free
12/6/2024 10:13:08,22.50,9880.32,4.06,8,284,0,549,0,1232,0,Free
12/6/2024 10:13:09,22.50,9880.94,4.05,8,284,0,549,0,1233,0,Free
12/6/2024 10:13:15,22.50,9881.55,4.06,8,284,0,549,0,1234,0,Free
12/6/2024 10:14:32,22.50,9885.52,4.06,8,284,0,549,0,1235,0,Free
12/6/2024 10:14:38,22.50,9886.42,4.06,8,284,0,549,0,1236,0,Free
12/6/2024 10:14:41,22.50,9887.03,4.05,8,284,0,549,0,1237,0,Free
12/6/2024 10:14:44,22.50,9887.65,4.06,8,284,0,549,0,1238,0,Free
12/6/2024 10:14:50,22.50,9888.27,4.05,8,284,0,549,0,1239,0,Free
12/6/2024 10:14:51,22.50,9888.89,4.05,8,284,0,549,0,1240,0,Free
12/6/2024 10:14:57,22.50,9889.78,4.06,8,284,0,549,0,1241,0,Free
12/6/2024 10:15:01,22.50,9890.40,4.05,8,284,0,549,0,1242,0,Free
12/6/2024 10:15:03,22.50,9891.01,4.05,8,284,0,549,0,1243,0,Free
12/6/2024 10:15:03,22.50,9891.63,4.06,8,284,0,549,0,1244,0,Free
12/6/2024 10:16:12,22.50,9895.32,4.05,8,285,0,549,0,1244,0,Free
12/6/2024 10:17:53,22.50,9900.45,4.05,8,285,0,550,35,1244,0,Free
12/6/2024 10:19:47,22.50,9906.38,4.05,8,285,0,550,0,1245,0,Free
12/6/2024 10:19:51,22.50,9907.00,4.06,8,285,0,550,0,1246,0,Free
12/6/2024 10:19:52,22.50,9907.62,4.05,8,285,0,550,0,1247,0,Free
12/6/2024 10:21:45,22.50,9923.70,4.06,8,285,0,550,0,1247,0,Free
12/6/2024 10:25:00,22.50,9933.26,4.06,8,285,0,550,0,1248,0,Free
12/6/2024 10:26:46,22.50,9938.63,4.05,8,286,0,550,0,1248,0,Free
