Timestamp,Temperature,ElapsedSecs,BatteryVoltage,DeviceNumber,LeftCount,LeftDur,RightCount,RightDur,LeftFeedCount,LeftFeedDur,FeedParadigm
12/4/2024 16:01:09,21.50,18.02,4.15,9,0,0,0,0,0,0,Free
12/4/2024 16:06:08,21.75,32.30,4.16,9,0,0,0,0,1,0,Free
12/4/2024 16:06:10,21.75,32.92,4.15,9,0,0,0,0,2,0,Free
12/4/2024 16:19:17,22.25,82.18,4.15,9,0,0,0,0,2,0,Free
12/4/2024 16:37:30,22.50,145.66,4.15,9,0,0,0,0,2,0,Free
12/4/2024 16:55:43,22.75,209.13,4.15,9,0,0,0,0,2,0,Free
12/4/2024 17:13:56,22.75,272.60,4.14,9,0,0,0,0,2,0,Free
12/4/2024 17:32:09,22.75,336.08,4.15,9,0,0,0,0,2,0,Free
12/4/2024 17:50:22,22.75,399.55,4.15,9,0,0,0,0,2,0,Free
12/4/2024 18:08:35,22.75,463.02,4.15,9,0,0,0,0,2,0,Free
12/4/2024 18:17:46,22.75,488.99,4.13,9,0,0,0,0,3,0,Free
12/4/2024 18:26:47,22.75,526.83,4.15,9,0,0,0,0,3,0,Free
12/4/2024 18:45:00,22.75,590.31,4.15,9,0,0,0,0,3,0,Free
12/4/2024 19:03:13,22.75,653.78,4.15,9,0,0,0,0,3,0,Free
12/4/2024 19:21:26,22.75,717.25,4.15,9,0,0,0,0,3,0,Free
12/4/2024 19:39:39,22.75,780.72,4.15,9,0,0,0,0,3,0,Free
12/4/2024 19:57:52,22.75,844.20,4.15,9,0,0,0,0,3,0,Free
12/4/2024 20:16:05,22.75,907.67,4.14,9,0,0,0,0,3,0,Free
12/4/2024 20:34:18,22.50,971.14,4.15,9,0,0,0,0,3,0,Free
12/4/2024 20:52:31,22.50,1034.62,4.14,9,0,0,0,0,3,0,Free
12/4/2024 21:10:44,22.50,1098.09,4.14,9,0,0,0,0,3,0,Free
12/4/2024 21:28:57,22.50,1161.57,4.14,9,0,0,0,0,3,0,Free
12/4/2024 21:47:10,22.50,1225.04,4.14,9,0,0,0,0,3,0,Free
12/4/2024 22:05:23,22.50,1288.52,4.14,9,0,0,0,0,3,0,Free
12/4/2024 22:23:36,22.50,1351.99,4.14,9,0,0,0,0,3,0,Free
12/4/2024 22:41:49,22.25,1415.47,4.14,9,0,0,0,0,3,0,Free
12/4/2024 23:00:02,22.25,1478.94,4.14,9,0,0,0,0,3,0,Free
12/4/2024 23:05:13,22.25,1493.76,4.14,9,1,0,0,0,3,0,Free
12/4/2024 23:05:14,22.25,1494.38,4.14,9,2,0,0,0,3,0,Free
12/4/2024 23:07:43,22.25,1501.68,4.14,9,3,0,0,0,3,0,Free
12/4/2024 23:07:43,22.25,1502.29,4.14,9,4,0,0,0,3,0,Free
12/4/2024 23:07:48,22.25,1502.91,4.14,9,4,0,0,0,4,0,Free
12/4/2024 23:09:42,22.25,1508.81,4.14,9,4,0,0,0,5,0,Free
12/4/2024 23:09:49,22.25,1509.71,4.13,9,4,0,0,0,6,0,Free
12/4/2024 23:10:31,22.25,1512.00,4.13,9,4,0,0,0,7,0,Free
12/4/2024 23:13:09,22.25,1519.85,4.14,9,5,0,0,0,7,0,Free
12/4/2024 23:13:12,22.25,1520.47,4.14,9,5,0,0,0,8,0,Free
12/4/2024 23:13:12,22.25,1521.08,4.14,9,5,0,0,0,9,0,Free
12/4/2024 23:15:27,22.25,1527.83,4.14,9,5,0,0,0,10,0,Free
12/4/2024 23:15:38,22.25,1528.72,4.14,9,5,0,0,0,11,0,Free
12/4/2024 23:16:01,22.25,1530.17,4.14,9,5,0,0,0,12,0,Free
12/4/2024 23:16:05,22.25,1530.78,4.14,9,5,0,0,0,13,0,Free
12/4/2024 23:16:13,22.25,1531.68,4.14,9,5,0,0,0,14,0,Free
12/4/2024 23:16:14,22.25,1532.30,4.14,9,5,0,0,0,15,0,Free
12/4/2024 23:16:18,22.25,1532.91,4.14,9,5,0,0,0,16,0,Free
12/4/2024 23:16:22,22.25,1533.53,4.14,9,5,0,0,0,17,0,Free
12/4/2024 23:16:23,22.25,1534.14,4.14,9,5,0,0,0,18,0,Free
12/4/2024 23:16:25,22.25,1534.76,4.13,9,5,0,0,0,19,0,Free
12/4/2024 23:16:28,22.25,1535.38,4.14,9,5,0,0,0,20,0,Free
12/4/2024 23:16:29,22.25,1535.99,4.14,9,5,0,0,0,21,0,Free
12/4/2024 23:16:36,22.25,1536.89,4.14,9,5,0,0,0,22,0,Free
12/4/2024 23:16:37,22.25,1537.50,4.14,9,5,0,0,0,23,0,Free
12/4/2024 23:16:51,22.25,1550.83,4.14,9,5,0,0,0,23,0,Free
12/4/2024 23:17:45,22.25,1553.68,4.14,9,5,0,0,0,24,0,Free
12/4/2024 23:17:51,22.25,1554.29,4.14,9,5,0,0,0,25,0,Free
12/4/2024 23:18:56,22.50,1557.69,4.14,9,5,0,0,0,26,0,Free
12/4/2024 23:19:54,22.50,1560.81,4.13,9,5,0,0,0,27,0,Free
12/4/2024 23:19:56,22.50,1561.43,4.14,9,5,0,0,0,28,0,Free
12/4/2024 23:19:57,22.50,1562.04,4.14,9,5,0,0,0,29,0,Free
12/4/2024 23:19:58,22.50,1562.66,4.14,9,5,0,0,0,30,0,Free
12/4/2024 23:19:59,22.50,1563.28,4.14,9,5,0,0,0,31,0,Free
12/4/2024 23:20:05,22.50,1563.89,4.14,9,5,0,0,0,32,0,Free
12/4/2024 23:20:07,22.50,1564.51,4.14,9,5,0,0,0,33,0,Free
12/4/2024 23:20:08,22.50,1565.12,4.14,9,5,0,0,0,34,0,Free
12/4/2024 23:20:09,22.50,1565.74,4.14,9,5,0,0,0,35,0,Free
12/4/2024 23:20:11,22.50,1566.35,4.14,9,5,0,0,0,36,0,Free
12/4/2024 23:20:17,22.50,1566.97,4.14,9,5,0,0,0,37,0,Free
12/4/2024 23:20:20,22.50,1567.58,4.13,9,5,0,0,0,38,0,Free
12/4/2024 23:20:22,22.50,1568.20,4.14,9,5,0,0,0,39,0,Free
12/4/2024 23:20:27,22.50,1568.81,4.14,9,5,0,0,0,40,0,Free
12/4/2024 23:20:29,22.50,1569.43,4.13,9,5,0,0,0,41,0,Free
12/4/2024 23:20:33,22.50,1570.04,4.14,9,5,0,0,0,42,0,Free
12/4/2024 23:20:34,22.50,1570.66,4.14,9,5,0,0,0,43,0,Free
12/4/2024 23:20:37,22.25,1571.27,4.13,9,5,0,0,0,44,0,Free
12/4/2024 23:20:40,22.25,1571.89,4.14,9,5,0,0,0,45,0,Free
12/4/2024 23:20:49,22.25,1572.79,4.14,9,5,0,0,0,46,0,Free
12/4/2024 23:20:49,22.25,1573.40,4.14,9,5,0,0,0,47,0,Free
12/4/2024 23:20:51,22.25,1574.02,4.14,9,5,0,0,0,48,0,Free
12/4/2024 23:20:53,22.25,1574.64,4.14,9,5,0,0,0,49,0,Free
12/4/2024 23:20:54,22.25,1575.25,4.14,9,5,0,0,0,50,0,Free
12/4/2024 23:20:55,22.25,1575.87,4.14,9,5,0,0,0,51,0,Free
12/4/2024 23:20:56,22.25,1576.48,4.14,9,5,0,0,0,52,0,Free
12/4/2024 23:20:57,22.25,1577.10,4.14,9,5,0,0,0,53,0,Free
12/4/2024 23:20:58,22.25,1577.71,4.14,9,5,0,0,0,54,0,Free
12/4/2024 23:20:58,22.25,1578.33,4.14,9,5,0,0,0,55,0,Free
12/4/2024 23:20:59,22.25,1578.94,4.13,9,5,0,0,0,56,0,Free
12/4/2024 23:21:01,22.25,1579.56,4.14,9,5,0,0,0,57,0,Free
12/4/2024 23:21:02,22.25,1580.18,4.14,9,5,0,0,0,58,0,Free
12/4/2024 23:21:02,22.25,1580.79,4.14,9,5,0,0,0,59,0,Free
12/4/2024 23:21:04,22.25,1581.41,4.14,9,5,0,0,0,60,0,Free
12/4/2024 23:21:05,22.25,1582.02,4.14,9,5,0,0,0,61,0,Free
12/4/2024 23:21:06,22.25,1582.64,4.14,9,5,0,0,0,62,0,Free
12/4/2024 23:21:07,22.25,1583.25,4.13,9,5,0,0,0,63,0,Free
12/4/2024 23:21:07,22.25,1583.86,4.14,9,5,0,0,0,64,0,Free
12/4/2024 23:21:08,22.25,1584.48,4.13,9,5,0,0,0,65,0,Free
12/4/2024 23:21:09,22.25,1585.10,4.14,9,5,0,0,0,66,0,Free
12/4/2024 23:21:11,22.25,1585.71,4.14,9,5,0,0,0,67,0,Free
12/4/2024 23:21:23,22.25,1586.61,4.14,9,5,0,0,0,68,0,Free
12/4/2024 23:21:27,22.25,1587.22,4.14,9,5,0,0,0,69,0,Free
12/4/2024 23:28:13,22.25,1606.50,4.14,9,5,0,0,0,70,0,Free
12/4/2024 23:28:40,22.25,1608.23,4.14,9,5,0,0,0,71,0,Free
12/4/2024 23:28:46,22.25,1608.85,4.13,9,5,0,0,0,72,0,Free
12/4/2024 23:28:51,22.25,1609.47,4.14,9,5,0,0,0,73,0,Free
12/4/2024 23:29:16,22.25,1611.20,4.14,9,5,0,0,0,74,0,Free
12/4/2024 23:29:39,22.25,1612.65,4.14,9,5,0,0,0,75,0,Free
12/4/2024 23:30:31,22.25,1615.50,4.14,9,5,0,0,0,76,0,Free
12/4/2024 23:30:34,22.25,1616.11,4.14,9,5,0,0,0,77,0,Free
12/4/2024 23:31:06,22.25,1618.12,4.14,9,5,0,0,0,78,0,Free
12/4/2024 23:31:50,22.25,1632.84,4.14,9,5,0,0,0,78,0,Free
12/4/2024 23:34:17,22.50,1640.14,4.14,9,5,0,0,0,79,0,Free
12/4/2024 23:34:17,22.50,1640.76,4.14,9,5,0,0,0,80,0,Free
12/4/2024 23:35:37,22.50,1644.99,4.13,9,5,0,0,0,81,0,Free
12/4/2024 23:35:38,22.50,1645.61,4.14,9,5,0,0,0,82,0,Free
12/4/2024 23:35:40,22.50,1646.23,4.14,9,5,0,0,0,83,0,Free
12/4/2024 23:35:41,22.50,1646.84,4.14,9,5,0,0,0,84,0,Free
12/4/2024 23:35:44,22.50,1647.46,4.14,9,5,0,0,0,85,0,Free
12/4/2024 23:35:49,22.50,1648.07,4.14,9,5,0,0,0,86,0,Free
12/4/2024 23:35:59,22.50,1648.96,4.14,9,5,0,0,0,87,0,Free
12/4/2024 23:36:01,22.50,1649.58,4.14,9,5,0,0,0,88,0,Free
12/4/2024 23:36:05,22.50,1650.19,4.14,9,5,0,0,0,89,0,Free
12/4/2024 23:36:29,22.50,1651.93,4.14,9,5,0,0,0,90,0,Free
12/4/2024 23:36:30,22.50,1652.54,4.14,9,5,0,0,0,91,0,Free
12/4/2024 23:36:32,22.50,1653.16,4.14,9,5,0,0,0,92,0,Free
12/4/2024 23:37:58,22.50,1657.67,4.14,9,5,0,0,0,93,0,Free
12/4/2024 23:38:00,22.50,1658.29,4.14,9,5,0,0,0,94,0,Free
12/4/2024 23:38:01,22.50,1658.90,4.14,9,5,0,0,0,95,0,Free
12/4/2024 23:38:03,22.50,1659.52,4.14,9,5,0,0,0,96,0,Free
12/4/2024 23:38:04,22.50,1660.13,4.13,9,5,0,0,0,97,0,Free
12/4/2024 23:38:05,22.50,1660.75,4.14,9,5,0,0,0,98,0,Free
12/4/2024 23:38:05,22.50,1661.37,4.14,9,5,0,0,0,99,0,Free
12/4/2024 23:38:12,22.50,1661.99,4.14,9,5,0,0,0,100,0,Free
12/4/2024 23:39:30,22.50,1666.22,4.14,9,5,0,0,0,101,0,Free
12/4/2024 23:39:31,22.50,1666.84,4.14,9,5,0,0,0,102,0,Free
12/4/2024 23:41:50,22.50,1673.86,4.14,9,5,0,0,0,103,0,Free
12/4/2024 23:41:51,22.50,1674.47,4.14,9,5,0,0,0,104,0,Free
12/4/2024 23:41:53,22.50,1675.09,4.14,9,5,0,0,0,105,0,Free
12/4/2024 23:42:28,22.25,1677.10,4.14,9,5,0,0,0,106,0,Free
12/4/2024 23:43:44,22.25,1681.06,4.14,9,5,0,0,0,107,0,Free
12/4/2024 23:43:45,22.25,1681.67,4.14,9,5,0,0,0,108,0,Free
12/4/2024 23:44:22,22.25,1683.96,4.14,9,5,0,0,0,109,0,Free
12/4/2024 23:44:36,22.25,1685.13,4.14,9,5,0,0,0,110,0,Free
12/4/2024 23:44:37,22.25,1685.74,4.14,9,5,0,0,0,111,0,Free
12/4/2024 23:45:24,22.25,1688.31,4.14,9,5,0,0,0,112,0,Free
12/4/2024 23:45:25,22.25,1688.92,4.14,9,5,0,0,0,113,0,Free
12/4/2024 23:45:27,22.25,1689.54,4.14,9,5,0,0,0,114,0,Free
12/4/2024 23:45:29,22.25,1690.15,4.14,9,5,0,0,0,115,0,Free
12/4/2024 23:45:30,22.25,1690.77,4.14,9,5,0,0,0,116,0,Free
12/4/2024 23:45:45,22.25,1691.94,4.14,9,5,0,0,0,117,0,Free
12/4/2024 23:45:48,22.25,1692.56,4.14,9,5,0,0,0,118,0,Free
12/4/2024 23:45:55,22.25,1693.45,4.13,9,5,0,0,0,119,0,Free
12/4/2024 23:45:57,22.25,1694.07,4.14,9,5,0,0,0,120,0,Free
12/4/2024 23:46:00,22.25,1694.68,4.14,9,5,0,0,0,121,0,Free
12/4/2024 23:46:02,22.25,1695.30,4.14,9,5,0,0,0,122,0,Free
12/4/2024 23:46:07,22.25,1695.91,4.14,9,5,0,0,0,123,0,Free
12/4/2024 23:46:08,22.25,1696.53,4.14,9,5,0,0,0,124,0,Free
12/4/2024 23:46:09,22.25,1697.15,4.14,9,5,0,0,0,125,0,Free
12/4/2024 23:46:12,22.25,1697.77,4.14,9,5,0,0,0,126,0,Free
12/4/2024 23:46:19,22.25,1698.67,4.14,9,5,0,0,0,127,0,Free
12/4/2024 23:46:22,22.25,1699.28,4.14,9,5,0,0,0,128,0,Free
12/4/2024 23:46:26,22.25,1699.90,4.14,9,5,0,0,0,129,0,Free
12/4/2024 23:46:31,22.25,1700.51,4.14,9,5,0,0,0,130,0,Free
12/4/2024 23:46:44,22.25,1713.84,4.14,9,5,0,0,0,130,0,Free
12/4/2024 23:46:56,22.25,1714.73,4.13,9,5,0,0,0,131,0,Free
12/4/2024 23:47:32,22.50,1716.74,4.14,9,5,0,0,0,132,0,Free
12/4/2024 23:47:35,22.50,1717.36,4.14,9,5,0,0,0,133,0,Free
12/4/2024 23:48:39,22.50,1720.76,4.14,9,5,0,0,0,134,0,Free
12/4/2024 23:52:47,22.50,1732.80,4.14,9,5,0,0,0,135,0,Free
12/4/2024 23:54:47,22.50,1738.71,4.13,9,5,0,0,0,136,0,Free
12/4/2024 23:54:49,22.50,1739.32,4.14,9,5,0,0,0,137,0,Free
12/4/2024 23:54:50,22.50,1739.94,4.13,9,5,0,0,0,138,0,Free
12/4/2024 23:54:51,22.50,1740.55,4.14,9,5,0,0,0,139,0,Free
12/4/2024 23:55:43,22.50,1743.40,4.14,9,5,0,0,0,140,0,Free
12/4/2024 23:56:23,22.25,1745.68,4.14,9,5,0,0,0,141,0,Free
12/4/2024 23:57:35,22.25,1749.64,4.14,9,5,0,0,0,142,0,Free
12/4/2024 23:57:54,22.25,1750.82,4.13,9,5,0,0,0,143,0,Free
12/4/2024 23:57:54,22.25,1751.43,4.13,9,5,0,0,0,144,0,Free
12/4/2024 23:57:55,22.25,1752.05,4.14,9,5,0,0,0,145,0,Free
12/4/2024 23:57:59,22.25,1752.66,4.14,9,5,0,0,0,146,0,Free
12/4/2024 23:58:01,22.25,1753.28,4.14,9,5,0,0,0,147,0,Free
12/4/2024 23:58:05,22.25,1753.89,4.14,9,5,0,0,0,148,0,Free
12/4/2024 23:58:05,22.25,1754.51,4.14,9,5,0,0,0,149,0,Free
12/4/2024 23:58:06,22.25,1755.12,4.14,9,5,0,0,0,150,0,Free
12/4/2024 23:58:11,22.25,1755.74,4.14,9,5,0,0,0,151,0,Free
12/4/2024 23:58:12,22.25,1756.36,4.14,9,5,0,0,0,152,0,Free
12/4/2024 23:58:13,22.25,1756.98,4.14,9,5,0,0,0,153,0,Free
12/4/2024 23:58:16,22.25,1757.59,4.13,9,5,0,0,0,154,0,Free
12/4/2024 23:58:17,22.25,1758.21,4.13,9,5,0,0,0,155,0,Free
12/4/2024 23:58:18,22.25,1758.82,4.14,9,5,0,0,0,156,0,Free
12/4/2024 23:58:19,22.25,1759.44,4.14,9,5,0,0,0,157,0,Free
12/4/2024 23:58:20,22.25,1760.06,4.14,9,5,0,0,0,158,0,Free
12/4/2024 23:58:22,22.25,1760.67,4.14,9,5,0,0,0,159,0,Free
12/4/2024 23:58:23,22.25,1761.29,4.14,9,5,0,0,0,160,0,Free
12/4/2024 23:58:24,22.25,1761.90,4.14,9,5,0,0,0,161,0,Free
12/4/2024 23:58:25,22.25,1762.52,4.14,9,5,0,0,0,162,0,Free
12/4/2024 23:58:28,22.25,1763.13,4.14,9,5,0,0,0,163,0,Free
12/4/2024 23:58:29,22.25,1763.75,4.14,9,5,0,0,0,164,0,Free
12/4/2024 23:58:33,22.25,1764.36,4.14,9,5,0,0,0,165,0,Free
12/4/2024 23:58:34,22.25,1764.98,4.14,9,5,0,0,0,166,0,Free
12/4/2024 23:58:35,22.25,1765.60,4.14,9,5,0,0,0,167,0,Free
12/4/2024 23:58:36,22.25,1766.21,4.14,9,5,0,0,0,168,0,Free
12/4/2024 23:58:38,22.25,1766.83,4.14,9,5,0,0,0,169,0,Free
12/4/2024 23:58:39,22.25,1767.44,4.14,9,5,0,0,0,170,0,Free
12/4/2024 23:58:41,22.25,1768.06,4.14,9,5,0,0,0,171,0,Free
12/4/2024 23:58:48,22.25,1768.95,4.14,9,5,0,0,0,172,0,Free
12/4/2024 23:59:15,22.25,1770.68,4.14,9,5,0,0,0,173,0,Free
12/4/2024 23:59:16,22.25,1771.30,4.14,9,5,0,0,0,174,0,Free
12/4/2024 23:59:17,22.25,1771.91,4.14,9,5,0,0,0,175,0,Free
12/4/2024 23:59:20,22.25,1772.53,4.14,9,5,0,0,0,176,0,Free
12/4/2024 23:59:22,22.25,1773.15,4.14,9,5,0,0,0,177,0,Free
12/4/2024 23:59:23,22.25,1773.76,4.14,9,5,0,0,0,178,0,Free
12/4/2024 23:59:26,22.25,1774.38,4.13,9,5,0,0,0,179,0,Free
12/4/2024 23:59:30,22.25,1775.00,4.14,9,5,0,0,0,180,0,Free
12/4/2024 23:59:36,22.25,1775.61,4.13,9,6,0,0,0,180,0,Free
12/4/2024 23:59:37,22.25,1776.23,4.14,9,7,0,0,0,180,0,Free
12/4/2024 23:59:40,22.25,1776.85,4.14,9,7,0,0,0,181,0,Free
12/4/2024 23:59:41,22.25,1777.46,4.14,9,7,0,0,0,182,0,Free
12/4/2024 23:59:43,22.25,1778.08,4.14,9,7,0,0,0,183,0,Free
12/4/2024 23:59:44,22.25,1778.69,4.13,9,7,0,0,0,184,0,Free
12/4/2024 23:59:50,22.25,1779.31,4.14,9,7,0,0,0,185,0,Free
12/4/2024 23:59:51,22.25,1779.92,4.14,9,7,0,0,0,186,0,Free
12/4/2024 23:59:55,22.25,1780.54,4.14,9,7,0,0,0,187,0,Free
12/4/2024 23:59:55,22.25,1781.15,4.14,9,7,0,0,0,188,0,Free
12/4/2024 23:59:56,22.25,1781.77,4.14,9,7,0,0,0,189,0,Free
12/5/2024 0:00:10,22.50,1782.94,4.13,9,7,0,0,0,190,0,Free
12/5/2024 0:00:20,22.50,1783.84,4.14,9,7,0,0,0,191,0,Free
12/5/2024 0:01:04,22.50,1798.56,4.14,9,7,0,0,0,191,0,Free
12/5/2024 0:05:09,22.50,1810.32,4.14,9,7,0,0,0,192,0,Free
12/5/2024 0:05:17,22.50,1811.21,4.14,9,7,0,0,0,193,0,Free
12/5/2024 0:05:25,22.50,1812.10,4.13,9,7,0,0,0,194,0,Free
12/5/2024 0:05:26,22.50,1812.72,4.14,9,7,0,0,0,195,0,Free
12/5/2024 0:05:36,22.50,1813.61,4.14,9,7,0,0,0,196,0,Free
12/5/2024 0:09:32,22.25,1825.10,4.14,9,7,0,0,0,197,0,Free
12/5/2024 0:10:08,22.25,1827.10,4.14,9,7,0,0,0,198,0,Free
12/5/2024 0:10:28,22.25,1828.55,4.14,9,7,0,0,0,199,0,Free
12/5/2024 0:10:32,22.25,1829.17,4.13,9,7,0,0,0,200,0,Free
12/5/2024 0:10:34,22.25,1829.79,4.14,9,7,0,0,0,201,0,Free
12/5/2024 0:10:35,22.25,1830.40,4.14,9,7,0,0,0,202,0,Free
12/5/2024 0:10:37,22.25,1831.02,4.14,9,7,0,0,0,203,0,Free
12/5/2024 0:10:40,22.25,1831.64,4.14,9,7,0,0,0,204,0,Free
12/5/2024 0:10:42,22.25,1832.25,4.14,9,7,0,0,0,205,0,Free
12/5/2024 0:10:44,22.25,1832.87,4.14,9,7,0,0,0,206,1,Free
12/5/2024 0:10:58,22.25,1834.04,4.13,9,8,0,0,0,206,0,Free
12/5/2024 0:11:08,22.25,1834.94,4.14,9,8,0,0,0,207,0,Free
12/5/2024 0:12:03,22.25,1838.06,4.13,9,8,0,0,0,208,0,Free
12/5/2024 0:12:04,22.25,1838.68,4.13,9,8,0,0,0,209,0,Free
12/5/2024 0:12:54,22.25,1841.52,4.14,9,8,0,0,0,210,0,Free
12/5/2024 0:12:59,22.25,1842.14,4.14,9,8,0,0,0,211,0,Free
12/5/2024 0:15:06,22.25,1848.60,4.13,9,8,0,0,0,212,0,Free
12/5/2024 0:15:26,22.25,1850.05,4.14,9,8,0,0,0,213,0,Free
12/5/2024 0:15:36,22.25,1850.95,4.14,9,8,0,0,0,214,0,Free
12/5/2024 0:15:37,22.25,1851.56,4.14,9,8,0,0,0,215,0,Free
12/5/2024 0:15:38,22.25,1852.18,4.14,9,8,0,0,0,216,0,Free
12/5/2024 0:16:06,22.25,1853.91,4.14,9,8,0,0,0,217,0,Free
12/5/2024 0:16:28,22.25,1855.36,4.14,9,8,0,0,0,218,0,Free
12/5/2024 0:17:01,22.25,1857.37,4.14,9,9,0,0,0,218,0,Free
12/5/2024 0:17:03,22.25,1857.98,4.14,9,9,0,0,0,219,0,Free
12/5/2024 0:17:04,22.25,1858.60,4.14,9,9,0,0,0,220,0,Free
12/5/2024 0:17:12,22.25,1859.49,4.14,9,9,0,0,0,221,0,Free
12/5/2024 0:17:25,22.25,1872.82,4.14,9,9,0,0,0,221,0,Free
12/5/2024 0:18:35,22.25,1876.50,4.14,9,9,0,0,0,222,0,Free
12/5/2024 0:19:01,22.25,1878.23,4.13,9,9,0,0,0,223,0,Free
12/5/2024 0:28:04,22.25,1903.92,4.14,9,9,0,0,0,224,0,Free
12/5/2024 0:29:44,22.25,1908.99,4.13,9,9,0,0,0,225,0,Free
12/5/2024 0:30:18,22.25,1911.00,4.14,9,9,0,0,0,226,0,Free
12/5/2024 0:31:17,22.25,1914.12,4.14,9,9,0,0,0,227,0,Free
12/5/2024 0:31:27,22.25,1915.02,4.13,9,10,0,0,0,227,0,Free
12/5/2024 0:32:53,22.25,1919.54,4.14,9,10,0,0,0,228,0,Free
12/5/2024 0:35:18,22.25,1939.00,4.13,9,10,0,0,0,228,0,Free
12/5/2024 0:36:22,22.25,1942.40,4.14,9,10,0,0,0,229,0,Free
12/5/2024 0:36:23,22.25,1943.02,4.14,9,10,0,0,0,230,0,Free
12/5/2024 0:36:25,22.25,1943.63,4.14,9,10,0,0,0,231,0,Free
12/5/2024 0:37:35,22.25,1947.31,4.13,9,10,0,0,0,232,0,Free
12/5/2024 0:37:37,22.25,1947.93,4.14,9,10,0,0,0,233,0,Free
12/5/2024 0:38:01,22.25,1949.38,4.13,9,10,0,0,0,234,0,Free
12/5/2024 0:39:12,22.25,1953.06,4.14,9,11,0,0,0,234,0,Free
12/5/2024 0:40:37,22.25,1957.58,4.14,9,12,0,0,0,234,0,Free
12/5/2024 0:43:36,22.25,1966.27,4.14,9,13,0,0,0,234,0,Free
12/5/2024 0:44:31,22.25,1969.39,4.13,9,14,0,0,0,234,0,Free
12/5/2024 0:45:02,22.25,1971.40,4.14,9,14,0,0,0,235,0,Free
12/5/2024 0:48:32,22.25,1981.49,4.14,9,15,0,0,0,235,0,Free
12/5/2024 0:51:51,22.50,1991.30,4.14,9,16,0,0,0,235,0,Free
12/5/2024 0:51:52,22.50,1991.91,4.14,9,17,0,0,0,235,0,Free
12/5/2024 0:51:57,22.50,1992.53,4.13,9,18,0,0,0,235,0,Free
12/5/2024 0:52:03,22.50,1993.42,4.13,9,19,0,0,0,235,0,Free
12/5/2024 0:52:05,22.50,1994.04,4.13,9,20,0,0,0,235,0,Free
12/5/2024 0:52:09,22.50,1994.65,4.14,9,21,0,0,0,235,0,Free
12/5/2024 0:52:10,22.50,1995.27,4.13,9,22,0,0,0,235,0,Free
12/5/2024 0:52:29,22.50,2008.88,4.14,9,22,0,0,0,235,0,Free
12/5/2024 0:58:34,22.75,2026.21,4.14,9,23,0,0,0,235,0,Free
12/5/2024 1:00:06,23.00,2031.00,4.14,9,23,0,0,0,236,0,Free
12/5/2024 1:00:10,23.00,2031.62,4.13,9,23,0,0,0,237,0,Free
12/5/2024 1:00:11,23.00,2032.23,4.14,9,23,0,0,0,238,0,Free
12/5/2024 1:00:58,23.00,2034.81,4.13,9,23,0,0,0,239,0,Free
12/5/2024 1:01:42,23.00,2037.38,4.13,9,23,0,1,0,239,0,Free
12/5/2024 1:02:08,23.25,2039.14,4.13,9,23,0,2,29,239,0,Free
12/5/2024 1:02:13,23.25,2039.79,4.13,9,23,0,3,37,239,0,Free
12/5/2024 1:02:14,23.25,2040.13,4.14,9,24,0,3,0,239,0,Free
12/5/2024 1:02:14,23.25,2040.74,4.14,9,24,0,3,0,240,0,Free
12/5/2024 1:02:43,23.25,2042.47,4.13,9,25,0,3,0,240,0,Free
12/5/2024 1:03:44,23.25,2045.59,4.13,9,26,0,3,0,240,0,Free
12/5/2024 1:04:07,23.25,2047.05,4.14,9,27,0,3,0,240,0,Free
12/5/2024 1:04:52,23.25,2049.61,4.13,9,27,0,3,0,241,0,Free
12/5/2024 1:06:19,23.50,2054.13,4.14,9,28,0,3,0,241,0,Free
12/5/2024 1:06:20,23.50,2054.75,4.13,9,29,0,3,0,241,0,Free
12/5/2024 1:06:26,23.50,2055.36,4.14,9,30,0,3,0,241,0,Free
12/5/2024 1:06:29,23.50,2055.98,4.14,9,30,0,3,0,242,0,Free
12/5/2024 1:06:31,23.50,2056.59,4.14,9,30,0,3,0,243,0,Free
12/5/2024 1:06:34,23.50,2057.21,4.14,9,30,0,3,0,244,0,Free
12/5/2024 1:06:37,23.50,2057.82,4.14,9,30,0,3,0,245,0,Free
12/5/2024 1:09:50,23.50,2079.51,4.13,9,30,0,3,0,245,0,Free
12/5/2024 1:12:54,23.25,2088.48,4.13,9,30,0,4,0,245,0,Free
12/5/2024 1:12:58,23.25,2089.26,4.13,9,30,0,5,155,245,0,Free
12/5/2024 1:14:40,23.25,2094.33,4.13,9,31,0,5,0,245,0,Free
12/5/2024 1:14:42,23.25,2094.94,4.14,9,31,0,5,0,246,0,Free
12/5/2024 1:14:54,23.25,2095.84,4.14,9,31,0,5,0,247,0,Free
12/5/2024 1:16:07,23.50,2099.79,4.13,9,31,0,5,0,248,0,Free
12/5/2024 1:16:08,23.50,2100.41,4.13,9,31,0,5,0,249,0,Free
12/5/2024 1:16:09,23.50,2101.03,4.14,9,31,0,5,0,250,0,Free
12/5/2024 1:16:50,23.50,2103.31,4.13,9,31,0,5,0,251,0,Free
12/5/2024 1:16:51,23.50,2103.94,4.13,9,31,0,5,0,252,0,Free
12/5/2024 1:16:53,23.50,2104.55,4.14,9,31,0,5,0,253,0,Free
12/5/2024 1:19:00,23.50,2111.02,4.13,9,31,0,5,0,254,0,Free
12/5/2024 1:19:13,23.50,2112.19,4.14,9,31,0,5,0,255,0,Free
12/5/2024 1:21:50,23.25,2120.05,4.13,9,31,0,5,0,256,0,Free
12/5/2024 1:22:02,23.25,2121.22,4.14,9,31,0,5,0,257,0,Free
12/5/2024 1:22:04,23.25,2121.84,4.13,9,31,0,5,0,258,0,Free
12/5/2024 1:22:05,23.25,2122.46,4.14,9,31,0,5,0,259,0,Free
12/5/2024 1:22:06,23.25,2123.07,4.13,9,31,0,5,0,260,0,Free
12/5/2024 1:24:23,23.25,2129.82,4.14,9,31,0,5,0,261,0,Free
12/5/2024 1:24:45,23.25,2131.27,4.13,9,31,0,5,0,262,0,Free
12/5/2024 1:26:25,23.50,2136.34,4.13,9,31,0,5,0,263,0,Free
12/5/2024 1:26:26,23.50,2136.95,4.14,9,31,0,5,0,264,0,Free
12/5/2024 1:26:45,23.25,2150.56,4.14,9,31,0,5,0,264,0,Free
12/5/2024 1:27:24,23.25,2152.85,4.13,9,32,0,5,0,264,0,Free
12/5/2024 1:27:25,23.25,2153.47,4.13,9,33,0,5,0,264,0,Free
12/5/2024 1:27:50,23.25,2155.20,4.13,9,33,0,5,0,265,0,Free
12/5/2024 1:28:11,23.25,2156.65,4.13,9,33,0,5,0,266,0,Free
12/5/2024 1:28:12,23.25,2157.26,4.13,9,33,0,5,0,267,0,Free
12/5/2024 1:28:28,23.25,2158.44,4.13,9,34,0,5,0,267,0,Free
12/5/2024 1:29:54,23.25,2162.95,4.13,9,34,0,5,0,268,0,Free
12/5/2024 1:29:57,23.25,2163.57,4.13,9,34,0,5,0,269,0,Free
12/5/2024 1:30:01,23.25,2164.18,4.14,9,34,0,5,0,270,0,Free
12/5/2024 1:30:05,23.25,2164.80,4.14,9,34,0,5,0,271,0,Free
12/5/2024 1:31:12,23.25,2168.49,4.13,9,34,0,5,0,272,0,Free
12/5/2024 1:32:05,23.25,2171.33,4.13,9,35,0,5,0,272,0,Free
12/5/2024 1:32:12,23.25,2171.95,4.13,9,36,0,5,0,272,0,Free
12/5/2024 1:32:14,23.25,2172.57,4.14,9,36,0,5,0,273,0,Free
12/5/2024 1:32:51,23.25,2174.85,4.14,9,37,0,5,0,273,0,Free
12/5/2024 1:32:52,23.25,2175.47,4.14,9,38,0,5,0,273,0,Free
12/5/2024 1:32:53,23.00,2176.08,4.14,9,39,0,5,0,273,0,Free
12/5/2024 1:32:56,23.00,2176.70,4.13,9,40,0,5,0,273,0,Free
12/5/2024 1:33:06,23.00,2177.60,4.14,9,40,0,5,0,274,0,Free
12/5/2024 1:33:13,23.00,2178.49,4.13,9,40,0,5,0,275,0,Free
12/5/2024 1:33:16,23.00,2179.11,4.13,9,40,0,5,0,276,0,Free
12/5/2024 1:33:17,23.00,2179.72,4.13,9,40,0,5,0,277,0,Free
12/5/2024 1:33:32,23.00,2180.89,4.13,9,41,0,5,0,277,0,Free
12/5/2024 1:33:51,23.00,2182.34,4.13,9,42,0,5,0,277,0,Free
12/5/2024 1:34:53,23.25,2185.75,4.13,9,42,0,5,0,278,0,Free
12/5/2024 1:35:00,23.25,2186.36,4.13,9,42,0,5,0,279,0,Free
12/5/2024 1:35:44,23.25,2188.93,4.14,9,43,0,5,0,279,0,Free
12/5/2024 1:36:32,23.25,2191.50,4.14,9,44,0,5,0,279,0,Free
12/5/2024 1:36:41,23.25,2192.39,4.14,9,44,0,6,0,279,0,Free
12/5/2024 1:37:05,23.25,2194.12,4.13,9,44,0,6,0,280,0,Free
12/5/2024 1:37:11,23.50,2194.73,4.14,9,44,0,6,0,281,0,Free
12/5/2024 1:37:14,23.50,2195.35,4.12,9,44,0,6,0,282,0,Free
12/5/2024 1:37:16,23.50,2195.96,4.13,9,44,0,6,0,283,0,Free
12/5/2024 1:37:23,23.50,2196.58,4.14,9,45,0,6,0,283,0,Free
12/5/2024 1:37:24,23.50,2197.19,4.14,9,46,0,6,0,283,0,Free
12/5/2024 1:37:25,23.50,2197.89,4.14,9,46,0,6,0,284,79,Free
12/5/2024 1:37:25,23.50,2198.23,4.13,9,47,0,6,0,284,0,Free
12/5/2024 1:37:30,23.50,2198.97,4.13,9,47,0,7,130,284,0,Free
12/5/2024 1:39:06,23.50,2204.05,4.14,9,47,0,7,0,285,0,Free
12/5/2024 1:40:02,23.75,2207.17,4.13,9,47,0,7,0,286,0,Free
12/5/2024 1:40:51,23.75,2210.02,4.13,9,48,0,7,0,286,0,Free
12/5/2024 1:40:53,23.75,2210.63,4.13,9,48,0,8,0,286,0,Free
12/5/2024 1:40:53,23.75,2210.97,4.14,9,48,0,8,0,287,0,Free
12/5/2024 1:40:58,23.75,2211.59,4.13,9,48,0,8,0,288,0,Free
12/5/2024 1:40:59,23.75,2212.21,4.13,9,48,0,8,0,289,0,Free
12/5/2024 1:41:02,23.75,2212.82,4.13,9,48,0,8,0,290,0,Free
12/5/2024 1:41:34,23.75,2214.83,4.12,9,48,0,8,0,291,0,Free
12/5/2024 1:41:35,23.75,2215.44,4.13,9,48,0,8,0,292,0,Free
12/5/2024 1:42:25,23.75,2230.45,4.13,9,48,0,8,0,292,0,Free
12/5/2024 1:42:43,23.75,2231.90,4.14,9,49,0,8,0,292,0,Free
12/5/2024 1:43:10,23.75,2233.63,4.13,9,50,0,8,0,292,0,Free
12/5/2024 1:47:24,23.50,2245.94,4.12,9,50,0,8,0,293,0,Free
12/5/2024 1:47:26,23.50,2246.56,4.14,9,50,0,8,0,294,0,Free
12/5/2024 1:49:12,23.25,2251.91,4.14,9,51,0,8,0,294,0,Free
12/5/2024 1:49:44,23.25,2253.92,4.13,9,52,0,8,0,294,0,Free
12/5/2024 1:49:54,23.25,2254.81,4.13,9,52,0,8,0,295,0,Free
12/5/2024 1:50:07,23.25,2255.99,4.12,9,53,0,8,0,295,0,Free
12/5/2024 1:51:08,23.25,2259.39,4.13,9,53,0,8,0,296,0,Free
12/5/2024 1:51:45,23.25,2261.67,4.14,9,53,0,8,0,297,0,Free
12/5/2024 1:54:00,23.50,2268.42,4.13,9,54,0,8,0,297,0,Free
12/5/2024 1:54:11,23.50,2269.31,4.14,9,55,0,8,0,297,0,Free
12/5/2024 1:55:31,23.50,2273.55,4.14,9,55,0,8,0,298,0,Free
12/5/2024 1:55:35,23.50,2274.17,4.13,9,55,0,8,0,299,0,Free
12/5/2024 1:55:36,23.50,2274.78,4.13,9,55,0,8,0,300,0,Free
12/5/2024 1:55:38,23.50,2275.40,4.12,9,55,0,8,0,301,0,Free
12/5/2024 1:55:39,23.50,2276.01,4.13,9,55,0,8,0,302,0,Free
12/5/2024 1:55:42,23.50,2276.63,4.13,9,55,0,8,0,303,0,Free
12/5/2024 1:55:43,23.50,2277.25,4.13,9,55,0,8,0,304,0,Free
12/5/2024 1:55:44,23.50,2277.87,4.13,9,55,0,8,0,305,0,Free
12/5/2024 1:55:45,23.50,2278.48,4.13,9,55,0,8,0,306,0,Free
12/5/2024 1:56:34,23.50,2281.33,4.13,9,56,0,8,0,306,0,Free
12/5/2024 1:56:36,23.50,2281.94,4.13,9,57,0,8,0,306,0,Free
12/5/2024 1:57:23,23.50,2284.79,4.13,9,57,0,9,281,306,0,Free
12/5/2024 1:59:07,23.50,2302.30,4.14,9,57,0,9,0,306,0,Free
12/5/2024 1:59:23,23.50,2303.47,4.13,9,58,0,9,0,306,0,Free
12/5/2024 1:59:25,23.50,2304.09,4.13,9,59,0,9,0,306,0,Free
12/5/2024 2:01:17,23.50,2309.72,4.13,9,59,0,9,0,307,0,Free
12/5/2024 2:01:19,23.50,2310.33,4.13,9,59,0,9,0,308,0,Free
12/5/2024 2:01:24,23.50,2310.95,4.13,9,59,0,9,0,309,0,Free
12/5/2024 2:01:30,23.50,2311.56,4.13,9,59,0,10,0,309,0,Free
12/5/2024 2:01:32,23.50,2312.18,4.13,9,59,0,10,0,310,0,Free
12/5/2024 2:01:36,23.50,2312.79,4.13,9,59,0,10,0,311,0,Free
12/5/2024 2:01:37,23.50,2313.41,4.13,9,59,0,10,0,312,0,Free
12/5/2024 2:01:38,23.50,2314.02,4.13,9,59,0,10,0,313,0,Free
12/5/2024 2:01:51,23.50,2315.19,4.13,9,59,0,10,0,314,0,Free
12/5/2024 2:01:57,23.50,2315.81,4.13,9,59,0,10,0,315,0,Free
12/5/2024 2:01:59,23.50,2316.42,4.13,9,59,0,10,0,316,0,Free
12/5/2024 2:03:09,23.50,2320.11,4.13,9,59,0,10,0,317,0,Free
12/5/2024 2:07:05,23.50,2331.59,4.13,9,60,0,10,0,317,0,Free
12/5/2024 2:11:49,23.25,2345.30,4.13,9,61,0,10,0,317,0,Free
12/5/2024 2:13:02,23.25,2349.25,4.13,9,62,0,10,0,317,0,Free
12/5/2024 2:13:03,23.25,2349.87,4.13,9,63,0,10,0,317,0,Free
12/5/2024 2:13:04,23.25,2350.48,4.13,9,64,0,10,0,317,0,Free
12/5/2024 2:13:05,23.25,2351.10,4.13,9,65,0,10,0,317,0,Free
12/5/2024 2:14:48,23.25,2356.17,4.13,9,65,0,10,0,318,0,Free
12/5/2024 2:14:56,23.25,2357.08,4.13,9,66,0,10,0,318,0,Free
12/5/2024 2:14:57,23.25,2357.69,4.14,9,67,0,10,0,318,0,Free
12/5/2024 2:15:32,23.25,2359.70,4.13,9,68,0,10,0,318,0,Free
12/5/2024 2:16:04,23.25,2373.87,4.13,9,68,0,10,0,318,0,Free
12/5/2024 2:16:10,23.25,2374.48,4.12,9,68,0,10,0,319,0,Free
12/5/2024 2:19:02,23.25,2382.90,4.13,9,69,0,10,0,319,0,Free
12/5/2024 2:19:03,23.25,2383.51,4.14,9,70,0,10,0,319,0,Free
12/5/2024 2:19:06,23.25,2384.13,4.13,9,71,0,10,0,319,0,Free
12/5/2024 2:19:52,23.25,2386.70,4.13,9,71,0,10,0,320,0,Free
12/5/2024 2:19:53,23.25,2387.31,4.13,9,71,0,10,0,321,0,Free
12/5/2024 2:19:58,23.25,2387.93,4.13,9,71,0,10,0,322,0,Free
12/5/2024 2:21:04,23.25,2391.33,4.13,9,71,0,10,0,323,0,Free
12/5/2024 2:21:05,23.25,2391.94,4.13,9,71,0,10,0,324,0,Free
12/5/2024 2:21:07,23.25,2392.56,4.13,9,71,0,10,0,325,0,Free
12/5/2024 2:21:09,23.25,2393.18,4.13,9,71,0,10,0,326,0,Free
12/5/2024 2:21:15,23.25,2394.07,4.13,9,71,0,10,0,327,0,Free
12/5/2024 2:24:20,23.25,2403.04,4.14,9,71,0,10,0,328,0,Free
12/5/2024 2:24:22,23.25,2403.66,4.12,9,71,0,10,0,329,0,Free
12/5/2024 2:24:24,23.25,2404.28,4.14,9,71,0,10,0,330,0,Free
12/5/2024 2:24:25,23.25,2404.89,4.13,9,71,0,10,0,331,0,Free
12/5/2024 2:24:26,23.25,2405.51,4.13,9,71,0,10,0,332,0,Free
12/5/2024 2:24:31,23.25,2406.12,4.12,9,71,0,10,0,333,0,Free
12/5/2024 2:24:55,23.25,2407.57,4.13,9,71,0,10,0,334,0,Free
12/5/2024 2:25:07,23.25,2408.47,4.13,9,71,0,10,0,335,0,Free
12/5/2024 2:25:23,23.25,2409.64,4.13,9,71,0,10,0,336,0,Free
12/5/2024 2:28:27,23.00,2418.62,4.13,9,72,0,10,0,336,0,Free
12/5/2024 2:28:28,23.00,2419.24,4.13,9,73,0,10,0,336,0,Free
12/5/2024 2:28:30,23.00,2419.86,4.13,9,74,0,10,0,336,0,Free
12/5/2024 2:28:30,23.00,2420.47,4.12,9,75,0,10,0,336,0,Free
12/5/2024 2:28:33,23.00,2421.09,4.14,9,76,0,10,0,336,0,Free
12/5/2024 2:28:34,23.00,2421.70,4.13,9,77,0,10,0,336,0,Free
12/5/2024 2:28:35,23.00,2422.32,4.12,9,78,0,10,0,336,0,Free
12/5/2024 2:29:18,23.00,2424.89,4.13,9,78,0,10,0,337,0,Free
12/5/2024 2:30:39,23.25,2429.13,4.13,9,78,0,10,0,338,0,Free
12/5/2024 2:30:47,23.25,2430.02,4.13,9,78,0,10,0,339,0,Free
12/5/2024 2:30:48,23.25,2430.64,4.13,9,78,0,10,0,340,0,Free
12/5/2024 2:31:29,23.25,2432.92,4.13,9,79,0,10,0,340,0,Free
12/5/2024 2:31:46,23.25,2434.10,4.12,9,79,0,10,0,341,0,Free
12/5/2024 2:32:02,23.25,2435.27,4.13,9,80,0,10,0,341,0,Free
12/5/2024 2:32:27,23.25,2449.16,4.13,9,80,0,10,0,341,0,Free
12/5/2024 2:34:29,23.25,2455.34,4.13,9,80,0,10,0,342,0,Free
12/5/2024 2:34:30,23.25,2455.96,4.13,9,80,0,10,0,343,0,Free
12/5/2024 2:34:31,23.25,2456.58,4.13,9,80,0,10,0,344,0,Free
12/5/2024 2:35:03,23.25,2458.59,4.13,9,80,0,10,0,345,0,Free
12/5/2024 2:35:04,23.25,2459.20,4.13,9,80,0,10,0,346,0,Free
12/5/2024 2:36:03,23.25,2462.32,4.13,9,81,0,10,0,346,0,Free
12/5/2024 2:37:37,23.25,2467.12,4.12,9,82,0,10,0,346,0,Free
12/5/2024 2:38:31,23.25,2470.24,4.13,9,82,0,10,0,347,0,Free
12/5/2024 2:38:32,23.25,2470.86,4.13,9,82,0,10,0,348,0,Free
12/5/2024 2:39:34,23.25,2474.26,4.13,9,82,0,10,0,349,0,Free
12/5/2024 2:39:41,23.25,2474.88,4.13,9,82,0,11,0,349,0,Free
12/5/2024 2:46:14,23.25,2493.60,4.14,9,82,0,11,0,350,0,Free
12/5/2024 2:46:15,23.25,2494.22,4.13,9,82,0,11,0,351,0,Free
12/5/2024 2:46:17,23.25,2494.83,4.13,9,82,0,11,0,352,0,Free
12/5/2024 2:46:18,23.25,2495.45,4.13,9,82,0,11,0,353,0,Free
12/5/2024 2:46:27,23.25,2496.35,4.13,9,82,0,11,0,354,0,Free
12/5/2024 2:47:26,23.00,2499.47,4.13,9,82,0,11,0,355,0,Free
12/5/2024 2:48:11,23.00,2502.03,4.13,9,82,0,11,0,356,0,Free
12/5/2024 2:49:07,23.00,2505.16,4.13,9,82,0,11,0,357,0,Free
12/5/2024 2:49:19,23.00,2506.05,4.13,9,83,0,11,0,357,0,Free
12/5/2024 2:49:32,23.00,2519.38,4.13,9,83,0,11,0,357,0,Free
12/5/2024 2:49:38,23.00,2520.00,4.13,9,83,0,11,0,358,0,Free
12/5/2024 2:51:19,23.00,2525.07,4.13,9,83,0,11,0,359,0,Free
12/5/2024 2:53:08,23.00,2530.70,4.13,9,84,0,11,0,359,0,Free
12/5/2024 2:53:45,23.00,2532.99,4.13,9,85,0,11,0,359,0,Free
12/5/2024 2:53:48,23.00,2533.61,4.13,9,85,0,11,0,360,0,Free
12/5/2024 2:53:59,22.75,2534.50,4.12,9,86,0,11,0,360,0,Free
12/5/2024 2:58:17,22.75,2546.82,4.12,9,86,0,11,0,361,0,Free
12/5/2024 2:58:49,22.75,2548.83,4.12,9,86,0,11,0,362,0,Free
12/5/2024 2:58:50,22.75,2549.44,4.13,9,86,0,11,0,363,0,Free
12/5/2024 2:58:57,22.75,2550.34,4.12,9,86,0,11,0,364,0,Free
12/5/2024 2:58:58,22.75,2550.95,4.12,9,86,0,11,0,365,0,Free
12/5/2024 2:58:59,22.75,2551.57,4.12,9,86,0,11,0,366,0,Free
12/5/2024 2:59:01,22.75,2552.18,4.12,9,86,0,11,0,367,0,Free
12/5/2024 2:59:05,22.75,2552.80,4.12,9,86,0,11,0,368,0,Free
12/5/2024 2:59:08,22.75,2553.42,4.12,9,86,0,11,0,369,0,Free
12/5/2024 2:59:10,22.75,2554.03,4.13,9,86,0,11,0,370,0,Free
12/5/2024 2:59:11,22.75,2554.65,4.13,9,86,0,11,0,371,0,Free
12/5/2024 2:59:27,22.75,2555.82,4.13,9,86,0,11,0,372,0,Free
12/5/2024 2:59:41,22.75,2556.99,4.13,9,86,0,11,0,373,0,Free
12/5/2024 2:59:48,22.75,2557.89,4.13,9,86,0,11,0,374,0,Free
12/5/2024 2:59:51,22.75,2558.51,4.13,9,86,0,11,0,375,0,Free
12/5/2024 3:06:34,22.75,2589.95,4.13,9,86,0,11,0,375,0,Free
12/5/2024 3:15:32,22.25,2615.36,4.13,9,87,0,11,0,375,0,Free
12/5/2024 3:15:33,22.25,2615.98,4.13,9,88,0,11,0,375,0,Free
12/5/2024 3:19:17,22.25,2626.90,4.12,9,89,0,11,0,375,0,Free
12/5/2024 3:19:19,22.25,2627.51,4.12,9,90,0,11,0,375,0,Free
12/5/2024 3:19:28,22.25,2628.41,4.13,9,91,0,11,0,375,0,Free
12/5/2024 3:20:12,22.25,2630.98,4.13,9,92,0,11,0,375,0,Free
12/5/2024 3:23:32,22.25,2640.78,4.13,9,93,0,11,0,375,0,Free
12/5/2024 3:24:21,22.25,2655.78,4.13,9,93,0,11,0,375,0,Free
12/5/2024 3:27:48,22.50,2665.87,4.13,9,94,0,11,0,375,0,Free
12/5/2024 3:27:49,22.50,2666.49,4.13,9,95,0,11,0,375,0,Free
12/5/2024 3:35:17,22.25,2687.72,4.12,9,96,0,11,0,375,0,Free
12/5/2024 3:42:24,22.25,2720.27,4.12,9,96,0,11,0,375,0,Free
12/5/2024 4:00:37,22.25,2783.74,4.13,9,96,0,11,0,375,0,Free
12/5/2024 4:18:50,22.25,2847.22,4.12,9,96,0,11,0,375,0,Free
12/5/2024 4:37:03,22.25,2910.69,4.12,9,96,0,11,0,375,0,Free
12/5/2024 4:55:16,22.25,2974.16,4.13,9,96,0,11,0,375,0,Free
12/5/2024 5:13:29,22.25,3037.64,4.13,9,96,0,11,0,375,0,Free
12/5/2024 5:25:49,22.25,3072.52,4.12,9,97,0,11,0,375,0,Free
12/5/2024 5:25:52,22.25,3073.14,4.12,9,98,0,11,0,375,0,Free
12/5/2024 5:25:58,22.25,3073.75,4.12,9,99,0,11,0,375,0,Free
12/5/2024 5:26:29,22.25,3075.76,4.12,9,99,0,11,0,376,0,Free
12/5/2024 5:26:35,22.25,3076.37,4.12,9,99,0,11,0,377,0,Free
12/5/2024 5:31:30,22.25,3102.80,4.12,9,99,0,11,0,377,0,Free
12/5/2024 5:49:43,22.25,3166.27,4.12,9,99,0,11,0,377,0,Free
12/5/2024 6:07:56,22.00,3229.74,4.12,9,99,0,11,0,377,0,Free
12/5/2024 6:17:48,22.00,3257.66,4.12,9,99,0,11,0,378,0,Free
12/5/2024 6:26:07,22.00,3293.56,4.12,9,99,0,11,0,378,0,Free
12/5/2024 6:44:20,22.25,3357.03,4.12,9,99,0,11,0,378,0,Free
12/5/2024 6:51:33,22.50,3377.71,4.12,9,100,0,11,0,378,0,Free
12/5/2024 6:51:38,22.50,3378.32,4.12,9,101,0,11,0,378,0,Free
12/5/2024 6:51:41,22.50,3378.94,4.12,9,102,0,11,0,378,0,Free
12/5/2024 6:51:44,22.50,3379.55,4.12,9,103,0,11,0,378,0,Free
12/5/2024 6:51:49,22.50,3380.17,4.12,9,104,0,11,0,378,0,Free
12/5/2024 6:55:46,22.25,3391.67,4.12,9,104,0,11,0,379,0,Free
12/5/2024 6:55:47,22.25,3392.29,4.12,9,104,0,11,0,380,0,Free
12/5/2024 6:55:48,22.25,3392.92,4.12,9,104,0,11,0,381,0,Free
12/5/2024 6:55:56,22.25,3393.81,4.12,9,104,0,11,0,382,0,Free
12/5/2024 6:55:58,22.25,3394.42,4.12,9,104,0,11,0,383,0,Free
12/5/2024 7:01:59,22.25,3423.96,4.12,9,104,0,11,0,383,0,Free
12/5/2024 7:20:12,22.25,3487.48,4.12,9,104,0,11,0,383,0,Free
12/5/2024 7:38:25,22.00,3551.02,4.12,9,104,0,11,0,383,0,Free
12/5/2024 7:56:38,22.00,3614.54,4.12,9,104,0,11,0,383,0,Free
12/5/2024 8:14:51,22.00,3678.11,4.12,9,104,0,11,0,383,0,Free
12/5/2024 8:31:37,22.00,3725.35,4.12,9,104,0,11,0,384,0,Free
12/5/2024 8:31:49,22.00,3726.24,4.12,9,104,0,11,0,385,0,Free
12/5/2024 8:31:55,22.00,3726.86,4.12,9,104,0,11,0,386,0,Free
12/5/2024 8:31:55,22.00,3727.48,4.12,9,104,0,11,0,387,0,Free
12/5/2024 8:32:57,22.00,3743.04,4.12,9,104,0,11,0,387,0,Free
12/5/2024 8:51:10,22.25,3806.57,4.12,9,104,0,11,0,387,0,Free
12/5/2024 9:04:49,22.25,3845.16,4.12,9,105,0,11,0,387,0,Free
12/5/2024 9:04:52,22.25,3845.77,4.12,9,106,0,11,0,387,0,Free
12/5/2024 9:04:53,22.25,3846.40,4.12,9,107,1,11,0,387,0,Free
12/5/2024 9:04:54,22.25,3847.01,4.12,9,108,0,11,0,387,0,Free
12/5/2024 9:05:04,22.25,3847.91,4.12,9,109,0,11,0,387,0,Free
12/5/2024 9:06:10,22.25,3851.32,4.12,9,109,0,11,0,388,0,Free
12/5/2024 9:06:19,22.25,3852.22,4.12,9,109,0,11,0,389,0,Free
12/5/2024 9:06:30,22.25,3853.11,4.12,9,109,0,11,0,390,0,Free
12/5/2024 9:06:31,22.25,3853.73,4.12,9,109,0,11,0,391,0,Free
12/5/2024 9:06:46,22.25,3854.90,4.12,9,109,0,11,0,392,0,Free
12/5/2024 9:06:49,22.25,3855.52,4.12,9,109,0,11,0,393,0,Free
12/5/2024 9:06:50,22.25,3856.14,4.12,9,109,0,11,0,394,0,Free
12/5/2024 9:06:53,22.25,3856.75,4.12,9,109,0,11,0,395,0,Free
12/5/2024 9:07:02,22.25,3857.65,4.12,9,109,0,11,0,396,0,Free
12/5/2024 9:07:07,22.25,3858.26,4.12,9,109,0,11,0,397,0,Free
12/5/2024 9:07:09,22.25,3858.88,4.12,9,109,0,11,0,398,0,Free
12/5/2024 9:07:11,22.25,3859.49,4.12,9,109,0,11,0,399,0,Free
12/5/2024 9:07:15,22.25,3860.11,4.12,9,109,0,11,0,400,0,Free
12/5/2024 9:07:16,22.25,3860.73,4.12,9,109,0,11,0,401,0,Free
12/5/2024 9:07:17,22.25,3861.34,4.12,9,109,0,11,0,402,0,Free
12/5/2024 9:07:22,22.25,3861.96,4.12,9,109,0,11,0,403,0,Free
12/5/2024 9:07:24,22.25,3862.58,4.12,9,109,0,11,0,404,0,Free
12/5/2024 9:08:13,22.25,3877.58,4.12,9,109,0,11,0,404,0,Free
12/5/2024 9:26:26,22.25,3941.11,4.12,9,109,0,11,0,404,0,Free
12/5/2024 9:44:39,22.25,4004.67,4.12,9,109,0,11,0,404,0,Free
12/5/2024 9:54:33,22.25,4032.61,4.12,9,110,0,11,0,404,0,Free
12/5/2024 9:54:33,22.25,4033.22,4.12,9,111,0,11,0,404,0,Free
12/5/2024 9:54:35,22.25,4033.84,4.12,9,112,0,11,0,404,0,Free
12/5/2024 9:54:36,22.25,4034.46,4.12,9,113,0,11,0,404,0,Free
12/5/2024 9:54:37,22.25,4035.09,4.12,9,114,0,11,0,404,0,Free
12/5/2024 9:54:40,22.25,4035.70,4.12,9,115,0,11,0,404,0,Free
12/5/2024 9:54:43,22.25,4036.32,4.12,9,116,0,11,0,404,0,Free
12/5/2024 9:54:44,22.25,4036.93,4.12,9,117,0,11,0,404,0,Free
12/5/2024 9:54:45,22.25,4037.55,4.11,9,118,0,11,0,404,0,Free
12/5/2024 9:54:46,22.25,4038.17,4.11,9,119,0,11,0,404,0,Free
12/5/2024 9:54:47,22.25,4038.78,4.12,9,120,0,11,0,404,0,Free
12/5/2024 9:54:48,22.25,4039.40,4.12,9,121,0,11,0,404,0,Free
12/5/2024 9:54:53,22.25,4040.01,4.11,9,122,0,11,0,404,0,Free
12/5/2024 9:55:26,22.25,4042.03,4.11,9,123,0,11,0,404,0,Free
12/5/2024 9:55:27,22.25,4042.64,4.11,9,124,0,11,0,404,0,Free
12/5/2024 9:55:28,22.25,4043.26,4.12,9,125,0,11,0,404,0,Free
12/5/2024 9:55:33,22.25,4043.88,4.12,9,126,0,11,0,404,0,Free
12/5/2024 9:55:40,22.25,4044.77,4.12,9,127,0,11,0,404,0,Free
12/5/2024 9:55:43,22.25,4045.39,4.12,9,128,0,11,0,404,0,Free
12/5/2024 9:58:53,22.50,4054.66,4.11,9,128,0,11,0,405,0,Free
12/5/2024 10:01:36,22.50,4074.97,4.12,9,128,0,11,0,405,0,Free
12/5/2024 10:19:49,22.25,4138.49,4.11,9,128,0,11,0,405,0,Free
12/5/2024 10:38:02,22.25,4202.02,4.11,9,128,0,11,0,405,0,Free
12/5/2024 10:56:15,22.00,4265.52,4.11,9,128,0,11,0,405,0,Free
12/5/2024 11:14:28,22.00,4329.00,4.11,9,128,0,11,0,405,0,Free
12/5/2024 11:32:41,22.00,4392.48,4.11,9,128,0,11,0,405,0,Free
12/5/2024 11:50:54,22.00,4455.95,4.11,9,128,0,11,0,405,0,Free
12/5/2024 12:05:51,22.00,4498.09,4.11,9,128,0,11,0,406,0,Free
12/5/2024 12:09:04,22.00,4519.77,4.11,9,128,0,11,0,406,0,Free
12/5/2024 12:27:17,22.00,4583.25,4.11,9,128,0,11,0,406,0,Free
12/5/2024 12:45:30,22.00,4646.72,4.11,9,128,0,11,0,406,0,Free
12/5/2024 13:03:43,22.00,4710.20,4.11,9,128,0,11,0,406,0,Free
12/5/2024 13:21:56,22.00,4773.67,4.11,9,128,0,11,0,406,0,Free
12/5/2024 13:40:09,22.00,4837.15,4.09,9,128,0,11,0,406,0,Free
12/5/2024 13:58:22,22.00,4900.62,4.11,9,128,0,11,0,406,0,Free
12/5/2024 14:16:34,22.00,4964.09,4.11,9,128,0,11,0,406,0,Free
12/5/2024 14:16:50,22.00,4965.27,4.11,9,128,0,11,0,407,0,Free
12/5/2024 14:18:20,22.00,4969.78,4.11,9,128,0,11,0,408,0,Free
12/5/2024 14:18:54,22.00,4971.79,4.11,9,128,0,11,0,409,0,Free
12/5/2024 14:19:00,22.00,4972.41,4.11,9,128,0,11,0,410,0,Free
12/5/2024 14:34:42,22.25,5028.92,4.11,9,128,0,11,0,410,0,Free
12/5/2024 14:52:55,22.00,5092.39,4.11,9,128,0,11,0,410,0,Free
12/5/2024 15:11:08,22.00,5155.86,4.11,9,128,0,11,0,410,0,Free
12/5/2024 15:29:21,22.00,5219.34,4.11,9,128,0,11,0,410,0,Free
12/5/2024 15:47:34,22.00,5282.81,4.11,9,128,0,11,0,410,0,Free
12/5/2024 16:05:47,22.00,5346.28,4.11,9,128,0,11,0,410,0,Free
12/5/2024 16:24:00,22.00,5409.76,4.11,9,128,0,11,0,410,0,Free
12/5/2024 16:42:13,22.25,5473.23,4.11,9,128,0,11,0,410,0,Free
12/5/2024 17:00:26,22.25,5536.70,4.11,9,128,0,11,0,410,0,Free
12/5/2024 17:18:39,22.25,5600.17,4.10,9,128,0,11,0,410,0,Free
12/5/2024 17:36:52,22.25,5663.65,4.11,9,128,0,11,0,410,0,Free
12/5/2024 17:39:36,22.25,5671.79,4.11,9,128,0,11,0,411,0,Free
12/5/2024 17:42:30,22.25,5680.48,4.11,9,128,0,11,0,412,0,Free
12/5/2024 17:42:33,22.25,5681.10,4.11,9,128,0,11,0,413,0,Free
12/5/2024 17:42:34,22.25,5681.71,4.11,9,128,0,11,0,414,0,Free
12/5/2024 17:42:46,22.25,5682.61,4.11,9,128,0,11,0,415,0,Free
12/5/2024 17:42:51,22.25,5683.23,4.11,9,128,0,11,0,416,0,Free
12/5/2024 17:50:14,22.25,5704.18,4.10,9,128,0,11,0,417,0,Free
12/5/2024 17:54:44,22.25,5729.49,4.11,9,128,0,11,0,417,0,Free
12/5/2024 18:12:57,22.00,5792.97,4.11,9,128,0,11,0,417,0,Free
12/5/2024 18:13:50,22.25,5795.81,4.11,9,128,0,11,0,418,0,Free
12/5/2024 18:16:16,22.25,5803.11,4.11,9,128,0,11,0,419,0,Free
12/5/2024 18:17:19,22.25,5806.52,4.11,9,128,0,11,0,420,0,Free
12/5/2024 18:17:23,22.25,5807.13,4.10,9,128,0,11,0,421,0,Free
12/5/2024 18:17:54,22.25,5809.14,4.11,9,128,0,11,0,422,0,Free
12/5/2024 18:17:58,22.25,5809.75,4.11,9,128,0,11,0,423,0,Free
12/5/2024 18:18:04,22.25,5810.37,4.11,9,128,0,11,0,424,0,Free
12/5/2024 18:18:07,22.25,5810.99,4.11,9,128,0,11,0,425,0,Free
12/5/2024 18:18:09,22.25,5811.60,4.10,9,128,0,11,0,426,0,Free
12/5/2024 18:18:10,22.25,5812.22,4.11,9,128,0,11,0,427,0,Free
12/5/2024 18:18:11,22.25,5812.84,4.11,9,128,0,11,0,428,0,Free
12/5/2024 18:18:12,22.25,5813.45,4.09,9,128,0,11,0,429,0,Free
12/5/2024 18:18:13,22.25,5814.07,4.11,9,128,0,11,0,430,0,Free
12/5/2024 18:20:17,22.25,5820.25,4.11,9,128,0,11,0,431,0,Free
12/5/2024 18:20:17,22.25,5820.87,4.10,9,128,0,11,0,432,0,Free
12/5/2024 18:21:02,22.25,5823.44,4.10,9,128,0,11,0,433,0,Free
12/5/2024 18:21:04,22.25,5824.05,4.11,9,128,0,11,0,434,0,Free
12/5/2024 18:21:06,22.25,5824.67,4.10,9,128,0,11,0,435,0,Free
12/5/2024 18:21:06,22.25,5825.28,4.10,9,128,0,11,0,436,0,Free
12/5/2024 18:21:12,22.25,5825.90,4.11,9,128,0,11,0,437,0,Free
12/5/2024 18:21:15,22.25,5826.52,4.11,9,128,0,11,0,438,0,Free
12/5/2024 18:21:17,22.25,5827.13,4.10,9,128,0,11,0,439,0,Free
12/5/2024 18:21:25,22.25,5828.02,4.10,9,128,0,11,0,440,0,Free
12/5/2024 18:21:26,22.25,5828.64,4.11,9,128,0,11,0,441,0,Free
12/5/2024 18:21:27,22.25,5829.26,4.11,9,128,0,11,0,442,0,Free
12/5/2024 18:21:30,22.25,5829.88,4.10,9,128,0,11,0,443,0,Free
12/5/2024 18:21:33,22.25,5830.50,4.09,9,128,0,11,0,444,0,Free
12/5/2024 18:21:33,22.25,5831.11,4.10,9,128,0,11,0,445,0,Free
12/5/2024 18:21:41,22.25,5832.01,4.10,9,128,0,11,0,446,0,Free
12/5/2024 18:22:02,22.25,5833.46,4.10,9,128,0,11,0,447,0,Free
12/5/2024 18:22:04,22.25,5834.07,4.10,9,128,0,11,0,448,0,Free
12/5/2024 18:22:05,22.25,5834.69,4.11,9,128,0,11,0,449,0,Free
12/5/2024 18:22:05,22.25,5835.31,4.10,9,128,0,11,0,450,0,Free
12/5/2024 18:25:43,22.25,5845.96,4.11,9,129,0,11,0,450,0,Free
12/5/2024 18:25:59,22.25,5847.13,4.11,9,130,0,11,0,450,0,Free
12/5/2024 18:27:15,22.25,5851.09,4.11,9,130,0,11,0,451,0,Free
12/5/2024 18:28:58,22.50,5868.60,4.10,9,130,0,11,0,451,0,Free
12/5/2024 18:30:13,22.50,5872.56,4.10,9,130,0,11,0,452,0,Free
12/5/2024 18:30:14,22.50,5873.18,4.10,9,130,0,11,0,453,0,Free
12/5/2024 18:30:16,22.50,5873.79,4.11,9,130,0,11,0,454,0,Free
12/5/2024 18:30:17,22.50,5874.41,4.10,9,130,0,11,0,455,0,Free
12/5/2024 18:30:18,22.50,5875.03,4.10,9,130,0,11,0,456,0,Free
12/5/2024 18:30:18,22.50,5875.64,4.11,9,130,0,11,0,457,0,Free
12/5/2024 18:30:19,22.50,5876.26,4.11,9,130,0,11,0,458,0,Free
12/5/2024 18:30:20,22.50,5876.87,4.10,9,130,0,11,0,459,0,Free
12/5/2024 18:30:21,22.50,5877.49,4.10,9,130,0,11,0,460,0,Free
12/5/2024 18:30:22,22.50,5878.10,4.10,9,130,0,11,0,461,0,Free
12/5/2024 18:30:23,22.50,5878.72,4.10,9,130,0,11,0,462,0,Free
12/5/2024 18:30:24,22.50,5879.34,4.11,9,130,0,11,0,463,0,Free
12/5/2024 18:30:27,22.50,5879.95,4.10,9,130,0,11,0,464,0,Free
12/5/2024 18:30:29,22.50,5880.57,4.09,9,130,0,11,0,465,0,Free
12/5/2024 18:30:30,22.50,5881.19,4.11,9,130,0,11,0,466,0,Free
12/5/2024 18:30:32,22.50,5881.81,4.10,9,130,0,11,0,467,0,Free
12/5/2024 18:30:32,22.50,5882.42,4.09,9,130,0,11,0,468,0,Free
12/5/2024 18:33:24,22.50,5890.84,4.10,9,131,0,11,0,468,0,Free
12/5/2024 18:36:38,22.75,5900.37,4.10,9,132,0,11,0,468,0,Free
12/5/2024 18:36:39,22.75,5900.99,4.10,9,133,0,11,0,468,0,Free
12/5/2024 18:36:42,22.75,5901.60,4.09,9,134,0,11,0,468,0,Free
12/5/2024 18:36:43,22.75,5902.22,4.10,9,135,0,11,0,468,0,Free
12/5/2024 18:37:49,22.75,5905.62,4.11,9,135,0,11,0,469,0,Free
12/5/2024 18:38:00,22.75,5906.52,4.11,9,136,0,11,0,469,0,Free
12/5/2024 18:43:30,22.75,5922.18,4.10,9,137,0,11,0,469,0,Free
12/5/2024 18:44:08,22.75,5924.46,4.10,9,138,0,11,0,469,0,Free
12/5/2024 18:45:14,22.75,5927.86,4.10,9,138,0,11,0,470,0,Free
12/5/2024 18:45:28,22.75,5941.20,4.10,9,138,0,11,0,470,0,Free
12/5/2024 18:47:41,22.75,5947.94,4.10,9,138,0,11,0,471,0,Free
12/5/2024 18:47:44,22.75,5948.56,4.11,9,138,0,11,0,472,0,Free
12/5/2024 18:47:50,22.75,5949.17,4.10,9,138,0,12,0,472,0,Free
12/5/2024 18:47:51,22.75,5949.79,4.11,9,138,0,12,0,473,0,Free
12/5/2024 18:47:59,22.75,5950.68,4.10,9,138,0,12,0,474,0,Free
12/5/2024 18:48:00,22.75,5951.30,4.10,9,138,0,12,0,475,0,Free
12/5/2024 18:48:11,22.75,5952.19,4.10,9,138,0,12,0,476,0,Free
12/5/2024 18:48:12,22.75,5952.81,4.10,9,138,0,12,0,477,0,Free
12/5/2024 18:48:13,22.75,5953.43,4.11,9,138,0,12,0,478,0,Free
12/5/2024 18:48:14,22.75,5954.04,4.10,9,138,0,12,0,479,0,Free
12/5/2024 18:48:14,22.75,5954.66,4.11,9,138,0,12,0,480,0,Free
12/5/2024 18:48:16,22.75,5955.27,4.11,9,138,0,12,0,481,0,Free
12/5/2024 18:48:16,22.75,5955.89,4.11,9,138,0,12,0,482,0,Free
12/5/2024 18:48:19,22.75,5956.50,4.09,9,138,0,12,0,483,0,Free
12/5/2024 18:48:25,22.75,5957.13,4.10,9,138,0,12,0,484,0,Free
12/5/2024 18:48:26,22.75,5957.75,4.11,9,138,0,12,0,485,0,Free
12/5/2024 18:48:41,23.00,5958.92,4.11,9,138,0,12,0,486,0,Free
12/5/2024 18:48:45,23.00,5959.54,4.11,9,138,0,12,0,487,0,Free
12/5/2024 18:49:19,23.00,5961.55,4.10,9,139,0,12,0,487,0,Free
12/5/2024 19:02:32,22.50,6011.15,4.10,9,139,0,12,0,487,0,Free
12/5/2024 19:02:53,22.50,6012.60,4.10,9,139,0,12,0,488,0,Free
12/5/2024 19:12:25,22.50,6039.73,4.10,9,139,0,12,0,489,0,Free
12/5/2024 19:12:39,22.50,6040.90,4.10,9,139,0,12,0,490,0,Free
12/5/2024 19:12:40,22.50,6041.52,4.09,9,139,0,12,0,491,0,Free
12/5/2024 19:12:41,22.50,6042.14,4.10,9,139,0,12,0,492,0,Free
12/5/2024 19:12:43,22.50,6042.75,4.11,9,139,0,12,0,493,0,Free
12/5/2024 19:12:44,22.50,6043.37,4.10,9,139,0,12,0,494,0,Free
12/5/2024 19:12:47,22.50,6043.98,4.10,9,139,0,12,0,495,0,Free
12/5/2024 19:12:48,22.50,6044.60,4.10,9,139,0,12,0,496,0,Free
12/5/2024 19:12:48,22.50,6045.22,4.09,9,139,0,12,0,497,0,Free
12/5/2024 19:12:50,22.50,6045.83,4.11,9,139,0,12,0,498,0,Free
12/5/2024 19:12:53,22.50,6046.45,4.11,9,139,0,12,0,499,0,Free
12/5/2024 19:12:59,22.50,6047.34,4.08,9,139,0,12,0,500,0,Free
12/5/2024 19:13:09,22.50,6048.24,4.10,9,139,0,12,0,501,0,Free
12/5/2024 19:13:11,22.50,6048.85,4.10,9,139,0,12,0,502,0,Free
12/5/2024 19:13:12,22.50,6049.47,4.11,9,139,0,12,0,503,0,Free
12/5/2024 19:13:14,22.50,6050.09,4.10,9,139,0,12,0,504,0,Free
12/5/2024 19:13:15,22.50,6050.70,4.09,9,139,0,12,0,505,0,Free
12/5/2024 19:13:17,22.50,6051.32,4.10,9,139,0,12,0,506,0,Free
12/5/2024 19:13:18,22.50,6051.94,4.11,9,139,0,12,0,507,0,Free
12/5/2024 19:13:23,22.50,6052.55,4.10,9,139,0,12,0,508,0,Free
12/5/2024 19:19:18,22.25,6081.80,4.10,9,139,0,12,0,508,0,Free
12/5/2024 19:37:31,22.25,6145.44,4.10,9,139,0,12,0,508,0,Free
12/5/2024 19:38:32,22.25,6148.85,4.10,9,139,0,12,0,509,0,Free
12/5/2024 19:38:33,22.25,6149.46,4.10,9,139,0,12,0,510,0,Free
12/5/2024 19:38:39,22.25,6150.08,4.10,9,139,0,12,0,511,0,Free
12/5/2024 19:38:47,22.25,6150.97,4.11,9,139,0,12,0,512,0,Free
12/5/2024 19:38:47,22.25,6151.59,4.10,9,139,0,12,0,513,0,Free
12/5/2024 19:38:48,22.25,6152.21,4.11,9,139,0,12,0,514,0,Free
12/5/2024 19:38:52,22.25,6152.82,4.10,9,139,0,12,0,515,0,Free
12/5/2024 19:38:53,22.25,6153.44,4.11,9,139,0,12,0,516,0,Free
12/5/2024 19:38:59,22.25,6154.06,4.10,9,139,0,12,0,517,0,Free
12/5/2024 19:39:05,22.25,6154.67,4.10,9,139,0,12,0,518,0,Free
12/5/2024 19:39:11,22.25,6155.29,4.10,9,139,0,12,0,519,0,Free
12/5/2024 19:39:15,22.25,6155.90,4.10,9,139,0,12,0,520,0,Free
12/5/2024 19:39:41,22.25,6157.64,4.10,9,139,0,12,0,521,0,Free
12/5/2024 19:39:44,22.25,6158.26,4.10,9,139,0,12,0,522,0,Free
12/5/2024 19:39:46,22.25,6158.87,4.10,9,139,0,12,0,523,0,Free
12/5/2024 19:39:54,22.25,6159.77,4.10,9,139,0,12,0,524,0,Free
12/5/2024 19:40:02,22.25,6160.66,4.09,9,139,0,12,0,525,0,Free
12/5/2024 19:40:03,22.25,6161.28,4.10,9,139,0,12,0,526,0,Free
12/5/2024 19:40:16,22.25,6162.45,4.10,9,139,0,12,0,527,0,Free
12/5/2024 19:40:21,22.25,6163.07,4.10,9,139,0,12,0,528,0,Free
12/5/2024 19:40:29,22.25,6163.97,4.10,9,139,0,12,0,529,0,Free
12/5/2024 19:40:37,22.25,6164.86,4.10,9,139,0,12,0,530,0,Free
12/5/2024 19:40:41,22.25,6165.48,4.09,9,139,0,12,0,531,0,Free
12/5/2024 19:40:43,22.25,6166.09,4.10,9,139,0,12,0,532,0,Free
12/5/2024 19:40:44,22.25,6166.71,4.09,9,139,0,12,0,533,0,Free
12/5/2024 19:41:52,22.25,6170.40,4.10,9,140,0,12,0,533,0,Free
12/5/2024 19:42:35,22.25,6172.97,4.10,9,141,0,12,0,533,0,Free
12/5/2024 19:46:21,22.50,6183.89,4.10,9,141,0,12,0,534,0,Free
12/5/2024 19:46:31,22.50,6184.79,4.10,9,141,0,13,0,534,0,Free
12/5/2024 19:46:32,22.50,6185.41,4.10,9,141,0,13,0,535,0,Free
12/5/2024 19:47:12,22.50,6187.69,4.10,9,141,0,13,0,536,0,Free
12/5/2024 19:47:54,22.50,6189.98,4.10,9,142,0,13,0,536,0,Free
12/5/2024 19:47:57,22.50,6190.60,4.10,9,143,0,13,0,536,0,Free
12/5/2024 19:50:23,22.75,6197.90,4.10,9,143,0,13,0,537,0,Free
12/5/2024 19:50:24,22.75,6198.52,4.10,9,143,0,13,0,538,0,Free
12/5/2024 19:50:26,22.75,6199.14,4.10,9,143,0,13,0,539,0,Free
12/5/2024 19:51:10,22.75,6201.71,4.10,9,143,0,13,0,540,0,Free
12/5/2024 19:51:14,22.75,6202.32,4.10,9,143,0,13,0,541,0,Free
12/5/2024 19:51:20,22.75,6202.94,4.10,9,143,0,13,0,542,0,Free
12/5/2024 19:51:25,22.75,6203.56,4.10,9,143,0,13,0,543,0,Free
12/5/2024 19:51:31,22.75,6204.45,4.09,9,143,0,13,0,544,0,Free
12/5/2024 19:51:34,22.75,6205.07,4.11,9,143,0,13,0,545,0,Free
12/5/2024 19:51:35,22.75,6205.68,4.10,9,143,0,13,0,546,0,Free
12/5/2024 19:51:36,22.75,6206.30,4.10,9,143,0,13,0,547,0,Free
12/5/2024 19:51:39,22.75,6206.91,4.10,9,143,0,13,0,548,0,Free
12/5/2024 19:51:42,22.75,6207.53,4.10,9,143,0,13,0,549,0,Free
12/5/2024 19:51:44,22.75,6208.15,4.10,9,143,0,13,0,550,0,Free
12/5/2024 19:51:46,22.75,6208.76,4.10,9,143,0,13,0,551,0,Free
12/5/2024 19:51:47,22.75,6209.38,4.11,9,143,0,13,0,552,0,Free
12/5/2024 19:51:50,22.75,6209.99,4.10,9,143,0,13,0,553,0,Free
12/5/2024 19:51:51,22.75,6210.61,4.10,9,143,0,13,0,554,0,Free
12/5/2024 19:51:52,22.75,6211.23,4.10,9,143,0,13,0,555,0,Free
12/5/2024 19:51:56,22.75,6211.85,4.10,9,143,0,13,0,556,0,Free
12/5/2024 19:51:58,22.75,6212.47,4.11,9,143,0,13,0,557,0,Free
12/5/2024 19:51:58,22.75,6213.08,4.10,9,143,0,13,0,558,0,Free
12/5/2024 19:52:02,22.75,6213.70,4.10,9,143,0,13,0,559,0,Free
12/5/2024 19:52:03,22.75,6214.31,4.10,9,143,0,13,0,560,0,Free
12/5/2024 19:52:08,22.75,6214.93,4.10,9,143,0,13,0,561,0,Free
12/5/2024 19:52:11,22.75,6215.54,4.09,9,143,0,13,0,562,0,Free
12/5/2024 19:52:24,22.75,6228.87,4.09,9,143,0,13,0,562,0,Free
12/5/2024 19:55:38,22.50,6238.43,4.10,9,144,0,13,0,562,0,Free
12/5/2024 20:01:18,22.50,6254.69,4.10,9,144,0,13,0,563,0,Free
12/5/2024 20:01:20,22.50,6255.30,4.10,9,144,0,13,0,564,0,Free
12/5/2024 20:01:21,22.50,6255.92,4.10,9,144,0,13,0,565,0,Free
12/5/2024 20:01:23,22.50,6256.54,4.09,9,144,0,13,0,566,0,Free
12/5/2024 20:01:27,22.50,6257.15,4.09,9,144,0,13,0,567,0,Free
12/5/2024 20:01:33,22.50,6257.77,4.09,9,144,0,13,0,568,0,Free
12/5/2024 20:01:34,22.50,6258.38,4.11,9,144,0,13,0,569,0,Free
12/5/2024 20:01:36,22.50,6259.00,4.09,9,144,0,13,0,570,0,Free
12/5/2024 20:01:38,22.50,6259.61,4.10,9,144,0,13,0,571,0,Free
12/5/2024 20:01:38,22.50,6260.23,4.10,9,144,0,13,0,572,0,Free
12/5/2024 20:01:42,22.50,6260.86,4.10,9,144,0,13,0,573,0,Free
12/5/2024 20:01:47,22.50,6261.47,4.10,9,144,0,13,0,574,0,Free
12/5/2024 20:02:07,22.50,6262.93,4.10,9,144,0,13,0,575,0,Free
12/5/2024 20:02:16,22.50,6263.82,4.11,9,144,0,13,0,576,0,Free
12/5/2024 20:02:19,22.50,6264.44,4.10,9,144,0,13,0,577,0,Free
12/5/2024 20:02:20,22.50,6265.05,4.10,9,144,0,13,0,578,0,Free
12/5/2024 20:02:20,22.50,6265.67,4.10,9,144,0,13,0,579,0,Free
12/5/2024 20:02:21,22.50,6266.29,4.10,9,144,0,13,0,580,0,Free
12/5/2024 20:06:57,22.25,6279.49,4.10,9,144,0,13,0,581,0,Free
12/5/2024 20:07:29,22.25,6281.50,4.09,9,145,0,13,0,581,0,Free
12/5/2024 20:08:14,22.50,6284.07,4.10,9,146,0,13,0,581,0,Free
12/5/2024 20:08:16,22.50,6284.69,4.10,9,147,0,13,0,581,0,Free
12/5/2024 20:08:17,22.50,6285.30,4.10,9,148,0,13,0,581,0,Free
12/5/2024 20:08:23,22.50,6286.20,4.10,9,149,0,13,0,581,0,Free
12/5/2024 20:08:27,22.50,6286.81,4.10,9,150,0,13,0,581,0,Free
12/5/2024 20:08:28,22.50,6287.43,4.09,9,151,0,13,0,581,0,Free
12/5/2024 20:08:32,22.50,6288.05,4.10,9,152,0,13,0,581,0,Free
12/5/2024 20:08:56,22.50,6301.94,4.10,9,152,0,13,0,581,0,Free
12/5/2024 20:12:04,22.50,6311.21,4.09,9,153,0,13,0,581,0,Free
12/5/2024 20:13:27,22.75,6315.46,4.10,9,153,0,13,0,582,0,Free
12/5/2024 20:13:29,22.75,6316.07,4.10,9,153,0,13,0,583,0,Free
12/5/2024 20:13:34,22.75,6316.99,4.09,9,153,0,14,304,583,0,Free
12/5/2024 20:13:35,22.75,6317.33,4.10,9,153,0,14,0,584,0,Free
12/5/2024 20:14:54,22.75,6321.57,4.10,9,153,0,15,0,584,0,Free
12/5/2024 20:14:55,22.75,6322.19,4.09,9,153,0,15,0,585,0,Free
12/5/2024 20:14:56,22.75,6322.81,4.10,9,153,0,15,0,586,0,Free
12/5/2024 20:14:59,22.75,6323.42,4.10,9,153,0,15,0,587,0,Free
12/5/2024 20:15:05,22.75,6324.32,4.09,9,153,0,15,0,588,0,Free
12/5/2024 20:15:26,22.75,6325.77,4.10,9,153,0,15,0,589,0,Free
12/5/2024 20:15:28,22.75,6326.39,4.10,9,153,0,15,0,590,0,Free
12/5/2024 20:15:30,22.75,6327.01,4.10,9,153,0,15,0,591,0,Free
12/5/2024 20:15:35,22.75,6327.62,4.10,9,153,0,16,0,591,0,Free
12/5/2024 20:15:36,22.75,6328.34,4.10,9,153,0,17,103,591,0,Free
12/5/2024 20:15:36,22.75,6328.68,4.10,9,153,0,17,0,592,0,Free
12/5/2024 20:15:40,22.75,6329.30,4.10,9,153,0,17,0,593,0,Free
12/5/2024 20:15:42,22.75,6329.92,4.09,9,153,0,17,0,594,0,Free
12/5/2024 20:15:43,22.75,6330.53,4.10,9,153,0,17,0,595,0,Free
12/5/2024 20:15:55,22.75,6331.71,4.10,9,154,0,17,0,595,0,Free
12/5/2024 20:19:27,22.75,6342.10,4.10,9,155,0,17,0,595,0,Free
12/5/2024 20:20:12,22.75,6344.68,4.10,9,156,0,17,0,595,0,Free
12/5/2024 20:25:55,22.75,6373.38,4.09,9,156,0,17,0,595,0,Free
12/5/2024 20:26:19,22.75,6374.84,4.10,9,156,0,17,0,596,0,Free
12/5/2024 20:26:21,22.75,6375.45,4.10,9,156,0,17,0,597,0,Free
12/5/2024 20:28:29,22.75,6381.94,4.10,9,156,0,17,0,598,0,Free
12/5/2024 20:28:29,22.75,6382.56,4.10,9,156,0,17,0,599,0,Free
12/5/2024 20:28:31,22.75,6383.17,4.09,9,156,0,17,0,600,0,Free
12/5/2024 20:28:32,22.75,6383.79,4.09,9,156,0,17,0,601,0,Free
12/5/2024 20:32:52,22.75,6396.42,4.10,9,157,0,17,0,601,0,Free
12/5/2024 20:35:21,22.75,6403.73,4.10,9,157,0,17,0,602,0,Free
12/5/2024 20:35:22,22.75,6404.34,4.08,9,157,0,17,0,603,0,Free
12/5/2024 20:35:24,22.75,6404.96,4.09,9,157,0,17,0,604,0,Free
12/5/2024 20:37:48,23.00,6412.40,4.10,9,157,0,18,121,604,0,Free
12/5/2024 20:37:50,23.00,6413.01,4.10,9,158,0,18,0,604,0,Free
12/5/2024 20:37:54,23.00,6413.79,4.11,9,158,0,19,161,604,0,Free
12/5/2024 20:38:01,23.00,6414.68,4.10,9,158,0,19,0,605,0,Free
12/5/2024 20:38:03,23.00,6415.30,4.10,9,158,0,19,0,606,0,Free
12/5/2024 20:38:10,23.00,6416.20,4.10,9,159,0,19,0,606,0,Free
12/5/2024 20:38:11,23.00,6416.81,4.10,9,159,0,19,0,607,0,Free
12/5/2024 20:38:12,23.00,6417.15,4.10,9,160,0,19,0,607,0,Free
12/5/2024 20:38:13,23.00,6418.28,4.10,9,160,0,20,513,607,0,Free
12/5/2024 20:38:14,23.00,6418.90,4.10,9,161,0,20,0,607,0,Free
12/5/2024 20:38:19,23.00,6419.51,4.10,9,161,0,21,0,607,0,Free
12/5/2024 20:38:28,23.00,6420.41,4.09,9,161,0,21,0,608,0,Free
12/5/2024 20:39:07,23.25,6422.71,4.10,9,161,0,21,0,609,0,Free
12/5/2024 20:39:42,23.50,6424.72,4.10,9,161,0,21,0,610,0,Free
12/5/2024 20:39:43,23.50,6425.34,4.10,9,161,0,21,0,611,0,Free
12/5/2024 20:40:12,23.50,6427.07,4.10,9,161,0,21,0,612,0,Free
12/5/2024 20:40:16,23.50,6427.69,4.10,9,162,0,21,0,612,0,Free
12/5/2024 20:40:22,23.50,6428.30,4.10,9,163,0,21,0,612,0,Free
12/5/2024 20:42:35,23.50,6447.21,4.10,9,163,0,21,0,612,0,Free
12/5/2024 20:55:20,22.75,6483.32,4.10,9,163,0,21,0,613,0,Free
12/5/2024 20:55:21,22.75,6483.94,4.10,9,163,0,21,0,614,0,Free
12/5/2024 20:55:59,22.75,6486.24,4.09,9,163,0,21,0,615,0,Free
12/5/2024 20:57:57,23.25,6492.16,4.09,9,164,0,21,0,615,0,Free
12/5/2024 21:00:33,23.25,6512.20,4.09,9,164,0,21,0,615,0,Free
12/5/2024 21:00:39,23.25,6512.82,4.09,9,164,0,21,0,616,0,Free
12/5/2024 21:17:46,22.50,6561.08,4.10,9,165,0,21,0,616,0,Free
12/5/2024 21:18:41,22.50,6576.37,4.09,9,165,0,21,0,616,0,Free
12/5/2024 21:18:51,22.50,6577.26,4.10,9,165,0,21,0,617,0,Free
12/5/2024 21:18:52,22.50,6577.88,4.08,9,165,0,21,0,618,0,Free
12/5/2024 21:18:53,22.50,6578.50,4.10,9,165,0,21,0,619,0,Free
12/5/2024 21:36:42,22.25,6640.96,4.10,9,165,0,21,0,619,0,Free
12/5/2024 21:54:55,22.00,6704.52,4.10,9,165,0,21,0,619,0,Free
12/5/2024 22:13:08,22.00,6768.15,4.09,9,165,0,21,0,619,0,Free
12/5/2024 22:28:06,22.25,6810.41,4.09,9,165,0,21,0,620,0,Free
12/5/2024 22:28:32,22.50,6812.15,4.09,9,165,0,22,0,620,0,Free
12/5/2024 22:28:51,22.50,6813.60,4.09,9,165,0,23,0,620,0,Free
12/5/2024 22:29:11,22.50,6815.06,4.09,9,166,0,23,0,620,0,Free
12/5/2024 22:31:06,22.75,6833.14,4.10,9,166,0,23,0,620,0,Free
12/5/2024 22:31:35,22.75,6834.88,4.09,9,167,0,23,0,620,0,Free
12/5/2024 22:31:35,22.75,6835.50,4.09,9,168,0,23,0,620,0,Free
12/5/2024 22:31:37,22.75,6836.11,4.09,9,169,0,23,0,620,0,Free
12/5/2024 22:31:37,22.75,6836.73,4.09,9,170,0,23,0,620,0,Free
12/5/2024 22:31:40,22.75,6837.35,4.09,9,171,0,23,0,620,0,Free
12/5/2024 22:43:51,22.50,6871.91,4.09,9,171,0,24,120,620,0,Free
12/5/2024 22:43:52,22.50,6872.25,4.09,9,172,0,24,0,620,0,Free
12/5/2024 22:43:54,22.50,6872.86,4.10,9,172,0,24,0,621,0,Free
12/5/2024 22:44:14,22.50,6874.32,4.09,9,173,0,24,0,621,0,Free
12/5/2024 22:48:51,22.50,6899.94,4.10,9,173,0,24,0,621,0,Free
12/5/2024 22:57:31,22.50,6924.60,4.09,9,173,0,24,0,622,0,Free
12/5/2024 22:57:39,22.50,6925.50,4.09,9,173,0,24,0,623,0,Free
12/5/2024 23:03:22,22.25,6942.05,4.09,9,173,0,24,0,624,0,Free
12/5/2024 23:03:29,22.25,6942.94,4.09,9,173,0,24,0,625,0,Free
12/5/2024 23:03:31,22.25,6943.56,4.09,9,173,0,24,0,626,0,Free
12/5/2024 23:03:34,22.25,6944.18,4.09,9,173,0,24,0,627,0,Free
12/5/2024 23:03:35,22.25,6944.79,4.09,9,173,0,24,0,628,0,Free
12/5/2024 23:03:37,22.25,6945.41,4.09,9,173,0,24,0,629,0,Free
12/5/2024 23:03:37,22.25,6946.02,4.09,9,173,0,24,0,630,0,Free
12/5/2024 23:03:38,22.25,6946.64,4.09,9,173,0,24,0,631,0,Free
12/5/2024 23:03:39,22.25,6947.26,4.10,9,173,0,24,0,632,0,Free
12/5/2024 23:03:40,22.25,6947.87,4.09,9,173,0,24,0,633,0,Free
12/5/2024 23:03:47,22.25,6948.77,4.10,9,173,0,24,0,634,0,Free
12/5/2024 23:06:06,22.25,6967.97,4.10,9,173,0,24,0,634,0,Free
12/5/2024 23:06:39,22.25,6969.98,4.09,9,174,0,24,0,634,0,Free
12/5/2024 23:06:42,22.25,6970.60,4.09,9,174,0,24,0,635,0,Free
12/5/2024 23:16:00,22.50,6997.21,4.09,9,175,0,24,0,635,0,Free
12/5/2024 23:16:16,22.50,6998.38,4.09,9,175,0,24,0,636,0,Free
12/5/2024 23:16:20,22.50,6999.00,4.09,9,175,0,24,0,637,0,Free
12/5/2024 23:16:22,22.50,6999.62,4.09,9,176,0,24,0,637,0,Free
12/5/2024 23:17:52,22.75,7004.15,4.09,9,176,0,24,0,638,0,Free
12/5/2024 23:17:53,22.75,7004.77,4.10,9,176,0,24,0,639,0,Free
12/5/2024 23:17:54,22.75,7005.38,4.09,9,176,0,24,0,640,0,Free
12/5/2024 23:18:00,22.75,7006.00,4.09,9,176,0,24,0,641,0,Free
12/5/2024 23:18:02,22.75,7006.61,4.09,9,176,0,24,0,642,0,Free
12/5/2024 23:18:03,22.75,7007.23,4.09,9,176,0,24,0,643,0,Free
12/5/2024 23:18:04,22.75,7007.85,4.09,9,176,0,24,0,644,0,Free
12/5/2024 23:18:07,22.75,7008.46,4.09,9,176,0,24,0,645,0,Free
12/5/2024 23:18:10,22.75,7009.08,4.09,9,176,0,24,0,646,0,Free
12/5/2024 23:18:12,22.75,7009.70,4.09,9,176,0,24,0,647,0,Free
12/5/2024 23:18:14,22.75,7010.31,4.10,9,176,0,24,0,648,0,Free
12/5/2024 23:18:15,22.75,7010.93,4.09,9,176,0,24,0,649,0,Free
12/5/2024 23:18:17,22.75,7011.54,4.09,9,176,0,24,0,650,0,Free
12/5/2024 23:18:20,22.75,7012.16,4.09,9,176,0,24,0,651,0,Free
12/5/2024 23:18:21,22.75,7012.78,4.09,9,176,0,24,0,652,0,Free
12/5/2024 23:18:24,22.75,7013.39,4.09,9,176,0,24,0,653,0,Free
12/5/2024 23:18:26,22.75,7014.01,4.09,9,176,0,24,0,654,0,Free
12/5/2024 23:18:29,22.75,7014.62,4.09,9,176,0,24,0,655,0,Free
12/5/2024 23:18:31,22.75,7015.24,4.09,9,176,0,24,0,656,0,Free
12/5/2024 23:18:37,22.75,7015.86,4.09,9,176,0,24,0,657,0,Free
12/5/2024 23:18:39,22.75,7016.48,4.09,9,176,0,24,0,658,0,Free
12/5/2024 23:18:40,22.75,7017.09,4.09,9,176,0,24,0,659,0,Free
12/5/2024 23:18:50,22.75,7017.99,4.09,9,176,0,24,0,660,0,Free
12/5/2024 23:19:01,22.75,7018.88,4.09,9,176,0,24,0,661,0,Free
12/5/2024 23:19:12,22.75,7019.78,4.09,9,176,0,24,0,662,0,Free
12/5/2024 23:19:15,22.75,7020.40,4.09,9,176,0,24,0,663,0,Free
12/5/2024 23:19:20,22.75,7021.02,4.09,9,176,0,24,0,664,0,Free
12/5/2024 23:19:46,22.75,7022.75,4.09,9,176,0,24,0,665,0,Free
12/5/2024 23:20:26,22.75,7025.05,4.09,9,176,0,24,0,666,0,Free
12/5/2024 23:20:36,22.75,7025.94,4.09,9,176,0,24,0,667,0,Free
12/5/2024 23:20:48,22.75,7026.84,4.10,9,176,0,24,0,668,0,Free
12/5/2024 23:20:49,22.75,7027.45,4.09,9,176,0,24,0,669,0,Free
12/5/2024 23:21:06,22.75,7028.63,4.09,9,176,0,24,0,670,0,Free
12/5/2024 23:21:24,22.75,7030.08,4.09,9,176,0,24,0,671,0,Free
12/5/2024 23:21:25,22.75,7030.70,4.09,9,176,0,24,0,672,0,Free
12/5/2024 23:21:49,22.75,7032.15,4.09,9,176,0,24,0,673,0,Free
12/5/2024 23:22:07,22.75,7045.76,4.09,9,176,0,24,0,673,0,Free
12/5/2024 23:22:13,22.75,7046.38,4.09,9,176,0,24,0,674,0,Free
12/5/2024 23:25:50,22.50,7057.06,4.09,9,176,0,24,0,675,0,Free
12/5/2024 23:25:58,22.50,7057.95,4.09,9,177,0,24,0,675,0,Free
12/5/2024 23:28:56,22.50,7066.68,4.09,9,177,0,24,0,676,0,Free
12/5/2024 23:29:34,22.75,7068.97,4.09,9,177,0,25,0,676,0,Free
12/5/2024 23:29:35,22.75,7069.31,4.09,9,177,0,25,0,677,0,Free
12/5/2024 23:30:25,22.75,7072.16,4.09,9,177,0,25,0,678,0,Free
12/5/2024 23:30:26,22.75,7072.50,4.09,9,178,0,25,0,678,0,Free
12/5/2024 23:30:30,22.75,7073.11,4.09,9,178,0,25,0,679,0,Free
12/5/2024 23:30:31,22.75,7073.78,4.09,9,178,0,26,45,679,0,Free
12/5/2024 23:30:31,22.75,7074.11,4.09,9,179,0,26,0,679,0,Free
12/5/2024 23:30:37,22.75,7074.73,4.09,9,179,0,27,0,679,0,Free
12/5/2024 23:31:32,22.75,7077.87,4.09,9,179,0,28,292,679,0,Free
12/5/2024 23:31:32,22.75,7078.21,4.10,9,179,0,28,0,680,0,Free
12/5/2024 23:31:42,22.75,7079.11,4.09,9,180,0,28,0,680,0,Free
12/5/2024 23:31:55,22.75,7080.29,4.09,9,180,0,28,0,681,0,Free
12/5/2024 23:31:56,22.75,7080.91,4.09,9,180,0,29,0,681,0,Free
12/5/2024 23:32:00,22.75,7081.52,4.10,9,180,0,30,0,681,0,Free
12/5/2024 23:32:47,23.00,7084.10,4.09,9,180,0,30,0,682,0,Free
12/5/2024 23:32:49,23.00,7084.71,4.09,9,180,0,30,0,683,0,Free
12/5/2024 23:33:15,23.00,7086.45,4.09,9,180,0,31,0,683,0,Free
12/5/2024 23:33:16,23.00,7087.06,4.09,9,181,0,31,0,683,0,Free
12/5/2024 23:33:18,23.00,7087.68,4.09,9,181,0,32,0,683,0,Free
12/5/2024 23:33:19,23.00,7088.02,4.09,9,181,0,32,0,684,0,Free
12/5/2024 23:33:30,23.00,7088.91,4.09,9,182,0,32,0,684,0,Free
12/5/2024 23:33:56,23.00,7090.64,4.09,9,183,0,32,0,684,0,Free
12/5/2024 23:34:43,23.00,7093.22,4.09,9,184,0,32,0,684,0,Free
12/5/2024 23:35:07,23.00,7094.67,4.09,9,184,0,32,0,685,0,Free
12/5/2024 23:35:16,23.00,7095.57,4.09,9,184,0,33,0,685,0,Free
12/5/2024 23:35:19,23.00,7096.19,4.09,9,185,0,33,0,685,0,Free
12/5/2024 23:35:56,23.00,7098.48,4.10,9,186,0,33,0,685,0,Free
12/5/2024 23:35:59,23.00,7099.09,4.09,9,187,0,33,0,685,0,Free
12/5/2024 23:36:01,23.00,7099.71,4.10,9,188,0,33,0,685,0,Free
12/5/2024 23:36:02,23.00,7100.33,4.09,9,188,0,33,0,686,0,Free
12/5/2024 23:36:03,23.00,7100.94,4.09,9,188,0,33,0,687,0,Free
12/5/2024 23:36:09,23.00,7101.56,4.09,9,188,0,33,0,688,0,Free
12/5/2024 23:36:13,23.00,7102.18,4.09,9,188,0,33,0,689,0,Free
12/5/2024 23:36:22,23.00,7103.07,4.09,9,188,0,33,0,690,0,Free
12/5/2024 23:36:26,23.00,7103.69,4.09,9,188,0,33,0,691,0,Free
12/5/2024 23:36:27,23.00,7104.31,4.09,9,188,0,33,0,692,0,Free
12/5/2024 23:38:09,23.25,7109.39,4.09,9,189,0,33,0,692,0,Free
12/5/2024 23:38:10,23.25,7110.01,4.10,9,190,0,33,0,692,0,Free
12/5/2024 23:38:15,23.25,7110.63,4.08,9,190,0,34,0,692,0,Free
12/5/2024 23:38:34,23.25,7124.24,4.09,9,190,0,34,0,692,0,Free
12/5/2024 23:38:40,23.25,7124.86,4.09,9,190,0,34,0,693,0,Free
12/5/2024 23:38:48,23.50,7125.75,4.09,9,190,0,34,0,694,0,Free
12/5/2024 23:38:49,23.50,7126.37,4.09,9,190,0,34,0,695,0,Free
12/5/2024 23:38:53,23.50,7126.99,4.09,9,190,0,34,0,696,0,Free
12/5/2024 23:38:55,23.50,7127.60,4.09,9,190,0,34,0,697,0,Free
12/5/2024 23:39:49,23.50,7130.46,4.09,9,190,0,35,0,697,0,Free
12/5/2024 23:39:57,23.50,7132.06,4.09,9,190,0,36,706,697,0,Free
12/5/2024 23:39:57,23.50,7132.40,4.09,9,191,0,36,0,697,0,Free
12/5/2024 23:40:03,23.50,7133.01,4.09,9,191,0,36,0,698,0,Free
12/5/2024 23:45:32,23.25,7148.73,4.09,9,191,0,36,0,699,0,Free
12/5/2024 23:45:34,23.25,7149.97,4.09,9,191,0,37,623,699,0,Free
12/5/2024 23:47:09,23.25,7154.77,4.09,9,191,0,37,0,700,0,Free
12/5/2024 23:47:10,23.25,7155.39,4.09,9,191,0,37,0,701,0,Free
12/5/2024 23:48:24,23.00,7159.35,4.09,9,191,0,37,0,702,0,Free
12/5/2024 23:48:28,23.00,7159.97,4.09,9,191,0,37,0,703,0,Free
12/5/2024 23:48:43,23.00,7161.14,4.09,9,191,0,37,0,704,0,Free
12/5/2024 23:50:51,23.00,7167.63,4.09,9,191,0,37,0,705,0,Free
12/5/2024 23:50:52,23.00,7168.25,4.09,9,191,0,37,0,706,0,Free
12/5/2024 23:50:52,23.00,7168.86,4.09,9,191,0,37,0,707,0,Free
12/5/2024 23:51:26,23.00,7170.88,4.09,9,192,0,37,0,707,0,Free
12/5/2024 23:52:52,23.00,7175.41,4.09,9,192,0,37,0,708,0,Free
12/5/2024 23:55:26,22.75,7183.01,4.09,9,192,0,37,0,709,0,Free
12/5/2024 23:55:45,22.75,7196.62,4.09,9,192,0,37,0,709,0,Free
12/5/2024 23:55:49,22.75,7197.24,4.09,9,192,0,37,0,710,0,Free
12/5/2024 23:55:50,22.75,7197.85,4.09,9,192,0,37,0,711,0,Free
12/5/2024 23:55:53,22.75,7198.48,4.09,9,192,0,37,0,712,0,Free
12/5/2024 23:55:55,22.75,7199.09,4.09,9,192,0,37,0,713,0,Free
12/5/2024 23:55:58,22.75,7199.71,4.09,9,192,0,37,0,714,0,Free
12/5/2024 23:55:59,22.75,7200.33,4.09,9,192,0,37,0,715,0,Free
12/5/2024 23:56:00,22.75,7200.94,4.09,9,192,0,37,0,716,0,Free
12/5/2024 23:56:02,22.75,7201.56,4.09,9,192,0,37,0,717,0,Free
12/5/2024 23:56:03,22.75,7202.17,4.09,9,192,0,37,0,718,0,Free
12/5/2024 23:56:08,22.75,7202.79,4.09,9,192,0,37,0,719,0,Free
12/5/2024 23:56:10,22.75,7203.40,4.09,9,192,0,37,0,720,0,Free
12/5/2024 23:56:11,22.75,7204.02,4.09,9,192,0,37,0,721,0,Free
12/5/2024 23:56:12,22.75,7204.64,4.09,9,192,0,37,0,722,0,Free
12/5/2024 23:56:13,22.75,7205.26,4.09,9,192,0,37,0,723,0,Free
12/5/2024 23:56:15,22.75,7205.87,4.09,9,192,0,37,0,724,0,Free
12/5/2024 23:56:17,22.75,7206.49,4.09,9,192,0,37,0,725,0,Free
12/5/2024 23:56:19,22.75,7207.10,4.09,9,192,0,37,0,726,0,Free
12/5/2024 23:56:20,22.75,7207.72,4.09,9,192,0,37,0,727,0,Free
12/5/2024 23:56:21,22.75,7208.34,4.09,9,192,0,37,0,728,0,Free
12/5/2024 23:56:22,22.75,7208.96,4.09,9,192,0,37,0,729,0,Free
12/5/2024 23:56:23,22.75,7209.57,4.09,9,192,0,37,0,730,0,Free
12/5/2024 23:56:26,22.75,7210.19,4.09,9,192,0,37,0,731,0,Free
12/5/2024 23:56:35,22.75,7211.09,4.09,9,192,0,37,0,732,0,Free
12/5/2024 23:56:36,22.75,7211.70,4.09,9,192,0,37,0,733,0,Free
12/5/2024 23:56:42,22.75,7212.32,4.09,9,192,0,37,0,734,0,Free
12/5/2024 23:56:51,22.75,7213.21,4.09,9,192,0,37,0,735,0,Free
12/5/2024 23:56:54,22.75,7213.83,4.09,9,192,0,37,0,736,0,Free
12/5/2024 23:56:55,22.75,7214.45,4.09,9,192,0,37,0,737,0,Free
12/5/2024 23:56:58,22.75,7215.07,4.09,9,192,0,37,0,738,0,Free
12/5/2024 23:57:01,22.75,7215.69,4.09,9,192,0,37,0,739,0,Free
12/5/2024 23:57:04,22.75,7216.30,4.09,9,192,0,37,0,740,0,Free
12/5/2024 23:57:21,22.75,7217.48,4.09,9,192,0,37,0,741,0,Free
12/5/2024 23:57:28,22.75,7218.37,4.09,9,192,0,37,0,742,0,Free
12/5/2024 23:57:30,22.75,7218.99,4.09,9,192,0,37,0,743,0,Free
12/5/2024 23:57:32,22.75,7219.61,4.09,9,192,0,37,0,744,0,Free
12/5/2024 23:57:35,22.75,7220.23,4.09,9,192,0,37,0,745,0,Free
12/5/2024 23:57:37,22.75,7220.84,4.09,9,192,0,37,0,746,0,Free
12/5/2024 23:57:44,22.75,7221.74,4.09,9,192,0,37,0,747,0,Free
12/5/2024 23:57:49,22.75,7222.35,4.09,9,192,0,37,0,748,0,Free
12/5/2024 23:57:50,22.75,7222.97,4.09,9,192,0,37,0,749,0,Free
12/5/2024 23:57:51,22.75,7223.58,4.09,9,192,0,37,0,750,0,Free
12/5/2024 23:57:52,22.75,7224.20,4.09,9,192,0,37,0,751,0,Free
12/5/2024 23:57:53,22.75,7224.82,4.09,9,192,0,37,0,752,0,Free
12/5/2024 23:57:55,22.75,7225.43,4.09,9,192,0,37,0,753,0,Free
12/5/2024 23:57:56,22.75,7226.05,4.09,9,192,0,37,0,754,0,Free
12/5/2024 23:57:58,22.75,7226.67,4.09,9,192,0,37,0,755,0,Free
12/5/2024 23:57:59,22.75,7227.28,4.09,9,192,0,37,0,756,0,Free
12/5/2024 23:58:02,22.75,7227.90,4.09,9,192,0,37,0,757,0,Free
12/5/2024 23:58:07,22.75,7228.52,4.09,9,192,0,37,0,758,0,Free
12/6/2024 0:05:45,23.00,7250.38,4.09,9,192,0,37,0,759,0,Free
12/6/2024 0:10:46,22.75,7277.12,4.09,9,192,0,37,0,759,0,Free
12/6/2024 0:13:08,22.75,7284.17,4.09,9,192,0,37,0,760,0,Free
12/6/2024 0:26:01,22.50,7320.57,4.09,9,192,0,37,0,761,0,Free
12/6/2024 0:28:05,22.50,7326.78,4.09,9,192,0,37,0,762,0,Free
12/6/2024 0:28:06,22.50,7327.39,4.09,9,192,0,37,0,763,0,Free
12/6/2024 0:28:09,22.50,7328.26,4.09,9,192,0,38,237,763,0,Free
12/6/2024 0:28:14,22.50,7328.87,4.09,9,192,0,38,0,764,0,Free
12/6/2024 0:28:19,22.50,7329.49,4.09,9,193,0,38,0,764,0,Free
12/6/2024 0:28:44,22.50,7343.37,4.09,9,193,0,38,0,764,0,Free
12/6/2024 0:29:23,22.50,7345.67,4.09,9,193,0,38,0,765,0,Free
12/6/2024 0:29:55,22.50,7347.68,4.09,9,193,0,38,0,766,0,Free
12/6/2024 0:29:57,22.75,7348.30,4.09,9,193,0,38,0,767,0,Free
12/6/2024 0:30:00,22.75,7348.92,4.09,9,193,0,38,0,768,0,Free
12/6/2024 0:31:00,22.75,7352.05,4.09,9,193,0,38,0,769,0,Free
12/6/2024 0:31:03,22.75,7352.66,4.09,9,193,0,38,0,770,0,Free
12/6/2024 0:31:05,22.75,7353.28,4.09,9,193,0,38,0,771,0,Free
12/6/2024 0:31:09,22.75,7353.90,4.09,9,193,0,38,0,772,0,Free
12/6/2024 0:31:11,22.75,7354.51,4.09,9,193,0,38,0,773,0,Free
12/6/2024 0:31:13,22.75,7355.13,4.09,9,193,0,38,0,774,0,Free
12/6/2024 0:31:17,22.75,7355.75,4.09,9,193,0,38,0,775,0,Free
12/6/2024 0:31:20,22.75,7356.36,4.09,9,193,0,38,0,776,0,Free
12/6/2024 0:31:22,22.75,7356.98,4.09,9,193,0,38,0,777,0,Free
12/6/2024 0:31:23,22.75,7357.59,4.09,9,193,0,38,0,778,0,Free
12/6/2024 0:31:27,22.75,7358.21,4.09,9,193,0,38,0,779,0,Free
12/6/2024 0:31:28,22.75,7358.82,4.09,9,193,0,38,0,780,0,Free
12/6/2024 0:31:30,22.75,7359.44,4.09,9,193,0,38,0,781,0,Free
12/6/2024 0:31:32,22.75,7360.06,4.09,9,193,0,38,0,782,0,Free
12/6/2024 0:31:37,22.75,7360.68,4.09,9,193,0,38,0,783,0,Free
12/6/2024 0:31:38,22.75,7361.29,4.09,9,193,0,38,0,784,0,Free
12/6/2024 0:31:43,22.75,7361.91,4.09,9,193,0,38,0,785,0,Free
12/6/2024 0:31:48,22.75,7362.52,4.09,9,193,0,38,0,786,0,Free
12/6/2024 0:31:53,22.75,7363.14,4.09,9,193,0,38,0,787,0,Free
12/6/2024 0:31:56,22.75,7363.76,4.09,9,193,0,38,0,788,0,Free
12/6/2024 0:31:59,22.75,7364.38,4.09,9,193,0,38,0,789,0,Free
12/6/2024 0:31:59,22.75,7364.99,4.09,9,193,0,38,0,790,0,Free
12/6/2024 0:32:01,22.75,7365.61,4.09,9,193,0,38,0,791,0,Free
12/6/2024 0:32:02,22.75,7366.23,4.09,9,193,0,38,0,792,0,Free
12/6/2024 0:32:03,22.75,7366.85,4.09,9,193,0,38,0,793,0,Free
12/6/2024 0:32:05,22.75,7367.46,4.09,9,193,0,38,0,794,0,Free
12/6/2024 0:32:08,22.75,7368.08,4.09,9,193,0,38,0,795,0,Free
12/6/2024 0:32:10,22.75,7368.69,4.09,9,193,0,38,0,796,0,Free
12/6/2024 0:32:11,22.75,7369.31,4.09,9,193,0,38,0,797,0,Free
12/6/2024 0:32:12,22.75,7369.92,4.09,9,193,0,38,0,798,0,Free
12/6/2024 0:32:13,22.75,7370.54,4.09,9,193,0,38,0,799,0,Free
12/6/2024 0:32:15,22.75,7371.16,4.09,9,193,0,38,0,800,0,Free
12/6/2024 0:32:16,22.75,7371.77,4.09,9,193,0,38,0,801,0,Free
12/6/2024 0:32:17,22.75,7372.39,4.09,9,193,0,38,0,802,0,Free
12/6/2024 0:32:18,22.75,7373.01,4.09,9,193,0,38,0,803,0,Free
12/6/2024 0:32:30,22.75,7374.18,4.09,9,193,0,38,0,804,0,Free
12/6/2024 0:32:32,22.75,7374.80,4.09,9,193,0,38,0,805,0,Free
12/6/2024 0:32:34,22.75,7375.42,4.09,9,193,0,38,0,806,0,Free
12/6/2024 0:32:41,22.75,7376.31,4.09,9,193,0,38,0,807,0,Free
12/6/2024 0:32:45,22.75,7376.93,4.09,9,193,0,38,0,808,0,Free
12/6/2024 0:32:48,22.75,7377.55,4.09,9,193,0,38,0,809,0,Free
12/6/2024 0:32:50,22.75,7378.16,4.09,9,193,0,38,0,810,0,Free
12/6/2024 0:32:56,22.75,7378.78,4.09,9,193,0,38,0,811,0,Free
12/6/2024 0:33:02,22.75,7379.39,4.09,9,193,0,38,0,812,0,Free
12/6/2024 0:33:06,22.75,7380.01,4.09,9,193,0,38,0,813,0,Free
12/6/2024 0:33:08,22.75,7380.62,4.09,9,193,0,38,0,814,0,Free
12/6/2024 0:33:10,22.50,7381.25,4.09,9,193,0,38,0,815,0,Free
12/6/2024 0:33:12,22.50,7381.87,4.10,9,193,0,38,0,816,0,Free
12/6/2024 0:33:45,22.50,7383.88,4.09,9,193,0,38,0,817,0,Free
12/6/2024 0:33:50,22.50,7384.50,4.09,9,193,0,38,0,818,0,Free
12/6/2024 0:33:55,22.50,7385.11,4.09,9,193,0,38,0,819,0,Free
12/6/2024 0:36:33,22.75,7393.00,4.09,9,193,0,38,0,820,0,Free
12/6/2024 0:37:29,22.75,7396.13,4.09,9,194,0,38,0,820,0,Free
12/6/2024 0:38:41,23.00,7400.10,4.09,9,194,0,38,0,821,0,Free
12/6/2024 0:39:59,23.00,7404.35,4.09,9,194,0,38,0,822,0,Free
12/6/2024 0:43:29,22.75,7426.91,4.09,9,194,0,38,0,822,0,Free
12/6/2024 0:43:53,22.75,7428.36,4.09,9,194,0,38,0,823,0,Free
12/6/2024 0:43:55,22.75,7428.98,4.09,9,194,0,38,0,824,0,Free
12/6/2024 0:44:01,22.75,7429.59,4.09,9,194,0,38,0,825,0,Free
12/6/2024 0:44:02,22.75,7430.21,4.09,9,194,0,38,0,826,0,Free
12/6/2024 0:44:05,22.75,7430.82,4.09,9,194,0,38,0,827,0,Free
12/6/2024 0:44:10,22.75,7431.44,4.09,9,194,0,38,0,828,0,Free
12/6/2024 0:44:12,22.75,7432.06,4.09,9,194,0,38,0,829,0,Free
12/6/2024 0:44:21,22.75,7432.95,4.09,9,194,0,38,0,830,0,Free
12/6/2024 0:44:24,22.75,7433.57,4.09,9,194,0,38,0,831,0,Free
12/6/2024 0:44:29,22.75,7434.19,4.09,9,194,0,38,0,832,0,Free
12/6/2024 0:44:37,22.75,7435.08,4.09,9,194,0,38,0,833,0,Free
12/6/2024 0:44:54,22.75,7436.26,4.09,9,194,0,38,0,834,0,Free
12/6/2024 0:44:55,22.75,7436.87,4.09,9,194,0,38,0,835,0,Free
12/6/2024 0:44:59,22.75,7437.49,4.09,9,194,0,38,0,836,0,Free
12/6/2024 0:45:03,22.75,7438.10,4.09,9,194,0,38,0,837,0,Free
12/6/2024 0:45:09,22.75,7438.72,4.09,9,194,0,38,0,838,0,Free
12/6/2024 0:45:10,22.75,7439.34,4.09,9,194,0,38,0,839,0,Free
12/6/2024 0:45:19,22.75,7440.24,4.09,9,194,0,38,0,840,0,Free
12/6/2024 0:45:21,22.75,7440.86,4.08,9,194,0,38,0,841,0,Free
12/6/2024 0:45:23,22.75,7441.47,4.09,9,194,0,38,0,842,0,Free
12/6/2024 0:45:24,22.75,7442.09,4.09,9,194,0,38,0,843,0,Free
12/6/2024 0:45:24,22.75,7442.71,4.09,9,194,0,38,0,844,0,Free
12/6/2024 0:45:27,22.75,7443.32,4.09,9,194,0,38,0,845,0,Free
12/6/2024 0:47:14,22.75,7448.69,4.09,9,194,0,39,0,845,0,Free
12/6/2024 0:47:18,22.75,7449.31,4.09,9,194,0,39,0,846,0,Free
12/6/2024 0:47:18,22.75,7449.92,4.09,9,194,0,39,0,847,0,Free
12/6/2024 0:47:20,22.75,7450.54,4.09,9,194,0,40,0,847,0,Free
12/6/2024 0:47:21,22.75,7451.31,4.09,9,194,0,41,153,847,0,Free
12/6/2024 0:47:27,22.75,7451.93,4.09,9,194,0,42,0,847,0,Free
12/6/2024 0:47:28,22.75,7452.54,4.09,9,194,0,42,0,848,0,Free
12/6/2024 0:47:32,22.75,7453.16,4.09,9,194,0,43,0,848,0,Free
12/6/2024 0:47:32,22.75,7453.49,4.09,9,194,0,43,0,849,0,Free
12/6/2024 0:50:17,23.00,7461.66,4.09,9,194,0,44,0,849,0,Free
12/6/2024 0:50:21,23.00,7462.28,4.09,9,194,0,44,0,850,0,Free
12/6/2024 0:50:24,23.00,7462.89,4.09,9,194,0,44,0,851,0,Free
12/6/2024 0:50:47,23.00,7464.35,4.09,9,194,0,44,0,852,0,Free
12/6/2024 1:00:00,22.75,7502.84,4.09,9,194,0,44,0,852,0,Free
12/6/2024 1:17:57,22.50,7553.48,4.09,9,194,0,44,0,853,0,Free
12/6/2024 1:18:10,22.50,7566.81,4.09,9,194,0,44,0,853,0,Free
12/6/2024 1:18:15,22.50,7567.43,4.09,9,194,0,44,0,854,0,Free
12/6/2024 1:18:16,22.50,7568.04,4.09,9,194,0,44,0,855,0,Free
12/6/2024 1:18:20,22.50,7568.66,4.09,9,194,0,44,0,856,0,Free
12/6/2024 1:18:24,22.50,7569.28,4.09,9,194,0,44,0,857,0,Free
12/6/2024 1:18:26,22.50,7569.89,4.09,9,194,0,44,0,858,0,Free
12/6/2024 1:18:28,22.50,7570.52,4.09,9,194,0,44,0,859,0,Free
12/6/2024 1:18:32,22.50,7571.14,4.09,9,194,0,44,0,860,0,Free
12/6/2024 1:18:33,22.50,7571.76,4.09,9,194,0,44,0,861,0,Free
12/6/2024 1:18:59,22.50,7573.48,4.09,9,194,0,44,0,862,0,Free
12/6/2024 1:19:04,22.50,7574.10,4.09,9,194,0,44,0,863,0,Free
12/6/2024 1:19:16,22.50,7575.00,4.09,9,194,0,44,0,864,0,Free
12/6/2024 1:19:23,22.50,7575.89,4.09,9,194,0,44,0,865,0,Free
12/6/2024 1:19:26,22.50,7576.51,4.09,9,194,0,44,0,866,0,Free
12/6/2024 1:19:28,22.50,7577.13,4.09,9,194,0,44,0,867,0,Free
12/6/2024 1:19:31,22.50,7577.74,4.09,9,194,0,44,0,868,0,Free
12/6/2024 1:19:37,22.50,7578.64,4.08,9,194,0,44,0,869,0,Free
12/6/2024 1:19:43,22.50,7579.25,4.08,9,194,0,44,0,870,0,Free
12/6/2024 1:19:48,22.50,7579.87,4.09,9,194,0,44,0,871,0,Free
12/6/2024 1:19:50,22.50,7580.49,4.09,9,194,0,44,0,872,0,Free
12/6/2024 1:19:51,22.50,7581.10,4.09,9,194,0,44,0,873,0,Free
12/6/2024 1:20:01,22.50,7582.00,4.09,9,194,0,44,0,874,0,Free
12/6/2024 1:20:02,22.50,7582.61,4.09,9,194,0,44,0,875,0,Free
12/6/2024 1:20:06,22.50,7583.23,4.09,9,194,0,44,0,876,0,Free
12/6/2024 1:20:12,22.50,7583.84,4.09,9,194,0,44,0,877,0,Free
12/6/2024 1:20:17,22.50,7584.46,4.09,9,194,0,44,0,878,0,Free
12/6/2024 1:20:18,22.50,7585.08,4.09,9,194,0,44,0,879,0,Free
12/6/2024 1:20:21,22.50,7585.69,4.09,9,194,0,44,0,880,0,Free
12/6/2024 1:20:24,22.50,7586.31,4.09,9,194,0,44,0,881,0,Free
12/6/2024 1:20:29,22.50,7586.93,4.09,9,194,0,44,0,882,0,Free
12/6/2024 1:20:34,22.50,7587.54,4.08,9,194,0,44,0,883,0,Free
12/6/2024 1:20:43,22.50,7588.44,4.09,9,194,0,44,0,884,0,Free
12/6/2024 1:20:47,22.50,7589.05,4.08,9,194,0,44,0,885,0,Free
12/6/2024 1:20:53,22.50,7589.68,4.09,9,194,0,44,0,886,0,Free
12/6/2024 1:20:56,22.50,7590.29,4.09,9,194,0,44,0,887,0,Free
12/6/2024 1:20:58,22.50,7590.91,4.09,9,194,0,44,0,888,0,Free
12/6/2024 1:21:52,22.50,7594.04,4.09,9,194,0,44,0,889,0,Free
12/6/2024 1:24:38,22.75,7602.21,4.09,9,194,0,44,0,890,0,Free
12/6/2024 1:27:18,22.75,7610.09,4.09,9,195,0,44,0,890,0,Free
12/6/2024 1:33:38,22.50,7628.32,4.09,9,195,0,44,0,891,0,Free
12/6/2024 1:34:33,22.50,7643.61,4.09,9,195,0,44,0,891,0,Free
12/6/2024 1:52:46,22.25,7707.24,4.09,9,195,0,44,0,891,0,Free
12/6/2024 1:54:20,22.25,7712.05,4.09,9,195,0,44,0,892,0,Free
12/6/2024 1:54:24,22.25,7712.67,4.09,9,195,0,44,0,893,0,Free
12/6/2024 1:54:38,22.25,7713.84,4.09,9,195,0,44,0,894,0,Free
12/6/2024 1:54:40,22.25,7714.46,4.09,9,195,0,44,0,895,0,Free
12/6/2024 1:54:41,22.25,7715.07,4.09,9,195,0,44,0,896,0,Free
12/6/2024 1:54:44,22.25,7715.69,4.09,9,195,0,44,0,897,0,Free
12/6/2024 1:54:47,22.25,7716.31,4.09,9,195,0,44,0,898,0,Free
12/6/2024 1:55:00,22.25,7717.48,4.09,9,195,0,44,0,899,0,Free
12/6/2024 1:55:02,22.25,7718.10,4.09,9,195,0,44,0,900,0,Free
12/6/2024 2:10:27,22.00,7773.92,4.09,9,195,0,44,0,900,0,Free
12/6/2024 2:28:40,22.00,7837.57,4.09,9,195,0,44,0,900,0,Free
12/6/2024 2:46:53,22.00,7901.22,4.09,9,195,0,44,0,900,0,Free
12/6/2024 3:05:06,21.75,7964.87,4.09,9,195,0,44,0,900,0,Free
12/6/2024 3:23:19,21.75,8028.52,4.09,9,195,0,44,0,900,0,Free
12/6/2024 3:41:32,21.75,8092.17,4.09,9,195,0,44,0,900,0,Free
12/6/2024 3:59:45,21.75,8155.81,4.09,9,195,0,44,0,900,0,Free
12/6/2024 4:17:58,21.75,8219.46,4.09,9,195,0,44,0,900,0,Free
12/6/2024 4:36:11,21.75,8283.11,4.09,9,195,0,44,0,900,0,Free
12/6/2024 4:48:16,22.00,8317.28,4.08,9,195,0,44,0,901,0,Free
12/6/2024 4:48:20,22.00,8317.90,4.08,9,195,0,44,0,902,0,Free
12/6/2024 4:49:12,22.00,8320.75,4.08,9,196,0,44,0,902,0,Free
12/6/2024 4:50:59,22.00,8326.12,4.09,9,196,0,44,0,903,0,Free
12/6/2024 4:51:16,22.00,8327.29,4.08,9,197,0,44,0,903,0,Free
12/6/2024 4:51:17,22.25,8327.91,4.08,9,197,0,45,0,903,0,Free
12/6/2024 4:51:18,22.25,8328.52,4.09,9,197,0,45,0,904,0,Free
12/6/2024 4:51:19,22.25,8329.17,4.09,9,197,0,46,28,904,0,Free
12/6/2024 4:51:20,22.25,8329.79,4.08,9,197,0,47,0,904,0,Free
12/6/2024 4:51:20,22.25,8330.40,4.08,9,197,0,47,0,905,0,Free
12/6/2024 4:52:05,22.25,8332.98,4.08,9,197,0,48,0,905,0,Free
12/6/2024 4:52:06,22.25,8333.59,4.08,9,197,0,49,0,905,0,Free
12/6/2024 4:52:07,22.25,8333.93,4.09,9,197,0,49,0,906,0,Free
12/6/2024 4:52:38,22.50,8335.94,4.09,9,198,0,49,0,906,0,Free
12/6/2024 4:53:02,22.50,8337.40,4.09,9,198,0,49,0,907,0,Free
12/6/2024 4:53:06,22.50,8338.01,4.08,9,198,0,49,0,908,0,Free
12/6/2024 4:53:10,22.50,8338.63,4.09,9,198,0,49,0,909,0,Free
12/6/2024 4:53:11,22.50,8339.25,4.09,9,198,0,49,0,910,0,Free
12/6/2024 4:53:13,22.50,8339.86,4.08,9,198,0,49,0,911,0,Free
12/6/2024 4:53:26,22.50,8353.19,4.08,9,198,0,49,0,911,0,Free
12/6/2024 4:53:32,22.50,8353.81,4.08,9,198,0,49,0,912,0,Free
12/6/2024 4:53:35,22.50,8354.43,4.08,9,198,0,49,0,913,0,Free
12/6/2024 4:53:36,22.50,8355.04,4.07,9,198,0,49,0,914,0,Free
12/6/2024 4:53:38,22.50,8355.66,4.08,9,198,0,49,0,915,0,Free
12/6/2024 4:53:40,22.50,8356.28,4.08,9,198,0,49,0,916,0,Free
12/6/2024 4:53:43,22.50,8356.89,4.08,9,198,0,49,0,917,0,Free
12/6/2024 4:53:45,22.50,8357.51,4.08,9,198,0,49,0,918,0,Free
12/6/2024 4:53:50,22.50,8358.13,4.09,9,198,0,49,0,919,0,Free
12/6/2024 4:53:50,22.50,8358.75,4.08,9,198,0,49,0,920,0,Free
12/6/2024 4:53:52,22.50,8359.36,4.08,9,198,0,49,0,921,0,Free
12/6/2024 4:53:53,22.50,8359.98,4.08,9,198,0,49,0,922,0,Free
12/6/2024 4:53:58,22.50,8360.59,4.09,9,198,0,49,0,923,0,Free
12/6/2024 4:53:59,22.50,8361.21,4.08,9,198,0,49,0,924,0,Free
12/6/2024 4:54:01,22.50,8361.83,4.09,9,198,0,49,0,925,0,Free
12/6/2024 4:54:02,22.50,8362.45,4.08,9,198,0,49,0,926,0,Free
12/6/2024 4:54:05,22.50,8363.06,4.08,9,198,0,49,0,927,0,Free
12/6/2024 4:54:18,22.50,8364.24,4.08,9,198,0,49,0,928,0,Free
12/6/2024 4:54:27,22.50,8365.13,4.08,9,198,0,49,0,929,0,Free
12/6/2024 4:54:28,22.50,8365.75,4.08,9,198,0,49,0,930,0,Free
12/6/2024 4:54:30,22.50,8366.36,4.08,9,198,0,49,0,931,0,Free
12/6/2024 4:54:47,22.50,8367.54,4.08,9,198,0,49,0,932,0,Free
12/6/2024 4:54:50,22.50,8368.17,4.08,9,198,0,49,0,933,0,Free
12/6/2024 4:54:51,22.50,8368.78,4.08,9,198,0,49,0,934,0,Free
12/6/2024 4:54:52,22.50,8369.40,4.09,9,198,0,49,0,935,0,Free
12/6/2024 4:54:57,22.50,8370.01,4.09,9,198,0,49,0,936,0,Free
12/6/2024 4:54:57,22.50,8370.63,4.08,9,198,0,49,0,937,0,Free
12/6/2024 4:54:59,22.50,8371.25,4.08,9,198,0,49,0,938,0,Free
12/6/2024 4:55:00,22.50,8371.86,4.08,9,198,0,49,0,939,0,Free
12/6/2024 4:55:00,22.50,8372.48,4.08,9,198,0,49,0,940,0,Free
12/6/2024 4:55:03,22.50,8373.10,4.08,9,198,0,49,0,941,0,Free
12/6/2024 4:55:07,22.50,8373.71,4.08,9,198,0,49,0,942,0,Free
12/6/2024 4:55:10,22.50,8374.33,4.08,9,198,0,49,0,943,0,Free
12/6/2024 4:55:15,22.50,8374.94,4.09,9,198,0,49,0,944,0,Free
12/6/2024 4:55:17,22.50,8375.56,4.08,9,198,0,49,0,945,0,Free
12/6/2024 4:55:22,22.50,8376.18,4.09,9,198,0,49,0,946,0,Free
12/6/2024 4:55:32,22.50,8377.08,4.09,9,198,0,49,0,947,0,Free
12/6/2024 4:55:37,22.50,8377.69,4.08,9,198,0,49,0,948,0,Free
12/6/2024 4:55:38,22.50,8378.31,4.08,9,198,0,49,0,949,0,Free
12/6/2024 4:55:39,22.50,8378.93,4.08,9,198,0,49,0,950,0,Free
12/6/2024 4:55:40,22.50,8379.54,4.09,9,198,0,49,0,951,0,Free
12/6/2024 4:55:42,22.50,8380.16,4.08,9,198,0,49,0,952,0,Free
12/6/2024 4:55:49,22.50,8381.05,4.08,9,198,0,49,0,953,0,Free
12/6/2024 4:55:50,22.50,8381.67,4.08,9,198,0,49,0,954,0,Free
12/6/2024 4:55:54,22.50,8382.29,4.08,9,198,0,49,0,955,0,Free
12/6/2024 4:55:56,22.50,8382.90,4.09,9,198,0,49,0,956,0,Free
12/6/2024 4:56:00,22.50,8383.52,4.09,9,198,0,49,0,957,0,Free
12/6/2024 4:56:02,22.50,8384.14,4.08,9,198,0,49,0,958,0,Free
12/6/2024 4:56:04,22.50,8384.75,4.08,9,198,0,49,0,959,0,Free
12/6/2024 4:56:05,22.50,8385.37,4.08,9,198,0,49,0,960,0,Free
12/6/2024 4:56:06,22.50,8385.98,4.08,9,198,0,49,0,961,0,Free
12/6/2024 4:56:07,22.50,8386.60,4.08,9,198,0,49,0,962,0,Free
12/6/2024 4:56:10,22.50,8387.21,4.09,9,198,0,49,0,963,0,Free
12/6/2024 4:56:10,22.50,8387.83,4.08,9,198,0,49,0,964,0,Free
12/6/2024 4:56:16,22.50,8388.45,4.08,9,198,0,49,0,965,0,Free
12/6/2024 4:56:17,22.50,8389.06,4.08,9,198,0,49,0,966,0,Free
12/6/2024 4:56:21,22.50,8389.68,4.09,9,198,0,49,0,967,0,Free
12/6/2024 4:56:23,22.50,8390.29,4.09,9,198,0,49,0,968,0,Free
12/6/2024 4:56:39,22.50,8391.47,4.08,9,198,0,49,0,969,0,Free
12/6/2024 4:56:40,22.50,8392.09,4.08,9,198,0,49,0,970,0,Free
12/6/2024 4:56:40,22.50,8392.70,4.08,9,198,0,49,0,971,0,Free
12/6/2024 4:56:42,22.50,8393.32,4.08,9,198,0,49,0,972,0,Free
12/6/2024 4:56:44,22.50,8393.94,4.08,9,198,0,49,0,973,0,Free
12/6/2024 4:56:45,22.50,8394.56,4.08,9,198,0,49,0,974,0,Free
12/6/2024 4:56:49,22.50,8395.18,4.08,9,198,0,49,0,975,0,Free
12/6/2024 4:56:57,22.50,8396.07,4.08,9,198,0,49,0,976,0,Free
12/6/2024 4:56:59,22.50,8396.69,4.08,9,198,0,49,0,977,0,Free
12/6/2024 4:57:02,22.50,8397.31,4.08,9,198,0,49,0,978,0,Free
12/6/2024 4:57:04,22.50,8397.92,4.08,9,198,0,49,0,979,0,Free
12/6/2024 4:57:08,22.50,8398.54,4.08,9,198,0,49,0,980,0,Free
12/6/2024 4:57:13,22.50,8399.15,4.08,9,198,0,49,0,981,0,Free
12/6/2024 4:57:14,22.50,8399.77,4.09,9,198,0,49,0,982,0,Free
12/6/2024 4:57:20,22.50,8400.39,4.08,9,198,0,49,0,983,0,Free
12/6/2024 4:57:21,22.50,8401.00,4.08,9,198,0,49,0,984,0,Free
12/6/2024 4:57:28,22.50,8401.90,4.09,9,198,0,49,0,985,0,Free
12/6/2024 4:57:31,22.50,8402.51,4.08,9,198,0,49,0,986,0,Free
12/6/2024 4:57:32,22.50,8403.13,4.09,9,198,0,49,0,987,0,Free
12/6/2024 4:57:37,22.50,8403.75,4.08,9,198,0,49,0,988,0,Free
12/6/2024 4:57:37,22.50,8404.36,4.09,9,198,0,49,0,989,0,Free
12/6/2024 4:57:40,22.50,8404.98,4.08,9,198,0,49,0,990,0,Free
12/6/2024 4:57:41,22.50,8405.60,4.08,9,198,0,49,0,991,0,Free
12/6/2024 4:57:43,22.50,8406.21,4.08,9,198,0,49,0,992,0,Free
12/6/2024 4:57:45,22.50,8406.83,4.08,9,198,0,49,0,993,0,Free
12/6/2024 4:57:47,22.50,8407.44,4.08,9,198,0,49,0,994,0,Free
12/6/2024 4:57:49,22.50,8408.06,4.08,9,198,0,49,0,995,0,Free
12/6/2024 4:57:50,22.50,8408.68,4.08,9,198,0,49,0,996,0,Free
12/6/2024 5:01:20,22.50,8418.80,4.08,9,198,0,49,0,997,0,Free
12/6/2024 5:06:27,22.50,8445.82,4.08,9,198,0,49,0,997,0,Free
12/6/2024 5:06:33,22.50,8446.44,4.08,9,198,0,49,0,998,0,Free
12/6/2024 5:12:00,22.75,8462.16,4.09,9,198,0,49,0,999,0,Free
12/6/2024 5:12:02,22.75,8462.78,4.08,9,198,0,49,0,1000,0,Free
12/6/2024 5:16:16,22.75,8475.13,4.08,9,198,0,49,0,1001,0,Free
12/6/2024 5:16:17,22.75,8475.75,4.09,9,198,0,49,0,1002,0,Free
12/6/2024 5:16:21,22.75,8476.37,4.09,9,199,0,49,0,1002,0,Free
12/6/2024 5:18:01,23.00,8481.45,4.08,9,199,0,49,0,1003,0,Free
12/6/2024 5:18:03,23.00,8482.07,4.08,9,199,0,49,0,1004,0,Free
12/6/2024 5:18:04,23.00,8482.69,4.08,9,199,0,49,0,1005,0,Free
12/6/2024 5:18:16,23.00,8483.66,4.08,9,199,0,50,79,1005,0,Free
12/6/2024 5:18:26,23.00,8484.56,4.08,9,199,0,51,0,1005,0,Free
12/6/2024 5:19:58,23.00,8489.37,4.09,9,199,0,51,0,1006,0,Free
12/6/2024 5:21:04,23.00,8492.78,4.08,9,200,0,51,0,1006,0,Free
12/6/2024 5:24:04,22.75,8513.94,4.08,9,200,0,51,0,1006,0,Free
12/6/2024 5:24:22,22.75,8515.11,4.08,9,200,0,51,0,1007,0,Free
12/6/2024 5:24:23,22.75,8515.73,4.08,9,200,0,51,0,1008,0,Free
12/6/2024 5:24:24,22.75,8516.35,4.08,9,200,0,51,0,1009,0,Free
12/6/2024 5:24:27,22.75,8516.96,4.08,9,200,0,51,0,1010,0,Free
12/6/2024 5:24:27,22.75,8517.58,4.08,9,200,0,51,0,1011,0,Free
12/6/2024 5:24:33,22.75,8518.20,4.08,9,200,0,51,0,1012,0,Free
12/6/2024 5:24:35,22.75,8518.81,4.08,9,200,0,51,0,1013,0,Free
12/6/2024 5:24:36,22.75,8519.43,4.08,9,200,0,51,0,1014,0,Free
12/6/2024 5:24:37,22.75,8520.04,4.08,9,200,0,51,0,1015,0,Free
12/6/2024 5:24:39,22.75,8520.66,4.09,9,200,0,51,0,1016,0,Free
12/6/2024 5:24:40,22.75,8521.28,4.08,9,200,0,51,0,1017,0,Free
12/6/2024 5:24:43,22.75,8521.89,4.08,9,200,0,51,0,1018,0,Free
12/6/2024 5:24:46,22.75,8522.51,4.09,9,200,0,51,0,1019,0,Free
12/6/2024 5:24:47,22.75,8523.13,4.09,9,200,0,51,0,1020,0,Free
12/6/2024 5:24:52,22.75,8523.74,4.08,9,200,0,51,0,1021,0,Free
12/6/2024 5:24:53,22.75,8524.36,4.08,9,200,0,51,0,1022,0,Free
12/6/2024 5:24:59,22.75,8524.98,4.09,9,200,0,51,0,1023,0,Free
12/6/2024 5:25:05,22.75,8525.88,4.08,9,200,0,51,0,1024,0,Free
12/6/2024 5:25:07,22.75,8526.49,4.08,9,200,0,51,0,1025,0,Free
12/6/2024 5:25:09,22.75,8527.11,4.08,9,200,0,51,0,1026,0,Free
12/6/2024 5:25:10,22.75,8527.73,4.08,9,200,0,51,0,1027,0,Free
12/6/2024 5:25:12,22.75,8528.35,4.08,9,200,0,51,0,1028,0,Free
12/6/2024 5:25:12,22.75,8528.96,4.08,9,200,0,51,0,1029,0,Free
12/6/2024 5:25:15,22.75,8529.58,4.09,9,200,0,51,0,1030,0,Free
12/6/2024 5:25:18,22.75,8530.19,4.08,9,200,0,51,0,1031,0,Free
12/6/2024 5:25:20,22.75,8530.81,4.08,9,200,0,51,0,1032,0,Free
12/6/2024 5:25:22,22.75,8531.43,4.08,9,200,0,51,0,1033,0,Free
12/6/2024 5:25:23,22.75,8532.05,4.08,9,200,0,51,0,1034,0,Free
12/6/2024 5:25:33,22.75,8532.94,4.08,9,200,0,51,0,1035,0,Free
12/6/2024 5:25:36,22.75,8533.56,4.08,9,200,0,51,0,1036,0,Free
12/6/2024 5:25:37,22.75,8534.17,4.08,9,200,0,51,0,1037,0,Free
12/6/2024 5:25:45,22.75,8535.07,4.08,9,200,0,51,0,1038,0,Free
12/6/2024 5:25:49,22.75,8535.69,4.08,9,200,0,51,0,1039,0,Free
12/6/2024 5:25:50,22.75,8536.30,4.08,9,200,0,51,0,1040,0,Free
12/6/2024 5:25:51,22.75,8536.92,4.09,9,200,0,51,0,1041,0,Free
12/6/2024 5:26:40,22.75,8539.77,4.08,9,200,0,51,0,1042,0,Free
12/6/2024 5:26:41,22.75,8540.39,4.08,9,200,0,51,0,1043,0,Free
12/6/2024 5:26:47,22.75,8541.01,4.08,9,200,0,51,0,1044,0,Free
12/6/2024 5:28:38,22.75,8546.65,4.09,9,201,0,51,0,1044,0,Free
12/6/2024 5:29:32,22.75,8549.51,4.08,9,202,0,51,0,1044,0,Free
12/6/2024 5:29:34,22.75,8550.12,4.08,9,203,0,51,0,1044,0,Free
12/6/2024 5:39:47,23.75,8591.41,4.08,9,203,0,51,0,1044,0,Free
12/6/2024 5:40:22,23.50,8593.43,4.08,9,203,0,51,0,1045,0,Free
12/6/2024 5:40:24,23.50,8594.05,4.08,9,203,0,51,0,1046,0,Free
12/6/2024 5:40:25,23.50,8594.67,4.08,9,203,0,51,0,1047,0,Free
12/6/2024 5:40:26,23.50,8595.28,4.08,9,203,0,52,0,1047,0,Free
12/6/2024 5:40:26,23.50,8595.62,4.08,9,203,0,52,0,1048,0,Free
12/6/2024 5:45:01,23.50,8608.81,4.07,9,203,0,52,0,1049,0,Free
12/6/2024 5:45:03,23.50,8609.43,4.08,9,203,0,52,0,1050,0,Free
12/6/2024 5:45:06,23.50,8610.05,4.09,9,203,0,52,0,1051,0,Free
12/6/2024 5:45:12,23.50,8610.66,4.09,9,203,0,52,0,1052,0,Free
12/6/2024 5:45:14,23.50,8611.27,4.08,9,203,0,52,0,1053,0,Free
12/6/2024 5:45:15,23.50,8611.89,4.08,9,203,0,52,0,1054,0,Free
12/6/2024 5:45:16,23.50,8612.51,4.08,9,203,0,52,0,1055,0,Free
12/6/2024 5:45:17,23.50,8613.12,4.08,9,203,0,52,0,1056,0,Free
12/6/2024 5:45:18,23.50,8613.74,4.08,9,203,0,52,0,1057,0,Free
12/6/2024 5:45:19,23.50,8614.36,4.08,9,203,0,52,0,1058,0,Free
12/6/2024 5:45:25,23.50,8615.25,4.09,9,203,0,52,0,1059,0,Free
12/6/2024 5:45:26,23.50,8615.87,4.08,9,203,0,52,0,1060,0,Free
12/6/2024 5:45:28,23.50,8616.49,4.08,9,203,0,52,0,1061,0,Free
12/6/2024 5:45:29,23.50,8617.10,4.08,9,203,0,52,0,1062,0,Free
12/6/2024 5:45:32,23.50,8617.72,4.09,9,203,0,52,0,1063,0,Free
12/6/2024 5:45:47,23.50,8618.89,4.08,9,203,0,52,0,1064,0,Free
12/6/2024 5:45:49,23.50,8619.51,4.09,9,203,0,52,0,1065,0,Free
12/6/2024 5:45:54,23.50,8620.13,4.08,9,203,0,52,0,1066,0,Free
12/6/2024 5:45:58,23.50,8620.74,4.08,9,203,0,52,0,1067,0,Free
12/6/2024 5:46:03,23.50,8621.36,4.08,9,203,0,52,0,1068,0,Free
12/6/2024 5:46:04,23.50,8621.98,4.08,9,203,0,52,0,1069,0,Free
12/6/2024 5:46:06,23.50,8622.59,4.09,9,203,0,52,0,1070,0,Free
12/6/2024 5:46:07,23.50,8623.22,4.08,9,203,0,52,0,1071,0,Free
12/6/2024 5:46:10,23.50,8623.83,4.08,9,203,0,52,0,1072,0,Free
12/6/2024 5:46:12,23.50,8624.45,4.08,9,203,0,52,0,1073,0,Free
12/6/2024 5:46:13,23.50,8625.07,4.09,9,203,0,52,0,1074,0,Free
12/6/2024 5:46:14,23.50,8625.68,4.08,9,203,0,52,0,1075,0,Free
12/6/2024 5:46:16,23.50,8626.30,4.09,9,203,0,52,0,1076,0,Free
12/6/2024 5:46:18,23.50,8626.92,4.08,9,203,0,52,0,1077,0,Free
12/6/2024 5:46:18,23.50,8627.53,4.09,9,203,0,52,0,1078,0,Free
12/6/2024 5:46:20,23.50,8628.15,4.08,9,203,0,52,0,1079,0,Free
12/6/2024 5:46:27,23.50,8629.04,4.08,9,203,0,52,0,1080,0,Free
12/6/2024 5:46:30,23.50,8629.66,4.08,9,203,0,52,0,1081,0,Free
12/6/2024 5:46:33,23.50,8630.28,4.08,9,203,0,52,0,1082,0,Free
12/6/2024 5:46:33,23.50,8630.89,4.08,9,203,0,52,0,1083,0,Free
12/6/2024 5:46:34,23.50,8631.51,4.08,9,203,0,52,0,1084,0,Free
12/6/2024 5:46:38,23.50,8632.12,4.08,9,203,0,52,0,1085,0,Free
12/6/2024 5:46:42,23.50,8632.74,4.09,9,203,0,52,0,1086,0,Free
12/6/2024 5:46:47,23.25,8633.36,4.08,9,203,0,52,0,1087,0,Free
12/6/2024 5:46:49,23.25,8633.98,4.08,9,203,0,52,0,1088,0,Free
12/6/2024 5:46:55,23.25,8634.59,4.08,9,203,0,52,0,1089,0,Free
12/6/2024 5:47:00,23.25,8635.21,4.08,9,203,0,52,0,1090,0,Free
12/6/2024 5:47:03,23.25,8635.83,4.08,9,203,0,52,0,1091,0,Free
12/6/2024 5:47:04,23.25,8636.44,4.08,9,203,0,52,0,1092,0,Free
12/6/2024 5:47:13,23.25,8637.34,4.08,9,203,0,52,0,1093,0,Free
12/6/2024 5:47:14,23.25,8637.96,4.09,9,203,0,52,0,1094,0,Free
12/6/2024 5:47:18,23.25,8638.57,4.08,9,203,0,52,0,1095,0,Free
12/6/2024 5:47:20,23.25,8639.19,4.08,9,203,0,52,0,1096,0,Free
12/6/2024 5:47:25,23.25,8639.81,4.08,9,203,0,52,0,1097,0,Free
12/6/2024 5:47:26,23.25,8640.43,4.08,9,203,0,52,0,1098,0,Free
12/6/2024 5:47:29,23.25,8641.05,4.09,9,203,0,52,0,1099,0,Free
12/6/2024 5:47:30,23.25,8641.66,4.08,9,203,0,52,0,1100,0,Free
12/6/2024 5:47:31,23.25,8642.28,4.08,9,203,0,52,0,1101,0,Free
12/6/2024 5:47:40,23.25,8643.18,4.08,9,203,0,52,0,1102,0,Free
12/6/2024 5:47:42,23.25,8643.79,4.09,9,203,0,52,0,1103,0,Free
12/6/2024 5:47:44,23.25,8644.41,4.09,9,203,0,52,0,1104,0,Free
12/6/2024 5:47:45,23.25,8645.03,4.08,9,203,0,52,0,1105,0,Free
12/6/2024 5:47:46,23.25,8645.64,4.08,9,203,0,52,0,1106,0,Free
12/6/2024 5:47:46,23.25,8646.26,4.08,9,203,0,52,0,1107,0,Free
12/6/2024 5:47:52,23.25,8646.87,4.08,9,203,0,52,0,1108,0,Free
12/6/2024 5:53:15,23.00,8662.31,4.08,9,204,0,52,0,1108,0,Free
12/6/2024 5:54:04,23.00,8677.32,4.08,9,204,0,52,0,1108,0,Free
12/6/2024 5:55:50,23.00,8682.68,4.08,9,205,0,52,0,1108,0,Free
12/6/2024 5:55:53,23.00,8683.30,4.08,9,206,0,52,0,1108,0,Free
12/6/2024 5:55:54,23.00,8683.92,4.08,9,207,0,52,0,1108,0,Free
12/6/2024 5:55:55,23.00,8684.53,4.08,9,208,0,52,0,1108,0,Free
12/6/2024 5:56:14,23.00,8685.99,4.08,9,208,0,52,0,1109,0,Free
12/6/2024 5:56:17,23.00,8686.60,4.08,9,208,0,52,0,1110,0,Free
12/6/2024 5:56:20,23.00,8687.22,4.08,9,208,0,52,0,1111,0,Free
12/6/2024 5:56:28,23.00,8688.12,4.08,9,208,0,52,0,1112,0,Free
12/6/2024 5:56:29,23.00,8688.73,4.08,9,208,0,52,0,1113,0,Free
12/6/2024 5:56:31,23.00,8689.35,4.08,9,208,0,52,0,1114,0,Free
12/6/2024 5:56:35,23.00,8689.97,4.08,9,208,0,52,0,1115,0,Free
12/6/2024 5:56:37,23.00,8690.58,4.08,9,208,0,52,0,1116,0,Free
12/6/2024 5:56:37,23.00,8691.20,4.09,9,208,0,52,0,1117,0,Free
12/6/2024 5:56:38,23.00,8691.82,4.08,9,208,0,52,0,1118,0,Free
12/6/2024 5:56:40,23.00,8692.44,4.08,9,208,0,52,0,1119,0,Free
12/6/2024 5:56:42,23.00,8693.06,4.09,9,208,0,52,0,1120,0,Free
12/6/2024 5:56:56,23.00,8694.24,4.09,9,208,0,52,0,1121,0,Free
12/6/2024 5:56:59,23.00,8694.85,4.08,9,208,0,52,0,1122,0,Free
12/6/2024 5:57:02,23.00,8695.47,4.08,9,208,0,52,0,1123,0,Free
12/6/2024 5:57:03,23.00,8696.08,4.08,9,208,0,52,0,1124,0,Free
12/6/2024 5:57:08,23.00,8696.70,4.08,9,208,0,52,0,1125,0,Free
12/6/2024 5:57:09,23.00,8697.32,4.08,9,208,0,52,0,1126,0,Free
12/6/2024 5:57:12,23.00,8697.93,4.08,9,208,0,52,0,1127,0,Free
12/6/2024 5:58:10,23.00,8701.07,4.09,9,208,0,52,0,1128,0,Free
12/6/2024 5:59:36,22.75,8705.60,4.08,9,208,0,52,0,1129,0,Free
12/6/2024 5:59:38,22.75,8706.21,4.08,9,208,0,52,0,1130,0,Free
12/6/2024 5:59:39,22.75,8706.83,4.08,9,208,0,52,0,1131,0,Free
12/6/2024 5:59:40,22.75,8707.45,4.08,9,208,0,52,0,1132,0,Free
12/6/2024 5:59:41,22.75,8708.06,4.08,9,208,0,52,0,1133,0,Free
12/6/2024 5:59:43,22.75,8708.68,4.08,9,208,0,52,0,1134,0,Free
12/6/2024 5:59:43,22.75,8709.29,4.08,9,208,0,52,0,1135,0,Free
12/6/2024 5:59:45,22.75,8709.91,4.08,9,208,0,52,0,1136,0,Free
12/6/2024 6:00:22,22.75,8712.21,4.08,9,208,0,52,0,1137,0,Free
12/6/2024 6:00:23,22.75,8712.54,4.08,9,209,0,52,0,1137,0,Free
12/6/2024 6:00:28,22.75,8713.16,4.08,9,209,0,53,0,1137,0,Free
12/6/2024 6:02:35,23.00,8719.64,4.07,9,209,0,53,0,1138,0,Free
12/6/2024 6:02:37,23.00,8720.26,4.09,9,209,0,53,0,1139,0,Free
12/6/2024 6:02:37,23.00,8720.88,4.09,9,209,0,53,0,1140,0,Free
12/6/2024 6:02:42,23.00,8721.49,4.08,9,209,0,53,0,1141,0,Free
12/6/2024 6:02:43,23.00,8722.11,4.08,9,209,0,53,0,1142,0,Free
12/6/2024 6:02:46,23.00,8722.73,4.08,9,209,0,53,0,1143,0,Free
12/6/2024 6:02:52,23.00,8723.35,4.08,9,209,0,53,0,1144,0,Free
12/6/2024 6:02:53,23.00,8723.97,4.08,9,209,0,53,0,1145,0,Free
12/6/2024 6:02:53,23.00,8724.58,4.08,9,209,0,53,0,1146,0,Free
12/6/2024 6:02:55,23.00,8725.20,4.08,9,209,0,53,0,1147,0,Free
12/6/2024 6:02:56,23.00,8725.82,4.07,9,209,0,53,0,1148,0,Free
12/6/2024 6:03:15,23.00,8727.27,4.08,9,209,0,53,0,1149,0,Free
12/6/2024 6:03:18,23.00,8727.89,4.08,9,209,0,53,0,1150,0,Free
12/6/2024 6:03:21,23.00,8728.51,4.08,9,209,0,53,0,1151,0,Free
12/6/2024 6:03:27,23.00,8729.13,4.08,9,209,0,53,0,1152,0,Free
12/6/2024 6:03:28,23.00,8729.74,4.08,9,209,0,53,0,1153,0,Free
12/6/2024 6:03:30,23.00,8730.36,4.08,9,209,0,53,0,1154,0,Free
12/6/2024 6:03:31,23.00,8730.97,4.08,9,209,0,53,0,1155,0,Free
12/6/2024 6:03:33,23.00,8731.59,4.08,9,209,0,53,0,1156,0,Free
12/6/2024 6:03:33,23.00,8732.21,4.08,9,209,0,53,0,1157,0,Free
12/6/2024 6:03:34,23.00,8732.82,4.08,9,209,0,53,0,1158,0,Free
12/6/2024 6:03:35,23.00,8733.44,4.08,9,209,0,53,0,1159,0,Free
12/6/2024 6:03:37,23.00,8734.06,4.07,9,209,0,53,0,1160,0,Free
12/6/2024 6:03:38,23.00,8734.67,4.08,9,209,0,53,0,1161,0,Free
12/6/2024 6:03:39,23.00,8735.29,4.08,9,209,0,53,0,1162,0,Free
12/6/2024 6:03:40,23.00,8735.91,4.08,9,209,0,53,0,1163,0,Free
12/6/2024 6:03:43,23.00,8736.52,4.08,9,209,0,53,0,1164,0,Free
12/6/2024 6:03:45,23.00,8737.14,4.08,9,209,0,53,0,1165,0,Free
12/6/2024 6:03:46,23.00,8737.76,4.08,9,209,0,53,0,1166,0,Free
12/6/2024 6:03:48,23.00,8738.37,4.08,9,209,0,53,0,1167,0,Free
12/6/2024 6:03:51,22.75,8738.99,4.09,9,209,0,53,0,1168,0,Free
12/6/2024 6:03:55,22.75,8739.61,4.08,9,209,0,53,0,1169,0,Free
12/6/2024 6:04:07,22.75,8740.50,4.08,9,209,0,53,0,1170,0,Free
12/6/2024 6:04:09,22.75,8741.13,4.08,9,209,0,53,0,1171,0,Free
12/6/2024 6:04:11,22.75,8741.74,4.09,9,209,0,53,0,1172,0,Free
12/6/2024 6:04:12,22.75,8742.36,4.08,9,209,0,53,0,1173,0,Free
12/6/2024 6:04:20,22.75,8743.25,4.08,9,209,0,53,0,1174,0,Free
12/6/2024 6:04:22,22.75,8743.87,4.08,9,209,0,53,0,1175,0,Free
12/6/2024 6:04:23,22.75,8744.49,4.08,9,209,0,53,0,1176,0,Free
12/6/2024 6:04:27,22.75,8745.11,4.08,9,209,0,53,0,1177,0,Free
12/6/2024 6:04:29,22.75,8745.72,4.08,9,209,0,53,0,1178,0,Free
12/6/2024 6:04:33,22.75,8746.34,4.08,9,209,0,53,0,1179,0,Free
12/6/2024 6:04:37,22.75,8746.96,4.08,9,209,0,53,0,1180,0,Free
12/6/2024 6:04:38,22.75,8747.57,4.09,9,209,0,53,0,1181,0,Free
12/6/2024 6:04:39,22.75,8748.19,4.08,9,209,0,53,0,1182,0,Free
12/6/2024 6:04:39,22.75,8748.81,4.08,9,209,0,53,0,1183,0,Free
12/6/2024 6:04:40,22.75,8749.42,4.07,9,209,0,53,0,1184,0,Free
12/6/2024 6:04:54,22.75,8750.60,4.09,9,209,0,53,0,1185,0,Free
12/6/2024 6:04:55,22.75,8751.22,4.08,9,209,0,53,0,1186,0,Free
12/6/2024 6:04:59,22.75,8751.83,4.08,9,209,0,53,0,1187,0,Free
12/6/2024 6:05:00,22.75,8752.45,4.08,9,209,0,53,0,1188,0,Free
12/6/2024 6:05:04,22.75,8753.06,4.09,9,209,0,53,0,1189,0,Free
12/6/2024 6:05:06,22.75,8753.68,4.08,9,209,0,53,0,1190,0,Free
12/6/2024 6:05:09,22.75,8754.30,4.08,9,209,0,53,0,1191,0,Free
12/6/2024 6:05:11,22.75,8754.92,4.08,9,209,0,53,0,1192,0,Free
12/6/2024 6:05:15,22.75,8755.53,4.08,9,209,0,53,0,1193,0,Free
12/6/2024 6:05:17,22.75,8756.15,4.08,9,209,0,53,0,1194,0,Free
12/6/2024 6:05:19,22.75,8756.77,4.08,9,209,0,53,0,1195,0,Free
12/6/2024 6:05:22,22.75,8757.38,4.08,9,209,0,53,0,1196,0,Free
12/6/2024 6:05:23,22.75,8758.00,4.08,9,209,0,53,0,1197,0,Free
12/6/2024 6:05:28,22.75,8758.62,4.08,9,209,0,53,0,1198,0,Free
12/6/2024 6:05:29,22.75,8759.24,4.08,9,209,0,53,0,1199,0,Free
12/6/2024 6:05:30,22.75,8759.86,4.09,9,209,0,53,0,1200,0,Free
12/6/2024 6:05:31,22.75,8760.48,4.08,9,209,0,53,0,1201,0,Free
12/6/2024 6:05:31,22.75,8761.09,4.09,9,209,0,53,0,1202,0,Free
12/6/2024 6:05:33,22.75,8761.71,4.08,9,209,0,53,0,1203,0,Free
12/6/2024 6:05:46,22.75,8775.04,4.08,9,209,0,53,0,1203,0,Free
12/6/2024 6:05:49,22.75,8775.66,4.09,9,209,0,53,0,1204,0,Free
12/6/2024 6:05:54,22.75,8776.27,4.08,9,209,0,53,0,1205,0,Free
12/6/2024 6:05:57,22.75,8776.89,4.08,9,209,0,53,0,1206,0,Free
12/6/2024 6:06:06,22.75,8777.79,4.09,9,209,0,53,0,1207,0,Free
12/6/2024 6:06:11,22.75,8778.40,4.08,9,209,0,53,0,1208,0,Free
12/6/2024 6:06:15,22.75,8779.02,4.08,9,209,0,53,0,1209,0,Free
12/6/2024 6:06:17,22.75,8779.64,4.09,9,209,0,53,0,1210,0,Free
12/6/2024 6:06:18,22.75,8780.25,4.08,9,209,0,53,0,1211,0,Free
12/6/2024 6:06:21,22.75,8780.87,4.08,9,209,0,53,0,1212,0,Free
12/6/2024 6:06:24,22.75,8781.49,4.08,9,209,0,53,0,1213,0,Free
12/6/2024 6:06:30,22.75,8782.38,4.08,9,209,0,53,0,1214,0,Free
12/6/2024 6:06:34,22.75,8783.00,4.08,9,209,0,53,0,1215,0,Free
12/6/2024 6:06:34,22.75,8783.62,4.08,9,209,0,53,0,1216,0,Free
12/6/2024 6:06:35,22.75,8784.24,4.08,9,209,0,53,0,1217,0,Free
12/6/2024 6:06:40,22.75,8784.85,4.08,9,209,0,53,0,1218,0,Free
12/6/2024 6:06:48,22.75,8785.75,4.08,9,209,0,53,0,1219,0,Free
12/6/2024 6:06:51,22.75,8786.36,4.08,9,209,0,53,0,1220,0,Free
12/6/2024 6:06:52,22.75,8786.98,4.08,9,209,0,53,0,1221,0,Free
12/6/2024 6:06:57,22.75,8787.60,4.08,9,209,0,53,0,1222,0,Free
12/6/2024 6:06:59,22.75,8788.22,4.07,9,209,0,53,0,1223,0,Free
12/6/2024 6:07:01,22.75,8788.84,4.08,9,209,0,53,0,1224,0,Free
12/6/2024 6:07:02,22.75,8789.46,4.08,9,209,0,53,0,1225,0,Free
12/6/2024 6:07:02,22.75,8790.07,4.08,9,209,0,53,0,1226,0,Free
12/6/2024 6:07:20,22.75,8791.25,4.08,9,209,0,53,0,1227,0,Free
12/6/2024 6:07:23,22.75,8791.86,4.08,9,209,0,53,0,1228,0,Free
12/6/2024 6:07:25,22.75,8792.48,4.08,9,209,0,53,0,1229,0,Free
12/6/2024 6:07:35,22.75,8793.38,4.08,9,209,0,53,0,1230,0,Free
12/6/2024 6:07:37,22.75,8794.00,4.08,9,209,0,53,0,1231,0,Free
12/6/2024 6:07:38,22.75,8794.61,4.08,9,209,0,53,0,1232,0,Free
12/6/2024 6:07:43,22.75,8795.23,4.09,9,209,0,53,0,1233,0,Free
12/6/2024 6:07:44,22.75,8795.84,4.08,9,209,0,53,0,1234,0,Free
12/6/2024 6:07:48,22.75,8796.46,4.08,9,209,0,53,0,1235,0,Free
12/6/2024 6:07:49,22.75,8797.07,4.08,9,209,0,53,0,1236,0,Free
12/6/2024 6:07:50,22.75,8797.69,4.08,9,209,0,53,0,1237,0,Free
12/6/2024 6:07:53,22.75,8798.31,4.08,9,209,0,53,0,1238,0,Free
12/6/2024 6:07:54,22.75,8798.93,4.08,9,209,0,53,0,1239,0,Free
12/6/2024 6:07:58,22.75,8799.54,4.08,9,209,0,53,0,1240,0,Free
12/6/2024 6:07:59,22.75,8800.16,4.08,9,209,0,53,0,1241,0,Free
12/6/2024 6:16:15,22.75,8823.70,4.08,9,209,0,53,0,1242,0,Free
12/6/2024 6:17:36,22.75,8827.95,4.09,9,209,0,53,0,1243,0,Free
12/6/2024 6:21:42,22.75,8852.18,4.08,9,209,0,53,0,1243,0,Free
12/6/2024 6:36:12,22.25,8893.05,4.08,9,209,0,53,0,1244,0,Free
12/6/2024 6:36:15,22.25,8893.67,4.08,9,209,0,53,0,1245,0,Free
12/6/2024 6:36:22,22.25,8894.57,4.08,9,209,0,53,0,1246,0,Free
12/6/2024 6:36:25,22.25,8895.18,4.08,9,209,0,53,0,1247,0,Free
12/6/2024 6:36:27,22.25,8895.80,4.08,9,209,0,53,0,1248,0,Free
12/6/2024 6:36:27,22.25,8896.42,4.07,9,209,0,53,0,1249,0,Free
12/6/2024 6:36:29,22.25,8897.04,4.08,9,209,0,53,0,1250,0,Free
12/6/2024 6:36:48,22.25,8898.50,4.08,9,209,0,53,0,1251,0,Free
12/6/2024 6:36:50,22.25,8899.11,4.08,9,209,0,53,0,1252,0,Free
12/6/2024 6:36:54,22.25,8899.73,4.08,9,209,0,53,0,1253,0,Free
12/6/2024 6:36:54,22.25,8900.35,4.08,9,209,0,53,0,1254,0,Free
12/6/2024 6:36:56,22.25,8900.96,4.08,9,209,0,53,0,1255,0,Free
12/6/2024 6:36:59,22.25,8901.58,4.08,9,209,0,53,0,1256,0,Free
12/6/2024 6:37:01,22.25,8902.20,4.07,9,209,0,53,0,1257,0,Free
12/6/2024 6:37:06,22.25,8902.81,4.08,9,209,0,53,0,1258,0,Free
12/6/2024 6:37:08,22.25,8903.43,4.08,9,209,0,53,0,1259,0,Free
12/6/2024 6:37:10,22.25,8904.04,4.08,9,209,0,53,0,1260,0,Free
12/6/2024 6:37:14,22.25,8904.66,4.08,9,209,0,53,0,1261,0,Free
12/6/2024 6:37:19,22.25,8905.27,4.08,9,209,0,53,0,1262,0,Free
12/6/2024 6:37:22,22.25,8905.89,4.08,9,209,0,53,0,1263,0,Free
12/6/2024 6:37:27,22.25,8906.51,4.08,9,209,0,53,0,1264,0,Free
12/6/2024 6:37:28,22.25,8907.13,4.08,9,209,0,53,0,1265,0,Free
12/6/2024 6:37:31,22.25,8907.74,4.08,9,209,0,53,0,1266,0,Free
12/6/2024 6:37:35,22.25,8908.36,4.07,9,209,0,53,0,1267,0,Free
12/6/2024 6:37:36,22.25,8908.97,4.08,9,209,0,53,0,1268,0,Free
12/6/2024 6:37:43,22.25,8909.87,4.08,9,209,0,53,0,1269,0,Free
12/6/2024 6:37:55,22.25,8910.76,4.08,9,209,0,53,0,1270,0,Free
12/6/2024 6:37:57,22.25,8911.38,4.09,9,209,0,53,0,1271,0,Free
12/6/2024 6:37:59,22.25,8912.00,4.08,9,209,0,53,0,1272,0,Free
12/6/2024 6:38:04,22.25,8912.62,4.08,9,209,0,53,0,1273,0,Free
12/6/2024 6:38:17,22.25,8925.95,4.08,9,209,0,53,0,1273,0,Free
12/6/2024 6:38:22,22.25,8926.56,4.08,9,209,0,53,0,1274,0,Free
12/6/2024 6:38:24,22.25,8927.18,4.08,9,209,0,53,0,1275,0,Free
12/6/2024 6:38:35,22.25,8928.08,4.07,9,209,0,53,0,1276,0,Free
12/6/2024 6:38:43,22.25,8928.98,4.08,9,209,0,53,0,1277,0,Free
12/6/2024 6:38:46,22.25,8929.60,4.08,9,209,0,53,0,1278,0,Free
12/6/2024 6:38:47,22.25,8930.21,4.08,9,209,0,53,0,1279,0,Free
12/6/2024 6:38:48,22.25,8930.83,4.08,9,209,0,53,0,1280,0,Free
12/6/2024 6:38:51,22.25,8931.45,4.08,9,209,0,53,0,1281,0,Free
12/6/2024 6:39:03,22.25,8932.34,4.08,9,209,0,53,0,1282,0,Free
12/6/2024 6:39:05,22.25,8932.96,4.08,9,209,0,53,0,1283,0,Free
12/6/2024 6:39:08,22.25,8933.57,4.08,9,209,0,53,0,1284,0,Free
12/6/2024 6:39:11,22.25,8934.19,4.08,9,209,0,53,0,1285,0,Free
12/6/2024 6:39:12,22.25,8934.81,4.08,9,209,0,53,0,1286,0,Free
12/6/2024 6:39:15,22.25,8935.42,4.08,9,209,0,53,0,1287,0,Free
12/6/2024 6:39:16,22.25,8936.04,4.08,9,209,0,53,0,1288,0,Free
12/6/2024 6:39:16,22.25,8936.66,4.08,9,209,0,53,0,1289,0,Free
12/6/2024 6:39:17,22.25,8937.27,4.08,9,209,0,53,0,1290,0,Free
12/6/2024 6:39:20,22.25,8937.89,4.07,9,209,0,53,0,1291,0,Free
12/6/2024 6:39:21,22.25,8938.51,4.08,9,209,0,53,0,1292,0,Free
12/6/2024 6:39:23,22.25,8939.12,4.08,9,209,0,53,0,1293,0,Free
12/6/2024 6:39:23,22.25,8939.74,4.08,9,209,0,53,0,1294,0,Free
12/6/2024 6:39:25,22.25,8940.36,4.08,9,209,0,53,0,1295,0,Free
12/6/2024 6:39:26,22.25,8940.97,4.08,9,209,0,53,0,1296,0,Free
12/6/2024 6:39:28,22.25,8941.59,4.08,9,209,0,53,0,1297,0,Free
12/6/2024 6:39:29,22.25,8942.21,4.08,9,209,0,53,0,1298,0,Free
12/6/2024 6:39:30,22.25,8942.82,4.08,9,209,0,53,0,1299,0,Free
12/6/2024 6:39:42,22.25,8943.72,4.08,9,209,0,53,0,1300,0,Free
12/6/2024 6:39:48,22.25,8944.61,4.07,9,209,0,53,0,1301,0,Free
12/6/2024 6:39:50,22.25,8945.24,4.08,9,209,0,53,0,1302,0,Free
12/6/2024 6:39:53,22.25,8945.86,4.08,9,209,0,53,0,1303,0,Free
12/6/2024 6:39:55,22.25,8946.47,4.08,9,209,0,53,0,1304,0,Free
12/6/2024 6:40:00,22.25,8947.09,4.07,9,209,0,53,0,1305,0,Free
12/6/2024 6:40:01,22.25,8947.71,4.07,9,209,0,53,0,1306,0,Free
12/6/2024 6:40:03,22.25,8948.32,4.08,9,209,0,53,0,1307,0,Free
12/6/2024 6:40:03,22.25,8948.94,4.08,9,209,0,53,0,1308,0,Free
12/6/2024 6:40:06,22.25,8949.55,4.08,9,209,0,53,0,1309,0,Free
12/6/2024 6:40:11,22.25,8950.17,4.08,9,209,0,53,0,1310,0,Free
12/6/2024 6:40:12,22.25,8950.79,4.08,9,209,0,53,0,1311,0,Free
12/6/2024 6:40:18,22.25,8951.41,4.07,9,209,0,53,0,1312,0,Free
12/6/2024 6:40:23,22.25,8952.02,4.08,9,209,0,53,0,1313,0,Free
12/6/2024 6:40:29,22.25,8952.92,4.08,9,209,0,53,0,1314,0,Free
12/6/2024 6:40:31,22.25,8953.53,4.08,9,209,0,53,0,1315,0,Free
12/6/2024 6:40:33,22.25,8954.15,4.08,9,209,0,53,0,1316,0,Free
12/6/2024 6:40:34,22.25,8954.76,4.08,9,209,0,53,0,1317,0,Free
12/6/2024 6:40:41,22.25,8955.66,4.08,9,209,0,53,0,1318,0,Free
12/6/2024 6:40:43,22.25,8956.28,4.08,9,209,0,53,0,1319,0,Free
12/6/2024 6:41:00,22.25,8957.46,4.08,9,209,0,53,0,1320,0,Free
12/6/2024 6:41:06,22.25,8958.07,4.08,9,209,0,53,0,1321,0,Free
12/6/2024 6:41:07,22.25,8958.69,4.09,9,209,0,53,0,1322,0,Free
12/6/2024 6:41:08,22.25,8959.30,4.08,9,209,0,53,0,1323,0,Free
12/6/2024 6:41:09,22.25,8959.92,4.08,9,209,0,53,0,1324,0,Free
12/6/2024 6:43:14,22.25,8966.13,4.08,9,209,0,53,0,1325,0,Free
12/6/2024 6:44:37,22.25,8970.38,4.08,9,209,0,53,0,1326,0,Free
12/6/2024 6:44:40,22.25,8971.00,4.08,9,209,0,53,0,1327,0,Free
12/6/2024 6:44:43,22.25,8971.61,4.08,9,209,0,53,0,1328,0,Free
12/6/2024 6:44:50,22.25,8972.51,4.08,9,209,0,53,0,1329,0,Free
12/6/2024 6:44:54,22.25,8973.13,4.08,9,209,0,53,0,1330,0,Free
12/6/2024 6:44:56,22.25,8973.75,4.08,9,209,0,53,0,1331,0,Free
12/6/2024 6:45:07,22.25,8974.64,4.08,9,209,0,53,0,1332,0,Free
12/6/2024 6:45:13,22.25,8975.26,4.08,9,209,0,53,0,1333,0,Free
12/6/2024 6:45:14,22.25,8975.87,4.08,9,209,0,53,0,1334,0,Free
12/6/2024 6:45:15,22.25,8976.50,4.08,9,209,0,53,0,1335,0,Free
12/6/2024 6:45:18,22.25,8977.11,4.08,9,209,0,53,0,1336,0,Free
12/6/2024 6:45:24,22.25,8977.73,4.08,9,209,0,53,0,1337,0,Free
12/6/2024 6:45:36,22.25,8978.62,4.08,9,209,0,53,0,1338,0,Free
12/6/2024 6:45:40,22.25,8979.24,4.08,9,209,0,53,0,1339,0,Free
12/6/2024 6:45:44,22.25,8979.85,4.08,9,209,0,53,0,1340,0,Free
12/6/2024 6:45:46,22.25,8980.47,4.09,9,209,0,53,0,1341,0,Free
12/6/2024 6:45:48,22.25,8981.09,4.08,9,209,0,53,0,1342,0,Free
12/6/2024 6:45:54,22.25,8981.71,4.07,9,209,0,53,0,1343,0,Free
12/6/2024 6:46:01,22.25,8982.60,4.08,9,209,0,53,0,1344,0,Free
12/6/2024 6:46:02,22.25,8983.22,4.08,9,209,0,53,0,1345,0,Free
12/6/2024 6:46:04,22.25,8983.83,4.08,9,209,0,53,0,1346,0,Free
12/6/2024 6:46:05,22.25,8984.45,4.08,9,209,0,53,0,1347,0,Free
12/6/2024 6:46:05,22.25,8985.07,4.08,9,209,0,53,0,1348,0,Free
12/6/2024 6:46:07,22.25,8985.68,4.08,9,209,0,53,0,1349,0,Free
12/6/2024 6:46:09,22.25,8986.30,4.07,9,209,0,53,0,1350,0,Free
12/6/2024 6:46:11,22.25,8986.92,4.08,9,209,0,53,0,1351,0,Free
12/6/2024 6:46:12,22.25,8987.53,4.08,9,209,0,53,0,1352,0,Free
12/6/2024 6:46:13,22.25,8988.15,4.08,9,209,0,53,0,1353,0,Free
