Timestamp,Temperature,ElapsedSecs,BatteryVoltage,DeviceNumber,LeftCount,LeftDur,RightCount,RightDur,LeftFeedCount,LeftFeedDur,FeedParadigm
12/4/2024 16:03:07,21.25,21.41,4.14,10,0,0,0,0,0,0,Free
12/4/2024 16:06:24,21.50,30.96,4.16,10,0,0,0,0,1,0,Free
12/4/2024 16:07:23,21.50,34.08,4.16,10,0,0,0,0,2,0,Free
12/4/2024 16:11:10,21.50,45.00,4.15,10,0,0,0,0,3,0,Free
12/4/2024 16:11:56,21.50,47.57,4.16,10,0,0,0,0,4,0,Free
12/4/2024 16:13:57,21.50,53.76,4.16,10,0,0,0,0,5,0,Free
12/4/2024 16:14:12,21.75,54.93,4.15,10,0,0,0,0,6,0,Free
12/4/2024 16:14:13,21.75,55.55,4.16,10,0,0,0,0,7,0,Free
12/4/2024 16:15:15,21.75,58.95,4.15,10,0,0,0,0,8,0,Free
12/4/2024 16:15:15,21.75,59.56,4.15,10,0,0,0,0,9,0,Free
12/4/2024 16:15:20,21.75,60.18,4.15,10,0,0,0,0,10,0,Free
12/4/2024 16:16:59,21.75,65.25,4.15,10,0,0,0,0,11,0,Free
12/4/2024 16:17:18,21.75,66.70,4.16,10,1,0,0,0,11,0,Free
12/4/2024 16:17:20,21.75,67.32,4.15,10,1,0,0,0,12,0,Free
12/4/2024 16:20:36,21.75,87.28,4.15,10,1,0,0,0,12,0,Free
12/4/2024 16:25:14,22.00,100.72,4.16,10,1,0,1,0,12,0,Free
12/4/2024 16:29:28,22.00,113.03,4.15,10,1,0,1,0,13,0,Free
12/4/2024 16:29:29,22.00,113.64,4.16,10,1,0,1,0,14,0,Free
12/4/2024 16:29:30,22.00,114.26,4.15,10,1,0,1,0,15,0,Free
12/4/2024 16:34:31,22.00,128.80,4.16,10,2,0,1,0,15,0,Free
12/4/2024 16:34:45,22.00,129.98,4.15,10,2,0,1,0,16,0,Free
12/4/2024 16:34:48,22.00,130.59,4.15,10,2,0,1,0,17,0,Free
12/4/2024 16:36:40,22.25,136.22,4.16,10,2,0,1,0,18,0,Free
12/4/2024 16:38:15,22.25,151.45,4.15,10,2,0,1,0,18,0,Free
12/4/2024 16:43:23,22.25,166.27,4.15,10,3,0,1,0,18,0,Free
12/4/2024 16:43:55,22.25,168.28,4.15,10,3,0,1,0,19,0,Free
12/4/2024 16:48:09,22.25,180.60,4.15,10,3,0,1,0,20,0,Free
12/4/2024 16:56:13,22.25,213.93,4.16,10,3,0,1,0,20,0,Free
12/4/2024 16:58:39,22.50,221.24,4.15,10,3,0,1,0,21,0,Free
12/4/2024 17:04:54,22.50,239.12,4.15,10,3,0,2,0,21,0,Free
12/4/2024 17:12:48,22.50,261.69,4.16,10,3,0,3,226,21,0,Free
12/4/2024 17:14:17,22.50,276.64,4.15,10,3,0,3,0,21,0,Free
12/4/2024 17:31:33,22.50,325.18,4.15,10,3,0,3,0,22,0,Free
12/4/2024 17:32:26,22.50,338.46,4.16,10,3,0,3,0,22,0,Free
12/4/2024 17:50:37,22.50,399.93,4.15,10,3,0,3,0,22,0,Free
12/4/2024 18:08:48,22.50,461.40,4.15,10,3,0,3,0,22,0,Free
12/4/2024 18:21:30,22.50,497.12,4.15,10,3,0,3,0,23,0,Free
12/4/2024 18:22:49,22.50,501.36,4.15,10,3,0,3,0,24,0,Free
12/4/2024 18:25:18,22.50,508.66,4.15,10,3,0,3,0,25,0,Free
12/4/2024 18:26:02,22.50,511.22,4.15,10,3,0,3,0,26,0,Free
12/4/2024 18:26:49,22.50,524.22,4.15,10,3,0,3,0,26,0,Free
12/4/2024 18:27:59,22.50,527.91,4.15,10,3,0,3,0,27,0,Free
12/4/2024 18:28:19,22.50,529.36,4.14,10,3,0,3,0,28,0,Free
12/4/2024 18:33:18,22.50,543.62,4.15,10,3,0,3,0,29,0,Free
12/4/2024 18:33:19,22.50,544.24,4.15,10,3,0,3,0,30,0,Free
12/4/2024 18:33:31,22.50,545.41,4.15,10,3,0,3,0,31,0,Free
12/4/2024 18:35:37,22.50,551.60,4.14,10,3,0,4,0,31,0,Free
12/4/2024 18:40:59,22.50,566.98,4.15,10,3,0,4,0,32,0,Free
12/4/2024 18:44:40,22.50,588.05,4.15,10,3,0,4,0,32,0,Free
12/4/2024 18:45:48,22.50,591.73,4.14,10,3,0,4,0,33,0,Free
12/4/2024 18:46:02,22.50,592.91,4.14,10,3,0,4,0,34,0,Free
12/4/2024 19:01:11,22.50,635.59,4.14,10,3,0,4,0,35,0,Free
12/4/2024 19:02:39,22.50,650.54,4.14,10,3,0,4,0,35,0,Free
12/4/2024 19:08:57,22.50,668.42,4.14,10,3,0,4,0,36,0,Free
12/4/2024 19:15:21,22.50,686.59,4.15,10,3,0,4,0,37,0,Free
12/4/2024 19:19:29,22.50,698.63,4.15,10,3,0,4,0,38,0,Free
12/4/2024 19:20:46,22.50,713.02,4.14,10,3,0,4,0,38,0,Free
12/4/2024 19:38:57,22.50,774.49,4.14,10,3,0,4,0,38,0,Free
12/4/2024 19:45:13,22.50,792.38,4.15,10,3,0,4,0,39,0,Free
12/4/2024 19:57:05,22.50,836.31,4.14,10,3,0,4,0,39,0,Free
12/4/2024 20:15:16,22.25,897.78,4.14,10,3,0,4,0,39,0,Free
12/4/2024 20:33:27,22.25,959.25,4.14,10,3,0,4,0,39,0,Free
12/4/2024 20:51:38,22.25,1020.73,4.14,10,3,0,4,0,39,0,Free
12/4/2024 21:01:01,22.25,1047.25,4.14,10,3,0,4,0,40,0,Free
12/4/2024 21:01:02,22.25,1047.87,4.14,10,3,0,4,0,41,0,Free
12/4/2024 21:03:48,22.25,1056.00,4.14,10,4,0,4,0,41,0,Free
12/4/2024 21:03:50,22.25,1056.62,4.14,10,5,0,4,0,41,0,Free
12/4/2024 21:03:51,22.25,1057.23,4.14,10,6,0,4,0,41,0,Free
12/4/2024 21:03:53,22.25,1057.85,4.14,10,7,0,4,0,41,0,Free
12/4/2024 21:03:53,22.25,1058.46,4.15,10,8,0,4,0,41,0,Free
12/4/2024 21:09:22,22.25,1084.56,4.14,10,8,0,4,0,41,0,Free
12/4/2024 21:27:33,22.25,1146.03,4.14,10,8,0,4,0,41,0,Free
12/4/2024 21:45:44,22.25,1207.51,4.14,10,8,0,4,0,41,0,Free
12/4/2024 22:00:01,22.25,1247.68,4.14,10,8,0,4,0,42,0,Free
12/4/2024 22:03:54,22.25,1269.32,4.14,10,8,0,4,0,42,0,Free
12/4/2024 22:22:05,22.00,1330.79,4.14,10,8,0,4,0,42,0,Free
12/4/2024 22:40:16,22.00,1392.26,4.14,10,8,0,4,0,42,0,Free
12/4/2024 22:51:31,22.00,1424.08,4.14,10,8,0,4,0,43,0,Free
12/4/2024 22:58:24,22.00,1454.07,4.14,10,8,0,4,0,43,0,Free
12/4/2024 23:02:23,22.00,1465.55,4.14,10,8,0,4,0,44,0,Free
12/4/2024 23:16:34,22.00,1515.88,4.14,10,8,0,4,0,44,0,Free
12/4/2024 23:19:49,22.00,1525.41,4.14,10,8,0,4,0,45,0,Free
12/4/2024 23:28:07,22.00,1548.87,4.14,10,8,0,4,0,46,0,Free
12/4/2024 23:28:35,22.00,1550.60,4.14,10,8,0,4,0,47,0,Free
12/4/2024 23:29:56,22.00,1554.84,4.14,10,8,0,4,0,48,0,Free
12/4/2024 23:30:51,22.00,1557.96,4.13,10,8,0,4,0,49,0,Free
12/4/2024 23:34:32,22.00,1579.05,4.13,10,8,0,4,0,49,0,Free
12/4/2024 23:40:33,22.00,1596.38,4.13,10,8,0,4,0,50,0,Free
12/4/2024 23:41:52,22.00,1600.61,4.14,10,8,0,4,0,51,0,Free
12/4/2024 23:42:11,22.00,1602.06,4.13,10,8,0,4,0,52,0,Free
12/4/2024 23:42:29,22.00,1603.51,4.14,10,8,0,4,0,53,0,Free
12/4/2024 23:47:32,22.00,1618.06,4.13,10,8,0,4,0,54,0,Free
12/4/2024 23:47:36,22.00,1618.67,4.14,10,8,0,4,0,55,0,Free
12/4/2024 23:47:45,22.00,1619.57,4.14,10,8,0,4,0,56,0,Free
12/4/2024 23:47:46,22.00,1620.18,4.13,10,8,0,4,0,57,0,Free
12/4/2024 23:47:48,22.00,1620.80,4.13,10,8,0,4,0,58,0,Free
12/4/2024 23:47:58,22.00,1621.69,4.13,10,8,0,4,0,59,0,Free
12/4/2024 23:48:10,22.00,1622.59,4.14,10,8,0,4,0,60,0,Free
12/4/2024 23:50:29,22.00,1629.61,4.14,10,8,0,4,0,61,0,Free
12/4/2024 23:51:04,22.00,1631.62,4.14,10,8,0,4,0,62,0,Free
12/4/2024 23:51:57,22.00,1644.90,4.14,10,8,0,4,0,62,0,Free
12/5/2024 0:05:58,22.00,1684.51,4.14,10,8,0,4,0,63,0,Free
12/5/2024 0:10:03,22.00,1706.71,4.13,10,8,0,4,0,63,0,Free
12/5/2024 0:11:36,22.00,1711.50,4.13,10,8,0,4,0,64,0,Free
12/5/2024 0:28:11,22.00,1768.52,4.14,10,8,0,4,0,64,0,Free
12/5/2024 0:46:22,22.00,1829.99,4.13,10,8,0,4,0,64,0,Free
12/5/2024 0:51:31,22.00,1844.81,4.13,10,8,0,4,0,65,0,Free
12/5/2024 1:04:29,21.75,1891.80,4.13,10,8,0,4,0,65,0,Free
12/5/2024 1:13:23,21.75,1916.93,4.13,10,9,0,4,0,65,0,Free
12/5/2024 1:13:24,21.75,1917.54,4.13,10,9,0,4,0,66,0,Free
12/5/2024 1:14:14,21.75,1920.39,4.13,10,9,0,4,0,67,0,Free
12/5/2024 1:22:30,21.75,1954.28,4.13,10,9,0,4,0,67,0,Free
12/5/2024 1:40:41,21.75,2015.75,4.12,10,9,0,4,0,67,0,Free
12/5/2024 1:58:52,21.75,2077.23,4.13,10,9,0,4,0,67,0,Free
12/5/2024 2:17:03,21.75,2138.71,4.13,10,9,0,4,0,67,0,Free
12/5/2024 2:35:14,21.75,2200.18,4.12,10,9,0,4,0,67,0,Free
12/5/2024 2:36:50,21.75,2204.97,4.13,10,9,0,4,0,68,0,Free
12/5/2024 2:36:51,21.75,2205.59,4.12,10,9,0,4,0,69,0,Free
12/5/2024 2:36:52,21.75,2206.20,4.13,10,9,0,4,0,70,0,Free
12/5/2024 2:36:59,21.75,2207.10,4.12,10,9,0,4,0,71,0,Free
12/5/2024 2:43:26,21.75,2225.54,4.12,10,9,0,4,0,72,0,Free
12/5/2024 2:53:07,21.75,2263.34,4.13,10,9,0,4,0,72,0,Free
12/5/2024 2:57:16,21.75,2275.37,4.12,10,9,0,5,0,72,0,Free
12/5/2024 2:57:17,21.75,2275.99,4.12,10,9,0,6,0,72,0,Free
12/5/2024 3:00:20,21.75,2284.96,4.13,10,9,0,6,0,73,0,Free
12/5/2024 3:11:07,21.75,2325.82,4.12,10,9,0,6,0,73,0,Free
12/5/2024 3:21:40,21.75,2355.69,4.12,10,9,0,7,0,73,0,Free
12/5/2024 3:29:14,21.75,2387.63,4.12,10,9,0,7,0,73,0,Free
12/5/2024 3:37:35,21.75,2411.41,4.12,10,9,0,8,43,73,0,Free
12/5/2024 3:37:36,21.75,2412.03,4.12,10,9,0,8,0,74,0,Free
12/5/2024 3:41:01,21.75,2422.11,4.12,10,9,0,8,0,75,0,Free
12/5/2024 3:47:12,21.75,2450.16,4.12,10,9,0,8,0,75,0,Free
12/5/2024 4:05:23,21.75,2511.63,4.12,10,9,0,8,0,75,0,Free
12/5/2024 4:23:34,21.75,2573.10,4.12,10,9,0,8,0,75,0,Free
12/5/2024 4:41:45,21.75,2634.58,4.12,10,9,0,8,0,75,0,Free
12/5/2024 4:59:56,21.75,2696.05,4.12,10,9,0,8,0,75,0,Free
12/5/2024 5:18:07,21.75,2757.53,4.12,10,9,0,8,0,75,0,Free
12/5/2024 5:36:18,21.75,2819.00,4.12,10,9,0,8,0,75,0,Free
12/5/2024 5:45:17,21.75,2844.41,4.12,10,9,0,8,0,76,0,Free
12/5/2024 5:47:56,21.75,2852.26,4.12,10,9,0,8,0,77,0,Free
12/5/2024 5:47:59,21.75,2852.88,4.12,10,9,0,8,0,78,0,Free
12/5/2024 5:50:34,21.75,2860.47,4.12,10,9,0,8,0,79,0,Free
12/5/2024 5:52:06,21.75,2865.26,4.12,10,9,0,8,0,80,0,Free
12/5/2024 5:52:10,21.75,2865.88,4.12,10,9,0,8,0,81,0,Free
12/5/2024 5:53:14,21.75,2869.28,4.12,10,9,0,8,0,82,0,Free
12/5/2024 5:54:13,21.75,2882.84,4.12,10,9,0,8,0,82,0,Free
12/5/2024 6:01:10,21.75,2902.67,4.12,10,9,0,9,0,82,0,Free
12/5/2024 6:12:21,21.75,2944.65,4.12,10,9,0,9,0,82,0,Free
12/5/2024 6:16:34,21.75,2956.96,4.12,10,9,0,9,0,83,0,Free
12/5/2024 6:20:28,21.75,2968.16,4.12,10,9,0,9,0,84,0,Free
12/5/2024 6:21:21,21.75,2971.01,4.12,10,9,0,9,0,85,0,Free
12/5/2024 6:24:47,21.75,2981.09,4.12,10,9,0,9,0,86,0,Free
12/5/2024 6:30:22,21.75,3007.47,4.11,10,9,0,9,0,86,0,Free
12/5/2024 6:31:09,21.75,3010.03,4.12,10,9,0,9,0,87,0,Free
12/5/2024 6:31:11,21.75,3010.65,4.12,10,9,0,9,0,88,0,Free
12/5/2024 6:31:11,21.75,3011.26,4.12,10,9,0,9,0,89,0,Free
12/5/2024 6:31:41,21.75,3012.99,4.12,10,9,0,9,0,90,0,Free
12/5/2024 6:32:15,21.75,3015.00,4.12,10,9,0,9,0,91,0,Free
12/5/2024 6:43:52,21.75,3047.93,4.12,10,9,0,9,0,92,0,Free
12/5/2024 6:46:17,21.75,3055.23,4.11,10,9,0,9,0,93,0,Free
12/5/2024 6:47:09,21.75,3058.07,4.12,10,9,0,9,0,94,0,Free
12/5/2024 6:47:10,21.75,3058.69,4.12,10,9,0,9,0,95,0,Free
12/5/2024 6:47:11,21.75,3059.31,4.12,10,9,0,9,0,96,0,Free
12/5/2024 6:47:19,21.75,3060.20,4.12,10,9,0,9,0,97,0,Free
12/5/2024 6:47:54,21.75,3072.64,4.12,10,9,0,9,0,97,0,Free
12/5/2024 6:48:16,21.75,3074.09,4.12,10,9,0,9,0,98,0,Free
12/5/2024 6:48:17,21.75,3074.71,4.12,10,9,0,9,0,99,0,Free
12/5/2024 6:48:18,21.75,3075.33,4.11,10,9,0,9,0,100,0,Free
12/5/2024 6:48:22,21.75,3075.95,4.11,10,9,0,9,0,101,0,Free
12/5/2024 6:48:23,21.75,3076.56,4.12,10,9,0,9,0,102,0,Free
12/5/2024 7:05:45,22.00,3135.81,4.11,10,9,0,9,0,102,0,Free
12/5/2024 7:23:56,22.00,3197.28,4.12,10,9,0,9,0,102,0,Free
12/5/2024 7:42:07,22.00,3258.76,4.11,10,9,0,9,0,102,0,Free
12/5/2024 8:00:18,22.00,3320.23,4.12,10,9,0,9,0,102,0,Free
12/5/2024 8:18:29,22.00,3381.70,4.11,10,9,0,9,0,102,0,Free
12/5/2024 8:36:40,22.00,3443.17,4.11,10,9,0,9,0,102,0,Free
12/5/2024 8:54:51,22.00,3504.65,4.11,10,9,0,9,0,102,0,Free
12/5/2024 9:13:02,22.00,3566.12,4.11,10,9,0,9,0,102,0,Free
12/5/2024 9:31:13,22.00,3627.59,4.11,10,9,0,9,0,102,0,Free
12/5/2024 9:49:24,22.00,3689.07,4.11,10,9,0,9,0,102,0,Free
12/5/2024 10:07:35,22.00,3750.54,4.11,10,9,0,9,0,102,0,Free
12/5/2024 10:25:46,22.00,3812.01,4.11,10,9,0,9,0,102,0,Free
12/5/2024 10:43:57,22.00,3873.49,4.11,10,9,0,9,0,102,0,Free
12/5/2024 11:02:08,21.75,3934.96,4.11,10,9,0,9,0,102,0,Free
12/5/2024 11:20:19,21.75,3996.43,4.11,10,9,0,9,0,102,0,Free
12/5/2024 11:22:26,22.00,4002.90,4.11,10,9,0,9,0,103,0,Free
12/5/2024 11:22:27,22.00,4003.51,4.11,10,9,0,9,0,104,0,Free
12/5/2024 11:22:28,22.00,4004.13,4.11,10,9,0,9,0,105,0,Free
12/5/2024 11:38:15,22.00,4058.92,4.10,10,9,0,9,0,105,0,Free
12/5/2024 11:56:26,21.75,4120.39,4.10,10,9,0,9,0,105,0,Free
12/5/2024 12:14:37,22.00,4181.86,4.10,10,9,0,9,0,105,0,Free
12/5/2024 12:32:48,21.75,4243.33,4.10,10,9,0,9,0,105,0,Free
12/5/2024 12:50:59,21.75,4304.81,4.11,10,9,0,9,0,105,0,Free
12/5/2024 13:09:10,21.75,4366.28,4.10,10,9,0,9,0,105,0,Free
12/5/2024 13:11:40,21.75,4373.58,4.10,10,9,0,9,0,106,0,Free
12/5/2024 13:11:42,21.75,4374.20,4.11,10,9,0,9,0,107,0,Free
12/5/2024 13:11:46,21.75,4374.82,4.10,10,9,0,9,0,108,0,Free
12/5/2024 13:11:48,22.00,4375.44,4.10,10,9,0,9,0,109,0,Free
12/5/2024 13:11:52,22.00,4376.05,4.10,10,9,0,9,0,110,0,Free
12/5/2024 13:11:53,22.00,4376.67,4.10,10,9,0,9,0,111,0,Free
12/5/2024 13:12:26,22.00,4378.67,4.10,10,9,0,9,0,112,0,Free
12/5/2024 13:12:30,22.00,4379.29,4.11,10,9,0,9,0,113,0,Free
12/5/2024 13:12:33,22.00,4379.90,4.10,10,9,0,9,0,114,0,Free
12/5/2024 13:12:37,22.00,4380.52,4.10,10,9,0,9,0,115,0,Free
12/5/2024 13:12:44,22.00,4381.41,4.10,10,9,0,9,0,116,0,Free
12/5/2024 13:12:46,22.00,4382.03,4.10,10,9,0,9,0,117,0,Free
12/5/2024 13:12:48,22.00,4382.64,4.10,10,9,0,9,0,118,0,Free
12/5/2024 13:12:54,22.00,4383.26,4.11,10,9,0,9,0,119,0,Free
12/5/2024 13:12:58,22.00,4383.87,4.11,10,9,0,9,0,120,0,Free
12/5/2024 13:13:24,22.00,4385.60,4.11,10,9,0,9,0,121,0,Free
12/5/2024 13:13:30,22.00,4386.22,4.10,10,9,0,9,0,122,0,Free
12/5/2024 13:13:34,22.00,4386.83,4.10,10,9,0,9,0,123,0,Free
12/5/2024 13:13:34,22.00,4387.45,4.10,10,9,0,9,0,124,0,Free
12/5/2024 13:13:40,22.00,4388.06,4.10,10,9,0,9,0,125,0,Free
12/5/2024 13:13:41,22.00,4388.68,4.10,10,9,0,9,0,126,0,Free
12/5/2024 13:13:44,22.00,4389.30,4.11,10,9,0,9,0,127,0,Free
12/5/2024 13:13:46,22.00,4389.91,4.10,10,9,0,9,0,128,0,Free
12/5/2024 13:26:14,22.00,4435.50,4.10,10,9,0,9,0,128,0,Free
12/5/2024 13:44:25,22.00,4496.98,4.10,10,9,0,9,0,128,0,Free
12/5/2024 14:02:36,21.75,4558.45,4.10,10,9,0,9,0,128,0,Free
12/5/2024 14:20:47,22.00,4619.92,4.10,10,9,0,9,0,128,0,Free
12/5/2024 14:38:58,22.00,4681.40,4.09,10,9,0,9,0,128,0,Free
12/5/2024 14:54:57,22.00,4726.32,4.10,10,9,0,9,0,129,0,Free
12/5/2024 14:54:58,22.00,4726.93,4.10,10,9,0,9,0,130,0,Free
12/5/2024 14:57:03,22.00,4743.55,4.10,10,9,0,9,0,130,0,Free
12/5/2024 14:58:31,22.00,4748.07,4.10,10,9,0,9,0,131,0,Free
12/5/2024 14:58:44,22.00,4749.24,4.09,10,9,0,9,0,132,0,Free
12/5/2024 14:58:50,22.00,4749.85,4.10,10,9,0,9,0,133,0,Free
12/5/2024 14:58:52,22.00,4750.47,4.09,10,9,0,9,0,134,0,Free
12/5/2024 14:58:56,22.00,4751.09,4.10,10,9,0,9,0,135,0,Free
12/5/2024 14:58:57,22.00,4751.70,4.10,10,9,0,9,0,136,0,Free
12/5/2024 14:59:10,22.00,4752.88,4.09,10,9,0,9,0,137,0,Free
12/5/2024 14:59:12,22.00,4753.49,4.10,10,9,0,9,0,138,0,Free
12/5/2024 14:59:23,22.00,4754.39,4.09,10,9,0,9,0,139,0,Free
12/5/2024 14:59:25,22.00,4755.00,4.09,10,9,0,9,0,140,0,Free
12/5/2024 14:59:28,22.00,4755.62,4.09,10,9,0,9,0,141,0,Free
12/5/2024 14:59:29,22.00,4756.23,4.10,10,9,0,9,0,142,0,Free
12/5/2024 14:59:34,22.00,4756.85,4.09,10,9,0,9,0,143,0,Free
12/5/2024 14:59:36,22.00,4757.47,4.10,10,9,0,9,0,144,0,Free
12/5/2024 14:59:43,22.00,4758.36,4.09,10,9,0,9,0,145,0,Free
12/5/2024 14:59:45,22.00,4758.97,4.09,10,9,0,9,0,146,0,Free
12/5/2024 14:59:48,22.00,4759.59,4.09,10,9,0,9,0,147,0,Free
12/5/2024 14:59:57,22.00,4760.48,4.10,10,9,0,9,0,148,0,Free
12/5/2024 14:59:58,22.00,4761.10,4.09,10,9,0,9,0,149,0,Free
12/5/2024 15:00:04,22.00,4761.71,4.10,10,9,0,9,0,150,0,Free
12/5/2024 15:00:05,22.00,4762.33,4.09,10,9,0,9,0,151,0,Free
12/5/2024 15:00:05,22.00,4762.94,4.09,10,9,0,9,0,152,0,Free
12/5/2024 15:00:08,22.00,4763.56,4.09,10,9,0,9,0,153,0,Free
12/5/2024 15:00:10,22.00,4764.18,4.09,10,9,0,9,0,154,0,Free
12/5/2024 15:00:11,22.00,4764.80,4.10,10,9,0,9,0,155,0,Free
12/5/2024 15:00:15,22.00,4765.41,4.10,10,9,0,9,0,156,0,Free
12/5/2024 15:00:18,22.00,4766.03,4.09,10,9,0,9,0,157,0,Free
12/5/2024 15:00:19,22.00,4766.65,4.09,10,9,0,9,0,158,0,Free
12/5/2024 15:00:21,22.00,4767.26,4.10,10,9,0,9,0,159,0,Free
12/5/2024 15:00:22,22.00,4767.88,4.09,10,9,0,9,0,160,0,Free
12/5/2024 15:00:31,22.00,4768.77,4.10,10,9,0,9,0,161,0,Free
12/5/2024 15:00:36,22.00,4769.39,4.09,10,9,0,9,0,162,0,Free
12/5/2024 15:00:37,22.00,4770.00,4.09,10,9,0,9,0,163,0,Free
12/5/2024 15:00:42,22.00,4770.62,4.10,10,9,0,9,0,164,0,Free
12/5/2024 15:04:02,22.00,4780.43,4.10,10,9,0,9,0,165,0,Free
12/5/2024 15:04:02,22.00,4781.04,4.10,10,9,0,9,0,166,0,Free
12/5/2024 15:04:03,22.00,4781.66,4.09,10,9,0,9,0,167,0,Free
12/5/2024 15:04:18,22.00,4782.83,4.10,10,9,0,9,0,168,0,Free
12/5/2024 15:04:24,22.00,4783.45,4.10,10,9,0,9,0,169,0,Free
12/5/2024 15:04:25,22.00,4784.06,4.10,10,9,0,9,0,170,0,Free
12/5/2024 15:04:26,22.00,4784.68,4.09,10,9,0,9,0,171,0,Free
12/5/2024 15:04:30,22.00,4785.29,4.09,10,9,0,9,0,172,0,Free
12/5/2024 15:04:39,22.00,4786.19,4.09,10,9,0,9,0,173,0,Free
12/5/2024 15:04:41,22.00,4786.80,4.09,10,9,0,9,0,174,0,Free
12/5/2024 15:04:43,22.00,4787.42,4.10,10,9,0,9,0,175,0,Free
12/5/2024 15:04:44,22.00,4788.03,4.10,10,9,0,9,0,176,0,Free
12/5/2024 15:05:10,22.00,4789.76,4.09,10,9,0,9,0,177,0,Free
12/5/2024 15:05:14,22.00,4790.38,4.09,10,9,0,9,0,178,0,Free
12/5/2024 15:05:32,22.00,4791.55,4.11,10,9,0,9,0,179,0,Free
12/5/2024 15:05:35,22.00,4792.17,4.09,10,9,0,9,0,180,0,Free
12/5/2024 15:05:39,22.00,4792.78,4.09,10,9,0,9,0,181,0,Free
12/5/2024 15:05:43,22.00,4793.40,4.09,10,9,0,9,0,182,0,Free
12/5/2024 15:05:43,22.00,4794.02,4.10,10,9,0,9,0,183,0,Free
12/5/2024 15:05:44,22.00,4794.64,4.09,10,9,0,9,0,184,0,Free
12/5/2024 15:05:46,22.00,4795.25,4.10,10,9,0,9,0,185,0,Free
12/5/2024 15:05:47,22.00,4795.87,4.09,10,9,0,9,0,186,0,Free
12/5/2024 15:05:50,22.00,4796.48,4.10,10,9,0,9,0,187,0,Free
12/5/2024 15:05:52,22.00,4797.10,4.10,10,9,0,9,0,188,0,Free
12/5/2024 15:05:53,22.00,4797.71,4.09,10,9,0,9,0,189,0,Free
12/5/2024 15:05:55,22.00,4798.33,4.09,10,9,0,9,0,190,0,Free
12/5/2024 15:05:56,22.00,4798.94,4.09,10,9,0,9,0,191,0,Free
12/5/2024 15:05:57,22.00,4799.56,4.10,10,9,0,9,0,192,0,Free
12/5/2024 15:05:58,22.00,4800.18,4.10,10,9,0,9,0,193,0,Free
12/5/2024 15:06:01,22.00,4800.79,4.10,10,9,0,9,0,194,0,Free
12/5/2024 15:06:06,22.00,4801.41,4.09,10,9,0,9,0,195,0,Free
12/5/2024 15:06:07,22.00,4802.02,4.09,10,9,0,9,0,196,0,Free
12/5/2024 15:06:08,22.00,4802.64,4.09,10,9,0,9,0,197,0,Free
12/5/2024 15:06:13,22.00,4803.25,4.09,10,9,0,9,0,198,0,Free
12/5/2024 15:06:15,22.00,4803.87,4.10,10,9,0,9,0,199,0,Free
12/5/2024 15:06:19,22.00,4804.48,4.09,10,9,0,9,0,200,0,Free
12/5/2024 15:06:24,22.00,4805.10,4.10,10,9,0,9,0,201,0,Free
12/5/2024 15:06:24,22.00,4805.71,4.09,10,9,0,9,0,202,0,Free
12/5/2024 15:06:25,22.00,4806.33,4.10,10,9,0,9,0,203,0,Free
12/5/2024 15:06:26,22.00,4806.95,4.09,10,9,0,9,0,204,0,Free
12/5/2024 15:06:29,22.00,4807.56,4.09,10,9,0,9,0,205,0,Free
12/5/2024 15:06:29,22.00,4808.18,4.09,10,9,0,9,0,206,0,Free
12/5/2024 15:06:41,22.00,4809.07,4.09,10,9,0,9,0,207,0,Free
12/5/2024 15:06:45,22.00,4809.69,4.09,10,9,0,9,0,208,0,Free
12/5/2024 15:06:51,22.00,4810.31,4.09,10,9,0,9,0,209,0,Free
12/5/2024 15:06:57,22.00,4810.93,4.09,10,9,0,9,0,210,0,Free
12/5/2024 15:06:59,22.00,4811.55,4.10,10,9,0,9,0,211,0,Free
12/5/2024 15:07:02,22.00,4812.16,4.09,10,9,0,9,0,212,0,Free
12/5/2024 15:07:06,22.00,4812.78,4.09,10,9,0,9,0,213,0,Free
12/5/2024 15:07:08,22.00,4813.39,4.09,10,9,0,9,0,214,0,Free
12/5/2024 15:07:10,22.00,4814.01,4.10,10,9,0,9,0,215,0,Free
12/5/2024 15:07:11,22.00,4814.62,4.09,10,9,0,9,0,216,0,Free
12/5/2024 15:07:12,22.00,4815.24,4.10,10,9,0,9,0,217,0,Free
12/5/2024 15:07:14,22.00,4815.85,4.09,10,9,0,9,0,218,0,Free
12/5/2024 15:07:15,22.00,4816.47,4.10,10,9,0,9,0,219,0,Free
12/5/2024 15:07:16,22.00,4817.09,4.09,10,9,0,9,0,220,0,Free
12/5/2024 15:07:22,22.00,4817.70,4.09,10,9,0,9,0,221,0,Free
12/5/2024 15:07:26,22.00,4818.32,4.09,10,9,0,9,0,222,0,Free
12/5/2024 15:09:55,22.00,4836.05,4.09,10,9,0,9,0,222,0,Free
12/5/2024 15:12:13,22.00,4842.80,4.10,10,9,0,9,0,223,0,Free
12/5/2024 15:16:42,22.00,4855.67,4.10,10,9,0,9,0,224,0,Free
12/5/2024 15:16:44,22.00,4856.28,4.10,10,9,0,9,0,225,0,Free
12/5/2024 15:16:46,22.00,4856.90,4.09,10,9,0,9,0,226,0,Free
12/5/2024 15:16:47,22.00,4857.52,4.10,10,9,0,9,0,227,0,Free
12/5/2024 15:16:48,22.00,4858.13,4.10,10,9,0,9,0,228,0,Free
12/5/2024 15:16:49,22.00,4858.75,4.10,10,9,0,9,0,229,0,Free
12/5/2024 15:17:22,22.00,4860.76,4.09,10,9,0,9,0,230,0,Free
12/5/2024 15:17:26,22.00,4861.37,4.09,10,9,0,9,0,231,0,Free
12/5/2024 15:17:32,22.00,4861.98,4.09,10,9,0,9,0,232,0,Free
12/5/2024 15:17:33,22.00,4862.60,4.09,10,9,0,9,0,233,0,Free
12/5/2024 15:17:40,22.00,4863.50,4.09,10,9,0,9,0,234,0,Free
12/5/2024 15:17:46,22.00,4864.12,4.09,10,9,0,9,0,235,0,Free
12/5/2024 15:17:49,22.00,4864.73,4.09,10,9,0,9,0,236,0,Free
12/5/2024 15:17:54,22.00,4865.35,4.10,10,9,0,9,0,237,0,Free
12/5/2024 15:17:56,22.00,4865.97,4.09,10,9,0,9,0,238,0,Free
12/5/2024 15:18:00,22.00,4866.58,4.10,10,9,0,9,0,239,0,Free
12/5/2024 15:18:01,22.00,4867.20,4.09,10,9,0,9,0,240,0,Free
12/5/2024 15:18:03,22.00,4867.81,4.09,10,9,0,9,0,241,0,Free
12/5/2024 15:18:06,22.00,4868.43,4.09,10,9,0,9,0,242,0,Free
12/5/2024 15:18:09,22.00,4869.04,4.09,10,9,0,9,0,243,0,Free
12/5/2024 15:18:15,22.00,4869.66,4.09,10,9,0,9,0,244,0,Free
12/5/2024 15:18:18,22.00,4870.27,4.09,10,9,0,9,0,245,0,Free
12/5/2024 15:18:26,22.00,4871.17,4.09,10,9,0,9,0,246,0,Free
12/5/2024 15:18:27,22.00,4871.78,4.10,10,9,0,9,0,247,0,Free
12/5/2024 15:18:29,22.00,4872.40,4.09,10,9,0,9,0,248,0,Free
12/5/2024 15:18:31,22.00,4873.01,4.09,10,9,0,9,0,249,0,Free
12/5/2024 15:18:32,22.00,4873.63,4.09,10,9,0,9,0,250,0,Free
12/5/2024 15:18:43,22.00,4874.52,4.09,10,9,0,9,0,251,0,Free
12/5/2024 15:18:45,22.00,4875.14,4.09,10,9,0,9,0,252,0,Free
12/5/2024 15:26:31,22.00,4907.64,4.09,10,9,0,9,0,252,0,Free
12/5/2024 15:44:42,22.00,4969.11,4.10,10,9,0,9,0,252,0,Free
12/5/2024 16:02:53,21.75,5030.59,4.09,10,9,0,9,0,252,0,Free
12/5/2024 16:21:04,21.75,5092.06,4.09,10,9,0,9,0,252,0,Free
12/5/2024 16:39:15,22.00,5153.53,4.09,10,9,0,9,0,252,0,Free
12/5/2024 16:57:26,22.00,5215.00,4.09,10,9,0,9,0,252,0,Free
12/5/2024 17:04:27,22.00,5235.12,4.09,10,9,0,9,0,253,0,Free
12/5/2024 17:04:28,22.00,5235.73,4.09,10,9,0,9,0,254,0,Free
12/5/2024 17:04:36,22.00,5236.63,4.09,10,9,0,9,0,255,0,Free
12/5/2024 17:04:37,22.00,5237.26,4.09,10,9,0,9,0,256,0,Free
12/5/2024 17:04:38,22.00,5237.87,4.09,10,9,0,9,0,257,0,Free
12/5/2024 17:04:39,22.00,5238.48,4.09,10,9,0,9,0,258,0,Free
12/5/2024 17:04:50,22.00,5239.38,4.09,10,9,0,9,0,259,0,Free
12/5/2024 17:04:54,22.00,5239.99,4.09,10,9,0,9,0,260,0,Free
12/5/2024 17:04:55,22.00,5240.61,4.09,10,9,0,9,0,261,0,Free
12/5/2024 17:05:09,22.00,5241.78,4.09,10,9,0,9,0,262,0,Free
12/5/2024 17:05:10,22.00,5242.40,4.09,10,9,0,9,0,263,0,Free
12/5/2024 17:05:12,22.00,5243.01,4.09,10,9,0,9,0,264,0,Free
12/5/2024 17:05:12,22.00,5243.63,4.09,10,9,0,9,0,265,0,Free
12/5/2024 17:05:13,22.00,5244.25,4.09,10,9,0,9,0,266,0,Free
12/5/2024 17:05:42,22.00,5245.97,4.09,10,9,0,9,0,267,0,Free
12/5/2024 17:05:42,22.00,5246.59,4.09,10,9,0,9,0,268,0,Free
12/5/2024 17:05:45,22.00,5247.21,4.09,10,9,0,9,0,269,0,Free
12/5/2024 17:05:52,22.00,5248.10,4.09,10,9,0,9,0,270,0,Free
12/5/2024 17:05:53,22.00,5248.71,4.09,10,9,0,9,0,271,0,Free
12/5/2024 17:05:54,22.00,5249.33,4.09,10,9,0,9,0,272,0,Free
12/5/2024 17:05:55,22.00,5249.95,4.09,10,9,0,9,0,273,0,Free
12/5/2024 17:05:56,22.00,5250.56,4.09,10,9,0,9,0,274,0,Free
12/5/2024 17:06:04,22.00,5251.46,4.09,10,9,0,9,0,275,0,Free
12/5/2024 17:06:33,22.00,5253.19,4.09,10,9,0,9,0,276,0,Free
12/5/2024 17:06:34,22.00,5253.80,4.09,10,9,0,9,0,277,0,Free
12/5/2024 17:06:38,22.00,5254.42,4.09,10,9,0,9,0,278,0,Free
12/5/2024 17:06:43,22.00,5255.03,4.09,10,9,0,9,0,279,0,Free
12/5/2024 17:06:45,22.00,5255.65,4.09,10,9,0,9,0,280,0,Free
12/5/2024 17:06:46,22.00,5256.26,4.09,10,9,0,9,0,281,0,Free
12/5/2024 17:06:46,22.00,5256.88,4.09,10,9,0,9,0,282,0,Free
12/5/2024 17:06:49,22.00,5257.50,4.09,10,9,0,9,0,283,0,Free
12/5/2024 17:06:54,22.00,5258.12,4.09,10,9,0,9,0,284,0,Free
12/5/2024 17:06:55,22.00,5258.73,4.09,10,9,0,9,0,285,0,Free
12/5/2024 17:06:56,22.00,5259.35,4.09,10,9,0,9,0,286,0,Free
12/5/2024 17:07:04,22.00,5260.24,4.09,10,9,0,9,0,287,0,Free
12/5/2024 17:07:05,22.00,5260.86,4.09,10,9,0,9,0,288,0,Free
12/5/2024 17:07:06,22.00,5261.48,4.09,10,9,0,9,0,289,0,Free
12/5/2024 17:07:07,22.00,5262.09,4.09,10,9,0,9,0,290,0,Free
12/5/2024 17:07:09,22.00,5262.71,4.09,10,9,0,9,0,291,0,Free
12/5/2024 17:07:10,22.00,5263.32,4.09,10,9,0,9,0,292,0,Free
12/5/2024 17:07:12,22.00,5263.94,4.09,10,9,0,9,0,293,0,Free
12/5/2024 17:07:20,22.00,5264.83,4.09,10,9,0,9,0,294,0,Free
12/5/2024 17:07:21,22.00,5265.44,4.09,10,9,0,9,0,295,0,Free
12/5/2024 17:07:25,22.00,5266.06,4.09,10,9,0,9,0,296,0,Free
12/5/2024 17:07:29,22.00,5266.68,4.09,10,9,0,9,0,297,0,Free
12/5/2024 17:07:30,22.00,5267.29,4.09,10,9,0,9,0,298,0,Free
12/5/2024 17:07:33,22.00,5267.91,4.09,10,9,0,9,0,299,0,Free
12/5/2024 17:07:34,22.00,5268.52,4.09,10,9,0,9,0,300,0,Free
12/5/2024 17:07:35,22.00,5269.14,4.09,10,9,0,9,0,301,0,Free
12/5/2024 17:07:41,22.00,5269.75,4.09,10,9,0,9,0,302,0,Free
12/5/2024 17:07:44,22.00,5270.37,4.09,10,9,0,9,0,303,0,Free
12/5/2024 17:07:47,22.00,5270.98,4.09,10,9,0,9,0,304,0,Free
12/5/2024 17:07:51,22.00,5271.60,4.09,10,9,0,9,0,305,0,Free
12/5/2024 17:07:52,22.00,5272.21,4.09,10,9,0,9,0,306,0,Free
12/5/2024 17:07:57,22.00,5272.83,4.09,10,9,0,9,0,307,0,Free
12/5/2024 17:08:01,22.00,5273.44,4.09,10,9,0,9,0,308,0,Free
12/5/2024 17:08:04,22.00,5274.06,4.09,10,9,0,9,0,309,0,Free
12/5/2024 17:08:04,22.00,5274.67,4.09,10,9,0,9,0,310,0,Free
12/5/2024 17:08:36,22.00,5276.69,4.09,10,9,0,9,0,311,0,Free
12/5/2024 17:08:41,22.00,5277.30,4.09,10,9,0,9,0,312,0,Free
12/5/2024 17:08:42,22.00,5277.92,4.09,10,9,0,9,0,313,0,Free
12/5/2024 17:08:45,22.00,5278.54,4.09,10,9,0,9,0,314,0,Free
12/5/2024 17:08:47,22.00,5279.15,4.09,10,9,0,9,0,315,0,Free
12/5/2024 17:08:59,22.00,5280.32,4.09,10,9,0,9,0,316,0,Free
12/5/2024 17:09:02,22.00,5280.94,4.09,10,9,0,9,0,317,0,Free
12/5/2024 17:09:09,22.00,5281.84,4.09,10,9,0,9,0,318,0,Free
12/5/2024 17:09:12,22.00,5282.45,4.09,10,9,0,9,0,319,0,Free
12/5/2024 17:09:13,22.00,5283.07,4.09,10,9,0,9,0,320,0,Free
12/5/2024 17:09:14,22.00,5283.68,4.09,10,9,0,9,0,321,0,Free
12/5/2024 17:09:15,22.00,5284.30,4.09,10,9,0,9,0,322,0,Free
12/5/2024 17:09:17,22.00,5284.92,4.09,10,9,0,9,0,323,0,Free
12/5/2024 17:09:19,22.00,5285.53,4.09,10,9,0,9,0,324,0,Free
12/5/2024 17:09:21,22.00,5286.15,4.09,10,9,0,9,0,325,0,Free
12/5/2024 17:09:25,22.00,5286.76,4.09,10,9,0,9,0,326,0,Free
12/5/2024 17:09:27,22.00,5287.38,4.09,10,9,0,9,0,327,0,Free
12/5/2024 17:09:29,22.00,5287.99,4.09,10,9,0,9,0,328,0,Free
12/5/2024 17:09:36,22.00,5288.88,4.09,10,9,0,9,0,329,0,Free
12/5/2024 17:09:39,22.00,5289.50,4.09,10,9,0,9,0,330,0,Free
12/5/2024 17:09:40,22.00,5290.12,4.09,10,9,0,9,0,331,0,Free
12/5/2024 17:09:42,22.00,5290.73,4.09,10,9,0,9,0,332,0,Free
12/5/2024 17:09:47,22.00,5291.35,4.09,10,9,0,9,0,333,0,Free
12/5/2024 17:09:49,22.00,5291.96,4.09,10,9,0,9,0,334,0,Free
12/5/2024 17:09:50,22.00,5292.58,4.09,10,9,0,9,0,335,0,Free
12/5/2024 17:09:53,22.00,5293.19,4.09,10,9,0,9,0,336,0,Free
12/5/2024 17:09:55,22.00,5293.81,4.09,10,9,0,9,0,337,0,Free
12/5/2024 17:10:06,22.00,5305.15,4.09,10,9,0,9,0,337,0,Free
12/5/2024 17:10:45,22.00,5307.44,4.09,10,9,0,9,0,338,0,Free
12/5/2024 17:10:53,22.00,5308.33,4.09,10,9,0,9,0,339,0,Free
12/5/2024 17:11:08,22.00,5309.50,4.10,10,9,0,9,0,340,0,Free
12/5/2024 17:11:11,22.00,5310.12,4.09,10,9,0,9,0,341,0,Free
12/5/2024 17:11:12,22.00,5310.73,4.09,10,9,0,9,0,342,0,Free
12/5/2024 17:11:13,22.00,5311.35,4.09,10,9,0,9,0,343,0,Free
12/5/2024 17:11:14,22.00,5311.96,4.09,10,9,0,9,0,344,0,Free
12/5/2024 17:11:16,22.00,5312.58,4.09,10,9,0,9,0,345,0,Free
12/5/2024 17:11:17,22.00,5313.20,4.09,10,9,0,9,0,346,0,Free
12/5/2024 17:11:18,22.00,5313.81,4.09,10,9,0,9,0,347,0,Free
12/5/2024 17:11:47,22.00,5315.54,4.09,10,9,0,9,0,348,0,Free
12/5/2024 17:11:48,22.25,5316.16,4.09,10,9,0,9,0,349,0,Free
12/5/2024 17:11:49,22.25,5316.77,4.09,10,9,0,9,0,350,0,Free
12/5/2024 17:11:52,22.25,5317.39,4.09,10,9,0,9,0,351,0,Free
12/5/2024 17:11:56,22.25,5318.00,4.09,10,9,0,9,0,352,0,Free
12/5/2024 17:25:35,22.00,5356.51,4.09,10,9,0,9,0,353,0,Free
12/5/2024 17:27:16,22.00,5372.02,4.09,10,9,0,9,0,353,0,Free
12/5/2024 17:29:29,22.00,5378.88,4.09,10,9,0,10,117,353,0,Free
12/5/2024 17:29:30,22.00,5379.21,4.09,10,9,0,10,0,354,0,Free
12/5/2024 17:29:31,22.00,5379.94,4.09,10,9,0,11,109,354,0,Free
12/5/2024 17:31:12,22.25,5385.01,4.09,10,9,0,11,0,355,0,Free
12/5/2024 17:33:26,22.25,5391.75,4.09,10,9,0,11,0,356,0,Free
12/5/2024 17:40:20,22.00,5411.59,4.09,10,9,0,11,0,357,0,Free
12/5/2024 17:40:31,22.00,5412.48,4.09,10,9,0,11,0,358,0,Free
12/5/2024 17:40:32,22.00,5413.10,4.09,10,9,0,11,0,359,0,Free
12/5/2024 17:40:33,22.00,5413.73,4.09,10,9,0,11,0,360,0,Free
12/5/2024 17:40:37,22.25,5414.34,4.09,10,9,0,11,0,361,0,Free
12/5/2024 17:40:44,22.25,5415.23,4.09,10,9,0,11,0,362,0,Free
12/5/2024 17:40:54,22.25,5416.13,4.09,10,9,0,11,0,363,0,Free
12/5/2024 17:40:55,22.25,5416.74,4.09,10,9,0,11,0,364,0,Free
12/5/2024 17:40:57,22.25,5417.36,4.09,10,9,0,11,0,365,0,Free
12/5/2024 17:40:59,22.25,5417.98,4.09,10,9,0,11,0,366,0,Free
12/5/2024 17:41:02,22.25,5418.59,4.09,10,9,0,11,0,367,0,Free
12/5/2024 17:41:06,22.25,5419.21,4.09,10,9,0,11,0,368,0,Free
12/5/2024 17:41:10,22.25,5419.82,4.09,10,9,0,11,0,369,0,Free
12/5/2024 17:41:12,22.25,5420.44,4.09,10,9,0,11,0,370,0,Free
12/5/2024 17:41:13,22.25,5421.05,4.09,10,9,0,11,0,371,0,Free
12/5/2024 17:41:15,22.25,5421.67,4.09,10,9,0,11,0,372,0,Free
12/5/2024 17:41:28,22.25,5422.84,4.09,10,9,0,11,0,373,0,Free
12/5/2024 17:41:28,22.25,5423.46,4.09,10,9,0,11,0,374,0,Free
12/5/2024 17:41:35,22.25,5424.07,4.09,10,9,0,11,0,375,0,Free
12/5/2024 17:41:44,22.00,5424.97,4.09,10,9,0,11,0,376,0,Free
12/5/2024 17:41:45,22.00,5425.58,4.09,10,9,0,11,0,377,0,Free
12/5/2024 17:41:52,22.00,5426.20,4.09,10,9,0,11,0,378,0,Free
12/5/2024 17:41:55,22.00,5426.81,4.09,10,9,0,11,0,379,0,Free
12/5/2024 17:41:56,22.00,5427.43,4.09,10,9,0,11,0,380,0,Free
12/5/2024 17:41:58,22.00,5428.04,4.09,10,9,0,11,0,381,0,Free
12/5/2024 17:42:00,22.00,5428.66,4.09,10,9,0,11,0,382,0,Free
12/5/2024 17:42:05,22.00,5429.27,4.09,10,9,0,11,0,383,0,Free
12/5/2024 17:42:17,22.00,5430.17,4.09,10,9,0,11,0,384,0,Free
12/5/2024 17:42:20,22.00,5430.79,4.09,10,9,0,11,0,385,0,Free
12/5/2024 17:42:22,22.00,5431.40,4.09,10,9,0,11,0,386,0,Free
12/5/2024 17:42:23,22.00,5432.02,4.09,10,9,0,11,0,387,0,Free
12/5/2024 17:42:27,22.00,5432.64,4.09,10,9,0,11,0,388,0,Free
12/5/2024 17:42:30,22.00,5433.26,4.09,10,9,0,11,0,389,0,Free
12/5/2024 17:42:33,22.00,5433.87,4.09,10,9,0,11,0,390,0,Free
12/5/2024 17:42:34,22.00,5434.49,4.09,10,9,0,11,0,391,0,Free
12/5/2024 17:42:36,22.00,5435.10,4.09,10,9,0,11,0,392,0,Free
12/5/2024 17:42:42,22.00,5436.00,4.09,10,9,0,11,0,393,0,Free
12/5/2024 17:42:43,22.00,5436.61,4.09,10,9,0,11,0,394,0,Free
12/5/2024 17:42:47,22.25,5437.23,4.09,10,9,0,11,0,395,0,Free
12/5/2024 17:42:58,22.25,5448.56,4.09,10,9,0,11,0,395,0,Free
12/5/2024 17:43:24,22.25,5450.29,4.09,10,9,0,11,0,396,0,Free
12/5/2024 17:45:09,22.25,5455.64,4.09,10,9,0,11,0,397,0,Free
12/5/2024 17:45:10,22.25,5456.25,4.09,10,9,0,11,0,398,0,Free
12/5/2024 17:45:11,22.25,5456.87,4.09,10,9,0,11,0,399,0,Free
12/5/2024 17:45:13,22.25,5457.49,4.08,10,9,0,11,0,400,0,Free
12/5/2024 17:45:14,22.25,5458.10,4.09,10,9,0,11,0,401,0,Free
12/5/2024 17:45:15,22.25,5458.72,4.09,10,9,0,11,0,402,0,Free
12/5/2024 17:45:16,22.25,5459.33,4.09,10,9,0,11,0,403,0,Free
12/5/2024 17:45:20,22.25,5459.95,4.09,10,9,0,11,0,404,0,Free
12/5/2024 17:45:22,22.25,5460.56,4.09,10,9,0,11,0,405,0,Free
12/5/2024 17:45:23,22.25,5461.18,4.09,10,9,0,11,0,406,0,Free
12/5/2024 17:45:31,22.25,5462.07,4.09,10,9,0,11,0,407,0,Free
12/5/2024 17:45:33,22.25,5462.69,4.09,10,9,0,11,0,408,0,Free
12/5/2024 17:45:34,22.25,5463.31,4.09,10,9,0,11,0,409,0,Free
12/5/2024 17:45:35,22.25,5463.92,4.09,10,9,0,11,0,410,0,Free
12/5/2024 17:45:36,22.25,5464.54,4.09,10,9,0,11,0,411,0,Free
12/5/2024 17:45:45,22.25,5465.43,4.09,10,9,0,11,0,412,0,Free
12/5/2024 17:45:50,22.25,5466.05,4.09,10,9,0,11,0,413,0,Free
12/5/2024 17:45:51,22.25,5466.67,4.09,10,9,0,11,0,414,0,Free
12/5/2024 17:45:57,22.25,5467.28,4.09,10,9,0,11,0,415,0,Free
12/5/2024 17:45:58,22.25,5467.90,4.09,10,9,0,11,0,416,0,Free
12/5/2024 17:46:00,22.25,5468.52,4.09,10,9,0,11,0,417,0,Free
12/5/2024 17:46:04,22.25,5469.13,4.09,10,9,0,11,0,418,0,Free
12/5/2024 17:46:09,22.25,5469.75,4.09,10,9,0,11,0,419,0,Free
12/5/2024 17:46:11,22.25,5470.36,4.09,10,9,0,11,0,420,0,Free
12/5/2024 17:46:15,22.25,5470.98,4.09,10,9,0,11,0,421,0,Free
12/5/2024 17:46:19,22.25,5471.59,4.09,10,9,0,11,0,422,0,Free
12/5/2024 17:46:21,22.25,5472.21,4.09,10,9,0,11,0,423,0,Free
12/5/2024 17:46:22,22.25,5472.82,4.09,10,9,0,11,0,424,0,Free
12/5/2024 17:46:23,22.25,5473.44,4.09,10,9,0,11,0,425,0,Free
12/5/2024 17:46:24,22.25,5474.06,4.09,10,9,0,11,0,426,0,Free
12/5/2024 17:46:25,22.25,5474.67,4.09,10,9,0,11,0,427,0,Free
12/5/2024 17:46:31,22.25,5475.29,4.09,10,9,0,11,0,428,0,Free
12/5/2024 17:46:34,22.25,5475.90,4.09,10,9,0,11,0,429,0,Free
12/5/2024 17:46:35,22.25,5476.52,4.09,10,9,0,11,0,430,0,Free
12/5/2024 17:46:37,22.25,5477.13,4.09,10,9,0,11,0,431,0,Free
12/5/2024 17:46:38,22.25,5477.75,4.09,10,9,0,11,0,432,0,Free
12/5/2024 17:46:49,22.25,5478.65,4.09,10,9,0,11,0,433,0,Free
12/5/2024 17:46:50,22.25,5479.27,4.09,10,9,0,11,0,434,0,Free
12/5/2024 17:46:52,22.25,5479.88,4.09,10,9,0,11,0,435,0,Free
12/5/2024 17:46:55,22.25,5480.50,4.09,10,9,0,11,0,436,0,Free
12/5/2024 17:46:59,22.25,5481.11,4.09,10,9,0,11,0,437,0,Free
12/5/2024 17:47:03,22.25,5481.73,4.09,10,9,0,11,0,438,0,Free
12/5/2024 17:47:04,22.25,5482.34,4.09,10,9,0,11,0,439,0,Free
12/5/2024 17:47:05,22.25,5482.96,4.09,10,9,0,11,0,440,0,Free
12/5/2024 17:47:08,22.25,5483.58,4.09,10,9,0,11,0,441,0,Free
12/5/2024 17:47:11,22.25,5484.20,4.09,10,9,0,11,0,442,0,Free
12/5/2024 17:47:12,22.25,5484.81,4.09,10,9,0,11,0,443,0,Free
12/5/2024 17:47:13,22.25,5485.43,4.09,10,9,0,11,0,444,0,Free
12/5/2024 17:47:19,22.25,5486.04,4.09,10,9,0,11,0,445,0,Free
12/5/2024 17:51:00,22.00,5496.69,4.09,10,9,0,11,0,446,0,Free
12/5/2024 17:51:06,22.00,5497.30,4.09,10,9,0,11,0,447,0,Free
12/5/2024 17:51:12,22.00,5497.92,4.09,10,9,0,11,0,448,0,Free
12/5/2024 17:51:26,22.00,5499.10,4.09,10,9,0,11,0,449,0,Free
12/5/2024 17:51:27,22.00,5499.71,4.09,10,9,0,11,0,450,0,Free
12/5/2024 17:51:28,22.00,5500.33,4.09,10,9,0,11,0,451,0,Free
12/5/2024 17:51:36,22.00,5501.22,4.09,10,9,0,11,0,452,0,Free
12/5/2024 17:51:37,22.00,5501.84,4.09,10,9,0,11,0,453,0,Free
12/5/2024 17:51:40,22.00,5502.45,4.09,10,9,0,11,0,454,0,Free
12/5/2024 17:51:44,22.00,5503.07,4.09,10,9,0,11,0,455,0,Free
12/5/2024 17:51:46,22.00,5503.68,4.09,10,9,0,11,0,456,0,Free
12/5/2024 17:51:47,22.00,5504.30,4.09,10,9,0,11,0,457,0,Free
12/5/2024 17:51:48,22.00,5504.92,4.09,10,9,0,11,0,458,0,Free
12/5/2024 17:51:51,22.00,5505.53,4.09,10,9,0,11,0,459,0,Free
12/5/2024 17:51:52,22.00,5506.15,4.09,10,9,0,11,0,460,0,Free
12/5/2024 17:51:54,22.00,5506.76,4.09,10,9,0,11,0,461,0,Free
12/5/2024 17:51:55,22.00,5507.38,4.09,10,9,0,11,0,462,0,Free
12/5/2024 17:52:07,22.00,5508.27,4.09,10,9,0,11,0,463,0,Free
12/5/2024 17:52:13,22.00,5508.89,4.09,10,9,0,11,0,464,0,Free
12/5/2024 17:52:13,22.00,5509.50,4.09,10,9,0,11,0,465,0,Free
12/5/2024 17:52:15,22.00,5510.12,4.08,10,9,0,11,0,466,0,Free
12/5/2024 17:52:22,22.00,5511.02,4.09,10,9,0,11,0,467,0,Free
12/5/2024 17:52:23,22.00,5511.64,4.09,10,9,0,11,0,468,0,Free
12/5/2024 17:52:24,22.00,5512.25,4.09,10,9,0,11,0,469,0,Free
12/5/2024 17:52:27,22.00,5512.87,4.09,10,9,0,11,0,470,0,Free
12/5/2024 17:52:30,22.00,5513.48,4.09,10,9,0,11,0,471,0,Free
12/5/2024 17:52:31,22.00,5514.10,4.09,10,9,0,11,0,472,0,Free
12/5/2024 17:52:34,22.00,5514.71,4.09,10,9,0,11,0,473,0,Free
12/5/2024 17:52:36,22.00,5515.33,4.09,10,9,0,11,0,474,0,Free
12/5/2024 17:52:42,22.00,5515.95,4.09,10,9,0,11,0,475,0,Free
12/5/2024 17:52:45,22.00,5516.56,4.09,10,9,0,11,0,476,0,Free
12/5/2024 17:52:46,22.00,5517.18,4.09,10,9,0,11,0,477,0,Free
12/5/2024 17:55:18,22.00,5524.76,4.09,10,9,0,11,0,478,0,Free
12/5/2024 17:55:21,22.00,5525.37,4.09,10,9,0,11,0,479,0,Free
12/5/2024 17:56:07,22.00,5538.37,4.09,10,9,0,11,0,479,0,Free
12/5/2024 18:14:19,22.00,5599.85,4.09,10,9,0,11,0,479,0,Free
12/5/2024 18:18:21,22.00,5611.60,4.09,10,9,0,11,0,480,0,Free
12/5/2024 18:18:24,22.00,5612.22,4.09,10,9,0,11,0,481,0,Free
12/5/2024 18:18:29,22.00,5612.84,4.09,10,9,0,11,0,482,0,Free
12/5/2024 18:18:32,22.00,5613.45,4.09,10,9,0,11,0,483,0,Free
12/5/2024 18:18:33,22.00,5614.07,4.09,10,9,0,11,0,484,0,Free
12/5/2024 18:18:35,22.00,5614.68,4.09,10,9,0,11,0,485,0,Free
12/5/2024 18:18:36,22.00,5615.30,4.09,10,9,0,11,0,486,0,Free
12/5/2024 18:18:37,22.00,5615.91,4.09,10,9,0,11,0,487,0,Free
12/5/2024 18:18:38,22.00,5616.53,4.09,10,9,0,11,0,488,0,Free
12/5/2024 18:18:39,22.00,5617.15,4.09,10,9,0,11,0,489,0,Free
12/5/2024 18:18:39,22.00,5617.76,4.09,10,9,0,11,0,490,0,Free
12/5/2024 18:18:40,22.00,5618.38,4.09,10,9,0,11,0,491,0,Free
12/5/2024 18:18:42,22.00,5619.00,4.09,10,9,0,11,0,492,0,Free
12/5/2024 18:18:58,22.00,5620.17,4.08,10,9,0,11,0,493,0,Free
12/5/2024 18:18:59,22.00,5620.79,4.09,10,9,0,11,0,494,0,Free
12/5/2024 18:19:12,22.00,5621.68,4.09,10,9,0,11,0,495,0,Free
12/5/2024 18:19:27,22.00,5622.85,4.09,10,9,0,11,0,496,0,Free
12/5/2024 18:19:29,22.00,5623.47,4.09,10,9,0,11,0,497,0,Free
12/5/2024 18:19:30,22.00,5624.09,4.09,10,9,0,11,0,498,0,Free
12/5/2024 18:19:31,22.00,5624.70,4.08,10,9,0,11,0,499,0,Free
12/5/2024 18:19:36,22.00,5625.32,4.09,10,9,0,11,0,500,0,Free
12/5/2024 18:19:45,22.00,5626.21,4.09,10,9,0,11,0,501,0,Free
12/5/2024 18:19:46,22.00,5626.83,4.09,10,9,0,11,0,502,0,Free
12/5/2024 18:19:47,22.00,5627.44,4.09,10,9,0,11,0,503,0,Free
12/5/2024 18:19:47,22.00,5628.06,4.09,10,9,0,11,0,504,0,Free
12/5/2024 18:19:50,22.00,5628.68,4.09,10,9,0,11,0,505,0,Free
12/5/2024 18:19:55,22.00,5629.29,4.09,10,9,0,11,0,506,0,Free
12/5/2024 18:19:58,22.00,5629.91,4.09,10,9,0,11,0,507,0,Free
12/5/2024 18:20:04,22.00,5630.52,4.09,10,9,0,11,0,508,0,Free
12/5/2024 18:20:04,22.00,5631.14,4.08,10,9,0,11,0,509,0,Free
12/5/2024 18:20:15,22.00,5632.03,4.09,10,9,0,11,0,510,0,Free
12/5/2024 18:20:18,22.00,5632.65,4.08,10,9,0,11,0,511,0,Free
12/5/2024 18:20:21,22.00,5633.26,4.09,10,9,0,11,0,512,0,Free
12/5/2024 18:20:22,22.00,5633.88,4.09,10,9,0,11,0,513,0,Free
12/5/2024 18:20:25,22.00,5634.50,4.09,10,9,0,11,0,514,0,Free
12/5/2024 18:20:26,22.00,5635.11,4.09,10,9,0,11,0,515,0,Free
12/5/2024 18:20:31,22.00,5635.73,4.09,10,9,0,11,0,516,0,Free
12/5/2024 18:20:37,22.00,5636.62,4.09,10,9,0,11,0,517,0,Free
12/5/2024 18:20:44,22.00,5637.52,4.09,10,9,0,11,0,518,0,Free
12/5/2024 18:20:46,22.00,5638.14,4.09,10,9,0,11,0,519,0,Free
12/5/2024 18:20:47,22.00,5638.75,4.09,10,9,0,11,0,520,0,Free
12/5/2024 18:20:48,22.00,5639.37,4.09,10,9,0,11,0,521,0,Free
12/5/2024 18:21:13,22.00,5641.10,4.09,10,9,0,11,0,522,0,Free
12/5/2024 18:21:15,22.00,5641.72,4.09,10,9,0,11,0,523,0,Free
12/5/2024 18:21:20,22.00,5642.33,4.09,10,9,0,11,0,524,0,Free
12/5/2024 18:21:21,22.00,5642.95,4.09,10,9,0,11,0,525,0,Free
12/5/2024 18:21:26,22.00,5643.56,4.09,10,9,0,11,0,526,0,Free
12/5/2024 18:21:28,22.00,5644.18,4.09,10,9,0,11,0,527,0,Free
12/5/2024 18:21:32,22.00,5644.79,4.09,10,9,0,11,0,528,0,Free
12/5/2024 18:21:34,22.00,5645.41,4.09,10,9,0,11,0,529,0,Free
12/5/2024 18:21:35,22.00,5646.03,4.09,10,9,0,11,0,530,0,Free
12/5/2024 18:21:36,22.00,5646.64,4.09,10,9,0,11,0,531,0,Free
12/5/2024 18:21:37,22.00,5647.26,4.09,10,9,0,11,0,532,0,Free
12/5/2024 18:21:40,22.00,5647.87,4.09,10,9,0,11,0,533,0,Free
12/5/2024 18:21:42,22.00,5648.49,4.09,10,9,0,11,0,534,0,Free
12/5/2024 18:21:43,22.00,5649.10,4.09,10,9,0,11,0,535,0,Free
12/5/2024 18:21:46,22.00,5649.72,4.09,10,9,0,11,0,536,0,Free
12/5/2024 18:21:47,22.00,5650.33,4.09,10,9,0,11,0,537,0,Free
12/5/2024 18:21:48,22.00,5650.95,4.09,10,9,0,11,0,538,0,Free
12/5/2024 18:21:49,22.00,5651.57,4.09,10,9,0,11,0,539,0,Free
12/5/2024 18:21:50,22.00,5652.18,4.09,10,9,0,11,0,540,0,Free
12/5/2024 18:21:51,22.00,5652.80,4.09,10,9,0,11,0,541,0,Free
12/5/2024 18:21:52,22.00,5653.41,4.09,10,9,0,11,0,542,0,Free
12/5/2024 18:21:53,22.00,5654.03,4.09,10,9,0,11,0,543,0,Free
12/5/2024 18:21:56,22.00,5654.64,4.09,10,9,0,11,0,544,0,Free
12/5/2024 18:21:59,22.00,5655.26,4.09,10,9,0,11,0,545,0,Free
12/5/2024 18:22:00,22.00,5655.88,4.09,10,9,0,11,0,546,0,Free
12/5/2024 18:22:01,22.00,5656.50,4.09,10,9,0,11,0,547,0,Free
12/5/2024 18:22:02,22.00,5657.12,4.09,10,9,0,11,0,548,0,Free
12/5/2024 18:22:05,22.00,5657.73,4.09,10,9,0,11,0,549,0,Free
12/5/2024 18:22:07,22.00,5658.35,4.09,10,9,0,11,0,550,0,Free
12/5/2024 18:22:08,22.00,5658.96,4.09,10,9,0,11,0,551,0,Free
12/5/2024 18:22:12,22.00,5659.58,4.09,10,9,0,11,0,552,0,Free
12/5/2024 18:22:14,22.00,5660.19,4.09,10,9,0,11,0,553,0,Free
12/5/2024 18:22:17,22.00,5660.81,4.09,10,9,0,11,0,554,0,Free
12/5/2024 18:22:19,22.00,5661.43,4.09,10,9,0,11,0,555,0,Free
12/5/2024 18:22:21,22.00,5662.04,4.09,10,9,0,11,0,556,0,Free
12/5/2024 18:22:22,22.00,5662.66,4.09,10,9,0,11,0,557,0,Free
12/5/2024 18:22:23,22.00,5663.27,4.09,10,9,0,11,0,558,0,Free
12/5/2024 18:22:24,22.00,5663.89,4.09,10,9,0,11,0,559,0,Free
12/5/2024 18:22:25,22.00,5664.50,4.09,10,9,0,11,0,560,0,Free
12/5/2024 18:22:31,22.00,5665.12,4.08,10,9,0,11,0,561,0,Free
12/5/2024 18:22:33,22.00,5665.74,4.09,10,9,0,11,0,562,0,Free
12/5/2024 18:22:34,22.00,5666.35,4.09,10,9,0,11,0,563,0,Free
12/5/2024 18:22:37,22.00,5666.97,4.09,10,9,0,11,0,564,0,Free
12/5/2024 18:22:38,22.00,5667.58,4.09,10,9,0,11,0,565,0,Free
12/5/2024 18:22:39,22.00,5668.20,4.08,10,9,0,11,0,566,0,Free
12/5/2024 18:22:41,22.00,5668.81,4.09,10,9,0,11,0,567,0,Free
12/5/2024 18:22:45,22.00,5669.43,4.09,10,9,0,11,0,568,0,Free
12/5/2024 18:22:49,22.00,5670.05,4.09,10,9,0,11,0,569,0,Free
12/5/2024 18:22:49,22.00,5670.66,4.09,10,9,0,11,0,570,0,Free
12/5/2024 18:22:53,22.00,5671.28,4.09,10,9,0,11,0,571,0,Free
12/5/2024 18:22:56,22.00,5671.90,4.09,10,9,0,11,0,572,0,Free
12/5/2024 18:23:00,22.00,5672.52,4.09,10,9,0,11,0,573,0,Free
12/5/2024 18:23:01,22.00,5673.13,4.09,10,9,0,11,0,574,0,Free
12/5/2024 18:23:02,22.00,5673.75,4.09,10,9,0,11,0,575,0,Free
12/5/2024 18:23:07,22.00,5674.36,4.09,10,9,0,11,0,576,0,Free
12/5/2024 18:23:15,22.00,5675.26,4.09,10,9,0,11,0,577,0,Free
12/5/2024 18:23:20,22.00,5675.87,4.08,10,9,0,11,0,578,0,Free
12/5/2024 18:23:21,22.00,5676.49,4.09,10,9,0,11,0,579,0,Free
12/5/2024 18:23:25,22.00,5677.11,4.09,10,9,0,11,0,580,0,Free
12/5/2024 18:23:32,22.00,5678.00,4.09,10,9,0,11,0,581,0,Free
12/5/2024 18:23:33,22.00,5678.62,4.09,10,9,0,11,0,582,0,Free
12/5/2024 18:23:37,22.00,5679.23,4.09,10,9,0,11,0,583,0,Free
12/5/2024 18:24:24,22.00,5681.80,4.09,10,9,0,11,0,584,0,Free
12/5/2024 18:24:24,22.00,5682.41,4.09,10,9,0,11,0,585,0,Free
12/5/2024 18:25:48,22.00,5697.09,4.09,10,9,0,11,0,585,0,Free
12/5/2024 18:26:16,22.00,5698.81,4.09,10,9,0,11,0,586,0,Free
12/5/2024 18:34:15,22.00,5721.44,4.09,10,9,0,11,0,587,0,Free
12/5/2024 18:34:16,22.00,5722.06,4.09,10,9,0,11,0,588,0,Free
12/5/2024 18:34:17,22.00,5722.67,4.09,10,9,0,11,0,589,0,Free
12/5/2024 18:34:25,22.00,5723.57,4.09,10,9,0,11,0,590,0,Free
12/5/2024 18:34:26,22.00,5724.18,4.09,10,9,0,11,0,591,0,Free
12/5/2024 18:34:27,22.00,5724.80,4.09,10,9,0,11,0,592,0,Free
12/5/2024 18:34:33,22.00,5725.41,4.09,10,9,0,11,0,593,0,Free
12/5/2024 18:34:39,22.00,5726.03,4.09,10,9,0,11,0,594,0,Free
12/5/2024 18:34:41,22.00,5726.65,4.09,10,9,0,11,0,595,0,Free
12/5/2024 18:34:42,22.00,5727.26,4.09,10,9,0,11,0,596,0,Free
12/5/2024 18:34:45,22.00,5727.88,4.09,10,9,0,11,0,597,0,Free
12/5/2024 18:34:46,22.00,5728.49,4.09,10,9,0,11,0,598,0,Free
12/5/2024 18:34:53,22.00,5729.39,4.09,10,9,0,11,0,599,0,Free
12/5/2024 18:34:56,22.00,5730.01,4.09,10,9,0,11,0,600,0,Free
12/5/2024 18:34:58,22.00,5730.62,4.09,10,9,0,11,0,601,0,Free
12/5/2024 18:34:59,22.00,5731.24,4.09,10,9,0,11,0,602,0,Free
12/5/2024 18:35:02,22.00,5731.86,4.09,10,9,0,11,0,603,0,Free
12/5/2024 18:35:03,22.00,5732.47,4.09,10,9,0,11,0,604,0,Free
12/5/2024 18:35:06,22.00,5733.09,4.09,10,9,0,11,0,605,0,Free
12/5/2024 18:35:12,22.00,5733.98,4.09,10,9,0,11,0,606,0,Free
12/5/2024 18:35:23,22.00,5734.88,4.09,10,9,0,11,0,607,0,Free
12/5/2024 18:35:26,22.00,5735.49,4.09,10,9,0,11,0,608,0,Free
12/5/2024 18:35:30,22.00,5736.11,4.09,10,9,0,11,0,609,0,Free
12/5/2024 18:35:31,22.00,5736.72,4.09,10,9,0,11,0,610,0,Free
12/5/2024 18:35:40,22.00,5737.62,4.09,10,9,0,11,0,611,0,Free
12/5/2024 18:35:42,22.00,5738.23,4.09,10,9,0,11,0,612,0,Free
12/5/2024 18:35:47,22.00,5738.85,4.09,10,9,0,11,0,613,0,Free
12/5/2024 18:35:57,22.00,5739.74,4.09,10,9,0,11,0,614,0,Free
12/5/2024 18:35:58,22.00,5740.36,4.08,10,9,0,11,0,615,0,Free
12/5/2024 18:35:59,22.00,5740.97,4.09,10,9,0,11,0,616,0,Free
12/5/2024 18:36:00,22.00,5741.59,4.09,10,9,0,11,0,617,0,Free
12/5/2024 18:36:01,22.00,5742.20,4.09,10,9,0,11,0,618,0,Free
12/5/2024 18:36:05,22.00,5742.82,4.09,10,9,0,11,0,619,0,Free
12/5/2024 18:36:08,22.00,5743.44,4.09,10,9,0,11,0,620,0,Free
12/5/2024 18:36:09,22.00,5744.05,4.09,10,9,0,11,0,621,0,Free
12/5/2024 18:36:14,22.00,5744.67,4.09,10,9,0,11,0,622,0,Free
12/5/2024 18:36:23,22.00,5745.56,4.09,10,9,0,11,0,623,0,Free
12/5/2024 18:36:23,22.00,5746.18,4.09,10,9,0,11,0,624,0,Free
12/5/2024 18:36:24,22.00,5746.79,4.09,10,9,0,11,0,625,0,Free
12/5/2024 18:36:26,22.00,5747.42,4.09,10,9,0,11,0,626,0,Free
12/5/2024 18:36:30,22.00,5748.03,4.09,10,9,0,11,0,627,0,Free
12/5/2024 18:36:32,22.00,5748.65,4.09,10,9,0,11,0,628,0,Free
12/5/2024 18:36:37,22.00,5749.27,4.09,10,9,0,11,0,629,0,Free
12/5/2024 18:36:38,22.00,5749.88,4.09,10,9,0,11,0,630,1,Free
12/5/2024 18:36:44,22.00,5750.50,4.09,10,9,0,11,0,631,0,Free
12/5/2024 18:36:51,22.00,5751.39,4.09,10,9,0,11,0,632,0,Free
12/5/2024 18:36:53,22.00,5752.00,4.09,10,9,0,11,0,633,0,Free
12/5/2024 18:36:55,22.00,5752.62,4.09,10,9,0,11,0,634,0,Free
12/5/2024 18:36:55,22.00,5753.23,4.08,10,9,0,11,0,635,0,Free
12/5/2024 18:36:58,22.00,5753.85,4.09,10,9,0,11,0,636,0,Free
12/5/2024 18:37:02,22.00,5754.47,4.09,10,9,0,11,0,637,0,Free
12/5/2024 18:37:04,22.00,5755.08,4.09,10,9,0,11,0,638,0,Free
12/5/2024 18:37:06,22.00,5755.70,4.09,10,9,0,11,0,639,0,Free
12/5/2024 18:37:07,22.00,5756.31,4.09,10,9,0,11,0,640,0,Free
12/5/2024 18:37:11,22.00,5756.93,4.09,10,9,0,11,0,641,0,Free
12/5/2024 18:37:12,22.00,5757.54,4.09,10,9,0,11,0,642,0,Free
12/5/2024 18:37:14,22.00,5758.16,4.09,10,9,0,11,0,643,0,Free
12/5/2024 18:37:15,22.00,5758.77,4.09,10,9,0,11,0,644,0,Free
12/5/2024 18:37:17,22.00,5759.39,4.09,10,9,0,11,0,645,0,Free
12/5/2024 18:37:21,22.00,5760.01,4.09,10,9,0,11,0,646,0,Free
12/5/2024 18:37:32,22.00,5760.90,4.08,10,9,0,11,0,647,0,Free
12/5/2024 18:37:39,22.00,5761.80,4.09,10,9,0,11,0,648,0,Free
12/5/2024 18:37:42,22.00,5762.41,4.09,10,9,0,11,0,649,0,Free
12/5/2024 18:37:45,22.00,5763.02,4.09,10,9,0,11,0,650,0,Free
12/5/2024 18:37:49,22.00,5763.64,4.09,10,9,0,11,0,651,0,Free
12/5/2024 18:37:52,22.00,5764.26,4.09,10,9,0,11,0,652,0,Free
12/5/2024 18:37:52,22.00,5764.88,4.09,10,9,0,11,0,653,0,Free
12/5/2024 18:37:54,22.00,5765.50,4.09,10,9,0,11,0,654,0,Free
12/5/2024 18:37:58,22.00,5766.11,4.09,10,9,0,11,0,655,0,Free
12/5/2024 18:38:01,22.00,5766.73,4.09,10,9,0,11,0,656,0,Free
12/5/2024 18:38:04,22.00,5767.34,4.09,10,9,0,11,0,657,0,Free
12/5/2024 18:38:07,22.00,5767.96,4.09,10,9,0,11,0,658,0,Free
12/5/2024 18:38:08,22.00,5768.57,4.08,10,9,0,11,0,659,0,Free
12/5/2024 18:38:13,22.00,5769.19,4.09,10,9,0,11,0,660,0,Free
12/5/2024 18:38:14,22.00,5769.81,4.09,10,9,0,11,0,661,0,Free
12/5/2024 18:38:18,22.00,5770.42,4.09,10,9,0,11,0,662,0,Free
12/5/2024 18:38:22,22.00,5771.04,4.09,10,9,0,11,0,663,0,Free
12/5/2024 18:38:24,22.00,5771.65,4.09,10,9,0,11,0,664,0,Free
12/5/2024 18:38:39,22.00,5772.83,4.09,10,9,0,11,0,665,0,Free
12/5/2024 18:38:40,22.00,5773.44,4.09,10,9,0,11,0,666,0,Free
12/5/2024 18:38:43,22.00,5774.06,4.09,10,9,0,11,0,667,0,Free
12/5/2024 18:38:44,22.00,5774.67,4.09,10,9,0,11,0,668,0,Free
12/5/2024 18:38:45,22.00,5775.29,4.09,10,9,0,11,0,669,0,Free
12/5/2024 18:38:48,22.00,5775.91,4.09,10,9,0,11,0,670,0,Free
12/5/2024 18:38:59,22.00,5787.24,4.09,10,9,0,11,0,670,0,Free
12/5/2024 18:40:04,22.00,5790.64,4.09,10,9,0,11,0,671,0,Free
12/5/2024 18:40:05,22.00,5791.25,4.09,10,9,0,11,0,672,0,Free
12/5/2024 18:40:23,22.00,5792.43,4.09,10,9,0,11,0,673,0,Free
12/5/2024 18:40:23,22.00,5793.04,4.09,10,9,0,11,0,674,0,Free
12/5/2024 18:40:27,22.00,5793.66,4.09,10,9,0,11,0,675,0,Free
12/5/2024 18:41:46,22.00,5797.89,4.09,10,9,0,11,0,676,0,Free
12/5/2024 18:43:48,22.00,5804.08,4.09,10,9,0,11,0,677,0,Free
12/5/2024 18:46:36,22.00,5812.50,4.09,10,9,0,11,0,678,0,Free
12/5/2024 18:48:22,22.00,5817.85,4.09,10,9,0,11,0,679,0,Free
12/5/2024 18:48:25,22.00,5818.47,4.09,10,9,0,11,0,680,0,Free
12/5/2024 18:48:26,22.00,5819.09,4.09,10,9,0,11,0,681,0,Free
12/5/2024 18:48:26,22.00,5819.70,4.09,10,9,0,11,0,682,0,Free
12/5/2024 18:48:51,22.00,5821.43,4.08,10,9,0,11,0,683,0,Free
12/5/2024 18:48:56,22.00,5822.05,4.09,10,9,0,11,0,684,0,Free
12/5/2024 18:48:58,22.00,5822.66,4.09,10,9,0,11,0,685,0,Free
12/5/2024 18:49:03,22.00,5823.28,4.09,10,9,0,11,0,686,0,Free
12/5/2024 18:49:04,22.00,5823.89,4.09,10,9,0,11,0,687,0,Free
12/5/2024 18:49:06,22.00,5824.51,4.09,10,9,0,11,0,688,0,Free
12/5/2024 18:49:07,22.00,5825.12,4.08,10,9,0,11,0,689,0,Free
12/5/2024 18:49:09,22.00,5825.74,4.09,10,9,0,11,0,690,0,Free
12/5/2024 18:49:12,22.00,5826.35,4.09,10,9,0,11,0,691,0,Free
12/5/2024 18:49:16,22.00,5826.97,4.09,10,9,0,11,0,692,0,Free
12/5/2024 18:49:18,22.00,5827.59,4.09,10,9,0,11,0,693,0,Free
12/5/2024 18:49:20,22.00,5828.20,4.09,10,9,0,11,0,694,0,Free
12/5/2024 18:49:22,22.00,5828.82,4.09,10,9,0,11,0,695,0,Free
12/5/2024 18:49:23,22.00,5829.43,4.09,10,9,0,11,0,696,0,Free
12/5/2024 18:49:26,22.00,5830.05,4.08,10,9,0,11,0,697,0,Free
12/5/2024 18:49:27,22.00,5830.66,4.09,10,9,0,11,0,698,0,Free
12/5/2024 18:49:28,22.00,5831.28,4.09,10,9,0,11,0,699,0,Free
12/5/2024 18:49:33,22.00,5831.90,4.08,10,9,0,11,0,700,0,Free
12/5/2024 18:49:41,22.00,5832.79,4.09,10,9,0,11,0,701,0,Free
12/5/2024 18:49:44,22.00,5833.41,4.09,10,9,0,11,0,702,0,Free
12/5/2024 18:49:49,22.00,5834.02,4.08,10,9,0,11,0,703,0,Free
12/5/2024 18:49:55,22.00,5834.64,4.09,10,9,0,11,0,704,0,Free
12/5/2024 18:49:56,22.00,5835.25,4.09,10,9,0,11,0,705,0,Free
12/5/2024 18:49:57,22.00,5835.87,4.09,10,9,0,11,0,706,0,Free
12/5/2024 18:50:02,22.00,5836.49,4.08,10,9,0,11,0,707,0,Free
12/5/2024 18:50:05,22.00,5837.11,4.09,10,9,0,11,0,708,0,Free
12/5/2024 18:50:06,22.00,5837.72,4.09,10,9,0,11,0,709,0,Free
12/5/2024 18:50:09,22.00,5838.34,4.09,10,9,0,11,0,710,0,Free
12/5/2024 18:50:12,22.00,5838.96,4.09,10,9,0,11,0,711,0,Free
12/5/2024 18:50:13,22.00,5839.57,4.09,10,9,0,11,0,712,0,Free
12/5/2024 18:50:15,22.00,5840.19,4.09,10,9,0,11,0,713,0,Free
12/5/2024 18:50:33,22.00,5841.64,4.09,10,9,0,11,0,714,0,Free
12/5/2024 18:50:36,22.00,5842.25,4.09,10,9,0,11,0,715,0,Free
12/5/2024 18:50:37,22.00,5842.87,4.09,10,9,0,11,0,716,0,Free
12/5/2024 18:50:47,22.00,5843.76,4.09,10,9,0,11,0,717,0,Free
12/5/2024 18:50:54,22.00,5844.66,4.09,10,9,0,11,0,718,0,Free
12/5/2024 18:51:05,22.00,5845.55,4.09,10,9,0,11,0,719,0,Free
12/5/2024 18:51:16,22.00,5846.45,4.08,10,9,0,11,0,720,0,Free
12/5/2024 18:51:22,22.00,5847.06,4.08,10,9,0,11,0,721,0,Free
12/5/2024 18:51:24,22.00,5847.68,4.09,10,9,0,11,0,722,0,Free
12/5/2024 18:51:27,22.00,5848.30,4.09,10,9,0,11,0,723,0,Free
12/5/2024 18:51:29,22.00,5848.91,4.09,10,9,0,11,0,724,0,Free
12/5/2024 18:51:30,22.00,5849.53,4.09,10,9,0,11,0,725,0,Free
12/5/2024 18:51:32,22.00,5850.14,4.09,10,9,0,11,0,726,0,Free
12/5/2024 18:51:42,22.00,5851.04,4.08,10,9,0,11,0,727,0,Free
12/5/2024 18:51:45,22.00,5851.65,4.09,10,9,0,11,0,728,0,Free
12/5/2024 18:51:47,22.00,5852.27,4.09,10,9,0,11,0,729,0,Free
12/5/2024 18:51:49,22.00,5852.88,4.09,10,9,0,11,0,730,0,Free
12/5/2024 18:51:59,22.00,5853.78,4.09,10,9,0,11,0,731,0,Free
12/5/2024 18:52:04,22.00,5854.39,4.09,10,9,0,11,0,732,0,Free
12/5/2024 18:52:18,22.00,5855.57,4.09,10,9,0,11,0,733,0,Free
12/5/2024 18:52:23,22.00,5856.19,4.09,10,9,0,11,0,734,0,Free
12/5/2024 18:52:30,22.00,5857.09,4.09,10,9,0,11,0,735,0,Free
12/5/2024 18:52:31,22.00,5857.70,4.09,10,9,0,11,0,736,0,Free
12/5/2024 18:52:32,22.00,5858.32,4.09,10,9,0,11,0,737,0,Free
12/5/2024 18:52:40,22.00,5859.21,4.09,10,9,0,11,0,738,0,Free
12/5/2024 18:52:42,22.00,5859.82,4.09,10,9,0,11,0,739,0,Free
12/5/2024 18:52:43,22.00,5860.44,4.09,10,9,0,11,0,740,0,Free
12/5/2024 18:52:47,22.00,5861.06,4.09,10,9,0,11,0,741,0,Free
12/5/2024 18:52:50,22.00,5861.67,4.09,10,9,0,11,0,742,0,Free
12/5/2024 18:53:02,22.00,5873.00,4.09,10,9,0,11,0,742,0,Free
12/5/2024 19:00:22,22.00,5893.95,4.09,10,9,0,11,0,743,0,Free
12/5/2024 19:00:30,22.00,5894.85,4.09,10,9,0,11,0,744,0,Free
12/5/2024 19:00:32,22.00,5895.46,4.09,10,9,0,11,0,745,0,Free
12/5/2024 19:00:33,22.00,5896.07,4.09,10,9,0,11,0,746,0,Free
12/5/2024 19:00:35,22.00,5896.69,4.09,10,9,0,11,0,747,0,Free
12/5/2024 19:00:41,22.00,5897.58,4.08,10,9,0,11,0,748,0,Free
12/5/2024 19:00:42,22.00,5898.20,4.09,10,9,0,11,0,749,0,Free
12/5/2024 19:00:56,22.00,5899.37,4.09,10,9,0,11,0,750,0,Free
12/5/2024 19:03:37,22.00,5907.23,4.09,10,9,0,11,0,751,0,Free
12/5/2024 19:03:38,22.00,5907.85,4.09,10,9,0,11,0,752,0,Free
12/5/2024 19:03:40,22.00,5908.46,4.09,10,9,0,11,0,753,0,Free
12/5/2024 19:03:41,22.00,5909.08,4.09,10,9,0,11,0,754,0,Free
12/5/2024 19:03:44,22.00,5909.69,4.09,10,9,0,11,0,755,0,Free
12/5/2024 19:03:59,22.00,5910.87,4.09,10,9,0,11,0,756,0,Free
12/5/2024 19:04:08,22.00,5911.76,4.09,10,9,0,11,0,757,0,Free
12/5/2024 19:04:09,22.00,5912.38,4.09,10,9,0,11,0,758,0,Free
12/5/2024 19:04:11,22.00,5912.99,4.09,10,9,0,11,0,759,0,Free
12/5/2024 19:04:13,22.00,5913.62,4.09,10,9,0,11,0,760,0,Free
12/5/2024 19:04:14,22.00,5914.23,4.09,10,9,0,11,0,761,0,Free
12/5/2024 19:04:15,22.00,5914.85,4.09,10,9,0,11,0,762,0,Free
12/5/2024 19:04:17,22.00,5915.46,4.09,10,9,0,11,0,763,0,Free
12/5/2024 19:04:19,22.00,5916.08,4.08,10,9,0,11,0,764,0,Free
12/5/2024 19:04:22,22.00,5916.69,4.09,10,9,0,11,0,765,0,Free
12/5/2024 19:04:47,22.00,5918.42,4.09,10,9,0,11,0,766,0,Free
12/5/2024 19:04:49,22.00,5919.04,4.09,10,9,0,11,0,767,0,Free
12/5/2024 19:05:07,22.00,5920.21,4.08,10,9,0,11,0,768,0,Free
12/5/2024 19:05:11,22.00,5920.83,4.09,10,9,0,11,0,769,0,Free
12/5/2024 19:05:15,22.00,5921.44,4.09,10,9,0,11,0,770,0,Free
12/5/2024 19:05:17,22.00,5922.06,4.08,10,9,0,11,0,771,0,Free
12/5/2024 19:05:18,22.00,5922.68,4.09,10,9,0,11,0,772,0,Free
12/5/2024 19:05:26,22.00,5923.57,4.09,10,9,0,11,0,773,0,Free
12/5/2024 19:05:31,22.00,5924.19,4.09,10,9,0,11,0,774,0,Free
12/5/2024 19:05:33,22.00,5924.81,4.08,10,9,0,11,0,775,0,Free
12/5/2024 19:05:35,22.00,5925.42,4.09,10,9,0,11,0,776,0,Free
12/5/2024 19:05:53,22.00,5926.60,4.09,10,9,0,11,0,777,0,Free
12/5/2024 19:06:00,22.00,5927.21,4.08,10,9,0,11,0,778,0,Free
12/5/2024 19:06:25,22.00,5928.94,4.09,10,9,0,11,0,779,0,Free
12/5/2024 19:06:36,22.00,5929.83,4.09,10,9,0,11,0,780,0,Free
12/5/2024 19:06:40,22.00,5930.45,4.08,10,9,0,11,0,781,0,Free
12/5/2024 19:06:43,22.00,5931.06,4.08,10,9,0,11,0,782,0,Free
12/5/2024 19:06:46,22.00,5931.68,4.09,10,9,0,11,0,783,0,Free
12/5/2024 19:06:47,22.00,5932.30,4.08,10,9,0,11,0,784,0,Free
12/5/2024 19:06:51,22.00,5932.91,4.09,10,9,0,11,0,785,0,Free
12/5/2024 19:06:52,22.00,5933.53,4.09,10,9,0,11,0,786,0,Free
12/5/2024 19:06:55,22.00,5934.15,4.08,10,9,0,11,0,787,0,Free
12/5/2024 19:07:02,22.00,5935.05,4.09,10,9,0,11,0,788,0,Free
12/5/2024 19:07:03,22.00,5935.66,4.09,10,9,0,11,0,789,1,Free
12/5/2024 19:07:06,22.00,5936.28,4.08,10,9,0,11,0,790,0,Free
12/5/2024 19:07:08,22.00,5936.89,4.09,10,9,0,11,0,791,0,Free
12/5/2024 19:07:14,22.00,5937.51,4.08,10,9,0,11,0,792,0,Free
12/5/2024 19:07:20,22.00,5938.13,4.09,10,9,0,11,0,793,0,Free
12/5/2024 19:07:20,22.00,5938.74,4.08,10,9,0,11,0,794,0,Free
12/5/2024 19:08:14,22.00,5952.02,4.09,10,9,0,11,0,794,0,Free
12/5/2024 19:10:06,22.00,5957.65,4.08,10,9,0,11,0,795,0,Free
12/5/2024 19:26:24,22.00,6013.83,4.08,10,9,0,11,0,795,0,Free
12/5/2024 19:44:35,21.75,6075.30,4.09,10,9,0,11,0,795,0,Free
12/5/2024 20:02:32,21.75,6125.78,4.09,10,9,0,11,0,796,0,Free
12/5/2024 20:02:44,21.75,6137.11,4.09,10,9,0,11,0,796,0,Free
12/5/2024 20:03:02,21.75,6138.56,4.08,10,9,0,11,0,797,0,Free
12/5/2024 20:03:09,21.75,6139.46,4.08,10,9,0,11,0,798,0,Free
12/5/2024 20:03:24,21.75,6140.63,4.09,10,9,0,11,0,799,0,Free
12/5/2024 20:03:29,21.75,6141.25,4.09,10,9,0,11,0,800,0,Free
12/5/2024 20:03:31,21.75,6141.86,4.08,10,9,0,11,0,801,0,Free
12/5/2024 20:03:44,22.00,6143.04,4.09,10,9,0,11,0,802,0,Free
12/5/2024 20:04:12,22.00,6144.77,4.08,10,9,0,11,0,803,0,Free
12/5/2024 20:04:13,22.00,6145.38,4.09,10,9,0,11,0,804,0,Free
12/5/2024 20:04:20,22.00,6146.28,4.08,10,9,0,11,0,805,0,Free
12/5/2024 20:04:21,22.00,6146.89,4.09,10,9,0,11,0,806,0,Free
12/5/2024 20:04:28,22.00,6147.51,4.08,10,9,0,11,0,807,0,Free
12/5/2024 20:04:28,22.00,6148.12,4.08,10,9,0,11,0,808,0,Free
12/5/2024 20:04:29,22.00,6148.74,4.08,10,9,0,11,0,809,0,Free
12/5/2024 20:04:31,22.00,6149.36,4.08,10,9,0,11,0,810,0,Free
12/5/2024 20:04:48,22.00,6150.53,4.08,10,9,0,11,0,811,0,Free
12/5/2024 20:04:55,22.00,6151.43,4.08,10,9,0,11,0,812,0,Free
12/5/2024 20:04:59,22.00,6152.05,4.08,10,9,0,11,0,813,0,Free
12/5/2024 20:05:02,22.00,6152.66,4.08,10,9,0,11,0,814,0,Free
12/5/2024 20:05:19,22.00,6153.83,4.08,10,9,0,11,0,815,0,Free
12/5/2024 20:05:25,22.00,6154.45,4.08,10,9,0,11,0,816,0,Free
12/5/2024 20:05:26,22.00,6155.06,4.08,10,9,0,11,0,817,0,Free
12/5/2024 20:05:28,22.00,6155.68,4.08,10,9,0,11,0,818,0,Free
12/5/2024 20:05:41,22.00,6156.85,4.08,10,9,0,11,0,819,0,Free
12/5/2024 20:05:43,22.00,6157.47,4.08,10,9,0,11,0,820,0,Free
12/5/2024 20:05:46,22.00,6158.09,4.08,10,9,0,11,0,821,0,Free
12/5/2024 20:05:57,22.00,6158.98,4.08,10,9,0,11,0,822,0,Free
12/5/2024 20:05:59,22.00,6159.60,4.08,10,9,0,11,0,823,0,Free
12/5/2024 20:06:02,22.00,6160.21,4.09,10,9,0,11,0,824,0,Free
12/5/2024 20:06:03,22.00,6160.83,4.09,10,9,0,11,0,825,0,Free
12/5/2024 20:06:07,22.00,6161.44,4.08,10,9,0,11,0,826,0,Free
12/5/2024 20:06:09,22.00,6162.06,4.08,10,9,0,11,0,827,0,Free
12/5/2024 20:06:10,22.00,6162.67,4.08,10,9,0,11,0,828,0,Free
12/5/2024 20:06:18,22.00,6163.57,4.08,10,9,0,11,0,829,0,Free
12/5/2024 20:06:18,22.00,6164.18,4.08,10,9,0,11,0,830,0,Free
12/5/2024 20:06:21,22.00,6164.80,4.09,10,9,0,11,0,831,0,Free
12/5/2024 20:06:21,22.00,6165.42,4.08,10,9,0,11,0,832,0,Free
12/5/2024 20:07:38,22.00,6169.37,4.08,10,9,0,11,0,833,0,Free
12/5/2024 20:07:39,22.00,6169.99,4.08,10,9,0,11,0,834,0,Free
12/5/2024 20:07:41,22.00,6170.60,4.08,10,9,0,11,0,835,0,Free
12/5/2024 20:07:44,22.00,6171.22,4.08,10,9,0,11,0,836,0,Free
12/5/2024 20:07:46,22.00,6171.85,4.08,10,9,0,11,0,837,0,Free
12/5/2024 20:08:08,22.00,6173.30,4.09,10,9,0,11,0,838,0,Free
12/5/2024 20:08:12,22.00,6173.91,4.09,10,9,0,11,0,839,0,Free
12/5/2024 20:08:12,22.00,6174.53,4.09,10,9,0,11,0,840,0,Free
12/5/2024 20:08:18,22.00,6175.14,4.08,10,9,0,11,0,841,0,Free
12/5/2024 20:08:34,22.00,6176.32,4.08,10,9,0,11,0,842,0,Free
12/5/2024 20:08:39,22.00,6176.93,4.08,10,9,0,11,0,843,0,Free
12/5/2024 20:08:40,22.00,6177.55,4.09,10,9,0,11,0,844,0,Free
12/5/2024 20:08:40,22.00,6178.17,4.08,10,9,0,11,0,845,0,Free
12/5/2024 20:08:43,22.00,6178.78,4.08,10,9,0,11,0,846,0,Free
12/5/2024 20:08:46,22.00,6179.40,4.08,10,9,0,11,0,847,0,Free
12/5/2024 20:08:51,22.00,6180.01,4.08,10,9,0,11,0,848,0,Free
12/5/2024 20:08:52,22.00,6180.63,4.08,10,9,0,11,0,849,0,Free
12/5/2024 20:08:55,22.00,6181.25,4.08,10,9,0,11,0,850,0,Free
12/5/2024 20:08:58,22.00,6181.86,4.09,10,9,0,11,0,851,0,Free
12/5/2024 20:09:00,22.00,6182.48,4.08,10,9,0,11,0,852,0,Free
12/5/2024 20:09:03,22.00,6183.09,4.09,10,9,0,11,0,853,0,Free
12/5/2024 20:09:05,22.00,6183.71,4.09,10,9,0,11,0,854,0,Free
12/5/2024 20:09:08,22.00,6184.32,4.08,10,9,0,11,0,855,0,Free
12/5/2024 20:09:12,22.00,6184.94,4.08,10,9,0,11,0,856,0,Free
12/5/2024 20:09:14,22.00,6185.56,4.08,10,9,0,11,0,857,0,Free
12/5/2024 20:09:20,22.00,6186.17,4.08,10,9,0,11,0,858,0,Free
12/5/2024 20:09:21,22.00,6186.79,4.08,10,9,0,11,0,859,0,Free
12/5/2024 20:09:22,22.00,6187.40,4.08,10,9,0,11,0,860,0,Free
12/5/2024 20:09:41,22.00,6188.85,4.09,10,9,0,11,0,861,0,Free
12/5/2024 20:09:42,22.00,6189.47,4.08,10,9,0,11,0,862,0,Free
12/5/2024 20:09:49,22.00,6190.09,4.08,10,9,0,11,0,863,0,Free
12/5/2024 20:10:00,22.00,6190.99,4.08,10,9,0,11,0,864,0,Free
12/5/2024 20:10:03,22.00,6191.60,4.09,10,9,0,11,0,865,0,Free
12/5/2024 20:10:11,22.00,6192.50,4.07,10,9,0,11,0,866,0,Free
12/5/2024 20:10:13,22.00,6193.11,4.08,10,9,0,11,0,867,0,Free
12/5/2024 20:10:16,22.00,6193.73,4.08,10,9,0,11,0,868,0,Free
12/5/2024 20:10:19,22.00,6194.35,4.08,10,9,0,11,0,869,0,Free
12/5/2024 20:10:23,22.00,6194.96,4.08,10,9,0,11,0,870,0,Free
12/5/2024 20:10:28,22.00,6195.58,4.09,10,9,0,11,0,871,0,Free
12/5/2024 20:10:29,22.00,6196.19,4.08,10,9,0,11,0,872,0,Free
12/5/2024 20:10:33,22.00,6196.81,4.09,10,9,0,11,0,873,0,Free
12/5/2024 20:10:39,22.00,6197.70,4.08,10,9,0,11,0,874,0,Free
12/5/2024 20:10:44,22.00,6198.32,4.08,10,9,0,11,0,875,0,Free
12/5/2024 20:10:46,22.00,6198.93,4.07,10,9,0,11,0,876,0,Free
12/5/2024 20:10:56,22.00,6199.83,4.09,10,9,0,11,0,877,0,Free
12/5/2024 20:10:57,22.00,6200.45,4.08,10,9,0,11,0,878,0,Free
12/5/2024 20:11:01,22.00,6201.06,4.08,10,9,0,11,0,879,0,Free
12/5/2024 20:11:02,22.00,6201.68,4.08,10,9,0,11,0,880,0,Free
12/5/2024 20:11:03,22.00,6202.29,4.09,10,9,0,11,0,881,0,Free
12/5/2024 20:11:04,22.00,6202.91,4.08,10,9,0,11,0,882,0,Free
12/5/2024 20:11:12,22.00,6203.80,4.08,10,9,0,11,0,883,0,Free
12/5/2024 20:11:18,22.00,6204.42,4.08,10,9,0,11,0,884,0,Free
12/5/2024 20:11:20,22.00,6205.03,4.08,10,9,0,11,0,885,0,Free
12/5/2024 20:11:24,22.00,6205.65,4.08,10,9,0,11,0,886,0,Free
12/5/2024 20:11:30,22.00,6206.27,4.08,10,9,0,11,0,887,0,Free
12/5/2024 20:11:33,22.00,6206.88,4.09,10,9,0,11,0,888,0,Free
12/5/2024 20:11:40,22.00,6207.78,4.08,10,9,0,11,0,889,0,Free
12/5/2024 20:11:47,22.00,6208.67,4.08,10,9,0,11,0,890,0,Free
12/5/2024 20:11:49,22.00,6209.29,4.08,10,9,0,11,0,891,0,Free
12/5/2024 20:11:52,22.00,6209.91,4.09,10,9,0,11,0,892,0,Free
12/5/2024 20:11:53,22.00,6210.52,4.09,10,9,0,11,0,893,0,Free
12/5/2024 20:11:56,22.00,6211.14,4.08,10,9,0,11,0,894,0,Free
12/5/2024 20:12:04,22.00,6212.03,4.09,10,9,0,11,0,895,0,Free
12/5/2024 20:12:05,22.00,6212.65,4.08,10,9,0,11,0,896,0,Free
12/5/2024 20:12:10,22.00,6213.27,4.08,10,9,0,11,0,897,0,Free
12/5/2024 20:12:11,22.00,6213.88,4.08,10,9,0,11,0,898,0,Free
12/5/2024 20:12:12,22.00,6214.50,4.08,10,9,0,11,0,899,0,Free
12/5/2024 20:12:12,22.00,6215.11,4.08,10,9,0,11,0,900,0,Free
12/5/2024 20:12:19,22.00,6216.01,4.08,10,9,0,11,0,901,0,Free
12/5/2024 20:12:20,22.00,6216.62,4.08,10,9,0,11,0,902,0,Free
12/5/2024 20:12:39,22.00,6218.08,4.08,10,9,0,11,0,903,0,Free
12/5/2024 20:12:42,22.00,6218.69,4.09,10,9,0,11,0,904,0,Free
12/5/2024 20:12:42,22.00,6219.31,4.08,10,9,0,11,0,905,0,Free
12/5/2024 20:12:52,22.00,6220.20,4.09,10,9,0,11,0,906,0,Free
12/5/2024 20:12:53,22.00,6220.81,4.08,10,9,0,11,0,907,0,Free
12/5/2024 20:12:58,22.00,6221.43,4.09,10,9,0,11,0,908,0,Free
12/5/2024 20:13:01,22.00,6222.05,4.09,10,9,0,11,0,909,0,Free
12/5/2024 20:13:06,22.00,6222.66,4.08,10,9,0,11,0,910,0,Free
12/5/2024 20:13:10,22.00,6223.28,4.08,10,9,0,11,0,911,0,Free
12/5/2024 20:13:11,22.00,6223.90,4.08,10,9,0,11,0,912,0,Free
12/5/2024 20:13:14,22.00,6224.51,4.08,10,9,0,11,0,913,0,Free
12/5/2024 20:13:16,22.00,6225.13,4.08,10,9,0,11,0,914,0,Free
12/5/2024 20:14:09,22.00,6238.40,4.08,10,9,0,11,0,914,0,Free
12/5/2024 20:25:45,22.00,6271.34,4.08,10,9,0,11,0,915,0,Free
12/5/2024 20:26:00,22.00,6272.51,4.09,10,9,0,11,0,916,0,Free
12/5/2024 20:26:01,22.00,6273.13,4.08,10,9,0,11,0,917,0,Free
12/5/2024 20:26:05,22.00,6273.75,4.08,10,9,0,11,0,918,0,Free
12/5/2024 20:26:06,22.00,6274.36,4.08,10,9,0,11,0,919,0,Free
12/5/2024 20:26:15,22.00,6275.26,4.08,10,9,0,11,0,920,0,Free
12/5/2024 20:28:21,22.00,6281.45,4.09,10,9,0,11,0,921,0,Free
12/5/2024 20:28:32,22.00,6282.35,4.08,10,9,0,11,0,922,0,Free
12/5/2024 20:31:56,22.00,6302.59,4.08,10,9,0,11,0,922,0,Free
12/5/2024 20:32:47,22.00,6305.43,4.09,10,9,0,11,0,923,0,Free
12/5/2024 20:32:48,22.00,6306.05,4.08,10,9,0,11,0,924,0,Free
12/5/2024 20:32:49,22.00,6306.66,4.08,10,9,0,11,0,925,0,Free
12/5/2024 20:32:50,22.00,6307.28,4.08,10,9,0,11,0,926,0,Free
12/5/2024 20:32:50,22.00,6307.90,4.09,10,9,0,11,0,927,0,Free
12/5/2024 20:32:52,22.00,6308.51,4.08,10,9,0,11,0,928,0,Free
12/5/2024 20:33:23,22.00,6310.52,4.08,10,9,0,11,0,929,0,Free
12/5/2024 20:33:25,22.00,6311.14,4.08,10,9,0,11,0,930,0,Free
12/5/2024 20:33:33,22.00,6312.03,4.08,10,9,0,11,0,931,0,Free
12/5/2024 20:33:35,22.00,6312.65,4.08,10,9,0,11,0,932,0,Free
12/5/2024 20:33:37,22.00,6313.26,4.08,10,9,0,11,0,933,0,Free
12/5/2024 20:33:43,22.00,6313.88,4.08,10,9,0,11,0,934,0,Free
12/5/2024 20:33:57,22.00,6315.05,4.09,10,9,0,11,0,935,0,Free
12/5/2024 20:34:11,22.00,6316.23,4.08,10,9,0,11,0,936,0,Free
12/5/2024 20:34:13,22.00,6316.84,4.08,10,9,0,11,0,937,0,Free
12/5/2024 20:34:16,22.00,6317.46,4.08,10,9,0,11,0,938,0,Free
12/5/2024 20:34:17,22.00,6318.07,4.09,10,9,0,11,0,939,0,Free
12/5/2024 20:34:30,22.00,6319.24,4.08,10,9,0,11,0,940,0,Free
12/5/2024 20:34:31,22.00,6319.86,4.08,10,9,0,11,0,941,0,Free
12/5/2024 20:34:33,22.00,6320.48,4.08,10,9,0,11,0,942,0,Free
12/5/2024 20:34:34,22.00,6321.10,4.08,10,9,0,11,0,943,0,Free
12/5/2024 20:34:44,22.00,6321.99,4.09,10,9,0,11,0,944,0,Free
12/5/2024 20:34:46,22.00,6322.61,4.08,10,9,0,11,0,945,0,Free
12/5/2024 20:34:52,22.00,6323.22,4.09,10,9,0,11,0,946,0,Free
12/5/2024 20:34:53,22.00,6323.84,4.08,10,9,0,11,0,947,0,Free
12/5/2024 20:34:56,22.00,6324.46,4.09,10,9,0,11,0,948,0,Free
12/5/2024 20:34:57,22.00,6325.07,4.08,10,9,0,11,0,949,0,Free
12/5/2024 20:35:13,22.00,6326.25,4.08,10,9,0,11,0,950,0,Free
12/5/2024 20:35:20,22.00,6327.15,4.08,10,9,0,11,0,951,0,Free
12/5/2024 20:35:28,22.00,6328.04,4.09,10,9,0,11,0,952,0,Free
12/5/2024 20:35:30,22.00,6328.65,4.08,10,9,0,11,0,953,0,Free
12/5/2024 20:35:34,22.00,6329.27,4.08,10,9,0,11,0,954,0,Free
12/5/2024 20:35:36,22.00,6329.89,4.09,10,9,0,11,0,955,0,Free
12/5/2024 20:35:37,22.00,6330.50,4.08,10,9,0,11,0,956,0,Free
12/5/2024 20:35:38,22.00,6331.12,4.08,10,9,0,11,0,957,0,Free
12/5/2024 20:35:39,22.00,6331.73,4.08,10,9,0,11,0,958,0,Free
12/5/2024 20:35:41,22.00,6332.35,4.08,10,9,0,11,0,959,0,Free
12/5/2024 20:35:42,22.00,6332.97,4.08,10,9,0,11,0,960,0,Free
12/5/2024 20:35:43,22.00,6333.58,4.08,10,9,0,11,0,961,0,Free
12/5/2024 20:35:45,22.00,6334.20,4.08,10,9,0,11,0,962,0,Free
12/5/2024 20:35:56,22.00,6335.09,4.08,10,9,0,11,0,963,0,Free
12/5/2024 20:35:59,22.00,6335.71,4.08,10,9,0,11,0,964,0,Free
12/5/2024 20:36:04,22.00,6336.32,4.08,10,9,0,11,0,965,0,Free
12/5/2024 20:36:12,22.00,6337.22,4.08,10,9,0,11,0,966,0,Free
12/5/2024 20:36:13,22.00,6337.84,4.08,10,9,0,11,0,967,0,Free
12/5/2024 20:36:22,22.00,6338.73,4.08,10,9,0,11,0,968,0,Free
12/5/2024 20:36:22,22.00,6339.35,4.08,10,9,0,11,0,969,0,Free
12/5/2024 20:39:50,22.00,6349.44,4.08,10,9,0,11,0,970,0,Free
12/5/2024 20:47:02,22.00,6380.27,4.08,10,9,0,11,0,970,0,Free
12/5/2024 20:47:39,22.00,6382.56,4.09,10,9,0,11,0,971,0,Free
12/5/2024 20:47:40,22.00,6383.17,4.08,10,9,0,11,0,972,0,Free
12/5/2024 20:47:43,22.00,6383.79,4.08,10,9,0,11,0,973,0,Free
12/5/2024 20:47:44,22.00,6384.40,4.08,10,9,0,11,0,974,0,Free
12/5/2024 20:47:47,22.00,6385.02,4.08,10,9,0,11,0,975,0,Free
12/5/2024 20:47:50,22.00,6385.64,4.08,10,9,0,11,0,976,0,Free
12/5/2024 20:47:59,22.00,6386.53,4.08,10,9,0,11,0,977,0,Free
12/5/2024 20:48:00,22.00,6387.14,4.08,10,9,0,11,0,978,0,Free
12/5/2024 20:48:01,22.00,6387.76,4.08,10,9,0,11,0,979,0,Free
12/5/2024 20:48:03,22.00,6388.38,4.08,10,9,0,11,0,980,0,Free
12/5/2024 20:48:12,22.00,6389.27,4.08,10,9,0,11,0,981,0,Free
12/5/2024 20:48:13,22.00,6389.89,4.08,10,9,0,11,0,982,0,Free
12/5/2024 20:48:35,22.00,6391.34,4.08,10,9,0,11,0,983,0,Free
12/5/2024 20:48:50,22.00,6392.51,4.08,10,9,0,11,0,984,0,Free
12/5/2024 20:48:57,22.00,6393.13,4.08,10,9,0,11,0,985,0,Free
12/5/2024 20:49:10,22.00,6394.30,4.08,10,9,0,11,0,986,0,Free
12/5/2024 20:49:12,22.00,6394.91,4.08,10,9,0,11,0,987,0,Free
12/5/2024 20:49:17,22.00,6395.53,4.08,10,9,0,11,0,988,0,Free
12/5/2024 20:49:34,22.00,6396.70,4.08,10,9,0,11,0,989,0,Free
12/5/2024 20:50:13,22.00,6398.99,4.08,10,9,0,11,0,990,0,Free
12/5/2024 20:50:13,22.00,6399.61,4.08,10,9,0,11,0,991,0,Free
12/5/2024 20:50:27,22.00,6400.78,4.09,10,9,0,11,0,992,0,Free
12/5/2024 20:50:32,22.00,6401.40,4.08,10,9,0,11,0,993,0,Free
12/5/2024 20:50:39,22.00,6402.29,4.08,10,9,0,11,0,994,0,Free
12/5/2024 20:50:41,22.00,6402.91,4.08,10,9,0,11,0,995,0,Free
12/5/2024 20:50:44,22.00,6403.53,4.08,10,9,0,11,0,996,0,Free
12/5/2024 20:50:46,22.00,6404.14,4.08,10,9,0,11,0,997,0,Free
12/5/2024 21:03:40,22.00,6450.85,4.08,10,9,0,11,0,997,0,Free
12/5/2024 21:21:51,22.00,6512.33,4.08,10,9,0,11,0,997,0,Free
12/5/2024 21:40:02,22.00,6573.80,4.08,10,9,0,11,0,997,0,Free
12/5/2024 21:58:13,22.00,6635.27,4.08,10,9,0,11,0,997,0,Free
12/5/2024 22:16:24,22.00,6696.75,4.07,10,9,0,11,0,997,0,Free
12/5/2024 22:34:35,22.00,6758.22,4.07,10,9,0,11,0,997,0,Free
12/5/2024 22:52:46,22.00,6819.69,4.08,10,9,0,11,0,997,0,Free
12/5/2024 22:54:37,22.00,6825.50,4.07,10,9,0,12,184,997,0,Free
12/5/2024 22:55:18,22.00,6827.79,4.08,10,9,0,12,0,998,0,Free
12/5/2024 22:55:19,22.00,6828.41,4.07,10,9,0,12,0,999,0,Free
12/5/2024 23:10:49,22.00,6882.36,4.07,10,9,0,12,0,999,0,Free
12/5/2024 23:18:35,22.00,6904.43,4.07,10,9,0,12,0,1000,0,Free
12/5/2024 23:20:43,22.00,6910.92,4.08,10,9,0,12,0,1001,0,Free
12/5/2024 23:25:15,22.00,6924.10,4.07,10,9,0,12,0,1002,0,Free
12/5/2024 23:25:16,22.00,6924.72,4.08,10,9,0,12,0,1003,0,Free
12/5/2024 23:26:15,22.00,6927.85,4.07,10,9,0,12,0,1004,0,Free
12/5/2024 23:26:44,22.00,6929.59,4.07,10,9,0,12,0,1005,0,Free
12/5/2024 23:26:45,22.00,6930.20,4.07,10,9,0,12,0,1006,0,Free
12/5/2024 23:26:46,22.00,6930.82,4.07,10,9,0,12,0,1007,0,Free
12/5/2024 23:26:48,22.00,6931.43,4.07,10,9,0,12,0,1008,0,Free
12/5/2024 23:26:57,22.00,6932.33,4.07,10,9,0,12,0,1009,0,Free
12/5/2024 23:26:59,22.00,6932.94,4.07,10,9,0,12,0,1010,0,Free
12/5/2024 23:27:05,22.00,6933.56,4.07,10,9,0,12,0,1011,0,Free
12/5/2024 23:27:10,22.00,6934.18,4.07,10,9,0,12,0,1012,0,Free
12/5/2024 23:27:28,22.00,6935.35,4.07,10,9,0,12,0,1013,0,Free
12/5/2024 23:28:22,22.00,6948.64,4.07,10,9,0,12,0,1013,0,Free
12/5/2024 23:31:58,22.00,6959.31,4.07,10,9,0,12,0,1014,0,Free
12/5/2024 23:32:02,22.00,6959.92,4.08,10,9,0,12,0,1015,0,Free
12/5/2024 23:32:03,22.00,6960.54,4.07,10,9,0,12,0,1016,0,Free
12/5/2024 23:32:03,22.00,6961.15,4.07,10,9,0,12,0,1017,0,Free
12/5/2024 23:32:56,22.00,6964.00,4.07,10,9,0,12,0,1018,0,Free
12/5/2024 23:36:25,22.00,6974.12,4.07,10,9,0,12,0,1019,0,Free
12/5/2024 23:40:35,22.00,6986.19,4.07,10,9,0,12,0,1020,0,Free
12/5/2024 23:42:40,22.00,6992.40,4.08,10,9,0,12,0,1021,0,Free
12/5/2024 23:46:09,22.00,7012.95,4.07,10,9,0,12,0,1021,0,Free
12/5/2024 23:46:17,22.00,7013.84,4.07,10,9,0,12,0,1022,0,Free
12/5/2024 23:58:03,22.00,7047.16,4.07,10,9,0,12,0,1023,0,Free
12/5/2024 23:59:18,22.00,7051.14,4.07,10,9,0,12,0,1024,0,Free
12/6/2024 0:03:49,22.00,7064.33,4.07,10,9,0,12,0,1025,0,Free
12/6/2024 0:03:50,22.00,7064.95,4.07,10,9,0,12,0,1026,0,Free
12/6/2024 0:04:02,22.00,7076.27,4.07,10,9,0,12,0,1026,0,Free
12/6/2024 0:04:21,22.00,7077.73,4.07,10,9,0,12,0,1027,0,Free
12/6/2024 0:04:26,22.00,7078.35,4.07,10,9,0,12,0,1028,0,Free
12/6/2024 0:04:27,22.00,7078.96,4.07,10,9,0,12,0,1029,0,Free
12/6/2024 0:04:30,22.00,7079.58,4.07,10,9,0,12,0,1030,0,Free
12/6/2024 0:04:31,22.00,7080.19,4.07,10,9,0,12,0,1031,0,Free
12/6/2024 0:04:34,22.00,7080.81,4.08,10,9,0,12,0,1032,0,Free
12/6/2024 0:04:35,22.00,7081.43,4.07,10,9,0,12,0,1033,0,Free
12/6/2024 0:04:36,22.00,7082.04,4.07,10,9,0,12,0,1034,0,Free
12/6/2024 0:04:39,22.00,7082.66,4.07,10,9,0,12,0,1035,0,Free
12/6/2024 0:04:55,22.00,7083.84,4.07,10,9,0,12,0,1036,0,Free
12/6/2024 0:04:57,22.00,7084.46,4.07,10,9,0,12,0,1037,0,Free
12/6/2024 0:04:58,22.00,7085.07,4.07,10,9,0,12,0,1038,0,Free
12/6/2024 0:05:00,22.00,7085.69,4.07,10,9,0,12,0,1039,0,Free
12/6/2024 0:05:14,22.00,7086.86,4.07,10,9,0,12,0,1040,0,Free
12/6/2024 0:05:17,22.00,7087.48,4.07,10,9,0,12,0,1041,0,Free
12/6/2024 0:05:21,22.00,7088.10,4.07,10,9,0,12,0,1042,0,Free
12/6/2024 0:05:23,22.00,7088.71,4.07,10,9,0,12,0,1043,0,Free
12/6/2024 0:05:26,22.00,7089.33,4.07,10,9,0,12,0,1044,0,Free
12/6/2024 0:05:28,22.00,7089.94,4.07,10,9,0,12,0,1045,0,Free
12/6/2024 0:05:31,22.00,7090.56,4.07,10,9,0,12,0,1046,0,Free
12/6/2024 0:05:32,22.00,7091.18,4.07,10,9,0,12,0,1047,0,Free
12/6/2024 0:05:34,22.00,7091.79,4.07,10,9,0,12,0,1048,0,Free
12/6/2024 0:05:35,22.00,7092.41,4.07,10,9,0,12,0,1049,0,Free
12/6/2024 0:05:40,22.00,7093.02,4.07,10,9,0,12,0,1050,0,Free
12/6/2024 0:05:47,22.00,7093.92,4.07,10,9,0,12,0,1051,0,Free
12/6/2024 0:05:48,22.00,7094.53,4.08,10,9,0,12,0,1052,0,Free
12/6/2024 0:05:49,22.00,7095.15,4.07,10,9,0,12,0,1053,0,Free
12/6/2024 0:05:55,22.00,7095.77,4.07,10,9,0,12,0,1054,0,Free
12/6/2024 0:05:56,22.00,7096.38,4.07,10,9,0,12,0,1055,0,Free
12/6/2024 0:05:57,22.00,7097.00,4.07,10,9,0,12,0,1056,0,Free
12/6/2024 0:05:58,22.00,7097.61,4.07,10,9,0,12,0,1057,0,Free
12/6/2024 0:05:59,22.00,7098.23,4.07,10,9,0,12,0,1058,0,Free
12/6/2024 0:06:04,22.00,7098.85,4.07,10,9,0,12,0,1059,0,Free
12/6/2024 0:06:08,22.00,7099.46,4.07,10,9,0,12,0,1060,0,Free
12/6/2024 0:06:09,22.00,7100.08,4.07,10,9,0,12,0,1061,0,Free
12/6/2024 0:06:10,22.00,7100.69,4.07,10,9,0,12,0,1062,0,Free
12/6/2024 0:06:29,22.00,7101.87,4.07,10,9,0,12,0,1063,0,Free
12/6/2024 0:14:08,22.00,7123.73,4.07,10,9,0,12,0,1064,0,Free
12/6/2024 0:15:02,22.00,7126.58,4.07,10,9,0,12,0,1065,0,Free
12/6/2024 0:19:56,22.00,7151.04,4.07,10,9,0,12,0,1065,0,Free
12/6/2024 0:27:48,22.00,7173.46,4.07,10,9,0,12,0,1066,0,Free
12/6/2024 0:31:48,22.00,7184.98,4.07,10,9,0,12,0,1067,0,Free
12/6/2024 0:32:00,22.00,7185.88,4.07,10,9,0,12,0,1068,0,Free
12/6/2024 0:32:02,22.00,7186.49,4.07,10,9,0,12,0,1069,0,Free
12/6/2024 0:32:07,22.00,7187.11,4.07,10,9,0,12,0,1070,0,Free
12/6/2024 0:32:10,22.00,7187.73,4.07,10,9,0,12,0,1071,0,Free
12/6/2024 0:32:11,22.00,7188.34,4.07,10,9,0,12,0,1072,0,Free
12/6/2024 0:32:13,22.00,7188.96,4.07,10,9,0,12,0,1073,0,Free
12/6/2024 0:32:14,22.00,7189.57,4.07,10,9,0,12,0,1074,0,Free
12/6/2024 0:32:17,22.00,7190.19,4.07,10,9,0,12,0,1075,0,Free
12/6/2024 0:32:23,22.00,7190.81,4.07,10,9,0,12,0,1076,0,Free
12/6/2024 0:32:27,22.00,7191.42,4.07,10,9,0,12,0,1077,0,Free
12/6/2024 0:32:29,22.00,7192.04,4.07,10,9,0,12,0,1078,0,Free
12/6/2024 0:32:31,22.00,7192.65,4.07,10,9,0,12,0,1079,0,Free
12/6/2024 0:32:33,22.00,7193.27,4.07,10,9,0,12,0,1080,0,Free
12/6/2024 0:32:41,22.00,7194.16,4.07,10,9,0,12,0,1081,0,Free
12/6/2024 0:32:41,22.00,7194.78,4.07,10,9,0,12,0,1082,0,Free
12/6/2024 0:32:42,22.00,7195.40,4.07,10,9,0,12,0,1083,0,Free
12/6/2024 0:32:47,22.00,7196.01,4.07,10,9,0,12,0,1084,0,Free
12/6/2024 0:32:49,22.00,7196.63,4.07,10,9,0,12,0,1085,0,Free
12/6/2024 0:32:52,22.00,7197.25,4.07,10,9,0,12,0,1086,0,Free
12/6/2024 0:32:52,22.00,7197.86,4.07,10,9,0,12,0,1087,0,Free
12/6/2024 0:32:54,22.00,7198.48,4.07,10,9,0,12,0,1088,0,Free
12/6/2024 0:32:56,22.00,7199.09,4.07,10,9,0,12,0,1089,0,Free
12/6/2024 0:32:58,22.00,7199.71,4.07,10,9,0,12,0,1090,0,Free
12/6/2024 0:33:01,22.00,7200.33,4.07,10,9,0,12,0,1091,0,Free
12/6/2024 0:33:05,22.00,7200.95,4.07,10,9,0,12,0,1092,0,Free
12/6/2024 0:33:07,22.00,7201.56,4.07,10,9,0,12,0,1093,0,Free
12/6/2024 0:33:09,22.00,7202.18,4.07,10,9,0,12,0,1094,0,Free
12/6/2024 0:33:11,22.00,7202.80,4.07,10,9,0,12,0,1095,0,Free
12/6/2024 0:33:12,22.00,7203.41,4.07,10,9,0,12,0,1096,0,Free
12/6/2024 0:33:13,22.00,7204.03,4.07,10,9,0,12,0,1097,0,Free
12/6/2024 0:33:16,22.00,7204.64,4.07,10,9,0,12,0,1098,0,Free
12/6/2024 0:33:19,22.00,7205.26,4.07,10,9,0,12,0,1099,0,Free
12/6/2024 0:33:20,22.00,7205.88,4.07,10,9,0,12,0,1100,0,Free
12/6/2024 0:33:21,22.00,7206.49,4.07,10,9,0,12,0,1101,0,Free
12/6/2024 0:33:24,22.00,7207.11,4.07,10,9,0,12,0,1102,0,Free
12/6/2024 0:33:25,22.00,7207.72,4.07,10,9,0,12,0,1103,0,Free
12/6/2024 0:33:26,22.00,7208.34,4.07,10,9,0,12,0,1104,0,Free
12/6/2024 0:33:30,22.00,7208.96,4.07,10,9,0,12,0,1105,0,Free
12/6/2024 0:33:33,22.00,7209.57,4.07,10,9,0,12,0,1106,0,Free
12/6/2024 0:33:35,22.00,7210.19,4.07,10,9,0,12,0,1107,0,Free
12/6/2024 0:33:39,22.00,7210.80,4.07,10,9,0,12,0,1108,0,Free
12/6/2024 0:33:41,22.00,7211.42,4.07,10,9,0,12,0,1109,0,Free
12/6/2024 0:33:41,22.00,7212.04,4.07,10,9,0,12,0,1110,0,Free
12/6/2024 0:34:05,22.00,7213.49,4.07,10,9,0,12,0,1111,0,Free
12/6/2024 0:34:07,22.00,7214.10,4.07,10,9,0,12,0,1112,0,Free
12/6/2024 0:34:07,22.00,7214.72,4.07,10,9,0,12,0,1113,0,Free
12/6/2024 0:34:11,22.00,7215.33,4.07,10,9,0,12,0,1114,0,Free
12/6/2024 0:34:14,22.00,7215.95,4.07,10,9,0,12,0,1115,0,Free
12/6/2024 0:34:16,22.00,7216.56,4.07,10,9,0,12,0,1116,0,Free
12/6/2024 0:34:20,22.00,7217.18,4.07,10,9,0,12,0,1117,0,Free
12/6/2024 0:34:26,22.00,7218.08,4.07,10,9,0,12,0,1118,0,Free
12/6/2024 0:34:29,22.00,7218.70,4.07,10,9,0,12,0,1119,0,Free
12/6/2024 0:34:31,22.00,7219.31,4.07,10,9,0,12,0,1120,0,Free
12/6/2024 0:34:32,22.00,7219.93,4.07,10,9,0,12,0,1121,0,Free
12/6/2024 0:34:37,22.00,7220.55,4.07,10,9,0,12,0,1122,0,Free
12/6/2024 0:34:49,22.00,7231.88,4.07,10,9,0,12,0,1122,0,Free
12/6/2024 0:35:24,22.00,7233.89,4.07,10,9,0,12,0,1123,0,Free
12/6/2024 0:35:28,22.00,7234.50,4.07,10,9,0,12,0,1124,0,Free
12/6/2024 0:35:32,22.00,7235.12,4.07,10,9,0,12,0,1125,0,Free
12/6/2024 0:35:33,22.00,7235.74,4.07,10,9,0,12,0,1126,0,Free
12/6/2024 0:35:44,22.00,7236.63,4.07,10,9,0,12,0,1127,0,Free
12/6/2024 0:35:48,22.00,7237.25,4.07,10,9,0,12,0,1128,0,Free
12/6/2024 0:35:50,22.00,7237.86,4.07,10,9,0,12,0,1129,0,Free
12/6/2024 0:35:51,22.00,7238.48,4.07,10,9,0,12,0,1130,0,Free
12/6/2024 0:35:57,22.00,7239.09,4.07,10,9,0,12,0,1131,0,Free
12/6/2024 0:36:01,22.00,7239.71,4.07,10,9,0,12,0,1132,0,Free
12/6/2024 0:36:02,22.00,7240.33,4.07,10,9,0,12,0,1133,0,Free
12/6/2024 0:36:04,22.00,7240.94,4.07,10,9,0,12,0,1134,0,Free
12/6/2024 0:36:05,22.00,7241.56,4.07,10,9,0,12,0,1135,0,Free
12/6/2024 0:36:09,22.00,7242.18,4.07,10,9,0,12,0,1136,0,Free
12/6/2024 0:36:11,22.00,7242.79,4.07,10,9,0,12,0,1137,0,Free
12/6/2024 0:36:20,22.00,7243.69,4.07,10,9,0,12,0,1138,0,Free
12/6/2024 0:36:21,22.00,7244.30,4.07,10,9,0,12,0,1139,0,Free
12/6/2024 0:36:24,22.00,7244.92,4.07,10,9,0,12,0,1140,0,Free
12/6/2024 0:36:28,22.00,7245.53,4.07,10,9,0,12,0,1141,0,Free
12/6/2024 0:36:29,22.00,7246.15,4.07,10,9,0,12,0,1142,0,Free
12/6/2024 0:36:34,22.00,7246.77,4.07,10,9,0,12,0,1143,0,Free
12/6/2024 0:36:35,22.00,7247.39,4.07,10,9,0,12,0,1144,0,Free
12/6/2024 0:36:40,22.25,7248.00,4.07,10,9,0,12,0,1145,0,Free
12/6/2024 0:36:42,22.25,7248.62,4.07,10,9,0,12,0,1146,0,Free
12/6/2024 0:36:42,22.25,7249.23,4.07,10,9,0,12,0,1147,0,Free
12/6/2024 0:36:44,22.25,7249.85,4.07,10,9,0,12,0,1148,0,Free
12/6/2024 0:36:46,22.25,7250.47,4.07,10,9,0,12,0,1149,0,Free
12/6/2024 0:36:47,22.25,7251.09,4.07,10,9,0,12,0,1150,0,Free
12/6/2024 0:36:52,22.25,7251.70,4.07,10,9,0,12,0,1151,0,Free
12/6/2024 0:36:53,22.25,7252.32,4.07,10,9,0,12,0,1152,0,Free
12/6/2024 0:36:54,22.25,7252.93,4.07,10,9,0,12,0,1153,0,Free
12/6/2024 0:37:00,22.25,7253.55,4.07,10,9,0,12,0,1154,0,Free
12/6/2024 0:37:01,22.25,7254.16,4.07,10,9,0,12,0,1155,0,Free
12/6/2024 0:37:03,22.25,7254.78,4.07,10,9,0,12,0,1156,0,Free
12/6/2024 0:37:04,22.25,7255.39,4.07,10,9,0,12,0,1157,0,Free
12/6/2024 0:37:05,22.25,7256.01,4.07,10,9,0,12,0,1158,0,Free
12/6/2024 0:37:06,22.25,7256.63,4.07,10,9,0,12,0,1159,0,Free
12/6/2024 0:37:07,22.25,7257.24,4.07,10,9,0,12,0,1160,0,Free
12/6/2024 0:37:13,22.25,7257.86,4.07,10,9,0,12,0,1161,0,Free
12/6/2024 0:37:15,22.25,7258.48,4.07,10,9,0,12,0,1162,0,Free
12/6/2024 0:37:17,22.25,7259.09,4.07,10,9,0,12,0,1163,0,Free
12/6/2024 0:37:19,22.25,7259.71,4.07,10,9,0,12,0,1164,0,Free
12/6/2024 0:37:27,22.25,7260.60,4.07,10,9,0,12,0,1165,0,Free
12/6/2024 0:37:30,22.25,7261.22,4.07,10,9,0,12,0,1166,0,Free
12/6/2024 0:37:31,22.25,7261.84,4.07,10,9,0,12,0,1167,0,Free
12/6/2024 0:37:33,22.25,7262.45,4.07,10,9,0,12,0,1168,0,Free
12/6/2024 0:37:35,22.25,7263.07,4.07,10,9,0,12,0,1169,0,Free
12/6/2024 0:37:38,22.25,7263.68,4.07,10,9,0,12,0,1170,0,Free
12/6/2024 0:37:40,22.25,7264.30,4.07,10,9,0,12,0,1171,0,Free
12/6/2024 0:37:42,22.25,7264.92,4.07,10,9,0,12,0,1172,0,Free
12/6/2024 0:37:43,22.25,7265.53,4.07,10,9,0,12,0,1173,0,Free
12/6/2024 0:37:50,22.25,7266.43,4.07,10,9,0,12,0,1174,0,Free
12/6/2024 0:37:55,22.25,7267.05,4.07,10,9,0,12,0,1175,0,Free
12/6/2024 0:37:57,22.25,7267.66,4.07,10,9,0,12,0,1176,0,Free
12/6/2024 0:37:58,22.25,7268.28,4.07,10,9,0,12,0,1177,0,Free
12/6/2024 0:38:30,22.25,7270.29,4.07,10,9,0,12,0,1178,0,Free
12/6/2024 0:38:37,22.25,7270.90,4.07,10,9,0,12,0,1179,0,Free
12/6/2024 0:38:39,22.25,7271.52,4.07,10,9,0,12,0,1180,0,Free
12/6/2024 0:38:47,22.25,7272.41,4.07,10,9,0,12,0,1181,0,Free
12/6/2024 0:38:50,22.25,7273.03,4.07,10,9,0,12,0,1182,0,Free
12/6/2024 0:38:54,22.25,7273.65,4.07,10,9,0,12,0,1183,0,Free
12/6/2024 0:38:58,22.25,7274.26,4.07,10,9,0,12,0,1184,0,Free
12/6/2024 0:39:00,22.25,7274.88,4.07,10,9,0,12,0,1185,0,Free
12/6/2024 0:39:05,22.25,7275.50,4.07,10,9,0,12,0,1186,0,Free
12/6/2024 0:39:07,22.25,7276.11,4.07,10,9,0,12,0,1187,0,Free
12/6/2024 0:39:09,22.25,7276.73,4.07,10,9,0,12,0,1188,0,Free
12/6/2024 0:39:12,22.25,7277.34,4.07,10,9,0,12,0,1189,0,Free
12/6/2024 0:39:13,22.25,7277.96,4.07,10,9,0,12,0,1190,0,Free
12/6/2024 0:39:18,22.25,7278.57,4.07,10,9,0,12,0,1191,0,Free
12/6/2024 0:39:20,22.25,7279.19,4.07,10,9,0,12,0,1192,0,Free
12/6/2024 0:39:25,22.25,7279.81,4.07,10,9,0,12,0,1193,0,Free
12/6/2024 0:39:28,22.25,7280.42,4.07,10,9,0,12,0,1194,0,Free
12/6/2024 0:39:31,22.25,7281.04,4.07,10,9,0,12,0,1195,0,Free
12/6/2024 0:39:37,22.25,7281.93,4.07,10,9,0,12,0,1196,0,Free
12/6/2024 0:39:40,22.25,7282.55,4.07,10,9,0,12,0,1197,0,Free
12/6/2024 0:39:54,22.25,7283.73,4.07,10,9,0,12,0,1198,0,Free
12/6/2024 0:39:59,22.25,7284.35,4.07,10,9,0,12,0,1199,0,Free
12/6/2024 0:40:15,22.25,7285.52,4.07,10,9,0,12,0,1200,0,Free
12/6/2024 0:40:17,22.25,7286.14,4.07,10,9,0,12,0,1201,0,Free
12/6/2024 0:40:21,22.25,7286.75,4.07,10,9,0,12,0,1202,0,Free
12/6/2024 0:40:23,22.25,7287.37,4.07,10,9,0,12,0,1203,0,Free
12/6/2024 0:40:24,22.25,7287.98,4.07,10,9,0,12,0,1204,0,Free
12/6/2024 0:40:25,22.25,7288.60,4.07,10,9,0,12,0,1205,0,Free
12/6/2024 0:40:31,22.25,7289.49,4.07,10,9,0,12,0,1206,0,Free
12/6/2024 0:40:32,22.25,7290.11,4.07,10,9,0,12,0,1207,0,Free
12/6/2024 0:40:39,22.25,7291.01,4.07,10,9,0,12,0,1208,0,Free
12/6/2024 0:40:41,22.25,7291.62,4.07,10,9,0,12,0,1209,0,Free
12/6/2024 0:40:53,22.25,7292.52,4.07,10,9,0,12,0,1210,0,Free
12/6/2024 0:40:57,22.25,7293.13,4.07,10,9,0,12,0,1211,0,Free
12/6/2024 0:40:59,22.25,7293.75,4.07,10,9,0,12,0,1212,0,Free
12/6/2024 0:41:00,22.25,7294.36,4.07,10,9,0,12,0,1213,0,Free
12/6/2024 0:41:02,22.25,7294.98,4.07,10,9,0,12,0,1214,0,Free
12/6/2024 0:41:03,22.25,7295.60,4.07,10,9,0,12,0,1215,0,Free
12/6/2024 0:41:06,22.25,7296.22,4.07,10,9,0,12,0,1216,0,Free
12/6/2024 0:47:36,22.00,7325.13,4.07,10,9,0,12,0,1216,0,Free
12/6/2024 0:55:22,22.00,7347.26,4.07,10,9,0,12,0,1217,0,Free
12/6/2024 1:00:06,22.00,7361.00,4.07,10,9,0,12,0,1218,0,Free
12/6/2024 1:00:21,22.00,7362.18,4.07,10,9,0,12,0,1219,0,Free
12/6/2024 1:00:22,22.00,7362.79,4.07,10,9,0,12,0,1220,0,Free
12/6/2024 1:00:32,22.00,7363.69,4.07,10,9,0,12,0,1221,0,Free
12/6/2024 1:00:32,22.00,7364.30,4.07,10,9,0,12,0,1222,0,Free
12/6/2024 1:00:39,22.00,7365.20,4.07,10,9,0,12,0,1223,0,Free
12/6/2024 1:00:42,22.00,7365.82,4.07,10,9,0,12,0,1224,0,Free
12/6/2024 1:00:44,22.00,7366.44,4.07,10,9,0,12,0,1225,0,Free
12/6/2024 1:00:47,22.00,7367.06,4.07,10,9,0,12,0,1226,0,Free
12/6/2024 1:00:48,22.00,7367.67,4.07,10,9,0,12,0,1227,0,Free
12/6/2024 1:00:51,22.00,7368.29,4.07,10,9,0,12,0,1228,0,Free
12/6/2024 1:00:52,22.00,7368.90,4.07,10,9,0,12,0,1229,0,Free
12/6/2024 1:00:53,22.00,7369.52,4.07,10,9,0,12,0,1230,0,Free
12/6/2024 1:01:10,22.00,7370.70,4.07,10,9,0,12,0,1231,0,Free
12/6/2024 1:01:11,22.00,7371.31,4.07,10,9,0,12,0,1232,0,Free
12/6/2024 1:01:13,22.00,7371.93,4.07,10,9,0,12,0,1233,0,Free
12/6/2024 1:01:13,22.00,7372.54,4.07,10,9,0,12,0,1234,0,Free
12/6/2024 1:01:17,22.00,7373.16,4.07,10,9,0,12,0,1235,0,Free
12/6/2024 1:01:18,22.00,7373.77,4.07,10,9,0,12,0,1236,0,Free
12/6/2024 1:01:21,22.00,7374.39,4.07,10,9,0,12,0,1237,0,Free
12/6/2024 1:01:24,22.00,7375.01,4.07,10,9,0,12,0,1238,0,Free
12/6/2024 1:01:50,22.00,7376.73,4.07,10,9,0,12,0,1239,0,Free
12/6/2024 1:01:52,22.00,7377.35,4.07,10,9,0,12,0,1240,0,Free
12/6/2024 1:01:56,22.00,7377.97,4.07,10,9,0,12,0,1241,0,Free
12/6/2024 1:01:57,22.00,7378.59,4.07,10,9,0,12,0,1242,0,Free
12/6/2024 1:02:00,22.00,7379.20,4.07,10,9,0,12,0,1243,0,Free
12/6/2024 1:02:01,22.00,7379.82,4.07,10,9,0,12,0,1244,0,Free
12/6/2024 1:02:02,22.00,7380.43,4.07,10,9,0,12,0,1245,0,Free
12/6/2024 1:02:03,22.00,7381.05,4.07,10,9,0,12,0,1246,0,Free
12/6/2024 1:02:04,22.00,7381.66,4.07,10,9,0,12,0,1247,0,Free
12/6/2024 1:02:08,22.00,7382.28,4.07,10,9,0,12,0,1248,0,Free
12/6/2024 1:02:10,22.00,7382.90,4.07,10,9,0,12,0,1249,0,Free
12/6/2024 1:02:11,22.00,7383.51,4.07,10,9,0,12,0,1250,0,Free
12/6/2024 1:02:13,22.00,7384.14,4.07,10,9,0,12,0,1251,0,Free
12/6/2024 1:02:14,22.00,7384.75,4.07,10,9,0,12,0,1252,0,Free
12/6/2024 1:02:18,22.00,7385.37,4.07,10,9,0,12,0,1253,0,Free
12/6/2024 1:02:22,22.00,7385.98,4.07,10,9,0,12,0,1254,0,Free
12/6/2024 1:02:27,22.00,7386.60,4.07,10,9,0,12,0,1255,0,Free
12/6/2024 1:02:31,22.00,7387.21,4.07,10,9,0,12,0,1256,0,Free
12/6/2024 1:02:35,22.00,7387.83,4.07,10,9,0,12,0,1257,0,Free
12/6/2024 1:02:46,22.00,7388.72,4.07,10,9,0,12,0,1258,0,Free
12/6/2024 1:02:48,22.00,7389.34,4.07,10,9,0,12,0,1259,0,Free
12/6/2024 1:02:51,22.00,7389.95,4.07,10,9,0,12,0,1260,0,Free
12/6/2024 1:02:53,22.00,7390.57,4.07,10,9,0,12,0,1261,0,Free
12/6/2024 1:03:04,22.00,7401.90,4.07,10,9,0,12,0,1261,0,Free
12/6/2024 1:03:40,22.00,7403.91,4.07,10,9,0,12,0,1262,0,Free
12/6/2024 1:08:26,22.00,7417.66,4.07,10,9,0,12,0,1263,0,Free
12/6/2024 1:13:17,22.00,7431.66,4.07,10,9,0,12,0,1264,0,Free
12/6/2024 1:14:34,22.00,7435.62,4.07,10,9,0,12,0,1265,0,Free
12/6/2024 1:16:24,22.00,7441.25,4.07,10,9,0,12,0,1266,0,Free
12/6/2024 1:16:24,22.00,7441.86,4.07,10,9,0,12,0,1267,0,Free
12/6/2024 1:16:43,22.00,7443.31,4.07,10,9,0,12,0,1268,0,Free
12/6/2024 1:16:44,22.00,7443.93,4.07,10,9,0,12,0,1269,0,Free
12/6/2024 1:16:45,22.00,7444.55,4.07,10,9,0,12,0,1270,0,Free
12/6/2024 1:16:48,22.00,7445.16,4.07,10,9,0,12,0,1271,0,Free
12/6/2024 1:16:52,22.00,7445.78,4.07,10,9,0,12,0,1272,0,Free
12/6/2024 1:16:58,22.00,7446.39,4.07,10,9,0,12,0,1273,0,Free
12/6/2024 1:17:00,22.00,7447.01,4.07,10,9,0,12,0,1274,0,Free
12/6/2024 1:17:03,22.00,7447.63,4.07,10,9,0,12,0,1275,0,Free
12/6/2024 1:17:04,22.00,7448.24,4.07,10,9,0,12,0,1276,0,Free
12/6/2024 1:17:06,22.00,7448.86,4.07,10,9,0,12,0,1277,0,Free
12/6/2024 1:17:07,22.00,7449.48,4.07,10,9,0,12,0,1278,0,Free
12/6/2024 1:17:08,22.00,7450.10,4.07,10,9,0,12,0,1279,0,Free
12/6/2024 1:17:09,22.00,7450.71,4.07,10,9,0,12,0,1280,0,Free
12/6/2024 1:17:13,22.00,7451.33,4.07,10,9,0,12,0,1281,0,Free
12/6/2024 1:17:21,22.00,7452.22,4.07,10,9,0,12,0,1282,0,Free
12/6/2024 1:17:28,22.00,7453.12,4.07,10,9,0,12,0,1283,0,Free
12/6/2024 1:17:29,22.00,7453.73,4.07,10,9,0,12,0,1284,0,Free
12/6/2024 1:17:30,22.00,7454.35,4.07,10,9,0,12,0,1285,0,Free
12/6/2024 1:17:55,22.00,7455.80,4.07,10,9,0,12,0,1286,0,Free
12/6/2024 1:18:02,22.00,7456.69,4.07,10,9,0,12,0,1287,0,Free
12/6/2024 1:18:04,22.00,7457.31,4.07,10,9,0,12,0,1288,0,Free
12/6/2024 1:18:06,22.00,7457.93,4.07,10,9,0,12,0,1289,0,Free
12/6/2024 1:18:06,22.00,7458.55,4.07,10,9,0,12,0,1290,0,Free
12/6/2024 1:18:08,22.00,7459.16,4.07,10,9,0,12,0,1291,0,Free
12/6/2024 1:18:10,22.00,7459.77,4.07,10,9,0,12,0,1292,0,Free
12/6/2024 1:18:14,22.00,7460.39,4.07,10,9,0,12,0,1293,0,Free
12/6/2024 1:18:16,22.00,7461.01,4.07,10,9,0,12,0,1294,0,Free
12/6/2024 1:19:16,22.00,7474.56,4.07,10,9,0,12,0,1294,0,Free
12/6/2024 1:37:27,22.00,7536.10,4.07,10,9,0,12,0,1294,0,Free
12/6/2024 1:41:45,22.00,7548.70,4.07,10,9,0,12,0,1295,0,Free
12/6/2024 1:41:46,22.00,7549.32,4.07,10,9,0,12,0,1296,0,Free
12/6/2024 1:41:52,22.00,7549.94,4.07,10,9,0,12,0,1297,0,Free
12/6/2024 1:42:10,22.00,7551.39,4.07,10,9,0,12,0,1298,0,Free
12/6/2024 1:42:12,22.00,7552.00,4.07,10,9,0,12,0,1299,0,Free
12/6/2024 1:42:14,22.00,7552.62,4.07,10,9,0,12,0,1300,0,Free
12/6/2024 1:42:15,22.00,7553.23,4.07,10,9,0,12,0,1301,0,Free
12/6/2024 1:42:24,22.00,7554.13,4.07,10,9,0,12,0,1302,0,Free
12/6/2024 1:42:25,22.00,7554.75,4.07,10,9,0,12,0,1303,0,Free
12/6/2024 1:42:42,22.00,7555.93,4.07,10,9,0,12,0,1304,0,Free
12/6/2024 1:42:42,22.00,7556.54,4.07,10,9,0,12,0,1305,0,Free
12/6/2024 1:42:45,22.00,7557.16,4.07,10,9,0,12,0,1306,0,Free
12/6/2024 1:42:50,22.00,7557.77,4.07,10,9,0,12,0,1307,0,Free
12/6/2024 1:42:51,22.00,7558.39,4.07,10,9,0,12,0,1308,0,Free
12/6/2024 1:42:53,22.00,7559.01,4.07,10,9,0,12,0,1309,0,Free
12/6/2024 1:42:54,22.00,7559.62,4.07,10,9,0,12,0,1310,0,Free
12/6/2024 1:43:02,22.00,7560.52,4.07,10,9,0,12,0,1311,0,Free
12/6/2024 1:43:05,22.00,7561.13,4.07,10,9,0,12,0,1312,0,Free
12/6/2024 1:43:06,22.00,7561.75,4.07,10,9,0,12,0,1313,0,Free
12/6/2024 1:43:13,22.00,7562.64,4.07,10,9,0,12,0,1314,0,Free
12/6/2024 1:43:14,22.00,7563.26,4.07,10,9,0,12,0,1315,0,Free
12/6/2024 1:43:18,22.00,7563.87,4.07,10,9,0,12,0,1316,0,Free
12/6/2024 1:43:20,22.00,7564.49,4.07,10,9,0,12,0,1317,0,Free
12/6/2024 1:43:20,22.00,7565.10,4.07,10,9,0,12,0,1318,0,Free
12/6/2024 1:43:23,22.00,7565.72,4.07,10,9,0,12,0,1319,0,Free
12/6/2024 1:43:27,22.00,7566.34,4.07,10,9,0,12,0,1320,0,Free
12/6/2024 1:43:28,22.00,7566.95,4.07,10,9,0,12,0,1321,0,Free
12/6/2024 1:43:30,22.00,7567.57,4.07,10,9,0,12,0,1322,0,Free
12/6/2024 1:43:31,22.00,7568.19,4.07,10,9,0,12,0,1323,0,Free
12/6/2024 1:43:39,22.00,7569.08,4.07,10,9,0,12,0,1324,0,Free
12/6/2024 1:43:41,22.00,7569.69,4.07,10,9,0,12,0,1325,0,Free
12/6/2024 1:43:46,22.00,7570.31,4.07,10,9,0,12,0,1326,0,Free
12/6/2024 1:43:50,22.00,7570.93,4.07,10,9,0,12,0,1327,0,Free
12/6/2024 1:43:52,22.00,7571.55,4.07,10,9,0,12,0,1328,0,Free
12/6/2024 1:43:54,22.00,7572.16,4.07,10,9,0,12,0,1329,0,Free
12/6/2024 1:43:57,22.00,7572.78,4.07,10,9,0,12,0,1330,0,Free
12/6/2024 1:44:00,22.00,7573.40,4.07,10,9,0,12,0,1331,0,Free
12/6/2024 1:44:14,22.00,7574.57,4.07,10,9,0,12,0,1332,0,Free
12/6/2024 1:44:16,22.00,7575.19,4.07,10,9,0,12,0,1333,0,Free
12/6/2024 1:44:19,22.00,7575.80,4.07,10,9,0,12,0,1334,0,Free
12/6/2024 1:44:24,22.00,7576.42,4.07,10,9,0,12,0,1335,0,Free
12/6/2024 1:44:28,22.00,7577.03,4.07,10,9,0,12,0,1336,0,Free
12/6/2024 1:44:31,22.00,7577.65,4.06,10,9,0,12,0,1337,0,Free
12/6/2024 1:44:32,22.00,7578.27,4.07,10,9,0,12,0,1338,0,Free
12/6/2024 1:44:33,22.00,7578.88,4.07,10,9,0,12,0,1339,0,Free
12/6/2024 1:44:37,22.00,7579.50,4.07,10,9,0,12,0,1340,0,Free
12/6/2024 1:44:41,22.00,7580.11,4.07,10,9,0,12,0,1341,0,Free
12/6/2024 1:52:47,22.00,7613.45,4.07,10,9,0,12,0,1341,0,Free
12/6/2024 1:55:26,22.00,7621.31,4.07,10,9,0,12,0,1342,0,Free
12/6/2024 1:55:27,22.00,7621.93,4.07,10,9,0,12,0,1343,0,Free
12/6/2024 1:55:32,22.00,7622.54,4.07,10,9,0,12,0,1344,0,Free
12/6/2024 1:55:40,22.00,7623.44,4.07,10,9,0,12,0,1345,0,Free
12/6/2024 1:55:42,22.00,7624.05,4.07,10,9,0,12,0,1346,0,Free
12/6/2024 1:55:47,22.00,7624.67,4.07,10,9,0,12,0,1347,0,Free
12/6/2024 1:55:48,22.00,7625.28,4.07,10,9,0,12,0,1348,0,Free
12/6/2024 1:55:50,22.00,7625.90,4.07,10,9,0,12,0,1349,0,Free
12/6/2024 1:55:51,22.00,7626.51,4.07,10,9,0,12,0,1350,0,Free
12/6/2024 1:55:55,22.00,7627.13,4.07,10,9,0,12,0,1351,0,Free
12/6/2024 1:55:56,22.00,7627.75,4.07,10,9,0,12,0,1352,0,Free
12/6/2024 1:55:56,22.00,7628.36,4.07,10,9,0,12,0,1353,0,Free
12/6/2024 1:56:00,22.00,7628.98,4.06,10,9,0,12,0,1354,0,Free
12/6/2024 1:56:10,22.00,7629.87,4.07,10,9,0,12,0,1355,0,Free
12/6/2024 1:56:14,22.00,7630.50,4.07,10,9,0,12,0,1356,0,Free
12/6/2024 1:56:15,22.00,7631.11,4.07,10,9,0,12,0,1357,0,Free
12/6/2024 1:56:16,22.00,7631.73,4.07,10,9,0,12,0,1358,0,Free
12/6/2024 1:56:16,22.00,7632.35,4.07,10,9,0,12,0,1359,0,Free
12/6/2024 1:56:33,22.00,7633.52,4.06,10,9,0,12,0,1360,0,Free
12/6/2024 1:56:35,22.00,7634.14,4.07,10,9,0,12,0,1361,0,Free
12/6/2024 1:56:37,22.00,7634.75,4.07,10,9,0,12,0,1362,0,Free
12/6/2024 1:56:42,22.00,7635.37,4.07,10,9,0,12,0,1363,0,Free
12/6/2024 1:56:43,22.00,7635.98,4.07,10,9,0,12,0,1364,0,Free
12/6/2024 1:56:45,22.00,7636.60,4.07,10,9,0,12,0,1365,0,Free
12/6/2024 1:56:46,22.00,7637.22,4.07,10,9,0,12,0,1366,0,Free
12/6/2024 1:56:49,22.00,7637.83,4.07,10,9,0,12,0,1367,0,Free
12/6/2024 1:56:51,22.00,7638.45,4.07,10,9,0,12,0,1368,0,Free
12/6/2024 1:56:51,22.00,7639.06,4.07,10,9,0,12,0,1369,0,Free
12/6/2024 1:56:54,22.00,7639.68,4.07,10,9,0,12,0,1370,0,Free
12/6/2024 1:56:55,22.00,7640.30,4.07,10,9,0,12,0,1371,0,Free
12/6/2024 1:56:58,22.00,7640.91,4.07,10,9,0,12,0,1372,0,Free
12/6/2024 1:57:00,22.00,7641.53,4.07,10,9,0,12,0,1373,0,Free
12/6/2024 1:57:01,22.00,7642.14,4.07,10,9,0,12,0,1374,0,Free
12/6/2024 1:57:03,22.00,7642.76,4.07,10,9,0,12,0,1375,0,Free
12/6/2024 1:57:05,22.00,7643.38,4.07,10,9,0,12,0,1376,0,Free
12/6/2024 1:57:08,22.00,7643.99,4.07,10,9,0,12,0,1377,0,Free
12/6/2024 1:57:09,22.00,7644.61,4.07,10,9,0,12,0,1378,0,Free
12/6/2024 1:57:10,22.00,7645.22,4.07,10,9,0,12,0,1379,0,Free
12/6/2024 1:57:18,22.00,7646.12,4.07,10,9,0,12,0,1380,0,Free
12/6/2024 1:57:22,22.00,7646.73,4.07,10,9,0,12,0,1381,0,Free
12/6/2024 1:57:28,22.00,7647.35,4.07,10,9,0,12,0,1382,0,Free
12/6/2024 1:57:29,22.00,7647.98,4.07,10,9,0,12,0,1383,0,Free
12/6/2024 1:57:32,22.00,7648.60,4.07,10,9,0,12,0,1384,0,Free
12/6/2024 1:57:35,22.00,7649.21,4.07,10,9,0,12,0,1385,0,Free
12/6/2024 1:57:38,22.00,7649.83,4.07,10,9,0,12,0,1386,0,Free
12/6/2024 1:57:39,22.00,7650.44,4.07,10,9,0,12,0,1387,0,Free
12/6/2024 1:57:41,22.00,7651.06,4.07,10,9,0,12,0,1388,0,Free
12/6/2024 1:57:45,22.00,7651.67,4.07,10,9,0,12,0,1389,0,Free
12/6/2024 1:57:48,22.00,7652.29,4.07,10,9,0,12,0,1390,0,Free
12/6/2024 1:57:54,22.00,7653.19,4.07,10,9,0,12,0,1391,0,Free
12/6/2024 1:58:04,22.00,7654.08,4.07,10,9,0,12,0,1392,0,Free
12/6/2024 1:58:09,22.00,7654.70,4.07,10,9,0,12,0,1393,0,Free
12/6/2024 1:58:11,22.00,7655.31,4.07,10,9,0,12,0,1394,0,Free
12/6/2024 1:58:12,22.00,7655.93,4.07,10,9,0,12,0,1395,0,Free
12/6/2024 1:58:17,22.00,7656.54,4.07,10,9,0,12,0,1396,0,Free
12/6/2024 1:58:19,22.00,7657.16,4.07,10,9,0,12,0,1397,0,Free
12/6/2024 1:58:19,22.00,7657.77,4.07,10,9,0,12,0,1398,0,Free
12/6/2024 1:58:24,22.00,7658.39,4.07,10,9,0,12,0,1399,0,Free
12/6/2024 1:58:24,22.00,7659.01,4.07,10,9,0,12,0,1400,0,Free
12/6/2024 1:58:26,22.00,7659.62,4.07,10,9,0,12,0,1401,0,Free
12/6/2024 1:58:28,22.00,7660.24,4.07,10,9,0,12,0,1402,0,Free
12/6/2024 1:58:35,22.00,7661.13,4.07,10,9,0,12,0,1403,0,Free
12/6/2024 1:58:36,22.00,7661.75,4.07,10,9,0,12,0,1404,0,Free
12/6/2024 1:58:41,22.00,7662.37,4.07,10,9,0,12,0,1405,0,Free
12/6/2024 1:58:47,22.00,7663.26,4.07,10,9,0,12,0,1406,0,Free
12/6/2024 1:58:48,22.00,7663.88,4.07,10,9,0,12,0,1407,0,Free
12/6/2024 1:58:50,22.00,7664.49,4.07,10,9,0,12,0,1408,0,Free
12/6/2024 1:58:51,22.00,7665.11,4.07,10,9,0,12,0,1409,0,Free
12/6/2024 1:58:54,22.00,7665.73,4.07,10,9,0,12,0,1410,0,Free
12/6/2024 2:01:31,22.00,7673.66,4.07,10,9,0,12,0,1411,0,Free
12/6/2024 2:06:36,22.00,7698.68,4.07,10,9,0,12,0,1411,0,Free
12/6/2024 2:19:25,22.00,7734.95,4.07,10,9,0,12,0,1412,0,Free
12/6/2024 2:19:33,22.00,7735.84,4.07,10,9,0,12,0,1413,0,Free
12/6/2024 2:20:58,22.00,7740.37,4.07,10,9,0,12,0,1414,0,Free
12/6/2024 2:20:59,22.00,7740.98,4.07,10,9,0,12,0,1415,0,Free
12/6/2024 2:21:02,22.00,7741.60,4.07,10,9,0,12,0,1416,0,Free
12/6/2024 2:21:04,22.00,7742.22,4.07,10,9,0,12,0,1417,0,Free
12/6/2024 2:21:10,22.00,7743.11,4.07,10,9,0,12,0,1418,0,Free
12/6/2024 2:21:12,22.00,7743.73,4.07,10,9,0,12,0,1419,0,Free
12/6/2024 2:21:17,22.00,7744.34,4.07,10,9,0,12,0,1420,0,Free
12/6/2024 2:21:21,22.00,7744.96,4.07,10,9,0,12,0,1421,0,Free
12/6/2024 2:21:25,22.00,7745.57,4.07,10,9,0,12,0,1422,0,Free
12/6/2024 2:21:27,22.00,7746.19,4.07,10,9,0,12,0,1423,0,Free
12/6/2024 2:21:37,22.00,7747.08,4.07,10,9,0,12,0,1424,0,Free
12/6/2024 2:21:38,22.00,7747.70,4.07,10,9,0,12,0,1425,0,Free
12/6/2024 2:21:40,22.00,7748.32,4.07,10,9,0,12,0,1426,0,Free
12/6/2024 2:21:48,22.00,7749.21,4.07,10,9,0,12,0,1427,0,Free
12/6/2024 2:22:04,22.00,7750.39,4.07,10,9,0,12,0,1428,0,Free
12/6/2024 2:22:06,22.00,7751.00,4.06,10,9,0,12,0,1429,0,Free
12/6/2024 2:22:08,22.00,7751.62,4.07,10,9,0,12,0,1430,0,Free
12/6/2024 2:22:15,22.00,7752.51,4.07,10,9,0,12,0,1431,0,Free
12/6/2024 2:22:27,22.00,7753.40,4.07,10,9,0,12,0,1432,0,Free
12/6/2024 2:22:28,22.00,7754.02,4.07,10,9,0,12,0,1433,0,Free
12/6/2024 2:22:29,22.00,7754.65,4.07,10,9,0,12,0,1434,0,Free
12/6/2024 2:22:38,22.00,7755.54,4.07,10,9,0,12,0,1435,0,Free
12/6/2024 2:22:41,22.00,7756.16,4.07,10,9,0,12,0,1436,0,Free
12/6/2024 2:22:53,22.00,7757.05,4.06,10,9,0,12,0,1437,0,Free
12/6/2024 2:22:55,22.00,7757.67,4.07,10,9,0,12,0,1438,0,Free
12/6/2024 2:22:55,22.00,7758.28,4.07,10,9,0,12,0,1439,0,Free
12/6/2024 2:23:07,22.00,7769.61,4.07,10,9,0,12,0,1439,0,Free
12/6/2024 2:23:30,22.00,7771.07,4.07,10,9,0,12,0,1440,0,Free
12/6/2024 2:23:38,22.00,7771.97,4.07,10,9,0,12,0,1441,0,Free
12/6/2024 2:23:39,22.00,7772.58,4.07,10,9,0,12,0,1442,0,Free
12/6/2024 2:23:42,22.00,7773.20,4.07,10,9,0,12,0,1443,0,Free
12/6/2024 2:23:56,22.00,7774.37,4.07,10,9,0,12,0,1444,0,Free
12/6/2024 2:23:59,22.00,7774.99,4.07,10,9,0,12,0,1445,0,Free
12/6/2024 2:27:03,22.00,7783.99,4.06,10,9,0,12,0,1446,0,Free
12/6/2024 2:30:34,22.00,7794.10,4.07,10,9,0,12,0,1447,0,Free
12/6/2024 2:30:46,22.00,7795.28,4.07,10,9,0,12,0,1448,0,Free
12/6/2024 2:31:03,22.00,7796.45,4.07,10,9,0,12,0,1449,0,Free
12/6/2024 2:31:05,22.00,7797.07,4.07,10,9,0,12,0,1450,0,Free
12/6/2024 2:31:10,22.00,7797.69,4.07,10,9,0,12,0,1451,0,Free
12/6/2024 2:31:11,22.00,7798.30,4.06,10,9,0,12,0,1452,0,Free
12/6/2024 2:31:34,22.00,7799.75,4.07,10,9,0,12,0,1453,0,Free
12/6/2024 2:31:37,22.00,7800.37,4.07,10,9,0,12,0,1454,0,Free
12/6/2024 2:31:40,22.00,7800.98,4.07,10,9,0,12,0,1455,0,Free
12/6/2024 2:31:48,22.00,7801.88,4.07,10,9,0,12,0,1456,0,Free
12/6/2024 2:31:53,22.00,7802.51,4.07,10,9,0,12,0,1457,0,Free
12/6/2024 2:31:58,22.00,7803.12,4.07,10,9,0,12,0,1458,0,Free
12/6/2024 2:32:08,22.00,7804.02,4.07,10,9,0,12,0,1459,0,Free
12/6/2024 2:32:14,22.00,7804.64,4.07,10,9,0,12,0,1460,0,Free
12/6/2024 2:32:24,22.00,7805.53,4.07,10,9,0,12,0,1461,0,Free
12/6/2024 2:32:29,22.00,7806.14,4.07,10,9,0,12,0,1462,0,Free
12/6/2024 2:32:32,22.00,7806.76,4.07,10,9,0,12,0,1463,0,Free
12/6/2024 2:32:34,22.00,7807.38,4.07,10,9,0,12,0,1464,0,Free
12/6/2024 2:32:35,22.00,7807.99,4.07,10,9,0,12,0,1465,0,Free
12/6/2024 2:32:38,22.00,7808.61,4.06,10,9,0,12,0,1466,0,Free
12/6/2024 2:32:43,22.00,7809.22,4.07,10,9,0,12,0,1467,0,Free
12/6/2024 2:32:50,22.00,7810.12,4.06,10,9,0,12,0,1468,0,Free
12/6/2024 2:32:57,22.00,7811.01,4.07,10,9,0,12,0,1469,0,Free
12/6/2024 2:33:04,22.00,7811.91,4.07,10,9,0,12,0,1470,0,Free
12/6/2024 2:33:05,22.00,7812.53,4.07,10,9,0,12,0,1471,0,Free
12/6/2024 2:33:13,22.00,7813.42,4.07,10,9,0,12,0,1472,0,Free
12/6/2024 2:33:20,22.00,7814.32,4.07,10,9,0,12,0,1473,0,Free
12/6/2024 2:33:21,22.00,7814.94,4.07,10,9,0,12,0,1474,0,Free
12/6/2024 2:33:33,22.00,7815.83,4.07,10,9,0,12,0,1475,0,Free
12/6/2024 2:33:38,22.00,7816.44,4.07,10,9,0,12,0,1476,0,Free
12/6/2024 2:33:39,22.00,7817.06,4.07,10,9,0,12,0,1477,0,Free
12/6/2024 2:33:44,22.00,7817.68,4.07,10,9,0,12,0,1478,0,Free
12/6/2024 2:33:45,22.00,7818.29,4.06,10,9,0,12,0,1479,0,Free
12/6/2024 2:33:47,22.00,7818.91,4.07,10,9,0,12,0,1480,0,Free
12/6/2024 2:34:14,22.00,7820.64,4.07,10,9,0,12,0,1481,0,Free
12/6/2024 2:34:16,22.00,7821.26,4.07,10,9,0,12,0,1482,0,Free
12/6/2024 2:34:21,22.00,7821.87,4.07,10,9,0,12,0,1483,0,Free
12/6/2024 2:34:23,22.00,7822.50,4.07,10,9,0,12,0,1484,0,Free
12/6/2024 2:34:24,22.00,7823.11,4.07,10,9,0,12,0,1485,0,Free
12/6/2024 2:34:29,22.00,7823.73,4.07,10,9,0,12,0,1486,0,Free
12/6/2024 2:34:31,22.00,7824.34,4.07,10,9,0,12,0,1487,0,Free
12/6/2024 2:38:55,22.00,7847.40,4.07,10,9,0,12,0,1487,0,Free
12/6/2024 2:45:58,22.00,7867.56,4.06,10,9,0,12,0,1488,0,Free
12/6/2024 2:46:07,22.00,7868.46,4.07,10,9,0,12,0,1489,0,Free
12/6/2024 2:46:10,22.00,7869.07,4.07,10,9,0,12,0,1490,0,Free
12/6/2024 2:46:12,22.00,7869.69,4.07,10,9,0,12,0,1491,0,Free
12/6/2024 2:46:13,22.00,7870.30,4.07,10,9,0,12,0,1492,0,Free
12/6/2024 2:46:14,22.00,7870.92,4.07,10,9,0,12,0,1493,0,Free
12/6/2024 2:46:37,22.00,7872.37,4.07,10,9,0,12,0,1494,0,Free
12/6/2024 2:46:40,22.00,7872.99,4.07,10,9,0,12,0,1495,0,Free
12/6/2024 2:46:42,22.00,7873.60,4.07,10,9,0,12,0,1496,0,Free
12/6/2024 2:46:45,22.00,7874.22,4.07,10,9,0,12,0,1497,0,Free
12/6/2024 2:46:47,22.00,7874.84,4.07,10,9,0,12,0,1498,0,Free
12/6/2024 2:46:55,22.00,7875.73,4.07,10,9,0,12,0,1499,0,Free
12/6/2024 2:46:58,22.00,7876.35,4.07,10,9,0,12,0,1500,0,Free
12/6/2024 2:46:59,22.00,7876.97,4.07,10,9,0,12,0,1501,0,Free
12/6/2024 2:47:01,22.00,7877.58,4.07,10,9,0,12,0,1502,0,Free
12/6/2024 2:47:07,22.00,7878.20,4.07,10,9,0,12,0,1503,0,Free
12/6/2024 2:47:08,22.00,7878.81,4.07,10,9,0,12,0,1504,0,Free
12/6/2024 2:47:10,22.00,7879.43,4.07,10,9,0,12,0,1505,0,Free
12/6/2024 2:47:24,22.00,7880.60,4.07,10,9,0,12,0,1506,0,Free
12/6/2024 2:47:30,22.00,7881.22,4.07,10,9,0,12,0,1507,0,Free
12/6/2024 2:47:32,22.00,7881.83,4.07,10,9,0,12,0,1508,0,Free
12/6/2024 2:47:43,22.00,7882.73,4.07,10,9,0,12,0,1509,0,Free
12/6/2024 2:47:43,22.00,7883.34,4.07,10,9,0,12,0,1510,0,Free
12/6/2024 2:47:45,22.00,7883.97,4.07,10,9,0,12,0,1511,0,Free
12/6/2024 2:55:45,22.00,7917.03,4.07,10,9,0,12,0,1511,0,Free
12/6/2024 3:03:19,22.00,7938.54,4.07,10,9,0,12,0,1512,0,Free
12/6/2024 3:13:55,22.00,7978.90,4.07,10,9,0,12,0,1512,0,Free
12/6/2024 3:32:06,21.75,8040.48,4.07,10,9,0,12,0,1512,0,Free
12/6/2024 3:50:17,21.75,8102.07,4.06,10,9,0,12,0,1512,0,Free
12/6/2024 4:02:39,21.75,8137.06,4.06,10,9,0,12,0,1513,0,Free
12/6/2024 4:08:26,21.75,8164.03,4.07,10,9,0,12,0,1513,0,Free
12/6/2024 4:26:37,21.75,8225.56,4.06,10,9,0,12,0,1513,0,Free
12/6/2024 4:44:48,21.75,8287.14,4.06,10,9,0,12,0,1513,0,Free
12/6/2024 4:55:04,21.75,8316.24,4.07,10,9,0,12,0,1514,0,Free
12/6/2024 4:55:05,21.75,8316.86,4.06,10,9,0,12,0,1515,0,Free
12/6/2024 4:55:57,21.75,8319.71,4.06,10,9,0,12,0,1516,0,Free
12/6/2024 4:56:01,21.75,8320.32,4.06,10,9,0,12,0,1517,0,Free
12/6/2024 4:56:34,21.75,8322.34,4.06,10,9,0,12,0,1518,0,Free
12/6/2024 4:56:34,21.75,8322.95,4.06,10,9,0,12,0,1519,0,Free
12/6/2024 4:56:36,21.75,8323.57,4.06,10,9,0,12,0,1520,0,Free
12/6/2024 4:56:40,21.75,8324.18,4.05,10,9,0,12,0,1521,0,Free
12/6/2024 4:56:42,21.75,8324.80,4.06,10,9,0,12,0,1522,0,Free
12/6/2024 4:56:43,21.75,8325.42,4.06,10,9,0,12,0,1523,0,Free
12/6/2024 4:56:49,21.75,8326.31,4.06,10,9,0,12,0,1524,0,Free
12/6/2024 4:56:52,21.75,8326.93,4.06,10,9,0,12,0,1525,0,Free
12/6/2024 4:56:53,21.75,8327.54,4.06,10,9,0,12,0,1526,0,Free
12/6/2024 4:56:55,21.75,8328.16,4.06,10,9,0,12,0,1527,0,Free
12/6/2024 4:57:00,21.75,8328.77,4.06,10,9,0,12,0,1528,0,Free
12/6/2024 4:57:01,21.75,8329.39,4.06,10,9,0,12,0,1529,0,Free
12/6/2024 4:57:02,21.75,8330.01,4.07,10,9,0,12,0,1530,0,Free
12/6/2024 4:57:07,21.75,8330.63,4.06,10,9,0,12,0,1531,0,Free
12/6/2024 4:57:09,21.75,8331.25,4.06,10,9,0,12,0,1532,0,Free
12/6/2024 4:57:20,21.75,8332.14,4.06,10,9,0,12,0,1533,0,Free
12/6/2024 4:57:26,21.75,8332.76,4.06,10,9,0,12,0,1534,0,Free
12/6/2024 4:57:33,21.75,8333.65,4.06,10,9,0,12,0,1535,0,Free
12/6/2024 4:57:39,21.75,8334.55,4.06,10,9,0,12,0,1536,0,Free
12/6/2024 4:57:52,21.75,8335.72,4.06,10,9,0,12,0,1537,0,Free
12/6/2024 4:57:55,21.75,8336.34,4.06,10,9,0,12,0,1538,0,Free
12/6/2024 4:57:57,21.75,8336.96,4.06,10,9,0,12,0,1539,0,Free
12/6/2024 4:57:58,21.75,8337.57,4.06,10,9,0,12,0,1540,0,Free
12/6/2024 4:57:58,21.75,8338.19,4.06,10,9,0,12,0,1541,0,Free
12/6/2024 4:58:22,21.75,8339.64,4.07,10,9,0,12,0,1542,0,Free
12/6/2024 4:58:23,21.75,8340.26,4.07,10,9,0,12,0,1543,0,Free
12/6/2024 4:58:28,21.75,8340.87,4.06,10,9,0,12,0,1544,0,Free
12/6/2024 4:58:31,21.75,8341.49,4.06,10,9,0,12,0,1545,0,Free
12/6/2024 4:58:39,21.75,8342.39,4.06,10,9,0,12,0,1546,0,Free
12/6/2024 4:58:44,21.75,8343.00,4.06,10,9,0,12,0,1547,0,Free
12/6/2024 4:58:45,21.75,8343.62,4.06,10,9,0,12,0,1548,0,Free
12/6/2024 4:58:52,21.75,8344.51,4.06,10,9,0,12,0,1549,0,Free
12/6/2024 4:59:00,21.75,8345.41,4.06,10,9,0,12,0,1550,0,Free
12/6/2024 4:59:02,21.75,8346.02,4.06,10,9,0,12,0,1551,0,Free
12/6/2024 4:59:06,21.75,8346.64,4.06,10,9,0,12,0,1552,0,Free
12/6/2024 4:59:11,21.75,8347.26,4.06,10,9,0,12,0,1553,0,Free
12/6/2024 4:59:12,21.75,8347.87,4.06,10,9,0,12,0,1554,0,Free
12/6/2024 4:59:19,21.75,8348.77,4.06,10,9,0,12,0,1555,0,Free
12/6/2024 4:59:21,21.75,8349.39,4.06,10,9,0,12,0,1556,0,Free
12/6/2024 4:59:22,21.75,8350.00,4.06,10,9,0,12,0,1557,0,Free
12/6/2024 4:59:25,21.75,8350.63,4.06,10,9,0,12,0,1558,0,Free
12/6/2024 4:59:32,21.75,8351.24,4.06,10,9,0,12,0,1559,0,Free
12/6/2024 4:59:34,21.75,8351.86,4.06,10,9,0,12,0,1560,0,Free
12/6/2024 4:59:40,21.75,8352.47,4.06,10,9,0,12,0,1561,0,Free
12/6/2024 4:59:41,21.75,8353.09,4.06,10,9,0,12,0,1562,0,Free
12/6/2024 4:59:47,21.75,8353.70,4.06,10,9,0,12,0,1563,0,Free
12/6/2024 5:00:10,21.75,8365.59,4.06,10,9,0,12,0,1563,0,Free
12/6/2024 5:00:16,21.75,8366.21,4.05,10,9,0,12,0,1564,0,Free
12/6/2024 5:00:22,21.75,8366.83,4.06,10,9,0,12,0,1565,0,Free
12/6/2024 5:00:28,21.75,8367.72,4.07,10,9,0,12,0,1566,0,Free
12/6/2024 5:00:29,21.75,8368.34,4.06,10,9,0,12,0,1567,0,Free
12/6/2024 5:00:31,21.75,8368.95,4.06,10,9,0,12,0,1568,0,Free
12/6/2024 5:00:33,21.75,8369.57,4.06,10,9,0,12,0,1569,0,Free
12/6/2024 5:00:34,21.75,8370.18,4.06,10,9,0,12,0,1570,0,Free
12/6/2024 5:00:38,21.75,8370.80,4.06,10,9,0,12,0,1571,0,Free
12/6/2024 5:00:43,21.75,8371.42,4.06,10,9,0,12,0,1572,0,Free
12/6/2024 5:00:49,21.75,8372.03,4.06,10,9,0,12,0,1573,0,Free
12/6/2024 5:00:54,21.75,8372.65,4.06,10,9,0,12,0,1574,0,Free
12/6/2024 5:00:58,21.75,8373.27,4.06,10,9,0,12,0,1575,0,Free
12/6/2024 5:01:01,21.75,8373.88,4.06,10,9,0,12,0,1576,0,Free
12/6/2024 5:01:07,21.75,8374.78,4.06,10,9,0,12,0,1577,0,Free
12/6/2024 5:01:14,22.00,8375.39,4.06,10,9,0,12,0,1578,0,Free
12/6/2024 5:01:16,22.00,8376.01,4.06,10,9,0,12,0,1579,0,Free
12/6/2024 5:02:15,22.00,8379.14,4.06,10,9,0,12,0,1580,0,Free
12/6/2024 5:02:18,22.00,8379.76,4.06,10,9,0,12,0,1581,0,Free
12/6/2024 5:02:29,22.00,8380.65,4.06,10,9,0,12,0,1582,0,Free
12/6/2024 5:02:30,22.00,8381.27,4.06,10,9,0,12,0,1583,0,Free
12/6/2024 5:02:31,22.00,8381.89,4.06,10,9,0,12,0,1584,0,Free
12/6/2024 5:02:55,22.00,8383.35,4.05,10,9,0,12,0,1585,0,Free
12/6/2024 5:02:56,22.00,8383.96,4.06,10,9,0,12,0,1586,0,Free
12/6/2024 5:02:59,22.00,8384.58,4.06,10,9,0,12,0,1587,0,Free
12/6/2024 5:02:59,22.00,8385.20,4.06,10,9,0,12,0,1588,0,Free
12/6/2024 5:03:08,22.00,8386.09,4.05,10,9,0,12,0,1589,0,Free
12/6/2024 5:03:09,22.00,8386.71,4.06,10,9,0,12,0,1590,0,Free
12/6/2024 5:03:10,22.00,8387.32,4.05,10,9,0,12,0,1591,0,Free
12/6/2024 5:03:11,22.00,8387.94,4.06,10,9,0,12,0,1592,0,Free
12/6/2024 5:03:14,22.00,8388.55,4.06,10,9,0,12,0,1593,0,Free
12/6/2024 5:03:20,22.00,8389.17,4.06,10,9,0,12,0,1594,0,Free
12/6/2024 5:03:25,22.00,8389.79,4.06,10,9,0,12,0,1595,0,Free
12/6/2024 5:03:26,22.00,8390.40,4.06,10,9,0,12,0,1596,0,Free
12/6/2024 5:03:29,22.00,8391.02,4.06,10,9,0,12,0,1597,0,Free
12/6/2024 5:03:31,22.00,8391.64,4.06,10,9,0,12,0,1598,0,Free
12/6/2024 5:03:43,22.00,8392.81,4.06,10,9,0,12,0,1599,0,Free
12/6/2024 5:03:45,22.00,8393.43,4.06,10,9,0,12,0,1600,0,Free
12/6/2024 5:03:54,22.00,8394.32,4.06,10,9,0,12,0,1601,0,Free
12/6/2024 5:04:01,22.00,8394.94,4.06,10,9,0,12,0,1602,0,Free
12/6/2024 5:15:56,21.75,8428.82,4.06,10,9,0,12,0,1603,0,Free
12/6/2024 5:16:03,21.75,8429.72,4.06,10,9,0,12,0,1604,0,Free
12/6/2024 5:16:14,22.00,8441.05,4.06,10,9,0,12,0,1604,0,Free
12/6/2024 5:16:24,22.00,8441.94,4.07,10,9,0,12,0,1605,0,Free
12/6/2024 5:16:25,22.00,8442.56,4.06,10,9,0,12,0,1606,0,Free
12/6/2024 5:16:26,22.00,8443.17,4.06,10,9,0,12,0,1607,0,Free
12/6/2024 5:16:31,22.00,8443.79,4.06,10,9,0,12,0,1608,0,Free
12/6/2024 5:16:32,22.00,8444.40,4.06,10,9,0,12,0,1609,0,Free
12/6/2024 5:16:40,22.00,8445.31,4.06,10,9,0,12,0,1610,0,Free
12/6/2024 5:16:45,22.00,8445.92,4.06,10,9,0,12,0,1611,0,Free
12/6/2024 5:16:51,22.00,8446.54,4.06,10,9,0,12,0,1612,0,Free
12/6/2024 5:16:54,22.00,8447.16,4.06,10,9,0,12,0,1613,0,Free
12/6/2024 5:17:12,22.00,8448.33,4.05,10,9,0,12,0,1614,0,Free
12/6/2024 5:17:14,22.00,8448.95,4.06,10,9,0,12,0,1615,0,Free
12/6/2024 5:17:15,22.00,8449.56,4.06,10,9,0,12,0,1616,0,Free
12/6/2024 5:17:18,22.00,8450.18,4.06,10,9,0,12,0,1617,0,Free
12/6/2024 5:17:19,22.00,8450.79,4.06,10,9,0,12,0,1618,0,Free
12/6/2024 5:17:32,22.00,8451.96,4.06,10,9,0,12,0,1619,0,Free
12/6/2024 5:17:36,22.00,8452.58,4.06,10,9,0,12,0,1620,0,Free
12/6/2024 5:17:48,22.00,8453.48,4.06,10,9,0,12,0,1621,0,Free
12/6/2024 5:17:54,22.00,8454.09,4.06,10,9,0,12,0,1622,0,Free
12/6/2024 5:18:06,22.00,8454.99,4.06,10,9,0,12,0,1623,0,Free
12/6/2024 5:18:11,22.00,8455.60,4.06,10,9,0,12,0,1624,0,Free
12/6/2024 5:18:12,22.00,8456.22,4.06,10,9,0,12,0,1625,0,Free
12/6/2024 5:18:15,22.00,8456.84,4.05,10,9,0,12,0,1626,0,Free
12/6/2024 5:18:17,22.00,8457.45,4.06,10,9,0,12,0,1627,0,Free
12/6/2024 5:18:19,22.00,8458.07,4.06,10,9,0,12,0,1628,0,Free
12/6/2024 5:18:30,22.00,8458.97,4.06,10,9,0,12,0,1629,0,Free
12/6/2024 5:18:33,22.00,8459.58,4.06,10,9,0,12,0,1630,0,Free
12/6/2024 5:18:34,22.00,8460.20,4.06,10,9,0,12,0,1631,0,Free
12/6/2024 5:18:36,22.00,8460.81,4.06,10,9,0,12,0,1632,0,Free
12/6/2024 5:18:40,22.00,8461.43,4.06,10,9,0,12,0,1633,0,Free
12/6/2024 5:18:45,22.00,8462.04,4.06,10,9,0,12,0,1634,0,Free
12/6/2024 5:18:50,22.00,8462.66,4.05,10,9,0,12,0,1635,0,Free
12/6/2024 5:19:06,22.00,8463.84,4.05,10,9,0,12,0,1636,0,Free
12/6/2024 5:19:07,22.00,8464.46,4.06,10,9,0,12,0,1637,0,Free
12/6/2024 5:19:15,22.00,8465.36,4.06,10,9,0,12,0,1638,0,Free
12/6/2024 5:19:21,22.00,8465.97,4.06,10,9,0,12,0,1639,0,Free
12/6/2024 5:19:23,22.00,8466.59,4.06,10,9,0,12,0,1640,0,Free
12/6/2024 5:19:24,22.00,8467.20,4.06,10,9,0,12,0,1641,0,Free
12/6/2024 5:32:42,22.00,8515.12,4.07,10,9,0,12,0,1641,0,Free
12/6/2024 5:41:21,22.00,8539.77,4.06,10,9,0,12,0,1642,0,Free
12/6/2024 5:50:51,22.00,8577.09,4.05,10,9,0,12,0,1642,0,Free
12/6/2024 5:56:24,22.00,8593.09,4.06,10,9,0,12,0,1643,0,Free
12/6/2024 6:08:59,22.00,8639.08,4.05,10,9,0,12,0,1643,0,Free
12/6/2024 6:09:23,22.00,8640.81,4.06,10,9,0,12,0,1644,0,Free
12/6/2024 6:10:45,22.00,8645.06,4.05,10,9,0,12,0,1645,0,Free
12/6/2024 6:10:49,22.00,8645.68,4.06,10,9,0,12,0,1646,0,Free
12/6/2024 6:10:53,22.00,8646.29,4.06,10,9,0,12,0,1647,0,Free
12/6/2024 6:10:55,22.00,8646.91,4.05,10,9,0,12,0,1648,0,Free
12/6/2024 6:10:58,22.00,8647.52,4.06,10,9,0,12,0,1649,0,Free
12/6/2024 6:10:59,22.00,8648.14,4.05,10,9,0,12,0,1650,0,Free
12/6/2024 6:11:05,22.00,8648.76,4.05,10,9,0,12,0,1651,0,Free
12/6/2024 6:11:06,22.00,8649.37,4.06,10,9,0,12,0,1652,0,Free
12/6/2024 6:11:15,22.00,8650.27,4.06,10,9,0,12,0,1653,0,Free
12/6/2024 6:11:18,22.00,8650.88,4.05,10,9,0,12,0,1654,0,Free
12/6/2024 6:11:20,22.00,8651.50,4.05,10,9,0,12,0,1655,0,Free
12/6/2024 6:11:28,22.00,8652.39,4.06,10,9,0,12,0,1656,0,Free
12/6/2024 6:11:30,22.00,8653.01,4.06,10,9,0,12,0,1657,0,Free
12/6/2024 6:11:32,22.00,8653.63,4.05,10,9,0,12,0,1658,0,Free
12/6/2024 6:11:34,22.00,8654.25,4.06,10,9,0,12,0,1659,0,Free
12/6/2024 6:11:34,22.00,8654.86,4.06,10,9,0,12,0,1660,0,Free
12/6/2024 6:11:35,22.00,8655.48,4.05,10,9,0,12,0,1661,0,Free
12/6/2024 6:11:36,22.00,8656.10,4.05,10,9,0,12,0,1662,0,Free
12/6/2024 6:11:39,22.00,8656.71,4.05,10,9,0,12,0,1663,0,Free
12/6/2024 6:11:48,22.00,8657.61,4.06,10,9,0,12,0,1664,0,Free
12/6/2024 6:11:53,22.00,8658.22,4.06,10,9,0,12,0,1665,0,Free
12/6/2024 6:12:03,22.00,8659.12,4.05,10,9,0,12,0,1666,0,Free
12/6/2024 6:12:04,22.00,8659.74,4.05,10,9,0,12,0,1667,0,Free
12/6/2024 6:12:07,22.00,8660.35,4.06,10,9,0,12,0,1668,0,Free
12/6/2024 6:12:12,22.00,8660.97,4.05,10,9,0,12,0,1669,0,Free
12/6/2024 6:12:20,22.00,8661.87,4.05,10,9,0,12,0,1670,0,Free
12/6/2024 6:12:22,22.00,8662.48,4.06,10,9,0,12,0,1671,0,Free
12/6/2024 6:12:25,22.00,8663.10,4.06,10,9,0,12,0,1672,0,Free
12/6/2024 6:12:27,22.00,8663.71,4.06,10,9,0,12,0,1673,0,Free
12/6/2024 6:12:43,22.00,8664.89,4.05,10,9,0,12,0,1674,0,Free
12/6/2024 6:12:44,22.00,8665.51,4.06,10,9,0,12,0,1675,0,Free
12/6/2024 6:12:56,22.00,8666.40,4.05,10,9,0,12,0,1676,0,Free
12/6/2024 6:12:58,22.00,8667.02,4.06,10,9,0,12,0,1677,0,Free
12/6/2024 6:13:03,22.00,8667.63,4.06,10,9,0,12,0,1678,0,Free
12/6/2024 6:13:05,22.00,8668.25,4.06,10,9,0,12,0,1679,0,Free
12/6/2024 6:13:06,22.00,8668.86,4.06,10,9,0,12,0,1680,0,Free
12/6/2024 6:13:08,22.00,8669.48,4.06,10,9,0,12,0,1681,0,Free
12/6/2024 6:13:14,22.00,8670.37,4.05,10,9,0,12,0,1682,0,Free
12/6/2024 6:13:22,22.00,8671.27,4.06,10,9,0,12,0,1683,0,Free
12/6/2024 6:13:26,22.00,8671.89,4.06,10,9,0,12,0,1684,0,Free
12/6/2024 6:13:28,22.00,8672.50,4.06,10,9,0,12,0,1685,0,Free
12/6/2024 6:13:52,22.00,8673.96,4.06,10,9,0,12,0,1686,0,Free
12/6/2024 6:14:03,22.00,8674.85,4.06,10,9,0,12,0,1687,0,Free
12/6/2024 6:14:05,22.00,8675.47,4.05,10,9,0,12,0,1688,0,Free
12/6/2024 6:14:17,22.00,8676.37,4.05,10,9,0,12,0,1689,0,Free
12/6/2024 6:14:19,22.00,8676.99,4.06,10,9,0,12,0,1690,0,Free
12/6/2024 6:14:20,22.00,8677.60,4.06,10,9,0,12,0,1691,0,Free
12/6/2024 6:14:34,22.00,8678.78,4.06,10,9,0,12,0,1692,0,Free
12/6/2024 6:14:36,22.00,8679.39,4.05,10,9,0,12,0,1693,0,Free
12/6/2024 6:14:37,22.00,8680.01,4.05,10,9,0,12,0,1694,0,Free
12/6/2024 6:14:40,22.00,8680.62,4.05,10,9,0,12,0,1695,0,Free
12/6/2024 6:14:42,22.00,8681.24,4.06,10,9,0,12,0,1696,0,Free
12/6/2024 6:14:43,22.00,8681.85,4.05,10,9,0,12,0,1697,0,Free
12/6/2024 6:14:56,22.00,8683.03,4.06,10,9,0,12,0,1698,0,Free
12/6/2024 6:15:00,22.00,8683.64,4.06,10,9,0,12,0,1699,0,Free
12/6/2024 6:15:03,22.00,8684.26,4.05,10,9,0,12,0,1700,0,Free
12/6/2024 6:15:06,22.00,8684.88,4.05,10,9,0,12,0,1701,0,Free
12/6/2024 6:15:13,22.00,8685.77,4.05,10,9,0,12,0,1702,0,Free
12/6/2024 6:15:14,22.00,8686.39,4.05,10,9,0,12,0,1703,0,Free
12/6/2024 6:15:18,22.00,8687.00,4.06,10,9,0,12,0,1704,0,Free
12/6/2024 6:15:19,22.00,8687.62,4.06,10,9,0,12,0,1705,0,Free
12/6/2024 6:15:19,22.00,8688.23,4.06,10,9,0,12,0,1706,0,Free
12/6/2024 6:15:26,22.00,8689.13,4.06,10,9,0,12,0,1707,0,Free
12/6/2024 6:15:40,22.00,8690.31,4.06,10,9,0,12,0,1708,0,Free
12/6/2024 6:15:41,22.00,8690.92,4.05,10,9,0,12,0,1709,0,Free
12/6/2024 6:15:42,22.00,8691.54,4.06,10,9,0,12,0,1710,0,Free
12/6/2024 6:15:52,22.00,8692.43,4.06,10,9,0,12,0,1711,0,Free
12/6/2024 6:15:53,22.00,8693.05,4.06,10,9,0,12,0,1712,0,Free
12/6/2024 6:15:56,22.00,8693.66,4.06,10,9,0,12,0,1713,0,Free
12/6/2024 6:15:56,22.00,8694.28,4.05,10,9,0,12,0,1714,0,Free
12/6/2024 6:16:04,22.00,8695.17,4.05,10,9,0,12,0,1715,0,Free
12/6/2024 6:16:07,22.00,8695.80,4.05,10,9,0,12,0,1716,0,Free
12/6/2024 6:16:19,22.00,8696.97,4.05,10,9,0,12,0,1717,0,Free
12/6/2024 6:16:20,22.00,8697.59,4.06,10,9,0,12,0,1718,0,Free
12/6/2024 6:16:29,22.00,8698.48,4.05,10,9,0,12,0,1719,0,Free
12/6/2024 6:16:53,22.00,8700.21,4.05,10,9,0,12,0,1720,0,Free
12/6/2024 6:22:29,22.00,8726.63,4.05,10,9,0,12,0,1720,0,Free
12/6/2024 6:40:40,21.75,8788.28,4.05,10,9,0,12,0,1720,0,Free
12/6/2024 6:58:51,21.75,8849.93,4.05,10,9,0,12,0,1720,0,Free
12/6/2024 7:17:02,21.75,8911.55,4.05,10,9,0,12,0,1720,0,Free
12/6/2024 7:35:13,21.75,8973.19,4.05,10,9,0,12,0,1720,0,Free
12/6/2024 7:53:24,21.75,9034.82,4.05,10,9,0,12,0,1720,0,Free
12/6/2024 8:11:35,21.75,9096.47,4.05,10,9,0,12,0,1720,0,Free
12/6/2024 8:29:46,21.75,9158.11,4.05,10,9,0,12,0,1720,0,Free
12/6/2024 8:47:57,21.75,9219.76,4.05,10,9,0,12,0,1720,0,Free
12/6/2024 9:06:08,21.75,9281.41,4.05,10,9,0,12,0,1720,0,Free
12/6/2024 9:24:19,21.75,9343.04,4.05,10,9,0,12,0,1720,0,Free
12/6/2024 9:42:30,21.75,9404.69,4.05,10,9,0,12,0,1720,0,Free
12/6/2024 10:00:41,21.75,9466.34,4.05,10,9,0,12,0,1720,0,Free
12/6/2024 10:13:40,21.75,9502.98,4.05,10,9,0,12,0,1721,0,Free
12/6/2024 10:14:40,21.75,9506.10,4.05,10,9,0,12,0,1722,0,Free
12/6/2024 10:14:48,21.75,9507.00,4.05,10,9,0,12,0,1723,0,Free
12/6/2024 10:14:53,21.75,9507.61,4.05,10,9,0,12,0,1724,0,Free
12/6/2024 10:14:53,21.75,9508.23,4.05,10,9,0,12,0,1725,0,Free
12/6/2024 10:14:58,21.75,9508.85,4.05,10,9,0,12,0,1726,0,Free
12/6/2024 10:14:59,21.75,9509.46,4.05,10,9,0,12,0,1727,0,Free
12/6/2024 10:15:06,21.75,9510.36,4.05,10,9,0,12,0,1728,0,Free
12/6/2024 10:15:15,21.75,9511.26,4.05,10,9,0,12,0,1729,0,Free
12/6/2024 10:15:48,21.75,9513.27,4.05,10,9,0,12,0,1730,0,Free
12/6/2024 10:15:50,21.75,9513.88,4.05,10,9,0,12,0,1731,0,Free
12/6/2024 10:15:52,21.75,9514.50,4.05,10,9,0,12,0,1732,0,Free
12/6/2024 10:15:55,21.75,9515.11,4.05,10,9,0,12,0,1733,0,Free
12/6/2024 10:15:57,21.75,9515.73,4.05,10,9,0,12,0,1734,0,Free
12/6/2024 10:16:03,21.75,9516.34,4.05,10,9,0,12,0,1735,0,Free
12/6/2024 10:16:56,21.75,9519.19,4.05,10,9,0,12,0,1736,0,Free
12/6/2024 10:17:01,21.75,9519.81,4.05,10,9,0,12,0,1737,0,Free
12/6/2024 10:17:22,21.75,9521.26,4.05,10,9,0,12,0,1738,0,Free
12/6/2024 10:18:04,21.75,9533.98,4.05,10,9,0,12,0,1738,0,Free
12/6/2024 10:36:15,22.00,9595.58,4.05,10,9,0,12,0,1738,0,Free
12/6/2024 10:44:14,22.00,9618.26,4.05,10,9,0,12,0,1739,0,Free
12/6/2024 10:54:25,21.75,9657.50,4.05,10,9,0,12,0,1739,0,Free
12/6/2024 10:54:57,21.75,9659.51,4.05,10,9,0,12,0,1740,0,Free
12/6/2024 10:55:11,21.75,9660.69,4.05,10,9,0,12,0,1741,0,Free
12/6/2024 10:55:12,21.75,9661.30,4.05,10,9,0,12,0,1742,0,Free
12/6/2024 10:55:21,22.00,9662.20,4.05,10,9,0,12,0,1743,0,Free
12/6/2024 10:55:26,22.00,9662.81,4.04,10,9,0,12,0,1744,0,Free
12/6/2024 10:55:29,22.00,9663.43,4.05,10,9,0,12,0,1745,0,Free
12/6/2024 10:55:37,22.00,9664.32,4.05,10,9,0,12,0,1746,0,Free
12/6/2024 10:55:41,22.00,9664.94,4.04,10,9,0,12,0,1747,0,Free
12/6/2024 10:55:47,22.00,9665.55,4.04,10,9,0,12,0,1748,0,Free
12/6/2024 10:55:48,22.00,9666.17,4.05,10,9,0,12,0,1749,0,Free
12/6/2024 10:55:52,22.00,9666.78,4.04,10,9,0,12,0,1750,0,Free
12/6/2024 10:55:56,22.00,9667.40,4.05,10,9,0,12,0,1751,0,Free
12/6/2024 10:55:59,22.00,9668.01,4.05,10,9,0,12,0,1752,0,Free
12/6/2024 10:56:03,22.00,9668.63,4.05,10,9,0,12,0,1753,0,Free
12/6/2024 10:56:07,22.00,9669.25,4.04,10,9,0,12,0,1754,0,Free
12/6/2024 10:56:10,22.00,9669.87,4.04,10,9,0,12,0,1755,0,Free
12/6/2024 10:56:14,22.00,9670.48,4.05,10,9,0,12,0,1756,0,Free
12/6/2024 10:56:31,22.00,9671.66,4.05,10,9,0,12,0,1757,0,Free
12/6/2024 10:56:32,22.00,9672.28,4.05,10,9,0,12,0,1758,0,Free
12/6/2024 10:56:35,22.00,9672.89,4.05,10,9,0,12,0,1759,0,Free
12/6/2024 10:56:37,22.00,9673.51,4.05,10,9,0,12,0,1760,0,Free
12/6/2024 10:56:39,22.00,9674.12,4.05,10,9,0,12,0,1761,0,Free
12/6/2024 10:56:40,22.00,9674.74,4.05,10,9,0,12,0,1762,0,Free
12/6/2024 10:56:42,22.00,9675.35,4.04,10,9,0,12,0,1763,0,Free
12/6/2024 10:56:44,22.00,9675.97,4.05,10,9,0,12,0,1764,0,Free
12/6/2024 10:56:50,22.00,9676.59,4.04,10,9,0,12,0,1765,0,Free
12/6/2024 10:57:10,22.00,9678.04,4.04,10,9,0,12,0,1766,0,Free
12/6/2024 11:11:15,21.75,9728.12,4.04,10,9,0,12,0,1766,0,Free
12/6/2024 11:29:26,21.75,9789.59,4.05,10,9,0,12,0,1766,0,Free
12/6/2024 11:47:37,21.75,9851.07,4.05,10,9,0,12,0,1766,0,Free
12/6/2024 11:57:57,21.75,9880.38,4.05,10,9,0,13,0,1766,0,Free
12/6/2024 12:05:45,21.00,9912.89,4.05,10,9,0,13,0,1766,0,Free
12/6/2024 12:09:42,21.25,9924.39,4.04,10,10,0,13,0,1766,0,Free
