Timestamp,Temperature,ElapsedSecs,BatteryVoltage,DeviceNumber,LeftCount,LeftDur,RightCount,RightDur,LeftFeedCount,LeftFeedDur,FeedParadigm
12/4/2024 15:42:15,21.50,18.79,4.20,4,0,0,0,0,0,0,Free
12/4/2024 15:48:41,21.75,37.26,4.20,4,1,0,0,0,0,0,Free
12/4/2024 15:48:42,21.75,37.91,4.20,4,2,31,0,0,0,0,Free
12/4/2024 15:48:43,21.75,38.57,4.20,4,3,48,0,0,0,0,Free
12/4/2024 15:49:04,21.75,40.02,4.20,4,3,0,0,0,1,0,Free
12/4/2024 15:49:06,21.75,40.63,4.20,4,3,0,0,0,2,0,Free
12/4/2024 15:49:07,21.75,41.29,4.20,4,3,0,0,0,3,39,Free
12/4/2024 15:49:09,21.75,41.90,4.20,4,3,0,0,0,4,0,Free
12/4/2024 15:50:07,21.75,45.08,4.20,4,4,48,0,0,4,0,Free
12/4/2024 15:51:19,21.75,48.75,4.20,4,4,0,0,0,5,0,Free
12/4/2024 15:59:57,22.00,85.48,4.20,4,4,0,0,0,5,0,Free
12/4/2024 16:02:58,22.00,94.45,4.20,4,4,0,0,0,6,0,Free
12/4/2024 16:04:20,22.00,98.69,4.20,4,4,0,0,0,7,0,Free
12/4/2024 16:04:21,22.00,99.31,4.20,4,4,0,0,0,8,0,Free
12/4/2024 16:13:07,22.25,124.59,4.20,4,4,0,0,0,9,436,Free
12/4/2024 16:14:17,22.25,128.27,4.20,4,5,0,0,0,9,0,Free
12/4/2024 16:14:22,22.25,129.05,4.20,4,6,165,0,0,9,0,Free
12/4/2024 16:17:53,22.25,151.58,4.20,4,6,0,0,0,9,0,Free
12/4/2024 16:23:05,22.25,166.68,4.20,4,7,0,0,0,9,0,Free
12/4/2024 16:36:01,22.25,215.38,4.20,4,7,0,0,0,9,0,Free
12/4/2024 16:54:14,22.50,278.86,4.20,4,7,0,0,0,9,0,Free
12/4/2024 17:00:14,22.50,296.18,4.20,4,7,0,0,0,10,0,Free
12/4/2024 17:12:22,22.50,342.67,4.20,4,7,0,0,0,10,0,Free
12/4/2024 17:30:35,22.50,406.15,4.20,4,7,0,0,0,10,0,Free
12/4/2024 17:48:48,22.75,469.62,4.19,4,7,0,0,0,10,0,Free
12/4/2024 18:04:13,22.75,513.14,4.19,4,7,0,0,0,11,0,Free
12/4/2024 18:06:57,22.75,533.43,4.19,4,7,0,0,0,11,0,Free
12/4/2024 18:11:15,22.75,546.08,4.18,4,7,0,0,0,12,56,Free
12/4/2024 18:11:24,22.75,547.37,4.20,4,7,0,0,0,13,393,Free
12/4/2024 18:14:29,22.75,559.92,4.20,4,7,0,0,0,14,3578,Free
12/4/2024 18:14:43,22.75,561.28,4.20,4,7,0,0,0,15,191,Free
12/4/2024 18:14:48,22.75,561.90,4.20,4,7,0,0,0,16,6,Free
12/4/2024 18:14:50,22.75,562.95,4.20,4,7,0,0,0,17,436,Free
12/4/2024 18:15:06,22.75,564.40,4.20,4,7,0,0,0,18,276,Free
12/4/2024 18:24:50,22.75,604.19,4.20,4,7,0,0,0,18,0,Free
12/4/2024 18:29:30,22.75,617.62,4.20,4,7,0,0,0,19,0,Free
12/4/2024 18:29:32,22.75,619.21,4.19,4,7,0,0,0,20,974,Free
12/4/2024 18:30:48,22.75,623.21,4.20,4,7,0,0,0,21,39,Free
12/4/2024 18:30:54,22.75,624.31,4.20,4,7,0,0,0,22,484,Free
12/4/2024 18:42:55,22.75,670.51,4.20,4,7,0,0,0,22,0,Free
12/4/2024 18:43:39,22.75,673.08,4.19,4,7,0,0,0,23,0,Free
12/4/2024 18:55:45,22.75,707.18,4.19,4,7,0,0,0,24,56,Free
12/4/2024 18:56:30,22.75,709.74,4.20,4,7,0,0,0,25,0,Free
12/4/2024 19:01:02,22.75,735.05,4.19,4,7,0,0,0,25,0,Free
12/4/2024 19:10:32,22.75,762.13,4.19,4,8,0,0,0,25,0,Free
12/4/2024 19:12:39,22.75,768.91,4.19,4,8,0,0,0,26,308,Free
12/4/2024 19:14:14,22.75,773.70,4.19,4,8,0,0,0,27,0,Free
12/4/2024 19:19:04,22.75,799.84,4.20,4,8,0,0,0,27,0,Free
12/4/2024 19:24:27,22.75,815.25,4.19,4,8,0,0,0,28,31,Free
12/4/2024 19:37:17,22.75,863.69,4.20,4,8,0,0,0,28,0,Free
12/4/2024 19:39:56,22.75,871.55,4.20,4,8,0,0,0,29,0,Free
12/4/2024 19:40:16,22.75,873.00,4.20,4,8,0,0,0,30,0,Free
12/4/2024 19:49:11,22.75,898.41,4.19,4,9,0,0,0,30,0,Free
12/4/2024 19:50:24,22.75,902.37,4.20,4,9,0,0,0,31,0,Free
12/4/2024 19:50:42,22.75,903.54,4.19,4,9,0,0,0,32,0,Free
12/4/2024 19:50:53,22.75,904.43,4.19,4,9,0,0,0,33,0,Free
12/4/2024 19:51:12,22.75,905.88,4.19,4,9,0,0,0,34,0,Free
12/4/2024 19:51:31,22.75,907.33,4.20,4,9,0,0,0,35,0,Free
12/4/2024 19:53:33,22.75,913.52,4.19,4,9,0,0,0,36,0,Free
12/4/2024 19:54:59,22.75,930.19,4.19,4,9,0,0,0,36,0,Free
12/4/2024 19:57:22,22.75,937.22,4.19,4,9,0,0,0,37,0,Free
12/4/2024 19:57:33,22.75,938.11,4.19,4,9,0,0,0,38,0,Free
12/4/2024 20:00:13,22.75,945.97,4.19,4,10,0,0,0,38,0,Free
12/4/2024 20:00:40,22.75,948.10,4.19,4,10,0,0,0,39,402,Free
12/4/2024 20:13:05,22.75,995.42,4.19,4,10,0,0,0,39,0,Free
12/4/2024 20:13:28,22.75,996.87,4.19,4,10,0,0,0,40,0,Free
12/4/2024 20:18:23,22.75,1011.13,4.19,4,10,0,0,0,41,0,Free
12/4/2024 20:26:12,22.75,1033.20,4.19,4,10,0,0,0,42,0,Free
12/4/2024 20:31:13,22.75,1059.90,4.19,4,10,0,0,0,42,0,Free
12/4/2024 20:49:26,22.75,1123.37,4.19,4,10,0,0,0,42,0,Free
12/4/2024 21:07:39,22.75,1186.85,4.19,4,10,0,0,0,42,0,Free
12/4/2024 21:25:52,22.50,1250.32,4.19,4,10,0,0,0,42,0,Free
12/4/2024 21:44:05,22.50,1313.79,4.19,4,10,0,0,0,42,0,Free
12/4/2024 21:48:38,22.75,1326.94,4.18,4,10,0,0,0,43,0,Free
12/4/2024 21:54:56,22.50,1344.91,4.19,4,10,0,0,0,44,83,Free
12/4/2024 22:00:04,22.50,1359.73,4.18,4,10,0,0,0,45,0,Free
12/4/2024 22:00:09,22.50,1360.36,4.18,4,10,0,0,0,46,0,Free
12/4/2024 22:02:11,22.50,1378.70,4.19,4,10,0,0,0,46,0,Free
12/4/2024 22:11:23,22.50,1404.99,4.18,4,10,0,0,0,47,40,Free
12/4/2024 22:20:19,22.50,1442.55,4.19,4,10,0,0,0,47,0,Free
12/4/2024 22:22:27,22.50,1449.02,4.18,4,10,0,0,0,48,0,Free
12/4/2024 22:27:42,22.50,1464.12,4.18,4,10,0,0,0,49,0,Free
12/4/2024 22:29:51,22.50,1470.58,4.19,4,10,0,0,0,50,0,Free
12/4/2024 22:29:57,22.50,1471.62,4.18,4,10,0,0,0,51,418,Free
12/4/2024 22:34:54,22.50,1485.88,4.18,4,10,0,0,0,52,0,Free
12/4/2024 22:34:55,22.50,1486.50,4.18,4,10,0,0,0,53,0,Free
12/4/2024 22:34:56,22.50,1487.23,4.18,4,10,0,0,0,54,114,Free
12/4/2024 22:34:57,22.50,1487.89,4.18,4,10,0,0,0,55,47,Free
12/4/2024 22:34:58,22.50,1488.51,4.18,4,10,0,0,0,56,0,Free
12/4/2024 22:35:00,22.50,1489.15,4.19,4,10,0,0,0,57,30,Free
12/4/2024 22:35:01,22.50,1490.00,4.18,4,10,0,0,0,58,233,Free
12/4/2024 22:35:02,22.50,1490.80,4.18,4,10,0,0,0,59,182,Free
12/4/2024 22:35:03,22.50,1491.42,4.19,4,10,0,0,0,60,14,Free
12/4/2024 22:35:04,22.50,1492.09,4.18,4,10,0,0,0,61,47,Free
12/4/2024 22:35:05,22.50,1492.88,4.19,4,10,0,0,0,62,174,Free
12/4/2024 22:35:06,22.50,1493.78,4.19,4,10,0,0,0,63,283,Free
12/4/2024 22:35:08,22.50,1494.57,4.19,4,10,0,0,0,64,182,Free
12/4/2024 22:35:09,22.50,1495.20,4.18,4,10,0,0,0,65,14,Free
12/4/2024 22:35:10,22.50,1495.99,4.18,4,10,0,0,0,66,174,Free
12/4/2024 22:35:11,22.50,1496.78,4.18,4,10,0,0,0,67,174,Free
12/4/2024 22:35:12,22.50,1497.42,4.18,4,10,0,0,0,68,22,Free
12/4/2024 22:35:13,22.50,1498.03,4.19,4,10,0,0,0,69,0,Free
12/4/2024 22:35:14,22.50,1498.66,4.18,4,10,0,0,0,70,0,Free
12/4/2024 22:35:14,22.50,1499.32,4.18,4,10,0,0,0,71,48,Free
12/4/2024 22:35:29,22.50,1500.49,4.18,4,10,0,0,0,72,0,Free
12/4/2024 22:35:31,22.50,1501.11,4.19,4,10,0,0,0,73,0,Free
12/4/2024 22:35:32,22.50,1501.72,4.18,4,10,0,0,0,74,0,Free
12/4/2024 22:35:33,22.50,1502.34,4.18,4,10,0,0,0,75,0,Free
12/4/2024 22:35:34,22.50,1502.95,4.18,4,10,0,0,0,76,0,Free
12/4/2024 22:35:43,22.50,1509.06,4.18,4,10,0,0,0,77,5489,Free
12/4/2024 22:36:26,22.50,1523.78,4.18,4,10,0,0,0,77,0,Free
12/4/2024 22:38:03,22.50,1528.85,4.18,4,11,0,0,0,77,0,Free
12/4/2024 22:46:32,22.50,1552.87,4.18,4,11,0,0,0,78,0,Free
12/4/2024 22:52:14,22.50,1569.09,4.18,4,11,0,0,0,79,0,Free
12/4/2024 22:52:15,22.50,1569.80,4.18,4,11,0,0,0,80,97,Free
12/4/2024 22:52:17,22.50,1570.97,4.18,4,11,0,0,0,81,560,Free
12/4/2024 22:54:24,22.50,1589.59,4.19,4,11,0,0,0,81,0,Free
12/4/2024 23:12:37,22.25,1653.07,4.18,4,11,0,0,0,81,0,Free
12/4/2024 23:27:14,22.25,1694.35,4.18,4,11,0,0,0,82,0,Free
12/4/2024 23:30:45,22.25,1716.88,4.18,4,11,0,0,0,82,0,Free
12/4/2024 23:44:03,22.25,1754.27,4.18,4,11,0,0,0,83,0,Free
12/4/2024 23:48:58,22.25,1780.69,4.18,4,11,0,0,0,83,0,Free
12/5/2024 0:07:11,22.25,1844.16,4.18,4,11,0,0,0,83,0,Free
12/5/2024 0:25:24,22.00,1907.63,4.18,4,11,0,0,0,83,0,Free
12/5/2024 0:43:37,22.00,1971.11,4.18,4,11,0,0,0,83,0,Free
12/5/2024 1:01:50,22.00,2034.58,4.18,4,11,0,0,0,83,0,Free
12/5/2024 1:05:49,22.25,2046.06,4.18,4,11,0,0,0,84,0,Free
12/5/2024 1:05:50,22.25,2046.79,4.18,4,11,0,0,0,85,115,Free
12/5/2024 1:05:51,22.25,2047.41,4.18,4,11,0,0,0,86,0,Free
12/5/2024 1:05:52,22.25,2048.19,4.18,4,11,0,0,0,87,166,Free
12/5/2024 1:05:53,22.25,2048.84,4.18,4,11,0,0,0,88,30,Free
12/5/2024 1:05:54,22.25,2049.72,4.18,4,11,0,0,0,89,266,Free
12/5/2024 1:05:55,22.25,2050.33,4.18,4,11,0,0,0,90,0,Free
12/5/2024 1:05:56,22.25,2050.95,4.18,4,11,0,0,0,91,0,Free
12/5/2024 1:06:06,22.25,2052.22,4.18,4,11,0,0,0,92,383,Free
12/5/2024 1:06:07,22.25,2052.90,4.18,4,11,0,0,0,93,64,Free
12/5/2024 1:06:13,22.25,2058.39,4.18,4,11,0,0,0,94,4870,Free
12/5/2024 1:13:37,22.00,2079.48,4.18,4,11,0,0,0,95,141,Free
12/5/2024 1:13:43,22.00,2080.10,4.18,4,11,0,0,0,96,0,Free
12/5/2024 1:14:23,22.00,2082.49,4.18,4,11,0,0,0,97,106,Free
12/5/2024 1:19:18,22.00,2108.91,4.18,4,11,0,0,0,97,0,Free
12/5/2024 1:31:18,22.00,2143.29,4.18,4,11,0,0,0,98,612,Free
12/5/2024 1:31:48,22.00,2145.10,4.18,4,11,0,0,0,99,81,Free
12/5/2024 1:37:32,22.00,2173.75,4.18,4,11,0,0,0,99,0,Free
12/5/2024 1:54:38,22.00,2222.00,4.18,4,11,0,0,0,100,0,Free
12/5/2024 1:54:40,22.00,2222.62,4.18,4,11,0,0,0,101,0,Free
12/5/2024 1:54:43,22.00,2223.23,4.18,4,11,0,0,0,102,0,Free
12/5/2024 1:54:46,22.00,2223.85,4.18,4,11,0,0,0,103,0,Free
12/5/2024 1:55:30,22.00,2238.57,4.18,4,11,0,0,0,103,0,Free
12/5/2024 2:13:43,22.00,2302.04,4.18,4,11,0,0,0,103,0,Free
12/5/2024 2:31:56,22.00,2365.52,4.18,4,11,0,0,0,103,0,Free
12/5/2024 2:50:09,22.00,2428.99,4.17,4,11,0,0,0,103,0,Free
12/5/2024 3:08:22,22.00,2492.46,4.18,4,11,0,0,0,103,0,Free
12/5/2024 3:26:35,22.00,2555.94,4.17,4,11,0,0,0,103,0,Free
12/5/2024 3:44:48,22.00,2619.41,4.18,4,11,0,0,0,103,0,Free
12/5/2024 4:03:01,22.00,2682.89,4.17,4,11,0,0,0,103,0,Free
12/5/2024 4:21:14,22.00,2746.36,4.17,4,11,0,0,0,103,0,Free
12/5/2024 4:37:37,22.00,2792.38,4.17,4,11,0,0,0,104,0,Free
12/5/2024 4:39:26,22.00,2810.17,4.18,4,11,0,0,0,104,0,Free
12/5/2024 4:57:39,22.00,2873.64,4.17,4,11,0,0,0,104,0,Free
12/5/2024 5:09:54,22.00,2908.24,4.17,4,11,0,0,0,105,0,Free
12/5/2024 5:15:50,22.00,2937.45,4.17,4,11,0,0,0,105,0,Free
12/5/2024 5:16:40,22.00,2940.32,4.17,4,11,0,0,0,106,22,Free
12/5/2024 5:21:49,22.00,2955.19,4.17,4,11,0,0,0,107,47,Free
12/5/2024 5:23:58,22.00,2962.17,4.17,4,11,0,0,0,108,511,Free
12/5/2024 5:24:00,22.00,2964.03,4.17,4,11,0,0,0,109,1243,Free
12/5/2024 5:33:49,22.00,3004.10,4.16,4,11,0,0,0,109,0,Free
12/5/2024 5:42:20,22.00,3028.53,4.17,4,11,0,0,0,110,139,Free
12/5/2024 5:43:10,22.00,3031.37,4.17,4,11,0,0,0,111,0,Free
12/5/2024 5:43:13,22.00,3032.24,4.17,4,11,0,0,0,112,250,Free
12/5/2024 5:44:26,22.00,3036.51,4.17,4,11,0,0,0,113,308,Free
12/5/2024 5:44:33,22.00,3037.76,4.17,4,11,0,0,0,114,359,Free
12/5/2024 5:44:39,22.00,3039.28,4.16,4,11,0,0,0,115,905,Free
12/5/2024 5:46:01,22.00,3043.52,4.17,4,12,0,0,0,115,0,Free
12/5/2024 5:46:07,22.00,3044.13,4.17,4,13,0,0,0,115,0,Free
12/5/2024 5:51:39,22.00,3072.23,4.18,4,13,0,0,0,115,0,Free
12/5/2024 5:51:45,22.00,3072.90,4.16,4,13,0,0,0,116,61,Free
12/5/2024 5:56:06,22.00,3085.50,4.17,4,14,0,0,0,116,0,Free
12/5/2024 6:08:49,22.00,3121.79,4.16,4,14,0,0,0,117,291,Free
12/5/2024 6:09:06,22.00,3127.31,4.16,4,14,0,0,0,118,4353,Free
12/5/2024 6:09:07,22.00,3127.93,4.17,4,14,0,0,0,119,0,Free
12/5/2024 6:09:39,22.00,3142.09,4.17,4,14,0,0,0,119,0,Free
12/5/2024 6:16:36,22.00,3162.20,4.17,4,14,0,0,0,120,266,Free
12/5/2024 6:19:42,22.00,3171.46,4.17,4,14,0,0,0,121,0,Free
12/5/2024 6:19:45,22.00,3172.79,4.16,4,14,0,0,0,122,720,Free
12/5/2024 6:27:41,22.00,3207.57,4.17,4,14,0,0,0,122,0,Free
12/5/2024 6:45:54,22.00,3271.04,4.17,4,14,0,0,0,122,0,Free
12/5/2024 7:04:07,22.00,3334.52,4.17,4,14,0,0,0,122,0,Free
12/5/2024 7:22:20,22.00,3397.99,4.17,4,14,0,0,0,122,0,Free
12/5/2024 7:40:33,22.00,3461.46,4.16,4,14,0,0,0,122,0,Free
12/5/2024 7:58:46,22.00,3524.93,4.16,4,14,0,0,0,122,0,Free
12/5/2024 8:16:59,22.00,3588.41,4.16,4,14,0,0,0,122,0,Free
12/5/2024 8:35:12,22.00,3651.88,4.16,4,14,0,0,0,122,0,Free
12/5/2024 8:43:23,22.00,3675.06,4.16,4,14,0,0,0,123,0,Free
12/5/2024 8:43:24,22.00,3675.67,4.16,4,14,0,0,0,124,0,Free
12/5/2024 8:43:26,22.00,3676.29,4.16,4,14,0,0,0,125,0,Free
12/5/2024 8:43:27,22.00,3676.94,4.16,4,14,0,0,0,126,39,Free
12/5/2024 8:43:35,22.00,3678.69,4.16,4,14,0,0,0,127,856,Free
12/5/2024 8:43:56,22.00,3680.20,4.16,4,14,0,0,0,128,56,Free
12/5/2024 8:53:03,22.00,3718.32,4.16,4,14,0,0,0,128,0,Free
12/5/2024 8:54:03,22.00,3721.45,4.16,4,15,0,0,0,128,0,Free
12/5/2024 8:54:04,22.00,3722.11,4.16,4,16,47,0,0,128,0,Free
12/5/2024 8:54:26,22.00,3723.56,4.16,4,16,0,0,0,129,0,Free
12/5/2024 8:54:27,22.00,3724.17,4.16,4,16,0,0,0,130,0,Free
12/5/2024 8:54:41,22.00,3726.49,4.16,4,16,0,0,0,131,1141,Free
12/5/2024 8:54:42,22.00,3727.11,4.16,4,16,0,0,0,132,0,Free
12/5/2024 9:10:56,22.00,3785.01,4.16,4,16,0,0,0,132,0,Free
12/5/2024 9:29:09,22.00,3848.48,4.16,4,16,0,0,0,132,0,Free
12/5/2024 9:47:22,22.00,3911.95,4.16,4,16,0,0,0,132,0,Free
12/5/2024 10:05:35,22.00,3975.43,4.16,4,16,0,0,0,132,0,Free
12/5/2024 10:23:48,22.00,4038.91,4.16,4,16,0,0,0,132,0,Free
12/5/2024 10:42:01,22.00,4102.38,4.16,4,16,0,0,0,132,0,Free
12/5/2024 11:00:14,22.00,4165.85,4.16,4,16,0,0,0,132,0,Free
12/5/2024 11:04:27,22.00,4179.71,4.16,4,16,0,0,0,133,1816,Free
12/5/2024 11:04:45,22.00,4181.90,4.16,4,16,0,0,0,134,1024,Free
12/5/2024 11:04:55,22.00,4183.37,4.16,4,16,0,0,0,135,569,Free
12/5/2024 11:05:00,22.00,4184.75,4.16,4,16,0,0,0,136,772,Free
12/5/2024 11:05:03,22.00,4185.99,4.16,4,16,0,0,0,137,621,Free
12/5/2024 11:05:16,22.00,4188.08,4.16,4,16,0,0,0,138,1202,Free
12/5/2024 11:05:21,22.00,4188.70,4.16,4,16,0,0,0,139,0,Free
12/5/2024 11:05:29,22.00,4190.97,4.16,4,16,0,0,0,140,1648,Free
12/5/2024 11:06:56,22.00,4195.48,4.16,4,16,0,0,0,141,0,Free
12/5/2024 11:07:10,22.00,4196.65,4.15,4,16,0,0,0,142,0,Free
12/5/2024 11:07:13,22.00,4198.88,4.16,4,16,0,0,0,143,1613,Free
12/5/2024 11:07:20,22.00,4199.80,4.16,4,16,0,0,0,144,22,Free
12/5/2024 11:07:21,22.00,4200.87,4.16,4,16,0,0,0,145,460,Free
12/5/2024 11:07:25,22.00,4202.14,4.16,4,16,0,0,0,146,654,Free
12/5/2024 11:18:02,22.00,4244.44,4.16,4,16,0,0,0,146,0,Free
12/5/2024 11:36:15,22.00,4307.92,4.16,4,16,0,0,0,146,0,Free
12/5/2024 11:54:28,22.00,4371.39,4.16,4,16,0,0,0,146,0,Free
12/5/2024 12:12:41,22.00,4434.86,4.15,4,16,0,0,0,146,0,Free
12/5/2024 12:30:54,22.00,4498.34,4.16,4,16,0,0,0,146,0,Free
12/5/2024 12:49:07,21.75,4561.81,4.16,4,16,0,0,0,146,0,Free
12/5/2024 13:07:20,21.75,4625.28,4.16,4,16,0,0,0,146,0,Free
12/5/2024 13:25:33,21.75,4688.75,4.15,4,16,0,0,0,146,0,Free
12/5/2024 13:43:46,21.75,4752.23,4.16,4,16,0,0,0,146,0,Free
12/5/2024 13:54:22,21.75,4782.38,4.15,4,16,0,0,0,147,0,Free
12/5/2024 13:54:36,21.75,4783.56,4.15,4,16,0,0,0,148,0,Free
12/5/2024 13:54:38,21.75,4784.17,4.15,4,16,0,0,0,149,0,Free
12/5/2024 13:55:10,21.75,4786.84,4.15,4,16,0,0,0,150,662,Free
12/5/2024 13:55:16,21.75,4787.73,4.15,4,16,0,0,0,151,0,Free
12/5/2024 13:55:26,21.75,4788.63,4.15,4,16,0,0,0,152,0,Free
12/5/2024 13:55:29,21.75,4789.24,4.15,4,16,0,0,0,153,0,Free
12/5/2024 13:55:30,21.75,4789.89,4.15,4,16,0,0,0,154,30,Free
12/5/2024 13:55:54,21.75,4792.62,4.15,4,16,0,0,0,155,1283,Free
12/5/2024 13:55:57,21.75,4794.90,4.15,4,16,0,0,0,156,1661,Free
12/5/2024 13:56:00,21.75,4795.52,4.15,4,16,0,0,0,157,0,Free
12/5/2024 13:56:10,21.75,4796.43,4.16,4,16,0,0,0,158,14,Free
12/5/2024 13:56:17,21.75,4797.59,4.15,4,16,0,0,0,159,552,Free
12/5/2024 13:56:33,21.75,4803.29,4.15,4,16,0,0,0,160,4803,Free
12/5/2024 13:57:30,22.00,4806.41,4.15,4,16,0,0,0,161,0,Free
12/5/2024 13:57:32,22.00,4807.30,4.14,4,16,0,0,0,162,275,Free
12/5/2024 13:57:38,22.00,4808.19,4.15,4,16,0,0,0,163,0,Free
12/5/2024 13:57:41,22.00,4809.30,4.15,4,16,0,0,0,164,485,Free
12/5/2024 13:57:42,22.00,4810.09,4.15,4,16,0,0,0,165,174,Free
12/5/2024 13:57:43,22.00,4810.93,4.15,4,16,0,0,0,166,223,Free
12/5/2024 13:57:45,22.00,4811.82,4.15,4,16,0,0,0,167,275,Free
12/5/2024 13:57:47,22.00,4812.43,4.15,4,16,0,0,0,168,0,Free
12/5/2024 13:57:51,22.00,4813.49,4.16,4,16,0,0,0,169,442,Free
12/5/2024 14:00:47,22.00,4834.34,4.15,4,16,0,0,0,169,0,Free
12/5/2024 14:19:00,22.00,4897.81,4.16,4,16,0,0,0,169,0,Free
12/5/2024 14:37:13,22.00,4961.29,4.15,4,16,0,0,0,169,0,Free
12/5/2024 14:55:26,22.00,5024.77,4.14,4,16,0,0,0,169,0,Free
12/5/2024 15:13:39,22.00,5088.24,4.15,4,16,0,0,0,169,0,Free
12/5/2024 15:15:11,22.00,5094.36,4.14,4,16,0,0,0,170,1328,Free
12/5/2024 15:15:27,22.00,5095.53,4.15,4,16,0,0,0,171,0,Free
12/5/2024 15:15:29,22.00,5096.39,4.15,4,16,0,0,0,172,241,Free
12/5/2024 15:15:30,22.00,5097.01,4.15,4,16,0,0,0,173,0,Free
12/5/2024 15:15:45,22.00,5098.36,4.15,4,16,0,0,0,174,182,Free
12/5/2024 15:15:51,22.00,5099.01,4.15,4,16,0,0,0,175,38,Free
12/5/2024 15:15:54,22.00,5099.92,4.14,4,16,0,0,0,176,291,Free
12/5/2024 15:15:56,22.00,5101.36,4.15,4,16,0,0,0,177,821,Free
12/5/2024 15:15:57,22.00,5102.05,4.14,4,16,0,0,0,178,80,Free
12/5/2024 15:15:59,22.00,5102.70,4.15,4,16,0,0,0,179,30,Free
12/5/2024 15:16:03,22.00,5103.31,4.14,4,16,0,0,0,180,0,Free
12/5/2024 15:16:06,22.00,5104.51,4.15,4,16,0,0,0,181,586,Free
12/5/2024 15:16:12,22.00,5105.43,4.15,4,16,0,0,0,182,301,Free
12/5/2024 15:16:18,22.00,5106.32,4.15,4,16,0,0,0,183,0,Free
12/5/2024 15:16:23,22.00,5109.92,4.14,4,16,0,0,0,184,2980,Free
12/5/2024 15:16:35,22.00,5113.65,4.15,4,16,0,0,0,185,2839,Free
12/5/2024 15:16:35,22.00,5114.27,4.15,4,16,0,0,0,186,0,Free
12/5/2024 15:16:39,22.00,5117.71,4.15,4,16,0,0,0,187,2829,Free
12/5/2024 15:16:44,22.00,5118.33,4.15,4,16,0,0,0,188,0,Free
12/5/2024 15:16:48,22.00,5118.94,4.14,4,16,0,0,0,189,0,Free
12/5/2024 15:16:52,22.00,5120.46,4.15,4,16,0,0,0,190,897,Free
12/5/2024 15:16:55,22.00,5121.29,4.15,4,16,0,0,0,191,215,Free
12/5/2024 15:16:56,22.00,5121.90,4.14,4,16,0,0,0,192,0,Free
12/5/2024 15:17:08,22.00,5122.80,4.15,4,16,0,0,0,193,0,Free
12/5/2024 15:17:09,22.00,5123.42,4.15,4,16,0,0,0,194,0,Free
12/5/2024 15:17:10,22.00,5124.03,4.15,4,16,0,0,0,195,0,Free
12/5/2024 15:17:16,22.00,5124.78,4.15,4,16,0,0,0,196,127,Free
12/5/2024 15:17:18,22.00,5126.14,4.14,4,16,0,0,0,197,746,Free
12/5/2024 15:17:23,22.00,5126.76,4.14,4,16,0,0,0,198,5,Free
12/5/2024 15:17:25,22.00,5127.37,4.15,4,16,0,0,0,199,0,Free
12/5/2024 15:17:27,22.00,5127.99,4.15,4,16,0,0,0,200,0,Free
12/5/2024 15:17:28,22.00,5128.77,4.15,4,16,0,0,0,201,156,Free
12/5/2024 15:17:46,22.00,5130.40,4.15,4,16,0,0,0,202,461,Free
12/5/2024 15:17:46,22.00,5131.01,4.15,4,16,0,0,0,203,0,Free
12/5/2024 15:17:50,22.00,5132.06,4.16,4,16,0,0,0,204,435,Free
12/5/2024 15:18:11,22.00,5133.51,4.14,4,16,0,0,0,205,0,Free
12/5/2024 15:18:13,22.00,5135.21,4.15,4,16,0,0,0,206,1083,Free
12/5/2024 15:18:17,22.00,5136.09,4.15,4,16,0,0,0,207,258,Free
12/5/2024 15:18:32,22.00,5137.26,4.15,4,16,0,0,0,208,0,Free
12/5/2024 15:23:03,22.00,5150.77,4.14,4,16,0,0,0,209,358,Free
12/5/2024 15:23:08,22.00,5151.87,4.14,4,16,0,0,0,210,485,Free
12/5/2024 15:23:13,22.00,5153.41,4.15,4,16,0,0,0,211,924,Free
12/5/2024 15:29:50,22.00,5184.57,4.15,4,16,0,0,0,211,0,Free
12/5/2024 15:48:03,22.00,5248.04,4.15,4,16,0,0,0,211,0,Free
12/5/2024 16:06:16,22.00,5311.52,4.14,4,16,0,0,0,211,0,Free
12/5/2024 16:22:32,22.00,5357.26,4.14,4,16,0,0,0,212,0,Free
12/5/2024 16:22:33,22.00,5357.88,4.15,4,16,0,0,0,213,0,Free
12/5/2024 16:22:40,22.00,5359.61,4.15,4,16,0,0,0,214,1114,Free
12/5/2024 16:23:17,22.00,5361.89,4.14,4,16,0,0,0,215,0,Free
12/5/2024 16:23:18,22.00,5362.63,4.15,4,16,0,0,0,216,122,Free
12/5/2024 16:23:22,22.00,5363.25,4.15,4,16,0,0,0,217,0,Free
12/5/2024 16:23:24,22.00,5364.97,4.14,4,16,0,0,0,218,1097,Free
12/5/2024 16:23:25,22.00,5365.80,4.14,4,16,0,0,0,219,215,Free
12/5/2024 16:23:26,22.00,5366.91,4.14,4,16,0,0,0,220,501,Free
12/5/2024 16:23:28,22.00,5367.63,4.14,4,16,0,0,0,221,97,Free
12/5/2024 16:23:28,22.00,5368.36,4.15,4,16,0,0,0,222,114,Free
12/5/2024 16:23:33,22.00,5370.23,4.14,4,16,0,0,0,223,1252,Free
12/5/2024 16:23:47,22.00,5383.55,4.14,4,16,0,0,0,223,0,Free
12/5/2024 16:24:38,22.00,5386.40,4.14,4,16,0,0,0,224,0,Free
12/5/2024 16:24:39,22.00,5387.01,4.14,4,16,0,0,0,225,0,Free
12/5/2024 16:24:40,22.00,5387.76,4.15,4,16,0,0,0,226,131,Free
12/5/2024 16:24:42,22.00,5388.38,4.14,4,16,0,0,0,227,0,Free
12/5/2024 16:24:43,22.00,5388.99,4.15,4,16,0,0,0,228,0,Free
12/5/2024 16:24:44,22.00,5389.60,4.15,4,16,0,0,0,229,0,Free
12/5/2024 16:24:49,22.00,5390.63,4.14,4,16,0,0,0,230,401,Free
12/5/2024 16:24:55,22.00,5391.24,4.14,4,16,0,0,0,231,0,Free
12/5/2024 16:25:00,22.00,5391.98,4.14,4,16,0,0,0,232,124,Free
12/5/2024 16:25:02,22.00,5392.59,4.15,4,16,0,0,0,233,0,Free
12/5/2024 16:25:17,22.00,5396.49,4.14,4,16,0,0,0,234,3003,Free
12/5/2024 16:41:30,22.00,5454.39,4.15,4,16,0,0,0,234,0,Free
12/5/2024 16:59:43,22.00,5517.86,4.14,4,16,0,0,0,234,0,Free
12/5/2024 17:04:33,22.00,5531.85,4.15,4,16,0,0,0,235,0,Free
12/5/2024 17:04:34,22.00,5532.47,4.14,4,16,0,0,0,236,0,Free
12/5/2024 17:04:35,22.00,5533.88,4.14,4,16,0,0,0,237,797,Free
12/5/2024 17:04:37,22.00,5534.96,4.14,4,16,0,0,0,238,469,Free
12/5/2024 17:04:37,22.00,5535.58,4.14,4,16,0,0,0,239,0,Free
12/5/2024 17:04:48,22.00,5536.47,4.14,4,16,0,0,0,240,0,Free
12/5/2024 17:05:14,22.00,5538.97,4.14,4,16,0,0,0,241,764,Free
12/5/2024 17:05:40,22.00,5541.45,4.14,4,16,0,0,0,242,747,Free
12/5/2024 17:06:01,22.00,5542.93,4.14,4,16,0,0,0,243,30,Free
12/5/2024 17:06:10,22.00,5544.31,4.14,4,16,0,0,0,244,477,Free
12/5/2024 17:06:13,22.00,5544.92,4.15,4,16,0,0,0,245,0,Free
12/5/2024 17:06:15,22.00,5545.53,4.14,4,16,0,0,0,246,0,Free
12/5/2024 17:06:17,22.00,5546.15,4.14,4,16,0,0,0,247,0,Free
12/5/2024 17:06:18,22.00,5546.77,4.14,4,16,0,0,0,248,0,Free
12/5/2024 17:06:22,22.00,5547.38,4.15,4,16,0,0,0,249,0,Free
12/5/2024 17:06:24,22.00,5548.00,4.14,4,16,0,0,0,250,0,Free
12/5/2024 17:06:26,22.00,5548.61,4.14,4,16,0,0,0,251,0,Free
12/5/2024 17:06:27,22.00,5549.23,4.14,4,16,0,0,0,252,0,Free
12/5/2024 17:06:48,22.00,5550.69,4.15,4,16,0,0,0,253,0,Free
12/5/2024 17:06:49,22.00,5551.30,4.15,4,16,0,0,0,254,0,Free
12/5/2024 17:06:51,22.00,5551.92,4.14,4,16,0,0,0,255,0,Free
12/5/2024 17:06:53,22.00,5552.53,4.14,4,16,0,0,0,256,0,Free
12/5/2024 17:06:54,22.00,5553.33,4.14,4,16,0,0,0,257,182,Free
12/5/2024 17:06:57,22.00,5553.94,4.14,4,16,0,0,0,258,0,Free
12/5/2024 17:07:07,22.00,5555.10,4.14,4,16,0,0,0,259,258,Free
12/5/2024 17:07:08,22.00,5555.73,4.15,4,16,0,0,0,260,14,Free
12/5/2024 17:07:11,22.00,5556.34,4.15,4,16,0,0,0,261,0,Free
12/5/2024 17:07:12,22.00,5556.99,4.14,4,16,0,0,0,262,30,Free
12/5/2024 17:07:13,22.00,5557.65,4.14,4,16,0,0,0,263,47,Free
12/5/2024 17:07:25,22.00,5558.60,4.14,4,16,0,0,0,264,56,Free
12/5/2024 17:07:30,22.00,5559.22,4.14,4,16,0,0,0,265,0,Free
12/5/2024 17:07:31,22.00,5559.83,4.14,4,16,0,0,0,266,0,Free
12/5/2024 17:07:32,22.00,5560.57,4.15,4,16,0,0,0,267,123,Free
12/5/2024 17:07:38,22.00,5561.32,4.14,4,16,0,0,0,268,132,Free
12/5/2024 17:07:44,22.00,5565.17,4.14,4,16,0,0,0,269,3232,Free
12/5/2024 17:07:47,22.00,5565.79,4.14,4,16,0,0,0,270,0,Free
12/5/2024 17:07:49,22.00,5567.46,4.15,4,16,0,0,0,271,1058,Free
12/5/2024 17:08:06,22.00,5569.61,4.14,4,16,0,0,0,272,973,Free
12/5/2024 17:08:10,22.00,5570.47,4.14,4,16,0,0,0,273,249,Free
12/5/2024 17:08:13,22.00,5572.18,4.14,4,16,0,0,0,274,1093,Free
12/5/2024 17:08:17,22.00,5573.62,4.14,4,16,0,0,0,275,823,Free
12/5/2024 17:08:29,22.00,5574.99,4.14,4,16,0,0,0,276,476,Free
12/5/2024 17:08:51,22.00,5576.91,4.14,4,16,0,0,0,277,468,Free
12/5/2024 17:12:51,22.00,5589.82,4.14,4,16,0,0,0,278,1429,Free
12/5/2024 17:13:19,22.00,5592.05,4.14,4,16,0,0,0,279,502,Free
12/5/2024 17:13:21,22.00,5592.92,4.14,4,16,0,0,0,280,258,Free
12/5/2024 17:15:28,22.00,5611.54,4.14,4,16,0,0,0,280,0,Free
12/5/2024 17:25:10,22.25,5639.58,4.14,4,16,0,0,0,281,681,Free
12/5/2024 17:28:23,22.25,5648.91,4.14,4,16,0,0,0,282,79,Free
12/5/2024 17:28:24,22.25,5649.64,4.14,4,16,0,0,0,283,115,Free
12/5/2024 17:28:26,22.25,5650.42,4.14,4,16,0,0,0,284,157,Free
12/5/2024 17:33:33,22.25,5677.39,4.14,4,16,0,0,0,284,0,Free
12/5/2024 17:33:53,22.25,5678.85,4.14,4,16,0,0,0,285,0,Free
12/5/2024 17:33:57,22.25,5680.80,4.14,4,16,0,0,0,286,1335,Free
12/5/2024 17:34:07,22.25,5683.22,4.14,4,16,0,0,0,287,1530,Free
12/5/2024 17:34:12,22.25,5685.94,4.14,4,16,0,0,0,288,2107,Free
12/5/2024 17:34:15,22.25,5686.56,4.14,4,16,0,0,0,289,0,Free
12/5/2024 17:34:17,22.25,5687.87,4.14,4,16,0,0,0,290,703,Free
12/5/2024 17:34:19,22.25,5689.54,4.14,4,16,0,0,0,291,1056,Free
12/5/2024 17:34:24,22.25,5690.58,4.14,4,16,0,0,0,292,407,Free
12/5/2024 17:34:25,22.25,5691.72,4.14,4,16,0,0,0,293,526,Free
12/5/2024 17:34:29,22.25,5693.53,4.14,4,16,0,0,0,294,1197,Free
12/5/2024 17:34:31,22.25,5694.29,4.14,4,16,0,0,0,295,147,Free
12/5/2024 17:34:37,22.25,5697.05,4.14,4,16,0,0,0,296,2139,Free
12/5/2024 17:34:41,22.25,5698.08,4.14,4,16,0,0,0,297,417,Free
12/5/2024 17:34:47,22.25,5700.61,4.14,4,16,0,0,0,298,1913,Free
12/5/2024 17:35:30,22.25,5704.42,4.14,4,16,0,0,0,299,1249,Free
12/5/2024 17:35:34,22.25,5705.36,4.14,4,16,0,0,0,300,325,Free
12/5/2024 17:35:39,22.25,5707.81,4.14,4,16,0,0,0,301,1829,Free
12/5/2024 17:36:10,22.25,5709.82,4.14,4,16,0,0,0,302,0,Free
12/5/2024 17:39:47,22.25,5720.46,4.14,4,16,0,0,0,303,0,Free
12/5/2024 17:39:48,22.25,5721.27,4.13,4,16,0,0,0,304,189,Free
12/5/2024 17:39:51,22.25,5721.91,4.14,4,16,0,0,0,305,30,Free
12/5/2024 17:39:56,22.25,5723.16,4.14,4,16,0,0,0,306,637,Free
12/5/2024 17:40:05,22.25,5724.20,4.14,4,16,0,0,0,307,148,Free
12/5/2024 17:40:09,22.25,5725.06,4.14,4,16,0,0,0,308,240,Free
12/5/2024 17:40:16,22.25,5727.58,4.14,4,16,0,0,0,309,1905,Free
12/5/2024 17:40:19,22.25,5729.13,4.14,4,16,0,0,0,310,930,Free
12/5/2024 17:40:22,22.25,5729.86,4.14,4,16,0,0,0,311,122,Free
12/5/2024 17:40:31,22.25,5731.10,4.15,4,16,0,0,0,312,341,Free
12/5/2024 17:40:35,22.25,5732.05,4.14,4,16,0,0,0,313,332,Free
12/5/2024 17:40:41,22.25,5736.17,4.14,4,16,0,0,0,314,3506,Free
12/5/2024 17:40:47,22.25,5736.78,4.12,4,16,0,0,0,315,0,Free
12/5/2024 17:45:42,22.25,5751.07,4.14,4,16,0,0,0,316,22,Free
12/5/2024 17:45:49,22.25,5752.84,4.14,4,16,0,0,0,317,1149,Free
12/5/2024 17:50:26,22.25,5778.42,4.14,4,16,0,0,0,317,0,Free
12/5/2024 18:08:39,22.00,5841.90,4.14,4,16,0,0,0,317,0,Free
12/5/2024 18:11:14,22.25,5849.52,4.14,4,16,0,0,0,318,39,Free
12/5/2024 18:11:17,22.25,5850.14,4.14,4,16,0,0,0,319,0,Free
12/5/2024 18:11:29,22.25,5851.32,4.14,4,16,0,0,0,320,287,Free
12/5/2024 18:11:31,22.25,5852.59,4.14,4,16,0,0,0,321,662,Free
12/5/2024 18:11:34,22.25,5853.25,4.14,4,16,0,0,0,322,39,Free
12/5/2024 18:11:35,22.25,5854.13,4.14,4,16,0,0,0,323,258,Free
12/5/2024 18:11:40,22.25,5854.92,4.14,4,16,0,0,0,324,181,Free
12/5/2024 18:11:42,22.25,5857.07,4.14,4,16,0,0,0,325,1537,Free
12/5/2024 18:11:45,22.25,5857.69,4.14,4,16,0,0,0,326,0,Free
12/5/2024 18:11:46,22.25,5858.30,4.15,4,16,0,0,0,327,0,Free
12/5/2024 18:11:55,22.25,5860.00,4.14,4,16,0,0,0,328,803,Free
12/5/2024 18:12:15,22.25,5861.53,4.14,4,16,0,0,0,329,81,Free
12/5/2024 18:12:19,22.25,5862.15,4.15,4,16,0,0,0,330,0,Free
12/5/2024 18:12:22,22.25,5863.20,4.14,4,16,0,0,0,331,434,Free
12/5/2024 18:12:26,22.25,5864.20,4.14,4,16,0,0,0,332,385,Free
12/5/2024 18:12:29,22.25,5865.19,4.14,4,16,0,0,0,333,376,Free
12/5/2024 18:12:30,22.25,5865.93,4.14,4,16,0,0,0,334,122,Free
12/5/2024 18:12:32,22.25,5866.83,4.14,4,16,0,0,0,335,291,Free
12/5/2024 18:12:39,22.25,5867.98,4.14,4,16,0,0,0,336,249,Free
12/5/2024 18:12:43,22.25,5868.59,4.15,4,16,0,0,0,337,0,Free
12/5/2024 18:13:17,22.25,5871.08,4.14,4,16,0,0,0,338,477,Free
12/5/2024 18:13:17,22.25,5871.71,4.14,4,16,0,0,0,339,13,Free
12/5/2024 18:13:24,22.25,5873.66,4.14,4,16,0,0,0,340,1335,Free
12/5/2024 18:13:25,22.25,5874.65,4.14,4,16,0,0,0,341,376,Free
12/5/2024 18:13:27,22.25,5875.72,4.14,4,16,0,0,0,342,460,Free
12/5/2024 18:13:31,22.25,5878.69,4.14,4,16,0,0,0,343,2346,Free
12/5/2024 18:13:35,22.25,5879.31,4.14,4,16,0,0,0,344,0,Free
12/5/2024 18:14:01,22.25,5882.42,4.14,4,16,0,0,0,345,1663,Free
12/5/2024 18:14:10,22.25,5884.35,4.14,4,16,0,0,0,346,1033,Free
12/5/2024 18:14:11,22.25,5885.30,4.14,4,16,0,0,0,347,334,Free
12/5/2024 18:20:48,22.00,5904.30,4.14,4,16,0,0,0,348,0,Free
12/5/2024 18:20:49,22.00,5904.91,4.12,4,16,0,0,0,349,0,Free
12/5/2024 18:21:01,22.00,5907.22,4.14,4,16,0,0,0,350,1409,Free
12/5/2024 18:21:12,22.00,5908.38,4.14,4,16,0,0,0,351,266,Free
12/5/2024 18:21:15,22.00,5909.80,4.14,4,16,0,0,0,352,805,Free
12/5/2024 18:21:24,22.00,5911.86,4.14,4,16,0,0,0,353,1167,Free
12/5/2024 18:21:27,22.00,5913.86,4.14,4,16,0,0,0,354,1386,Free
12/5/2024 18:21:29,22.00,5914.48,4.14,4,16,0,0,0,355,0,Free
12/5/2024 18:25:00,22.00,5937.00,4.14,4,16,0,0,0,355,0,Free
12/5/2024 18:40:14,22.00,5981.38,4.14,4,16,0,0,0,356,1419,Free
12/5/2024 18:40:18,22.00,5982.78,4.12,4,16,0,0,0,357,788,Free
12/5/2024 18:40:27,22.00,5983.67,4.14,4,16,0,0,0,358,0,Free
12/5/2024 18:40:29,22.00,5984.37,4.14,4,16,0,0,0,359,81,Free
12/5/2024 18:40:36,22.00,5986.08,4.14,4,16,0,0,0,360,1092,Free
12/5/2024 18:40:38,22.00,5986.90,4.14,4,16,0,0,0,361,208,Free
12/5/2024 18:40:46,22.00,5988.00,4.14,4,16,0,0,0,362,208,Free
12/5/2024 18:40:47,22.00,5988.74,4.14,4,16,0,0,0,363,123,Free
12/5/2024 18:40:48,22.00,5989.36,4.14,4,16,0,0,0,364,0,Free
12/5/2024 18:40:56,22.00,5990.25,4.14,4,16,0,0,0,365,0,Free
12/5/2024 18:40:57,22.00,5990.86,4.14,4,16,0,0,0,366,0,Free
12/5/2024 18:41:03,22.00,5991.48,4.14,4,16,0,0,0,367,0,Free
12/5/2024 18:41:15,22.00,5992.65,4.14,4,16,0,0,0,368,0,Free
12/5/2024 18:41:19,22.00,5993.27,4.14,4,16,0,0,0,369,0,Free
12/5/2024 18:41:22,22.00,5994.86,4.14,4,16,0,0,0,370,966,Free
12/5/2024 18:41:24,22.00,5995.47,4.14,4,16,0,0,0,371,0,Free
12/5/2024 18:41:43,22.00,5996.95,4.14,4,16,0,0,0,372,308,Free
12/5/2024 18:41:50,22.00,5998.10,4.14,4,16,0,0,0,373,258,Free
12/5/2024 18:41:58,22.00,5999.00,4.14,4,16,0,0,0,374,0,Free
12/5/2024 18:42:11,22.00,6012.33,4.14,4,16,0,0,0,374,0,Free
12/5/2024 18:44:20,22.00,6018.79,4.14,4,17,0,0,0,374,0,Free
12/5/2024 18:45:58,22.00,6023.86,4.14,4,17,0,0,0,375,0,Free
12/5/2024 18:46:12,22.00,6025.51,4.14,4,17,0,0,0,376,477,Free
12/5/2024 18:49:26,22.00,6035.43,4.14,4,17,0,0,0,377,384,Free
12/5/2024 18:49:34,22.00,6037.20,4.14,4,17,0,0,0,378,881,Free
12/5/2024 18:49:35,22.00,6038.77,4.14,4,17,0,0,0,379,948,Free
12/5/2024 18:49:39,22.00,6042.12,4.14,4,17,0,0,0,380,2735,Free
12/5/2024 18:49:47,22.00,6043.13,4.14,4,17,0,0,0,381,124,Free
12/5/2024 18:49:49,22.00,6043.75,4.14,4,17,0,0,0,382,0,Free
12/5/2024 18:49:50,22.00,6044.36,4.14,4,17,0,0,0,383,0,Free
12/5/2024 18:49:56,22.00,6050.12,4.14,4,17,0,0,0,384,5139,Free
12/5/2024 18:51:40,22.00,6056.85,4.14,4,17,0,0,0,385,1656,Free
12/5/2024 18:51:42,22.00,6058.19,4.14,4,17,0,0,0,386,721,Free
12/5/2024 18:51:44,22.00,6059.12,4.14,4,17,0,0,0,387,316,Free
12/5/2024 18:51:49,22.00,6063.01,4.14,4,17,0,0,0,388,3282,Free
12/5/2024 18:52:27,22.25,6066.18,4.14,4,17,0,0,0,389,878,Free
12/5/2024 18:56:24,22.00,6078.60,4.14,4,17,0,0,0,390,941,Free
12/5/2024 18:56:29,22.00,6081.95,4.14,4,17,0,0,0,391,2734,Free
12/5/2024 18:56:30,22.00,6082.64,4.14,4,17,0,0,0,392,72,Free
12/5/2024 18:56:33,22.00,6083.25,4.14,4,17,0,0,0,393,0,Free
12/5/2024 18:56:40,22.00,6084.98,4.14,4,17,0,0,0,394,1106,Free
12/5/2024 18:56:42,22.00,6085.82,4.14,4,17,0,0,0,395,223,Free
12/5/2024 18:56:45,22.00,6087.32,4.14,4,17,0,0,0,396,882,Free
12/5/2024 18:56:50,22.00,6088.18,4.14,4,17,0,0,0,397,249,Free
12/5/2024 18:56:52,22.00,6089.07,4.14,4,17,0,0,0,398,274,Free
12/5/2024 18:56:56,22.00,6092.99,4.14,4,17,0,0,0,399,3304,Free
12/5/2024 18:58:12,22.25,6096.95,4.14,4,17,0,0,0,400,0,Free
12/5/2024 18:59:08,22.25,6112.23,4.14,4,17,0,0,0,400,0,Free
12/5/2024 19:00:08,22.25,6119.80,4.12,4,17,0,0,0,401,4445,Free
12/5/2024 19:01:18,22.25,6123.70,4.14,4,17,0,0,0,402,224,Free
12/5/2024 19:01:27,22.25,6125.78,4.14,4,17,0,0,0,403,1184,Free
12/5/2024 19:01:31,22.25,6126.41,4.14,4,17,0,0,0,404,14,Free
12/5/2024 19:01:34,22.25,6127.41,4.14,4,17,0,0,0,405,384,Free
12/5/2024 19:01:37,22.25,6128.22,4.14,4,17,0,0,0,406,199,Free
12/5/2024 19:01:42,22.25,6128.85,4.14,4,17,0,0,0,407,13,Free
12/5/2024 19:01:53,22.25,6135.41,4.14,4,17,0,0,0,408,5944,Free
12/5/2024 19:02:02,22.25,6139.06,4.14,4,17,0,0,0,409,3030,Free
12/5/2024 19:02:05,22.25,6140.22,4.14,4,17,0,0,0,410,544,Free
12/5/2024 19:02:07,22.25,6140.91,4.14,4,17,0,0,0,411,82,Free
12/5/2024 19:02:11,22.25,6141.55,4.14,4,17,0,0,0,412,23,Free
12/5/2024 19:02:21,22.25,6142.85,4.14,4,17,0,0,0,413,401,Free
12/5/2024 19:02:24,22.25,6143.94,4.14,4,17,0,0,0,414,477,Free
12/5/2024 19:02:33,22.25,6145.39,4.14,4,17,0,0,0,415,560,Free
12/5/2024 19:02:46,22.25,6146.71,4.14,4,17,0,0,0,416,425,Free
12/5/2024 19:02:49,22.25,6147.98,4.14,4,17,0,0,0,417,653,Free
12/5/2024 19:02:53,22.25,6148.72,4.14,4,17,0,0,0,418,122,Free
12/5/2024 19:02:57,22.25,6150.01,4.14,4,17,0,0,0,419,670,Free
12/5/2024 19:03:03,22.25,6150.92,4.14,4,17,0,0,0,420,291,Free
12/5/2024 19:03:05,22.25,6152.25,4.14,4,17,0,0,0,421,720,Free
12/5/2024 19:03:10,22.25,6153.00,4.14,4,17,0,0,0,422,132,Free
12/5/2024 19:03:21,22.25,6154.43,4.14,4,17,0,0,0,423,535,Free
12/5/2024 19:03:27,22.25,6155.04,4.14,4,17,0,0,0,424,0,Free
12/5/2024 19:10:24,22.25,6175.68,4.14,4,17,0,0,0,425,795,Free
12/5/2024 19:10:26,22.25,6177.80,4.14,4,17,0,0,0,426,1510,Free
12/5/2024 19:10:30,22.25,6179.21,4.14,4,17,0,0,0,427,787,Free
12/5/2024 19:10:32,22.25,6179.88,4.14,4,17,0,0,0,428,55,Free
12/5/2024 19:10:42,22.25,6180.77,4.14,4,17,0,0,0,429,0,Free
12/5/2024 19:10:48,22.25,6181.41,4.14,4,17,0,0,0,430,22,Free
12/5/2024 19:10:49,22.25,6182.05,4.14,4,17,0,0,0,431,30,Free
12/5/2024 19:10:56,22.25,6183.00,4.14,4,17,0,0,0,432,338,Free
12/5/2024 19:10:59,22.25,6183.62,4.14,4,17,0,0,0,433,0,Free
12/5/2024 19:11:01,22.25,6185.93,4.14,4,17,0,0,0,434,1689,Free
12/5/2024 19:11:05,22.25,6186.78,4.14,4,17,0,0,0,435,241,Free
12/5/2024 19:11:09,22.25,6188.02,4.14,4,17,0,0,0,436,619,Free
12/5/2024 19:11:31,22.25,6189.71,4.14,4,17,0,0,0,437,240,Free
12/5/2024 19:11:36,22.25,6190.72,4.14,4,17,0,0,0,438,401,Free
12/5/2024 19:15:30,22.25,6202.11,4.14,4,17,0,0,0,439,184,Free
12/5/2024 19:16:13,22.25,6216.83,4.14,4,17,0,0,0,439,0,Free
12/5/2024 19:20:00,22.25,6227.80,4.14,4,18,39,0,0,439,0,Free
12/5/2024 19:21:36,22.25,6232.89,4.14,4,18,0,0,0,440,300,Free
12/5/2024 19:21:38,22.25,6233.59,4.14,4,18,0,0,0,441,90,Free
12/5/2024 19:21:41,22.25,6234.21,4.14,4,18,0,0,0,442,0,Free
12/5/2024 19:21:46,22.25,6235.38,4.14,4,18,0,0,0,443,544,Free
12/5/2024 19:23:53,22.25,6241.84,4.14,4,18,0,0,0,444,0,Free
12/5/2024 19:23:56,22.25,6242.46,4.14,4,18,0,0,0,445,0,Free
12/5/2024 19:24:46,22.25,6245.35,4.14,4,18,0,0,0,446,55,Free
12/5/2024 19:25:00,22.25,6248.74,4.14,4,18,0,0,0,447,2484,Free
12/5/2024 19:29:14,22.25,6261.55,4.14,4,18,0,0,0,448,502,Free
12/5/2024 19:29:21,22.25,6263.27,4.14,4,18,0,0,0,449,1100,Free
12/5/2024 19:29:26,22.25,6264.24,4.14,4,18,0,0,0,450,359,Free
12/5/2024 19:29:29,22.25,6266.38,4.13,4,18,0,0,0,451,1520,Free
12/5/2024 19:30:04,22.25,6269.64,4.14,4,18,0,0,0,452,1250,Free
12/5/2024 19:30:11,22.25,6272.50,4.14,4,18,0,0,0,453,2249,Free
12/5/2024 19:30:38,22.25,6274.77,4.14,4,18,0,0,0,454,544,Free
12/5/2024 19:30:42,22.25,6275.46,4.13,4,18,0,0,0,455,73,Free
12/5/2024 19:30:43,22.25,6276.14,4.14,4,18,0,0,0,456,64,Free
12/5/2024 19:30:49,22.25,6276.91,4.14,4,18,0,0,0,457,148,Free
12/5/2024 19:30:53,22.25,6277.52,4.14,4,18,0,0,0,458,0,Free
12/5/2024 19:30:54,22.25,6278.35,4.14,4,18,0,0,0,459,207,Free
12/5/2024 19:31:05,22.25,6279.43,4.14,4,18,0,0,0,460,191,Free
12/5/2024 19:31:37,22.25,6281.95,4.14,4,18,0,0,0,461,510,Free
12/5/2024 19:31:51,22.25,6283.12,4.14,4,18,0,0,0,462,0,Free
12/5/2024 19:31:52,22.25,6283.74,4.14,4,18,0,0,0,463,0,Free
12/5/2024 19:32:04,22.25,6285.25,4.14,4,18,0,0,0,464,619,Free
12/5/2024 19:32:10,22.25,6286.82,4.14,4,18,0,0,0,465,955,Free
12/5/2024 19:32:14,22.25,6287.44,4.14,4,18,0,0,0,466,0,Free
12/5/2024 19:32:18,22.25,6288.49,4.14,4,18,0,0,0,467,441,Free
12/5/2024 19:32:23,22.25,6289.11,4.14,4,18,0,0,0,468,0,Free
12/5/2024 19:32:30,22.25,6290.21,4.14,4,18,0,0,0,469,208,Free
12/5/2024 19:32:39,22.25,6291.54,4.14,4,18,0,0,0,470,434,Free
12/5/2024 19:32:43,22.25,6292.99,4.14,4,18,0,0,0,471,831,Free
12/5/2024 19:32:44,22.25,6293.80,4.14,4,18,0,0,0,472,191,Free
12/5/2024 19:32:54,22.25,6295.81,4.14,4,18,0,0,0,473,1124,Free
12/5/2024 19:33:08,22.25,6309.14,4.14,4,18,0,0,0,473,0,Free
12/5/2024 19:36:58,22.25,6320.40,4.13,4,18,0,0,0,474,56,Free
12/5/2024 19:37:11,22.25,6321.69,4.14,4,18,0,0,0,475,114,Free
12/5/2024 19:37:21,22.25,6322.58,4.14,4,18,0,0,0,476,0,Free
12/5/2024 19:37:31,22.25,6323.54,4.14,4,18,0,0,0,477,64,Free
12/5/2024 19:37:36,22.25,6324.82,4.14,4,18,0,0,0,478,670,Free
12/5/2024 19:37:40,22.25,6325.45,4.14,4,18,0,0,0,479,5,Free
12/5/2024 19:37:41,22.25,6326.06,4.14,4,18,0,0,0,480,0,Free
12/5/2024 19:37:46,22.25,6328.96,4.14,4,18,0,0,0,481,2288,Free
12/5/2024 19:37:54,22.25,6331.43,4.14,4,18,0,0,0,482,1572,Free
12/5/2024 19:37:56,22.25,6332.05,4.14,4,18,0,0,0,483,0,Free
12/5/2024 19:38:03,22.25,6332.66,4.13,4,18,0,0,0,484,0,Free
12/5/2024 19:38:14,22.25,6334.86,4.12,4,18,0,0,0,485,1311,Free
12/5/2024 19:38:22,22.25,6336.51,4.14,4,18,0,0,0,486,1032,Free
12/5/2024 19:38:26,22.25,6337.13,4.14,4,18,0,0,0,487,0,Free
12/5/2024 19:38:27,22.25,6337.74,4.14,4,18,0,0,0,488,0,Free
12/5/2024 19:38:28,22.25,6338.36,4.14,4,18,0,0,0,489,0,Free
12/5/2024 19:38:32,22.25,6338.97,4.14,4,18,0,0,0,490,0,Free
12/5/2024 19:38:37,22.25,6339.97,4.14,4,18,0,0,0,491,385,Free
12/5/2024 19:38:38,22.25,6340.90,4.14,4,18,0,0,0,492,317,Free
12/5/2024 19:40:37,22.25,6346.81,4.14,4,18,0,0,0,493,0,Free
12/5/2024 19:48:14,22.25,6368.44,4.14,4,18,0,0,0,494,120,Free
12/5/2024 19:48:16,22.25,6369.10,4.14,4,18,0,0,0,495,39,Free
12/5/2024 19:50:29,22.25,6388.01,4.14,4,18,0,0,0,495,0,Free
12/5/2024 19:57:53,22.25,6410.32,4.14,4,18,0,0,0,496,1359,Free
12/5/2024 19:57:57,22.25,6410.93,4.14,4,18,0,0,0,497,0,Free
12/5/2024 19:58:03,22.25,6411.82,4.14,4,18,0,0,0,498,0,Free
12/5/2024 19:58:07,22.25,6414.96,4.14,4,18,0,0,0,499,2524,Free
12/5/2024 19:58:10,22.25,6416.19,4.13,4,18,0,0,0,500,611,Free
12/5/2024 19:58:17,22.25,6422.70,4.14,4,18,0,0,0,501,5897,Free
12/5/2024 19:58:25,22.25,6423.60,4.14,4,18,0,0,0,502,0,Free
12/5/2024 19:58:30,22.25,6426.89,4.14,4,18,0,0,0,503,2674,Free
12/5/2024 19:58:35,22.25,6429.46,4.13,4,18,0,0,0,504,1957,Free
12/5/2024 19:58:50,22.25,6431.59,4.14,4,18,0,0,0,505,955,Free
12/5/2024 19:58:53,22.25,6432.21,4.14,4,18,0,0,0,506,0,Free
12/5/2024 19:58:54,22.25,6432.82,4.14,4,18,0,0,0,507,0,Free
12/5/2024 19:59:05,22.25,6434.11,4.14,4,18,0,0,0,508,392,Free
12/5/2024 19:59:08,22.25,6434.73,4.14,4,18,0,0,0,509,0,Free
12/5/2024 19:59:14,22.25,6435.44,4.14,4,18,0,0,0,510,96,Free
12/5/2024 19:59:30,22.25,6436.76,4.14,4,18,0,0,0,511,149,Free
12/5/2024 19:59:49,22.25,6438.52,4.14,4,18,0,0,0,512,309,Free
12/5/2024 19:59:57,22.25,6441.41,4.14,4,18,0,0,0,513,2271,Free
12/5/2024 20:00:04,22.25,6443.19,4.14,4,18,0,0,0,514,1172,Free
12/5/2024 20:00:10,22.25,6445.33,4.14,4,18,0,0,0,515,1520,Free
12/5/2024 20:00:21,22.25,6446.22,4.14,4,18,0,0,0,516,0,Free
12/5/2024 20:00:23,22.25,6446.91,4.14,4,18,0,0,0,517,72,Free
12/5/2024 20:00:53,22.25,6448.95,4.14,4,18,0,0,0,518,31,Free
12/5/2024 20:00:55,22.25,6450.69,4.14,4,18,0,0,0,519,1125,Free
12/5/2024 20:01:03,22.25,6455.13,4.13,4,18,0,0,0,520,3819,Free
12/5/2024 20:01:17,22.25,6456.33,4.13,4,18,0,0,0,521,21,Free
12/5/2024 20:01:21,22.25,6457.31,4.14,4,18,0,0,0,522,367,Free
12/5/2024 20:01:23,22.25,6457.94,4.14,4,18,0,0,0,523,21,Free
12/5/2024 20:01:28,22.25,6462.42,4.14,4,18,0,0,0,524,3864,Free
12/5/2024 20:01:37,22.25,6465.31,4.14,4,18,0,0,0,525,1997,Free
12/5/2024 20:07:39,22.25,6494.80,4.14,4,18,0,0,0,525,0,Free
12/5/2024 20:16:09,22.25,6519.70,4.14,4,18,0,0,0,526,881,Free
12/5/2024 20:16:11,22.25,6520.45,4.14,4,18,0,0,0,527,139,Free
12/5/2024 20:16:13,22.25,6522.03,4.14,4,18,0,0,0,528,966,Free
12/5/2024 20:16:24,22.25,6523.45,4.14,4,18,0,0,0,529,519,Free
12/5/2024 20:16:30,22.25,6525.38,4.14,4,18,0,0,0,530,1319,Free
12/5/2024 20:16:32,22.25,6526.04,4.14,4,18,0,0,0,531,47,Free
12/5/2024 20:16:39,22.25,6527.70,4.14,4,18,0,0,0,532,1041,Free
12/5/2024 20:16:55,22.25,6528.90,4.14,4,18,0,0,0,533,30,Free
12/5/2024 20:17:00,22.25,6529.64,4.13,4,18,0,0,0,534,114,Free
12/5/2024 20:17:16,22.25,6531.94,4.14,4,18,0,0,0,535,1133,Free
12/5/2024 20:17:18,22.25,6533.19,4.14,4,18,0,0,0,536,637,Free
12/5/2024 20:17:20,22.25,6533.81,4.13,4,18,0,0,0,537,0,Free
12/5/2024 20:17:28,22.25,6536.38,4.14,4,18,0,0,0,538,1681,Free
12/5/2024 20:17:30,22.25,6537.00,4.14,4,18,0,0,0,539,0,Free
12/5/2024 20:17:46,22.25,6538.17,4.14,4,18,0,0,0,540,0,Free
12/5/2024 20:17:49,22.25,6539.00,4.14,4,18,0,0,0,541,216,Free
12/5/2024 20:17:58,22.25,6540.28,4.14,4,18,0,0,0,542,383,Free
12/5/2024 20:18:03,22.25,6541.52,4.13,4,18,0,0,0,543,619,Free
12/5/2024 20:18:06,22.25,6542.81,4.14,4,18,0,0,0,544,679,Free
12/5/2024 20:18:11,22.25,6543.78,4.14,4,18,0,0,0,545,350,Free
12/5/2024 20:18:13,22.25,6544.40,4.14,4,18,0,0,0,546,0,Free
12/5/2024 20:18:13,22.25,6545.01,4.14,4,18,0,0,0,547,0,Free
12/5/2024 20:18:20,22.25,6547.95,4.14,4,18,0,0,0,548,2322,Free
12/5/2024 20:18:26,22.25,6548.56,4.14,4,18,0,0,0,549,0,Free
12/5/2024 20:18:37,22.25,6550.11,4.13,4,18,0,0,0,550,653,Free
12/5/2024 20:18:40,22.25,6551.27,4.13,4,18,0,0,0,551,542,Free
12/5/2024 20:18:45,22.25,6552.21,4.14,4,18,0,0,0,552,325,Free
12/5/2024 20:18:49,22.25,6553.42,4.12,4,18,0,0,0,553,593,Free
12/5/2024 20:18:53,22.25,6555.88,4.14,4,18,0,0,0,554,1850,Free
12/5/2024 20:18:57,22.25,6557.60,4.13,4,18,0,0,0,555,1099,Free
12/5/2024 20:19:01,22.25,6558.66,4.14,4,18,0,0,0,556,442,Free
12/5/2024 20:19:07,22.25,6560.14,4.14,4,18,0,0,0,557,872,Free
12/5/2024 20:19:13,22.25,6564.25,4.14,4,18,0,0,0,558,3492,Free
12/5/2024 20:24:45,22.25,6592.35,4.13,4,18,0,0,0,558,0,Free
12/5/2024 20:29:12,22.25,6605.48,4.14,4,18,0,0,0,559,258,Free
12/5/2024 20:29:14,22.25,6606.09,4.14,4,18,0,0,0,560,0,Free
12/5/2024 20:29:44,22.25,6607.82,4.14,4,18,0,0,0,561,0,Free
12/5/2024 20:30:22,22.25,6611.10,4.14,4,18,0,0,0,562,991,Free
12/5/2024 20:30:26,22.25,6612.72,4.13,4,18,0,0,0,563,1008,Free
12/5/2024 20:30:30,22.25,6614.34,4.14,4,18,0,0,0,564,999,Free
12/5/2024 20:30:40,22.25,6616.93,4.13,4,18,0,0,0,565,1697,Free
12/5/2024 20:30:42,22.25,6618.32,4.13,4,18,0,0,0,566,780,Free
12/5/2024 20:30:48,22.25,6620.24,4.14,4,18,0,0,0,567,1302,Free
12/5/2024 20:31:04,22.25,6621.98,4.13,4,18,0,0,0,568,569,Free
12/5/2024 20:31:07,22.25,6622.99,4.14,4,18,0,0,0,569,392,Free
12/5/2024 20:31:14,22.25,6624.84,4.14,4,18,0,0,0,570,1235,Free
12/5/2024 20:31:20,22.25,6626.73,4.14,4,18,0,0,0,571,1269,Free
12/5/2024 20:31:33,22.25,6628.84,4.14,4,18,0,0,0,572,931,Free
12/5/2024 20:31:38,22.25,6630.03,4.14,4,18,0,0,0,573,577,Free
12/5/2024 20:31:41,22.25,6630.65,4.14,4,18,0,0,0,574,0,Free
12/5/2024 20:31:43,22.25,6631.83,4.14,4,18,0,0,0,575,569,Free
12/5/2024 20:31:51,22.25,6633.46,4.14,4,18,0,0,0,576,1007,Free
12/5/2024 20:31:53,22.25,6634.07,4.13,4,18,0,0,0,577,0,Free
12/5/2024 20:32:11,22.25,6635.24,4.13,4,18,0,0,0,578,0,Free
12/5/2024 20:32:16,22.25,6636.93,4.14,4,18,0,0,0,579,1075,Free
12/5/2024 20:32:22,22.25,6642.11,4.14,4,18,0,0,0,580,4562,Free
12/5/2024 20:32:40,22.25,6643.71,4.13,4,18,0,0,0,581,425,Free
12/5/2024 20:32:52,22.25,6644.60,4.13,4,18,0,0,0,582,0,Free
12/5/2024 20:32:54,22.25,6645.50,4.13,4,18,0,0,0,583,283,Free
12/5/2024 20:32:56,22.25,6646.90,4.13,4,18,0,0,0,584,779,Free
12/5/2024 20:35:24,22.25,6654.20,4.13,4,18,0,0,0,585,0,Free
12/5/2024 20:42:08,22.25,6685.63,4.14,4,18,0,0,0,585,0,Free
12/5/2024 20:46:19,22.25,6698.00,4.13,4,18,0,0,0,586,333,Free
12/5/2024 20:46:27,22.25,6699.19,4.13,4,18,0,0,0,587,291,Free
12/5/2024 20:46:27,22.25,6699.80,4.13,4,18,0,0,0,588,0,Free
12/5/2024 20:46:30,22.25,6700.42,4.13,4,18,0,0,0,589,0,Free
12/5/2024 20:59:16,22.25,6736.42,4.14,4,18,0,0,0,590,0,Free
12/5/2024 20:59:34,22.25,6737.87,4.14,4,18,0,0,0,591,0,Free
12/5/2024 20:59:35,22.25,6738.48,4.13,4,18,0,0,0,592,0,Free
12/5/2024 20:59:37,22.25,6739.67,4.14,4,18,0,0,0,593,569,Free
12/5/2024 20:59:50,22.25,6753.00,4.14,4,18,0,0,0,593,0,Free
12/5/2024 21:09:38,22.25,6780.63,4.13,4,18,0,0,0,594,0,Free
12/5/2024 21:09:50,22.25,6781.81,4.14,4,18,0,0,0,595,0,Free
12/5/2024 21:10:38,22.25,6784.37,4.14,4,18,0,0,0,596,0,Free
12/5/2024 21:11:44,22.25,6787.78,4.14,4,18,0,0,0,597,0,Free
12/5/2024 21:15:44,22.25,6800.16,4.13,4,18,0,0,0,598,895,Free
12/5/2024 21:17:02,22.25,6804.12,4.13,4,18,0,0,0,599,7,Free
12/5/2024 21:17:05,22.25,6806.76,4.13,4,18,0,0,0,600,2026,Free
12/5/2024 21:17:07,22.25,6807.63,4.14,4,18,0,0,0,601,250,Free
12/5/2024 21:17:50,22.25,6822.35,4.13,4,18,0,0,0,601,0,Free
12/5/2024 21:19:55,22.25,6828.90,4.13,4,18,0,0,0,602,358,Free
12/5/2024 21:24:48,22.25,6843.07,4.14,4,18,0,0,0,603,191,Free
12/5/2024 21:24:49,22.25,6843.69,4.13,4,18,0,0,0,604,0,Free
12/5/2024 21:24:51,22.25,6844.72,4.13,4,18,0,0,0,605,409,Free
12/5/2024 21:24:57,22.25,6845.33,4.13,4,18,0,0,0,606,0,Free
12/5/2024 21:25:01,22.25,6845.95,4.14,4,18,0,0,0,607,0,Free
12/5/2024 21:25:03,22.25,6846.78,4.13,4,18,0,0,0,608,216,Free
12/5/2024 21:25:14,22.25,6848.29,4.14,4,18,0,0,0,609,620,Free
12/5/2024 21:25:45,22.25,6851.75,4.13,4,18,0,0,0,610,1728,Free
12/5/2024 21:28:15,22.25,6860.64,4.13,4,18,0,0,0,611,1593,Free
12/5/2024 21:28:24,22.25,6861.67,4.14,4,18,0,0,0,612,132,Free
12/5/2024 21:28:26,22.25,6862.69,4.14,4,18,0,0,0,613,401,Free
12/5/2024 21:28:27,22.25,6863.40,4.13,4,18,0,0,0,614,98,Free
12/5/2024 21:28:30,22.25,6864.81,4.14,4,18,0,0,0,615,796,Free
12/5/2024 21:28:32,22.25,6866.21,4.13,4,18,0,0,0,616,780,Free
12/5/2024 21:28:38,22.25,6870.23,4.14,4,18,0,0,0,617,3406,Free
12/5/2024 21:28:41,22.25,6870.84,4.13,4,18,0,0,0,618,0,Free
12/5/2024 21:28:46,22.25,6871.67,4.14,4,18,0,0,0,619,216,Free
12/5/2024 21:28:54,22.25,6872.94,4.13,4,18,0,0,0,620,375,Free
12/5/2024 21:28:56,22.25,6873.56,4.14,4,18,0,0,0,621,0,Free
12/5/2024 21:29:01,22.25,6875.25,4.14,4,18,0,0,0,622,1073,Free
12/5/2024 21:29:10,22.25,6883.24,4.13,4,18,0,0,0,623,7372,Free
12/5/2024 21:29:15,22.25,6883.95,4.14,4,18,0,0,0,624,97,Free
12/5/2024 21:29:15,22.25,6884.57,4.13,4,18,0,0,0,625,0,Free
12/5/2024 21:29:18,22.25,6886.34,4.13,4,18,0,0,0,626,1158,Free
12/5/2024 21:29:27,22.25,6887.23,4.13,4,18,0,0,0,627,0,Free
12/5/2024 21:29:29,22.25,6888.29,4.13,4,18,0,0,0,628,434,Free
12/5/2024 21:29:30,22.25,6889.03,4.13,4,18,0,0,0,629,123,Free
12/5/2024 21:29:35,22.25,6891.01,4.14,4,18,0,0,0,630,1369,Free
12/5/2024 21:29:36,22.25,6891.73,4.14,4,18,0,0,0,631,106,Free
12/5/2024 21:29:38,22.25,6892.78,4.14,4,18,0,0,0,632,435,Free
12/5/2024 21:29:43,22.25,6893.40,4.13,4,18,0,0,0,633,0,Free
12/5/2024 21:29:45,22.25,6895.08,4.13,4,18,0,0,0,634,1065,Free
12/5/2024 21:29:46,22.25,6895.69,4.13,4,18,0,0,0,635,0,Free
12/5/2024 21:29:52,22.25,6897.90,4.14,4,18,0,0,0,636,1588,Free
12/5/2024 21:30:07,22.25,6901.79,4.14,4,18,0,0,0,637,2995,Free
12/5/2024 21:30:13,22.25,6902.50,4.14,4,18,0,0,0,638,90,Free
12/5/2024 21:30:21,22.25,6908.30,4.13,4,18,0,0,0,639,5185,Free
12/5/2024 21:30:38,22.25,6911.06,4.14,4,18,0,0,0,640,1589,Free
12/5/2024 21:30:51,22.25,6912.50,4.14,4,18,0,0,0,641,552,Free
12/5/2024 21:30:54,22.25,6915.43,4.13,4,18,0,0,0,642,2308,Free
12/5/2024 21:30:59,22.25,6916.22,4.14,4,18,0,0,0,643,182,Free
12/5/2024 21:31:05,22.25,6919.06,4.13,4,18,0,0,0,644,2221,Free
12/5/2024 21:31:10,22.25,6920.21,4.13,4,18,0,0,0,645,535,Free
12/5/2024 21:31:18,22.25,6921.12,4.13,4,18,0,0,0,646,14,Free
12/5/2024 21:31:22,22.25,6924.79,4.13,4,18,0,0,0,647,3055,Free
12/5/2024 21:31:25,22.25,6925.92,4.13,4,18,0,0,0,648,518,Free
12/5/2024 21:31:30,22.25,6927.33,4.13,4,18,0,0,0,649,788,Free
12/5/2024 21:31:35,22.25,6929.15,4.13,4,18,0,0,0,650,1198,Free
12/5/2024 21:31:39,22.25,6933.02,4.14,4,18,0,0,0,651,3256,Free
12/5/2024 21:31:47,22.25,6935.83,4.13,4,18,0,0,0,652,1917,Free
12/5/2024 21:31:57,22.25,6937.59,4.14,4,18,0,0,0,653,864,Free
12/5/2024 21:32:09,22.25,6939.98,4.13,4,18,0,0,0,654,1495,Free
12/5/2024 21:32:19,22.25,6942.46,4.14,4,18,0,0,0,655,1590,Free
12/5/2024 21:32:22,22.25,6943.42,4.13,4,18,0,0,0,656,343,Free
12/5/2024 21:32:35,22.25,6944.31,4.13,4,18,0,0,0,657,0,Free
12/5/2024 21:32:37,22.25,6945.86,4.14,4,18,0,0,0,658,931,Free
12/5/2024 21:32:53,22.25,6948.17,4.13,4,18,0,0,0,659,1135,Free
12/5/2024 21:33:12,22.25,6949.93,4.13,4,18,0,0,0,660,593,Free
12/5/2024 21:33:13,22.25,6950.55,4.14,4,18,0,0,0,661,0,Free
12/5/2024 21:33:19,22.25,6951.83,4.13,4,18,0,0,0,662,661,Free
12/5/2024 21:33:30,22.25,6952.72,4.14,4,18,0,0,0,663,0,Free
12/5/2024 21:33:32,22.25,6953.34,4.14,4,18,0,0,0,664,0,Free
12/5/2024 21:33:44,22.25,6954.23,4.14,4,18,0,0,0,665,0,Free
12/5/2024 21:33:57,22.25,6967.56,4.14,4,18,0,0,0,665,0,Free
12/5/2024 21:41:16,22.25,6991.75,4.14,4,18,0,0,0,666,3515,Free
12/5/2024 21:41:27,22.25,6994.20,4.14,4,18,0,0,0,667,1555,Free
12/5/2024 21:41:33,22.25,6997.24,4.13,4,18,0,0,0,668,2423,Free
12/5/2024 21:41:35,22.25,6998.46,4.13,4,18,0,0,0,669,603,Free
12/5/2024 21:41:36,22.25,6999.07,4.13,4,18,0,0,0,670,0,Free
12/5/2024 21:41:43,22.25,7000.82,4.13,4,18,0,0,0,671,856,Free
12/5/2024 21:47:27,22.25,7017.31,4.13,4,18,0,0,0,672,0,Free
12/5/2024 21:49:47,22.25,7025.18,4.14,4,18,0,0,0,673,848,Free
12/5/2024 21:49:48,22.25,7025.81,4.12,4,18,0,0,0,674,0,Free
12/5/2024 21:49:52,22.25,7026.42,4.14,4,18,0,0,0,675,0,Free
12/5/2024 21:49:57,22.25,7027.06,4.14,4,18,0,0,0,676,22,Free
12/5/2024 21:49:59,22.25,7028.00,4.14,4,18,0,0,0,677,324,Free
12/5/2024 21:50:00,22.25,7028.61,4.13,4,18,0,0,0,678,0,Free
12/5/2024 21:50:01,22.25,7029.23,4.14,4,18,0,0,0,679,0,Free
12/5/2024 21:50:03,22.25,7030.46,4.13,4,18,0,0,0,680,610,Free
12/5/2024 21:50:34,22.25,7032.95,4.13,4,18,0,0,0,681,484,Free
12/5/2024 21:50:53,22.25,7034.40,4.13,4,18,0,0,0,682,0,Free
12/5/2024 21:51:12,22.25,7048.01,4.13,4,18,0,0,0,682,0,Free
12/5/2024 21:57:46,22.25,7068.31,4.13,4,18,0,0,0,683,1587,Free
12/5/2024 21:58:06,22.25,7069.95,4.14,4,18,0,0,0,684,182,Free
12/5/2024 21:58:07,22.25,7070.62,4.13,4,18,0,0,0,685,57,Free
12/5/2024 21:58:08,22.25,7071.72,4.13,4,18,0,0,0,686,486,Free
12/5/2024 21:58:14,22.25,7072.34,4.13,4,18,0,0,0,687,0,Free
12/5/2024 21:58:19,22.25,7073.52,4.13,4,18,0,0,0,688,561,Free
12/5/2024 21:58:22,22.25,7074.13,4.14,4,18,0,0,0,689,0,Free
12/5/2024 21:58:37,22.25,7075.85,4.13,4,18,0,0,0,690,544,Free
12/5/2024 21:58:42,22.25,7077.85,4.14,4,18,0,0,0,691,1386,Free
12/5/2024 21:58:44,22.25,7078.72,4.14,4,18,0,0,0,692,250,Free
12/5/2024 21:58:47,22.25,7080.78,4.14,4,18,0,0,0,693,1446,Free
12/5/2024 21:58:50,22.25,7081.39,4.13,4,18,0,0,0,694,0,Free
12/5/2024 21:58:53,22.25,7082.44,4.13,4,18,0,0,0,695,434,Free
12/5/2024 21:58:54,22.25,7083.06,4.13,4,18,0,0,0,696,0,Free
12/5/2024 21:58:57,22.25,7085.31,4.14,4,18,0,0,0,697,1638,Free
12/5/2024 21:59:01,22.25,7086.22,4.13,4,18,0,0,0,698,292,Free
12/5/2024 21:59:03,22.25,7087.49,4.13,4,18,0,0,0,699,652,Free
12/5/2024 21:59:10,22.25,7088.57,4.13,4,18,0,0,0,700,455,Free
12/5/2024 21:59:14,22.25,7089.54,4.13,4,18,0,0,0,701,358,Free
12/5/2024 21:59:21,22.25,7091.44,4.14,4,18,0,0,0,702,1289,Free
12/5/2024 21:59:25,22.25,7094.77,4.14,4,18,0,0,0,703,2705,Free
12/5/2024 21:59:29,22.25,7095.52,4.13,4,18,0,0,0,704,140,Free
12/5/2024 21:59:35,22.25,7096.47,4.13,4,18,0,0,0,705,334,Free
12/5/2024 21:59:39,22.25,7097.39,4.13,4,18,0,0,0,706,308,Free
12/5/2024 21:59:41,22.25,7098.01,4.13,4,18,0,0,0,707,0,Free
12/5/2024 21:59:42,22.25,7099.00,4.13,4,18,0,0,0,708,375,Free
12/5/2024 21:59:43,22.25,7099.61,4.13,4,18,0,0,0,709,0,Free
12/5/2024 21:59:56,22.25,7100.90,4.13,4,18,0,0,0,710,107,Free
12/5/2024 22:00:18,22.25,7102.38,4.13,4,18,0,0,0,711,30,Free
12/5/2024 22:00:21,22.25,7103.10,4.14,4,18,0,0,0,712,107,Free
12/5/2024 22:00:24,22.25,7103.90,4.13,4,18,0,0,0,713,183,Free
12/5/2024 22:00:26,22.25,7104.88,4.13,4,18,0,0,0,714,367,Free
12/5/2024 22:00:30,22.25,7105.55,4.14,4,18,0,0,0,715,55,Free
12/5/2024 22:00:31,22.25,7107.05,4.13,4,18,0,0,0,716,880,Free
12/5/2024 22:00:32,22.25,7107.77,4.13,4,18,0,0,0,717,97,Free
12/5/2024 22:00:38,22.25,7108.60,4.13,4,18,0,0,0,718,224,Free
12/5/2024 22:00:50,22.25,7110.25,4.14,4,18,0,0,0,719,755,Free
12/5/2024 22:07:10,22.25,7128.42,4.13,4,18,0,0,0,720,0,Free
12/5/2024 22:07:41,22.25,7142.58,4.13,4,18,0,0,0,720,0,Free
12/5/2024 22:08:55,22.25,7152.84,4.13,4,18,0,0,0,721,6574,Free
12/5/2024 22:09:01,22.25,7156.58,4.13,4,18,0,0,0,722,3133,Free
12/5/2024 22:09:02,22.25,7157.20,4.13,4,18,0,0,0,723,0,Free
12/5/2024 22:09:06,22.25,7157.82,4.13,4,18,0,0,0,724,0,Free
12/5/2024 22:09:07,22.25,7159.40,4.13,4,18,0,0,0,725,964,Free
12/5/2024 22:09:14,22.25,7161.07,4.12,4,18,0,0,0,726,1047,Free
12/5/2024 22:09:26,22.25,7162.76,4.13,4,18,0,0,0,727,796,Free
12/5/2024 22:09:29,22.25,7164.45,4.13,4,18,0,0,0,728,1082,Free
12/5/2024 22:09:30,22.25,7165.07,4.13,4,18,0,0,0,729,0,Free
12/5/2024 22:09:32,22.25,7166.46,4.13,4,18,0,0,0,730,780,Free
12/5/2024 22:09:34,22.25,7167.61,4.13,4,18,0,0,0,731,536,Free
12/5/2024 22:09:36,22.25,7169.36,4.13,4,18,0,0,0,732,1126,Free
12/5/2024 22:09:44,22.25,7171.09,4.13,4,18,0,0,0,733,839,Free
12/5/2024 22:09:47,22.25,7171.92,4.13,4,18,0,0,0,734,216,Free
12/5/2024 22:09:54,22.25,7175.31,4.13,4,18,0,0,0,735,2773,Free
12/5/2024 22:09:56,22.25,7176.42,4.13,4,18,0,0,0,736,493,Free
12/5/2024 22:25:16,22.25,7231.81,4.13,4,18,0,0,0,736,0,Free
12/5/2024 22:43:29,22.25,7295.28,4.13,4,18,0,0,0,736,0,Free
12/5/2024 22:51:26,22.25,7317.91,4.12,4,18,0,0,0,737,0,Free
12/5/2024 22:51:35,22.25,7319.30,4.13,4,18,0,0,0,738,492,Free
12/5/2024 22:51:36,22.25,7320.40,4.12,4,18,0,0,0,739,492,Free
12/5/2024 22:51:38,22.25,7321.11,4.13,4,18,0,0,0,740,89,Free
12/5/2024 22:51:48,22.25,7322.78,4.13,4,18,0,0,0,741,778,Free
12/5/2024 22:51:50,22.25,7323.39,4.12,4,18,0,0,0,742,0,Free
12/5/2024 22:51:51,22.25,7324.12,4.13,4,18,0,0,0,743,114,Free
12/5/2024 22:51:53,22.25,7324.74,4.12,4,18,0,0,0,744,0,Free
12/5/2024 22:51:58,22.25,7325.44,4.13,4,18,0,0,0,745,90,Free
12/5/2024 22:52:04,22.25,7326.44,4.12,4,18,0,0,0,746,381,Free
12/5/2024 22:52:06,22.25,7327.05,4.13,4,18,0,0,0,747,0,Free
12/5/2024 22:52:08,22.25,7327.67,4.13,4,18,0,0,0,748,0,Free
12/5/2024 22:52:12,22.25,7328.31,4.12,4,18,0,0,0,749,22,Free
12/5/2024 22:52:13,22.25,7328.93,4.12,4,18,0,0,0,750,0,Free
12/5/2024 22:52:15,22.25,7330.43,4.13,4,18,0,0,0,751,889,Free
12/5/2024 22:52:16,22.25,7331.05,4.13,4,18,0,0,0,752,0,Free
12/5/2024 22:52:19,22.25,7331.97,4.13,4,18,0,0,0,753,308,Free
12/5/2024 22:52:29,22.25,7332.96,4.12,4,18,0,0,0,754,90,Free
12/5/2024 22:52:30,22.25,7333.89,4.13,4,18,0,0,0,755,317,Free
12/5/2024 22:52:31,22.25,7334.80,4.12,4,18,0,0,0,756,291,Free
12/5/2024 22:52:35,22.25,7337.53,4.12,4,18,0,0,0,757,2119,Free
12/5/2024 22:52:58,22.25,7339.09,4.13,4,18,0,0,0,758,106,Free
12/5/2024 22:53:00,22.25,7339.77,4.14,4,18,0,0,0,759,65,Free
12/5/2024 22:53:06,22.25,7341.08,4.13,4,18,0,0,0,760,696,Free
12/5/2024 22:53:29,22.25,7342.53,4.13,4,18,0,0,0,761,0,Free
12/5/2024 22:53:36,22.25,7343.43,4.13,4,18,0,0,0,762,0,Free
12/5/2024 22:53:46,22.25,7344.32,4.13,4,18,0,0,0,763,0,Free
12/5/2024 22:53:47,22.25,7345.14,4.13,4,18,0,0,0,764,199,Free
12/5/2024 22:53:48,22.25,7345.75,4.13,4,18,0,0,0,765,0,Free
12/5/2024 22:53:52,22.25,7348.22,4.13,4,18,0,0,0,766,1857,Free
12/5/2024 22:53:55,22.25,7349.26,4.13,4,18,0,0,0,767,418,Free
12/5/2024 22:54:01,22.25,7349.90,4.13,4,18,0,0,0,768,30,Free
12/5/2024 22:54:03,22.25,7350.52,4.13,4,18,0,0,0,769,0,Free
12/5/2024 22:54:04,22.25,7351.18,4.13,4,18,0,0,0,770,47,Free
12/5/2024 22:54:09,22.25,7352.85,4.13,4,18,0,0,0,771,1049,Free
12/5/2024 22:54:10,22.25,7353.46,4.12,4,18,0,0,0,772,0,Free
12/5/2024 22:54:17,22.25,7355.59,4.13,4,18,0,0,0,773,1235,Free
12/5/2024 22:54:22,22.25,7358.46,4.13,4,18,0,0,0,774,2253,Free
12/5/2024 22:54:25,22.25,7359.29,4.12,4,18,0,0,0,775,216,Free
12/5/2024 22:54:29,22.25,7359.92,4.13,4,18,0,0,0,776,21,Free
12/5/2024 22:54:35,22.25,7361.25,4.13,4,18,0,0,0,777,703,Free
12/5/2024 22:54:38,22.25,7363.67,4.12,4,18,0,0,0,778,1804,Free
12/5/2024 22:55:11,22.25,7365.71,4.12,4,18,0,0,0,779,30,Free
12/5/2024 22:55:15,22.25,7366.94,4.13,4,18,0,0,0,780,611,Free
12/5/2024 22:55:28,22.25,7371.09,4.13,4,18,0,0,0,781,3265,Free
12/5/2024 22:55:33,22.25,7371.89,4.14,4,18,0,0,0,782,181,Free
12/5/2024 22:55:39,22.25,7373.24,4.13,4,18,0,0,0,783,729,Free
12/5/2024 22:55:40,22.25,7374.33,4.12,4,18,0,0,0,784,477,Free
12/5/2024 22:55:48,22.25,7380.02,4.12,4,18,0,0,0,785,5074,Free
12/5/2024 22:55:51,22.25,7380.63,4.12,4,18,0,0,0,786,0,Free
12/5/2024 22:55:55,22.25,7381.79,4.13,4,18,0,0,0,787,535,Free
12/5/2024 22:57:39,22.25,7387.17,4.13,4,18,0,0,0,788,30,Free
12/5/2024 22:59:17,22.25,7404.40,4.13,4,18,0,0,0,788,0,Free
12/5/2024 23:00:05,22.25,7407.24,4.13,4,18,0,0,0,789,0,Free
12/5/2024 23:00:07,22.25,7408.74,4.13,4,18,0,0,0,790,887,Free
12/5/2024 23:00:10,22.25,7409.81,4.13,4,18,0,0,0,791,451,Free
12/5/2024 23:00:13,22.25,7411.35,4.12,4,18,0,0,0,792,920,Free
12/5/2024 23:00:32,22.25,7413.72,4.12,4,18,0,0,0,793,1200,Free
12/5/2024 23:00:35,22.25,7415.16,4.14,4,18,0,0,0,794,820,Free
12/5/2024 23:00:37,22.25,7415.86,4.13,4,18,0,0,0,795,88,Free
12/5/2024 23:00:44,22.25,7421.35,4.13,4,18,0,0,0,796,4880,Free
12/5/2024 23:00:55,22.25,7426.88,4.13,4,18,0,0,0,797,4627,Free
12/5/2024 23:01:33,22.25,7430.16,4.13,4,18,0,0,0,798,997,Free
12/5/2024 23:01:37,22.25,7431.02,4.14,4,18,0,0,0,799,248,Free
12/5/2024 23:02:23,22.25,7433.90,4.13,4,18,0,0,0,800,308,Free
12/5/2024 23:02:26,22.25,7434.90,4.13,4,18,0,0,0,801,392,Free
12/5/2024 23:02:31,22.25,7436.21,4.12,4,18,0,0,0,802,686,Free
12/5/2024 23:02:44,22.25,7437.45,4.12,4,18,0,0,0,803,65,Free
12/5/2024 23:02:47,22.25,7438.30,4.13,4,18,0,0,0,804,232,Free
12/5/2024 23:02:50,22.25,7439.40,4.13,4,18,0,0,0,805,485,Free
12/5/2024 23:02:57,22.25,7440.68,4.13,4,18,0,0,0,806,392,Free
12/5/2024 23:03:06,22.25,7444.19,4.13,4,18,0,0,0,807,2893,Free
12/5/2024 23:03:15,22.25,7445.76,4.13,4,18,0,0,0,808,671,Free
12/5/2024 23:03:20,22.25,7446.37,4.13,4,18,0,0,0,809,0,Free
12/5/2024 23:03:28,22.25,7449.89,4.13,4,18,0,0,0,810,2894,Free
12/5/2024 23:03:32,22.25,7450.50,4.13,4,18,0,0,0,811,0,Free
12/5/2024 23:03:34,22.25,7451.38,4.14,4,18,0,0,0,812,266,Free
12/5/2024 23:16:35,22.25,7500.37,4.12,4,18,0,0,0,812,0,Free
12/5/2024 23:16:41,22.25,7501.32,4.13,4,18,0,0,0,813,343,Free
12/5/2024 23:17:17,22.25,7503.61,4.12,4,18,0,0,0,814,0,Free
12/5/2024 23:17:52,22.25,7506.10,4.13,4,18,0,0,0,815,484,Free
12/5/2024 23:17:56,22.25,7507.95,4.13,4,18,0,0,0,816,1231,Free
12/5/2024 23:17:58,22.25,7509.57,4.13,4,18,0,0,0,817,1005,Free
12/5/2024 23:18:01,22.25,7510.21,4.12,4,18,0,0,0,818,21,Free
12/5/2024 23:18:05,22.25,7511.29,4.13,4,18,0,0,0,819,466,Free
12/5/2024 23:18:07,22.25,7512.23,4.13,4,18,0,0,0,820,324,Free
12/5/2024 23:18:12,22.25,7515.36,4.13,4,18,0,0,0,821,2517,Free
12/5/2024 23:18:18,22.25,7518.01,4.13,4,18,0,0,0,822,2030,Free
12/5/2024 23:18:22,22.25,7520.70,4.13,4,18,0,0,0,823,2072,Free
12/5/2024 23:18:26,22.25,7521.38,4.12,4,18,0,0,0,824,72,Free
12/5/2024 23:18:27,22.25,7522.26,4.12,4,18,0,0,0,825,257,Free
12/5/2024 23:18:33,22.25,7524.06,4.13,4,18,0,0,0,826,1190,Free
12/5/2024 23:18:40,22.25,7524.96,4.12,4,18,0,0,0,827,0,Free
12/5/2024 23:18:42,22.25,7525.58,4.13,4,18,0,0,0,828,0,Free
12/5/2024 23:18:44,22.25,7527.30,4.13,4,18,0,0,0,829,1106,Free
12/5/2024 23:18:52,22.25,7528.19,4.13,4,18,0,0,0,830,0,Free
12/5/2024 23:18:53,22.25,7528.81,4.13,4,18,0,0,0,831,0,Free
12/5/2024 23:18:56,22.25,7529.43,4.12,4,18,0,0,0,832,0,Free
12/5/2024 23:19:05,22.25,7532.53,4.13,4,18,0,0,0,833,2212,Free
12/5/2024 23:19:24,22.25,7533.71,4.12,4,18,0,0,0,834,0,Free
12/5/2024 23:19:28,22.25,7534.32,4.13,4,18,0,0,0,835,0,Free
12/5/2024 23:25:36,22.25,7552.47,4.13,4,18,0,0,0,836,545,Free
12/5/2024 23:30:59,22.25,7568.78,4.13,4,18,0,0,0,837,929,Free
12/5/2024 23:33:05,22.25,7574.97,4.13,4,18,0,0,0,838,0,Free
12/5/2024 23:33:42,22.25,7589.41,4.12,4,18,0,0,0,838,0,Free
12/5/2024 23:39:09,22.25,7605.25,4.12,4,19,182,0,0,838,0,Free
12/5/2024 23:39:19,22.25,7607.45,4.12,4,19,0,0,0,839,1302,Free
12/5/2024 23:41:29,22.25,7614.62,4.12,4,19,0,0,0,840,704,Free
12/5/2024 23:41:32,22.25,7615.48,4.13,4,19,0,0,0,841,241,Free
12/5/2024 23:41:37,22.25,7616.10,4.13,4,19,0,0,0,842,5,Free
12/5/2024 23:41:38,22.25,7617.05,4.12,4,19,0,0,0,843,334,Free
12/5/2024 23:41:41,22.25,7618.45,4.13,4,19,0,0,0,844,788,Free
12/5/2024 23:41:55,22.25,7621.35,4.12,4,19,0,0,0,845,1732,Free
12/5/2024 23:41:56,22.25,7622.73,4.13,4,19,0,0,0,846,763,Free
12/5/2024 23:42:03,22.25,7623.91,4.12,4,19,0,0,0,847,560,Free
12/5/2024 23:42:07,22.25,7625.18,4.12,4,19,0,0,0,848,654,Free
12/5/2024 23:42:17,22.25,7626.07,4.12,4,19,0,0,0,849,0,Free
12/5/2024 23:42:44,22.25,7627.88,4.13,4,19,0,0,0,850,72,Free
12/5/2024 23:42:49,22.25,7629.13,4.13,4,19,0,0,0,851,637,Free
12/5/2024 23:42:51,22.25,7629.75,4.13,4,19,0,0,0,852,0,Free
12/5/2024 23:47:52,22.25,7644.73,4.13,4,19,0,0,0,853,435,Free
12/5/2024 23:47:54,22.25,7645.74,4.12,4,19,0,0,0,854,393,Free
12/5/2024 23:48:10,22.25,7646.91,4.13,4,19,0,0,0,855,0,Free
12/5/2024 23:48:49,22.25,7649.20,4.12,4,19,0,0,0,856,0,Free
12/5/2024 23:48:52,22.25,7650.10,4.12,4,19,0,0,0,857,283,Free
12/5/2024 23:49:00,22.25,7651.94,4.12,4,19,0,0,0,858,947,Free
12/5/2024 23:49:02,22.25,7652.58,4.13,4,19,0,0,0,859,22,Free
12/5/2024 23:49:16,22.25,7653.75,4.13,4,19,0,0,0,860,0,Free
12/5/2024 23:49:17,22.25,7654.40,4.13,4,19,0,0,0,861,39,Free
12/5/2024 23:49:24,22.25,7655.30,4.13,4,19,0,0,0,862,0,Free
12/5/2024 23:49:25,22.25,7655.99,4.13,4,19,0,0,0,863,82,Free
12/5/2024 23:49:27,22.25,7657.35,4.12,4,19,0,0,0,864,737,Free
12/5/2024 23:49:28,22.25,7658.10,4.13,4,19,0,0,0,865,132,Free
12/5/2024 23:49:31,22.25,7658.98,4.13,4,19,0,0,0,866,266,Free
12/5/2024 23:49:32,22.25,7659.59,4.13,4,19,0,0,0,867,0,Free
12/5/2024 23:49:33,22.25,7660.21,4.13,4,19,0,0,0,868,0,Free
12/5/2024 23:49:38,22.25,7661.35,4.13,4,19,0,0,0,869,528,Free
12/5/2024 23:49:42,22.25,7662.84,4.13,4,19,0,0,0,870,874,Free
12/5/2024 23:49:43,22.25,7663.54,4.12,4,19,0,0,0,871,89,Free
12/5/2024 23:50:02,22.25,7677.15,4.13,4,19,0,0,0,871,0,Free
12/5/2024 23:50:08,22.25,7677.77,4.12,4,19,0,0,0,872,0,Free
12/6/2024 0:08:15,22.25,7740.96,4.12,4,19,0,0,0,872,0,Free
12/6/2024 0:16:06,22.25,7763.31,4.12,4,19,0,0,0,873,0,Free
12/6/2024 0:16:10,22.25,7765.26,4.12,4,19,0,0,0,874,1337,Free
12/6/2024 0:17:24,22.25,7770.08,4.12,4,19,0,0,0,875,1143,Free
12/6/2024 0:21:23,22.25,7783.21,4.12,4,19,0,0,0,876,1653,Free
12/6/2024 0:21:25,22.25,7784.19,4.12,4,19,0,0,0,877,357,Free
12/6/2024 0:21:54,22.25,7785.92,4.13,4,19,0,0,0,878,0,Free
12/6/2024 0:22:09,22.25,7789.12,4.13,4,19,0,0,0,879,2027,Free
12/6/2024 0:22:14,22.25,7793.32,4.12,4,19,0,0,0,880,3583,Free
12/6/2024 0:22:17,22.25,7794.51,4.13,4,19,0,0,0,881,569,Free
12/6/2024 0:22:36,22.00,7796.00,4.12,4,19,0,0,0,882,48,Free
12/6/2024 0:22:38,22.00,7797.42,4.12,4,19,0,0,0,883,797,Free
12/6/2024 0:22:42,22.00,7799.25,4.12,4,19,0,0,0,884,1218,Free
12/6/2024 0:22:48,22.00,7800.98,4.12,4,19,0,0,0,885,1115,Free
12/6/2024 0:22:51,22.00,7802.70,4.13,4,19,0,0,0,886,1105,Free
12/6/2024 0:22:58,22.00,7804.74,4.12,4,19,0,0,0,887,1143,Free
12/6/2024 0:23:01,22.00,7805.77,4.12,4,19,0,0,0,888,410,Free
12/6/2024 0:23:25,22.00,7807.66,4.12,4,19,0,0,0,889,443,Free
12/6/2024 0:23:28,22.00,7809.31,4.12,4,19,0,0,0,890,1033,Free
12/6/2024 0:23:37,22.25,7810.36,4.12,4,19,0,0,0,891,157,Free
12/6/2024 0:23:46,22.25,7811.57,4.12,4,19,0,0,0,892,317,Free
12/6/2024 0:24:11,22.25,7813.70,4.12,4,19,0,0,0,893,679,Free
12/6/2024 0:24:23,22.25,7814.87,4.12,4,19,0,0,0,894,276,Free
12/6/2024 0:24:38,22.25,7817.72,4.12,4,19,0,0,0,895,1678,Free
12/6/2024 0:24:43,22.25,7820.43,4.13,4,19,0,0,0,896,2090,Free
12/6/2024 0:24:45,22.25,7822.38,4.13,4,19,0,0,0,897,1342,Free
12/6/2024 0:24:51,22.25,7823.35,4.12,4,19,0,0,0,898,350,Free
12/6/2024 0:24:53,22.25,7824.44,4.12,4,19,0,0,0,899,476,Free
12/6/2024 0:24:54,22.25,7825.37,4.12,4,19,0,0,0,900,316,Free
12/6/2024 0:25:11,22.25,7826.74,4.12,4,19,0,0,0,901,199,Free
12/6/2024 0:25:25,22.25,7840.07,4.12,4,19,0,0,0,901,0,Free
12/6/2024 0:29:02,22.25,7850.71,4.12,4,19,0,0,0,902,0,Free
12/6/2024 0:32:02,22.25,7859.74,4.13,4,19,0,0,0,903,48,Free
12/6/2024 0:32:08,22.25,7861.86,4.12,4,19,0,0,0,904,1502,Free
12/6/2024 0:32:40,22.25,7863.87,4.12,4,19,0,0,0,905,0,Free
12/6/2024 0:32:43,22.25,7864.48,4.12,4,19,0,0,0,906,0,Free
12/6/2024 0:32:50,22.25,7865.38,4.12,4,19,0,0,0,907,0,Free
12/6/2024 0:33:05,22.25,7866.55,4.12,4,19,0,0,0,908,0,Free
12/6/2024 0:33:09,22.25,7867.65,4.13,4,19,0,0,0,909,484,Free
12/6/2024 0:33:16,22.25,7869.27,4.12,4,19,0,0,0,910,999,Free
12/6/2024 0:33:17,22.25,7870.02,4.12,4,19,0,0,0,911,132,Free
12/6/2024 0:33:23,22.25,7870.75,4.12,4,19,0,0,0,912,115,Free
12/6/2024 0:33:31,22.25,7871.79,4.12,4,19,0,0,0,913,149,Free
12/6/2024 0:33:36,22.25,7872.40,4.12,4,19,0,0,0,914,0,Free
12/6/2024 0:43:01,22.25,7911.36,4.12,4,19,0,0,0,914,0,Free
12/6/2024 0:49:29,22.25,7930.12,4.13,4,19,0,0,0,915,317,Free
12/6/2024 0:49:38,22.25,7931.02,4.13,4,19,0,0,0,916,0,Free
12/6/2024 0:49:39,22.25,7931.63,4.13,4,19,0,0,0,917,0,Free
12/6/2024 0:50:08,22.25,7933.50,4.12,4,19,0,0,0,918,139,Free
12/6/2024 0:50:12,22.25,7934.12,4.12,4,19,0,0,0,919,0,Free
12/6/2024 0:50:15,22.25,7934.73,4.13,4,19,0,0,0,920,0,Free
12/6/2024 0:50:18,22.25,7935.35,4.12,4,19,0,0,0,921,0,Free
12/6/2024 0:50:54,22.25,7937.64,4.12,4,19,0,0,0,922,0,Free
12/6/2024 0:51:01,22.25,7938.55,4.13,4,19,0,0,0,923,300,Free
12/6/2024 0:59:26,22.25,7962.57,4.13,4,19,0,0,0,924,0,Free
12/6/2024 0:59:36,22.25,7964.27,4.12,4,19,0,0,0,925,805,Free
12/6/2024 1:00:43,22.25,7980.10,4.13,4,19,0,0,0,925,0,Free
12/6/2024 1:18:56,22.25,8043.58,4.12,4,19,0,0,0,925,0,Free
12/6/2024 1:37:09,22.00,8107.06,4.12,4,19,0,0,0,925,0,Free
12/6/2024 1:51:41,22.00,8148.29,4.12,4,19,0,0,0,926,214,Free
12/6/2024 1:51:48,22.00,8149.56,4.13,4,19,0,0,0,927,382,Free
12/6/2024 1:51:49,22.00,8150.19,4.12,4,19,0,0,0,928,13,Free
12/6/2024 1:51:51,22.00,8150.97,4.12,4,19,0,0,0,929,165,Free
12/6/2024 1:51:54,22.00,8151.59,4.12,4,19,0,0,0,930,0,Free
12/6/2024 1:52:04,22.00,8152.89,4.12,4,19,0,0,0,931,410,Free
12/6/2024 1:52:10,22.00,8154.02,4.12,4,19,0,0,0,932,510,Free
12/6/2024 1:52:11,22.00,8154.63,4.12,4,19,0,0,0,933,0,Free
12/6/2024 1:52:35,22.00,8156.08,4.12,4,19,0,0,0,934,0,Free
12/6/2024 1:52:43,22.00,8157.55,4.12,4,19,0,0,0,935,577,Free
12/6/2024 1:52:48,22.00,8158.46,4.12,4,19,0,0,0,936,291,Free
12/6/2024 1:52:49,22.00,8159.18,4.12,4,19,0,0,0,937,106,Free
12/6/2024 1:54:44,22.00,8177.25,4.12,4,19,0,0,0,937,0,Free
12/6/2024 2:12:57,22.00,8240.72,4.12,4,19,0,0,0,937,0,Free
12/6/2024 2:31:10,22.00,8304.19,4.12,4,19,0,0,0,937,0,Free
12/6/2024 2:33:14,22.00,8311.47,4.12,4,19,0,0,0,938,1091,Free
12/6/2024 2:33:20,22.00,8312.74,4.12,4,19,0,0,0,939,654,Free
12/6/2024 2:33:29,22.00,8315.79,4.12,4,19,0,0,0,940,2152,Free
12/6/2024 2:34:21,22.00,8319.68,4.12,4,19,0,0,0,941,1049,Free
12/6/2024 2:34:29,22.00,8320.65,4.12,4,19,0,0,0,942,73,Free
12/6/2024 2:34:31,22.00,8321.59,4.12,4,19,0,0,0,943,333,Free
12/6/2024 2:34:34,22.00,8322.36,4.12,4,19,0,0,0,944,148,Free
12/6/2024 2:34:38,22.00,8323.26,4.12,4,19,0,0,0,945,290,Free
12/6/2024 2:34:51,22.00,8324.42,4.12,4,19,0,0,0,946,258,Free
12/6/2024 2:34:56,22.00,8325.20,4.12,4,19,0,0,0,947,165,Free
12/6/2024 2:35:00,22.00,8326.94,4.12,4,19,0,0,0,948,1116,Free
12/6/2024 2:35:06,22.00,8331.60,4.12,4,19,0,0,0,949,4048,Free
12/6/2024 2:35:09,22.00,8332.21,4.12,4,19,0,0,0,950,0,Free
12/6/2024 2:35:11,22.00,8333.87,4.12,4,19,0,0,0,951,1041,Free
12/6/2024 2:35:13,22.00,8334.49,4.12,4,19,0,0,0,952,5,Free
12/6/2024 2:35:17,22.00,8335.73,4.12,4,19,0,0,0,953,628,Free
12/6/2024 2:35:18,22.00,8336.99,4.12,4,19,0,0,0,954,636,Free
12/6/2024 2:35:21,22.00,8338.02,4.12,4,19,0,0,0,955,418,Free
12/6/2024 2:35:31,22.00,8338.92,4.12,4,19,0,0,0,956,5,Free
12/6/2024 2:35:33,22.00,8339.54,4.12,4,19,0,0,0,957,0,Free
12/6/2024 2:35:40,22.00,8340.33,4.12,4,19,0,0,0,958,174,Free
12/6/2024 2:35:41,22.00,8340.94,4.12,4,19,0,0,0,959,0,Free
12/6/2024 2:35:41,22.00,8341.57,4.12,4,19,0,0,0,960,13,Free
12/6/2024 2:35:42,22.00,8342.18,4.12,4,19,0,0,0,961,0,Free
12/6/2024 2:35:46,22.00,8343.14,4.12,4,19,0,0,0,962,341,Free
12/6/2024 2:36:00,22.00,8344.32,4.12,4,19,0,0,0,963,0,Free
12/6/2024 2:36:01,22.00,8344.93,4.12,4,19,0,0,0,964,0,Free
12/6/2024 2:36:11,22.00,8347.22,4.12,4,19,0,0,0,965,1390,Free
12/6/2024 2:36:19,22.00,8348.41,4.12,4,19,0,0,0,966,299,Free
12/6/2024 2:36:21,22.00,8350.84,4.12,4,19,0,0,0,967,1812,Free
12/6/2024 2:36:22,22.00,8351.45,4.12,4,19,0,0,0,968,0,Free
12/6/2024 2:36:24,22.00,8352.22,4.12,4,19,0,0,0,969,156,Free
12/6/2024 2:36:25,22.00,8352.84,4.12,4,19,0,0,0,970,0,Free
12/6/2024 2:36:27,22.00,8353.46,4.12,4,19,0,0,0,971,0,Free
12/6/2024 2:36:28,22.00,8354.07,4.12,4,19,0,0,0,972,0,Free
12/6/2024 2:36:29,22.00,8355.03,4.12,4,19,0,0,0,973,340,Free
12/6/2024 2:36:31,22.00,8355.76,4.12,4,19,0,0,0,974,113,Free
12/6/2024 2:36:32,22.00,8356.38,4.12,4,19,0,0,0,975,0,Free
12/6/2024 2:36:33,22.00,8356.99,4.12,4,19,0,0,0,976,0,Free
12/6/2024 2:36:35,22.00,8357.98,4.12,4,19,0,0,0,977,375,Free
12/6/2024 2:36:40,22.00,8358.60,4.12,4,19,0,0,0,978,0,Free
12/6/2024 2:36:44,22.00,8359.34,4.12,4,19,0,0,0,979,123,Free
12/6/2024 2:37:01,22.00,8360.51,4.12,4,19,0,0,0,980,0,Free
12/6/2024 2:37:02,22.00,8361.13,4.12,4,19,0,0,0,981,0,Free
12/6/2024 2:37:03,22.00,8361.80,4.12,4,19,0,0,0,982,64,Free
12/6/2024 2:37:22,22.00,8363.41,4.12,4,19,0,0,0,983,157,Free
12/6/2024 2:37:32,22.00,8364.31,4.12,4,19,0,0,0,984,0,Free
12/6/2024 2:46:51,22.00,8402.99,4.12,4,19,0,0,0,984,0,Free
12/6/2024 3:05:04,22.00,8466.46,4.12,4,19,0,0,0,984,0,Free
12/6/2024 3:15:07,22.00,8496.00,4.12,4,19,0,0,0,985,1064,Free
12/6/2024 3:15:11,22.00,8498.71,4.12,4,19,0,0,0,986,2100,Free
12/6/2024 3:16:19,22.00,8502.72,4.12,4,19,0,0,0,987,332,Free
12/6/2024 3:17:37,22.00,8508.22,4.12,4,19,0,0,0,988,1537,Free
12/6/2024 3:17:46,22.00,8509.80,4.12,4,19,0,0,0,989,688,Free
12/6/2024 3:17:53,22.00,8513.39,4.12,4,19,0,0,0,990,2970,Free
12/6/2024 3:18:00,22.00,8515.09,4.12,4,19,0,0,0,991,1090,Free
12/6/2024 3:18:04,22.00,8516.96,4.12,4,19,0,0,0,992,1252,Free
12/6/2024 3:18:10,22.00,8517.94,4.12,4,19,0,0,0,993,367,Free
12/6/2024 3:18:14,22.00,8521.01,4.12,4,19,0,0,0,994,2453,Free
12/6/2024 3:19:19,22.00,8524.42,4.12,4,19,0,0,0,995,5,Free
12/6/2024 3:19:26,22.00,8527.44,4.12,4,19,0,0,0,996,2405,Free
12/6/2024 3:19:29,22.00,8528.36,4.12,4,19,0,0,0,997,299,Free
12/6/2024 3:19:33,22.00,8529.10,4.12,4,19,0,0,0,998,130,Free
12/6/2024 3:19:35,22.00,8530.80,4.12,4,19,0,0,0,999,1072,Free
12/6/2024 3:19:43,22.00,8533.01,4.12,4,19,0,0,0,1000,1316,Free
12/6/2024 3:19:46,22.00,8535.12,4.12,4,19,0,0,0,1001,1500,Free
12/6/2024 3:19:49,22.00,8537.02,4.12,4,19,0,0,0,1002,1282,Free
12/6/2024 3:19:51,22.00,8538.24,4.12,4,19,0,0,0,1003,601,Free
12/6/2024 3:19:57,22.00,8540.45,4.12,4,19,0,0,0,1004,1593,Free
12/6/2024 3:20:11,22.00,8542.50,4.12,4,19,0,0,0,1005,1156,Free
12/6/2024 3:20:16,22.00,8545.09,4.12,4,19,0,0,0,1006,1979,Free
12/6/2024 3:20:19,22.00,8545.71,4.12,4,19,0,0,0,1007,0,Free
12/6/2024 3:20:21,22.00,8546.76,4.12,4,19,0,0,0,1008,442,Free
12/6/2024 3:20:28,22.00,8549.43,4.11,4,19,0,0,0,1009,2054,Free
12/6/2024 3:20:31,22.00,8550.90,4.12,4,19,0,0,0,1010,853,Free
12/6/2024 3:20:40,22.00,8551.80,4.12,4,19,0,0,0,1011,0,Free
12/6/2024 3:20:42,22.00,8552.96,4.12,4,19,0,0,0,1012,543,Free
12/6/2024 3:20:52,22.00,8553.85,4.12,4,19,0,0,0,1013,0,Free
12/6/2024 3:20:56,22.00,8557.58,4.12,4,19,0,0,0,1014,3107,Free
12/6/2024 3:21:03,22.00,8559.05,4.12,4,19,0,0,0,1015,586,Free
12/6/2024 3:21:14,22.00,8559.97,4.12,4,19,0,0,0,1016,22,Free
12/6/2024 3:21:15,22.00,8560.61,4.12,4,19,0,0,0,1017,30,Free
12/6/2024 3:21:16,22.00,8561.23,4.12,4,19,0,0,0,1018,0,Free
12/6/2024 3:21:19,22.00,8563.32,4.12,4,19,0,0,0,1019,1469,Free
12/6/2024 3:21:23,22.00,8564.70,4.12,4,19,0,0,0,1020,771,Free
12/6/2024 3:21:26,22.00,8565.32,4.12,4,19,0,0,0,1021,0,Free
12/6/2024 3:21:38,22.00,8566.21,4.12,4,19,0,0,0,1022,0,Free
12/6/2024 3:21:40,22.00,8566.83,4.12,4,19,0,0,0,1023,0,Free
12/6/2024 3:21:53,22.00,8580.16,4.12,4,19,0,0,0,1023,0,Free
12/6/2024 3:22:13,22.00,8582.15,4.12,4,19,0,0,0,1024,542,Free
12/6/2024 3:22:15,22.00,8583.99,4.12,4,19,0,0,0,1025,1214,Free
12/6/2024 3:22:27,22.00,8585.36,4.12,4,19,0,0,0,1026,199,Free
12/6/2024 3:31:45,22.00,8614.71,4.12,4,19,0,0,0,1027,3101,Free
12/6/2024 3:31:55,22.00,8615.82,4.12,4,19,0,0,0,1028,223,Free
12/6/2024 3:32:02,22.00,8616.72,4.11,4,19,0,0,0,1029,0,Free
12/6/2024 3:32:04,22.00,8618.68,4.12,4,19,0,0,0,1030,1351,Free
12/6/2024 3:32:08,22.00,8620.41,4.12,4,19,0,0,0,1031,1107,Free
12/6/2024 3:32:10,22.00,8621.14,4.12,4,19,0,0,0,1032,122,Free
12/6/2024 3:32:11,22.00,8621.98,4.12,4,19,0,0,0,1033,216,Free
12/6/2024 3:32:15,22.00,8625.10,4.12,4,19,0,0,0,1034,2507,Free
12/6/2024 3:32:21,22.00,8626.13,4.12,4,19,0,0,0,1035,416,Free
12/6/2024 3:32:23,22.00,8626.75,4.12,4,19,0,0,0,1036,0,Free
12/6/2024 3:32:27,22.00,8627.84,4.12,4,19,0,0,0,1037,475,Free
12/6/2024 3:32:29,22.00,8628.90,4.12,4,19,0,0,0,1038,450,Free
12/6/2024 3:32:32,22.00,8629.52,4.12,4,19,0,0,0,1039,0,Free
12/6/2024 3:32:33,22.00,8630.27,4.11,4,19,0,0,0,1040,139,Free
12/6/2024 3:32:40,22.00,8631.47,4.12,4,19,0,0,0,1041,300,Free
12/6/2024 3:32:44,22.00,8633.44,4.12,4,19,0,0,0,1042,1352,Free
12/6/2024 3:32:45,22.00,8634.06,4.12,4,19,0,0,0,1043,0,Free
12/6/2024 3:32:49,22.00,8635.46,4.12,4,19,0,0,0,1044,788,Free
12/6/2024 3:32:53,22.00,8636.40,4.12,4,19,0,0,0,1045,325,Free
12/6/2024 3:33:03,22.00,8637.29,4.12,4,19,0,0,0,1046,0,Free
12/6/2024 3:34:04,22.00,8640.72,4.12,4,19,0,0,0,1047,30,Free
12/6/2024 3:34:15,22.00,8642.04,4.12,4,19,0,0,0,1048,426,Free
12/6/2024 3:34:24,22.00,8642.94,4.12,4,19,0,0,0,1049,0,Free
12/6/2024 3:34:27,22.00,8643.55,4.12,4,19,0,0,0,1050,0,Free
12/6/2024 3:34:32,22.00,8648.49,4.12,4,19,0,0,0,1051,4317,Free
12/6/2024 3:34:41,22.00,8649.48,4.12,4,19,0,0,0,1052,90,Free
12/6/2024 3:34:49,22.00,8651.10,4.12,4,19,0,0,0,1053,730,Free
12/6/2024 3:34:57,22.00,8652.18,4.11,4,19,0,0,0,1054,182,Free
12/6/2024 3:35:00,22.00,8652.79,4.12,4,19,0,0,0,1055,0,Free
12/6/2024 3:35:04,22.00,8653.41,4.12,4,19,0,0,0,1056,0,Free
12/6/2024 3:35:06,22.00,8654.53,4.12,4,19,0,0,0,1057,502,Free
12/6/2024 3:35:08,22.00,8656.41,4.12,4,19,0,0,0,1058,1268,Free
12/6/2024 3:35:12,22.00,8658.93,4.12,4,19,0,0,0,1059,1900,Free
12/6/2024 3:38:14,22.00,8680.06,4.12,4,19,0,0,0,1059,0,Free
12/6/2024 3:56:27,22.00,8743.53,4.12,4,19,0,0,0,1059,0,Free
12/6/2024 4:14:40,22.00,8807.00,4.12,4,19,0,0,0,1059,0,Free
12/6/2024 4:21:12,22.00,8826.95,4.12,4,19,0,0,0,1060,1226,Free
12/6/2024 4:21:19,22.00,8828.15,4.11,4,19,0,0,0,1061,579,Free
12/6/2024 4:21:31,22.00,8829.67,4.12,4,19,0,0,0,1062,629,Free
12/6/2024 4:21:35,22.00,8831.01,4.12,4,19,0,0,0,1063,729,Free
12/6/2024 4:21:38,22.00,8831.63,4.12,4,19,0,0,0,1064,0,Free
12/6/2024 4:21:40,22.00,8832.27,4.12,4,19,0,0,0,1065,22,Free
12/6/2024 4:21:44,22.00,8832.88,4.12,4,19,0,0,0,1066,0,Free
12/6/2024 4:21:48,22.00,8836.22,4.12,4,19,0,0,0,1067,2718,Free
12/6/2024 4:21:49,22.00,8836.83,4.12,4,19,0,0,0,1068,0,Free
12/6/2024 4:21:59,22.00,8837.73,4.11,4,19,0,0,0,1069,0,Free
12/6/2024 4:22:03,22.00,8838.34,4.12,4,19,0,0,0,1070,0,Free
12/6/2024 4:22:08,22.00,8839.43,4.12,4,19,0,0,0,1071,475,Free
12/6/2024 4:22:13,22.00,8842.13,4.11,4,19,0,0,0,1072,2081,Free
12/6/2024 4:22:37,22.00,8843.70,4.12,4,19,0,0,0,1073,123,Free
12/6/2024 4:22:38,22.00,8844.32,4.12,4,19,0,0,0,1074,5,Free
12/6/2024 4:22:57,22.00,8845.89,4.12,4,19,0,0,0,1075,107,Free
12/6/2024 4:23:10,22.00,8846.91,4.12,4,19,0,0,0,1076,123,Free
12/6/2024 4:23:16,22.00,8847.59,4.12,4,19,0,0,0,1077,69,Free
12/6/2024 4:23:20,22.00,8848.21,4.12,4,19,0,0,0,1078,0,Free
12/6/2024 4:23:24,22.00,8848.94,4.12,4,19,0,0,0,1079,123,Free
12/6/2024 4:23:26,22.00,8849.85,4.12,4,19,0,0,0,1080,291,Free
12/6/2024 4:23:28,22.00,8850.66,4.12,4,19,0,0,0,1081,190,Free
12/6/2024 4:23:29,22.00,8851.28,4.12,4,19,0,0,0,1082,0,Free
12/6/2024 4:23:31,22.00,8851.89,4.12,4,19,0,0,0,1083,0,Free
12/6/2024 4:23:34,22.00,8852.53,4.12,4,19,0,0,0,1084,21,Free
12/6/2024 4:23:37,22.00,8855.41,4.12,4,19,0,0,0,1085,2266,Free
12/6/2024 4:23:39,22.00,8856.02,4.11,4,19,0,0,0,1086,0,Free
12/6/2024 4:23:46,22.00,8860.65,4.12,4,19,0,0,0,1087,4014,Free
12/6/2024 4:23:57,22.00,8863.71,4.12,4,19,0,0,0,1088,2157,Free
12/6/2024 4:24:00,22.00,8865.47,4.12,4,19,0,0,0,1089,1148,Free
12/6/2024 4:24:04,22.00,8866.33,4.11,4,19,0,0,0,1090,239,Free
12/6/2024 4:24:05,22.00,8867.00,4.12,4,19,0,0,0,1091,56,Free
12/6/2024 4:24:06,22.00,8867.61,4.12,4,19,0,0,0,1092,0,Free
12/6/2024 4:24:07,22.00,8868.65,4.12,4,19,0,0,0,1093,425,Free
12/6/2024 4:24:14,22.00,8869.95,4.12,4,19,0,0,0,1094,400,Free
12/6/2024 4:24:18,22.00,8871.08,4.12,4,19,0,0,0,1095,518,Free
12/6/2024 4:24:22,22.00,8871.75,4.12,4,19,0,0,0,1096,56,Free
12/6/2024 4:24:23,22.00,8872.37,4.12,4,19,0,0,0,1097,0,Free
12/6/2024 4:24:25,22.00,8872.99,4.12,4,19,0,0,0,1098,0,Free
12/6/2024 4:24:33,22.00,8877.40,4.12,4,19,0,0,0,1099,3803,Free
12/6/2024 4:24:38,22.00,8878.77,4.11,4,19,0,0,0,1100,753,Free
12/6/2024 4:24:45,22.00,8879.49,4.12,4,19,0,0,0,1101,95,Free
12/6/2024 4:24:49,22.00,8883.31,4.12,4,19,0,0,0,1102,3209,Free
12/6/2024 4:24:54,22.00,8884.81,4.12,4,19,0,0,0,1103,880,Free
12/6/2024 4:24:56,22.00,8886.69,4.12,4,19,0,0,0,1104,1266,Free
12/6/2024 4:25:10,22.00,8889.07,4.12,4,19,0,0,0,1105,1207,Free
12/6/2024 4:25:16,22.00,8889.75,4.12,4,19,0,0,0,1106,64,Free
12/6/2024 4:25:20,22.00,8893.10,4.12,4,19,0,0,0,1107,2736,Free
12/6/2024 4:26:22,22.00,8896.51,4.12,4,19,0,0,0,1108,13,Free
12/6/2024 4:26:25,22.00,8898.42,4.12,4,19,0,0,0,1109,1291,Free
12/6/2024 4:26:30,22.00,8899.36,4.12,4,19,0,0,0,1110,325,Free
12/6/2024 4:26:37,22.00,8902.29,4.12,4,19,0,0,0,1111,2317,Free
12/6/2024 4:27:06,22.00,8904.10,4.12,4,19,0,0,0,1112,81,Free
12/6/2024 4:29:42,22.00,8911.96,4.12,4,19,0,0,0,1113,0,Free
12/6/2024 4:29:44,22.00,8913.26,4.12,4,19,0,0,0,1114,687,Free
12/6/2024 4:29:45,22.00,8914.30,4.11,4,19,0,0,0,1115,417,Free
12/6/2024 4:29:46,22.00,8915.13,4.12,4,19,0,0,0,1116,216,Free
12/6/2024 4:29:48,22.00,8916.30,4.12,4,19,0,0,0,1117,552,Free
12/6/2024 4:29:49,22.00,8916.91,4.12,4,19,0,0,0,1118,0,Free
12/6/2024 4:29:50,22.00,8917.73,4.12,4,19,0,0,0,1119,198,Free
12/6/2024 4:29:51,22.00,8918.74,4.12,4,19,0,0,0,1120,401,Free
12/6/2024 4:29:54,22.00,8920.56,4.12,4,19,0,0,0,1121,1201,Free
12/6/2024 4:30:07,22.00,8933.89,4.12,4,19,0,0,0,1121,0,Free
12/6/2024 4:30:11,22.00,8934.54,4.12,4,19,0,0,0,1122,38,Free
12/6/2024 4:30:12,22.00,8935.26,4.12,4,19,0,0,0,1123,106,Free
12/6/2024 4:30:13,22.00,8935.91,4.11,4,19,0,0,0,1124,30,Free
12/6/2024 4:30:14,22.00,8936.52,4.11,4,19,0,0,0,1125,0,Free
12/6/2024 4:30:15,22.00,8937.14,4.11,4,19,0,0,0,1126,0,Free
12/6/2024 4:30:17,22.00,8938.24,4.12,4,19,0,0,0,1127,477,Free
12/6/2024 4:30:21,22.00,8940.24,4.12,4,19,0,0,0,1128,1386,Free
12/6/2024 4:30:22,22.00,8941.10,4.12,4,19,0,0,0,1129,240,Free
12/6/2024 4:30:22,22.00,8941.80,4.12,4,19,0,0,0,1130,88,Free
12/6/2024 4:30:23,22.00,8942.64,4.12,4,19,0,0,0,1131,224,Free
12/6/2024 4:30:24,22.00,8943.26,4.12,4,19,0,0,0,1132,0,Free
12/6/2024 4:30:27,22.00,8944.02,4.12,4,19,0,0,0,1133,148,Free
12/6/2024 4:30:29,22.00,8944.94,4.12,4,19,0,0,0,1134,300,Free
12/6/2024 4:30:30,22.00,8945.55,4.12,4,19,0,0,0,1135,0,Free
12/6/2024 4:30:31,22.00,8946.17,4.12,4,19,0,0,0,1136,0,Free
12/6/2024 4:30:45,22.00,8947.34,4.11,4,19,0,0,0,1137,0,Free
12/6/2024 4:30:46,22.00,8947.96,4.12,4,19,0,0,0,1138,0,Free
12/6/2024 4:30:47,22.00,8948.57,4.12,4,19,0,0,0,1139,0,Free
12/6/2024 4:30:48,22.00,8949.19,4.12,4,19,0,0,0,1140,0,Free
12/6/2024 4:30:52,22.00,8949.80,4.12,4,19,0,0,0,1141,0,Free
12/6/2024 4:30:57,22.00,8950.69,4.12,4,19,0,0,0,1142,266,Free
12/6/2024 4:30:58,22.00,8951.30,4.12,4,19,0,0,0,1143,0,Free
12/6/2024 4:31:03,22.25,8954.04,4.12,4,19,0,0,0,1144,2127,Free
12/6/2024 4:31:06,22.25,8955.58,4.12,4,19,0,0,0,1145,914,Free
12/6/2024 4:31:06,22.25,8956.19,4.11,4,19,0,0,0,1146,0,Free
12/6/2024 4:31:08,22.25,8956.81,4.12,4,19,0,0,0,1147,0,Free
12/6/2024 4:31:18,22.25,8958.94,4.12,4,19,0,0,0,1148,1243,Free
12/6/2024 4:31:20,22.25,8960.08,4.12,4,19,0,0,0,1149,519,Free
12/6/2024 4:31:25,22.25,8960.97,4.12,4,19,0,0,0,1150,274,Free
12/6/2024 4:31:26,22.25,8962.20,4.12,4,19,0,0,0,1151,620,Free
12/6/2024 4:31:28,22.25,8962.82,4.12,4,19,0,0,0,1152,0,Free
12/6/2024 4:31:31,22.25,8964.54,4.12,4,19,0,0,0,1153,1093,Free
12/6/2024 4:31:37,22.25,8965.63,4.12,4,19,0,0,0,1154,199,Free
12/6/2024 4:31:42,22.25,8966.54,4.12,4,19,0,0,0,1155,300,Free
12/6/2024 4:31:43,22.25,8967.16,4.12,4,19,0,0,0,1156,0,Free
12/6/2024 4:31:53,22.25,8968.19,4.12,4,19,0,0,0,1157,139,Free
12/6/2024 4:31:54,22.25,8968.81,4.12,4,19,0,0,0,1158,0,Free
12/6/2024 4:31:56,22.25,8970.61,4.12,4,19,0,0,0,1159,1183,Free
12/6/2024 4:32:01,22.25,8973.91,4.12,4,19,0,0,0,1160,2682,Free
12/6/2024 4:32:02,22.25,8974.54,4.12,4,19,0,0,0,1161,13,Free
12/6/2024 4:32:08,22.25,8976.12,4.11,4,19,0,0,0,1162,965,Free
12/6/2024 4:32:17,22.25,8979.54,4.12,4,19,0,0,0,1163,2805,Free
12/6/2024 4:32:19,22.25,8981.79,4.12,4,19,0,0,0,1164,1634,Free
12/6/2024 4:32:23,22.25,8985.37,4.11,4,19,0,0,0,1165,2967,Free
12/6/2024 4:32:25,22.25,8986.06,4.12,4,19,0,0,0,1166,80,Free
12/6/2024 4:32:28,22.25,8988.23,4.12,4,19,0,0,0,1167,1546,Free
12/6/2024 4:32:46,22.25,8991.51,4.11,4,19,0,0,0,1168,2110,Free
12/6/2024 4:32:48,22.25,8992.63,4.12,4,19,0,0,0,1169,502,Free
12/6/2024 4:32:49,22.25,8994.11,4.12,4,19,0,0,0,1170,864,Free
12/6/2024 4:32:52,22.25,8994.84,4.12,4,19,0,0,0,1171,114,Free
12/6/2024 4:32:53,22.25,8995.45,4.12,4,19,0,0,0,1172,0,Free
12/6/2024 4:32:59,22.25,8996.97,4.12,4,19,0,0,0,1173,899,Free
12/6/2024 4:33:01,22.25,8998.60,4.12,4,19,0,0,0,1174,1016,Free
12/6/2024 4:33:03,22.25,9000.46,4.12,4,19,0,0,0,1175,1243,Free
12/6/2024 4:33:05,22.25,9002.05,4.12,4,19,0,0,0,1176,974,Free
12/6/2024 4:33:08,22.25,9003.07,4.12,4,19,0,0,0,1177,400,Free
12/6/2024 4:33:15,22.25,9003.96,4.12,4,19,0,0,0,1178,0,Free
12/6/2024 4:33:16,22.25,9004.70,4.12,4,19,0,0,0,1179,122,Free
12/6/2024 4:33:18,22.25,9005.98,4.11,4,19,0,0,0,1180,661,Free
12/6/2024 4:33:19,22.25,9006.60,4.12,4,19,0,0,0,1181,0,Free
12/6/2024 4:33:20,22.25,9007.32,4.11,4,19,0,0,0,1182,107,Free
12/6/2024 4:33:22,22.25,9008.08,4.12,4,19,0,0,0,1183,140,Free
12/6/2024 4:33:25,22.25,9011.21,4.12,4,19,0,0,0,1184,2522,Free
12/6/2024 4:33:27,22.25,9012.03,4.11,4,19,0,0,0,1185,206,Free
12/6/2024 4:33:29,22.25,9013.00,4.12,4,19,0,0,0,1186,341,Free
12/6/2024 4:33:30,22.25,9013.69,4.12,4,19,0,0,0,1187,81,Free
12/6/2024 4:33:34,22.25,9016.50,4.12,4,19,0,0,0,1188,2195,Free
12/6/2024 4:33:43,22.25,9019.69,4.12,4,19,0,0,0,1189,2295,Free
12/6/2024 4:33:46,22.25,9021.00,4.10,4,19,0,0,0,1190,696,Free
12/6/2024 4:33:49,22.25,9022.19,4.12,4,19,0,0,0,1191,578,Free
12/6/2024 4:33:51,22.25,9023.16,4.12,4,19,0,0,0,1192,350,Free
12/6/2024 4:33:56,22.25,9023.77,4.12,4,19,0,0,0,1193,0,Free
12/6/2024 4:33:58,22.25,9024.39,4.12,4,19,0,0,0,1194,0,Free
12/6/2024 4:34:01,22.25,9025.25,4.12,4,19,0,0,0,1195,241,Free
12/6/2024 4:34:04,22.25,9026.11,4.12,4,19,0,0,0,1196,249,Free
12/6/2024 4:34:12,22.25,9027.63,4.12,4,19,0,0,0,1197,619,Free
12/6/2024 4:34:29,22.25,9028.80,4.12,4,19,0,0,0,1198,0,Free
12/6/2024 4:34:30,22.25,9029.59,4.12,4,19,0,0,0,1199,173,Free
12/6/2024 4:34:37,22.25,9031.29,4.12,4,19,0,0,0,1200,1090,Free
12/6/2024 4:34:39,22.25,9032.73,4.12,4,19,0,0,0,1201,822,Free
12/6/2024 4:34:43,22.25,9035.37,4.12,4,19,0,0,0,1202,2017,Free
12/6/2024 4:34:44,22.25,9035.98,4.12,4,19,0,0,0,1203,0,Free
12/6/2024 4:34:45,22.25,9036.60,4.12,4,19,0,0,0,1204,0,Free
12/6/2024 4:34:47,22.25,9038.15,4.12,4,19,0,0,0,1205,939,Free
12/6/2024 4:34:49,22.25,9038.80,4.12,4,19,0,0,0,1206,38,Free
12/6/2024 4:34:53,22.25,9040.42,4.12,4,19,0,0,0,1207,990,Free
12/6/2024 4:34:55,22.25,9041.03,4.12,4,19,0,0,0,1208,0,Free
12/6/2024 4:34:59,22.25,9043.55,4.12,4,19,0,0,0,1209,1901,Free
12/6/2024 4:35:01,22.25,9044.24,4.12,4,19,0,0,0,1210,72,Free
12/6/2024 4:35:13,22.25,9046.02,4.10,4,19,0,0,0,1211,888,Free
12/6/2024 4:35:56,22.25,9049.30,4.12,4,19,0,0,0,1212,711,Free
12/6/2024 4:36:00,22.25,9050.08,4.12,4,19,0,0,0,1213,165,Free
12/6/2024 4:36:03,22.25,9050.81,4.12,4,19,0,0,0,1214,115,Free
12/6/2024 4:36:05,22.25,9051.87,4.12,4,19,0,0,0,1215,449,Free
12/6/2024 4:36:43,22.25,9054.70,4.12,4,19,0,0,0,1216,823,Free
12/6/2024 4:36:46,22.25,9055.32,4.12,4,19,0,0,0,1217,0,Free
12/6/2024 4:38:47,22.25,9061.51,4.12,4,19,0,0,0,1218,0,Free
12/6/2024 4:38:48,22.25,9062.13,4.12,4,19,0,0,0,1219,0,Free
12/6/2024 4:38:50,22.25,9062.91,4.12,4,19,0,0,0,1220,173,Free
12/6/2024 4:38:51,22.25,9063.53,4.12,4,19,0,0,0,1221,0,Free
12/6/2024 4:38:54,22.25,9065.55,4.12,4,19,0,0,0,1222,1409,Free
12/6/2024 4:38:56,22.25,9066.78,4.12,4,19,0,0,0,1223,610,Free
12/6/2024 4:38:57,22.25,9067.62,4.12,4,19,0,0,0,1224,223,Free
12/6/2024 4:38:58,22.25,9068.46,4.11,4,19,0,0,0,1225,224,Free
12/6/2024 4:38:59,22.25,9069.32,4.12,4,19,0,0,0,1226,249,Free
12/6/2024 4:39:00,22.25,9069.99,4.12,4,19,0,0,0,1227,55,Free
12/6/2024 4:42:08,22.25,9091.40,4.12,4,19,0,0,0,1227,0,Free
12/6/2024 4:43:05,22.25,9094.52,4.12,4,19,0,0,0,1228,0,Free
12/6/2024 4:43:06,22.25,9095.16,4.12,4,19,0,0,0,1229,22,Free
12/6/2024 4:43:07,22.25,9095.78,4.12,4,19,0,0,0,1230,0,Free
12/6/2024 4:43:08,22.25,9096.57,4.12,4,19,0,0,0,1231,182,Free
12/6/2024 4:43:09,22.25,9097.21,4.11,4,19,0,0,0,1232,14,Free
12/6/2024 4:43:11,22.25,9098.88,4.12,4,19,0,0,0,1233,1057,Free
12/6/2024 4:43:13,22.25,9099.70,4.12,4,19,0,0,0,1234,198,Free
12/6/2024 4:43:15,22.25,9100.60,4.12,4,19,0,0,0,1235,291,Free
12/6/2024 4:43:16,22.25,9101.22,4.12,4,19,0,0,0,1236,0,Free
12/6/2024 4:43:19,22.25,9102.30,4.12,4,19,0,0,0,1237,468,Free
12/6/2024 4:43:25,22.25,9102.92,4.12,4,19,0,0,0,1238,0,Free
12/6/2024 4:43:29,22.25,9104.72,4.12,4,19,0,0,0,1239,1192,Free
12/6/2024 4:43:31,22.25,9105.34,4.12,4,19,0,0,0,1240,0,Free
12/6/2024 4:43:32,22.25,9105.96,4.11,4,19,0,0,0,1241,5,Free
12/6/2024 4:43:39,22.25,9113.26,4.11,4,19,0,0,0,1242,6685,Free
12/6/2024 4:43:41,22.25,9114.47,4.11,4,19,0,0,0,1243,594,Free
12/6/2024 4:43:45,22.25,9115.09,4.12,4,19,0,0,0,1244,0,Free
12/6/2024 4:43:47,22.25,9115.70,4.12,4,19,0,0,0,1245,0,Free
12/6/2024 4:43:48,22.25,9116.36,4.12,4,19,0,0,0,1246,40,Free
12/6/2024 4:43:49,22.25,9116.97,4.11,4,19,0,0,0,1247,0,Free
12/6/2024 4:43:52,22.25,9119.18,4.11,4,19,0,0,0,1248,1598,Free
12/6/2024 4:43:54,22.25,9119.80,4.12,4,19,0,0,0,1249,0,Free
12/6/2024 4:43:56,22.25,9120.67,4.12,4,19,0,0,0,1250,249,Free
12/6/2024 4:43:57,22.25,9121.28,4.12,4,19,0,0,0,1251,0,Free
12/6/2024 4:44:01,22.25,9122.17,4.12,4,19,0,0,0,1252,275,Free
12/6/2024 4:44:03,22.25,9124.14,4.11,4,19,0,0,0,1253,1353,Free
12/6/2024 4:44:05,22.25,9125.58,4.12,4,19,0,0,0,1254,822,Free
12/6/2024 4:44:05,22.25,9126.22,4.11,4,19,0,0,0,1255,30,Free
12/6/2024 4:44:06,22.25,9126.84,4.12,4,19,0,0,0,1256,0,Free
12/6/2024 4:44:08,22.25,9128.22,4.11,4,19,0,0,0,1257,763,Free
12/6/2024 4:44:09,22.25,9128.83,4.12,4,19,0,0,0,1258,0,Free
12/6/2024 4:44:10,22.25,9129.46,4.12,4,19,0,0,0,1259,0,Free
12/6/2024 4:44:10,22.25,9130.07,4.12,4,19,0,0,0,1260,0,Free
12/6/2024 4:44:16,22.25,9130.69,4.12,4,19,0,0,0,1261,0,Free
12/6/2024 4:44:18,22.25,9131.69,4.11,4,19,0,0,0,1262,385,Free
12/6/2024 4:44:19,22.25,9132.30,4.12,4,19,0,0,0,1263,0,Free
12/6/2024 4:44:23,22.25,9133.34,4.12,4,19,0,0,0,1264,418,Free
12/6/2024 4:44:26,22.25,9134.13,4.12,4,19,0,0,0,1265,181,Free
12/6/2024 4:44:28,22.25,9135.37,4.12,4,19,0,0,0,1266,620,Free
12/6/2024 4:44:41,22.25,9136.55,4.11,4,19,0,0,0,1267,0,Free
12/6/2024 4:44:44,22.25,9137.16,4.11,4,19,0,0,0,1268,0,Free
12/6/2024 4:44:46,22.25,9137.78,4.12,4,19,0,0,0,1269,0,Free
12/6/2024 4:48:10,22.25,9147.68,4.11,4,19,0,0,0,1270,95,Free
12/6/2024 4:56:04,22.00,9170.02,4.12,4,19,0,0,0,1271,0,Free
12/6/2024 4:57:41,22.00,9187.25,4.10,4,19,0,0,0,1271,0,Free
12/6/2024 4:59:37,22.25,9193.25,4.11,4,19,0,0,0,1272,89,Free
12/6/2024 4:59:45,22.25,9194.14,4.12,4,19,0,0,0,1273,0,Free
12/6/2024 5:01:43,22.25,9200.06,4.11,4,19,0,0,0,1274,0,Free
12/6/2024 5:01:47,22.25,9202.03,4.11,4,19,0,0,0,1275,1362,Free
12/6/2024 5:01:49,22.25,9202.76,4.12,4,19,0,0,0,1276,115,Free
12/6/2024 5:15:38,22.00,9253.98,4.11,4,19,0,0,0,1276,0,Free
12/6/2024 5:33:51,22.00,9317.45,4.11,4,19,0,0,0,1276,0,Free
12/6/2024 5:42:13,22.00,9341.19,4.12,4,19,0,0,0,1277,0,Free
12/6/2024 5:42:15,22.00,9342.05,4.11,4,19,0,0,0,1278,249,Free
12/6/2024 5:42:16,22.00,9342.67,4.11,4,19,0,0,0,1279,0,Free
12/6/2024 5:42:25,22.00,9343.56,4.12,4,19,0,0,0,1280,0,Free
12/6/2024 5:42:30,22.00,9344.18,4.11,4,19,0,0,0,1281,0,Free
12/6/2024 5:42:35,22.00,9345.53,4.12,4,19,0,0,0,1282,730,Free
12/6/2024 5:42:54,22.00,9347.52,4.12,4,19,0,0,0,1283,535,Free
12/6/2024 5:44:10,22.00,9351.48,4.11,4,19,0,0,0,1284,5,Free
12/6/2024 5:44:12,22.00,9352.73,4.11,4,19,0,0,0,1285,629,Free
12/6/2024 5:44:17,22.00,9353.84,4.11,4,19,0,0,0,1286,493,Free
12/6/2024 5:44:23,22.00,9354.69,4.11,4,19,0,0,0,1287,241,Free
12/6/2024 5:44:24,22.00,9355.31,4.11,4,19,0,0,0,1288,0,Free
12/6/2024 5:44:25,22.00,9356.29,4.12,4,19,0,0,0,1289,359,Free
12/6/2024 5:44:26,22.00,9357.40,4.12,4,19,0,0,0,1290,494,Free
12/6/2024 5:44:30,22.00,9358.01,4.11,4,19,0,0,0,1291,0,Free
12/6/2024 5:44:31,22.00,9358.63,4.12,4,19,0,0,0,1292,0,Free
12/6/2024 5:44:34,22.00,9359.24,4.12,4,19,0,0,0,1293,0,Free
12/6/2024 5:44:35,22.00,9359.86,4.12,4,19,0,0,0,1294,0,Free
12/6/2024 5:44:37,22.00,9360.47,4.11,4,19,0,0,0,1295,0,Free
12/6/2024 5:44:38,22.00,9361.30,4.11,4,19,0,0,0,1296,207,Free
12/6/2024 5:44:49,22.00,9363.57,4.11,4,19,0,0,0,1297,1378,Free
12/6/2024 5:44:50,22.00,9364.19,4.12,4,19,0,0,0,1298,0,Free
12/6/2024 5:44:53,22.00,9365.50,4.11,4,19,0,0,0,1299,696,Free
12/6/2024 5:44:57,22.00,9366.59,4.12,4,19,0,0,0,1300,477,Free
12/6/2024 5:44:59,22.00,9367.20,4.11,4,19,0,0,0,1301,0,Free
12/6/2024 5:45:06,22.00,9368.14,4.12,4,19,0,0,0,1302,39,Free
12/6/2024 5:45:08,22.00,9369.31,4.11,4,19,0,0,0,1303,553,Free
12/6/2024 5:45:09,22.00,9370.02,4.12,4,19,0,0,0,1304,98,Free
12/6/2024 5:45:13,22.00,9371.79,4.11,4,19,0,0,0,1305,1151,Free
12/6/2024 5:45:24,22.00,9375.38,4.11,4,19,0,0,0,1306,2700,Free
12/6/2024 5:45:27,22.00,9376.32,4.11,4,19,0,0,0,1307,325,Free
12/6/2024 5:45:35,22.00,9379.17,4.11,4,19,0,0,0,1308,2229,Free
12/6/2024 5:45:39,22.00,9380.27,4.12,4,19,0,0,0,1309,485,Free
12/6/2024 5:45:42,22.00,9382.42,4.11,4,19,0,0,0,1310,1529,Free
12/6/2024 5:45:44,22.00,9384.02,4.11,4,19,0,0,0,1311,991,Free
12/6/2024 5:45:50,22.00,9385.38,4.12,4,19,0,0,0,1312,738,Free
12/6/2024 5:45:53,22.00,9386.18,4.12,4,19,0,0,0,1313,182,Free
12/6/2024 5:45:57,22.00,9389.62,4.11,4,19,0,0,0,1314,2826,Free
12/6/2024 5:46:00,22.00,9390.23,4.12,4,19,0,0,0,1315,0,Free
12/6/2024 5:46:07,22.00,9394.14,4.12,4,19,0,0,0,1316,3291,Free
12/6/2024 5:46:12,22.00,9395.22,4.11,4,19,0,0,0,1317,468,Free
12/6/2024 5:46:16,22.00,9398.35,4.11,4,19,0,0,0,1318,2507,Free
12/6/2024 5:46:18,22.00,9399.39,4.11,4,19,0,0,0,1319,426,Free
12/6/2024 5:46:25,22.00,9400.41,4.11,4,19,0,0,0,1320,131,Free
12/6/2024 5:46:31,22.00,9405.31,4.11,4,19,0,0,0,1321,4283,Free
12/6/2024 5:46:35,22.00,9406.13,4.12,4,19,0,0,0,1322,199,Free
12/6/2024 5:46:36,22.00,9406.87,4.11,4,19,0,0,0,1323,123,Free
12/6/2024 5:46:37,22.00,9408.11,4.11,4,19,0,0,0,1324,629,Free
12/6/2024 5:46:42,22.00,9408.82,4.12,4,19,0,0,0,1325,97,Free
12/6/2024 5:46:46,22.00,9410.23,4.12,4,19,0,0,0,1326,789,Free
12/6/2024 5:46:47,22.00,9410.84,4.12,4,19,0,0,0,1327,0,Free
12/6/2024 5:46:48,22.00,9411.57,4.12,4,19,0,0,0,1328,114,Free
12/6/2024 5:46:49,22.00,9412.65,4.12,4,19,0,0,0,1329,459,Free
12/6/2024 5:46:50,22.00,9413.26,4.12,4,19,0,0,0,1330,0,Free
12/6/2024 5:46:51,22.00,9413.90,4.12,4,19,0,0,0,1331,22,Free
12/6/2024 5:46:52,22.00,9414.52,4.12,4,19,0,0,0,1332,0,Free
12/6/2024 5:46:53,22.00,9415.46,4.11,4,19,0,0,0,1333,333,Free
12/6/2024 5:47:02,22.00,9422.00,4.12,4,19,0,0,0,1334,5924,Free
12/6/2024 5:47:07,22.00,9423.50,4.11,4,19,0,0,0,1335,880,Free
12/6/2024 5:47:09,22.00,9424.12,4.11,4,19,0,0,0,1336,0,Free
12/6/2024 5:47:10,22.00,9424.87,4.11,4,19,0,0,0,1337,140,Free
12/6/2024 5:47:12,22.00,9427.25,4.12,4,19,0,0,0,1338,1761,Free
12/6/2024 5:47:16,22.00,9429.32,4.12,4,19,0,0,0,1339,1451,Free
12/6/2024 5:47:19,22.00,9429.93,4.12,4,19,0,0,0,1340,0,Free
12/6/2024 5:47:21,22.00,9431.77,4.12,4,19,0,0,0,1341,1223,Free
12/6/2024 5:47:22,22.00,9432.39,4.11,4,19,0,0,0,1342,0,Free
12/6/2024 5:47:24,22.00,9433.00,4.12,4,19,0,0,0,1343,0,Free
12/6/2024 5:47:27,22.00,9434.96,4.12,4,19,0,0,0,1344,1336,Free
12/6/2024 5:47:35,22.00,9435.92,4.11,4,19,0,0,0,1345,72,Free
12/6/2024 5:47:37,22.00,9437.35,4.12,4,19,0,0,0,1346,806,Free
12/6/2024 5:47:38,22.00,9438.07,4.11,4,19,0,0,0,1347,106,Free
12/6/2024 5:47:41,22.00,9440.72,4.11,4,19,0,0,0,1348,2035,Free
12/6/2024 5:47:48,22.00,9442.10,4.11,4,19,0,0,0,1349,772,Free
12/6/2024 5:47:54,22.25,9444.05,4.11,4,19,0,0,0,1350,1328,Free
12/6/2024 5:48:00,22.25,9445.65,4.11,4,19,0,0,0,1351,982,Free
12/6/2024 5:48:19,22.25,9459.25,4.11,4,19,0,0,0,1351,0,Free
12/6/2024 5:53:42,22.25,9475.60,4.11,4,19,0,0,0,1352,965,Free
12/6/2024 5:53:43,22.25,9476.30,4.12,4,19,0,0,0,1353,90,Free
12/6/2024 5:53:49,22.25,9478.50,4.11,4,19,0,0,0,1354,1588,Free
12/6/2024 5:53:53,22.25,9480.27,4.11,4,19,0,0,0,1355,1150,Free
12/6/2024 5:53:59,22.25,9485.25,4.12,4,19,0,0,0,1356,4366,Free
12/6/2024 5:54:05,22.25,9486.05,4.12,4,19,0,0,0,1357,181,Free
12/6/2024 5:54:24,22.25,9489.29,4.12,4,19,0,0,0,1358,2068,Free
12/6/2024 5:54:32,22.25,9495.95,4.12,4,19,0,0,0,1359,6044,Free
12/6/2024 5:54:43,22.25,9499.79,4.11,4,19,0,0,0,1360,2953,Free
12/6/2024 5:54:51,22.25,9501.46,4.12,4,19,0,0,0,1361,763,Free
12/6/2024 5:55:05,22.25,9508.36,4.12,4,19,0,0,0,1362,6001,Free
12/6/2024 5:55:13,22.25,9509.31,4.11,4,19,0,0,0,1363,64,Free
12/6/2024 5:55:16,22.25,9511.40,4.11,4,19,0,0,0,1364,1475,Free
12/6/2024 5:55:19,22.25,9513.02,4.11,4,19,0,0,0,1365,997,Free
12/6/2024 5:55:26,22.25,9518.35,4.11,4,19,0,0,0,1366,4722,Free
12/6/2024 5:55:28,22.25,9520.73,4.12,4,19,0,0,0,1367,1761,Free
12/6/2024 5:55:38,22.25,9528.39,4.11,4,19,0,0,0,1368,7048,Free
12/6/2024 5:55:41,22.25,9531.47,4.11,4,19,0,0,0,1369,2460,Free
12/6/2024 5:55:43,22.25,9532.37,4.11,4,19,0,0,0,1370,282,Free
12/6/2024 5:55:44,22.25,9533.83,4.11,4,19,0,0,0,1371,846,Free
12/6/2024 5:55:49,22.25,9535.31,4.12,4,19,0,0,0,1372,863,Free
12/6/2024 5:55:56,22.25,9536.20,4.11,4,19,0,0,0,1373,0,Free
12/6/2024 5:56:02,22.25,9537.01,4.11,4,19,0,0,0,1374,191,Free
12/6/2024 5:56:07,22.25,9537.91,4.11,4,19,0,0,0,1375,291,Free
12/6/2024 5:56:14,22.25,9538.53,4.12,4,19,0,0,0,1376,0,Free
12/6/2024 6:03:35,22.25,9559.99,4.11,4,19,0,0,0,1377,511,Free
12/6/2024 6:03:42,22.25,9561.30,4.11,4,19,0,0,0,1378,410,Free
12/6/2024 6:03:48,22.25,9563.19,4.12,4,19,0,0,0,1379,1277,Free
12/6/2024 6:03:51,22.00,9565.37,4.11,4,19,0,0,0,1380,1564,Free
12/6/2024 6:03:58,22.00,9566.67,4.11,4,19,0,0,0,1381,409,Free
12/6/2024 6:04:04,22.00,9569.50,4.12,4,19,0,0,0,1382,2210,Free
12/6/2024 6:05:04,22.00,9573.97,4.11,4,19,0,0,0,1383,1350,Free
12/6/2024 6:05:07,22.00,9575.52,4.11,4,19,0,0,0,1384,939,Free
12/6/2024 6:05:11,22.00,9577.14,4.11,4,19,0,0,0,1385,997,Free
12/6/2024 6:05:12,22.00,9577.75,4.11,4,19,0,0,0,1386,0,Free
12/6/2024 6:05:18,22.00,9580.20,4.12,4,19,0,0,0,1387,1830,Free
12/6/2024 6:05:31,22.00,9593.54,4.12,4,19,0,0,0,1387,0,Free
12/6/2024 6:23:45,22.00,9657.01,4.11,4,19,0,0,0,1387,0,Free
12/6/2024 6:41:58,22.00,9720.48,4.11,4,19,0,0,0,1387,0,Free
12/6/2024 7:00:11,22.00,9783.95,4.11,4,19,0,0,0,1387,0,Free
12/6/2024 7:10:02,22.00,9813.74,4.11,4,19,0,0,0,1388,1866,Free
12/6/2024 7:10:17,22.00,9819.25,4.11,4,19,0,0,0,1389,4621,Free
12/6/2024 7:10:24,22.00,9820.85,4.11,4,19,0,0,0,1390,705,Free
12/6/2024 7:14:43,22.00,9834.45,4.11,4,19,0,0,0,1391,1283,Free
12/6/2024 7:14:47,22.00,9838.53,4.11,4,19,0,0,0,1392,3461,Free
12/6/2024 7:14:53,22.00,9842.39,4.11,4,19,0,0,0,1393,3249,Free
12/6/2024 7:14:55,22.00,9844.76,4.11,4,19,0,0,0,1394,1753,Free
12/6/2024 7:14:56,22.00,9845.50,4.12,4,19,0,0,0,1395,122,Free
12/6/2024 7:14:57,22.00,9846.64,4.11,4,19,0,0,0,1396,526,Free
12/6/2024 7:14:59,22.00,9848.04,4.11,4,19,0,0,0,1397,787,Free
12/6/2024 7:15:04,22.00,9852.56,4.11,4,19,0,0,0,1398,3897,Free
12/6/2024 7:15:06,22.00,9853.27,4.11,4,19,0,0,0,1399,97,Free
12/6/2024 7:15:12,22.00,9853.89,4.11,4,19,0,0,0,1400,0,Free
12/6/2024 7:15:14,22.00,9855.04,4.12,4,19,0,0,0,1401,536,Free
12/6/2024 7:15:15,22.00,9855.65,4.11,4,19,0,0,0,1402,0,Free
12/6/2024 7:15:16,22.00,9856.53,4.11,4,19,0,0,0,1403,258,Free
12/6/2024 7:15:20,22.00,9860.12,4.11,4,19,0,0,0,1404,2978,Free
12/6/2024 7:15:27,22.00,9861.05,4.11,4,19,0,0,0,1405,39,Free
12/6/2024 7:15:30,22.00,9863.76,4.11,4,19,0,0,0,1406,2094,Free
12/6/2024 7:15:31,22.00,9864.75,4.11,4,19,0,0,0,1407,367,Free
12/6/2024 7:15:35,22.00,9867.03,4.11,4,19,0,0,0,1408,1664,Free
12/6/2024 7:15:39,22.00,9867.73,4.11,4,19,0,0,0,1409,89,Free
12/6/2024 7:15:46,22.00,9868.94,4.11,4,19,0,0,0,1410,591,Free
12/6/2024 7:15:48,22.00,9869.85,4.11,4,19,0,0,0,1411,291,Free
12/6/2024 7:15:57,22.00,9871.36,4.11,4,19,0,0,0,1412,619,Free
12/6/2024 7:16:00,22.00,9872.16,4.11,4,19,0,0,0,1413,182,Free
12/6/2024 7:16:01,22.00,9873.31,4.11,4,19,0,0,0,1414,535,Free
12/6/2024 7:16:11,22.00,9876.10,4.11,4,19,0,0,0,1415,1890,Free
12/6/2024 7:16:15,22.00,9878.50,4.11,4,19,0,0,0,1416,1782,Free
12/6/2024 7:16:23,22.00,9881.59,4.11,4,19,0,0,0,1417,2479,Free
12/6/2024 7:16:24,22.00,9882.41,4.11,4,19,0,0,0,1418,207,Free
12/6/2024 7:16:38,22.00,9891.03,4.11,4,19,0,0,0,1419,7999,Free
12/6/2024 7:16:51,22.00,9902.26,4.11,4,19,0,0,0,1420,10618,Free
12/6/2024 7:16:53,22.00,9902.89,4.11,4,19,0,0,0,1421,14,Free
12/6/2024 7:17:12,22.00,9916.50,4.11,4,19,0,0,0,1421,0,Free
12/6/2024 7:35:25,22.00,9979.97,4.11,4,19,0,0,0,1421,0,Free
12/6/2024 7:53:38,22.00,10043.44,4.11,4,19,0,0,0,1421,0,Free
12/6/2024 8:11:51,22.00,10106.91,4.11,4,19,0,0,0,1421,0,Free
12/6/2024 8:30:04,22.00,10170.39,4.11,4,19,0,0,0,1421,0,Free
12/6/2024 8:31:03,22.00,10174.17,4.11,4,19,0,0,0,1422,663,Free
12/6/2024 8:31:14,22.00,10175.13,4.11,4,19,0,0,0,1423,64,Free
12/6/2024 8:31:15,22.00,10175.75,4.11,4,19,0,0,0,1424,0,Free
12/6/2024 8:31:27,22.00,10176.87,4.11,4,19,0,0,0,1425,233,Free
12/6/2024 8:31:32,22.00,10177.50,4.11,4,19,0,0,0,1426,0,Free
12/6/2024 8:31:40,22.00,10178.39,4.11,4,19,0,0,0,1427,5,Free
12/6/2024 8:31:41,22.00,10179.01,4.11,4,19,0,0,0,1428,0,Free
12/6/2024 8:31:44,22.00,10179.62,4.11,4,19,0,0,0,1429,0,Free
12/6/2024 8:31:47,22.00,10180.24,4.11,4,19,0,0,0,1430,0,Free
12/6/2024 8:31:54,22.00,10182.50,4.11,4,19,0,0,0,1431,1640,Free
12/6/2024 8:32:05,22.00,10186.07,4.11,4,19,0,0,0,1432,2675,Free
12/6/2024 8:32:08,22.00,10188.39,4.11,4,19,0,0,0,1433,1698,Free
12/6/2024 8:32:12,22.00,10190.65,4.11,4,19,0,0,0,1434,1647,Free
12/6/2024 8:40:32,22.00,10214.39,4.11,4,19,0,0,0,1435,5,Free
12/6/2024 8:40:35,22.00,10215.61,4.11,4,19,0,0,0,1436,603,Free
12/6/2024 8:40:44,22.00,10217.10,4.11,4,19,0,0,0,1437,601,Free
12/6/2024 8:40:47,22.00,10217.94,4.11,4,19,0,0,0,1438,216,Free
12/6/2024 8:40:55,22.00,10219.63,4.11,4,19,0,0,0,1439,805,Free
12/6/2024 8:41:00,22.00,10220.38,4.11,4,19,0,0,0,1440,131,Free
12/6/2024 8:41:01,22.00,10221.00,4.11,4,19,0,0,0,1441,0,Free
12/6/2024 8:41:02,22.00,10221.62,4.11,4,19,0,0,0,1442,0,Free
12/6/2024 8:43:20,22.00,10230.82,4.11,4,19,0,0,0,1443,2461,Free
12/6/2024 8:43:24,22.00,10231.44,4.11,4,19,0,0,0,1444,5,Free
12/6/2024 8:43:27,22.00,10233.77,4.11,4,19,0,0,0,1445,1712,Free
12/6/2024 8:43:38,22.00,10235.89,4.11,4,19,0,0,0,1446,1227,Free
12/6/2024 8:43:50,22.00,10236.95,4.11,4,19,0,0,0,1447,164,Free
12/6/2024 8:47:16,22.00,10259.19,4.11,4,19,0,0,0,1447,0,Free
12/6/2024 8:52:59,22.00,10278.02,4.11,4,19,0,0,0,1448,2617,Free
12/6/2024 8:53:08,22.00,10279.04,4.11,4,19,0,0,0,1449,124,Free
12/6/2024 8:53:15,22.00,10281.21,4.11,4,19,0,0,0,1450,1555,Free
12/6/2024 8:53:24,22.00,10282.20,4.11,4,19,0,0,0,1451,97,Free
12/6/2024 8:53:28,22.00,10282.82,4.11,4,19,0,0,0,1452,0,Free
12/6/2024 8:53:29,22.00,10283.43,4.11,4,19,0,0,0,1453,0,Free
12/6/2024 8:53:37,22.00,10285.13,4.11,4,19,0,0,0,1454,803,Free
12/6/2024 8:53:41,22.00,10285.75,4.11,4,19,0,0,0,1455,0,Free
12/6/2024 8:53:46,22.00,10286.36,4.11,4,19,0,0,0,1456,0,Free
12/6/2024 8:54:10,22.00,10289.08,4.11,4,19,0,0,0,1457,1252,Free
12/6/2024 8:54:15,22.00,10291.95,4.11,4,19,0,0,0,1458,2263,Free
12/6/2024 8:54:17,22.00,10292.60,4.11,4,19,0,0,0,1459,30,Free
12/6/2024 8:54:21,22.00,10294.19,4.11,4,19,0,0,0,1460,973,Free
12/6/2024 8:54:24,22.00,10295.30,4.11,4,19,0,0,0,1461,494,Free
12/6/2024 8:54:25,22.00,10295.91,4.11,4,19,0,0,0,1462,0,Free
12/6/2024 8:54:50,22.00,10298.72,4.11,4,19,0,0,0,1463,1358,Free
12/6/2024 8:54:52,22.00,10299.81,4.11,4,19,0,0,0,1464,476,Free
12/6/2024 8:54:54,22.00,10300.74,4.11,4,19,0,0,0,1465,308,Free
12/6/2024 8:54:57,22.00,10302.72,4.11,4,19,0,0,0,1466,1367,Free
12/6/2024 8:55:00,22.00,10303.34,4.11,4,19,0,0,0,1467,0,Free
12/6/2024 8:55:03,22.00,10304.26,4.11,4,19,0,0,0,1468,309,Free
12/6/2024 8:55:05,22.00,10305.04,4.11,4,19,0,0,0,1469,157,Free
12/6/2024 8:55:08,22.00,10305.77,4.11,4,19,0,0,0,1470,123,Free
12/6/2024 8:55:13,22.00,10308.15,4.11,4,19,0,0,0,1471,1760,Free
12/6/2024 8:55:15,22.00,10309.51,4.11,4,19,0,0,0,1472,744,Free
12/6/2024 8:55:20,22.00,10311.89,4.11,4,19,0,0,0,1473,1762,Free
12/6/2024 8:55:41,22.00,10314.55,4.11,4,19,0,0,0,1474,1211,Free
12/6/2024 8:55:48,22.00,10315.74,4.11,4,19,0,0,0,1475,300,Free
12/6/2024 8:56:04,22.00,10317.44,4.11,4,19,0,0,0,1476,519,Free
12/6/2024 8:56:06,22.00,10318.61,4.11,4,19,0,0,0,1477,561,Free
12/6/2024 8:56:10,22.00,10319.23,4.11,4,19,0,0,0,1478,0,Free
12/6/2024 9:04:11,22.00,10354.29,4.11,4,19,0,0,0,1478,0,Free
12/6/2024 9:22:24,22.00,10417.76,4.11,4,19,0,0,0,1478,0,Free
12/6/2024 9:40:37,22.00,10481.23,4.11,4,19,0,0,0,1478,0,Free
12/6/2024 9:50:10,22.00,10508.31,4.11,4,19,0,0,0,1479,0,Free
12/6/2024 9:50:13,22.00,10509.21,4.11,4,19,0,0,0,1480,283,Free
12/6/2024 9:50:15,22.00,10510.24,4.11,4,19,0,0,0,1481,409,Free
12/6/2024 9:50:18,22.00,10511.60,4.11,4,19,0,0,0,1482,746,Free
12/6/2024 9:50:21,22.00,10513.33,4.11,4,19,0,0,0,1483,1109,Free
12/6/2024 9:50:22,22.00,10513.94,4.11,4,19,0,0,0,1484,0,Free
12/6/2024 9:50:24,22.00,10514.65,4.11,4,19,0,0,0,1485,90,Free
12/6/2024 9:50:53,22.00,10520.20,4.10,4,19,0,0,0,1486,3823,Free
12/6/2024 9:51:08,22.00,10521.97,4.10,4,19,0,0,0,1487,594,Free
12/6/2024 9:51:12,22.00,10522.59,4.11,4,19,0,0,0,1488,0,Free
12/6/2024 9:51:16,22.00,10523.82,4.11,4,19,0,0,0,1489,618,Free
12/6/2024 9:51:29,22.00,10524.99,4.11,4,19,0,0,0,1490,0,Free
12/6/2024 9:51:30,22.00,10525.61,4.11,4,19,0,0,0,1491,5,Free
12/6/2024 9:51:32,22.00,10526.23,4.11,4,19,0,0,0,1492,0,Free
12/6/2024 9:51:47,22.00,10528.15,4.11,4,19,0,0,0,1493,753,Free
12/6/2024 9:51:50,22.00,10528.77,4.10,4,19,0,0,0,1494,0,Free
12/6/2024 9:52:11,22.00,10533.60,4.11,4,19,0,0,0,1495,3659,Free
12/6/2024 9:52:12,22.00,10534.22,4.11,4,19,0,0,0,1496,0,Free
12/6/2024 9:52:32,22.00,10535.81,4.11,4,19,0,0,0,1497,139,Free
12/6/2024 9:52:33,22.00,10536.42,4.11,4,19,0,0,0,1498,0,Free
12/6/2024 9:52:36,22.00,10537.04,4.11,4,19,0,0,0,1499,0,Free
12/6/2024 9:52:45,22.00,10538.22,4.11,4,19,0,0,0,1500,283,Free
12/6/2024 9:52:46,22.00,10538.83,4.11,4,19,0,0,0,1501,0,Free
12/6/2024 9:53:04,22.00,10540.01,4.11,4,19,0,0,0,1502,0,Free
12/6/2024 9:53:25,22.00,10541.46,4.11,4,19,0,0,0,1503,0,Free
12/6/2024 9:53:35,22.00,10551.13,4.11,4,19,0,0,0,1504,9060,Free
12/6/2024 9:53:37,22.00,10551.75,4.11,4,19,0,0,0,1505,0,Free
12/6/2024 9:53:48,22.00,10553.32,4.11,4,19,0,0,0,1506,679,Free
12/6/2024 9:54:00,22.00,10554.52,4.11,4,19,0,0,0,1507,306,Free
12/6/2024 9:54:03,22.00,10557.47,4.11,4,19,0,0,0,1508,2322,Free
12/6/2024 9:54:06,22.00,10558.57,4.11,4,19,0,0,0,1509,485,Free
12/6/2024 9:54:12,22.00,10559.23,4.11,4,19,0,0,0,1510,47,Free
12/6/2024 9:54:23,22.00,10564.77,4.11,4,19,0,0,0,1511,4924,Free
12/6/2024 9:54:31,22.00,10566.17,4.11,4,19,0,0,0,1512,780,Free
12/6/2024 9:54:32,22.00,10566.78,4.11,4,19,0,0,0,1513,0,Free
12/6/2024 9:54:42,22.00,10568.42,4.11,4,19,0,0,0,1514,746,Free
12/6/2024 9:54:48,22.00,10571.04,4.11,4,19,0,0,0,1515,2001,Free
12/6/2024 9:54:49,22.00,10572.09,4.11,4,19,0,0,0,1516,435,Free
12/6/2024 9:55:05,22.00,10577.53,4.11,4,19,0,0,0,1517,4554,Free
12/6/2024 9:57:24,22.00,10596.72,4.11,4,19,0,0,0,1517,0,Free
12/6/2024 10:15:37,22.00,10660.19,4.11,4,19,0,0,0,1517,0,Free
