Interval,Filename
67.0,M_11_Andrews_FR1_fed01304262201.csv
644.0,M_11_Andrews_FR1_fed01304262201.csv
45.0,M_11_Andrews_FR1_fed01304262201.csv
2655.0,M_11_Andrews_FR1_fed01304262201.csv
526.0,M_11_Andrews_FR1_fed01304262201.csv
15.0,M_11_Andrews_FR1_fed01304262201.csv
12.0,M_11_Andrews_FR1_fed01304262201.csv
14.0,M_11_Andrews_FR1_fed01304262201.csv
18.0,M_11_Andrews_FR1_fed01304262201.csv
1664.0,M_11_Andrews_FR1_fed01304262201.csv
26.0,M_11_Andrews_FR1_fed01304262201.csv
13.0,M_11_Andrews_FR1_fed01304262201.csv
13.0,M_11_Andrews_FR1_fed01304262201.csv
1253.0,M_11_Andrews_FR1_fed01304262201.csv
1118.0,M_11_Andrews_FR1_fed01304262201.csv
324.0,M_11_Andrews_FR1_fed01304262201.csv
1072.0,M_11_Andrews_FR1_fed01304262201.csv
4031.0,M_11_Andrews_FR1_fed01304262201.csv
486.0,M_11_Andrews_FR1_fed01304262201.csv
64.0,M_11_Andrews_FR1_fed01304262201.csv
2103.0,M_11_Andrews_FR1_fed01304262201.csv
37.0,M_11_Andrews_FR1_fed01304262201.csv
30.0,M_11_Andrews_FR1_fed01304262201.csv
1447.0,M_11_Andrews_FR1_fed01304262201.csv
2051.0,M_11_Andrews_FR1_fed01304262201.csv
17.0,M_11_Andrews_FR1_fed01304262201.csv
199.0,M_11_Andrews_FR1_fed01304262201.csv
23.0,M_11_Andrews_FR1_fed01304262201.csv
234.0,M_11_Andrews_FR1_fed01304262201.csv
11.0,M_11_Andrews_FR1_fed01304262201.csv
1307.0,M_11_Andrews_FR1_fed01304262201.csv
22.0,M_11_Andrews_FR1_fed01304262201.csv
24.0,M_11_Andrews_FR1_fed01304262201.csv
23.0,M_11_Andrews_FR1_fed01304262201.csv
820.0,M_11_Andrews_FR1_fed01304262201.csv
17.0,M_11_Andrews_FR1_fed01304262201.csv
19.0,M_11_Andrews_FR1_fed01304262201.csv
18.0,M_11_Andrews_FR1_fed01304262201.csv
10.0,M_11_Andrews_FR1_fed01304262201.csv
25.0,M_11_Andrews_FR1_fed01304262201.csv
1270.0,M_11_Andrews_FR1_fed01304262201.csv
16.0,M_11_Andrews_FR1_fed01304262201.csv
289.0,M_11_Andrews_FR1_fed01304262201.csv
15.0,M_11_Andrews_FR1_fed01304262201.csv
315.0,M_11_Andrews_FR1_fed01304262201.csv
826.0,M_11_Andrews_FR1_fed01304262201.csv
23.0,M_11_Andrews_FR1_fed01304262201.csv
14.0,M_11_Andrews_FR1_fed01304262201.csv
1068.0,M_11_Andrews_FR1_fed01304262201.csv
57.0,M_11_Andrews_FR1_fed01304262201.csv
19.0,M_11_Andrews_FR1_fed01304262201.csv
18.0,M_11_Andrews_FR1_fed01304262201.csv
25.0,M_11_Andrews_FR1_fed01304262201.csv
761.0,M_11_Andrews_FR1_fed01304262201.csv
15.0,M_11_Andrews_FR1_fed01304262201.csv
19.0,M_11_Andrews_FR1_fed01304262201.csv
21.0,M_11_Andrews_FR1_fed01304262201.csv
19.0,M_11_Andrews_FR1_fed01304262201.csv
25.0,M_11_Andrews_FR1_fed01304262201.csv
898.0,M_11_Andrews_FR1_fed01304262201.csv
22.0,M_11_Andrews_FR1_fed01304262201.csv
520.0,M_11_Andrews_FR1_fed01304262201.csv
22.0,M_11_Andrews_FR1_fed01304262201.csv
24.0,M_11_Andrews_FR1_fed01304262201.csv
1946.0,M_11_Andrews_FR1_fed01304262201.csv
748.0,M_11_Andrews_FR1_fed01304262201.csv
28.0,M_11_Andrews_FR1_fed01304262201.csv
20.0,M_11_Andrews_FR1_fed01304262201.csv
18.0,M_11_Andrews_FR1_fed01304262201.csv
20.0,M_11_Andrews_FR1_fed01304262201.csv
470.0,M_11_Andrews_FR1_fed01304262201.csv
29.0,M_11_Andrews_FR1_fed01304262201.csv
10.0,M_11_Andrews_FR1_fed01304262201.csv
21.0,M_11_Andrews_FR1_fed01304262201.csv
26.0,M_11_Andrews_FR1_fed01304262201.csv
1662.0,M_11_Andrews_FR1_fed01304262201.csv
20.0,M_11_Andrews_FR1_fed01304262201.csv
21.0,M_11_Andrews_FR1_fed01304262201.csv
752.0,M_11_Andrews_FR1_fed01304262201.csv
8.0,M_11_Andrews_FR1_fed01304262201.csv
24.0,M_11_Andrews_FR1_fed01304262201.csv
27.0,M_11_Andrews_FR1_fed01304262201.csv
27.0,M_11_Andrews_FR1_fed01304262201.csv
1184.0,M_11_Andrews_FR1_fed01304262201.csv
20.0,M_11_Andrews_FR1_fed01304262201.csv
22.0,M_11_Andrews_FR1_fed01304262201.csv
1184.0,M_11_Andrews_FR1_fed01304262201.csv
634.0,M_11_Andrews_FR1_fed01304262201.csv
18.0,M_11_Andrews_FR1_fed01304262201.csv
15.0,M_11_Andrews_FR1_fed01304262201.csv
17.0,M_11_Andrews_FR1_fed01304262201.csv
19.0,M_11_Andrews_FR1_fed01304262201.csv
17.0,M_11_Andrews_FR1_fed01304262201.csv
17.0,M_11_Andrews_FR1_fed01304262201.csv
1340.0,M_11_Andrews_FR1_fed01304262201.csv
293.0,M_11_Andrews_FR1_fed01304262201.csv
18.0,M_11_Andrews_FR1_fed01304262201.csv
28.0,M_11_Andrews_FR1_fed01304262201.csv
326.0,M_11_Andrews_FR1_fed01304262201.csv
768.0,M_11_Andrews_FR1_fed01304262201.csv
13.0,M_11_Andrews_FR1_fed01304262201.csv
15.0,M_11_Andrews_FR1_fed01304262201.csv
13.0,M_11_Andrews_FR1_fed01304262201.csv
26.0,M_11_Andrews_FR1_fed01304262201.csv
19.0,M_11_Andrews_FR1_fed01304262201.csv
15.0,M_11_Andrews_FR1_fed01304262201.csv
1513.0,M_11_Andrews_FR1_fed01304262201.csv
25.0,M_11_Andrews_FR1_fed01304262201.csv
20.0,M_11_Andrews_FR1_fed01304262201.csv
22.0,M_11_Andrews_FR1_fed01304262201.csv
29.0,M_11_Andrews_FR1_fed01304262201.csv
35.0,M_11_Andrews_FR1_fed01304262201.csv
1146.0,M_11_Andrews_FR1_fed01304262201.csv
22.0,M_11_Andrews_FR1_fed01304262201.csv
14.0,M_11_Andrews_FR1_fed01304262201.csv
20.0,M_11_Andrews_FR1_fed01304262201.csv
26.0,M_11_Andrews_FR1_fed01304262201.csv
14.0,M_11_Andrews_FR1_fed01304262201.csv
18.0,M_11_Andrews_FR1_fed01304262201.csv
1261.0,M_11_Andrews_FR1_fed01304262201.csv
23.0,M_11_Andrews_FR1_fed01304262201.csv
21.0,M_11_Andrews_FR1_fed01304262201.csv
3109.0,M_11_Andrews_FR1_fed01304262201.csv
9.0,M_11_Andrews_FR1_fed01304262201.csv
312.0,M_11_Andrews_FR1_fed01304262201.csv
32.0,M_11_Andrews_FR1_fed01304262201.csv
20.0,M_11_Andrews_FR1_fed01304262201.csv
8.0,M_11_Andrews_FR1_fed01304262201.csv
1735.0,M_11_Andrews_FR1_fed01304262201.csv
26.0,M_11_Andrews_FR1_fed01304262201.csv
39.0,M_11_Andrews_FR1_fed01304262201.csv
3722.0,M_11_Andrews_FR1_fed01304262201.csv
22.0,M_11_Andrews_FR1_fed01304262201.csv
19.0,M_11_Andrews_FR1_fed01304262201.csv
16.0,M_11_Andrews_FR1_fed01304262201.csv
25.0,M_11_Andrews_FR1_fed01304262201.csv
34.0,M_11_Andrews_FR1_fed01304262201.csv
20.0,M_11_Andrews_FR1_fed01304262201.csv
16.0,M_11_Andrews_FR1_fed01304262201.csv
3122.0,M_11_Andrews_FR1_fed01304262201.csv
15.0,M_11_Andrews_FR1_fed01304262201.csv
252.0,M_11_Andrews_FR1_fed01304262201.csv
16.0,M_11_Andrews_FR1_fed01304262201.csv
15.0,M_11_Andrews_FR1_fed01304262201.csv
2263.0,M_11_Andrews_FR1_fed01304262201.csv
348.0,M_11_Andrews_FR1_fed01304262201.csv
413.0,M_11_Andrews_FR1_fed01304262201.csv
17.0,M_11_Andrews_FR1_fed01304262201.csv
845.0,M_11_Andrews_FR1_fed01304262201.csv
17.0,M_11_Andrews_FR1_fed01304262201.csv
2038.0,M_11_Andrews_FR1_fed01304262201.csv
3471.0,M_11_Andrews_FR1_fed01304262201.csv
18.0,M_11_Andrews_FR1_fed01304262201.csv
7.0,M_11_Andrews_FR1_fed01304262201.csv
18.0,M_11_Andrews_FR1_fed01304262201.csv
17.0,M_11_Andrews_FR1_fed01304262201.csv
18.0,M_11_Andrews_FR1_fed01304262201.csv
18.0,M_11_Andrews_FR1_fed01304262201.csv
19.0,M_11_Andrews_FR1_fed01304262201.csv
16.0,M_11_Andrews_FR1_fed01304262201.csv
19.0,M_11_Andrews_FR1_fed01304262201.csv
17.0,M_11_Andrews_FR1_fed01304262201.csv
20.0,M_11_Andrews_FR1_fed01304262201.csv
17.0,M_11_Andrews_FR1_fed01304262201.csv
18.0,M_11_Andrews_FR1_fed01304262201.csv
3677.0,M_11_Andrews_FR1_fed01304262201.csv
25.0,M_11_Andrews_FR1_fed01304262201.csv
23.0,M_11_Andrews_FR1_fed01304262201.csv
17.0,M_11_Andrews_FR1_fed01304262201.csv
6252.0,M_11_Andrews_FR1_fed01304262201.csv
2647.0,M_11_Andrews_FR1_fed01304262201.csv
29.0,M_11_Andrews_FR1_fed01304262201.csv
35.0,M_11_Andrews_FR1_fed01304262201.csv
26.0,M_11_Andrews_FR1_fed01304262201.csv
755.0,M_10_Andrews_FR1_fed00904262201.csv
442.0,M_10_Andrews_FR1_fed00904262201.csv
845.0,M_10_Andrews_FR1_fed00904262201.csv
97.0,M_10_Andrews_FR1_fed00904262201.csv
633.0,M_10_Andrews_FR1_fed00904262201.csv
2513.0,M_10_Andrews_FR1_fed00904262201.csv
1342.0,M_10_Andrews_FR1_fed00904262201.csv
33.0,M_10_Andrews_FR1_fed00904262201.csv
766.0,M_10_Andrews_FR1_fed00904262201.csv
452.0,M_10_Andrews_FR1_fed00904262201.csv
2440.0,M_10_Andrews_FR1_fed00904262201.csv
492.0,M_10_Andrews_FR1_fed00904262201.csv
4209.0,M_10_Andrews_FR1_fed00904262201.csv
355.0,M_10_Andrews_FR1_fed00904262201.csv
4947.0,M_10_Andrews_FR1_fed00904262201.csv
118.0,M_10_Andrews_FR1_fed00904262201.csv
34.0,M_10_Andrews_FR1_fed00904262201.csv
38.0,M_10_Andrews_FR1_fed00904262201.csv
38.0,M_10_Andrews_FR1_fed00904262201.csv
312.0,M_10_Andrews_FR1_fed00904262201.csv
459.0,M_10_Andrews_FR1_fed00904262201.csv
134.0,M_10_Andrews_FR1_fed00904262201.csv
552.0,M_10_Andrews_FR1_fed00904262201.csv
85.0,M_10_Andrews_FR1_fed00904262201.csv
7.0,M_10_Andrews_FR1_fed00904262201.csv
33.0,M_10_Andrews_FR1_fed00904262201.csv
32.0,M_10_Andrews_FR1_fed00904262201.csv
62.0,M_10_Andrews_FR1_fed00904262201.csv
251.0,M_10_Andrews_FR1_fed00904262201.csv
58.0,M_10_Andrews_FR1_fed00904262201.csv
43.0,M_10_Andrews_FR1_fed00904262201.csv
1039.0,M_10_Andrews_FR1_fed00904262201.csv
566.0,M_10_Andrews_FR1_fed00904262201.csv
630.0,M_10_Andrews_FR1_fed00904262201.csv
46.0,M_10_Andrews_FR1_fed00904262201.csv
51.0,M_10_Andrews_FR1_fed00904262201.csv
4114.0,M_10_Andrews_FR1_fed00904262201.csv
45.0,M_10_Andrews_FR1_fed00904262201.csv
67.0,M_10_Andrews_FR1_fed00904262201.csv
47.0,M_10_Andrews_FR1_fed00904262201.csv
37.0,M_10_Andrews_FR1_fed00904262201.csv
36.0,M_10_Andrews_FR1_fed00904262201.csv
48.0,M_10_Andrews_FR1_fed00904262201.csv
23.0,M_10_Andrews_FR1_fed00904262201.csv
7931.0,M_10_Andrews_FR1_fed00904262201.csv
39.0,M_10_Andrews_FR1_fed00904262201.csv
22.0,M_10_Andrews_FR1_fed00904262201.csv
24.0,M_10_Andrews_FR1_fed00904262201.csv
32.0,M_10_Andrews_FR1_fed00904262201.csv
64.0,M_10_Andrews_FR1_fed00904262201.csv
31.0,M_10_Andrews_FR1_fed00904262201.csv
11.0,M_10_Andrews_FR1_fed00904262201.csv
44.0,M_10_Andrews_FR1_fed00904262201.csv
4365.0,M_10_Andrews_FR1_fed00904262201.csv
27.0,M_10_Andrews_FR1_fed00904262201.csv
5371.0,M_10_Andrews_FR1_fed00904262201.csv
7.0,M_10_Andrews_FR1_fed00904262201.csv
24.0,M_10_Andrews_FR1_fed00904262201.csv
36.0,M_10_Andrews_FR1_fed00904262201.csv
25.0,M_10_Andrews_FR1_fed00904262201.csv
3313.0,M_10_Andrews_FR1_fed00904262201.csv
31.0,M_10_Andrews_FR1_fed00904262201.csv
23.0,M_10_Andrews_FR1_fed00904262201.csv
39.0,M_10_Andrews_FR1_fed00904262201.csv
700.0,M_10_Andrews_FR1_fed00904262201.csv
35.0,M_10_Andrews_FR1_fed00904262201.csv
37.0,M_10_Andrews_FR1_fed00904262201.csv
45.0,M_10_Andrews_FR1_fed00904262201.csv
41.0,M_10_Andrews_FR1_fed00904262201.csv
301.0,M_10_Andrews_FR1_fed00904262201.csv
28.0,M_10_Andrews_FR1_fed00904262201.csv
30.0,M_10_Andrews_FR1_fed00904262201.csv
38.0,M_10_Andrews_FR1_fed00904262201.csv
5921.0,M_10_Andrews_FR1_fed00904262201.csv
32.0,M_10_Andrews_FR1_fed00904262201.csv
23.0,M_10_Andrews_FR1_fed00904262201.csv
20.0,M_10_Andrews_FR1_fed00904262201.csv
48.0,M_10_Andrews_FR1_fed00904262201.csv
12.0,M_10_Andrews_FR1_fed00904262201.csv
32.0,M_10_Andrews_FR1_fed00904262201.csv
11.0,M_10_Andrews_FR1_fed00904262201.csv
288.0,M_10_Andrews_FR1_fed00904262201.csv
837.0,M_10_Andrews_FR1_fed00904262201.csv
542.0,M_10_Andrews_FR1_fed00904262201.csv
621.0,M_10_Andrews_FR1_fed00904262201.csv
39.0,M_10_Andrews_FR1_fed00904262201.csv
44.0,M_10_Andrews_FR1_fed00904262201.csv
49.0,M_10_Andrews_FR1_fed00904262201.csv
52.0,M_10_Andrews_FR1_fed00904262201.csv
50.0,M_10_Andrews_FR1_fed00904262201.csv
42.0,M_10_Andrews_FR1_fed00904262201.csv
1745.0,M_10_Andrews_FR1_fed00904262201.csv
267.0,M_10_Andrews_FR1_fed00904262201.csv
5836.0,M_10_Andrews_FR1_fed00904262201.csv
30.0,M_10_Andrews_FR1_fed00904262201.csv
24.0,M_10_Andrews_FR1_fed00904262201.csv
7513.0,M_10_Andrews_FR1_fed00904262201.csv
32.0,M_10_Andrews_FR1_fed00904262201.csv
35.0,M_10_Andrews_FR1_fed00904262201.csv
164.0,M_10_Andrews_FR1_fed00904262201.csv
161.0,M_10_Andrews_FR1_fed00904262201.csv
152.0,M_10_Andrews_FR1_fed00904262201.csv
30.0,M_10_Andrews_FR1_fed00904262201.csv
1660.0,M_10_Andrews_FR1_fed00904262201.csv
5219.0,M_10_Andrews_FR1_fed00904262201.csv
125.0,M_10_Andrews_FR1_fed00904262201.csv
44.0,M_10_Andrews_FR1_fed00904262201.csv
47.0,M_10_Andrews_FR1_fed00904262201.csv
32.0,M_10_Andrews_FR1_fed00904262201.csv
143.0,M_13_Andrews_FR1_fed01504262201.csv
1255.0,M_13_Andrews_FR1_fed01504262201.csv
2020.0,M_13_Andrews_FR1_fed01504262201.csv
2515.0,M_13_Andrews_FR1_fed01504262201.csv
12224.0,M_13_Andrews_FR1_fed01504262201.csv
1175.0,M_13_Andrews_FR1_fed01504262201.csv
922.0,M_13_Andrews_FR1_fed01504262201.csv
653.0,M_13_Andrews_FR1_fed01504262201.csv
21.0,M_13_Andrews_FR1_fed01504262201.csv
591.0,M_13_Andrews_FR1_fed01504262201.csv
225.0,M_13_Andrews_FR1_fed01504262201.csv
438.0,M_13_Andrews_FR1_fed01504262201.csv
4358.0,M_13_Andrews_FR1_fed01504262201.csv
28.0,M_13_Andrews_FR1_fed01504262201.csv
19.0,M_13_Andrews_FR1_fed01504262201.csv
45.0,M_13_Andrews_FR1_fed01504262201.csv
36.0,M_13_Andrews_FR1_fed01504262201.csv
25.0,M_13_Andrews_FR1_fed01504262201.csv
46.0,M_13_Andrews_FR1_fed01504262201.csv
5913.0,M_13_Andrews_FR1_fed01504262201.csv
20.0,M_13_Andrews_FR1_fed01504262201.csv
19.0,M_13_Andrews_FR1_fed01504262201.csv
23.0,M_13_Andrews_FR1_fed01504262201.csv
176.0,M_13_Andrews_FR1_fed01504262201.csv
17.0,M_13_Andrews_FR1_fed01504262201.csv
129.0,M_13_Andrews_FR1_fed01504262201.csv
111.0,M_13_Andrews_FR1_fed01504262201.csv
24.0,M_13_Andrews_FR1_fed01504262201.csv
718.0,M_13_Andrews_FR1_fed01504262201.csv
17.0,M_13_Andrews_FR1_fed01504262201.csv
20.0,M_13_Andrews_FR1_fed01504262201.csv
25.0,M_13_Andrews_FR1_fed01504262201.csv
5367.0,M_13_Andrews_FR1_fed01504262201.csv
22.0,M_13_Andrews_FR1_fed01504262201.csv
19.0,M_13_Andrews_FR1_fed01504262201.csv
23.0,M_13_Andrews_FR1_fed01504262201.csv
21.0,M_13_Andrews_FR1_fed01504262201.csv
26.0,M_13_Andrews_FR1_fed01504262201.csv
20.0,M_13_Andrews_FR1_fed01504262201.csv
24.0,M_13_Andrews_FR1_fed01504262201.csv
4677.0,M_13_Andrews_FR1_fed01504262201.csv
25.0,M_13_Andrews_FR1_fed01504262201.csv
25.0,M_13_Andrews_FR1_fed01504262201.csv
15.0,M_13_Andrews_FR1_fed01504262201.csv
6.0,M_13_Andrews_FR1_fed01504262201.csv
17.0,M_13_Andrews_FR1_fed01504262201.csv
16.0,M_13_Andrews_FR1_fed01504262201.csv
17.0,M_13_Andrews_FR1_fed01504262201.csv
25.0,M_13_Andrews_FR1_fed01504262201.csv
4488.0,M_13_Andrews_FR1_fed01504262201.csv
1320.0,M_13_Andrews_FR1_fed01504262201.csv
31.0,M_13_Andrews_FR1_fed01504262201.csv
2887.0,M_13_Andrews_FR1_fed01504262201.csv
16.0,M_13_Andrews_FR1_fed01504262201.csv
21.0,M_13_Andrews_FR1_fed01504262201.csv
20.0,M_13_Andrews_FR1_fed01504262201.csv
23.0,M_13_Andrews_FR1_fed01504262201.csv
20.0,M_13_Andrews_FR1_fed01504262201.csv
23.0,M_13_Andrews_FR1_fed01504262201.csv
3985.0,M_13_Andrews_FR1_fed01504262201.csv
249.0,M_13_Andrews_FR1_fed01504262201.csv
27.0,M_13_Andrews_FR1_fed01504262201.csv
18.0,M_13_Andrews_FR1_fed01504262201.csv
1367.0,M_13_Andrews_FR1_fed01504262201.csv
613.0,M_13_Andrews_FR1_fed01504262201.csv
4590.0,M_13_Andrews_FR1_fed01504262201.csv
22.0,M_13_Andrews_FR1_fed01504262201.csv
24.0,M_13_Andrews_FR1_fed01504262201.csv
24.0,M_13_Andrews_FR1_fed01504262201.csv
21.0,M_13_Andrews_FR1_fed01504262201.csv
4882.0,M_13_Andrews_FR1_fed01504262201.csv
29.0,M_13_Andrews_FR1_fed01504262201.csv
16.0,M_13_Andrews_FR1_fed01504262201.csv
16.0,M_13_Andrews_FR1_fed01504262201.csv
22.0,M_13_Andrews_FR1_fed01504262201.csv
21.0,M_13_Andrews_FR1_fed01504262201.csv
17.0,M_13_Andrews_FR1_fed01504262201.csv
5886.0,M_13_Andrews_FR1_fed01504262201.csv
22.0,M_13_Andrews_FR1_fed01504262201.csv
793.0,M_13_Andrews_FR1_fed01504262201.csv
26.0,M_13_Andrews_FR1_fed01504262201.csv
5101.0,M_13_Andrews_FR1_fed01504262201.csv
57.0,M_13_Andrews_FR1_fed01504262201.csv
4617.0,M_13_Andrews_FR1_fed01504262201.csv
18.0,M_13_Andrews_FR1_fed01504262201.csv
316.0,M_13_Andrews_FR1_fed01504262201.csv
34.0,M_12_Andrews_FR1_fed01404262202.csv
619.0,M_12_Andrews_FR1_fed01404262202.csv
406.0,M_12_Andrews_FR1_fed01404262202.csv
430.0,M_12_Andrews_FR1_fed01404262202.csv
2294.0,M_12_Andrews_FR1_fed01404262202.csv
19.0,M_12_Andrews_FR1_fed01404262202.csv
184.0,M_12_Andrews_FR1_fed01404262202.csv
1564.0,M_12_Andrews_FR1_fed01404262202.csv
3020.0,M_12_Andrews_FR1_fed01404262202.csv
92.0,M_12_Andrews_FR1_fed01404262202.csv
2654.0,M_12_Andrews_FR1_fed01404262202.csv
23.0,M_12_Andrews_FR1_fed01404262202.csv
25.0,M_12_Andrews_FR1_fed01404262202.csv
23.0,M_12_Andrews_FR1_fed01404262202.csv
22.0,M_12_Andrews_FR1_fed01404262202.csv
1820.0,M_12_Andrews_FR1_fed01404262202.csv
21.0,M_12_Andrews_FR1_fed01404262202.csv
25.0,M_12_Andrews_FR1_fed01404262202.csv
38.0,M_12_Andrews_FR1_fed01404262202.csv
45.0,M_12_Andrews_FR1_fed01404262202.csv
2027.0,M_12_Andrews_FR1_fed01404262202.csv
44.0,M_12_Andrews_FR1_fed01404262202.csv
2405.0,M_12_Andrews_FR1_fed01404262202.csv
26.0,M_12_Andrews_FR1_fed01404262202.csv
23.0,M_12_Andrews_FR1_fed01404262202.csv
26.0,M_12_Andrews_FR1_fed01404262202.csv
27.0,M_12_Andrews_FR1_fed01404262202.csv
30.0,M_12_Andrews_FR1_fed01404262202.csv
750.0,M_12_Andrews_FR1_fed01404262202.csv
35.0,M_12_Andrews_FR1_fed01404262202.csv
1226.0,M_12_Andrews_FR1_fed01404262202.csv
24.0,M_12_Andrews_FR1_fed01404262202.csv
72.0,M_12_Andrews_FR1_fed01404262202.csv
1215.0,M_12_Andrews_FR1_fed01404262202.csv
1404.0,M_12_Andrews_FR1_fed01404262202.csv
27.0,M_12_Andrews_FR1_fed01404262202.csv
1370.0,M_12_Andrews_FR1_fed01404262202.csv
956.0,M_12_Andrews_FR1_fed01404262202.csv
24.0,M_12_Andrews_FR1_fed01404262202.csv
17.0,M_12_Andrews_FR1_fed01404262202.csv
16.0,M_12_Andrews_FR1_fed01404262202.csv
22.0,M_12_Andrews_FR1_fed01404262202.csv
35.0,M_12_Andrews_FR1_fed01404262202.csv
20.0,M_12_Andrews_FR1_fed01404262202.csv
16.0,M_12_Andrews_FR1_fed01404262202.csv
16.0,M_12_Andrews_FR1_fed01404262202.csv
548.0,M_12_Andrews_FR1_fed01404262202.csv
668.0,M_12_Andrews_FR1_fed01404262202.csv
20.0,M_12_Andrews_FR1_fed01404262202.csv
20.0,M_12_Andrews_FR1_fed01404262202.csv
22.0,M_12_Andrews_FR1_fed01404262202.csv
35.0,M_12_Andrews_FR1_fed01404262202.csv
24.0,M_12_Andrews_FR1_fed01404262202.csv
20.0,M_12_Andrews_FR1_fed01404262202.csv
33.0,M_12_Andrews_FR1_fed01404262202.csv
1438.0,M_12_Andrews_FR1_fed01404262202.csv
16.0,M_12_Andrews_FR1_fed01404262202.csv
27.0,M_12_Andrews_FR1_fed01404262202.csv
19.0,M_12_Andrews_FR1_fed01404262202.csv
28.0,M_12_Andrews_FR1_fed01404262202.csv
26.0,M_12_Andrews_FR1_fed01404262202.csv
1974.0,M_12_Andrews_FR1_fed01404262202.csv
17.0,M_12_Andrews_FR1_fed01404262202.csv
32.0,M_12_Andrews_FR1_fed01404262202.csv
44.0,M_12_Andrews_FR1_fed01404262202.csv
2494.0,M_12_Andrews_FR1_fed01404262202.csv
26.0,M_12_Andrews_FR1_fed01404262202.csv
31.0,M_12_Andrews_FR1_fed01404262202.csv
2800.0,M_12_Andrews_FR1_fed01404262202.csv
26.0,M_12_Andrews_FR1_fed01404262202.csv
644.0,M_12_Andrews_FR1_fed01404262202.csv
29.0,M_12_Andrews_FR1_fed01404262202.csv
30.0,M_12_Andrews_FR1_fed01404262202.csv
765.0,M_12_Andrews_FR1_fed01404262202.csv
29.0,M_12_Andrews_FR1_fed01404262202.csv
20.0,M_12_Andrews_FR1_fed01404262202.csv
992.0,M_12_Andrews_FR1_fed01404262202.csv
978.0,M_12_Andrews_FR1_fed01404262202.csv
780.0,M_12_Andrews_FR1_fed01404262202.csv
27.0,M_12_Andrews_FR1_fed01404262202.csv
546.0,M_12_Andrews_FR1_fed01404262202.csv
244.0,M_12_Andrews_FR1_fed01404262202.csv
19.0,M_12_Andrews_FR1_fed01404262202.csv
25.0,M_12_Andrews_FR1_fed01404262202.csv
38.0,M_12_Andrews_FR1_fed01404262202.csv
805.0,M_12_Andrews_FR1_fed01404262202.csv
586.0,M_12_Andrews_FR1_fed01404262202.csv
20.0,M_12_Andrews_FR1_fed01404262202.csv
19.0,M_12_Andrews_FR1_fed01404262202.csv
2676.0,M_12_Andrews_FR1_fed01404262202.csv
20.0,M_12_Andrews_FR1_fed01404262202.csv
2839.0,M_12_Andrews_FR1_fed01404262202.csv
19.0,M_12_Andrews_FR1_fed01404262202.csv
17.0,M_12_Andrews_FR1_fed01404262202.csv
18.0,M_12_Andrews_FR1_fed01404262202.csv
17.0,M_12_Andrews_FR1_fed01404262202.csv
21.0,M_12_Andrews_FR1_fed01404262202.csv
19.0,M_12_Andrews_FR1_fed01404262202.csv
33.0,M_12_Andrews_FR1_fed01404262202.csv
779.0,M_12_Andrews_FR1_fed01404262202.csv
22.0,M_12_Andrews_FR1_fed01404262202.csv
28.0,M_12_Andrews_FR1_fed01404262202.csv
28.0,M_12_Andrews_FR1_fed01404262202.csv
932.0,M_12_Andrews_FR1_fed01404262202.csv
30.0,M_12_Andrews_FR1_fed01404262202.csv
23.0,M_12_Andrews_FR1_fed01404262202.csv
19.0,M_12_Andrews_FR1_fed01404262202.csv
28.0,M_12_Andrews_FR1_fed01404262202.csv
2512.0,M_12_Andrews_FR1_fed01404262202.csv
28.0,M_12_Andrews_FR1_fed01404262202.csv
20.0,M_12_Andrews_FR1_fed01404262202.csv
20.0,M_12_Andrews_FR1_fed01404262202.csv
4577.0,M_12_Andrews_FR1_fed01404262202.csv
29.0,M_12_Andrews_FR1_fed01404262202.csv
28.0,M_12_Andrews_FR1_fed01404262202.csv
20.0,M_12_Andrews_FR1_fed01404262202.csv
40.0,M_12_Andrews_FR1_fed01404262202.csv
622.0,M_12_Andrews_FR1_fed01404262202.csv
33.0,M_12_Andrews_FR1_fed01404262202.csv
38.0,M_12_Andrews_FR1_fed01404262202.csv
3763.0,M_12_Andrews_FR1_fed01404262202.csv
22.0,M_12_Andrews_FR1_fed01404262202.csv
3909.0,M_12_Andrews_FR1_fed01404262202.csv
45.0,M_12_Andrews_FR1_fed01404262202.csv
27.0,M_12_Andrews_FR1_fed01404262202.csv
26.0,M_12_Andrews_FR1_fed01404262202.csv
22.0,M_12_Andrews_FR1_fed01404262202.csv
38.0,M_12_Andrews_FR1_fed01404262202.csv
1672.0,M_12_Andrews_FR1_fed01404262202.csv
27.0,M_12_Andrews_FR1_fed01404262202.csv
656.0,M_12_Andrews_FR1_fed01404262202.csv
2290.0,M_12_Andrews_FR1_fed01404262202.csv
74.0,M_12_Andrews_FR1_fed01404262202.csv
37.0,M_12_Andrews_FR1_fed01404262202.csv
1783.0,M_12_Andrews_FR1_fed01404262202.csv
2931.0,M_12_Andrews_FR1_fed01404262202.csv
28.0,M_12_Andrews_FR1_fed01404262202.csv
27.0,M_12_Andrews_FR1_fed01404262202.csv
20.0,M_12_Andrews_FR1_fed01404262202.csv
17.0,M_12_Andrews_FR1_fed01404262202.csv
4662.0,M_12_Andrews_FR1_fed01404262202.csv
22.0,M_12_Andrews_FR1_fed01404262202.csv
31.0,M_12_Andrews_FR1_fed01404262202.csv
17.0,M_12_Andrews_FR1_fed01404262202.csv
34.0,M_12_Andrews_FR1_fed01404262202.csv
13.0,M_2_Andrews_FR1_fed02404262201.csv
11.0,M_2_Andrews_FR1_fed02404262201.csv
507.0,M_2_Andrews_FR1_fed02404262201.csv
927.0,M_2_Andrews_FR1_fed02404262201.csv
23.0,M_2_Andrews_FR1_fed02404262201.csv
17.0,M_2_Andrews_FR1_fed02404262201.csv
1844.0,M_2_Andrews_FR1_fed02404262201.csv
664.0,M_2_Andrews_FR1_fed02404262201.csv
2231.0,M_2_Andrews_FR1_fed02404262201.csv
331.0,M_2_Andrews_FR1_fed02404262201.csv
7564.0,M_2_Andrews_FR1_fed02404262201.csv
27.0,M_2_Andrews_FR1_fed02404262201.csv
21.0,M_2_Andrews_FR1_fed02404262201.csv
22.0,M_2_Andrews_FR1_fed02404262201.csv
23.0,M_2_Andrews_FR1_fed02404262201.csv
101.0,M_2_Andrews_FR1_fed02404262201.csv
72.0,M_2_Andrews_FR1_fed02404262201.csv
31.0,M_2_Andrews_FR1_fed02404262201.csv
22.0,M_2_Andrews_FR1_fed02404262201.csv
24.0,M_2_Andrews_FR1_fed02404262201.csv
4577.0,M_2_Andrews_FR1_fed02404262201.csv
33.0,M_2_Andrews_FR1_fed02404262201.csv
402.0,M_2_Andrews_FR1_fed02404262201.csv
28.0,M_2_Andrews_FR1_fed02404262201.csv
27.0,M_2_Andrews_FR1_fed02404262201.csv
22.0,M_2_Andrews_FR1_fed02404262201.csv
25.0,M_2_Andrews_FR1_fed02404262201.csv
29.0,M_2_Andrews_FR1_fed02404262201.csv
29.0,M_2_Andrews_FR1_fed02404262201.csv
24.0,M_2_Andrews_FR1_fed02404262201.csv
21.0,M_2_Andrews_FR1_fed02404262201.csv
27.0,M_2_Andrews_FR1_fed02404262201.csv
24.0,M_2_Andrews_FR1_fed02404262201.csv
20.0,M_2_Andrews_FR1_fed02404262201.csv
33.0,M_2_Andrews_FR1_fed02404262201.csv
24.0,M_2_Andrews_FR1_fed02404262201.csv
229.0,M_2_Andrews_FR1_fed02404262201.csv
661.0,M_2_Andrews_FR1_fed02404262201.csv
33.0,M_2_Andrews_FR1_fed02404262201.csv
33.0,M_2_Andrews_FR1_fed02404262201.csv
39.0,M_2_Andrews_FR1_fed02404262201.csv
36.0,M_2_Andrews_FR1_fed02404262201.csv
920.0,M_2_Andrews_FR1_fed02404262201.csv
22.0,M_2_Andrews_FR1_fed02404262201.csv
294.0,M_2_Andrews_FR1_fed02404262201.csv
28.0,M_2_Andrews_FR1_fed02404262201.csv
885.0,M_2_Andrews_FR1_fed02404262201.csv
35.0,M_2_Andrews_FR1_fed02404262201.csv
33.0,M_2_Andrews_FR1_fed02404262201.csv
28.0,M_2_Andrews_FR1_fed02404262201.csv
33.0,M_2_Andrews_FR1_fed02404262201.csv
7720.0,M_2_Andrews_FR1_fed02404262201.csv
29.0,M_2_Andrews_FR1_fed02404262201.csv
32.0,M_2_Andrews_FR1_fed02404262201.csv
50.0,M_2_Andrews_FR1_fed02404262201.csv
26.0,M_2_Andrews_FR1_fed02404262201.csv
24.0,M_2_Andrews_FR1_fed02404262201.csv
29.0,M_2_Andrews_FR1_fed02404262201.csv
31.0,M_2_Andrews_FR1_fed02404262201.csv
35.0,M_2_Andrews_FR1_fed02404262201.csv
35.0,M_2_Andrews_FR1_fed02404262201.csv
31.0,M_2_Andrews_FR1_fed02404262201.csv
5171.0,M_2_Andrews_FR1_fed02404262201.csv
37.0,M_2_Andrews_FR1_fed02404262201.csv
38.0,M_2_Andrews_FR1_fed02404262201.csv
48.0,M_2_Andrews_FR1_fed02404262201.csv
43.0,M_2_Andrews_FR1_fed02404262201.csv
1170.0,M_2_Andrews_FR1_fed02404262201.csv
53.0,M_2_Andrews_FR1_fed02404262201.csv
25.0,M_2_Andrews_FR1_fed02404262201.csv
26.0,M_2_Andrews_FR1_fed02404262201.csv
43.0,M_2_Andrews_FR1_fed02404262201.csv
24.0,M_2_Andrews_FR1_fed02404262201.csv
26.0,M_2_Andrews_FR1_fed02404262201.csv
698.0,M_2_Andrews_FR1_fed02404262201.csv
3112.0,M_2_Andrews_FR1_fed02404262201.csv
31.0,M_2_Andrews_FR1_fed02404262201.csv
29.0,M_2_Andrews_FR1_fed02404262201.csv
4732.0,M_2_Andrews_FR1_fed02404262201.csv
36.0,M_2_Andrews_FR1_fed02404262201.csv
38.0,M_2_Andrews_FR1_fed02404262201.csv
4001.0,M_2_Andrews_FR1_fed02404262201.csv
29.0,M_2_Andrews_FR1_fed02404262201.csv
25.0,M_2_Andrews_FR1_fed02404262201.csv
573.0,M_2_Andrews_FR1_fed02404262201.csv
23.0,M_2_Andrews_FR1_fed02404262201.csv
25.0,M_2_Andrews_FR1_fed02404262201.csv
24.0,M_2_Andrews_FR1_fed02404262201.csv
29.0,M_2_Andrews_FR1_fed02404262201.csv
28.0,M_2_Andrews_FR1_fed02404262201.csv
36.0,M_2_Andrews_FR1_fed02404262201.csv
610.0,M_2_Andrews_FR1_fed02404262201.csv
82.0,M_2_Andrews_FR1_fed02404262201.csv
20.0,M_2_Andrews_FR1_fed02404262201.csv
26.0,M_2_Andrews_FR1_fed02404262201.csv
40.0,M_2_Andrews_FR1_fed02404262201.csv
3231.0,M_2_Andrews_FR1_fed02404262201.csv
20.0,M_2_Andrews_FR1_fed02404262201.csv
20.0,M_2_Andrews_FR1_fed02404262201.csv
726.0,M_2_Andrews_FR1_fed02404262201.csv
18.0,M_2_Andrews_FR1_fed02404262201.csv
24.0,M_2_Andrews_FR1_fed02404262201.csv
23.0,M_2_Andrews_FR1_fed02404262201.csv
21.0,M_2_Andrews_FR1_fed02404262201.csv
29.0,M_2_Andrews_FR1_fed02404262201.csv
30.0,M_2_Andrews_FR1_fed02404262201.csv
226.0,M_2_Andrews_FR1_fed02404262201.csv
22.0,M_2_Andrews_FR1_fed02404262201.csv
21.0,M_2_Andrews_FR1_fed02404262201.csv
878.0,M_2_Andrews_FR1_fed02404262201.csv
477.0,M_2_Andrews_FR1_fed02404262201.csv
21.0,M_2_Andrews_FR1_fed02404262201.csv
85.0,M_2_Andrews_FR1_fed02404262201.csv
25.0,M_2_Andrews_FR1_fed02404262201.csv
25.0,M_2_Andrews_FR1_fed02404262201.csv
308.0,M_2_Andrews_FR1_fed02404262201.csv
840.0,M_2_Andrews_FR1_fed02404262201.csv
22.0,M_2_Andrews_FR1_fed02404262201.csv
17.0,M_2_Andrews_FR1_fed02404262201.csv
20.0,M_2_Andrews_FR1_fed02404262201.csv
24.0,M_2_Andrews_FR1_fed02404262201.csv
271.0,M_2_Andrews_FR1_fed02404262201.csv
20.0,M_2_Andrews_FR1_fed02404262201.csv
23.0,M_2_Andrews_FR1_fed02404262201.csv
21.0,M_2_Andrews_FR1_fed02404262201.csv
22.0,M_2_Andrews_FR1_fed02404262201.csv
912.0,M_2_Andrews_FR1_fed02404262201.csv
20.0,M_2_Andrews_FR1_fed02404262201.csv
8122.0,M_2_Andrews_FR1_fed02404262201.csv
35.0,M_2_Andrews_FR1_fed02404262201.csv
60.0,M_2_Andrews_FR1_fed02404262201.csv
68.0,M_2_Andrews_FR1_fed02404262201.csv
30.0,M_2_Andrews_FR1_fed02404262201.csv
28.0,M_2_Andrews_FR1_fed02404262201.csv
87.0,M_2_Andrews_FR1_fed02404262201.csv
53.0,M_2_Andrews_FR1_fed02404262201.csv
30.0,M_2_Andrews_FR1_fed02404262201.csv
4146.0,M_2_Andrews_FR1_fed02404262201.csv
24.0,M_2_Andrews_FR1_fed02404262201.csv
23.0,M_2_Andrews_FR1_fed02404262201.csv
25.0,M_2_Andrews_FR1_fed02404262201.csv
23.0,M_2_Andrews_FR1_fed02404262201.csv
31.0,M_2_Andrews_FR1_fed02404262201.csv
10013.0,M_2_Andrews_FR1_fed02404262201.csv
66.0,M_2_Andrews_FR1_fed02404262201.csv
33.0,M_2_Andrews_FR1_fed02404262201.csv
39.0,M_2_Andrews_FR1_fed02404262201.csv
35.0,M_2_Andrews_FR1_fed02404262201.csv
40.0,M_2_Andrews_FR1_fed02404262201.csv
12.0,M_14_Andrews_FR1_fed01804262201.csv
397.0,M_14_Andrews_FR1_fed01804262201.csv
1082.0,M_14_Andrews_FR1_fed01804262201.csv
4438.0,M_14_Andrews_FR1_fed01804262201.csv
952.0,M_14_Andrews_FR1_fed01804262201.csv
4751.0,M_14_Andrews_FR1_fed01804262201.csv
20.0,M_14_Andrews_FR1_fed01804262201.csv
22.0,M_14_Andrews_FR1_fed01804262201.csv
19.0,M_14_Andrews_FR1_fed01804262201.csv
22.0,M_14_Andrews_FR1_fed01804262201.csv
5156.0,M_14_Andrews_FR1_fed01804262201.csv
22.0,M_14_Andrews_FR1_fed01804262201.csv
17.0,M_14_Andrews_FR1_fed01804262201.csv
18.0,M_14_Andrews_FR1_fed01804262201.csv
23.0,M_14_Andrews_FR1_fed01804262201.csv
87.0,M_14_Andrews_FR1_fed01804262201.csv
22.0,M_14_Andrews_FR1_fed01804262201.csv
28.0,M_14_Andrews_FR1_fed01804262201.csv
26.0,M_14_Andrews_FR1_fed01804262201.csv
2565.0,M_14_Andrews_FR1_fed01804262201.csv
581.0,M_14_Andrews_FR1_fed01804262201.csv
25.0,M_14_Andrews_FR1_fed01804262201.csv
20.0,M_14_Andrews_FR1_fed01804262201.csv
24.0,M_14_Andrews_FR1_fed01804262201.csv
20.0,M_14_Andrews_FR1_fed01804262201.csv
20.0,M_14_Andrews_FR1_fed01804262201.csv
21.0,M_14_Andrews_FR1_fed01804262201.csv
25.0,M_14_Andrews_FR1_fed01804262201.csv
25.0,M_14_Andrews_FR1_fed01804262201.csv
3683.0,M_14_Andrews_FR1_fed01804262201.csv
25.0,M_14_Andrews_FR1_fed01804262201.csv
20.0,M_14_Andrews_FR1_fed01804262201.csv
19.0,M_14_Andrews_FR1_fed01804262201.csv
22.0,M_14_Andrews_FR1_fed01804262201.csv
19.0,M_14_Andrews_FR1_fed01804262201.csv
721.0,M_14_Andrews_FR1_fed01804262201.csv
18.0,M_14_Andrews_FR1_fed01804262201.csv
31.0,M_14_Andrews_FR1_fed01804262201.csv
26.0,M_14_Andrews_FR1_fed01804262201.csv
552.0,M_14_Andrews_FR1_fed01804262201.csv
40.0,M_14_Andrews_FR1_fed01804262201.csv
19.0,M_14_Andrews_FR1_fed01804262201.csv
20.0,M_14_Andrews_FR1_fed01804262201.csv
5115.0,M_14_Andrews_FR1_fed01804262201.csv
22.0,M_14_Andrews_FR1_fed01804262201.csv
20.0,M_14_Andrews_FR1_fed01804262201.csv
19.0,M_14_Andrews_FR1_fed01804262201.csv
35.0,M_14_Andrews_FR1_fed01804262201.csv
25.0,M_14_Andrews_FR1_fed01804262201.csv
23.0,M_14_Andrews_FR1_fed01804262201.csv
847.0,M_14_Andrews_FR1_fed01804262201.csv
32.0,M_14_Andrews_FR1_fed01804262201.csv
37.0,M_14_Andrews_FR1_fed01804262201.csv
29.0,M_14_Andrews_FR1_fed01804262201.csv
20.0,M_14_Andrews_FR1_fed01804262201.csv
36.0,M_14_Andrews_FR1_fed01804262201.csv
532.0,M_14_Andrews_FR1_fed01804262201.csv
21.0,M_14_Andrews_FR1_fed01804262201.csv
33.0,M_14_Andrews_FR1_fed01804262201.csv
108.0,M_14_Andrews_FR1_fed01804262201.csv
19.0,M_14_Andrews_FR1_fed01804262201.csv
24.0,M_14_Andrews_FR1_fed01804262201.csv
6234.0,M_14_Andrews_FR1_fed01804262201.csv
23.0,M_14_Andrews_FR1_fed01804262201.csv
20.0,M_14_Andrews_FR1_fed01804262201.csv
18.0,M_14_Andrews_FR1_fed01804262201.csv
24.0,M_14_Andrews_FR1_fed01804262201.csv
28.0,M_14_Andrews_FR1_fed01804262201.csv
19.0,M_14_Andrews_FR1_fed01804262201.csv
19.0,M_14_Andrews_FR1_fed01804262201.csv
111.0,M_14_Andrews_FR1_fed01804262201.csv
24.0,M_14_Andrews_FR1_fed01804262201.csv
25.0,M_14_Andrews_FR1_fed01804262201.csv
24.0,M_14_Andrews_FR1_fed01804262201.csv
25.0,M_14_Andrews_FR1_fed01804262201.csv
21.0,M_14_Andrews_FR1_fed01804262201.csv
24.0,M_14_Andrews_FR1_fed01804262201.csv
33.0,M_14_Andrews_FR1_fed01804262201.csv
296.0,M_14_Andrews_FR1_fed01804262201.csv
405.0,M_14_Andrews_FR1_fed01804262201.csv
25.0,M_14_Andrews_FR1_fed01804262201.csv
546.0,M_14_Andrews_FR1_fed01804262201.csv
18.0,M_14_Andrews_FR1_fed01804262201.csv
285.0,M_14_Andrews_FR1_fed01804262201.csv
36.0,M_14_Andrews_FR1_fed01804262201.csv
137.0,M_14_Andrews_FR1_fed01804262201.csv
5333.0,M_14_Andrews_FR1_fed01804262201.csv
19.0,M_14_Andrews_FR1_fed01804262201.csv
20.0,M_14_Andrews_FR1_fed01804262201.csv
31.0,M_14_Andrews_FR1_fed01804262201.csv
42.0,M_14_Andrews_FR1_fed01804262201.csv
23.0,M_14_Andrews_FR1_fed01804262201.csv
25.0,M_14_Andrews_FR1_fed01804262201.csv
22.0,M_14_Andrews_FR1_fed01804262201.csv
629.0,M_14_Andrews_FR1_fed01804262201.csv
114.0,M_14_Andrews_FR1_fed01804262201.csv
20.0,M_14_Andrews_FR1_fed01804262201.csv
23.0,M_14_Andrews_FR1_fed01804262201.csv
22.0,M_14_Andrews_FR1_fed01804262201.csv
25.0,M_14_Andrews_FR1_fed01804262201.csv
26.0,M_14_Andrews_FR1_fed01804262201.csv
21.0,M_14_Andrews_FR1_fed01804262201.csv
5505.0,M_14_Andrews_FR1_fed01804262201.csv
17.0,M_14_Andrews_FR1_fed01804262201.csv
19.0,M_14_Andrews_FR1_fed01804262201.csv
17.0,M_14_Andrews_FR1_fed01804262201.csv
20.0,M_14_Andrews_FR1_fed01804262201.csv
23.0,M_14_Andrews_FR1_fed01804262201.csv
25.0,M_14_Andrews_FR1_fed01804262201.csv
3195.0,M_14_Andrews_FR1_fed01804262201.csv
16.0,M_14_Andrews_FR1_fed01804262201.csv
23.0,M_14_Andrews_FR1_fed01804262201.csv
17.0,M_14_Andrews_FR1_fed01804262201.csv
23.0,M_14_Andrews_FR1_fed01804262201.csv
20.0,M_14_Andrews_FR1_fed01804262201.csv
34.0,M_14_Andrews_FR1_fed01804262201.csv
366.0,M_14_Andrews_FR1_fed01804262201.csv
22.0,M_14_Andrews_FR1_fed01804262201.csv
315.0,M_14_Andrews_FR1_fed01804262201.csv
19.0,M_14_Andrews_FR1_fed01804262201.csv
21.0,M_14_Andrews_FR1_fed01804262201.csv
421.0,M_14_Andrews_FR1_fed01804262201.csv
31.0,M_14_Andrews_FR1_fed01804262201.csv
20.0,M_14_Andrews_FR1_fed01804262201.csv
29.0,M_14_Andrews_FR1_fed01804262201.csv
1214.0,M_14_Andrews_FR1_fed01804262201.csv
28.0,M_14_Andrews_FR1_fed01804262201.csv
19.0,M_14_Andrews_FR1_fed01804262201.csv
19.0,M_14_Andrews_FR1_fed01804262201.csv
11724.0,M_14_Andrews_FR1_fed01804262201.csv
19.0,M_14_Andrews_FR1_fed01804262201.csv
7602.0,M_14_Andrews_FR1_fed01804262201.csv
24.0,M_14_Andrews_FR1_fed01804262201.csv
27.0,M_14_Andrews_FR1_fed01804262201.csv
21.0,M_14_Andrews_FR1_fed01804262201.csv
673.0,M_14_Andrews_FR1_fed01804262201.csv
520.0,M_14_Andrews_FR1_fed01804262201.csv
21.0,M_14_Andrews_FR1_fed01804262201.csv
6314.0,M_14_Andrews_FR1_fed01804262201.csv
15.0,M_14_Andrews_FR1_fed01804262201.csv
19.0,M_14_Andrews_FR1_fed01804262201.csv
26.0,M_14_Andrews_FR1_fed01804262201.csv
17.0,M_14_Andrews_FR1_fed01804262201.csv
19.0,M_14_Andrews_FR1_fed01804262201.csv
16.0,M_14_Andrews_FR1_fed01804262201.csv
19.0,M_14_Andrews_FR1_fed01804262201.csv
22.0,M_14_Andrews_FR1_fed01804262201.csv
19.0,M_14_Andrews_FR1_fed01804262201.csv
722.0,M_1_Andrews_FR1_fed01904262201.csv
942.0,M_1_Andrews_FR1_fed01904262201.csv
449.0,M_1_Andrews_FR1_fed01904262201.csv
39.0,M_1_Andrews_FR1_fed01904262201.csv
1873.0,M_1_Andrews_FR1_fed01904262201.csv
271.0,M_1_Andrews_FR1_fed01904262201.csv
27.0,M_1_Andrews_FR1_fed01904262201.csv
1520.0,M_1_Andrews_FR1_fed01904262201.csv
188.0,M_1_Andrews_FR1_fed01904262201.csv
33.0,M_1_Andrews_FR1_fed01904262201.csv
11600.0,M_1_Andrews_FR1_fed01904262201.csv
89.0,M_1_Andrews_FR1_fed01904262201.csv
31.0,M_1_Andrews_FR1_fed01904262201.csv
2212.0,M_1_Andrews_FR1_fed01904262201.csv
517.0,M_1_Andrews_FR1_fed01904262201.csv
565.0,M_1_Andrews_FR1_fed01904262201.csv
33.0,M_1_Andrews_FR1_fed01904262201.csv
37.0,M_1_Andrews_FR1_fed01904262201.csv
44.0,M_1_Andrews_FR1_fed01904262201.csv
194.0,M_1_Andrews_FR1_fed01904262201.csv
48.0,M_1_Andrews_FR1_fed01904262201.csv
36.0,M_1_Andrews_FR1_fed01904262201.csv
297.0,M_1_Andrews_FR1_fed01904262201.csv
46.0,M_1_Andrews_FR1_fed01904262201.csv
194.0,M_1_Andrews_FR1_fed01904262201.csv
378.0,M_1_Andrews_FR1_fed01904262201.csv
27.0,M_1_Andrews_FR1_fed01904262201.csv
32.0,M_1_Andrews_FR1_fed01904262201.csv
54.0,M_1_Andrews_FR1_fed01904262201.csv
37.0,M_1_Andrews_FR1_fed01904262201.csv
142.0,M_1_Andrews_FR1_fed01904262201.csv
47.0,M_1_Andrews_FR1_fed01904262201.csv
37.0,M_1_Andrews_FR1_fed01904262201.csv
32.0,M_1_Andrews_FR1_fed01904262201.csv
290.0,M_1_Andrews_FR1_fed01904262201.csv
1804.0,M_1_Andrews_FR1_fed01904262201.csv
1375.0,M_1_Andrews_FR1_fed01904262201.csv
47.0,M_1_Andrews_FR1_fed01904262201.csv
34.0,M_1_Andrews_FR1_fed01904262201.csv
41.0,M_1_Andrews_FR1_fed01904262201.csv
29.0,M_1_Andrews_FR1_fed01904262201.csv
39.0,M_1_Andrews_FR1_fed01904262201.csv
45.0,M_1_Andrews_FR1_fed01904262201.csv
1142.0,M_1_Andrews_FR1_fed01904262201.csv
582.0,M_1_Andrews_FR1_fed01904262201.csv
70.0,M_1_Andrews_FR1_fed01904262201.csv
34.0,M_1_Andrews_FR1_fed01904262201.csv
41.0,M_1_Andrews_FR1_fed01904262201.csv
1509.0,M_1_Andrews_FR1_fed01904262201.csv
28.0,M_1_Andrews_FR1_fed01904262201.csv
27.0,M_1_Andrews_FR1_fed01904262201.csv
21.0,M_1_Andrews_FR1_fed01904262201.csv
36.0,M_1_Andrews_FR1_fed01904262201.csv
30.0,M_1_Andrews_FR1_fed01904262201.csv
37.0,M_1_Andrews_FR1_fed01904262201.csv
31.0,M_1_Andrews_FR1_fed01904262201.csv
167.0,M_1_Andrews_FR1_fed01904262201.csv
2079.0,M_1_Andrews_FR1_fed01904262201.csv
150.0,M_1_Andrews_FR1_fed01904262201.csv
94.0,M_1_Andrews_FR1_fed01904262201.csv
27.0,M_1_Andrews_FR1_fed01904262201.csv
5789.0,M_1_Andrews_FR1_fed01904262201.csv
79.0,M_1_Andrews_FR1_fed01904262201.csv
39.0,M_1_Andrews_FR1_fed01904262201.csv
74.0,M_1_Andrews_FR1_fed01904262201.csv
33.0,M_1_Andrews_FR1_fed01904262201.csv
25.0,M_1_Andrews_FR1_fed01904262201.csv
42.0,M_1_Andrews_FR1_fed01904262201.csv
37.0,M_1_Andrews_FR1_fed01904262201.csv
32.0,M_1_Andrews_FR1_fed01904262201.csv
24.0,M_1_Andrews_FR1_fed01904262201.csv
38.0,M_1_Andrews_FR1_fed01904262201.csv
1222.0,M_1_Andrews_FR1_fed01904262201.csv
32.0,M_1_Andrews_FR1_fed01904262201.csv
35.0,M_1_Andrews_FR1_fed01904262201.csv
56.0,M_1_Andrews_FR1_fed01904262201.csv
43.0,M_1_Andrews_FR1_fed01904262201.csv
35.0,M_1_Andrews_FR1_fed01904262201.csv
28.0,M_1_Andrews_FR1_fed01904262201.csv
5208.0,M_1_Andrews_FR1_fed01904262201.csv
796.0,M_1_Andrews_FR1_fed01904262201.csv
50.0,M_1_Andrews_FR1_fed01904262201.csv
64.0,M_1_Andrews_FR1_fed01904262201.csv
33.0,M_1_Andrews_FR1_fed01904262201.csv
36.0,M_1_Andrews_FR1_fed01904262201.csv
38.0,M_1_Andrews_FR1_fed01904262201.csv
43.0,M_1_Andrews_FR1_fed01904262201.csv
32.0,M_1_Andrews_FR1_fed01904262201.csv
32.0,M_1_Andrews_FR1_fed01904262201.csv
2800.0,M_1_Andrews_FR1_fed01904262201.csv
41.0,M_1_Andrews_FR1_fed01904262201.csv
34.0,M_1_Andrews_FR1_fed01904262201.csv
39.0,M_1_Andrews_FR1_fed01904262201.csv
37.0,M_1_Andrews_FR1_fed01904262201.csv
67.0,M_1_Andrews_FR1_fed01904262201.csv
1365.0,M_1_Andrews_FR1_fed01904262201.csv
341.0,M_1_Andrews_FR1_fed01904262201.csv
54.0,M_1_Andrews_FR1_fed01904262201.csv
29.0,M_1_Andrews_FR1_fed01904262201.csv
45.0,M_1_Andrews_FR1_fed01904262201.csv
29.0,M_1_Andrews_FR1_fed01904262201.csv
487.0,M_1_Andrews_FR1_fed01904262201.csv
1966.0,M_1_Andrews_FR1_fed01904262201.csv
500.0,M_1_Andrews_FR1_fed01904262201.csv
640.0,M_1_Andrews_FR1_fed01904262201.csv
639.0,M_1_Andrews_FR1_fed01904262201.csv
44.0,M_1_Andrews_FR1_fed01904262201.csv
29.0,M_1_Andrews_FR1_fed01904262201.csv
77.0,M_1_Andrews_FR1_fed01904262201.csv
37.0,M_1_Andrews_FR1_fed01904262201.csv
33.0,M_1_Andrews_FR1_fed01904262201.csv
7422.0,M_1_Andrews_FR1_fed01904262201.csv
39.0,M_1_Andrews_FR1_fed01904262201.csv
43.0,M_1_Andrews_FR1_fed01904262201.csv
49.0,M_1_Andrews_FR1_fed01904262201.csv
29.0,M_1_Andrews_FR1_fed01904262201.csv
32.0,M_1_Andrews_FR1_fed01904262201.csv
32.0,M_1_Andrews_FR1_fed01904262201.csv
2214.0,M_1_Andrews_FR1_fed01904262201.csv
579.0,M_1_Andrews_FR1_fed01904262201.csv
7595.0,M_1_Andrews_FR1_fed01904262201.csv
29.0,M_1_Andrews_FR1_fed01904262201.csv
493.0,M_1_Andrews_FR1_fed01904262201.csv
31.0,M_1_Andrews_FR1_fed01904262201.csv
597.0,M_1_Andrews_FR1_fed01904262201.csv
3847.0,M_1_Andrews_FR1_fed01904262201.csv
19.0,M_1_Andrews_FR1_fed01904262201.csv
36.0,M_1_Andrews_FR1_fed01904262201.csv
14.0,M_1_Andrews_FR1_fed01904262201.csv
35.0,M_1_Andrews_FR1_fed01904262201.csv
29.0,M_1_Andrews_FR1_fed01904262201.csv
80.0,M_1_Andrews_FR1_fed01904262201.csv
34.0,M_1_Andrews_FR1_fed01904262201.csv
33.0,M_1_Andrews_FR1_fed01904262201.csv
760.0,M_1_Andrews_FR1_fed01904262201.csv
32.0,M_1_Andrews_FR1_fed01904262201.csv
2926.0,M_1_Andrews_FR1_fed01904262201.csv
83.0,M_1_Andrews_FR1_fed01904262201.csv
31.0,M_1_Andrews_FR1_fed01904262201.csv
329.0,M_1_Andrews_FR1_fed01904262201.csv
201.0,M_1_Andrews_FR1_fed01904262201.csv
551.0,M_1_Andrews_FR1_fed01904262201.csv
52.0,M_1_Andrews_FR1_fed01904262201.csv
37.0,M_1_Andrews_FR1_fed01904262201.csv
26.0,M_1_Andrews_FR1_fed01904262201.csv
29.0,M_1_Andrews_FR1_fed01904262201.csv
21.0,M_1_Andrews_FR1_fed01904262201.csv
144.0,M_3_Andrews_FR1_fed02704262201.csv
12.0,M_3_Andrews_FR1_fed02704262201.csv
264.0,M_3_Andrews_FR1_fed02704262201.csv
246.0,M_3_Andrews_FR1_fed02704262201.csv
694.0,M_3_Andrews_FR1_fed02704262201.csv
634.0,M_3_Andrews_FR1_fed02704262201.csv
59.0,M_3_Andrews_FR1_fed02704262201.csv
13.0,M_3_Andrews_FR1_fed02704262201.csv
1095.0,M_3_Andrews_FR1_fed02704262201.csv
50.0,M_3_Andrews_FR1_fed02704262201.csv
928.0,M_3_Andrews_FR1_fed02704262201.csv
920.0,M_3_Andrews_FR1_fed02704262201.csv
373.0,M_3_Andrews_FR1_fed02704262201.csv
10704.0,M_3_Andrews_FR1_fed02704262201.csv
24.0,M_3_Andrews_FR1_fed02704262201.csv
30.0,M_3_Andrews_FR1_fed02704262201.csv
44.0,M_3_Andrews_FR1_fed02704262201.csv
4879.0,M_3_Andrews_FR1_fed02704262201.csv
231.0,M_3_Andrews_FR1_fed02704262201.csv
398.0,M_3_Andrews_FR1_fed02704262201.csv
64.0,M_3_Andrews_FR1_fed02704262201.csv
30.0,M_3_Andrews_FR1_fed02704262201.csv
45.0,M_3_Andrews_FR1_fed02704262201.csv
199.0,M_3_Andrews_FR1_fed02704262201.csv
33.0,M_3_Andrews_FR1_fed02704262201.csv
220.0,M_3_Andrews_FR1_fed02704262201.csv
37.0,M_3_Andrews_FR1_fed02704262201.csv
431.0,M_3_Andrews_FR1_fed02704262201.csv
54.0,M_3_Andrews_FR1_fed02704262201.csv
561.0,M_3_Andrews_FR1_fed02704262201.csv
766.0,M_3_Andrews_FR1_fed02704262201.csv
3064.0,M_3_Andrews_FR1_fed02704262201.csv
38.0,M_3_Andrews_FR1_fed02704262201.csv
30.0,M_3_Andrews_FR1_fed02704262201.csv
28.0,M_3_Andrews_FR1_fed02704262201.csv
11.0,M_3_Andrews_FR1_fed02704262201.csv
552.0,M_3_Andrews_FR1_fed02704262201.csv
57.0,M_3_Andrews_FR1_fed02704262201.csv
662.0,M_3_Andrews_FR1_fed02704262201.csv
858.0,M_3_Andrews_FR1_fed02704262201.csv
26.0,M_3_Andrews_FR1_fed02704262201.csv
28.0,M_3_Andrews_FR1_fed02704262201.csv
381.0,M_3_Andrews_FR1_fed02704262201.csv
453.0,M_3_Andrews_FR1_fed02704262201.csv
31.0,M_3_Andrews_FR1_fed02704262201.csv
53.0,M_3_Andrews_FR1_fed02704262201.csv
26.0,M_3_Andrews_FR1_fed02704262201.csv
198.0,M_3_Andrews_FR1_fed02704262201.csv
23.0,M_3_Andrews_FR1_fed02704262201.csv
6144.0,M_3_Andrews_FR1_fed02704262201.csv
29.0,M_3_Andrews_FR1_fed02704262201.csv
28.0,M_3_Andrews_FR1_fed02704262201.csv
35.0,M_3_Andrews_FR1_fed02704262201.csv
31.0,M_3_Andrews_FR1_fed02704262201.csv
33.0,M_3_Andrews_FR1_fed02704262201.csv
39.0,M_3_Andrews_FR1_fed02704262201.csv
36.0,M_3_Andrews_FR1_fed02704262201.csv
28.0,M_3_Andrews_FR1_fed02704262201.csv
6095.0,M_3_Andrews_FR1_fed02704262201.csv
29.0,M_3_Andrews_FR1_fed02704262201.csv
27.0,M_3_Andrews_FR1_fed02704262201.csv
26.0,M_3_Andrews_FR1_fed02704262201.csv
337.0,M_3_Andrews_FR1_fed02704262201.csv
32.0,M_3_Andrews_FR1_fed02704262201.csv
24.0,M_3_Andrews_FR1_fed02704262201.csv
632.0,M_3_Andrews_FR1_fed02704262201.csv
35.0,M_3_Andrews_FR1_fed02704262201.csv
41.0,M_3_Andrews_FR1_fed02704262201.csv
801.0,M_3_Andrews_FR1_fed02704262201.csv
24.0,M_3_Andrews_FR1_fed02704262201.csv
30.0,M_3_Andrews_FR1_fed02704262201.csv
153.0,M_3_Andrews_FR1_fed02704262201.csv
419.0,M_3_Andrews_FR1_fed02704262201.csv
45.0,M_3_Andrews_FR1_fed02704262201.csv
6144.0,M_3_Andrews_FR1_fed02704262201.csv
26.0,M_3_Andrews_FR1_fed02704262201.csv
29.0,M_3_Andrews_FR1_fed02704262201.csv
29.0,M_3_Andrews_FR1_fed02704262201.csv
28.0,M_3_Andrews_FR1_fed02704262201.csv
28.0,M_3_Andrews_FR1_fed02704262201.csv
30.0,M_3_Andrews_FR1_fed02704262201.csv
142.0,M_3_Andrews_FR1_fed02704262201.csv
30.0,M_3_Andrews_FR1_fed02704262201.csv
39.0,M_3_Andrews_FR1_fed02704262201.csv
30.0,M_3_Andrews_FR1_fed02704262201.csv
486.0,M_3_Andrews_FR1_fed02704262201.csv
25.0,M_3_Andrews_FR1_fed02704262201.csv
18.0,M_3_Andrews_FR1_fed02704262201.csv
362.0,M_3_Andrews_FR1_fed02704262201.csv
340.0,M_3_Andrews_FR1_fed02704262201.csv
36.0,M_3_Andrews_FR1_fed02704262201.csv
29.0,M_3_Andrews_FR1_fed02704262201.csv
954.0,M_3_Andrews_FR1_fed02704262201.csv
1237.0,M_3_Andrews_FR1_fed02704262201.csv
23.0,M_3_Andrews_FR1_fed02704262201.csv
26.0,M_3_Andrews_FR1_fed02704262201.csv
423.0,M_3_Andrews_FR1_fed02704262201.csv
30.0,M_3_Andrews_FR1_fed02704262201.csv
7842.0,M_3_Andrews_FR1_fed02704262201.csv
25.0,M_3_Andrews_FR1_fed02704262201.csv
2062.0,M_3_Andrews_FR1_fed02704262201.csv
24.0,M_3_Andrews_FR1_fed02704262201.csv
22.0,M_3_Andrews_FR1_fed02704262201.csv
25.0,M_3_Andrews_FR1_fed02704262201.csv
115.0,M_3_Andrews_FR1_fed02704262201.csv
25.0,M_3_Andrews_FR1_fed02704262201.csv
31.0,M_3_Andrews_FR1_fed02704262201.csv
940.0,M_3_Andrews_FR1_fed02704262201.csv
505.0,M_3_Andrews_FR1_fed02704262201.csv
9737.0,M_3_Andrews_FR1_fed02704262201.csv
29.0,M_3_Andrews_FR1_fed02704262201.csv
24.0,M_3_Andrews_FR1_fed02704262201.csv
25.0,M_3_Andrews_FR1_fed02704262201.csv
23.0,M_3_Andrews_FR1_fed02704262201.csv
60.0,M_3_Andrews_FR1_fed02704262201.csv
460.0,M_3_Andrews_FR1_fed02704262201.csv
25.0,M_3_Andrews_FR1_fed02704262201.csv
7479.0,M_3_Andrews_FR1_fed02704262201.csv
26.0,M_3_Andrews_FR1_fed02704262201.csv
22.0,M_3_Andrews_FR1_fed02704262201.csv
26.0,M_3_Andrews_FR1_fed02704262201.csv
36.0,M_3_Andrews_FR1_fed02704262201.csv
1030.0,M_4_Andrews_FR1_fed09904262202.csv
637.0,M_4_Andrews_FR1_fed09904262202.csv
676.0,M_4_Andrews_FR1_fed09904262202.csv
4213.0,M_4_Andrews_FR1_fed09904262202.csv
11.0,M_4_Andrews_FR1_fed09904262202.csv
958.0,M_4_Andrews_FR1_fed09904262202.csv
8177.0,M_4_Andrews_FR1_fed09904262202.csv
2840.0,M_4_Andrews_FR1_fed09904262202.csv
20.0,M_4_Andrews_FR1_fed09904262202.csv
17.0,M_4_Andrews_FR1_fed09904262202.csv
21.0,M_4_Andrews_FR1_fed09904262202.csv
3398.0,M_4_Andrews_FR1_fed09904262202.csv
22.0,M_4_Andrews_FR1_fed09904262202.csv
382.0,M_4_Andrews_FR1_fed09904262202.csv
308.0,M_4_Andrews_FR1_fed09904262202.csv
253.0,M_4_Andrews_FR1_fed09904262202.csv
362.0,M_4_Andrews_FR1_fed09904262202.csv
229.0,M_4_Andrews_FR1_fed09904262202.csv
24.0,M_4_Andrews_FR1_fed09904262202.csv
241.0,M_4_Andrews_FR1_fed09904262202.csv
148.0,M_4_Andrews_FR1_fed09904262202.csv
530.0,M_4_Andrews_FR1_fed09904262202.csv
151.0,M_4_Andrews_FR1_fed09904262202.csv
66.0,M_4_Andrews_FR1_fed09904262202.csv
197.0,M_4_Andrews_FR1_fed09904262202.csv
29.0,M_4_Andrews_FR1_fed09904262202.csv
28.0,M_4_Andrews_FR1_fed09904262202.csv
6391.0,M_4_Andrews_FR1_fed09904262202.csv
32.0,M_4_Andrews_FR1_fed09904262202.csv
315.0,M_4_Andrews_FR1_fed09904262202.csv
323.0,M_4_Andrews_FR1_fed09904262202.csv
468.0,M_4_Andrews_FR1_fed09904262202.csv
86.0,M_4_Andrews_FR1_fed09904262202.csv
138.0,M_4_Andrews_FR1_fed09904262202.csv
328.0,M_4_Andrews_FR1_fed09904262202.csv
304.0,M_4_Andrews_FR1_fed09904262202.csv
313.0,M_4_Andrews_FR1_fed09904262202.csv
261.0,M_4_Andrews_FR1_fed09904262202.csv
16.0,M_4_Andrews_FR1_fed09904262202.csv
1200.0,M_4_Andrews_FR1_fed09904262202.csv
172.0,M_4_Andrews_FR1_fed09904262202.csv
22.0,M_4_Andrews_FR1_fed09904262202.csv
214.0,M_4_Andrews_FR1_fed09904262202.csv
27.0,M_4_Andrews_FR1_fed09904262202.csv
23.0,M_4_Andrews_FR1_fed09904262202.csv
8730.0,M_4_Andrews_FR1_fed09904262202.csv
16.0,M_4_Andrews_FR1_fed09904262202.csv
19.0,M_4_Andrews_FR1_fed09904262202.csv
17.0,M_4_Andrews_FR1_fed09904262202.csv
23.0,M_4_Andrews_FR1_fed09904262202.csv
18.0,M_4_Andrews_FR1_fed09904262202.csv
18.0,M_4_Andrews_FR1_fed09904262202.csv
20.0,M_4_Andrews_FR1_fed09904262202.csv
152.0,M_4_Andrews_FR1_fed09904262202.csv
22.0,M_4_Andrews_FR1_fed09904262202.csv
320.0,M_4_Andrews_FR1_fed09904262202.csv
181.0,M_4_Andrews_FR1_fed09904262202.csv
7662.0,M_4_Andrews_FR1_fed09904262202.csv
17.0,M_4_Andrews_FR1_fed09904262202.csv
19.0,M_4_Andrews_FR1_fed09904262202.csv
23.0,M_4_Andrews_FR1_fed09904262202.csv
14.0,M_4_Andrews_FR1_fed09904262202.csv
34.0,M_4_Andrews_FR1_fed09904262202.csv
18.0,M_4_Andrews_FR1_fed09904262202.csv
20.0,M_4_Andrews_FR1_fed09904262202.csv
1546.0,M_4_Andrews_FR1_fed09904262202.csv
179.0,M_4_Andrews_FR1_fed09904262202.csv
95.0,M_4_Andrews_FR1_fed09904262202.csv
10.0,M_4_Andrews_FR1_fed09904262202.csv
138.0,M_4_Andrews_FR1_fed09904262202.csv
22.0,M_4_Andrews_FR1_fed09904262202.csv
3354.0,M_4_Andrews_FR1_fed09904262202.csv
13.0,M_4_Andrews_FR1_fed09904262202.csv
24.0,M_4_Andrews_FR1_fed09904262202.csv
19.0,M_4_Andrews_FR1_fed09904262202.csv
21.0,M_4_Andrews_FR1_fed09904262202.csv
29.0,M_4_Andrews_FR1_fed09904262202.csv
35.0,M_4_Andrews_FR1_fed09904262202.csv
26.0,M_4_Andrews_FR1_fed09904262202.csv
1149.0,M_4_Andrews_FR1_fed09904262202.csv
122.0,M_4_Andrews_FR1_fed09904262202.csv
447.0,M_4_Andrews_FR1_fed09904262202.csv
69.0,M_4_Andrews_FR1_fed09904262202.csv
17.0,M_4_Andrews_FR1_fed09904262202.csv
186.0,M_4_Andrews_FR1_fed09904262202.csv
19.0,M_4_Andrews_FR1_fed09904262202.csv
23.0,M_4_Andrews_FR1_fed09904262202.csv
456.0,M_4_Andrews_FR1_fed09904262202.csv
23.0,M_4_Andrews_FR1_fed09904262202.csv
753.0,M_4_Andrews_FR1_fed09904262202.csv
36.0,M_4_Andrews_FR1_fed09904262202.csv
380.0,M_4_Andrews_FR1_fed09904262202.csv
20.0,M_4_Andrews_FR1_fed09904262202.csv
282.0,M_4_Andrews_FR1_fed09904262202.csv
365.0,M_4_Andrews_FR1_fed09904262202.csv
17.0,M_4_Andrews_FR1_fed09904262202.csv
23.0,M_4_Andrews_FR1_fed09904262202.csv
9606.0,M_4_Andrews_FR1_fed09904262202.csv
19.0,M_4_Andrews_FR1_fed09904262202.csv
22.0,M_4_Andrews_FR1_fed09904262202.csv
686.0,M_4_Andrews_FR1_fed09904262202.csv
5656.0,M_4_Andrews_FR1_fed09904262202.csv
4411.0,M_4_Andrews_FR1_fed09904262202.csv
18.0,M_4_Andrews_FR1_fed09904262202.csv
15.0,M_4_Andrews_FR1_fed09904262202.csv
13.0,M_4_Andrews_FR1_fed09904262202.csv
18.0,M_4_Andrews_FR1_fed09904262202.csv
25.0,M_4_Andrews_FR1_fed09904262202.csv
14.0,M_4_Andrews_FR1_fed09904262202.csv
2739.0,M_4_Andrews_FR1_fed09904262202.csv
105.0,M_5_Andrews_FR1_fed00204262201.csv
883.0,M_5_Andrews_FR1_fed00204262201.csv
330.0,M_5_Andrews_FR1_fed00204262201.csv
970.0,M_5_Andrews_FR1_fed00204262201.csv
223.0,M_5_Andrews_FR1_fed00204262201.csv
990.0,M_5_Andrews_FR1_fed00204262201.csv
1373.0,M_5_Andrews_FR1_fed00204262201.csv
26.0,M_5_Andrews_FR1_fed00204262201.csv
20.0,M_5_Andrews_FR1_fed00204262201.csv
19.0,M_5_Andrews_FR1_fed00204262201.csv
13.0,M_5_Andrews_FR1_fed00204262201.csv
24.0,M_5_Andrews_FR1_fed00204262201.csv
1471.0,M_5_Andrews_FR1_fed00204262201.csv
2733.0,M_5_Andrews_FR1_fed00204262201.csv
27.0,M_5_Andrews_FR1_fed00204262201.csv
17.0,M_5_Andrews_FR1_fed00204262201.csv
31.0,M_5_Andrews_FR1_fed00204262201.csv
31.0,M_5_Andrews_FR1_fed00204262201.csv
28.0,M_5_Andrews_FR1_fed00204262201.csv
17.0,M_5_Andrews_FR1_fed00204262201.csv
14.0,M_5_Andrews_FR1_fed00204262201.csv
18.0,M_5_Andrews_FR1_fed00204262201.csv
28.0,M_5_Andrews_FR1_fed00204262201.csv
17.0,M_5_Andrews_FR1_fed00204262201.csv
27.0,M_5_Andrews_FR1_fed00204262201.csv
24.0,M_5_Andrews_FR1_fed00204262201.csv
42.0,M_5_Andrews_FR1_fed00204262201.csv
1060.0,M_5_Andrews_FR1_fed00204262201.csv
29.0,M_5_Andrews_FR1_fed00204262201.csv
7500.0,M_5_Andrews_FR1_fed00204262201.csv
14.0,M_5_Andrews_FR1_fed00204262201.csv
34.0,M_5_Andrews_FR1_fed00204262201.csv
22.0,M_5_Andrews_FR1_fed00204262201.csv
16.0,M_5_Andrews_FR1_fed00204262201.csv
21.0,M_5_Andrews_FR1_fed00204262201.csv
16.0,M_5_Andrews_FR1_fed00204262201.csv
24.0,M_5_Andrews_FR1_fed00204262201.csv
22.0,M_5_Andrews_FR1_fed00204262201.csv
25.0,M_5_Andrews_FR1_fed00204262201.csv
20.0,M_5_Andrews_FR1_fed00204262201.csv
2235.0,M_5_Andrews_FR1_fed00204262201.csv
1067.0,M_5_Andrews_FR1_fed00204262201.csv
52.0,M_5_Andrews_FR1_fed00204262201.csv
40.0,M_5_Andrews_FR1_fed00204262201.csv
348.0,M_5_Andrews_FR1_fed00204262201.csv
31.0,M_5_Andrews_FR1_fed00204262201.csv
24.0,M_5_Andrews_FR1_fed00204262201.csv
81.0,M_5_Andrews_FR1_fed00204262201.csv
1017.0,M_5_Andrews_FR1_fed00204262201.csv
27.0,M_5_Andrews_FR1_fed00204262201.csv
27.0,M_5_Andrews_FR1_fed00204262201.csv
17.0,M_5_Andrews_FR1_fed00204262201.csv
38.0,M_5_Andrews_FR1_fed00204262201.csv
23.0,M_5_Andrews_FR1_fed00204262201.csv
571.0,M_5_Andrews_FR1_fed00204262201.csv
104.0,M_5_Andrews_FR1_fed00204262201.csv
20.0,M_5_Andrews_FR1_fed00204262201.csv
28.0,M_5_Andrews_FR1_fed00204262201.csv
27.0,M_5_Andrews_FR1_fed00204262201.csv
425.0,M_5_Andrews_FR1_fed00204262201.csv
37.0,M_5_Andrews_FR1_fed00204262201.csv
1640.0,M_5_Andrews_FR1_fed00204262201.csv
40.0,M_5_Andrews_FR1_fed00204262201.csv
26.0,M_5_Andrews_FR1_fed00204262201.csv
23.0,M_5_Andrews_FR1_fed00204262201.csv
19.0,M_5_Andrews_FR1_fed00204262201.csv
26.0,M_5_Andrews_FR1_fed00204262201.csv
37.0,M_5_Andrews_FR1_fed00204262201.csv
32.0,M_5_Andrews_FR1_fed00204262201.csv
47.0,M_5_Andrews_FR1_fed00204262201.csv
754.0,M_5_Andrews_FR1_fed00204262201.csv
32.0,M_5_Andrews_FR1_fed00204262201.csv
766.0,M_5_Andrews_FR1_fed00204262201.csv
695.0,M_5_Andrews_FR1_fed00204262201.csv
36.0,M_5_Andrews_FR1_fed00204262201.csv
35.0,M_5_Andrews_FR1_fed00204262201.csv
2862.0,M_5_Andrews_FR1_fed00204262201.csv
31.0,M_5_Andrews_FR1_fed00204262201.csv
31.0,M_5_Andrews_FR1_fed00204262201.csv
34.0,M_5_Andrews_FR1_fed00204262201.csv
24.0,M_5_Andrews_FR1_fed00204262201.csv
17.0,M_5_Andrews_FR1_fed00204262201.csv
21.0,M_5_Andrews_FR1_fed00204262201.csv
16.0,M_5_Andrews_FR1_fed00204262201.csv
16.0,M_5_Andrews_FR1_fed00204262201.csv
22.0,M_5_Andrews_FR1_fed00204262201.csv
19.0,M_5_Andrews_FR1_fed00204262201.csv
15.0,M_5_Andrews_FR1_fed00204262201.csv
22.0,M_5_Andrews_FR1_fed00204262201.csv
18.0,M_5_Andrews_FR1_fed00204262201.csv
20.0,M_5_Andrews_FR1_fed00204262201.csv
29.0,M_5_Andrews_FR1_fed00204262201.csv
5188.0,M_5_Andrews_FR1_fed00204262201.csv
36.0,M_5_Andrews_FR1_fed00204262201.csv
18.0,M_5_Andrews_FR1_fed00204262201.csv
21.0,M_5_Andrews_FR1_fed00204262201.csv
14.0,M_5_Andrews_FR1_fed00204262201.csv
23.0,M_5_Andrews_FR1_fed00204262201.csv
3464.0,M_5_Andrews_FR1_fed00204262201.csv
60.0,M_5_Andrews_FR1_fed00204262201.csv
26.0,M_5_Andrews_FR1_fed00204262201.csv
34.0,M_5_Andrews_FR1_fed00204262201.csv
14.0,M_5_Andrews_FR1_fed00204262201.csv
16.0,M_5_Andrews_FR1_fed00204262201.csv
38.0,M_5_Andrews_FR1_fed00204262201.csv
14.0,M_5_Andrews_FR1_fed00204262201.csv
19.0,M_5_Andrews_FR1_fed00204262201.csv
20.0,M_5_Andrews_FR1_fed00204262201.csv
23.0,M_5_Andrews_FR1_fed00204262201.csv
21.0,M_5_Andrews_FR1_fed00204262201.csv
17.0,M_5_Andrews_FR1_fed00204262201.csv
19.0,M_5_Andrews_FR1_fed00204262201.csv
1027.0,M_5_Andrews_FR1_fed00204262201.csv
48.0,M_5_Andrews_FR1_fed00204262201.csv
1200.0,M_5_Andrews_FR1_fed00204262201.csv
54.0,M_5_Andrews_FR1_fed00204262201.csv
39.0,M_5_Andrews_FR1_fed00204262201.csv
12911.0,M_5_Andrews_FR1_fed00204262201.csv
26.0,M_5_Andrews_FR1_fed00204262201.csv
24.0,M_5_Andrews_FR1_fed00204262201.csv
18.0,M_5_Andrews_FR1_fed00204262201.csv
29.0,M_5_Andrews_FR1_fed00204262201.csv
23.0,M_5_Andrews_FR1_fed00204262201.csv
17.0,M_5_Andrews_FR1_fed00204262201.csv
23.0,M_5_Andrews_FR1_fed00204262201.csv
22.0,M_5_Andrews_FR1_fed00204262201.csv
22.0,M_5_Andrews_FR1_fed00204262201.csv
37.0,M_5_Andrews_FR1_fed00204262201.csv
1347.0,M_5_Andrews_FR1_fed00204262201.csv
25.0,M_5_Andrews_FR1_fed00204262201.csv
29.0,M_5_Andrews_FR1_fed00204262201.csv
36.0,M_5_Andrews_FR1_fed00204262201.csv
22.0,M_5_Andrews_FR1_fed00204262201.csv
22.0,M_5_Andrews_FR1_fed00204262201.csv
24.0,M_5_Andrews_FR1_fed00204262201.csv
23.0,M_5_Andrews_FR1_fed00204262201.csv
4134.0,M_5_Andrews_FR1_fed00204262201.csv
43.0,M_5_Andrews_FR1_fed00204262201.csv
3.0,M_5_Andrews_FR1_fed00204262201.csv
21.0,M_5_Andrews_FR1_fed00204262201.csv
24.0,M_5_Andrews_FR1_fed00204262201.csv
14.0,M_5_Andrews_FR1_fed00204262201.csv
4.0,M_5_Andrews_FR1_fed00204262201.csv
13.0,M_5_Andrews_FR1_fed00204262201.csv
31.0,M_5_Andrews_FR1_fed00204262201.csv
19.0,M_5_Andrews_FR1_fed00204262201.csv
21.0,M_5_Andrews_FR1_fed00204262201.csv
22.0,M_5_Andrews_FR1_fed00204262201.csv
24.0,M_5_Andrews_FR1_fed00204262201.csv
23.0,M_5_Andrews_FR1_fed00204262201.csv
24.0,M_5_Andrews_FR1_fed00204262201.csv
19.0,M_5_Andrews_FR1_fed00204262201.csv
19.0,M_5_Andrews_FR1_fed00204262201.csv
18.0,M_5_Andrews_FR1_fed00204262201.csv
21.0,M_5_Andrews_FR1_fed00204262201.csv
9500.0,M_5_Andrews_FR1_fed00204262201.csv
28.0,M_5_Andrews_FR1_fed00204262201.csv
39.0,M_5_Andrews_FR1_fed00204262201.csv
25.0,M_5_Andrews_FR1_fed00204262201.csv
27.0,M_5_Andrews_FR1_fed00204262201.csv
30.0,M_5_Andrews_FR1_fed00204262201.csv
4938.0,M_5_Andrews_FR1_fed00204262201.csv
32.0,M_5_Andrews_FR1_fed00204262201.csv
37.0,M_5_Andrews_FR1_fed00204262201.csv
71.0,M_5_Andrews_FR1_fed00204262201.csv
469.0,M_5_Andrews_FR1_fed00204262201.csv
2986.0,M_5_Andrews_FR1_fed00204262201.csv
22.0,M_5_Andrews_FR1_fed00204262201.csv
21.0,M_5_Andrews_FR1_fed00204262201.csv
22.0,M_5_Andrews_FR1_fed00204262201.csv
24.0,M_5_Andrews_FR1_fed00204262201.csv
39.0,M_5_Andrews_FR1_fed00204262201.csv
17.0,M_5_Andrews_FR1_fed00204262201.csv
34.0,M_5_Andrews_FR1_fed00204262201.csv
45.0,M_6_Andrews_FR1_fed00404262201.csv
438.0,M_6_Andrews_FR1_fed00404262201.csv
2.0,M_6_Andrews_FR1_fed00404262201.csv
740.0,M_6_Andrews_FR1_fed00404262201.csv
271.0,M_6_Andrews_FR1_fed00404262201.csv
517.0,M_6_Andrews_FR1_fed00404262201.csv
46.0,M_6_Andrews_FR1_fed00404262201.csv
19.0,M_6_Andrews_FR1_fed00404262201.csv
11.0,M_6_Andrews_FR1_fed00404262201.csv
548.0,M_6_Andrews_FR1_fed00404262201.csv
1055.0,M_6_Andrews_FR1_fed00404262201.csv
65.0,M_6_Andrews_FR1_fed00404262201.csv
20.0,M_6_Andrews_FR1_fed00404262201.csv
36.0,M_6_Andrews_FR1_fed00404262201.csv
1842.0,M_6_Andrews_FR1_fed00404262201.csv
203.0,M_6_Andrews_FR1_fed00404262201.csv
34.0,M_6_Andrews_FR1_fed00404262201.csv
1162.0,M_6_Andrews_FR1_fed00404262201.csv
18.0,M_6_Andrews_FR1_fed00404262201.csv
11173.0,M_6_Andrews_FR1_fed00404262201.csv
20.0,M_6_Andrews_FR1_fed00404262201.csv
5.0,M_6_Andrews_FR1_fed00404262201.csv
405.0,M_6_Andrews_FR1_fed00404262201.csv
18.0,M_6_Andrews_FR1_fed00404262201.csv
139.0,M_6_Andrews_FR1_fed00404262201.csv
200.0,M_6_Andrews_FR1_fed00404262201.csv
20.0,M_6_Andrews_FR1_fed00404262201.csv
501.0,M_6_Andrews_FR1_fed00404262201.csv
283.0,M_6_Andrews_FR1_fed00404262201.csv
8.0,M_6_Andrews_FR1_fed00404262201.csv
21.0,M_6_Andrews_FR1_fed00404262201.csv
745.0,M_6_Andrews_FR1_fed00404262201.csv
43.0,M_6_Andrews_FR1_fed00404262201.csv
40.0,M_6_Andrews_FR1_fed00404262201.csv
20.0,M_6_Andrews_FR1_fed00404262201.csv
18.0,M_6_Andrews_FR1_fed00404262201.csv
16.0,M_6_Andrews_FR1_fed00404262201.csv
383.0,M_6_Andrews_FR1_fed00404262201.csv
164.0,M_6_Andrews_FR1_fed00404262201.csv
987.0,M_6_Andrews_FR1_fed00404262201.csv
2264.0,M_6_Andrews_FR1_fed00404262201.csv
10090.0,M_6_Andrews_FR1_fed00404262201.csv
22.0,M_6_Andrews_FR1_fed00404262201.csv
12.0,M_6_Andrews_FR1_fed00404262201.csv
20.0,M_6_Andrews_FR1_fed00404262201.csv
23.0,M_6_Andrews_FR1_fed00404262201.csv
16.0,M_6_Andrews_FR1_fed00404262201.csv
24.0,M_6_Andrews_FR1_fed00404262201.csv
20.0,M_6_Andrews_FR1_fed00404262201.csv
903.0,M_6_Andrews_FR1_fed00404262201.csv
21.0,M_6_Andrews_FR1_fed00404262201.csv
19.0,M_6_Andrews_FR1_fed00404262201.csv
929.0,M_6_Andrews_FR1_fed00404262201.csv
25.0,M_6_Andrews_FR1_fed00404262201.csv
20.0,M_6_Andrews_FR1_fed00404262201.csv
846.0,M_6_Andrews_FR1_fed00404262201.csv
36.0,M_6_Andrews_FR1_fed00404262201.csv
19.0,M_6_Andrews_FR1_fed00404262201.csv
22.0,M_6_Andrews_FR1_fed00404262201.csv
590.0,M_6_Andrews_FR1_fed00404262201.csv
31.0,M_6_Andrews_FR1_fed00404262201.csv
18.0,M_6_Andrews_FR1_fed00404262201.csv
39.0,M_6_Andrews_FR1_fed00404262201.csv
22.0,M_6_Andrews_FR1_fed00404262201.csv
161.0,M_6_Andrews_FR1_fed00404262201.csv
57.0,M_6_Andrews_FR1_fed00404262201.csv
52.0,M_6_Andrews_FR1_fed00404262201.csv
28.0,M_6_Andrews_FR1_fed00404262201.csv
26.0,M_6_Andrews_FR1_fed00404262201.csv
12.0,M_6_Andrews_FR1_fed00404262201.csv
9815.0,M_6_Andrews_FR1_fed00404262201.csv
20.0,M_6_Andrews_FR1_fed00404262201.csv
438.0,M_6_Andrews_FR1_fed00404262201.csv
20.0,M_6_Andrews_FR1_fed00404262201.csv
16.0,M_6_Andrews_FR1_fed00404262201.csv
17.0,M_6_Andrews_FR1_fed00404262201.csv
3747.0,M_6_Andrews_FR1_fed00404262201.csv
16.0,M_6_Andrews_FR1_fed00404262201.csv
17.0,M_6_Andrews_FR1_fed00404262201.csv
18.0,M_6_Andrews_FR1_fed00404262201.csv
16.0,M_6_Andrews_FR1_fed00404262201.csv
17.0,M_6_Andrews_FR1_fed00404262201.csv
20.0,M_6_Andrews_FR1_fed00404262201.csv
5079.0,M_6_Andrews_FR1_fed00404262201.csv
11.0,M_6_Andrews_FR1_fed00404262201.csv
15.0,M_6_Andrews_FR1_fed00404262201.csv
25.0,M_6_Andrews_FR1_fed00404262201.csv
23.0,M_6_Andrews_FR1_fed00404262201.csv
19.0,M_6_Andrews_FR1_fed00404262201.csv
18.0,M_6_Andrews_FR1_fed00404262201.csv
1038.0,M_6_Andrews_FR1_fed00404262201.csv
27.0,M_6_Andrews_FR1_fed00404262201.csv
24.0,M_6_Andrews_FR1_fed00404262201.csv
402.0,M_6_Andrews_FR1_fed00404262201.csv
14.0,M_6_Andrews_FR1_fed00404262201.csv
11.0,M_6_Andrews_FR1_fed00404262201.csv
22.0,M_6_Andrews_FR1_fed00404262201.csv
22.0,M_6_Andrews_FR1_fed00404262201.csv
29.0,M_6_Andrews_FR1_fed00404262201.csv
10081.0,M_6_Andrews_FR1_fed00404262201.csv
13.0,M_6_Andrews_FR1_fed00404262201.csv
17.0,M_6_Andrews_FR1_fed00404262201.csv
17.0,M_6_Andrews_FR1_fed00404262201.csv
18.0,M_6_Andrews_FR1_fed00404262201.csv
18.0,M_6_Andrews_FR1_fed00404262201.csv
9.0,M_6_Andrews_FR1_fed00404262201.csv
31.0,M_6_Andrews_FR1_fed00404262201.csv
1398.0,M_6_Andrews_FR1_fed00404262201.csv
119.0,M_8_Andrews_FR1_fed00604262201.csv
1883.0,M_8_Andrews_FR1_fed00604262201.csv
308.0,M_8_Andrews_FR1_fed00604262201.csv
361.0,M_8_Andrews_FR1_fed00604262201.csv
684.0,M_8_Andrews_FR1_fed00604262201.csv
38.0,M_8_Andrews_FR1_fed00604262201.csv
4014.0,M_8_Andrews_FR1_fed00604262201.csv
4857.0,M_8_Andrews_FR1_fed00604262201.csv
5642.0,M_8_Andrews_FR1_fed00604262201.csv
24.0,M_8_Andrews_FR1_fed00604262201.csv
22.0,M_8_Andrews_FR1_fed00604262201.csv
14.0,M_8_Andrews_FR1_fed00604262201.csv
26.0,M_8_Andrews_FR1_fed00604262201.csv
649.0,M_8_Andrews_FR1_fed00604262201.csv
43.0,M_8_Andrews_FR1_fed00604262201.csv
522.0,M_8_Andrews_FR1_fed00604262201.csv
35.0,M_8_Andrews_FR1_fed00604262201.csv
222.0,M_8_Andrews_FR1_fed00604262201.csv
483.0,M_8_Andrews_FR1_fed00604262201.csv
238.0,M_8_Andrews_FR1_fed00604262201.csv
34.0,M_8_Andrews_FR1_fed00604262201.csv
34.0,M_8_Andrews_FR1_fed00604262201.csv
42.0,M_8_Andrews_FR1_fed00604262201.csv
6613.0,M_8_Andrews_FR1_fed00604262201.csv
19.0,M_8_Andrews_FR1_fed00604262201.csv
26.0,M_8_Andrews_FR1_fed00604262201.csv
26.0,M_8_Andrews_FR1_fed00604262201.csv
205.0,M_8_Andrews_FR1_fed00604262201.csv
36.0,M_8_Andrews_FR1_fed00604262201.csv
19.0,M_8_Andrews_FR1_fed00604262201.csv
25.0,M_8_Andrews_FR1_fed00604262201.csv
20.0,M_8_Andrews_FR1_fed00604262201.csv
21.0,M_8_Andrews_FR1_fed00604262201.csv
24.0,M_8_Andrews_FR1_fed00604262201.csv
503.0,M_8_Andrews_FR1_fed00604262201.csv
423.0,M_8_Andrews_FR1_fed00604262201.csv
53.0,M_8_Andrews_FR1_fed00604262201.csv
25.0,M_8_Andrews_FR1_fed00604262201.csv
26.0,M_8_Andrews_FR1_fed00604262201.csv
204.0,M_8_Andrews_FR1_fed00604262201.csv
24.0,M_8_Andrews_FR1_fed00604262201.csv
5974.0,M_8_Andrews_FR1_fed00604262201.csv
18.0,M_8_Andrews_FR1_fed00604262201.csv
18.0,M_8_Andrews_FR1_fed00604262201.csv
19.0,M_8_Andrews_FR1_fed00604262201.csv
21.0,M_8_Andrews_FR1_fed00604262201.csv
29.0,M_8_Andrews_FR1_fed00604262201.csv
18.0,M_8_Andrews_FR1_fed00604262201.csv
21.0,M_8_Andrews_FR1_fed00604262201.csv
18.0,M_8_Andrews_FR1_fed00604262201.csv
21.0,M_8_Andrews_FR1_fed00604262201.csv
136.0,M_8_Andrews_FR1_fed00604262201.csv
33.0,M_8_Andrews_FR1_fed00604262201.csv
7182.0,M_8_Andrews_FR1_fed00604262201.csv
21.0,M_8_Andrews_FR1_fed00604262201.csv
35.0,M_8_Andrews_FR1_fed00604262201.csv
17.0,M_8_Andrews_FR1_fed00604262201.csv
22.0,M_8_Andrews_FR1_fed00604262201.csv
19.0,M_8_Andrews_FR1_fed00604262201.csv
18.0,M_8_Andrews_FR1_fed00604262201.csv
3644.0,M_8_Andrews_FR1_fed00604262201.csv
24.0,M_8_Andrews_FR1_fed00604262201.csv
21.0,M_8_Andrews_FR1_fed00604262201.csv
20.0,M_8_Andrews_FR1_fed00604262201.csv
28.0,M_8_Andrews_FR1_fed00604262201.csv
19.0,M_8_Andrews_FR1_fed00604262201.csv
692.0,M_8_Andrews_FR1_fed00604262201.csv
32.0,M_8_Andrews_FR1_fed00604262201.csv
32.0,M_8_Andrews_FR1_fed00604262201.csv
20.0,M_8_Andrews_FR1_fed00604262201.csv
6003.0,M_8_Andrews_FR1_fed00604262201.csv
7066.0,M_8_Andrews_FR1_fed00604262201.csv
58.0,M_8_Andrews_FR1_fed00604262201.csv
18.0,M_8_Andrews_FR1_fed00604262201.csv
293.0,M_8_Andrews_FR1_fed00604262201.csv
80.0,M_8_Andrews_FR1_fed00604262201.csv
283.0,M_8_Andrews_FR1_fed00604262201.csv
743.0,M_8_Andrews_FR1_fed00604262201.csv
45.0,M_8_Andrews_FR1_fed00604262201.csv
284.0,M_8_Andrews_FR1_fed00604262201.csv
26.0,M_8_Andrews_FR1_fed00604262201.csv
340.0,M_8_Andrews_FR1_fed00604262201.csv
681.0,M_8_Andrews_FR1_fed00604262201.csv
24.0,M_8_Andrews_FR1_fed00604262201.csv
35.0,M_8_Andrews_FR1_fed00604262201.csv
31.0,M_8_Andrews_FR1_fed00604262201.csv
10286.0,M_8_Andrews_FR1_fed00604262201.csv
18.0,M_8_Andrews_FR1_fed00604262201.csv
20.0,M_8_Andrews_FR1_fed00604262201.csv
16.0,M_8_Andrews_FR1_fed00604262201.csv
16.0,M_8_Andrews_FR1_fed00604262201.csv
555.0,M_8_Andrews_FR1_fed00604262201.csv
32.0,M_8_Andrews_FR1_fed00604262201.csv
659.0,M_8_Andrews_FR1_fed00604262201.csv
40.0,M_8_Andrews_FR1_fed00604262201.csv
358.0,M_7_Andrews_FR1_fed00504262201.csv
321.0,M_7_Andrews_FR1_fed00504262201.csv
1233.0,M_7_Andrews_FR1_fed00504262201.csv
868.0,M_7_Andrews_FR1_fed00504262201.csv
358.0,M_7_Andrews_FR1_fed00504262201.csv
149.0,M_7_Andrews_FR1_fed00504262201.csv
925.0,M_7_Andrews_FR1_fed00504262201.csv
1227.0,M_7_Andrews_FR1_fed00504262201.csv
155.0,M_7_Andrews_FR1_fed00504262201.csv
7323.0,M_7_Andrews_FR1_fed00504262201.csv
5449.0,M_7_Andrews_FR1_fed00504262201.csv
17.0,M_7_Andrews_FR1_fed00504262201.csv
1833.0,M_7_Andrews_FR1_fed00504262201.csv
425.0,M_7_Andrews_FR1_fed00504262201.csv
1032.0,M_7_Andrews_FR1_fed00504262201.csv
6403.0,M_7_Andrews_FR1_fed00504262201.csv
22.0,M_7_Andrews_FR1_fed00504262201.csv
36.0,M_7_Andrews_FR1_fed00504262201.csv
37.0,M_7_Andrews_FR1_fed00504262201.csv
622.0,M_7_Andrews_FR1_fed00504262201.csv
7518.0,M_7_Andrews_FR1_fed00504262201.csv
123.0,M_7_Andrews_FR1_fed00504262201.csv
166.0,M_7_Andrews_FR1_fed00504262201.csv
67.0,M_7_Andrews_FR1_fed00504262201.csv
1017.0,M_7_Andrews_FR1_fed00504262201.csv
71.0,M_7_Andrews_FR1_fed00504262201.csv
99.0,M_7_Andrews_FR1_fed00504262201.csv
8517.0,M_7_Andrews_FR1_fed00504262201.csv
18.0,M_7_Andrews_FR1_fed00504262201.csv
23.0,M_7_Andrews_FR1_fed00504262201.csv
4373.0,M_7_Andrews_FR1_fed00504262201.csv
1855.0,M_7_Andrews_FR1_fed00504262201.csv
31.0,M_7_Andrews_FR1_fed00504262201.csv
24.0,M_7_Andrews_FR1_fed00504262201.csv
27.0,M_7_Andrews_FR1_fed00504262201.csv
43.0,M_7_Andrews_FR1_fed00504262201.csv
1228.0,M_7_Andrews_FR1_fed00504262201.csv
26.0,M_7_Andrews_FR1_fed00504262201.csv
474.0,M_7_Andrews_FR1_fed00504262201.csv
134.0,M_7_Andrews_FR1_fed00504262201.csv
212.0,M_7_Andrews_FR1_fed00504262201.csv
83.0,M_7_Andrews_FR1_fed00504262201.csv
53.0,M_7_Andrews_FR1_fed00504262201.csv
3895.0,M_7_Andrews_FR1_fed00504262201.csv
21.0,M_7_Andrews_FR1_fed00504262201.csv
1244.0,M_7_Andrews_FR1_fed00504262201.csv
21.0,M_7_Andrews_FR1_fed00504262201.csv
26.0,M_7_Andrews_FR1_fed00504262201.csv
25.0,M_7_Andrews_FR1_fed00504262201.csv
27.0,M_7_Andrews_FR1_fed00504262201.csv
88.0,M_7_Andrews_FR1_fed00504262201.csv
553.0,M_7_Andrews_FR1_fed00504262201.csv
417.0,M_7_Andrews_FR1_fed00504262201.csv
18874.0,M_7_Andrews_FR1_fed00504262201.csv
17.0,M_7_Andrews_FR1_fed00504262201.csv
32.0,M_7_Andrews_FR1_fed00504262201.csv
29.0,M_7_Andrews_FR1_fed00504262201.csv
4161.0,M_7_Andrews_FR1_fed00504262201.csv
17.0,M_7_Andrews_FR1_fed00504262201.csv
17.0,M_7_Andrews_FR1_fed00504262201.csv
22.0,M_7_Andrews_FR1_fed00504262201.csv
30.0,M_7_Andrews_FR1_fed00504262201.csv
28.0,M_7_Andrews_FR1_fed00504262201.csv
27.0,M_7_Andrews_FR1_fed00504262201.csv
35.0,M_7_Andrews_FR1_fed00504262201.csv
35.0,M_7_Andrews_FR1_fed00504262201.csv
72.0,M_7_Andrews_FR1_fed00504262201.csv
29.0,M_7_Andrews_FR1_fed00504262201.csv
901.0,M_7_Andrews_FR1_fed00504262201.csv
28.0,M_7_Andrews_FR1_fed00504262201.csv
68.0,M_9_Andrews_FR1_fed00804262204.csv
114.0,M_9_Andrews_FR1_fed00804262204.csv
413.0,M_9_Andrews_FR1_fed00804262204.csv
22.0,M_9_Andrews_FR1_fed00804262204.csv
509.0,M_9_Andrews_FR1_fed00804262204.csv
479.0,M_9_Andrews_FR1_fed00804262204.csv
19.0,M_9_Andrews_FR1_fed00804262204.csv
40.0,M_9_Andrews_FR1_fed00804262204.csv
15.0,M_9_Andrews_FR1_fed00804262204.csv
886.0,M_9_Andrews_FR1_fed00804262204.csv
350.0,M_9_Andrews_FR1_fed00804262204.csv
826.0,M_9_Andrews_FR1_fed00804262204.csv
1822.0,M_9_Andrews_FR1_fed00804262204.csv
1642.0,M_9_Andrews_FR1_fed00804262204.csv
315.0,M_9_Andrews_FR1_fed00804262204.csv
3658.0,M_9_Andrews_FR1_fed00804262204.csv
263.0,M_9_Andrews_FR1_fed00804262204.csv
81.0,M_9_Andrews_FR1_fed00804262204.csv
60.0,M_9_Andrews_FR1_fed00804262204.csv
5782.0,M_9_Andrews_FR1_fed00804262204.csv
1202.0,M_9_Andrews_FR1_fed00804262204.csv
45.0,M_9_Andrews_FR1_fed00804262204.csv
36.0,M_9_Andrews_FR1_fed00804262204.csv
37.0,M_9_Andrews_FR1_fed00804262204.csv
47.0,M_9_Andrews_FR1_fed00804262204.csv
40.0,M_9_Andrews_FR1_fed00804262204.csv
27.0,M_9_Andrews_FR1_fed00804262204.csv
25.0,M_9_Andrews_FR1_fed00804262204.csv
36.0,M_9_Andrews_FR1_fed00804262204.csv
52.0,M_9_Andrews_FR1_fed00804262204.csv
20.0,M_9_Andrews_FR1_fed00804262204.csv
33.0,M_9_Andrews_FR1_fed00804262204.csv
317.0,M_9_Andrews_FR1_fed00804262204.csv
2800.0,M_9_Andrews_FR1_fed00804262204.csv
44.0,M_9_Andrews_FR1_fed00804262204.csv
403.0,M_9_Andrews_FR1_fed00804262204.csv
669.0,M_9_Andrews_FR1_fed00804262204.csv
32.0,M_9_Andrews_FR1_fed00804262204.csv
43.0,M_9_Andrews_FR1_fed00804262204.csv
62.0,M_9_Andrews_FR1_fed00804262204.csv
754.0,M_9_Andrews_FR1_fed00804262204.csv
44.0,M_9_Andrews_FR1_fed00804262204.csv
1101.0,M_9_Andrews_FR1_fed00804262204.csv
440.0,M_9_Andrews_FR1_fed00804262204.csv
45.0,M_9_Andrews_FR1_fed00804262204.csv
47.0,M_9_Andrews_FR1_fed00804262204.csv
1044.0,M_9_Andrews_FR1_fed00804262204.csv
54.0,M_9_Andrews_FR1_fed00804262204.csv
1459.0,M_9_Andrews_FR1_fed00804262204.csv
69.0,M_9_Andrews_FR1_fed00804262204.csv
36.0,M_9_Andrews_FR1_fed00804262204.csv
38.0,M_9_Andrews_FR1_fed00804262204.csv
1202.0,M_9_Andrews_FR1_fed00804262204.csv
57.0,M_9_Andrews_FR1_fed00804262204.csv
45.0,M_9_Andrews_FR1_fed00804262204.csv
459.0,M_9_Andrews_FR1_fed00804262204.csv
1202.0,M_9_Andrews_FR1_fed00804262204.csv
39.0,M_9_Andrews_FR1_fed00804262204.csv
39.0,M_9_Andrews_FR1_fed00804262204.csv
23.0,M_9_Andrews_FR1_fed00804262204.csv
39.0,M_9_Andrews_FR1_fed00804262204.csv
40.0,M_9_Andrews_FR1_fed00804262204.csv
37.0,M_9_Andrews_FR1_fed00804262204.csv
41.0,M_9_Andrews_FR1_fed00804262204.csv
1120.0,M_9_Andrews_FR1_fed00804262204.csv
365.0,M_9_Andrews_FR1_fed00804262204.csv
42.0,M_9_Andrews_FR1_fed00804262204.csv
44.0,M_9_Andrews_FR1_fed00804262204.csv
2381.0,M_9_Andrews_FR1_fed00804262204.csv
41.0,M_9_Andrews_FR1_fed00804262204.csv
306.0,M_9_Andrews_FR1_fed00804262204.csv
67.0,M_9_Andrews_FR1_fed00804262204.csv
48.0,M_9_Andrews_FR1_fed00804262204.csv
933.0,M_9_Andrews_FR1_fed00804262204.csv
44.0,M_9_Andrews_FR1_fed00804262204.csv
36.0,M_9_Andrews_FR1_fed00804262204.csv
380.0,M_9_Andrews_FR1_fed00804262204.csv
186.0,M_9_Andrews_FR1_fed00804262204.csv
37.0,M_9_Andrews_FR1_fed00804262204.csv
575.0,M_9_Andrews_FR1_fed00804262204.csv
55.0,M_9_Andrews_FR1_fed00804262204.csv
100.0,M_9_Andrews_FR1_fed00804262204.csv
44.0,M_9_Andrews_FR1_fed00804262204.csv
46.0,M_9_Andrews_FR1_fed00804262204.csv
43.0,M_9_Andrews_FR1_fed00804262204.csv
492.0,M_9_Andrews_FR1_fed00804262204.csv
801.0,M_9_Andrews_FR1_fed00804262204.csv
386.0,M_9_Andrews_FR1_fed00804262204.csv
1247.0,M_9_Andrews_FR1_fed00804262204.csv
131.0,M_9_Andrews_FR1_fed00804262204.csv
2022.0,M_9_Andrews_FR1_fed00804262204.csv
44.0,M_9_Andrews_FR1_fed00804262204.csv
60.0,M_9_Andrews_FR1_fed00804262204.csv
48.0,M_9_Andrews_FR1_fed00804262204.csv
46.0,M_9_Andrews_FR1_fed00804262204.csv
2929.0,M_9_Andrews_FR1_fed00804262204.csv
54.0,M_9_Andrews_FR1_fed00804262204.csv
57.0,M_9_Andrews_FR1_fed00804262204.csv
52.0,M_9_Andrews_FR1_fed00804262204.csv
52.0,M_9_Andrews_FR1_fed00804262204.csv
90.0,M_9_Andrews_FR1_fed00804262204.csv
3711.0,M_9_Andrews_FR1_fed00804262204.csv
1333.0,M_9_Andrews_FR1_fed00804262204.csv
127.0,M_9_Andrews_FR1_fed00804262204.csv
3706.0,M_9_Andrews_FR1_fed00804262204.csv
56.0,M_9_Andrews_FR1_fed00804262204.csv
1934.0,M_9_Andrews_FR1_fed00804262204.csv
2128.0,M_9_Andrews_FR1_fed00804262204.csv
461.0,M_9_Andrews_FR1_fed00804262204.csv
1240.0,M_9_Andrews_FR1_fed00804262204.csv
596.0,M_9_Andrews_FR1_fed00804262204.csv
4891.0,M_9_Andrews_FR1_fed00804262204.csv
28.0,M_9_Andrews_FR1_fed00804262204.csv
41.0,M_9_Andrews_FR1_fed00804262204.csv
50.0,M_9_Andrews_FR1_fed00804262204.csv
53.0,M_9_Andrews_FR1_fed00804262204.csv
3790.0,M_9_Andrews_FR1_fed00804262204.csv
44.0,M_9_Andrews_FR1_fed00804262204.csv
59.0,M_9_Andrews_FR1_fed00804262204.csv
56.0,M_9_Andrews_FR1_fed00804262204.csv
42.0,M_9_Andrews_FR1_fed00804262204.csv
4425.0,M_9_Andrews_FR1_fed00804262204.csv
54.0,M_9_Andrews_FR1_fed00804262204.csv
35.0,M_9_Andrews_FR1_fed00804262204.csv
48.0,M_9_Andrews_FR1_fed00804262204.csv
41.0,M_9_Andrews_FR1_fed00804262204.csv
37.0,M_9_Andrews_FR1_fed00804262204.csv
3506.0,M_9_Andrews_FR1_fed00804262204.csv
41.0,M_9_Andrews_FR1_fed00804262204.csv
45.0,M_9_Andrews_FR1_fed00804262204.csv
44.0,M_9_Andrews_FR1_fed00804262204.csv
61.0,M_9_Andrews_FR1_fed00804262204.csv
3100.0,M_9_Andrews_FR1_fed00804262204.csv
3081.0,M_9_Andrews_FR1_fed00804262204.csv
4280.0,F_15_Creed_FR1_FED000032523concat.csv
3754.0,F_15_Creed_FR1_FED000032523concat.csv
3434.0,F_15_Creed_FR1_FED000032523concat.csv
520.0,F_15_Creed_FR1_FED000032523concat.csv
197.0,F_15_Creed_FR1_FED000032523concat.csv
130.0,F_15_Creed_FR1_FED000032523concat.csv
41.0,F_15_Creed_FR1_FED000032523concat.csv
55.0,F_15_Creed_FR1_FED000032523concat.csv
27.0,F_15_Creed_FR1_FED000032523concat.csv
28.0,F_15_Creed_FR1_FED000032523concat.csv
32.0,F_15_Creed_FR1_FED000032523concat.csv
202.0,F_15_Creed_FR1_FED000032523concat.csv
79.0,F_15_Creed_FR1_FED000032523concat.csv
456.0,F_15_Creed_FR1_FED000032523concat.csv
579.0,F_15_Creed_FR1_FED000032523concat.csv
751.0,F_15_Creed_FR1_FED000032523concat.csv
37.0,F_15_Creed_FR1_FED000032523concat.csv
29.0,F_15_Creed_FR1_FED000032523concat.csv
134.0,F_15_Creed_FR1_FED000032523concat.csv
318.0,F_15_Creed_FR1_FED000032523concat.csv
407.0,F_15_Creed_FR1_FED000032523concat.csv
47.0,F_15_Creed_FR1_FED000032523concat.csv
207.0,F_15_Creed_FR1_FED000032523concat.csv
623.0,F_15_Creed_FR1_FED000032523concat.csv
362.0,F_15_Creed_FR1_FED000032523concat.csv
417.0,F_15_Creed_FR1_FED000032523concat.csv
235.0,F_15_Creed_FR1_FED000032523concat.csv
420.0,F_15_Creed_FR1_FED000032523concat.csv
260.0,F_15_Creed_FR1_FED000032523concat.csv
480.0,F_15_Creed_FR1_FED000032523concat.csv
96.0,F_15_Creed_FR1_FED000032523concat.csv
28.0,F_15_Creed_FR1_FED000032523concat.csv
137.0,F_15_Creed_FR1_FED000032523concat.csv
165.0,F_15_Creed_FR1_FED000032523concat.csv
185.0,F_15_Creed_FR1_FED000032523concat.csv
326.0,F_15_Creed_FR1_FED000032523concat.csv
251.0,F_15_Creed_FR1_FED000032523concat.csv
225.0,F_15_Creed_FR1_FED000032523concat.csv
220.0,F_15_Creed_FR1_FED000032523concat.csv
92.0,F_15_Creed_FR1_FED000032523concat.csv
30.0,F_15_Creed_FR1_FED000032523concat.csv
29.0,F_15_Creed_FR1_FED000032523concat.csv
25.0,F_15_Creed_FR1_FED000032523concat.csv
1064.0,F_15_Creed_FR1_FED000032523concat.csv
44.0,F_15_Creed_FR1_FED000032523concat.csv
73.0,F_15_Creed_FR1_FED000032523concat.csv
40.0,F_15_Creed_FR1_FED000032523concat.csv
55.0,F_15_Creed_FR1_FED000032523concat.csv
117.0,F_15_Creed_FR1_FED000032523concat.csv
157.0,F_15_Creed_FR1_FED000032523concat.csv
2793.0,F_15_Creed_FR1_FED000032523concat.csv
208.0,F_15_Creed_FR1_FED000032523concat.csv
41.0,F_15_Creed_FR1_FED000032523concat.csv
28.0,F_15_Creed_FR1_FED000032523concat.csv
59.0,F_15_Creed_FR1_FED000032523concat.csv
30.0,F_15_Creed_FR1_FED000032523concat.csv
29.0,F_15_Creed_FR1_FED000032523concat.csv
25.0,F_15_Creed_FR1_FED000032523concat.csv
44.0,F_15_Creed_FR1_FED000032523concat.csv
26.0,F_15_Creed_FR1_FED000032523concat.csv
28.0,F_15_Creed_FR1_FED000032523concat.csv
387.0,F_15_Creed_FR1_FED000032523concat.csv
1120.0,F_15_Creed_FR1_FED000032523concat.csv
38.0,F_15_Creed_FR1_FED000032523concat.csv
35.0,F_15_Creed_FR1_FED000032523concat.csv
21.0,F_15_Creed_FR1_FED000032523concat.csv
808.0,F_15_Creed_FR1_FED000032523concat.csv
328.0,F_15_Creed_FR1_FED000032523concat.csv
351.0,F_15_Creed_FR1_FED000032523concat.csv
396.0,F_15_Creed_FR1_FED000032523concat.csv
427.0,F_15_Creed_FR1_FED000032523concat.csv
523.0,F_15_Creed_FR1_FED000032523concat.csv
105.0,F_15_Creed_FR1_FED000032523concat.csv
23.0,F_15_Creed_FR1_FED000032523concat.csv
22.0,F_15_Creed_FR1_FED000032523concat.csv
18.0,F_15_Creed_FR1_FED000032523concat.csv
248.0,F_15_Creed_FR1_FED000032523concat.csv
884.0,F_15_Creed_FR1_FED000032523concat.csv
113.0,F_15_Creed_FR1_FED000032523concat.csv
32.0,F_15_Creed_FR1_FED000032523concat.csv
22.0,F_15_Creed_FR1_FED000032523concat.csv
31.0,F_15_Creed_FR1_FED000032523concat.csv
24.0,F_15_Creed_FR1_FED000032523concat.csv
709.0,F_15_Creed_FR1_FED000032523concat.csv
364.0,F_15_Creed_FR1_FED000032523concat.csv
241.0,F_15_Creed_FR1_FED000032523concat.csv
584.0,F_15_Creed_FR1_FED000032523concat.csv
4347.0,F_15_Creed_FR1_FED000032523concat.csv
59.0,F_15_Creed_FR1_FED000032523concat.csv
43.0,F_15_Creed_FR1_FED000032523concat.csv
26.0,F_15_Creed_FR1_FED000032523concat.csv
50.0,F_15_Creed_FR1_FED000032523concat.csv
46.0,F_15_Creed_FR1_FED000032523concat.csv
32.0,F_15_Creed_FR1_FED000032523concat.csv
19.0,F_15_Creed_FR1_FED000032523concat.csv
828.0,F_15_Creed_FR1_FED000032523concat.csv
86.0,F_15_Creed_FR1_FED000032523concat.csv
36.0,F_15_Creed_FR1_FED000032523concat.csv
42.0,F_15_Creed_FR1_FED000032523concat.csv
34.0,F_15_Creed_FR1_FED000032523concat.csv
1331.0,F_15_Creed_FR1_FED000032523concat.csv
200.0,F_15_Creed_FR1_FED000032523concat.csv
808.0,F_15_Creed_FR1_FED000032523concat.csv
31.0,F_15_Creed_FR1_FED000032523concat.csv
28.0,F_15_Creed_FR1_FED000032523concat.csv
25.0,F_15_Creed_FR1_FED000032523concat.csv
29.0,F_15_Creed_FR1_FED000032523concat.csv
28.0,F_15_Creed_FR1_FED000032523concat.csv
30.0,F_15_Creed_FR1_FED000032523concat.csv
38.0,F_15_Creed_FR1_FED000032523concat.csv
943.0,F_15_Creed_FR1_FED000032523concat.csv
329.0,F_15_Creed_FR1_FED000032523concat.csv
275.0,F_15_Creed_FR1_FED000032523concat.csv
701.0,F_15_Creed_FR1_FED000032523concat.csv
3666.0,F_15_Creed_FR1_FED000032523concat.csv
57.0,F_15_Creed_FR1_FED000032523concat.csv
36.0,F_15_Creed_FR1_FED000032523concat.csv
34.0,F_15_Creed_FR1_FED000032523concat.csv
2727.0,F_15_Creed_FR1_FED000032523concat.csv
131.0,F_15_Creed_FR1_FED000032523concat.csv
43.0,F_15_Creed_FR1_FED000032523concat.csv
51.0,F_15_Creed_FR1_FED000032523concat.csv
38.0,F_15_Creed_FR1_FED000032523concat.csv
5460.0,F_15_Creed_FR1_FED000032523concat.csv
49.0,F_15_Creed_FR1_FED000032523concat.csv
40.0,F_15_Creed_FR1_FED000032523concat.csv
274.0,F_15_Creed_FR1_FED000032523concat.csv
57.0,F_15_Creed_FR1_FED000032523concat.csv
983.0,F_15_Creed_FR1_FED000032523concat.csv
143.0,F_15_Creed_FR1_FED000032523concat.csv
7293.0,F_15_Creed_FR1_FED000032523concat.csv
52.0,F_15_Creed_FR1_FED000032523concat.csv
55.0,F_15_Creed_FR1_FED000032523concat.csv
298.0,F_15_Creed_FR1_FED000032523concat.csv
5996.0,F_15_Creed_FR1_FED000032523concat.csv
240.0,F_15_Creed_FR1_FED000032523concat.csv
5809.0,F_15_Creed_FR1_FED000032523concat.csv
38.0,F_15_Creed_FR1_FED000032523concat.csv
34.0,F_15_Creed_FR1_FED000032523concat.csv
120.0,F_15_Creed_FR1_FED000032523concat.csv
32.0,F_15_Creed_FR1_FED000032523concat.csv
25.0,F_15_Creed_FR1_FED000032523concat.csv
1080.0,F_15_Creed_FR1_FED000032523concat.csv
6515.0,F_15_Creed_FR1_FED000032523concat.csv
53.0,F_15_Creed_FR1_FED000032523concat.csv
61.0,F_15_Creed_FR1_FED000032523concat.csv
38.0,F_15_Creed_FR1_FED000032523concat.csv
20.0,F_15_Creed_FR1_FED000032523concat.csv
27.0,F_15_Creed_FR1_FED000032523concat.csv
21.0,F_15_Creed_FR1_FED000032523concat.csv
32.0,F_15_Creed_FR1_FED000032523concat.csv
4934.0,F_17_Creed_FR1_FED002032523.CSV
2496.0,F_17_Creed_FR1_FED002032523.CSV
532.0,F_17_Creed_FR1_FED002032523.CSV
68.0,F_17_Creed_FR1_FED002032523.CSV
1081.0,F_17_Creed_FR1_FED002032523.CSV
28.0,F_17_Creed_FR1_FED002032523.CSV
3971.0,F_17_Creed_FR1_FED002032523.CSV
3734.0,F_17_Creed_FR1_FED002032523.CSV
525.0,F_17_Creed_FR1_FED002032523.CSV
182.0,F_17_Creed_FR1_FED002032523.CSV
75.0,F_17_Creed_FR1_FED002032523.CSV
16.0,F_17_Creed_FR1_FED002032523.CSV
66.0,F_17_Creed_FR1_FED002032523.CSV
236.0,F_17_Creed_FR1_FED002032523.CSV
37.0,F_17_Creed_FR1_FED002032523.CSV
23.0,F_17_Creed_FR1_FED002032523.CSV
162.0,F_17_Creed_FR1_FED002032523.CSV
23.0,F_17_Creed_FR1_FED002032523.CSV
18.0,F_17_Creed_FR1_FED002032523.CSV
27.0,F_17_Creed_FR1_FED002032523.CSV
390.0,F_17_Creed_FR1_FED002032523.CSV
511.0,F_17_Creed_FR1_FED002032523.CSV
397.0,F_17_Creed_FR1_FED002032523.CSV
37.0,F_17_Creed_FR1_FED002032523.CSV
22.0,F_17_Creed_FR1_FED002032523.CSV
367.0,F_17_Creed_FR1_FED002032523.CSV
347.0,F_17_Creed_FR1_FED002032523.CSV
352.0,F_17_Creed_FR1_FED002032523.CSV
74.0,F_17_Creed_FR1_FED002032523.CSV
27.0,F_17_Creed_FR1_FED002032523.CSV
80.0,F_17_Creed_FR1_FED002032523.CSV
22.0,F_17_Creed_FR1_FED002032523.CSV
29.0,F_17_Creed_FR1_FED002032523.CSV
428.0,F_17_Creed_FR1_FED002032523.CSV
811.0,F_17_Creed_FR1_FED002032523.CSV
39.0,F_17_Creed_FR1_FED002032523.CSV
1042.0,F_17_Creed_FR1_FED002032523.CSV
324.0,F_17_Creed_FR1_FED002032523.CSV
47.0,F_17_Creed_FR1_FED002032523.CSV
26.0,F_17_Creed_FR1_FED002032523.CSV
163.0,F_17_Creed_FR1_FED002032523.CSV
73.0,F_17_Creed_FR1_FED002032523.CSV
398.0,F_17_Creed_FR1_FED002032523.CSV
593.0,F_17_Creed_FR1_FED002032523.CSV
95.0,F_17_Creed_FR1_FED002032523.CSV
284.0,F_17_Creed_FR1_FED002032523.CSV
22.0,F_17_Creed_FR1_FED002032523.CSV
41.0,F_17_Creed_FR1_FED002032523.CSV
18.0,F_17_Creed_FR1_FED002032523.CSV
343.0,F_17_Creed_FR1_FED002032523.CSV
24.0,F_17_Creed_FR1_FED002032523.CSV
113.0,F_17_Creed_FR1_FED002032523.CSV
530.0,F_17_Creed_FR1_FED002032523.CSV
27.0,F_17_Creed_FR1_FED002032523.CSV
22.0,F_17_Creed_FR1_FED002032523.CSV
85.0,F_17_Creed_FR1_FED002032523.CSV
878.0,F_17_Creed_FR1_FED002032523.CSV
21.0,F_17_Creed_FR1_FED002032523.CSV
17.0,F_17_Creed_FR1_FED002032523.CSV
17.0,F_17_Creed_FR1_FED002032523.CSV
23.0,F_17_Creed_FR1_FED002032523.CSV
19.0,F_17_Creed_FR1_FED002032523.CSV
28.0,F_17_Creed_FR1_FED002032523.CSV
19.0,F_17_Creed_FR1_FED002032523.CSV
946.0,F_17_Creed_FR1_FED002032523.CSV
19.0,F_17_Creed_FR1_FED002032523.CSV
17.0,F_17_Creed_FR1_FED002032523.CSV
21.0,F_17_Creed_FR1_FED002032523.CSV
365.0,F_17_Creed_FR1_FED002032523.CSV
23.0,F_17_Creed_FR1_FED002032523.CSV
22.0,F_17_Creed_FR1_FED002032523.CSV
32.0,F_17_Creed_FR1_FED002032523.CSV
18.0,F_17_Creed_FR1_FED002032523.CSV
2924.0,F_17_Creed_FR1_FED002032523.CSV
39.0,F_17_Creed_FR1_FED002032523.CSV
236.0,F_17_Creed_FR1_FED002032523.CSV
26.0,F_17_Creed_FR1_FED002032523.CSV
27.0,F_17_Creed_FR1_FED002032523.CSV
2084.0,F_17_Creed_FR1_FED002032523.CSV
25.0,F_17_Creed_FR1_FED002032523.CSV
34.0,F_17_Creed_FR1_FED002032523.CSV
50.0,F_17_Creed_FR1_FED002032523.CSV
40.0,F_17_Creed_FR1_FED002032523.CSV
21.0,F_17_Creed_FR1_FED002032523.CSV
15.0,F_17_Creed_FR1_FED002032523.CSV
1502.0,F_17_Creed_FR1_FED002032523.CSV
25.0,F_17_Creed_FR1_FED002032523.CSV
645.0,F_17_Creed_FR1_FED002032523.CSV
22.0,F_17_Creed_FR1_FED002032523.CSV
275.0,F_17_Creed_FR1_FED002032523.CSV
30.0,F_17_Creed_FR1_FED002032523.CSV
17.0,F_17_Creed_FR1_FED002032523.CSV
409.0,F_17_Creed_FR1_FED002032523.CSV
24.0,F_17_Creed_FR1_FED002032523.CSV
22.0,F_17_Creed_FR1_FED002032523.CSV
439.0,F_17_Creed_FR1_FED002032523.CSV
24.0,F_17_Creed_FR1_FED002032523.CSV
58.0,F_17_Creed_FR1_FED002032523.CSV
825.0,F_17_Creed_FR1_FED002032523.CSV
265.0,F_17_Creed_FR1_FED002032523.CSV
24.0,F_17_Creed_FR1_FED002032523.CSV
1003.0,F_17_Creed_FR1_FED002032523.CSV
35.0,F_17_Creed_FR1_FED002032523.CSV
1339.0,F_17_Creed_FR1_FED002032523.CSV
35.0,F_17_Creed_FR1_FED002032523.CSV
222.0,F_17_Creed_FR1_FED002032523.CSV
6342.0,F_17_Creed_FR1_FED002032523.CSV
277.0,F_17_Creed_FR1_FED002032523.CSV
96.0,F_17_Creed_FR1_FED002032523.CSV
38.0,F_17_Creed_FR1_FED002032523.CSV
789.0,F_17_Creed_FR1_FED002032523.CSV
51.0,F_17_Creed_FR1_FED002032523.CSV
19.0,F_17_Creed_FR1_FED002032523.CSV
509.0,F_17_Creed_FR1_FED002032523.CSV
32.0,F_17_Creed_FR1_FED002032523.CSV
27.0,F_17_Creed_FR1_FED002032523.CSV
659.0,F_17_Creed_FR1_FED002032523.CSV
529.0,F_17_Creed_FR1_FED002032523.CSV
83.0,F_17_Creed_FR1_FED002032523.CSV
19.0,F_17_Creed_FR1_FED002032523.CSV
37.0,F_17_Creed_FR1_FED002032523.CSV
44.0,F_17_Creed_FR1_FED002032523.CSV
286.0,F_17_Creed_FR1_FED002032523.CSV
5442.0,F_17_Creed_FR1_FED002032523.CSV
31.0,F_17_Creed_FR1_FED002032523.CSV
35.0,F_17_Creed_FR1_FED002032523.CSV
41.0,F_17_Creed_FR1_FED002032523.CSV
25.0,F_17_Creed_FR1_FED002032523.CSV
622.0,F_17_Creed_FR1_FED002032523.CSV
27.0,F_17_Creed_FR1_FED002032523.CSV
33.0,F_17_Creed_FR1_FED002032523.CSV
23.0,F_17_Creed_FR1_FED002032523.CSV
446.0,F_17_Creed_FR1_FED002032523.CSV
5322.0,F_17_Creed_FR1_FED002032523.CSV
39.0,F_17_Creed_FR1_FED002032523.CSV
27.0,F_17_Creed_FR1_FED002032523.CSV
68.0,F_17_Creed_FR1_FED002032523.CSV
2602.0,F_17_Creed_FR1_FED002032523.CSV
80.0,F_17_Creed_FR1_FED002032523.CSV
24.0,F_17_Creed_FR1_FED002032523.CSV
28.0,F_17_Creed_FR1_FED002032523.CSV
28.0,F_17_Creed_FR1_FED002032523.CSV
40.0,F_17_Creed_FR1_FED002032523.CSV
1227.0,F_17_Creed_FR1_FED002032523.CSV
30.0,F_17_Creed_FR1_FED002032523.CSV
568.0,F_17_Creed_FR1_FED002032523.CSV
28.0,F_17_Creed_FR1_FED002032523.CSV
529.0,F_17_Creed_FR1_FED002032523.CSV
589.0,F_17_Creed_FR1_FED002032523.CSV
859.0,F_17_Creed_FR1_FED002032523.CSV
5998.0,F_17_Creed_FR1_FED002032523.CSV
35.0,F_17_Creed_FR1_FED002032523.CSV
21.0,F_17_Creed_FR1_FED002032523.CSV
26.0,F_17_Creed_FR1_FED002032523.CSV
6867.0,F_17_Creed_FR1_FED002032523.CSV
45.0,F_17_Creed_FR1_FED002032523.CSV
26.0,F_17_Creed_FR1_FED002032523.CSV
47.0,F_17_Creed_FR1_FED002032523.CSV
21.0,F_17_Creed_FR1_FED002032523.CSV
25.0,F_17_Creed_FR1_FED002032523.CSV
21.0,F_17_Creed_FR1_FED002032523.CSV
30.0,F_17_Creed_FR1_FED002032523.CSV
94.0,F_17_Creed_FR1_FED002032523.CSV
33.0,F_17_Creed_FR1_FED002032523.CSV
1476.0,F_17_Creed_FR1_FED002032523.CSV
27.0,F_17_Creed_FR1_FED002032523.CSV
1151.0,F_17_Creed_FR1_FED002032523.CSV
87.0,F_17_Creed_FR1_FED002032523.CSV
1155.0,F_16_Creed_FR1_FED00103252301.CSV
1078.0,F_16_Creed_FR1_FED00103252301.CSV
10247.0,F_16_Creed_FR1_FED00103252301.CSV
2406.0,F_16_Creed_FR1_FED00103252301.CSV
336.0,F_16_Creed_FR1_FED00103252301.CSV
1566.0,F_16_Creed_FR1_FED00103252301.CSV
1897.0,F_16_Creed_FR1_FED00103252301.CSV
1258.0,F_16_Creed_FR1_FED00103252301.CSV
218.0,F_16_Creed_FR1_FED00103252301.CSV
97.0,F_16_Creed_FR1_FED00103252301.CSV
59.0,F_16_Creed_FR1_FED00103252301.CSV
76.0,F_16_Creed_FR1_FED00103252301.CSV
55.0,F_16_Creed_FR1_FED00103252301.CSV
57.0,F_16_Creed_FR1_FED00103252301.CSV
300.0,F_16_Creed_FR1_FED00103252301.CSV
199.0,F_16_Creed_FR1_FED00103252301.CSV
231.0,F_16_Creed_FR1_FED00103252301.CSV
30.0,F_16_Creed_FR1_FED00103252301.CSV
79.0,F_16_Creed_FR1_FED00103252301.CSV
95.0,F_16_Creed_FR1_FED00103252301.CSV
973.0,F_16_Creed_FR1_FED00103252301.CSV
26.0,F_16_Creed_FR1_FED00103252301.CSV
27.0,F_16_Creed_FR1_FED00103252301.CSV
215.0,F_16_Creed_FR1_FED00103252301.CSV
177.0,F_16_Creed_FR1_FED00103252301.CSV
1058.0,F_16_Creed_FR1_FED00103252301.CSV
513.0,F_16_Creed_FR1_FED00103252301.CSV
44.0,F_16_Creed_FR1_FED00103252301.CSV
161.0,F_16_Creed_FR1_FED00103252301.CSV
150.0,F_16_Creed_FR1_FED00103252301.CSV
370.0,F_16_Creed_FR1_FED00103252301.CSV
553.0,F_16_Creed_FR1_FED00103252301.CSV
638.0,F_16_Creed_FR1_FED00103252301.CSV
459.0,F_16_Creed_FR1_FED00103252301.CSV
363.0,F_16_Creed_FR1_FED00103252301.CSV
1415.0,F_16_Creed_FR1_FED00103252301.CSV
31.0,F_16_Creed_FR1_FED00103252301.CSV
62.0,F_16_Creed_FR1_FED00103252301.CSV
456.0,F_16_Creed_FR1_FED00103252301.CSV
39.0,F_16_Creed_FR1_FED00103252301.CSV
563.0,F_16_Creed_FR1_FED00103252301.CSV
3607.0,F_16_Creed_FR1_FED00103252301.CSV
34.0,F_16_Creed_FR1_FED00103252301.CSV
28.0,F_16_Creed_FR1_FED00103252301.CSV
53.0,F_16_Creed_FR1_FED00103252301.CSV
40.0,F_16_Creed_FR1_FED00103252301.CSV
29.0,F_16_Creed_FR1_FED00103252301.CSV
44.0,F_16_Creed_FR1_FED00103252301.CSV
1250.0,F_16_Creed_FR1_FED00103252301.CSV
42.0,F_16_Creed_FR1_FED00103252301.CSV
1113.0,F_16_Creed_FR1_FED00103252301.CSV
399.0,F_16_Creed_FR1_FED00103252301.CSV
22.0,F_16_Creed_FR1_FED00103252301.CSV
38.0,F_16_Creed_FR1_FED00103252301.CSV
82.0,F_16_Creed_FR1_FED00103252301.CSV
361.0,F_16_Creed_FR1_FED00103252301.CSV
35.0,F_16_Creed_FR1_FED00103252301.CSV
395.0,F_16_Creed_FR1_FED00103252301.CSV
817.0,F_16_Creed_FR1_FED00103252301.CSV
27.0,F_16_Creed_FR1_FED00103252301.CSV
108.0,F_16_Creed_FR1_FED00103252301.CSV
534.0,F_16_Creed_FR1_FED00103252301.CSV
30.0,F_16_Creed_FR1_FED00103252301.CSV
163.0,F_16_Creed_FR1_FED00103252301.CSV
1264.0,F_16_Creed_FR1_FED00103252301.CSV
2914.0,F_16_Creed_FR1_FED00103252301.CSV
34.0,F_16_Creed_FR1_FED00103252301.CSV
57.0,F_16_Creed_FR1_FED00103252301.CSV
57.0,F_16_Creed_FR1_FED00103252301.CSV
55.0,F_16_Creed_FR1_FED00103252301.CSV
20.0,F_16_Creed_FR1_FED00103252301.CSV
110.0,F_16_Creed_FR1_FED00103252301.CSV
149.0,F_16_Creed_FR1_FED00103252301.CSV
27.0,F_16_Creed_FR1_FED00103252301.CSV
75.0,F_16_Creed_FR1_FED00103252301.CSV
23.0,F_16_Creed_FR1_FED00103252301.CSV
455.0,F_16_Creed_FR1_FED00103252301.CSV
26.0,F_16_Creed_FR1_FED00103252301.CSV
440.0,F_16_Creed_FR1_FED00103252301.CSV
25.0,F_16_Creed_FR1_FED00103252301.CSV
86.0,F_16_Creed_FR1_FED00103252301.CSV
463.0,F_16_Creed_FR1_FED00103252301.CSV
25.0,F_16_Creed_FR1_FED00103252301.CSV
3396.0,F_16_Creed_FR1_FED00103252301.CSV
180.0,F_16_Creed_FR1_FED00103252301.CSV
636.0,F_16_Creed_FR1_FED00103252301.CSV
34.0,F_16_Creed_FR1_FED00103252301.CSV
26.0,F_16_Creed_FR1_FED00103252301.CSV
25.0,F_16_Creed_FR1_FED00103252301.CSV
27.0,F_16_Creed_FR1_FED00103252301.CSV
501.0,F_16_Creed_FR1_FED00103252301.CSV
596.0,F_16_Creed_FR1_FED00103252301.CSV
190.0,F_16_Creed_FR1_FED00103252301.CSV
27.0,F_16_Creed_FR1_FED00103252301.CSV
1097.0,F_16_Creed_FR1_FED00103252301.CSV
8943.0,F_16_Creed_FR1_FED00103252301.CSV
110.0,F_16_Creed_FR1_FED00103252301.CSV
27.0,F_16_Creed_FR1_FED00103252301.CSV
141.0,F_16_Creed_FR1_FED00103252301.CSV
3617.0,F_16_Creed_FR1_FED00103252301.CSV
55.0,F_16_Creed_FR1_FED00103252301.CSV
78.0,F_16_Creed_FR1_FED00103252301.CSV
23.0,F_16_Creed_FR1_FED00103252301.CSV
803.0,F_16_Creed_FR1_FED00103252301.CSV
142.0,F_16_Creed_FR1_FED00103252301.CSV
28.0,F_16_Creed_FR1_FED00103252301.CSV
103.0,F_16_Creed_FR1_FED00103252301.CSV
26.0,F_16_Creed_FR1_FED00103252301.CSV
28.0,F_16_Creed_FR1_FED00103252301.CSV
5475.0,F_16_Creed_FR1_FED00103252301.CSV
57.0,F_16_Creed_FR1_FED00103252301.CSV
33.0,F_16_Creed_FR1_FED00103252301.CSV
33.0,F_16_Creed_FR1_FED00103252301.CSV
703.0,F_16_Creed_FR1_FED00103252301.CSV
41.0,F_16_Creed_FR1_FED00103252301.CSV
3873.0,F_16_Creed_FR1_FED00103252301.CSV
69.0,F_16_Creed_FR1_FED00103252301.CSV
46.0,F_16_Creed_FR1_FED00103252301.CSV
27.0,F_16_Creed_FR1_FED00103252301.CSV
23.0,F_16_Creed_FR1_FED00103252301.CSV
61.0,F_16_Creed_FR1_FED00103252301.CSV
4933.0,F_16_Creed_FR1_FED00103252301.CSV
33.0,F_16_Creed_FR1_FED00103252301.CSV
821.0,F_16_Creed_FR1_FED00103252301.CSV
931.0,F_16_Creed_FR1_FED00103252301.CSV
28.0,F_16_Creed_FR1_FED00103252301.CSV
2147.0,F_16_Creed_FR1_FED00103252301.CSV
27.0,F_16_Creed_FR1_FED00103252301.CSV
102.0,F_18_Creed_FR1_FED006FR1Concat.csv
142.0,F_18_Creed_FR1_FED006FR1Concat.csv
277.0,F_18_Creed_FR1_FED006FR1Concat.csv
2077.0,F_18_Creed_FR1_FED006FR1Concat.csv
60.0,F_18_Creed_FR1_FED006FR1Concat.csv
1221.0,F_18_Creed_FR1_FED006FR1Concat.csv
216.0,F_18_Creed_FR1_FED006FR1Concat.csv
106.0,F_18_Creed_FR1_FED006FR1Concat.csv
607.0,F_18_Creed_FR1_FED006FR1Concat.csv
50.0,F_18_Creed_FR1_FED006FR1Concat.csv
1143.0,F_18_Creed_FR1_FED006FR1Concat.csv
15.0,F_18_Creed_FR1_FED006FR1Concat.csv
757.0,F_18_Creed_FR1_FED006FR1Concat.csv
30.0,F_18_Creed_FR1_FED006FR1Concat.csv
20.0,F_18_Creed_FR1_FED006FR1Concat.csv
13.0,F_18_Creed_FR1_FED006FR1Concat.csv
29.0,F_18_Creed_FR1_FED006FR1Concat.csv
22.0,F_18_Creed_FR1_FED006FR1Concat.csv
18.0,F_18_Creed_FR1_FED006FR1Concat.csv
1114.0,F_18_Creed_FR1_FED006FR1Concat.csv
38.0,F_18_Creed_FR1_FED006FR1Concat.csv
14.0,F_18_Creed_FR1_FED006FR1Concat.csv
2099.0,F_18_Creed_FR1_FED006FR1Concat.csv
1961.0,F_18_Creed_FR1_FED006FR1Concat.csv
18.0,F_18_Creed_FR1_FED006FR1Concat.csv
23.0,F_18_Creed_FR1_FED006FR1Concat.csv
27.0,F_18_Creed_FR1_FED006FR1Concat.csv
1493.0,F_18_Creed_FR1_FED006FR1Concat.csv
32.0,F_18_Creed_FR1_FED006FR1Concat.csv
20.0,F_18_Creed_FR1_FED006FR1Concat.csv
49.0,F_18_Creed_FR1_FED006FR1Concat.csv
20.0,F_18_Creed_FR1_FED006FR1Concat.csv
15.0,F_18_Creed_FR1_FED006FR1Concat.csv
21.0,F_18_Creed_FR1_FED006FR1Concat.csv
168.0,F_18_Creed_FR1_FED006FR1Concat.csv
671.0,F_18_Creed_FR1_FED006FR1Concat.csv
1375.0,F_18_Creed_FR1_FED006FR1Concat.csv
26.0,F_18_Creed_FR1_FED006FR1Concat.csv
61.0,F_18_Creed_FR1_FED006FR1Concat.csv
86.0,F_18_Creed_FR1_FED006FR1Concat.csv
47.0,F_18_Creed_FR1_FED006FR1Concat.csv
427.0,F_18_Creed_FR1_FED006FR1Concat.csv
1513.0,F_18_Creed_FR1_FED006FR1Concat.csv
22.0,F_18_Creed_FR1_FED006FR1Concat.csv
51.0,F_18_Creed_FR1_FED006FR1Concat.csv
59.0,F_18_Creed_FR1_FED006FR1Concat.csv
141.0,F_18_Creed_FR1_FED006FR1Concat.csv
24.0,F_18_Creed_FR1_FED006FR1Concat.csv
2309.0,F_18_Creed_FR1_FED006FR1Concat.csv
40.0,F_18_Creed_FR1_FED006FR1Concat.csv
24.0,F_18_Creed_FR1_FED006FR1Concat.csv
31.0,F_18_Creed_FR1_FED006FR1Concat.csv
23.0,F_18_Creed_FR1_FED006FR1Concat.csv
19.0,F_18_Creed_FR1_FED006FR1Concat.csv
26.0,F_18_Creed_FR1_FED006FR1Concat.csv
14.0,F_18_Creed_FR1_FED006FR1Concat.csv
1609.0,F_18_Creed_FR1_FED006FR1Concat.csv
30.0,F_18_Creed_FR1_FED006FR1Concat.csv
28.0,F_18_Creed_FR1_FED006FR1Concat.csv
23.0,F_18_Creed_FR1_FED006FR1Concat.csv
2223.0,F_18_Creed_FR1_FED006FR1Concat.csv
42.0,F_18_Creed_FR1_FED006FR1Concat.csv
25.0,F_18_Creed_FR1_FED006FR1Concat.csv
29.0,F_18_Creed_FR1_FED006FR1Concat.csv
546.0,F_18_Creed_FR1_FED006FR1Concat.csv
25.0,F_18_Creed_FR1_FED006FR1Concat.csv
552.0,F_18_Creed_FR1_FED006FR1Concat.csv
23.0,F_18_Creed_FR1_FED006FR1Concat.csv
27.0,F_18_Creed_FR1_FED006FR1Concat.csv
1772.0,F_18_Creed_FR1_FED006FR1Concat.csv
565.0,F_18_Creed_FR1_FED006FR1Concat.csv
426.0,F_18_Creed_FR1_FED006FR1Concat.csv
23.0,F_18_Creed_FR1_FED006FR1Concat.csv
30.0,F_18_Creed_FR1_FED006FR1Concat.csv
24.0,F_18_Creed_FR1_FED006FR1Concat.csv
1773.0,F_18_Creed_FR1_FED006FR1Concat.csv
18.0,F_18_Creed_FR1_FED006FR1Concat.csv
19.0,F_18_Creed_FR1_FED006FR1Concat.csv
22.0,F_18_Creed_FR1_FED006FR1Concat.csv
1144.0,F_18_Creed_FR1_FED006FR1Concat.csv
15.0,F_18_Creed_FR1_FED006FR1Concat.csv
16.0,F_18_Creed_FR1_FED006FR1Concat.csv
16.0,F_18_Creed_FR1_FED006FR1Concat.csv
17.0,F_18_Creed_FR1_FED006FR1Concat.csv
736.0,F_18_Creed_FR1_FED006FR1Concat.csv
24.0,F_18_Creed_FR1_FED006FR1Concat.csv
373.0,F_18_Creed_FR1_FED006FR1Concat.csv
120.0,F_18_Creed_FR1_FED006FR1Concat.csv
24.0,F_18_Creed_FR1_FED006FR1Concat.csv
19.0,F_18_Creed_FR1_FED006FR1Concat.csv
858.0,F_18_Creed_FR1_FED006FR1Concat.csv
29.0,F_18_Creed_FR1_FED006FR1Concat.csv
487.0,F_18_Creed_FR1_FED006FR1Concat.csv
17.0,F_18_Creed_FR1_FED006FR1Concat.csv
127.0,F_18_Creed_FR1_FED006FR1Concat.csv
25.0,F_18_Creed_FR1_FED006FR1Concat.csv
2792.0,F_18_Creed_FR1_FED006FR1Concat.csv
1977.0,F_18_Creed_FR1_FED006FR1Concat.csv
32.0,F_18_Creed_FR1_FED006FR1Concat.csv
39.0,F_18_Creed_FR1_FED006FR1Concat.csv
551.0,F_18_Creed_FR1_FED006FR1Concat.csv
28.0,F_18_Creed_FR1_FED006FR1Concat.csv
26.0,F_18_Creed_FR1_FED006FR1Concat.csv
21.0,F_18_Creed_FR1_FED006FR1Concat.csv
29.0,F_18_Creed_FR1_FED006FR1Concat.csv
19.0,F_18_Creed_FR1_FED006FR1Concat.csv
17.0,F_18_Creed_FR1_FED006FR1Concat.csv
24.0,F_18_Creed_FR1_FED006FR1Concat.csv
4288.0,F_18_Creed_FR1_FED006FR1Concat.csv
38.0,F_18_Creed_FR1_FED006FR1Concat.csv
749.0,F_18_Creed_FR1_FED006FR1Concat.csv
18.0,F_18_Creed_FR1_FED006FR1Concat.csv
2638.0,F_18_Creed_FR1_FED006FR1Concat.csv
38.0,F_18_Creed_FR1_FED006FR1Concat.csv
27.0,F_18_Creed_FR1_FED006FR1Concat.csv
16.0,F_18_Creed_FR1_FED006FR1Concat.csv
16.0,F_18_Creed_FR1_FED006FR1Concat.csv
23.0,F_18_Creed_FR1_FED006FR1Concat.csv
18.0,F_18_Creed_FR1_FED006FR1Concat.csv
82.0,F_18_Creed_FR1_FED006FR1Concat.csv
2250.0,F_18_Creed_FR1_FED006FR1Concat.csv
474.0,F_18_Creed_FR1_FED006FR1Concat.csv
28.0,F_18_Creed_FR1_FED006FR1Concat.csv
1317.0,F_18_Creed_FR1_FED006FR1Concat.csv
35.0,F_18_Creed_FR1_FED006FR1Concat.csv
327.0,F_18_Creed_FR1_FED006FR1Concat.csv
747.0,F_18_Creed_FR1_FED006FR1Concat.csv
15.0,F_18_Creed_FR1_FED006FR1Concat.csv
20.0,F_18_Creed_FR1_FED006FR1Concat.csv
15.0,F_18_Creed_FR1_FED006FR1Concat.csv
797.0,F_18_Creed_FR1_FED006FR1Concat.csv
60.0,F_18_Creed_FR1_FED006FR1Concat.csv
15.0,F_18_Creed_FR1_FED006FR1Concat.csv
14.0,F_18_Creed_FR1_FED006FR1Concat.csv
1064.0,F_18_Creed_FR1_FED006FR1Concat.csv
317.0,F_18_Creed_FR1_FED006FR1Concat.csv
39.0,F_18_Creed_FR1_FED006FR1Concat.csv
6046.0,F_18_Creed_FR1_FED006FR1Concat.csv
2827.0,F_18_Creed_FR1_FED006FR1Concat.csv
24.0,F_18_Creed_FR1_FED006FR1Concat.csv
23.0,F_18_Creed_FR1_FED006FR1Concat.csv
21.0,F_18_Creed_FR1_FED006FR1Concat.csv
23.0,F_18_Creed_FR1_FED006FR1Concat.csv
26.0,F_18_Creed_FR1_FED006FR1Concat.csv
442.0,F_18_Creed_FR1_FED006FR1Concat.csv
103.0,F_18_Creed_FR1_FED006FR1Concat.csv
3980.0,F_18_Creed_FR1_FED006FR1Concat.csv
932.0,F_18_Creed_FR1_FED006FR1Concat.csv
1457.0,F_18_Creed_FR1_FED006FR1Concat.csv
30.0,F_18_Creed_FR1_FED006FR1Concat.csv
21.0,F_18_Creed_FR1_FED006FR1Concat.csv
77.0,F_18_Creed_FR1_FED006FR1Concat.csv
19.0,F_18_Creed_FR1_FED006FR1Concat.csv
24.0,F_18_Creed_FR1_FED006FR1Concat.csv
163.0,F_18_Creed_FR1_FED006FR1Concat.csv
21.0,F_18_Creed_FR1_FED006FR1Concat.csv
1594.0,F_18_Creed_FR1_FED006FR1Concat.csv
377.0,F_18_Creed_FR1_FED006FR1Concat.csv
1789.0,F_18_Creed_FR1_FED006FR1Concat.csv
267.0,F_18_Creed_FR1_FED006FR1Concat.csv
28.0,F_18_Creed_FR1_FED006FR1Concat.csv
3424.0,F_18_Creed_FR1_FED006FR1Concat.csv
27.0,F_18_Creed_FR1_FED006FR1Concat.csv
19.0,F_18_Creed_FR1_FED006FR1Concat.csv
27.0,F_18_Creed_FR1_FED006FR1Concat.csv
16.0,F_18_Creed_FR1_FED006FR1Concat.csv
38.0,F_18_Creed_FR1_FED006FR1Concat.csv
17.0,F_18_Creed_FR1_FED006FR1Concat.csv
1942.0,F_18_Creed_FR1_FED006FR1Concat.csv
19.0,F_18_Creed_FR1_FED006FR1Concat.csv
19.0,F_18_Creed_FR1_FED006FR1Concat.csv
18.0,F_18_Creed_FR1_FED006FR1Concat.csv
886.0,F_18_Creed_FR1_FED006FR1Concat.csv
902.0,F_18_Creed_FR1_FED006FR1Concat.csv
27.0,F_18_Creed_FR1_FED006FR1Concat.csv
17.0,F_18_Creed_FR1_FED006FR1Concat.csv
19.0,F_18_Creed_FR1_FED006FR1Concat.csv
19.0,F_18_Creed_FR1_FED006FR1Concat.csv
17.0,F_18_Creed_FR1_FED006FR1Concat.csv
1933.0,F_18_Creed_FR1_FED006FR1Concat.csv
17.0,F_18_Creed_FR1_FED006FR1Concat.csv
16.0,F_18_Creed_FR1_FED006FR1Concat.csv
17.0,F_18_Creed_FR1_FED006FR1Concat.csv
496.0,F_18_Creed_FR1_FED006FR1Concat.csv
192.0,M_19_Creed_FR1_FED002052023.CSV
13601.0,M_19_Creed_FR1_FED002052023.CSV
86.0,M_19_Creed_FR1_FED002052023.CSV
1543.0,M_19_Creed_FR1_FED002052023.CSV
518.0,M_19_Creed_FR1_FED002052023.CSV
121.0,M_19_Creed_FR1_FED002052023.CSV
71.0,M_19_Creed_FR1_FED002052023.CSV
202.0,M_19_Creed_FR1_FED002052023.CSV
63.0,M_19_Creed_FR1_FED002052023.CSV
44.0,M_19_Creed_FR1_FED002052023.CSV
78.0,M_19_Creed_FR1_FED002052023.CSV
33.0,M_19_Creed_FR1_FED002052023.CSV
24.0,M_19_Creed_FR1_FED002052023.CSV
27.0,M_19_Creed_FR1_FED002052023.CSV
47.0,M_19_Creed_FR1_FED002052023.CSV
27.0,M_19_Creed_FR1_FED002052023.CSV
54.0,M_19_Creed_FR1_FED002052023.CSV
35.0,M_19_Creed_FR1_FED002052023.CSV
115.0,M_19_Creed_FR1_FED002052023.CSV
174.0,M_19_Creed_FR1_FED002052023.CSV
694.0,M_19_Creed_FR1_FED002052023.CSV
24.0,M_19_Creed_FR1_FED002052023.CSV
27.0,M_19_Creed_FR1_FED002052023.CSV
23.0,M_19_Creed_FR1_FED002052023.CSV
58.0,M_19_Creed_FR1_FED002052023.CSV
19.0,M_19_Creed_FR1_FED002052023.CSV
16.0,M_19_Creed_FR1_FED002052023.CSV
37.0,M_19_Creed_FR1_FED002052023.CSV
26.0,M_19_Creed_FR1_FED002052023.CSV
24.0,M_19_Creed_FR1_FED002052023.CSV
28.0,M_19_Creed_FR1_FED002052023.CSV
1337.0,M_19_Creed_FR1_FED002052023.CSV
33.0,M_19_Creed_FR1_FED002052023.CSV
32.0,M_19_Creed_FR1_FED002052023.CSV
32.0,M_19_Creed_FR1_FED002052023.CSV
30.0,M_19_Creed_FR1_FED002052023.CSV
42.0,M_19_Creed_FR1_FED002052023.CSV
53.0,M_19_Creed_FR1_FED002052023.CSV
22.0,M_19_Creed_FR1_FED002052023.CSV
1138.0,M_19_Creed_FR1_FED002052023.CSV
463.0,M_19_Creed_FR1_FED002052023.CSV
627.0,M_19_Creed_FR1_FED002052023.CSV
32.0,M_19_Creed_FR1_FED002052023.CSV
56.0,M_19_Creed_FR1_FED002052023.CSV
129.0,M_19_Creed_FR1_FED002052023.CSV
556.0,M_19_Creed_FR1_FED002052023.CSV
22.0,M_19_Creed_FR1_FED002052023.CSV
22.0,M_19_Creed_FR1_FED002052023.CSV
19.0,M_19_Creed_FR1_FED002052023.CSV
19.0,M_19_Creed_FR1_FED002052023.CSV
22.0,M_19_Creed_FR1_FED002052023.CSV
16.0,M_19_Creed_FR1_FED002052023.CSV
14.0,M_19_Creed_FR1_FED002052023.CSV
35.0,M_19_Creed_FR1_FED002052023.CSV
31.0,M_19_Creed_FR1_FED002052023.CSV
13.0,M_19_Creed_FR1_FED002052023.CSV
19.0,M_19_Creed_FR1_FED002052023.CSV
233.0,M_19_Creed_FR1_FED002052023.CSV
1132.0,M_19_Creed_FR1_FED002052023.CSV
975.0,M_19_Creed_FR1_FED002052023.CSV
21.0,M_19_Creed_FR1_FED002052023.CSV
16.0,M_19_Creed_FR1_FED002052023.CSV
26.0,M_19_Creed_FR1_FED002052023.CSV
17.0,M_19_Creed_FR1_FED002052023.CSV
25.0,M_19_Creed_FR1_FED002052023.CSV
19.0,M_19_Creed_FR1_FED002052023.CSV
16.0,M_19_Creed_FR1_FED002052023.CSV
16.0,M_19_Creed_FR1_FED002052023.CSV
17.0,M_19_Creed_FR1_FED002052023.CSV
837.0,M_19_Creed_FR1_FED002052023.CSV
40.0,M_19_Creed_FR1_FED002052023.CSV
21.0,M_19_Creed_FR1_FED002052023.CSV
27.0,M_19_Creed_FR1_FED002052023.CSV
25.0,M_19_Creed_FR1_FED002052023.CSV
361.0,M_19_Creed_FR1_FED002052023.CSV
763.0,M_19_Creed_FR1_FED002052023.CSV
35.0,M_19_Creed_FR1_FED002052023.CSV
38.0,M_19_Creed_FR1_FED002052023.CSV
27.0,M_19_Creed_FR1_FED002052023.CSV
25.0,M_19_Creed_FR1_FED002052023.CSV
26.0,M_19_Creed_FR1_FED002052023.CSV
24.0,M_19_Creed_FR1_FED002052023.CSV
35.0,M_19_Creed_FR1_FED002052023.CSV
47.0,M_19_Creed_FR1_FED002052023.CSV
8301.0,M_19_Creed_FR1_FED002052023.CSV
36.0,M_19_Creed_FR1_FED002052023.CSV
65.0,M_19_Creed_FR1_FED002052023.CSV
38.0,M_19_Creed_FR1_FED002052023.CSV
30.0,M_19_Creed_FR1_FED002052023.CSV
31.0,M_19_Creed_FR1_FED002052023.CSV
39.0,M_19_Creed_FR1_FED002052023.CSV
28.0,M_19_Creed_FR1_FED002052023.CSV
28.0,M_19_Creed_FR1_FED002052023.CSV
1355.0,M_19_Creed_FR1_FED002052023.CSV
61.0,M_19_Creed_FR1_FED002052023.CSV
715.0,M_19_Creed_FR1_FED002052023.CSV
42.0,M_19_Creed_FR1_FED002052023.CSV
694.0,M_19_Creed_FR1_FED002052023.CSV
26.0,M_19_Creed_FR1_FED002052023.CSV
21.0,M_19_Creed_FR1_FED002052023.CSV
17.0,M_19_Creed_FR1_FED002052023.CSV
18.0,M_19_Creed_FR1_FED002052023.CSV
20.0,M_19_Creed_FR1_FED002052023.CSV
15.0,M_19_Creed_FR1_FED002052023.CSV
15.0,M_19_Creed_FR1_FED002052023.CSV
18.0,M_19_Creed_FR1_FED002052023.CSV
910.0,M_19_Creed_FR1_FED002052023.CSV
30.0,M_19_Creed_FR1_FED002052023.CSV
29.0,M_19_Creed_FR1_FED002052023.CSV
38.0,M_19_Creed_FR1_FED002052023.CSV
25.0,M_19_Creed_FR1_FED002052023.CSV
31.0,M_19_Creed_FR1_FED002052023.CSV
987.0,M_19_Creed_FR1_FED002052023.CSV
4039.0,M_19_Creed_FR1_FED002052023.CSV
95.0,M_19_Creed_FR1_FED002052023.CSV
48.0,M_19_Creed_FR1_FED002052023.CSV
26.0,M_19_Creed_FR1_FED002052023.CSV
28.0,M_19_Creed_FR1_FED002052023.CSV
102.0,M_19_Creed_FR1_FED002052023.CSV
16.0,M_19_Creed_FR1_FED002052023.CSV
26.0,M_19_Creed_FR1_FED002052023.CSV
15.0,M_19_Creed_FR1_FED002052023.CSV
66.0,M_19_Creed_FR1_FED002052023.CSV
386.0,M_19_Creed_FR1_FED002052023.CSV
28.0,M_19_Creed_FR1_FED002052023.CSV
23.0,M_19_Creed_FR1_FED002052023.CSV
60.0,M_19_Creed_FR1_FED002052023.CSV
227.0,M_19_Creed_FR1_FED002052023.CSV
27.0,M_19_Creed_FR1_FED002052023.CSV
27.0,M_19_Creed_FR1_FED002052023.CSV
24.0,M_19_Creed_FR1_FED002052023.CSV
5341.0,M_19_Creed_FR1_FED002052023.CSV
544.0,M_19_Creed_FR1_FED002052023.CSV
33.0,M_19_Creed_FR1_FED002052023.CSV
24.0,M_19_Creed_FR1_FED002052023.CSV
27.0,M_19_Creed_FR1_FED002052023.CSV
23.0,M_19_Creed_FR1_FED002052023.CSV
26.0,M_19_Creed_FR1_FED002052023.CSV
7036.0,M_19_Creed_FR1_FED002052023.CSV
21.0,M_19_Creed_FR1_FED002052023.CSV
203.0,M_19_Creed_FR1_FED002052023.CSV
25.0,M_19_Creed_FR1_FED002052023.CSV
22.0,M_19_Creed_FR1_FED002052023.CSV
5413.0,M_19_Creed_FR1_FED002052023.CSV
24.0,M_19_Creed_FR1_FED002052023.CSV
20.0,M_19_Creed_FR1_FED002052023.CSV
4566.0,M_19_Creed_FR1_FED002052023.CSV
33.0,M_19_Creed_FR1_FED002052023.CSV
5250.0,M_19_Creed_FR1_FED002052023.CSV
28.0,M_19_Creed_FR1_FED002052023.CSV
32.0,M_19_Creed_FR1_FED002052023.CSV
23.0,M_19_Creed_FR1_FED002052023.CSV
23.0,M_19_Creed_FR1_FED002052023.CSV
28.0,M_19_Creed_FR1_FED002052023.CSV
23.0,M_19_Creed_FR1_FED002052023.CSV
250.0,M_19_Creed_FR1_FED002052023.CSV
32.0,M_19_Creed_FR1_FED002052023.CSV
7262.0,M_19_Creed_FR1_FED002052023.CSV
26.0,M_19_Creed_FR1_FED002052023.CSV
41.0,M_19_Creed_FR1_FED002052023.CSV
465.0,M_19_Creed_FR1_FED002052023.CSV
586.0,M_19_Creed_FR1_FED002052023.CSV
32.0,M_19_Creed_FR1_FED002052023.CSV
1825.0,M_19_Creed_FR1_FED002052023.CSV
91.0,M_20_Creed_FR1_FED003030623Concat.csv
1601.0,M_20_Creed_FR1_FED003030623Concat.csv
164.0,M_20_Creed_FR1_FED003030623Concat.csv
252.0,M_20_Creed_FR1_FED003030623Concat.csv
117.0,M_20_Creed_FR1_FED003030623Concat.csv
45.0,M_20_Creed_FR1_FED003030623Concat.csv
76.0,M_20_Creed_FR1_FED003030623Concat.csv
57.0,M_20_Creed_FR1_FED003030623Concat.csv
1056.0,M_20_Creed_FR1_FED003030623Concat.csv
108.0,M_20_Creed_FR1_FED003030623Concat.csv
31.0,M_20_Creed_FR1_FED003030623Concat.csv
471.0,M_20_Creed_FR1_FED003030623Concat.csv
33.0,M_20_Creed_FR1_FED003030623Concat.csv
24.0,M_20_Creed_FR1_FED003030623Concat.csv
285.0,M_20_Creed_FR1_FED003030623Concat.csv
67.0,M_20_Creed_FR1_FED003030623Concat.csv
2551.0,M_20_Creed_FR1_FED003030623Concat.csv
338.0,M_20_Creed_FR1_FED003030623Concat.csv
44.0,M_20_Creed_FR1_FED003030623Concat.csv
23.0,M_20_Creed_FR1_FED003030623Concat.csv
50.0,M_20_Creed_FR1_FED003030623Concat.csv
822.0,M_20_Creed_FR1_FED003030623Concat.csv
1570.0,M_20_Creed_FR1_FED003030623Concat.csv
78.0,M_20_Creed_FR1_FED003030623Concat.csv
39.0,M_20_Creed_FR1_FED003030623Concat.csv
38.0,M_20_Creed_FR1_FED003030623Concat.csv
58.0,M_20_Creed_FR1_FED003030623Concat.csv
23.0,M_20_Creed_FR1_FED003030623Concat.csv
74.0,M_20_Creed_FR1_FED003030623Concat.csv
24.0,M_20_Creed_FR1_FED003030623Concat.csv
595.0,M_20_Creed_FR1_FED003030623Concat.csv
5970.0,M_20_Creed_FR1_FED003030623Concat.csv
77.0,M_20_Creed_FR1_FED003030623Concat.csv
41.0,M_20_Creed_FR1_FED003030623Concat.csv
15.0,M_20_Creed_FR1_FED003030623Concat.csv
41.0,M_20_Creed_FR1_FED003030623Concat.csv
41.0,M_20_Creed_FR1_FED003030623Concat.csv
45.0,M_20_Creed_FR1_FED003030623Concat.csv
28.0,M_20_Creed_FR1_FED003030623Concat.csv
31.0,M_20_Creed_FR1_FED003030623Concat.csv
21.0,M_20_Creed_FR1_FED003030623Concat.csv
24.0,M_20_Creed_FR1_FED003030623Concat.csv
21.0,M_20_Creed_FR1_FED003030623Concat.csv
45.0,M_20_Creed_FR1_FED003030623Concat.csv
30.0,M_20_Creed_FR1_FED003030623Concat.csv
22.0,M_20_Creed_FR1_FED003030623Concat.csv
26.0,M_20_Creed_FR1_FED003030623Concat.csv
560.0,M_20_Creed_FR1_FED003030623Concat.csv
599.0,M_20_Creed_FR1_FED003030623Concat.csv
658.0,M_20_Creed_FR1_FED003030623Concat.csv
26.0,M_20_Creed_FR1_FED003030623Concat.csv
951.0,M_20_Creed_FR1_FED003030623Concat.csv
22.0,M_20_Creed_FR1_FED003030623Concat.csv
30.0,M_20_Creed_FR1_FED003030623Concat.csv
19.0,M_20_Creed_FR1_FED003030623Concat.csv
16.0,M_20_Creed_FR1_FED003030623Concat.csv
18.0,M_20_Creed_FR1_FED003030623Concat.csv
35.0,M_20_Creed_FR1_FED003030623Concat.csv
17.0,M_20_Creed_FR1_FED003030623Concat.csv
230.0,M_20_Creed_FR1_FED003030623Concat.csv
23.0,M_20_Creed_FR1_FED003030623Concat.csv
917.0,M_20_Creed_FR1_FED003030623Concat.csv
23.0,M_20_Creed_FR1_FED003030623Concat.csv
16.0,M_20_Creed_FR1_FED003030623Concat.csv
20.0,M_20_Creed_FR1_FED003030623Concat.csv
159.0,M_20_Creed_FR1_FED003030623Concat.csv
65.0,M_20_Creed_FR1_FED003030623Concat.csv
1278.0,M_20_Creed_FR1_FED003030623Concat.csv
293.0,M_20_Creed_FR1_FED003030623Concat.csv
409.0,M_20_Creed_FR1_FED003030623Concat.csv
170.0,M_20_Creed_FR1_FED003030623Concat.csv
32.0,M_20_Creed_FR1_FED003030623Concat.csv
4057.0,M_20_Creed_FR1_FED003030623Concat.csv
48.0,M_20_Creed_FR1_FED003030623Concat.csv
19.0,M_20_Creed_FR1_FED003030623Concat.csv
438.0,M_20_Creed_FR1_FED003030623Concat.csv
29.0,M_20_Creed_FR1_FED003030623Concat.csv
32.0,M_20_Creed_FR1_FED003030623Concat.csv
33.0,M_20_Creed_FR1_FED003030623Concat.csv
33.0,M_20_Creed_FR1_FED003030623Concat.csv
24.0,M_20_Creed_FR1_FED003030623Concat.csv
43.0,M_20_Creed_FR1_FED003030623Concat.csv
21.0,M_20_Creed_FR1_FED003030623Concat.csv
26.0,M_20_Creed_FR1_FED003030623Concat.csv
26.0,M_20_Creed_FR1_FED003030623Concat.csv
5104.0,M_20_Creed_FR1_FED003030623Concat.csv
44.0,M_20_Creed_FR1_FED003030623Concat.csv
46.0,M_20_Creed_FR1_FED003030623Concat.csv
43.0,M_20_Creed_FR1_FED003030623Concat.csv
16.0,M_20_Creed_FR1_FED003030623Concat.csv
36.0,M_20_Creed_FR1_FED003030623Concat.csv
66.0,M_20_Creed_FR1_FED003030623Concat.csv
28.0,M_20_Creed_FR1_FED003030623Concat.csv
48.0,M_20_Creed_FR1_FED003030623Concat.csv
91.0,M_20_Creed_FR1_FED003030623Concat.csv
624.0,M_20_Creed_FR1_FED003030623Concat.csv
80.0,M_20_Creed_FR1_FED003030623Concat.csv
792.0,M_20_Creed_FR1_FED003030623Concat.csv
334.0,M_20_Creed_FR1_FED003030623Concat.csv
23.0,M_20_Creed_FR1_FED003030623Concat.csv
34.0,M_20_Creed_FR1_FED003030623Concat.csv
26.0,M_20_Creed_FR1_FED003030623Concat.csv
21.0,M_20_Creed_FR1_FED003030623Concat.csv
773.0,M_20_Creed_FR1_FED003030623Concat.csv
40.0,M_20_Creed_FR1_FED003030623Concat.csv
26.0,M_20_Creed_FR1_FED003030623Concat.csv
23.0,M_20_Creed_FR1_FED003030623Concat.csv
18.0,M_20_Creed_FR1_FED003030623Concat.csv
19.0,M_20_Creed_FR1_FED003030623Concat.csv
230.0,M_20_Creed_FR1_FED003030623Concat.csv
1584.0,M_20_Creed_FR1_FED003030623Concat.csv
285.0,M_20_Creed_FR1_FED003030623Concat.csv
175.0,M_20_Creed_FR1_FED003030623Concat.csv
5088.0,M_20_Creed_FR1_FED003030623Concat.csv
48.0,M_20_Creed_FR1_FED003030623Concat.csv
74.0,M_20_Creed_FR1_FED003030623Concat.csv
53.0,M_20_Creed_FR1_FED003030623Concat.csv
26.0,M_20_Creed_FR1_FED003030623Concat.csv
26.0,M_20_Creed_FR1_FED003030623Concat.csv
24.0,M_20_Creed_FR1_FED003030623Concat.csv
23.0,M_20_Creed_FR1_FED003030623Concat.csv
25.0,M_20_Creed_FR1_FED003030623Concat.csv
17.0,M_20_Creed_FR1_FED003030623Concat.csv
33.0,M_20_Creed_FR1_FED003030623Concat.csv
22.0,M_20_Creed_FR1_FED003030623Concat.csv
24.0,M_20_Creed_FR1_FED003030623Concat.csv
34.0,M_20_Creed_FR1_FED003030623Concat.csv
23.0,M_20_Creed_FR1_FED003030623Concat.csv
4604.0,M_20_Creed_FR1_FED003030623Concat.csv
24.0,M_20_Creed_FR1_FED003030623Concat.csv
38.0,M_20_Creed_FR1_FED003030623Concat.csv
28.0,M_20_Creed_FR1_FED003030623Concat.csv
18.0,M_20_Creed_FR1_FED003030623Concat.csv
28.0,M_20_Creed_FR1_FED003030623Concat.csv
22.0,M_20_Creed_FR1_FED003030623Concat.csv
29.0,M_20_Creed_FR1_FED003030623Concat.csv
15.0,M_20_Creed_FR1_FED003030623Concat.csv
466.0,M_20_Creed_FR1_FED003030623Concat.csv
948.0,M_20_Creed_FR1_FED003030623Concat.csv
30.0,M_20_Creed_FR1_FED003030623Concat.csv
74.0,M_20_Creed_FR1_FED003030623Concat.csv
27.0,M_20_Creed_FR1_FED003030623Concat.csv
6206.0,M_20_Creed_FR1_FED003030623Concat.csv
296.0,M_20_Creed_FR1_FED003030623Concat.csv
29.0,M_20_Creed_FR1_FED003030623Concat.csv
24.0,M_20_Creed_FR1_FED003030623Concat.csv
21.0,M_20_Creed_FR1_FED003030623Concat.csv
32.0,M_20_Creed_FR1_FED003030623Concat.csv
23.0,M_20_Creed_FR1_FED003030623Concat.csv
15.0,M_20_Creed_FR1_FED003030623Concat.csv
427.0,M_20_Creed_FR1_FED003030623Concat.csv
9257.0,M_20_Creed_FR1_FED003030623Concat.csv
40.0,M_20_Creed_FR1_FED003030623Concat.csv
21.0,M_20_Creed_FR1_FED003030623Concat.csv
34.0,M_20_Creed_FR1_FED003030623Concat.csv
23.0,M_20_Creed_FR1_FED003030623Concat.csv
26.0,M_20_Creed_FR1_FED003030623Concat.csv
25.0,M_20_Creed_FR1_FED003030623Concat.csv
30.0,M_20_Creed_FR1_FED003030623Concat.csv
18.0,M_20_Creed_FR1_FED003030623Concat.csv
6862.0,M_20_Creed_FR1_FED003030623Concat.csv
69.0,M_20_Creed_FR1_FED003030623Concat.csv
32.0,M_20_Creed_FR1_FED003030623Concat.csv
521.0,M_20_Creed_FR1_FED003030623Concat.csv
2734.0,M_20_Creed_FR1_FED003030623Concat.csv
314.0,M_20_Creed_FR1_FED003030623Concat.csv
1221.0,M_20_Creed_FR1_FED003030623Concat.csv
122.0,M_20_Creed_FR1_FED003030623Concat.csv
44.0,M_20_Creed_FR1_FED003030623Concat.csv
33.0,M_20_Creed_FR1_FED003030623Concat.csv
25.0,M_20_Creed_FR1_FED003030623Concat.csv
3896.0,M_20_Creed_FR1_FED003030623Concat.csv
26.0,M_20_Creed_FR1_FED003030623Concat.csv
28.0,M_20_Creed_FR1_FED003030623Concat.csv
24.0,M_20_Creed_FR1_FED003030623Concat.csv
19.0,M_20_Creed_FR1_FED003030623Concat.csv
21.0,M_20_Creed_FR1_FED003030623Concat.csv
20.0,M_20_Creed_FR1_FED003030623Concat.csv
34.0,M_20_Creed_FR1_FED003030623Concat.csv
15.0,M_20_Creed_FR1_FED003030623Concat.csv
30.0,M_20_Creed_FR1_FED003030623Concat.csv
19.0,M_20_Creed_FR1_FED003030623Concat.csv
23.0,M_20_Creed_FR1_FED003030623Concat.csv
14.0,M_20_Creed_FR1_FED003030623Concat.csv
8827.0,M_22_Creed_FR1_FED004030623.CSV
658.0,M_22_Creed_FR1_FED004030623.CSV
58.0,M_22_Creed_FR1_FED004030623.CSV
55.0,M_22_Creed_FR1_FED004030623.CSV
117.0,M_22_Creed_FR1_FED004030623.CSV
44.0,M_22_Creed_FR1_FED004030623.CSV
37.0,M_22_Creed_FR1_FED004030623.CSV
165.0,M_22_Creed_FR1_FED004030623.CSV
172.0,M_22_Creed_FR1_FED004030623.CSV
74.0,M_22_Creed_FR1_FED004030623.CSV
149.0,M_22_Creed_FR1_FED004030623.CSV
350.0,M_22_Creed_FR1_FED004030623.CSV
49.0,M_22_Creed_FR1_FED004030623.CSV
315.0,M_22_Creed_FR1_FED004030623.CSV
139.0,M_22_Creed_FR1_FED004030623.CSV
682.0,M_22_Creed_FR1_FED004030623.CSV
355.0,M_22_Creed_FR1_FED004030623.CSV
186.0,M_22_Creed_FR1_FED004030623.CSV
138.0,M_22_Creed_FR1_FED004030623.CSV
306.0,M_22_Creed_FR1_FED004030623.CSV
33.0,M_22_Creed_FR1_FED004030623.CSV
78.0,M_22_Creed_FR1_FED004030623.CSV
109.0,M_22_Creed_FR1_FED004030623.CSV
115.0,M_22_Creed_FR1_FED004030623.CSV
228.0,M_22_Creed_FR1_FED004030623.CSV
56.0,M_22_Creed_FR1_FED004030623.CSV
113.0,M_22_Creed_FR1_FED004030623.CSV
61.0,M_22_Creed_FR1_FED004030623.CSV
67.0,M_22_Creed_FR1_FED004030623.CSV
201.0,M_22_Creed_FR1_FED004030623.CSV
326.0,M_22_Creed_FR1_FED004030623.CSV
90.0,M_22_Creed_FR1_FED004030623.CSV
281.0,M_22_Creed_FR1_FED004030623.CSV
104.0,M_22_Creed_FR1_FED004030623.CSV
50.0,M_22_Creed_FR1_FED004030623.CSV
49.0,M_22_Creed_FR1_FED004030623.CSV
356.0,M_22_Creed_FR1_FED004030623.CSV
42.0,M_22_Creed_FR1_FED004030623.CSV
66.0,M_22_Creed_FR1_FED004030623.CSV
106.0,M_22_Creed_FR1_FED004030623.CSV
29.0,M_22_Creed_FR1_FED004030623.CSV
63.0,M_22_Creed_FR1_FED004030623.CSV
105.0,M_22_Creed_FR1_FED004030623.CSV
36.0,M_22_Creed_FR1_FED004030623.CSV
156.0,M_22_Creed_FR1_FED004030623.CSV
142.0,M_22_Creed_FR1_FED004030623.CSV
87.0,M_22_Creed_FR1_FED004030623.CSV
30.0,M_22_Creed_FR1_FED004030623.CSV
56.0,M_22_Creed_FR1_FED004030623.CSV
313.0,M_22_Creed_FR1_FED004030623.CSV
392.0,M_22_Creed_FR1_FED004030623.CSV
89.0,M_22_Creed_FR1_FED004030623.CSV
31.0,M_22_Creed_FR1_FED004030623.CSV
204.0,M_22_Creed_FR1_FED004030623.CSV
163.0,M_22_Creed_FR1_FED004030623.CSV
32.0,M_22_Creed_FR1_FED004030623.CSV
840.0,M_22_Creed_FR1_FED004030623.CSV
29.0,M_22_Creed_FR1_FED004030623.CSV
119.0,M_22_Creed_FR1_FED004030623.CSV
27.0,M_22_Creed_FR1_FED004030623.CSV
49.0,M_22_Creed_FR1_FED004030623.CSV
194.0,M_22_Creed_FR1_FED004030623.CSV
61.0,M_22_Creed_FR1_FED004030623.CSV
121.0,M_22_Creed_FR1_FED004030623.CSV
43.0,M_22_Creed_FR1_FED004030623.CSV
86.0,M_22_Creed_FR1_FED004030623.CSV
611.0,M_22_Creed_FR1_FED004030623.CSV
163.0,M_22_Creed_FR1_FED004030623.CSV
264.0,M_22_Creed_FR1_FED004030623.CSV
235.0,M_22_Creed_FR1_FED004030623.CSV
980.0,M_22_Creed_FR1_FED004030623.CSV
98.0,M_22_Creed_FR1_FED004030623.CSV
2586.0,M_22_Creed_FR1_FED004030623.CSV
217.0,M_22_Creed_FR1_FED004030623.CSV
199.0,M_22_Creed_FR1_FED004030623.CSV
163.0,M_22_Creed_FR1_FED004030623.CSV
249.0,M_22_Creed_FR1_FED004030623.CSV
44.0,M_22_Creed_FR1_FED004030623.CSV
117.0,M_22_Creed_FR1_FED004030623.CSV
45.0,M_22_Creed_FR1_FED004030623.CSV
23.0,M_22_Creed_FR1_FED004030623.CSV
31.0,M_22_Creed_FR1_FED004030623.CSV
31.0,M_22_Creed_FR1_FED004030623.CSV
27.0,M_22_Creed_FR1_FED004030623.CSV
32.0,M_22_Creed_FR1_FED004030623.CSV
30.0,M_22_Creed_FR1_FED004030623.CSV
147.0,M_22_Creed_FR1_FED004030623.CSV
710.0,M_22_Creed_FR1_FED004030623.CSV
24.0,M_22_Creed_FR1_FED004030623.CSV
20.0,M_22_Creed_FR1_FED004030623.CSV
21.0,M_22_Creed_FR1_FED004030623.CSV
346.0,M_22_Creed_FR1_FED004030623.CSV
580.0,M_22_Creed_FR1_FED004030623.CSV
71.0,M_22_Creed_FR1_FED004030623.CSV
32.0,M_22_Creed_FR1_FED004030623.CSV
22.0,M_22_Creed_FR1_FED004030623.CSV
25.0,M_22_Creed_FR1_FED004030623.CSV
33.0,M_22_Creed_FR1_FED004030623.CSV
19.0,M_22_Creed_FR1_FED004030623.CSV
35.0,M_22_Creed_FR1_FED004030623.CSV
701.0,M_22_Creed_FR1_FED004030623.CSV
29.0,M_22_Creed_FR1_FED004030623.CSV
37.0,M_22_Creed_FR1_FED004030623.CSV
20.0,M_22_Creed_FR1_FED004030623.CSV
896.0,M_22_Creed_FR1_FED004030623.CSV
34.0,M_22_Creed_FR1_FED004030623.CSV
37.0,M_22_Creed_FR1_FED004030623.CSV
65.0,M_22_Creed_FR1_FED004030623.CSV
616.0,M_22_Creed_FR1_FED004030623.CSV
308.0,M_22_Creed_FR1_FED004030623.CSV
186.0,M_22_Creed_FR1_FED004030623.CSV
30.0,M_22_Creed_FR1_FED004030623.CSV
1094.0,M_22_Creed_FR1_FED004030623.CSV
17.0,M_22_Creed_FR1_FED004030623.CSV
18.0,M_22_Creed_FR1_FED004030623.CSV
31.0,M_22_Creed_FR1_FED004030623.CSV
35.0,M_22_Creed_FR1_FED004030623.CSV
638.0,M_22_Creed_FR1_FED004030623.CSV
573.0,M_22_Creed_FR1_FED004030623.CSV
20.0,M_22_Creed_FR1_FED004030623.CSV
499.0,M_22_Creed_FR1_FED004030623.CSV
28.0,M_22_Creed_FR1_FED004030623.CSV
6045.0,M_22_Creed_FR1_FED004030623.CSV
41.0,M_22_Creed_FR1_FED004030623.CSV
322.0,M_22_Creed_FR1_FED004030623.CSV
18.0,M_22_Creed_FR1_FED004030623.CSV
16.0,M_22_Creed_FR1_FED004030623.CSV
24.0,M_22_Creed_FR1_FED004030623.CSV
20.0,M_22_Creed_FR1_FED004030623.CSV
24.0,M_22_Creed_FR1_FED004030623.CSV
19.0,M_22_Creed_FR1_FED004030623.CSV
121.0,M_22_Creed_FR1_FED004030623.CSV
163.0,M_22_Creed_FR1_FED004030623.CSV
634.0,M_22_Creed_FR1_FED004030623.CSV
37.0,M_22_Creed_FR1_FED004030623.CSV
20.0,M_22_Creed_FR1_FED004030623.CSV
29.0,M_22_Creed_FR1_FED004030623.CSV
18.0,M_22_Creed_FR1_FED004030623.CSV
25.0,M_22_Creed_FR1_FED004030623.CSV
1413.0,M_22_Creed_FR1_FED004030623.CSV
40.0,M_22_Creed_FR1_FED004030623.CSV
25.0,M_22_Creed_FR1_FED004030623.CSV
27.0,M_22_Creed_FR1_FED004030623.CSV
28.0,M_22_Creed_FR1_FED004030623.CSV
26.0,M_22_Creed_FR1_FED004030623.CSV
31.0,M_22_Creed_FR1_FED004030623.CSV
36.0,M_22_Creed_FR1_FED004030623.CSV
4671.0,M_22_Creed_FR1_FED004030623.CSV
132.0,M_22_Creed_FR1_FED004030623.CSV
17.0,M_22_Creed_FR1_FED004030623.CSV
17.0,M_22_Creed_FR1_FED004030623.CSV
25.0,M_22_Creed_FR1_FED004030623.CSV
28.0,M_22_Creed_FR1_FED004030623.CSV
280.0,M_22_Creed_FR1_FED004030623.CSV
366.0,M_22_Creed_FR1_FED004030623.CSV
19.0,M_22_Creed_FR1_FED004030623.CSV
24.0,M_22_Creed_FR1_FED004030623.CSV
26.0,M_22_Creed_FR1_FED004030623.CSV
1149.0,M_22_Creed_FR1_FED004030623.CSV
28.0,M_22_Creed_FR1_FED004030623.CSV
25.0,M_22_Creed_FR1_FED004030623.CSV
26.0,M_22_Creed_FR1_FED004030623.CSV
21.0,M_22_Creed_FR1_FED004030623.CSV
27.0,M_22_Creed_FR1_FED004030623.CSV
22.0,M_22_Creed_FR1_FED004030623.CSV
22.0,M_22_Creed_FR1_FED004030623.CSV
25.0,M_22_Creed_FR1_FED004030623.CSV
1334.0,M_22_Creed_FR1_FED004030623.CSV
33.0,M_22_Creed_FR1_FED004030623.CSV
4683.0,M_22_Creed_FR1_FED004030623.CSV
216.0,M_22_Creed_FR1_FED004030623.CSV
376.0,M_22_Creed_FR1_FED004030623.CSV
23.0,M_22_Creed_FR1_FED004030623.CSV
6838.0,M_22_Creed_FR1_FED004030623.CSV
27.0,M_22_Creed_FR1_FED004030623.CSV
23.0,M_22_Creed_FR1_FED004030623.CSV
43.0,M_22_Creed_FR1_FED004030623.CSV
26.0,M_22_Creed_FR1_FED004030623.CSV
20.0,M_22_Creed_FR1_FED004030623.CSV
44.0,M_22_Creed_FR1_FED004030623.CSV
21.0,M_22_Creed_FR1_FED004030623.CSV
84.0,M_22_Creed_FR1_FED004030623.CSV
4744.0,M_22_Creed_FR1_FED004030623.CSV
421.0,M_22_Creed_FR1_FED004030623.CSV
307.0,M_22_Creed_FR1_FED004030623.CSV
38.0,M_22_Creed_FR1_FED004030623.CSV
32.0,M_22_Creed_FR1_FED004030623.CSV
5819.0,M_22_Creed_FR1_FED004030623.CSV
202.0,M_22_Creed_FR1_FED004030623.CSV
514.0,M_22_Creed_FR1_FED004030623.CSV
38.0,M_22_Creed_FR1_FED004030623.CSV
30.0,M_22_Creed_FR1_FED004030623.CSV
19.0,M_22_Creed_FR1_FED004030623.CSV
33.0,M_22_Creed_FR1_FED004030623.CSV
24.0,M_22_Creed_FR1_FED004030623.CSV
460.0,M_22_Creed_FR1_FED004030623.CSV
7375.0,M_22_Creed_FR1_FED004030623.CSV
67.0,M_22_Creed_FR1_FED004030623.CSV
493.0,M_22_Creed_FR1_FED004030623.CSV
33.0,M_22_Creed_FR1_FED004030623.CSV
831.0,M_22_Creed_FR1_FED004030623.CSV
110.0,M_21_Creed_FR1_FED003052023.CSV
319.0,M_21_Creed_FR1_FED003052023.CSV
484.0,M_21_Creed_FR1_FED003052023.CSV
1564.0,M_21_Creed_FR1_FED003052023.CSV
333.0,M_21_Creed_FR1_FED003052023.CSV
38.0,M_21_Creed_FR1_FED003052023.CSV
181.0,M_21_Creed_FR1_FED003052023.CSV
165.0,M_21_Creed_FR1_FED003052023.CSV
150.0,M_21_Creed_FR1_FED003052023.CSV
669.0,M_21_Creed_FR1_FED003052023.CSV
68.0,M_21_Creed_FR1_FED003052023.CSV
125.0,M_21_Creed_FR1_FED003052023.CSV
40.0,M_21_Creed_FR1_FED003052023.CSV
107.0,M_21_Creed_FR1_FED003052023.CSV
92.0,M_21_Creed_FR1_FED003052023.CSV
28.0,M_21_Creed_FR1_FED003052023.CSV
95.0,M_21_Creed_FR1_FED003052023.CSV
117.0,M_21_Creed_FR1_FED003052023.CSV
112.0,M_21_Creed_FR1_FED003052023.CSV
47.0,M_21_Creed_FR1_FED003052023.CSV
670.0,M_21_Creed_FR1_FED003052023.CSV
41.0,M_21_Creed_FR1_FED003052023.CSV
58.0,M_21_Creed_FR1_FED003052023.CSV
72.0,M_21_Creed_FR1_FED003052023.CSV
14.0,M_21_Creed_FR1_FED003052023.CSV
91.0,M_21_Creed_FR1_FED003052023.CSV
23.0,M_21_Creed_FR1_FED003052023.CSV
25.0,M_21_Creed_FR1_FED003052023.CSV
24.0,M_21_Creed_FR1_FED003052023.CSV
76.0,M_21_Creed_FR1_FED003052023.CSV
249.0,M_21_Creed_FR1_FED003052023.CSV
47.0,M_21_Creed_FR1_FED003052023.CSV
290.0,M_21_Creed_FR1_FED003052023.CSV
210.0,M_21_Creed_FR1_FED003052023.CSV
52.0,M_21_Creed_FR1_FED003052023.CSV
378.0,M_21_Creed_FR1_FED003052023.CSV
202.0,M_21_Creed_FR1_FED003052023.CSV
299.0,M_21_Creed_FR1_FED003052023.CSV
62.0,M_21_Creed_FR1_FED003052023.CSV
27.0,M_21_Creed_FR1_FED003052023.CSV
217.0,M_21_Creed_FR1_FED003052023.CSV
34.0,M_21_Creed_FR1_FED003052023.CSV
29.0,M_21_Creed_FR1_FED003052023.CSV
86.0,M_21_Creed_FR1_FED003052023.CSV
28.0,M_21_Creed_FR1_FED003052023.CSV
30.0,M_21_Creed_FR1_FED003052023.CSV
152.0,M_21_Creed_FR1_FED003052023.CSV
253.0,M_21_Creed_FR1_FED003052023.CSV
54.0,M_21_Creed_FR1_FED003052023.CSV
153.0,M_21_Creed_FR1_FED003052023.CSV
98.0,M_21_Creed_FR1_FED003052023.CSV
128.0,M_21_Creed_FR1_FED003052023.CSV
143.0,M_21_Creed_FR1_FED003052023.CSV
1011.0,M_21_Creed_FR1_FED003052023.CSV
28.0,M_21_Creed_FR1_FED003052023.CSV
69.0,M_21_Creed_FR1_FED003052023.CSV
31.0,M_21_Creed_FR1_FED003052023.CSV
58.0,M_21_Creed_FR1_FED003052023.CSV
59.0,M_21_Creed_FR1_FED003052023.CSV
37.0,M_21_Creed_FR1_FED003052023.CSV
57.0,M_21_Creed_FR1_FED003052023.CSV
269.0,M_21_Creed_FR1_FED003052023.CSV
604.0,M_21_Creed_FR1_FED003052023.CSV
444.0,M_21_Creed_FR1_FED003052023.CSV
44.0,M_21_Creed_FR1_FED003052023.CSV
43.0,M_21_Creed_FR1_FED003052023.CSV
75.0,M_21_Creed_FR1_FED003052023.CSV
52.0,M_21_Creed_FR1_FED003052023.CSV
2021.0,M_21_Creed_FR1_FED003052023.CSV
461.0,M_21_Creed_FR1_FED003052023.CSV
66.0,M_21_Creed_FR1_FED003052023.CSV
80.0,M_21_Creed_FR1_FED003052023.CSV
64.0,M_21_Creed_FR1_FED003052023.CSV
459.0,M_21_Creed_FR1_FED003052023.CSV
59.0,M_21_Creed_FR1_FED003052023.CSV
71.0,M_21_Creed_FR1_FED003052023.CSV
121.0,M_21_Creed_FR1_FED003052023.CSV
468.0,M_21_Creed_FR1_FED003052023.CSV
71.0,M_21_Creed_FR1_FED003052023.CSV
76.0,M_21_Creed_FR1_FED003052023.CSV
37.0,M_21_Creed_FR1_FED003052023.CSV
30.0,M_21_Creed_FR1_FED003052023.CSV
57.0,M_21_Creed_FR1_FED003052023.CSV
370.0,M_21_Creed_FR1_FED003052023.CSV
2165.0,M_21_Creed_FR1_FED003052023.CSV
66.0,M_21_Creed_FR1_FED003052023.CSV
314.0,M_21_Creed_FR1_FED003052023.CSV
1573.0,M_21_Creed_FR1_FED003052023.CSV
174.0,M_21_Creed_FR1_FED003052023.CSV
58.0,M_21_Creed_FR1_FED003052023.CSV
175.0,M_21_Creed_FR1_FED003052023.CSV
182.0,M_21_Creed_FR1_FED003052023.CSV
2279.0,M_21_Creed_FR1_FED003052023.CSV
944.0,M_21_Creed_FR1_FED003052023.CSV
61.0,M_21_Creed_FR1_FED003052023.CSV
375.0,M_21_Creed_FR1_FED003052023.CSV
34.0,M_21_Creed_FR1_FED003052023.CSV
49.0,M_21_Creed_FR1_FED003052023.CSV
336.0,M_21_Creed_FR1_FED003052023.CSV
35.0,M_21_Creed_FR1_FED003052023.CSV
64.0,M_21_Creed_FR1_FED003052023.CSV
37.0,M_21_Creed_FR1_FED003052023.CSV
315.0,M_21_Creed_FR1_FED003052023.CSV
41.0,M_21_Creed_FR1_FED003052023.CSV
86.0,M_21_Creed_FR1_FED003052023.CSV
114.0,M_21_Creed_FR1_FED003052023.CSV
42.0,M_21_Creed_FR1_FED003052023.CSV
148.0,M_21_Creed_FR1_FED003052023.CSV
39.0,M_21_Creed_FR1_FED003052023.CSV
88.0,M_21_Creed_FR1_FED003052023.CSV
767.0,M_21_Creed_FR1_FED003052023.CSV
45.0,M_21_Creed_FR1_FED003052023.CSV
292.0,M_21_Creed_FR1_FED003052023.CSV
3632.0,M_21_Creed_FR1_FED003052023.CSV
57.0,M_21_Creed_FR1_FED003052023.CSV
391.0,M_21_Creed_FR1_FED003052023.CSV
62.0,M_21_Creed_FR1_FED003052023.CSV
58.0,M_21_Creed_FR1_FED003052023.CSV
69.0,M_21_Creed_FR1_FED003052023.CSV
23.0,M_21_Creed_FR1_FED003052023.CSV
52.0,M_21_Creed_FR1_FED003052023.CSV
70.0,M_21_Creed_FR1_FED003052023.CSV
32.0,M_21_Creed_FR1_FED003052023.CSV
325.0,M_21_Creed_FR1_FED003052023.CSV
6432.0,M_21_Creed_FR1_FED003052023.CSV
119.0,M_21_Creed_FR1_FED003052023.CSV
68.0,M_21_Creed_FR1_FED003052023.CSV
191.0,M_21_Creed_FR1_FED003052023.CSV
859.0,M_21_Creed_FR1_FED003052023.CSV
3326.0,M_21_Creed_FR1_FED003052023.CSV
67.0,M_21_Creed_FR1_FED003052023.CSV
89.0,M_21_Creed_FR1_FED003052023.CSV
3630.0,M_21_Creed_FR1_FED003052023.CSV
66.0,M_21_Creed_FR1_FED003052023.CSV
5914.0,M_21_Creed_FR1_FED003052023.CSV
91.0,M_21_Creed_FR1_FED003052023.CSV
290.0,M_21_Creed_FR1_FED003052023.CSV
240.0,M_21_Creed_FR1_FED003052023.CSV
31.0,M_21_Creed_FR1_FED003052023.CSV
5673.0,M_21_Creed_FR1_FED003052023.CSV
3781.0,M_21_Creed_FR1_FED003052023.CSV
127.0,M_21_Creed_FR1_FED003052023.CSV
73.0,M_21_Creed_FR1_FED003052023.CSV
1143.0,M_21_Creed_FR1_FED003052023.CSV
72.0,M_21_Creed_FR1_FED003052023.CSV
415.0,M_21_Creed_FR1_FED003052023.CSV
3677.0,M_21_Creed_FR1_FED003052023.CSV
71.0,M_21_Creed_FR1_FED003052023.CSV
47.0,M_21_Creed_FR1_FED003052023.CSV
1510.0,M_21_Creed_FR1_FED003052023.CSV
3395.0,M_21_Creed_FR1_FED003052023.CSV
52.0,M_21_Creed_FR1_FED003052023.CSV
698.0,M_21_Creed_FR1_FED003052023.CSV
27.0,M_21_Creed_FR1_FED003052023.CSV
19.0,M_21_Creed_FR1_FED003052023.CSV
47.0,M_21_Creed_FR1_FED003052023.CSV
166.0,M_21_Creed_FR1_FED003052023.CSV
21.0,M_21_Creed_FR1_FED003052023.CSV
57.0,M_21_Creed_FR1_FED003052023.CSV
246.0,M_21_Creed_FR1_FED003052023.CSV
357.0,M_23_Creed_FR1_FED005030823Concat.csv
432.0,M_23_Creed_FR1_FED005030823Concat.csv
363.0,M_23_Creed_FR1_FED005030823Concat.csv
1014.0,M_23_Creed_FR1_FED005030823Concat.csv
122.0,M_23_Creed_FR1_FED005030823Concat.csv
441.0,M_23_Creed_FR1_FED005030823Concat.csv
522.0,M_23_Creed_FR1_FED005030823Concat.csv
24.0,M_23_Creed_FR1_FED005030823Concat.csv
63.0,M_23_Creed_FR1_FED005030823Concat.csv
26.0,M_23_Creed_FR1_FED005030823Concat.csv
27.0,M_23_Creed_FR1_FED005030823Concat.csv
18.0,M_23_Creed_FR1_FED005030823Concat.csv
29.0,M_23_Creed_FR1_FED005030823Concat.csv
36.0,M_23_Creed_FR1_FED005030823Concat.csv
587.0,M_23_Creed_FR1_FED005030823Concat.csv
2229.0,M_23_Creed_FR1_FED005030823Concat.csv
52.0,M_23_Creed_FR1_FED005030823Concat.csv
37.0,M_23_Creed_FR1_FED005030823Concat.csv
33.0,M_23_Creed_FR1_FED005030823Concat.csv
24.0,M_23_Creed_FR1_FED005030823Concat.csv
33.0,M_23_Creed_FR1_FED005030823Concat.csv
53.0,M_23_Creed_FR1_FED005030823Concat.csv
254.0,M_23_Creed_FR1_FED005030823Concat.csv
2706.0,M_23_Creed_FR1_FED005030823Concat.csv
52.0,M_23_Creed_FR1_FED005030823Concat.csv
243.0,M_23_Creed_FR1_FED005030823Concat.csv
56.0,M_23_Creed_FR1_FED005030823Concat.csv
49.0,M_23_Creed_FR1_FED005030823Concat.csv
289.0,M_23_Creed_FR1_FED005030823Concat.csv
23.0,M_23_Creed_FR1_FED005030823Concat.csv
16.0,M_23_Creed_FR1_FED005030823Concat.csv
37.0,M_23_Creed_FR1_FED005030823Concat.csv
54.0,M_23_Creed_FR1_FED005030823Concat.csv
1294.0,M_23_Creed_FR1_FED005030823Concat.csv
59.0,M_23_Creed_FR1_FED005030823Concat.csv
29.0,M_23_Creed_FR1_FED005030823Concat.csv
557.0,M_23_Creed_FR1_FED005030823Concat.csv
26.0,M_23_Creed_FR1_FED005030823Concat.csv
21.0,M_23_Creed_FR1_FED005030823Concat.csv
20.0,M_23_Creed_FR1_FED005030823Concat.csv
41.0,M_23_Creed_FR1_FED005030823Concat.csv
38.0,M_23_Creed_FR1_FED005030823Concat.csv
28.0,M_23_Creed_FR1_FED005030823Concat.csv
754.0,M_23_Creed_FR1_FED005030823Concat.csv
518.0,M_23_Creed_FR1_FED005030823Concat.csv
22.0,M_23_Creed_FR1_FED005030823Concat.csv
888.0,M_23_Creed_FR1_FED005030823Concat.csv
27.0,M_23_Creed_FR1_FED005030823Concat.csv
23.0,M_23_Creed_FR1_FED005030823Concat.csv
26.0,M_23_Creed_FR1_FED005030823Concat.csv
24.0,M_23_Creed_FR1_FED005030823Concat.csv
20.0,M_23_Creed_FR1_FED005030823Concat.csv
45.0,M_23_Creed_FR1_FED005030823Concat.csv
59.0,M_23_Creed_FR1_FED005030823Concat.csv
135.0,M_23_Creed_FR1_FED005030823Concat.csv
22.0,M_23_Creed_FR1_FED005030823Concat.csv
36.0,M_23_Creed_FR1_FED005030823Concat.csv
35.0,M_23_Creed_FR1_FED005030823Concat.csv
71.0,M_23_Creed_FR1_FED005030823Concat.csv
243.0,M_23_Creed_FR1_FED005030823Concat.csv
222.0,M_23_Creed_FR1_FED005030823Concat.csv
962.0,M_23_Creed_FR1_FED005030823Concat.csv
305.0,M_23_Creed_FR1_FED005030823Concat.csv
28.0,M_23_Creed_FR1_FED005030823Concat.csv
28.0,M_23_Creed_FR1_FED005030823Concat.csv
33.0,M_23_Creed_FR1_FED005030823Concat.csv
49.0,M_23_Creed_FR1_FED005030823Concat.csv
131.0,M_23_Creed_FR1_FED005030823Concat.csv
50.0,M_23_Creed_FR1_FED005030823Concat.csv
35.0,M_23_Creed_FR1_FED005030823Concat.csv
54.0,M_23_Creed_FR1_FED005030823Concat.csv
32.0,M_23_Creed_FR1_FED005030823Concat.csv
451.0,M_23_Creed_FR1_FED005030823Concat.csv
30.0,M_23_Creed_FR1_FED005030823Concat.csv
45.0,M_23_Creed_FR1_FED005030823Concat.csv
579.0,M_23_Creed_FR1_FED005030823Concat.csv
38.0,M_23_Creed_FR1_FED005030823Concat.csv
41.0,M_23_Creed_FR1_FED005030823Concat.csv
29.0,M_23_Creed_FR1_FED005030823Concat.csv
45.0,M_23_Creed_FR1_FED005030823Concat.csv
691.0,M_23_Creed_FR1_FED005030823Concat.csv
28.0,M_23_Creed_FR1_FED005030823Concat.csv
28.0,M_23_Creed_FR1_FED005030823Concat.csv
1692.0,M_23_Creed_FR1_FED005030823Concat.csv
799.0,M_23_Creed_FR1_FED005030823Concat.csv
37.0,M_23_Creed_FR1_FED005030823Concat.csv
39.0,M_23_Creed_FR1_FED005030823Concat.csv
37.0,M_23_Creed_FR1_FED005030823Concat.csv
46.0,M_23_Creed_FR1_FED005030823Concat.csv
86.0,M_23_Creed_FR1_FED005030823Concat.csv
62.0,M_23_Creed_FR1_FED005030823Concat.csv
899.0,M_23_Creed_FR1_FED005030823Concat.csv
31.0,M_23_Creed_FR1_FED005030823Concat.csv
27.0,M_23_Creed_FR1_FED005030823Concat.csv
19.0,M_23_Creed_FR1_FED005030823Concat.csv
36.0,M_23_Creed_FR1_FED005030823Concat.csv
18.0,M_23_Creed_FR1_FED005030823Concat.csv
32.0,M_23_Creed_FR1_FED005030823Concat.csv
37.0,M_23_Creed_FR1_FED005030823Concat.csv
31.0,M_23_Creed_FR1_FED005030823Concat.csv
31.0,M_23_Creed_FR1_FED005030823Concat.csv
1189.0,M_23_Creed_FR1_FED005030823Concat.csv
34.0,M_23_Creed_FR1_FED005030823Concat.csv
29.0,M_23_Creed_FR1_FED005030823Concat.csv
56.0,M_23_Creed_FR1_FED005030823Concat.csv
1014.0,M_23_Creed_FR1_FED005030823Concat.csv
24.0,M_23_Creed_FR1_FED005030823Concat.csv
39.0,M_23_Creed_FR1_FED005030823Concat.csv
563.0,M_23_Creed_FR1_FED005030823Concat.csv
42.0,M_23_Creed_FR1_FED005030823Concat.csv
68.0,M_23_Creed_FR1_FED005030823Concat.csv
52.0,M_23_Creed_FR1_FED005030823Concat.csv
1526.0,M_23_Creed_FR1_FED005030823Concat.csv
988.0,M_23_Creed_FR1_FED005030823Concat.csv
37.0,M_23_Creed_FR1_FED005030823Concat.csv
244.0,M_23_Creed_FR1_FED005030823Concat.csv
339.0,M_23_Creed_FR1_FED005030823Concat.csv
573.0,M_23_Creed_FR1_FED005030823Concat.csv
491.0,M_23_Creed_FR1_FED005030823Concat.csv
50.0,M_23_Creed_FR1_FED005030823Concat.csv
3733.0,M_23_Creed_FR1_FED005030823Concat.csv
105.0,M_23_Creed_FR1_FED005030823Concat.csv
55.0,M_23_Creed_FR1_FED005030823Concat.csv
39.0,M_23_Creed_FR1_FED005030823Concat.csv
314.0,M_23_Creed_FR1_FED005030823Concat.csv
83.0,M_23_Creed_FR1_FED005030823Concat.csv
39.0,M_23_Creed_FR1_FED005030823Concat.csv
2179.0,M_23_Creed_FR1_FED005030823Concat.csv
43.0,M_23_Creed_FR1_FED005030823Concat.csv
46.0,M_23_Creed_FR1_FED005030823Concat.csv
55.0,M_23_Creed_FR1_FED005030823Concat.csv
47.0,M_23_Creed_FR1_FED005030823Concat.csv
25.0,M_23_Creed_FR1_FED005030823Concat.csv
52.0,M_23_Creed_FR1_FED005030823Concat.csv
42.0,M_23_Creed_FR1_FED005030823Concat.csv
160.0,M_23_Creed_FR1_FED005030823Concat.csv
3973.0,M_23_Creed_FR1_FED005030823Concat.csv
66.0,M_23_Creed_FR1_FED005030823Concat.csv
59.0,M_23_Creed_FR1_FED005030823Concat.csv
2559.0,M_23_Creed_FR1_FED005030823Concat.csv
33.0,M_23_Creed_FR1_FED005030823Concat.csv
40.0,M_23_Creed_FR1_FED005030823Concat.csv
39.0,M_23_Creed_FR1_FED005030823Concat.csv
46.0,M_23_Creed_FR1_FED005030823Concat.csv
26.0,M_23_Creed_FR1_FED005030823Concat.csv
28.0,M_23_Creed_FR1_FED005030823Concat.csv
100.0,M_23_Creed_FR1_FED005030823Concat.csv
640.0,M_23_Creed_FR1_FED005030823Concat.csv
2078.0,M_23_Creed_FR1_FED005030823Concat.csv
34.0,M_23_Creed_FR1_FED005030823Concat.csv
73.0,M_23_Creed_FR1_FED005030823Concat.csv
31.0,M_23_Creed_FR1_FED005030823Concat.csv
39.0,M_23_Creed_FR1_FED005030823Concat.csv
30.0,M_23_Creed_FR1_FED005030823Concat.csv
2190.0,M_23_Creed_FR1_FED005030823Concat.csv
40.0,M_23_Creed_FR1_FED005030823Concat.csv
33.0,M_23_Creed_FR1_FED005030823Concat.csv
35.0,M_23_Creed_FR1_FED005030823Concat.csv
31.0,M_23_Creed_FR1_FED005030823Concat.csv
36.0,M_23_Creed_FR1_FED005030823Concat.csv
45.0,M_23_Creed_FR1_FED005030823Concat.csv
47.0,M_23_Creed_FR1_FED005030823Concat.csv
919.0,M_23_Creed_FR1_FED005030823Concat.csv
2118.0,M_23_Creed_FR1_FED005030823Concat.csv
37.0,M_23_Creed_FR1_FED005030823Concat.csv
27.0,M_23_Creed_FR1_FED005030823Concat.csv
32.0,M_23_Creed_FR1_FED005030823Concat.csv
51.0,M_23_Creed_FR1_FED005030823Concat.csv
34.0,M_23_Creed_FR1_FED005030823Concat.csv
95.0,M_23_Creed_FR1_FED005030823Concat.csv
183.0,M_23_Creed_FR1_FED005030823Concat.csv
1510.0,M_23_Creed_FR1_FED005030823Concat.csv
31.0,M_23_Creed_FR1_FED005030823Concat.csv
33.0,M_23_Creed_FR1_FED005030823Concat.csv
28.0,M_23_Creed_FR1_FED005030823Concat.csv
26.0,M_23_Creed_FR1_FED005030823Concat.csv
39.0,M_23_Creed_FR1_FED005030823Concat.csv
3116.0,M_23_Creed_FR1_FED005030823Concat.csv
41.0,M_23_Creed_FR1_FED005030823Concat.csv
81.0,M_23_Creed_FR1_FED005030823Concat.csv
2483.0,M_23_Creed_FR1_FED005030823Concat.csv
31.0,M_23_Creed_FR1_FED005030823Concat.csv
5011.0,M_23_Creed_FR1_FED005030823Concat.csv
30.0,M_23_Creed_FR1_FED005030823Concat.csv
497.0,M_23_Creed_FR1_FED005030823Concat.csv
3085.0,M_23_Creed_FR1_FED005030823Concat.csv
113.0,M_23_Creed_FR1_FED005030823Concat.csv
1806.0,M_23_Creed_FR1_FED005030823Concat.csv
32.0,M_23_Creed_FR1_FED005030823Concat.csv
51.0,M_23_Creed_FR1_FED005030823Concat.csv
60.0,M_23_Creed_FR1_FED005030823Concat.csv
48.0,M_23_Creed_FR1_FED005030823Concat.csv
24.0,M_23_Creed_FR1_FED005030823Concat.csv
38.0,M_23_Creed_FR1_FED005030823Concat.csv
874.0,M_23_Creed_FR1_FED005030823Concat.csv
339.0,M_23_Creed_FR1_FED005030823Concat.csv
869.0,M_23_Creed_FR1_FED005030823Concat.csv
2994.0,M_23_Creed_FR1_FED005030823Concat.csv
48.0,M_23_Creed_FR1_FED005030823Concat.csv
52.0,M_23_Creed_FR1_FED005030823Concat.csv
55.0,M_23_Creed_FR1_FED005030823Concat.csv
40.0,M_23_Creed_FR1_FED005030823Concat.csv
2739.0,M_23_Creed_FR1_FED005030823Concat.csv
53.0,M_23_Creed_FR1_FED005030823Concat.csv
46.0,M_23_Creed_FR1_FED005030823Concat.csv
3221.0,M_23_Creed_FR1_FED005030823Concat.csv
27.0,M_23_Creed_FR1_FED005030823Concat.csv
26.0,M_23_Creed_FR1_FED005030823Concat.csv
19.0,M_23_Creed_FR1_FED005030823Concat.csv
35.0,M_23_Creed_FR1_FED005030823Concat.csv
26.0,M_23_Creed_FR1_FED005030823Concat.csv
25.0,M_23_Creed_FR1_FED005030823Concat.csv
329.0,M_23_Creed_FR1_FED005030823Concat.csv
33.0,M_23_Creed_FR1_FED005030823Concat.csv
901.0,M_23_Creed_FR1_FED005030823Concat.csv
1100.0,M_23_Creed_FR1_FED005030823Concat.csv
54.0,M_23_Creed_FR1_FED005030823Concat.csv
72.0,M_23_Creed_FR1_FED005030823Concat.csv
56.0,M_23_Creed_FR1_FED005030823Concat.csv
36.0,M_23_Creed_FR1_FED005030823Concat.csv
59.0,M_23_Creed_FR1_FED005030823Concat.csv
433.0,F_24_Klappenbach_FR1_FED139FR1.CSV
696.0,F_24_Klappenbach_FR1_FED139FR1.CSV
47.0,F_24_Klappenbach_FR1_FED139FR1.CSV
25.0,F_24_Klappenbach_FR1_FED139FR1.CSV
93.0,F_24_Klappenbach_FR1_FED139FR1.CSV
572.0,F_24_Klappenbach_FR1_FED139FR1.CSV
51.0,F_24_Klappenbach_FR1_FED139FR1.CSV
30.0,F_24_Klappenbach_FR1_FED139FR1.CSV
1682.0,F_24_Klappenbach_FR1_FED139FR1.CSV
36.0,F_24_Klappenbach_FR1_FED139FR1.CSV
79.0,F_24_Klappenbach_FR1_FED139FR1.CSV
286.0,F_24_Klappenbach_FR1_FED139FR1.CSV
23.0,F_24_Klappenbach_FR1_FED139FR1.CSV
42.0,F_24_Klappenbach_FR1_FED139FR1.CSV
24.0,F_24_Klappenbach_FR1_FED139FR1.CSV
395.0,F_24_Klappenbach_FR1_FED139FR1.CSV
394.0,F_24_Klappenbach_FR1_FED139FR1.CSV
32.0,F_24_Klappenbach_FR1_FED139FR1.CSV
120.0,F_24_Klappenbach_FR1_FED139FR1.CSV
23.0,F_24_Klappenbach_FR1_FED139FR1.CSV
33.0,F_24_Klappenbach_FR1_FED139FR1.CSV
492.0,F_24_Klappenbach_FR1_FED139FR1.CSV
344.0,F_24_Klappenbach_FR1_FED139FR1.CSV
14.0,F_24_Klappenbach_FR1_FED139FR1.CSV
38.0,F_24_Klappenbach_FR1_FED139FR1.CSV
15.0,F_24_Klappenbach_FR1_FED139FR1.CSV
21.0,F_24_Klappenbach_FR1_FED139FR1.CSV
16.0,F_24_Klappenbach_FR1_FED139FR1.CSV
45.0,F_24_Klappenbach_FR1_FED139FR1.CSV
1046.0,F_24_Klappenbach_FR1_FED139FR1.CSV
25.0,F_24_Klappenbach_FR1_FED139FR1.CSV
18.0,F_24_Klappenbach_FR1_FED139FR1.CSV
20.0,F_24_Klappenbach_FR1_FED139FR1.CSV
723.0,F_24_Klappenbach_FR1_FED139FR1.CSV
17.0,F_24_Klappenbach_FR1_FED139FR1.CSV
8.0,F_24_Klappenbach_FR1_FED139FR1.CSV
44.0,F_24_Klappenbach_FR1_FED139FR1.CSV
300.0,F_24_Klappenbach_FR1_FED139FR1.CSV
443.0,F_24_Klappenbach_FR1_FED139FR1.CSV
30.0,F_24_Klappenbach_FR1_FED139FR1.CSV
13.0,F_24_Klappenbach_FR1_FED139FR1.CSV
25.0,F_24_Klappenbach_FR1_FED139FR1.CSV
630.0,F_24_Klappenbach_FR1_FED139FR1.CSV
350.0,F_24_Klappenbach_FR1_FED139FR1.CSV
36.0,F_24_Klappenbach_FR1_FED139FR1.CSV
30.0,F_24_Klappenbach_FR1_FED139FR1.CSV
344.0,F_24_Klappenbach_FR1_FED139FR1.CSV
25.0,F_24_Klappenbach_FR1_FED139FR1.CSV
13.0,F_24_Klappenbach_FR1_FED139FR1.CSV
23.0,F_24_Klappenbach_FR1_FED139FR1.CSV
30.0,F_24_Klappenbach_FR1_FED139FR1.CSV
207.0,F_24_Klappenbach_FR1_FED139FR1.CSV
13.0,F_24_Klappenbach_FR1_FED139FR1.CSV
509.0,F_24_Klappenbach_FR1_FED139FR1.CSV
543.0,F_24_Klappenbach_FR1_FED139FR1.CSV
20.0,F_24_Klappenbach_FR1_FED139FR1.CSV
18.0,F_24_Klappenbach_FR1_FED139FR1.CSV
32.0,F_24_Klappenbach_FR1_FED139FR1.CSV
15.0,F_24_Klappenbach_FR1_FED139FR1.CSV
19.0,F_24_Klappenbach_FR1_FED139FR1.CSV
31.0,F_24_Klappenbach_FR1_FED139FR1.CSV
16.0,F_24_Klappenbach_FR1_FED139FR1.CSV
407.0,F_24_Klappenbach_FR1_FED139FR1.CSV
16.0,F_24_Klappenbach_FR1_FED139FR1.CSV
16.0,F_24_Klappenbach_FR1_FED139FR1.CSV
18.0,F_24_Klappenbach_FR1_FED139FR1.CSV
15.0,F_24_Klappenbach_FR1_FED139FR1.CSV
27.0,F_24_Klappenbach_FR1_FED139FR1.CSV
28.0,F_24_Klappenbach_FR1_FED139FR1.CSV
993.0,F_24_Klappenbach_FR1_FED139FR1.CSV
13.0,F_24_Klappenbach_FR1_FED139FR1.CSV
17.0,F_24_Klappenbach_FR1_FED139FR1.CSV
17.0,F_24_Klappenbach_FR1_FED139FR1.CSV
18.0,F_24_Klappenbach_FR1_FED139FR1.CSV
18.0,F_24_Klappenbach_FR1_FED139FR1.CSV
18.0,F_24_Klappenbach_FR1_FED139FR1.CSV
773.0,F_24_Klappenbach_FR1_FED139FR1.CSV
783.0,F_24_Klappenbach_FR1_FED139FR1.CSV
324.0,F_24_Klappenbach_FR1_FED139FR1.CSV
381.0,F_24_Klappenbach_FR1_FED139FR1.CSV
28.0,F_24_Klappenbach_FR1_FED139FR1.CSV
68.0,F_24_Klappenbach_FR1_FED139FR1.CSV
491.0,F_24_Klappenbach_FR1_FED139FR1.CSV
23.0,F_24_Klappenbach_FR1_FED139FR1.CSV
29.0,F_24_Klappenbach_FR1_FED139FR1.CSV
30.0,F_24_Klappenbach_FR1_FED139FR1.CSV
972.0,F_24_Klappenbach_FR1_FED139FR1.CSV
94.0,F_24_Klappenbach_FR1_FED139FR1.CSV
20.0,F_24_Klappenbach_FR1_FED139FR1.CSV
16.0,F_24_Klappenbach_FR1_FED139FR1.CSV
504.0,F_24_Klappenbach_FR1_FED139FR1.CSV
23.0,F_24_Klappenbach_FR1_FED139FR1.CSV
186.0,F_24_Klappenbach_FR1_FED139FR1.CSV
921.0,F_24_Klappenbach_FR1_FED139FR1.CSV
25.0,F_24_Klappenbach_FR1_FED139FR1.CSV
16.0,F_24_Klappenbach_FR1_FED139FR1.CSV
920.0,F_24_Klappenbach_FR1_FED139FR1.CSV
14.0,F_24_Klappenbach_FR1_FED139FR1.CSV
12.0,F_24_Klappenbach_FR1_FED139FR1.CSV
14.0,F_24_Klappenbach_FR1_FED139FR1.CSV
23.0,F_24_Klappenbach_FR1_FED139FR1.CSV
18.0,F_24_Klappenbach_FR1_FED139FR1.CSV
20.0,F_24_Klappenbach_FR1_FED139FR1.CSV
19.0,F_24_Klappenbach_FR1_FED139FR1.CSV
956.0,F_24_Klappenbach_FR1_FED139FR1.CSV
551.0,F_24_Klappenbach_FR1_FED139FR1.CSV
21.0,F_24_Klappenbach_FR1_FED139FR1.CSV
25.0,F_24_Klappenbach_FR1_FED139FR1.CSV
14.0,F_24_Klappenbach_FR1_FED139FR1.CSV
19.0,F_24_Klappenbach_FR1_FED139FR1.CSV
534.0,F_24_Klappenbach_FR1_FED139FR1.CSV
573.0,F_24_Klappenbach_FR1_FED139FR1.CSV
13.0,F_24_Klappenbach_FR1_FED139FR1.CSV
24.0,F_24_Klappenbach_FR1_FED139FR1.CSV
13.0,F_24_Klappenbach_FR1_FED139FR1.CSV
23.0,F_24_Klappenbach_FR1_FED139FR1.CSV
15.0,F_24_Klappenbach_FR1_FED139FR1.CSV
27.0,F_24_Klappenbach_FR1_FED139FR1.CSV
30.0,F_24_Klappenbach_FR1_FED139FR1.CSV
468.0,F_24_Klappenbach_FR1_FED139FR1.CSV
17.0,F_24_Klappenbach_FR1_FED139FR1.CSV
648.0,F_24_Klappenbach_FR1_FED139FR1.CSV
16.0,F_24_Klappenbach_FR1_FED139FR1.CSV
24.0,F_24_Klappenbach_FR1_FED139FR1.CSV
29.0,F_24_Klappenbach_FR1_FED139FR1.CSV
22.0,F_24_Klappenbach_FR1_FED139FR1.CSV
27.0,F_24_Klappenbach_FR1_FED139FR1.CSV
770.0,F_24_Klappenbach_FR1_FED139FR1.CSV
30.0,F_24_Klappenbach_FR1_FED139FR1.CSV
1047.0,F_24_Klappenbach_FR1_FED139FR1.CSV
23.0,F_24_Klappenbach_FR1_FED139FR1.CSV
24.0,F_24_Klappenbach_FR1_FED139FR1.CSV
25.0,F_24_Klappenbach_FR1_FED139FR1.CSV
36.0,F_24_Klappenbach_FR1_FED139FR1.CSV
19.0,F_24_Klappenbach_FR1_FED139FR1.CSV
1128.0,F_24_Klappenbach_FR1_FED139FR1.CSV
29.0,F_24_Klappenbach_FR1_FED139FR1.CSV
30.0,F_24_Klappenbach_FR1_FED139FR1.CSV
21.0,F_24_Klappenbach_FR1_FED139FR1.CSV
7114.0,F_24_Klappenbach_FR1_FED139FR1.CSV
33.0,F_24_Klappenbach_FR1_FED139FR1.CSV
21.0,F_24_Klappenbach_FR1_FED139FR1.CSV
31.0,F_24_Klappenbach_FR1_FED139FR1.CSV
28.0,F_24_Klappenbach_FR1_FED139FR1.CSV
47.0,F_24_Klappenbach_FR1_FED139FR1.CSV
31.0,F_24_Klappenbach_FR1_FED139FR1.CSV
1038.0,F_24_Klappenbach_FR1_FED139FR1.CSV
61.0,F_24_Klappenbach_FR1_FED139FR1.CSV
17.0,F_24_Klappenbach_FR1_FED139FR1.CSV
292.0,F_24_Klappenbach_FR1_FED139FR1.CSV
29.0,F_24_Klappenbach_FR1_FED139FR1.CSV
26.0,F_24_Klappenbach_FR1_FED139FR1.CSV
300.0,F_24_Klappenbach_FR1_FED139FR1.CSV
375.0,F_24_Klappenbach_FR1_FED139FR1.CSV
52.0,F_24_Klappenbach_FR1_FED139FR1.CSV
21.0,F_24_Klappenbach_FR1_FED139FR1.CSV
28.0,F_24_Klappenbach_FR1_FED139FR1.CSV
28.0,F_24_Klappenbach_FR1_FED139FR1.CSV
47.0,F_24_Klappenbach_FR1_FED139FR1.CSV
24.0,F_24_Klappenbach_FR1_FED139FR1.CSV
459.0,F_24_Klappenbach_FR1_FED139FR1.CSV
4492.0,F_24_Klappenbach_FR1_FED139FR1.CSV
30.0,F_24_Klappenbach_FR1_FED139FR1.CSV
3699.0,F_24_Klappenbach_FR1_FED139FR1.CSV
150.0,F_24_Klappenbach_FR1_FED139FR1.CSV
94.0,F_24_Klappenbach_FR1_FED139FR1.CSV
688.0,F_24_Klappenbach_FR1_FED139FR1.CSV
18.0,F_24_Klappenbach_FR1_FED139FR1.CSV
17.0,F_24_Klappenbach_FR1_FED139FR1.CSV
23.0,F_24_Klappenbach_FR1_FED139FR1.CSV
19.0,F_24_Klappenbach_FR1_FED139FR1.CSV
16.0,F_24_Klappenbach_FR1_FED139FR1.CSV
21.0,F_24_Klappenbach_FR1_FED139FR1.CSV
8469.0,F_24_Klappenbach_FR1_FED139FR1.CSV
24.0,F_24_Klappenbach_FR1_FED139FR1.CSV
8510.0,F_24_Klappenbach_FR1_FED139FR1.CSV
43.0,F_24_Klappenbach_FR1_FED139FR1.CSV
30.0,F_24_Klappenbach_FR1_FED139FR1.CSV
26.0,F_24_Klappenbach_FR1_FED139FR1.CSV
36.0,F_24_Klappenbach_FR1_FED139FR1.CSV
950.0,F_24_Klappenbach_FR1_FED139FR1.CSV
26.0,F_24_Klappenbach_FR1_FED139FR1.CSV
5837.0,F_24_Klappenbach_FR1_FED139FR1.CSV
27.0,F_24_Klappenbach_FR1_FED139FR1.CSV
19.0,F_24_Klappenbach_FR1_FED139FR1.CSV
29.0,F_24_Klappenbach_FR1_FED139FR1.CSV
17.0,F_24_Klappenbach_FR1_FED139FR1.CSV
36.0,F_24_Klappenbach_FR1_FED139FR1.CSV
4642.0,F_24_Klappenbach_FR1_FED139FR1.CSV
18.0,F_24_Klappenbach_FR1_FED139FR1.CSV
17.0,F_24_Klappenbach_FR1_FED139FR1.CSV
24.0,F_24_Klappenbach_FR1_FED139FR1.CSV
20.0,F_24_Klappenbach_FR1_FED139FR1.CSV
17.0,F_24_Klappenbach_FR1_FED139FR1.CSV
1397.0,F_24_Klappenbach_FR1_FED139FR1.CSV
17.0,F_24_Klappenbach_FR1_FED139FR1.CSV
523.0,F_24_Klappenbach_FR1_FED139FR1.CSV
63.0,F_24_Klappenbach_FR1_FED139FR1.CSV
539.0,F_24_Klappenbach_FR1_FED139FR1.CSV
310.0,F_24_Klappenbach_FR1_FED139FR1.CSV
359.0,F_24_Klappenbach_FR1_FED139FR1.CSV
15.0,F_24_Klappenbach_FR1_FED139FR1.CSV
16.0,F_24_Klappenbach_FR1_FED139FR1.CSV
17.0,F_24_Klappenbach_FR1_FED139FR1.CSV
26.0,F_24_Klappenbach_FR1_FED139FR1.CSV
23.0,F_24_Klappenbach_FR1_FED139FR1.CSV
686.0,F_24_Klappenbach_FR1_FED139FR1.CSV
1437.0,F_24_Klappenbach_FR1_FED139FR1.CSV
17.0,F_24_Klappenbach_FR1_FED139FR1.CSV
33.0,F_24_Klappenbach_FR1_FED139FR1.CSV
22.0,F_24_Klappenbach_FR1_FED139FR1.CSV
16.0,F_24_Klappenbach_FR1_FED139FR1.CSV
17.0,F_24_Klappenbach_FR1_FED139FR1.CSV
914.0,F_24_Klappenbach_FR1_FED139FR1.CSV
29.0,F_24_Klappenbach_FR1_FED139FR1.CSV
687.0,F_24_Klappenbach_FR1_FED139FR1.CSV
23.0,F_24_Klappenbach_FR1_FED139FR1.CSV
19.0,F_24_Klappenbach_FR1_FED139FR1.CSV
16.0,F_24_Klappenbach_FR1_FED139FR1.CSV
1951.0,F_24_Klappenbach_FR1_FED139FR1.CSV
37.0,F_24_Klappenbach_FR1_FED139FR1.CSV
19.0,F_24_Klappenbach_FR1_FED139FR1.CSV
703.0,F_25_Klappenbach_FR1_FED140FR1.CSV
1928.0,F_25_Klappenbach_FR1_FED140FR1.CSV
332.0,F_25_Klappenbach_FR1_FED140FR1.CSV
47.0,F_25_Klappenbach_FR1_FED140FR1.CSV
359.0,F_25_Klappenbach_FR1_FED140FR1.CSV
294.0,F_25_Klappenbach_FR1_FED140FR1.CSV
245.0,F_25_Klappenbach_FR1_FED140FR1.CSV
750.0,F_25_Klappenbach_FR1_FED140FR1.CSV
213.0,F_25_Klappenbach_FR1_FED140FR1.CSV
419.0,F_25_Klappenbach_FR1_FED140FR1.CSV
564.0,F_25_Klappenbach_FR1_FED140FR1.CSV
802.0,F_25_Klappenbach_FR1_FED140FR1.CSV
898.0,F_25_Klappenbach_FR1_FED140FR1.CSV
53.0,F_25_Klappenbach_FR1_FED140FR1.CSV
59.0,F_25_Klappenbach_FR1_FED140FR1.CSV
394.0,F_25_Klappenbach_FR1_FED140FR1.CSV
62.0,F_25_Klappenbach_FR1_FED140FR1.CSV
204.0,F_25_Klappenbach_FR1_FED140FR1.CSV
724.0,F_25_Klappenbach_FR1_FED140FR1.CSV
50.0,F_25_Klappenbach_FR1_FED140FR1.CSV
52.0,F_25_Klappenbach_FR1_FED140FR1.CSV
72.0,F_25_Klappenbach_FR1_FED140FR1.CSV
30.0,F_25_Klappenbach_FR1_FED140FR1.CSV
17.0,F_25_Klappenbach_FR1_FED140FR1.CSV
56.0,F_25_Klappenbach_FR1_FED140FR1.CSV
30.0,F_25_Klappenbach_FR1_FED140FR1.CSV
805.0,F_25_Klappenbach_FR1_FED140FR1.CSV
22.0,F_25_Klappenbach_FR1_FED140FR1.CSV
27.0,F_25_Klappenbach_FR1_FED140FR1.CSV
58.0,F_25_Klappenbach_FR1_FED140FR1.CSV
433.0,F_25_Klappenbach_FR1_FED140FR1.CSV
37.0,F_25_Klappenbach_FR1_FED140FR1.CSV
553.0,F_25_Klappenbach_FR1_FED140FR1.CSV
404.0,F_25_Klappenbach_FR1_FED140FR1.CSV
65.0,F_25_Klappenbach_FR1_FED140FR1.CSV
426.0,F_25_Klappenbach_FR1_FED140FR1.CSV
19.0,F_25_Klappenbach_FR1_FED140FR1.CSV
331.0,F_25_Klappenbach_FR1_FED140FR1.CSV
19.0,F_25_Klappenbach_FR1_FED140FR1.CSV
581.0,F_25_Klappenbach_FR1_FED140FR1.CSV
31.0,F_25_Klappenbach_FR1_FED140FR1.CSV
23.0,F_25_Klappenbach_FR1_FED140FR1.CSV
31.0,F_25_Klappenbach_FR1_FED140FR1.CSV
308.0,F_25_Klappenbach_FR1_FED140FR1.CSV
19.0,F_25_Klappenbach_FR1_FED140FR1.CSV
27.0,F_25_Klappenbach_FR1_FED140FR1.CSV
21.0,F_25_Klappenbach_FR1_FED140FR1.CSV
254.0,F_25_Klappenbach_FR1_FED140FR1.CSV
18.0,F_25_Klappenbach_FR1_FED140FR1.CSV
544.0,F_25_Klappenbach_FR1_FED140FR1.CSV
41.0,F_25_Klappenbach_FR1_FED140FR1.CSV
81.0,F_25_Klappenbach_FR1_FED140FR1.CSV
596.0,F_25_Klappenbach_FR1_FED140FR1.CSV
26.0,F_25_Klappenbach_FR1_FED140FR1.CSV
218.0,F_25_Klappenbach_FR1_FED140FR1.CSV
1198.0,F_25_Klappenbach_FR1_FED140FR1.CSV
21.0,F_25_Klappenbach_FR1_FED140FR1.CSV
50.0,F_25_Klappenbach_FR1_FED140FR1.CSV
194.0,F_25_Klappenbach_FR1_FED140FR1.CSV
15.0,F_25_Klappenbach_FR1_FED140FR1.CSV
17.0,F_25_Klappenbach_FR1_FED140FR1.CSV
19.0,F_25_Klappenbach_FR1_FED140FR1.CSV
43.0,F_25_Klappenbach_FR1_FED140FR1.CSV
12.0,F_25_Klappenbach_FR1_FED140FR1.CSV
14.0,F_25_Klappenbach_FR1_FED140FR1.CSV
382.0,F_25_Klappenbach_FR1_FED140FR1.CSV
586.0,F_25_Klappenbach_FR1_FED140FR1.CSV
26.0,F_25_Klappenbach_FR1_FED140FR1.CSV
12.0,F_25_Klappenbach_FR1_FED140FR1.CSV
22.0,F_25_Klappenbach_FR1_FED140FR1.CSV
26.0,F_25_Klappenbach_FR1_FED140FR1.CSV
21.0,F_25_Klappenbach_FR1_FED140FR1.CSV
25.0,F_25_Klappenbach_FR1_FED140FR1.CSV
349.0,F_25_Klappenbach_FR1_FED140FR1.CSV
38.0,F_25_Klappenbach_FR1_FED140FR1.CSV
22.0,F_25_Klappenbach_FR1_FED140FR1.CSV
15.0,F_25_Klappenbach_FR1_FED140FR1.CSV
20.0,F_25_Klappenbach_FR1_FED140FR1.CSV
23.0,F_25_Klappenbach_FR1_FED140FR1.CSV
1109.0,F_25_Klappenbach_FR1_FED140FR1.CSV
27.0,F_25_Klappenbach_FR1_FED140FR1.CSV
15.0,F_25_Klappenbach_FR1_FED140FR1.CSV
15.0,F_25_Klappenbach_FR1_FED140FR1.CSV
1639.0,F_25_Klappenbach_FR1_FED140FR1.CSV
22.0,F_25_Klappenbach_FR1_FED140FR1.CSV
28.0,F_25_Klappenbach_FR1_FED140FR1.CSV
24.0,F_25_Klappenbach_FR1_FED140FR1.CSV
37.0,F_25_Klappenbach_FR1_FED140FR1.CSV
751.0,F_25_Klappenbach_FR1_FED140FR1.CSV
28.0,F_25_Klappenbach_FR1_FED140FR1.CSV
23.0,F_25_Klappenbach_FR1_FED140FR1.CSV
16.0,F_25_Klappenbach_FR1_FED140FR1.CSV
17.0,F_25_Klappenbach_FR1_FED140FR1.CSV
533.0,F_25_Klappenbach_FR1_FED140FR1.CSV
1124.0,F_25_Klappenbach_FR1_FED140FR1.CSV
40.0,F_25_Klappenbach_FR1_FED140FR1.CSV
27.0,F_25_Klappenbach_FR1_FED140FR1.CSV
19.0,F_25_Klappenbach_FR1_FED140FR1.CSV
815.0,F_25_Klappenbach_FR1_FED140FR1.CSV
40.0,F_25_Klappenbach_FR1_FED140FR1.CSV
338.0,F_25_Klappenbach_FR1_FED140FR1.CSV
38.0,F_25_Klappenbach_FR1_FED140FR1.CSV
374.0,F_25_Klappenbach_FR1_FED140FR1.CSV
2407.0,F_25_Klappenbach_FR1_FED140FR1.CSV
395.0,F_25_Klappenbach_FR1_FED140FR1.CSV
35.0,F_25_Klappenbach_FR1_FED140FR1.CSV
19.0,F_25_Klappenbach_FR1_FED140FR1.CSV
29.0,F_25_Klappenbach_FR1_FED140FR1.CSV
475.0,F_25_Klappenbach_FR1_FED140FR1.CSV
21.0,F_25_Klappenbach_FR1_FED140FR1.CSV
18.0,F_25_Klappenbach_FR1_FED140FR1.CSV
16.0,F_25_Klappenbach_FR1_FED140FR1.CSV
18.0,F_25_Klappenbach_FR1_FED140FR1.CSV
284.0,F_25_Klappenbach_FR1_FED140FR1.CSV
28.0,F_25_Klappenbach_FR1_FED140FR1.CSV
138.0,F_25_Klappenbach_FR1_FED140FR1.CSV
75.0,F_25_Klappenbach_FR1_FED140FR1.CSV
181.0,F_25_Klappenbach_FR1_FED140FR1.CSV
19.0,F_25_Klappenbach_FR1_FED140FR1.CSV
131.0,F_25_Klappenbach_FR1_FED140FR1.CSV
22.0,F_25_Klappenbach_FR1_FED140FR1.CSV
742.0,F_25_Klappenbach_FR1_FED140FR1.CSV
54.0,F_25_Klappenbach_FR1_FED140FR1.CSV
25.0,F_25_Klappenbach_FR1_FED140FR1.CSV
28.0,F_25_Klappenbach_FR1_FED140FR1.CSV
22.0,F_25_Klappenbach_FR1_FED140FR1.CSV
26.0,F_25_Klappenbach_FR1_FED140FR1.CSV
22.0,F_25_Klappenbach_FR1_FED140FR1.CSV
19.0,F_25_Klappenbach_FR1_FED140FR1.CSV
8384.0,F_25_Klappenbach_FR1_FED140FR1.CSV
27.0,F_25_Klappenbach_FR1_FED140FR1.CSV
651.0,F_25_Klappenbach_FR1_FED140FR1.CSV
30.0,F_25_Klappenbach_FR1_FED140FR1.CSV
27.0,F_25_Klappenbach_FR1_FED140FR1.CSV
17.0,F_25_Klappenbach_FR1_FED140FR1.CSV
15.0,F_25_Klappenbach_FR1_FED140FR1.CSV
19.0,F_25_Klappenbach_FR1_FED140FR1.CSV
169.0,F_25_Klappenbach_FR1_FED140FR1.CSV
551.0,F_25_Klappenbach_FR1_FED140FR1.CSV
22.0,F_25_Klappenbach_FR1_FED140FR1.CSV
19.0,F_25_Klappenbach_FR1_FED140FR1.CSV
16.0,F_25_Klappenbach_FR1_FED140FR1.CSV
18.0,F_25_Klappenbach_FR1_FED140FR1.CSV
18.0,F_25_Klappenbach_FR1_FED140FR1.CSV
21.0,F_25_Klappenbach_FR1_FED140FR1.CSV
17.0,F_25_Klappenbach_FR1_FED140FR1.CSV
858.0,F_25_Klappenbach_FR1_FED140FR1.CSV
585.0,F_25_Klappenbach_FR1_FED140FR1.CSV
28.0,F_25_Klappenbach_FR1_FED140FR1.CSV
17.0,F_25_Klappenbach_FR1_FED140FR1.CSV
8009.0,F_25_Klappenbach_FR1_FED140FR1.CSV
25.0,F_25_Klappenbach_FR1_FED140FR1.CSV
25.0,F_25_Klappenbach_FR1_FED140FR1.CSV
17.0,F_25_Klappenbach_FR1_FED140FR1.CSV
24.0,F_25_Klappenbach_FR1_FED140FR1.CSV
7379.0,F_25_Klappenbach_FR1_FED140FR1.CSV
23.0,F_25_Klappenbach_FR1_FED140FR1.CSV
20.0,F_25_Klappenbach_FR1_FED140FR1.CSV
18.0,F_25_Klappenbach_FR1_FED140FR1.CSV
6879.0,F_25_Klappenbach_FR1_FED140FR1.CSV
24.0,F_25_Klappenbach_FR1_FED140FR1.CSV
35.0,F_25_Klappenbach_FR1_FED140FR1.CSV
30.0,F_25_Klappenbach_FR1_FED140FR1.CSV
16.0,F_25_Klappenbach_FR1_FED140FR1.CSV
16.0,F_25_Klappenbach_FR1_FED140FR1.CSV
20.0,F_25_Klappenbach_FR1_FED140FR1.CSV
4807.0,F_25_Klappenbach_FR1_FED140FR1.CSV
22.0,F_25_Klappenbach_FR1_FED140FR1.CSV
15.0,F_25_Klappenbach_FR1_FED140FR1.CSV
23.0,F_25_Klappenbach_FR1_FED140FR1.CSV
19.0,F_25_Klappenbach_FR1_FED140FR1.CSV
25.0,F_25_Klappenbach_FR1_FED140FR1.CSV
4267.0,F_25_Klappenbach_FR1_FED140FR1.CSV
22.0,F_25_Klappenbach_FR1_FED140FR1.CSV
29.0,F_25_Klappenbach_FR1_FED140FR1.CSV
22.0,F_25_Klappenbach_FR1_FED140FR1.CSV
626.0,F_25_Klappenbach_FR1_FED140FR1.CSV
33.0,F_25_Klappenbach_FR1_FED140FR1.CSV
17.0,F_25_Klappenbach_FR1_FED140FR1.CSV
17.0,F_25_Klappenbach_FR1_FED140FR1.CSV
24.0,F_25_Klappenbach_FR1_FED140FR1.CSV
2652.0,F_25_Klappenbach_FR1_FED140FR1.CSV
24.0,F_25_Klappenbach_FR1_FED140FR1.CSV
23.0,F_25_Klappenbach_FR1_FED140FR1.CSV
18.0,F_25_Klappenbach_FR1_FED140FR1.CSV
21.0,F_25_Klappenbach_FR1_FED140FR1.CSV
24.0,F_25_Klappenbach_FR1_FED140FR1.CSV
881.0,F_25_Klappenbach_FR1_FED140FR1.CSV
26.0,F_25_Klappenbach_FR1_FED140FR1.CSV
23.0,F_25_Klappenbach_FR1_FED140FR1.CSV
707.0,F_25_Klappenbach_FR1_FED140FR1.CSV
26.0,F_25_Klappenbach_FR1_FED140FR1.CSV
21.0,F_25_Klappenbach_FR1_FED140FR1.CSV
37.0,F_25_Klappenbach_FR1_FED140FR1.CSV
634.0,F_25_Klappenbach_FR1_FED140FR1.CSV
22.0,F_25_Klappenbach_FR1_FED140FR1.CSV
23.0,F_25_Klappenbach_FR1_FED140FR1.CSV
25.0,F_25_Klappenbach_FR1_FED140FR1.CSV
17.0,F_25_Klappenbach_FR1_FED140FR1.CSV
26.0,F_25_Klappenbach_FR1_FED140FR1.CSV
2808.0,F_25_Klappenbach_FR1_FED140FR1.CSV
22.0,F_25_Klappenbach_FR1_FED140FR1.CSV
22.0,F_25_Klappenbach_FR1_FED140FR1.CSV
24.0,F_25_Klappenbach_FR1_FED140FR1.CSV
19.0,F_25_Klappenbach_FR1_FED140FR1.CSV
14.0,F_25_Klappenbach_FR1_FED140FR1.CSV
1416.0,F_25_Klappenbach_FR1_FED140FR1.CSV
506.0,F_25_Klappenbach_FR1_FED140FR1.CSV
26.0,F_25_Klappenbach_FR1_FED140FR1.CSV
22.0,F_25_Klappenbach_FR1_FED140FR1.CSV
16.0,F_25_Klappenbach_FR1_FED140FR1.CSV
15.0,F_25_Klappenbach_FR1_FED140FR1.CSV
17.0,F_25_Klappenbach_FR1_FED140FR1.CSV
120.0,F_25_Klappenbach_FR1_FED140FR1.CSV
861.0,F_25_Klappenbach_FR1_FED140FR1.CSV
730.0,F_26_Klappenbach_FR1_FED141FR1.CSV
322.0,F_26_Klappenbach_FR1_FED141FR1.CSV
566.0,F_26_Klappenbach_FR1_FED141FR1.CSV
58.0,F_26_Klappenbach_FR1_FED141FR1.CSV
1227.0,F_26_Klappenbach_FR1_FED141FR1.CSV
1146.0,F_26_Klappenbach_FR1_FED141FR1.CSV
1539.0,F_26_Klappenbach_FR1_FED141FR1.CSV
74.0,F_26_Klappenbach_FR1_FED141FR1.CSV
1448.0,F_26_Klappenbach_FR1_FED141FR1.CSV
2133.0,F_26_Klappenbach_FR1_FED141FR1.CSV
2998.0,F_26_Klappenbach_FR1_FED141FR1.CSV
1532.0,F_26_Klappenbach_FR1_FED141FR1.CSV
83.0,F_26_Klappenbach_FR1_FED141FR1.CSV
86.0,F_26_Klappenbach_FR1_FED141FR1.CSV
84.0,F_26_Klappenbach_FR1_FED141FR1.CSV
83.0,F_26_Klappenbach_FR1_FED141FR1.CSV
20.0,F_26_Klappenbach_FR1_FED141FR1.CSV
49.0,F_26_Klappenbach_FR1_FED141FR1.CSV
141.0,F_26_Klappenbach_FR1_FED141FR1.CSV
202.0,F_26_Klappenbach_FR1_FED141FR1.CSV
15.0,F_26_Klappenbach_FR1_FED141FR1.CSV
46.0,F_26_Klappenbach_FR1_FED141FR1.CSV
49.0,F_26_Klappenbach_FR1_FED141FR1.CSV
337.0,F_26_Klappenbach_FR1_FED141FR1.CSV
490.0,F_26_Klappenbach_FR1_FED141FR1.CSV
31.0,F_26_Klappenbach_FR1_FED141FR1.CSV
25.0,F_26_Klappenbach_FR1_FED141FR1.CSV
10.0,F_26_Klappenbach_FR1_FED141FR1.CSV
116.0,F_26_Klappenbach_FR1_FED141FR1.CSV
667.0,F_26_Klappenbach_FR1_FED141FR1.CSV
473.0,F_26_Klappenbach_FR1_FED141FR1.CSV
94.0,F_26_Klappenbach_FR1_FED141FR1.CSV
18.0,F_26_Klappenbach_FR1_FED141FR1.CSV
177.0,F_26_Klappenbach_FR1_FED141FR1.CSV
31.0,F_26_Klappenbach_FR1_FED141FR1.CSV
17.0,F_26_Klappenbach_FR1_FED141FR1.CSV
23.0,F_26_Klappenbach_FR1_FED141FR1.CSV
20.0,F_26_Klappenbach_FR1_FED141FR1.CSV
24.0,F_26_Klappenbach_FR1_FED141FR1.CSV
235.0,F_26_Klappenbach_FR1_FED141FR1.CSV
23.0,F_26_Klappenbach_FR1_FED141FR1.CSV
50.0,F_26_Klappenbach_FR1_FED141FR1.CSV
19.0,F_26_Klappenbach_FR1_FED141FR1.CSV
440.0,F_26_Klappenbach_FR1_FED141FR1.CSV
22.0,F_26_Klappenbach_FR1_FED141FR1.CSV
16.0,F_26_Klappenbach_FR1_FED141FR1.CSV
39.0,F_26_Klappenbach_FR1_FED141FR1.CSV
21.0,F_26_Klappenbach_FR1_FED141FR1.CSV
33.0,F_26_Klappenbach_FR1_FED141FR1.CSV
16.0,F_26_Klappenbach_FR1_FED141FR1.CSV
21.0,F_26_Klappenbach_FR1_FED141FR1.CSV
17.0,F_26_Klappenbach_FR1_FED141FR1.CSV
270.0,F_26_Klappenbach_FR1_FED141FR1.CSV
173.0,F_26_Klappenbach_FR1_FED141FR1.CSV
741.0,F_26_Klappenbach_FR1_FED141FR1.CSV
61.0,F_26_Klappenbach_FR1_FED141FR1.CSV
195.0,F_26_Klappenbach_FR1_FED141FR1.CSV
74.0,F_26_Klappenbach_FR1_FED141FR1.CSV
141.0,F_26_Klappenbach_FR1_FED141FR1.CSV
635.0,F_26_Klappenbach_FR1_FED141FR1.CSV
323.0,F_26_Klappenbach_FR1_FED141FR1.CSV
284.0,F_26_Klappenbach_FR1_FED141FR1.CSV
11.0,F_26_Klappenbach_FR1_FED141FR1.CSV
28.0,F_26_Klappenbach_FR1_FED141FR1.CSV
20.0,F_26_Klappenbach_FR1_FED141FR1.CSV
16.0,F_26_Klappenbach_FR1_FED141FR1.CSV
16.0,F_26_Klappenbach_FR1_FED141FR1.CSV
23.0,F_26_Klappenbach_FR1_FED141FR1.CSV
14.0,F_26_Klappenbach_FR1_FED141FR1.CSV
17.0,F_26_Klappenbach_FR1_FED141FR1.CSV
36.0,F_26_Klappenbach_FR1_FED141FR1.CSV
553.0,F_26_Klappenbach_FR1_FED141FR1.CSV
253.0,F_26_Klappenbach_FR1_FED141FR1.CSV
30.0,F_26_Klappenbach_FR1_FED141FR1.CSV
11.0,F_26_Klappenbach_FR1_FED141FR1.CSV
24.0,F_26_Klappenbach_FR1_FED141FR1.CSV
345.0,F_26_Klappenbach_FR1_FED141FR1.CSV
35.0,F_26_Klappenbach_FR1_FED141FR1.CSV
20.0,F_26_Klappenbach_FR1_FED141FR1.CSV
22.0,F_26_Klappenbach_FR1_FED141FR1.CSV
16.0,F_26_Klappenbach_FR1_FED141FR1.CSV
1470.0,F_26_Klappenbach_FR1_FED141FR1.CSV
360.0,F_26_Klappenbach_FR1_FED141FR1.CSV
19.0,F_26_Klappenbach_FR1_FED141FR1.CSV
3788.0,F_26_Klappenbach_FR1_FED141FR1.CSV
21.0,F_26_Klappenbach_FR1_FED141FR1.CSV
25.0,F_26_Klappenbach_FR1_FED141FR1.CSV
13.0,F_26_Klappenbach_FR1_FED141FR1.CSV
21.0,F_26_Klappenbach_FR1_FED141FR1.CSV
33.0,F_26_Klappenbach_FR1_FED141FR1.CSV
319.0,F_26_Klappenbach_FR1_FED141FR1.CSV
24.0,F_26_Klappenbach_FR1_FED141FR1.CSV
22.0,F_26_Klappenbach_FR1_FED141FR1.CSV
10.0,F_26_Klappenbach_FR1_FED141FR1.CSV
398.0,F_26_Klappenbach_FR1_FED141FR1.CSV
17.0,F_26_Klappenbach_FR1_FED141FR1.CSV
26.0,F_26_Klappenbach_FR1_FED141FR1.CSV
45.0,F_26_Klappenbach_FR1_FED141FR1.CSV
34.0,F_26_Klappenbach_FR1_FED141FR1.CSV
551.0,F_26_Klappenbach_FR1_FED141FR1.CSV
30.0,F_26_Klappenbach_FR1_FED141FR1.CSV
17.0,F_26_Klappenbach_FR1_FED141FR1.CSV
20.0,F_26_Klappenbach_FR1_FED141FR1.CSV
23.0,F_26_Klappenbach_FR1_FED141FR1.CSV
16.0,F_26_Klappenbach_FR1_FED141FR1.CSV
19.0,F_26_Klappenbach_FR1_FED141FR1.CSV
25.0,F_26_Klappenbach_FR1_FED141FR1.CSV
1512.0,F_26_Klappenbach_FR1_FED141FR1.CSV
15.0,F_26_Klappenbach_FR1_FED141FR1.CSV
26.0,F_26_Klappenbach_FR1_FED141FR1.CSV
34.0,F_26_Klappenbach_FR1_FED141FR1.CSV
499.0,F_26_Klappenbach_FR1_FED141FR1.CSV
17.0,F_26_Klappenbach_FR1_FED141FR1.CSV
14.0,F_26_Klappenbach_FR1_FED141FR1.CSV
59.0,F_26_Klappenbach_FR1_FED141FR1.CSV
7355.0,F_26_Klappenbach_FR1_FED141FR1.CSV
389.0,F_26_Klappenbach_FR1_FED141FR1.CSV
295.0,F_26_Klappenbach_FR1_FED141FR1.CSV
41.0,F_26_Klappenbach_FR1_FED141FR1.CSV
30.0,F_26_Klappenbach_FR1_FED141FR1.CSV
14.0,F_26_Klappenbach_FR1_FED141FR1.CSV
20.0,F_26_Klappenbach_FR1_FED141FR1.CSV
782.0,F_26_Klappenbach_FR1_FED141FR1.CSV
17.0,F_26_Klappenbach_FR1_FED141FR1.CSV
13.0,F_26_Klappenbach_FR1_FED141FR1.CSV
27.0,F_26_Klappenbach_FR1_FED141FR1.CSV
22.0,F_26_Klappenbach_FR1_FED141FR1.CSV
11.0,F_26_Klappenbach_FR1_FED141FR1.CSV
17.0,F_26_Klappenbach_FR1_FED141FR1.CSV
436.0,F_26_Klappenbach_FR1_FED141FR1.CSV
40.0,F_26_Klappenbach_FR1_FED141FR1.CSV
20.0,F_26_Klappenbach_FR1_FED141FR1.CSV
1008.0,F_26_Klappenbach_FR1_FED141FR1.CSV
437.0,F_26_Klappenbach_FR1_FED141FR1.CSV
13.0,F_26_Klappenbach_FR1_FED141FR1.CSV
15.0,F_26_Klappenbach_FR1_FED141FR1.CSV
18.0,F_26_Klappenbach_FR1_FED141FR1.CSV
7220.0,F_26_Klappenbach_FR1_FED141FR1.CSV
14.0,F_26_Klappenbach_FR1_FED141FR1.CSV
24.0,F_26_Klappenbach_FR1_FED141FR1.CSV
16.0,F_26_Klappenbach_FR1_FED141FR1.CSV
17.0,F_26_Klappenbach_FR1_FED141FR1.CSV
961.0,F_26_Klappenbach_FR1_FED141FR1.CSV
2760.0,F_26_Klappenbach_FR1_FED141FR1.CSV
33.0,F_26_Klappenbach_FR1_FED141FR1.CSV
51.0,F_26_Klappenbach_FR1_FED141FR1.CSV
94.0,F_26_Klappenbach_FR1_FED141FR1.CSV
7615.0,F_26_Klappenbach_FR1_FED141FR1.CSV
26.0,F_26_Klappenbach_FR1_FED141FR1.CSV
16.0,F_26_Klappenbach_FR1_FED141FR1.CSV
22.0,F_26_Klappenbach_FR1_FED141FR1.CSV
6389.0,F_26_Klappenbach_FR1_FED141FR1.CSV
447.0,F_26_Klappenbach_FR1_FED141FR1.CSV
10.0,F_26_Klappenbach_FR1_FED141FR1.CSV
22.0,F_26_Klappenbach_FR1_FED141FR1.CSV
25.0,F_26_Klappenbach_FR1_FED141FR1.CSV
13.0,F_26_Klappenbach_FR1_FED141FR1.CSV
22.0,F_26_Klappenbach_FR1_FED141FR1.CSV
4408.0,F_26_Klappenbach_FR1_FED141FR1.CSV
17.0,F_26_Klappenbach_FR1_FED141FR1.CSV
20.0,F_26_Klappenbach_FR1_FED141FR1.CSV
16.0,F_26_Klappenbach_FR1_FED141FR1.CSV
2920.0,F_26_Klappenbach_FR1_FED141FR1.CSV
13.0,F_26_Klappenbach_FR1_FED141FR1.CSV
17.0,F_26_Klappenbach_FR1_FED141FR1.CSV
432.0,F_26_Klappenbach_FR1_FED141FR1.CSV
248.0,F_26_Klappenbach_FR1_FED141FR1.CSV
24.0,F_26_Klappenbach_FR1_FED141FR1.CSV
13.0,F_26_Klappenbach_FR1_FED141FR1.CSV
686.0,F_26_Klappenbach_FR1_FED141FR1.CSV
12.0,F_26_Klappenbach_FR1_FED141FR1.CSV
17.0,F_26_Klappenbach_FR1_FED141FR1.CSV
15.0,F_26_Klappenbach_FR1_FED141FR1.CSV
18.0,F_26_Klappenbach_FR1_FED141FR1.CSV
11.0,F_26_Klappenbach_FR1_FED141FR1.CSV
25.0,F_26_Klappenbach_FR1_FED141FR1.CSV
729.0,F_26_Klappenbach_FR1_FED141FR1.CSV
13.0,F_26_Klappenbach_FR1_FED141FR1.CSV
19.0,F_26_Klappenbach_FR1_FED141FR1.CSV
13.0,F_26_Klappenbach_FR1_FED141FR1.CSV
787.0,F_26_Klappenbach_FR1_FED141FR1.CSV
12.0,F_26_Klappenbach_FR1_FED141FR1.CSV
21.0,F_26_Klappenbach_FR1_FED141FR1.CSV
12.0,F_26_Klappenbach_FR1_FED141FR1.CSV
17.0,F_26_Klappenbach_FR1_FED141FR1.CSV
901.0,F_26_Klappenbach_FR1_FED141FR1.CSV
24.0,F_26_Klappenbach_FR1_FED141FR1.CSV
11.0,F_26_Klappenbach_FR1_FED141FR1.CSV
17.0,F_26_Klappenbach_FR1_FED141FR1.CSV
868.0,F_26_Klappenbach_FR1_FED141FR1.CSV
22.0,F_26_Klappenbach_FR1_FED141FR1.CSV
142.0,F_26_Klappenbach_FR1_FED141FR1.CSV
321.0,F_26_Klappenbach_FR1_FED141FR1.CSV
8.0,F_26_Klappenbach_FR1_FED141FR1.CSV
25.0,F_26_Klappenbach_FR1_FED141FR1.CSV
755.0,F_26_Klappenbach_FR1_FED141FR1.CSV
301.0,F_26_Klappenbach_FR1_FED141FR1.CSV
22.0,F_26_Klappenbach_FR1_FED141FR1.CSV
513.0,F_26_Klappenbach_FR1_FED141FR1.CSV
20.0,F_26_Klappenbach_FR1_FED141FR1.CSV
13.0,F_26_Klappenbach_FR1_FED141FR1.CSV
638.0,F_26_Klappenbach_FR1_FED141FR1.CSV
15.0,F_26_Klappenbach_FR1_FED141FR1.CSV
13.0,F_26_Klappenbach_FR1_FED141FR1.CSV
1423.0,F_26_Klappenbach_FR1_FED141FR1.CSV
13.0,F_26_Klappenbach_FR1_FED141FR1.CSV
25.0,F_26_Klappenbach_FR1_FED141FR1.CSV
527.0,F_26_Klappenbach_FR1_FED141FR1.CSV
13.0,F_26_Klappenbach_FR1_FED141FR1.CSV
1349.0,F_28_Klappenbach_FR1_FED147FR1.CSV
1042.0,F_28_Klappenbach_FR1_FED147FR1.CSV
460.0,F_28_Klappenbach_FR1_FED147FR1.CSV
39.0,F_28_Klappenbach_FR1_FED147FR1.CSV
104.0,F_28_Klappenbach_FR1_FED147FR1.CSV
1233.0,F_28_Klappenbach_FR1_FED147FR1.CSV
529.0,F_28_Klappenbach_FR1_FED147FR1.CSV
326.0,F_28_Klappenbach_FR1_FED147FR1.CSV
1740.0,F_28_Klappenbach_FR1_FED147FR1.CSV
188.0,F_28_Klappenbach_FR1_FED147FR1.CSV
144.0,F_28_Klappenbach_FR1_FED147FR1.CSV
84.0,F_28_Klappenbach_FR1_FED147FR1.CSV
28.0,F_28_Klappenbach_FR1_FED147FR1.CSV
29.0,F_28_Klappenbach_FR1_FED147FR1.CSV
64.0,F_28_Klappenbach_FR1_FED147FR1.CSV
29.0,F_28_Klappenbach_FR1_FED147FR1.CSV
41.0,F_28_Klappenbach_FR1_FED147FR1.CSV
25.0,F_28_Klappenbach_FR1_FED147FR1.CSV
28.0,F_28_Klappenbach_FR1_FED147FR1.CSV
49.0,F_28_Klappenbach_FR1_FED147FR1.CSV
24.0,F_28_Klappenbach_FR1_FED147FR1.CSV
37.0,F_28_Klappenbach_FR1_FED147FR1.CSV
17.0,F_28_Klappenbach_FR1_FED147FR1.CSV
26.0,F_28_Klappenbach_FR1_FED147FR1.CSV
527.0,F_28_Klappenbach_FR1_FED147FR1.CSV
923.0,F_28_Klappenbach_FR1_FED147FR1.CSV
26.0,F_28_Klappenbach_FR1_FED147FR1.CSV
23.0,F_28_Klappenbach_FR1_FED147FR1.CSV
16.0,F_28_Klappenbach_FR1_FED147FR1.CSV
24.0,F_28_Klappenbach_FR1_FED147FR1.CSV
28.0,F_28_Klappenbach_FR1_FED147FR1.CSV
20.0,F_28_Klappenbach_FR1_FED147FR1.CSV
19.0,F_28_Klappenbach_FR1_FED147FR1.CSV
24.0,F_28_Klappenbach_FR1_FED147FR1.CSV
40.0,F_28_Klappenbach_FR1_FED147FR1.CSV
320.0,F_28_Klappenbach_FR1_FED147FR1.CSV
693.0,F_28_Klappenbach_FR1_FED147FR1.CSV
34.0,F_28_Klappenbach_FR1_FED147FR1.CSV
21.0,F_28_Klappenbach_FR1_FED147FR1.CSV
13.0,F_28_Klappenbach_FR1_FED147FR1.CSV
17.0,F_28_Klappenbach_FR1_FED147FR1.CSV
29.0,F_28_Klappenbach_FR1_FED147FR1.CSV
17.0,F_28_Klappenbach_FR1_FED147FR1.CSV
440.0,F_28_Klappenbach_FR1_FED147FR1.CSV
557.0,F_28_Klappenbach_FR1_FED147FR1.CSV
18.0,F_28_Klappenbach_FR1_FED147FR1.CSV
19.0,F_28_Klappenbach_FR1_FED147FR1.CSV
15.0,F_28_Klappenbach_FR1_FED147FR1.CSV
20.0,F_28_Klappenbach_FR1_FED147FR1.CSV
17.0,F_28_Klappenbach_FR1_FED147FR1.CSV
20.0,F_28_Klappenbach_FR1_FED147FR1.CSV
20.0,F_28_Klappenbach_FR1_FED147FR1.CSV
585.0,F_28_Klappenbach_FR1_FED147FR1.CSV
203.0,F_28_Klappenbach_FR1_FED147FR1.CSV
20.0,F_28_Klappenbach_FR1_FED147FR1.CSV
16.0,F_28_Klappenbach_FR1_FED147FR1.CSV
453.0,F_28_Klappenbach_FR1_FED147FR1.CSV
20.0,F_28_Klappenbach_FR1_FED147FR1.CSV
17.0,F_28_Klappenbach_FR1_FED147FR1.CSV
16.0,F_28_Klappenbach_FR1_FED147FR1.CSV
17.0,F_28_Klappenbach_FR1_FED147FR1.CSV
183.0,F_28_Klappenbach_FR1_FED147FR1.CSV
572.0,F_28_Klappenbach_FR1_FED147FR1.CSV
190.0,F_28_Klappenbach_FR1_FED147FR1.CSV
18.0,F_28_Klappenbach_FR1_FED147FR1.CSV
23.0,F_28_Klappenbach_FR1_FED147FR1.CSV
13.0,F_28_Klappenbach_FR1_FED147FR1.CSV
22.0,F_28_Klappenbach_FR1_FED147FR1.CSV
233.0,F_28_Klappenbach_FR1_FED147FR1.CSV
21.0,F_28_Klappenbach_FR1_FED147FR1.CSV
17.0,F_28_Klappenbach_FR1_FED147FR1.CSV
752.0,F_28_Klappenbach_FR1_FED147FR1.CSV
15.0,F_28_Klappenbach_FR1_FED147FR1.CSV
21.0,F_28_Klappenbach_FR1_FED147FR1.CSV
14.0,F_28_Klappenbach_FR1_FED147FR1.CSV
20.0,F_28_Klappenbach_FR1_FED147FR1.CSV
16.0,F_28_Klappenbach_FR1_FED147FR1.CSV
21.0,F_28_Klappenbach_FR1_FED147FR1.CSV
261.0,F_28_Klappenbach_FR1_FED147FR1.CSV
303.0,F_28_Klappenbach_FR1_FED147FR1.CSV
25.0,F_28_Klappenbach_FR1_FED147FR1.CSV
360.0,F_28_Klappenbach_FR1_FED147FR1.CSV
396.0,F_28_Klappenbach_FR1_FED147FR1.CSV
295.0,F_28_Klappenbach_FR1_FED147FR1.CSV
21.0,F_28_Klappenbach_FR1_FED147FR1.CSV
15.0,F_28_Klappenbach_FR1_FED147FR1.CSV
18.0,F_28_Klappenbach_FR1_FED147FR1.CSV
20.0,F_28_Klappenbach_FR1_FED147FR1.CSV
329.0,F_28_Klappenbach_FR1_FED147FR1.CSV
1442.0,F_28_Klappenbach_FR1_FED147FR1.CSV
127.0,F_28_Klappenbach_FR1_FED147FR1.CSV
19.0,F_28_Klappenbach_FR1_FED147FR1.CSV
4053.0,F_28_Klappenbach_FR1_FED147FR1.CSV
24.0,F_28_Klappenbach_FR1_FED147FR1.CSV
708.0,F_28_Klappenbach_FR1_FED147FR1.CSV
21.0,F_28_Klappenbach_FR1_FED147FR1.CSV
14.0,F_28_Klappenbach_FR1_FED147FR1.CSV
194.0,F_28_Klappenbach_FR1_FED147FR1.CSV
14.0,F_28_Klappenbach_FR1_FED147FR1.CSV
13.0,F_28_Klappenbach_FR1_FED147FR1.CSV
14.0,F_28_Klappenbach_FR1_FED147FR1.CSV
272.0,F_28_Klappenbach_FR1_FED147FR1.CSV
15.0,F_28_Klappenbach_FR1_FED147FR1.CSV
12.0,F_28_Klappenbach_FR1_FED147FR1.CSV
16.0,F_28_Klappenbach_FR1_FED147FR1.CSV
21.0,F_28_Klappenbach_FR1_FED147FR1.CSV
597.0,F_28_Klappenbach_FR1_FED147FR1.CSV
20.0,F_28_Klappenbach_FR1_FED147FR1.CSV
15.0,F_28_Klappenbach_FR1_FED147FR1.CSV
15.0,F_28_Klappenbach_FR1_FED147FR1.CSV
17.0,F_28_Klappenbach_FR1_FED147FR1.CSV
23.0,F_28_Klappenbach_FR1_FED147FR1.CSV
16.0,F_28_Klappenbach_FR1_FED147FR1.CSV
756.0,F_28_Klappenbach_FR1_FED147FR1.CSV
20.0,F_28_Klappenbach_FR1_FED147FR1.CSV
18.0,F_28_Klappenbach_FR1_FED147FR1.CSV
37.0,F_28_Klappenbach_FR1_FED147FR1.CSV
1000.0,F_28_Klappenbach_FR1_FED147FR1.CSV
16.0,F_28_Klappenbach_FR1_FED147FR1.CSV
15.0,F_28_Klappenbach_FR1_FED147FR1.CSV
16.0,F_28_Klappenbach_FR1_FED147FR1.CSV
330.0,F_28_Klappenbach_FR1_FED147FR1.CSV
20.0,F_28_Klappenbach_FR1_FED147FR1.CSV
17.0,F_28_Klappenbach_FR1_FED147FR1.CSV
502.0,F_28_Klappenbach_FR1_FED147FR1.CSV
17.0,F_28_Klappenbach_FR1_FED147FR1.CSV
17.0,F_28_Klappenbach_FR1_FED147FR1.CSV
16.0,F_28_Klappenbach_FR1_FED147FR1.CSV
405.0,F_28_Klappenbach_FR1_FED147FR1.CSV
16.0,F_28_Klappenbach_FR1_FED147FR1.CSV
14.0,F_28_Klappenbach_FR1_FED147FR1.CSV
18.0,F_28_Klappenbach_FR1_FED147FR1.CSV
853.0,F_28_Klappenbach_FR1_FED147FR1.CSV
19.0,F_28_Klappenbach_FR1_FED147FR1.CSV
621.0,F_28_Klappenbach_FR1_FED147FR1.CSV
15.0,F_28_Klappenbach_FR1_FED147FR1.CSV
18.0,F_28_Klappenbach_FR1_FED147FR1.CSV
18.0,F_28_Klappenbach_FR1_FED147FR1.CSV
19.0,F_28_Klappenbach_FR1_FED147FR1.CSV
858.0,F_28_Klappenbach_FR1_FED147FR1.CSV
18.0,F_28_Klappenbach_FR1_FED147FR1.CSV
1010.0,F_28_Klappenbach_FR1_FED147FR1.CSV
17.0,F_28_Klappenbach_FR1_FED147FR1.CSV
13.0,F_28_Klappenbach_FR1_FED147FR1.CSV
24.0,F_28_Klappenbach_FR1_FED147FR1.CSV
345.0,F_28_Klappenbach_FR1_FED147FR1.CSV
13.0,F_28_Klappenbach_FR1_FED147FR1.CSV
4668.0,F_28_Klappenbach_FR1_FED147FR1.CSV
59.0,F_28_Klappenbach_FR1_FED147FR1.CSV
239.0,F_28_Klappenbach_FR1_FED147FR1.CSV
15.0,F_28_Klappenbach_FR1_FED147FR1.CSV
22.0,F_28_Klappenbach_FR1_FED147FR1.CSV
18.0,F_28_Klappenbach_FR1_FED147FR1.CSV
654.0,F_28_Klappenbach_FR1_FED147FR1.CSV
18.0,F_28_Klappenbach_FR1_FED147FR1.CSV
17.0,F_28_Klappenbach_FR1_FED147FR1.CSV
15.0,F_28_Klappenbach_FR1_FED147FR1.CSV
20.0,F_28_Klappenbach_FR1_FED147FR1.CSV
19.0,F_28_Klappenbach_FR1_FED147FR1.CSV
18.0,F_28_Klappenbach_FR1_FED147FR1.CSV
671.0,F_28_Klappenbach_FR1_FED147FR1.CSV
18.0,F_28_Klappenbach_FR1_FED147FR1.CSV
17.0,F_28_Klappenbach_FR1_FED147FR1.CSV
1082.0,F_28_Klappenbach_FR1_FED147FR1.CSV
16.0,F_28_Klappenbach_FR1_FED147FR1.CSV
132.0,F_28_Klappenbach_FR1_FED147FR1.CSV
14.0,F_28_Klappenbach_FR1_FED147FR1.CSV
24.0,F_28_Klappenbach_FR1_FED147FR1.CSV
1282.0,F_28_Klappenbach_FR1_FED147FR1.CSV
20.0,F_28_Klappenbach_FR1_FED147FR1.CSV
4425.0,F_28_Klappenbach_FR1_FED147FR1.CSV
17.0,F_28_Klappenbach_FR1_FED147FR1.CSV
17.0,F_28_Klappenbach_FR1_FED147FR1.CSV
19.0,F_28_Klappenbach_FR1_FED147FR1.CSV
17.0,F_28_Klappenbach_FR1_FED147FR1.CSV
734.0,F_28_Klappenbach_FR1_FED147FR1.CSV
446.0,F_28_Klappenbach_FR1_FED147FR1.CSV
31.0,F_28_Klappenbach_FR1_FED147FR1.CSV
23.0,F_28_Klappenbach_FR1_FED147FR1.CSV
7003.0,F_28_Klappenbach_FR1_FED147FR1.CSV
18.0,F_28_Klappenbach_FR1_FED147FR1.CSV
23.0,F_28_Klappenbach_FR1_FED147FR1.CSV
20.0,F_28_Klappenbach_FR1_FED147FR1.CSV
11.0,F_28_Klappenbach_FR1_FED147FR1.CSV
25.0,F_28_Klappenbach_FR1_FED147FR1.CSV
5179.0,F_28_Klappenbach_FR1_FED147FR1.CSV
20.0,F_28_Klappenbach_FR1_FED147FR1.CSV
269.0,F_28_Klappenbach_FR1_FED147FR1.CSV
19.0,F_28_Klappenbach_FR1_FED147FR1.CSV
226.0,F_28_Klappenbach_FR1_FED147FR1.CSV
22.0,F_28_Klappenbach_FR1_FED147FR1.CSV
15.0,F_28_Klappenbach_FR1_FED147FR1.CSV
25.0,F_28_Klappenbach_FR1_FED147FR1.CSV
636.0,F_28_Klappenbach_FR1_FED147FR1.CSV
18.0,F_28_Klappenbach_FR1_FED147FR1.CSV
16.0,F_28_Klappenbach_FR1_FED147FR1.CSV
17.0,F_28_Klappenbach_FR1_FED147FR1.CSV
484.0,F_28_Klappenbach_FR1_FED147FR1.CSV
720.0,F_28_Klappenbach_FR1_FED147FR1.CSV
6249.0,F_28_Klappenbach_FR1_FED147FR1.CSV
19.0,F_28_Klappenbach_FR1_FED147FR1.CSV
25.0,F_28_Klappenbach_FR1_FED147FR1.CSV
21.0,F_28_Klappenbach_FR1_FED147FR1.CSV
20.0,F_28_Klappenbach_FR1_FED147FR1.CSV
24.0,F_28_Klappenbach_FR1_FED147FR1.CSV
544.0,F_28_Klappenbach_FR1_FED147FR1.CSV
18.0,F_28_Klappenbach_FR1_FED147FR1.CSV
20.0,F_28_Klappenbach_FR1_FED147FR1.CSV
5581.0,F_28_Klappenbach_FR1_FED147FR1.CSV
27.0,F_28_Klappenbach_FR1_FED147FR1.CSV
19.0,F_28_Klappenbach_FR1_FED147FR1.CSV
27.0,F_28_Klappenbach_FR1_FED147FR1.CSV
16.0,F_28_Klappenbach_FR1_FED147FR1.CSV
21.0,F_28_Klappenbach_FR1_FED147FR1.CSV
24.0,F_28_Klappenbach_FR1_FED147FR1.CSV
591.0,F_28_Klappenbach_FR1_FED147FR1.CSV
208.0,F_28_Klappenbach_FR1_FED147FR1.CSV
14.0,F_28_Klappenbach_FR1_FED147FR1.CSV
22.0,F_28_Klappenbach_FR1_FED147FR1.CSV
17.0,F_28_Klappenbach_FR1_FED147FR1.CSV
18.0,F_28_Klappenbach_FR1_FED147FR1.CSV
341.0,F_28_Klappenbach_FR1_FED147FR1.CSV
156.0,F_28_Klappenbach_FR1_FED147FR1.CSV
156.0,F_28_Klappenbach_FR1_FED147FR1.CSV
314.0,F_28_Klappenbach_FR1_FED147FR1.CSV
21.0,F_28_Klappenbach_FR1_FED147FR1.CSV
16.0,F_28_Klappenbach_FR1_FED147FR1.CSV
30.0,F_28_Klappenbach_FR1_FED147FR1.CSV
3319.0,F_28_Klappenbach_FR1_FED147FR1.CSV
20.0,F_28_Klappenbach_FR1_FED147FR1.CSV
20.0,F_28_Klappenbach_FR1_FED147FR1.CSV
19.0,F_28_Klappenbach_FR1_FED147FR1.CSV
21.0,F_28_Klappenbach_FR1_FED147FR1.CSV
18.0,F_28_Klappenbach_FR1_FED147FR1.CSV
21.0,F_28_Klappenbach_FR1_FED147FR1.CSV
25.0,F_28_Klappenbach_FR1_FED147FR1.CSV
880.0,F_28_Klappenbach_FR1_FED147FR1.CSV
15.0,F_28_Klappenbach_FR1_FED147FR1.CSV
19.0,F_28_Klappenbach_FR1_FED147FR1.CSV
23.0,F_28_Klappenbach_FR1_FED147FR1.CSV
25.0,F_28_Klappenbach_FR1_FED147FR1.CSV
429.0,F_28_Klappenbach_FR1_FED147FR1.CSV
17.0,F_28_Klappenbach_FR1_FED147FR1.CSV
25.0,F_28_Klappenbach_FR1_FED147FR1.CSV
406.0,F_28_Klappenbach_FR1_FED147FR1.CSV
13.0,F_28_Klappenbach_FR1_FED147FR1.CSV
17.0,F_28_Klappenbach_FR1_FED147FR1.CSV
16.0,F_28_Klappenbach_FR1_FED147FR1.CSV
570.0,F_28_Klappenbach_FR1_FED147FR1.CSV
18.0,F_28_Klappenbach_FR1_FED147FR1.CSV
19.0,F_28_Klappenbach_FR1_FED147FR1.CSV
27.0,F_28_Klappenbach_FR1_FED147FR1.CSV
16.0,F_28_Klappenbach_FR1_FED147FR1.CSV
378.0,F_28_Klappenbach_FR1_FED147FR1.CSV
810.0,F_28_Klappenbach_FR1_FED147FR1.CSV
16.0,F_28_Klappenbach_FR1_FED147FR1.CSV
44.0,F_28_Klappenbach_FR1_FED147FR1.CSV
29.0,F_28_Klappenbach_FR1_FED147FR1.CSV
554.0,F_28_Klappenbach_FR1_FED147FR1.CSV
175.0,F_28_Klappenbach_FR1_FED147FR1.CSV
2181.0,F_28_Klappenbach_FR1_FED147FR1.CSV
33.0,F_28_Klappenbach_FR1_FED147FR1.CSV
1078.0,F_27_Klappenbach_FR1_FED146FR1.CSV
98.0,F_27_Klappenbach_FR1_FED146FR1.CSV
1271.0,F_27_Klappenbach_FR1_FED146FR1.CSV
91.0,F_27_Klappenbach_FR1_FED146FR1.CSV
630.0,F_27_Klappenbach_FR1_FED146FR1.CSV
663.0,F_27_Klappenbach_FR1_FED146FR1.CSV
213.0,F_27_Klappenbach_FR1_FED146FR1.CSV
325.0,F_27_Klappenbach_FR1_FED146FR1.CSV
662.0,F_27_Klappenbach_FR1_FED146FR1.CSV
423.0,F_27_Klappenbach_FR1_FED146FR1.CSV
812.0,F_27_Klappenbach_FR1_FED146FR1.CSV
349.0,F_27_Klappenbach_FR1_FED146FR1.CSV
926.0,F_27_Klappenbach_FR1_FED146FR1.CSV
34.0,F_27_Klappenbach_FR1_FED146FR1.CSV
66.0,F_27_Klappenbach_FR1_FED146FR1.CSV
67.0,F_27_Klappenbach_FR1_FED146FR1.CSV
54.0,F_27_Klappenbach_FR1_FED146FR1.CSV
107.0,F_27_Klappenbach_FR1_FED146FR1.CSV
35.0,F_27_Klappenbach_FR1_FED146FR1.CSV
74.0,F_27_Klappenbach_FR1_FED146FR1.CSV
186.0,F_27_Klappenbach_FR1_FED146FR1.CSV
64.0,F_27_Klappenbach_FR1_FED146FR1.CSV
73.0,F_27_Klappenbach_FR1_FED146FR1.CSV
75.0,F_27_Klappenbach_FR1_FED146FR1.CSV
55.0,F_27_Klappenbach_FR1_FED146FR1.CSV
248.0,F_27_Klappenbach_FR1_FED146FR1.CSV
222.0,F_27_Klappenbach_FR1_FED146FR1.CSV
49.0,F_27_Klappenbach_FR1_FED146FR1.CSV
158.0,F_27_Klappenbach_FR1_FED146FR1.CSV
1365.0,F_27_Klappenbach_FR1_FED146FR1.CSV
105.0,F_27_Klappenbach_FR1_FED146FR1.CSV
86.0,F_27_Klappenbach_FR1_FED146FR1.CSV
31.0,F_27_Klappenbach_FR1_FED146FR1.CSV
33.0,F_27_Klappenbach_FR1_FED146FR1.CSV
80.0,F_27_Klappenbach_FR1_FED146FR1.CSV
38.0,F_27_Klappenbach_FR1_FED146FR1.CSV
48.0,F_27_Klappenbach_FR1_FED146FR1.CSV
46.0,F_27_Klappenbach_FR1_FED146FR1.CSV
37.0,F_27_Klappenbach_FR1_FED146FR1.CSV
19.0,F_27_Klappenbach_FR1_FED146FR1.CSV
191.0,F_27_Klappenbach_FR1_FED146FR1.CSV
350.0,F_27_Klappenbach_FR1_FED146FR1.CSV
36.0,F_27_Klappenbach_FR1_FED146FR1.CSV
23.0,F_27_Klappenbach_FR1_FED146FR1.CSV
37.0,F_27_Klappenbach_FR1_FED146FR1.CSV
421.0,F_27_Klappenbach_FR1_FED146FR1.CSV
29.0,F_27_Klappenbach_FR1_FED146FR1.CSV
58.0,F_27_Klappenbach_FR1_FED146FR1.CSV
300.0,F_27_Klappenbach_FR1_FED146FR1.CSV
19.0,F_27_Klappenbach_FR1_FED146FR1.CSV
453.0,F_27_Klappenbach_FR1_FED146FR1.CSV
53.0,F_27_Klappenbach_FR1_FED146FR1.CSV
41.0,F_27_Klappenbach_FR1_FED146FR1.CSV
49.0,F_27_Klappenbach_FR1_FED146FR1.CSV
47.0,F_27_Klappenbach_FR1_FED146FR1.CSV
32.0,F_27_Klappenbach_FR1_FED146FR1.CSV
337.0,F_27_Klappenbach_FR1_FED146FR1.CSV
47.0,F_27_Klappenbach_FR1_FED146FR1.CSV
190.0,F_27_Klappenbach_FR1_FED146FR1.CSV
291.0,F_27_Klappenbach_FR1_FED146FR1.CSV
26.0,F_27_Klappenbach_FR1_FED146FR1.CSV
47.0,F_27_Klappenbach_FR1_FED146FR1.CSV
21.0,F_27_Klappenbach_FR1_FED146FR1.CSV
38.0,F_27_Klappenbach_FR1_FED146FR1.CSV
46.0,F_27_Klappenbach_FR1_FED146FR1.CSV
23.0,F_27_Klappenbach_FR1_FED146FR1.CSV
585.0,F_27_Klappenbach_FR1_FED146FR1.CSV
32.0,F_27_Klappenbach_FR1_FED146FR1.CSV
31.0,F_27_Klappenbach_FR1_FED146FR1.CSV
22.0,F_27_Klappenbach_FR1_FED146FR1.CSV
27.0,F_27_Klappenbach_FR1_FED146FR1.CSV
29.0,F_27_Klappenbach_FR1_FED146FR1.CSV
749.0,F_27_Klappenbach_FR1_FED146FR1.CSV
43.0,F_27_Klappenbach_FR1_FED146FR1.CSV
25.0,F_27_Klappenbach_FR1_FED146FR1.CSV
41.0,F_27_Klappenbach_FR1_FED146FR1.CSV
14.0,F_27_Klappenbach_FR1_FED146FR1.CSV
37.0,F_27_Klappenbach_FR1_FED146FR1.CSV
23.0,F_27_Klappenbach_FR1_FED146FR1.CSV
555.0,F_27_Klappenbach_FR1_FED146FR1.CSV
23.0,F_27_Klappenbach_FR1_FED146FR1.CSV
30.0,F_27_Klappenbach_FR1_FED146FR1.CSV
36.0,F_27_Klappenbach_FR1_FED146FR1.CSV
33.0,F_27_Klappenbach_FR1_FED146FR1.CSV
644.0,F_27_Klappenbach_FR1_FED146FR1.CSV
42.0,F_27_Klappenbach_FR1_FED146FR1.CSV
31.0,F_27_Klappenbach_FR1_FED146FR1.CSV
43.0,F_27_Klappenbach_FR1_FED146FR1.CSV
5002.0,F_27_Klappenbach_FR1_FED146FR1.CSV
22.0,F_27_Klappenbach_FR1_FED146FR1.CSV
18.0,F_27_Klappenbach_FR1_FED146FR1.CSV
19.0,F_27_Klappenbach_FR1_FED146FR1.CSV
53.0,F_27_Klappenbach_FR1_FED146FR1.CSV
23.0,F_27_Klappenbach_FR1_FED146FR1.CSV
928.0,F_27_Klappenbach_FR1_FED146FR1.CSV
24.0,F_27_Klappenbach_FR1_FED146FR1.CSV
29.0,F_27_Klappenbach_FR1_FED146FR1.CSV
30.0,F_27_Klappenbach_FR1_FED146FR1.CSV
17.0,F_27_Klappenbach_FR1_FED146FR1.CSV
25.0,F_27_Klappenbach_FR1_FED146FR1.CSV
25.0,F_27_Klappenbach_FR1_FED146FR1.CSV
48.0,F_27_Klappenbach_FR1_FED146FR1.CSV
46.0,F_27_Klappenbach_FR1_FED146FR1.CSV
3316.0,F_27_Klappenbach_FR1_FED146FR1.CSV
26.0,F_27_Klappenbach_FR1_FED146FR1.CSV
32.0,F_27_Klappenbach_FR1_FED146FR1.CSV
30.0,F_27_Klappenbach_FR1_FED146FR1.CSV
605.0,F_27_Klappenbach_FR1_FED146FR1.CSV
17.0,F_27_Klappenbach_FR1_FED146FR1.CSV
28.0,F_27_Klappenbach_FR1_FED146FR1.CSV
19.0,F_27_Klappenbach_FR1_FED146FR1.CSV
23.0,F_27_Klappenbach_FR1_FED146FR1.CSV
22.0,F_27_Klappenbach_FR1_FED146FR1.CSV
28.0,F_27_Klappenbach_FR1_FED146FR1.CSV
25.0,F_27_Klappenbach_FR1_FED146FR1.CSV
1025.0,F_27_Klappenbach_FR1_FED146FR1.CSV
26.0,F_27_Klappenbach_FR1_FED146FR1.CSV
20.0,F_27_Klappenbach_FR1_FED146FR1.CSV
37.0,F_27_Klappenbach_FR1_FED146FR1.CSV
17.0,F_27_Klappenbach_FR1_FED146FR1.CSV
34.0,F_27_Klappenbach_FR1_FED146FR1.CSV
29.0,F_27_Klappenbach_FR1_FED146FR1.CSV
30.0,F_27_Klappenbach_FR1_FED146FR1.CSV
39.0,F_27_Klappenbach_FR1_FED146FR1.CSV
22.0,F_27_Klappenbach_FR1_FED146FR1.CSV
782.0,F_27_Klappenbach_FR1_FED146FR1.CSV
30.0,F_27_Klappenbach_FR1_FED146FR1.CSV
1122.0,F_27_Klappenbach_FR1_FED146FR1.CSV
19.0,F_27_Klappenbach_FR1_FED146FR1.CSV
38.0,F_27_Klappenbach_FR1_FED146FR1.CSV
22.0,F_27_Klappenbach_FR1_FED146FR1.CSV
30.0,F_27_Klappenbach_FR1_FED146FR1.CSV
199.0,F_27_Klappenbach_FR1_FED146FR1.CSV
1008.0,F_27_Klappenbach_FR1_FED146FR1.CSV
31.0,F_27_Klappenbach_FR1_FED146FR1.CSV
22.0,F_27_Klappenbach_FR1_FED146FR1.CSV
20.0,F_27_Klappenbach_FR1_FED146FR1.CSV
23.0,F_27_Klappenbach_FR1_FED146FR1.CSV
23.0,F_27_Klappenbach_FR1_FED146FR1.CSV
35.0,F_27_Klappenbach_FR1_FED146FR1.CSV
23.0,F_27_Klappenbach_FR1_FED146FR1.CSV
4727.0,F_27_Klappenbach_FR1_FED146FR1.CSV
303.0,F_27_Klappenbach_FR1_FED146FR1.CSV
395.0,F_27_Klappenbach_FR1_FED146FR1.CSV
35.0,F_27_Klappenbach_FR1_FED146FR1.CSV
4498.0,F_27_Klappenbach_FR1_FED146FR1.CSV
26.0,F_27_Klappenbach_FR1_FED146FR1.CSV
20.0,F_27_Klappenbach_FR1_FED146FR1.CSV
20.0,F_27_Klappenbach_FR1_FED146FR1.CSV
24.0,F_27_Klappenbach_FR1_FED146FR1.CSV
17.0,F_27_Klappenbach_FR1_FED146FR1.CSV
26.0,F_27_Klappenbach_FR1_FED146FR1.CSV
24.0,F_27_Klappenbach_FR1_FED146FR1.CSV
3780.0,F_27_Klappenbach_FR1_FED146FR1.CSV
4721.0,F_27_Klappenbach_FR1_FED146FR1.CSV
22.0,F_27_Klappenbach_FR1_FED146FR1.CSV
24.0,F_27_Klappenbach_FR1_FED146FR1.CSV
18.0,F_27_Klappenbach_FR1_FED146FR1.CSV
22.0,F_27_Klappenbach_FR1_FED146FR1.CSV
24.0,F_27_Klappenbach_FR1_FED146FR1.CSV
21.0,F_27_Klappenbach_FR1_FED146FR1.CSV
25.0,F_27_Klappenbach_FR1_FED146FR1.CSV
16.0,F_27_Klappenbach_FR1_FED146FR1.CSV
732.0,F_27_Klappenbach_FR1_FED146FR1.CSV
30.0,F_27_Klappenbach_FR1_FED146FR1.CSV
20.0,F_27_Klappenbach_FR1_FED146FR1.CSV
7476.0,F_27_Klappenbach_FR1_FED146FR1.CSV
24.0,F_27_Klappenbach_FR1_FED146FR1.CSV
16.0,F_27_Klappenbach_FR1_FED146FR1.CSV
22.0,F_27_Klappenbach_FR1_FED146FR1.CSV
18.0,F_27_Klappenbach_FR1_FED146FR1.CSV
17.0,F_27_Klappenbach_FR1_FED146FR1.CSV
20.0,F_27_Klappenbach_FR1_FED146FR1.CSV
21.0,F_27_Klappenbach_FR1_FED146FR1.CSV
3493.0,F_27_Klappenbach_FR1_FED146FR1.CSV
20.0,F_27_Klappenbach_FR1_FED146FR1.CSV
19.0,F_27_Klappenbach_FR1_FED146FR1.CSV
15.0,F_27_Klappenbach_FR1_FED146FR1.CSV
20.0,F_27_Klappenbach_FR1_FED146FR1.CSV
23.0,F_27_Klappenbach_FR1_FED146FR1.CSV
5740.0,F_27_Klappenbach_FR1_FED146FR1.CSV
22.0,F_27_Klappenbach_FR1_FED146FR1.CSV
18.0,F_27_Klappenbach_FR1_FED146FR1.CSV
18.0,F_27_Klappenbach_FR1_FED146FR1.CSV
15.0,F_27_Klappenbach_FR1_FED146FR1.CSV
19.0,F_27_Klappenbach_FR1_FED146FR1.CSV
3487.0,F_27_Klappenbach_FR1_FED146FR1.CSV
26.0,F_27_Klappenbach_FR1_FED146FR1.CSV
18.0,F_27_Klappenbach_FR1_FED146FR1.CSV
28.0,F_27_Klappenbach_FR1_FED146FR1.CSV
16.0,F_27_Klappenbach_FR1_FED146FR1.CSV
17.0,F_27_Klappenbach_FR1_FED146FR1.CSV
20.0,F_27_Klappenbach_FR1_FED146FR1.CSV
19.0,F_27_Klappenbach_FR1_FED146FR1.CSV
4270.0,F_27_Klappenbach_FR1_FED146FR1.CSV
19.0,F_27_Klappenbach_FR1_FED146FR1.CSV
44.0,F_27_Klappenbach_FR1_FED146FR1.CSV
15.0,F_27_Klappenbach_FR1_FED146FR1.CSV
23.0,F_27_Klappenbach_FR1_FED146FR1.CSV
24.0,F_27_Klappenbach_FR1_FED146FR1.CSV
22.0,F_27_Klappenbach_FR1_FED146FR1.CSV
1057.0,F_27_Klappenbach_FR1_FED146FR1.CSV
44.0,F_27_Klappenbach_FR1_FED146FR1.CSV
27.0,F_27_Klappenbach_FR1_FED146FR1.CSV
435.0,F_27_Klappenbach_FR1_FED146FR1.CSV
25.0,F_27_Klappenbach_FR1_FED146FR1.CSV
16.0,F_27_Klappenbach_FR1_FED146FR1.CSV
16.0,F_27_Klappenbach_FR1_FED146FR1.CSV
22.0,F_27_Klappenbach_FR1_FED146FR1.CSV
4988.0,F_27_Klappenbach_FR1_FED146FR1.CSV
271.0,F_27_Klappenbach_FR1_FED146FR1.CSV
33.0,F_27_Klappenbach_FR1_FED146FR1.CSV
17.0,F_27_Klappenbach_FR1_FED146FR1.CSV
25.0,F_27_Klappenbach_FR1_FED146FR1.CSV
17.0,F_27_Klappenbach_FR1_FED146FR1.CSV
24.0,F_27_Klappenbach_FR1_FED146FR1.CSV
66.0,F_30_Klappenbach_FR1_FED152FR1.CSV
249.0,F_30_Klappenbach_FR1_FED152FR1.CSV
366.0,F_30_Klappenbach_FR1_FED152FR1.CSV
525.0,F_30_Klappenbach_FR1_FED152FR1.CSV
764.0,F_30_Klappenbach_FR1_FED152FR1.CSV
37.0,F_30_Klappenbach_FR1_FED152FR1.CSV
1074.0,F_30_Klappenbach_FR1_FED152FR1.CSV
77.0,F_30_Klappenbach_FR1_FED152FR1.CSV
413.0,F_30_Klappenbach_FR1_FED152FR1.CSV
154.0,F_30_Klappenbach_FR1_FED152FR1.CSV
184.0,F_30_Klappenbach_FR1_FED152FR1.CSV
508.0,F_30_Klappenbach_FR1_FED152FR1.CSV
120.0,F_30_Klappenbach_FR1_FED152FR1.CSV
195.0,F_30_Klappenbach_FR1_FED152FR1.CSV
30.0,F_30_Klappenbach_FR1_FED152FR1.CSV
41.0,F_30_Klappenbach_FR1_FED152FR1.CSV
19.0,F_30_Klappenbach_FR1_FED152FR1.CSV
24.0,F_30_Klappenbach_FR1_FED152FR1.CSV
19.0,F_30_Klappenbach_FR1_FED152FR1.CSV
34.0,F_30_Klappenbach_FR1_FED152FR1.CSV
26.0,F_30_Klappenbach_FR1_FED152FR1.CSV
24.0,F_30_Klappenbach_FR1_FED152FR1.CSV
38.0,F_30_Klappenbach_FR1_FED152FR1.CSV
64.0,F_30_Klappenbach_FR1_FED152FR1.CSV
43.0,F_30_Klappenbach_FR1_FED152FR1.CSV
213.0,F_30_Klappenbach_FR1_FED152FR1.CSV
59.0,F_30_Klappenbach_FR1_FED152FR1.CSV
63.0,F_30_Klappenbach_FR1_FED152FR1.CSV
35.0,F_30_Klappenbach_FR1_FED152FR1.CSV
90.0,F_30_Klappenbach_FR1_FED152FR1.CSV
210.0,F_30_Klappenbach_FR1_FED152FR1.CSV
25.0,F_30_Klappenbach_FR1_FED152FR1.CSV
243.0,F_30_Klappenbach_FR1_FED152FR1.CSV
41.0,F_30_Klappenbach_FR1_FED152FR1.CSV
20.0,F_30_Klappenbach_FR1_FED152FR1.CSV
28.0,F_30_Klappenbach_FR1_FED152FR1.CSV
26.0,F_30_Klappenbach_FR1_FED152FR1.CSV
273.0,F_30_Klappenbach_FR1_FED152FR1.CSV
20.0,F_30_Klappenbach_FR1_FED152FR1.CSV
54.0,F_30_Klappenbach_FR1_FED152FR1.CSV
316.0,F_30_Klappenbach_FR1_FED152FR1.CSV
15.0,F_30_Klappenbach_FR1_FED152FR1.CSV
18.0,F_30_Klappenbach_FR1_FED152FR1.CSV
72.0,F_30_Klappenbach_FR1_FED152FR1.CSV
16.0,F_30_Klappenbach_FR1_FED152FR1.CSV
21.0,F_30_Klappenbach_FR1_FED152FR1.CSV
26.0,F_30_Klappenbach_FR1_FED152FR1.CSV
18.0,F_30_Klappenbach_FR1_FED152FR1.CSV
32.0,F_30_Klappenbach_FR1_FED152FR1.CSV
435.0,F_30_Klappenbach_FR1_FED152FR1.CSV
600.0,F_30_Klappenbach_FR1_FED152FR1.CSV
137.0,F_30_Klappenbach_FR1_FED152FR1.CSV
59.0,F_30_Klappenbach_FR1_FED152FR1.CSV
481.0,F_30_Klappenbach_FR1_FED152FR1.CSV
93.0,F_30_Klappenbach_FR1_FED152FR1.CSV
14.0,F_30_Klappenbach_FR1_FED152FR1.CSV
20.0,F_30_Klappenbach_FR1_FED152FR1.CSV
23.0,F_30_Klappenbach_FR1_FED152FR1.CSV
145.0,F_30_Klappenbach_FR1_FED152FR1.CSV
187.0,F_30_Klappenbach_FR1_FED152FR1.CSV
371.0,F_30_Klappenbach_FR1_FED152FR1.CSV
12.0,F_30_Klappenbach_FR1_FED152FR1.CSV
319.0,F_30_Klappenbach_FR1_FED152FR1.CSV
20.0,F_30_Klappenbach_FR1_FED152FR1.CSV
23.0,F_30_Klappenbach_FR1_FED152FR1.CSV
23.0,F_30_Klappenbach_FR1_FED152FR1.CSV
17.0,F_30_Klappenbach_FR1_FED152FR1.CSV
23.0,F_30_Klappenbach_FR1_FED152FR1.CSV
20.0,F_30_Klappenbach_FR1_FED152FR1.CSV
403.0,F_30_Klappenbach_FR1_FED152FR1.CSV
365.0,F_30_Klappenbach_FR1_FED152FR1.CSV
19.0,F_30_Klappenbach_FR1_FED152FR1.CSV
496.0,F_30_Klappenbach_FR1_FED152FR1.CSV
797.0,F_30_Klappenbach_FR1_FED152FR1.CSV
157.0,F_30_Klappenbach_FR1_FED152FR1.CSV
14.0,F_30_Klappenbach_FR1_FED152FR1.CSV
23.0,F_30_Klappenbach_FR1_FED152FR1.CSV
33.0,F_30_Klappenbach_FR1_FED152FR1.CSV
215.0,F_30_Klappenbach_FR1_FED152FR1.CSV
87.0,F_30_Klappenbach_FR1_FED152FR1.CSV
66.0,F_30_Klappenbach_FR1_FED152FR1.CSV
160.0,F_30_Klappenbach_FR1_FED152FR1.CSV
24.0,F_30_Klappenbach_FR1_FED152FR1.CSV
564.0,F_30_Klappenbach_FR1_FED152FR1.CSV
146.0,F_30_Klappenbach_FR1_FED152FR1.CSV
213.0,F_30_Klappenbach_FR1_FED152FR1.CSV
26.0,F_30_Klappenbach_FR1_FED152FR1.CSV
107.0,F_30_Klappenbach_FR1_FED152FR1.CSV
14.0,F_30_Klappenbach_FR1_FED152FR1.CSV
20.0,F_30_Klappenbach_FR1_FED152FR1.CSV
15.0,F_30_Klappenbach_FR1_FED152FR1.CSV
838.0,F_30_Klappenbach_FR1_FED152FR1.CSV
233.0,F_30_Klappenbach_FR1_FED152FR1.CSV
14.0,F_30_Klappenbach_FR1_FED152FR1.CSV
366.0,F_30_Klappenbach_FR1_FED152FR1.CSV
294.0,F_30_Klappenbach_FR1_FED152FR1.CSV
7459.0,F_30_Klappenbach_FR1_FED152FR1.CSV
44.0,F_30_Klappenbach_FR1_FED152FR1.CSV
46.0,F_30_Klappenbach_FR1_FED152FR1.CSV
33.0,F_30_Klappenbach_FR1_FED152FR1.CSV
305.0,F_30_Klappenbach_FR1_FED152FR1.CSV
60.0,F_30_Klappenbach_FR1_FED152FR1.CSV
420.0,F_30_Klappenbach_FR1_FED152FR1.CSV
35.0,F_30_Klappenbach_FR1_FED152FR1.CSV
25.0,F_30_Klappenbach_FR1_FED152FR1.CSV
500.0,F_30_Klappenbach_FR1_FED152FR1.CSV
20.0,F_30_Klappenbach_FR1_FED152FR1.CSV
16.0,F_30_Klappenbach_FR1_FED152FR1.CSV
305.0,F_30_Klappenbach_FR1_FED152FR1.CSV
337.0,F_30_Klappenbach_FR1_FED152FR1.CSV
17.0,F_30_Klappenbach_FR1_FED152FR1.CSV
19.0,F_30_Klappenbach_FR1_FED152FR1.CSV
17.0,F_30_Klappenbach_FR1_FED152FR1.CSV
209.0,F_30_Klappenbach_FR1_FED152FR1.CSV
17.0,F_30_Klappenbach_FR1_FED152FR1.CSV
157.0,F_30_Klappenbach_FR1_FED152FR1.CSV
18.0,F_30_Klappenbach_FR1_FED152FR1.CSV
376.0,F_30_Klappenbach_FR1_FED152FR1.CSV
28.0,F_30_Klappenbach_FR1_FED152FR1.CSV
433.0,F_30_Klappenbach_FR1_FED152FR1.CSV
433.0,F_30_Klappenbach_FR1_FED152FR1.CSV
27.0,F_30_Klappenbach_FR1_FED152FR1.CSV
16.0,F_30_Klappenbach_FR1_FED152FR1.CSV
17.0,F_30_Klappenbach_FR1_FED152FR1.CSV
22.0,F_30_Klappenbach_FR1_FED152FR1.CSV
20.0,F_30_Klappenbach_FR1_FED152FR1.CSV
215.0,F_30_Klappenbach_FR1_FED152FR1.CSV
720.0,F_30_Klappenbach_FR1_FED152FR1.CSV
16.0,F_30_Klappenbach_FR1_FED152FR1.CSV
19.0,F_30_Klappenbach_FR1_FED152FR1.CSV
18.0,F_30_Klappenbach_FR1_FED152FR1.CSV
606.0,F_30_Klappenbach_FR1_FED152FR1.CSV
73.0,F_30_Klappenbach_FR1_FED152FR1.CSV
173.0,F_30_Klappenbach_FR1_FED152FR1.CSV
241.0,F_30_Klappenbach_FR1_FED152FR1.CSV
305.0,F_30_Klappenbach_FR1_FED152FR1.CSV
21.0,F_30_Klappenbach_FR1_FED152FR1.CSV
20.0,F_30_Klappenbach_FR1_FED152FR1.CSV
11.0,F_30_Klappenbach_FR1_FED152FR1.CSV
460.0,F_30_Klappenbach_FR1_FED152FR1.CSV
19.0,F_30_Klappenbach_FR1_FED152FR1.CSV
12.0,F_30_Klappenbach_FR1_FED152FR1.CSV
23.0,F_30_Klappenbach_FR1_FED152FR1.CSV
28.0,F_30_Klappenbach_FR1_FED152FR1.CSV
15.0,F_30_Klappenbach_FR1_FED152FR1.CSV
18.0,F_30_Klappenbach_FR1_FED152FR1.CSV
26.0,F_30_Klappenbach_FR1_FED152FR1.CSV
727.0,F_30_Klappenbach_FR1_FED152FR1.CSV
133.0,F_30_Klappenbach_FR1_FED152FR1.CSV
17.0,F_30_Klappenbach_FR1_FED152FR1.CSV
551.0,F_30_Klappenbach_FR1_FED152FR1.CSV
18.0,F_30_Klappenbach_FR1_FED152FR1.CSV
23.0,F_30_Klappenbach_FR1_FED152FR1.CSV
17.0,F_30_Klappenbach_FR1_FED152FR1.CSV
21.0,F_30_Klappenbach_FR1_FED152FR1.CSV
22.0,F_30_Klappenbach_FR1_FED152FR1.CSV
147.0,F_30_Klappenbach_FR1_FED152FR1.CSV
972.0,F_30_Klappenbach_FR1_FED152FR1.CSV
22.0,F_30_Klappenbach_FR1_FED152FR1.CSV
20.0,F_30_Klappenbach_FR1_FED152FR1.CSV
25.0,F_30_Klappenbach_FR1_FED152FR1.CSV
15.0,F_30_Klappenbach_FR1_FED152FR1.CSV
25.0,F_30_Klappenbach_FR1_FED152FR1.CSV
5274.0,F_30_Klappenbach_FR1_FED152FR1.CSV
23.0,F_30_Klappenbach_FR1_FED152FR1.CSV
24.0,F_30_Klappenbach_FR1_FED152FR1.CSV
25.0,F_30_Klappenbach_FR1_FED152FR1.CSV
22.0,F_30_Klappenbach_FR1_FED152FR1.CSV
18.0,F_30_Klappenbach_FR1_FED152FR1.CSV
29.0,F_30_Klappenbach_FR1_FED152FR1.CSV
21.0,F_30_Klappenbach_FR1_FED152FR1.CSV
805.0,F_30_Klappenbach_FR1_FED152FR1.CSV
79.0,F_30_Klappenbach_FR1_FED152FR1.CSV
20.0,F_30_Klappenbach_FR1_FED152FR1.CSV
39.0,F_30_Klappenbach_FR1_FED152FR1.CSV
484.0,F_30_Klappenbach_FR1_FED152FR1.CSV
256.0,F_30_Klappenbach_FR1_FED152FR1.CSV
5680.0,F_30_Klappenbach_FR1_FED152FR1.CSV
467.0,F_30_Klappenbach_FR1_FED152FR1.CSV
22.0,F_30_Klappenbach_FR1_FED152FR1.CSV
24.0,F_30_Klappenbach_FR1_FED152FR1.CSV
508.0,F_30_Klappenbach_FR1_FED152FR1.CSV
22.0,F_30_Klappenbach_FR1_FED152FR1.CSV
24.0,F_30_Klappenbach_FR1_FED152FR1.CSV
420.0,F_30_Klappenbach_FR1_FED152FR1.CSV
20.0,F_30_Klappenbach_FR1_FED152FR1.CSV
828.0,F_30_Klappenbach_FR1_FED152FR1.CSV
26.0,F_30_Klappenbach_FR1_FED152FR1.CSV
21.0,F_30_Klappenbach_FR1_FED152FR1.CSV
21.0,F_30_Klappenbach_FR1_FED152FR1.CSV
20.0,F_30_Klappenbach_FR1_FED152FR1.CSV
26.0,F_30_Klappenbach_FR1_FED152FR1.CSV
17.0,F_30_Klappenbach_FR1_FED152FR1.CSV
23.0,F_30_Klappenbach_FR1_FED152FR1.CSV
8024.0,F_30_Klappenbach_FR1_FED152FR1.CSV
46.0,F_30_Klappenbach_FR1_FED152FR1.CSV
59.0,F_30_Klappenbach_FR1_FED152FR1.CSV
26.0,F_30_Klappenbach_FR1_FED152FR1.CSV
896.0,F_30_Klappenbach_FR1_FED152FR1.CSV
37.0,F_30_Klappenbach_FR1_FED152FR1.CSV
466.0,F_30_Klappenbach_FR1_FED152FR1.CSV
24.0,F_30_Klappenbach_FR1_FED152FR1.CSV
184.0,F_30_Klappenbach_FR1_FED152FR1.CSV
5559.0,F_30_Klappenbach_FR1_FED152FR1.CSV
36.0,F_30_Klappenbach_FR1_FED152FR1.CSV
31.0,F_30_Klappenbach_FR1_FED152FR1.CSV
19.0,F_30_Klappenbach_FR1_FED152FR1.CSV
25.0,F_30_Klappenbach_FR1_FED152FR1.CSV
14.0,F_30_Klappenbach_FR1_FED152FR1.CSV
5666.0,F_30_Klappenbach_FR1_FED152FR1.CSV
621.0,F_30_Klappenbach_FR1_FED152FR1.CSV
18.0,F_30_Klappenbach_FR1_FED152FR1.CSV
20.0,F_30_Klappenbach_FR1_FED152FR1.CSV
28.0,F_30_Klappenbach_FR1_FED152FR1.CSV
29.0,F_30_Klappenbach_FR1_FED152FR1.CSV
2586.0,F_30_Klappenbach_FR1_FED152FR1.CSV
29.0,F_30_Klappenbach_FR1_FED152FR1.CSV
45.0,F_30_Klappenbach_FR1_FED152FR1.CSV
22.0,F_30_Klappenbach_FR1_FED152FR1.CSV
598.0,F_30_Klappenbach_FR1_FED152FR1.CSV
29.0,F_30_Klappenbach_FR1_FED152FR1.CSV
2167.0,F_30_Klappenbach_FR1_FED152FR1.CSV
14.0,F_30_Klappenbach_FR1_FED152FR1.CSV
16.0,F_30_Klappenbach_FR1_FED152FR1.CSV
26.0,F_30_Klappenbach_FR1_FED152FR1.CSV
730.0,F_30_Klappenbach_FR1_FED152FR1.CSV
17.0,F_30_Klappenbach_FR1_FED152FR1.CSV
18.0,F_30_Klappenbach_FR1_FED152FR1.CSV
18.0,F_30_Klappenbach_FR1_FED152FR1.CSV
18.0,F_30_Klappenbach_FR1_FED152FR1.CSV
16.0,F_30_Klappenbach_FR1_FED152FR1.CSV
609.0,F_30_Klappenbach_FR1_FED152FR1.CSV
14.0,F_30_Klappenbach_FR1_FED152FR1.CSV
15.0,F_30_Klappenbach_FR1_FED152FR1.CSV
18.0,F_30_Klappenbach_FR1_FED152FR1.CSV
440.0,F_30_Klappenbach_FR1_FED152FR1.CSV
24.0,F_30_Klappenbach_FR1_FED152FR1.CSV
520.0,F_30_Klappenbach_FR1_FED152FR1.CSV
12.0,F_30_Klappenbach_FR1_FED152FR1.CSV
19.0,F_30_Klappenbach_FR1_FED152FR1.CSV
17.0,F_30_Klappenbach_FR1_FED152FR1.CSV
16.0,F_30_Klappenbach_FR1_FED152FR1.CSV
17.0,F_30_Klappenbach_FR1_FED152FR1.CSV
786.0,F_30_Klappenbach_FR1_FED152FR1.CSV
21.0,F_30_Klappenbach_FR1_FED152FR1.CSV
15.0,F_30_Klappenbach_FR1_FED152FR1.CSV
12.0,F_30_Klappenbach_FR1_FED152FR1.CSV
77.0,F_30_Klappenbach_FR1_FED152FR1.CSV
704.0,F_30_Klappenbach_FR1_FED152FR1.CSV
544.0,F_30_Klappenbach_FR1_FED152FR1.CSV
19.0,F_30_Klappenbach_FR1_FED152FR1.CSV
15.0,F_30_Klappenbach_FR1_FED152FR1.CSV
15.0,F_30_Klappenbach_FR1_FED152FR1.CSV
19.0,F_30_Klappenbach_FR1_FED152FR1.CSV
22.0,F_30_Klappenbach_FR1_FED152FR1.CSV
846.0,F_30_Klappenbach_FR1_FED152FR1.CSV
15.0,F_30_Klappenbach_FR1_FED152FR1.CSV
456.0,F_30_Klappenbach_FR1_FED152FR1.CSV
16.0,F_30_Klappenbach_FR1_FED152FR1.CSV
436.0,F_30_Klappenbach_FR1_FED152FR1.CSV
11.0,F_30_Klappenbach_FR1_FED152FR1.CSV
19.0,F_30_Klappenbach_FR1_FED152FR1.CSV
15.0,F_30_Klappenbach_FR1_FED152FR1.CSV
19.0,F_30_Klappenbach_FR1_FED152FR1.CSV
589.0,F_30_Klappenbach_FR1_FED152FR1.CSV
309.0,F_30_Klappenbach_FR1_FED152FR1.CSV
19.0,F_30_Klappenbach_FR1_FED152FR1.CSV
17.0,F_30_Klappenbach_FR1_FED152FR1.CSV
44.0,F_30_Klappenbach_FR1_FED152FR1.CSV
680.0,F_30_Klappenbach_FR1_FED152FR1.CSV
355.0,F_30_Klappenbach_FR1_FED152FR1.CSV
17.0,F_30_Klappenbach_FR1_FED152FR1.CSV
1671.0,F_30_Klappenbach_FR1_FED152FR1.CSV
27.0,F_30_Klappenbach_FR1_FED152FR1.CSV
22.0,F_30_Klappenbach_FR1_FED152FR1.CSV
423.0,F_29_Klappenbach_FR1_FED150FR1.CSV
1106.0,F_29_Klappenbach_FR1_FED150FR1.CSV
54.0,F_29_Klappenbach_FR1_FED150FR1.CSV
25.0,F_29_Klappenbach_FR1_FED150FR1.CSV
981.0,F_29_Klappenbach_FR1_FED150FR1.CSV
1057.0,F_29_Klappenbach_FR1_FED150FR1.CSV
2208.0,F_29_Klappenbach_FR1_FED150FR1.CSV
470.0,F_29_Klappenbach_FR1_FED150FR1.CSV
71.0,F_29_Klappenbach_FR1_FED150FR1.CSV
25.0,F_29_Klappenbach_FR1_FED150FR1.CSV
22.0,F_29_Klappenbach_FR1_FED150FR1.CSV
81.0,F_29_Klappenbach_FR1_FED150FR1.CSV
28.0,F_29_Klappenbach_FR1_FED150FR1.CSV
87.0,F_29_Klappenbach_FR1_FED150FR1.CSV
22.0,F_29_Klappenbach_FR1_FED150FR1.CSV
38.0,F_29_Klappenbach_FR1_FED150FR1.CSV
139.0,F_29_Klappenbach_FR1_FED150FR1.CSV
27.0,F_29_Klappenbach_FR1_FED150FR1.CSV
115.0,F_29_Klappenbach_FR1_FED150FR1.CSV
47.0,F_29_Klappenbach_FR1_FED150FR1.CSV
785.0,F_29_Klappenbach_FR1_FED150FR1.CSV
841.0,F_29_Klappenbach_FR1_FED150FR1.CSV
27.0,F_29_Klappenbach_FR1_FED150FR1.CSV
34.0,F_29_Klappenbach_FR1_FED150FR1.CSV
16.0,F_29_Klappenbach_FR1_FED150FR1.CSV
25.0,F_29_Klappenbach_FR1_FED150FR1.CSV
26.0,F_29_Klappenbach_FR1_FED150FR1.CSV
19.0,F_29_Klappenbach_FR1_FED150FR1.CSV
63.0,F_29_Klappenbach_FR1_FED150FR1.CSV
355.0,F_29_Klappenbach_FR1_FED150FR1.CSV
56.0,F_29_Klappenbach_FR1_FED150FR1.CSV
28.0,F_29_Klappenbach_FR1_FED150FR1.CSV
461.0,F_29_Klappenbach_FR1_FED150FR1.CSV
392.0,F_29_Klappenbach_FR1_FED150FR1.CSV
34.0,F_29_Klappenbach_FR1_FED150FR1.CSV
33.0,F_29_Klappenbach_FR1_FED150FR1.CSV
20.0,F_29_Klappenbach_FR1_FED150FR1.CSV
22.0,F_29_Klappenbach_FR1_FED150FR1.CSV
16.0,F_29_Klappenbach_FR1_FED150FR1.CSV
22.0,F_29_Klappenbach_FR1_FED150FR1.CSV
26.0,F_29_Klappenbach_FR1_FED150FR1.CSV
378.0,F_29_Klappenbach_FR1_FED150FR1.CSV
21.0,F_29_Klappenbach_FR1_FED150FR1.CSV
19.0,F_29_Klappenbach_FR1_FED150FR1.CSV
16.0,F_29_Klappenbach_FR1_FED150FR1.CSV
1078.0,F_29_Klappenbach_FR1_FED150FR1.CSV
20.0,F_29_Klappenbach_FR1_FED150FR1.CSV
22.0,F_29_Klappenbach_FR1_FED150FR1.CSV
14.0,F_29_Klappenbach_FR1_FED150FR1.CSV
1889.0,F_29_Klappenbach_FR1_FED150FR1.CSV
48.0,F_29_Klappenbach_FR1_FED150FR1.CSV
246.0,F_29_Klappenbach_FR1_FED150FR1.CSV
512.0,F_29_Klappenbach_FR1_FED150FR1.CSV
31.0,F_29_Klappenbach_FR1_FED150FR1.CSV
22.0,F_29_Klappenbach_FR1_FED150FR1.CSV
30.0,F_29_Klappenbach_FR1_FED150FR1.CSV
1159.0,F_29_Klappenbach_FR1_FED150FR1.CSV
40.0,F_29_Klappenbach_FR1_FED150FR1.CSV
13.0,F_29_Klappenbach_FR1_FED150FR1.CSV
34.0,F_29_Klappenbach_FR1_FED150FR1.CSV
23.0,F_29_Klappenbach_FR1_FED150FR1.CSV
20.0,F_29_Klappenbach_FR1_FED150FR1.CSV
831.0,F_29_Klappenbach_FR1_FED150FR1.CSV
26.0,F_29_Klappenbach_FR1_FED150FR1.CSV
650.0,F_29_Klappenbach_FR1_FED150FR1.CSV
25.0,F_29_Klappenbach_FR1_FED150FR1.CSV
34.0,F_29_Klappenbach_FR1_FED150FR1.CSV
23.0,F_29_Klappenbach_FR1_FED150FR1.CSV
15.0,F_29_Klappenbach_FR1_FED150FR1.CSV
615.0,F_29_Klappenbach_FR1_FED150FR1.CSV
23.0,F_29_Klappenbach_FR1_FED150FR1.CSV
458.0,F_29_Klappenbach_FR1_FED150FR1.CSV
24.0,F_29_Klappenbach_FR1_FED150FR1.CSV
1226.0,F_29_Klappenbach_FR1_FED150FR1.CSV
47.0,F_29_Klappenbach_FR1_FED150FR1.CSV
35.0,F_29_Klappenbach_FR1_FED150FR1.CSV
26.0,F_29_Klappenbach_FR1_FED150FR1.CSV
27.0,F_29_Klappenbach_FR1_FED150FR1.CSV
25.0,F_29_Klappenbach_FR1_FED150FR1.CSV
35.0,F_29_Klappenbach_FR1_FED150FR1.CSV
1389.0,F_29_Klappenbach_FR1_FED150FR1.CSV
19.0,F_29_Klappenbach_FR1_FED150FR1.CSV
22.0,F_29_Klappenbach_FR1_FED150FR1.CSV
23.0,F_29_Klappenbach_FR1_FED150FR1.CSV
17.0,F_29_Klappenbach_FR1_FED150FR1.CSV
31.0,F_29_Klappenbach_FR1_FED150FR1.CSV
34.0,F_29_Klappenbach_FR1_FED150FR1.CSV
14.0,F_29_Klappenbach_FR1_FED150FR1.CSV
17.0,F_29_Klappenbach_FR1_FED150FR1.CSV
43.0,F_29_Klappenbach_FR1_FED150FR1.CSV
905.0,F_29_Klappenbach_FR1_FED150FR1.CSV
225.0,F_29_Klappenbach_FR1_FED150FR1.CSV
81.0,F_29_Klappenbach_FR1_FED150FR1.CSV
16.0,F_29_Klappenbach_FR1_FED150FR1.CSV
23.0,F_29_Klappenbach_FR1_FED150FR1.CSV
2105.0,F_29_Klappenbach_FR1_FED150FR1.CSV
28.0,F_29_Klappenbach_FR1_FED150FR1.CSV
17.0,F_29_Klappenbach_FR1_FED150FR1.CSV
29.0,F_29_Klappenbach_FR1_FED150FR1.CSV
14.0,F_29_Klappenbach_FR1_FED150FR1.CSV
38.0,F_29_Klappenbach_FR1_FED150FR1.CSV
23.0,F_29_Klappenbach_FR1_FED150FR1.CSV
18.0,F_29_Klappenbach_FR1_FED150FR1.CSV
25.0,F_29_Klappenbach_FR1_FED150FR1.CSV
465.0,F_29_Klappenbach_FR1_FED150FR1.CSV
434.0,F_29_Klappenbach_FR1_FED150FR1.CSV
29.0,F_29_Klappenbach_FR1_FED150FR1.CSV
286.0,F_29_Klappenbach_FR1_FED150FR1.CSV
32.0,F_29_Klappenbach_FR1_FED150FR1.CSV
311.0,F_29_Klappenbach_FR1_FED150FR1.CSV
45.0,F_29_Klappenbach_FR1_FED150FR1.CSV
24.0,F_29_Klappenbach_FR1_FED150FR1.CSV
25.0,F_29_Klappenbach_FR1_FED150FR1.CSV
526.0,F_29_Klappenbach_FR1_FED150FR1.CSV
19.0,F_29_Klappenbach_FR1_FED150FR1.CSV
638.0,F_29_Klappenbach_FR1_FED150FR1.CSV
26.0,F_29_Klappenbach_FR1_FED150FR1.CSV
16.0,F_29_Klappenbach_FR1_FED150FR1.CSV
25.0,F_29_Klappenbach_FR1_FED150FR1.CSV
36.0,F_29_Klappenbach_FR1_FED150FR1.CSV
558.0,F_29_Klappenbach_FR1_FED150FR1.CSV
21.0,F_29_Klappenbach_FR1_FED150FR1.CSV
22.0,F_29_Klappenbach_FR1_FED150FR1.CSV
19.0,F_29_Klappenbach_FR1_FED150FR1.CSV
22.0,F_29_Klappenbach_FR1_FED150FR1.CSV
451.0,F_29_Klappenbach_FR1_FED150FR1.CSV
39.0,F_29_Klappenbach_FR1_FED150FR1.CSV
45.0,F_29_Klappenbach_FR1_FED150FR1.CSV
26.0,F_29_Klappenbach_FR1_FED150FR1.CSV
36.0,F_29_Klappenbach_FR1_FED150FR1.CSV
17.0,F_29_Klappenbach_FR1_FED150FR1.CSV
34.0,F_29_Klappenbach_FR1_FED150FR1.CSV
1013.0,F_29_Klappenbach_FR1_FED150FR1.CSV
27.0,F_29_Klappenbach_FR1_FED150FR1.CSV
616.0,F_29_Klappenbach_FR1_FED150FR1.CSV
20.0,F_29_Klappenbach_FR1_FED150FR1.CSV
21.0,F_29_Klappenbach_FR1_FED150FR1.CSV
1458.0,F_29_Klappenbach_FR1_FED150FR1.CSV
40.0,F_29_Klappenbach_FR1_FED150FR1.CSV
68.0,F_29_Klappenbach_FR1_FED150FR1.CSV
15.0,F_29_Klappenbach_FR1_FED150FR1.CSV
18.0,F_29_Klappenbach_FR1_FED150FR1.CSV
28.0,F_29_Klappenbach_FR1_FED150FR1.CSV
700.0,F_29_Klappenbach_FR1_FED150FR1.CSV
345.0,F_29_Klappenbach_FR1_FED150FR1.CSV
23.0,F_29_Klappenbach_FR1_FED150FR1.CSV
24.0,F_29_Klappenbach_FR1_FED150FR1.CSV
15.0,F_29_Klappenbach_FR1_FED150FR1.CSV
22.0,F_29_Klappenbach_FR1_FED150FR1.CSV
32.0,F_29_Klappenbach_FR1_FED150FR1.CSV
28.0,F_29_Klappenbach_FR1_FED150FR1.CSV
6490.0,F_29_Klappenbach_FR1_FED150FR1.CSV
35.0,F_29_Klappenbach_FR1_FED150FR1.CSV
30.0,F_29_Klappenbach_FR1_FED150FR1.CSV
19.0,F_29_Klappenbach_FR1_FED150FR1.CSV
465.0,F_29_Klappenbach_FR1_FED150FR1.CSV
35.0,F_29_Klappenbach_FR1_FED150FR1.CSV
21.0,F_29_Klappenbach_FR1_FED150FR1.CSV
39.0,F_29_Klappenbach_FR1_FED150FR1.CSV
680.0,F_29_Klappenbach_FR1_FED150FR1.CSV
29.0,F_29_Klappenbach_FR1_FED150FR1.CSV
22.0,F_29_Klappenbach_FR1_FED150FR1.CSV
40.0,F_29_Klappenbach_FR1_FED150FR1.CSV
28.0,F_29_Klappenbach_FR1_FED150FR1.CSV
27.0,F_29_Klappenbach_FR1_FED150FR1.CSV
724.0,F_29_Klappenbach_FR1_FED150FR1.CSV
29.0,F_29_Klappenbach_FR1_FED150FR1.CSV
18.0,F_29_Klappenbach_FR1_FED150FR1.CSV
20.0,F_29_Klappenbach_FR1_FED150FR1.CSV
18.0,F_29_Klappenbach_FR1_FED150FR1.CSV
39.0,F_29_Klappenbach_FR1_FED150FR1.CSV
7830.0,F_29_Klappenbach_FR1_FED150FR1.CSV
41.0,F_29_Klappenbach_FR1_FED150FR1.CSV
22.0,F_29_Klappenbach_FR1_FED150FR1.CSV
865.0,F_29_Klappenbach_FR1_FED150FR1.CSV
21.0,F_29_Klappenbach_FR1_FED150FR1.CSV
19.0,F_29_Klappenbach_FR1_FED150FR1.CSV
728.0,F_29_Klappenbach_FR1_FED150FR1.CSV
23.0,F_29_Klappenbach_FR1_FED150FR1.CSV
15.0,F_29_Klappenbach_FR1_FED150FR1.CSV
28.0,F_29_Klappenbach_FR1_FED150FR1.CSV
35.0,F_29_Klappenbach_FR1_FED150FR1.CSV
1071.0,F_29_Klappenbach_FR1_FED150FR1.CSV
17.0,F_29_Klappenbach_FR1_FED150FR1.CSV
25.0,F_29_Klappenbach_FR1_FED150FR1.CSV
30.0,F_29_Klappenbach_FR1_FED150FR1.CSV
9083.0,F_29_Klappenbach_FR1_FED150FR1.CSV
29.0,F_29_Klappenbach_FR1_FED150FR1.CSV
79.0,F_29_Klappenbach_FR1_FED150FR1.CSV
20.0,F_29_Klappenbach_FR1_FED150FR1.CSV
26.0,F_29_Klappenbach_FR1_FED150FR1.CSV
6278.0,F_29_Klappenbach_FR1_FED150FR1.CSV
42.0,F_29_Klappenbach_FR1_FED150FR1.CSV
20.0,F_29_Klappenbach_FR1_FED150FR1.CSV
37.0,F_29_Klappenbach_FR1_FED150FR1.CSV
27.0,F_29_Klappenbach_FR1_FED150FR1.CSV
18.0,F_29_Klappenbach_FR1_FED150FR1.CSV
17.0,F_29_Klappenbach_FR1_FED150FR1.CSV
33.0,F_29_Klappenbach_FR1_FED150FR1.CSV
16.0,F_29_Klappenbach_FR1_FED150FR1.CSV
7279.0,F_29_Klappenbach_FR1_FED150FR1.CSV
37.0,F_29_Klappenbach_FR1_FED150FR1.CSV
290.0,F_29_Klappenbach_FR1_FED150FR1.CSV
20.0,F_29_Klappenbach_FR1_FED150FR1.CSV
757.0,F_29_Klappenbach_FR1_FED150FR1.CSV
22.0,F_29_Klappenbach_FR1_FED150FR1.CSV
18.0,F_29_Klappenbach_FR1_FED150FR1.CSV
49.0,F_29_Klappenbach_FR1_FED150FR1.CSV
150.0,F_29_Klappenbach_FR1_FED150FR1.CSV
17.0,F_29_Klappenbach_FR1_FED150FR1.CSV
2664.0,F_29_Klappenbach_FR1_FED150FR1.CSV
24.0,F_29_Klappenbach_FR1_FED150FR1.CSV
22.0,F_29_Klappenbach_FR1_FED150FR1.CSV
19.0,F_29_Klappenbach_FR1_FED150FR1.CSV
19.0,F_29_Klappenbach_FR1_FED150FR1.CSV
19.0,F_29_Klappenbach_FR1_FED150FR1.CSV
47.0,F_29_Klappenbach_FR1_FED150FR1.CSV
1263.0,F_29_Klappenbach_FR1_FED150FR1.CSV
17.0,F_29_Klappenbach_FR1_FED150FR1.CSV
28.0,F_29_Klappenbach_FR1_FED150FR1.CSV
376.0,F_29_Klappenbach_FR1_FED150FR1.CSV
55.0,F_29_Klappenbach_FR1_FED150FR1.CSV
14.0,F_29_Klappenbach_FR1_FED150FR1.CSV
2253.0,F_29_Klappenbach_FR1_FED150FR1.CSV
20.0,F_29_Klappenbach_FR1_FED150FR1.CSV
219.0,F_29_Klappenbach_FR1_FED150FR1.CSV
63.0,F_29_Klappenbach_FR1_FED150FR1.CSV
18.0,F_29_Klappenbach_FR1_FED150FR1.CSV
27.0,F_29_Klappenbach_FR1_FED150FR1.CSV
25.0,F_29_Klappenbach_FR1_FED150FR1.CSV
27.0,F_29_Klappenbach_FR1_FED150FR1.CSV
717.0,M_32_Klappenbach_FR1_FED136FR1.CSV
3598.0,M_32_Klappenbach_FR1_FED136FR1.CSV
374.0,M_32_Klappenbach_FR1_FED136FR1.CSV
47.0,M_32_Klappenbach_FR1_FED136FR1.CSV
30.0,M_32_Klappenbach_FR1_FED136FR1.CSV
49.0,M_32_Klappenbach_FR1_FED136FR1.CSV
34.0,M_32_Klappenbach_FR1_FED136FR1.CSV
54.0,M_32_Klappenbach_FR1_FED136FR1.CSV
88.0,M_32_Klappenbach_FR1_FED136FR1.CSV
54.0,M_32_Klappenbach_FR1_FED136FR1.CSV
76.0,M_32_Klappenbach_FR1_FED136FR1.CSV
69.0,M_32_Klappenbach_FR1_FED136FR1.CSV
35.0,M_32_Klappenbach_FR1_FED136FR1.CSV
20.0,M_32_Klappenbach_FR1_FED136FR1.CSV
115.0,M_32_Klappenbach_FR1_FED136FR1.CSV
145.0,M_32_Klappenbach_FR1_FED136FR1.CSV
27.0,M_32_Klappenbach_FR1_FED136FR1.CSV
32.0,M_32_Klappenbach_FR1_FED136FR1.CSV
24.0,M_32_Klappenbach_FR1_FED136FR1.CSV
21.0,M_32_Klappenbach_FR1_FED136FR1.CSV
93.0,M_32_Klappenbach_FR1_FED136FR1.CSV
734.0,M_32_Klappenbach_FR1_FED136FR1.CSV
856.0,M_32_Klappenbach_FR1_FED136FR1.CSV
53.0,M_32_Klappenbach_FR1_FED136FR1.CSV
94.0,M_32_Klappenbach_FR1_FED136FR1.CSV
96.0,M_32_Klappenbach_FR1_FED136FR1.CSV
18.0,M_32_Klappenbach_FR1_FED136FR1.CSV
55.0,M_32_Klappenbach_FR1_FED136FR1.CSV
24.0,M_32_Klappenbach_FR1_FED136FR1.CSV
93.0,M_32_Klappenbach_FR1_FED136FR1.CSV
33.0,M_32_Klappenbach_FR1_FED136FR1.CSV
31.0,M_32_Klappenbach_FR1_FED136FR1.CSV
46.0,M_32_Klappenbach_FR1_FED136FR1.CSV
17.0,M_32_Klappenbach_FR1_FED136FR1.CSV
60.0,M_32_Klappenbach_FR1_FED136FR1.CSV
31.0,M_32_Klappenbach_FR1_FED136FR1.CSV
39.0,M_32_Klappenbach_FR1_FED136FR1.CSV
948.0,M_32_Klappenbach_FR1_FED136FR1.CSV
28.0,M_32_Klappenbach_FR1_FED136FR1.CSV
24.0,M_32_Klappenbach_FR1_FED136FR1.CSV
15.0,M_32_Klappenbach_FR1_FED136FR1.CSV
28.0,M_32_Klappenbach_FR1_FED136FR1.CSV
31.0,M_32_Klappenbach_FR1_FED136FR1.CSV
24.0,M_32_Klappenbach_FR1_FED136FR1.CSV
38.0,M_32_Klappenbach_FR1_FED136FR1.CSV
23.0,M_32_Klappenbach_FR1_FED136FR1.CSV
29.0,M_32_Klappenbach_FR1_FED136FR1.CSV
281.0,M_32_Klappenbach_FR1_FED136FR1.CSV
550.0,M_32_Klappenbach_FR1_FED136FR1.CSV
32.0,M_32_Klappenbach_FR1_FED136FR1.CSV
29.0,M_32_Klappenbach_FR1_FED136FR1.CSV
34.0,M_32_Klappenbach_FR1_FED136FR1.CSV
26.0,M_32_Klappenbach_FR1_FED136FR1.CSV
20.0,M_32_Klappenbach_FR1_FED136FR1.CSV
44.0,M_32_Klappenbach_FR1_FED136FR1.CSV
268.0,M_32_Klappenbach_FR1_FED136FR1.CSV
34.0,M_32_Klappenbach_FR1_FED136FR1.CSV
35.0,M_32_Klappenbach_FR1_FED136FR1.CSV
28.0,M_32_Klappenbach_FR1_FED136FR1.CSV
38.0,M_32_Klappenbach_FR1_FED136FR1.CSV
33.0,M_32_Klappenbach_FR1_FED136FR1.CSV
17.0,M_32_Klappenbach_FR1_FED136FR1.CSV
918.0,M_32_Klappenbach_FR1_FED136FR1.CSV
27.0,M_32_Klappenbach_FR1_FED136FR1.CSV
20.0,M_32_Klappenbach_FR1_FED136FR1.CSV
29.0,M_32_Klappenbach_FR1_FED136FR1.CSV
39.0,M_32_Klappenbach_FR1_FED136FR1.CSV
36.0,M_32_Klappenbach_FR1_FED136FR1.CSV
20.0,M_32_Klappenbach_FR1_FED136FR1.CSV
28.0,M_32_Klappenbach_FR1_FED136FR1.CSV
26.0,M_32_Klappenbach_FR1_FED136FR1.CSV
27.0,M_32_Klappenbach_FR1_FED136FR1.CSV
22.0,M_32_Klappenbach_FR1_FED136FR1.CSV
396.0,M_32_Klappenbach_FR1_FED136FR1.CSV
18.0,M_32_Klappenbach_FR1_FED136FR1.CSV
714.0,M_32_Klappenbach_FR1_FED136FR1.CSV
20.0,M_32_Klappenbach_FR1_FED136FR1.CSV
33.0,M_32_Klappenbach_FR1_FED136FR1.CSV
23.0,M_32_Klappenbach_FR1_FED136FR1.CSV
31.0,M_32_Klappenbach_FR1_FED136FR1.CSV
22.0,M_32_Klappenbach_FR1_FED136FR1.CSV
26.0,M_32_Klappenbach_FR1_FED136FR1.CSV
23.0,M_32_Klappenbach_FR1_FED136FR1.CSV
6149.0,M_32_Klappenbach_FR1_FED136FR1.CSV
28.0,M_32_Klappenbach_FR1_FED136FR1.CSV
14.0,M_32_Klappenbach_FR1_FED136FR1.CSV
32.0,M_32_Klappenbach_FR1_FED136FR1.CSV
42.0,M_32_Klappenbach_FR1_FED136FR1.CSV
16.0,M_32_Klappenbach_FR1_FED136FR1.CSV
1350.0,M_32_Klappenbach_FR1_FED136FR1.CSV
21.0,M_32_Klappenbach_FR1_FED136FR1.CSV
15.0,M_32_Klappenbach_FR1_FED136FR1.CSV
1542.0,M_32_Klappenbach_FR1_FED136FR1.CSV
19.0,M_32_Klappenbach_FR1_FED136FR1.CSV
19.0,M_32_Klappenbach_FR1_FED136FR1.CSV
33.0,M_32_Klappenbach_FR1_FED136FR1.CSV
25.0,M_32_Klappenbach_FR1_FED136FR1.CSV
23.0,M_32_Klappenbach_FR1_FED136FR1.CSV
3967.0,M_32_Klappenbach_FR1_FED136FR1.CSV
26.0,M_32_Klappenbach_FR1_FED136FR1.CSV
31.0,M_32_Klappenbach_FR1_FED136FR1.CSV
800.0,M_32_Klappenbach_FR1_FED136FR1.CSV
12.0,M_32_Klappenbach_FR1_FED136FR1.CSV
19.0,M_32_Klappenbach_FR1_FED136FR1.CSV
18.0,M_32_Klappenbach_FR1_FED136FR1.CSV
19.0,M_32_Klappenbach_FR1_FED136FR1.CSV
19.0,M_32_Klappenbach_FR1_FED136FR1.CSV
20.0,M_32_Klappenbach_FR1_FED136FR1.CSV
24.0,M_32_Klappenbach_FR1_FED136FR1.CSV
40.0,M_32_Klappenbach_FR1_FED136FR1.CSV
380.0,M_32_Klappenbach_FR1_FED136FR1.CSV
46.0,M_32_Klappenbach_FR1_FED136FR1.CSV
17.0,M_32_Klappenbach_FR1_FED136FR1.CSV
18.0,M_32_Klappenbach_FR1_FED136FR1.CSV
20.0,M_32_Klappenbach_FR1_FED136FR1.CSV
21.0,M_32_Klappenbach_FR1_FED136FR1.CSV
30.0,M_32_Klappenbach_FR1_FED136FR1.CSV
17.0,M_32_Klappenbach_FR1_FED136FR1.CSV
26.0,M_32_Klappenbach_FR1_FED136FR1.CSV
23.0,M_32_Klappenbach_FR1_FED136FR1.CSV
1396.0,M_32_Klappenbach_FR1_FED136FR1.CSV
23.0,M_32_Klappenbach_FR1_FED136FR1.CSV
15.0,M_32_Klappenbach_FR1_FED136FR1.CSV
20.0,M_32_Klappenbach_FR1_FED136FR1.CSV
25.0,M_32_Klappenbach_FR1_FED136FR1.CSV
24.0,M_32_Klappenbach_FR1_FED136FR1.CSV
22.0,M_32_Klappenbach_FR1_FED136FR1.CSV
754.0,M_32_Klappenbach_FR1_FED136FR1.CSV
18.0,M_32_Klappenbach_FR1_FED136FR1.CSV
425.0,M_32_Klappenbach_FR1_FED136FR1.CSV
474.0,M_32_Klappenbach_FR1_FED136FR1.CSV
23.0,M_32_Klappenbach_FR1_FED136FR1.CSV
16.0,M_32_Klappenbach_FR1_FED136FR1.CSV
23.0,M_32_Klappenbach_FR1_FED136FR1.CSV
20.0,M_32_Klappenbach_FR1_FED136FR1.CSV
31.0,M_32_Klappenbach_FR1_FED136FR1.CSV
15.0,M_32_Klappenbach_FR1_FED136FR1.CSV
21.0,M_32_Klappenbach_FR1_FED136FR1.CSV
20.0,M_32_Klappenbach_FR1_FED136FR1.CSV
32.0,M_32_Klappenbach_FR1_FED136FR1.CSV
15.0,M_32_Klappenbach_FR1_FED136FR1.CSV
25.0,M_32_Klappenbach_FR1_FED136FR1.CSV
27.0,M_32_Klappenbach_FR1_FED136FR1.CSV
23.0,M_32_Klappenbach_FR1_FED136FR1.CSV
18.0,M_32_Klappenbach_FR1_FED136FR1.CSV
1428.0,M_32_Klappenbach_FR1_FED136FR1.CSV
24.0,M_32_Klappenbach_FR1_FED136FR1.CSV
14.0,M_32_Klappenbach_FR1_FED136FR1.CSV
701.0,M_32_Klappenbach_FR1_FED136FR1.CSV
17.0,M_32_Klappenbach_FR1_FED136FR1.CSV
375.0,M_32_Klappenbach_FR1_FED136FR1.CSV
62.0,M_32_Klappenbach_FR1_FED136FR1.CSV
18.0,M_32_Klappenbach_FR1_FED136FR1.CSV
61.0,M_32_Klappenbach_FR1_FED136FR1.CSV
18.0,M_32_Klappenbach_FR1_FED136FR1.CSV
5346.0,M_32_Klappenbach_FR1_FED136FR1.CSV
19.0,M_32_Klappenbach_FR1_FED136FR1.CSV
25.0,M_32_Klappenbach_FR1_FED136FR1.CSV
240.0,M_32_Klappenbach_FR1_FED136FR1.CSV
510.0,M_32_Klappenbach_FR1_FED136FR1.CSV
37.0,M_32_Klappenbach_FR1_FED136FR1.CSV
16.0,M_32_Klappenbach_FR1_FED136FR1.CSV
18.0,M_32_Klappenbach_FR1_FED136FR1.CSV
158.0,M_32_Klappenbach_FR1_FED136FR1.CSV
18.0,M_32_Klappenbach_FR1_FED136FR1.CSV
25.0,M_32_Klappenbach_FR1_FED136FR1.CSV
23.0,M_32_Klappenbach_FR1_FED136FR1.CSV
1078.0,M_32_Klappenbach_FR1_FED136FR1.CSV
5849.0,M_32_Klappenbach_FR1_FED136FR1.CSV
24.0,M_32_Klappenbach_FR1_FED136FR1.CSV
18.0,M_32_Klappenbach_FR1_FED136FR1.CSV
19.0,M_32_Klappenbach_FR1_FED136FR1.CSV
346.0,M_32_Klappenbach_FR1_FED136FR1.CSV
58.0,M_32_Klappenbach_FR1_FED136FR1.CSV
20.0,M_32_Klappenbach_FR1_FED136FR1.CSV
27.0,M_32_Klappenbach_FR1_FED136FR1.CSV
536.0,M_32_Klappenbach_FR1_FED136FR1.CSV
35.0,M_32_Klappenbach_FR1_FED136FR1.CSV
8050.0,M_32_Klappenbach_FR1_FED136FR1.CSV
26.0,M_32_Klappenbach_FR1_FED136FR1.CSV
19.0,M_32_Klappenbach_FR1_FED136FR1.CSV
19.0,M_32_Klappenbach_FR1_FED136FR1.CSV
17.0,M_32_Klappenbach_FR1_FED136FR1.CSV
19.0,M_32_Klappenbach_FR1_FED136FR1.CSV
15.0,M_32_Klappenbach_FR1_FED136FR1.CSV
19.0,M_32_Klappenbach_FR1_FED136FR1.CSV
27.0,M_32_Klappenbach_FR1_FED136FR1.CSV
20.0,M_32_Klappenbach_FR1_FED136FR1.CSV
488.0,M_32_Klappenbach_FR1_FED136FR1.CSV
6286.0,M_32_Klappenbach_FR1_FED136FR1.CSV
43.0,M_32_Klappenbach_FR1_FED136FR1.CSV
37.0,M_32_Klappenbach_FR1_FED136FR1.CSV
18.0,M_32_Klappenbach_FR1_FED136FR1.CSV
23.0,M_32_Klappenbach_FR1_FED136FR1.CSV
20.0,M_32_Klappenbach_FR1_FED136FR1.CSV
6444.0,M_32_Klappenbach_FR1_FED136FR1.CSV
18.0,M_32_Klappenbach_FR1_FED136FR1.CSV
17.0,M_32_Klappenbach_FR1_FED136FR1.CSV
19.0,M_32_Klappenbach_FR1_FED136FR1.CSV
20.0,M_32_Klappenbach_FR1_FED136FR1.CSV
21.0,M_32_Klappenbach_FR1_FED136FR1.CSV
309.0,M_32_Klappenbach_FR1_FED136FR1.CSV
15.0,M_32_Klappenbach_FR1_FED136FR1.CSV
17.0,M_32_Klappenbach_FR1_FED136FR1.CSV
37.0,M_32_Klappenbach_FR1_FED136FR1.CSV
24.0,M_32_Klappenbach_FR1_FED136FR1.CSV
37.0,M_32_Klappenbach_FR1_FED136FR1.CSV
5437.0,M_32_Klappenbach_FR1_FED136FR1.CSV
20.0,M_32_Klappenbach_FR1_FED136FR1.CSV
18.0,M_32_Klappenbach_FR1_FED136FR1.CSV
37.0,M_32_Klappenbach_FR1_FED136FR1.CSV
28.0,M_32_Klappenbach_FR1_FED136FR1.CSV
323.0,M_32_Klappenbach_FR1_FED136FR1.CSV
16.0,M_32_Klappenbach_FR1_FED136FR1.CSV
536.0,M_32_Klappenbach_FR1_FED136FR1.CSV
19.0,M_32_Klappenbach_FR1_FED136FR1.CSV
21.0,M_32_Klappenbach_FR1_FED136FR1.CSV
18.0,M_32_Klappenbach_FR1_FED136FR1.CSV
18.0,M_32_Klappenbach_FR1_FED136FR1.CSV
21.0,M_32_Klappenbach_FR1_FED136FR1.CSV
41.0,M_32_Klappenbach_FR1_FED136FR1.CSV
4848.0,M_32_Klappenbach_FR1_FED136FR1.CSV
26.0,M_32_Klappenbach_FR1_FED136FR1.CSV
16.0,M_32_Klappenbach_FR1_FED136FR1.CSV
23.0,M_32_Klappenbach_FR1_FED136FR1.CSV
18.0,M_32_Klappenbach_FR1_FED136FR1.CSV
22.0,M_32_Klappenbach_FR1_FED136FR1.CSV
116.0,M_32_Klappenbach_FR1_FED136FR1.CSV
19.0,M_32_Klappenbach_FR1_FED136FR1.CSV
18.0,M_32_Klappenbach_FR1_FED136FR1.CSV
20.0,M_32_Klappenbach_FR1_FED136FR1.CSV
23.0,M_32_Klappenbach_FR1_FED136FR1.CSV
976.0,M_33_Klappenbach_FR1_FED137FR1.CSV
2335.0,M_33_Klappenbach_FR1_FED137FR1.CSV
392.0,M_33_Klappenbach_FR1_FED137FR1.CSV
2672.0,M_33_Klappenbach_FR1_FED137FR1.CSV
840.0,M_33_Klappenbach_FR1_FED137FR1.CSV
50.0,M_33_Klappenbach_FR1_FED137FR1.CSV
272.0,M_33_Klappenbach_FR1_FED137FR1.CSV
33.0,M_33_Klappenbach_FR1_FED137FR1.CSV
43.0,M_33_Klappenbach_FR1_FED137FR1.CSV
20.0,M_33_Klappenbach_FR1_FED137FR1.CSV
21.0,M_33_Klappenbach_FR1_FED137FR1.CSV
18.0,M_33_Klappenbach_FR1_FED137FR1.CSV
31.0,M_33_Klappenbach_FR1_FED137FR1.CSV
21.0,M_33_Klappenbach_FR1_FED137FR1.CSV
16.0,M_33_Klappenbach_FR1_FED137FR1.CSV
20.0,M_33_Klappenbach_FR1_FED137FR1.CSV
32.0,M_33_Klappenbach_FR1_FED137FR1.CSV
18.0,M_33_Klappenbach_FR1_FED137FR1.CSV
25.0,M_33_Klappenbach_FR1_FED137FR1.CSV
22.0,M_33_Klappenbach_FR1_FED137FR1.CSV
40.0,M_33_Klappenbach_FR1_FED137FR1.CSV
28.0,M_33_Klappenbach_FR1_FED137FR1.CSV
22.0,M_33_Klappenbach_FR1_FED137FR1.CSV
25.0,M_33_Klappenbach_FR1_FED137FR1.CSV
29.0,M_33_Klappenbach_FR1_FED137FR1.CSV
22.0,M_33_Klappenbach_FR1_FED137FR1.CSV
46.0,M_33_Klappenbach_FR1_FED137FR1.CSV
20.0,M_33_Klappenbach_FR1_FED137FR1.CSV
440.0,M_33_Klappenbach_FR1_FED137FR1.CSV
37.0,M_33_Klappenbach_FR1_FED137FR1.CSV
63.0,M_33_Klappenbach_FR1_FED137FR1.CSV
59.0,M_33_Klappenbach_FR1_FED137FR1.CSV
27.0,M_33_Klappenbach_FR1_FED137FR1.CSV
29.0,M_33_Klappenbach_FR1_FED137FR1.CSV
158.0,M_33_Klappenbach_FR1_FED137FR1.CSV
28.0,M_33_Klappenbach_FR1_FED137FR1.CSV
31.0,M_33_Klappenbach_FR1_FED137FR1.CSV
54.0,M_33_Klappenbach_FR1_FED137FR1.CSV
24.0,M_33_Klappenbach_FR1_FED137FR1.CSV
34.0,M_33_Klappenbach_FR1_FED137FR1.CSV
857.0,M_33_Klappenbach_FR1_FED137FR1.CSV
119.0,M_33_Klappenbach_FR1_FED137FR1.CSV
121.0,M_33_Klappenbach_FR1_FED137FR1.CSV
26.0,M_33_Klappenbach_FR1_FED137FR1.CSV
25.0,M_33_Klappenbach_FR1_FED137FR1.CSV
44.0,M_33_Klappenbach_FR1_FED137FR1.CSV
45.0,M_33_Klappenbach_FR1_FED137FR1.CSV
21.0,M_33_Klappenbach_FR1_FED137FR1.CSV
36.0,M_33_Klappenbach_FR1_FED137FR1.CSV
30.0,M_33_Klappenbach_FR1_FED137FR1.CSV
83.0,M_33_Klappenbach_FR1_FED137FR1.CSV
434.0,M_33_Klappenbach_FR1_FED137FR1.CSV
27.0,M_33_Klappenbach_FR1_FED137FR1.CSV
17.0,M_33_Klappenbach_FR1_FED137FR1.CSV
40.0,M_33_Klappenbach_FR1_FED137FR1.CSV
19.0,M_33_Klappenbach_FR1_FED137FR1.CSV
25.0,M_33_Klappenbach_FR1_FED137FR1.CSV
27.0,M_33_Klappenbach_FR1_FED137FR1.CSV
15.0,M_33_Klappenbach_FR1_FED137FR1.CSV
5493.0,M_33_Klappenbach_FR1_FED137FR1.CSV
362.0,M_33_Klappenbach_FR1_FED137FR1.CSV
544.0,M_33_Klappenbach_FR1_FED137FR1.CSV
29.0,M_33_Klappenbach_FR1_FED137FR1.CSV
20.0,M_33_Klappenbach_FR1_FED137FR1.CSV
11.0,M_33_Klappenbach_FR1_FED137FR1.CSV
28.0,M_33_Klappenbach_FR1_FED137FR1.CSV
23.0,M_33_Klappenbach_FR1_FED137FR1.CSV
133.0,M_33_Klappenbach_FR1_FED137FR1.CSV
56.0,M_33_Klappenbach_FR1_FED137FR1.CSV
23.0,M_33_Klappenbach_FR1_FED137FR1.CSV
17.0,M_33_Klappenbach_FR1_FED137FR1.CSV
46.0,M_33_Klappenbach_FR1_FED137FR1.CSV
15.0,M_33_Klappenbach_FR1_FED137FR1.CSV
21.0,M_33_Klappenbach_FR1_FED137FR1.CSV
22.0,M_33_Klappenbach_FR1_FED137FR1.CSV
149.0,M_33_Klappenbach_FR1_FED137FR1.CSV
27.0,M_33_Klappenbach_FR1_FED137FR1.CSV
21.0,M_33_Klappenbach_FR1_FED137FR1.CSV
275.0,M_33_Klappenbach_FR1_FED137FR1.CSV
302.0,M_33_Klappenbach_FR1_FED137FR1.CSV
3165.0,M_33_Klappenbach_FR1_FED137FR1.CSV
45.0,M_33_Klappenbach_FR1_FED137FR1.CSV
129.0,M_33_Klappenbach_FR1_FED137FR1.CSV
153.0,M_33_Klappenbach_FR1_FED137FR1.CSV
43.0,M_33_Klappenbach_FR1_FED137FR1.CSV
39.0,M_33_Klappenbach_FR1_FED137FR1.CSV
28.0,M_33_Klappenbach_FR1_FED137FR1.CSV
23.0,M_33_Klappenbach_FR1_FED137FR1.CSV
30.0,M_33_Klappenbach_FR1_FED137FR1.CSV
41.0,M_33_Klappenbach_FR1_FED137FR1.CSV
38.0,M_33_Klappenbach_FR1_FED137FR1.CSV
6282.0,M_33_Klappenbach_FR1_FED137FR1.CSV
32.0,M_33_Klappenbach_FR1_FED137FR1.CSV
119.0,M_33_Klappenbach_FR1_FED137FR1.CSV
13.0,M_33_Klappenbach_FR1_FED137FR1.CSV
26.0,M_33_Klappenbach_FR1_FED137FR1.CSV
21.0,M_33_Klappenbach_FR1_FED137FR1.CSV
20.0,M_33_Klappenbach_FR1_FED137FR1.CSV
25.0,M_33_Klappenbach_FR1_FED137FR1.CSV
17.0,M_33_Klappenbach_FR1_FED137FR1.CSV
371.0,M_33_Klappenbach_FR1_FED137FR1.CSV
15.0,M_33_Klappenbach_FR1_FED137FR1.CSV
16.0,M_33_Klappenbach_FR1_FED137FR1.CSV
24.0,M_33_Klappenbach_FR1_FED137FR1.CSV
22.0,M_33_Klappenbach_FR1_FED137FR1.CSV
33.0,M_33_Klappenbach_FR1_FED137FR1.CSV
30.0,M_33_Klappenbach_FR1_FED137FR1.CSV
27.0,M_33_Klappenbach_FR1_FED137FR1.CSV
28.0,M_33_Klappenbach_FR1_FED137FR1.CSV
33.0,M_33_Klappenbach_FR1_FED137FR1.CSV
5718.0,M_33_Klappenbach_FR1_FED137FR1.CSV
29.0,M_33_Klappenbach_FR1_FED137FR1.CSV
18.0,M_33_Klappenbach_FR1_FED137FR1.CSV
21.0,M_33_Klappenbach_FR1_FED137FR1.CSV
22.0,M_33_Klappenbach_FR1_FED137FR1.CSV
22.0,M_33_Klappenbach_FR1_FED137FR1.CSV
19.0,M_33_Klappenbach_FR1_FED137FR1.CSV
57.0,M_33_Klappenbach_FR1_FED137FR1.CSV
36.0,M_33_Klappenbach_FR1_FED137FR1.CSV
20.0,M_33_Klappenbach_FR1_FED137FR1.CSV
21.0,M_33_Klappenbach_FR1_FED137FR1.CSV
28.0,M_33_Klappenbach_FR1_FED137FR1.CSV
310.0,M_33_Klappenbach_FR1_FED137FR1.CSV
16.0,M_33_Klappenbach_FR1_FED137FR1.CSV
348.0,M_33_Klappenbach_FR1_FED137FR1.CSV
27.0,M_33_Klappenbach_FR1_FED137FR1.CSV
17.0,M_33_Klappenbach_FR1_FED137FR1.CSV
23.0,M_33_Klappenbach_FR1_FED137FR1.CSV
142.0,M_33_Klappenbach_FR1_FED137FR1.CSV
17.0,M_33_Klappenbach_FR1_FED137FR1.CSV
26.0,M_33_Klappenbach_FR1_FED137FR1.CSV
15.0,M_33_Klappenbach_FR1_FED137FR1.CSV
25.0,M_33_Klappenbach_FR1_FED137FR1.CSV
4264.0,M_33_Klappenbach_FR1_FED137FR1.CSV
20.0,M_33_Klappenbach_FR1_FED137FR1.CSV
25.0,M_33_Klappenbach_FR1_FED137FR1.CSV
110.0,M_33_Klappenbach_FR1_FED137FR1.CSV
18.0,M_33_Klappenbach_FR1_FED137FR1.CSV
18.0,M_33_Klappenbach_FR1_FED137FR1.CSV
69.0,M_33_Klappenbach_FR1_FED137FR1.CSV
19.0,M_33_Klappenbach_FR1_FED137FR1.CSV
17.0,M_33_Klappenbach_FR1_FED137FR1.CSV
19.0,M_33_Klappenbach_FR1_FED137FR1.CSV
37.0,M_33_Klappenbach_FR1_FED137FR1.CSV
18.0,M_33_Klappenbach_FR1_FED137FR1.CSV
27.0,M_33_Klappenbach_FR1_FED137FR1.CSV
502.0,M_33_Klappenbach_FR1_FED137FR1.CSV
31.0,M_33_Klappenbach_FR1_FED137FR1.CSV
15.0,M_33_Klappenbach_FR1_FED137FR1.CSV
313.0,M_33_Klappenbach_FR1_FED137FR1.CSV
20.0,M_33_Klappenbach_FR1_FED137FR1.CSV
20.0,M_33_Klappenbach_FR1_FED137FR1.CSV
20.0,M_33_Klappenbach_FR1_FED137FR1.CSV
22.0,M_33_Klappenbach_FR1_FED137FR1.CSV
1165.0,M_33_Klappenbach_FR1_FED137FR1.CSV
31.0,M_33_Klappenbach_FR1_FED137FR1.CSV
3731.0,M_33_Klappenbach_FR1_FED137FR1.CSV
239.0,M_33_Klappenbach_FR1_FED137FR1.CSV
21.0,M_33_Klappenbach_FR1_FED137FR1.CSV
49.0,M_33_Klappenbach_FR1_FED137FR1.CSV
17.0,M_33_Klappenbach_FR1_FED137FR1.CSV
27.0,M_33_Klappenbach_FR1_FED137FR1.CSV
23.0,M_33_Klappenbach_FR1_FED137FR1.CSV
4986.0,M_33_Klappenbach_FR1_FED137FR1.CSV
27.0,M_33_Klappenbach_FR1_FED137FR1.CSV
52.0,M_33_Klappenbach_FR1_FED137FR1.CSV
21.0,M_33_Klappenbach_FR1_FED137FR1.CSV
26.0,M_33_Klappenbach_FR1_FED137FR1.CSV
20.0,M_33_Klappenbach_FR1_FED137FR1.CSV
25.0,M_33_Klappenbach_FR1_FED137FR1.CSV
22.0,M_33_Klappenbach_FR1_FED137FR1.CSV
24.0,M_33_Klappenbach_FR1_FED137FR1.CSV
17.0,M_33_Klappenbach_FR1_FED137FR1.CSV
23.0,M_33_Klappenbach_FR1_FED137FR1.CSV
232.0,M_33_Klappenbach_FR1_FED137FR1.CSV
114.0,M_33_Klappenbach_FR1_FED137FR1.CSV
161.0,M_33_Klappenbach_FR1_FED137FR1.CSV
21.0,M_33_Klappenbach_FR1_FED137FR1.CSV
6391.0,M_33_Klappenbach_FR1_FED137FR1.CSV
13.0,M_33_Klappenbach_FR1_FED137FR1.CSV
21.0,M_33_Klappenbach_FR1_FED137FR1.CSV
26.0,M_33_Klappenbach_FR1_FED137FR1.CSV
17.0,M_33_Klappenbach_FR1_FED137FR1.CSV
21.0,M_33_Klappenbach_FR1_FED137FR1.CSV
16.0,M_33_Klappenbach_FR1_FED137FR1.CSV
17.0,M_33_Klappenbach_FR1_FED137FR1.CSV
20.0,M_33_Klappenbach_FR1_FED137FR1.CSV
25.0,M_33_Klappenbach_FR1_FED137FR1.CSV
22.0,M_33_Klappenbach_FR1_FED137FR1.CSV
60.0,M_33_Klappenbach_FR1_FED137FR1.CSV
461.0,M_33_Klappenbach_FR1_FED137FR1.CSV
95.0,M_33_Klappenbach_FR1_FED137FR1.CSV
2568.0,M_33_Klappenbach_FR1_FED137FR1.CSV
94.0,M_33_Klappenbach_FR1_FED137FR1.CSV
51.0,M_33_Klappenbach_FR1_FED137FR1.CSV
25.0,M_33_Klappenbach_FR1_FED137FR1.CSV
1182.0,M_33_Klappenbach_FR1_FED137FR1.CSV
31.0,M_33_Klappenbach_FR1_FED137FR1.CSV
4357.0,M_33_Klappenbach_FR1_FED137FR1.CSV
17.0,M_33_Klappenbach_FR1_FED137FR1.CSV
21.0,M_33_Klappenbach_FR1_FED137FR1.CSV
17.0,M_33_Klappenbach_FR1_FED137FR1.CSV
19.0,M_33_Klappenbach_FR1_FED137FR1.CSV
23.0,M_33_Klappenbach_FR1_FED137FR1.CSV
22.0,M_33_Klappenbach_FR1_FED137FR1.CSV
26.0,M_33_Klappenbach_FR1_FED137FR1.CSV
19.0,M_33_Klappenbach_FR1_FED137FR1.CSV
49.0,M_33_Klappenbach_FR1_FED137FR1.CSV
4695.0,M_33_Klappenbach_FR1_FED137FR1.CSV
19.0,M_33_Klappenbach_FR1_FED137FR1.CSV
14.0,M_33_Klappenbach_FR1_FED137FR1.CSV
26.0,M_33_Klappenbach_FR1_FED137FR1.CSV
24.0,M_33_Klappenbach_FR1_FED137FR1.CSV
23.0,M_33_Klappenbach_FR1_FED137FR1.CSV
21.0,M_33_Klappenbach_FR1_FED137FR1.CSV
31.0,M_33_Klappenbach_FR1_FED137FR1.CSV
17.0,M_33_Klappenbach_FR1_FED137FR1.CSV
50.0,M_33_Klappenbach_FR1_FED137FR1.CSV
2458.0,M_33_Klappenbach_FR1_FED137FR1.CSV
43.0,M_33_Klappenbach_FR1_FED137FR1.CSV
20.0,M_33_Klappenbach_FR1_FED137FR1.CSV
3628.0,M_33_Klappenbach_FR1_FED137FR1.CSV
16.0,M_33_Klappenbach_FR1_FED137FR1.CSV
29.0,M_33_Klappenbach_FR1_FED137FR1.CSV
16.0,M_33_Klappenbach_FR1_FED137FR1.CSV
21.0,M_33_Klappenbach_FR1_FED137FR1.CSV
21.0,M_33_Klappenbach_FR1_FED137FR1.CSV
23.0,M_33_Klappenbach_FR1_FED137FR1.CSV
1193.0,M_33_Klappenbach_FR1_FED137FR1.CSV
15.0,M_33_Klappenbach_FR1_FED137FR1.CSV
17.0,M_33_Klappenbach_FR1_FED137FR1.CSV
24.0,M_33_Klappenbach_FR1_FED137FR1.CSV
2033.0,M_33_Klappenbach_FR1_FED137FR1.CSV
18.0,M_33_Klappenbach_FR1_FED137FR1.CSV
13.0,M_33_Klappenbach_FR1_FED137FR1.CSV
17.0,M_33_Klappenbach_FR1_FED137FR1.CSV
20.0,M_33_Klappenbach_FR1_FED137FR1.CSV
17.0,M_33_Klappenbach_FR1_FED137FR1.CSV
23.0,M_33_Klappenbach_FR1_FED137FR1.CSV
455.0,M_33_Klappenbach_FR1_FED137FR1.CSV
562.0,M_33_Klappenbach_FR1_FED137FR1.CSV
16.0,M_33_Klappenbach_FR1_FED137FR1.CSV
22.0,M_33_Klappenbach_FR1_FED137FR1.CSV
19.0,M_33_Klappenbach_FR1_FED137FR1.CSV
21.0,M_33_Klappenbach_FR1_FED137FR1.CSV
19.0,M_33_Klappenbach_FR1_FED137FR1.CSV
18.0,M_33_Klappenbach_FR1_FED137FR1.CSV
1261.0,M_34_Klappenbach_FR1_FED138FR1.CSV
284.0,M_34_Klappenbach_FR1_FED138FR1.CSV
93.0,M_34_Klappenbach_FR1_FED138FR1.CSV
229.0,M_34_Klappenbach_FR1_FED138FR1.CSV
30.0,M_34_Klappenbach_FR1_FED138FR1.CSV
76.0,M_34_Klappenbach_FR1_FED138FR1.CSV
31.0,M_34_Klappenbach_FR1_FED138FR1.CSV
28.0,M_34_Klappenbach_FR1_FED138FR1.CSV
31.0,M_34_Klappenbach_FR1_FED138FR1.CSV
42.0,M_34_Klappenbach_FR1_FED138FR1.CSV
18.0,M_34_Klappenbach_FR1_FED138FR1.CSV
18.0,M_34_Klappenbach_FR1_FED138FR1.CSV
25.0,M_34_Klappenbach_FR1_FED138FR1.CSV
31.0,M_34_Klappenbach_FR1_FED138FR1.CSV
1403.0,M_34_Klappenbach_FR1_FED138FR1.CSV
56.0,M_34_Klappenbach_FR1_FED138FR1.CSV
155.0,M_34_Klappenbach_FR1_FED138FR1.CSV
18.0,M_34_Klappenbach_FR1_FED138FR1.CSV
22.0,M_34_Klappenbach_FR1_FED138FR1.CSV
53.0,M_34_Klappenbach_FR1_FED138FR1.CSV
1005.0,M_34_Klappenbach_FR1_FED138FR1.CSV
51.0,M_34_Klappenbach_FR1_FED138FR1.CSV
97.0,M_34_Klappenbach_FR1_FED138FR1.CSV
291.0,M_34_Klappenbach_FR1_FED138FR1.CSV
38.0,M_34_Klappenbach_FR1_FED138FR1.CSV
18.0,M_34_Klappenbach_FR1_FED138FR1.CSV
35.0,M_34_Klappenbach_FR1_FED138FR1.CSV
68.0,M_34_Klappenbach_FR1_FED138FR1.CSV
289.0,M_34_Klappenbach_FR1_FED138FR1.CSV
50.0,M_34_Klappenbach_FR1_FED138FR1.CSV
45.0,M_34_Klappenbach_FR1_FED138FR1.CSV
144.0,M_34_Klappenbach_FR1_FED138FR1.CSV
32.0,M_34_Klappenbach_FR1_FED138FR1.CSV
20.0,M_34_Klappenbach_FR1_FED138FR1.CSV
1063.0,M_34_Klappenbach_FR1_FED138FR1.CSV
101.0,M_34_Klappenbach_FR1_FED138FR1.CSV
41.0,M_34_Klappenbach_FR1_FED138FR1.CSV
55.0,M_34_Klappenbach_FR1_FED138FR1.CSV
22.0,M_34_Klappenbach_FR1_FED138FR1.CSV
1210.0,M_34_Klappenbach_FR1_FED138FR1.CSV
208.0,M_34_Klappenbach_FR1_FED138FR1.CSV
27.0,M_34_Klappenbach_FR1_FED138FR1.CSV
25.0,M_34_Klappenbach_FR1_FED138FR1.CSV
31.0,M_34_Klappenbach_FR1_FED138FR1.CSV
19.0,M_34_Klappenbach_FR1_FED138FR1.CSV
34.0,M_34_Klappenbach_FR1_FED138FR1.CSV
16.0,M_34_Klappenbach_FR1_FED138FR1.CSV
27.0,M_34_Klappenbach_FR1_FED138FR1.CSV
36.0,M_34_Klappenbach_FR1_FED138FR1.CSV
25.0,M_34_Klappenbach_FR1_FED138FR1.CSV
21.0,M_34_Klappenbach_FR1_FED138FR1.CSV
28.0,M_34_Klappenbach_FR1_FED138FR1.CSV
26.0,M_34_Klappenbach_FR1_FED138FR1.CSV
21.0,M_34_Klappenbach_FR1_FED138FR1.CSV
428.0,M_34_Klappenbach_FR1_FED138FR1.CSV
30.0,M_34_Klappenbach_FR1_FED138FR1.CSV
28.0,M_34_Klappenbach_FR1_FED138FR1.CSV
31.0,M_34_Klappenbach_FR1_FED138FR1.CSV
25.0,M_34_Klappenbach_FR1_FED138FR1.CSV
33.0,M_34_Klappenbach_FR1_FED138FR1.CSV
293.0,M_34_Klappenbach_FR1_FED138FR1.CSV
1989.0,M_34_Klappenbach_FR1_FED138FR1.CSV
16.0,M_34_Klappenbach_FR1_FED138FR1.CSV
32.0,M_34_Klappenbach_FR1_FED138FR1.CSV
25.0,M_34_Klappenbach_FR1_FED138FR1.CSV
16.0,M_34_Klappenbach_FR1_FED138FR1.CSV
21.0,M_34_Klappenbach_FR1_FED138FR1.CSV
38.0,M_34_Klappenbach_FR1_FED138FR1.CSV
18.0,M_34_Klappenbach_FR1_FED138FR1.CSV
25.0,M_34_Klappenbach_FR1_FED138FR1.CSV
450.0,M_34_Klappenbach_FR1_FED138FR1.CSV
19.0,M_34_Klappenbach_FR1_FED138FR1.CSV
43.0,M_34_Klappenbach_FR1_FED138FR1.CSV
25.0,M_34_Klappenbach_FR1_FED138FR1.CSV
24.0,M_34_Klappenbach_FR1_FED138FR1.CSV
23.0,M_34_Klappenbach_FR1_FED138FR1.CSV
2755.0,M_34_Klappenbach_FR1_FED138FR1.CSV
62.0,M_34_Klappenbach_FR1_FED138FR1.CSV
18.0,M_34_Klappenbach_FR1_FED138FR1.CSV
2977.0,M_34_Klappenbach_FR1_FED138FR1.CSV
26.0,M_34_Klappenbach_FR1_FED138FR1.CSV
36.0,M_34_Klappenbach_FR1_FED138FR1.CSV
39.0,M_34_Klappenbach_FR1_FED138FR1.CSV
23.0,M_34_Klappenbach_FR1_FED138FR1.CSV
28.0,M_34_Klappenbach_FR1_FED138FR1.CSV
17.0,M_34_Klappenbach_FR1_FED138FR1.CSV
39.0,M_34_Klappenbach_FR1_FED138FR1.CSV
4646.0,M_34_Klappenbach_FR1_FED138FR1.CSV
21.0,M_34_Klappenbach_FR1_FED138FR1.CSV
22.0,M_34_Klappenbach_FR1_FED138FR1.CSV
212.0,M_34_Klappenbach_FR1_FED138FR1.CSV
19.0,M_34_Klappenbach_FR1_FED138FR1.CSV
29.0,M_34_Klappenbach_FR1_FED138FR1.CSV
20.0,M_34_Klappenbach_FR1_FED138FR1.CSV
19.0,M_34_Klappenbach_FR1_FED138FR1.CSV
4161.0,M_34_Klappenbach_FR1_FED138FR1.CSV
25.0,M_34_Klappenbach_FR1_FED138FR1.CSV
27.0,M_34_Klappenbach_FR1_FED138FR1.CSV
29.0,M_34_Klappenbach_FR1_FED138FR1.CSV
25.0,M_34_Klappenbach_FR1_FED138FR1.CSV
35.0,M_34_Klappenbach_FR1_FED138FR1.CSV
15.0,M_34_Klappenbach_FR1_FED138FR1.CSV
37.0,M_34_Klappenbach_FR1_FED138FR1.CSV
24.0,M_34_Klappenbach_FR1_FED138FR1.CSV
26.0,M_34_Klappenbach_FR1_FED138FR1.CSV
33.0,M_34_Klappenbach_FR1_FED138FR1.CSV
3346.0,M_34_Klappenbach_FR1_FED138FR1.CSV
50.0,M_34_Klappenbach_FR1_FED138FR1.CSV
32.0,M_34_Klappenbach_FR1_FED138FR1.CSV
27.0,M_34_Klappenbach_FR1_FED138FR1.CSV
22.0,M_34_Klappenbach_FR1_FED138FR1.CSV
30.0,M_34_Klappenbach_FR1_FED138FR1.CSV
30.0,M_34_Klappenbach_FR1_FED138FR1.CSV
498.0,M_34_Klappenbach_FR1_FED138FR1.CSV
17.0,M_34_Klappenbach_FR1_FED138FR1.CSV
21.0,M_34_Klappenbach_FR1_FED138FR1.CSV
22.0,M_34_Klappenbach_FR1_FED138FR1.CSV
34.0,M_34_Klappenbach_FR1_FED138FR1.CSV
26.0,M_34_Klappenbach_FR1_FED138FR1.CSV
3271.0,M_34_Klappenbach_FR1_FED138FR1.CSV
48.0,M_34_Klappenbach_FR1_FED138FR1.CSV
29.0,M_34_Klappenbach_FR1_FED138FR1.CSV
28.0,M_34_Klappenbach_FR1_FED138FR1.CSV
23.0,M_34_Klappenbach_FR1_FED138FR1.CSV
24.0,M_34_Klappenbach_FR1_FED138FR1.CSV
21.0,M_34_Klappenbach_FR1_FED138FR1.CSV
29.0,M_34_Klappenbach_FR1_FED138FR1.CSV
20.0,M_34_Klappenbach_FR1_FED138FR1.CSV
26.0,M_34_Klappenbach_FR1_FED138FR1.CSV
561.0,M_34_Klappenbach_FR1_FED138FR1.CSV
20.0,M_34_Klappenbach_FR1_FED138FR1.CSV
3744.0,M_34_Klappenbach_FR1_FED138FR1.CSV
23.0,M_34_Klappenbach_FR1_FED138FR1.CSV
14.0,M_34_Klappenbach_FR1_FED138FR1.CSV
21.0,M_34_Klappenbach_FR1_FED138FR1.CSV
20.0,M_34_Klappenbach_FR1_FED138FR1.CSV
32.0,M_34_Klappenbach_FR1_FED138FR1.CSV
15.0,M_34_Klappenbach_FR1_FED138FR1.CSV
3425.0,M_34_Klappenbach_FR1_FED138FR1.CSV
31.0,M_34_Klappenbach_FR1_FED138FR1.CSV
28.0,M_34_Klappenbach_FR1_FED138FR1.CSV
19.0,M_34_Klappenbach_FR1_FED138FR1.CSV
34.0,M_34_Klappenbach_FR1_FED138FR1.CSV
4107.0,M_34_Klappenbach_FR1_FED138FR1.CSV
20.0,M_34_Klappenbach_FR1_FED138FR1.CSV
18.0,M_34_Klappenbach_FR1_FED138FR1.CSV
14.0,M_34_Klappenbach_FR1_FED138FR1.CSV
18.0,M_34_Klappenbach_FR1_FED138FR1.CSV
25.0,M_34_Klappenbach_FR1_FED138FR1.CSV
21.0,M_34_Klappenbach_FR1_FED138FR1.CSV
21.0,M_34_Klappenbach_FR1_FED138FR1.CSV
183.0,M_34_Klappenbach_FR1_FED138FR1.CSV
23.0,M_34_Klappenbach_FR1_FED138FR1.CSV
29.0,M_34_Klappenbach_FR1_FED138FR1.CSV
17.0,M_34_Klappenbach_FR1_FED138FR1.CSV
6176.0,M_34_Klappenbach_FR1_FED138FR1.CSV
34.0,M_34_Klappenbach_FR1_FED138FR1.CSV
15.0,M_34_Klappenbach_FR1_FED138FR1.CSV
25.0,M_34_Klappenbach_FR1_FED138FR1.CSV
27.0,M_34_Klappenbach_FR1_FED138FR1.CSV
4892.0,M_34_Klappenbach_FR1_FED138FR1.CSV
18.0,M_34_Klappenbach_FR1_FED138FR1.CSV
28.0,M_34_Klappenbach_FR1_FED138FR1.CSV
992.0,M_34_Klappenbach_FR1_FED138FR1.CSV
5700.0,M_34_Klappenbach_FR1_FED138FR1.CSV
19.0,M_34_Klappenbach_FR1_FED138FR1.CSV
38.0,M_34_Klappenbach_FR1_FED138FR1.CSV
18.0,M_34_Klappenbach_FR1_FED138FR1.CSV
28.0,M_34_Klappenbach_FR1_FED138FR1.CSV
25.0,M_34_Klappenbach_FR1_FED138FR1.CSV
20.0,M_34_Klappenbach_FR1_FED138FR1.CSV
22.0,M_34_Klappenbach_FR1_FED138FR1.CSV
33.0,M_34_Klappenbach_FR1_FED138FR1.CSV
5358.0,M_34_Klappenbach_FR1_FED138FR1.CSV
19.0,M_34_Klappenbach_FR1_FED138FR1.CSV
30.0,M_34_Klappenbach_FR1_FED138FR1.CSV
16.0,M_34_Klappenbach_FR1_FED138FR1.CSV
23.0,M_34_Klappenbach_FR1_FED138FR1.CSV
14.0,M_34_Klappenbach_FR1_FED138FR1.CSV
23.0,M_34_Klappenbach_FR1_FED138FR1.CSV
599.0,M_34_Klappenbach_FR1_FED138FR1.CSV
29.0,M_34_Klappenbach_FR1_FED138FR1.CSV
13.0,M_34_Klappenbach_FR1_FED138FR1.CSV
20.0,M_34_Klappenbach_FR1_FED138FR1.CSV
22.0,M_34_Klappenbach_FR1_FED138FR1.CSV
464.0,M_34_Klappenbach_FR1_FED138FR1.CSV
26.0,M_34_Klappenbach_FR1_FED138FR1.CSV
16.0,M_34_Klappenbach_FR1_FED138FR1.CSV
23.0,M_34_Klappenbach_FR1_FED138FR1.CSV
3316.0,M_34_Klappenbach_FR1_FED138FR1.CSV
28.0,M_34_Klappenbach_FR1_FED138FR1.CSV
16.0,M_34_Klappenbach_FR1_FED138FR1.CSV
20.0,M_34_Klappenbach_FR1_FED138FR1.CSV
31.0,M_34_Klappenbach_FR1_FED138FR1.CSV
2843.0,M_34_Klappenbach_FR1_FED138FR1.CSV
15.0,M_34_Klappenbach_FR1_FED138FR1.CSV
17.0,M_34_Klappenbach_FR1_FED138FR1.CSV
23.0,M_34_Klappenbach_FR1_FED138FR1.CSV
16.0,M_34_Klappenbach_FR1_FED138FR1.CSV
21.0,M_34_Klappenbach_FR1_FED138FR1.CSV
942.0,M_36_Klappenbach_FR1_FED157FR1.CSV
6319.0,M_36_Klappenbach_FR1_FED157FR1.CSV
467.0,M_36_Klappenbach_FR1_FED157FR1.CSV
44.0,M_36_Klappenbach_FR1_FED157FR1.CSV
141.0,M_36_Klappenbach_FR1_FED157FR1.CSV
74.0,M_36_Klappenbach_FR1_FED157FR1.CSV
173.0,M_36_Klappenbach_FR1_FED157FR1.CSV
59.0,M_36_Klappenbach_FR1_FED157FR1.CSV
97.0,M_36_Klappenbach_FR1_FED157FR1.CSV
193.0,M_36_Klappenbach_FR1_FED157FR1.CSV
822.0,M_36_Klappenbach_FR1_FED157FR1.CSV
84.0,M_36_Klappenbach_FR1_FED157FR1.CSV
36.0,M_36_Klappenbach_FR1_FED157FR1.CSV
58.0,M_36_Klappenbach_FR1_FED157FR1.CSV
24.0,M_36_Klappenbach_FR1_FED157FR1.CSV
95.0,M_36_Klappenbach_FR1_FED157FR1.CSV
99.0,M_36_Klappenbach_FR1_FED157FR1.CSV
75.0,M_36_Klappenbach_FR1_FED157FR1.CSV
55.0,M_36_Klappenbach_FR1_FED157FR1.CSV
131.0,M_36_Klappenbach_FR1_FED157FR1.CSV
45.0,M_36_Klappenbach_FR1_FED157FR1.CSV
30.0,M_36_Klappenbach_FR1_FED157FR1.CSV
45.0,M_36_Klappenbach_FR1_FED157FR1.CSV
82.0,M_36_Klappenbach_FR1_FED157FR1.CSV
58.0,M_36_Klappenbach_FR1_FED157FR1.CSV
39.0,M_36_Klappenbach_FR1_FED157FR1.CSV
39.0,M_36_Klappenbach_FR1_FED157FR1.CSV
44.0,M_36_Klappenbach_FR1_FED157FR1.CSV
40.0,M_36_Klappenbach_FR1_FED157FR1.CSV
69.0,M_36_Klappenbach_FR1_FED157FR1.CSV
551.0,M_36_Klappenbach_FR1_FED157FR1.CSV
216.0,M_36_Klappenbach_FR1_FED157FR1.CSV
52.0,M_36_Klappenbach_FR1_FED157FR1.CSV
28.0,M_36_Klappenbach_FR1_FED157FR1.CSV
58.0,M_36_Klappenbach_FR1_FED157FR1.CSV
178.0,M_36_Klappenbach_FR1_FED157FR1.CSV
279.0,M_36_Klappenbach_FR1_FED157FR1.CSV
16.0,M_36_Klappenbach_FR1_FED157FR1.CSV
30.0,M_36_Klappenbach_FR1_FED157FR1.CSV
229.0,M_36_Klappenbach_FR1_FED157FR1.CSV
35.0,M_36_Klappenbach_FR1_FED157FR1.CSV
55.0,M_36_Klappenbach_FR1_FED157FR1.CSV
35.0,M_36_Klappenbach_FR1_FED157FR1.CSV
4724.0,M_36_Klappenbach_FR1_FED157FR1.CSV
36.0,M_36_Klappenbach_FR1_FED157FR1.CSV
295.0,M_36_Klappenbach_FR1_FED157FR1.CSV
77.0,M_36_Klappenbach_FR1_FED157FR1.CSV
59.0,M_36_Klappenbach_FR1_FED157FR1.CSV
68.0,M_36_Klappenbach_FR1_FED157FR1.CSV
41.0,M_36_Klappenbach_FR1_FED157FR1.CSV
40.0,M_36_Klappenbach_FR1_FED157FR1.CSV
31.0,M_36_Klappenbach_FR1_FED157FR1.CSV
27.0,M_36_Klappenbach_FR1_FED157FR1.CSV
29.0,M_36_Klappenbach_FR1_FED157FR1.CSV
21.0,M_36_Klappenbach_FR1_FED157FR1.CSV
23.0,M_36_Klappenbach_FR1_FED157FR1.CSV
24.0,M_36_Klappenbach_FR1_FED157FR1.CSV
37.0,M_36_Klappenbach_FR1_FED157FR1.CSV
528.0,M_36_Klappenbach_FR1_FED157FR1.CSV
22.0,M_36_Klappenbach_FR1_FED157FR1.CSV
14.0,M_36_Klappenbach_FR1_FED157FR1.CSV
16.0,M_36_Klappenbach_FR1_FED157FR1.CSV
19.0,M_36_Klappenbach_FR1_FED157FR1.CSV
22.0,M_36_Klappenbach_FR1_FED157FR1.CSV
25.0,M_36_Klappenbach_FR1_FED157FR1.CSV
39.0,M_36_Klappenbach_FR1_FED157FR1.CSV
269.0,M_36_Klappenbach_FR1_FED157FR1.CSV
135.0,M_36_Klappenbach_FR1_FED157FR1.CSV
19.0,M_36_Klappenbach_FR1_FED157FR1.CSV
15.0,M_36_Klappenbach_FR1_FED157FR1.CSV
19.0,M_36_Klappenbach_FR1_FED157FR1.CSV
24.0,M_36_Klappenbach_FR1_FED157FR1.CSV
25.0,M_36_Klappenbach_FR1_FED157FR1.CSV
22.0,M_36_Klappenbach_FR1_FED157FR1.CSV
18.0,M_36_Klappenbach_FR1_FED157FR1.CSV
20.0,M_36_Klappenbach_FR1_FED157FR1.CSV
20.0,M_36_Klappenbach_FR1_FED157FR1.CSV
6643.0,M_36_Klappenbach_FR1_FED157FR1.CSV
17.0,M_36_Klappenbach_FR1_FED157FR1.CSV
24.0,M_36_Klappenbach_FR1_FED157FR1.CSV
13.0,M_36_Klappenbach_FR1_FED157FR1.CSV
15.0,M_36_Klappenbach_FR1_FED157FR1.CSV
21.0,M_36_Klappenbach_FR1_FED157FR1.CSV
327.0,M_36_Klappenbach_FR1_FED157FR1.CSV
14.0,M_36_Klappenbach_FR1_FED157FR1.CSV
18.0,M_36_Klappenbach_FR1_FED157FR1.CSV
15.0,M_36_Klappenbach_FR1_FED157FR1.CSV
25.0,M_36_Klappenbach_FR1_FED157FR1.CSV
25.0,M_36_Klappenbach_FR1_FED157FR1.CSV
993.0,M_36_Klappenbach_FR1_FED157FR1.CSV
53.0,M_36_Klappenbach_FR1_FED157FR1.CSV
46.0,M_36_Klappenbach_FR1_FED157FR1.CSV
15.0,M_36_Klappenbach_FR1_FED157FR1.CSV
37.0,M_36_Klappenbach_FR1_FED157FR1.CSV
20.0,M_36_Klappenbach_FR1_FED157FR1.CSV
33.0,M_36_Klappenbach_FR1_FED157FR1.CSV
20.0,M_36_Klappenbach_FR1_FED157FR1.CSV
29.0,M_36_Klappenbach_FR1_FED157FR1.CSV
23.0,M_36_Klappenbach_FR1_FED157FR1.CSV
21.0,M_36_Klappenbach_FR1_FED157FR1.CSV
29.0,M_36_Klappenbach_FR1_FED157FR1.CSV
20.0,M_36_Klappenbach_FR1_FED157FR1.CSV
20.0,M_36_Klappenbach_FR1_FED157FR1.CSV
4725.0,M_36_Klappenbach_FR1_FED157FR1.CSV
48.0,M_36_Klappenbach_FR1_FED157FR1.CSV
110.0,M_36_Klappenbach_FR1_FED157FR1.CSV
21.0,M_36_Klappenbach_FR1_FED157FR1.CSV
18.0,M_36_Klappenbach_FR1_FED157FR1.CSV
96.0,M_36_Klappenbach_FR1_FED157FR1.CSV
30.0,M_36_Klappenbach_FR1_FED157FR1.CSV
17.0,M_36_Klappenbach_FR1_FED157FR1.CSV
21.0,M_36_Klappenbach_FR1_FED157FR1.CSV
17.0,M_36_Klappenbach_FR1_FED157FR1.CSV
20.0,M_36_Klappenbach_FR1_FED157FR1.CSV
18.0,M_36_Klappenbach_FR1_FED157FR1.CSV
19.0,M_36_Klappenbach_FR1_FED157FR1.CSV
329.0,M_36_Klappenbach_FR1_FED157FR1.CSV
20.0,M_36_Klappenbach_FR1_FED157FR1.CSV
5227.0,M_36_Klappenbach_FR1_FED157FR1.CSV
18.0,M_36_Klappenbach_FR1_FED157FR1.CSV
24.0,M_36_Klappenbach_FR1_FED157FR1.CSV
25.0,M_36_Klappenbach_FR1_FED157FR1.CSV
17.0,M_36_Klappenbach_FR1_FED157FR1.CSV
25.0,M_36_Klappenbach_FR1_FED157FR1.CSV
23.0,M_36_Klappenbach_FR1_FED157FR1.CSV
17.0,M_36_Klappenbach_FR1_FED157FR1.CSV
6462.0,M_36_Klappenbach_FR1_FED157FR1.CSV
19.0,M_36_Klappenbach_FR1_FED157FR1.CSV
15.0,M_36_Klappenbach_FR1_FED157FR1.CSV
17.0,M_36_Klappenbach_FR1_FED157FR1.CSV
17.0,M_36_Klappenbach_FR1_FED157FR1.CSV
18.0,M_36_Klappenbach_FR1_FED157FR1.CSV
16.0,M_36_Klappenbach_FR1_FED157FR1.CSV
18.0,M_36_Klappenbach_FR1_FED157FR1.CSV
6254.0,M_36_Klappenbach_FR1_FED157FR1.CSV
34.0,M_36_Klappenbach_FR1_FED157FR1.CSV
827.0,M_36_Klappenbach_FR1_FED157FR1.CSV
29.0,M_36_Klappenbach_FR1_FED157FR1.CSV
13.0,M_36_Klappenbach_FR1_FED157FR1.CSV
39.0,M_36_Klappenbach_FR1_FED157FR1.CSV
15.0,M_36_Klappenbach_FR1_FED157FR1.CSV
19.0,M_36_Klappenbach_FR1_FED157FR1.CSV
16.0,M_36_Klappenbach_FR1_FED157FR1.CSV
17.0,M_36_Klappenbach_FR1_FED157FR1.CSV
16.0,M_36_Klappenbach_FR1_FED157FR1.CSV
20.0,M_36_Klappenbach_FR1_FED157FR1.CSV
19.0,M_36_Klappenbach_FR1_FED157FR1.CSV
28.0,M_36_Klappenbach_FR1_FED157FR1.CSV
8559.0,M_36_Klappenbach_FR1_FED157FR1.CSV
19.0,M_36_Klappenbach_FR1_FED157FR1.CSV
17.0,M_36_Klappenbach_FR1_FED157FR1.CSV
14.0,M_36_Klappenbach_FR1_FED157FR1.CSV
16.0,M_36_Klappenbach_FR1_FED157FR1.CSV
14.0,M_36_Klappenbach_FR1_FED157FR1.CSV
324.0,M_36_Klappenbach_FR1_FED157FR1.CSV
21.0,M_36_Klappenbach_FR1_FED157FR1.CSV
15.0,M_36_Klappenbach_FR1_FED157FR1.CSV
15.0,M_36_Klappenbach_FR1_FED157FR1.CSV
1217.0,M_36_Klappenbach_FR1_FED157FR1.CSV
15.0,M_36_Klappenbach_FR1_FED157FR1.CSV
13.0,M_36_Klappenbach_FR1_FED157FR1.CSV
29.0,M_36_Klappenbach_FR1_FED157FR1.CSV
22.0,M_36_Klappenbach_FR1_FED157FR1.CSV
16.0,M_36_Klappenbach_FR1_FED157FR1.CSV
25.0,M_36_Klappenbach_FR1_FED157FR1.CSV
13.0,M_36_Klappenbach_FR1_FED157FR1.CSV
25.0,M_36_Klappenbach_FR1_FED157FR1.CSV
15.0,M_36_Klappenbach_FR1_FED157FR1.CSV
10739.0,M_36_Klappenbach_FR1_FED157FR1.CSV
19.0,M_36_Klappenbach_FR1_FED157FR1.CSV
15.0,M_36_Klappenbach_FR1_FED157FR1.CSV
18.0,M_36_Klappenbach_FR1_FED157FR1.CSV
17.0,M_36_Klappenbach_FR1_FED157FR1.CSV
16.0,M_36_Klappenbach_FR1_FED157FR1.CSV
1163.0,M_36_Klappenbach_FR1_FED157FR1.CSV
572.0,M_36_Klappenbach_FR1_FED157FR1.CSV
18.0,M_36_Klappenbach_FR1_FED157FR1.CSV
22.0,M_36_Klappenbach_FR1_FED157FR1.CSV
12.0,M_36_Klappenbach_FR1_FED157FR1.CSV
16.0,M_36_Klappenbach_FR1_FED157FR1.CSV
16.0,M_36_Klappenbach_FR1_FED157FR1.CSV
17.0,M_36_Klappenbach_FR1_FED157FR1.CSV
14.0,M_36_Klappenbach_FR1_FED157FR1.CSV
18.0,M_36_Klappenbach_FR1_FED157FR1.CSV
16.0,M_36_Klappenbach_FR1_FED157FR1.CSV
15.0,M_36_Klappenbach_FR1_FED157FR1.CSV
22.0,M_36_Klappenbach_FR1_FED157FR1.CSV
17.0,M_36_Klappenbach_FR1_FED157FR1.CSV
23.0,M_36_Klappenbach_FR1_FED157FR1.CSV
24.0,M_36_Klappenbach_FR1_FED157FR1.CSV
3155.0,M_36_Klappenbach_FR1_FED157FR1.CSV
15.0,M_36_Klappenbach_FR1_FED157FR1.CSV
15.0,M_36_Klappenbach_FR1_FED157FR1.CSV
16.0,M_36_Klappenbach_FR1_FED157FR1.CSV
59.0,M_36_Klappenbach_FR1_FED157FR1.CSV
14.0,M_36_Klappenbach_FR1_FED157FR1.CSV
16.0,M_36_Klappenbach_FR1_FED157FR1.CSV
22.0,M_36_Klappenbach_FR1_FED157FR1.CSV
21.0,M_36_Klappenbach_FR1_FED157FR1.CSV
19.0,M_36_Klappenbach_FR1_FED157FR1.CSV
3159.0,M_36_Klappenbach_FR1_FED157FR1.CSV
14.0,M_36_Klappenbach_FR1_FED157FR1.CSV
112.0,M_36_Klappenbach_FR1_FED157FR1.CSV
388.0,M_36_Klappenbach_FR1_FED157FR1.CSV
23.0,M_36_Klappenbach_FR1_FED157FR1.CSV
16.0,M_36_Klappenbach_FR1_FED157FR1.CSV
27.0,M_36_Klappenbach_FR1_FED157FR1.CSV
11.0,M_36_Klappenbach_FR1_FED157FR1.CSV
20.0,M_36_Klappenbach_FR1_FED157FR1.CSV
15.0,M_36_Klappenbach_FR1_FED157FR1.CSV
17.0,M_36_Klappenbach_FR1_FED157FR1.CSV
2346.0,M_36_Klappenbach_FR1_FED157FR1.CSV
18.0,M_36_Klappenbach_FR1_FED157FR1.CSV
25.0,M_36_Klappenbach_FR1_FED157FR1.CSV
36.0,M_36_Klappenbach_FR1_FED157FR1.CSV
35.0,M_36_Klappenbach_FR1_FED157FR1.CSV
17.0,M_36_Klappenbach_FR1_FED157FR1.CSV
18.0,M_36_Klappenbach_FR1_FED157FR1.CSV
151.0,M_36_Klappenbach_FR1_FED157FR1.CSV
68.0,M_36_Klappenbach_FR1_FED157FR1.CSV
366.0,M_36_Klappenbach_FR1_FED157FR1.CSV
15.0,M_36_Klappenbach_FR1_FED157FR1.CSV
13.0,M_36_Klappenbach_FR1_FED157FR1.CSV
16.0,M_36_Klappenbach_FR1_FED157FR1.CSV
14.0,M_36_Klappenbach_FR1_FED157FR1.CSV
14.0,M_36_Klappenbach_FR1_FED157FR1.CSV
3123.0,M_35_Klappenbach_FR1_FED156FR1.CSV
793.0,M_35_Klappenbach_FR1_FED156FR1.CSV
96.0,M_35_Klappenbach_FR1_FED156FR1.CSV
1738.0,M_35_Klappenbach_FR1_FED156FR1.CSV
1269.0,M_35_Klappenbach_FR1_FED156FR1.CSV
161.0,M_35_Klappenbach_FR1_FED156FR1.CSV
220.0,M_35_Klappenbach_FR1_FED156FR1.CSV
201.0,M_35_Klappenbach_FR1_FED156FR1.CSV
1205.0,M_35_Klappenbach_FR1_FED156FR1.CSV
616.0,M_35_Klappenbach_FR1_FED156FR1.CSV
544.0,M_35_Klappenbach_FR1_FED156FR1.CSV
554.0,M_35_Klappenbach_FR1_FED156FR1.CSV
267.0,M_35_Klappenbach_FR1_FED156FR1.CSV
42.0,M_35_Klappenbach_FR1_FED156FR1.CSV
44.0,M_35_Klappenbach_FR1_FED156FR1.CSV
53.0,M_35_Klappenbach_FR1_FED156FR1.CSV
29.0,M_35_Klappenbach_FR1_FED156FR1.CSV
44.0,M_35_Klappenbach_FR1_FED156FR1.CSV
27.0,M_35_Klappenbach_FR1_FED156FR1.CSV
36.0,M_35_Klappenbach_FR1_FED156FR1.CSV
57.0,M_35_Klappenbach_FR1_FED156FR1.CSV
67.0,M_35_Klappenbach_FR1_FED156FR1.CSV
38.0,M_35_Klappenbach_FR1_FED156FR1.CSV
35.0,M_35_Klappenbach_FR1_FED156FR1.CSV
47.0,M_35_Klappenbach_FR1_FED156FR1.CSV
47.0,M_35_Klappenbach_FR1_FED156FR1.CSV
48.0,M_35_Klappenbach_FR1_FED156FR1.CSV
139.0,M_35_Klappenbach_FR1_FED156FR1.CSV
34.0,M_35_Klappenbach_FR1_FED156FR1.CSV
216.0,M_35_Klappenbach_FR1_FED156FR1.CSV
29.0,M_35_Klappenbach_FR1_FED156FR1.CSV
28.0,M_35_Klappenbach_FR1_FED156FR1.CSV
37.0,M_35_Klappenbach_FR1_FED156FR1.CSV
31.0,M_35_Klappenbach_FR1_FED156FR1.CSV
22.0,M_35_Klappenbach_FR1_FED156FR1.CSV
137.0,M_35_Klappenbach_FR1_FED156FR1.CSV
34.0,M_35_Klappenbach_FR1_FED156FR1.CSV
53.0,M_35_Klappenbach_FR1_FED156FR1.CSV
1277.0,M_35_Klappenbach_FR1_FED156FR1.CSV
29.0,M_35_Klappenbach_FR1_FED156FR1.CSV
23.0,M_35_Klappenbach_FR1_FED156FR1.CSV
54.0,M_35_Klappenbach_FR1_FED156FR1.CSV
321.0,M_35_Klappenbach_FR1_FED156FR1.CSV
437.0,M_35_Klappenbach_FR1_FED156FR1.CSV
42.0,M_35_Klappenbach_FR1_FED156FR1.CSV
37.0,M_35_Klappenbach_FR1_FED156FR1.CSV
102.0,M_35_Klappenbach_FR1_FED156FR1.CSV
35.0,M_35_Klappenbach_FR1_FED156FR1.CSV
33.0,M_35_Klappenbach_FR1_FED156FR1.CSV
56.0,M_35_Klappenbach_FR1_FED156FR1.CSV
28.0,M_35_Klappenbach_FR1_FED156FR1.CSV
30.0,M_35_Klappenbach_FR1_FED156FR1.CSV
688.0,M_35_Klappenbach_FR1_FED156FR1.CSV
37.0,M_35_Klappenbach_FR1_FED156FR1.CSV
55.0,M_35_Klappenbach_FR1_FED156FR1.CSV
124.0,M_35_Klappenbach_FR1_FED156FR1.CSV
27.0,M_35_Klappenbach_FR1_FED156FR1.CSV
30.0,M_35_Klappenbach_FR1_FED156FR1.CSV
16.0,M_35_Klappenbach_FR1_FED156FR1.CSV
40.0,M_35_Klappenbach_FR1_FED156FR1.CSV
26.0,M_35_Klappenbach_FR1_FED156FR1.CSV
55.0,M_35_Klappenbach_FR1_FED156FR1.CSV
3394.0,M_35_Klappenbach_FR1_FED156FR1.CSV
220.0,M_35_Klappenbach_FR1_FED156FR1.CSV
30.0,M_35_Klappenbach_FR1_FED156FR1.CSV
43.0,M_35_Klappenbach_FR1_FED156FR1.CSV
48.0,M_35_Klappenbach_FR1_FED156FR1.CSV
41.0,M_35_Klappenbach_FR1_FED156FR1.CSV
23.0,M_35_Klappenbach_FR1_FED156FR1.CSV
23.0,M_35_Klappenbach_FR1_FED156FR1.CSV
21.0,M_35_Klappenbach_FR1_FED156FR1.CSV
30.0,M_35_Klappenbach_FR1_FED156FR1.CSV
26.0,M_35_Klappenbach_FR1_FED156FR1.CSV
26.0,M_35_Klappenbach_FR1_FED156FR1.CSV
244.0,M_35_Klappenbach_FR1_FED156FR1.CSV
242.0,M_35_Klappenbach_FR1_FED156FR1.CSV
41.0,M_35_Klappenbach_FR1_FED156FR1.CSV
26.0,M_35_Klappenbach_FR1_FED156FR1.CSV
669.0,M_35_Klappenbach_FR1_FED156FR1.CSV
32.0,M_35_Klappenbach_FR1_FED156FR1.CSV
20.0,M_35_Klappenbach_FR1_FED156FR1.CSV
21.0,M_35_Klappenbach_FR1_FED156FR1.CSV
26.0,M_35_Klappenbach_FR1_FED156FR1.CSV
24.0,M_35_Klappenbach_FR1_FED156FR1.CSV
32.0,M_35_Klappenbach_FR1_FED156FR1.CSV
3696.0,M_35_Klappenbach_FR1_FED156FR1.CSV
501.0,M_35_Klappenbach_FR1_FED156FR1.CSV
42.0,M_35_Klappenbach_FR1_FED156FR1.CSV
25.0,M_35_Klappenbach_FR1_FED156FR1.CSV
19.0,M_35_Klappenbach_FR1_FED156FR1.CSV
7.0,M_35_Klappenbach_FR1_FED156FR1.CSV
26.0,M_35_Klappenbach_FR1_FED156FR1.CSV
30.0,M_35_Klappenbach_FR1_FED156FR1.CSV
606.0,M_35_Klappenbach_FR1_FED156FR1.CSV
27.0,M_35_Klappenbach_FR1_FED156FR1.CSV
22.0,M_35_Klappenbach_FR1_FED156FR1.CSV
24.0,M_35_Klappenbach_FR1_FED156FR1.CSV
23.0,M_35_Klappenbach_FR1_FED156FR1.CSV
35.0,M_35_Klappenbach_FR1_FED156FR1.CSV
22.0,M_35_Klappenbach_FR1_FED156FR1.CSV
27.0,M_35_Klappenbach_FR1_FED156FR1.CSV
2906.0,M_35_Klappenbach_FR1_FED156FR1.CSV
39.0,M_35_Klappenbach_FR1_FED156FR1.CSV
27.0,M_35_Klappenbach_FR1_FED156FR1.CSV
260.0,M_35_Klappenbach_FR1_FED156FR1.CSV
48.0,M_35_Klappenbach_FR1_FED156FR1.CSV
29.0,M_35_Klappenbach_FR1_FED156FR1.CSV
25.0,M_35_Klappenbach_FR1_FED156FR1.CSV
24.0,M_35_Klappenbach_FR1_FED156FR1.CSV
29.0,M_35_Klappenbach_FR1_FED156FR1.CSV
21.0,M_35_Klappenbach_FR1_FED156FR1.CSV
4161.0,M_35_Klappenbach_FR1_FED156FR1.CSV
35.0,M_35_Klappenbach_FR1_FED156FR1.CSV
24.0,M_35_Klappenbach_FR1_FED156FR1.CSV
23.0,M_35_Klappenbach_FR1_FED156FR1.CSV
23.0,M_35_Klappenbach_FR1_FED156FR1.CSV
21.0,M_35_Klappenbach_FR1_FED156FR1.CSV
28.0,M_35_Klappenbach_FR1_FED156FR1.CSV
28.0,M_35_Klappenbach_FR1_FED156FR1.CSV
31.0,M_35_Klappenbach_FR1_FED156FR1.CSV
410.0,M_35_Klappenbach_FR1_FED156FR1.CSV
20.0,M_35_Klappenbach_FR1_FED156FR1.CSV
25.0,M_35_Klappenbach_FR1_FED156FR1.CSV
230.0,M_35_Klappenbach_FR1_FED156FR1.CSV
205.0,M_35_Klappenbach_FR1_FED156FR1.CSV
174.0,M_35_Klappenbach_FR1_FED156FR1.CSV
27.0,M_35_Klappenbach_FR1_FED156FR1.CSV
6066.0,M_35_Klappenbach_FR1_FED156FR1.CSV
24.0,M_35_Klappenbach_FR1_FED156FR1.CSV
24.0,M_35_Klappenbach_FR1_FED156FR1.CSV
23.0,M_35_Klappenbach_FR1_FED156FR1.CSV
26.0,M_35_Klappenbach_FR1_FED156FR1.CSV
23.0,M_35_Klappenbach_FR1_FED156FR1.CSV
30.0,M_35_Klappenbach_FR1_FED156FR1.CSV
40.0,M_35_Klappenbach_FR1_FED156FR1.CSV
31.0,M_35_Klappenbach_FR1_FED156FR1.CSV
36.0,M_35_Klappenbach_FR1_FED156FR1.CSV
22.0,M_35_Klappenbach_FR1_FED156FR1.CSV
24.0,M_35_Klappenbach_FR1_FED156FR1.CSV
27.0,M_35_Klappenbach_FR1_FED156FR1.CSV
32.0,M_35_Klappenbach_FR1_FED156FR1.CSV
568.0,M_35_Klappenbach_FR1_FED156FR1.CSV
24.0,M_35_Klappenbach_FR1_FED156FR1.CSV
22.0,M_35_Klappenbach_FR1_FED156FR1.CSV
118.0,M_35_Klappenbach_FR1_FED156FR1.CSV
21.0,M_35_Klappenbach_FR1_FED156FR1.CSV
4171.0,M_35_Klappenbach_FR1_FED156FR1.CSV
31.0,M_35_Klappenbach_FR1_FED156FR1.CSV
23.0,M_35_Klappenbach_FR1_FED156FR1.CSV
25.0,M_35_Klappenbach_FR1_FED156FR1.CSV
40.0,M_35_Klappenbach_FR1_FED156FR1.CSV
23.0,M_35_Klappenbach_FR1_FED156FR1.CSV
25.0,M_35_Klappenbach_FR1_FED156FR1.CSV
31.0,M_35_Klappenbach_FR1_FED156FR1.CSV
1259.0,M_35_Klappenbach_FR1_FED156FR1.CSV
42.0,M_35_Klappenbach_FR1_FED156FR1.CSV
24.0,M_35_Klappenbach_FR1_FED156FR1.CSV
4333.0,M_35_Klappenbach_FR1_FED156FR1.CSV
41.0,M_35_Klappenbach_FR1_FED156FR1.CSV
21.0,M_35_Klappenbach_FR1_FED156FR1.CSV
20.0,M_35_Klappenbach_FR1_FED156FR1.CSV
26.0,M_35_Klappenbach_FR1_FED156FR1.CSV
21.0,M_35_Klappenbach_FR1_FED156FR1.CSV
5686.0,M_35_Klappenbach_FR1_FED156FR1.CSV
30.0,M_35_Klappenbach_FR1_FED156FR1.CSV
44.0,M_35_Klappenbach_FR1_FED156FR1.CSV
26.0,M_35_Klappenbach_FR1_FED156FR1.CSV
21.0,M_35_Klappenbach_FR1_FED156FR1.CSV
25.0,M_35_Klappenbach_FR1_FED156FR1.CSV
631.0,M_35_Klappenbach_FR1_FED156FR1.CSV
23.0,M_35_Klappenbach_FR1_FED156FR1.CSV
25.0,M_35_Klappenbach_FR1_FED156FR1.CSV
25.0,M_35_Klappenbach_FR1_FED156FR1.CSV
20.0,M_35_Klappenbach_FR1_FED156FR1.CSV
31.0,M_35_Klappenbach_FR1_FED156FR1.CSV
18.0,M_35_Klappenbach_FR1_FED156FR1.CSV
21.0,M_35_Klappenbach_FR1_FED156FR1.CSV
357.0,M_35_Klappenbach_FR1_FED156FR1.CSV
23.0,M_35_Klappenbach_FR1_FED156FR1.CSV
21.0,M_35_Klappenbach_FR1_FED156FR1.CSV
5002.0,M_35_Klappenbach_FR1_FED156FR1.CSV
31.0,M_35_Klappenbach_FR1_FED156FR1.CSV
25.0,M_35_Klappenbach_FR1_FED156FR1.CSV
23.0,M_35_Klappenbach_FR1_FED156FR1.CSV
4389.0,M_35_Klappenbach_FR1_FED156FR1.CSV
24.0,M_35_Klappenbach_FR1_FED156FR1.CSV
21.0,M_35_Klappenbach_FR1_FED156FR1.CSV
19.0,M_35_Klappenbach_FR1_FED156FR1.CSV
27.0,M_35_Klappenbach_FR1_FED156FR1.CSV
29.0,M_35_Klappenbach_FR1_FED156FR1.CSV
5149.0,M_35_Klappenbach_FR1_FED156FR1.CSV
27.0,M_35_Klappenbach_FR1_FED156FR1.CSV
22.0,M_35_Klappenbach_FR1_FED156FR1.CSV
23.0,M_35_Klappenbach_FR1_FED156FR1.CSV
24.0,M_35_Klappenbach_FR1_FED156FR1.CSV
32.0,M_35_Klappenbach_FR1_FED156FR1.CSV
23.0,M_35_Klappenbach_FR1_FED156FR1.CSV
590.0,M_35_Klappenbach_FR1_FED156FR1.CSV
26.0,M_35_Klappenbach_FR1_FED156FR1.CSV
24.0,M_35_Klappenbach_FR1_FED156FR1.CSV
3701.0,M_35_Klappenbach_FR1_FED156FR1.CSV
22.0,M_35_Klappenbach_FR1_FED156FR1.CSV
24.0,M_35_Klappenbach_FR1_FED156FR1.CSV
20.0,M_35_Klappenbach_FR1_FED156FR1.CSV
22.0,M_35_Klappenbach_FR1_FED156FR1.CSV
28.0,M_35_Klappenbach_FR1_FED156FR1.CSV
27.0,M_35_Klappenbach_FR1_FED156FR1.CSV
726.0,M_35_Klappenbach_FR1_FED156FR1.CSV
77.0,M_35_Klappenbach_FR1_FED156FR1.CSV
21.0,M_35_Klappenbach_FR1_FED156FR1.CSV
31.0,M_35_Klappenbach_FR1_FED156FR1.CSV
23.0,M_35_Klappenbach_FR1_FED156FR1.CSV
3713.0,M_35_Klappenbach_FR1_FED156FR1.CSV
284.0,M_35_Klappenbach_FR1_FED156FR1.CSV
113.0,M_35_Klappenbach_FR1_FED156FR1.CSV
106.0,M_35_Klappenbach_FR1_FED156FR1.CSV
62.0,M_35_Klappenbach_FR1_FED156FR1.CSV
337.0,M_35_Klappenbach_FR1_FED156FR1.CSV
1519.0,M_35_Klappenbach_FR1_FED156FR1.CSV
375.0,M_35_Klappenbach_FR1_FED156FR1.CSV
20.0,M_35_Klappenbach_FR1_FED156FR1.CSV
50.0,M_35_Klappenbach_FR1_FED156FR1.CSV
225.0,M_31_Klappenbach_FR1_FED129FR1.CSV
100.0,M_31_Klappenbach_FR1_FED129FR1.CSV
60.0,M_31_Klappenbach_FR1_FED129FR1.CSV
14398.0,M_31_Klappenbach_FR1_FED129FR1.CSV
562.0,M_31_Klappenbach_FR1_FED129FR1.CSV
138.0,M_31_Klappenbach_FR1_FED129FR1.CSV
166.0,M_31_Klappenbach_FR1_FED129FR1.CSV
85.0,M_31_Klappenbach_FR1_FED129FR1.CSV
98.0,M_31_Klappenbach_FR1_FED129FR1.CSV
118.0,M_31_Klappenbach_FR1_FED129FR1.CSV
360.0,M_31_Klappenbach_FR1_FED129FR1.CSV
834.0,M_31_Klappenbach_FR1_FED129FR1.CSV
101.0,M_31_Klappenbach_FR1_FED129FR1.CSV
49.0,M_31_Klappenbach_FR1_FED129FR1.CSV
63.0,M_31_Klappenbach_FR1_FED129FR1.CSV
3172.0,M_31_Klappenbach_FR1_FED129FR1.CSV
258.0,M_31_Klappenbach_FR1_FED129FR1.CSV
61.0,M_31_Klappenbach_FR1_FED129FR1.CSV
96.0,M_31_Klappenbach_FR1_FED129FR1.CSV
35.0,M_31_Klappenbach_FR1_FED129FR1.CSV
62.0,M_31_Klappenbach_FR1_FED129FR1.CSV
45.0,M_31_Klappenbach_FR1_FED129FR1.CSV
48.0,M_31_Klappenbach_FR1_FED129FR1.CSV
36.0,M_31_Klappenbach_FR1_FED129FR1.CSV
32.0,M_31_Klappenbach_FR1_FED129FR1.CSV
26.0,M_31_Klappenbach_FR1_FED129FR1.CSV
26.0,M_31_Klappenbach_FR1_FED129FR1.CSV
26.0,M_31_Klappenbach_FR1_FED129FR1.CSV
330.0,M_31_Klappenbach_FR1_FED129FR1.CSV
48.0,M_31_Klappenbach_FR1_FED129FR1.CSV
62.0,M_31_Klappenbach_FR1_FED129FR1.CSV
69.0,M_31_Klappenbach_FR1_FED129FR1.CSV
46.0,M_31_Klappenbach_FR1_FED129FR1.CSV
47.0,M_31_Klappenbach_FR1_FED129FR1.CSV
4578.0,M_31_Klappenbach_FR1_FED129FR1.CSV
48.0,M_31_Klappenbach_FR1_FED129FR1.CSV
27.0,M_31_Klappenbach_FR1_FED129FR1.CSV
40.0,M_31_Klappenbach_FR1_FED129FR1.CSV
38.0,M_31_Klappenbach_FR1_FED129FR1.CSV
24.0,M_31_Klappenbach_FR1_FED129FR1.CSV
33.0,M_31_Klappenbach_FR1_FED129FR1.CSV
28.0,M_31_Klappenbach_FR1_FED129FR1.CSV
22.0,M_31_Klappenbach_FR1_FED129FR1.CSV
29.0,M_31_Klappenbach_FR1_FED129FR1.CSV
18.0,M_31_Klappenbach_FR1_FED129FR1.CSV
21.0,M_31_Klappenbach_FR1_FED129FR1.CSV
30.0,M_31_Klappenbach_FR1_FED129FR1.CSV
311.0,M_31_Klappenbach_FR1_FED129FR1.CSV
31.0,M_31_Klappenbach_FR1_FED129FR1.CSV
25.0,M_31_Klappenbach_FR1_FED129FR1.CSV
27.0,M_31_Klappenbach_FR1_FED129FR1.CSV
29.0,M_31_Klappenbach_FR1_FED129FR1.CSV
34.0,M_31_Klappenbach_FR1_FED129FR1.CSV
29.0,M_31_Klappenbach_FR1_FED129FR1.CSV
342.0,M_31_Klappenbach_FR1_FED129FR1.CSV
39.0,M_31_Klappenbach_FR1_FED129FR1.CSV
40.0,M_31_Klappenbach_FR1_FED129FR1.CSV
52.0,M_31_Klappenbach_FR1_FED129FR1.CSV
31.0,M_31_Klappenbach_FR1_FED129FR1.CSV
25.0,M_31_Klappenbach_FR1_FED129FR1.CSV
32.0,M_31_Klappenbach_FR1_FED129FR1.CSV
505.0,M_31_Klappenbach_FR1_FED129FR1.CSV
33.0,M_31_Klappenbach_FR1_FED129FR1.CSV
25.0,M_31_Klappenbach_FR1_FED129FR1.CSV
29.0,M_31_Klappenbach_FR1_FED129FR1.CSV
39.0,M_31_Klappenbach_FR1_FED129FR1.CSV
24.0,M_31_Klappenbach_FR1_FED129FR1.CSV
25.0,M_31_Klappenbach_FR1_FED129FR1.CSV
37.0,M_31_Klappenbach_FR1_FED129FR1.CSV
31.0,M_31_Klappenbach_FR1_FED129FR1.CSV
27.0,M_31_Klappenbach_FR1_FED129FR1.CSV
1117.0,M_31_Klappenbach_FR1_FED129FR1.CSV
24.0,M_31_Klappenbach_FR1_FED129FR1.CSV
31.0,M_31_Klappenbach_FR1_FED129FR1.CSV
22.0,M_31_Klappenbach_FR1_FED129FR1.CSV
26.0,M_31_Klappenbach_FR1_FED129FR1.CSV
35.0,M_31_Klappenbach_FR1_FED129FR1.CSV
572.0,M_31_Klappenbach_FR1_FED129FR1.CSV
639.0,M_31_Klappenbach_FR1_FED129FR1.CSV
36.0,M_31_Klappenbach_FR1_FED129FR1.CSV
33.0,M_31_Klappenbach_FR1_FED129FR1.CSV
24.0,M_31_Klappenbach_FR1_FED129FR1.CSV
34.0,M_31_Klappenbach_FR1_FED129FR1.CSV
417.0,M_31_Klappenbach_FR1_FED129FR1.CSV
30.0,M_31_Klappenbach_FR1_FED129FR1.CSV
34.0,M_31_Klappenbach_FR1_FED129FR1.CSV
150.0,M_31_Klappenbach_FR1_FED129FR1.CSV
41.0,M_31_Klappenbach_FR1_FED129FR1.CSV
26.0,M_31_Klappenbach_FR1_FED129FR1.CSV
30.0,M_31_Klappenbach_FR1_FED129FR1.CSV
27.0,M_31_Klappenbach_FR1_FED129FR1.CSV
5920.0,M_31_Klappenbach_FR1_FED129FR1.CSV
39.0,M_31_Klappenbach_FR1_FED129FR1.CSV
86.0,M_31_Klappenbach_FR1_FED129FR1.CSV
23.0,M_31_Klappenbach_FR1_FED129FR1.CSV
22.0,M_31_Klappenbach_FR1_FED129FR1.CSV
27.0,M_31_Klappenbach_FR1_FED129FR1.CSV
29.0,M_31_Klappenbach_FR1_FED129FR1.CSV
374.0,M_31_Klappenbach_FR1_FED129FR1.CSV
33.0,M_31_Klappenbach_FR1_FED129FR1.CSV
50.0,M_31_Klappenbach_FR1_FED129FR1.CSV
5764.0,M_31_Klappenbach_FR1_FED129FR1.CSV
25.0,M_31_Klappenbach_FR1_FED129FR1.CSV
22.0,M_31_Klappenbach_FR1_FED129FR1.CSV
26.0,M_31_Klappenbach_FR1_FED129FR1.CSV
1474.0,M_31_Klappenbach_FR1_FED129FR1.CSV
45.0,M_31_Klappenbach_FR1_FED129FR1.CSV
40.0,M_31_Klappenbach_FR1_FED129FR1.CSV
26.0,M_31_Klappenbach_FR1_FED129FR1.CSV
23.0,M_31_Klappenbach_FR1_FED129FR1.CSV
10460.0,M_31_Klappenbach_FR1_FED129FR1.CSV
30.0,M_31_Klappenbach_FR1_FED129FR1.CSV
26.0,M_31_Klappenbach_FR1_FED129FR1.CSV
22.0,M_31_Klappenbach_FR1_FED129FR1.CSV
23.0,M_31_Klappenbach_FR1_FED129FR1.CSV
42.0,M_31_Klappenbach_FR1_FED129FR1.CSV
22.0,M_31_Klappenbach_FR1_FED129FR1.CSV
365.0,M_31_Klappenbach_FR1_FED129FR1.CSV
6446.0,M_31_Klappenbach_FR1_FED129FR1.CSV
34.0,M_31_Klappenbach_FR1_FED129FR1.CSV
30.0,M_31_Klappenbach_FR1_FED129FR1.CSV
26.0,M_31_Klappenbach_FR1_FED129FR1.CSV
30.0,M_31_Klappenbach_FR1_FED129FR1.CSV
21.0,M_31_Klappenbach_FR1_FED129FR1.CSV
26.0,M_31_Klappenbach_FR1_FED129FR1.CSV
16.0,M_31_Klappenbach_FR1_FED129FR1.CSV
4119.0,M_31_Klappenbach_FR1_FED129FR1.CSV
89.0,M_31_Klappenbach_FR1_FED129FR1.CSV
22.0,M_31_Klappenbach_FR1_FED129FR1.CSV
23.0,M_31_Klappenbach_FR1_FED129FR1.CSV
3581.0,M_31_Klappenbach_FR1_FED129FR1.CSV
19.0,M_31_Klappenbach_FR1_FED129FR1.CSV
32.0,M_31_Klappenbach_FR1_FED129FR1.CSV
20.0,M_31_Klappenbach_FR1_FED129FR1.CSV
27.0,M_31_Klappenbach_FR1_FED129FR1.CSV
3277.0,M_31_Klappenbach_FR1_FED129FR1.CSV
28.0,M_31_Klappenbach_FR1_FED129FR1.CSV
18.0,M_31_Klappenbach_FR1_FED129FR1.CSV
30.0,M_31_Klappenbach_FR1_FED129FR1.CSV
19.0,M_31_Klappenbach_FR1_FED129FR1.CSV
15.0,M_31_Klappenbach_FR1_FED129FR1.CSV
20.0,M_31_Klappenbach_FR1_FED129FR1.CSV
26.0,M_31_Klappenbach_FR1_FED129FR1.CSV
20.0,M_31_Klappenbach_FR1_FED129FR1.CSV
186.0,M_31_Klappenbach_FR1_FED129FR1.CSV
21.0,M_31_Klappenbach_FR1_FED129FR1.CSV
55.0,M_31_Klappenbach_FR1_FED129FR1.CSV
20.0,M_31_Klappenbach_FR1_FED129FR1.CSV
23.0,M_31_Klappenbach_FR1_FED129FR1.CSV
2530.0,M_31_Klappenbach_FR1_FED129FR1.CSV
201.0,M_31_Klappenbach_FR1_FED129FR1.CSV
32.0,M_31_Klappenbach_FR1_FED129FR1.CSV
17.0,M_31_Klappenbach_FR1_FED129FR1.CSV
24.0,M_31_Klappenbach_FR1_FED129FR1.CSV
35.0,M_31_Klappenbach_FR1_FED129FR1.CSV
297.0,M_31_Klappenbach_FR1_FED129FR1.CSV
2153.0,M_31_Klappenbach_FR1_FED129FR1.CSV
530.0,M_31_Klappenbach_FR1_FED129FR1.CSV
20.0,M_31_Klappenbach_FR1_FED129FR1.CSV
23.0,M_31_Klappenbach_FR1_FED129FR1.CSV
25.0,M_31_Klappenbach_FR1_FED129FR1.CSV
27.0,M_31_Klappenbach_FR1_FED129FR1.CSV
1850.0,M_31_Klappenbach_FR1_FED129FR1.CSV
22.0,M_31_Klappenbach_FR1_FED129FR1.CSV
26.0,M_31_Klappenbach_FR1_FED129FR1.CSV
29.0,M_31_Klappenbach_FR1_FED129FR1.CSV
23.0,M_31_Klappenbach_FR1_FED129FR1.CSV
767.0,M_31_Klappenbach_FR1_FED129FR1.CSV
27.0,M_31_Klappenbach_FR1_FED129FR1.CSV
22.0,M_31_Klappenbach_FR1_FED129FR1.CSV
51.0,M_31_Klappenbach_FR1_FED129FR1.CSV
22.0,M_31_Klappenbach_FR1_FED129FR1.CSV
248.0,M_37_Klappenbach_FR1_FED158FR1.CSV
24.0,M_37_Klappenbach_FR1_FED158FR1.CSV
1189.0,M_37_Klappenbach_FR1_FED158FR1.CSV
498.0,M_37_Klappenbach_FR1_FED158FR1.CSV
815.0,M_37_Klappenbach_FR1_FED158FR1.CSV
59.0,M_37_Klappenbach_FR1_FED158FR1.CSV
26.0,M_37_Klappenbach_FR1_FED158FR1.CSV
43.0,M_37_Klappenbach_FR1_FED158FR1.CSV
66.0,M_37_Klappenbach_FR1_FED158FR1.CSV
290.0,M_37_Klappenbach_FR1_FED158FR1.CSV
58.0,M_37_Klappenbach_FR1_FED158FR1.CSV
26.0,M_37_Klappenbach_FR1_FED158FR1.CSV
25.0,M_37_Klappenbach_FR1_FED158FR1.CSV
27.0,M_37_Klappenbach_FR1_FED158FR1.CSV
444.0,M_37_Klappenbach_FR1_FED158FR1.CSV
48.0,M_37_Klappenbach_FR1_FED158FR1.CSV
165.0,M_37_Klappenbach_FR1_FED158FR1.CSV
75.0,M_37_Klappenbach_FR1_FED158FR1.CSV
271.0,M_37_Klappenbach_FR1_FED158FR1.CSV
31.0,M_37_Klappenbach_FR1_FED158FR1.CSV
29.0,M_37_Klappenbach_FR1_FED158FR1.CSV
103.0,M_37_Klappenbach_FR1_FED158FR1.CSV
19.0,M_37_Klappenbach_FR1_FED158FR1.CSV
26.0,M_37_Klappenbach_FR1_FED158FR1.CSV
28.0,M_37_Klappenbach_FR1_FED158FR1.CSV
26.0,M_37_Klappenbach_FR1_FED158FR1.CSV
1452.0,M_37_Klappenbach_FR1_FED158FR1.CSV
21.0,M_37_Klappenbach_FR1_FED158FR1.CSV
60.0,M_37_Klappenbach_FR1_FED158FR1.CSV
21.0,M_37_Klappenbach_FR1_FED158FR1.CSV
24.0,M_37_Klappenbach_FR1_FED158FR1.CSV
17.0,M_37_Klappenbach_FR1_FED158FR1.CSV
1439.0,M_37_Klappenbach_FR1_FED158FR1.CSV
400.0,M_37_Klappenbach_FR1_FED158FR1.CSV
29.0,M_37_Klappenbach_FR1_FED158FR1.CSV
21.0,M_37_Klappenbach_FR1_FED158FR1.CSV
32.0,M_37_Klappenbach_FR1_FED158FR1.CSV
20.0,M_37_Klappenbach_FR1_FED158FR1.CSV
7862.0,M_37_Klappenbach_FR1_FED158FR1.CSV
58.0,M_37_Klappenbach_FR1_FED158FR1.CSV
28.0,M_37_Klappenbach_FR1_FED158FR1.CSV
36.0,M_37_Klappenbach_FR1_FED158FR1.CSV
445.0,M_37_Klappenbach_FR1_FED158FR1.CSV
21.0,M_37_Klappenbach_FR1_FED158FR1.CSV
21.0,M_37_Klappenbach_FR1_FED158FR1.CSV
25.0,M_37_Klappenbach_FR1_FED158FR1.CSV
14.0,M_37_Klappenbach_FR1_FED158FR1.CSV
20.0,M_37_Klappenbach_FR1_FED158FR1.CSV
29.0,M_37_Klappenbach_FR1_FED158FR1.CSV
461.0,M_37_Klappenbach_FR1_FED158FR1.CSV
30.0,M_37_Klappenbach_FR1_FED158FR1.CSV
22.0,M_37_Klappenbach_FR1_FED158FR1.CSV
887.0,M_37_Klappenbach_FR1_FED158FR1.CSV
1421.0,M_37_Klappenbach_FR1_FED158FR1.CSV
26.0,M_37_Klappenbach_FR1_FED158FR1.CSV
16.0,M_37_Klappenbach_FR1_FED158FR1.CSV
30.0,M_37_Klappenbach_FR1_FED158FR1.CSV
24.0,M_37_Klappenbach_FR1_FED158FR1.CSV
26.0,M_37_Klappenbach_FR1_FED158FR1.CSV
269.0,M_37_Klappenbach_FR1_FED158FR1.CSV
36.0,M_37_Klappenbach_FR1_FED158FR1.CSV
23.0,M_37_Klappenbach_FR1_FED158FR1.CSV
6223.0,M_37_Klappenbach_FR1_FED158FR1.CSV
54.0,M_37_Klappenbach_FR1_FED158FR1.CSV
21.0,M_37_Klappenbach_FR1_FED158FR1.CSV
31.0,M_37_Klappenbach_FR1_FED158FR1.CSV
19.0,M_37_Klappenbach_FR1_FED158FR1.CSV
15.0,M_37_Klappenbach_FR1_FED158FR1.CSV
26.0,M_37_Klappenbach_FR1_FED158FR1.CSV
15.0,M_37_Klappenbach_FR1_FED158FR1.CSV
216.0,M_37_Klappenbach_FR1_FED158FR1.CSV
30.0,M_37_Klappenbach_FR1_FED158FR1.CSV
31.0,M_37_Klappenbach_FR1_FED158FR1.CSV
17.0,M_37_Klappenbach_FR1_FED158FR1.CSV
719.0,M_37_Klappenbach_FR1_FED158FR1.CSV
42.0,M_37_Klappenbach_FR1_FED158FR1.CSV
821.0,M_37_Klappenbach_FR1_FED158FR1.CSV
19.0,M_37_Klappenbach_FR1_FED158FR1.CSV
15.0,M_37_Klappenbach_FR1_FED158FR1.CSV
22.0,M_37_Klappenbach_FR1_FED158FR1.CSV
14.0,M_37_Klappenbach_FR1_FED158FR1.CSV
19.0,M_37_Klappenbach_FR1_FED158FR1.CSV
21.0,M_37_Klappenbach_FR1_FED158FR1.CSV
18.0,M_37_Klappenbach_FR1_FED158FR1.CSV
22.0,M_37_Klappenbach_FR1_FED158FR1.CSV
42.0,M_37_Klappenbach_FR1_FED158FR1.CSV
33.0,M_37_Klappenbach_FR1_FED158FR1.CSV
18.0,M_37_Klappenbach_FR1_FED158FR1.CSV
567.0,M_37_Klappenbach_FR1_FED158FR1.CSV
578.0,M_37_Klappenbach_FR1_FED158FR1.CSV
24.0,M_37_Klappenbach_FR1_FED158FR1.CSV
25.0,M_37_Klappenbach_FR1_FED158FR1.CSV
147.0,M_37_Klappenbach_FR1_FED158FR1.CSV
27.0,M_37_Klappenbach_FR1_FED158FR1.CSV
19.0,M_37_Klappenbach_FR1_FED158FR1.CSV
33.0,M_37_Klappenbach_FR1_FED158FR1.CSV
18.0,M_37_Klappenbach_FR1_FED158FR1.CSV
22.0,M_37_Klappenbach_FR1_FED158FR1.CSV
22.0,M_37_Klappenbach_FR1_FED158FR1.CSV
31.0,M_37_Klappenbach_FR1_FED158FR1.CSV
5675.0,M_37_Klappenbach_FR1_FED158FR1.CSV
17.0,M_37_Klappenbach_FR1_FED158FR1.CSV
33.0,M_37_Klappenbach_FR1_FED158FR1.CSV
20.0,M_37_Klappenbach_FR1_FED158FR1.CSV
14.0,M_37_Klappenbach_FR1_FED158FR1.CSV
21.0,M_37_Klappenbach_FR1_FED158FR1.CSV
276.0,M_37_Klappenbach_FR1_FED158FR1.CSV
42.0,M_37_Klappenbach_FR1_FED158FR1.CSV
16.0,M_37_Klappenbach_FR1_FED158FR1.CSV
17.0,M_37_Klappenbach_FR1_FED158FR1.CSV
18.0,M_37_Klappenbach_FR1_FED158FR1.CSV
21.0,M_37_Klappenbach_FR1_FED158FR1.CSV
15.0,M_37_Klappenbach_FR1_FED158FR1.CSV
28.0,M_37_Klappenbach_FR1_FED158FR1.CSV
16.0,M_37_Klappenbach_FR1_FED158FR1.CSV
26.0,M_37_Klappenbach_FR1_FED158FR1.CSV
20.0,M_37_Klappenbach_FR1_FED158FR1.CSV
17.0,M_37_Klappenbach_FR1_FED158FR1.CSV
16.0,M_37_Klappenbach_FR1_FED158FR1.CSV
611.0,M_37_Klappenbach_FR1_FED158FR1.CSV
28.0,M_37_Klappenbach_FR1_FED158FR1.CSV
14.0,M_37_Klappenbach_FR1_FED158FR1.CSV
605.0,M_37_Klappenbach_FR1_FED158FR1.CSV
23.0,M_37_Klappenbach_FR1_FED158FR1.CSV
17.0,M_37_Klappenbach_FR1_FED158FR1.CSV
5587.0,M_37_Klappenbach_FR1_FED158FR1.CSV
75.0,M_37_Klappenbach_FR1_FED158FR1.CSV
52.0,M_37_Klappenbach_FR1_FED158FR1.CSV
23.0,M_37_Klappenbach_FR1_FED158FR1.CSV
14.0,M_37_Klappenbach_FR1_FED158FR1.CSV
18.0,M_37_Klappenbach_FR1_FED158FR1.CSV
844.0,M_37_Klappenbach_FR1_FED158FR1.CSV
32.0,M_37_Klappenbach_FR1_FED158FR1.CSV
18.0,M_37_Klappenbach_FR1_FED158FR1.CSV
20.0,M_37_Klappenbach_FR1_FED158FR1.CSV
17.0,M_37_Klappenbach_FR1_FED158FR1.CSV
22.0,M_37_Klappenbach_FR1_FED158FR1.CSV
8757.0,M_37_Klappenbach_FR1_FED158FR1.CSV
25.0,M_37_Klappenbach_FR1_FED158FR1.CSV
19.0,M_37_Klappenbach_FR1_FED158FR1.CSV
16.0,M_37_Klappenbach_FR1_FED158FR1.CSV
20.0,M_37_Klappenbach_FR1_FED158FR1.CSV
16.0,M_37_Klappenbach_FR1_FED158FR1.CSV
19.0,M_37_Klappenbach_FR1_FED158FR1.CSV
20.0,M_37_Klappenbach_FR1_FED158FR1.CSV
23.0,M_37_Klappenbach_FR1_FED158FR1.CSV
23.0,M_37_Klappenbach_FR1_FED158FR1.CSV
29.0,M_37_Klappenbach_FR1_FED158FR1.CSV
22.0,M_37_Klappenbach_FR1_FED158FR1.CSV
18.0,M_37_Klappenbach_FR1_FED158FR1.CSV
9462.0,M_37_Klappenbach_FR1_FED158FR1.CSV
29.0,M_37_Klappenbach_FR1_FED158FR1.CSV
16.0,M_37_Klappenbach_FR1_FED158FR1.CSV
16.0,M_37_Klappenbach_FR1_FED158FR1.CSV
26.0,M_37_Klappenbach_FR1_FED158FR1.CSV
18.0,M_37_Klappenbach_FR1_FED158FR1.CSV
23.0,M_37_Klappenbach_FR1_FED158FR1.CSV
34.0,M_37_Klappenbach_FR1_FED158FR1.CSV
6040.0,M_37_Klappenbach_FR1_FED158FR1.CSV
30.0,M_37_Klappenbach_FR1_FED158FR1.CSV
81.0,M_37_Klappenbach_FR1_FED158FR1.CSV
30.0,M_37_Klappenbach_FR1_FED158FR1.CSV
19.0,M_37_Klappenbach_FR1_FED158FR1.CSV
4736.0,M_37_Klappenbach_FR1_FED158FR1.CSV
22.0,M_37_Klappenbach_FR1_FED158FR1.CSV
24.0,M_37_Klappenbach_FR1_FED158FR1.CSV
13.0,M_37_Klappenbach_FR1_FED158FR1.CSV
19.0,M_37_Klappenbach_FR1_FED158FR1.CSV
24.0,M_37_Klappenbach_FR1_FED158FR1.CSV
20.0,M_37_Klappenbach_FR1_FED158FR1.CSV
20.0,M_37_Klappenbach_FR1_FED158FR1.CSV
810.0,M_37_Klappenbach_FR1_FED158FR1.CSV
17.0,M_37_Klappenbach_FR1_FED158FR1.CSV
8.0,M_37_Klappenbach_FR1_FED158FR1.CSV
21.0,M_37_Klappenbach_FR1_FED158FR1.CSV
21.0,M_37_Klappenbach_FR1_FED158FR1.CSV
18.0,M_37_Klappenbach_FR1_FED158FR1.CSV
26.0,M_37_Klappenbach_FR1_FED158FR1.CSV
96.0,M_37_Klappenbach_FR1_FED158FR1.CSV
5058.0,M_37_Klappenbach_FR1_FED158FR1.CSV
22.0,M_37_Klappenbach_FR1_FED158FR1.CSV
21.0,M_37_Klappenbach_FR1_FED158FR1.CSV
18.0,M_37_Klappenbach_FR1_FED158FR1.CSV
24.0,M_37_Klappenbach_FR1_FED158FR1.CSV
21.0,M_37_Klappenbach_FR1_FED158FR1.CSV
20.0,M_37_Klappenbach_FR1_FED158FR1.CSV
323.0,M_37_Klappenbach_FR1_FED158FR1.CSV
27.0,M_37_Klappenbach_FR1_FED158FR1.CSV
18.0,M_37_Klappenbach_FR1_FED158FR1.CSV
4498.0,M_37_Klappenbach_FR1_FED158FR1.CSV
20.0,M_37_Klappenbach_FR1_FED158FR1.CSV
16.0,M_37_Klappenbach_FR1_FED158FR1.CSV
18.0,M_37_Klappenbach_FR1_FED158FR1.CSV
18.0,M_37_Klappenbach_FR1_FED158FR1.CSV
27.0,M_37_Klappenbach_FR1_FED158FR1.CSV
95.0,M_37_Klappenbach_FR1_FED158FR1.CSV
838.0,M_37_Klappenbach_FR1_FED158FR1.CSV
17.0,M_37_Klappenbach_FR1_FED158FR1.CSV
16.0,M_37_Klappenbach_FR1_FED158FR1.CSV
19.0,M_37_Klappenbach_FR1_FED158FR1.CSV
24.0,M_37_Klappenbach_FR1_FED158FR1.CSV
32.0,M_37_Klappenbach_FR1_FED158FR1.CSV
22.0,M_37_Klappenbach_FR1_FED158FR1.CSV
480.0,M_38_Klappenbach_FR1_FED159FR1.CSV
1358.0,M_38_Klappenbach_FR1_FED159FR1.CSV
3904.0,M_38_Klappenbach_FR1_FED159FR1.CSV
1714.0,M_38_Klappenbach_FR1_FED159FR1.CSV
2254.0,M_38_Klappenbach_FR1_FED159FR1.CSV
55.0,M_38_Klappenbach_FR1_FED159FR1.CSV
77.0,M_38_Klappenbach_FR1_FED159FR1.CSV
143.0,M_38_Klappenbach_FR1_FED159FR1.CSV
91.0,M_38_Klappenbach_FR1_FED159FR1.CSV
342.0,M_38_Klappenbach_FR1_FED159FR1.CSV
33.0,M_38_Klappenbach_FR1_FED159FR1.CSV
114.0,M_38_Klappenbach_FR1_FED159FR1.CSV
111.0,M_38_Klappenbach_FR1_FED159FR1.CSV
27.0,M_38_Klappenbach_FR1_FED159FR1.CSV
4032.0,M_38_Klappenbach_FR1_FED159FR1.CSV
50.0,M_38_Klappenbach_FR1_FED159FR1.CSV
47.0,M_38_Klappenbach_FR1_FED159FR1.CSV
30.0,M_38_Klappenbach_FR1_FED159FR1.CSV
22.0,M_38_Klappenbach_FR1_FED159FR1.CSV
47.0,M_38_Klappenbach_FR1_FED159FR1.CSV
493.0,M_38_Klappenbach_FR1_FED159FR1.CSV
70.0,M_38_Klappenbach_FR1_FED159FR1.CSV
27.0,M_38_Klappenbach_FR1_FED159FR1.CSV
173.0,M_38_Klappenbach_FR1_FED159FR1.CSV
3145.0,M_38_Klappenbach_FR1_FED159FR1.CSV
42.0,M_38_Klappenbach_FR1_FED159FR1.CSV
26.0,M_38_Klappenbach_FR1_FED159FR1.CSV
17.0,M_38_Klappenbach_FR1_FED159FR1.CSV
43.0,M_38_Klappenbach_FR1_FED159FR1.CSV
17.0,M_38_Klappenbach_FR1_FED159FR1.CSV
27.0,M_38_Klappenbach_FR1_FED159FR1.CSV
25.0,M_38_Klappenbach_FR1_FED159FR1.CSV
217.0,M_38_Klappenbach_FR1_FED159FR1.CSV
244.0,M_38_Klappenbach_FR1_FED159FR1.CSV
68.0,M_38_Klappenbach_FR1_FED159FR1.CSV
6234.0,M_38_Klappenbach_FR1_FED159FR1.CSV
36.0,M_38_Klappenbach_FR1_FED159FR1.CSV
31.0,M_38_Klappenbach_FR1_FED159FR1.CSV
43.0,M_38_Klappenbach_FR1_FED159FR1.CSV
30.0,M_38_Klappenbach_FR1_FED159FR1.CSV
29.0,M_38_Klappenbach_FR1_FED159FR1.CSV
5173.0,M_38_Klappenbach_FR1_FED159FR1.CSV
38.0,M_38_Klappenbach_FR1_FED159FR1.CSV
41.0,M_38_Klappenbach_FR1_FED159FR1.CSV
1411.0,M_38_Klappenbach_FR1_FED159FR1.CSV
40.0,M_38_Klappenbach_FR1_FED159FR1.CSV
28.0,M_38_Klappenbach_FR1_FED159FR1.CSV
316.0,M_38_Klappenbach_FR1_FED159FR1.CSV
24.0,M_38_Klappenbach_FR1_FED159FR1.CSV
32.0,M_38_Klappenbach_FR1_FED159FR1.CSV
24.0,M_38_Klappenbach_FR1_FED159FR1.CSV
4254.0,M_38_Klappenbach_FR1_FED159FR1.CSV
30.0,M_38_Klappenbach_FR1_FED159FR1.CSV
30.0,M_38_Klappenbach_FR1_FED159FR1.CSV
26.0,M_38_Klappenbach_FR1_FED159FR1.CSV
21.0,M_38_Klappenbach_FR1_FED159FR1.CSV
18.0,M_38_Klappenbach_FR1_FED159FR1.CSV
3691.0,M_38_Klappenbach_FR1_FED159FR1.CSV
23.0,M_38_Klappenbach_FR1_FED159FR1.CSV
20.0,M_38_Klappenbach_FR1_FED159FR1.CSV
30.0,M_38_Klappenbach_FR1_FED159FR1.CSV
21.0,M_38_Klappenbach_FR1_FED159FR1.CSV
18.0,M_38_Klappenbach_FR1_FED159FR1.CSV
986.0,M_38_Klappenbach_FR1_FED159FR1.CSV
40.0,M_38_Klappenbach_FR1_FED159FR1.CSV
690.0,M_38_Klappenbach_FR1_FED159FR1.CSV
31.0,M_38_Klappenbach_FR1_FED159FR1.CSV
1892.0,M_38_Klappenbach_FR1_FED159FR1.CSV
21.0,M_38_Klappenbach_FR1_FED159FR1.CSV
26.0,M_38_Klappenbach_FR1_FED159FR1.CSV
21.0,M_38_Klappenbach_FR1_FED159FR1.CSV
23.0,M_38_Klappenbach_FR1_FED159FR1.CSV
463.0,M_38_Klappenbach_FR1_FED159FR1.CSV
31.0,M_38_Klappenbach_FR1_FED159FR1.CSV
44.0,M_38_Klappenbach_FR1_FED159FR1.CSV
22.0,M_38_Klappenbach_FR1_FED159FR1.CSV
16.0,M_38_Klappenbach_FR1_FED159FR1.CSV
26.0,M_38_Klappenbach_FR1_FED159FR1.CSV
18.0,M_38_Klappenbach_FR1_FED159FR1.CSV
770.0,M_38_Klappenbach_FR1_FED159FR1.CSV
26.0,M_38_Klappenbach_FR1_FED159FR1.CSV
20.0,M_38_Klappenbach_FR1_FED159FR1.CSV
1720.0,M_38_Klappenbach_FR1_FED159FR1.CSV
433.0,M_38_Klappenbach_FR1_FED159FR1.CSV
21.0,M_38_Klappenbach_FR1_FED159FR1.CSV
16.0,M_38_Klappenbach_FR1_FED159FR1.CSV
23.0,M_38_Klappenbach_FR1_FED159FR1.CSV
19.0,M_38_Klappenbach_FR1_FED159FR1.CSV
379.0,M_38_Klappenbach_FR1_FED159FR1.CSV
380.0,M_38_Klappenbach_FR1_FED159FR1.CSV
15.0,M_38_Klappenbach_FR1_FED159FR1.CSV
18.0,M_38_Klappenbach_FR1_FED159FR1.CSV
15.0,M_38_Klappenbach_FR1_FED159FR1.CSV
32.0,M_38_Klappenbach_FR1_FED159FR1.CSV
1815.0,M_38_Klappenbach_FR1_FED159FR1.CSV
22.0,M_38_Klappenbach_FR1_FED159FR1.CSV
18.0,M_38_Klappenbach_FR1_FED159FR1.CSV
24.0,M_38_Klappenbach_FR1_FED159FR1.CSV
546.0,M_38_Klappenbach_FR1_FED159FR1.CSV
14.0,M_38_Klappenbach_FR1_FED159FR1.CSV
15.0,M_38_Klappenbach_FR1_FED159FR1.CSV
715.0,M_38_Klappenbach_FR1_FED159FR1.CSV
1150.0,M_38_Klappenbach_FR1_FED159FR1.CSV
620.0,M_38_Klappenbach_FR1_FED159FR1.CSV
13.0,M_38_Klappenbach_FR1_FED159FR1.CSV
17.0,M_38_Klappenbach_FR1_FED159FR1.CSV
16.0,M_38_Klappenbach_FR1_FED159FR1.CSV
18.0,M_38_Klappenbach_FR1_FED159FR1.CSV
19.0,M_38_Klappenbach_FR1_FED159FR1.CSV
18.0,M_38_Klappenbach_FR1_FED159FR1.CSV
356.0,M_38_Klappenbach_FR1_FED159FR1.CSV
34.0,M_38_Klappenbach_FR1_FED159FR1.CSV
20.0,M_38_Klappenbach_FR1_FED159FR1.CSV
18.0,M_38_Klappenbach_FR1_FED159FR1.CSV
15.0,M_38_Klappenbach_FR1_FED159FR1.CSV
726.0,M_38_Klappenbach_FR1_FED159FR1.CSV
15.0,M_38_Klappenbach_FR1_FED159FR1.CSV
15.0,M_38_Klappenbach_FR1_FED159FR1.CSV
17.0,M_38_Klappenbach_FR1_FED159FR1.CSV
591.0,M_38_Klappenbach_FR1_FED159FR1.CSV
8.0,M_38_Klappenbach_FR1_FED159FR1.CSV
14.0,M_38_Klappenbach_FR1_FED159FR1.CSV
17.0,M_38_Klappenbach_FR1_FED159FR1.CSV
16.0,M_38_Klappenbach_FR1_FED159FR1.CSV
243.0,M_38_Klappenbach_FR1_FED159FR1.CSV
17.0,M_38_Klappenbach_FR1_FED159FR1.CSV
17.0,M_38_Klappenbach_FR1_FED159FR1.CSV
25.0,M_38_Klappenbach_FR1_FED159FR1.CSV
340.0,M_38_Klappenbach_FR1_FED159FR1.CSV
16.0,M_38_Klappenbach_FR1_FED159FR1.CSV
278.0,M_38_Klappenbach_FR1_FED159FR1.CSV
12.0,M_38_Klappenbach_FR1_FED159FR1.CSV
260.0,M_38_Klappenbach_FR1_FED159FR1.CSV
7.0,M_38_Klappenbach_FR1_FED159FR1.CSV
29.0,M_38_Klappenbach_FR1_FED159FR1.CSV
14.0,M_38_Klappenbach_FR1_FED159FR1.CSV
33.0,M_38_Klappenbach_FR1_FED159FR1.CSV
15.0,M_38_Klappenbach_FR1_FED159FR1.CSV
22.0,M_38_Klappenbach_FR1_FED159FR1.CSV
264.0,M_38_Klappenbach_FR1_FED159FR1.CSV
16.0,M_38_Klappenbach_FR1_FED159FR1.CSV
17.0,M_38_Klappenbach_FR1_FED159FR1.CSV
744.0,M_38_Klappenbach_FR1_FED159FR1.CSV
574.0,M_38_Klappenbach_FR1_FED159FR1.CSV
15.0,M_38_Klappenbach_FR1_FED159FR1.CSV
19.0,M_38_Klappenbach_FR1_FED159FR1.CSV
18.0,M_38_Klappenbach_FR1_FED159FR1.CSV
20.0,M_38_Klappenbach_FR1_FED159FR1.CSV
402.0,M_38_Klappenbach_FR1_FED159FR1.CSV
18.0,M_38_Klappenbach_FR1_FED159FR1.CSV
873.0,M_38_Klappenbach_FR1_FED159FR1.CSV
25.0,M_38_Klappenbach_FR1_FED159FR1.CSV
52.0,M_38_Klappenbach_FR1_FED159FR1.CSV
19.0,M_38_Klappenbach_FR1_FED159FR1.CSV
85.0,M_38_Klappenbach_FR1_FED159FR1.CSV
15.0,M_38_Klappenbach_FR1_FED159FR1.CSV
17.0,M_38_Klappenbach_FR1_FED159FR1.CSV
34.0,M_38_Klappenbach_FR1_FED159FR1.CSV
17.0,M_38_Klappenbach_FR1_FED159FR1.CSV
1890.0,M_38_Klappenbach_FR1_FED159FR1.CSV
24.0,M_38_Klappenbach_FR1_FED159FR1.CSV
18.0,M_38_Klappenbach_FR1_FED159FR1.CSV
18.0,M_38_Klappenbach_FR1_FED159FR1.CSV
31.0,M_38_Klappenbach_FR1_FED159FR1.CSV
243.0,M_38_Klappenbach_FR1_FED159FR1.CSV
6.0,M_38_Klappenbach_FR1_FED159FR1.CSV
3851.0,M_38_Klappenbach_FR1_FED159FR1.CSV
18.0,M_38_Klappenbach_FR1_FED159FR1.CSV
157.0,M_38_Klappenbach_FR1_FED159FR1.CSV
19.0,M_38_Klappenbach_FR1_FED159FR1.CSV
76.0,M_38_Klappenbach_FR1_FED159FR1.CSV
11.0,M_38_Klappenbach_FR1_FED159FR1.CSV
21.0,M_38_Klappenbach_FR1_FED159FR1.CSV
22.0,M_38_Klappenbach_FR1_FED159FR1.CSV
23.0,M_38_Klappenbach_FR1_FED159FR1.CSV
432.0,M_38_Klappenbach_FR1_FED159FR1.CSV
22.0,M_38_Klappenbach_FR1_FED159FR1.CSV
416.0,M_38_Klappenbach_FR1_FED159FR1.CSV
6338.0,M_38_Klappenbach_FR1_FED159FR1.CSV
24.0,M_38_Klappenbach_FR1_FED159FR1.CSV
19.0,M_38_Klappenbach_FR1_FED159FR1.CSV
24.0,M_38_Klappenbach_FR1_FED159FR1.CSV
18.0,M_38_Klappenbach_FR1_FED159FR1.CSV
18.0,M_38_Klappenbach_FR1_FED159FR1.CSV
26.0,M_38_Klappenbach_FR1_FED159FR1.CSV
16.0,M_38_Klappenbach_FR1_FED159FR1.CSV
18.0,M_38_Klappenbach_FR1_FED159FR1.CSV
23.0,M_38_Klappenbach_FR1_FED159FR1.CSV
22.0,M_38_Klappenbach_FR1_FED159FR1.CSV
192.0,M_38_Klappenbach_FR1_FED159FR1.CSV
15.0,M_38_Klappenbach_FR1_FED159FR1.CSV
30.0,M_38_Klappenbach_FR1_FED159FR1.CSV
67.0,M_38_Klappenbach_FR1_FED159FR1.CSV
3797.0,M_38_Klappenbach_FR1_FED159FR1.CSV
18.0,M_38_Klappenbach_FR1_FED159FR1.CSV
17.0,M_38_Klappenbach_FR1_FED159FR1.CSV
28.0,M_38_Klappenbach_FR1_FED159FR1.CSV
19.0,M_38_Klappenbach_FR1_FED159FR1.CSV
25.0,M_38_Klappenbach_FR1_FED159FR1.CSV
19.0,M_38_Klappenbach_FR1_FED159FR1.CSV
24.0,M_38_Klappenbach_FR1_FED159FR1.CSV
18.0,M_38_Klappenbach_FR1_FED159FR1.CSV
2498.0,M_38_Klappenbach_FR1_FED159FR1.CSV
21.0,M_38_Klappenbach_FR1_FED159FR1.CSV
23.0,M_38_Klappenbach_FR1_FED159FR1.CSV
41.0,M_38_Klappenbach_FR1_FED159FR1.CSV
16.0,M_38_Klappenbach_FR1_FED159FR1.CSV
16.0,M_38_Klappenbach_FR1_FED159FR1.CSV
19.0,M_38_Klappenbach_FR1_FED159FR1.CSV
19.0,M_38_Klappenbach_FR1_FED159FR1.CSV
26.0,M_38_Klappenbach_FR1_FED159FR1.CSV
18.0,M_38_Klappenbach_FR1_FED159FR1.CSV
18.0,M_38_Klappenbach_FR1_FED159FR1.CSV
28.0,M_38_Klappenbach_FR1_FED159FR1.CSV
3366.0,M_38_Klappenbach_FR1_FED159FR1.CSV
27.0,M_38_Klappenbach_FR1_FED159FR1.CSV
24.0,M_38_Klappenbach_FR1_FED159FR1.CSV
14.0,M_38_Klappenbach_FR1_FED159FR1.CSV
25.0,M_38_Klappenbach_FR1_FED159FR1.CSV
37.0,M_38_Klappenbach_FR1_FED159FR1.CSV
21.0,M_38_Klappenbach_FR1_FED159FR1.CSV
27.0,M_38_Klappenbach_FR1_FED159FR1.CSV
11.0,M_38_Klappenbach_FR1_FED159FR1.CSV
313.0,M_39_Westbrook_FR1_HAL17FR1.CSV
518.0,M_39_Westbrook_FR1_HAL17FR1.CSV
405.0,M_39_Westbrook_FR1_HAL17FR1.CSV
873.0,M_39_Westbrook_FR1_HAL17FR1.CSV
235.0,M_39_Westbrook_FR1_HAL17FR1.CSV
2237.0,M_39_Westbrook_FR1_HAL17FR1.CSV
84.0,M_39_Westbrook_FR1_HAL17FR1.CSV
52.0,M_39_Westbrook_FR1_HAL17FR1.CSV
43.0,M_39_Westbrook_FR1_HAL17FR1.CSV
656.0,M_39_Westbrook_FR1_HAL17FR1.CSV
44.0,M_39_Westbrook_FR1_HAL17FR1.CSV
23.0,M_39_Westbrook_FR1_HAL17FR1.CSV
35.0,M_39_Westbrook_FR1_HAL17FR1.CSV
32.0,M_39_Westbrook_FR1_HAL17FR1.CSV
29.0,M_39_Westbrook_FR1_HAL17FR1.CSV
44.0,M_39_Westbrook_FR1_HAL17FR1.CSV
25.0,M_39_Westbrook_FR1_HAL17FR1.CSV
30.0,M_39_Westbrook_FR1_HAL17FR1.CSV
20.0,M_39_Westbrook_FR1_HAL17FR1.CSV
44.0,M_39_Westbrook_FR1_HAL17FR1.CSV
23.0,M_39_Westbrook_FR1_HAL17FR1.CSV
180.0,M_39_Westbrook_FR1_HAL17FR1.CSV
19.0,M_39_Westbrook_FR1_HAL17FR1.CSV
24.0,M_39_Westbrook_FR1_HAL17FR1.CSV
24.0,M_39_Westbrook_FR1_HAL17FR1.CSV
20.0,M_39_Westbrook_FR1_HAL17FR1.CSV
19.0,M_39_Westbrook_FR1_HAL17FR1.CSV
47.0,M_39_Westbrook_FR1_HAL17FR1.CSV
316.0,M_39_Westbrook_FR1_HAL17FR1.CSV
21.0,M_39_Westbrook_FR1_HAL17FR1.CSV
24.0,M_39_Westbrook_FR1_HAL17FR1.CSV
17.0,M_39_Westbrook_FR1_HAL17FR1.CSV
24.0,M_39_Westbrook_FR1_HAL17FR1.CSV
28.0,M_39_Westbrook_FR1_HAL17FR1.CSV
20.0,M_39_Westbrook_FR1_HAL17FR1.CSV
49.0,M_39_Westbrook_FR1_HAL17FR1.CSV
519.0,M_39_Westbrook_FR1_HAL17FR1.CSV
76.0,M_39_Westbrook_FR1_HAL17FR1.CSV
4459.0,M_39_Westbrook_FR1_HAL17FR1.CSV
19.0,M_39_Westbrook_FR1_HAL17FR1.CSV
14.0,M_39_Westbrook_FR1_HAL17FR1.CSV
22.0,M_39_Westbrook_FR1_HAL17FR1.CSV
11.0,M_39_Westbrook_FR1_HAL17FR1.CSV
6.0,M_39_Westbrook_FR1_HAL17FR1.CSV
22.0,M_39_Westbrook_FR1_HAL17FR1.CSV
15.0,M_39_Westbrook_FR1_HAL17FR1.CSV
21.0,M_39_Westbrook_FR1_HAL17FR1.CSV
163.0,M_39_Westbrook_FR1_HAL17FR1.CSV
26.0,M_39_Westbrook_FR1_HAL17FR1.CSV
10.0,M_39_Westbrook_FR1_HAL17FR1.CSV
19.0,M_39_Westbrook_FR1_HAL17FR1.CSV
26.0,M_39_Westbrook_FR1_HAL17FR1.CSV
702.0,M_39_Westbrook_FR1_HAL17FR1.CSV
18.0,M_39_Westbrook_FR1_HAL17FR1.CSV
15.0,M_39_Westbrook_FR1_HAL17FR1.CSV
16.0,M_39_Westbrook_FR1_HAL17FR1.CSV
16.0,M_39_Westbrook_FR1_HAL17FR1.CSV
17.0,M_39_Westbrook_FR1_HAL17FR1.CSV
18.0,M_39_Westbrook_FR1_HAL17FR1.CSV
14.0,M_39_Westbrook_FR1_HAL17FR1.CSV
34.0,M_39_Westbrook_FR1_HAL17FR1.CSV
15.0,M_39_Westbrook_FR1_HAL17FR1.CSV
252.0,M_39_Westbrook_FR1_HAL17FR1.CSV
13.0,M_39_Westbrook_FR1_HAL17FR1.CSV
25.0,M_39_Westbrook_FR1_HAL17FR1.CSV
12.0,M_39_Westbrook_FR1_HAL17FR1.CSV
23.0,M_39_Westbrook_FR1_HAL17FR1.CSV
12.0,M_39_Westbrook_FR1_HAL17FR1.CSV
25.0,M_39_Westbrook_FR1_HAL17FR1.CSV
42.0,M_39_Westbrook_FR1_HAL17FR1.CSV
584.0,M_39_Westbrook_FR1_HAL17FR1.CSV
36.0,M_39_Westbrook_FR1_HAL17FR1.CSV
37.0,M_39_Westbrook_FR1_HAL17FR1.CSV
12.0,M_39_Westbrook_FR1_HAL17FR1.CSV
16.0,M_39_Westbrook_FR1_HAL17FR1.CSV
31.0,M_39_Westbrook_FR1_HAL17FR1.CSV
22.0,M_39_Westbrook_FR1_HAL17FR1.CSV
21.0,M_39_Westbrook_FR1_HAL17FR1.CSV
27.0,M_39_Westbrook_FR1_HAL17FR1.CSV
4390.0,M_39_Westbrook_FR1_HAL17FR1.CSV
122.0,M_39_Westbrook_FR1_HAL17FR1.CSV
347.0,M_39_Westbrook_FR1_HAL17FR1.CSV
15.0,M_39_Westbrook_FR1_HAL17FR1.CSV
21.0,M_39_Westbrook_FR1_HAL17FR1.CSV
16.0,M_39_Westbrook_FR1_HAL17FR1.CSV
97.0,M_39_Westbrook_FR1_HAL17FR1.CSV
254.0,M_39_Westbrook_FR1_HAL17FR1.CSV
17.0,M_39_Westbrook_FR1_HAL17FR1.CSV
13.0,M_39_Westbrook_FR1_HAL17FR1.CSV
14.0,M_39_Westbrook_FR1_HAL17FR1.CSV
16.0,M_39_Westbrook_FR1_HAL17FR1.CSV
17.0,M_39_Westbrook_FR1_HAL17FR1.CSV
18.0,M_39_Westbrook_FR1_HAL17FR1.CSV
16.0,M_39_Westbrook_FR1_HAL17FR1.CSV
16.0,M_39_Westbrook_FR1_HAL17FR1.CSV
19.0,M_39_Westbrook_FR1_HAL17FR1.CSV
5737.0,M_39_Westbrook_FR1_HAL17FR1.CSV
28.0,M_39_Westbrook_FR1_HAL17FR1.CSV
16.0,M_39_Westbrook_FR1_HAL17FR1.CSV
230.0,M_39_Westbrook_FR1_HAL17FR1.CSV
21.0,M_39_Westbrook_FR1_HAL17FR1.CSV
386.0,M_39_Westbrook_FR1_HAL17FR1.CSV
14.0,M_39_Westbrook_FR1_HAL17FR1.CSV
19.0,M_39_Westbrook_FR1_HAL17FR1.CSV
20.0,M_39_Westbrook_FR1_HAL17FR1.CSV
17.0,M_39_Westbrook_FR1_HAL17FR1.CSV
4438.0,M_39_Westbrook_FR1_HAL17FR1.CSV
12.0,M_39_Westbrook_FR1_HAL17FR1.CSV
15.0,M_39_Westbrook_FR1_HAL17FR1.CSV
16.0,M_39_Westbrook_FR1_HAL17FR1.CSV
14.0,M_39_Westbrook_FR1_HAL17FR1.CSV
32.0,M_39_Westbrook_FR1_HAL17FR1.CSV
131.0,M_39_Westbrook_FR1_HAL17FR1.CSV
4620.0,M_39_Westbrook_FR1_HAL17FR1.CSV
19.0,M_39_Westbrook_FR1_HAL17FR1.CSV
26.0,M_39_Westbrook_FR1_HAL17FR1.CSV
18.0,M_39_Westbrook_FR1_HAL17FR1.CSV
19.0,M_39_Westbrook_FR1_HAL17FR1.CSV
13.0,M_39_Westbrook_FR1_HAL17FR1.CSV
17.0,M_39_Westbrook_FR1_HAL17FR1.CSV
23.0,M_39_Westbrook_FR1_HAL17FR1.CSV
49.0,M_39_Westbrook_FR1_HAL17FR1.CSV
4497.0,M_39_Westbrook_FR1_HAL17FR1.CSV
25.0,M_39_Westbrook_FR1_HAL17FR1.CSV
14.0,M_39_Westbrook_FR1_HAL17FR1.CSV
12.0,M_39_Westbrook_FR1_HAL17FR1.CSV
20.0,M_39_Westbrook_FR1_HAL17FR1.CSV
32.0,M_39_Westbrook_FR1_HAL17FR1.CSV
40.0,M_39_Westbrook_FR1_HAL17FR1.CSV
15.0,M_39_Westbrook_FR1_HAL17FR1.CSV
20.0,M_39_Westbrook_FR1_HAL17FR1.CSV
4734.0,M_39_Westbrook_FR1_HAL17FR1.CSV
12.0,M_39_Westbrook_FR1_HAL17FR1.CSV
24.0,M_39_Westbrook_FR1_HAL17FR1.CSV
23.0,M_39_Westbrook_FR1_HAL17FR1.CSV
19.0,M_39_Westbrook_FR1_HAL17FR1.CSV
680.0,M_39_Westbrook_FR1_HAL17FR1.CSV
13.0,M_39_Westbrook_FR1_HAL17FR1.CSV
25.0,M_39_Westbrook_FR1_HAL17FR1.CSV
22.0,M_39_Westbrook_FR1_HAL17FR1.CSV
27.0,M_39_Westbrook_FR1_HAL17FR1.CSV
13.0,M_39_Westbrook_FR1_HAL17FR1.CSV
16.0,M_39_Westbrook_FR1_HAL17FR1.CSV
19.0,M_39_Westbrook_FR1_HAL17FR1.CSV
12.0,M_39_Westbrook_FR1_HAL17FR1.CSV
21.0,M_39_Westbrook_FR1_HAL17FR1.CSV
22.0,M_39_Westbrook_FR1_HAL17FR1.CSV
5416.0,M_39_Westbrook_FR1_HAL17FR1.CSV
24.0,M_39_Westbrook_FR1_HAL17FR1.CSV
9.0,M_39_Westbrook_FR1_HAL17FR1.CSV
18.0,M_39_Westbrook_FR1_HAL17FR1.CSV
22.0,M_39_Westbrook_FR1_HAL17FR1.CSV
15.0,M_39_Westbrook_FR1_HAL17FR1.CSV
11.0,M_39_Westbrook_FR1_HAL17FR1.CSV
23.0,M_39_Westbrook_FR1_HAL17FR1.CSV
15.0,M_39_Westbrook_FR1_HAL17FR1.CSV
33.0,M_39_Westbrook_FR1_HAL17FR1.CSV
3241.0,M_39_Westbrook_FR1_HAL17FR1.CSV
24.0,M_39_Westbrook_FR1_HAL17FR1.CSV
21.0,M_39_Westbrook_FR1_HAL17FR1.CSV
23.0,M_39_Westbrook_FR1_HAL17FR1.CSV
14.0,M_39_Westbrook_FR1_HAL17FR1.CSV
17.0,M_39_Westbrook_FR1_HAL17FR1.CSV
17.0,M_39_Westbrook_FR1_HAL17FR1.CSV
20.0,M_39_Westbrook_FR1_HAL17FR1.CSV
27.0,M_39_Westbrook_FR1_HAL17FR1.CSV
4900.0,M_39_Westbrook_FR1_HAL17FR1.CSV
15.0,M_39_Westbrook_FR1_HAL17FR1.CSV
18.0,M_39_Westbrook_FR1_HAL17FR1.CSV
18.0,M_39_Westbrook_FR1_HAL17FR1.CSV
21.0,M_39_Westbrook_FR1_HAL17FR1.CSV
18.0,M_39_Westbrook_FR1_HAL17FR1.CSV
18.0,M_39_Westbrook_FR1_HAL17FR1.CSV
5041.0,M_39_Westbrook_FR1_HAL17FR1.CSV
21.0,M_39_Westbrook_FR1_HAL17FR1.CSV
17.0,M_39_Westbrook_FR1_HAL17FR1.CSV
13.0,M_39_Westbrook_FR1_HAL17FR1.CSV
17.0,M_39_Westbrook_FR1_HAL17FR1.CSV
14.0,M_39_Westbrook_FR1_HAL17FR1.CSV
35.0,M_39_Westbrook_FR1_HAL17FR1.CSV
20.0,M_39_Westbrook_FR1_HAL17FR1.CSV
19.0,M_39_Westbrook_FR1_HAL17FR1.CSV
2231.0,M_39_Westbrook_FR1_HAL17FR1.CSV
20.0,M_39_Westbrook_FR1_HAL17FR1.CSV
14.0,M_39_Westbrook_FR1_HAL17FR1.CSV
30.0,M_39_Westbrook_FR1_HAL17FR1.CSV
21.0,M_39_Westbrook_FR1_HAL17FR1.CSV
23.0,M_39_Westbrook_FR1_HAL17FR1.CSV
1617.0,M_39_Westbrook_FR1_HAL17FR1.CSV
20.0,M_39_Westbrook_FR1_HAL17FR1.CSV
19.0,M_39_Westbrook_FR1_HAL17FR1.CSV
1084.0,M_39_Westbrook_FR1_HAL17FR1.CSV
16.0,M_39_Westbrook_FR1_HAL17FR1.CSV
33.0,M_39_Westbrook_FR1_HAL17FR1.CSV
14.0,M_39_Westbrook_FR1_HAL17FR1.CSV
34.0,M_39_Westbrook_FR1_HAL17FR1.CSV
17.0,M_39_Westbrook_FR1_HAL17FR1.CSV
18.0,M_39_Westbrook_FR1_HAL17FR1.CSV
1586.0,M_39_Westbrook_FR1_HAL17FR1.CSV
19.0,M_39_Westbrook_FR1_HAL17FR1.CSV
26.0,M_39_Westbrook_FR1_HAL17FR1.CSV
23.0,M_39_Westbrook_FR1_HAL17FR1.CSV
13.0,M_39_Westbrook_FR1_HAL17FR1.CSV
16.0,M_39_Westbrook_FR1_HAL17FR1.CSV
20.0,M_39_Westbrook_FR1_HAL17FR1.CSV
22.0,M_39_Westbrook_FR1_HAL17FR1.CSV
20.0,M_39_Westbrook_FR1_HAL17FR1.CSV
17.0,M_39_Westbrook_FR1_HAL17FR1.CSV
21.0,M_39_Westbrook_FR1_HAL17FR1.CSV
1811.0,M_39_Westbrook_FR1_HAL17FR1.CSV
18.0,M_39_Westbrook_FR1_HAL17FR1.CSV
12.0,M_39_Westbrook_FR1_HAL17FR1.CSV
19.0,M_39_Westbrook_FR1_HAL17FR1.CSV
14.0,M_39_Westbrook_FR1_HAL17FR1.CSV
21.0,M_39_Westbrook_FR1_HAL17FR1.CSV
19.0,M_39_Westbrook_FR1_HAL17FR1.CSV
24.0,M_39_Westbrook_FR1_HAL17FR1.CSV
1424.0,M_39_Westbrook_FR1_HAL17FR1.CSV
28.0,M_39_Westbrook_FR1_HAL17FR1.CSV
202.0,M_39_Westbrook_FR1_HAL17FR1.CSV
12.0,M_39_Westbrook_FR1_HAL17FR1.CSV
12.0,M_39_Westbrook_FR1_HAL17FR1.CSV
643.0,M_39_Westbrook_FR1_HAL17FR1.CSV
15.0,M_39_Westbrook_FR1_HAL17FR1.CSV
13.0,M_39_Westbrook_FR1_HAL17FR1.CSV
17.0,M_39_Westbrook_FR1_HAL17FR1.CSV
18.0,M_39_Westbrook_FR1_HAL17FR1.CSV
18.0,M_39_Westbrook_FR1_HAL17FR1.CSV
165.0,M_39_Westbrook_FR1_HAL17FR1.CSV
13.0,M_39_Westbrook_FR1_HAL17FR1.CSV
233.0,M_39_Westbrook_FR1_HAL17FR1.CSV
12.0,M_39_Westbrook_FR1_HAL17FR1.CSV
429.0,M_39_Westbrook_FR1_HAL17FR1.CSV
18.0,M_39_Westbrook_FR1_HAL17FR1.CSV
9.0,M_39_Westbrook_FR1_HAL17FR1.CSV
21.0,M_39_Westbrook_FR1_HAL17FR1.CSV
16.0,M_39_Westbrook_FR1_HAL17FR1.CSV
19.0,M_39_Westbrook_FR1_HAL17FR1.CSV
16.0,M_39_Westbrook_FR1_HAL17FR1.CSV
19.0,M_39_Westbrook_FR1_HAL17FR1.CSV
3363.0,M_39_Westbrook_FR1_HAL17FR1.CSV
15.0,M_39_Westbrook_FR1_HAL17FR1.CSV
17.0,M_39_Westbrook_FR1_HAL17FR1.CSV
14.0,M_39_Westbrook_FR1_HAL17FR1.CSV
20.0,M_39_Westbrook_FR1_HAL17FR1.CSV
16.0,M_39_Westbrook_FR1_HAL17FR1.CSV
18.0,M_39_Westbrook_FR1_HAL17FR1.CSV
18.0,M_39_Westbrook_FR1_HAL17FR1.CSV
16.0,M_39_Westbrook_FR1_HAL17FR1.CSV
23.0,M_39_Westbrook_FR1_HAL17FR1.CSV
18.0,M_39_Westbrook_FR1_HAL17FR1.CSV
19.0,M_39_Westbrook_FR1_HAL17FR1.CSV
16.0,M_39_Westbrook_FR1_HAL17FR1.CSV
22.0,M_39_Westbrook_FR1_HAL17FR1.CSV
678.0,M_39_Westbrook_FR1_HAL17FR1.CSV
29.0,M_39_Westbrook_FR1_HAL17FR1.CSV
15.0,M_39_Westbrook_FR1_HAL17FR1.CSV
567.0,M_39_Westbrook_FR1_HAL17FR1.CSV
16.0,M_39_Westbrook_FR1_HAL17FR1.CSV
12.0,M_39_Westbrook_FR1_HAL17FR1.CSV
14.0,M_39_Westbrook_FR1_HAL17FR1.CSV
15.0,M_39_Westbrook_FR1_HAL17FR1.CSV
17.0,M_39_Westbrook_FR1_HAL17FR1.CSV
18.0,M_39_Westbrook_FR1_HAL17FR1.CSV
152.0,M_39_Westbrook_FR1_HAL17FR1.CSV
11.0,M_39_Westbrook_FR1_HAL17FR1.CSV
15.0,M_39_Westbrook_FR1_HAL17FR1.CSV
19.0,M_39_Westbrook_FR1_HAL17FR1.CSV
1984.0,M_39_Westbrook_FR1_HAL17FR1.CSV
259.0,M_39_Westbrook_FR1_HAL17FR1.CSV
11.0,M_39_Westbrook_FR1_HAL17FR1.CSV
17.0,M_39_Westbrook_FR1_HAL17FR1.CSV
29.0,M_39_Westbrook_FR1_HAL17FR1.CSV
15.0,M_39_Westbrook_FR1_HAL17FR1.CSV
24.0,M_39_Westbrook_FR1_HAL17FR1.CSV
28.0,M_39_Westbrook_FR1_HAL17FR1.CSV
25.0,M_39_Westbrook_FR1_HAL17FR1.CSV
21.0,M_39_Westbrook_FR1_HAL17FR1.CSV
19.0,M_39_Westbrook_FR1_HAL17FR1.CSV
598.0,M_40_Westbrook_FR1_HAL24FR1.CSV
1220.0,M_40_Westbrook_FR1_HAL24FR1.CSV
2276.0,M_40_Westbrook_FR1_HAL24FR1.CSV
72.0,M_40_Westbrook_FR1_HAL24FR1.CSV
54.0,M_40_Westbrook_FR1_HAL24FR1.CSV
43.0,M_40_Westbrook_FR1_HAL24FR1.CSV
36.0,M_40_Westbrook_FR1_HAL24FR1.CSV
32.0,M_40_Westbrook_FR1_HAL24FR1.CSV
24.0,M_40_Westbrook_FR1_HAL24FR1.CSV
22.0,M_40_Westbrook_FR1_HAL24FR1.CSV
528.0,M_40_Westbrook_FR1_HAL24FR1.CSV
3000.0,M_40_Westbrook_FR1_HAL24FR1.CSV
33.0,M_40_Westbrook_FR1_HAL24FR1.CSV
572.0,M_40_Westbrook_FR1_HAL24FR1.CSV
42.0,M_40_Westbrook_FR1_HAL24FR1.CSV
260.0,M_40_Westbrook_FR1_HAL24FR1.CSV
18.0,M_40_Westbrook_FR1_HAL24FR1.CSV
23.0,M_40_Westbrook_FR1_HAL24FR1.CSV
14.0,M_40_Westbrook_FR1_HAL24FR1.CSV
46.0,M_40_Westbrook_FR1_HAL24FR1.CSV
24.0,M_40_Westbrook_FR1_HAL24FR1.CSV
433.0,M_40_Westbrook_FR1_HAL24FR1.CSV
37.0,M_40_Westbrook_FR1_HAL24FR1.CSV
62.0,M_40_Westbrook_FR1_HAL24FR1.CSV
25.0,M_40_Westbrook_FR1_HAL24FR1.CSV
26.0,M_40_Westbrook_FR1_HAL24FR1.CSV
907.0,M_40_Westbrook_FR1_HAL24FR1.CSV
51.0,M_40_Westbrook_FR1_HAL24FR1.CSV
17.0,M_40_Westbrook_FR1_HAL24FR1.CSV
37.0,M_40_Westbrook_FR1_HAL24FR1.CSV
41.0,M_40_Westbrook_FR1_HAL24FR1.CSV
26.0,M_40_Westbrook_FR1_HAL24FR1.CSV
33.0,M_40_Westbrook_FR1_HAL24FR1.CSV
68.0,M_40_Westbrook_FR1_HAL24FR1.CSV
5709.0,M_40_Westbrook_FR1_HAL24FR1.CSV
35.0,M_40_Westbrook_FR1_HAL24FR1.CSV
92.0,M_40_Westbrook_FR1_HAL24FR1.CSV
49.0,M_40_Westbrook_FR1_HAL24FR1.CSV
22.0,M_40_Westbrook_FR1_HAL24FR1.CSV
657.0,M_40_Westbrook_FR1_HAL24FR1.CSV
47.0,M_40_Westbrook_FR1_HAL24FR1.CSV
20.0,M_40_Westbrook_FR1_HAL24FR1.CSV
357.0,M_40_Westbrook_FR1_HAL24FR1.CSV
51.0,M_40_Westbrook_FR1_HAL24FR1.CSV
22.0,M_40_Westbrook_FR1_HAL24FR1.CSV
399.0,M_40_Westbrook_FR1_HAL24FR1.CSV
11.0,M_40_Westbrook_FR1_HAL24FR1.CSV
20.0,M_40_Westbrook_FR1_HAL24FR1.CSV
38.0,M_40_Westbrook_FR1_HAL24FR1.CSV
25.0,M_40_Westbrook_FR1_HAL24FR1.CSV
18.0,M_40_Westbrook_FR1_HAL24FR1.CSV
23.0,M_40_Westbrook_FR1_HAL24FR1.CSV
18.0,M_40_Westbrook_FR1_HAL24FR1.CSV
39.0,M_40_Westbrook_FR1_HAL24FR1.CSV
3861.0,M_40_Westbrook_FR1_HAL24FR1.CSV
18.0,M_40_Westbrook_FR1_HAL24FR1.CSV
19.0,M_40_Westbrook_FR1_HAL24FR1.CSV
22.0,M_40_Westbrook_FR1_HAL24FR1.CSV
19.0,M_40_Westbrook_FR1_HAL24FR1.CSV
19.0,M_40_Westbrook_FR1_HAL24FR1.CSV
21.0,M_40_Westbrook_FR1_HAL24FR1.CSV
20.0,M_40_Westbrook_FR1_HAL24FR1.CSV
13.0,M_40_Westbrook_FR1_HAL24FR1.CSV
20.0,M_40_Westbrook_FR1_HAL24FR1.CSV
128.0,M_40_Westbrook_FR1_HAL24FR1.CSV
675.0,M_40_Westbrook_FR1_HAL24FR1.CSV
26.0,M_40_Westbrook_FR1_HAL24FR1.CSV
18.0,M_40_Westbrook_FR1_HAL24FR1.CSV
11.0,M_40_Westbrook_FR1_HAL24FR1.CSV
34.0,M_40_Westbrook_FR1_HAL24FR1.CSV
2946.0,M_40_Westbrook_FR1_HAL24FR1.CSV
56.0,M_40_Westbrook_FR1_HAL24FR1.CSV
731.0,M_40_Westbrook_FR1_HAL24FR1.CSV
36.0,M_40_Westbrook_FR1_HAL24FR1.CSV
18.0,M_40_Westbrook_FR1_HAL24FR1.CSV
11.0,M_40_Westbrook_FR1_HAL24FR1.CSV
636.0,M_40_Westbrook_FR1_HAL24FR1.CSV
24.0,M_40_Westbrook_FR1_HAL24FR1.CSV
27.0,M_40_Westbrook_FR1_HAL24FR1.CSV
24.0,M_40_Westbrook_FR1_HAL24FR1.CSV
17.0,M_40_Westbrook_FR1_HAL24FR1.CSV
16.0,M_40_Westbrook_FR1_HAL24FR1.CSV
6393.0,M_40_Westbrook_FR1_HAL24FR1.CSV
29.0,M_40_Westbrook_FR1_HAL24FR1.CSV
31.0,M_40_Westbrook_FR1_HAL24FR1.CSV
23.0,M_40_Westbrook_FR1_HAL24FR1.CSV
5583.0,M_40_Westbrook_FR1_HAL24FR1.CSV
10864.0,M_40_Westbrook_FR1_HAL24FR1.CSV
18.0,M_40_Westbrook_FR1_HAL24FR1.CSV
22.0,M_40_Westbrook_FR1_HAL24FR1.CSV
18.0,M_40_Westbrook_FR1_HAL24FR1.CSV
16.0,M_40_Westbrook_FR1_HAL24FR1.CSV
22.0,M_40_Westbrook_FR1_HAL24FR1.CSV
23.0,M_40_Westbrook_FR1_HAL24FR1.CSV
21.0,M_40_Westbrook_FR1_HAL24FR1.CSV
184.0,M_40_Westbrook_FR1_HAL24FR1.CSV
5607.0,M_40_Westbrook_FR1_HAL24FR1.CSV
425.0,M_40_Westbrook_FR1_HAL24FR1.CSV
15.0,M_40_Westbrook_FR1_HAL24FR1.CSV
32.0,M_40_Westbrook_FR1_HAL24FR1.CSV
28.0,M_40_Westbrook_FR1_HAL24FR1.CSV
15.0,M_40_Westbrook_FR1_HAL24FR1.CSV
24.0,M_40_Westbrook_FR1_HAL24FR1.CSV
6573.0,M_40_Westbrook_FR1_HAL24FR1.CSV
27.0,M_40_Westbrook_FR1_HAL24FR1.CSV
3165.0,M_40_Westbrook_FR1_HAL24FR1.CSV
16.0,M_40_Westbrook_FR1_HAL24FR1.CSV
45.0,M_40_Westbrook_FR1_HAL24FR1.CSV
26.0,M_40_Westbrook_FR1_HAL24FR1.CSV
24.0,M_40_Westbrook_FR1_HAL24FR1.CSV
22.0,M_40_Westbrook_FR1_HAL24FR1.CSV
201.0,M_40_Westbrook_FR1_HAL24FR1.CSV
3152.0,M_40_Westbrook_FR1_HAL24FR1.CSV
14.0,M_40_Westbrook_FR1_HAL24FR1.CSV
14.0,M_40_Westbrook_FR1_HAL24FR1.CSV
17.0,M_40_Westbrook_FR1_HAL24FR1.CSV
18.0,M_40_Westbrook_FR1_HAL24FR1.CSV
37.0,M_40_Westbrook_FR1_HAL24FR1.CSV
32.0,M_40_Westbrook_FR1_HAL24FR1.CSV
1858.0,M_40_Westbrook_FR1_HAL24FR1.CSV
33.0,M_40_Westbrook_FR1_HAL24FR1.CSV
34.0,M_40_Westbrook_FR1_HAL24FR1.CSV
24.0,M_40_Westbrook_FR1_HAL24FR1.CSV
268.0,M_40_Westbrook_FR1_HAL24FR1.CSV
27.0,M_40_Westbrook_FR1_HAL24FR1.CSV
23.0,M_40_Westbrook_FR1_HAL24FR1.CSV
609.0,M_40_Westbrook_FR1_HAL24FR1.CSV
14.0,M_40_Westbrook_FR1_HAL24FR1.CSV
607.0,M_40_Westbrook_FR1_HAL24FR1.CSV
23.0,M_40_Westbrook_FR1_HAL24FR1.CSV
21.0,M_40_Westbrook_FR1_HAL24FR1.CSV
32.0,M_40_Westbrook_FR1_HAL24FR1.CSV
45.0,M_40_Westbrook_FR1_HAL24FR1.CSV
905.0,M_40_Westbrook_FR1_HAL24FR1.CSV
12.0,M_40_Westbrook_FR1_HAL24FR1.CSV
87.0,M_40_Westbrook_FR1_HAL24FR1.CSV
431.0,M_40_Westbrook_FR1_HAL24FR1.CSV
466.0,M_40_Westbrook_FR1_HAL24FR1.CSV
23.0,M_40_Westbrook_FR1_HAL24FR1.CSV
18.0,M_40_Westbrook_FR1_HAL24FR1.CSV
20.0,M_40_Westbrook_FR1_HAL24FR1.CSV
42.0,M_40_Westbrook_FR1_HAL24FR1.CSV
856.0,M_40_Westbrook_FR1_HAL24FR1.CSV
10.0,M_40_Westbrook_FR1_HAL24FR1.CSV
271.0,M_40_Westbrook_FR1_HAL24FR1.CSV
506.0,M_40_Westbrook_FR1_HAL24FR1.CSV
13.0,M_40_Westbrook_FR1_HAL24FR1.CSV
16.0,M_40_Westbrook_FR1_HAL24FR1.CSV
15.0,M_40_Westbrook_FR1_HAL24FR1.CSV
312.0,M_40_Westbrook_FR1_HAL24FR1.CSV
316.0,M_40_Westbrook_FR1_HAL24FR1.CSV
34.0,M_40_Westbrook_FR1_HAL24FR1.CSV
14.0,M_40_Westbrook_FR1_HAL24FR1.CSV
21.0,M_40_Westbrook_FR1_HAL24FR1.CSV
24.0,M_40_Westbrook_FR1_HAL24FR1.CSV
20.0,M_40_Westbrook_FR1_HAL24FR1.CSV
913.0,M_40_Westbrook_FR1_HAL24FR1.CSV
464.0,M_40_Westbrook_FR1_HAL24FR1.CSV
319.0,M_40_Westbrook_FR1_HAL24FR1.CSV
243.0,M_40_Westbrook_FR1_HAL24FR1.CSV
40.0,M_40_Westbrook_FR1_HAL24FR1.CSV
1268.0,M_40_Westbrook_FR1_HAL24FR1.CSV
61.0,M_40_Westbrook_FR1_HAL24FR1.CSV
23.0,M_40_Westbrook_FR1_HAL24FR1.CSV
479.0,M_40_Westbrook_FR1_HAL24FR1.CSV
11.0,M_40_Westbrook_FR1_HAL24FR1.CSV
24.0,M_40_Westbrook_FR1_HAL24FR1.CSV
42.0,M_40_Westbrook_FR1_HAL24FR1.CSV
200.0,M_40_Westbrook_FR1_HAL24FR1.CSV
435.0,M_40_Westbrook_FR1_HAL24FR1.CSV
59.0,M_40_Westbrook_FR1_HAL24FR1.CSV
31.0,M_40_Westbrook_FR1_HAL24FR1.CSV
1515.0,M_40_Westbrook_FR1_HAL24FR1.CSV
132.0,M_40_Westbrook_FR1_HAL24FR1.CSV
12.0,M_40_Westbrook_FR1_HAL24FR1.CSV
149.0,M_40_Westbrook_FR1_HAL24FR1.CSV
73.0,M_40_Westbrook_FR1_HAL24FR1.CSV
14.0,M_40_Westbrook_FR1_HAL24FR1.CSV
171.0,M_41_Westbrook_FR1_HAL25FR1.CSV
3977.0,M_41_Westbrook_FR1_HAL25FR1.CSV
332.0,M_41_Westbrook_FR1_HAL25FR1.CSV
34.0,M_41_Westbrook_FR1_HAL25FR1.CSV
52.0,M_41_Westbrook_FR1_HAL25FR1.CSV
144.0,M_41_Westbrook_FR1_HAL25FR1.CSV
96.0,M_41_Westbrook_FR1_HAL25FR1.CSV
643.0,M_41_Westbrook_FR1_HAL25FR1.CSV
34.0,M_41_Westbrook_FR1_HAL25FR1.CSV
20.0,M_41_Westbrook_FR1_HAL25FR1.CSV
51.0,M_41_Westbrook_FR1_HAL25FR1.CSV
961.0,M_41_Westbrook_FR1_HAL25FR1.CSV
20.0,M_41_Westbrook_FR1_HAL25FR1.CSV
32.0,M_41_Westbrook_FR1_HAL25FR1.CSV
26.0,M_41_Westbrook_FR1_HAL25FR1.CSV
44.0,M_41_Westbrook_FR1_HAL25FR1.CSV
280.0,M_41_Westbrook_FR1_HAL25FR1.CSV
17.0,M_41_Westbrook_FR1_HAL25FR1.CSV
22.0,M_41_Westbrook_FR1_HAL25FR1.CSV
20.0,M_41_Westbrook_FR1_HAL25FR1.CSV
39.0,M_41_Westbrook_FR1_HAL25FR1.CSV
18.0,M_41_Westbrook_FR1_HAL25FR1.CSV
33.0,M_41_Westbrook_FR1_HAL25FR1.CSV
54.0,M_41_Westbrook_FR1_HAL25FR1.CSV
4037.0,M_41_Westbrook_FR1_HAL25FR1.CSV
59.0,M_41_Westbrook_FR1_HAL25FR1.CSV
32.0,M_41_Westbrook_FR1_HAL25FR1.CSV
324.0,M_41_Westbrook_FR1_HAL25FR1.CSV
58.0,M_41_Westbrook_FR1_HAL25FR1.CSV
510.0,M_41_Westbrook_FR1_HAL25FR1.CSV
32.0,M_41_Westbrook_FR1_HAL25FR1.CSV
23.0,M_41_Westbrook_FR1_HAL25FR1.CSV
49.0,M_41_Westbrook_FR1_HAL25FR1.CSV
36.0,M_41_Westbrook_FR1_HAL25FR1.CSV
443.0,M_41_Westbrook_FR1_HAL25FR1.CSV
15.0,M_41_Westbrook_FR1_HAL25FR1.CSV
28.0,M_41_Westbrook_FR1_HAL25FR1.CSV
24.0,M_41_Westbrook_FR1_HAL25FR1.CSV
23.0,M_41_Westbrook_FR1_HAL25FR1.CSV
338.0,M_41_Westbrook_FR1_HAL25FR1.CSV
34.0,M_41_Westbrook_FR1_HAL25FR1.CSV
20.0,M_41_Westbrook_FR1_HAL25FR1.CSV
26.0,M_41_Westbrook_FR1_HAL25FR1.CSV
614.0,M_41_Westbrook_FR1_HAL25FR1.CSV
15.0,M_41_Westbrook_FR1_HAL25FR1.CSV
30.0,M_41_Westbrook_FR1_HAL25FR1.CSV
41.0,M_41_Westbrook_FR1_HAL25FR1.CSV
14.0,M_41_Westbrook_FR1_HAL25FR1.CSV
419.0,M_41_Westbrook_FR1_HAL25FR1.CSV
761.0,M_41_Westbrook_FR1_HAL25FR1.CSV
24.0,M_41_Westbrook_FR1_HAL25FR1.CSV
30.0,M_41_Westbrook_FR1_HAL25FR1.CSV
21.0,M_41_Westbrook_FR1_HAL25FR1.CSV
28.0,M_41_Westbrook_FR1_HAL25FR1.CSV
21.0,M_41_Westbrook_FR1_HAL25FR1.CSV
21.0,M_41_Westbrook_FR1_HAL25FR1.CSV
29.0,M_41_Westbrook_FR1_HAL25FR1.CSV
48.0,M_41_Westbrook_FR1_HAL25FR1.CSV
4361.0,M_41_Westbrook_FR1_HAL25FR1.CSV
34.0,M_41_Westbrook_FR1_HAL25FR1.CSV
37.0,M_41_Westbrook_FR1_HAL25FR1.CSV
22.0,M_41_Westbrook_FR1_HAL25FR1.CSV
18.0,M_41_Westbrook_FR1_HAL25FR1.CSV
21.0,M_41_Westbrook_FR1_HAL25FR1.CSV
839.0,M_41_Westbrook_FR1_HAL25FR1.CSV
81.0,M_41_Westbrook_FR1_HAL25FR1.CSV
29.0,M_41_Westbrook_FR1_HAL25FR1.CSV
24.0,M_41_Westbrook_FR1_HAL25FR1.CSV
25.0,M_41_Westbrook_FR1_HAL25FR1.CSV
24.0,M_41_Westbrook_FR1_HAL25FR1.CSV
45.0,M_41_Westbrook_FR1_HAL25FR1.CSV
1804.0,M_41_Westbrook_FR1_HAL25FR1.CSV
47.0,M_41_Westbrook_FR1_HAL25FR1.CSV
381.0,M_41_Westbrook_FR1_HAL25FR1.CSV
34.0,M_41_Westbrook_FR1_HAL25FR1.CSV
15.0,M_41_Westbrook_FR1_HAL25FR1.CSV
26.0,M_41_Westbrook_FR1_HAL25FR1.CSV
40.0,M_41_Westbrook_FR1_HAL25FR1.CSV
24.0,M_41_Westbrook_FR1_HAL25FR1.CSV
289.0,M_41_Westbrook_FR1_HAL25FR1.CSV
14.0,M_41_Westbrook_FR1_HAL25FR1.CSV
29.0,M_41_Westbrook_FR1_HAL25FR1.CSV
16.0,M_41_Westbrook_FR1_HAL25FR1.CSV
40.0,M_41_Westbrook_FR1_HAL25FR1.CSV
14.0,M_41_Westbrook_FR1_HAL25FR1.CSV
34.0,M_41_Westbrook_FR1_HAL25FR1.CSV
3291.0,M_41_Westbrook_FR1_HAL25FR1.CSV
304.0,M_41_Westbrook_FR1_HAL25FR1.CSV
21.0,M_41_Westbrook_FR1_HAL25FR1.CSV
18.0,M_41_Westbrook_FR1_HAL25FR1.CSV
60.0,M_41_Westbrook_FR1_HAL25FR1.CSV
135.0,M_41_Westbrook_FR1_HAL25FR1.CSV
17.0,M_41_Westbrook_FR1_HAL25FR1.CSV
28.0,M_41_Westbrook_FR1_HAL25FR1.CSV
13.0,M_41_Westbrook_FR1_HAL25FR1.CSV
34.0,M_41_Westbrook_FR1_HAL25FR1.CSV
433.0,M_41_Westbrook_FR1_HAL25FR1.CSV
250.0,M_41_Westbrook_FR1_HAL25FR1.CSV
23.0,M_41_Westbrook_FR1_HAL25FR1.CSV
10.0,M_41_Westbrook_FR1_HAL25FR1.CSV
19.0,M_41_Westbrook_FR1_HAL25FR1.CSV
17.0,M_41_Westbrook_FR1_HAL25FR1.CSV
19.0,M_41_Westbrook_FR1_HAL25FR1.CSV
48.0,M_41_Westbrook_FR1_HAL25FR1.CSV
40.0,M_41_Westbrook_FR1_HAL25FR1.CSV
34.0,M_41_Westbrook_FR1_HAL25FR1.CSV
18.0,M_41_Westbrook_FR1_HAL25FR1.CSV
7772.0,M_41_Westbrook_FR1_HAL25FR1.CSV
314.0,M_41_Westbrook_FR1_HAL25FR1.CSV
220.0,M_41_Westbrook_FR1_HAL25FR1.CSV
20.0,M_41_Westbrook_FR1_HAL25FR1.CSV
16.0,M_41_Westbrook_FR1_HAL25FR1.CSV
7466.0,M_41_Westbrook_FR1_HAL25FR1.CSV
27.0,M_41_Westbrook_FR1_HAL25FR1.CSV
19.0,M_41_Westbrook_FR1_HAL25FR1.CSV
5804.0,M_41_Westbrook_FR1_HAL25FR1.CSV
19.0,M_41_Westbrook_FR1_HAL25FR1.CSV
7430.0,M_41_Westbrook_FR1_HAL25FR1.CSV
23.0,M_41_Westbrook_FR1_HAL25FR1.CSV
23.0,M_41_Westbrook_FR1_HAL25FR1.CSV
21.0,M_41_Westbrook_FR1_HAL25FR1.CSV
48.0,M_41_Westbrook_FR1_HAL25FR1.CSV
8759.0,M_41_Westbrook_FR1_HAL25FR1.CSV
27.0,M_41_Westbrook_FR1_HAL25FR1.CSV
15.0,M_41_Westbrook_FR1_HAL25FR1.CSV
24.0,M_41_Westbrook_FR1_HAL25FR1.CSV
17.0,M_41_Westbrook_FR1_HAL25FR1.CSV
24.0,M_41_Westbrook_FR1_HAL25FR1.CSV
25.0,M_41_Westbrook_FR1_HAL25FR1.CSV
3208.0,M_41_Westbrook_FR1_HAL25FR1.CSV
16.0,M_41_Westbrook_FR1_HAL25FR1.CSV
25.0,M_41_Westbrook_FR1_HAL25FR1.CSV
17.0,M_41_Westbrook_FR1_HAL25FR1.CSV
26.0,M_41_Westbrook_FR1_HAL25FR1.CSV
21.0,M_41_Westbrook_FR1_HAL25FR1.CSV
2151.0,M_41_Westbrook_FR1_HAL25FR1.CSV
18.0,M_41_Westbrook_FR1_HAL25FR1.CSV
19.0,M_41_Westbrook_FR1_HAL25FR1.CSV
30.0,M_41_Westbrook_FR1_HAL25FR1.CSV
20.0,M_41_Westbrook_FR1_HAL25FR1.CSV
26.0,M_41_Westbrook_FR1_HAL25FR1.CSV
83.0,M_41_Westbrook_FR1_HAL25FR1.CSV
414.0,M_41_Westbrook_FR1_HAL25FR1.CSV
26.0,M_41_Westbrook_FR1_HAL25FR1.CSV
13.0,M_41_Westbrook_FR1_HAL25FR1.CSV
19.0,M_41_Westbrook_FR1_HAL25FR1.CSV
22.0,M_41_Westbrook_FR1_HAL25FR1.CSV
34.0,M_41_Westbrook_FR1_HAL25FR1.CSV
45.0,M_41_Westbrook_FR1_HAL25FR1.CSV
445.0,M_41_Westbrook_FR1_HAL25FR1.CSV
24.0,M_41_Westbrook_FR1_HAL25FR1.CSV
166.0,M_41_Westbrook_FR1_HAL25FR1.CSV
269.0,M_41_Westbrook_FR1_HAL25FR1.CSV
26.0,M_41_Westbrook_FR1_HAL25FR1.CSV
25.0,M_41_Westbrook_FR1_HAL25FR1.CSV
21.0,M_41_Westbrook_FR1_HAL25FR1.CSV
25.0,M_41_Westbrook_FR1_HAL25FR1.CSV
1729.0,M_41_Westbrook_FR1_HAL25FR1.CSV
14.0,M_41_Westbrook_FR1_HAL25FR1.CSV
19.0,M_41_Westbrook_FR1_HAL25FR1.CSV
29.0,M_41_Westbrook_FR1_HAL25FR1.CSV
16.0,M_41_Westbrook_FR1_HAL25FR1.CSV
28.0,M_41_Westbrook_FR1_HAL25FR1.CSV
2073.0,M_41_Westbrook_FR1_HAL25FR1.CSV
15.0,M_41_Westbrook_FR1_HAL25FR1.CSV
22.0,M_41_Westbrook_FR1_HAL25FR1.CSV
40.0,M_41_Westbrook_FR1_HAL25FR1.CSV
48.0,M_41_Westbrook_FR1_HAL25FR1.CSV
364.0,M_41_Westbrook_FR1_HAL25FR1.CSV
25.0,M_41_Westbrook_FR1_HAL25FR1.CSV
19.0,M_41_Westbrook_FR1_HAL25FR1.CSV
8.0,M_41_Westbrook_FR1_HAL25FR1.CSV
41.0,M_41_Westbrook_FR1_HAL25FR1.CSV
21.0,M_41_Westbrook_FR1_HAL25FR1.CSV
26.0,M_41_Westbrook_FR1_HAL25FR1.CSV
24.0,M_41_Westbrook_FR1_HAL25FR1.CSV
455.0,M_41_Westbrook_FR1_HAL25FR1.CSV
16.0,M_41_Westbrook_FR1_HAL25FR1.CSV
19.0,M_41_Westbrook_FR1_HAL25FR1.CSV
43.0,M_41_Westbrook_FR1_HAL25FR1.CSV
13.0,M_41_Westbrook_FR1_HAL25FR1.CSV
19.0,M_41_Westbrook_FR1_HAL25FR1.CSV
24.0,M_41_Westbrook_FR1_HAL25FR1.CSV
21.0,M_41_Westbrook_FR1_HAL25FR1.CSV
41.0,M_41_Westbrook_FR1_HAL25FR1.CSV
890.0,M_41_Westbrook_FR1_HAL25FR1.CSV
25.0,M_41_Westbrook_FR1_HAL25FR1.CSV
29.0,M_41_Westbrook_FR1_HAL25FR1.CSV
23.0,M_41_Westbrook_FR1_HAL25FR1.CSV
1202.0,M_41_Westbrook_FR1_HAL25FR1.CSV
58.0,M_41_Westbrook_FR1_HAL25FR1.CSV
18.0,M_41_Westbrook_FR1_HAL25FR1.CSV
2412.0,M_41_Westbrook_FR1_HAL25FR1.CSV
562.0,M_41_Westbrook_FR1_HAL25FR1.CSV
14.0,M_41_Westbrook_FR1_HAL25FR1.CSV
24.0,M_41_Westbrook_FR1_HAL25FR1.CSV
231.0,M_41_Westbrook_FR1_HAL25FR1.CSV
22.0,M_41_Westbrook_FR1_HAL25FR1.CSV
21.0,M_41_Westbrook_FR1_HAL25FR1.CSV
21.0,M_41_Westbrook_FR1_HAL25FR1.CSV
21.0,M_41_Westbrook_FR1_HAL25FR1.CSV
28.0,M_41_Westbrook_FR1_HAL25FR1.CSV
20.0,M_41_Westbrook_FR1_HAL25FR1.CSV
26.0,M_41_Westbrook_FR1_HAL25FR1.CSV
26.0,M_41_Westbrook_FR1_HAL25FR1.CSV
633.0,M_41_Westbrook_FR1_HAL25FR1.CSV
28.0,M_41_Westbrook_FR1_HAL25FR1.CSV
14.0,M_41_Westbrook_FR1_HAL25FR1.CSV
20.0,M_41_Westbrook_FR1_HAL25FR1.CSV
21.0,M_41_Westbrook_FR1_HAL25FR1.CSV
22.0,M_41_Westbrook_FR1_HAL25FR1.CSV
15.0,M_41_Westbrook_FR1_HAL25FR1.CSV
23.0,M_41_Westbrook_FR1_HAL25FR1.CSV
2051.0,M_42_Westbrook_FR1_HAL31FR1.CSV
1982.0,M_42_Westbrook_FR1_HAL31FR1.CSV
561.0,M_42_Westbrook_FR1_HAL31FR1.CSV
1218.0,M_42_Westbrook_FR1_HAL31FR1.CSV
129.0,M_42_Westbrook_FR1_HAL31FR1.CSV
30.0,M_42_Westbrook_FR1_HAL31FR1.CSV
39.0,M_42_Westbrook_FR1_HAL31FR1.CSV
120.0,M_42_Westbrook_FR1_HAL31FR1.CSV
9736.0,M_42_Westbrook_FR1_HAL31FR1.CSV
136.0,M_42_Westbrook_FR1_HAL31FR1.CSV
39.0,M_42_Westbrook_FR1_HAL31FR1.CSV
23.0,M_42_Westbrook_FR1_HAL31FR1.CSV
28.0,M_42_Westbrook_FR1_HAL31FR1.CSV
63.0,M_42_Westbrook_FR1_HAL31FR1.CSV
24.0,M_42_Westbrook_FR1_HAL31FR1.CSV
52.0,M_42_Westbrook_FR1_HAL31FR1.CSV
23.0,M_42_Westbrook_FR1_HAL31FR1.CSV
54.0,M_42_Westbrook_FR1_HAL31FR1.CSV
29.0,M_42_Westbrook_FR1_HAL31FR1.CSV
303.0,M_42_Westbrook_FR1_HAL31FR1.CSV
37.0,M_42_Westbrook_FR1_HAL31FR1.CSV
1091.0,M_42_Westbrook_FR1_HAL31FR1.CSV
84.0,M_42_Westbrook_FR1_HAL31FR1.CSV
960.0,M_42_Westbrook_FR1_HAL31FR1.CSV
39.0,M_42_Westbrook_FR1_HAL31FR1.CSV
110.0,M_42_Westbrook_FR1_HAL31FR1.CSV
34.0,M_42_Westbrook_FR1_HAL31FR1.CSV
40.0,M_42_Westbrook_FR1_HAL31FR1.CSV
75.0,M_42_Westbrook_FR1_HAL31FR1.CSV
301.0,M_42_Westbrook_FR1_HAL31FR1.CSV
44.0,M_42_Westbrook_FR1_HAL31FR1.CSV
71.0,M_42_Westbrook_FR1_HAL31FR1.CSV
54.0,M_42_Westbrook_FR1_HAL31FR1.CSV
26.0,M_42_Westbrook_FR1_HAL31FR1.CSV
122.0,M_42_Westbrook_FR1_HAL31FR1.CSV
33.0,M_42_Westbrook_FR1_HAL31FR1.CSV
61.0,M_42_Westbrook_FR1_HAL31FR1.CSV
24.0,M_42_Westbrook_FR1_HAL31FR1.CSV
183.0,M_42_Westbrook_FR1_HAL31FR1.CSV
9125.0,M_42_Westbrook_FR1_HAL31FR1.CSV
94.0,M_42_Westbrook_FR1_HAL31FR1.CSV
125.0,M_42_Westbrook_FR1_HAL31FR1.CSV
329.0,M_42_Westbrook_FR1_HAL31FR1.CSV
68.0,M_42_Westbrook_FR1_HAL31FR1.CSV
126.0,M_42_Westbrook_FR1_HAL31FR1.CSV
8308.0,M_42_Westbrook_FR1_HAL31FR1.CSV
54.0,M_42_Westbrook_FR1_HAL31FR1.CSV
10.0,M_42_Westbrook_FR1_HAL31FR1.CSV
28.0,M_42_Westbrook_FR1_HAL31FR1.CSV
24.0,M_42_Westbrook_FR1_HAL31FR1.CSV
194.0,M_42_Westbrook_FR1_HAL31FR1.CSV
52.0,M_42_Westbrook_FR1_HAL31FR1.CSV
42.0,M_42_Westbrook_FR1_HAL31FR1.CSV
69.0,M_42_Westbrook_FR1_HAL31FR1.CSV
40.0,M_42_Westbrook_FR1_HAL31FR1.CSV
15.0,M_42_Westbrook_FR1_HAL31FR1.CSV
21.0,M_42_Westbrook_FR1_HAL31FR1.CSV
18.0,M_42_Westbrook_FR1_HAL31FR1.CSV
9064.0,M_42_Westbrook_FR1_HAL31FR1.CSV
25.0,M_42_Westbrook_FR1_HAL31FR1.CSV
28.0,M_42_Westbrook_FR1_HAL31FR1.CSV
27.0,M_42_Westbrook_FR1_HAL31FR1.CSV
32.0,M_42_Westbrook_FR1_HAL31FR1.CSV
8052.0,M_42_Westbrook_FR1_HAL31FR1.CSV
45.0,M_42_Westbrook_FR1_HAL31FR1.CSV
19.0,M_42_Westbrook_FR1_HAL31FR1.CSV
16.0,M_42_Westbrook_FR1_HAL31FR1.CSV
15.0,M_42_Westbrook_FR1_HAL31FR1.CSV
4838.0,M_42_Westbrook_FR1_HAL31FR1.CSV
51.0,M_42_Westbrook_FR1_HAL31FR1.CSV
27.0,M_42_Westbrook_FR1_HAL31FR1.CSV
18.0,M_42_Westbrook_FR1_HAL31FR1.CSV
21.0,M_42_Westbrook_FR1_HAL31FR1.CSV
5144.0,M_42_Westbrook_FR1_HAL31FR1.CSV
16.0,M_42_Westbrook_FR1_HAL31FR1.CSV
18.0,M_42_Westbrook_FR1_HAL31FR1.CSV
19.0,M_42_Westbrook_FR1_HAL31FR1.CSV
23.0,M_42_Westbrook_FR1_HAL31FR1.CSV
36.0,M_42_Westbrook_FR1_HAL31FR1.CSV
592.0,M_42_Westbrook_FR1_HAL31FR1.CSV
70.0,M_42_Westbrook_FR1_HAL31FR1.CSV
55.0,M_42_Westbrook_FR1_HAL31FR1.CSV
25.0,M_42_Westbrook_FR1_HAL31FR1.CSV
2634.0,M_42_Westbrook_FR1_HAL31FR1.CSV
26.0,M_42_Westbrook_FR1_HAL31FR1.CSV
19.0,M_42_Westbrook_FR1_HAL31FR1.CSV
21.0,M_42_Westbrook_FR1_HAL31FR1.CSV
19.0,M_42_Westbrook_FR1_HAL31FR1.CSV
22.0,M_42_Westbrook_FR1_HAL31FR1.CSV
21.0,M_42_Westbrook_FR1_HAL31FR1.CSV
17.0,M_42_Westbrook_FR1_HAL31FR1.CSV
20.0,M_42_Westbrook_FR1_HAL31FR1.CSV
689.0,M_42_Westbrook_FR1_HAL31FR1.CSV
53.0,M_42_Westbrook_FR1_HAL31FR1.CSV
33.0,M_42_Westbrook_FR1_HAL31FR1.CSV
25.0,M_42_Westbrook_FR1_HAL31FR1.CSV
88.0,M_42_Westbrook_FR1_HAL31FR1.CSV
19.0,M_42_Westbrook_FR1_HAL31FR1.CSV
26.0,M_42_Westbrook_FR1_HAL31FR1.CSV
2980.0,M_42_Westbrook_FR1_HAL31FR1.CSV
21.0,M_42_Westbrook_FR1_HAL31FR1.CSV
312.0,M_42_Westbrook_FR1_HAL31FR1.CSV
36.0,M_42_Westbrook_FR1_HAL31FR1.CSV
22.0,M_42_Westbrook_FR1_HAL31FR1.CSV
17.0,M_42_Westbrook_FR1_HAL31FR1.CSV
34.0,M_42_Westbrook_FR1_HAL31FR1.CSV
17.0,M_42_Westbrook_FR1_HAL31FR1.CSV
13.0,M_42_Westbrook_FR1_HAL31FR1.CSV
440.0,M_42_Westbrook_FR1_HAL31FR1.CSV
41.0,M_42_Westbrook_FR1_HAL31FR1.CSV
26.0,M_42_Westbrook_FR1_HAL31FR1.CSV
29.0,M_42_Westbrook_FR1_HAL31FR1.CSV
18.0,M_42_Westbrook_FR1_HAL31FR1.CSV
375.0,M_42_Westbrook_FR1_HAL31FR1.CSV
14.0,M_42_Westbrook_FR1_HAL31FR1.CSV
18.0,M_42_Westbrook_FR1_HAL31FR1.CSV
17.0,M_42_Westbrook_FR1_HAL31FR1.CSV
17.0,M_42_Westbrook_FR1_HAL31FR1.CSV
27.0,M_42_Westbrook_FR1_HAL31FR1.CSV
19.0,M_42_Westbrook_FR1_HAL31FR1.CSV
554.0,M_42_Westbrook_FR1_HAL31FR1.CSV
20.0,M_42_Westbrook_FR1_HAL31FR1.CSV
28.0,M_42_Westbrook_FR1_HAL31FR1.CSV
19.0,M_42_Westbrook_FR1_HAL31FR1.CSV
49.0,M_42_Westbrook_FR1_HAL31FR1.CSV
20.0,M_42_Westbrook_FR1_HAL31FR1.CSV
27.0,M_42_Westbrook_FR1_HAL31FR1.CSV
29.0,M_42_Westbrook_FR1_HAL31FR1.CSV
4722.0,M_42_Westbrook_FR1_HAL31FR1.CSV
21.0,M_42_Westbrook_FR1_HAL31FR1.CSV
14.0,M_42_Westbrook_FR1_HAL31FR1.CSV
15.0,M_42_Westbrook_FR1_HAL31FR1.CSV
15.0,M_42_Westbrook_FR1_HAL31FR1.CSV
23.0,M_42_Westbrook_FR1_HAL31FR1.CSV
14.0,M_42_Westbrook_FR1_HAL31FR1.CSV
14.0,M_42_Westbrook_FR1_HAL31FR1.CSV
14.0,M_42_Westbrook_FR1_HAL31FR1.CSV
20.0,M_42_Westbrook_FR1_HAL31FR1.CSV
43.0,M_42_Westbrook_FR1_HAL31FR1.CSV
655.0,M_42_Westbrook_FR1_HAL31FR1.CSV
17.0,M_42_Westbrook_FR1_HAL31FR1.CSV
18.0,M_42_Westbrook_FR1_HAL31FR1.CSV
24.0,M_42_Westbrook_FR1_HAL31FR1.CSV
18.0,M_42_Westbrook_FR1_HAL31FR1.CSV
14.0,M_42_Westbrook_FR1_HAL31FR1.CSV
77.0,M_42_Westbrook_FR1_HAL31FR1.CSV
311.0,M_42_Westbrook_FR1_HAL31FR1.CSV
18.0,M_42_Westbrook_FR1_HAL31FR1.CSV
15.0,M_42_Westbrook_FR1_HAL31FR1.CSV
15.0,M_42_Westbrook_FR1_HAL31FR1.CSV
14.0,M_42_Westbrook_FR1_HAL31FR1.CSV
13.0,M_42_Westbrook_FR1_HAL31FR1.CSV
18.0,M_42_Westbrook_FR1_HAL31FR1.CSV
14.0,M_42_Westbrook_FR1_HAL31FR1.CSV
18.0,M_42_Westbrook_FR1_HAL31FR1.CSV
33.0,M_42_Westbrook_FR1_HAL31FR1.CSV
574.0,M_42_Westbrook_FR1_HAL31FR1.CSV
475.0,M_42_Westbrook_FR1_HAL31FR1.CSV
222.0,M_42_Westbrook_FR1_HAL31FR1.CSV
687.0,M_42_Westbrook_FR1_HAL31FR1.CSV
27.0,M_42_Westbrook_FR1_HAL31FR1.CSV
18.0,M_42_Westbrook_FR1_HAL31FR1.CSV
31.0,M_42_Westbrook_FR1_HAL31FR1.CSV
21.0,M_42_Westbrook_FR1_HAL31FR1.CSV
3872.0,M_43_Westbrook_FR1_HAL32FR1.CSV
160.0,M_43_Westbrook_FR1_HAL32FR1.CSV
2897.0,M_43_Westbrook_FR1_HAL32FR1.CSV
105.0,M_43_Westbrook_FR1_HAL32FR1.CSV
22.0,M_43_Westbrook_FR1_HAL32FR1.CSV
122.0,M_43_Westbrook_FR1_HAL32FR1.CSV
62.0,M_43_Westbrook_FR1_HAL32FR1.CSV
27.0,M_43_Westbrook_FR1_HAL32FR1.CSV
285.0,M_43_Westbrook_FR1_HAL32FR1.CSV
15.0,M_43_Westbrook_FR1_HAL32FR1.CSV
24.0,M_43_Westbrook_FR1_HAL32FR1.CSV
24.0,M_43_Westbrook_FR1_HAL32FR1.CSV
28.0,M_43_Westbrook_FR1_HAL32FR1.CSV
65.0,M_43_Westbrook_FR1_HAL32FR1.CSV
75.0,M_43_Westbrook_FR1_HAL32FR1.CSV
18.0,M_43_Westbrook_FR1_HAL32FR1.CSV
28.0,M_43_Westbrook_FR1_HAL32FR1.CSV
34.0,M_43_Westbrook_FR1_HAL32FR1.CSV
53.0,M_43_Westbrook_FR1_HAL32FR1.CSV
207.0,M_43_Westbrook_FR1_HAL32FR1.CSV
25.0,M_43_Westbrook_FR1_HAL32FR1.CSV
47.0,M_43_Westbrook_FR1_HAL32FR1.CSV
15.0,M_43_Westbrook_FR1_HAL32FR1.CSV
171.0,M_43_Westbrook_FR1_HAL32FR1.CSV
19.0,M_43_Westbrook_FR1_HAL32FR1.CSV
41.0,M_43_Westbrook_FR1_HAL32FR1.CSV
29.0,M_43_Westbrook_FR1_HAL32FR1.CSV
4299.0,M_43_Westbrook_FR1_HAL32FR1.CSV
30.0,M_43_Westbrook_FR1_HAL32FR1.CSV
63.0,M_43_Westbrook_FR1_HAL32FR1.CSV
160.0,M_43_Westbrook_FR1_HAL32FR1.CSV
252.0,M_43_Westbrook_FR1_HAL32FR1.CSV
21.0,M_43_Westbrook_FR1_HAL32FR1.CSV
17.0,M_43_Westbrook_FR1_HAL32FR1.CSV
24.0,M_43_Westbrook_FR1_HAL32FR1.CSV
22.0,M_43_Westbrook_FR1_HAL32FR1.CSV
22.0,M_43_Westbrook_FR1_HAL32FR1.CSV
39.0,M_43_Westbrook_FR1_HAL32FR1.CSV
19.0,M_43_Westbrook_FR1_HAL32FR1.CSV
41.0,M_43_Westbrook_FR1_HAL32FR1.CSV
28.0,M_43_Westbrook_FR1_HAL32FR1.CSV
505.0,M_43_Westbrook_FR1_HAL32FR1.CSV
12.0,M_43_Westbrook_FR1_HAL32FR1.CSV
23.0,M_43_Westbrook_FR1_HAL32FR1.CSV
48.0,M_43_Westbrook_FR1_HAL32FR1.CSV
29.0,M_43_Westbrook_FR1_HAL32FR1.CSV
14.0,M_43_Westbrook_FR1_HAL32FR1.CSV
33.0,M_43_Westbrook_FR1_HAL32FR1.CSV
43.0,M_43_Westbrook_FR1_HAL32FR1.CSV
655.0,M_43_Westbrook_FR1_HAL32FR1.CSV
15.0,M_43_Westbrook_FR1_HAL32FR1.CSV
26.0,M_43_Westbrook_FR1_HAL32FR1.CSV
241.0,M_43_Westbrook_FR1_HAL32FR1.CSV
28.0,M_43_Westbrook_FR1_HAL32FR1.CSV
1744.0,M_43_Westbrook_FR1_HAL32FR1.CSV
11.0,M_43_Westbrook_FR1_HAL32FR1.CSV
40.0,M_43_Westbrook_FR1_HAL32FR1.CSV
21.0,M_43_Westbrook_FR1_HAL32FR1.CSV
35.0,M_43_Westbrook_FR1_HAL32FR1.CSV
23.0,M_43_Westbrook_FR1_HAL32FR1.CSV
668.0,M_43_Westbrook_FR1_HAL32FR1.CSV
308.0,M_43_Westbrook_FR1_HAL32FR1.CSV
470.0,M_43_Westbrook_FR1_HAL32FR1.CSV
46.0,M_43_Westbrook_FR1_HAL32FR1.CSV
24.0,M_43_Westbrook_FR1_HAL32FR1.CSV
21.0,M_43_Westbrook_FR1_HAL32FR1.CSV
34.0,M_43_Westbrook_FR1_HAL32FR1.CSV
22.0,M_43_Westbrook_FR1_HAL32FR1.CSV
28.0,M_43_Westbrook_FR1_HAL32FR1.CSV
17.0,M_43_Westbrook_FR1_HAL32FR1.CSV
22.0,M_43_Westbrook_FR1_HAL32FR1.CSV
17.0,M_43_Westbrook_FR1_HAL32FR1.CSV
25.0,M_43_Westbrook_FR1_HAL32FR1.CSV
694.0,M_43_Westbrook_FR1_HAL32FR1.CSV
34.0,M_43_Westbrook_FR1_HAL32FR1.CSV
39.0,M_43_Westbrook_FR1_HAL32FR1.CSV
15.0,M_43_Westbrook_FR1_HAL32FR1.CSV
36.0,M_43_Westbrook_FR1_HAL32FR1.CSV
29.0,M_43_Westbrook_FR1_HAL32FR1.CSV
25.0,M_43_Westbrook_FR1_HAL32FR1.CSV
234.0,M_43_Westbrook_FR1_HAL32FR1.CSV
40.0,M_43_Westbrook_FR1_HAL32FR1.CSV
571.0,M_43_Westbrook_FR1_HAL32FR1.CSV
19.0,M_43_Westbrook_FR1_HAL32FR1.CSV
16.0,M_43_Westbrook_FR1_HAL32FR1.CSV
19.0,M_43_Westbrook_FR1_HAL32FR1.CSV
20.0,M_43_Westbrook_FR1_HAL32FR1.CSV
644.0,M_43_Westbrook_FR1_HAL32FR1.CSV
33.0,M_43_Westbrook_FR1_HAL32FR1.CSV
15.0,M_43_Westbrook_FR1_HAL32FR1.CSV
5107.0,M_43_Westbrook_FR1_HAL32FR1.CSV
28.0,M_43_Westbrook_FR1_HAL32FR1.CSV
35.0,M_43_Westbrook_FR1_HAL32FR1.CSV
24.0,M_43_Westbrook_FR1_HAL32FR1.CSV
4337.0,M_43_Westbrook_FR1_HAL32FR1.CSV
32.0,M_43_Westbrook_FR1_HAL32FR1.CSV
201.0,M_43_Westbrook_FR1_HAL32FR1.CSV
332.0,M_43_Westbrook_FR1_HAL32FR1.CSV
202.0,M_43_Westbrook_FR1_HAL32FR1.CSV
37.0,M_43_Westbrook_FR1_HAL32FR1.CSV
25.0,M_43_Westbrook_FR1_HAL32FR1.CSV
580.0,M_43_Westbrook_FR1_HAL32FR1.CSV
6211.0,M_43_Westbrook_FR1_HAL32FR1.CSV
53.0,M_43_Westbrook_FR1_HAL32FR1.CSV
27.0,M_43_Westbrook_FR1_HAL32FR1.CSV
65.0,M_43_Westbrook_FR1_HAL32FR1.CSV
8574.0,M_43_Westbrook_FR1_HAL32FR1.CSV
18.0,M_43_Westbrook_FR1_HAL32FR1.CSV
14.0,M_43_Westbrook_FR1_HAL32FR1.CSV
3714.0,M_43_Westbrook_FR1_HAL32FR1.CSV
16.0,M_43_Westbrook_FR1_HAL32FR1.CSV
14.0,M_43_Westbrook_FR1_HAL32FR1.CSV
16.0,M_43_Westbrook_FR1_HAL32FR1.CSV
48.0,M_43_Westbrook_FR1_HAL32FR1.CSV
14.0,M_43_Westbrook_FR1_HAL32FR1.CSV
17.0,M_43_Westbrook_FR1_HAL32FR1.CSV
7559.0,M_43_Westbrook_FR1_HAL32FR1.CSV
26.0,M_43_Westbrook_FR1_HAL32FR1.CSV
23.0,M_43_Westbrook_FR1_HAL32FR1.CSV
16.0,M_43_Westbrook_FR1_HAL32FR1.CSV
19.0,M_43_Westbrook_FR1_HAL32FR1.CSV
17.0,M_43_Westbrook_FR1_HAL32FR1.CSV
22.0,M_43_Westbrook_FR1_HAL32FR1.CSV
21.0,M_43_Westbrook_FR1_HAL32FR1.CSV
21.0,M_43_Westbrook_FR1_HAL32FR1.CSV
23.0,M_43_Westbrook_FR1_HAL32FR1.CSV
5157.0,M_43_Westbrook_FR1_HAL32FR1.CSV
27.0,M_43_Westbrook_FR1_HAL32FR1.CSV
20.0,M_43_Westbrook_FR1_HAL32FR1.CSV
18.0,M_43_Westbrook_FR1_HAL32FR1.CSV
3159.0,M_43_Westbrook_FR1_HAL32FR1.CSV
16.0,M_43_Westbrook_FR1_HAL32FR1.CSV
24.0,M_43_Westbrook_FR1_HAL32FR1.CSV
16.0,M_43_Westbrook_FR1_HAL32FR1.CSV
23.0,M_43_Westbrook_FR1_HAL32FR1.CSV
25.0,M_43_Westbrook_FR1_HAL32FR1.CSV
25.0,M_43_Westbrook_FR1_HAL32FR1.CSV
2166.0,M_43_Westbrook_FR1_HAL32FR1.CSV
15.0,M_43_Westbrook_FR1_HAL32FR1.CSV
16.0,M_43_Westbrook_FR1_HAL32FR1.CSV
22.0,M_43_Westbrook_FR1_HAL32FR1.CSV
14.0,M_43_Westbrook_FR1_HAL32FR1.CSV
617.0,M_43_Westbrook_FR1_HAL32FR1.CSV
37.0,M_43_Westbrook_FR1_HAL32FR1.CSV
11.0,M_43_Westbrook_FR1_HAL32FR1.CSV
14.0,M_43_Westbrook_FR1_HAL32FR1.CSV
22.0,M_43_Westbrook_FR1_HAL32FR1.CSV
24.0,M_43_Westbrook_FR1_HAL32FR1.CSV
17.0,M_43_Westbrook_FR1_HAL32FR1.CSV
19.0,M_43_Westbrook_FR1_HAL32FR1.CSV
1688.0,M_43_Westbrook_FR1_HAL32FR1.CSV
28.0,M_43_Westbrook_FR1_HAL32FR1.CSV
378.0,M_43_Westbrook_FR1_HAL32FR1.CSV
29.0,M_43_Westbrook_FR1_HAL32FR1.CSV
609.0,M_43_Westbrook_FR1_HAL32FR1.CSV
27.0,M_43_Westbrook_FR1_HAL32FR1.CSV
29.0,M_43_Westbrook_FR1_HAL32FR1.CSV
15.0,M_43_Westbrook_FR1_HAL32FR1.CSV
29.0,M_43_Westbrook_FR1_HAL32FR1.CSV
19.0,M_43_Westbrook_FR1_HAL32FR1.CSV
23.0,M_43_Westbrook_FR1_HAL32FR1.CSV
1335.0,M_43_Westbrook_FR1_HAL32FR1.CSV
186.0,M_43_Westbrook_FR1_HAL32FR1.CSV
17.0,M_43_Westbrook_FR1_HAL32FR1.CSV
21.0,M_43_Westbrook_FR1_HAL32FR1.CSV
18.0,M_43_Westbrook_FR1_HAL32FR1.CSV
339.0,M_43_Westbrook_FR1_HAL32FR1.CSV
12.0,M_43_Westbrook_FR1_HAL32FR1.CSV
20.0,M_43_Westbrook_FR1_HAL32FR1.CSV
19.0,M_43_Westbrook_FR1_HAL32FR1.CSV
33.0,M_43_Westbrook_FR1_HAL32FR1.CSV
24.0,M_43_Westbrook_FR1_HAL32FR1.CSV
1018.0,M_43_Westbrook_FR1_HAL32FR1.CSV
26.0,M_43_Westbrook_FR1_HAL32FR1.CSV
101.0,M_43_Westbrook_FR1_HAL32FR1.CSV
30.0,M_43_Westbrook_FR1_HAL32FR1.CSV
58.0,M_43_Westbrook_FR1_HAL32FR1.CSV
16.0,M_43_Westbrook_FR1_HAL32FR1.CSV
13.0,M_43_Westbrook_FR1_HAL32FR1.CSV
37.0,M_43_Westbrook_FR1_HAL32FR1.CSV
1116.0,M_43_Westbrook_FR1_HAL32FR1.CSV
18.0,M_43_Westbrook_FR1_HAL32FR1.CSV
16.0,M_43_Westbrook_FR1_HAL32FR1.CSV
33.0,M_43_Westbrook_FR1_HAL32FR1.CSV
18.0,M_43_Westbrook_FR1_HAL32FR1.CSV
495.0,M_43_Westbrook_FR1_HAL32FR1.CSV
1065.0,M_43_Westbrook_FR1_HAL32FR1.CSV
11.0,M_43_Westbrook_FR1_HAL32FR1.CSV
36.0,M_43_Westbrook_FR1_HAL32FR1.CSV
812.0,M_43_Westbrook_FR1_HAL32FR1.CSV
14.0,M_43_Westbrook_FR1_HAL32FR1.CSV
19.0,M_43_Westbrook_FR1_HAL32FR1.CSV
25.0,M_43_Westbrook_FR1_HAL32FR1.CSV
20.0,M_43_Westbrook_FR1_HAL32FR1.CSV
33.0,M_43_Westbrook_FR1_HAL32FR1.CSV
1072.0,M_43_Westbrook_FR1_HAL32FR1.CSV
18.0,M_43_Westbrook_FR1_HAL32FR1.CSV
16.0,M_43_Westbrook_FR1_HAL32FR1.CSV
18.0,M_43_Westbrook_FR1_HAL32FR1.CSV
37.0,M_43_Westbrook_FR1_HAL32FR1.CSV
49.0,M_43_Westbrook_FR1_HAL32FR1.CSV
24.0,M_43_Westbrook_FR1_HAL32FR1.CSV
15.0,M_43_Westbrook_FR1_HAL32FR1.CSV
40.0,M_43_Westbrook_FR1_HAL32FR1.CSV
278.0,M_43_Westbrook_FR1_HAL32FR1.CSV
18.0,M_43_Westbrook_FR1_HAL32FR1.CSV
32.0,M_43_Westbrook_FR1_HAL32FR1.CSV
330.0,M_43_Westbrook_FR1_HAL32FR1.CSV
94.0,M_43_Westbrook_FR1_HAL32FR1.CSV
350.0,M_43_Westbrook_FR1_HAL32FR1.CSV
75.0,M_43_Westbrook_FR1_HAL32FR1.CSV
26.0,M_43_Westbrook_FR1_HAL32FR1.CSV
28.0,M_43_Westbrook_FR1_HAL32FR1.CSV
36.0,M_43_Westbrook_FR1_HAL32FR1.CSV
25.0,M_43_Westbrook_FR1_HAL32FR1.CSV
30.0,M_43_Westbrook_FR1_HAL32FR1.CSV
137.0,M_43_Westbrook_FR1_HAL32FR1.CSV
107.0,M_43_Westbrook_FR1_HAL32FR1.CSV
39.0,M_43_Westbrook_FR1_HAL32FR1.CSV
33.0,M_43_Westbrook_FR1_HAL32FR1.CSV
25.0,M_43_Westbrook_FR1_HAL32FR1.CSV
46.0,M_43_Westbrook_FR1_HAL32FR1.CSV
234.0,M_45_Westbrook_FR1_HAL35FR1.CSV
221.0,M_45_Westbrook_FR1_HAL35FR1.CSV
1705.0,M_45_Westbrook_FR1_HAL35FR1.CSV
1306.0,M_45_Westbrook_FR1_HAL35FR1.CSV
155.0,M_45_Westbrook_FR1_HAL35FR1.CSV
948.0,M_45_Westbrook_FR1_HAL35FR1.CSV
20.0,M_45_Westbrook_FR1_HAL35FR1.CSV
27.0,M_45_Westbrook_FR1_HAL35FR1.CSV
704.0,M_45_Westbrook_FR1_HAL35FR1.CSV
273.0,M_45_Westbrook_FR1_HAL35FR1.CSV
458.0,M_45_Westbrook_FR1_HAL35FR1.CSV
292.0,M_45_Westbrook_FR1_HAL35FR1.CSV
151.0,M_45_Westbrook_FR1_HAL35FR1.CSV
134.0,M_45_Westbrook_FR1_HAL35FR1.CSV
15.0,M_45_Westbrook_FR1_HAL35FR1.CSV
1060.0,M_45_Westbrook_FR1_HAL35FR1.CSV
22.0,M_45_Westbrook_FR1_HAL35FR1.CSV
35.0,M_45_Westbrook_FR1_HAL35FR1.CSV
25.0,M_45_Westbrook_FR1_HAL35FR1.CSV
27.0,M_45_Westbrook_FR1_HAL35FR1.CSV
47.0,M_45_Westbrook_FR1_HAL35FR1.CSV
72.0,M_45_Westbrook_FR1_HAL35FR1.CSV
69.0,M_45_Westbrook_FR1_HAL35FR1.CSV
212.0,M_45_Westbrook_FR1_HAL35FR1.CSV
126.0,M_45_Westbrook_FR1_HAL35FR1.CSV
329.0,M_45_Westbrook_FR1_HAL35FR1.CSV
214.0,M_45_Westbrook_FR1_HAL35FR1.CSV
527.0,M_45_Westbrook_FR1_HAL35FR1.CSV
1326.0,M_45_Westbrook_FR1_HAL35FR1.CSV
41.0,M_45_Westbrook_FR1_HAL35FR1.CSV
361.0,M_45_Westbrook_FR1_HAL35FR1.CSV
31.0,M_45_Westbrook_FR1_HAL35FR1.CSV
27.0,M_45_Westbrook_FR1_HAL35FR1.CSV
34.0,M_45_Westbrook_FR1_HAL35FR1.CSV
958.0,M_45_Westbrook_FR1_HAL35FR1.CSV
44.0,M_45_Westbrook_FR1_HAL35FR1.CSV
3798.0,M_45_Westbrook_FR1_HAL35FR1.CSV
212.0,M_45_Westbrook_FR1_HAL35FR1.CSV
18.0,M_45_Westbrook_FR1_HAL35FR1.CSV
48.0,M_45_Westbrook_FR1_HAL35FR1.CSV
347.0,M_45_Westbrook_FR1_HAL35FR1.CSV
25.0,M_45_Westbrook_FR1_HAL35FR1.CSV
50.0,M_45_Westbrook_FR1_HAL35FR1.CSV
24.0,M_45_Westbrook_FR1_HAL35FR1.CSV
286.0,M_45_Westbrook_FR1_HAL35FR1.CSV
27.0,M_45_Westbrook_FR1_HAL35FR1.CSV
19.0,M_45_Westbrook_FR1_HAL35FR1.CSV
96.0,M_45_Westbrook_FR1_HAL35FR1.CSV
38.0,M_45_Westbrook_FR1_HAL35FR1.CSV
3804.0,M_45_Westbrook_FR1_HAL35FR1.CSV
37.0,M_45_Westbrook_FR1_HAL35FR1.CSV
24.0,M_45_Westbrook_FR1_HAL35FR1.CSV
22.0,M_45_Westbrook_FR1_HAL35FR1.CSV
16.0,M_45_Westbrook_FR1_HAL35FR1.CSV
37.0,M_45_Westbrook_FR1_HAL35FR1.CSV
193.0,M_45_Westbrook_FR1_HAL35FR1.CSV
50.0,M_45_Westbrook_FR1_HAL35FR1.CSV
3952.0,M_45_Westbrook_FR1_HAL35FR1.CSV
15.0,M_45_Westbrook_FR1_HAL35FR1.CSV
75.0,M_45_Westbrook_FR1_HAL35FR1.CSV
89.0,M_45_Westbrook_FR1_HAL35FR1.CSV
368.0,M_45_Westbrook_FR1_HAL35FR1.CSV
63.0,M_45_Westbrook_FR1_HAL35FR1.CSV
33.0,M_45_Westbrook_FR1_HAL35FR1.CSV
36.0,M_45_Westbrook_FR1_HAL35FR1.CSV
136.0,M_45_Westbrook_FR1_HAL35FR1.CSV
67.0,M_45_Westbrook_FR1_HAL35FR1.CSV
37.0,M_45_Westbrook_FR1_HAL35FR1.CSV
113.0,M_45_Westbrook_FR1_HAL35FR1.CSV
53.0,M_45_Westbrook_FR1_HAL35FR1.CSV
3162.0,M_45_Westbrook_FR1_HAL35FR1.CSV
52.0,M_45_Westbrook_FR1_HAL35FR1.CSV
32.0,M_45_Westbrook_FR1_HAL35FR1.CSV
650.0,M_45_Westbrook_FR1_HAL35FR1.CSV
24.0,M_45_Westbrook_FR1_HAL35FR1.CSV
130.0,M_45_Westbrook_FR1_HAL35FR1.CSV
41.0,M_45_Westbrook_FR1_HAL35FR1.CSV
587.0,M_45_Westbrook_FR1_HAL35FR1.CSV
132.0,M_45_Westbrook_FR1_HAL35FR1.CSV
10369.0,M_45_Westbrook_FR1_HAL35FR1.CSV
32.0,M_45_Westbrook_FR1_HAL35FR1.CSV
25.0,M_45_Westbrook_FR1_HAL35FR1.CSV
33.0,M_45_Westbrook_FR1_HAL35FR1.CSV
24.0,M_45_Westbrook_FR1_HAL35FR1.CSV
20.0,M_45_Westbrook_FR1_HAL35FR1.CSV
474.0,M_45_Westbrook_FR1_HAL35FR1.CSV
10951.0,M_45_Westbrook_FR1_HAL35FR1.CSV
32.0,M_45_Westbrook_FR1_HAL35FR1.CSV
26.0,M_45_Westbrook_FR1_HAL35FR1.CSV
30.0,M_45_Westbrook_FR1_HAL35FR1.CSV
1612.0,M_45_Westbrook_FR1_HAL35FR1.CSV
19.0,M_45_Westbrook_FR1_HAL35FR1.CSV
38.0,M_45_Westbrook_FR1_HAL35FR1.CSV
26.0,M_45_Westbrook_FR1_HAL35FR1.CSV
23.0,M_45_Westbrook_FR1_HAL35FR1.CSV
24.0,M_45_Westbrook_FR1_HAL35FR1.CSV
7718.0,M_45_Westbrook_FR1_HAL35FR1.CSV
4717.0,M_45_Westbrook_FR1_HAL35FR1.CSV
24.0,M_45_Westbrook_FR1_HAL35FR1.CSV
19.0,M_45_Westbrook_FR1_HAL35FR1.CSV
23.0,M_45_Westbrook_FR1_HAL35FR1.CSV
24.0,M_45_Westbrook_FR1_HAL35FR1.CSV
12.0,M_45_Westbrook_FR1_HAL35FR1.CSV
29.0,M_45_Westbrook_FR1_HAL35FR1.CSV
5603.0,M_45_Westbrook_FR1_HAL35FR1.CSV
37.0,M_45_Westbrook_FR1_HAL35FR1.CSV
20.0,M_45_Westbrook_FR1_HAL35FR1.CSV
26.0,M_45_Westbrook_FR1_HAL35FR1.CSV
347.0,M_45_Westbrook_FR1_HAL35FR1.CSV
3396.0,M_45_Westbrook_FR1_HAL35FR1.CSV
18.0,M_45_Westbrook_FR1_HAL35FR1.CSV
26.0,M_45_Westbrook_FR1_HAL35FR1.CSV
21.0,M_45_Westbrook_FR1_HAL35FR1.CSV
18.0,M_45_Westbrook_FR1_HAL35FR1.CSV
352.0,M_45_Westbrook_FR1_HAL35FR1.CSV
19.0,M_45_Westbrook_FR1_HAL35FR1.CSV
20.0,M_45_Westbrook_FR1_HAL35FR1.CSV
18.0,M_45_Westbrook_FR1_HAL35FR1.CSV
24.0,M_45_Westbrook_FR1_HAL35FR1.CSV
31.0,M_45_Westbrook_FR1_HAL35FR1.CSV
22.0,M_45_Westbrook_FR1_HAL35FR1.CSV
227.0,M_45_Westbrook_FR1_HAL35FR1.CSV
1682.0,M_45_Westbrook_FR1_HAL35FR1.CSV
25.0,M_45_Westbrook_FR1_HAL35FR1.CSV
82.0,M_45_Westbrook_FR1_HAL35FR1.CSV
116.0,M_45_Westbrook_FR1_HAL35FR1.CSV
19.0,M_45_Westbrook_FR1_HAL35FR1.CSV
1568.0,M_45_Westbrook_FR1_HAL35FR1.CSV
24.0,M_45_Westbrook_FR1_HAL35FR1.CSV
18.0,M_45_Westbrook_FR1_HAL35FR1.CSV
18.0,M_45_Westbrook_FR1_HAL35FR1.CSV
658.0,M_45_Westbrook_FR1_HAL35FR1.CSV
197.0,M_45_Westbrook_FR1_HAL35FR1.CSV
15.0,M_45_Westbrook_FR1_HAL35FR1.CSV
21.0,M_45_Westbrook_FR1_HAL35FR1.CSV
22.0,M_45_Westbrook_FR1_HAL35FR1.CSV
19.0,M_45_Westbrook_FR1_HAL35FR1.CSV
309.0,M_45_Westbrook_FR1_HAL35FR1.CSV
117.0,M_45_Westbrook_FR1_HAL35FR1.CSV
1242.0,M_45_Westbrook_FR1_HAL35FR1.CSV
27.0,M_45_Westbrook_FR1_HAL35FR1.CSV
1057.0,M_45_Westbrook_FR1_HAL35FR1.CSV
26.0,M_45_Westbrook_FR1_HAL35FR1.CSV
26.0,M_45_Westbrook_FR1_HAL35FR1.CSV
20.0,M_45_Westbrook_FR1_HAL35FR1.CSV
29.0,M_45_Westbrook_FR1_HAL35FR1.CSV
60.0,M_45_Westbrook_FR1_HAL35FR1.CSV
318.0,M_45_Westbrook_FR1_HAL35FR1.CSV
66.0,M_44_Westbrook_FR1_HAL33FR1.CSV
25.0,M_44_Westbrook_FR1_HAL33FR1.CSV
2195.0,M_44_Westbrook_FR1_HAL33FR1.CSV
595.0,M_44_Westbrook_FR1_HAL33FR1.CSV
36.0,M_44_Westbrook_FR1_HAL33FR1.CSV
48.0,M_44_Westbrook_FR1_HAL33FR1.CSV
162.0,M_44_Westbrook_FR1_HAL33FR1.CSV
337.0,M_44_Westbrook_FR1_HAL33FR1.CSV
3689.0,M_44_Westbrook_FR1_HAL33FR1.CSV
531.0,M_44_Westbrook_FR1_HAL33FR1.CSV
5118.0,M_44_Westbrook_FR1_HAL33FR1.CSV
152.0,M_44_Westbrook_FR1_HAL33FR1.CSV
30.0,M_44_Westbrook_FR1_HAL33FR1.CSV
34.0,M_44_Westbrook_FR1_HAL33FR1.CSV
175.0,M_44_Westbrook_FR1_HAL33FR1.CSV
158.0,M_44_Westbrook_FR1_HAL33FR1.CSV
101.0,M_44_Westbrook_FR1_HAL33FR1.CSV
42.0,M_44_Westbrook_FR1_HAL33FR1.CSV
385.0,M_44_Westbrook_FR1_HAL33FR1.CSV
58.0,M_44_Westbrook_FR1_HAL33FR1.CSV
5387.0,M_44_Westbrook_FR1_HAL33FR1.CSV
892.0,M_44_Westbrook_FR1_HAL33FR1.CSV
190.0,M_44_Westbrook_FR1_HAL33FR1.CSV
194.0,M_44_Westbrook_FR1_HAL33FR1.CSV
36.0,M_44_Westbrook_FR1_HAL33FR1.CSV
30.0,M_44_Westbrook_FR1_HAL33FR1.CSV
18.0,M_44_Westbrook_FR1_HAL33FR1.CSV
72.0,M_44_Westbrook_FR1_HAL33FR1.CSV
539.0,M_44_Westbrook_FR1_HAL33FR1.CSV
62.0,M_44_Westbrook_FR1_HAL33FR1.CSV
614.0,M_44_Westbrook_FR1_HAL33FR1.CSV
206.0,M_44_Westbrook_FR1_HAL33FR1.CSV
199.0,M_44_Westbrook_FR1_HAL33FR1.CSV
243.0,M_44_Westbrook_FR1_HAL33FR1.CSV
147.0,M_44_Westbrook_FR1_HAL33FR1.CSV
15.0,M_44_Westbrook_FR1_HAL33FR1.CSV
38.0,M_44_Westbrook_FR1_HAL33FR1.CSV
17.0,M_44_Westbrook_FR1_HAL33FR1.CSV
35.0,M_44_Westbrook_FR1_HAL33FR1.CSV
28.0,M_44_Westbrook_FR1_HAL33FR1.CSV
1370.0,M_44_Westbrook_FR1_HAL33FR1.CSV
5538.0,M_44_Westbrook_FR1_HAL33FR1.CSV
28.0,M_44_Westbrook_FR1_HAL33FR1.CSV
325.0,M_44_Westbrook_FR1_HAL33FR1.CSV
140.0,M_44_Westbrook_FR1_HAL33FR1.CSV
225.0,M_44_Westbrook_FR1_HAL33FR1.CSV
19.0,M_44_Westbrook_FR1_HAL33FR1.CSV
19.0,M_44_Westbrook_FR1_HAL33FR1.CSV
303.0,M_44_Westbrook_FR1_HAL33FR1.CSV
232.0,M_44_Westbrook_FR1_HAL33FR1.CSV
418.0,M_44_Westbrook_FR1_HAL33FR1.CSV
11.0,M_44_Westbrook_FR1_HAL33FR1.CSV
15.0,M_44_Westbrook_FR1_HAL33FR1.CSV
21.0,M_44_Westbrook_FR1_HAL33FR1.CSV
33.0,M_44_Westbrook_FR1_HAL33FR1.CSV
5709.0,M_44_Westbrook_FR1_HAL33FR1.CSV
9059.0,M_44_Westbrook_FR1_HAL33FR1.CSV
54.0,M_44_Westbrook_FR1_HAL33FR1.CSV
8411.0,M_44_Westbrook_FR1_HAL33FR1.CSV
27.0,M_44_Westbrook_FR1_HAL33FR1.CSV
283.0,M_44_Westbrook_FR1_HAL33FR1.CSV
393.0,M_44_Westbrook_FR1_HAL33FR1.CSV
33.0,M_44_Westbrook_FR1_HAL33FR1.CSV
10.0,M_44_Westbrook_FR1_HAL33FR1.CSV
8405.0,M_44_Westbrook_FR1_HAL33FR1.CSV
30.0,M_44_Westbrook_FR1_HAL33FR1.CSV
3006.0,M_44_Westbrook_FR1_HAL33FR1.CSV
55.0,M_44_Westbrook_FR1_HAL33FR1.CSV
15.0,M_44_Westbrook_FR1_HAL33FR1.CSV
20.0,M_44_Westbrook_FR1_HAL33FR1.CSV
20.0,M_44_Westbrook_FR1_HAL33FR1.CSV
38.0,M_44_Westbrook_FR1_HAL33FR1.CSV
34.0,M_44_Westbrook_FR1_HAL33FR1.CSV
26.0,M_44_Westbrook_FR1_HAL33FR1.CSV
2100.0,M_44_Westbrook_FR1_HAL33FR1.CSV
19.0,M_44_Westbrook_FR1_HAL33FR1.CSV
767.0,M_44_Westbrook_FR1_HAL33FR1.CSV
34.0,M_44_Westbrook_FR1_HAL33FR1.CSV
373.0,M_44_Westbrook_FR1_HAL33FR1.CSV
25.0,M_44_Westbrook_FR1_HAL33FR1.CSV
22.0,M_44_Westbrook_FR1_HAL33FR1.CSV
1216.0,M_44_Westbrook_FR1_HAL33FR1.CSV
27.0,M_44_Westbrook_FR1_HAL33FR1.CSV
10.0,M_44_Westbrook_FR1_HAL33FR1.CSV
20.0,M_44_Westbrook_FR1_HAL33FR1.CSV
19.0,M_44_Westbrook_FR1_HAL33FR1.CSV
22.0,M_44_Westbrook_FR1_HAL33FR1.CSV
1322.0,M_44_Westbrook_FR1_HAL33FR1.CSV
18.0,M_44_Westbrook_FR1_HAL33FR1.CSV
23.0,M_44_Westbrook_FR1_HAL33FR1.CSV
423.0,M_44_Westbrook_FR1_HAL33FR1.CSV
10.0,M_44_Westbrook_FR1_HAL33FR1.CSV
19.0,M_44_Westbrook_FR1_HAL33FR1.CSV
1857.0,M_44_Westbrook_FR1_HAL33FR1.CSV
8.0,M_44_Westbrook_FR1_HAL33FR1.CSV
18.0,M_44_Westbrook_FR1_HAL33FR1.CSV
694.0,M_44_Westbrook_FR1_HAL33FR1.CSV
14.0,M_44_Westbrook_FR1_HAL33FR1.CSV
125.0,M_44_Westbrook_FR1_HAL33FR1.CSV
17.0,M_44_Westbrook_FR1_HAL33FR1.CSV
332.0,M_44_Westbrook_FR1_HAL33FR1.CSV
72.0,M_44_Westbrook_FR1_HAL33FR1.CSV
474.0,M_44_Westbrook_FR1_HAL33FR1.CSV
10.0,M_44_Westbrook_FR1_HAL33FR1.CSV
10.0,M_44_Westbrook_FR1_HAL33FR1.CSV
22.0,M_44_Westbrook_FR1_HAL33FR1.CSV
12.0,M_44_Westbrook_FR1_HAL33FR1.CSV
13.0,M_44_Westbrook_FR1_HAL33FR1.CSV
16.0,M_44_Westbrook_FR1_HAL33FR1.CSV
22.0,M_44_Westbrook_FR1_HAL33FR1.CSV
565.0,M_44_Westbrook_FR1_HAL33FR1.CSV
2309.0,M_44_Westbrook_FR1_HAL33FR1.CSV
9.0,M_44_Westbrook_FR1_HAL33FR1.CSV
29.0,M_44_Westbrook_FR1_HAL33FR1.CSV
10.0,M_44_Westbrook_FR1_HAL33FR1.CSV
26.0,M_44_Westbrook_FR1_HAL33FR1.CSV
13.0,M_44_Westbrook_FR1_HAL33FR1.CSV
13.0,M_44_Westbrook_FR1_HAL33FR1.CSV
144.0,M_44_Westbrook_FR1_HAL33FR1.CSV
17.0,M_44_Westbrook_FR1_HAL33FR1.CSV
507.0,M_44_Westbrook_FR1_HAL33FR1.CSV
253.0,M_44_Westbrook_FR1_HAL33FR1.CSV
7.0,M_44_Westbrook_FR1_HAL33FR1.CSV
25.0,M_44_Westbrook_FR1_HAL33FR1.CSV
21.0,M_44_Westbrook_FR1_HAL33FR1.CSV
13.0,M_44_Westbrook_FR1_HAL33FR1.CSV
42.0,M_44_Westbrook_FR1_HAL33FR1.CSV
58.0,M_44_Westbrook_FR1_HAL33FR1.CSV
11.0,M_44_Westbrook_FR1_HAL33FR1.CSV
282.0,M_44_Westbrook_FR1_HAL33FR1.CSV
130.0,M_44_Westbrook_FR1_HAL33FR1.CSV
11.0,M_44_Westbrook_FR1_HAL33FR1.CSV
473.0,M_44_Westbrook_FR1_HAL33FR1.CSV
21.0,M_44_Westbrook_FR1_HAL33FR1.CSV
10.0,M_44_Westbrook_FR1_HAL33FR1.CSV
384.0,M_44_Westbrook_FR1_HAL33FR1.CSV
15.0,M_44_Westbrook_FR1_HAL33FR1.CSV
9.0,M_44_Westbrook_FR1_HAL33FR1.CSV
20.0,M_44_Westbrook_FR1_HAL33FR1.CSV
433.0,M_44_Westbrook_FR1_HAL33FR1.CSV
24.0,M_44_Westbrook_FR1_HAL33FR1.CSV
784.0,M_44_Westbrook_FR1_HAL33FR1.CSV
719.0,M_44_Westbrook_FR1_HAL33FR1.CSV
25.0,M_44_Westbrook_FR1_HAL33FR1.CSV
10.0,M_44_Westbrook_FR1_HAL33FR1.CSV
25.0,M_44_Westbrook_FR1_HAL33FR1.CSV
40.0,M_44_Westbrook_FR1_HAL33FR1.CSV
27.0,M_44_Westbrook_FR1_HAL33FR1.CSV
35.0,M_44_Westbrook_FR1_HAL33FR1.CSV
197.0,M_44_Westbrook_FR1_HAL33FR1.CSV
13.0,M_44_Westbrook_FR1_HAL33FR1.CSV
24.0,M_44_Westbrook_FR1_HAL33FR1.CSV
23.0,M_44_Westbrook_FR1_HAL33FR1.CSV
13.0,M_44_Westbrook_FR1_HAL33FR1.CSV
43.0,M_44_Westbrook_FR1_HAL33FR1.CSV
9.0,M_44_Westbrook_FR1_HAL33FR1.CSV
1635.0,M_46_Westbrook_FR1_HAL41FR1.CSV
1328.0,M_46_Westbrook_FR1_HAL41FR1.CSV
868.0,M_46_Westbrook_FR1_HAL41FR1.CSV
3625.0,M_46_Westbrook_FR1_HAL41FR1.CSV
75.0,M_46_Westbrook_FR1_HAL41FR1.CSV
238.0,M_46_Westbrook_FR1_HAL41FR1.CSV
51.0,M_46_Westbrook_FR1_HAL41FR1.CSV
83.0,M_46_Westbrook_FR1_HAL41FR1.CSV
66.0,M_46_Westbrook_FR1_HAL41FR1.CSV
190.0,M_46_Westbrook_FR1_HAL41FR1.CSV
46.0,M_46_Westbrook_FR1_HAL41FR1.CSV
63.0,M_46_Westbrook_FR1_HAL41FR1.CSV
297.0,M_46_Westbrook_FR1_HAL41FR1.CSV
61.0,M_46_Westbrook_FR1_HAL41FR1.CSV
52.0,M_46_Westbrook_FR1_HAL41FR1.CSV
151.0,M_46_Westbrook_FR1_HAL41FR1.CSV
5457.0,M_46_Westbrook_FR1_HAL41FR1.CSV
51.0,M_46_Westbrook_FR1_HAL41FR1.CSV
76.0,M_46_Westbrook_FR1_HAL41FR1.CSV
60.0,M_46_Westbrook_FR1_HAL41FR1.CSV
45.0,M_46_Westbrook_FR1_HAL41FR1.CSV
175.0,M_46_Westbrook_FR1_HAL41FR1.CSV
23.0,M_46_Westbrook_FR1_HAL41FR1.CSV
42.0,M_46_Westbrook_FR1_HAL41FR1.CSV
98.0,M_46_Westbrook_FR1_HAL41FR1.CSV
37.0,M_46_Westbrook_FR1_HAL41FR1.CSV
172.0,M_46_Westbrook_FR1_HAL41FR1.CSV
25.0,M_46_Westbrook_FR1_HAL41FR1.CSV
55.0,M_46_Westbrook_FR1_HAL41FR1.CSV
2878.0,M_46_Westbrook_FR1_HAL41FR1.CSV
119.0,M_46_Westbrook_FR1_HAL41FR1.CSV
140.0,M_46_Westbrook_FR1_HAL41FR1.CSV
333.0,M_46_Westbrook_FR1_HAL41FR1.CSV
55.0,M_46_Westbrook_FR1_HAL41FR1.CSV
93.0,M_46_Westbrook_FR1_HAL41FR1.CSV
18.0,M_46_Westbrook_FR1_HAL41FR1.CSV
24.0,M_46_Westbrook_FR1_HAL41FR1.CSV
28.0,M_46_Westbrook_FR1_HAL41FR1.CSV
16.0,M_46_Westbrook_FR1_HAL41FR1.CSV
27.0,M_46_Westbrook_FR1_HAL41FR1.CSV
51.0,M_46_Westbrook_FR1_HAL41FR1.CSV
13.0,M_46_Westbrook_FR1_HAL41FR1.CSV
291.0,M_46_Westbrook_FR1_HAL41FR1.CSV
39.0,M_46_Westbrook_FR1_HAL41FR1.CSV
61.0,M_46_Westbrook_FR1_HAL41FR1.CSV
3240.0,M_46_Westbrook_FR1_HAL41FR1.CSV
31.0,M_46_Westbrook_FR1_HAL41FR1.CSV
18.0,M_46_Westbrook_FR1_HAL41FR1.CSV
42.0,M_46_Westbrook_FR1_HAL41FR1.CSV
25.0,M_46_Westbrook_FR1_HAL41FR1.CSV
25.0,M_46_Westbrook_FR1_HAL41FR1.CSV
667.0,M_46_Westbrook_FR1_HAL41FR1.CSV
19.0,M_46_Westbrook_FR1_HAL41FR1.CSV
15.0,M_46_Westbrook_FR1_HAL41FR1.CSV
17.0,M_46_Westbrook_FR1_HAL41FR1.CSV
17.0,M_46_Westbrook_FR1_HAL41FR1.CSV
15.0,M_46_Westbrook_FR1_HAL41FR1.CSV
24.0,M_46_Westbrook_FR1_HAL41FR1.CSV
192.0,M_46_Westbrook_FR1_HAL41FR1.CSV
283.0,M_46_Westbrook_FR1_HAL41FR1.CSV
436.0,M_46_Westbrook_FR1_HAL41FR1.CSV
21.0,M_46_Westbrook_FR1_HAL41FR1.CSV
21.0,M_46_Westbrook_FR1_HAL41FR1.CSV
17.0,M_46_Westbrook_FR1_HAL41FR1.CSV
40.0,M_46_Westbrook_FR1_HAL41FR1.CSV
4396.0,M_46_Westbrook_FR1_HAL41FR1.CSV
17.0,M_46_Westbrook_FR1_HAL41FR1.CSV
21.0,M_46_Westbrook_FR1_HAL41FR1.CSV
20.0,M_46_Westbrook_FR1_HAL41FR1.CSV
50.0,M_46_Westbrook_FR1_HAL41FR1.CSV
17.0,M_46_Westbrook_FR1_HAL41FR1.CSV
8.0,M_46_Westbrook_FR1_HAL41FR1.CSV
21.0,M_46_Westbrook_FR1_HAL41FR1.CSV
24.0,M_46_Westbrook_FR1_HAL41FR1.CSV
37.0,M_46_Westbrook_FR1_HAL41FR1.CSV
430.0,M_46_Westbrook_FR1_HAL41FR1.CSV
17.0,M_46_Westbrook_FR1_HAL41FR1.CSV
26.0,M_46_Westbrook_FR1_HAL41FR1.CSV
476.0,M_46_Westbrook_FR1_HAL41FR1.CSV
19.0,M_46_Westbrook_FR1_HAL41FR1.CSV
22.0,M_46_Westbrook_FR1_HAL41FR1.CSV
4564.0,M_46_Westbrook_FR1_HAL41FR1.CSV
40.0,M_46_Westbrook_FR1_HAL41FR1.CSV
26.0,M_46_Westbrook_FR1_HAL41FR1.CSV
18.0,M_46_Westbrook_FR1_HAL41FR1.CSV
35.0,M_46_Westbrook_FR1_HAL41FR1.CSV
5802.0,M_46_Westbrook_FR1_HAL41FR1.CSV
15.0,M_46_Westbrook_FR1_HAL41FR1.CSV
22.0,M_46_Westbrook_FR1_HAL41FR1.CSV
17.0,M_46_Westbrook_FR1_HAL41FR1.CSV
17.0,M_46_Westbrook_FR1_HAL41FR1.CSV
28.0,M_46_Westbrook_FR1_HAL41FR1.CSV
36.0,M_46_Westbrook_FR1_HAL41FR1.CSV
17.0,M_46_Westbrook_FR1_HAL41FR1.CSV
16.0,M_46_Westbrook_FR1_HAL41FR1.CSV
414.0,M_46_Westbrook_FR1_HAL41FR1.CSV
17.0,M_46_Westbrook_FR1_HAL41FR1.CSV
18.0,M_46_Westbrook_FR1_HAL41FR1.CSV
6247.0,M_46_Westbrook_FR1_HAL41FR1.CSV
23.0,M_46_Westbrook_FR1_HAL41FR1.CSV
27.0,M_46_Westbrook_FR1_HAL41FR1.CSV
66.0,M_46_Westbrook_FR1_HAL41FR1.CSV
5242.0,M_46_Westbrook_FR1_HAL41FR1.CSV
28.0,M_46_Westbrook_FR1_HAL41FR1.CSV
27.0,M_46_Westbrook_FR1_HAL41FR1.CSV
14.0,M_46_Westbrook_FR1_HAL41FR1.CSV
20.0,M_46_Westbrook_FR1_HAL41FR1.CSV
24.0,M_46_Westbrook_FR1_HAL41FR1.CSV
18.0,M_46_Westbrook_FR1_HAL41FR1.CSV
5981.0,M_46_Westbrook_FR1_HAL41FR1.CSV
20.0,M_46_Westbrook_FR1_HAL41FR1.CSV
28.0,M_46_Westbrook_FR1_HAL41FR1.CSV
16.0,M_46_Westbrook_FR1_HAL41FR1.CSV
24.0,M_46_Westbrook_FR1_HAL41FR1.CSV
546.0,M_46_Westbrook_FR1_HAL41FR1.CSV
3710.0,M_46_Westbrook_FR1_HAL41FR1.CSV
39.0,M_46_Westbrook_FR1_HAL41FR1.CSV
20.0,M_46_Westbrook_FR1_HAL41FR1.CSV
51.0,M_46_Westbrook_FR1_HAL41FR1.CSV
47.0,M_46_Westbrook_FR1_HAL41FR1.CSV
3383.0,M_46_Westbrook_FR1_HAL41FR1.CSV
17.0,M_46_Westbrook_FR1_HAL41FR1.CSV
27.0,M_46_Westbrook_FR1_HAL41FR1.CSV
18.0,M_46_Westbrook_FR1_HAL41FR1.CSV
18.0,M_46_Westbrook_FR1_HAL41FR1.CSV
20.0,M_46_Westbrook_FR1_HAL41FR1.CSV
39.0,M_46_Westbrook_FR1_HAL41FR1.CSV
2833.0,M_46_Westbrook_FR1_HAL41FR1.CSV
17.0,M_46_Westbrook_FR1_HAL41FR1.CSV
19.0,M_46_Westbrook_FR1_HAL41FR1.CSV
22.0,M_46_Westbrook_FR1_HAL41FR1.CSV
17.0,M_46_Westbrook_FR1_HAL41FR1.CSV
1674.0,M_46_Westbrook_FR1_HAL41FR1.CSV
22.0,M_46_Westbrook_FR1_HAL41FR1.CSV
16.0,M_46_Westbrook_FR1_HAL41FR1.CSV
1348.0,M_46_Westbrook_FR1_HAL41FR1.CSV
19.0,M_46_Westbrook_FR1_HAL41FR1.CSV
36.0,M_46_Westbrook_FR1_HAL41FR1.CSV
602.0,M_46_Westbrook_FR1_HAL41FR1.CSV
14.0,M_46_Westbrook_FR1_HAL41FR1.CSV
18.0,M_46_Westbrook_FR1_HAL41FR1.CSV
12.0,M_46_Westbrook_FR1_HAL41FR1.CSV
19.0,M_46_Westbrook_FR1_HAL41FR1.CSV
15.0,M_46_Westbrook_FR1_HAL41FR1.CSV
20.0,M_46_Westbrook_FR1_HAL41FR1.CSV
68.0,M_46_Westbrook_FR1_HAL41FR1.CSV
20.0,M_46_Westbrook_FR1_HAL41FR1.CSV
2234.0,M_46_Westbrook_FR1_HAL41FR1.CSV
18.0,M_46_Westbrook_FR1_HAL41FR1.CSV
19.0,M_46_Westbrook_FR1_HAL41FR1.CSV
29.0,M_46_Westbrook_FR1_HAL41FR1.CSV
14.0,M_46_Westbrook_FR1_HAL41FR1.CSV
17.0,M_46_Westbrook_FR1_HAL41FR1.CSV
20.0,M_46_Westbrook_FR1_HAL41FR1.CSV
55.0,M_46_Westbrook_FR1_HAL41FR1.CSV
139.0,M_46_Westbrook_FR1_HAL41FR1.CSV
649.0,M_46_Westbrook_FR1_HAL41FR1.CSV
19.0,M_46_Westbrook_FR1_HAL41FR1.CSV
29.0,M_46_Westbrook_FR1_HAL41FR1.CSV
21.0,M_46_Westbrook_FR1_HAL41FR1.CSV
21.0,M_46_Westbrook_FR1_HAL41FR1.CSV
364.0,M_46_Westbrook_FR1_HAL41FR1.CSV
3200.0,M_46_Westbrook_FR1_HAL41FR1.CSV
26.0,M_46_Westbrook_FR1_HAL41FR1.CSV
23.0,M_46_Westbrook_FR1_HAL41FR1.CSV
20.0,M_46_Westbrook_FR1_HAL41FR1.CSV
1651.0,M_46_Westbrook_FR1_HAL41FR1.CSV
22.0,M_46_Westbrook_FR1_HAL41FR1.CSV
14.0,M_46_Westbrook_FR1_HAL41FR1.CSV
14.0,M_46_Westbrook_FR1_HAL41FR1.CSV
16.0,M_46_Westbrook_FR1_HAL41FR1.CSV
21.0,M_46_Westbrook_FR1_HAL41FR1.CSV
24.0,M_46_Westbrook_FR1_HAL41FR1.CSV
47.0,M_46_Westbrook_FR1_HAL41FR1.CSV
40.0,M_46_Westbrook_FR1_HAL41FR1.CSV
13.0,M_46_Westbrook_FR1_HAL41FR1.CSV
1683.0,M_46_Westbrook_FR1_HAL41FR1.CSV
1101.0,M_46_Westbrook_FR1_HAL41FR1.CSV
31.0,M_46_Westbrook_FR1_HAL41FR1.CSV
32.0,M_46_Westbrook_FR1_HAL41FR1.CSV
27.0,M_46_Westbrook_FR1_HAL41FR1.CSV
4450.0,M_47_Westbrook_FR1_HAL4FR1.CSV
57.0,M_47_Westbrook_FR1_HAL4FR1.CSV
126.0,M_47_Westbrook_FR1_HAL4FR1.CSV
3374.0,M_47_Westbrook_FR1_HAL4FR1.CSV
2479.0,M_47_Westbrook_FR1_HAL4FR1.CSV
167.0,M_47_Westbrook_FR1_HAL4FR1.CSV
223.0,M_47_Westbrook_FR1_HAL4FR1.CSV
26.0,M_47_Westbrook_FR1_HAL4FR1.CSV
33.0,M_47_Westbrook_FR1_HAL4FR1.CSV
34.0,M_47_Westbrook_FR1_HAL4FR1.CSV
50.0,M_47_Westbrook_FR1_HAL4FR1.CSV
19.0,M_47_Westbrook_FR1_HAL4FR1.CSV
28.0,M_47_Westbrook_FR1_HAL4FR1.CSV
21.0,M_47_Westbrook_FR1_HAL4FR1.CSV
18.0,M_47_Westbrook_FR1_HAL4FR1.CSV
29.0,M_47_Westbrook_FR1_HAL4FR1.CSV
14.0,M_47_Westbrook_FR1_HAL4FR1.CSV
15.0,M_47_Westbrook_FR1_HAL4FR1.CSV
18.0,M_47_Westbrook_FR1_HAL4FR1.CSV
30.0,M_47_Westbrook_FR1_HAL4FR1.CSV
15.0,M_47_Westbrook_FR1_HAL4FR1.CSV
24.0,M_47_Westbrook_FR1_HAL4FR1.CSV
15.0,M_47_Westbrook_FR1_HAL4FR1.CSV
48.0,M_47_Westbrook_FR1_HAL4FR1.CSV
76.0,M_47_Westbrook_FR1_HAL4FR1.CSV
28.0,M_47_Westbrook_FR1_HAL4FR1.CSV
42.0,M_47_Westbrook_FR1_HAL4FR1.CSV
18.0,M_47_Westbrook_FR1_HAL4FR1.CSV
133.0,M_47_Westbrook_FR1_HAL4FR1.CSV
19.0,M_47_Westbrook_FR1_HAL4FR1.CSV
213.0,M_47_Westbrook_FR1_HAL4FR1.CSV
21.0,M_47_Westbrook_FR1_HAL4FR1.CSV
20.0,M_47_Westbrook_FR1_HAL4FR1.CSV
31.0,M_47_Westbrook_FR1_HAL4FR1.CSV
140.0,M_47_Westbrook_FR1_HAL4FR1.CSV
27.0,M_47_Westbrook_FR1_HAL4FR1.CSV
40.0,M_47_Westbrook_FR1_HAL4FR1.CSV
29.0,M_47_Westbrook_FR1_HAL4FR1.CSV
239.0,M_47_Westbrook_FR1_HAL4FR1.CSV
23.0,M_47_Westbrook_FR1_HAL4FR1.CSV
130.0,M_47_Westbrook_FR1_HAL4FR1.CSV
41.0,M_47_Westbrook_FR1_HAL4FR1.CSV
21.0,M_47_Westbrook_FR1_HAL4FR1.CSV
33.0,M_47_Westbrook_FR1_HAL4FR1.CSV
497.0,M_47_Westbrook_FR1_HAL4FR1.CSV
34.0,M_47_Westbrook_FR1_HAL4FR1.CSV
64.0,M_47_Westbrook_FR1_HAL4FR1.CSV
188.0,M_47_Westbrook_FR1_HAL4FR1.CSV
15.0,M_47_Westbrook_FR1_HAL4FR1.CSV
24.0,M_47_Westbrook_FR1_HAL4FR1.CSV
24.0,M_47_Westbrook_FR1_HAL4FR1.CSV
102.0,M_47_Westbrook_FR1_HAL4FR1.CSV
463.0,M_47_Westbrook_FR1_HAL4FR1.CSV
1277.0,M_47_Westbrook_FR1_HAL4FR1.CSV
294.0,M_47_Westbrook_FR1_HAL4FR1.CSV
40.0,M_47_Westbrook_FR1_HAL4FR1.CSV
151.0,M_47_Westbrook_FR1_HAL4FR1.CSV
18.0,M_47_Westbrook_FR1_HAL4FR1.CSV
73.0,M_47_Westbrook_FR1_HAL4FR1.CSV
17.0,M_47_Westbrook_FR1_HAL4FR1.CSV
20.0,M_47_Westbrook_FR1_HAL4FR1.CSV
29.0,M_47_Westbrook_FR1_HAL4FR1.CSV
24.0,M_47_Westbrook_FR1_HAL4FR1.CSV
365.0,M_47_Westbrook_FR1_HAL4FR1.CSV
16.0,M_47_Westbrook_FR1_HAL4FR1.CSV
4758.0,M_47_Westbrook_FR1_HAL4FR1.CSV
56.0,M_47_Westbrook_FR1_HAL4FR1.CSV
20.0,M_47_Westbrook_FR1_HAL4FR1.CSV
17.0,M_47_Westbrook_FR1_HAL4FR1.CSV
28.0,M_47_Westbrook_FR1_HAL4FR1.CSV
27.0,M_47_Westbrook_FR1_HAL4FR1.CSV
72.0,M_47_Westbrook_FR1_HAL4FR1.CSV
581.0,M_47_Westbrook_FR1_HAL4FR1.CSV
42.0,M_47_Westbrook_FR1_HAL4FR1.CSV
51.0,M_47_Westbrook_FR1_HAL4FR1.CSV
24.0,M_47_Westbrook_FR1_HAL4FR1.CSV
21.0,M_47_Westbrook_FR1_HAL4FR1.CSV
30.0,M_47_Westbrook_FR1_HAL4FR1.CSV
23.0,M_47_Westbrook_FR1_HAL4FR1.CSV
1580.0,M_47_Westbrook_FR1_HAL4FR1.CSV
29.0,M_47_Westbrook_FR1_HAL4FR1.CSV
105.0,M_47_Westbrook_FR1_HAL4FR1.CSV
25.0,M_47_Westbrook_FR1_HAL4FR1.CSV
22.0,M_47_Westbrook_FR1_HAL4FR1.CSV
300.0,M_47_Westbrook_FR1_HAL4FR1.CSV
26.0,M_47_Westbrook_FR1_HAL4FR1.CSV
304.0,M_47_Westbrook_FR1_HAL4FR1.CSV
14.0,M_47_Westbrook_FR1_HAL4FR1.CSV
27.0,M_47_Westbrook_FR1_HAL4FR1.CSV
20.0,M_47_Westbrook_FR1_HAL4FR1.CSV
28.0,M_47_Westbrook_FR1_HAL4FR1.CSV
37.0,M_47_Westbrook_FR1_HAL4FR1.CSV
2577.0,M_47_Westbrook_FR1_HAL4FR1.CSV
21.0,M_47_Westbrook_FR1_HAL4FR1.CSV
30.0,M_47_Westbrook_FR1_HAL4FR1.CSV
49.0,M_47_Westbrook_FR1_HAL4FR1.CSV
102.0,M_47_Westbrook_FR1_HAL4FR1.CSV
19.0,M_47_Westbrook_FR1_HAL4FR1.CSV
19.0,M_47_Westbrook_FR1_HAL4FR1.CSV
31.0,M_47_Westbrook_FR1_HAL4FR1.CSV
28.0,M_47_Westbrook_FR1_HAL4FR1.CSV
129.0,M_47_Westbrook_FR1_HAL4FR1.CSV
29.0,M_47_Westbrook_FR1_HAL4FR1.CSV
209.0,M_47_Westbrook_FR1_HAL4FR1.CSV
19.0,M_47_Westbrook_FR1_HAL4FR1.CSV
30.0,M_47_Westbrook_FR1_HAL4FR1.CSV
159.0,M_47_Westbrook_FR1_HAL4FR1.CSV
24.0,M_47_Westbrook_FR1_HAL4FR1.CSV
24.0,M_47_Westbrook_FR1_HAL4FR1.CSV
26.0,M_47_Westbrook_FR1_HAL4FR1.CSV
22.0,M_47_Westbrook_FR1_HAL4FR1.CSV
58.0,M_47_Westbrook_FR1_HAL4FR1.CSV
273.0,M_47_Westbrook_FR1_HAL4FR1.CSV
177.0,M_47_Westbrook_FR1_HAL4FR1.CSV
85.0,M_47_Westbrook_FR1_HAL4FR1.CSV
16.0,M_47_Westbrook_FR1_HAL4FR1.CSV
27.0,M_47_Westbrook_FR1_HAL4FR1.CSV
6115.0,M_47_Westbrook_FR1_HAL4FR1.CSV
73.0,M_47_Westbrook_FR1_HAL4FR1.CSV
189.0,M_47_Westbrook_FR1_HAL4FR1.CSV
15.0,M_47_Westbrook_FR1_HAL4FR1.CSV
20.0,M_47_Westbrook_FR1_HAL4FR1.CSV
295.0,M_47_Westbrook_FR1_HAL4FR1.CSV
28.0,M_47_Westbrook_FR1_HAL4FR1.CSV
16.0,M_47_Westbrook_FR1_HAL4FR1.CSV
4994.0,M_47_Westbrook_FR1_HAL4FR1.CSV
207.0,M_47_Westbrook_FR1_HAL4FR1.CSV
20.0,M_47_Westbrook_FR1_HAL4FR1.CSV
30.0,M_47_Westbrook_FR1_HAL4FR1.CSV
326.0,M_47_Westbrook_FR1_HAL4FR1.CSV
30.0,M_47_Westbrook_FR1_HAL4FR1.CSV
2539.0,M_47_Westbrook_FR1_HAL4FR1.CSV
17.0,M_47_Westbrook_FR1_HAL4FR1.CSV
28.0,M_47_Westbrook_FR1_HAL4FR1.CSV
114.0,M_47_Westbrook_FR1_HAL4FR1.CSV
17.0,M_47_Westbrook_FR1_HAL4FR1.CSV
21.0,M_47_Westbrook_FR1_HAL4FR1.CSV
35.0,M_47_Westbrook_FR1_HAL4FR1.CSV
6718.0,M_47_Westbrook_FR1_HAL4FR1.CSV
130.0,M_47_Westbrook_FR1_HAL4FR1.CSV
140.0,M_47_Westbrook_FR1_HAL4FR1.CSV
81.0,M_47_Westbrook_FR1_HAL4FR1.CSV
185.0,M_47_Westbrook_FR1_HAL4FR1.CSV
15.0,M_47_Westbrook_FR1_HAL4FR1.CSV
25.0,M_47_Westbrook_FR1_HAL4FR1.CSV
100.0,M_47_Westbrook_FR1_HAL4FR1.CSV
200.0,M_47_Westbrook_FR1_HAL4FR1.CSV
11.0,M_47_Westbrook_FR1_HAL4FR1.CSV
82.0,M_47_Westbrook_FR1_HAL4FR1.CSV
14.0,M_47_Westbrook_FR1_HAL4FR1.CSV
7176.0,M_47_Westbrook_FR1_HAL4FR1.CSV
15.0,M_47_Westbrook_FR1_HAL4FR1.CSV
184.0,M_47_Westbrook_FR1_HAL4FR1.CSV
17.0,M_47_Westbrook_FR1_HAL4FR1.CSV
28.0,M_47_Westbrook_FR1_HAL4FR1.CSV
16.0,M_47_Westbrook_FR1_HAL4FR1.CSV
222.0,M_47_Westbrook_FR1_HAL4FR1.CSV
43.0,M_47_Westbrook_FR1_HAL4FR1.CSV
13.0,M_47_Westbrook_FR1_HAL4FR1.CSV
22.0,M_47_Westbrook_FR1_HAL4FR1.CSV
19.0,M_47_Westbrook_FR1_HAL4FR1.CSV
4793.0,M_47_Westbrook_FR1_HAL4FR1.CSV
38.0,M_47_Westbrook_FR1_HAL4FR1.CSV
91.0,M_47_Westbrook_FR1_HAL4FR1.CSV
18.0,M_47_Westbrook_FR1_HAL4FR1.CSV
526.0,M_47_Westbrook_FR1_HAL4FR1.CSV
21.0,M_47_Westbrook_FR1_HAL4FR1.CSV
16.0,M_47_Westbrook_FR1_HAL4FR1.CSV
1766.0,M_47_Westbrook_FR1_HAL4FR1.CSV
3230.0,M_47_Westbrook_FR1_HAL4FR1.CSV
14.0,M_47_Westbrook_FR1_HAL4FR1.CSV
19.0,M_47_Westbrook_FR1_HAL4FR1.CSV
21.0,M_47_Westbrook_FR1_HAL4FR1.CSV
17.0,M_47_Westbrook_FR1_HAL4FR1.CSV
106.0,M_47_Westbrook_FR1_HAL4FR1.CSV
18.0,M_47_Westbrook_FR1_HAL4FR1.CSV
24.0,M_47_Westbrook_FR1_HAL4FR1.CSV
88.0,M_47_Westbrook_FR1_HAL4FR1.CSV
40.0,M_47_Westbrook_FR1_HAL4FR1.CSV
823.0,M_47_Westbrook_FR1_HAL4FR1.CSV
19.0,M_47_Westbrook_FR1_HAL4FR1.CSV
22.0,M_47_Westbrook_FR1_HAL4FR1.CSV
20.0,M_47_Westbrook_FR1_HAL4FR1.CSV
25.0,M_47_Westbrook_FR1_HAL4FR1.CSV
2231.0,M_47_Westbrook_FR1_HAL4FR1.CSV
25.0,M_47_Westbrook_FR1_HAL4FR1.CSV
33.0,M_47_Westbrook_FR1_HAL4FR1.CSV
114.0,M_47_Westbrook_FR1_HAL4FR1.CSV
19.0,M_47_Westbrook_FR1_HAL4FR1.CSV
17.0,M_47_Westbrook_FR1_HAL4FR1.CSV
1840.0,M_47_Westbrook_FR1_HAL4FR1.CSV
15.0,M_47_Westbrook_FR1_HAL4FR1.CSV
18.0,M_47_Westbrook_FR1_HAL4FR1.CSV
24.0,M_47_Westbrook_FR1_HAL4FR1.CSV
40.0,M_47_Westbrook_FR1_HAL4FR1.CSV
622.0,M_47_Westbrook_FR1_HAL4FR1.CSV
24.0,M_47_Westbrook_FR1_HAL4FR1.CSV
24.0,M_47_Westbrook_FR1_HAL4FR1.CSV
30.0,M_47_Westbrook_FR1_HAL4FR1.CSV
1768.0,M_47_Westbrook_FR1_HAL4FR1.CSV
37.0,M_47_Westbrook_FR1_HAL4FR1.CSV
40.0,M_47_Westbrook_FR1_HAL4FR1.CSV
451.0,M_47_Westbrook_FR1_HAL4FR1.CSV
17.0,M_47_Westbrook_FR1_HAL4FR1.CSV
23.0,M_47_Westbrook_FR1_HAL4FR1.CSV
588.0,M_47_Westbrook_FR1_HAL4FR1.CSV
16.0,M_47_Westbrook_FR1_HAL4FR1.CSV
21.0,M_47_Westbrook_FR1_HAL4FR1.CSV
527.0,M_47_Westbrook_FR1_HAL4FR1.CSV
740.0,M_47_Westbrook_FR1_HAL4FR1.CSV
154.0,M_47_Westbrook_FR1_HAL4FR1.CSV
26.0,M_47_Westbrook_FR1_HAL4FR1.CSV
431.0,M_47_Westbrook_FR1_HAL4FR1.CSV
12.0,M_47_Westbrook_FR1_HAL4FR1.CSV
1059.0,M_47_Westbrook_FR1_HAL4FR1.CSV
298.0,M_48_Westbrook_FR1_HAL5FR1.CSV
629.0,M_48_Westbrook_FR1_HAL5FR1.CSV
372.0,M_48_Westbrook_FR1_HAL5FR1.CSV
906.0,M_48_Westbrook_FR1_HAL5FR1.CSV
464.0,M_48_Westbrook_FR1_HAL5FR1.CSV
932.0,M_48_Westbrook_FR1_HAL5FR1.CSV
327.0,M_48_Westbrook_FR1_HAL5FR1.CSV
363.0,M_48_Westbrook_FR1_HAL5FR1.CSV
722.0,M_48_Westbrook_FR1_HAL5FR1.CSV
337.0,M_48_Westbrook_FR1_HAL5FR1.CSV
2805.0,M_48_Westbrook_FR1_HAL5FR1.CSV
299.0,M_48_Westbrook_FR1_HAL5FR1.CSV
1092.0,M_48_Westbrook_FR1_HAL5FR1.CSV
854.0,M_48_Westbrook_FR1_HAL5FR1.CSV
233.0,M_48_Westbrook_FR1_HAL5FR1.CSV
279.0,M_48_Westbrook_FR1_HAL5FR1.CSV
36.0,M_48_Westbrook_FR1_HAL5FR1.CSV
39.0,M_48_Westbrook_FR1_HAL5FR1.CSV
37.0,M_48_Westbrook_FR1_HAL5FR1.CSV
81.0,M_48_Westbrook_FR1_HAL5FR1.CSV
212.0,M_48_Westbrook_FR1_HAL5FR1.CSV
88.0,M_48_Westbrook_FR1_HAL5FR1.CSV
646.0,M_48_Westbrook_FR1_HAL5FR1.CSV
541.0,M_48_Westbrook_FR1_HAL5FR1.CSV
44.0,M_48_Westbrook_FR1_HAL5FR1.CSV
74.0,M_48_Westbrook_FR1_HAL5FR1.CSV
162.0,M_48_Westbrook_FR1_HAL5FR1.CSV
88.0,M_48_Westbrook_FR1_HAL5FR1.CSV
14.0,M_48_Westbrook_FR1_HAL5FR1.CSV
144.0,M_48_Westbrook_FR1_HAL5FR1.CSV
24.0,M_48_Westbrook_FR1_HAL5FR1.CSV
134.0,M_48_Westbrook_FR1_HAL5FR1.CSV
15.0,M_48_Westbrook_FR1_HAL5FR1.CSV
38.0,M_48_Westbrook_FR1_HAL5FR1.CSV
424.0,M_48_Westbrook_FR1_HAL5FR1.CSV
287.0,M_48_Westbrook_FR1_HAL5FR1.CSV
32.0,M_48_Westbrook_FR1_HAL5FR1.CSV
16.0,M_48_Westbrook_FR1_HAL5FR1.CSV
21.0,M_48_Westbrook_FR1_HAL5FR1.CSV
366.0,M_48_Westbrook_FR1_HAL5FR1.CSV
217.0,M_48_Westbrook_FR1_HAL5FR1.CSV
3295.0,M_48_Westbrook_FR1_HAL5FR1.CSV
68.0,M_48_Westbrook_FR1_HAL5FR1.CSV
40.0,M_48_Westbrook_FR1_HAL5FR1.CSV
65.0,M_48_Westbrook_FR1_HAL5FR1.CSV
25.0,M_48_Westbrook_FR1_HAL5FR1.CSV
29.0,M_48_Westbrook_FR1_HAL5FR1.CSV
23.0,M_48_Westbrook_FR1_HAL5FR1.CSV
231.0,M_48_Westbrook_FR1_HAL5FR1.CSV
26.0,M_48_Westbrook_FR1_HAL5FR1.CSV
135.0,M_48_Westbrook_FR1_HAL5FR1.CSV
22.0,M_48_Westbrook_FR1_HAL5FR1.CSV
21.0,M_48_Westbrook_FR1_HAL5FR1.CSV
207.0,M_48_Westbrook_FR1_HAL5FR1.CSV
23.0,M_48_Westbrook_FR1_HAL5FR1.CSV
17.0,M_48_Westbrook_FR1_HAL5FR1.CSV
164.0,M_48_Westbrook_FR1_HAL5FR1.CSV
260.0,M_48_Westbrook_FR1_HAL5FR1.CSV
21.0,M_48_Westbrook_FR1_HAL5FR1.CSV
556.0,M_48_Westbrook_FR1_HAL5FR1.CSV
26.0,M_48_Westbrook_FR1_HAL5FR1.CSV
18.0,M_48_Westbrook_FR1_HAL5FR1.CSV
21.0,M_48_Westbrook_FR1_HAL5FR1.CSV
14.0,M_48_Westbrook_FR1_HAL5FR1.CSV
685.0,M_48_Westbrook_FR1_HAL5FR1.CSV
21.0,M_48_Westbrook_FR1_HAL5FR1.CSV
480.0,M_48_Westbrook_FR1_HAL5FR1.CSV
25.0,M_48_Westbrook_FR1_HAL5FR1.CSV
19.0,M_48_Westbrook_FR1_HAL5FR1.CSV
722.0,M_48_Westbrook_FR1_HAL5FR1.CSV
20.0,M_48_Westbrook_FR1_HAL5FR1.CSV
977.0,M_48_Westbrook_FR1_HAL5FR1.CSV
1622.0,M_48_Westbrook_FR1_HAL5FR1.CSV
439.0,M_48_Westbrook_FR1_HAL5FR1.CSV
359.0,M_48_Westbrook_FR1_HAL5FR1.CSV
11.0,M_48_Westbrook_FR1_HAL5FR1.CSV
332.0,M_48_Westbrook_FR1_HAL5FR1.CSV
13.0,M_48_Westbrook_FR1_HAL5FR1.CSV
23.0,M_48_Westbrook_FR1_HAL5FR1.CSV
16.0,M_48_Westbrook_FR1_HAL5FR1.CSV
184.0,M_48_Westbrook_FR1_HAL5FR1.CSV
14.0,M_48_Westbrook_FR1_HAL5FR1.CSV
20.0,M_48_Westbrook_FR1_HAL5FR1.CSV
17.0,M_48_Westbrook_FR1_HAL5FR1.CSV
36.0,M_48_Westbrook_FR1_HAL5FR1.CSV
2118.0,M_48_Westbrook_FR1_HAL5FR1.CSV
15.0,M_48_Westbrook_FR1_HAL5FR1.CSV
23.0,M_48_Westbrook_FR1_HAL5FR1.CSV
18.0,M_48_Westbrook_FR1_HAL5FR1.CSV
33.0,M_48_Westbrook_FR1_HAL5FR1.CSV
240.0,M_48_Westbrook_FR1_HAL5FR1.CSV
13.0,M_48_Westbrook_FR1_HAL5FR1.CSV
20.0,M_48_Westbrook_FR1_HAL5FR1.CSV
35.0,M_48_Westbrook_FR1_HAL5FR1.CSV
13.0,M_48_Westbrook_FR1_HAL5FR1.CSV
623.0,M_48_Westbrook_FR1_HAL5FR1.CSV
15.0,M_48_Westbrook_FR1_HAL5FR1.CSV
17.0,M_48_Westbrook_FR1_HAL5FR1.CSV
23.0,M_48_Westbrook_FR1_HAL5FR1.CSV
21.0,M_48_Westbrook_FR1_HAL5FR1.CSV
18.0,M_48_Westbrook_FR1_HAL5FR1.CSV
25.0,M_48_Westbrook_FR1_HAL5FR1.CSV
29.0,M_48_Westbrook_FR1_HAL5FR1.CSV
2521.0,M_48_Westbrook_FR1_HAL5FR1.CSV
33.0,M_48_Westbrook_FR1_HAL5FR1.CSV
12.0,M_48_Westbrook_FR1_HAL5FR1.CSV
59.0,M_48_Westbrook_FR1_HAL5FR1.CSV
223.0,M_48_Westbrook_FR1_HAL5FR1.CSV
18.0,M_48_Westbrook_FR1_HAL5FR1.CSV
14.0,M_48_Westbrook_FR1_HAL5FR1.CSV
287.0,M_48_Westbrook_FR1_HAL5FR1.CSV
388.0,M_48_Westbrook_FR1_HAL5FR1.CSV
18.0,M_48_Westbrook_FR1_HAL5FR1.CSV
15.0,M_48_Westbrook_FR1_HAL5FR1.CSV
1524.0,M_48_Westbrook_FR1_HAL5FR1.CSV
153.0,M_48_Westbrook_FR1_HAL5FR1.CSV
21.0,M_48_Westbrook_FR1_HAL5FR1.CSV
36.0,M_48_Westbrook_FR1_HAL5FR1.CSV
28.0,M_48_Westbrook_FR1_HAL5FR1.CSV
2540.0,M_48_Westbrook_FR1_HAL5FR1.CSV
22.0,M_48_Westbrook_FR1_HAL5FR1.CSV
86.0,M_48_Westbrook_FR1_HAL5FR1.CSV
16.0,M_48_Westbrook_FR1_HAL5FR1.CSV
25.0,M_48_Westbrook_FR1_HAL5FR1.CSV
34.0,M_48_Westbrook_FR1_HAL5FR1.CSV
23.0,M_48_Westbrook_FR1_HAL5FR1.CSV
21.0,M_48_Westbrook_FR1_HAL5FR1.CSV
2620.0,M_48_Westbrook_FR1_HAL5FR1.CSV
412.0,M_48_Westbrook_FR1_HAL5FR1.CSV
30.0,M_48_Westbrook_FR1_HAL5FR1.CSV
517.0,M_48_Westbrook_FR1_HAL5FR1.CSV
46.0,M_48_Westbrook_FR1_HAL5FR1.CSV
15.0,M_48_Westbrook_FR1_HAL5FR1.CSV
26.0,M_48_Westbrook_FR1_HAL5FR1.CSV
3454.0,M_48_Westbrook_FR1_HAL5FR1.CSV
23.0,M_48_Westbrook_FR1_HAL5FR1.CSV
18.0,M_48_Westbrook_FR1_HAL5FR1.CSV
49.0,M_48_Westbrook_FR1_HAL5FR1.CSV
30.0,M_48_Westbrook_FR1_HAL5FR1.CSV
20.0,M_48_Westbrook_FR1_HAL5FR1.CSV
21.0,M_48_Westbrook_FR1_HAL5FR1.CSV
5169.0,M_48_Westbrook_FR1_HAL5FR1.CSV
23.0,M_48_Westbrook_FR1_HAL5FR1.CSV
16.0,M_48_Westbrook_FR1_HAL5FR1.CSV
24.0,M_48_Westbrook_FR1_HAL5FR1.CSV
61.0,M_48_Westbrook_FR1_HAL5FR1.CSV
209.0,M_48_Westbrook_FR1_HAL5FR1.CSV
16.0,M_48_Westbrook_FR1_HAL5FR1.CSV
535.0,M_48_Westbrook_FR1_HAL5FR1.CSV
15.0,M_48_Westbrook_FR1_HAL5FR1.CSV
22.0,M_48_Westbrook_FR1_HAL5FR1.CSV
17.0,M_48_Westbrook_FR1_HAL5FR1.CSV
849.0,M_48_Westbrook_FR1_HAL5FR1.CSV
19.0,M_48_Westbrook_FR1_HAL5FR1.CSV
20.0,M_48_Westbrook_FR1_HAL5FR1.CSV
17.0,M_48_Westbrook_FR1_HAL5FR1.CSV
20.0,M_48_Westbrook_FR1_HAL5FR1.CSV
2832.0,M_48_Westbrook_FR1_HAL5FR1.CSV
20.0,M_48_Westbrook_FR1_HAL5FR1.CSV
24.0,M_48_Westbrook_FR1_HAL5FR1.CSV
28.0,M_48_Westbrook_FR1_HAL5FR1.CSV
24.0,M_48_Westbrook_FR1_HAL5FR1.CSV
17.0,M_48_Westbrook_FR1_HAL5FR1.CSV
2898.0,M_48_Westbrook_FR1_HAL5FR1.CSV
31.0,M_48_Westbrook_FR1_HAL5FR1.CSV
25.0,M_48_Westbrook_FR1_HAL5FR1.CSV
5419.0,M_48_Westbrook_FR1_HAL5FR1.CSV
19.0,M_48_Westbrook_FR1_HAL5FR1.CSV
29.0,M_48_Westbrook_FR1_HAL5FR1.CSV
89.0,M_48_Westbrook_FR1_HAL5FR1.CSV
29.0,M_48_Westbrook_FR1_HAL5FR1.CSV
22.0,M_48_Westbrook_FR1_HAL5FR1.CSV
24.0,M_48_Westbrook_FR1_HAL5FR1.CSV
22.0,M_48_Westbrook_FR1_HAL5FR1.CSV
1080.0,M_48_Westbrook_FR1_HAL5FR1.CSV
32.0,M_48_Westbrook_FR1_HAL5FR1.CSV
21.0,M_48_Westbrook_FR1_HAL5FR1.CSV
20.0,M_48_Westbrook_FR1_HAL5FR1.CSV
29.0,M_48_Westbrook_FR1_HAL5FR1.CSV
4347.0,M_48_Westbrook_FR1_HAL5FR1.CSV
22.0,M_48_Westbrook_FR1_HAL5FR1.CSV
88.0,M_48_Westbrook_FR1_HAL5FR1.CSV
16.0,M_48_Westbrook_FR1_HAL5FR1.CSV
2003.0,M_48_Westbrook_FR1_HAL5FR1.CSV
18.0,M_48_Westbrook_FR1_HAL5FR1.CSV
21.0,M_48_Westbrook_FR1_HAL5FR1.CSV
996.0,M_48_Westbrook_FR1_HAL5FR1.CSV
31.0,M_48_Westbrook_FR1_HAL5FR1.CSV
20.0,M_48_Westbrook_FR1_HAL5FR1.CSV
25.0,M_48_Westbrook_FR1_HAL5FR1.CSV
29.0,M_48_Westbrook_FR1_HAL5FR1.CSV
152.0,M_48_Westbrook_FR1_HAL5FR1.CSV
15.0,M_48_Westbrook_FR1_HAL5FR1.CSV
26.0,M_48_Westbrook_FR1_HAL5FR1.CSV
3212.0,M_48_Westbrook_FR1_HAL5FR1.CSV
15.0,M_48_Westbrook_FR1_HAL5FR1.CSV
19.0,M_48_Westbrook_FR1_HAL5FR1.CSV
27.0,M_48_Westbrook_FR1_HAL5FR1.CSV
19.0,M_48_Westbrook_FR1_HAL5FR1.CSV
21.0,M_48_Westbrook_FR1_HAL5FR1.CSV
1336.0,M_48_Westbrook_FR1_HAL5FR1.CSV
13.0,M_48_Westbrook_FR1_HAL5FR1.CSV
31.0,M_48_Westbrook_FR1_HAL5FR1.CSV
20.0,M_48_Westbrook_FR1_HAL5FR1.CSV
23.0,M_48_Westbrook_FR1_HAL5FR1.CSV
776.0,M_48_Westbrook_FR1_HAL5FR1.CSV
33.0,M_48_Westbrook_FR1_HAL5FR1.CSV
29.0,M_48_Westbrook_FR1_HAL5FR1.CSV
27.0,M_48_Westbrook_FR1_HAL5FR1.CSV
20.0,M_48_Westbrook_FR1_HAL5FR1.CSV
897.0,M_48_Westbrook_FR1_HAL5FR1.CSV
15.0,M_48_Westbrook_FR1_HAL5FR1.CSV
18.0,M_48_Westbrook_FR1_HAL5FR1.CSV
27.0,M_48_Westbrook_FR1_HAL5FR1.CSV
1020.0,M_48_Westbrook_FR1_HAL5FR1.CSV
18.0,M_48_Westbrook_FR1_HAL5FR1.CSV
27.0,M_48_Westbrook_FR1_HAL5FR1.CSV
923.0,M_48_Westbrook_FR1_HAL5FR1.CSV
21.0,M_48_Westbrook_FR1_HAL5FR1.CSV
259.0,M_48_Westbrook_FR1_HAL5FR1.CSV
14.0,M_48_Westbrook_FR1_HAL5FR1.CSV
419.0,M_48_Westbrook_FR1_HAL5FR1.CSV
630.0,M_48_Westbrook_FR1_HAL5FR1.CSV
27.0,M_48_Westbrook_FR1_HAL5FR1.CSV
19.0,M_48_Westbrook_FR1_HAL5FR1.CSV
21.0,M_48_Westbrook_FR1_HAL5FR1.CSV
37.0,M_48_Westbrook_FR1_HAL5FR1.CSV
462.0,M_48_Westbrook_FR1_HAL5FR1.CSV
323.0,M_48_Westbrook_FR1_HAL5FR1.CSV
25.0,M_48_Westbrook_FR1_HAL5FR1.CSV
593.0,M_48_Westbrook_FR1_HAL5FR1.CSV
1219.0,M_48_Westbrook_FR1_HAL5FR1.CSV
381.0,M_48_Westbrook_FR1_HAL5FR1.CSV
187.0,M_48_Westbrook_FR1_HAL5FR1.CSV
1192.0,M_49_Westbrook_FR1_HAL6FR1.CSV
637.0,M_49_Westbrook_FR1_HAL6FR1.CSV
1606.0,M_49_Westbrook_FR1_HAL6FR1.CSV
741.0,M_49_Westbrook_FR1_HAL6FR1.CSV
532.0,M_49_Westbrook_FR1_HAL6FR1.CSV
1171.0,M_49_Westbrook_FR1_HAL6FR1.CSV
2214.0,M_49_Westbrook_FR1_HAL6FR1.CSV
721.0,M_49_Westbrook_FR1_HAL6FR1.CSV
6169.0,M_49_Westbrook_FR1_HAL6FR1.CSV
81.0,M_49_Westbrook_FR1_HAL6FR1.CSV
99.0,M_49_Westbrook_FR1_HAL6FR1.CSV
138.0,M_49_Westbrook_FR1_HAL6FR1.CSV
34.0,M_49_Westbrook_FR1_HAL6FR1.CSV
75.0,M_49_Westbrook_FR1_HAL6FR1.CSV
301.0,M_49_Westbrook_FR1_HAL6FR1.CSV
31.0,M_49_Westbrook_FR1_HAL6FR1.CSV
87.0,M_49_Westbrook_FR1_HAL6FR1.CSV
254.0,M_49_Westbrook_FR1_HAL6FR1.CSV
5368.0,M_49_Westbrook_FR1_HAL6FR1.CSV
27.0,M_49_Westbrook_FR1_HAL6FR1.CSV
38.0,M_49_Westbrook_FR1_HAL6FR1.CSV
37.0,M_49_Westbrook_FR1_HAL6FR1.CSV
395.0,M_49_Westbrook_FR1_HAL6FR1.CSV
45.0,M_49_Westbrook_FR1_HAL6FR1.CSV
27.0,M_49_Westbrook_FR1_HAL6FR1.CSV
26.0,M_49_Westbrook_FR1_HAL6FR1.CSV
28.0,M_49_Westbrook_FR1_HAL6FR1.CSV
28.0,M_49_Westbrook_FR1_HAL6FR1.CSV
31.0,M_49_Westbrook_FR1_HAL6FR1.CSV
42.0,M_49_Westbrook_FR1_HAL6FR1.CSV
23.0,M_49_Westbrook_FR1_HAL6FR1.CSV
29.0,M_49_Westbrook_FR1_HAL6FR1.CSV
24.0,M_49_Westbrook_FR1_HAL6FR1.CSV
601.0,M_49_Westbrook_FR1_HAL6FR1.CSV
809.0,M_49_Westbrook_FR1_HAL6FR1.CSV
107.0,M_49_Westbrook_FR1_HAL6FR1.CSV
29.0,M_49_Westbrook_FR1_HAL6FR1.CSV
314.0,M_49_Westbrook_FR1_HAL6FR1.CSV
29.0,M_49_Westbrook_FR1_HAL6FR1.CSV
26.0,M_49_Westbrook_FR1_HAL6FR1.CSV
45.0,M_49_Westbrook_FR1_HAL6FR1.CSV
3573.0,M_49_Westbrook_FR1_HAL6FR1.CSV
36.0,M_49_Westbrook_FR1_HAL6FR1.CSV
39.0,M_49_Westbrook_FR1_HAL6FR1.CSV
21.0,M_49_Westbrook_FR1_HAL6FR1.CSV
531.0,M_49_Westbrook_FR1_HAL6FR1.CSV
49.0,M_49_Westbrook_FR1_HAL6FR1.CSV
30.0,M_49_Westbrook_FR1_HAL6FR1.CSV
27.0,M_49_Westbrook_FR1_HAL6FR1.CSV
25.0,M_49_Westbrook_FR1_HAL6FR1.CSV
35.0,M_49_Westbrook_FR1_HAL6FR1.CSV
17.0,M_49_Westbrook_FR1_HAL6FR1.CSV
291.0,M_49_Westbrook_FR1_HAL6FR1.CSV
40.0,M_49_Westbrook_FR1_HAL6FR1.CSV
30.0,M_49_Westbrook_FR1_HAL6FR1.CSV
374.0,M_49_Westbrook_FR1_HAL6FR1.CSV
1541.0,M_49_Westbrook_FR1_HAL6FR1.CSV
343.0,M_49_Westbrook_FR1_HAL6FR1.CSV
90.0,M_49_Westbrook_FR1_HAL6FR1.CSV
2615.0,M_49_Westbrook_FR1_HAL6FR1.CSV
51.0,M_49_Westbrook_FR1_HAL6FR1.CSV
39.0,M_49_Westbrook_FR1_HAL6FR1.CSV
383.0,M_49_Westbrook_FR1_HAL6FR1.CSV
27.0,M_49_Westbrook_FR1_HAL6FR1.CSV
32.0,M_49_Westbrook_FR1_HAL6FR1.CSV
240.0,M_49_Westbrook_FR1_HAL6FR1.CSV
1257.0,M_49_Westbrook_FR1_HAL6FR1.CSV
8475.0,M_49_Westbrook_FR1_HAL6FR1.CSV
322.0,M_49_Westbrook_FR1_HAL6FR1.CSV
1105.0,M_49_Westbrook_FR1_HAL6FR1.CSV
19.0,M_49_Westbrook_FR1_HAL6FR1.CSV
10952.0,M_49_Westbrook_FR1_HAL6FR1.CSV
169.0,M_49_Westbrook_FR1_HAL6FR1.CSV
11153.0,M_49_Westbrook_FR1_HAL6FR1.CSV
8.0,M_49_Westbrook_FR1_HAL6FR1.CSV
24.0,M_49_Westbrook_FR1_HAL6FR1.CSV
32.0,M_49_Westbrook_FR1_HAL6FR1.CSV
27.0,M_49_Westbrook_FR1_HAL6FR1.CSV
183.0,M_49_Westbrook_FR1_HAL6FR1.CSV
28.0,M_49_Westbrook_FR1_HAL6FR1.CSV
33.0,M_49_Westbrook_FR1_HAL6FR1.CSV
4834.0,M_49_Westbrook_FR1_HAL6FR1.CSV
28.0,M_49_Westbrook_FR1_HAL6FR1.CSV
23.0,M_49_Westbrook_FR1_HAL6FR1.CSV
29.0,M_49_Westbrook_FR1_HAL6FR1.CSV
24.0,M_49_Westbrook_FR1_HAL6FR1.CSV
125.0,M_49_Westbrook_FR1_HAL6FR1.CSV
23.0,M_49_Westbrook_FR1_HAL6FR1.CSV
28.0,M_49_Westbrook_FR1_HAL6FR1.CSV
26.0,M_49_Westbrook_FR1_HAL6FR1.CSV
38.0,M_49_Westbrook_FR1_HAL6FR1.CSV
987.0,M_49_Westbrook_FR1_HAL6FR1.CSV
26.0,M_49_Westbrook_FR1_HAL6FR1.CSV
28.0,M_49_Westbrook_FR1_HAL6FR1.CSV
31.0,M_49_Westbrook_FR1_HAL6FR1.CSV
62.0,M_49_Westbrook_FR1_HAL6FR1.CSV
1337.0,M_49_Westbrook_FR1_HAL6FR1.CSV
26.0,M_49_Westbrook_FR1_HAL6FR1.CSV
25.0,M_49_Westbrook_FR1_HAL6FR1.CSV
1231.0,M_49_Westbrook_FR1_HAL6FR1.CSV
24.0,M_49_Westbrook_FR1_HAL6FR1.CSV
80.0,M_49_Westbrook_FR1_HAL6FR1.CSV
210.0,M_49_Westbrook_FR1_HAL6FR1.CSV
20.0,M_49_Westbrook_FR1_HAL6FR1.CSV
31.0,M_49_Westbrook_FR1_HAL6FR1.CSV
32.0,M_49_Westbrook_FR1_HAL6FR1.CSV
567.0,M_49_Westbrook_FR1_HAL6FR1.CSV
18.0,M_49_Westbrook_FR1_HAL6FR1.CSV
36.0,M_49_Westbrook_FR1_HAL6FR1.CSV
26.0,M_49_Westbrook_FR1_HAL6FR1.CSV
602.0,M_49_Westbrook_FR1_HAL6FR1.CSV
21.0,M_49_Westbrook_FR1_HAL6FR1.CSV
34.0,M_49_Westbrook_FR1_HAL6FR1.CSV
27.0,M_49_Westbrook_FR1_HAL6FR1.CSV
40.0,M_49_Westbrook_FR1_HAL6FR1.CSV
27.0,M_49_Westbrook_FR1_HAL6FR1.CSV
2267.0,M_49_Westbrook_FR1_HAL6FR1.CSV
24.0,M_49_Westbrook_FR1_HAL6FR1.CSV
37.0,M_49_Westbrook_FR1_HAL6FR1.CSV
18.0,M_49_Westbrook_FR1_HAL6FR1.CSV
439.0,M_49_Westbrook_FR1_HAL6FR1.CSV
21.0,M_49_Westbrook_FR1_HAL6FR1.CSV
408.0,M_49_Westbrook_FR1_HAL6FR1.CSV
18.0,M_49_Westbrook_FR1_HAL6FR1.CSV
28.0,M_49_Westbrook_FR1_HAL6FR1.CSV
1589.0,M_49_Westbrook_FR1_HAL6FR1.CSV
31.0,M_49_Westbrook_FR1_HAL6FR1.CSV
454.0,M_49_Westbrook_FR1_HAL6FR1.CSV
17.0,M_49_Westbrook_FR1_HAL6FR1.CSV
26.0,M_49_Westbrook_FR1_HAL6FR1.CSV
33.0,M_49_Westbrook_FR1_HAL6FR1.CSV
672.0,M_49_Westbrook_FR1_HAL6FR1.CSV
58.0,M_49_Westbrook_FR1_HAL6FR1.CSV
1519.0,F_50_Fobbs_FR1_FED001FR1Concat.csv
315.0,F_50_Fobbs_FR1_FED001FR1Concat.csv
274.0,F_50_Fobbs_FR1_FED001FR1Concat.csv
558.0,F_50_Fobbs_FR1_FED001FR1Concat.csv
211.0,F_50_Fobbs_FR1_FED001FR1Concat.csv
6793.0,F_50_Fobbs_FR1_FED001FR1Concat.csv
114.0,F_50_Fobbs_FR1_FED001FR1Concat.csv
151.0,F_50_Fobbs_FR1_FED001FR1Concat.csv
30.0,F_50_Fobbs_FR1_FED001FR1Concat.csv
4203.0,F_50_Fobbs_FR1_FED001FR1Concat.csv
139.0,F_50_Fobbs_FR1_FED001FR1Concat.csv
2269.0,F_50_Fobbs_FR1_FED001FR1Concat.csv
620.0,F_50_Fobbs_FR1_FED001FR1Concat.csv
229.0,F_50_Fobbs_FR1_FED001FR1Concat.csv
7416.0,F_50_Fobbs_FR1_FED001FR1Concat.csv
60.0,F_50_Fobbs_FR1_FED001FR1Concat.csv
49.0,F_50_Fobbs_FR1_FED001FR1Concat.csv
972.0,F_50_Fobbs_FR1_FED001FR1Concat.csv
71.0,F_50_Fobbs_FR1_FED001FR1Concat.csv
55.0,F_50_Fobbs_FR1_FED001FR1Concat.csv
5358.0,F_50_Fobbs_FR1_FED001FR1Concat.csv
57.0,F_50_Fobbs_FR1_FED001FR1Concat.csv
36.0,F_50_Fobbs_FR1_FED001FR1Concat.csv
64.0,F_50_Fobbs_FR1_FED001FR1Concat.csv
25.0,F_50_Fobbs_FR1_FED001FR1Concat.csv
32.0,F_50_Fobbs_FR1_FED001FR1Concat.csv
121.0,F_50_Fobbs_FR1_FED001FR1Concat.csv
28.0,F_50_Fobbs_FR1_FED001FR1Concat.csv
20.0,F_50_Fobbs_FR1_FED001FR1Concat.csv
22.0,F_50_Fobbs_FR1_FED001FR1Concat.csv
25.0,F_50_Fobbs_FR1_FED001FR1Concat.csv
5313.0,F_50_Fobbs_FR1_FED001FR1Concat.csv
29.0,F_50_Fobbs_FR1_FED001FR1Concat.csv
34.0,F_50_Fobbs_FR1_FED001FR1Concat.csv
25.0,F_50_Fobbs_FR1_FED001FR1Concat.csv
20.0,F_50_Fobbs_FR1_FED001FR1Concat.csv
28.0,F_50_Fobbs_FR1_FED001FR1Concat.csv
17.0,F_50_Fobbs_FR1_FED001FR1Concat.csv
21.0,F_50_Fobbs_FR1_FED001FR1Concat.csv
40.0,F_50_Fobbs_FR1_FED001FR1Concat.csv
1438.0,F_50_Fobbs_FR1_FED001FR1Concat.csv
16.0,F_50_Fobbs_FR1_FED001FR1Concat.csv
22.0,F_50_Fobbs_FR1_FED001FR1Concat.csv
20.0,F_50_Fobbs_FR1_FED001FR1Concat.csv
20.0,F_50_Fobbs_FR1_FED001FR1Concat.csv
23.0,F_50_Fobbs_FR1_FED001FR1Concat.csv
1335.0,F_50_Fobbs_FR1_FED001FR1Concat.csv
106.0,F_50_Fobbs_FR1_FED001FR1Concat.csv
1339.0,F_50_Fobbs_FR1_FED001FR1Concat.csv
263.0,F_50_Fobbs_FR1_FED001FR1Concat.csv
25.0,F_50_Fobbs_FR1_FED001FR1Concat.csv
28.0,F_50_Fobbs_FR1_FED001FR1Concat.csv
33.0,F_50_Fobbs_FR1_FED001FR1Concat.csv
250.0,F_50_Fobbs_FR1_FED001FR1Concat.csv
486.0,F_50_Fobbs_FR1_FED001FR1Concat.csv
27.0,F_50_Fobbs_FR1_FED001FR1Concat.csv
337.0,F_50_Fobbs_FR1_FED001FR1Concat.csv
227.0,F_50_Fobbs_FR1_FED001FR1Concat.csv
208.0,F_50_Fobbs_FR1_FED001FR1Concat.csv
35.0,F_50_Fobbs_FR1_FED001FR1Concat.csv
38.0,F_50_Fobbs_FR1_FED001FR1Concat.csv
362.0,F_50_Fobbs_FR1_FED001FR1Concat.csv
554.0,F_50_Fobbs_FR1_FED001FR1Concat.csv
23.0,F_50_Fobbs_FR1_FED001FR1Concat.csv
19.0,F_50_Fobbs_FR1_FED001FR1Concat.csv
23.0,F_50_Fobbs_FR1_FED001FR1Concat.csv
25.0,F_50_Fobbs_FR1_FED001FR1Concat.csv
102.0,F_50_Fobbs_FR1_FED001FR1Concat.csv
359.0,F_50_Fobbs_FR1_FED001FR1Concat.csv
879.0,F_50_Fobbs_FR1_FED001FR1Concat.csv
90.0,F_50_Fobbs_FR1_FED001FR1Concat.csv
138.0,F_50_Fobbs_FR1_FED001FR1Concat.csv
366.0,F_50_Fobbs_FR1_FED001FR1Concat.csv
116.0,F_50_Fobbs_FR1_FED001FR1Concat.csv
287.0,F_50_Fobbs_FR1_FED001FR1Concat.csv
138.0,F_50_Fobbs_FR1_FED001FR1Concat.csv
35.0,F_50_Fobbs_FR1_FED001FR1Concat.csv
575.0,F_50_Fobbs_FR1_FED001FR1Concat.csv
33.0,F_50_Fobbs_FR1_FED001FR1Concat.csv
33.0,F_50_Fobbs_FR1_FED001FR1Concat.csv
25.0,F_50_Fobbs_FR1_FED001FR1Concat.csv
28.0,F_50_Fobbs_FR1_FED001FR1Concat.csv
162.0,F_50_Fobbs_FR1_FED001FR1Concat.csv
5.0,F_50_Fobbs_FR1_FED001FR1Concat.csv
871.0,F_50_Fobbs_FR1_FED001FR1Concat.csv
36.0,F_50_Fobbs_FR1_FED001FR1Concat.csv
451.0,F_50_Fobbs_FR1_FED001FR1Concat.csv
461.0,F_50_Fobbs_FR1_FED001FR1Concat.csv
136.0,F_50_Fobbs_FR1_FED001FR1Concat.csv
25.0,F_50_Fobbs_FR1_FED001FR1Concat.csv
523.0,F_50_Fobbs_FR1_FED001FR1Concat.csv
47.0,F_50_Fobbs_FR1_FED001FR1Concat.csv
38.0,F_50_Fobbs_FR1_FED001FR1Concat.csv
21.0,F_50_Fobbs_FR1_FED001FR1Concat.csv
19.0,F_50_Fobbs_FR1_FED001FR1Concat.csv
651.0,F_50_Fobbs_FR1_FED001FR1Concat.csv
599.0,F_50_Fobbs_FR1_FED001FR1Concat.csv
73.0,F_50_Fobbs_FR1_FED001FR1Concat.csv
62.0,F_50_Fobbs_FR1_FED001FR1Concat.csv
272.0,F_50_Fobbs_FR1_FED001FR1Concat.csv
166.0,F_50_Fobbs_FR1_FED001FR1Concat.csv
447.0,F_50_Fobbs_FR1_FED001FR1Concat.csv
28.0,F_50_Fobbs_FR1_FED001FR1Concat.csv
76.0,F_50_Fobbs_FR1_FED001FR1Concat.csv
653.0,F_50_Fobbs_FR1_FED001FR1Concat.csv
5309.0,F_50_Fobbs_FR1_FED001FR1Concat.csv
22.0,F_50_Fobbs_FR1_FED001FR1Concat.csv
22.0,F_50_Fobbs_FR1_FED001FR1Concat.csv
26.0,F_50_Fobbs_FR1_FED001FR1Concat.csv
21.0,F_50_Fobbs_FR1_FED001FR1Concat.csv
21.0,F_50_Fobbs_FR1_FED001FR1Concat.csv
17.0,F_50_Fobbs_FR1_FED001FR1Concat.csv
26.0,F_50_Fobbs_FR1_FED001FR1Concat.csv
26.0,F_50_Fobbs_FR1_FED001FR1Concat.csv
3256.0,F_50_Fobbs_FR1_FED001FR1Concat.csv
30.0,F_50_Fobbs_FR1_FED001FR1Concat.csv
26.0,F_50_Fobbs_FR1_FED001FR1Concat.csv
21.0,F_50_Fobbs_FR1_FED001FR1Concat.csv
543.0,F_50_Fobbs_FR1_FED001FR1Concat.csv
28.0,F_50_Fobbs_FR1_FED001FR1Concat.csv
2216.0,F_50_Fobbs_FR1_FED001FR1Concat.csv
35.0,F_50_Fobbs_FR1_FED001FR1Concat.csv
28.0,F_50_Fobbs_FR1_FED001FR1Concat.csv
51.0,F_50_Fobbs_FR1_FED001FR1Concat.csv
2059.0,F_50_Fobbs_FR1_FED001FR1Concat.csv
121.0,F_50_Fobbs_FR1_FED001FR1Concat.csv
838.0,F_50_Fobbs_FR1_FED001FR1Concat.csv
30.0,F_50_Fobbs_FR1_FED001FR1Concat.csv
34.0,F_50_Fobbs_FR1_FED001FR1Concat.csv
93.0,F_50_Fobbs_FR1_FED001FR1Concat.csv
29.0,F_50_Fobbs_FR1_FED001FR1Concat.csv
887.0,F_50_Fobbs_FR1_FED001FR1Concat.csv
30.0,F_50_Fobbs_FR1_FED001FR1Concat.csv
57.0,F_50_Fobbs_FR1_FED001FR1Concat.csv
29.0,F_50_Fobbs_FR1_FED001FR1Concat.csv
128.0,F_50_Fobbs_FR1_FED001FR1Concat.csv
46.0,F_50_Fobbs_FR1_FED001FR1Concat.csv
1035.0,F_50_Fobbs_FR1_FED001FR1Concat.csv
113.0,F_50_Fobbs_FR1_FED001FR1Concat.csv
61.0,F_50_Fobbs_FR1_FED001FR1Concat.csv
270.0,F_50_Fobbs_FR1_FED001FR1Concat.csv
170.0,F_50_Fobbs_FR1_FED001FR1Concat.csv
50.0,F_50_Fobbs_FR1_FED001FR1Concat.csv
115.0,F_50_Fobbs_FR1_FED001FR1Concat.csv
310.0,F_50_Fobbs_FR1_FED001FR1Concat.csv
229.0,F_50_Fobbs_FR1_FED001FR1Concat.csv
30.0,F_50_Fobbs_FR1_FED001FR1Concat.csv
98.0,F_50_Fobbs_FR1_FED001FR1Concat.csv
410.0,F_50_Fobbs_FR1_FED001FR1Concat.csv
336.0,F_50_Fobbs_FR1_FED001FR1Concat.csv
39.0,F_50_Fobbs_FR1_FED001FR1Concat.csv
4820.0,F_50_Fobbs_FR1_FED001FR1Concat.csv
26.0,F_50_Fobbs_FR1_FED001FR1Concat.csv
66.0,F_50_Fobbs_FR1_FED001FR1Concat.csv
2054.0,F_50_Fobbs_FR1_FED001FR1Concat.csv
23.0,F_50_Fobbs_FR1_FED001FR1Concat.csv
23.0,F_50_Fobbs_FR1_FED001FR1Concat.csv
24.0,F_50_Fobbs_FR1_FED001FR1Concat.csv
24.0,F_50_Fobbs_FR1_FED001FR1Concat.csv
20.0,F_50_Fobbs_FR1_FED001FR1Concat.csv
739.0,F_50_Fobbs_FR1_FED001FR1Concat.csv
256.0,F_50_Fobbs_FR1_FED001FR1Concat.csv
28.0,F_50_Fobbs_FR1_FED001FR1Concat.csv
381.0,F_50_Fobbs_FR1_FED001FR1Concat.csv
90.0,F_50_Fobbs_FR1_FED001FR1Concat.csv
119.0,F_50_Fobbs_FR1_FED001FR1Concat.csv
109.0,F_50_Fobbs_FR1_FED001FR1Concat.csv
184.0,F_50_Fobbs_FR1_FED001FR1Concat.csv
487.0,F_50_Fobbs_FR1_FED001FR1Concat.csv
146.0,F_50_Fobbs_FR1_FED001FR1Concat.csv
327.0,F_50_Fobbs_FR1_FED001FR1Concat.csv
31.0,F_50_Fobbs_FR1_FED001FR1Concat.csv
27.0,F_50_Fobbs_FR1_FED001FR1Concat.csv
131.0,F_50_Fobbs_FR1_FED001FR1Concat.csv
988.0,F_50_Fobbs_FR1_FED001FR1Concat.csv
116.0,F_50_Fobbs_FR1_FED001FR1Concat.csv
23.0,F_50_Fobbs_FR1_FED001FR1Concat.csv
1812.0,F_50_Fobbs_FR1_FED001FR1Concat.csv
699.0,F_51_Fobbs_FR1_FED002FR1Concat.csv
154.0,F_51_Fobbs_FR1_FED002FR1Concat.csv
36.0,F_51_Fobbs_FR1_FED002FR1Concat.csv
12495.0,F_51_Fobbs_FR1_FED002FR1Concat.csv
129.0,F_51_Fobbs_FR1_FED002FR1Concat.csv
520.0,F_51_Fobbs_FR1_FED002FR1Concat.csv
9965.0,F_51_Fobbs_FR1_FED002FR1Concat.csv
164.0,F_51_Fobbs_FR1_FED002FR1Concat.csv
249.0,F_51_Fobbs_FR1_FED002FR1Concat.csv
7657.0,F_51_Fobbs_FR1_FED002FR1Concat.csv
53.0,F_51_Fobbs_FR1_FED002FR1Concat.csv
301.0,F_51_Fobbs_FR1_FED002FR1Concat.csv
4583.0,F_51_Fobbs_FR1_FED002FR1Concat.csv
36.0,F_51_Fobbs_FR1_FED002FR1Concat.csv
39.0,F_51_Fobbs_FR1_FED002FR1Concat.csv
196.0,F_51_Fobbs_FR1_FED002FR1Concat.csv
52.0,F_51_Fobbs_FR1_FED002FR1Concat.csv
1337.0,F_51_Fobbs_FR1_FED002FR1Concat.csv
44.0,F_51_Fobbs_FR1_FED002FR1Concat.csv
38.0,F_51_Fobbs_FR1_FED002FR1Concat.csv
28.0,F_51_Fobbs_FR1_FED002FR1Concat.csv
36.0,F_51_Fobbs_FR1_FED002FR1Concat.csv
88.0,F_51_Fobbs_FR1_FED002FR1Concat.csv
35.0,F_51_Fobbs_FR1_FED002FR1Concat.csv
2722.0,F_51_Fobbs_FR1_FED002FR1Concat.csv
56.0,F_51_Fobbs_FR1_FED002FR1Concat.csv
31.0,F_51_Fobbs_FR1_FED002FR1Concat.csv
157.0,F_51_Fobbs_FR1_FED002FR1Concat.csv
50.0,F_51_Fobbs_FR1_FED002FR1Concat.csv
39.0,F_51_Fobbs_FR1_FED002FR1Concat.csv
28.0,F_51_Fobbs_FR1_FED002FR1Concat.csv
25.0,F_51_Fobbs_FR1_FED002FR1Concat.csv
269.0,F_51_Fobbs_FR1_FED002FR1Concat.csv
25.0,F_51_Fobbs_FR1_FED002FR1Concat.csv
133.0,F_51_Fobbs_FR1_FED002FR1Concat.csv
497.0,F_51_Fobbs_FR1_FED002FR1Concat.csv
36.0,F_51_Fobbs_FR1_FED002FR1Concat.csv
32.0,F_51_Fobbs_FR1_FED002FR1Concat.csv
271.0,F_51_Fobbs_FR1_FED002FR1Concat.csv
1053.0,F_51_Fobbs_FR1_FED002FR1Concat.csv
56.0,F_51_Fobbs_FR1_FED002FR1Concat.csv
373.0,F_51_Fobbs_FR1_FED002FR1Concat.csv
219.0,F_51_Fobbs_FR1_FED002FR1Concat.csv
39.0,F_51_Fobbs_FR1_FED002FR1Concat.csv
70.0,F_51_Fobbs_FR1_FED002FR1Concat.csv
48.0,F_51_Fobbs_FR1_FED002FR1Concat.csv
31.0,F_51_Fobbs_FR1_FED002FR1Concat.csv
37.0,F_51_Fobbs_FR1_FED002FR1Concat.csv
420.0,F_51_Fobbs_FR1_FED002FR1Concat.csv
82.0,F_51_Fobbs_FR1_FED002FR1Concat.csv
160.0,F_51_Fobbs_FR1_FED002FR1Concat.csv
146.0,F_51_Fobbs_FR1_FED002FR1Concat.csv
49.0,F_51_Fobbs_FR1_FED002FR1Concat.csv
77.0,F_51_Fobbs_FR1_FED002FR1Concat.csv
93.0,F_51_Fobbs_FR1_FED002FR1Concat.csv
45.0,F_51_Fobbs_FR1_FED002FR1Concat.csv
19.0,F_51_Fobbs_FR1_FED002FR1Concat.csv
197.0,F_51_Fobbs_FR1_FED002FR1Concat.csv
1438.0,F_51_Fobbs_FR1_FED002FR1Concat.csv
61.0,F_51_Fobbs_FR1_FED002FR1Concat.csv
24.0,F_51_Fobbs_FR1_FED002FR1Concat.csv
32.0,F_51_Fobbs_FR1_FED002FR1Concat.csv
46.0,F_51_Fobbs_FR1_FED002FR1Concat.csv
30.0,F_51_Fobbs_FR1_FED002FR1Concat.csv
45.0,F_51_Fobbs_FR1_FED002FR1Concat.csv
7702.0,F_51_Fobbs_FR1_FED002FR1Concat.csv
44.0,F_51_Fobbs_FR1_FED002FR1Concat.csv
22.0,F_51_Fobbs_FR1_FED002FR1Concat.csv
37.0,F_51_Fobbs_FR1_FED002FR1Concat.csv
27.0,F_51_Fobbs_FR1_FED002FR1Concat.csv
29.0,F_51_Fobbs_FR1_FED002FR1Concat.csv
16.0,F_51_Fobbs_FR1_FED002FR1Concat.csv
21.0,F_51_Fobbs_FR1_FED002FR1Concat.csv
20.0,F_51_Fobbs_FR1_FED002FR1Concat.csv
27.0,F_51_Fobbs_FR1_FED002FR1Concat.csv
516.0,F_51_Fobbs_FR1_FED002FR1Concat.csv
27.0,F_51_Fobbs_FR1_FED002FR1Concat.csv
5379.0,F_51_Fobbs_FR1_FED002FR1Concat.csv
33.0,F_51_Fobbs_FR1_FED002FR1Concat.csv
18.0,F_51_Fobbs_FR1_FED002FR1Concat.csv
2766.0,F_51_Fobbs_FR1_FED002FR1Concat.csv
30.0,F_51_Fobbs_FR1_FED002FR1Concat.csv
106.0,F_51_Fobbs_FR1_FED002FR1Concat.csv
181.0,F_51_Fobbs_FR1_FED002FR1Concat.csv
40.0,F_51_Fobbs_FR1_FED002FR1Concat.csv
173.0,F_51_Fobbs_FR1_FED002FR1Concat.csv
38.0,F_51_Fobbs_FR1_FED002FR1Concat.csv
2719.0,F_51_Fobbs_FR1_FED002FR1Concat.csv
25.0,F_51_Fobbs_FR1_FED002FR1Concat.csv
44.0,F_51_Fobbs_FR1_FED002FR1Concat.csv
30.0,F_51_Fobbs_FR1_FED002FR1Concat.csv
54.0,F_51_Fobbs_FR1_FED002FR1Concat.csv
251.0,F_51_Fobbs_FR1_FED002FR1Concat.csv
69.0,F_51_Fobbs_FR1_FED002FR1Concat.csv
392.0,F_51_Fobbs_FR1_FED002FR1Concat.csv
100.0,F_51_Fobbs_FR1_FED002FR1Concat.csv
578.0,F_51_Fobbs_FR1_FED002FR1Concat.csv
30.0,F_51_Fobbs_FR1_FED002FR1Concat.csv
56.0,F_51_Fobbs_FR1_FED002FR1Concat.csv
1740.0,F_51_Fobbs_FR1_FED002FR1Concat.csv
29.0,F_51_Fobbs_FR1_FED002FR1Concat.csv
586.0,F_51_Fobbs_FR1_FED002FR1Concat.csv
1083.0,F_51_Fobbs_FR1_FED002FR1Concat.csv
28.0,F_51_Fobbs_FR1_FED002FR1Concat.csv
28.0,F_51_Fobbs_FR1_FED002FR1Concat.csv
33.0,F_51_Fobbs_FR1_FED002FR1Concat.csv
613.0,F_51_Fobbs_FR1_FED002FR1Concat.csv
33.0,F_51_Fobbs_FR1_FED002FR1Concat.csv
202.0,F_51_Fobbs_FR1_FED002FR1Concat.csv
31.0,F_51_Fobbs_FR1_FED002FR1Concat.csv
27.0,F_51_Fobbs_FR1_FED002FR1Concat.csv
24.0,F_51_Fobbs_FR1_FED002FR1Concat.csv
50.0,F_51_Fobbs_FR1_FED002FR1Concat.csv
1188.0,F_51_Fobbs_FR1_FED002FR1Concat.csv
1644.0,F_51_Fobbs_FR1_FED002FR1Concat.csv
367.0,F_51_Fobbs_FR1_FED002FR1Concat.csv
40.0,F_51_Fobbs_FR1_FED002FR1Concat.csv
88.0,F_51_Fobbs_FR1_FED002FR1Concat.csv
28.0,F_51_Fobbs_FR1_FED002FR1Concat.csv
1186.0,F_51_Fobbs_FR1_FED002FR1Concat.csv
321.0,F_51_Fobbs_FR1_FED002FR1Concat.csv
167.0,F_51_Fobbs_FR1_FED002FR1Concat.csv
62.0,F_51_Fobbs_FR1_FED002FR1Concat.csv
6044.0,F_51_Fobbs_FR1_FED002FR1Concat.csv
38.0,F_51_Fobbs_FR1_FED002FR1Concat.csv
159.0,F_51_Fobbs_FR1_FED002FR1Concat.csv
432.0,F_51_Fobbs_FR1_FED002FR1Concat.csv
159.0,F_51_Fobbs_FR1_FED002FR1Concat.csv
42.0,F_51_Fobbs_FR1_FED002FR1Concat.csv
1238.0,F_52_Fobbs_FR1_FED003FR1Concat.csv
1225.0,F_52_Fobbs_FR1_FED003FR1Concat.csv
495.0,F_52_Fobbs_FR1_FED003FR1Concat.csv
6725.0,F_52_Fobbs_FR1_FED003FR1Concat.csv
96.0,F_52_Fobbs_FR1_FED003FR1Concat.csv
88.0,F_52_Fobbs_FR1_FED003FR1Concat.csv
2714.0,F_52_Fobbs_FR1_FED003FR1Concat.csv
9695.0,F_52_Fobbs_FR1_FED003FR1Concat.csv
69.0,F_52_Fobbs_FR1_FED003FR1Concat.csv
69.0,F_52_Fobbs_FR1_FED003FR1Concat.csv
88.0,F_52_Fobbs_FR1_FED003FR1Concat.csv
6804.0,F_52_Fobbs_FR1_FED003FR1Concat.csv
39.0,F_52_Fobbs_FR1_FED003FR1Concat.csv
66.0,F_52_Fobbs_FR1_FED003FR1Concat.csv
54.0,F_52_Fobbs_FR1_FED003FR1Concat.csv
40.0,F_52_Fobbs_FR1_FED003FR1Concat.csv
34.0,F_52_Fobbs_FR1_FED003FR1Concat.csv
66.0,F_52_Fobbs_FR1_FED003FR1Concat.csv
90.0,F_52_Fobbs_FR1_FED003FR1Concat.csv
917.0,F_52_Fobbs_FR1_FED003FR1Concat.csv
4846.0,F_52_Fobbs_FR1_FED003FR1Concat.csv
36.0,F_52_Fobbs_FR1_FED003FR1Concat.csv
33.0,F_52_Fobbs_FR1_FED003FR1Concat.csv
17.0,F_52_Fobbs_FR1_FED003FR1Concat.csv
27.0,F_52_Fobbs_FR1_FED003FR1Concat.csv
33.0,F_52_Fobbs_FR1_FED003FR1Concat.csv
21.0,F_52_Fobbs_FR1_FED003FR1Concat.csv
38.0,F_52_Fobbs_FR1_FED003FR1Concat.csv
17.0,F_52_Fobbs_FR1_FED003FR1Concat.csv
33.0,F_52_Fobbs_FR1_FED003FR1Concat.csv
791.0,F_52_Fobbs_FR1_FED003FR1Concat.csv
47.0,F_52_Fobbs_FR1_FED003FR1Concat.csv
38.0,F_52_Fobbs_FR1_FED003FR1Concat.csv
116.0,F_52_Fobbs_FR1_FED003FR1Concat.csv
226.0,F_52_Fobbs_FR1_FED003FR1Concat.csv
27.0,F_52_Fobbs_FR1_FED003FR1Concat.csv
2133.0,F_52_Fobbs_FR1_FED003FR1Concat.csv
28.0,F_52_Fobbs_FR1_FED003FR1Concat.csv
34.0,F_52_Fobbs_FR1_FED003FR1Concat.csv
22.0,F_52_Fobbs_FR1_FED003FR1Concat.csv
37.0,F_52_Fobbs_FR1_FED003FR1Concat.csv
26.0,F_52_Fobbs_FR1_FED003FR1Concat.csv
33.0,F_52_Fobbs_FR1_FED003FR1Concat.csv
645.0,F_52_Fobbs_FR1_FED003FR1Concat.csv
43.0,F_52_Fobbs_FR1_FED003FR1Concat.csv
23.0,F_52_Fobbs_FR1_FED003FR1Concat.csv
22.0,F_52_Fobbs_FR1_FED003FR1Concat.csv
330.0,F_52_Fobbs_FR1_FED003FR1Concat.csv
11.0,F_52_Fobbs_FR1_FED003FR1Concat.csv
121.0,F_52_Fobbs_FR1_FED003FR1Concat.csv
1459.0,F_52_Fobbs_FR1_FED003FR1Concat.csv
22.0,F_52_Fobbs_FR1_FED003FR1Concat.csv
22.0,F_52_Fobbs_FR1_FED003FR1Concat.csv
31.0,F_52_Fobbs_FR1_FED003FR1Concat.csv
32.0,F_52_Fobbs_FR1_FED003FR1Concat.csv
18.0,F_52_Fobbs_FR1_FED003FR1Concat.csv
20.0,F_52_Fobbs_FR1_FED003FR1Concat.csv
24.0,F_52_Fobbs_FR1_FED003FR1Concat.csv
23.0,F_52_Fobbs_FR1_FED003FR1Concat.csv
34.0,F_52_Fobbs_FR1_FED003FR1Concat.csv
878.0,F_52_Fobbs_FR1_FED003FR1Concat.csv
73.0,F_52_Fobbs_FR1_FED003FR1Concat.csv
1099.0,F_52_Fobbs_FR1_FED003FR1Concat.csv
38.0,F_52_Fobbs_FR1_FED003FR1Concat.csv
30.0,F_52_Fobbs_FR1_FED003FR1Concat.csv
41.0,F_52_Fobbs_FR1_FED003FR1Concat.csv
20.0,F_52_Fobbs_FR1_FED003FR1Concat.csv
21.0,F_52_Fobbs_FR1_FED003FR1Concat.csv
23.0,F_52_Fobbs_FR1_FED003FR1Concat.csv
25.0,F_52_Fobbs_FR1_FED003FR1Concat.csv
27.0,F_52_Fobbs_FR1_FED003FR1Concat.csv
26.0,F_52_Fobbs_FR1_FED003FR1Concat.csv
18.0,F_52_Fobbs_FR1_FED003FR1Concat.csv
23.0,F_52_Fobbs_FR1_FED003FR1Concat.csv
20.0,F_52_Fobbs_FR1_FED003FR1Concat.csv
1405.0,F_52_Fobbs_FR1_FED003FR1Concat.csv
42.0,F_52_Fobbs_FR1_FED003FR1Concat.csv
23.0,F_52_Fobbs_FR1_FED003FR1Concat.csv
28.0,F_52_Fobbs_FR1_FED003FR1Concat.csv
24.0,F_52_Fobbs_FR1_FED003FR1Concat.csv
11.0,F_52_Fobbs_FR1_FED003FR1Concat.csv
356.0,F_52_Fobbs_FR1_FED003FR1Concat.csv
995.0,F_52_Fobbs_FR1_FED003FR1Concat.csv
5.0,F_52_Fobbs_FR1_FED003FR1Concat.csv
53.0,F_52_Fobbs_FR1_FED003FR1Concat.csv
32.0,F_52_Fobbs_FR1_FED003FR1Concat.csv
20.0,F_52_Fobbs_FR1_FED003FR1Concat.csv
21.0,F_52_Fobbs_FR1_FED003FR1Concat.csv
29.0,F_52_Fobbs_FR1_FED003FR1Concat.csv
27.0,F_52_Fobbs_FR1_FED003FR1Concat.csv
14.0,F_52_Fobbs_FR1_FED003FR1Concat.csv
19.0,F_52_Fobbs_FR1_FED003FR1Concat.csv
893.0,F_52_Fobbs_FR1_FED003FR1Concat.csv
50.0,F_52_Fobbs_FR1_FED003FR1Concat.csv
26.0,F_52_Fobbs_FR1_FED003FR1Concat.csv
30.0,F_52_Fobbs_FR1_FED003FR1Concat.csv
25.0,F_52_Fobbs_FR1_FED003FR1Concat.csv
24.0,F_52_Fobbs_FR1_FED003FR1Concat.csv
3549.0,F_52_Fobbs_FR1_FED003FR1Concat.csv
35.0,F_52_Fobbs_FR1_FED003FR1Concat.csv
27.0,F_52_Fobbs_FR1_FED003FR1Concat.csv
27.0,F_52_Fobbs_FR1_FED003FR1Concat.csv
16.0,F_52_Fobbs_FR1_FED003FR1Concat.csv
40.0,F_52_Fobbs_FR1_FED003FR1Concat.csv
323.0,F_52_Fobbs_FR1_FED003FR1Concat.csv
39.0,F_52_Fobbs_FR1_FED003FR1Concat.csv
24.0,F_52_Fobbs_FR1_FED003FR1Concat.csv
21.0,F_52_Fobbs_FR1_FED003FR1Concat.csv
36.0,F_52_Fobbs_FR1_FED003FR1Concat.csv
870.0,F_52_Fobbs_FR1_FED003FR1Concat.csv
202.0,F_52_Fobbs_FR1_FED003FR1Concat.csv
480.0,F_52_Fobbs_FR1_FED003FR1Concat.csv
21.0,F_52_Fobbs_FR1_FED003FR1Concat.csv
19.0,F_52_Fobbs_FR1_FED003FR1Concat.csv
29.0,F_52_Fobbs_FR1_FED003FR1Concat.csv
20.0,F_52_Fobbs_FR1_FED003FR1Concat.csv
17.0,F_52_Fobbs_FR1_FED003FR1Concat.csv
25.0,F_52_Fobbs_FR1_FED003FR1Concat.csv
27.0,F_52_Fobbs_FR1_FED003FR1Concat.csv
29.0,F_52_Fobbs_FR1_FED003FR1Concat.csv
4.0,F_52_Fobbs_FR1_FED003FR1Concat.csv
1025.0,F_52_Fobbs_FR1_FED003FR1Concat.csv
163.0,F_52_Fobbs_FR1_FED003FR1Concat.csv
884.0,F_52_Fobbs_FR1_FED003FR1Concat.csv
28.0,F_52_Fobbs_FR1_FED003FR1Concat.csv
29.0,F_52_Fobbs_FR1_FED003FR1Concat.csv
41.0,F_52_Fobbs_FR1_FED003FR1Concat.csv
27.0,F_52_Fobbs_FR1_FED003FR1Concat.csv
862.0,F_52_Fobbs_FR1_FED003FR1Concat.csv
155.0,F_52_Fobbs_FR1_FED003FR1Concat.csv
96.0,F_52_Fobbs_FR1_FED003FR1Concat.csv
815.0,F_52_Fobbs_FR1_FED003FR1Concat.csv
45.0,F_52_Fobbs_FR1_FED003FR1Concat.csv
22.0,F_52_Fobbs_FR1_FED003FR1Concat.csv
21.0,F_52_Fobbs_FR1_FED003FR1Concat.csv
39.0,F_52_Fobbs_FR1_FED003FR1Concat.csv
773.0,F_52_Fobbs_FR1_FED003FR1Concat.csv
286.0,F_52_Fobbs_FR1_FED003FR1Concat.csv
1683.0,F_52_Fobbs_FR1_FED003FR1Concat.csv
31.0,F_52_Fobbs_FR1_FED003FR1Concat.csv
22.0,F_52_Fobbs_FR1_FED003FR1Concat.csv
31.0,F_52_Fobbs_FR1_FED003FR1Concat.csv
20.0,F_52_Fobbs_FR1_FED003FR1Concat.csv
31.0,F_52_Fobbs_FR1_FED003FR1Concat.csv
7170.0,F_52_Fobbs_FR1_FED003FR1Concat.csv
29.0,F_52_Fobbs_FR1_FED003FR1Concat.csv
28.0,F_52_Fobbs_FR1_FED003FR1Concat.csv
699.0,F_52_Fobbs_FR1_FED003FR1Concat.csv
34.0,F_52_Fobbs_FR1_FED003FR1Concat.csv
21.0,F_52_Fobbs_FR1_FED003FR1Concat.csv
20.0,F_52_Fobbs_FR1_FED003FR1Concat.csv
25.0,F_52_Fobbs_FR1_FED003FR1Concat.csv
23.0,F_52_Fobbs_FR1_FED003FR1Concat.csv
30.0,F_52_Fobbs_FR1_FED003FR1Concat.csv
22.0,F_52_Fobbs_FR1_FED003FR1Concat.csv
234.0,F_52_Fobbs_FR1_FED003FR1Concat.csv
24.0,F_52_Fobbs_FR1_FED003FR1Concat.csv
367.0,F_52_Fobbs_FR1_FED003FR1Concat.csv
453.0,F_52_Fobbs_FR1_FED003FR1Concat.csv
41.0,F_52_Fobbs_FR1_FED003FR1Concat.csv
36.0,F_52_Fobbs_FR1_FED003FR1Concat.csv
25.0,F_52_Fobbs_FR1_FED003FR1Concat.csv
5313.0,F_52_Fobbs_FR1_FED003FR1Concat.csv
357.0,F_52_Fobbs_FR1_FED003FR1Concat.csv
40.0,F_52_Fobbs_FR1_FED003FR1Concat.csv
21.0,F_52_Fobbs_FR1_FED003FR1Concat.csv
28.0,F_52_Fobbs_FR1_FED003FR1Concat.csv
67.0,F_52_Fobbs_FR1_FED003FR1Concat.csv
23.0,F_52_Fobbs_FR1_FED003FR1Concat.csv
29.0,F_52_Fobbs_FR1_FED003FR1Concat.csv
658.0,F_52_Fobbs_FR1_FED003FR1Concat.csv
136.0,F_52_Fobbs_FR1_FED003FR1Concat.csv
52.0,F_52_Fobbs_FR1_FED003FR1Concat.csv
26.0,F_52_Fobbs_FR1_FED003FR1Concat.csv
25.0,F_52_Fobbs_FR1_FED003FR1Concat.csv
21.0,F_52_Fobbs_FR1_FED003FR1Concat.csv
34.0,F_52_Fobbs_FR1_FED003FR1Concat.csv
23.0,F_52_Fobbs_FR1_FED003FR1Concat.csv
22.0,F_52_Fobbs_FR1_FED003FR1Concat.csv
2221.0,F_52_Fobbs_FR1_FED003FR1Concat.csv
1028.0,F_52_Fobbs_FR1_FED003FR1Concat.csv
51.0,F_52_Fobbs_FR1_FED003FR1Concat.csv
32.0,F_52_Fobbs_FR1_FED003FR1Concat.csv
25.0,F_52_Fobbs_FR1_FED003FR1Concat.csv
26.0,F_52_Fobbs_FR1_FED003FR1Concat.csv
28.0,F_52_Fobbs_FR1_FED003FR1Concat.csv
20.0,F_52_Fobbs_FR1_FED003FR1Concat.csv
28.0,F_52_Fobbs_FR1_FED003FR1Concat.csv
23.0,F_52_Fobbs_FR1_FED003FR1Concat.csv
2397.0,F_52_Fobbs_FR1_FED003FR1Concat.csv
80.0,F_53_Fobbs_FR1_FED011FR1Concat.csv
50.0,F_53_Fobbs_FR1_FED011FR1Concat.csv
6197.0,F_53_Fobbs_FR1_FED011FR1Concat.csv
6719.0,F_53_Fobbs_FR1_FED011FR1Concat.csv
41.0,F_53_Fobbs_FR1_FED011FR1Concat.csv
194.0,F_53_Fobbs_FR1_FED011FR1Concat.csv
72.0,F_53_Fobbs_FR1_FED011FR1Concat.csv
36.0,F_53_Fobbs_FR1_FED011FR1Concat.csv
562.0,F_53_Fobbs_FR1_FED011FR1Concat.csv
48.0,F_53_Fobbs_FR1_FED011FR1Concat.csv
11621.0,F_53_Fobbs_FR1_FED011FR1Concat.csv
337.0,F_53_Fobbs_FR1_FED011FR1Concat.csv
43.0,F_53_Fobbs_FR1_FED011FR1Concat.csv
56.0,F_53_Fobbs_FR1_FED011FR1Concat.csv
37.0,F_53_Fobbs_FR1_FED011FR1Concat.csv
215.0,F_53_Fobbs_FR1_FED011FR1Concat.csv
118.0,F_53_Fobbs_FR1_FED011FR1Concat.csv
91.0,F_53_Fobbs_FR1_FED011FR1Concat.csv
21.0,F_53_Fobbs_FR1_FED011FR1Concat.csv
20.0,F_53_Fobbs_FR1_FED011FR1Concat.csv
21.0,F_53_Fobbs_FR1_FED011FR1Concat.csv
22.0,F_53_Fobbs_FR1_FED011FR1Concat.csv
30.0,F_53_Fobbs_FR1_FED011FR1Concat.csv
25.0,F_53_Fobbs_FR1_FED011FR1Concat.csv
21.0,F_53_Fobbs_FR1_FED011FR1Concat.csv
22.0,F_53_Fobbs_FR1_FED011FR1Concat.csv
297.0,F_53_Fobbs_FR1_FED011FR1Concat.csv
36.0,F_53_Fobbs_FR1_FED011FR1Concat.csv
1360.0,F_53_Fobbs_FR1_FED011FR1Concat.csv
38.0,F_53_Fobbs_FR1_FED011FR1Concat.csv
154.0,F_53_Fobbs_FR1_FED011FR1Concat.csv
701.0,F_53_Fobbs_FR1_FED011FR1Concat.csv
30.0,F_53_Fobbs_FR1_FED011FR1Concat.csv
39.0,F_53_Fobbs_FR1_FED011FR1Concat.csv
24.0,F_53_Fobbs_FR1_FED011FR1Concat.csv
25.0,F_53_Fobbs_FR1_FED011FR1Concat.csv
55.0,F_53_Fobbs_FR1_FED011FR1Concat.csv
38.0,F_53_Fobbs_FR1_FED011FR1Concat.csv
25.0,F_53_Fobbs_FR1_FED011FR1Concat.csv
25.0,F_53_Fobbs_FR1_FED011FR1Concat.csv
20.0,F_53_Fobbs_FR1_FED011FR1Concat.csv
27.0,F_53_Fobbs_FR1_FED011FR1Concat.csv
734.0,F_53_Fobbs_FR1_FED011FR1Concat.csv
76.0,F_53_Fobbs_FR1_FED011FR1Concat.csv
29.0,F_53_Fobbs_FR1_FED011FR1Concat.csv
23.0,F_53_Fobbs_FR1_FED011FR1Concat.csv
26.0,F_53_Fobbs_FR1_FED011FR1Concat.csv
501.0,F_53_Fobbs_FR1_FED011FR1Concat.csv
131.0,F_53_Fobbs_FR1_FED011FR1Concat.csv
41.0,F_53_Fobbs_FR1_FED011FR1Concat.csv
33.0,F_53_Fobbs_FR1_FED011FR1Concat.csv
556.0,F_53_Fobbs_FR1_FED011FR1Concat.csv
33.0,F_53_Fobbs_FR1_FED011FR1Concat.csv
22.0,F_53_Fobbs_FR1_FED011FR1Concat.csv
27.0,F_53_Fobbs_FR1_FED011FR1Concat.csv
257.0,F_53_Fobbs_FR1_FED011FR1Concat.csv
22.0,F_53_Fobbs_FR1_FED011FR1Concat.csv
31.0,F_53_Fobbs_FR1_FED011FR1Concat.csv
26.0,F_53_Fobbs_FR1_FED011FR1Concat.csv
17.0,F_53_Fobbs_FR1_FED011FR1Concat.csv
25.0,F_53_Fobbs_FR1_FED011FR1Concat.csv
6709.0,F_53_Fobbs_FR1_FED011FR1Concat.csv
38.0,F_53_Fobbs_FR1_FED011FR1Concat.csv
33.0,F_53_Fobbs_FR1_FED011FR1Concat.csv
99.0,F_53_Fobbs_FR1_FED011FR1Concat.csv
34.0,F_53_Fobbs_FR1_FED011FR1Concat.csv
33.0,F_53_Fobbs_FR1_FED011FR1Concat.csv
22.0,F_53_Fobbs_FR1_FED011FR1Concat.csv
28.0,F_53_Fobbs_FR1_FED011FR1Concat.csv
24.0,F_53_Fobbs_FR1_FED011FR1Concat.csv
18.0,F_53_Fobbs_FR1_FED011FR1Concat.csv
28.0,F_53_Fobbs_FR1_FED011FR1Concat.csv
20.0,F_53_Fobbs_FR1_FED011FR1Concat.csv
18.0,F_53_Fobbs_FR1_FED011FR1Concat.csv
20.0,F_53_Fobbs_FR1_FED011FR1Concat.csv
1497.0,F_53_Fobbs_FR1_FED011FR1Concat.csv
24.0,F_53_Fobbs_FR1_FED011FR1Concat.csv
24.0,F_53_Fobbs_FR1_FED011FR1Concat.csv
5576.0,F_53_Fobbs_FR1_FED011FR1Concat.csv
25.0,F_53_Fobbs_FR1_FED011FR1Concat.csv
20.0,F_53_Fobbs_FR1_FED011FR1Concat.csv
24.0,F_53_Fobbs_FR1_FED011FR1Concat.csv
24.0,F_53_Fobbs_FR1_FED011FR1Concat.csv
32.0,F_53_Fobbs_FR1_FED011FR1Concat.csv
42.0,F_53_Fobbs_FR1_FED011FR1Concat.csv
21.0,F_53_Fobbs_FR1_FED011FR1Concat.csv
1595.0,F_53_Fobbs_FR1_FED011FR1Concat.csv
190.0,F_53_Fobbs_FR1_FED011FR1Concat.csv
31.0,F_53_Fobbs_FR1_FED011FR1Concat.csv
637.0,F_53_Fobbs_FR1_FED011FR1Concat.csv
30.0,F_53_Fobbs_FR1_FED011FR1Concat.csv
22.0,F_53_Fobbs_FR1_FED011FR1Concat.csv
24.0,F_53_Fobbs_FR1_FED011FR1Concat.csv
23.0,F_53_Fobbs_FR1_FED011FR1Concat.csv
17.0,F_53_Fobbs_FR1_FED011FR1Concat.csv
19.0,F_53_Fobbs_FR1_FED011FR1Concat.csv
18.0,F_53_Fobbs_FR1_FED011FR1Concat.csv
32.0,F_53_Fobbs_FR1_FED011FR1Concat.csv
42.0,F_53_Fobbs_FR1_FED011FR1Concat.csv
22.0,F_53_Fobbs_FR1_FED011FR1Concat.csv
24.0,F_53_Fobbs_FR1_FED011FR1Concat.csv
1225.0,F_53_Fobbs_FR1_FED011FR1Concat.csv
103.0,F_53_Fobbs_FR1_FED011FR1Concat.csv
21.0,F_53_Fobbs_FR1_FED011FR1Concat.csv
47.0,F_53_Fobbs_FR1_FED011FR1Concat.csv
28.0,F_53_Fobbs_FR1_FED011FR1Concat.csv
24.0,F_53_Fobbs_FR1_FED011FR1Concat.csv
6215.0,F_53_Fobbs_FR1_FED011FR1Concat.csv
26.0,F_53_Fobbs_FR1_FED011FR1Concat.csv
26.0,F_53_Fobbs_FR1_FED011FR1Concat.csv
28.0,F_53_Fobbs_FR1_FED011FR1Concat.csv
18.0,F_53_Fobbs_FR1_FED011FR1Concat.csv
40.0,F_53_Fobbs_FR1_FED011FR1Concat.csv
13.0,F_53_Fobbs_FR1_FED011FR1Concat.csv
20.0,F_53_Fobbs_FR1_FED011FR1Concat.csv
22.0,F_53_Fobbs_FR1_FED011FR1Concat.csv
429.0,F_53_Fobbs_FR1_FED011FR1Concat.csv
458.0,F_53_Fobbs_FR1_FED011FR1Concat.csv
21.0,F_53_Fobbs_FR1_FED011FR1Concat.csv
15.0,F_53_Fobbs_FR1_FED011FR1Concat.csv
17.0,F_53_Fobbs_FR1_FED011FR1Concat.csv
17.0,F_53_Fobbs_FR1_FED011FR1Concat.csv
16.0,F_53_Fobbs_FR1_FED011FR1Concat.csv
555.0,F_53_Fobbs_FR1_FED011FR1Concat.csv
17.0,F_53_Fobbs_FR1_FED011FR1Concat.csv
23.0,F_53_Fobbs_FR1_FED011FR1Concat.csv
18.0,F_53_Fobbs_FR1_FED011FR1Concat.csv
17.0,F_53_Fobbs_FR1_FED011FR1Concat.csv
16.0,F_53_Fobbs_FR1_FED011FR1Concat.csv
20.0,F_53_Fobbs_FR1_FED011FR1Concat.csv
27.0,F_53_Fobbs_FR1_FED011FR1Concat.csv
14.0,F_53_Fobbs_FR1_FED011FR1Concat.csv
17.0,F_53_Fobbs_FR1_FED011FR1Concat.csv
23.0,F_53_Fobbs_FR1_FED011FR1Concat.csv
1761.0,F_53_Fobbs_FR1_FED011FR1Concat.csv
28.0,F_53_Fobbs_FR1_FED011FR1Concat.csv
20.0,F_53_Fobbs_FR1_FED011FR1Concat.csv
70.0,F_53_Fobbs_FR1_FED011FR1Concat.csv
16.0,F_53_Fobbs_FR1_FED011FR1Concat.csv
617.0,F_53_Fobbs_FR1_FED011FR1Concat.csv
4102.0,F_53_Fobbs_FR1_FED011FR1Concat.csv
812.0,F_53_Fobbs_FR1_FED011FR1Concat.csv
21.0,F_53_Fobbs_FR1_FED011FR1Concat.csv
21.0,F_53_Fobbs_FR1_FED011FR1Concat.csv
20.0,F_53_Fobbs_FR1_FED011FR1Concat.csv
26.0,F_53_Fobbs_FR1_FED011FR1Concat.csv
24.0,F_53_Fobbs_FR1_FED011FR1Concat.csv
18.0,F_53_Fobbs_FR1_FED011FR1Concat.csv
7367.0,F_53_Fobbs_FR1_FED011FR1Concat.csv
526.0,F_53_Fobbs_FR1_FED011FR1Concat.csv
44.0,F_53_Fobbs_FR1_FED011FR1Concat.csv
46.0,F_53_Fobbs_FR1_FED011FR1Concat.csv
32.0,F_53_Fobbs_FR1_FED011FR1Concat.csv
25.0,F_53_Fobbs_FR1_FED011FR1Concat.csv
52.0,F_54_Fobbs_FR1_FED012FR1Concat.csv
48.0,F_54_Fobbs_FR1_FED012FR1Concat.csv
12860.0,F_54_Fobbs_FR1_FED012FR1Concat.csv
2633.0,F_54_Fobbs_FR1_FED012FR1Concat.csv
11792.0,F_54_Fobbs_FR1_FED012FR1Concat.csv
529.0,F_54_Fobbs_FR1_FED012FR1Concat.csv
214.0,F_54_Fobbs_FR1_FED012FR1Concat.csv
315.0,F_54_Fobbs_FR1_FED012FR1Concat.csv
4250.0,F_54_Fobbs_FR1_FED012FR1Concat.csv
2102.0,F_54_Fobbs_FR1_FED012FR1Concat.csv
159.0,F_54_Fobbs_FR1_FED012FR1Concat.csv
449.0,F_54_Fobbs_FR1_FED012FR1Concat.csv
389.0,F_54_Fobbs_FR1_FED012FR1Concat.csv
25.0,F_54_Fobbs_FR1_FED012FR1Concat.csv
37.0,F_54_Fobbs_FR1_FED012FR1Concat.csv
42.0,F_54_Fobbs_FR1_FED012FR1Concat.csv
35.0,F_54_Fobbs_FR1_FED012FR1Concat.csv
21.0,F_54_Fobbs_FR1_FED012FR1Concat.csv
29.0,F_54_Fobbs_FR1_FED012FR1Concat.csv
26.0,F_54_Fobbs_FR1_FED012FR1Concat.csv
24.0,F_54_Fobbs_FR1_FED012FR1Concat.csv
110.0,F_54_Fobbs_FR1_FED012FR1Concat.csv
43.0,F_54_Fobbs_FR1_FED012FR1Concat.csv
46.0,F_54_Fobbs_FR1_FED012FR1Concat.csv
1455.0,F_54_Fobbs_FR1_FED012FR1Concat.csv
61.0,F_54_Fobbs_FR1_FED012FR1Concat.csv
31.0,F_54_Fobbs_FR1_FED012FR1Concat.csv
25.0,F_54_Fobbs_FR1_FED012FR1Concat.csv
32.0,F_54_Fobbs_FR1_FED012FR1Concat.csv
34.0,F_54_Fobbs_FR1_FED012FR1Concat.csv
22.0,F_54_Fobbs_FR1_FED012FR1Concat.csv
27.0,F_54_Fobbs_FR1_FED012FR1Concat.csv
39.0,F_54_Fobbs_FR1_FED012FR1Concat.csv
69.0,F_54_Fobbs_FR1_FED012FR1Concat.csv
22.0,F_54_Fobbs_FR1_FED012FR1Concat.csv
431.0,F_54_Fobbs_FR1_FED012FR1Concat.csv
27.0,F_54_Fobbs_FR1_FED012FR1Concat.csv
765.0,F_54_Fobbs_FR1_FED012FR1Concat.csv
145.0,F_54_Fobbs_FR1_FED012FR1Concat.csv
40.0,F_54_Fobbs_FR1_FED012FR1Concat.csv
31.0,F_54_Fobbs_FR1_FED012FR1Concat.csv
28.0,F_54_Fobbs_FR1_FED012FR1Concat.csv
20.0,F_54_Fobbs_FR1_FED012FR1Concat.csv
270.0,F_54_Fobbs_FR1_FED012FR1Concat.csv
41.0,F_54_Fobbs_FR1_FED012FR1Concat.csv
512.0,F_54_Fobbs_FR1_FED012FR1Concat.csv
47.0,F_54_Fobbs_FR1_FED012FR1Concat.csv
393.0,F_54_Fobbs_FR1_FED012FR1Concat.csv
39.0,F_54_Fobbs_FR1_FED012FR1Concat.csv
52.0,F_54_Fobbs_FR1_FED012FR1Concat.csv
29.0,F_54_Fobbs_FR1_FED012FR1Concat.csv
22.0,F_54_Fobbs_FR1_FED012FR1Concat.csv
20.0,F_54_Fobbs_FR1_FED012FR1Concat.csv
270.0,F_54_Fobbs_FR1_FED012FR1Concat.csv
783.0,F_54_Fobbs_FR1_FED012FR1Concat.csv
58.0,F_54_Fobbs_FR1_FED012FR1Concat.csv
42.0,F_54_Fobbs_FR1_FED012FR1Concat.csv
521.0,F_54_Fobbs_FR1_FED012FR1Concat.csv
264.0,F_54_Fobbs_FR1_FED012FR1Concat.csv
111.0,F_54_Fobbs_FR1_FED012FR1Concat.csv
180.0,F_54_Fobbs_FR1_FED012FR1Concat.csv
202.0,F_54_Fobbs_FR1_FED012FR1Concat.csv
30.0,F_54_Fobbs_FR1_FED012FR1Concat.csv
52.0,F_54_Fobbs_FR1_FED012FR1Concat.csv
29.0,F_54_Fobbs_FR1_FED012FR1Concat.csv
1369.0,F_54_Fobbs_FR1_FED012FR1Concat.csv
31.0,F_54_Fobbs_FR1_FED012FR1Concat.csv
31.0,F_54_Fobbs_FR1_FED012FR1Concat.csv
47.0,F_54_Fobbs_FR1_FED012FR1Concat.csv
450.0,F_54_Fobbs_FR1_FED012FR1Concat.csv
55.0,F_54_Fobbs_FR1_FED012FR1Concat.csv
27.0,F_54_Fobbs_FR1_FED012FR1Concat.csv
28.0,F_54_Fobbs_FR1_FED012FR1Concat.csv
296.0,F_54_Fobbs_FR1_FED012FR1Concat.csv
734.0,F_54_Fobbs_FR1_FED012FR1Concat.csv
34.0,F_54_Fobbs_FR1_FED012FR1Concat.csv
28.0,F_54_Fobbs_FR1_FED012FR1Concat.csv
20.0,F_54_Fobbs_FR1_FED012FR1Concat.csv
25.0,F_54_Fobbs_FR1_FED012FR1Concat.csv
25.0,F_54_Fobbs_FR1_FED012FR1Concat.csv
675.0,F_54_Fobbs_FR1_FED012FR1Concat.csv
8107.0,F_54_Fobbs_FR1_FED012FR1Concat.csv
25.0,F_54_Fobbs_FR1_FED012FR1Concat.csv
42.0,F_54_Fobbs_FR1_FED012FR1Concat.csv
23.0,F_54_Fobbs_FR1_FED012FR1Concat.csv
22.0,F_54_Fobbs_FR1_FED012FR1Concat.csv
21.0,F_54_Fobbs_FR1_FED012FR1Concat.csv
25.0,F_54_Fobbs_FR1_FED012FR1Concat.csv
23.0,F_54_Fobbs_FR1_FED012FR1Concat.csv
23.0,F_54_Fobbs_FR1_FED012FR1Concat.csv
24.0,F_54_Fobbs_FR1_FED012FR1Concat.csv
24.0,F_54_Fobbs_FR1_FED012FR1Concat.csv
2267.0,F_54_Fobbs_FR1_FED012FR1Concat.csv
27.0,F_54_Fobbs_FR1_FED012FR1Concat.csv
22.0,F_54_Fobbs_FR1_FED012FR1Concat.csv
31.0,F_54_Fobbs_FR1_FED012FR1Concat.csv
19.0,F_54_Fobbs_FR1_FED012FR1Concat.csv
20.0,F_54_Fobbs_FR1_FED012FR1Concat.csv
26.0,F_54_Fobbs_FR1_FED012FR1Concat.csv
19.0,F_54_Fobbs_FR1_FED012FR1Concat.csv
1855.0,F_54_Fobbs_FR1_FED012FR1Concat.csv
1086.0,F_54_Fobbs_FR1_FED012FR1Concat.csv
27.0,F_54_Fobbs_FR1_FED012FR1Concat.csv
22.0,F_54_Fobbs_FR1_FED012FR1Concat.csv
31.0,F_54_Fobbs_FR1_FED012FR1Concat.csv
23.0,F_54_Fobbs_FR1_FED012FR1Concat.csv
30.0,F_54_Fobbs_FR1_FED012FR1Concat.csv
27.0,F_54_Fobbs_FR1_FED012FR1Concat.csv
2313.0,F_54_Fobbs_FR1_FED012FR1Concat.csv
55.0,F_54_Fobbs_FR1_FED012FR1Concat.csv
50.0,F_54_Fobbs_FR1_FED012FR1Concat.csv
31.0,F_54_Fobbs_FR1_FED012FR1Concat.csv
1118.0,F_54_Fobbs_FR1_FED012FR1Concat.csv
441.0,F_54_Fobbs_FR1_FED012FR1Concat.csv
57.0,F_54_Fobbs_FR1_FED012FR1Concat.csv
32.0,F_54_Fobbs_FR1_FED012FR1Concat.csv
16.0,F_54_Fobbs_FR1_FED012FR1Concat.csv
21.0,F_54_Fobbs_FR1_FED012FR1Concat.csv
19.0,F_54_Fobbs_FR1_FED012FR1Concat.csv
24.0,F_54_Fobbs_FR1_FED012FR1Concat.csv
704.0,F_54_Fobbs_FR1_FED012FR1Concat.csv
70.0,F_54_Fobbs_FR1_FED012FR1Concat.csv
345.0,F_54_Fobbs_FR1_FED012FR1Concat.csv
37.0,F_54_Fobbs_FR1_FED012FR1Concat.csv
179.0,F_54_Fobbs_FR1_FED012FR1Concat.csv
561.0,F_54_Fobbs_FR1_FED012FR1Concat.csv
26.0,F_54_Fobbs_FR1_FED012FR1Concat.csv
18.0,F_54_Fobbs_FR1_FED012FR1Concat.csv
26.0,F_54_Fobbs_FR1_FED012FR1Concat.csv
66.0,F_54_Fobbs_FR1_FED012FR1Concat.csv
312.0,F_54_Fobbs_FR1_FED012FR1Concat.csv
591.0,F_54_Fobbs_FR1_FED012FR1Concat.csv
51.0,F_54_Fobbs_FR1_FED012FR1Concat.csv
35.0,F_54_Fobbs_FR1_FED012FR1Concat.csv
22.0,F_54_Fobbs_FR1_FED012FR1Concat.csv
18.0,F_54_Fobbs_FR1_FED012FR1Concat.csv
17.0,F_54_Fobbs_FR1_FED012FR1Concat.csv
36.0,F_54_Fobbs_FR1_FED012FR1Concat.csv
333.0,F_54_Fobbs_FR1_FED012FR1Concat.csv
431.0,F_54_Fobbs_FR1_FED012FR1Concat.csv
943.0,F_54_Fobbs_FR1_FED012FR1Concat.csv
32.0,F_54_Fobbs_FR1_FED012FR1Concat.csv
391.0,F_54_Fobbs_FR1_FED012FR1Concat.csv
145.0,F_54_Fobbs_FR1_FED012FR1Concat.csv
61.0,F_54_Fobbs_FR1_FED012FR1Concat.csv
343.0,F_54_Fobbs_FR1_FED012FR1Concat.csv
19.0,F_54_Fobbs_FR1_FED012FR1Concat.csv
405.0,F_54_Fobbs_FR1_FED012FR1Concat.csv
28.0,F_54_Fobbs_FR1_FED012FR1Concat.csv
1346.0,F_54_Fobbs_FR1_FED012FR1Concat.csv
24.0,F_54_Fobbs_FR1_FED012FR1Concat.csv
19.0,F_54_Fobbs_FR1_FED012FR1Concat.csv
18.0,F_54_Fobbs_FR1_FED012FR1Concat.csv
18.0,F_54_Fobbs_FR1_FED012FR1Concat.csv
1602.0,F_54_Fobbs_FR1_FED012FR1Concat.csv
20.0,F_54_Fobbs_FR1_FED012FR1Concat.csv
22.0,F_54_Fobbs_FR1_FED012FR1Concat.csv
32.0,F_54_Fobbs_FR1_FED012FR1Concat.csv
2149.0,F_54_Fobbs_FR1_FED012FR1Concat.csv
430.0,F_54_Fobbs_FR1_FED012FR1Concat.csv
591.0,F_54_Fobbs_FR1_FED012FR1Concat.csv
673.0,F_54_Fobbs_FR1_FED012FR1Concat.csv
155.0,F_54_Fobbs_FR1_FED012FR1Concat.csv
59.0,F_54_Fobbs_FR1_FED012FR1Concat.csv
69.0,F_54_Fobbs_FR1_FED012FR1Concat.csv
1082.0,F_55_Fobbs_FR1_FED013FR1Concat.csv
4805.0,F_55_Fobbs_FR1_FED013FR1Concat.csv
12761.0,F_55_Fobbs_FR1_FED013FR1Concat.csv
295.0,F_55_Fobbs_FR1_FED013FR1Concat.csv
7059.0,F_55_Fobbs_FR1_FED013FR1Concat.csv
11402.0,F_55_Fobbs_FR1_FED013FR1Concat.csv
174.0,F_55_Fobbs_FR1_FED013FR1Concat.csv
68.0,F_55_Fobbs_FR1_FED013FR1Concat.csv
60.0,F_55_Fobbs_FR1_FED013FR1Concat.csv
36.0,F_55_Fobbs_FR1_FED013FR1Concat.csv
44.0,F_55_Fobbs_FR1_FED013FR1Concat.csv
63.0,F_55_Fobbs_FR1_FED013FR1Concat.csv
39.0,F_55_Fobbs_FR1_FED013FR1Concat.csv
74.0,F_55_Fobbs_FR1_FED013FR1Concat.csv
1220.0,F_55_Fobbs_FR1_FED013FR1Concat.csv
57.0,F_55_Fobbs_FR1_FED013FR1Concat.csv
43.0,F_55_Fobbs_FR1_FED013FR1Concat.csv
43.0,F_55_Fobbs_FR1_FED013FR1Concat.csv
42.0,F_55_Fobbs_FR1_FED013FR1Concat.csv
37.0,F_55_Fobbs_FR1_FED013FR1Concat.csv
22.0,F_55_Fobbs_FR1_FED013FR1Concat.csv
35.0,F_55_Fobbs_FR1_FED013FR1Concat.csv
70.0,F_55_Fobbs_FR1_FED013FR1Concat.csv
74.0,F_55_Fobbs_FR1_FED013FR1Concat.csv
26.0,F_55_Fobbs_FR1_FED013FR1Concat.csv
32.0,F_55_Fobbs_FR1_FED013FR1Concat.csv
70.0,F_55_Fobbs_FR1_FED013FR1Concat.csv
121.0,F_55_Fobbs_FR1_FED013FR1Concat.csv
23.0,F_55_Fobbs_FR1_FED013FR1Concat.csv
1117.0,F_55_Fobbs_FR1_FED013FR1Concat.csv
41.0,F_55_Fobbs_FR1_FED013FR1Concat.csv
28.0,F_55_Fobbs_FR1_FED013FR1Concat.csv
35.0,F_55_Fobbs_FR1_FED013FR1Concat.csv
505.0,F_55_Fobbs_FR1_FED013FR1Concat.csv
46.0,F_55_Fobbs_FR1_FED013FR1Concat.csv
25.0,F_55_Fobbs_FR1_FED013FR1Concat.csv
21.0,F_55_Fobbs_FR1_FED013FR1Concat.csv
21.0,F_55_Fobbs_FR1_FED013FR1Concat.csv
1610.0,F_55_Fobbs_FR1_FED013FR1Concat.csv
23.0,F_55_Fobbs_FR1_FED013FR1Concat.csv
22.0,F_55_Fobbs_FR1_FED013FR1Concat.csv
24.0,F_55_Fobbs_FR1_FED013FR1Concat.csv
17.0,F_55_Fobbs_FR1_FED013FR1Concat.csv
31.0,F_55_Fobbs_FR1_FED013FR1Concat.csv
21.0,F_55_Fobbs_FR1_FED013FR1Concat.csv
44.0,F_55_Fobbs_FR1_FED013FR1Concat.csv
23.0,F_55_Fobbs_FR1_FED013FR1Concat.csv
112.0,F_55_Fobbs_FR1_FED013FR1Concat.csv
751.0,F_55_Fobbs_FR1_FED013FR1Concat.csv
350.0,F_55_Fobbs_FR1_FED013FR1Concat.csv
595.0,F_55_Fobbs_FR1_FED013FR1Concat.csv
24.0,F_55_Fobbs_FR1_FED013FR1Concat.csv
34.0,F_55_Fobbs_FR1_FED013FR1Concat.csv
23.0,F_55_Fobbs_FR1_FED013FR1Concat.csv
30.0,F_55_Fobbs_FR1_FED013FR1Concat.csv
27.0,F_55_Fobbs_FR1_FED013FR1Concat.csv
102.0,F_55_Fobbs_FR1_FED013FR1Concat.csv
289.0,F_55_Fobbs_FR1_FED013FR1Concat.csv
76.0,F_55_Fobbs_FR1_FED013FR1Concat.csv
544.0,F_55_Fobbs_FR1_FED013FR1Concat.csv
49.0,F_55_Fobbs_FR1_FED013FR1Concat.csv
753.0,F_55_Fobbs_FR1_FED013FR1Concat.csv
33.0,F_55_Fobbs_FR1_FED013FR1Concat.csv
21.0,F_55_Fobbs_FR1_FED013FR1Concat.csv
20.0,F_55_Fobbs_FR1_FED013FR1Concat.csv
26.0,F_55_Fobbs_FR1_FED013FR1Concat.csv
15.0,F_55_Fobbs_FR1_FED013FR1Concat.csv
172.0,F_55_Fobbs_FR1_FED013FR1Concat.csv
42.0,F_55_Fobbs_FR1_FED013FR1Concat.csv
303.0,F_55_Fobbs_FR1_FED013FR1Concat.csv
134.0,F_55_Fobbs_FR1_FED013FR1Concat.csv
84.0,F_55_Fobbs_FR1_FED013FR1Concat.csv
236.0,F_55_Fobbs_FR1_FED013FR1Concat.csv
621.0,F_55_Fobbs_FR1_FED013FR1Concat.csv
23.0,F_55_Fobbs_FR1_FED013FR1Concat.csv
15.0,F_55_Fobbs_FR1_FED013FR1Concat.csv
15.0,F_55_Fobbs_FR1_FED013FR1Concat.csv
16.0,F_55_Fobbs_FR1_FED013FR1Concat.csv
25.0,F_55_Fobbs_FR1_FED013FR1Concat.csv
19.0,F_55_Fobbs_FR1_FED013FR1Concat.csv
11.0,F_55_Fobbs_FR1_FED013FR1Concat.csv
15.0,F_55_Fobbs_FR1_FED013FR1Concat.csv
16.0,F_55_Fobbs_FR1_FED013FR1Concat.csv
592.0,F_55_Fobbs_FR1_FED013FR1Concat.csv
341.0,F_55_Fobbs_FR1_FED013FR1Concat.csv
154.0,F_55_Fobbs_FR1_FED013FR1Concat.csv
712.0,F_55_Fobbs_FR1_FED013FR1Concat.csv
36.0,F_55_Fobbs_FR1_FED013FR1Concat.csv
132.0,F_55_Fobbs_FR1_FED013FR1Concat.csv
630.0,F_55_Fobbs_FR1_FED013FR1Concat.csv
33.0,F_55_Fobbs_FR1_FED013FR1Concat.csv
26.0,F_55_Fobbs_FR1_FED013FR1Concat.csv
12.0,F_55_Fobbs_FR1_FED013FR1Concat.csv
20.0,F_55_Fobbs_FR1_FED013FR1Concat.csv
20.0,F_55_Fobbs_FR1_FED013FR1Concat.csv
136.0,F_55_Fobbs_FR1_FED013FR1Concat.csv
39.0,F_55_Fobbs_FR1_FED013FR1Concat.csv
787.0,F_55_Fobbs_FR1_FED013FR1Concat.csv
819.0,F_55_Fobbs_FR1_FED013FR1Concat.csv
240.0,F_55_Fobbs_FR1_FED013FR1Concat.csv
35.0,F_55_Fobbs_FR1_FED013FR1Concat.csv
15.0,F_55_Fobbs_FR1_FED013FR1Concat.csv
21.0,F_55_Fobbs_FR1_FED013FR1Concat.csv
15.0,F_55_Fobbs_FR1_FED013FR1Concat.csv
19.0,F_55_Fobbs_FR1_FED013FR1Concat.csv
15.0,F_55_Fobbs_FR1_FED013FR1Concat.csv
489.0,F_55_Fobbs_FR1_FED013FR1Concat.csv
981.0,F_55_Fobbs_FR1_FED013FR1Concat.csv
19.0,F_55_Fobbs_FR1_FED013FR1Concat.csv
4841.0,F_55_Fobbs_FR1_FED013FR1Concat.csv
30.0,F_55_Fobbs_FR1_FED013FR1Concat.csv
39.0,F_55_Fobbs_FR1_FED013FR1Concat.csv
19.0,F_55_Fobbs_FR1_FED013FR1Concat.csv
21.0,F_55_Fobbs_FR1_FED013FR1Concat.csv
17.0,F_55_Fobbs_FR1_FED013FR1Concat.csv
28.0,F_55_Fobbs_FR1_FED013FR1Concat.csv
26.0,F_55_Fobbs_FR1_FED013FR1Concat.csv
2682.0,F_55_Fobbs_FR1_FED013FR1Concat.csv
2060.0,F_55_Fobbs_FR1_FED013FR1Concat.csv
22.0,F_55_Fobbs_FR1_FED013FR1Concat.csv
19.0,F_55_Fobbs_FR1_FED013FR1Concat.csv
23.0,F_55_Fobbs_FR1_FED013FR1Concat.csv
3227.0,F_55_Fobbs_FR1_FED013FR1Concat.csv
24.0,F_55_Fobbs_FR1_FED013FR1Concat.csv
34.0,F_55_Fobbs_FR1_FED013FR1Concat.csv
14.0,F_55_Fobbs_FR1_FED013FR1Concat.csv
33.0,F_55_Fobbs_FR1_FED013FR1Concat.csv
527.0,F_55_Fobbs_FR1_FED013FR1Concat.csv
23.0,F_55_Fobbs_FR1_FED013FR1Concat.csv
23.0,F_55_Fobbs_FR1_FED013FR1Concat.csv
2447.0,F_55_Fobbs_FR1_FED013FR1Concat.csv
24.0,F_55_Fobbs_FR1_FED013FR1Concat.csv
27.0,F_55_Fobbs_FR1_FED013FR1Concat.csv
35.0,F_55_Fobbs_FR1_FED013FR1Concat.csv
14.0,F_55_Fobbs_FR1_FED013FR1Concat.csv
22.0,F_55_Fobbs_FR1_FED013FR1Concat.csv
19.0,F_55_Fobbs_FR1_FED013FR1Concat.csv
19.0,F_55_Fobbs_FR1_FED013FR1Concat.csv
19.0,F_55_Fobbs_FR1_FED013FR1Concat.csv
2005.0,F_55_Fobbs_FR1_FED013FR1Concat.csv
31.0,F_55_Fobbs_FR1_FED013FR1Concat.csv
23.0,F_55_Fobbs_FR1_FED013FR1Concat.csv
25.0,F_55_Fobbs_FR1_FED013FR1Concat.csv
24.0,F_55_Fobbs_FR1_FED013FR1Concat.csv
16.0,F_55_Fobbs_FR1_FED013FR1Concat.csv
18.0,F_55_Fobbs_FR1_FED013FR1Concat.csv
861.0,F_55_Fobbs_FR1_FED013FR1Concat.csv
344.0,F_55_Fobbs_FR1_FED013FR1Concat.csv
173.0,F_55_Fobbs_FR1_FED013FR1Concat.csv
48.0,F_55_Fobbs_FR1_FED013FR1Concat.csv
52.0,F_55_Fobbs_FR1_FED013FR1Concat.csv
804.0,F_55_Fobbs_FR1_FED013FR1Concat.csv
43.0,F_55_Fobbs_FR1_FED013FR1Concat.csv
24.0,F_55_Fobbs_FR1_FED013FR1Concat.csv
18.0,F_55_Fobbs_FR1_FED013FR1Concat.csv
19.0,F_55_Fobbs_FR1_FED013FR1Concat.csv
16.0,F_55_Fobbs_FR1_FED013FR1Concat.csv
488.0,F_55_Fobbs_FR1_FED013FR1Concat.csv
497.0,F_55_Fobbs_FR1_FED013FR1Concat.csv
181.0,F_55_Fobbs_FR1_FED013FR1Concat.csv
700.0,F_55_Fobbs_FR1_FED013FR1Concat.csv
25.0,F_55_Fobbs_FR1_FED013FR1Concat.csv
15.0,F_55_Fobbs_FR1_FED013FR1Concat.csv
19.0,F_55_Fobbs_FR1_FED013FR1Concat.csv
1502.0,F_55_Fobbs_FR1_FED013FR1Concat.csv
34.0,F_55_Fobbs_FR1_FED013FR1Concat.csv
24.0,F_55_Fobbs_FR1_FED013FR1Concat.csv
17.0,F_55_Fobbs_FR1_FED013FR1Concat.csv
19.0,F_55_Fobbs_FR1_FED013FR1Concat.csv
791.0,F_55_Fobbs_FR1_FED013FR1Concat.csv
690.0,F_55_Fobbs_FR1_FED013FR1Concat.csv
15.0,F_55_Fobbs_FR1_FED013FR1Concat.csv
17.0,F_55_Fobbs_FR1_FED013FR1Concat.csv
1532.0,F_55_Fobbs_FR1_FED013FR1Concat.csv
32.0,F_55_Fobbs_FR1_FED013FR1Concat.csv
1482.0,F_55_Fobbs_FR1_FED013FR1Concat.csv
245.0,F_55_Fobbs_FR1_FED013FR1Concat.csv
79.0,F_55_Fobbs_FR1_FED013FR1Concat.csv
169.0,F_55_Fobbs_FR1_FED013FR1Concat.csv
769.0,F_56_Fobbs_FR1_FED014FR1Concat.csv
745.0,F_56_Fobbs_FR1_FED014FR1Concat.csv
13556.0,F_56_Fobbs_FR1_FED014FR1Concat.csv
590.0,F_56_Fobbs_FR1_FED014FR1Concat.csv
616.0,F_56_Fobbs_FR1_FED014FR1Concat.csv
297.0,F_56_Fobbs_FR1_FED014FR1Concat.csv
487.0,F_56_Fobbs_FR1_FED014FR1Concat.csv
1467.0,F_56_Fobbs_FR1_FED014FR1Concat.csv
9524.0,F_56_Fobbs_FR1_FED014FR1Concat.csv
149.0,F_56_Fobbs_FR1_FED014FR1Concat.csv
5577.0,F_56_Fobbs_FR1_FED014FR1Concat.csv
57.0,F_56_Fobbs_FR1_FED014FR1Concat.csv
106.0,F_56_Fobbs_FR1_FED014FR1Concat.csv
60.0,F_56_Fobbs_FR1_FED014FR1Concat.csv
90.0,F_56_Fobbs_FR1_FED014FR1Concat.csv
49.0,F_56_Fobbs_FR1_FED014FR1Concat.csv
54.0,F_56_Fobbs_FR1_FED014FR1Concat.csv
322.0,F_56_Fobbs_FR1_FED014FR1Concat.csv
82.0,F_56_Fobbs_FR1_FED014FR1Concat.csv
1975.0,F_56_Fobbs_FR1_FED014FR1Concat.csv
418.0,F_56_Fobbs_FR1_FED014FR1Concat.csv
441.0,F_56_Fobbs_FR1_FED014FR1Concat.csv
82.0,F_56_Fobbs_FR1_FED014FR1Concat.csv
63.0,F_56_Fobbs_FR1_FED014FR1Concat.csv
465.0,F_56_Fobbs_FR1_FED014FR1Concat.csv
34.0,F_56_Fobbs_FR1_FED014FR1Concat.csv
84.0,F_56_Fobbs_FR1_FED014FR1Concat.csv
36.0,F_56_Fobbs_FR1_FED014FR1Concat.csv
353.0,F_56_Fobbs_FR1_FED014FR1Concat.csv
42.0,F_56_Fobbs_FR1_FED014FR1Concat.csv
145.0,F_56_Fobbs_FR1_FED014FR1Concat.csv
186.0,F_56_Fobbs_FR1_FED014FR1Concat.csv
26.0,F_56_Fobbs_FR1_FED014FR1Concat.csv
380.0,F_56_Fobbs_FR1_FED014FR1Concat.csv
259.0,F_56_Fobbs_FR1_FED014FR1Concat.csv
89.0,F_56_Fobbs_FR1_FED014FR1Concat.csv
143.0,F_56_Fobbs_FR1_FED014FR1Concat.csv
348.0,F_56_Fobbs_FR1_FED014FR1Concat.csv
37.0,F_56_Fobbs_FR1_FED014FR1Concat.csv
246.0,F_56_Fobbs_FR1_FED014FR1Concat.csv
165.0,F_56_Fobbs_FR1_FED014FR1Concat.csv
74.0,F_56_Fobbs_FR1_FED014FR1Concat.csv
334.0,F_56_Fobbs_FR1_FED014FR1Concat.csv
152.0,F_56_Fobbs_FR1_FED014FR1Concat.csv
132.0,F_56_Fobbs_FR1_FED014FR1Concat.csv
224.0,F_56_Fobbs_FR1_FED014FR1Concat.csv
99.0,F_56_Fobbs_FR1_FED014FR1Concat.csv
306.0,F_56_Fobbs_FR1_FED014FR1Concat.csv
163.0,F_56_Fobbs_FR1_FED014FR1Concat.csv
4784.0,F_56_Fobbs_FR1_FED014FR1Concat.csv
86.0,F_56_Fobbs_FR1_FED014FR1Concat.csv
58.0,F_56_Fobbs_FR1_FED014FR1Concat.csv
40.0,F_56_Fobbs_FR1_FED014FR1Concat.csv
342.0,F_56_Fobbs_FR1_FED014FR1Concat.csv
35.0,F_56_Fobbs_FR1_FED014FR1Concat.csv
136.0,F_56_Fobbs_FR1_FED014FR1Concat.csv
30.0,F_56_Fobbs_FR1_FED014FR1Concat.csv
77.0,F_56_Fobbs_FR1_FED014FR1Concat.csv
385.0,F_56_Fobbs_FR1_FED014FR1Concat.csv
29.0,F_56_Fobbs_FR1_FED014FR1Concat.csv
36.0,F_56_Fobbs_FR1_FED014FR1Concat.csv
23.0,F_56_Fobbs_FR1_FED014FR1Concat.csv
30.0,F_56_Fobbs_FR1_FED014FR1Concat.csv
329.0,F_56_Fobbs_FR1_FED014FR1Concat.csv
73.0,F_56_Fobbs_FR1_FED014FR1Concat.csv
725.0,F_56_Fobbs_FR1_FED014FR1Concat.csv
37.0,F_56_Fobbs_FR1_FED014FR1Concat.csv
27.0,F_56_Fobbs_FR1_FED014FR1Concat.csv
30.0,F_56_Fobbs_FR1_FED014FR1Concat.csv
29.0,F_56_Fobbs_FR1_FED014FR1Concat.csv
20.0,F_56_Fobbs_FR1_FED014FR1Concat.csv
30.0,F_56_Fobbs_FR1_FED014FR1Concat.csv
524.0,F_56_Fobbs_FR1_FED014FR1Concat.csv
237.0,F_56_Fobbs_FR1_FED014FR1Concat.csv
569.0,F_56_Fobbs_FR1_FED014FR1Concat.csv
33.0,F_56_Fobbs_FR1_FED014FR1Concat.csv
23.0,F_56_Fobbs_FR1_FED014FR1Concat.csv
520.0,F_56_Fobbs_FR1_FED014FR1Concat.csv
206.0,F_56_Fobbs_FR1_FED014FR1Concat.csv
1001.0,F_56_Fobbs_FR1_FED014FR1Concat.csv
91.0,F_56_Fobbs_FR1_FED014FR1Concat.csv
160.0,F_56_Fobbs_FR1_FED014FR1Concat.csv
390.0,F_56_Fobbs_FR1_FED014FR1Concat.csv
361.0,F_56_Fobbs_FR1_FED014FR1Concat.csv
44.0,F_56_Fobbs_FR1_FED014FR1Concat.csv
255.0,F_56_Fobbs_FR1_FED014FR1Concat.csv
188.0,F_56_Fobbs_FR1_FED014FR1Concat.csv
859.0,F_56_Fobbs_FR1_FED014FR1Concat.csv
165.0,F_56_Fobbs_FR1_FED014FR1Concat.csv
8215.0,F_56_Fobbs_FR1_FED014FR1Concat.csv
136.0,F_56_Fobbs_FR1_FED014FR1Concat.csv
35.0,F_56_Fobbs_FR1_FED014FR1Concat.csv
32.0,F_56_Fobbs_FR1_FED014FR1Concat.csv
27.0,F_56_Fobbs_FR1_FED014FR1Concat.csv
37.0,F_56_Fobbs_FR1_FED014FR1Concat.csv
438.0,F_56_Fobbs_FR1_FED014FR1Concat.csv
408.0,F_56_Fobbs_FR1_FED014FR1Concat.csv
806.0,F_56_Fobbs_FR1_FED014FR1Concat.csv
45.0,F_56_Fobbs_FR1_FED014FR1Concat.csv
40.0,F_56_Fobbs_FR1_FED014FR1Concat.csv
40.0,F_56_Fobbs_FR1_FED014FR1Concat.csv
28.0,F_56_Fobbs_FR1_FED014FR1Concat.csv
29.0,F_56_Fobbs_FR1_FED014FR1Concat.csv
1415.0,F_56_Fobbs_FR1_FED014FR1Concat.csv
59.0,F_56_Fobbs_FR1_FED014FR1Concat.csv
27.0,F_56_Fobbs_FR1_FED014FR1Concat.csv
36.0,F_56_Fobbs_FR1_FED014FR1Concat.csv
27.0,F_56_Fobbs_FR1_FED014FR1Concat.csv
1120.0,F_56_Fobbs_FR1_FED014FR1Concat.csv
81.0,F_56_Fobbs_FR1_FED014FR1Concat.csv
36.0,F_56_Fobbs_FR1_FED014FR1Concat.csv
32.0,F_56_Fobbs_FR1_FED014FR1Concat.csv
29.0,F_56_Fobbs_FR1_FED014FR1Concat.csv
1362.0,F_56_Fobbs_FR1_FED014FR1Concat.csv
357.0,F_56_Fobbs_FR1_FED014FR1Concat.csv
67.0,F_56_Fobbs_FR1_FED014FR1Concat.csv
48.0,F_56_Fobbs_FR1_FED014FR1Concat.csv
6711.0,F_56_Fobbs_FR1_FED014FR1Concat.csv
81.0,F_56_Fobbs_FR1_FED014FR1Concat.csv
110.0,F_56_Fobbs_FR1_FED014FR1Concat.csv
113.0,F_56_Fobbs_FR1_FED014FR1Concat.csv
1312.0,F_56_Fobbs_FR1_FED014FR1Concat.csv
363.0,F_56_Fobbs_FR1_FED014FR1Concat.csv
317.0,F_56_Fobbs_FR1_FED014FR1Concat.csv
844.0,F_56_Fobbs_FR1_FED014FR1Concat.csv
926.0,F_56_Fobbs_FR1_FED014FR1Concat.csv
315.0,F_56_Fobbs_FR1_FED014FR1Concat.csv
171.0,F_56_Fobbs_FR1_FED014FR1Concat.csv
635.0,F_56_Fobbs_FR1_FED014FR1Concat.csv
94.0,F_56_Fobbs_FR1_FED014FR1Concat.csv
56.0,F_56_Fobbs_FR1_FED014FR1Concat.csv
661.0,F_56_Fobbs_FR1_FED014FR1Concat.csv
8.0,F_57_Fobbs_FR1_FED015FR1Concat.csv
7328.0,F_57_Fobbs_FR1_FED015FR1Concat.csv
54.0,F_57_Fobbs_FR1_FED015FR1Concat.csv
1122.0,F_57_Fobbs_FR1_FED015FR1Concat.csv
170.0,F_57_Fobbs_FR1_FED015FR1Concat.csv
17449.0,F_57_Fobbs_FR1_FED015FR1Concat.csv
9144.0,F_57_Fobbs_FR1_FED015FR1Concat.csv
846.0,F_57_Fobbs_FR1_FED015FR1Concat.csv
80.0,F_57_Fobbs_FR1_FED015FR1Concat.csv
96.0,F_57_Fobbs_FR1_FED015FR1Concat.csv
38.0,F_57_Fobbs_FR1_FED015FR1Concat.csv
245.0,F_57_Fobbs_FR1_FED015FR1Concat.csv
51.0,F_57_Fobbs_FR1_FED015FR1Concat.csv
39.0,F_57_Fobbs_FR1_FED015FR1Concat.csv
1570.0,F_57_Fobbs_FR1_FED015FR1Concat.csv
196.0,F_57_Fobbs_FR1_FED015FR1Concat.csv
51.0,F_57_Fobbs_FR1_FED015FR1Concat.csv
28.0,F_57_Fobbs_FR1_FED015FR1Concat.csv
59.0,F_57_Fobbs_FR1_FED015FR1Concat.csv
46.0,F_57_Fobbs_FR1_FED015FR1Concat.csv
117.0,F_57_Fobbs_FR1_FED015FR1Concat.csv
459.0,F_57_Fobbs_FR1_FED015FR1Concat.csv
62.0,F_57_Fobbs_FR1_FED015FR1Concat.csv
30.0,F_57_Fobbs_FR1_FED015FR1Concat.csv
343.0,F_57_Fobbs_FR1_FED015FR1Concat.csv
57.0,F_57_Fobbs_FR1_FED015FR1Concat.csv
29.0,F_57_Fobbs_FR1_FED015FR1Concat.csv
31.0,F_57_Fobbs_FR1_FED015FR1Concat.csv
210.0,F_57_Fobbs_FR1_FED015FR1Concat.csv
22.0,F_57_Fobbs_FR1_FED015FR1Concat.csv
42.0,F_57_Fobbs_FR1_FED015FR1Concat.csv
144.0,F_57_Fobbs_FR1_FED015FR1Concat.csv
642.0,F_57_Fobbs_FR1_FED015FR1Concat.csv
28.0,F_57_Fobbs_FR1_FED015FR1Concat.csv
70.0,F_57_Fobbs_FR1_FED015FR1Concat.csv
82.0,F_57_Fobbs_FR1_FED015FR1Concat.csv
440.0,F_57_Fobbs_FR1_FED015FR1Concat.csv
139.0,F_57_Fobbs_FR1_FED015FR1Concat.csv
132.0,F_57_Fobbs_FR1_FED015FR1Concat.csv
128.0,F_57_Fobbs_FR1_FED015FR1Concat.csv
181.0,F_57_Fobbs_FR1_FED015FR1Concat.csv
554.0,F_57_Fobbs_FR1_FED015FR1Concat.csv
136.0,F_57_Fobbs_FR1_FED015FR1Concat.csv
23.0,F_57_Fobbs_FR1_FED015FR1Concat.csv
153.0,F_57_Fobbs_FR1_FED015FR1Concat.csv
55.0,F_57_Fobbs_FR1_FED015FR1Concat.csv
137.0,F_57_Fobbs_FR1_FED015FR1Concat.csv
96.0,F_57_Fobbs_FR1_FED015FR1Concat.csv
98.0,F_57_Fobbs_FR1_FED015FR1Concat.csv
195.0,F_57_Fobbs_FR1_FED015FR1Concat.csv
230.0,F_57_Fobbs_FR1_FED015FR1Concat.csv
446.0,F_57_Fobbs_FR1_FED015FR1Concat.csv
26.0,F_57_Fobbs_FR1_FED015FR1Concat.csv
178.0,F_57_Fobbs_FR1_FED015FR1Concat.csv
61.0,F_57_Fobbs_FR1_FED015FR1Concat.csv
77.0,F_57_Fobbs_FR1_FED015FR1Concat.csv
413.0,F_57_Fobbs_FR1_FED015FR1Concat.csv
3829.0,F_57_Fobbs_FR1_FED015FR1Concat.csv
22.0,F_57_Fobbs_FR1_FED015FR1Concat.csv
44.0,F_57_Fobbs_FR1_FED015FR1Concat.csv
38.0,F_57_Fobbs_FR1_FED015FR1Concat.csv
65.0,F_57_Fobbs_FR1_FED015FR1Concat.csv
969.0,F_57_Fobbs_FR1_FED015FR1Concat.csv
57.0,F_57_Fobbs_FR1_FED015FR1Concat.csv
30.0,F_57_Fobbs_FR1_FED015FR1Concat.csv
18.0,F_57_Fobbs_FR1_FED015FR1Concat.csv
25.0,F_57_Fobbs_FR1_FED015FR1Concat.csv
25.0,F_57_Fobbs_FR1_FED015FR1Concat.csv
561.0,F_57_Fobbs_FR1_FED015FR1Concat.csv
173.0,F_57_Fobbs_FR1_FED015FR1Concat.csv
28.0,F_57_Fobbs_FR1_FED015FR1Concat.csv
236.0,F_57_Fobbs_FR1_FED015FR1Concat.csv
643.0,F_57_Fobbs_FR1_FED015FR1Concat.csv
695.0,F_57_Fobbs_FR1_FED015FR1Concat.csv
77.0,F_57_Fobbs_FR1_FED015FR1Concat.csv
697.0,F_57_Fobbs_FR1_FED015FR1Concat.csv
232.0,F_57_Fobbs_FR1_FED015FR1Concat.csv
39.0,F_57_Fobbs_FR1_FED015FR1Concat.csv
159.0,F_57_Fobbs_FR1_FED015FR1Concat.csv
23.0,F_57_Fobbs_FR1_FED015FR1Concat.csv
24.0,F_57_Fobbs_FR1_FED015FR1Concat.csv
471.0,F_57_Fobbs_FR1_FED015FR1Concat.csv
46.0,F_57_Fobbs_FR1_FED015FR1Concat.csv
426.0,F_57_Fobbs_FR1_FED015FR1Concat.csv
88.0,F_57_Fobbs_FR1_FED015FR1Concat.csv
94.0,F_57_Fobbs_FR1_FED015FR1Concat.csv
902.0,F_57_Fobbs_FR1_FED015FR1Concat.csv
41.0,F_57_Fobbs_FR1_FED015FR1Concat.csv
252.0,F_57_Fobbs_FR1_FED015FR1Concat.csv
646.0,F_57_Fobbs_FR1_FED015FR1Concat.csv
29.0,F_57_Fobbs_FR1_FED015FR1Concat.csv
168.0,F_57_Fobbs_FR1_FED015FR1Concat.csv
15.0,F_57_Fobbs_FR1_FED015FR1Concat.csv
17.0,F_57_Fobbs_FR1_FED015FR1Concat.csv
786.0,F_57_Fobbs_FR1_FED015FR1Concat.csv
197.0,F_57_Fobbs_FR1_FED015FR1Concat.csv
59.0,F_57_Fobbs_FR1_FED015FR1Concat.csv
49.0,F_57_Fobbs_FR1_FED015FR1Concat.csv
8347.0,F_57_Fobbs_FR1_FED015FR1Concat.csv
32.0,F_57_Fobbs_FR1_FED015FR1Concat.csv
26.0,F_57_Fobbs_FR1_FED015FR1Concat.csv
25.0,F_57_Fobbs_FR1_FED015FR1Concat.csv
26.0,F_57_Fobbs_FR1_FED015FR1Concat.csv
21.0,F_57_Fobbs_FR1_FED015FR1Concat.csv
27.0,F_57_Fobbs_FR1_FED015FR1Concat.csv
94.0,F_57_Fobbs_FR1_FED015FR1Concat.csv
154.0,F_57_Fobbs_FR1_FED015FR1Concat.csv
668.0,F_57_Fobbs_FR1_FED015FR1Concat.csv
99.0,F_57_Fobbs_FR1_FED015FR1Concat.csv
178.0,F_57_Fobbs_FR1_FED015FR1Concat.csv
731.0,F_57_Fobbs_FR1_FED015FR1Concat.csv
114.0,F_57_Fobbs_FR1_FED015FR1Concat.csv
656.0,F_57_Fobbs_FR1_FED015FR1Concat.csv
64.0,F_57_Fobbs_FR1_FED015FR1Concat.csv
30.0,F_57_Fobbs_FR1_FED015FR1Concat.csv
61.0,F_57_Fobbs_FR1_FED015FR1Concat.csv
31.0,F_57_Fobbs_FR1_FED015FR1Concat.csv
551.0,F_57_Fobbs_FR1_FED015FR1Concat.csv
47.0,F_57_Fobbs_FR1_FED015FR1Concat.csv
36.0,F_57_Fobbs_FR1_FED015FR1Concat.csv
390.0,F_57_Fobbs_FR1_FED015FR1Concat.csv
1393.0,F_57_Fobbs_FR1_FED015FR1Concat.csv
40.0,F_57_Fobbs_FR1_FED015FR1Concat.csv
354.0,F_57_Fobbs_FR1_FED015FR1Concat.csv
25.0,F_57_Fobbs_FR1_FED015FR1Concat.csv
243.0,F_57_Fobbs_FR1_FED015FR1Concat.csv
28.0,F_57_Fobbs_FR1_FED015FR1Concat.csv
428.0,F_57_Fobbs_FR1_FED015FR1Concat.csv
126.0,F_57_Fobbs_FR1_FED015FR1Concat.csv
7148.0,F_57_Fobbs_FR1_FED015FR1Concat.csv
278.0,F_57_Fobbs_FR1_FED015FR1Concat.csv
132.0,F_57_Fobbs_FR1_FED015FR1Concat.csv
751.0,F_57_Fobbs_FR1_FED015FR1Concat.csv
1492.0,F_57_Fobbs_FR1_FED015FR1Concat.csv
153.0,F_57_Fobbs_FR1_FED015FR1Concat.csv
3115.0,F_57_Fobbs_FR1_FED015FR1Concat.csv
804.0,F_58_Fobbs_FR1_FED024FR1Concat.csv
6687.0,F_58_Fobbs_FR1_FED024FR1Concat.csv
188.0,F_58_Fobbs_FR1_FED024FR1Concat.csv
9699.0,F_58_Fobbs_FR1_FED024FR1Concat.csv
427.0,F_58_Fobbs_FR1_FED024FR1Concat.csv
9762.0,F_58_Fobbs_FR1_FED024FR1Concat.csv
91.0,F_58_Fobbs_FR1_FED024FR1Concat.csv
139.0,F_58_Fobbs_FR1_FED024FR1Concat.csv
180.0,F_58_Fobbs_FR1_FED024FR1Concat.csv
329.0,F_58_Fobbs_FR1_FED024FR1Concat.csv
56.0,F_58_Fobbs_FR1_FED024FR1Concat.csv
278.0,F_58_Fobbs_FR1_FED024FR1Concat.csv
6460.0,F_58_Fobbs_FR1_FED024FR1Concat.csv
53.0,F_58_Fobbs_FR1_FED024FR1Concat.csv
82.0,F_58_Fobbs_FR1_FED024FR1Concat.csv
69.0,F_58_Fobbs_FR1_FED024FR1Concat.csv
31.0,F_58_Fobbs_FR1_FED024FR1Concat.csv
56.0,F_58_Fobbs_FR1_FED024FR1Concat.csv
33.0,F_58_Fobbs_FR1_FED024FR1Concat.csv
26.0,F_58_Fobbs_FR1_FED024FR1Concat.csv
36.0,F_58_Fobbs_FR1_FED024FR1Concat.csv
19.0,F_58_Fobbs_FR1_FED024FR1Concat.csv
70.0,F_58_Fobbs_FR1_FED024FR1Concat.csv
74.0,F_58_Fobbs_FR1_FED024FR1Concat.csv
33.0,F_58_Fobbs_FR1_FED024FR1Concat.csv
75.0,F_58_Fobbs_FR1_FED024FR1Concat.csv
39.0,F_58_Fobbs_FR1_FED024FR1Concat.csv
168.0,F_58_Fobbs_FR1_FED024FR1Concat.csv
42.0,F_58_Fobbs_FR1_FED024FR1Concat.csv
3160.0,F_58_Fobbs_FR1_FED024FR1Concat.csv
39.0,F_58_Fobbs_FR1_FED024FR1Concat.csv
23.0,F_58_Fobbs_FR1_FED024FR1Concat.csv
16.0,F_58_Fobbs_FR1_FED024FR1Concat.csv
26.0,F_58_Fobbs_FR1_FED024FR1Concat.csv
16.0,F_58_Fobbs_FR1_FED024FR1Concat.csv
24.0,F_58_Fobbs_FR1_FED024FR1Concat.csv
38.0,F_58_Fobbs_FR1_FED024FR1Concat.csv
45.0,F_58_Fobbs_FR1_FED024FR1Concat.csv
211.0,F_58_Fobbs_FR1_FED024FR1Concat.csv
990.0,F_58_Fobbs_FR1_FED024FR1Concat.csv
19.0,F_58_Fobbs_FR1_FED024FR1Concat.csv
25.0,F_58_Fobbs_FR1_FED024FR1Concat.csv
22.0,F_58_Fobbs_FR1_FED024FR1Concat.csv
197.0,F_58_Fobbs_FR1_FED024FR1Concat.csv
491.0,F_58_Fobbs_FR1_FED024FR1Concat.csv
256.0,F_58_Fobbs_FR1_FED024FR1Concat.csv
458.0,F_58_Fobbs_FR1_FED024FR1Concat.csv
19.0,F_58_Fobbs_FR1_FED024FR1Concat.csv
13.0,F_58_Fobbs_FR1_FED024FR1Concat.csv
21.0,F_58_Fobbs_FR1_FED024FR1Concat.csv
16.0,F_58_Fobbs_FR1_FED024FR1Concat.csv
24.0,F_58_Fobbs_FR1_FED024FR1Concat.csv
29.0,F_58_Fobbs_FR1_FED024FR1Concat.csv
600.0,F_58_Fobbs_FR1_FED024FR1Concat.csv
18.0,F_58_Fobbs_FR1_FED024FR1Concat.csv
16.0,F_58_Fobbs_FR1_FED024FR1Concat.csv
695.0,F_58_Fobbs_FR1_FED024FR1Concat.csv
115.0,F_58_Fobbs_FR1_FED024FR1Concat.csv
23.0,F_58_Fobbs_FR1_FED024FR1Concat.csv
25.0,F_58_Fobbs_FR1_FED024FR1Concat.csv
21.0,F_58_Fobbs_FR1_FED024FR1Concat.csv
172.0,F_58_Fobbs_FR1_FED024FR1Concat.csv
363.0,F_58_Fobbs_FR1_FED024FR1Concat.csv
79.0,F_58_Fobbs_FR1_FED024FR1Concat.csv
425.0,F_58_Fobbs_FR1_FED024FR1Concat.csv
372.0,F_58_Fobbs_FR1_FED024FR1Concat.csv
595.0,F_58_Fobbs_FR1_FED024FR1Concat.csv
25.0,F_58_Fobbs_FR1_FED024FR1Concat.csv
25.0,F_58_Fobbs_FR1_FED024FR1Concat.csv
405.0,F_58_Fobbs_FR1_FED024FR1Concat.csv
24.0,F_58_Fobbs_FR1_FED024FR1Concat.csv
21.0,F_58_Fobbs_FR1_FED024FR1Concat.csv
16.0,F_58_Fobbs_FR1_FED024FR1Concat.csv
103.0,F_58_Fobbs_FR1_FED024FR1Concat.csv
30.0,F_58_Fobbs_FR1_FED024FR1Concat.csv
87.0,F_58_Fobbs_FR1_FED024FR1Concat.csv
339.0,F_58_Fobbs_FR1_FED024FR1Concat.csv
14.0,F_58_Fobbs_FR1_FED024FR1Concat.csv
20.0,F_58_Fobbs_FR1_FED024FR1Concat.csv
748.0,F_58_Fobbs_FR1_FED024FR1Concat.csv
45.0,F_58_Fobbs_FR1_FED024FR1Concat.csv
328.0,F_58_Fobbs_FR1_FED024FR1Concat.csv
24.0,F_58_Fobbs_FR1_FED024FR1Concat.csv
20.0,F_58_Fobbs_FR1_FED024FR1Concat.csv
19.0,F_58_Fobbs_FR1_FED024FR1Concat.csv
42.0,F_58_Fobbs_FR1_FED024FR1Concat.csv
18.0,F_58_Fobbs_FR1_FED024FR1Concat.csv
23.0,F_58_Fobbs_FR1_FED024FR1Concat.csv
177.0,F_58_Fobbs_FR1_FED024FR1Concat.csv
20.0,F_58_Fobbs_FR1_FED024FR1Concat.csv
586.0,F_58_Fobbs_FR1_FED024FR1Concat.csv
36.0,F_58_Fobbs_FR1_FED024FR1Concat.csv
273.0,F_58_Fobbs_FR1_FED024FR1Concat.csv
40.0,F_58_Fobbs_FR1_FED024FR1Concat.csv
498.0,F_58_Fobbs_FR1_FED024FR1Concat.csv
24.0,F_58_Fobbs_FR1_FED024FR1Concat.csv
33.0,F_58_Fobbs_FR1_FED024FR1Concat.csv
23.0,F_58_Fobbs_FR1_FED024FR1Concat.csv
307.0,F_58_Fobbs_FR1_FED024FR1Concat.csv
120.0,F_58_Fobbs_FR1_FED024FR1Concat.csv
55.0,F_58_Fobbs_FR1_FED024FR1Concat.csv
311.0,F_58_Fobbs_FR1_FED024FR1Concat.csv
564.0,F_58_Fobbs_FR1_FED024FR1Concat.csv
26.0,F_58_Fobbs_FR1_FED024FR1Concat.csv
27.0,F_58_Fobbs_FR1_FED024FR1Concat.csv
18.0,F_58_Fobbs_FR1_FED024FR1Concat.csv
20.0,F_58_Fobbs_FR1_FED024FR1Concat.csv
61.0,F_58_Fobbs_FR1_FED024FR1Concat.csv
222.0,F_58_Fobbs_FR1_FED024FR1Concat.csv
218.0,F_58_Fobbs_FR1_FED024FR1Concat.csv
45.0,F_58_Fobbs_FR1_FED024FR1Concat.csv
21.0,F_58_Fobbs_FR1_FED024FR1Concat.csv
395.0,F_58_Fobbs_FR1_FED024FR1Concat.csv
47.0,F_58_Fobbs_FR1_FED024FR1Concat.csv
21.0,F_58_Fobbs_FR1_FED024FR1Concat.csv
23.0,F_58_Fobbs_FR1_FED024FR1Concat.csv
25.0,F_58_Fobbs_FR1_FED024FR1Concat.csv
304.0,F_58_Fobbs_FR1_FED024FR1Concat.csv
104.0,F_58_Fobbs_FR1_FED024FR1Concat.csv
277.0,F_58_Fobbs_FR1_FED024FR1Concat.csv
19.0,F_58_Fobbs_FR1_FED024FR1Concat.csv
24.0,F_58_Fobbs_FR1_FED024FR1Concat.csv
269.0,F_58_Fobbs_FR1_FED024FR1Concat.csv
154.0,F_58_Fobbs_FR1_FED024FR1Concat.csv
134.0,F_58_Fobbs_FR1_FED024FR1Concat.csv
182.0,F_58_Fobbs_FR1_FED024FR1Concat.csv
102.0,F_58_Fobbs_FR1_FED024FR1Concat.csv
245.0,F_58_Fobbs_FR1_FED024FR1Concat.csv
413.0,F_58_Fobbs_FR1_FED024FR1Concat.csv
26.0,F_58_Fobbs_FR1_FED024FR1Concat.csv
19.0,F_58_Fobbs_FR1_FED024FR1Concat.csv
20.0,F_58_Fobbs_FR1_FED024FR1Concat.csv
385.0,F_58_Fobbs_FR1_FED024FR1Concat.csv
384.0,F_58_Fobbs_FR1_FED024FR1Concat.csv
48.0,F_58_Fobbs_FR1_FED024FR1Concat.csv
93.0,F_58_Fobbs_FR1_FED024FR1Concat.csv
22.0,F_58_Fobbs_FR1_FED024FR1Concat.csv
595.0,F_58_Fobbs_FR1_FED024FR1Concat.csv
31.0,F_58_Fobbs_FR1_FED024FR1Concat.csv
254.0,F_58_Fobbs_FR1_FED024FR1Concat.csv
4635.0,F_58_Fobbs_FR1_FED024FR1Concat.csv
27.0,F_58_Fobbs_FR1_FED024FR1Concat.csv
24.0,F_58_Fobbs_FR1_FED024FR1Concat.csv
26.0,F_58_Fobbs_FR1_FED024FR1Concat.csv
35.0,F_58_Fobbs_FR1_FED024FR1Concat.csv
171.0,F_58_Fobbs_FR1_FED024FR1Concat.csv
380.0,F_58_Fobbs_FR1_FED024FR1Concat.csv
23.0,F_58_Fobbs_FR1_FED024FR1Concat.csv
32.0,F_58_Fobbs_FR1_FED024FR1Concat.csv
34.0,F_58_Fobbs_FR1_FED024FR1Concat.csv
7752.0,F_58_Fobbs_FR1_FED024FR1Concat.csv
24.0,F_58_Fobbs_FR1_FED024FR1Concat.csv
28.0,F_58_Fobbs_FR1_FED024FR1Concat.csv
27.0,F_58_Fobbs_FR1_FED024FR1Concat.csv
19.0,F_58_Fobbs_FR1_FED024FR1Concat.csv
15.0,F_58_Fobbs_FR1_FED024FR1Concat.csv
26.0,F_58_Fobbs_FR1_FED024FR1Concat.csv
20.0,F_58_Fobbs_FR1_FED024FR1Concat.csv
16.0,F_58_Fobbs_FR1_FED024FR1Concat.csv
29.0,F_58_Fobbs_FR1_FED024FR1Concat.csv
24.0,F_58_Fobbs_FR1_FED024FR1Concat.csv
437.0,F_58_Fobbs_FR1_FED024FR1Concat.csv
22.0,F_58_Fobbs_FR1_FED024FR1Concat.csv
47.0,F_58_Fobbs_FR1_FED024FR1Concat.csv
460.0,F_58_Fobbs_FR1_FED024FR1Concat.csv
370.0,F_58_Fobbs_FR1_FED024FR1Concat.csv
245.0,F_58_Fobbs_FR1_FED024FR1Concat.csv
170.0,F_58_Fobbs_FR1_FED024FR1Concat.csv
79.0,F_58_Fobbs_FR1_FED024FR1Concat.csv
150.0,F_58_Fobbs_FR1_FED024FR1Concat.csv
251.0,F_58_Fobbs_FR1_FED024FR1Concat.csv
76.0,F_58_Fobbs_FR1_FED024FR1Concat.csv
596.0,F_58_Fobbs_FR1_FED024FR1Concat.csv
54.0,F_58_Fobbs_FR1_FED024FR1Concat.csv
493.0,F_58_Fobbs_FR1_FED024FR1Concat.csv
69.0,F_58_Fobbs_FR1_FED024FR1Concat.csv
29.0,F_58_Fobbs_FR1_FED024FR1Concat.csv
15.0,F_58_Fobbs_FR1_FED024FR1Concat.csv
19.0,F_58_Fobbs_FR1_FED024FR1Concat.csv
19.0,F_58_Fobbs_FR1_FED024FR1Concat.csv
30.0,F_58_Fobbs_FR1_FED024FR1Concat.csv
16.0,F_58_Fobbs_FR1_FED024FR1Concat.csv
399.0,F_58_Fobbs_FR1_FED024FR1Concat.csv
582.0,F_58_Fobbs_FR1_FED024FR1Concat.csv
504.0,F_58_Fobbs_FR1_FED024FR1Concat.csv
57.0,F_58_Fobbs_FR1_FED024FR1Concat.csv
52.0,F_58_Fobbs_FR1_FED024FR1Concat.csv
20.0,F_58_Fobbs_FR1_FED024FR1Concat.csv
23.0,F_58_Fobbs_FR1_FED024FR1Concat.csv
17.0,F_58_Fobbs_FR1_FED024FR1Concat.csv
19.0,F_58_Fobbs_FR1_FED024FR1Concat.csv
27.0,F_58_Fobbs_FR1_FED024FR1Concat.csv
847.0,F_58_Fobbs_FR1_FED024FR1Concat.csv
165.0,F_58_Fobbs_FR1_FED024FR1Concat.csv
536.0,F_58_Fobbs_FR1_FED024FR1Concat.csv
61.0,F_58_Fobbs_FR1_FED024FR1Concat.csv
36.0,F_58_Fobbs_FR1_FED024FR1Concat.csv
1022.0,F_58_Fobbs_FR1_FED024FR1Concat.csv
26.0,F_58_Fobbs_FR1_FED024FR1Concat.csv
13.0,F_58_Fobbs_FR1_FED024FR1Concat.csv
28.0,F_58_Fobbs_FR1_FED024FR1Concat.csv
4373.0,F_58_Fobbs_FR1_FED024FR1Concat.csv
185.0,F_58_Fobbs_FR1_FED024FR1Concat.csv
32.0,F_58_Fobbs_FR1_FED024FR1Concat.csv
39.0,F_58_Fobbs_FR1_FED024FR1Concat.csv
224.0,F_58_Fobbs_FR1_FED024FR1Concat.csv
20.0,F_58_Fobbs_FR1_FED024FR1Concat.csv
396.0,F_58_Fobbs_FR1_FED024FR1Concat.csv
62.0,F_58_Fobbs_FR1_FED024FR1Concat.csv
2377.0,F_58_Fobbs_FR1_FED024FR1Concat.csv
195.0,F_58_Fobbs_FR1_FED024FR1Concat.csv
327.0,F_58_Fobbs_FR1_FED024FR1Concat.csv
61.0,M_59_Fobbs_FR1_FED006FR1Concat.csv
291.0,M_59_Fobbs_FR1_FED006FR1Concat.csv
57.0,M_59_Fobbs_FR1_FED006FR1Concat.csv
229.0,M_59_Fobbs_FR1_FED006FR1Concat.csv
151.0,M_59_Fobbs_FR1_FED006FR1Concat.csv
13379.0,M_59_Fobbs_FR1_FED006FR1Concat.csv
334.0,M_59_Fobbs_FR1_FED006FR1Concat.csv
59.0,M_59_Fobbs_FR1_FED006FR1Concat.csv
8350.0,M_59_Fobbs_FR1_FED006FR1Concat.csv
49.0,M_59_Fobbs_FR1_FED006FR1Concat.csv
47.0,M_59_Fobbs_FR1_FED006FR1Concat.csv
2676.0,M_59_Fobbs_FR1_FED006FR1Concat.csv
42.0,M_59_Fobbs_FR1_FED006FR1Concat.csv
33.0,M_59_Fobbs_FR1_FED006FR1Concat.csv
93.0,M_59_Fobbs_FR1_FED006FR1Concat.csv
44.0,M_59_Fobbs_FR1_FED006FR1Concat.csv
303.0,M_59_Fobbs_FR1_FED006FR1Concat.csv
115.0,M_59_Fobbs_FR1_FED006FR1Concat.csv
61.0,M_59_Fobbs_FR1_FED006FR1Concat.csv
42.0,M_59_Fobbs_FR1_FED006FR1Concat.csv
58.0,M_59_Fobbs_FR1_FED006FR1Concat.csv
1553.0,M_59_Fobbs_FR1_FED006FR1Concat.csv
98.0,M_59_Fobbs_FR1_FED006FR1Concat.csv
27.0,M_59_Fobbs_FR1_FED006FR1Concat.csv
33.0,M_59_Fobbs_FR1_FED006FR1Concat.csv
31.0,M_59_Fobbs_FR1_FED006FR1Concat.csv
708.0,M_59_Fobbs_FR1_FED006FR1Concat.csv
27.0,M_59_Fobbs_FR1_FED006FR1Concat.csv
53.0,M_59_Fobbs_FR1_FED006FR1Concat.csv
612.0,M_59_Fobbs_FR1_FED006FR1Concat.csv
36.0,M_59_Fobbs_FR1_FED006FR1Concat.csv
39.0,M_59_Fobbs_FR1_FED006FR1Concat.csv
64.0,M_59_Fobbs_FR1_FED006FR1Concat.csv
32.0,M_59_Fobbs_FR1_FED006FR1Concat.csv
32.0,M_59_Fobbs_FR1_FED006FR1Concat.csv
1496.0,M_59_Fobbs_FR1_FED006FR1Concat.csv
63.0,M_59_Fobbs_FR1_FED006FR1Concat.csv
192.0,M_59_Fobbs_FR1_FED006FR1Concat.csv
100.0,M_59_Fobbs_FR1_FED006FR1Concat.csv
55.0,M_59_Fobbs_FR1_FED006FR1Concat.csv
30.0,M_59_Fobbs_FR1_FED006FR1Concat.csv
20.0,M_59_Fobbs_FR1_FED006FR1Concat.csv
106.0,M_59_Fobbs_FR1_FED006FR1Concat.csv
81.0,M_59_Fobbs_FR1_FED006FR1Concat.csv
38.0,M_59_Fobbs_FR1_FED006FR1Concat.csv
218.0,M_59_Fobbs_FR1_FED006FR1Concat.csv
107.0,M_59_Fobbs_FR1_FED006FR1Concat.csv
142.0,M_59_Fobbs_FR1_FED006FR1Concat.csv
763.0,M_59_Fobbs_FR1_FED006FR1Concat.csv
44.0,M_59_Fobbs_FR1_FED006FR1Concat.csv
458.0,M_59_Fobbs_FR1_FED006FR1Concat.csv
101.0,M_59_Fobbs_FR1_FED006FR1Concat.csv
203.0,M_59_Fobbs_FR1_FED006FR1Concat.csv
27.0,M_59_Fobbs_FR1_FED006FR1Concat.csv
20.0,M_59_Fobbs_FR1_FED006FR1Concat.csv
40.0,M_59_Fobbs_FR1_FED006FR1Concat.csv
28.0,M_59_Fobbs_FR1_FED006FR1Concat.csv
36.0,M_59_Fobbs_FR1_FED006FR1Concat.csv
25.0,M_59_Fobbs_FR1_FED006FR1Concat.csv
22.0,M_59_Fobbs_FR1_FED006FR1Concat.csv
32.0,M_59_Fobbs_FR1_FED006FR1Concat.csv
358.0,M_59_Fobbs_FR1_FED006FR1Concat.csv
643.0,M_59_Fobbs_FR1_FED006FR1Concat.csv
177.0,M_59_Fobbs_FR1_FED006FR1Concat.csv
55.0,M_59_Fobbs_FR1_FED006FR1Concat.csv
66.0,M_59_Fobbs_FR1_FED006FR1Concat.csv
46.0,M_59_Fobbs_FR1_FED006FR1Concat.csv
24.0,M_59_Fobbs_FR1_FED006FR1Concat.csv
24.0,M_59_Fobbs_FR1_FED006FR1Concat.csv
23.0,M_59_Fobbs_FR1_FED006FR1Concat.csv
20.0,M_59_Fobbs_FR1_FED006FR1Concat.csv
26.0,M_59_Fobbs_FR1_FED006FR1Concat.csv
241.0,M_59_Fobbs_FR1_FED006FR1Concat.csv
43.0,M_59_Fobbs_FR1_FED006FR1Concat.csv
22.0,M_59_Fobbs_FR1_FED006FR1Concat.csv
3684.0,M_59_Fobbs_FR1_FED006FR1Concat.csv
55.0,M_59_Fobbs_FR1_FED006FR1Concat.csv
24.0,M_59_Fobbs_FR1_FED006FR1Concat.csv
17.0,M_59_Fobbs_FR1_FED006FR1Concat.csv
22.0,M_59_Fobbs_FR1_FED006FR1Concat.csv
22.0,M_59_Fobbs_FR1_FED006FR1Concat.csv
104.0,M_59_Fobbs_FR1_FED006FR1Concat.csv
290.0,M_59_Fobbs_FR1_FED006FR1Concat.csv
34.0,M_59_Fobbs_FR1_FED006FR1Concat.csv
159.0,M_59_Fobbs_FR1_FED006FR1Concat.csv
84.0,M_59_Fobbs_FR1_FED006FR1Concat.csv
222.0,M_59_Fobbs_FR1_FED006FR1Concat.csv
28.0,M_59_Fobbs_FR1_FED006FR1Concat.csv
17.0,M_59_Fobbs_FR1_FED006FR1Concat.csv
563.0,M_59_Fobbs_FR1_FED006FR1Concat.csv
66.0,M_59_Fobbs_FR1_FED006FR1Concat.csv
31.0,M_59_Fobbs_FR1_FED006FR1Concat.csv
606.0,M_59_Fobbs_FR1_FED006FR1Concat.csv
38.0,M_59_Fobbs_FR1_FED006FR1Concat.csv
78.0,M_59_Fobbs_FR1_FED006FR1Concat.csv
25.0,M_59_Fobbs_FR1_FED006FR1Concat.csv
38.0,M_59_Fobbs_FR1_FED006FR1Concat.csv
148.0,M_59_Fobbs_FR1_FED006FR1Concat.csv
31.0,M_59_Fobbs_FR1_FED006FR1Concat.csv
39.0,M_59_Fobbs_FR1_FED006FR1Concat.csv
13.0,M_59_Fobbs_FR1_FED006FR1Concat.csv
34.0,M_59_Fobbs_FR1_FED006FR1Concat.csv
17.0,M_59_Fobbs_FR1_FED006FR1Concat.csv
21.0,M_59_Fobbs_FR1_FED006FR1Concat.csv
19.0,M_59_Fobbs_FR1_FED006FR1Concat.csv
4062.0,M_59_Fobbs_FR1_FED006FR1Concat.csv
90.0,M_59_Fobbs_FR1_FED006FR1Concat.csv
513.0,M_59_Fobbs_FR1_FED006FR1Concat.csv
39.0,M_59_Fobbs_FR1_FED006FR1Concat.csv
23.0,M_59_Fobbs_FR1_FED006FR1Concat.csv
25.0,M_59_Fobbs_FR1_FED006FR1Concat.csv
2548.0,M_59_Fobbs_FR1_FED006FR1Concat.csv
32.0,M_59_Fobbs_FR1_FED006FR1Concat.csv
24.0,M_59_Fobbs_FR1_FED006FR1Concat.csv
23.0,M_59_Fobbs_FR1_FED006FR1Concat.csv
38.0,M_59_Fobbs_FR1_FED006FR1Concat.csv
21.0,M_59_Fobbs_FR1_FED006FR1Concat.csv
19.0,M_59_Fobbs_FR1_FED006FR1Concat.csv
1944.0,M_59_Fobbs_FR1_FED006FR1Concat.csv
35.0,M_59_Fobbs_FR1_FED006FR1Concat.csv
8830.0,M_59_Fobbs_FR1_FED006FR1Concat.csv
38.0,M_59_Fobbs_FR1_FED006FR1Concat.csv
241.0,M_59_Fobbs_FR1_FED006FR1Concat.csv
295.0,M_59_Fobbs_FR1_FED006FR1Concat.csv
74.0,M_59_Fobbs_FR1_FED006FR1Concat.csv
152.0,M_59_Fobbs_FR1_FED006FR1Concat.csv
368.0,M_59_Fobbs_FR1_FED006FR1Concat.csv
34.0,M_59_Fobbs_FR1_FED006FR1Concat.csv
11020.0,M_59_Fobbs_FR1_FED006FR1Concat.csv
92.0,M_59_Fobbs_FR1_FED006FR1Concat.csv
228.0,M_59_Fobbs_FR1_FED006FR1Concat.csv
314.0,M_59_Fobbs_FR1_FED006FR1Concat.csv
155.0,M_59_Fobbs_FR1_FED006FR1Concat.csv
53.0,M_59_Fobbs_FR1_FED006FR1Concat.csv
94.0,M_59_Fobbs_FR1_FED006FR1Concat.csv
66.0,M_59_Fobbs_FR1_FED006FR1Concat.csv
435.0,M_59_Fobbs_FR1_FED006FR1Concat.csv
249.0,M_59_Fobbs_FR1_FED006FR1Concat.csv
150.0,M_59_Fobbs_FR1_FED006FR1Concat.csv
1074.0,M_59_Fobbs_FR1_FED006FR1Concat.csv
58.0,M_59_Fobbs_FR1_FED006FR1Concat.csv
874.0,M_59_Fobbs_FR1_FED006FR1Concat.csv
30.0,M_59_Fobbs_FR1_FED006FR1Concat.csv
45.0,M_59_Fobbs_FR1_FED006FR1Concat.csv
173.0,M_59_Fobbs_FR1_FED006FR1Concat.csv
570.0,M_59_Fobbs_FR1_FED006FR1Concat.csv
70.0,M_59_Fobbs_FR1_FED006FR1Concat.csv
7704.0,M_59_Fobbs_FR1_FED006FR1Concat.csv
25.0,M_59_Fobbs_FR1_FED006FR1Concat.csv
22.0,M_59_Fobbs_FR1_FED006FR1Concat.csv
20.0,M_59_Fobbs_FR1_FED006FR1Concat.csv
19.0,M_59_Fobbs_FR1_FED006FR1Concat.csv
21.0,M_59_Fobbs_FR1_FED006FR1Concat.csv
17.0,M_59_Fobbs_FR1_FED006FR1Concat.csv
22.0,M_59_Fobbs_FR1_FED006FR1Concat.csv
24.0,M_59_Fobbs_FR1_FED006FR1Concat.csv
260.0,M_59_Fobbs_FR1_FED006FR1Concat.csv
13787.0,M_60_Fobbs_FR1_FED007FR1Concat.csv
104.0,M_60_Fobbs_FR1_FED007FR1Concat.csv
73.0,M_60_Fobbs_FR1_FED007FR1Concat.csv
4687.0,M_60_Fobbs_FR1_FED007FR1Concat.csv
50.0,M_60_Fobbs_FR1_FED007FR1Concat.csv
93.0,M_60_Fobbs_FR1_FED007FR1Concat.csv
72.0,M_60_Fobbs_FR1_FED007FR1Concat.csv
1415.0,M_60_Fobbs_FR1_FED007FR1Concat.csv
201.0,M_60_Fobbs_FR1_FED007FR1Concat.csv
48.0,M_60_Fobbs_FR1_FED007FR1Concat.csv
74.0,M_60_Fobbs_FR1_FED007FR1Concat.csv
173.0,M_60_Fobbs_FR1_FED007FR1Concat.csv
42.0,M_60_Fobbs_FR1_FED007FR1Concat.csv
85.0,M_60_Fobbs_FR1_FED007FR1Concat.csv
84.0,M_60_Fobbs_FR1_FED007FR1Concat.csv
53.0,M_60_Fobbs_FR1_FED007FR1Concat.csv
38.0,M_60_Fobbs_FR1_FED007FR1Concat.csv
25.0,M_60_Fobbs_FR1_FED007FR1Concat.csv
27.0,M_60_Fobbs_FR1_FED007FR1Concat.csv
31.0,M_60_Fobbs_FR1_FED007FR1Concat.csv
39.0,M_60_Fobbs_FR1_FED007FR1Concat.csv
177.0,M_60_Fobbs_FR1_FED007FR1Concat.csv
1211.0,M_60_Fobbs_FR1_FED007FR1Concat.csv
417.0,M_60_Fobbs_FR1_FED007FR1Concat.csv
44.0,M_60_Fobbs_FR1_FED007FR1Concat.csv
31.0,M_60_Fobbs_FR1_FED007FR1Concat.csv
25.0,M_60_Fobbs_FR1_FED007FR1Concat.csv
37.0,M_60_Fobbs_FR1_FED007FR1Concat.csv
37.0,M_60_Fobbs_FR1_FED007FR1Concat.csv
65.0,M_60_Fobbs_FR1_FED007FR1Concat.csv
57.0,M_60_Fobbs_FR1_FED007FR1Concat.csv
140.0,M_60_Fobbs_FR1_FED007FR1Concat.csv
43.0,M_60_Fobbs_FR1_FED007FR1Concat.csv
31.0,M_60_Fobbs_FR1_FED007FR1Concat.csv
32.0,M_60_Fobbs_FR1_FED007FR1Concat.csv
573.0,M_60_Fobbs_FR1_FED007FR1Concat.csv
63.0,M_60_Fobbs_FR1_FED007FR1Concat.csv
579.0,M_60_Fobbs_FR1_FED007FR1Concat.csv
64.0,M_60_Fobbs_FR1_FED007FR1Concat.csv
31.0,M_60_Fobbs_FR1_FED007FR1Concat.csv
20.0,M_60_Fobbs_FR1_FED007FR1Concat.csv
27.0,M_60_Fobbs_FR1_FED007FR1Concat.csv
37.0,M_60_Fobbs_FR1_FED007FR1Concat.csv
932.0,M_60_Fobbs_FR1_FED007FR1Concat.csv
35.0,M_60_Fobbs_FR1_FED007FR1Concat.csv
23.0,M_60_Fobbs_FR1_FED007FR1Concat.csv
201.0,M_60_Fobbs_FR1_FED007FR1Concat.csv
25.0,M_60_Fobbs_FR1_FED007FR1Concat.csv
20.0,M_60_Fobbs_FR1_FED007FR1Concat.csv
27.0,M_60_Fobbs_FR1_FED007FR1Concat.csv
96.0,M_60_Fobbs_FR1_FED007FR1Concat.csv
372.0,M_60_Fobbs_FR1_FED007FR1Concat.csv
37.0,M_60_Fobbs_FR1_FED007FR1Concat.csv
43.0,M_60_Fobbs_FR1_FED007FR1Concat.csv
16.0,M_60_Fobbs_FR1_FED007FR1Concat.csv
26.0,M_60_Fobbs_FR1_FED007FR1Concat.csv
1509.0,M_60_Fobbs_FR1_FED007FR1Concat.csv
24.0,M_60_Fobbs_FR1_FED007FR1Concat.csv
21.0,M_60_Fobbs_FR1_FED007FR1Concat.csv
22.0,M_60_Fobbs_FR1_FED007FR1Concat.csv
18.0,M_60_Fobbs_FR1_FED007FR1Concat.csv
21.0,M_60_Fobbs_FR1_FED007FR1Concat.csv
23.0,M_60_Fobbs_FR1_FED007FR1Concat.csv
23.0,M_60_Fobbs_FR1_FED007FR1Concat.csv
409.0,M_60_Fobbs_FR1_FED007FR1Concat.csv
27.0,M_60_Fobbs_FR1_FED007FR1Concat.csv
44.0,M_60_Fobbs_FR1_FED007FR1Concat.csv
32.0,M_60_Fobbs_FR1_FED007FR1Concat.csv
507.0,M_60_Fobbs_FR1_FED007FR1Concat.csv
28.0,M_60_Fobbs_FR1_FED007FR1Concat.csv
595.0,M_60_Fobbs_FR1_FED007FR1Concat.csv
18.0,M_60_Fobbs_FR1_FED007FR1Concat.csv
20.0,M_60_Fobbs_FR1_FED007FR1Concat.csv
23.0,M_60_Fobbs_FR1_FED007FR1Concat.csv
36.0,M_60_Fobbs_FR1_FED007FR1Concat.csv
27.0,M_60_Fobbs_FR1_FED007FR1Concat.csv
21.0,M_60_Fobbs_FR1_FED007FR1Concat.csv
360.0,M_60_Fobbs_FR1_FED007FR1Concat.csv
25.0,M_60_Fobbs_FR1_FED007FR1Concat.csv
2208.0,M_60_Fobbs_FR1_FED007FR1Concat.csv
32.0,M_60_Fobbs_FR1_FED007FR1Concat.csv
345.0,M_60_Fobbs_FR1_FED007FR1Concat.csv
16.0,M_60_Fobbs_FR1_FED007FR1Concat.csv
22.0,M_60_Fobbs_FR1_FED007FR1Concat.csv
18.0,M_60_Fobbs_FR1_FED007FR1Concat.csv
19.0,M_60_Fobbs_FR1_FED007FR1Concat.csv
18.0,M_60_Fobbs_FR1_FED007FR1Concat.csv
21.0,M_60_Fobbs_FR1_FED007FR1Concat.csv
47.0,M_60_Fobbs_FR1_FED007FR1Concat.csv
148.0,M_60_Fobbs_FR1_FED007FR1Concat.csv
5770.0,M_60_Fobbs_FR1_FED007FR1Concat.csv
25.0,M_60_Fobbs_FR1_FED007FR1Concat.csv
24.0,M_60_Fobbs_FR1_FED007FR1Concat.csv
20.0,M_60_Fobbs_FR1_FED007FR1Concat.csv
30.0,M_60_Fobbs_FR1_FED007FR1Concat.csv
294.0,M_60_Fobbs_FR1_FED007FR1Concat.csv
42.0,M_60_Fobbs_FR1_FED007FR1Concat.csv
20.0,M_60_Fobbs_FR1_FED007FR1Concat.csv
68.0,M_60_Fobbs_FR1_FED007FR1Concat.csv
390.0,M_60_Fobbs_FR1_FED007FR1Concat.csv
118.0,M_60_Fobbs_FR1_FED007FR1Concat.csv
19.0,M_60_Fobbs_FR1_FED007FR1Concat.csv
340.0,M_60_Fobbs_FR1_FED007FR1Concat.csv
27.0,M_60_Fobbs_FR1_FED007FR1Concat.csv
21.0,M_60_Fobbs_FR1_FED007FR1Concat.csv
27.0,M_60_Fobbs_FR1_FED007FR1Concat.csv
324.0,M_60_Fobbs_FR1_FED007FR1Concat.csv
6729.0,M_60_Fobbs_FR1_FED007FR1Concat.csv
18.0,M_60_Fobbs_FR1_FED007FR1Concat.csv
23.0,M_60_Fobbs_FR1_FED007FR1Concat.csv
20.0,M_60_Fobbs_FR1_FED007FR1Concat.csv
17.0,M_60_Fobbs_FR1_FED007FR1Concat.csv
15.0,M_60_Fobbs_FR1_FED007FR1Concat.csv
19.0,M_60_Fobbs_FR1_FED007FR1Concat.csv
22.0,M_60_Fobbs_FR1_FED007FR1Concat.csv
20.0,M_60_Fobbs_FR1_FED007FR1Concat.csv
15.0,M_60_Fobbs_FR1_FED007FR1Concat.csv
30.0,M_60_Fobbs_FR1_FED007FR1Concat.csv
19.0,M_60_Fobbs_FR1_FED007FR1Concat.csv
21.0,M_60_Fobbs_FR1_FED007FR1Concat.csv
19.0,M_60_Fobbs_FR1_FED007FR1Concat.csv
21.0,M_60_Fobbs_FR1_FED007FR1Concat.csv
4516.0,M_60_Fobbs_FR1_FED007FR1Concat.csv
20.0,M_60_Fobbs_FR1_FED007FR1Concat.csv
1911.0,M_60_Fobbs_FR1_FED007FR1Concat.csv
119.0,M_60_Fobbs_FR1_FED007FR1Concat.csv
28.0,M_60_Fobbs_FR1_FED007FR1Concat.csv
170.0,M_60_Fobbs_FR1_FED007FR1Concat.csv
257.0,M_60_Fobbs_FR1_FED007FR1Concat.csv
19.0,M_60_Fobbs_FR1_FED007FR1Concat.csv
20.0,M_60_Fobbs_FR1_FED007FR1Concat.csv
38.0,M_60_Fobbs_FR1_FED007FR1Concat.csv
23.0,M_60_Fobbs_FR1_FED007FR1Concat.csv
23.0,M_60_Fobbs_FR1_FED007FR1Concat.csv
16.0,M_60_Fobbs_FR1_FED007FR1Concat.csv
90.0,M_60_Fobbs_FR1_FED007FR1Concat.csv
77.0,M_60_Fobbs_FR1_FED007FR1Concat.csv
43.0,M_60_Fobbs_FR1_FED007FR1Concat.csv
27.0,M_60_Fobbs_FR1_FED007FR1Concat.csv
4266.0,M_60_Fobbs_FR1_FED007FR1Concat.csv
27.0,M_60_Fobbs_FR1_FED007FR1Concat.csv
25.0,M_60_Fobbs_FR1_FED007FR1Concat.csv
33.0,M_60_Fobbs_FR1_FED007FR1Concat.csv
34.0,M_60_Fobbs_FR1_FED007FR1Concat.csv
101.0,M_60_Fobbs_FR1_FED007FR1Concat.csv
24.0,M_60_Fobbs_FR1_FED007FR1Concat.csv
17.0,M_60_Fobbs_FR1_FED007FR1Concat.csv
19.0,M_60_Fobbs_FR1_FED007FR1Concat.csv
20.0,M_60_Fobbs_FR1_FED007FR1Concat.csv
24.0,M_60_Fobbs_FR1_FED007FR1Concat.csv
25.0,M_60_Fobbs_FR1_FED007FR1Concat.csv
18.0,M_60_Fobbs_FR1_FED007FR1Concat.csv
344.0,M_60_Fobbs_FR1_FED007FR1Concat.csv
45.0,M_60_Fobbs_FR1_FED007FR1Concat.csv
415.0,M_60_Fobbs_FR1_FED007FR1Concat.csv
19.0,M_60_Fobbs_FR1_FED007FR1Concat.csv
21.0,M_60_Fobbs_FR1_FED007FR1Concat.csv
83.0,M_60_Fobbs_FR1_FED007FR1Concat.csv
87.0,M_60_Fobbs_FR1_FED007FR1Concat.csv
17.0,M_60_Fobbs_FR1_FED007FR1Concat.csv
5305.0,M_60_Fobbs_FR1_FED007FR1Concat.csv
24.0,M_60_Fobbs_FR1_FED007FR1Concat.csv
20.0,M_60_Fobbs_FR1_FED007FR1Concat.csv
20.0,M_60_Fobbs_FR1_FED007FR1Concat.csv
19.0,M_60_Fobbs_FR1_FED007FR1Concat.csv
15.0,M_60_Fobbs_FR1_FED007FR1Concat.csv
19.0,M_60_Fobbs_FR1_FED007FR1Concat.csv
95.0,M_60_Fobbs_FR1_FED007FR1Concat.csv
20.0,M_60_Fobbs_FR1_FED007FR1Concat.csv
40.0,M_60_Fobbs_FR1_FED007FR1Concat.csv
2369.0,M_60_Fobbs_FR1_FED007FR1Concat.csv
74.0,M_60_Fobbs_FR1_FED007FR1Concat.csv
216.0,M_60_Fobbs_FR1_FED007FR1Concat.csv
129.0,M_60_Fobbs_FR1_FED007FR1Concat.csv
188.0,M_60_Fobbs_FR1_FED007FR1Concat.csv
179.0,M_60_Fobbs_FR1_FED007FR1Concat.csv
60.0,M_60_Fobbs_FR1_FED007FR1Concat.csv
435.0,M_60_Fobbs_FR1_FED007FR1Concat.csv
199.0,M_60_Fobbs_FR1_FED007FR1Concat.csv
142.0,M_60_Fobbs_FR1_FED007FR1Concat.csv
351.0,M_60_Fobbs_FR1_FED007FR1Concat.csv
194.0,M_60_Fobbs_FR1_FED007FR1Concat.csv
611.0,M_60_Fobbs_FR1_FED007FR1Concat.csv
407.0,M_60_Fobbs_FR1_FED007FR1Concat.csv
196.0,M_60_Fobbs_FR1_FED007FR1Concat.csv
63.0,M_60_Fobbs_FR1_FED007FR1Concat.csv
516.0,M_60_Fobbs_FR1_FED007FR1Concat.csv
14700.0,M_61_Fobbs_FR1_FED008FR1Concat.csv
134.0,M_61_Fobbs_FR1_FED008FR1Concat.csv
16957.0,M_61_Fobbs_FR1_FED008FR1Concat.csv
61.0,M_61_Fobbs_FR1_FED008FR1Concat.csv
168.0,M_61_Fobbs_FR1_FED008FR1Concat.csv
269.0,M_61_Fobbs_FR1_FED008FR1Concat.csv
145.0,M_61_Fobbs_FR1_FED008FR1Concat.csv
48.0,M_61_Fobbs_FR1_FED008FR1Concat.csv
180.0,M_61_Fobbs_FR1_FED008FR1Concat.csv
73.0,M_61_Fobbs_FR1_FED008FR1Concat.csv
30.0,M_61_Fobbs_FR1_FED008FR1Concat.csv
37.0,M_61_Fobbs_FR1_FED008FR1Concat.csv
25.0,M_61_Fobbs_FR1_FED008FR1Concat.csv
22.0,M_61_Fobbs_FR1_FED008FR1Concat.csv
36.0,M_61_Fobbs_FR1_FED008FR1Concat.csv
48.0,M_61_Fobbs_FR1_FED008FR1Concat.csv
131.0,M_61_Fobbs_FR1_FED008FR1Concat.csv
37.0,M_61_Fobbs_FR1_FED008FR1Concat.csv
380.0,M_61_Fobbs_FR1_FED008FR1Concat.csv
64.0,M_61_Fobbs_FR1_FED008FR1Concat.csv
228.0,M_61_Fobbs_FR1_FED008FR1Concat.csv
29.0,M_61_Fobbs_FR1_FED008FR1Concat.csv
30.0,M_61_Fobbs_FR1_FED008FR1Concat.csv
199.0,M_61_Fobbs_FR1_FED008FR1Concat.csv
440.0,M_61_Fobbs_FR1_FED008FR1Concat.csv
995.0,M_61_Fobbs_FR1_FED008FR1Concat.csv
31.0,M_61_Fobbs_FR1_FED008FR1Concat.csv
27.0,M_61_Fobbs_FR1_FED008FR1Concat.csv
44.0,M_61_Fobbs_FR1_FED008FR1Concat.csv
338.0,M_61_Fobbs_FR1_FED008FR1Concat.csv
45.0,M_61_Fobbs_FR1_FED008FR1Concat.csv
54.0,M_61_Fobbs_FR1_FED008FR1Concat.csv
27.0,M_61_Fobbs_FR1_FED008FR1Concat.csv
45.0,M_61_Fobbs_FR1_FED008FR1Concat.csv
26.0,M_61_Fobbs_FR1_FED008FR1Concat.csv
226.0,M_61_Fobbs_FR1_FED008FR1Concat.csv
21.0,M_61_Fobbs_FR1_FED008FR1Concat.csv
63.0,M_61_Fobbs_FR1_FED008FR1Concat.csv
18.0,M_61_Fobbs_FR1_FED008FR1Concat.csv
113.0,M_61_Fobbs_FR1_FED008FR1Concat.csv
580.0,M_61_Fobbs_FR1_FED008FR1Concat.csv
166.0,M_61_Fobbs_FR1_FED008FR1Concat.csv
102.0,M_61_Fobbs_FR1_FED008FR1Concat.csv
100.0,M_61_Fobbs_FR1_FED008FR1Concat.csv
525.0,M_61_Fobbs_FR1_FED008FR1Concat.csv
32.0,M_61_Fobbs_FR1_FED008FR1Concat.csv
23.0,M_61_Fobbs_FR1_FED008FR1Concat.csv
19.0,M_61_Fobbs_FR1_FED008FR1Concat.csv
35.0,M_61_Fobbs_FR1_FED008FR1Concat.csv
23.0,M_61_Fobbs_FR1_FED008FR1Concat.csv
23.0,M_61_Fobbs_FR1_FED008FR1Concat.csv
53.0,M_61_Fobbs_FR1_FED008FR1Concat.csv
77.0,M_61_Fobbs_FR1_FED008FR1Concat.csv
834.0,M_61_Fobbs_FR1_FED008FR1Concat.csv
172.0,M_61_Fobbs_FR1_FED008FR1Concat.csv
30.0,M_61_Fobbs_FR1_FED008FR1Concat.csv
24.0,M_61_Fobbs_FR1_FED008FR1Concat.csv
4463.0,M_61_Fobbs_FR1_FED008FR1Concat.csv
34.0,M_61_Fobbs_FR1_FED008FR1Concat.csv
31.0,M_61_Fobbs_FR1_FED008FR1Concat.csv
25.0,M_61_Fobbs_FR1_FED008FR1Concat.csv
21.0,M_61_Fobbs_FR1_FED008FR1Concat.csv
49.0,M_61_Fobbs_FR1_FED008FR1Concat.csv
25.0,M_61_Fobbs_FR1_FED008FR1Concat.csv
22.0,M_61_Fobbs_FR1_FED008FR1Concat.csv
24.0,M_61_Fobbs_FR1_FED008FR1Concat.csv
23.0,M_61_Fobbs_FR1_FED008FR1Concat.csv
17.0,M_61_Fobbs_FR1_FED008FR1Concat.csv
24.0,M_61_Fobbs_FR1_FED008FR1Concat.csv
20.0,M_61_Fobbs_FR1_FED008FR1Concat.csv
23.0,M_61_Fobbs_FR1_FED008FR1Concat.csv
21.0,M_61_Fobbs_FR1_FED008FR1Concat.csv
4675.0,M_61_Fobbs_FR1_FED008FR1Concat.csv
843.0,M_61_Fobbs_FR1_FED008FR1Concat.csv
29.0,M_61_Fobbs_FR1_FED008FR1Concat.csv
24.0,M_61_Fobbs_FR1_FED008FR1Concat.csv
188.0,M_61_Fobbs_FR1_FED008FR1Concat.csv
24.0,M_61_Fobbs_FR1_FED008FR1Concat.csv
30.0,M_61_Fobbs_FR1_FED008FR1Concat.csv
23.0,M_61_Fobbs_FR1_FED008FR1Concat.csv
15.0,M_61_Fobbs_FR1_FED008FR1Concat.csv
18.0,M_61_Fobbs_FR1_FED008FR1Concat.csv
197.0,M_61_Fobbs_FR1_FED008FR1Concat.csv
417.0,M_61_Fobbs_FR1_FED008FR1Concat.csv
29.0,M_61_Fobbs_FR1_FED008FR1Concat.csv
119.0,M_61_Fobbs_FR1_FED008FR1Concat.csv
22.0,M_61_Fobbs_FR1_FED008FR1Concat.csv
17.0,M_61_Fobbs_FR1_FED008FR1Concat.csv
17.0,M_61_Fobbs_FR1_FED008FR1Concat.csv
20.0,M_61_Fobbs_FR1_FED008FR1Concat.csv
21.0,M_61_Fobbs_FR1_FED008FR1Concat.csv
5040.0,M_61_Fobbs_FR1_FED008FR1Concat.csv
2174.0,M_61_Fobbs_FR1_FED008FR1Concat.csv
37.0,M_61_Fobbs_FR1_FED008FR1Concat.csv
15.0,M_61_Fobbs_FR1_FED008FR1Concat.csv
21.0,M_61_Fobbs_FR1_FED008FR1Concat.csv
19.0,M_61_Fobbs_FR1_FED008FR1Concat.csv
27.0,M_61_Fobbs_FR1_FED008FR1Concat.csv
18.0,M_61_Fobbs_FR1_FED008FR1Concat.csv
24.0,M_61_Fobbs_FR1_FED008FR1Concat.csv
147.0,M_61_Fobbs_FR1_FED008FR1Concat.csv
22.0,M_61_Fobbs_FR1_FED008FR1Concat.csv
3573.0,M_61_Fobbs_FR1_FED008FR1Concat.csv
140.0,M_61_Fobbs_FR1_FED008FR1Concat.csv
22.0,M_61_Fobbs_FR1_FED008FR1Concat.csv
18.0,M_61_Fobbs_FR1_FED008FR1Concat.csv
49.0,M_61_Fobbs_FR1_FED008FR1Concat.csv
20.0,M_61_Fobbs_FR1_FED008FR1Concat.csv
28.0,M_61_Fobbs_FR1_FED008FR1Concat.csv
75.0,M_61_Fobbs_FR1_FED008FR1Concat.csv
26.0,M_61_Fobbs_FR1_FED008FR1Concat.csv
703.0,M_61_Fobbs_FR1_FED008FR1Concat.csv
34.0,M_61_Fobbs_FR1_FED008FR1Concat.csv
35.0,M_61_Fobbs_FR1_FED008FR1Concat.csv
26.0,M_61_Fobbs_FR1_FED008FR1Concat.csv
17.0,M_61_Fobbs_FR1_FED008FR1Concat.csv
26.0,M_61_Fobbs_FR1_FED008FR1Concat.csv
24.0,M_61_Fobbs_FR1_FED008FR1Concat.csv
616.0,M_61_Fobbs_FR1_FED008FR1Concat.csv
63.0,M_61_Fobbs_FR1_FED008FR1Concat.csv
35.0,M_61_Fobbs_FR1_FED008FR1Concat.csv
39.0,M_61_Fobbs_FR1_FED008FR1Concat.csv
528.0,M_61_Fobbs_FR1_FED008FR1Concat.csv
22.0,M_61_Fobbs_FR1_FED008FR1Concat.csv
18.0,M_61_Fobbs_FR1_FED008FR1Concat.csv
21.0,M_61_Fobbs_FR1_FED008FR1Concat.csv
20.0,M_61_Fobbs_FR1_FED008FR1Concat.csv
103.0,M_61_Fobbs_FR1_FED008FR1Concat.csv
15.0,M_61_Fobbs_FR1_FED008FR1Concat.csv
15.0,M_61_Fobbs_FR1_FED008FR1Concat.csv
17.0,M_61_Fobbs_FR1_FED008FR1Concat.csv
7886.0,M_61_Fobbs_FR1_FED008FR1Concat.csv
30.0,M_61_Fobbs_FR1_FED008FR1Concat.csv
15.0,M_61_Fobbs_FR1_FED008FR1Concat.csv
23.0,M_61_Fobbs_FR1_FED008FR1Concat.csv
23.0,M_61_Fobbs_FR1_FED008FR1Concat.csv
16.0,M_61_Fobbs_FR1_FED008FR1Concat.csv
24.0,M_61_Fobbs_FR1_FED008FR1Concat.csv
25.0,M_61_Fobbs_FR1_FED008FR1Concat.csv
4003.0,M_61_Fobbs_FR1_FED008FR1Concat.csv
27.0,M_61_Fobbs_FR1_FED008FR1Concat.csv
17.0,M_61_Fobbs_FR1_FED008FR1Concat.csv
13.0,M_61_Fobbs_FR1_FED008FR1Concat.csv
22.0,M_61_Fobbs_FR1_FED008FR1Concat.csv
25.0,M_61_Fobbs_FR1_FED008FR1Concat.csv
336.0,M_61_Fobbs_FR1_FED008FR1Concat.csv
36.0,M_61_Fobbs_FR1_FED008FR1Concat.csv
212.0,M_61_Fobbs_FR1_FED008FR1Concat.csv
25.0,M_61_Fobbs_FR1_FED008FR1Concat.csv
610.0,M_61_Fobbs_FR1_FED008FR1Concat.csv
2031.0,M_61_Fobbs_FR1_FED008FR1Concat.csv
339.0,M_62_Fobbs_FR1_FED010FR1Concat.csv
6024.0,M_62_Fobbs_FR1_FED010FR1Concat.csv
455.0,M_62_Fobbs_FR1_FED010FR1Concat.csv
781.0,M_62_Fobbs_FR1_FED010FR1Concat.csv
33.0,M_62_Fobbs_FR1_FED010FR1Concat.csv
38.0,M_62_Fobbs_FR1_FED010FR1Concat.csv
87.0,M_62_Fobbs_FR1_FED010FR1Concat.csv
49.0,M_62_Fobbs_FR1_FED010FR1Concat.csv
9555.0,M_62_Fobbs_FR1_FED010FR1Concat.csv
45.0,M_62_Fobbs_FR1_FED010FR1Concat.csv
297.0,M_62_Fobbs_FR1_FED010FR1Concat.csv
167.0,M_62_Fobbs_FR1_FED010FR1Concat.csv
62.0,M_62_Fobbs_FR1_FED010FR1Concat.csv
60.0,M_62_Fobbs_FR1_FED010FR1Concat.csv
56.0,M_62_Fobbs_FR1_FED010FR1Concat.csv
15134.0,M_62_Fobbs_FR1_FED010FR1Concat.csv
50.0,M_62_Fobbs_FR1_FED010FR1Concat.csv
65.0,M_62_Fobbs_FR1_FED010FR1Concat.csv
37.0,M_62_Fobbs_FR1_FED010FR1Concat.csv
29.0,M_62_Fobbs_FR1_FED010FR1Concat.csv
24.0,M_62_Fobbs_FR1_FED010FR1Concat.csv
31.0,M_62_Fobbs_FR1_FED010FR1Concat.csv
29.0,M_62_Fobbs_FR1_FED010FR1Concat.csv
25.0,M_62_Fobbs_FR1_FED010FR1Concat.csv
26.0,M_62_Fobbs_FR1_FED010FR1Concat.csv
187.0,M_62_Fobbs_FR1_FED010FR1Concat.csv
3484.0,M_62_Fobbs_FR1_FED010FR1Concat.csv
44.0,M_62_Fobbs_FR1_FED010FR1Concat.csv
54.0,M_62_Fobbs_FR1_FED010FR1Concat.csv
39.0,M_62_Fobbs_FR1_FED010FR1Concat.csv
70.0,M_62_Fobbs_FR1_FED010FR1Concat.csv
71.0,M_62_Fobbs_FR1_FED010FR1Concat.csv
765.0,M_62_Fobbs_FR1_FED010FR1Concat.csv
478.0,M_62_Fobbs_FR1_FED010FR1Concat.csv
1843.0,M_62_Fobbs_FR1_FED010FR1Concat.csv
34.0,M_62_Fobbs_FR1_FED010FR1Concat.csv
34.0,M_62_Fobbs_FR1_FED010FR1Concat.csv
288.0,M_62_Fobbs_FR1_FED010FR1Concat.csv
64.0,M_62_Fobbs_FR1_FED010FR1Concat.csv
25.0,M_62_Fobbs_FR1_FED010FR1Concat.csv
39.0,M_62_Fobbs_FR1_FED010FR1Concat.csv
36.0,M_62_Fobbs_FR1_FED010FR1Concat.csv
55.0,M_62_Fobbs_FR1_FED010FR1Concat.csv
236.0,M_62_Fobbs_FR1_FED010FR1Concat.csv
83.0,M_62_Fobbs_FR1_FED010FR1Concat.csv
36.0,M_62_Fobbs_FR1_FED010FR1Concat.csv
56.0,M_62_Fobbs_FR1_FED010FR1Concat.csv
22.0,M_62_Fobbs_FR1_FED010FR1Concat.csv
2687.0,M_62_Fobbs_FR1_FED010FR1Concat.csv
28.0,M_62_Fobbs_FR1_FED010FR1Concat.csv
30.0,M_62_Fobbs_FR1_FED010FR1Concat.csv
47.0,M_62_Fobbs_FR1_FED010FR1Concat.csv
31.0,M_62_Fobbs_FR1_FED010FR1Concat.csv
24.0,M_62_Fobbs_FR1_FED010FR1Concat.csv
36.0,M_62_Fobbs_FR1_FED010FR1Concat.csv
32.0,M_62_Fobbs_FR1_FED010FR1Concat.csv
23.0,M_62_Fobbs_FR1_FED010FR1Concat.csv
36.0,M_62_Fobbs_FR1_FED010FR1Concat.csv
35.0,M_62_Fobbs_FR1_FED010FR1Concat.csv
892.0,M_62_Fobbs_FR1_FED010FR1Concat.csv
29.0,M_62_Fobbs_FR1_FED010FR1Concat.csv
1514.0,M_62_Fobbs_FR1_FED010FR1Concat.csv
281.0,M_62_Fobbs_FR1_FED010FR1Concat.csv
23.0,M_62_Fobbs_FR1_FED010FR1Concat.csv
28.0,M_62_Fobbs_FR1_FED010FR1Concat.csv
21.0,M_62_Fobbs_FR1_FED010FR1Concat.csv
37.0,M_62_Fobbs_FR1_FED010FR1Concat.csv
26.0,M_62_Fobbs_FR1_FED010FR1Concat.csv
818.0,M_62_Fobbs_FR1_FED010FR1Concat.csv
64.0,M_62_Fobbs_FR1_FED010FR1Concat.csv
2228.0,M_62_Fobbs_FR1_FED010FR1Concat.csv
56.0,M_62_Fobbs_FR1_FED010FR1Concat.csv
51.0,M_62_Fobbs_FR1_FED010FR1Concat.csv
46.0,M_62_Fobbs_FR1_FED010FR1Concat.csv
39.0,M_62_Fobbs_FR1_FED010FR1Concat.csv
60.0,M_62_Fobbs_FR1_FED010FR1Concat.csv
31.0,M_62_Fobbs_FR1_FED010FR1Concat.csv
33.0,M_62_Fobbs_FR1_FED010FR1Concat.csv
1276.0,M_62_Fobbs_FR1_FED010FR1Concat.csv
36.0,M_62_Fobbs_FR1_FED010FR1Concat.csv
25.0,M_62_Fobbs_FR1_FED010FR1Concat.csv
25.0,M_62_Fobbs_FR1_FED010FR1Concat.csv
649.0,M_62_Fobbs_FR1_FED010FR1Concat.csv
35.0,M_62_Fobbs_FR1_FED010FR1Concat.csv
26.0,M_62_Fobbs_FR1_FED010FR1Concat.csv
27.0,M_62_Fobbs_FR1_FED010FR1Concat.csv
32.0,M_62_Fobbs_FR1_FED010FR1Concat.csv
815.0,M_62_Fobbs_FR1_FED010FR1Concat.csv
25.0,M_62_Fobbs_FR1_FED010FR1Concat.csv
29.0,M_62_Fobbs_FR1_FED010FR1Concat.csv
9098.0,M_62_Fobbs_FR1_FED010FR1Concat.csv
29.0,M_62_Fobbs_FR1_FED010FR1Concat.csv
27.0,M_62_Fobbs_FR1_FED010FR1Concat.csv
28.0,M_62_Fobbs_FR1_FED010FR1Concat.csv
33.0,M_62_Fobbs_FR1_FED010FR1Concat.csv
36.0,M_62_Fobbs_FR1_FED010FR1Concat.csv
19.0,M_62_Fobbs_FR1_FED010FR1Concat.csv
22.0,M_62_Fobbs_FR1_FED010FR1Concat.csv
28.0,M_62_Fobbs_FR1_FED010FR1Concat.csv
2940.0,M_62_Fobbs_FR1_FED010FR1Concat.csv
34.0,M_62_Fobbs_FR1_FED010FR1Concat.csv
47.0,M_62_Fobbs_FR1_FED010FR1Concat.csv
56.0,M_62_Fobbs_FR1_FED010FR1Concat.csv
34.0,M_62_Fobbs_FR1_FED010FR1Concat.csv
25.0,M_62_Fobbs_FR1_FED010FR1Concat.csv
24.0,M_62_Fobbs_FR1_FED010FR1Concat.csv
38.0,M_62_Fobbs_FR1_FED010FR1Concat.csv
562.0,M_62_Fobbs_FR1_FED010FR1Concat.csv
389.0,M_62_Fobbs_FR1_FED010FR1Concat.csv
48.0,M_62_Fobbs_FR1_FED010FR1Concat.csv
33.0,M_62_Fobbs_FR1_FED010FR1Concat.csv
1767.0,M_62_Fobbs_FR1_FED010FR1Concat.csv
27.0,M_62_Fobbs_FR1_FED010FR1Concat.csv
25.0,M_62_Fobbs_FR1_FED010FR1Concat.csv
30.0,M_62_Fobbs_FR1_FED010FR1Concat.csv
47.0,M_62_Fobbs_FR1_FED010FR1Concat.csv
29.0,M_62_Fobbs_FR1_FED010FR1Concat.csv
33.0,M_62_Fobbs_FR1_FED010FR1Concat.csv
4098.0,M_62_Fobbs_FR1_FED010FR1Concat.csv
27.0,M_62_Fobbs_FR1_FED010FR1Concat.csv
21.0,M_62_Fobbs_FR1_FED010FR1Concat.csv
24.0,M_62_Fobbs_FR1_FED010FR1Concat.csv
30.0,M_62_Fobbs_FR1_FED010FR1Concat.csv
21.0,M_62_Fobbs_FR1_FED010FR1Concat.csv
26.0,M_62_Fobbs_FR1_FED010FR1Concat.csv
25.0,M_62_Fobbs_FR1_FED010FR1Concat.csv
29.0,M_62_Fobbs_FR1_FED010FR1Concat.csv
2533.0,M_62_Fobbs_FR1_FED010FR1Concat.csv
56.0,M_62_Fobbs_FR1_FED010FR1Concat.csv
34.0,M_62_Fobbs_FR1_FED010FR1Concat.csv
33.0,M_62_Fobbs_FR1_FED010FR1Concat.csv
46.0,M_62_Fobbs_FR1_FED010FR1Concat.csv
45.0,M_62_Fobbs_FR1_FED010FR1Concat.csv
33.0,M_62_Fobbs_FR1_FED010FR1Concat.csv
33.0,M_62_Fobbs_FR1_FED010FR1Concat.csv
25.0,M_62_Fobbs_FR1_FED010FR1Concat.csv
27.0,M_62_Fobbs_FR1_FED010FR1Concat.csv
34.0,M_62_Fobbs_FR1_FED010FR1Concat.csv
272.0,M_62_Fobbs_FR1_FED010FR1Concat.csv
247.0,M_62_Fobbs_FR1_FED010FR1Concat.csv
24.0,M_62_Fobbs_FR1_FED010FR1Concat.csv
29.0,M_62_Fobbs_FR1_FED010FR1Concat.csv
28.0,M_62_Fobbs_FR1_FED010FR1Concat.csv
8388.0,M_62_Fobbs_FR1_FED010FR1Concat.csv
71.0,M_62_Fobbs_FR1_FED010FR1Concat.csv
632.0,M_62_Fobbs_FR1_FED010FR1Concat.csv
80.0,M_63_Fobbs_FR1_FED016FR1Concat.csv
96.0,M_63_Fobbs_FR1_FED016FR1Concat.csv
1776.0,M_63_Fobbs_FR1_FED016FR1Concat.csv
29025.0,M_63_Fobbs_FR1_FED016FR1Concat.csv
307.0,M_63_Fobbs_FR1_FED016FR1Concat.csv
125.0,M_63_Fobbs_FR1_FED016FR1Concat.csv
72.0,M_63_Fobbs_FR1_FED016FR1Concat.csv
3933.0,M_63_Fobbs_FR1_FED016FR1Concat.csv
87.0,M_63_Fobbs_FR1_FED016FR1Concat.csv
56.0,M_63_Fobbs_FR1_FED016FR1Concat.csv
69.0,M_63_Fobbs_FR1_FED016FR1Concat.csv
67.0,M_63_Fobbs_FR1_FED016FR1Concat.csv
57.0,M_63_Fobbs_FR1_FED016FR1Concat.csv
40.0,M_63_Fobbs_FR1_FED016FR1Concat.csv
55.0,M_63_Fobbs_FR1_FED016FR1Concat.csv
77.0,M_63_Fobbs_FR1_FED016FR1Concat.csv
78.0,M_63_Fobbs_FR1_FED016FR1Concat.csv
57.0,M_63_Fobbs_FR1_FED016FR1Concat.csv
110.0,M_63_Fobbs_FR1_FED016FR1Concat.csv
431.0,M_63_Fobbs_FR1_FED016FR1Concat.csv
44.0,M_63_Fobbs_FR1_FED016FR1Concat.csv
73.0,M_63_Fobbs_FR1_FED016FR1Concat.csv
258.0,M_63_Fobbs_FR1_FED016FR1Concat.csv
60.0,M_63_Fobbs_FR1_FED016FR1Concat.csv
44.0,M_63_Fobbs_FR1_FED016FR1Concat.csv
62.0,M_63_Fobbs_FR1_FED016FR1Concat.csv
65.0,M_63_Fobbs_FR1_FED016FR1Concat.csv
77.0,M_63_Fobbs_FR1_FED016FR1Concat.csv
52.0,M_63_Fobbs_FR1_FED016FR1Concat.csv
53.0,M_63_Fobbs_FR1_FED016FR1Concat.csv
48.0,M_63_Fobbs_FR1_FED016FR1Concat.csv
54.0,M_63_Fobbs_FR1_FED016FR1Concat.csv
3844.0,M_63_Fobbs_FR1_FED016FR1Concat.csv
68.0,M_63_Fobbs_FR1_FED016FR1Concat.csv
92.0,M_63_Fobbs_FR1_FED016FR1Concat.csv
53.0,M_63_Fobbs_FR1_FED016FR1Concat.csv
124.0,M_63_Fobbs_FR1_FED016FR1Concat.csv
340.0,M_63_Fobbs_FR1_FED016FR1Concat.csv
92.0,M_63_Fobbs_FR1_FED016FR1Concat.csv
51.0,M_63_Fobbs_FR1_FED016FR1Concat.csv
35.0,M_63_Fobbs_FR1_FED016FR1Concat.csv
283.0,M_63_Fobbs_FR1_FED016FR1Concat.csv
361.0,M_63_Fobbs_FR1_FED016FR1Concat.csv
58.0,M_63_Fobbs_FR1_FED016FR1Concat.csv
83.0,M_63_Fobbs_FR1_FED016FR1Concat.csv
33.0,M_63_Fobbs_FR1_FED016FR1Concat.csv
37.0,M_63_Fobbs_FR1_FED016FR1Concat.csv
38.0,M_63_Fobbs_FR1_FED016FR1Concat.csv
40.0,M_63_Fobbs_FR1_FED016FR1Concat.csv
39.0,M_63_Fobbs_FR1_FED016FR1Concat.csv
86.0,M_63_Fobbs_FR1_FED016FR1Concat.csv
121.0,M_63_Fobbs_FR1_FED016FR1Concat.csv
147.0,M_63_Fobbs_FR1_FED016FR1Concat.csv
44.0,M_63_Fobbs_FR1_FED016FR1Concat.csv
35.0,M_63_Fobbs_FR1_FED016FR1Concat.csv
34.0,M_63_Fobbs_FR1_FED016FR1Concat.csv
31.0,M_63_Fobbs_FR1_FED016FR1Concat.csv
286.0,M_63_Fobbs_FR1_FED016FR1Concat.csv
696.0,M_63_Fobbs_FR1_FED016FR1Concat.csv
3943.0,M_63_Fobbs_FR1_FED016FR1Concat.csv
41.0,M_63_Fobbs_FR1_FED016FR1Concat.csv
36.0,M_63_Fobbs_FR1_FED016FR1Concat.csv
43.0,M_63_Fobbs_FR1_FED016FR1Concat.csv
36.0,M_63_Fobbs_FR1_FED016FR1Concat.csv
27.0,M_63_Fobbs_FR1_FED016FR1Concat.csv
24.0,M_63_Fobbs_FR1_FED016FR1Concat.csv
48.0,M_63_Fobbs_FR1_FED016FR1Concat.csv
73.0,M_63_Fobbs_FR1_FED016FR1Concat.csv
71.0,M_63_Fobbs_FR1_FED016FR1Concat.csv
44.0,M_63_Fobbs_FR1_FED016FR1Concat.csv
28.0,M_63_Fobbs_FR1_FED016FR1Concat.csv
36.0,M_63_Fobbs_FR1_FED016FR1Concat.csv
28.0,M_63_Fobbs_FR1_FED016FR1Concat.csv
31.0,M_63_Fobbs_FR1_FED016FR1Concat.csv
29.0,M_63_Fobbs_FR1_FED016FR1Concat.csv
311.0,M_63_Fobbs_FR1_FED016FR1Concat.csv
109.0,M_63_Fobbs_FR1_FED016FR1Concat.csv
677.0,M_63_Fobbs_FR1_FED016FR1Concat.csv
29.0,M_63_Fobbs_FR1_FED016FR1Concat.csv
27.0,M_63_Fobbs_FR1_FED016FR1Concat.csv
401.0,M_63_Fobbs_FR1_FED016FR1Concat.csv
349.0,M_63_Fobbs_FR1_FED016FR1Concat.csv
512.0,M_63_Fobbs_FR1_FED016FR1Concat.csv
64.0,M_63_Fobbs_FR1_FED016FR1Concat.csv
43.0,M_63_Fobbs_FR1_FED016FR1Concat.csv
33.0,M_63_Fobbs_FR1_FED016FR1Concat.csv
45.0,M_63_Fobbs_FR1_FED016FR1Concat.csv
1264.0,M_63_Fobbs_FR1_FED016FR1Concat.csv
49.0,M_63_Fobbs_FR1_FED016FR1Concat.csv
8447.0,M_63_Fobbs_FR1_FED016FR1Concat.csv
39.0,M_63_Fobbs_FR1_FED016FR1Concat.csv
32.0,M_63_Fobbs_FR1_FED016FR1Concat.csv
28.0,M_63_Fobbs_FR1_FED016FR1Concat.csv
31.0,M_63_Fobbs_FR1_FED016FR1Concat.csv
26.0,M_63_Fobbs_FR1_FED016FR1Concat.csv
22.0,M_63_Fobbs_FR1_FED016FR1Concat.csv
27.0,M_63_Fobbs_FR1_FED016FR1Concat.csv
19.0,M_63_Fobbs_FR1_FED016FR1Concat.csv
22.0,M_63_Fobbs_FR1_FED016FR1Concat.csv
21.0,M_63_Fobbs_FR1_FED016FR1Concat.csv
25.0,M_63_Fobbs_FR1_FED016FR1Concat.csv
21.0,M_63_Fobbs_FR1_FED016FR1Concat.csv
6948.0,M_63_Fobbs_FR1_FED016FR1Concat.csv
116.0,M_63_Fobbs_FR1_FED016FR1Concat.csv
1155.0,M_63_Fobbs_FR1_FED016FR1Concat.csv
37.0,M_63_Fobbs_FR1_FED016FR1Concat.csv
2891.0,M_63_Fobbs_FR1_FED016FR1Concat.csv
51.0,M_63_Fobbs_FR1_FED016FR1Concat.csv
42.0,M_63_Fobbs_FR1_FED016FR1Concat.csv
28.0,M_63_Fobbs_FR1_FED016FR1Concat.csv
17.0,M_63_Fobbs_FR1_FED016FR1Concat.csv
38.0,M_63_Fobbs_FR1_FED016FR1Concat.csv
24.0,M_63_Fobbs_FR1_FED016FR1Concat.csv
22.0,M_63_Fobbs_FR1_FED016FR1Concat.csv
29.0,M_63_Fobbs_FR1_FED016FR1Concat.csv
665.0,M_63_Fobbs_FR1_FED016FR1Concat.csv
50.0,M_63_Fobbs_FR1_FED016FR1Concat.csv
5898.0,M_63_Fobbs_FR1_FED016FR1Concat.csv
66.0,M_63_Fobbs_FR1_FED016FR1Concat.csv
35.0,M_63_Fobbs_FR1_FED016FR1Concat.csv
24.0,M_63_Fobbs_FR1_FED016FR1Concat.csv
91.0,M_63_Fobbs_FR1_FED016FR1Concat.csv
3083.0,M_63_Fobbs_FR1_FED016FR1Concat.csv
544.0,M_63_Fobbs_FR1_FED016FR1Concat.csv
1345.0,M_63_Fobbs_FR1_FED016FR1Concat.csv
63.0,M_63_Fobbs_FR1_FED016FR1Concat.csv
334.0,M_63_Fobbs_FR1_FED016FR1Concat.csv
7869.0,M_64_Fobbs_FR1_FED017FR1Concat.csv
122.0,M_64_Fobbs_FR1_FED017FR1Concat.csv
163.0,M_64_Fobbs_FR1_FED017FR1Concat.csv
15836.0,M_64_Fobbs_FR1_FED017FR1Concat.csv
8300.0,M_64_Fobbs_FR1_FED017FR1Concat.csv
291.0,M_64_Fobbs_FR1_FED017FR1Concat.csv
272.0,M_64_Fobbs_FR1_FED017FR1Concat.csv
220.0,M_64_Fobbs_FR1_FED017FR1Concat.csv
58.0,M_64_Fobbs_FR1_FED017FR1Concat.csv
233.0,M_64_Fobbs_FR1_FED017FR1Concat.csv
44.0,M_64_Fobbs_FR1_FED017FR1Concat.csv
30.0,M_64_Fobbs_FR1_FED017FR1Concat.csv
279.0,M_64_Fobbs_FR1_FED017FR1Concat.csv
132.0,M_64_Fobbs_FR1_FED017FR1Concat.csv
67.0,M_64_Fobbs_FR1_FED017FR1Concat.csv
61.0,M_64_Fobbs_FR1_FED017FR1Concat.csv
123.0,M_64_Fobbs_FR1_FED017FR1Concat.csv
40.0,M_64_Fobbs_FR1_FED017FR1Concat.csv
245.0,M_64_Fobbs_FR1_FED017FR1Concat.csv
145.0,M_64_Fobbs_FR1_FED017FR1Concat.csv
61.0,M_64_Fobbs_FR1_FED017FR1Concat.csv
47.0,M_64_Fobbs_FR1_FED017FR1Concat.csv
54.0,M_64_Fobbs_FR1_FED017FR1Concat.csv
36.0,M_64_Fobbs_FR1_FED017FR1Concat.csv
533.0,M_64_Fobbs_FR1_FED017FR1Concat.csv
143.0,M_64_Fobbs_FR1_FED017FR1Concat.csv
283.0,M_64_Fobbs_FR1_FED017FR1Concat.csv
34.0,M_64_Fobbs_FR1_FED017FR1Concat.csv
22.0,M_64_Fobbs_FR1_FED017FR1Concat.csv
26.0,M_64_Fobbs_FR1_FED017FR1Concat.csv
78.0,M_64_Fobbs_FR1_FED017FR1Concat.csv
26.0,M_64_Fobbs_FR1_FED017FR1Concat.csv
388.0,M_64_Fobbs_FR1_FED017FR1Concat.csv
61.0,M_64_Fobbs_FR1_FED017FR1Concat.csv
1379.0,M_64_Fobbs_FR1_FED017FR1Concat.csv
93.0,M_64_Fobbs_FR1_FED017FR1Concat.csv
37.0,M_64_Fobbs_FR1_FED017FR1Concat.csv
37.0,M_64_Fobbs_FR1_FED017FR1Concat.csv
40.0,M_64_Fobbs_FR1_FED017FR1Concat.csv
34.0,M_64_Fobbs_FR1_FED017FR1Concat.csv
53.0,M_64_Fobbs_FR1_FED017FR1Concat.csv
531.0,M_64_Fobbs_FR1_FED017FR1Concat.csv
52.0,M_64_Fobbs_FR1_FED017FR1Concat.csv
106.0,M_64_Fobbs_FR1_FED017FR1Concat.csv
50.0,M_64_Fobbs_FR1_FED017FR1Concat.csv
40.0,M_64_Fobbs_FR1_FED017FR1Concat.csv
43.0,M_64_Fobbs_FR1_FED017FR1Concat.csv
342.0,M_64_Fobbs_FR1_FED017FR1Concat.csv
33.0,M_64_Fobbs_FR1_FED017FR1Concat.csv
620.0,M_64_Fobbs_FR1_FED017FR1Concat.csv
45.0,M_64_Fobbs_FR1_FED017FR1Concat.csv
25.0,M_64_Fobbs_FR1_FED017FR1Concat.csv
29.0,M_64_Fobbs_FR1_FED017FR1Concat.csv
47.0,M_64_Fobbs_FR1_FED017FR1Concat.csv
39.0,M_64_Fobbs_FR1_FED017FR1Concat.csv
28.0,M_64_Fobbs_FR1_FED017FR1Concat.csv
44.0,M_64_Fobbs_FR1_FED017FR1Concat.csv
207.0,M_64_Fobbs_FR1_FED017FR1Concat.csv
415.0,M_64_Fobbs_FR1_FED017FR1Concat.csv
26.0,M_64_Fobbs_FR1_FED017FR1Concat.csv
31.0,M_64_Fobbs_FR1_FED017FR1Concat.csv
23.0,M_64_Fobbs_FR1_FED017FR1Concat.csv
112.0,M_64_Fobbs_FR1_FED017FR1Concat.csv
753.0,M_64_Fobbs_FR1_FED017FR1Concat.csv
46.0,M_64_Fobbs_FR1_FED017FR1Concat.csv
33.0,M_64_Fobbs_FR1_FED017FR1Concat.csv
27.0,M_64_Fobbs_FR1_FED017FR1Concat.csv
36.0,M_64_Fobbs_FR1_FED017FR1Concat.csv
1207.0,M_64_Fobbs_FR1_FED017FR1Concat.csv
26.0,M_64_Fobbs_FR1_FED017FR1Concat.csv
38.0,M_64_Fobbs_FR1_FED017FR1Concat.csv
36.0,M_64_Fobbs_FR1_FED017FR1Concat.csv
54.0,M_64_Fobbs_FR1_FED017FR1Concat.csv
21.0,M_64_Fobbs_FR1_FED017FR1Concat.csv
42.0,M_64_Fobbs_FR1_FED017FR1Concat.csv
43.0,M_64_Fobbs_FR1_FED017FR1Concat.csv
34.0,M_64_Fobbs_FR1_FED017FR1Concat.csv
25.0,M_64_Fobbs_FR1_FED017FR1Concat.csv
461.0,M_64_Fobbs_FR1_FED017FR1Concat.csv
35.0,M_64_Fobbs_FR1_FED017FR1Concat.csv
3575.0,M_64_Fobbs_FR1_FED017FR1Concat.csv
358.0,M_64_Fobbs_FR1_FED017FR1Concat.csv
84.0,M_64_Fobbs_FR1_FED017FR1Concat.csv
447.0,M_64_Fobbs_FR1_FED017FR1Concat.csv
25.0,M_64_Fobbs_FR1_FED017FR1Concat.csv
30.0,M_64_Fobbs_FR1_FED017FR1Concat.csv
34.0,M_64_Fobbs_FR1_FED017FR1Concat.csv
21.0,M_64_Fobbs_FR1_FED017FR1Concat.csv
23.0,M_64_Fobbs_FR1_FED017FR1Concat.csv
37.0,M_64_Fobbs_FR1_FED017FR1Concat.csv
16.0,M_64_Fobbs_FR1_FED017FR1Concat.csv
27.0,M_64_Fobbs_FR1_FED017FR1Concat.csv
841.0,M_64_Fobbs_FR1_FED017FR1Concat.csv
442.0,M_64_Fobbs_FR1_FED017FR1Concat.csv
35.0,M_64_Fobbs_FR1_FED017FR1Concat.csv
585.0,M_64_Fobbs_FR1_FED017FR1Concat.csv
60.0,M_64_Fobbs_FR1_FED017FR1Concat.csv
34.0,M_64_Fobbs_FR1_FED017FR1Concat.csv
22.0,M_64_Fobbs_FR1_FED017FR1Concat.csv
27.0,M_64_Fobbs_FR1_FED017FR1Concat.csv
21.0,M_64_Fobbs_FR1_FED017FR1Concat.csv
28.0,M_64_Fobbs_FR1_FED017FR1Concat.csv
22.0,M_64_Fobbs_FR1_FED017FR1Concat.csv
21.0,M_64_Fobbs_FR1_FED017FR1Concat.csv
33.0,M_64_Fobbs_FR1_FED017FR1Concat.csv
17.0,M_64_Fobbs_FR1_FED017FR1Concat.csv
291.0,M_64_Fobbs_FR1_FED017FR1Concat.csv
1059.0,M_64_Fobbs_FR1_FED017FR1Concat.csv
48.0,M_64_Fobbs_FR1_FED017FR1Concat.csv
8475.0,M_64_Fobbs_FR1_FED017FR1Concat.csv
32.0,M_64_Fobbs_FR1_FED017FR1Concat.csv
21.0,M_64_Fobbs_FR1_FED017FR1Concat.csv
27.0,M_64_Fobbs_FR1_FED017FR1Concat.csv
24.0,M_64_Fobbs_FR1_FED017FR1Concat.csv
17.0,M_64_Fobbs_FR1_FED017FR1Concat.csv
2515.0,M_64_Fobbs_FR1_FED017FR1Concat.csv
29.0,M_64_Fobbs_FR1_FED017FR1Concat.csv
199.0,M_64_Fobbs_FR1_FED017FR1Concat.csv
30.0,M_64_Fobbs_FR1_FED017FR1Concat.csv
19.0,M_64_Fobbs_FR1_FED017FR1Concat.csv
20.0,M_64_Fobbs_FR1_FED017FR1Concat.csv
19.0,M_64_Fobbs_FR1_FED017FR1Concat.csv
35.0,M_64_Fobbs_FR1_FED017FR1Concat.csv
29.0,M_64_Fobbs_FR1_FED017FR1Concat.csv
23.0,M_64_Fobbs_FR1_FED017FR1Concat.csv
32.0,M_64_Fobbs_FR1_FED017FR1Concat.csv
20.0,M_64_Fobbs_FR1_FED017FR1Concat.csv
1655.0,M_64_Fobbs_FR1_FED017FR1Concat.csv
1411.0,M_64_Fobbs_FR1_FED017FR1Concat.csv
26.0,M_64_Fobbs_FR1_FED017FR1Concat.csv
22.0,M_64_Fobbs_FR1_FED017FR1Concat.csv
38.0,M_64_Fobbs_FR1_FED017FR1Concat.csv
32.0,M_64_Fobbs_FR1_FED017FR1Concat.csv
29.0,M_64_Fobbs_FR1_FED017FR1Concat.csv
29.0,M_64_Fobbs_FR1_FED017FR1Concat.csv
17.0,M_64_Fobbs_FR1_FED017FR1Concat.csv
23.0,M_64_Fobbs_FR1_FED017FR1Concat.csv
21.0,M_64_Fobbs_FR1_FED017FR1Concat.csv
22.0,M_64_Fobbs_FR1_FED017FR1Concat.csv
22.0,M_64_Fobbs_FR1_FED017FR1Concat.csv
1536.0,M_64_Fobbs_FR1_FED017FR1Concat.csv
36.0,M_64_Fobbs_FR1_FED017FR1Concat.csv
62.0,M_64_Fobbs_FR1_FED017FR1Concat.csv
908.0,M_64_Fobbs_FR1_FED017FR1Concat.csv
429.0,M_64_Fobbs_FR1_FED017FR1Concat.csv
24.0,M_64_Fobbs_FR1_FED017FR1Concat.csv
30.0,M_64_Fobbs_FR1_FED017FR1Concat.csv
31.0,M_64_Fobbs_FR1_FED017FR1Concat.csv
26.0,M_64_Fobbs_FR1_FED017FR1Concat.csv
973.0,M_64_Fobbs_FR1_FED017FR1Concat.csv
3082.0,M_64_Fobbs_FR1_FED017FR1Concat.csv
27.0,M_64_Fobbs_FR1_FED017FR1Concat.csv
48.0,M_64_Fobbs_FR1_FED017FR1Concat.csv
31.0,M_64_Fobbs_FR1_FED017FR1Concat.csv
24.0,M_64_Fobbs_FR1_FED017FR1Concat.csv
21.0,M_64_Fobbs_FR1_FED017FR1Concat.csv
21.0,M_64_Fobbs_FR1_FED017FR1Concat.csv
30.0,M_64_Fobbs_FR1_FED017FR1Concat.csv
30.0,M_64_Fobbs_FR1_FED017FR1Concat.csv
25.0,M_64_Fobbs_FR1_FED017FR1Concat.csv
25.0,M_64_Fobbs_FR1_FED017FR1Concat.csv
6697.0,M_64_Fobbs_FR1_FED017FR1Concat.csv
21.0,M_64_Fobbs_FR1_FED017FR1Concat.csv
32.0,M_64_Fobbs_FR1_FED017FR1Concat.csv
26.0,M_64_Fobbs_FR1_FED017FR1Concat.csv
28.0,M_64_Fobbs_FR1_FED017FR1Concat.csv
25.0,M_64_Fobbs_FR1_FED017FR1Concat.csv
2387.0,M_64_Fobbs_FR1_FED017FR1Concat.csv
216.0,M_64_Fobbs_FR1_FED017FR1Concat.csv
1353.0,M_64_Fobbs_FR1_FED017FR1Concat.csv
46.0,M_64_Fobbs_FR1_FED017FR1Concat.csv
270.0,M_64_Fobbs_FR1_FED017FR1Concat.csv
12253.0,M_66_Fobbs_FR1_FED019FR1Concat.csv
68.0,M_66_Fobbs_FR1_FED019FR1Concat.csv
55.0,M_66_Fobbs_FR1_FED019FR1Concat.csv
177.0,M_66_Fobbs_FR1_FED019FR1Concat.csv
6801.0,M_66_Fobbs_FR1_FED019FR1Concat.csv
774.0,M_66_Fobbs_FR1_FED019FR1Concat.csv
108.0,M_66_Fobbs_FR1_FED019FR1Concat.csv
9405.0,M_66_Fobbs_FR1_FED019FR1Concat.csv
44.0,M_66_Fobbs_FR1_FED019FR1Concat.csv
146.0,M_66_Fobbs_FR1_FED019FR1Concat.csv
185.0,M_66_Fobbs_FR1_FED019FR1Concat.csv
94.0,M_66_Fobbs_FR1_FED019FR1Concat.csv
70.0,M_66_Fobbs_FR1_FED019FR1Concat.csv
58.0,M_66_Fobbs_FR1_FED019FR1Concat.csv
220.0,M_66_Fobbs_FR1_FED019FR1Concat.csv
4728.0,M_66_Fobbs_FR1_FED019FR1Concat.csv
96.0,M_66_Fobbs_FR1_FED019FR1Concat.csv
70.0,M_66_Fobbs_FR1_FED019FR1Concat.csv
89.0,M_66_Fobbs_FR1_FED019FR1Concat.csv
540.0,M_66_Fobbs_FR1_FED019FR1Concat.csv
55.0,M_66_Fobbs_FR1_FED019FR1Concat.csv
55.0,M_66_Fobbs_FR1_FED019FR1Concat.csv
6385.0,M_66_Fobbs_FR1_FED019FR1Concat.csv
216.0,M_66_Fobbs_FR1_FED019FR1Concat.csv
307.0,M_66_Fobbs_FR1_FED019FR1Concat.csv
77.0,M_66_Fobbs_FR1_FED019FR1Concat.csv
64.0,M_66_Fobbs_FR1_FED019FR1Concat.csv
36.0,M_66_Fobbs_FR1_FED019FR1Concat.csv
44.0,M_66_Fobbs_FR1_FED019FR1Concat.csv
51.0,M_66_Fobbs_FR1_FED019FR1Concat.csv
68.0,M_66_Fobbs_FR1_FED019FR1Concat.csv
30.0,M_66_Fobbs_FR1_FED019FR1Concat.csv
29.0,M_66_Fobbs_FR1_FED019FR1Concat.csv
50.0,M_66_Fobbs_FR1_FED019FR1Concat.csv
5416.0,M_66_Fobbs_FR1_FED019FR1Concat.csv
70.0,M_66_Fobbs_FR1_FED019FR1Concat.csv
1230.0,M_66_Fobbs_FR1_FED019FR1Concat.csv
58.0,M_66_Fobbs_FR1_FED019FR1Concat.csv
42.0,M_66_Fobbs_FR1_FED019FR1Concat.csv
30.0,M_66_Fobbs_FR1_FED019FR1Concat.csv
49.0,M_66_Fobbs_FR1_FED019FR1Concat.csv
24.0,M_66_Fobbs_FR1_FED019FR1Concat.csv
23.0,M_66_Fobbs_FR1_FED019FR1Concat.csv
57.0,M_66_Fobbs_FR1_FED019FR1Concat.csv
41.0,M_66_Fobbs_FR1_FED019FR1Concat.csv
38.0,M_66_Fobbs_FR1_FED019FR1Concat.csv
27.0,M_66_Fobbs_FR1_FED019FR1Concat.csv
545.0,M_66_Fobbs_FR1_FED019FR1Concat.csv
60.0,M_66_Fobbs_FR1_FED019FR1Concat.csv
74.0,M_66_Fobbs_FR1_FED019FR1Concat.csv
6566.0,M_66_Fobbs_FR1_FED019FR1Concat.csv
9.0,M_66_Fobbs_FR1_FED019FR1Concat.csv
7.0,M_66_Fobbs_FR1_FED019FR1Concat.csv
10.0,M_66_Fobbs_FR1_FED019FR1Concat.csv
8.0,M_66_Fobbs_FR1_FED019FR1Concat.csv
5.0,M_66_Fobbs_FR1_FED019FR1Concat.csv
13.0,M_66_Fobbs_FR1_FED019FR1Concat.csv
8.0,M_66_Fobbs_FR1_FED019FR1Concat.csv
7.0,M_66_Fobbs_FR1_FED019FR1Concat.csv
7.0,M_66_Fobbs_FR1_FED019FR1Concat.csv
16.0,M_66_Fobbs_FR1_FED019FR1Concat.csv
7.0,M_66_Fobbs_FR1_FED019FR1Concat.csv
6.0,M_66_Fobbs_FR1_FED019FR1Concat.csv
8.0,M_66_Fobbs_FR1_FED019FR1Concat.csv
5.0,M_66_Fobbs_FR1_FED019FR1Concat.csv
7.0,M_66_Fobbs_FR1_FED019FR1Concat.csv
7.0,M_66_Fobbs_FR1_FED019FR1Concat.csv
12.0,M_66_Fobbs_FR1_FED019FR1Concat.csv
8.0,M_66_Fobbs_FR1_FED019FR1Concat.csv
13.0,M_66_Fobbs_FR1_FED019FR1Concat.csv
15661.0,M_65_Fobbs_FR1_FED018FR1Concat.csv
11646.0,M_65_Fobbs_FR1_FED018FR1Concat.csv
407.0,M_65_Fobbs_FR1_FED018FR1Concat.csv
59.0,M_65_Fobbs_FR1_FED018FR1Concat.csv
44.0,M_65_Fobbs_FR1_FED018FR1Concat.csv
64.0,M_65_Fobbs_FR1_FED018FR1Concat.csv
42.0,M_65_Fobbs_FR1_FED018FR1Concat.csv
211.0,M_65_Fobbs_FR1_FED018FR1Concat.csv
120.0,M_65_Fobbs_FR1_FED018FR1Concat.csv
165.0,M_65_Fobbs_FR1_FED018FR1Concat.csv
1758.0,M_65_Fobbs_FR1_FED018FR1Concat.csv
69.0,M_65_Fobbs_FR1_FED018FR1Concat.csv
59.0,M_65_Fobbs_FR1_FED018FR1Concat.csv
916.0,M_65_Fobbs_FR1_FED018FR1Concat.csv
734.0,M_65_Fobbs_FR1_FED018FR1Concat.csv
120.0,M_65_Fobbs_FR1_FED018FR1Concat.csv
147.0,M_65_Fobbs_FR1_FED018FR1Concat.csv
354.0,M_65_Fobbs_FR1_FED018FR1Concat.csv
58.0,M_65_Fobbs_FR1_FED018FR1Concat.csv
107.0,M_65_Fobbs_FR1_FED018FR1Concat.csv
575.0,M_65_Fobbs_FR1_FED018FR1Concat.csv
40.0,M_65_Fobbs_FR1_FED018FR1Concat.csv
50.0,M_65_Fobbs_FR1_FED018FR1Concat.csv
34.0,M_65_Fobbs_FR1_FED018FR1Concat.csv
144.0,M_65_Fobbs_FR1_FED018FR1Concat.csv
107.0,M_65_Fobbs_FR1_FED018FR1Concat.csv
213.0,M_65_Fobbs_FR1_FED018FR1Concat.csv
27.0,M_65_Fobbs_FR1_FED018FR1Concat.csv
24.0,M_65_Fobbs_FR1_FED018FR1Concat.csv
58.0,M_65_Fobbs_FR1_FED018FR1Concat.csv
712.0,M_65_Fobbs_FR1_FED018FR1Concat.csv
95.0,M_65_Fobbs_FR1_FED018FR1Concat.csv
101.0,M_65_Fobbs_FR1_FED018FR1Concat.csv
402.0,M_65_Fobbs_FR1_FED018FR1Concat.csv
465.0,M_65_Fobbs_FR1_FED018FR1Concat.csv
144.0,M_65_Fobbs_FR1_FED018FR1Concat.csv
110.0,M_65_Fobbs_FR1_FED018FR1Concat.csv
371.0,M_65_Fobbs_FR1_FED018FR1Concat.csv
52.0,M_65_Fobbs_FR1_FED018FR1Concat.csv
30.0,M_65_Fobbs_FR1_FED018FR1Concat.csv
163.0,M_65_Fobbs_FR1_FED018FR1Concat.csv
908.0,M_65_Fobbs_FR1_FED018FR1Concat.csv
73.0,M_65_Fobbs_FR1_FED018FR1Concat.csv
72.0,M_65_Fobbs_FR1_FED018FR1Concat.csv
43.0,M_65_Fobbs_FR1_FED018FR1Concat.csv
31.0,M_65_Fobbs_FR1_FED018FR1Concat.csv
36.0,M_65_Fobbs_FR1_FED018FR1Concat.csv
43.0,M_65_Fobbs_FR1_FED018FR1Concat.csv
29.0,M_65_Fobbs_FR1_FED018FR1Concat.csv
681.0,M_65_Fobbs_FR1_FED018FR1Concat.csv
35.0,M_65_Fobbs_FR1_FED018FR1Concat.csv
36.0,M_65_Fobbs_FR1_FED018FR1Concat.csv
28.0,M_65_Fobbs_FR1_FED018FR1Concat.csv
28.0,M_65_Fobbs_FR1_FED018FR1Concat.csv
39.0,M_65_Fobbs_FR1_FED018FR1Concat.csv
580.0,M_65_Fobbs_FR1_FED018FR1Concat.csv
3860.0,M_65_Fobbs_FR1_FED018FR1Concat.csv
39.0,M_65_Fobbs_FR1_FED018FR1Concat.csv
55.0,M_65_Fobbs_FR1_FED018FR1Concat.csv
55.0,M_65_Fobbs_FR1_FED018FR1Concat.csv
31.0,M_65_Fobbs_FR1_FED018FR1Concat.csv
78.0,M_65_Fobbs_FR1_FED018FR1Concat.csv
26.0,M_65_Fobbs_FR1_FED018FR1Concat.csv
23.0,M_65_Fobbs_FR1_FED018FR1Concat.csv
27.0,M_65_Fobbs_FR1_FED018FR1Concat.csv
359.0,M_65_Fobbs_FR1_FED018FR1Concat.csv
36.0,M_65_Fobbs_FR1_FED018FR1Concat.csv
29.0,M_65_Fobbs_FR1_FED018FR1Concat.csv
5368.0,M_65_Fobbs_FR1_FED018FR1Concat.csv
42.0,M_65_Fobbs_FR1_FED018FR1Concat.csv
22.0,M_65_Fobbs_FR1_FED018FR1Concat.csv
33.0,M_65_Fobbs_FR1_FED018FR1Concat.csv
23.0,M_65_Fobbs_FR1_FED018FR1Concat.csv
22.0,M_65_Fobbs_FR1_FED018FR1Concat.csv
26.0,M_65_Fobbs_FR1_FED018FR1Concat.csv
79.0,M_65_Fobbs_FR1_FED018FR1Concat.csv
884.0,M_65_Fobbs_FR1_FED018FR1Concat.csv
39.0,M_65_Fobbs_FR1_FED018FR1Concat.csv
36.0,M_65_Fobbs_FR1_FED018FR1Concat.csv
3928.0,M_65_Fobbs_FR1_FED018FR1Concat.csv
34.0,M_65_Fobbs_FR1_FED018FR1Concat.csv
42.0,M_65_Fobbs_FR1_FED018FR1Concat.csv
25.0,M_65_Fobbs_FR1_FED018FR1Concat.csv
25.0,M_65_Fobbs_FR1_FED018FR1Concat.csv
32.0,M_65_Fobbs_FR1_FED018FR1Concat.csv
34.0,M_65_Fobbs_FR1_FED018FR1Concat.csv
3208.0,M_65_Fobbs_FR1_FED018FR1Concat.csv
39.0,M_65_Fobbs_FR1_FED018FR1Concat.csv
379.0,M_65_Fobbs_FR1_FED018FR1Concat.csv
38.0,M_65_Fobbs_FR1_FED018FR1Concat.csv
623.0,M_65_Fobbs_FR1_FED018FR1Concat.csv
59.0,M_65_Fobbs_FR1_FED018FR1Concat.csv
72.0,M_65_Fobbs_FR1_FED018FR1Concat.csv
64.0,M_65_Fobbs_FR1_FED018FR1Concat.csv
632.0,M_65_Fobbs_FR1_FED018FR1Concat.csv
33.0,M_65_Fobbs_FR1_FED018FR1Concat.csv
28.0,M_65_Fobbs_FR1_FED018FR1Concat.csv
29.0,M_65_Fobbs_FR1_FED018FR1Concat.csv
27.0,M_65_Fobbs_FR1_FED018FR1Concat.csv
33.0,M_65_Fobbs_FR1_FED018FR1Concat.csv
25.0,M_65_Fobbs_FR1_FED018FR1Concat.csv
58.0,M_65_Fobbs_FR1_FED018FR1Concat.csv
32.0,M_65_Fobbs_FR1_FED018FR1Concat.csv
1033.0,M_65_Fobbs_FR1_FED018FR1Concat.csv
1305.0,M_65_Fobbs_FR1_FED018FR1Concat.csv
218.0,M_65_Fobbs_FR1_FED018FR1Concat.csv
123.0,M_65_Fobbs_FR1_FED018FR1Concat.csv
79.0,M_65_Fobbs_FR1_FED018FR1Concat.csv
22.0,M_65_Fobbs_FR1_FED018FR1Concat.csv
467.0,M_65_Fobbs_FR1_FED018FR1Concat.csv
79.0,M_65_Fobbs_FR1_FED018FR1Concat.csv
833.0,M_65_Fobbs_FR1_FED018FR1Concat.csv
30.0,M_65_Fobbs_FR1_FED018FR1Concat.csv
30.0,M_65_Fobbs_FR1_FED018FR1Concat.csv
635.0,M_65_Fobbs_FR1_FED018FR1Concat.csv
199.0,M_65_Fobbs_FR1_FED018FR1Concat.csv
91.0,M_65_Fobbs_FR1_FED018FR1Concat.csv
845.0,M_65_Fobbs_FR1_FED018FR1Concat.csv
49.0,M_65_Fobbs_FR1_FED018FR1Concat.csv
22.0,M_65_Fobbs_FR1_FED018FR1Concat.csv
27.0,M_65_Fobbs_FR1_FED018FR1Concat.csv
277.0,M_65_Fobbs_FR1_FED018FR1Concat.csv
27.0,M_65_Fobbs_FR1_FED018FR1Concat.csv
27.0,M_65_Fobbs_FR1_FED018FR1Concat.csv
1195.0,M_65_Fobbs_FR1_FED018FR1Concat.csv
78.0,M_65_Fobbs_FR1_FED018FR1Concat.csv
737.0,M_65_Fobbs_FR1_FED018FR1Concat.csv
263.0,M_65_Fobbs_FR1_FED018FR1Concat.csv
283.0,M_65_Fobbs_FR1_FED018FR1Concat.csv
33.0,M_65_Fobbs_FR1_FED018FR1Concat.csv
874.0,M_65_Fobbs_FR1_FED018FR1Concat.csv
286.0,M_65_Fobbs_FR1_FED018FR1Concat.csv
342.0,M_65_Fobbs_FR1_FED018FR1Concat.csv
275.0,M_65_Fobbs_FR1_FED018FR1Concat.csv
8617.0,M_65_Fobbs_FR1_FED018FR1Concat.csv
297.0,M_65_Fobbs_FR1_FED018FR1Concat.csv
115.0,M_65_Fobbs_FR1_FED018FR1Concat.csv
59.0,M_65_Fobbs_FR1_FED018FR1Concat.csv
134.0,M_65_Fobbs_FR1_FED018FR1Concat.csv
610.0,M_65_Fobbs_FR1_FED018FR1Concat.csv
169.0,M_65_Fobbs_FR1_FED018FR1Concat.csv
357.0,M_65_Fobbs_FR1_FED018FR1Concat.csv
730.0,M_67_Fobbs_FR1_FED020FR1Concat.csv
24647.0,M_67_Fobbs_FR1_FED020FR1Concat.csv
74.0,M_67_Fobbs_FR1_FED020FR1Concat.csv
643.0,M_67_Fobbs_FR1_FED020FR1Concat.csv
681.0,M_67_Fobbs_FR1_FED020FR1Concat.csv
157.0,M_67_Fobbs_FR1_FED020FR1Concat.csv
147.0,M_67_Fobbs_FR1_FED020FR1Concat.csv
8637.0,M_67_Fobbs_FR1_FED020FR1Concat.csv
51.0,M_67_Fobbs_FR1_FED020FR1Concat.csv
968.0,M_67_Fobbs_FR1_FED020FR1Concat.csv
30.0,M_67_Fobbs_FR1_FED020FR1Concat.csv
424.0,M_67_Fobbs_FR1_FED020FR1Concat.csv
115.0,M_67_Fobbs_FR1_FED020FR1Concat.csv
270.0,M_67_Fobbs_FR1_FED020FR1Concat.csv
263.0,M_67_Fobbs_FR1_FED020FR1Concat.csv
369.0,M_67_Fobbs_FR1_FED020FR1Concat.csv
1355.0,M_67_Fobbs_FR1_FED020FR1Concat.csv
148.0,M_67_Fobbs_FR1_FED020FR1Concat.csv
647.0,M_67_Fobbs_FR1_FED020FR1Concat.csv
323.0,M_67_Fobbs_FR1_FED020FR1Concat.csv
3977.0,M_67_Fobbs_FR1_FED020FR1Concat.csv
90.0,M_67_Fobbs_FR1_FED020FR1Concat.csv
222.0,M_67_Fobbs_FR1_FED020FR1Concat.csv
98.0,M_67_Fobbs_FR1_FED020FR1Concat.csv
188.0,M_67_Fobbs_FR1_FED020FR1Concat.csv
697.0,M_67_Fobbs_FR1_FED020FR1Concat.csv
101.0,M_67_Fobbs_FR1_FED020FR1Concat.csv
85.0,M_67_Fobbs_FR1_FED020FR1Concat.csv
2645.0,M_67_Fobbs_FR1_FED020FR1Concat.csv
4150.0,M_67_Fobbs_FR1_FED020FR1Concat.csv
61.0,M_67_Fobbs_FR1_FED020FR1Concat.csv
72.0,M_67_Fobbs_FR1_FED020FR1Concat.csv
125.0,M_67_Fobbs_FR1_FED020FR1Concat.csv
62.0,M_67_Fobbs_FR1_FED020FR1Concat.csv
161.0,M_67_Fobbs_FR1_FED020FR1Concat.csv
85.0,M_67_Fobbs_FR1_FED020FR1Concat.csv
35.0,M_67_Fobbs_FR1_FED020FR1Concat.csv
48.0,M_67_Fobbs_FR1_FED020FR1Concat.csv
40.0,M_67_Fobbs_FR1_FED020FR1Concat.csv
39.0,M_67_Fobbs_FR1_FED020FR1Concat.csv
28.0,M_67_Fobbs_FR1_FED020FR1Concat.csv
34.0,M_67_Fobbs_FR1_FED020FR1Concat.csv
31.0,M_67_Fobbs_FR1_FED020FR1Concat.csv
29.0,M_67_Fobbs_FR1_FED020FR1Concat.csv
572.0,M_67_Fobbs_FR1_FED020FR1Concat.csv
1556.0,M_67_Fobbs_FR1_FED020FR1Concat.csv
39.0,M_67_Fobbs_FR1_FED020FR1Concat.csv
50.0,M_67_Fobbs_FR1_FED020FR1Concat.csv
45.0,M_67_Fobbs_FR1_FED020FR1Concat.csv
36.0,M_67_Fobbs_FR1_FED020FR1Concat.csv
33.0,M_67_Fobbs_FR1_FED020FR1Concat.csv
43.0,M_67_Fobbs_FR1_FED020FR1Concat.csv
25.0,M_67_Fobbs_FR1_FED020FR1Concat.csv
35.0,M_67_Fobbs_FR1_FED020FR1Concat.csv
62.0,M_67_Fobbs_FR1_FED020FR1Concat.csv
38.0,M_67_Fobbs_FR1_FED020FR1Concat.csv
476.0,M_67_Fobbs_FR1_FED020FR1Concat.csv
5447.0,M_67_Fobbs_FR1_FED020FR1Concat.csv
55.0,M_67_Fobbs_FR1_FED020FR1Concat.csv
56.0,M_67_Fobbs_FR1_FED020FR1Concat.csv
43.0,M_67_Fobbs_FR1_FED020FR1Concat.csv
45.0,M_67_Fobbs_FR1_FED020FR1Concat.csv
28.0,M_67_Fobbs_FR1_FED020FR1Concat.csv
49.0,M_67_Fobbs_FR1_FED020FR1Concat.csv
87.0,M_67_Fobbs_FR1_FED020FR1Concat.csv
75.0,M_67_Fobbs_FR1_FED020FR1Concat.csv
33.0,M_67_Fobbs_FR1_FED020FR1Concat.csv
25.0,M_67_Fobbs_FR1_FED020FR1Concat.csv
26.0,M_67_Fobbs_FR1_FED020FR1Concat.csv
40.0,M_67_Fobbs_FR1_FED020FR1Concat.csv
362.0,M_67_Fobbs_FR1_FED020FR1Concat.csv
63.0,M_67_Fobbs_FR1_FED020FR1Concat.csv
2950.0,M_67_Fobbs_FR1_FED020FR1Concat.csv
42.0,M_67_Fobbs_FR1_FED020FR1Concat.csv
47.0,M_67_Fobbs_FR1_FED020FR1Concat.csv
54.0,M_67_Fobbs_FR1_FED020FR1Concat.csv
42.0,M_67_Fobbs_FR1_FED020FR1Concat.csv
55.0,M_67_Fobbs_FR1_FED020FR1Concat.csv
2241.0,M_67_Fobbs_FR1_FED020FR1Concat.csv
59.0,M_67_Fobbs_FR1_FED020FR1Concat.csv
47.0,M_67_Fobbs_FR1_FED020FR1Concat.csv
50.0,M_67_Fobbs_FR1_FED020FR1Concat.csv
4575.0,M_67_Fobbs_FR1_FED020FR1Concat.csv
20.0,M_67_Fobbs_FR1_FED020FR1Concat.csv
42.0,M_67_Fobbs_FR1_FED020FR1Concat.csv
29.0,M_67_Fobbs_FR1_FED020FR1Concat.csv
42.0,M_67_Fobbs_FR1_FED020FR1Concat.csv
19.0,M_67_Fobbs_FR1_FED020FR1Concat.csv
23.0,M_67_Fobbs_FR1_FED020FR1Concat.csv
26.0,M_67_Fobbs_FR1_FED020FR1Concat.csv
26.0,M_67_Fobbs_FR1_FED020FR1Concat.csv
35.0,M_67_Fobbs_FR1_FED020FR1Concat.csv
23.0,M_67_Fobbs_FR1_FED020FR1Concat.csv
35.0,M_67_Fobbs_FR1_FED020FR1Concat.csv
1291.0,M_67_Fobbs_FR1_FED020FR1Concat.csv
29.0,M_67_Fobbs_FR1_FED020FR1Concat.csv
26.0,M_67_Fobbs_FR1_FED020FR1Concat.csv
27.0,M_67_Fobbs_FR1_FED020FR1Concat.csv
26.0,M_67_Fobbs_FR1_FED020FR1Concat.csv
97.0,M_67_Fobbs_FR1_FED020FR1Concat.csv
77.0,M_67_Fobbs_FR1_FED020FR1Concat.csv
41.0,M_67_Fobbs_FR1_FED020FR1Concat.csv
1110.0,M_67_Fobbs_FR1_FED020FR1Concat.csv
5843.0,M_67_Fobbs_FR1_FED020FR1Concat.csv
96.0,M_67_Fobbs_FR1_FED020FR1Concat.csv
34.0,M_67_Fobbs_FR1_FED020FR1Concat.csv
20.0,M_67_Fobbs_FR1_FED020FR1Concat.csv
46.0,M_67_Fobbs_FR1_FED020FR1Concat.csv
470.0,M_67_Fobbs_FR1_FED020FR1Concat.csv
42.0,M_67_Fobbs_FR1_FED020FR1Concat.csv
41.0,M_67_Fobbs_FR1_FED020FR1Concat.csv
143.0,M_67_Fobbs_FR1_FED020FR1Concat.csv
2033.0,M_67_Fobbs_FR1_FED020FR1Concat.csv
651.0,M_67_Fobbs_FR1_FED020FR1Concat.csv
70.0,F_68_FobbsWUSTL_FR1_FED005FR1Concat.csv
549.0,F_68_FobbsWUSTL_FR1_FED005FR1Concat.csv
1655.0,F_68_FobbsWUSTL_FR1_FED005FR1Concat.csv
2921.0,F_68_FobbsWUSTL_FR1_FED005FR1Concat.csv
1554.0,F_68_FobbsWUSTL_FR1_FED005FR1Concat.csv
48.0,F_68_FobbsWUSTL_FR1_FED005FR1Concat.csv
304.0,F_68_FobbsWUSTL_FR1_FED005FR1Concat.csv
846.0,F_68_FobbsWUSTL_FR1_FED005FR1Concat.csv
776.0,F_68_FobbsWUSTL_FR1_FED005FR1Concat.csv
321.0,F_68_FobbsWUSTL_FR1_FED005FR1Concat.csv
319.0,F_68_FobbsWUSTL_FR1_FED005FR1Concat.csv
180.0,F_68_FobbsWUSTL_FR1_FED005FR1Concat.csv
195.0,F_68_FobbsWUSTL_FR1_FED005FR1Concat.csv
454.0,F_68_FobbsWUSTL_FR1_FED005FR1Concat.csv
344.0,F_68_FobbsWUSTL_FR1_FED005FR1Concat.csv
303.0,F_68_FobbsWUSTL_FR1_FED005FR1Concat.csv
93.0,F_68_FobbsWUSTL_FR1_FED005FR1Concat.csv
117.0,F_68_FobbsWUSTL_FR1_FED005FR1Concat.csv
106.0,F_68_FobbsWUSTL_FR1_FED005FR1Concat.csv
67.0,F_68_FobbsWUSTL_FR1_FED005FR1Concat.csv
368.0,F_68_FobbsWUSTL_FR1_FED005FR1Concat.csv
61.0,F_68_FobbsWUSTL_FR1_FED005FR1Concat.csv
53.0,F_68_FobbsWUSTL_FR1_FED005FR1Concat.csv
109.0,F_68_FobbsWUSTL_FR1_FED005FR1Concat.csv
999.0,F_68_FobbsWUSTL_FR1_FED005FR1Concat.csv
442.0,F_68_FobbsWUSTL_FR1_FED005FR1Concat.csv
169.0,F_68_FobbsWUSTL_FR1_FED005FR1Concat.csv
30.0,F_68_FobbsWUSTL_FR1_FED005FR1Concat.csv
76.0,F_68_FobbsWUSTL_FR1_FED005FR1Concat.csv
211.0,F_68_FobbsWUSTL_FR1_FED005FR1Concat.csv
801.0,F_68_FobbsWUSTL_FR1_FED005FR1Concat.csv
32.0,F_68_FobbsWUSTL_FR1_FED005FR1Concat.csv
536.0,F_68_FobbsWUSTL_FR1_FED005FR1Concat.csv
108.0,F_68_FobbsWUSTL_FR1_FED005FR1Concat.csv
30.0,F_68_FobbsWUSTL_FR1_FED005FR1Concat.csv
43.0,F_68_FobbsWUSTL_FR1_FED005FR1Concat.csv
679.0,F_68_FobbsWUSTL_FR1_FED005FR1Concat.csv
457.0,F_68_FobbsWUSTL_FR1_FED005FR1Concat.csv
77.0,F_68_FobbsWUSTL_FR1_FED005FR1Concat.csv
326.0,F_68_FobbsWUSTL_FR1_FED005FR1Concat.csv
49.0,F_68_FobbsWUSTL_FR1_FED005FR1Concat.csv
58.0,F_68_FobbsWUSTL_FR1_FED005FR1Concat.csv
507.0,F_68_FobbsWUSTL_FR1_FED005FR1Concat.csv
166.0,F_68_FobbsWUSTL_FR1_FED005FR1Concat.csv
218.0,F_68_FobbsWUSTL_FR1_FED005FR1Concat.csv
89.0,F_68_FobbsWUSTL_FR1_FED005FR1Concat.csv
441.0,F_68_FobbsWUSTL_FR1_FED005FR1Concat.csv
786.0,F_68_FobbsWUSTL_FR1_FED005FR1Concat.csv
1370.0,F_68_FobbsWUSTL_FR1_FED005FR1Concat.csv
37.0,F_68_FobbsWUSTL_FR1_FED005FR1Concat.csv
136.0,F_68_FobbsWUSTL_FR1_FED005FR1Concat.csv
27.0,F_68_FobbsWUSTL_FR1_FED005FR1Concat.csv
83.0,F_68_FobbsWUSTL_FR1_FED005FR1Concat.csv
21.0,F_68_FobbsWUSTL_FR1_FED005FR1Concat.csv
139.0,F_68_FobbsWUSTL_FR1_FED005FR1Concat.csv
85.0,F_68_FobbsWUSTL_FR1_FED005FR1Concat.csv
5667.0,F_68_FobbsWUSTL_FR1_FED005FR1Concat.csv
159.0,F_68_FobbsWUSTL_FR1_FED005FR1Concat.csv
134.0,F_68_FobbsWUSTL_FR1_FED005FR1Concat.csv
67.0,F_68_FobbsWUSTL_FR1_FED005FR1Concat.csv
20.0,F_68_FobbsWUSTL_FR1_FED005FR1Concat.csv
24.0,F_68_FobbsWUSTL_FR1_FED005FR1Concat.csv
37.0,F_68_FobbsWUSTL_FR1_FED005FR1Concat.csv
50.0,F_68_FobbsWUSTL_FR1_FED005FR1Concat.csv
107.0,F_68_FobbsWUSTL_FR1_FED005FR1Concat.csv
214.0,F_68_FobbsWUSTL_FR1_FED005FR1Concat.csv
301.0,F_68_FobbsWUSTL_FR1_FED005FR1Concat.csv
168.0,F_68_FobbsWUSTL_FR1_FED005FR1Concat.csv
5802.0,F_68_FobbsWUSTL_FR1_FED005FR1Concat.csv
127.0,F_68_FobbsWUSTL_FR1_FED005FR1Concat.csv
161.0,F_68_FobbsWUSTL_FR1_FED005FR1Concat.csv
44.0,F_68_FobbsWUSTL_FR1_FED005FR1Concat.csv
38.0,F_68_FobbsWUSTL_FR1_FED005FR1Concat.csv
115.0,F_68_FobbsWUSTL_FR1_FED005FR1Concat.csv
40.0,F_68_FobbsWUSTL_FR1_FED005FR1Concat.csv
25.0,F_68_FobbsWUSTL_FR1_FED005FR1Concat.csv
48.0,F_68_FobbsWUSTL_FR1_FED005FR1Concat.csv
27.0,F_68_FobbsWUSTL_FR1_FED005FR1Concat.csv
26.0,F_68_FobbsWUSTL_FR1_FED005FR1Concat.csv
21.0,F_68_FobbsWUSTL_FR1_FED005FR1Concat.csv
1261.0,F_68_FobbsWUSTL_FR1_FED005FR1Concat.csv
419.0,F_68_FobbsWUSTL_FR1_FED005FR1Concat.csv
58.0,F_68_FobbsWUSTL_FR1_FED005FR1Concat.csv
17.0,F_68_FobbsWUSTL_FR1_FED005FR1Concat.csv
145.0,F_68_FobbsWUSTL_FR1_FED005FR1Concat.csv
10003.0,F_68_FobbsWUSTL_FR1_FED005FR1Concat.csv
187.0,F_68_FobbsWUSTL_FR1_FED005FR1Concat.csv
50.0,F_68_FobbsWUSTL_FR1_FED005FR1Concat.csv
42.0,F_68_FobbsWUSTL_FR1_FED005FR1Concat.csv
42.0,F_68_FobbsWUSTL_FR1_FED005FR1Concat.csv
33.0,F_68_FobbsWUSTL_FR1_FED005FR1Concat.csv
178.0,F_68_FobbsWUSTL_FR1_FED005FR1Concat.csv
21.0,F_68_FobbsWUSTL_FR1_FED005FR1Concat.csv
1292.0,F_68_FobbsWUSTL_FR1_FED005FR1Concat.csv
81.0,F_68_FobbsWUSTL_FR1_FED005FR1Concat.csv
8609.0,F_68_FobbsWUSTL_FR1_FED005FR1Concat.csv
55.0,F_68_FobbsWUSTL_FR1_FED005FR1Concat.csv
155.0,F_68_FobbsWUSTL_FR1_FED005FR1Concat.csv
29.0,F_68_FobbsWUSTL_FR1_FED005FR1Concat.csv
42.0,F_68_FobbsWUSTL_FR1_FED005FR1Concat.csv
95.0,F_68_FobbsWUSTL_FR1_FED005FR1Concat.csv
49.0,F_68_FobbsWUSTL_FR1_FED005FR1Concat.csv
14377.0,F_68_FobbsWUSTL_FR1_FED005FR1Concat.csv
48.0,F_68_FobbsWUSTL_FR1_FED005FR1Concat.csv
113.0,F_68_FobbsWUSTL_FR1_FED005FR1Concat.csv
22.0,F_68_FobbsWUSTL_FR1_FED005FR1Concat.csv
45.0,F_68_FobbsWUSTL_FR1_FED005FR1Concat.csv
6670.0,F_68_FobbsWUSTL_FR1_FED005FR1Concat.csv
61.0,F_68_FobbsWUSTL_FR1_FED005FR1Concat.csv
107.0,F_68_FobbsWUSTL_FR1_FED005FR1Concat.csv
65.0,F_68_FobbsWUSTL_FR1_FED005FR1Concat.csv
49.0,F_68_FobbsWUSTL_FR1_FED005FR1Concat.csv
43.0,F_68_FobbsWUSTL_FR1_FED005FR1Concat.csv
39.0,F_68_FobbsWUSTL_FR1_FED005FR1Concat.csv
72.0,F_68_FobbsWUSTL_FR1_FED005FR1Concat.csv
20.0,F_68_FobbsWUSTL_FR1_FED005FR1Concat.csv
203.0,F_69_FobbsWUSTL_FR1_FED006FR1Concat.csv
3154.0,F_69_FobbsWUSTL_FR1_FED006FR1Concat.csv
4112.0,F_69_FobbsWUSTL_FR1_FED006FR1Concat.csv
6124.0,F_69_FobbsWUSTL_FR1_FED006FR1Concat.csv
9922.0,F_69_FobbsWUSTL_FR1_FED006FR1Concat.csv
4176.0,F_69_FobbsWUSTL_FR1_FED006FR1Concat.csv
2662.0,F_69_FobbsWUSTL_FR1_FED006FR1Concat.csv
7255.0,F_69_FobbsWUSTL_FR1_FED006FR1Concat.csv
79.0,F_69_FobbsWUSTL_FR1_FED006FR1Concat.csv
20747.0,F_69_FobbsWUSTL_FR1_FED006FR1Concat.csv
3012.0,F_70_FobbsWUSTL_FR1_FED007FR1Concat.csv
38.0,F_70_FobbsWUSTL_FR1_FED007FR1Concat.csv
765.0,F_70_FobbsWUSTL_FR1_FED007FR1Concat.csv
122.0,F_70_FobbsWUSTL_FR1_FED007FR1Concat.csv
323.0,F_70_FobbsWUSTL_FR1_FED007FR1Concat.csv
179.0,F_70_FobbsWUSTL_FR1_FED007FR1Concat.csv
787.0,F_70_FobbsWUSTL_FR1_FED007FR1Concat.csv
94.0,F_70_FobbsWUSTL_FR1_FED007FR1Concat.csv
371.0,F_70_FobbsWUSTL_FR1_FED007FR1Concat.csv
214.0,F_70_FobbsWUSTL_FR1_FED007FR1Concat.csv
72.0,F_70_FobbsWUSTL_FR1_FED007FR1Concat.csv
59.0,F_70_FobbsWUSTL_FR1_FED007FR1Concat.csv
734.0,F_70_FobbsWUSTL_FR1_FED007FR1Concat.csv
171.0,F_70_FobbsWUSTL_FR1_FED007FR1Concat.csv
35.0,F_70_FobbsWUSTL_FR1_FED007FR1Concat.csv
61.0,F_70_FobbsWUSTL_FR1_FED007FR1Concat.csv
137.0,F_70_FobbsWUSTL_FR1_FED007FR1Concat.csv
82.0,F_70_FobbsWUSTL_FR1_FED007FR1Concat.csv
89.0,F_70_FobbsWUSTL_FR1_FED007FR1Concat.csv
1577.0,F_70_FobbsWUSTL_FR1_FED007FR1Concat.csv
74.0,F_70_FobbsWUSTL_FR1_FED007FR1Concat.csv
248.0,F_70_FobbsWUSTL_FR1_FED007FR1Concat.csv
652.0,F_70_FobbsWUSTL_FR1_FED007FR1Concat.csv
87.0,F_70_FobbsWUSTL_FR1_FED007FR1Concat.csv
104.0,F_70_FobbsWUSTL_FR1_FED007FR1Concat.csv
159.0,F_70_FobbsWUSTL_FR1_FED007FR1Concat.csv
76.0,F_70_FobbsWUSTL_FR1_FED007FR1Concat.csv
50.0,F_70_FobbsWUSTL_FR1_FED007FR1Concat.csv
1629.0,F_70_FobbsWUSTL_FR1_FED007FR1Concat.csv
186.0,F_70_FobbsWUSTL_FR1_FED007FR1Concat.csv
57.0,F_70_FobbsWUSTL_FR1_FED007FR1Concat.csv
92.0,F_70_FobbsWUSTL_FR1_FED007FR1Concat.csv
48.0,F_70_FobbsWUSTL_FR1_FED007FR1Concat.csv
104.0,F_70_FobbsWUSTL_FR1_FED007FR1Concat.csv
78.0,F_70_FobbsWUSTL_FR1_FED007FR1Concat.csv
143.0,F_70_FobbsWUSTL_FR1_FED007FR1Concat.csv
66.0,F_70_FobbsWUSTL_FR1_FED007FR1Concat.csv
245.0,F_70_FobbsWUSTL_FR1_FED007FR1Concat.csv
85.0,F_70_FobbsWUSTL_FR1_FED007FR1Concat.csv
38.0,F_70_FobbsWUSTL_FR1_FED007FR1Concat.csv
35.0,F_70_FobbsWUSTL_FR1_FED007FR1Concat.csv
53.0,F_70_FobbsWUSTL_FR1_FED007FR1Concat.csv
48.0,F_70_FobbsWUSTL_FR1_FED007FR1Concat.csv
1475.0,F_70_FobbsWUSTL_FR1_FED007FR1Concat.csv
37.0,F_70_FobbsWUSTL_FR1_FED007FR1Concat.csv
72.0,F_70_FobbsWUSTL_FR1_FED007FR1Concat.csv
129.0,F_70_FobbsWUSTL_FR1_FED007FR1Concat.csv
49.0,F_70_FobbsWUSTL_FR1_FED007FR1Concat.csv
48.0,F_70_FobbsWUSTL_FR1_FED007FR1Concat.csv
91.0,F_70_FobbsWUSTL_FR1_FED007FR1Concat.csv
1745.0,F_70_FobbsWUSTL_FR1_FED007FR1Concat.csv
186.0,F_70_FobbsWUSTL_FR1_FED007FR1Concat.csv
67.0,F_70_FobbsWUSTL_FR1_FED007FR1Concat.csv
134.0,F_70_FobbsWUSTL_FR1_FED007FR1Concat.csv
28.0,F_70_FobbsWUSTL_FR1_FED007FR1Concat.csv
29.0,F_70_FobbsWUSTL_FR1_FED007FR1Concat.csv
30.0,F_70_FobbsWUSTL_FR1_FED007FR1Concat.csv
1040.0,F_70_FobbsWUSTL_FR1_FED007FR1Concat.csv
435.0,F_70_FobbsWUSTL_FR1_FED007FR1Concat.csv
232.0,F_70_FobbsWUSTL_FR1_FED007FR1Concat.csv
151.0,F_70_FobbsWUSTL_FR1_FED007FR1Concat.csv
64.0,F_70_FobbsWUSTL_FR1_FED007FR1Concat.csv
337.0,F_70_FobbsWUSTL_FR1_FED007FR1Concat.csv
34.0,F_70_FobbsWUSTL_FR1_FED007FR1Concat.csv
42.0,F_70_FobbsWUSTL_FR1_FED007FR1Concat.csv
73.0,F_70_FobbsWUSTL_FR1_FED007FR1Concat.csv
7801.0,F_70_FobbsWUSTL_FR1_FED007FR1Concat.csv
93.0,F_70_FobbsWUSTL_FR1_FED007FR1Concat.csv
36.0,F_70_FobbsWUSTL_FR1_FED007FR1Concat.csv
675.0,F_70_FobbsWUSTL_FR1_FED007FR1Concat.csv
52.0,F_70_FobbsWUSTL_FR1_FED007FR1Concat.csv
305.0,F_70_FobbsWUSTL_FR1_FED007FR1Concat.csv
266.0,F_70_FobbsWUSTL_FR1_FED007FR1Concat.csv
125.0,F_70_FobbsWUSTL_FR1_FED007FR1Concat.csv
30.0,F_70_FobbsWUSTL_FR1_FED007FR1Concat.csv
402.0,F_70_FobbsWUSTL_FR1_FED007FR1Concat.csv
30.0,F_70_FobbsWUSTL_FR1_FED007FR1Concat.csv
1333.0,F_70_FobbsWUSTL_FR1_FED007FR1Concat.csv
51.0,F_70_FobbsWUSTL_FR1_FED007FR1Concat.csv
85.0,F_70_FobbsWUSTL_FR1_FED007FR1Concat.csv
51.0,F_70_FobbsWUSTL_FR1_FED007FR1Concat.csv
77.0,F_70_FobbsWUSTL_FR1_FED007FR1Concat.csv
38.0,F_70_FobbsWUSTL_FR1_FED007FR1Concat.csv
124.0,F_70_FobbsWUSTL_FR1_FED007FR1Concat.csv
27.0,F_70_FobbsWUSTL_FR1_FED007FR1Concat.csv
1329.0,F_70_FobbsWUSTL_FR1_FED007FR1Concat.csv
399.0,F_70_FobbsWUSTL_FR1_FED007FR1Concat.csv
4560.0,F_70_FobbsWUSTL_FR1_FED007FR1Concat.csv
89.0,F_70_FobbsWUSTL_FR1_FED007FR1Concat.csv
62.0,F_70_FobbsWUSTL_FR1_FED007FR1Concat.csv
225.0,F_70_FobbsWUSTL_FR1_FED007FR1Concat.csv
39.0,F_70_FobbsWUSTL_FR1_FED007FR1Concat.csv
205.0,F_70_FobbsWUSTL_FR1_FED007FR1Concat.csv
126.0,F_70_FobbsWUSTL_FR1_FED007FR1Concat.csv
1259.0,F_70_FobbsWUSTL_FR1_FED007FR1Concat.csv
41.0,F_70_FobbsWUSTL_FR1_FED007FR1Concat.csv
29.0,F_70_FobbsWUSTL_FR1_FED007FR1Concat.csv
44.0,F_70_FobbsWUSTL_FR1_FED007FR1Concat.csv
30.0,F_70_FobbsWUSTL_FR1_FED007FR1Concat.csv
46.0,F_70_FobbsWUSTL_FR1_FED007FR1Concat.csv
64.0,F_70_FobbsWUSTL_FR1_FED007FR1Concat.csv
1076.0,F_70_FobbsWUSTL_FR1_FED007FR1Concat.csv
29.0,F_70_FobbsWUSTL_FR1_FED007FR1Concat.csv
52.0,F_70_FobbsWUSTL_FR1_FED007FR1Concat.csv
114.0,F_70_FobbsWUSTL_FR1_FED007FR1Concat.csv
34.0,F_70_FobbsWUSTL_FR1_FED007FR1Concat.csv
1198.0,F_70_FobbsWUSTL_FR1_FED007FR1Concat.csv
87.0,F_70_FobbsWUSTL_FR1_FED007FR1Concat.csv
109.0,F_70_FobbsWUSTL_FR1_FED007FR1Concat.csv
46.0,F_70_FobbsWUSTL_FR1_FED007FR1Concat.csv
31.0,F_70_FobbsWUSTL_FR1_FED007FR1Concat.csv
6212.0,F_70_FobbsWUSTL_FR1_FED007FR1Concat.csv
46.0,F_70_FobbsWUSTL_FR1_FED007FR1Concat.csv
62.0,F_70_FobbsWUSTL_FR1_FED007FR1Concat.csv
38.0,F_70_FobbsWUSTL_FR1_FED007FR1Concat.csv
42.0,F_70_FobbsWUSTL_FR1_FED007FR1Concat.csv
179.0,F_70_FobbsWUSTL_FR1_FED007FR1Concat.csv
152.0,F_70_FobbsWUSTL_FR1_FED007FR1Concat.csv
72.0,F_70_FobbsWUSTL_FR1_FED007FR1Concat.csv
1794.0,F_70_FobbsWUSTL_FR1_FED007FR1Concat.csv
57.0,F_70_FobbsWUSTL_FR1_FED007FR1Concat.csv
4759.0,F_70_FobbsWUSTL_FR1_FED007FR1Concat.csv
43.0,F_70_FobbsWUSTL_FR1_FED007FR1Concat.csv
43.0,F_70_FobbsWUSTL_FR1_FED007FR1Concat.csv
70.0,F_70_FobbsWUSTL_FR1_FED007FR1Concat.csv
4468.0,F_70_FobbsWUSTL_FR1_FED007FR1Concat.csv
143.0,F_70_FobbsWUSTL_FR1_FED007FR1Concat.csv
167.0,F_70_FobbsWUSTL_FR1_FED007FR1Concat.csv
5338.0,F_70_FobbsWUSTL_FR1_FED007FR1Concat.csv
47.0,F_70_FobbsWUSTL_FR1_FED007FR1Concat.csv
116.0,F_70_FobbsWUSTL_FR1_FED007FR1Concat.csv
6569.0,F_70_FobbsWUSTL_FR1_FED007FR1Concat.csv
96.0,F_70_FobbsWUSTL_FR1_FED007FR1Concat.csv
112.0,F_70_FobbsWUSTL_FR1_FED007FR1Concat.csv
288.0,F_70_FobbsWUSTL_FR1_FED007FR1Concat.csv
268.0,F_70_FobbsWUSTL_FR1_FED007FR1Concat.csv
64.0,F_70_FobbsWUSTL_FR1_FED007FR1Concat.csv
767.0,F_70_FobbsWUSTL_FR1_FED007FR1Concat.csv
79.0,F_70_FobbsWUSTL_FR1_FED007FR1Concat.csv
31.0,F_70_FobbsWUSTL_FR1_FED007FR1Concat.csv
280.0,F_70_FobbsWUSTL_FR1_FED007FR1Concat.csv
77.0,F_70_FobbsWUSTL_FR1_FED007FR1Concat.csv
39.0,F_70_FobbsWUSTL_FR1_FED007FR1Concat.csv
7554.0,F_70_FobbsWUSTL_FR1_FED007FR1Concat.csv
38.0,F_70_FobbsWUSTL_FR1_FED007FR1Concat.csv
38.0,F_70_FobbsWUSTL_FR1_FED007FR1Concat.csv
31.0,F_70_FobbsWUSTL_FR1_FED007FR1Concat.csv
25.0,F_70_FobbsWUSTL_FR1_FED007FR1Concat.csv
43.0,F_70_FobbsWUSTL_FR1_FED007FR1Concat.csv
30.0,F_70_FobbsWUSTL_FR1_FED007FR1Concat.csv
224.0,F_71_FobbsWUSTL_FR1_FED008FR1Concat.csv
833.0,F_71_FobbsWUSTL_FR1_FED008FR1Concat.csv
323.0,F_71_FobbsWUSTL_FR1_FED008FR1Concat.csv
4805.0,F_71_FobbsWUSTL_FR1_FED008FR1Concat.csv
346.0,F_71_FobbsWUSTL_FR1_FED008FR1Concat.csv
4131.0,F_71_FobbsWUSTL_FR1_FED008FR1Concat.csv
1248.0,F_71_FobbsWUSTL_FR1_FED008FR1Concat.csv
274.0,F_71_FobbsWUSTL_FR1_FED008FR1Concat.csv
220.0,F_71_FobbsWUSTL_FR1_FED008FR1Concat.csv
424.0,F_71_FobbsWUSTL_FR1_FED008FR1Concat.csv
29.0,F_71_FobbsWUSTL_FR1_FED008FR1Concat.csv
91.0,F_71_FobbsWUSTL_FR1_FED008FR1Concat.csv
148.0,F_71_FobbsWUSTL_FR1_FED008FR1Concat.csv
30.0,F_71_FobbsWUSTL_FR1_FED008FR1Concat.csv
1840.0,F_71_FobbsWUSTL_FR1_FED008FR1Concat.csv
168.0,F_71_FobbsWUSTL_FR1_FED008FR1Concat.csv
137.0,F_71_FobbsWUSTL_FR1_FED008FR1Concat.csv
60.0,F_71_FobbsWUSTL_FR1_FED008FR1Concat.csv
152.0,F_71_FobbsWUSTL_FR1_FED008FR1Concat.csv
69.0,F_71_FobbsWUSTL_FR1_FED008FR1Concat.csv
2791.0,F_71_FobbsWUSTL_FR1_FED008FR1Concat.csv
38.0,F_71_FobbsWUSTL_FR1_FED008FR1Concat.csv
88.0,F_71_FobbsWUSTL_FR1_FED008FR1Concat.csv
383.0,F_71_FobbsWUSTL_FR1_FED008FR1Concat.csv
39.0,F_71_FobbsWUSTL_FR1_FED008FR1Concat.csv
57.0,F_71_FobbsWUSTL_FR1_FED008FR1Concat.csv
38.0,F_71_FobbsWUSTL_FR1_FED008FR1Concat.csv
70.0,F_71_FobbsWUSTL_FR1_FED008FR1Concat.csv
21.0,F_71_FobbsWUSTL_FR1_FED008FR1Concat.csv
26.0,F_71_FobbsWUSTL_FR1_FED008FR1Concat.csv
445.0,F_71_FobbsWUSTL_FR1_FED008FR1Concat.csv
17.0,F_71_FobbsWUSTL_FR1_FED008FR1Concat.csv
41.0,F_71_FobbsWUSTL_FR1_FED008FR1Concat.csv
514.0,F_71_FobbsWUSTL_FR1_FED008FR1Concat.csv
46.0,F_71_FobbsWUSTL_FR1_FED008FR1Concat.csv
50.0,F_71_FobbsWUSTL_FR1_FED008FR1Concat.csv
2447.0,F_71_FobbsWUSTL_FR1_FED008FR1Concat.csv
22.0,F_71_FobbsWUSTL_FR1_FED008FR1Concat.csv
16.0,F_71_FobbsWUSTL_FR1_FED008FR1Concat.csv
841.0,F_71_FobbsWUSTL_FR1_FED008FR1Concat.csv
310.0,F_71_FobbsWUSTL_FR1_FED008FR1Concat.csv
7.0,F_71_FobbsWUSTL_FR1_FED008FR1Concat.csv
820.0,F_71_FobbsWUSTL_FR1_FED008FR1Concat.csv
73.0,F_71_FobbsWUSTL_FR1_FED008FR1Concat.csv
826.0,F_71_FobbsWUSTL_FR1_FED008FR1Concat.csv
65.0,F_71_FobbsWUSTL_FR1_FED008FR1Concat.csv
801.0,F_71_FobbsWUSTL_FR1_FED008FR1Concat.csv
33.0,F_71_FobbsWUSTL_FR1_FED008FR1Concat.csv
231.0,F_71_FobbsWUSTL_FR1_FED008FR1Concat.csv
521.0,F_71_FobbsWUSTL_FR1_FED008FR1Concat.csv
752.0,F_71_FobbsWUSTL_FR1_FED008FR1Concat.csv
32.0,F_71_FobbsWUSTL_FR1_FED008FR1Concat.csv
1036.0,F_71_FobbsWUSTL_FR1_FED008FR1Concat.csv
145.0,F_71_FobbsWUSTL_FR1_FED008FR1Concat.csv
34.0,F_71_FobbsWUSTL_FR1_FED008FR1Concat.csv
11.0,F_71_FobbsWUSTL_FR1_FED008FR1Concat.csv
121.0,F_71_FobbsWUSTL_FR1_FED008FR1Concat.csv
2362.0,F_71_FobbsWUSTL_FR1_FED008FR1Concat.csv
22.0,F_71_FobbsWUSTL_FR1_FED008FR1Concat.csv
100.0,F_71_FobbsWUSTL_FR1_FED008FR1Concat.csv
862.0,F_71_FobbsWUSTL_FR1_FED008FR1Concat.csv
49.0,F_71_FobbsWUSTL_FR1_FED008FR1Concat.csv
477.0,F_71_FobbsWUSTL_FR1_FED008FR1Concat.csv
1997.0,F_71_FobbsWUSTL_FR1_FED008FR1Concat.csv
3221.0,F_71_FobbsWUSTL_FR1_FED008FR1Concat.csv
475.0,F_71_FobbsWUSTL_FR1_FED008FR1Concat.csv
172.0,F_71_FobbsWUSTL_FR1_FED008FR1Concat.csv
60.0,F_71_FobbsWUSTL_FR1_FED008FR1Concat.csv
6167.0,F_71_FobbsWUSTL_FR1_FED008FR1Concat.csv
61.0,F_71_FobbsWUSTL_FR1_FED008FR1Concat.csv
56.0,F_71_FobbsWUSTL_FR1_FED008FR1Concat.csv
127.0,F_71_FobbsWUSTL_FR1_FED008FR1Concat.csv
82.0,F_71_FobbsWUSTL_FR1_FED008FR1Concat.csv
21.0,F_71_FobbsWUSTL_FR1_FED008FR1Concat.csv
13418.0,F_71_FobbsWUSTL_FR1_FED008FR1Concat.csv
187.0,F_71_FobbsWUSTL_FR1_FED008FR1Concat.csv
33.0,F_71_FobbsWUSTL_FR1_FED008FR1Concat.csv
37.0,F_71_FobbsWUSTL_FR1_FED008FR1Concat.csv
36.0,F_71_FobbsWUSTL_FR1_FED008FR1Concat.csv
258.0,F_71_FobbsWUSTL_FR1_FED008FR1Concat.csv
20.0,F_71_FobbsWUSTL_FR1_FED008FR1Concat.csv
22.0,F_71_FobbsWUSTL_FR1_FED008FR1Concat.csv
111.0,F_71_FobbsWUSTL_FR1_FED008FR1Concat.csv
598.0,F_71_FobbsWUSTL_FR1_FED008FR1Concat.csv
59.0,F_71_FobbsWUSTL_FR1_FED008FR1Concat.csv
141.0,F_71_FobbsWUSTL_FR1_FED008FR1Concat.csv
25.0,F_71_FobbsWUSTL_FR1_FED008FR1Concat.csv
5175.0,F_71_FobbsWUSTL_FR1_FED008FR1Concat.csv
6352.0,F_71_FobbsWUSTL_FR1_FED008FR1Concat.csv
40.0,F_71_FobbsWUSTL_FR1_FED008FR1Concat.csv
46.0,F_71_FobbsWUSTL_FR1_FED008FR1Concat.csv
31.0,F_71_FobbsWUSTL_FR1_FED008FR1Concat.csv
16.0,F_71_FobbsWUSTL_FR1_FED008FR1Concat.csv
22.0,F_71_FobbsWUSTL_FR1_FED008FR1Concat.csv
22.0,F_71_FobbsWUSTL_FR1_FED008FR1Concat.csv
24.0,F_71_FobbsWUSTL_FR1_FED008FR1Concat.csv
14.0,F_71_FobbsWUSTL_FR1_FED008FR1Concat.csv
335.0,F_71_FobbsWUSTL_FR1_FED008FR1Concat.csv
213.0,F_71_FobbsWUSTL_FR1_FED008FR1Concat.csv
5587.0,F_71_FobbsWUSTL_FR1_FED008FR1Concat.csv
16.0,F_71_FobbsWUSTL_FR1_FED008FR1Concat.csv
24.0,F_71_FobbsWUSTL_FR1_FED008FR1Concat.csv
20.0,F_71_FobbsWUSTL_FR1_FED008FR1Concat.csv
36.0,F_71_FobbsWUSTL_FR1_FED008FR1Concat.csv
18.0,F_71_FobbsWUSTL_FR1_FED008FR1Concat.csv
30.0,F_71_FobbsWUSTL_FR1_FED008FR1Concat.csv
75.0,F_71_FobbsWUSTL_FR1_FED008FR1Concat.csv
1535.0,M_73_FobbsWUSTL_FR1_FED002FR1Concat.csv
1220.0,M_73_FobbsWUSTL_FR1_FED002FR1Concat.csv
2084.0,M_73_FobbsWUSTL_FR1_FED002FR1Concat.csv
502.0,M_73_FobbsWUSTL_FR1_FED002FR1Concat.csv
883.0,M_73_FobbsWUSTL_FR1_FED002FR1Concat.csv
335.0,M_73_FobbsWUSTL_FR1_FED002FR1Concat.csv
748.0,M_73_FobbsWUSTL_FR1_FED002FR1Concat.csv
1087.0,M_73_FobbsWUSTL_FR1_FED002FR1Concat.csv
91.0,M_73_FobbsWUSTL_FR1_FED002FR1Concat.csv
481.0,M_73_FobbsWUSTL_FR1_FED002FR1Concat.csv
73.0,M_73_FobbsWUSTL_FR1_FED002FR1Concat.csv
163.0,M_73_FobbsWUSTL_FR1_FED002FR1Concat.csv
143.0,M_73_FobbsWUSTL_FR1_FED002FR1Concat.csv
54.0,M_73_FobbsWUSTL_FR1_FED002FR1Concat.csv
71.0,M_73_FobbsWUSTL_FR1_FED002FR1Concat.csv
946.0,M_73_FobbsWUSTL_FR1_FED002FR1Concat.csv
104.0,M_73_FobbsWUSTL_FR1_FED002FR1Concat.csv
63.0,M_73_FobbsWUSTL_FR1_FED002FR1Concat.csv
67.0,M_73_FobbsWUSTL_FR1_FED002FR1Concat.csv
58.0,M_73_FobbsWUSTL_FR1_FED002FR1Concat.csv
81.0,M_73_FobbsWUSTL_FR1_FED002FR1Concat.csv
98.0,M_73_FobbsWUSTL_FR1_FED002FR1Concat.csv
68.0,M_73_FobbsWUSTL_FR1_FED002FR1Concat.csv
48.0,M_73_FobbsWUSTL_FR1_FED002FR1Concat.csv
1144.0,M_73_FobbsWUSTL_FR1_FED002FR1Concat.csv
66.0,M_73_FobbsWUSTL_FR1_FED002FR1Concat.csv
49.0,M_73_FobbsWUSTL_FR1_FED002FR1Concat.csv
30.0,M_73_FobbsWUSTL_FR1_FED002FR1Concat.csv
44.0,M_73_FobbsWUSTL_FR1_FED002FR1Concat.csv
27.0,M_73_FobbsWUSTL_FR1_FED002FR1Concat.csv
64.0,M_73_FobbsWUSTL_FR1_FED002FR1Concat.csv
321.0,M_73_FobbsWUSTL_FR1_FED002FR1Concat.csv
1074.0,M_73_FobbsWUSTL_FR1_FED002FR1Concat.csv
83.0,M_73_FobbsWUSTL_FR1_FED002FR1Concat.csv
63.0,M_73_FobbsWUSTL_FR1_FED002FR1Concat.csv
19.0,M_73_FobbsWUSTL_FR1_FED002FR1Concat.csv
170.0,M_73_FobbsWUSTL_FR1_FED002FR1Concat.csv
92.0,M_73_FobbsWUSTL_FR1_FED002FR1Concat.csv
80.0,M_73_FobbsWUSTL_FR1_FED002FR1Concat.csv
943.0,M_73_FobbsWUSTL_FR1_FED002FR1Concat.csv
1026.0,M_73_FobbsWUSTL_FR1_FED002FR1Concat.csv
79.0,M_73_FobbsWUSTL_FR1_FED002FR1Concat.csv
177.0,M_73_FobbsWUSTL_FR1_FED002FR1Concat.csv
130.0,M_73_FobbsWUSTL_FR1_FED002FR1Concat.csv
3716.0,M_73_FobbsWUSTL_FR1_FED002FR1Concat.csv
109.0,M_73_FobbsWUSTL_FR1_FED002FR1Concat.csv
66.0,M_73_FobbsWUSTL_FR1_FED002FR1Concat.csv
275.0,M_73_FobbsWUSTL_FR1_FED002FR1Concat.csv
35.0,M_73_FobbsWUSTL_FR1_FED002FR1Concat.csv
38.0,M_73_FobbsWUSTL_FR1_FED002FR1Concat.csv
26.0,M_73_FobbsWUSTL_FR1_FED002FR1Concat.csv
37.0,M_73_FobbsWUSTL_FR1_FED002FR1Concat.csv
47.0,M_73_FobbsWUSTL_FR1_FED002FR1Concat.csv
144.0,M_73_FobbsWUSTL_FR1_FED002FR1Concat.csv
74.0,M_73_FobbsWUSTL_FR1_FED002FR1Concat.csv
40.0,M_73_FobbsWUSTL_FR1_FED002FR1Concat.csv
1122.0,M_73_FobbsWUSTL_FR1_FED002FR1Concat.csv
27.0,M_73_FobbsWUSTL_FR1_FED002FR1Concat.csv
40.0,M_73_FobbsWUSTL_FR1_FED002FR1Concat.csv
62.0,M_73_FobbsWUSTL_FR1_FED002FR1Concat.csv
429.0,M_73_FobbsWUSTL_FR1_FED002FR1Concat.csv
89.0,M_73_FobbsWUSTL_FR1_FED002FR1Concat.csv
66.0,M_73_FobbsWUSTL_FR1_FED002FR1Concat.csv
396.0,M_73_FobbsWUSTL_FR1_FED002FR1Concat.csv
1057.0,M_73_FobbsWUSTL_FR1_FED002FR1Concat.csv
35.0,M_73_FobbsWUSTL_FR1_FED002FR1Concat.csv
25.0,M_73_FobbsWUSTL_FR1_FED002FR1Concat.csv
33.0,M_73_FobbsWUSTL_FR1_FED002FR1Concat.csv
26.0,M_73_FobbsWUSTL_FR1_FED002FR1Concat.csv
39.0,M_73_FobbsWUSTL_FR1_FED002FR1Concat.csv
91.0,M_73_FobbsWUSTL_FR1_FED002FR1Concat.csv
121.0,M_73_FobbsWUSTL_FR1_FED002FR1Concat.csv
28.0,M_73_FobbsWUSTL_FR1_FED002FR1Concat.csv
1480.0,M_73_FobbsWUSTL_FR1_FED002FR1Concat.csv
39.0,M_73_FobbsWUSTL_FR1_FED002FR1Concat.csv
38.0,M_73_FobbsWUSTL_FR1_FED002FR1Concat.csv
23.0,M_73_FobbsWUSTL_FR1_FED002FR1Concat.csv
33.0,M_73_FobbsWUSTL_FR1_FED002FR1Concat.csv
32.0,M_73_FobbsWUSTL_FR1_FED002FR1Concat.csv
307.0,M_73_FobbsWUSTL_FR1_FED002FR1Concat.csv
4853.0,M_73_FobbsWUSTL_FR1_FED002FR1Concat.csv
49.0,M_73_FobbsWUSTL_FR1_FED002FR1Concat.csv
47.0,M_73_FobbsWUSTL_FR1_FED002FR1Concat.csv
25.0,M_73_FobbsWUSTL_FR1_FED002FR1Concat.csv
20.0,M_73_FobbsWUSTL_FR1_FED002FR1Concat.csv
39.0,M_73_FobbsWUSTL_FR1_FED002FR1Concat.csv
33.0,M_73_FobbsWUSTL_FR1_FED002FR1Concat.csv
2700.0,M_73_FobbsWUSTL_FR1_FED002FR1Concat.csv
120.0,M_73_FobbsWUSTL_FR1_FED002FR1Concat.csv
59.0,M_73_FobbsWUSTL_FR1_FED002FR1Concat.csv
111.0,M_73_FobbsWUSTL_FR1_FED002FR1Concat.csv
39.0,M_73_FobbsWUSTL_FR1_FED002FR1Concat.csv
27.0,M_73_FobbsWUSTL_FR1_FED002FR1Concat.csv
11.0,M_73_FobbsWUSTL_FR1_FED002FR1Concat.csv
32.0,M_73_FobbsWUSTL_FR1_FED002FR1Concat.csv
34.0,M_73_FobbsWUSTL_FR1_FED002FR1Concat.csv
207.0,M_73_FobbsWUSTL_FR1_FED002FR1Concat.csv
243.0,M_73_FobbsWUSTL_FR1_FED002FR1Concat.csv
21.0,M_73_FobbsWUSTL_FR1_FED002FR1Concat.csv
47.0,M_73_FobbsWUSTL_FR1_FED002FR1Concat.csv
83.0,M_73_FobbsWUSTL_FR1_FED002FR1Concat.csv
155.0,M_73_FobbsWUSTL_FR1_FED002FR1Concat.csv
571.0,M_73_FobbsWUSTL_FR1_FED002FR1Concat.csv
393.0,M_73_FobbsWUSTL_FR1_FED002FR1Concat.csv
174.0,M_73_FobbsWUSTL_FR1_FED002FR1Concat.csv
73.0,M_73_FobbsWUSTL_FR1_FED002FR1Concat.csv
399.0,M_73_FobbsWUSTL_FR1_FED002FR1Concat.csv
336.0,M_73_FobbsWUSTL_FR1_FED002FR1Concat.csv
321.0,M_73_FobbsWUSTL_FR1_FED002FR1Concat.csv
41.0,M_73_FobbsWUSTL_FR1_FED002FR1Concat.csv
92.0,M_73_FobbsWUSTL_FR1_FED002FR1Concat.csv
25.0,M_73_FobbsWUSTL_FR1_FED002FR1Concat.csv
468.0,M_73_FobbsWUSTL_FR1_FED002FR1Concat.csv
43.0,M_73_FobbsWUSTL_FR1_FED002FR1Concat.csv
1155.0,M_73_FobbsWUSTL_FR1_FED002FR1Concat.csv
354.0,M_73_FobbsWUSTL_FR1_FED002FR1Concat.csv
5516.0,M_73_FobbsWUSTL_FR1_FED002FR1Concat.csv
406.0,M_73_FobbsWUSTL_FR1_FED002FR1Concat.csv
30.0,M_73_FobbsWUSTL_FR1_FED002FR1Concat.csv
23.0,M_73_FobbsWUSTL_FR1_FED002FR1Concat.csv
4667.0,M_73_FobbsWUSTL_FR1_FED002FR1Concat.csv
157.0,M_73_FobbsWUSTL_FR1_FED002FR1Concat.csv
61.0,M_73_FobbsWUSTL_FR1_FED002FR1Concat.csv
34.0,M_73_FobbsWUSTL_FR1_FED002FR1Concat.csv
35.0,M_73_FobbsWUSTL_FR1_FED002FR1Concat.csv
32.0,M_73_FobbsWUSTL_FR1_FED002FR1Concat.csv
29.0,M_73_FobbsWUSTL_FR1_FED002FR1Concat.csv
1491.0,M_73_FobbsWUSTL_FR1_FED002FR1Concat.csv
5043.0,M_73_FobbsWUSTL_FR1_FED002FR1Concat.csv
37.0,M_73_FobbsWUSTL_FR1_FED002FR1Concat.csv
47.0,M_73_FobbsWUSTL_FR1_FED002FR1Concat.csv
24.0,M_73_FobbsWUSTL_FR1_FED002FR1Concat.csv
32.0,M_73_FobbsWUSTL_FR1_FED002FR1Concat.csv
30.0,M_73_FobbsWUSTL_FR1_FED002FR1Concat.csv
34.0,M_73_FobbsWUSTL_FR1_FED002FR1Concat.csv
409.0,M_73_FobbsWUSTL_FR1_FED002FR1Concat.csv
6675.0,M_73_FobbsWUSTL_FR1_FED002FR1Concat.csv
63.0,M_73_FobbsWUSTL_FR1_FED002FR1Concat.csv
38.0,M_73_FobbsWUSTL_FR1_FED002FR1Concat.csv
29.0,M_73_FobbsWUSTL_FR1_FED002FR1Concat.csv
35.0,M_73_FobbsWUSTL_FR1_FED002FR1Concat.csv
3586.0,M_73_FobbsWUSTL_FR1_FED002FR1Concat.csv
133.0,M_73_FobbsWUSTL_FR1_FED002FR1Concat.csv
4576.0,M_73_FobbsWUSTL_FR1_FED002FR1Concat.csv
302.0,M_73_FobbsWUSTL_FR1_FED002FR1Concat.csv
159.0,M_73_FobbsWUSTL_FR1_FED002FR1Concat.csv
118.0,M_73_FobbsWUSTL_FR1_FED002FR1Concat.csv
827.0,M_73_FobbsWUSTL_FR1_FED002FR1Concat.csv
190.0,M_73_FobbsWUSTL_FR1_FED002FR1Concat.csv
6649.0,M_73_FobbsWUSTL_FR1_FED002FR1Concat.csv
42.0,M_73_FobbsWUSTL_FR1_FED002FR1Concat.csv
34.0,M_73_FobbsWUSTL_FR1_FED002FR1Concat.csv
31.0,M_73_FobbsWUSTL_FR1_FED002FR1Concat.csv
32.0,M_73_FobbsWUSTL_FR1_FED002FR1Concat.csv
39.0,M_73_FobbsWUSTL_FR1_FED002FR1Concat.csv
54.0,M_73_FobbsWUSTL_FR1_FED002FR1Concat.csv
46.0,M_73_FobbsWUSTL_FR1_FED002FR1Concat.csv
29.0,M_73_FobbsWUSTL_FR1_FED002FR1Concat.csv
27.0,M_73_FobbsWUSTL_FR1_FED002FR1Concat.csv
24.0,M_73_FobbsWUSTL_FR1_FED002FR1Concat.csv
26.0,M_73_FobbsWUSTL_FR1_FED002FR1Concat.csv
1632.0,M_72_FobbsWUSTL_FR1_FED001FR1Concat.csv
138.0,M_72_FobbsWUSTL_FR1_FED001FR1Concat.csv
101.0,M_72_FobbsWUSTL_FR1_FED001FR1Concat.csv
452.0,M_72_FobbsWUSTL_FR1_FED001FR1Concat.csv
203.0,M_72_FobbsWUSTL_FR1_FED001FR1Concat.csv
166.0,M_72_FobbsWUSTL_FR1_FED001FR1Concat.csv
111.0,M_72_FobbsWUSTL_FR1_FED001FR1Concat.csv
72.0,M_72_FobbsWUSTL_FR1_FED001FR1Concat.csv
162.0,M_72_FobbsWUSTL_FR1_FED001FR1Concat.csv
59.0,M_72_FobbsWUSTL_FR1_FED001FR1Concat.csv
138.0,M_72_FobbsWUSTL_FR1_FED001FR1Concat.csv
1359.0,M_72_FobbsWUSTL_FR1_FED001FR1Concat.csv
373.0,M_72_FobbsWUSTL_FR1_FED001FR1Concat.csv
319.0,M_72_FobbsWUSTL_FR1_FED001FR1Concat.csv
139.0,M_72_FobbsWUSTL_FR1_FED001FR1Concat.csv
170.0,M_72_FobbsWUSTL_FR1_FED001FR1Concat.csv
39.0,M_72_FobbsWUSTL_FR1_FED001FR1Concat.csv
37.0,M_72_FobbsWUSTL_FR1_FED001FR1Concat.csv
85.0,M_72_FobbsWUSTL_FR1_FED001FR1Concat.csv
193.0,M_72_FobbsWUSTL_FR1_FED001FR1Concat.csv
1925.0,M_72_FobbsWUSTL_FR1_FED001FR1Concat.csv
136.0,M_72_FobbsWUSTL_FR1_FED001FR1Concat.csv
46.0,M_72_FobbsWUSTL_FR1_FED001FR1Concat.csv
71.0,M_72_FobbsWUSTL_FR1_FED001FR1Concat.csv
53.0,M_72_FobbsWUSTL_FR1_FED001FR1Concat.csv
86.0,M_72_FobbsWUSTL_FR1_FED001FR1Concat.csv
480.0,M_72_FobbsWUSTL_FR1_FED001FR1Concat.csv
35.0,M_72_FobbsWUSTL_FR1_FED001FR1Concat.csv
27.0,M_72_FobbsWUSTL_FR1_FED001FR1Concat.csv
34.0,M_72_FobbsWUSTL_FR1_FED001FR1Concat.csv
31.0,M_72_FobbsWUSTL_FR1_FED001FR1Concat.csv
48.0,M_72_FobbsWUSTL_FR1_FED001FR1Concat.csv
20.0,M_72_FobbsWUSTL_FR1_FED001FR1Concat.csv
386.0,M_72_FobbsWUSTL_FR1_FED001FR1Concat.csv
3419.0,M_72_FobbsWUSTL_FR1_FED001FR1Concat.csv
82.0,M_72_FobbsWUSTL_FR1_FED001FR1Concat.csv
32.0,M_72_FobbsWUSTL_FR1_FED001FR1Concat.csv
22.0,M_72_FobbsWUSTL_FR1_FED001FR1Concat.csv
50.0,M_72_FobbsWUSTL_FR1_FED001FR1Concat.csv
48.0,M_72_FobbsWUSTL_FR1_FED001FR1Concat.csv
34.0,M_72_FobbsWUSTL_FR1_FED001FR1Concat.csv
36.0,M_72_FobbsWUSTL_FR1_FED001FR1Concat.csv
106.0,M_72_FobbsWUSTL_FR1_FED001FR1Concat.csv
33.0,M_72_FobbsWUSTL_FR1_FED001FR1Concat.csv
33.0,M_72_FobbsWUSTL_FR1_FED001FR1Concat.csv
501.0,M_72_FobbsWUSTL_FR1_FED001FR1Concat.csv
162.0,M_72_FobbsWUSTL_FR1_FED001FR1Concat.csv
36.0,M_72_FobbsWUSTL_FR1_FED001FR1Concat.csv
30.0,M_72_FobbsWUSTL_FR1_FED001FR1Concat.csv
622.0,M_72_FobbsWUSTL_FR1_FED001FR1Concat.csv
38.0,M_72_FobbsWUSTL_FR1_FED001FR1Concat.csv
5463.0,M_72_FobbsWUSTL_FR1_FED001FR1Concat.csv
102.0,M_72_FobbsWUSTL_FR1_FED001FR1Concat.csv
60.0,M_72_FobbsWUSTL_FR1_FED001FR1Concat.csv
30.0,M_72_FobbsWUSTL_FR1_FED001FR1Concat.csv
10.0,M_72_FobbsWUSTL_FR1_FED001FR1Concat.csv
26.0,M_72_FobbsWUSTL_FR1_FED001FR1Concat.csv
36.0,M_72_FobbsWUSTL_FR1_FED001FR1Concat.csv
42.0,M_72_FobbsWUSTL_FR1_FED001FR1Concat.csv
72.0,M_72_FobbsWUSTL_FR1_FED001FR1Concat.csv
122.0,M_72_FobbsWUSTL_FR1_FED001FR1Concat.csv
82.0,M_72_FobbsWUSTL_FR1_FED001FR1Concat.csv
193.0,M_72_FobbsWUSTL_FR1_FED001FR1Concat.csv
74.0,M_72_FobbsWUSTL_FR1_FED001FR1Concat.csv
202.0,M_72_FobbsWUSTL_FR1_FED001FR1Concat.csv
101.0,M_72_FobbsWUSTL_FR1_FED001FR1Concat.csv
29.0,M_72_FobbsWUSTL_FR1_FED001FR1Concat.csv
546.0,M_72_FobbsWUSTL_FR1_FED001FR1Concat.csv
107.0,M_72_FobbsWUSTL_FR1_FED001FR1Concat.csv
81.0,M_72_FobbsWUSTL_FR1_FED001FR1Concat.csv
495.0,M_72_FobbsWUSTL_FR1_FED001FR1Concat.csv
305.0,M_72_FobbsWUSTL_FR1_FED001FR1Concat.csv
476.0,M_72_FobbsWUSTL_FR1_FED001FR1Concat.csv
6941.0,M_72_FobbsWUSTL_FR1_FED001FR1Concat.csv
398.0,M_72_FobbsWUSTL_FR1_FED001FR1Concat.csv
73.0,M_72_FobbsWUSTL_FR1_FED001FR1Concat.csv
37.0,M_72_FobbsWUSTL_FR1_FED001FR1Concat.csv
29.0,M_72_FobbsWUSTL_FR1_FED001FR1Concat.csv
27.0,M_72_FobbsWUSTL_FR1_FED001FR1Concat.csv
86.0,M_72_FobbsWUSTL_FR1_FED001FR1Concat.csv
26.0,M_72_FobbsWUSTL_FR1_FED001FR1Concat.csv
32.0,M_72_FobbsWUSTL_FR1_FED001FR1Concat.csv
30.0,M_72_FobbsWUSTL_FR1_FED001FR1Concat.csv
29.0,M_72_FobbsWUSTL_FR1_FED001FR1Concat.csv
4052.0,M_72_FobbsWUSTL_FR1_FED001FR1Concat.csv
40.0,M_72_FobbsWUSTL_FR1_FED001FR1Concat.csv
32.0,M_72_FobbsWUSTL_FR1_FED001FR1Concat.csv
35.0,M_72_FobbsWUSTL_FR1_FED001FR1Concat.csv
214.0,M_72_FobbsWUSTL_FR1_FED001FR1Concat.csv
39.0,M_72_FobbsWUSTL_FR1_FED001FR1Concat.csv
43.0,M_72_FobbsWUSTL_FR1_FED001FR1Concat.csv
128.0,M_72_FobbsWUSTL_FR1_FED001FR1Concat.csv
698.0,M_72_FobbsWUSTL_FR1_FED001FR1Concat.csv
39.0,M_72_FobbsWUSTL_FR1_FED001FR1Concat.csv
61.0,M_72_FobbsWUSTL_FR1_FED001FR1Concat.csv
645.0,M_72_FobbsWUSTL_FR1_FED001FR1Concat.csv
32.0,M_72_FobbsWUSTL_FR1_FED001FR1Concat.csv
41.0,M_72_FobbsWUSTL_FR1_FED001FR1Concat.csv
43.0,M_72_FobbsWUSTL_FR1_FED001FR1Concat.csv
45.0,M_72_FobbsWUSTL_FR1_FED001FR1Concat.csv
191.0,M_72_FobbsWUSTL_FR1_FED001FR1Concat.csv
468.0,M_72_FobbsWUSTL_FR1_FED001FR1Concat.csv
41.0,M_72_FobbsWUSTL_FR1_FED001FR1Concat.csv
80.0,M_72_FobbsWUSTL_FR1_FED001FR1Concat.csv
2283.0,M_72_FobbsWUSTL_FR1_FED001FR1Concat.csv
34.0,M_72_FobbsWUSTL_FR1_FED001FR1Concat.csv
28.0,M_72_FobbsWUSTL_FR1_FED001FR1Concat.csv
54.0,M_72_FobbsWUSTL_FR1_FED001FR1Concat.csv
43.0,M_72_FobbsWUSTL_FR1_FED001FR1Concat.csv
35.0,M_72_FobbsWUSTL_FR1_FED001FR1Concat.csv
34.0,M_72_FobbsWUSTL_FR1_FED001FR1Concat.csv
30.0,M_72_FobbsWUSTL_FR1_FED001FR1Concat.csv
32.0,M_72_FobbsWUSTL_FR1_FED001FR1Concat.csv
82.0,M_72_FobbsWUSTL_FR1_FED001FR1Concat.csv
50.0,M_72_FobbsWUSTL_FR1_FED001FR1Concat.csv
4540.0,M_72_FobbsWUSTL_FR1_FED001FR1Concat.csv
62.0,M_72_FobbsWUSTL_FR1_FED001FR1Concat.csv
29.0,M_72_FobbsWUSTL_FR1_FED001FR1Concat.csv
26.0,M_72_FobbsWUSTL_FR1_FED001FR1Concat.csv
48.0,M_72_FobbsWUSTL_FR1_FED001FR1Concat.csv
31.0,M_72_FobbsWUSTL_FR1_FED001FR1Concat.csv
94.0,M_72_FobbsWUSTL_FR1_FED001FR1Concat.csv
208.0,M_72_FobbsWUSTL_FR1_FED001FR1Concat.csv
38.0,M_72_FobbsWUSTL_FR1_FED001FR1Concat.csv
39.0,M_72_FobbsWUSTL_FR1_FED001FR1Concat.csv
1276.0,M_72_FobbsWUSTL_FR1_FED001FR1Concat.csv
6178.0,M_72_FobbsWUSTL_FR1_FED001FR1Concat.csv
77.0,M_72_FobbsWUSTL_FR1_FED001FR1Concat.csv
72.0,M_72_FobbsWUSTL_FR1_FED001FR1Concat.csv
58.0,M_72_FobbsWUSTL_FR1_FED001FR1Concat.csv
27.0,M_72_FobbsWUSTL_FR1_FED001FR1Concat.csv
31.0,M_72_FobbsWUSTL_FR1_FED001FR1Concat.csv
4995.0,M_72_FobbsWUSTL_FR1_FED001FR1Concat.csv
112.0,M_72_FobbsWUSTL_FR1_FED001FR1Concat.csv
295.0,M_72_FobbsWUSTL_FR1_FED001FR1Concat.csv
424.0,M_72_FobbsWUSTL_FR1_FED001FR1Concat.csv
654.0,M_72_FobbsWUSTL_FR1_FED001FR1Concat.csv
11422.0,M_72_FobbsWUSTL_FR1_FED001FR1Concat.csv
43.0,M_72_FobbsWUSTL_FR1_FED001FR1Concat.csv
316.0,M_72_FobbsWUSTL_FR1_FED001FR1Concat.csv
151.0,M_72_FobbsWUSTL_FR1_FED001FR1Concat.csv
30.0,M_72_FobbsWUSTL_FR1_FED001FR1Concat.csv
25.0,M_72_FobbsWUSTL_FR1_FED001FR1Concat.csv
50.0,M_72_FobbsWUSTL_FR1_FED001FR1Concat.csv
7338.0,M_72_FobbsWUSTL_FR1_FED001FR1Concat.csv
30.0,M_72_FobbsWUSTL_FR1_FED001FR1Concat.csv
40.0,M_72_FobbsWUSTL_FR1_FED001FR1Concat.csv
41.0,M_72_FobbsWUSTL_FR1_FED001FR1Concat.csv
28.0,M_72_FobbsWUSTL_FR1_FED001FR1Concat.csv
30.0,M_72_FobbsWUSTL_FR1_FED001FR1Concat.csv
38.0,M_72_FobbsWUSTL_FR1_FED001FR1Concat.csv
25.0,M_72_FobbsWUSTL_FR1_FED001FR1Concat.csv
33.0,M_72_FobbsWUSTL_FR1_FED001FR1Concat.csv
23.0,M_72_FobbsWUSTL_FR1_FED001FR1Concat.csv
25.0,M_72_FobbsWUSTL_FR1_FED001FR1Concat.csv
36.0,M_72_FobbsWUSTL_FR1_FED001FR1Concat.csv
35.0,M_72_FobbsWUSTL_FR1_FED001FR1Concat.csv
92.0,M_72_FobbsWUSTL_FR1_FED001FR1Concat.csv
257.0,M_72_FobbsWUSTL_FR1_FED001FR1Concat.csv
59.0,M_72_FobbsWUSTL_FR1_FED001FR1Concat.csv
165.0,M_72_FobbsWUSTL_FR1_FED001FR1Concat.csv
38.0,M_72_FobbsWUSTL_FR1_FED001FR1Concat.csv
5797.0,M_72_FobbsWUSTL_FR1_FED001FR1Concat.csv
1008.0,M_74_FobbsWUSTL_FR1_FED003FR1Concat.csv
2028.0,M_74_FobbsWUSTL_FR1_FED003FR1Concat.csv
104.0,M_74_FobbsWUSTL_FR1_FED003FR1Concat.csv
2882.0,M_74_FobbsWUSTL_FR1_FED003FR1Concat.csv
646.0,M_74_FobbsWUSTL_FR1_FED003FR1Concat.csv
219.0,M_74_FobbsWUSTL_FR1_FED003FR1Concat.csv
1299.0,M_74_FobbsWUSTL_FR1_FED003FR1Concat.csv
1411.0,M_74_FobbsWUSTL_FR1_FED003FR1Concat.csv
770.0,M_74_FobbsWUSTL_FR1_FED003FR1Concat.csv
2084.0,M_74_FobbsWUSTL_FR1_FED003FR1Concat.csv
401.0,M_74_FobbsWUSTL_FR1_FED003FR1Concat.csv
174.0,M_74_FobbsWUSTL_FR1_FED003FR1Concat.csv
76.0,M_74_FobbsWUSTL_FR1_FED003FR1Concat.csv
115.0,M_74_FobbsWUSTL_FR1_FED003FR1Concat.csv
71.0,M_74_FobbsWUSTL_FR1_FED003FR1Concat.csv
142.0,M_74_FobbsWUSTL_FR1_FED003FR1Concat.csv
144.0,M_74_FobbsWUSTL_FR1_FED003FR1Concat.csv
43.0,M_74_FobbsWUSTL_FR1_FED003FR1Concat.csv
164.0,M_74_FobbsWUSTL_FR1_FED003FR1Concat.csv
144.0,M_74_FobbsWUSTL_FR1_FED003FR1Concat.csv
171.0,M_74_FobbsWUSTL_FR1_FED003FR1Concat.csv
67.0,M_74_FobbsWUSTL_FR1_FED003FR1Concat.csv
25.0,M_74_FobbsWUSTL_FR1_FED003FR1Concat.csv
25.0,M_74_FobbsWUSTL_FR1_FED003FR1Concat.csv
25.0,M_74_FobbsWUSTL_FR1_FED003FR1Concat.csv
3728.0,M_74_FobbsWUSTL_FR1_FED003FR1Concat.csv
445.0,M_74_FobbsWUSTL_FR1_FED003FR1Concat.csv
42.0,M_74_FobbsWUSTL_FR1_FED003FR1Concat.csv
43.0,M_74_FobbsWUSTL_FR1_FED003FR1Concat.csv
34.0,M_74_FobbsWUSTL_FR1_FED003FR1Concat.csv
26.0,M_74_FobbsWUSTL_FR1_FED003FR1Concat.csv
34.0,M_74_FobbsWUSTL_FR1_FED003FR1Concat.csv
59.0,M_74_FobbsWUSTL_FR1_FED003FR1Concat.csv
37.0,M_74_FobbsWUSTL_FR1_FED003FR1Concat.csv
45.0,M_74_FobbsWUSTL_FR1_FED003FR1Concat.csv
26.0,M_74_FobbsWUSTL_FR1_FED003FR1Concat.csv
513.0,M_74_FobbsWUSTL_FR1_FED003FR1Concat.csv
27.0,M_74_FobbsWUSTL_FR1_FED003FR1Concat.csv
95.0,M_74_FobbsWUSTL_FR1_FED003FR1Concat.csv
27.0,M_74_FobbsWUSTL_FR1_FED003FR1Concat.csv
1730.0,M_74_FobbsWUSTL_FR1_FED003FR1Concat.csv
2070.0,M_74_FobbsWUSTL_FR1_FED003FR1Concat.csv
39.0,M_74_FobbsWUSTL_FR1_FED003FR1Concat.csv
43.0,M_74_FobbsWUSTL_FR1_FED003FR1Concat.csv
538.0,M_74_FobbsWUSTL_FR1_FED003FR1Concat.csv
24.0,M_74_FobbsWUSTL_FR1_FED003FR1Concat.csv
21.0,M_74_FobbsWUSTL_FR1_FED003FR1Concat.csv
25.0,M_74_FobbsWUSTL_FR1_FED003FR1Concat.csv
31.0,M_74_FobbsWUSTL_FR1_FED003FR1Concat.csv
880.0,M_74_FobbsWUSTL_FR1_FED003FR1Concat.csv
24.0,M_74_FobbsWUSTL_FR1_FED003FR1Concat.csv
21.0,M_74_FobbsWUSTL_FR1_FED003FR1Concat.csv
20.0,M_74_FobbsWUSTL_FR1_FED003FR1Concat.csv
18.0,M_74_FobbsWUSTL_FR1_FED003FR1Concat.csv
23.0,M_74_FobbsWUSTL_FR1_FED003FR1Concat.csv
4398.0,M_74_FobbsWUSTL_FR1_FED003FR1Concat.csv
33.0,M_74_FobbsWUSTL_FR1_FED003FR1Concat.csv
17.0,M_74_FobbsWUSTL_FR1_FED003FR1Concat.csv
26.0,M_74_FobbsWUSTL_FR1_FED003FR1Concat.csv
25.0,M_74_FobbsWUSTL_FR1_FED003FR1Concat.csv
22.0,M_74_FobbsWUSTL_FR1_FED003FR1Concat.csv
280.0,M_74_FobbsWUSTL_FR1_FED003FR1Concat.csv
1786.0,M_74_FobbsWUSTL_FR1_FED003FR1Concat.csv
988.0,M_74_FobbsWUSTL_FR1_FED003FR1Concat.csv
24.0,M_74_FobbsWUSTL_FR1_FED003FR1Concat.csv
19.0,M_74_FobbsWUSTL_FR1_FED003FR1Concat.csv
23.0,M_74_FobbsWUSTL_FR1_FED003FR1Concat.csv
24.0,M_74_FobbsWUSTL_FR1_FED003FR1Concat.csv
26.0,M_74_FobbsWUSTL_FR1_FED003FR1Concat.csv
27.0,M_74_FobbsWUSTL_FR1_FED003FR1Concat.csv
1384.0,M_74_FobbsWUSTL_FR1_FED003FR1Concat.csv
32.0,M_74_FobbsWUSTL_FR1_FED003FR1Concat.csv
186.0,M_74_FobbsWUSTL_FR1_FED003FR1Concat.csv
27.0,M_74_FobbsWUSTL_FR1_FED003FR1Concat.csv
26.0,M_74_FobbsWUSTL_FR1_FED003FR1Concat.csv
97.0,M_74_FobbsWUSTL_FR1_FED003FR1Concat.csv
1466.0,M_74_FobbsWUSTL_FR1_FED003FR1Concat.csv
30.0,M_74_FobbsWUSTL_FR1_FED003FR1Concat.csv
23.0,M_74_FobbsWUSTL_FR1_FED003FR1Concat.csv
21.0,M_74_FobbsWUSTL_FR1_FED003FR1Concat.csv
18.0,M_74_FobbsWUSTL_FR1_FED003FR1Concat.csv
22.0,M_74_FobbsWUSTL_FR1_FED003FR1Concat.csv
601.0,M_74_FobbsWUSTL_FR1_FED003FR1Concat.csv
21.0,M_74_FobbsWUSTL_FR1_FED003FR1Concat.csv
22.0,M_74_FobbsWUSTL_FR1_FED003FR1Concat.csv
1555.0,M_74_FobbsWUSTL_FR1_FED003FR1Concat.csv
25.0,M_74_FobbsWUSTL_FR1_FED003FR1Concat.csv
21.0,M_74_FobbsWUSTL_FR1_FED003FR1Concat.csv
20.0,M_74_FobbsWUSTL_FR1_FED003FR1Concat.csv
20.0,M_74_FobbsWUSTL_FR1_FED003FR1Concat.csv
21.0,M_74_FobbsWUSTL_FR1_FED003FR1Concat.csv
20.0,M_74_FobbsWUSTL_FR1_FED003FR1Concat.csv
768.0,M_74_FobbsWUSTL_FR1_FED003FR1Concat.csv
260.0,M_74_FobbsWUSTL_FR1_FED003FR1Concat.csv
1348.0,M_74_FobbsWUSTL_FR1_FED003FR1Concat.csv
4895.0,M_74_FobbsWUSTL_FR1_FED003FR1Concat.csv
24.0,M_74_FobbsWUSTL_FR1_FED003FR1Concat.csv
19.0,M_74_FobbsWUSTL_FR1_FED003FR1Concat.csv
160.0,M_74_FobbsWUSTL_FR1_FED003FR1Concat.csv
22.0,M_74_FobbsWUSTL_FR1_FED003FR1Concat.csv
27.0,M_74_FobbsWUSTL_FR1_FED003FR1Concat.csv
882.0,M_74_FobbsWUSTL_FR1_FED003FR1Concat.csv
30.0,M_74_FobbsWUSTL_FR1_FED003FR1Concat.csv
17.0,M_74_FobbsWUSTL_FR1_FED003FR1Concat.csv
5262.0,M_74_FobbsWUSTL_FR1_FED003FR1Concat.csv
3003.0,M_74_FobbsWUSTL_FR1_FED003FR1Concat.csv
904.0,M_74_FobbsWUSTL_FR1_FED003FR1Concat.csv
171.0,M_74_FobbsWUSTL_FR1_FED003FR1Concat.csv
30.0,M_74_FobbsWUSTL_FR1_FED003FR1Concat.csv
759.0,M_74_FobbsWUSTL_FR1_FED003FR1Concat.csv
78.0,M_74_FobbsWUSTL_FR1_FED003FR1Concat.csv
5873.0,M_74_FobbsWUSTL_FR1_FED003FR1Concat.csv
25.0,M_74_FobbsWUSTL_FR1_FED003FR1Concat.csv
35.0,M_74_FobbsWUSTL_FR1_FED003FR1Concat.csv
268.0,M_74_FobbsWUSTL_FR1_FED003FR1Concat.csv
480.0,M_74_FobbsWUSTL_FR1_FED003FR1Concat.csv
10461.0,M_74_FobbsWUSTL_FR1_FED003FR1Concat.csv
2146.0,M_74_FobbsWUSTL_FR1_FED003FR1Concat.csv
526.0,M_74_FobbsWUSTL_FR1_FED003FR1Concat.csv
37.0,M_74_FobbsWUSTL_FR1_FED003FR1Concat.csv
47.0,M_74_FobbsWUSTL_FR1_FED003FR1Concat.csv
30.0,M_74_FobbsWUSTL_FR1_FED003FR1Concat.csv
19.0,M_74_FobbsWUSTL_FR1_FED003FR1Concat.csv
37.0,M_74_FobbsWUSTL_FR1_FED003FR1Concat.csv
26.0,M_74_FobbsWUSTL_FR1_FED003FR1Concat.csv
25.0,M_74_FobbsWUSTL_FR1_FED003FR1Concat.csv
22.0,M_74_FobbsWUSTL_FR1_FED003FR1Concat.csv
7382.0,M_74_FobbsWUSTL_FR1_FED003FR1Concat.csv
68.0,M_74_FobbsWUSTL_FR1_FED003FR1Concat.csv
27.0,M_74_FobbsWUSTL_FR1_FED003FR1Concat.csv
43.0,M_74_FobbsWUSTL_FR1_FED003FR1Concat.csv
28.0,M_74_FobbsWUSTL_FR1_FED003FR1Concat.csv
23.0,M_74_FobbsWUSTL_FR1_FED003FR1Concat.csv
22.0,M_74_FobbsWUSTL_FR1_FED003FR1Concat.csv
20.0,M_74_FobbsWUSTL_FR1_FED003FR1Concat.csv
26.0,M_74_FobbsWUSTL_FR1_FED003FR1Concat.csv
4971.0,M_75_FobbsWUSTL_FR1_FED004FR1Concat.csv
2908.0,M_75_FobbsWUSTL_FR1_FED004FR1Concat.csv
2609.0,M_75_FobbsWUSTL_FR1_FED004FR1Concat.csv
2781.0,M_75_FobbsWUSTL_FR1_FED004FR1Concat.csv
10407.0,M_75_FobbsWUSTL_FR1_FED004FR1Concat.csv
50.0,M_75_FobbsWUSTL_FR1_FED004FR1Concat.csv
40.0,M_75_FobbsWUSTL_FR1_FED004FR1Concat.csv
96.0,M_75_FobbsWUSTL_FR1_FED004FR1Concat.csv
527.0,M_75_FobbsWUSTL_FR1_FED004FR1Concat.csv
10749.0,M_75_FobbsWUSTL_FR1_FED004FR1Concat.csv
165.0,M_75_FobbsWUSTL_FR1_FED004FR1Concat.csv
811.0,M_75_FobbsWUSTL_FR1_FED004FR1Concat.csv
5822.0,M_75_FobbsWUSTL_FR1_FED004FR1Concat.csv
296.0,M_75_FobbsWUSTL_FR1_FED004FR1Concat.csv
112.0,M_75_FobbsWUSTL_FR1_FED004FR1Concat.csv
147.0,M_75_FobbsWUSTL_FR1_FED004FR1Concat.csv
316.0,M_75_FobbsWUSTL_FR1_FED004FR1Concat.csv
25.0,M_75_FobbsWUSTL_FR1_FED004FR1Concat.csv
128.0,M_75_FobbsWUSTL_FR1_FED004FR1Concat.csv
79.0,M_75_FobbsWUSTL_FR1_FED004FR1Concat.csv
32.0,M_75_FobbsWUSTL_FR1_FED004FR1Concat.csv
44.0,M_75_FobbsWUSTL_FR1_FED004FR1Concat.csv
27.0,M_75_FobbsWUSTL_FR1_FED004FR1Concat.csv
45.0,M_75_FobbsWUSTL_FR1_FED004FR1Concat.csv
36.0,M_75_FobbsWUSTL_FR1_FED004FR1Concat.csv
33.0,M_75_FobbsWUSTL_FR1_FED004FR1Concat.csv
88.0,M_75_FobbsWUSTL_FR1_FED004FR1Concat.csv
1833.0,M_75_FobbsWUSTL_FR1_FED004FR1Concat.csv
108.0,M_75_FobbsWUSTL_FR1_FED004FR1Concat.csv
23.0,M_75_FobbsWUSTL_FR1_FED004FR1Concat.csv
8871.0,M_75_FobbsWUSTL_FR1_FED004FR1Concat.csv
28.0,M_75_FobbsWUSTL_FR1_FED004FR1Concat.csv
17.0,M_75_FobbsWUSTL_FR1_FED004FR1Concat.csv
40.0,M_75_FobbsWUSTL_FR1_FED004FR1Concat.csv
30.0,M_75_FobbsWUSTL_FR1_FED004FR1Concat.csv
30.0,M_75_FobbsWUSTL_FR1_FED004FR1Concat.csv
66.0,M_75_FobbsWUSTL_FR1_FED004FR1Concat.csv
56.0,M_75_FobbsWUSTL_FR1_FED004FR1Concat.csv
91.0,M_75_FobbsWUSTL_FR1_FED004FR1Concat.csv
771.0,M_75_FobbsWUSTL_FR1_FED004FR1Concat.csv
73.0,M_75_FobbsWUSTL_FR1_FED004FR1Concat.csv
640.0,M_75_FobbsWUSTL_FR1_FED004FR1Concat.csv
60.0,M_75_FobbsWUSTL_FR1_FED004FR1Concat.csv
26.0,M_75_FobbsWUSTL_FR1_FED004FR1Concat.csv
14.0,M_75_FobbsWUSTL_FR1_FED004FR1Concat.csv
5714.0,M_75_FobbsWUSTL_FR1_FED004FR1Concat.csv
101.0,M_75_FobbsWUSTL_FR1_FED004FR1Concat.csv
40.0,M_75_FobbsWUSTL_FR1_FED004FR1Concat.csv
65.0,M_75_FobbsWUSTL_FR1_FED004FR1Concat.csv
27.0,M_75_FobbsWUSTL_FR1_FED004FR1Concat.csv
29.0,M_75_FobbsWUSTL_FR1_FED004FR1Concat.csv
24.0,M_75_FobbsWUSTL_FR1_FED004FR1Concat.csv
25.0,M_75_FobbsWUSTL_FR1_FED004FR1Concat.csv
25.0,M_75_FobbsWUSTL_FR1_FED004FR1Concat.csv
23.0,M_75_FobbsWUSTL_FR1_FED004FR1Concat.csv
21.0,M_75_FobbsWUSTL_FR1_FED004FR1Concat.csv
49.0,M_75_FobbsWUSTL_FR1_FED004FR1Concat.csv
6272.0,M_75_FobbsWUSTL_FR1_FED004FR1Concat.csv
39.0,M_75_FobbsWUSTL_FR1_FED004FR1Concat.csv
23.0,M_75_FobbsWUSTL_FR1_FED004FR1Concat.csv
32.0,M_75_FobbsWUSTL_FR1_FED004FR1Concat.csv
28.0,M_75_FobbsWUSTL_FR1_FED004FR1Concat.csv
27.0,M_75_FobbsWUSTL_FR1_FED004FR1Concat.csv
5530.0,M_75_FobbsWUSTL_FR1_FED004FR1Concat.csv
36.0,M_75_FobbsWUSTL_FR1_FED004FR1Concat.csv
36.0,M_75_FobbsWUSTL_FR1_FED004FR1Concat.csv
33.0,M_75_FobbsWUSTL_FR1_FED004FR1Concat.csv
22.0,M_75_FobbsWUSTL_FR1_FED004FR1Concat.csv
54.0,M_75_FobbsWUSTL_FR1_FED004FR1Concat.csv
37.0,M_75_FobbsWUSTL_FR1_FED004FR1Concat.csv
17.0,M_75_FobbsWUSTL_FR1_FED004FR1Concat.csv
56.0,M_75_FobbsWUSTL_FR1_FED004FR1Concat.csv
513.0,M_75_FobbsWUSTL_FR1_FED004FR1Concat.csv
41.0,M_75_FobbsWUSTL_FR1_FED004FR1Concat.csv
39.0,M_75_FobbsWUSTL_FR1_FED004FR1Concat.csv
31.0,M_75_FobbsWUSTL_FR1_FED004FR1Concat.csv
254.0,M_75_FobbsWUSTL_FR1_FED004FR1Concat.csv
5786.0,M_75_FobbsWUSTL_FR1_FED004FR1Concat.csv
28.0,M_75_FobbsWUSTL_FR1_FED004FR1Concat.csv
40.0,M_75_FobbsWUSTL_FR1_FED004FR1Concat.csv
48.0,M_75_FobbsWUSTL_FR1_FED004FR1Concat.csv
24.0,M_75_FobbsWUSTL_FR1_FED004FR1Concat.csv
647.0,M_75_FobbsWUSTL_FR1_FED004FR1Concat.csv
37.0,M_75_FobbsWUSTL_FR1_FED004FR1Concat.csv
35.0,M_75_FobbsWUSTL_FR1_FED004FR1Concat.csv
26.0,M_75_FobbsWUSTL_FR1_FED004FR1Concat.csv
29.0,M_75_FobbsWUSTL_FR1_FED004FR1Concat.csv
151.0,M_75_FobbsWUSTL_FR1_FED004FR1Concat.csv
69.0,M_75_FobbsWUSTL_FR1_FED004FR1Concat.csv
27.0,M_75_FobbsWUSTL_FR1_FED004FR1Concat.csv
21.0,M_75_FobbsWUSTL_FR1_FED004FR1Concat.csv
32.0,M_75_FobbsWUSTL_FR1_FED004FR1Concat.csv
3622.0,F_76_Kravitz_FR1_FED10FR1.csv
375.0,F_76_Kravitz_FR1_FED10FR1.csv
1318.0,F_76_Kravitz_FR1_FED10FR1.csv
1208.0,F_76_Kravitz_FR1_FED10FR1.csv
406.0,F_76_Kravitz_FR1_FED10FR1.csv
353.0,F_76_Kravitz_FR1_FED10FR1.csv
235.0,F_76_Kravitz_FR1_FED10FR1.csv
2734.0,F_76_Kravitz_FR1_FED10FR1.csv
83.0,F_76_Kravitz_FR1_FED10FR1.csv
179.0,F_76_Kravitz_FR1_FED10FR1.csv
51.0,F_76_Kravitz_FR1_FED10FR1.csv
124.0,F_76_Kravitz_FR1_FED10FR1.csv
38.0,F_76_Kravitz_FR1_FED10FR1.csv
18.0,F_76_Kravitz_FR1_FED10FR1.csv
39.0,F_76_Kravitz_FR1_FED10FR1.csv
46.0,F_76_Kravitz_FR1_FED10FR1.csv
33.0,F_76_Kravitz_FR1_FED10FR1.csv
870.0,F_76_Kravitz_FR1_FED10FR1.csv
163.0,F_76_Kravitz_FR1_FED10FR1.csv
88.0,F_76_Kravitz_FR1_FED10FR1.csv
251.0,F_76_Kravitz_FR1_FED10FR1.csv
26.0,F_76_Kravitz_FR1_FED10FR1.csv
15.0,F_76_Kravitz_FR1_FED10FR1.csv
21.0,F_76_Kravitz_FR1_FED10FR1.csv
40.0,F_76_Kravitz_FR1_FED10FR1.csv
37.0,F_76_Kravitz_FR1_FED10FR1.csv
68.0,F_76_Kravitz_FR1_FED10FR1.csv
40.0,F_76_Kravitz_FR1_FED10FR1.csv
52.0,F_76_Kravitz_FR1_FED10FR1.csv
41.0,F_76_Kravitz_FR1_FED10FR1.csv
1053.0,F_76_Kravitz_FR1_FED10FR1.csv
485.0,F_76_Kravitz_FR1_FED10FR1.csv
92.0,F_76_Kravitz_FR1_FED10FR1.csv
254.0,F_76_Kravitz_FR1_FED10FR1.csv
163.0,F_76_Kravitz_FR1_FED10FR1.csv
22.0,F_76_Kravitz_FR1_FED10FR1.csv
24.0,F_76_Kravitz_FR1_FED10FR1.csv
319.0,F_76_Kravitz_FR1_FED10FR1.csv
58.0,F_76_Kravitz_FR1_FED10FR1.csv
30.0,F_76_Kravitz_FR1_FED10FR1.csv
62.0,F_76_Kravitz_FR1_FED10FR1.csv
21.0,F_76_Kravitz_FR1_FED10FR1.csv
31.0,F_76_Kravitz_FR1_FED10FR1.csv
412.0,F_76_Kravitz_FR1_FED10FR1.csv
50.0,F_76_Kravitz_FR1_FED10FR1.csv
59.0,F_76_Kravitz_FR1_FED10FR1.csv
34.0,F_76_Kravitz_FR1_FED10FR1.csv
21.0,F_76_Kravitz_FR1_FED10FR1.csv
399.0,F_76_Kravitz_FR1_FED10FR1.csv
81.0,F_76_Kravitz_FR1_FED10FR1.csv
27.0,F_76_Kravitz_FR1_FED10FR1.csv
1240.0,F_76_Kravitz_FR1_FED10FR1.csv
742.0,F_76_Kravitz_FR1_FED10FR1.csv
35.0,F_76_Kravitz_FR1_FED10FR1.csv
140.0,F_76_Kravitz_FR1_FED10FR1.csv
249.0,F_76_Kravitz_FR1_FED10FR1.csv
86.0,F_76_Kravitz_FR1_FED10FR1.csv
25.0,F_76_Kravitz_FR1_FED10FR1.csv
31.0,F_76_Kravitz_FR1_FED10FR1.csv
22.0,F_76_Kravitz_FR1_FED10FR1.csv
33.0,F_76_Kravitz_FR1_FED10FR1.csv
28.0,F_76_Kravitz_FR1_FED10FR1.csv
244.0,F_76_Kravitz_FR1_FED10FR1.csv
35.0,F_76_Kravitz_FR1_FED10FR1.csv
52.0,F_76_Kravitz_FR1_FED10FR1.csv
38.0,F_76_Kravitz_FR1_FED10FR1.csv
39.0,F_76_Kravitz_FR1_FED10FR1.csv
27.0,F_76_Kravitz_FR1_FED10FR1.csv
397.0,F_76_Kravitz_FR1_FED10FR1.csv
112.0,F_76_Kravitz_FR1_FED10FR1.csv
31.0,F_76_Kravitz_FR1_FED10FR1.csv
36.0,F_76_Kravitz_FR1_FED10FR1.csv
25.0,F_76_Kravitz_FR1_FED10FR1.csv
24.0,F_76_Kravitz_FR1_FED10FR1.csv
35.0,F_76_Kravitz_FR1_FED10FR1.csv
19.0,F_76_Kravitz_FR1_FED10FR1.csv
29.0,F_76_Kravitz_FR1_FED10FR1.csv
46.0,F_76_Kravitz_FR1_FED10FR1.csv
54.0,F_76_Kravitz_FR1_FED10FR1.csv
4949.0,F_76_Kravitz_FR1_FED10FR1.csv
54.0,F_76_Kravitz_FR1_FED10FR1.csv
51.0,F_76_Kravitz_FR1_FED10FR1.csv
67.0,F_76_Kravitz_FR1_FED10FR1.csv
49.0,F_76_Kravitz_FR1_FED10FR1.csv
48.0,F_76_Kravitz_FR1_FED10FR1.csv
30.0,F_76_Kravitz_FR1_FED10FR1.csv
51.0,F_76_Kravitz_FR1_FED10FR1.csv
80.0,F_76_Kravitz_FR1_FED10FR1.csv
42.0,F_76_Kravitz_FR1_FED10FR1.csv
3343.0,F_76_Kravitz_FR1_FED10FR1.csv
41.0,F_76_Kravitz_FR1_FED10FR1.csv
51.0,F_76_Kravitz_FR1_FED10FR1.csv
33.0,F_76_Kravitz_FR1_FED10FR1.csv
27.0,F_76_Kravitz_FR1_FED10FR1.csv
31.0,F_76_Kravitz_FR1_FED10FR1.csv
31.0,F_76_Kravitz_FR1_FED10FR1.csv
46.0,F_76_Kravitz_FR1_FED10FR1.csv
27.0,F_76_Kravitz_FR1_FED10FR1.csv
44.0,F_76_Kravitz_FR1_FED10FR1.csv
32.0,F_76_Kravitz_FR1_FED10FR1.csv
37.0,F_76_Kravitz_FR1_FED10FR1.csv
25.0,F_76_Kravitz_FR1_FED10FR1.csv
30.0,F_76_Kravitz_FR1_FED10FR1.csv
91.0,F_76_Kravitz_FR1_FED10FR1.csv
4076.0,F_76_Kravitz_FR1_FED10FR1.csv
61.0,F_76_Kravitz_FR1_FED10FR1.csv
43.0,F_76_Kravitz_FR1_FED10FR1.csv
38.0,F_76_Kravitz_FR1_FED10FR1.csv
61.0,F_76_Kravitz_FR1_FED10FR1.csv
36.0,F_76_Kravitz_FR1_FED10FR1.csv
33.0,F_76_Kravitz_FR1_FED10FR1.csv
73.0,F_76_Kravitz_FR1_FED10FR1.csv
39.0,F_76_Kravitz_FR1_FED10FR1.csv
2568.0,F_76_Kravitz_FR1_FED10FR1.csv
52.0,F_76_Kravitz_FR1_FED10FR1.csv
40.0,F_76_Kravitz_FR1_FED10FR1.csv
111.0,F_76_Kravitz_FR1_FED10FR1.csv
70.0,F_76_Kravitz_FR1_FED10FR1.csv
257.0,F_76_Kravitz_FR1_FED10FR1.csv
53.0,F_76_Kravitz_FR1_FED10FR1.csv
26.0,F_76_Kravitz_FR1_FED10FR1.csv
47.0,F_76_Kravitz_FR1_FED10FR1.csv
100.0,F_76_Kravitz_FR1_FED10FR1.csv
162.0,F_76_Kravitz_FR1_FED10FR1.csv
61.0,F_76_Kravitz_FR1_FED10FR1.csv
33.0,F_76_Kravitz_FR1_FED10FR1.csv
64.0,F_76_Kravitz_FR1_FED10FR1.csv
64.0,F_76_Kravitz_FR1_FED10FR1.csv
98.0,F_76_Kravitz_FR1_FED10FR1.csv
71.0,F_76_Kravitz_FR1_FED10FR1.csv
52.0,F_76_Kravitz_FR1_FED10FR1.csv
5292.0,F_76_Kravitz_FR1_FED10FR1.csv
1402.0,F_76_Kravitz_FR1_FED10FR1.csv
60.0,F_76_Kravitz_FR1_FED10FR1.csv
96.0,F_76_Kravitz_FR1_FED10FR1.csv
36.0,F_76_Kravitz_FR1_FED10FR1.csv
79.0,F_76_Kravitz_FR1_FED10FR1.csv
52.0,F_76_Kravitz_FR1_FED10FR1.csv
84.0,F_76_Kravitz_FR1_FED10FR1.csv
48.0,F_76_Kravitz_FR1_FED10FR1.csv
324.0,F_76_Kravitz_FR1_FED10FR1.csv
74.0,F_76_Kravitz_FR1_FED10FR1.csv
553.0,F_76_Kravitz_FR1_FED10FR1.csv
71.0,F_76_Kravitz_FR1_FED10FR1.csv
59.0,F_76_Kravitz_FR1_FED10FR1.csv
73.0,F_76_Kravitz_FR1_FED10FR1.csv
7232.0,F_76_Kravitz_FR1_FED10FR1.csv
112.0,F_76_Kravitz_FR1_FED10FR1.csv
554.0,F_76_Kravitz_FR1_FED10FR1.csv
87.0,F_76_Kravitz_FR1_FED10FR1.csv
10102.0,F_76_Kravitz_FR1_FED10FR1.csv
1812.0,F_76_Kravitz_FR1_FED10FR1.csv
1012.0,F_76_Kravitz_FR1_FED10FR1.csv
404.0,F_76_Kravitz_FR1_FED10FR1.csv
62.0,F_76_Kravitz_FR1_FED10FR1.csv
62.0,F_76_Kravitz_FR1_FED10FR1.csv
54.0,F_76_Kravitz_FR1_FED10FR1.csv
31.0,F_76_Kravitz_FR1_FED10FR1.csv
32.0,F_76_Kravitz_FR1_FED10FR1.csv
75.0,F_76_Kravitz_FR1_FED10FR1.csv
47.0,F_76_Kravitz_FR1_FED10FR1.csv
37.0,F_76_Kravitz_FR1_FED10FR1.csv
31.0,F_76_Kravitz_FR1_FED10FR1.csv
12.0,F_76_Kravitz_FR1_FED10FR1.csv
27.0,F_76_Kravitz_FR1_FED10FR1.csv
24.0,F_76_Kravitz_FR1_FED10FR1.csv
28.0,F_76_Kravitz_FR1_FED10FR1.csv
22.0,F_76_Kravitz_FR1_FED10FR1.csv
995.0,F_76_Kravitz_FR1_FED10FR1.csv
22.0,F_76_Kravitz_FR1_FED10FR1.csv
34.0,F_76_Kravitz_FR1_FED10FR1.csv
66.0,F_76_Kravitz_FR1_FED10FR1.csv
59.0,F_76_Kravitz_FR1_FED10FR1.csv
59.0,F_76_Kravitz_FR1_FED10FR1.csv
54.0,F_76_Kravitz_FR1_FED10FR1.csv
5100.0,F_76_Kravitz_FR1_FED10FR1.csv
39.0,F_76_Kravitz_FR1_FED10FR1.csv
66.0,F_76_Kravitz_FR1_FED10FR1.csv
6674.0,F_76_Kravitz_FR1_FED10FR1.csv
84.0,F_76_Kravitz_FR1_FED10FR1.csv
54.0,F_76_Kravitz_FR1_FED10FR1.csv
41.0,F_76_Kravitz_FR1_FED10FR1.csv
40.0,F_76_Kravitz_FR1_FED10FR1.csv
32.0,F_76_Kravitz_FR1_FED10FR1.csv
2140.0,F_76_Kravitz_FR1_FED10FR1.csv
559.0,F_76_Kravitz_FR1_FED10FR1.csv
29.0,F_76_Kravitz_FR1_FED10FR1.csv
30.0,F_76_Kravitz_FR1_FED10FR1.csv
43.0,F_76_Kravitz_FR1_FED10FR1.csv
28.0,F_76_Kravitz_FR1_FED10FR1.csv
29.0,F_76_Kravitz_FR1_FED10FR1.csv
190.0,F_76_Kravitz_FR1_FED10FR1.csv
117.0,F_76_Kravitz_FR1_FED10FR1.csv
32.0,F_76_Kravitz_FR1_FED10FR1.csv
1508.0,F_78_Kravitz_FR1_FED9FR1.csv
436.0,F_78_Kravitz_FR1_FED9FR1.csv
783.0,F_78_Kravitz_FR1_FED9FR1.csv
2602.0,F_78_Kravitz_FR1_FED9FR1.csv
5019.0,F_78_Kravitz_FR1_FED9FR1.csv
99.0,F_78_Kravitz_FR1_FED9FR1.csv
99.0,F_78_Kravitz_FR1_FED9FR1.csv
402.0,F_78_Kravitz_FR1_FED9FR1.csv
674.0,F_78_Kravitz_FR1_FED9FR1.csv
42.0,F_78_Kravitz_FR1_FED9FR1.csv
53.0,F_78_Kravitz_FR1_FED9FR1.csv
135.0,F_78_Kravitz_FR1_FED9FR1.csv
48.0,F_78_Kravitz_FR1_FED9FR1.csv
47.0,F_78_Kravitz_FR1_FED9FR1.csv
27.0,F_78_Kravitz_FR1_FED9FR1.csv
31.0,F_78_Kravitz_FR1_FED9FR1.csv
29.0,F_78_Kravitz_FR1_FED9FR1.csv
34.0,F_78_Kravitz_FR1_FED9FR1.csv
28.0,F_78_Kravitz_FR1_FED9FR1.csv
21.0,F_78_Kravitz_FR1_FED9FR1.csv
37.0,F_78_Kravitz_FR1_FED9FR1.csv
46.0,F_78_Kravitz_FR1_FED9FR1.csv
28.0,F_78_Kravitz_FR1_FED9FR1.csv
22.0,F_78_Kravitz_FR1_FED9FR1.csv
26.0,F_78_Kravitz_FR1_FED9FR1.csv
14.0,F_78_Kravitz_FR1_FED9FR1.csv
36.0,F_78_Kravitz_FR1_FED9FR1.csv
25.0,F_78_Kravitz_FR1_FED9FR1.csv
66.0,F_78_Kravitz_FR1_FED9FR1.csv
26.0,F_78_Kravitz_FR1_FED9FR1.csv
35.0,F_78_Kravitz_FR1_FED9FR1.csv
2972.0,F_78_Kravitz_FR1_FED9FR1.csv
43.0,F_78_Kravitz_FR1_FED9FR1.csv
54.0,F_78_Kravitz_FR1_FED9FR1.csv
37.0,F_78_Kravitz_FR1_FED9FR1.csv
42.0,F_78_Kravitz_FR1_FED9FR1.csv
33.0,F_78_Kravitz_FR1_FED9FR1.csv
25.0,F_78_Kravitz_FR1_FED9FR1.csv
38.0,F_78_Kravitz_FR1_FED9FR1.csv
35.0,F_78_Kravitz_FR1_FED9FR1.csv
367.0,F_78_Kravitz_FR1_FED9FR1.csv
943.0,F_78_Kravitz_FR1_FED9FR1.csv
65.0,F_78_Kravitz_FR1_FED9FR1.csv
19.0,F_78_Kravitz_FR1_FED9FR1.csv
51.0,F_78_Kravitz_FR1_FED9FR1.csv
26.0,F_78_Kravitz_FR1_FED9FR1.csv
28.0,F_78_Kravitz_FR1_FED9FR1.csv
30.0,F_78_Kravitz_FR1_FED9FR1.csv
28.0,F_78_Kravitz_FR1_FED9FR1.csv
27.0,F_78_Kravitz_FR1_FED9FR1.csv
49.0,F_78_Kravitz_FR1_FED9FR1.csv
13.0,F_78_Kravitz_FR1_FED9FR1.csv
34.0,F_78_Kravitz_FR1_FED9FR1.csv
29.0,F_78_Kravitz_FR1_FED9FR1.csv
29.0,F_78_Kravitz_FR1_FED9FR1.csv
1951.0,F_78_Kravitz_FR1_FED9FR1.csv
57.0,F_78_Kravitz_FR1_FED9FR1.csv
66.0,F_78_Kravitz_FR1_FED9FR1.csv
36.0,F_78_Kravitz_FR1_FED9FR1.csv
62.0,F_78_Kravitz_FR1_FED9FR1.csv
26.0,F_78_Kravitz_FR1_FED9FR1.csv
2832.0,F_78_Kravitz_FR1_FED9FR1.csv
20.0,F_78_Kravitz_FR1_FED9FR1.csv
29.0,F_78_Kravitz_FR1_FED9FR1.csv
24.0,F_78_Kravitz_FR1_FED9FR1.csv
40.0,F_78_Kravitz_FR1_FED9FR1.csv
17.0,F_78_Kravitz_FR1_FED9FR1.csv
22.0,F_78_Kravitz_FR1_FED9FR1.csv
28.0,F_78_Kravitz_FR1_FED9FR1.csv
49.0,F_78_Kravitz_FR1_FED9FR1.csv
36.0,F_78_Kravitz_FR1_FED9FR1.csv
2470.0,F_78_Kravitz_FR1_FED9FR1.csv
51.0,F_78_Kravitz_FR1_FED9FR1.csv
63.0,F_78_Kravitz_FR1_FED9FR1.csv
59.0,F_78_Kravitz_FR1_FED9FR1.csv
24.0,F_78_Kravitz_FR1_FED9FR1.csv
22.0,F_78_Kravitz_FR1_FED9FR1.csv
28.0,F_78_Kravitz_FR1_FED9FR1.csv
25.0,F_78_Kravitz_FR1_FED9FR1.csv
32.0,F_78_Kravitz_FR1_FED9FR1.csv
43.0,F_78_Kravitz_FR1_FED9FR1.csv
26.0,F_78_Kravitz_FR1_FED9FR1.csv
2497.0,F_78_Kravitz_FR1_FED9FR1.csv
42.0,F_78_Kravitz_FR1_FED9FR1.csv
68.0,F_78_Kravitz_FR1_FED9FR1.csv
40.0,F_78_Kravitz_FR1_FED9FR1.csv
36.0,F_78_Kravitz_FR1_FED9FR1.csv
51.0,F_78_Kravitz_FR1_FED9FR1.csv
72.0,F_78_Kravitz_FR1_FED9FR1.csv
2645.0,F_78_Kravitz_FR1_FED9FR1.csv
1636.0,F_78_Kravitz_FR1_FED9FR1.csv
49.0,F_78_Kravitz_FR1_FED9FR1.csv
29.0,F_78_Kravitz_FR1_FED9FR1.csv
36.0,F_78_Kravitz_FR1_FED9FR1.csv
26.0,F_78_Kravitz_FR1_FED9FR1.csv
37.0,F_78_Kravitz_FR1_FED9FR1.csv
40.0,F_78_Kravitz_FR1_FED9FR1.csv
3786.0,F_78_Kravitz_FR1_FED9FR1.csv
38.0,F_78_Kravitz_FR1_FED9FR1.csv
20.0,F_78_Kravitz_FR1_FED9FR1.csv
28.0,F_78_Kravitz_FR1_FED9FR1.csv
86.0,F_78_Kravitz_FR1_FED9FR1.csv
83.0,F_78_Kravitz_FR1_FED9FR1.csv
43.0,F_78_Kravitz_FR1_FED9FR1.csv
1066.0,F_78_Kravitz_FR1_FED9FR1.csv
53.0,F_78_Kravitz_FR1_FED9FR1.csv
60.0,F_78_Kravitz_FR1_FED9FR1.csv
84.0,F_78_Kravitz_FR1_FED9FR1.csv
23.0,F_78_Kravitz_FR1_FED9FR1.csv
16.0,F_78_Kravitz_FR1_FED9FR1.csv
39.0,F_78_Kravitz_FR1_FED9FR1.csv
20.0,F_78_Kravitz_FR1_FED9FR1.csv
34.0,F_78_Kravitz_FR1_FED9FR1.csv
39.0,F_78_Kravitz_FR1_FED9FR1.csv
87.0,F_78_Kravitz_FR1_FED9FR1.csv
943.0,F_78_Kravitz_FR1_FED9FR1.csv
45.0,F_78_Kravitz_FR1_FED9FR1.csv
57.0,F_78_Kravitz_FR1_FED9FR1.csv
18.0,F_78_Kravitz_FR1_FED9FR1.csv
35.0,F_78_Kravitz_FR1_FED9FR1.csv
76.0,F_78_Kravitz_FR1_FED9FR1.csv
66.0,F_78_Kravitz_FR1_FED9FR1.csv
9029.0,F_78_Kravitz_FR1_FED9FR1.csv
477.0,F_78_Kravitz_FR1_FED9FR1.csv
77.0,F_78_Kravitz_FR1_FED9FR1.csv
30.0,F_78_Kravitz_FR1_FED9FR1.csv
57.0,F_78_Kravitz_FR1_FED9FR1.csv
162.0,F_78_Kravitz_FR1_FED9FR1.csv
331.0,F_78_Kravitz_FR1_FED9FR1.csv
101.0,F_78_Kravitz_FR1_FED9FR1.csv
33.0,F_78_Kravitz_FR1_FED9FR1.csv
5011.0,F_78_Kravitz_FR1_FED9FR1.csv
53.0,F_78_Kravitz_FR1_FED9FR1.csv
50.0,F_78_Kravitz_FR1_FED9FR1.csv
825.0,F_78_Kravitz_FR1_FED9FR1.csv
68.0,F_78_Kravitz_FR1_FED9FR1.csv
52.0,F_78_Kravitz_FR1_FED9FR1.csv
25.0,F_78_Kravitz_FR1_FED9FR1.csv
26.0,F_78_Kravitz_FR1_FED9FR1.csv
132.0,F_78_Kravitz_FR1_FED9FR1.csv
19.0,F_78_Kravitz_FR1_FED9FR1.csv
34.0,F_78_Kravitz_FR1_FED9FR1.csv
49.0,F_78_Kravitz_FR1_FED9FR1.csv
469.0,F_78_Kravitz_FR1_FED9FR1.csv
55.0,F_78_Kravitz_FR1_FED9FR1.csv
100.0,F_78_Kravitz_FR1_FED9FR1.csv
65.0,F_78_Kravitz_FR1_FED9FR1.csv
40.0,F_78_Kravitz_FR1_FED9FR1.csv
48.0,F_78_Kravitz_FR1_FED9FR1.csv
1287.0,F_78_Kravitz_FR1_FED9FR1.csv
70.0,F_78_Kravitz_FR1_FED9FR1.csv
348.0,F_78_Kravitz_FR1_FED9FR1.csv
58.0,F_78_Kravitz_FR1_FED9FR1.csv
43.0,F_78_Kravitz_FR1_FED9FR1.csv
87.0,F_78_Kravitz_FR1_FED9FR1.csv
5155.0,F_78_Kravitz_FR1_FED9FR1.csv
548.0,F_78_Kravitz_FR1_FED9FR1.csv
30.0,F_78_Kravitz_FR1_FED9FR1.csv
104.0,F_78_Kravitz_FR1_FED9FR1.csv
33.0,F_78_Kravitz_FR1_FED9FR1.csv
34.0,F_78_Kravitz_FR1_FED9FR1.csv
74.0,F_78_Kravitz_FR1_FED9FR1.csv
17.0,F_78_Kravitz_FR1_FED9FR1.csv
79.0,F_78_Kravitz_FR1_FED9FR1.csv
1417.0,F_78_Kravitz_FR1_FED9FR1.csv
879.0,F_78_Kravitz_FR1_FED9FR1.csv
64.0,F_78_Kravitz_FR1_FED9FR1.csv
38.0,F_78_Kravitz_FR1_FED9FR1.csv
30.0,F_78_Kravitz_FR1_FED9FR1.csv
32.0,F_78_Kravitz_FR1_FED9FR1.csv
38.0,F_78_Kravitz_FR1_FED9FR1.csv
29.0,F_78_Kravitz_FR1_FED9FR1.csv
80.0,F_78_Kravitz_FR1_FED9FR1.csv
1172.0,F_78_Kravitz_FR1_FED9FR1.csv
27.0,F_78_Kravitz_FR1_FED9FR1.csv
41.0,F_78_Kravitz_FR1_FED9FR1.csv
23.0,F_78_Kravitz_FR1_FED9FR1.csv
26.0,F_78_Kravitz_FR1_FED9FR1.csv
27.0,F_78_Kravitz_FR1_FED9FR1.csv
40.0,F_78_Kravitz_FR1_FED9FR1.csv
28.0,F_78_Kravitz_FR1_FED9FR1.csv
30.0,F_78_Kravitz_FR1_FED9FR1.csv
16.0,F_78_Kravitz_FR1_FED9FR1.csv
17.0,F_78_Kravitz_FR1_FED9FR1.csv
6209.0,F_78_Kravitz_FR1_FED9FR1.csv
53.0,F_78_Kravitz_FR1_FED9FR1.csv
3845.0,F_78_Kravitz_FR1_FED9FR1.csv
20.0,F_78_Kravitz_FR1_FED9FR1.csv
18.0,F_78_Kravitz_FR1_FED9FR1.csv
23.0,F_78_Kravitz_FR1_FED9FR1.csv
24.0,F_78_Kravitz_FR1_FED9FR1.csv
24.0,F_78_Kravitz_FR1_FED9FR1.csv
18.0,F_78_Kravitz_FR1_FED9FR1.csv
26.0,F_78_Kravitz_FR1_FED9FR1.csv
21.0,F_78_Kravitz_FR1_FED9FR1.csv
20.0,F_78_Kravitz_FR1_FED9FR1.csv
22.0,F_78_Kravitz_FR1_FED9FR1.csv
3541.0,F_78_Kravitz_FR1_FED9FR1.csv
29.0,F_78_Kravitz_FR1_FED9FR1.csv
31.0,F_78_Kravitz_FR1_FED9FR1.csv
23.0,F_78_Kravitz_FR1_FED9FR1.csv
21.0,F_78_Kravitz_FR1_FED9FR1.csv
20.0,F_78_Kravitz_FR1_FED9FR1.csv
24.0,F_78_Kravitz_FR1_FED9FR1.csv
33.0,F_78_Kravitz_FR1_FED9FR1.csv
25.0,F_78_Kravitz_FR1_FED9FR1.csv
17.0,F_78_Kravitz_FR1_FED9FR1.csv
22.0,F_78_Kravitz_FR1_FED9FR1.csv
32.0,F_78_Kravitz_FR1_FED9FR1.csv
976.0,F_78_Kravitz_FR1_FED9FR1.csv
26.0,F_78_Kravitz_FR1_FED9FR1.csv
14.0,F_78_Kravitz_FR1_FED9FR1.csv
590.0,F_77_Kravitz_FR1_FED11FR1.csv
69.0,F_77_Kravitz_FR1_FED11FR1.csv
120.0,F_77_Kravitz_FR1_FED11FR1.csv
10019.0,F_77_Kravitz_FR1_FED11FR1.csv
1743.0,F_77_Kravitz_FR1_FED11FR1.csv
410.0,F_77_Kravitz_FR1_FED11FR1.csv
1725.0,F_77_Kravitz_FR1_FED11FR1.csv
841.0,F_77_Kravitz_FR1_FED11FR1.csv
81.0,F_77_Kravitz_FR1_FED11FR1.csv
75.0,F_77_Kravitz_FR1_FED11FR1.csv
45.0,F_77_Kravitz_FR1_FED11FR1.csv
150.0,F_77_Kravitz_FR1_FED11FR1.csv
49.0,F_77_Kravitz_FR1_FED11FR1.csv
36.0,F_77_Kravitz_FR1_FED11FR1.csv
48.0,F_77_Kravitz_FR1_FED11FR1.csv
45.0,F_77_Kravitz_FR1_FED11FR1.csv
171.0,F_77_Kravitz_FR1_FED11FR1.csv
57.0,F_77_Kravitz_FR1_FED11FR1.csv
45.0,F_77_Kravitz_FR1_FED11FR1.csv
110.0,F_77_Kravitz_FR1_FED11FR1.csv
43.0,F_77_Kravitz_FR1_FED11FR1.csv
699.0,F_77_Kravitz_FR1_FED11FR1.csv
206.0,F_77_Kravitz_FR1_FED11FR1.csv
61.0,F_77_Kravitz_FR1_FED11FR1.csv
28.0,F_77_Kravitz_FR1_FED11FR1.csv
36.0,F_77_Kravitz_FR1_FED11FR1.csv
39.0,F_77_Kravitz_FR1_FED11FR1.csv
27.0,F_77_Kravitz_FR1_FED11FR1.csv
32.0,F_77_Kravitz_FR1_FED11FR1.csv
25.0,F_77_Kravitz_FR1_FED11FR1.csv
54.0,F_77_Kravitz_FR1_FED11FR1.csv
29.0,F_77_Kravitz_FR1_FED11FR1.csv
32.0,F_77_Kravitz_FR1_FED11FR1.csv
37.0,F_77_Kravitz_FR1_FED11FR1.csv
87.0,F_77_Kravitz_FR1_FED11FR1.csv
26.0,F_77_Kravitz_FR1_FED11FR1.csv
28.0,F_77_Kravitz_FR1_FED11FR1.csv
2748.0,F_77_Kravitz_FR1_FED11FR1.csv
51.0,F_77_Kravitz_FR1_FED11FR1.csv
47.0,F_77_Kravitz_FR1_FED11FR1.csv
41.0,F_77_Kravitz_FR1_FED11FR1.csv
34.0,F_77_Kravitz_FR1_FED11FR1.csv
40.0,F_77_Kravitz_FR1_FED11FR1.csv
81.0,F_77_Kravitz_FR1_FED11FR1.csv
74.0,F_77_Kravitz_FR1_FED11FR1.csv
72.0,F_77_Kravitz_FR1_FED11FR1.csv
1569.0,F_77_Kravitz_FR1_FED11FR1.csv
31.0,F_77_Kravitz_FR1_FED11FR1.csv
41.0,F_77_Kravitz_FR1_FED11FR1.csv
56.0,F_77_Kravitz_FR1_FED11FR1.csv
40.0,F_77_Kravitz_FR1_FED11FR1.csv
1132.0,F_77_Kravitz_FR1_FED11FR1.csv
64.0,F_77_Kravitz_FR1_FED11FR1.csv
67.0,F_77_Kravitz_FR1_FED11FR1.csv
47.0,F_77_Kravitz_FR1_FED11FR1.csv
43.0,F_77_Kravitz_FR1_FED11FR1.csv
24.0,F_77_Kravitz_FR1_FED11FR1.csv
63.0,F_77_Kravitz_FR1_FED11FR1.csv
1958.0,F_77_Kravitz_FR1_FED11FR1.csv
43.0,F_77_Kravitz_FR1_FED11FR1.csv
46.0,F_77_Kravitz_FR1_FED11FR1.csv
60.0,F_77_Kravitz_FR1_FED11FR1.csv
39.0,F_77_Kravitz_FR1_FED11FR1.csv
38.0,F_77_Kravitz_FR1_FED11FR1.csv
51.0,F_77_Kravitz_FR1_FED11FR1.csv
31.0,F_77_Kravitz_FR1_FED11FR1.csv
2797.0,F_77_Kravitz_FR1_FED11FR1.csv
49.0,F_77_Kravitz_FR1_FED11FR1.csv
30.0,F_77_Kravitz_FR1_FED11FR1.csv
53.0,F_77_Kravitz_FR1_FED11FR1.csv
111.0,F_77_Kravitz_FR1_FED11FR1.csv
44.0,F_77_Kravitz_FR1_FED11FR1.csv
43.0,F_77_Kravitz_FR1_FED11FR1.csv
30.0,F_77_Kravitz_FR1_FED11FR1.csv
27.0,F_77_Kravitz_FR1_FED11FR1.csv
34.0,F_77_Kravitz_FR1_FED11FR1.csv
184.0,F_77_Kravitz_FR1_FED11FR1.csv
30.0,F_77_Kravitz_FR1_FED11FR1.csv
57.0,F_77_Kravitz_FR1_FED11FR1.csv
419.0,F_77_Kravitz_FR1_FED11FR1.csv
62.0,F_77_Kravitz_FR1_FED11FR1.csv
36.0,F_77_Kravitz_FR1_FED11FR1.csv
26.0,F_77_Kravitz_FR1_FED11FR1.csv
37.0,F_77_Kravitz_FR1_FED11FR1.csv
33.0,F_77_Kravitz_FR1_FED11FR1.csv
2988.0,F_77_Kravitz_FR1_FED11FR1.csv
685.0,F_77_Kravitz_FR1_FED11FR1.csv
206.0,F_77_Kravitz_FR1_FED11FR1.csv
57.0,F_77_Kravitz_FR1_FED11FR1.csv
36.0,F_77_Kravitz_FR1_FED11FR1.csv
43.0,F_77_Kravitz_FR1_FED11FR1.csv
35.0,F_77_Kravitz_FR1_FED11FR1.csv
2999.0,F_77_Kravitz_FR1_FED11FR1.csv
73.0,F_77_Kravitz_FR1_FED11FR1.csv
43.0,F_77_Kravitz_FR1_FED11FR1.csv
38.0,F_77_Kravitz_FR1_FED11FR1.csv
38.0,F_77_Kravitz_FR1_FED11FR1.csv
30.0,F_77_Kravitz_FR1_FED11FR1.csv
39.0,F_77_Kravitz_FR1_FED11FR1.csv
41.0,F_77_Kravitz_FR1_FED11FR1.csv
31.0,F_77_Kravitz_FR1_FED11FR1.csv
78.0,F_77_Kravitz_FR1_FED11FR1.csv
49.0,F_77_Kravitz_FR1_FED11FR1.csv
49.0,F_77_Kravitz_FR1_FED11FR1.csv
4983.0,F_77_Kravitz_FR1_FED11FR1.csv
45.0,F_77_Kravitz_FR1_FED11FR1.csv
30.0,F_77_Kravitz_FR1_FED11FR1.csv
34.0,F_77_Kravitz_FR1_FED11FR1.csv
54.0,F_77_Kravitz_FR1_FED11FR1.csv
49.0,F_77_Kravitz_FR1_FED11FR1.csv
2841.0,F_77_Kravitz_FR1_FED11FR1.csv
64.0,F_77_Kravitz_FR1_FED11FR1.csv
39.0,F_77_Kravitz_FR1_FED11FR1.csv
34.0,F_77_Kravitz_FR1_FED11FR1.csv
194.0,F_77_Kravitz_FR1_FED11FR1.csv
39.0,F_77_Kravitz_FR1_FED11FR1.csv
46.0,F_77_Kravitz_FR1_FED11FR1.csv
44.0,F_77_Kravitz_FR1_FED11FR1.csv
22.0,F_77_Kravitz_FR1_FED11FR1.csv
781.0,F_77_Kravitz_FR1_FED11FR1.csv
64.0,F_77_Kravitz_FR1_FED11FR1.csv
61.0,F_77_Kravitz_FR1_FED11FR1.csv
960.0,F_77_Kravitz_FR1_FED11FR1.csv
103.0,F_77_Kravitz_FR1_FED11FR1.csv
47.0,F_77_Kravitz_FR1_FED11FR1.csv
25.0,F_77_Kravitz_FR1_FED11FR1.csv
33.0,F_77_Kravitz_FR1_FED11FR1.csv
26.0,F_77_Kravitz_FR1_FED11FR1.csv
28.0,F_77_Kravitz_FR1_FED11FR1.csv
209.0,F_77_Kravitz_FR1_FED11FR1.csv
48.0,F_77_Kravitz_FR1_FED11FR1.csv
37.0,F_77_Kravitz_FR1_FED11FR1.csv
43.0,F_77_Kravitz_FR1_FED11FR1.csv
47.0,F_77_Kravitz_FR1_FED11FR1.csv
3390.0,F_77_Kravitz_FR1_FED11FR1.csv
49.0,F_77_Kravitz_FR1_FED11FR1.csv
31.0,F_77_Kravitz_FR1_FED11FR1.csv
28.0,F_77_Kravitz_FR1_FED11FR1.csv
36.0,F_77_Kravitz_FR1_FED11FR1.csv
28.0,F_77_Kravitz_FR1_FED11FR1.csv
40.0,F_77_Kravitz_FR1_FED11FR1.csv
42.0,F_77_Kravitz_FR1_FED11FR1.csv
2351.0,F_77_Kravitz_FR1_FED11FR1.csv
842.0,F_77_Kravitz_FR1_FED11FR1.csv
551.0,F_77_Kravitz_FR1_FED11FR1.csv
47.0,F_77_Kravitz_FR1_FED11FR1.csv
58.0,F_77_Kravitz_FR1_FED11FR1.csv
374.0,F_77_Kravitz_FR1_FED11FR1.csv
1203.0,F_77_Kravitz_FR1_FED11FR1.csv
45.0,F_77_Kravitz_FR1_FED11FR1.csv
34.0,F_77_Kravitz_FR1_FED11FR1.csv
28.0,F_77_Kravitz_FR1_FED11FR1.csv
30.0,F_77_Kravitz_FR1_FED11FR1.csv
42.0,F_77_Kravitz_FR1_FED11FR1.csv
30.0,F_77_Kravitz_FR1_FED11FR1.csv
1170.0,F_77_Kravitz_FR1_FED11FR1.csv
97.0,F_77_Kravitz_FR1_FED11FR1.csv
49.0,F_77_Kravitz_FR1_FED11FR1.csv
6011.0,F_77_Kravitz_FR1_FED11FR1.csv
35.0,F_77_Kravitz_FR1_FED11FR1.csv
37.0,F_77_Kravitz_FR1_FED11FR1.csv
23.0,F_77_Kravitz_FR1_FED11FR1.csv
27.0,F_77_Kravitz_FR1_FED11FR1.csv
32.0,F_77_Kravitz_FR1_FED11FR1.csv
850.0,F_77_Kravitz_FR1_FED11FR1.csv
900.0,F_77_Kravitz_FR1_FED11FR1.csv
27.0,F_77_Kravitz_FR1_FED11FR1.csv
294.0,F_77_Kravitz_FR1_FED11FR1.csv
574.0,F_77_Kravitz_FR1_FED11FR1.csv
27.0,F_77_Kravitz_FR1_FED11FR1.csv
24.0,F_77_Kravitz_FR1_FED11FR1.csv
32.0,F_77_Kravitz_FR1_FED11FR1.csv
24.0,F_77_Kravitz_FR1_FED11FR1.csv
1315.0,F_77_Kravitz_FR1_FED11FR1.csv
205.0,F_77_Kravitz_FR1_FED11FR1.csv
39.0,F_77_Kravitz_FR1_FED11FR1.csv
51.0,F_77_Kravitz_FR1_FED11FR1.csv
29.0,F_77_Kravitz_FR1_FED11FR1.csv
6581.0,F_77_Kravitz_FR1_FED11FR1.csv
41.0,F_77_Kravitz_FR1_FED11FR1.csv
53.0,F_77_Kravitz_FR1_FED11FR1.csv
33.0,F_77_Kravitz_FR1_FED11FR1.csv
23.0,F_77_Kravitz_FR1_FED11FR1.csv
24.0,F_77_Kravitz_FR1_FED11FR1.csv
30.0,F_77_Kravitz_FR1_FED11FR1.csv
27.0,F_77_Kravitz_FR1_FED11FR1.csv
26.0,F_77_Kravitz_FR1_FED11FR1.csv
40.0,F_77_Kravitz_FR1_FED11FR1.csv
5323.0,F_77_Kravitz_FR1_FED11FR1.csv
29.0,F_77_Kravitz_FR1_FED11FR1.csv
25.0,F_77_Kravitz_FR1_FED11FR1.csv
26.0,F_77_Kravitz_FR1_FED11FR1.csv
34.0,F_77_Kravitz_FR1_FED11FR1.csv
29.0,F_77_Kravitz_FR1_FED11FR1.csv
28.0,F_77_Kravitz_FR1_FED11FR1.csv
1406.0,F_77_Kravitz_FR1_FED11FR1.csv
1650.0,F_77_Kravitz_FR1_FED11FR1.csv
26.0,F_77_Kravitz_FR1_FED11FR1.csv
25.0,F_77_Kravitz_FR1_FED11FR1.csv
31.0,F_77_Kravitz_FR1_FED11FR1.csv
32.0,F_77_Kravitz_FR1_FED11FR1.csv
26.0,F_77_Kravitz_FR1_FED11FR1.csv
35.0,F_77_Kravitz_FR1_FED11FR1.csv
55.0,F_77_Kravitz_FR1_FED11FR1.csv
27.0,F_77_Kravitz_FR1_FED11FR1.csv
29.0,F_77_Kravitz_FR1_FED11FR1.csv
27.0,F_77_Kravitz_FR1_FED11FR1.csv
29.0,F_77_Kravitz_FR1_FED11FR1.csv
32.0,F_77_Kravitz_FR1_FED11FR1.csv
29.0,F_77_Kravitz_FR1_FED11FR1.csv
22.0,F_77_Kravitz_FR1_FED11FR1.csv
10260.0,M_79_Kravitz_FR1_FED2FR1.csv
480.0,M_79_Kravitz_FR1_FED2FR1.csv
2040.0,M_79_Kravitz_FR1_FED2FR1.csv
4440.0,M_79_Kravitz_FR1_FED2FR1.csv
4080.0,M_79_Kravitz_FR1_FED2FR1.csv
0.0,M_79_Kravitz_FR1_FED2FR1.csv
60.0,M_79_Kravitz_FR1_FED2FR1.csv
120.0,M_79_Kravitz_FR1_FED2FR1.csv
60.0,M_79_Kravitz_FR1_FED2FR1.csv
0.0,M_79_Kravitz_FR1_FED2FR1.csv
60.0,M_79_Kravitz_FR1_FED2FR1.csv
0.0,M_79_Kravitz_FR1_FED2FR1.csv
60.0,M_79_Kravitz_FR1_FED2FR1.csv
60.0,M_79_Kravitz_FR1_FED2FR1.csv
0.0,M_79_Kravitz_FR1_FED2FR1.csv
60.0,M_79_Kravitz_FR1_FED2FR1.csv
0.0,M_79_Kravitz_FR1_FED2FR1.csv
0.0,M_79_Kravitz_FR1_FED2FR1.csv
60.0,M_79_Kravitz_FR1_FED2FR1.csv
0.0,M_79_Kravitz_FR1_FED2FR1.csv
0.0,M_79_Kravitz_FR1_FED2FR1.csv
60.0,M_79_Kravitz_FR1_FED2FR1.csv
0.0,M_79_Kravitz_FR1_FED2FR1.csv
60.0,M_79_Kravitz_FR1_FED2FR1.csv
0.0,M_79_Kravitz_FR1_FED2FR1.csv
0.0,M_79_Kravitz_FR1_FED2FR1.csv
60.0,M_79_Kravitz_FR1_FED2FR1.csv
0.0,M_79_Kravitz_FR1_FED2FR1.csv
60.0,M_79_Kravitz_FR1_FED2FR1.csv
120.0,M_79_Kravitz_FR1_FED2FR1.csv
0.0,M_79_Kravitz_FR1_FED2FR1.csv
720.0,M_79_Kravitz_FR1_FED2FR1.csv
960.0,M_79_Kravitz_FR1_FED2FR1.csv
0.0,M_79_Kravitz_FR1_FED2FR1.csv
1200.0,M_79_Kravitz_FR1_FED2FR1.csv
60.0,M_79_Kravitz_FR1_FED2FR1.csv
0.0,M_79_Kravitz_FR1_FED2FR1.csv
60.0,M_79_Kravitz_FR1_FED2FR1.csv
60.0,M_79_Kravitz_FR1_FED2FR1.csv
0.0,M_79_Kravitz_FR1_FED2FR1.csv
60.0,M_79_Kravitz_FR1_FED2FR1.csv
60.0,M_79_Kravitz_FR1_FED2FR1.csv
60.0,M_79_Kravitz_FR1_FED2FR1.csv
60.0,M_79_Kravitz_FR1_FED2FR1.csv
60.0,M_79_Kravitz_FR1_FED2FR1.csv
2760.0,M_79_Kravitz_FR1_FED2FR1.csv
60.0,M_79_Kravitz_FR1_FED2FR1.csv
60.0,M_79_Kravitz_FR1_FED2FR1.csv
60.0,M_79_Kravitz_FR1_FED2FR1.csv
60.0,M_79_Kravitz_FR1_FED2FR1.csv
60.0,M_79_Kravitz_FR1_FED2FR1.csv
120.0,M_79_Kravitz_FR1_FED2FR1.csv
60.0,M_79_Kravitz_FR1_FED2FR1.csv
1560.0,M_79_Kravitz_FR1_FED2FR1.csv
1260.0,M_79_Kravitz_FR1_FED2FR1.csv
60.0,M_79_Kravitz_FR1_FED2FR1.csv
60.0,M_79_Kravitz_FR1_FED2FR1.csv
0.0,M_79_Kravitz_FR1_FED2FR1.csv
60.0,M_79_Kravitz_FR1_FED2FR1.csv
60.0,M_79_Kravitz_FR1_FED2FR1.csv
60.0,M_79_Kravitz_FR1_FED2FR1.csv
840.0,M_79_Kravitz_FR1_FED2FR1.csv
0.0,M_79_Kravitz_FR1_FED2FR1.csv
60.0,M_79_Kravitz_FR1_FED2FR1.csv
0.0,M_79_Kravitz_FR1_FED2FR1.csv
120.0,M_79_Kravitz_FR1_FED2FR1.csv
60.0,M_79_Kravitz_FR1_FED2FR1.csv
180.0,M_79_Kravitz_FR1_FED2FR1.csv
4140.0,M_79_Kravitz_FR1_FED2FR1.csv
60.0,M_79_Kravitz_FR1_FED2FR1.csv
60.0,M_79_Kravitz_FR1_FED2FR1.csv
0.0,M_79_Kravitz_FR1_FED2FR1.csv
60.0,M_79_Kravitz_FR1_FED2FR1.csv
0.0,M_79_Kravitz_FR1_FED2FR1.csv
0.0,M_79_Kravitz_FR1_FED2FR1.csv
60.0,M_79_Kravitz_FR1_FED2FR1.csv
60.0,M_79_Kravitz_FR1_FED2FR1.csv
0.0,M_79_Kravitz_FR1_FED2FR1.csv
0.0,M_79_Kravitz_FR1_FED2FR1.csv
60.0,M_79_Kravitz_FR1_FED2FR1.csv
60.0,M_79_Kravitz_FR1_FED2FR1.csv
3120.0,M_79_Kravitz_FR1_FED2FR1.csv
60.0,M_79_Kravitz_FR1_FED2FR1.csv
4380.0,M_79_Kravitz_FR1_FED2FR1.csv
60.0,M_79_Kravitz_FR1_FED2FR1.csv
60.0,M_79_Kravitz_FR1_FED2FR1.csv
60.0,M_79_Kravitz_FR1_FED2FR1.csv
60.0,M_79_Kravitz_FR1_FED2FR1.csv
0.0,M_79_Kravitz_FR1_FED2FR1.csv
5220.0,M_79_Kravitz_FR1_FED2FR1.csv
180.0,M_79_Kravitz_FR1_FED2FR1.csv
720.0,M_79_Kravitz_FR1_FED2FR1.csv
60.0,M_79_Kravitz_FR1_FED2FR1.csv
60.0,M_79_Kravitz_FR1_FED2FR1.csv
0.0,M_79_Kravitz_FR1_FED2FR1.csv
60.0,M_79_Kravitz_FR1_FED2FR1.csv
4560.0,M_79_Kravitz_FR1_FED2FR1.csv
60.0,M_79_Kravitz_FR1_FED2FR1.csv
60.0,M_79_Kravitz_FR1_FED2FR1.csv
60.0,M_79_Kravitz_FR1_FED2FR1.csv
0.0,M_79_Kravitz_FR1_FED2FR1.csv
60.0,M_79_Kravitz_FR1_FED2FR1.csv
0.0,M_79_Kravitz_FR1_FED2FR1.csv
60.0,M_79_Kravitz_FR1_FED2FR1.csv
5880.0,M_79_Kravitz_FR1_FED2FR1.csv
360.0,M_79_Kravitz_FR1_FED2FR1.csv
0.0,M_79_Kravitz_FR1_FED2FR1.csv
2700.0,M_79_Kravitz_FR1_FED2FR1.csv
0.0,M_79_Kravitz_FR1_FED2FR1.csv
60.0,M_79_Kravitz_FR1_FED2FR1.csv
0.0,M_79_Kravitz_FR1_FED2FR1.csv
0.0,M_79_Kravitz_FR1_FED2FR1.csv
60.0,M_79_Kravitz_FR1_FED2FR1.csv
0.0,M_79_Kravitz_FR1_FED2FR1.csv
60.0,M_79_Kravitz_FR1_FED2FR1.csv
60.0,M_79_Kravitz_FR1_FED2FR1.csv
0.0,M_79_Kravitz_FR1_FED2FR1.csv
0.0,M_79_Kravitz_FR1_FED2FR1.csv
60.0,M_79_Kravitz_FR1_FED2FR1.csv
0.0,M_79_Kravitz_FR1_FED2FR1.csv
60.0,M_79_Kravitz_FR1_FED2FR1.csv
8040.0,M_79_Kravitz_FR1_FED2FR1.csv
60.0,M_79_Kravitz_FR1_FED2FR1.csv
60.0,M_79_Kravitz_FR1_FED2FR1.csv
0.0,M_79_Kravitz_FR1_FED2FR1.csv
300.0,M_79_Kravitz_FR1_FED2FR1.csv
7680.0,M_79_Kravitz_FR1_FED2FR1.csv
935.0,M_81_Kravitz_FR1_FED4FR1.csv
59.0,M_81_Kravitz_FR1_FED4FR1.csv
598.0,M_81_Kravitz_FR1_FED4FR1.csv
247.0,M_81_Kravitz_FR1_FED4FR1.csv
5162.0,M_81_Kravitz_FR1_FED4FR1.csv
340.0,M_81_Kravitz_FR1_FED4FR1.csv
54.0,M_81_Kravitz_FR1_FED4FR1.csv
83.0,M_81_Kravitz_FR1_FED4FR1.csv
149.0,M_81_Kravitz_FR1_FED4FR1.csv
48.0,M_81_Kravitz_FR1_FED4FR1.csv
92.0,M_81_Kravitz_FR1_FED4FR1.csv
41.0,M_81_Kravitz_FR1_FED4FR1.csv
49.0,M_81_Kravitz_FR1_FED4FR1.csv
25.0,M_81_Kravitz_FR1_FED4FR1.csv
27.0,M_81_Kravitz_FR1_FED4FR1.csv
24.0,M_81_Kravitz_FR1_FED4FR1.csv
23.0,M_81_Kravitz_FR1_FED4FR1.csv
34.0,M_81_Kravitz_FR1_FED4FR1.csv
16.0,M_81_Kravitz_FR1_FED4FR1.csv
137.0,M_81_Kravitz_FR1_FED4FR1.csv
53.0,M_81_Kravitz_FR1_FED4FR1.csv
50.0,M_81_Kravitz_FR1_FED4FR1.csv
25.0,M_81_Kravitz_FR1_FED4FR1.csv
29.0,M_81_Kravitz_FR1_FED4FR1.csv
30.0,M_81_Kravitz_FR1_FED4FR1.csv
16.0,M_81_Kravitz_FR1_FED4FR1.csv
2297.0,M_81_Kravitz_FR1_FED4FR1.csv
27.0,M_81_Kravitz_FR1_FED4FR1.csv
40.0,M_81_Kravitz_FR1_FED4FR1.csv
35.0,M_81_Kravitz_FR1_FED4FR1.csv
14.0,M_81_Kravitz_FR1_FED4FR1.csv
22.0,M_81_Kravitz_FR1_FED4FR1.csv
31.0,M_81_Kravitz_FR1_FED4FR1.csv
43.0,M_81_Kravitz_FR1_FED4FR1.csv
34.0,M_81_Kravitz_FR1_FED4FR1.csv
29.0,M_81_Kravitz_FR1_FED4FR1.csv
35.0,M_81_Kravitz_FR1_FED4FR1.csv
24.0,M_81_Kravitz_FR1_FED4FR1.csv
31.0,M_81_Kravitz_FR1_FED4FR1.csv
15.0,M_81_Kravitz_FR1_FED4FR1.csv
41.0,M_81_Kravitz_FR1_FED4FR1.csv
118.0,M_81_Kravitz_FR1_FED4FR1.csv
165.0,M_81_Kravitz_FR1_FED4FR1.csv
136.0,M_81_Kravitz_FR1_FED4FR1.csv
18.0,M_81_Kravitz_FR1_FED4FR1.csv
18.0,M_81_Kravitz_FR1_FED4FR1.csv
49.0,M_81_Kravitz_FR1_FED4FR1.csv
709.0,M_81_Kravitz_FR1_FED4FR1.csv
46.0,M_81_Kravitz_FR1_FED4FR1.csv
27.0,M_81_Kravitz_FR1_FED4FR1.csv
46.0,M_81_Kravitz_FR1_FED4FR1.csv
20.0,M_81_Kravitz_FR1_FED4FR1.csv
39.0,M_81_Kravitz_FR1_FED4FR1.csv
34.0,M_81_Kravitz_FR1_FED4FR1.csv
49.0,M_81_Kravitz_FR1_FED4FR1.csv
27.0,M_81_Kravitz_FR1_FED4FR1.csv
379.0,M_81_Kravitz_FR1_FED4FR1.csv
36.0,M_81_Kravitz_FR1_FED4FR1.csv
65.0,M_81_Kravitz_FR1_FED4FR1.csv
1405.0,M_81_Kravitz_FR1_FED4FR1.csv
990.0,M_81_Kravitz_FR1_FED4FR1.csv
30.0,M_81_Kravitz_FR1_FED4FR1.csv
31.0,M_81_Kravitz_FR1_FED4FR1.csv
21.0,M_81_Kravitz_FR1_FED4FR1.csv
23.0,M_81_Kravitz_FR1_FED4FR1.csv
31.0,M_81_Kravitz_FR1_FED4FR1.csv
21.0,M_81_Kravitz_FR1_FED4FR1.csv
50.0,M_81_Kravitz_FR1_FED4FR1.csv
18.0,M_81_Kravitz_FR1_FED4FR1.csv
436.0,M_81_Kravitz_FR1_FED4FR1.csv
27.0,M_81_Kravitz_FR1_FED4FR1.csv
38.0,M_81_Kravitz_FR1_FED4FR1.csv
36.0,M_81_Kravitz_FR1_FED4FR1.csv
1143.0,M_81_Kravitz_FR1_FED4FR1.csv
61.0,M_81_Kravitz_FR1_FED4FR1.csv
36.0,M_81_Kravitz_FR1_FED4FR1.csv
1067.0,M_81_Kravitz_FR1_FED4FR1.csv
31.0,M_81_Kravitz_FR1_FED4FR1.csv
43.0,M_81_Kravitz_FR1_FED4FR1.csv
25.0,M_81_Kravitz_FR1_FED4FR1.csv
49.0,M_81_Kravitz_FR1_FED4FR1.csv
38.0,M_81_Kravitz_FR1_FED4FR1.csv
18.0,M_81_Kravitz_FR1_FED4FR1.csv
53.0,M_81_Kravitz_FR1_FED4FR1.csv
29.0,M_81_Kravitz_FR1_FED4FR1.csv
18.0,M_81_Kravitz_FR1_FED4FR1.csv
44.0,M_81_Kravitz_FR1_FED4FR1.csv
27.0,M_81_Kravitz_FR1_FED4FR1.csv
887.0,M_81_Kravitz_FR1_FED4FR1.csv
940.0,M_81_Kravitz_FR1_FED4FR1.csv
24.0,M_81_Kravitz_FR1_FED4FR1.csv
38.0,M_81_Kravitz_FR1_FED4FR1.csv
21.0,M_81_Kravitz_FR1_FED4FR1.csv
29.0,M_81_Kravitz_FR1_FED4FR1.csv
12.0,M_81_Kravitz_FR1_FED4FR1.csv
40.0,M_81_Kravitz_FR1_FED4FR1.csv
33.0,M_81_Kravitz_FR1_FED4FR1.csv
17.0,M_81_Kravitz_FR1_FED4FR1.csv
23.0,M_81_Kravitz_FR1_FED4FR1.csv
967.0,M_81_Kravitz_FR1_FED4FR1.csv
45.0,M_81_Kravitz_FR1_FED4FR1.csv
39.0,M_81_Kravitz_FR1_FED4FR1.csv
34.0,M_81_Kravitz_FR1_FED4FR1.csv
1999.0,M_81_Kravitz_FR1_FED4FR1.csv
41.0,M_81_Kravitz_FR1_FED4FR1.csv
56.0,M_81_Kravitz_FR1_FED4FR1.csv
32.0,M_81_Kravitz_FR1_FED4FR1.csv
19.0,M_81_Kravitz_FR1_FED4FR1.csv
38.0,M_81_Kravitz_FR1_FED4FR1.csv
18.0,M_81_Kravitz_FR1_FED4FR1.csv
13.0,M_81_Kravitz_FR1_FED4FR1.csv
30.0,M_81_Kravitz_FR1_FED4FR1.csv
39.0,M_81_Kravitz_FR1_FED4FR1.csv
25.0,M_81_Kravitz_FR1_FED4FR1.csv
33.0,M_81_Kravitz_FR1_FED4FR1.csv
30.0,M_81_Kravitz_FR1_FED4FR1.csv
37.0,M_81_Kravitz_FR1_FED4FR1.csv
20.0,M_81_Kravitz_FR1_FED4FR1.csv
1979.0,M_81_Kravitz_FR1_FED4FR1.csv
21.0,M_81_Kravitz_FR1_FED4FR1.csv
57.0,M_81_Kravitz_FR1_FED4FR1.csv
1840.0,M_81_Kravitz_FR1_FED4FR1.csv
1299.0,M_81_Kravitz_FR1_FED4FR1.csv
34.0,M_81_Kravitz_FR1_FED4FR1.csv
20.0,M_81_Kravitz_FR1_FED4FR1.csv
31.0,M_81_Kravitz_FR1_FED4FR1.csv
24.0,M_81_Kravitz_FR1_FED4FR1.csv
711.0,M_81_Kravitz_FR1_FED4FR1.csv
31.0,M_81_Kravitz_FR1_FED4FR1.csv
16.0,M_81_Kravitz_FR1_FED4FR1.csv
31.0,M_81_Kravitz_FR1_FED4FR1.csv
19.0,M_81_Kravitz_FR1_FED4FR1.csv
32.0,M_81_Kravitz_FR1_FED4FR1.csv
23.0,M_81_Kravitz_FR1_FED4FR1.csv
252.0,M_81_Kravitz_FR1_FED4FR1.csv
1167.0,M_81_Kravitz_FR1_FED4FR1.csv
68.0,M_81_Kravitz_FR1_FED4FR1.csv
52.0,M_81_Kravitz_FR1_FED4FR1.csv
28.0,M_81_Kravitz_FR1_FED4FR1.csv
17.0,M_81_Kravitz_FR1_FED4FR1.csv
18.0,M_81_Kravitz_FR1_FED4FR1.csv
24.0,M_81_Kravitz_FR1_FED4FR1.csv
19.0,M_81_Kravitz_FR1_FED4FR1.csv
23.0,M_81_Kravitz_FR1_FED4FR1.csv
31.0,M_81_Kravitz_FR1_FED4FR1.csv
3120.0,M_81_Kravitz_FR1_FED4FR1.csv
20.0,M_81_Kravitz_FR1_FED4FR1.csv
24.0,M_81_Kravitz_FR1_FED4FR1.csv
24.0,M_81_Kravitz_FR1_FED4FR1.csv
35.0,M_81_Kravitz_FR1_FED4FR1.csv
21.0,M_81_Kravitz_FR1_FED4FR1.csv
26.0,M_81_Kravitz_FR1_FED4FR1.csv
26.0,M_81_Kravitz_FR1_FED4FR1.csv
22.0,M_81_Kravitz_FR1_FED4FR1.csv
5216.0,M_81_Kravitz_FR1_FED4FR1.csv
51.0,M_81_Kravitz_FR1_FED4FR1.csv
45.0,M_81_Kravitz_FR1_FED4FR1.csv
4652.0,M_81_Kravitz_FR1_FED4FR1.csv
24.0,M_81_Kravitz_FR1_FED4FR1.csv
33.0,M_81_Kravitz_FR1_FED4FR1.csv
2936.0,M_81_Kravitz_FR1_FED4FR1.csv
29.0,M_81_Kravitz_FR1_FED4FR1.csv
35.0,M_81_Kravitz_FR1_FED4FR1.csv
44.0,M_81_Kravitz_FR1_FED4FR1.csv
32.0,M_81_Kravitz_FR1_FED4FR1.csv
37.0,M_81_Kravitz_FR1_FED4FR1.csv
1200.0,M_81_Kravitz_FR1_FED4FR1.csv
33.0,M_81_Kravitz_FR1_FED4FR1.csv
50.0,M_81_Kravitz_FR1_FED4FR1.csv
29.0,M_81_Kravitz_FR1_FED4FR1.csv
44.0,M_81_Kravitz_FR1_FED4FR1.csv
41.0,M_81_Kravitz_FR1_FED4FR1.csv
1485.0,M_81_Kravitz_FR1_FED4FR1.csv
29.0,M_81_Kravitz_FR1_FED4FR1.csv
36.0,M_81_Kravitz_FR1_FED4FR1.csv
2925.0,M_81_Kravitz_FR1_FED4FR1.csv
30.0,M_81_Kravitz_FR1_FED4FR1.csv
32.0,M_81_Kravitz_FR1_FED4FR1.csv
40.0,M_81_Kravitz_FR1_FED4FR1.csv
55.0,M_81_Kravitz_FR1_FED4FR1.csv
34.0,M_81_Kravitz_FR1_FED4FR1.csv
34.0,M_81_Kravitz_FR1_FED4FR1.csv
2260.0,M_81_Kravitz_FR1_FED4FR1.csv
98.0,M_81_Kravitz_FR1_FED4FR1.csv
78.0,M_81_Kravitz_FR1_FED4FR1.csv
34.0,M_81_Kravitz_FR1_FED4FR1.csv
160.0,M_81_Kravitz_FR1_FED4FR1.csv
1452.0,M_81_Kravitz_FR1_FED4FR1.csv
90.0,M_81_Kravitz_FR1_FED4FR1.csv
20.0,M_81_Kravitz_FR1_FED4FR1.csv
28.0,M_81_Kravitz_FR1_FED4FR1.csv
6031.0,M_81_Kravitz_FR1_FED4FR1.csv
241.0,M_81_Kravitz_FR1_FED4FR1.csv
573.0,M_81_Kravitz_FR1_FED4FR1.csv
711.0,M_81_Kravitz_FR1_FED4FR1.csv
59.0,M_81_Kravitz_FR1_FED4FR1.csv
35.0,M_81_Kravitz_FR1_FED4FR1.csv
37.0,M_81_Kravitz_FR1_FED4FR1.csv
426.0,M_81_Kravitz_FR1_FED4FR1.csv
2446.0,M_81_Kravitz_FR1_FED4FR1.csv
18.0,M_81_Kravitz_FR1_FED4FR1.csv
31.0,M_81_Kravitz_FR1_FED4FR1.csv
44.0,M_81_Kravitz_FR1_FED4FR1.csv
44.0,M_81_Kravitz_FR1_FED4FR1.csv
24.0,M_81_Kravitz_FR1_FED4FR1.csv
3690.0,M_81_Kravitz_FR1_FED4FR1.csv
22.0,M_81_Kravitz_FR1_FED4FR1.csv
4772.0,M_81_Kravitz_FR1_FED4FR1.csv
29.0,M_81_Kravitz_FR1_FED4FR1.csv
16.0,M_81_Kravitz_FR1_FED4FR1.csv
23.0,M_81_Kravitz_FR1_FED4FR1.csv
19.0,M_81_Kravitz_FR1_FED4FR1.csv
208.0,M_81_Kravitz_FR1_FED4FR1.csv
16.0,M_81_Kravitz_FR1_FED4FR1.csv
26.0,M_81_Kravitz_FR1_FED4FR1.csv
5773.0,M_81_Kravitz_FR1_FED4FR1.csv
423.0,M_81_Kravitz_FR1_FED4FR1.csv
51.0,M_81_Kravitz_FR1_FED4FR1.csv
43.0,M_81_Kravitz_FR1_FED4FR1.csv
39.0,M_81_Kravitz_FR1_FED4FR1.csv
73.0,M_81_Kravitz_FR1_FED4FR1.csv
50.0,M_81_Kravitz_FR1_FED4FR1.csv
47.0,M_81_Kravitz_FR1_FED4FR1.csv
22011.0,M_80_Kravitz_FR1_FED3FR1.csv
1190.0,M_80_Kravitz_FR1_FED3FR1.csv
1827.0,M_80_Kravitz_FR1_FED3FR1.csv
60.0,M_80_Kravitz_FR1_FED3FR1.csv
43.0,M_80_Kravitz_FR1_FED3FR1.csv
42.0,M_80_Kravitz_FR1_FED3FR1.csv
46.0,M_80_Kravitz_FR1_FED3FR1.csv
27.0,M_80_Kravitz_FR1_FED3FR1.csv
27.0,M_80_Kravitz_FR1_FED3FR1.csv
38.0,M_80_Kravitz_FR1_FED3FR1.csv
43.0,M_80_Kravitz_FR1_FED3FR1.csv
24.0,M_80_Kravitz_FR1_FED3FR1.csv
32.0,M_80_Kravitz_FR1_FED3FR1.csv
18.0,M_80_Kravitz_FR1_FED3FR1.csv
24.0,M_80_Kravitz_FR1_FED3FR1.csv
28.0,M_80_Kravitz_FR1_FED3FR1.csv
47.0,M_80_Kravitz_FR1_FED3FR1.csv
25.0,M_80_Kravitz_FR1_FED3FR1.csv
22.0,M_80_Kravitz_FR1_FED3FR1.csv
22.0,M_80_Kravitz_FR1_FED3FR1.csv
13.0,M_80_Kravitz_FR1_FED3FR1.csv
34.0,M_80_Kravitz_FR1_FED3FR1.csv
38.0,M_80_Kravitz_FR1_FED3FR1.csv
36.0,M_80_Kravitz_FR1_FED3FR1.csv
499.0,M_80_Kravitz_FR1_FED3FR1.csv
3404.0,M_80_Kravitz_FR1_FED3FR1.csv
50.0,M_80_Kravitz_FR1_FED3FR1.csv
42.0,M_80_Kravitz_FR1_FED3FR1.csv
29.0,M_80_Kravitz_FR1_FED3FR1.csv
20.0,M_80_Kravitz_FR1_FED3FR1.csv
29.0,M_80_Kravitz_FR1_FED3FR1.csv
38.0,M_80_Kravitz_FR1_FED3FR1.csv
40.0,M_80_Kravitz_FR1_FED3FR1.csv
26.0,M_80_Kravitz_FR1_FED3FR1.csv
48.0,M_80_Kravitz_FR1_FED3FR1.csv
34.0,M_80_Kravitz_FR1_FED3FR1.csv
24.0,M_80_Kravitz_FR1_FED3FR1.csv
37.0,M_80_Kravitz_FR1_FED3FR1.csv
25.0,M_80_Kravitz_FR1_FED3FR1.csv
1146.0,M_80_Kravitz_FR1_FED3FR1.csv
81.0,M_80_Kravitz_FR1_FED3FR1.csv
23.0,M_80_Kravitz_FR1_FED3FR1.csv
34.0,M_80_Kravitz_FR1_FED3FR1.csv
24.0,M_80_Kravitz_FR1_FED3FR1.csv
27.0,M_80_Kravitz_FR1_FED3FR1.csv
31.0,M_80_Kravitz_FR1_FED3FR1.csv
42.0,M_80_Kravitz_FR1_FED3FR1.csv
42.0,M_80_Kravitz_FR1_FED3FR1.csv
43.0,M_80_Kravitz_FR1_FED3FR1.csv
47.0,M_80_Kravitz_FR1_FED3FR1.csv
28.0,M_80_Kravitz_FR1_FED3FR1.csv
86.0,M_80_Kravitz_FR1_FED3FR1.csv
136.0,M_80_Kravitz_FR1_FED3FR1.csv
3505.0,M_80_Kravitz_FR1_FED3FR1.csv
49.0,M_80_Kravitz_FR1_FED3FR1.csv
54.0,M_80_Kravitz_FR1_FED3FR1.csv
36.0,M_80_Kravitz_FR1_FED3FR1.csv
101.0,M_80_Kravitz_FR1_FED3FR1.csv
73.0,M_80_Kravitz_FR1_FED3FR1.csv
43.0,M_80_Kravitz_FR1_FED3FR1.csv
54.0,M_80_Kravitz_FR1_FED3FR1.csv
37.0,M_80_Kravitz_FR1_FED3FR1.csv
41.0,M_80_Kravitz_FR1_FED3FR1.csv
63.0,M_80_Kravitz_FR1_FED3FR1.csv
43.0,M_80_Kravitz_FR1_FED3FR1.csv
4881.0,M_80_Kravitz_FR1_FED3FR1.csv
1224.0,M_80_Kravitz_FR1_FED3FR1.csv
25.0,M_80_Kravitz_FR1_FED3FR1.csv
33.0,M_80_Kravitz_FR1_FED3FR1.csv
28.0,M_80_Kravitz_FR1_FED3FR1.csv
32.0,M_80_Kravitz_FR1_FED3FR1.csv
1902.0,M_80_Kravitz_FR1_FED3FR1.csv
41.0,M_80_Kravitz_FR1_FED3FR1.csv
22.0,M_80_Kravitz_FR1_FED3FR1.csv
22.0,M_80_Kravitz_FR1_FED3FR1.csv
52.0,M_80_Kravitz_FR1_FED3FR1.csv
22.0,M_80_Kravitz_FR1_FED3FR1.csv
18.0,M_80_Kravitz_FR1_FED3FR1.csv
201.0,M_80_Kravitz_FR1_FED3FR1.csv
2765.0,M_80_Kravitz_FR1_FED3FR1.csv
69.0,M_80_Kravitz_FR1_FED3FR1.csv
72.0,M_80_Kravitz_FR1_FED3FR1.csv
52.0,M_80_Kravitz_FR1_FED3FR1.csv
105.0,M_80_Kravitz_FR1_FED3FR1.csv
2811.0,M_80_Kravitz_FR1_FED3FR1.csv
464.0,M_80_Kravitz_FR1_FED3FR1.csv
102.0,M_80_Kravitz_FR1_FED3FR1.csv
31.0,M_80_Kravitz_FR1_FED3FR1.csv
24.0,M_80_Kravitz_FR1_FED3FR1.csv
53.0,M_80_Kravitz_FR1_FED3FR1.csv
74.0,M_80_Kravitz_FR1_FED3FR1.csv
29.0,M_80_Kravitz_FR1_FED3FR1.csv
23.0,M_80_Kravitz_FR1_FED3FR1.csv
43.0,M_80_Kravitz_FR1_FED3FR1.csv
219.0,M_80_Kravitz_FR1_FED3FR1.csv
525.0,M_80_Kravitz_FR1_FED3FR1.csv
58.0,M_80_Kravitz_FR1_FED3FR1.csv
29.0,M_80_Kravitz_FR1_FED3FR1.csv
68.0,M_80_Kravitz_FR1_FED3FR1.csv
31.0,M_80_Kravitz_FR1_FED3FR1.csv
36.0,M_80_Kravitz_FR1_FED3FR1.csv
44.0,M_80_Kravitz_FR1_FED3FR1.csv
9723.0,M_80_Kravitz_FR1_FED3FR1.csv
126.0,M_80_Kravitz_FR1_FED3FR1.csv
2815.0,M_80_Kravitz_FR1_FED3FR1.csv
62.0,M_80_Kravitz_FR1_FED3FR1.csv
46.0,M_80_Kravitz_FR1_FED3FR1.csv
643.0,M_80_Kravitz_FR1_FED3FR1.csv
280.0,M_80_Kravitz_FR1_FED3FR1.csv
35.0,M_80_Kravitz_FR1_FED3FR1.csv
102.0,M_80_Kravitz_FR1_FED3FR1.csv
3549.0,M_80_Kravitz_FR1_FED3FR1.csv
28.0,M_80_Kravitz_FR1_FED3FR1.csv
36.0,M_80_Kravitz_FR1_FED3FR1.csv
52.0,M_80_Kravitz_FR1_FED3FR1.csv
44.0,M_80_Kravitz_FR1_FED3FR1.csv
21.0,M_80_Kravitz_FR1_FED3FR1.csv
55.0,M_80_Kravitz_FR1_FED3FR1.csv
15.0,M_80_Kravitz_FR1_FED3FR1.csv
21.0,M_80_Kravitz_FR1_FED3FR1.csv
22.0,M_80_Kravitz_FR1_FED3FR1.csv
29.0,M_80_Kravitz_FR1_FED3FR1.csv
5137.0,M_80_Kravitz_FR1_FED3FR1.csv
35.0,M_80_Kravitz_FR1_FED3FR1.csv
6374.0,M_80_Kravitz_FR1_FED3FR1.csv
53.0,M_80_Kravitz_FR1_FED3FR1.csv
33.0,M_80_Kravitz_FR1_FED3FR1.csv
36.0,M_80_Kravitz_FR1_FED3FR1.csv
26.0,M_80_Kravitz_FR1_FED3FR1.csv
22.0,M_80_Kravitz_FR1_FED3FR1.csv
27.0,M_80_Kravitz_FR1_FED3FR1.csv
27.0,M_80_Kravitz_FR1_FED3FR1.csv
21.0,M_80_Kravitz_FR1_FED3FR1.csv
29.0,M_80_Kravitz_FR1_FED3FR1.csv
2843.0,M_80_Kravitz_FR1_FED3FR1.csv
212.0,M_82_Kravitz_FR1_FED5FR1.csv
7887.0,M_82_Kravitz_FR1_FED5FR1.csv
4960.0,M_82_Kravitz_FR1_FED5FR1.csv
122.0,M_82_Kravitz_FR1_FED5FR1.csv
358.0,M_82_Kravitz_FR1_FED5FR1.csv
52.0,M_82_Kravitz_FR1_FED5FR1.csv
66.0,M_82_Kravitz_FR1_FED5FR1.csv
74.0,M_82_Kravitz_FR1_FED5FR1.csv
41.0,M_82_Kravitz_FR1_FED5FR1.csv
64.0,M_82_Kravitz_FR1_FED5FR1.csv
41.0,M_82_Kravitz_FR1_FED5FR1.csv
30.0,M_82_Kravitz_FR1_FED5FR1.csv
189.0,M_82_Kravitz_FR1_FED5FR1.csv
31.0,M_82_Kravitz_FR1_FED5FR1.csv
27.0,M_82_Kravitz_FR1_FED5FR1.csv
39.0,M_82_Kravitz_FR1_FED5FR1.csv
23.0,M_82_Kravitz_FR1_FED5FR1.csv
21.0,M_82_Kravitz_FR1_FED5FR1.csv
22.0,M_82_Kravitz_FR1_FED5FR1.csv
15.0,M_82_Kravitz_FR1_FED5FR1.csv
27.0,M_82_Kravitz_FR1_FED5FR1.csv
31.0,M_82_Kravitz_FR1_FED5FR1.csv
37.0,M_82_Kravitz_FR1_FED5FR1.csv
62.0,M_82_Kravitz_FR1_FED5FR1.csv
278.0,M_82_Kravitz_FR1_FED5FR1.csv
86.0,M_82_Kravitz_FR1_FED5FR1.csv
1552.0,M_82_Kravitz_FR1_FED5FR1.csv
37.0,M_82_Kravitz_FR1_FED5FR1.csv
48.0,M_82_Kravitz_FR1_FED5FR1.csv
39.0,M_82_Kravitz_FR1_FED5FR1.csv
40.0,M_82_Kravitz_FR1_FED5FR1.csv
885.0,M_82_Kravitz_FR1_FED5FR1.csv
586.0,M_82_Kravitz_FR1_FED5FR1.csv
43.0,M_82_Kravitz_FR1_FED5FR1.csv
32.0,M_82_Kravitz_FR1_FED5FR1.csv
29.0,M_82_Kravitz_FR1_FED5FR1.csv
36.0,M_82_Kravitz_FR1_FED5FR1.csv
22.0,M_82_Kravitz_FR1_FED5FR1.csv
31.0,M_82_Kravitz_FR1_FED5FR1.csv
23.0,M_82_Kravitz_FR1_FED5FR1.csv
17.0,M_82_Kravitz_FR1_FED5FR1.csv
24.0,M_82_Kravitz_FR1_FED5FR1.csv
25.0,M_82_Kravitz_FR1_FED5FR1.csv
20.0,M_82_Kravitz_FR1_FED5FR1.csv
30.0,M_82_Kravitz_FR1_FED5FR1.csv
77.0,M_82_Kravitz_FR1_FED5FR1.csv
45.0,M_82_Kravitz_FR1_FED5FR1.csv
257.0,M_82_Kravitz_FR1_FED5FR1.csv
31.0,M_82_Kravitz_FR1_FED5FR1.csv
342.0,M_82_Kravitz_FR1_FED5FR1.csv
66.0,M_82_Kravitz_FR1_FED5FR1.csv
32.0,M_82_Kravitz_FR1_FED5FR1.csv
85.0,M_82_Kravitz_FR1_FED5FR1.csv
1431.0,M_82_Kravitz_FR1_FED5FR1.csv
34.0,M_82_Kravitz_FR1_FED5FR1.csv
18.0,M_82_Kravitz_FR1_FED5FR1.csv
30.0,M_82_Kravitz_FR1_FED5FR1.csv
58.0,M_82_Kravitz_FR1_FED5FR1.csv
34.0,M_82_Kravitz_FR1_FED5FR1.csv
1607.0,M_82_Kravitz_FR1_FED5FR1.csv
1365.0,M_82_Kravitz_FR1_FED5FR1.csv
55.0,M_82_Kravitz_FR1_FED5FR1.csv
21.0,M_82_Kravitz_FR1_FED5FR1.csv
34.0,M_82_Kravitz_FR1_FED5FR1.csv
23.0,M_82_Kravitz_FR1_FED5FR1.csv
25.0,M_82_Kravitz_FR1_FED5FR1.csv
29.0,M_82_Kravitz_FR1_FED5FR1.csv
15.0,M_82_Kravitz_FR1_FED5FR1.csv
25.0,M_82_Kravitz_FR1_FED5FR1.csv
27.0,M_82_Kravitz_FR1_FED5FR1.csv
32.0,M_82_Kravitz_FR1_FED5FR1.csv
17.0,M_82_Kravitz_FR1_FED5FR1.csv
39.0,M_82_Kravitz_FR1_FED5FR1.csv
50.0,M_82_Kravitz_FR1_FED5FR1.csv
792.0,M_82_Kravitz_FR1_FED5FR1.csv
32.0,M_82_Kravitz_FR1_FED5FR1.csv
41.0,M_82_Kravitz_FR1_FED5FR1.csv
73.0,M_82_Kravitz_FR1_FED5FR1.csv
38.0,M_82_Kravitz_FR1_FED5FR1.csv
31.0,M_82_Kravitz_FR1_FED5FR1.csv
24.0,M_82_Kravitz_FR1_FED5FR1.csv
8351.0,M_82_Kravitz_FR1_FED5FR1.csv
36.0,M_82_Kravitz_FR1_FED5FR1.csv
59.0,M_82_Kravitz_FR1_FED5FR1.csv
63.0,M_82_Kravitz_FR1_FED5FR1.csv
726.0,M_82_Kravitz_FR1_FED5FR1.csv
22.0,M_82_Kravitz_FR1_FED5FR1.csv
46.0,M_82_Kravitz_FR1_FED5FR1.csv
28.0,M_82_Kravitz_FR1_FED5FR1.csv
18.0,M_82_Kravitz_FR1_FED5FR1.csv
23.0,M_82_Kravitz_FR1_FED5FR1.csv
10028.0,M_82_Kravitz_FR1_FED5FR1.csv
838.0,M_82_Kravitz_FR1_FED5FR1.csv
145.0,M_82_Kravitz_FR1_FED5FR1.csv
186.0,M_82_Kravitz_FR1_FED5FR1.csv
24.0,M_82_Kravitz_FR1_FED5FR1.csv
526.0,M_82_Kravitz_FR1_FED5FR1.csv
3477.0,M_82_Kravitz_FR1_FED5FR1.csv
52.0,M_82_Kravitz_FR1_FED5FR1.csv
51.0,M_82_Kravitz_FR1_FED5FR1.csv
36.0,M_82_Kravitz_FR1_FED5FR1.csv
35.0,M_82_Kravitz_FR1_FED5FR1.csv
59.0,M_82_Kravitz_FR1_FED5FR1.csv
47.0,M_82_Kravitz_FR1_FED5FR1.csv
48.0,M_82_Kravitz_FR1_FED5FR1.csv
33.0,M_82_Kravitz_FR1_FED5FR1.csv
50.0,M_82_Kravitz_FR1_FED5FR1.csv
24.0,M_82_Kravitz_FR1_FED5FR1.csv
1164.0,M_82_Kravitz_FR1_FED5FR1.csv
237.0,M_82_Kravitz_FR1_FED5FR1.csv
179.0,M_82_Kravitz_FR1_FED5FR1.csv
34.0,M_82_Kravitz_FR1_FED5FR1.csv
39.0,M_82_Kravitz_FR1_FED5FR1.csv
1778.0,M_82_Kravitz_FR1_FED5FR1.csv
45.0,M_82_Kravitz_FR1_FED5FR1.csv
40.0,M_82_Kravitz_FR1_FED5FR1.csv
46.0,M_82_Kravitz_FR1_FED5FR1.csv
31.0,M_82_Kravitz_FR1_FED5FR1.csv
26.0,M_82_Kravitz_FR1_FED5FR1.csv
37.0,M_82_Kravitz_FR1_FED5FR1.csv
37.0,M_82_Kravitz_FR1_FED5FR1.csv
43.0,M_82_Kravitz_FR1_FED5FR1.csv
4515.0,M_82_Kravitz_FR1_FED5FR1.csv
7155.0,M_82_Kravitz_FR1_FED5FR1.csv
81.0,M_82_Kravitz_FR1_FED5FR1.csv
288.0,M_82_Kravitz_FR1_FED5FR1.csv
938.0,M_82_Kravitz_FR1_FED5FR1.csv
55.0,M_82_Kravitz_FR1_FED5FR1.csv
46.0,M_82_Kravitz_FR1_FED5FR1.csv
88.0,M_82_Kravitz_FR1_FED5FR1.csv
300.0,M_82_Kravitz_FR1_FED5FR1.csv
2315.0,M_82_Kravitz_FR1_FED5FR1.csv
23.0,M_82_Kravitz_FR1_FED5FR1.csv
19.0,M_82_Kravitz_FR1_FED5FR1.csv
23.0,M_82_Kravitz_FR1_FED5FR1.csv
3919.0,M_82_Kravitz_FR1_FED5FR1.csv
40.0,M_82_Kravitz_FR1_FED5FR1.csv
42.0,M_82_Kravitz_FR1_FED5FR1.csv
54.0,M_82_Kravitz_FR1_FED5FR1.csv
20.0,M_82_Kravitz_FR1_FED5FR1.csv
26.0,M_82_Kravitz_FR1_FED5FR1.csv
36.0,M_82_Kravitz_FR1_FED5FR1.csv
32.0,M_82_Kravitz_FR1_FED5FR1.csv
41.0,M_82_Kravitz_FR1_FED5FR1.csv
30.0,M_82_Kravitz_FR1_FED5FR1.csv
28.0,M_82_Kravitz_FR1_FED5FR1.csv
41.0,M_82_Kravitz_FR1_FED5FR1.csv
5071.0,M_82_Kravitz_FR1_FED5FR1.csv
4449.0,M_82_Kravitz_FR1_FED5FR1.csv
24.0,M_82_Kravitz_FR1_FED5FR1.csv
35.0,M_82_Kravitz_FR1_FED5FR1.csv
37.0,M_82_Kravitz_FR1_FED5FR1.csv
902.0,M_82_Kravitz_FR1_FED5FR1.csv
2776.0,M_83_Kravitz_FR1_FED6FR1.csv
23552.0,M_83_Kravitz_FR1_FED6FR1.csv
2328.0,M_83_Kravitz_FR1_FED6FR1.csv
44.0,M_83_Kravitz_FR1_FED6FR1.csv
63.0,M_83_Kravitz_FR1_FED6FR1.csv
47.0,M_83_Kravitz_FR1_FED6FR1.csv
59.0,M_83_Kravitz_FR1_FED6FR1.csv
52.0,M_83_Kravitz_FR1_FED6FR1.csv
47.0,M_83_Kravitz_FR1_FED6FR1.csv
40.0,M_83_Kravitz_FR1_FED6FR1.csv
27.0,M_83_Kravitz_FR1_FED6FR1.csv
48.0,M_83_Kravitz_FR1_FED6FR1.csv
37.0,M_83_Kravitz_FR1_FED6FR1.csv
53.0,M_83_Kravitz_FR1_FED6FR1.csv
26.0,M_83_Kravitz_FR1_FED6FR1.csv
57.0,M_83_Kravitz_FR1_FED6FR1.csv
90.0,M_83_Kravitz_FR1_FED6FR1.csv
51.0,M_83_Kravitz_FR1_FED6FR1.csv
25.0,M_83_Kravitz_FR1_FED6FR1.csv
22.0,M_83_Kravitz_FR1_FED6FR1.csv
34.0,M_83_Kravitz_FR1_FED6FR1.csv
29.0,M_83_Kravitz_FR1_FED6FR1.csv
26.0,M_83_Kravitz_FR1_FED6FR1.csv
20.0,M_83_Kravitz_FR1_FED6FR1.csv
24.0,M_83_Kravitz_FR1_FED6FR1.csv
26.0,M_83_Kravitz_FR1_FED6FR1.csv
356.0,M_83_Kravitz_FR1_FED6FR1.csv
68.0,M_83_Kravitz_FR1_FED6FR1.csv
29.0,M_83_Kravitz_FR1_FED6FR1.csv
25.0,M_83_Kravitz_FR1_FED6FR1.csv
21.0,M_83_Kravitz_FR1_FED6FR1.csv
19.0,M_83_Kravitz_FR1_FED6FR1.csv
29.0,M_83_Kravitz_FR1_FED6FR1.csv
25.0,M_83_Kravitz_FR1_FED6FR1.csv
26.0,M_83_Kravitz_FR1_FED6FR1.csv
16.0,M_83_Kravitz_FR1_FED6FR1.csv
1394.0,M_83_Kravitz_FR1_FED6FR1.csv
116.0,M_83_Kravitz_FR1_FED6FR1.csv
40.0,M_83_Kravitz_FR1_FED6FR1.csv
44.0,M_83_Kravitz_FR1_FED6FR1.csv
37.0,M_83_Kravitz_FR1_FED6FR1.csv
39.0,M_83_Kravitz_FR1_FED6FR1.csv
29.0,M_83_Kravitz_FR1_FED6FR1.csv
9.0,M_83_Kravitz_FR1_FED6FR1.csv
20.0,M_83_Kravitz_FR1_FED6FR1.csv
3284.0,M_83_Kravitz_FR1_FED6FR1.csv
47.0,M_83_Kravitz_FR1_FED6FR1.csv
48.0,M_83_Kravitz_FR1_FED6FR1.csv
26.0,M_83_Kravitz_FR1_FED6FR1.csv
38.0,M_83_Kravitz_FR1_FED6FR1.csv
30.0,M_83_Kravitz_FR1_FED6FR1.csv
22.0,M_83_Kravitz_FR1_FED6FR1.csv
38.0,M_83_Kravitz_FR1_FED6FR1.csv
25.0,M_83_Kravitz_FR1_FED6FR1.csv
26.0,M_83_Kravitz_FR1_FED6FR1.csv
42.0,M_83_Kravitz_FR1_FED6FR1.csv
88.0,M_83_Kravitz_FR1_FED6FR1.csv
30.0,M_83_Kravitz_FR1_FED6FR1.csv
17.0,M_83_Kravitz_FR1_FED6FR1.csv
2550.0,M_83_Kravitz_FR1_FED6FR1.csv
17.0,M_83_Kravitz_FR1_FED6FR1.csv
57.0,M_83_Kravitz_FR1_FED6FR1.csv
45.0,M_83_Kravitz_FR1_FED6FR1.csv
48.0,M_83_Kravitz_FR1_FED6FR1.csv
38.0,M_83_Kravitz_FR1_FED6FR1.csv
43.0,M_83_Kravitz_FR1_FED6FR1.csv
55.0,M_83_Kravitz_FR1_FED6FR1.csv
33.0,M_83_Kravitz_FR1_FED6FR1.csv
693.0,M_83_Kravitz_FR1_FED6FR1.csv
23.0,M_83_Kravitz_FR1_FED6FR1.csv
20.0,M_83_Kravitz_FR1_FED6FR1.csv
38.0,M_83_Kravitz_FR1_FED6FR1.csv
3807.0,M_83_Kravitz_FR1_FED6FR1.csv
74.0,M_83_Kravitz_FR1_FED6FR1.csv
44.0,M_83_Kravitz_FR1_FED6FR1.csv
38.0,M_83_Kravitz_FR1_FED6FR1.csv
21.0,M_83_Kravitz_FR1_FED6FR1.csv
39.0,M_83_Kravitz_FR1_FED6FR1.csv
34.0,M_83_Kravitz_FR1_FED6FR1.csv
29.0,M_83_Kravitz_FR1_FED6FR1.csv
25.0,M_83_Kravitz_FR1_FED6FR1.csv
51.0,M_83_Kravitz_FR1_FED6FR1.csv
31.0,M_83_Kravitz_FR1_FED6FR1.csv
1232.0,M_83_Kravitz_FR1_FED6FR1.csv
40.0,M_83_Kravitz_FR1_FED6FR1.csv
111.0,M_83_Kravitz_FR1_FED6FR1.csv
25.0,M_83_Kravitz_FR1_FED6FR1.csv
34.0,M_83_Kravitz_FR1_FED6FR1.csv
39.0,M_83_Kravitz_FR1_FED6FR1.csv
30.0,M_83_Kravitz_FR1_FED6FR1.csv
29.0,M_83_Kravitz_FR1_FED6FR1.csv
1929.0,M_83_Kravitz_FR1_FED6FR1.csv
51.0,M_83_Kravitz_FR1_FED6FR1.csv
21.0,M_83_Kravitz_FR1_FED6FR1.csv
39.0,M_83_Kravitz_FR1_FED6FR1.csv
32.0,M_83_Kravitz_FR1_FED6FR1.csv
26.0,M_83_Kravitz_FR1_FED6FR1.csv
28.0,M_83_Kravitz_FR1_FED6FR1.csv
55.0,M_83_Kravitz_FR1_FED6FR1.csv
1210.0,M_83_Kravitz_FR1_FED6FR1.csv
29.0,M_83_Kravitz_FR1_FED6FR1.csv
18.0,M_83_Kravitz_FR1_FED6FR1.csv
565.0,M_83_Kravitz_FR1_FED6FR1.csv
67.0,M_83_Kravitz_FR1_FED6FR1.csv
55.0,M_83_Kravitz_FR1_FED6FR1.csv
111.0,M_83_Kravitz_FR1_FED6FR1.csv
41.0,M_83_Kravitz_FR1_FED6FR1.csv
44.0,M_83_Kravitz_FR1_FED6FR1.csv
23.0,M_83_Kravitz_FR1_FED6FR1.csv
1166.0,M_83_Kravitz_FR1_FED6FR1.csv
25.0,M_83_Kravitz_FR1_FED6FR1.csv
22.0,M_83_Kravitz_FR1_FED6FR1.csv
35.0,M_83_Kravitz_FR1_FED6FR1.csv
1320.0,M_83_Kravitz_FR1_FED6FR1.csv
103.0,M_83_Kravitz_FR1_FED6FR1.csv
33.0,M_83_Kravitz_FR1_FED6FR1.csv
6577.0,M_83_Kravitz_FR1_FED6FR1.csv
93.0,M_83_Kravitz_FR1_FED6FR1.csv
2569.0,M_83_Kravitz_FR1_FED6FR1.csv
89.0,M_83_Kravitz_FR1_FED6FR1.csv
58.0,M_83_Kravitz_FR1_FED6FR1.csv
4745.0,M_83_Kravitz_FR1_FED6FR1.csv
547.0,M_83_Kravitz_FR1_FED6FR1.csv
38.0,M_83_Kravitz_FR1_FED6FR1.csv
3303.0,M_83_Kravitz_FR1_FED6FR1.csv
20.0,M_83_Kravitz_FR1_FED6FR1.csv
34.0,M_83_Kravitz_FR1_FED6FR1.csv
25.0,M_83_Kravitz_FR1_FED6FR1.csv
34.0,M_83_Kravitz_FR1_FED6FR1.csv
19.0,M_83_Kravitz_FR1_FED6FR1.csv
21.0,M_83_Kravitz_FR1_FED6FR1.csv
14.0,M_83_Kravitz_FR1_FED6FR1.csv
23.0,M_83_Kravitz_FR1_FED6FR1.csv
11.0,M_83_Kravitz_FR1_FED6FR1.csv
33.0,M_83_Kravitz_FR1_FED6FR1.csv
28.0,M_83_Kravitz_FR1_FED6FR1.csv
10.0,M_83_Kravitz_FR1_FED6FR1.csv
4089.0,M_83_Kravitz_FR1_FED6FR1.csv
27.0,M_83_Kravitz_FR1_FED6FR1.csv
61.0,M_83_Kravitz_FR1_FED6FR1.csv
19.0,M_83_Kravitz_FR1_FED6FR1.csv
24.0,M_83_Kravitz_FR1_FED6FR1.csv
6255.0,M_83_Kravitz_FR1_FED6FR1.csv
3571.0,M_83_Kravitz_FR1_FED6FR1.csv
270.0,M_83_Kravitz_FR1_FED6FR1.csv
31.0,M_83_Kravitz_FR1_FED6FR1.csv
6370.0,M_85_Kravitz_FR1_FED8FR1.csv
620.0,M_85_Kravitz_FR1_FED8FR1.csv
5305.0,M_85_Kravitz_FR1_FED8FR1.csv
4388.0,M_85_Kravitz_FR1_FED8FR1.csv
94.0,M_85_Kravitz_FR1_FED8FR1.csv
119.0,M_85_Kravitz_FR1_FED8FR1.csv
216.0,M_85_Kravitz_FR1_FED8FR1.csv
93.0,M_85_Kravitz_FR1_FED8FR1.csv
22.0,M_85_Kravitz_FR1_FED8FR1.csv
36.0,M_85_Kravitz_FR1_FED8FR1.csv
35.0,M_85_Kravitz_FR1_FED8FR1.csv
61.0,M_85_Kravitz_FR1_FED8FR1.csv
23.0,M_85_Kravitz_FR1_FED8FR1.csv
35.0,M_85_Kravitz_FR1_FED8FR1.csv
24.0,M_85_Kravitz_FR1_FED8FR1.csv
42.0,M_85_Kravitz_FR1_FED8FR1.csv
20.0,M_85_Kravitz_FR1_FED8FR1.csv
30.0,M_85_Kravitz_FR1_FED8FR1.csv
29.0,M_85_Kravitz_FR1_FED8FR1.csv
2013.0,M_85_Kravitz_FR1_FED8FR1.csv
43.0,M_85_Kravitz_FR1_FED8FR1.csv
26.0,M_85_Kravitz_FR1_FED8FR1.csv
25.0,M_85_Kravitz_FR1_FED8FR1.csv
29.0,M_85_Kravitz_FR1_FED8FR1.csv
27.0,M_85_Kravitz_FR1_FED8FR1.csv
20.0,M_85_Kravitz_FR1_FED8FR1.csv
28.0,M_85_Kravitz_FR1_FED8FR1.csv
21.0,M_85_Kravitz_FR1_FED8FR1.csv
60.0,M_85_Kravitz_FR1_FED8FR1.csv
33.0,M_85_Kravitz_FR1_FED8FR1.csv
51.0,M_85_Kravitz_FR1_FED8FR1.csv
18.0,M_85_Kravitz_FR1_FED8FR1.csv
25.0,M_85_Kravitz_FR1_FED8FR1.csv
70.0,M_85_Kravitz_FR1_FED8FR1.csv
54.0,M_85_Kravitz_FR1_FED8FR1.csv
22.0,M_85_Kravitz_FR1_FED8FR1.csv
45.0,M_85_Kravitz_FR1_FED8FR1.csv
42.0,M_85_Kravitz_FR1_FED8FR1.csv
763.0,M_85_Kravitz_FR1_FED8FR1.csv
60.0,M_85_Kravitz_FR1_FED8FR1.csv
72.0,M_85_Kravitz_FR1_FED8FR1.csv
92.0,M_85_Kravitz_FR1_FED8FR1.csv
59.0,M_85_Kravitz_FR1_FED8FR1.csv
31.0,M_85_Kravitz_FR1_FED8FR1.csv
25.0,M_85_Kravitz_FR1_FED8FR1.csv
763.0,M_85_Kravitz_FR1_FED8FR1.csv
28.0,M_85_Kravitz_FR1_FED8FR1.csv
45.0,M_85_Kravitz_FR1_FED8FR1.csv
35.0,M_85_Kravitz_FR1_FED8FR1.csv
33.0,M_85_Kravitz_FR1_FED8FR1.csv
67.0,M_85_Kravitz_FR1_FED8FR1.csv
49.0,M_85_Kravitz_FR1_FED8FR1.csv
39.0,M_85_Kravitz_FR1_FED8FR1.csv
65.0,M_85_Kravitz_FR1_FED8FR1.csv
19.0,M_85_Kravitz_FR1_FED8FR1.csv
1292.0,M_85_Kravitz_FR1_FED8FR1.csv
49.0,M_85_Kravitz_FR1_FED8FR1.csv
43.0,M_85_Kravitz_FR1_FED8FR1.csv
40.0,M_85_Kravitz_FR1_FED8FR1.csv
30.0,M_85_Kravitz_FR1_FED8FR1.csv
35.0,M_85_Kravitz_FR1_FED8FR1.csv
23.0,M_85_Kravitz_FR1_FED8FR1.csv
3167.0,M_85_Kravitz_FR1_FED8FR1.csv
52.0,M_85_Kravitz_FR1_FED8FR1.csv
37.0,M_85_Kravitz_FR1_FED8FR1.csv
220.0,M_85_Kravitz_FR1_FED8FR1.csv
55.0,M_85_Kravitz_FR1_FED8FR1.csv
30.0,M_85_Kravitz_FR1_FED8FR1.csv
30.0,M_85_Kravitz_FR1_FED8FR1.csv
40.0,M_85_Kravitz_FR1_FED8FR1.csv
20.0,M_85_Kravitz_FR1_FED8FR1.csv
41.0,M_85_Kravitz_FR1_FED8FR1.csv
41.0,M_85_Kravitz_FR1_FED8FR1.csv
40.0,M_85_Kravitz_FR1_FED8FR1.csv
19.0,M_85_Kravitz_FR1_FED8FR1.csv
311.0,M_85_Kravitz_FR1_FED8FR1.csv
39.0,M_85_Kravitz_FR1_FED8FR1.csv
33.0,M_85_Kravitz_FR1_FED8FR1.csv
51.0,M_85_Kravitz_FR1_FED8FR1.csv
1787.0,M_85_Kravitz_FR1_FED8FR1.csv
39.0,M_85_Kravitz_FR1_FED8FR1.csv
29.0,M_85_Kravitz_FR1_FED8FR1.csv
34.0,M_85_Kravitz_FR1_FED8FR1.csv
28.0,M_85_Kravitz_FR1_FED8FR1.csv
41.0,M_85_Kravitz_FR1_FED8FR1.csv
30.0,M_85_Kravitz_FR1_FED8FR1.csv
1384.0,M_85_Kravitz_FR1_FED8FR1.csv
45.0,M_85_Kravitz_FR1_FED8FR1.csv
72.0,M_85_Kravitz_FR1_FED8FR1.csv
52.0,M_85_Kravitz_FR1_FED8FR1.csv
53.0,M_85_Kravitz_FR1_FED8FR1.csv
27.0,M_85_Kravitz_FR1_FED8FR1.csv
15.0,M_85_Kravitz_FR1_FED8FR1.csv
30.0,M_85_Kravitz_FR1_FED8FR1.csv
22.0,M_85_Kravitz_FR1_FED8FR1.csv
32.0,M_85_Kravitz_FR1_FED8FR1.csv
27.0,M_85_Kravitz_FR1_FED8FR1.csv
27.0,M_85_Kravitz_FR1_FED8FR1.csv
36.0,M_85_Kravitz_FR1_FED8FR1.csv
2628.0,M_85_Kravitz_FR1_FED8FR1.csv
31.0,M_85_Kravitz_FR1_FED8FR1.csv
45.0,M_85_Kravitz_FR1_FED8FR1.csv
81.0,M_85_Kravitz_FR1_FED8FR1.csv
23.0,M_85_Kravitz_FR1_FED8FR1.csv
43.0,M_85_Kravitz_FR1_FED8FR1.csv
39.0,M_85_Kravitz_FR1_FED8FR1.csv
7422.0,M_85_Kravitz_FR1_FED8FR1.csv
1103.0,M_85_Kravitz_FR1_FED8FR1.csv
79.0,M_85_Kravitz_FR1_FED8FR1.csv
59.0,M_85_Kravitz_FR1_FED8FR1.csv
62.0,M_85_Kravitz_FR1_FED8FR1.csv
37.0,M_85_Kravitz_FR1_FED8FR1.csv
42.0,M_85_Kravitz_FR1_FED8FR1.csv
28.0,M_85_Kravitz_FR1_FED8FR1.csv
32.0,M_85_Kravitz_FR1_FED8FR1.csv
28.0,M_85_Kravitz_FR1_FED8FR1.csv
1745.0,M_85_Kravitz_FR1_FED8FR1.csv
32.0,M_85_Kravitz_FR1_FED8FR1.csv
2592.0,M_85_Kravitz_FR1_FED8FR1.csv
31.0,M_85_Kravitz_FR1_FED8FR1.csv
24.0,M_85_Kravitz_FR1_FED8FR1.csv
30.0,M_85_Kravitz_FR1_FED8FR1.csv
24.0,M_85_Kravitz_FR1_FED8FR1.csv
23.0,M_85_Kravitz_FR1_FED8FR1.csv
65.0,M_85_Kravitz_FR1_FED8FR1.csv
86.0,M_85_Kravitz_FR1_FED8FR1.csv
29.0,M_85_Kravitz_FR1_FED8FR1.csv
23.0,M_85_Kravitz_FR1_FED8FR1.csv
256.0,M_85_Kravitz_FR1_FED8FR1.csv
52.0,M_85_Kravitz_FR1_FED8FR1.csv
361.0,M_85_Kravitz_FR1_FED8FR1.csv
672.0,M_85_Kravitz_FR1_FED8FR1.csv
40.0,M_85_Kravitz_FR1_FED8FR1.csv
28.0,M_85_Kravitz_FR1_FED8FR1.csv
4970.0,M_85_Kravitz_FR1_FED8FR1.csv
50.0,M_85_Kravitz_FR1_FED8FR1.csv
51.0,M_85_Kravitz_FR1_FED8FR1.csv
44.0,M_85_Kravitz_FR1_FED8FR1.csv
8558.0,M_85_Kravitz_FR1_FED8FR1.csv
35.0,M_85_Kravitz_FR1_FED8FR1.csv
124.0,M_85_Kravitz_FR1_FED8FR1.csv
31.0,M_85_Kravitz_FR1_FED8FR1.csv
16.0,M_85_Kravitz_FR1_FED8FR1.csv
36.0,M_85_Kravitz_FR1_FED8FR1.csv
2467.0,M_85_Kravitz_FR1_FED8FR1.csv
1144.0,M_85_Kravitz_FR1_FED8FR1.csv
57.0,M_85_Kravitz_FR1_FED8FR1.csv
4372.0,M_85_Kravitz_FR1_FED8FR1.csv
26.0,M_85_Kravitz_FR1_FED8FR1.csv
19.0,M_85_Kravitz_FR1_FED8FR1.csv
22.0,M_85_Kravitz_FR1_FED8FR1.csv
20.0,M_85_Kravitz_FR1_FED8FR1.csv
21.0,M_85_Kravitz_FR1_FED8FR1.csv
25.0,M_85_Kravitz_FR1_FED8FR1.csv
3560.0,M_85_Kravitz_FR1_FED8FR1.csv
27.0,M_85_Kravitz_FR1_FED8FR1.csv
32.0,M_85_Kravitz_FR1_FED8FR1.csv
24.0,M_85_Kravitz_FR1_FED8FR1.csv
27.0,M_85_Kravitz_FR1_FED8FR1.csv
30.0,M_85_Kravitz_FR1_FED8FR1.csv
19.0,M_85_Kravitz_FR1_FED8FR1.csv
18.0,M_85_Kravitz_FR1_FED8FR1.csv
23.0,M_85_Kravitz_FR1_FED8FR1.csv
1073.0,M_85_Kravitz_FR1_FED8FR1.csv
46.0,M_85_Kravitz_FR1_FED8FR1.csv
38.0,M_85_Kravitz_FR1_FED8FR1.csv
44.0,M_85_Kravitz_FR1_FED8FR1.csv
6209.0,M_85_Kravitz_FR1_FED8FR1.csv
30.0,M_85_Kravitz_FR1_FED8FR1.csv
22.0,M_85_Kravitz_FR1_FED8FR1.csv
16.0,M_85_Kravitz_FR1_FED8FR1.csv
9.0,M_85_Kravitz_FR1_FED8FR1.csv
27.0,M_85_Kravitz_FR1_FED8FR1.csv
12.0,M_85_Kravitz_FR1_FED8FR1.csv
26.0,M_85_Kravitz_FR1_FED8FR1.csv
15.0,M_85_Kravitz_FR1_FED8FR1.csv
134.0,M_85_Kravitz_FR1_FED8FR1.csv
768.0,M_85_Kravitz_FR1_FED8FR1.csv
86.0,M_85_Kravitz_FR1_FED8FR1.csv
488.0,M_85_Kravitz_FR1_FED8FR1.csv
46.0,M_85_Kravitz_FR1_FED8FR1.csv
42.0,M_85_Kravitz_FR1_FED8FR1.csv
9677.0,M_84_Kravitz_FR1_FED7FR1.csv
2252.0,M_84_Kravitz_FR1_FED7FR1.csv
678.0,M_84_Kravitz_FR1_FED7FR1.csv
49.0,M_84_Kravitz_FR1_FED7FR1.csv
61.0,M_84_Kravitz_FR1_FED7FR1.csv
26.0,M_84_Kravitz_FR1_FED7FR1.csv
34.0,M_84_Kravitz_FR1_FED7FR1.csv
39.0,M_84_Kravitz_FR1_FED7FR1.csv
71.0,M_84_Kravitz_FR1_FED7FR1.csv
63.0,M_84_Kravitz_FR1_FED7FR1.csv
48.0,M_84_Kravitz_FR1_FED7FR1.csv
59.0,M_84_Kravitz_FR1_FED7FR1.csv
794.0,M_84_Kravitz_FR1_FED7FR1.csv
33.0,M_84_Kravitz_FR1_FED7FR1.csv
19.0,M_84_Kravitz_FR1_FED7FR1.csv
46.0,M_84_Kravitz_FR1_FED7FR1.csv
1940.0,M_84_Kravitz_FR1_FED7FR1.csv
49.0,M_84_Kravitz_FR1_FED7FR1.csv
38.0,M_84_Kravitz_FR1_FED7FR1.csv
22.0,M_84_Kravitz_FR1_FED7FR1.csv
30.0,M_84_Kravitz_FR1_FED7FR1.csv
25.0,M_84_Kravitz_FR1_FED7FR1.csv
17.0,M_84_Kravitz_FR1_FED7FR1.csv
30.0,M_84_Kravitz_FR1_FED7FR1.csv
18.0,M_84_Kravitz_FR1_FED7FR1.csv
20.0,M_84_Kravitz_FR1_FED7FR1.csv
32.0,M_84_Kravitz_FR1_FED7FR1.csv
12.0,M_84_Kravitz_FR1_FED7FR1.csv
25.0,M_84_Kravitz_FR1_FED7FR1.csv
30.0,M_84_Kravitz_FR1_FED7FR1.csv
21.0,M_84_Kravitz_FR1_FED7FR1.csv
15.0,M_84_Kravitz_FR1_FED7FR1.csv
36.0,M_84_Kravitz_FR1_FED7FR1.csv
17.0,M_84_Kravitz_FR1_FED7FR1.csv
19.0,M_84_Kravitz_FR1_FED7FR1.csv
25.0,M_84_Kravitz_FR1_FED7FR1.csv
2015.0,M_84_Kravitz_FR1_FED7FR1.csv
32.0,M_84_Kravitz_FR1_FED7FR1.csv
68.0,M_84_Kravitz_FR1_FED7FR1.csv
62.0,M_84_Kravitz_FR1_FED7FR1.csv
25.0,M_84_Kravitz_FR1_FED7FR1.csv
21.0,M_84_Kravitz_FR1_FED7FR1.csv
22.0,M_84_Kravitz_FR1_FED7FR1.csv
55.0,M_84_Kravitz_FR1_FED7FR1.csv
27.0,M_84_Kravitz_FR1_FED7FR1.csv
460.0,M_84_Kravitz_FR1_FED7FR1.csv
1700.0,M_84_Kravitz_FR1_FED7FR1.csv
25.0,M_84_Kravitz_FR1_FED7FR1.csv
24.0,M_84_Kravitz_FR1_FED7FR1.csv
19.0,M_84_Kravitz_FR1_FED7FR1.csv
1279.0,M_84_Kravitz_FR1_FED7FR1.csv
29.0,M_84_Kravitz_FR1_FED7FR1.csv
27.0,M_84_Kravitz_FR1_FED7FR1.csv
34.0,M_84_Kravitz_FR1_FED7FR1.csv
24.0,M_84_Kravitz_FR1_FED7FR1.csv
28.0,M_84_Kravitz_FR1_FED7FR1.csv
35.0,M_84_Kravitz_FR1_FED7FR1.csv
26.0,M_84_Kravitz_FR1_FED7FR1.csv
59.0,M_84_Kravitz_FR1_FED7FR1.csv
25.0,M_84_Kravitz_FR1_FED7FR1.csv
30.0,M_84_Kravitz_FR1_FED7FR1.csv
2862.0,M_84_Kravitz_FR1_FED7FR1.csv
25.0,M_84_Kravitz_FR1_FED7FR1.csv
32.0,M_84_Kravitz_FR1_FED7FR1.csv
31.0,M_84_Kravitz_FR1_FED7FR1.csv
53.0,M_84_Kravitz_FR1_FED7FR1.csv
37.0,M_84_Kravitz_FR1_FED7FR1.csv
33.0,M_84_Kravitz_FR1_FED7FR1.csv
69.0,M_84_Kravitz_FR1_FED7FR1.csv
16.0,M_84_Kravitz_FR1_FED7FR1.csv
25.0,M_84_Kravitz_FR1_FED7FR1.csv
34.0,M_84_Kravitz_FR1_FED7FR1.csv
17.0,M_84_Kravitz_FR1_FED7FR1.csv
17.0,M_84_Kravitz_FR1_FED7FR1.csv
1732.0,M_84_Kravitz_FR1_FED7FR1.csv
51.0,M_84_Kravitz_FR1_FED7FR1.csv
19.0,M_84_Kravitz_FR1_FED7FR1.csv
27.0,M_84_Kravitz_FR1_FED7FR1.csv
3129.0,M_84_Kravitz_FR1_FED7FR1.csv
220.0,M_84_Kravitz_FR1_FED7FR1.csv
45.0,M_84_Kravitz_FR1_FED7FR1.csv
19.0,M_84_Kravitz_FR1_FED7FR1.csv
27.0,M_84_Kravitz_FR1_FED7FR1.csv
23.0,M_84_Kravitz_FR1_FED7FR1.csv
877.0,M_84_Kravitz_FR1_FED7FR1.csv
36.0,M_84_Kravitz_FR1_FED7FR1.csv
55.0,M_84_Kravitz_FR1_FED7FR1.csv
44.0,M_84_Kravitz_FR1_FED7FR1.csv
657.0,M_84_Kravitz_FR1_FED7FR1.csv
25.0,M_84_Kravitz_FR1_FED7FR1.csv
13.0,M_84_Kravitz_FR1_FED7FR1.csv
25.0,M_84_Kravitz_FR1_FED7FR1.csv
17.0,M_84_Kravitz_FR1_FED7FR1.csv
4908.0,M_84_Kravitz_FR1_FED7FR1.csv
40.0,M_84_Kravitz_FR1_FED7FR1.csv
23.0,M_84_Kravitz_FR1_FED7FR1.csv
21.0,M_84_Kravitz_FR1_FED7FR1.csv
24.0,M_84_Kravitz_FR1_FED7FR1.csv
46.0,M_84_Kravitz_FR1_FED7FR1.csv
24.0,M_84_Kravitz_FR1_FED7FR1.csv
40.0,M_84_Kravitz_FR1_FED7FR1.csv
15.0,M_84_Kravitz_FR1_FED7FR1.csv
22.0,M_84_Kravitz_FR1_FED7FR1.csv
25.0,M_84_Kravitz_FR1_FED7FR1.csv
33.0,M_84_Kravitz_FR1_FED7FR1.csv
48.0,M_84_Kravitz_FR1_FED7FR1.csv
16.0,M_84_Kravitz_FR1_FED7FR1.csv
3220.0,M_84_Kravitz_FR1_FED7FR1.csv
35.0,M_84_Kravitz_FR1_FED7FR1.csv
26.0,M_84_Kravitz_FR1_FED7FR1.csv
22.0,M_84_Kravitz_FR1_FED7FR1.csv
27.0,M_84_Kravitz_FR1_FED7FR1.csv
31.0,M_84_Kravitz_FR1_FED7FR1.csv
20.0,M_84_Kravitz_FR1_FED7FR1.csv
34.0,M_84_Kravitz_FR1_FED7FR1.csv
5085.0,M_84_Kravitz_FR1_FED7FR1.csv
39.0,M_84_Kravitz_FR1_FED7FR1.csv
42.0,M_84_Kravitz_FR1_FED7FR1.csv
13.0,M_84_Kravitz_FR1_FED7FR1.csv
39.0,M_84_Kravitz_FR1_FED7FR1.csv
42.0,M_84_Kravitz_FR1_FED7FR1.csv
29.0,M_84_Kravitz_FR1_FED7FR1.csv
65.0,M_84_Kravitz_FR1_FED7FR1.csv
18.0,M_84_Kravitz_FR1_FED7FR1.csv
1083.0,M_84_Kravitz_FR1_FED7FR1.csv
32.0,M_84_Kravitz_FR1_FED7FR1.csv
43.0,M_84_Kravitz_FR1_FED7FR1.csv
21.0,M_84_Kravitz_FR1_FED7FR1.csv
39.0,M_84_Kravitz_FR1_FED7FR1.csv
34.0,M_84_Kravitz_FR1_FED7FR1.csv
13.0,M_84_Kravitz_FR1_FED7FR1.csv
22.0,M_84_Kravitz_FR1_FED7FR1.csv
16.0,M_84_Kravitz_FR1_FED7FR1.csv
3041.0,M_84_Kravitz_FR1_FED7FR1.csv
227.0,M_84_Kravitz_FR1_FED7FR1.csv
34.0,M_84_Kravitz_FR1_FED7FR1.csv
38.0,M_84_Kravitz_FR1_FED7FR1.csv
31.0,M_84_Kravitz_FR1_FED7FR1.csv
23.0,M_84_Kravitz_FR1_FED7FR1.csv
25.0,M_84_Kravitz_FR1_FED7FR1.csv
23.0,M_84_Kravitz_FR1_FED7FR1.csv
23.0,M_84_Kravitz_FR1_FED7FR1.csv
4846.0,M_84_Kravitz_FR1_FED7FR1.csv
539.0,M_84_Kravitz_FR1_FED7FR1.csv
698.0,M_84_Kravitz_FR1_FED7FR1.csv
842.0,M_84_Kravitz_FR1_FED7FR1.csv
4299.0,M_84_Kravitz_FR1_FED7FR1.csv
39.0,M_84_Kravitz_FR1_FED7FR1.csv
45.0,M_84_Kravitz_FR1_FED7FR1.csv
18.0,M_84_Kravitz_FR1_FED7FR1.csv
655.0,M_84_Kravitz_FR1_FED7FR1.csv
2542.0,M_84_Kravitz_FR1_FED7FR1.csv
484.0,M_84_Kravitz_FR1_FED7FR1.csv
3566.0,M_84_Kravitz_FR1_FED7FR1.csv
42.0,M_84_Kravitz_FR1_FED7FR1.csv
33.0,M_84_Kravitz_FR1_FED7FR1.csv
5732.0,M_84_Kravitz_FR1_FED7FR1.csv
22.0,M_84_Kravitz_FR1_FED7FR1.csv
15.0,M_84_Kravitz_FR1_FED7FR1.csv
48.0,M_84_Kravitz_FR1_FED7FR1.csv
32.0,M_84_Kravitz_FR1_FED7FR1.csv
24.0,M_84_Kravitz_FR1_FED7FR1.csv
82.0,M_84_Kravitz_FR1_FED7FR1.csv
31.0,M_84_Kravitz_FR1_FED7FR1.csv
332.0,M_84_Kravitz_FR1_FED7FR1.csv
6465.0,M_84_Kravitz_FR1_FED7FR1.csv
38.0,M_84_Kravitz_FR1_FED7FR1.csv
65.0,M_84_Kravitz_FR1_FED7FR1.csv
1342.0,M_84_Kravitz_FR1_FED7FR1.csv
584.0,M_84_Kravitz_FR1_FED7FR1.csv
22.0,M_84_Kravitz_FR1_FED7FR1.csv
19.0,M_84_Kravitz_FR1_FED7FR1.csv
31.0,M_84_Kravitz_FR1_FED7FR1.csv
496.0,F_86_Maloney_FR1_G1Female.CSV
219.0,F_86_Maloney_FR1_G1Female.CSV
21.0,F_86_Maloney_FR1_G1Female.CSV
17.0,F_86_Maloney_FR1_G1Female.CSV
599.0,F_86_Maloney_FR1_G1Female.CSV
3520.0,F_86_Maloney_FR1_G1Female.CSV
2725.0,F_86_Maloney_FR1_G1Female.CSV
32.0,F_86_Maloney_FR1_G1Female.CSV
110.0,F_86_Maloney_FR1_G1Female.CSV
33.0,F_86_Maloney_FR1_G1Female.CSV
2585.0,F_86_Maloney_FR1_G1Female.CSV
39.0,F_86_Maloney_FR1_G1Female.CSV
40.0,F_86_Maloney_FR1_G1Female.CSV
22.0,F_86_Maloney_FR1_G1Female.CSV
22.0,F_86_Maloney_FR1_G1Female.CSV
21.0,F_86_Maloney_FR1_G1Female.CSV
3632.0,F_86_Maloney_FR1_G1Female.CSV
26.0,F_86_Maloney_FR1_G1Female.CSV
30.0,F_86_Maloney_FR1_G1Female.CSV
593.0,F_86_Maloney_FR1_G1Female.CSV
803.0,F_86_Maloney_FR1_G1Female.CSV
28.0,F_86_Maloney_FR1_G1Female.CSV
22.0,F_86_Maloney_FR1_G1Female.CSV
2966.0,F_86_Maloney_FR1_G1Female.CSV
23.0,F_86_Maloney_FR1_G1Female.CSV
507.0,F_86_Maloney_FR1_G1Female.CSV
461.0,F_86_Maloney_FR1_G1Female.CSV
471.0,F_86_Maloney_FR1_G1Female.CSV
557.0,F_86_Maloney_FR1_G1Female.CSV
450.0,F_86_Maloney_FR1_G1Female.CSV
17.0,F_86_Maloney_FR1_G1Female.CSV
215.0,F_86_Maloney_FR1_G1Female.CSV
534.0,F_86_Maloney_FR1_G1Female.CSV
714.0,F_86_Maloney_FR1_G1Female.CSV
20.0,F_86_Maloney_FR1_G1Female.CSV
402.0,F_86_Maloney_FR1_G1Female.CSV
500.0,F_86_Maloney_FR1_G1Female.CSV
533.0,F_86_Maloney_FR1_G1Female.CSV
59.0,F_86_Maloney_FR1_G1Female.CSV
1716.0,F_86_Maloney_FR1_G1Female.CSV
77.0,F_86_Maloney_FR1_G1Female.CSV
162.0,F_86_Maloney_FR1_G1Female.CSV
20.0,F_86_Maloney_FR1_G1Female.CSV
669.0,F_86_Maloney_FR1_G1Female.CSV
89.0,F_86_Maloney_FR1_G1Female.CSV
192.0,F_86_Maloney_FR1_G1Female.CSV
294.0,F_86_Maloney_FR1_G1Female.CSV
77.0,F_86_Maloney_FR1_G1Female.CSV
195.0,F_86_Maloney_FR1_G1Female.CSV
97.0,F_86_Maloney_FR1_G1Female.CSV
194.0,F_86_Maloney_FR1_G1Female.CSV
285.0,F_86_Maloney_FR1_G1Female.CSV
256.0,F_86_Maloney_FR1_G1Female.CSV
837.0,F_86_Maloney_FR1_G1Female.CSV
145.0,F_86_Maloney_FR1_G1Female.CSV
478.0,F_86_Maloney_FR1_G1Female.CSV
161.0,F_86_Maloney_FR1_G1Female.CSV
68.0,F_86_Maloney_FR1_G1Female.CSV
254.0,F_86_Maloney_FR1_G1Female.CSV
274.0,F_86_Maloney_FR1_G1Female.CSV
818.0,F_86_Maloney_FR1_G1Female.CSV
408.0,F_86_Maloney_FR1_G1Female.CSV
115.0,F_86_Maloney_FR1_G1Female.CSV
824.0,F_86_Maloney_FR1_G1Female.CSV
18.0,F_86_Maloney_FR1_G1Female.CSV
492.0,F_86_Maloney_FR1_G1Female.CSV
502.0,F_86_Maloney_FR1_G1Female.CSV
2196.0,F_86_Maloney_FR1_G1Female.CSV
284.0,F_86_Maloney_FR1_G1Female.CSV
91.0,F_86_Maloney_FR1_G1Female.CSV
143.0,F_86_Maloney_FR1_G1Female.CSV
728.0,F_86_Maloney_FR1_G1Female.CSV
109.0,F_86_Maloney_FR1_G1Female.CSV
1299.0,F_86_Maloney_FR1_G1Female.CSV
17.0,F_86_Maloney_FR1_G1Female.CSV
198.0,F_86_Maloney_FR1_G1Female.CSV
484.0,F_86_Maloney_FR1_G1Female.CSV
522.0,F_86_Maloney_FR1_G1Female.CSV
198.0,F_86_Maloney_FR1_G1Female.CSV
380.0,F_86_Maloney_FR1_G1Female.CSV
137.0,F_86_Maloney_FR1_G1Female.CSV
1683.0,F_86_Maloney_FR1_G1Female.CSV
477.0,F_86_Maloney_FR1_G1Female.CSV
1176.0,F_86_Maloney_FR1_G1Female.CSV
2400.0,F_86_Maloney_FR1_G1Female.CSV
121.0,F_86_Maloney_FR1_G1Female.CSV
64.0,F_86_Maloney_FR1_G1Female.CSV
643.0,F_86_Maloney_FR1_G1Female.CSV
986.0,F_86_Maloney_FR1_G1Female.CSV
26.0,F_86_Maloney_FR1_G1Female.CSV
1421.0,F_86_Maloney_FR1_G1Female.CSV
23.0,F_86_Maloney_FR1_G1Female.CSV
863.0,F_86_Maloney_FR1_G1Female.CSV
419.0,F_86_Maloney_FR1_G1Female.CSV
417.0,F_86_Maloney_FR1_G1Female.CSV
1003.0,F_86_Maloney_FR1_G1Female.CSV
579.0,F_86_Maloney_FR1_G1Female.CSV
465.0,F_86_Maloney_FR1_G1Female.CSV
548.0,F_86_Maloney_FR1_G1Female.CSV
297.0,F_86_Maloney_FR1_G1Female.CSV
1829.0,F_86_Maloney_FR1_G1Female.CSV
28.0,F_86_Maloney_FR1_G1Female.CSV
26.0,F_86_Maloney_FR1_G1Female.CSV
2384.0,F_86_Maloney_FR1_G1Female.CSV
22.0,F_86_Maloney_FR1_G1Female.CSV
30.0,F_86_Maloney_FR1_G1Female.CSV
409.0,F_86_Maloney_FR1_G1Female.CSV
648.0,F_86_Maloney_FR1_G1Female.CSV
172.0,F_86_Maloney_FR1_G1Female.CSV
538.0,F_86_Maloney_FR1_G1Female.CSV
2100.0,F_86_Maloney_FR1_G1Female.CSV
30.0,F_86_Maloney_FR1_G1Female.CSV
24.0,F_86_Maloney_FR1_G1Female.CSV
21.0,F_86_Maloney_FR1_G1Female.CSV
24.0,F_86_Maloney_FR1_G1Female.CSV
2235.0,F_86_Maloney_FR1_G1Female.CSV
1072.0,F_86_Maloney_FR1_G1Female.CSV
1849.0,F_86_Maloney_FR1_G1Female.CSV
22.0,F_86_Maloney_FR1_G1Female.CSV
24.0,F_86_Maloney_FR1_G1Female.CSV
24.0,F_86_Maloney_FR1_G1Female.CSV
27.0,F_86_Maloney_FR1_G1Female.CSV
1546.0,F_86_Maloney_FR1_G1Female.CSV
604.0,F_86_Maloney_FR1_G1Female.CSV
647.0,F_86_Maloney_FR1_G1Female.CSV
2083.0,F_86_Maloney_FR1_G1Female.CSV
30.0,F_86_Maloney_FR1_G1Female.CSV
30.0,F_86_Maloney_FR1_G1Female.CSV
926.0,F_86_Maloney_FR1_G1Female.CSV
1707.0,F_86_Maloney_FR1_G1Female.CSV
769.0,F_86_Maloney_FR1_G1Female.CSV
806.0,F_86_Maloney_FR1_G1Female.CSV
25.0,F_86_Maloney_FR1_G1Female.CSV
22.0,F_86_Maloney_FR1_G1Female.CSV
3089.0,F_86_Maloney_FR1_G1Female.CSV
612.0,F_86_Maloney_FR1_G1Female.CSV
87.0,F_86_Maloney_FR1_G1Female.CSV
29.0,F_86_Maloney_FR1_G1Female.CSV
2273.0,F_86_Maloney_FR1_G1Female.CSV
21.0,F_86_Maloney_FR1_G1Female.CSV
43.0,F_86_Maloney_FR1_G1Female.CSV
1777.0,F_86_Maloney_FR1_G1Female.CSV
31.0,F_86_Maloney_FR1_G1Female.CSV
27.0,F_86_Maloney_FR1_G1Female.CSV
766.0,F_87_Maloney_FR1_G2Female.CSV
1426.0,F_87_Maloney_FR1_G2Female.CSV
35.0,F_87_Maloney_FR1_G2Female.CSV
51.0,F_87_Maloney_FR1_G2Female.CSV
1819.0,F_87_Maloney_FR1_G2Female.CSV
280.0,F_87_Maloney_FR1_G2Female.CSV
341.0,F_87_Maloney_FR1_G2Female.CSV
430.0,F_87_Maloney_FR1_G2Female.CSV
1976.0,F_87_Maloney_FR1_G2Female.CSV
36.0,F_87_Maloney_FR1_G2Female.CSV
27.0,F_87_Maloney_FR1_G2Female.CSV
39.0,F_87_Maloney_FR1_G2Female.CSV
26.0,F_87_Maloney_FR1_G2Female.CSV
26.0,F_87_Maloney_FR1_G2Female.CSV
545.0,F_87_Maloney_FR1_G2Female.CSV
491.0,F_87_Maloney_FR1_G2Female.CSV
1684.0,F_87_Maloney_FR1_G2Female.CSV
29.0,F_87_Maloney_FR1_G2Female.CSV
23.0,F_87_Maloney_FR1_G2Female.CSV
26.0,F_87_Maloney_FR1_G2Female.CSV
286.0,F_87_Maloney_FR1_G2Female.CSV
2488.0,F_87_Maloney_FR1_G2Female.CSV
33.0,F_87_Maloney_FR1_G2Female.CSV
20.0,F_87_Maloney_FR1_G2Female.CSV
35.0,F_87_Maloney_FR1_G2Female.CSV
25.0,F_87_Maloney_FR1_G2Female.CSV
1541.0,F_87_Maloney_FR1_G2Female.CSV
22.0,F_87_Maloney_FR1_G2Female.CSV
21.0,F_87_Maloney_FR1_G2Female.CSV
25.0,F_87_Maloney_FR1_G2Female.CSV
29.0,F_87_Maloney_FR1_G2Female.CSV
734.0,F_87_Maloney_FR1_G2Female.CSV
1280.0,F_87_Maloney_FR1_G2Female.CSV
33.0,F_87_Maloney_FR1_G2Female.CSV
22.0,F_87_Maloney_FR1_G2Female.CSV
22.0,F_87_Maloney_FR1_G2Female.CSV
26.0,F_87_Maloney_FR1_G2Female.CSV
46.0,F_87_Maloney_FR1_G2Female.CSV
244.0,F_87_Maloney_FR1_G2Female.CSV
1129.0,F_87_Maloney_FR1_G2Female.CSV
330.0,F_87_Maloney_FR1_G2Female.CSV
689.0,F_87_Maloney_FR1_G2Female.CSV
1397.0,F_87_Maloney_FR1_G2Female.CSV
24.0,F_87_Maloney_FR1_G2Female.CSV
20.0,F_87_Maloney_FR1_G2Female.CSV
37.0,F_87_Maloney_FR1_G2Female.CSV
476.0,F_87_Maloney_FR1_G2Female.CSV
25.0,F_87_Maloney_FR1_G2Female.CSV
21.0,F_87_Maloney_FR1_G2Female.CSV
24.0,F_87_Maloney_FR1_G2Female.CSV
1030.0,F_87_Maloney_FR1_G2Female.CSV
21.0,F_87_Maloney_FR1_G2Female.CSV
603.0,F_87_Maloney_FR1_G2Female.CSV
424.0,F_87_Maloney_FR1_G2Female.CSV
222.0,F_87_Maloney_FR1_G2Female.CSV
693.0,F_87_Maloney_FR1_G2Female.CSV
227.0,F_87_Maloney_FR1_G2Female.CSV
18.0,F_87_Maloney_FR1_G2Female.CSV
180.0,F_87_Maloney_FR1_G2Female.CSV
264.0,F_87_Maloney_FR1_G2Female.CSV
34.0,F_87_Maloney_FR1_G2Female.CSV
119.0,F_87_Maloney_FR1_G2Female.CSV
294.0,F_87_Maloney_FR1_G2Female.CSV
27.0,F_87_Maloney_FR1_G2Female.CSV
287.0,F_87_Maloney_FR1_G2Female.CSV
458.0,F_87_Maloney_FR1_G2Female.CSV
19.0,F_87_Maloney_FR1_G2Female.CSV
516.0,F_87_Maloney_FR1_G2Female.CSV
20.0,F_87_Maloney_FR1_G2Female.CSV
1087.0,F_87_Maloney_FR1_G2Female.CSV
256.0,F_87_Maloney_FR1_G2Female.CSV
269.0,F_87_Maloney_FR1_G2Female.CSV
15.0,F_87_Maloney_FR1_G2Female.CSV
21.0,F_87_Maloney_FR1_G2Female.CSV
21.0,F_87_Maloney_FR1_G2Female.CSV
21.0,F_87_Maloney_FR1_G2Female.CSV
709.0,F_87_Maloney_FR1_G2Female.CSV
25.0,F_87_Maloney_FR1_G2Female.CSV
20.0,F_87_Maloney_FR1_G2Female.CSV
789.0,F_87_Maloney_FR1_G2Female.CSV
187.0,F_87_Maloney_FR1_G2Female.CSV
42.0,F_87_Maloney_FR1_G2Female.CSV
22.0,F_87_Maloney_FR1_G2Female.CSV
251.0,F_87_Maloney_FR1_G2Female.CSV
21.0,F_87_Maloney_FR1_G2Female.CSV
18.0,F_87_Maloney_FR1_G2Female.CSV
23.0,F_87_Maloney_FR1_G2Female.CSV
22.0,F_87_Maloney_FR1_G2Female.CSV
666.0,F_87_Maloney_FR1_G2Female.CSV
20.0,F_87_Maloney_FR1_G2Female.CSV
126.0,F_87_Maloney_FR1_G2Female.CSV
19.0,F_87_Maloney_FR1_G2Female.CSV
25.0,F_87_Maloney_FR1_G2Female.CSV
738.0,F_87_Maloney_FR1_G2Female.CSV
346.0,F_87_Maloney_FR1_G2Female.CSV
307.0,F_87_Maloney_FR1_G2Female.CSV
449.0,F_87_Maloney_FR1_G2Female.CSV
230.0,F_87_Maloney_FR1_G2Female.CSV
1148.0,F_87_Maloney_FR1_G2Female.CSV
17.0,F_87_Maloney_FR1_G2Female.CSV
20.0,F_87_Maloney_FR1_G2Female.CSV
399.0,F_87_Maloney_FR1_G2Female.CSV
341.0,F_87_Maloney_FR1_G2Female.CSV
24.0,F_87_Maloney_FR1_G2Female.CSV
761.0,F_87_Maloney_FR1_G2Female.CSV
17.0,F_87_Maloney_FR1_G2Female.CSV
66.0,F_87_Maloney_FR1_G2Female.CSV
431.0,F_87_Maloney_FR1_G2Female.CSV
23.0,F_87_Maloney_FR1_G2Female.CSV
316.0,F_87_Maloney_FR1_G2Female.CSV
1092.0,F_87_Maloney_FR1_G2Female.CSV
3402.0,F_87_Maloney_FR1_G2Female.CSV
37.0,F_87_Maloney_FR1_G2Female.CSV
856.0,F_87_Maloney_FR1_G2Female.CSV
24.0,F_87_Maloney_FR1_G2Female.CSV
612.0,F_87_Maloney_FR1_G2Female.CSV
22.0,F_87_Maloney_FR1_G2Female.CSV
219.0,F_87_Maloney_FR1_G2Female.CSV
295.0,F_87_Maloney_FR1_G2Female.CSV
71.0,F_87_Maloney_FR1_G2Female.CSV
19.0,F_87_Maloney_FR1_G2Female.CSV
17.0,F_87_Maloney_FR1_G2Female.CSV
814.0,F_87_Maloney_FR1_G2Female.CSV
2426.0,F_87_Maloney_FR1_G2Female.CSV
22.0,F_87_Maloney_FR1_G2Female.CSV
24.0,F_87_Maloney_FR1_G2Female.CSV
722.0,F_87_Maloney_FR1_G2Female.CSV
24.0,F_87_Maloney_FR1_G2Female.CSV
74.0,F_87_Maloney_FR1_G2Female.CSV
682.0,F_87_Maloney_FR1_G2Female.CSV
332.0,F_87_Maloney_FR1_G2Female.CSV
82.0,F_87_Maloney_FR1_G2Female.CSV
63.0,F_87_Maloney_FR1_G2Female.CSV
17.0,F_87_Maloney_FR1_G2Female.CSV
410.0,F_87_Maloney_FR1_G2Female.CSV
44.0,F_87_Maloney_FR1_G2Female.CSV
16.0,F_87_Maloney_FR1_G2Female.CSV
19.0,F_87_Maloney_FR1_G2Female.CSV
38.0,F_87_Maloney_FR1_G2Female.CSV
638.0,F_87_Maloney_FR1_G2Female.CSV
339.0,F_87_Maloney_FR1_G2Female.CSV
4740.0,F_87_Maloney_FR1_G2Female.CSV
35.0,F_87_Maloney_FR1_G2Female.CSV
22.0,F_87_Maloney_FR1_G2Female.CSV
32.0,F_87_Maloney_FR1_G2Female.CSV
28.0,F_87_Maloney_FR1_G2Female.CSV
28.0,F_87_Maloney_FR1_G2Female.CSV
1040.0,F_87_Maloney_FR1_G2Female.CSV
727.0,F_87_Maloney_FR1_G2Female.CSV
69.0,F_87_Maloney_FR1_G2Female.CSV
23.0,F_87_Maloney_FR1_G2Female.CSV
23.0,F_87_Maloney_FR1_G2Female.CSV
23.0,F_87_Maloney_FR1_G2Female.CSV
607.0,F_87_Maloney_FR1_G2Female.CSV
4117.0,F_87_Maloney_FR1_G2Female.CSV
46.0,F_87_Maloney_FR1_G2Female.CSV
32.0,F_87_Maloney_FR1_G2Female.CSV
2655.0,F_87_Maloney_FR1_G2Female.CSV
31.0,F_87_Maloney_FR1_G2Female.CSV
36.0,F_87_Maloney_FR1_G2Female.CSV
27.0,F_87_Maloney_FR1_G2Female.CSV
40.0,F_87_Maloney_FR1_G2Female.CSV
27.0,F_87_Maloney_FR1_G2Female.CSV
25.0,F_87_Maloney_FR1_G2Female.CSV
31.0,F_87_Maloney_FR1_G2Female.CSV
222.0,F_87_Maloney_FR1_G2Female.CSV
305.0,F_87_Maloney_FR1_G2Female.CSV
1254.0,F_87_Maloney_FR1_G2Female.CSV
2789.0,F_87_Maloney_FR1_G2Female.CSV
447.0,F_87_Maloney_FR1_G2Female.CSV
337.0,F_87_Maloney_FR1_G2Female.CSV
31.0,F_87_Maloney_FR1_G2Female.CSV
6479.0,F_87_Maloney_FR1_G2Female.CSV
2547.0,F_87_Maloney_FR1_G2Female.CSV
36.0,F_87_Maloney_FR1_G2Female.CSV
25.0,F_87_Maloney_FR1_G2Female.CSV
1258.0,F_87_Maloney_FR1_G2Female.CSV
727.0,F_88_Maloney_FR1_G4Female.CSV
346.0,F_88_Maloney_FR1_G4Female.CSV
72.0,F_88_Maloney_FR1_G4Female.CSV
4626.0,F_88_Maloney_FR1_G4Female.CSV
28.0,F_88_Maloney_FR1_G4Female.CSV
37.0,F_88_Maloney_FR1_G4Female.CSV
25.0,F_88_Maloney_FR1_G4Female.CSV
33.0,F_88_Maloney_FR1_G4Female.CSV
35.0,F_88_Maloney_FR1_G4Female.CSV
29.0,F_88_Maloney_FR1_G4Female.CSV
25.0,F_88_Maloney_FR1_G4Female.CSV
37.0,F_88_Maloney_FR1_G4Female.CSV
24.0,F_88_Maloney_FR1_G4Female.CSV
27.0,F_88_Maloney_FR1_G4Female.CSV
3767.0,F_88_Maloney_FR1_G4Female.CSV
40.0,F_88_Maloney_FR1_G4Female.CSV
38.0,F_88_Maloney_FR1_G4Female.CSV
35.0,F_88_Maloney_FR1_G4Female.CSV
27.0,F_88_Maloney_FR1_G4Female.CSV
968.0,F_88_Maloney_FR1_G4Female.CSV
29.0,F_88_Maloney_FR1_G4Female.CSV
2481.0,F_88_Maloney_FR1_G4Female.CSV
28.0,F_88_Maloney_FR1_G4Female.CSV
24.0,F_88_Maloney_FR1_G4Female.CSV
30.0,F_88_Maloney_FR1_G4Female.CSV
29.0,F_88_Maloney_FR1_G4Female.CSV
30.0,F_88_Maloney_FR1_G4Female.CSV
31.0,F_88_Maloney_FR1_G4Female.CSV
2319.0,F_88_Maloney_FR1_G4Female.CSV
28.0,F_88_Maloney_FR1_G4Female.CSV
88.0,F_88_Maloney_FR1_G4Female.CSV
1032.0,F_88_Maloney_FR1_G4Female.CSV
24.0,F_88_Maloney_FR1_G4Female.CSV
23.0,F_88_Maloney_FR1_G4Female.CSV
22.0,F_88_Maloney_FR1_G4Female.CSV
21.0,F_88_Maloney_FR1_G4Female.CSV
32.0,F_88_Maloney_FR1_G4Female.CSV
25.0,F_88_Maloney_FR1_G4Female.CSV
831.0,F_88_Maloney_FR1_G4Female.CSV
25.0,F_88_Maloney_FR1_G4Female.CSV
794.0,F_88_Maloney_FR1_G4Female.CSV
250.0,F_88_Maloney_FR1_G4Female.CSV
22.0,F_88_Maloney_FR1_G4Female.CSV
21.0,F_88_Maloney_FR1_G4Female.CSV
858.0,F_88_Maloney_FR1_G4Female.CSV
22.0,F_88_Maloney_FR1_G4Female.CSV
19.0,F_88_Maloney_FR1_G4Female.CSV
24.0,F_88_Maloney_FR1_G4Female.CSV
33.0,F_88_Maloney_FR1_G4Female.CSV
821.0,F_88_Maloney_FR1_G4Female.CSV
57.0,F_88_Maloney_FR1_G4Female.CSV
27.0,F_88_Maloney_FR1_G4Female.CSV
1236.0,F_88_Maloney_FR1_G4Female.CSV
21.0,F_88_Maloney_FR1_G4Female.CSV
20.0,F_88_Maloney_FR1_G4Female.CSV
24.0,F_88_Maloney_FR1_G4Female.CSV
25.0,F_88_Maloney_FR1_G4Female.CSV
32.0,F_88_Maloney_FR1_G4Female.CSV
149.0,F_88_Maloney_FR1_G4Female.CSV
1335.0,F_88_Maloney_FR1_G4Female.CSV
134.0,F_88_Maloney_FR1_G4Female.CSV
512.0,F_88_Maloney_FR1_G4Female.CSV
558.0,F_88_Maloney_FR1_G4Female.CSV
26.0,F_88_Maloney_FR1_G4Female.CSV
625.0,F_88_Maloney_FR1_G4Female.CSV
177.0,F_88_Maloney_FR1_G4Female.CSV
753.0,F_88_Maloney_FR1_G4Female.CSV
25.0,F_88_Maloney_FR1_G4Female.CSV
452.0,F_88_Maloney_FR1_G4Female.CSV
42.0,F_88_Maloney_FR1_G4Female.CSV
900.0,F_88_Maloney_FR1_G4Female.CSV
21.0,F_88_Maloney_FR1_G4Female.CSV
25.0,F_88_Maloney_FR1_G4Female.CSV
1294.0,F_88_Maloney_FR1_G4Female.CSV
27.0,F_88_Maloney_FR1_G4Female.CSV
21.0,F_88_Maloney_FR1_G4Female.CSV
23.0,F_88_Maloney_FR1_G4Female.CSV
21.0,F_88_Maloney_FR1_G4Female.CSV
25.0,F_88_Maloney_FR1_G4Female.CSV
2725.0,F_88_Maloney_FR1_G4Female.CSV
25.0,F_88_Maloney_FR1_G4Female.CSV
25.0,F_88_Maloney_FR1_G4Female.CSV
30.0,F_88_Maloney_FR1_G4Female.CSV
24.0,F_88_Maloney_FR1_G4Female.CSV
23.0,F_88_Maloney_FR1_G4Female.CSV
954.0,F_88_Maloney_FR1_G4Female.CSV
18.0,F_88_Maloney_FR1_G4Female.CSV
272.0,F_88_Maloney_FR1_G4Female.CSV
474.0,F_88_Maloney_FR1_G4Female.CSV
672.0,F_88_Maloney_FR1_G4Female.CSV
506.0,F_88_Maloney_FR1_G4Female.CSV
369.0,F_88_Maloney_FR1_G4Female.CSV
520.0,F_88_Maloney_FR1_G4Female.CSV
350.0,F_88_Maloney_FR1_G4Female.CSV
495.0,F_88_Maloney_FR1_G4Female.CSV
604.0,F_88_Maloney_FR1_G4Female.CSV
67.0,F_88_Maloney_FR1_G4Female.CSV
850.0,F_88_Maloney_FR1_G4Female.CSV
302.0,F_88_Maloney_FR1_G4Female.CSV
563.0,F_88_Maloney_FR1_G4Female.CSV
555.0,F_88_Maloney_FR1_G4Female.CSV
290.0,F_88_Maloney_FR1_G4Female.CSV
377.0,F_88_Maloney_FR1_G4Female.CSV
401.0,F_88_Maloney_FR1_G4Female.CSV
210.0,F_88_Maloney_FR1_G4Female.CSV
720.0,F_88_Maloney_FR1_G4Female.CSV
366.0,F_88_Maloney_FR1_G4Female.CSV
229.0,F_88_Maloney_FR1_G4Female.CSV
381.0,F_88_Maloney_FR1_G4Female.CSV
545.0,F_88_Maloney_FR1_G4Female.CSV
30.0,F_88_Maloney_FR1_G4Female.CSV
690.0,F_88_Maloney_FR1_G4Female.CSV
25.0,F_88_Maloney_FR1_G4Female.CSV
357.0,F_88_Maloney_FR1_G4Female.CSV
681.0,F_88_Maloney_FR1_G4Female.CSV
489.0,F_88_Maloney_FR1_G4Female.CSV
157.0,F_88_Maloney_FR1_G4Female.CSV
993.0,F_88_Maloney_FR1_G4Female.CSV
39.0,F_88_Maloney_FR1_G4Female.CSV
1066.0,F_88_Maloney_FR1_G4Female.CSV
2751.0,F_88_Maloney_FR1_G4Female.CSV
38.0,F_88_Maloney_FR1_G4Female.CSV
26.0,F_88_Maloney_FR1_G4Female.CSV
24.0,F_88_Maloney_FR1_G4Female.CSV
21.0,F_88_Maloney_FR1_G4Female.CSV
48.0,F_88_Maloney_FR1_G4Female.CSV
62.0,F_88_Maloney_FR1_G4Female.CSV
4174.0,F_88_Maloney_FR1_G4Female.CSV
36.0,F_88_Maloney_FR1_G4Female.CSV
552.0,F_88_Maloney_FR1_G4Female.CSV
321.0,F_88_Maloney_FR1_G4Female.CSV
364.0,F_88_Maloney_FR1_G4Female.CSV
699.0,F_88_Maloney_FR1_G4Female.CSV
471.0,F_88_Maloney_FR1_G4Female.CSV
142.0,F_88_Maloney_FR1_G4Female.CSV
98.0,F_88_Maloney_FR1_G4Female.CSV
23.0,F_88_Maloney_FR1_G4Female.CSV
81.0,F_88_Maloney_FR1_G4Female.CSV
226.0,F_88_Maloney_FR1_G4Female.CSV
773.0,F_88_Maloney_FR1_G4Female.CSV
711.0,F_88_Maloney_FR1_G4Female.CSV
103.0,F_88_Maloney_FR1_G4Female.CSV
5865.0,F_88_Maloney_FR1_G4Female.CSV
29.0,F_88_Maloney_FR1_G4Female.CSV
24.0,F_88_Maloney_FR1_G4Female.CSV
22.0,F_88_Maloney_FR1_G4Female.CSV
21.0,F_88_Maloney_FR1_G4Female.CSV
23.0,F_88_Maloney_FR1_G4Female.CSV
82.0,F_88_Maloney_FR1_G4Female.CSV
4354.0,F_88_Maloney_FR1_G4Female.CSV
889.0,F_88_Maloney_FR1_G4Female.CSV
693.0,F_88_Maloney_FR1_G4Female.CSV
682.0,F_88_Maloney_FR1_G4Female.CSV
301.0,F_88_Maloney_FR1_G4Female.CSV
2583.0,F_88_Maloney_FR1_G4Female.CSV
529.0,F_88_Maloney_FR1_G4Female.CSV
32.0,F_88_Maloney_FR1_G4Female.CSV
3126.0,F_88_Maloney_FR1_G4Female.CSV
31.0,F_88_Maloney_FR1_G4Female.CSV
30.0,F_88_Maloney_FR1_G4Female.CSV
27.0,F_88_Maloney_FR1_G4Female.CSV
2769.0,F_88_Maloney_FR1_G4Female.CSV
550.0,F_88_Maloney_FR1_G4Female.CSV
3868.0,F_88_Maloney_FR1_G4Female.CSV
26.0,F_88_Maloney_FR1_G4Female.CSV
30.0,F_88_Maloney_FR1_G4Female.CSV
26.0,F_88_Maloney_FR1_G4Female.CSV
4693.0,F_89_Maloney_FR1_G5Female.CSV
112.0,F_89_Maloney_FR1_G5Female.CSV
727.0,F_89_Maloney_FR1_G5Female.CSV
5309.0,F_89_Maloney_FR1_G5Female.CSV
60.0,F_89_Maloney_FR1_G5Female.CSV
55.0,F_89_Maloney_FR1_G5Female.CSV
35.0,F_89_Maloney_FR1_G5Female.CSV
33.0,F_89_Maloney_FR1_G5Female.CSV
74.0,F_89_Maloney_FR1_G5Female.CSV
2150.0,F_89_Maloney_FR1_G5Female.CSV
37.0,F_89_Maloney_FR1_G5Female.CSV
49.0,F_89_Maloney_FR1_G5Female.CSV
4267.0,F_89_Maloney_FR1_G5Female.CSV
45.0,F_89_Maloney_FR1_G5Female.CSV
986.0,F_89_Maloney_FR1_G5Female.CSV
27.0,F_89_Maloney_FR1_G5Female.CSV
20.0,F_89_Maloney_FR1_G5Female.CSV
235.0,F_89_Maloney_FR1_G5Female.CSV
178.0,F_89_Maloney_FR1_G5Female.CSV
600.0,F_89_Maloney_FR1_G5Female.CSV
376.0,F_89_Maloney_FR1_G5Female.CSV
25.0,F_89_Maloney_FR1_G5Female.CSV
302.0,F_89_Maloney_FR1_G5Female.CSV
498.0,F_89_Maloney_FR1_G5Female.CSV
20.0,F_89_Maloney_FR1_G5Female.CSV
209.0,F_89_Maloney_FR1_G5Female.CSV
250.0,F_89_Maloney_FR1_G5Female.CSV
361.0,F_89_Maloney_FR1_G5Female.CSV
189.0,F_89_Maloney_FR1_G5Female.CSV
517.0,F_89_Maloney_FR1_G5Female.CSV
20.0,F_89_Maloney_FR1_G5Female.CSV
24.0,F_89_Maloney_FR1_G5Female.CSV
797.0,F_89_Maloney_FR1_G5Female.CSV
416.0,F_89_Maloney_FR1_G5Female.CSV
168.0,F_89_Maloney_FR1_G5Female.CSV
129.0,F_89_Maloney_FR1_G5Female.CSV
115.0,F_89_Maloney_FR1_G5Female.CSV
477.0,F_89_Maloney_FR1_G5Female.CSV
17.0,F_89_Maloney_FR1_G5Female.CSV
101.0,F_89_Maloney_FR1_G5Female.CSV
93.0,F_89_Maloney_FR1_G5Female.CSV
426.0,F_89_Maloney_FR1_G5Female.CSV
371.0,F_89_Maloney_FR1_G5Female.CSV
11.0,F_89_Maloney_FR1_G5Female.CSV
179.0,F_89_Maloney_FR1_G5Female.CSV
10.0,F_89_Maloney_FR1_G5Female.CSV
968.0,F_89_Maloney_FR1_G5Female.CSV
178.0,F_89_Maloney_FR1_G5Female.CSV
305.0,F_89_Maloney_FR1_G5Female.CSV
583.0,F_89_Maloney_FR1_G5Female.CSV
14.0,F_89_Maloney_FR1_G5Female.CSV
16.0,F_89_Maloney_FR1_G5Female.CSV
20.0,F_89_Maloney_FR1_G5Female.CSV
20.0,F_89_Maloney_FR1_G5Female.CSV
15.0,F_89_Maloney_FR1_G5Female.CSV
18.0,F_89_Maloney_FR1_G5Female.CSV
373.0,F_89_Maloney_FR1_G5Female.CSV
19.0,F_89_Maloney_FR1_G5Female.CSV
186.0,F_89_Maloney_FR1_G5Female.CSV
406.0,F_89_Maloney_FR1_G5Female.CSV
290.0,F_89_Maloney_FR1_G5Female.CSV
235.0,F_89_Maloney_FR1_G5Female.CSV
14.0,F_89_Maloney_FR1_G5Female.CSV
601.0,F_89_Maloney_FR1_G5Female.CSV
84.0,F_89_Maloney_FR1_G5Female.CSV
295.0,F_89_Maloney_FR1_G5Female.CSV
463.0,F_89_Maloney_FR1_G5Female.CSV
112.0,F_89_Maloney_FR1_G5Female.CSV
562.0,F_89_Maloney_FR1_G5Female.CSV
66.0,F_89_Maloney_FR1_G5Female.CSV
151.0,F_89_Maloney_FR1_G5Female.CSV
1193.0,F_89_Maloney_FR1_G5Female.CSV
34.0,F_89_Maloney_FR1_G5Female.CSV
740.0,F_89_Maloney_FR1_G5Female.CSV
23.0,F_89_Maloney_FR1_G5Female.CSV
20.0,F_89_Maloney_FR1_G5Female.CSV
229.0,F_89_Maloney_FR1_G5Female.CSV
19.0,F_89_Maloney_FR1_G5Female.CSV
1037.0,F_89_Maloney_FR1_G5Female.CSV
19.0,F_89_Maloney_FR1_G5Female.CSV
20.0,F_89_Maloney_FR1_G5Female.CSV
17.0,F_89_Maloney_FR1_G5Female.CSV
184.0,F_89_Maloney_FR1_G5Female.CSV
249.0,F_89_Maloney_FR1_G5Female.CSV
13.0,F_89_Maloney_FR1_G5Female.CSV
50.0,F_89_Maloney_FR1_G5Female.CSV
746.0,F_89_Maloney_FR1_G5Female.CSV
15.0,F_89_Maloney_FR1_G5Female.CSV
15.0,F_89_Maloney_FR1_G5Female.CSV
838.0,F_89_Maloney_FR1_G5Female.CSV
1549.0,F_89_Maloney_FR1_G5Female.CSV
7640.0,F_89_Maloney_FR1_G5Female.CSV
60.0,F_89_Maloney_FR1_G5Female.CSV
40.0,F_89_Maloney_FR1_G5Female.CSV
73.0,F_89_Maloney_FR1_G5Female.CSV
32.0,F_89_Maloney_FR1_G5Female.CSV
897.0,F_89_Maloney_FR1_G5Female.CSV
29.0,F_89_Maloney_FR1_G5Female.CSV
73.0,F_89_Maloney_FR1_G5Female.CSV
552.0,F_89_Maloney_FR1_G5Female.CSV
27.0,F_89_Maloney_FR1_G5Female.CSV
34.0,F_89_Maloney_FR1_G5Female.CSV
98.0,F_89_Maloney_FR1_G5Female.CSV
118.0,F_89_Maloney_FR1_G5Female.CSV
1059.0,F_89_Maloney_FR1_G5Female.CSV
613.0,F_89_Maloney_FR1_G5Female.CSV
463.0,F_89_Maloney_FR1_G5Female.CSV
22.0,F_89_Maloney_FR1_G5Female.CSV
30.0,F_89_Maloney_FR1_G5Female.CSV
664.0,F_89_Maloney_FR1_G5Female.CSV
20.0,F_89_Maloney_FR1_G5Female.CSV
20.0,F_89_Maloney_FR1_G5Female.CSV
17.0,F_89_Maloney_FR1_G5Female.CSV
20.0,F_89_Maloney_FR1_G5Female.CSV
16.0,F_89_Maloney_FR1_G5Female.CSV
612.0,F_89_Maloney_FR1_G5Female.CSV
137.0,F_89_Maloney_FR1_G5Female.CSV
19.0,F_89_Maloney_FR1_G5Female.CSV
23.0,F_89_Maloney_FR1_G5Female.CSV
221.0,F_89_Maloney_FR1_G5Female.CSV
1272.0,F_89_Maloney_FR1_G5Female.CSV
26.0,F_89_Maloney_FR1_G5Female.CSV
27.0,F_89_Maloney_FR1_G5Female.CSV
6066.0,F_89_Maloney_FR1_G5Female.CSV
34.0,F_89_Maloney_FR1_G5Female.CSV
32.0,F_89_Maloney_FR1_G5Female.CSV
30.0,F_89_Maloney_FR1_G5Female.CSV
147.0,F_89_Maloney_FR1_G5Female.CSV
1084.0,F_89_Maloney_FR1_G5Female.CSV
49.0,F_89_Maloney_FR1_G5Female.CSV
5159.0,F_89_Maloney_FR1_G5Female.CSV
23.0,F_89_Maloney_FR1_G5Female.CSV
24.0,F_89_Maloney_FR1_G5Female.CSV
21.0,F_89_Maloney_FR1_G5Female.CSV
21.0,F_89_Maloney_FR1_G5Female.CSV
28.0,F_89_Maloney_FR1_G5Female.CSV
19.0,F_89_Maloney_FR1_G5Female.CSV
695.0,F_89_Maloney_FR1_G5Female.CSV
197.0,F_89_Maloney_FR1_G5Female.CSV
1032.0,F_89_Maloney_FR1_G5Female.CSV
464.0,F_89_Maloney_FR1_G5Female.CSV
122.0,F_89_Maloney_FR1_G5Female.CSV
1069.0,F_89_Maloney_FR1_G5Female.CSV
30.0,F_89_Maloney_FR1_G5Female.CSV
2541.0,F_89_Maloney_FR1_G5Female.CSV
41.0,F_89_Maloney_FR1_G5Female.CSV
1621.0,F_89_Maloney_FR1_G5Female.CSV
646.0,F_89_Maloney_FR1_G5Female.CSV
1877.0,F_89_Maloney_FR1_G5Female.CSV
26.0,F_89_Maloney_FR1_G5Female.CSV
17.0,F_89_Maloney_FR1_G5Female.CSV
32.0,F_89_Maloney_FR1_G5Female.CSV
24.0,F_89_Maloney_FR1_G5Female.CSV
4952.0,F_89_Maloney_FR1_G5Female.CSV
35.0,F_89_Maloney_FR1_G5Female.CSV
43.0,F_89_Maloney_FR1_G5Female.CSV
1756.0,M_91_Maloney_FR1_D2Male.CSV
6084.0,M_91_Maloney_FR1_D2Male.CSV
51.0,M_91_Maloney_FR1_D2Male.CSV
37.0,M_91_Maloney_FR1_D2Male.CSV
34.0,M_91_Maloney_FR1_D2Male.CSV
113.0,M_91_Maloney_FR1_D2Male.CSV
45.0,M_91_Maloney_FR1_D2Male.CSV
25.0,M_91_Maloney_FR1_D2Male.CSV
30.0,M_91_Maloney_FR1_D2Male.CSV
648.0,M_91_Maloney_FR1_D2Male.CSV
837.0,M_91_Maloney_FR1_D2Male.CSV
696.0,M_91_Maloney_FR1_D2Male.CSV
47.0,M_91_Maloney_FR1_D2Male.CSV
56.0,M_91_Maloney_FR1_D2Male.CSV
1045.0,M_91_Maloney_FR1_D2Male.CSV
52.0,M_91_Maloney_FR1_D2Male.CSV
86.0,M_91_Maloney_FR1_D2Male.CSV
60.0,M_91_Maloney_FR1_D2Male.CSV
50.0,M_91_Maloney_FR1_D2Male.CSV
60.0,M_91_Maloney_FR1_D2Male.CSV
1961.0,M_91_Maloney_FR1_D2Male.CSV
36.0,M_91_Maloney_FR1_D2Male.CSV
39.0,M_91_Maloney_FR1_D2Male.CSV
54.0,M_91_Maloney_FR1_D2Male.CSV
65.0,M_91_Maloney_FR1_D2Male.CSV
31.0,M_91_Maloney_FR1_D2Male.CSV
29.0,M_91_Maloney_FR1_D2Male.CSV
29.0,M_91_Maloney_FR1_D2Male.CSV
32.0,M_91_Maloney_FR1_D2Male.CSV
28.0,M_91_Maloney_FR1_D2Male.CSV
1011.0,M_91_Maloney_FR1_D2Male.CSV
62.0,M_91_Maloney_FR1_D2Male.CSV
37.0,M_91_Maloney_FR1_D2Male.CSV
36.0,M_91_Maloney_FR1_D2Male.CSV
38.0,M_91_Maloney_FR1_D2Male.CSV
42.0,M_91_Maloney_FR1_D2Male.CSV
1602.0,M_91_Maloney_FR1_D2Male.CSV
574.0,M_91_Maloney_FR1_D2Male.CSV
571.0,M_91_Maloney_FR1_D2Male.CSV
131.0,M_91_Maloney_FR1_D2Male.CSV
149.0,M_91_Maloney_FR1_D2Male.CSV
242.0,M_91_Maloney_FR1_D2Male.CSV
515.0,M_91_Maloney_FR1_D2Male.CSV
77.0,M_91_Maloney_FR1_D2Male.CSV
258.0,M_91_Maloney_FR1_D2Male.CSV
354.0,M_91_Maloney_FR1_D2Male.CSV
27.0,M_91_Maloney_FR1_D2Male.CSV
25.0,M_91_Maloney_FR1_D2Male.CSV
27.0,M_91_Maloney_FR1_D2Male.CSV
27.0,M_91_Maloney_FR1_D2Male.CSV
57.0,M_91_Maloney_FR1_D2Male.CSV
624.0,M_91_Maloney_FR1_D2Male.CSV
695.0,M_91_Maloney_FR1_D2Male.CSV
56.0,M_91_Maloney_FR1_D2Male.CSV
652.0,M_91_Maloney_FR1_D2Male.CSV
966.0,M_91_Maloney_FR1_D2Male.CSV
31.0,M_91_Maloney_FR1_D2Male.CSV
25.0,M_91_Maloney_FR1_D2Male.CSV
26.0,M_91_Maloney_FR1_D2Male.CSV
24.0,M_91_Maloney_FR1_D2Male.CSV
21.0,M_91_Maloney_FR1_D2Male.CSV
29.0,M_91_Maloney_FR1_D2Male.CSV
27.0,M_91_Maloney_FR1_D2Male.CSV
27.0,M_91_Maloney_FR1_D2Male.CSV
26.0,M_91_Maloney_FR1_D2Male.CSV
24.0,M_91_Maloney_FR1_D2Male.CSV
32.0,M_91_Maloney_FR1_D2Male.CSV
74.0,M_91_Maloney_FR1_D2Male.CSV
1482.0,M_91_Maloney_FR1_D2Male.CSV
952.0,M_91_Maloney_FR1_D2Male.CSV
37.0,M_91_Maloney_FR1_D2Male.CSV
34.0,M_91_Maloney_FR1_D2Male.CSV
22.0,M_91_Maloney_FR1_D2Male.CSV
36.0,M_91_Maloney_FR1_D2Male.CSV
31.0,M_91_Maloney_FR1_D2Male.CSV
2679.0,M_91_Maloney_FR1_D2Male.CSV
1436.0,M_91_Maloney_FR1_D2Male.CSV
31.0,M_91_Maloney_FR1_D2Male.CSV
30.0,M_91_Maloney_FR1_D2Male.CSV
22.0,M_91_Maloney_FR1_D2Male.CSV
26.0,M_91_Maloney_FR1_D2Male.CSV
28.0,M_91_Maloney_FR1_D2Male.CSV
22.0,M_91_Maloney_FR1_D2Male.CSV
36.0,M_91_Maloney_FR1_D2Male.CSV
1231.0,M_91_Maloney_FR1_D2Male.CSV
426.0,M_91_Maloney_FR1_D2Male.CSV
820.0,M_91_Maloney_FR1_D2Male.CSV
784.0,M_91_Maloney_FR1_D2Male.CSV
42.0,M_91_Maloney_FR1_D2Male.CSV
22.0,M_91_Maloney_FR1_D2Male.CSV
709.0,M_91_Maloney_FR1_D2Male.CSV
1451.0,M_91_Maloney_FR1_D2Male.CSV
39.0,M_91_Maloney_FR1_D2Male.CSV
29.0,M_91_Maloney_FR1_D2Male.CSV
25.0,M_91_Maloney_FR1_D2Male.CSV
24.0,M_91_Maloney_FR1_D2Male.CSV
28.0,M_91_Maloney_FR1_D2Male.CSV
24.0,M_91_Maloney_FR1_D2Male.CSV
30.0,M_91_Maloney_FR1_D2Male.CSV
29.0,M_91_Maloney_FR1_D2Male.CSV
27.0,M_91_Maloney_FR1_D2Male.CSV
656.0,M_91_Maloney_FR1_D2Male.CSV
2344.0,M_91_Maloney_FR1_D2Male.CSV
32.0,M_91_Maloney_FR1_D2Male.CSV
35.0,M_91_Maloney_FR1_D2Male.CSV
32.0,M_91_Maloney_FR1_D2Male.CSV
29.0,M_91_Maloney_FR1_D2Male.CSV
3382.0,M_91_Maloney_FR1_D2Male.CSV
40.0,M_91_Maloney_FR1_D2Male.CSV
413.0,M_91_Maloney_FR1_D2Male.CSV
296.0,M_91_Maloney_FR1_D2Male.CSV
27.0,M_91_Maloney_FR1_D2Male.CSV
29.0,M_91_Maloney_FR1_D2Male.CSV
44.0,M_91_Maloney_FR1_D2Male.CSV
43.0,M_91_Maloney_FR1_D2Male.CSV
1029.0,M_91_Maloney_FR1_D2Male.CSV
1236.0,M_91_Maloney_FR1_D2Male.CSV
496.0,M_91_Maloney_FR1_D2Male.CSV
37.0,M_91_Maloney_FR1_D2Male.CSV
604.0,M_91_Maloney_FR1_D2Male.CSV
36.0,M_91_Maloney_FR1_D2Male.CSV
1242.0,M_91_Maloney_FR1_D2Male.CSV
41.0,M_91_Maloney_FR1_D2Male.CSV
26.0,M_91_Maloney_FR1_D2Male.CSV
35.0,M_91_Maloney_FR1_D2Male.CSV
1620.0,M_91_Maloney_FR1_D2Male.CSV
32.0,M_91_Maloney_FR1_D2Male.CSV
24.0,M_91_Maloney_FR1_D2Male.CSV
24.0,M_91_Maloney_FR1_D2Male.CSV
25.0,M_91_Maloney_FR1_D2Male.CSV
22.0,M_91_Maloney_FR1_D2Male.CSV
40.0,M_91_Maloney_FR1_D2Male.CSV
1640.0,M_91_Maloney_FR1_D2Male.CSV
104.0,M_91_Maloney_FR1_D2Male.CSV
31.0,M_91_Maloney_FR1_D2Male.CSV
25.0,M_91_Maloney_FR1_D2Male.CSV
31.0,M_91_Maloney_FR1_D2Male.CSV
803.0,M_91_Maloney_FR1_D2Male.CSV
751.0,M_91_Maloney_FR1_D2Male.CSV
678.0,M_91_Maloney_FR1_D2Male.CSV
343.0,M_91_Maloney_FR1_D2Male.CSV
28.0,M_91_Maloney_FR1_D2Male.CSV
647.0,M_91_Maloney_FR1_D2Male.CSV
33.0,M_91_Maloney_FR1_D2Male.CSV
27.0,M_91_Maloney_FR1_D2Male.CSV
975.0,M_91_Maloney_FR1_D2Male.CSV
7630.0,M_91_Maloney_FR1_D2Male.CSV
38.0,M_91_Maloney_FR1_D2Male.CSV
67.0,M_91_Maloney_FR1_D2Male.CSV
41.0,M_91_Maloney_FR1_D2Male.CSV
30.0,M_91_Maloney_FR1_D2Male.CSV
32.0,M_91_Maloney_FR1_D2Male.CSV
45.0,M_91_Maloney_FR1_D2Male.CSV
26.0,M_91_Maloney_FR1_D2Male.CSV
34.0,M_91_Maloney_FR1_D2Male.CSV
26.0,M_91_Maloney_FR1_D2Male.CSV
32.0,M_91_Maloney_FR1_D2Male.CSV
43.0,M_91_Maloney_FR1_D2Male.CSV
4449.0,M_91_Maloney_FR1_D2Male.CSV
376.0,M_91_Maloney_FR1_D2Male.CSV
283.0,M_91_Maloney_FR1_D2Male.CSV
1232.0,M_91_Maloney_FR1_D2Male.CSV
3059.0,M_91_Maloney_FR1_D2Male.CSV
43.0,M_91_Maloney_FR1_D2Male.CSV
43.0,M_91_Maloney_FR1_D2Male.CSV
28.0,M_91_Maloney_FR1_D2Male.CSV
2848.0,M_91_Maloney_FR1_D2Male.CSV
29.0,M_91_Maloney_FR1_D2Male.CSV
27.0,M_91_Maloney_FR1_D2Male.CSV
33.0,M_91_Maloney_FR1_D2Male.CSV
3235.0,M_91_Maloney_FR1_D2Male.CSV
34.0,M_91_Maloney_FR1_D2Male.CSV
26.0,M_91_Maloney_FR1_D2Male.CSV
31.0,M_91_Maloney_FR1_D2Male.CSV
231.0,M_91_Maloney_FR1_D2Male.CSV
5861.0,M_91_Maloney_FR1_D2Male.CSV
43.0,M_91_Maloney_FR1_D2Male.CSV
401.0,M_90_Maloney_FR1_D1Male.CSV
314.0,M_90_Maloney_FR1_D1Male.CSV
64.0,M_90_Maloney_FR1_D1Male.CSV
686.0,M_90_Maloney_FR1_D1Male.CSV
752.0,M_90_Maloney_FR1_D1Male.CSV
37.0,M_90_Maloney_FR1_D1Male.CSV
26.0,M_90_Maloney_FR1_D1Male.CSV
27.0,M_90_Maloney_FR1_D1Male.CSV
26.0,M_90_Maloney_FR1_D1Male.CSV
28.0,M_90_Maloney_FR1_D1Male.CSV
1749.0,M_90_Maloney_FR1_D1Male.CSV
1077.0,M_90_Maloney_FR1_D1Male.CSV
36.0,M_90_Maloney_FR1_D1Male.CSV
24.0,M_90_Maloney_FR1_D1Male.CSV
45.0,M_90_Maloney_FR1_D1Male.CSV
30.0,M_90_Maloney_FR1_D1Male.CSV
40.0,M_90_Maloney_FR1_D1Male.CSV
2918.0,M_90_Maloney_FR1_D1Male.CSV
49.0,M_90_Maloney_FR1_D1Male.CSV
32.0,M_90_Maloney_FR1_D1Male.CSV
365.0,M_90_Maloney_FR1_D1Male.CSV
618.0,M_90_Maloney_FR1_D1Male.CSV
2033.0,M_90_Maloney_FR1_D1Male.CSV
36.0,M_90_Maloney_FR1_D1Male.CSV
33.0,M_90_Maloney_FR1_D1Male.CSV
46.0,M_90_Maloney_FR1_D1Male.CSV
25.0,M_90_Maloney_FR1_D1Male.CSV
31.0,M_90_Maloney_FR1_D1Male.CSV
26.0,M_90_Maloney_FR1_D1Male.CSV
36.0,M_90_Maloney_FR1_D1Male.CSV
27.0,M_90_Maloney_FR1_D1Male.CSV
30.0,M_90_Maloney_FR1_D1Male.CSV
73.0,M_90_Maloney_FR1_D1Male.CSV
1640.0,M_90_Maloney_FR1_D1Male.CSV
42.0,M_90_Maloney_FR1_D1Male.CSV
1326.0,M_90_Maloney_FR1_D1Male.CSV
29.0,M_90_Maloney_FR1_D1Male.CSV
68.0,M_90_Maloney_FR1_D1Male.CSV
1437.0,M_90_Maloney_FR1_D1Male.CSV
149.0,M_90_Maloney_FR1_D1Male.CSV
904.0,M_90_Maloney_FR1_D1Male.CSV
33.0,M_90_Maloney_FR1_D1Male.CSV
65.0,M_90_Maloney_FR1_D1Male.CSV
28.0,M_90_Maloney_FR1_D1Male.CSV
80.0,M_90_Maloney_FR1_D1Male.CSV
45.0,M_90_Maloney_FR1_D1Male.CSV
178.0,M_90_Maloney_FR1_D1Male.CSV
708.0,M_90_Maloney_FR1_D1Male.CSV
34.0,M_90_Maloney_FR1_D1Male.CSV
25.0,M_90_Maloney_FR1_D1Male.CSV
27.0,M_90_Maloney_FR1_D1Male.CSV
812.0,M_90_Maloney_FR1_D1Male.CSV
996.0,M_90_Maloney_FR1_D1Male.CSV
30.0,M_90_Maloney_FR1_D1Male.CSV
374.0,M_90_Maloney_FR1_D1Male.CSV
565.0,M_90_Maloney_FR1_D1Male.CSV
277.0,M_90_Maloney_FR1_D1Male.CSV
28.0,M_90_Maloney_FR1_D1Male.CSV
257.0,M_90_Maloney_FR1_D1Male.CSV
39.0,M_90_Maloney_FR1_D1Male.CSV
30.0,M_90_Maloney_FR1_D1Male.CSV
195.0,M_90_Maloney_FR1_D1Male.CSV
34.0,M_90_Maloney_FR1_D1Male.CSV
23.0,M_90_Maloney_FR1_D1Male.CSV
25.0,M_90_Maloney_FR1_D1Male.CSV
46.0,M_90_Maloney_FR1_D1Male.CSV
696.0,M_90_Maloney_FR1_D1Male.CSV
692.0,M_90_Maloney_FR1_D1Male.CSV
37.0,M_90_Maloney_FR1_D1Male.CSV
34.0,M_90_Maloney_FR1_D1Male.CSV
200.0,M_90_Maloney_FR1_D1Male.CSV
44.0,M_90_Maloney_FR1_D1Male.CSV
1073.0,M_90_Maloney_FR1_D1Male.CSV
68.0,M_90_Maloney_FR1_D1Male.CSV
971.0,M_90_Maloney_FR1_D1Male.CSV
27.0,M_90_Maloney_FR1_D1Male.CSV
26.0,M_90_Maloney_FR1_D1Male.CSV
31.0,M_90_Maloney_FR1_D1Male.CSV
674.0,M_90_Maloney_FR1_D1Male.CSV
38.0,M_90_Maloney_FR1_D1Male.CSV
36.0,M_90_Maloney_FR1_D1Male.CSV
23.0,M_90_Maloney_FR1_D1Male.CSV
24.0,M_90_Maloney_FR1_D1Male.CSV
25.0,M_90_Maloney_FR1_D1Male.CSV
23.0,M_90_Maloney_FR1_D1Male.CSV
26.0,M_90_Maloney_FR1_D1Male.CSV
23.0,M_90_Maloney_FR1_D1Male.CSV
839.0,M_90_Maloney_FR1_D1Male.CSV
80.0,M_90_Maloney_FR1_D1Male.CSV
1917.0,M_90_Maloney_FR1_D1Male.CSV
722.0,M_90_Maloney_FR1_D1Male.CSV
24.0,M_90_Maloney_FR1_D1Male.CSV
32.0,M_90_Maloney_FR1_D1Male.CSV
27.0,M_90_Maloney_FR1_D1Male.CSV
32.0,M_90_Maloney_FR1_D1Male.CSV
500.0,M_90_Maloney_FR1_D1Male.CSV
1214.0,M_90_Maloney_FR1_D1Male.CSV
972.0,M_90_Maloney_FR1_D1Male.CSV
50.0,M_90_Maloney_FR1_D1Male.CSV
30.0,M_90_Maloney_FR1_D1Male.CSV
31.0,M_90_Maloney_FR1_D1Male.CSV
28.0,M_90_Maloney_FR1_D1Male.CSV
27.0,M_90_Maloney_FR1_D1Male.CSV
25.0,M_90_Maloney_FR1_D1Male.CSV
1464.0,M_90_Maloney_FR1_D1Male.CSV
1410.0,M_90_Maloney_FR1_D1Male.CSV
1651.0,M_90_Maloney_FR1_D1Male.CSV
34.0,M_90_Maloney_FR1_D1Male.CSV
25.0,M_90_Maloney_FR1_D1Male.CSV
27.0,M_90_Maloney_FR1_D1Male.CSV
30.0,M_90_Maloney_FR1_D1Male.CSV
25.0,M_90_Maloney_FR1_D1Male.CSV
23.0,M_90_Maloney_FR1_D1Male.CSV
38.0,M_90_Maloney_FR1_D1Male.CSV
23.0,M_90_Maloney_FR1_D1Male.CSV
24.0,M_90_Maloney_FR1_D1Male.CSV
1591.0,M_90_Maloney_FR1_D1Male.CSV
2049.0,M_90_Maloney_FR1_D1Male.CSV
1577.0,M_90_Maloney_FR1_D1Male.CSV
30.0,M_90_Maloney_FR1_D1Male.CSV
27.0,M_90_Maloney_FR1_D1Male.CSV
29.0,M_90_Maloney_FR1_D1Male.CSV
31.0,M_90_Maloney_FR1_D1Male.CSV
787.0,M_90_Maloney_FR1_D1Male.CSV
740.0,M_90_Maloney_FR1_D1Male.CSV
36.0,M_90_Maloney_FR1_D1Male.CSV
681.0,M_90_Maloney_FR1_D1Male.CSV
791.0,M_90_Maloney_FR1_D1Male.CSV
43.0,M_90_Maloney_FR1_D1Male.CSV
44.0,M_90_Maloney_FR1_D1Male.CSV
31.0,M_90_Maloney_FR1_D1Male.CSV
1162.0,M_90_Maloney_FR1_D1Male.CSV
32.0,M_90_Maloney_FR1_D1Male.CSV
37.0,M_90_Maloney_FR1_D1Male.CSV
1394.0,M_90_Maloney_FR1_D1Male.CSV
28.0,M_90_Maloney_FR1_D1Male.CSV
30.0,M_90_Maloney_FR1_D1Male.CSV
35.0,M_90_Maloney_FR1_D1Male.CSV
31.0,M_90_Maloney_FR1_D1Male.CSV
22.0,M_90_Maloney_FR1_D1Male.CSV
32.0,M_90_Maloney_FR1_D1Male.CSV
1199.0,M_90_Maloney_FR1_D1Male.CSV
1145.0,M_90_Maloney_FR1_D1Male.CSV
29.0,M_90_Maloney_FR1_D1Male.CSV
395.0,M_90_Maloney_FR1_D1Male.CSV
25.0,M_90_Maloney_FR1_D1Male.CSV
1434.0,M_90_Maloney_FR1_D1Male.CSV
43.0,M_90_Maloney_FR1_D1Male.CSV
1851.0,M_90_Maloney_FR1_D1Male.CSV
26.0,M_90_Maloney_FR1_D1Male.CSV
27.0,M_90_Maloney_FR1_D1Male.CSV
24.0,M_90_Maloney_FR1_D1Male.CSV
28.0,M_90_Maloney_FR1_D1Male.CSV
37.0,M_90_Maloney_FR1_D1Male.CSV
28.0,M_90_Maloney_FR1_D1Male.CSV
32.0,M_90_Maloney_FR1_D1Male.CSV
778.0,M_90_Maloney_FR1_D1Male.CSV
4772.0,M_90_Maloney_FR1_D1Male.CSV
36.0,M_90_Maloney_FR1_D1Male.CSV
43.0,M_90_Maloney_FR1_D1Male.CSV
30.0,M_90_Maloney_FR1_D1Male.CSV
4271.0,M_90_Maloney_FR1_D1Male.CSV
35.0,M_90_Maloney_FR1_D1Male.CSV
41.0,M_90_Maloney_FR1_D1Male.CSV
34.0,M_90_Maloney_FR1_D1Male.CSV
1505.0,M_90_Maloney_FR1_D1Male.CSV
1764.0,M_90_Maloney_FR1_D1Male.CSV
788.0,M_90_Maloney_FR1_D1Male.CSV
203.0,M_90_Maloney_FR1_D1Male.CSV
1718.0,M_90_Maloney_FR1_D1Male.CSV
69.0,M_90_Maloney_FR1_D1Male.CSV
33.0,M_90_Maloney_FR1_D1Male.CSV
1274.0,M_90_Maloney_FR1_D1Male.CSV
1139.0,M_90_Maloney_FR1_D1Male.CSV
616.0,M_90_Maloney_FR1_D1Male.CSV
466.0,M_90_Maloney_FR1_D1Male.CSV
2165.0,M_90_Maloney_FR1_D1Male.CSV
892.0,M_90_Maloney_FR1_D1Male.CSV
42.0,M_90_Maloney_FR1_D1Male.CSV
29.0,M_90_Maloney_FR1_D1Male.CSV
4301.0,M_90_Maloney_FR1_D1Male.CSV
26.0,M_90_Maloney_FR1_D1Male.CSV
2224.0,M_90_Maloney_FR1_D1Male.CSV
39.0,M_90_Maloney_FR1_D1Male.CSV
27.0,M_90_Maloney_FR1_D1Male.CSV
26.0,M_90_Maloney_FR1_D1Male.CSV
31.0,M_90_Maloney_FR1_D1Male.CSV
441.0,M_92_Maloney_FR1_D3Male.CSV
3458.0,M_92_Maloney_FR1_D3Male.CSV
28.0,M_92_Maloney_FR1_D3Male.CSV
1226.0,M_92_Maloney_FR1_D3Male.CSV
824.0,M_92_Maloney_FR1_D3Male.CSV
28.0,M_92_Maloney_FR1_D3Male.CSV
27.0,M_92_Maloney_FR1_D3Male.CSV
34.0,M_92_Maloney_FR1_D3Male.CSV
25.0,M_92_Maloney_FR1_D3Male.CSV
889.0,M_92_Maloney_FR1_D3Male.CSV
2288.0,M_92_Maloney_FR1_D3Male.CSV
22.0,M_92_Maloney_FR1_D3Male.CSV
16.0,M_92_Maloney_FR1_D3Male.CSV
31.0,M_92_Maloney_FR1_D3Male.CSV
1013.0,M_92_Maloney_FR1_D3Male.CSV
246.0,M_92_Maloney_FR1_D3Male.CSV
567.0,M_92_Maloney_FR1_D3Male.CSV
1676.0,M_92_Maloney_FR1_D3Male.CSV
18.0,M_92_Maloney_FR1_D3Male.CSV
17.0,M_92_Maloney_FR1_D3Male.CSV
24.0,M_92_Maloney_FR1_D3Male.CSV
31.0,M_92_Maloney_FR1_D3Male.CSV
56.0,M_92_Maloney_FR1_D3Male.CSV
1657.0,M_92_Maloney_FR1_D3Male.CSV
20.0,M_92_Maloney_FR1_D3Male.CSV
39.0,M_92_Maloney_FR1_D3Male.CSV
19.0,M_92_Maloney_FR1_D3Male.CSV
28.0,M_92_Maloney_FR1_D3Male.CSV
20.0,M_92_Maloney_FR1_D3Male.CSV
1177.0,M_92_Maloney_FR1_D3Male.CSV
479.0,M_92_Maloney_FR1_D3Male.CSV
576.0,M_92_Maloney_FR1_D3Male.CSV
561.0,M_92_Maloney_FR1_D3Male.CSV
29.0,M_92_Maloney_FR1_D3Male.CSV
540.0,M_92_Maloney_FR1_D3Male.CSV
176.0,M_92_Maloney_FR1_D3Male.CSV
544.0,M_92_Maloney_FR1_D3Male.CSV
723.0,M_92_Maloney_FR1_D3Male.CSV
39.0,M_92_Maloney_FR1_D3Male.CSV
29.0,M_92_Maloney_FR1_D3Male.CSV
16.0,M_92_Maloney_FR1_D3Male.CSV
50.0,M_92_Maloney_FR1_D3Male.CSV
1209.0,M_92_Maloney_FR1_D3Male.CSV
140.0,M_92_Maloney_FR1_D3Male.CSV
133.0,M_92_Maloney_FR1_D3Male.CSV
483.0,M_92_Maloney_FR1_D3Male.CSV
116.0,M_92_Maloney_FR1_D3Male.CSV
12.0,M_92_Maloney_FR1_D3Male.CSV
240.0,M_92_Maloney_FR1_D3Male.CSV
222.0,M_92_Maloney_FR1_D3Male.CSV
297.0,M_92_Maloney_FR1_D3Male.CSV
521.0,M_92_Maloney_FR1_D3Male.CSV
502.0,M_92_Maloney_FR1_D3Male.CSV
331.0,M_92_Maloney_FR1_D3Male.CSV
19.0,M_92_Maloney_FR1_D3Male.CSV
64.0,M_92_Maloney_FR1_D3Male.CSV
233.0,M_92_Maloney_FR1_D3Male.CSV
73.0,M_92_Maloney_FR1_D3Male.CSV
179.0,M_92_Maloney_FR1_D3Male.CSV
1135.0,M_92_Maloney_FR1_D3Male.CSV
400.0,M_92_Maloney_FR1_D3Male.CSV
490.0,M_92_Maloney_FR1_D3Male.CSV
50.0,M_92_Maloney_FR1_D3Male.CSV
172.0,M_92_Maloney_FR1_D3Male.CSV
17.0,M_92_Maloney_FR1_D3Male.CSV
821.0,M_92_Maloney_FR1_D3Male.CSV
20.0,M_92_Maloney_FR1_D3Male.CSV
171.0,M_92_Maloney_FR1_D3Male.CSV
641.0,M_92_Maloney_FR1_D3Male.CSV
522.0,M_92_Maloney_FR1_D3Male.CSV
24.0,M_92_Maloney_FR1_D3Male.CSV
805.0,M_92_Maloney_FR1_D3Male.CSV
20.0,M_92_Maloney_FR1_D3Male.CSV
46.0,M_92_Maloney_FR1_D3Male.CSV
36.0,M_92_Maloney_FR1_D3Male.CSV
879.0,M_92_Maloney_FR1_D3Male.CSV
141.0,M_92_Maloney_FR1_D3Male.CSV
212.0,M_92_Maloney_FR1_D3Male.CSV
150.0,M_92_Maloney_FR1_D3Male.CSV
16.0,M_92_Maloney_FR1_D3Male.CSV
149.0,M_92_Maloney_FR1_D3Male.CSV
919.0,M_92_Maloney_FR1_D3Male.CSV
164.0,M_92_Maloney_FR1_D3Male.CSV
1134.0,M_92_Maloney_FR1_D3Male.CSV
1232.0,M_92_Maloney_FR1_D3Male.CSV
23.0,M_92_Maloney_FR1_D3Male.CSV
23.0,M_92_Maloney_FR1_D3Male.CSV
55.0,M_92_Maloney_FR1_D3Male.CSV
19.0,M_92_Maloney_FR1_D3Male.CSV
1028.0,M_92_Maloney_FR1_D3Male.CSV
1592.0,M_92_Maloney_FR1_D3Male.CSV
30.0,M_92_Maloney_FR1_D3Male.CSV
23.0,M_92_Maloney_FR1_D3Male.CSV
25.0,M_92_Maloney_FR1_D3Male.CSV
26.0,M_92_Maloney_FR1_D3Male.CSV
19.0,M_92_Maloney_FR1_D3Male.CSV
32.0,M_92_Maloney_FR1_D3Male.CSV
2407.0,M_92_Maloney_FR1_D3Male.CSV
81.0,M_92_Maloney_FR1_D3Male.CSV
38.0,M_92_Maloney_FR1_D3Male.CSV
23.0,M_92_Maloney_FR1_D3Male.CSV
319.0,M_92_Maloney_FR1_D3Male.CSV
2986.0,M_92_Maloney_FR1_D3Male.CSV
22.0,M_92_Maloney_FR1_D3Male.CSV
30.0,M_92_Maloney_FR1_D3Male.CSV
40.0,M_92_Maloney_FR1_D3Male.CSV
18.0,M_92_Maloney_FR1_D3Male.CSV
23.0,M_92_Maloney_FR1_D3Male.CSV
20.0,M_92_Maloney_FR1_D3Male.CSV
22.0,M_92_Maloney_FR1_D3Male.CSV
25.0,M_92_Maloney_FR1_D3Male.CSV
2608.0,M_92_Maloney_FR1_D3Male.CSV
23.0,M_92_Maloney_FR1_D3Male.CSV
22.0,M_92_Maloney_FR1_D3Male.CSV
43.0,M_92_Maloney_FR1_D3Male.CSV
1065.0,M_92_Maloney_FR1_D3Male.CSV
793.0,M_92_Maloney_FR1_D3Male.CSV
18.0,M_92_Maloney_FR1_D3Male.CSV
72.0,M_92_Maloney_FR1_D3Male.CSV
208.0,M_92_Maloney_FR1_D3Male.CSV
135.0,M_92_Maloney_FR1_D3Male.CSV
108.0,M_92_Maloney_FR1_D3Male.CSV
233.0,M_92_Maloney_FR1_D3Male.CSV
588.0,M_92_Maloney_FR1_D3Male.CSV
106.0,M_92_Maloney_FR1_D3Male.CSV
1215.0,M_92_Maloney_FR1_D3Male.CSV
22.0,M_92_Maloney_FR1_D3Male.CSV
16.0,M_92_Maloney_FR1_D3Male.CSV
1046.0,M_92_Maloney_FR1_D3Male.CSV
159.0,M_92_Maloney_FR1_D3Male.CSV
337.0,M_92_Maloney_FR1_D3Male.CSV
18.0,M_92_Maloney_FR1_D3Male.CSV
18.0,M_92_Maloney_FR1_D3Male.CSV
13.0,M_92_Maloney_FR1_D3Male.CSV
1851.0,M_92_Maloney_FR1_D3Male.CSV
1739.0,M_92_Maloney_FR1_D3Male.CSV
20.0,M_92_Maloney_FR1_D3Male.CSV
28.0,M_92_Maloney_FR1_D3Male.CSV
24.0,M_92_Maloney_FR1_D3Male.CSV
132.0,M_92_Maloney_FR1_D3Male.CSV
216.0,M_92_Maloney_FR1_D3Male.CSV
3857.0,M_92_Maloney_FR1_D3Male.CSV
20.0,M_92_Maloney_FR1_D3Male.CSV
20.0,M_92_Maloney_FR1_D3Male.CSV
21.0,M_92_Maloney_FR1_D3Male.CSV
28.0,M_92_Maloney_FR1_D3Male.CSV
24.0,M_92_Maloney_FR1_D3Male.CSV
24.0,M_92_Maloney_FR1_D3Male.CSV
23.0,M_92_Maloney_FR1_D3Male.CSV
23.0,M_92_Maloney_FR1_D3Male.CSV
4503.0,M_92_Maloney_FR1_D3Male.CSV
74.0,M_92_Maloney_FR1_D3Male.CSV
3873.0,M_92_Maloney_FR1_D3Male.CSV
100.0,M_92_Maloney_FR1_D3Male.CSV
415.0,M_92_Maloney_FR1_D3Male.CSV
4880.0,M_92_Maloney_FR1_D3Male.CSV
27.0,M_92_Maloney_FR1_D3Male.CSV
23.0,M_92_Maloney_FR1_D3Male.CSV
22.0,M_92_Maloney_FR1_D3Male.CSV
41.0,M_92_Maloney_FR1_D3Male.CSV
19.0,M_92_Maloney_FR1_D3Male.CSV
31.0,M_92_Maloney_FR1_D3Male.CSV
34.0,M_92_Maloney_FR1_D3Male.CSV
538.0,M_92_Maloney_FR1_D3Male.CSV
3486.0,M_92_Maloney_FR1_D3Male.CSV
1060.0,M_92_Maloney_FR1_D3Male.CSV
31.0,M_92_Maloney_FR1_D3Male.CSV
30.0,M_92_Maloney_FR1_D3Male.CSV
976.0,M_92_Maloney_FR1_D3Male.CSV
656.0,M_92_Maloney_FR1_D3Male.CSV
242.0,M_95_McCutcheon_FR1_FED00205102202.CSV
1976.0,M_95_McCutcheon_FR1_FED00205102202.CSV
323.0,M_95_McCutcheon_FR1_FED00205102202.CSV
3115.0,M_95_McCutcheon_FR1_FED00205102202.CSV
96.0,M_95_McCutcheon_FR1_FED00205102202.CSV
73.0,M_95_McCutcheon_FR1_FED00205102202.CSV
99.0,M_95_McCutcheon_FR1_FED00205102202.CSV
5115.0,M_95_McCutcheon_FR1_FED00205102202.CSV
122.0,M_95_McCutcheon_FR1_FED00205102202.CSV
19.0,M_95_McCutcheon_FR1_FED00205102202.CSV
17.0,M_95_McCutcheon_FR1_FED00205102202.CSV
33.0,M_95_McCutcheon_FR1_FED00205102202.CSV
37.0,M_95_McCutcheon_FR1_FED00205102202.CSV
28.0,M_95_McCutcheon_FR1_FED00205102202.CSV
81.0,M_95_McCutcheon_FR1_FED00205102202.CSV
145.0,M_95_McCutcheon_FR1_FED00205102202.CSV
28.0,M_95_McCutcheon_FR1_FED00205102202.CSV
6519.0,M_95_McCutcheon_FR1_FED00205102202.CSV
858.0,M_95_McCutcheon_FR1_FED00205102202.CSV
17.0,M_95_McCutcheon_FR1_FED00205102202.CSV
63.0,M_95_McCutcheon_FR1_FED00205102202.CSV
21.0,M_95_McCutcheon_FR1_FED00205102202.CSV
4977.0,M_95_McCutcheon_FR1_FED00205102202.CSV
42.0,M_95_McCutcheon_FR1_FED00205102202.CSV
11864.0,M_95_McCutcheon_FR1_FED00205102202.CSV
31.0,M_95_McCutcheon_FR1_FED00205102202.CSV
15.0,M_95_McCutcheon_FR1_FED00205102202.CSV
2026.0,M_95_McCutcheon_FR1_FED00205102202.CSV
35.0,M_95_McCutcheon_FR1_FED00205102202.CSV
52.0,M_95_McCutcheon_FR1_FED00205102202.CSV
52.0,M_95_McCutcheon_FR1_FED00205102202.CSV
30.0,M_95_McCutcheon_FR1_FED00205102202.CSV
31.0,M_95_McCutcheon_FR1_FED00205102202.CSV
82.0,M_95_McCutcheon_FR1_FED00205102202.CSV
31.0,M_95_McCutcheon_FR1_FED00205102202.CSV
12.0,M_95_McCutcheon_FR1_FED00205102202.CSV
1082.0,M_95_McCutcheon_FR1_FED00205102202.CSV
14.0,M_95_McCutcheon_FR1_FED00205102202.CSV
17.0,M_95_McCutcheon_FR1_FED00205102202.CSV
12.0,M_95_McCutcheon_FR1_FED00205102202.CSV
13.0,M_95_McCutcheon_FR1_FED00205102202.CSV
41.0,M_95_McCutcheon_FR1_FED00205102202.CSV
320.0,M_95_McCutcheon_FR1_FED00205102202.CSV
391.0,M_95_McCutcheon_FR1_FED00205102202.CSV
46.0,M_95_McCutcheon_FR1_FED00205102202.CSV
24.0,M_95_McCutcheon_FR1_FED00205102202.CSV
7.0,M_95_McCutcheon_FR1_FED00205102202.CSV
17.0,M_95_McCutcheon_FR1_FED00205102202.CSV
16.0,M_95_McCutcheon_FR1_FED00205102202.CSV
1019.0,M_95_McCutcheon_FR1_FED00205102202.CSV
21.0,M_95_McCutcheon_FR1_FED00205102202.CSV
28.0,M_95_McCutcheon_FR1_FED00205102202.CSV
12.0,M_95_McCutcheon_FR1_FED00205102202.CSV
425.0,M_95_McCutcheon_FR1_FED00205102202.CSV
34.0,M_95_McCutcheon_FR1_FED00205102202.CSV
13.0,M_95_McCutcheon_FR1_FED00205102202.CSV
288.0,M_95_McCutcheon_FR1_FED00205102202.CSV
1123.0,M_95_McCutcheon_FR1_FED00205102202.CSV
20.0,M_95_McCutcheon_FR1_FED00205102202.CSV
13.0,M_95_McCutcheon_FR1_FED00205102202.CSV
16.0,M_95_McCutcheon_FR1_FED00205102202.CSV
37.0,M_95_McCutcheon_FR1_FED00205102202.CSV
13.0,M_95_McCutcheon_FR1_FED00205102202.CSV
11.0,M_95_McCutcheon_FR1_FED00205102202.CSV
17.0,M_95_McCutcheon_FR1_FED00205102202.CSV
770.0,M_95_McCutcheon_FR1_FED00205102202.CSV
28.0,M_95_McCutcheon_FR1_FED00205102202.CSV
557.0,M_95_McCutcheon_FR1_FED00205102202.CSV
171.0,M_95_McCutcheon_FR1_FED00205102202.CSV
12.0,M_95_McCutcheon_FR1_FED00205102202.CSV
16.0,M_95_McCutcheon_FR1_FED00205102202.CSV
14.0,M_95_McCutcheon_FR1_FED00205102202.CSV
21.0,M_95_McCutcheon_FR1_FED00205102202.CSV
11.0,M_95_McCutcheon_FR1_FED00205102202.CSV
19.0,M_95_McCutcheon_FR1_FED00205102202.CSV
666.0,M_95_McCutcheon_FR1_FED00205102202.CSV
21.0,M_95_McCutcheon_FR1_FED00205102202.CSV
13.0,M_95_McCutcheon_FR1_FED00205102202.CSV
14.0,M_95_McCutcheon_FR1_FED00205102202.CSV
2326.0,M_95_McCutcheon_FR1_FED00205102202.CSV
16.0,M_95_McCutcheon_FR1_FED00205102202.CSV
16.0,M_95_McCutcheon_FR1_FED00205102202.CSV
31.0,M_95_McCutcheon_FR1_FED00205102202.CSV
95.0,M_95_McCutcheon_FR1_FED00205102202.CSV
15.0,M_95_McCutcheon_FR1_FED00205102202.CSV
10.0,M_95_McCutcheon_FR1_FED00205102202.CSV
370.0,M_95_McCutcheon_FR1_FED00205102202.CSV
22.0,M_95_McCutcheon_FR1_FED00205102202.CSV
536.0,M_95_McCutcheon_FR1_FED00205102202.CSV
16.0,M_95_McCutcheon_FR1_FED00205102202.CSV
29.0,M_95_McCutcheon_FR1_FED00205102202.CSV
214.0,M_95_McCutcheon_FR1_FED00205102202.CSV
316.0,M_95_McCutcheon_FR1_FED00205102202.CSV
18.0,M_95_McCutcheon_FR1_FED00205102202.CSV
9.0,M_95_McCutcheon_FR1_FED00205102202.CSV
17.0,M_95_McCutcheon_FR1_FED00205102202.CSV
14.0,M_95_McCutcheon_FR1_FED00205102202.CSV
42.0,M_95_McCutcheon_FR1_FED00205102202.CSV
3331.0,M_95_McCutcheon_FR1_FED00205102202.CSV
20.0,M_95_McCutcheon_FR1_FED00205102202.CSV
29.0,M_95_McCutcheon_FR1_FED00205102202.CSV
35.0,M_95_McCutcheon_FR1_FED00205102202.CSV
8.0,M_95_McCutcheon_FR1_FED00205102202.CSV
17.0,M_95_McCutcheon_FR1_FED00205102202.CSV
11.0,M_95_McCutcheon_FR1_FED00205102202.CSV
185.0,M_95_McCutcheon_FR1_FED00205102202.CSV
10.0,M_95_McCutcheon_FR1_FED00205102202.CSV
14.0,M_95_McCutcheon_FR1_FED00205102202.CSV
13.0,M_95_McCutcheon_FR1_FED00205102202.CSV
953.0,M_95_McCutcheon_FR1_FED00205102202.CSV
18.0,M_95_McCutcheon_FR1_FED00205102202.CSV
17.0,M_95_McCutcheon_FR1_FED00205102202.CSV
7.0,M_95_McCutcheon_FR1_FED00205102202.CSV
9.0,M_95_McCutcheon_FR1_FED00205102202.CSV
551.0,M_95_McCutcheon_FR1_FED00205102202.CSV
25.0,M_95_McCutcheon_FR1_FED00205102202.CSV
181.0,M_95_McCutcheon_FR1_FED00205102202.CSV
14.0,M_95_McCutcheon_FR1_FED00205102202.CSV
17.0,M_95_McCutcheon_FR1_FED00205102202.CSV
789.0,M_95_McCutcheon_FR1_FED00205102202.CSV
835.0,M_95_McCutcheon_FR1_FED00205102202.CSV
37.0,M_95_McCutcheon_FR1_FED00205102202.CSV
13.0,M_95_McCutcheon_FR1_FED00205102202.CSV
14.0,M_95_McCutcheon_FR1_FED00205102202.CSV
16.0,M_95_McCutcheon_FR1_FED00205102202.CSV
3900.0,M_95_McCutcheon_FR1_FED00205102202.CSV
18.0,M_95_McCutcheon_FR1_FED00205102202.CSV
23.0,M_95_McCutcheon_FR1_FED00205102202.CSV
12.0,M_95_McCutcheon_FR1_FED00205102202.CSV
12.0,M_95_McCutcheon_FR1_FED00205102202.CSV
13.0,M_95_McCutcheon_FR1_FED00205102202.CSV
20.0,M_95_McCutcheon_FR1_FED00205102202.CSV
683.0,M_95_McCutcheon_FR1_FED00205102202.CSV
17.0,M_95_McCutcheon_FR1_FED00205102202.CSV
50.0,M_95_McCutcheon_FR1_FED00205102202.CSV
4071.0,M_95_McCutcheon_FR1_FED00205102202.CSV
23.0,M_95_McCutcheon_FR1_FED00205102202.CSV
18.0,M_95_McCutcheon_FR1_FED00205102202.CSV
78.0,M_95_McCutcheon_FR1_FED00205102202.CSV
15.0,M_95_McCutcheon_FR1_FED00205102202.CSV
9.0,M_95_McCutcheon_FR1_FED00205102202.CSV
20.0,M_95_McCutcheon_FR1_FED00205102202.CSV
17.0,M_95_McCutcheon_FR1_FED00205102202.CSV
235.0,M_95_McCutcheon_FR1_FED00205102202.CSV
554.0,M_95_McCutcheon_FR1_FED00205102202.CSV
12.0,M_95_McCutcheon_FR1_FED00205102202.CSV
21.0,M_95_McCutcheon_FR1_FED00205102202.CSV
5562.0,M_95_McCutcheon_FR1_FED00205102202.CSV
378.0,M_95_McCutcheon_FR1_FED00205102202.CSV
17.0,M_95_McCutcheon_FR1_FED00205102202.CSV
23.0,M_95_McCutcheon_FR1_FED00205102202.CSV
14.0,M_95_McCutcheon_FR1_FED00205102202.CSV
10.0,M_95_McCutcheon_FR1_FED00205102202.CSV
248.0,M_95_McCutcheon_FR1_FED00205102202.CSV
15.0,M_95_McCutcheon_FR1_FED00205102202.CSV
22.0,M_95_McCutcheon_FR1_FED00205102202.CSV
2351.0,M_95_McCutcheon_FR1_FED00205102202.CSV
16.0,M_95_McCutcheon_FR1_FED00205102202.CSV
15.0,M_95_McCutcheon_FR1_FED00205102202.CSV
14.0,M_95_McCutcheon_FR1_FED00205102202.CSV
12.0,M_95_McCutcheon_FR1_FED00205102202.CSV
13.0,M_95_McCutcheon_FR1_FED00205102202.CSV
18.0,M_95_McCutcheon_FR1_FED00205102202.CSV
18.0,M_95_McCutcheon_FR1_FED00205102202.CSV
1040.0,M_95_McCutcheon_FR1_FED00205102202.CSV
12.0,M_95_McCutcheon_FR1_FED00205102202.CSV
21.0,M_95_McCutcheon_FR1_FED00205102202.CSV
12.0,M_95_McCutcheon_FR1_FED00205102202.CSV
20.0,M_95_McCutcheon_FR1_FED00205102202.CSV
13.0,M_95_McCutcheon_FR1_FED00205102202.CSV
9.0,M_95_McCutcheon_FR1_FED00205102202.CSV
998.0,M_95_McCutcheon_FR1_FED00205102202.CSV
15.0,M_95_McCutcheon_FR1_FED00205102202.CSV
17.0,M_95_McCutcheon_FR1_FED00205102202.CSV
491.0,M_95_McCutcheon_FR1_FED00205102202.CSV
26.0,M_95_McCutcheon_FR1_FED00205102202.CSV
1477.0,M_95_McCutcheon_FR1_FED00205102202.CSV
31.0,M_95_McCutcheon_FR1_FED00205102202.CSV
22.0,M_95_McCutcheon_FR1_FED00205102202.CSV
19.0,M_95_McCutcheon_FR1_FED00205102202.CSV
16.0,M_95_McCutcheon_FR1_FED00205102202.CSV
25.0,M_95_McCutcheon_FR1_FED00205102202.CSV
12.0,M_95_McCutcheon_FR1_FED00205102202.CSV
279.0,M_95_McCutcheon_FR1_FED00205102202.CSV
13.0,M_95_McCutcheon_FR1_FED00205102202.CSV
21.0,M_95_McCutcheon_FR1_FED00205102202.CSV
5999.0,M_95_McCutcheon_FR1_FED00205102202.CSV
12.0,M_95_McCutcheon_FR1_FED00205102202.CSV
44.0,M_95_McCutcheon_FR1_FED00205102202.CSV
20.0,M_95_McCutcheon_FR1_FED00205102202.CSV
18.0,M_95_McCutcheon_FR1_FED00205102202.CSV
368.0,M_93_Maloney_FR1_D4Male.CSV
736.0,M_93_Maloney_FR1_D4Male.CSV
43.0,M_93_Maloney_FR1_D4Male.CSV
28.0,M_93_Maloney_FR1_D4Male.CSV
31.0,M_93_Maloney_FR1_D4Male.CSV
22.0,M_93_Maloney_FR1_D4Male.CSV
20.0,M_93_Maloney_FR1_D4Male.CSV
4704.0,M_93_Maloney_FR1_D4Male.CSV
30.0,M_93_Maloney_FR1_D4Male.CSV
31.0,M_93_Maloney_FR1_D4Male.CSV
24.0,M_93_Maloney_FR1_D4Male.CSV
18.0,M_93_Maloney_FR1_D4Male.CSV
39.0,M_93_Maloney_FR1_D4Male.CSV
34.0,M_93_Maloney_FR1_D4Male.CSV
25.0,M_93_Maloney_FR1_D4Male.CSV
26.0,M_93_Maloney_FR1_D4Male.CSV
25.0,M_93_Maloney_FR1_D4Male.CSV
26.0,M_93_Maloney_FR1_D4Male.CSV
25.0,M_93_Maloney_FR1_D4Male.CSV
27.0,M_93_Maloney_FR1_D4Male.CSV
4594.0,M_93_Maloney_FR1_D4Male.CSV
28.0,M_93_Maloney_FR1_D4Male.CSV
30.0,M_93_Maloney_FR1_D4Male.CSV
36.0,M_93_Maloney_FR1_D4Male.CSV
18.0,M_93_Maloney_FR1_D4Male.CSV
54.0,M_93_Maloney_FR1_D4Male.CSV
20.0,M_93_Maloney_FR1_D4Male.CSV
21.0,M_93_Maloney_FR1_D4Male.CSV
17.0,M_93_Maloney_FR1_D4Male.CSV
1345.0,M_93_Maloney_FR1_D4Male.CSV
892.0,M_93_Maloney_FR1_D4Male.CSV
34.0,M_93_Maloney_FR1_D4Male.CSV
15.0,M_93_Maloney_FR1_D4Male.CSV
154.0,M_93_Maloney_FR1_D4Male.CSV
391.0,M_93_Maloney_FR1_D4Male.CSV
336.0,M_93_Maloney_FR1_D4Male.CSV
630.0,M_93_Maloney_FR1_D4Male.CSV
15.0,M_93_Maloney_FR1_D4Male.CSV
526.0,M_93_Maloney_FR1_D4Male.CSV
29.0,M_93_Maloney_FR1_D4Male.CSV
14.0,M_93_Maloney_FR1_D4Male.CSV
113.0,M_93_Maloney_FR1_D4Male.CSV
510.0,M_93_Maloney_FR1_D4Male.CSV
20.0,M_93_Maloney_FR1_D4Male.CSV
268.0,M_93_Maloney_FR1_D4Male.CSV
403.0,M_93_Maloney_FR1_D4Male.CSV
261.0,M_93_Maloney_FR1_D4Male.CSV
205.0,M_93_Maloney_FR1_D4Male.CSV
203.0,M_93_Maloney_FR1_D4Male.CSV
146.0,M_93_Maloney_FR1_D4Male.CSV
434.0,M_93_Maloney_FR1_D4Male.CSV
243.0,M_93_Maloney_FR1_D4Male.CSV
481.0,M_93_Maloney_FR1_D4Male.CSV
24.0,M_93_Maloney_FR1_D4Male.CSV
16.0,M_93_Maloney_FR1_D4Male.CSV
24.0,M_93_Maloney_FR1_D4Male.CSV
46.0,M_93_Maloney_FR1_D4Male.CSV
20.0,M_93_Maloney_FR1_D4Male.CSV
344.0,M_93_Maloney_FR1_D4Male.CSV
19.0,M_93_Maloney_FR1_D4Male.CSV
21.0,M_93_Maloney_FR1_D4Male.CSV
22.0,M_93_Maloney_FR1_D4Male.CSV
18.0,M_93_Maloney_FR1_D4Male.CSV
14.0,M_93_Maloney_FR1_D4Male.CSV
22.0,M_93_Maloney_FR1_D4Male.CSV
16.0,M_93_Maloney_FR1_D4Male.CSV
16.0,M_93_Maloney_FR1_D4Male.CSV
1135.0,M_93_Maloney_FR1_D4Male.CSV
21.0,M_93_Maloney_FR1_D4Male.CSV
18.0,M_93_Maloney_FR1_D4Male.CSV
17.0,M_93_Maloney_FR1_D4Male.CSV
21.0,M_93_Maloney_FR1_D4Male.CSV
26.0,M_93_Maloney_FR1_D4Male.CSV
16.0,M_93_Maloney_FR1_D4Male.CSV
26.0,M_93_Maloney_FR1_D4Male.CSV
1311.0,M_93_Maloney_FR1_D4Male.CSV
170.0,M_93_Maloney_FR1_D4Male.CSV
248.0,M_93_Maloney_FR1_D4Male.CSV
386.0,M_93_Maloney_FR1_D4Male.CSV
402.0,M_93_Maloney_FR1_D4Male.CSV
361.0,M_93_Maloney_FR1_D4Male.CSV
28.0,M_93_Maloney_FR1_D4Male.CSV
18.0,M_93_Maloney_FR1_D4Male.CSV
23.0,M_93_Maloney_FR1_D4Male.CSV
25.0,M_93_Maloney_FR1_D4Male.CSV
21.0,M_93_Maloney_FR1_D4Male.CSV
23.0,M_93_Maloney_FR1_D4Male.CSV
25.0,M_93_Maloney_FR1_D4Male.CSV
18.0,M_93_Maloney_FR1_D4Male.CSV
22.0,M_93_Maloney_FR1_D4Male.CSV
459.0,M_93_Maloney_FR1_D4Male.CSV
25.0,M_93_Maloney_FR1_D4Male.CSV
22.0,M_93_Maloney_FR1_D4Male.CSV
19.0,M_93_Maloney_FR1_D4Male.CSV
19.0,M_93_Maloney_FR1_D4Male.CSV
19.0,M_93_Maloney_FR1_D4Male.CSV
28.0,M_93_Maloney_FR1_D4Male.CSV
2324.0,M_93_Maloney_FR1_D4Male.CSV
913.0,M_93_Maloney_FR1_D4Male.CSV
467.0,M_93_Maloney_FR1_D4Male.CSV
560.0,M_93_Maloney_FR1_D4Male.CSV
28.0,M_93_Maloney_FR1_D4Male.CSV
23.0,M_93_Maloney_FR1_D4Male.CSV
16.0,M_93_Maloney_FR1_D4Male.CSV
34.0,M_93_Maloney_FR1_D4Male.CSV
16.0,M_93_Maloney_FR1_D4Male.CSV
20.0,M_93_Maloney_FR1_D4Male.CSV
20.0,M_93_Maloney_FR1_D4Male.CSV
560.0,M_93_Maloney_FR1_D4Male.CSV
3029.0,M_93_Maloney_FR1_D4Male.CSV
28.0,M_93_Maloney_FR1_D4Male.CSV
19.0,M_93_Maloney_FR1_D4Male.CSV
40.0,M_93_Maloney_FR1_D4Male.CSV
18.0,M_93_Maloney_FR1_D4Male.CSV
18.0,M_93_Maloney_FR1_D4Male.CSV
20.0,M_93_Maloney_FR1_D4Male.CSV
18.0,M_93_Maloney_FR1_D4Male.CSV
22.0,M_93_Maloney_FR1_D4Male.CSV
23.0,M_93_Maloney_FR1_D4Male.CSV
23.0,M_93_Maloney_FR1_D4Male.CSV
1663.0,M_93_Maloney_FR1_D4Male.CSV
24.0,M_93_Maloney_FR1_D4Male.CSV
22.0,M_93_Maloney_FR1_D4Male.CSV
17.0,M_93_Maloney_FR1_D4Male.CSV
22.0,M_93_Maloney_FR1_D4Male.CSV
22.0,M_93_Maloney_FR1_D4Male.CSV
19.0,M_93_Maloney_FR1_D4Male.CSV
3866.0,M_93_Maloney_FR1_D4Male.CSV
17.0,M_93_Maloney_FR1_D4Male.CSV
94.0,M_93_Maloney_FR1_D4Male.CSV
462.0,M_93_Maloney_FR1_D4Male.CSV
352.0,M_93_Maloney_FR1_D4Male.CSV
265.0,M_93_Maloney_FR1_D4Male.CSV
330.0,M_93_Maloney_FR1_D4Male.CSV
32.0,M_93_Maloney_FR1_D4Male.CSV
17.0,M_93_Maloney_FR1_D4Male.CSV
141.0,M_93_Maloney_FR1_D4Male.CSV
719.0,M_93_Maloney_FR1_D4Male.CSV
348.0,M_93_Maloney_FR1_D4Male.CSV
355.0,M_93_Maloney_FR1_D4Male.CSV
38.0,M_93_Maloney_FR1_D4Male.CSV
30.0,M_93_Maloney_FR1_D4Male.CSV
28.0,M_93_Maloney_FR1_D4Male.CSV
830.0,M_93_Maloney_FR1_D4Male.CSV
2393.0,M_93_Maloney_FR1_D4Male.CSV
32.0,M_93_Maloney_FR1_D4Male.CSV
20.0,M_93_Maloney_FR1_D4Male.CSV
18.0,M_93_Maloney_FR1_D4Male.CSV
22.0,M_93_Maloney_FR1_D4Male.CSV
19.0,M_93_Maloney_FR1_D4Male.CSV
24.0,M_93_Maloney_FR1_D4Male.CSV
25.0,M_93_Maloney_FR1_D4Male.CSV
21.0,M_93_Maloney_FR1_D4Male.CSV
26.0,M_93_Maloney_FR1_D4Male.CSV
19.0,M_93_Maloney_FR1_D4Male.CSV
33.0,M_93_Maloney_FR1_D4Male.CSV
2484.0,M_93_Maloney_FR1_D4Male.CSV
85.0,M_93_Maloney_FR1_D4Male.CSV
24.0,M_93_Maloney_FR1_D4Male.CSV
31.0,M_93_Maloney_FR1_D4Male.CSV
21.0,M_93_Maloney_FR1_D4Male.CSV
23.0,M_93_Maloney_FR1_D4Male.CSV
510.0,M_93_Maloney_FR1_D4Male.CSV
36.0,M_93_Maloney_FR1_D4Male.CSV
27.0,M_93_Maloney_FR1_D4Male.CSV
20.0,M_93_Maloney_FR1_D4Male.CSV
25.0,M_93_Maloney_FR1_D4Male.CSV
1937.0,M_93_Maloney_FR1_D4Male.CSV
762.0,M_93_Maloney_FR1_D4Male.CSV
11.0,M_93_Maloney_FR1_D4Male.CSV
16.0,M_93_Maloney_FR1_D4Male.CSV
16.0,M_93_Maloney_FR1_D4Male.CSV
621.0,M_93_Maloney_FR1_D4Male.CSV
2164.0,M_93_Maloney_FR1_D4Male.CSV
21.0,M_93_Maloney_FR1_D4Male.CSV
23.0,M_93_Maloney_FR1_D4Male.CSV
29.0,M_93_Maloney_FR1_D4Male.CSV
26.0,M_93_Maloney_FR1_D4Male.CSV
21.0,M_93_Maloney_FR1_D4Male.CSV
17.0,M_93_Maloney_FR1_D4Male.CSV
21.0,M_93_Maloney_FR1_D4Male.CSV
20.0,M_93_Maloney_FR1_D4Male.CSV
23.0,M_93_Maloney_FR1_D4Male.CSV
20.0,M_93_Maloney_FR1_D4Male.CSV
21.0,M_93_Maloney_FR1_D4Male.CSV
871.0,M_93_Maloney_FR1_D4Male.CSV
590.0,M_93_Maloney_FR1_D4Male.CSV
7493.0,M_93_Maloney_FR1_D4Male.CSV
35.0,M_93_Maloney_FR1_D4Male.CSV
24.0,M_93_Maloney_FR1_D4Male.CSV
26.0,M_93_Maloney_FR1_D4Male.CSV
1855.0,M_93_Maloney_FR1_D4Male.CSV
2494.0,M_93_Maloney_FR1_D4Male.CSV
30.0,M_93_Maloney_FR1_D4Male.CSV
30.0,M_93_Maloney_FR1_D4Male.CSV
30.0,M_93_Maloney_FR1_D4Male.CSV
354.0,M_93_Maloney_FR1_D4Male.CSV
1354.0,M_93_Maloney_FR1_D4Male.CSV
4262.0,M_93_Maloney_FR1_D4Male.CSV
35.0,M_93_Maloney_FR1_D4Male.CSV
28.0,M_93_Maloney_FR1_D4Male.CSV
387.0,M_93_Maloney_FR1_D4Male.CSV
1457.0,M_93_Maloney_FR1_D4Male.CSV
4600.0,M_93_Maloney_FR1_D4Male.CSV
38.0,M_93_Maloney_FR1_D4Male.CSV
20.0,M_93_Maloney_FR1_D4Male.CSV
26.0,M_93_Maloney_FR1_D4Male.CSV
4044.0,M_93_Maloney_FR1_D4Male.CSV
135.0,M_93_Maloney_FR1_D4Male.CSV
646.0,M_93_Maloney_FR1_D4Male.CSV
22.0,M_93_Maloney_FR1_D4Male.CSV
19.0,M_93_Maloney_FR1_D4Male.CSV
24.0,M_93_Maloney_FR1_D4Male.CSV
18.0,M_93_Maloney_FR1_D4Male.CSV
19291.0,M_97_McCutcheon_FR1_FED00405102204.CSV
2073.0,M_97_McCutcheon_FR1_FED00405102204.CSV
2688.0,M_97_McCutcheon_FR1_FED00405102204.CSV
60.0,M_97_McCutcheon_FR1_FED00405102204.CSV
32.0,M_97_McCutcheon_FR1_FED00405102204.CSV
53.0,M_97_McCutcheon_FR1_FED00405102204.CSV
68.0,M_97_McCutcheon_FR1_FED00405102204.CSV
1142.0,M_97_McCutcheon_FR1_FED00405102204.CSV
23.0,M_97_McCutcheon_FR1_FED00405102204.CSV
951.0,M_97_McCutcheon_FR1_FED00405102204.CSV
17.0,M_97_McCutcheon_FR1_FED00405102204.CSV
51.0,M_97_McCutcheon_FR1_FED00405102204.CSV
58.0,M_97_McCutcheon_FR1_FED00405102204.CSV
45.0,M_97_McCutcheon_FR1_FED00405102204.CSV
288.0,M_97_McCutcheon_FR1_FED00405102204.CSV
17.0,M_97_McCutcheon_FR1_FED00405102204.CSV
27.0,M_97_McCutcheon_FR1_FED00405102204.CSV
17.0,M_97_McCutcheon_FR1_FED00405102204.CSV
104.0,M_97_McCutcheon_FR1_FED00405102204.CSV
406.0,M_97_McCutcheon_FR1_FED00405102204.CSV
18.0,M_97_McCutcheon_FR1_FED00405102204.CSV
23.0,M_97_McCutcheon_FR1_FED00405102204.CSV
126.0,M_97_McCutcheon_FR1_FED00405102204.CSV
604.0,M_97_McCutcheon_FR1_FED00405102204.CSV
10.0,M_97_McCutcheon_FR1_FED00405102204.CSV
332.0,M_97_McCutcheon_FR1_FED00405102204.CSV
19.0,M_97_McCutcheon_FR1_FED00405102204.CSV
17.0,M_97_McCutcheon_FR1_FED00405102204.CSV
11.0,M_97_McCutcheon_FR1_FED00405102204.CSV
529.0,M_97_McCutcheon_FR1_FED00405102204.CSV
14.0,M_97_McCutcheon_FR1_FED00405102204.CSV
14.0,M_97_McCutcheon_FR1_FED00405102204.CSV
13.0,M_97_McCutcheon_FR1_FED00405102204.CSV
702.0,M_97_McCutcheon_FR1_FED00405102204.CSV
10.0,M_97_McCutcheon_FR1_FED00405102204.CSV
16.0,M_97_McCutcheon_FR1_FED00405102204.CSV
29.0,M_97_McCutcheon_FR1_FED00405102204.CSV
382.0,M_97_McCutcheon_FR1_FED00405102204.CSV
667.0,M_97_McCutcheon_FR1_FED00405102204.CSV
23.0,M_97_McCutcheon_FR1_FED00405102204.CSV
10.0,M_97_McCutcheon_FR1_FED00405102204.CSV
940.0,M_97_McCutcheon_FR1_FED00405102204.CSV
21.0,M_97_McCutcheon_FR1_FED00405102204.CSV
12.0,M_97_McCutcheon_FR1_FED00405102204.CSV
18.0,M_97_McCutcheon_FR1_FED00405102204.CSV
27.0,M_97_McCutcheon_FR1_FED00405102204.CSV
30.0,M_97_McCutcheon_FR1_FED00405102204.CSV
26.0,M_97_McCutcheon_FR1_FED00405102204.CSV
10.0,M_97_McCutcheon_FR1_FED00405102204.CSV
80.0,M_97_McCutcheon_FR1_FED00405102204.CSV
11.0,M_97_McCutcheon_FR1_FED00405102204.CSV
764.0,M_97_McCutcheon_FR1_FED00405102204.CSV
16.0,M_97_McCutcheon_FR1_FED00405102204.CSV
16.0,M_97_McCutcheon_FR1_FED00405102204.CSV
603.0,M_97_McCutcheon_FR1_FED00405102204.CSV
10.0,M_97_McCutcheon_FR1_FED00405102204.CSV
9.0,M_97_McCutcheon_FR1_FED00405102204.CSV
12.0,M_97_McCutcheon_FR1_FED00405102204.CSV
327.0,M_97_McCutcheon_FR1_FED00405102204.CSV
629.0,M_97_McCutcheon_FR1_FED00405102204.CSV
647.0,M_97_McCutcheon_FR1_FED00405102204.CSV
30.0,M_97_McCutcheon_FR1_FED00405102204.CSV
32.0,M_97_McCutcheon_FR1_FED00405102204.CSV
24.0,M_97_McCutcheon_FR1_FED00405102204.CSV
632.0,M_97_McCutcheon_FR1_FED00405102204.CSV
16.0,M_97_McCutcheon_FR1_FED00405102204.CSV
525.0,M_97_McCutcheon_FR1_FED00405102204.CSV
29.0,M_97_McCutcheon_FR1_FED00405102204.CSV
18.0,M_97_McCutcheon_FR1_FED00405102204.CSV
19.0,M_97_McCutcheon_FR1_FED00405102204.CSV
9.0,M_97_McCutcheon_FR1_FED00405102204.CSV
12.0,M_97_McCutcheon_FR1_FED00405102204.CSV
22.0,M_97_McCutcheon_FR1_FED00405102204.CSV
737.0,M_97_McCutcheon_FR1_FED00405102204.CSV
30.0,M_97_McCutcheon_FR1_FED00405102204.CSV
22.0,M_97_McCutcheon_FR1_FED00405102204.CSV
4982.0,M_97_McCutcheon_FR1_FED00405102204.CSV
14.0,M_97_McCutcheon_FR1_FED00405102204.CSV
14.0,M_97_McCutcheon_FR1_FED00405102204.CSV
20.0,M_97_McCutcheon_FR1_FED00405102204.CSV
26.0,M_97_McCutcheon_FR1_FED00405102204.CSV
19.0,M_97_McCutcheon_FR1_FED00405102204.CSV
25.0,M_97_McCutcheon_FR1_FED00405102204.CSV
17.0,M_97_McCutcheon_FR1_FED00405102204.CSV
17.0,M_97_McCutcheon_FR1_FED00405102204.CSV
20.0,M_97_McCutcheon_FR1_FED00405102204.CSV
1026.0,M_97_McCutcheon_FR1_FED00405102204.CSV
30.0,M_97_McCutcheon_FR1_FED00405102204.CSV
8.0,M_97_McCutcheon_FR1_FED00405102204.CSV
20.0,M_97_McCutcheon_FR1_FED00405102204.CSV
30.0,M_97_McCutcheon_FR1_FED00405102204.CSV
15.0,M_97_McCutcheon_FR1_FED00405102204.CSV
14.0,M_97_McCutcheon_FR1_FED00405102204.CSV
11.0,M_97_McCutcheon_FR1_FED00405102204.CSV
419.0,M_97_McCutcheon_FR1_FED00405102204.CSV
315.0,M_97_McCutcheon_FR1_FED00405102204.CSV
117.0,M_97_McCutcheon_FR1_FED00405102204.CSV
501.0,M_97_McCutcheon_FR1_FED00405102204.CSV
13.0,M_97_McCutcheon_FR1_FED00405102204.CSV
12.0,M_97_McCutcheon_FR1_FED00405102204.CSV
20.0,M_97_McCutcheon_FR1_FED00405102204.CSV
15.0,M_97_McCutcheon_FR1_FED00405102204.CSV
4501.0,M_97_McCutcheon_FR1_FED00405102204.CSV
20.0,M_97_McCutcheon_FR1_FED00405102204.CSV
11.0,M_97_McCutcheon_FR1_FED00405102204.CSV
19.0,M_97_McCutcheon_FR1_FED00405102204.CSV
18.0,M_97_McCutcheon_FR1_FED00405102204.CSV
16.0,M_97_McCutcheon_FR1_FED00405102204.CSV
39.0,M_97_McCutcheon_FR1_FED00405102204.CSV
19.0,M_97_McCutcheon_FR1_FED00405102204.CSV
10.0,M_97_McCutcheon_FR1_FED00405102204.CSV
70.0,M_97_McCutcheon_FR1_FED00405102204.CSV
22.0,M_97_McCutcheon_FR1_FED00405102204.CSV
7526.0,M_97_McCutcheon_FR1_FED00405102204.CSV
21.0,M_97_McCutcheon_FR1_FED00405102204.CSV
17.0,M_97_McCutcheon_FR1_FED00405102204.CSV
15.0,M_97_McCutcheon_FR1_FED00405102204.CSV
26.0,M_97_McCutcheon_FR1_FED00405102204.CSV
28.0,M_97_McCutcheon_FR1_FED00405102204.CSV
14.0,M_97_McCutcheon_FR1_FED00405102204.CSV
1029.0,M_97_McCutcheon_FR1_FED00405102204.CSV
38.0,M_97_McCutcheon_FR1_FED00405102204.CSV
4023.0,M_97_McCutcheon_FR1_FED00405102204.CSV
26.0,M_97_McCutcheon_FR1_FED00405102204.CSV
10.0,M_97_McCutcheon_FR1_FED00405102204.CSV
23.0,M_97_McCutcheon_FR1_FED00405102204.CSV
11.0,M_97_McCutcheon_FR1_FED00405102204.CSV
30.0,M_97_McCutcheon_FR1_FED00405102204.CSV
33.0,M_97_McCutcheon_FR1_FED00405102204.CSV
31.0,M_97_McCutcheon_FR1_FED00405102204.CSV
733.0,M_97_McCutcheon_FR1_FED00405102204.CSV
16.0,M_97_McCutcheon_FR1_FED00405102204.CSV
112.0,M_97_McCutcheon_FR1_FED00405102204.CSV
1545.0,M_97_McCutcheon_FR1_FED00405102204.CSV
50.0,M_97_McCutcheon_FR1_FED00405102204.CSV
51.0,M_97_McCutcheon_FR1_FED00405102204.CSV
39.0,M_97_McCutcheon_FR1_FED00405102204.CSV
46.0,M_97_McCutcheon_FR1_FED00405102204.CSV
33.0,M_97_McCutcheon_FR1_FED00405102204.CSV
38.0,M_97_McCutcheon_FR1_FED00405102204.CSV
7162.0,M_97_McCutcheon_FR1_FED00405102204.CSV
950.0,M_96_McCutcheon_FR1_FED00305102203.CSV
4438.0,M_96_McCutcheon_FR1_FED00305102203.CSV
735.0,M_96_McCutcheon_FR1_FED00305102203.CSV
43.0,M_96_McCutcheon_FR1_FED00305102203.CSV
28.0,M_96_McCutcheon_FR1_FED00305102203.CSV
39.0,M_96_McCutcheon_FR1_FED00305102203.CSV
10127.0,M_96_McCutcheon_FR1_FED00305102203.CSV
328.0,M_96_McCutcheon_FR1_FED00305102203.CSV
17766.0,M_96_McCutcheon_FR1_FED00305102203.CSV
2175.0,M_96_McCutcheon_FR1_FED00305102203.CSV
23.0,M_96_McCutcheon_FR1_FED00305102203.CSV
17.0,M_96_McCutcheon_FR1_FED00305102203.CSV
768.0,M_96_McCutcheon_FR1_FED00305102203.CSV
468.0,M_96_McCutcheon_FR1_FED00305102203.CSV
13.0,M_96_McCutcheon_FR1_FED00305102203.CSV
13.0,M_96_McCutcheon_FR1_FED00305102203.CSV
371.0,M_96_McCutcheon_FR1_FED00305102203.CSV
595.0,M_96_McCutcheon_FR1_FED00305102203.CSV
104.0,M_96_McCutcheon_FR1_FED00305102203.CSV
667.0,M_96_McCutcheon_FR1_FED00305102203.CSV
15.0,M_96_McCutcheon_FR1_FED00305102203.CSV
35.0,M_96_McCutcheon_FR1_FED00305102203.CSV
418.0,M_96_McCutcheon_FR1_FED00305102203.CSV
35.0,M_96_McCutcheon_FR1_FED00305102203.CSV
1259.0,M_96_McCutcheon_FR1_FED00305102203.CSV
37.0,M_96_McCutcheon_FR1_FED00305102203.CSV
26.0,M_96_McCutcheon_FR1_FED00305102203.CSV
897.0,M_96_McCutcheon_FR1_FED00305102203.CSV
19.0,M_96_McCutcheon_FR1_FED00305102203.CSV
13.0,M_96_McCutcheon_FR1_FED00305102203.CSV
515.0,M_96_McCutcheon_FR1_FED00305102203.CSV
16.0,M_96_McCutcheon_FR1_FED00305102203.CSV
366.0,M_96_McCutcheon_FR1_FED00305102203.CSV
20.0,M_96_McCutcheon_FR1_FED00305102203.CSV
688.0,M_96_McCutcheon_FR1_FED00305102203.CSV
82.0,M_96_McCutcheon_FR1_FED00305102203.CSV
12.0,M_96_McCutcheon_FR1_FED00305102203.CSV
13.0,M_96_McCutcheon_FR1_FED00305102203.CSV
26.0,M_96_McCutcheon_FR1_FED00305102203.CSV
79.0,M_96_McCutcheon_FR1_FED00305102203.CSV
9.0,M_96_McCutcheon_FR1_FED00305102203.CSV
1898.0,M_96_McCutcheon_FR1_FED00305102203.CSV
23.0,M_96_McCutcheon_FR1_FED00305102203.CSV
22.0,M_96_McCutcheon_FR1_FED00305102203.CSV
71.0,M_96_McCutcheon_FR1_FED00305102203.CSV
31.0,M_96_McCutcheon_FR1_FED00305102203.CSV
19.0,M_96_McCutcheon_FR1_FED00305102203.CSV
872.0,M_96_McCutcheon_FR1_FED00305102203.CSV
18.0,M_96_McCutcheon_FR1_FED00305102203.CSV
73.0,M_96_McCutcheon_FR1_FED00305102203.CSV
22.0,M_96_McCutcheon_FR1_FED00305102203.CSV
542.0,M_96_McCutcheon_FR1_FED00305102203.CSV
2921.0,M_96_McCutcheon_FR1_FED00305102203.CSV
20.0,M_96_McCutcheon_FR1_FED00305102203.CSV
34.0,M_96_McCutcheon_FR1_FED00305102203.CSV
19.0,M_96_McCutcheon_FR1_FED00305102203.CSV
86.0,M_96_McCutcheon_FR1_FED00305102203.CSV
20.0,M_96_McCutcheon_FR1_FED00305102203.CSV
14.0,M_96_McCutcheon_FR1_FED00305102203.CSV
561.0,M_96_McCutcheon_FR1_FED00305102203.CSV
115.0,M_96_McCutcheon_FR1_FED00305102203.CSV
15.0,M_96_McCutcheon_FR1_FED00305102203.CSV
12.0,M_96_McCutcheon_FR1_FED00305102203.CSV
546.0,M_96_McCutcheon_FR1_FED00305102203.CSV
13.0,M_96_McCutcheon_FR1_FED00305102203.CSV
2149.0,M_96_McCutcheon_FR1_FED00305102203.CSV
20.0,M_96_McCutcheon_FR1_FED00305102203.CSV
16.0,M_96_McCutcheon_FR1_FED00305102203.CSV
15.0,M_96_McCutcheon_FR1_FED00305102203.CSV
13.0,M_96_McCutcheon_FR1_FED00305102203.CSV
21.0,M_96_McCutcheon_FR1_FED00305102203.CSV
18.0,M_96_McCutcheon_FR1_FED00305102203.CSV
12.0,M_96_McCutcheon_FR1_FED00305102203.CSV
24.0,M_96_McCutcheon_FR1_FED00305102203.CSV
28.0,M_96_McCutcheon_FR1_FED00305102203.CSV
6.0,M_96_McCutcheon_FR1_FED00305102203.CSV
22.0,M_96_McCutcheon_FR1_FED00305102203.CSV
2345.0,M_96_McCutcheon_FR1_FED00305102203.CSV
27.0,M_96_McCutcheon_FR1_FED00305102203.CSV
15.0,M_96_McCutcheon_FR1_FED00305102203.CSV
13.0,M_96_McCutcheon_FR1_FED00305102203.CSV
10.0,M_96_McCutcheon_FR1_FED00305102203.CSV
11.0,M_96_McCutcheon_FR1_FED00305102203.CSV
752.0,M_96_McCutcheon_FR1_FED00305102203.CSV
117.0,M_96_McCutcheon_FR1_FED00305102203.CSV
621.0,M_96_McCutcheon_FR1_FED00305102203.CSV
30.0,M_96_McCutcheon_FR1_FED00305102203.CSV
16.0,M_96_McCutcheon_FR1_FED00305102203.CSV
2860.0,M_96_McCutcheon_FR1_FED00305102203.CSV
93.0,M_96_McCutcheon_FR1_FED00305102203.CSV
18.0,M_96_McCutcheon_FR1_FED00305102203.CSV
17.0,M_96_McCutcheon_FR1_FED00305102203.CSV
725.0,M_96_McCutcheon_FR1_FED00305102203.CSV
15.0,M_96_McCutcheon_FR1_FED00305102203.CSV
34.0,M_96_McCutcheon_FR1_FED00305102203.CSV
527.0,M_96_McCutcheon_FR1_FED00305102203.CSV
13.0,M_96_McCutcheon_FR1_FED00305102203.CSV
13.0,M_96_McCutcheon_FR1_FED00305102203.CSV
3196.0,M_96_McCutcheon_FR1_FED00305102203.CSV
21.0,M_96_McCutcheon_FR1_FED00305102203.CSV
9.0,M_96_McCutcheon_FR1_FED00305102203.CSV
11.0,M_96_McCutcheon_FR1_FED00305102203.CSV
13.0,M_96_McCutcheon_FR1_FED00305102203.CSV
13.0,M_96_McCutcheon_FR1_FED00305102203.CSV
22.0,M_96_McCutcheon_FR1_FED00305102203.CSV
26.0,M_96_McCutcheon_FR1_FED00305102203.CSV
713.0,M_96_McCutcheon_FR1_FED00305102203.CSV
15.0,M_96_McCutcheon_FR1_FED00305102203.CSV
2713.0,M_96_McCutcheon_FR1_FED00305102203.CSV
25.0,M_96_McCutcheon_FR1_FED00305102203.CSV
17.0,M_96_McCutcheon_FR1_FED00305102203.CSV
12.0,M_96_McCutcheon_FR1_FED00305102203.CSV
13.0,M_96_McCutcheon_FR1_FED00305102203.CSV
27.0,M_96_McCutcheon_FR1_FED00305102203.CSV
12.0,M_96_McCutcheon_FR1_FED00305102203.CSV
15.0,M_96_McCutcheon_FR1_FED00305102203.CSV
10.0,M_96_McCutcheon_FR1_FED00305102203.CSV
17.0,M_96_McCutcheon_FR1_FED00305102203.CSV
24.0,M_96_McCutcheon_FR1_FED00305102203.CSV
3442.0,M_96_McCutcheon_FR1_FED00305102203.CSV
14.0,M_96_McCutcheon_FR1_FED00305102203.CSV
3205.0,M_96_McCutcheon_FR1_FED00305102203.CSV
16.0,M_96_McCutcheon_FR1_FED00305102203.CSV
14.0,M_96_McCutcheon_FR1_FED00305102203.CSV
1002.0,M_96_McCutcheon_FR1_FED00305102203.CSV
16.0,M_96_McCutcheon_FR1_FED00305102203.CSV
10.0,M_96_McCutcheon_FR1_FED00305102203.CSV
21.0,M_96_McCutcheon_FR1_FED00305102203.CSV
966.0,M_96_McCutcheon_FR1_FED00305102203.CSV
1089.0,M_96_McCutcheon_FR1_FED00305102203.CSV
12.0,M_96_McCutcheon_FR1_FED00305102203.CSV
8.0,M_96_McCutcheon_FR1_FED00305102203.CSV
14.0,M_96_McCutcheon_FR1_FED00305102203.CSV
82.0,M_96_McCutcheon_FR1_FED00305102203.CSV
5098.0,M_96_McCutcheon_FR1_FED00305102203.CSV
15.0,M_96_McCutcheon_FR1_FED00305102203.CSV
11.0,M_96_McCutcheon_FR1_FED00305102203.CSV
12.0,M_96_McCutcheon_FR1_FED00305102203.CSV
12.0,M_96_McCutcheon_FR1_FED00305102203.CSV
13.0,M_96_McCutcheon_FR1_FED00305102203.CSV
13.0,M_96_McCutcheon_FR1_FED00305102203.CSV
13.0,M_96_McCutcheon_FR1_FED00305102203.CSV
18.0,M_96_McCutcheon_FR1_FED00305102203.CSV
13.0,M_96_McCutcheon_FR1_FED00305102203.CSV
42.0,M_96_McCutcheon_FR1_FED00305102203.CSV
27.0,M_96_McCutcheon_FR1_FED00305102203.CSV
11.0,M_96_McCutcheon_FR1_FED00305102203.CSV
266.0,M_94_McCutcheon_FR1_FED00105102204.CSV
5747.0,M_94_McCutcheon_FR1_FED00105102204.CSV
92.0,M_94_McCutcheon_FR1_FED00105102204.CSV
29.0,M_94_McCutcheon_FR1_FED00105102204.CSV
1475.0,M_94_McCutcheon_FR1_FED00105102204.CSV
52.0,M_94_McCutcheon_FR1_FED00105102204.CSV
29415.0,M_94_McCutcheon_FR1_FED00105102204.CSV
2100.0,M_94_McCutcheon_FR1_FED00105102204.CSV
24.0,M_94_McCutcheon_FR1_FED00105102204.CSV
45.0,M_94_McCutcheon_FR1_FED00105102204.CSV
18.0,M_94_McCutcheon_FR1_FED00105102204.CSV
41.0,M_94_McCutcheon_FR1_FED00105102204.CSV
1046.0,M_94_McCutcheon_FR1_FED00105102204.CSV
262.0,M_94_McCutcheon_FR1_FED00105102204.CSV
351.0,M_94_McCutcheon_FR1_FED00105102204.CSV
272.0,M_94_McCutcheon_FR1_FED00105102204.CSV
162.0,M_94_McCutcheon_FR1_FED00105102204.CSV
620.0,M_94_McCutcheon_FR1_FED00105102204.CSV
49.0,M_94_McCutcheon_FR1_FED00105102204.CSV
24.0,M_94_McCutcheon_FR1_FED00105102204.CSV
13.0,M_94_McCutcheon_FR1_FED00105102204.CSV
22.0,M_94_McCutcheon_FR1_FED00105102204.CSV
9.0,M_94_McCutcheon_FR1_FED00105102204.CSV
15.0,M_94_McCutcheon_FR1_FED00105102204.CSV
31.0,M_94_McCutcheon_FR1_FED00105102204.CSV
31.0,M_94_McCutcheon_FR1_FED00105102204.CSV
19.0,M_94_McCutcheon_FR1_FED00105102204.CSV
34.0,M_94_McCutcheon_FR1_FED00105102204.CSV
1362.0,M_94_McCutcheon_FR1_FED00105102204.CSV
31.0,M_94_McCutcheon_FR1_FED00105102204.CSV
13.0,M_94_McCutcheon_FR1_FED00105102204.CSV
9.0,M_94_McCutcheon_FR1_FED00105102204.CSV
20.0,M_94_McCutcheon_FR1_FED00105102204.CSV
16.0,M_94_McCutcheon_FR1_FED00105102204.CSV
13.0,M_94_McCutcheon_FR1_FED00105102204.CSV
11.0,M_94_McCutcheon_FR1_FED00105102204.CSV
37.0,M_94_McCutcheon_FR1_FED00105102204.CSV
27.0,M_94_McCutcheon_FR1_FED00105102204.CSV
599.0,M_94_McCutcheon_FR1_FED00105102204.CSV
453.0,M_94_McCutcheon_FR1_FED00105102204.CSV
13.0,M_94_McCutcheon_FR1_FED00105102204.CSV
11.0,M_94_McCutcheon_FR1_FED00105102204.CSV
12.0,M_94_McCutcheon_FR1_FED00105102204.CSV
15.0,M_94_McCutcheon_FR1_FED00105102204.CSV
17.0,M_94_McCutcheon_FR1_FED00105102204.CSV
12.0,M_94_McCutcheon_FR1_FED00105102204.CSV
232.0,M_94_McCutcheon_FR1_FED00105102204.CSV
780.0,M_94_McCutcheon_FR1_FED00105102204.CSV
11.0,M_94_McCutcheon_FR1_FED00105102204.CSV
806.0,M_94_McCutcheon_FR1_FED00105102204.CSV
32.0,M_94_McCutcheon_FR1_FED00105102204.CSV
98.0,M_94_McCutcheon_FR1_FED00105102204.CSV
515.0,M_94_McCutcheon_FR1_FED00105102204.CSV
20.0,M_94_McCutcheon_FR1_FED00105102204.CSV
11.0,M_94_McCutcheon_FR1_FED00105102204.CSV
29.0,M_94_McCutcheon_FR1_FED00105102204.CSV
27.0,M_94_McCutcheon_FR1_FED00105102204.CSV
2680.0,M_94_McCutcheon_FR1_FED00105102204.CSV
15.0,M_94_McCutcheon_FR1_FED00105102204.CSV
13.0,M_94_McCutcheon_FR1_FED00105102204.CSV
12.0,M_94_McCutcheon_FR1_FED00105102204.CSV
34.0,M_94_McCutcheon_FR1_FED00105102204.CSV
18.0,M_94_McCutcheon_FR1_FED00105102204.CSV
15.0,M_94_McCutcheon_FR1_FED00105102204.CSV
14.0,M_94_McCutcheon_FR1_FED00105102204.CSV
19.0,M_94_McCutcheon_FR1_FED00105102204.CSV
15.0,M_94_McCutcheon_FR1_FED00105102204.CSV
23.0,M_94_McCutcheon_FR1_FED00105102204.CSV
18.0,M_94_McCutcheon_FR1_FED00105102204.CSV
54.0,M_94_McCutcheon_FR1_FED00105102204.CSV
11.0,M_94_McCutcheon_FR1_FED00105102204.CSV
12.0,M_94_McCutcheon_FR1_FED00105102204.CSV
16.0,M_94_McCutcheon_FR1_FED00105102204.CSV
277.0,M_94_McCutcheon_FR1_FED00105102204.CSV
2330.0,M_94_McCutcheon_FR1_FED00105102204.CSV
16.0,M_94_McCutcheon_FR1_FED00105102204.CSV
19.0,M_94_McCutcheon_FR1_FED00105102204.CSV
36.0,M_94_McCutcheon_FR1_FED00105102204.CSV
13.0,M_94_McCutcheon_FR1_FED00105102204.CSV
20.0,M_94_McCutcheon_FR1_FED00105102204.CSV
14.0,M_94_McCutcheon_FR1_FED00105102204.CSV
18.0,M_94_McCutcheon_FR1_FED00105102204.CSV
19.0,M_94_McCutcheon_FR1_FED00105102204.CSV
16.0,M_94_McCutcheon_FR1_FED00105102204.CSV
114.0,M_94_McCutcheon_FR1_FED00105102204.CSV
1295.0,M_94_McCutcheon_FR1_FED00105102204.CSV
653.0,M_94_McCutcheon_FR1_FED00105102204.CSV
45.0,M_94_McCutcheon_FR1_FED00105102204.CSV
20.0,M_94_McCutcheon_FR1_FED00105102204.CSV
413.0,M_94_McCutcheon_FR1_FED00105102204.CSV
978.0,M_94_McCutcheon_FR1_FED00105102204.CSV
31.0,M_94_McCutcheon_FR1_FED00105102204.CSV
19.0,M_94_McCutcheon_FR1_FED00105102204.CSV
21.0,M_94_McCutcheon_FR1_FED00105102204.CSV
14.0,M_94_McCutcheon_FR1_FED00105102204.CSV
13.0,M_94_McCutcheon_FR1_FED00105102204.CSV
34.0,M_94_McCutcheon_FR1_FED00105102204.CSV
15.0,M_94_McCutcheon_FR1_FED00105102204.CSV
10.0,M_94_McCutcheon_FR1_FED00105102204.CSV
24.0,M_94_McCutcheon_FR1_FED00105102204.CSV
28.0,M_94_McCutcheon_FR1_FED00105102204.CSV
819.0,M_94_McCutcheon_FR1_FED00105102204.CSV
21.0,M_94_McCutcheon_FR1_FED00105102204.CSV
18.0,M_94_McCutcheon_FR1_FED00105102204.CSV
11.0,M_94_McCutcheon_FR1_FED00105102204.CSV
27.0,M_94_McCutcheon_FR1_FED00105102204.CSV
16.0,M_94_McCutcheon_FR1_FED00105102204.CSV
21.0,M_94_McCutcheon_FR1_FED00105102204.CSV
716.0,M_94_McCutcheon_FR1_FED00105102204.CSV
31.0,M_94_McCutcheon_FR1_FED00105102204.CSV
17.0,M_94_McCutcheon_FR1_FED00105102204.CSV
11.0,M_94_McCutcheon_FR1_FED00105102204.CSV
1427.0,M_94_McCutcheon_FR1_FED00105102204.CSV
299.0,M_94_McCutcheon_FR1_FED00105102204.CSV
19.0,M_94_McCutcheon_FR1_FED00105102204.CSV
14.0,M_94_McCutcheon_FR1_FED00105102204.CSV
22.0,M_94_McCutcheon_FR1_FED00105102204.CSV
4305.0,M_94_McCutcheon_FR1_FED00105102204.CSV
69.0,M_94_McCutcheon_FR1_FED00105102204.CSV
24.0,M_94_McCutcheon_FR1_FED00105102204.CSV
17.0,M_94_McCutcheon_FR1_FED00105102204.CSV
25.0,M_94_McCutcheon_FR1_FED00105102204.CSV
10.0,M_94_McCutcheon_FR1_FED00105102204.CSV
2602.0,M_94_McCutcheon_FR1_FED00105102204.CSV
48.0,M_94_McCutcheon_FR1_FED00105102204.CSV
19.0,M_94_McCutcheon_FR1_FED00105102204.CSV
47.0,M_94_McCutcheon_FR1_FED00105102204.CSV
43.0,M_94_McCutcheon_FR1_FED00105102204.CSV
1042.0,M_94_McCutcheon_FR1_FED00105102204.CSV
13.0,M_94_McCutcheon_FR1_FED00105102204.CSV
32.0,M_94_McCutcheon_FR1_FED00105102204.CSV
20.0,M_94_McCutcheon_FR1_FED00105102204.CSV
14.0,M_94_McCutcheon_FR1_FED00105102204.CSV
16.0,M_94_McCutcheon_FR1_FED00105102204.CSV
3777.0,M_94_McCutcheon_FR1_FED00105102204.CSV
44.0,M_94_McCutcheon_FR1_FED00105102204.CSV
20.0,M_94_McCutcheon_FR1_FED00105102204.CSV
38.0,M_94_McCutcheon_FR1_FED00105102204.CSV
55.0,M_94_McCutcheon_FR1_FED00105102204.CSV
18.0,M_94_McCutcheon_FR1_FED00105102204.CSV
13.0,M_94_McCutcheon_FR1_FED00105102204.CSV
24.0,M_94_McCutcheon_FR1_FED00105102204.CSV
3118.0,M_94_McCutcheon_FR1_FED00105102204.CSV
14.0,M_94_McCutcheon_FR1_FED00105102204.CSV
771.0,M_94_McCutcheon_FR1_FED00105102204.CSV
28.0,M_94_McCutcheon_FR1_FED00105102204.CSV
15.0,M_94_McCutcheon_FR1_FED00105102204.CSV
21.0,M_94_McCutcheon_FR1_FED00105102204.CSV
7377.0,M_94_McCutcheon_FR1_FED00105102204.CSV
26.0,M_94_McCutcheon_FR1_FED00105102204.CSV
36.0,M_94_McCutcheon_FR1_FED00105102204.CSV
17.0,M_94_McCutcheon_FR1_FED00105102204.CSV
15.0,M_94_McCutcheon_FR1_FED00105102204.CSV
29.0,M_94_McCutcheon_FR1_FED00105102204.CSV
27.0,M_94_McCutcheon_FR1_FED00105102204.CSV
21.0,M_94_McCutcheon_FR1_FED00105102204.CSV
55.0,M_94_McCutcheon_FR1_FED00105102204.CSV
17.0,M_94_McCutcheon_FR1_FED00105102204.CSV
450.0,M_98_McCutcheon_FR1_FED00505102203.CSV
4624.0,M_98_McCutcheon_FR1_FED00505102203.CSV
22.0,M_98_McCutcheon_FR1_FED00505102203.CSV
22395.0,M_98_McCutcheon_FR1_FED00505102203.CSV
115.0,M_98_McCutcheon_FR1_FED00505102203.CSV
255.0,M_98_McCutcheon_FR1_FED00505102203.CSV
47.0,M_98_McCutcheon_FR1_FED00505102203.CSV
347.0,M_98_McCutcheon_FR1_FED00505102203.CSV
2542.0,M_98_McCutcheon_FR1_FED00505102203.CSV
108.0,M_98_McCutcheon_FR1_FED00505102203.CSV
951.0,M_98_McCutcheon_FR1_FED00505102203.CSV
77.0,M_98_McCutcheon_FR1_FED00505102203.CSV
25.0,M_98_McCutcheon_FR1_FED00505102203.CSV
2316.0,M_98_McCutcheon_FR1_FED00505102203.CSV
321.0,M_98_McCutcheon_FR1_FED00505102203.CSV
825.0,M_98_McCutcheon_FR1_FED00505102203.CSV
1211.0,M_98_McCutcheon_FR1_FED00505102203.CSV
167.0,M_98_McCutcheon_FR1_FED00505102203.CSV
674.0,M_98_McCutcheon_FR1_FED00505102203.CSV
11.0,M_98_McCutcheon_FR1_FED00505102203.CSV
135.0,M_98_McCutcheon_FR1_FED00505102203.CSV
17.0,M_98_McCutcheon_FR1_FED00505102203.CSV
559.0,M_98_McCutcheon_FR1_FED00505102203.CSV
39.0,M_98_McCutcheon_FR1_FED00505102203.CSV
1083.0,M_98_McCutcheon_FR1_FED00505102203.CSV
22.0,M_98_McCutcheon_FR1_FED00505102203.CSV
29.0,M_98_McCutcheon_FR1_FED00505102203.CSV
33.0,M_98_McCutcheon_FR1_FED00505102203.CSV
218.0,M_98_McCutcheon_FR1_FED00505102203.CSV
22.0,M_98_McCutcheon_FR1_FED00505102203.CSV
139.0,M_98_McCutcheon_FR1_FED00505102203.CSV
3280.0,M_98_McCutcheon_FR1_FED00505102203.CSV
29.0,M_98_McCutcheon_FR1_FED00505102203.CSV
42.0,M_98_McCutcheon_FR1_FED00505102203.CSV
16.0,M_98_McCutcheon_FR1_FED00505102203.CSV
31.0,M_98_McCutcheon_FR1_FED00505102203.CSV
36.0,M_98_McCutcheon_FR1_FED00505102203.CSV
20.0,M_98_McCutcheon_FR1_FED00505102203.CSV
51.0,M_98_McCutcheon_FR1_FED00505102203.CSV
16.0,M_98_McCutcheon_FR1_FED00505102203.CSV
21.0,M_98_McCutcheon_FR1_FED00505102203.CSV
20.0,M_98_McCutcheon_FR1_FED00505102203.CSV
33.0,M_98_McCutcheon_FR1_FED00505102203.CSV
28.0,M_98_McCutcheon_FR1_FED00505102203.CSV
228.0,M_98_McCutcheon_FR1_FED00505102203.CSV
725.0,M_98_McCutcheon_FR1_FED00505102203.CSV
28.0,M_98_McCutcheon_FR1_FED00505102203.CSV
16.0,M_98_McCutcheon_FR1_FED00505102203.CSV
38.0,M_98_McCutcheon_FR1_FED00505102203.CSV
39.0,M_98_McCutcheon_FR1_FED00505102203.CSV
423.0,M_98_McCutcheon_FR1_FED00505102203.CSV
13.0,M_98_McCutcheon_FR1_FED00505102203.CSV
28.0,M_98_McCutcheon_FR1_FED00505102203.CSV
17.0,M_98_McCutcheon_FR1_FED00505102203.CSV
12.0,M_98_McCutcheon_FR1_FED00505102203.CSV
3893.0,M_98_McCutcheon_FR1_FED00505102203.CSV
41.0,M_98_McCutcheon_FR1_FED00505102203.CSV
28.0,M_98_McCutcheon_FR1_FED00505102203.CSV
23.0,M_98_McCutcheon_FR1_FED00505102203.CSV
22.0,M_98_McCutcheon_FR1_FED00505102203.CSV
177.0,M_98_McCutcheon_FR1_FED00505102203.CSV
26.0,M_98_McCutcheon_FR1_FED00505102203.CSV
498.0,M_98_McCutcheon_FR1_FED00505102203.CSV
13.0,M_98_McCutcheon_FR1_FED00505102203.CSV
26.0,M_98_McCutcheon_FR1_FED00505102203.CSV
22.0,M_98_McCutcheon_FR1_FED00505102203.CSV
18.0,M_98_McCutcheon_FR1_FED00505102203.CSV
61.0,M_98_McCutcheon_FR1_FED00505102203.CSV
12.0,M_98_McCutcheon_FR1_FED00505102203.CSV
425.0,M_98_McCutcheon_FR1_FED00505102203.CSV
38.0,M_98_McCutcheon_FR1_FED00505102203.CSV
393.0,M_98_McCutcheon_FR1_FED00505102203.CSV
9.0,M_98_McCutcheon_FR1_FED00505102203.CSV
14.0,M_98_McCutcheon_FR1_FED00505102203.CSV
42.0,M_98_McCutcheon_FR1_FED00505102203.CSV
3735.0,M_98_McCutcheon_FR1_FED00505102203.CSV
27.0,M_98_McCutcheon_FR1_FED00505102203.CSV
13.0,M_98_McCutcheon_FR1_FED00505102203.CSV
38.0,M_98_McCutcheon_FR1_FED00505102203.CSV
22.0,M_98_McCutcheon_FR1_FED00505102203.CSV
20.0,M_98_McCutcheon_FR1_FED00505102203.CSV
14.0,M_98_McCutcheon_FR1_FED00505102203.CSV
47.0,M_98_McCutcheon_FR1_FED00505102203.CSV
159.0,M_98_McCutcheon_FR1_FED00505102203.CSV
13.0,M_98_McCutcheon_FR1_FED00505102203.CSV
11.0,M_98_McCutcheon_FR1_FED00505102203.CSV
15.0,M_98_McCutcheon_FR1_FED00505102203.CSV
325.0,M_98_McCutcheon_FR1_FED00505102203.CSV
22.0,M_98_McCutcheon_FR1_FED00505102203.CSV
29.0,M_98_McCutcheon_FR1_FED00505102203.CSV
741.0,M_98_McCutcheon_FR1_FED00505102203.CSV
274.0,M_98_McCutcheon_FR1_FED00505102203.CSV
13.0,M_98_McCutcheon_FR1_FED00505102203.CSV
15.0,M_98_McCutcheon_FR1_FED00505102203.CSV
12.0,M_98_McCutcheon_FR1_FED00505102203.CSV
18.0,M_98_McCutcheon_FR1_FED00505102203.CSV
16.0,M_98_McCutcheon_FR1_FED00505102203.CSV
19.0,M_98_McCutcheon_FR1_FED00505102203.CSV
575.0,M_98_McCutcheon_FR1_FED00505102203.CSV
394.0,M_98_McCutcheon_FR1_FED00505102203.CSV
11.0,M_98_McCutcheon_FR1_FED00505102203.CSV
5964.0,M_98_McCutcheon_FR1_FED00505102203.CSV
34.0,M_98_McCutcheon_FR1_FED00505102203.CSV
28.0,M_98_McCutcheon_FR1_FED00505102203.CSV
38.0,M_98_McCutcheon_FR1_FED00505102203.CSV
18.0,M_98_McCutcheon_FR1_FED00505102203.CSV
12.0,M_98_McCutcheon_FR1_FED00505102203.CSV
50.0,M_98_McCutcheon_FR1_FED00505102203.CSV
21.0,M_98_McCutcheon_FR1_FED00505102203.CSV
17.0,M_98_McCutcheon_FR1_FED00505102203.CSV
34.0,M_98_McCutcheon_FR1_FED00505102203.CSV
19.0,M_98_McCutcheon_FR1_FED00505102203.CSV
596.0,M_98_McCutcheon_FR1_FED00505102203.CSV
727.0,M_98_McCutcheon_FR1_FED00505102203.CSV
44.0,M_98_McCutcheon_FR1_FED00505102203.CSV
13.0,M_98_McCutcheon_FR1_FED00505102203.CSV
802.0,M_98_McCutcheon_FR1_FED00505102203.CSV
16.0,M_98_McCutcheon_FR1_FED00505102203.CSV
14.0,M_98_McCutcheon_FR1_FED00505102203.CSV
942.0,M_98_McCutcheon_FR1_FED00505102203.CSV
15.0,M_98_McCutcheon_FR1_FED00505102203.CSV
27.0,M_98_McCutcheon_FR1_FED00505102203.CSV
39.0,M_98_McCutcheon_FR1_FED00505102203.CSV
3818.0,M_98_McCutcheon_FR1_FED00505102203.CSV
571.0,M_98_McCutcheon_FR1_FED00505102203.CSV
28.0,M_98_McCutcheon_FR1_FED00505102203.CSV
17.0,M_98_McCutcheon_FR1_FED00505102203.CSV
553.0,M_98_McCutcheon_FR1_FED00505102203.CSV
10.0,M_98_McCutcheon_FR1_FED00505102203.CSV
12.0,M_98_McCutcheon_FR1_FED00505102203.CSV
20.0,M_98_McCutcheon_FR1_FED00505102203.CSV
674.0,M_98_McCutcheon_FR1_FED00505102203.CSV
11.0,M_98_McCutcheon_FR1_FED00505102203.CSV
11.0,M_98_McCutcheon_FR1_FED00505102203.CSV
17.0,M_98_McCutcheon_FR1_FED00505102203.CSV
497.0,M_98_McCutcheon_FR1_FED00505102203.CSV
15.0,M_98_McCutcheon_FR1_FED00505102203.CSV
19.0,M_98_McCutcheon_FR1_FED00505102203.CSV
13.0,M_98_McCutcheon_FR1_FED00505102203.CSV
1147.0,M_98_McCutcheon_FR1_FED00505102203.CSV
12.0,M_98_McCutcheon_FR1_FED00505102203.CSV
19.0,M_98_McCutcheon_FR1_FED00505102203.CSV
15.0,M_98_McCutcheon_FR1_FED00505102203.CSV
25.0,M_98_McCutcheon_FR1_FED00505102203.CSV
7366.0,M_98_McCutcheon_FR1_FED00505102203.CSV
13.0,M_98_McCutcheon_FR1_FED00505102203.CSV
13.0,M_98_McCutcheon_FR1_FED00505102203.CSV
15.0,M_98_McCutcheon_FR1_FED00505102203.CSV
77.0,M_98_McCutcheon_FR1_FED00505102203.CSV
115.0,M_98_McCutcheon_FR1_FED00505102203.CSV
18.0,M_98_McCutcheon_FR1_FED00505102203.CSV
17.0,M_98_McCutcheon_FR1_FED00505102203.CSV
5378.0,M_99_McCutcheon_FR1_FED00605102202.CSV
157.0,M_99_McCutcheon_FR1_FED00605102202.CSV
420.0,M_99_McCutcheon_FR1_FED00605102202.CSV
6121.0,M_99_McCutcheon_FR1_FED00605102202.CSV
15570.0,M_99_McCutcheon_FR1_FED00605102202.CSV
3552.0,M_99_McCutcheon_FR1_FED00605102202.CSV
56.0,M_99_McCutcheon_FR1_FED00605102202.CSV
286.0,M_99_McCutcheon_FR1_FED00605102202.CSV
2735.0,M_99_McCutcheon_FR1_FED00605102202.CSV
34.0,M_99_McCutcheon_FR1_FED00605102202.CSV
24.0,M_99_McCutcheon_FR1_FED00605102202.CSV
23.0,M_99_McCutcheon_FR1_FED00605102202.CSV
15.0,M_99_McCutcheon_FR1_FED00605102202.CSV
1217.0,M_99_McCutcheon_FR1_FED00605102202.CSV
70.0,M_99_McCutcheon_FR1_FED00605102202.CSV
1053.0,M_99_McCutcheon_FR1_FED00605102202.CSV
66.0,M_99_McCutcheon_FR1_FED00605102202.CSV
98.0,M_99_McCutcheon_FR1_FED00605102202.CSV
288.0,M_99_McCutcheon_FR1_FED00605102202.CSV
145.0,M_99_McCutcheon_FR1_FED00605102202.CSV
507.0,M_99_McCutcheon_FR1_FED00605102202.CSV
36.0,M_99_McCutcheon_FR1_FED00605102202.CSV
17.0,M_99_McCutcheon_FR1_FED00605102202.CSV
15.0,M_99_McCutcheon_FR1_FED00605102202.CSV
370.0,M_99_McCutcheon_FR1_FED00605102202.CSV
482.0,M_99_McCutcheon_FR1_FED00605102202.CSV
25.0,M_99_McCutcheon_FR1_FED00605102202.CSV
24.0,M_99_McCutcheon_FR1_FED00605102202.CSV
7.0,M_99_McCutcheon_FR1_FED00605102202.CSV
24.0,M_99_McCutcheon_FR1_FED00605102202.CSV
20.0,M_99_McCutcheon_FR1_FED00605102202.CSV
12.0,M_99_McCutcheon_FR1_FED00605102202.CSV
2049.0,M_99_McCutcheon_FR1_FED00605102202.CSV
26.0,M_99_McCutcheon_FR1_FED00605102202.CSV
17.0,M_99_McCutcheon_FR1_FED00605102202.CSV
725.0,M_99_McCutcheon_FR1_FED00605102202.CSV
25.0,M_99_McCutcheon_FR1_FED00605102202.CSV
413.0,M_99_McCutcheon_FR1_FED00605102202.CSV
18.0,M_99_McCutcheon_FR1_FED00605102202.CSV
18.0,M_99_McCutcheon_FR1_FED00605102202.CSV
19.0,M_99_McCutcheon_FR1_FED00605102202.CSV
587.0,M_99_McCutcheon_FR1_FED00605102202.CSV
19.0,M_99_McCutcheon_FR1_FED00605102202.CSV
14.0,M_99_McCutcheon_FR1_FED00605102202.CSV
18.0,M_99_McCutcheon_FR1_FED00605102202.CSV
2890.0,M_99_McCutcheon_FR1_FED00605102202.CSV
44.0,M_99_McCutcheon_FR1_FED00605102202.CSV
22.0,M_99_McCutcheon_FR1_FED00605102202.CSV
21.0,M_99_McCutcheon_FR1_FED00605102202.CSV
13.0,M_99_McCutcheon_FR1_FED00605102202.CSV
27.0,M_99_McCutcheon_FR1_FED00605102202.CSV
24.0,M_99_McCutcheon_FR1_FED00605102202.CSV
53.0,M_99_McCutcheon_FR1_FED00605102202.CSV
509.0,M_99_McCutcheon_FR1_FED00605102202.CSV
305.0,M_99_McCutcheon_FR1_FED00605102202.CSV
38.0,M_99_McCutcheon_FR1_FED00605102202.CSV
25.0,M_99_McCutcheon_FR1_FED00605102202.CSV
382.0,M_99_McCutcheon_FR1_FED00605102202.CSV
3138.0,M_99_McCutcheon_FR1_FED00605102202.CSV
26.0,M_99_McCutcheon_FR1_FED00605102202.CSV
17.0,M_99_McCutcheon_FR1_FED00605102202.CSV
107.0,M_99_McCutcheon_FR1_FED00605102202.CSV
70.0,M_99_McCutcheon_FR1_FED00605102202.CSV
17.0,M_99_McCutcheon_FR1_FED00605102202.CSV
209.0,M_99_McCutcheon_FR1_FED00605102202.CSV
26.0,M_99_McCutcheon_FR1_FED00605102202.CSV
10.0,M_99_McCutcheon_FR1_FED00605102202.CSV
857.0,M_99_McCutcheon_FR1_FED00605102202.CSV
390.0,M_99_McCutcheon_FR1_FED00605102202.CSV
135.0,M_99_McCutcheon_FR1_FED00605102202.CSV
23.0,M_99_McCutcheon_FR1_FED00605102202.CSV
23.0,M_99_McCutcheon_FR1_FED00605102202.CSV
481.0,M_99_McCutcheon_FR1_FED00605102202.CSV
20.0,M_99_McCutcheon_FR1_FED00605102202.CSV
2332.0,M_99_McCutcheon_FR1_FED00605102202.CSV
32.0,M_99_McCutcheon_FR1_FED00605102202.CSV
13.0,M_99_McCutcheon_FR1_FED00605102202.CSV
14.0,M_99_McCutcheon_FR1_FED00605102202.CSV
14.0,M_99_McCutcheon_FR1_FED00605102202.CSV
21.0,M_99_McCutcheon_FR1_FED00605102202.CSV
22.0,M_99_McCutcheon_FR1_FED00605102202.CSV
109.0,M_99_McCutcheon_FR1_FED00605102202.CSV
12.0,M_99_McCutcheon_FR1_FED00605102202.CSV
23.0,M_99_McCutcheon_FR1_FED00605102202.CSV
22.0,M_99_McCutcheon_FR1_FED00605102202.CSV
707.0,M_99_McCutcheon_FR1_FED00605102202.CSV
599.0,M_99_McCutcheon_FR1_FED00605102202.CSV
16.0,M_99_McCutcheon_FR1_FED00605102202.CSV
857.0,M_99_McCutcheon_FR1_FED00605102202.CSV
21.0,M_99_McCutcheon_FR1_FED00605102202.CSV
130.0,M_99_McCutcheon_FR1_FED00605102202.CSV
30.0,M_99_McCutcheon_FR1_FED00605102202.CSV
2583.0,M_99_McCutcheon_FR1_FED00605102202.CSV
15.0,M_99_McCutcheon_FR1_FED00605102202.CSV
554.0,M_99_McCutcheon_FR1_FED00605102202.CSV
17.0,M_99_McCutcheon_FR1_FED00605102202.CSV
52.0,M_99_McCutcheon_FR1_FED00605102202.CSV
251.0,M_99_McCutcheon_FR1_FED00605102202.CSV
759.0,M_99_McCutcheon_FR1_FED00605102202.CSV
39.0,M_99_McCutcheon_FR1_FED00605102202.CSV
16.0,M_99_McCutcheon_FR1_FED00605102202.CSV
13.0,M_99_McCutcheon_FR1_FED00605102202.CSV
17.0,M_99_McCutcheon_FR1_FED00605102202.CSV
14.0,M_99_McCutcheon_FR1_FED00605102202.CSV
17.0,M_99_McCutcheon_FR1_FED00605102202.CSV
15.0,M_99_McCutcheon_FR1_FED00605102202.CSV
3359.0,M_99_McCutcheon_FR1_FED00605102202.CSV
22.0,M_99_McCutcheon_FR1_FED00605102202.CSV
1086.0,M_99_McCutcheon_FR1_FED00605102202.CSV
2474.0,M_99_McCutcheon_FR1_FED00605102202.CSV
23.0,M_99_McCutcheon_FR1_FED00605102202.CSV
13.0,M_99_McCutcheon_FR1_FED00605102202.CSV
22.0,M_99_McCutcheon_FR1_FED00605102202.CSV
23.0,M_99_McCutcheon_FR1_FED00605102202.CSV
638.0,M_99_McCutcheon_FR1_FED00605102202.CSV
51.0,M_99_McCutcheon_FR1_FED00605102202.CSV
2629.0,M_99_McCutcheon_FR1_FED00605102202.CSV
16.0,M_99_McCutcheon_FR1_FED00605102202.CSV
1005.0,M_99_McCutcheon_FR1_FED00605102202.CSV
19.0,M_99_McCutcheon_FR1_FED00605102202.CSV
15.0,M_99_McCutcheon_FR1_FED00605102202.CSV
28.0,M_99_McCutcheon_FR1_FED00605102202.CSV
17.0,M_99_McCutcheon_FR1_FED00605102202.CSV
25.0,M_99_McCutcheon_FR1_FED00605102202.CSV
15.0,M_99_McCutcheon_FR1_FED00605102202.CSV
18.0,M_99_McCutcheon_FR1_FED00605102202.CSV
1152.0,M_99_McCutcheon_FR1_FED00605102202.CSV
523.0,M_99_McCutcheon_FR1_FED00605102202.CSV
318.0,M_99_McCutcheon_FR1_FED00605102202.CSV
716.0,M_99_McCutcheon_FR1_FED00605102202.CSV
41.0,M_99_McCutcheon_FR1_FED00605102202.CSV
26.0,M_99_McCutcheon_FR1_FED00605102202.CSV
3788.0,M_99_McCutcheon_FR1_FED00605102202.CSV
63.0,M_99_McCutcheon_FR1_FED00605102202.CSV
28.0,M_99_McCutcheon_FR1_FED00605102202.CSV
22.0,M_99_McCutcheon_FR1_FED00605102202.CSV
19.0,M_99_McCutcheon_FR1_FED00605102202.CSV
3407.0,M_99_McCutcheon_FR1_FED00605102202.CSV
640.0,M_99_McCutcheon_FR1_FED00605102202.CSV
33.0,M_99_McCutcheon_FR1_FED00605102202.CSV
262.0,M_99_McCutcheon_FR1_FED00605102202.CSV
17.0,M_99_McCutcheon_FR1_FED00605102202.CSV
22.0,M_99_McCutcheon_FR1_FED00605102202.CSV
16.0,M_99_McCutcheon_FR1_FED00605102202.CSV
6563.0,F_106_Ames_FR1_WT11F.csv
385.0,F_106_Ames_FR1_WT11F.csv
644.0,F_106_Ames_FR1_WT11F.csv
1293.0,F_106_Ames_FR1_WT11F.csv
1603.0,F_106_Ames_FR1_WT11F.csv
69.0,F_106_Ames_FR1_WT11F.csv
74.0,F_106_Ames_FR1_WT11F.csv
238.0,F_106_Ames_FR1_WT11F.csv
83.0,F_106_Ames_FR1_WT11F.csv
37.0,F_106_Ames_FR1_WT11F.csv
39.0,F_106_Ames_FR1_WT11F.csv
50.0,F_106_Ames_FR1_WT11F.csv
42.0,F_106_Ames_FR1_WT11F.csv
23.0,F_106_Ames_FR1_WT11F.csv
35.0,F_106_Ames_FR1_WT11F.csv
23.0,F_106_Ames_FR1_WT11F.csv
42.0,F_106_Ames_FR1_WT11F.csv
37.0,F_106_Ames_FR1_WT11F.csv
30.0,F_106_Ames_FR1_WT11F.csv
56.0,F_106_Ames_FR1_WT11F.csv
39.0,F_106_Ames_FR1_WT11F.csv
35.0,F_106_Ames_FR1_WT11F.csv
145.0,F_106_Ames_FR1_WT11F.csv
49.0,F_106_Ames_FR1_WT11F.csv
1720.0,F_106_Ames_FR1_WT11F.csv
57.0,F_106_Ames_FR1_WT11F.csv
87.0,F_106_Ames_FR1_WT11F.csv
45.0,F_106_Ames_FR1_WT11F.csv
28.0,F_106_Ames_FR1_WT11F.csv
31.0,F_106_Ames_FR1_WT11F.csv
31.0,F_106_Ames_FR1_WT11F.csv
25.0,F_106_Ames_FR1_WT11F.csv
30.0,F_106_Ames_FR1_WT11F.csv
331.0,F_106_Ames_FR1_WT11F.csv
32.0,F_106_Ames_FR1_WT11F.csv
33.0,F_106_Ames_FR1_WT11F.csv
36.0,F_106_Ames_FR1_WT11F.csv
24.0,F_106_Ames_FR1_WT11F.csv
26.0,F_106_Ames_FR1_WT11F.csv
28.0,F_106_Ames_FR1_WT11F.csv
29.0,F_106_Ames_FR1_WT11F.csv
402.0,F_106_Ames_FR1_WT11F.csv
2915.0,F_106_Ames_FR1_WT11F.csv
34.0,F_106_Ames_FR1_WT11F.csv
29.0,F_106_Ames_FR1_WT11F.csv
35.0,F_106_Ames_FR1_WT11F.csv
40.0,F_106_Ames_FR1_WT11F.csv
23.0,F_106_Ames_FR1_WT11F.csv
28.0,F_106_Ames_FR1_WT11F.csv
62.0,F_106_Ames_FR1_WT11F.csv
27.0,F_106_Ames_FR1_WT11F.csv
28.0,F_106_Ames_FR1_WT11F.csv
39.0,F_106_Ames_FR1_WT11F.csv
31.0,F_106_Ames_FR1_WT11F.csv
33.0,F_106_Ames_FR1_WT11F.csv
30.0,F_106_Ames_FR1_WT11F.csv
248.0,F_106_Ames_FR1_WT11F.csv
45.0,F_106_Ames_FR1_WT11F.csv
27.0,F_106_Ames_FR1_WT11F.csv
30.0,F_106_Ames_FR1_WT11F.csv
452.0,F_106_Ames_FR1_WT11F.csv
321.0,F_106_Ames_FR1_WT11F.csv
93.0,F_106_Ames_FR1_WT11F.csv
614.0,F_106_Ames_FR1_WT11F.csv
35.0,F_106_Ames_FR1_WT11F.csv
80.0,F_106_Ames_FR1_WT11F.csv
375.0,F_106_Ames_FR1_WT11F.csv
38.0,F_106_Ames_FR1_WT11F.csv
52.0,F_106_Ames_FR1_WT11F.csv
31.0,F_106_Ames_FR1_WT11F.csv
30.0,F_106_Ames_FR1_WT11F.csv
45.0,F_106_Ames_FR1_WT11F.csv
26.0,F_106_Ames_FR1_WT11F.csv
31.0,F_106_Ames_FR1_WT11F.csv
1226.0,F_106_Ames_FR1_WT11F.csv
35.0,F_106_Ames_FR1_WT11F.csv
32.0,F_106_Ames_FR1_WT11F.csv
35.0,F_106_Ames_FR1_WT11F.csv
34.0,F_106_Ames_FR1_WT11F.csv
139.0,F_106_Ames_FR1_WT11F.csv
31.0,F_106_Ames_FR1_WT11F.csv
46.0,F_106_Ames_FR1_WT11F.csv
669.0,F_106_Ames_FR1_WT11F.csv
38.0,F_106_Ames_FR1_WT11F.csv
33.0,F_106_Ames_FR1_WT11F.csv
37.0,F_106_Ames_FR1_WT11F.csv
30.0,F_106_Ames_FR1_WT11F.csv
45.0,F_106_Ames_FR1_WT11F.csv
2332.0,F_106_Ames_FR1_WT11F.csv
51.0,F_106_Ames_FR1_WT11F.csv
38.0,F_106_Ames_FR1_WT11F.csv
49.0,F_106_Ames_FR1_WT11F.csv
43.0,F_106_Ames_FR1_WT11F.csv
37.0,F_106_Ames_FR1_WT11F.csv
41.0,F_106_Ames_FR1_WT11F.csv
44.0,F_106_Ames_FR1_WT11F.csv
1157.0,F_106_Ames_FR1_WT11F.csv
40.0,F_106_Ames_FR1_WT11F.csv
33.0,F_106_Ames_FR1_WT11F.csv
67.0,F_106_Ames_FR1_WT11F.csv
670.0,F_106_Ames_FR1_WT11F.csv
30.0,F_106_Ames_FR1_WT11F.csv
41.0,F_106_Ames_FR1_WT11F.csv
35.0,F_106_Ames_FR1_WT11F.csv
44.0,F_106_Ames_FR1_WT11F.csv
43.0,F_106_Ames_FR1_WT11F.csv
51.0,F_106_Ames_FR1_WT11F.csv
710.0,F_106_Ames_FR1_WT11F.csv
75.0,F_106_Ames_FR1_WT11F.csv
37.0,F_106_Ames_FR1_WT11F.csv
34.0,F_106_Ames_FR1_WT11F.csv
29.0,F_106_Ames_FR1_WT11F.csv
42.0,F_106_Ames_FR1_WT11F.csv
53.0,F_106_Ames_FR1_WT11F.csv
1528.0,F_106_Ames_FR1_WT11F.csv
47.0,F_106_Ames_FR1_WT11F.csv
35.0,F_106_Ames_FR1_WT11F.csv
37.0,F_106_Ames_FR1_WT11F.csv
38.0,F_106_Ames_FR1_WT11F.csv
60.0,F_106_Ames_FR1_WT11F.csv
40.0,F_106_Ames_FR1_WT11F.csv
395.0,F_106_Ames_FR1_WT11F.csv
35.0,F_106_Ames_FR1_WT11F.csv
3525.0,F_106_Ames_FR1_WT11F.csv
62.0,F_106_Ames_FR1_WT11F.csv
49.0,F_106_Ames_FR1_WT11F.csv
36.0,F_106_Ames_FR1_WT11F.csv
43.0,F_106_Ames_FR1_WT11F.csv
36.0,F_106_Ames_FR1_WT11F.csv
46.0,F_106_Ames_FR1_WT11F.csv
1360.0,F_106_Ames_FR1_WT11F.csv
38.0,F_106_Ames_FR1_WT11F.csv
34.0,F_106_Ames_FR1_WT11F.csv
33.0,F_106_Ames_FR1_WT11F.csv
33.0,F_106_Ames_FR1_WT11F.csv
34.0,F_106_Ames_FR1_WT11F.csv
36.0,F_106_Ames_FR1_WT11F.csv
3216.0,F_106_Ames_FR1_WT11F.csv
60.0,F_106_Ames_FR1_WT11F.csv
38.0,F_106_Ames_FR1_WT11F.csv
34.0,F_106_Ames_FR1_WT11F.csv
42.0,F_106_Ames_FR1_WT11F.csv
35.0,F_106_Ames_FR1_WT11F.csv
48.0,F_106_Ames_FR1_WT11F.csv
1066.0,F_106_Ames_FR1_WT11F.csv
49.0,F_106_Ames_FR1_WT11F.csv
33.0,F_106_Ames_FR1_WT11F.csv
37.0,F_106_Ames_FR1_WT11F.csv
49.0,F_106_Ames_FR1_WT11F.csv
32.0,F_106_Ames_FR1_WT11F.csv
462.0,F_106_Ames_FR1_WT11F.csv
42.0,F_106_Ames_FR1_WT11F.csv
165.0,F_106_Ames_FR1_WT11F.csv
26.0,F_106_Ames_FR1_WT11F.csv
420.0,F_106_Ames_FR1_WT11F.csv
980.0,F_106_Ames_FR1_WT11F.csv
28.0,F_106_Ames_FR1_WT11F.csv
28.0,F_106_Ames_FR1_WT11F.csv
24.0,F_106_Ames_FR1_WT11F.csv
40.0,F_106_Ames_FR1_WT11F.csv
32.0,F_106_Ames_FR1_WT11F.csv
25.0,F_106_Ames_FR1_WT11F.csv
5530.0,F_106_Ames_FR1_WT11F.csv
86.0,F_106_Ames_FR1_WT11F.csv
39.0,F_106_Ames_FR1_WT11F.csv
41.0,F_106_Ames_FR1_WT11F.csv
38.0,F_106_Ames_FR1_WT11F.csv
33.0,F_106_Ames_FR1_WT11F.csv
48.0,F_106_Ames_FR1_WT11F.csv
59.0,F_106_Ames_FR1_WT11F.csv
31.0,F_106_Ames_FR1_WT11F.csv
97.0,F_106_Ames_FR1_WT11F.csv
134.0,F_106_Ames_FR1_WT11F.csv
765.0,F_106_Ames_FR1_WT11F.csv
39.0,F_106_Ames_FR1_WT11F.csv
174.0,F_106_Ames_FR1_WT11F.csv
3340.0,F_106_Ames_FR1_WT11F.csv
48.0,F_106_Ames_FR1_WT11F.csv
859.0,F_106_Ames_FR1_WT11F.csv
37.0,F_106_Ames_FR1_WT11F.csv
33.0,F_106_Ames_FR1_WT11F.csv
48.0,F_106_Ames_FR1_WT11F.csv
155.0,F_106_Ames_FR1_WT11F.csv
1822.0,F_106_Ames_FR1_WT11F.csv
147.0,F_106_Ames_FR1_WT11F.csv
1487.0,F_106_Ames_FR1_WT11F.csv
63.0,F_106_Ames_FR1_WT11F.csv
43.0,F_106_Ames_FR1_WT11F.csv
2400.0,F_106_Ames_FR1_WT11F.csv
44.0,F_106_Ames_FR1_WT11F.csv
577.0,F_106_Ames_FR1_WT11F.csv
53.0,F_106_Ames_FR1_WT11F.csv
33.0,F_106_Ames_FR1_WT11F.csv
1682.0,F_106_Ames_FR1_WT11F.csv
34.0,F_106_Ames_FR1_WT11F.csv
27.0,F_106_Ames_FR1_WT11F.csv
55.0,F_106_Ames_FR1_WT11F.csv
31.0,F_106_Ames_FR1_WT11F.csv
2713.0,F_106_Ames_FR1_WT11F.csv
41.0,F_106_Ames_FR1_WT11F.csv
35.0,F_106_Ames_FR1_WT11F.csv
65.0,F_106_Ames_FR1_WT11F.csv
40.0,F_106_Ames_FR1_WT11F.csv
39.0,F_106_Ames_FR1_WT11F.csv
35.0,F_106_Ames_FR1_WT11F.csv
2026.0,F_106_Ames_FR1_WT11F.csv
44.0,F_106_Ames_FR1_WT11F.csv
35.0,F_106_Ames_FR1_WT11F.csv
61.0,F_106_Ames_FR1_WT11F.csv
2426.0,F_106_Ames_FR1_WT11F.csv
53.0,F_106_Ames_FR1_WT11F.csv
31.0,F_106_Ames_FR1_WT11F.csv
1318.0,F_106_Ames_FR1_WT11F.csv
51.0,F_106_Ames_FR1_WT11F.csv
518.0,F_106_Ames_FR1_WT11F.csv
45.0,F_106_Ames_FR1_WT11F.csv
38.0,F_106_Ames_FR1_WT11F.csv
612.0,F_106_Ames_FR1_WT11F.csv
128.0,F_106_Ames_FR1_WT11F.csv
25.0,F_106_Ames_FR1_WT11F.csv
5297.0,F_106_Ames_FR1_WT11F.csv
39.0,F_106_Ames_FR1_WT11F.csv
37.0,F_106_Ames_FR1_WT11F.csv
29.0,F_106_Ames_FR1_WT11F.csv
31.0,F_106_Ames_FR1_WT11F.csv
29.0,F_106_Ames_FR1_WT11F.csv
40.0,F_106_Ames_FR1_WT11F.csv
94.0,F_106_Ames_FR1_WT11F.csv
1955.0,F_106_Ames_FR1_WT11F.csv
28.0,F_106_Ames_FR1_WT11F.csv
31.0,F_106_Ames_FR1_WT11F.csv
34.0,F_106_Ames_FR1_WT11F.csv
59.0,F_106_Ames_FR1_WT11F.csv
2312.0,F_106_Ames_FR1_WT11F.csv
37.0,F_106_Ames_FR1_WT11F.csv
95.0,F_106_Ames_FR1_WT11F.csv
29.0,F_106_Ames_FR1_WT11F.csv
39.0,F_106_Ames_FR1_WT11F.csv
37.0,F_106_Ames_FR1_WT11F.csv
2160.0,F_107_Ames_FR1_WT17F.csv
122.0,F_107_Ames_FR1_WT17F.csv
107.0,F_107_Ames_FR1_WT17F.csv
47.0,F_107_Ames_FR1_WT17F.csv
73.0,F_107_Ames_FR1_WT17F.csv
46.0,F_107_Ames_FR1_WT17F.csv
186.0,F_107_Ames_FR1_WT17F.csv
54.0,F_107_Ames_FR1_WT17F.csv
63.0,F_107_Ames_FR1_WT17F.csv
116.0,F_107_Ames_FR1_WT17F.csv
44.0,F_107_Ames_FR1_WT17F.csv
45.0,F_107_Ames_FR1_WT17F.csv
39.0,F_107_Ames_FR1_WT17F.csv
94.0,F_107_Ames_FR1_WT17F.csv
54.0,F_107_Ames_FR1_WT17F.csv
51.0,F_107_Ames_FR1_WT17F.csv
81.0,F_107_Ames_FR1_WT17F.csv
220.0,F_107_Ames_FR1_WT17F.csv
46.0,F_107_Ames_FR1_WT17F.csv
60.0,F_107_Ames_FR1_WT17F.csv
38.0,F_107_Ames_FR1_WT17F.csv
50.0,F_107_Ames_FR1_WT17F.csv
88.0,F_107_Ames_FR1_WT17F.csv
26.0,F_107_Ames_FR1_WT17F.csv
62.0,F_107_Ames_FR1_WT17F.csv
39.0,F_107_Ames_FR1_WT17F.csv
137.0,F_107_Ames_FR1_WT17F.csv
50.0,F_107_Ames_FR1_WT17F.csv
26.0,F_107_Ames_FR1_WT17F.csv
51.0,F_107_Ames_FR1_WT17F.csv
48.0,F_107_Ames_FR1_WT17F.csv
96.0,F_107_Ames_FR1_WT17F.csv
41.0,F_107_Ames_FR1_WT17F.csv
26.0,F_107_Ames_FR1_WT17F.csv
67.0,F_107_Ames_FR1_WT17F.csv
31.0,F_107_Ames_FR1_WT17F.csv
25.0,F_107_Ames_FR1_WT17F.csv
34.0,F_107_Ames_FR1_WT17F.csv
139.0,F_107_Ames_FR1_WT17F.csv
343.0,F_107_Ames_FR1_WT17F.csv
157.0,F_107_Ames_FR1_WT17F.csv
990.0,F_107_Ames_FR1_WT17F.csv
418.0,F_107_Ames_FR1_WT17F.csv
36.0,F_107_Ames_FR1_WT17F.csv
37.0,F_107_Ames_FR1_WT17F.csv
40.0,F_107_Ames_FR1_WT17F.csv
37.0,F_107_Ames_FR1_WT17F.csv
51.0,F_107_Ames_FR1_WT17F.csv
46.0,F_107_Ames_FR1_WT17F.csv
41.0,F_107_Ames_FR1_WT17F.csv
891.0,F_107_Ames_FR1_WT17F.csv
43.0,F_107_Ames_FR1_WT17F.csv
40.0,F_107_Ames_FR1_WT17F.csv
37.0,F_107_Ames_FR1_WT17F.csv
39.0,F_107_Ames_FR1_WT17F.csv
40.0,F_107_Ames_FR1_WT17F.csv
1235.0,F_107_Ames_FR1_WT17F.csv
1575.0,F_107_Ames_FR1_WT17F.csv
39.0,F_107_Ames_FR1_WT17F.csv
56.0,F_107_Ames_FR1_WT17F.csv
39.0,F_107_Ames_FR1_WT17F.csv
42.0,F_107_Ames_FR1_WT17F.csv
29.0,F_107_Ames_FR1_WT17F.csv
42.0,F_107_Ames_FR1_WT17F.csv
39.0,F_107_Ames_FR1_WT17F.csv
30.0,F_107_Ames_FR1_WT17F.csv
36.0,F_107_Ames_FR1_WT17F.csv
113.0,F_107_Ames_FR1_WT17F.csv
1288.0,F_107_Ames_FR1_WT17F.csv
56.0,F_107_Ames_FR1_WT17F.csv
32.0,F_107_Ames_FR1_WT17F.csv
92.0,F_107_Ames_FR1_WT17F.csv
300.0,F_107_Ames_FR1_WT17F.csv
569.0,F_107_Ames_FR1_WT17F.csv
35.0,F_107_Ames_FR1_WT17F.csv
27.0,F_107_Ames_FR1_WT17F.csv
31.0,F_107_Ames_FR1_WT17F.csv
38.0,F_107_Ames_FR1_WT17F.csv
34.0,F_107_Ames_FR1_WT17F.csv
45.0,F_107_Ames_FR1_WT17F.csv
1553.0,F_107_Ames_FR1_WT17F.csv
59.0,F_107_Ames_FR1_WT17F.csv
181.0,F_107_Ames_FR1_WT17F.csv
30.0,F_107_Ames_FR1_WT17F.csv
36.0,F_107_Ames_FR1_WT17F.csv
48.0,F_107_Ames_FR1_WT17F.csv
33.0,F_107_Ames_FR1_WT17F.csv
38.0,F_107_Ames_FR1_WT17F.csv
29.0,F_107_Ames_FR1_WT17F.csv
1171.0,F_107_Ames_FR1_WT17F.csv
31.0,F_107_Ames_FR1_WT17F.csv
29.0,F_107_Ames_FR1_WT17F.csv
48.0,F_107_Ames_FR1_WT17F.csv
28.0,F_107_Ames_FR1_WT17F.csv
39.0,F_107_Ames_FR1_WT17F.csv
58.0,F_107_Ames_FR1_WT17F.csv
2260.0,F_107_Ames_FR1_WT17F.csv
202.0,F_107_Ames_FR1_WT17F.csv
35.0,F_107_Ames_FR1_WT17F.csv
35.0,F_107_Ames_FR1_WT17F.csv
45.0,F_107_Ames_FR1_WT17F.csv
36.0,F_107_Ames_FR1_WT17F.csv
82.0,F_107_Ames_FR1_WT17F.csv
41.0,F_107_Ames_FR1_WT17F.csv
478.0,F_107_Ames_FR1_WT17F.csv
516.0,F_107_Ames_FR1_WT17F.csv
35.0,F_107_Ames_FR1_WT17F.csv
33.0,F_107_Ames_FR1_WT17F.csv
32.0,F_107_Ames_FR1_WT17F.csv
10.0,F_107_Ames_FR1_WT17F.csv
38.0,F_107_Ames_FR1_WT17F.csv
49.0,F_107_Ames_FR1_WT17F.csv
31.0,F_107_Ames_FR1_WT17F.csv
43.0,F_107_Ames_FR1_WT17F.csv
26.0,F_107_Ames_FR1_WT17F.csv
33.0,F_107_Ames_FR1_WT17F.csv
2228.0,F_107_Ames_FR1_WT17F.csv
1586.0,F_107_Ames_FR1_WT17F.csv
64.0,F_107_Ames_FR1_WT17F.csv
62.0,F_107_Ames_FR1_WT17F.csv
32.0,F_107_Ames_FR1_WT17F.csv
2290.0,F_107_Ames_FR1_WT17F.csv
38.0,F_107_Ames_FR1_WT17F.csv
33.0,F_107_Ames_FR1_WT17F.csv
36.0,F_107_Ames_FR1_WT17F.csv
46.0,F_107_Ames_FR1_WT17F.csv
31.0,F_107_Ames_FR1_WT17F.csv
2624.0,F_107_Ames_FR1_WT17F.csv
55.0,F_107_Ames_FR1_WT17F.csv
61.0,F_107_Ames_FR1_WT17F.csv
40.0,F_107_Ames_FR1_WT17F.csv
32.0,F_107_Ames_FR1_WT17F.csv
34.0,F_107_Ames_FR1_WT17F.csv
34.0,F_107_Ames_FR1_WT17F.csv
47.0,F_107_Ames_FR1_WT17F.csv
58.0,F_107_Ames_FR1_WT17F.csv
1584.0,F_107_Ames_FR1_WT17F.csv
47.0,F_107_Ames_FR1_WT17F.csv
43.0,F_107_Ames_FR1_WT17F.csv
36.0,F_107_Ames_FR1_WT17F.csv
25.0,F_107_Ames_FR1_WT17F.csv
39.0,F_107_Ames_FR1_WT17F.csv
76.0,F_107_Ames_FR1_WT17F.csv
49.0,F_107_Ames_FR1_WT17F.csv
42.0,F_107_Ames_FR1_WT17F.csv
551.0,F_107_Ames_FR1_WT17F.csv
676.0,F_107_Ames_FR1_WT17F.csv
34.0,F_107_Ames_FR1_WT17F.csv
34.0,F_107_Ames_FR1_WT17F.csv
42.0,F_107_Ames_FR1_WT17F.csv
36.0,F_107_Ames_FR1_WT17F.csv
31.0,F_107_Ames_FR1_WT17F.csv
45.0,F_107_Ames_FR1_WT17F.csv
48.0,F_107_Ames_FR1_WT17F.csv
51.0,F_107_Ames_FR1_WT17F.csv
1321.0,F_107_Ames_FR1_WT17F.csv
42.0,F_107_Ames_FR1_WT17F.csv
32.0,F_107_Ames_FR1_WT17F.csv
36.0,F_107_Ames_FR1_WT17F.csv
32.0,F_107_Ames_FR1_WT17F.csv
42.0,F_107_Ames_FR1_WT17F.csv
40.0,F_107_Ames_FR1_WT17F.csv
2298.0,F_107_Ames_FR1_WT17F.csv
805.0,F_107_Ames_FR1_WT17F.csv
53.0,F_107_Ames_FR1_WT17F.csv
29.0,F_107_Ames_FR1_WT17F.csv
36.0,F_107_Ames_FR1_WT17F.csv
5256.0,F_107_Ames_FR1_WT17F.csv
61.0,F_107_Ames_FR1_WT17F.csv
36.0,F_107_Ames_FR1_WT17F.csv
30.0,F_107_Ames_FR1_WT17F.csv
40.0,F_107_Ames_FR1_WT17F.csv
31.0,F_107_Ames_FR1_WT17F.csv
33.0,F_107_Ames_FR1_WT17F.csv
33.0,F_107_Ames_FR1_WT17F.csv
4786.0,F_107_Ames_FR1_WT17F.csv
33.0,F_107_Ames_FR1_WT17F.csv
30.0,F_107_Ames_FR1_WT17F.csv
42.0,F_107_Ames_FR1_WT17F.csv
57.0,F_107_Ames_FR1_WT17F.csv
59.0,F_107_Ames_FR1_WT17F.csv
52.0,F_107_Ames_FR1_WT17F.csv
32.0,F_107_Ames_FR1_WT17F.csv
3409.0,F_107_Ames_FR1_WT17F.csv
43.0,F_107_Ames_FR1_WT17F.csv
27.0,F_107_Ames_FR1_WT17F.csv
45.0,F_107_Ames_FR1_WT17F.csv
30.0,F_107_Ames_FR1_WT17F.csv
24.0,F_107_Ames_FR1_WT17F.csv
2904.0,F_107_Ames_FR1_WT17F.csv
53.0,F_107_Ames_FR1_WT17F.csv
26.0,F_107_Ames_FR1_WT17F.csv
29.0,F_107_Ames_FR1_WT17F.csv
25.0,F_107_Ames_FR1_WT17F.csv
3178.0,F_107_Ames_FR1_WT17F.csv
29.0,F_107_Ames_FR1_WT17F.csv
30.0,F_107_Ames_FR1_WT17F.csv
38.0,F_107_Ames_FR1_WT17F.csv
39.0,F_107_Ames_FR1_WT17F.csv
372.0,F_107_Ames_FR1_WT17F.csv
31.0,F_107_Ames_FR1_WT17F.csv
368.0,F_107_Ames_FR1_WT17F.csv
31.0,F_107_Ames_FR1_WT17F.csv
937.0,F_107_Ames_FR1_WT17F.csv
26.0,F_107_Ames_FR1_WT17F.csv
29.0,F_107_Ames_FR1_WT17F.csv
39.0,F_107_Ames_FR1_WT17F.csv
42.0,F_107_Ames_FR1_WT17F.csv
3157.0,F_107_Ames_FR1_WT17F.csv
47.0,F_107_Ames_FR1_WT17F.csv
31.0,F_107_Ames_FR1_WT17F.csv
31.0,F_107_Ames_FR1_WT17F.csv
2843.0,F_107_Ames_FR1_WT17F.csv
33.0,F_107_Ames_FR1_WT17F.csv
35.0,F_107_Ames_FR1_WT17F.csv
28.0,F_107_Ames_FR1_WT17F.csv
1097.0,F_107_Ames_FR1_WT17F.csv
37.0,F_107_Ames_FR1_WT17F.csv
62.0,F_107_Ames_FR1_WT17F.csv
27.0,F_107_Ames_FR1_WT17F.csv
25.0,F_107_Ames_FR1_WT17F.csv
24.0,F_107_Ames_FR1_WT17F.csv
31.0,F_107_Ames_FR1_WT17F.csv
3814.0,F_107_Ames_FR1_WT17F.csv
35.0,F_107_Ames_FR1_WT17F.csv
24.0,F_107_Ames_FR1_WT17F.csv
29.0,F_107_Ames_FR1_WT17F.csv
31.0,F_107_Ames_FR1_WT17F.csv
5307.0,F_108_Ames_FR1_WT7F.csv
4074.0,F_108_Ames_FR1_WT7F.csv
635.0,F_108_Ames_FR1_WT7F.csv
33.0,F_108_Ames_FR1_WT7F.csv
55.0,F_108_Ames_FR1_WT7F.csv
737.0,F_108_Ames_FR1_WT7F.csv
87.0,F_108_Ames_FR1_WT7F.csv
43.0,F_108_Ames_FR1_WT7F.csv
58.0,F_108_Ames_FR1_WT7F.csv
200.0,F_108_Ames_FR1_WT7F.csv
28.0,F_108_Ames_FR1_WT7F.csv
25.0,F_108_Ames_FR1_WT7F.csv
35.0,F_108_Ames_FR1_WT7F.csv
33.0,F_108_Ames_FR1_WT7F.csv
156.0,F_108_Ames_FR1_WT7F.csv
1299.0,F_108_Ames_FR1_WT7F.csv
41.0,F_108_Ames_FR1_WT7F.csv
23.0,F_108_Ames_FR1_WT7F.csv
21.0,F_108_Ames_FR1_WT7F.csv
17.0,F_108_Ames_FR1_WT7F.csv
21.0,F_108_Ames_FR1_WT7F.csv
23.0,F_108_Ames_FR1_WT7F.csv
19.0,F_108_Ames_FR1_WT7F.csv
20.0,F_108_Ames_FR1_WT7F.csv
15.0,F_108_Ames_FR1_WT7F.csv
21.0,F_108_Ames_FR1_WT7F.csv
298.0,F_108_Ames_FR1_WT7F.csv
837.0,F_108_Ames_FR1_WT7F.csv
660.0,F_108_Ames_FR1_WT7F.csv
37.0,F_108_Ames_FR1_WT7F.csv
37.0,F_108_Ames_FR1_WT7F.csv
21.0,F_108_Ames_FR1_WT7F.csv
19.0,F_108_Ames_FR1_WT7F.csv
19.0,F_108_Ames_FR1_WT7F.csv
25.0,F_108_Ames_FR1_WT7F.csv
959.0,F_108_Ames_FR1_WT7F.csv
33.0,F_108_Ames_FR1_WT7F.csv
24.0,F_108_Ames_FR1_WT7F.csv
13.0,F_108_Ames_FR1_WT7F.csv
24.0,F_108_Ames_FR1_WT7F.csv
16.0,F_108_Ames_FR1_WT7F.csv
24.0,F_108_Ames_FR1_WT7F.csv
17.0,F_108_Ames_FR1_WT7F.csv
2322.0,F_108_Ames_FR1_WT7F.csv
694.0,F_108_Ames_FR1_WT7F.csv
28.0,F_108_Ames_FR1_WT7F.csv
17.0,F_108_Ames_FR1_WT7F.csv
25.0,F_108_Ames_FR1_WT7F.csv
18.0,F_108_Ames_FR1_WT7F.csv
161.0,F_108_Ames_FR1_WT7F.csv
631.0,F_108_Ames_FR1_WT7F.csv
438.0,F_108_Ames_FR1_WT7F.csv
23.0,F_108_Ames_FR1_WT7F.csv
1273.0,F_108_Ames_FR1_WT7F.csv
14.0,F_108_Ames_FR1_WT7F.csv
26.0,F_108_Ames_FR1_WT7F.csv
16.0,F_108_Ames_FR1_WT7F.csv
508.0,F_108_Ames_FR1_WT7F.csv
24.0,F_108_Ames_FR1_WT7F.csv
16.0,F_108_Ames_FR1_WT7F.csv
650.0,F_108_Ames_FR1_WT7F.csv
25.0,F_108_Ames_FR1_WT7F.csv
356.0,F_108_Ames_FR1_WT7F.csv
20.0,F_108_Ames_FR1_WT7F.csv
14.0,F_108_Ames_FR1_WT7F.csv
25.0,F_108_Ames_FR1_WT7F.csv
781.0,F_108_Ames_FR1_WT7F.csv
32.0,F_108_Ames_FR1_WT7F.csv
24.0,F_108_Ames_FR1_WT7F.csv
17.0,F_108_Ames_FR1_WT7F.csv
22.0,F_108_Ames_FR1_WT7F.csv
29.0,F_108_Ames_FR1_WT7F.csv
2136.0,F_108_Ames_FR1_WT7F.csv
18.0,F_108_Ames_FR1_WT7F.csv
23.0,F_108_Ames_FR1_WT7F.csv
21.0,F_108_Ames_FR1_WT7F.csv
17.0,F_108_Ames_FR1_WT7F.csv
25.0,F_108_Ames_FR1_WT7F.csv
2106.0,F_108_Ames_FR1_WT7F.csv
88.0,F_108_Ames_FR1_WT7F.csv
404.0,F_108_Ames_FR1_WT7F.csv
7.0,F_108_Ames_FR1_WT7F.csv
127.0,F_108_Ames_FR1_WT7F.csv
6.0,F_108_Ames_FR1_WT7F.csv
40.0,F_108_Ames_FR1_WT7F.csv
24.0,F_108_Ames_FR1_WT7F.csv
10.0,F_108_Ames_FR1_WT7F.csv
24.0,F_108_Ames_FR1_WT7F.csv
1029.0,F_108_Ames_FR1_WT7F.csv
1980.0,F_108_Ames_FR1_WT7F.csv
20.0,F_108_Ames_FR1_WT7F.csv
551.0,F_108_Ames_FR1_WT7F.csv
905.0,F_108_Ames_FR1_WT7F.csv
272.0,F_108_Ames_FR1_WT7F.csv
16.0,F_108_Ames_FR1_WT7F.csv
15.0,F_108_Ames_FR1_WT7F.csv
17.0,F_108_Ames_FR1_WT7F.csv
23.0,F_108_Ames_FR1_WT7F.csv
1651.0,F_108_Ames_FR1_WT7F.csv
381.0,F_108_Ames_FR1_WT7F.csv
27.0,F_108_Ames_FR1_WT7F.csv
27.0,F_108_Ames_FR1_WT7F.csv
14.0,F_108_Ames_FR1_WT7F.csv
25.0,F_108_Ames_FR1_WT7F.csv
20.0,F_108_Ames_FR1_WT7F.csv
19.0,F_108_Ames_FR1_WT7F.csv
1146.0,F_108_Ames_FR1_WT7F.csv
58.0,F_108_Ames_FR1_WT7F.csv
148.0,F_108_Ames_FR1_WT7F.csv
13.0,F_108_Ames_FR1_WT7F.csv
147.0,F_108_Ames_FR1_WT7F.csv
132.0,F_108_Ames_FR1_WT7F.csv
7372.0,F_108_Ames_FR1_WT7F.csv
56.0,F_108_Ames_FR1_WT7F.csv
20.0,F_108_Ames_FR1_WT7F.csv
27.0,F_108_Ames_FR1_WT7F.csv
1089.0,F_108_Ames_FR1_WT7F.csv
23.0,F_108_Ames_FR1_WT7F.csv
19.0,F_108_Ames_FR1_WT7F.csv
20.0,F_108_Ames_FR1_WT7F.csv
22.0,F_108_Ames_FR1_WT7F.csv
21.0,F_108_Ames_FR1_WT7F.csv
22.0,F_108_Ames_FR1_WT7F.csv
15.0,F_108_Ames_FR1_WT7F.csv
25.0,F_108_Ames_FR1_WT7F.csv
8485.0,F_108_Ames_FR1_WT7F.csv
50.0,F_108_Ames_FR1_WT7F.csv
23.0,F_108_Ames_FR1_WT7F.csv
28.0,F_108_Ames_FR1_WT7F.csv
19.0,F_108_Ames_FR1_WT7F.csv
23.0,F_108_Ames_FR1_WT7F.csv
39.0,F_108_Ames_FR1_WT7F.csv
28.0,F_108_Ames_FR1_WT7F.csv
8434.0,F_108_Ames_FR1_WT7F.csv
26.0,F_108_Ames_FR1_WT7F.csv
23.0,F_108_Ames_FR1_WT7F.csv
22.0,F_108_Ames_FR1_WT7F.csv
24.0,F_108_Ames_FR1_WT7F.csv
22.0,F_108_Ames_FR1_WT7F.csv
23.0,F_108_Ames_FR1_WT7F.csv
26.0,F_108_Ames_FR1_WT7F.csv
34.0,F_108_Ames_FR1_WT7F.csv
6565.0,F_108_Ames_FR1_WT7F.csv
25.0,F_108_Ames_FR1_WT7F.csv
24.0,F_108_Ames_FR1_WT7F.csv
27.0,F_108_Ames_FR1_WT7F.csv
22.0,F_108_Ames_FR1_WT7F.csv
20.0,F_108_Ames_FR1_WT7F.csv
25.0,F_108_Ames_FR1_WT7F.csv
24.0,F_108_Ames_FR1_WT7F.csv
23.0,F_108_Ames_FR1_WT7F.csv
4867.0,F_108_Ames_FR1_WT7F.csv
28.0,F_108_Ames_FR1_WT7F.csv
22.0,F_108_Ames_FR1_WT7F.csv
21.0,F_108_Ames_FR1_WT7F.csv
20.0,F_108_Ames_FR1_WT7F.csv
22.0,F_108_Ames_FR1_WT7F.csv
24.0,F_108_Ames_FR1_WT7F.csv
22.0,F_108_Ames_FR1_WT7F.csv
3204.0,F_108_Ames_FR1_WT7F.csv
25.0,F_108_Ames_FR1_WT7F.csv
25.0,F_108_Ames_FR1_WT7F.csv
23.0,F_108_Ames_FR1_WT7F.csv
26.0,F_108_Ames_FR1_WT7F.csv
21.0,F_108_Ames_FR1_WT7F.csv
933.0,M_109_Ames_FR1_WT13M.csv
27.0,M_109_Ames_FR1_WT13M.csv
42.0,M_109_Ames_FR1_WT13M.csv
38.0,M_109_Ames_FR1_WT13M.csv
1428.0,M_109_Ames_FR1_WT13M.csv
65.0,M_109_Ames_FR1_WT13M.csv
78.0,M_109_Ames_FR1_WT13M.csv
689.0,M_109_Ames_FR1_WT13M.csv
39.0,M_109_Ames_FR1_WT13M.csv
36.0,M_109_Ames_FR1_WT13M.csv
29.0,M_109_Ames_FR1_WT13M.csv
38.0,M_109_Ames_FR1_WT13M.csv
21.0,M_109_Ames_FR1_WT13M.csv
19.0,M_109_Ames_FR1_WT13M.csv
26.0,M_109_Ames_FR1_WT13M.csv
27.0,M_109_Ames_FR1_WT13M.csv
179.0,M_109_Ames_FR1_WT13M.csv
33.0,M_109_Ames_FR1_WT13M.csv
48.0,M_109_Ames_FR1_WT13M.csv
463.0,M_109_Ames_FR1_WT13M.csv
29.0,M_109_Ames_FR1_WT13M.csv
26.0,M_109_Ames_FR1_WT13M.csv
26.0,M_109_Ames_FR1_WT13M.csv
35.0,M_109_Ames_FR1_WT13M.csv
1093.0,M_109_Ames_FR1_WT13M.csv
53.0,M_109_Ames_FR1_WT13M.csv
18.0,M_109_Ames_FR1_WT13M.csv
23.0,M_109_Ames_FR1_WT13M.csv
254.0,M_109_Ames_FR1_WT13M.csv
169.0,M_109_Ames_FR1_WT13M.csv
1887.0,M_109_Ames_FR1_WT13M.csv
106.0,M_109_Ames_FR1_WT13M.csv
33.0,M_109_Ames_FR1_WT13M.csv
32.0,M_109_Ames_FR1_WT13M.csv
23.0,M_109_Ames_FR1_WT13M.csv
26.0,M_109_Ames_FR1_WT13M.csv
31.0,M_109_Ames_FR1_WT13M.csv
19.0,M_109_Ames_FR1_WT13M.csv
35.0,M_109_Ames_FR1_WT13M.csv
10.0,M_109_Ames_FR1_WT13M.csv
40.0,M_109_Ames_FR1_WT13M.csv
15.0,M_109_Ames_FR1_WT13M.csv
35.0,M_109_Ames_FR1_WT13M.csv
17.0,M_109_Ames_FR1_WT13M.csv
280.0,M_109_Ames_FR1_WT13M.csv
640.0,M_109_Ames_FR1_WT13M.csv
28.0,M_109_Ames_FR1_WT13M.csv
32.0,M_109_Ames_FR1_WT13M.csv
19.0,M_109_Ames_FR1_WT13M.csv
24.0,M_109_Ames_FR1_WT13M.csv
25.0,M_109_Ames_FR1_WT13M.csv
28.0,M_109_Ames_FR1_WT13M.csv
11.0,M_109_Ames_FR1_WT13M.csv
45.0,M_109_Ames_FR1_WT13M.csv
21.0,M_109_Ames_FR1_WT13M.csv
15.0,M_109_Ames_FR1_WT13M.csv
918.0,M_109_Ames_FR1_WT13M.csv
32.0,M_109_Ames_FR1_WT13M.csv
20.0,M_109_Ames_FR1_WT13M.csv
23.0,M_109_Ames_FR1_WT13M.csv
42.0,M_109_Ames_FR1_WT13M.csv
1523.0,M_109_Ames_FR1_WT13M.csv
38.0,M_109_Ames_FR1_WT13M.csv
6.0,M_109_Ames_FR1_WT13M.csv
22.0,M_109_Ames_FR1_WT13M.csv
329.0,M_109_Ames_FR1_WT13M.csv
85.0,M_109_Ames_FR1_WT13M.csv
802.0,M_109_Ames_FR1_WT13M.csv
221.0,M_109_Ames_FR1_WT13M.csv
781.0,M_109_Ames_FR1_WT13M.csv
2962.0,M_109_Ames_FR1_WT13M.csv
41.0,M_109_Ames_FR1_WT13M.csv
21.0,M_109_Ames_FR1_WT13M.csv
22.0,M_109_Ames_FR1_WT13M.csv
21.0,M_109_Ames_FR1_WT13M.csv
22.0,M_109_Ames_FR1_WT13M.csv
21.0,M_109_Ames_FR1_WT13M.csv
184.0,M_109_Ames_FR1_WT13M.csv
30.0,M_109_Ames_FR1_WT13M.csv
111.0,M_109_Ames_FR1_WT13M.csv
894.0,M_109_Ames_FR1_WT13M.csv
235.0,M_109_Ames_FR1_WT13M.csv
96.0,M_109_Ames_FR1_WT13M.csv
471.0,M_109_Ames_FR1_WT13M.csv
4.0,M_109_Ames_FR1_WT13M.csv
650.0,M_109_Ames_FR1_WT13M.csv
32.0,M_109_Ames_FR1_WT13M.csv
22.0,M_109_Ames_FR1_WT13M.csv
25.0,M_109_Ames_FR1_WT13M.csv
28.0,M_109_Ames_FR1_WT13M.csv
969.0,M_109_Ames_FR1_WT13M.csv
26.0,M_109_Ames_FR1_WT13M.csv
25.0,M_109_Ames_FR1_WT13M.csv
30.0,M_109_Ames_FR1_WT13M.csv
25.0,M_109_Ames_FR1_WT13M.csv
33.0,M_109_Ames_FR1_WT13M.csv
17.0,M_109_Ames_FR1_WT13M.csv
30.0,M_109_Ames_FR1_WT13M.csv
16.0,M_109_Ames_FR1_WT13M.csv
35.0,M_109_Ames_FR1_WT13M.csv
3975.0,M_109_Ames_FR1_WT13M.csv
43.0,M_109_Ames_FR1_WT13M.csv
41.0,M_109_Ames_FR1_WT13M.csv
6.0,M_109_Ames_FR1_WT13M.csv
1152.0,M_109_Ames_FR1_WT13M.csv
6.0,M_109_Ames_FR1_WT13M.csv
157.0,M_109_Ames_FR1_WT13M.csv
25.0,M_109_Ames_FR1_WT13M.csv
21.0,M_109_Ames_FR1_WT13M.csv
41.0,M_109_Ames_FR1_WT13M.csv
28.0,M_109_Ames_FR1_WT13M.csv
25.0,M_109_Ames_FR1_WT13M.csv
11.0,M_109_Ames_FR1_WT13M.csv
17.0,M_109_Ames_FR1_WT13M.csv
221.0,M_109_Ames_FR1_WT13M.csv
229.0,M_109_Ames_FR1_WT13M.csv
1008.0,M_109_Ames_FR1_WT13M.csv
27.0,M_109_Ames_FR1_WT13M.csv
22.0,M_109_Ames_FR1_WT13M.csv
32.0,M_109_Ames_FR1_WT13M.csv
25.0,M_109_Ames_FR1_WT13M.csv
24.0,M_109_Ames_FR1_WT13M.csv
24.0,M_109_Ames_FR1_WT13M.csv
25.0,M_109_Ames_FR1_WT13M.csv
23.0,M_109_Ames_FR1_WT13M.csv
18.0,M_109_Ames_FR1_WT13M.csv
4945.0,M_109_Ames_FR1_WT13M.csv
35.0,M_109_Ames_FR1_WT13M.csv
362.0,M_109_Ames_FR1_WT13M.csv
28.0,M_109_Ames_FR1_WT13M.csv
29.0,M_109_Ames_FR1_WT13M.csv
26.0,M_109_Ames_FR1_WT13M.csv
23.0,M_109_Ames_FR1_WT13M.csv
445.0,M_109_Ames_FR1_WT13M.csv
10.0,M_109_Ames_FR1_WT13M.csv
203.0,M_109_Ames_FR1_WT13M.csv
664.0,M_109_Ames_FR1_WT13M.csv
1248.0,M_109_Ames_FR1_WT13M.csv
52.0,M_109_Ames_FR1_WT13M.csv
44.0,M_109_Ames_FR1_WT13M.csv
2467.0,M_109_Ames_FR1_WT13M.csv
32.0,M_109_Ames_FR1_WT13M.csv
32.0,M_109_Ames_FR1_WT13M.csv
127.0,M_109_Ames_FR1_WT13M.csv
21.0,M_109_Ames_FR1_WT13M.csv
35.0,M_109_Ames_FR1_WT13M.csv
30.0,M_109_Ames_FR1_WT13M.csv
25.0,M_109_Ames_FR1_WT13M.csv
85.0,M_109_Ames_FR1_WT13M.csv
15053.0,M_109_Ames_FR1_WT13M.csv
209.0,M_109_Ames_FR1_WT13M.csv
130.0,M_109_Ames_FR1_WT13M.csv
681.0,M_109_Ames_FR1_WT13M.csv
8045.0,M_109_Ames_FR1_WT13M.csv
34.0,M_109_Ames_FR1_WT13M.csv
25.0,M_109_Ames_FR1_WT13M.csv
26.0,M_109_Ames_FR1_WT13M.csv
26.0,M_109_Ames_FR1_WT13M.csv
32.0,M_109_Ames_FR1_WT13M.csv
5296.0,M_109_Ames_FR1_WT13M.csv
37.0,M_109_Ames_FR1_WT13M.csv
60.0,M_109_Ames_FR1_WT13M.csv
24.0,M_109_Ames_FR1_WT13M.csv
35.0,M_109_Ames_FR1_WT13M.csv
27.0,M_109_Ames_FR1_WT13M.csv
17.0,M_109_Ames_FR1_WT13M.csv
27.0,M_109_Ames_FR1_WT13M.csv
25.0,M_109_Ames_FR1_WT13M.csv
1403.0,M_109_Ames_FR1_WT13M.csv
25.0,M_109_Ames_FR1_WT13M.csv
25.0,M_109_Ames_FR1_WT13M.csv
6609.0,M_109_Ames_FR1_WT13M.csv
634.0,M_109_Ames_FR1_WT13M.csv
8.0,M_109_Ames_FR1_WT13M.csv
41.0,M_109_Ames_FR1_WT13M.csv
33.0,M_109_Ames_FR1_WT13M.csv
7.0,M_109_Ames_FR1_WT13M.csv
20.0,M_109_Ames_FR1_WT13M.csv
32.0,M_109_Ames_FR1_WT13M.csv
27.0,M_109_Ames_FR1_WT13M.csv
15.0,M_109_Ames_FR1_WT13M.csv
30.0,M_109_Ames_FR1_WT13M.csv
27.0,M_109_Ames_FR1_WT13M.csv
701.0,M_111_Ames_FR1_WT16M.csv
3498.0,M_111_Ames_FR1_WT16M.csv
922.0,M_111_Ames_FR1_WT16M.csv
1733.0,M_111_Ames_FR1_WT16M.csv
348.0,M_111_Ames_FR1_WT16M.csv
60.0,M_111_Ames_FR1_WT16M.csv
45.0,M_111_Ames_FR1_WT16M.csv
82.0,M_111_Ames_FR1_WT16M.csv
19.0,M_111_Ames_FR1_WT16M.csv
25.0,M_111_Ames_FR1_WT16M.csv
35.0,M_111_Ames_FR1_WT16M.csv
14.0,M_111_Ames_FR1_WT16M.csv
45.0,M_111_Ames_FR1_WT16M.csv
27.0,M_111_Ames_FR1_WT16M.csv
201.0,M_111_Ames_FR1_WT16M.csv
682.0,M_111_Ames_FR1_WT16M.csv
21.0,M_111_Ames_FR1_WT16M.csv
162.0,M_111_Ames_FR1_WT16M.csv
391.0,M_111_Ames_FR1_WT16M.csv
201.0,M_111_Ames_FR1_WT16M.csv
33.0,M_111_Ames_FR1_WT16M.csv
42.0,M_111_Ames_FR1_WT16M.csv
43.0,M_111_Ames_FR1_WT16M.csv
763.0,M_111_Ames_FR1_WT16M.csv
136.0,M_111_Ames_FR1_WT16M.csv
44.0,M_111_Ames_FR1_WT16M.csv
52.0,M_111_Ames_FR1_WT16M.csv
57.0,M_111_Ames_FR1_WT16M.csv
38.0,M_111_Ames_FR1_WT16M.csv
30.0,M_111_Ames_FR1_WT16M.csv
42.0,M_111_Ames_FR1_WT16M.csv
32.0,M_111_Ames_FR1_WT16M.csv
32.0,M_111_Ames_FR1_WT16M.csv
1200.0,M_111_Ames_FR1_WT16M.csv
44.0,M_111_Ames_FR1_WT16M.csv
48.0,M_111_Ames_FR1_WT16M.csv
50.0,M_111_Ames_FR1_WT16M.csv
47.0,M_111_Ames_FR1_WT16M.csv
40.0,M_111_Ames_FR1_WT16M.csv
25.0,M_111_Ames_FR1_WT16M.csv
192.0,M_111_Ames_FR1_WT16M.csv
1190.0,M_111_Ames_FR1_WT16M.csv
59.0,M_111_Ames_FR1_WT16M.csv
33.0,M_111_Ames_FR1_WT16M.csv
43.0,M_111_Ames_FR1_WT16M.csv
50.0,M_111_Ames_FR1_WT16M.csv
142.0,M_111_Ames_FR1_WT16M.csv
139.0,M_111_Ames_FR1_WT16M.csv
80.0,M_111_Ames_FR1_WT16M.csv
86.0,M_111_Ames_FR1_WT16M.csv
580.0,M_111_Ames_FR1_WT16M.csv
70.0,M_111_Ames_FR1_WT16M.csv
22.0,M_111_Ames_FR1_WT16M.csv
37.0,M_111_Ames_FR1_WT16M.csv
45.0,M_111_Ames_FR1_WT16M.csv
54.0,M_111_Ames_FR1_WT16M.csv
25.0,M_111_Ames_FR1_WT16M.csv
40.0,M_111_Ames_FR1_WT16M.csv
43.0,M_111_Ames_FR1_WT16M.csv
22.0,M_111_Ames_FR1_WT16M.csv
29.0,M_111_Ames_FR1_WT16M.csv
35.0,M_111_Ames_FR1_WT16M.csv
24.0,M_111_Ames_FR1_WT16M.csv
1095.0,M_111_Ames_FR1_WT16M.csv
61.0,M_111_Ames_FR1_WT16M.csv
42.0,M_111_Ames_FR1_WT16M.csv
1238.0,M_111_Ames_FR1_WT16M.csv
43.0,M_111_Ames_FR1_WT16M.csv
40.0,M_111_Ames_FR1_WT16M.csv
43.0,M_111_Ames_FR1_WT16M.csv
24.0,M_111_Ames_FR1_WT16M.csv
31.0,M_111_Ames_FR1_WT16M.csv
37.0,M_111_Ames_FR1_WT16M.csv
621.0,M_111_Ames_FR1_WT16M.csv
48.0,M_111_Ames_FR1_WT16M.csv
46.0,M_111_Ames_FR1_WT16M.csv
1386.0,M_111_Ames_FR1_WT16M.csv
45.0,M_111_Ames_FR1_WT16M.csv
31.0,M_111_Ames_FR1_WT16M.csv
23.0,M_111_Ames_FR1_WT16M.csv
27.0,M_111_Ames_FR1_WT16M.csv
28.0,M_111_Ames_FR1_WT16M.csv
48.0,M_111_Ames_FR1_WT16M.csv
1079.0,M_111_Ames_FR1_WT16M.csv
39.0,M_111_Ames_FR1_WT16M.csv
25.0,M_111_Ames_FR1_WT16M.csv
46.0,M_111_Ames_FR1_WT16M.csv
35.0,M_111_Ames_FR1_WT16M.csv
2129.0,M_111_Ames_FR1_WT16M.csv
825.0,M_111_Ames_FR1_WT16M.csv
35.0,M_111_Ames_FR1_WT16M.csv
40.0,M_111_Ames_FR1_WT16M.csv
21.0,M_111_Ames_FR1_WT16M.csv
46.0,M_111_Ames_FR1_WT16M.csv
32.0,M_111_Ames_FR1_WT16M.csv
586.0,M_111_Ames_FR1_WT16M.csv
39.0,M_111_Ames_FR1_WT16M.csv
32.0,M_111_Ames_FR1_WT16M.csv
369.0,M_111_Ames_FR1_WT16M.csv
135.0,M_111_Ames_FR1_WT16M.csv
376.0,M_111_Ames_FR1_WT16M.csv
47.0,M_111_Ames_FR1_WT16M.csv
164.0,M_111_Ames_FR1_WT16M.csv
46.0,M_111_Ames_FR1_WT16M.csv
37.0,M_111_Ames_FR1_WT16M.csv
455.0,M_111_Ames_FR1_WT16M.csv
70.0,M_111_Ames_FR1_WT16M.csv
42.0,M_111_Ames_FR1_WT16M.csv
58.0,M_111_Ames_FR1_WT16M.csv
27.0,M_111_Ames_FR1_WT16M.csv
27.0,M_111_Ames_FR1_WT16M.csv
21.0,M_111_Ames_FR1_WT16M.csv
25.0,M_111_Ames_FR1_WT16M.csv
407.0,M_111_Ames_FR1_WT16M.csv
4432.0,M_111_Ames_FR1_WT16M.csv
34.0,M_111_Ames_FR1_WT16M.csv
33.0,M_111_Ames_FR1_WT16M.csv
42.0,M_111_Ames_FR1_WT16M.csv
36.0,M_111_Ames_FR1_WT16M.csv
32.0,M_111_Ames_FR1_WT16M.csv
28.0,M_111_Ames_FR1_WT16M.csv
39.0,M_111_Ames_FR1_WT16M.csv
24.0,M_111_Ames_FR1_WT16M.csv
30.0,M_111_Ames_FR1_WT16M.csv
2179.0,M_111_Ames_FR1_WT16M.csv
43.0,M_111_Ames_FR1_WT16M.csv
28.0,M_111_Ames_FR1_WT16M.csv
21.0,M_111_Ames_FR1_WT16M.csv
33.0,M_111_Ames_FR1_WT16M.csv
29.0,M_111_Ames_FR1_WT16M.csv
38.0,M_111_Ames_FR1_WT16M.csv
1011.0,M_111_Ames_FR1_WT16M.csv
2458.0,M_111_Ames_FR1_WT16M.csv
37.0,M_111_Ames_FR1_WT16M.csv
2335.0,M_111_Ames_FR1_WT16M.csv
37.0,M_111_Ames_FR1_WT16M.csv
26.0,M_111_Ames_FR1_WT16M.csv
52.0,M_111_Ames_FR1_WT16M.csv
54.0,M_111_Ames_FR1_WT16M.csv
1122.0,M_111_Ames_FR1_WT16M.csv
558.0,M_111_Ames_FR1_WT16M.csv
103.0,M_111_Ames_FR1_WT16M.csv
45.0,M_111_Ames_FR1_WT16M.csv
34.0,M_111_Ames_FR1_WT16M.csv
46.0,M_111_Ames_FR1_WT16M.csv
29.0,M_111_Ames_FR1_WT16M.csv
32.0,M_111_Ames_FR1_WT16M.csv
29.0,M_111_Ames_FR1_WT16M.csv
37.0,M_111_Ames_FR1_WT16M.csv
1444.0,M_111_Ames_FR1_WT16M.csv
34.0,M_111_Ames_FR1_WT16M.csv
30.0,M_111_Ames_FR1_WT16M.csv
25.0,M_111_Ames_FR1_WT16M.csv
25.0,M_111_Ames_FR1_WT16M.csv
30.0,M_111_Ames_FR1_WT16M.csv
35.0,M_111_Ames_FR1_WT16M.csv
2429.0,M_111_Ames_FR1_WT16M.csv
31.0,M_111_Ames_FR1_WT16M.csv
32.0,M_111_Ames_FR1_WT16M.csv
19.0,M_111_Ames_FR1_WT16M.csv
50.0,M_111_Ames_FR1_WT16M.csv
22.0,M_111_Ames_FR1_WT16M.csv
948.0,M_111_Ames_FR1_WT16M.csv
32.0,M_111_Ames_FR1_WT16M.csv
23.0,M_111_Ames_FR1_WT16M.csv
23.0,M_111_Ames_FR1_WT16M.csv
64.0,M_111_Ames_FR1_WT16M.csv
5803.0,M_111_Ames_FR1_WT16M.csv
25.0,M_111_Ames_FR1_WT16M.csv
24.0,M_111_Ames_FR1_WT16M.csv
29.0,M_111_Ames_FR1_WT16M.csv
30.0,M_111_Ames_FR1_WT16M.csv
30.0,M_111_Ames_FR1_WT16M.csv
5170.0,M_111_Ames_FR1_WT16M.csv
3569.0,M_111_Ames_FR1_WT16M.csv
37.0,M_111_Ames_FR1_WT16M.csv
98.0,M_111_Ames_FR1_WT16M.csv
27.0,M_111_Ames_FR1_WT16M.csv
30.0,M_111_Ames_FR1_WT16M.csv
26.0,M_111_Ames_FR1_WT16M.csv
31.0,M_111_Ames_FR1_WT16M.csv
30.0,M_111_Ames_FR1_WT16M.csv
29.0,M_111_Ames_FR1_WT16M.csv
8318.0,M_111_Ames_FR1_WT16M.csv
45.0,M_111_Ames_FR1_WT16M.csv
62.0,M_111_Ames_FR1_WT16M.csv
36.0,M_111_Ames_FR1_WT16M.csv
52.0,M_111_Ames_FR1_WT16M.csv
28.0,M_111_Ames_FR1_WT16M.csv
254.0,M_111_Ames_FR1_WT16M.csv
9090.0,M_111_Ames_FR1_WT16M.csv
34.0,M_111_Ames_FR1_WT16M.csv
30.0,M_111_Ames_FR1_WT16M.csv
38.0,M_111_Ames_FR1_WT16M.csv
27.0,M_111_Ames_FR1_WT16M.csv
23.0,M_111_Ames_FR1_WT16M.csv
33.0,M_111_Ames_FR1_WT16M.csv
2490.0,M_111_Ames_FR1_WT16M.csv
29.0,M_111_Ames_FR1_WT16M.csv
20.0,M_111_Ames_FR1_WT16M.csv
22.0,M_111_Ames_FR1_WT16M.csv
29.0,M_111_Ames_FR1_WT16M.csv
26.0,M_111_Ames_FR1_WT16M.csv
28.0,M_111_Ames_FR1_WT16M.csv
24.0,M_111_Ames_FR1_WT16M.csv
25.0,M_111_Ames_FR1_WT16M.csv
109.0,M_110_Ames_FR1_WT14M.csv
4237.0,M_110_Ames_FR1_WT14M.csv
55.0,M_110_Ames_FR1_WT14M.csv
83.0,M_110_Ames_FR1_WT14M.csv
1257.0,M_110_Ames_FR1_WT14M.csv
94.0,M_110_Ames_FR1_WT14M.csv
98.0,M_110_Ames_FR1_WT14M.csv
65.0,M_110_Ames_FR1_WT14M.csv
91.0,M_110_Ames_FR1_WT14M.csv
66.0,M_110_Ames_FR1_WT14M.csv
231.0,M_110_Ames_FR1_WT14M.csv
444.0,M_110_Ames_FR1_WT14M.csv
37.0,M_110_Ames_FR1_WT14M.csv
33.0,M_110_Ames_FR1_WT14M.csv
30.0,M_110_Ames_FR1_WT14M.csv
55.0,M_110_Ames_FR1_WT14M.csv
445.0,M_110_Ames_FR1_WT14M.csv
68.0,M_110_Ames_FR1_WT14M.csv
56.0,M_110_Ames_FR1_WT14M.csv
550.0,M_110_Ames_FR1_WT14M.csv
55.0,M_110_Ames_FR1_WT14M.csv
33.0,M_110_Ames_FR1_WT14M.csv
27.0,M_110_Ames_FR1_WT14M.csv
49.0,M_110_Ames_FR1_WT14M.csv
42.0,M_110_Ames_FR1_WT14M.csv
1217.0,M_110_Ames_FR1_WT14M.csv
36.0,M_110_Ames_FR1_WT14M.csv
97.0,M_110_Ames_FR1_WT14M.csv
163.0,M_110_Ames_FR1_WT14M.csv
100.0,M_110_Ames_FR1_WT14M.csv
357.0,M_110_Ames_FR1_WT14M.csv
45.0,M_110_Ames_FR1_WT14M.csv
434.0,M_110_Ames_FR1_WT14M.csv
45.0,M_110_Ames_FR1_WT14M.csv
31.0,M_110_Ames_FR1_WT14M.csv
227.0,M_110_Ames_FR1_WT14M.csv
63.0,M_110_Ames_FR1_WT14M.csv
21.0,M_110_Ames_FR1_WT14M.csv
34.0,M_110_Ames_FR1_WT14M.csv
25.0,M_110_Ames_FR1_WT14M.csv
44.0,M_110_Ames_FR1_WT14M.csv
231.0,M_110_Ames_FR1_WT14M.csv
29.0,M_110_Ames_FR1_WT14M.csv
25.0,M_110_Ames_FR1_WT14M.csv
37.0,M_110_Ames_FR1_WT14M.csv
34.0,M_110_Ames_FR1_WT14M.csv
470.0,M_110_Ames_FR1_WT14M.csv
378.0,M_110_Ames_FR1_WT14M.csv
28.0,M_110_Ames_FR1_WT14M.csv
25.0,M_110_Ames_FR1_WT14M.csv
323.0,M_110_Ames_FR1_WT14M.csv
27.0,M_110_Ames_FR1_WT14M.csv
53.0,M_110_Ames_FR1_WT14M.csv
107.0,M_110_Ames_FR1_WT14M.csv
28.0,M_110_Ames_FR1_WT14M.csv
541.0,M_110_Ames_FR1_WT14M.csv
1933.0,M_110_Ames_FR1_WT14M.csv
705.0,M_110_Ames_FR1_WT14M.csv
33.0,M_110_Ames_FR1_WT14M.csv
46.0,M_110_Ames_FR1_WT14M.csv
36.0,M_110_Ames_FR1_WT14M.csv
31.0,M_110_Ames_FR1_WT14M.csv
27.0,M_110_Ames_FR1_WT14M.csv
45.0,M_110_Ames_FR1_WT14M.csv
1732.0,M_110_Ames_FR1_WT14M.csv
318.0,M_110_Ames_FR1_WT14M.csv
44.0,M_110_Ames_FR1_WT14M.csv
51.0,M_110_Ames_FR1_WT14M.csv
32.0,M_110_Ames_FR1_WT14M.csv
41.0,M_110_Ames_FR1_WT14M.csv
34.0,M_110_Ames_FR1_WT14M.csv
54.0,M_110_Ames_FR1_WT14M.csv
44.0,M_110_Ames_FR1_WT14M.csv
178.0,M_110_Ames_FR1_WT14M.csv
34.0,M_110_Ames_FR1_WT14M.csv
128.0,M_110_Ames_FR1_WT14M.csv
42.0,M_110_Ames_FR1_WT14M.csv
356.0,M_110_Ames_FR1_WT14M.csv
148.0,M_110_Ames_FR1_WT14M.csv
354.0,M_110_Ames_FR1_WT14M.csv
44.0,M_110_Ames_FR1_WT14M.csv
31.0,M_110_Ames_FR1_WT14M.csv
456.0,M_110_Ames_FR1_WT14M.csv
1579.0,M_110_Ames_FR1_WT14M.csv
42.0,M_110_Ames_FR1_WT14M.csv
36.0,M_110_Ames_FR1_WT14M.csv
48.0,M_110_Ames_FR1_WT14M.csv
19.0,M_110_Ames_FR1_WT14M.csv
38.0,M_110_Ames_FR1_WT14M.csv
3850.0,M_110_Ames_FR1_WT14M.csv
67.0,M_110_Ames_FR1_WT14M.csv
34.0,M_110_Ames_FR1_WT14M.csv
44.0,M_110_Ames_FR1_WT14M.csv
37.0,M_110_Ames_FR1_WT14M.csv
27.0,M_110_Ames_FR1_WT14M.csv
31.0,M_110_Ames_FR1_WT14M.csv
25.0,M_110_Ames_FR1_WT14M.csv
31.0,M_110_Ames_FR1_WT14M.csv
33.0,M_110_Ames_FR1_WT14M.csv
27.0,M_110_Ames_FR1_WT14M.csv
31.0,M_110_Ames_FR1_WT14M.csv
2797.0,M_110_Ames_FR1_WT14M.csv
1277.0,M_110_Ames_FR1_WT14M.csv
184.0,M_110_Ames_FR1_WT14M.csv
590.0,M_110_Ames_FR1_WT14M.csv
35.0,M_110_Ames_FR1_WT14M.csv
21.0,M_110_Ames_FR1_WT14M.csv
31.0,M_110_Ames_FR1_WT14M.csv
85.0,M_110_Ames_FR1_WT14M.csv
53.0,M_110_Ames_FR1_WT14M.csv
21.0,M_110_Ames_FR1_WT14M.csv
25.0,M_110_Ames_FR1_WT14M.csv
29.0,M_110_Ames_FR1_WT14M.csv
3539.0,M_110_Ames_FR1_WT14M.csv
730.0,M_110_Ames_FR1_WT14M.csv
497.0,M_110_Ames_FR1_WT14M.csv
30.0,M_110_Ames_FR1_WT14M.csv
1646.0,M_110_Ames_FR1_WT14M.csv
98.0,M_110_Ames_FR1_WT14M.csv
28.0,M_110_Ames_FR1_WT14M.csv
1305.0,M_110_Ames_FR1_WT14M.csv
171.0,M_110_Ames_FR1_WT14M.csv
29.0,M_110_Ames_FR1_WT14M.csv
1438.0,M_110_Ames_FR1_WT14M.csv
253.0,M_110_Ames_FR1_WT14M.csv
47.0,M_110_Ames_FR1_WT14M.csv
36.0,M_110_Ames_FR1_WT14M.csv
26.0,M_110_Ames_FR1_WT14M.csv
29.0,M_110_Ames_FR1_WT14M.csv
180.0,M_110_Ames_FR1_WT14M.csv
146.0,M_110_Ames_FR1_WT14M.csv
25.0,M_110_Ames_FR1_WT14M.csv
27.0,M_110_Ames_FR1_WT14M.csv
1058.0,M_110_Ames_FR1_WT14M.csv
29.0,M_110_Ames_FR1_WT14M.csv
27.0,M_110_Ames_FR1_WT14M.csv
30.0,M_110_Ames_FR1_WT14M.csv
25.0,M_110_Ames_FR1_WT14M.csv
34.0,M_110_Ames_FR1_WT14M.csv
25.0,M_110_Ames_FR1_WT14M.csv
2585.0,M_110_Ames_FR1_WT14M.csv
300.0,M_110_Ames_FR1_WT14M.csv
26.0,M_110_Ames_FR1_WT14M.csv
41.0,M_110_Ames_FR1_WT14M.csv
28.0,M_110_Ames_FR1_WT14M.csv
29.0,M_110_Ames_FR1_WT14M.csv
29.0,M_110_Ames_FR1_WT14M.csv
25.0,M_110_Ames_FR1_WT14M.csv
32.0,M_110_Ames_FR1_WT14M.csv
259.0,M_110_Ames_FR1_WT14M.csv
517.0,M_110_Ames_FR1_WT14M.csv
1086.0,M_110_Ames_FR1_WT14M.csv
896.0,M_110_Ames_FR1_WT14M.csv
32.0,M_110_Ames_FR1_WT14M.csv
21.0,M_110_Ames_FR1_WT14M.csv
242.0,M_110_Ames_FR1_WT14M.csv
3898.0,M_110_Ames_FR1_WT14M.csv
3388.0,M_110_Ames_FR1_WT14M.csv
5415.0,M_110_Ames_FR1_WT14M.csv
62.0,M_110_Ames_FR1_WT14M.csv
29.0,M_110_Ames_FR1_WT14M.csv
24.0,M_110_Ames_FR1_WT14M.csv
246.0,M_110_Ames_FR1_WT14M.csv
6155.0,M_110_Ames_FR1_WT14M.csv
25.0,M_110_Ames_FR1_WT14M.csv
23.0,M_110_Ames_FR1_WT14M.csv
25.0,M_110_Ames_FR1_WT14M.csv
31.0,M_110_Ames_FR1_WT14M.csv
27.0,M_110_Ames_FR1_WT14M.csv
30.0,M_110_Ames_FR1_WT14M.csv
29.0,M_110_Ames_FR1_WT14M.csv
22.0,M_110_Ames_FR1_WT14M.csv
206.0,M_110_Ames_FR1_WT14M.csv
30.0,M_110_Ames_FR1_WT14M.csv
6388.0,M_110_Ames_FR1_WT14M.csv
34.0,M_110_Ames_FR1_WT14M.csv
30.0,M_110_Ames_FR1_WT14M.csv
505.0,M_110_Ames_FR1_WT14M.csv
46.0,M_110_Ames_FR1_WT14M.csv
25.0,M_110_Ames_FR1_WT14M.csv
531.0,M_110_Ames_FR1_WT14M.csv
5042.0,M_110_Ames_FR1_WT14M.csv
26.0,M_110_Ames_FR1_WT14M.csv
25.0,M_110_Ames_FR1_WT14M.csv
28.0,M_110_Ames_FR1_WT14M.csv
24.0,M_110_Ames_FR1_WT14M.csv
23.0,M_110_Ames_FR1_WT14M.csv
29.0,M_110_Ames_FR1_WT14M.csv
39.0,M_110_Ames_FR1_WT14M.csv
31.0,M_110_Ames_FR1_WT14M.csv
685.0,M_112_Ames_FR1_WT7M.csv
5946.0,M_112_Ames_FR1_WT7M.csv
100.0,M_112_Ames_FR1_WT7M.csv
1346.0,M_112_Ames_FR1_WT7M.csv
561.0,M_112_Ames_FR1_WT7M.csv
56.0,M_112_Ames_FR1_WT7M.csv
26.0,M_112_Ames_FR1_WT7M.csv
24.0,M_112_Ames_FR1_WT7M.csv
45.0,M_112_Ames_FR1_WT7M.csv
47.0,M_112_Ames_FR1_WT7M.csv
161.0,M_112_Ames_FR1_WT7M.csv
33.0,M_112_Ames_FR1_WT7M.csv
15.0,M_112_Ames_FR1_WT7M.csv
33.0,M_112_Ames_FR1_WT7M.csv
30.0,M_112_Ames_FR1_WT7M.csv
21.0,M_112_Ames_FR1_WT7M.csv
25.0,M_112_Ames_FR1_WT7M.csv
32.0,M_112_Ames_FR1_WT7M.csv
1685.0,M_112_Ames_FR1_WT7M.csv
52.0,M_112_Ames_FR1_WT7M.csv
40.0,M_112_Ames_FR1_WT7M.csv
973.0,M_112_Ames_FR1_WT7M.csv
50.0,M_112_Ames_FR1_WT7M.csv
1217.0,M_112_Ames_FR1_WT7M.csv
213.0,M_112_Ames_FR1_WT7M.csv
42.0,M_112_Ames_FR1_WT7M.csv
41.0,M_112_Ames_FR1_WT7M.csv
52.0,M_112_Ames_FR1_WT7M.csv
38.0,M_112_Ames_FR1_WT7M.csv
25.0,M_112_Ames_FR1_WT7M.csv
784.0,M_112_Ames_FR1_WT7M.csv
21.0,M_112_Ames_FR1_WT7M.csv
28.0,M_112_Ames_FR1_WT7M.csv
972.0,M_112_Ames_FR1_WT7M.csv
39.0,M_112_Ames_FR1_WT7M.csv
25.0,M_112_Ames_FR1_WT7M.csv
18.0,M_112_Ames_FR1_WT7M.csv
27.0,M_112_Ames_FR1_WT7M.csv
31.0,M_112_Ames_FR1_WT7M.csv
17.0,M_112_Ames_FR1_WT7M.csv
30.0,M_112_Ames_FR1_WT7M.csv
32.0,M_112_Ames_FR1_WT7M.csv
427.0,M_112_Ames_FR1_WT7M.csv
47.0,M_112_Ames_FR1_WT7M.csv
35.0,M_112_Ames_FR1_WT7M.csv
1271.0,M_112_Ames_FR1_WT7M.csv
40.0,M_112_Ames_FR1_WT7M.csv
78.0,M_112_Ames_FR1_WT7M.csv
24.0,M_112_Ames_FR1_WT7M.csv
604.0,M_112_Ames_FR1_WT7M.csv
118.0,M_112_Ames_FR1_WT7M.csv
2339.0,M_112_Ames_FR1_WT7M.csv
24.0,M_112_Ames_FR1_WT7M.csv
21.0,M_112_Ames_FR1_WT7M.csv
25.0,M_112_Ames_FR1_WT7M.csv
27.0,M_112_Ames_FR1_WT7M.csv
28.0,M_112_Ames_FR1_WT7M.csv
25.0,M_112_Ames_FR1_WT7M.csv
26.0,M_112_Ames_FR1_WT7M.csv
25.0,M_112_Ames_FR1_WT7M.csv
31.0,M_112_Ames_FR1_WT7M.csv
1335.0,M_112_Ames_FR1_WT7M.csv
1992.0,M_112_Ames_FR1_WT7M.csv
703.0,M_112_Ames_FR1_WT7M.csv
22.0,M_112_Ames_FR1_WT7M.csv
21.0,M_112_Ames_FR1_WT7M.csv
21.0,M_112_Ames_FR1_WT7M.csv
20.0,M_112_Ames_FR1_WT7M.csv
19.0,M_112_Ames_FR1_WT7M.csv
25.0,M_112_Ames_FR1_WT7M.csv
25.0,M_112_Ames_FR1_WT7M.csv
800.0,M_112_Ames_FR1_WT7M.csv
120.0,M_112_Ames_FR1_WT7M.csv
1370.0,M_112_Ames_FR1_WT7M.csv
41.0,M_112_Ames_FR1_WT7M.csv
966.0,M_112_Ames_FR1_WT7M.csv
28.0,M_112_Ames_FR1_WT7M.csv
25.0,M_112_Ames_FR1_WT7M.csv
28.0,M_112_Ames_FR1_WT7M.csv
30.0,M_112_Ames_FR1_WT7M.csv
1046.0,M_112_Ames_FR1_WT7M.csv
1356.0,M_112_Ames_FR1_WT7M.csv
28.0,M_112_Ames_FR1_WT7M.csv
23.0,M_112_Ames_FR1_WT7M.csv
36.0,M_112_Ames_FR1_WT7M.csv
1422.0,M_112_Ames_FR1_WT7M.csv
385.0,M_112_Ames_FR1_WT7M.csv
35.0,M_112_Ames_FR1_WT7M.csv
26.0,M_112_Ames_FR1_WT7M.csv
788.0,M_112_Ames_FR1_WT7M.csv
2031.0,M_112_Ames_FR1_WT7M.csv
33.0,M_112_Ames_FR1_WT7M.csv
46.0,M_112_Ames_FR1_WT7M.csv
20.0,M_112_Ames_FR1_WT7M.csv
18.0,M_112_Ames_FR1_WT7M.csv
673.0,M_112_Ames_FR1_WT7M.csv
104.0,M_112_Ames_FR1_WT7M.csv
558.0,M_112_Ames_FR1_WT7M.csv
259.0,M_112_Ames_FR1_WT7M.csv
819.0,M_112_Ames_FR1_WT7M.csv
30.0,M_112_Ames_FR1_WT7M.csv
469.0,M_112_Ames_FR1_WT7M.csv
668.0,M_112_Ames_FR1_WT7M.csv
33.0,M_112_Ames_FR1_WT7M.csv
18.0,M_112_Ames_FR1_WT7M.csv
29.0,M_112_Ames_FR1_WT7M.csv
24.0,M_112_Ames_FR1_WT7M.csv
371.0,M_112_Ames_FR1_WT7M.csv
423.0,M_112_Ames_FR1_WT7M.csv
15.0,M_112_Ames_FR1_WT7M.csv
33.0,M_112_Ames_FR1_WT7M.csv
458.0,M_112_Ames_FR1_WT7M.csv
29.0,M_112_Ames_FR1_WT7M.csv
17.0,M_112_Ames_FR1_WT7M.csv
1272.0,M_112_Ames_FR1_WT7M.csv
20.0,M_112_Ames_FR1_WT7M.csv
24.0,M_112_Ames_FR1_WT7M.csv
426.0,M_112_Ames_FR1_WT7M.csv
37.0,M_112_Ames_FR1_WT7M.csv
42.0,M_112_Ames_FR1_WT7M.csv
2514.0,M_112_Ames_FR1_WT7M.csv
46.0,M_112_Ames_FR1_WT7M.csv
48.0,M_112_Ames_FR1_WT7M.csv
29.0,M_112_Ames_FR1_WT7M.csv
28.0,M_112_Ames_FR1_WT7M.csv
1813.0,M_112_Ames_FR1_WT7M.csv
35.0,M_112_Ames_FR1_WT7M.csv
37.0,M_112_Ames_FR1_WT7M.csv
33.0,M_112_Ames_FR1_WT7M.csv
29.0,M_112_Ames_FR1_WT7M.csv
40.0,M_112_Ames_FR1_WT7M.csv
39.0,M_112_Ames_FR1_WT7M.csv
25.0,M_112_Ames_FR1_WT7M.csv
715.0,M_112_Ames_FR1_WT7M.csv
44.0,M_112_Ames_FR1_WT7M.csv
29.0,M_112_Ames_FR1_WT7M.csv
546.0,M_112_Ames_FR1_WT7M.csv
504.0,M_112_Ames_FR1_WT7M.csv
5002.0,M_112_Ames_FR1_WT7M.csv
51.0,M_112_Ames_FR1_WT7M.csv
37.0,M_112_Ames_FR1_WT7M.csv
2429.0,M_112_Ames_FR1_WT7M.csv
36.0,M_112_Ames_FR1_WT7M.csv
35.0,M_112_Ames_FR1_WT7M.csv
5492.0,M_112_Ames_FR1_WT7M.csv
98.0,M_112_Ames_FR1_WT7M.csv
30.0,M_112_Ames_FR1_WT7M.csv
31.0,M_112_Ames_FR1_WT7M.csv
494.0,M_112_Ames_FR1_WT7M.csv
5544.0,M_112_Ames_FR1_WT7M.csv
51.0,M_112_Ames_FR1_WT7M.csv
59.0,M_112_Ames_FR1_WT7M.csv
3409.0,M_112_Ames_FR1_WT7M.csv
50.0,M_112_Ames_FR1_WT7M.csv
35.0,M_112_Ames_FR1_WT7M.csv
34.0,M_112_Ames_FR1_WT7M.csv
25.0,M_112_Ames_FR1_WT7M.csv
22.0,M_112_Ames_FR1_WT7M.csv
5279.0,M_112_Ames_FR1_WT7M.csv
60.0,M_112_Ames_FR1_WT7M.csv
40.0,M_112_Ames_FR1_WT7M.csv
682.0,M_112_Ames_FR1_WT7M.csv
34.0,M_112_Ames_FR1_WT7M.csv
4558.0,M_112_Ames_FR1_WT7M.csv
