Meal_Size,Filename
3,M_11_Andrews_Free_fed01302032200.csv
5,M_11_Andrews_Free_fed01302032200.csv
7,M_11_Andrews_Free_fed01302032200.csv
4,M_11_Andrews_Free_fed01302032200.csv
5,M_11_Andrews_Free_fed01302032200.csv
7,M_11_Andrews_Free_fed01302032200.csv
6,M_11_Andrews_Free_fed01302032200.csv
4,M_11_Andrews_Free_fed01302032200.csv
4,M_11_Andrews_Free_fed01302032200.csv
5,M_11_Andrews_Free_fed01302032200.csv
5,M_11_Andrews_Free_fed01302032200.csv
3,M_11_Andrews_Free_fed01302032200.csv
3,M_11_Andrews_Free_fed01302032200.csv
6,M_11_Andrews_Free_fed01302032200.csv
5,M_11_Andrews_Free_fed01302032200.csv
5,M_11_Andrews_Free_fed01302032200.csv
4,M_11_Andrews_Free_fed01302032200.csv
10,M_11_Andrews_Free_fed01302032200.csv
3,M_11_Andrews_Free_fed01302032200.csv
4,M_11_Andrews_Free_fed01302032200.csv
3,M_11_Andrews_Free_fed01302032200.csv
4,M_11_Andrews_Free_fed01302032200.csv
5,M_11_Andrews_Free_fed01302032200.csv
5,M_11_Andrews_Free_fed01302032200.csv
5,M_11_Andrews_Free_fed01302032200.csv
5,M_11_Andrews_Free_fed01302032200.csv
7,M_11_Andrews_Free_fed01302032200.csv
3,M_11_Andrews_Free_fed01302032200.csv
7,M_13_Andrews_Free_fed01502032200.csv
5,M_13_Andrews_Free_fed01502032200.csv
4,M_13_Andrews_Free_fed01502032200.csv
12,M_13_Andrews_Free_fed01502032200.csv
8,M_13_Andrews_Free_fed01502032200.csv
4,M_13_Andrews_Free_fed01502032200.csv
8,M_13_Andrews_Free_fed01502032200.csv
5,M_13_Andrews_Free_fed01502032200.csv
6,M_13_Andrews_Free_fed01502032200.csv
9,M_13_Andrews_Free_fed01502032200.csv
17,M_13_Andrews_Free_fed01502032200.csv
3,M_13_Andrews_Free_fed01502032200.csv
7,M_13_Andrews_Free_fed01502032200.csv
3,M_13_Andrews_Free_fed01502032200.csv
4,M_13_Andrews_Free_fed01502032200.csv
5,M_13_Andrews_Free_fed01502032200.csv
3,M_13_Andrews_Free_fed01502032200.csv
9,M_13_Andrews_Free_fed01502032200.csv
11,M_13_Andrews_Free_fed01502032200.csv
12,M_13_Andrews_Free_fed01502032200.csv
9,M_13_Andrews_Free_fed01502032200.csv
5,M_13_Andrews_Free_fed01502032200.csv
10,M_13_Andrews_Free_fed01502032200.csv
13,M_13_Andrews_Free_fed01502032200.csv
6,M_13_Andrews_Free_fed01502032200.csv
12,M_13_Andrews_Free_fed01502032200.csv
4,M_13_Andrews_Free_fed01502032200.csv
8,M_13_Andrews_Free_fed01502032200.csv
8,M_13_Andrews_Free_fed01502032200.csv
5,M_13_Andrews_Free_fed01502032200.csv
3,M_13_Andrews_Free_fed01502032200.csv
6,M_1_Andrews_Free_fed01902022210.csv
7,M_1_Andrews_Free_fed01902022210.csv
3,M_1_Andrews_Free_fed01902022210.csv
4,M_1_Andrews_Free_fed01902022210.csv
3,M_1_Andrews_Free_fed01902022210.csv
3,M_1_Andrews_Free_fed01902022210.csv
7,M_1_Andrews_Free_fed01902022210.csv
7,M_1_Andrews_Free_fed01902022210.csv
6,M_1_Andrews_Free_fed01902022210.csv
7,M_1_Andrews_Free_fed01902022210.csv
4,M_1_Andrews_Free_fed01902022210.csv
7,M_1_Andrews_Free_fed01902022210.csv
5,M_1_Andrews_Free_fed01902022210.csv
7,M_1_Andrews_Free_fed01902022210.csv
11,M_1_Andrews_Free_fed01902022210.csv
4,M_1_Andrews_Free_fed01902022210.csv
8,M_1_Andrews_Free_fed01902022210.csv
8,M_1_Andrews_Free_fed01902022210.csv
3,M_1_Andrews_Free_fed01902022210.csv
3,M_1_Andrews_Free_fed01902022210.csv
9,M_1_Andrews_Free_fed01902022210.csv
8,M_1_Andrews_Free_fed01902022210.csv
21,M_1_Andrews_Free_fed01902022210.csv
10,M_1_Andrews_Free_fed01902022210.csv
3,M_1_Andrews_Free_fed01902022210.csv
11,M_1_Andrews_Free_fed01902022210.csv
25,M_1_Andrews_Free_fed01902022210.csv
3,M_1_Andrews_Free_fed01902022210.csv
3,M_1_Andrews_Free_fed01902022210.csv
4,M_1_Andrews_Free_fed01902022210.csv
3,M_10_Andrews_Free_fed00902032200.csv
6,M_10_Andrews_Free_fed00902032200.csv
14,M_10_Andrews_Free_fed00902032200.csv
5,M_10_Andrews_Free_fed00902032200.csv
3,M_10_Andrews_Free_fed00902032200.csv
14,M_10_Andrews_Free_fed00902032200.csv
7,M_10_Andrews_Free_fed00902032200.csv
8,M_10_Andrews_Free_fed00902032200.csv
4,M_10_Andrews_Free_fed00902032200.csv
4,M_10_Andrews_Free_fed00902032200.csv
3,M_10_Andrews_Free_fed00902032200.csv
5,M_10_Andrews_Free_fed00902032200.csv
8,M_10_Andrews_Free_fed00902032200.csv
4,M_10_Andrews_Free_fed00902032200.csv
5,M_10_Andrews_Free_fed00902032200.csv
5,M_10_Andrews_Free_fed00902032200.csv
6,M_10_Andrews_Free_fed00902032200.csv
3,M_10_Andrews_Free_fed00902032200.csv
5,M_10_Andrews_Free_fed00902032200.csv
9,M_10_Andrews_Free_fed00902032200.csv
4,M_10_Andrews_Free_fed00902032200.csv
10,M_10_Andrews_Free_fed00902032200.csv
4,M_10_Andrews_Free_fed00902032200.csv
8,M_10_Andrews_Free_fed00902032200.csv
5,M_10_Andrews_Free_fed00902032200.csv
6,M_10_Andrews_Free_fed00902032200.csv
4,M_10_Andrews_Free_fed00902032200.csv
5,M_10_Andrews_Free_fed00902032200.csv
7,M_10_Andrews_Free_fed00902032200.csv
10,M_10_Andrews_Free_fed00902032200.csv
11,M_10_Andrews_Free_fed00902032200.csv
7,M_10_Andrews_Free_fed00902032200.csv
9,M_12_Andrews_Free_fed01402032200.csv
13,M_12_Andrews_Free_fed01402032200.csv
4,M_12_Andrews_Free_fed01402032200.csv
7,M_12_Andrews_Free_fed01402032200.csv
6,M_12_Andrews_Free_fed01402032200.csv
7,M_12_Andrews_Free_fed01402032200.csv
4,M_12_Andrews_Free_fed01402032200.csv
8,M_12_Andrews_Free_fed01402032200.csv
6,M_12_Andrews_Free_fed01402032200.csv
5,M_12_Andrews_Free_fed01402032200.csv
3,M_12_Andrews_Free_fed01402032200.csv
5,M_12_Andrews_Free_fed01402032200.csv
7,M_12_Andrews_Free_fed01402032200.csv
7,M_12_Andrews_Free_fed01402032200.csv
8,M_12_Andrews_Free_fed01402032200.csv
9,M_12_Andrews_Free_fed01402032200.csv
3,M_12_Andrews_Free_fed01402032200.csv
7,M_12_Andrews_Free_fed01402032200.csv
9,M_12_Andrews_Free_fed01402032200.csv
9,M_12_Andrews_Free_fed01402032200.csv
16,M_12_Andrews_Free_fed01402032200.csv
10,M_12_Andrews_Free_fed01402032200.csv
9,M_12_Andrews_Free_fed01402032200.csv
8,M_12_Andrews_Free_fed01402032200.csv
5,M_12_Andrews_Free_fed01402032200.csv
5,M_12_Andrews_Free_fed01402032200.csv
4,M_12_Andrews_Free_fed01402032200.csv
9,M_12_Andrews_Free_fed01402032200.csv
12,M_12_Andrews_Free_fed01402032200.csv
6,M_12_Andrews_Free_fed01402032200.csv
3,M_12_Andrews_Free_fed01402032200.csv
3,M_12_Andrews_Free_fed01402032200.csv
7,M_14_Andrews_Free_fed01802032200.csv
9,M_14_Andrews_Free_fed01802032200.csv
9,M_14_Andrews_Free_fed01802032200.csv
4,M_14_Andrews_Free_fed01802032200.csv
6,M_14_Andrews_Free_fed01802032200.csv
6,M_14_Andrews_Free_fed01802032200.csv
3,M_14_Andrews_Free_fed01802032200.csv
3,M_14_Andrews_Free_fed01802032200.csv
10,M_14_Andrews_Free_fed01802032200.csv
7,M_14_Andrews_Free_fed01802032200.csv
5,M_14_Andrews_Free_fed01802032200.csv
6,M_14_Andrews_Free_fed01802032200.csv
6,M_14_Andrews_Free_fed01802032200.csv
29,M_14_Andrews_Free_fed01802032200.csv
29,M_14_Andrews_Free_fed01802032200.csv
8,M_14_Andrews_Free_fed01802032200.csv
4,M_14_Andrews_Free_fed01802032200.csv
3,M_14_Andrews_Free_fed01802032200.csv
6,M_14_Andrews_Free_fed01802032200.csv
4,M_14_Andrews_Free_fed01802032200.csv
3,M_14_Andrews_Free_fed01802032200.csv
9,M_14_Andrews_Free_fed01802032200.csv
4,M_14_Andrews_Free_fed01802032200.csv
13,M_14_Andrews_Free_fed01802032200.csv
8,M_14_Andrews_Free_fed01802032200.csv
4,M_14_Andrews_Free_fed01802032200.csv
8,M_14_Andrews_Free_fed01802032200.csv
4,M_14_Andrews_Free_fed01802032200.csv
6,M_14_Andrews_Free_fed01802032200.csv
3,M_14_Andrews_Free_fed01802032200.csv
5,M_14_Andrews_Free_fed01802032200.csv
4,M_3_Andrews_Free_fed02702032200.csv
3,M_3_Andrews_Free_fed02702032200.csv
12,M_3_Andrews_Free_fed02702032200.csv
3,M_3_Andrews_Free_fed02702032200.csv
9,M_3_Andrews_Free_fed02702032200.csv
11,M_3_Andrews_Free_fed02702032200.csv
6,M_3_Andrews_Free_fed02702032200.csv
4,M_3_Andrews_Free_fed02702032200.csv
3,M_3_Andrews_Free_fed02702032200.csv
4,M_3_Andrews_Free_fed02702032200.csv
5,M_3_Andrews_Free_fed02702032200.csv
5,M_3_Andrews_Free_fed02702032200.csv
3,M_3_Andrews_Free_fed02702032200.csv
18,M_3_Andrews_Free_fed02702032200.csv
9,M_3_Andrews_Free_fed02702032200.csv
7,M_3_Andrews_Free_fed02702032200.csv
6,M_3_Andrews_Free_fed02702032200.csv
6,M_3_Andrews_Free_fed02702032200.csv
14,M_3_Andrews_Free_fed02702032200.csv
3,M_3_Andrews_Free_fed02702032200.csv
3,M_3_Andrews_Free_fed02702032200.csv
4,M_3_Andrews_Free_fed02702032200.csv
3,M_3_Andrews_Free_fed02702032200.csv
9,M_2_Andrews_Free_fed02402032200.csv
5,M_2_Andrews_Free_fed02402032200.csv
10,M_2_Andrews_Free_fed02402032200.csv
3,M_2_Andrews_Free_fed02402032200.csv
20,M_2_Andrews_Free_fed02402032200.csv
6,M_2_Andrews_Free_fed02402032200.csv
7,M_2_Andrews_Free_fed02402032200.csv
10,M_2_Andrews_Free_fed02402032200.csv
10,M_2_Andrews_Free_fed02402032200.csv
10,M_2_Andrews_Free_fed02402032200.csv
3,M_2_Andrews_Free_fed02402032200.csv
10,M_2_Andrews_Free_fed02402032200.csv
6,M_2_Andrews_Free_fed02402032200.csv
8,M_2_Andrews_Free_fed02402032200.csv
9,M_2_Andrews_Free_fed02402032200.csv
9,M_2_Andrews_Free_fed02402032200.csv
15,M_2_Andrews_Free_fed02402032200.csv
9,M_2_Andrews_Free_fed02402032200.csv
8,M_2_Andrews_Free_fed02402032200.csv
6,M_2_Andrews_Free_fed02402032200.csv
22,M_2_Andrews_Free_fed02402032200.csv
3,M_2_Andrews_Free_fed02402032200.csv
10,M_6_Andrews_Free_fed00402032200.csv
5,M_6_Andrews_Free_fed00402032200.csv
11,M_6_Andrews_Free_fed00402032200.csv
3,M_6_Andrews_Free_fed00402032200.csv
9,M_6_Andrews_Free_fed00402032200.csv
6,M_6_Andrews_Free_fed00402032200.csv
13,M_6_Andrews_Free_fed00402032200.csv
4,M_6_Andrews_Free_fed00402032200.csv
5,M_6_Andrews_Free_fed00402032200.csv
11,M_6_Andrews_Free_fed00402032200.csv
7,M_6_Andrews_Free_fed00402032200.csv
12,M_6_Andrews_Free_fed00402032200.csv
5,M_6_Andrews_Free_fed00402032200.csv
7,M_6_Andrews_Free_fed00402032200.csv
10,M_6_Andrews_Free_fed00402032200.csv
8,M_6_Andrews_Free_fed00402032200.csv
8,M_6_Andrews_Free_fed00402032200.csv
3,M_6_Andrews_Free_fed00402032200.csv
17,M_6_Andrews_Free_fed00402032200.csv
7,M_6_Andrews_Free_fed00402032200.csv
6,M_6_Andrews_Free_fed00402032200.csv
8,M_6_Andrews_Free_fed00402032200.csv
3,M_6_Andrews_Free_fed00402032200.csv
3,M_6_Andrews_Free_fed00402032200.csv
3,M_6_Andrews_Free_fed00402032200.csv
3,M_6_Andrews_Free_fed00402032200.csv
3,M_8_Andrews_Free_fed00602022201.csv
3,M_8_Andrews_Free_fed00602022201.csv
3,M_8_Andrews_Free_fed00602022201.csv
3,M_8_Andrews_Free_fed00602022201.csv
3,M_8_Andrews_Free_fed00602022201.csv
4,M_8_Andrews_Free_fed00602022201.csv
6,M_8_Andrews_Free_fed00602022201.csv
4,M_8_Andrews_Free_fed00602022201.csv
7,M_8_Andrews_Free_fed00602022201.csv
11,M_8_Andrews_Free_fed00602022201.csv
7,M_8_Andrews_Free_fed00602022201.csv
3,M_8_Andrews_Free_fed00602022201.csv
3,M_8_Andrews_Free_fed00602022201.csv
6,M_8_Andrews_Free_fed00602022201.csv
5,M_8_Andrews_Free_fed00602022201.csv
6,M_8_Andrews_Free_fed00602022201.csv
10,M_8_Andrews_Free_fed00602022201.csv
9,M_8_Andrews_Free_fed00602022201.csv
4,M_8_Andrews_Free_fed00602022201.csv
11,M_8_Andrews_Free_fed00602022201.csv
3,M_8_Andrews_Free_fed00602022201.csv
6,M_8_Andrews_Free_fed00602022201.csv
5,M_8_Andrews_Free_fed00602022201.csv
3,M_8_Andrews_Free_fed00602022201.csv
8,M_4_Andrews_Free_fed09902032200.csv
5,M_4_Andrews_Free_fed09902032200.csv
6,M_4_Andrews_Free_fed09902032200.csv
5,M_4_Andrews_Free_fed09902032200.csv
4,M_4_Andrews_Free_fed09902032200.csv
3,M_4_Andrews_Free_fed09902032200.csv
9,M_4_Andrews_Free_fed09902032200.csv
4,M_4_Andrews_Free_fed09902032200.csv
4,M_4_Andrews_Free_fed09902032200.csv
3,M_4_Andrews_Free_fed09902032200.csv
9,M_4_Andrews_Free_fed09902032200.csv
5,M_4_Andrews_Free_fed09902032200.csv
3,M_4_Andrews_Free_fed09902032200.csv
4,M_4_Andrews_Free_fed09902032200.csv
4,M_4_Andrews_Free_fed09902032200.csv
5,M_4_Andrews_Free_fed09902032200.csv
5,M_4_Andrews_Free_fed09902032200.csv
3,M_4_Andrews_Free_fed09902032200.csv
5,M_4_Andrews_Free_fed09902032200.csv
7,M_4_Andrews_Free_fed09902032200.csv
8,M_4_Andrews_Free_fed09902032200.csv
3,M_4_Andrews_Free_fed09902032200.csv
4,M_4_Andrews_Free_fed09902032200.csv
3,M_4_Andrews_Free_fed09902032200.csv
9,M_4_Andrews_Free_fed09902032200.csv
6,M_4_Andrews_Free_fed09902032200.csv
4,M_4_Andrews_Free_fed09902032200.csv
7,M_4_Andrews_Free_fed09902032200.csv
6,M_9_Andrews_Free_fed00802032200.csv
8,M_9_Andrews_Free_fed00802032200.csv
5,M_9_Andrews_Free_fed00802032200.csv
5,M_9_Andrews_Free_fed00802032200.csv
4,M_9_Andrews_Free_fed00802032200.csv
8,M_9_Andrews_Free_fed00802032200.csv
10,M_9_Andrews_Free_fed00802032200.csv
3,M_9_Andrews_Free_fed00802032200.csv
7,M_9_Andrews_Free_fed00802032200.csv
10,M_9_Andrews_Free_fed00802032200.csv
8,M_9_Andrews_Free_fed00802032200.csv
4,M_9_Andrews_Free_fed00802032200.csv
7,M_9_Andrews_Free_fed00802032200.csv
4,M_9_Andrews_Free_fed00802032200.csv
6,M_9_Andrews_Free_fed00802032200.csv
6,M_9_Andrews_Free_fed00802032200.csv
9,M_9_Andrews_Free_fed00802032200.csv
8,M_9_Andrews_Free_fed00802032200.csv
12,M_9_Andrews_Free_fed00802032200.csv
7,M_9_Andrews_Free_fed00802032200.csv
6,M_9_Andrews_Free_fed00802032200.csv
7,M_9_Andrews_Free_fed00802032200.csv
6,M_9_Andrews_Free_fed00802032200.csv
11,M_9_Andrews_Free_fed00802032200.csv
4,M_9_Andrews_Free_fed00802032200.csv
7,F_17_Creed_Free_FED00203242302.CSV
3,F_17_Creed_Free_FED00203242302.CSV
4,F_17_Creed_Free_FED00203242302.CSV
4,F_17_Creed_Free_FED00203242302.CSV
5,F_17_Creed_Free_FED00203242302.CSV
4,F_17_Creed_Free_FED00203242302.CSV
3,F_17_Creed_Free_FED00203242302.CSV
5,F_17_Creed_Free_FED00203242302.CSV
4,F_17_Creed_Free_FED00203242302.CSV
4,F_17_Creed_Free_FED00203242302.CSV
3,F_17_Creed_Free_FED00203242302.CSV
3,F_17_Creed_Free_FED00203242302.CSV
4,F_17_Creed_Free_FED00203242302.CSV
3,F_17_Creed_Free_FED00203242302.CSV
5,F_17_Creed_Free_FED00203242302.CSV
4,F_17_Creed_Free_FED00203242302.CSV
3,F_17_Creed_Free_FED00203242302.CSV
6,F_17_Creed_Free_FED00203242302.CSV
7,F_17_Creed_Free_FED00203242302.CSV
3,F_17_Creed_Free_FED00203242302.CSV
3,F_17_Creed_Free_FED00203242302.CSV
6,F_17_Creed_Free_FED00203242302.CSV
5,F_17_Creed_Free_FED00203242302.CSV
3,F_17_Creed_Free_FED00203242302.CSV
10,F_17_Creed_Free_FED00203242302.CSV
4,M_7_Andrews_Free_fed00502032200.csv
4,M_7_Andrews_Free_fed00502032200.csv
7,M_7_Andrews_Free_fed00502032200.csv
10,M_7_Andrews_Free_fed00502032200.csv
9,M_7_Andrews_Free_fed00502032200.csv
9,M_7_Andrews_Free_fed00502032200.csv
4,M_7_Andrews_Free_fed00502032200.csv
8,M_7_Andrews_Free_fed00502032200.csv
5,M_7_Andrews_Free_fed00502032200.csv
5,M_7_Andrews_Free_fed00502032200.csv
10,M_7_Andrews_Free_fed00502032200.csv
7,M_7_Andrews_Free_fed00502032200.csv
4,M_7_Andrews_Free_fed00502032200.csv
4,M_7_Andrews_Free_fed00502032200.csv
6,M_7_Andrews_Free_fed00502032200.csv
6,M_7_Andrews_Free_fed00502032200.csv
5,M_7_Andrews_Free_fed00502032200.csv
5,M_7_Andrews_Free_fed00502032200.csv
10,M_7_Andrews_Free_fed00502032200.csv
12,M_7_Andrews_Free_fed00502032200.csv
3,M_7_Andrews_Free_fed00502032200.csv
9,M_7_Andrews_Free_fed00502032200.csv
3,M_7_Andrews_Free_fed00502032200.csv
8,M_7_Andrews_Free_fed00502032200.csv
6,M_7_Andrews_Free_fed00502032200.csv
8,M_7_Andrews_Free_fed00502032200.csv
13,M_7_Andrews_Free_fed00502032200.csv
5,M_7_Andrews_Free_fed00502032200.csv
4,M_7_Andrews_Free_fed00502032200.csv
3,F_16_Creed_Free_FED00103242302.CSV
3,F_16_Creed_Free_FED00103242302.CSV
3,F_16_Creed_Free_FED00103242302.CSV
3,F_16_Creed_Free_FED00103242302.CSV
4,F_16_Creed_Free_FED00103242302.CSV
5,F_16_Creed_Free_FED00103242302.CSV
4,F_16_Creed_Free_FED00103242302.CSV
3,F_16_Creed_Free_FED00103242302.CSV
4,F_16_Creed_Free_FED00103242302.CSV
6,F_16_Creed_Free_FED00103242302.CSV
3,F_16_Creed_Free_FED00103242302.CSV
3,F_16_Creed_Free_FED00103242302.CSV
4,F_16_Creed_Free_FED00103242302.CSV
4,F_16_Creed_Free_FED00103242302.CSV
4,F_16_Creed_Free_FED00103242302.CSV
6,F_16_Creed_Free_FED00103242302.CSV
4,F_16_Creed_Free_FED00103242302.CSV
3,F_16_Creed_Free_FED00103242302.CSV
4,F_16_Creed_Free_FED00103242302.CSV
4,F_16_Creed_Free_FED00103242302.CSV
4,F_16_Creed_Free_FED00103242302.CSV
3,F_16_Creed_Free_FED00103242302.CSV
6,M_5_Andrews_Free_fed00202032200.csv
5,M_5_Andrews_Free_fed00202032200.csv
7,M_5_Andrews_Free_fed00202032200.csv
7,M_5_Andrews_Free_fed00202032200.csv
3,M_5_Andrews_Free_fed00202032200.csv
7,M_5_Andrews_Free_fed00202032200.csv
6,M_5_Andrews_Free_fed00202032200.csv
6,M_5_Andrews_Free_fed00202032200.csv
6,M_5_Andrews_Free_fed00202032200.csv
3,M_5_Andrews_Free_fed00202032200.csv
11,M_5_Andrews_Free_fed00202032200.csv
14,M_5_Andrews_Free_fed00202032200.csv
3,M_5_Andrews_Free_fed00202032200.csv
8,M_5_Andrews_Free_fed00202032200.csv
8,M_5_Andrews_Free_fed00202032200.csv
4,M_5_Andrews_Free_fed00202032200.csv
6,M_5_Andrews_Free_fed00202032200.csv
14,M_5_Andrews_Free_fed00202032200.csv
10,M_5_Andrews_Free_fed00202032200.csv
5,M_5_Andrews_Free_fed00202032200.csv
3,M_5_Andrews_Free_fed00202032200.csv
5,M_5_Andrews_Free_fed00202032200.csv
8,M_5_Andrews_Free_fed00202032200.csv
4,M_5_Andrews_Free_fed00202032200.csv
5,M_5_Andrews_Free_fed00202032200.csv
9,M_5_Andrews_Free_fed00202032200.csv
5,M_5_Andrews_Free_fed00202032200.csv
5,M_5_Andrews_Free_fed00202032200.csv
5,M_5_Andrews_Free_fed00202032200.csv
6,F_18_Creed_Free_FED00605282302.CSV
4,F_18_Creed_Free_FED00605282302.CSV
3,F_18_Creed_Free_FED00605282302.CSV
3,F_18_Creed_Free_FED00605282302.CSV
3,F_18_Creed_Free_FED00605282302.CSV
4,F_18_Creed_Free_FED00605282302.CSV
3,F_18_Creed_Free_FED00605282302.CSV
3,F_18_Creed_Free_FED00605282302.CSV
3,F_18_Creed_Free_FED00605282302.CSV
4,F_18_Creed_Free_FED00605282302.CSV
4,F_18_Creed_Free_FED00605282302.CSV
3,F_18_Creed_Free_FED00605282302.CSV
5,F_18_Creed_Free_FED00605282302.CSV
4,F_18_Creed_Free_FED00605282302.CSV
5,F_18_Creed_Free_FED00605282302.CSV
6,F_18_Creed_Free_FED00605282302.CSV
7,F_18_Creed_Free_FED00605282302.CSV
5,F_18_Creed_Free_FED00605282302.CSV
3,F_18_Creed_Free_FED00605282302.CSV
6,F_18_Creed_Free_FED00605282302.CSV
3,F_18_Creed_Free_FED00605282302.CSV
5,F_18_Creed_Free_FED00605282302.CSV
8,F_18_Creed_Free_FED00605282302.CSV
4,F_18_Creed_Free_FED00605282302.CSV
6,F_18_Creed_Free_FED00605282302.CSV
4,F_18_Creed_Free_FED00605282302.CSV
4,F_18_Creed_Free_FED00605282302.CSV
3,F_18_Creed_Free_FED00605282302.CSV
5,F_18_Creed_Free_FED00605282302.CSV
6,F_18_Creed_Free_FED00605282302.CSV
5,F_18_Creed_Free_FED00605282302.CSV
6,F_18_Creed_Free_FED00605282302.CSV
3,F_18_Creed_Free_FED00605282302.CSV
3,F_18_Creed_Free_FED00605282302.CSV
6,F_18_Creed_Free_FED00605282302.CSV
3,F_18_Creed_Free_FED00605282302.CSV
15,F_18_Creed_Free_FED00605282302.CSV
8,F_18_Creed_Free_FED00605282302.CSV
3,F_18_Creed_Free_FED00605282302.CSV
8,F_15_Creed_Free_FED00003242302.CSV
3,F_15_Creed_Free_FED00003242302.CSV
4,F_15_Creed_Free_FED00003242302.CSV
3,F_15_Creed_Free_FED00003242302.CSV
3,F_15_Creed_Free_FED00003242302.CSV
4,F_15_Creed_Free_FED00003242302.CSV
3,F_15_Creed_Free_FED00003242302.CSV
8,F_15_Creed_Free_FED00003242302.CSV
5,F_15_Creed_Free_FED00003242302.CSV
4,F_15_Creed_Free_FED00003242302.CSV
7,F_15_Creed_Free_FED00003242302.CSV
3,F_15_Creed_Free_FED00003242302.CSV
3,F_15_Creed_Free_FED00003242302.CSV
4,F_15_Creed_Free_FED00003242302.CSV
4,F_15_Creed_Free_FED00003242302.CSV
3,F_15_Creed_Free_FED00003242302.CSV
3,F_15_Creed_Free_FED00003242302.CSV
6,F_15_Creed_Free_FED00003242302.CSV
6,F_15_Creed_Free_FED00003242302.CSV
3,F_15_Creed_Free_FED00003242302.CSV
5,F_15_Creed_Free_FED00003242302.CSV
4,F_15_Creed_Free_FED00003242302.CSV
3,F_15_Creed_Free_FED00003242302.CSV
3,F_15_Creed_Free_FED00003242302.CSV
5,F_15_Creed_Free_FED00003242302.CSV
5,F_15_Creed_Free_FED00003242302.CSV
4,F_15_Creed_Free_FED00003242302.CSV
5,F_15_Creed_Free_FED00003242302.CSV
3,F_15_Creed_Free_FED00003242302.CSV
5,F_15_Creed_Free_FED00003242302.CSV
5,F_15_Creed_Free_FED00003242302.CSV
5,F_15_Creed_Free_FED00003242302.CSV
3,F_15_Creed_Free_FED00003242302.CSV
8,F_15_Creed_Free_FED00003242302.CSV
4,F_15_Creed_Free_FED00003242302.CSV
3,M_21_Creed_Free_FED003051923.CSV
15,M_21_Creed_Free_FED003051923.CSV
3,M_21_Creed_Free_FED003051923.CSV
5,M_21_Creed_Free_FED003051923.CSV
3,M_21_Creed_Free_FED003051923.CSV
4,M_21_Creed_Free_FED003051923.CSV
3,M_21_Creed_Free_FED003051923.CSV
7,M_21_Creed_Free_FED003051923.CSV
4,M_21_Creed_Free_FED003051923.CSV
6,M_21_Creed_Free_FED003051923.CSV
9,M_21_Creed_Free_FED003051923.CSV
3,M_21_Creed_Free_FED003051923.CSV
5,M_21_Creed_Free_FED003051923.CSV
12,M_21_Creed_Free_FED003051923.CSV
4,M_21_Creed_Free_FED003051923.CSV
5,M_21_Creed_Free_FED003051923.CSV
6,M_21_Creed_Free_FED003051923.CSV
16,M_21_Creed_Free_FED003051923.CSV
4,M_21_Creed_Free_FED003051923.CSV
7,M_21_Creed_Free_FED003051923.CSV
4,M_21_Creed_Free_FED003051923.CSV
3,M_21_Creed_Free_FED003051923.CSV
13,M_21_Creed_Free_FED003051923.CSV
6,M_21_Creed_Free_FED003051923.CSV
3,M_21_Creed_Free_FED003051923.CSV
6,M_21_Creed_Free_FED003051923.CSV
5,M_21_Creed_Free_FED003051923.CSV
5,M_21_Creed_Free_FED003051923.CSV
7,M_21_Creed_Free_FED003051923.CSV
4,M_21_Creed_Free_FED003051923.CSV
6,M_21_Creed_Free_FED003051923.CSV
6,M_21_Creed_Free_FED003051923.CSV
5,M_21_Creed_Free_FED003051923.CSV
4,M_19_Creed_Free_FED002051923.CSV
3,M_19_Creed_Free_FED002051923.CSV
4,M_19_Creed_Free_FED002051923.CSV
8,M_19_Creed_Free_FED002051923.CSV
4,M_19_Creed_Free_FED002051923.CSV
5,M_19_Creed_Free_FED002051923.CSV
6,M_19_Creed_Free_FED002051923.CSV
3,M_19_Creed_Free_FED002051923.CSV
5,M_19_Creed_Free_FED002051923.CSV
4,M_19_Creed_Free_FED002051923.CSV
6,M_19_Creed_Free_FED002051923.CSV
3,M_19_Creed_Free_FED002051923.CSV
3,M_19_Creed_Free_FED002051923.CSV
6,M_19_Creed_Free_FED002051923.CSV
5,M_19_Creed_Free_FED002051923.CSV
6,M_19_Creed_Free_FED002051923.CSV
3,M_19_Creed_Free_FED002051923.CSV
3,M_19_Creed_Free_FED002051923.CSV
5,M_19_Creed_Free_FED002051923.CSV
3,M_19_Creed_Free_FED002051923.CSV
3,M_19_Creed_Free_FED002051923.CSV
4,M_19_Creed_Free_FED002051923.CSV
3,M_19_Creed_Free_FED002051923.CSV
5,M_19_Creed_Free_FED002051923.CSV
5,M_19_Creed_Free_FED002051923.CSV
5,M_19_Creed_Free_FED002051923.CSV
7,M_19_Creed_Free_FED002051923.CSV
6,M_19_Creed_Free_FED002051923.CSV
6,M_19_Creed_Free_FED002051923.CSV
8,M_19_Creed_Free_FED002051923.CSV
5,M_19_Creed_Free_FED002051923.CSV
6,M_19_Creed_Free_FED002051923.CSV
4,M_19_Creed_Free_FED002051923.CSV
6,M_19_Creed_Free_FED002051923.CSV
5,M_19_Creed_Free_FED002051923.CSV
5,M_19_Creed_Free_FED002051923.CSV
3,M_20_Creed_Free_FED003030523.CSV
5,M_20_Creed_Free_FED003030523.CSV
8,M_20_Creed_Free_FED003030523.CSV
5,M_20_Creed_Free_FED003030523.CSV
4,M_20_Creed_Free_FED003030523.CSV
6,M_20_Creed_Free_FED003030523.CSV
9,M_20_Creed_Free_FED003030523.CSV
6,M_20_Creed_Free_FED003030523.CSV
7,M_20_Creed_Free_FED003030523.CSV
4,M_20_Creed_Free_FED003030523.CSV
5,M_20_Creed_Free_FED003030523.CSV
6,M_20_Creed_Free_FED003030523.CSV
4,M_20_Creed_Free_FED003030523.CSV
6,M_20_Creed_Free_FED003030523.CSV
3,M_20_Creed_Free_FED003030523.CSV
7,M_20_Creed_Free_FED003030523.CSV
7,M_20_Creed_Free_FED003030523.CSV
3,M_20_Creed_Free_FED003030523.CSV
8,M_20_Creed_Free_FED003030523.CSV
3,M_20_Creed_Free_FED003030523.CSV
5,M_20_Creed_Free_FED003030523.CSV
3,M_20_Creed_Free_FED003030523.CSV
3,M_20_Creed_Free_FED003030523.CSV
9,M_20_Creed_Free_FED003030523.CSV
4,M_20_Creed_Free_FED003030523.CSV
4,M_20_Creed_Free_FED003030523.CSV
5,M_20_Creed_Free_FED003030523.CSV
6,M_20_Creed_Free_FED003030523.CSV
9,M_20_Creed_Free_FED003030523.CSV
6,M_20_Creed_Free_FED003030523.CSV
5,M_20_Creed_Free_FED003030523.CSV
16,M_20_Creed_Free_FED003030523.CSV
3,M_20_Creed_Free_FED003030523.CSV
4,M_20_Creed_Free_FED003030523.CSV
5,M_20_Creed_Free_FED003030523.CSV
5,M_20_Creed_Free_FED003030523.CSV
8,M_20_Creed_Free_FED003030523.CSV
7,M_20_Creed_Free_FED003030523.CSV
6,M_20_Creed_Free_FED003030523.CSV
8,M_20_Creed_Free_FED003030523.CSV
15,M_22_Creed_Free_FED004030523.CSV
5,M_22_Creed_Free_FED004030523.CSV
3,M_22_Creed_Free_FED004030523.CSV
5,M_22_Creed_Free_FED004030523.CSV
7,M_22_Creed_Free_FED004030523.CSV
5,M_22_Creed_Free_FED004030523.CSV
6,M_22_Creed_Free_FED004030523.CSV
6,M_22_Creed_Free_FED004030523.CSV
5,M_22_Creed_Free_FED004030523.CSV
4,M_22_Creed_Free_FED004030523.CSV
3,M_22_Creed_Free_FED004030523.CSV
4,M_22_Creed_Free_FED004030523.CSV
5,M_22_Creed_Free_FED004030523.CSV
4,M_22_Creed_Free_FED004030523.CSV
4,M_22_Creed_Free_FED004030523.CSV
6,M_22_Creed_Free_FED004030523.CSV
6,M_22_Creed_Free_FED004030523.CSV
5,M_22_Creed_Free_FED004030523.CSV
4,M_22_Creed_Free_FED004030523.CSV
10,M_22_Creed_Free_FED004030523.CSV
5,M_22_Creed_Free_FED004030523.CSV
4,M_22_Creed_Free_FED004030523.CSV
4,M_22_Creed_Free_FED004030523.CSV
6,M_22_Creed_Free_FED004030523.CSV
3,M_22_Creed_Free_FED004030523.CSV
3,M_22_Creed_Free_FED004030523.CSV
4,M_22_Creed_Free_FED004030523.CSV
4,M_22_Creed_Free_FED004030523.CSV
3,M_22_Creed_Free_FED004030523.CSV
5,M_22_Creed_Free_FED004030523.CSV
3,M_22_Creed_Free_FED004030523.CSV
4,M_22_Creed_Free_FED004030523.CSV
3,M_22_Creed_Free_FED004030523.CSV
3,M_22_Creed_Free_FED004030523.CSV
11,M_22_Creed_Free_FED004030523.CSV
11,M_22_Creed_Free_FED004030523.CSV
4,M_22_Creed_Free_FED004030523.CSV
7,M_22_Creed_Free_FED004030523.CSV
4,M_22_Creed_Free_FED004030523.CSV
5,M_22_Creed_Free_FED004030523.CSV
3,M_22_Creed_Free_FED004030523.CSV
3,M_22_Creed_Free_FED004030523.CSV
7,F_24_Klappenbach_Free_FED139FF.CSV
3,F_24_Klappenbach_Free_FED139FF.CSV
4,F_24_Klappenbach_Free_FED139FF.CSV
9,F_24_Klappenbach_Free_FED139FF.CSV
5,F_24_Klappenbach_Free_FED139FF.CSV
5,F_24_Klappenbach_Free_FED139FF.CSV
5,F_24_Klappenbach_Free_FED139FF.CSV
7,F_24_Klappenbach_Free_FED139FF.CSV
6,F_24_Klappenbach_Free_FED139FF.CSV
3,F_24_Klappenbach_Free_FED139FF.CSV
8,F_24_Klappenbach_Free_FED139FF.CSV
7,F_24_Klappenbach_Free_FED139FF.CSV
13,F_24_Klappenbach_Free_FED139FF.CSV
6,F_24_Klappenbach_Free_FED139FF.CSV
6,F_24_Klappenbach_Free_FED139FF.CSV
10,F_24_Klappenbach_Free_FED139FF.CSV
4,F_24_Klappenbach_Free_FED139FF.CSV
3,F_24_Klappenbach_Free_FED139FF.CSV
8,F_24_Klappenbach_Free_FED139FF.CSV
10,F_24_Klappenbach_Free_FED139FF.CSV
8,F_24_Klappenbach_Free_FED139FF.CSV
7,F_24_Klappenbach_Free_FED139FF.CSV
7,F_24_Klappenbach_Free_FED139FF.CSV
6,F_24_Klappenbach_Free_FED139FF.CSV
11,F_24_Klappenbach_Free_FED139FF.CSV
6,F_24_Klappenbach_Free_FED139FF.CSV
4,F_24_Klappenbach_Free_FED139FF.CSV
7,F_24_Klappenbach_Free_FED139FF.CSV
8,F_24_Klappenbach_Free_FED139FF.CSV
12,F_24_Klappenbach_Free_FED139FF.CSV
3,F_24_Klappenbach_Free_FED139FF.CSV
5,F_24_Klappenbach_Free_FED139FF.CSV
6,F_24_Klappenbach_Free_FED139FF.CSV
9,F_24_Klappenbach_Free_FED139FF.CSV
12,M_23_Creed_Free_FED005030723.CSV
4,M_23_Creed_Free_FED005030723.CSV
6,M_23_Creed_Free_FED005030723.CSV
5,M_23_Creed_Free_FED005030723.CSV
8,M_23_Creed_Free_FED005030723.CSV
3,M_23_Creed_Free_FED005030723.CSV
19,M_23_Creed_Free_FED005030723.CSV
23,M_23_Creed_Free_FED005030723.CSV
21,M_23_Creed_Free_FED005030723.CSV
12,M_23_Creed_Free_FED005030723.CSV
12,M_23_Creed_Free_FED005030723.CSV
5,M_23_Creed_Free_FED005030723.CSV
13,M_23_Creed_Free_FED005030723.CSV
8,M_23_Creed_Free_FED005030723.CSV
18,M_23_Creed_Free_FED005030723.CSV
15,M_23_Creed_Free_FED005030723.CSV
17,M_23_Creed_Free_FED005030723.CSV
14,M_23_Creed_Free_FED005030723.CSV
11,M_23_Creed_Free_FED005030723.CSV
18,M_23_Creed_Free_FED005030723.CSV
4,F_25_Klappenbach_Free_FED140FF.CSV
3,F_25_Klappenbach_Free_FED140FF.CSV
4,F_25_Klappenbach_Free_FED140FF.CSV
3,F_25_Klappenbach_Free_FED140FF.CSV
4,F_25_Klappenbach_Free_FED140FF.CSV
3,F_25_Klappenbach_Free_FED140FF.CSV
7,F_25_Klappenbach_Free_FED140FF.CSV
6,F_25_Klappenbach_Free_FED140FF.CSV
7,F_25_Klappenbach_Free_FED140FF.CSV
6,F_25_Klappenbach_Free_FED140FF.CSV
4,F_25_Klappenbach_Free_FED140FF.CSV
3,F_25_Klappenbach_Free_FED140FF.CSV
4,F_25_Klappenbach_Free_FED140FF.CSV
9,F_25_Klappenbach_Free_FED140FF.CSV
7,F_25_Klappenbach_Free_FED140FF.CSV
8,F_25_Klappenbach_Free_FED140FF.CSV
4,F_25_Klappenbach_Free_FED140FF.CSV
7,F_25_Klappenbach_Free_FED140FF.CSV
4,F_25_Klappenbach_Free_FED140FF.CSV
7,F_25_Klappenbach_Free_FED140FF.CSV
7,F_25_Klappenbach_Free_FED140FF.CSV
4,F_25_Klappenbach_Free_FED140FF.CSV
4,F_25_Klappenbach_Free_FED140FF.CSV
3,F_25_Klappenbach_Free_FED140FF.CSV
4,F_25_Klappenbach_Free_FED140FF.CSV
8,F_25_Klappenbach_Free_FED140FF.CSV
3,F_25_Klappenbach_Free_FED140FF.CSV
6,F_25_Klappenbach_Free_FED140FF.CSV
5,F_25_Klappenbach_Free_FED140FF.CSV
6,F_25_Klappenbach_Free_FED140FF.CSV
4,F_25_Klappenbach_Free_FED140FF.CSV
5,F_25_Klappenbach_Free_FED140FF.CSV
4,F_25_Klappenbach_Free_FED140FF.CSV
3,F_25_Klappenbach_Free_FED140FF.CSV
5,F_25_Klappenbach_Free_FED140FF.CSV
6,F_27_Klappenbach_Free_FED146FF.CSV
3,F_27_Klappenbach_Free_FED146FF.CSV
7,F_27_Klappenbach_Free_FED146FF.CSV
3,F_27_Klappenbach_Free_FED146FF.CSV
10,F_27_Klappenbach_Free_FED146FF.CSV
5,F_27_Klappenbach_Free_FED146FF.CSV
7,F_27_Klappenbach_Free_FED146FF.CSV
9,F_27_Klappenbach_Free_FED146FF.CSV
7,F_27_Klappenbach_Free_FED146FF.CSV
3,F_27_Klappenbach_Free_FED146FF.CSV
3,F_27_Klappenbach_Free_FED146FF.CSV
8,F_27_Klappenbach_Free_FED146FF.CSV
3,F_27_Klappenbach_Free_FED146FF.CSV
4,F_27_Klappenbach_Free_FED146FF.CSV
4,F_27_Klappenbach_Free_FED146FF.CSV
6,F_27_Klappenbach_Free_FED146FF.CSV
3,F_27_Klappenbach_Free_FED146FF.CSV
8,F_27_Klappenbach_Free_FED146FF.CSV
6,F_27_Klappenbach_Free_FED146FF.CSV
4,F_27_Klappenbach_Free_FED146FF.CSV
5,F_27_Klappenbach_Free_FED146FF.CSV
6,F_27_Klappenbach_Free_FED146FF.CSV
3,F_27_Klappenbach_Free_FED146FF.CSV
7,F_27_Klappenbach_Free_FED146FF.CSV
3,F_27_Klappenbach_Free_FED146FF.CSV
4,F_27_Klappenbach_Free_FED146FF.CSV
6,F_27_Klappenbach_Free_FED146FF.CSV
5,F_27_Klappenbach_Free_FED146FF.CSV
5,F_27_Klappenbach_Free_FED146FF.CSV
4,F_27_Klappenbach_Free_FED146FF.CSV
3,F_27_Klappenbach_Free_FED146FF.CSV
3,F_27_Klappenbach_Free_FED146FF.CSV
6,F_27_Klappenbach_Free_FED146FF.CSV
6,F_27_Klappenbach_Free_FED146FF.CSV
4,F_26_Klappenbach_Free_FED141FF.CSV
3,F_26_Klappenbach_Free_FED141FF.CSV
3,F_26_Klappenbach_Free_FED141FF.CSV
4,F_26_Klappenbach_Free_FED141FF.CSV
3,F_26_Klappenbach_Free_FED141FF.CSV
5,F_26_Klappenbach_Free_FED141FF.CSV
3,F_26_Klappenbach_Free_FED141FF.CSV
4,F_26_Klappenbach_Free_FED141FF.CSV
4,F_26_Klappenbach_Free_FED141FF.CSV
3,F_26_Klappenbach_Free_FED141FF.CSV
3,F_26_Klappenbach_Free_FED141FF.CSV
3,F_26_Klappenbach_Free_FED141FF.CSV
4,F_26_Klappenbach_Free_FED141FF.CSV
3,F_26_Klappenbach_Free_FED141FF.CSV
3,F_26_Klappenbach_Free_FED141FF.CSV
4,F_26_Klappenbach_Free_FED141FF.CSV
4,F_26_Klappenbach_Free_FED141FF.CSV
5,F_26_Klappenbach_Free_FED141FF.CSV
3,F_26_Klappenbach_Free_FED141FF.CSV
3,F_26_Klappenbach_Free_FED141FF.CSV
5,F_26_Klappenbach_Free_FED141FF.CSV
5,F_26_Klappenbach_Free_FED141FF.CSV
3,F_26_Klappenbach_Free_FED141FF.CSV
7,F_26_Klappenbach_Free_FED141FF.CSV
4,F_26_Klappenbach_Free_FED141FF.CSV
5,F_26_Klappenbach_Free_FED141FF.CSV
4,F_26_Klappenbach_Free_FED141FF.CSV
3,F_26_Klappenbach_Free_FED141FF.CSV
3,F_26_Klappenbach_Free_FED141FF.CSV
3,F_26_Klappenbach_Free_FED141FF.CSV
5,F_26_Klappenbach_Free_FED141FF.CSV
8,F_26_Klappenbach_Free_FED141FF.CSV
3,F_26_Klappenbach_Free_FED141FF.CSV
3,F_28_Klappenbach_Free_FED147FF.CSV
3,F_28_Klappenbach_Free_FED147FF.CSV
3,F_28_Klappenbach_Free_FED147FF.CSV
3,F_28_Klappenbach_Free_FED147FF.CSV
4,F_28_Klappenbach_Free_FED147FF.CSV
3,F_28_Klappenbach_Free_FED147FF.CSV
4,F_28_Klappenbach_Free_FED147FF.CSV
4,F_28_Klappenbach_Free_FED147FF.CSV
6,F_28_Klappenbach_Free_FED147FF.CSV
3,F_28_Klappenbach_Free_FED147FF.CSV
3,F_28_Klappenbach_Free_FED147FF.CSV
3,F_28_Klappenbach_Free_FED147FF.CSV
4,F_28_Klappenbach_Free_FED147FF.CSV
4,F_28_Klappenbach_Free_FED147FF.CSV
5,F_28_Klappenbach_Free_FED147FF.CSV
3,F_28_Klappenbach_Free_FED147FF.CSV
4,F_28_Klappenbach_Free_FED147FF.CSV
5,F_28_Klappenbach_Free_FED147FF.CSV
6,F_28_Klappenbach_Free_FED147FF.CSV
4,F_28_Klappenbach_Free_FED147FF.CSV
7,F_28_Klappenbach_Free_FED147FF.CSV
7,F_28_Klappenbach_Free_FED147FF.CSV
6,F_28_Klappenbach_Free_FED147FF.CSV
4,F_28_Klappenbach_Free_FED147FF.CSV
3,F_28_Klappenbach_Free_FED147FF.CSV
4,F_28_Klappenbach_Free_FED147FF.CSV
3,F_28_Klappenbach_Free_FED147FF.CSV
4,F_28_Klappenbach_Free_FED147FF.CSV
5,F_28_Klappenbach_Free_FED147FF.CSV
4,F_28_Klappenbach_Free_FED147FF.CSV
4,F_28_Klappenbach_Free_FED147FF.CSV
3,F_28_Klappenbach_Free_FED147FF.CSV
5,F_28_Klappenbach_Free_FED147FF.CSV
6,F_28_Klappenbach_Free_FED147FF.CSV
3,F_28_Klappenbach_Free_FED147FF.CSV
4,F_28_Klappenbach_Free_FED147FF.CSV
3,F_28_Klappenbach_Free_FED147FF.CSV
5,F_28_Klappenbach_Free_FED147FF.CSV
3,F_28_Klappenbach_Free_FED147FF.CSV
3,F_28_Klappenbach_Free_FED147FF.CSV
3,M_31_Klappenbach_Free_FED129FF.CSV
3,M_31_Klappenbach_Free_FED129FF.CSV
4,M_31_Klappenbach_Free_FED129FF.CSV
3,M_31_Klappenbach_Free_FED129FF.CSV
4,M_31_Klappenbach_Free_FED129FF.CSV
3,M_31_Klappenbach_Free_FED129FF.CSV
6,M_31_Klappenbach_Free_FED129FF.CSV
5,M_31_Klappenbach_Free_FED129FF.CSV
6,M_31_Klappenbach_Free_FED129FF.CSV
3,M_31_Klappenbach_Free_FED129FF.CSV
4,M_31_Klappenbach_Free_FED129FF.CSV
4,M_31_Klappenbach_Free_FED129FF.CSV
8,M_31_Klappenbach_Free_FED129FF.CSV
5,M_31_Klappenbach_Free_FED129FF.CSV
3,M_31_Klappenbach_Free_FED129FF.CSV
3,M_31_Klappenbach_Free_FED129FF.CSV
7,M_31_Klappenbach_Free_FED129FF.CSV
5,M_31_Klappenbach_Free_FED129FF.CSV
3,M_31_Klappenbach_Free_FED129FF.CSV
4,M_31_Klappenbach_Free_FED129FF.CSV
5,M_31_Klappenbach_Free_FED129FF.CSV
4,M_31_Klappenbach_Free_FED129FF.CSV
4,M_31_Klappenbach_Free_FED129FF.CSV
6,M_31_Klappenbach_Free_FED129FF.CSV
3,M_31_Klappenbach_Free_FED129FF.CSV
5,M_31_Klappenbach_Free_FED129FF.CSV
6,M_31_Klappenbach_Free_FED129FF.CSV
6,M_31_Klappenbach_Free_FED129FF.CSV
6,M_31_Klappenbach_Free_FED129FF.CSV
7,M_31_Klappenbach_Free_FED129FF.CSV
8,M_31_Klappenbach_Free_FED129FF.CSV
5,M_31_Klappenbach_Free_FED129FF.CSV
4,M_31_Klappenbach_Free_FED129FF.CSV
4,M_31_Klappenbach_Free_FED129FF.CSV
4,M_31_Klappenbach_Free_FED129FF.CSV
6,M_31_Klappenbach_Free_FED129FF.CSV
3,M_31_Klappenbach_Free_FED129FF.CSV
5,M_31_Klappenbach_Free_FED129FF.CSV
3,F_30_Klappenbach_Free_FED152FF.CSV
5,F_30_Klappenbach_Free_FED152FF.CSV
3,F_30_Klappenbach_Free_FED152FF.CSV
3,F_30_Klappenbach_Free_FED152FF.CSV
7,F_30_Klappenbach_Free_FED152FF.CSV
7,F_30_Klappenbach_Free_FED152FF.CSV
5,F_30_Klappenbach_Free_FED152FF.CSV
3,F_30_Klappenbach_Free_FED152FF.CSV
6,F_30_Klappenbach_Free_FED152FF.CSV
4,F_30_Klappenbach_Free_FED152FF.CSV
4,F_30_Klappenbach_Free_FED152FF.CSV
8,F_30_Klappenbach_Free_FED152FF.CSV
4,F_30_Klappenbach_Free_FED152FF.CSV
3,F_30_Klappenbach_Free_FED152FF.CSV
6,F_30_Klappenbach_Free_FED152FF.CSV
7,F_30_Klappenbach_Free_FED152FF.CSV
4,F_30_Klappenbach_Free_FED152FF.CSV
3,F_30_Klappenbach_Free_FED152FF.CSV
5,F_30_Klappenbach_Free_FED152FF.CSV
5,F_30_Klappenbach_Free_FED152FF.CSV
3,F_30_Klappenbach_Free_FED152FF.CSV
4,F_30_Klappenbach_Free_FED152FF.CSV
6,F_30_Klappenbach_Free_FED152FF.CSV
7,F_30_Klappenbach_Free_FED152FF.CSV
4,F_30_Klappenbach_Free_FED152FF.CSV
4,F_30_Klappenbach_Free_FED152FF.CSV
3,F_30_Klappenbach_Free_FED152FF.CSV
9,F_30_Klappenbach_Free_FED152FF.CSV
5,F_30_Klappenbach_Free_FED152FF.CSV
8,F_30_Klappenbach_Free_FED152FF.CSV
8,F_30_Klappenbach_Free_FED152FF.CSV
8,F_30_Klappenbach_Free_FED152FF.CSV
4,F_30_Klappenbach_Free_FED152FF.CSV
7,F_30_Klappenbach_Free_FED152FF.CSV
8,F_30_Klappenbach_Free_FED152FF.CSV
8,F_30_Klappenbach_Free_FED152FF.CSV
6,F_30_Klappenbach_Free_FED152FF.CSV
4,M_32_Klappenbach_Free_FED136FF.CSV
4,M_32_Klappenbach_Free_FED136FF.CSV
6,M_32_Klappenbach_Free_FED136FF.CSV
10,M_32_Klappenbach_Free_FED136FF.CSV
3,M_32_Klappenbach_Free_FED136FF.CSV
10,M_32_Klappenbach_Free_FED136FF.CSV
6,M_32_Klappenbach_Free_FED136FF.CSV
9,M_32_Klappenbach_Free_FED136FF.CSV
4,M_32_Klappenbach_Free_FED136FF.CSV
3,M_32_Klappenbach_Free_FED136FF.CSV
8,M_32_Klappenbach_Free_FED136FF.CSV
10,M_32_Klappenbach_Free_FED136FF.CSV
6,M_32_Klappenbach_Free_FED136FF.CSV
7,M_32_Klappenbach_Free_FED136FF.CSV
12,M_32_Klappenbach_Free_FED136FF.CSV
8,M_32_Klappenbach_Free_FED136FF.CSV
12,M_32_Klappenbach_Free_FED136FF.CSV
3,M_32_Klappenbach_Free_FED136FF.CSV
7,M_32_Klappenbach_Free_FED136FF.CSV
3,M_32_Klappenbach_Free_FED136FF.CSV
3,M_32_Klappenbach_Free_FED136FF.CSV
6,M_32_Klappenbach_Free_FED136FF.CSV
5,M_32_Klappenbach_Free_FED136FF.CSV
3,M_32_Klappenbach_Free_FED136FF.CSV
9,M_32_Klappenbach_Free_FED136FF.CSV
5,M_32_Klappenbach_Free_FED136FF.CSV
7,M_32_Klappenbach_Free_FED136FF.CSV
5,M_32_Klappenbach_Free_FED136FF.CSV
3,M_32_Klappenbach_Free_FED136FF.CSV
8,M_32_Klappenbach_Free_FED136FF.CSV
3,M_32_Klappenbach_Free_FED136FF.CSV
5,M_32_Klappenbach_Free_FED136FF.CSV
8,M_32_Klappenbach_Free_FED136FF.CSV
8,M_32_Klappenbach_Free_FED136FF.CSV
13,M_32_Klappenbach_Free_FED136FF.CSV
3,M_32_Klappenbach_Free_FED136FF.CSV
7,F_29_Klappenbach_Free_FED150FF.CSV
6,F_29_Klappenbach_Free_FED150FF.CSV
5,F_29_Klappenbach_Free_FED150FF.CSV
3,F_29_Klappenbach_Free_FED150FF.CSV
4,F_29_Klappenbach_Free_FED150FF.CSV
3,F_29_Klappenbach_Free_FED150FF.CSV
6,F_29_Klappenbach_Free_FED150FF.CSV
3,F_29_Klappenbach_Free_FED150FF.CSV
5,F_29_Klappenbach_Free_FED150FF.CSV
3,F_29_Klappenbach_Free_FED150FF.CSV
5,F_29_Klappenbach_Free_FED150FF.CSV
3,F_29_Klappenbach_Free_FED150FF.CSV
3,F_29_Klappenbach_Free_FED150FF.CSV
4,F_29_Klappenbach_Free_FED150FF.CSV
3,F_29_Klappenbach_Free_FED150FF.CSV
6,F_29_Klappenbach_Free_FED150FF.CSV
4,F_29_Klappenbach_Free_FED150FF.CSV
5,F_29_Klappenbach_Free_FED150FF.CSV
3,F_29_Klappenbach_Free_FED150FF.CSV
4,F_29_Klappenbach_Free_FED150FF.CSV
3,F_29_Klappenbach_Free_FED150FF.CSV
3,F_29_Klappenbach_Free_FED150FF.CSV
5,F_29_Klappenbach_Free_FED150FF.CSV
4,F_29_Klappenbach_Free_FED150FF.CSV
5,F_29_Klappenbach_Free_FED150FF.CSV
8,F_29_Klappenbach_Free_FED150FF.CSV
3,F_29_Klappenbach_Free_FED150FF.CSV
5,F_29_Klappenbach_Free_FED150FF.CSV
4,F_29_Klappenbach_Free_FED150FF.CSV
4,F_29_Klappenbach_Free_FED150FF.CSV
6,F_29_Klappenbach_Free_FED150FF.CSV
8,F_29_Klappenbach_Free_FED150FF.CSV
7,F_29_Klappenbach_Free_FED150FF.CSV
3,F_29_Klappenbach_Free_FED150FF.CSV
6,F_29_Klappenbach_Free_FED150FF.CSV
4,F_29_Klappenbach_Free_FED150FF.CSV
5,F_29_Klappenbach_Free_FED150FF.CSV
3,M_33_Klappenbach_Free_FED137FF.CSV
3,M_33_Klappenbach_Free_FED137FF.CSV
3,M_33_Klappenbach_Free_FED137FF.CSV
8,M_33_Klappenbach_Free_FED137FF.CSV
3,M_33_Klappenbach_Free_FED137FF.CSV
10,M_33_Klappenbach_Free_FED137FF.CSV
4,M_33_Klappenbach_Free_FED137FF.CSV
4,M_33_Klappenbach_Free_FED137FF.CSV
13,M_33_Klappenbach_Free_FED137FF.CSV
7,M_33_Klappenbach_Free_FED137FF.CSV
11,M_33_Klappenbach_Free_FED137FF.CSV
3,M_33_Klappenbach_Free_FED137FF.CSV
12,M_33_Klappenbach_Free_FED137FF.CSV
9,M_33_Klappenbach_Free_FED137FF.CSV
9,M_33_Klappenbach_Free_FED137FF.CSV
15,M_33_Klappenbach_Free_FED137FF.CSV
10,M_33_Klappenbach_Free_FED137FF.CSV
10,M_33_Klappenbach_Free_FED137FF.CSV
6,M_33_Klappenbach_Free_FED137FF.CSV
8,M_33_Klappenbach_Free_FED137FF.CSV
3,M_33_Klappenbach_Free_FED137FF.CSV
4,M_33_Klappenbach_Free_FED137FF.CSV
8,M_33_Klappenbach_Free_FED137FF.CSV
5,M_33_Klappenbach_Free_FED137FF.CSV
10,M_33_Klappenbach_Free_FED137FF.CSV
4,M_33_Klappenbach_Free_FED137FF.CSV
5,M_33_Klappenbach_Free_FED137FF.CSV
7,M_33_Klappenbach_Free_FED137FF.CSV
8,M_33_Klappenbach_Free_FED137FF.CSV
4,M_33_Klappenbach_Free_FED137FF.CSV
8,M_33_Klappenbach_Free_FED137FF.CSV
9,M_33_Klappenbach_Free_FED137FF.CSV
5,M_33_Klappenbach_Free_FED137FF.CSV
3,M_33_Klappenbach_Free_FED137FF.CSV
5,M_33_Klappenbach_Free_FED137FF.CSV
3,M_34_Klappenbach_Free_FED138FF.CSV
4,M_34_Klappenbach_Free_FED138FF.CSV
5,M_34_Klappenbach_Free_FED138FF.CSV
6,M_34_Klappenbach_Free_FED138FF.CSV
3,M_34_Klappenbach_Free_FED138FF.CSV
3,M_34_Klappenbach_Free_FED138FF.CSV
3,M_34_Klappenbach_Free_FED138FF.CSV
11,M_34_Klappenbach_Free_FED138FF.CSV
8,M_34_Klappenbach_Free_FED138FF.CSV
4,M_34_Klappenbach_Free_FED138FF.CSV
7,M_34_Klappenbach_Free_FED138FF.CSV
8,M_34_Klappenbach_Free_FED138FF.CSV
4,M_34_Klappenbach_Free_FED138FF.CSV
4,M_34_Klappenbach_Free_FED138FF.CSV
6,M_34_Klappenbach_Free_FED138FF.CSV
5,M_34_Klappenbach_Free_FED138FF.CSV
7,M_34_Klappenbach_Free_FED138FF.CSV
7,M_34_Klappenbach_Free_FED138FF.CSV
6,M_34_Klappenbach_Free_FED138FF.CSV
8,M_34_Klappenbach_Free_FED138FF.CSV
6,M_34_Klappenbach_Free_FED138FF.CSV
4,M_34_Klappenbach_Free_FED138FF.CSV
4,M_34_Klappenbach_Free_FED138FF.CSV
7,M_34_Klappenbach_Free_FED138FF.CSV
6,M_34_Klappenbach_Free_FED138FF.CSV
3,M_34_Klappenbach_Free_FED138FF.CSV
6,M_34_Klappenbach_Free_FED138FF.CSV
3,M_34_Klappenbach_Free_FED138FF.CSV
3,M_34_Klappenbach_Free_FED138FF.CSV
4,M_34_Klappenbach_Free_FED138FF.CSV
5,M_34_Klappenbach_Free_FED138FF.CSV
5,M_34_Klappenbach_Free_FED138FF.CSV
6,M_35_Klappenbach_Free_FED156FF.CSV
4,M_35_Klappenbach_Free_FED156FF.CSV
11,M_35_Klappenbach_Free_FED156FF.CSV
3,M_35_Klappenbach_Free_FED156FF.CSV
5,M_35_Klappenbach_Free_FED156FF.CSV
3,M_35_Klappenbach_Free_FED156FF.CSV
10,M_35_Klappenbach_Free_FED156FF.CSV
5,M_35_Klappenbach_Free_FED156FF.CSV
6,M_35_Klappenbach_Free_FED156FF.CSV
4,M_35_Klappenbach_Free_FED156FF.CSV
6,M_35_Klappenbach_Free_FED156FF.CSV
6,M_35_Klappenbach_Free_FED156FF.CSV
4,M_35_Klappenbach_Free_FED156FF.CSV
8,M_35_Klappenbach_Free_FED156FF.CSV
4,M_35_Klappenbach_Free_FED156FF.CSV
3,M_35_Klappenbach_Free_FED156FF.CSV
3,M_35_Klappenbach_Free_FED156FF.CSV
3,M_35_Klappenbach_Free_FED156FF.CSV
6,M_35_Klappenbach_Free_FED156FF.CSV
5,M_35_Klappenbach_Free_FED156FF.CSV
9,M_35_Klappenbach_Free_FED156FF.CSV
8,M_35_Klappenbach_Free_FED156FF.CSV
3,M_35_Klappenbach_Free_FED156FF.CSV
8,M_35_Klappenbach_Free_FED156FF.CSV
12,M_35_Klappenbach_Free_FED156FF.CSV
9,M_35_Klappenbach_Free_FED156FF.CSV
3,M_35_Klappenbach_Free_FED156FF.CSV
7,M_35_Klappenbach_Free_FED156FF.CSV
7,M_35_Klappenbach_Free_FED156FF.CSV
7,M_35_Klappenbach_Free_FED156FF.CSV
4,M_35_Klappenbach_Free_FED156FF.CSV
8,M_35_Klappenbach_Free_FED156FF.CSV
4,M_35_Klappenbach_Free_FED156FF.CSV
11,M_35_Klappenbach_Free_FED156FF.CSV
3,M_35_Klappenbach_Free_FED156FF.CSV
11,M_35_Klappenbach_Free_FED156FF.CSV
3,M_36_Klappenbach_Free_FED157FF.CSV
5,M_36_Klappenbach_Free_FED157FF.CSV
3,M_36_Klappenbach_Free_FED157FF.CSV
5,M_36_Klappenbach_Free_FED157FF.CSV
4,M_36_Klappenbach_Free_FED157FF.CSV
3,M_36_Klappenbach_Free_FED157FF.CSV
4,M_36_Klappenbach_Free_FED157FF.CSV
4,M_36_Klappenbach_Free_FED157FF.CSV
6,M_36_Klappenbach_Free_FED157FF.CSV
8,M_36_Klappenbach_Free_FED157FF.CSV
7,M_36_Klappenbach_Free_FED157FF.CSV
8,M_36_Klappenbach_Free_FED157FF.CSV
8,M_36_Klappenbach_Free_FED157FF.CSV
9,M_36_Klappenbach_Free_FED157FF.CSV
4,M_36_Klappenbach_Free_FED157FF.CSV
5,M_36_Klappenbach_Free_FED157FF.CSV
5,M_36_Klappenbach_Free_FED157FF.CSV
7,M_36_Klappenbach_Free_FED157FF.CSV
10,M_36_Klappenbach_Free_FED157FF.CSV
6,M_36_Klappenbach_Free_FED157FF.CSV
8,M_36_Klappenbach_Free_FED157FF.CSV
6,M_36_Klappenbach_Free_FED157FF.CSV
4,M_36_Klappenbach_Free_FED157FF.CSV
5,M_36_Klappenbach_Free_FED157FF.CSV
4,M_36_Klappenbach_Free_FED157FF.CSV
5,M_36_Klappenbach_Free_FED157FF.CSV
6,M_36_Klappenbach_Free_FED157FF.CSV
5,M_36_Klappenbach_Free_FED157FF.CSV
9,M_36_Klappenbach_Free_FED157FF.CSV
12,M_36_Klappenbach_Free_FED157FF.CSV
10,M_36_Klappenbach_Free_FED157FF.CSV
4,M_36_Klappenbach_Free_FED157FF.CSV
6,M_36_Klappenbach_Free_FED157FF.CSV
4,M_36_Klappenbach_Free_FED157FF.CSV
4,M_36_Klappenbach_Free_FED157FF.CSV
3,M_36_Klappenbach_Free_FED157FF.CSV
4,M_36_Klappenbach_Free_FED157FF.CSV
4,M_36_Klappenbach_Free_FED157FF.CSV
5,M_36_Klappenbach_Free_FED157FF.CSV
5,M_36_Klappenbach_Free_FED157FF.CSV
6,M_36_Klappenbach_Free_FED157FF.CSV
3,M_36_Klappenbach_Free_FED157FF.CSV
8,M_36_Klappenbach_Free_FED157FF.CSV
4,M_37_Klappenbach_Free_FED158FF.CSV
9,M_37_Klappenbach_Free_FED158FF.CSV
7,M_37_Klappenbach_Free_FED158FF.CSV
6,M_37_Klappenbach_Free_FED158FF.CSV
3,M_37_Klappenbach_Free_FED158FF.CSV
3,M_37_Klappenbach_Free_FED158FF.CSV
3,M_37_Klappenbach_Free_FED158FF.CSV
3,M_37_Klappenbach_Free_FED158FF.CSV
12,M_37_Klappenbach_Free_FED158FF.CSV
5,M_37_Klappenbach_Free_FED158FF.CSV
5,M_37_Klappenbach_Free_FED158FF.CSV
3,M_37_Klappenbach_Free_FED158FF.CSV
6,M_37_Klappenbach_Free_FED158FF.CSV
3,M_37_Klappenbach_Free_FED158FF.CSV
6,M_37_Klappenbach_Free_FED158FF.CSV
3,M_37_Klappenbach_Free_FED158FF.CSV
8,M_37_Klappenbach_Free_FED158FF.CSV
6,M_37_Klappenbach_Free_FED158FF.CSV
4,M_37_Klappenbach_Free_FED158FF.CSV
6,M_37_Klappenbach_Free_FED158FF.CSV
3,M_37_Klappenbach_Free_FED158FF.CSV
5,M_37_Klappenbach_Free_FED158FF.CSV
7,M_37_Klappenbach_Free_FED158FF.CSV
9,M_37_Klappenbach_Free_FED158FF.CSV
9,M_37_Klappenbach_Free_FED158FF.CSV
4,M_37_Klappenbach_Free_FED158FF.CSV
7,M_37_Klappenbach_Free_FED158FF.CSV
6,M_37_Klappenbach_Free_FED158FF.CSV
4,M_37_Klappenbach_Free_FED158FF.CSV
5,M_37_Klappenbach_Free_FED158FF.CSV
3,M_37_Klappenbach_Free_FED158FF.CSV
5,M_37_Klappenbach_Free_FED158FF.CSV
4,M_37_Klappenbach_Free_FED158FF.CSV
5,M_37_Klappenbach_Free_FED158FF.CSV
4,M_37_Klappenbach_Free_FED158FF.CSV
5,M_37_Klappenbach_Free_FED158FF.CSV
5,M_37_Klappenbach_Free_FED158FF.CSV
3,M_37_Klappenbach_Free_FED158FF.CSV
13,M_37_Klappenbach_Free_FED158FF.CSV
7,M_37_Klappenbach_Free_FED158FF.CSV
6,M_37_Klappenbach_Free_FED158FF.CSV
3,M_37_Klappenbach_Free_FED158FF.CSV
3,M_38_Klappenbach_Free_FED159FF.CSV
4,M_38_Klappenbach_Free_FED159FF.CSV
3,M_38_Klappenbach_Free_FED159FF.CSV
6,M_38_Klappenbach_Free_FED159FF.CSV
3,M_38_Klappenbach_Free_FED159FF.CSV
5,M_38_Klappenbach_Free_FED159FF.CSV
6,M_38_Klappenbach_Free_FED159FF.CSV
6,M_38_Klappenbach_Free_FED159FF.CSV
7,M_38_Klappenbach_Free_FED159FF.CSV
5,M_38_Klappenbach_Free_FED159FF.CSV
15,M_38_Klappenbach_Free_FED159FF.CSV
7,M_38_Klappenbach_Free_FED159FF.CSV
4,M_38_Klappenbach_Free_FED159FF.CSV
9,M_38_Klappenbach_Free_FED159FF.CSV
4,M_38_Klappenbach_Free_FED159FF.CSV
4,M_38_Klappenbach_Free_FED159FF.CSV
6,M_38_Klappenbach_Free_FED159FF.CSV
4,M_38_Klappenbach_Free_FED159FF.CSV
4,M_38_Klappenbach_Free_FED159FF.CSV
4,M_38_Klappenbach_Free_FED159FF.CSV
9,M_38_Klappenbach_Free_FED159FF.CSV
8,M_38_Klappenbach_Free_FED159FF.CSV
4,M_38_Klappenbach_Free_FED159FF.CSV
6,M_38_Klappenbach_Free_FED159FF.CSV
4,M_38_Klappenbach_Free_FED159FF.CSV
10,M_38_Klappenbach_Free_FED159FF.CSV
3,M_38_Klappenbach_Free_FED159FF.CSV
8,M_38_Klappenbach_Free_FED159FF.CSV
3,M_38_Klappenbach_Free_FED159FF.CSV
3,M_38_Klappenbach_Free_FED159FF.CSV
8,M_38_Klappenbach_Free_FED159FF.CSV
4,M_38_Klappenbach_Free_FED159FF.CSV
4,M_38_Klappenbach_Free_FED159FF.CSV
3,M_38_Klappenbach_Free_FED159FF.CSV
4,M_38_Klappenbach_Free_FED159FF.CSV
6,M_38_Klappenbach_Free_FED159FF.CSV
5,M_38_Klappenbach_Free_FED159FF.CSV
4,M_38_Klappenbach_Free_FED159FF.CSV
4,M_38_Klappenbach_Free_FED159FF.CSV
7,M_41_Westbrook_Free_HAL25FF.CSV
4,M_41_Westbrook_Free_HAL25FF.CSV
3,M_41_Westbrook_Free_HAL25FF.CSV
8,M_41_Westbrook_Free_HAL25FF.CSV
7,M_41_Westbrook_Free_HAL25FF.CSV
10,M_41_Westbrook_Free_HAL25FF.CSV
6,M_41_Westbrook_Free_HAL25FF.CSV
4,M_41_Westbrook_Free_HAL25FF.CSV
7,M_41_Westbrook_Free_HAL25FF.CSV
7,M_41_Westbrook_Free_HAL25FF.CSV
9,M_41_Westbrook_Free_HAL25FF.CSV
3,M_41_Westbrook_Free_HAL25FF.CSV
11,M_41_Westbrook_Free_HAL25FF.CSV
4,M_41_Westbrook_Free_HAL25FF.CSV
8,M_41_Westbrook_Free_HAL25FF.CSV
8,M_41_Westbrook_Free_HAL25FF.CSV
3,M_41_Westbrook_Free_HAL25FF.CSV
3,M_41_Westbrook_Free_HAL25FF.CSV
3,M_41_Westbrook_Free_HAL25FF.CSV
3,M_41_Westbrook_Free_HAL25FF.CSV
3,M_41_Westbrook_Free_HAL25FF.CSV
5,M_41_Westbrook_Free_HAL25FF.CSV
6,M_41_Westbrook_Free_HAL25FF.CSV
5,M_41_Westbrook_Free_HAL25FF.CSV
4,M_41_Westbrook_Free_HAL25FF.CSV
8,M_41_Westbrook_Free_HAL25FF.CSV
3,M_41_Westbrook_Free_HAL25FF.CSV
12,M_41_Westbrook_Free_HAL25FF.CSV
5,M_41_Westbrook_Free_HAL25FF.CSV
4,M_41_Westbrook_Free_HAL25FF.CSV
5,M_41_Westbrook_Free_HAL25FF.CSV
8,M_41_Westbrook_Free_HAL25FF.CSV
3,M_41_Westbrook_Free_HAL25FF.CSV
9,M_41_Westbrook_Free_HAL25FF.CSV
4,M_39_Westbrook_Free_HAL17FF.csv
8,M_39_Westbrook_Free_HAL17FF.csv
4,M_39_Westbrook_Free_HAL17FF.csv
7,M_39_Westbrook_Free_HAL17FF.csv
9,M_39_Westbrook_Free_HAL17FF.csv
5,M_39_Westbrook_Free_HAL17FF.csv
3,M_39_Westbrook_Free_HAL17FF.csv
7,M_39_Westbrook_Free_HAL17FF.csv
8,M_39_Westbrook_Free_HAL17FF.csv
3,M_39_Westbrook_Free_HAL17FF.csv
7,M_39_Westbrook_Free_HAL17FF.csv
5,M_39_Westbrook_Free_HAL17FF.csv
3,M_39_Westbrook_Free_HAL17FF.csv
6,M_39_Westbrook_Free_HAL17FF.csv
10,M_39_Westbrook_Free_HAL17FF.csv
3,M_39_Westbrook_Free_HAL17FF.csv
4,M_39_Westbrook_Free_HAL17FF.csv
8,M_39_Westbrook_Free_HAL17FF.csv
4,M_39_Westbrook_Free_HAL17FF.csv
3,M_39_Westbrook_Free_HAL17FF.csv
5,M_39_Westbrook_Free_HAL17FF.csv
17,M_39_Westbrook_Free_HAL17FF.csv
11,M_39_Westbrook_Free_HAL17FF.csv
10,M_39_Westbrook_Free_HAL17FF.csv
3,M_39_Westbrook_Free_HAL17FF.csv
13,M_39_Westbrook_Free_HAL17FF.csv
12,M_39_Westbrook_Free_HAL17FF.csv
7,M_39_Westbrook_Free_HAL17FF.csv
5,M_39_Westbrook_Free_HAL17FF.csv
4,M_39_Westbrook_Free_HAL17FF.csv
5,M_39_Westbrook_Free_HAL17FF.csv
11,M_39_Westbrook_Free_HAL17FF.csv
5,M_39_Westbrook_Free_HAL17FF.csv
6,M_39_Westbrook_Free_HAL17FF.csv
6,M_39_Westbrook_Free_HAL17FF.csv
6,M_39_Westbrook_Free_HAL17FF.csv
8,M_39_Westbrook_Free_HAL17FF.csv
4,M_39_Westbrook_Free_HAL17FF.csv
9,M_39_Westbrook_Free_HAL17FF.csv
4,M_39_Westbrook_Free_HAL17FF.csv
3,M_39_Westbrook_Free_HAL17FF.csv
5,M_39_Westbrook_Free_HAL17FF.csv
15,M_39_Westbrook_Free_HAL17FF.csv
3,M_39_Westbrook_Free_HAL17FF.csv
4,M_39_Westbrook_Free_HAL17FF.csv
11,M_39_Westbrook_Free_HAL17FF.csv
10,M_39_Westbrook_Free_HAL17FF.csv
4,M_39_Westbrook_Free_HAL17FF.csv
4,M_40_Westbrook_Free_HAL24FF.CSV
3,M_40_Westbrook_Free_HAL24FF.CSV
5,M_40_Westbrook_Free_HAL24FF.CSV
3,M_40_Westbrook_Free_HAL24FF.CSV
5,M_40_Westbrook_Free_HAL24FF.CSV
4,M_40_Westbrook_Free_HAL24FF.CSV
5,M_40_Westbrook_Free_HAL24FF.CSV
5,M_40_Westbrook_Free_HAL24FF.CSV
5,M_40_Westbrook_Free_HAL24FF.CSV
3,M_40_Westbrook_Free_HAL24FF.CSV
6,M_40_Westbrook_Free_HAL24FF.CSV
11,M_40_Westbrook_Free_HAL24FF.CSV
3,M_40_Westbrook_Free_HAL24FF.CSV
6,M_40_Westbrook_Free_HAL24FF.CSV
7,M_40_Westbrook_Free_HAL24FF.CSV
3,M_40_Westbrook_Free_HAL24FF.CSV
7,M_40_Westbrook_Free_HAL24FF.CSV
6,M_40_Westbrook_Free_HAL24FF.CSV
5,M_40_Westbrook_Free_HAL24FF.CSV
7,M_40_Westbrook_Free_HAL24FF.CSV
3,M_40_Westbrook_Free_HAL24FF.CSV
8,M_40_Westbrook_Free_HAL24FF.CSV
4,M_40_Westbrook_Free_HAL24FF.CSV
7,M_40_Westbrook_Free_HAL24FF.CSV
8,M_40_Westbrook_Free_HAL24FF.CSV
6,M_40_Westbrook_Free_HAL24FF.CSV
6,M_40_Westbrook_Free_HAL24FF.CSV
4,M_40_Westbrook_Free_HAL24FF.CSV
3,M_40_Westbrook_Free_HAL24FF.CSV
4,M_40_Westbrook_Free_HAL24FF.CSV
6,M_40_Westbrook_Free_HAL24FF.CSV
4,M_40_Westbrook_Free_HAL24FF.CSV
5,M_40_Westbrook_Free_HAL24FF.CSV
4,M_42_Westbrook_Free_HAL31FF.CSV
3,M_42_Westbrook_Free_HAL31FF.CSV
6,M_42_Westbrook_Free_HAL31FF.CSV
7,M_42_Westbrook_Free_HAL31FF.CSV
4,M_42_Westbrook_Free_HAL31FF.CSV
5,M_42_Westbrook_Free_HAL31FF.CSV
9,M_42_Westbrook_Free_HAL31FF.CSV
9,M_42_Westbrook_Free_HAL31FF.CSV
4,M_42_Westbrook_Free_HAL31FF.CSV
7,M_42_Westbrook_Free_HAL31FF.CSV
7,M_42_Westbrook_Free_HAL31FF.CSV
14,M_42_Westbrook_Free_HAL31FF.CSV
3,M_42_Westbrook_Free_HAL31FF.CSV
7,M_42_Westbrook_Free_HAL31FF.CSV
5,M_42_Westbrook_Free_HAL31FF.CSV
3,M_42_Westbrook_Free_HAL31FF.CSV
7,M_42_Westbrook_Free_HAL31FF.CSV
3,M_42_Westbrook_Free_HAL31FF.CSV
4,M_42_Westbrook_Free_HAL31FF.CSV
9,M_42_Westbrook_Free_HAL31FF.CSV
6,M_42_Westbrook_Free_HAL31FF.CSV
6,M_42_Westbrook_Free_HAL31FF.CSV
3,M_42_Westbrook_Free_HAL31FF.CSV
7,M_42_Westbrook_Free_HAL31FF.CSV
5,M_42_Westbrook_Free_HAL31FF.CSV
4,M_42_Westbrook_Free_HAL31FF.CSV
8,M_42_Westbrook_Free_HAL31FF.CSV
7,M_42_Westbrook_Free_HAL31FF.CSV
12,M_42_Westbrook_Free_HAL31FF.CSV
9,M_42_Westbrook_Free_HAL31FF.CSV
18,M_42_Westbrook_Free_HAL31FF.CSV
7,M_42_Westbrook_Free_HAL31FF.CSV
3,M_43_Westbrook_Free_HAL32FF.CSV
8,M_43_Westbrook_Free_HAL32FF.CSV
4,M_43_Westbrook_Free_HAL32FF.CSV
3,M_43_Westbrook_Free_HAL32FF.CSV
4,M_43_Westbrook_Free_HAL32FF.CSV
3,M_43_Westbrook_Free_HAL32FF.CSV
4,M_43_Westbrook_Free_HAL32FF.CSV
3,M_43_Westbrook_Free_HAL32FF.CSV
4,M_43_Westbrook_Free_HAL32FF.CSV
4,M_43_Westbrook_Free_HAL32FF.CSV
4,M_43_Westbrook_Free_HAL32FF.CSV
3,M_43_Westbrook_Free_HAL32FF.CSV
4,M_43_Westbrook_Free_HAL32FF.CSV
5,M_43_Westbrook_Free_HAL32FF.CSV
4,M_43_Westbrook_Free_HAL32FF.CSV
4,M_43_Westbrook_Free_HAL32FF.CSV
3,M_43_Westbrook_Free_HAL32FF.CSV
3,M_43_Westbrook_Free_HAL32FF.CSV
3,M_43_Westbrook_Free_HAL32FF.CSV
5,M_43_Westbrook_Free_HAL32FF.CSV
5,M_43_Westbrook_Free_HAL32FF.CSV
5,M_43_Westbrook_Free_HAL32FF.CSV
3,M_43_Westbrook_Free_HAL32FF.CSV
5,M_43_Westbrook_Free_HAL32FF.CSV
3,M_43_Westbrook_Free_HAL32FF.CSV
4,M_43_Westbrook_Free_HAL32FF.CSV
8,M_43_Westbrook_Free_HAL32FF.CSV
5,M_43_Westbrook_Free_HAL32FF.CSV
4,M_43_Westbrook_Free_HAL32FF.CSV
6,M_43_Westbrook_Free_HAL32FF.CSV
3,M_43_Westbrook_Free_HAL32FF.CSV
7,M_43_Westbrook_Free_HAL32FF.CSV
3,M_43_Westbrook_Free_HAL32FF.CSV
4,M_43_Westbrook_Free_HAL32FF.CSV
4,M_43_Westbrook_Free_HAL32FF.CSV
3,M_43_Westbrook_Free_HAL32FF.CSV
4,M_43_Westbrook_Free_HAL32FF.CSV
3,M_43_Westbrook_Free_HAL32FF.CSV
4,M_43_Westbrook_Free_HAL32FF.CSV
3,M_43_Westbrook_Free_HAL32FF.CSV
7,M_43_Westbrook_Free_HAL32FF.CSV
6,M_43_Westbrook_Free_HAL32FF.CSV
3,M_43_Westbrook_Free_HAL32FF.CSV
5,M_44_Westbrook_Free_HAL33FF.CSV
5,M_44_Westbrook_Free_HAL33FF.CSV
3,M_44_Westbrook_Free_HAL33FF.CSV
3,M_44_Westbrook_Free_HAL33FF.CSV
3,M_44_Westbrook_Free_HAL33FF.CSV
3,M_44_Westbrook_Free_HAL33FF.CSV
4,M_44_Westbrook_Free_HAL33FF.CSV
4,M_44_Westbrook_Free_HAL33FF.CSV
4,M_44_Westbrook_Free_HAL33FF.CSV
5,M_44_Westbrook_Free_HAL33FF.CSV
4,M_44_Westbrook_Free_HAL33FF.CSV
3,M_44_Westbrook_Free_HAL33FF.CSV
4,M_44_Westbrook_Free_HAL33FF.CSV
8,M_44_Westbrook_Free_HAL33FF.CSV
6,M_44_Westbrook_Free_HAL33FF.CSV
6,M_44_Westbrook_Free_HAL33FF.CSV
7,M_44_Westbrook_Free_HAL33FF.CSV
8,M_44_Westbrook_Free_HAL33FF.CSV
4,M_44_Westbrook_Free_HAL33FF.CSV
6,M_44_Westbrook_Free_HAL33FF.CSV
3,M_44_Westbrook_Free_HAL33FF.CSV
3,M_44_Westbrook_Free_HAL33FF.CSV
4,M_44_Westbrook_Free_HAL33FF.CSV
4,M_44_Westbrook_Free_HAL33FF.CSV
4,M_44_Westbrook_Free_HAL33FF.CSV
5,M_44_Westbrook_Free_HAL33FF.CSV
4,M_44_Westbrook_Free_HAL33FF.CSV
3,M_44_Westbrook_Free_HAL33FF.CSV
3,M_44_Westbrook_Free_HAL33FF.CSV
3,M_44_Westbrook_Free_HAL33FF.CSV
7,M_44_Westbrook_Free_HAL33FF.CSV
5,M_44_Westbrook_Free_HAL33FF.CSV
3,M_44_Westbrook_Free_HAL33FF.CSV
4,M_44_Westbrook_Free_HAL33FF.CSV
6,M_44_Westbrook_Free_HAL33FF.CSV
3,M_44_Westbrook_Free_HAL33FF.CSV
4,M_45_Westbrook_Free_HAL35FF.CSV
5,M_45_Westbrook_Free_HAL35FF.CSV
4,M_45_Westbrook_Free_HAL35FF.CSV
11,M_45_Westbrook_Free_HAL35FF.CSV
3,M_45_Westbrook_Free_HAL35FF.CSV
5,M_45_Westbrook_Free_HAL35FF.CSV
3,M_45_Westbrook_Free_HAL35FF.CSV
4,M_45_Westbrook_Free_HAL35FF.CSV
3,M_45_Westbrook_Free_HAL35FF.CSV
3,M_45_Westbrook_Free_HAL35FF.CSV
3,M_45_Westbrook_Free_HAL35FF.CSV
5,M_45_Westbrook_Free_HAL35FF.CSV
3,M_45_Westbrook_Free_HAL35FF.CSV
4,M_45_Westbrook_Free_HAL35FF.CSV
5,M_45_Westbrook_Free_HAL35FF.CSV
3,M_45_Westbrook_Free_HAL35FF.CSV
11,M_45_Westbrook_Free_HAL35FF.CSV
6,M_45_Westbrook_Free_HAL35FF.CSV
5,M_45_Westbrook_Free_HAL35FF.CSV
7,M_45_Westbrook_Free_HAL35FF.CSV
3,M_45_Westbrook_Free_HAL35FF.CSV
6,M_45_Westbrook_Free_HAL35FF.CSV
7,M_45_Westbrook_Free_HAL35FF.CSV
7,M_45_Westbrook_Free_HAL35FF.CSV
3,M_45_Westbrook_Free_HAL35FF.CSV
3,M_45_Westbrook_Free_HAL35FF.CSV
3,M_46_Westbrook_Free_HAL41FF.CSV
7,M_46_Westbrook_Free_HAL41FF.CSV
3,M_46_Westbrook_Free_HAL41FF.CSV
5,M_46_Westbrook_Free_HAL41FF.CSV
3,M_46_Westbrook_Free_HAL41FF.CSV
3,M_46_Westbrook_Free_HAL41FF.CSV
4,M_46_Westbrook_Free_HAL41FF.CSV
6,M_46_Westbrook_Free_HAL41FF.CSV
6,M_46_Westbrook_Free_HAL41FF.CSV
3,M_46_Westbrook_Free_HAL41FF.CSV
8,M_46_Westbrook_Free_HAL41FF.CSV
3,M_46_Westbrook_Free_HAL41FF.CSV
6,M_46_Westbrook_Free_HAL41FF.CSV
5,M_46_Westbrook_Free_HAL41FF.CSV
3,M_46_Westbrook_Free_HAL41FF.CSV
3,M_46_Westbrook_Free_HAL41FF.CSV
4,M_46_Westbrook_Free_HAL41FF.CSV
6,M_46_Westbrook_Free_HAL41FF.CSV
4,M_46_Westbrook_Free_HAL41FF.CSV
4,M_46_Westbrook_Free_HAL41FF.CSV
3,M_46_Westbrook_Free_HAL41FF.CSV
4,M_46_Westbrook_Free_HAL41FF.CSV
8,M_46_Westbrook_Free_HAL41FF.CSV
9,M_46_Westbrook_Free_HAL41FF.CSV
5,M_46_Westbrook_Free_HAL41FF.CSV
11,M_46_Westbrook_Free_HAL41FF.CSV
5,M_46_Westbrook_Free_HAL41FF.CSV
11,M_46_Westbrook_Free_HAL41FF.CSV
3,M_46_Westbrook_Free_HAL41FF.CSV
7,M_46_Westbrook_Free_HAL41FF.CSV
6,M_46_Westbrook_Free_HAL41FF.CSV
3,M_46_Westbrook_Free_HAL41FF.CSV
5,M_46_Westbrook_Free_HAL41FF.CSV
9,M_46_Westbrook_Free_HAL41FF.CSV
3,M_46_Westbrook_Free_HAL41FF.CSV
5,M_46_Westbrook_Free_HAL41FF.CSV
6,M_46_Westbrook_Free_HAL41FF.CSV
5,M_46_Westbrook_Free_HAL41FF.CSV
6,M_46_Westbrook_Free_HAL41FF.CSV
8,M_46_Westbrook_Free_HAL41FF.CSV
6,M_46_Westbrook_Free_HAL41FF.CSV
6,M_46_Westbrook_Free_HAL41FF.CSV
5,M_46_Westbrook_Free_HAL41FF.CSV
3,M_48_Westbrook_Free_HAL5FF.CSV
4,M_48_Westbrook_Free_HAL5FF.CSV
7,M_48_Westbrook_Free_HAL5FF.CSV
4,M_48_Westbrook_Free_HAL5FF.CSV
4,M_48_Westbrook_Free_HAL5FF.CSV
4,M_48_Westbrook_Free_HAL5FF.CSV
4,M_48_Westbrook_Free_HAL5FF.CSV
4,M_48_Westbrook_Free_HAL5FF.CSV
3,M_48_Westbrook_Free_HAL5FF.CSV
5,M_48_Westbrook_Free_HAL5FF.CSV
3,M_48_Westbrook_Free_HAL5FF.CSV
5,M_48_Westbrook_Free_HAL5FF.CSV
4,M_48_Westbrook_Free_HAL5FF.CSV
8,M_48_Westbrook_Free_HAL5FF.CSV
4,M_48_Westbrook_Free_HAL5FF.CSV
3,M_48_Westbrook_Free_HAL5FF.CSV
3,M_48_Westbrook_Free_HAL5FF.CSV
3,M_48_Westbrook_Free_HAL5FF.CSV
3,M_48_Westbrook_Free_HAL5FF.CSV
5,M_48_Westbrook_Free_HAL5FF.CSV
3,M_48_Westbrook_Free_HAL5FF.CSV
7,M_48_Westbrook_Free_HAL5FF.CSV
3,M_48_Westbrook_Free_HAL5FF.CSV
4,M_48_Westbrook_Free_HAL5FF.CSV
4,M_48_Westbrook_Free_HAL5FF.CSV
10,M_48_Westbrook_Free_HAL5FF.CSV
4,M_48_Westbrook_Free_HAL5FF.CSV
10,M_48_Westbrook_Free_HAL5FF.CSV
3,M_48_Westbrook_Free_HAL5FF.CSV
6,M_48_Westbrook_Free_HAL5FF.CSV
4,M_48_Westbrook_Free_HAL5FF.CSV
6,M_48_Westbrook_Free_HAL5FF.CSV
6,M_48_Westbrook_Free_HAL5FF.CSV
4,M_48_Westbrook_Free_HAL5FF.CSV
4,M_48_Westbrook_Free_HAL5FF.CSV
9,M_48_Westbrook_Free_HAL5FF.CSV
4,M_48_Westbrook_Free_HAL5FF.CSV
5,M_48_Westbrook_Free_HAL5FF.CSV
4,M_48_Westbrook_Free_HAL5FF.CSV
3,M_48_Westbrook_Free_HAL5FF.CSV
3,M_48_Westbrook_Free_HAL5FF.CSV
5,M_48_Westbrook_Free_HAL5FF.CSV
3,M_48_Westbrook_Free_HAL5FF.CSV
3,M_48_Westbrook_Free_HAL5FF.CSV
3,M_48_Westbrook_Free_HAL5FF.CSV
6,M_48_Westbrook_Free_HAL5FF.CSV
4,M_48_Westbrook_Free_HAL5FF.CSV
3,M_48_Westbrook_Free_HAL5FF.CSV
4,M_48_Westbrook_Free_HAL5FF.CSV
3,M_48_Westbrook_Free_HAL5FF.CSV
3,M_48_Westbrook_Free_HAL5FF.CSV
7,M_48_Westbrook_Free_HAL5FF.CSV
3,M_47_Westbrook_Free_HAL4FF.CSV
5,M_47_Westbrook_Free_HAL4FF.CSV
5,M_47_Westbrook_Free_HAL4FF.CSV
5,M_47_Westbrook_Free_HAL4FF.CSV
4,M_47_Westbrook_Free_HAL4FF.CSV
6,M_47_Westbrook_Free_HAL4FF.CSV
4,M_47_Westbrook_Free_HAL4FF.CSV
6,M_47_Westbrook_Free_HAL4FF.CSV
6,M_47_Westbrook_Free_HAL4FF.CSV
3,M_47_Westbrook_Free_HAL4FF.CSV
5,M_47_Westbrook_Free_HAL4FF.CSV
3,M_47_Westbrook_Free_HAL4FF.CSV
7,M_47_Westbrook_Free_HAL4FF.CSV
5,M_47_Westbrook_Free_HAL4FF.CSV
9,M_47_Westbrook_Free_HAL4FF.CSV
3,M_47_Westbrook_Free_HAL4FF.CSV
12,M_47_Westbrook_Free_HAL4FF.CSV
6,M_47_Westbrook_Free_HAL4FF.CSV
4,M_47_Westbrook_Free_HAL4FF.CSV
5,M_47_Westbrook_Free_HAL4FF.CSV
5,M_47_Westbrook_Free_HAL4FF.CSV
4,M_47_Westbrook_Free_HAL4FF.CSV
3,M_47_Westbrook_Free_HAL4FF.CSV
7,M_47_Westbrook_Free_HAL4FF.CSV
6,M_47_Westbrook_Free_HAL4FF.CSV
3,M_47_Westbrook_Free_HAL4FF.CSV
3,M_47_Westbrook_Free_HAL4FF.CSV
3,M_47_Westbrook_Free_HAL4FF.CSV
4,M_47_Westbrook_Free_HAL4FF.CSV
8,M_47_Westbrook_Free_HAL4FF.CSV
5,M_47_Westbrook_Free_HAL4FF.CSV
3,M_47_Westbrook_Free_HAL4FF.CSV
4,M_47_Westbrook_Free_HAL4FF.CSV
4,M_47_Westbrook_Free_HAL4FF.CSV
4,M_47_Westbrook_Free_HAL4FF.CSV
3,M_47_Westbrook_Free_HAL4FF.CSV
3,M_47_Westbrook_Free_HAL4FF.CSV
6,M_47_Westbrook_Free_HAL4FF.CSV
4,M_47_Westbrook_Free_HAL4FF.CSV
3,M_47_Westbrook_Free_HAL4FF.CSV
3,M_47_Westbrook_Free_HAL4FF.CSV
10,F_50_Fobbs_Free_FED001032923.CSV
4,F_50_Fobbs_Free_FED001032923.CSV
3,F_50_Fobbs_Free_FED001032923.CSV
3,F_50_Fobbs_Free_FED001032923.CSV
3,F_50_Fobbs_Free_FED001032923.CSV
3,F_50_Fobbs_Free_FED001032923.CSV
3,F_50_Fobbs_Free_FED001032923.CSV
6,F_50_Fobbs_Free_FED001032923.CSV
3,F_50_Fobbs_Free_FED001032923.CSV
5,F_50_Fobbs_Free_FED001032923.CSV
3,F_50_Fobbs_Free_FED001032923.CSV
6,F_50_Fobbs_Free_FED001032923.CSV
4,F_50_Fobbs_Free_FED001032923.CSV
4,F_50_Fobbs_Free_FED001032923.CSV
7,F_50_Fobbs_Free_FED001032923.CSV
7,F_50_Fobbs_Free_FED001032923.CSV
7,F_50_Fobbs_Free_FED001032923.CSV
5,F_50_Fobbs_Free_FED001032923.CSV
7,F_50_Fobbs_Free_FED001032923.CSV
4,F_50_Fobbs_Free_FED001032923.CSV
7,F_50_Fobbs_Free_FED001032923.CSV
3,F_50_Fobbs_Free_FED001032923.CSV
4,F_50_Fobbs_Free_FED001032923.CSV
6,F_50_Fobbs_Free_FED001032923.CSV
7,F_50_Fobbs_Free_FED001032923.CSV
4,F_50_Fobbs_Free_FED001032923.CSV
7,F_50_Fobbs_Free_FED001032923.CSV
3,F_50_Fobbs_Free_FED001032923.CSV
7,F_50_Fobbs_Free_FED001032923.CSV
4,F_50_Fobbs_Free_FED001032923.CSV
7,F_50_Fobbs_Free_FED001032923.CSV
3,F_50_Fobbs_Free_FED001032923.CSV
3,F_50_Fobbs_Free_FED001032923.CSV
3,F_50_Fobbs_Free_FED001032923.CSV
6,F_50_Fobbs_Free_FED001032923.CSV
3,M_49_Westbrook_Free_HAL6FF.CSV
4,M_49_Westbrook_Free_HAL6FF.CSV
4,M_49_Westbrook_Free_HAL6FF.CSV
3,M_49_Westbrook_Free_HAL6FF.CSV
3,M_49_Westbrook_Free_HAL6FF.CSV
4,M_49_Westbrook_Free_HAL6FF.CSV
4,M_49_Westbrook_Free_HAL6FF.CSV
5,M_49_Westbrook_Free_HAL6FF.CSV
4,M_49_Westbrook_Free_HAL6FF.CSV
3,M_49_Westbrook_Free_HAL6FF.CSV
4,M_49_Westbrook_Free_HAL6FF.CSV
8,M_49_Westbrook_Free_HAL6FF.CSV
4,M_49_Westbrook_Free_HAL6FF.CSV
5,M_49_Westbrook_Free_HAL6FF.CSV
5,M_49_Westbrook_Free_HAL6FF.CSV
5,M_49_Westbrook_Free_HAL6FF.CSV
3,M_49_Westbrook_Free_HAL6FF.CSV
3,M_49_Westbrook_Free_HAL6FF.CSV
3,M_49_Westbrook_Free_HAL6FF.CSV
4,M_49_Westbrook_Free_HAL6FF.CSV
4,M_49_Westbrook_Free_HAL6FF.CSV
3,M_49_Westbrook_Free_HAL6FF.CSV
3,M_49_Westbrook_Free_HAL6FF.CSV
3,M_49_Westbrook_Free_HAL6FF.CSV
3,M_49_Westbrook_Free_HAL6FF.CSV
6,M_49_Westbrook_Free_HAL6FF.CSV
3,M_49_Westbrook_Free_HAL6FF.CSV
3,M_49_Westbrook_Free_HAL6FF.CSV
3,M_49_Westbrook_Free_HAL6FF.CSV
6,M_49_Westbrook_Free_HAL6FF.CSV
5,M_49_Westbrook_Free_HAL6FF.CSV
4,M_49_Westbrook_Free_HAL6FF.CSV
5,M_49_Westbrook_Free_HAL6FF.CSV
7,M_49_Westbrook_Free_HAL6FF.CSV
4,M_49_Westbrook_Free_HAL6FF.CSV
5,M_49_Westbrook_Free_HAL6FF.CSV
6,M_49_Westbrook_Free_HAL6FF.CSV
4,M_49_Westbrook_Free_HAL6FF.CSV
5,M_49_Westbrook_Free_HAL6FF.CSV
4,M_49_Westbrook_Free_HAL6FF.CSV
7,M_49_Westbrook_Free_HAL6FF.CSV
3,M_49_Westbrook_Free_HAL6FF.CSV
15,F_52_Fobbs_Free_FED00303292300.CSV
8,F_52_Fobbs_Free_FED00303292300.CSV
3,F_52_Fobbs_Free_FED00303292300.CSV
4,F_52_Fobbs_Free_FED00303292300.CSV
3,F_52_Fobbs_Free_FED00303292300.CSV
7,F_52_Fobbs_Free_FED00303292300.CSV
4,F_52_Fobbs_Free_FED00303292300.CSV
6,F_52_Fobbs_Free_FED00303292300.CSV
10,F_52_Fobbs_Free_FED00303292300.CSV
7,F_52_Fobbs_Free_FED00303292300.CSV
4,F_52_Fobbs_Free_FED00303292300.CSV
5,F_52_Fobbs_Free_FED00303292300.CSV
6,F_52_Fobbs_Free_FED00303292300.CSV
6,F_52_Fobbs_Free_FED00303292300.CSV
7,F_52_Fobbs_Free_FED00303292300.CSV
9,F_52_Fobbs_Free_FED00303292300.CSV
3,F_52_Fobbs_Free_FED00303292300.CSV
5,F_52_Fobbs_Free_FED00303292300.CSV
4,F_52_Fobbs_Free_FED00303292300.CSV
6,F_52_Fobbs_Free_FED00303292300.CSV
6,F_52_Fobbs_Free_FED00303292300.CSV
7,F_52_Fobbs_Free_FED00303292300.CSV
6,F_52_Fobbs_Free_FED00303292300.CSV
11,F_52_Fobbs_Free_FED00303292300.CSV
4,F_52_Fobbs_Free_FED00303292300.CSV
4,F_52_Fobbs_Free_FED00303292300.CSV
9,F_52_Fobbs_Free_FED00303292300.CSV
9,F_52_Fobbs_Free_FED00303292300.CSV
5,F_52_Fobbs_Free_FED00303292300.CSV
8,F_52_Fobbs_Free_FED00303292300.CSV
10,F_52_Fobbs_Free_FED00303292300.CSV
6,F_52_Fobbs_Free_FED00303292300.CSV
4,F_52_Fobbs_Free_FED00303292300.CSV
13,F_51_Fobbs_Free_FED00203292301.CSV
6,F_51_Fobbs_Free_FED00203292301.CSV
5,F_51_Fobbs_Free_FED00203292301.CSV
3,F_51_Fobbs_Free_FED00203292301.CSV
4,F_51_Fobbs_Free_FED00203292301.CSV
3,F_51_Fobbs_Free_FED00203292301.CSV
3,F_51_Fobbs_Free_FED00203292301.CSV
3,F_51_Fobbs_Free_FED00203292301.CSV
11,F_51_Fobbs_Free_FED00203292301.CSV
8,F_51_Fobbs_Free_FED00203292301.CSV
4,F_51_Fobbs_Free_FED00203292301.CSV
6,F_51_Fobbs_Free_FED00203292301.CSV
5,F_51_Fobbs_Free_FED00203292301.CSV
8,F_51_Fobbs_Free_FED00203292301.CSV
3,F_51_Fobbs_Free_FED00203292301.CSV
6,F_51_Fobbs_Free_FED00203292301.CSV
7,F_51_Fobbs_Free_FED00203292301.CSV
8,F_51_Fobbs_Free_FED00203292301.CSV
5,F_51_Fobbs_Free_FED00203292301.CSV
5,F_51_Fobbs_Free_FED00203292301.CSV
4,F_51_Fobbs_Free_FED00203292301.CSV
4,F_51_Fobbs_Free_FED00203292301.CSV
7,F_51_Fobbs_Free_FED00203292301.CSV
7,F_51_Fobbs_Free_FED00203292301.CSV
4,F_51_Fobbs_Free_FED00203292301.CSV
6,F_51_Fobbs_Free_FED00203292301.CSV
7,F_51_Fobbs_Free_FED00203292301.CSV
9,F_51_Fobbs_Free_FED00203292301.CSV
3,F_51_Fobbs_Free_FED00203292301.CSV
7,F_51_Fobbs_Free_FED00203292301.CSV
4,F_51_Fobbs_Free_FED00203292301.CSV
5,F_51_Fobbs_Free_FED00203292301.CSV
7,F_51_Fobbs_Free_FED00203292301.CSV
4,F_51_Fobbs_Free_FED00203292301.CSV
3,F_51_Fobbs_Free_FED00203292301.CSV
4,F_51_Fobbs_Free_FED00203292301.CSV
3,F_53_Fobbs_Free_FED01103292302.CSV
5,F_53_Fobbs_Free_FED01103292302.CSV
3,F_53_Fobbs_Free_FED01103292302.CSV
6,F_53_Fobbs_Free_FED01103292302.CSV
3,F_53_Fobbs_Free_FED01103292302.CSV
3,F_53_Fobbs_Free_FED01103292302.CSV
3,F_53_Fobbs_Free_FED01103292302.CSV
6,F_53_Fobbs_Free_FED01103292302.CSV
3,F_53_Fobbs_Free_FED01103292302.CSV
12,F_53_Fobbs_Free_FED01103292302.CSV
6,F_53_Fobbs_Free_FED01103292302.CSV
7,F_53_Fobbs_Free_FED01103292302.CSV
4,F_53_Fobbs_Free_FED01103292302.CSV
22,F_53_Fobbs_Free_FED01103292302.CSV
3,F_53_Fobbs_Free_FED01103292302.CSV
5,F_53_Fobbs_Free_FED01103292302.CSV
12,F_53_Fobbs_Free_FED01103292302.CSV
5,F_53_Fobbs_Free_FED01103292302.CSV
4,F_53_Fobbs_Free_FED01103292302.CSV
6,F_53_Fobbs_Free_FED01103292302.CSV
17,F_53_Fobbs_Free_FED01103292302.CSV
5,F_53_Fobbs_Free_FED01103292302.CSV
9,F_53_Fobbs_Free_FED01103292302.CSV
6,F_53_Fobbs_Free_FED01103292302.CSV
13,F_53_Fobbs_Free_FED01103292302.CSV
14,F_53_Fobbs_Free_FED01103292302.CSV
4,F_53_Fobbs_Free_FED01103292302.CSV
5,F_53_Fobbs_Free_FED01103292302.CSV
12,F_53_Fobbs_Free_FED01103292302.CSV
3,F_53_Fobbs_Free_FED01103292302.CSV
7,F_53_Fobbs_Free_FED01103292302.CSV
6,F_53_Fobbs_Free_FED01103292302.CSV
3,F_53_Fobbs_Free_FED01103292302.CSV
8,F_53_Fobbs_Free_FED01103292302.CSV
9,F_53_Fobbs_Free_FED01103292302.CSV
3,F_53_Fobbs_Free_FED01103292302.CSV
14,F_53_Fobbs_Free_FED01103292302.CSV
7,F_53_Fobbs_Free_FED01103292302.CSV
13,F_53_Fobbs_Free_FED01103292302.CSV
10,F_53_Fobbs_Free_FED01103292302.CSV
3,F_53_Fobbs_Free_FED01103292302.CSV
3,F_53_Fobbs_Free_FED01103292302.CSV
9,F_53_Fobbs_Free_FED01103292302.CSV
4,F_54_Fobbs_Free_FED012concat.csv
3,F_54_Fobbs_Free_FED012concat.csv
5,F_54_Fobbs_Free_FED012concat.csv
3,F_54_Fobbs_Free_FED012concat.csv
3,F_54_Fobbs_Free_FED012concat.csv
4,F_54_Fobbs_Free_FED012concat.csv
5,F_54_Fobbs_Free_FED012concat.csv
4,F_54_Fobbs_Free_FED012concat.csv
3,F_54_Fobbs_Free_FED012concat.csv
7,F_54_Fobbs_Free_FED012concat.csv
5,F_54_Fobbs_Free_FED012concat.csv
7,F_54_Fobbs_Free_FED012concat.csv
10,F_54_Fobbs_Free_FED012concat.csv
8,F_54_Fobbs_Free_FED012concat.csv
4,F_54_Fobbs_Free_FED012concat.csv
11,F_54_Fobbs_Free_FED012concat.csv
3,F_54_Fobbs_Free_FED012concat.csv
3,F_54_Fobbs_Free_FED012concat.csv
10,F_54_Fobbs_Free_FED012concat.csv
10,F_54_Fobbs_Free_FED012concat.csv
6,F_54_Fobbs_Free_FED012concat.csv
3,F_54_Fobbs_Free_FED012concat.csv
6,F_54_Fobbs_Free_FED012concat.csv
3,F_54_Fobbs_Free_FED012concat.csv
4,F_54_Fobbs_Free_FED012concat.csv
4,F_54_Fobbs_Free_FED012concat.csv
3,F_54_Fobbs_Free_FED012concat.csv
6,F_54_Fobbs_Free_FED012concat.csv
5,F_54_Fobbs_Free_FED012concat.csv
9,F_54_Fobbs_Free_FED012concat.csv
5,F_54_Fobbs_Free_FED012concat.csv
6,F_54_Fobbs_Free_FED012concat.csv
4,F_54_Fobbs_Free_FED012concat.csv
10,F_54_Fobbs_Free_FED012concat.csv
7,F_54_Fobbs_Free_FED012concat.csv
11,F_54_Fobbs_Free_FED012concat.csv
10,F_54_Fobbs_Free_FED012concat.csv
4,F_54_Fobbs_Free_FED012concat.csv
5,F_54_Fobbs_Free_FED012concat.csv
7,F_54_Fobbs_Free_FED012concat.csv
9,F_54_Fobbs_Free_FED012concat.csv
4,F_54_Fobbs_Free_FED012concat.csv
7,F_54_Fobbs_Free_FED012concat.csv
6,F_54_Fobbs_Free_FED012concat.csv
4,F_54_Fobbs_Free_FED012concat.csv
7,F_54_Fobbs_Free_FED012concat.csv
4,F_54_Fobbs_Free_FED012concat.csv
3,F_54_Fobbs_Free_FED012concat.csv
5,F_54_Fobbs_Free_FED012concat.csv
3,F_54_Fobbs_Free_FED012concat.csv
4,F_54_Fobbs_Free_FED012concat.csv
3,F_56_Fobbs_Free_FED01403292302.CSV
3,F_56_Fobbs_Free_FED01403292302.CSV
3,F_56_Fobbs_Free_FED01403292302.CSV
3,F_56_Fobbs_Free_FED01403292302.CSV
3,F_56_Fobbs_Free_FED01403292302.CSV
4,F_56_Fobbs_Free_FED01403292302.CSV
4,F_56_Fobbs_Free_FED01403292302.CSV
3,F_56_Fobbs_Free_FED01403292302.CSV
3,F_56_Fobbs_Free_FED01403292302.CSV
5,F_56_Fobbs_Free_FED01403292302.CSV
3,F_56_Fobbs_Free_FED01403292302.CSV
4,F_56_Fobbs_Free_FED01403292302.CSV
3,F_56_Fobbs_Free_FED01403292302.CSV
3,F_56_Fobbs_Free_FED01403292302.CSV
3,F_56_Fobbs_Free_FED01403292302.CSV
6,F_56_Fobbs_Free_FED01403292302.CSV
6,F_56_Fobbs_Free_FED01403292302.CSV
3,F_56_Fobbs_Free_FED01403292302.CSV
3,F_56_Fobbs_Free_FED01403292302.CSV
3,F_56_Fobbs_Free_FED01403292302.CSV
9,F_56_Fobbs_Free_FED01403292302.CSV
4,F_56_Fobbs_Free_FED01403292302.CSV
4,F_56_Fobbs_Free_FED01403292302.CSV
5,F_56_Fobbs_Free_FED01403292302.CSV
3,F_56_Fobbs_Free_FED01403292302.CSV
5,F_57_Fobbs_Free_FED01503292302.CSV
4,F_57_Fobbs_Free_FED01503292302.CSV
3,F_57_Fobbs_Free_FED01503292302.CSV
3,F_57_Fobbs_Free_FED01503292302.CSV
6,F_57_Fobbs_Free_FED01503292302.CSV
4,F_57_Fobbs_Free_FED01503292302.CSV
4,F_57_Fobbs_Free_FED01503292302.CSV
4,F_57_Fobbs_Free_FED01503292302.CSV
10,F_57_Fobbs_Free_FED01503292302.CSV
9,F_57_Fobbs_Free_FED01503292302.CSV
3,F_57_Fobbs_Free_FED01503292302.CSV
7,F_57_Fobbs_Free_FED01503292302.CSV
4,F_57_Fobbs_Free_FED01503292302.CSV
6,F_57_Fobbs_Free_FED01503292302.CSV
10,F_55_Fobbs_Free_FED01303292300.CSV
7,F_55_Fobbs_Free_FED01303292300.CSV
5,F_55_Fobbs_Free_FED01303292300.CSV
8,F_55_Fobbs_Free_FED01303292300.CSV
5,F_55_Fobbs_Free_FED01303292300.CSV
16,F_55_Fobbs_Free_FED01303292300.CSV
5,F_55_Fobbs_Free_FED01303292300.CSV
7,F_55_Fobbs_Free_FED01303292300.CSV
5,F_55_Fobbs_Free_FED01303292300.CSV
10,F_55_Fobbs_Free_FED01303292300.CSV
5,F_55_Fobbs_Free_FED01303292300.CSV
10,F_55_Fobbs_Free_FED01303292300.CSV
3,F_55_Fobbs_Free_FED01303292300.CSV
6,F_55_Fobbs_Free_FED01303292300.CSV
7,F_55_Fobbs_Free_FED01303292300.CSV
3,F_55_Fobbs_Free_FED01303292300.CSV
4,F_55_Fobbs_Free_FED01303292300.CSV
5,F_55_Fobbs_Free_FED01303292300.CSV
5,F_55_Fobbs_Free_FED01303292300.CSV
3,F_55_Fobbs_Free_FED01303292300.CSV
3,F_55_Fobbs_Free_FED01303292300.CSV
5,F_55_Fobbs_Free_FED01303292300.CSV
6,F_55_Fobbs_Free_FED01303292300.CSV
5,F_55_Fobbs_Free_FED01303292300.CSV
3,F_55_Fobbs_Free_FED01303292300.CSV
9,F_55_Fobbs_Free_FED01303292300.CSV
4,F_55_Fobbs_Free_FED01303292300.CSV
5,F_55_Fobbs_Free_FED01303292300.CSV
3,F_55_Fobbs_Free_FED01303292300.CSV
7,F_55_Fobbs_Free_FED01303292300.CSV
9,F_55_Fobbs_Free_FED01303292300.CSV
6,F_55_Fobbs_Free_FED01303292300.CSV
9,F_58_Fobbs_Free_FED02403292303.CSV
4,F_58_Fobbs_Free_FED02403292303.CSV
10,F_58_Fobbs_Free_FED02403292303.CSV
4,F_58_Fobbs_Free_FED02403292303.CSV
4,F_58_Fobbs_Free_FED02403292303.CSV
3,F_58_Fobbs_Free_FED02403292303.CSV
3,F_58_Fobbs_Free_FED02403292303.CSV
3,F_58_Fobbs_Free_FED02403292303.CSV
4,F_58_Fobbs_Free_FED02403292303.CSV
4,F_58_Fobbs_Free_FED02403292303.CSV
7,F_58_Fobbs_Free_FED02403292303.CSV
4,F_58_Fobbs_Free_FED02403292303.CSV
5,F_58_Fobbs_Free_FED02403292303.CSV
3,F_58_Fobbs_Free_FED02403292303.CSV
6,F_58_Fobbs_Free_FED02403292303.CSV
3,F_58_Fobbs_Free_FED02403292303.CSV
3,F_58_Fobbs_Free_FED02403292303.CSV
7,F_58_Fobbs_Free_FED02403292303.CSV
6,F_58_Fobbs_Free_FED02403292303.CSV
8,F_58_Fobbs_Free_FED02403292303.CSV
4,F_58_Fobbs_Free_FED02403292303.CSV
6,F_58_Fobbs_Free_FED02403292303.CSV
5,F_58_Fobbs_Free_FED02403292303.CSV
3,F_58_Fobbs_Free_FED02403292303.CSV
4,F_58_Fobbs_Free_FED02403292303.CSV
4,F_58_Fobbs_Free_FED02403292303.CSV
5,F_58_Fobbs_Free_FED02403292303.CSV
4,F_58_Fobbs_Free_FED02403292303.CSV
4,F_58_Fobbs_Free_FED02403292303.CSV
11,F_58_Fobbs_Free_FED02403292303.CSV
5,F_58_Fobbs_Free_FED02403292303.CSV
4,F_58_Fobbs_Free_FED02403292303.CSV
15,M_59_Fobbs_Free_FED00603292301.CSV
5,M_59_Fobbs_Free_FED00603292301.CSV
6,M_59_Fobbs_Free_FED00603292301.CSV
3,M_59_Fobbs_Free_FED00603292301.CSV
5,M_59_Fobbs_Free_FED00603292301.CSV
5,M_59_Fobbs_Free_FED00603292301.CSV
6,M_59_Fobbs_Free_FED00603292301.CSV
5,M_59_Fobbs_Free_FED00603292301.CSV
14,M_59_Fobbs_Free_FED00603292301.CSV
7,M_59_Fobbs_Free_FED00603292301.CSV
5,M_59_Fobbs_Free_FED00603292301.CSV
6,M_59_Fobbs_Free_FED00603292301.CSV
6,M_59_Fobbs_Free_FED00603292301.CSV
11,M_59_Fobbs_Free_FED00603292301.CSV
8,M_59_Fobbs_Free_FED00603292301.CSV
6,M_59_Fobbs_Free_FED00603292301.CSV
9,M_59_Fobbs_Free_FED00603292301.CSV
5,M_59_Fobbs_Free_FED00603292301.CSV
8,M_59_Fobbs_Free_FED00603292301.CSV
6,M_59_Fobbs_Free_FED00603292301.CSV
6,M_59_Fobbs_Free_FED00603292301.CSV
3,M_59_Fobbs_Free_FED00603292301.CSV
7,M_59_Fobbs_Free_FED00603292301.CSV
5,M_59_Fobbs_Free_FED00603292301.CSV
8,M_59_Fobbs_Free_FED00603292301.CSV
5,M_59_Fobbs_Free_FED00603292301.CSV
7,M_59_Fobbs_Free_FED00603292301.CSV
6,M_59_Fobbs_Free_FED00603292301.CSV
9,M_59_Fobbs_Free_FED00603292301.CSV
7,M_59_Fobbs_Free_FED00603292301.CSV
7,M_59_Fobbs_Free_FED00603292301.CSV
7,M_59_Fobbs_Free_FED00603292301.CSV
11,M_59_Fobbs_Free_FED00603292301.CSV
5,M_59_Fobbs_Free_FED00603292301.CSV
7,M_59_Fobbs_Free_FED00603292301.CSV
8,M_59_Fobbs_Free_FED00603292301.CSV
4,M_59_Fobbs_Free_FED00603292301.CSV
4,M_59_Fobbs_Free_FED00603292301.CSV
3,M_59_Fobbs_Free_FED00603292301.CSV
8,M_59_Fobbs_Free_FED00603292301.CSV
3,M_59_Fobbs_Free_FED00603292301.CSV
9,M_59_Fobbs_Free_FED00603292301.CSV
15,M_59_Fobbs_Free_FED00603292301.CSV
6,M_59_Fobbs_Free_FED00603292301.CSV
14,M_61_Fobbs_Free_FED00803292302.CSV
6,M_61_Fobbs_Free_FED00803292302.CSV
5,M_61_Fobbs_Free_FED00803292302.CSV
4,M_61_Fobbs_Free_FED00803292302.CSV
5,M_61_Fobbs_Free_FED00803292302.CSV
7,M_61_Fobbs_Free_FED00803292302.CSV
3,M_61_Fobbs_Free_FED00803292302.CSV
5,M_61_Fobbs_Free_FED00803292302.CSV
10,M_61_Fobbs_Free_FED00803292302.CSV
6,M_61_Fobbs_Free_FED00803292302.CSV
7,M_61_Fobbs_Free_FED00803292302.CSV
12,M_61_Fobbs_Free_FED00803292302.CSV
8,M_61_Fobbs_Free_FED00803292302.CSV
12,M_61_Fobbs_Free_FED00803292302.CSV
3,M_61_Fobbs_Free_FED00803292302.CSV
7,M_61_Fobbs_Free_FED00803292302.CSV
5,M_61_Fobbs_Free_FED00803292302.CSV
3,M_61_Fobbs_Free_FED00803292302.CSV
10,M_61_Fobbs_Free_FED00803292302.CSV
3,M_61_Fobbs_Free_FED00803292302.CSV
5,M_61_Fobbs_Free_FED00803292302.CSV
4,M_61_Fobbs_Free_FED00803292302.CSV
7,M_61_Fobbs_Free_FED00803292302.CSV
11,M_61_Fobbs_Free_FED00803292302.CSV
6,M_61_Fobbs_Free_FED00803292302.CSV
3,M_61_Fobbs_Free_FED00803292302.CSV
3,M_61_Fobbs_Free_FED00803292302.CSV
4,M_61_Fobbs_Free_FED00803292302.CSV
3,M_61_Fobbs_Free_FED00803292302.CSV
4,M_61_Fobbs_Free_FED00803292302.CSV
7,M_61_Fobbs_Free_FED00803292302.CSV
4,M_61_Fobbs_Free_FED00803292302.CSV
11,M_61_Fobbs_Free_FED00803292302.CSV
4,M_61_Fobbs_Free_FED00803292302.CSV
13,M_61_Fobbs_Free_FED00803292302.CSV
3,M_61_Fobbs_Free_FED00803292302.CSV
7,M_61_Fobbs_Free_FED00803292302.CSV
11,M_61_Fobbs_Free_FED00803292302.CSV
5,M_61_Fobbs_Free_FED00803292302.CSV
3,M_61_Fobbs_Free_FED00803292302.CSV
3,M_60_Fobbs_Free_FED00703292300.CSV
4,M_60_Fobbs_Free_FED00703292300.CSV
8,M_60_Fobbs_Free_FED00703292300.CSV
5,M_60_Fobbs_Free_FED00703292300.CSV
6,M_60_Fobbs_Free_FED00703292300.CSV
7,M_60_Fobbs_Free_FED00703292300.CSV
4,M_60_Fobbs_Free_FED00703292300.CSV
4,M_60_Fobbs_Free_FED00703292300.CSV
7,M_60_Fobbs_Free_FED00703292300.CSV
3,M_60_Fobbs_Free_FED00703292300.CSV
8,M_60_Fobbs_Free_FED00703292300.CSV
8,M_60_Fobbs_Free_FED00703292300.CSV
12,M_60_Fobbs_Free_FED00703292300.CSV
13,M_60_Fobbs_Free_FED00703292300.CSV
5,M_60_Fobbs_Free_FED00703292300.CSV
6,M_60_Fobbs_Free_FED00703292300.CSV
7,M_60_Fobbs_Free_FED00703292300.CSV
9,M_60_Fobbs_Free_FED00703292300.CSV
8,M_60_Fobbs_Free_FED00703292300.CSV
5,M_60_Fobbs_Free_FED00703292300.CSV
6,M_60_Fobbs_Free_FED00703292300.CSV
7,M_60_Fobbs_Free_FED00703292300.CSV
8,M_60_Fobbs_Free_FED00703292300.CSV
8,M_60_Fobbs_Free_FED00703292300.CSV
9,M_60_Fobbs_Free_FED00703292300.CSV
7,M_60_Fobbs_Free_FED00703292300.CSV
5,M_60_Fobbs_Free_FED00703292300.CSV
10,M_60_Fobbs_Free_FED00703292300.CSV
8,M_60_Fobbs_Free_FED00703292300.CSV
6,M_60_Fobbs_Free_FED00703292300.CSV
12,M_60_Fobbs_Free_FED00703292300.CSV
11,M_60_Fobbs_Free_FED00703292300.CSV
5,M_60_Fobbs_Free_FED00703292300.CSV
9,M_60_Fobbs_Free_FED00703292300.CSV
7,M_60_Fobbs_Free_FED00703292300.CSV
6,M_60_Fobbs_Free_FED00703292300.CSV
8,M_60_Fobbs_Free_FED00703292300.CSV
6,M_60_Fobbs_Free_FED00703292300.CSV
5,M_60_Fobbs_Free_FED00703292300.CSV
4,M_60_Fobbs_Free_FED00703292300.CSV
8,M_60_Fobbs_Free_FED00703292300.CSV
12,M_60_Fobbs_Free_FED00703292300.CSV
8,M_60_Fobbs_Free_FED00703292300.CSV
4,M_62_Fobbs_Free_FED01003292300.CSV
8,M_62_Fobbs_Free_FED01003292300.CSV
3,M_62_Fobbs_Free_FED01003292300.CSV
3,M_62_Fobbs_Free_FED01003292300.CSV
4,M_62_Fobbs_Free_FED01003292300.CSV
3,M_62_Fobbs_Free_FED01003292300.CSV
3,M_62_Fobbs_Free_FED01003292300.CSV
5,M_62_Fobbs_Free_FED01003292300.CSV
3,M_62_Fobbs_Free_FED01003292300.CSV
9,M_62_Fobbs_Free_FED01003292300.CSV
8,M_62_Fobbs_Free_FED01003292300.CSV
3,M_62_Fobbs_Free_FED01003292300.CSV
10,M_62_Fobbs_Free_FED01003292300.CSV
3,M_62_Fobbs_Free_FED01003292300.CSV
3,M_62_Fobbs_Free_FED01003292300.CSV
9,M_62_Fobbs_Free_FED01003292300.CSV
8,M_62_Fobbs_Free_FED01003292300.CSV
5,M_62_Fobbs_Free_FED01003292300.CSV
3,M_62_Fobbs_Free_FED01003292300.CSV
7,M_62_Fobbs_Free_FED01003292300.CSV
5,M_62_Fobbs_Free_FED01003292300.CSV
7,M_62_Fobbs_Free_FED01003292300.CSV
6,M_62_Fobbs_Free_FED01003292300.CSV
3,M_62_Fobbs_Free_FED01003292300.CSV
3,M_62_Fobbs_Free_FED01003292300.CSV
3,M_62_Fobbs_Free_FED01003292300.CSV
6,M_62_Fobbs_Free_FED01003292300.CSV
5,M_62_Fobbs_Free_FED01003292300.CSV
7,M_62_Fobbs_Free_FED01003292300.CSV
3,M_62_Fobbs_Free_FED01003292300.CSV
4,M_62_Fobbs_Free_FED01003292300.CSV
6,M_62_Fobbs_Free_FED01003292300.CSV
4,M_62_Fobbs_Free_FED01003292300.CSV
4,M_62_Fobbs_Free_FED01003292300.CSV
6,M_62_Fobbs_Free_FED01003292300.CSV
7,M_62_Fobbs_Free_FED01003292300.CSV
6,M_62_Fobbs_Free_FED01003292300.CSV
4,M_62_Fobbs_Free_FED01003292300.CSV
5,M_62_Fobbs_Free_FED01003292300.CSV
7,M_62_Fobbs_Free_FED01003292300.CSV
7,M_62_Fobbs_Free_FED01003292300.CSV
3,M_62_Fobbs_Free_FED01003292300.CSV
3,M_62_Fobbs_Free_FED01003292300.CSV
4,M_62_Fobbs_Free_FED01003292300.CSV
5,M_63_Fobbs_Free_FED01603292302.CSV
3,M_63_Fobbs_Free_FED01603292302.CSV
6,M_63_Fobbs_Free_FED01603292302.CSV
8,M_63_Fobbs_Free_FED01603292302.CSV
9,M_63_Fobbs_Free_FED01603292302.CSV
5,M_63_Fobbs_Free_FED01603292302.CSV
3,M_63_Fobbs_Free_FED01603292302.CSV
4,M_63_Fobbs_Free_FED01603292302.CSV
8,M_63_Fobbs_Free_FED01603292302.CSV
6,M_63_Fobbs_Free_FED01603292302.CSV
6,M_63_Fobbs_Free_FED01603292302.CSV
8,M_63_Fobbs_Free_FED01603292302.CSV
5,M_63_Fobbs_Free_FED01603292302.CSV
3,M_63_Fobbs_Free_FED01603292302.CSV
6,M_64_Fobbs_Free_FED01703292300.CSV
6,M_64_Fobbs_Free_FED01703292300.CSV
4,M_64_Fobbs_Free_FED01703292300.CSV
5,M_64_Fobbs_Free_FED01703292300.CSV
5,M_64_Fobbs_Free_FED01703292300.CSV
4,M_64_Fobbs_Free_FED01703292300.CSV
4,M_64_Fobbs_Free_FED01703292300.CSV
5,M_64_Fobbs_Free_FED01703292300.CSV
6,M_64_Fobbs_Free_FED01703292300.CSV
11,M_64_Fobbs_Free_FED01703292300.CSV
3,M_64_Fobbs_Free_FED01703292300.CSV
5,M_64_Fobbs_Free_FED01703292300.CSV
3,M_64_Fobbs_Free_FED01703292300.CSV
4,M_64_Fobbs_Free_FED01703292300.CSV
11,M_64_Fobbs_Free_FED01703292300.CSV
5,M_64_Fobbs_Free_FED01703292300.CSV
8,M_64_Fobbs_Free_FED01703292300.CSV
3,M_64_Fobbs_Free_FED01703292300.CSV
7,M_64_Fobbs_Free_FED01703292300.CSV
4,M_64_Fobbs_Free_FED01703292300.CSV
5,M_64_Fobbs_Free_FED01703292300.CSV
3,M_64_Fobbs_Free_FED01703292300.CSV
3,M_64_Fobbs_Free_FED01703292300.CSV
5,M_64_Fobbs_Free_FED01703292300.CSV
4,M_64_Fobbs_Free_FED01703292300.CSV
3,M_64_Fobbs_Free_FED01703292300.CSV
5,M_64_Fobbs_Free_FED01703292300.CSV
4,M_64_Fobbs_Free_FED01703292300.CSV
3,M_64_Fobbs_Free_FED01703292300.CSV
8,M_64_Fobbs_Free_FED01703292300.CSV
6,M_64_Fobbs_Free_FED01703292300.CSV
6,M_64_Fobbs_Free_FED01703292300.CSV
5,M_64_Fobbs_Free_FED01703292300.CSV
6,M_64_Fobbs_Free_FED01703292300.CSV
7,M_64_Fobbs_Free_FED01703292300.CSV
9,M_64_Fobbs_Free_FED01703292300.CSV
4,M_64_Fobbs_Free_FED01703292300.CSV
5,M_64_Fobbs_Free_FED01703292300.CSV
5,M_64_Fobbs_Free_FED01703292300.CSV
5,M_64_Fobbs_Free_FED01703292300.CSV
5,M_64_Fobbs_Free_FED01703292300.CSV
10,M_64_Fobbs_Free_FED01703292300.CSV
4,M_64_Fobbs_Free_FED01703292300.CSV
3,M_64_Fobbs_Free_FED01703292300.CSV
13,M_64_Fobbs_Free_FED01703292300.CSV
4,M_64_Fobbs_Free_FED01703292300.CSV
3,F_69_FobbsWUSTL_Free_FED00607082205.CSV
4,F_69_FobbsWUSTL_Free_FED00607082205.CSV
7,F_69_FobbsWUSTL_Free_FED00607082205.CSV
3,F_69_FobbsWUSTL_Free_FED00607082205.CSV
3,F_69_FobbsWUSTL_Free_FED00607082205.CSV
4,F_69_FobbsWUSTL_Free_FED00607082205.CSV
7,F_69_FobbsWUSTL_Free_FED00607082205.CSV
10,F_69_FobbsWUSTL_Free_FED00607082205.CSV
5,F_69_FobbsWUSTL_Free_FED00607082205.CSV
4,F_69_FobbsWUSTL_Free_FED00607082205.CSV
5,F_69_FobbsWUSTL_Free_FED00607082205.CSV
3,F_69_FobbsWUSTL_Free_FED00607082205.CSV
3,F_69_FobbsWUSTL_Free_FED00607082205.CSV
4,F_69_FobbsWUSTL_Free_FED00607082205.CSV
4,F_69_FobbsWUSTL_Free_FED00607082205.CSV
10,F_69_FobbsWUSTL_Free_FED00607082205.CSV
6,F_69_FobbsWUSTL_Free_FED00607082205.CSV
6,F_69_FobbsWUSTL_Free_FED00607082205.CSV
11,F_69_FobbsWUSTL_Free_FED00607082205.CSV
5,F_69_FobbsWUSTL_Free_FED00607082205.CSV
4,M_65_Fobbs_Free_FED01803292300.CSV
5,M_65_Fobbs_Free_FED01803292300.CSV
5,M_65_Fobbs_Free_FED01803292300.CSV
5,M_65_Fobbs_Free_FED01803292300.CSV
8,M_65_Fobbs_Free_FED01803292300.CSV
4,M_65_Fobbs_Free_FED01803292300.CSV
7,M_65_Fobbs_Free_FED01803292300.CSV
16,M_65_Fobbs_Free_FED01803292300.CSV
6,M_65_Fobbs_Free_FED01803292300.CSV
8,M_65_Fobbs_Free_FED01803292300.CSV
8,M_65_Fobbs_Free_FED01803292300.CSV
6,M_65_Fobbs_Free_FED01803292300.CSV
6,M_65_Fobbs_Free_FED01803292300.CSV
5,M_65_Fobbs_Free_FED01803292300.CSV
3,M_65_Fobbs_Free_FED01803292300.CSV
4,M_65_Fobbs_Free_FED01803292300.CSV
9,M_65_Fobbs_Free_FED01803292300.CSV
3,M_65_Fobbs_Free_FED01803292300.CSV
5,M_65_Fobbs_Free_FED01803292300.CSV
3,M_65_Fobbs_Free_FED01803292300.CSV
4,M_65_Fobbs_Free_FED01803292300.CSV
3,M_65_Fobbs_Free_FED01803292300.CSV
8,M_65_Fobbs_Free_FED01803292300.CSV
4,M_65_Fobbs_Free_FED01803292300.CSV
4,M_65_Fobbs_Free_FED01803292300.CSV
3,M_65_Fobbs_Free_FED01803292300.CSV
7,M_65_Fobbs_Free_FED01803292300.CSV
8,M_65_Fobbs_Free_FED01803292300.CSV
4,M_65_Fobbs_Free_FED01803292300.CSV
3,M_65_Fobbs_Free_FED01803292300.CSV
5,M_65_Fobbs_Free_FED01803292300.CSV
7,M_65_Fobbs_Free_FED01803292300.CSV
3,M_65_Fobbs_Free_FED01803292300.CSV
3,M_65_Fobbs_Free_FED01803292300.CSV
4,M_65_Fobbs_Free_FED01803292300.CSV
16,M_67_Fobbs_Free_FED02003292301.CSV
3,M_67_Fobbs_Free_FED02003292301.CSV
6,M_67_Fobbs_Free_FED02003292301.CSV
4,M_67_Fobbs_Free_FED02003292301.CSV
3,M_67_Fobbs_Free_FED02003292301.CSV
5,M_67_Fobbs_Free_FED02003292301.CSV
4,M_67_Fobbs_Free_FED02003292301.CSV
9,M_67_Fobbs_Free_FED02003292301.CSV
4,M_67_Fobbs_Free_FED02003292301.CSV
3,M_67_Fobbs_Free_FED02003292301.CSV
3,M_67_Fobbs_Free_FED02003292301.CSV
3,M_67_Fobbs_Free_FED02003292301.CSV
5,M_67_Fobbs_Free_FED02003292301.CSV
5,M_67_Fobbs_Free_FED02003292301.CSV
6,M_67_Fobbs_Free_FED02003292301.CSV
11,M_67_Fobbs_Free_FED02003292301.CSV
3,M_67_Fobbs_Free_FED02003292301.CSV
13,M_67_Fobbs_Free_FED02003292301.CSV
7,M_67_Fobbs_Free_FED02003292301.CSV
10,M_67_Fobbs_Free_FED02003292301.CSV
14,M_67_Fobbs_Free_FED02003292301.CSV
12,M_67_Fobbs_Free_FED02003292301.CSV
6,M_67_Fobbs_Free_FED02003292301.CSV
4,M_67_Fobbs_Free_FED02003292301.CSV
5,M_67_Fobbs_Free_FED02003292301.CSV
7,M_67_Fobbs_Free_FED02003292301.CSV
7,M_67_Fobbs_Free_FED02003292301.CSV
9,M_67_Fobbs_Free_FED02003292301.CSV
10,M_67_Fobbs_Free_FED02003292301.CSV
8,M_67_Fobbs_Free_FED02003292301.CSV
10,M_67_Fobbs_Free_FED02003292301.CSV
4,M_67_Fobbs_Free_FED02003292301.CSV
9,M_67_Fobbs_Free_FED02003292301.CSV
15,M_67_Fobbs_Free_FED02003292301.CSV
7,M_67_Fobbs_Free_FED02003292301.CSV
6,M_67_Fobbs_Free_FED02003292301.CSV
12,M_67_Fobbs_Free_FED02003292301.CSV
4,M_67_Fobbs_Free_FED02003292301.CSV
12,M_67_Fobbs_Free_FED02003292301.CSV
17,M_67_Fobbs_Free_FED02003292301.CSV
5,M_67_Fobbs_Free_FED02003292301.CSV
5,M_67_Fobbs_Free_FED02003292301.CSV
5,M_67_Fobbs_Free_FED02003292301.CSV
4,M_67_Fobbs_Free_FED02003292301.CSV
7,M_67_Fobbs_Free_FED02003292301.CSV
3,F_68_FobbsWUSTL_Free_FED00507082203.CSV
4,F_68_FobbsWUSTL_Free_FED00507082203.CSV
3,F_68_FobbsWUSTL_Free_FED00507082203.CSV
3,F_68_FobbsWUSTL_Free_FED00507082203.CSV
5,F_68_FobbsWUSTL_Free_FED00507082203.CSV
3,F_68_FobbsWUSTL_Free_FED00507082203.CSV
20,F_68_FobbsWUSTL_Free_FED00507082203.CSV
4,F_68_FobbsWUSTL_Free_FED00507082203.CSV
3,F_68_FobbsWUSTL_Free_FED00507082203.CSV
8,F_68_FobbsWUSTL_Free_FED00507082203.CSV
3,F_68_FobbsWUSTL_Free_FED00507082203.CSV
4,F_68_FobbsWUSTL_Free_FED00507082203.CSV
4,F_68_FobbsWUSTL_Free_FED00507082203.CSV
3,F_68_FobbsWUSTL_Free_FED00507082203.CSV
3,F_68_FobbsWUSTL_Free_FED00507082203.CSV
5,F_68_FobbsWUSTL_Free_FED00507082203.CSV
6,F_68_FobbsWUSTL_Free_FED00507082203.CSV
3,F_68_FobbsWUSTL_Free_FED00507082203.CSV
3,F_68_FobbsWUSTL_Free_FED00507082203.CSV
4,F_68_FobbsWUSTL_Free_FED00507082203.CSV
3,F_68_FobbsWUSTL_Free_FED00507082203.CSV
6,F_68_FobbsWUSTL_Free_FED00507082203.CSV
4,F_68_FobbsWUSTL_Free_FED00507082203.CSV
3,F_68_FobbsWUSTL_Free_FED00507082203.CSV
12,F_68_FobbsWUSTL_Free_FED00507082203.CSV
9,F_68_FobbsWUSTL_Free_FED00507082203.CSV
7,F_68_FobbsWUSTL_Free_FED00507082203.CSV
5,F_68_FobbsWUSTL_Free_FED00507082203.CSV
11,F_68_FobbsWUSTL_Free_FED00507082203.CSV
3,F_68_FobbsWUSTL_Free_FED00507082203.CSV
6,F_68_FobbsWUSTL_Free_FED00507082203.CSV
4,F_68_FobbsWUSTL_Free_FED00507082203.CSV
3,F_68_FobbsWUSTL_Free_FED00507082203.CSV
9,M_66_Fobbs_Free_FED01903292300.CSV
3,M_66_Fobbs_Free_FED01903292300.CSV
4,M_66_Fobbs_Free_FED01903292300.CSV
5,M_66_Fobbs_Free_FED01903292300.CSV
7,M_66_Fobbs_Free_FED01903292300.CSV
4,M_66_Fobbs_Free_FED01903292300.CSV
6,M_66_Fobbs_Free_FED01903292300.CSV
5,M_66_Fobbs_Free_FED01903292300.CSV
8,M_66_Fobbs_Free_FED01903292300.CSV
7,M_66_Fobbs_Free_FED01903292300.CSV
13,M_66_Fobbs_Free_FED01903292300.CSV
5,M_66_Fobbs_Free_FED01903292300.CSV
3,M_66_Fobbs_Free_FED01903292300.CSV
7,M_66_Fobbs_Free_FED01903292300.CSV
7,M_66_Fobbs_Free_FED01903292300.CSV
5,M_66_Fobbs_Free_FED01903292300.CSV
3,M_66_Fobbs_Free_FED01903292300.CSV
6,M_66_Fobbs_Free_FED01903292300.CSV
8,M_66_Fobbs_Free_FED01903292300.CSV
5,M_66_Fobbs_Free_FED01903292300.CSV
4,M_66_Fobbs_Free_FED01903292300.CSV
6,M_66_Fobbs_Free_FED01903292300.CSV
7,M_66_Fobbs_Free_FED01903292300.CSV
6,M_66_Fobbs_Free_FED01903292300.CSV
6,M_66_Fobbs_Free_FED01903292300.CSV
7,M_66_Fobbs_Free_FED01903292300.CSV
5,M_66_Fobbs_Free_FED01903292300.CSV
9,M_66_Fobbs_Free_FED01903292300.CSV
7,M_66_Fobbs_Free_FED01903292300.CSV
3,M_66_Fobbs_Free_FED01903292300.CSV
4,M_66_Fobbs_Free_FED01903292300.CSV
3,M_66_Fobbs_Free_FED01903292300.CSV
10,M_66_Fobbs_Free_FED01903292300.CSV
3,M_66_Fobbs_Free_FED01903292300.CSV
3,M_66_Fobbs_Free_FED01903292300.CSV
5,M_66_Fobbs_Free_FED01903292300.CSV
7,M_66_Fobbs_Free_FED01903292300.CSV
4,M_66_Fobbs_Free_FED01903292300.CSV
7,M_66_Fobbs_Free_FED01903292300.CSV
7,M_66_Fobbs_Free_FED01903292300.CSV
8,M_66_Fobbs_Free_FED01903292300.CSV
3,M_66_Fobbs_Free_FED01903292300.CSV
5,M_66_Fobbs_Free_FED01903292300.CSV
9,M_66_Fobbs_Free_FED01903292300.CSV
5,M_66_Fobbs_Free_FED01903292300.CSV
6,M_66_Fobbs_Free_FED01903292300.CSV
8,F_70_FobbsWUSTL_Free_FED00707082206.CSV
6,F_70_FobbsWUSTL_Free_FED00707082206.CSV
6,F_70_FobbsWUSTL_Free_FED00707082206.CSV
3,F_70_FobbsWUSTL_Free_FED00707082206.CSV
3,F_70_FobbsWUSTL_Free_FED00707082206.CSV
3,F_70_FobbsWUSTL_Free_FED00707082206.CSV
4,F_70_FobbsWUSTL_Free_FED00707082206.CSV
3,F_70_FobbsWUSTL_Free_FED00707082206.CSV
4,F_70_FobbsWUSTL_Free_FED00707082206.CSV
3,F_70_FobbsWUSTL_Free_FED00707082206.CSV
4,F_70_FobbsWUSTL_Free_FED00707082206.CSV
6,F_70_FobbsWUSTL_Free_FED00707082206.CSV
3,F_70_FobbsWUSTL_Free_FED00707082206.CSV
3,F_70_FobbsWUSTL_Free_FED00707082206.CSV
3,F_70_FobbsWUSTL_Free_FED00707082206.CSV
3,F_70_FobbsWUSTL_Free_FED00707082206.CSV
7,F_70_FobbsWUSTL_Free_FED00707082206.CSV
5,F_70_FobbsWUSTL_Free_FED00707082206.CSV
7,F_70_FobbsWUSTL_Free_FED00707082206.CSV
5,F_70_FobbsWUSTL_Free_FED00707082206.CSV
7,F_70_FobbsWUSTL_Free_FED00707082206.CSV
7,F_70_FobbsWUSTL_Free_FED00707082206.CSV
5,F_70_FobbsWUSTL_Free_FED00707082206.CSV
4,F_70_FobbsWUSTL_Free_FED00707082206.CSV
7,F_70_FobbsWUSTL_Free_FED00707082206.CSV
12,F_70_FobbsWUSTL_Free_FED00707082206.CSV
3,F_70_FobbsWUSTL_Free_FED00707082206.CSV
6,F_70_FobbsWUSTL_Free_FED00707082206.CSV
3,F_70_FobbsWUSTL_Free_FED00707082206.CSV
10,F_70_FobbsWUSTL_Free_FED00707082206.CSV
5,F_70_FobbsWUSTL_Free_FED00707082206.CSV
7,F_70_FobbsWUSTL_Free_FED00707082206.CSV
3,F_70_FobbsWUSTL_Free_FED00707082206.CSV
5,F_70_FobbsWUSTL_Free_FED00707082206.CSV
4,F_70_FobbsWUSTL_Free_FED00707082206.CSV
9,F_70_FobbsWUSTL_Free_FED00707082206.CSV
6,F_70_FobbsWUSTL_Free_FED00707082206.CSV
7,F_71_FobbsWUSTL_Free_FED00807082205.CSV
3,F_71_FobbsWUSTL_Free_FED00807082205.CSV
5,F_71_FobbsWUSTL_Free_FED00807082205.CSV
4,F_71_FobbsWUSTL_Free_FED00807082205.CSV
4,F_71_FobbsWUSTL_Free_FED00807082205.CSV
4,F_71_FobbsWUSTL_Free_FED00807082205.CSV
4,F_71_FobbsWUSTL_Free_FED00807082205.CSV
3,F_71_FobbsWUSTL_Free_FED00807082205.CSV
4,F_71_FobbsWUSTL_Free_FED00807082205.CSV
6,F_71_FobbsWUSTL_Free_FED00807082205.CSV
5,F_71_FobbsWUSTL_Free_FED00807082205.CSV
6,F_71_FobbsWUSTL_Free_FED00807082205.CSV
4,F_71_FobbsWUSTL_Free_FED00807082205.CSV
3,F_71_FobbsWUSTL_Free_FED00807082205.CSV
5,F_71_FobbsWUSTL_Free_FED00807082205.CSV
6,F_71_FobbsWUSTL_Free_FED00807082205.CSV
3,F_71_FobbsWUSTL_Free_FED00807082205.CSV
4,F_71_FobbsWUSTL_Free_FED00807082205.CSV
3,F_71_FobbsWUSTL_Free_FED00807082205.CSV
6,F_71_FobbsWUSTL_Free_FED00807082205.CSV
3,F_71_FobbsWUSTL_Free_FED00807082205.CSV
3,F_71_FobbsWUSTL_Free_FED00807082205.CSV
9,F_71_FobbsWUSTL_Free_FED00807082205.CSV
8,F_71_FobbsWUSTL_Free_FED00807082205.CSV
3,F_71_FobbsWUSTL_Free_FED00807082205.CSV
3,F_71_FobbsWUSTL_Free_FED00807082205.CSV
11,F_71_FobbsWUSTL_Free_FED00807082205.CSV
4,M_72_FobbsWUSTL_Free_FED00107082204.CSV
4,M_72_FobbsWUSTL_Free_FED00107082204.CSV
9,M_72_FobbsWUSTL_Free_FED00107082204.CSV
6,M_72_FobbsWUSTL_Free_FED00107082204.CSV
8,M_72_FobbsWUSTL_Free_FED00107082204.CSV
12,M_72_FobbsWUSTL_Free_FED00107082204.CSV
4,M_72_FobbsWUSTL_Free_FED00107082204.CSV
4,M_72_FobbsWUSTL_Free_FED00107082204.CSV
3,M_72_FobbsWUSTL_Free_FED00107082204.CSV
6,M_72_FobbsWUSTL_Free_FED00107082204.CSV
5,M_72_FobbsWUSTL_Free_FED00107082204.CSV
5,M_72_FobbsWUSTL_Free_FED00107082204.CSV
5,M_72_FobbsWUSTL_Free_FED00107082204.CSV
3,M_72_FobbsWUSTL_Free_FED00107082204.CSV
4,M_72_FobbsWUSTL_Free_FED00107082204.CSV
3,M_72_FobbsWUSTL_Free_FED00107082204.CSV
6,M_72_FobbsWUSTL_Free_FED00107082204.CSV
5,M_72_FobbsWUSTL_Free_FED00107082204.CSV
4,M_72_FobbsWUSTL_Free_FED00107082204.CSV
3,M_72_FobbsWUSTL_Free_FED00107082204.CSV
8,M_72_FobbsWUSTL_Free_FED00107082204.CSV
5,M_72_FobbsWUSTL_Free_FED00107082204.CSV
5,M_72_FobbsWUSTL_Free_FED00107082204.CSV
3,M_72_FobbsWUSTL_Free_FED00107082204.CSV
3,M_73_FobbsWUSTL_Free_FED00207082206.CSV
13,M_73_FobbsWUSTL_Free_FED00207082206.CSV
4,M_73_FobbsWUSTL_Free_FED00207082206.CSV
3,M_73_FobbsWUSTL_Free_FED00207082206.CSV
4,M_73_FobbsWUSTL_Free_FED00207082206.CSV
3,M_73_FobbsWUSTL_Free_FED00207082206.CSV
3,M_73_FobbsWUSTL_Free_FED00207082206.CSV
6,M_73_FobbsWUSTL_Free_FED00207082206.CSV
3,M_73_FobbsWUSTL_Free_FED00207082206.CSV
10,M_73_FobbsWUSTL_Free_FED00207082206.CSV
4,M_73_FobbsWUSTL_Free_FED00207082206.CSV
3,M_73_FobbsWUSTL_Free_FED00207082206.CSV
3,M_73_FobbsWUSTL_Free_FED00207082206.CSV
3,M_73_FobbsWUSTL_Free_FED00207082206.CSV
4,M_73_FobbsWUSTL_Free_FED00207082206.CSV
3,M_73_FobbsWUSTL_Free_FED00207082206.CSV
10,M_73_FobbsWUSTL_Free_FED00207082206.CSV
8,M_73_FobbsWUSTL_Free_FED00207082206.CSV
4,M_73_FobbsWUSTL_Free_FED00207082206.CSV
4,M_73_FobbsWUSTL_Free_FED00207082206.CSV
3,M_73_FobbsWUSTL_Free_FED00207082206.CSV
3,M_75_FobbsWUSTL_Free_FED00407082218.CSV
3,M_75_FobbsWUSTL_Free_FED00407082218.CSV
4,M_75_FobbsWUSTL_Free_FED00407082218.CSV
3,M_75_FobbsWUSTL_Free_FED00407082218.CSV
4,M_75_FobbsWUSTL_Free_FED00407082218.CSV
8,M_75_FobbsWUSTL_Free_FED00407082218.CSV
8,M_75_FobbsWUSTL_Free_FED00407082218.CSV
12,M_75_FobbsWUSTL_Free_FED00407082218.CSV
11,M_75_FobbsWUSTL_Free_FED00407082218.CSV
5,M_75_FobbsWUSTL_Free_FED00407082218.CSV
4,M_75_FobbsWUSTL_Free_FED00407082218.CSV
5,M_75_FobbsWUSTL_Free_FED00407082218.CSV
3,M_75_FobbsWUSTL_Free_FED00407082218.CSV
13,M_75_FobbsWUSTL_Free_FED00407082218.CSV
4,M_75_FobbsWUSTL_Free_FED00407082218.CSV
3,M_74_FobbsWUSTL_Free_FED00307082207.CSV
3,M_74_FobbsWUSTL_Free_FED00307082207.CSV
5,M_74_FobbsWUSTL_Free_FED00307082207.CSV
3,M_74_FobbsWUSTL_Free_FED00307082207.CSV
5,M_74_FobbsWUSTL_Free_FED00307082207.CSV
3,M_74_FobbsWUSTL_Free_FED00307082207.CSV
5,M_74_FobbsWUSTL_Free_FED00307082207.CSV
3,M_74_FobbsWUSTL_Free_FED00307082207.CSV
5,M_74_FobbsWUSTL_Free_FED00307082207.CSV
3,M_74_FobbsWUSTL_Free_FED00307082207.CSV
8,M_74_FobbsWUSTL_Free_FED00307082207.CSV
6,M_74_FobbsWUSTL_Free_FED00307082207.CSV
4,M_74_FobbsWUSTL_Free_FED00307082207.CSV
3,M_74_FobbsWUSTL_Free_FED00307082207.CSV
3,M_74_FobbsWUSTL_Free_FED00307082207.CSV
7,M_74_FobbsWUSTL_Free_FED00307082207.CSV
4,M_74_FobbsWUSTL_Free_FED00307082207.CSV
5,M_74_FobbsWUSTL_Free_FED00307082207.CSV
6,M_74_FobbsWUSTL_Free_FED00307082207.CSV
3,M_74_FobbsWUSTL_Free_FED00307082207.CSV
3,M_74_FobbsWUSTL_Free_FED00307082207.CSV
3,M_74_FobbsWUSTL_Free_FED00307082207.CSV
6,M_74_FobbsWUSTL_Free_FED00307082207.CSV
8,M_74_FobbsWUSTL_Free_FED00307082207.CSV
9,F_76_Kravitz_Free_FED10FF.csv
6,F_76_Kravitz_Free_FED10FF.csv
25,F_76_Kravitz_Free_FED10FF.csv
18,F_76_Kravitz_Free_FED10FF.csv
19,F_76_Kravitz_Free_FED10FF.csv
11,F_76_Kravitz_Free_FED10FF.csv
15,F_76_Kravitz_Free_FED10FF.csv
15,F_76_Kravitz_Free_FED10FF.csv
10,F_76_Kravitz_Free_FED10FF.csv
24,F_76_Kravitz_Free_FED10FF.csv
6,F_76_Kravitz_Free_FED10FF.csv
3,F_77_Kravitz_Free_FED11FF.csv
4,F_77_Kravitz_Free_FED11FF.csv
8,F_77_Kravitz_Free_FED11FF.csv
4,F_77_Kravitz_Free_FED11FF.csv
5,F_77_Kravitz_Free_FED11FF.csv
7,F_77_Kravitz_Free_FED11FF.csv
11,F_77_Kravitz_Free_FED11FF.csv
4,F_77_Kravitz_Free_FED11FF.csv
5,F_77_Kravitz_Free_FED11FF.csv
9,F_77_Kravitz_Free_FED11FF.csv
5,F_77_Kravitz_Free_FED11FF.csv
7,F_77_Kravitz_Free_FED11FF.csv
4,F_77_Kravitz_Free_FED11FF.csv
5,F_77_Kravitz_Free_FED11FF.csv
3,F_77_Kravitz_Free_FED11FF.csv
5,F_77_Kravitz_Free_FED11FF.csv
3,F_77_Kravitz_Free_FED11FF.csv
3,F_77_Kravitz_Free_FED11FF.csv
3,F_77_Kravitz_Free_FED11FF.csv
6,F_77_Kravitz_Free_FED11FF.csv
8,F_77_Kravitz_Free_FED11FF.csv
6,F_77_Kravitz_Free_FED11FF.csv
3,F_77_Kravitz_Free_FED11FF.csv
3,F_77_Kravitz_Free_FED11FF.csv
3,F_77_Kravitz_Free_FED11FF.csv
3,F_77_Kravitz_Free_FED11FF.csv
5,F_77_Kravitz_Free_FED11FF.csv
7,F_77_Kravitz_Free_FED11FF.csv
11,M_80_Kravitz_Free_FED3FF.csv
14,M_80_Kravitz_Free_FED3FF.csv
15,M_80_Kravitz_Free_FED3FF.csv
14,M_80_Kravitz_Free_FED3FF.csv
5,M_80_Kravitz_Free_FED3FF.csv
23,M_80_Kravitz_Free_FED3FF.csv
9,M_80_Kravitz_Free_FED3FF.csv
16,M_80_Kravitz_Free_FED3FF.csv
13,M_80_Kravitz_Free_FED3FF.csv
20,M_80_Kravitz_Free_FED3FF.csv
17,M_80_Kravitz_Free_FED3FF.csv
7,M_80_Kravitz_Free_FED3FF.csv
10,M_80_Kravitz_Free_FED3FF.csv
28,F_78_Kravitz_Free_FED9FF.csv
4,F_78_Kravitz_Free_FED9FF.csv
9,F_78_Kravitz_Free_FED9FF.csv
12,F_78_Kravitz_Free_FED9FF.csv
12,F_78_Kravitz_Free_FED9FF.csv
18,F_78_Kravitz_Free_FED9FF.csv
10,F_78_Kravitz_Free_FED9FF.csv
17,F_78_Kravitz_Free_FED9FF.csv
12,F_78_Kravitz_Free_FED9FF.csv
13,F_78_Kravitz_Free_FED9FF.csv
8,F_78_Kravitz_Free_FED9FF.csv
10,F_78_Kravitz_Free_FED9FF.csv
20,F_78_Kravitz_Free_FED9FF.csv
14,F_78_Kravitz_Free_FED9FF.csv
6,F_78_Kravitz_Free_FED9FF.csv
5,M_79_Kravitz_Free_FED2FF.csv
14,M_79_Kravitz_Free_FED2FF.csv
8,M_79_Kravitz_Free_FED2FF.csv
4,M_79_Kravitz_Free_FED2FF.csv
3,M_79_Kravitz_Free_FED2FF.csv
7,M_79_Kravitz_Free_FED2FF.csv
16,M_79_Kravitz_Free_FED2FF.csv
3,M_79_Kravitz_Free_FED2FF.csv
11,M_79_Kravitz_Free_FED2FF.csv
4,M_79_Kravitz_Free_FED2FF.csv
12,M_79_Kravitz_Free_FED2FF.csv
9,M_79_Kravitz_Free_FED2FF.csv
19,M_79_Kravitz_Free_FED2FF.csv
8,M_79_Kravitz_Free_FED2FF.csv
8,M_79_Kravitz_Free_FED2FF.csv
12,M_79_Kravitz_Free_FED2FF.csv
9,M_79_Kravitz_Free_FED2FF.csv
13,M_79_Kravitz_Free_FED2FF.csv
7,M_79_Kravitz_Free_FED2FF.csv
6,M_79_Kravitz_Free_FED2FF.csv
5,M_81_Kravitz_Free_FED4FF.csv
14,M_81_Kravitz_Free_FED4FF.csv
9,M_81_Kravitz_Free_FED4FF.csv
7,M_81_Kravitz_Free_FED4FF.csv
10,M_81_Kravitz_Free_FED4FF.csv
9,M_81_Kravitz_Free_FED4FF.csv
9,M_81_Kravitz_Free_FED4FF.csv
15,M_81_Kravitz_Free_FED4FF.csv
6,M_81_Kravitz_Free_FED4FF.csv
9,M_81_Kravitz_Free_FED4FF.csv
10,M_81_Kravitz_Free_FED4FF.csv
10,M_81_Kravitz_Free_FED4FF.csv
8,M_81_Kravitz_Free_FED4FF.csv
11,M_81_Kravitz_Free_FED4FF.csv
13,M_81_Kravitz_Free_FED4FF.csv
7,M_81_Kravitz_Free_FED4FF.csv
13,M_81_Kravitz_Free_FED4FF.csv
7,M_81_Kravitz_Free_FED4FF.csv
7,M_81_Kravitz_Free_FED4FF.csv
14,M_81_Kravitz_Free_FED4FF.csv
12,M_81_Kravitz_Free_FED4FF.csv
5,M_82_Kravitz_Free_FED5FF.csv
11,M_82_Kravitz_Free_FED5FF.csv
12,M_82_Kravitz_Free_FED5FF.csv
9,M_82_Kravitz_Free_FED5FF.csv
11,M_82_Kravitz_Free_FED5FF.csv
13,M_82_Kravitz_Free_FED5FF.csv
16,M_82_Kravitz_Free_FED5FF.csv
18,M_82_Kravitz_Free_FED5FF.csv
18,M_82_Kravitz_Free_FED5FF.csv
11,M_82_Kravitz_Free_FED5FF.csv
13,M_82_Kravitz_Free_FED5FF.csv
13,M_82_Kravitz_Free_FED5FF.csv
18,M_82_Kravitz_Free_FED5FF.csv
7,M_82_Kravitz_Free_FED5FF.csv
8,M_83_Kravitz_Free_FED6FF.csv
6,M_83_Kravitz_Free_FED6FF.csv
7,M_83_Kravitz_Free_FED6FF.csv
9,M_83_Kravitz_Free_FED6FF.csv
12,M_83_Kravitz_Free_FED6FF.csv
5,M_83_Kravitz_Free_FED6FF.csv
6,M_83_Kravitz_Free_FED6FF.csv
5,M_83_Kravitz_Free_FED6FF.csv
7,M_83_Kravitz_Free_FED6FF.csv
6,M_83_Kravitz_Free_FED6FF.csv
6,M_83_Kravitz_Free_FED6FF.csv
9,M_83_Kravitz_Free_FED6FF.csv
7,M_83_Kravitz_Free_FED6FF.csv
8,M_83_Kravitz_Free_FED6FF.csv
4,M_83_Kravitz_Free_FED6FF.csv
5,M_83_Kravitz_Free_FED6FF.csv
8,M_83_Kravitz_Free_FED6FF.csv
7,M_83_Kravitz_Free_FED6FF.csv
12,M_83_Kravitz_Free_FED6FF.csv
5,M_83_Kravitz_Free_FED6FF.csv
5,M_83_Kravitz_Free_FED6FF.csv
6,M_83_Kravitz_Free_FED6FF.csv
4,M_83_Kravitz_Free_FED6FF.csv
8,M_83_Kravitz_Free_FED6FF.csv
7,M_83_Kravitz_Free_FED6FF.csv
9,M_83_Kravitz_Free_FED6FF.csv
4,M_83_Kravitz_Free_FED6FF.csv
6,M_83_Kravitz_Free_FED6FF.csv
3,M_83_Kravitz_Free_FED6FF.csv
10,M_83_Kravitz_Free_FED6FF.csv
12,M_83_Kravitz_Free_FED6FF.csv
3,M_83_Kravitz_Free_FED6FF.csv
12,M_83_Kravitz_Free_FED6FF.csv
8,M_83_Kravitz_Free_FED6FF.csv
13,M_83_Kravitz_Free_FED6FF.csv
11,M_83_Kravitz_Free_FED6FF.csv
9,M_84_Kravitz_Free_FED7FF.csv
8,M_84_Kravitz_Free_FED7FF.csv
9,M_84_Kravitz_Free_FED7FF.csv
15,M_84_Kravitz_Free_FED7FF.csv
4,M_84_Kravitz_Free_FED7FF.csv
3,M_84_Kravitz_Free_FED7FF.csv
4,M_84_Kravitz_Free_FED7FF.csv
8,M_84_Kravitz_Free_FED7FF.csv
4,M_84_Kravitz_Free_FED7FF.csv
10,M_84_Kravitz_Free_FED7FF.csv
5,M_84_Kravitz_Free_FED7FF.csv
4,M_84_Kravitz_Free_FED7FF.csv
4,M_84_Kravitz_Free_FED7FF.csv
9,M_84_Kravitz_Free_FED7FF.csv
14,M_84_Kravitz_Free_FED7FF.csv
3,M_84_Kravitz_Free_FED7FF.csv
13,M_84_Kravitz_Free_FED7FF.csv
11,M_84_Kravitz_Free_FED7FF.csv
7,M_84_Kravitz_Free_FED7FF.csv
11,M_84_Kravitz_Free_FED7FF.csv
7,M_84_Kravitz_Free_FED7FF.csv
6,M_84_Kravitz_Free_FED7FF.csv
6,M_84_Kravitz_Free_FED7FF.csv
16,M_84_Kravitz_Free_FED7FF.csv
12,M_84_Kravitz_Free_FED7FF.csv
16,M_84_Kravitz_Free_FED7FF.csv
10,M_84_Kravitz_Free_FED7FF.csv
5,M_84_Kravitz_Free_FED7FF.csv
6,M_84_Kravitz_Free_FED7FF.csv
6,M_84_Kravitz_Free_FED7FF.csv
5,M_84_Kravitz_Free_FED7FF.csv
8,F_88_Maloney_Free_G4Female.CSV
5,F_88_Maloney_Free_G4Female.CSV
4,F_88_Maloney_Free_G4Female.CSV
12,F_88_Maloney_Free_G4Female.CSV
4,F_88_Maloney_Free_G4Female.CSV
7,F_88_Maloney_Free_G4Female.CSV
3,F_88_Maloney_Free_G4Female.CSV
8,F_88_Maloney_Free_G4Female.CSV
5,F_88_Maloney_Free_G4Female.CSV
3,F_88_Maloney_Free_G4Female.CSV
4,F_88_Maloney_Free_G4Female.CSV
4,F_88_Maloney_Free_G4Female.CSV
6,F_88_Maloney_Free_G4Female.CSV
3,F_88_Maloney_Free_G4Female.CSV
10,F_88_Maloney_Free_G4Female.CSV
6,F_88_Maloney_Free_G4Female.CSV
9,F_88_Maloney_Free_G4Female.CSV
11,F_88_Maloney_Free_G4Female.CSV
4,F_88_Maloney_Free_G4Female.CSV
3,F_88_Maloney_Free_G4Female.CSV
5,F_88_Maloney_Free_G4Female.CSV
4,F_88_Maloney_Free_G4Female.CSV
6,F_88_Maloney_Free_G4Female.CSV
5,F_88_Maloney_Free_G4Female.CSV
6,F_88_Maloney_Free_G4Female.CSV
4,F_88_Maloney_Free_G4Female.CSV
6,F_88_Maloney_Free_G4Female.CSV
3,F_88_Maloney_Free_G4Female.CSV
5,F_88_Maloney_Free_G4Female.CSV
5,F_88_Maloney_Free_G4Female.CSV
7,F_88_Maloney_Free_G4Female.CSV
4,F_88_Maloney_Free_G4Female.CSV
4,F_88_Maloney_Free_G4Female.CSV
7,F_88_Maloney_Free_G4Female.CSV
6,F_88_Maloney_Free_G4Female.CSV
3,F_88_Maloney_Free_G4Female.CSV
3,F_88_Maloney_Free_G4Female.CSV
7,F_88_Maloney_Free_G4Female.CSV
6,F_88_Maloney_Free_G4Female.CSV
6,F_88_Maloney_Free_G4Female.CSV
4,F_88_Maloney_Free_G4Female.CSV
5,F_88_Maloney_Free_G4Female.CSV
5,F_88_Maloney_Free_G4Female.CSV
8,F_88_Maloney_Free_G4Female.CSV
3,F_88_Maloney_Free_G4Female.CSV
7,F_88_Maloney_Free_G4Female.CSV
4,F_88_Maloney_Free_G4Female.CSV
3,F_87_Maloney_Free_G2Female.CSV
3,F_87_Maloney_Free_G2Female.CSV
4,F_87_Maloney_Free_G2Female.CSV
4,F_87_Maloney_Free_G2Female.CSV
3,F_87_Maloney_Free_G2Female.CSV
5,F_87_Maloney_Free_G2Female.CSV
4,F_87_Maloney_Free_G2Female.CSV
4,F_87_Maloney_Free_G2Female.CSV
4,F_87_Maloney_Free_G2Female.CSV
3,F_87_Maloney_Free_G2Female.CSV
4,F_87_Maloney_Free_G2Female.CSV
9,F_87_Maloney_Free_G2Female.CSV
7,F_87_Maloney_Free_G2Female.CSV
6,F_87_Maloney_Free_G2Female.CSV
5,F_87_Maloney_Free_G2Female.CSV
5,F_87_Maloney_Free_G2Female.CSV
3,F_87_Maloney_Free_G2Female.CSV
4,F_87_Maloney_Free_G2Female.CSV
5,F_87_Maloney_Free_G2Female.CSV
3,F_87_Maloney_Free_G2Female.CSV
3,F_87_Maloney_Free_G2Female.CSV
3,F_87_Maloney_Free_G2Female.CSV
5,F_87_Maloney_Free_G2Female.CSV
6,F_87_Maloney_Free_G2Female.CSV
3,F_87_Maloney_Free_G2Female.CSV
3,F_87_Maloney_Free_G2Female.CSV
3,F_87_Maloney_Free_G2Female.CSV
4,F_87_Maloney_Free_G2Female.CSV
6,F_87_Maloney_Free_G2Female.CSV
3,F_87_Maloney_Free_G2Female.CSV
3,F_87_Maloney_Free_G2Female.CSV
3,F_87_Maloney_Free_G2Female.CSV
3,F_87_Maloney_Free_G2Female.CSV
3,F_87_Maloney_Free_G2Female.CSV
3,F_87_Maloney_Free_G2Female.CSV
3,F_87_Maloney_Free_G2Female.CSV
5,F_87_Maloney_Free_G2Female.CSV
4,F_87_Maloney_Free_G2Female.CSV
8,F_87_Maloney_Free_G2Female.CSV
8,F_87_Maloney_Free_G2Female.CSV
6,F_87_Maloney_Free_G2Female.CSV
3,F_87_Maloney_Free_G2Female.CSV
3,F_87_Maloney_Free_G2Female.CSV
4,F_87_Maloney_Free_G2Female.CSV
10,F_87_Maloney_Free_G2Female.CSV
3,F_87_Maloney_Free_G2Female.CSV
7,F_87_Maloney_Free_G2Female.CSV
3,F_87_Maloney_Free_G2Female.CSV
5,F_87_Maloney_Free_G2Female.CSV
3,F_87_Maloney_Free_G2Female.CSV
3,F_87_Maloney_Free_G2Female.CSV
3,F_87_Maloney_Free_G2Female.CSV
5,F_87_Maloney_Free_G2Female.CSV
5,F_87_Maloney_Free_G2Female.CSV
11,M_85_Kravitz_Free_FED8FF.csv
3,M_85_Kravitz_Free_FED8FF.csv
8,M_85_Kravitz_Free_FED8FF.csv
16,M_85_Kravitz_Free_FED8FF.csv
7,M_85_Kravitz_Free_FED8FF.csv
6,M_85_Kravitz_Free_FED8FF.csv
9,M_85_Kravitz_Free_FED8FF.csv
5,M_85_Kravitz_Free_FED8FF.csv
16,M_85_Kravitz_Free_FED8FF.csv
8,M_85_Kravitz_Free_FED8FF.csv
3,M_85_Kravitz_Free_FED8FF.csv
4,M_85_Kravitz_Free_FED8FF.csv
7,M_85_Kravitz_Free_FED8FF.csv
16,M_85_Kravitz_Free_FED8FF.csv
3,M_85_Kravitz_Free_FED8FF.csv
4,M_85_Kravitz_Free_FED8FF.csv
4,M_85_Kravitz_Free_FED8FF.csv
11,M_85_Kravitz_Free_FED8FF.csv
15,M_85_Kravitz_Free_FED8FF.csv
3,F_86_Maloney_Free_G1Female.CSV
3,F_86_Maloney_Free_G1Female.CSV
3,F_86_Maloney_Free_G1Female.CSV
3,F_86_Maloney_Free_G1Female.CSV
4,F_86_Maloney_Free_G1Female.CSV
5,F_86_Maloney_Free_G1Female.CSV
3,F_86_Maloney_Free_G1Female.CSV
4,F_86_Maloney_Free_G1Female.CSV
3,F_86_Maloney_Free_G1Female.CSV
3,F_86_Maloney_Free_G1Female.CSV
7,F_86_Maloney_Free_G1Female.CSV
3,F_86_Maloney_Free_G1Female.CSV
3,F_86_Maloney_Free_G1Female.CSV
6,F_86_Maloney_Free_G1Female.CSV
6,F_86_Maloney_Free_G1Female.CSV
3,F_86_Maloney_Free_G1Female.CSV
6,F_86_Maloney_Free_G1Female.CSV
4,F_86_Maloney_Free_G1Female.CSV
3,F_86_Maloney_Free_G1Female.CSV
4,F_86_Maloney_Free_G1Female.CSV
4,F_86_Maloney_Free_G1Female.CSV
4,F_86_Maloney_Free_G1Female.CSV
3,F_86_Maloney_Free_G1Female.CSV
3,F_86_Maloney_Free_G1Female.CSV
5,F_86_Maloney_Free_G1Female.CSV
5,F_86_Maloney_Free_G1Female.CSV
5,F_86_Maloney_Free_G1Female.CSV
3,F_86_Maloney_Free_G1Female.CSV
6,F_86_Maloney_Free_G1Female.CSV
3,F_86_Maloney_Free_G1Female.CSV
3,F_86_Maloney_Free_G1Female.CSV
8,F_86_Maloney_Free_G1Female.CSV
3,F_86_Maloney_Free_G1Female.CSV
7,F_86_Maloney_Free_G1Female.CSV
6,F_86_Maloney_Free_G1Female.CSV
3,F_86_Maloney_Free_G1Female.CSV
3,F_89_Maloney_Free_G5Female.CSV
5,F_89_Maloney_Free_G5Female.CSV
5,F_89_Maloney_Free_G5Female.CSV
4,F_89_Maloney_Free_G5Female.CSV
7,F_89_Maloney_Free_G5Female.CSV
5,F_89_Maloney_Free_G5Female.CSV
5,F_89_Maloney_Free_G5Female.CSV
12,F_89_Maloney_Free_G5Female.CSV
4,F_89_Maloney_Free_G5Female.CSV
9,F_89_Maloney_Free_G5Female.CSV
3,F_89_Maloney_Free_G5Female.CSV
7,F_89_Maloney_Free_G5Female.CSV
6,F_89_Maloney_Free_G5Female.CSV
6,F_89_Maloney_Free_G5Female.CSV
7,F_89_Maloney_Free_G5Female.CSV
10,F_89_Maloney_Free_G5Female.CSV
11,F_89_Maloney_Free_G5Female.CSV
10,F_89_Maloney_Free_G5Female.CSV
7,F_89_Maloney_Free_G5Female.CSV
4,F_89_Maloney_Free_G5Female.CSV
8,F_89_Maloney_Free_G5Female.CSV
3,F_89_Maloney_Free_G5Female.CSV
5,F_89_Maloney_Free_G5Female.CSV
3,F_89_Maloney_Free_G5Female.CSV
3,F_89_Maloney_Free_G5Female.CSV
8,F_89_Maloney_Free_G5Female.CSV
3,F_89_Maloney_Free_G5Female.CSV
7,F_89_Maloney_Free_G5Female.CSV
4,F_89_Maloney_Free_G5Female.CSV
6,F_89_Maloney_Free_G5Female.CSV
6,F_89_Maloney_Free_G5Female.CSV
3,F_89_Maloney_Free_G5Female.CSV
5,F_89_Maloney_Free_G5Female.CSV
6,F_89_Maloney_Free_G5Female.CSV
3,F_89_Maloney_Free_G5Female.CSV
8,F_89_Maloney_Free_G5Female.CSV
7,F_89_Maloney_Free_G5Female.CSV
7,F_89_Maloney_Free_G5Female.CSV
4,F_89_Maloney_Free_G5Female.CSV
5,M_90_Maloney_Free_D1Male.CSV
5,M_90_Maloney_Free_D1Male.CSV
5,M_90_Maloney_Free_D1Male.CSV
4,M_90_Maloney_Free_D1Male.CSV
3,M_90_Maloney_Free_D1Male.CSV
4,M_90_Maloney_Free_D1Male.CSV
3,M_90_Maloney_Free_D1Male.CSV
4,M_90_Maloney_Free_D1Male.CSV
5,M_90_Maloney_Free_D1Male.CSV
3,M_90_Maloney_Free_D1Male.CSV
10,M_90_Maloney_Free_D1Male.CSV
5,M_90_Maloney_Free_D1Male.CSV
4,M_90_Maloney_Free_D1Male.CSV
3,M_90_Maloney_Free_D1Male.CSV
3,M_90_Maloney_Free_D1Male.CSV
3,M_90_Maloney_Free_D1Male.CSV
4,M_90_Maloney_Free_D1Male.CSV
3,M_90_Maloney_Free_D1Male.CSV
5,M_90_Maloney_Free_D1Male.CSV
3,M_90_Maloney_Free_D1Male.CSV
3,M_90_Maloney_Free_D1Male.CSV
3,M_90_Maloney_Free_D1Male.CSV
3,M_90_Maloney_Free_D1Male.CSV
3,M_90_Maloney_Free_D1Male.CSV
6,M_90_Maloney_Free_D1Male.CSV
6,M_90_Maloney_Free_D1Male.CSV
4,M_90_Maloney_Free_D1Male.CSV
5,M_90_Maloney_Free_D1Male.CSV
3,M_90_Maloney_Free_D1Male.CSV
6,M_90_Maloney_Free_D1Male.CSV
14,M_90_Maloney_Free_D1Male.CSV
3,M_90_Maloney_Free_D1Male.CSV
8,M_90_Maloney_Free_D1Male.CSV
4,M_90_Maloney_Free_D1Male.CSV
6,M_90_Maloney_Free_D1Male.CSV
10,M_90_Maloney_Free_D1Male.CSV
4,M_90_Maloney_Free_D1Male.CSV
5,M_90_Maloney_Free_D1Male.CSV
5,M_90_Maloney_Free_D1Male.CSV
5,M_90_Maloney_Free_D1Male.CSV
10,M_91_Maloney_Free_D2Male.CSV
12,M_91_Maloney_Free_D2Male.CSV
14,M_91_Maloney_Free_D2Male.CSV
6,M_91_Maloney_Free_D2Male.CSV
4,M_91_Maloney_Free_D2Male.CSV
4,M_91_Maloney_Free_D2Male.CSV
6,M_91_Maloney_Free_D2Male.CSV
3,M_91_Maloney_Free_D2Male.CSV
5,M_91_Maloney_Free_D2Male.CSV
3,M_91_Maloney_Free_D2Male.CSV
5,M_91_Maloney_Free_D2Male.CSV
8,M_91_Maloney_Free_D2Male.CSV
8,M_91_Maloney_Free_D2Male.CSV
3,M_91_Maloney_Free_D2Male.CSV
7,M_91_Maloney_Free_D2Male.CSV
3,M_91_Maloney_Free_D2Male.CSV
8,M_91_Maloney_Free_D2Male.CSV
3,M_91_Maloney_Free_D2Male.CSV
5,M_91_Maloney_Free_D2Male.CSV
4,M_91_Maloney_Free_D2Male.CSV
9,M_91_Maloney_Free_D2Male.CSV
12,M_91_Maloney_Free_D2Male.CSV
6,M_91_Maloney_Free_D2Male.CSV
4,M_91_Maloney_Free_D2Male.CSV
14,M_91_Maloney_Free_D2Male.CSV
3,M_91_Maloney_Free_D2Male.CSV
3,M_91_Maloney_Free_D2Male.CSV
9,M_91_Maloney_Free_D2Male.CSV
4,M_91_Maloney_Free_D2Male.CSV
5,M_91_Maloney_Free_D2Male.CSV
3,M_91_Maloney_Free_D2Male.CSV
4,M_91_Maloney_Free_D2Male.CSV
3,M_91_Maloney_Free_D2Male.CSV
8,M_91_Maloney_Free_D2Male.CSV
7,M_91_Maloney_Free_D2Male.CSV
14,M_91_Maloney_Free_D2Male.CSV
5,M_91_Maloney_Free_D2Male.CSV
12,M_91_Maloney_Free_D2Male.CSV
3,M_91_Maloney_Free_D2Male.CSV
9,M_91_Maloney_Free_D2Male.CSV
3,M_91_Maloney_Free_D2Male.CSV
5,M_91_Maloney_Free_D2Male.CSV
3,M_91_Maloney_Free_D2Male.CSV
7,M_92_Maloney_Free_D3Male.CSV
4,M_92_Maloney_Free_D3Male.CSV
10,M_92_Maloney_Free_D3Male.CSV
3,M_92_Maloney_Free_D3Male.CSV
3,M_92_Maloney_Free_D3Male.CSV
3,M_92_Maloney_Free_D3Male.CSV
3,M_92_Maloney_Free_D3Male.CSV
3,M_92_Maloney_Free_D3Male.CSV
5,M_92_Maloney_Free_D3Male.CSV
6,M_92_Maloney_Free_D3Male.CSV
5,M_92_Maloney_Free_D3Male.CSV
6,M_92_Maloney_Free_D3Male.CSV
7,M_92_Maloney_Free_D3Male.CSV
3,M_92_Maloney_Free_D3Male.CSV
3,M_92_Maloney_Free_D3Male.CSV
4,M_92_Maloney_Free_D3Male.CSV
3,M_92_Maloney_Free_D3Male.CSV
6,M_92_Maloney_Free_D3Male.CSV
3,M_92_Maloney_Free_D3Male.CSV
4,M_92_Maloney_Free_D3Male.CSV
3,M_92_Maloney_Free_D3Male.CSV
4,M_92_Maloney_Free_D3Male.CSV
3,M_92_Maloney_Free_D3Male.CSV
11,M_92_Maloney_Free_D3Male.CSV
6,M_92_Maloney_Free_D3Male.CSV
7,M_92_Maloney_Free_D3Male.CSV
6,M_92_Maloney_Free_D3Male.CSV
5,M_92_Maloney_Free_D3Male.CSV
4,M_92_Maloney_Free_D3Male.CSV
3,M_92_Maloney_Free_D3Male.CSV
3,M_92_Maloney_Free_D3Male.CSV
3,M_92_Maloney_Free_D3Male.CSV
5,M_92_Maloney_Free_D3Male.CSV
6,M_92_Maloney_Free_D3Male.CSV
6,M_92_Maloney_Free_D3Male.CSV
12,M_92_Maloney_Free_D3Male.CSV
4,M_92_Maloney_Free_D3Male.CSV
5,M_92_Maloney_Free_D3Male.CSV
7,M_93_Maloney_Free_D4Male.CSV
8,M_93_Maloney_Free_D4Male.CSV
9,M_93_Maloney_Free_D4Male.CSV
4,M_93_Maloney_Free_D4Male.CSV
10,M_93_Maloney_Free_D4Male.CSV
8,M_93_Maloney_Free_D4Male.CSV
3,M_93_Maloney_Free_D4Male.CSV
4,M_93_Maloney_Free_D4Male.CSV
4,M_93_Maloney_Free_D4Male.CSV
3,M_93_Maloney_Free_D4Male.CSV
8,M_93_Maloney_Free_D4Male.CSV
8,M_93_Maloney_Free_D4Male.CSV
7,M_93_Maloney_Free_D4Male.CSV
6,M_93_Maloney_Free_D4Male.CSV
7,M_93_Maloney_Free_D4Male.CSV
8,M_93_Maloney_Free_D4Male.CSV
10,M_93_Maloney_Free_D4Male.CSV
4,M_93_Maloney_Free_D4Male.CSV
10,M_93_Maloney_Free_D4Male.CSV
10,M_93_Maloney_Free_D4Male.CSV
5,M_93_Maloney_Free_D4Male.CSV
7,M_93_Maloney_Free_D4Male.CSV
3,M_93_Maloney_Free_D4Male.CSV
3,M_93_Maloney_Free_D4Male.CSV
3,M_93_Maloney_Free_D4Male.CSV
3,M_93_Maloney_Free_D4Male.CSV
6,M_93_Maloney_Free_D4Male.CSV
4,M_93_Maloney_Free_D4Male.CSV
5,M_93_Maloney_Free_D4Male.CSV
3,M_93_Maloney_Free_D4Male.CSV
7,M_93_Maloney_Free_D4Male.CSV
8,M_93_Maloney_Free_D4Male.CSV
4,M_93_Maloney_Free_D4Male.CSV
10,M_93_Maloney_Free_D4Male.CSV
5,M_93_Maloney_Free_D4Male.CSV
8,M_93_Maloney_Free_D4Male.CSV
7,M_93_Maloney_Free_D4Male.CSV
4,M_93_Maloney_Free_D4Male.CSV
6,M_93_Maloney_Free_D4Male.CSV
3,M_93_Maloney_Free_D4Male.CSV
3,M_93_Maloney_Free_D4Male.CSV
11,M_93_Maloney_Free_D4Male.CSV
7,M_93_Maloney_Free_D4Male.CSV
14,M_93_Maloney_Free_D4Male.CSV
10,M_93_Maloney_Free_D4Male.CSV
5,M_93_Maloney_Free_D4Male.CSV
10,M_94_McCutcheon_Free_FED00105032200.CSV
11,M_94_McCutcheon_Free_FED00105032200.CSV
3,M_94_McCutcheon_Free_FED00105032200.CSV
10,M_94_McCutcheon_Free_FED00105032200.CSV
6,M_94_McCutcheon_Free_FED00105032200.CSV
5,M_94_McCutcheon_Free_FED00105032200.CSV
7,M_94_McCutcheon_Free_FED00105032200.CSV
5,M_94_McCutcheon_Free_FED00105032200.CSV
3,M_94_McCutcheon_Free_FED00105032200.CSV
7,M_94_McCutcheon_Free_FED00105032200.CSV
3,M_94_McCutcheon_Free_FED00105032200.CSV
5,M_94_McCutcheon_Free_FED00105032200.CSV
5,M_94_McCutcheon_Free_FED00105032200.CSV
7,M_94_McCutcheon_Free_FED00105032200.CSV
9,M_94_McCutcheon_Free_FED00105032200.CSV
5,M_94_McCutcheon_Free_FED00105032200.CSV
8,M_94_McCutcheon_Free_FED00105032200.CSV
12,M_94_McCutcheon_Free_FED00105032200.CSV
10,M_94_McCutcheon_Free_FED00105032200.CSV
8,M_94_McCutcheon_Free_FED00105032200.CSV
7,M_94_McCutcheon_Free_FED00105032200.CSV
9,M_94_McCutcheon_Free_FED00105032200.CSV
4,M_94_McCutcheon_Free_FED00105032200.CSV
7,M_94_McCutcheon_Free_FED00105032200.CSV
7,M_94_McCutcheon_Free_FED00105032200.CSV
8,M_94_McCutcheon_Free_FED00105032200.CSV
6,M_94_McCutcheon_Free_FED00105032200.CSV
7,M_94_McCutcheon_Free_FED00105032200.CSV
9,M_94_McCutcheon_Free_FED00105032200.CSV
13,M_95_McCutcheon_Free_FED00205032200.CSV
4,M_95_McCutcheon_Free_FED00205032200.CSV
11,M_95_McCutcheon_Free_FED00205032200.CSV
7,M_95_McCutcheon_Free_FED00205032200.CSV
6,M_95_McCutcheon_Free_FED00205032200.CSV
7,M_95_McCutcheon_Free_FED00205032200.CSV
4,M_95_McCutcheon_Free_FED00205032200.CSV
4,M_95_McCutcheon_Free_FED00205032200.CSV
6,M_95_McCutcheon_Free_FED00205032200.CSV
5,M_95_McCutcheon_Free_FED00205032200.CSV
5,M_95_McCutcheon_Free_FED00205032200.CSV
4,M_95_McCutcheon_Free_FED00205032200.CSV
6,M_95_McCutcheon_Free_FED00205032200.CSV
4,M_95_McCutcheon_Free_FED00205032200.CSV
4,M_95_McCutcheon_Free_FED00205032200.CSV
7,M_95_McCutcheon_Free_FED00205032200.CSV
6,M_95_McCutcheon_Free_FED00205032200.CSV
5,M_95_McCutcheon_Free_FED00205032200.CSV
5,M_95_McCutcheon_Free_FED00205032200.CSV
8,M_95_McCutcheon_Free_FED00205032200.CSV
3,M_95_McCutcheon_Free_FED00205032200.CSV
4,M_95_McCutcheon_Free_FED00205032200.CSV
6,M_95_McCutcheon_Free_FED00205032200.CSV
5,M_95_McCutcheon_Free_FED00205032200.CSV
3,M_95_McCutcheon_Free_FED00205032200.CSV
5,M_95_McCutcheon_Free_FED00205032200.CSV
5,M_95_McCutcheon_Free_FED00205032200.CSV
3,M_95_McCutcheon_Free_FED00205032200.CSV
6,M_95_McCutcheon_Free_FED00205032200.CSV
6,M_95_McCutcheon_Free_FED00205032200.CSV
4,M_95_McCutcheon_Free_FED00205032200.CSV
3,M_95_McCutcheon_Free_FED00205032200.CSV
6,M_95_McCutcheon_Free_FED00205032200.CSV
5,M_97_McCutcheon_Free_FED00405032200.CSV
4,M_97_McCutcheon_Free_FED00405032200.CSV
3,M_97_McCutcheon_Free_FED00405032200.CSV
7,M_97_McCutcheon_Free_FED00405032200.CSV
7,M_97_McCutcheon_Free_FED00405032200.CSV
6,M_97_McCutcheon_Free_FED00405032200.CSV
7,M_97_McCutcheon_Free_FED00405032200.CSV
5,M_97_McCutcheon_Free_FED00405032200.CSV
5,M_97_McCutcheon_Free_FED00405032200.CSV
5,M_97_McCutcheon_Free_FED00405032200.CSV
5,M_97_McCutcheon_Free_FED00405032200.CSV
7,M_97_McCutcheon_Free_FED00405032200.CSV
6,M_97_McCutcheon_Free_FED00405032200.CSV
5,M_97_McCutcheon_Free_FED00405032200.CSV
7,M_97_McCutcheon_Free_FED00405032200.CSV
8,M_97_McCutcheon_Free_FED00405032200.CSV
6,M_97_McCutcheon_Free_FED00405032200.CSV
10,M_97_McCutcheon_Free_FED00405032200.CSV
8,M_97_McCutcheon_Free_FED00405032200.CSV
6,M_97_McCutcheon_Free_FED00405032200.CSV
7,M_97_McCutcheon_Free_FED00405032200.CSV
7,M_97_McCutcheon_Free_FED00405032200.CSV
11,M_97_McCutcheon_Free_FED00405032200.CSV
4,M_97_McCutcheon_Free_FED00405032200.CSV
5,M_97_McCutcheon_Free_FED00405032200.CSV
11,M_97_McCutcheon_Free_FED00405032200.CSV
9,M_97_McCutcheon_Free_FED00405032200.CSV
6,M_97_McCutcheon_Free_FED00405032200.CSV
6,M_97_McCutcheon_Free_FED00405032200.CSV
5,M_97_McCutcheon_Free_FED00405032200.CSV
6,M_97_McCutcheon_Free_FED00405032200.CSV
3,M_98_McCutcheon_Free_FED00505032200.CSV
4,M_98_McCutcheon_Free_FED00505032200.CSV
6,M_98_McCutcheon_Free_FED00505032200.CSV
5,M_98_McCutcheon_Free_FED00505032200.CSV
4,M_98_McCutcheon_Free_FED00505032200.CSV
4,M_98_McCutcheon_Free_FED00505032200.CSV
7,M_98_McCutcheon_Free_FED00505032200.CSV
4,M_98_McCutcheon_Free_FED00505032200.CSV
3,M_98_McCutcheon_Free_FED00505032200.CSV
4,M_98_McCutcheon_Free_FED00505032200.CSV
3,M_98_McCutcheon_Free_FED00505032200.CSV
4,M_98_McCutcheon_Free_FED00505032200.CSV
3,M_98_McCutcheon_Free_FED00505032200.CSV
5,M_98_McCutcheon_Free_FED00505032200.CSV
4,M_98_McCutcheon_Free_FED00505032200.CSV
5,M_98_McCutcheon_Free_FED00505032200.CSV
4,M_98_McCutcheon_Free_FED00505032200.CSV
6,M_98_McCutcheon_Free_FED00505032200.CSV
6,M_98_McCutcheon_Free_FED00505032200.CSV
4,M_98_McCutcheon_Free_FED00505032200.CSV
6,M_98_McCutcheon_Free_FED00505032200.CSV
7,M_98_McCutcheon_Free_FED00505032200.CSV
7,M_98_McCutcheon_Free_FED00505032200.CSV
9,M_98_McCutcheon_Free_FED00505032200.CSV
3,M_98_McCutcheon_Free_FED00505032200.CSV
4,M_98_McCutcheon_Free_FED00505032200.CSV
4,M_98_McCutcheon_Free_FED00505032200.CSV
6,M_98_McCutcheon_Free_FED00505032200.CSV
6,M_98_McCutcheon_Free_FED00505032200.CSV
5,M_98_McCutcheon_Free_FED00505032200.CSV
6,M_98_McCutcheon_Free_FED00505032200.CSV
12,M_98_McCutcheon_Free_FED00505032200.CSV
4,M_98_McCutcheon_Free_FED00505032200.CSV
4,M_98_McCutcheon_Free_FED00505032200.CSV
4,M_98_McCutcheon_Free_FED00505032200.CSV
5,M_98_McCutcheon_Free_FED00505032200.CSV
4,M_98_McCutcheon_Free_FED00505032200.CSV
5,M_98_McCutcheon_Free_FED00505032200.CSV
3,M_98_McCutcheon_Free_FED00505032200.CSV
4,M_98_McCutcheon_Free_FED00505032200.CSV
4,M_98_McCutcheon_Free_FED00505032200.CSV
7,M_98_McCutcheon_Free_FED00505032200.CSV
3,M_99_McCutcheon_Free_FED00605032200.CSV
5,M_99_McCutcheon_Free_FED00605032200.CSV
7,M_99_McCutcheon_Free_FED00605032200.CSV
5,M_99_McCutcheon_Free_FED00605032200.CSV
3,M_99_McCutcheon_Free_FED00605032200.CSV
5,M_99_McCutcheon_Free_FED00605032200.CSV
3,M_99_McCutcheon_Free_FED00605032200.CSV
4,M_99_McCutcheon_Free_FED00605032200.CSV
4,M_99_McCutcheon_Free_FED00605032200.CSV
6,M_99_McCutcheon_Free_FED00605032200.CSV
4,M_99_McCutcheon_Free_FED00605032200.CSV
4,M_99_McCutcheon_Free_FED00605032200.CSV
3,M_99_McCutcheon_Free_FED00605032200.CSV
3,M_99_McCutcheon_Free_FED00605032200.CSV
5,M_99_McCutcheon_Free_FED00605032200.CSV
4,M_99_McCutcheon_Free_FED00605032200.CSV
3,M_99_McCutcheon_Free_FED00605032200.CSV
4,M_99_McCutcheon_Free_FED00605032200.CSV
3,M_99_McCutcheon_Free_FED00605032200.CSV
4,M_99_McCutcheon_Free_FED00605032200.CSV
5,M_99_McCutcheon_Free_FED00605032200.CSV
6,M_99_McCutcheon_Free_FED00605032200.CSV
3,M_99_McCutcheon_Free_FED00605032200.CSV
8,M_99_McCutcheon_Free_FED00605032200.CSV
6,M_99_McCutcheon_Free_FED00605032200.CSV
4,M_99_McCutcheon_Free_FED00605032200.CSV
4,M_99_McCutcheon_Free_FED00605032200.CSV
8,M_99_McCutcheon_Free_FED00605032200.CSV
6,M_99_McCutcheon_Free_FED00605032200.CSV
6,M_99_McCutcheon_Free_FED00605032200.CSV
6,M_99_McCutcheon_Free_FED00605032200.CSV
6,M_99_McCutcheon_Free_FED00605032200.CSV
4,M_99_McCutcheon_Free_FED00605032200.CSV
4,M_96_McCutcheon_Free_FED00305032200.CSV
3,M_96_McCutcheon_Free_FED00305032200.CSV
8,M_96_McCutcheon_Free_FED00305032200.CSV
3,M_96_McCutcheon_Free_FED00305032200.CSV
5,M_96_McCutcheon_Free_FED00305032200.CSV
7,M_96_McCutcheon_Free_FED00305032200.CSV
4,M_96_McCutcheon_Free_FED00305032200.CSV
4,M_96_McCutcheon_Free_FED00305032200.CSV
6,M_96_McCutcheon_Free_FED00305032200.CSV
4,M_96_McCutcheon_Free_FED00305032200.CSV
7,M_96_McCutcheon_Free_FED00305032200.CSV
4,M_96_McCutcheon_Free_FED00305032200.CSV
5,M_96_McCutcheon_Free_FED00305032200.CSV
5,M_96_McCutcheon_Free_FED00305032200.CSV
4,M_96_McCutcheon_Free_FED00305032200.CSV
6,M_96_McCutcheon_Free_FED00305032200.CSV
4,M_96_McCutcheon_Free_FED00305032200.CSV
6,M_96_McCutcheon_Free_FED00305032200.CSV
3,M_96_McCutcheon_Free_FED00305032200.CSV
4,M_96_McCutcheon_Free_FED00305032200.CSV
10,M_96_McCutcheon_Free_FED00305032200.CSV
6,M_96_McCutcheon_Free_FED00305032200.CSV
6,M_96_McCutcheon_Free_FED00305032200.CSV
5,M_96_McCutcheon_Free_FED00305032200.CSV
10,M_96_McCutcheon_Free_FED00305032200.CSV
8,M_96_McCutcheon_Free_FED00305032200.CSV
8,M_96_McCutcheon_Free_FED00305032200.CSV
5,M_96_McCutcheon_Free_FED00305032200.CSV
6,M_96_McCutcheon_Free_FED00305032200.CSV
12,M_96_McCutcheon_Free_FED00305032200.CSV
6,M_96_McCutcheon_Free_FED00305032200.CSV
8,M_96_McCutcheon_Free_FED00305032200.CSV
4,M_96_McCutcheon_Free_FED00305032200.CSV
9,M_96_McCutcheon_Free_FED00305032200.CSV
6,M_96_McCutcheon_Free_FED00305032200.CSV
8,F_106_Ames_Free_WT11F.csv
7,F_106_Ames_Free_WT11F.csv
4,F_106_Ames_Free_WT11F.csv
9,F_106_Ames_Free_WT11F.csv
9,F_106_Ames_Free_WT11F.csv
10,F_106_Ames_Free_WT11F.csv
10,F_106_Ames_Free_WT11F.csv
9,F_106_Ames_Free_WT11F.csv
9,F_106_Ames_Free_WT11F.csv
6,F_106_Ames_Free_WT11F.csv
11,F_106_Ames_Free_WT11F.csv
10,F_106_Ames_Free_WT11F.csv
9,F_106_Ames_Free_WT11F.csv
10,F_106_Ames_Free_WT11F.csv
10,F_106_Ames_Free_WT11F.csv
12,F_106_Ames_Free_WT11F.csv
13,F_106_Ames_Free_WT11F.csv
9,F_106_Ames_Free_WT11F.csv
9,F_106_Ames_Free_WT11F.csv
12,F_106_Ames_Free_WT11F.csv
9,F_106_Ames_Free_WT11F.csv
12,F_108_Ames_Free_WT7F.csv
8,F_108_Ames_Free_WT7F.csv
10,F_108_Ames_Free_WT7F.csv
10,F_108_Ames_Free_WT7F.csv
9,F_108_Ames_Free_WT7F.csv
11,F_108_Ames_Free_WT7F.csv
9,F_108_Ames_Free_WT7F.csv
12,F_108_Ames_Free_WT7F.csv
8,F_108_Ames_Free_WT7F.csv
8,F_108_Ames_Free_WT7F.csv
8,F_108_Ames_Free_WT7F.csv
9,F_108_Ames_Free_WT7F.csv
7,F_108_Ames_Free_WT7F.csv
9,F_108_Ames_Free_WT7F.csv
10,F_108_Ames_Free_WT7F.csv
3,F_108_Ames_Free_WT7F.csv
8,F_108_Ames_Free_WT7F.csv
7,F_108_Ames_Free_WT7F.csv
12,F_108_Ames_Free_WT7F.csv
5,F_108_Ames_Free_WT7F.csv
15,M_109_Ames_Free_WT13M.csv
18,M_109_Ames_Free_WT13M.csv
3,M_109_Ames_Free_WT13M.csv
16,M_109_Ames_Free_WT13M.csv
14,M_109_Ames_Free_WT13M.csv
10,M_109_Ames_Free_WT13M.csv
5,M_109_Ames_Free_WT13M.csv
10,M_109_Ames_Free_WT13M.csv
12,M_109_Ames_Free_WT13M.csv
16,M_109_Ames_Free_WT13M.csv
12,M_109_Ames_Free_WT13M.csv
6,M_109_Ames_Free_WT13M.csv
12,M_109_Ames_Free_WT13M.csv
9,M_109_Ames_Free_WT13M.csv
14,M_109_Ames_Free_WT13M.csv
10,M_109_Ames_Free_WT13M.csv
8,M_109_Ames_Free_WT13M.csv
6,M_109_Ames_Free_WT13M.csv
3,M_109_Ames_Free_WT13M.csv
10,M_109_Ames_Free_WT13M.csv
8,M_109_Ames_Free_WT13M.csv
5,F_107_Ames_Free_WT17F.csv
6,F_107_Ames_Free_WT17F.csv
3,F_107_Ames_Free_WT17F.csv
3,F_107_Ames_Free_WT17F.csv
4,F_107_Ames_Free_WT17F.csv
6,F_107_Ames_Free_WT17F.csv
3,F_107_Ames_Free_WT17F.csv
4,F_107_Ames_Free_WT17F.csv
4,F_107_Ames_Free_WT17F.csv
3,F_107_Ames_Free_WT17F.csv
4,F_107_Ames_Free_WT17F.csv
3,F_107_Ames_Free_WT17F.csv
4,F_107_Ames_Free_WT17F.csv
4,F_107_Ames_Free_WT17F.csv
3,F_107_Ames_Free_WT17F.csv
5,F_107_Ames_Free_WT17F.csv
3,F_107_Ames_Free_WT17F.csv
4,F_107_Ames_Free_WT17F.csv
3,F_107_Ames_Free_WT17F.csv
4,F_107_Ames_Free_WT17F.csv
7,M_110_Ames_Free_WT14M.csv
3,M_110_Ames_Free_WT14M.csv
5,M_110_Ames_Free_WT14M.csv
5,M_110_Ames_Free_WT14M.csv
4,M_110_Ames_Free_WT14M.csv
3,M_110_Ames_Free_WT14M.csv
7,M_110_Ames_Free_WT14M.csv
3,M_110_Ames_Free_WT14M.csv
5,M_110_Ames_Free_WT14M.csv
4,M_110_Ames_Free_WT14M.csv
3,M_110_Ames_Free_WT14M.csv
5,M_110_Ames_Free_WT14M.csv
3,M_110_Ames_Free_WT14M.csv
4,M_110_Ames_Free_WT14M.csv
4,M_110_Ames_Free_WT14M.csv
3,M_110_Ames_Free_WT14M.csv
7,M_110_Ames_Free_WT14M.csv
3,M_110_Ames_Free_WT14M.csv
3,M_110_Ames_Free_WT14M.csv
3,M_110_Ames_Free_WT14M.csv
3,M_110_Ames_Free_WT14M.csv
6,M_110_Ames_Free_WT14M.csv
4,M_110_Ames_Free_WT14M.csv
3,M_110_Ames_Free_WT14M.csv
4,M_110_Ames_Free_WT14M.csv
3,M_110_Ames_Free_WT14M.csv
4,M_110_Ames_Free_WT14M.csv
3,M_110_Ames_Free_WT14M.csv
3,M_110_Ames_Free_WT14M.csv
3,M_110_Ames_Free_WT14M.csv
4,M_110_Ames_Free_WT14M.csv
5,M_110_Ames_Free_WT14M.csv
8,M_110_Ames_Free_WT14M.csv
3,M_110_Ames_Free_WT14M.csv
4,M_110_Ames_Free_WT14M.csv
5,M_110_Ames_Free_WT14M.csv
3,M_110_Ames_Free_WT14M.csv
5,M_110_Ames_Free_WT14M.csv
8,M_110_Ames_Free_WT14M.csv
5,M_111_Ames_Free_WT16M.csv
6,M_111_Ames_Free_WT16M.csv
12,M_111_Ames_Free_WT16M.csv
9,M_111_Ames_Free_WT16M.csv
11,M_111_Ames_Free_WT16M.csv
10,M_111_Ames_Free_WT16M.csv
9,M_111_Ames_Free_WT16M.csv
3,M_111_Ames_Free_WT16M.csv
7,M_111_Ames_Free_WT16M.csv
7,M_111_Ames_Free_WT16M.csv
9,M_111_Ames_Free_WT16M.csv
8,M_111_Ames_Free_WT16M.csv
8,M_111_Ames_Free_WT16M.csv
10,M_111_Ames_Free_WT16M.csv
6,M_111_Ames_Free_WT16M.csv
6,M_111_Ames_Free_WT16M.csv
7,M_111_Ames_Free_WT16M.csv
10,M_111_Ames_Free_WT16M.csv
10,M_111_Ames_Free_WT16M.csv
11,M_111_Ames_Free_WT16M.csv
7,M_111_Ames_Free_WT16M.csv
9,M_111_Ames_Free_WT16M.csv
5,M_111_Ames_Free_WT16M.csv
8,M_111_Ames_Free_WT16M.csv
6,M_112_Ames_Free_WT7M.csv
11,M_112_Ames_Free_WT7M.csv
13,M_112_Ames_Free_WT7M.csv
3,M_112_Ames_Free_WT7M.csv
9,M_112_Ames_Free_WT7M.csv
3,M_112_Ames_Free_WT7M.csv
16,M_112_Ames_Free_WT7M.csv
5,M_112_Ames_Free_WT7M.csv
7,M_112_Ames_Free_WT7M.csv
3,M_112_Ames_Free_WT7M.csv
8,M_112_Ames_Free_WT7M.csv
5,M_112_Ames_Free_WT7M.csv
3,M_112_Ames_Free_WT7M.csv
7,M_112_Ames_Free_WT7M.csv
5,M_112_Ames_Free_WT7M.csv
6,M_112_Ames_Free_WT7M.csv
3,M_112_Ames_Free_WT7M.csv
3,M_112_Ames_Free_WT7M.csv
8,M_112_Ames_Free_WT7M.csv
7,M_112_Ames_Free_WT7M.csv
9,M_112_Ames_Free_WT7M.csv
9,M_112_Ames_Free_WT7M.csv
7,M_112_Ames_Free_WT7M.csv
10,M_112_Ames_Free_WT7M.csv
8,M_112_Ames_Free_WT7M.csv
7,M_112_Ames_Free_WT7M.csv
5,M_112_Ames_Free_WT7M.csv
5,M_112_Ames_Free_WT7M.csv
8,M_112_Ames_Free_WT7M.csv
3,M_112_Ames_Free_WT7M.csv
