ID_,date_,hour_,Pellet_Count_max,Pellet_Count_min,MM:DD:YYYY hh:mm:ss_first,Sex_first,Task_first,Pellet_count_change
1,2022-02-07,6,813,804,2022-02-07 12:41:55,M,Free,9
1,2022-02-07,8,815,814,2022-02-07 14:25:07,M,Free,1
1,2022-02-07,9,822,816,2022-02-07 15:22:39,M,Free,6
1,2022-02-07,10,826,823,2022-02-07 16:49:37,M,Free,3
1,2022-02-07,12,831,827,2022-02-07 18:38:44,M,Free,4
1,2022-02-07,13,834,832,2022-02-07 19:17:57,M,Free,2
1,2022-02-07,14,841,834,2022-02-07 20:14:35,M,Free,7
1,2022-02-07,15,857,842,2022-02-07 21:10:55,M,Free,15
1,2022-02-07,16,880,857,2022-02-07 22:00:10,M,Free,23
1,2022-02-07,17,893,881,2022-02-07 23:00:02,M,Free,12
1,2022-02-08,18,905,894,2022-02-08 00:17:51,M,Free,11
1,2022-02-08,19,938,906,2022-02-08 01:00:39,M,Free,32
1,2022-02-08,20,945,939,2022-02-08 02:01:50,M,Free,6
1,2022-02-08,21,956,946,2022-02-08 03:06:32,M,Free,10
1,2022-02-08,22,966,957,2022-02-08 04:08:40,M,Free,9
1,2022-02-08,0,1009,967,2022-02-08 06:24:21,M,Free,42
1,2022-02-08,1,1013,1010,2022-02-08 07:00:01,M,Free,3
1,2022-02-08,2,1040,1014,2022-02-08 08:44:52,M,Free,26
1,2022-02-08,3,1046,1041,2022-02-08 09:08:46,M,Free,5
1,2022-02-08,5,1053,1047,2022-02-08 11:43:31,M,Free,6
1,2022-02-08,6,1054,1053,2022-02-08 12:01:35,M,Free,1
1,2022-04-26,9,1,0,2022-04-26 15:55:04,M,FR1,1
1,2022-04-26,10,5,1,2022-04-26 16:03:42,M,FR1,4
1,2022-04-26,11,11,5,2022-04-26 17:02:52,M,FR1,6
1,2022-04-26,14,14,11,2022-04-26 20:50:10,M,FR1,3
1,2022-04-26,15,25,14,2022-04-26 21:29:03,M,FR1,11
1,2022-04-26,16,37,25,2022-04-26 22:02:34,M,FR1,12
1,2022-04-26,17,49,37,2022-04-26 23:13:27,M,FR1,12
1,2022-04-27,18,62,49,2022-04-27 00:13:42,M,FR1,13
1,2022-04-27,20,73,62,2022-04-27 02:35:38,M,FR1,11
1,2022-04-27,21,80,73,2022-04-27 03:03:03,M,FR1,7
1,2022-04-27,22,90,80,2022-04-27 04:33:40,M,FR1,10
1,2022-04-27,23,96,90,2022-04-27 05:39:04,M,FR1,6
1,2022-04-27,0,104,96,2022-04-27 06:05:27,M,FR1,8
1,2022-04-27,1,112,104,2022-04-27 07:02:58,M,FR1,8
1,2022-04-27,3,119,112,2022-04-27 09:31:38,M,FR1,7
1,2022-04-27,4,121,119,2022-04-27 10:05:19,M,FR1,2
1,2022-04-27,6,126,121,2022-04-27 12:28:29,M,FR1,5
1,2022-04-27,7,135,126,2022-04-27 13:51:47,M,FR1,9
1,2022-04-27,8,139,135,2022-04-27 14:08:48,M,FR1,4
1,2022-04-27,9,148,139,2022-04-27 15:00:15,M,FR1,9
10,2022-02-07,6,956,947,2022-02-07 12:50:02,M,Free,9
10,2022-02-07,9,970,957,2022-02-07 15:04:37,M,Free,13
10,2022-02-07,10,975,971,2022-02-07 16:46:25,M,Free,4
10,2022-02-07,11,978,976,2022-02-07 17:26:16,M,Free,2
10,2022-02-07,12,984,979,2022-02-07 18:58:46,M,Free,5
10,2022-02-07,13,992,985,2022-02-07 19:00:06,M,Free,7
10,2022-02-07,14,1007,993,2022-02-07 20:12:00,M,Free,14
10,2022-02-07,15,1015,1007,2022-02-07 21:23:14,M,Free,8
10,2022-02-07,16,1035,1016,2022-02-07 22:03:07,M,Free,19
10,2022-02-07,17,1047,1036,2022-02-07 23:15:04,M,Free,11
10,2022-02-08,18,1053,1048,2022-02-08 00:58:16,M,Free,5
10,2022-02-08,19,1055,1054,2022-02-08 01:50:07,M,Free,1
10,2022-02-08,20,1067,1056,2022-02-08 02:01:01,M,Free,11
10,2022-02-08,21,1080,1068,2022-02-08 03:06:51,M,Free,12
10,2022-02-08,22,1090,1081,2022-02-08 04:38:03,M,Free,9
10,2022-02-08,23,1107,1090,2022-02-08 05:14:23,M,Free,17
10,2022-02-08,0,1113,1108,2022-02-08 06:27:51,M,Free,5
10,2022-02-08,1,1129,1114,2022-02-08 07:23:09,M,Free,15
10,2022-02-08,2,1153,1129,2022-02-08 08:02:47,M,Free,24
10,2022-02-08,4,1160,1154,2022-02-08 10:55:44,M,Free,6
10,2022-02-08,5,1161,1161,2022-02-08 11:57:46,M,Free,0
10,2022-02-08,6,1162,1161,2022-02-08 12:02:45,M,Free,1
10,2022-04-26,9,1,0,2022-04-26 15:55:11,M,FR1,1
10,2022-04-26,10,6,1,2022-04-26 16:03:47,M,FR1,5
10,2022-04-26,11,10,6,2022-04-26 17:05:18,M,FR1,4
10,2022-04-26,12,13,10,2022-04-26 18:06:54,M,FR1,3
10,2022-04-26,14,15,13,2022-04-26 20:05:51,M,FR1,2
10,2022-04-26,15,23,15,2022-04-26 21:34:16,M,FR1,8
10,2022-04-26,16,37,23,2022-04-26 22:00:14,M,FR1,14
10,2022-04-26,17,38,37,2022-04-26 23:59:17,M,FR1,1
10,2022-04-27,18,45,38,2022-04-27 00:00:03,M,FR1,7
10,2022-04-27,20,54,45,2022-04-27 02:16:33,M,FR1,9
10,2022-04-27,21,56,54,2022-04-27 03:33:45,M,FR1,2
10,2022-04-27,23,61,56,2022-04-27 05:03:40,M,FR1,5
10,2022-04-27,0,74,61,2022-04-27 06:00:28,M,FR1,13
10,2022-04-27,2,92,74,2022-04-27 08:01:34,M,FR1,18
10,2022-04-27,3,94,92,2022-04-27 09:16:23,M,FR1,2
10,2022-04-27,4,97,94,2022-04-27 10:58:07,M,FR1,3
10,2022-04-27,7,105,97,2022-04-27 13:04:12,M,FR1,8
10,2022-04-27,9,110,105,2022-04-27 15:08:27,M,FR1,5
106,2023-09-15,11,208,200,2023-09-15 17:11:21,F,Free,8
106,2023-09-15,12,221,209,2023-09-15 18:11:08,F,Free,12
106,2023-09-15,13,230,222,2023-09-15 19:46:22,F,Free,8
106,2023-09-15,14,239,230,2023-09-15 20:15:31,F,Free,9
106,2023-09-15,15,259,239,2023-09-15 21:03:28,F,Free,20
106,2023-09-15,16,278,260,2023-09-15 22:05:13,F,Free,18
106,2023-09-15,17,284,279,2023-09-15 23:21:50,F,Free,5
106,2023-09-16,18,305,285,2023-09-16 00:04:04,F,Free,20
106,2023-09-16,19,305,305,2023-09-16 01:35:48,F,Free,0
106,2023-09-16,21,306,306,2023-09-16 03:59:48,F,Free,0
106,2023-09-16,22,324,307,2023-09-16 04:00:11,F,Free,17
106,2023-09-16,23,334,324,2023-09-16 05:06:35,F,Free,10
106,2023-09-16,0,347,335,2023-09-16 06:17:49,F,Free,12
106,2023-09-16,2,360,348,2023-09-16 08:46:46,F,Free,12
106,2023-09-16,3,360,360,2023-09-16 09:26:37,F,Free,0
106,2023-09-16,6,369,361,2023-09-16 12:03:05,F,Free,8
106,2023-09-16,7,378,370,2023-09-16 13:27:06,F,Free,8
106,2023-09-16,9,390,379,2023-09-16 15:38:34,F,Free,11
106,2023-09-16,10,399,391,2023-09-16 16:27:35,F,Free,8
106,2023-09-24,12,1,0,2023-09-24 18:00:00,F,FR1,1
106,2023-09-24,13,2,1,2023-09-24 19:21:56,F,FR1,1
106,2023-09-24,14,5,2,2023-09-24 20:05:51,F,FR1,3
106,2023-09-24,15,34,5,2023-09-24 21:04:48,F,FR1,29
106,2023-09-24,16,43,34,2023-09-24 22:03:43,F,FR1,9
106,2023-09-24,17,75,43,2023-09-24 23:02:28,F,FR1,32
106,2023-09-25,18,89,75,2023-09-25 00:13:06,F,FR1,14
106,2023-09-25,19,108,89,2023-09-25 01:12:01,F,FR1,19
106,2023-09-25,20,124,108,2023-09-25 02:05:44,F,FR1,16
106,2023-09-25,21,131,124,2023-09-25 03:45:56,F,FR1,7
106,2023-09-25,22,138,131,2023-09-25 04:03:36,F,FR1,7
106,2023-09-25,23,156,138,2023-09-25 05:10:11,F,FR1,18
106,2023-09-25,0,163,156,2023-09-25 06:10:29,F,FR1,7
106,2023-09-25,1,174,163,2023-09-25 07:45:37,F,FR1,11
106,2023-09-25,2,177,174,2023-09-25 08:08:03,F,FR1,3
106,2023-09-25,3,185,177,2023-09-25 09:07:39,F,FR1,8
106,2023-09-25,4,189,185,2023-09-25 10:00:10,F,FR1,4
106,2023-09-25,5,199,189,2023-09-25 11:06:40,F,FR1,10
106,2023-09-25,6,206,199,2023-09-25 12:34:12,F,FR1,7
106,2023-09-25,7,213,206,2023-09-25 13:12:13,F,FR1,7
106,2023-09-25,8,221,213,2023-09-25 14:18:20,F,FR1,8
106,2023-09-25,10,234,221,2023-09-25 16:10:15,F,FR1,13
106,2023-09-25,11,240,234,2023-09-25 17:28:50,F,FR1,6
107,2023-09-15,13,142,137,2023-09-15 19:53:13,F,Free,5
107,2023-09-15,14,151,143,2023-09-15 20:30:28,F,Free,8
107,2023-09-15,15,160,151,2023-09-15 21:14:31,F,Free,9
107,2023-09-15,16,170,161,2023-09-15 22:05:16,F,Free,9
107,2023-09-15,17,180,171,2023-09-15 23:04:58,F,Free,9
107,2023-09-16,18,185,181,2023-09-16 00:07:28,F,Free,4
107,2023-09-16,19,191,186,2023-09-16 01:01:15,F,Free,5
107,2023-09-16,20,198,192,2023-09-16 02:09:34,F,Free,6
107,2023-09-16,21,203,199,2023-09-16 03:06:16,F,Free,4
107,2023-09-16,22,206,204,2023-09-16 04:18:03,F,Free,2
107,2023-09-16,23,209,207,2023-09-16 05:06:02,F,Free,2
107,2023-09-16,0,213,210,2023-09-16 06:04:07,F,Free,3
107,2023-09-16,1,215,214,2023-09-16 07:24:30,F,Free,1
107,2023-09-16,2,220,216,2023-09-16 08:14:29,F,Free,4
107,2023-09-16,3,223,221,2023-09-16 09:01:58,F,Free,2
107,2023-09-16,4,230,224,2023-09-16 10:26:23,F,Free,6
107,2023-09-16,5,235,231,2023-09-16 11:28:10,F,Free,4
107,2023-09-16,6,240,236,2023-09-16 12:39:36,F,Free,4
107,2023-09-16,7,244,241,2023-09-16 13:13:32,F,Free,3
107,2023-09-16,8,248,245,2023-09-16 14:16:23,F,Free,3
107,2023-09-16,9,256,249,2023-09-16 15:23:47,F,Free,7
107,2023-09-16,10,261,257,2023-09-16 16:21:45,F,Free,4
107,2023-09-16,11,264,262,2023-09-16 17:50:45,F,Free,2
107,2023-09-16,12,265,265,2023-09-16 18:17:49,F,Free,0
107,2023-09-16,13,269,266,2023-09-16 19:03:06,F,Free,3
107,2023-09-24,12,0,0,2023-09-24 18:00:00,F,FR1,0
107,2023-09-24,15,18,0,2023-09-24 21:03:01,F,FR1,18
107,2023-09-24,16,51,18,2023-09-24 22:03:16,F,FR1,33
107,2023-09-24,17,58,51,2023-09-24 23:14:24,F,FR1,7
107,2023-09-25,18,81,58,2023-09-25 00:04:33,F,FR1,23
107,2023-09-25,19,97,81,2023-09-25 01:20:38,F,FR1,16
107,2023-09-25,20,117,97,2023-09-25 02:29:16,F,FR1,20
107,2023-09-25,21,118,117,2023-09-25 03:35:11,F,FR1,1
107,2023-09-25,22,128,118,2023-09-25 04:02:50,F,FR1,10
107,2023-09-25,23,137,128,2023-09-25 05:30:26,F,FR1,9
107,2023-09-25,0,162,137,2023-09-25 06:02:50,F,FR1,25
107,2023-09-25,1,168,162,2023-09-25 07:00:21,F,FR1,6
107,2023-09-25,3,176,168,2023-09-25 09:21:38,F,FR1,8
107,2023-09-25,4,184,176,2023-09-25 10:45:47,F,FR1,8
107,2023-09-25,5,190,184,2023-09-25 11:47:42,F,FR1,6
107,2023-09-25,6,195,190,2023-09-25 12:38:55,F,FR1,5
107,2023-09-25,7,204,195,2023-09-25 13:34:06,F,FR1,9
107,2023-09-25,8,209,204,2023-09-25 14:05:19,F,FR1,5
107,2023-09-25,9,217,209,2023-09-25 15:00:14,F,FR1,8
107,2023-09-25,10,224,217,2023-09-25 16:09:18,F,FR1,7
107,2023-09-25,11,229,224,2023-09-25 17:16:19,F,FR1,5
108,2023-08-06,12,217,217,2023-08-06 18:27:20,F,Free,0
108,2023-08-06,13,229,217,2023-08-06 19:45:06,F,Free,12
108,2023-08-06,14,239,230,2023-08-06 20:27:33,F,Free,9
108,2023-08-06,15,253,239,2023-08-06 21:02:40,F,Free,14
108,2023-08-06,16,270,254,2023-08-06 22:00:04,F,Free,16
108,2023-08-06,17,282,271,2023-08-06 23:05:59,F,Free,11
108,2023-08-07,18,291,283,2023-08-07 00:34:32,F,Free,8
108,2023-08-07,19,303,291,2023-08-07 01:14:46,F,Free,12
108,2023-08-07,20,312,303,2023-08-07 02:00:04,F,Free,9
108,2023-08-07,21,320,312,2023-08-07 03:01:22,F,Free,8
108,2023-08-07,22,328,321,2023-08-07 04:28:16,F,Free,7
108,2023-08-07,23,345,329,2023-08-07 05:00:15,F,Free,16
108,2023-08-07,0,354,346,2023-08-07 06:26:13,F,Free,8
108,2023-08-07,1,354,354,2023-08-07 07:35:10,F,Free,0
108,2023-08-07,3,367,354,2023-08-07 09:37:22,F,Free,13
108,2023-08-07,4,367,367,2023-08-07 10:20:34,F,Free,0
108,2023-08-07,6,376,368,2023-08-07 12:37:48,F,Free,8
108,2023-08-07,7,383,377,2023-08-07 13:39:14,F,Free,6
108,2023-08-07,10,395,384,2023-08-07 16:26:42,F,Free,11
108,2023-08-07,12,400,396,2023-08-07 18:18:10,F,Free,4
108,2023-08-15,12,0,0,2023-08-15 18:00:00,F,FR1,0
108,2023-08-15,13,1,1,2023-08-15 19:22:23,F,FR1,0
108,2023-08-15,14,2,1,2023-08-15 20:50:40,F,FR1,1
108,2023-08-15,15,3,2,2023-08-15 21:58:42,F,FR1,1
108,2023-08-15,16,27,3,2023-08-15 22:09:16,F,FR1,24
108,2023-08-15,17,44,27,2023-08-15 23:04:25,F,FR1,17
108,2023-08-16,18,52,44,2023-08-16 00:22:21,F,FR1,8
108,2023-08-16,19,67,52,2023-08-16 01:02:45,F,FR1,15
108,2023-08-16,20,79,67,2023-08-16 02:05:36,F,FR1,12
108,2023-08-16,21,90,79,2023-08-16 03:13:59,F,FR1,11
108,2023-08-16,22,99,90,2023-08-16 04:22:25,F,FR1,9
108,2023-08-16,23,113,99,2023-08-16 05:04:45,F,FR1,14
108,2023-08-16,0,113,113,2023-08-16 06:01:34,F,FR1,0
108,2023-08-16,1,114,113,2023-08-16 07:58:33,F,FR1,1
108,2023-08-16,2,126,114,2023-08-16 08:00:00,F,FR1,12
108,2023-08-16,4,134,126,2023-08-16 10:35:18,F,FR1,8
108,2023-08-16,5,134,134,2023-08-16 11:18:16,F,FR1,0
108,2023-08-16,7,143,134,2023-08-16 13:07:12,F,FR1,9
108,2023-08-16,8,144,143,2023-08-16 14:59:52,F,FR1,1
108,2023-08-16,9,152,144,2023-08-16 15:00:22,F,FR1,8
108,2023-08-16,10,160,152,2023-08-16 16:24:14,F,FR1,8
108,2023-08-16,11,166,160,2023-08-16 17:20:17,F,FR1,6
109,2023-09-15,13,327,312,2023-09-15 19:34:52,M,Free,15
109,2023-09-15,14,347,327,2023-09-15 20:36:59,M,Free,20
109,2023-09-15,15,357,348,2023-09-15 21:00:40,M,Free,9
109,2023-09-15,16,388,358,2023-09-15 22:02:13,M,Free,30
109,2023-09-15,17,406,389,2023-09-15 23:10:09,M,Free,17
109,2023-09-16,18,429,406,2023-09-16 00:04:42,M,Free,23
109,2023-09-16,20,429,429,2023-09-16 02:49:44,M,Free,0
109,2023-09-16,21,461,430,2023-09-16 03:03:26,M,Free,31
109,2023-09-16,22,468,462,2023-09-16 04:04:43,M,Free,6
109,2023-09-16,23,482,469,2023-09-16 05:32:17,M,Free,13
109,2023-09-16,1,505,483,2023-09-16 07:13:45,M,Free,22
109,2023-09-16,9,536,525,2023-09-16 15:41:51,M,Free,11
109,2023-09-16,11,546,537,2023-09-16 17:48:38,M,Free,9
109,2023-09-16,12,554,547,2023-09-16 18:21:00,M,Free,7
109,2023-09-24,12,0,0,2023-09-24 18:00:00,M,FR1,0
109,2023-09-24,13,1,0,2023-09-24 19:49:39,M,FR1,1
109,2023-09-24,14,20,1,2023-09-24 20:05:13,M,FR1,19
109,2023-09-24,15,31,20,2023-09-24 21:00:38,M,FR1,11
109,2023-09-24,16,62,32,2023-09-24 22:00:53,M,FR1,30
109,2023-09-24,17,71,62,2023-09-24 23:03:56,M,FR1,9
109,2023-09-25,18,81,71,2023-09-25 00:37:26,M,FR1,10
109,2023-09-25,19,101,81,2023-09-25 01:00:13,M,FR1,20
109,2023-09-25,20,105,101,2023-09-25 02:52:37,M,FR1,4
109,2023-09-25,21,127,105,2023-09-25 03:06:18,M,FR1,22
109,2023-09-25,23,138,127,2023-09-25 05:09:13,M,FR1,11
109,2023-09-25,0,150,138,2023-09-25 06:00:26,M,FR1,12
109,2023-09-25,1,150,150,2023-09-25 07:05:33,M,FR1,0
109,2023-09-25,2,150,150,2023-09-25 08:08:27,M,FR1,0
109,2023-09-25,4,150,150,2023-09-25 10:54:07,M,FR1,0
109,2023-09-25,5,154,151,2023-09-25 11:00:30,M,FR1,3
109,2023-09-25,7,160,154,2023-09-25 13:31:34,M,FR1,6
109,2023-09-25,9,172,160,2023-09-25 15:02:12,M,FR1,12
109,2023-09-25,11,184,172,2023-09-25 17:20:47,M,FR1,12
11,2022-02-07,7,746,743,2022-02-07 13:58:44,M,Free,3
11,2022-02-07,8,751,747,2022-02-07 14:39:31,M,Free,4
11,2022-02-07,10,758,752,2022-02-07 16:46:50,M,Free,6
11,2022-02-07,12,761,759,2022-02-07 18:31:29,M,Free,2
11,2022-02-07,13,771,762,2022-02-07 19:19:49,M,Free,9
11,2022-02-07,14,780,772,2022-02-07 20:38:26,M,Free,8
11,2022-02-07,15,799,780,2022-02-07 21:09:02,M,Free,19
11,2022-02-07,16,809,800,2022-02-07 22:29:05,M,Free,9
11,2022-02-07,17,821,809,2022-02-07 23:05:48,M,Free,12
11,2022-02-08,18,828,822,2022-02-08 00:20:12,M,Free,6
11,2022-02-08,19,838,829,2022-02-08 01:03:19,M,Free,9
11,2022-02-08,20,855,838,2022-02-08 02:14:04,M,Free,17
11,2022-02-08,21,859,856,2022-02-08 03:38:18,M,Free,3
11,2022-02-08,22,861,860,2022-02-08 04:15:52,M,Free,1
11,2022-02-08,23,866,862,2022-02-08 05:06:05,M,Free,4
11,2022-02-08,0,870,866,2022-02-08 06:33:20,M,Free,4
11,2022-02-08,1,876,870,2022-02-08 07:11:58,M,Free,6
11,2022-02-08,2,886,877,2022-02-08 08:17:02,M,Free,9
11,2022-02-08,3,891,887,2022-02-08 09:02:23,M,Free,4
11,2022-02-08,4,901,892,2022-02-08 10:05:38,M,Free,9
11,2022-02-08,6,901,901,2022-02-08 12:20:40,M,Free,0
11,2022-04-26,10,4,0,2022-04-26 16:04:36,M,FR1,4
11,2022-04-26,11,14,4,2022-04-26 17:01:40,M,FR1,10
11,2022-04-26,12,18,14,2022-04-26 18:00:54,M,FR1,4
11,2022-04-26,13,21,18,2022-04-26 19:49:57,M,FR1,3
11,2022-04-26,14,25,21,2022-04-26 20:02:54,M,FR1,4
11,2022-04-26,15,31,25,2022-04-26 21:33:30,M,FR1,6
11,2022-04-26,16,46,31,2022-04-26 22:03:26,M,FR1,15
11,2022-04-26,17,62,46,2022-04-26 23:05:17,M,FR1,16
11,2022-04-27,18,75,62,2022-04-27 00:04:00,M,FR1,13
11,2022-04-27,19,84,75,2022-04-27 01:00:23,M,FR1,9
11,2022-04-27,20,96,84,2022-04-27 02:02:28,M,FR1,12
11,2022-04-27,21,113,96,2022-04-27 03:02:24,M,FR1,17
11,2022-04-27,22,123,113,2022-04-27 04:09:32,M,FR1,10
11,2022-04-27,23,129,123,2022-04-27 05:25:01,M,FR1,6
11,2022-04-27,0,132,129,2022-04-27 06:00:18,M,FR1,3
11,2022-04-27,1,142,132,2022-04-27 07:03:25,M,FR1,10
11,2022-04-27,2,149,142,2022-04-27 08:00:14,M,FR1,7
11,2022-04-27,3,152,149,2022-04-27 09:07:44,M,FR1,3
11,2022-04-27,4,166,152,2022-04-27 10:39:48,M,FR1,14
11,2022-04-27,5,170,166,2022-04-27 11:44:48,M,FR1,4
11,2022-04-27,7,171,170,2022-04-27 13:30:04,M,FR1,1
11,2022-04-27,8,175,171,2022-04-27 14:14:10,M,FR1,4
110,2023-09-15,12,261,256,2023-09-15 18:31:42,M,Free,5
110,2023-09-15,13,268,262,2023-09-15 19:51:56,M,Free,6
110,2023-09-15,14,285,269,2023-09-15 20:11:44,M,Free,16
110,2023-09-15,15,311,286,2023-09-15 21:01:24,M,Free,25
110,2023-09-15,16,320,312,2023-09-15 22:20:28,M,Free,8
110,2023-09-15,17,339,320,2023-09-15 23:03:41,M,Free,19
110,2023-09-16,18,354,340,2023-09-16 00:18:49,M,Free,14
110,2023-09-16,19,363,355,2023-09-16 01:05:12,M,Free,8
110,2023-09-16,20,370,364,2023-09-16 02:38:47,M,Free,6
110,2023-09-16,21,382,371,2023-09-16 03:00:20,M,Free,11
110,2023-09-16,22,387,383,2023-09-16 04:07:51,M,Free,4
110,2023-09-16,23,406,388,2023-09-16 05:04:18,M,Free,18
110,2023-09-16,0,413,406,2023-09-16 06:00:57,M,Free,7
110,2023-09-16,1,427,414,2023-09-16 07:01:31,M,Free,13
110,2023-09-16,3,429,428,2023-09-16 09:02:57,M,Free,1
110,2023-09-16,4,438,430,2023-09-16 10:05:04,M,Free,8
110,2023-09-16,5,440,439,2023-09-16 11:00:26,M,Free,1
110,2023-09-16,6,448,441,2023-09-16 12:29:02,M,Free,7
110,2023-09-16,7,450,449,2023-09-16 13:11:59,M,Free,1
110,2023-09-16,8,451,451,2023-09-16 14:58:32,M,Free,0
110,2023-09-16,9,455,452,2023-09-16 15:13:08,M,Free,3
110,2023-09-16,10,463,456,2023-09-16 16:27:18,M,Free,7
110,2023-09-16,12,477,464,2023-09-16 18:11:07,M,Free,13
110,2023-09-24,12,2,0,2023-09-24 18:00:00,M,FR1,2
110,2023-09-24,13,5,2,2023-09-24 19:37:47,M,FR1,3
110,2023-09-24,14,26,5,2023-09-24 20:00:49,M,FR1,21
110,2023-09-24,15,53,26,2023-09-24 21:04:28,M,FR1,27
110,2023-09-24,16,65,53,2023-09-24 22:00:49,M,FR1,12
110,2023-09-24,17,81,65,2023-09-24 23:28:34,M,FR1,16
110,2023-09-25,18,90,81,2023-09-25 00:00:16,M,FR1,9
110,2023-09-25,19,102,90,2023-09-25 01:41:54,M,FR1,12
110,2023-09-25,20,105,102,2023-09-25 02:34:58,M,FR1,3
110,2023-09-25,21,114,105,2023-09-25 03:09:10,M,FR1,9
110,2023-09-25,22,118,115,2023-09-25 04:13:10,M,FR1,3
110,2023-09-25,23,130,118,2023-09-25 05:01:32,M,FR1,12
110,2023-09-25,0,141,130,2023-09-25 06:01:15,M,FR1,11
110,2023-09-25,1,153,141,2023-09-25 07:09:03,M,FR1,12
110,2023-09-25,2,157,153,2023-09-25 08:03:15,M,FR1,4
110,2023-09-25,3,158,158,2023-09-25 09:13:25,M,FR1,0
110,2023-09-25,4,159,158,2023-09-25 10:09:51,M,FR1,1
110,2023-09-25,5,164,160,2023-09-25 11:40:08,M,FR1,4
110,2023-09-25,7,175,164,2023-09-25 13:28:43,M,FR1,11
110,2023-09-25,9,182,175,2023-09-25 15:22:39,M,FR1,7
110,2023-09-25,11,191,182,2023-09-25 17:06:12,M,FR1,9
111,2023-09-15,12,207,202,2023-09-15 18:36:13,M,Free,5
111,2023-09-15,13,213,208,2023-09-15 19:20:44,M,Free,5
111,2023-09-15,14,235,214,2023-09-15 20:12:48,M,Free,21
111,2023-09-15,15,257,236,2023-09-15 21:01:01,M,Free,21
111,2023-09-15,16,267,258,2023-09-15 22:00:09,M,Free,9
111,2023-09-15,17,284,268,2023-09-15 23:10:50,M,Free,16
111,2023-09-16,18,293,285,2023-09-16 00:56:43,M,Free,8
111,2023-09-16,19,309,294,2023-09-16 01:31:36,M,Free,15
111,2023-09-16,20,319,310,2023-09-16 02:26:42,M,Free,9
111,2023-09-16,22,326,320,2023-09-16 04:09:27,M,Free,6
111,2023-09-16,23,336,327,2023-09-16 05:04:31,M,Free,9
111,2023-09-16,0,349,337,2023-09-16 06:00:21,M,Free,12
111,2023-09-16,2,359,350,2023-09-16 08:05:54,M,Free,9
111,2023-09-16,3,370,360,2023-09-16 09:35:28,M,Free,10
111,2023-09-16,6,377,371,2023-09-16 12:03:23,M,Free,6
111,2023-09-16,7,386,378,2023-09-16 13:14:10,M,Free,8
111,2023-09-16,8,387,387,2023-09-16 14:30:07,M,Free,0
111,2023-09-16,9,392,388,2023-09-16 15:34:33,M,Free,4
111,2023-09-16,11,401,393,2023-09-16 17:41:49,M,Free,8
111,2023-09-24,12,2,0,2023-09-24 18:00:00,M,FR1,2
111,2023-09-24,13,4,2,2023-09-24 19:36:36,M,FR1,2
111,2023-09-24,14,20,4,2023-09-24 20:21:01,M,FR1,16
111,2023-09-24,15,42,20,2023-09-24 21:00:19,M,FR1,22
111,2023-09-24,16,67,42,2023-09-24 22:10:00,M,FR1,25
111,2023-09-24,17,83,67,2023-09-24 23:18:14,M,FR1,16
111,2023-09-25,18,90,83,2023-09-25 00:00:15,M,FR1,7
111,2023-09-25,19,114,90,2023-09-25 01:09:52,M,FR1,24
111,2023-09-25,20,115,114,2023-09-25 02:02:10,M,FR1,1
111,2023-09-25,21,131,115,2023-09-25 03:15:59,M,FR1,16
111,2023-09-25,22,135,131,2023-09-25 04:00:30,M,FR1,4
111,2023-09-25,23,141,135,2023-09-25 05:37:51,M,FR1,6
111,2023-09-25,0,157,141,2023-09-25 06:08:40,M,FR1,16
111,2023-09-25,1,168,157,2023-09-25 07:09:55,M,FR1,11
111,2023-09-25,3,174,168,2023-09-25 09:19:34,M,FR1,6
111,2023-09-25,4,175,174,2023-09-25 10:48:03,M,FR1,1
111,2023-09-25,5,184,175,2023-09-25 11:47:32,M,FR1,9
111,2023-09-25,8,191,184,2023-09-25 14:11:18,M,FR1,7
111,2023-09-25,10,198,191,2023-09-25 16:50:45,M,FR1,7
111,2023-09-25,11,207,198,2023-09-25 17:35:20,M,FR1,9
112,2023-08-06,13,245,239,2023-08-06 19:47:30,M,Free,6
112,2023-08-06,14,256,246,2023-08-06 20:22:59,M,Free,10
112,2023-08-06,15,272,256,2023-08-06 21:15:12,M,Free,16
112,2023-08-06,16,286,273,2023-08-06 22:04:48,M,Free,13
112,2023-08-06,17,309,287,2023-08-06 23:07:01,M,Free,22
112,2023-08-07,18,321,310,2023-08-07 00:13:32,M,Free,11
112,2023-08-07,19,329,322,2023-08-07 01:28:11,M,Free,7
112,2023-08-07,20,339,330,2023-08-07 02:21:24,M,Free,9
112,2023-08-07,21,351,340,2023-08-07 03:03:11,M,Free,11
112,2023-08-07,22,365,352,2023-08-07 04:04:17,M,Free,13
112,2023-08-07,23,378,366,2023-08-07 05:03:57,M,Free,12
112,2023-08-07,0,389,379,2023-08-07 06:10:16,M,Free,10
112,2023-08-07,1,398,389,2023-08-07 07:01:09,M,Free,9
112,2023-08-07,2,408,399,2023-08-07 08:46:51,M,Free,9
112,2023-08-07,4,415,409,2023-08-07 10:17:39,M,Free,6
112,2023-08-07,5,425,416,2023-08-07 11:44:58,M,Free,9
112,2023-08-07,6,434,426,2023-08-07 12:42:16,M,Free,8
112,2023-08-07,7,441,435,2023-08-07 13:53:07,M,Free,6
112,2023-08-07,8,446,442,2023-08-07 14:47:35,M,Free,4
112,2023-08-07,9,451,447,2023-08-07 15:29:21,M,Free,4
112,2023-08-07,10,459,452,2023-08-07 16:37:48,M,Free,7
112,2023-08-07,11,461,460,2023-08-07 17:10:04,M,Free,1
112,2023-08-07,12,464,462,2023-08-07 18:26:42,M,Free,2
112,2023-08-15,12,2,0,2023-08-15 18:00:00,M,FR1,2
112,2023-08-15,14,5,2,2023-08-15 20:17:58,M,FR1,3
112,2023-08-15,15,24,5,2023-08-15 21:01:20,M,FR1,19
112,2023-08-15,16,43,24,2023-08-15 22:15:24,M,FR1,19
112,2023-08-15,17,52,43,2023-08-15 23:05:08,M,FR1,9
112,2023-08-16,18,63,52,2023-08-16 00:21:03,M,FR1,11
112,2023-08-16,19,74,63,2023-08-16 01:18:24,M,FR1,11
112,2023-08-16,20,82,74,2023-08-16 02:12:48,M,FR1,8
112,2023-08-16,21,91,82,2023-08-16 03:11:29,M,FR1,9
112,2023-08-16,22,100,91,2023-08-16 04:31:02,M,FR1,9
112,2023-08-16,23,115,100,2023-08-16 05:13:13,M,FR1,15
112,2023-08-16,0,121,115,2023-08-16 06:03:29,M,FR1,6
112,2023-08-16,1,137,121,2023-08-16 07:09:04,M,FR1,16
112,2023-08-16,2,139,137,2023-08-16 08:08:01,M,FR1,2
112,2023-08-16,3,142,139,2023-08-16 09:39:46,M,FR1,3
112,2023-08-16,4,145,142,2023-08-16 10:21:44,M,FR1,3
112,2023-08-16,5,149,145,2023-08-16 11:54:26,M,FR1,4
112,2023-08-16,6,150,149,2023-08-16 12:04:53,M,FR1,1
112,2023-08-16,7,153,150,2023-08-16 13:37:44,M,FR1,3
112,2023-08-16,8,159,153,2023-08-16 14:36:23,M,FR1,6
112,2023-08-16,10,164,159,2023-08-16 16:07:09,M,FR1,5
112,2023-08-16,11,165,164,2023-08-16 17:11:02,M,FR1,1
12,2022-02-07,7,1059,1050,2022-02-07 13:12:08,M,Free,9
12,2022-02-07,9,1072,1060,2022-02-07 15:28:07,M,Free,12
12,2022-02-07,10,1074,1073,2022-02-07 16:50:55,M,Free,1
12,2022-02-07,11,1078,1074,2022-02-07 17:05:01,M,Free,4
12,2022-02-07,12,1085,1079,2022-02-07 18:12:31,M,Free,6
12,2022-02-07,13,1098,1086,2022-02-07 19:02:04,M,Free,12
12,2022-02-07,14,1113,1098,2022-02-07 20:12:00,M,Free,15
12,2022-02-07,15,1130,1114,2022-02-07 21:00:37,M,Free,16
12,2022-02-07,16,1144,1131,2022-02-07 22:03:15,M,Free,13
12,2022-02-07,17,1151,1144,2022-02-07 23:15:01,M,Free,7
12,2022-02-08,18,1171,1152,2022-02-08 00:09:39,M,Free,19
12,2022-02-08,19,1183,1172,2022-02-08 01:01:15,M,Free,11
12,2022-02-08,20,1201,1184,2022-02-08 02:24:45,M,Free,17
12,2022-02-08,21,1220,1201,2022-02-08 03:01:01,M,Free,19
12,2022-02-08,22,1230,1221,2022-02-08 04:50:04,M,Free,9
12,2022-02-08,23,1239,1230,2022-02-08 05:37:53,M,Free,9
12,2022-02-08,0,1249,1240,2022-02-08 06:40:28,M,Free,9
12,2022-02-08,1,1260,1249,2022-02-08 07:05:43,M,Free,11
12,2022-02-08,2,1274,1261,2022-02-08 08:05:43,M,Free,13
12,2022-02-08,3,1287,1274,2022-02-08 09:18:27,M,Free,13
12,2022-02-08,4,1293,1288,2022-02-08 10:36:59,M,Free,5
12,2022-02-08,5,1299,1293,2022-02-08 11:22:34,M,Free,6
12,2022-02-08,6,1304,1300,2022-02-08 12:07:11,M,Free,4
12,2022-04-26,9,2,0,2022-04-26 15:53:01,M,FR1,2
12,2022-04-26,10,7,3,2022-04-26 16:05:04,M,FR1,4
12,2022-04-26,11,9,7,2022-04-26 17:00:15,M,FR1,2
12,2022-04-26,12,11,9,2022-04-26 18:16:59,M,FR1,2
12,2022-04-26,13,21,11,2022-04-26 19:02:45,M,FR1,10
12,2022-04-26,14,29,21,2022-04-26 20:10:35,M,FR1,8
12,2022-04-26,15,35,29,2022-04-26 21:06:05,M,FR1,6
12,2022-04-26,16,47,35,2022-04-26 22:12:21,M,FR1,12
12,2022-04-26,17,62,47,2022-04-26 23:03:24,M,FR1,15
12,2022-04-27,18,68,62,2022-04-27 00:16:17,M,FR1,6
12,2022-04-27,19,74,68,2022-04-27 01:00:11,M,FR1,6
12,2022-04-27,20,81,74,2022-04-27 02:11:54,M,FR1,7
12,2022-04-27,21,90,81,2022-04-27 03:08:08,M,FR1,9
12,2022-04-27,22,92,90,2022-04-27 04:22:00,M,FR1,2
12,2022-04-27,23,109,92,2022-04-27 05:09:39,M,FR1,17
12,2022-04-27,0,113,109,2022-04-27 06:25:08,M,FR1,4
12,2022-04-27,1,121,113,2022-04-27 07:42:49,M,FR1,8
12,2022-04-27,2,123,121,2022-04-27 08:36:57,M,FR1,2
12,2022-04-27,3,123,123,2022-04-27 09:00:08,M,FR1,0
12,2022-04-27,4,132,123,2022-04-27 10:04:33,M,FR1,9
12,2022-04-27,5,136,132,2022-04-27 11:24:36,M,FR1,4
12,2022-04-27,6,141,136,2022-04-27 12:44:47,M,FR1,5
12,2022-04-27,7,141,141,2022-04-27 13:10:15,M,FR1,0
12,2022-04-27,8,146,141,2022-04-27 14:04:16,M,FR1,5
13,2022-02-07,6,1013,1005,2022-02-07 12:41:36,M,Free,8
13,2022-02-07,8,1014,1014,2022-02-07 14:42:46,M,Free,0
13,2022-02-07,10,1024,1015,2022-02-07 16:13:51,M,Free,9
13,2022-02-07,13,1036,1025,2022-02-07 19:35:29,M,Free,11
13,2022-02-07,14,1044,1037,2022-02-07 20:33:10,M,Free,7
13,2022-02-07,15,1072,1044,2022-02-07 21:12:27,M,Free,28
13,2022-02-07,16,1113,1073,2022-02-07 22:08:37,M,Free,40
13,2022-02-07,17,1117,1114,2022-02-07 23:02:40,M,Free,3
13,2022-02-08,18,1148,1118,2022-02-08 00:06:09,M,Free,30
13,2022-02-08,19,1161,1149,2022-02-08 01:45:45,M,Free,12
13,2022-02-08,20,1170,1162,2022-02-08 02:15:49,M,Free,8
13,2022-02-08,21,1175,1171,2022-02-08 03:28:17,M,Free,4
13,2022-02-08,22,1202,1175,2022-02-08 04:00:30,M,Free,27
13,2022-02-08,23,1203,1203,2022-02-08 05:51:08,M,Free,0
13,2022-02-08,0,1208,1204,2022-02-08 06:18:20,M,Free,4
13,2022-02-08,1,1236,1209,2022-02-08 07:00:06,M,Free,27
13,2022-02-08,2,1252,1236,2022-02-08 08:03:20,M,Free,16
13,2022-02-08,3,1258,1253,2022-02-08 09:06:06,M,Free,5
13,2022-02-08,5,1264,1259,2022-02-08 11:17:02,M,Free,5
13,2022-02-08,6,1268,1264,2022-02-08 12:10:31,M,Free,4
13,2022-04-26,9,2,0,2022-04-26 15:55:07,M,FR1,2
13,2022-04-26,10,4,2,2022-04-26 16:18:38,M,FR1,2
13,2022-04-26,11,5,4,2022-04-26 17:34:13,M,FR1,1
13,2022-04-26,14,6,5,2022-04-26 20:57:59,M,FR1,1
13,2022-04-26,15,12,6,2022-04-26 21:17:34,M,FR1,6
13,2022-04-26,16,13,12,2022-04-26 22:04:59,M,FR1,1
13,2022-04-26,17,20,13,2022-04-26 23:17:40,M,FR1,7
13,2022-04-27,18,22,20,2022-04-27 00:59:33,M,FR1,2
13,2022-04-27,19,33,22,2022-04-27 01:00:11,M,FR1,11
13,2022-04-27,20,41,33,2022-04-27 02:50:40,M,FR1,8
13,2022-04-27,22,50,41,2022-04-27 04:11:11,M,FR1,9
13,2022-04-27,23,53,50,2022-04-27 05:28:24,M,FR1,3
13,2022-04-27,0,60,53,2022-04-27 06:39:03,M,FR1,7
13,2022-04-27,1,64,60,2022-04-27 07:47:32,M,FR1,4
13,2022-04-27,2,66,64,2022-04-27 08:15:12,M,FR1,2
13,2022-04-27,3,71,66,2022-04-27 09:41:53,M,FR1,5
13,2022-04-27,5,78,71,2022-04-27 11:04:49,M,FR1,7
13,2022-04-27,6,82,78,2022-04-27 12:44:48,M,FR1,4
13,2022-04-27,8,84,82,2022-04-27 14:23:58,M,FR1,2
13,2022-04-27,9,87,84,2022-04-27 15:41:52,M,FR1,3
14,2022-02-07,7,988,986,2022-02-07 13:36:03,M,Free,2
14,2022-02-07,8,995,989,2022-02-07 14:31:01,M,Free,6
14,2022-02-07,10,1004,996,2022-02-07 16:54:06,M,Free,8
14,2022-02-07,12,1013,1005,2022-02-07 18:33:35,M,Free,8
14,2022-02-07,13,1017,1014,2022-02-07 19:34:27,M,Free,3
14,2022-02-07,14,1029,1018,2022-02-07 20:05:04,M,Free,11
14,2022-02-07,15,1053,1029,2022-02-07 21:18:22,M,Free,24
14,2022-02-07,16,1076,1054,2022-02-07 22:00:57,M,Free,22
14,2022-02-07,17,1144,1076,2022-02-07 23:06:50,M,Free,68
14,2022-02-08,18,1155,1145,2022-02-08 00:07:29,M,Free,10
14,2022-02-08,19,1164,1156,2022-02-08 01:09:33,M,Free,8
14,2022-02-08,20,1176,1165,2022-02-08 02:00:12,M,Free,11
14,2022-02-08,21,1188,1177,2022-02-08 03:27:55,M,Free,11
14,2022-02-08,22,1190,1189,2022-02-08 04:14:37,M,Free,1
14,2022-02-08,23,1195,1191,2022-02-08 05:16:50,M,Free,4
14,2022-02-08,0,1209,1195,2022-02-08 06:20:57,M,Free,14
14,2022-02-08,1,1233,1210,2022-02-08 07:01:24,M,Free,23
14,2022-02-08,2,1246,1234,2022-02-08 08:15:55,M,Free,12
14,2022-02-08,3,1250,1247,2022-02-08 09:00:11,M,Free,3
14,2022-02-08,4,1256,1251,2022-02-08 10:37:55,M,Free,5
14,2022-02-08,5,1257,1257,2022-02-08 11:19:32,M,Free,0
14,2022-02-08,6,1258,1257,2022-02-08 12:10:36,M,Free,1
14,2022-04-26,9,0,0,2022-04-26 15:59:22,M,FR1,0
14,2022-04-26,10,4,1,2022-04-26 16:04:21,M,FR1,3
14,2022-04-26,11,6,4,2022-04-26 17:43:07,M,FR1,2
14,2022-04-26,13,11,6,2022-04-26 19:18:12,M,FR1,5
14,2022-04-26,14,20,11,2022-04-26 20:45:31,M,FR1,9
14,2022-04-26,15,30,20,2022-04-26 21:29:03,M,FR1,10
14,2022-04-26,16,36,30,2022-04-26 22:46:23,M,FR1,6
14,2022-04-26,17,44,36,2022-04-26 23:00:09,M,FR1,8
14,2022-04-27,18,57,44,2022-04-27 00:36:53,M,FR1,13
14,2022-04-27,19,63,57,2022-04-27 01:05:07,M,FR1,6
14,2022-04-27,20,79,63,2022-04-27 02:52:26,M,FR1,16
14,2022-04-27,21,87,79,2022-04-27 03:04:39,M,FR1,8
14,2022-04-27,22,92,87,2022-04-27 04:57:45,M,FR1,5
14,2022-04-27,23,103,92,2022-04-27 05:00:00,M,FR1,11
14,2022-04-27,0,110,103,2022-04-27 06:47:11,M,FR1,7
14,2022-04-27,1,122,110,2022-04-27 07:42:28,M,FR1,12
14,2022-04-27,2,130,122,2022-04-27 08:04:04,M,FR1,8
14,2022-04-27,5,132,130,2022-04-27 11:42:09,M,FR1,2
14,2022-04-27,7,136,132,2022-04-27 13:49:09,M,FR1,4
14,2022-04-27,8,139,136,2022-04-27 14:00:58,M,FR1,3
14,2022-04-27,9,149,139,2022-04-27 15:55:50,M,FR1,10
15,2023-03-24,10,20,1,2023-03-24 16:11:53,F,Free,19
15,2023-03-24,11,27,21,2023-03-24 17:13:13,F,Free,6
15,2023-03-24,12,42,28,2023-03-24 18:00:36,F,Free,14
15,2023-03-24,13,61,43,2023-03-24 19:02:34,F,Free,18
15,2023-03-24,14,74,62,2023-03-24 20:15:08,F,Free,12
15,2023-03-24,15,93,75,2023-03-24 21:02:05,F,Free,18
15,2023-03-24,16,102,94,2023-03-24 22:11:33,F,Free,8
15,2023-03-24,17,117,103,2023-03-24 23:00:12,F,Free,14
15,2023-03-25,18,131,118,2023-03-25 00:00:09,F,Free,13
15,2023-03-25,19,149,132,2023-03-25 01:07:05,F,Free,17
15,2023-03-25,20,162,150,2023-03-25 02:19:15,F,Free,12
15,2023-03-25,21,174,163,2023-03-25 03:09:43,F,Free,11
15,2023-03-25,22,179,175,2023-03-25 04:39:04,F,Free,4
15,2023-03-25,23,184,180,2023-03-25 05:45:53,F,Free,4
15,2023-03-25,0,196,185,2023-03-25 06:00:55,F,Free,11
15,2023-03-25,1,198,197,2023-03-25 07:27:25,F,Free,1
15,2023-03-25,2,205,199,2023-03-25 08:20:52,F,Free,6
15,2023-03-25,3,208,206,2023-03-25 09:00:33,F,Free,2
15,2023-03-25,5,213,209,2023-03-25 11:11:03,F,Free,4
15,2023-03-25,6,218,214,2023-03-25 12:35:51,F,Free,4
15,2023-03-25,7,221,219,2023-03-25 13:40:44,F,Free,2
15,2023-03-25,8,230,222,2023-03-25 14:39:36,F,Free,8
15,2023-03-25,9,236,231,2023-03-25 15:08:19,F,Free,5
15,2023-03-25,10,1,0,2023-03-25 16:13:44,F,FR1,1
15,2023-03-25,11,2,1,2023-03-25 17:30:49,F,FR1,1
15,2023-03-25,12,3,2,2023-03-25 18:37:46,F,FR1,1
15,2023-03-25,13,14,3,2023-03-25 19:22:44,F,FR1,11
15,2023-03-25,14,25,14,2023-03-25 20:01:52,F,FR1,11
15,2023-03-25,15,39,25,2023-03-25 21:02:38,F,FR1,14
15,2023-03-25,16,51,40,2023-03-25 22:01:44,F,FR1,11
15,2023-03-25,17,67,51,2023-03-25 23:16:58,F,FR1,16
15,2023-03-26,18,78,67,2023-03-26 00:05:47,F,FR1,11
15,2023-03-26,19,88,79,2023-03-26 01:01:15,F,FR1,9
15,2023-03-26,20,96,88,2023-03-26 02:48:56,F,FR1,8
15,2023-03-26,21,111,96,2023-03-26 03:05:32,F,FR1,15
15,2023-03-26,22,115,112,2023-03-26 04:08:54,F,FR1,3
15,2023-03-26,23,119,115,2023-03-26 05:31:43,F,FR1,4
15,2023-03-26,0,124,119,2023-03-26 06:19:14,F,FR1,5
15,2023-03-26,1,127,124,2023-03-26 07:54:12,F,FR1,3
15,2023-03-26,2,131,127,2023-03-26 08:00:41,F,FR1,4
15,2023-03-26,4,135,131,2023-03-26 10:21:47,F,FR1,4
15,2023-03-26,6,137,135,2023-03-26 12:08:39,F,FR1,2
15,2023-03-26,7,143,137,2023-03-26 13:49:30,F,FR1,6
15,2023-03-26,8,144,144,2023-03-26 14:11:40,F,FR1,0
15,2023-03-26,10,152,144,2023-03-26 16:00:13,F,FR1,8
16,2023-03-24,10,7,2,2023-03-24 16:38:21,F,Free,5
16,2023-03-24,11,18,8,2023-03-24 17:12:54,F,Free,10
16,2023-03-24,12,32,19,2023-03-24 18:06:00,F,Free,13
16,2023-03-24,13,46,33,2023-03-24 19:08:26,F,Free,13
16,2023-03-24,14,60,47,2023-03-24 20:08:40,F,Free,13
16,2023-03-24,15,71,61,2023-03-24 21:00:27,F,Free,10
16,2023-03-24,16,81,72,2023-03-24 22:00:03,F,Free,9
16,2023-03-24,17,96,82,2023-03-24 23:00:49,F,Free,14
16,2023-03-25,18,110,97,2023-03-25 00:00:34,F,Free,13
16,2023-03-25,19,121,111,2023-03-25 01:08:54,F,Free,10
16,2023-03-25,20,130,122,2023-03-25 02:01:44,F,Free,8
16,2023-03-25,21,134,131,2023-03-25 03:10:23,F,Free,3
16,2023-03-25,22,142,135,2023-03-25 04:08:26,F,Free,7
16,2023-03-25,23,152,143,2023-03-25 05:00:18,F,Free,9
16,2023-03-25,0,160,153,2023-03-25 06:07:14,F,Free,7
16,2023-03-25,1,165,161,2023-03-25 07:24:36,F,Free,4
16,2023-03-25,3,174,166,2023-03-25 09:34:49,F,Free,8
16,2023-03-25,4,178,175,2023-03-25 10:19:04,F,Free,3
16,2023-03-25,5,185,179,2023-03-25 11:12:39,F,Free,6
16,2023-03-25,6,189,186,2023-03-25 12:41:47,F,Free,3
16,2023-03-25,7,193,190,2023-03-25 13:44:08,F,Free,3
16,2023-03-25,8,200,194,2023-03-25 14:00:57,F,Free,6
16,2023-03-25,9,203,201,2023-03-25 15:15:06,F,Free,2
16,2023-03-25,10,3,0,2023-03-25 16:10:48,F,FR1,3
16,2023-03-25,11,3,3,2023-03-25 17:42:27,F,FR1,0
16,2023-03-25,13,4,3,2023-03-25 19:03:42,F,FR1,1
16,2023-03-25,14,7,4,2023-03-25 20:11:13,F,FR1,3
16,2023-03-25,15,15,7,2023-03-25 21:26:53,F,FR1,8
16,2023-03-25,16,27,15,2023-03-25 22:01:03,F,FR1,12
16,2023-03-25,17,36,27,2023-03-25 23:02:41,F,FR1,9
16,2023-03-26,18,42,36,2023-03-26 00:09:48,F,FR1,6
16,2023-03-26,19,51,42,2023-03-26 01:31:13,F,FR1,9
16,2023-03-26,20,62,51,2023-03-26 02:15:07,F,FR1,11
16,2023-03-26,21,66,62,2023-03-26 03:02:05,F,FR1,4
16,2023-03-26,22,84,66,2023-03-26 04:14:43,F,FR1,18
16,2023-03-26,23,86,84,2023-03-26 05:46:59,F,FR1,2
16,2023-03-26,0,96,86,2023-03-26 06:00:36,F,FR1,10
16,2023-03-26,3,100,96,2023-03-26 09:11:39,F,FR1,4
16,2023-03-26,4,110,100,2023-03-26 10:16:34,F,FR1,10
16,2023-03-26,6,116,110,2023-03-26 12:09:18,F,FR1,6
16,2023-03-26,7,122,116,2023-03-26 13:28:17,F,FR1,6
16,2023-03-26,8,124,122,2023-03-26 14:54:17,F,FR1,2
16,2023-03-26,9,127,124,2023-03-26 15:08:31,F,FR1,3
16,2023-03-26,10,129,127,2023-03-26 16:00:05,F,FR1,2
17,2023-03-24,10,3,1,2023-03-24 16:23:16,F,Free,2
17,2023-03-24,11,12,4,2023-03-24 17:48:57,F,Free,8
17,2023-03-24,12,15,13,2023-03-24 18:15:26,F,Free,2
17,2023-03-24,13,25,16,2023-03-24 19:04:26,F,Free,9
17,2023-03-24,14,41,26,2023-03-24 20:17:13,F,Free,15
17,2023-03-24,15,51,42,2023-03-24 21:15:15,F,Free,9
17,2023-03-24,16,70,52,2023-03-24 22:00:00,F,Free,18
17,2023-03-24,17,79,71,2023-03-24 23:20:45,F,Free,8
17,2023-03-25,18,96,80,2023-03-25 00:01:23,F,Free,16
17,2023-03-25,19,106,97,2023-03-25 01:00:43,F,Free,9
17,2023-03-25,20,120,107,2023-03-25 02:00:00,F,Free,13
17,2023-03-25,21,129,121,2023-03-25 03:13:08,F,Free,8
17,2023-03-25,22,132,130,2023-03-25 04:01:48,F,Free,2
17,2023-03-25,23,138,133,2023-03-25 05:43:35,F,Free,5
17,2023-03-25,0,155,139,2023-03-25 06:01:15,F,Free,16
17,2023-03-25,1,157,156,2023-03-25 07:01:44,F,Free,1
17,2023-03-25,3,167,158,2023-03-25 09:15:29,F,Free,9
17,2023-03-25,4,173,168,2023-03-25 10:57:46,F,Free,5
17,2023-03-25,5,176,174,2023-03-25 11:09:41,F,Free,2
17,2023-03-25,7,181,177,2023-03-25 13:21:28,F,Free,4
17,2023-03-25,8,185,182,2023-03-25 14:28:20,F,Free,3
17,2023-03-25,9,197,186,2023-03-25 15:45:35,F,Free,11
17,2023-03-25,11,1,0,2023-03-25 17:20:51,F,FR1,1
17,2023-03-25,12,2,1,2023-03-25 18:21:03,F,FR1,1
17,2023-03-25,13,7,2,2023-03-25 19:19:11,F,FR1,5
17,2023-03-25,14,8,7,2023-03-25 20:21:45,F,FR1,1
17,2023-03-25,15,8,8,2023-03-25 21:09:40,F,FR1,0
17,2023-03-25,16,28,8,2023-03-25 22:02:09,F,FR1,20
17,2023-03-25,17,43,28,2023-03-25 23:05:42,F,FR1,15
17,2023-03-26,18,65,43,2023-03-26 00:05:25,F,FR1,22
17,2023-03-26,19,74,65,2023-03-26 01:14:49,F,FR1,9
17,2023-03-26,20,86,74,2023-03-26 02:12:11,F,FR1,12
17,2023-03-26,21,99,86,2023-03-26 03:20:20,F,FR1,13
17,2023-03-26,22,107,99,2023-03-26 04:02:48,F,FR1,8
17,2023-03-26,0,111,107,2023-03-26 06:41:49,F,FR1,4
17,2023-03-26,1,124,111,2023-03-26 07:01:51,F,FR1,13
17,2023-03-26,3,134,124,2023-03-26 09:10:47,F,FR1,10
17,2023-03-26,5,144,134,2023-03-26 11:00:53,F,FR1,10
17,2023-03-26,6,151,144,2023-03-26 12:10:16,F,FR1,7
17,2023-03-26,8,155,151,2023-03-26 14:33:37,F,FR1,4
17,2023-03-26,10,166,155,2023-03-26 16:29:21,F,FR1,11
17,2023-03-26,11,169,166,2023-03-26 17:00:11,F,FR1,3
18,2023-05-28,12,19,4,2023-05-28 18:29:32,F,Free,15
18,2023-05-28,13,30,20,2023-05-28 19:23:52,F,Free,10
18,2023-05-28,14,41,31,2023-05-28 20:05:04,F,Free,10
18,2023-05-28,15,59,42,2023-05-28 21:00:17,F,Free,17
18,2023-05-28,16,79,60,2023-05-28 22:01:43,F,Free,19
18,2023-05-28,17,92,80,2023-05-28 23:17:49,F,Free,12
18,2023-05-29,18,113,93,2023-05-29 00:04:03,F,Free,20
18,2023-05-29,19,126,114,2023-05-29 01:11:45,F,Free,12
18,2023-05-29,20,143,127,2023-05-29 02:04:38,F,Free,16
18,2023-05-29,21,159,144,2023-05-29 03:00:07,F,Free,15
18,2023-05-29,22,173,160,2023-05-29 04:04:03,F,Free,13
18,2023-05-29,23,187,174,2023-05-29 05:05:09,F,Free,13
18,2023-05-29,0,201,188,2023-05-29 06:05:58,F,Free,13
18,2023-05-29,1,202,202,2023-05-29 07:26:14,F,Free,0
18,2023-05-29,2,209,203,2023-05-29 08:47:58,F,Free,6
18,2023-05-29,3,218,210,2023-05-29 09:45:24,F,Free,8
18,2023-05-29,4,221,219,2023-05-29 10:35:07,F,Free,2
18,2023-05-29,6,236,234,2023-05-29 12:33:40,F,Free,2
18,2023-05-29,8,246,237,2023-05-29 14:58:21,F,Free,9
18,2023-05-29,9,252,247,2023-05-29 15:00:09,F,Free,5
18,2023-05-29,10,260,253,2023-05-29 16:52:00,F,Free,7
18,2023-05-29,11,265,261,2023-05-29 17:05:34,F,Free,4
18,2023-05-29,14,4,0,2023-05-29 20:24:50,F,FR1,4
18,2023-05-29,15,11,4,2023-05-29 21:08:07,F,FR1,7
18,2023-05-29,16,23,11,2023-05-29 22:04:57,F,FR1,12
18,2023-05-29,17,28,23,2023-05-29 23:14:25,F,FR1,5
18,2023-05-30,18,42,28,2023-05-30 00:10:21,F,FR1,14
18,2023-05-30,19,49,42,2023-05-30 01:03:26,F,FR1,7
18,2023-05-30,20,61,49,2023-05-30 02:12:05,F,FR1,12
18,2023-05-30,21,70,61,2023-05-30 03:20:11,F,FR1,9
18,2023-05-30,22,80,70,2023-05-30 04:10:57,F,FR1,10
18,2023-05-30,23,93,80,2023-05-30 05:06:53,F,FR1,13
18,2023-05-30,0,98,93,2023-05-30 06:03:54,F,FR1,5
18,2023-05-30,1,109,98,2023-05-30 07:26:12,F,FR1,11
18,2023-05-30,2,111,109,2023-05-30 08:50:46,F,FR1,2
18,2023-05-30,3,121,111,2023-05-30 09:03:53,F,FR1,10
18,2023-05-30,4,125,121,2023-05-30 10:29:18,F,FR1,4
18,2023-05-30,7,139,139,2023-05-30 13:38:11,F,FR1,0
18,2023-05-30,8,147,139,2023-05-30 14:25:13,F,FR1,8
18,2023-05-30,9,149,147,2023-05-30 15:42:37,F,FR1,2
18,2023-05-30,10,158,149,2023-05-30 16:22:27,F,FR1,9
18,2023-05-30,11,162,158,2023-05-30 17:01:13,F,FR1,4
18,2023-05-30,12,169,162,2023-05-30 18:33:00,F,FR1,7
18,2023-05-30,13,180,169,2023-05-30 19:07:47,F,FR1,11
18,2023-05-30,14,185,180,2023-05-30 20:12:22,F,FR1,5
19,2023-05-19,15,17,1,2023-05-19 21:20:32,M,Free,16
19,2023-05-19,16,32,18,2023-05-19 22:01:35,M,Free,14
19,2023-05-19,17,58,33,2023-05-19 23:01:21,M,Free,25
19,2023-05-20,18,77,59,2023-05-20 00:01:54,M,Free,18
19,2023-05-20,19,97,78,2023-05-20 01:05:30,M,Free,19
19,2023-05-20,20,110,98,2023-05-20 02:16:05,M,Free,12
19,2023-05-20,21,115,111,2023-05-20 03:02:37,M,Free,4
19,2023-05-20,22,125,116,2023-05-20 04:30:45,M,Free,9
19,2023-05-20,23,136,126,2023-05-20 05:12:37,M,Free,10
19,2023-05-20,0,161,137,2023-05-20 06:11:35,M,Free,24
19,2023-05-20,1,172,162,2023-05-20 07:10:42,M,Free,10
19,2023-05-20,2,177,173,2023-05-20 08:35:48,M,Free,4
19,2023-05-20,3,189,178,2023-05-20 09:00:11,M,Free,11
19,2023-05-20,4,194,190,2023-05-20 10:57:00,M,Free,4
19,2023-05-20,5,203,195,2023-05-20 11:06:16,M,Free,8
19,2023-05-20,6,213,204,2023-05-20 12:08:12,M,Free,9
19,2023-05-20,7,218,214,2023-05-20 13:25:38,M,Free,4
19,2023-05-20,8,220,219,2023-05-20 14:13:21,M,Free,1
19,2023-05-20,9,227,221,2023-05-20 15:09:33,M,Free,6
19,2023-05-20,11,2,0,2023-05-20 17:37:35,M,FR1,2
19,2023-05-20,12,2,2,2023-05-20 18:42:52,M,FR1,0
19,2023-05-20,15,5,2,2023-05-20 21:07:04,M,FR1,3
19,2023-05-20,16,32,5,2023-05-20 22:03:58,M,FR1,27
19,2023-05-20,17,58,32,2023-05-20 23:01:07,M,FR1,26
19,2023-05-21,18,75,58,2023-05-21 00:02:55,M,FR1,17
19,2023-05-21,19,85,76,2023-05-21 01:02:49,M,FR1,9
19,2023-05-21,20,85,85,2023-05-21 02:54:47,M,FR1,0
19,2023-05-21,21,94,85,2023-05-21 03:38:07,M,FR1,9
19,2023-05-21,22,113,94,2023-05-21 04:05:39,M,FR1,19
19,2023-05-21,23,114,113,2023-05-21 05:07:21,M,FR1,1
19,2023-05-21,0,132,114,2023-05-21 06:14:42,M,FR1,18
19,2023-05-21,2,139,132,2023-05-21 08:03:55,M,FR1,7
19,2023-05-21,4,144,139,2023-05-21 10:12:47,M,FR1,5
19,2023-05-21,5,147,144,2023-05-21 11:45:50,M,FR1,3
19,2023-05-21,6,147,147,2023-05-21 12:53:03,M,FR1,0
19,2023-05-21,7,149,147,2023-05-21 13:04:11,M,FR1,2
19,2023-05-21,8,158,149,2023-05-21 14:32:25,M,FR1,9
19,2023-05-21,10,164,158,2023-05-21 16:40:45,M,FR1,6
19,2023-05-21,11,165,164,2023-05-21 17:24:38,M,FR1,1
2,2022-02-07,5,807,804,2022-02-07 11:58:59,M,Free,3
2,2022-02-07,6,813,808,2022-02-07 12:00:08,M,Free,5
2,2022-02-07,8,818,814,2022-02-07 14:49:30,M,Free,4
2,2022-02-07,9,828,819,2022-02-07 15:24:08,M,Free,9
2,2022-02-07,11,834,829,2022-02-07 17:11:10,M,Free,5
2,2022-02-07,13,854,835,2022-02-07 19:03:10,M,Free,19
2,2022-02-07,14,854,854,2022-02-07 20:47:11,M,Free,0
2,2022-02-07,15,867,855,2022-02-07 21:03:50,M,Free,12
2,2022-02-07,16,887,868,2022-02-07 22:04:34,M,Free,19
2,2022-02-07,17,911,888,2022-02-07 23:13:34,M,Free,23
2,2022-02-08,18,917,912,2022-02-08 00:33:38,M,Free,5
2,2022-02-08,19,934,918,2022-02-08 01:10:56,M,Free,16
2,2022-02-08,20,944,935,2022-02-08 02:07:28,M,Free,9
2,2022-02-08,21,961,945,2022-02-08 03:14:06,M,Free,16
2,2022-02-08,22,970,962,2022-02-08 04:57:37,M,Free,8
2,2022-02-08,23,971,971,2022-02-08 05:58:42,M,Free,0
2,2022-02-08,0,979,972,2022-02-08 06:20:33,M,Free,7
2,2022-02-08,1,1003,980,2022-02-08 07:11:36,M,Free,23
2,2022-02-08,2,1007,1004,2022-02-08 08:00:05,M,Free,3
2,2022-02-08,4,1010,1008,2022-02-08 10:50:04,M,Free,2
2,2022-02-08,5,1011,1011,2022-02-08 11:30:34,M,Free,0
2,2022-04-26,9,3,0,2022-04-26 15:50:02,M,FR1,3
2,2022-04-26,10,8,3,2022-04-26 16:04:57,M,FR1,5
2,2022-04-26,11,11,8,2022-04-26 17:03:03,M,FR1,3
2,2022-04-26,13,21,11,2022-04-26 19:51:50,M,FR1,10
2,2022-04-26,15,45,21,2022-04-26 21:13:50,M,FR1,24
2,2022-04-26,16,52,45,2022-04-26 22:01:07,M,FR1,7
2,2022-04-27,18,63,52,2022-04-27 00:27:40,M,FR1,11
2,2022-04-27,19,63,63,2022-04-27 01:42:02,M,FR1,0
2,2022-04-27,20,76,63,2022-04-27 02:01:28,M,FR1,13
2,2022-04-27,21,79,76,2022-04-27 03:31:01,M,FR1,3
2,2022-04-27,22,82,79,2022-04-27 04:50:55,M,FR1,3
2,2022-04-27,23,85,82,2022-04-27 05:24:52,M,FR1,3
2,2022-04-27,0,97,85,2022-04-27 06:01:31,M,FR1,12
2,2022-04-27,1,111,97,2022-04-27 07:18:51,M,FR1,14
2,2022-04-27,2,129,111,2022-04-27 08:01:06,M,FR1,18
2,2022-04-27,5,138,129,2022-04-27 11:01:04,M,FR1,9
2,2022-04-27,6,144,138,2022-04-27 12:16:19,M,FR1,6
2,2022-04-27,9,150,144,2022-04-27 15:05:39,M,FR1,6
20,2023-03-05,17,12,1,2023-03-05 23:12:37,M,Free,11
20,2023-03-06,18,40,13,2023-03-06 00:09:09,M,Free,27
20,2023-03-06,19,62,41,2023-03-06 01:00:17,M,Free,21
20,2023-03-06,20,75,63,2023-03-06 02:13:02,M,Free,12
20,2023-03-06,21,87,76,2023-03-06 03:00:18,M,Free,11
20,2023-03-06,22,106,88,2023-03-06 04:02:50,M,Free,18
20,2023-03-06,0,120,107,2023-03-06 06:00:23,M,Free,13
20,2023-03-06,1,140,121,2023-03-06 07:08:20,M,Free,19
20,2023-03-06,2,161,141,2023-03-06 08:06:47,M,Free,20
20,2023-03-06,3,170,162,2023-03-06 09:57:58,M,Free,8
20,2023-03-06,4,181,171,2023-03-06 10:10:49,M,Free,10
20,2023-03-06,6,209,201,2023-03-06 12:01:40,M,Free,8
20,2023-03-06,7,219,210,2023-03-06 13:00:01,M,Free,9
20,2023-03-06,8,227,220,2023-03-06 14:37:40,M,Free,7
20,2023-03-06,9,236,228,2023-03-06 15:02:08,M,Free,8
20,2023-03-06,10,242,237,2023-03-06 16:01:28,M,Free,5
20,2023-03-06,11,256,243,2023-03-06 17:24:31,M,Free,13
20,2023-03-06,13,0,0,2023-03-06 19:33:22,M,FR1,0
20,2023-03-06,14,10,1,2023-03-06 20:01:09,M,FR1,9
20,2023-03-06,15,18,10,2023-03-06 21:00:31,M,FR1,8
20,2023-03-06,16,31,18,2023-03-06 22:00:35,M,FR1,13
20,2023-03-06,17,32,31,2023-03-06 23:01:09,M,FR1,1
20,2023-03-07,18,49,32,2023-03-07 00:40:30,M,FR1,17
20,2023-03-07,19,66,49,2023-03-07 01:08:24,M,FR1,17
20,2023-03-07,20,73,66,2023-03-07 02:01:20,M,FR1,7
20,2023-03-07,21,86,73,2023-03-07 03:46:33,M,FR1,13
20,2023-03-07,23,99,86,2023-03-07 05:24:30,M,FR1,13
20,2023-03-07,0,114,99,2023-03-07 06:00:55,M,FR1,15
20,2023-03-07,2,129,114,2023-03-07 08:21:20,M,FR1,15
20,2023-03-07,3,139,129,2023-03-07 09:45:39,M,FR1,10
20,2023-03-07,4,143,139,2023-03-07 10:12:33,M,FR1,4
20,2023-03-07,5,144,143,2023-03-07 11:58:06,M,FR1,1
20,2023-03-07,6,152,144,2023-03-07 12:03:05,M,FR1,8
20,2023-03-07,8,161,152,2023-03-07 14:46:53,M,FR1,9
20,2023-03-07,10,165,161,2023-03-07 16:44:47,M,FR1,4
20,2023-03-07,11,167,165,2023-03-07 17:40:47,M,FR1,2
20,2023-03-07,12,172,167,2023-03-07 18:06:26,M,FR1,5
20,2023-03-07,13,185,172,2023-03-07 19:15:04,M,FR1,13
21,2023-05-19,16,27,1,2023-05-19 22:11:33,M,Free,26
21,2023-05-19,17,37,28,2023-05-19 23:43:26,M,Free,9
21,2023-05-20,18,62,38,2023-05-20 00:00:54,M,Free,24
21,2023-05-20,19,81,63,2023-05-20 01:03:28,M,Free,18
21,2023-05-20,20,103,82,2023-05-20 02:02:22,M,Free,21
21,2023-05-20,21,123,104,2023-05-20 03:01:50,M,Free,19
21,2023-05-20,22,145,124,2023-05-20 04:07:28,M,Free,21
21,2023-05-20,23,159,146,2023-05-20 05:00:01,M,Free,13
21,2023-05-20,0,162,160,2023-05-20 06:23:18,M,Free,2
21,2023-05-20,1,183,163,2023-05-20 07:00:01,M,Free,20
21,2023-05-20,2,186,184,2023-05-20 08:41:00,M,Free,2
21,2023-05-20,3,197,187,2023-05-20 09:20:23,M,Free,10
21,2023-05-20,4,202,198,2023-05-20 10:50:33,M,Free,4
21,2023-05-20,5,209,203,2023-05-20 11:40:11,M,Free,6
21,2023-05-20,6,214,210,2023-05-20 12:27:39,M,Free,4
21,2023-05-20,8,219,215,2023-05-20 14:57:27,M,Free,4
21,2023-05-20,9,222,220,2023-05-20 15:00:05,M,Free,2
21,2023-05-20,10,233,223,2023-05-20 16:21:08,M,Free,10
21,2023-05-20,13,0,0,2023-05-20 19:21:22,M,FR1,0
21,2023-05-20,16,4,0,2023-05-20 22:22:16,M,FR1,4
21,2023-05-20,17,29,4,2023-05-20 23:03:54,M,FR1,25
21,2023-05-21,18,54,29,2023-05-21 00:00:19,M,FR1,25
21,2023-05-21,19,69,54,2023-05-21 01:12:00,M,FR1,15
21,2023-05-21,20,85,69,2023-05-21 02:16:58,M,FR1,16
21,2023-05-21,21,88,85,2023-05-21 03:34:07,M,FR1,3
21,2023-05-21,22,94,88,2023-05-21 04:06:39,M,FR1,6
21,2023-05-21,23,113,94,2023-05-21 05:10:33,M,FR1,19
21,2023-05-21,0,114,113,2023-05-21 06:00:07,M,FR1,1
21,2023-05-21,1,125,114,2023-05-21 07:00:12,M,FR1,11
21,2023-05-21,2,125,125,2023-05-21 08:44:34,M,FR1,0
21,2023-05-21,3,130,125,2023-05-21 09:06:00,M,FR1,5
21,2023-05-21,4,133,130,2023-05-21 10:22:53,M,FR1,3
21,2023-05-21,5,135,133,2023-05-21 11:25:59,M,FR1,2
21,2023-05-21,7,140,135,2023-05-21 13:05:32,M,FR1,5
21,2023-05-21,8,141,140,2023-05-21 14:50:36,M,FR1,1
21,2023-05-21,9,144,141,2023-05-21 15:54:02,M,FR1,3
21,2023-05-21,10,147,144,2023-05-21 16:16:22,M,FR1,3
21,2023-05-21,11,151,147,2023-05-21 17:25:52,M,FR1,4
21,2023-05-21,12,153,151,2023-05-21 18:49:31,M,FR1,2
21,2023-05-21,13,161,153,2023-05-21 19:01:38,M,FR1,8
22,2023-03-05,14,1,1,2023-03-05 20:29:19,M,Free,0
22,2023-03-05,15,18,2,2023-03-05 21:00:59,M,Free,16
22,2023-03-05,16,46,19,2023-03-05 22:06:02,M,Free,27
22,2023-03-05,17,68,47,2023-03-05 23:13:39,M,Free,21
22,2023-03-06,18,92,69,2023-03-06 00:00:23,M,Free,23
22,2023-03-06,19,114,93,2023-03-06 01:03:23,M,Free,21
22,2023-03-06,20,133,115,2023-03-06 02:06:13,M,Free,18
22,2023-03-06,21,149,134,2023-03-06 03:00:08,M,Free,15
22,2023-03-06,22,157,150,2023-03-06 04:23:06,M,Free,7
22,2023-03-06,23,167,158,2023-03-06 05:01:30,M,Free,9
22,2023-03-06,0,171,168,2023-03-06 06:18:39,M,Free,3
22,2023-03-06,1,191,172,2023-03-06 07:09:58,M,Free,19
22,2023-03-06,2,207,192,2023-03-06 08:19:32,M,Free,15
22,2023-03-06,3,214,208,2023-03-06 09:05:37,M,Free,6
22,2023-03-06,4,226,215,2023-03-06 10:13:49,M,Free,11
22,2023-03-06,5,237,227,2023-03-06 11:39:20,M,Free,10
22,2023-03-06,6,238,238,2023-03-06 12:00:32,M,Free,0
22,2023-03-06,7,252,239,2023-03-06 13:00:43,M,Free,13
22,2023-03-06,8,256,253,2023-03-06 14:57:01,M,Free,3
22,2023-03-06,10,266,257,2023-03-06 16:15:02,M,Free,9
22,2023-03-06,11,269,267,2023-03-06 17:39:09,M,Free,2
22,2023-03-06,12,1,0,2023-03-06 18:19:47,M,FR1,1
22,2023-03-06,13,1,1,2023-03-06 19:41:31,M,FR1,0
22,2023-03-06,14,2,1,2023-03-06 20:51:22,M,FR1,1
22,2023-03-06,15,22,2,2023-03-06 21:02:40,M,FR1,20
22,2023-03-06,16,51,22,2023-03-06 22:01:09,M,FR1,29
22,2023-03-06,17,70,51,2023-03-06 23:04:58,M,FR1,19
22,2023-03-07,18,73,70,2023-03-07 00:00:59,M,FR1,3
22,2023-03-07,19,101,73,2023-03-07 01:02:03,M,FR1,28
22,2023-03-07,20,113,101,2023-03-07 02:06:31,M,FR1,12
22,2023-03-07,21,123,113,2023-03-07 03:04:27,M,FR1,10
22,2023-03-07,22,123,123,2023-03-07 04:10:18,M,FR1,0
22,2023-03-07,23,140,123,2023-03-07 05:16:14,M,FR1,17
22,2023-03-07,0,148,140,2023-03-07 06:05:18,M,FR1,8
22,2023-03-07,1,159,148,2023-03-07 07:26:16,M,FR1,11
22,2023-03-07,2,170,159,2023-03-07 08:00:22,M,FR1,11
22,2023-03-07,3,174,170,2023-03-07 09:43:28,M,FR1,4
22,2023-03-07,5,183,174,2023-03-07 11:33:21,M,FR1,9
22,2023-03-07,7,188,183,2023-03-07 13:13:36,M,FR1,5
22,2023-03-07,9,197,188,2023-03-07 15:03:54,M,FR1,9
22,2023-03-07,11,202,197,2023-03-07 17:28:44,M,FR1,5
23,2023-03-07,14,40,1,2023-03-07 20:14:12,M,Free,39
23,2023-03-07,15,64,41,2023-03-07 21:01:25,M,Free,23
23,2023-03-07,16,66,64,2023-03-07 22:00:04,M,Free,2
23,2023-03-07,17,66,66,2023-03-07 23:29:21,M,Free,0
23,2023-03-08,18,92,66,2023-03-08 00:06:11,M,Free,26
23,2023-03-08,19,94,92,2023-03-08 01:01:56,M,Free,2
23,2023-03-08,20,96,94,2023-03-08 02:00:04,M,Free,2
23,2023-03-08,21,118,96,2023-03-08 03:31:11,M,Free,22
23,2023-03-08,22,133,119,2023-03-08 04:07:58,M,Free,14
23,2023-03-08,23,145,134,2023-03-08 05:03:35,M,Free,11
23,2023-03-08,0,171,146,2023-03-08 06:08:07,M,Free,25
23,2023-03-08,2,189,172,2023-03-08 08:15:03,M,Free,17
23,2023-03-08,3,204,190,2023-03-08 09:51:58,M,Free,14
23,2023-03-08,9,235,222,2023-03-08 15:51:54,M,Free,13
23,2023-03-08,10,246,236,2023-03-08 16:36:58,M,Free,10
23,2023-03-08,11,264,247,2023-03-08 17:51:37,M,Free,17
23,2023-03-08,13,0,0,2023-03-08 19:55:15,M,FR1,0
23,2023-03-08,14,15,0,2023-03-08 20:00:43,M,FR1,15
23,2023-03-08,15,24,15,2023-03-08 21:02:48,M,FR1,9
23,2023-03-08,16,34,24,2023-03-08 22:07:09,M,FR1,10
23,2023-03-08,17,47,34,2023-03-08 23:07:39,M,FR1,13
23,2023-03-09,18,76,47,2023-03-09 00:04:38,M,FR1,29
23,2023-03-09,19,85,76,2023-03-09 01:07:59,M,FR1,9
23,2023-03-09,20,106,85,2023-03-09 02:04:30,M,FR1,21
23,2023-03-09,21,114,106,2023-03-09 03:07:39,M,FR1,8
23,2023-03-09,22,121,114,2023-03-09 04:02:41,M,FR1,7
23,2023-03-09,23,128,121,2023-03-09 05:02:17,M,FR1,7
23,2023-03-09,0,137,128,2023-03-09 06:20:42,M,FR1,9
23,2023-03-09,1,140,137,2023-03-09 07:34:42,M,FR1,3
23,2023-03-09,2,149,140,2023-03-09 08:19:29,M,FR1,9
23,2023-03-09,3,163,149,2023-03-09 09:09:59,M,FR1,14
23,2023-03-09,4,172,163,2023-03-09 10:09:42,M,FR1,9
23,2023-03-09,5,178,172,2023-03-09 11:17:50,M,FR1,6
23,2023-03-09,6,183,178,2023-03-09 12:12:22,M,FR1,5
23,2023-03-09,8,186,183,2023-03-09 14:19:47,M,FR1,3
23,2023-03-09,9,195,186,2023-03-09 15:20:01,M,FR1,9
23,2023-03-09,10,198,195,2023-03-09 16:10:46,M,FR1,3
23,2023-03-09,11,203,198,2023-03-09 17:20:49,M,FR1,5
23,2023-03-09,12,206,203,2023-03-09 18:09:41,M,FR1,3
23,2023-03-09,13,222,206,2023-03-09 19:05:01,M,FR1,16
24,2022-10-05,14,430,423,2022-10-05 20:49:20,F,Free,7
24,2022-10-05,15,435,431,2022-10-05 21:04:11,F,Free,4
24,2022-10-05,16,453,436,2022-10-05 22:05:11,F,Free,17
24,2022-10-05,17,479,454,2022-10-05 23:03:34,F,Free,25
24,2022-10-06,18,487,480,2022-10-06 00:47:02,F,Free,7
24,2022-10-06,19,513,488,2022-10-06 01:04:38,F,Free,25
24,2022-10-06,20,516,514,2022-10-06 02:44:14,F,Free,2
24,2022-10-06,21,534,517,2022-10-06 03:00:21,F,Free,17
24,2022-10-06,23,538,535,2022-10-06 05:56:20,F,Free,3
24,2022-10-06,0,559,539,2022-10-06 06:05:20,F,Free,20
24,2022-10-06,1,567,560,2022-10-06 07:08:42,F,Free,7
24,2022-10-06,2,587,568,2022-10-06 08:23:30,F,Free,19
24,2022-10-06,4,604,588,2022-10-06 10:14:19,F,Free,16
24,2022-10-06,7,608,605,2022-10-06 13:01:33,F,Free,3
24,2022-10-06,9,623,609,2022-10-06 15:27:41,F,Free,14
24,2022-10-06,10,624,624,2022-10-06 16:53:17,F,Free,0
24,2022-10-06,12,636,625,2022-10-06 18:07:48,F,Free,11
24,2022-10-06,13,650,637,2022-10-06 19:04:06,F,Free,13
24,2022-10-06,14,659,651,2022-10-06 20:05:54,F,Free,8
24,2022-10-06,15,0,0,2022-10-06 21:57:38,F,FR1,0
24,2022-10-06,16,9,0,2022-10-06 22:00:06,F,FR1,9
24,2022-10-06,17,31,9,2022-10-06 23:01:09,F,FR1,22
24,2022-10-07,18,54,31,2022-10-07 00:00:11,F,FR1,23
24,2022-10-07,19,78,54,2022-10-07 01:04:23,F,FR1,24
24,2022-10-07,20,93,78,2022-10-07 02:07:57,F,FR1,15
24,2022-10-07,21,106,93,2022-10-07 03:02:02,F,FR1,13
24,2022-10-07,22,130,106,2022-10-07 04:00:31,F,FR1,24
24,2022-10-07,23,140,130,2022-10-07 05:14:20,F,FR1,10
24,2022-10-07,1,150,140,2022-10-07 07:35:10,F,FR1,10
24,2022-10-07,2,162,150,2022-10-07 08:01:49,F,FR1,12
24,2022-10-07,3,164,162,2022-10-07 09:39:50,F,FR1,2
24,2022-10-07,4,174,165,2022-10-07 10:42:00,F,FR1,9
24,2022-10-07,7,176,174,2022-10-07 13:20:34,F,FR1,2
24,2022-10-07,9,181,176,2022-10-07 15:42:47,F,FR1,5
24,2022-10-07,10,183,181,2022-10-07 16:00:52,F,FR1,2
24,2022-10-07,11,189,183,2022-10-07 17:38:36,F,FR1,6
24,2022-10-07,12,195,189,2022-10-07 18:58:05,F,FR1,6
24,2022-10-07,13,207,195,2022-10-07 19:22:59,F,FR1,12
24,2022-10-07,14,219,207,2022-10-07 20:06:13,F,FR1,12
24,2022-10-07,15,223,219,2022-10-07 21:00:03,F,FR1,4
25,2022-10-05,15,472,463,2022-10-05 21:09:15,F,Free,9
25,2022-10-05,16,481,473,2022-10-05 22:07:14,F,Free,8
25,2022-10-05,17,508,482,2022-10-05 23:04:24,F,Free,26
25,2022-10-06,18,528,509,2022-10-06 00:02:46,F,Free,19
25,2022-10-06,19,553,529,2022-10-06 01:07:07,F,Free,24
25,2022-10-06,20,565,554,2022-10-06 02:02:59,F,Free,11
25,2022-10-06,22,570,566,2022-10-06 04:09:42,F,Free,4
25,2022-10-06,23,581,571,2022-10-06 05:22:24,F,Free,10
25,2022-10-06,0,601,582,2022-10-06 06:00:28,F,Free,19
25,2022-10-06,1,617,602,2022-10-06 07:01:04,F,Free,15
25,2022-10-06,2,623,618,2022-10-06 08:11:41,F,Free,5
25,2022-10-06,3,624,624,2022-10-06 09:54:42,F,Free,0
25,2022-10-06,4,634,625,2022-10-06 10:00:41,F,Free,9
25,2022-10-06,7,637,635,2022-10-06 13:31:17,F,Free,2
25,2022-10-06,10,643,638,2022-10-06 16:04:34,F,Free,5
25,2022-10-06,11,651,644,2022-10-06 17:39:34,F,Free,7
25,2022-10-06,13,671,652,2022-10-06 19:12:50,F,Free,19
25,2022-10-06,14,684,672,2022-10-06 20:05:00,F,Free,12
25,2022-10-06,15,1,0,2022-10-06 21:55:42,F,FR1,1
25,2022-10-06,16,7,1,2022-10-06 22:01:51,F,FR1,6
25,2022-10-06,17,13,7,2022-10-06 23:01:57,F,FR1,6
25,2022-10-07,18,33,13,2022-10-07 00:02:42,F,FR1,20
25,2022-10-07,19,53,33,2022-10-07 01:04:55,F,FR1,20
25,2022-10-07,20,74,53,2022-10-07 02:09:03,F,FR1,21
25,2022-10-07,21,89,74,2022-10-07 03:03:40,F,FR1,15
25,2022-10-07,22,103,89,2022-10-07 04:06:44,F,FR1,14
25,2022-10-07,23,110,103,2022-10-07 05:03:21,F,FR1,7
25,2022-10-07,0,130,110,2022-10-07 06:00:18,F,FR1,20
25,2022-10-07,2,132,130,2022-10-07 08:51:09,F,FR1,2
25,2022-10-07,3,151,132,2022-10-07 09:02:27,F,FR1,19
25,2022-10-07,5,156,151,2022-10-07 11:56:43,F,FR1,5
25,2022-10-07,8,160,156,2022-10-07 14:01:13,F,FR1,4
25,2022-10-07,9,167,160,2022-10-07 15:56:53,F,FR1,7
25,2022-10-07,11,173,167,2022-10-07 17:19:19,F,FR1,6
25,2022-10-07,12,182,173,2022-10-07 18:32:12,F,FR1,9
25,2022-10-07,13,194,182,2022-10-07 19:29:34,F,FR1,12
25,2022-10-07,14,203,194,2022-10-07 20:00:06,F,FR1,9
25,2022-10-07,15,216,203,2022-10-07 21:00:05,F,FR1,13
26,2022-10-05,15,474,467,2022-10-05 21:25:08,F,Free,7
26,2022-10-05,16,488,475,2022-10-05 22:14:57,F,Free,13
26,2022-10-05,17,500,489,2022-10-05 23:04:03,F,Free,11
26,2022-10-06,18,515,501,2022-10-06 00:00:08,F,Free,14
26,2022-10-06,19,525,516,2022-10-06 01:01:00,F,Free,9
26,2022-10-06,20,538,526,2022-10-06 02:03:20,F,Free,12
26,2022-10-06,21,556,539,2022-10-06 03:01:50,F,Free,17
26,2022-10-06,22,572,557,2022-10-06 04:04:50,F,Free,15
26,2022-10-06,23,582,573,2022-10-06 05:07:27,F,Free,9
26,2022-10-06,0,595,583,2022-10-06 06:10:07,F,Free,12
26,2022-10-06,1,601,596,2022-10-06 07:07:21,F,Free,5
26,2022-10-06,3,609,602,2022-10-06 09:14:52,F,Free,7
26,2022-10-06,4,622,610,2022-10-06 10:26:45,F,Free,12
26,2022-10-06,5,623,623,2022-10-06 11:09:21,F,Free,0
26,2022-10-06,7,627,624,2022-10-06 13:48:37,F,Free,3
26,2022-10-06,10,633,628,2022-10-06 16:42:18,F,Free,5
26,2022-10-06,12,640,634,2022-10-06 18:48:46,F,Free,6
26,2022-10-06,13,646,641,2022-10-06 19:42:32,F,Free,5
26,2022-10-06,14,669,647,2022-10-06 20:00:33,F,Free,22
26,2022-10-06,16,7,1,2022-10-06 22:03:45,F,FR1,6
26,2022-10-06,17,10,7,2022-10-06 23:24:43,F,FR1,3
26,2022-10-07,18,11,10,2022-10-07 00:24:27,F,FR1,1
26,2022-10-07,19,24,11,2022-10-07 01:15:41,F,FR1,13
26,2022-10-07,20,54,24,2022-10-07 02:01:04,F,FR1,30
26,2022-10-07,21,77,54,2022-10-07 03:01:20,F,FR1,23
26,2022-10-07,22,85,77,2022-10-07 04:05:32,F,FR1,8
26,2022-10-07,23,100,85,2022-10-07 05:40:58,F,FR1,15
26,2022-10-07,0,116,100,2022-10-07 06:07:02,F,FR1,16
26,2022-10-07,2,119,116,2022-10-07 08:48:19,F,FR1,3
26,2022-10-07,3,138,119,2022-10-07 09:00:27,F,FR1,19
26,2022-10-07,5,143,138,2022-10-07 11:49:47,F,FR1,5
26,2022-10-07,6,148,143,2022-10-07 12:07:00,F,FR1,5
26,2022-10-07,9,152,148,2022-10-07 15:02:53,F,FR1,4
26,2022-10-07,10,159,152,2022-10-07 16:50:26,F,FR1,7
26,2022-10-07,12,163,159,2022-10-07 18:12:52,F,FR1,4
26,2022-10-07,13,186,163,2022-10-07 19:02:25,F,FR1,23
26,2022-10-07,14,199,186,2022-10-07 20:09:58,F,FR1,13
26,2022-10-07,15,210,199,2022-10-07 21:00:29,F,FR1,11
27,2022-10-23,16,593,574,2022-10-23 22:23:55,F,Free,19
27,2022-10-23,17,609,594,2022-10-23 23:02:53,F,Free,15
27,2022-10-24,18,635,610,2022-10-24 00:00:12,F,Free,25
27,2022-10-24,19,662,636,2022-10-24 01:01:35,F,Free,26
27,2022-10-24,20,671,663,2022-10-24 02:02:57,F,Free,8
27,2022-10-24,21,677,672,2022-10-24 03:07:23,F,Free,5
27,2022-10-24,22,699,678,2022-10-24 04:18:10,F,Free,21
27,2022-10-24,23,707,700,2022-10-24 05:04:25,F,Free,7
27,2022-10-24,0,727,708,2022-10-24 06:17:12,F,Free,19
27,2022-10-24,1,733,728,2022-10-24 07:05:18,F,Free,5
27,2022-10-24,2,748,734,2022-10-24 08:01:30,F,Free,14
27,2022-10-24,3,752,749,2022-10-24 09:55:38,F,Free,3
27,2022-10-24,9,771,767,2022-10-24 15:21:32,F,Free,4
27,2022-10-24,11,775,772,2022-10-24 17:52:25,F,Free,3
27,2022-10-24,12,781,776,2022-10-24 18:03:23,F,Free,5
27,2022-10-24,14,789,782,2022-10-24 20:01:53,F,Free,7
27,2022-10-24,15,795,790,2022-10-24 21:20:01,F,Free,5
27,2022-10-24,16,5,0,2022-10-24 22:04:54,F,FR1,5
27,2022-10-24,17,13,5,2022-10-24 23:00:09,F,FR1,8
27,2022-10-25,18,30,13,2022-10-25 00:13:04,F,FR1,17
27,2022-10-25,19,60,30,2022-10-25 01:01:53,F,FR1,30
27,2022-10-25,20,89,60,2022-10-25 02:00:43,F,FR1,29
27,2022-10-25,22,104,89,2022-10-25 04:19:01,F,FR1,15
27,2022-10-25,23,116,104,2022-10-25 05:36:04,F,FR1,12
27,2022-10-25,0,134,116,2022-10-25 06:07:21,F,FR1,18
27,2022-10-25,1,142,134,2022-10-25 07:05:43,F,FR1,8
27,2022-10-25,2,146,142,2022-10-25 08:27:28,F,FR1,4
27,2022-10-25,3,154,146,2022-10-25 09:54:43,F,FR1,8
27,2022-10-25,5,155,154,2022-10-25 11:00:19,F,FR1,1
27,2022-10-25,8,175,167,2022-10-25 14:39:31,F,FR1,8
27,2022-10-25,9,181,175,2022-10-25 15:40:01,F,FR1,6
27,2022-10-25,11,187,181,2022-10-25 17:17:19,F,FR1,6
27,2022-10-25,12,195,187,2022-10-25 18:16:58,F,FR1,8
27,2022-10-25,13,208,195,2022-10-25 19:30:31,F,FR1,13
27,2022-10-25,14,210,209,2022-10-25 20:00:00,F,FR1,1
27,2022-10-25,15,217,210,2022-10-25 21:23:29,F,FR1,7
28,2022-10-23,15,553,553,2022-10-23 21:40:34,F,Free,0
28,2022-10-23,16,558,554,2022-10-23 22:02:31,F,Free,4
28,2022-10-23,17,568,559,2022-10-23 23:02:45,F,Free,9
28,2022-10-24,18,578,569,2022-10-24 00:06:09,F,Free,9
28,2022-10-24,19,585,579,2022-10-24 01:02:16,F,Free,6
28,2022-10-24,20,593,586,2022-10-24 02:03:45,F,Free,7
28,2022-10-24,21,606,594,2022-10-24 03:03:18,F,Free,12
28,2022-10-24,22,621,607,2022-10-24 04:02:04,F,Free,14
28,2022-10-24,23,629,622,2022-10-24 05:04:03,F,Free,7
28,2022-10-24,0,653,630,2022-10-24 06:04:33,F,Free,23
28,2022-10-24,1,673,654,2022-10-24 07:15:34,F,Free,19
28,2022-10-24,3,687,674,2022-10-24 09:33:04,F,Free,13
28,2022-10-24,4,700,688,2022-10-24 10:09:44,F,Free,12
28,2022-10-24,6,703,701,2022-10-24 12:49:12,F,Free,2
28,2022-10-24,7,714,704,2022-10-24 13:01:19,F,Free,10
28,2022-10-24,9,723,715,2022-10-24 15:43:51,F,Free,8
28,2022-10-24,10,729,724,2022-10-24 16:12:37,F,Free,5
28,2022-10-24,12,741,730,2022-10-24 18:04:05,F,Free,11
28,2022-10-24,13,752,742,2022-10-24 19:40:56,F,Free,10
28,2022-10-24,14,765,753,2022-10-24 20:09:28,F,Free,12
28,2022-10-24,15,771,766,2022-10-24 21:22:55,F,Free,5
28,2022-10-24,16,2,0,2022-10-24 22:20:42,F,FR1,2
28,2022-10-24,17,9,2,2022-10-24 23:00:39,F,FR1,7
28,2022-10-25,18,36,9,2022-10-25 00:14:33,F,FR1,27
28,2022-10-25,19,63,36,2022-10-25 01:00:24,F,FR1,27
28,2022-10-25,20,86,63,2022-10-25 02:08:47,F,FR1,23
28,2022-10-25,21,93,86,2022-10-25 03:00:02,F,FR1,7
28,2022-10-25,22,102,93,2022-10-25 04:40:09,F,FR1,9
28,2022-10-25,23,125,102,2022-10-25 05:00:59,F,FR1,23
28,2022-10-25,0,142,126,2022-10-25 06:00:00,F,FR1,16
28,2022-10-25,1,148,142,2022-10-25 07:05:47,F,FR1,6
28,2022-10-25,2,161,148,2022-10-25 08:30:30,F,FR1,13
28,2022-10-25,3,171,161,2022-10-25 09:00:05,F,FR1,10
28,2022-10-25,4,176,171,2022-10-25 10:57:24,F,FR1,5
28,2022-10-25,5,180,176,2022-10-25 11:10:35,F,FR1,4
28,2022-10-25,7,186,180,2022-10-25 13:15:53,F,FR1,6
28,2022-10-25,8,194,186,2022-10-25 14:43:49,F,FR1,8
28,2022-10-25,9,200,194,2022-10-25 15:04:21,F,FR1,6
28,2022-10-25,11,209,200,2022-10-25 17:09:24,F,FR1,9
28,2022-10-25,12,216,209,2022-10-25 18:53:54,F,FR1,7
28,2022-10-25,13,229,217,2022-10-25 19:06:03,F,FR1,12
28,2022-10-25,14,249,229,2022-10-25 20:23:14,F,FR1,20
28,2022-10-25,15,261,249,2022-10-25 21:06:15,F,FR1,12
28,2022-10-25,16,263,261,2022-10-25 22:17:35,F,FR1,2
29,2022-10-29,15,581,580,2022-10-29 21:43:22,F,Free,1
29,2022-10-29,16,599,581,2022-10-29 22:24:16,F,Free,18
29,2022-10-29,17,611,600,2022-10-29 23:04:47,F,Free,11
29,2022-10-30,18,621,612,2022-10-30 00:00:50,F,Free,9
29,2022-10-30,19,644,622,2022-10-30 01:13:37,F,Free,22
29,2022-10-30,20,661,645,2022-10-30 02:02:46,F,Free,16
29,2022-10-30,21,679,661,2022-10-30 03:13:21,F,Free,18
29,2022-10-30,22,690,680,2022-10-30 04:01:44,F,Free,10
29,2022-10-30,23,706,691,2022-10-30 05:01:00,F,Free,15
29,2022-10-30,0,722,707,2022-10-30 06:00:00,F,Free,15
29,2022-10-30,1,723,723,2022-10-30 07:10:27,F,Free,0
29,2022-10-30,2,725,724,2022-10-30 08:56:43,F,Free,1
29,2022-10-30,3,733,726,2022-10-30 09:01:30,F,Free,7
29,2022-10-30,6,742,734,2022-10-30 12:05:26,F,Free,8
29,2022-10-30,7,745,743,2022-10-30 13:54:20,F,Free,2
29,2022-10-30,8,752,746,2022-10-30 14:51:39,F,Free,6
29,2022-10-30,9,760,753,2022-10-30 15:00:01,F,Free,7
29,2022-10-30,10,766,761,2022-10-30 16:36:52,F,Free,5
29,2022-10-30,11,774,767,2022-10-30 17:29:19,F,Free,7
29,2022-10-30,12,786,775,2022-10-30 18:37:09,F,Free,11
29,2022-10-30,13,797,787,2022-10-30 19:30:32,F,Free,10
29,2022-10-30,14,804,798,2022-10-30 20:47:35,F,Free,6
29,2022-10-30,16,6,1,2022-10-30 22:06:43,F,FR1,5
29,2022-10-30,17,21,6,2022-10-30 23:00:43,F,FR1,15
29,2022-10-31,18,46,21,2022-10-31 00:10:06,F,FR1,25
29,2022-10-31,19,53,46,2022-10-31 01:17:15,F,FR1,7
29,2022-10-31,20,70,53,2022-10-31 02:03:07,F,FR1,17
29,2022-10-31,21,86,70,2022-10-31 03:02:46,F,FR1,16
29,2022-10-31,22,102,86,2022-10-31 04:00:03,F,FR1,16
29,2022-10-31,23,124,102,2022-10-31 05:00:16,F,FR1,22
29,2022-10-31,0,138,124,2022-10-31 06:00:13,F,FR1,14
29,2022-10-31,1,152,138,2022-10-31 07:04:01,F,FR1,14
29,2022-10-31,3,172,152,2022-10-31 09:14:49,F,FR1,20
29,2022-10-31,9,192,187,2022-10-31 15:24:20,F,FR1,5
29,2022-10-31,11,201,192,2022-10-31 17:11:33,F,FR1,9
29,2022-10-31,13,211,201,2022-10-31 19:16:18,F,FR1,10
29,2022-10-31,14,224,211,2022-10-31 20:23:25,F,FR1,13
29,2022-10-31,15,232,224,2022-10-31 21:30:17,F,FR1,8
3,2022-02-07,8,820,813,2022-02-07 14:10:06,M,Free,7
3,2022-02-07,11,834,821,2022-02-07 17:15:37,M,Free,13
3,2022-02-07,12,837,835,2022-02-07 18:41:52,M,Free,2
3,2022-02-07,14,846,838,2022-02-07 20:44:36,M,Free,8
3,2022-02-07,15,857,846,2022-02-07 21:02:12,M,Free,11
3,2022-02-07,16,871,857,2022-02-07 22:10:31,M,Free,14
3,2022-02-07,17,885,872,2022-02-07 23:02:20,M,Free,13
3,2022-02-08,18,889,886,2022-02-08 00:07:59,M,Free,3
3,2022-02-08,19,899,890,2022-02-08 01:17:27,M,Free,9
3,2022-02-08,21,917,900,2022-02-08 03:02:44,M,Free,17
3,2022-02-08,22,926,918,2022-02-08 04:27:50,M,Free,8
3,2022-02-08,23,935,927,2022-02-08 05:31:01,M,Free,8
3,2022-02-08,0,936,936,2022-02-08 06:40:11,M,Free,0
3,2022-02-08,1,950,937,2022-02-08 07:03:52,M,Free,13
3,2022-02-08,2,970,951,2022-02-08 08:13:32,M,Free,19
3,2022-02-08,3,975,970,2022-02-08 09:00:27,M,Free,5
3,2022-02-08,5,986,976,2022-02-08 11:00:01,M,Free,10
3,2022-02-08,6,987,986,2022-02-08 12:02:24,M,Free,1
3,2022-04-26,9,4,0,2022-04-26 15:49:31,M,FR1,4
3,2022-04-26,10,11,5,2022-04-26 16:03:02,M,FR1,6
3,2022-04-26,11,14,11,2022-04-26 17:00:52,M,FR1,3
3,2022-04-26,14,18,14,2022-04-26 20:20:49,M,FR1,4
3,2022-04-26,15,25,18,2022-04-26 21:43:41,M,FR1,7
3,2022-04-26,16,32,25,2022-04-26 22:00:28,M,FR1,7
3,2022-04-26,17,40,32,2022-04-26 23:26:01,M,FR1,8
3,2022-04-27,18,50,40,2022-04-27 00:03:17,M,FR1,10
3,2022-04-27,20,59,50,2022-04-27 02:06:00,M,FR1,9
3,2022-04-27,21,66,59,2022-04-27 03:51:51,M,FR1,7
3,2022-04-27,22,75,66,2022-04-27 04:10:16,M,FR1,9
3,2022-04-27,0,93,75,2022-04-27 06:18:32,M,FR1,18
3,2022-04-27,1,99,93,2022-04-27 07:02:54,M,FR1,6
3,2022-04-27,3,101,99,2022-04-27 09:42:34,M,FR1,2
3,2022-04-27,4,110,101,2022-04-27 10:17:20,M,FR1,9
3,2022-04-27,7,118,110,2022-04-27 13:27:45,M,FR1,8
3,2022-04-27,9,123,118,2022-04-27 15:43:10,M,FR1,5
30,2022-10-30,15,598,589,2022-10-30 21:35:09,F,Free,9
30,2022-10-30,16,601,599,2022-10-30 22:44:38,F,Free,2
30,2022-10-30,17,614,602,2022-10-30 23:00:27,F,Free,12
30,2022-10-31,18,630,615,2022-10-31 00:04:54,F,Free,15
30,2022-10-31,19,643,631,2022-10-31 01:00:20,F,Free,12
30,2022-10-31,20,651,644,2022-10-31 02:15:53,F,Free,7
30,2022-10-31,21,665,652,2022-10-31 03:10:15,F,Free,13
30,2022-10-31,22,682,666,2022-10-31 04:02:11,F,Free,16
30,2022-10-31,23,698,683,2022-10-31 05:03:22,F,Free,15
30,2022-10-31,0,709,699,2022-10-31 06:04:25,F,Free,10
30,2022-10-31,1,714,710,2022-10-31 07:11:58,F,Free,4
30,2022-10-31,2,718,715,2022-10-31 08:52:41,F,Free,3
30,2022-10-31,3,732,719,2022-10-31 09:03:25,F,Free,13
30,2022-10-31,5,740,733,2022-10-31 11:43:02,F,Free,7
30,2022-10-31,6,744,741,2022-10-31 12:01:30,F,Free,3
30,2022-10-31,8,753,745,2022-10-31 14:56:21,F,Free,8
30,2022-10-31,10,758,754,2022-10-31 16:42:35,F,Free,4
30,2022-10-31,12,768,759,2022-10-31 18:10:09,F,Free,9
30,2022-10-31,13,787,769,2022-10-31 19:00:32,F,Free,18
30,2022-10-31,14,806,788,2022-10-31 20:08:47,F,Free,18
30,2022-10-31,15,818,807,2022-10-31 21:00:15,F,Free,11
30,2022-10-31,16,7,0,2022-10-31 22:13:07,F,FR1,7
30,2022-10-31,17,38,7,2022-10-31 23:05:07,F,FR1,31
30,2022-11-01,18,66,38,2022-11-01 00:00:49,F,FR1,28
30,2022-11-01,19,85,66,2022-11-01 01:00:20,F,FR1,19
30,2022-11-01,20,97,85,2022-11-01 02:00:49,F,FR1,12
30,2022-11-01,22,106,97,2022-11-01 04:40:47,F,FR1,9
30,2022-11-01,23,128,106,2022-11-01 05:05:15,F,FR1,22
30,2022-11-01,0,151,128,2022-11-01 06:02:25,F,FR1,23
30,2022-11-01,1,164,151,2022-11-01 07:01:27,F,FR1,13
30,2022-11-01,2,172,164,2022-11-01 08:47:43,F,FR1,8
30,2022-11-01,3,178,172,2022-11-01 09:07:34,F,FR1,6
30,2022-11-01,4,179,178,2022-11-01 10:56:52,F,FR1,1
30,2022-11-01,7,199,196,2022-11-01 13:52:07,F,FR1,3
30,2022-11-01,8,204,199,2022-11-01 14:09:12,F,FR1,5
30,2022-11-01,9,210,204,2022-11-01 15:53:41,F,FR1,6
30,2022-11-01,11,216,210,2022-11-01 17:30:12,F,FR1,6
30,2022-11-01,12,222,216,2022-11-01 18:25:16,F,FR1,6
30,2022-11-01,13,244,222,2022-11-01 19:13:25,F,FR1,22
30,2022-11-01,14,260,244,2022-11-01 20:09:46,F,FR1,16
30,2022-11-01,15,273,260,2022-11-01 21:03:38,F,FR1,13
30,2022-11-01,16,276,274,2022-11-01 22:06:24,F,FR1,2
31,2022-09-25,14,546,543,2022-09-25 20:50:50,M,Free,3
31,2022-09-25,15,551,547,2022-09-25 21:00:27,M,Free,4
31,2022-09-25,16,563,552,2022-09-25 22:08:11,M,Free,11
31,2022-09-25,17,580,564,2022-09-25 23:02:17,M,Free,16
31,2022-09-26,18,602,581,2022-09-26 00:25:17,M,Free,21
31,2022-09-26,19,626,603,2022-09-26 01:07:55,M,Free,23
31,2022-09-26,20,636,627,2022-09-26 02:17:17,M,Free,9
31,2022-09-26,21,638,637,2022-09-26 03:00:18,M,Free,1
31,2022-09-26,22,645,639,2022-09-26 04:06:05,M,Free,6
31,2022-09-26,23,665,646,2022-09-26 05:14:19,M,Free,19
31,2022-09-26,0,675,666,2022-09-26 06:38:09,M,Free,9
31,2022-09-26,1,695,676,2022-09-26 07:09:04,M,Free,19
31,2022-09-26,2,699,696,2022-09-26 08:04:47,M,Free,3
31,2022-09-26,4,711,700,2022-09-26 10:41:12,M,Free,11
31,2022-09-26,6,718,712,2022-09-26 12:37:33,M,Free,6
31,2022-09-26,8,725,719,2022-09-26 14:40:53,M,Free,6
31,2022-09-26,10,733,726,2022-09-26 16:17:27,M,Free,7
31,2022-09-26,11,738,734,2022-09-26 17:56:03,M,Free,4
31,2022-09-26,12,742,739,2022-09-26 18:10:33,M,Free,3
31,2022-09-26,13,756,743,2022-09-26 19:24:38,M,Free,13
31,2022-09-26,14,765,757,2022-09-26 20:29:37,M,Free,8
31,2022-09-26,16,4,0,2022-09-26 22:26:10,M,FR1,4
31,2022-09-27,18,4,4,2022-09-27 00:08:00,M,FR1,0
31,2022-09-27,20,12,4,2022-09-27 02:32:43,M,FR1,8
31,2022-09-27,21,16,12,2022-09-27 03:12:03,M,FR1,4
31,2022-09-27,22,35,16,2022-09-27 04:07:31,M,FR1,19
31,2022-09-27,23,52,35,2022-09-27 05:47:21,M,FR1,17
31,2022-09-27,0,79,52,2022-09-27 06:00:21,M,FR1,27
31,2022-09-27,1,92,79,2022-09-27 07:04:46,M,FR1,13
31,2022-09-27,2,94,92,2022-09-27 08:58:08,M,FR1,2
31,2022-09-27,3,102,94,2022-09-27 09:00:12,M,FR1,8
31,2022-09-27,4,106,102,2022-09-27 10:45:36,M,FR1,4
31,2022-09-27,5,111,106,2022-09-27 11:11:19,M,FR1,5
31,2022-09-27,8,119,111,2022-09-27 14:07:54,M,FR1,8
31,2022-09-27,10,127,119,2022-09-27 16:04:12,M,FR1,8
31,2022-09-27,11,131,127,2022-09-27 17:15:54,M,FR1,4
31,2022-09-27,12,136,131,2022-09-27 18:17:49,M,FR1,5
31,2022-09-27,13,150,136,2022-09-27 19:14:05,M,FR1,14
31,2022-09-27,14,161,150,2022-09-27 20:04:16,M,FR1,11
31,2022-09-27,15,173,161,2022-09-27 21:00:12,M,FR1,12
32,2022-10-05,15,635,626,2022-10-05 21:30:38,M,Free,9
32,2022-10-05,16,658,636,2022-10-05 22:01:22,M,Free,22
32,2022-10-05,17,705,659,2022-10-05 23:00:13,M,Free,46
32,2022-10-06,18,721,706,2022-10-06 00:40:44,M,Free,15
32,2022-10-06,19,729,722,2022-10-06 01:19:18,M,Free,7
32,2022-10-06,20,730,730,2022-10-06 02:25:55,M,Free,0
32,2022-10-06,0,764,731,2022-10-06 06:01:58,M,Free,33
32,2022-10-06,1,785,765,2022-10-06 07:09:29,M,Free,20
32,2022-10-06,3,796,786,2022-10-06 09:49:54,M,Free,10
32,2022-10-06,4,803,797,2022-10-06 10:15:53,M,Free,6
32,2022-10-06,5,810,804,2022-10-06 11:58:18,M,Free,6
32,2022-10-06,6,812,811,2022-10-06 12:00:17,M,Free,1
32,2022-10-06,7,817,813,2022-10-06 13:54:22,M,Free,4
32,2022-10-06,8,825,818,2022-10-06 14:00:22,M,Free,7
32,2022-10-06,9,833,826,2022-10-06 15:30:00,M,Free,7
32,2022-10-06,10,841,834,2022-10-06 16:50:33,M,Free,7
32,2022-10-06,12,850,842,2022-10-06 18:01:48,M,Free,8
32,2022-10-06,13,866,851,2022-10-06 19:32:37,M,Free,15
32,2022-10-06,14,879,867,2022-10-06 20:34:31,M,Free,12
32,2022-10-06,16,2,0,2022-10-06 22:02:20,M,FR1,2
32,2022-10-06,17,23,2,2022-10-06 23:15:21,M,FR1,21
32,2022-10-07,18,61,23,2022-10-07 00:04:53,M,FR1,38
32,2022-10-07,19,84,61,2022-10-07 01:00:28,M,FR1,23
32,2022-10-07,20,84,84,2022-10-07 02:54:29,M,FR1,0
32,2022-10-07,21,93,84,2022-10-07 03:24:52,M,FR1,9
32,2022-10-07,22,99,93,2022-10-07 04:15:53,M,FR1,6
32,2022-10-07,23,121,99,2022-10-07 05:23:53,M,FR1,22
32,2022-10-07,0,146,121,2022-10-07 06:09:45,M,FR1,25
32,2022-10-07,1,156,146,2022-10-07 07:13:17,M,FR1,10
32,2022-10-07,3,169,156,2022-10-07 09:03:54,M,FR1,13
32,2022-10-07,5,179,169,2022-10-07 11:17:30,M,FR1,10
32,2022-10-07,7,189,179,2022-10-07 13:49:43,M,FR1,10
32,2022-10-07,8,190,189,2022-10-07 14:00:51,M,FR1,1
32,2022-10-07,9,196,190,2022-10-07 15:45:37,M,FR1,6
32,2022-10-07,11,208,196,2022-10-07 17:35:22,M,FR1,12
32,2022-10-07,13,222,208,2022-10-07 19:14:54,M,FR1,14
32,2022-10-07,14,233,222,2022-10-07 20:54:18,M,FR1,11
33,2022-10-05,15,631,621,2022-10-05 21:17:53,M,Free,10
33,2022-10-05,16,649,632,2022-10-05 22:14:16,M,Free,17
33,2022-10-05,17,689,650,2022-10-05 23:00:41,M,Free,39
33,2022-10-06,18,691,690,2022-10-06 00:54:19,M,Free,1
33,2022-10-06,19,716,692,2022-10-06 01:03:54,M,Free,24
33,2022-10-06,20,729,717,2022-10-06 02:47:18,M,Free,12
33,2022-10-06,21,738,730,2022-10-06 03:08:04,M,Free,8
33,2022-10-06,22,747,739,2022-10-06 04:36:47,M,Free,8
33,2022-10-06,23,755,748,2022-10-06 05:50:59,M,Free,7
33,2022-10-06,0,774,756,2022-10-06 06:00:50,M,Free,18
33,2022-10-06,1,792,775,2022-10-06 07:00:13,M,Free,17
33,2022-10-06,2,803,793,2022-10-06 08:02:09,M,Free,10
33,2022-10-06,3,814,804,2022-10-06 09:18:35,M,Free,10
33,2022-10-06,4,820,815,2022-10-06 10:21:29,M,Free,5
33,2022-10-06,6,847,838,2022-10-06 12:24:30,M,Free,9
33,2022-10-06,7,851,848,2022-10-06 13:18:08,M,Free,3
33,2022-10-06,8,856,852,2022-10-06 14:57:11,M,Free,4
33,2022-10-06,9,857,857,2022-10-06 15:02:23,M,Free,0
33,2022-10-06,10,864,858,2022-10-06 16:18:40,M,Free,6
33,2022-10-06,11,872,865,2022-10-06 17:40:27,M,Free,7
33,2022-10-06,13,884,873,2022-10-06 19:06:34,M,Free,11
33,2022-10-06,14,906,885,2022-10-06 20:20:34,M,Free,21
33,2022-10-06,16,4,2,2022-10-06 22:36:01,M,FR1,2
33,2022-10-06,17,29,4,2022-10-06 23:04:33,M,FR1,25
33,2022-10-07,18,60,29,2022-10-07 00:01:51,M,FR1,31
33,2022-10-07,20,81,60,2022-10-07 02:17:33,M,FR1,21
33,2022-10-07,21,92,81,2022-10-07 03:45:41,M,FR1,11
33,2022-10-07,23,111,92,2022-10-07 05:39:50,M,FR1,19
33,2022-10-07,1,134,111,2022-10-07 07:24:55,M,FR1,23
33,2022-10-07,3,157,134,2022-10-07 09:01:45,M,FR1,23
33,2022-10-07,4,164,157,2022-10-07 10:46:12,M,FR1,7
33,2022-10-07,8,193,179,2022-10-07 14:15:10,M,FR1,14
33,2022-10-07,9,199,193,2022-10-07 15:11:33,M,FR1,6
33,2022-10-07,10,209,199,2022-10-07 16:47:13,M,FR1,10
33,2022-10-07,12,222,209,2022-10-07 18:09:00,M,FR1,13
33,2022-10-07,13,229,222,2022-10-07 19:55:14,M,FR1,7
33,2022-10-07,14,240,229,2022-10-07 20:17:13,M,FR1,11
33,2022-10-07,15,248,240,2022-10-07 21:01:25,M,FR1,8
34,2022-10-05,15,495,494,2022-10-05 21:55:28,M,Free,1
34,2022-10-05,16,507,496,2022-10-05 22:03:11,M,Free,11
34,2022-10-05,17,544,508,2022-10-05 23:04:51,M,Free,36
34,2022-10-06,19,568,545,2022-10-06 01:00:44,M,Free,23
34,2022-10-06,20,581,569,2022-10-06 02:48:38,M,Free,12
34,2022-10-06,21,584,582,2022-10-06 03:00:00,M,Free,2
34,2022-10-06,22,590,585,2022-10-06 04:54:44,M,Free,5
34,2022-10-06,23,595,591,2022-10-06 05:44:23,M,Free,4
34,2022-10-06,0,609,596,2022-10-06 06:28:14,M,Free,13
34,2022-10-06,1,615,610,2022-10-06 07:16:13,M,Free,5
34,2022-10-06,2,624,616,2022-10-06 08:22:05,M,Free,8
34,2022-10-06,3,630,625,2022-10-06 09:10:21,M,Free,5
34,2022-10-06,4,636,631,2022-10-06 10:43:14,M,Free,5
34,2022-10-06,5,644,637,2022-10-06 11:01:08,M,Free,7
34,2022-10-06,6,651,645,2022-10-06 12:53:14,M,Free,6
34,2022-10-06,8,660,652,2022-10-06 14:40:53,M,Free,8
34,2022-10-06,10,666,661,2022-10-06 16:42:15,M,Free,5
34,2022-10-06,13,678,667,2022-10-06 19:02:10,M,Free,11
34,2022-10-06,14,692,679,2022-10-06 20:10:13,M,Free,13
34,2022-10-06,17,15,0,2022-10-06 23:08:51,M,FR1,15
34,2022-10-07,18,35,15,2022-10-07 00:11:04,M,FR1,20
34,2022-10-07,19,62,35,2022-10-07 01:10:17,M,FR1,27
34,2022-10-07,20,77,62,2022-10-07 02:30:47,M,FR1,15
34,2022-10-07,21,80,77,2022-10-07 03:29:37,M,FR1,3
34,2022-10-07,22,88,80,2022-10-07 04:20:34,M,FR1,8
34,2022-10-07,23,96,88,2022-10-07 05:41:26,M,FR1,8
34,2022-10-07,0,104,96,2022-10-07 06:56:31,M,FR1,8
34,2022-10-07,1,113,104,2022-10-07 07:00:09,M,FR1,9
34,2022-10-07,2,120,113,2022-10-07 08:00:04,M,FR1,7
34,2022-10-07,3,132,120,2022-10-07 09:04:53,M,FR1,12
34,2022-10-07,4,139,132,2022-10-07 10:21:06,M,FR1,7
34,2022-10-07,5,144,139,2022-10-07 11:20:17,M,FR1,5
34,2022-10-07,8,161,156,2022-10-07 14:20:00,M,FR1,5
34,2022-10-07,9,164,161,2022-10-07 15:43:13,M,FR1,3
34,2022-10-07,10,165,164,2022-10-07 16:00:32,M,FR1,1
34,2022-10-07,11,174,165,2022-10-07 17:35:32,M,FR1,9
34,2022-10-07,13,190,174,2022-10-07 19:08:12,M,FR1,16
34,2022-10-07,14,195,190,2022-10-07 20:25:45,M,FR1,5
34,2022-10-07,15,201,195,2022-10-07 21:14:43,M,FR1,6
35,2022-10-30,15,509,503,2022-10-30 21:51:06,M,Free,6
35,2022-10-30,16,520,510,2022-10-30 22:16:45,M,Free,10
35,2022-10-30,17,540,521,2022-10-30 23:00:08,M,Free,19
35,2022-10-31,18,578,541,2022-10-31 00:02:00,M,Free,37
35,2022-10-31,19,609,579,2022-10-31 01:21:50,M,Free,30
35,2022-10-31,20,619,610,2022-10-31 02:06:55,M,Free,9
35,2022-10-31,21,624,620,2022-10-31 03:05:21,M,Free,4
35,2022-10-31,22,647,625,2022-10-31 04:14:16,M,Free,22
35,2022-10-31,23,647,647,2022-10-31 05:02:16,M,Free,0
35,2022-10-31,0,668,648,2022-10-31 06:05:20,M,Free,20
35,2022-10-31,1,669,669,2022-10-31 07:01:30,M,Free,0
35,2022-10-31,2,688,670,2022-10-31 08:20:56,M,Free,18
35,2022-10-31,4,694,689,2022-10-31 10:30:11,M,Free,5
35,2022-10-31,9,726,715,2022-10-31 15:18:45,M,Free,11
35,2022-10-31,12,737,727,2022-10-31 18:00:41,M,Free,10
35,2022-10-31,13,746,738,2022-10-31 19:38:49,M,Free,8
35,2022-10-31,14,757,747,2022-10-31 20:39:26,M,Free,10
35,2022-10-31,16,2,1,2022-10-31 22:00:11,M,FR1,1
35,2022-10-31,17,7,2,2022-10-31 23:05:26,M,FR1,5
35,2022-11-01,18,14,7,2022-11-01 00:03:21,M,FR1,7
35,2022-11-01,19,47,14,2022-11-01 01:00:22,M,FR1,33
35,2022-11-01,20,63,47,2022-11-01 02:01:32,M,FR1,16
35,2022-11-01,21,86,63,2022-11-01 03:19:27,M,FR1,23
35,2022-11-01,22,87,86,2022-11-01 04:52:49,M,FR1,1
35,2022-11-01,23,102,87,2022-11-01 05:01:11,M,FR1,15
35,2022-11-01,0,112,102,2022-11-01 06:05:10,M,FR1,10
35,2022-11-01,1,128,112,2022-11-01 07:22:55,M,FR1,16
35,2022-11-01,3,147,128,2022-11-01 09:25:46,M,FR1,19
35,2022-11-01,4,155,147,2022-11-01 10:53:51,M,FR1,8
35,2022-11-01,5,158,155,2022-11-01 11:18:09,M,FR1,3
35,2022-11-01,6,164,158,2022-11-01 12:31:28,M,FR1,6
35,2022-11-01,8,181,165,2022-11-01 14:08:24,M,FR1,16
35,2022-11-01,9,185,181,2022-11-01 15:54:06,M,FR1,4
35,2022-11-01,11,191,185,2022-11-01 17:08:34,M,FR1,6
35,2022-11-01,12,201,191,2022-11-01 18:36:23,M,FR1,10
35,2022-11-01,13,208,201,2022-11-01 19:51:15,M,FR1,7
35,2022-11-01,14,213,208,2022-11-01 20:05:44,M,FR1,5
35,2022-11-01,15,223,213,2022-11-01 21:10:09,M,FR1,10
36,2022-10-30,15,569,563,2022-10-30 21:23:27,M,Free,6
36,2022-10-30,16,587,570,2022-10-30 22:26:12,M,Free,17
36,2022-10-30,17,601,588,2022-10-30 23:08:37,M,Free,13
36,2022-10-31,18,612,602,2022-10-31 00:01:59,M,Free,10
36,2022-10-31,19,645,613,2022-10-31 01:23:13,M,Free,32
36,2022-10-31,20,663,646,2022-10-31 02:41:24,M,Free,17
36,2022-10-31,21,669,664,2022-10-31 03:05:14,M,Free,5
36,2022-10-31,22,686,670,2022-10-31 04:49:07,M,Free,16
36,2022-10-31,23,687,687,2022-10-31 05:00:16,M,Free,0
36,2022-10-31,0,704,688,2022-10-31 06:01:52,M,Free,16
36,2022-10-31,1,709,705,2022-10-31 07:01:58,M,Free,4
36,2022-10-31,2,730,710,2022-10-31 08:06:58,M,Free,20
36,2022-10-31,3,735,731,2022-10-31 09:17:51,M,Free,4
36,2022-10-31,4,746,736,2022-10-31 10:45:30,M,Free,10
36,2022-10-31,6,756,747,2022-10-31 12:36:48,M,Free,9
36,2022-10-31,9,780,757,2022-10-31 15:29:51,M,Free,23
36,2022-10-31,11,794,781,2022-10-31 17:14:36,M,Free,13
36,2022-10-31,13,821,795,2022-10-31 19:01:09,M,Free,26
36,2022-10-31,14,833,822,2022-10-31 20:42:42,M,Free,11
36,2022-10-31,15,845,834,2022-10-31 21:02:26,M,Free,11
36,2022-10-31,16,2,0,2022-10-31 22:29:09,M,FR1,2
36,2022-10-31,17,2,2,2022-10-31 23:08:13,M,FR1,0
36,2022-11-01,18,11,2,2022-11-01 00:32:09,M,FR1,9
36,2022-11-01,19,44,11,2022-11-01 01:06:41,M,FR1,33
36,2022-11-01,21,78,44,2022-11-01 03:13:54,M,FR1,34
36,2022-11-01,23,90,78,2022-11-01 05:39:17,M,FR1,12
36,2022-11-01,0,104,90,2022-11-01 06:04:21,M,FR1,14
36,2022-11-01,1,119,104,2022-11-01 07:29:15,M,FR1,15
36,2022-11-01,3,127,119,2022-11-01 09:09:25,M,FR1,8
36,2022-11-01,4,129,127,2022-11-01 10:59:34,M,FR1,2
36,2022-11-01,5,135,129,2022-11-01 11:00:11,M,FR1,6
36,2022-11-01,6,137,136,2022-11-01 12:45:52,M,FR1,1
36,2022-11-01,7,149,137,2022-11-01 13:00:12,M,FR1,12
36,2022-11-01,9,169,149,2022-11-01 15:26:41,M,FR1,20
36,2022-11-01,12,175,169,2022-11-01 18:56:25,M,FR1,6
36,2022-11-01,13,191,175,2022-11-01 19:17:13,M,FR1,16
36,2022-11-01,14,201,191,2022-11-01 20:23:31,M,FR1,10
36,2022-11-01,15,212,201,2022-11-01 21:19:26,M,FR1,11
36,2022-11-01,16,227,212,2022-11-01 22:06:51,M,FR1,15
37,2022-10-30,15,642,640,2022-10-30 21:49:18,M,Free,2
37,2022-10-30,16,665,643,2022-10-30 22:26:47,M,Free,22
37,2022-10-30,17,679,666,2022-10-30 23:00:06,M,Free,13
37,2022-10-31,18,682,680,2022-10-31 00:01:03,M,Free,2
37,2022-10-31,19,701,683,2022-10-31 01:31:28,M,Free,18
37,2022-10-31,20,704,702,2022-10-31 02:10:22,M,Free,2
37,2022-10-31,21,711,705,2022-10-31 03:27:24,M,Free,6
37,2022-10-31,22,730,712,2022-10-31 04:10:39,M,Free,18
37,2022-10-31,23,754,731,2022-10-31 05:26:24,M,Free,23
37,2022-10-31,0,763,755,2022-10-31 06:01:44,M,Free,8
37,2022-10-31,1,807,764,2022-10-31 07:04:28,M,Free,43
37,2022-10-31,3,826,808,2022-10-31 09:23:08,M,Free,18
37,2022-10-31,4,829,827,2022-10-31 10:16:50,M,Free,2
37,2022-10-31,5,832,830,2022-10-31 11:12:59,M,Free,2
37,2022-10-31,6,837,833,2022-10-31 12:45:30,M,Free,4
37,2022-10-31,7,849,838,2022-10-31 13:08:24,M,Free,11
37,2022-10-31,9,853,850,2022-10-31 15:29:14,M,Free,3
37,2022-10-31,11,863,854,2022-10-31 17:40:55,M,Free,9
37,2022-10-31,13,868,864,2022-10-31 19:18:47,M,Free,4
37,2022-10-31,14,888,869,2022-10-31 20:11:55,M,Free,19
37,2022-10-31,15,898,889,2022-10-31 21:17:36,M,Free,9
37,2022-10-31,16,4,0,2022-10-31 22:30:57,M,FR1,4
37,2022-10-31,17,27,4,2022-10-31 23:03:42,M,FR1,23
37,2022-11-01,18,39,27,2022-11-01 00:02:51,M,FR1,12
37,2022-11-01,20,41,39,2022-11-01 02:58:42,M,FR1,2
37,2022-11-01,21,60,41,2022-11-01 03:00:03,M,FR1,19
37,2022-11-01,22,63,60,2022-11-01 04:03:51,M,FR1,3
37,2022-11-01,23,75,63,2022-11-01 05:48:33,M,FR1,12
37,2022-11-01,0,101,75,2022-11-01 06:08:20,M,FR1,26
37,2022-11-01,2,126,101,2022-11-01 08:26:41,M,FR1,25
37,2022-11-01,4,138,126,2022-11-01 10:31:58,M,FR1,12
37,2022-11-01,5,138,138,2022-11-01 11:03:33,M,FR1,0
37,2022-11-01,7,151,138,2022-11-01 13:16:51,M,FR1,13
37,2022-11-01,9,155,151,2022-11-01 15:58:43,M,FR1,4
37,2022-11-01,10,159,155,2022-11-01 16:00:09,M,FR1,4
37,2022-11-01,11,164,160,2022-11-01 17:42:06,M,FR1,4
37,2022-11-01,13,180,164,2022-11-01 19:03:41,M,FR1,16
37,2022-11-01,14,190,180,2022-11-01 20:46:49,M,FR1,10
37,2022-11-01,16,204,190,2022-11-01 22:03:38,M,FR1,14
38,2022-10-30,16,539,531,2022-10-30 22:07:04,M,Free,8
38,2022-10-30,17,558,540,2022-10-30 23:07:53,M,Free,18
38,2022-10-31,18,590,559,2022-10-31 00:09:57,M,Free,31
38,2022-10-31,19,605,591,2022-10-31 01:55:28,M,Free,14
38,2022-10-31,20,614,606,2022-10-31 02:11:02,M,Free,8
38,2022-10-31,21,618,615,2022-10-31 03:07:28,M,Free,3
38,2022-10-31,22,627,619,2022-10-31 04:21:22,M,Free,8
38,2022-10-31,23,635,628,2022-10-31 05:09:38,M,Free,7
38,2022-10-31,0,647,636,2022-10-31 06:11:33,M,Free,11
38,2022-10-31,1,664,648,2022-10-31 07:04:09,M,Free,16
38,2022-10-31,2,674,665,2022-10-31 08:44:41,M,Free,9
38,2022-10-31,3,683,675,2022-10-31 09:00:26,M,Free,8
38,2022-10-31,4,689,684,2022-10-31 10:28:51,M,Free,5
38,2022-10-31,9,716,703,2022-10-31 15:41:24,M,Free,13
38,2022-10-31,12,724,717,2022-10-31 18:05:34,M,Free,7
38,2022-10-31,13,739,725,2022-10-31 19:07:56,M,Free,14
38,2022-10-31,14,755,740,2022-10-31 20:28:40,M,Free,15
38,2022-10-31,15,765,756,2022-10-31 21:00:09,M,Free,9
38,2022-11-01,0,1,0,2022-11-01 06:54:04,M,FR1,1
38,2022-11-01,1,3,1,2022-11-01 07:02:47,M,FR1,2
38,2022-11-01,2,4,3,2022-11-01 08:31:27,M,FR1,1
38,2022-11-01,3,15,4,2022-11-01 09:00:02,M,FR1,11
38,2022-11-01,5,25,15,2022-11-01 11:01:20,M,FR1,10
38,2022-11-01,8,42,36,2022-11-01 14:05:45,M,FR1,6
38,2022-11-01,9,46,42,2022-11-01 15:34:48,M,FR1,4
38,2022-11-01,10,52,46,2022-11-01 16:00:17,M,FR1,6
38,2022-11-01,11,58,52,2022-11-01 17:18:15,M,FR1,6
38,2022-11-01,12,68,58,2022-11-01 18:21:51,M,FR1,10
38,2022-11-01,13,83,68,2022-11-01 19:24:21,M,FR1,15
38,2022-11-01,14,95,83,2022-11-01 20:18:29,M,FR1,12
38,2022-11-01,15,104,95,2022-11-01 21:11:15,M,FR1,9
38,2022-11-01,16,140,104,2022-11-01 22:03:17,M,FR1,36
38,2022-11-01,17,160,140,2022-11-01 23:02:34,M,FR1,20
38,2022-11-02,18,167,160,2022-11-02 00:23:45,M,FR1,7
38,2022-11-02,19,179,167,2022-11-02 01:33:36,M,FR1,12
38,2022-11-02,21,194,179,2022-11-02 03:39:31,M,FR1,15
38,2022-11-02,22,203,194,2022-11-02 04:51:20,M,FR1,9
38,2022-11-02,23,215,203,2022-11-02 05:35:44,M,FR1,12
38,2022-11-02,0,224,215,2022-11-02 06:35:57,M,FR1,9
39,2023-02-02,18,769,752,2023-02-02 00:10:47,M,Free,17
39,2023-02-02,19,795,770,2023-02-02 01:07:29,M,Free,25
39,2023-02-02,20,810,796,2023-02-02 02:13:19,M,Free,14
39,2023-02-02,21,825,810,2023-02-02 03:01:27,M,Free,15
39,2023-02-02,22,861,826,2023-02-02 04:00:45,M,Free,35
39,2023-02-02,23,869,862,2023-02-02 05:12:11,M,Free,7
39,2023-02-02,0,889,870,2023-02-02 06:18:49,M,Free,19
39,2023-02-02,1,892,890,2023-02-02 07:03:43,M,Free,2
39,2023-02-02,2,909,893,2023-02-02 08:01:36,M,Free,16
39,2023-02-02,3,920,910,2023-02-02 09:07:13,M,Free,10
39,2023-02-02,4,930,921,2023-02-02 10:18:32,M,Free,9
39,2023-02-02,5,935,931,2023-02-02 11:35:19,M,Free,4
39,2023-02-02,6,938,936,2023-02-02 12:59:28,M,Free,2
39,2023-02-02,7,950,939,2023-02-02 13:00:19,M,Free,11
39,2023-02-02,8,962,951,2023-02-02 14:55:28,M,Free,11
39,2023-02-02,10,978,963,2023-02-02 16:02:36,M,Free,15
39,2023-02-02,11,983,979,2023-02-02 17:45:30,M,Free,4
39,2023-02-02,12,994,984,2023-02-02 18:30:56,M,Free,10
39,2023-02-02,13,1017,995,2023-02-02 19:15:08,M,Free,22
39,2023-02-02,14,1043,1018,2023-02-02 20:00:18,M,Free,25
39,2023-02-02,15,1046,1044,2023-02-02 21:07:33,M,Free,2
39,2023-02-02,16,1067,1047,2023-02-02 22:17:48,M,Free,20
39,2023-02-02,17,1101,1068,2023-02-02 23:08:30,M,Free,33
39,2023-02-03,18,2,0,2023-02-03 00:35:50,M,FR1,2
39,2023-02-03,19,6,2,2023-02-03 01:07:51,M,FR1,4
39,2023-02-03,20,39,6,2023-02-03 02:02:09,M,FR1,33
39,2023-02-03,22,80,39,2023-02-03 04:05:29,M,FR1,41
39,2023-02-03,0,97,80,2023-02-03 06:01:31,M,FR1,17
39,2023-02-03,1,102,97,2023-02-03 07:54:27,M,FR1,5
39,2023-02-03,2,107,102,2023-02-03 08:05:48,M,FR1,5
39,2023-02-03,3,114,107,2023-02-03 09:20:56,M,FR1,7
39,2023-02-03,4,123,114,2023-02-03 10:41:35,M,FR1,9
39,2023-02-03,5,124,123,2023-02-03 11:59:31,M,FR1,1
39,2023-02-03,6,132,125,2023-02-03 12:00:03,M,FR1,7
39,2023-02-03,7,148,132,2023-02-03 13:21:29,M,FR1,16
39,2023-02-03,9,158,148,2023-02-03 15:07:33,M,FR1,10
39,2023-02-03,10,167,158,2023-02-03 16:04:11,M,FR1,9
39,2023-02-03,11,174,167,2023-02-03 17:28:46,M,FR1,7
39,2023-02-03,12,183,174,2023-02-03 18:54:36,M,FR1,9
39,2023-02-03,13,189,183,2023-02-03 19:34:23,M,FR1,6
39,2023-02-03,14,210,189,2023-02-03 20:03:07,M,FR1,21
39,2023-02-03,15,223,210,2023-02-03 21:23:57,M,FR1,13
39,2023-02-03,16,241,223,2023-02-03 22:04:44,M,FR1,18
39,2023-02-03,17,269,241,2023-02-03 23:14:05,M,FR1,28
39,2023-02-04,18,280,269,2023-02-04 00:21:27,M,FR1,11
4,2022-02-07,6,752,744,2022-02-07 12:34:46,M,Free,8
4,2022-02-07,7,755,752,2022-02-07 13:00:05,M,Free,3
4,2022-02-07,9,761,756,2022-02-07 15:13:21,M,Free,5
4,2022-02-07,10,767,762,2022-02-07 16:35:32,M,Free,5
4,2022-02-07,12,777,768,2022-02-07 18:20:11,M,Free,9
4,2022-02-07,13,781,778,2022-02-07 19:03:52,M,Free,3
4,2022-02-07,14,796,781,2022-02-07 20:02:57,M,Free,15
4,2022-02-07,15,801,796,2022-02-07 21:26:18,M,Free,5
4,2022-02-07,16,821,801,2022-02-07 22:04:42,M,Free,20
4,2022-02-07,17,829,822,2022-02-07 23:22:20,M,Free,7
4,2022-02-08,18,841,829,2022-02-08 00:00:25,M,Free,12
4,2022-02-08,19,847,842,2022-02-08 01:25:21,M,Free,5
4,2022-02-08,20,858,848,2022-02-08 02:04:31,M,Free,10
4,2022-02-08,21,870,858,2022-02-08 03:03:18,M,Free,12
4,2022-02-08,22,872,871,2022-02-08 04:17:34,M,Free,1
4,2022-02-08,23,886,873,2022-02-08 05:00:13,M,Free,13
4,2022-02-08,0,894,886,2022-02-08 06:02:43,M,Free,8
4,2022-02-08,1,911,895,2022-02-08 07:10:00,M,Free,16
4,2022-02-08,2,912,911,2022-02-08 08:04:01,M,Free,1
4,2022-02-08,3,916,912,2022-02-08 09:12:46,M,Free,4
4,2022-02-08,4,923,917,2022-02-08 10:55:06,M,Free,6
4,2022-02-08,5,924,923,2022-02-08 11:23:47,M,Free,1
4,2022-02-08,6,924,924,2022-02-08 12:00:45,M,Free,0
4,2022-04-26,9,1,0,2022-04-26 15:44:08,M,FR1,1
4,2022-04-26,10,4,1,2022-04-26 16:05:00,M,FR1,3
4,2022-04-26,11,7,4,2022-04-26 17:37:17,M,FR1,3
4,2022-04-26,14,12,7,2022-04-26 20:09:39,M,FR1,5
4,2022-04-26,15,14,12,2022-04-26 21:54:40,M,FR1,2
4,2022-04-26,16,28,14,2022-04-26 22:01:24,M,FR1,14
4,2022-04-27,18,36,28,2022-04-27 00:30:40,M,FR1,8
4,2022-04-27,19,46,36,2022-04-27 01:03:55,M,FR1,10
4,2022-04-27,22,58,46,2022-04-27 04:06:53,M,FR1,12
4,2022-04-27,0,68,58,2022-04-27 06:28:01,M,FR1,10
4,2022-04-27,1,74,68,2022-04-27 07:00:43,M,FR1,6
4,2022-04-27,2,92,74,2022-04-27 08:00:06,M,FR1,18
4,2022-04-27,3,98,92,2022-04-27 09:03:37,M,FR1,6
4,2022-04-27,5,101,98,2022-04-27 11:55:30,M,FR1,3
4,2022-04-27,6,102,101,2022-04-27 12:07:37,M,FR1,1
4,2022-04-27,7,103,102,2022-04-27 13:41:53,M,FR1,1
4,2022-04-27,8,110,103,2022-04-27 14:55:24,M,FR1,7
4,2022-04-27,9,111,110,2022-04-27 15:42:46,M,FR1,1
40,2023-03-18,16,474,468,2023-03-18 22:35:08,M,Free,6
40,2023-03-18,17,484,475,2023-03-18 23:02:14,M,Free,9
40,2023-03-19,18,487,485,2023-03-19 00:25:56,M,Free,2
40,2023-03-19,19,500,488,2023-03-19 01:08:13,M,Free,12
40,2023-03-19,20,513,500,2023-03-19 02:05:46,M,Free,13
40,2023-03-19,21,517,514,2023-03-19 03:30:10,M,Free,3
40,2023-03-19,22,534,518,2023-03-19 04:19:36,M,Free,16
40,2023-03-19,23,552,535,2023-03-19 05:10:45,M,Free,17
40,2023-03-19,0,553,553,2023-03-19 06:03:39,M,Free,0
40,2023-03-19,1,573,554,2023-03-19 07:10:54,M,Free,19
40,2023-03-19,2,574,574,2023-03-19 08:32:29,M,Free,0
40,2023-03-19,3,582,575,2023-03-19 09:04:37,M,Free,7
40,2023-03-19,5,593,583,2023-03-19 11:42:08,M,Free,10
40,2023-03-19,7,600,594,2023-03-19 13:49:36,M,Free,6
40,2023-03-19,8,601,601,2023-03-19 14:45:36,M,Free,0
40,2023-03-19,9,612,602,2023-03-19 15:16:23,M,Free,10
40,2023-03-19,10,617,613,2023-03-19 16:19:53,M,Free,4
40,2023-03-19,11,627,618,2023-03-19 17:17:49,M,Free,9
40,2023-03-19,12,650,628,2023-03-19 18:01:04,M,Free,22
40,2023-03-19,13,667,651,2023-03-19 19:21:26,M,Free,16
40,2023-03-19,14,688,668,2023-03-19 20:03:55,M,Free,20
40,2023-03-19,15,710,689,2023-03-19 21:01:43,M,Free,21
40,2023-03-19,17,3,0,2023-03-19 23:10:12,M,FR1,3
40,2023-03-20,18,12,3,2023-03-20 00:18:47,M,FR1,9
40,2023-03-20,19,27,12,2023-03-20 01:21:58,M,FR1,15
40,2023-03-20,20,35,27,2023-03-20 02:04:19,M,FR1,8
40,2023-03-20,21,43,35,2023-03-20 03:44:03,M,FR1,8
40,2023-03-20,22,55,43,2023-03-20 04:05:18,M,FR1,12
40,2023-03-20,23,71,55,2023-03-20 05:20:47,M,FR1,16
40,2023-03-20,0,83,71,2023-03-20 06:27:34,M,FR1,12
40,2023-03-20,2,87,83,2023-03-20 08:40:45,M,FR1,4
40,2023-03-20,4,88,87,2023-03-20 10:15:11,M,FR1,1
40,2023-03-20,7,97,88,2023-03-20 13:15:36,M,FR1,9
40,2023-03-20,8,98,97,2023-03-20 14:55:06,M,FR1,1
40,2023-03-20,9,104,98,2023-03-20 15:02:11,M,FR1,6
40,2023-03-20,10,106,104,2023-03-20 16:53:36,M,FR1,2
40,2023-03-20,11,113,106,2023-03-20 17:46:50,M,FR1,7
40,2023-03-20,12,120,113,2023-03-20 18:44:56,M,FR1,7
40,2023-03-20,13,134,120,2023-03-20 19:18:06,M,FR1,14
40,2023-03-20,14,152,134,2023-03-20 20:02:31,M,FR1,18
40,2023-03-20,15,165,153,2023-03-20 21:00:00,M,FR1,12
40,2023-03-20,16,179,165,2023-03-20 22:04:48,M,FR1,14
41,2023-03-18,16,511,501,2023-03-18 22:38:11,M,Free,10
41,2023-03-18,17,529,511,2023-03-18 23:05:21,M,Free,18
41,2023-03-19,18,533,530,2023-03-19 00:00:20,M,Free,3
41,2023-03-19,19,543,534,2023-03-19 01:06:23,M,Free,9
41,2023-03-19,20,551,544,2023-03-19 02:55:08,M,Free,7
41,2023-03-19,21,561,552,2023-03-19 03:00:09,M,Free,9
41,2023-03-19,22,577,562,2023-03-19 04:28:01,M,Free,15
41,2023-03-19,23,587,578,2023-03-19 05:45:44,M,Free,9
41,2023-03-19,0,616,588,2023-03-19 06:00:57,M,Free,28
41,2023-03-19,1,624,617,2023-03-19 07:09:58,M,Free,7
41,2023-03-19,2,637,624,2023-03-19 08:24:24,M,Free,13
41,2023-03-19,4,640,638,2023-03-19 10:51:49,M,Free,2
41,2023-03-19,6,643,641,2023-03-19 12:30:50,M,Free,2
41,2023-03-19,7,647,644,2023-03-19 13:09:59,M,Free,3
41,2023-03-19,8,651,648,2023-03-19 14:41:30,M,Free,3
41,2023-03-19,10,656,652,2023-03-19 16:27:18,M,Free,4
41,2023-03-19,11,662,657,2023-03-19 17:35:01,M,Free,5
41,2023-03-19,12,670,663,2023-03-19 18:09:10,M,Free,7
41,2023-03-19,13,699,671,2023-03-19 19:05:23,M,Free,28
41,2023-03-19,14,717,700,2023-03-19 20:34:22,M,Free,17
41,2023-03-19,15,727,718,2023-03-19 21:00:03,M,Free,9
41,2023-03-19,17,2,2,2023-03-19 23:00:32,M,FR1,0
41,2023-03-20,18,25,2,2023-03-20 00:06:41,M,FR1,23
41,2023-03-20,20,50,25,2023-03-20 02:03:37,M,FR1,25
41,2023-03-20,21,59,50,2023-03-20 03:09:40,M,FR1,9
41,2023-03-20,22,72,59,2023-03-20 04:12:51,M,FR1,13
41,2023-03-20,23,87,72,2023-03-20 05:16:11,M,FR1,15
41,2023-03-20,0,108,87,2023-03-20 06:27:44,M,FR1,21
41,2023-03-20,3,113,108,2023-03-20 09:02:57,M,FR1,5
41,2023-03-20,5,116,113,2023-03-20 11:16:53,M,FR1,3
41,2023-03-20,6,118,116,2023-03-20 12:54:24,M,FR1,2
41,2023-03-20,8,122,118,2023-03-20 14:58:32,M,FR1,4
41,2023-03-20,9,123,123,2023-03-20 15:00:29,M,FR1,0
41,2023-03-20,11,130,123,2023-03-20 17:26:26,M,FR1,7
41,2023-03-20,12,137,130,2023-03-20 18:22:01,M,FR1,7
41,2023-03-20,13,164,137,2023-03-20 19:00:01,M,FR1,27
41,2023-03-20,14,186,164,2023-03-20 20:34:20,M,FR1,22
41,2023-03-20,15,193,186,2023-03-20 21:10:54,M,FR1,7
41,2023-03-20,16,214,193,2023-03-20 22:13:36,M,FR1,21
42,2023-03-31,17,515,511,2023-03-31 23:35:49,M,Free,4
42,2023-04-01,18,537,515,2023-04-01 00:04:23,M,Free,22
42,2023-04-01,19,551,537,2023-04-01 01:15:10,M,Free,14
42,2023-04-01,21,572,552,2023-04-01 03:13:17,M,Free,20
42,2023-04-01,22,579,573,2023-04-01 04:49:13,M,Free,6
42,2023-04-01,23,606,580,2023-04-01 05:27:51,M,Free,26
42,2023-04-01,0,621,607,2023-04-01 06:08:04,M,Free,14
42,2023-04-01,2,639,622,2023-04-01 08:19:03,M,Free,17
42,2023-04-01,3,646,640,2023-04-01 09:02:38,M,Free,6
42,2023-04-01,8,678,666,2023-04-01 14:21:14,M,Free,12
42,2023-04-01,11,686,679,2023-04-01 17:22:50,M,Free,7
42,2023-04-01,13,705,687,2023-04-01 19:08:58,M,Free,18
42,2023-04-01,14,706,706,2023-04-01 20:01:35,M,Free,0
42,2023-04-01,15,715,706,2023-04-01 21:28:22,M,Free,9
42,2023-04-01,17,741,715,2023-04-01 23:01:25,M,Free,26
42,2023-04-02,18,1,0,2023-04-02 00:58:13,M,FR1,1
42,2023-04-02,19,2,1,2023-04-02 01:24:32,M,FR1,1
42,2023-04-02,20,9,2,2023-04-02 02:05:58,M,FR1,7
42,2023-04-02,23,24,9,2023-04-02 05:23:19,M,FR1,15
42,2023-04-02,0,40,24,2023-04-02 06:12:25,M,FR1,16
42,2023-04-02,3,46,40,2023-04-02 09:04:45,M,FR1,6
42,2023-04-02,8,64,59,2023-04-02 14:16:08,M,FR1,5
42,2023-04-02,10,69,64,2023-04-02 16:32:13,M,FR1,5
42,2023-04-02,11,74,69,2023-04-02 17:54:26,M,FR1,5
42,2023-04-02,13,84,74,2023-04-02 19:21:17,M,FR1,10
42,2023-04-02,14,100,84,2023-04-02 20:20:15,M,FR1,16
42,2023-04-02,15,121,100,2023-04-02 21:28:12,M,FR1,21
42,2023-04-02,16,129,121,2023-04-02 22:02:40,M,FR1,8
42,2023-04-02,17,158,129,2023-04-02 23:24:33,M,FR1,29
42,2023-04-03,18,165,159,2023-04-03 00:06:49,M,FR1,6
43,2023-03-31,17,587,579,2023-03-31 23:31:46,M,Free,8
43,2023-04-01,18,599,588,2023-04-01 00:07:14,M,Free,11
43,2023-04-01,19,608,600,2023-04-01 01:05:09,M,Free,8
43,2023-04-01,20,624,609,2023-04-01 02:16:48,M,Free,15
43,2023-04-01,21,631,625,2023-04-01 03:17:18,M,Free,6
43,2023-04-01,22,641,632,2023-04-01 04:25:38,M,Free,9
43,2023-04-01,23,669,642,2023-04-01 05:04:30,M,Free,27
43,2023-04-01,0,679,670,2023-04-01 06:15:50,M,Free,9
43,2023-04-01,1,685,680,2023-04-01 07:04:53,M,Free,5
43,2023-04-01,2,691,686,2023-04-01 08:21:01,M,Free,5
43,2023-04-01,3,693,692,2023-04-01 09:54:41,M,Free,1
43,2023-04-01,4,699,694,2023-04-01 10:00:40,M,Free,5
43,2023-04-01,5,707,700,2023-04-01 11:24:05,M,Free,7
43,2023-04-01,6,708,708,2023-04-01 12:34:16,M,Free,0
43,2023-04-01,7,718,709,2023-04-01 13:19:58,M,Free,9
43,2023-04-01,8,721,719,2023-04-01 14:09:36,M,Free,2
43,2023-04-01,9,727,722,2023-04-01 15:30:28,M,Free,5
43,2023-04-01,10,734,728,2023-04-01 16:19:46,M,Free,6
43,2023-04-01,11,745,735,2023-04-01 17:00:13,M,Free,10
43,2023-04-01,12,749,746,2023-04-01 18:47:54,M,Free,3
43,2023-04-01,13,766,750,2023-04-01 19:25:00,M,Free,16
43,2023-04-01,14,780,767,2023-04-01 20:02:56,M,Free,13
43,2023-04-01,15,794,781,2023-04-01 21:03:32,M,Free,13
43,2023-04-01,16,804,795,2023-04-01 22:10:18,M,Free,9
43,2023-04-01,17,817,805,2023-04-01 23:06:57,M,Free,12
43,2023-04-02,18,1,0,2023-04-02 00:10:29,M,FR1,1
43,2023-04-02,19,3,1,2023-04-02 01:00:02,M,FR1,2
43,2023-04-02,20,28,3,2023-04-02 02:06:30,M,FR1,25
43,2023-04-02,21,42,28,2023-04-02 03:43:56,M,FR1,14
43,2023-04-02,22,61,42,2023-04-02 04:04:40,M,FR1,19
43,2023-04-02,23,88,61,2023-04-02 05:06:29,M,FR1,27
43,2023-04-02,0,91,88,2023-04-02 06:04:19,M,FR1,3
43,2023-04-02,1,95,91,2023-04-02 07:30:14,M,FR1,4
43,2023-04-02,2,102,95,2023-04-02 08:43:57,M,FR1,7
43,2023-04-02,3,103,102,2023-04-02 09:07:27,M,FR1,1
43,2023-04-02,4,107,103,2023-04-02 10:50:56,M,FR1,4
43,2023-04-02,7,110,107,2023-04-02 13:16:16,M,FR1,3
43,2023-04-02,8,117,110,2023-04-02 14:18:42,M,FR1,7
43,2023-04-02,10,127,117,2023-04-02 16:26:46,M,FR1,10
43,2023-04-02,11,131,127,2023-04-02 17:55:51,M,FR1,4
43,2023-04-02,12,138,131,2023-04-02 18:49:35,M,FR1,7
43,2023-04-02,13,151,138,2023-04-02 19:27:49,M,FR1,13
43,2023-04-02,14,167,151,2023-04-02 20:09:46,M,FR1,16
43,2023-04-02,15,187,167,2023-04-02 21:01:28,M,FR1,20
43,2023-04-02,16,209,187,2023-04-02 22:10:57,M,FR1,22
43,2023-04-02,17,223,209,2023-04-02 23:01:07,M,FR1,14
44,2023-03-31,17,524,514,2023-03-31 23:30:12,M,Free,10
44,2023-04-01,18,538,525,2023-04-01 00:04:24,M,Free,13
44,2023-04-01,19,540,538,2023-04-01 01:16:31,M,Free,2
44,2023-04-01,20,552,540,2023-04-01 02:00:13,M,Free,12
44,2023-04-01,21,558,552,2023-04-01 03:02:09,M,Free,6
44,2023-04-01,22,570,559,2023-04-01 04:16:11,M,Free,11
44,2023-04-01,23,584,571,2023-04-01 05:00:14,M,Free,13
44,2023-04-01,0,598,585,2023-04-01 06:17:39,M,Free,13
44,2023-04-01,1,600,599,2023-04-01 07:01:07,M,Free,1
44,2023-04-01,2,610,601,2023-04-01 08:19:27,M,Free,9
44,2023-04-01,4,616,611,2023-04-01 10:03:57,M,Free,5
44,2023-04-01,5,622,617,2023-04-01 11:08:31,M,Free,5
44,2023-04-01,6,629,623,2023-04-01 12:23:58,M,Free,6
44,2023-04-01,8,637,630,2023-04-01 14:47:34,M,Free,7
44,2023-04-01,9,641,638,2023-04-01 15:00:43,M,Free,3
44,2023-04-01,11,647,642,2023-04-01 17:35:29,M,Free,5
44,2023-04-01,13,659,648,2023-04-01 19:06:31,M,Free,11
44,2023-04-01,14,673,659,2023-04-01 20:07:49,M,Free,14
44,2023-04-01,15,687,674,2023-04-01 21:36:07,M,Free,13
44,2023-04-01,16,699,688,2023-04-01 22:44:12,M,Free,11
44,2023-04-01,17,715,700,2023-04-01 23:01:51,M,Free,15
44,2023-04-02,18,4,0,2023-04-02 00:12:02,M,FR1,4
44,2023-04-02,19,9,4,2023-04-02 01:01:35,M,FR1,5
44,2023-04-02,20,11,9,2023-04-02 02:13:08,M,FR1,2
44,2023-04-02,21,19,11,2023-04-02 03:47:20,M,FR1,8
44,2023-04-02,22,21,19,2023-04-02 04:05:18,M,FR1,2
44,2023-04-02,23,29,21,2023-04-02 05:36:00,M,FR1,8
44,2023-04-02,0,42,29,2023-04-02 06:08:53,M,FR1,13
44,2023-04-02,2,54,42,2023-04-02 08:30:42,M,FR1,12
44,2023-04-02,3,56,54,2023-04-02 09:00:03,M,FR1,2
44,2023-04-02,4,57,56,2023-04-02 10:35:45,M,FR1,1
44,2023-04-02,7,59,57,2023-04-02 13:06:43,M,FR1,2
44,2023-04-02,9,65,59,2023-04-02 15:27:49,M,FR1,6
44,2023-04-02,12,75,65,2023-04-02 18:00:20,M,FR1,10
44,2023-04-02,13,82,75,2023-04-02 19:29:21,M,FR1,7
44,2023-04-02,14,94,82,2023-04-02 20:10:20,M,FR1,12
44,2023-04-02,15,112,94,2023-04-02 21:13:10,M,FR1,18
44,2023-04-02,16,133,112,2023-04-02 22:32:03,M,FR1,21
44,2023-04-02,17,157,133,2023-04-02 23:06:58,M,FR1,24
45,2023-04-09,15,421,413,2023-04-09 21:23:00,M,Free,8
45,2023-04-09,16,431,422,2023-04-09 22:10:00,M,Free,9
45,2023-04-09,17,462,431,2023-04-09 23:06:00,M,Free,31
45,2023-04-10,18,474,463,2023-04-10 00:00:00,M,Free,11
45,2023-04-10,19,483,475,2023-04-10 01:01:00,M,Free,8
45,2023-04-10,20,491,484,2023-04-10 02:02:00,M,Free,7
45,2023-04-10,21,503,492,2023-04-10 03:21:00,M,Free,11
45,2023-04-10,22,508,504,2023-04-10 04:09:00,M,Free,4
45,2023-04-10,23,516,509,2023-04-10 05:01:00,M,Free,7
45,2023-04-10,0,525,517,2023-04-10 06:12:00,M,Free,8
45,2023-04-10,3,538,526,2023-04-10 09:16:00,M,Free,12
45,2023-04-10,5,549,539,2023-04-10 11:34:00,M,Free,10
45,2023-04-10,8,556,550,2023-04-10 14:49:00,M,Free,6
45,2023-04-10,9,558,557,2023-04-10 15:28:00,M,Free,1
45,2023-04-10,11,561,559,2023-04-10 17:07:00,M,Free,2
45,2023-04-10,12,569,562,2023-04-10 18:17:00,M,Free,7
45,2023-04-10,13,585,570,2023-04-10 19:28:00,M,Free,15
45,2023-04-10,14,598,586,2023-04-10 20:08:00,M,Free,12
45,2023-04-10,15,605,599,2023-04-10 21:00:00,M,Free,6
45,2023-04-10,16,4,0,2023-04-10 22:04:27,M,FR1,4
45,2023-04-10,17,14,4,2023-04-10 23:01:49,M,FR1,10
45,2023-04-11,18,29,14,2023-04-11 00:00:50,M,FR1,15
45,2023-04-11,19,37,29,2023-04-11 01:09:13,M,FR1,8
45,2023-04-11,20,50,37,2023-04-11 02:37:28,M,FR1,13
45,2023-04-11,22,58,50,2023-04-11 04:00:42,M,FR1,8
45,2023-04-11,23,71,58,2023-04-11 05:12:49,M,FR1,13
45,2023-04-11,0,80,71,2023-04-11 06:23:41,M,FR1,9
45,2023-04-11,3,87,80,2023-04-11 09:43:58,M,FR1,7
45,2023-04-11,6,91,87,2023-04-11 12:56:37,M,FR1,4
45,2023-04-11,7,97,91,2023-04-11 13:24:42,M,FR1,6
45,2023-04-11,9,98,97,2023-04-11 15:35:46,M,FR1,1
45,2023-04-11,10,105,98,2023-04-11 16:54:22,M,FR1,7
45,2023-04-11,12,110,105,2023-04-11 18:29:54,M,FR1,5
45,2023-04-11,13,123,110,2023-04-11 19:33:40,M,FR1,13
45,2023-04-11,14,133,123,2023-04-11 20:15:00,M,FR1,10
45,2023-04-11,15,149,133,2023-04-11 21:00:25,M,FR1,16
46,2023-04-13,17,557,534,2023-04-13 23:11:23,M,Free,23
46,2023-04-14,18,580,558,2023-04-14 00:03:22,M,Free,22
46,2023-04-14,19,594,581,2023-04-14 01:04:57,M,Free,13
46,2023-04-14,20,601,595,2023-04-14 02:51:41,M,Free,6
46,2023-04-14,21,608,602,2023-04-14 03:03:36,M,Free,6
46,2023-04-14,22,619,609,2023-04-14 04:11:06,M,Free,10
46,2023-04-14,23,636,620,2023-04-14 05:19:34,M,Free,16
46,2023-04-14,0,649,637,2023-04-14 06:01:56,M,Free,12
46,2023-04-14,1,651,649,2023-04-14 07:03:05,M,Free,2
46,2023-04-14,2,665,652,2023-04-14 08:15:10,M,Free,13
46,2023-04-14,4,681,666,2023-04-14 10:04:40,M,Free,15
46,2023-04-14,8,702,696,2023-04-14 14:13:11,M,Free,6
46,2023-04-14,9,711,703,2023-04-14 15:49:16,M,Free,8
46,2023-04-14,11,716,712,2023-04-14 17:11:19,M,Free,4
46,2023-04-14,12,728,717,2023-04-14 18:19:19,M,Free,11
46,2023-04-14,13,733,729,2023-04-14 19:48:52,M,Free,4
46,2023-04-14,14,750,734,2023-04-14 20:09:13,M,Free,16
46,2023-04-14,15,771,751,2023-04-14 21:31:53,M,Free,20
46,2023-04-14,16,776,772,2023-04-14 22:50:31,M,Free,4
46,2023-04-14,17,0,0,2023-04-14 23:57:38,M,FR1,0
46,2023-04-15,18,3,1,2023-04-15 00:05:55,M,FR1,2
46,2023-04-15,19,4,3,2023-04-15 01:09:20,M,FR1,1
46,2023-04-15,20,17,4,2023-04-15 02:10:07,M,FR1,13
46,2023-04-15,22,30,17,2023-04-15 04:04:00,M,FR1,13
46,2023-04-15,23,46,30,2023-04-15 05:06:16,M,FR1,16
46,2023-04-15,0,66,46,2023-04-15 06:22:04,M,FR1,20
46,2023-04-15,2,82,66,2023-04-15 08:07:25,M,FR1,16
46,2023-04-15,3,87,82,2023-04-15 09:41:49,M,FR1,5
46,2023-04-15,7,103,99,2023-04-15 13:16:39,M,FR1,4
46,2023-04-15,8,110,103,2023-04-15 14:45:57,M,FR1,7
46,2023-04-15,10,116,110,2023-04-15 16:27:50,M,FR1,6
46,2023-04-15,11,121,116,2023-04-15 17:40:12,M,FR1,5
46,2023-04-15,12,128,121,2023-04-15 18:39:11,M,FR1,7
46,2023-04-15,13,136,128,2023-04-15 19:28:46,M,FR1,8
46,2023-04-15,14,148,136,2023-04-15 20:21:00,M,FR1,12
46,2023-04-15,15,163,148,2023-04-15 21:12:18,M,FR1,15
46,2023-04-15,16,174,163,2023-04-15 22:29:12,M,FR1,11
46,2023-04-15,17,182,175,2023-04-15 23:00:31,M,FR1,7
47,2022-11-13,15,576,568,2022-11-13 21:27:23,M,Free,8
47,2022-11-13,16,595,577,2022-11-13 22:01:32,M,Free,18
47,2022-11-13,17,622,596,2022-11-13 23:03:12,M,Free,26
47,2022-11-14,18,642,623,2022-11-14 00:30:34,M,Free,19
47,2022-11-14,19,656,643,2022-11-14 01:00:55,M,Free,13
47,2022-11-14,20,682,657,2022-11-14 02:21:07,M,Free,25
47,2022-11-14,22,689,683,2022-11-14 04:14:08,M,Free,6
47,2022-11-14,23,698,690,2022-11-14 05:01:26,M,Free,8
47,2022-11-14,0,719,698,2022-11-14 06:12:19,M,Free,21
47,2022-11-14,1,732,720,2022-11-14 07:07:38,M,Free,12
47,2022-11-14,2,739,733,2022-11-14 08:03:52,M,Free,6
47,2022-11-14,3,754,740,2022-11-14 09:30:16,M,Free,14
47,2022-11-14,4,757,755,2022-11-14 10:07:30,M,Free,2
47,2022-11-14,6,766,757,2022-11-14 12:30:10,M,Free,9
47,2022-11-14,7,770,767,2022-11-14 13:09:33,M,Free,3
47,2022-11-14,9,772,771,2022-11-14 15:17:11,M,Free,1
47,2022-11-14,11,779,773,2022-11-14 17:38:33,M,Free,6
47,2022-11-14,13,791,780,2022-11-14 19:12:58,M,Free,11
47,2022-11-14,14,804,792,2022-11-14 20:32:39,M,Free,12
47,2022-11-14,15,806,805,2022-11-14 21:01:44,M,Free,1
47,2022-11-14,16,0,0,2022-11-14 22:20:10,M,FR1,0
47,2022-11-14,17,1,0,2022-11-14 23:26:58,M,FR1,1
47,2022-11-15,18,4,1,2022-11-15 00:32:26,M,FR1,3
47,2022-11-15,19,5,4,2022-11-15 01:01:59,M,FR1,1
47,2022-11-15,20,45,5,2022-11-15 02:22:31,M,FR1,40
47,2022-11-15,21,64,45,2022-11-15 03:06:37,M,FR1,19
47,2022-11-15,22,66,64,2022-11-15 04:00:21,M,FR1,2
47,2022-11-15,23,80,66,2022-11-15 05:19:52,M,FR1,14
47,2022-11-15,0,93,80,2022-11-15 06:02:46,M,FR1,13
47,2022-11-15,1,118,93,2022-11-15 07:01:21,M,FR1,25
47,2022-11-15,3,126,118,2022-11-15 09:10:01,M,FR1,8
47,2022-11-15,4,132,126,2022-11-15 10:43:51,M,FR1,6
47,2022-11-15,5,139,132,2022-11-15 11:36:23,M,FR1,7
47,2022-11-15,7,151,139,2022-11-15 13:32:14,M,FR1,12
47,2022-11-15,9,162,151,2022-11-15 15:48:12,M,FR1,11
47,2022-11-15,11,170,162,2022-11-15 17:17:45,M,FR1,8
47,2022-11-15,12,180,170,2022-11-15 18:52:51,M,FR1,10
47,2022-11-15,13,191,180,2022-11-15 19:12:21,M,FR1,11
47,2022-11-15,14,200,191,2022-11-15 20:25:06,M,FR1,9
47,2022-11-15,15,215,201,2022-11-15 21:07:52,M,FR1,14
47,2022-11-15,16,216,215,2022-11-15 22:16:53,M,FR1,1
48,2022-11-13,15,583,583,2022-11-13 21:56:07,M,Free,0
48,2022-11-13,16,606,584,2022-11-13 22:00:39,M,Free,22
48,2022-11-13,17,630,607,2022-11-13 23:02:07,M,Free,23
48,2022-11-14,18,650,631,2022-11-14 00:03:14,M,Free,19
48,2022-11-14,19,672,650,2022-11-14 01:16:20,M,Free,22
48,2022-11-14,20,683,672,2022-11-14 02:07:56,M,Free,11
48,2022-11-14,21,693,684,2022-11-14 03:03:05,M,Free,9
48,2022-11-14,22,709,694,2022-11-14 04:02:07,M,Free,15
48,2022-11-14,23,733,710,2022-11-14 05:03:46,M,Free,23
48,2022-11-14,0,751,734,2022-11-14 06:24:57,M,Free,17
48,2022-11-14,1,752,751,2022-11-14 07:03:30,M,Free,1
48,2022-11-14,2,768,753,2022-11-14 08:06:31,M,Free,15
48,2022-11-14,3,779,769,2022-11-14 09:42:41,M,Free,10
48,2022-11-14,4,783,780,2022-11-14 10:04:30,M,Free,3
48,2022-11-14,7,813,807,2022-11-14 13:30:18,M,Free,6
48,2022-11-14,9,818,814,2022-11-14 15:53:27,M,Free,4
48,2022-11-14,11,826,819,2022-11-14 17:33:44,M,Free,7
48,2022-11-14,12,831,827,2022-11-14 18:36:33,M,Free,4
48,2022-11-14,13,843,832,2022-11-14 19:11:39,M,Free,11
48,2022-11-14,14,860,844,2022-11-14 20:08:42,M,Free,16
48,2022-11-14,15,871,861,2022-11-14 21:01:36,M,Free,10
48,2022-11-14,16,6,0,2022-11-14 22:11:56,M,FR1,6
48,2022-11-14,17,11,6,2022-11-14 23:13:00,M,FR1,5
48,2022-11-15,18,14,11,2022-11-15 00:28:48,M,FR1,3
48,2022-11-15,19,35,14,2022-11-15 01:06:37,M,FR1,21
48,2022-11-15,20,42,35,2022-11-15 02:02:32,M,FR1,7
48,2022-11-15,21,67,42,2022-11-15 03:13:06,M,FR1,25
48,2022-11-15,22,73,67,2022-11-15 04:06:24,M,FR1,6
48,2022-11-15,23,86,73,2022-11-15 05:02:49,M,FR1,13
48,2022-11-15,0,104,86,2022-11-15 06:02:31,M,FR1,18
48,2022-11-15,1,120,104,2022-11-15 07:04:13,M,FR1,16
48,2022-11-15,2,128,120,2022-11-15 08:33:42,M,FR1,8
48,2022-11-15,3,135,128,2022-11-15 09:20:57,M,FR1,7
48,2022-11-15,4,142,135,2022-11-15 10:36:09,M,FR1,7
48,2022-11-15,7,164,158,2022-11-15 13:23:14,M,FR1,6
48,2022-11-15,8,167,164,2022-11-15 14:13:25,M,FR1,3
48,2022-11-15,9,175,167,2022-11-15 15:44:40,M,FR1,8
48,2022-11-15,10,180,175,2022-11-15 16:06:31,M,FR1,5
48,2022-11-15,11,187,180,2022-11-15 17:20:43,M,FR1,7
48,2022-11-15,12,195,187,2022-11-15 18:13:27,M,FR1,8
48,2022-11-15,13,211,195,2022-11-15 19:11:55,M,FR1,16
48,2022-11-15,14,223,211,2022-11-15 20:07:03,M,FR1,12
48,2022-11-15,15,235,223,2022-11-15 21:03:34,M,FR1,12
49,2022-11-13,15,593,591,2022-11-13 21:48:06,M,Free,2
49,2022-11-13,16,610,594,2022-11-13 22:16:02,M,Free,16
49,2022-11-13,17,625,611,2022-11-13 23:01:29,M,Free,14
49,2022-11-14,18,649,626,2022-11-14 00:09:38,M,Free,23
49,2022-11-14,19,663,650,2022-11-14 01:08:58,M,Free,13
49,2022-11-14,20,668,664,2022-11-14 02:28:56,M,Free,4
49,2022-11-14,21,679,669,2022-11-14 03:39:32,M,Free,10
49,2022-11-14,22,689,680,2022-11-14 04:02:21,M,Free,9
49,2022-11-14,23,703,690,2022-11-14 05:03:34,M,Free,13
49,2022-11-14,0,726,704,2022-11-14 06:05:20,M,Free,22
49,2022-11-14,1,733,727,2022-11-14 07:16:22,M,Free,6
49,2022-11-14,2,741,734,2022-11-14 08:20:47,M,Free,7
49,2022-11-14,3,746,742,2022-11-14 09:56:56,M,Free,4
49,2022-11-14,4,755,747,2022-11-14 10:05:17,M,Free,8
49,2022-11-14,6,764,756,2022-11-14 12:04:18,M,Free,8
49,2022-11-14,10,769,765,2022-11-14 16:06:20,M,Free,4
49,2022-11-14,12,774,770,2022-11-14 18:09:12,M,Free,4
49,2022-11-14,13,793,775,2022-11-14 19:10:08,M,Free,18
49,2022-11-14,14,807,794,2022-11-14 20:07:14,M,Free,13
49,2022-11-14,15,813,808,2022-11-14 21:02:54,M,Free,5
49,2022-11-14,16,1,0,2022-11-14 22:39:50,M,FR1,1
49,2022-11-14,17,6,2,2022-11-14 23:00:22,M,FR1,4
49,2022-11-15,18,8,6,2022-11-15 00:00:54,M,FR1,2
49,2022-11-15,19,9,8,2022-11-15 01:07:11,M,FR1,1
49,2022-11-15,20,15,9,2022-11-15 02:20:30,M,FR1,6
49,2022-11-15,21,19,15,2022-11-15 03:02:19,M,FR1,4
49,2022-11-15,22,34,19,2022-11-15 04:29:19,M,FR1,15
49,2022-11-15,23,42,34,2022-11-15 05:01:20,M,FR1,8
49,2022-11-15,0,57,42,2022-11-15 06:23:32,M,FR1,15
49,2022-11-15,1,60,57,2022-11-15 07:00:59,M,FR1,3
49,2022-11-15,2,68,60,2022-11-15 08:05:35,M,FR1,8
49,2022-11-15,5,72,68,2022-11-15 11:00:46,M,FR1,4
49,2022-11-15,8,74,72,2022-11-15 14:27:25,M,FR1,2
49,2022-11-15,11,82,74,2022-11-15 17:27:33,M,FR1,8
49,2022-11-15,13,100,82,2022-11-15 19:02:20,M,FR1,18
49,2022-11-15,14,117,100,2022-11-15 20:10:34,M,FR1,17
49,2022-11-15,15,126,117,2022-11-15 21:18:19,M,FR1,9
49,2022-11-15,16,134,126,2022-11-15 22:01:18,M,FR1,8
5,2022-02-07,7,823,822,2022-02-07 13:59:22,M,Free,1
5,2022-02-07,8,828,824,2022-02-07 14:00:02,M,Free,4
5,2022-02-07,9,833,829,2022-02-07 15:53:18,M,Free,4
5,2022-02-07,11,844,834,2022-02-07 17:09:56,M,Free,10
5,2022-02-07,12,851,845,2022-02-07 18:54:17,M,Free,6
5,2022-02-07,14,867,852,2022-02-07 20:05:24,M,Free,15
5,2022-02-07,15,881,867,2022-02-07 21:22:04,M,Free,14
5,2022-02-07,16,901,882,2022-02-07 22:07:03,M,Free,19
5,2022-02-07,17,921,902,2022-02-07 23:34:50,M,Free,19
5,2022-02-08,18,929,922,2022-02-08 00:40:28,M,Free,7
5,2022-02-08,19,930,930,2022-02-08 01:59:45,M,Free,0
5,2022-02-08,20,941,931,2022-02-08 02:00:13,M,Free,10
5,2022-02-08,21,961,942,2022-02-08 03:11:49,M,Free,19
5,2022-02-08,22,971,962,2022-02-08 04:44:38,M,Free,9
5,2022-02-08,23,973,972,2022-02-08 05:58:20,M,Free,1
5,2022-02-08,0,981,974,2022-02-08 06:08:57,M,Free,7
5,2022-02-08,1,1006,982,2022-02-08 07:00:06,M,Free,24
5,2022-02-08,2,1021,1006,2022-02-08 08:34:21,M,Free,15
5,2022-02-08,3,1024,1022,2022-02-08 09:10:24,M,Free,2
5,2022-02-08,4,1029,1025,2022-02-08 10:38:58,M,Free,4
5,2022-02-08,5,1035,1030,2022-02-08 11:21:49,M,Free,5
5,2022-02-08,6,1040,1036,2022-02-08 12:22:46,M,Free,4
5,2022-04-26,9,2,0,2022-04-26 15:57:17,M,FR1,2
5,2022-04-26,10,7,2,2022-04-26 16:02:40,M,FR1,5
5,2022-04-26,11,14,7,2022-04-26 17:18:30,M,FR1,7
5,2022-04-26,12,30,14,2022-04-26 18:30:16,M,FR1,16
5,2022-04-26,14,34,30,2022-04-26 20:58:48,M,FR1,4
5,2022-04-26,15,45,34,2022-04-26 21:00:14,M,FR1,11
5,2022-04-26,16,62,45,2022-04-26 22:04:43,M,FR1,17
5,2022-04-26,17,77,62,2022-04-26 23:13:39,M,FR1,15
5,2022-04-27,18,93,77,2022-04-27 00:44:10,M,FR1,16
5,2022-04-27,20,99,93,2022-04-27 02:15:49,M,FR1,6
5,2022-04-27,21,116,99,2022-04-27 03:15:49,M,FR1,17
5,2022-04-27,22,118,116,2022-04-27 04:00:00,M,FR1,2
5,2022-04-27,1,129,118,2022-04-27 07:35:48,M,FR1,11
5,2022-04-27,2,137,129,2022-04-27 08:02:18,M,FR1,8
5,2022-04-27,3,156,137,2022-04-27 09:14:11,M,FR1,19
5,2022-04-27,5,159,156,2022-04-27 11:58:35,M,FR1,3
5,2022-04-27,6,162,159,2022-04-27 12:00:08,M,FR1,3
5,2022-04-27,7,167,162,2022-04-27 13:23:23,M,FR1,5
5,2022-04-27,8,175,167,2022-04-27 14:23:18,M,FR1,8
50,2023-03-29,4,21,1,2023-03-29 10:02:31,F,Free,20
50,2023-03-29,6,38,33,2023-03-29 12:01:18,F,Free,5
50,2023-03-29,7,42,38,2023-03-29 13:05:11,F,Free,4
50,2023-03-29,8,56,43,2023-03-29 14:24:03,F,Free,13
50,2023-03-29,9,65,57,2023-03-29 15:33:47,F,Free,8
50,2023-03-29,10,74,66,2023-03-29 16:35:45,F,Free,8
50,2023-03-29,11,82,75,2023-03-29 17:33:16,F,Free,7
50,2023-03-29,12,93,83,2023-03-29 18:18:05,F,Free,10
50,2023-03-29,13,103,93,2023-03-29 19:00:17,F,Free,10
50,2023-03-29,14,111,104,2023-03-29 20:26:15,F,Free,7
50,2023-03-29,15,128,112,2023-03-29 21:01:44,F,Free,16
50,2023-03-29,16,147,129,2023-03-29 22:05:24,F,Free,18
50,2023-03-29,17,162,147,2023-03-29 23:02:31,F,Free,15
50,2023-03-30,18,170,163,2023-03-30 00:13:52,F,Free,7
50,2023-03-30,19,178,171,2023-03-30 01:15:21,F,Free,7
50,2023-03-30,20,192,179,2023-03-30 02:01:53,F,Free,13
50,2023-03-30,21,201,192,2023-03-30 03:11:34,F,Free,9
50,2023-03-30,22,208,201,2023-03-30 04:07:23,F,Free,7
50,2023-03-30,23,211,208,2023-03-30 05:00:43,F,Free,3
50,2023-03-30,0,215,212,2023-03-30 06:09:46,F,Free,3
50,2023-03-30,1,219,216,2023-03-30 07:35:27,F,Free,3
50,2023-03-30,2,225,220,2023-03-30 08:57:38,F,Free,5
50,2023-03-30,4,6,4,2023-03-30 10:06:45,F,FR1,2
50,2023-03-30,6,10,7,2023-03-30 12:03:35,F,FR1,3
50,2023-03-30,7,13,10,2023-03-30 13:18:20,F,FR1,3
50,2023-03-30,8,15,13,2023-03-30 14:09:00,F,FR1,2
50,2023-03-30,10,21,15,2023-03-30 16:16:23,F,FR1,6
50,2023-03-30,12,32,21,2023-03-30 18:05:49,F,FR1,11
50,2023-03-30,13,41,32,2023-03-30 19:41:30,F,FR1,9
50,2023-03-30,14,50,41,2023-03-30 20:09:04,F,FR1,9
50,2023-03-30,15,70,50,2023-03-30 21:01:28,F,FR1,20
50,2023-03-30,16,87,70,2023-03-30 22:08:48,F,FR1,17
50,2023-03-30,17,102,87,2023-03-30 23:04:57,F,FR1,15
50,2023-03-31,18,106,102,2023-03-31 00:04:17,F,FR1,4
50,2023-03-31,19,115,106,2023-03-31 01:45:23,F,FR1,9
50,2023-03-31,20,121,115,2023-03-31 02:42:40,F,FR1,6
50,2023-03-31,21,125,121,2023-03-31 03:30:24,F,FR1,4
50,2023-03-31,22,138,125,2023-03-31 04:06:38,F,FR1,13
50,2023-03-31,23,152,138,2023-03-31 05:02:11,F,FR1,14
50,2023-03-31,1,164,152,2023-03-31 07:00:05,F,FR1,12
50,2023-03-31,2,178,164,2023-03-31 08:01:09,F,FR1,14
50,2023-03-31,3,179,178,2023-03-31 09:17:15,F,FR1,1
51,2023-03-29,4,14,1,2023-03-29 10:20:12,F,Free,13
51,2023-03-29,7,52,47,2023-03-29 13:04:14,F,Free,5
51,2023-03-29,8,55,52,2023-03-29 14:22:10,F,Free,3
51,2023-03-29,9,66,55,2023-03-29 15:53:00,F,Free,11
51,2023-03-29,11,84,67,2023-03-29 17:00:28,F,Free,17
51,2023-03-29,12,89,85,2023-03-29 18:32:56,F,Free,4
51,2023-03-29,13,107,90,2023-03-29 19:11:58,F,Free,17
51,2023-03-29,14,128,108,2023-03-29 20:13:59,F,Free,20
51,2023-03-29,15,148,128,2023-03-29 21:06:58,F,Free,20
51,2023-03-29,16,159,148,2023-03-29 22:05:41,F,Free,11
51,2023-03-29,17,165,160,2023-03-29 23:48:55,F,Free,5
51,2023-03-30,18,172,166,2023-03-30 00:02:49,F,Free,6
51,2023-03-30,19,181,173,2023-03-30 01:14:08,F,Free,8
51,2023-03-30,20,185,182,2023-03-30 02:42:34,F,Free,3
51,2023-03-30,21,187,186,2023-03-30 03:33:31,F,Free,1
51,2023-03-30,22,191,188,2023-03-30 04:11:18,F,Free,3
51,2023-03-30,23,201,191,2023-03-30 05:02:40,F,Free,10
51,2023-03-30,0,215,202,2023-03-30 06:00:01,F,Free,13
51,2023-03-30,1,230,216,2023-03-30 07:17:41,F,Free,14
51,2023-03-30,2,234,230,2023-03-30 08:03:41,F,Free,4
51,2023-03-30,4,4,4,2023-03-30 10:03:05,F,FR1,0
51,2023-03-30,5,4,4,2023-03-30 11:32:19,F,FR1,0
51,2023-03-30,7,7,4,2023-03-30 13:08:42,F,FR1,3
51,2023-03-30,10,10,7,2023-03-30 16:06:02,F,FR1,3
51,2023-03-30,12,13,10,2023-03-30 18:22:38,F,FR1,3
51,2023-03-30,13,18,13,2023-03-30 19:45:03,F,FR1,5
51,2023-03-30,14,25,18,2023-03-30 20:12:04,F,FR1,7
51,2023-03-30,15,45,25,2023-03-30 21:02:49,F,FR1,20
51,2023-03-30,16,66,45,2023-03-30 22:00:32,F,FR1,21
51,2023-03-31,19,78,66,2023-03-31 01:00:12,F,FR1,12
51,2023-03-31,20,81,78,2023-03-31 02:42:59,F,FR1,3
51,2023-03-31,21,88,81,2023-03-31 03:29:57,F,FR1,7
51,2023-03-31,22,100,88,2023-03-31 04:24:43,F,FR1,12
51,2023-03-31,23,107,100,2023-03-31 05:08:18,F,FR1,7
51,2023-03-31,0,116,107,2023-03-31 06:00:40,F,FR1,9
51,2023-03-31,1,124,116,2023-03-31 07:00:16,F,FR1,8
51,2023-03-31,3,130,124,2023-03-31 09:12:34,F,FR1,6
52,2023-03-29,4,17,0,2023-03-29 10:34:13,F,Free,17
52,2023-03-29,6,40,37,2023-03-29 12:00:21,F,Free,3
52,2023-03-29,7,46,41,2023-03-29 13:02:06,F,Free,5
52,2023-03-29,8,58,47,2023-03-29 14:17:43,F,Free,11
52,2023-03-29,9,64,59,2023-03-29 15:09:35,F,Free,5
52,2023-03-29,10,81,65,2023-03-29 16:13:23,F,Free,16
52,2023-03-29,11,85,82,2023-03-29 17:48:17,F,Free,3
52,2023-03-29,12,87,86,2023-03-29 18:56:11,F,Free,1
52,2023-03-29,13,99,87,2023-03-29 19:00:40,F,Free,12
52,2023-03-29,14,112,100,2023-03-29 20:21:54,F,Free,12
52,2023-03-29,15,126,113,2023-03-29 21:00:46,F,Free,13
52,2023-03-29,16,144,126,2023-03-29 22:00:25,F,Free,18
52,2023-03-29,17,158,145,2023-03-29 23:00:02,F,Free,13
52,2023-03-30,18,164,159,2023-03-30 00:18:32,F,Free,5
52,2023-03-30,20,184,165,2023-03-30 02:05:08,F,Free,19
52,2023-03-30,21,195,184,2023-03-30 03:00:51,F,Free,11
52,2023-03-30,22,209,195,2023-03-30 04:02:53,F,Free,14
52,2023-03-30,23,227,209,2023-03-30 05:00:06,F,Free,18
52,2023-03-30,1,233,228,2023-03-30 07:06:35,F,Free,5
52,2023-03-30,2,233,233,2023-03-30 08:52:52,F,Free,0
52,2023-03-30,4,4,1,2023-03-30 10:09:45,F,FR1,3
52,2023-03-30,6,7,4,2023-03-30 12:30:37,F,FR1,3
52,2023-03-30,7,8,7,2023-03-30 13:18:43,F,FR1,1
52,2023-03-30,10,12,8,2023-03-30 16:00:33,F,FR1,4
52,2023-03-30,11,15,12,2023-03-30 17:57:45,F,FR1,3
52,2023-03-30,12,21,15,2023-03-30 18:00:24,F,FR1,6
52,2023-03-30,13,34,21,2023-03-30 19:40:15,F,FR1,13
52,2023-03-30,14,48,34,2023-03-30 20:01:03,F,FR1,14
52,2023-03-30,15,63,48,2023-03-30 21:01:33,F,FR1,15
52,2023-03-30,16,85,63,2023-03-30 22:05:59,F,FR1,22
52,2023-03-30,17,99,85,2023-03-30 23:00:14,F,FR1,14
52,2023-03-31,18,122,99,2023-03-31 00:19:33,F,FR1,23
52,2023-03-31,19,132,122,2023-03-31 01:06:44,F,FR1,10
52,2023-03-31,20,145,132,2023-03-31 02:06:51,F,FR1,13
52,2023-03-31,22,148,145,2023-03-31 04:56:44,F,FR1,3
52,2023-03-31,23,163,148,2023-03-31 05:00:54,F,FR1,15
52,2023-03-31,1,180,163,2023-03-31 07:00:20,F,FR1,17
52,2023-03-31,2,190,180,2023-03-31 08:03:06,F,FR1,10
52,2023-03-31,3,191,190,2023-03-31 09:03:19,F,FR1,1
53,2023-03-29,4,0,0,2023-03-29 10:47:56,F,Free,0
53,2023-03-29,7,52,41,2023-03-29 13:05:44,F,Free,11
53,2023-03-29,8,71,53,2023-03-29 14:21:39,F,Free,18
53,2023-03-29,9,84,72,2023-03-29 15:50:45,F,Free,12
53,2023-03-29,10,86,84,2023-03-29 16:01:07,F,Free,2
53,2023-03-29,11,108,87,2023-03-29 17:04:19,F,Free,21
53,2023-03-29,12,116,109,2023-03-29 18:14:27,F,Free,7
53,2023-03-29,13,141,117,2023-03-29 19:04:05,F,Free,24
53,2023-03-29,14,166,141,2023-03-29 20:03:35,F,Free,25
53,2023-03-29,15,182,167,2023-03-29 21:05:25,F,Free,15
53,2023-03-29,16,210,183,2023-03-29 22:16:33,F,Free,27
53,2023-03-29,17,226,211,2023-03-29 23:00:53,F,Free,15
53,2023-03-30,18,238,227,2023-03-30 00:53:49,F,Free,11
53,2023-03-30,20,248,239,2023-03-30 02:15:53,F,Free,9
53,2023-03-30,21,267,249,2023-03-30 03:02:47,F,Free,18
53,2023-03-30,22,293,267,2023-03-30 04:00:58,F,Free,26
53,2023-03-30,23,313,293,2023-03-30 05:07:00,F,Free,20
53,2023-03-30,0,325,313,2023-03-30 06:08:12,F,Free,12
53,2023-03-30,2,331,326,2023-03-30 08:32:17,F,Free,5
53,2023-03-30,3,341,332,2023-03-30 09:06:59,F,Free,9
53,2023-03-30,4,0,0,2023-03-30 10:37:58,F,FR1,0
53,2023-03-30,6,3,0,2023-03-30 12:41:38,F,FR1,3
53,2023-03-30,8,4,3,2023-03-30 14:25:07,F,FR1,1
53,2023-03-30,10,11,4,2023-03-30 16:26:29,F,FR1,7
53,2023-03-30,13,12,11,2023-03-30 19:55:40,F,FR1,1
53,2023-03-30,14,37,12,2023-03-30 20:01:56,F,FR1,25
53,2023-03-30,15,62,37,2023-03-30 21:00:15,F,FR1,25
53,2023-03-30,17,76,62,2023-03-30 23:37:51,F,FR1,14
53,2023-03-31,18,79,76,2023-03-31 00:09:39,F,FR1,3
53,2023-03-31,19,87,79,2023-03-31 01:43:26,F,FR1,8
53,2023-03-31,20,108,87,2023-03-31 02:00:19,F,FR1,21
53,2023-03-31,22,124,108,2023-03-31 04:39:44,F,FR1,16
53,2023-03-31,23,141,124,2023-03-31 05:05:49,F,FR1,17
53,2023-03-31,0,141,141,2023-03-31 06:07:32,F,FR1,0
53,2023-03-31,1,149,141,2023-03-31 07:01:51,F,FR1,8
53,2023-03-31,3,155,149,2023-03-31 09:20:07,F,FR1,6
53,2023-03-31,4,155,155,2023-03-31 10:19:32,F,FR1,0
54,2023-03-29,7,50,44,2023-03-29 13:07:40,F,Free,6
54,2023-03-29,8,57,51,2023-03-29 14:04:37,F,Free,6
54,2023-03-29,9,78,58,2023-03-29 15:03:03,F,Free,20
54,2023-03-29,10,87,79,2023-03-29 16:00:14,F,Free,8
54,2023-03-29,11,105,88,2023-03-29 17:01:57,F,Free,17
54,2023-03-29,12,123,106,2023-03-29 18:22:38,F,Free,17
54,2023-03-29,13,140,124,2023-03-29 19:23:56,F,Free,16
54,2023-03-29,14,155,141,2023-03-29 20:13:26,F,Free,14
54,2023-03-29,15,174,155,2023-03-29 21:12:14,F,Free,19
54,2023-03-29,16,198,175,2023-03-29 22:05:41,F,Free,23
54,2023-03-29,17,210,199,2023-03-29 23:00:46,F,Free,11
54,2023-03-30,18,220,211,2023-03-30 00:30:50,F,Free,9
54,2023-03-30,19,238,221,2023-03-30 01:08:54,F,Free,17
54,2023-03-30,20,248,239,2023-03-30 02:45:35,F,Free,9
54,2023-03-30,21,257,249,2023-03-30 03:13:37,F,Free,8
54,2023-03-30,22,264,258,2023-03-30 04:18:08,F,Free,6
54,2023-03-30,23,277,264,2023-03-30 05:00:30,F,Free,13
54,2023-03-30,0,297,278,2023-03-30 06:03:10,F,Free,19
54,2023-03-30,1,311,297,2023-03-30 07:02:18,F,Free,14
54,2023-03-30,2,321,311,2023-03-30 08:06:54,F,Free,10
54,2023-03-30,3,328,322,2023-03-30 09:12:05,F,Free,6
54,2023-03-30,4,0,0,2023-03-30 10:34:37,F,FR1,0
54,2023-03-30,6,3,0,2023-03-30 12:04:31,F,FR1,3
54,2023-03-30,8,3,3,2023-03-30 14:01:29,F,FR1,0
54,2023-03-30,9,4,3,2023-03-30 15:40:57,F,FR1,1
54,2023-03-30,10,5,4,2023-03-30 16:24:47,F,FR1,1
54,2023-03-30,13,9,5,2023-03-30 19:41:24,F,FR1,4
54,2023-03-30,15,13,9,2023-03-30 21:09:48,F,FR1,4
54,2023-03-30,16,39,13,2023-03-30 22:01:31,F,FR1,26
54,2023-03-30,17,60,39,2023-03-30 23:01:55,F,FR1,21
54,2023-03-31,18,75,60,2023-03-31 00:01:36,F,FR1,15
54,2023-03-31,19,82,75,2023-03-31 01:01:08,F,FR1,7
54,2023-03-31,21,93,82,2023-03-31 03:29:43,F,FR1,11
54,2023-03-31,22,102,93,2023-03-31 04:11:41,F,FR1,9
54,2023-03-31,23,113,102,2023-03-31 05:03:26,F,FR1,11
54,2023-03-31,0,132,114,2023-03-31 06:05:35,F,FR1,18
54,2023-03-31,1,150,132,2023-03-31 07:03:48,F,FR1,18
54,2023-03-31,2,159,150,2023-03-31 08:21:53,F,FR1,9
54,2023-03-31,3,165,159,2023-03-31 09:26:13,F,FR1,6
54,2023-03-31,4,166,166,2023-03-31 10:00:17,F,FR1,0
55,2023-03-29,7,0,0,2023-03-29 13:16:36,F,Free,0
55,2023-03-29,9,20,0,2023-03-29 15:37:11,F,Free,20
55,2023-03-29,10,25,21,2023-03-29 16:00:07,F,Free,4
55,2023-03-29,11,35,26,2023-03-29 17:34:35,F,Free,9
55,2023-03-29,12,42,36,2023-03-29 18:00:54,F,Free,6
55,2023-03-29,13,76,43,2023-03-29 19:09:16,F,Free,33
55,2023-03-29,14,93,77,2023-03-29 20:18:54,F,Free,16
55,2023-03-29,15,112,93,2023-03-29 21:24:02,F,Free,19
55,2023-03-29,16,126,112,2023-03-29 22:00:53,F,Free,14
55,2023-03-29,17,143,126,2023-03-29 23:06:59,F,Free,17
55,2023-03-30,18,153,143,2023-03-30 00:07:40,F,Free,10
55,2023-03-30,19,164,153,2023-03-30 01:02:11,F,Free,11
55,2023-03-30,20,170,165,2023-03-30 02:32:07,F,Free,5
55,2023-03-30,21,179,171,2023-03-30 03:01:58,F,Free,8
55,2023-03-30,22,193,179,2023-03-30 04:01:32,F,Free,14
55,2023-03-30,23,201,193,2023-03-30 05:15:10,F,Free,8
55,2023-03-30,0,210,202,2023-03-30 06:11:30,F,Free,8
55,2023-03-30,1,221,211,2023-03-30 07:17:32,F,Free,10
55,2023-03-30,3,227,222,2023-03-30 09:02:16,F,Free,5
55,2023-03-30,4,2,0,2023-03-30 10:04:46,F,FR1,2
55,2023-03-30,5,3,2,2023-03-30 11:50:25,F,FR1,1
55,2023-03-30,9,5,3,2023-03-30 15:23:08,F,FR1,2
55,2023-03-30,11,6,5,2023-03-30 17:25:43,F,FR1,1
55,2023-03-30,13,6,6,2023-03-30 19:27:48,F,FR1,0
55,2023-03-30,14,15,6,2023-03-30 20:33:51,F,FR1,9
55,2023-03-30,15,39,15,2023-03-30 21:05:18,F,FR1,24
55,2023-03-30,16,60,39,2023-03-30 22:14:25,F,FR1,21
55,2023-03-30,17,84,60,2023-03-30 23:07:07,F,FR1,24
55,2023-03-31,18,99,84,2023-03-31 00:01:10,F,FR1,15
55,2023-03-31,19,110,99,2023-03-31 01:02:55,F,FR1,11
55,2023-03-31,20,115,110,2023-03-31 02:57:52,F,FR1,5
55,2023-03-31,21,119,115,2023-03-31 03:00:00,F,FR1,4
55,2023-03-31,22,123,119,2023-03-31 04:19:55,F,FR1,4
55,2023-03-31,23,131,123,2023-03-31 05:14:46,F,FR1,8
55,2023-03-31,0,148,131,2023-03-31 06:06:50,F,FR1,17
55,2023-03-31,1,165,148,2023-03-31 07:03:05,F,FR1,17
55,2023-03-31,2,174,165,2023-03-31 08:22:38,F,FR1,9
55,2023-03-31,3,180,174,2023-03-31 09:15:00,F,FR1,6
55,2023-03-31,4,180,180,2023-03-31 10:01:22,F,FR1,0
56,2023-03-29,4,1,0,2023-03-29 10:07:11,F,Free,1
56,2023-03-29,6,26,16,2023-03-29 12:00:45,F,Free,10
56,2023-03-29,7,32,27,2023-03-29 13:01:02,F,Free,5
56,2023-03-29,8,39,33,2023-03-29 14:01:44,F,Free,6
56,2023-03-29,9,40,40,2023-03-29 15:32:54,F,Free,0
56,2023-03-29,10,44,41,2023-03-29 16:05:15,F,Free,3
56,2023-03-29,11,56,45,2023-03-29 17:23:27,F,Free,11
56,2023-03-29,12,70,57,2023-03-29 18:00:28,F,Free,13
56,2023-03-29,13,75,71,2023-03-29 19:04:58,F,Free,4
56,2023-03-29,14,79,76,2023-03-29 20:27:29,F,Free,3
56,2023-03-29,15,85,80,2023-03-29 21:03:51,F,Free,5
56,2023-03-29,16,94,86,2023-03-29 22:01:40,F,Free,8
56,2023-03-29,17,113,95,2023-03-29 23:00:27,F,Free,18
56,2023-03-30,18,121,114,2023-03-30 00:09:58,F,Free,7
56,2023-03-30,19,127,121,2023-03-30 01:15:39,F,Free,6
56,2023-03-30,20,131,127,2023-03-30 02:04:01,F,Free,4
56,2023-03-30,22,131,131,2023-03-30 04:56:55,F,Free,0
56,2023-03-30,23,140,131,2023-03-30 05:05:28,F,Free,9
56,2023-03-30,0,146,140,2023-03-30 06:05:40,F,Free,6
56,2023-03-30,1,156,146,2023-03-30 07:00:24,F,Free,10
56,2023-03-30,2,159,157,2023-03-30 08:07:27,F,Free,2
56,2023-03-30,3,168,160,2023-03-30 09:04:48,F,Free,8
56,2023-03-30,5,1,0,2023-03-30 11:50:54,F,FR1,1
56,2023-03-30,6,3,1,2023-03-30 12:00:52,F,FR1,2
56,2023-03-30,10,8,3,2023-03-30 16:04:52,F,FR1,5
56,2023-03-30,11,9,8,2023-03-30 17:02:28,F,FR1,1
56,2023-03-30,13,11,9,2023-03-30 19:36:59,F,FR1,2
56,2023-03-30,14,11,11,2023-03-30 20:06:05,F,FR1,0
56,2023-03-30,15,20,11,2023-03-30 21:02:45,F,FR1,9
56,2023-03-30,16,38,20,2023-03-30 22:03:11,F,FR1,18
56,2023-03-30,17,50,38,2023-03-30 23:03:07,F,FR1,12
56,2023-03-31,18,54,50,2023-03-31 00:55:00,F,FR1,4
56,2023-03-31,19,75,54,2023-03-31 01:03:50,F,FR1,21
56,2023-03-31,20,88,75,2023-03-31 02:00:41,F,FR1,13
56,2023-03-31,21,90,88,2023-03-31 03:08:33,F,FR1,2
56,2023-03-31,23,98,90,2023-03-31 05:27:05,F,FR1,8
56,2023-03-31,0,114,98,2023-03-31 06:00:28,F,FR1,16
56,2023-03-31,1,118,114,2023-03-31 07:03:17,F,FR1,4
56,2023-03-31,3,125,118,2023-03-31 09:14:20,F,FR1,7
56,2023-03-31,4,133,125,2023-03-31 10:06:11,F,FR1,8
57,2023-03-29,4,1,1,2023-03-29 10:50:00,F,Free,0
57,2023-03-29,7,43,30,2023-03-29 13:06:36,F,Free,13
57,2023-03-29,9,56,44,2023-03-29 15:01:37,F,Free,12
57,2023-03-29,10,66,57,2023-03-29 16:36:14,F,Free,9
57,2023-03-29,11,77,67,2023-03-29 17:26:29,F,Free,10
57,2023-03-29,12,92,78,2023-03-29 18:20:50,F,Free,14
57,2023-03-29,13,95,92,2023-03-29 19:00:47,F,Free,3
57,2023-03-29,14,105,96,2023-03-29 20:08:29,F,Free,9
57,2023-03-30,18,106,106,2023-03-30 00:02:44,F,Free,0
57,2023-03-30,4,2,0,2023-03-30 10:54:00,F,FR1,2
57,2023-03-30,5,2,2,2023-03-30 11:07:16,F,FR1,0
57,2023-03-30,6,4,2,2023-03-30 12:51:03,F,FR1,2
57,2023-03-30,7,6,4,2023-03-30 13:16:03,F,FR1,2
57,2023-03-30,12,7,6,2023-03-30 18:09:44,F,FR1,1
57,2023-03-30,14,12,7,2023-03-30 20:42:04,F,FR1,5
57,2023-03-30,15,29,12,2023-03-30 21:03:50,F,FR1,17
57,2023-03-30,16,51,29,2023-03-30 22:00:10,F,FR1,22
57,2023-03-30,17,58,51,2023-03-30 23:02:17,F,FR1,7
57,2023-03-31,18,71,58,2023-03-31 00:26:09,F,FR1,13
57,2023-03-31,19,84,71,2023-03-31 01:00:23,F,FR1,13
57,2023-03-31,20,99,84,2023-03-31 02:03:10,F,FR1,15
57,2023-03-31,23,113,99,2023-03-31 05:17:59,F,FR1,14
57,2023-03-31,0,127,113,2023-03-31 06:05:33,F,FR1,14
57,2023-03-31,1,130,127,2023-03-31 07:00:23,F,FR1,3
57,2023-03-31,3,136,130,2023-03-31 09:08:46,F,FR1,6
57,2023-03-31,4,137,136,2023-03-31 10:17:43,F,FR1,1
58,2023-03-29,13,1,0,2023-03-29 19:22:38,F,Free,1
58,2023-03-29,14,16,2,2023-03-29 20:09:37,F,Free,14
58,2023-03-29,15,37,16,2023-03-29 21:21:54,F,Free,21
58,2023-03-29,16,55,37,2023-03-29 22:00:00,F,Free,18
58,2023-03-29,17,68,55,2023-03-29 23:05:10,F,Free,13
58,2023-03-30,18,92,68,2023-03-30 00:02:44,F,Free,24
58,2023-03-30,19,106,92,2023-03-30 01:00:00,F,Free,14
58,2023-03-30,20,130,106,2023-03-30 02:00:39,F,Free,24
58,2023-03-30,23,149,131,2023-03-30 05:01:32,F,Free,18
58,2023-03-30,0,164,150,2023-03-30 06:00:14,F,Free,14
58,2023-03-30,2,181,165,2023-03-30 08:36:07,F,Free,16
58,2023-03-30,3,187,181,2023-03-30 09:02:34,F,Free,6
58,2023-03-30,4,2,0,2023-03-30 10:06:54,F,FR1,2
58,2023-03-30,6,4,2,2023-03-30 12:12:36,F,FR1,2
58,2023-03-30,8,5,4,2023-03-30 14:57:07,F,FR1,1
58,2023-03-30,9,6,5,2023-03-30 15:03:43,F,FR1,1
58,2023-03-30,11,11,6,2023-03-30 17:43:44,F,FR1,5
58,2023-03-30,12,13,11,2023-03-30 18:00:00,F,FR1,2
58,2023-03-30,13,23,13,2023-03-30 19:52:47,F,FR1,10
58,2023-03-30,14,30,23,2023-03-30 20:00:14,F,FR1,7
58,2023-03-30,15,54,30,2023-03-30 21:00:36,F,FR1,24
58,2023-03-30,16,75,55,2023-03-30 22:00:55,F,FR1,20
58,2023-03-30,17,99,75,2023-03-30 23:00:13,F,FR1,24
58,2023-03-31,18,125,99,2023-03-31 00:02:43,F,FR1,26
58,2023-03-31,19,141,125,2023-03-31 01:01:07,F,FR1,16
58,2023-03-31,21,151,141,2023-03-31 03:05:23,F,FR1,10
58,2023-03-31,23,168,151,2023-03-31 05:27:08,F,FR1,17
58,2023-03-31,0,192,168,2023-03-31 06:00:06,F,FR1,24
58,2023-03-31,1,202,192,2023-03-31 07:00:02,F,FR1,10
58,2023-03-31,2,203,203,2023-03-31 08:58:31,F,FR1,0
58,2023-03-31,3,212,203,2023-03-31 09:01:35,F,FR1,9
58,2023-03-31,4,213,212,2023-03-31 10:00:56,F,FR1,1
59,2023-03-29,3,2,1,2023-03-29 09:57:24,M,Free,1
59,2023-03-29,4,19,2,2023-03-29 10:38:41,M,Free,17
59,2023-03-29,7,75,61,2023-03-29 13:00:03,M,Free,14
59,2023-03-29,8,93,76,2023-03-29 14:22:18,M,Free,17
59,2023-03-29,9,99,94,2023-03-29 15:40:53,M,Free,5
59,2023-03-29,10,110,100,2023-03-29 16:33:17,M,Free,10
59,2023-03-29,11,124,111,2023-03-29 17:35:36,M,Free,13
59,2023-03-29,12,133,125,2023-03-29 18:33:15,M,Free,8
59,2023-03-29,13,139,134,2023-03-29 19:39:33,M,Free,5
59,2023-03-29,14,161,140,2023-03-29 20:04:49,M,Free,21
59,2023-03-29,15,178,162,2023-03-29 21:24:49,M,Free,16
59,2023-03-29,16,191,179,2023-03-29 22:15:25,M,Free,12
59,2023-03-29,17,208,192,2023-03-29 23:01:03,M,Free,16
59,2023-03-30,18,235,209,2023-03-30 00:00:39,M,Free,26
59,2023-03-30,19,251,236,2023-03-30 01:00:07,M,Free,15
59,2023-03-30,20,256,252,2023-03-30 02:22:02,M,Free,4
59,2023-03-30,21,271,257,2023-03-30 03:00:39,M,Free,14
59,2023-03-30,22,285,272,2023-03-30 04:05:08,M,Free,13
59,2023-03-30,23,310,285,2023-03-30 05:00:00,M,Free,25
59,2023-03-30,1,325,311,2023-03-30 07:12:25,M,Free,14
59,2023-03-30,3,331,325,2023-03-30 09:35:37,M,Free,6
59,2023-03-30,7,6,0,2023-03-30 13:16:41,M,FR1,6
59,2023-03-30,9,6,6,2023-03-30 15:57:23,M,FR1,0
59,2023-03-30,11,9,6,2023-03-30 17:11:21,M,FR1,3
59,2023-03-30,13,12,9,2023-03-30 19:43:20,M,FR1,3
59,2023-03-30,14,22,12,2023-03-30 20:29:33,M,FR1,10
59,2023-03-30,15,36,22,2023-03-30 21:08:37,M,FR1,14
59,2023-03-30,16,63,36,2023-03-30 22:02:40,M,FR1,27
59,2023-03-30,17,76,63,2023-03-30 23:00:18,M,FR1,13
59,2023-03-31,18,93,76,2023-03-31 00:23:27,M,FR1,17
59,2023-03-31,19,106,93,2023-03-31 01:02:32,M,FR1,13
59,2023-03-31,20,112,106,2023-03-31 02:18:25,M,FR1,6
59,2023-03-31,21,121,112,2023-03-31 03:12:32,M,FR1,9
59,2023-03-31,0,129,121,2023-03-31 06:14:48,M,FR1,8
59,2023-03-31,3,137,129,2023-03-31 09:38:55,M,FR1,8
59,2023-03-31,4,148,137,2023-03-31 10:02:56,M,FR1,11
59,2023-03-31,7,158,148,2023-03-31 13:05:21,M,FR1,10
6,2022-02-07,6,949,948,2022-02-07 12:46:49,M,Free,1
6,2022-02-07,8,959,950,2022-02-07 14:08:49,M,Free,9
6,2022-02-07,9,964,960,2022-02-07 15:08:21,M,Free,4
6,2022-02-07,10,975,965,2022-02-07 16:30:34,M,Free,10
6,2022-02-07,11,978,975,2022-02-07 17:10:28,M,Free,3
6,2022-02-07,12,987,979,2022-02-07 18:47:53,M,Free,8
6,2022-02-07,13,993,988,2022-02-07 19:57:40,M,Free,5
6,2022-02-07,14,1006,993,2022-02-07 20:00:36,M,Free,13
6,2022-02-07,15,1010,1006,2022-02-07 21:22:56,M,Free,4
6,2022-02-07,16,1033,1011,2022-02-07 22:07:20,M,Free,22
6,2022-02-07,17,1045,1034,2022-02-07 23:24:16,M,Free,11
6,2022-02-08,18,1067,1046,2022-02-08 00:00:23,M,Free,21
6,2022-02-08,19,1075,1068,2022-02-08 01:48:53,M,Free,7
6,2022-02-08,20,1086,1076,2022-02-08 02:17:51,M,Free,10
6,2022-02-08,21,1086,1086,2022-02-08 03:04:46,M,Free,0
6,2022-02-08,22,1103,1087,2022-02-08 04:38:39,M,Free,16
6,2022-02-08,0,1110,1104,2022-02-08 06:32:17,M,Free,6
6,2022-02-08,1,1124,1111,2022-02-08 07:10:19,M,Free,13
6,2022-02-08,2,1127,1124,2022-02-08 08:02:44,M,Free,3
6,2022-02-08,3,1130,1127,2022-02-08 09:13:55,M,Free,3
6,2022-02-08,4,1136,1131,2022-02-08 10:53:25,M,Free,5
6,2022-02-08,5,1138,1137,2022-02-08 11:33:08,M,Free,1
6,2022-02-08,6,1139,1139,2022-02-08 12:25:47,M,Free,0
6,2022-04-26,10,11,0,2022-04-26 16:00:48,M,FR1,11
6,2022-04-26,11,18,11,2022-04-26 17:05:07,M,FR1,7
6,2022-04-26,12,20,18,2022-04-26 18:01:13,M,FR1,2
6,2022-04-26,15,40,20,2022-04-26 21:07:43,M,FR1,20
6,2022-04-26,16,42,40,2022-04-26 22:15:00,M,FR1,2
6,2022-04-27,19,53,42,2022-04-27 01:40:54,M,FR1,11
6,2022-04-27,20,71,53,2022-04-27 02:14:16,M,FR1,18
6,2022-04-27,21,71,71,2022-04-27 03:00:11,M,FR1,0
6,2022-04-27,23,77,71,2022-04-27 05:31:22,M,FR1,6
6,2022-04-27,0,84,77,2022-04-27 06:37:06,M,FR1,7
6,2022-04-27,2,100,84,2022-04-27 08:08:41,M,FR1,16
6,2022-04-27,5,109,100,2022-04-27 11:25:00,M,FR1,9
60,2023-03-29,4,7,0,2023-03-29 10:35:42,M,Free,7
60,2023-03-29,7,74,60,2023-03-29 13:09:14,M,Free,14
60,2023-03-29,8,94,75,2023-03-29 14:09:19,M,Free,19
60,2023-03-29,9,107,95,2023-03-29 15:49:28,M,Free,12
60,2023-03-29,10,113,108,2023-03-29 16:37:43,M,Free,5
60,2023-03-29,11,126,114,2023-03-29 17:24:01,M,Free,12
60,2023-03-29,12,135,127,2023-03-29 18:38:37,M,Free,8
60,2023-03-29,13,145,136,2023-03-29 19:22:57,M,Free,9
60,2023-03-29,14,155,146,2023-03-29 20:00:24,M,Free,9
60,2023-03-29,15,178,155,2023-03-29 21:00:14,M,Free,23
60,2023-03-29,16,195,179,2023-03-29 22:02:33,M,Free,16
60,2023-03-29,17,219,195,2023-03-29 23:01:02,M,Free,24
60,2023-03-30,18,225,220,2023-03-30 00:21:56,M,Free,5
60,2023-03-30,19,248,226,2023-03-30 01:25:26,M,Free,22
60,2023-03-30,20,253,249,2023-03-30 02:29:09,M,Free,4
60,2023-03-30,21,262,254,2023-03-30 03:17:59,M,Free,8
60,2023-03-30,22,269,263,2023-03-30 04:09:06,M,Free,6
60,2023-03-30,23,275,269,2023-03-30 05:24:51,M,Free,6
60,2023-03-30,0,290,275,2023-03-30 06:27:47,M,Free,15
60,2023-03-30,1,308,290,2023-03-30 07:07:10,M,Free,18
60,2023-03-30,2,320,309,2023-03-30 08:46:23,M,Free,11
60,2023-03-30,3,329,321,2023-03-30 09:37:32,M,Free,8
60,2023-03-30,6,0,0,2023-03-30 12:07:43,M,FR1,0
60,2023-03-30,8,1,0,2023-03-30 14:37:28,M,FR1,1
60,2023-03-30,10,1,1,2023-03-30 16:54:03,M,FR1,0
60,2023-03-30,12,4,1,2023-03-30 18:24:18,M,FR1,3
60,2023-03-30,13,8,4,2023-03-30 19:48:37,M,FR1,4
60,2023-03-30,14,24,8,2023-03-30 20:16:07,M,FR1,16
60,2023-03-30,15,52,24,2023-03-30 21:01:40,M,FR1,28
60,2023-03-30,16,72,52,2023-03-30 22:02:46,M,FR1,20
60,2023-03-30,17,91,72,2023-03-30 23:00:10,M,FR1,19
60,2023-03-31,19,107,91,2023-03-31 01:33:06,M,FR1,16
60,2023-03-31,20,108,107,2023-03-31 02:02:55,M,FR1,1
60,2023-03-31,21,123,108,2023-03-31 03:55:04,M,FR1,15
60,2023-03-31,23,136,123,2023-03-31 05:14:59,M,FR1,13
60,2023-03-31,0,140,136,2023-03-31 06:00:25,M,FR1,4
60,2023-03-31,1,161,140,2023-03-31 07:14:07,M,FR1,21
60,2023-03-31,3,176,161,2023-03-31 09:05:50,M,FR1,15
60,2023-03-31,4,188,176,2023-03-31 10:02:47,M,FR1,12
61,2023-03-29,4,0,0,2023-03-29 10:52:13,M,Free,0
61,2023-03-29,7,67,58,2023-03-29 13:00:14,M,Free,9
61,2023-03-29,8,86,67,2023-03-29 14:00:30,M,Free,19
61,2023-03-29,9,93,87,2023-03-29 15:31:33,M,Free,6
61,2023-03-29,10,105,94,2023-03-29 16:24:30,M,Free,11
61,2023-03-29,11,114,106,2023-03-29 17:15:23,M,Free,8
61,2023-03-29,12,128,115,2023-03-29 18:13:12,M,Free,13
61,2023-03-29,13,144,129,2023-03-29 19:26:11,M,Free,15
61,2023-03-29,14,164,144,2023-03-29 20:00:28,M,Free,20
61,2023-03-29,15,181,164,2023-03-29 21:03:41,M,Free,17
61,2023-03-29,16,192,182,2023-03-29 22:19:16,M,Free,10
61,2023-03-29,17,205,193,2023-03-29 23:10:41,M,Free,12
61,2023-03-30,18,227,205,2023-03-30 00:02:35,M,Free,22
61,2023-03-30,19,228,228,2023-03-30 01:03:29,M,Free,0
61,2023-03-30,20,234,229,2023-03-30 02:00:54,M,Free,5
61,2023-03-30,22,252,235,2023-03-30 04:02:46,M,Free,17
61,2023-03-30,23,270,253,2023-03-30 05:15:35,M,Free,17
61,2023-03-30,0,275,271,2023-03-30 06:01:00,M,Free,4
61,2023-03-30,1,284,276,2023-03-30 07:24:36,M,Free,8
61,2023-03-30,2,295,285,2023-03-30 08:31:05,M,Free,10
61,2023-03-30,3,303,296,2023-03-30 09:35:34,M,Free,7
61,2023-03-30,4,0,0,2023-03-30 10:16:35,M,FR1,0
61,2023-03-30,5,1,1,2023-03-30 11:33:01,M,FR1,0
61,2023-03-30,9,3,1,2023-03-30 15:35:40,M,FR1,2
61,2023-03-30,12,3,3,2023-03-30 18:22:22,M,FR1,0
61,2023-03-30,13,3,3,2023-03-30 19:47:25,M,FR1,0
61,2023-03-30,14,24,3,2023-03-30 20:20:36,M,FR1,21
61,2023-03-30,15,45,24,2023-03-30 21:00:07,M,FR1,21
61,2023-03-30,16,58,45,2023-03-30 22:06:35,M,FR1,13
61,2023-03-30,17,73,58,2023-03-30 23:43:21,M,FR1,15
61,2023-03-31,19,92,73,2023-03-31 01:07:06,M,FR1,19
61,2023-03-31,21,103,92,2023-03-31 03:05:29,M,FR1,11
61,2023-03-31,22,112,103,2023-03-31 04:45:49,M,FR1,9
61,2023-03-31,23,132,112,2023-03-31 05:04:36,M,FR1,20
61,2023-03-31,1,140,132,2023-03-31 07:44:08,M,FR1,8
61,2023-03-31,2,146,140,2023-03-31 08:53:29,M,FR1,6
61,2023-03-31,3,152,146,2023-03-31 09:00:49,M,FR1,6
61,2023-03-31,4,152,152,2023-03-31 10:15:09,M,FR1,0
62,2023-03-29,4,4,0,2023-03-29 10:44:52,M,Free,4
62,2023-03-29,7,50,41,2023-03-29 13:02:29,M,Free,9
62,2023-03-29,8,53,50,2023-03-29 14:23:15,M,Free,3
62,2023-03-29,9,62,54,2023-03-29 15:32:44,M,Free,8
62,2023-03-29,10,70,63,2023-03-29 16:29:42,M,Free,7
62,2023-03-29,11,87,71,2023-03-29 17:04:10,M,Free,16
62,2023-03-29,12,90,88,2023-03-29 18:41:46,M,Free,2
62,2023-03-29,13,100,91,2023-03-29 19:04:15,M,Free,9
62,2023-03-29,14,118,101,2023-03-29 20:04:17,M,Free,17
62,2023-03-29,15,137,119,2023-03-29 21:12:51,M,Free,18
62,2023-03-29,16,144,138,2023-03-29 22:10:12,M,Free,6
62,2023-03-29,17,167,145,2023-03-29 23:05:06,M,Free,22
62,2023-03-30,18,172,168,2023-03-30 00:00:08,M,Free,4
62,2023-03-30,19,182,173,2023-03-30 01:26:01,M,Free,9
62,2023-03-30,20,186,183,2023-03-30 02:12:49,M,Free,3
62,2023-03-30,21,193,187,2023-03-30 03:05:33,M,Free,6
62,2023-03-30,22,200,194,2023-03-30 04:12:15,M,Free,6
62,2023-03-30,23,223,201,2023-03-30 05:00:23,M,Free,22
62,2023-03-30,0,234,224,2023-03-30 06:42:50,M,Free,10
62,2023-03-30,1,256,235,2023-03-30 07:00:14,M,Free,21
62,2023-03-30,2,258,257,2023-03-30 08:56:31,M,Free,1
62,2023-03-30,3,265,259,2023-03-30 09:00:09,M,Free,6
62,2023-03-30,6,9,2,2023-03-30 12:05:14,M,FR1,7
62,2023-03-30,9,16,9,2023-03-30 15:09:43,M,FR1,7
62,2023-03-30,13,27,16,2023-03-30 19:32:16,M,FR1,11
62,2023-03-30,14,34,27,2023-03-30 20:39:56,M,FR1,7
62,2023-03-30,15,49,34,2023-03-30 21:05:16,M,FR1,15
62,2023-03-30,16,62,49,2023-03-30 22:37:35,M,FR1,13
62,2023-03-30,17,71,62,2023-03-30 23:23:29,M,FR1,9
62,2023-03-31,18,83,71,2023-03-31 00:22:17,M,FR1,12
62,2023-03-31,19,91,83,2023-03-31 01:01:05,M,FR1,8
62,2023-03-31,21,100,91,2023-03-31 03:49:09,M,FR1,9
62,2023-03-31,22,109,100,2023-03-31 04:41:51,M,FR1,9
62,2023-03-31,23,119,109,2023-03-31 05:02:03,M,FR1,10
62,2023-03-31,0,128,119,2023-03-31 06:44:20,M,FR1,9
62,2023-03-31,1,144,128,2023-03-31 07:29:53,M,FR1,16
62,2023-03-31,4,147,144,2023-03-31 10:05:33,M,FR1,3
63,2023-03-29,4,1,0,2023-03-29 10:57:09,M,Free,1
63,2023-03-29,7,52,35,2023-03-29 13:07:27,M,Free,17
63,2023-03-29,8,67,53,2023-03-29 14:24:23,M,Free,14
63,2023-03-29,9,73,68,2023-03-29 15:34:44,M,Free,5
63,2023-03-29,10,87,74,2023-03-29 16:24:03,M,Free,13
63,2023-03-29,11,92,88,2023-03-29 17:51:34,M,Free,4
63,2023-03-29,12,93,92,2023-03-29 18:00:48,M,Free,1
63,2023-03-29,13,95,94,2023-03-29 19:10:29,M,Free,1
63,2023-03-30,0,98,96,2023-03-30 06:52:05,M,Free,2
63,2023-03-30,4,3,0,2023-03-30 10:52:06,M,FR1,3
63,2023-03-30,5,4,3,2023-03-30 11:00:08,M,FR1,1
63,2023-03-30,7,4,4,2023-03-30 13:18:20,M,FR1,0
63,2023-03-30,13,8,4,2023-03-30 19:28:22,M,FR1,4
63,2023-03-30,14,20,8,2023-03-30 20:37:23,M,FR1,12
63,2023-03-30,15,33,20,2023-03-30 21:02:02,M,FR1,13
63,2023-03-30,16,58,33,2023-03-30 22:20:54,M,FR1,25
63,2023-03-30,17,60,58,2023-03-30 23:04:28,M,FR1,2
63,2023-03-31,18,82,60,2023-03-31 00:21:43,M,FR1,22
63,2023-03-31,19,90,82,2023-03-31 01:03:25,M,FR1,8
63,2023-03-31,21,95,90,2023-03-31 03:57:42,M,FR1,5
63,2023-03-31,22,103,95,2023-03-31 04:00:15,M,FR1,8
63,2023-03-31,23,104,103,2023-03-31 05:58:42,M,FR1,1
63,2023-03-31,0,107,104,2023-03-31 06:00:16,M,FR1,3
63,2023-03-31,1,118,107,2023-03-31 07:08:41,M,FR1,11
63,2023-03-31,3,124,118,2023-03-31 09:02:44,M,FR1,6
63,2023-03-31,4,128,124,2023-03-31 10:02:57,M,FR1,4
64,2023-03-29,4,0,0,2023-03-29 10:56:48,M,Free,0
64,2023-03-29,7,54,53,2023-03-29 13:02:34,M,Free,1
64,2023-03-29,8,62,55,2023-03-29 14:23:09,M,Free,7
64,2023-03-29,9,72,63,2023-03-29 15:00:23,M,Free,9
64,2023-03-29,10,87,73,2023-03-29 16:10:34,M,Free,14
64,2023-03-29,11,96,88,2023-03-29 17:11:17,M,Free,8
64,2023-03-29,12,114,97,2023-03-29 18:00:10,M,Free,17
64,2023-03-29,13,119,115,2023-03-29 19:28:39,M,Free,4
64,2023-03-29,14,143,120,2023-03-29 20:00:08,M,Free,23
64,2023-03-29,15,160,144,2023-03-29 21:02:38,M,Free,16
64,2023-03-29,16,170,161,2023-03-29 22:04:17,M,Free,9
64,2023-03-29,17,191,171,2023-03-29 23:06:36,M,Free,20
64,2023-03-30,18,210,192,2023-03-30 00:01:46,M,Free,18
64,2023-03-30,19,221,211,2023-03-30 01:08:34,M,Free,10
64,2023-03-30,20,228,222,2023-03-30 02:10:43,M,Free,6
64,2023-03-30,21,243,229,2023-03-30 03:04:17,M,Free,14
64,2023-03-30,22,259,244,2023-03-30 04:02:15,M,Free,15
64,2023-03-30,23,266,260,2023-03-30 05:13:27,M,Free,6
64,2023-03-30,0,282,267,2023-03-30 06:06:53,M,Free,15
64,2023-03-30,1,290,283,2023-03-30 07:00:08,M,Free,7
64,2023-03-30,2,303,291,2023-03-30 08:31:45,M,Free,12
64,2023-03-30,3,308,304,2023-03-30 09:04:51,M,Free,4
64,2023-03-30,4,1,0,2023-03-30 10:23:53,M,FR1,1
64,2023-03-30,6,4,1,2023-03-30 12:47:28,M,FR1,3
64,2023-03-30,9,4,4,2023-03-30 15:36:16,M,FR1,0
64,2023-03-30,11,5,4,2023-03-30 17:18:28,M,FR1,1
64,2023-03-30,13,13,5,2023-03-30 19:32:26,M,FR1,8
64,2023-03-30,14,35,13,2023-03-30 20:00:46,M,FR1,22
64,2023-03-30,15,63,35,2023-03-30 21:07:09,M,FR1,28
64,2023-03-30,16,81,64,2023-03-30 22:00:16,M,FR1,17
64,2023-03-30,17,84,81,2023-03-30 23:48:25,M,FR1,3
64,2023-03-31,18,108,84,2023-03-31 00:03:15,M,FR1,24
64,2023-03-31,19,110,108,2023-03-31 01:05:33,M,FR1,2
64,2023-03-31,21,116,110,2023-03-31 03:27:50,M,FR1,6
64,2023-03-31,22,129,116,2023-03-31 04:11:45,M,FR1,13
64,2023-03-31,23,145,129,2023-03-31 05:10:26,M,FR1,16
64,2023-03-31,0,151,145,2023-03-31 06:04:38,M,FR1,6
64,2023-03-31,1,162,151,2023-03-31 07:14:04,M,FR1,11
64,2023-03-31,3,170,162,2023-03-31 09:08:00,M,FR1,8
64,2023-03-31,4,173,170,2023-03-31 10:18:29,M,FR1,3
65,2023-03-29,6,29,22,2023-03-29 12:01:03,M,Free,7
65,2023-03-29,7,38,30,2023-03-29 13:07:56,M,Free,8
65,2023-03-29,8,57,39,2023-03-29 14:01:17,M,Free,18
65,2023-03-29,10,74,58,2023-03-29 16:19:20,M,Free,16
65,2023-03-29,11,83,75,2023-03-29 17:20:57,M,Free,8
65,2023-03-29,12,91,84,2023-03-29 18:55:44,M,Free,7
65,2023-03-29,13,109,92,2023-03-29 19:08:22,M,Free,17
65,2023-03-29,14,124,110,2023-03-29 20:00:03,M,Free,14
65,2023-03-29,15,140,125,2023-03-29 21:03:50,M,Free,15
65,2023-03-29,16,158,141,2023-03-29 22:02:21,M,Free,17
65,2023-03-29,17,167,159,2023-03-29 23:29:11,M,Free,8
65,2023-03-30,18,184,167,2023-03-30 00:18:19,M,Free,17
65,2023-03-30,19,186,185,2023-03-30 01:00:16,M,Free,1
65,2023-03-30,20,195,187,2023-03-30 02:41:09,M,Free,8
65,2023-03-30,21,203,196,2023-03-30 03:28:44,M,Free,7
65,2023-03-30,22,212,204,2023-03-30 04:24:53,M,Free,8
65,2023-03-30,23,233,213,2023-03-30 05:00:44,M,Free,20
65,2023-03-30,0,250,234,2023-03-30 06:07:19,M,Free,16
65,2023-03-30,2,256,251,2023-03-30 08:10:21,M,Free,5
65,2023-03-30,3,257,257,2023-03-30 09:05:14,M,Free,0
65,2023-03-30,4,0,0,2023-03-30 10:23:38,M,FR1,0
65,2023-03-30,5,1,0,2023-03-30 11:49:46,M,FR1,1
65,2023-03-30,7,1,1,2023-03-30 13:41:23,M,FR1,0
65,2023-03-30,10,2,1,2023-03-30 16:10:20,M,FR1,1
65,2023-03-30,13,11,2,2023-03-30 19:24:51,M,FR1,9
65,2023-03-30,14,21,11,2023-03-30 20:12:47,M,FR1,10
65,2023-03-30,15,41,21,2023-03-30 21:05:05,M,FR1,20
65,2023-03-30,16,57,41,2023-03-30 22:00:46,M,FR1,16
65,2023-03-30,17,66,57,2023-03-30 23:49:31,M,FR1,9
65,2023-03-31,18,69,66,2023-03-31 00:01:04,M,FR1,3
65,2023-03-31,19,80,69,2023-03-31 01:31:36,M,FR1,11
65,2023-03-31,20,86,80,2023-03-31 02:57:11,M,FR1,6
65,2023-03-31,21,89,86,2023-03-31 03:00:19,M,FR1,3
65,2023-03-31,22,105,89,2023-03-31 04:00:35,M,FR1,16
65,2023-03-31,23,118,105,2023-03-31 05:02:52,M,FR1,13
65,2023-03-31,0,130,118,2023-03-31 06:09:51,M,FR1,12
65,2023-03-31,1,135,130,2023-03-31 07:00:09,M,FR1,5
65,2023-03-31,3,137,135,2023-03-31 09:51:06,M,FR1,2
65,2023-03-31,4,143,137,2023-03-31 10:00:07,M,FR1,6
66,2023-03-29,4,0,0,2023-03-29 10:58:41,M,Free,0
66,2023-03-29,7,57,44,2023-03-29 13:01:02,M,Free,13
66,2023-03-29,8,66,58,2023-03-29 14:08:24,M,Free,8
66,2023-03-29,9,74,67,2023-03-29 15:34:02,M,Free,7
66,2023-03-29,10,93,75,2023-03-29 16:31:22,M,Free,18
66,2023-03-29,11,96,94,2023-03-29 17:56:18,M,Free,2
66,2023-03-29,12,104,97,2023-03-29 18:03:27,M,Free,7
66,2023-03-29,13,121,105,2023-03-29 19:09:55,M,Free,16
66,2023-03-29,14,136,122,2023-03-29 20:16:42,M,Free,14
66,2023-03-29,15,161,137,2023-03-29 21:02:00,M,Free,24
66,2023-03-29,16,176,162,2023-03-29 22:20:02,M,Free,14
66,2023-03-29,17,197,177,2023-03-29 23:08:48,M,Free,20
66,2023-03-30,18,229,198,2023-03-30 00:01:03,M,Free,31
66,2023-03-30,19,246,230,2023-03-30 01:06:59,M,Free,16
66,2023-03-30,20,251,247,2023-03-30 02:09:14,M,Free,4
66,2023-03-30,21,260,252,2023-03-30 03:13:12,M,Free,8
66,2023-03-30,22,264,261,2023-03-30 04:33:17,M,Free,3
66,2023-03-30,23,273,265,2023-03-30 05:09:26,M,Free,8
66,2023-03-30,0,297,274,2023-03-30 06:00:55,M,Free,23
66,2023-03-30,1,315,298,2023-03-30 07:02:50,M,Free,17
66,2023-03-30,2,321,316,2023-03-30 08:57:42,M,Free,5
66,2023-03-30,3,321,321,2023-03-30 09:00:16,M,Free,0
66,2023-03-30,4,322,322,2023-03-30 10:04:17,M,Free,0
66,2023-03-30,9,0,0,2023-03-30 15:42:23,M,FR1,0
66,2023-03-30,12,1,0,2023-03-30 18:09:21,M,FR1,1
66,2023-03-30,14,1,1,2023-03-30 20:29:27,M,FR1,0
66,2023-03-30,15,5,1,2023-03-30 21:34:27,M,FR1,4
66,2023-03-30,16,5,5,2023-03-30 22:53:33,M,FR1,0
66,2023-03-30,17,8,5,2023-03-30 23:01:07,M,FR1,3
66,2023-03-31,18,8,8,2023-03-31 00:05:29,M,FR1,0
66,2023-03-31,20,16,8,2023-03-31 02:24:16,M,FR1,8
66,2023-03-31,21,19,16,2023-03-31 03:55:55,M,FR1,3
66,2023-03-31,22,23,19,2023-03-31 04:00:56,M,FR1,4
66,2023-03-31,23,24,23,2023-03-31 05:55:55,M,FR1,1
66,2023-03-31,0,35,24,2023-03-31 06:01:48,M,FR1,11
66,2023-03-31,1,37,35,2023-03-31 07:44:39,M,FR1,2
66,2023-03-31,2,51,37,2023-03-31 08:06:18,M,FR1,14
66,2023-03-31,4,71,51,2023-03-31 10:13:14,M,FR1,20
67,2023-03-29,4,2,1,2023-03-29 10:07:47,M,Free,1
67,2023-03-29,7,83,65,2023-03-29 13:00:02,M,Free,18
67,2023-03-29,8,95,84,2023-03-29 14:01:31,M,Free,11
67,2023-03-29,9,122,96,2023-03-29 15:10:49,M,Free,26
67,2023-03-29,10,129,123,2023-03-29 16:23:45,M,Free,6
67,2023-03-29,11,153,130,2023-03-29 17:06:04,M,Free,23
67,2023-03-29,12,171,154,2023-03-29 18:04:57,M,Free,17
67,2023-03-29,13,186,172,2023-03-29 19:23:06,M,Free,14
67,2023-03-29,14,201,187,2023-03-29 20:03:29,M,Free,14
67,2023-03-29,15,212,202,2023-03-29 21:07:05,M,Free,10
67,2023-03-29,16,230,213,2023-03-29 22:03:55,M,Free,17
67,2023-03-29,17,256,231,2023-03-29 23:25:00,M,Free,25
67,2023-03-30,18,272,257,2023-03-30 00:02:12,M,Free,15
67,2023-03-30,19,297,273,2023-03-30 01:01:21,M,Free,24
67,2023-03-30,20,302,298,2023-03-30 02:05:42,M,Free,4
67,2023-03-30,21,304,303,2023-03-30 03:30:03,M,Free,1
67,2023-03-30,22,306,305,2023-03-30 04:02:12,M,Free,1
67,2023-03-30,23,318,307,2023-03-30 05:46:37,M,Free,11
67,2023-03-30,1,342,319,2023-03-30 07:10:17,M,Free,23
67,2023-03-30,2,356,343,2023-03-30 08:03:28,M,Free,13
67,2023-03-30,3,363,357,2023-03-30 09:05:36,M,Free,6
67,2023-03-30,6,2,2,2023-03-30 12:20:23,M,FR1,0
67,2023-03-30,9,2,2,2023-03-30 15:33:35,M,FR1,0
67,2023-03-30,11,8,2,2023-03-30 17:29:10,M,FR1,6
67,2023-03-30,14,16,8,2023-03-30 20:21:30,M,FR1,8
67,2023-03-30,15,21,16,2023-03-30 21:03:02,M,FR1,5
67,2023-03-30,16,25,21,2023-03-30 22:50:30,M,FR1,4
67,2023-03-30,17,30,25,2023-03-30 23:00:25,M,FR1,5
67,2023-03-31,19,49,30,2023-03-31 01:08:15,M,FR1,19
67,2023-03-31,20,58,49,2023-03-31 02:00:19,M,FR1,9
67,2023-03-31,21,72,58,2023-03-31 03:43:35,M,FR1,14
67,2023-03-31,22,79,72,2023-03-31 04:00:02,M,FR1,7
67,2023-03-31,23,83,79,2023-03-31 05:30:34,M,FR1,4
67,2023-03-31,0,95,83,2023-03-31 06:49:24,M,FR1,12
67,2023-03-31,1,104,95,2023-03-31 07:16:15,M,FR1,9
67,2023-03-31,3,113,104,2023-03-31 09:17:31,M,FR1,9
67,2023-03-31,4,115,113,2023-03-31 10:00:58,M,FR1,2
68,2022-07-08,13,25,14,2022-07-08 19:29:58,F,Free,11
68,2022-07-08,14,44,26,2022-07-08 20:03:36,F,Free,18
68,2022-07-08,15,53,45,2022-07-08 21:00:23,F,Free,8
68,2022-07-08,16,53,53,2022-07-08 22:00:40,F,Free,0
68,2022-07-08,17,80,53,2022-07-08 23:01:22,F,Free,27
68,2022-07-09,18,92,81,2022-07-09 00:23:42,F,Free,11
68,2022-07-09,19,111,93,2022-07-09 01:03:06,F,Free,18
68,2022-07-09,20,125,112,2022-07-09 02:04:08,F,Free,13
68,2022-07-09,21,137,126,2022-07-09 03:11:43,F,Free,11
68,2022-07-09,22,148,137,2022-07-09 04:00:51,F,Free,11
68,2022-07-09,23,150,149,2022-07-09 05:12:53,F,Free,1
68,2022-07-09,0,164,151,2022-07-09 06:44:04,F,Free,13
68,2022-07-09,1,171,165,2022-07-09 07:11:10,F,Free,6
68,2022-07-09,3,183,172,2022-07-09 09:04:44,F,Free,11
68,2022-07-09,5,192,184,2022-07-09 11:11:05,F,Free,8
68,2022-07-09,6,197,193,2022-07-09 12:58:18,F,Free,4
68,2022-07-09,7,199,198,2022-07-09 13:00:04,F,Free,1
68,2022-07-09,8,208,200,2022-07-09 14:13:32,F,Free,8
68,2022-07-09,9,219,209,2022-07-09 15:48:20,F,Free,10
68,2022-07-09,11,234,220,2022-07-09 17:18:34,F,Free,14
68,2022-07-09,12,236,235,2022-07-09 18:52:58,F,Free,1
68,2022-07-09,14,4,2,2022-07-09 20:00:08,F,FR1,2
68,2022-07-09,15,8,4,2022-07-09 21:14:58,F,FR1,4
68,2022-07-09,16,21,8,2022-07-09 22:02:21,F,FR1,13
68,2022-07-09,17,33,21,2022-07-09 23:03:50,F,FR1,12
68,2022-07-10,18,48,33,2022-07-10 00:02:29,F,FR1,15
68,2022-07-10,19,57,48,2022-07-10 01:09:29,F,FR1,9
68,2022-07-10,21,69,57,2022-07-10 03:15:50,F,FR1,12
68,2022-07-10,23,86,70,2022-07-10 05:13:56,F,FR1,16
68,2022-07-10,0,86,86,2022-07-10 06:16:30,F,FR1,0
68,2022-07-10,2,94,87,2022-07-10 08:43:31,F,FR1,7
68,2022-07-10,3,96,94,2022-07-10 09:14:13,F,FR1,2
68,2022-07-10,5,103,96,2022-07-10 11:38:57,F,FR1,7
68,2022-07-10,6,103,103,2022-07-10 12:01:54,F,FR1,0
68,2022-07-10,9,108,103,2022-07-10 15:45:46,F,FR1,5
68,2022-07-10,11,117,108,2022-07-10 17:40:43,F,FR1,9
69,2022-07-08,13,6,4,2022-07-08 19:35:58,F,Free,2
69,2022-07-08,14,14,7,2022-07-08 20:00:43,F,Free,7
69,2022-07-08,15,37,15,2022-07-08 21:01:32,F,Free,22
69,2022-07-08,16,48,38,2022-07-08 22:00:22,F,Free,10
69,2022-07-08,17,68,49,2022-07-08 23:00:22,F,Free,19
69,2022-07-09,18,90,69,2022-07-09 00:00:43,F,Free,21
69,2022-07-09,19,96,91,2022-07-09 01:00:01,F,Free,5
69,2022-07-09,20,115,97,2022-07-09 02:23:44,F,Free,18
69,2022-07-09,21,125,116,2022-07-09 03:00:36,F,Free,9
69,2022-07-09,22,135,126,2022-07-09 04:36:02,F,Free,9
69,2022-07-09,23,138,136,2022-07-09 05:48:38,F,Free,2
69,2022-07-09,0,151,139,2022-07-09 06:00:31,F,Free,12
69,2022-07-09,1,153,152,2022-07-09 07:54:32,F,Free,1
69,2022-07-09,2,154,154,2022-07-09 08:46:53,F,Free,0
69,2022-07-09,3,159,155,2022-07-09 09:54:52,F,Free,4
69,2022-07-09,4,162,160,2022-07-09 10:00:45,F,Free,2
69,2022-07-09,5,163,163,2022-07-09 11:24:48,F,Free,0
69,2022-07-09,6,170,164,2022-07-09 12:51:10,F,Free,6
69,2022-07-09,7,172,171,2022-07-09 13:02:15,F,Free,1
69,2022-07-09,9,173,173,2022-07-09 15:11:47,F,Free,0
69,2022-07-09,10,187,174,2022-07-09 16:16:29,F,Free,13
69,2022-07-09,12,192,188,2022-07-09 18:33:37,F,Free,4
69,2022-07-09,14,3,2,2022-07-09 20:08:35,F,FR1,1
69,2022-07-09,15,4,3,2022-07-09 21:52:34,F,FR1,1
69,2022-07-09,16,4,4,2022-07-09 22:59:09,F,FR1,0
69,2022-07-09,17,5,4,2022-07-09 23:28:12,F,FR1,1
69,2022-07-10,18,5,5,2022-07-10 00:45:25,F,FR1,0
69,2022-07-10,20,6,5,2022-07-10 02:02:22,F,FR1,1
69,2022-07-10,21,7,6,2022-07-10 03:35:32,F,FR1,1
69,2022-07-10,22,8,7,2022-07-10 04:08:45,F,FR1,1
69,2022-07-10,0,10,8,2022-07-10 06:20:56,F,FR1,2
69,2022-07-10,1,10,10,2022-07-10 07:21:42,F,FR1,0
69,2022-07-10,3,10,10,2022-07-10 09:46:13,F,FR1,0
69,2022-07-10,6,11,10,2022-07-10 12:08:00,F,FR1,1
69,2022-07-10,12,11,11,2022-07-10 18:10:15,F,FR1,0
7,2022-02-07,7,959,955,2022-02-07 13:58:01,M,Free,4
7,2022-02-07,9,964,960,2022-02-07 15:19:41,M,Free,4
7,2022-02-07,10,971,965,2022-02-07 16:54:21,M,Free,6
7,2022-02-07,13,990,972,2022-02-07 19:00:09,M,Free,18
7,2022-02-07,14,1005,991,2022-02-07 20:18:04,M,Free,14
7,2022-02-07,15,1017,1006,2022-02-07 21:02:43,M,Free,11
7,2022-02-07,16,1037,1018,2022-02-07 22:09:21,M,Free,19
7,2022-02-07,17,1048,1038,2022-02-07 23:18:05,M,Free,10
7,2022-02-08,18,1059,1049,2022-02-08 00:19:44,M,Free,10
7,2022-02-08,19,1071,1059,2022-02-08 01:00:03,M,Free,12
7,2022-02-08,20,1076,1071,2022-02-08 02:00:16,M,Free,5
7,2022-02-08,21,1086,1077,2022-02-08 03:11:57,M,Free,9
7,2022-02-08,22,1098,1087,2022-02-08 04:29:12,M,Free,11
7,2022-02-08,23,1103,1099,2022-02-08 05:34:50,M,Free,4
7,2022-02-08,0,1127,1104,2022-02-08 06:00:17,M,Free,23
7,2022-02-08,1,1149,1127,2022-02-08 07:03:38,M,Free,22
7,2022-02-08,2,1157,1149,2022-02-08 08:21:02,M,Free,8
7,2022-02-08,4,1159,1158,2022-02-08 10:36:46,M,Free,1
7,2022-02-08,5,1164,1160,2022-02-08 11:22:22,M,Free,4
7,2022-02-08,6,1164,1164,2022-02-08 12:30:29,M,Free,0
7,2022-04-26,9,2,0,2022-04-26 15:48:43,M,FR1,2
7,2022-04-26,10,7,2,2022-04-26 16:01:17,M,FR1,5
7,2022-04-26,11,10,7,2022-04-26 17:00:02,M,FR1,3
7,2022-04-26,13,11,10,2022-04-26 19:25:20,M,FR1,1
7,2022-04-26,14,13,11,2022-04-26 20:56:08,M,FR1,2
7,2022-04-26,15,16,13,2022-04-26 21:26:43,M,FR1,3
7,2022-04-26,17,21,16,2022-04-26 23:37:59,M,FR1,5
7,2022-04-27,19,23,21,2022-04-27 01:55:13,M,FR1,2
7,2022-04-27,20,28,23,2022-04-27 02:00:03,M,FR1,5
7,2022-04-27,22,31,28,2022-04-27 04:42:38,M,FR1,3
7,2022-04-27,23,32,31,2022-04-27 05:56:28,M,FR1,1
7,2022-04-27,0,40,32,2022-04-27 06:27:22,M,FR1,8
7,2022-04-27,1,44,40,2022-04-27 07:00:20,M,FR1,4
7,2022-04-27,2,54,44,2022-04-27 08:11:03,M,FR1,10
7,2022-04-27,8,58,54,2022-04-27 14:06:09,M,FR1,4
7,2022-04-27,9,71,58,2022-04-27 15:16:47,M,FR1,13
70,2022-07-08,13,32,21,2022-07-08 19:22:30,F,Free,11
70,2022-07-08,14,53,33,2022-07-08 20:08:35,F,Free,20
70,2022-07-08,15,70,53,2022-07-08 21:01:06,F,Free,17
70,2022-07-08,16,88,70,2022-07-08 22:08:30,F,Free,18
70,2022-07-08,17,97,89,2022-07-08 23:10:15,F,Free,8
70,2022-07-09,18,106,97,2022-07-09 00:02:27,F,Free,9
70,2022-07-09,19,110,107,2022-07-09 01:08:43,F,Free,3
70,2022-07-09,20,117,111,2022-07-09 02:38:45,F,Free,6
70,2022-07-09,21,130,118,2022-07-09 03:09:51,F,Free,12
70,2022-07-09,22,141,131,2022-07-09 04:00:39,F,Free,10
70,2022-07-09,23,166,142,2022-07-09 05:11:23,F,Free,24
70,2022-07-09,1,188,167,2022-07-09 07:04:21,F,Free,21
70,2022-07-09,3,192,189,2022-07-09 09:06:41,F,Free,3
70,2022-07-09,4,203,193,2022-07-09 10:03:46,F,Free,10
70,2022-07-09,5,208,204,2022-07-09 11:00:28,F,Free,4
70,2022-07-09,7,213,209,2022-07-09 13:24:08,F,Free,4
70,2022-07-09,8,217,214,2022-07-09 14:58:26,F,Free,3
70,2022-07-09,9,222,218,2022-07-09 15:00:26,F,Free,4
70,2022-07-09,10,232,223,2022-07-09 16:09:45,F,Free,9
70,2022-07-09,11,237,232,2022-07-09 17:04:07,F,Free,5
70,2022-07-09,12,252,238,2022-07-09 18:18:38,F,Free,14
70,2022-07-09,14,7,1,2022-07-09 20:18:20,F,FR1,6
70,2022-07-09,15,20,7,2022-07-09 21:08:55,F,FR1,13
70,2022-07-09,16,29,20,2022-07-09 22:09:52,F,FR1,9
70,2022-07-09,17,51,29,2022-07-09 23:00:58,F,FR1,22
70,2022-07-10,18,60,51,2022-07-10 00:24:10,F,FR1,9
70,2022-07-10,19,67,60,2022-07-10 01:00:18,F,FR1,7
70,2022-07-10,21,78,67,2022-07-10 03:21:59,F,FR1,11
70,2022-07-10,22,88,78,2022-07-10 04:17:34,F,FR1,10
70,2022-07-10,0,102,88,2022-07-10 06:10:24,F,FR1,14
70,2022-07-10,1,112,102,2022-07-10 07:05:59,F,FR1,10
70,2022-07-10,3,122,112,2022-07-10 09:17:51,F,FR1,10
70,2022-07-10,5,126,122,2022-07-10 11:17:51,F,FR1,4
70,2022-07-10,6,129,126,2022-07-10 12:34:56,F,FR1,3
70,2022-07-10,8,132,129,2022-07-10 14:09:03,F,FR1,3
70,2022-07-10,10,144,132,2022-07-10 16:01:13,F,FR1,12
70,2022-07-10,12,151,144,2022-07-10 18:42:10,F,FR1,7
71,2022-07-08,13,15,5,2022-07-08 19:19:05,F,Free,10
71,2022-07-08,14,24,15,2022-07-08 20:03:15,F,Free,9
71,2022-07-08,15,42,25,2022-07-08 21:05:25,F,Free,17
71,2022-07-08,16,54,42,2022-07-08 22:01:37,F,Free,12
71,2022-07-08,17,75,55,2022-07-08 23:01:16,F,Free,20
71,2022-07-09,18,91,75,2022-07-09 00:00:52,F,Free,16
71,2022-07-09,19,103,92,2022-07-09 01:10:19,F,Free,11
71,2022-07-09,20,105,104,2022-07-09 02:23:49,F,Free,1
71,2022-07-09,22,123,105,2022-07-09 04:04:14,F,Free,18
71,2022-07-09,23,133,124,2022-07-09 05:00:31,F,Free,9
71,2022-07-09,0,136,134,2022-07-09 06:40:11,F,Free,2
71,2022-07-09,2,156,136,2022-07-09 08:02:20,F,Free,20
71,2022-07-09,4,160,157,2022-07-09 10:50:40,F,Free,3
71,2022-07-09,5,164,161,2022-07-09 11:01:00,F,Free,3
71,2022-07-09,7,175,165,2022-07-09 13:04:41,F,Free,10
71,2022-07-09,9,183,176,2022-07-09 15:06:18,F,Free,7
71,2022-07-09,11,193,184,2022-07-09 17:04:56,F,Free,9
71,2022-07-09,14,4,1,2022-07-09 20:24:39,F,FR1,3
71,2022-07-09,15,4,4,2022-07-09 21:18:55,F,FR1,0
71,2022-07-09,16,6,4,2022-07-09 22:07:37,F,FR1,2
71,2022-07-09,17,12,6,2022-07-09 23:03:51,F,FR1,6
71,2022-07-10,18,21,12,2022-07-10 00:00:04,F,FR1,9
71,2022-07-10,19,35,21,2022-07-10 01:30:19,F,FR1,14
71,2022-07-10,20,41,35,2022-07-10 02:00:36,F,FR1,6
71,2022-07-10,21,51,41,2022-07-10 03:02:09,F,FR1,10
71,2022-07-10,22,58,51,2022-07-10 04:10:50,F,FR1,7
71,2022-07-10,23,64,58,2022-07-10 05:13:18,F,FR1,6
71,2022-07-10,0,65,64,2022-07-10 06:11:45,F,FR1,1
71,2022-07-10,1,69,65,2022-07-10 07:05:27,F,FR1,4
71,2022-07-10,3,75,69,2022-07-10 09:00:01,F,FR1,6
71,2022-07-10,4,75,75,2022-07-10 10:38:58,F,FR1,0
71,2022-07-10,6,83,75,2022-07-10 12:49:26,F,FR1,8
71,2022-07-10,7,88,83,2022-07-10 13:01:10,F,FR1,5
71,2022-07-10,8,89,89,2022-07-10 14:41:10,F,FR1,0
71,2022-07-10,10,100,89,2022-07-10 16:27:01,F,FR1,11
71,2022-07-10,12,108,100,2022-07-10 18:10:57,F,FR1,8
72,2022-07-08,13,34,18,2022-07-08 19:13:25,M,Free,16
72,2022-07-08,14,54,35,2022-07-08 20:03:39,M,Free,19
72,2022-07-08,15,66,55,2022-07-08 21:05:13,M,Free,11
72,2022-07-08,16,82,67,2022-07-08 22:00:29,M,Free,15
72,2022-07-08,17,95,83,2022-07-08 23:34:56,M,Free,12
72,2022-07-09,18,96,96,2022-07-09 00:03:19,M,Free,0
72,2022-07-09,19,110,96,2022-07-09 01:32:57,M,Free,14
72,2022-07-09,21,121,111,2022-07-09 03:02:59,M,Free,10
72,2022-07-09,22,136,122,2022-07-09 04:13:26,M,Free,14
72,2022-07-09,23,146,136,2022-07-09 05:00:58,M,Free,10
72,2022-07-09,0,155,147,2022-07-09 06:29:11,M,Free,8
72,2022-07-09,1,163,155,2022-07-09 07:01:34,M,Free,8
72,2022-07-09,3,174,164,2022-07-09 09:33:46,M,Free,10
72,2022-07-09,4,176,175,2022-07-09 10:08:33,M,Free,1
72,2022-07-09,5,177,177,2022-07-09 11:53:37,M,Free,0
72,2022-07-09,6,179,178,2022-07-09 12:59:08,M,Free,1
72,2022-07-09,7,188,180,2022-07-09 13:01:44,M,Free,8
72,2022-07-09,8,194,189,2022-07-09 14:38:18,M,Free,5
72,2022-07-09,10,209,195,2022-07-09 16:04:16,M,Free,14
72,2022-07-09,11,211,210,2022-07-09 17:59:09,M,Free,1
72,2022-07-09,12,215,212,2022-07-09 18:00:14,M,Free,3
72,2022-07-09,14,21,6,2022-07-09 20:02:07,M,FR1,15
72,2022-07-09,15,35,21,2022-07-09 21:10:48,M,FR1,14
72,2022-07-09,16,46,35,2022-07-09 22:46:33,M,FR1,11
72,2022-07-09,17,52,46,2022-07-09 23:06:03,M,FR1,6
72,2022-07-10,18,61,52,2022-07-10 00:52:03,M,FR1,9
72,2022-07-10,19,74,61,2022-07-10 01:00:20,M,FR1,13
72,2022-07-10,21,85,74,2022-07-10 03:22:44,M,FR1,11
72,2022-07-10,23,105,86,2022-07-10 05:01:16,M,FR1,19
72,2022-07-10,0,116,105,2022-07-10 06:27:49,M,FR1,11
72,2022-07-10,1,125,117,2022-07-10 07:50:36,M,FR1,8
72,2022-07-10,2,127,125,2022-07-10 08:00:06,M,FR1,2
72,2022-07-10,4,133,127,2022-07-10 10:04:24,M,FR1,6
72,2022-07-10,5,138,133,2022-07-10 11:31:59,M,FR1,5
72,2022-07-10,9,145,138,2022-07-10 15:07:09,M,FR1,7
72,2022-07-10,11,163,145,2022-07-10 17:19:43,M,FR1,18
72,2022-07-10,13,164,163,2022-07-10 19:12:36,M,FR1,1
73,2022-07-08,13,2,2,2022-07-08 19:34:13,M,Free,0
73,2022-07-08,15,2,2,2022-07-08 21:14:08,M,Free,0
73,2022-07-08,16,2,2,2022-07-08 22:07:42,M,Free,0
73,2022-07-08,17,30,2,2022-07-08 23:05:07,M,Free,28
73,2022-07-09,18,37,31,2022-07-09 00:06:16,M,Free,6
73,2022-07-09,19,42,38,2022-07-09 01:12:07,M,Free,4
73,2022-07-09,20,52,43,2022-07-09 02:03:00,M,Free,9
73,2022-07-09,21,61,53,2022-07-09 03:23:12,M,Free,8
73,2022-07-09,22,79,62,2022-07-09 04:01:49,M,Free,17
73,2022-07-09,23,98,80,2022-07-09 05:08:00,M,Free,18
73,2022-07-09,0,108,99,2022-07-09 06:05:18,M,Free,9
73,2022-07-09,1,113,109,2022-07-09 07:05:03,M,Free,4
73,2022-07-09,2,114,113,2022-07-09 08:05:45,M,Free,1
73,2022-07-09,3,122,115,2022-07-09 09:13:31,M,Free,7
73,2022-07-09,7,146,139,2022-07-09 13:36:36,M,Free,7
73,2022-07-09,8,151,147,2022-07-09 14:05:05,M,Free,4
73,2022-07-09,9,154,152,2022-07-09 15:03:22,M,Free,2
73,2022-07-09,10,160,155,2022-07-09 16:15:52,M,Free,5
73,2022-07-09,12,171,161,2022-07-09 18:01:13,M,Free,10
73,2022-07-09,13,2,0,2022-07-09 19:15:38,M,FR1,2
73,2022-07-09,14,5,2,2022-07-09 20:06:11,M,FR1,3
73,2022-07-09,15,16,5,2022-07-09 21:04:20,M,FR1,11
73,2022-07-09,16,33,16,2022-07-09 22:14:20,M,FR1,17
73,2022-07-09,17,45,33,2022-07-09 23:04:00,M,FR1,12
73,2022-07-10,19,65,45,2022-07-10 01:00:47,M,FR1,20
73,2022-07-10,20,81,65,2022-07-10 02:10:03,M,FR1,16
73,2022-07-10,22,89,81,2022-07-10 04:10:30,M,FR1,8
73,2022-07-10,23,113,89,2022-07-10 05:01:02,M,FR1,24
73,2022-07-10,0,117,113,2022-07-10 06:07:02,M,FR1,4
73,2022-07-10,2,121,117,2022-07-10 08:04:19,M,FR1,4
73,2022-07-10,3,128,121,2022-07-10 09:30:18,M,FR1,7
73,2022-07-10,4,129,128,2022-07-10 10:00:54,M,FR1,1
73,2022-07-10,5,137,129,2022-07-10 11:25:00,M,FR1,8
73,2022-07-10,7,142,137,2022-07-10 13:26:28,M,FR1,5
73,2022-07-10,8,144,142,2022-07-10 14:28:59,M,FR1,2
73,2022-07-10,9,148,144,2022-07-10 15:47:16,M,FR1,4
73,2022-07-10,10,150,148,2022-07-10 16:10:33,M,FR1,2
73,2022-07-10,12,162,150,2022-07-10 18:04:54,M,FR1,12
74,2022-07-08,12,10,5,2022-07-08 18:24:30,M,Free,5
74,2022-07-08,13,21,10,2022-07-08 19:01:29,M,Free,11
74,2022-07-08,14,45,22,2022-07-08 20:01:05,M,Free,23
74,2022-07-08,15,59,46,2022-07-08 21:12:46,M,Free,13
74,2022-07-08,16,70,60,2022-07-08 22:06:33,M,Free,10
74,2022-07-08,17,84,70,2022-07-08 23:01:09,M,Free,14
74,2022-07-09,18,93,85,2022-07-09 00:03:15,M,Free,8
74,2022-07-09,19,101,94,2022-07-09 01:19:46,M,Free,7
74,2022-07-09,20,113,102,2022-07-09 02:07:26,M,Free,11
74,2022-07-09,21,127,114,2022-07-09 03:13:55,M,Free,13
74,2022-07-09,22,147,128,2022-07-09 04:00:10,M,Free,19
74,2022-07-09,23,153,148,2022-07-09 05:02:11,M,Free,5
74,2022-07-09,0,159,154,2022-07-09 06:05:32,M,Free,5
74,2022-07-09,1,171,160,2022-07-09 07:14:29,M,Free,11
74,2022-07-09,2,175,172,2022-07-09 08:02:11,M,Free,3
74,2022-07-09,3,180,176,2022-07-09 09:09:46,M,Free,4
74,2022-07-09,4,190,181,2022-07-09 10:10:27,M,Free,9
74,2022-07-09,5,196,191,2022-07-09 11:04:21,M,Free,5
74,2022-07-09,6,199,197,2022-07-09 12:50:19,M,Free,2
74,2022-07-09,7,200,200,2022-07-09 13:53:16,M,Free,0
74,2022-07-09,8,212,201,2022-07-09 14:18:00,M,Free,11
74,2022-07-09,9,214,213,2022-07-09 15:02:44,M,Free,1
74,2022-07-09,10,215,215,2022-07-09 16:10:02,M,Free,0
74,2022-07-09,11,216,216,2022-07-09 17:10:42,M,Free,0
74,2022-07-09,12,224,217,2022-07-09 18:03:14,M,Free,7
74,2022-07-09,13,2,0,2022-07-09 19:17:24,M,FR1,2
74,2022-07-09,14,4,2,2022-07-09 20:12:50,M,FR1,2
74,2022-07-09,15,8,4,2022-07-09 21:03:17,M,FR1,4
74,2022-07-09,16,12,8,2022-07-09 22:01:34,M,FR1,4
74,2022-07-09,17,26,12,2022-07-09 23:00:09,M,FR1,14
74,2022-07-10,18,41,26,2022-07-10 00:22:29,M,FR1,15
74,2022-07-10,19,45,41,2022-07-10 01:15:30,M,FR1,4
74,2022-07-10,20,56,45,2022-07-10 02:00:24,M,FR1,11
74,2022-07-10,21,63,56,2022-07-10 03:31:49,M,FR1,7
74,2022-07-10,22,77,63,2022-07-10 04:08:18,M,FR1,14
74,2022-07-10,23,88,77,2022-07-10 05:20:47,M,FR1,11
74,2022-07-10,0,96,88,2022-07-10 06:00:07,M,FR1,8
74,2022-07-10,2,105,96,2022-07-10 08:02:38,M,FR1,9
74,2022-07-10,3,106,105,2022-07-10 09:50:01,M,FR1,1
74,2022-07-10,4,110,106,2022-07-10 10:40:02,M,FR1,4
74,2022-07-10,5,112,110,2022-07-10 11:11:08,M,FR1,2
74,2022-07-10,6,116,112,2022-07-10 12:50:19,M,FR1,4
74,2022-07-10,7,117,116,2022-07-10 13:03:02,M,FR1,1
74,2022-07-10,9,118,117,2022-07-10 15:58:07,M,FR1,1
74,2022-07-10,10,128,118,2022-07-10 16:33:55,M,FR1,10
74,2022-07-10,12,137,128,2022-07-10 18:49:45,M,FR1,9
75,2022-07-08,15,3,0,2022-07-08 21:45:40,M,Free,3
75,2022-07-08,16,18,3,2022-07-08 22:01:04,M,Free,15
75,2022-07-08,17,32,19,2022-07-08 23:06:51,M,Free,13
75,2022-07-09,18,37,33,2022-07-09 00:05:07,M,Free,4
75,2022-07-09,19,46,38,2022-07-09 01:30:32,M,Free,8
75,2022-07-09,20,49,47,2022-07-09 02:00:09,M,Free,2
75,2022-07-09,21,64,50,2022-07-09 03:01:43,M,Free,14
75,2022-07-09,22,82,65,2022-07-09 04:13:17,M,Free,17
75,2022-07-09,23,82,82,2022-07-09 05:30:47,M,Free,0
75,2022-07-09,0,102,83,2022-07-09 06:31:41,M,Free,19
75,2022-07-09,1,104,103,2022-07-09 07:08:30,M,Free,1
75,2022-07-09,2,108,105,2022-07-09 08:55:57,M,Free,3
75,2022-07-09,3,109,109,2022-07-09 09:00:05,M,Free,0
75,2022-07-09,4,110,110,2022-07-09 10:57:55,M,Free,0
75,2022-07-09,5,115,111,2022-07-09 11:00:14,M,Free,4
75,2022-07-09,6,116,116,2022-07-09 12:44:21,M,Free,0
75,2022-07-09,7,117,117,2022-07-09 13:56:30,M,Free,0
75,2022-07-09,8,119,118,2022-07-09 14:01:15,M,Free,1
75,2022-07-09,9,132,120,2022-07-09 15:16:00,M,Free,12
75,2022-07-09,10,134,133,2022-07-09 16:43:37,M,Free,1
75,2022-07-09,11,142,135,2022-07-09 17:32:42,M,Free,7
75,2022-07-09,13,1,0,2022-07-09 19:18:25,M,FR1,1
75,2022-07-09,14,2,1,2022-07-09 20:45:40,M,FR1,1
75,2022-07-09,15,3,2,2022-07-09 21:14:58,M,FR1,1
75,2022-07-09,16,4,3,2022-07-09 22:17:51,M,FR1,1
75,2022-07-09,17,5,4,2022-07-09 23:03:38,M,FR1,1
75,2022-07-10,19,8,5,2022-07-10 01:40:43,M,FR1,3
75,2022-07-10,20,10,8,2022-07-10 02:00:07,M,FR1,2
75,2022-07-10,23,13,10,2022-07-10 05:08:44,M,FR1,3
75,2022-07-10,1,31,13,2022-07-10 07:01:58,M,FR1,18
75,2022-07-10,4,46,31,2022-07-10 10:26:04,M,FR1,15
75,2022-07-10,8,64,58,2022-07-10 14:25:23,M,FR1,6
75,2022-07-10,10,78,64,2022-07-10 16:00:03,M,FR1,14
75,2022-07-10,11,83,78,2022-07-10 17:55:38,M,FR1,5
75,2022-07-10,12,93,83,2022-07-10 18:09:04,M,FR1,10
76,2020-07-26,9,1264,1255,2020-07-26 15:39:33,F,Free,9
76,2020-07-26,11,1271,1265,2020-07-26 17:04:39,F,Free,6
76,2020-07-26,12,1297,1272,2020-07-26 18:40:50,F,Free,25
76,2020-07-26,13,1315,1298,2020-07-26 19:46:26,F,Free,17
76,2020-07-26,15,1335,1316,2020-07-26 21:28:14,F,Free,19
76,2020-07-26,16,1337,1336,2020-07-26 22:59:20,F,Free,1
76,2020-07-26,17,1348,1338,2020-07-26 23:40:39,F,Free,10
76,2020-07-27,18,1349,1349,2020-07-27 00:03:19,F,Free,0
76,2020-07-27,20,1364,1350,2020-07-27 02:24:03,F,Free,14
76,2020-07-27,22,1366,1365,2020-07-27 04:59:20,F,Free,1
76,2020-07-27,23,1389,1367,2020-07-27 05:00:00,F,Free,22
76,2020-07-27,3,1391,1390,2020-07-27 09:35:25,F,Free,1
76,2020-07-27,10,1,1,2020-07-27 16:04:01,F,FR1,0
76,2020-07-27,11,6,1,2020-07-27 17:04:19,F,FR1,5
76,2020-07-27,12,11,6,2020-07-27 18:05:19,F,FR1,5
76,2020-07-27,13,33,11,2020-07-27 19:00:00,F,FR1,22
76,2020-07-27,14,53,33,2020-07-27 20:00:41,F,FR1,20
76,2020-07-27,15,80,53,2020-07-27 21:08:12,F,FR1,27
76,2020-07-27,17,90,80,2020-07-27 23:02:12,F,FR1,10
76,2020-07-28,18,105,90,2020-07-28 00:05:48,F,FR1,15
76,2020-07-28,19,114,105,2020-07-28 01:22:49,F,FR1,9
76,2020-07-28,20,132,114,2020-07-28 02:12:01,F,FR1,18
76,2020-07-28,22,147,132,2020-07-28 04:02:54,F,FR1,15
76,2020-07-28,0,149,147,2020-07-28 06:53:37,F,FR1,2
76,2020-07-28,1,151,149,2020-07-28 07:04:44,F,FR1,2
76,2020-07-28,3,152,151,2020-07-28 09:54:32,F,FR1,1
76,2020-07-28,4,169,152,2020-07-28 10:23:10,F,FR1,17
76,2020-07-28,5,176,169,2020-07-28 11:13:59,F,FR1,7
76,2020-07-28,6,179,176,2020-07-28 12:43:53,F,FR1,3
76,2020-07-28,8,185,179,2020-07-28 14:36:52,F,FR1,6
76,2020-07-28,9,195,185,2020-07-28 15:15:22,F,FR1,10
77,2020-07-26,11,852,849,2020-07-26 17:40:39,F,Free,3
77,2020-07-26,12,855,853,2020-07-26 18:58:21,F,Free,2
77,2020-07-26,13,859,856,2020-07-26 19:00:06,F,Free,3
77,2020-07-26,14,869,860,2020-07-26 20:00:03,F,Free,9
77,2020-07-26,15,881,870,2020-07-26 21:04:53,F,Free,11
77,2020-07-26,16,901,882,2020-07-26 22:25:56,F,Free,19
77,2020-07-26,17,913,902,2020-07-26 23:03:54,F,Free,11
77,2020-07-27,18,921,914,2020-07-27 00:44:23,F,Free,7
77,2020-07-27,19,939,922,2020-07-27 01:08:51,F,Free,17
77,2020-07-27,20,950,940,2020-07-27 02:08:03,F,Free,10
77,2020-07-27,21,953,951,2020-07-27 03:08:00,F,Free,2
77,2020-07-27,22,959,954,2020-07-27 04:10:08,F,Free,5
77,2020-07-27,23,961,960,2020-07-27 05:20:53,F,Free,1
77,2020-07-27,0,975,962,2020-07-27 06:06:47,F,Free,13
77,2020-07-27,1,984,976,2020-07-27 07:10:52,F,Free,8
77,2020-07-27,2,996,985,2020-07-27 08:07:46,F,Free,11
77,2020-07-27,3,997,997,2020-07-27 09:34:51,F,Free,0
77,2020-07-27,4,998,998,2020-07-27 10:56:09,F,Free,0
77,2020-07-27,5,999,999,2020-07-27 11:56:33,F,Free,0
77,2020-07-27,6,1008,1000,2020-07-27 12:02:41,F,Free,8
77,2020-07-27,9,1013,1009,2020-07-27 15:03:38,F,Free,4
77,2020-07-27,14,5,4,2020-07-27 20:39:32,F,FR1,1
77,2020-07-27,15,8,5,2020-07-27 21:13:08,F,FR1,3
77,2020-07-27,16,38,8,2020-07-27 22:02:57,F,FR1,30
77,2020-07-27,17,47,38,2020-07-27 23:28:43,F,FR1,9
77,2020-07-28,18,59,47,2020-07-28 00:02:16,F,FR1,12
77,2020-07-28,19,76,59,2020-07-28 01:01:41,F,FR1,17
77,2020-07-28,20,86,76,2020-07-28 02:00:27,F,FR1,10
77,2020-07-28,21,93,86,2020-07-28 03:04:59,F,FR1,7
77,2020-07-28,22,105,93,2020-07-28 04:12:17,F,FR1,12
77,2020-07-28,23,111,105,2020-07-28 05:44:13,F,FR1,6
77,2020-07-28,0,123,111,2020-07-28 06:35:06,F,FR1,12
77,2020-07-28,1,135,123,2020-07-28 07:02:33,F,FR1,12
77,2020-07-28,2,143,135,2020-07-28 08:21:30,F,FR1,8
77,2020-07-28,3,156,143,2020-07-28 09:04:55,F,FR1,13
77,2020-07-28,4,159,156,2020-07-28 10:19:09,F,FR1,3
77,2020-07-28,7,179,174,2020-07-28 13:12:06,F,FR1,5
77,2020-07-28,9,189,179,2020-07-28 15:07:08,F,FR1,10
77,2020-07-28,10,196,189,2020-07-28 16:40:52,F,FR1,7
77,2020-07-28,11,212,196,2020-07-28 17:04:50,F,FR1,16
78,2020-07-26,8,1068,1036,2020-07-26 14:16:31,F,Free,32
78,2020-07-26,11,1077,1069,2020-07-26 17:40:03,F,Free,8
78,2020-07-26,12,1090,1078,2020-07-26 18:14:14,F,Free,12
78,2020-07-26,14,1102,1091,2020-07-26 20:12:30,F,Free,11
78,2020-07-26,16,1121,1103,2020-07-26 22:10:18,F,Free,18
78,2020-07-27,18,1132,1122,2020-07-27 00:07:09,F,Free,10
78,2020-07-27,19,1149,1133,2020-07-27 01:28:34,F,Free,16
78,2020-07-27,20,1161,1150,2020-07-27 02:18:09,F,Free,11
78,2020-07-27,22,1174,1162,2020-07-27 04:41:24,F,Free,12
78,2020-07-27,0,1175,1175,2020-07-27 06:35:18,F,Free,0
78,2020-07-27,1,1183,1176,2020-07-27 07:34:53,F,Free,7
78,2020-07-27,3,1193,1184,2020-07-27 09:06:43,F,Free,9
78,2020-07-27,4,1213,1194,2020-07-27 10:51:58,F,Free,19
78,2020-07-27,7,1233,1214,2020-07-27 13:40:39,F,Free,19
78,2020-07-27,9,1,0,2020-07-27 15:54:34,F,FR1,1
78,2020-07-27,10,4,1,2020-07-27 16:21:37,F,FR1,3
78,2020-07-27,11,5,4,2020-07-27 17:09:00,F,FR1,1
78,2020-07-27,12,9,5,2020-07-27 18:49:04,F,FR1,4
78,2020-07-27,13,32,9,2020-07-27 19:09:30,F,FR1,23
78,2020-07-27,14,56,32,2020-07-27 20:14:06,F,FR1,24
78,2020-07-27,15,62,56,2020-07-27 21:20:41,F,FR1,6
78,2020-07-27,16,75,62,2020-07-27 22:11:02,F,FR1,13
78,2020-07-27,17,90,75,2020-07-27 23:00:30,F,FR1,15
78,2020-07-28,18,91,90,2020-07-28 00:34:41,F,FR1,1
78,2020-07-28,19,98,91,2020-07-28 01:01:57,F,FR1,7
78,2020-07-28,20,123,98,2020-07-28 02:03:14,F,FR1,25
78,2020-07-28,23,132,123,2020-07-28 05:30:08,F,FR1,9
78,2020-07-28,1,150,132,2020-07-28 07:14:46,F,FR1,18
78,2020-07-28,2,156,150,2020-07-28 08:11:24,F,FR1,6
78,2020-07-28,3,162,156,2020-07-28 09:47:20,F,FR1,6
78,2020-07-28,4,174,162,2020-07-28 10:01:08,F,FR1,12
78,2020-07-28,6,187,185,2020-07-28 12:53:45,F,FR1,2
78,2020-07-28,7,191,187,2020-07-28 13:58:45,F,FR1,4
78,2020-07-28,8,198,191,2020-07-28 14:00:10,F,FR1,7
78,2020-07-28,9,213,198,2020-07-28 15:01:22,F,FR1,15
79,2020-07-26,9,1151,1145,2020-07-26 15:12:00,M,Free,6
79,2020-07-26,10,1165,1152,2020-07-26 16:33:36,M,Free,13
79,2020-07-26,12,1179,1166,2020-07-26 18:08:07,M,Free,13
79,2020-07-26,13,1202,1180,2020-07-26 19:03:25,M,Free,22
79,2020-07-26,14,1208,1203,2020-07-26 20:00:08,M,Free,5
79,2020-07-26,15,1221,1209,2020-07-26 21:09:25,M,Free,12
79,2020-07-26,16,1225,1222,2020-07-26 22:53:42,M,Free,3
79,2020-07-26,17,1237,1226,2020-07-26 23:47:04,M,Free,11
79,2020-07-27,18,1247,1238,2020-07-27 00:49:54,M,Free,9
79,2020-07-27,19,1249,1248,2020-07-27 01:03:43,M,Free,1
79,2020-07-27,22,1268,1250,2020-07-27 04:00:55,M,Free,18
79,2020-07-27,0,1285,1269,2020-07-27 06:05:01,M,Free,16
79,2020-07-27,3,1297,1286,2020-07-27 09:06:19,M,Free,11
79,2020-07-27,4,1306,1298,2020-07-27 10:20:23,M,Free,8
79,2020-07-27,8,1326,1320,2020-07-27 14:46:45,M,Free,6
79,2020-07-27,10,1,1,2020-07-27 16:29:00,M,FR1,0
79,2020-07-27,11,1,1,2020-07-27 17:58:00,M,FR1,0
79,2020-07-27,12,1,1,2020-07-27 18:40:00,M,FR1,0
79,2020-07-27,13,3,1,2020-07-27 19:20:00,M,FR1,2
79,2020-07-27,14,4,3,2020-07-27 20:02:00,M,FR1,1
79,2020-07-27,15,5,4,2020-07-27 21:16:00,M,FR1,1
79,2020-07-27,16,33,5,2020-07-27 22:24:00,M,FR1,28
79,2020-07-27,17,46,33,2020-07-27 23:07:00,M,FR1,13
79,2020-07-28,18,55,46,2020-07-28 00:21:00,M,FR1,9
79,2020-07-28,19,69,55,2020-07-28 01:14:00,M,FR1,14
79,2020-07-28,20,82,69,2020-07-28 02:50:00,M,FR1,13
79,2020-07-28,21,84,82,2020-07-28 03:50:00,M,FR1,2
79,2020-07-28,22,84,84,2020-07-28 04:10:00,M,FR1,0
79,2020-07-28,23,90,84,2020-07-28 05:04:00,M,FR1,6
79,2020-07-28,0,97,90,2020-07-28 06:35:00,M,FR1,7
79,2020-07-28,2,105,97,2020-07-28 08:09:00,M,FR1,8
79,2020-07-28,3,108,105,2020-07-28 09:50:00,M,FR1,3
79,2020-07-28,4,122,108,2020-07-28 10:43:00,M,FR1,14
79,2020-07-28,7,127,122,2020-07-28 13:03:00,M,FR1,5
79,2020-07-28,9,128,127,2020-07-28 15:15:00,M,FR1,1
8,2022-02-07,6,828,826,2022-02-07 12:48:35,M,Free,2
8,2022-02-07,9,831,829,2022-02-07 15:31:24,M,Free,2
8,2022-02-07,11,833,831,2022-02-07 17:16:02,M,Free,2
8,2022-02-07,12,834,834,2022-02-07 18:01:57,M,Free,0
8,2022-02-07,13,837,835,2022-02-07 19:25:13,M,Free,2
8,2022-02-07,14,840,838,2022-02-07 20:33:42,M,Free,2
8,2022-02-07,15,842,840,2022-02-07 21:20:08,M,Free,2
8,2022-02-07,16,845,842,2022-02-07 22:09:46,M,Free,3
8,2022-02-07,17,853,845,2022-02-07 23:01:01,M,Free,8
8,2022-02-08,18,872,853,2022-02-08 00:01:24,M,Free,19
8,2022-02-08,19,886,873,2022-02-08 01:41:09,M,Free,13
8,2022-02-08,20,897,887,2022-02-08 02:00:04,M,Free,10
8,2022-02-08,21,908,897,2022-02-08 03:02:56,M,Free,11
8,2022-02-08,22,914,909,2022-02-08 04:57:42,M,Free,5
8,2022-02-08,0,924,915,2022-02-08 06:31:44,M,Free,9
8,2022-02-08,1,937,925,2022-02-08 07:29:13,M,Free,12
8,2022-02-08,2,952,938,2022-02-08 08:06:33,M,Free,14
8,2022-02-08,3,952,952,2022-02-08 09:14:40,M,Free,0
8,2022-02-08,6,966,966,2022-02-08 12:30:32,M,Free,0
8,2022-04-26,10,4,0,2022-04-26 16:15:11,M,FR1,4
8,2022-04-26,11,7,5,2022-04-26 17:00:13,M,FR1,2
8,2022-04-26,12,8,7,2022-04-26 18:19:08,M,FR1,1
8,2022-04-26,13,9,8,2022-04-26 19:40:05,M,FR1,1
8,2022-04-26,15,24,9,2022-04-26 21:14:07,M,FR1,15
8,2022-04-26,17,36,24,2022-04-26 23:44:08,M,FR1,12
8,2022-04-27,18,42,36,2022-04-27 00:06:34,M,FR1,6
8,2022-04-27,19,54,42,2022-04-27 01:51:41,M,FR1,12
8,2022-04-27,21,61,54,2022-04-27 03:57:14,M,FR1,7
8,2022-04-27,23,71,61,2022-04-27 05:00:11,M,FR1,10
8,2022-04-27,0,72,71,2022-04-27 06:55:01,M,FR1,1
8,2022-04-27,2,76,72,2022-04-27 08:50:41,M,FR1,4
8,2022-04-27,3,87,76,2022-04-27 09:00:17,M,FR1,11
8,2022-04-27,6,96,87,2022-04-27 12:33:15,M,FR1,9
80,2020-07-26,7,1040,1028,2020-07-26 13:08:09,M,Free,12
80,2020-07-26,9,1056,1041,2020-07-26 15:42:50,M,Free,15
80,2020-07-26,12,1071,1057,2020-07-26 18:29:57,M,Free,14
80,2020-07-26,14,1085,1072,2020-07-26 20:22:04,M,Free,13
80,2020-07-26,15,1090,1086,2020-07-26 21:29:58,M,Free,4
80,2020-07-26,16,1113,1091,2020-07-26 22:30:04,M,Free,22
80,2020-07-27,18,1122,1114,2020-07-27 00:48:50,M,Free,8
80,2020-07-27,19,1143,1123,2020-07-27 01:24:43,M,Free,20
80,2020-07-27,20,1152,1144,2020-07-27 02:00:17,M,Free,8
80,2020-07-27,23,1172,1153,2020-07-27 05:05:07,M,Free,19
80,2020-07-27,1,1189,1173,2020-07-27 07:11:02,M,Free,16
80,2020-07-27,3,1190,1190,2020-07-27 09:15:32,M,Free,0
80,2020-07-27,4,1197,1191,2020-07-27 10:45:57,M,Free,6
80,2020-07-27,6,1207,1198,2020-07-27 12:10:51,M,Free,9
80,2020-07-27,9,1,0,2020-07-27 15:42:54,M,FR1,1
80,2020-07-27,15,2,1,2020-07-27 21:25:00,M,FR1,1
80,2020-07-27,16,25,2,2020-07-27 22:13:24,M,FR1,23
80,2020-07-27,17,26,25,2020-07-27 23:03:10,M,FR1,1
80,2020-07-28,18,54,26,2020-07-28 00:00:23,M,FR1,28
80,2020-07-28,19,66,54,2020-07-28 01:36:00,M,FR1,12
80,2020-07-28,21,72,66,2020-07-28 03:07:00,M,FR1,6
80,2020-07-28,22,85,72,2020-07-28 04:01:19,M,FR1,13
80,2020-07-28,23,95,85,2020-07-28 05:45:30,M,FR1,10
80,2020-07-28,0,103,95,2020-07-28 06:03:13,M,FR1,8
80,2020-07-28,1,103,103,2020-07-28 07:30:45,M,FR1,0
80,2020-07-28,2,104,103,2020-07-28 08:58:27,M,FR1,1
80,2020-07-28,3,108,104,2020-07-28 09:00:33,M,FR1,4
80,2020-07-28,4,112,109,2020-07-28 10:00:02,M,FR1,3
80,2020-07-28,6,125,123,2020-07-28 12:37:06,M,FR1,2
80,2020-07-28,8,135,125,2020-07-28 14:23:55,M,FR1,10
80,2020-07-28,9,136,135,2020-07-28 15:15:19,M,FR1,1
81,2020-07-26,12,1194,1188,2020-07-26 18:26:30,M,Free,6
81,2020-07-26,13,1208,1195,2020-07-26 19:43:34,M,Free,13
81,2020-07-26,14,1220,1209,2020-07-26 20:36:12,M,Free,11
81,2020-07-26,15,1235,1221,2020-07-26 21:00:02,M,Free,14
81,2020-07-26,16,1253,1236,2020-07-26 22:07:14,M,Free,17
81,2020-07-26,17,1283,1254,2020-07-26 23:22:58,M,Free,29
81,2020-07-27,19,1303,1284,2020-07-27 01:12:45,M,Free,19
81,2020-07-27,21,1311,1304,2020-07-27 03:18:40,M,Free,7
81,2020-07-27,22,1322,1312,2020-07-27 04:04:27,M,Free,10
81,2020-07-27,23,1337,1323,2020-07-27 05:19:41,M,Free,14
81,2020-07-27,1,1344,1338,2020-07-27 07:30:36,M,Free,6
81,2020-07-27,3,1357,1345,2020-07-27 09:07:04,M,Free,12
81,2020-07-27,4,1364,1358,2020-07-27 10:37:14,M,Free,6
81,2020-07-27,5,1371,1365,2020-07-27 11:20:27,M,Free,6
81,2020-07-27,9,1397,1386,2020-07-27 15:16:18,M,Free,11
81,2020-07-27,12,5,3,2020-07-27 18:03:42,M,FR1,2
81,2020-07-27,13,27,5,2020-07-27 19:33:53,M,FR1,22
81,2020-07-27,14,48,27,2020-07-27 20:34:35,M,FR1,21
81,2020-07-27,15,70,48,2020-07-27 21:01:45,M,FR1,22
81,2020-07-27,16,89,70,2020-07-27 22:05:33,M,FR1,19
81,2020-07-27,17,104,89,2020-07-27 23:06:43,M,FR1,15
81,2020-07-28,18,122,104,2020-07-28 00:17:44,M,FR1,18
81,2020-07-28,19,128,122,2020-07-28 01:29:52,M,FR1,6
81,2020-07-28,20,146,128,2020-07-28 02:04:26,M,FR1,18
81,2020-07-28,21,155,146,2020-07-28 03:28:02,M,FR1,9
81,2020-07-28,22,158,155,2020-07-28 04:58:16,M,FR1,3
81,2020-07-28,0,161,158,2020-07-28 06:17:24,M,FR1,3
81,2020-07-28,1,176,161,2020-07-28 07:06:58,M,FR1,15
81,2020-07-28,2,183,176,2020-07-28 08:48:04,M,FR1,7
81,2020-07-28,3,189,183,2020-07-28 09:29:32,M,FR1,6
81,2020-07-28,4,192,189,2020-07-28 10:01:24,M,FR1,3
81,2020-07-28,5,195,192,2020-07-28 11:41:30,M,FR1,3
81,2020-07-28,6,204,195,2020-07-28 12:08:07,M,FR1,9
81,2020-07-28,7,206,204,2020-07-28 13:00:27,M,FR1,2
81,2020-07-28,8,208,206,2020-07-28 14:02:21,M,FR1,2
81,2020-07-28,9,216,208,2020-07-28 15:22:02,M,FR1,8
81,2020-07-28,11,224,216,2020-07-28 17:01:55,M,FR1,8
82,2020-07-26,5,1063,1057,2020-07-26 11:12:40,M,Free,6
82,2020-07-26,7,1074,1064,2020-07-26 13:12:44,M,Free,10
82,2020-07-26,9,1086,1075,2020-07-26 15:35:38,M,Free,11
82,2020-07-26,12,1095,1087,2020-07-26 18:39:39,M,Free,8
82,2020-07-26,13,1106,1096,2020-07-26 19:03:10,M,Free,10
82,2020-07-26,14,1136,1107,2020-07-26 20:00:57,M,Free,29
82,2020-07-26,15,1154,1137,2020-07-26 21:50:27,M,Free,17
82,2020-07-27,18,1173,1155,2020-07-27 00:27:02,M,Free,18
82,2020-07-27,19,1184,1174,2020-07-27 01:36:19,M,Free,10
82,2020-07-27,21,1197,1185,2020-07-27 03:37:43,M,Free,12
82,2020-07-27,23,1211,1198,2020-07-27 05:12:42,M,Free,13
82,2020-07-27,0,1229,1212,2020-07-27 06:48:37,M,Free,17
82,2020-07-27,3,1232,1230,2020-07-27 09:29:41,M,Free,2
82,2020-07-27,4,1239,1233,2020-07-27 10:49:53,M,Free,6
82,2020-07-27,9,2,0,2020-07-27 15:47:30,M,FR1,2
82,2020-07-27,11,2,2,2020-07-27 17:51:00,M,FR1,0
82,2020-07-27,12,3,2,2020-07-27 18:03:07,M,FR1,1
82,2020-07-27,13,27,3,2020-07-27 19:07:57,M,FR1,24
82,2020-07-27,14,49,27,2020-07-27 20:20:47,M,FR1,22
82,2020-07-27,15,60,49,2020-07-27 21:00:24,M,FR1,11
82,2020-07-27,16,82,60,2020-07-27 22:02:34,M,FR1,22
82,2020-07-28,19,92,82,2020-07-28 01:08:20,M,FR1,10
82,2020-07-28,22,98,92,2020-07-28 04:12:28,M,FR1,6
82,2020-07-28,23,109,98,2020-07-28 05:38:42,M,FR1,11
82,2020-07-28,0,123,109,2020-07-28 06:05:44,M,FR1,14
82,2020-07-28,2,124,123,2020-07-28 08:03:29,M,FR1,1
82,2020-07-28,4,132,124,2020-07-28 10:02:14,M,FR1,8
82,2020-07-28,5,136,132,2020-07-28 11:11:37,M,FR1,4
82,2020-07-28,7,149,148,2020-07-28 13:48:27,M,FR1,1
82,2020-07-28,9,154,149,2020-07-28 15:02:43,M,FR1,5
83,2020-07-26,8,1163,1163,2020-07-26 14:59:51,M,Free,0
83,2020-07-26,9,1171,1164,2020-07-26 15:12:21,M,Free,7
83,2020-07-26,10,1184,1172,2020-07-26 16:10:01,M,Free,12
83,2020-07-26,11,1193,1185,2020-07-26 17:31:40,M,Free,8
83,2020-07-26,12,1206,1194,2020-07-26 18:26:24,M,Free,12
83,2020-07-26,13,1229,1207,2020-07-26 19:05:43,M,Free,22
83,2020-07-26,14,1251,1230,2020-07-26 20:02:30,M,Free,21
83,2020-07-26,15,1270,1252,2020-07-26 21:09:22,M,Free,18
83,2020-07-26,16,1284,1271,2020-07-26 22:11:55,M,Free,13
83,2020-07-26,17,1303,1285,2020-07-26 23:07:55,M,Free,18
83,2020-07-27,18,1308,1304,2020-07-27 00:19:54,M,Free,4
83,2020-07-27,19,1313,1309,2020-07-27 01:22:02,M,Free,4
83,2020-07-27,20,1331,1314,2020-07-27 02:12:08,M,Free,17
83,2020-07-27,21,1338,1332,2020-07-27 03:45:38,M,Free,6
83,2020-07-27,22,1347,1339,2020-07-27 04:28:34,M,Free,8
83,2020-07-27,23,1358,1348,2020-07-27 05:10:54,M,Free,10
83,2020-07-27,0,1361,1359,2020-07-27 06:11:14,M,Free,2
83,2020-07-27,1,1371,1362,2020-07-27 07:12:11,M,Free,9
83,2020-07-27,2,1383,1372,2020-07-27 08:23:26,M,Free,11
83,2020-07-27,3,1387,1384,2020-07-27 09:10:39,M,Free,3
83,2020-07-27,4,1399,1388,2020-07-27 10:22:39,M,Free,11
83,2020-07-27,5,1407,1400,2020-07-27 11:06:39,M,Free,7
83,2020-07-27,7,1422,1421,2020-07-27 13:32:11,M,Free,1
83,2020-07-27,8,1433,1423,2020-07-27 14:52:45,M,Free,10
83,2020-07-27,9,1,0,2020-07-27 15:48:56,M,FR1,1
83,2020-07-27,10,2,1,2020-07-27 16:37:01,M,FR1,1
83,2020-07-27,12,2,2,2020-07-27 18:41:27,M,FR1,0
83,2020-07-27,15,2,2,2020-07-27 21:45:34,M,FR1,0
83,2020-07-27,16,2,2,2020-07-27 22:38:01,M,FR1,0
83,2020-07-27,17,17,2,2020-07-27 23:09:38,M,FR1,15
83,2020-07-28,18,46,17,2020-07-28 00:00:00,M,FR1,29
83,2020-07-28,19,60,46,2020-07-28 01:38:08,M,FR1,14
83,2020-07-28,20,73,60,2020-07-28 02:28:33,M,FR1,13
83,2020-07-28,21,84,73,2020-07-28 03:50:31,M,FR1,11
83,2020-07-28,22,100,84,2020-07-28 04:17:31,M,FR1,16
83,2020-07-28,23,114,100,2020-07-28 05:01:04,M,FR1,14
83,2020-07-28,0,117,114,2020-07-28 06:17:39,M,FR1,3
83,2020-07-28,2,122,117,2020-07-28 08:09:43,M,FR1,5
83,2020-07-28,4,125,122,2020-07-28 10:13:18,M,FR1,3
83,2020-07-28,6,143,138,2020-07-28 12:33:06,M,FR1,5
83,2020-07-28,8,144,143,2020-07-28 14:19:33,M,FR1,1
83,2020-07-28,9,147,144,2020-07-28 15:18:10,M,FR1,3
84,2020-07-26,8,1528,1519,2020-07-26 14:04:31,M,Free,9
84,2020-07-26,9,1536,1529,2020-07-26 15:42:43,M,Free,7
84,2020-07-26,11,1547,1537,2020-07-26 17:21:48,M,Free,10
84,2020-07-26,12,1574,1548,2020-07-26 18:28:03,M,Free,26
84,2020-07-26,13,1605,1575,2020-07-26 19:02:11,M,Free,30
84,2020-07-26,14,1632,1606,2020-07-26 20:07:19,M,Free,26
84,2020-07-26,15,1649,1633,2020-07-26 21:09:11,M,Free,16
84,2020-07-26,16,1667,1650,2020-07-26 22:08:10,M,Free,17
84,2020-07-26,17,1679,1668,2020-07-26 23:19:09,M,Free,11
84,2020-07-27,18,1686,1680,2020-07-27 00:46:48,M,Free,6
84,2020-07-27,19,1692,1687,2020-07-27 01:15:31,M,Free,5
84,2020-07-27,21,1714,1693,2020-07-27 03:03:09,M,Free,21
84,2020-07-27,22,1726,1715,2020-07-27 04:17:59,M,Free,11
84,2020-07-27,23,1754,1727,2020-07-27 05:20:55,M,Free,27
84,2020-07-27,1,1759,1755,2020-07-27 07:46:47,M,Free,4
84,2020-07-27,2,1765,1760,2020-07-27 08:01:58,M,Free,5
84,2020-07-27,3,1766,1766,2020-07-27 09:42:30,M,Free,0
84,2020-07-27,5,1774,1767,2020-07-27 11:12:43,M,Free,7
84,2020-07-27,7,1779,1775,2020-07-27 13:50:23,M,Free,4
84,2020-07-27,9,1,0,2020-07-27 15:50:13,M,FR1,1
84,2020-07-27,12,2,1,2020-07-27 18:34:19,M,FR1,1
84,2020-07-27,13,17,2,2020-07-27 19:11:58,M,FR1,15
84,2020-07-27,14,38,17,2020-07-27 20:17:59,M,FR1,21
84,2020-07-27,15,51,38,2020-07-27 21:00:07,M,FR1,13
84,2020-07-27,16,69,51,2020-07-27 22:03:14,M,FR1,18
84,2020-07-27,17,79,69,2020-07-27 23:00:53,M,FR1,10
84,2020-07-28,18,93,79,2020-07-28 00:25:20,M,FR1,14
84,2020-07-28,19,94,93,2020-07-28 01:00:04,M,FR1,1
84,2020-07-28,20,108,94,2020-07-28 02:21:51,M,FR1,14
84,2020-07-28,21,116,108,2020-07-28 03:21:49,M,FR1,8
84,2020-07-28,22,125,116,2020-07-28 04:49:48,M,FR1,9
84,2020-07-28,23,134,125,2020-07-28 05:00:12,M,FR1,9
84,2020-07-28,0,143,134,2020-07-28 06:06:58,M,FR1,9
84,2020-07-28,1,146,143,2020-07-28 07:34:43,M,FR1,3
84,2020-07-28,2,147,146,2020-07-28 08:09:27,M,FR1,1
84,2020-07-28,3,152,147,2020-07-28 09:20:59,M,FR1,5
84,2020-07-28,4,154,152,2020-07-28 10:15:54,M,FR1,2
84,2020-07-28,5,157,154,2020-07-28 11:23:36,M,FR1,3
84,2020-07-28,7,166,157,2020-07-28 13:00:23,M,FR1,9
84,2020-07-28,8,169,166,2020-07-28 14:57:53,M,FR1,3
84,2020-07-28,9,174,169,2020-07-28 15:18:28,M,FR1,5
85,2020-07-26,10,1195,1181,2020-07-26 16:41:01,M,Free,14
85,2020-07-26,11,1203,1196,2020-07-26 17:22:59,M,Free,7
85,2020-07-26,12,1221,1204,2020-07-26 18:45:51,M,Free,17
85,2020-07-26,13,1222,1222,2020-07-26 19:54:54,M,Free,0
85,2020-07-26,14,1244,1223,2020-07-26 20:13:27,M,Free,21
85,2020-07-26,15,1254,1245,2020-07-26 21:13:04,M,Free,9
85,2020-07-26,16,1272,1255,2020-07-26 22:01:10,M,Free,17
85,2020-07-26,17,1273,1273,2020-07-26 23:09:27,M,Free,0
85,2020-07-27,18,1290,1274,2020-07-27 00:01:34,M,Free,16
85,2020-07-27,19,1299,1291,2020-07-27 01:35:36,M,Free,8
85,2020-07-27,20,1302,1300,2020-07-27 02:16:00,M,Free,2
85,2020-07-27,22,1318,1303,2020-07-27 04:36:00,M,Free,15
85,2020-07-27,3,1325,1319,2020-07-27 09:40:15,M,Free,6
85,2020-07-27,5,1335,1326,2020-07-27 11:11:21,M,Free,9
85,2020-07-27,6,1346,1336,2020-07-27 12:00:31,M,Free,10
85,2020-07-27,8,1361,1347,2020-07-27 14:07:08,M,Free,14
85,2020-07-27,11,3,1,2020-07-27 17:40:38,M,FR1,2
85,2020-07-27,13,4,3,2020-07-27 19:19:48,M,FR1,1
85,2020-07-27,14,20,4,2020-07-27 20:32:54,M,FR1,16
85,2020-07-27,15,46,20,2020-07-27 21:21:09,M,FR1,26
85,2020-07-27,16,63,46,2020-07-27 22:02:51,M,FR1,17
85,2020-07-27,17,80,63,2020-07-27 23:27:11,M,FR1,17
85,2020-07-28,18,100,80,2020-07-28 00:14:36,M,FR1,20
85,2020-07-28,19,107,100,2020-07-28 01:32:05,M,FR1,7
85,2020-07-28,21,110,107,2020-07-28 03:40:12,M,FR1,3
85,2020-07-28,22,119,110,2020-07-28 04:00:41,M,FR1,9
85,2020-07-28,23,135,119,2020-07-28 05:17:30,M,FR1,16
85,2020-07-28,1,139,135,2020-07-28 07:09:27,M,FR1,4
85,2020-07-28,2,139,139,2020-07-28 08:07:51,M,FR1,0
85,2020-07-28,3,145,139,2020-07-28 09:34:29,M,FR1,6
85,2020-07-28,4,148,145,2020-07-28 10:18:16,M,FR1,3
85,2020-07-28,5,155,148,2020-07-28 11:52:32,M,FR1,7
85,2020-07-28,6,164,155,2020-07-28 12:54:03,M,FR1,9
85,2020-07-28,7,168,164,2020-07-28 13:08:22,M,FR1,4
85,2020-07-28,9,183,168,2020-07-28 15:00:40,M,FR1,15
86,2022-04-01,9,0,0,2022-04-01 15:29:30,F,Free,0
86,2022-04-01,10,0,0,2022-04-01 16:02:55,F,Free,0
86,2022-04-01,11,9,0,2022-04-01 17:09:20,F,Free,9
86,2022-04-01,12,21,9,2022-04-01 18:27:20,F,Free,12
86,2022-04-01,13,36,22,2022-04-01 19:01:19,F,Free,14
86,2022-04-01,14,56,37,2022-04-01 20:01:41,F,Free,19
86,2022-04-01,15,78,57,2022-04-01 21:04:57,F,Free,21
86,2022-04-01,16,96,78,2022-04-01 22:10:44,F,Free,18
86,2022-04-01,17,115,97,2022-04-01 23:00:03,F,Free,18
86,2022-04-02,18,138,116,2022-04-02 00:00:14,F,Free,22
86,2022-04-02,19,149,139,2022-04-02 01:03:32,F,Free,10
86,2022-04-02,20,162,149,2022-04-02 02:01:39,F,Free,13
86,2022-04-02,21,166,163,2022-04-02 03:03:26,F,Free,3
86,2022-04-02,22,179,167,2022-04-02 04:24:58,F,Free,12
86,2022-04-02,23,200,180,2022-04-02 05:00:40,F,Free,20
86,2022-04-02,0,211,201,2022-04-02 06:04:16,F,Free,10
86,2022-04-02,2,222,212,2022-04-02 08:36:34,F,Free,10
86,2022-04-02,3,228,223,2022-04-02 09:00:37,F,Free,5
86,2022-04-02,4,235,229,2022-04-02 10:56:04,F,Free,6
86,2022-04-02,5,244,236,2022-04-02 11:34:20,F,Free,8
86,2022-04-02,7,246,245,2022-04-02 13:02:22,F,Free,1
86,2022-04-04,7,6,0,2022-04-04 13:30:30,F,FR1,6
86,2022-04-04,8,7,6,2022-04-04 14:01:04,F,FR1,1
86,2022-04-04,9,11,7,2022-04-04 15:43:59,F,FR1,4
86,2022-04-04,10,17,11,2022-04-04 16:29:59,F,FR1,6
86,2022-04-04,11,24,17,2022-04-04 17:32:54,F,FR1,7
86,2022-04-04,12,27,24,2022-04-04 18:47:23,F,FR1,3
86,2022-04-04,13,36,27,2022-04-04 19:00:07,F,FR1,9
86,2022-04-04,14,44,37,2022-04-04 20:00:16,F,FR1,7
86,2022-04-04,15,59,44,2022-04-04 21:00:50,F,FR1,15
86,2022-04-04,16,67,59,2022-04-04 22:00:23,F,FR1,8
86,2022-04-04,17,74,67,2022-04-04 23:00:13,F,FR1,7
86,2022-04-05,18,82,74,2022-04-05 00:21:14,F,FR1,8
86,2022-04-05,19,85,82,2022-04-05 01:18:27,F,FR1,3
86,2022-04-05,20,91,85,2022-04-05 02:29:02,F,FR1,6
86,2022-04-05,21,96,91,2022-04-05 03:02:42,F,FR1,5
86,2022-04-05,22,101,96,2022-04-05 04:06:54,F,FR1,5
86,2022-04-05,23,108,101,2022-04-05 05:10:45,F,FR1,7
86,2022-04-05,0,116,108,2022-04-05 06:06:51,F,FR1,8
86,2022-04-05,1,118,116,2022-04-05 07:35:39,F,FR1,2
86,2022-04-05,2,124,118,2022-04-05 08:24:22,F,FR1,6
86,2022-04-05,3,129,124,2022-04-05 09:00:13,F,FR1,5
86,2022-04-05,4,135,129,2022-04-05 10:03:42,F,FR1,6
86,2022-04-05,5,136,135,2022-04-05 11:50:40,F,FR1,1
86,2022-04-05,6,142,136,2022-04-05 12:00:54,F,FR1,6
86,2022-04-05,7,145,142,2022-04-05 13:11:22,F,FR1,3
87,2022-04-01,9,1,0,2022-04-01 15:32:56,F,Free,1
87,2022-04-01,10,1,1,2022-04-01 16:04:48,F,Free,0
87,2022-04-01,11,9,2,2022-04-01 17:33:45,F,Free,7
87,2022-04-01,12,25,10,2022-04-01 18:03:00,F,Free,15
87,2022-04-01,13,50,26,2022-04-01 19:00:16,F,Free,24
87,2022-04-01,14,71,51,2022-04-01 20:01:12,F,Free,20
87,2022-04-01,15,103,72,2022-04-01 21:01:24,F,Free,31
87,2022-04-01,16,122,104,2022-04-01 22:00:39,F,Free,18
87,2022-04-01,17,150,123,2022-04-01 23:00:01,F,Free,27
87,2022-04-02,18,172,151,2022-04-02 00:01:02,F,Free,21
87,2022-04-02,19,190,173,2022-04-02 01:01:16,F,Free,17
87,2022-04-02,20,201,191,2022-04-02 02:02:17,F,Free,10
87,2022-04-02,21,228,202,2022-04-02 03:05:41,F,Free,26
87,2022-04-02,22,242,228,2022-04-02 04:12:14,F,Free,14
87,2022-04-02,23,248,243,2022-04-02 05:08:27,F,Free,5
87,2022-04-02,0,266,249,2022-04-02 06:07:50,F,Free,17
87,2022-04-02,1,277,267,2022-04-02 07:09:49,F,Free,10
87,2022-04-02,2,286,278,2022-04-02 08:07:38,F,Free,8
87,2022-04-02,3,296,287,2022-04-02 09:16:45,F,Free,9
87,2022-04-02,4,308,297,2022-04-02 10:00:31,F,Free,11
87,2022-04-02,5,314,309,2022-04-02 11:17:09,F,Free,5
87,2022-04-02,6,323,315,2022-04-02 12:15:02,F,Free,8
87,2022-04-04,7,2,0,2022-04-04 13:31:01,F,FR1,2
87,2022-04-04,8,8,2,2022-04-04 14:11:42,F,FR1,6
87,2022-04-04,9,17,8,2022-04-04 15:00:58,F,FR1,9
87,2022-04-04,10,22,17,2022-04-04 16:21:46,F,FR1,5
87,2022-04-04,11,33,22,2022-04-04 17:09:19,F,FR1,11
87,2022-04-04,12,43,33,2022-04-04 18:12:04,F,FR1,10
87,2022-04-04,13,54,43,2022-04-04 19:10:31,F,FR1,11
87,2022-04-04,14,70,54,2022-04-04 20:02:45,F,FR1,16
87,2022-04-04,15,84,70,2022-04-04 21:17:13,F,FR1,14
87,2022-04-04,16,99,84,2022-04-04 22:01:21,F,FR1,15
87,2022-04-04,17,111,99,2022-04-04 23:09:51,F,FR1,12
87,2022-04-05,18,112,112,2022-04-05 00:09:07,F,FR1,0
87,2022-04-05,19,124,112,2022-04-05 01:05:46,F,FR1,12
87,2022-04-05,20,130,124,2022-04-05 02:35:59,F,FR1,6
87,2022-04-05,21,142,130,2022-04-05 03:01:12,F,FR1,12
87,2022-04-05,22,148,142,2022-04-05 04:54:04,F,FR1,6
87,2022-04-05,23,155,148,2022-04-05 05:13:51,F,FR1,7
87,2022-04-05,0,158,155,2022-04-05 06:46:58,F,FR1,3
87,2022-04-05,1,168,158,2022-04-05 07:32:31,F,FR1,10
87,2022-04-05,2,171,168,2022-04-05 08:05:50,F,FR1,3
87,2022-04-05,3,173,171,2022-04-05 09:02:54,F,FR1,2
87,2022-04-05,4,174,173,2022-04-05 10:43:00,F,FR1,1
87,2022-04-05,5,178,174,2022-04-05 11:36:18,F,FR1,4
87,2022-04-05,6,178,178,2022-04-05 12:03:05,F,FR1,0
88,2022-04-01,9,0,0,2022-04-01 15:34:56,F,Free,0
88,2022-04-01,10,0,0,2022-04-01 16:09:56,F,Free,0
88,2022-04-01,11,0,0,2022-04-01 17:03:23,F,Free,0
88,2022-04-01,12,0,0,2022-04-01 18:49:10,F,Free,0
88,2022-04-01,13,0,0,2022-04-01 19:28:41,F,Free,0
88,2022-04-01,14,1,0,2022-04-01 20:02:24,F,Free,1
88,2022-04-01,15,30,1,2022-04-01 21:34:23,F,Free,29
88,2022-04-01,16,48,30,2022-04-01 22:15:48,F,Free,18
88,2022-04-01,17,83,49,2022-04-01 23:03:09,F,Free,34
88,2022-04-02,18,119,84,2022-04-02 00:12:36,F,Free,35
88,2022-04-02,19,135,120,2022-04-02 01:05:19,F,Free,15
88,2022-04-02,20,156,136,2022-04-02 02:13:07,F,Free,20
88,2022-04-02,21,174,157,2022-04-02 03:02:00,F,Free,17
88,2022-04-02,22,189,175,2022-04-02 04:17:20,F,Free,14
88,2022-04-02,23,207,189,2022-04-02 05:00:28,F,Free,18
88,2022-04-02,0,215,208,2022-04-02 06:16:47,F,Free,7
88,2022-04-02,1,234,216,2022-04-02 07:14:59,F,Free,18
88,2022-04-02,2,240,235,2022-04-02 08:50:22,F,Free,5
88,2022-04-02,3,249,241,2022-04-02 09:08:35,F,Free,8
88,2022-04-02,4,265,250,2022-04-02 10:10:03,F,Free,15
88,2022-04-02,5,272,266,2022-04-02 11:54:08,F,Free,6
88,2022-04-02,6,276,273,2022-04-02 12:40:39,F,Free,3
88,2022-04-02,7,277,277,2022-04-02 13:12:10,F,Free,0
88,2022-04-04,7,4,0,2022-04-04 13:35:56,F,FR1,4
88,2022-04-04,8,4,4,2022-04-04 14:09:47,F,FR1,0
88,2022-04-04,9,15,4,2022-04-04 15:11:20,F,FR1,11
88,2022-04-04,10,22,15,2022-04-04 16:20:01,F,FR1,7
88,2022-04-04,11,29,22,2022-04-04 17:20:27,F,FR1,7
88,2022-04-04,12,45,29,2022-04-04 18:01:45,F,FR1,16
88,2022-04-04,13,60,45,2022-04-04 19:02:04,F,FR1,15
88,2022-04-04,14,67,60,2022-04-04 20:06:33,F,FR1,7
88,2022-04-04,15,80,67,2022-04-04 21:00:34,F,FR1,13
88,2022-04-04,16,89,80,2022-04-04 22:34:04,F,FR1,9
88,2022-04-04,17,96,89,2022-04-04 23:01:53,F,FR1,7
88,2022-04-05,18,104,96,2022-04-05 00:03:04,F,FR1,8
88,2022-04-05,19,115,105,2022-04-05 01:00:12,F,FR1,10
88,2022-04-05,20,121,115,2022-04-05 02:04:23,F,FR1,6
88,2022-04-05,21,128,121,2022-04-05 03:42:05,F,FR1,7
88,2022-04-05,22,130,128,2022-04-05 04:55:33,F,FR1,2
88,2022-04-05,23,141,130,2022-04-05 05:04:16,F,FR1,11
88,2022-04-05,0,143,141,2022-04-05 06:00:36,F,FR1,2
88,2022-04-05,1,150,143,2022-04-05 07:49:43,F,FR1,7
88,2022-04-05,2,150,150,2022-04-05 08:50:10,F,FR1,0
88,2022-04-05,3,155,151,2022-04-05 09:05:54,F,FR1,4
88,2022-04-05,4,158,155,2022-04-05 10:31:38,F,FR1,3
88,2022-04-05,5,162,158,2022-04-05 11:33:07,F,FR1,4
88,2022-04-05,6,164,162,2022-04-05 12:20:22,F,FR1,2
88,2022-04-05,7,168,164,2022-04-05 13:34:23,F,FR1,4
89,2022-04-01,9,0,0,2022-04-01 15:36:29,F,Free,0
89,2022-04-01,10,0,0,2022-04-01 16:05:43,F,Free,0
89,2022-04-01,11,0,0,2022-04-01 17:04:04,F,Free,0
89,2022-04-01,12,1,0,2022-04-01 18:29:54,F,Free,1
89,2022-04-01,13,15,2,2022-04-01 19:19:25,F,Free,13
89,2022-04-01,14,39,16,2022-04-01 20:04:36,F,Free,23
89,2022-04-01,15,62,40,2022-04-01 21:05:10,F,Free,22
89,2022-04-01,16,91,63,2022-04-01 22:03:43,F,Free,28
89,2022-04-01,17,117,91,2022-04-01 23:04:32,F,Free,26
89,2022-04-02,18,136,117,2022-04-02 00:12:05,F,Free,19
89,2022-04-02,19,161,137,2022-04-02 01:00:10,F,Free,24
89,2022-04-02,20,172,161,2022-04-02 02:03:36,F,Free,11
89,2022-04-02,21,181,173,2022-04-02 03:00:46,F,Free,8
89,2022-04-02,22,196,182,2022-04-02 04:12:36,F,Free,14
89,2022-04-02,23,210,197,2022-04-02 05:28:47,F,Free,13
89,2022-04-02,0,226,211,2022-04-02 06:00:12,F,Free,15
89,2022-04-02,1,231,227,2022-04-02 07:45:44,F,Free,4
89,2022-04-02,2,240,232,2022-04-02 08:34:01,F,Free,8
89,2022-04-02,3,250,241,2022-04-02 09:36:01,F,Free,9
89,2022-04-02,4,257,251,2022-04-02 10:46:59,F,Free,6
89,2022-04-02,7,271,270,2022-04-02 13:06:02,F,Free,1
89,2022-04-04,7,1,0,2022-04-04 13:34:29,F,FR1,1
89,2022-04-04,8,1,1,2022-04-04 14:04:01,F,FR1,0
89,2022-04-04,9,4,1,2022-04-04 15:09:37,F,FR1,3
89,2022-04-04,10,10,4,2022-04-04 16:11:21,F,FR1,6
89,2022-04-04,11,13,10,2022-04-04 17:11:46,F,FR1,3
89,2022-04-04,12,15,13,2022-04-04 18:46:40,F,FR1,2
89,2022-04-04,13,30,15,2022-04-04 19:03:50,F,FR1,15
89,2022-04-04,14,44,30,2022-04-04 20:07:14,F,FR1,14
89,2022-04-04,15,61,44,2022-04-04 21:00:04,F,FR1,17
89,2022-04-04,16,72,62,2022-04-04 22:00:05,F,FR1,10
89,2022-04-04,17,89,72,2022-04-04 23:02:50,F,FR1,17
89,2022-04-05,18,92,89,2022-04-05 00:00:09,F,FR1,3
89,2022-04-05,20,97,92,2022-04-05 02:47:17,F,FR1,5
89,2022-04-05,21,110,97,2022-04-05 03:05:30,F,FR1,13
89,2022-04-05,22,124,110,2022-04-05 04:08:36,F,FR1,14
89,2022-04-05,0,131,124,2022-04-05 06:30:11,F,FR1,7
89,2022-04-05,2,141,131,2022-04-05 08:19:10,F,FR1,10
89,2022-04-05,3,145,141,2022-04-05 09:01:15,F,FR1,4
89,2022-04-05,4,149,145,2022-04-05 10:03:57,F,FR1,4
89,2022-04-05,5,154,149,2022-04-05 11:13:40,F,FR1,5
89,2022-04-05,6,157,154,2022-04-05 12:37:50,F,FR1,3
89,2022-04-05,7,157,157,2022-04-05 13:26:22,F,FR1,0
9,2022-02-07,6,744,738,2022-02-07 12:34:48,M,Free,6
9,2022-02-07,8,752,745,2022-02-07 14:29:10,M,Free,7
9,2022-02-07,12,757,753,2022-02-07 18:23:05,M,Free,4
9,2022-02-07,14,765,757,2022-02-07 20:09:34,M,Free,8
9,2022-02-07,15,790,766,2022-02-07 21:02:06,M,Free,24
9,2022-02-07,16,802,791,2022-02-07 22:16:54,M,Free,11
9,2022-02-07,17,820,802,2022-02-07 23:23:53,M,Free,18
9,2022-02-08,18,825,821,2022-02-08 00:10:52,M,Free,4
9,2022-02-08,19,838,826,2022-02-08 01:27:30,M,Free,12
9,2022-02-08,20,851,838,2022-02-08 02:00:26,M,Free,13
9,2022-02-08,21,870,851,2022-02-08 03:09:34,M,Free,19
9,2022-02-08,22,882,870,2022-02-08 04:47:15,M,Free,12
9,2022-02-08,23,889,882,2022-02-08 05:13:38,M,Free,7
9,2022-02-08,1,903,890,2022-02-08 07:39:14,M,Free,13
9,2022-02-08,2,920,903,2022-02-08 08:00:42,M,Free,17
9,2022-02-08,5,924,921,2022-02-08 11:07:22,M,Free,3
9,2022-02-08,6,924,924,2022-02-08 12:27:22,M,Free,0
9,2022-04-26,10,11,0,2022-04-26 16:09:20,M,FR1,11
9,2022-04-26,11,14,11,2022-04-26 17:02:39,M,FR1,3
9,2022-04-26,12,16,14,2022-04-26 18:14:05,M,FR1,2
9,2022-04-26,13,20,16,2022-04-26 19:20:20,M,FR1,4
9,2022-04-26,15,34,20,2022-04-26 21:03:25,M,FR1,14
9,2022-04-26,16,43,34,2022-04-26 22:22:02,M,FR1,9
9,2022-04-26,17,49,43,2022-04-26 23:14:36,M,FR1,6
9,2022-04-27,18,61,49,2022-04-27 00:06:05,M,FR1,12
9,2022-04-27,19,69,61,2022-04-27 01:00:13,M,FR1,8
9,2022-04-27,20,86,69,2022-04-27 02:02:01,M,FR1,17
9,2022-04-27,21,91,86,2022-04-27 03:05:16,M,FR1,5
9,2022-04-27,22,96,91,2022-04-27 04:21:43,M,FR1,5
9,2022-04-27,23,102,96,2022-04-27 05:13:51,M,FR1,6
9,2022-04-27,0,105,102,2022-04-27 06:20:41,M,FR1,3
9,2022-04-27,1,107,105,2022-04-27 07:46:37,M,FR1,2
9,2022-04-27,2,109,107,2022-04-27 08:20:03,M,FR1,2
9,2022-04-27,3,112,109,2022-04-27 09:03:12,M,FR1,3
9,2022-04-27,4,117,112,2022-04-27 10:55:19,M,FR1,5
9,2022-04-27,6,122,117,2022-04-27 12:01:17,M,FR1,5
9,2022-04-27,7,128,122,2022-04-27 13:18:25,M,FR1,6
9,2022-04-27,8,133,128,2022-04-27 14:20:27,M,FR1,5
9,2022-04-27,9,134,133,2022-04-27 15:15:18,M,FR1,1
9,2022-04-27,10,135,134,2022-04-27 16:06:40,M,FR1,1
90,2022-04-01,9,0,0,2022-04-01 15:53:37,M,Free,0
90,2022-04-01,10,0,0,2022-04-01 16:08:13,M,Free,0
90,2022-04-01,11,0,0,2022-04-01 17:00:07,M,Free,0
90,2022-04-01,12,0,0,2022-04-01 18:48:12,M,Free,0
90,2022-04-01,13,5,0,2022-04-01 19:34:50,M,Free,5
90,2022-04-01,14,38,6,2022-04-01 20:07:08,M,Free,32
90,2022-04-01,15,60,39,2022-04-01 21:02:36,M,Free,21
90,2022-04-01,16,80,61,2022-04-01 22:03:28,M,Free,19
90,2022-04-01,17,99,81,2022-04-01 23:02:46,M,Free,18
90,2022-04-02,18,111,99,2022-04-02 00:01:03,M,Free,12
90,2022-04-02,19,125,112,2022-04-02 01:04:11,M,Free,13
90,2022-04-02,20,136,126,2022-04-02 02:03:26,M,Free,10
90,2022-04-02,21,152,137,2022-04-02 03:03:44,M,Free,15
90,2022-04-02,22,170,153,2022-04-02 04:00:49,M,Free,17
90,2022-04-02,23,199,171,2022-04-02 05:00:43,M,Free,28
90,2022-04-02,0,211,199,2022-04-02 06:03:56,M,Free,12
90,2022-04-02,1,215,211,2022-04-02 07:04:29,M,Free,4
90,2022-04-02,2,232,216,2022-04-02 08:37:31,M,Free,16
90,2022-04-02,3,238,233,2022-04-02 09:00:02,M,Free,5
90,2022-04-02,4,245,239,2022-04-02 10:29:56,M,Free,6
90,2022-04-02,5,250,246,2022-04-02 11:03:14,M,Free,4
90,2022-04-02,6,256,251,2022-04-02 12:37:27,M,Free,5
90,2022-04-02,7,257,257,2022-04-02 13:21:25,M,Free,0
90,2022-04-04,7,1,0,2022-04-04 13:53:31,M,FR1,1
90,2022-04-04,8,11,1,2022-04-04 14:06:01,M,FR1,10
90,2022-04-04,9,18,11,2022-04-04 15:07:47,M,FR1,7
90,2022-04-04,10,23,18,2022-04-04 16:17:18,M,FR1,5
90,2022-04-04,11,36,24,2022-04-04 17:08:59,M,FR1,12
90,2022-04-04,12,48,36,2022-04-04 18:05:09,M,FR1,12
90,2022-04-04,13,58,48,2022-04-04 19:07:13,M,FR1,10
90,2022-04-04,14,75,58,2022-04-04 20:00:01,M,FR1,17
90,2022-04-04,15,90,75,2022-04-04 21:04:57,M,FR1,15
90,2022-04-04,16,97,90,2022-04-04 22:01:18,M,FR1,7
90,2022-04-04,17,106,98,2022-04-04 23:00:29,M,FR1,8
90,2022-04-05,18,117,106,2022-04-05 00:07:42,M,FR1,11
90,2022-04-05,19,119,117,2022-04-05 01:05:55,M,FR1,2
90,2022-04-05,20,130,119,2022-04-05 02:06:21,M,FR1,11
90,2022-04-05,21,142,130,2022-04-05 03:00:19,M,FR1,12
90,2022-04-05,22,149,142,2022-04-05 04:02:40,M,FR1,7
90,2022-04-05,23,158,149,2022-04-05 05:29:35,M,FR1,9
90,2022-04-05,1,162,158,2022-04-05 07:05:27,M,FR1,4
90,2022-04-05,2,167,162,2022-04-05 08:18:27,M,FR1,5
90,2022-04-05,3,171,167,2022-04-05 09:06:31,M,FR1,4
90,2022-04-05,4,177,171,2022-04-05 10:01:05,M,FR1,6
90,2022-04-05,5,181,177,2022-04-05 11:35:57,M,FR1,4
90,2022-04-05,7,188,181,2022-04-05 13:03:42,M,FR1,7
91,2022-04-01,9,0,0,2022-04-01 15:55:48,M,Free,0
91,2022-04-01,10,0,0,2022-04-01 16:10:29,M,Free,0
91,2022-04-01,11,0,0,2022-04-01 17:10:11,M,Free,0
91,2022-04-01,12,0,0,2022-04-01 18:14:05,M,Free,0
91,2022-04-01,13,0,0,2022-04-01 19:40:32,M,Free,0
91,2022-04-01,14,0,0,2022-04-01 20:30:52,M,Free,0
91,2022-04-01,15,14,0,2022-04-01 21:24:54,M,Free,14
91,2022-04-01,16,60,15,2022-04-01 22:03:07,M,Free,45
91,2022-04-01,17,78,61,2022-04-01 23:21:29,M,Free,17
91,2022-04-02,18,100,78,2022-04-02 00:07:21,M,Free,22
91,2022-04-02,19,120,101,2022-04-02 01:00:17,M,Free,19
91,2022-04-02,20,134,121,2022-04-02 02:06:54,M,Free,13
91,2022-04-02,21,140,134,2022-04-02 03:10:08,M,Free,6
91,2022-04-02,22,165,141,2022-04-02 04:18:24,M,Free,24
91,2022-04-02,23,189,166,2022-04-02 05:03:00,M,Free,23
91,2022-04-02,0,217,190,2022-04-02 06:01:03,M,Free,27
91,2022-04-02,1,226,218,2022-04-02 07:12:44,M,Free,8
91,2022-04-02,2,252,227,2022-04-02 08:15:39,M,Free,25
91,2022-04-02,3,260,253,2022-04-02 09:00:07,M,Free,7
91,2022-04-02,4,273,261,2022-04-02 10:12:39,M,Free,12
91,2022-04-02,5,282,274,2022-04-02 11:16:43,M,Free,8
91,2022-04-04,7,1,0,2022-04-04 13:47:12,M,FR1,1
91,2022-04-04,8,2,1,2022-04-04 14:01:34,M,FR1,1
91,2022-04-04,9,2,2,2022-04-04 15:37:37,M,FR1,0
91,2022-04-04,10,15,2,2022-04-04 16:00:07,M,FR1,13
91,2022-04-04,11,31,15,2022-04-04 17:02:38,M,FR1,16
91,2022-04-04,12,42,31,2022-04-04 18:03:11,M,FR1,11
91,2022-04-04,13,56,42,2022-04-04 19:01:10,M,FR1,14
91,2022-04-04,14,70,56,2022-04-04 20:13:46,M,FR1,14
91,2022-04-04,15,77,70,2022-04-04 21:00:34,M,FR1,7
91,2022-04-04,16,88,77,2022-04-04 22:04:39,M,FR1,11
91,2022-04-04,17,102,88,2022-04-04 23:00:06,M,FR1,14
91,2022-04-05,18,108,103,2022-04-05 00:01:44,M,FR1,5
91,2022-04-05,19,116,108,2022-04-05 01:39:16,M,FR1,8
91,2022-04-05,20,122,116,2022-04-05 02:01:14,M,FR1,6
91,2022-04-05,21,133,122,2022-04-05 03:03:47,M,FR1,11
91,2022-04-05,22,143,133,2022-04-05 04:10:57,M,FR1,10
91,2022-04-05,23,147,143,2022-04-05 05:00:09,M,FR1,4
91,2022-04-05,1,159,147,2022-04-05 07:32:38,M,FR1,12
91,2022-04-05,2,160,159,2022-04-05 08:53:40,M,FR1,1
91,2022-04-05,3,163,161,2022-04-05 09:00:04,M,FR1,2
91,2022-04-05,4,167,163,2022-04-05 10:16:17,M,FR1,4
91,2022-04-05,5,171,167,2022-04-05 11:05:38,M,FR1,4
91,2022-04-05,6,176,171,2022-04-05 12:01:01,M,FR1,5
91,2022-04-05,7,178,176,2022-04-05 13:44:05,M,FR1,2
92,2022-04-01,9,0,0,2022-04-01 15:57:05,M,Free,0
92,2022-04-01,10,2,0,2022-04-01 16:01:15,M,Free,2
92,2022-04-01,11,17,2,2022-04-01 17:01:46,M,Free,15
92,2022-04-01,12,35,18,2022-04-01 18:08:55,M,Free,17
92,2022-04-01,13,51,36,2022-04-01 19:05:27,M,Free,15
92,2022-04-01,14,64,52,2022-04-01 20:06:37,M,Free,12
92,2022-04-01,15,82,65,2022-04-01 21:05:52,M,Free,17
92,2022-04-01,16,95,82,2022-04-01 22:24:10,M,Free,13
92,2022-04-01,17,107,96,2022-04-01 23:13:51,M,Free,11
92,2022-04-02,18,125,108,2022-04-02 00:03:50,M,Free,17
92,2022-04-02,19,138,126,2022-04-02 01:00:56,M,Free,12
92,2022-04-02,20,144,138,2022-04-02 02:00:36,M,Free,6
92,2022-04-02,21,163,145,2022-04-02 03:04:12,M,Free,18
92,2022-04-02,22,185,164,2022-04-02 04:04:45,M,Free,21
92,2022-04-02,23,196,186,2022-04-02 05:00:44,M,Free,10
92,2022-04-02,0,201,196,2022-04-02 06:14:30,M,Free,5
92,2022-04-02,1,208,202,2022-04-02 07:05:04,M,Free,6
92,2022-04-02,2,218,209,2022-04-02 08:25:28,M,Free,9
92,2022-04-02,4,232,219,2022-04-02 10:12:13,M,Free,13
92,2022-04-02,5,236,233,2022-04-02 11:00:01,M,Free,3
92,2022-04-02,6,243,237,2022-04-02 12:14:41,M,Free,6
92,2022-04-02,7,243,243,2022-04-02 13:28:11,M,Free,0
92,2022-04-04,7,2,0,2022-04-04 13:47:18,M,FR1,2
92,2022-04-04,8,4,2,2022-04-04 14:52:41,M,FR1,2
92,2022-04-04,9,11,4,2022-04-04 15:13:34,M,FR1,7
92,2022-04-04,10,18,11,2022-04-04 16:22:08,M,FR1,7
92,2022-04-04,11,30,18,2022-04-04 17:21:39,M,FR1,12
92,2022-04-04,12,37,30,2022-04-04 18:12:10,M,FR1,7
92,2022-04-04,13,51,37,2022-04-04 19:01:53,M,FR1,14
92,2022-04-04,14,61,51,2022-04-04 20:03:11,M,FR1,10
92,2022-04-04,15,72,61,2022-04-04 21:01:19,M,FR1,11
92,2022-04-04,16,84,72,2022-04-04 22:03:31,M,FR1,12
92,2022-04-04,17,91,84,2022-04-04 23:07:57,M,FR1,7
92,2022-04-05,18,102,91,2022-04-05 00:14:09,M,FR1,11
92,2022-04-05,19,112,102,2022-04-05 01:04:32,M,FR1,10
92,2022-04-05,20,116,112,2022-04-05 02:41:07,M,FR1,4
92,2022-04-05,21,129,116,2022-04-05 03:00:20,M,FR1,13
92,2022-04-05,22,136,129,2022-04-05 04:02:01,M,FR1,7
92,2022-04-05,23,142,136,2022-04-05 05:25:14,M,FR1,6
92,2022-04-05,0,151,142,2022-04-05 06:36:31,M,FR1,9
92,2022-04-05,1,153,151,2022-04-05 07:54:37,M,FR1,2
92,2022-04-05,2,153,153,2022-04-05 08:07:13,M,FR1,0
92,2022-04-05,3,156,153,2022-04-05 09:00:25,M,FR1,3
92,2022-04-05,4,165,156,2022-04-05 10:30:13,M,FR1,9
92,2022-04-05,5,169,165,2022-04-05 11:40:41,M,FR1,4
92,2022-04-05,6,171,169,2022-04-05 12:15:37,M,FR1,2
93,2022-04-01,9,0,0,2022-04-01 15:46:50,M,Free,0
93,2022-04-01,10,0,0,2022-04-01 16:05:12,M,Free,0
93,2022-04-01,11,0,0,2022-04-01 17:02:33,M,Free,0
93,2022-04-01,12,0,0,2022-04-01 18:00:04,M,Free,0
93,2022-04-01,13,0,0,2022-04-01 19:02:33,M,Free,0
93,2022-04-01,14,11,0,2022-04-01 20:14:37,M,Free,11
93,2022-04-01,15,42,12,2022-04-01 21:01:11,M,Free,30
93,2022-04-01,16,83,43,2022-04-01 22:00:00,M,Free,40
93,2022-04-01,17,102,84,2022-04-01 23:05:15,M,Free,18
93,2022-04-02,18,143,103,2022-04-02 00:00:12,M,Free,40
93,2022-04-02,19,164,144,2022-04-02 01:02:57,M,Free,20
93,2022-04-02,20,186,165,2022-04-02 02:05:22,M,Free,21
93,2022-04-02,21,204,187,2022-04-02 03:07:07,M,Free,17
93,2022-04-02,22,220,205,2022-04-02 04:14:05,M,Free,15
93,2022-04-02,23,234,221,2022-04-02 05:02:52,M,Free,13
93,2022-04-02,0,254,235,2022-04-02 06:00:33,M,Free,19
93,2022-04-02,1,270,255,2022-04-02 07:03:26,M,Free,15
93,2022-04-02,2,281,271,2022-04-02 08:44:41,M,Free,10
93,2022-04-02,3,289,282,2022-04-02 09:45:39,M,Free,7
93,2022-04-02,4,303,290,2022-04-02 10:15:45,M,Free,13
93,2022-04-02,5,313,304,2022-04-02 11:36:53,M,Free,9
93,2022-04-02,6,318,313,2022-04-02 12:17:10,M,Free,5
93,2022-04-02,7,318,318,2022-04-02 13:16:06,M,Free,0
93,2022-04-04,8,8,0,2022-04-04 14:01:06,M,FR1,8
93,2022-04-04,9,21,8,2022-04-04 15:11:17,M,FR1,13
93,2022-04-04,10,21,21,2022-04-04 16:28:17,M,FR1,0
93,2022-04-04,11,36,21,2022-04-04 17:04:42,M,FR1,15
93,2022-04-04,12,51,36,2022-04-04 18:01:17,M,FR1,15
93,2022-04-04,13,76,51,2022-04-04 19:04:11,M,FR1,25
93,2022-04-04,14,98,76,2022-04-04 20:01:29,M,FR1,22
93,2022-04-04,15,101,98,2022-04-04 21:16:22,M,FR1,3
93,2022-04-04,16,110,101,2022-04-04 22:00:16,M,FR1,9
93,2022-04-04,17,128,110,2022-04-04 23:02:41,M,FR1,18
93,2022-04-05,18,133,128,2022-04-05 00:14:37,M,FR1,5
93,2022-04-05,19,145,133,2022-04-05 01:00:14,M,FR1,12
93,2022-04-05,20,157,145,2022-04-05 02:28:17,M,FR1,12
93,2022-04-05,21,169,157,2022-04-05 03:14:00,M,FR1,12
93,2022-04-05,22,176,169,2022-04-05 04:01:20,M,FR1,7
93,2022-04-05,23,188,176,2022-04-05 05:00:14,M,FR1,12
93,2022-04-05,1,192,188,2022-04-05 07:03:11,M,FR1,4
93,2022-04-05,2,198,192,2022-04-05 08:02:02,M,FR1,6
93,2022-04-05,3,199,198,2022-04-05 09:01:18,M,FR1,1
93,2022-04-05,4,204,199,2022-04-05 10:04:58,M,FR1,5
93,2022-04-05,5,204,204,2022-04-05 11:05:09,M,FR1,0
93,2022-04-05,6,208,204,2022-04-05 12:15:28,M,FR1,4
93,2022-04-05,7,215,209,2022-04-05 13:24:56,M,FR1,6
94,2022-05-09,2,1396,1386,2022-05-09 08:47:36,M,Free,10
94,2022-05-09,3,1397,1396,2022-05-09 09:47:03,M,Free,1
94,2022-05-09,5,1408,1398,2022-05-09 11:19:06,M,Free,10
94,2022-05-09,6,1411,1409,2022-05-09 12:18:33,M,Free,2
94,2022-05-09,7,1421,1412,2022-05-09 13:31:48,M,Free,9
94,2022-05-09,10,1427,1422,2022-05-09 16:20:34,M,Free,5
94,2022-05-09,11,1432,1428,2022-05-09 17:41:58,M,Free,4
94,2022-05-09,12,1439,1433,2022-05-09 18:48:44,M,Free,6
94,2022-05-09,13,1444,1440,2022-05-09 19:42:33,M,Free,4
94,2022-05-09,14,1457,1444,2022-05-09 20:05:19,M,Free,13
94,2022-05-09,15,1474,1458,2022-05-09 21:09:25,M,Free,16
94,2022-05-09,16,1492,1475,2022-05-09 22:12:29,M,Free,17
94,2022-05-09,17,1522,1493,2022-05-09 23:04:42,M,Free,29
94,2022-05-10,18,1541,1523,2022-05-10 00:16:39,M,Free,18
94,2022-05-10,19,1548,1542,2022-05-10 01:01:01,M,Free,6
94,2022-05-10,20,1561,1549,2022-05-10 02:22:50,M,Free,12
94,2022-05-10,21,1568,1561,2022-05-10 03:01:22,M,Free,7
94,2022-05-10,22,1575,1569,2022-05-10 04:35:41,M,Free,6
94,2022-05-10,23,1583,1576,2022-05-10 05:45:16,M,Free,7
94,2022-05-10,0,1596,1584,2022-05-10 06:26:15,M,Free,12
94,2022-05-10,1,1597,1597,2022-05-10 07:10:37,M,Free,0
94,2022-05-10,2,1606,1598,2022-05-10 08:44:06,M,Free,8
94,2022-05-10,3,2,0,2022-05-10 09:07:29,M,FR1,2
94,2022-05-10,4,5,2,2022-05-10 10:52:20,M,FR1,3
94,2022-05-10,5,7,5,2022-05-10 11:19:26,M,FR1,2
94,2022-05-10,6,7,7,2022-05-10 12:38:27,M,FR1,0
94,2022-05-10,13,8,7,2022-05-10 19:30:34,M,FR1,1
94,2022-05-10,14,29,8,2022-05-10 20:00:04,M,FR1,21
94,2022-05-10,15,50,29,2022-05-10 21:19:39,M,FR1,21
94,2022-05-10,16,58,50,2022-05-10 22:12:00,M,FR1,8
94,2022-05-10,17,84,58,2022-05-10 23:08:54,M,FR1,26
94,2022-05-11,18,95,85,2022-05-11 00:00:02,M,FR1,10
94,2022-05-11,19,117,95,2022-05-11 01:00:04,M,FR1,22
94,2022-05-11,20,118,117,2022-05-11 02:00:17,M,FR1,1
94,2022-05-11,21,128,118,2022-05-11 03:12:02,M,FR1,10
94,2022-05-11,22,135,128,2022-05-11 04:00:16,M,FR1,7
94,2022-05-11,23,143,135,2022-05-11 05:22:20,M,FR1,8
94,2022-05-11,0,149,143,2022-05-11 06:17:50,M,FR1,6
94,2022-05-11,2,159,149,2022-05-11 08:34:48,M,FR1,10
95,2022-05-09,2,1135,1122,2022-05-09 08:45:06,M,Free,13
95,2022-05-09,3,1139,1135,2022-05-09 09:49:02,M,Free,4
95,2022-05-09,4,1139,1139,2022-05-09 10:02:45,M,Free,0
95,2022-05-09,5,1150,1140,2022-05-09 11:07:27,M,Free,10
95,2022-05-09,6,1157,1151,2022-05-09 12:04:51,M,Free,6
95,2022-05-09,7,1163,1158,2022-05-09 13:03:13,M,Free,5
95,2022-05-09,8,1165,1164,2022-05-09 14:05:11,M,Free,1
95,2022-05-09,10,1172,1166,2022-05-09 16:08:53,M,Free,6
95,2022-05-09,12,1177,1173,2022-05-09 18:05:51,M,Free,4
95,2022-05-09,13,1181,1178,2022-05-09 19:29:25,M,Free,3
95,2022-05-09,14,1200,1182,2022-05-09 20:02:49,M,Free,18
95,2022-05-09,15,1211,1201,2022-05-09 21:07:42,M,Free,10
95,2022-05-09,16,1232,1212,2022-05-09 22:00:44,M,Free,20
95,2022-05-09,17,1244,1233,2022-05-09 23:10:25,M,Free,11
95,2022-05-10,18,1255,1244,2022-05-10 00:41:18,M,Free,11
95,2022-05-10,19,1268,1256,2022-05-10 01:04:22,M,Free,12
95,2022-05-10,20,1276,1269,2022-05-10 02:01:20,M,Free,7
95,2022-05-10,21,1286,1277,2022-05-10 03:46:11,M,Free,9
95,2022-05-10,23,1295,1287,2022-05-10 05:13:12,M,Free,8
95,2022-05-10,0,1301,1296,2022-05-10 06:10:45,M,Free,5
95,2022-05-10,1,1317,1301,2022-05-10 07:05:52,M,Free,16
95,2022-05-10,3,4,0,2022-05-10 09:12:04,M,FR1,4
95,2022-05-10,4,8,4,2022-05-10 10:46:28,M,FR1,4
95,2022-05-10,6,18,8,2022-05-10 12:13:14,M,FR1,10
95,2022-05-10,8,23,18,2022-05-10 14:13:20,M,FR1,5
95,2022-05-10,9,25,23,2022-05-10 15:52:19,M,FR1,2
95,2022-05-10,13,37,25,2022-05-10 19:10:46,M,FR1,12
95,2022-05-10,14,58,37,2022-05-10 20:08:45,M,FR1,21
95,2022-05-10,15,80,58,2022-05-10 21:13:27,M,FR1,22
95,2022-05-10,16,93,80,2022-05-10 22:33:12,M,FR1,13
95,2022-05-10,17,103,93,2022-05-10 23:01:17,M,FR1,10
95,2022-05-11,18,121,103,2022-05-11 00:00:02,M,FR1,18
95,2022-05-11,19,126,121,2022-05-11 01:01:08,M,FR1,5
95,2022-05-11,20,136,126,2022-05-11 02:06:43,M,FR1,10
95,2022-05-11,21,148,136,2022-05-11 03:29:25,M,FR1,12
95,2022-05-11,23,157,149,2022-05-11 05:18:52,M,FR1,8
95,2022-05-11,0,177,157,2022-05-11 06:10:09,M,FR1,20
95,2022-05-11,1,187,177,2022-05-11 07:02:13,M,FR1,10
95,2022-05-11,3,192,187,2022-05-11 09:08:21,M,FR1,5
96,2022-05-09,3,1778,1771,2022-05-09 09:03:06,M,Free,7
96,2022-05-09,4,1781,1779,2022-05-09 10:13:48,M,Free,2
96,2022-05-09,5,1792,1782,2022-05-09 11:14:53,M,Free,10
96,2022-05-09,6,1797,1793,2022-05-09 12:04:31,M,Free,4
96,2022-05-09,8,1804,1798,2022-05-09 14:09:00,M,Free,6
96,2022-05-09,10,1808,1805,2022-05-09 16:45:10,M,Free,3
96,2022-05-09,11,1812,1809,2022-05-09 17:36:41,M,Free,3
96,2022-05-09,12,1818,1813,2022-05-09 18:42:58,M,Free,5
96,2022-05-09,13,1829,1819,2022-05-09 19:21:13,M,Free,10
96,2022-05-09,14,1847,1830,2022-05-09 20:14:47,M,Free,17
96,2022-05-09,15,1867,1848,2022-05-09 21:04:50,M,Free,19
96,2022-05-09,16,1886,1868,2022-05-09 22:01:39,M,Free,18
96,2022-05-09,17,1903,1887,2022-05-09 23:10:41,M,Free,16
96,2022-05-10,18,1921,1904,2022-05-10 00:07:00,M,Free,17
96,2022-05-10,19,1934,1922,2022-05-10 01:09:18,M,Free,12
96,2022-05-10,20,1952,1935,2022-05-10 02:01:59,M,Free,17
96,2022-05-10,21,1958,1953,2022-05-10 03:42:04,M,Free,5
96,2022-05-10,22,1966,1959,2022-05-10 04:33:43,M,Free,7
96,2022-05-10,0,1971,1966,2022-05-10 06:53:46,M,Free,5
96,2022-05-10,2,1986,1972,2022-05-10 08:00:23,M,Free,14
96,2022-05-10,3,2,0,2022-05-10 09:34:00,M,FR1,2
96,2022-05-10,5,7,2,2022-05-10 11:03:47,M,FR1,5
96,2022-05-10,8,9,7,2022-05-10 14:06:29,M,FR1,2
96,2022-05-10,13,14,9,2022-05-10 19:08:13,M,FR1,5
96,2022-05-10,14,25,14,2022-05-10 20:05:45,M,FR1,11
96,2022-05-10,15,42,25,2022-05-10 21:04:31,M,FR1,17
96,2022-05-10,16,53,42,2022-05-10 22:23:06,M,FR1,11
96,2022-05-10,17,64,53,2022-05-10 23:40:01,M,FR1,11
96,2022-05-11,18,78,64,2022-05-11 00:04:00,M,FR1,14
96,2022-05-11,19,89,78,2022-05-11 01:01:24,M,FR1,11
96,2022-05-11,20,96,89,2022-05-11 02:36:56,M,FR1,7
96,2022-05-11,21,107,96,2022-05-11 03:00:46,M,FR1,11
96,2022-05-11,22,120,107,2022-05-11 04:08:15,M,FR1,13
96,2022-05-11,23,122,120,2022-05-11 05:53:44,M,FR1,2
96,2022-05-11,0,125,122,2022-05-11 06:47:37,M,FR1,3
96,2022-05-11,1,135,125,2022-05-11 07:04:38,M,FR1,10
96,2022-05-11,3,148,135,2022-05-11 09:06:45,M,FR1,13
97,2022-05-09,3,1510,1505,2022-05-09 09:30:26,M,Free,5
97,2022-05-09,4,1517,1511,2022-05-09 10:14:17,M,Free,6
97,2022-05-09,6,1524,1518,2022-05-09 12:09:38,M,Free,6
97,2022-05-09,9,1531,1525,2022-05-09 15:16:22,M,Free,6
97,2022-05-09,11,1537,1532,2022-05-09 17:07:17,M,Free,5
97,2022-05-09,12,1544,1538,2022-05-09 18:36:10,M,Free,6
97,2022-05-09,13,1554,1545,2022-05-09 19:20:13,M,Free,9
97,2022-05-09,14,1572,1555,2022-05-09 20:09:01,M,Free,17
97,2022-05-09,15,1593,1573,2022-05-09 21:10:32,M,Free,20
97,2022-05-09,16,1625,1594,2022-05-09 22:02:28,M,Free,31
97,2022-05-09,17,1645,1625,2022-05-09 23:09:27,M,Free,20
97,2022-05-10,19,1666,1646,2022-05-10 01:05:49,M,Free,20
97,2022-05-10,21,1677,1667,2022-05-10 03:16:51,M,Free,10
97,2022-05-10,22,1686,1678,2022-05-10 04:14:54,M,Free,8
97,2022-05-10,23,1698,1687,2022-05-10 05:03:05,M,Free,11
97,2022-05-10,0,1703,1698,2022-05-10 06:46:49,M,Free,5
97,2022-05-10,1,1709,1704,2022-05-10 07:06:21,M,Free,5
97,2022-05-10,5,0,0,2022-05-10 11:40:32,M,FR1,0
97,2022-05-10,7,1,1,2022-05-10 13:16:17,M,FR1,0
97,2022-05-10,12,2,1,2022-05-10 18:37:46,M,FR1,1
97,2022-05-10,13,7,2,2022-05-10 19:12:19,M,FR1,5
97,2022-05-10,14,24,7,2022-05-10 20:00:41,M,FR1,17
97,2022-05-10,15,42,24,2022-05-10 21:05:58,M,FR1,18
97,2022-05-10,16,61,42,2022-05-10 22:08:16,M,FR1,19
97,2022-05-10,17,77,61,2022-05-10 23:02:36,M,FR1,16
97,2022-05-11,19,103,77,2022-05-11 01:01:43,M,FR1,26
97,2022-05-11,21,114,103,2022-05-11 03:02:19,M,FR1,11
97,2022-05-11,23,123,114,2022-05-11 05:11:52,M,FR1,9
97,2022-05-11,0,134,123,2022-05-11 06:38:20,M,FR1,11
97,2022-05-11,1,141,134,2022-05-11 07:05:17,M,FR1,7
97,2022-05-11,3,142,141,2022-05-11 09:25:02,M,FR1,1
98,2022-05-09,3,1555,1547,2022-05-09 09:39:22,M,Free,8
98,2022-05-09,4,1557,1556,2022-05-09 10:28:03,M,Free,1
98,2022-05-09,5,1563,1558,2022-05-09 11:56:49,M,Free,5
98,2022-05-09,7,1564,1564,2022-05-09 13:45:26,M,Free,0
98,2022-05-09,9,1569,1565,2022-05-09 15:49:50,M,Free,4
98,2022-05-09,11,1573,1570,2022-05-09 17:28:23,M,Free,3
98,2022-05-09,12,1584,1574,2022-05-09 18:15:02,M,Free,10
98,2022-05-09,13,1591,1585,2022-05-09 19:30:30,M,Free,6
98,2022-05-09,14,1607,1592,2022-05-09 20:04:20,M,Free,15
98,2022-05-09,15,1634,1608,2022-05-09 21:00:05,M,Free,26
98,2022-05-09,16,1657,1635,2022-05-09 22:03:18,M,Free,22
98,2022-05-09,17,1664,1658,2022-05-09 23:15:25,M,Free,6
98,2022-05-10,18,1684,1665,2022-05-10 00:15:18,M,Free,19
98,2022-05-10,19,1702,1685,2022-05-10 01:03:42,M,Free,17
98,2022-05-10,20,1709,1703,2022-05-10 02:00:46,M,Free,6
98,2022-05-10,21,1722,1710,2022-05-10 03:34:50,M,Free,12
98,2022-05-10,22,1730,1723,2022-05-10 04:00:13,M,Free,7
98,2022-05-10,23,1739,1731,2022-05-10 05:03:51,M,Free,8
98,2022-05-10,0,1743,1740,2022-05-10 06:26:05,M,Free,3
98,2022-05-10,1,1757,1744,2022-05-10 07:13:48,M,Free,13
98,2022-05-10,3,1768,1758,2022-05-10 09:04:25,M,Free,10
98,2022-05-10,4,1,0,2022-05-10 10:54:01,M,FR1,1
98,2022-05-10,5,2,1,2022-05-10 11:01:49,M,FR1,1
98,2022-05-10,6,4,2,2022-05-10 12:19:05,M,FR1,2
98,2022-05-10,12,9,4,2022-05-10 18:32:19,M,FR1,5
98,2022-05-10,13,14,9,2022-05-10 19:27:53,M,FR1,5
98,2022-05-10,14,17,14,2022-05-10 20:25:50,M,FR1,3
98,2022-05-10,15,32,17,2022-05-10 21:05:09,M,FR1,15
98,2022-05-10,16,45,32,2022-05-10 22:52:17,M,FR1,13
98,2022-05-10,17,56,45,2022-05-10 23:01:48,M,FR1,11
98,2022-05-11,18,75,56,2022-05-11 00:28:59,M,FR1,19
98,2022-05-11,19,76,75,2022-05-11 01:00:28,M,FR1,1
98,2022-05-11,20,102,76,2022-05-11 02:02:43,M,FR1,26
98,2022-05-11,22,117,102,2022-05-11 04:29:30,M,FR1,15
98,2022-05-11,23,124,117,2022-05-11 05:10:23,M,FR1,7
98,2022-05-11,0,132,124,2022-05-11 06:31:34,M,FR1,8
98,2022-05-11,1,145,132,2022-05-11 07:02:59,M,FR1,13
98,2022-05-11,3,153,145,2022-05-11 09:35:46,M,FR1,8
99,2022-05-09,3,1212,1208,2022-05-09 09:35:27,M,Free,4
99,2022-05-09,4,1217,1213,2022-05-09 10:24:48,M,Free,4
99,2022-05-09,6,1219,1218,2022-05-09 12:30:37,M,Free,1
99,2022-05-09,7,1220,1220,2022-05-09 13:45:39,M,Free,0
99,2022-05-09,8,1225,1221,2022-05-09 14:16:18,M,Free,4
99,2022-05-09,9,1227,1226,2022-05-09 15:26:52,M,Free,1
99,2022-05-09,11,1234,1228,2022-05-09 17:11:39,M,Free,6
99,2022-05-09,12,1239,1235,2022-05-09 18:42:10,M,Free,4
99,2022-05-09,13,1241,1240,2022-05-09 19:44:27,M,Free,1
99,2022-05-09,14,1262,1242,2022-05-09 20:04:00,M,Free,20
99,2022-05-09,15,1272,1263,2022-05-09 21:06:54,M,Free,9
99,2022-05-09,16,1291,1273,2022-05-09 22:04:38,M,Free,18
99,2022-05-09,17,1313,1292,2022-05-09 23:07:50,M,Free,21
99,2022-05-10,18,1327,1314,2022-05-10 00:38:34,M,Free,13
99,2022-05-10,19,1334,1328,2022-05-10 01:08:05,M,Free,6
99,2022-05-10,20,1351,1335,2022-05-10 02:10:38,M,Free,16
99,2022-05-10,22,1362,1352,2022-05-10 04:39:39,M,Free,10
99,2022-05-10,23,1370,1363,2022-05-10 05:49:43,M,Free,7
99,2022-05-10,0,1384,1371,2022-05-10 06:03:43,M,Free,13
99,2022-05-10,1,1391,1385,2022-05-10 07:42:35,M,Free,6
99,2022-05-10,2,1399,1392,2022-05-10 08:04:19,M,Free,7
99,2022-05-10,3,1403,1399,2022-05-10 09:16:17,M,Free,4
99,2022-05-10,4,1,0,2022-05-10 10:09:38,M,FR1,1
99,2022-05-10,5,4,1,2022-05-10 11:38:40,M,FR1,3
99,2022-05-10,7,5,4,2022-05-10 13:30:44,M,FR1,1
99,2022-05-10,9,5,5,2022-05-10 15:42:05,M,FR1,0
99,2022-05-10,11,6,5,2022-05-10 17:50:26,M,FR1,1
99,2022-05-10,12,9,6,2022-05-10 18:47:30,M,FR1,3
99,2022-05-10,13,14,9,2022-05-10 19:40:58,M,FR1,5
99,2022-05-10,14,33,14,2022-05-10 20:02:50,M,FR1,19
99,2022-05-10,15,42,33,2022-05-10 21:31:18,M,FR1,9
99,2022-05-10,16,54,42,2022-05-10 22:02:06,M,FR1,12
99,2022-05-10,17,59,54,2022-05-10 23:02:59,M,FR1,5
99,2022-05-11,18,75,59,2022-05-11 00:07:48,M,FR1,16
99,2022-05-11,19,89,75,2022-05-11 01:26:39,M,FR1,14
99,2022-05-11,20,95,89,2022-05-11 02:05:09,M,FR1,6
99,2022-05-11,21,107,95,2022-05-11 03:03:23,M,FR1,12
99,2022-05-11,22,110,107,2022-05-11 04:19:31,M,FR1,3
99,2022-05-11,23,117,110,2022-05-11 05:19:03,M,FR1,7
99,2022-05-11,0,128,117,2022-05-11 06:14:18,M,FR1,11
99,2022-05-11,1,133,128,2022-05-11 07:03:09,M,FR1,5
99,2022-05-11,2,138,133,2022-05-11 08:24:21,M,FR1,5
99,2022-05-11,3,145,138,2022-05-11 09:23:33,M,FR1,7
