Timestamp,Temperature,ElapsedSecs,BatteryVoltage,DeviceNumber,LeftCount,LeftDur,RightCount,RightDur,LeftFeedCount,LeftFeedDur,FeedParadigm
12/7/2024 14:23:51,22.00,27.02,3.93,1,0,0,0,0,0,0,Free
12/7/2024 14:24:48,22.00,31.58,3.93,1,0,0,0,0,1,1352,Free
12/7/2024 14:24:59,22.00,32.80,3.93,1,0,0,0,0,2,308,Free
12/7/2024 14:25:05,22.00,36.17,3.93,1,0,0,0,0,3,2749,Free
12/7/2024 14:25:06,22.00,36.80,3.93,1,0,0,0,0,4,0,Free
12/7/2024 14:25:08,22.00,37.84,3.92,1,0,0,0,0,5,411,Free
12/7/2024 14:25:15,22.00,39.01,3.93,1,0,0,0,0,6,255,Free
12/7/2024 14:26:03,22.00,42.27,3.93,1,0,0,0,0,7,643,Free
12/7/2024 14:26:03,22.00,42.90,3.93,1,0,0,0,0,8,0,Free
12/7/2024 14:26:05,22.00,44.36,3.93,1,0,0,0,0,9,834,Free
12/7/2024 14:26:10,22.00,45.06,3.93,1,0,0,0,0,10,74,Free
12/7/2024 14:26:11,22.00,45.87,3.93,1,0,0,0,0,11,178,Free
12/7/2024 14:26:16,22.00,46.50,3.93,1,0,0,0,0,12,0,Free
12/7/2024 14:26:21,22.00,47.32,3.93,1,0,0,0,0,13,203,Free
12/7/2024 14:26:22,22.00,47.95,3.93,1,0,0,0,0,14,0,Free
12/7/2024 14:26:22,22.00,48.58,3.93,1,0,0,0,0,15,0,Free
12/7/2024 14:26:24,22.00,49.21,3.93,1,0,0,0,0,16,0,Free
12/7/2024 14:26:28,22.00,50.26,3.93,1,0,0,0,0,17,427,Free
12/7/2024 14:26:29,22.00,50.89,3.92,1,0,0,0,0,18,0,Free
12/7/2024 14:26:33,22.00,51.52,3.93,1,0,0,0,0,19,0,Free
12/7/2024 14:26:36,22.00,52.14,3.93,1,0,0,0,0,20,0,Free
12/7/2024 14:26:37,22.00,52.81,3.93,1,0,0,0,0,21,39,Free
12/7/2024 14:27:20,22.00,64.85,3.93,1,0,0,0,0,22,9988,Free
12/7/2024 14:27:56,22.00,66.90,3.93,1,0,0,0,0,23,0,Free
12/7/2024 14:28:04,22.00,74.70,3.93,1,0,0,0,0,24,7172,Free
12/7/2024 14:28:15,22.00,75.61,3.93,1,0,0,0,0,25,0,Free
12/7/2024 14:28:16,22.00,76.76,3.93,1,0,0,0,0,26,514,Free
12/7/2024 14:28:25,22.00,77.67,3.93,1,0,0,0,0,27,0,Free
12/7/2024 14:28:28,22.00,80.45,3.93,1,0,0,0,0,28,2159,Free
12/7/2024 14:28:30,22.00,81.89,3.93,1,0,0,0,0,29,809,Free
12/7/2024 14:29:33,22.00,85.37,3.93,1,0,0,0,0,30,0,Free
12/7/2024 14:29:46,21.75,86.63,3.93,1,0,0,0,0,31,56,Free
12/7/2024 14:29:49,21.75,89.80,3.93,1,0,0,0,0,32,2544,Free
12/7/2024 14:29:54,21.75,90.43,3.93,1,0,0,0,0,33,0,Free
12/7/2024 14:29:59,21.75,94.61,3.92,1,0,0,0,0,34,3554,Free
12/7/2024 14:32:03,21.75,100.94,3.93,1,0,0,0,0,35,1,Free
12/7/2024 14:32:04,21.75,101.61,3.93,1,0,0,0,0,36,48,Free
12/7/2024 14:32:05,21.75,102.41,3.93,1,0,0,0,0,37,169,Free
12/7/2024 14:32:07,21.75,103.03,3.93,1,0,0,0,0,38,0,Free
12/7/2024 14:32:08,21.75,103.66,3.93,1,0,0,0,0,39,0,Free
12/7/2024 14:32:11,21.75,104.53,3.93,1,0,0,0,0,40,247,Free
12/7/2024 14:32:14,21.75,105.16,3.93,1,0,0,0,0,41,0,Free
12/7/2024 14:32:17,21.75,107.32,3.93,1,0,0,0,0,42,1526,Free
12/7/2024 14:32:19,21.75,107.95,3.93,1,0,0,0,0,43,0,Free
12/7/2024 14:32:20,21.75,108.58,3.93,1,0,0,0,0,44,0,Free
12/7/2024 14:32:21,21.75,109.26,3.93,1,0,0,0,0,45,57,Free
12/7/2024 14:34:15,21.75,116.98,3.93,1,0,0,0,0,46,1963,Free
12/7/2024 14:34:26,21.75,117.89,3.93,1,0,0,0,0,47,0,Free
12/7/2024 14:35:22,21.75,121.12,3.93,1,0,0,0,0,48,39,Free
12/7/2024 14:36:04,21.75,123.46,3.93,1,0,0,0,0,49,0,Free
12/7/2024 14:36:07,21.75,125.13,3.93,1,0,0,0,0,50,1041,Free
12/7/2024 14:36:10,21.75,126.25,3.93,1,0,0,0,0,51,488,Free
12/7/2024 14:36:13,21.75,128.32,3.93,1,0,0,0,0,52,1448,Free
12/7/2024 14:36:17,21.75,128.95,3.93,1,0,0,0,0,53,0,Free
12/7/2024 14:36:19,21.75,130.14,3.93,1,0,0,0,0,54,566,Free
12/7/2024 14:36:22,21.75,130.77,3.93,1,0,0,0,0,55,0,Free
12/7/2024 14:36:25,21.75,131.42,3.93,1,0,0,0,0,56,22,Free
12/7/2024 14:36:39,21.75,133.90,3.93,1,0,0,0,0,57,1284,Free
12/7/2024 14:36:41,21.75,134.78,3.93,1,0,0,0,0,58,246,Free
12/7/2024 14:36:46,21.75,136.22,3.93,1,0,0,0,0,59,816,Free
12/7/2024 14:36:49,21.75,136.85,3.93,1,0,0,0,0,60,0,Free
12/7/2024 14:37:12,21.75,138.33,3.93,1,0,0,0,0,61,0,Free
12/7/2024 14:37:31,21.50,139.81,3.93,1,0,0,0,0,62,0,Free
12/7/2024 14:38:06,21.50,141.86,3.93,1,0,0,0,0,63,0,Free
12/7/2024 14:38:07,21.50,142.53,3.93,1,0,0,0,0,64,39,Free
12/7/2024 14:38:33,21.50,144.30,3.92,1,0,0,0,0,65,0,Free
12/7/2024 14:38:34,21.50,145.20,3.93,1,0,0,0,0,66,272,Free
12/7/2024 14:38:55,21.50,160.82,3.93,1,0,0,0,0,66,0,Free
12/7/2024 14:38:56,21.50,161.51,3.93,1,0,0,0,0,67,65,Free
12/7/2024 14:39:15,21.50,163.15,3.93,1,0,0,0,0,68,161,Free
12/7/2024 14:39:19,21.50,164.39,3.93,1,0,0,0,0,69,610,Free
12/7/2024 14:39:20,21.50,165.01,3.93,1,0,0,0,0,70,0,Free
12/7/2024 14:39:23,21.50,165.70,3.93,1,0,0,0,0,71,56,Free
12/7/2024 14:39:36,21.50,166.89,3.93,1,0,0,0,0,72,0,Free
12/7/2024 14:39:38,21.50,167.52,3.93,1,0,0,0,0,73,0,Free
12/7/2024 14:39:46,21.50,168.47,3.93,1,0,0,0,0,74,39,Free
12/7/2024 14:39:56,21.50,169.49,3.93,1,0,0,0,0,75,109,Free
12/7/2024 14:39:58,21.50,170.12,3.93,1,0,0,0,0,76,0,Free
12/7/2024 14:40:02,21.50,170.75,3.93,1,0,0,0,0,77,0,Free
12/7/2024 14:40:04,21.50,171.53,3.93,1,0,0,0,0,78,161,Free
12/7/2024 14:40:05,21.50,172.16,3.93,1,0,0,0,0,79,0,Free
12/7/2024 14:40:09,21.50,172.79,3.93,1,0,0,0,0,80,0,Free
12/7/2024 14:40:14,21.50,173.41,3.93,1,0,0,0,0,81,0,Free
12/7/2024 14:40:39,21.75,175.18,3.93,1,0,0,0,0,82,0,Free
12/7/2024 14:40:43,21.75,177.11,3.92,1,0,0,0,0,83,1307,Free
12/7/2024 14:41:55,21.75,181.50,3.93,1,0,0,0,0,84,620,Free
12/7/2024 14:42:04,21.75,182.41,3.92,1,0,0,0,0,85,0,Free
12/7/2024 14:42:08,21.75,183.14,3.93,1,0,0,0,0,86,99,Free
12/7/2024 14:44:38,21.50,190.71,3.93,1,0,0,0,0,87,99,Free
12/7/2024 14:44:39,21.50,191.52,3.93,1,0,0,0,0,88,186,Free
12/7/2024 14:45:09,21.50,193.73,3.93,1,0,0,0,0,89,161,Free
12/7/2024 14:45:12,21.50,194.58,3.93,1,0,0,0,0,90,221,Free
12/7/2024 14:45:16,21.50,195.43,3.93,1,0,0,0,0,91,221,Free
12/7/2024 14:45:23,21.50,196.34,3.93,1,0,0,0,0,92,0,Free
12/7/2024 14:45:25,21.50,197.09,3.93,1,0,0,0,0,93,118,Free
12/7/2024 14:45:30,21.50,197.71,3.93,1,0,0,0,0,94,0,Free
12/7/2024 14:45:33,21.50,198.34,3.93,1,0,0,0,0,95,0,Free
12/7/2024 14:45:36,21.50,198.97,3.93,1,0,0,0,0,96,0,Free
12/7/2024 14:45:40,21.50,199.92,3.93,1,0,0,0,0,97,324,Free
12/7/2024 14:46:13,21.50,201.97,3.92,1,0,0,0,0,98,0,Free
12/7/2024 14:46:27,21.50,203.44,3.93,1,0,0,0,0,99,281,Free
12/7/2024 14:46:32,21.50,204.72,3.93,1,0,0,0,0,100,644,Free
12/7/2024 14:48:11,21.50,209.99,3.93,1,0,0,0,0,101,75,Free
12/7/2024 14:48:23,21.50,211.21,3.92,1,0,0,0,0,102,315,Free
12/7/2024 14:48:24,21.50,211.87,3.93,1,0,0,0,0,103,31,Free
12/7/2024 14:48:30,21.50,212.50,3.93,1,0,0,0,0,104,0,Free
12/7/2024 14:48:37,21.50,213.41,3.92,1,0,0,0,0,105,0,Free
12/7/2024 14:48:44,21.50,214.42,3.93,1,0,0,0,0,106,99,Free
12/7/2024 14:48:49,21.50,215.06,3.93,1,0,0,0,0,107,13,Free
12/7/2024 14:49:50,21.50,218.54,3.93,1,1,0,0,0,107,0,Free
12/7/2024 14:49:55,21.50,220.17,3.93,1,1,0,0,0,108,999,Free
12/7/2024 14:50:06,21.50,221.36,3.93,1,1,0,0,0,109,264,Free
12/7/2024 14:50:07,21.50,221.98,3.93,1,1,0,0,0,110,0,Free
12/7/2024 14:50:10,21.50,222.93,3.93,1,1,0,0,0,111,315,Free
12/7/2024 14:50:14,21.50,223.57,3.92,1,1,0,0,0,112,14,Free
12/7/2024 14:50:23,21.50,224.50,3.93,1,1,0,0,0,113,22,Free
12/7/2024 14:50:28,21.50,225.55,3.92,1,1,0,0,0,114,420,Free
12/7/2024 14:50:44,21.50,227.08,3.93,1,1,0,0,0,115,334,Free
12/7/2024 14:50:47,21.50,227.71,3.93,1,1,0,0,0,116,0,Free
12/7/2024 14:50:51,21.50,228.34,3.93,1,1,0,0,0,117,0,Free
12/7/2024 14:50:56,21.50,229.12,3.93,1,1,0,0,0,118,152,Free
12/7/2024 14:50:59,21.50,229.97,3.93,1,1,0,0,0,119,229,Free
12/7/2024 14:51:00,21.50,230.72,3.93,1,1,0,0,0,120,126,Free
12/7/2024 14:51:01,21.50,231.55,3.93,1,1,0,0,0,121,195,Free
12/7/2024 14:51:04,21.50,233.01,3.93,1,1,0,0,0,122,843,Free
12/7/2024 14:51:06,21.50,233.68,3.93,1,1,0,0,0,123,39,Free
12/7/2024 14:51:10,21.50,234.31,3.93,1,1,0,0,0,124,0,Free
12/7/2024 14:51:12,21.50,234.98,3.93,1,1,0,0,0,125,48,Free
12/7/2024 14:51:13,21.50,235.70,3.93,1,1,0,0,0,126,90,Free
12/7/2024 14:51:13,21.50,236.43,3.93,1,1,0,0,0,127,99,Free
12/7/2024 14:51:15,21.50,237.60,3.93,1,1,0,0,0,128,540,Free
12/7/2024 14:51:16,21.50,238.25,3.92,1,1,0,0,0,129,31,Free
12/7/2024 14:51:17,21.50,238.88,3.93,1,1,0,0,0,130,0,Free
12/7/2024 14:51:21,21.50,242.11,3.93,1,1,0,0,0,131,2604,Free
12/7/2024 14:51:22,21.50,242.87,3.93,1,1,0,0,0,132,134,Free
12/7/2024 14:52:28,21.50,246.35,3.93,1,1,0,0,0,133,0,Free
12/7/2024 14:52:30,21.50,246.98,3.93,1,1,0,0,0,134,0,Free
12/7/2024 14:52:59,21.50,252.64,3.92,1,1,0,0,0,135,3891,Free
12/7/2024 14:53:05,21.50,253.56,3.93,1,1,0,0,0,136,0,Free
12/7/2024 14:53:26,21.50,269.18,3.93,1,1,0,0,0,136,0,Free
12/7/2024 14:53:52,21.50,270.96,3.93,1,1,0,0,0,137,13,Free
12/7/2024 14:54:01,21.50,272.37,3.92,1,1,0,0,0,138,497,Free
12/7/2024 14:54:03,21.50,273.07,3.93,1,1,0,0,0,139,74,Free
12/7/2024 14:54:05,21.50,273.70,3.93,1,1,0,0,0,140,0,Free
12/7/2024 14:54:10,21.50,274.56,3.93,1,1,0,0,0,141,238,Free
12/7/2024 14:54:11,21.50,275.32,3.93,1,1,0,0,0,142,126,Free
12/7/2024 14:54:14,21.50,276.10,3.93,1,1,0,0,0,143,151,Free
12/7/2024 14:54:15,21.50,276.73,3.92,1,1,0,0,0,144,0,Free
12/7/2024 14:54:17,21.50,278.91,3.93,1,1,0,0,0,145,1560,Free
12/7/2024 14:55:00,21.50,285.31,3.93,1,1,0,0,0,146,4064,Free
12/7/2024 14:55:04,21.50,288.12,3.93,1,1,0,0,0,147,2182,Free
12/7/2024 14:55:08,21.50,288.75,3.93,1,1,0,0,0,148,0,Free
12/7/2024 14:55:09,21.50,289.77,3.93,1,1,0,0,0,149,393,Free
12/7/2024 14:55:15,21.50,290.40,3.93,1,1,0,0,0,150,0,Free
12/7/2024 14:55:20,21.50,291.30,3.93,1,1,0,0,0,151,272,Free
12/7/2024 14:55:23,21.50,292.63,3.93,1,1,0,0,0,152,704,Free
12/7/2024 14:55:28,21.50,293.48,3.93,1,1,0,0,0,153,221,Free
12/7/2024 14:55:31,21.50,294.79,3.93,1,1,0,0,0,154,610,Free
12/7/2024 14:55:37,21.50,295.90,3.93,1,1,0,0,0,155,350,Free
12/7/2024 14:55:39,21.50,297.44,3.93,1,1,0,0,0,156,894,Free
12/7/2024 14:55:48,21.50,298.37,3.92,1,1,0,0,0,157,22,Free
12/7/2024 14:55:49,21.50,299.13,3.93,1,1,0,0,0,158,125,Free
12/7/2024 14:55:52,21.50,299.75,3.93,1,1,0,0,0,159,0,Free
12/7/2024 14:56:00,21.50,300.67,3.93,1,1,0,0,0,160,0,Free
12/7/2024 14:56:03,21.50,302.46,3.93,1,1,0,0,0,161,1169,Free
12/7/2024 14:56:41,21.75,304.89,3.93,1,1,0,0,0,162,91,Free
12/7/2024 14:57:02,21.75,307.01,3.93,1,1,0,0,0,163,636,Free
12/7/2024 14:57:13,21.75,307.93,3.92,1,1,0,0,0,164,5,Free
12/7/2024 14:57:14,21.75,308.56,3.93,1,1,0,0,0,165,0,Free
12/7/2024 14:57:15,21.75,309.76,3.93,1,1,0,0,0,166,575,Free
12/7/2024 14:57:18,21.75,310.54,3.93,1,1,0,0,0,167,143,Free
12/7/2024 14:57:20,21.75,311.37,3.92,1,1,0,0,0,168,204,Free
12/7/2024 14:57:29,21.75,312.28,3.93,1,1,0,0,0,169,0,Free
12/7/2024 14:57:31,21.75,312.99,3.93,1,1,0,0,0,170,82,Free
12/7/2024 14:57:32,21.75,313.62,3.93,1,1,0,0,0,171,0,Free
12/7/2024 14:57:37,21.75,314.25,3.92,1,1,0,0,0,172,0,Free
12/7/2024 14:58:04,21.75,316.49,3.93,1,1,0,0,0,173,471,Free
12/7/2024 14:58:09,21.75,317.12,3.93,1,1,0,0,0,174,0,Free
12/7/2024 15:00:32,21.50,324.31,3.92,1,1,0,0,0,175,5,Free
12/7/2024 15:00:35,21.50,324.94,3.93,1,1,0,0,0,176,0,Free
12/7/2024 15:00:36,21.50,326.03,3.93,1,1,0,0,0,177,463,Free
12/7/2024 15:00:37,21.50,326.66,3.93,1,1,0,0,0,178,0,Free
12/7/2024 15:00:38,21.50,327.52,3.92,1,1,0,0,0,179,238,Free
12/7/2024 15:00:41,21.50,328.15,3.92,1,1,0,0,0,180,0,Free
12/7/2024 15:00:44,21.50,328.86,3.93,1,1,0,0,0,181,83,Free
12/7/2024 15:01:39,21.50,333.23,3.92,1,1,0,0,0,182,1456,Free
12/7/2024 15:01:41,21.50,333.85,3.93,1,1,0,0,0,183,0,Free
12/7/2024 15:03:03,21.50,339.13,3.93,1,1,0,0,0,184,936,Free
12/7/2024 15:03:04,21.50,340.01,3.93,1,1,0,0,0,185,255,Free
12/7/2024 15:03:11,21.50,345.69,3.93,1,1,0,0,0,186,5049,Free
12/7/2024 15:03:14,21.50,346.67,3.92,1,1,0,0,0,187,351,Free
12/7/2024 15:03:18,21.50,347.46,3.93,1,1,0,0,0,188,168,Free
12/7/2024 15:03:22,21.50,348.23,3.93,1,1,0,0,0,189,142,Free
12/7/2024 15:03:26,21.50,350.35,3.93,1,1,0,0,0,190,1491,Free
12/7/2024 15:03:34,21.50,351.26,3.93,1,1,0,0,0,191,0,Free
12/7/2024 15:03:56,21.50,352.74,3.92,1,1,0,0,0,192,0,Free
12/7/2024 15:04:15,21.50,354.24,3.92,1,1,0,0,0,193,0,Free
12/7/2024 15:04:18,21.50,354.88,3.93,1,1,0,0,0,194,13,Free
12/7/2024 15:04:26,21.50,355.79,3.92,1,1,0,0,0,195,0,Free
12/7/2024 15:04:31,21.50,358.62,3.93,1,1,0,0,0,196,2207,Free
12/7/2024 15:04:35,21.50,361.41,3.93,1,1,0,0,0,197,2155,Free
12/7/2024 15:04:38,21.50,362.04,3.92,1,1,0,0,0,198,0,Free
12/7/2024 15:04:39,21.50,362.66,3.93,1,1,0,0,0,199,0,Free
12/7/2024 15:04:45,21.50,363.29,3.93,1,1,0,0,0,200,0,Free
12/7/2024 15:04:53,21.50,364.20,3.93,1,1,0,0,0,201,0,Free
12/7/2024 15:04:56,21.50,364.84,3.93,1,1,0,0,0,202,13,Free
12/7/2024 15:04:57,21.50,365.53,3.92,1,1,0,0,0,203,57,Free
12/7/2024 15:04:59,21.75,366.15,3.93,1,1,0,0,0,204,0,Free
12/7/2024 15:05:03,21.75,367.11,3.93,1,1,0,0,0,205,324,Free
12/7/2024 15:05:14,21.75,368.04,3.93,1,1,0,0,0,206,22,Free
12/7/2024 15:05:19,21.75,368.67,3.92,1,1,0,0,0,207,0,Free
12/7/2024 15:05:21,21.75,369.51,3.93,1,1,0,0,0,208,212,Free
12/7/2024 15:05:23,21.75,370.29,3.93,1,1,0,0,0,209,160,Free
12/7/2024 15:05:27,21.75,370.92,3.93,1,1,0,0,0,210,0,Free
12/7/2024 15:05:29,21.75,371.55,3.92,1,1,0,0,0,211,0,Free
12/7/2024 15:05:31,21.75,372.54,3.92,1,1,0,0,0,212,359,Free
12/7/2024 15:05:41,21.75,373.62,3.93,1,1,0,0,0,213,169,Free
12/7/2024 15:05:45,21.75,374.54,3.93,1,1,0,0,0,214,290,Free
12/7/2024 15:05:47,21.75,375.23,3.92,1,1,0,0,0,215,65,Free
12/7/2024 15:05:58,21.75,376.33,3.93,1,1,0,0,0,216,194,Free
12/7/2024 15:06:05,21.75,377.47,3.92,1,1,0,0,0,217,221,Free
12/7/2024 15:06:09,21.75,378.29,3.93,1,1,0,0,0,218,195,Free
12/7/2024 15:06:28,21.75,379.78,3.93,1,1,0,0,0,219,0,Free
12/7/2024 15:06:35,21.75,381.00,3.93,1,1,0,0,0,220,298,Free
12/7/2024 15:06:49,21.75,382.22,3.92,1,1,0,0,0,221,22,Free
12/7/2024 15:07:28,21.75,398.69,3.93,1,1,0,0,0,221,0,Free
12/7/2024 15:07:30,21.75,399.40,3.92,1,1,0,0,0,222,83,Free
12/7/2024 15:07:48,21.75,400.60,3.92,1,1,0,0,0,223,0,Free
12/7/2024 15:07:58,21.75,401.51,3.92,1,1,0,0,0,224,0,Free
12/7/2024 15:08:12,21.75,402.91,3.92,1,1,0,0,0,225,203,Free
12/7/2024 15:08:15,21.75,403.71,3.93,1,1,0,0,0,226,169,Free
12/7/2024 15:16:09,21.75,426.67,3.93,1,1,0,0,0,227,65,Free
12/7/2024 15:16:10,21.75,427.29,3.92,1,1,0,0,0,228,0,Free
12/7/2024 15:16:11,21.75,428.13,3.92,1,1,0,0,0,229,212,Free
12/7/2024 15:16:13,21.75,428.91,3.93,1,1,0,0,0,230,152,Free
12/7/2024 15:16:14,21.75,429.54,3.93,1,1,0,0,0,231,0,Free
12/7/2024 15:18:55,21.75,438.08,3.93,1,1,0,0,0,232,497,Free
12/7/2024 15:18:59,21.75,439.37,3.92,1,1,0,0,0,233,661,Free
12/7/2024 15:19:02,21.75,441.02,3.93,1,1,0,0,0,234,1016,Free
12/7/2024 15:19:10,21.75,442.19,3.93,1,1,0,0,0,235,264,Free
12/7/2024 15:19:13,21.75,443.11,3.92,1,1,0,0,0,236,289,Free
12/7/2024 15:19:14,21.75,443.74,3.93,1,1,0,0,0,237,0,Free
12/7/2024 15:19:15,21.75,444.36,3.92,1,1,0,0,0,238,0,Free
12/7/2024 15:19:17,21.75,445.24,3.92,1,1,0,0,0,239,246,Free
12/7/2024 15:19:26,21.75,446.15,3.93,1,1,0,0,0,240,0,Free
12/7/2024 15:19:29,21.75,447.01,3.93,1,1,0,0,0,241,237,Free
12/7/2024 15:19:34,21.75,447.71,3.93,1,1,0,0,0,242,73,Free
12/7/2024 15:19:34,21.75,448.42,3.92,1,1,0,0,0,243,74,Free
12/7/2024 15:19:37,21.75,449.38,3.92,1,1,0,0,0,244,342,Free
12/7/2024 15:19:42,21.75,450.43,3.93,1,1,0,0,0,245,411,Free
12/7/2024 15:19:45,21.75,451.31,3.93,1,1,0,0,0,246,255,Free
12/7/2024 15:19:50,21.75,451.96,3.93,1,1,0,0,0,247,22,Free
12/7/2024 15:19:52,21.75,452.66,3.93,1,1,0,0,0,248,74,Free
12/7/2024 15:20:00,21.75,453.68,3.92,1,1,0,0,0,249,99,Free
12/7/2024 15:20:05,21.75,454.38,3.93,1,1,0,0,0,250,74,Free
12/7/2024 15:20:10,21.75,455.24,3.92,1,1,0,0,0,251,229,Free
12/7/2024 15:20:13,21.75,455.86,3.93,1,1,0,0,0,252,0,Free
12/7/2024 15:20:15,21.75,456.68,3.93,1,1,0,0,0,253,185,Free
12/7/2024 15:20:20,21.75,457.30,3.93,1,1,0,0,0,254,0,Free
12/7/2024 15:21:36,21.75,461.36,3.93,1,1,0,0,0,255,0,Free
12/7/2024 15:21:39,21.75,463.78,3.93,1,1,0,0,0,256,1797,Free
12/7/2024 15:21:49,21.75,466.20,3.93,1,1,0,0,0,257,1508,Free
12/7/2024 15:21:56,21.75,468.22,3.93,1,1,0,0,0,258,1395,Free
12/7/2024 15:22:02,21.75,469.47,3.92,1,1,0,0,0,259,617,Free
12/7/2024 15:22:05,21.75,470.21,3.93,1,1,0,0,0,260,118,Free
12/7/2024 15:22:08,21.75,471.46,3.93,1,1,0,0,0,261,618,Free
12/7/2024 15:22:10,21.75,472.27,3.92,1,1,0,0,0,262,185,Free
12/7/2024 15:22:17,21.75,473.51,3.93,1,1,0,0,0,263,610,Free
12/7/2024 15:22:20,21.75,475.53,3.92,1,1,0,0,0,264,1396,Free
12/7/2024 15:22:22,21.75,476.32,3.93,1,1,0,0,0,265,160,Free
12/7/2024 15:23:43,21.75,494.79,3.93,1,1,0,0,0,265,0,Free
12/7/2024 15:41:58,22.00,561.49,3.93,1,1,0,0,0,265,0,Free
12/7/2024 15:42:01,22.00,562.12,3.92,1,1,0,0,0,266,0,Free
12/7/2024 15:42:03,22.00,563.64,3.93,1,1,0,0,0,267,893,Free
12/7/2024 15:42:12,22.00,564.56,3.93,1,1,0,0,0,268,0,Free
12/7/2024 15:42:16,22.00,565.84,3.92,1,1,0,0,0,269,653,Free
12/7/2024 15:42:20,22.00,566.69,3.92,1,1,0,0,0,270,221,Free
12/7/2024 15:42:25,22.00,567.78,3.92,1,1,0,0,0,271,462,Free
12/7/2024 15:42:32,22.00,568.80,3.92,1,1,0,0,0,272,109,Free
12/7/2024 15:42:33,22.00,569.89,3.92,1,1,0,0,0,273,463,Free
12/7/2024 15:42:36,22.00,570.94,3.92,1,1,0,0,0,274,419,Free
12/7/2024 15:42:42,22.00,571.86,3.92,1,1,0,0,0,275,299,Free
12/7/2024 15:46:24,22.00,583.00,3.92,1,1,0,0,0,276,234,Free
12/7/2024 15:59:45,22.00,635.72,3.93,1,1,0,0,0,276,0,Free
12/7/2024 16:18:00,22.00,702.43,3.92,1,1,0,0,0,276,0,Free
12/7/2024 16:36:15,22.00,769.14,3.92,1,1,0,0,0,276,0,Free
12/7/2024 16:54:30,22.00,835.84,3.92,1,1,0,0,0,276,0,Free
12/7/2024 16:58:11,22.25,846.79,3.92,1,1,0,0,0,277,48,Free
12/7/2024 16:58:13,22.25,848.53,3.92,1,1,0,0,0,278,1110,Free
12/7/2024 17:12:40,22.25,904.40,3.93,1,1,0,0,0,278,0,Free
12/7/2024 17:30:55,22.25,971.10,3.92,1,1,0,0,0,278,0,Free
12/7/2024 17:49:10,22.25,1037.81,3.92,1,1,0,0,0,278,0,Free
12/7/2024 18:07:25,22.25,1104.51,3.91,1,1,0,0,0,278,0,Free
12/7/2024 18:25:40,22.25,1171.22,3.91,1,1,0,0,0,278,0,Free
12/7/2024 18:27:32,22.25,1176.98,3.91,1,1,0,0,0,279,0,Free
12/7/2024 18:38:38,22.25,1209.48,3.91,1,1,0,0,0,280,470,Free
12/7/2024 18:43:53,22.25,1239.08,3.92,1,1,0,0,0,280,0,Free
12/7/2024 18:51:33,22.25,1261.40,3.92,1,1,0,0,0,281,0,Free
12/7/2024 18:55:48,22.25,1274.01,3.91,1,1,0,0,0,282,0,Free
12/7/2024 18:55:54,22.25,1274.65,3.91,1,1,0,0,0,283,7,Free
12/7/2024 18:55:57,22.25,1276.19,3.92,1,1,0,0,0,284,912,Free
12/7/2024 19:01:28,22.25,1292.89,3.92,1,1,0,0,0,285,661,Free
12/7/2024 19:01:29,22.25,1293.52,3.91,1,1,0,0,0,286,0,Free
12/7/2024 19:01:56,22.25,1309.43,3.92,1,1,0,0,0,286,0,Free
12/7/2024 19:19:20,22.50,1359.72,3.91,1,1,0,0,0,287,0,Free
12/7/2024 19:20:06,22.50,1376.48,3.91,1,1,0,0,0,287,0,Free
12/7/2024 19:21:53,22.50,1381.96,3.91,1,1,0,1,0,287,0,Free
12/7/2024 19:21:55,22.50,1382.59,3.92,1,1,0,1,0,288,0,Free
12/7/2024 19:21:58,22.50,1383.21,3.91,1,1,0,1,0,289,0,Free
12/7/2024 19:24:22,22.50,1390.41,3.92,1,1,0,1,0,290,0,Free
12/7/2024 19:33:22,22.50,1416.61,3.91,1,1,0,1,0,291,177,Free
12/7/2024 19:34:37,22.50,1420.79,3.91,1,1,0,1,0,292,134,Free
12/7/2024 19:34:43,22.50,1421.42,3.91,1,1,0,1,0,293,0,Free
12/7/2024 19:35:00,22.50,1422.62,3.91,1,1,0,1,0,294,0,Free
12/7/2024 19:38:09,22.50,1446.23,3.91,1,1,0,1,0,294,0,Free
12/7/2024 19:40:04,22.50,1452.50,3.91,1,1,0,1,0,295,221,Free
12/7/2024 19:40:05,22.50,1453.40,3.91,1,1,0,1,0,296,272,Free
12/7/2024 19:40:07,22.50,1454.83,3.91,1,1,0,1,0,297,807,Free
12/7/2024 19:40:08,22.50,1455.46,3.91,1,1,0,1,0,298,0,Free
12/7/2024 19:56:05,22.50,1515.59,3.91,1,1,0,1,0,298,0,Free
12/7/2024 20:12:20,22.50,1562.46,3.91,1,1,0,1,0,299,0,Free
12/7/2024 20:14:17,22.50,1582.64,3.91,1,1,0,1,0,299,0,Free
12/7/2024 20:28:40,22.50,1626.23,3.91,1,1,0,1,0,300,2146,Free
12/7/2024 20:29:27,22.50,1628.86,3.91,1,1,0,1,0,301,0,Free
12/7/2024 20:32:30,22.50,1652.18,3.91,1,1,0,1,0,301,0,Free
12/7/2024 20:41:08,22.50,1677.35,3.91,1,1,0,1,0,302,0,Free
12/7/2024 20:41:11,22.50,1678.21,3.91,1,1,0,1,0,303,229,Free
12/7/2024 20:41:12,22.50,1679.00,3.91,1,1,0,1,0,304,168,Free
12/7/2024 20:41:16,22.50,1679.90,3.91,1,1,0,1,0,305,264,Free
12/7/2024 20:41:18,22.50,1680.53,3.91,1,1,0,1,0,306,0,Free
12/7/2024 20:41:19,22.50,1681.42,3.91,1,1,0,1,0,307,264,Free
12/7/2024 20:41:21,22.50,1682.29,3.91,1,1,0,1,0,308,238,Free
12/7/2024 20:41:23,22.50,1683.18,3.91,1,1,0,1,0,309,264,Free
12/7/2024 20:41:24,22.50,1683.91,3.91,1,1,0,1,0,310,100,Free
12/7/2024 20:41:29,22.50,1684.53,3.91,1,1,0,1,0,311,0,Free
12/7/2024 20:41:35,22.50,1685.16,3.91,1,1,0,1,0,312,0,Free
12/7/2024 20:41:37,22.50,1686.02,3.91,1,1,0,1,0,313,229,Free
12/7/2024 20:41:46,22.50,1687.58,3.91,1,1,0,1,0,314,652,Free
12/7/2024 20:41:47,22.50,1688.21,3.91,1,1,0,1,0,315,0,Free
12/7/2024 20:41:57,22.50,1689.45,3.91,1,1,0,1,0,316,333,Free
12/7/2024 20:47:14,22.50,1704.98,3.91,1,1,0,1,0,317,56,Free
12/7/2024 20:47:15,22.50,1705.60,3.91,1,1,0,1,0,318,0,Free
12/7/2024 20:47:16,22.50,1706.23,3.91,1,1,0,1,0,319,0,Free
12/7/2024 20:47:23,22.50,1707.95,3.91,1,1,0,1,0,320,807,Free
12/7/2024 20:47:26,22.50,1708.58,3.91,1,1,0,1,0,321,0,Free
12/7/2024 20:47:37,22.50,1709.96,3.91,1,1,0,1,0,322,471,Free
12/7/2024 20:47:45,22.50,1710.87,3.91,1,1,0,1,0,323,0,Free
12/7/2024 20:47:47,22.50,1711.50,3.91,1,1,0,1,0,324,0,Free
12/7/2024 20:47:56,22.50,1712.42,3.89,1,1,0,1,0,325,0,Free
12/7/2024 20:48:08,22.50,1715.00,3.91,1,1,0,1,0,326,1671,Free
12/7/2024 20:48:29,22.50,1716.86,3.91,1,1,0,1,0,327,377,Free
12/7/2024 20:48:39,22.50,1719.22,3.91,1,1,0,1,0,328,1453,Free
12/7/2024 20:49:19,22.50,1735.70,3.91,1,1,0,1,0,328,0,Free
12/7/2024 20:49:32,22.50,1736.92,3.92,1,1,0,1,0,329,22,Free
12/7/2024 20:53:58,22.50,1751.26,3.91,1,1,0,1,0,330,1159,Free
12/7/2024 20:54:06,22.50,1752.28,3.91,1,1,0,1,0,331,107,Free
12/7/2024 20:54:10,22.50,1753.13,3.91,1,1,0,1,0,332,212,Free
12/7/2024 20:54:12,22.50,1753.81,3.91,1,1,0,1,0,333,48,Free
12/7/2024 20:54:17,22.50,1754.44,3.91,1,1,0,1,0,334,0,Free
12/7/2024 20:54:25,22.50,1755.35,3.91,1,1,0,1,0,335,0,Free
12/7/2024 20:54:30,22.50,1756.65,3.92,1,1,0,1,0,336,678,Free
12/7/2024 20:54:37,22.50,1757.56,3.91,1,1,0,1,0,337,0,Free
12/7/2024 20:54:40,22.50,1758.27,3.90,1,1,0,1,0,338,81,Free
12/7/2024 20:54:46,22.50,1759.17,3.91,1,1,0,1,0,339,272,Free
12/7/2024 20:54:49,22.50,1760.15,3.91,1,1,0,1,0,340,349,Free
12/7/2024 20:54:50,22.50,1760.93,3.92,1,1,0,1,0,341,152,Free
12/7/2024 20:55:02,22.50,1762.29,3.91,1,1,0,1,0,342,447,Free
12/7/2024 20:55:04,22.50,1763.18,3.91,1,1,0,1,0,343,264,Free
12/7/2024 20:55:10,22.50,1765.98,3.91,1,1,0,1,0,344,2172,Free
12/7/2024 20:58:05,22.50,1774.88,3.91,1,2,0,1,0,344,0,Free
12/7/2024 20:59:00,22.50,1778.90,3.91,1,2,0,1,0,345,824,Free
12/7/2024 20:59:58,22.50,1782.14,3.91,1,3,39,1,0,345,0,Free
12/7/2024 21:01:01,22.50,1785.86,3.91,1,3,0,1,0,346,238,Free
12/7/2024 21:01:05,22.50,1787.00,3.91,1,3,0,1,0,347,515,Free
12/7/2024 21:06:32,22.50,1817.18,3.91,1,3,0,1,0,347,0,Free
12/7/2024 21:08:57,22.50,1825.29,3.91,1,3,0,1,0,348,921,Free
12/7/2024 21:09:01,22.50,1826.75,3.91,1,3,0,1,0,349,831,Free
12/7/2024 21:09:03,22.50,1829.05,3.91,1,3,0,1,0,350,1680,Free
12/7/2024 21:09:04,22.50,1829.68,3.91,1,3,0,1,0,351,0,Free
12/7/2024 21:09:09,22.50,1830.31,3.91,1,3,0,1,0,352,0,Free
12/7/2024 21:09:09,22.50,1830.93,3.91,1,3,0,1,0,353,0,Free
12/7/2024 21:09:13,22.50,1831.56,3.91,1,3,0,1,0,354,0,Free
12/7/2024 21:09:18,22.50,1834.89,3.91,1,3,0,1,0,355,2695,Free
12/7/2024 21:09:30,22.50,1836.07,3.91,1,3,0,1,0,356,260,Free
12/7/2024 21:09:34,22.50,1836.69,3.92,1,3,0,1,0,357,0,Free
12/7/2024 21:09:39,22.50,1837.32,3.91,1,3,0,1,0,358,0,Free
12/7/2024 21:09:45,22.50,1837.95,3.91,1,3,0,1,0,359,0,Free
12/7/2024 21:09:47,22.50,1838.72,3.91,1,3,0,1,0,360,142,Free
12/7/2024 21:09:52,22.50,1839.46,3.91,1,3,0,1,0,361,117,Free
12/7/2024 21:09:57,22.50,1840.23,3.91,1,3,0,1,0,362,143,Free
12/7/2024 21:10:02,22.50,1841.38,3.91,1,3,0,1,0,363,521,Free
12/7/2024 21:10:08,22.50,1842.01,3.91,1,3,0,1,0,364,0,Free
12/7/2024 21:15:29,22.50,1857.79,3.91,1,3,0,1,0,365,39,Free
12/7/2024 21:16:56,22.50,1863.38,3.91,1,3,0,1,0,366,963,Free
12/7/2024 21:17:17,22.50,1865.06,3.91,1,3,0,1,0,367,203,Free
12/7/2024 21:17:19,22.50,1866.07,3.91,1,3,0,1,0,368,376,Free
12/7/2024 21:17:21,22.50,1867.16,3.91,1,3,0,1,0,369,463,Free
12/7/2024 21:17:23,22.50,1867.78,3.91,1,3,0,1,0,370,0,Free
12/7/2024 21:17:23,22.50,1868.41,3.91,1,3,0,1,0,371,0,Free
12/7/2024 21:17:25,22.50,1869.11,3.91,1,3,0,1,0,372,66,Free
12/7/2024 21:17:31,22.50,1869.99,3.91,1,3,0,1,0,373,255,Free
12/7/2024 21:17:33,22.50,1872.04,3.91,1,3,0,1,0,374,1429,Free
12/7/2024 21:17:37,22.50,1873.63,3.91,1,3,0,1,0,375,954,Free
12/7/2024 21:17:42,22.50,1874.25,3.91,1,3,0,1,0,376,0,Free
12/7/2024 21:17:43,22.50,1875.02,3.91,1,3,0,1,0,377,143,Free
12/7/2024 21:17:44,22.50,1875.65,3.91,1,3,0,1,0,378,0,Free
12/7/2024 21:17:48,22.50,1878.75,3.91,1,3,0,1,0,379,2474,Free
12/7/2024 21:18:02,22.50,1880.06,3.91,1,3,0,1,0,380,109,Free
12/7/2024 21:18:02,22.50,1880.68,3.91,1,3,0,1,0,381,0,Free
12/7/2024 21:18:04,22.50,1881.50,3.91,1,3,0,1,0,382,178,Free
12/7/2024 21:18:05,22.50,1882.12,3.91,1,3,0,1,0,383,0,Free
12/7/2024 21:18:05,22.50,1882.75,3.91,1,3,0,1,0,384,0,Free
12/7/2024 21:18:59,22.50,1886.01,3.91,1,3,0,2,350,384,0,Free
12/7/2024 21:19:06,22.50,1886.64,3.91,1,3,0,2,0,385,0,Free
12/7/2024 21:19:30,22.50,1888.44,3.91,1,3,0,2,0,386,320,Free
12/7/2024 21:19:31,22.50,1889.07,3.91,1,3,0,2,0,387,0,Free
12/7/2024 21:19:33,22.50,1890.08,3.91,1,3,0,2,0,388,385,Free
12/7/2024 21:19:34,22.50,1890.71,3.91,1,3,0,2,0,389,0,Free
12/7/2024 21:19:35,22.50,1891.46,3.91,1,3,0,2,0,390,125,Free
12/7/2024 21:19:39,22.50,1892.09,3.91,1,3,0,2,0,391,0,Free
12/7/2024 21:19:40,22.50,1892.72,3.91,1,3,0,2,0,392,0,Free
12/7/2024 21:19:59,22.50,1894.22,3.91,1,4,22,2,0,392,0,Free
12/7/2024 21:20:00,22.50,1894.85,3.91,1,4,0,2,0,393,0,Free
12/7/2024 21:20:07,22.50,1895.47,3.91,1,4,0,2,0,394,0,Free
12/7/2024 21:20:13,22.50,1896.39,3.91,1,4,0,2,0,395,0,Free
12/7/2024 21:20:14,22.50,1897.02,3.91,1,4,0,2,0,396,0,Free
12/7/2024 21:20:15,22.50,1897.64,3.91,1,4,0,2,0,397,0,Free
12/7/2024 21:20:31,22.50,1898.84,3.91,1,4,0,2,0,398,0,Free
12/7/2024 21:20:34,22.50,1899.74,3.91,1,4,0,2,0,399,272,Free
12/7/2024 21:20:35,22.50,1900.79,3.91,1,4,0,2,0,400,419,Free
12/7/2024 21:20:37,22.50,1901.94,3.91,1,4,0,2,0,401,522,Free
12/7/2024 21:21:58,22.50,1920.41,3.91,1,4,0,2,0,401,0,Free
12/7/2024 21:22:07,22.50,1921.32,3.91,1,4,0,2,0,402,0,Free
12/7/2024 21:22:12,22.50,1922.41,3.91,1,4,0,2,0,403,462,Free
12/7/2024 21:22:50,22.50,1924.81,3.91,1,4,0,2,0,404,56,Free
12/7/2024 21:22:53,22.50,1927.02,3.91,1,4,0,2,0,405,1584,Free
12/7/2024 21:23:01,22.50,1928.37,3.91,1,4,0,2,0,406,428,Free
12/7/2024 21:23:03,22.50,1929.07,3.91,1,4,0,2,0,407,75,Free
12/7/2024 21:23:04,22.50,1929.76,3.91,1,4,0,2,0,408,65,Free
12/7/2024 21:23:05,22.50,1930.45,3.91,1,4,0,2,0,409,56,Free
12/7/2024 21:24:30,22.75,1935.07,3.91,1,4,0,2,0,410,0,Free
12/7/2024 21:24:40,22.75,1936.45,3.91,1,4,0,2,0,411,462,Free
12/7/2024 21:24:41,22.75,1937.07,3.91,1,4,0,2,0,412,0,Free
12/7/2024 21:24:55,22.75,1938.27,3.91,1,4,0,2,0,413,0,Free
12/7/2024 21:27:00,22.50,1944.61,3.91,1,4,0,2,0,414,1,Free
12/7/2024 21:27:01,22.50,1945.52,3.91,1,4,0,2,0,415,289,Free
12/7/2024 21:27:04,22.50,1947.22,3.91,1,4,0,2,0,416,1066,Free
12/7/2024 21:27:06,22.50,1947.89,3.91,1,4,0,2,0,417,48,Free
12/7/2024 21:27:08,22.50,1949.58,3.91,1,4,0,2,0,418,1059,Free
12/7/2024 21:27:13,22.50,1950.21,3.91,1,4,0,2,0,419,0,Free
12/7/2024 21:27:15,22.50,1950.83,3.91,1,4,0,2,0,420,0,Free
12/7/2024 21:27:30,22.50,1952.04,3.91,1,4,0,2,0,421,5,Free
12/7/2024 21:27:31,22.50,1952.69,3.91,1,4,0,2,0,422,21,Free
12/7/2024 21:27:35,22.50,1953.31,3.91,1,4,0,2,0,423,0,Free
12/7/2024 21:27:37,22.50,1954.72,3.91,1,4,0,2,0,424,781,Free
12/7/2024 21:27:50,22.50,1955.92,3.91,1,4,0,2,0,425,0,Free
12/7/2024 21:27:53,22.50,1956.93,3.91,1,4,0,2,0,426,384,Free
12/7/2024 21:27:56,22.50,1958.31,3.91,1,4,0,2,0,427,747,Free
12/7/2024 21:30:00,22.50,1964.64,3.91,1,4,0,2,0,428,0,Free
12/7/2024 21:30:54,22.50,1968.15,3.91,1,4,0,2,0,429,600,Free
12/7/2024 21:30:57,22.50,1969.02,3.91,1,4,0,2,0,430,238,Free
12/7/2024 21:31:01,22.50,1969.65,3.91,1,4,0,2,0,431,0,Free
12/7/2024 21:31:05,22.50,1970.74,3.91,1,4,0,2,0,432,462,Free
12/7/2024 21:31:19,22.50,1971.94,3.91,1,4,0,2,0,433,0,Free
12/7/2024 21:31:21,22.50,1972.57,3.91,1,4,0,2,0,434,5,Free
12/7/2024 21:31:24,22.50,1973.40,3.91,1,4,0,2,0,435,203,Free
12/7/2024 21:31:26,22.50,1974.35,3.91,1,4,0,2,0,436,315,Free
12/7/2024 21:31:33,22.50,1975.69,3.91,1,4,0,2,0,437,428,Free
12/7/2024 21:31:43,22.50,1976.81,3.91,1,4,0,2,0,438,203,Free
12/7/2024 21:31:44,22.50,1977.49,3.91,1,4,0,2,0,439,56,Free
12/7/2024 21:31:48,22.50,1978.38,3.91,1,4,0,2,0,440,264,Free
12/7/2024 21:31:54,22.50,1979.29,3.91,1,4,0,2,0,441,0,Free
12/7/2024 21:32:01,22.50,1980.21,3.91,1,4,0,2,0,442,0,Free
12/7/2024 21:36:42,22.50,1993.96,3.91,1,4,0,3,0,442,0,Free
12/7/2024 21:37:51,22.50,2011.86,3.91,1,4,0,3,0,442,0,Free
12/7/2024 21:39:03,22.50,2015.63,3.91,1,4,0,3,0,443,0,Free
12/7/2024 21:42:19,22.50,2025.50,3.91,1,4,0,3,0,444,109,Free
12/7/2024 21:42:44,22.50,2027.46,3.91,1,4,0,3,0,445,195,Free
12/7/2024 21:42:48,22.50,2028.09,3.91,1,4,0,3,0,446,0,Free
12/7/2024 21:42:52,22.50,2028.74,3.91,1,4,0,3,0,447,30,Free
12/7/2024 21:42:57,22.50,2030.00,3.91,1,4,0,3,0,448,625,Free
12/7/2024 21:43:01,22.50,2031.06,3.91,1,4,0,3,0,449,435,Free
12/7/2024 21:43:31,22.50,2032.89,3.91,1,4,0,3,0,450,64,Free
12/7/2024 21:43:32,22.50,2033.84,3.91,1,4,0,3,0,451,316,Free
12/7/2024 21:43:35,22.50,2035.18,3.91,1,4,0,3,0,452,713,Free
12/7/2024 21:43:39,22.50,2035.82,3.91,1,4,0,3,0,453,21,Free
12/7/2024 21:43:41,22.50,2037.47,3.91,1,4,0,3,0,454,1020,Free
12/7/2024 21:45:31,22.50,2043.36,3.91,1,4,0,3,0,455,125,Free
12/7/2024 21:45:32,22.50,2044.24,3.91,1,4,0,3,0,456,246,Free
12/7/2024 21:45:45,22.50,2045.44,3.91,1,4,0,3,0,457,0,Free
12/7/2024 21:55:24,22.50,2087.60,3.91,1,4,0,3,0,457,0,Free
12/7/2024 21:55:30,22.50,2088.23,3.91,1,4,0,3,0,458,0,Free
12/7/2024 21:55:34,22.50,2090.25,3.91,1,4,0,3,0,459,1396,Free
12/7/2024 21:55:39,22.50,2090.88,3.91,1,4,0,3,0,460,0,Free
12/7/2024 21:56:13,22.50,2092.95,3.91,1,4,0,3,0,461,13,Free
12/7/2024 21:56:27,22.50,2094.92,3.91,1,4,0,3,0,462,774,Free
12/7/2024 21:56:30,22.50,2095.75,3.91,1,4,0,3,0,463,203,Free
12/7/2024 21:56:31,22.50,2096.79,3.91,1,4,0,3,0,464,411,Free
12/7/2024 21:56:34,22.50,2097.72,3.91,1,4,0,3,0,465,308,Free
12/7/2024 21:56:36,22.50,2098.93,3.91,1,4,0,3,0,466,574,Free
12/7/2024 21:56:39,22.50,2099.55,3.91,1,4,0,3,0,467,0,Free
12/7/2024 21:56:46,22.50,2100.48,3.91,1,4,0,3,0,468,298,Free
12/7/2024 21:56:52,22.50,2101.52,3.91,1,4,0,3,0,469,415,Free
12/7/2024 21:56:56,22.50,2102.22,3.91,1,4,0,3,0,470,73,Free
12/7/2024 21:57:00,22.50,2102.94,3.91,1,4,0,3,0,471,92,Free
12/7/2024 21:57:02,22.50,2103.86,3.91,1,4,0,3,0,472,290,Free
12/7/2024 21:57:29,22.50,2105.91,3.91,1,4,0,3,0,473,281,Free
12/7/2024 21:57:32,22.50,2106.90,3.91,1,4,0,3,0,474,367,Free
12/7/2024 21:57:34,22.50,2107.83,3.91,1,4,0,3,0,475,299,Free
12/7/2024 21:57:38,22.50,2108.53,3.91,1,4,0,3,0,476,74,Free
12/7/2024 21:57:42,22.50,2109.29,3.91,1,4,0,3,0,477,133,Free
12/7/2024 21:57:45,22.50,2109.92,3.91,1,4,0,3,0,478,0,Free
12/7/2024 21:57:50,22.50,2110.54,3.91,1,4,0,3,0,479,0,Free
12/7/2024 21:57:58,22.50,2111.46,3.91,1,4,0,3,0,480,0,Free
12/7/2024 21:58:00,22.50,2112.45,3.91,1,4,0,3,0,481,368,Free
12/7/2024 21:58:03,22.50,2113.39,3.91,1,4,0,3,0,482,307,Free
12/7/2024 21:58:05,22.50,2114.12,3.91,1,4,0,3,0,483,99,Free
12/7/2024 21:58:06,22.50,2114.75,3.91,1,4,0,3,0,484,0,Free
12/7/2024 21:58:11,22.50,2115.38,3.91,1,4,0,3,0,485,0,Free
12/7/2024 21:58:13,22.50,2116.85,3.91,1,4,0,3,0,486,851,Free
12/7/2024 22:01:54,22.50,2127.76,3.91,1,4,0,3,0,487,0,Free
12/7/2024 22:07:26,22.50,2144.24,3.91,1,4,0,3,0,488,160,Free
12/7/2024 22:07:28,22.50,2145.05,3.91,1,4,0,3,0,489,178,Free
12/7/2024 22:07:29,22.50,2145.67,3.91,1,4,0,3,0,490,0,Free
12/7/2024 22:07:30,22.50,2146.39,3.91,1,4,0,3,0,491,82,Free
12/7/2024 22:07:44,22.50,2147.58,3.91,1,4,0,3,0,492,0,Free
12/7/2024 22:07:46,22.50,2148.32,3.91,1,4,0,3,0,493,108,Free
12/7/2024 22:07:50,22.50,2149.20,3.91,1,4,0,3,0,494,246,Free
12/7/2024 22:07:51,22.50,2149.91,3.91,1,4,0,3,0,495,82,Free
12/7/2024 22:07:54,22.50,2150.53,3.91,1,4,0,3,0,496,0,Free
12/7/2024 22:07:57,22.50,2151.18,3.91,1,4,0,3,0,497,22,Free
12/7/2024 22:07:59,22.50,2152.17,3.91,1,4,0,3,0,498,358,Free
12/7/2024 22:08:02,22.50,2153.04,3.91,1,4,0,3,0,499,246,Free
12/7/2024 22:08:05,22.50,2153.67,3.91,1,4,0,3,0,500,0,Free
12/7/2024 22:08:13,22.50,2159.63,3.91,1,4,0,3,0,501,5330,Free
12/7/2024 22:08:16,22.50,2160.42,3.91,1,4,0,3,0,502,169,Free
12/7/2024 22:08:19,22.50,2161.05,3.91,1,4,0,3,0,503,0,Free
12/7/2024 22:08:22,22.50,2162.22,3.91,1,4,0,3,0,504,538,Free
12/7/2024 22:08:29,22.50,2163.80,3.91,1,4,0,3,0,505,962,Free
12/7/2024 22:08:31,22.50,2164.52,3.91,1,4,0,3,0,506,91,Free
12/7/2024 22:08:42,22.50,2165.44,3.91,1,4,0,3,0,507,0,Free
12/7/2024 22:08:43,22.50,2166.08,3.91,1,4,0,3,0,508,5,Free
12/7/2024 22:09:49,22.50,2170.09,3.91,1,4,0,3,0,509,531,Free
12/7/2024 22:11:16,22.50,2188.85,3.91,1,4,0,3,0,509,0,Free
12/7/2024 22:11:25,22.50,2190.49,3.91,1,4,0,3,0,510,728,Free
12/7/2024 22:11:37,22.50,2192.19,3.91,1,4,0,3,0,511,782,Free
12/7/2024 22:11:44,22.50,2197.02,3.91,1,4,0,3,0,512,4207,Free
12/7/2024 22:12:13,22.50,2198.94,3.91,1,4,0,3,0,513,152,Free
12/7/2024 22:12:32,22.50,2200.57,3.91,1,4,0,3,0,514,143,Free
12/7/2024 22:12:37,22.50,2201.20,3.91,1,4,0,3,0,515,0,Free
12/7/2024 22:12:43,22.75,2201.82,3.91,1,4,0,4,0,515,0,Free
12/7/2024 22:15:21,22.75,2209.87,3.91,1,4,0,4,0,516,0,Free
12/7/2024 22:16:22,22.50,2213.35,3.91,1,4,0,4,0,517,0,Free
12/7/2024 22:16:28,22.50,2214.45,3.91,1,4,0,4,0,518,471,Free
12/7/2024 22:16:58,22.50,2216.51,3.91,1,4,0,4,0,519,0,Free
12/7/2024 22:18:48,22.50,2223.21,3.91,1,4,0,4,0,520,937,Free
12/7/2024 22:18:49,22.50,2223.83,3.91,1,4,0,4,0,521,0,Free
12/7/2024 22:18:54,22.50,2224.46,3.91,1,4,0,4,0,522,0,Free
12/7/2024 22:19:06,22.50,2225.41,3.91,1,4,0,4,0,523,29,Free
12/7/2024 22:19:30,22.50,2227.18,3.91,1,4,0,4,0,524,0,Free
12/7/2024 22:19:31,22.50,2227.81,3.91,1,4,0,4,0,525,13,Free
12/7/2024 22:19:32,22.50,2228.44,3.91,1,4,0,4,0,526,0,Free
12/7/2024 22:19:37,22.50,2229.13,3.91,1,4,0,4,0,527,64,Free
12/7/2024 22:20:06,22.50,2233.05,3.91,1,4,0,4,0,528,2145,Free
12/7/2024 22:23:13,22.50,2244.31,3.91,1,4,0,4,0,529,2075,Free
12/7/2024 22:23:15,22.50,2245.13,3.91,1,4,0,4,0,530,185,Free
12/7/2024 22:23:21,22.50,2248.51,3.91,1,4,0,4,0,531,2750,Free
12/7/2024 22:23:23,22.50,2249.13,3.91,1,4,0,4,0,532,1,Free
12/7/2024 22:23:25,22.50,2249.79,3.91,1,4,0,4,0,533,22,Free
12/7/2024 22:23:28,22.50,2250.42,3.91,1,4,0,4,0,534,0,Free
12/7/2024 22:23:55,22.50,2252.18,3.91,1,4,0,4,0,535,0,Free
12/7/2024 22:25:57,22.50,2258.72,3.91,1,4,0,4,0,536,195,Free
12/7/2024 22:25:58,22.50,2259.44,3.91,1,4,0,4,0,537,99,Free
12/7/2024 22:26:00,22.50,2260.24,3.91,1,4,0,4,0,538,168,Free
12/7/2024 22:26:01,22.50,2261.02,3.91,1,4,0,4,0,539,151,Free
12/7/2024 22:26:07,22.50,2262.34,3.91,1,4,0,4,0,540,695,Free
12/7/2024 22:26:10,22.50,2263.00,3.91,1,4,0,4,0,541,30,Free
12/7/2024 22:26:22,22.50,2264.23,3.91,1,4,0,4,0,542,321,Free
12/7/2024 22:26:23,22.50,2264.86,3.91,1,4,0,4,0,543,0,Free
12/7/2024 22:26:24,22.50,2265.96,3.91,1,4,0,4,0,544,471,Free
12/7/2024 22:26:43,22.50,2267.51,3.91,1,4,0,4,0,545,352,Free
12/7/2024 22:26:45,22.50,2268.53,3.91,1,4,0,4,0,546,393,Free
12/7/2024 22:27:02,22.50,2269.72,3.91,1,4,0,4,0,547,0,Free
12/7/2024 22:27:47,22.50,2286.49,3.91,1,4,0,4,0,547,0,Free
12/7/2024 22:30:06,22.75,2293.68,3.91,1,4,0,4,0,548,0,Free
12/7/2024 22:34:49,22.50,2307.43,3.91,1,4,0,4,0,549,0,Free
12/7/2024 22:34:51,22.50,2308.98,3.91,1,4,0,4,0,550,920,Free
12/7/2024 22:37:07,22.50,2315.89,3.91,1,4,0,4,0,551,0,Free
12/7/2024 22:38:56,22.50,2321.67,3.91,1,4,0,4,0,552,22,Free
12/7/2024 22:39:51,22.50,2325.55,3.91,1,4,0,4,0,553,963,Free
12/7/2024 22:40:05,22.50,2326.90,3.91,1,4,0,4,0,554,151,Free
12/7/2024 22:40:07,22.50,2327.76,3.91,1,4,0,4,0,555,239,Free
12/7/2024 22:41:20,22.50,2331.99,3.91,1,4,0,4,0,556,169,Free
12/7/2024 22:41:43,22.50,2333.47,3.91,1,4,0,4,0,557,0,Free
12/7/2024 22:43:43,22.50,2339.53,3.91,1,4,0,4,0,558,0,Free
12/7/2024 22:45:34,22.50,2359.42,3.91,1,4,0,4,0,558,0,Free
12/7/2024 22:51:34,22.50,2377.58,3.91,1,4,0,4,0,559,687,Free
12/7/2024 22:51:40,22.50,2378.49,3.91,1,4,0,4,0,560,0,Free
12/7/2024 22:51:41,22.50,2379.45,3.91,1,4,0,4,0,561,333,Free
12/7/2024 22:51:42,22.50,2380.08,3.91,1,4,0,4,0,562,0,Free
12/7/2024 22:51:44,22.50,2380.97,3.91,1,4,0,4,0,563,264,Free
12/7/2024 22:51:46,22.50,2382.99,3.91,1,4,0,4,0,564,1395,Free
12/7/2024 22:51:50,22.50,2384.78,3.91,1,4,0,4,0,565,1161,Free
12/7/2024 22:52:05,22.50,2386.61,3.91,1,4,0,4,0,566,635,Free
12/7/2024 22:52:18,22.50,2387.74,3.91,1,4,0,4,0,567,212,Free
12/7/2024 22:52:21,22.50,2388.36,3.91,1,4,0,4,0,568,0,Free
12/7/2024 22:52:27,22.50,2389.09,3.91,1,4,0,4,0,569,100,Free
12/7/2024 22:52:36,22.50,2390.00,3.91,1,4,0,4,0,570,0,Free
12/7/2024 22:52:40,22.50,2391.03,3.91,1,4,0,4,0,571,402,Free
12/7/2024 23:03:13,22.50,2435.76,3.91,1,4,0,4,0,571,0,Free
12/7/2024 23:21:28,22.50,2502.46,3.91,1,4,0,4,0,571,0,Free
12/7/2024 23:39:24,22.50,2554.18,3.91,1,4,0,4,0,572,0,Free
12/7/2024 23:39:39,22.50,2569.51,3.91,1,4,0,4,0,572,0,Free
12/7/2024 23:40:01,22.50,2570.99,3.90,1,4,0,4,0,573,0,Free
12/7/2024 23:40:14,22.50,2572.54,3.91,1,4,0,4,0,574,631,Free
12/7/2024 23:46:18,22.50,2590.40,3.91,1,4,0,4,0,575,117,Free
12/7/2024 23:46:23,22.50,2592.96,3.91,1,4,0,4,0,576,1930,Free
12/7/2024 23:46:29,22.50,2594.36,3.91,1,4,0,4,0,577,764,Free
12/7/2024 23:46:32,22.50,2595.32,3.91,1,4,0,4,0,578,333,Free
12/7/2024 23:46:35,22.50,2595.95,3.91,1,4,0,4,0,579,5,Free
12/7/2024 23:46:37,22.50,2596.57,3.91,1,4,0,4,0,580,0,Free
12/7/2024 23:46:59,22.50,2598.07,3.91,1,4,0,4,0,581,0,Free
12/7/2024 23:47:00,22.50,2598.97,3.91,1,4,0,4,0,582,272,Free
12/7/2024 23:47:13,22.50,2600.55,3.91,1,4,0,4,0,583,670,Free
12/7/2024 23:47:15,22.50,2601.18,3.91,1,4,0,4,0,584,0,Free
12/7/2024 23:47:18,22.50,2601.81,3.91,1,4,0,4,0,585,0,Free
12/7/2024 23:47:23,22.50,2606.80,3.91,1,4,0,4,0,586,4364,Free
12/7/2024 23:47:28,22.50,2607.69,3.91,1,4,0,4,0,587,263,Free
12/7/2024 23:47:30,22.50,2608.85,3.91,1,4,0,4,0,588,531,Free
12/7/2024 23:47:31,22.50,2609.61,3.91,1,4,0,4,0,589,134,Free
12/7/2024 23:47:36,22.50,2611.29,3.91,1,4,0,4,0,590,1057,Free
12/7/2024 23:47:38,22.50,2611.93,3.91,1,4,0,4,0,591,13,Free
12/7/2024 23:47:42,22.50,2612.56,3.91,1,4,0,4,0,592,0,Free
12/7/2024 23:47:43,22.50,2613.82,3.91,1,4,0,4,0,593,627,Free
12/7/2024 23:47:45,22.50,2615.19,3.91,1,4,0,4,0,594,745,Free
12/7/2024 23:52:29,22.50,2629.23,3.91,1,4,0,4,0,595,0,Free
12/7/2024 23:52:31,22.50,2630.17,3.91,1,4,0,4,0,596,308,Free
12/7/2024 23:52:33,22.50,2631.33,3.91,1,4,0,4,0,597,531,Free
12/7/2024 23:52:35,22.50,2632.03,3.90,1,4,0,4,0,598,83,Free
12/7/2024 23:52:41,22.50,2632.66,3.91,1,4,0,4,0,599,0,Free
12/7/2024 23:52:43,22.50,2633.96,3.91,1,4,0,4,0,600,670,Free
12/7/2024 23:52:48,22.50,2635.08,3.91,1,4,0,4,0,601,488,Free
12/7/2024 23:52:52,22.50,2635.71,3.91,1,4,0,4,0,602,0,Free
12/7/2024 23:52:54,22.50,2636.63,3.91,1,4,0,4,0,603,299,Free
12/7/2024 23:52:58,22.50,2637.35,3.91,1,4,0,4,0,604,92,Free
12/7/2024 23:53:00,22.50,2638.01,3.91,1,4,0,4,0,605,30,Free
12/7/2024 23:53:03,22.50,2639.28,3.91,1,4,0,4,0,606,644,Free
12/7/2024 23:53:17,22.50,2641.39,3.91,1,4,0,4,0,607,911,Free
12/7/2024 23:56:20,22.50,2664.72,3.91,1,4,0,4,0,607,0,Free
12/7/2024 23:56:32,22.50,2666.51,3.91,1,4,0,4,0,608,877,Free
12/7/2024 23:56:36,22.50,2667.14,3.91,1,4,0,4,0,609,0,Free
12/7/2024 23:56:39,22.50,2668.02,3.90,1,4,0,4,0,610,255,Free
12/7/2024 23:56:46,22.50,2668.93,3.91,1,4,0,4,0,611,0,Free
12/7/2024 23:56:48,22.50,2669.72,3.91,1,4,0,4,0,612,159,Free
12/7/2024 23:56:50,22.50,2670.60,3.90,1,4,0,4,0,613,255,Free
12/7/2024 23:56:58,22.50,2671.66,3.91,1,4,0,4,0,614,151,Free
12/7/2024 23:57:00,22.50,2672.33,3.91,1,4,0,4,0,615,39,Free
12/7/2024 23:57:02,22.50,2673.07,3.90,1,4,0,4,0,616,108,Free
12/7/2024 23:57:04,22.50,2673.69,3.90,1,4,0,4,0,617,0,Free
12/7/2024 23:57:05,22.50,2674.65,3.91,1,4,0,4,0,618,325,Free
12/7/2024 23:57:08,22.50,2675.29,3.91,1,4,0,4,0,619,22,Free
12/7/2024 23:57:10,22.50,2676.50,3.91,1,4,0,4,0,620,583,Free
12/7/2024 23:57:15,22.50,2677.16,3.91,1,4,0,4,0,621,30,Free
12/7/2024 23:57:16,22.50,2677.80,3.91,1,4,0,4,0,622,13,Free
12/7/2024 23:57:38,22.50,2679.41,3.91,1,4,0,4,0,623,125,Free
12/8/2024 0:13:41,22.50,2739.84,3.91,1,4,0,4,0,623,0,Free
12/8/2024 0:31:56,22.50,2806.55,3.91,1,4,0,4,0,623,0,Free
12/8/2024 0:32:16,22.50,2808.03,3.90,1,4,0,4,0,624,0,Free
12/8/2024 0:32:25,22.50,2813.73,3.90,1,4,0,4,0,625,5068,Free
12/8/2024 0:32:29,22.50,2814.94,3.91,1,4,0,4,0,626,583,Free
12/8/2024 0:32:32,22.50,2816.38,3.90,1,4,0,4,0,627,817,Free
12/8/2024 0:32:36,22.50,2817.43,3.91,1,4,0,4,0,628,418,Free
12/8/2024 0:32:38,22.50,2818.84,3.91,1,4,0,4,0,629,782,Free
12/8/2024 0:32:43,22.50,2819.53,3.91,1,4,0,4,0,630,65,Free
12/8/2024 0:32:51,22.50,2820.45,3.91,1,4,0,4,0,631,0,Free
12/8/2024 0:32:56,22.50,2824.82,3.91,1,4,0,4,0,632,3742,Free
12/8/2024 0:33:12,22.50,2826.34,3.91,1,4,0,4,0,633,324,Free
12/8/2024 0:33:14,22.50,2827.46,3.90,1,4,0,4,0,634,488,Free
12/8/2024 0:33:16,22.50,2828.31,3.91,1,4,0,4,0,635,220,Free
12/8/2024 0:33:20,22.50,2829.80,3.91,1,4,0,4,0,636,868,Free
12/8/2024 0:33:38,22.50,2831.24,3.91,1,4,0,4,0,637,238,Free
12/8/2024 0:33:47,22.50,2832.38,3.90,1,4,0,4,0,638,229,Free
12/8/2024 0:33:50,22.50,2833.10,3.91,1,4,0,4,0,639,91,Free
12/8/2024 0:33:52,22.50,2833.77,3.91,1,4,0,4,0,640,39,Free
12/8/2024 0:44:38,22.50,2865.34,3.90,1,4,0,4,0,641,411,Free
12/8/2024 0:44:42,22.50,2866.54,3.90,1,4,0,4,0,642,566,Free
12/8/2024 0:44:45,22.50,2868.80,3.90,1,4,0,4,0,643,1636,Free
12/8/2024 0:44:49,22.50,2870.85,3.90,1,4,0,4,0,644,1420,Free
12/8/2024 0:44:54,22.50,2871.47,3.90,1,4,0,4,0,645,0,Free
12/8/2024 0:44:55,22.50,2872.10,3.91,1,4,0,4,0,646,0,Free
12/8/2024 0:44:57,22.50,2873.17,3.90,1,4,0,4,0,647,445,Free
12/8/2024 0:45:04,22.50,2874.13,3.91,1,4,0,4,0,648,326,Free
12/8/2024 0:45:07,22.50,2875.04,3.90,1,4,0,4,0,649,280,Free
12/8/2024 0:45:15,22.50,2877.06,3.91,1,4,0,4,0,650,1110,Free
12/8/2024 0:45:17,22.50,2877.93,3.90,1,4,0,4,0,651,246,Free
12/8/2024 0:45:19,22.50,2878.60,3.91,1,4,0,4,0,652,39,Free
12/8/2024 0:45:22,22.50,2879.41,3.90,1,4,0,4,0,653,186,Free
12/8/2024 0:45:23,22.50,2880.83,3.91,1,4,0,4,0,654,791,Free
12/8/2024 0:45:29,22.50,2881.76,3.91,1,4,0,4,0,655,307,Free
12/8/2024 0:45:30,22.50,2882.46,3.91,1,4,0,4,0,656,65,Free
12/8/2024 0:45:33,22.50,2883.08,3.91,1,4,0,4,0,657,0,Free
12/8/2024 0:45:38,22.50,2887.55,3.90,1,4,0,4,0,658,3828,Free
12/8/2024 0:48:42,22.50,2910.87,3.91,1,4,0,4,0,658,0,Free
12/8/2024 0:54:46,22.50,2928.62,3.91,1,4,0,5,0,658,0,Free
12/8/2024 0:56:46,22.50,2934.67,3.90,1,4,0,5,0,659,0,Free
12/8/2024 0:56:53,22.50,2935.59,3.90,1,4,0,5,0,660,0,Free
12/8/2024 1:01:41,22.50,2949.91,3.91,1,4,0,5,0,661,0,Free
12/8/2024 1:06:45,22.50,2978.95,3.91,1,4,0,5,0,661,0,Free
12/8/2024 1:11:05,22.50,2991.94,3.90,1,4,0,5,0,662,91,Free
12/8/2024 1:11:08,22.50,2993.29,3.90,1,4,0,5,0,663,721,Free
12/8/2024 1:11:17,22.50,2994.20,3.90,1,4,0,5,0,664,0,Free
12/8/2024 1:11:19,22.50,2994.83,3.90,1,4,0,5,0,665,0,Free
12/8/2024 1:11:20,22.50,2995.55,3.91,1,4,0,5,0,666,99,Free
12/8/2024 1:11:22,22.50,2996.42,3.91,1,4,0,5,0,667,238,Free
12/8/2024 1:11:23,22.50,2997.09,3.90,1,4,0,5,0,668,40,Free
12/8/2024 1:11:25,22.50,2997.87,3.90,1,4,0,5,0,669,160,Free
12/8/2024 1:11:28,22.50,2998.53,3.91,1,4,0,5,0,670,30,Free
12/8/2024 1:11:34,22.50,2999.20,3.91,1,4,0,5,0,671,39,Free
12/8/2024 1:11:40,22.50,2999.83,3.90,1,4,0,5,0,672,5,Free
12/8/2024 1:11:43,22.50,3000.57,3.90,1,4,0,5,0,673,117,Free
12/8/2024 1:11:52,22.50,3001.61,3.90,1,4,0,5,0,674,126,Free
12/8/2024 1:11:53,22.50,3002.54,3.91,1,4,0,5,0,675,298,Free
12/8/2024 1:11:56,22.50,3003.16,3.90,1,4,0,5,0,676,0,Free
12/8/2024 1:11:57,22.50,3003.79,3.90,1,4,0,5,0,677,0,Free
12/8/2024 1:11:59,22.50,3004.45,3.91,1,4,0,5,0,678,31,Free
12/8/2024 1:12:03,22.50,3005.29,3.90,1,4,0,5,0,679,212,Free
12/8/2024 1:24:00,22.50,3054.02,3.90,1,4,0,5,0,679,0,Free
12/8/2024 1:42:15,22.50,3120.73,3.90,1,4,0,5,0,679,0,Free
12/8/2024 1:43:24,22.50,3124.50,3.90,1,4,0,5,0,680,0,Free
12/8/2024 1:43:25,22.50,3125.12,3.90,1,4,0,5,0,681,0,Free
12/8/2024 1:43:34,22.50,3126.04,3.90,1,4,0,5,0,682,0,Free
12/8/2024 1:43:44,22.50,3127.81,3.90,1,4,0,5,0,683,859,Free
12/8/2024 1:43:49,22.50,3128.77,3.90,1,4,0,5,0,684,332,Free
12/8/2024 1:44:01,22.50,3130.42,3.90,1,4,0,5,0,685,738,Free
12/8/2024 1:44:03,22.50,3131.18,3.90,1,4,0,5,0,686,133,Free
12/8/2024 1:44:08,22.50,3131.89,3.90,1,4,0,5,0,687,82,Free
12/8/2024 1:44:14,22.50,3135.74,3.90,1,4,0,5,0,688,3223,Free
12/8/2024 1:44:16,22.50,3137.05,3.90,1,4,0,5,0,689,686,Free
12/8/2024 1:44:17,22.50,3137.68,3.90,1,4,0,5,0,690,0,Free
12/8/2024 1:44:23,22.50,3138.45,3.90,1,4,0,5,0,691,142,Free
12/8/2024 1:44:33,22.50,3140.73,3.90,1,4,0,5,0,692,1360,Free
12/8/2024 1:44:36,22.50,3141.41,3.90,1,4,0,5,0,693,56,Free
12/8/2024 1:44:37,22.50,3142.10,3.90,1,4,0,5,0,694,66,Free
12/8/2024 1:44:47,22.50,3143.02,3.91,1,4,0,5,0,695,0,Free
12/8/2024 1:45:51,22.50,3146.50,3.91,1,4,0,5,0,696,0,Free
12/8/2024 1:59:48,22.50,3200.93,3.91,1,4,0,5,0,696,0,Free
12/8/2024 2:02:05,22.50,3207.84,3.90,1,4,0,5,0,697,0,Free
12/8/2024 2:18:02,22.50,3267.98,3.90,1,4,0,5,0,697,0,Free
12/8/2024 2:18:06,22.50,3270.16,3.90,1,4,0,5,0,698,1557,Free
12/8/2024 2:18:08,22.50,3270.79,3.91,1,4,0,5,0,699,0,Free
12/8/2024 2:19:46,22.50,3276.15,3.90,1,4,0,5,0,700,168,Free
12/8/2024 2:19:49,22.50,3276.92,3.90,1,4,0,5,0,701,134,Free
12/8/2024 2:19:51,22.50,3277.97,3.90,1,4,0,5,0,702,427,Free
12/8/2024 2:19:53,22.50,3279.24,3.91,1,4,0,5,0,703,635,Free
12/8/2024 2:19:56,22.50,3280.01,3.90,1,4,0,5,0,704,142,Free
12/8/2024 2:19:58,22.50,3281.35,3.90,1,4,0,5,0,705,713,Free
12/8/2024 2:20:00,22.50,3282.23,3.90,1,4,0,5,0,706,255,Free
12/8/2024 2:20:04,22.50,3283.33,3.90,1,4,0,5,0,707,471,Free
12/8/2024 2:20:05,22.50,3284.08,3.90,1,4,0,5,0,708,116,Free
12/8/2024 2:20:07,22.50,3284.83,3.91,1,4,0,5,0,709,126,Free
12/8/2024 2:20:09,22.50,3285.53,3.90,1,4,0,5,0,710,73,Free
12/8/2024 2:20:11,22.50,3286.84,3.90,1,4,0,5,0,711,678,Free
12/8/2024 2:20:13,22.50,3287.76,3.90,1,4,0,5,0,712,299,Free
12/8/2024 2:20:17,22.50,3288.39,3.90,1,4,0,5,0,713,0,Free
12/8/2024 2:20:23,22.50,3289.02,3.90,1,4,0,5,0,714,0,Free
12/8/2024 2:20:24,22.50,3289.74,3.90,1,4,0,5,0,715,90,Free
12/8/2024 2:20:26,22.50,3290.84,3.90,1,4,0,5,0,716,479,Free
12/8/2024 2:20:51,22.50,3292.75,3.90,1,4,0,5,0,717,142,Free
12/8/2024 2:20:57,22.50,3293.38,3.90,1,4,0,5,0,718,0,Free
12/8/2024 2:20:58,22.50,3294.01,3.90,1,4,0,5,0,719,0,Free
12/8/2024 2:21:07,22.50,3295.37,3.90,1,4,0,5,0,720,452,Free
12/8/2024 2:21:10,22.50,3296.81,3.90,1,4,0,5,0,721,813,Free
12/8/2024 2:21:11,22.50,3297.67,3.90,1,4,0,5,0,722,237,Free
12/8/2024 2:21:13,22.50,3298.30,3.90,1,4,0,5,0,723,0,Free
12/8/2024 2:21:14,22.50,3298.93,3.91,1,4,0,5,0,724,0,Free
12/8/2024 2:21:22,22.50,3299.84,3.90,1,4,0,5,0,725,0,Free
12/8/2024 2:21:23,22.50,3300.71,3.90,1,4,0,5,0,726,238,Free
12/8/2024 2:21:26,22.50,3301.62,3.90,1,4,0,5,0,727,280,Free
12/8/2024 2:21:27,22.50,3302.67,3.90,1,4,0,5,0,728,428,Free
12/8/2024 2:21:33,22.50,3303.90,3.91,1,4,0,5,0,729,599,Free
12/8/2024 2:21:37,22.50,3306.70,3.90,1,4,0,5,0,730,2179,Free
12/8/2024 2:21:44,22.50,3308.70,3.90,1,4,0,5,0,731,1357,Free
12/8/2024 2:21:47,22.50,3309.38,3.90,1,4,0,5,0,732,56,Free
12/8/2024 2:21:50,22.50,3310.84,3.90,1,4,0,5,0,733,834,Free
12/8/2024 2:21:56,22.50,3311.75,3.91,1,4,0,5,0,734,0,Free
12/8/2024 2:22:02,22.50,3312.38,3.90,1,4,0,5,0,735,0,Free
12/8/2024 2:34:11,22.50,3361.68,3.90,1,4,0,5,0,735,0,Free
12/8/2024 2:52:26,22.50,3428.39,3.90,1,4,0,5,0,735,0,Free
12/8/2024 2:56:11,22.50,3440.72,3.90,1,4,0,5,0,736,1145,Free
12/8/2024 2:58:04,22.50,3447.02,3.90,1,4,0,5,0,737,532,Free
12/8/2024 2:58:09,22.50,3447.65,3.90,1,4,0,5,0,738,0,Free
12/8/2024 2:58:11,22.50,3448.73,3.90,1,4,0,5,0,739,454,Free
12/8/2024 2:58:22,22.50,3449.64,3.90,1,4,0,5,0,740,0,Free
12/8/2024 2:58:24,22.50,3450.27,3.90,1,4,0,5,0,741,0,Free
12/8/2024 2:58:29,22.50,3451.09,3.91,1,4,0,5,0,742,195,Free
12/8/2024 2:58:31,22.50,3451.91,3.89,1,4,0,5,0,743,195,Free
12/8/2024 2:58:37,22.50,3454.05,3.90,1,4,0,5,0,744,1507,Free
12/8/2024 2:58:40,22.50,3454.77,3.90,1,4,0,5,0,745,91,Free
12/8/2024 2:58:42,22.50,3455.39,3.90,1,4,0,5,0,746,0,Free
12/8/2024 2:58:44,22.50,3456.02,3.91,1,4,0,5,0,747,0,Free
12/8/2024 2:58:46,22.50,3456.69,3.89,1,4,0,5,0,748,39,Free
12/8/2024 2:58:49,22.50,3458.53,3.90,1,4,0,5,0,749,1214,Free
12/8/2024 2:58:52,22.50,3459.41,3.91,1,4,0,5,0,750,255,Free
12/8/2024 2:59:08,22.50,3460.92,3.90,1,4,0,5,0,751,316,Free
12/8/2024 2:59:11,22.50,3461.55,3.90,1,4,0,5,0,752,0,Free
12/8/2024 2:59:13,22.50,3462.18,3.91,1,4,0,5,0,753,0,Free
12/8/2024 2:59:14,22.50,3462.80,3.89,1,4,0,5,0,754,0,Free
12/8/2024 2:59:16,22.50,3463.63,3.90,1,4,0,5,0,755,204,Free
12/8/2024 2:59:18,22.50,3464.42,3.90,1,4,0,5,0,756,152,Free
12/8/2024 2:59:19,22.50,3465.10,3.90,1,4,0,5,0,757,56,Free
12/8/2024 2:59:22,22.50,3465.84,3.90,1,4,0,5,0,758,108,Free
12/8/2024 3:09:32,22.50,3509.43,3.90,1,4,0,5,0,758,0,Free
12/8/2024 3:27:47,22.50,3576.14,3.90,1,4,0,5,0,758,0,Free
12/8/2024 3:46:02,22.50,3642.84,3.90,1,4,0,5,0,758,0,Free
12/8/2024 3:59:41,22.50,3682.28,3.90,1,4,0,5,0,759,0,Free
12/8/2024 4:04:14,22.50,3709.89,3.89,1,4,0,5,0,759,0,Free
12/8/2024 4:07:10,22.50,3718.86,3.89,1,4,0,5,0,760,65,Free
12/8/2024 4:07:29,22.50,3720.34,3.89,1,4,0,5,0,761,0,Free
12/8/2024 4:08:09,22.50,3722.75,3.90,1,4,0,5,0,762,65,Free
12/8/2024 4:08:22,22.50,3724.32,3.90,1,4,0,5,0,763,663,Free
12/8/2024 4:08:30,22.50,3725.62,3.90,1,4,0,5,0,764,385,Free
12/8/2024 4:08:44,22.50,3728.81,3.90,1,4,0,5,0,765,2276,Free
12/8/2024 4:08:49,22.50,3729.44,3.89,1,4,0,5,0,766,0,Free
12/8/2024 4:08:51,22.50,3730.31,3.90,1,4,0,5,0,767,246,Free
12/8/2024 4:09:48,22.50,3733.53,3.90,1,4,0,5,0,768,22,Free
12/8/2024 4:22:10,22.50,3783.40,3.90,1,4,0,5,0,768,0,Free
12/8/2024 4:40:25,22.50,3850.11,3.89,1,4,0,5,0,768,0,Free
12/8/2024 4:41:44,22.50,3855.10,3.90,1,4,0,5,0,769,652,Free
12/8/2024 4:41:46,22.50,3855.77,3.89,1,4,0,5,0,770,47,Free
12/8/2024 4:41:56,22.50,3856.72,3.90,1,4,0,5,0,771,31,Free
12/8/2024 4:41:57,22.50,3857.44,3.89,1,4,0,5,0,772,91,Free
12/8/2024 4:42:01,22.50,3858.13,3.89,1,4,0,5,0,773,66,Free
12/8/2024 4:42:03,22.50,3858.76,3.89,1,4,0,5,0,774,0,Free
12/8/2024 4:42:03,22.50,3859.38,3.90,1,4,0,5,0,775,0,Free
12/8/2024 4:42:04,22.50,3860.01,3.89,1,4,0,5,0,776,0,Free
12/8/2024 4:42:07,22.50,3860.66,3.89,1,4,0,5,0,777,13,Free
12/8/2024 4:42:11,22.50,3862.15,3.90,1,4,0,5,0,778,860,Free
12/8/2024 4:42:13,22.50,3862.96,3.90,1,4,0,5,0,779,186,Free
12/8/2024 4:42:15,22.50,3864.51,3.89,1,4,0,5,0,780,928,Free
12/8/2024 4:42:24,22.50,3869.27,3.89,1,4,0,5,0,781,4132,Free
12/8/2024 4:42:26,22.50,3869.92,3.90,1,4,0,5,0,782,22,Free
12/8/2024 4:42:27,22.50,3870.58,3.89,1,4,0,5,0,783,30,Free
12/8/2024 4:42:29,22.50,3871.71,3.90,1,4,0,5,0,784,505,Free
12/8/2024 4:42:30,22.50,3872.56,3.89,1,4,0,5,0,785,220,Free
12/8/2024 4:42:32,22.50,3873.29,3.89,1,4,0,5,0,786,100,Free
12/8/2024 4:42:32,22.50,3873.95,3.90,1,4,0,5,0,787,30,Free
12/8/2024 4:42:37,22.50,3875.39,3.89,1,4,0,5,0,788,816,Free
12/8/2024 4:42:38,22.50,3876.16,3.89,1,4,0,5,0,789,142,Free
12/8/2024 4:42:41,22.50,3878.80,3.89,1,4,0,5,0,790,2016,Free
12/8/2024 4:42:43,22.50,3880.13,3.89,1,4,0,5,0,791,704,Free
12/8/2024 4:42:45,22.50,3880.78,3.90,1,4,0,5,0,792,22,Free
12/8/2024 4:42:48,22.50,3881.41,3.90,1,4,0,5,0,793,0,Free
12/8/2024 4:42:50,22.50,3882.47,3.89,1,4,0,5,0,794,436,Free
12/8/2024 4:42:51,22.50,3883.10,3.90,1,4,0,5,0,795,0,Free
12/8/2024 4:42:52,22.50,3883.73,3.90,1,4,0,5,0,796,0,Free
12/8/2024 4:42:55,22.50,3884.36,3.90,1,4,0,5,0,797,0,Free
12/8/2024 4:42:56,22.50,3885.05,3.90,1,4,0,5,0,798,65,Free
12/8/2024 4:42:58,22.50,3885.68,3.90,1,4,0,5,0,799,0,Free
12/8/2024 4:43:00,22.50,3886.34,3.89,1,4,0,5,0,800,39,Free
12/8/2024 4:43:02,22.50,3886.97,3.90,1,4,0,5,0,801,0,Free
12/8/2024 4:43:03,22.50,3887.60,3.90,1,4,0,5,0,802,0,Free
12/8/2024 4:43:06,22.50,3888.58,3.89,1,4,0,5,0,803,358,Free
12/8/2024 4:43:08,22.50,3889.80,3.89,1,4,0,5,0,804,575,Free
12/8/2024 4:43:10,22.50,3890.65,3.89,1,4,0,5,0,805,229,Free
12/8/2024 4:43:11,22.50,3891.28,3.89,1,4,0,5,0,806,0,Free
12/8/2024 4:43:21,22.50,3894.28,3.90,1,4,0,5,0,807,2084,Free
12/8/2024 4:43:28,22.50,3895.19,3.90,1,4,0,5,0,808,0,Free
12/8/2024 4:43:54,22.50,3896.96,3.89,1,4,0,5,0,809,0,Free
12/8/2024 4:44:27,22.50,3900.93,3.89,1,4,0,5,0,810,1922,Free
12/8/2024 4:44:29,22.50,3901.61,3.90,1,4,0,5,0,811,49,Free
12/8/2024 4:44:30,22.50,3902.24,3.89,1,4,0,5,0,812,0,Free
12/8/2024 4:44:37,22.50,3904.68,3.90,1,4,0,5,0,813,1812,Free
12/8/2024 4:44:54,22.50,3906.04,3.89,1,4,0,5,0,814,167,Free
12/8/2024 4:44:58,22.50,3906.67,3.90,1,4,0,5,0,815,0,Free
12/8/2024 4:45:02,22.50,3909.33,3.90,1,4,0,5,0,816,2033,Free
12/8/2024 4:45:23,22.50,3911.91,3.90,1,4,0,5,0,817,1100,Free
12/8/2024 4:48:37,22.50,3922.05,3.89,1,4,0,5,0,818,375,Free
12/8/2024 4:48:40,22.50,3922.68,3.89,1,4,0,5,0,819,0,Free
12/8/2024 4:48:42,22.50,3924.19,3.89,1,4,0,5,0,820,885,Free
12/8/2024 4:48:44,22.50,3925.69,3.90,1,4,0,5,0,821,876,Free
12/8/2024 4:48:50,22.50,3926.61,3.90,1,4,0,5,0,822,0,Free
12/8/2024 4:48:55,22.50,3927.59,3.89,1,4,0,5,0,823,358,Free
12/8/2024 4:48:56,22.50,3928.22,3.89,1,4,0,5,0,824,0,Free
12/8/2024 4:48:59,22.50,3930.14,3.90,1,4,0,5,0,825,1291,Free
12/8/2024 4:49:09,22.50,3931.05,3.90,1,4,0,5,0,826,0,Free
12/8/2024 4:49:12,22.50,3931.68,3.90,1,4,0,5,0,827,0,Free
12/8/2024 4:49:14,22.50,3932.38,3.89,1,4,0,5,0,828,82,Free
12/8/2024 4:49:16,22.50,3933.10,3.89,1,4,0,5,0,829,82,Free
12/8/2024 4:49:17,22.50,3933.73,3.89,1,4,0,5,0,830,0,Free
12/8/2024 4:49:18,22.50,3934.38,3.89,1,4,0,5,0,831,22,Free
12/8/2024 4:49:20,22.50,3935.01,3.89,1,4,0,5,0,832,0,Free
12/8/2024 4:49:22,22.50,3935.64,3.90,1,4,0,5,0,833,0,Free
12/8/2024 4:49:24,22.50,3936.26,3.89,1,4,0,5,0,834,0,Free
12/8/2024 4:49:27,22.50,3937.48,3.90,1,4,0,5,0,835,592,Free
12/8/2024 4:49:31,22.50,3938.11,3.89,1,4,0,5,0,836,0,Free
12/8/2024 4:49:33,22.50,3939.09,3.90,1,4,0,5,0,837,351,Free
12/8/2024 4:49:37,22.50,3940.26,3.89,1,4,0,5,0,838,541,Free
12/8/2024 4:49:44,22.50,3943.84,3.89,1,4,0,5,0,839,2955,Free
12/8/2024 4:49:49,22.50,3945.15,3.90,1,4,0,5,0,840,686,Free
12/8/2024 4:49:53,22.50,3945.84,3.89,1,4,0,5,0,841,66,Free
12/8/2024 4:49:55,22.50,3947.85,3.89,1,4,0,5,0,842,1377,Free
12/8/2024 4:50:00,22.50,3949.34,3.89,1,4,0,5,0,843,860,Free
12/8/2024 4:50:20,22.50,3953.94,3.90,1,4,0,5,0,844,3406,Free
12/8/2024 4:54:24,22.50,3980.12,3.89,1,4,0,5,0,844,0,Free
12/8/2024 5:12:39,22.50,4046.83,3.89,1,4,0,5,0,844,0,Free
12/8/2024 5:12:44,22.50,4049.71,3.89,1,4,0,5,0,845,2250,Free
12/8/2024 5:14:13,22.50,4055.03,3.89,1,4,0,5,0,846,696,Free
12/8/2024 5:14:14,22.50,4055.65,3.89,1,4,0,5,0,847,0,Free
12/8/2024 5:14:15,22.50,4056.35,3.89,1,4,0,5,0,848,74,Free
12/8/2024 5:14:23,22.50,4057.39,3.89,1,4,0,5,0,849,125,Free
12/8/2024 5:15:17,22.50,4061.81,3.90,1,4,0,5,0,850,1506,Free
12/8/2024 5:15:23,22.50,4062.60,3.89,1,4,0,5,0,851,168,Free
12/8/2024 5:15:26,22.50,4063.23,3.89,1,4,0,5,0,852,0,Free
12/8/2024 5:17:27,22.50,4069.57,3.89,1,4,0,5,0,853,0,Free
12/8/2024 5:17:33,22.50,4070.76,3.89,1,4,0,5,0,854,566,Free
12/8/2024 5:17:34,22.50,4071.59,3.89,1,4,0,5,0,855,195,Free
12/8/2024 5:17:41,22.50,4072.51,3.89,1,4,0,5,0,856,0,Free
12/8/2024 5:17:42,22.50,4073.13,3.89,1,4,0,5,0,857,0,Free
12/8/2024 5:17:45,22.50,4074.33,3.89,1,4,0,5,0,858,575,Free
12/8/2024 5:19:08,22.50,4079.04,3.89,1,4,0,5,0,859,367,Free
12/8/2024 5:19:16,22.50,4080.39,3.89,1,4,0,5,0,860,436,Free
12/8/2024 5:30:07,22.50,4125.98,3.89,1,4,0,5,0,860,0,Free
12/8/2024 5:35:26,22.50,4141.44,3.90,1,4,0,5,0,861,0,Free
12/8/2024 5:37:56,22.50,4150.11,3.89,1,4,0,5,0,862,1188,Free
12/8/2024 5:37:57,22.50,4151.27,3.89,1,4,0,5,0,863,530,Free
12/8/2024 5:37:59,22.50,4152.25,3.89,1,4,0,5,0,864,349,Free
12/8/2024 5:38:04,22.50,4152.87,3.89,1,4,0,5,0,865,0,Free
12/8/2024 5:38:07,22.50,4154.26,3.89,1,4,0,5,0,866,764,Free
12/8/2024 5:38:11,22.50,4155.21,3.90,1,4,0,5,0,867,315,Free
12/8/2024 5:38:21,22.50,4156.14,3.89,1,4,0,5,0,868,22,Free
12/8/2024 5:38:23,22.50,4156.77,3.89,1,4,0,5,0,869,0,Free
12/8/2024 5:38:25,22.50,4157.70,3.89,1,4,0,5,0,870,298,Free
12/8/2024 5:38:34,22.50,4158.90,3.89,1,4,0,5,0,871,290,Free
12/8/2024 5:38:36,22.50,4159.53,3.89,1,4,0,5,0,872,0,Free
12/8/2024 5:38:39,22.50,4160.16,3.89,1,4,0,5,0,873,5,Free
12/8/2024 5:38:42,22.50,4160.78,3.90,1,4,0,5,0,874,0,Free
12/8/2024 5:38:46,22.50,4161.41,3.89,1,4,0,5,0,875,0,Free
12/8/2024 5:38:47,22.50,4162.30,3.89,1,4,0,5,0,876,264,Free
12/8/2024 5:38:51,22.50,4162.93,3.89,1,4,0,5,0,877,0,Free
12/8/2024 5:38:56,22.50,4163.67,3.89,1,4,0,5,0,878,108,Free
12/8/2024 5:38:58,22.50,4164.30,3.89,1,4,0,5,0,879,0,Free
12/8/2024 5:39:01,22.50,4165.00,3.89,1,4,0,5,0,880,65,Free
12/8/2024 5:47:28,22.50,4203.73,3.89,1,4,0,5,0,880,0,Free
12/8/2024 6:05:43,22.50,4270.44,3.89,1,4,0,5,0,880,0,Free
12/8/2024 6:23:58,22.50,4337.15,3.89,1,4,0,5,0,880,0,Free
12/8/2024 6:42:13,22.50,4403.85,3.89,1,4,0,5,0,880,0,Free
12/8/2024 7:00:28,22.50,4470.56,3.89,1,4,0,5,0,880,0,Free
12/8/2024 7:18:43,22.50,4537.27,3.89,1,4,0,5,0,880,0,Free
12/8/2024 7:36:58,22.50,4603.98,3.89,1,4,0,5,0,880,0,Free
12/8/2024 7:55:13,22.50,4670.69,3.89,1,4,0,5,0,880,0,Free
12/8/2024 8:05:21,22.50,4700.57,3.89,1,4,0,5,0,881,426,Free
12/8/2024 8:05:27,22.50,4701.23,3.89,1,4,0,5,0,882,39,Free
12/8/2024 8:05:29,22.50,4701.86,3.89,1,4,0,5,0,883,0,Free
12/8/2024 8:05:32,22.50,4704.54,3.89,1,4,0,5,0,884,2052,Free
12/8/2024 8:05:37,22.50,4706.70,3.89,1,4,0,5,0,885,1531,Free
12/8/2024 8:05:42,22.50,4709.56,3.89,1,4,0,5,0,886,2232,Free
12/8/2024 8:05:47,22.50,4710.38,3.89,1,4,0,5,0,887,194,Free
12/8/2024 8:05:49,22.50,4711.29,3.89,1,4,0,5,0,888,281,Free
12/8/2024 8:05:55,22.50,4712.21,3.89,1,4,0,5,0,889,0,Free
12/8/2024 8:05:57,22.50,4713.63,3.89,1,4,0,5,0,890,799,Free
12/8/2024 8:06:02,22.50,4715.96,3.89,1,4,0,5,0,891,1696,Free
12/8/2024 8:06:04,22.50,4716.58,3.88,1,4,0,5,0,892,0,Free
12/8/2024 8:06:06,22.50,4717.48,3.89,1,4,0,5,0,893,272,Free
12/8/2024 8:06:08,22.50,4718.11,3.89,1,4,0,5,0,894,0,Free
12/8/2024 8:06:12,22.50,4719.26,3.89,1,4,0,5,0,895,523,Free
12/8/2024 8:06:14,22.50,4720.69,3.89,1,4,0,5,0,896,799,Free
12/8/2024 8:06:21,22.50,4721.92,3.89,1,4,0,5,0,897,323,Free
12/8/2024 8:06:22,22.50,4722.55,3.89,1,4,0,5,0,898,0,Free
12/8/2024 8:06:27,22.50,4723.19,3.89,1,4,0,5,0,899,0,Free
12/8/2024 8:06:30,22.50,4725.22,3.89,1,4,0,5,0,900,1403,Free
12/8/2024 8:06:45,22.50,4726.43,3.89,1,4,0,5,0,901,13,Free
12/8/2024 8:06:45,22.50,4727.21,3.89,1,4,0,5,0,902,151,Free
12/8/2024 8:06:51,22.50,4728.39,3.89,1,4,0,5,0,903,556,Free
12/8/2024 8:06:57,22.50,4729.11,3.89,1,4,0,5,0,904,90,Free
12/8/2024 8:07:10,22.50,4730.31,3.89,1,4,0,5,0,905,0,Free
12/8/2024 8:07:15,22.50,4730.94,3.89,1,4,0,5,0,906,0,Free
12/8/2024 8:07:17,22.50,4731.56,3.89,1,4,0,5,0,907,0,Free
12/8/2024 8:07:20,22.50,4733.09,3.89,1,4,0,5,0,908,903,Free
12/8/2024 8:07:21,22.50,4733.85,3.89,1,4,0,5,0,909,126,Free
12/8/2024 8:07:22,22.50,4734.50,3.89,1,4,0,5,0,910,30,Free
12/8/2024 8:07:25,22.50,4735.13,3.89,1,4,0,5,0,911,0,Free
12/8/2024 8:07:30,22.50,4735.76,3.89,1,4,0,5,0,912,0,Free
12/8/2024 8:07:31,22.50,4736.39,3.89,1,4,0,5,0,913,0,Free
12/8/2024 8:07:36,22.50,4737.02,3.89,1,4,0,5,0,914,0,Free
12/8/2024 8:07:37,22.50,4737.65,3.89,1,4,0,5,0,915,4,Free
12/8/2024 8:07:50,22.50,4739.26,3.89,1,4,0,5,0,916,411,Free
12/8/2024 8:07:55,22.50,4739.91,3.89,1,4,0,5,0,917,30,Free
12/8/2024 8:07:57,22.50,4740.54,3.89,1,4,0,5,0,918,0,Free
12/8/2024 8:07:58,22.50,4741.17,3.89,1,4,0,5,0,919,0,Free
12/8/2024 8:08:03,22.50,4741.80,3.89,1,4,0,5,0,920,0,Free
12/8/2024 8:08:04,22.50,4742.53,3.89,1,4,0,5,0,921,109,Free
12/8/2024 8:08:07,22.50,4743.26,3.89,1,4,0,5,0,922,99,Free
12/8/2024 8:08:09,22.50,4744.64,3.89,1,4,0,5,0,923,756,Free
12/8/2024 8:08:13,22.50,4747.31,3.89,1,4,0,5,0,924,2041,Free
12/8/2024 8:08:16,22.50,4747.95,3.89,1,4,0,5,0,925,5,Free
12/8/2024 8:08:18,22.50,4749.30,3.89,1,4,0,5,0,926,721,Free
12/8/2024 8:08:19,22.50,4749.93,3.89,1,4,0,5,0,927,0,Free
12/8/2024 8:08:24,22.50,4750.61,3.89,1,4,0,5,0,928,56,Free
12/8/2024 8:08:25,22.50,4751.24,3.89,1,4,0,5,0,929,0,Free
12/8/2024 8:08:26,22.50,4751.87,3.89,1,4,0,5,0,930,0,Free
12/8/2024 8:10:03,22.50,4757.41,3.89,1,4,0,5,0,931,635,Free
12/8/2024 8:10:07,22.50,4760.57,3.89,1,4,0,5,0,932,2525,Free
12/8/2024 8:10:10,22.50,4761.19,3.89,1,4,0,5,0,933,0,Free
12/8/2024 8:10:13,22.50,4762.52,3.89,1,4,0,5,0,934,703,Free
12/8/2024 8:10:39,22.50,4778.43,3.89,1,4,0,5,0,934,0,Free
12/8/2024 8:28:54,22.50,4845.14,3.89,1,4,0,5,0,934,0,Free
12/8/2024 8:47:09,22.50,4911.85,3.89,1,4,0,5,0,934,0,Free
12/8/2024 9:05:24,22.50,4978.55,3.89,1,4,0,5,0,934,0,Free
12/8/2024 9:23:39,22.50,5045.26,3.89,1,4,0,5,0,934,0,Free
12/8/2024 9:37:04,22.50,5084.21,3.87,1,4,0,5,0,935,363,Free
12/8/2024 9:37:05,22.50,5085.06,3.87,1,4,0,5,0,936,211,Free
12/8/2024 9:37:07,22.50,5085.89,3.89,1,4,0,5,0,937,204,Free
12/8/2024 9:37:10,22.50,5086.73,3.89,1,4,0,5,0,938,212,Free
12/8/2024 9:37:19,22.50,5087.64,3.88,1,4,0,5,0,939,0,Free
12/8/2024 9:37:20,22.50,5088.43,3.89,1,4,0,5,0,940,161,Free
12/8/2024 9:37:27,22.50,5090.31,3.89,1,4,0,5,0,941,1249,Free
12/8/2024 9:37:29,22.50,5092.11,3.89,1,4,0,5,0,942,1179,Free
12/8/2024 9:37:32,22.50,5092.74,3.89,1,4,0,5,0,943,0,Free
12/8/2024 9:37:34,22.50,5093.66,3.89,1,4,0,5,0,944,298,Free
12/8/2024 9:37:37,22.50,5094.29,3.89,1,4,0,5,0,945,0,Free
12/8/2024 9:37:40,22.50,5095.99,3.89,1,4,0,5,0,946,1074,Free
12/8/2024 9:37:43,22.50,5096.62,3.88,1,4,0,5,0,947,0,Free
12/8/2024 9:37:45,22.50,5098.94,3.89,1,4,0,5,0,948,1688,Free
12/8/2024 9:37:48,22.50,5099.57,3.89,1,4,0,5,0,949,0,Free
12/8/2024 9:37:54,22.50,5100.40,3.89,1,4,0,5,0,950,204,Free
12/8/2024 9:37:56,22.50,5101.53,3.89,1,4,0,5,0,951,497,Free
12/8/2024 9:38:05,22.50,5103.13,3.87,1,4,0,5,0,952,685,Free
12/8/2024 9:38:12,22.50,5104.69,3.89,1,4,0,5,0,953,651,Free
12/8/2024 9:38:15,22.50,5105.48,3.89,1,4,0,5,0,954,169,Free
12/8/2024 9:38:18,22.50,5106.11,3.89,1,4,0,5,0,955,0,Free
12/8/2024 9:38:21,22.50,5106.74,3.89,1,4,0,5,0,956,0,Free
12/8/2024 9:38:24,22.50,5107.51,3.89,1,4,0,5,0,957,143,Free
12/8/2024 9:38:26,22.50,5108.19,3.89,1,4,0,5,0,958,49,Free
12/8/2024 9:38:30,22.50,5108.89,3.89,1,4,0,5,0,959,73,Free
12/8/2024 9:38:32,22.50,5109.77,3.89,1,4,0,5,0,960,255,Free
12/8/2024 9:38:43,22.50,5111.01,3.89,1,4,0,5,0,961,325,Free
12/8/2024 9:38:45,22.50,5112.86,3.89,1,4,0,5,0,962,1231,Free
12/8/2024 9:38:47,22.50,5113.95,3.88,1,4,0,5,0,963,454,Free
12/8/2024 9:38:50,22.50,5115.09,3.89,1,4,0,5,0,964,514,Free
12/8/2024 9:39:02,22.50,5116.01,3.89,1,4,0,5,0,965,13,Free
12/8/2024 9:39:04,22.50,5116.64,3.89,1,4,0,5,0,966,0,Free
12/8/2024 9:39:07,22.50,5117.52,3.89,1,4,0,5,0,967,247,Free
12/8/2024 9:39:08,22.50,5118.14,3.89,1,4,0,5,0,968,0,Free
12/8/2024 9:39:25,22.50,5119.93,3.89,1,4,0,5,0,969,592,Free
12/8/2024 9:39:27,22.50,5120.56,3.89,1,4,0,5,0,970,0,Free
12/8/2024 9:39:29,22.50,5122.48,3.88,1,4,0,5,0,971,1292,Free
12/8/2024 9:39:30,22.50,5123.11,3.89,1,4,0,5,0,972,0,Free
12/8/2024 9:39:31,22.50,5123.73,3.89,1,4,0,5,0,973,0,Free
12/8/2024 9:39:32,22.50,5124.38,3.89,1,4,0,5,0,974,13,Free
12/8/2024 9:39:48,22.50,5139.72,3.89,1,4,0,5,0,974,0,Free
12/8/2024 9:39:50,22.50,5140.37,3.89,1,4,0,5,0,975,22,Free
12/8/2024 9:39:56,22.50,5141.11,3.89,1,4,0,5,0,976,117,Free
12/8/2024 9:40:07,22.50,5142.56,3.89,1,4,0,5,0,977,540,Free
12/8/2024 9:40:11,22.50,5143.42,3.89,1,4,0,5,0,978,229,Free
12/8/2024 9:40:13,22.50,5144.05,3.89,1,4,0,5,0,979,0,Free
12/8/2024 9:40:16,22.50,5145.28,3.89,1,4,0,5,0,980,609,Free
12/8/2024 9:40:25,22.50,5151.40,3.89,1,4,0,5,0,981,5489,Free
12/8/2024 9:57:52,22.50,5215.83,3.89,1,4,0,5,0,981,0,Free
12/8/2024 10:16:07,22.50,5282.53,3.89,1,4,0,5,0,981,0,Free
12/8/2024 10:29:18,22.50,5320.55,3.89,1,4,0,5,0,982,0,Free
12/8/2024 10:29:20,22.50,5321.42,3.89,1,4,0,5,0,983,246,Free
12/8/2024 10:29:26,22.50,5325.28,3.89,1,4,0,5,0,984,3233,Free
12/8/2024 10:29:32,22.50,5326.36,3.89,1,4,0,5,0,985,451,Free
12/8/2024 10:29:38,22.50,5328.07,3.89,1,4,0,5,0,986,1084,Free
12/8/2024 10:29:43,22.50,5328.83,3.88,1,4,0,5,0,987,135,Free
12/8/2024 10:29:45,22.50,5329.56,3.89,1,4,0,5,0,988,100,Free
12/8/2024 10:29:50,22.50,5333.16,3.89,1,4,0,5,0,989,2974,Free
12/8/2024 10:29:51,22.50,5333.96,3.88,1,4,0,5,0,990,168,Free
12/8/2024 10:29:54,22.50,5335.69,3.88,1,4,0,5,0,991,1100,Free
12/8/2024 10:29:59,22.50,5336.31,3.89,1,4,0,5,0,992,0,Free
12/8/2024 10:30:05,22.50,5337.40,3.88,1,4,0,5,0,993,169,Free
12/8/2024 10:30:09,22.50,5338.57,3.89,1,4,0,5,0,994,548,Free
12/8/2024 10:30:12,22.50,5340.34,3.89,1,4,0,5,0,995,1144,Free
12/8/2024 10:30:15,22.50,5342.43,3.88,1,4,0,5,0,996,1464,Free
12/8/2024 10:30:21,22.50,5344.67,3.89,1,4,0,5,0,997,1601,Free
12/8/2024 10:30:22,22.50,5345.43,3.88,1,4,0,5,0,998,125,Free
12/8/2024 10:30:26,22.50,5348.87,3.89,1,4,0,5,0,999,2819,Free
12/8/2024 10:30:28,22.50,5350.08,3.89,1,4,0,5,0,1000,583,Free
12/8/2024 10:30:34,22.50,5351.44,3.89,1,4,0,5,0,1001,453,Free
12/8/2024 10:30:43,22.50,5352.80,3.89,1,4,0,5,0,1002,445,Free
12/8/2024 10:30:45,22.50,5353.43,3.89,1,4,0,5,0,1003,0,Free
12/8/2024 10:30:47,22.50,5354.65,3.89,1,4,0,5,0,1004,591,Free
12/8/2024 10:30:49,22.50,5355.97,3.89,1,4,0,5,0,1005,686,Free
12/8/2024 10:30:51,22.50,5356.93,3.89,1,4,0,5,0,1006,332,Free
12/8/2024 10:31:27,22.50,5359.42,3.89,1,4,0,5,0,1007,435,Free
12/8/2024 10:31:32,22.50,5361.10,3.89,1,4,0,5,0,1008,1049,Free
12/8/2024 10:31:37,22.50,5361.81,3.89,1,4,0,5,0,1009,91,Free
12/8/2024 10:31:40,22.50,5362.48,3.89,1,4,0,5,0,1010,39,Free
12/8/2024 10:31:42,22.50,5363.88,3.89,1,4,0,5,0,1011,773,Free
12/8/2024 10:31:52,22.50,5365.20,3.89,1,4,0,5,0,1012,410,Free
12/8/2024 10:31:57,22.50,5365.83,3.89,1,4,0,5,0,1013,0,Free
12/8/2024 10:31:59,22.50,5366.60,3.89,1,4,0,5,0,1014,143,Free
12/8/2024 10:32:01,22.50,5367.67,3.89,1,4,0,5,0,1015,445,Free
12/8/2024 10:32:03,22.50,5368.30,3.88,1,4,0,5,0,1016,0,Free
12/8/2024 10:32:05,22.50,5369.05,3.88,1,4,0,5,0,1017,126,Free
12/8/2024 10:32:07,22.50,5370.42,3.88,1,4,0,5,0,1018,739,Free
12/8/2024 10:32:17,22.50,5373.98,3.88,1,4,0,5,0,1019,2646,Free
12/8/2024 10:32:24,22.50,5380.62,3.89,1,4,0,5,0,1020,6011,Free
12/8/2024 10:32:39,22.50,5395.95,3.89,1,4,0,5,0,1020,0,Free
12/8/2024 10:39:29,22.50,5415.99,3.89,1,4,0,5,0,1021,0,Free
12/8/2024 10:42:56,22.50,5426.62,3.88,1,4,0,5,0,1022,298,Free
12/8/2024 10:43:58,22.50,5430.11,3.88,1,4,0,5,0,1023,0,Free
12/8/2024 10:45:34,22.50,5435.10,3.89,1,4,0,5,0,1024,81,Free
12/8/2024 10:46:43,22.25,5438.86,3.89,1,4,0,5,0,1025,0,Free
12/8/2024 10:50:40,22.25,5464.76,3.89,1,4,0,5,0,1025,0,Free
12/8/2024 11:08:55,22.25,5531.46,3.89,1,4,0,5,0,1025,0,Free
12/8/2024 11:22:47,22.25,5572.29,3.88,1,4,0,5,0,1026,815,Free
12/8/2024 11:22:50,22.25,5574.49,3.88,1,4,0,5,0,1027,1567,Free
12/8/2024 11:22:54,22.25,5575.19,3.87,1,4,0,5,0,1028,73,Free
12/8/2024 11:22:56,22.25,5577.47,3.88,1,4,0,5,0,1029,1653,Free
12/8/2024 11:23:02,22.25,5578.23,3.88,1,4,0,5,0,1030,134,Free
12/8/2024 11:23:07,22.25,5579.05,3.88,1,4,0,5,0,1031,195,Free
12/8/2024 11:23:09,22.25,5580.19,3.88,1,4,0,5,0,1032,514,Free
12/8/2024 11:23:15,22.25,5580.82,3.88,1,4,0,5,0,1033,0,Free
12/8/2024 11:23:19,22.25,5582.34,3.88,1,4,0,5,0,1034,894,Free
12/8/2024 11:23:44,22.25,5584.56,3.88,1,4,0,5,0,1035,728,Free
12/8/2024 11:23:47,22.25,5585.57,3.88,1,4,0,5,0,1036,384,Free
12/8/2024 11:24:03,22.25,5587.90,3.88,1,4,0,5,0,1037,1133,Free
12/8/2024 11:24:07,22.25,5588.53,3.89,1,4,0,5,0,1038,0,Free
12/8/2024 11:24:13,22.25,5589.15,3.87,1,4,0,5,0,1039,0,Free
12/8/2024 11:24:19,22.25,5589.78,3.88,1,4,0,5,0,1040,0,Free
12/8/2024 11:24:21,22.25,5590.41,3.89,1,4,0,5,0,1041,0,Free
12/8/2024 11:24:29,22.25,5592.14,3.88,1,4,0,5,0,1042,815,Free
12/8/2024 11:24:36,22.25,5593.05,3.88,1,4,0,5,0,1043,0,Free
12/8/2024 11:26:33,22.25,5613.24,3.88,1,4,0,5,0,1043,0,Free
12/8/2024 11:44:48,22.25,5679.94,3.89,1,4,0,5,0,1043,0,Free
12/8/2024 12:03:03,22.00,5746.65,3.88,1,4,0,5,0,1043,0,Free
12/8/2024 12:18:10,22.00,5791.38,3.88,1,4,0,5,0,1044,1283,Free
12/8/2024 12:18:15,22.00,5792.72,3.88,1,4,0,5,0,1045,712,Free
12/8/2024 12:18:17,22.00,5793.61,3.88,1,4,0,5,0,1046,263,Free
12/8/2024 12:18:18,22.00,5794.51,3.88,1,4,0,5,0,1047,272,Free
12/8/2024 12:18:22,22.00,5796.98,3.88,1,4,0,5,0,1048,1833,Free
12/8/2024 12:18:24,22.00,5797.60,3.88,1,4,0,5,0,1049,0,Free
12/8/2024 12:18:26,22.00,5798.48,3.88,1,4,0,5,0,1050,254,Free
12/8/2024 12:18:30,22.00,5800.65,3.88,1,4,0,5,0,1051,1541,Free
12/8/2024 12:18:33,22.00,5801.41,3.88,1,4,0,5,0,1052,134,Free
12/8/2024 12:18:36,22.00,5802.06,3.88,1,4,0,5,0,1053,22,Free
12/8/2024 12:18:41,22.00,5802.89,3.88,1,4,0,5,0,1054,203,Free
12/8/2024 12:18:43,22.00,5803.98,3.88,1,4,0,5,0,1055,463,Free
12/8/2024 12:18:48,22.00,5804.61,3.88,1,4,0,5,0,1056,0,Free
12/8/2024 12:18:50,22.00,5805.54,3.88,1,4,0,5,0,1057,298,Free
12/8/2024 12:18:59,22.00,5807.42,3.88,1,4,0,5,0,1058,972,Free
12/8/2024 12:19:10,22.00,5808.36,3.89,1,4,0,5,0,1059,22,Free
12/8/2024 12:19:13,22.00,5810.35,3.88,1,4,0,5,0,1060,1360,Free
12/8/2024 12:19:15,22.00,5810.97,3.88,1,4,0,5,0,1061,0,Free
12/8/2024 12:19:18,22.00,5811.76,3.88,1,4,0,5,0,1062,161,Free
12/8/2024 12:19:30,22.00,5812.71,3.88,1,4,0,5,0,1063,39,Free
12/8/2024 12:19:34,22.00,5813.34,3.88,1,4,0,5,0,1064,0,Free
12/8/2024 12:19:41,22.00,5814.48,3.88,1,4,0,5,0,1065,229,Free
12/8/2024 12:19:44,22.00,5815.81,3.88,1,4,0,5,0,1066,695,Free
12/8/2024 12:19:47,22.00,5816.49,3.88,1,4,0,5,0,1067,57,Free
12/8/2024 12:20:14,22.00,5832.39,3.88,1,4,0,5,0,1067,0,Free
12/8/2024 12:21:21,22.00,5838.00,3.87,1,4,0,5,0,1068,2124,Free
12/8/2024 12:21:23,22.00,5838.67,3.87,1,4,0,5,0,1069,48,Free
12/8/2024 12:21:32,22.00,5840.91,3.88,1,4,0,5,0,1070,1316,Free
12/8/2024 12:21:48,22.25,5842.11,3.88,1,4,0,5,0,1071,0,Free
12/8/2024 12:21:51,22.25,5843.39,3.88,1,4,0,5,0,1072,652,Free
12/8/2024 12:22:16,22.25,5845.16,3.88,1,4,0,5,0,1073,0,Free
12/8/2024 12:22:24,22.25,5852.57,3.88,1,4,0,5,0,1074,6790,Free
12/8/2024 12:38:15,22.00,5912.43,3.88,1,4,0,5,0,1074,0,Free
12/8/2024 12:56:30,22.00,5979.14,3.87,1,4,0,5,0,1074,0,Free
12/8/2024 13:14:45,22.00,6045.85,3.88,1,4,0,5,0,1074,0,Free
12/8/2024 13:15:16,22.00,6049.49,3.87,1,4,0,5,0,1075,1878,Free
12/8/2024 13:15:21,22.00,6052.13,3.88,1,4,0,5,0,1076,2012,Free
12/8/2024 13:15:22,22.00,6052.78,3.87,1,4,0,5,0,1077,13,Free
12/8/2024 13:15:24,22.00,6054.96,3.87,1,4,0,5,0,1078,1550,Free
12/8/2024 13:15:27,22.00,6056.17,3.88,1,4,0,5,0,1079,583,Free
12/8/2024 13:15:30,22.00,6057.65,3.88,1,4,0,5,0,1080,860,Free
12/8/2024 13:15:33,22.00,6059.22,3.88,1,4,0,5,0,1081,937,Free
12/8/2024 13:15:38,22.00,6060.32,3.87,1,4,0,5,0,1082,471,Free
12/8/2024 13:15:40,22.00,6061.93,3.88,1,4,0,5,0,1083,990,Free
12/8/2024 13:15:47,22.00,6063.22,3.88,1,4,0,5,0,1084,662,Free
12/8/2024 13:16:00,22.00,6064.97,3.88,1,4,0,5,0,1085,834,Free
12/8/2024 13:16:02,22.00,6066.20,3.87,1,4,0,5,0,1086,599,Free
12/8/2024 13:16:05,22.00,6067.11,3.88,1,4,0,5,0,1087,290,Free
12/8/2024 13:16:06,22.00,6067.74,3.88,1,4,0,5,0,1088,0,Free
12/8/2024 13:16:08,22.00,6068.54,3.88,1,4,0,5,0,1089,168,Free
12/8/2024 13:16:09,22.00,6069.25,3.87,1,4,0,5,0,1090,83,Free
12/8/2024 13:16:13,22.00,6069.87,3.87,1,4,0,5,0,1091,0,Free
12/8/2024 13:16:15,22.00,6070.79,3.88,1,4,0,5,0,1092,289,Free
12/8/2024 13:16:17,22.00,6072.16,3.87,1,4,0,5,0,1093,736,Free
12/8/2024 13:16:20,22.00,6073.31,3.87,1,4,0,5,0,1094,522,Free
12/8/2024 13:16:25,22.00,6074.66,3.88,1,4,0,5,0,1095,721,Free
12/8/2024 13:16:26,22.00,6075.41,3.88,1,4,0,5,0,1096,117,Free
12/8/2024 13:16:29,22.00,6077.01,3.87,1,4,0,5,0,1097,971,Free
12/8/2024 13:16:32,22.00,6077.77,3.87,1,4,0,5,0,1098,142,Free
12/8/2024 13:16:45,22.00,6079.22,3.87,1,4,0,5,0,1099,246,Free
12/8/2024 13:17:06,22.00,6083.26,3.87,1,4,0,5,0,1100,2844,Free
12/8/2024 13:31:51,22.00,6139.98,3.88,1,4,0,5,0,1100,0,Free
12/8/2024 13:50:06,22.00,6206.69,3.88,1,4,0,5,0,1100,0,Free
12/8/2024 14:08:21,22.00,6273.40,3.87,1,4,0,5,0,1100,0,Free
12/8/2024 14:26:36,22.25,6340.10,3.88,1,4,0,5,0,1100,0,Free
12/8/2024 14:42:41,22.25,6387.01,3.87,1,4,0,5,0,1101,609,Free
12/8/2024 14:42:45,22.25,6388.38,3.88,1,4,0,5,0,1102,748,Free
12/8/2024 14:42:52,22.25,6391.03,3.88,1,4,0,5,0,1103,2025,Free
12/8/2024 14:42:55,22.25,6392.31,3.87,1,4,0,5,0,1104,653,Free
12/8/2024 14:42:58,22.25,6394.21,3.87,1,4,0,5,0,1105,1274,Free
12/8/2024 14:43:00,22.25,6395.50,3.87,1,4,0,5,0,1106,652,Free
12/8/2024 14:43:03,22.25,6397.77,3.88,1,4,0,5,0,1107,1645,Free
12/8/2024 14:43:07,22.25,6398.78,3.88,1,4,0,5,0,1108,385,Free
12/8/2024 14:43:10,22.25,6400.09,3.88,1,4,0,5,0,1109,678,Free
12/8/2024 14:43:16,22.25,6401.58,3.88,1,4,0,5,0,1110,867,Free
12/8/2024 14:43:19,22.25,6402.97,3.87,1,4,0,5,0,1111,764,Free
12/8/2024 14:43:21,22.25,6404.59,3.87,1,4,0,5,0,1112,988,Free
12/8/2024 14:43:28,22.25,6405.93,3.87,1,4,0,5,0,1113,427,Free
12/8/2024 14:43:31,22.25,6406.62,3.87,1,4,0,5,0,1114,65,Free
12/8/2024 14:43:35,22.25,6407.45,3.87,1,4,0,5,0,1115,195,Free
12/8/2024 14:43:46,22.25,6412.71,3.87,1,4,0,5,0,1116,4343,Free
12/8/2024 14:43:54,22.25,6414.44,3.87,1,4,0,5,0,1117,824,Free
12/8/2024 14:44:09,22.25,6429.78,3.87,1,4,0,5,0,1117,0,Free
12/8/2024 15:02:24,22.25,6496.48,3.87,1,4,0,5,0,1117,0,Free
12/8/2024 15:09:08,22.25,6516.85,3.87,1,4,0,5,0,1118,616,Free
12/8/2024 15:09:11,22.25,6518.20,3.87,1,4,0,5,0,1119,722,Free
12/8/2024 15:09:15,22.25,6519.07,3.87,1,4,0,5,0,1120,238,Free
12/8/2024 15:09:18,22.25,6521.55,3.87,1,4,0,5,0,1121,1861,Free
12/8/2024 15:09:23,22.25,6522.31,3.87,1,4,0,5,0,1122,126,Free
12/8/2024 15:09:25,22.25,6523.29,3.87,1,4,0,5,0,1123,359,Free
12/8/2024 15:09:26,22.25,6524.22,3.88,1,4,0,5,0,1124,298,Free
12/8/2024 15:09:33,22.25,6525.58,3.87,1,4,0,5,0,1125,453,Free
12/8/2024 15:09:36,22.25,6526.33,3.87,1,4,0,5,0,1126,116,Free
12/8/2024 15:09:38,22.25,6527.73,3.87,1,4,0,5,0,1127,780,Free
12/8/2024 15:09:41,22.25,6529.16,3.87,1,4,0,5,0,1128,800,Free
12/8/2024 15:09:46,22.25,6530.50,3.87,1,4,0,5,0,1129,704,Free
12/8/2024 15:09:47,22.25,6531.45,3.87,1,4,0,5,0,1130,324,Free
12/8/2024 15:09:51,22.25,6533.99,3.87,1,4,0,5,0,1131,1913,Free
12/8/2024 15:09:54,22.25,6534.79,3.87,1,4,0,5,0,1132,178,Free
12/8/2024 15:09:58,22.25,6536.07,3.87,1,4,0,5,0,1133,652,Free
12/8/2024 15:10:01,22.25,6537.22,3.87,1,4,0,5,0,1134,521,Free
12/8/2024 15:10:03,22.25,6538.17,3.87,1,4,0,5,0,1135,324,Free
12/8/2024 15:10:12,22.25,6539.44,3.87,1,4,0,5,0,1136,359,Free
12/8/2024 15:10:15,22.25,6540.22,3.87,1,4,0,5,0,1137,143,Free
12/8/2024 15:10:16,22.25,6541.09,3.87,1,4,0,5,0,1138,246,Free
12/8/2024 15:10:27,22.25,6544.07,3.88,1,4,0,5,0,1139,2068,Free
12/8/2024 15:10:39,22.25,6545.56,3.87,1,4,0,5,0,1140,574,Free
12/8/2024 15:10:42,22.25,6546.42,3.87,1,4,0,5,0,1141,228,Free
12/8/2024 15:10:47,22.25,6547.78,3.87,1,4,0,5,0,1142,739,Free
12/8/2024 15:10:50,22.25,6548.48,3.87,1,4,0,5,0,1143,65,Free
12/8/2024 15:10:54,22.25,6549.57,3.88,1,4,0,5,0,1144,462,Free
12/8/2024 15:11:04,22.25,6551.64,3.87,1,4,0,5,0,1145,1153,Free
12/8/2024 15:11:16,22.25,6552.73,3.87,1,4,0,5,0,1146,177,Free
12/8/2024 15:13:07,22.25,6558.49,3.87,1,4,0,5,0,1147,0,Free
12/8/2024 15:19:16,22.25,6590.66,3.87,1,4,0,5,0,1147,0,Free
12/8/2024 15:37:31,22.25,6657.37,3.87,1,4,0,5,0,1147,0,Free
12/8/2024 15:55:46,22.25,6724.08,3.87,1,4,0,5,0,1147,0,Free
12/8/2024 16:12:41,22.25,6773.53,3.87,1,4,0,5,0,1148,873,Free
12/8/2024 16:12:44,22.25,6774.52,3.87,1,4,0,5,0,1149,368,Free
12/8/2024 16:12:50,22.25,6779.12,3.87,1,4,0,5,0,1150,3966,Free
12/8/2024 16:12:58,22.25,6780.48,3.88,1,4,0,5,0,1151,454,Free
12/8/2024 16:13:00,22.25,6781.72,3.87,1,4,0,5,0,1152,609,Free
12/8/2024 16:13:02,22.25,6782.35,3.87,1,4,0,5,0,1153,0,Free
12/8/2024 16:13:12,22.25,6783.26,3.87,1,4,0,5,0,1154,4,Free
12/8/2024 16:13:14,22.25,6783.89,3.87,1,4,0,5,0,1155,0,Free
12/8/2024 16:13:17,22.25,6784.86,3.87,1,4,0,5,0,1156,341,Free
12/8/2024 16:13:21,22.25,6786.41,3.87,1,4,0,5,0,1157,920,Free
12/8/2024 16:13:36,22.25,6801.74,3.87,1,4,0,5,0,1157,0,Free
12/8/2024 16:13:41,22.25,6803.76,3.87,1,4,0,5,0,1158,1386,Free
12/8/2024 16:13:43,22.25,6804.38,3.87,1,4,0,5,0,1159,0,Free
12/8/2024 16:13:45,22.25,6806.67,3.87,1,4,0,5,0,1160,1663,Free
12/8/2024 16:13:51,22.25,6810.29,3.87,1,4,0,5,0,1161,2992,Free
12/8/2024 16:13:56,22.25,6811.46,3.87,1,4,0,5,0,1162,546,Free
12/8/2024 16:13:59,22.25,6812.34,3.87,1,4,0,5,0,1163,238,Free
12/8/2024 16:14:04,22.25,6813.17,3.87,1,4,0,5,0,1164,201,Free
12/8/2024 16:14:08,22.25,6813.80,3.87,1,4,0,5,0,1165,0,Free
12/8/2024 16:14:10,22.25,6814.42,3.87,1,4,0,5,0,1166,0,Free
12/8/2024 16:14:14,22.25,6815.88,3.87,1,4,0,5,0,1167,832,Free
12/8/2024 16:14:20,22.50,6819.14,3.87,1,4,0,5,0,1168,2629,Free
12/8/2024 16:14:27,22.50,6821.56,3.87,1,4,0,5,0,1169,1800,Free
12/8/2024 16:14:29,22.50,6822.42,3.87,1,4,0,5,0,1170,229,Free
12/8/2024 16:14:31,22.50,6823.23,3.87,1,4,0,5,0,1171,177,Free
12/8/2024 16:14:35,22.50,6824.76,3.88,1,4,0,5,0,1172,909,Free
12/8/2024 16:14:37,22.50,6825.82,3.87,1,4,0,5,0,1173,428,Free
12/8/2024 16:14:40,22.50,6827.42,3.87,1,4,0,5,0,1174,971,Free
12/8/2024 16:14:44,22.50,6828.64,3.87,1,4,0,5,0,1175,592,Free
12/8/2024 16:14:47,22.50,6830.50,3.87,1,4,0,5,0,1176,1239,Free
12/8/2024 16:14:51,22.50,6831.56,3.87,1,4,0,5,0,1177,436,Free
12/8/2024 16:14:56,22.50,6832.19,3.87,1,4,0,5,0,1178,0,Free
12/8/2024 16:15:00,22.50,6833.11,3.87,1,4,0,5,0,1179,289,Free
12/8/2024 16:15:01,22.50,6834.09,3.87,1,4,0,5,0,1180,359,Free
12/8/2024 16:15:14,22.50,6835.51,3.87,1,4,0,5,0,1181,212,Free
12/8/2024 16:15:18,22.50,6836.63,3.87,1,4,0,5,0,1182,497,Free
12/8/2024 16:15:22,22.50,6838.28,3.87,1,4,0,5,0,1183,1023,Free
12/8/2024 16:15:24,22.50,6839.03,3.87,1,4,0,5,0,1184,125,Free
12/8/2024 16:15:26,22.50,6839.90,3.87,1,4,0,5,0,1185,246,Free
12/8/2024 16:15:27,22.50,6841.08,3.87,1,4,0,5,0,1186,549,Free
12/8/2024 16:15:32,22.50,6843.11,3.87,1,4,0,5,0,1187,1399,Free
12/8/2024 16:15:57,22.50,6845.15,3.87,1,4,0,5,0,1188,565,Free
12/8/2024 16:15:58,22.50,6846.15,3.87,1,4,0,5,0,1189,359,Free
12/8/2024 16:16:05,22.50,6847.40,3.87,1,4,0,5,0,1190,332,Free
12/8/2024 16:16:23,22.50,6849.29,3.87,1,4,0,5,0,1191,695,Free
12/8/2024 16:16:26,22.50,6850.33,3.87,1,4,0,5,0,1192,411,Free
12/8/2024 16:16:29,22.50,6851.48,3.87,1,4,0,5,0,1193,531,Free
12/8/2024 16:16:32,22.50,6853.15,3.87,1,4,0,5,0,1194,1040,Free
12/8/2024 16:16:39,22.50,6854.06,3.87,1,4,0,5,0,1195,0,Free
12/8/2024 16:16:41,22.50,6854.89,3.87,1,4,0,5,0,1196,195,Free
12/8/2024 16:16:44,22.50,6855.79,3.87,1,4,0,5,0,1197,272,Free
12/8/2024 16:30:05,22.50,6908.51,3.87,1,4,0,5,0,1197,0,Free
12/8/2024 16:38:15,22.50,6932.30,3.87,1,4,0,5,0,1198,39,Free
12/8/2024 16:38:26,22.50,6935.87,3.87,1,4,0,5,0,1199,2662,Free
12/8/2024 16:38:28,22.50,6936.96,3.87,1,4,0,5,0,1200,462,Free
12/8/2024 16:38:31,22.50,6938.21,3.87,1,4,0,5,0,1201,617,Free
12/8/2024 16:38:51,22.50,6940.14,3.87,1,4,0,5,0,1202,453,Free
12/8/2024 16:38:54,22.50,6942.07,3.87,1,4,0,5,0,1203,1298,Free
12/8/2024 16:38:57,22.50,6942.69,3.87,1,4,0,5,0,1204,0,Free
12/8/2024 16:39:20,22.50,6944.18,3.87,1,4,0,5,0,1205,0,Free
12/8/2024 16:47:59,22.50,6983.49,3.87,1,4,0,5,0,1205,0,Free
12/8/2024 17:06:14,22.50,7050.20,3.87,1,4,0,5,0,1205,0,Free
12/8/2024 17:24:29,22.50,7116.90,3.87,1,4,0,5,0,1205,0,Free
12/8/2024 17:42:44,22.50,7183.61,3.87,1,4,0,5,0,1205,0,Free
12/8/2024 18:00:59,22.50,7250.32,3.87,1,4,0,5,0,1205,0,Free
12/8/2024 18:16:18,22.25,7294.61,3.87,1,4,0,5,0,1206,0,Free
12/8/2024 18:16:19,22.25,7295.44,3.87,1,4,0,5,0,1207,203,Free
12/8/2024 18:16:21,22.25,7296.07,3.87,1,4,0,5,0,1208,0,Free
12/8/2024 18:16:22,22.25,7296.70,3.87,1,4,0,5,0,1209,0,Free
12/8/2024 18:16:28,22.25,7297.62,3.87,1,4,0,5,0,1210,0,Free
12/8/2024 18:16:29,22.25,7298.25,3.87,1,4,0,5,0,1211,0,Free
12/8/2024 18:16:53,22.25,7299.73,3.87,1,4,0,5,0,1212,0,Free
12/8/2024 18:17:17,22.25,7301.22,3.87,1,4,0,5,0,1213,0,Free
12/8/2024 18:18:44,22.25,7319.97,3.87,1,4,0,5,0,1213,0,Free
12/8/2024 18:21:15,22.50,7327.73,3.87,1,4,0,5,0,1214,0,Free
12/8/2024 18:27:49,22.25,7346.92,3.87,1,4,0,5,0,1215,0,Free
12/8/2024 18:31:45,22.25,7358.67,3.87,1,4,0,5,0,1216,0,Free
12/8/2024 18:33:15,22.25,7363.94,3.87,1,4,0,5,0,1217,643,Free
12/8/2024 18:36:34,22.25,7373.70,3.87,1,4,0,5,0,1218,0,Free
12/8/2024 18:36:49,22.25,7389.03,3.87,1,4,0,5,0,1218,0,Free
12/8/2024 18:45:28,22.25,7414.20,3.87,1,4,0,5,0,1219,0,Free
12/8/2024 18:45:49,22.25,7415.88,3.87,1,4,0,5,0,1220,195,Free
12/8/2024 18:46:03,22.25,7419.09,3.87,1,4,0,5,0,1221,2011,Free
12/8/2024 18:46:09,22.25,7422.74,3.87,1,4,0,5,0,1222,3017,Free
12/8/2024 18:46:13,22.25,7423.49,3.87,1,4,0,5,0,1223,125,Free
12/8/2024 18:46:14,22.25,7424.27,3.87,1,4,0,5,0,1224,152,Free
12/8/2024 18:46:16,22.25,7425.35,3.87,1,4,0,5,0,1225,453,Free
12/8/2024 18:46:24,22.25,7429.65,3.86,1,4,0,5,0,1226,3673,Free
12/8/2024 18:46:34,22.25,7432.01,3.87,1,4,0,5,0,1227,1445,Free
12/8/2024 18:46:36,22.25,7433.02,3.87,1,4,0,5,0,1228,385,Free
12/8/2024 18:46:39,22.25,7433.73,3.87,1,4,0,5,0,1229,83,Free
12/8/2024 18:46:40,22.25,7434.36,3.87,1,4,0,5,0,1230,0,Free
12/8/2024 18:54:31,22.25,7471.38,3.87,1,4,0,5,0,1230,0,Free
12/8/2024 19:02:03,22.25,7494.22,3.86,1,4,0,5,0,1231,807,Free
12/8/2024 19:02:10,22.25,7495.14,3.87,1,4,0,5,0,1232,0,Free
12/8/2024 19:02:14,22.25,7495.77,3.87,1,4,0,5,0,1233,0,Free
12/8/2024 19:10:41,22.25,7520.38,3.87,1,4,0,5,0,1234,0,Free
12/8/2024 19:10:42,22.25,7521.00,3.87,1,4,0,5,0,1235,0,Free
12/8/2024 19:10:44,22.25,7521.65,3.87,1,4,0,5,0,1236,22,Free
12/8/2024 19:10:45,22.25,7522.28,3.87,1,4,0,5,0,1237,0,Free
12/8/2024 19:10:51,22.25,7522.91,3.86,1,4,0,5,0,1238,0,Free
12/8/2024 19:12:18,22.25,7541.67,3.87,1,4,0,5,0,1238,0,Free
12/8/2024 19:17:43,22.25,7557.90,3.87,1,4,0,5,0,1239,194,Free
12/8/2024 19:17:46,22.25,7559.42,3.86,1,4,0,5,0,1240,894,Free
12/8/2024 19:17:52,22.25,7560.06,3.87,1,4,0,5,0,1241,13,Free
12/8/2024 19:17:59,22.25,7561.07,3.87,1,4,0,5,0,1242,99,Free
12/8/2024 19:18:04,22.25,7564.35,3.87,1,4,0,5,0,1243,2646,Free
12/8/2024 19:18:20,22.25,7565.67,3.87,1,4,0,5,0,1244,126,Free
12/8/2024 19:18:26,22.25,7566.30,3.87,1,4,0,5,0,1245,0,Free
12/8/2024 19:18:28,22.25,7567.02,3.87,1,4,0,5,0,1246,91,Free
12/8/2024 19:24:31,22.25,7584.77,3.86,1,4,0,5,0,1247,0,Free
12/8/2024 19:30:10,22.25,7615.51,3.86,1,4,0,5,0,1247,0,Free
12/8/2024 19:38:47,22.25,7640.82,3.87,1,4,0,5,0,1248,133,Free
12/8/2024 19:39:04,22.25,7643.06,3.87,1,4,0,5,0,1249,1042,Free
12/8/2024 19:39:11,22.25,7644.73,3.87,1,4,0,5,0,1250,1041,Free
12/8/2024 19:39:28,22.25,7646.19,3.87,1,4,0,5,0,1251,264,Free
12/8/2024 19:39:31,22.25,7646.99,3.87,1,4,0,5,0,1252,177,Free
12/8/2024 19:39:32,22.25,7647.62,3.87,1,4,0,5,0,1253,0,Free
12/8/2024 19:39:35,22.25,7648.32,3.87,1,4,0,5,0,1254,75,Free
12/8/2024 19:39:40,22.25,7649.64,3.87,1,4,0,5,0,1255,687,Free
12/8/2024 19:39:49,22.25,7652.29,3.87,1,4,0,5,0,1256,1739,Free
12/8/2024 19:39:52,22.25,7655.21,3.86,1,4,0,5,0,1257,2292,Free
12/8/2024 19:42:08,22.25,7662.12,3.86,1,4,0,5,0,1258,0,Free
12/8/2024 19:42:11,22.25,7662.77,3.87,1,4,0,5,0,1259,13,Free
12/8/2024 19:42:13,22.25,7663.52,3.86,1,4,0,5,0,1260,124,Free
12/8/2024 19:42:17,22.25,7664.15,3.87,1,4,0,5,0,1261,0,Free
12/8/2024 19:42:18,22.25,7664.77,3.87,1,4,0,5,0,1262,0,Free
12/8/2024 19:42:19,22.25,7665.63,3.87,1,4,0,5,0,1263,229,Free
12/8/2024 19:47:40,22.25,7695.52,3.87,1,4,0,5,0,1263,0,Free
12/8/2024 19:53:33,22.25,7713.16,3.86,1,4,0,5,0,1264,462,Free
12/8/2024 19:53:43,22.25,7714.15,3.86,1,4,0,5,0,1265,74,Free
12/8/2024 19:53:44,22.25,7714.78,3.87,1,4,0,5,0,1266,0,Free
12/8/2024 19:53:47,22.25,7717.67,3.86,1,4,0,5,0,1267,2265,Free
12/8/2024 19:53:49,22.25,7718.30,3.87,1,4,0,5,0,1268,0,Free
12/8/2024 19:53:55,22.25,7722.82,3.86,1,4,0,5,0,1269,3890,Free
12/8/2024 19:54:00,22.25,7723.54,3.86,1,4,0,5,0,1270,100,Free
12/8/2024 19:54:02,22.25,7724.17,3.87,1,4,0,5,0,1271,0,Free
12/8/2024 19:54:05,22.25,7725.26,3.87,1,4,0,5,0,1272,462,Free
12/8/2024 19:54:07,22.25,7725.89,3.87,1,4,0,5,0,1273,0,Free
12/8/2024 19:54:10,22.25,7726.52,3.86,1,4,0,5,0,1274,0,Free
12/8/2024 19:54:14,22.25,7727.88,3.86,1,4,0,5,0,1275,738,Free
12/8/2024 19:54:21,22.25,7729.64,3.86,1,4,0,5,0,1276,1132,Free
12/8/2024 20:05:24,22.00,7775.80,3.87,1,4,0,5,0,1276,0,Free
12/8/2024 20:22:31,22.00,7825.23,3.87,1,4,0,5,0,1277,0,Free
12/8/2024 20:22:35,22.00,7827.37,3.86,1,4,0,5,0,1278,1513,Free
12/8/2024 20:22:36,22.00,7829.06,3.87,1,4,0,5,0,1279,1064,Free
12/8/2024 20:22:42,22.00,7829.69,3.86,1,4,0,5,0,1280,0,Free
12/8/2024 20:22:45,22.00,7830.72,3.86,1,4,0,5,0,1281,402,Free
12/8/2024 20:22:58,22.00,7832.84,3.86,1,4,0,5,0,1282,1205,Free
12/8/2024 20:23:00,22.00,7833.48,3.87,1,4,0,5,0,1283,0,Free
12/8/2024 20:23:07,22.00,7835.07,3.86,1,4,0,5,0,1284,966,Free
12/8/2024 20:23:22,22.00,7850.40,3.86,1,4,0,5,0,1284,0,Free
12/8/2024 20:25:34,22.00,7857.02,3.86,1,4,0,5,0,1285,0,Free
12/8/2024 20:25:47,22.00,7858.82,3.86,1,4,0,5,0,1286,600,Free
12/8/2024 20:25:54,22.00,7860.11,3.87,1,4,0,5,0,1287,657,Free
12/8/2024 20:25:59,22.00,7861.39,3.87,1,4,0,5,0,1288,652,Free
12/8/2024 20:26:04,22.25,7862.93,3.85,1,4,0,5,0,1289,920,Free
12/8/2024 20:26:15,22.25,7864.38,3.86,1,4,0,5,0,1290,532,Free
12/8/2024 20:26:19,22.25,7865.01,3.86,1,4,0,5,0,1291,0,Free
12/8/2024 20:26:22,22.25,7865.64,3.86,1,4,0,5,0,1292,0,Free
12/8/2024 20:26:46,22.25,7867.12,3.86,1,4,0,5,0,1293,0,Free
12/8/2024 20:26:46,22.25,7867.75,3.86,1,4,0,5,0,1294,0,Free
12/8/2024 20:26:55,22.25,7868.66,3.86,1,4,0,5,0,1295,0,Free
12/8/2024 20:27:48,22.25,7871.57,3.86,1,4,0,5,0,1296,0,Free
12/8/2024 20:28:33,22.00,7874.91,3.87,1,4,0,5,0,1297,712,Free
12/8/2024 20:28:34,22.00,7875.67,3.86,1,4,0,5,0,1298,134,Free
12/8/2024 20:29:08,22.00,7877.79,3.86,1,4,0,5,0,1299,64,Free
12/8/2024 20:33:05,22.00,7897.95,3.86,1,4,0,5,0,1300,8970,Free
12/8/2024 20:33:31,22.00,7899.85,3.87,1,4,0,5,0,1301,133,Free
12/8/2024 20:39:41,22.00,7917.89,3.87,1,4,0,5,0,1302,0,Free
12/8/2024 20:41:08,22.00,7936.65,3.86,1,4,0,5,0,1302,0,Free
12/8/2024 20:50:36,22.00,7964.10,3.86,1,4,0,5,0,1303,0,Free
12/8/2024 20:51:12,22.00,7966.44,3.86,1,4,0,5,0,1304,0,Free
12/8/2024 20:53:38,22.00,7973.92,3.86,1,4,0,5,0,1305,0,Free
12/8/2024 20:57:07,22.00,7985.02,3.86,1,4,0,5,0,1306,764,Free
12/8/2024 20:57:09,22.00,7985.93,3.86,1,4,0,5,0,1307,273,Free
12/8/2024 20:57:16,22.00,7986.56,3.86,1,4,0,5,0,1308,0,Free
12/8/2024 20:57:17,22.00,7987.19,3.86,1,4,0,5,0,1309,0,Free
12/8/2024 20:57:18,22.00,7988.09,3.86,1,4,0,5,0,1310,281,Free
12/8/2024 20:57:19,22.00,7988.72,3.86,1,4,0,5,0,1311,0,Free
12/8/2024 20:58:53,22.00,8007.76,3.86,1,4,0,5,0,1311,0,Free
12/8/2024 21:01:39,22.25,8016.14,3.86,1,4,0,5,0,1312,39,Free
12/8/2024 21:01:45,22.25,8017.03,3.86,1,4,0,5,0,1313,264,Free
12/8/2024 21:01:58,22.25,8018.61,3.85,1,4,0,5,0,1314,384,Free
12/8/2024 21:02:00,22.25,8020.00,3.87,1,4,0,5,0,1315,757,Free
12/8/2024 21:02:55,22.25,8023.19,3.86,1,4,0,5,0,1316,0,Free
12/8/2024 21:02:56,22.25,8023.82,3.86,1,4,0,5,0,1317,0,Free
12/8/2024 21:02:57,22.25,8024.45,3.86,1,4,0,5,0,1318,0,Free
12/8/2024 21:06:57,22.25,8037.63,3.86,1,4,0,5,0,1319,1427,Free
12/8/2024 21:07:01,22.25,8038.66,3.86,1,4,0,5,0,1320,402,Free
12/8/2024 21:07:03,22.25,8039.82,3.86,1,4,0,5,0,1321,531,Free
12/8/2024 21:07:04,22.25,8040.48,3.87,1,4,0,5,0,1322,30,Free
12/8/2024 21:07:07,22.25,8041.42,3.87,1,4,0,5,0,1323,307,Free
12/8/2024 21:07:09,22.25,8042.48,3.86,1,4,0,5,0,1324,435,Free
12/8/2024 21:07:12,22.25,8043.67,3.86,1,4,0,5,0,1325,565,Free
12/8/2024 21:07:19,22.25,8045.19,3.86,1,4,0,5,0,1326,885,Free
12/8/2024 21:07:24,22.25,8047.32,3.86,1,4,0,5,0,1327,1507,Free
12/8/2024 21:07:30,22.25,8048.91,3.86,1,4,0,5,0,1328,960,Free
12/8/2024 21:07:34,22.25,8050.09,3.86,1,4,0,5,0,1329,555,Free
12/8/2024 21:07:41,22.25,8051.49,3.86,1,4,0,5,0,1330,773,Free
12/8/2024 21:08:00,22.25,8052.98,3.86,1,4,0,5,0,1331,0,Free
12/8/2024 21:08:18,22.25,8055.40,3.87,1,4,0,5,0,1332,1230,Free
12/8/2024 21:08:26,22.25,8056.43,3.85,1,4,0,5,0,1333,100,Free
12/8/2024 21:08:28,22.25,8058.33,3.86,1,4,0,5,0,1334,1274,Free
12/8/2024 21:08:38,22.25,8059.24,3.87,1,4,0,5,0,1335,0,Free
12/8/2024 21:08:40,22.25,8060.39,3.87,1,4,0,5,0,1336,523,Free
12/8/2024 21:08:43,22.25,8061.26,3.87,1,4,0,5,0,1337,247,Free
12/8/2024 21:08:45,22.25,8062.40,3.86,1,4,0,5,0,1338,505,Free
12/8/2024 21:08:52,22.25,8063.42,3.86,1,4,0,5,0,1339,109,Free
12/8/2024 21:08:53,22.25,8064.15,3.86,1,4,0,5,0,1340,100,Free
12/8/2024 21:09:00,22.25,8065.33,3.86,1,4,0,5,0,1341,557,Free
12/8/2024 21:09:01,22.25,8066.01,3.86,1,4,0,5,0,1342,57,Free
12/8/2024 21:09:25,22.25,8067.66,3.86,1,4,0,5,0,1343,163,Free
12/8/2024 21:09:27,22.25,8068.29,3.85,1,4,0,5,0,1344,0,Free
12/8/2024 21:09:28,22.25,8068.91,3.86,1,4,0,5,0,1345,0,Free
12/8/2024 21:09:28,22.25,8069.55,3.86,1,4,0,5,0,1346,0,Free
12/8/2024 21:15:25,22.00,8101.15,3.86,1,4,0,5,0,1346,0,Free
12/8/2024 21:21:23,22.00,8118.61,3.87,1,4,0,5,0,1347,0,Free
12/8/2024 21:21:25,22.00,8119.24,3.86,1,4,0,5,0,1348,0,Free
12/8/2024 21:21:28,22.00,8119.87,3.86,1,4,0,5,0,1349,0,Free
12/8/2024 21:22:52,22.00,8124.61,3.86,1,4,0,5,0,1350,404,Free
12/8/2024 21:22:57,22.00,8126.05,3.86,1,4,0,5,0,1351,806,Free
12/8/2024 21:33:30,22.00,8170.77,3.86,1,4,0,5,0,1351,0,Free
12/8/2024 21:38:34,22.00,8185.67,3.86,1,4,0,5,0,1352,0,Free
12/8/2024 21:38:37,22.00,8186.30,3.86,1,4,0,5,0,1353,0,Free
12/8/2024 21:38:38,22.00,8187.26,3.85,1,4,0,5,0,1354,324,Free
12/8/2024 21:41:10,22.00,8195.02,3.86,1,4,0,5,0,1355,0,Free
12/8/2024 21:41:11,22.00,8195.64,3.85,1,4,0,5,0,1356,0,Free
12/8/2024 21:41:14,22.00,8196.28,3.86,1,4,0,5,0,1357,0,Free
12/8/2024 21:41:24,22.00,8197.19,3.87,1,4,0,5,0,1358,0,Free
12/8/2024 21:48:03,22.00,8216.66,3.87,1,4,0,5,0,1359,0,Free
12/8/2024 21:48:11,22.00,8217.57,3.86,1,4,0,5,0,1360,0,Free
12/8/2024 21:48:14,22.00,8218.20,3.86,1,4,0,5,0,1361,0,Free
12/8/2024 21:49:16,22.00,8221.97,3.86,1,4,0,5,0,1362,289,Free
12/8/2024 21:51:07,22.00,8241.87,3.85,1,4,0,5,0,1362,0,Free
12/8/2024 21:51:39,22.00,8246.25,3.85,1,4,0,5,0,1363,2614,Free
12/8/2024 21:51:46,22.00,8247.17,3.86,1,4,0,5,0,1364,0,Free
12/8/2024 21:51:55,22.00,8248.08,3.86,1,4,0,5,0,1365,0,Free
12/8/2024 21:51:58,22.00,8249.52,3.87,1,4,0,5,0,1366,817,Free
12/8/2024 21:52:00,22.00,8250.62,3.86,1,4,0,5,0,1367,471,Free
12/8/2024 21:52:04,22.00,8252.97,3.86,1,4,0,5,0,1368,1723,Free
12/8/2024 21:52:05,22.00,8253.85,3.85,1,4,0,5,0,1369,246,Free
12/8/2024 21:52:08,22.00,8254.57,3.86,1,4,0,5,0,1370,99,Free
12/8/2024 21:52:11,22.00,8255.35,3.85,1,4,0,5,0,1371,151,Free
12/8/2024 22:08:57,22.25,8317.78,3.86,1,4,0,5,0,1371,0,Free
12/8/2024 22:19:29,22.25,8350.59,3.86,1,4,0,5,0,1372,2492,Free
12/8/2024 22:19:32,22.25,8352.39,3.87,1,4,0,5,0,1373,1179,Free
12/8/2024 22:19:35,22.25,8353.71,3.86,1,4,0,5,0,1374,687,Free
12/8/2024 22:19:36,22.25,8354.50,3.86,1,4,0,5,0,1375,159,Free
12/8/2024 22:19:46,22.25,8356.65,3.86,1,4,0,5,0,1376,1232,Free
12/8/2024 22:19:52,22.25,8358.54,3.86,1,4,0,5,0,1377,1266,Free
12/8/2024 22:19:55,22.25,8359.45,3.85,1,4,0,5,0,1378,281,Free
12/8/2024 22:19:58,22.25,8360.33,3.85,1,4,0,5,0,1379,255,Free
12/8/2024 22:20:00,22.25,8361.03,3.86,1,4,0,5,0,1380,74,Free
12/8/2024 22:20:17,22.25,8362.23,3.86,1,4,0,5,0,1381,0,Free
12/8/2024 22:20:20,22.25,8365.40,3.86,1,4,0,5,0,1382,2534,Free
12/8/2024 22:20:23,22.25,8366.11,3.86,1,4,0,5,0,1383,82,Free
12/8/2024 22:20:25,22.25,8366.88,3.86,1,4,0,5,0,1384,143,Free
12/8/2024 22:20:29,22.25,8368.47,3.87,1,4,0,5,0,1385,963,Free
12/8/2024 22:20:32,22.25,8369.62,3.86,1,4,0,5,0,1386,523,Free
12/8/2024 22:20:34,22.25,8370.42,3.86,1,4,0,5,0,1387,168,Free
12/8/2024 22:20:38,22.25,8372.11,3.86,1,4,0,5,0,1388,1067,Free
12/8/2024 22:20:42,22.25,8373.42,3.85,1,4,0,5,0,1389,678,Free
12/8/2024 22:20:43,22.25,8374.05,3.85,1,4,0,5,0,1390,0,Free
12/8/2024 22:20:48,22.25,8374.92,3.86,1,4,0,5,0,1391,246,Free
12/8/2024 22:20:51,22.25,8376.18,3.86,1,4,0,5,0,1392,635,Free
12/8/2024 22:20:57,22.25,8377.10,3.86,1,4,0,5,0,1393,289,Free
12/8/2024 22:21:04,22.25,8380.12,3.86,1,4,0,5,0,1394,2388,Free
12/8/2024 22:21:17,22.25,8382.38,3.86,1,4,0,5,0,1395,1067,Free
12/8/2024 22:22:09,22.25,8385.29,3.85,1,4,0,5,0,1396,0,Free
12/8/2024 22:22:12,22.25,8387.59,3.86,1,4,0,5,0,1397,1670,Free
12/8/2024 22:22:20,22.25,8388.55,3.86,1,4,0,5,0,1398,48,Free
12/8/2024 22:22:21,22.25,8389.42,3.86,1,4,0,5,0,1399,246,Free
12/8/2024 22:26:00,22.25,8414.46,3.86,1,4,0,5,0,1399,0,Free
12/8/2024 22:44:15,22.25,8481.17,3.85,1,4,0,5,0,1399,0,Free
12/8/2024 22:50:01,22.25,8499.15,3.86,1,4,0,5,0,1400,1083,Free
12/8/2024 22:50:05,22.25,8499.98,3.86,1,4,0,5,0,1401,203,Free
12/8/2024 22:50:09,22.25,8502.83,3.86,1,4,0,5,0,1402,2215,Free
12/8/2024 22:50:11,22.25,8503.69,3.86,1,4,0,5,0,1403,237,Free
12/8/2024 22:50:18,22.25,8505.51,3.86,1,4,0,5,0,1404,1190,Free
12/8/2024 22:50:20,22.25,8506.13,3.86,1,4,0,5,0,1405,0,Free
12/8/2024 22:50:21,22.25,8506.79,3.85,1,4,0,5,0,1406,22,Free
12/8/2024 22:50:24,22.25,8508.25,3.86,1,4,0,5,0,1407,823,Free
12/8/2024 22:50:29,22.25,8509.04,3.86,1,4,0,5,0,1408,169,Free
12/8/2024 22:50:32,22.25,8509.67,3.86,1,4,0,5,0,1409,0,Free
12/8/2024 22:50:34,22.25,8510.73,3.85,1,4,0,5,0,1410,435,Free
12/8/2024 22:50:38,22.25,8511.66,3.86,1,4,0,5,0,1411,298,Free
12/8/2024 22:50:44,22.25,8513.18,3.86,1,4,0,5,0,1412,893,Free
12/8/2024 22:50:46,22.25,8514.44,3.86,1,4,0,5,0,1413,635,Free
12/8/2024 22:51:09,22.25,8517.49,3.86,1,4,0,5,0,1414,1567,Free
12/8/2024 22:51:18,22.25,8518.40,3.85,1,4,0,5,0,1415,0,Free
12/8/2024 22:51:19,22.25,8519.05,3.86,1,4,0,5,0,1416,22,Free
12/8/2024 22:51:20,22.25,8519.68,3.85,1,4,0,5,0,1417,0,Free
12/8/2024 22:51:22,22.25,8521.00,3.86,1,4,0,5,0,1418,695,Free
12/8/2024 22:51:47,22.25,8522.48,3.86,1,4,0,5,0,1419,0,Free
12/8/2024 23:01:38,22.25,8565.21,3.85,1,4,0,5,0,1419,0,Free
12/8/2024 23:19:53,22.25,8631.92,3.86,1,4,0,5,0,1419,0,Free
12/8/2024 23:24:19,22.25,8646.07,3.85,1,4,0,5,0,1420,963,Free
12/8/2024 23:24:21,22.25,8647.27,3.86,1,4,0,5,0,1421,565,Free
12/8/2024 23:24:29,22.25,8655.90,3.85,1,4,0,5,0,1422,8006,Free
12/8/2024 23:24:39,22.25,8662.74,3.86,1,4,0,5,0,1423,6212,Free
12/8/2024 23:24:48,22.25,8665.57,3.86,1,4,0,5,0,1424,1921,Free
12/8/2024 23:24:49,22.25,8666.28,3.85,1,4,0,5,0,1425,74,Free
12/8/2024 23:24:52,22.25,8667.98,3.85,1,4,0,5,0,1426,1073,Free
12/8/2024 23:25:02,22.25,8668.89,3.85,1,4,0,5,0,1427,0,Free
12/8/2024 23:25:11,22.25,8669.80,3.86,1,4,0,5,0,1428,0,Free
12/8/2024 23:25:23,22.25,8672.81,3.85,1,4,0,5,0,1429,2093,Free
12/8/2024 23:25:28,22.25,8673.56,3.85,1,4,0,5,0,1430,124,Free
12/8/2024 23:25:30,22.25,8675.31,3.85,1,4,0,5,0,1431,1118,Free
12/8/2024 23:25:35,22.25,8677.30,3.86,1,4,0,5,0,1432,1360,Free
12/8/2024 23:25:44,22.25,8680.38,3.85,1,4,0,5,0,1433,2162,Free
12/8/2024 23:25:46,22.25,8681.00,3.86,1,4,0,5,0,1434,0,Free
12/8/2024 23:25:47,22.25,8681.65,3.86,1,4,0,5,0,1435,13,Free
12/8/2024 23:25:48,22.25,8682.55,3.85,1,4,0,5,0,1436,272,Free
12/8/2024 23:37:28,22.25,8730.42,3.85,1,4,0,5,0,1436,0,Free
12/8/2024 23:55:43,22.25,8797.13,3.85,1,4,0,5,0,1436,0,Free
12/8/2024 23:59:11,22.25,8808.24,3.85,1,4,0,5,0,1437,782,Free
12/8/2024 23:59:21,22.25,8809.88,3.85,1,4,0,5,0,1438,730,Free
12/8/2024 23:59:23,22.25,8810.60,3.85,1,4,0,5,0,1439,91,Free
12/8/2024 23:59:25,22.25,8811.23,3.85,1,4,0,5,0,1440,0,Free
12/8/2024 23:59:26,22.25,8811.92,3.85,1,4,0,5,0,1441,65,Free
12/8/2024 23:59:27,22.25,8812.59,3.86,1,4,0,5,0,1442,47,Free
12/8/2024 23:59:33,22.25,8813.42,3.86,1,4,0,5,0,1443,193,Free
12/8/2024 23:59:35,22.25,8814.04,3.85,1,4,0,5,0,1444,0,Free
12/8/2024 23:59:36,22.25,8814.67,3.85,1,4,0,5,0,1445,0,Free
12/8/2024 23:59:37,22.25,8815.51,3.85,1,4,0,5,0,1446,211,Free
12/8/2024 23:59:40,22.25,8816.96,3.86,1,4,0,5,0,1447,825,Free
12/8/2024 23:59:49,22.25,8817.98,3.85,1,4,0,5,0,1448,108,Free
12/8/2024 23:59:51,22.25,8818.82,3.85,1,4,0,5,0,1449,211,Free
12/8/2024 23:59:52,22.25,8819.45,3.85,1,4,0,5,0,1450,0,Free
12/8/2024 23:59:55,22.25,8820.91,3.85,1,4,0,5,0,1451,825,Free
12/8/2024 23:59:58,22.25,8822.19,3.85,1,4,0,5,0,1452,660,Free
12/8/2024 23:59:58,22.25,8822.82,3.85,1,4,0,5,0,1453,0,Free
12/9/2024 0:00:00,22.25,8824.79,3.85,1,4,0,5,0,1454,1342,Free
12/9/2024 0:00:02,22.25,8825.81,3.86,1,4,0,5,0,1455,392,Free
12/9/2024 0:00:04,22.25,8827.38,3.85,1,4,0,5,0,1456,936,Free
12/9/2024 0:00:11,22.25,8828.47,3.85,1,4,0,5,0,1457,465,Free
12/9/2024 0:00:13,22.25,8830.11,3.86,1,4,0,5,0,1458,1015,Free
12/9/2024 0:00:20,22.25,8831.03,3.86,1,4,0,5,0,1459,0,Free
12/9/2024 0:00:20,22.25,8831.66,3.85,1,4,0,5,0,1460,0,Free
12/9/2024 0:00:22,22.25,8832.28,3.85,1,4,0,5,0,1461,0,Free
12/9/2024 0:00:25,22.25,8834.63,3.85,1,4,0,5,0,1462,1720,Free
12/9/2024 0:00:26,22.25,8835.26,3.86,1,4,0,5,0,1463,0,Free
12/9/2024 0:00:28,22.25,8836.55,3.85,1,4,0,5,0,1464,660,Free
12/9/2024 0:00:34,22.25,8840.44,3.85,1,4,0,5,0,1465,3263,Free
12/9/2024 0:00:38,22.25,8841.75,3.85,1,4,0,5,0,1466,686,Free
12/9/2024 0:00:39,22.25,8842.78,3.85,1,4,0,5,0,1467,402,Free
12/9/2024 0:00:40,22.25,8843.45,3.85,1,4,0,5,0,1468,40,Free
12/9/2024 0:00:41,22.25,8844.27,3.86,1,4,0,5,0,1469,194,Free
12/9/2024 0:00:56,22.25,8845.48,3.85,1,4,0,5,0,1470,4,Free
12/9/2024 0:01:03,22.25,8846.79,3.85,1,4,0,5,0,1471,401,Free
12/9/2024 0:01:28,22.25,8849.53,3.85,1,4,0,5,0,1472,970,Free
12/9/2024 0:11:44,22.25,8893.40,3.86,1,4,0,5,0,1472,0,Free
12/9/2024 0:29:59,22.25,8960.11,3.85,1,4,0,5,0,1472,0,Free
12/9/2024 0:41:45,22.25,8994.30,3.85,1,4,0,5,0,1473,158,Free
12/9/2024 0:41:49,22.25,8995.17,3.86,1,4,0,5,0,1474,237,Free
12/9/2024 0:41:57,22.25,8996.19,3.85,1,4,0,5,0,1475,108,Free
12/9/2024 0:42:01,22.25,8997.74,3.85,1,4,0,5,0,1476,928,Free
12/9/2024 0:42:05,22.25,8999.40,3.86,1,4,0,5,0,1477,1031,Free
12/9/2024 0:42:09,22.25,9001.53,3.85,1,4,0,5,0,1478,1506,Free
12/9/2024 0:42:11,22.25,9002.23,3.86,1,4,0,5,0,1479,74,Free
12/9/2024 0:42:13,22.25,9002.86,3.85,1,4,0,5,0,1480,0,Free
12/9/2024 0:42:20,22.25,9003.92,3.85,1,4,0,5,0,1481,143,Free
12/9/2024 0:42:25,22.25,9004.55,3.86,1,4,0,5,0,1482,0,Free
12/9/2024 0:42:29,22.25,9006.69,3.85,1,4,0,5,0,1483,1497,Free
12/9/2024 0:42:33,22.25,9007.31,3.85,1,4,0,5,0,1484,0,Free
12/9/2024 0:43:08,22.25,9010.72,3.85,1,4,0,5,0,1485,1351,Free
12/9/2024 0:43:24,22.25,9011.92,3.85,1,4,0,5,0,1486,0,Free
12/9/2024 0:45:41,22.25,9019.51,3.85,1,4,0,5,0,1487,687,Free
12/9/2024 0:47:38,22.25,9039.69,3.85,1,4,0,5,0,1487,0,Free
12/9/2024 1:05:53,22.25,9106.41,3.85,1,4,0,5,0,1487,0,Free
12/9/2024 1:24:08,22.25,9173.13,3.85,1,4,0,5,0,1487,0,Free
12/9/2024 1:42:23,22.25,9239.86,3.85,1,4,0,5,0,1487,0,Free
12/9/2024 1:53:08,22.25,9271.06,3.85,1,4,0,5,0,1488,0,Free
12/9/2024 1:53:13,22.25,9271.79,3.85,1,4,0,5,0,1489,100,Free
12/9/2024 1:53:16,22.25,9273.69,3.85,1,4,0,5,0,1490,1273,Free
12/9/2024 1:53:22,22.25,9275.62,3.85,1,4,0,5,0,1491,1299,Free
12/9/2024 1:53:24,22.25,9276.42,3.85,1,4,0,5,0,1492,177,Free
12/9/2024 1:53:26,22.25,9277.69,3.85,1,4,0,5,0,1493,642,Free
12/9/2024 1:53:30,22.25,9280.04,3.85,1,4,0,5,0,1494,1721,Free
12/9/2024 1:53:38,22.25,9281.23,3.85,1,4,0,5,0,1495,272,Free
12/9/2024 1:53:40,22.25,9281.90,3.85,1,4,0,5,0,1496,39,Free
12/9/2024 1:53:47,22.25,9283.83,3.85,1,4,0,5,0,1497,1021,Free
12/9/2024 1:53:50,22.25,9284.58,3.85,1,4,0,5,0,1498,126,Free
12/9/2024 1:53:53,22.25,9285.24,3.85,1,4,0,5,0,1499,30,Free
12/9/2024 1:53:54,22.25,9286.19,3.85,1,4,0,5,0,1500,324,Free
12/9/2024 1:53:59,22.25,9287.87,3.85,1,4,0,5,0,1501,1050,Free
12/9/2024 1:54:04,22.25,9288.50,3.85,1,4,0,5,0,1502,0,Free
12/9/2024 1:54:07,22.25,9289.14,3.85,1,4,0,5,0,1503,0,Free
12/9/2024 1:54:15,22.25,9294.11,3.85,1,4,0,5,0,1504,4346,Free
12/9/2024 1:59:55,22.25,9324.87,3.85,1,4,0,5,0,1504,0,Free
12/9/2024 2:18:10,22.25,9391.64,3.85,1,4,0,5,0,1504,0,Free
12/9/2024 2:18:24,22.25,9393.55,3.85,1,4,0,5,0,1505,712,Free
12/9/2024 2:28:51,22.25,9423.93,3.84,1,4,0,6,4,1505,0,Free
12/9/2024 2:36:19,22.25,9459.85,3.85,1,4,0,6,0,1505,0,Free
12/9/2024 2:41:22,22.50,9474.78,3.85,1,4,0,6,0,1506,0,Free
12/9/2024 2:43:03,22.25,9479.98,3.85,1,4,0,6,0,1507,0,Free
12/9/2024 2:45:01,22.25,9486.05,3.85,1,4,0,6,0,1508,0,Free
12/9/2024 2:45:20,22.25,9487.27,3.85,1,4,0,6,0,1509,21,Free
12/9/2024 2:47:39,22.25,9494.53,3.85,1,4,0,6,0,1510,55,Free
12/9/2024 2:47:43,22.25,9495.16,3.85,1,4,0,6,0,1511,0,Free
12/9/2024 2:48:17,22.25,9497.72,3.85,1,4,0,6,0,1512,505,Free
12/9/2024 2:48:18,22.25,9498.52,3.85,1,4,0,6,0,1513,169,Free
12/9/2024 2:48:23,22.25,9500.32,3.85,1,4,0,6,0,1514,1169,Free
12/9/2024 2:48:25,22.25,9500.95,3.85,1,4,0,6,0,1515,0,Free
12/9/2024 2:48:26,22.25,9501.58,3.85,1,4,0,6,0,1516,0,Free
12/9/2024 2:48:29,22.25,9502.21,3.85,1,4,0,6,0,1517,0,Free
12/9/2024 2:48:30,22.25,9502.83,3.85,1,4,0,6,0,1518,0,Free
12/9/2024 2:48:36,22.25,9503.75,3.85,1,4,0,6,0,1519,0,Free
12/9/2024 2:48:38,22.25,9504.96,3.85,1,4,0,6,0,1520,583,Free
12/9/2024 2:48:43,22.25,9506.70,3.85,1,4,0,6,0,1521,1108,Free
12/9/2024 2:48:46,22.25,9507.33,3.85,1,4,0,6,0,1522,0,Free
12/9/2024 2:51:00,22.25,9514.25,3.85,1,4,0,6,0,1523,0,Free
12/9/2024 2:53:40,22.25,9536.44,3.85,1,4,0,6,0,1523,0,Free
12/9/2024 2:59:49,22.50,9554.54,3.85,1,4,0,6,0,1524,0,Free
12/9/2024 2:59:50,22.50,9555.20,3.85,1,4,0,6,0,1525,29,Free
12/9/2024 2:59:51,22.50,9555.82,3.85,1,4,0,6,0,1526,0,Free
12/9/2024 2:59:55,22.50,9556.45,3.85,1,4,0,6,0,1527,0,Free
12/9/2024 3:11:41,22.25,9604.68,3.85,1,4,0,6,0,1527,0,Free
12/9/2024 3:29:56,22.25,9671.52,3.85,1,4,0,6,0,1527,0,Free
12/9/2024 3:38:26,22.25,9697.08,3.85,1,4,0,6,0,1528,884,Free
12/9/2024 3:38:31,22.25,9699.72,3.85,1,4,0,6,0,1529,2007,Free
12/9/2024 3:38:33,22.25,9701.28,3.85,1,4,0,6,0,1530,928,Free
12/9/2024 3:38:41,22.25,9707.45,3.85,1,4,0,6,0,1531,5547,Free
12/9/2024 3:38:47,22.25,9708.79,3.85,1,4,0,6,0,1532,712,Free
12/9/2024 3:38:53,22.25,9712.72,3.85,1,4,0,6,0,1533,3300,Free
12/9/2024 3:38:58,22.25,9713.89,3.85,1,4,0,6,0,1534,539,Free
12/9/2024 3:39:05,22.25,9714.92,3.85,1,4,0,6,0,1535,401,Free
12/9/2024 3:39:10,22.25,9717.33,3.85,1,4,0,6,0,1536,1780,Free
12/9/2024 3:39:15,22.25,9720.93,3.85,1,4,0,6,0,1537,2977,Free
12/9/2024 3:39:17,22.25,9722.40,3.85,1,4,0,6,0,1538,840,Free
12/9/2024 3:39:18,22.25,9723.03,3.85,1,4,0,6,0,1539,0,Free
12/9/2024 3:39:20,22.25,9723.93,3.85,1,4,0,6,0,1540,271,Free
12/9/2024 3:39:25,22.25,9724.56,3.85,1,4,0,6,0,1541,0,Free
12/9/2024 3:39:27,22.25,9725.38,3.85,1,4,0,6,0,1542,185,Free
12/9/2024 3:39:29,22.25,9726.03,3.85,1,4,0,6,0,1543,29,Free
12/9/2024 3:39:32,22.25,9726.66,3.85,1,4,0,6,0,1544,0,Free
12/9/2024 3:39:35,22.25,9727.57,3.85,1,4,0,6,0,1545,280,Free
12/9/2024 3:39:42,22.25,9728.73,3.85,1,4,0,6,0,1546,246,Free
12/9/2024 3:39:51,22.25,9729.68,3.85,1,4,0,6,0,1547,29,Free
12/9/2024 3:39:56,22.25,9730.31,3.85,1,4,0,6,0,1548,0,Free
12/9/2024 3:40:00,22.25,9733.15,3.85,1,4,0,6,0,1549,2205,Free
12/9/2024 3:40:05,22.25,9733.78,3.85,1,4,0,6,0,1550,0,Free
12/9/2024 3:43:25,22.25,9743.85,3.85,1,4,0,6,0,1551,0,Free
12/9/2024 3:43:27,22.25,9744.60,3.85,1,4,0,6,0,1552,124,Free
12/9/2024 3:43:51,22.25,9746.09,3.85,1,4,0,6,0,1553,0,Free
12/9/2024 3:43:52,22.25,9746.72,3.85,1,4,0,6,0,1554,0,Free
12/9/2024 3:43:53,22.25,9747.35,3.85,1,4,0,6,0,1555,0,Free
12/9/2024 3:43:58,22.25,9747.98,3.85,1,4,0,6,0,1556,0,Free
12/9/2024 3:47:08,22.25,9771.62,3.85,1,4,0,6,0,1556,0,Free
12/9/2024 4:05:23,22.25,9838.48,3.85,1,4,0,6,0,1556,0,Free
12/9/2024 4:20:52,22.25,9883.21,3.85,1,4,0,6,0,1557,4,Free
12/9/2024 4:20:58,22.25,9887.10,3.85,1,4,0,6,0,1558,3259,Free
12/9/2024 4:21:00,22.25,9887.86,3.85,1,4,0,6,0,1559,133,Free
12/9/2024 4:21:06,22.25,9892.26,3.85,1,4,0,6,0,1560,3770,Free
12/9/2024 4:21:11,22.25,9894.99,3.85,1,4,0,6,0,1561,2102,Free
12/9/2024 4:21:13,22.25,9896.88,3.85,1,4,0,6,0,1562,1264,Free
12/9/2024 4:21:15,22.25,9897.51,3.85,1,4,0,6,0,1563,0,Free
12/9/2024 4:21:16,22.25,9898.14,3.85,1,4,0,6,0,1564,0,Free
12/9/2024 4:21:24,22.25,9899.98,3.85,1,4,0,6,0,1565,919,Free
12/9/2024 4:21:27,22.25,9901.70,3.85,1,4,0,6,0,1566,1092,Free
12/9/2024 4:21:31,22.25,9902.33,3.85,1,4,0,6,0,1567,0,Free
12/9/2024 4:21:34,22.25,9903.83,3.85,1,4,0,6,0,1568,875,Free
12/9/2024 4:21:49,22.25,9905.17,3.85,1,4,0,6,0,1569,134,Free
12/9/2024 4:21:57,22.25,9910.85,3.85,1,4,0,6,0,1570,5054,Free
12/9/2024 4:21:59,22.25,9912.65,3.85,1,4,0,6,0,1571,1171,Free
12/9/2024 4:22:00,22.25,9913.28,3.85,1,4,0,6,0,1572,0,Free
12/9/2024 4:22:01,22.25,9913.92,3.85,1,4,0,6,0,1573,0,Free
12/9/2024 4:22:02,22.25,9914.90,3.85,1,4,0,6,0,1574,348,Free
12/9/2024 4:22:05,22.25,9916.90,3.85,1,4,0,6,0,1575,1377,Free
12/9/2024 4:22:44,22.25,9933.38,3.85,1,4,0,6,0,1575,0,Free
12/9/2024 4:23:00,22.25,9934.66,3.84,1,4,0,6,0,1576,81,Free
12/9/2024 4:23:03,22.25,9935.29,3.85,1,4,0,6,0,1577,0,Free
12/9/2024 4:23:04,22.25,9935.92,3.85,1,4,0,6,0,1578,0,Free
12/9/2024 4:23:06,22.25,9936.55,3.84,1,4,0,6,0,1579,0,Free
12/9/2024 4:23:14,22.25,9938.24,3.85,1,4,0,6,0,1580,771,Free
12/9/2024 4:23:16,22.25,9939.40,3.85,1,4,0,6,0,1581,529,Free
12/9/2024 4:23:20,22.25,9940.03,3.84,1,4,0,6,0,1582,0,Free
12/9/2024 4:23:25,22.25,9940.65,3.85,1,4,0,6,0,1583,0,Free
12/9/2024 4:23:56,22.50,9942.72,3.85,1,4,0,6,0,1584,0,Free
12/9/2024 4:35:38,22.25,9976.58,3.85,1,4,0,6,0,1585,21,Free
12/9/2024 4:40:29,22.25,10005.09,3.85,1,4,0,6,0,1585,0,Free
12/9/2024 4:58:44,22.25,10071.96,3.85,1,4,0,6,0,1585,0,Free
12/9/2024 4:59:49,22.25,10078.15,3.85,1,4,0,6,0,1586,2697,Free
12/9/2024 5:07:57,22.25,10101.98,3.85,1,4,0,6,0,1587,0,Free
12/9/2024 5:08:01,22.25,10102.73,3.85,1,4,0,6,0,1588,116,Free
12/9/2024 5:08:12,22.25,10103.88,3.85,1,4,0,6,0,1589,236,Free
12/9/2024 5:08:14,22.25,10105.66,3.85,1,4,0,6,0,1590,1152,Free
12/9/2024 5:08:18,22.25,10106.33,3.85,1,4,0,6,0,1591,38,Free
12/9/2024 5:08:19,22.25,10107.27,3.85,1,4,0,6,0,1592,314,Free
12/9/2024 5:08:20,22.25,10108.02,3.85,1,4,0,6,0,1593,117,Free
12/9/2024 5:08:26,22.25,10113.93,3.85,1,4,0,6,0,1594,5289,Free
12/9/2024 5:08:31,22.25,10115.63,3.85,1,4,0,6,0,1595,1066,Free
12/9/2024 5:08:36,22.25,10116.29,3.84,1,4,0,6,0,1596,31,Free
12/9/2024 5:08:37,22.25,10116.93,3.84,1,4,0,6,0,1597,0,Free
12/9/2024 5:08:38,22.25,10117.79,3.85,1,4,0,6,0,1598,238,Free
12/9/2024 5:08:39,22.25,10118.42,3.85,1,4,0,6,0,1599,0,Free
12/9/2024 5:08:42,22.25,10119.05,3.84,1,4,0,6,0,1600,0,Free
12/9/2024 5:08:45,22.25,10119.68,3.84,1,4,0,6,0,1601,0,Free
12/9/2024 5:09:26,22.25,10122.58,3.84,1,4,0,6,0,1602,547,Free
12/9/2024 5:13:20,22.25,10134.09,3.85,1,4,0,6,0,1603,0,Free
12/9/2024 5:13:42,22.25,10135.58,3.85,1,4,0,6,0,1604,0,Free
12/9/2024 5:13:50,22.25,10136.49,3.85,1,4,0,6,0,1605,0,Free
12/9/2024 5:13:53,22.25,10137.54,3.85,1,4,0,6,0,1606,419,Free
12/9/2024 5:13:59,22.25,10138.19,3.84,1,4,0,6,0,1607,21,Free
12/9/2024 5:14:06,22.25,10139.10,3.85,1,4,0,6,0,1608,0,Free
12/9/2024 5:14:12,22.25,10140.03,3.85,1,4,0,6,0,1609,295,Free
12/9/2024 5:14:21,22.25,10140.94,3.85,1,4,0,6,0,1610,0,Free
12/9/2024 5:14:24,22.25,10142.42,3.85,1,4,0,6,0,1611,841,Free
12/9/2024 5:14:26,22.25,10143.79,3.85,1,4,0,6,0,1612,747,Free
12/9/2024 5:14:44,22.25,10144.99,3.85,1,4,0,6,0,1613,0,Free
12/9/2024 5:14:55,22.25,10145.91,3.85,1,4,0,6,0,1614,0,Free
12/9/2024 5:15:02,22.25,10148.27,3.85,1,4,0,6,0,1615,1731,Free
12/9/2024 5:15:09,22.25,10152.01,3.85,1,4,0,6,0,1616,3113,Free
12/9/2024 5:15:49,22.25,10168.49,3.85,1,4,0,6,0,1616,0,Free
12/9/2024 5:17:51,22.25,10175.25,3.85,1,4,0,6,0,1617,400,Free
12/9/2024 5:19:46,22.25,10181.38,3.85,1,4,0,6,0,1618,56,Free
12/9/2024 5:19:57,22.25,10184.78,3.85,1,4,0,6,0,1619,2490,Free
12/9/2024 5:20:03,22.25,10186.17,3.85,1,4,0,6,0,1620,755,Free
12/9/2024 5:21:35,22.25,10191.46,3.84,1,4,0,6,0,1621,366,Free
12/9/2024 5:21:37,22.25,10192.26,3.85,1,4,0,6,0,1622,177,Free
12/9/2024 5:21:38,22.25,10193.29,3.85,1,4,0,6,0,1623,393,Free
12/9/2024 5:21:41,22.25,10193.98,3.84,1,4,0,6,0,1624,55,Free
12/9/2024 5:21:48,22.25,10195.29,3.85,1,4,0,6,0,1625,677,Free
12/9/2024 5:28:36,22.25,10215.39,3.85,1,4,0,6,0,1626,0,Free
12/9/2024 5:28:40,22.25,10216.07,3.84,1,4,0,6,0,1627,47,Free
12/9/2024 5:28:46,22.25,10216.98,3.84,1,4,0,6,0,1628,0,Free
12/9/2024 5:28:47,22.25,10217.65,3.85,1,4,0,6,0,1629,38,Free
12/9/2024 5:28:50,22.25,10218.59,3.85,1,4,0,6,0,1630,314,Free
12/9/2024 5:28:52,22.25,10219.89,3.85,1,4,0,6,0,1631,669,Free
12/9/2024 5:28:54,22.25,10221.06,3.84,1,4,0,6,0,1632,539,Free
12/9/2024 5:28:57,22.25,10222.84,3.85,1,4,0,6,0,1633,1152,Free
12/9/2024 5:29:03,22.25,10224.24,3.85,1,4,0,6,0,1634,771,Free
12/9/2024 5:29:05,22.25,10225.32,3.84,1,4,0,6,0,1635,444,Free
12/9/2024 5:29:07,22.25,10226.60,3.84,1,4,0,6,0,1636,660,Free
12/9/2024 5:29:11,22.25,10229.91,3.85,1,4,0,6,0,1637,2680,Free
12/9/2024 5:29:20,22.25,10231.95,3.85,1,4,0,6,0,1638,1126,Free
12/9/2024 5:29:39,22.25,10238.08,3.85,1,4,0,6,0,1639,4925,Free
12/9/2024 5:29:51,22.25,10239.00,3.85,1,4,0,6,0,1640,0,Free
12/9/2024 5:32:55,22.25,10262.35,3.84,1,4,0,6,0,1640,0,Free
12/9/2024 5:51:10,22.25,10329.23,3.85,1,4,0,6,0,1640,0,Free
12/9/2024 6:09:24,22.25,10396.11,3.84,1,4,0,6,0,1640,0,Free
12/9/2024 6:27:39,22.25,10463.00,3.85,1,4,0,6,0,1640,0,Free
12/9/2024 6:45:54,22.25,10529.88,3.84,1,4,0,6,0,1640,0,Free
12/9/2024 6:58:32,22.25,10566.81,3.84,1,4,0,6,0,1641,219,Free
12/9/2024 6:58:36,22.25,10567.95,3.84,1,4,0,6,0,1642,505,Free
12/9/2024 6:58:38,22.25,10569.08,3.84,1,4,0,6,0,1643,504,Free
12/9/2024 6:58:42,22.25,10569.72,3.84,1,4,0,6,0,1644,0,Free
12/9/2024 6:58:45,22.25,10571.17,3.84,1,4,0,6,0,1645,824,Free
12/9/2024 6:58:51,22.25,10575.06,3.84,1,4,0,6,0,1646,3263,Free
12/9/2024 6:58:54,22.25,10577.25,3.84,1,4,0,6,0,1647,1558,Free
12/9/2024 6:58:56,22.25,10577.88,3.84,1,4,0,6,0,1648,0,Free
12/9/2024 6:59:16,22.25,10580.07,3.85,1,4,0,6,0,1649,703,Free
12/9/2024 6:59:18,22.25,10580.92,3.84,1,4,0,6,0,1650,220,Free
12/9/2024 6:59:22,22.25,10584.92,3.84,1,4,0,6,0,1651,3363,Free
12/9/2024 6:59:34,22.25,10585.83,3.84,1,4,0,6,0,1652,0,Free
12/9/2024 6:59:40,22.25,10587.30,3.84,1,4,0,6,0,1653,841,Free
12/9/2024 6:59:52,22.25,10588.38,3.85,1,4,0,6,0,1654,167,Free
12/9/2024 6:59:56,22.25,10591.49,3.84,1,4,0,6,0,1655,2473,Free
12/9/2024 6:59:59,22.25,10592.11,3.84,1,4,0,6,0,1656,0,Free
12/9/2024 7:00:02,22.25,10593.98,3.84,1,4,0,6,0,1657,1239,Free
12/9/2024 7:00:32,22.25,10596.01,3.84,1,4,0,6,0,1658,253,Free
12/9/2024 7:00:47,22.25,10597.62,3.84,1,4,0,6,0,1659,409,Free
12/9/2024 7:00:58,22.25,10599.10,3.84,1,4,0,6,0,1660,565,Free
12/9/2024 7:01:06,22.25,10605.99,3.84,1,4,0,6,0,1661,6252,Free
12/9/2024 7:01:09,22.25,10606.62,3.84,1,4,0,6,0,1662,0,Free
12/9/2024 7:01:10,22.25,10607.84,3.84,1,4,0,6,0,1663,600,Free
12/9/2024 7:01:19,22.25,10608.95,3.84,1,4,0,6,0,1664,194,Free
12/9/2024 7:01:22,22.25,10609.58,3.84,1,4,0,6,0,1665,0,Free
12/9/2024 7:01:24,22.25,10610.59,3.85,1,4,0,6,0,1666,384,Free
12/9/2024 7:03:09,22.25,10630.22,3.84,1,4,0,6,0,1666,0,Free
12/9/2024 7:21:24,22.25,10697.11,3.84,1,4,0,6,0,1666,0,Free
12/9/2024 7:39:39,22.25,10763.99,3.85,1,4,0,6,0,1666,0,Free
12/9/2024 7:57:54,22.25,10830.87,3.84,1,4,0,6,0,1666,0,Free
12/9/2024 8:16:09,22.25,10897.76,3.84,1,4,0,6,0,1666,0,Free
12/9/2024 8:34:24,22.25,10964.65,3.84,1,4,0,6,0,1666,0,Free
12/9/2024 8:48:50,22.25,11006.57,3.85,1,4,0,6,0,1667,55,Free
12/9/2024 8:48:58,22.25,11009.28,3.84,1,4,0,6,0,1668,2084,Free
12/9/2024 8:49:09,22.25,11014.48,3.83,1,4,0,6,0,1669,4277,Free
12/9/2024 8:49:11,22.25,11015.27,3.83,1,4,0,6,0,1670,159,Free
12/9/2024 8:49:13,22.25,11016.11,3.83,1,4,0,6,0,1671,211,Free
12/9/2024 8:49:20,22.25,11017.72,3.83,1,4,0,6,0,1672,701,Free
12/9/2024 8:49:31,22.25,11018.67,3.84,1,4,0,6,0,1673,29,Free
12/9/2024 8:49:43,22.25,11019.68,3.83,1,4,0,6,0,1674,99,Free
12/9/2024 8:50:00,22.25,11021.90,3.83,1,4,0,6,0,1675,1013,Free
12/9/2024 8:50:04,22.25,11023.36,3.84,1,4,0,6,0,1676,831,Free
12/9/2024 8:50:10,22.25,11025.14,3.83,1,4,0,6,0,1677,1151,Free
12/9/2024 8:50:21,22.25,11026.73,3.84,1,4,0,6,0,1678,677,Free
12/9/2024 8:50:26,22.25,11028.58,3.84,1,4,0,6,0,1679,1221,Free
12/9/2024 8:50:38,22.25,11029.68,3.83,1,4,0,6,0,1680,185,Free
12/9/2024 8:50:41,22.25,11031.77,3.84,1,4,0,6,0,1681,1454,Free
12/9/2024 8:52:14,22.25,11050.82,3.84,1,4,0,6,0,1681,0,Free
12/9/2024 9:10:29,22.25,11117.70,3.84,1,4,0,6,0,1681,0,Free
12/9/2024 9:28:44,22.25,11184.59,3.83,1,4,0,6,0,1681,0,Free
12/9/2024 9:36:58,22.25,11208.70,3.83,1,4,0,6,0,1682,0,Free
12/9/2024 9:37:03,22.25,11209.86,3.83,1,4,0,6,0,1683,531,Free
12/9/2024 9:37:26,22.25,11211.61,3.83,1,4,0,6,0,1684,262,Free
12/9/2024 9:37:28,22.25,11212.24,3.83,1,4,0,6,0,1685,0,Free
12/9/2024 9:37:31,22.25,11212.87,3.83,1,4,0,6,0,1686,0,Free
12/9/2024 9:37:33,22.25,11214.75,3.83,1,4,0,6,0,1687,1246,Free
12/9/2024 9:46:42,22.25,11255.57,3.83,1,4,0,6,0,1687,0,Free
12/9/2024 10:04:57,22.25,11322.46,3.83,1,4,0,6,0,1687,0,Free
12/9/2024 10:23:12,22.25,11389.34,3.83,1,4,0,6,0,1687,0,Free
12/9/2024 10:41:27,22.25,11456.22,3.83,1,4,0,6,0,1687,0,Free
12/9/2024 10:42:13,22.25,11458.86,3.83,1,4,0,6,0,1688,0,Free
12/9/2024 10:42:15,22.25,11460.29,3.83,1,4,0,6,0,1689,798,Free
12/9/2024 10:42:18,22.25,11460.92,3.83,1,4,0,6,0,1690,0,Free
12/9/2024 10:42:21,22.25,11461.54,3.84,1,4,0,6,0,1691,0,Free
12/9/2024 10:42:22,22.25,11462.17,3.83,1,4,0,6,0,1692,0,Free
12/9/2024 10:42:27,22.25,11463.05,3.83,1,4,0,6,0,1693,246,Free
12/9/2024 10:42:32,22.25,11463.68,3.83,1,4,0,6,0,1694,0,Free
12/9/2024 10:42:35,22.25,11467.21,3.83,1,4,0,6,0,1695,2904,Free
12/9/2024 10:42:37,22.25,11467.84,3.83,1,4,0,6,0,1696,0,Free
12/9/2024 10:42:39,22.25,11468.47,3.83,1,4,0,6,0,1697,0,Free
12/9/2024 10:42:41,22.25,11469.39,3.83,1,4,0,6,0,1698,289,Free
12/9/2024 10:42:43,22.25,11471.27,3.83,1,4,0,6,0,1699,1256,Free
12/9/2024 10:42:49,22.25,11471.90,3.83,1,4,0,6,0,1700,0,Free
12/9/2024 10:42:52,22.25,11472.73,3.83,1,4,0,6,0,1701,202,Free
12/9/2024 10:42:58,22.25,11473.74,3.84,1,4,0,6,0,1702,376,Free
12/9/2024 10:43:00,22.25,11474.37,3.83,1,4,0,6,0,1703,0,Free
12/9/2024 10:43:03,22.25,11475.64,3.83,1,4,0,6,0,1704,635,Free
12/9/2024 10:43:08,22.25,11478.97,3.83,1,4,0,6,0,1705,2707,Free
12/9/2024 10:43:12,22.25,11480.23,3.83,1,4,0,6,0,1706,634,Free
12/9/2024 10:43:15,22.25,11480.86,3.84,1,4,0,6,0,1707,0,Free
12/9/2024 10:43:18,22.25,11481.49,3.83,1,4,0,6,0,1708,0,Free
12/9/2024 10:43:22,22.25,11482.12,3.82,1,4,0,6,0,1709,0,Free
12/9/2024 10:43:32,22.25,11483.88,3.83,1,4,0,6,0,1710,842,Free
12/9/2024 10:44:23,22.50,11487.09,3.83,1,4,0,6,0,1711,288,Free
12/9/2024 10:44:32,22.50,11488.01,3.83,1,4,0,6,0,1712,0,Free
12/9/2024 10:44:35,22.50,11488.64,3.83,1,4,0,6,0,1713,0,Free
12/9/2024 10:44:42,22.50,11489.55,3.83,1,4,0,6,0,1714,0,Free
12/9/2024 10:44:43,22.50,11490.44,3.83,1,4,0,6,0,1715,254,Free
12/9/2024 10:44:45,22.50,11492.56,3.83,1,4,0,6,0,1716,1498,Free
12/9/2024 10:44:53,22.50,11493.48,3.83,1,4,0,6,0,1717,0,Free
12/9/2024 10:58:14,22.25,11546.32,3.83,1,4,0,6,0,1717,0,Free
12/9/2024 11:16:29,22.25,11613.11,3.84,1,4,0,6,0,1717,0,Free
12/9/2024 11:34:44,22.25,11679.89,3.83,1,4,0,6,0,1717,0,Free
12/9/2024 11:52:59,22.25,11746.63,3.83,1,4,0,6,0,1717,0,Free
12/9/2024 12:11:14,22.25,11813.49,3.83,1,4,0,6,0,1717,0,Free
