Timestamp,Temperature,ElapsedSecs,BatteryVoltage,DeviceNumber,LeftCount,LeftDur,RightCount,RightDur,LeftFeedCount,LeftFeedDur,FeedParadigm
12/7/2024 14:29:55,21.75,31.28,3.93,6,0,0,1,0,0,0,Free
12/7/2024 14:30:06,21.75,42.11,3.93,6,0,0,1,0,0,0,Free
12/7/2024 14:32:45,22.00,51.12,3.92,6,0,0,1,0,1,957,Free
12/7/2024 14:34:26,21.75,56.30,3.92,6,0,0,1,0,2,2,Free
12/7/2024 14:34:57,21.75,58.35,3.92,6,0,0,1,0,3,0,Free
12/7/2024 14:35:05,21.75,59.31,3.92,6,0,0,1,0,4,45,Free
12/7/2024 14:35:25,21.75,60.81,3.92,6,0,0,1,0,5,19,Free
12/7/2024 14:35:46,21.75,62.29,3.91,6,0,0,1,0,6,0,Free
12/7/2024 14:35:50,21.75,63.02,3.92,6,0,0,1,0,7,105,Free
12/7/2024 14:36:05,21.75,64.22,3.92,6,0,0,1,0,8,0,Free
12/7/2024 14:36:38,21.75,67.46,3.92,6,0,0,1,0,9,1195,Free
12/7/2024 14:36:49,21.75,69.17,3.92,6,0,0,1,0,10,795,Free
12/7/2024 14:36:52,21.75,69.79,3.92,6,0,0,1,0,11,0,Free
12/7/2024 14:38:44,21.75,76.08,3.92,6,0,0,1,0,12,540,Free
12/7/2024 14:38:47,21.75,76.82,3.92,6,0,0,1,0,13,112,Free
12/7/2024 14:38:49,21.75,77.46,3.92,6,0,0,1,0,14,10,Free
12/7/2024 14:40:10,21.50,82.17,3.92,6,0,0,1,0,15,386,Free
12/7/2024 14:40:16,21.50,83.15,3.92,6,0,0,1,0,16,359,Free
12/7/2024 14:40:19,21.50,84.17,3.92,6,0,0,1,0,17,393,Free
12/7/2024 14:40:21,21.50,84.80,3.92,6,0,0,1,0,18,0,Free
12/7/2024 14:40:47,21.50,86.57,3.92,6,0,0,1,0,19,0,Free
12/7/2024 14:41:02,21.50,88.12,3.92,6,0,0,1,0,20,360,Free
12/7/2024 14:41:24,21.50,90.76,3.92,6,0,0,1,0,21,1162,Free
12/7/2024 14:41:30,21.50,92.84,3.91,6,0,0,1,0,22,1452,Free
12/7/2024 14:41:39,21.50,93.96,3.92,6,0,0,1,0,23,198,Free
12/7/2024 14:43:43,21.50,100.27,3.91,6,0,0,1,0,24,0,Free
12/7/2024 14:44:04,21.50,102.01,3.92,6,0,0,1,0,25,258,Free
12/7/2024 14:44:22,21.50,103.61,3.92,6,0,0,1,0,26,403,Free
12/7/2024 14:44:29,21.50,105.43,3.92,6,0,0,1,0,27,1196,Free
12/7/2024 14:44:31,21.50,106.06,3.92,6,0,0,1,0,28,0,Free
12/7/2024 14:44:34,21.50,106.70,3.92,6,0,0,1,0,29,0,Free
12/7/2024 14:44:53,21.50,108.18,3.92,6,0,0,1,0,30,0,Free
12/7/2024 14:44:56,21.50,109.15,3.92,6,0,0,1,0,31,343,Free
12/7/2024 14:45:00,21.50,110.29,3.92,6,0,0,1,0,32,514,Free
12/7/2024 14:45:29,21.50,112.23,3.92,6,0,0,1,0,33,173,Free
12/7/2024 14:45:34,21.50,113.00,3.92,6,0,0,1,0,34,147,Free
12/7/2024 14:45:37,21.50,113.72,3.92,6,0,0,1,0,35,95,Free
12/7/2024 14:45:42,21.50,114.35,3.92,6,0,0,1,0,36,0,Free
12/7/2024 14:45:47,21.50,114.98,3.92,6,0,0,1,0,37,0,Free
12/7/2024 14:46:46,21.50,128.09,3.92,6,0,0,1,0,37,0,Free
12/7/2024 14:48:00,21.50,132.13,3.93,6,0,0,1,0,38,0,Free
12/7/2024 14:48:10,21.50,133.04,3.92,6,0,0,1,0,39,0,Free
12/7/2024 14:48:17,21.50,134.70,3.92,6,0,0,1,0,40,1034,Free
12/7/2024 14:48:32,21.50,135.95,3.92,6,0,0,1,0,41,53,Free
12/7/2024 14:49:03,21.50,138.57,3.91,6,0,0,1,0,42,565,Free
12/7/2024 14:50:09,21.25,142.13,3.92,6,0,0,1,0,43,88,Free
12/7/2024 14:50:11,21.25,142.92,3.92,6,0,0,1,0,44,165,Free
12/7/2024 14:50:17,21.25,143.54,3.92,6,0,0,1,0,45,0,Free
12/7/2024 14:50:31,21.25,144.74,3.92,6,0,0,1,0,46,0,Free
12/7/2024 14:50:45,21.25,146.29,3.92,6,0,0,1,0,47,352,Free
12/7/2024 14:50:49,21.25,146.92,3.91,6,0,0,1,0,48,0,Free
12/7/2024 14:50:51,21.25,147.72,3.92,6,0,0,1,0,49,173,Free
12/7/2024 14:51:16,21.25,149.49,3.92,6,0,0,1,0,50,0,Free
12/7/2024 14:51:21,21.25,150.71,3.92,6,0,0,1,0,51,600,Free
12/7/2024 14:51:24,21.25,151.71,3.91,6,0,0,1,0,52,369,Free
12/7/2024 14:51:32,21.25,152.69,3.92,6,0,0,1,0,53,70,Free
12/7/2024 14:51:34,21.25,153.37,3.92,6,0,0,1,0,54,44,Free
12/7/2024 14:51:41,21.25,154.28,3.92,6,0,0,1,0,55,0,Free
12/7/2024 14:51:43,21.25,155.27,3.92,6,0,0,1,0,56,360,Free
12/7/2024 14:51:47,21.25,156.06,3.92,6,0,0,1,0,57,156,Free
12/7/2024 14:52:00,21.25,157.25,3.92,6,0,0,1,0,58,0,Free
12/7/2024 14:52:02,21.25,158.29,3.92,6,0,0,1,0,59,412,Free
12/7/2024 14:52:08,21.25,158.95,3.92,6,0,0,1,0,60,36,Free
12/7/2024 14:52:18,21.25,159.91,3.92,6,0,0,1,0,61,44,Free
12/7/2024 14:53:21,21.25,163.49,3.92,6,0,0,1,0,62,112,Free
12/7/2024 14:53:27,21.25,164.25,3.92,6,0,0,1,0,63,133,Free
12/7/2024 14:53:30,21.25,166.01,3.92,6,0,0,1,0,64,1128,Free
12/7/2024 14:53:36,21.25,166.64,3.92,6,0,0,1,0,65,0,Free
12/7/2024 14:53:39,21.25,167.33,3.92,6,0,0,1,0,66,62,Free
12/7/2024 14:53:46,21.25,168.24,3.92,6,0,0,1,0,67,0,Free
12/7/2024 14:53:51,21.25,169.27,3.92,6,0,0,1,0,68,402,Free
12/7/2024 14:53:51,21.25,170.00,3.92,6,0,0,1,0,69,104,Free
12/7/2024 14:54:01,21.25,171.35,3.92,6,0,0,1,0,70,437,Free
12/7/2024 14:54:18,21.25,172.54,3.92,6,0,0,1,0,71,0,Free
12/7/2024 14:54:44,21.25,174.75,3.92,6,0,0,1,0,72,437,Free
12/7/2024 14:54:45,21.25,175.37,3.92,6,0,0,1,0,73,0,Free
12/7/2024 14:54:52,21.25,176.34,3.92,6,0,0,1,0,74,53,Free
12/7/2024 14:56:13,21.25,181.25,3.91,6,0,0,1,0,75,573,Free
12/7/2024 14:57:40,21.25,185.86,3.92,6,0,0,1,0,76,0,Free
12/7/2024 14:57:51,21.25,186.77,3.92,6,0,0,1,0,77,0,Free
12/7/2024 14:58:05,21.25,188.66,3.92,6,0,0,1,0,78,693,Free
12/7/2024 14:58:52,21.25,191.28,3.92,6,0,0,1,0,79,0,Free
12/7/2024 14:59:05,21.25,192.48,3.91,6,0,0,1,0,80,0,Free
12/7/2024 14:59:28,21.25,194.65,3.91,6,0,0,1,0,81,684,Free
12/7/2024 14:59:57,21.25,196.42,3.92,6,0,0,1,0,82,0,Free
12/7/2024 15:00:05,21.25,197.33,3.91,6,0,0,1,0,83,0,Free
12/7/2024 15:00:10,21.25,197.96,3.92,6,0,0,1,0,84,0,Free
12/7/2024 15:00:17,21.25,198.94,3.92,6,0,0,1,0,85,70,Free
12/7/2024 15:00:19,21.25,199.57,3.91,6,0,0,1,0,86,0,Free
12/7/2024 15:00:50,21.25,201.63,3.92,6,0,0,1,0,87,0,Free
12/7/2024 15:00:51,21.25,202.25,3.92,6,0,0,1,0,88,0,Free
12/7/2024 15:00:52,21.25,203.15,3.92,6,0,0,1,0,89,266,Free
12/7/2024 15:00:56,21.25,205.33,3.92,6,0,0,1,0,90,1555,Free
12/7/2024 15:01:07,21.25,206.24,3.92,6,0,0,1,0,91,0,Free
12/7/2024 15:01:08,21.25,207.39,3.92,6,0,0,1,0,92,523,Free
12/7/2024 15:01:26,21.25,208.73,3.91,6,0,0,1,0,93,139,Free
12/7/2024 15:01:30,21.25,209.35,3.92,6,0,0,1,0,94,0,Free
12/7/2024 15:01:33,21.25,209.98,3.92,6,0,0,1,0,95,0,Free
12/7/2024 15:01:51,21.25,211.46,3.91,6,0,0,1,0,96,0,Free
12/7/2024 15:02:02,21.25,222.30,3.91,6,0,0,1,0,96,0,Free
12/7/2024 15:02:08,21.25,223.21,3.92,6,0,0,1,0,97,0,Free
12/7/2024 15:02:17,21.25,224.12,3.92,6,0,0,1,0,98,0,Free
12/7/2024 15:02:22,21.25,224.75,3.91,6,0,0,1,0,99,0,Free
12/7/2024 15:03:44,21.25,229.38,3.91,6,0,0,1,0,100,292,Free
12/7/2024 15:04:01,21.25,230.58,3.92,6,0,0,1,0,101,0,Free
12/7/2024 15:06:20,21.25,237.99,3.92,6,0,0,1,0,102,224,Free
12/7/2024 15:06:21,21.25,238.62,3.92,6,0,0,1,0,103,0,Free
12/7/2024 15:06:47,21.25,240.39,3.92,6,0,0,1,0,104,0,Free
12/7/2024 15:06:49,21.25,242.12,3.92,6,0,0,1,0,105,1111,Free
12/7/2024 15:06:54,21.25,242.75,3.91,6,0,0,1,0,106,0,Free
12/7/2024 15:06:57,21.25,243.40,3.91,6,0,0,1,0,107,20,Free
12/7/2024 15:06:59,21.25,244.04,3.91,6,0,0,1,0,108,0,Free
12/7/2024 15:07:07,21.25,245.04,3.91,6,0,0,1,0,109,95,Free
12/7/2024 15:07:09,21.25,246.10,3.92,6,0,0,1,0,110,428,Free
12/7/2024 15:07:13,21.25,246.73,3.92,6,0,0,1,0,111,0,Free
12/7/2024 15:07:26,21.25,247.92,3.91,6,0,0,1,0,112,0,Free
12/7/2024 15:07:29,21.25,248.73,3.92,6,0,0,1,0,113,181,Free
12/7/2024 15:07:39,21.25,249.64,3.92,6,0,0,1,0,114,0,Free
12/7/2024 15:07:41,21.25,250.27,3.91,6,0,0,1,0,115,0,Free
12/7/2024 15:07:43,21.25,250.90,3.92,6,0,0,1,0,116,0,Free
12/7/2024 15:07:45,21.25,251.53,3.92,6,0,0,1,0,117,0,Free
12/7/2024 15:07:48,21.25,252.73,3.92,6,0,0,1,0,118,574,Free
12/7/2024 15:07:58,21.25,254.05,3.92,6,0,0,1,0,119,411,Free
12/7/2024 15:08:02,21.25,254.92,3.92,6,0,0,1,0,120,242,Free
12/7/2024 15:08:04,21.25,255.55,3.92,6,0,0,1,0,121,0,Free
12/7/2024 15:08:06,21.25,256.48,3.91,6,0,0,1,0,122,301,Free
12/7/2024 15:08:08,21.25,257.16,3.92,6,0,0,1,0,123,61,Free
12/7/2024 15:08:11,21.25,258.76,3.92,6,0,0,1,0,124,974,Free
12/7/2024 15:08:13,21.25,259.82,3.92,6,0,0,1,0,125,429,Free
12/7/2024 15:08:15,21.25,260.53,3.92,6,0,0,1,0,126,78,Free
12/7/2024 15:08:18,21.25,261.25,3.91,6,0,0,1,0,127,96,Free
12/7/2024 15:08:19,21.25,261.88,3.91,6,0,0,1,0,128,0,Free
12/7/2024 15:08:20,21.25,262.62,3.92,6,0,0,1,0,129,112,Free
12/7/2024 15:08:24,21.25,263.40,3.91,6,0,0,1,0,130,156,Free
12/7/2024 15:08:25,21.25,264.44,3.91,6,0,0,1,0,131,411,Free
12/7/2024 15:08:27,21.25,265.31,3.92,6,0,0,1,0,132,241,Free
12/7/2024 15:08:38,21.25,266.23,3.92,6,0,0,1,0,133,0,Free
12/7/2024 15:09:01,21.25,267.76,3.92,6,0,0,1,0,134,53,Free
12/7/2024 15:09:04,21.25,268.55,3.91,6,0,0,1,0,135,156,Free
12/7/2024 15:09:17,21.25,270.26,3.92,6,0,0,1,0,136,513,Free
12/7/2024 15:09:22,21.25,272.57,3.92,6,0,0,1,0,137,1690,Free
12/7/2024 15:09:33,21.25,275.67,3.91,6,0,0,1,0,138,2185,Free
12/7/2024 15:09:45,21.25,277.02,3.91,6,0,0,1,0,139,437,Free
12/7/2024 15:10:51,21.25,280.53,3.91,6,0,0,1,0,140,27,Free
12/7/2024 15:10:52,21.25,281.16,3.92,6,0,0,1,0,141,0,Free
12/7/2024 15:11:50,21.25,285.11,3.92,6,0,0,1,0,142,761,Free
12/7/2024 15:11:57,21.25,286.15,3.91,6,0,0,1,0,143,130,Free
12/7/2024 15:11:58,21.25,286.96,3.92,6,0,0,1,0,144,181,Free
12/7/2024 15:12:07,21.25,288.17,3.91,6,0,0,1,0,145,300,Free
12/7/2024 15:12:10,21.25,289.22,3.92,6,0,0,1,0,146,420,Free
12/7/2024 15:12:13,21.25,290.35,3.91,6,0,0,1,0,147,505,Free
12/7/2024 15:12:14,21.25,291.86,3.92,6,0,0,1,0,148,881,Free
12/7/2024 15:12:22,21.25,292.77,3.91,6,0,0,1,0,149,0,Free
12/7/2024 15:14:07,21.25,300.48,3.92,6,0,0,1,0,150,2514,Free
12/7/2024 15:14:08,21.25,301.11,3.92,6,0,0,1,0,151,0,Free
12/7/2024 15:15:28,21.25,306.33,3.91,6,0,0,1,0,152,880,Free
12/7/2024 15:15:42,21.25,309.36,3.92,6,0,0,1,0,153,1836,Free
12/7/2024 15:15:46,21.25,311.13,3.92,6,0,0,1,0,154,1144,Free
12/7/2024 15:15:48,21.25,311.76,3.92,6,0,0,1,0,155,0,Free
12/7/2024 15:15:58,21.25,313.02,3.92,6,0,0,1,0,156,351,Free
12/7/2024 15:16:04,21.25,313.65,3.92,6,0,0,1,0,157,0,Free
12/7/2024 15:16:10,21.25,314.28,3.91,6,0,0,1,0,158,0,Free
12/7/2024 15:16:12,21.25,316.10,3.92,6,0,0,1,0,159,1197,Free
12/7/2024 15:16:17,21.25,317.24,3.92,6,0,0,1,0,160,497,Free
12/7/2024 15:16:19,21.25,318.67,3.91,6,0,0,1,0,161,804,Free
12/7/2024 15:16:21,21.25,320.05,3.92,6,0,0,1,0,162,752,Free
12/7/2024 15:16:23,21.25,320.68,3.92,6,0,0,1,0,163,0,Free
12/7/2024 15:16:23,21.25,321.35,3.91,6,0,0,1,0,164,44,Free
12/7/2024 15:16:24,21.25,321.97,3.91,6,0,0,1,0,165,0,Free
12/7/2024 15:16:35,21.25,332.81,3.91,6,0,0,1,0,165,0,Free
12/7/2024 15:16:41,21.25,333.43,3.92,6,0,0,1,0,166,0,Free
12/7/2024 15:16:59,21.25,335.26,3.92,6,0,0,1,0,167,625,Free
12/7/2024 15:17:00,21.25,335.88,3.92,6,0,0,1,0,168,0,Free
12/7/2024 15:17:24,21.50,337.37,3.92,6,0,0,1,0,169,0,Free
12/7/2024 15:17:30,21.50,339.30,3.92,6,0,0,1,0,170,1307,Free
12/7/2024 15:20:21,21.50,348.46,3.91,6,0,0,1,0,171,540,Free
12/7/2024 15:20:28,21.50,349.66,3.91,6,0,0,1,0,172,292,Free
12/7/2024 15:20:32,21.50,350.41,3.92,6,0,0,1,0,173,121,Free
12/7/2024 15:20:40,21.50,351.32,3.91,6,0,0,1,0,174,0,Free
12/7/2024 15:20:42,21.50,352.12,3.92,6,0,0,1,0,175,163,Free
12/7/2024 15:20:49,21.50,353.10,3.92,6,0,0,1,0,176,353,Free
12/7/2024 15:20:51,21.50,353.73,3.92,6,0,0,1,0,177,0,Free
12/7/2024 15:20:52,21.50,354.47,3.91,6,0,0,1,0,178,112,Free
12/7/2024 15:20:58,21.50,355.12,3.92,6,0,0,1,0,179,27,Free
12/7/2024 15:21:00,21.50,355.97,3.91,6,0,0,1,0,180,224,Free
12/7/2024 15:21:01,21.50,356.65,3.92,6,0,0,1,0,181,53,Free
12/7/2024 15:21:03,21.50,357.66,3.92,6,0,0,1,0,182,386,Free
12/7/2024 15:21:10,21.50,359.60,3.92,6,0,0,1,0,183,1016,Free
12/7/2024 15:21:11,21.50,360.46,3.91,6,0,0,1,0,184,241,Free
12/7/2024 15:21:12,21.50,361.10,3.91,6,0,0,1,0,185,0,Free
12/7/2024 15:21:18,21.50,362.02,3.92,6,0,0,1,0,186,0,Free
12/7/2024 15:21:20,21.50,363.98,3.91,6,0,0,1,0,187,1332,Free
12/7/2024 15:21:29,21.50,365.35,3.92,6,0,0,1,0,188,454,Free
12/7/2024 15:21:30,21.50,366.16,3.92,6,0,0,1,0,189,181,Free
12/7/2024 15:21:31,21.50,366.81,3.91,6,0,0,1,0,190,28,Free
12/7/2024 15:21:34,21.50,367.44,3.91,6,0,0,1,0,191,0,Free
12/7/2024 15:21:36,21.50,368.07,3.92,6,0,0,1,0,192,0,Free
12/7/2024 15:22:02,21.50,369.84,3.92,6,0,0,1,0,193,0,Free
12/7/2024 15:22:54,21.50,373.15,3.91,6,0,0,1,0,194,403,Free
12/7/2024 15:25:02,21.50,379.84,3.91,6,0,0,1,0,195,70,Free
12/7/2024 15:25:30,21.50,388.48,3.91,6,0,0,1,0,196,7151,Free
12/7/2024 15:27:03,21.50,393.38,3.91,6,0,0,1,0,197,0,Free
12/7/2024 15:27:12,21.50,394.30,3.91,6,0,0,1,0,198,0,Free
12/7/2024 15:33:04,21.50,421.39,3.92,6,0,0,1,0,198,0,Free
12/7/2024 15:44:49,21.50,455.42,3.92,6,0,0,1,0,199,0,Free
12/7/2024 15:44:54,21.50,456.04,3.92,6,0,0,1,0,200,0,Free
12/7/2024 15:45:03,21.50,457.70,3.91,6,0,0,1,0,201,745,Free
12/7/2024 15:45:20,21.50,461.21,3.92,6,0,0,1,0,202,2314,Free
12/7/2024 15:46:08,21.50,465.42,3.92,6,0,0,1,0,203,1579,Free
12/7/2024 15:46:09,21.50,466.09,3.91,6,0,0,1,0,204,53,Free
12/7/2024 15:46:47,21.50,468.43,3.91,6,0,0,1,0,205,0,Free
12/7/2024 15:46:51,21.50,469.66,3.92,6,0,0,1,0,206,598,Free
12/7/2024 15:46:53,21.50,470.45,3.91,6,0,0,1,0,207,164,Free
12/7/2024 15:46:55,21.50,471.12,3.91,6,0,0,1,0,208,44,Free
12/7/2024 15:47:00,21.50,471.82,3.91,6,0,0,1,0,209,68,Free
12/7/2024 15:47:06,21.50,472.45,3.91,6,0,0,1,0,210,0,Free
12/7/2024 15:47:44,21.50,474.92,3.92,6,0,0,1,0,211,130,Free
12/7/2024 15:47:46,21.50,475.66,3.91,6,0,0,1,0,212,112,Free
12/7/2024 15:47:49,21.50,476.48,3.91,6,0,0,1,0,213,190,Free
12/7/2024 15:47:52,21.50,478.21,3.92,6,0,0,1,0,214,1103,Free
12/7/2024 15:47:54,21.50,479.08,3.92,6,0,0,1,0,215,241,Free
12/7/2024 15:47:58,21.50,481.05,3.91,6,0,0,1,0,216,1349,Free
12/7/2024 15:48:01,21.50,481.68,3.92,6,0,0,1,0,217,0,Free
12/7/2024 15:50:23,21.50,498.79,3.91,6,0,0,1,0,217,0,Free
12/7/2024 16:08:34,21.50,561.00,3.92,6,0,0,1,0,217,0,Free
12/7/2024 16:11:08,21.50,568.76,3.90,6,0,0,1,0,218,0,Free
12/7/2024 16:11:33,21.50,570.64,3.91,6,0,0,1,0,219,399,Free
12/7/2024 16:11:36,21.50,571.27,3.91,6,0,0,1,0,220,0,Free
12/7/2024 16:11:38,21.50,572.65,3.91,6,0,0,1,0,221,752,Free
12/7/2024 16:11:41,21.50,573.27,3.91,6,0,0,1,0,222,0,Free
12/7/2024 16:11:55,21.50,574.48,3.91,6,0,0,1,0,223,0,Free
12/7/2024 16:12:02,21.50,576.08,3.92,6,0,0,1,0,224,976,Free
12/7/2024 16:12:08,21.50,578.97,3.91,6,0,0,1,0,225,2261,Free
12/7/2024 16:12:11,21.50,580.38,3.91,6,0,0,1,0,226,787,Free
12/7/2024 16:12:18,21.50,581.29,3.91,6,0,0,1,0,227,0,Free
12/7/2024 16:12:37,21.50,584.77,3.91,6,0,0,1,0,228,2280,Free
12/7/2024 16:12:46,21.50,586.59,3.91,6,0,0,1,0,229,906,Free
12/7/2024 16:12:52,21.50,589.18,3.90,6,0,0,1,0,230,1963,Free
12/7/2024 16:13:04,21.50,591.00,3.91,6,0,0,1,0,231,906,Free
12/7/2024 16:13:11,21.50,592.73,3.91,6,0,0,1,0,232,813,Free
12/7/2024 16:14:06,21.50,599.02,3.91,6,0,0,1,0,233,3388,Free
12/7/2024 16:19:11,21.50,613.92,3.91,6,0,0,1,0,234,0,Free
12/7/2024 16:19:18,21.50,615.85,3.91,6,0,0,1,0,235,1017,Free
12/7/2024 16:19:21,21.50,616.54,3.91,6,0,0,1,0,236,53,Free
12/7/2024 16:19:22,21.50,617.22,3.91,6,0,0,1,0,237,53,Free
12/7/2024 16:19:32,21.50,620.89,3.92,6,0,0,1,0,238,2757,Free
12/7/2024 16:26:00,21.50,649.70,3.92,6,0,0,1,0,238,0,Free
12/7/2024 16:41:30,21.50,697.86,3.91,6,0,0,1,0,239,3578,Free
12/7/2024 16:41:36,21.50,698.98,3.91,6,0,0,1,0,240,492,Free
12/7/2024 16:42:03,21.50,700.79,3.91,6,0,0,1,0,241,44,Free
12/7/2024 16:42:53,21.50,703.72,3.91,6,0,0,1,0,242,19,Free
12/7/2024 16:44:04,21.75,717.41,3.91,6,0,0,1,0,242,0,Free
12/7/2024 16:46:29,21.75,726.97,3.91,6,0,0,1,0,243,2370,Free
12/7/2024 16:46:32,21.75,727.84,3.91,6,0,0,1,0,244,240,Free
12/7/2024 16:47:12,21.75,730.18,3.91,6,0,0,1,0,245,0,Free
12/7/2024 16:47:17,21.75,730.80,3.91,6,0,0,1,0,246,0,Free
12/7/2024 16:48:04,21.75,734.77,3.91,6,0,0,1,0,247,1338,Free
12/7/2024 16:48:10,21.75,736.09,3.91,6,0,0,1,0,248,691,Free
12/7/2024 16:48:19,21.75,737.26,3.91,6,0,0,1,0,249,265,Free
12/7/2024 16:48:24,21.75,738.28,3.91,6,0,0,1,0,250,385,Free
12/7/2024 16:48:33,21.75,739.52,3.91,6,0,0,1,0,251,333,Free
12/7/2024 16:48:59,21.75,741.44,3.91,6,0,0,1,0,252,147,Free
12/7/2024 16:49:00,21.75,742.07,3.91,6,0,0,1,0,253,0,Free
12/7/2024 16:49:06,21.75,743.29,3.91,6,0,0,1,0,254,316,Free
12/7/2024 16:49:15,21.75,744.21,3.91,6,0,0,1,0,255,0,Free
12/7/2024 16:49:17,21.75,744.84,3.91,6,0,0,1,0,256,0,Free
12/7/2024 16:49:28,21.75,745.78,3.91,6,0,0,1,0,257,35,Free
12/7/2024 16:49:39,21.75,747.89,3.91,6,0,0,1,0,258,1193,Free
12/7/2024 16:50:06,21.75,749.66,3.91,6,0,0,1,0,259,0,Free
12/7/2024 16:50:14,21.75,750.71,3.91,6,0,0,1,0,260,129,Free
12/7/2024 16:52:14,21.75,758.38,3.91,6,0,0,1,0,261,1620,Free
12/7/2024 16:52:52,21.75,760.96,3.91,6,0,0,1,0,262,240,Free
12/7/2024 16:53:48,21.75,764.21,3.91,6,0,0,1,0,263,53,Free
12/7/2024 16:54:44,21.75,767.40,3.91,6,0,0,1,0,264,0,Free
12/7/2024 16:54:57,21.75,768.92,3.91,6,0,0,1,0,265,603,Free
12/7/2024 17:01:02,21.75,786.93,3.91,6,0,0,1,0,266,257,Free
12/7/2024 17:01:03,21.75,787.55,3.91,6,0,0,1,0,267,0,Free
12/7/2024 17:01:14,21.75,798.39,3.91,6,0,0,1,0,267,0,Free
12/7/2024 17:01:19,21.75,799.45,3.91,6,0,0,1,0,268,436,Free
12/7/2024 17:01:44,21.75,801.58,3.91,6,0,0,1,0,269,359,Free
12/7/2024 17:01:56,21.75,802.56,3.91,6,0,0,1,0,270,70,Free
12/7/2024 17:01:58,21.75,803.19,3.91,6,0,0,1,0,271,0,Free
12/7/2024 17:02:00,21.75,804.35,3.91,6,0,0,1,0,272,539,Free
12/7/2024 17:02:06,21.75,805.35,3.91,6,0,0,1,0,273,367,Free
12/7/2024 17:02:08,21.75,805.98,3.91,6,0,0,1,0,274,0,Free
12/7/2024 17:02:42,21.75,808.03,3.91,6,0,0,1,0,275,2,Free
12/7/2024 17:02:57,21.75,809.46,3.91,6,0,0,1,0,276,232,Free
12/7/2024 17:02:58,21.75,810.09,3.91,6,0,0,1,0,277,0,Free
12/7/2024 17:02:59,21.75,810.72,3.91,6,0,0,1,0,278,0,Free
12/7/2024 17:03:02,21.75,811.35,3.91,6,0,0,1,0,279,0,Free
12/7/2024 17:03:09,21.75,812.26,3.91,6,0,0,1,0,280,0,Free
12/7/2024 17:03:14,21.75,812.89,3.91,6,0,0,1,0,281,0,Free
12/7/2024 17:03:23,21.75,814.02,3.91,6,0,0,1,0,282,223,Free
12/7/2024 17:03:28,21.75,814.65,3.91,6,0,0,1,0,283,0,Free
12/7/2024 17:03:33,21.75,815.27,3.91,6,0,0,1,0,284,0,Free
12/7/2024 17:03:55,21.75,816.76,3.91,6,0,0,1,0,285,0,Free
12/7/2024 17:03:58,21.75,817.56,3.91,6,0,0,1,0,286,164,Free
12/7/2024 17:04:00,21.75,818.18,3.91,6,0,0,1,0,287,0,Free
12/7/2024 17:04:02,21.75,818.81,3.91,6,0,0,1,0,288,0,Free
12/7/2024 17:04:03,21.75,819.44,3.91,6,0,0,1,0,289,0,Free
12/7/2024 17:04:04,21.75,820.27,3.91,6,0,0,1,0,290,207,Free
12/7/2024 17:04:09,21.75,820.90,3.91,6,0,0,1,0,291,0,Free
12/7/2024 17:04:11,21.75,821.63,3.91,6,0,0,1,0,292,105,Free
12/7/2024 17:04:13,21.75,822.26,3.91,6,0,0,1,0,293,0,Free
12/7/2024 17:04:16,21.75,822.92,3.91,6,0,0,1,0,294,36,Free
12/7/2024 17:04:17,21.75,823.75,3.91,6,0,0,1,0,295,198,Free
12/7/2024 17:04:30,21.75,824.95,3.91,6,0,0,1,0,296,0,Free
12/7/2024 17:04:32,21.75,825.82,3.91,6,0,0,1,0,297,241,Free
12/7/2024 17:04:36,21.75,826.75,3.91,6,0,0,1,0,298,301,Free
12/7/2024 17:04:40,21.75,827.89,3.91,6,0,0,1,0,299,513,Free
12/7/2024 17:04:43,21.75,828.59,3.91,6,0,0,1,0,300,79,Free
12/7/2024 17:04:45,21.75,829.41,3.91,6,0,0,1,0,301,189,Free
12/7/2024 17:04:47,21.75,830.04,3.91,6,0,0,1,0,302,0,Free
12/7/2024 17:04:48,21.75,830.79,3.91,6,0,0,1,0,303,121,Free
12/7/2024 17:04:51,21.75,831.66,3.91,6,0,0,1,0,304,249,Free
12/7/2024 17:04:55,21.75,833.19,3.91,6,0,0,1,0,305,897,Free
12/7/2024 17:08:35,21.75,844.32,3.91,6,0,0,1,0,306,232,Free
12/7/2024 17:17:21,21.75,879.70,3.92,6,0,0,1,0,306,0,Free
12/7/2024 17:35:32,21.75,941.91,3.91,6,0,0,1,0,306,0,Free
12/7/2024 17:53:43,21.75,1004.11,3.91,6,0,0,1,0,306,0,Free
12/7/2024 17:53:47,21.75,1004.76,3.91,6,0,0,1,0,307,27,Free
12/7/2024 17:53:48,21.75,1005.39,3.91,6,0,0,1,0,308,0,Free
12/7/2024 17:54:06,21.75,1006.69,3.91,6,0,0,1,0,309,99,Free
12/7/2024 17:54:31,21.75,1008.63,3.91,6,0,0,1,0,310,447,Free
12/7/2024 17:54:34,21.75,1009.66,3.91,6,0,0,1,0,311,403,Free
12/7/2024 17:54:41,21.75,1010.57,3.91,6,0,0,1,0,312,0,Free
12/7/2024 17:54:47,21.75,1011.29,3.91,6,0,0,1,0,313,88,Free
12/7/2024 17:54:55,21.75,1012.20,3.91,6,0,0,1,0,314,0,Free
12/7/2024 17:55:03,21.75,1013.11,3.91,6,0,0,1,0,315,0,Free
12/7/2024 17:55:18,21.75,1014.41,3.91,6,0,0,1,0,316,104,Free
12/7/2024 17:55:30,21.75,1015.70,3.91,6,0,0,1,0,317,369,Free
12/7/2024 17:55:53,21.75,1017.18,3.91,6,0,0,1,0,318,0,Free
12/7/2024 17:56:00,21.75,1017.99,3.91,6,0,0,1,0,319,183,Free
12/7/2024 17:56:02,21.75,1018.83,3.91,6,0,0,1,0,320,215,Free
12/7/2024 17:56:08,21.75,1019.46,3.91,6,0,0,1,0,321,0,Free
12/7/2024 17:56:15,21.75,1020.37,3.91,6,0,0,1,0,322,0,Free
12/7/2024 17:56:20,21.75,1021.00,3.91,6,0,0,1,0,323,0,Free
12/7/2024 17:56:27,21.75,1021.82,3.91,6,0,0,1,0,324,193,Free
12/7/2024 17:56:37,21.75,1022.73,3.91,6,0,0,1,0,325,0,Free
12/7/2024 17:56:41,21.75,1023.36,3.91,6,0,0,1,0,326,0,Free
12/7/2024 17:56:59,21.75,1024.84,3.91,6,0,0,1,0,327,0,Free
12/7/2024 17:57:03,21.75,1025.55,3.91,6,0,0,1,0,328,78,Free
12/7/2024 17:57:11,21.75,1026.47,3.91,6,0,0,1,0,329,10,Free
12/7/2024 17:57:28,21.75,1027.83,3.91,6,0,0,1,0,330,163,Free
12/7/2024 17:57:47,21.75,1029.32,3.91,6,0,0,1,0,331,0,Free
12/7/2024 17:57:56,21.75,1030.58,3.91,6,0,0,1,0,332,351,Free
12/7/2024 17:58:05,21.75,1031.49,3.91,6,0,0,1,0,333,0,Free
12/7/2024 17:58:07,21.75,1032.29,3.91,6,0,0,1,0,334,173,Free
12/7/2024 17:58:12,21.75,1033.21,3.91,6,0,0,1,0,335,293,Free
12/7/2024 18:07:45,21.75,1061.36,3.91,6,0,0,1,0,336,403,Free
12/7/2024 18:10:44,21.75,1080.19,3.91,6,0,0,1,0,336,0,Free
12/7/2024 18:28:55,21.75,1142.39,3.91,6,0,0,1,0,336,0,Free
12/7/2024 18:41:22,21.75,1178.50,3.91,6,0,0,1,0,337,96,Free
12/7/2024 18:41:38,21.75,1180.04,3.91,6,0,0,1,0,338,343,Free
12/7/2024 18:42:00,22.00,1181.53,3.91,6,0,0,1,0,339,0,Free
12/7/2024 18:42:08,22.00,1182.47,3.91,6,0,0,1,0,340,27,Free
12/7/2024 18:42:16,22.00,1183.74,3.91,6,0,0,1,0,341,360,Free
12/7/2024 18:42:27,22.00,1184.66,3.91,6,0,0,1,0,342,0,Free
12/7/2024 18:42:32,22.00,1185.41,3.91,6,0,0,1,0,343,129,Free
12/7/2024 18:42:39,22.00,1186.56,3.91,6,0,0,1,0,344,232,Free
12/7/2024 18:42:39,22.00,1187.28,3.91,6,0,0,1,0,345,96,Free
12/7/2024 18:42:42,22.00,1187.91,3.91,6,0,0,1,0,346,0,Free
12/7/2024 18:42:49,22.00,1190.30,3.91,6,0,0,1,0,347,1767,Free
12/7/2024 18:42:53,22.00,1191.02,3.89,6,0,0,1,0,348,95,Free
12/7/2024 18:43:01,22.00,1191.94,3.91,6,0,0,1,0,349,0,Free
12/7/2024 18:45:39,22.00,1200.06,3.91,6,0,0,1,0,350,70,Free
12/7/2024 18:46:25,22.00,1212.60,3.91,6,0,0,1,0,350,0,Free
12/7/2024 18:47:46,22.00,1216.94,3.91,6,0,0,1,0,351,0,Free
12/7/2024 18:48:02,22.00,1218.14,3.91,6,0,0,1,0,352,0,Free
12/7/2024 18:52:15,22.00,1230.75,3.91,6,0,0,1,0,353,0,Free
12/7/2024 19:04:25,22.00,1275.83,3.91,6,0,0,1,0,353,0,Free
12/7/2024 19:10:15,22.00,1293.19,3.91,6,0,0,1,0,354,181,Free
12/7/2024 19:10:21,22.00,1293.82,3.91,6,0,0,1,0,355,0,Free
12/7/2024 19:10:34,22.00,1295.02,3.91,6,0,0,1,0,356,0,Free
12/7/2024 19:10:47,22.00,1296.25,3.91,6,0,0,1,0,357,319,Free
12/7/2024 19:11:20,22.00,1299.51,3.91,6,0,0,1,0,358,1204,Free
12/7/2024 19:11:23,22.00,1300.14,3.91,6,0,0,1,0,359,0,Free
12/7/2024 19:11:29,22.00,1300.93,3.91,6,0,0,1,0,360,163,Free
12/7/2024 19:11:56,22.00,1305.47,3.91,6,0,0,1,0,361,2766,Free
12/7/2024 19:13:49,22.00,1311.23,3.91,6,0,0,1,0,362,0,Free
12/7/2024 19:14:42,22.00,1314.14,3.91,6,0,0,1,0,363,0,Free
12/7/2024 19:15:20,22.00,1317.57,3.91,6,0,0,1,0,364,1085,Free
12/7/2024 19:15:34,22.00,1318.90,3.91,6,0,0,1,0,365,130,Free
12/7/2024 19:15:39,22.00,1320.32,3.91,6,0,0,1,0,366,795,Free
12/7/2024 19:15:54,22.00,1321.65,3.91,6,0,0,1,0,367,130,Free
12/7/2024 19:15:58,22.00,1322.29,3.91,6,0,0,1,0,368,19,Free
12/7/2024 19:16:03,22.00,1323.48,3.91,6,0,0,1,0,369,556,Free
12/7/2024 19:16:12,22.00,1324.58,3.91,6,0,0,1,0,370,190,Free
12/7/2024 19:16:14,22.00,1325.47,3.91,6,0,0,1,0,371,266,Free
12/7/2024 19:16:24,22.00,1326.38,3.91,6,0,0,1,0,372,0,Free
12/7/2024 19:16:27,22.00,1327.03,3.91,6,0,0,1,0,373,19,Free
12/7/2024 19:16:32,22.00,1327.66,3.91,6,0,0,1,0,374,0,Free
12/7/2024 19:16:35,22.00,1328.30,3.91,6,0,0,1,0,375,10,Free
12/7/2024 19:16:44,22.00,1329.21,3.91,6,0,0,1,0,376,0,Free
12/7/2024 19:16:46,22.00,1330.07,3.91,6,0,0,1,0,377,232,Free
12/7/2024 19:17:04,22.00,1331.27,3.91,6,0,0,1,0,378,0,Free
12/7/2024 19:17:05,22.00,1331.89,3.89,6,0,0,1,0,379,0,Free
12/7/2024 19:17:20,22.00,1333.18,3.91,6,0,0,1,0,380,87,Free
12/7/2024 19:17:25,22.00,1333.81,3.91,6,0,0,1,0,381,0,Free
12/7/2024 19:17:26,22.00,1334.44,3.91,6,0,0,1,0,382,0,Free
12/7/2024 19:17:33,22.00,1335.50,3.91,6,0,0,1,0,383,147,Free
12/7/2024 19:17:41,22.00,1338.21,3.91,6,0,0,1,0,384,2091,Free
12/7/2024 19:17:56,22.00,1339.42,3.91,6,0,0,1,0,385,0,Free
12/7/2024 19:17:58,22.00,1341.23,3.91,6,0,0,1,0,386,1187,Free
12/7/2024 19:20:37,22.00,1349.28,3.91,6,0,0,1,0,387,0,Free
12/7/2024 19:20:57,22.00,1350.76,3.91,6,0,0,1,0,388,0,Free
12/7/2024 19:21:08,22.00,1361.59,3.91,6,0,0,1,0,388,0,Free
12/7/2024 19:32:48,22.00,1395.33,3.91,6,0,0,1,0,389,0,Free
12/7/2024 19:34:52,22.00,1401.67,3.91,6,0,0,1,0,390,0,Free
12/7/2024 19:34:55,22.00,1402.47,3.91,6,0,0,1,0,391,181,Free
12/7/2024 19:35:01,22.00,1403.39,3.90,6,0,0,1,0,392,284,Free
12/7/2024 19:35:03,22.00,1404.07,3.91,6,0,0,1,0,393,53,Free
12/7/2024 19:35:08,22.00,1404.98,3.89,6,0,0,1,0,394,283,Free
12/7/2024 19:35:14,22.00,1405.60,3.91,6,0,0,1,0,395,0,Free
12/7/2024 19:35:16,22.00,1406.33,3.91,6,0,0,1,0,396,95,Free
12/7/2024 19:35:23,22.00,1408.80,3.91,6,0,0,1,0,397,1843,Free
12/7/2024 19:35:25,22.00,1409.43,3.91,6,0,0,1,0,398,0,Free
12/7/2024 19:35:34,22.00,1410.86,3.91,6,0,0,1,0,399,522,Free
12/7/2024 19:35:35,22.00,1411.49,3.91,6,0,0,1,0,400,0,Free
12/7/2024 19:35:38,22.00,1412.18,3.91,6,0,0,1,0,401,61,Free
12/7/2024 19:35:58,22.00,1413.78,3.91,6,0,0,1,0,402,121,Free
12/7/2024 19:36:07,22.00,1415.17,3.91,6,0,0,1,0,403,479,Free
12/7/2024 19:36:18,22.00,1416.09,3.91,6,0,0,1,0,404,0,Free
12/7/2024 19:36:32,22.00,1417.28,3.91,6,0,0,1,0,405,0,Free
12/7/2024 19:36:47,22.00,1418.79,3.91,6,0,0,1,0,406,301,Free
12/7/2024 19:36:55,22.00,1419.70,3.91,6,0,0,1,0,407,0,Free
12/7/2024 19:36:58,22.00,1420.66,3.91,6,0,0,1,0,408,334,Free
12/7/2024 19:38:27,22.00,1435.20,3.91,6,0,0,1,0,408,0,Free
12/7/2024 19:44:34,22.00,1453.24,3.91,6,0,0,1,0,409,0,Free
12/7/2024 19:56:33,22.00,1497.76,3.91,6,0,0,1,0,409,0,Free
12/7/2024 20:14:44,22.00,1559.96,3.91,6,0,0,1,0,409,0,Free
12/7/2024 20:14:48,22.00,1560.89,3.91,6,0,0,1,0,410,301,Free
12/7/2024 20:14:56,22.00,1561.81,3.90,6,0,0,1,0,411,0,Free
12/7/2024 20:14:59,22.00,1563.02,3.91,6,0,0,1,0,412,582,Free
12/7/2024 20:15:00,22.00,1563.98,3.91,6,0,0,1,0,413,334,Free
12/7/2024 20:15:09,22.00,1565.01,3.91,6,0,0,1,0,414,121,Free
12/7/2024 20:15:18,22.00,1566.41,3.91,6,0,0,1,0,415,488,Free
12/7/2024 20:15:26,22.00,1567.32,3.91,6,0,0,1,0,416,0,Free
12/7/2024 20:15:30,22.00,1568.36,3.91,6,0,0,1,0,417,411,Free
12/7/2024 20:15:34,22.00,1568.99,3.91,6,0,0,1,0,418,0,Free
12/7/2024 20:15:35,22.00,1569.62,3.91,6,0,0,1,0,419,0,Free
12/7/2024 20:15:37,22.00,1571.02,3.91,6,0,0,1,0,420,770,Free
12/7/2024 20:15:38,22.00,1571.68,3.91,6,0,0,1,0,421,36,Free
12/7/2024 20:15:41,22.00,1572.31,3.90,6,0,0,1,0,422,0,Free
12/7/2024 20:15:43,22.00,1572.93,3.91,6,0,0,1,0,423,0,Free
12/7/2024 20:15:44,22.00,1574.10,3.90,6,0,0,1,0,424,539,Free
12/7/2024 20:15:46,22.00,1574.73,3.91,6,0,0,1,0,425,0,Free
12/7/2024 20:15:50,22.00,1575.35,3.91,6,0,0,1,0,426,0,Free
12/7/2024 20:15:51,22.00,1576.06,3.91,6,0,0,1,0,427,79,Free
12/7/2024 20:15:52,22.00,1576.69,3.91,6,0,0,1,0,428,0,Free
12/7/2024 20:16:07,22.00,1577.89,3.90,6,0,0,1,0,429,0,Free
12/7/2024 20:16:08,22.00,1578.64,3.90,6,0,0,1,0,430,130,Free
12/7/2024 20:16:21,22.00,1579.84,3.91,6,0,0,1,0,431,0,Free
12/7/2024 20:16:23,22.00,1581.88,3.90,6,0,0,1,0,432,1409,Free
12/7/2024 20:16:25,22.00,1582.62,3.91,6,0,0,1,0,433,112,Free
12/7/2024 20:16:33,22.00,1583.94,3.91,6,0,0,1,0,434,411,Free
12/7/2024 20:16:38,22.00,1585.10,3.91,6,0,0,1,0,435,530,Free
12/7/2024 20:16:55,22.00,1586.30,3.91,6,0,0,1,0,436,0,Free
12/7/2024 20:16:57,22.00,1587.27,3.91,6,0,0,1,0,437,343,Free
12/7/2024 20:16:58,22.00,1587.90,3.91,6,0,0,1,0,438,0,Free
12/7/2024 20:16:59,22.00,1588.80,3.91,6,0,0,1,0,439,275,Free
12/7/2024 20:17:09,22.00,1590.63,3.91,6,0,0,1,0,440,914,Free
12/7/2024 20:17:12,22.00,1592.05,3.91,6,0,0,1,0,441,796,Free
12/7/2024 20:17:17,22.00,1592.80,3.91,6,0,0,1,0,442,122,Free
12/7/2024 20:17:18,22.00,1593.48,3.91,6,0,0,1,0,443,53,Free
12/7/2024 20:17:22,22.00,1594.11,3.91,6,0,0,1,0,444,0,Free
12/7/2024 20:17:24,22.00,1594.74,3.91,6,0,0,1,0,445,0,Free
12/7/2024 20:17:27,22.00,1595.48,3.91,6,0,0,1,0,446,121,Free
12/7/2024 20:17:29,22.00,1596.11,3.90,6,0,0,1,0,447,0,Free
12/7/2024 20:17:31,22.00,1596.74,3.91,6,0,0,1,0,448,0,Free
12/7/2024 20:17:41,22.00,1597.77,3.91,6,0,0,1,0,449,121,Free
12/7/2024 20:17:43,22.00,1598.89,3.91,6,0,0,1,0,450,496,Free
12/7/2024 20:17:51,22.00,1599.93,3.91,6,0,0,1,0,451,121,Free
12/7/2024 20:17:53,22.00,1601.36,3.91,6,0,0,1,0,452,804,Free
12/7/2024 20:18:01,22.00,1602.30,3.91,6,0,0,1,0,453,27,Free
12/7/2024 20:18:07,22.00,1603.53,3.91,6,0,0,1,0,454,601,Free
12/7/2024 20:18:09,22.00,1604.16,3.91,6,0,0,1,0,455,0,Free
12/7/2024 20:18:14,22.00,1605.10,3.90,6,0,0,1,0,456,317,Free
12/7/2024 20:18:27,22.00,1607.02,3.91,6,0,0,1,0,457,718,Free
12/7/2024 20:18:32,22.00,1607.74,3.91,6,0,0,1,0,458,95,Free
12/7/2024 20:30:07,22.00,1651.11,3.91,6,0,0,1,0,458,0,Free
12/7/2024 20:30:09,22.00,1652.32,3.90,6,0,0,1,0,459,582,Free
12/7/2024 20:37:04,22.00,1672.84,3.91,6,0,0,1,0,460,488,Free
12/7/2024 20:37:06,22.00,1674.01,3.91,6,0,0,1,0,461,530,Free
12/7/2024 20:37:31,22.00,1676.86,3.90,6,0,0,1,0,462,1366,Free
12/7/2024 20:37:34,22.00,1678.60,3.90,6,0,0,1,0,463,1119,Free
12/7/2024 20:37:35,22.00,1679.23,3.90,6,0,0,1,0,464,0,Free
12/7/2024 20:37:39,22.00,1680.81,3.91,6,0,0,1,0,465,957,Free
12/7/2024 20:37:43,22.00,1682.55,3.91,6,0,0,1,0,466,1110,Free
12/7/2024 20:37:51,22.00,1684.76,3.91,6,0,0,1,0,467,1297,Free
12/7/2024 20:37:58,22.00,1685.67,3.91,6,0,0,1,0,468,0,Free
12/7/2024 20:38:16,22.00,1687.04,3.91,6,0,0,1,0,469,164,Free
12/7/2024 20:38:21,22.00,1687.67,3.90,6,0,0,1,0,470,10,Free
12/7/2024 20:38:23,22.00,1688.96,3.90,6,0,0,1,0,471,658,Free
12/7/2024 20:38:33,22.00,1689.87,3.90,6,0,0,1,0,472,0,Free
12/7/2024 20:38:49,22.00,1691.07,3.91,6,0,0,1,0,473,0,Free
12/7/2024 20:38:52,22.00,1692.09,3.90,6,0,0,1,0,474,395,Free
12/7/2024 20:38:57,22.00,1693.23,3.91,6,0,0,1,0,475,513,Free
12/7/2024 20:38:59,22.00,1693.86,3.91,6,0,0,1,0,476,0,Free
12/7/2024 20:47:34,22.00,1728.67,3.91,6,0,0,1,0,476,0,Free
12/7/2024 20:48:31,22.00,1731.87,3.91,6,0,0,1,0,477,0,Free
12/7/2024 20:49:26,22.00,1735.06,3.91,6,0,0,1,0,478,0,Free
12/7/2024 20:49:34,22.00,1737.14,3.90,6,0,0,1,0,479,1162,Free
12/7/2024 21:02:18,22.00,1774.79,3.90,6,0,0,1,0,480,785,Free
12/7/2024 21:02:18,22.00,1775.42,3.91,6,0,0,1,0,481,0,Free
12/7/2024 21:02:56,22.00,1778.24,3.91,6,0,0,1,0,482,480,Free
12/7/2024 21:02:58,22.00,1779.24,3.91,6,0,0,1,0,483,377,Free
12/7/2024 21:02:59,22.00,1780.01,3.91,6,0,0,1,0,484,137,Free
12/7/2024 21:03:06,22.00,1781.29,3.90,6,0,0,1,0,485,367,Free
12/7/2024 21:03:10,22.00,1781.95,3.90,6,0,0,1,0,486,19,Free
12/7/2024 21:03:13,22.00,1782.94,3.91,6,0,0,1,0,487,369,Free
12/7/2024 21:03:26,22.00,1784.35,3.91,6,0,0,1,0,488,215,Free
12/7/2024 21:03:27,22.00,1784.98,3.91,6,0,0,1,0,489,0,Free
12/7/2024 21:03:28,22.00,1785.61,3.91,6,0,0,1,0,490,0,Free
12/7/2024 21:03:30,22.00,1786.65,3.90,6,0,0,1,0,491,411,Free
12/7/2024 21:03:33,22.00,1787.27,3.91,6,0,0,1,0,492,0,Free
12/7/2024 21:03:43,22.00,1788.60,3.90,6,0,0,1,0,493,410,Free
12/7/2024 21:03:44,22.00,1789.23,3.90,6,0,0,1,0,494,0,Free
12/7/2024 21:03:48,22.00,1790.05,3.91,6,0,0,1,0,495,198,Free
12/7/2024 21:03:52,22.00,1791.00,3.91,6,0,0,1,0,496,325,Free
12/7/2024 21:04:00,22.00,1792.10,3.90,6,0,0,1,0,497,180,Free
12/7/2024 21:04:04,22.00,1792.91,3.91,6,0,0,1,0,498,181,Free
12/7/2024 21:04:05,22.00,1793.53,3.91,6,0,0,1,0,499,0,Free
12/7/2024 21:04:16,22.00,1804.36,3.91,6,0,0,1,0,499,0,Free
12/7/2024 21:04:24,22.00,1805.53,3.89,6,0,0,1,0,500,249,Free
12/7/2024 21:04:35,22.00,1807.51,3.90,6,0,0,1,0,501,1067,Free
12/7/2024 21:04:56,22.00,1809.05,3.90,6,0,0,1,0,502,62,Free
12/7/2024 21:05:00,22.00,1809.75,3.91,6,0,0,1,0,503,70,Free
12/7/2024 21:05:04,22.00,1811.16,3.90,6,0,0,1,0,504,786,Free
12/7/2024 21:05:06,22.00,1812.06,3.90,6,0,0,1,0,505,266,Free
12/7/2024 21:05:11,22.00,1812.98,3.91,6,0,0,1,0,506,300,Free
12/7/2024 21:05:15,22.00,1813.61,3.90,6,0,0,1,0,507,0,Free
12/7/2024 21:05:21,22.00,1815.41,3.91,6,0,0,1,0,508,1169,Free
12/7/2024 21:05:22,22.00,1816.31,3.91,6,0,0,1,0,509,274,Free
12/7/2024 21:05:24,22.00,1817.40,3.90,6,0,0,1,0,510,462,Free
12/7/2024 21:05:41,22.00,1818.90,3.90,6,0,0,1,0,511,291,Free
12/7/2024 21:05:58,22.00,1820.21,3.90,6,0,0,1,0,512,113,Free
12/7/2024 21:21:57,22.00,1876.13,3.91,6,0,0,1,0,512,0,Free
12/7/2024 21:37:21,22.00,1921.37,3.90,6,0,0,1,0,513,939,Free
12/7/2024 21:40:07,22.00,1939.62,3.90,6,0,0,1,0,513,0,Free
12/7/2024 21:58:18,22.00,2001.83,3.90,6,0,0,1,0,513,0,Free
12/7/2024 22:16:29,22.00,2064.04,3.90,6,0,0,1,0,513,0,Free
12/7/2024 22:34:25,22.00,2115.89,3.90,6,0,0,1,0,514,130,Free
12/7/2024 22:34:36,22.00,2126.72,3.90,6,0,0,1,0,514,0,Free
12/7/2024 22:35:06,22.00,2128.49,3.90,6,0,0,1,0,515,0,Free
12/7/2024 22:35:20,22.00,2129.69,3.90,6,0,0,1,0,516,0,Free
12/7/2024 22:35:31,22.00,2130.60,3.90,6,0,0,1,0,517,0,Free
12/7/2024 22:35:40,22.00,2131.54,3.90,6,0,0,1,0,518,27,Free
12/7/2024 22:36:09,22.00,2133.72,3.89,6,0,0,1,0,519,411,Free
12/7/2024 22:36:22,22.00,2135.34,3.90,6,0,0,1,0,520,419,Free
12/7/2024 22:36:28,22.00,2136.09,3.90,6,0,0,1,0,521,130,Free
12/7/2024 22:36:34,22.00,2139.64,3.90,6,0,0,1,0,522,2919,Free
12/7/2024 22:36:45,22.00,2140.64,3.90,6,0,0,1,0,523,87,Free
12/7/2024 22:36:53,22.00,2141.73,3.90,6,0,0,1,0,524,181,Free
12/7/2024 22:37:05,22.00,2142.64,3.89,6,0,0,1,0,525,0,Free
12/7/2024 22:37:06,22.00,2143.27,3.90,6,0,0,1,0,526,0,Free
12/7/2024 22:37:11,22.00,2144.45,3.91,6,0,0,1,0,527,556,Free
12/7/2024 22:52:21,22.00,2198.10,3.89,6,0,0,1,0,527,0,Free
12/7/2024 22:56:51,22.00,2211.28,3.90,6,0,0,1,0,528,0,Free
12/7/2024 22:57:05,22.00,2212.56,3.90,6,0,0,1,0,529,78,Free
12/7/2024 22:57:39,22.00,2214.81,3.90,6,0,0,1,0,530,188,Free
12/7/2024 22:57:44,22.00,2215.45,3.90,6,0,0,1,0,531,0,Free
12/7/2024 22:57:45,22.00,2216.07,3.90,6,0,0,1,0,532,0,Free
12/7/2024 22:58:02,22.00,2217.45,3.90,6,0,0,1,0,533,180,Free
12/7/2024 22:58:12,22.00,2218.42,3.90,6,0,0,1,0,534,53,Free
12/7/2024 22:58:19,22.00,2219.71,3.90,6,0,0,1,0,535,376,Free
12/7/2024 22:58:44,22.00,2221.51,3.90,6,0,0,1,0,536,36,Free
12/7/2024 22:58:46,22.00,2222.23,3.89,6,0,0,1,0,537,87,Free
12/7/2024 22:59:05,22.00,2223.71,3.90,6,0,0,1,0,538,0,Free
12/7/2024 22:59:41,22.00,2226.23,3.89,6,0,0,1,0,539,462,Free
12/7/2024 22:59:47,22.00,2227.15,3.90,6,0,0,1,0,540,291,Free
12/7/2024 23:03:59,22.00,2239.52,3.90,6,0,0,1,0,541,44,Free
12/7/2024 23:09:58,22.00,2266.91,3.90,6,0,0,1,0,541,0,Free
12/7/2024 23:18:32,22.00,2293.42,3.90,6,0,0,1,0,542,1631,Free
12/7/2024 23:18:41,22.00,2294.34,3.90,6,0,0,1,0,543,0,Free
12/7/2024 23:18:42,22.00,2295.04,3.90,6,0,0,1,0,544,78,Free
12/7/2024 23:18:46,22.00,2296.40,3.89,6,0,0,1,0,545,726,Free
12/7/2024 23:18:47,22.00,2297.45,3.90,6,0,0,1,0,546,428,Free
12/7/2024 23:18:52,22.00,2299.22,3.90,6,0,0,1,0,547,1144,Free
12/7/2024 23:18:56,22.00,2300.06,3.89,6,0,0,1,0,548,206,Free
12/7/2024 23:18:58,22.00,2300.91,3.89,6,0,0,1,0,549,224,Free
12/7/2024 23:19:01,22.00,2301.67,3.91,6,0,0,1,0,550,130,Free
12/7/2024 23:19:03,22.00,2303.71,3.90,6,0,0,1,0,551,1417,Free
12/7/2024 23:19:06,22.00,2304.34,3.89,6,0,0,1,0,552,0,Free
12/7/2024 23:19:12,22.00,2306.55,3.90,6,0,0,1,0,553,1579,Free
12/7/2024 23:19:15,22.00,2307.74,3.89,6,0,0,1,0,554,565,Free
12/7/2024 23:19:29,22.00,2309.41,3.90,6,0,0,1,0,555,462,Free
12/7/2024 23:19:42,22.00,2311.98,3.90,6,0,0,1,0,556,1662,Free
12/7/2024 23:19:52,22.00,2313.94,3.89,6,0,0,1,0,557,1043,Free
12/7/2024 23:19:55,22.00,2315.00,3.89,6,0,0,1,0,558,436,Free
12/7/2024 23:27:24,22.00,2346.67,3.89,6,0,0,1,0,558,0,Free
12/7/2024 23:27:44,22.00,2348.21,3.89,6,0,0,1,0,559,61,Free
12/7/2024 23:30:21,22.25,2356.38,3.90,6,0,0,1,0,560,403,Free
12/7/2024 23:45:31,22.00,2410.02,3.90,6,0,0,1,0,560,0,Free
12/7/2024 23:59:20,22.00,2450.04,3.90,6,0,0,1,0,561,0,Free
12/7/2024 23:59:22,22.00,2451.56,3.89,6,0,0,1,0,562,897,Free
12/7/2024 23:59:26,22.00,2452.19,3.90,6,0,0,1,0,563,0,Free
12/7/2024 23:59:30,22.00,2452.81,3.90,6,0,0,1,0,564,0,Free
12/7/2024 23:59:32,22.00,2453.44,3.89,6,0,0,1,0,565,0,Free
12/7/2024 23:59:46,22.00,2454.76,3.89,6,0,0,1,0,566,112,Free
12/7/2024 23:59:47,22.00,2455.38,3.89,6,0,0,1,0,567,0,Free
12/7/2024 23:59:53,22.00,2456.01,3.90,6,1,0,1,0,567,0,Free
12/7/2024 23:59:53,22.00,2456.64,3.88,6,2,0,1,0,567,0,Free
12/8/2024 0:03:10,22.00,2476.32,3.90,6,2,0,1,0,567,0,Free
12/8/2024 0:03:13,22.00,2476.94,3.90,6,2,0,1,0,568,0,Free
12/8/2024 0:03:14,22.00,2478.49,3.90,6,2,0,1,0,569,922,Free
12/8/2024 0:03:18,22.00,2479.22,3.90,6,2,0,1,0,570,103,Free
12/8/2024 0:03:19,22.00,2479.95,3.90,6,2,0,1,0,571,105,Free
12/8/2024 0:03:23,22.00,2480.58,3.89,6,2,0,1,0,572,0,Free
12/8/2024 0:03:28,22.00,2481.67,3.90,6,2,0,1,0,573,462,Free
12/8/2024 0:03:31,22.00,2482.30,3.90,6,2,0,1,0,574,2,Free
12/8/2024 0:03:32,22.00,2483.18,3.88,6,2,0,1,0,575,249,Free
12/8/2024 0:03:33,22.00,2484.29,3.89,6,2,0,1,0,576,488,Free
12/8/2024 0:03:35,22.00,2484.93,3.90,6,2,0,1,0,577,0,Free
12/8/2024 0:03:36,22.00,2485.62,3.89,6,2,0,1,0,578,61,Free
12/8/2024 0:03:38,22.00,2487.42,3.89,6,2,0,1,0,579,1180,Free
12/8/2024 0:03:40,22.00,2488.36,3.90,6,2,0,1,0,580,309,Free
12/8/2024 0:03:41,22.00,2488.99,3.89,6,2,0,1,0,581,0,Free
12/8/2024 0:03:53,22.00,2490.55,3.90,6,2,0,1,0,582,360,Free
12/8/2024 0:04:20,22.25,2492.32,3.89,6,2,0,1,0,583,0,Free
12/8/2024 0:07:12,22.25,2500.93,3.90,6,2,0,1,0,584,0,Free
12/8/2024 0:07:13,22.25,2501.61,3.89,6,2,0,1,0,585,53,Free
12/8/2024 0:07:53,22.00,2503.95,3.90,6,2,0,1,0,586,0,Free
12/8/2024 0:08:13,22.00,2505.86,3.90,6,2,0,1,0,587,420,Free
12/8/2024 0:08:18,22.00,2508.23,3.89,6,2,0,1,0,588,1749,Free
12/8/2024 0:08:23,22.00,2511.91,3.89,6,2,0,1,0,589,3045,Free
12/8/2024 0:08:24,22.00,2512.79,3.90,6,2,0,1,0,590,257,Free
12/8/2024 0:08:36,22.00,2513.71,3.90,6,2,0,1,0,591,0,Free
12/8/2024 0:08:41,22.00,2514.49,3.89,6,2,0,1,0,592,154,Free
12/8/2024 0:08:43,22.00,2515.53,3.90,6,2,0,1,0,593,420,Free
12/8/2024 0:08:48,22.00,2516.78,3.90,6,2,0,1,0,594,616,Free
12/8/2024 0:08:53,22.00,2517.93,3.89,6,2,0,1,0,595,522,Free
12/8/2024 0:08:55,22.00,2519.50,3.90,6,2,0,1,0,596,948,Free
12/8/2024 0:08:57,22.00,2521.53,3.89,6,2,0,1,0,597,1400,Free
12/8/2024 0:08:58,22.00,2522.26,3.90,6,2,0,1,0,598,96,Free
12/8/2024 0:09:01,22.00,2522.95,3.90,6,2,0,1,0,599,70,Free
12/8/2024 0:09:10,22.00,2525.20,3.89,6,2,0,1,0,600,1332,Free
12/8/2024 0:09:12,22.00,2526.31,3.89,6,2,0,1,0,601,487,Free
12/8/2024 0:09:13,22.00,2527.15,3.90,6,2,0,1,0,602,206,Free
12/8/2024 0:09:18,22.00,2528.11,3.89,6,2,0,1,0,603,335,Free
12/8/2024 0:09:22,22.00,2530.08,3.88,6,2,0,1,0,604,1340,Free
12/8/2024 0:09:26,22.00,2531.02,3.90,6,2,0,1,0,605,308,Free
12/8/2024 0:09:34,22.25,2531.93,3.90,6,2,0,1,0,606,0,Free
12/8/2024 0:09:35,22.25,2532.58,3.90,6,2,0,1,0,607,19,Free
12/8/2024 0:10:11,22.25,2537.36,3.88,6,2,0,1,0,608,2723,Free
12/8/2024 0:12:21,22.25,2544.36,3.90,6,2,0,1,0,609,385,Free
12/8/2024 0:12:36,22.25,2545.56,3.89,6,2,0,1,0,610,0,Free
12/8/2024 0:12:44,22.25,2546.50,3.89,6,2,0,1,0,611,27,Free
12/8/2024 0:19:01,22.00,2574.75,3.90,6,2,0,1,0,611,0,Free
12/8/2024 0:19:05,22.00,2575.95,3.89,6,2,0,1,0,612,581,Free
12/8/2024 0:21:26,22.25,2583.15,3.90,6,2,0,1,0,613,0,Free
12/8/2024 0:31:13,22.00,2611.56,3.90,6,2,0,1,0,614,104,Free
12/8/2024 0:31:14,22.00,2612.76,3.89,6,2,0,1,0,615,565,Free
12/8/2024 0:31:43,22.00,2615.18,3.89,6,2,0,1,0,616,650,Free
12/8/2024 0:31:50,22.00,2616.44,3.90,6,2,0,1,0,617,641,Free
12/8/2024 0:31:57,22.00,2617.67,3.90,6,2,0,1,0,618,317,Free
12/8/2024 0:32:35,22.00,2620.03,3.90,6,2,0,1,0,619,19,Free
12/8/2024 0:32:42,22.00,2621.58,3.89,6,2,0,1,0,620,922,Free
12/8/2024 0:32:46,22.00,2622.84,3.90,6,2,0,1,0,621,632,Free
12/8/2024 0:32:50,22.00,2623.58,3.89,6,2,0,1,0,622,105,Free
12/8/2024 0:32:56,22.00,2624.76,3.89,6,2,0,1,0,623,266,Free
12/8/2024 0:33:17,22.00,2626.46,3.90,6,2,0,1,0,624,223,Free
12/8/2024 0:33:25,22.00,2628.55,3.89,6,2,0,1,0,625,1178,Free
12/8/2024 0:33:29,22.00,2629.55,3.89,6,2,0,1,0,626,377,Free
12/8/2024 0:33:39,22.00,2630.74,3.89,6,2,0,1,0,627,274,Free
12/8/2024 0:33:43,22.00,2631.59,3.89,6,2,0,1,0,628,223,Free
12/8/2024 0:33:46,22.00,2632.28,3.89,6,2,0,1,0,629,54,Free
12/8/2024 0:33:55,22.00,2633.20,3.89,6,2,0,1,0,630,0,Free
12/8/2024 0:34:20,22.00,2635.25,3.90,6,2,0,1,0,631,283,Free
12/8/2024 0:34:33,22.00,2636.57,3.90,6,2,0,1,0,632,406,Free
12/8/2024 0:34:39,22.00,2637.48,3.90,6,2,0,1,0,633,0,Free
12/8/2024 0:34:41,22.00,2638.31,3.89,6,2,0,1,0,634,206,Free
12/8/2024 0:36:10,22.00,2652.86,3.90,6,2,0,1,0,634,0,Free
12/8/2024 0:36:16,22.00,2653.48,3.90,6,2,0,1,0,635,0,Free
12/8/2024 0:37:19,22.25,2656.96,3.90,6,3,0,1,0,635,0,Free
12/8/2024 0:37:20,22.25,2657.81,3.90,6,4,215,1,0,635,0,Free
12/8/2024 0:37:23,22.25,2658.44,3.89,6,5,0,1,0,635,0,Free
12/8/2024 0:37:24,22.25,2659.06,3.90,6,6,0,1,0,635,0,Free
12/8/2024 0:38:43,22.25,2663.40,3.89,6,6,0,1,0,636,0,Free
12/8/2024 0:39:02,22.25,2664.89,3.90,6,6,0,1,0,637,0,Free
12/8/2024 0:39:05,22.25,2665.66,3.90,6,6,0,1,0,638,146,Free
12/8/2024 0:39:37,22.25,2667.71,3.89,6,6,0,1,0,639,0,Free
12/8/2024 0:39:43,22.25,2669.07,3.89,6,6,0,1,0,640,736,Free
12/8/2024 0:42:37,22.25,2677.98,3.89,6,6,0,2,0,640,0,Free
12/8/2024 0:53:42,22.00,2719.92,3.89,6,6,0,2,0,640,0,Free
12/8/2024 0:54:38,22.00,2723.12,3.89,6,6,0,3,0,640,0,Free
12/8/2024 0:54:40,22.00,2723.84,3.90,6,6,0,4,96,640,0,Free
12/8/2024 0:54:44,22.00,2724.62,3.89,6,6,0,4,0,641,155,Free
12/8/2024 0:57:40,22.00,2733.53,3.90,6,6,0,4,0,642,0,Free
12/8/2024 0:57:49,22.00,2742.63,3.89,6,6,0,4,0,643,8478,Free
12/8/2024 0:57:51,22.00,2743.59,3.89,6,6,0,4,0,644,326,Free
12/8/2024 0:57:54,22.00,2744.21,3.89,6,6,0,4,0,645,0,Free
12/8/2024 0:57:57,22.00,2746.99,3.89,6,6,0,4,0,646,2151,Free
12/8/2024 0:57:58,22.00,2747.97,3.89,6,6,0,4,0,647,343,Free
12/8/2024 0:58:03,22.00,2749.90,3.90,6,6,0,4,0,648,1299,Free
12/8/2024 0:58:04,22.00,2750.59,3.89,6,6,0,4,0,649,61,Free
12/8/2024 0:58:07,22.00,2751.64,3.89,6,6,0,4,0,650,428,Free
12/8/2024 0:58:42,22.00,2753.97,3.89,6,6,0,4,0,651,274,Free
12/8/2024 0:58:47,22.00,2758.32,3.89,6,6,0,4,0,652,3727,Free
12/8/2024 0:58:49,22.00,2759.46,3.89,6,6,0,4,0,653,505,Free
12/8/2024 0:58:59,22.00,2768.82,3.89,6,6,0,4,0,654,8733,Free
12/8/2024 0:59:00,22.00,2769.55,3.89,6,6,0,4,0,655,105,Free
12/8/2024 0:59:01,22.00,2770.56,3.89,6,6,0,4,0,656,386,Free
12/8/2024 0:59:04,22.00,2772.41,3.89,6,6,0,4,0,657,1220,Free
12/8/2024 0:59:06,22.00,2773.42,3.89,6,6,0,4,0,658,377,Free
12/8/2024 0:59:07,22.00,2774.04,3.89,6,6,0,4,0,659,0,Free
12/8/2024 1:04:50,22.00,2790.94,3.89,6,6,0,4,0,660,0,Free
12/8/2024 1:07:52,22.00,2800.27,3.89,6,6,0,4,0,661,146,Free
12/8/2024 1:08:01,22.00,2802.28,3.89,6,6,0,4,0,662,1094,Free
12/8/2024 1:08:07,22.00,2803.85,3.89,6,6,0,4,0,663,941,Free
12/8/2024 1:08:13,22.00,2805.60,3.90,6,6,0,4,0,664,1119,Free
12/8/2024 1:08:17,22.00,2806.22,3.89,6,6,0,4,0,665,0,Free
12/8/2024 1:08:18,22.00,2806.98,3.89,6,6,0,4,0,666,130,Free
12/8/2024 1:08:20,22.00,2808.32,3.89,6,6,0,4,0,667,709,Free
12/8/2024 1:08:23,22.00,2809.78,3.89,6,6,0,4,0,668,829,Free
12/8/2024 1:08:25,22.00,2811.54,3.89,6,6,0,4,0,669,1135,Free
12/8/2024 1:08:31,22.00,2812.66,3.89,6,6,0,4,0,670,496,Free
12/8/2024 1:08:32,22.00,2813.29,3.89,6,6,0,4,0,671,0,Free
12/8/2024 1:08:44,22.00,2814.57,3.89,6,6,0,4,0,672,368,Free
12/8/2024 1:08:47,22.00,2815.32,3.89,6,6,0,4,0,673,112,Free
12/8/2024 1:08:52,22.00,2816.12,3.89,6,6,0,4,0,674,173,Free
12/8/2024 1:08:59,22.00,2817.75,3.89,6,6,0,4,0,675,1007,Free
12/8/2024 1:09:09,22.00,2818.69,3.89,6,6,0,4,0,676,27,Free
12/8/2024 1:09:11,22.00,2819.32,3.89,6,6,0,4,0,677,0,Free
12/8/2024 1:09:14,22.00,2819.98,3.89,6,6,0,4,0,678,27,Free
12/8/2024 1:09:16,22.00,2820.70,3.90,6,6,0,4,0,679,96,Free
12/8/2024 1:09:25,22.00,2821.61,3.88,6,6,0,4,0,680,0,Free
12/8/2024 1:09:32,22.00,2822.73,3.89,6,6,0,4,0,681,205,Free
12/8/2024 1:09:35,22.00,2824.17,3.89,6,6,0,4,0,682,811,Free
12/8/2024 1:09:35,22.00,2824.87,3.89,6,6,0,4,0,683,69,Free
12/8/2024 1:09:46,22.00,2835.70,3.89,6,6,0,4,0,683,0,Free
12/8/2024 1:09:54,22.00,2838.62,3.89,6,6,0,4,0,684,2294,Free
12/8/2024 1:09:58,22.00,2839.25,3.89,6,6,0,4,0,685,0,Free
12/8/2024 1:27:57,22.00,2900.89,3.89,6,6,0,4,0,685,0,Free
12/8/2024 1:46:08,22.00,2963.09,3.89,6,6,0,4,0,685,0,Free
12/8/2024 2:04:19,22.00,3025.30,3.89,6,6,0,4,0,685,0,Free
12/8/2024 2:04:42,22.00,3026.78,3.89,6,6,0,4,0,686,0,Free
12/8/2024 2:04:47,22.00,3027.41,3.89,6,6,0,4,0,687,0,Free
12/8/2024 2:04:48,22.00,3028.04,3.89,6,6,0,4,0,688,0,Free
12/8/2024 2:05:07,22.00,3029.52,3.89,6,6,0,4,0,689,0,Free
12/8/2024 2:05:55,22.00,3032.15,3.89,6,6,0,4,0,690,0,Free
12/8/2024 2:05:59,22.00,3033.16,3.89,6,6,0,4,0,691,386,Free
12/8/2024 2:06:27,22.00,3035.38,3.89,6,6,0,4,0,692,454,Free
12/8/2024 2:22:14,22.00,3090.74,3.89,6,6,0,4,0,692,0,Free
12/8/2024 2:40:25,22.00,3152.95,3.89,6,6,0,4,0,692,0,Free
12/8/2024 2:58:36,22.00,3215.16,3.89,6,6,0,4,0,692,0,Free
12/8/2024 3:16:47,22.00,3277.37,3.89,6,6,0,4,0,692,0,Free
12/8/2024 3:34:58,22.00,3339.57,3.89,6,6,0,4,0,692,0,Free
12/8/2024 3:38:53,22.00,3351.68,3.89,6,6,0,4,0,693,636,Free
12/8/2024 3:40:04,22.00,3355.45,3.89,6,6,0,4,0,694,0,Free
12/8/2024 3:40:05,22.00,3356.08,3.89,6,6,0,4,0,695,0,Free
12/8/2024 3:40:06,22.00,3356.71,3.89,6,6,0,4,0,696,0,Free
12/8/2024 3:40:17,22.00,3357.62,3.89,6,6,0,4,0,697,0,Free
12/8/2024 3:40:30,22.00,3358.82,3.89,6,6,0,4,0,698,0,Free
12/8/2024 3:40:44,22.00,3360.35,3.89,6,6,0,4,0,699,335,Free
12/8/2024 3:40:48,22.00,3362.97,3.89,6,6,0,4,0,700,1987,Free
12/8/2024 3:41:03,22.00,3365.78,3.89,6,6,0,4,0,701,1614,Free
12/8/2024 3:41:05,22.00,3366.41,3.89,6,6,0,4,0,702,0,Free
12/8/2024 3:41:06,22.00,3367.56,3.89,6,6,0,4,0,703,532,Free
12/8/2024 3:41:12,22.00,3368.36,3.89,6,6,0,4,0,704,172,Free
12/8/2024 3:41:20,22.00,3374.17,3.89,6,6,0,4,0,705,5179,Free
12/8/2024 3:41:34,22.00,3375.37,3.89,6,6,0,4,0,706,0,Free
12/8/2024 3:41:39,22.00,3376.00,3.89,6,6,0,4,0,707,0,Free
12/8/2024 3:50:00,22.00,3400.32,3.89,6,6,0,4,0,708,0,Free
12/8/2024 3:50:10,22.00,3402.41,3.89,6,6,0,4,0,709,1178,Free
12/8/2024 3:50:17,22.00,3408.89,3.89,6,6,0,4,0,710,5854,Free
12/8/2024 3:50:21,22.00,3409.54,3.89,6,6,0,4,0,711,27,Free
12/8/2024 3:50:22,22.00,3410.18,3.89,6,6,0,4,0,712,10,Free
12/8/2024 3:50:26,22.00,3410.80,3.89,6,6,0,4,0,713,0,Free
12/8/2024 3:50:27,22.00,3411.44,3.89,6,6,0,4,0,714,0,Free
12/8/2024 3:50:28,22.00,3412.06,3.89,6,6,0,4,0,715,0,Free
12/8/2024 3:50:30,22.00,3413.97,3.89,6,6,0,4,0,716,1281,Free
12/8/2024 3:50:32,22.00,3414.79,3.89,6,6,0,4,0,717,190,Free
12/8/2024 3:50:33,22.00,3415.42,3.89,6,6,0,4,0,718,0,Free
12/8/2024 3:50:34,22.00,3416.05,3.89,6,6,0,4,0,719,0,Free
12/8/2024 3:50:59,22.00,3417.94,3.89,6,6,0,4,0,720,121,Free
12/8/2024 3:51:06,22.00,3419.77,3.89,6,6,0,4,0,721,1196,Free
12/8/2024 3:51:10,22.00,3420.39,3.89,6,6,0,4,0,722,0,Free
12/8/2024 3:51:12,22.00,3421.55,3.89,6,6,0,4,0,723,530,Free
12/8/2024 3:51:41,22.00,3433.24,3.89,6,6,0,4,0,723,0,Free
12/8/2024 3:53:02,22.00,3437.59,3.89,6,6,0,4,0,724,10,Free
12/8/2024 3:53:19,22.00,3438.79,3.89,6,6,0,4,0,725,0,Free
12/8/2024 4:09:48,22.00,3496.14,3.89,6,6,0,4,0,725,0,Free
12/8/2024 4:21:08,22.00,3530.20,3.89,6,6,0,4,0,726,1179,Free
12/8/2024 4:21:33,22.00,3531.97,3.89,6,6,0,4,0,727,0,Free
12/8/2024 4:21:34,22.00,3532.81,3.89,6,6,0,4,0,728,215,Free
12/8/2024 4:21:43,22.00,3533.73,3.89,6,6,0,4,0,729,0,Free
12/8/2024 4:21:44,22.00,3534.38,3.89,6,6,0,4,0,730,28,Free
12/8/2024 4:21:49,22.00,3538.09,3.89,6,6,0,4,0,731,3081,Free
12/8/2024 4:22:23,22.00,3541.24,3.88,6,6,0,4,0,732,1094,Free
12/8/2024 4:22:58,22.00,3543.29,3.89,6,6,0,4,0,733,0,Free
12/8/2024 4:23:02,22.00,3543.92,3.89,6,6,0,4,0,734,0,Free
12/8/2024 4:23:07,22.00,3545.41,3.89,6,6,0,4,0,735,863,Free
12/8/2024 4:23:22,22.00,3546.68,3.89,6,6,0,4,0,736,78,Free
12/8/2024 4:23:28,22.00,3548.20,3.89,6,6,0,4,0,737,889,Free
12/8/2024 4:23:37,22.00,3549.11,3.89,6,6,0,4,0,738,0,Free
12/8/2024 4:23:45,22.00,3550.44,3.88,6,6,0,4,0,739,410,Free
12/8/2024 4:23:58,22.00,3553.92,3.89,6,6,0,4,0,740,2569,Free
12/8/2024 4:24:21,22.00,3555.40,3.88,6,6,0,4,0,741,0,Free
12/8/2024 4:24:35,22.00,3556.77,3.89,6,6,0,4,0,742,164,Free
12/8/2024 4:25:02,22.00,3558.84,3.89,6,6,0,4,0,743,300,Free
12/8/2024 4:27:13,22.00,3575.38,3.89,6,6,0,4,0,743,0,Free
12/8/2024 4:27:16,22.00,3576.01,3.89,6,6,0,4,0,744,0,Free
12/8/2024 4:45:21,22.00,3637.93,3.89,6,6,0,4,0,744,0,Free
12/8/2024 4:58:40,22.00,3677.27,3.89,6,6,0,4,0,745,1033,Free
12/8/2024 4:58:45,22.00,3678.03,3.89,6,6,0,4,0,746,139,Free
12/8/2024 4:58:53,22.00,3678.95,3.89,6,6,0,4,0,747,0,Free
12/8/2024 4:58:54,22.00,3680.17,3.88,6,6,0,4,0,748,599,Free
12/8/2024 4:59:07,22.00,3682.14,3.89,6,6,0,4,0,749,1057,Free
12/8/2024 4:59:15,22.00,3683.05,3.89,6,6,0,4,0,750,0,Free
12/8/2024 4:59:51,22.00,3685.17,3.89,6,6,0,4,0,751,61,Free
12/8/2024 5:00:34,22.00,3687.83,3.88,6,6,0,4,0,752,36,Free
12/8/2024 5:01:26,22.00,3690.74,3.88,6,6,0,4,0,753,0,Free
12/8/2024 5:01:28,22.00,3691.48,3.89,6,6,0,4,0,754,105,Free
12/8/2024 5:01:34,22.00,3692.36,3.89,6,6,0,4,0,755,260,Free
12/8/2024 5:01:35,22.00,3693.16,3.89,6,6,0,4,0,756,173,Free
12/8/2024 5:01:41,22.00,3693.79,3.89,6,6,0,4,0,757,0,Free
12/8/2024 5:02:15,22.00,3695.95,3.89,6,6,0,4,0,758,104,Free
12/8/2024 5:02:32,22.00,3697.15,3.89,6,6,0,4,0,759,0,Free
12/8/2024 5:02:34,22.00,3697.78,3.89,6,6,0,4,0,760,0,Free
12/8/2024 5:02:40,22.00,3698.41,3.88,6,6,0,4,0,761,0,Free
12/8/2024 5:02:57,22.00,3709.52,3.89,6,6,0,4,0,761,0,Free
12/8/2024 5:03:12,22.00,3712.81,3.89,6,6,0,4,0,762,2092,Free
12/8/2024 5:04:15,22.25,3716.29,3.89,6,6,0,4,0,763,0,Free
12/8/2024 5:04:18,22.25,3716.92,3.89,6,6,0,4,0,764,0,Free
12/8/2024 5:04:20,22.25,3717.65,3.89,6,6,0,4,0,765,105,Free
12/8/2024 5:04:20,22.25,3718.29,3.89,6,6,0,4,0,766,0,Free
12/8/2024 5:04:24,22.25,3718.92,3.89,6,6,0,4,0,767,0,Free
12/8/2024 5:04:26,22.25,3719.54,3.89,6,6,0,4,0,768,0,Free
12/8/2024 5:04:26,22.25,3720.17,3.89,6,6,0,4,0,769,0,Free
12/8/2024 5:12:54,22.00,3744.77,3.89,6,6,0,4,0,770,0,Free
12/8/2024 5:13:17,22.00,3747.38,3.89,6,6,0,4,0,771,1120,Free
12/8/2024 5:13:30,22.00,3748.57,3.89,6,6,0,4,0,772,0,Free
12/8/2024 5:13:54,22.00,3750.06,3.89,6,6,0,5,3,772,0,Free
12/8/2024 5:13:55,22.00,3750.69,3.88,6,6,0,6,0,772,0,Free
12/8/2024 5:13:56,22.00,3751.32,3.89,6,6,0,7,0,772,0,Free
12/8/2024 5:13:57,22.00,3751.99,3.89,6,6,0,8,44,772,0,Free
12/8/2024 5:14:01,22.00,3752.61,3.89,6,6,0,9,0,772,0,Free
12/8/2024 5:20:12,22.00,3780.57,3.89,6,6,0,9,0,772,0,Free
12/8/2024 5:20:23,22.00,3781.49,3.88,6,7,0,9,0,772,0,Free
12/8/2024 5:20:33,22.00,3783.05,3.89,6,7,0,9,0,773,650,Free
12/8/2024 5:20:34,22.00,3783.99,3.88,6,7,0,9,0,774,318,Free
12/8/2024 5:20:47,22.00,3786.12,3.88,6,7,0,9,0,775,1213,Free
12/8/2024 5:20:50,22.00,3786.75,3.89,6,7,0,9,0,776,0,Free
12/8/2024 5:20:51,22.00,3787.37,3.88,6,7,0,9,0,777,0,Free
12/8/2024 5:20:52,22.00,3788.02,3.88,6,7,0,9,0,778,19,Free
12/8/2024 5:20:57,22.25,3788.70,3.89,6,7,0,9,0,779,53,Free
12/8/2024 5:21:00,22.25,3789.46,3.89,6,7,0,9,0,780,129,Free
12/8/2024 5:21:02,22.25,3790.09,3.89,6,7,0,9,0,781,0,Free
12/8/2024 5:21:03,22.25,3791.24,3.89,6,7,0,9,0,782,522,Free
12/8/2024 5:21:08,22.25,3795.69,3.88,6,7,0,9,0,783,3822,Free
12/8/2024 5:21:11,22.25,3797.85,3.89,6,7,0,9,0,784,1537,Free
12/8/2024 5:21:15,22.25,3798.77,3.89,6,7,0,9,0,785,291,Free
12/8/2024 5:21:17,22.25,3799.65,3.88,6,7,0,9,0,786,249,Free
12/8/2024 5:21:20,22.25,3800.28,3.89,6,7,0,9,0,787,0,Free
12/8/2024 5:21:21,22.25,3800.91,3.89,6,7,0,9,0,788,0,Free
12/8/2024 5:21:24,22.25,3801.54,3.89,6,7,0,9,0,789,0,Free
12/8/2024 5:21:25,22.25,3802.16,3.89,6,7,0,9,0,790,0,Free
12/8/2024 5:21:28,22.25,3802.79,3.89,6,7,0,9,0,791,0,Free
12/8/2024 5:21:31,22.25,3803.42,3.88,6,7,0,9,0,792,0,Free
12/8/2024 5:22:19,22.25,3806.04,3.89,6,7,0,9,0,793,0,Free
12/8/2024 5:22:20,22.25,3806.67,3.88,6,7,0,9,0,794,0,Free
12/8/2024 5:22:25,22.25,3807.85,3.89,6,7,0,9,0,795,548,Free
12/8/2024 5:22:34,22.25,3814.41,3.87,6,7,0,9,0,796,5929,Free
12/8/2024 5:22:40,22.25,3816.76,3.89,6,7,0,9,0,797,1725,Free
12/8/2024 5:22:41,22.25,3817.38,3.89,6,7,0,9,0,798,0,Free
12/8/2024 5:35:36,22.00,3854.83,3.88,6,7,0,9,0,799,0,Free
12/8/2024 5:35:38,22.00,3855.75,3.89,6,7,0,9,0,800,292,Free
12/8/2024 5:35:56,22.00,3857.23,3.88,6,7,0,9,0,801,0,Free
12/8/2024 5:35:58,22.00,3857.86,3.89,6,7,0,9,0,802,0,Free
12/8/2024 5:36:35,22.00,3860.20,3.89,6,7,0,9,0,803,0,Free
12/8/2024 5:36:45,22.00,3871.03,3.89,6,7,0,9,0,803,0,Free
12/8/2024 5:36:51,22.00,3871.66,3.88,6,7,0,9,0,804,0,Free
12/8/2024 5:36:59,22.25,3872.88,3.89,6,7,0,9,0,805,300,Free
12/8/2024 5:37:16,22.25,3874.07,3.89,6,7,0,9,0,806,0,Free
12/8/2024 5:37:19,22.25,3874.70,3.89,6,7,0,9,0,807,0,Free
12/8/2024 5:37:22,22.25,3875.43,3.89,6,7,0,9,0,808,104,Free
12/8/2024 5:37:26,22.25,3877.11,3.89,6,7,0,9,0,809,1052,Free
12/8/2024 5:37:30,22.25,3877.74,3.88,6,7,0,9,0,810,0,Free
12/8/2024 5:37:31,22.25,3878.51,3.87,6,7,0,9,0,811,138,Free
12/8/2024 5:37:32,22.25,3879.74,3.89,6,7,0,9,0,812,599,Free
12/8/2024 5:37:35,22.25,3880.88,3.88,6,7,0,9,0,813,505,Free
12/8/2024 5:37:40,22.25,3881.73,3.88,6,7,0,9,0,814,232,Free
12/8/2024 5:37:45,22.25,3882.36,3.89,6,7,0,9,0,815,0,Free
12/8/2024 5:37:47,22.25,3883.45,3.88,6,7,0,9,0,816,462,Free
12/8/2024 5:37:50,22.25,3884.08,3.89,6,7,0,9,0,817,0,Free
12/8/2024 5:38:14,22.25,3885.94,3.89,6,7,0,9,0,818,378,Free
12/8/2024 5:38:20,22.25,3888.40,3.88,6,7,0,9,0,819,1837,Free
12/8/2024 5:38:21,22.25,3889.03,3.88,6,7,0,9,0,820,0,Free
12/8/2024 5:38:24,22.25,3889.66,3.89,6,7,0,9,0,821,0,Free
12/8/2024 5:38:29,22.25,3890.28,3.89,6,7,0,9,0,822,0,Free
12/8/2024 5:38:35,22.25,3891.08,3.89,6,7,0,9,0,823,168,Free
12/8/2024 5:38:36,22.25,3891.71,3.88,6,7,0,9,0,824,0,Free
12/8/2024 5:38:40,22.25,3892.82,3.88,6,7,0,9,0,825,488,Free
12/8/2024 5:38:42,22.25,3893.49,3.89,6,7,0,9,0,826,36,Free
12/8/2024 5:38:43,22.25,3894.47,3.89,6,7,0,9,0,827,351,Free
12/8/2024 5:38:44,22.25,3895.16,3.89,6,7,0,9,0,828,61,Free
12/8/2024 5:38:57,22.25,3896.36,3.89,6,7,0,9,0,829,1,Free
12/8/2024 5:39:04,22.25,3897.27,3.88,6,7,0,9,0,830,290,Free
12/8/2024 5:39:19,22.25,3898.47,3.88,6,7,0,9,0,831,0,Free
12/8/2024 5:53:42,22.00,3949.83,3.88,6,7,0,9,0,831,0,Free
12/8/2024 6:11:53,22.00,4012.04,3.89,6,7,0,9,0,831,0,Free
12/8/2024 6:30:04,22.00,4074.24,3.88,6,7,0,9,0,831,0,Free
12/8/2024 6:48:15,22.00,4136.45,3.88,6,7,0,9,0,831,0,Free
12/8/2024 7:06:26,22.00,4198.65,3.87,6,7,0,9,0,831,0,Free
12/8/2024 7:24:37,22.00,4260.86,3.88,6,7,0,9,0,831,0,Free
12/8/2024 7:33:46,22.00,4287.47,3.88,6,7,0,9,0,832,0,Free
12/8/2024 7:33:50,22.00,4288.44,3.88,6,7,0,9,0,833,344,Free
12/8/2024 7:34:36,22.00,4291.17,3.88,6,7,0,9,0,834,105,Free
12/8/2024 7:34:37,22.00,4291.80,3.88,6,7,0,9,0,835,0,Free
12/8/2024 7:34:49,22.00,4292.71,3.88,6,7,0,9,0,836,0,Free
12/8/2024 7:34:56,22.00,4293.94,3.88,6,7,0,9,0,837,317,Free
12/8/2024 7:35:01,22.00,4294.57,3.88,6,7,0,9,0,838,0,Free
12/8/2024 7:42:30,22.00,4326.23,3.88,6,7,0,9,0,838,0,Free
12/8/2024 8:00:41,22.00,4388.44,3.88,6,7,0,9,0,838,0,Free
12/8/2024 8:18:52,22.00,4450.65,3.87,6,7,0,9,0,838,0,Free
12/8/2024 8:37:03,22.00,4512.86,3.88,6,7,0,9,0,838,0,Free
12/8/2024 8:48:13,22.00,4545.18,3.87,6,7,0,9,0,839,19,Free
12/8/2024 8:48:26,22.00,4546.40,3.87,6,7,0,9,0,840,19,Free
12/8/2024 8:54:25,22.00,4563.87,3.88,6,7,0,9,0,841,0,Free
12/8/2024 8:54:33,22.00,4565.04,3.88,6,7,0,9,0,842,258,Free
12/8/2024 8:54:35,22.00,4565.67,3.87,6,7,0,9,0,843,0,Free
12/8/2024 8:54:36,22.00,4566.30,3.87,6,7,0,9,0,844,2,Free
12/8/2024 8:54:40,22.00,4567.15,3.88,6,7,0,9,0,845,224,Free
12/8/2024 8:54:51,22.00,4577.98,3.88,6,7,0,9,0,845,0,Free
12/8/2024 8:55:05,22.00,4579.18,3.87,6,7,0,9,0,846,0,Free
12/8/2024 8:55:07,22.00,4580.28,3.87,6,7,0,9,0,847,479,Free
12/8/2024 8:56:51,22.00,4585.76,3.87,6,7,0,9,0,848,0,Free
12/8/2024 8:57:01,22.00,4586.90,3.87,6,7,0,9,0,849,224,Free
12/8/2024 8:57:14,22.00,4588.29,3.87,6,7,0,9,0,850,189,Free
12/8/2024 8:57:16,22.00,4588.97,3.87,6,7,0,9,0,851,53,Free
12/8/2024 8:57:28,22.00,4589.88,3.87,6,7,0,9,0,852,0,Free
12/8/2024 8:57:32,22.00,4591.11,3.87,6,7,0,9,0,853,591,Free
12/8/2024 8:57:40,22.00,4592.02,3.88,6,7,0,9,0,854,0,Free
12/8/2024 8:57:43,22.00,4593.70,3.87,6,7,0,9,0,855,1052,Free
12/8/2024 8:57:47,22.00,4594.91,3.87,6,7,0,9,0,856,583,Free
12/8/2024 8:57:50,22.00,4596.39,3.87,6,7,0,9,0,857,854,Free
12/8/2024 8:58:12,22.00,4598.11,3.87,6,7,0,9,0,858,232,Free
12/8/2024 9:12:22,22.00,4648.90,3.87,6,7,0,9,0,858,0,Free
12/8/2024 9:30:33,22.00,4711.11,3.87,6,7,0,9,0,858,0,Free
12/8/2024 9:48:44,22.00,4773.32,3.87,6,7,0,9,0,858,0,Free
12/8/2024 10:06:55,22.00,4835.52,3.88,6,7,0,9,0,858,0,Free
12/8/2024 10:12:17,22.00,4851.27,3.87,6,7,0,9,0,859,0,Free
12/8/2024 10:12:18,22.00,4851.90,3.87,6,7,0,9,0,860,0,Free
12/8/2024 10:12:51,22.00,4854.09,3.87,6,7,0,9,0,861,130,Free
12/8/2024 10:13:03,22.00,4855.31,3.87,6,7,0,9,0,862,310,Free
12/8/2024 10:13:15,22.00,4856.22,3.87,6,7,0,9,0,863,0,Free
12/8/2024 10:13:25,22.00,4857.13,3.87,6,7,0,9,0,864,0,Free
12/8/2024 10:13:41,22.00,4858.33,3.87,6,7,0,9,0,865,0,Free
12/8/2024 10:13:59,22.00,4860.24,3.87,6,7,0,9,0,866,709,Free
12/8/2024 10:14:24,22.00,4862.07,3.87,6,7,0,9,0,867,61,Free
12/8/2024 10:17:51,22.00,4879.36,3.87,6,7,0,9,0,868,7250,Free
12/8/2024 10:23:57,22.00,4897.12,3.87,6,7,0,9,0,869,0,Free
12/8/2024 10:23:59,22.00,4897.88,3.88,6,7,0,9,0,870,137,Free
12/8/2024 10:24:00,22.00,4898.51,3.87,6,7,0,9,0,871,0,Free
12/8/2024 10:24:02,22.00,4899.20,3.87,6,7,0,9,0,872,61,Free
12/8/2024 10:24:05,22.00,4899.82,3.87,6,7,0,9,0,873,0,Free
12/8/2024 10:24:18,22.00,4902.36,3.87,6,7,0,9,0,874,1619,Free
12/8/2024 10:24:35,22.00,4913.48,3.87,6,7,0,9,0,874,0,Free
12/8/2024 10:35:40,22.00,4945.51,3.87,6,7,0,9,0,875,0,Free
12/8/2024 10:42:45,22.00,4976.03,3.87,6,7,0,9,0,875,0,Free
12/8/2024 10:47:36,22.00,4990.36,3.87,6,7,0,9,0,876,0,Free
12/8/2024 10:47:53,22.00,4991.55,3.87,6,7,0,9,0,877,0,Free
12/8/2024 11:00:52,22.00,5038.92,3.87,6,7,0,9,0,877,0,Free
12/8/2024 11:19:03,21.75,5101.13,3.87,6,7,0,9,0,877,0,Free
12/8/2024 11:37:14,21.75,5163.33,3.87,6,7,0,9,0,877,0,Free
12/8/2024 11:55:25,21.50,5225.54,3.87,6,7,0,9,0,877,0,Free
12/8/2024 12:13:36,21.50,5287.75,3.87,6,7,0,9,0,877,0,Free
12/8/2024 12:31:47,21.50,5349.95,3.87,6,7,0,9,0,877,0,Free
12/8/2024 12:49:58,21.50,5412.16,3.87,6,7,0,9,0,877,0,Free
12/8/2024 12:58:08,21.50,5435.92,3.87,6,7,0,9,0,878,19,Free
12/8/2024 12:58:38,21.50,5437.98,3.87,6,7,0,9,0,879,0,Free
12/8/2024 12:58:41,21.50,5438.60,3.87,6,7,0,9,0,880,0,Free
12/8/2024 12:59:37,21.50,5441.80,3.87,6,7,0,9,0,881,0,Free
12/8/2024 12:59:39,21.50,5443.06,3.87,6,7,0,9,0,882,632,Free
12/8/2024 13:00:03,21.50,5444.64,3.87,6,7,0,9,0,883,96,Free
12/8/2024 13:00:07,21.50,5445.27,3.87,6,7,0,9,0,884,0,Free
12/8/2024 13:04:05,21.50,5457.14,3.87,6,7,0,9,0,885,113,Free
12/8/2024 13:07:46,21.50,5477.96,3.86,6,7,0,9,0,885,0,Free
12/8/2024 13:18:10,21.50,5508.15,3.87,6,7,0,9,0,886,163,Free
12/8/2024 13:25:56,21.50,5540.67,3.87,6,7,0,9,0,886,0,Free
12/8/2024 13:44:07,21.50,5602.88,3.87,6,7,0,9,0,886,0,Free
12/8/2024 13:58:05,21.50,5643.41,3.87,6,7,0,9,0,887,232,Free
12/8/2024 13:58:06,21.50,5644.08,3.87,6,7,0,9,0,888,36,Free
12/8/2024 13:58:10,21.50,5644.70,3.87,6,7,0,9,0,889,0,Free
12/8/2024 13:58:15,21.50,5645.33,3.87,6,7,0,9,0,890,0,Free
12/8/2024 13:58:17,21.50,5645.97,3.87,6,7,0,9,0,891,0,Free
12/8/2024 13:58:41,21.50,5648.03,3.87,6,7,0,9,0,892,300,Free
12/8/2024 13:59:11,21.50,5649.80,3.87,6,7,0,9,0,893,0,Free
12/8/2024 13:59:47,21.50,5652.15,3.87,6,7,0,9,0,894,294,Free
12/8/2024 13:59:55,21.50,5656.26,3.87,6,7,0,9,0,895,3482,Free
12/8/2024 14:00:11,21.50,5657.46,3.87,6,7,0,9,0,896,0,Free
12/8/2024 14:01:11,21.50,5665.37,3.87,6,7,0,9,0,897,4710,Free
12/8/2024 14:01:17,21.50,5666.19,3.87,6,7,0,9,0,898,199,Free
12/8/2024 14:01:25,21.50,5668.04,3.87,6,7,0,9,0,899,932,Free
12/8/2024 14:01:28,21.50,5668.67,3.87,6,7,0,9,0,900,0,Free
12/8/2024 14:01:37,21.50,5669.58,3.87,6,7,0,9,0,901,0,Free
12/8/2024 14:01:48,21.50,5680.41,3.87,6,7,0,9,0,901,0,Free
12/8/2024 14:19:59,21.75,5742.62,3.87,6,7,0,9,0,901,0,Free
12/8/2024 14:38:10,21.75,5804.82,3.87,6,7,0,9,0,901,0,Free
12/8/2024 14:40:44,21.75,5812.61,3.87,6,7,0,9,0,902,28,Free
12/8/2024 14:40:56,21.75,5813.81,3.87,6,7,0,9,0,903,0,Free
12/8/2024 14:41:02,21.75,5814.50,3.87,6,7,0,9,0,904,61,Free
12/8/2024 14:41:04,21.75,5815.13,3.87,6,7,0,9,0,905,0,Free
12/8/2024 14:41:08,21.75,5818.23,3.87,6,7,0,9,0,906,2476,Free
12/8/2024 14:41:13,21.75,5818.86,3.87,6,7,0,9,0,907,0,Free
12/8/2024 14:41:16,21.75,5819.69,3.86,6,7,0,9,0,908,198,Free
12/8/2024 14:41:29,21.75,5821.08,3.87,6,7,0,9,0,909,198,Free
12/8/2024 14:41:33,21.75,5823.84,3.87,6,7,0,9,0,910,2125,Free
12/8/2024 14:41:39,21.75,5824.75,3.87,6,7,0,9,0,911,283,Free
12/8/2024 14:41:40,21.75,5825.41,3.85,6,7,0,9,0,912,36,Free
12/8/2024 14:41:48,21.75,5827.60,3.87,6,7,0,9,0,913,1280,Free
12/8/2024 14:41:53,21.75,5829.09,3.87,6,7,0,9,0,914,855,Free
12/8/2024 14:42:00,21.75,5830.23,3.87,6,7,0,9,0,915,232,Free
12/8/2024 14:42:04,21.75,5831.09,3.87,6,7,0,9,0,916,223,Free
12/8/2024 14:42:06,21.75,5831.75,3.86,6,7,0,9,0,917,36,Free
12/8/2024 14:42:12,21.75,5835.49,3.87,6,7,0,9,0,918,3114,Free
12/8/2024 14:42:13,21.75,5836.58,3.87,6,7,0,9,0,919,462,Free
12/8/2024 14:42:23,21.75,5837.58,3.87,6,7,0,9,0,920,86,Free
12/8/2024 14:42:40,21.75,5844.77,3.87,6,7,0,9,0,921,6278,Free
12/8/2024 14:42:43,21.75,5845.40,3.87,6,7,0,9,0,922,0,Free
12/8/2024 14:42:47,21.75,5846.03,3.87,6,7,0,9,0,923,0,Free
12/8/2024 14:42:50,21.75,5846.78,3.87,6,7,0,9,0,924,129,Free
12/8/2024 14:42:56,21.75,5850.83,3.87,6,7,0,9,0,925,3423,Free
12/8/2024 14:55:25,21.75,5896.77,3.87,6,7,0,9,0,925,0,Free
12/8/2024 15:13:36,21.75,5958.98,3.87,6,7,0,9,0,925,0,Free
12/8/2024 15:14:59,21.75,5963.38,3.86,6,7,0,9,0,926,61,Free
12/8/2024 15:15:12,21.75,5964.62,3.87,6,7,0,9,0,927,44,Free
12/8/2024 15:15:23,21.75,5970.93,3.86,6,7,0,9,0,928,5681,Free
12/8/2024 15:15:29,21.75,5971.95,3.87,6,7,0,9,0,929,394,Free
12/8/2024 15:15:29,21.75,5972.58,3.86,6,7,0,9,0,930,0,Free
12/8/2024 15:15:30,21.75,5973.20,3.86,6,7,0,9,0,931,0,Free
12/8/2024 15:15:48,21.75,5974.40,3.87,6,7,0,9,0,932,0,Free
12/8/2024 15:15:52,21.75,5975.07,3.86,6,7,0,9,0,933,44,Free
12/8/2024 15:16:02,21.75,5979.13,3.87,6,7,0,9,0,934,3140,Free
12/8/2024 15:16:04,21.75,5979.76,3.87,6,7,0,9,0,935,10,Free
12/8/2024 15:16:06,21.75,5980.39,3.86,6,7,0,9,0,936,0,Free
12/8/2024 15:16:17,21.75,5982.99,3.87,6,7,0,9,0,937,1683,Free
12/8/2024 15:16:31,21.75,5984.45,3.87,6,7,0,9,0,938,266,Free
12/8/2024 15:16:35,21.75,5985.36,3.87,6,7,0,9,0,939,275,Free
12/8/2024 15:16:41,21.75,5986.16,3.86,6,7,0,9,0,940,172,Free
12/8/2024 15:16:43,21.75,5986.79,3.87,6,7,0,9,0,941,0,Free
12/8/2024 15:16:44,21.75,5987.42,3.87,6,7,0,9,0,942,0,Free
12/8/2024 15:16:53,21.75,5988.34,3.87,6,7,0,9,0,943,0,Free
12/8/2024 15:16:54,21.75,5989.15,3.86,6,7,0,9,0,944,190,Free
12/8/2024 15:16:58,21.75,5991.41,3.87,6,7,0,9,0,945,1632,Free
12/8/2024 15:17:09,21.75,5993.60,3.86,6,7,0,9,0,946,1273,Free
12/8/2024 15:17:12,21.75,5995.66,3.87,6,7,0,9,0,947,1434,Free
12/8/2024 15:17:16,21.75,5996.53,3.86,6,7,0,9,0,948,240,Free
12/8/2024 15:17:23,21.75,5997.44,3.87,6,7,0,9,0,949,0,Free
12/8/2024 15:17:27,21.75,5998.06,3.86,6,7,0,9,0,950,0,Free
12/8/2024 15:17:33,21.75,5998.69,3.86,6,7,0,9,0,951,0,Free
12/8/2024 15:17:34,21.75,5999.52,3.87,6,7,0,9,0,952,206,Free
12/8/2024 15:17:35,21.75,6000.71,3.87,6,7,0,9,0,953,556,Free
12/8/2024 15:17:38,21.75,6001.50,3.87,6,7,0,9,0,954,173,Free
12/8/2024 15:17:39,21.75,6002.17,3.87,6,7,0,9,0,955,37,Free
12/8/2024 15:17:44,21.75,6004.67,3.87,6,7,0,9,0,956,1878,Free
12/8/2024 15:17:51,21.75,6005.79,3.86,6,7,0,9,0,957,488,Free
12/8/2024 15:18:06,21.75,6014.07,3.87,6,7,0,9,0,958,7371,Free
12/8/2024 15:18:08,21.75,6015.24,3.87,6,7,0,9,0,959,539,Free
12/8/2024 15:18:15,21.75,6016.15,3.87,6,7,0,9,0,960,0,Free
12/8/2024 15:30:20,21.75,6060.95,3.87,6,7,0,9,0,960,0,Free
12/8/2024 15:48:31,21.75,6123.16,3.86,6,7,0,9,0,960,0,Free
12/8/2024 15:52:57,22.00,6136.42,3.87,6,7,0,9,0,961,78,Free
12/8/2024 15:53:17,22.00,6139.14,3.87,6,7,0,9,0,962,1525,Free
12/8/2024 15:53:57,22.00,6141.48,3.86,6,7,0,9,0,963,0,Free
12/8/2024 15:54:03,22.00,6142.12,3.86,6,7,0,9,0,964,0,Free
12/8/2024 15:54:10,22.00,6143.08,3.86,6,7,0,9,0,965,44,Free
12/8/2024 15:54:20,22.00,6144.07,3.86,6,7,0,9,0,966,78,Free
12/8/2024 15:54:22,22.00,6144.69,3.86,6,7,0,9,0,967,0,Free
12/8/2024 15:54:27,22.00,6145.45,3.87,6,7,0,9,0,968,130,Free
12/8/2024 15:54:37,22.00,6146.36,3.87,6,7,0,9,0,969,0,Free
12/8/2024 15:54:45,22.00,6149.11,3.86,6,7,0,9,0,970,2116,Free
12/8/2024 15:54:54,22.00,6150.21,3.86,6,7,0,9,0,971,190,Free
12/8/2024 15:55:02,22.00,6151.80,3.87,6,7,0,9,0,972,676,Free
12/8/2024 15:55:05,22.00,6152.91,3.86,6,7,0,9,0,973,480,Free
12/8/2024 16:06:16,22.00,6195.14,3.87,6,7,0,9,0,973,0,Free
12/8/2024 16:24:27,22.00,6257.34,3.86,6,7,0,9,0,973,0,Free
12/8/2024 16:39:10,22.00,6300.41,3.86,6,7,0,9,0,974,770,Free
12/8/2024 16:39:26,22.00,6301.69,3.86,6,7,0,9,0,975,88,Free
12/8/2024 16:39:27,22.00,6302.57,3.86,6,7,0,9,0,976,249,Free
12/8/2024 16:39:29,22.00,6303.20,3.86,6,7,0,9,0,977,0,Free
12/8/2024 16:39:32,22.00,6306.51,3.86,6,7,0,9,0,978,2689,Free
12/8/2024 16:39:43,22.00,6307.94,3.86,6,7,0,9,0,979,505,Free
12/8/2024 16:40:03,22.00,6311.70,3.86,6,7,0,9,0,980,2568,Free
12/8/2024 16:40:07,22.00,6312.51,3.86,6,7,0,9,0,981,180,Free
12/8/2024 16:40:10,22.00,6313.28,3.86,6,7,0,9,0,982,147,Free
12/8/2024 16:40:16,22.00,6315.19,3.86,6,7,0,9,0,983,1280,Free
12/8/2024 16:40:17,22.00,6315.82,3.86,6,7,0,9,0,984,0,Free
12/8/2024 16:40:20,22.00,6317.80,3.86,6,7,0,9,0,985,1349,Free
12/8/2024 16:40:20,22.00,6318.42,3.86,6,7,0,9,0,986,0,Free
12/8/2024 16:40:33,22.00,6319.62,3.86,6,7,0,9,0,987,0,Free
12/8/2024 16:40:55,22.00,6322.37,3.87,6,7,0,9,0,988,1256,Free
12/8/2024 16:40:57,22.00,6323.45,3.86,6,7,0,9,0,989,454,Free
12/8/2024 16:41:56,22.00,6336.57,3.86,6,7,0,9,0,989,0,Free
12/8/2024 16:42:46,22.00,6339.48,3.86,6,7,0,9,0,990,0,Free
12/8/2024 16:43:28,22.00,6342.45,3.86,6,7,0,9,0,991,633,Free
12/8/2024 16:43:41,22.00,6343.65,3.87,6,7,0,9,0,992,0,Free
12/8/2024 16:43:44,22.00,6345.38,3.87,6,7,0,9,0,993,1109,Free
12/8/2024 16:43:46,22.00,6346.02,3.86,6,7,0,9,0,994,0,Free
12/8/2024 16:45:00,22.00,6350.48,3.86,6,7,0,9,0,995,411,Free
12/8/2024 16:54:19,22.00,6378.17,3.87,6,7,0,9,0,996,810,Free
12/8/2024 16:54:35,22.00,6379.78,3.86,6,7,0,9,0,997,411,Free
12/8/2024 16:54:50,22.00,6381.82,3.86,6,7,0,9,0,998,846,Free
12/8/2024 16:55:02,22.00,6384.22,3.86,6,7,0,9,0,999,1478,Free
12/8/2024 16:55:04,22.00,6385.13,3.86,6,7,0,9,0,1000,284,Free
12/8/2024 16:55:06,22.00,6387.00,3.86,6,7,0,9,0,1001,1246,Free
12/8/2024 16:55:11,22.00,6387.63,3.86,6,7,0,9,0,1002,0,Free
12/8/2024 16:55:12,22.00,6388.51,3.86,6,7,0,9,0,1003,249,Free
12/8/2024 16:55:16,22.00,6389.13,3.86,6,7,0,9,0,1004,0,Free
12/8/2024 16:55:17,22.00,6389.91,3.86,6,7,0,9,0,1005,146,Free
12/8/2024 16:55:21,22.00,6390.54,3.85,6,7,0,9,0,1006,0,Free
12/8/2024 16:55:39,22.00,6391.73,3.86,6,7,0,9,0,1007,0,Free
12/8/2024 16:55:43,22.00,6394.24,3.86,6,7,0,9,0,1008,1877,Free
12/8/2024 16:55:45,22.00,6395.23,3.86,6,7,0,9,0,1009,360,Free
12/8/2024 16:55:48,22.00,6396.21,3.87,6,7,0,9,0,1010,360,Free
12/8/2024 16:55:54,22.00,6397.13,3.86,6,7,0,9,0,1011,0,Free
12/8/2024 16:55:57,22.00,6398.75,3.87,6,7,0,9,0,1012,991,Free
12/8/2024 16:56:07,22.00,6400.35,3.86,6,7,0,9,0,1013,684,Free
12/8/2024 16:56:13,22.00,6401.20,3.86,6,7,0,9,0,1014,223,Free
12/8/2024 16:56:30,22.00,6402.93,3.86,6,7,0,9,0,1015,530,Free
12/8/2024 16:56:34,22.00,6403.69,3.86,6,7,0,9,0,1016,138,Free
12/8/2024 16:56:36,22.00,6405.17,3.86,6,7,0,9,0,1017,846,Free
12/8/2024 16:56:38,22.00,6405.79,3.86,6,7,0,9,0,1018,0,Free
12/8/2024 16:56:40,22.00,6406.43,3.86,6,7,0,9,0,1019,2,Free
12/8/2024 16:56:53,22.00,6412.18,3.86,6,7,0,9,0,1020,4839,Free
12/8/2024 16:56:55,22.00,6414.59,3.86,6,7,0,9,0,1021,1785,Free
12/8/2024 16:57:04,22.00,6417.06,3.86,6,7,0,9,0,1022,1553,Free
12/8/2024 16:57:09,22.00,6418.39,3.86,6,7,0,9,0,1023,702,Free
12/8/2024 16:58:38,22.00,6432.93,3.86,6,7,0,9,0,1023,0,Free
12/8/2024 17:16:49,22.00,6495.14,3.86,6,7,0,9,0,1023,0,Free
12/8/2024 17:35:00,22.00,6557.34,3.87,6,7,0,9,0,1023,0,Free
12/8/2024 17:48:31,22.00,6596.63,3.86,6,7,0,9,0,1024,122,Free
12/8/2024 17:48:44,22.00,6597.87,3.86,6,7,0,9,0,1025,44,Free
12/8/2024 17:48:51,22.00,6599.13,3.86,6,7,0,9,0,1026,351,Free
12/8/2024 17:49:08,22.00,6602.35,3.86,6,7,0,9,0,1027,2023,Free
12/8/2024 17:49:15,22.00,6603.67,3.86,6,7,0,9,0,1028,402,Free
12/8/2024 17:49:33,22.00,6610.26,3.86,6,7,0,9,0,1029,5392,Free
12/8/2024 17:49:41,22.00,6613.64,3.86,6,7,0,9,0,1030,2756,Free
12/8/2024 17:49:51,22.00,6614.56,3.86,6,7,0,9,0,1031,0,Free
12/8/2024 17:50:10,22.00,6620.36,3.86,6,7,0,9,0,1032,4599,Free
12/8/2024 17:52:51,22.00,6638.32,3.86,6,7,0,9,0,1032,0,Free
12/8/2024 18:05:34,22.00,6675.38,3.86,6,7,0,9,0,1033,180,Free
12/8/2024 18:06:28,22.00,6678.29,3.86,6,7,0,9,0,1034,0,Free
12/8/2024 18:07:35,22.00,6682.06,3.86,6,7,0,10,0,1034,0,Free
12/8/2024 18:08:01,22.00,6683.84,3.86,6,7,0,10,0,1035,0,Free
12/8/2024 18:08:06,22.00,6686.75,3.85,6,7,0,10,0,1036,2287,Free
12/8/2024 18:08:10,22.00,6688.63,3.85,6,7,0,10,0,1037,1255,Free
12/8/2024 18:08:13,22.00,6690.31,3.86,6,7,0,10,0,1038,1051,Free
12/8/2024 18:08:14,22.00,6690.94,3.86,6,7,0,10,0,1039,0,Free
12/8/2024 18:08:16,22.00,6691.66,3.86,6,7,0,10,0,1040,95,Free
12/8/2024 18:08:18,22.00,6692.69,3.85,6,7,0,10,0,1041,395,Free
12/8/2024 18:08:38,22.00,6694.70,3.85,6,7,0,10,0,1042,530,Free
12/8/2024 18:08:44,22.00,6695.96,3.85,6,7,0,10,0,1043,633,Free
12/8/2024 18:10:25,22.00,6711.08,3.86,6,7,0,10,0,1043,0,Free
12/8/2024 18:10:44,22.00,6712.56,3.86,6,8,0,10,0,1043,0,Free
12/8/2024 18:10:47,22.00,6713.32,3.86,6,8,0,10,0,1044,130,Free
12/8/2024 18:10:52,22.00,6714.41,3.85,6,8,0,10,0,1045,463,Free
12/8/2024 18:10:55,22.00,6715.96,3.86,6,8,0,10,0,1046,923,Free
12/8/2024 18:11:00,22.00,6718.37,3.85,6,8,0,10,0,1047,1785,Free
12/8/2024 18:11:06,22.00,6719.40,3.86,6,8,0,10,0,1048,112,Free
12/8/2024 18:15:35,22.00,6732.59,3.86,6,8,0,10,0,1049,0,Free
12/8/2024 18:15:47,22.00,6733.51,3.86,6,8,0,10,0,1050,10,Free
12/8/2024 18:15:58,22.00,6734.90,3.86,6,8,0,10,0,1051,479,Free
12/8/2024 18:16:10,22.00,6737.14,3.86,6,8,0,10,0,1052,1322,Free
12/8/2024 18:16:31,22.00,6742.12,3.86,6,8,0,10,0,1053,3787,Free
12/8/2024 18:16:33,22.00,6742.75,3.86,6,8,0,10,0,1054,0,Free
12/8/2024 18:16:42,22.00,6744.20,3.86,6,8,0,10,0,1055,539,Free
12/8/2024 18:16:44,22.00,6746.46,3.86,6,8,0,10,0,1056,1631,Free
12/8/2024 18:16:51,22.00,6747.66,3.86,6,8,0,10,0,1057,569,Free
12/8/2024 18:16:53,22.00,6749.06,3.86,6,8,0,10,0,1058,769,Free
12/8/2024 18:16:54,22.00,6750.03,3.86,6,8,0,10,0,1059,352,Free
12/8/2024 18:17:05,22.00,6750.96,3.86,6,8,0,10,0,1060,0,Free
12/8/2024 18:17:31,22.00,6760.82,3.86,6,8,0,10,0,1061,8668,Free
12/8/2024 18:17:40,22.00,6766.47,3.86,6,8,0,10,0,1062,5016,Free
12/8/2024 18:17:44,22.00,6767.50,3.86,6,8,0,10,0,1063,403,Free
12/8/2024 18:17:52,22.00,6773.80,3.86,6,8,0,10,0,1064,5674,Free
12/8/2024 18:18:00,22.00,6774.91,3.86,6,8,0,10,0,1065,198,Free
12/8/2024 18:18:04,22.00,6776.74,3.85,6,8,0,10,0,1066,1197,Free
12/8/2024 18:18:16,22.00,6777.93,3.86,6,8,0,10,0,1067,0,Free
12/8/2024 18:18:25,22.00,6781.83,3.85,6,8,0,10,0,1068,3265,Free
12/8/2024 18:18:30,22.00,6782.46,3.85,6,8,0,10,0,1069,0,Free
12/8/2024 18:18:36,22.00,6783.49,3.86,6,8,0,10,0,1070,403,Free
12/8/2024 18:27:59,21.75,6820.58,3.85,6,8,0,10,0,1070,0,Free
12/8/2024 18:32:42,21.75,6834.71,3.85,6,8,0,10,0,1071,86,Free
12/8/2024 18:32:43,21.75,6835.34,3.86,6,8,0,10,0,1072,0,Free
12/8/2024 18:32:45,21.75,6835.96,3.85,6,8,0,10,0,1073,0,Free
12/8/2024 18:41:07,21.75,6860.28,3.85,6,8,0,10,0,1074,0,Free
12/8/2024 18:41:11,21.75,6861.01,3.86,6,8,0,10,0,1075,95,Free
12/8/2024 18:41:19,21.75,6862.90,3.85,6,8,0,10,0,1076,975,Free
12/8/2024 18:41:31,21.75,6863.95,3.86,6,8,0,10,0,1077,139,Free
12/8/2024 18:45:48,21.75,6886.48,3.86,6,8,0,10,0,1077,0,Free
12/8/2024 18:46:15,21.75,6890.54,3.85,6,8,0,10,0,1078,2287,Free
12/8/2024 18:46:27,21.75,6891.65,3.85,6,8,0,10,0,1079,201,Free
12/8/2024 18:46:31,21.75,6894.09,3.86,6,8,0,10,0,1080,1810,Free
12/8/2024 18:46:35,21.75,6897.33,3.86,6,8,0,10,0,1081,2612,Free
12/8/2024 18:46:35,21.75,6898.00,3.85,6,8,0,10,0,1082,36,Free
12/8/2024 18:46:39,21.75,6899.03,3.86,6,8,0,10,0,1083,403,Free
12/8/2024 18:46:41,21.75,6899.67,3.86,6,8,0,10,0,1084,0,Free
12/8/2024 18:46:42,21.75,6900.62,3.86,6,8,0,10,0,1085,325,Free
12/8/2024 18:46:48,21.75,6904.68,3.86,6,8,0,10,0,1086,3430,Free
12/8/2024 18:46:57,21.75,6905.79,3.86,6,8,0,10,0,1087,198,Free
12/8/2024 18:46:59,21.75,6906.53,3.85,6,8,0,10,0,1088,121,Free
12/8/2024 18:47:01,21.75,6907.16,3.85,6,8,0,10,0,1089,0,Free
12/8/2024 18:47:11,21.75,6910.02,3.85,6,8,0,10,0,1090,1947,Free
12/8/2024 18:47:14,21.75,6912.63,3.86,6,8,0,10,0,1091,1980,Free
12/8/2024 18:47:15,21.75,6913.39,3.86,6,8,0,10,0,1092,130,Free
12/8/2024 18:47:17,21.75,6914.40,3.85,6,8,0,10,0,1093,385,Free
12/8/2024 18:47:24,21.75,6916.67,3.86,6,8,0,10,0,1094,1640,Free
12/8/2024 18:47:25,21.75,6917.30,3.86,6,8,0,10,0,1095,0,Free
12/8/2024 18:47:37,21.75,6918.21,3.86,6,8,0,10,0,1096,0,Free
12/8/2024 18:47:46,21.75,6920.29,3.85,6,8,0,10,0,1097,1170,Free
12/8/2024 18:47:48,21.75,6922.77,3.85,6,8,0,10,0,1098,1852,Free
12/8/2024 18:47:49,21.75,6923.59,3.85,6,8,0,10,0,1099,190,Free
12/8/2024 18:47:55,21.75,6927.18,3.86,6,8,0,10,0,1100,2962,Free
12/8/2024 18:48:00,21.75,6928.28,3.86,6,8,0,10,0,1101,471,Free
12/8/2024 18:48:03,21.75,6929.07,3.85,6,8,0,10,0,1102,163,Free
12/8/2024 18:48:04,21.75,6929.70,3.86,6,8,0,10,0,1103,0,Free
12/8/2024 18:48:06,21.75,6930.33,3.85,6,8,0,10,0,1104,0,Free
12/8/2024 18:48:12,21.75,6933.04,3.86,6,8,0,10,0,1105,2083,Free
12/8/2024 18:48:19,21.75,6934.32,3.85,6,8,0,10,0,1106,367,Free
12/8/2024 19:01:53,21.75,6973.52,3.86,6,8,0,10,0,1107,37,Free
12/8/2024 19:01:56,21.75,6974.32,3.85,6,8,0,10,0,1108,172,Free
12/8/2024 19:02:31,21.75,6986.30,3.86,6,8,0,10,0,1108,0,Free
12/8/2024 19:09:49,21.75,7012.60,3.85,6,8,0,10,0,1109,5128,Free
12/8/2024 19:09:52,21.75,7013.24,3.85,6,8,0,10,0,1110,0,Free
12/8/2024 19:09:55,21.75,7014.32,3.85,6,8,0,10,0,1111,454,Free
12/8/2024 19:10:00,21.75,7015.02,3.86,6,8,0,10,0,1112,71,Free
12/8/2024 19:10:02,21.75,7017.05,3.85,6,8,0,10,0,1113,1402,Free
12/8/2024 19:10:04,21.75,7017.68,3.85,6,8,0,10,0,1114,0,Free
12/8/2024 19:10:06,21.75,7019.07,3.85,6,8,0,10,0,1115,763,Free
12/8/2024 19:10:07,21.75,7019.69,3.85,6,8,0,10,0,1116,0,Free
12/8/2024 19:10:25,21.75,7020.96,3.85,6,8,0,10,0,1117,70,Free
12/8/2024 19:10:45,21.75,7022.45,3.85,6,8,0,10,0,1118,0,Free
12/8/2024 19:10:49,21.75,7023.67,3.85,6,8,0,10,0,1119,590,Free
12/8/2024 19:10:51,21.75,7024.30,3.85,6,8,0,10,0,1120,2,Free
12/8/2024 19:10:55,21.75,7027.73,3.85,6,8,0,10,0,1121,2807,Free
12/8/2024 19:20:06,21.75,7064.26,3.86,6,8,0,10,0,1121,0,Free
12/8/2024 19:25:34,21.75,7080.30,3.85,6,8,0,10,0,1122,0,Free
12/8/2024 19:27:38,21.50,7087.12,3.86,6,8,0,10,0,1123,488,Free
12/8/2024 19:27:43,21.50,7088.02,3.85,6,8,0,10,0,1124,274,Free
12/8/2024 19:27:45,21.50,7088.65,3.86,6,8,0,10,0,1125,0,Free
12/8/2024 19:27:46,21.50,7089.78,3.86,6,8,0,10,0,1126,505,Free
12/8/2024 19:27:49,21.50,7090.83,3.86,6,8,0,10,0,1127,421,Free
12/8/2024 19:27:56,21.75,7092.31,3.85,6,8,0,10,0,1128,564,Free
12/8/2024 19:28:00,21.75,7092.94,3.85,6,8,0,10,0,1129,0,Free
12/8/2024 19:28:01,21.75,7093.60,3.86,6,8,0,10,0,1130,36,Free
12/8/2024 19:28:05,21.75,7094.55,3.85,6,8,0,10,0,1131,318,Free
12/8/2024 19:28:06,21.75,7095.18,3.85,6,8,0,10,0,1132,0,Free
12/8/2024 19:28:10,21.75,7096.98,3.85,6,8,0,10,0,1133,1179,Free
12/8/2024 19:28:12,21.75,7098.43,3.86,6,8,0,10,0,1134,821,Free
12/8/2024 19:28:13,21.75,7099.07,3.86,6,8,0,10,0,1135,0,Free
12/8/2024 19:28:16,21.75,7099.90,3.85,6,8,0,10,0,1136,207,Free
12/8/2024 19:28:18,21.75,7101.83,3.86,6,8,0,10,0,1137,1297,Free
12/8/2024 19:28:38,21.75,7103.35,3.86,6,8,0,10,0,1138,36,Free
12/8/2024 19:28:39,21.75,7104.27,3.85,6,8,0,10,0,1139,291,Free
12/8/2024 19:28:48,21.75,7106.86,3.85,6,8,0,10,0,1140,1681,Free
12/8/2024 19:28:54,21.75,7110.04,3.85,6,8,0,10,0,1141,2552,Free
12/8/2024 19:29:05,21.75,7115.00,3.85,6,8,0,10,0,1142,4042,Free
12/8/2024 19:29:12,21.75,7120.08,3.85,6,8,0,10,0,1143,4453,Free
12/8/2024 19:29:19,21.75,7123.25,3.86,6,8,0,10,0,1144,2543,Free
12/8/2024 19:37:12,21.50,7156.06,3.86,6,8,0,10,0,1144,0,Free
12/8/2024 19:43:50,21.75,7175.53,3.85,6,8,0,10,0,1145,0,Free
12/8/2024 19:46:45,21.50,7184.88,3.85,6,8,0,10,0,1146,729,Free
12/8/2024 19:46:48,21.50,7185.53,3.85,6,8,0,10,0,1147,19,Free
12/8/2024 19:46:51,21.50,7188.83,3.85,6,8,0,10,0,1148,2679,Free
12/8/2024 19:46:56,21.50,7189.46,3.85,6,8,0,10,0,1149,0,Free
12/8/2024 19:46:57,21.50,7190.09,3.86,6,8,0,10,0,1150,0,Free
12/8/2024 19:48:27,21.50,7195.05,3.86,6,8,0,10,0,1151,334,Free
12/8/2024 19:49:09,21.50,7197.58,3.86,6,8,0,11,190,1151,0,Free
12/8/2024 19:49:10,21.50,7198.21,3.85,6,8,0,12,0,1151,0,Free
12/8/2024 19:49:15,21.50,7199.19,3.85,6,8,0,12,0,1152,360,Free
12/8/2024 19:55:02,21.75,7226.02,3.86,6,8,0,12,0,1152,0,Free
12/8/2024 19:59:05,21.75,7238.06,3.85,6,8,0,12,0,1153,0,Free
12/8/2024 19:59:11,21.75,7243.66,3.85,6,8,0,12,0,1154,4967,Free
12/8/2024 20:02:25,21.75,7254.13,3.85,6,8,0,12,0,1155,709,Free
12/8/2024 20:02:56,21.75,7256.43,3.85,6,8,0,12,0,1156,240,Free
12/8/2024 20:03:11,21.75,7257.64,3.85,6,8,0,12,0,1157,10,Free
12/8/2024 20:03:12,21.75,7258.38,3.85,6,8,0,12,0,1158,112,Free
12/8/2024 20:03:39,21.75,7260.15,3.86,6,8,0,12,0,1159,0,Free
12/8/2024 20:03:43,21.75,7260.78,3.85,6,8,0,12,0,1160,0,Free
12/8/2024 20:03:46,21.75,7262.96,3.85,6,8,0,12,0,1161,1554,Free
12/8/2024 20:03:48,21.75,7265.18,3.85,6,8,0,12,0,1162,1588,Free
12/8/2024 20:03:52,21.75,7266.33,3.85,6,8,0,12,0,1163,523,Free
12/8/2024 20:04:08,21.75,7268.81,3.85,6,8,0,12,0,1164,1281,Free
12/8/2024 20:04:11,21.75,7271.67,3.86,6,8,0,12,0,1165,2228,Free
12/8/2024 20:04:13,21.75,7272.34,3.85,6,8,0,12,0,1166,44,Free
12/8/2024 20:04:22,21.75,7278.81,3.85,6,8,0,12,0,1167,5845,Free
12/8/2024 20:04:29,21.75,7282.88,3.85,6,8,0,12,0,1168,3440,Free
12/8/2024 20:04:38,21.75,7284.77,3.85,6,8,0,12,0,1169,982,Free
12/8/2024 20:04:45,21.75,7287.01,3.85,6,8,0,12,0,1170,1605,Free
12/8/2024 20:04:53,21.75,7288.19,3.85,6,8,0,12,0,1171,266,Free
12/8/2024 20:05:12,21.75,7298.09,3.85,6,8,0,12,0,1172,8990,Free
12/8/2024 20:05:20,21.75,7299.83,3.85,6,8,0,12,0,1173,820,Free
12/8/2024 20:05:28,21.75,7300.74,3.85,6,8,0,12,0,1174,0,Free
12/8/2024 20:05:32,21.75,7301.37,3.85,6,8,0,12,0,1175,0,Free
12/8/2024 20:05:33,21.75,7302.00,3.85,6,8,0,12,0,1176,0,Free
12/8/2024 20:05:52,21.75,7304.07,3.85,6,8,0,12,0,1177,869,Free
12/8/2024 20:12:21,21.75,7332.89,3.86,6,8,0,12,0,1177,0,Free
12/8/2024 20:30:32,21.50,7395.10,3.85,6,8,0,12,0,1177,0,Free
12/8/2024 20:45:32,21.50,7439.45,3.85,6,8,0,12,0,1178,1178,Free
12/8/2024 20:45:37,21.50,7440.25,3.85,6,8,0,12,0,1179,172,Free
12/8/2024 20:45:57,21.50,7442.01,3.85,6,8,0,12,0,1180,274,Free
12/8/2024 20:46:13,21.50,7444.53,3.85,6,8,0,12,0,1181,1323,Free
12/8/2024 20:46:26,21.50,7446.14,3.85,6,8,0,12,0,1182,403,Free
12/8/2024 20:46:30,21.50,7447.26,3.85,6,8,0,12,0,1183,488,Free
12/8/2024 20:46:34,21.50,7447.88,3.85,6,8,0,12,0,1184,0,Free
12/8/2024 20:46:46,21.50,7449.22,3.85,6,8,0,12,0,1185,428,Free
12/8/2024 20:46:49,21.50,7449.90,3.85,6,8,0,12,0,1186,44,Free
12/8/2024 20:47:03,21.50,7451.58,3.85,6,8,0,12,0,1187,479,Free
12/8/2024 20:48:20,21.50,7465.55,3.85,6,8,0,12,0,1187,0,Free
12/8/2024 21:06:31,21.50,7527.78,3.85,6,8,0,12,0,1187,0,Free
12/8/2024 21:17:35,21.50,7560.53,3.85,6,8,0,12,0,1188,701,Free
12/8/2024 21:17:55,21.50,7565.14,3.85,6,8,0,12,0,1189,3406,Free
12/8/2024 21:18:20,21.50,7566.91,3.85,6,8,0,12,0,1190,0,Free
12/8/2024 21:18:29,21.50,7572.50,3.85,6,8,0,12,0,1191,4963,Free
12/8/2024 21:18:30,21.50,7573.81,3.85,6,8,0,12,0,1192,683,Free
12/8/2024 21:18:33,21.50,7574.92,3.85,6,8,0,12,0,1193,479,Free
12/8/2024 21:19:44,21.50,7580.48,3.85,6,8,0,12,0,1194,1792,Free
12/8/2024 21:24:31,21.50,7604.46,3.85,6,8,0,12,0,1194,0,Free
12/8/2024 21:33:16,21.50,7631.51,3.85,6,8,0,12,0,1195,1570,Free
12/8/2024 21:33:39,21.50,7633.81,3.85,6,8,0,12,0,1196,813,Free
12/8/2024 21:42:38,21.50,7669.79,3.85,6,8,0,12,0,1196,0,Free
12/8/2024 21:53:06,21.75,7700.15,3.85,6,8,0,12,0,1197,0,Free
12/8/2024 21:53:18,21.75,7701.06,3.85,6,8,0,12,0,1198,0,Free
12/8/2024 21:53:19,21.75,7701.69,3.85,6,8,0,12,0,1199,0,Free
12/8/2024 21:53:21,21.75,7702.71,3.85,6,8,0,12,0,1200,393,Free
12/8/2024 21:53:27,21.75,7703.34,3.85,6,8,0,12,0,1201,0,Free
12/8/2024 21:53:28,21.75,7703.97,3.85,6,8,0,12,0,1202,0,Free
12/8/2024 21:53:29,21.75,7704.60,3.85,6,8,0,12,0,1203,0,Free
12/8/2024 21:53:30,21.75,7705.37,3.85,6,8,0,12,0,1204,146,Free
12/8/2024 21:53:34,21.75,7706.01,3.85,6,8,0,12,0,1205,0,Free
12/8/2024 21:53:45,21.75,7708.02,3.85,6,8,0,12,0,1206,1100,Free
12/8/2024 21:54:49,21.75,7711.51,3.85,6,8,0,12,0,1207,0,Free
12/8/2024 21:54:51,21.75,7712.14,3.85,6,8,0,12,0,1208,0,Free
12/8/2024 21:54:53,21.75,7713.82,3.85,6,8,0,12,0,1209,1051,Free
12/8/2024 21:54:57,21.75,7714.55,3.85,6,8,0,12,0,1210,104,Free
12/8/2024 21:55:00,21.75,7715.18,3.85,6,8,0,12,0,1211,0,Free
12/8/2024 21:55:04,21.75,7715.81,3.85,6,8,0,12,0,1212,0,Free
12/8/2024 21:55:05,21.75,7716.44,3.85,6,8,0,12,0,1213,0,Free
12/8/2024 21:55:09,21.75,7717.06,3.85,6,8,0,12,0,1214,1,Free
12/8/2024 21:56:52,21.75,7722.75,3.85,6,8,0,12,0,1215,189,Free
12/8/2024 21:56:57,21.75,7724.14,3.85,6,8,0,12,0,1216,758,Free
12/8/2024 21:59:50,21.75,7742.69,3.85,6,8,0,12,0,1216,0,Free
12/8/2024 22:07:00,21.75,7763.62,3.85,6,8,0,12,0,1217,0,Free
12/8/2024 22:07:01,21.75,7764.25,3.85,6,8,0,12,0,1218,0,Free
12/8/2024 22:07:01,21.75,7764.88,3.85,6,8,0,12,0,1219,0,Free
12/8/2024 22:07:03,21.75,7765.57,3.85,6,8,0,12,0,1220,60,Free
12/8/2024 22:07:04,21.75,7766.21,3.85,6,8,0,12,0,1221,9,Free
12/8/2024 22:07:05,21.75,7766.91,3.85,6,8,0,12,0,1222,68,Free
12/8/2024 22:07:07,21.75,7767.63,3.85,6,8,0,12,0,1223,95,Free
12/8/2024 22:07:08,21.75,7768.26,3.85,6,8,0,12,0,1224,0,Free
12/8/2024 22:07:10,21.75,7768.89,3.85,6,8,0,12,0,1225,0,Free
12/8/2024 22:07:12,21.75,7769.52,3.85,6,8,0,12,0,1226,0,Free
12/8/2024 22:07:14,21.75,7770.38,3.85,6,8,0,12,0,1227,230,Free
12/8/2024 22:07:16,21.75,7771.15,3.85,6,8,0,12,0,1228,138,Free
12/8/2024 22:07:19,21.75,7772.85,3.85,6,8,0,12,0,1229,1073,Free
12/8/2024 22:07:20,21.75,7773.65,3.85,6,8,0,12,0,1230,171,Free
12/8/2024 22:07:24,21.75,7775.58,3.85,6,8,0,12,0,1231,1296,Free
12/8/2024 22:07:30,21.75,7776.37,3.85,6,8,0,12,0,1232,154,Free
12/8/2024 22:07:36,21.75,7778.42,3.85,6,8,0,12,0,1233,1424,Free
12/8/2024 22:07:44,21.75,7782.47,3.85,6,8,0,12,0,1234,3425,Free
12/8/2024 22:07:49,21.75,7783.10,3.84,6,8,0,12,0,1235,0,Free
12/8/2024 22:07:50,21.75,7783.73,3.85,6,8,0,12,0,1236,0,Free
12/8/2024 22:07:51,21.75,7784.36,3.85,6,8,0,12,0,1237,0,Free
12/8/2024 22:07:52,21.75,7785.15,3.85,6,8,0,12,0,1238,162,Free
12/8/2024 22:07:53,21.75,7785.85,3.85,6,8,0,12,0,1239,68,Free
12/8/2024 22:07:55,21.75,7786.48,3.85,6,8,0,12,0,1240,0,Free
12/8/2024 22:07:56,21.75,7787.26,3.85,6,8,0,12,0,1241,154,Free
12/8/2024 22:07:57,21.75,7787.89,3.85,6,8,0,12,0,1242,0,Free
12/8/2024 22:07:59,21.75,7788.96,3.85,6,8,0,12,0,1243,444,Free
12/8/2024 22:08:01,21.75,7789.59,3.85,6,8,0,12,0,1244,0,Free
12/8/2024 22:08:04,21.75,7790.72,3.85,6,8,0,12,0,1245,494,Free
12/8/2024 22:08:05,21.75,7791.36,3.85,6,8,0,12,0,1246,17,Free
12/8/2024 22:08:06,21.75,7791.99,3.85,6,8,0,12,0,1247,0,Free
12/8/2024 22:08:09,21.75,7795.33,3.85,6,8,0,12,0,1248,2710,Free
12/8/2024 22:08:10,21.75,7795.96,3.85,6,8,0,12,0,1249,0,Free
12/8/2024 22:08:13,21.75,7796.59,3.85,6,8,0,12,0,1250,1,Free
12/8/2024 22:08:14,21.75,7797.22,3.85,6,8,0,12,0,1251,0,Free
12/8/2024 22:08:15,21.75,7798.46,3.85,6,8,0,12,0,1252,614,Free
12/8/2024 22:08:43,21.75,7801.77,3.85,6,8,0,12,0,1253,1534,Free
12/8/2024 22:09:24,21.75,7804.11,3.85,6,8,0,13,0,1253,0,Free
12/8/2024 22:09:26,21.75,7804.75,3.85,6,8,0,14,0,1253,0,Free
12/8/2024 22:09:26,21.75,7805.37,3.85,6,8,0,15,0,1253,0,Free
12/8/2024 22:09:34,21.75,7806.30,3.85,6,8,0,15,0,1254,0,Free
12/8/2024 22:09:42,21.75,7807.92,3.85,6,8,0,15,0,1255,707,Free
12/8/2024 22:09:44,21.75,7808.55,3.85,6,8,0,15,0,1256,0,Free
12/8/2024 22:09:49,21.75,7809.18,3.85,6,8,0,15,0,1257,0,Free
12/8/2024 22:09:50,21.75,7810.33,3.85,6,8,0,15,0,1258,520,Free
12/8/2024 22:09:52,21.75,7810.96,3.85,6,8,0,15,0,1259,0,Free
12/8/2024 22:09:54,21.75,7812.44,3.85,6,8,0,15,0,1260,852,Free
12/8/2024 22:10:03,21.75,7815.88,3.85,6,8,0,15,0,1261,2810,Free
12/8/2024 22:10:08,21.75,7818.71,3.85,6,8,0,15,0,1262,2208,Free
12/8/2024 22:10:35,21.75,7820.67,3.85,6,8,0,15,0,1263,188,Free
12/8/2024 22:11:00,21.75,7822.45,3.85,6,8,0,15,0,1264,0,Free
12/8/2024 22:11:02,21.75,7823.12,3.85,6,8,0,15,0,1265,44,Free
12/8/2024 22:11:21,21.75,7826.03,3.85,6,8,0,15,0,1266,1713,Free
12/8/2024 22:11:38,21.75,7829.26,3.85,6,8,0,15,0,1267,2028,Free
12/8/2024 22:11:48,21.75,7830.29,3.85,6,8,0,15,0,1268,111,Free
12/8/2024 22:13:36,21.75,7835.78,3.85,6,8,0,15,0,1269,0,Free
12/8/2024 22:13:38,21.75,7836.76,3.85,6,8,0,15,0,1270,342,Free
12/8/2024 22:14:49,21.75,7850.45,3.85,6,8,0,15,0,1270,0,Free
12/8/2024 22:17:37,21.75,7859.46,3.85,6,8,0,15,0,1271,665,Free
12/8/2024 22:30:22,21.75,7896.67,3.85,6,8,0,15,0,1272,239,Free
12/8/2024 22:30:23,21.75,7897.84,3.85,6,8,0,15,0,1273,537,Free
12/8/2024 22:30:26,21.75,7900.24,3.85,6,8,0,15,0,1274,1773,Free
12/8/2024 22:30:29,21.75,7902.07,3.85,6,8,0,15,0,1275,1201,Free
12/8/2024 22:32:46,21.75,7918.91,3.85,6,8,0,15,0,1275,0,Free
12/8/2024 22:42:57,21.75,7948.73,3.85,6,8,0,15,0,1276,281,Free
12/8/2024 22:43:07,21.75,7949.71,3.85,6,8,0,15,0,1277,60,Free
12/8/2024 22:45:12,21.75,7957.24,3.85,6,8,0,15,0,1278,1185,Free
12/8/2024 22:50:53,21.75,7983.83,3.85,6,8,0,15,0,1278,0,Free
12/8/2024 22:51:26,21.75,7985.89,3.85,6,8,0,15,0,1279,0,Free
12/8/2024 22:53:31,21.75,7992.24,3.85,6,8,0,15,0,1280,0,Free
12/8/2024 22:53:39,21.75,7993.46,3.85,6,8,0,15,0,1281,299,Free
12/8/2024 22:53:46,21.75,7995.34,3.85,6,8,0,15,0,1282,1253,Free
12/8/2024 22:53:47,21.75,7996.41,3.85,6,8,0,15,0,1283,435,Free
12/8/2024 23:08:52,21.75,8049.90,3.85,6,8,0,15,0,1283,0,Free
12/8/2024 23:08:54,21.75,8050.53,3.85,6,8,0,15,0,1284,0,Free
12/8/2024 23:09:09,21.75,8051.73,3.85,6,8,0,15,0,1285,0,Free
12/8/2024 23:09:38,21.75,8054.19,3.85,6,8,0,15,0,1286,682,Free
12/8/2024 23:11:56,22.00,8061.20,3.85,6,8,0,15,0,1287,79,Free
12/8/2024 23:11:57,22.00,8061.83,3.85,6,8,0,15,0,1288,0,Free
12/8/2024 23:11:58,22.00,8062.46,3.85,6,8,0,15,0,1289,0,Free
12/8/2024 23:12:00,22.00,8063.09,3.85,6,8,0,15,0,1290,0,Free
12/8/2024 23:12:03,22.00,8064.62,3.84,6,8,0,15,0,1291,903,Free
12/8/2024 23:12:10,22.00,8066.29,3.85,6,8,0,15,0,1292,751,Free
12/8/2024 23:12:12,22.00,8066.97,3.85,6,8,0,15,0,1293,51,Free
12/8/2024 23:15:31,22.00,8077.05,3.84,6,9,0,15,0,1293,0,Free
12/8/2024 23:21:48,22.00,8095.43,3.85,6,9,0,15,0,1294,0,Free
12/8/2024 23:21:51,22.00,8096.55,3.85,6,9,0,15,0,1295,486,Free
12/8/2024 23:21:53,22.00,8097.85,3.85,6,9,0,15,0,1296,673,Free
12/8/2024 23:21:54,22.00,8098.50,3.85,6,9,0,15,0,1297,17,Free
12/8/2024 23:21:55,22.00,8099.17,3.84,6,9,0,15,0,1298,43,Free
12/8/2024 23:21:57,22.00,8099.80,3.84,6,9,0,15,0,1299,0,Free
12/8/2024 23:21:59,22.00,8100.51,3.85,6,9,0,15,0,1300,77,Free
12/8/2024 23:22:00,22.00,8101.15,3.85,6,9,0,15,0,1301,9,Free
12/8/2024 23:22:02,22.00,8102.44,3.85,6,9,0,15,0,1302,656,Free
12/8/2024 23:22:03,22.00,8103.07,3.85,6,9,0,15,0,1303,0,Free
12/8/2024 23:22:30,22.00,8104.85,3.84,6,9,0,15,0,1304,0,Free
12/8/2024 23:22:31,22.00,8105.48,3.84,6,9,0,15,0,1305,0,Free
12/8/2024 23:22:33,22.00,8106.31,3.84,6,9,0,15,0,1306,205,Free
12/8/2024 23:22:35,22.00,8107.12,3.85,6,9,0,15,0,1307,180,Free
12/8/2024 23:22:36,22.00,8108.49,3.85,6,9,0,15,0,1308,742,Free
12/8/2024 23:22:38,22.00,8110.01,3.85,6,9,0,15,0,1309,886,Free
12/8/2024 23:22:41,22.00,8110.81,3.85,6,9,0,15,0,1310,170,Free
12/8/2024 23:22:43,22.00,8112.29,3.85,6,9,0,15,0,1311,852,Free
12/8/2024 23:22:45,22.00,8112.92,3.85,6,9,0,15,0,1312,0,Free
12/8/2024 23:22:49,22.00,8113.55,3.84,6,9,0,15,0,1313,0,Free
12/8/2024 23:22:51,22.00,8114.18,3.85,6,9,0,15,0,1314,0,Free
12/8/2024 23:22:53,22.00,8114.81,3.85,6,9,0,15,0,1315,0,Free
12/8/2024 23:22:53,22.00,8115.44,3.85,6,9,0,15,0,1316,0,Free
12/8/2024 23:23:34,22.00,8117.79,3.85,6,9,0,16,0,1316,0,Free
12/8/2024 23:23:58,22.00,8119.42,3.85,6,9,0,16,0,1317,146,Free
12/8/2024 23:24:08,22.00,8128.70,3.85,6,9,0,16,0,1318,8649,Free
12/8/2024 23:24:55,22.00,8141.25,3.85,6,9,0,16,0,1318,0,Free
12/8/2024 23:25:52,22.00,8146.55,3.85,6,9,0,16,0,1319,2089,Free
12/8/2024 23:32:21,22.00,8165.72,3.84,6,9,0,16,0,1320,214,Free
12/8/2024 23:32:22,22.00,8166.35,3.85,6,9,0,16,0,1321,0,Free
12/8/2024 23:32:27,22.00,8168.95,3.85,6,9,0,16,0,1322,1972,Free
12/8/2024 23:32:37,22.00,8169.86,3.85,6,9,0,16,0,1323,0,Free
12/8/2024 23:32:40,22.00,8170.56,3.85,6,9,0,16,0,1324,69,Free
12/8/2024 23:38:09,22.00,8186.66,3.85,6,9,0,16,0,1325,0,Free
12/8/2024 23:39:10,22.00,8190.68,3.85,6,9,0,16,0,1326,520,Free
12/8/2024 23:42:45,22.00,8211.25,3.85,6,9,0,16,0,1326,0,Free
12/8/2024 23:46:26,22.00,8223.61,3.84,6,9,0,16,0,1327,1423,Free
12/8/2024 23:46:30,22.00,8226.68,3.85,6,9,0,16,0,1328,2446,Free
12/8/2024 23:46:36,22.00,8229.80,3.85,6,9,0,16,0,1329,2488,Free
12/8/2024 23:46:41,22.00,8231.59,3.85,6,9,0,16,0,1330,1159,Free
12/8/2024 23:46:45,22.00,8233.14,3.85,6,9,0,16,0,1331,921,Free
12/8/2024 23:46:48,22.00,8235.03,3.85,6,9,0,16,0,1332,1262,Free
12/8/2024 23:46:56,22.00,8238.95,3.85,6,9,0,16,0,1333,3290,Free
12/8/2024 23:47:01,22.00,8240.54,3.84,6,9,0,16,0,1334,963,Free
12/8/2024 23:47:11,22.00,8241.46,3.85,6,9,0,16,0,1335,0,Free
12/8/2024 23:47:21,22.00,8242.69,3.84,6,9,0,16,0,1336,316,Free
12/8/2024 23:47:29,22.00,8243.61,3.85,6,9,0,16,0,1337,0,Free
12/8/2024 23:47:34,22.00,8244.24,3.83,6,9,0,16,0,1338,0,Free
12/8/2024 23:47:46,22.00,8245.15,3.85,6,9,0,16,0,1339,0,Free
12/8/2024 23:50:57,22.00,8257.23,3.84,6,9,0,16,0,1340,2565,Free
12/8/2024 23:50:59,22.00,8258.56,3.84,6,9,0,16,0,1341,699,Free
12/8/2024 23:51:07,22.00,8259.47,3.84,6,10,0,16,0,1341,0,Free
12/8/2024 23:51:08,22.00,8260.10,3.85,6,10,0,16,0,1342,0,Free
12/8/2024 23:51:10,22.00,8260.73,3.85,6,10,0,16,0,1343,0,Free
12/8/2024 23:51:18,22.00,8261.65,3.85,6,10,0,16,0,1344,0,Free
12/8/2024 23:55:21,22.00,8273.73,3.85,6,10,0,16,0,1345,0,Free
12/8/2024 23:59:31,22.00,8286.10,3.85,6,10,0,16,0,1346,0,Free
12/9/2024 0:00:12,22.00,8298.37,3.85,6,10,0,16,0,1346,0,Free
12/9/2024 0:00:34,22.00,8299.99,3.85,6,10,0,16,0,1347,137,Free
12/9/2024 0:10:45,22.00,8329.55,3.85,6,10,0,16,0,1348,0,Free
12/9/2024 0:17:47,21.75,8350.23,3.85,6,10,0,16,0,1349,0,Free
12/9/2024 0:18:16,21.75,8361.92,3.85,6,10,0,16,0,1349,0,Free
12/9/2024 0:30:05,22.00,8396.38,3.84,6,10,0,16,0,1350,35,Free
12/9/2024 0:30:06,22.00,8397.01,3.84,6,10,0,16,0,1351,0,Free
12/9/2024 0:30:07,22.00,8397.64,3.84,6,10,0,16,0,1352,0,Free
12/9/2024 0:30:08,22.00,8398.96,3.85,6,10,0,16,0,1353,691,Free
12/9/2024 0:30:10,22.00,8400.16,3.85,6,10,0,16,0,1354,564,Free
12/9/2024 0:30:12,22.00,8400.93,3.85,6,10,0,16,0,1355,137,Free
12/9/2024 0:30:13,22.00,8401.56,3.84,6,10,0,16,0,1356,1,Free
12/9/2024 0:30:30,22.00,8405.51,3.85,6,10,0,16,0,1357,2747,Free
12/9/2024 0:30:57,22.00,8408.58,3.84,6,10,0,16,0,1358,1297,Free
12/9/2024 0:31:08,22.00,8409.50,3.85,6,10,0,16,0,1359,9,Free
12/9/2024 0:31:09,22.00,8410.18,3.84,6,10,0,16,0,1360,53,Free
12/9/2024 0:31:10,22.00,8410.81,3.84,6,10,0,16,0,1361,0,Free
12/9/2024 0:31:12,22.00,8411.71,3.82,6,10,0,16,0,1362,265,Free
12/9/2024 0:31:14,22.00,8412.34,3.84,6,10,0,16,0,1363,0,Free
12/9/2024 0:31:15,22.00,8413.17,3.84,6,10,0,16,0,1364,196,Free
12/9/2024 0:35:26,22.00,8435.46,3.84,6,10,0,16,0,1364,0,Free
12/9/2024 0:53:37,21.75,8497.84,3.84,6,10,0,16,0,1364,0,Free
12/9/2024 1:11:48,21.75,8560.22,3.85,6,10,0,16,0,1364,0,Free
12/9/2024 1:19:39,21.75,8583.78,3.85,6,10,0,16,0,1365,597,Free
12/9/2024 1:19:54,21.75,8584.99,3.84,6,10,0,16,0,1366,0,Free
12/9/2024 1:20:05,21.75,8586.00,3.85,6,10,0,16,0,1367,95,Free
12/9/2024 1:20:07,21.75,8586.98,3.84,6,10,0,16,0,1368,350,Free
12/9/2024 1:20:11,21.75,8587.61,3.84,6,10,0,16,0,1369,0,Free
12/9/2024 1:20:19,21.75,8588.52,3.84,6,10,0,16,0,1370,0,Free
12/9/2024 1:20:20,21.75,8589.15,3.84,6,10,0,16,0,1371,0,Free
12/9/2024 1:20:24,21.75,8589.87,3.85,6,10,0,16,0,1372,85,Free
12/9/2024 1:20:28,21.75,8593.51,3.83,6,10,0,16,0,1373,3007,Free
12/9/2024 1:20:31,21.75,8594.14,3.85,6,10,0,16,0,1374,0,Free
12/9/2024 1:20:33,21.75,8595.27,3.85,6,10,0,16,0,1375,504,Free
12/9/2024 1:20:40,21.75,8597.58,3.84,6,10,0,16,0,1376,1670,Free
12/9/2024 1:20:41,21.75,8598.20,3.85,6,10,0,16,0,1377,0,Free
12/9/2024 1:20:42,21.75,8598.88,3.84,6,10,0,16,0,1378,43,Free
12/9/2024 1:29:17,21.75,8633.77,3.85,6,10,0,16,0,1378,0,Free
12/9/2024 1:31:26,22.00,8640.41,3.84,6,10,0,16,0,1379,0,Free
12/9/2024 1:31:31,22.00,8643.32,3.84,6,10,0,16,0,1380,2275,Free
12/9/2024 1:39:51,21.75,8667.72,3.84,6,11,0,16,0,1380,0,Free
12/9/2024 1:39:54,21.75,8668.41,3.84,6,11,0,16,0,1381,60,Free
12/9/2024 1:39:55,21.75,8668.75,3.84,6,12,0,16,0,1381,0,Free
12/9/2024 1:39:55,21.75,8669.38,3.83,6,12,0,16,0,1382,0,Free
12/9/2024 1:39:57,21.75,8670.09,3.84,6,12,0,16,0,1383,78,Free
12/9/2024 1:39:59,21.75,8671.69,3.84,6,12,0,16,0,1384,971,Free
12/9/2024 1:40:01,21.75,8673.41,3.84,6,12,0,16,0,1385,1090,Free
12/9/2024 1:40:02,21.75,8674.11,3.84,6,12,0,16,0,1386,69,Free
12/9/2024 1:40:04,21.75,8675.00,3.85,6,12,0,16,0,1387,264,Free
12/9/2024 1:40:06,21.75,8675.63,3.84,6,12,0,16,0,1388,0,Free
12/9/2024 1:40:07,21.75,8676.26,3.84,6,12,0,16,0,1389,0,Free
12/9/2024 1:40:08,22.00,8677.17,3.84,6,12,0,16,0,1390,273,Free
12/9/2024 1:46:37,22.00,8706.04,3.85,6,12,0,16,0,1390,0,Free
12/9/2024 2:04:48,21.75,8768.42,3.84,6,12,0,16,0,1390,0,Free
12/9/2024 2:11:06,21.75,8788.47,3.84,6,12,0,16,0,1391,1662,Free
12/9/2024 2:11:07,21.75,8789.10,3.84,6,12,0,16,0,1392,0,Free
12/9/2024 2:11:11,21.75,8789.73,3.84,6,12,0,16,0,1393,0,Free
12/9/2024 2:11:13,21.75,8790.37,3.84,6,12,0,16,0,1394,9,Free
12/9/2024 2:11:13,21.75,8791.00,3.84,6,12,0,16,0,1395,0,Free
12/9/2024 2:11:15,21.75,8791.90,3.84,6,12,0,16,0,1396,266,Free
12/9/2024 2:11:27,21.75,8792.82,3.84,6,12,0,16,0,1397,0,Free
12/9/2024 2:11:30,21.75,8793.45,3.84,6,12,0,16,0,1398,0,Free
12/9/2024 2:11:35,21.75,8794.08,3.84,6,12,0,16,0,1399,0,Free
12/9/2024 2:12:00,21.75,8796.58,3.84,6,12,0,16,0,1400,1016,Free
12/9/2024 2:12:03,21.75,8797.21,3.84,6,12,0,16,0,1401,0,Free
12/9/2024 2:12:03,21.75,8797.84,3.84,6,12,0,16,0,1402,0,Free
12/9/2024 2:12:04,21.75,8798.47,3.84,6,12,0,16,0,1403,0,Free
12/9/2024 2:12:09,21.75,8799.57,3.84,6,12,0,16,0,1404,469,Free
12/9/2024 2:12:10,21.75,8800.47,3.84,6,12,0,16,0,1405,273,Free
12/9/2024 2:12:18,21.75,8801.44,3.85,6,12,0,16,0,1406,52,Free
12/9/2024 2:12:22,21.75,8802.07,3.84,6,12,0,16,0,1407,0,Free
12/9/2024 2:12:23,21.75,8802.70,3.84,6,12,0,16,0,1408,0,Free
12/9/2024 2:12:42,21.75,8805.95,3.84,6,12,0,16,0,1409,2046,Free
12/9/2024 2:12:44,21.75,8806.61,3.84,6,12,0,16,0,1410,34,Free
12/9/2024 2:12:51,21.75,8808.81,3.84,6,12,0,16,0,1411,1568,Free
12/9/2024 2:12:56,21.75,8809.44,3.84,6,12,0,16,0,1412,0,Free
12/9/2024 2:13:01,21.75,8810.07,3.84,6,12,0,16,0,1413,0,Free
12/9/2024 2:13:02,21.75,8811.06,3.84,6,12,0,16,0,1414,359,Free
12/9/2024 2:13:09,21.75,8812.62,3.84,6,12,0,16,0,1415,936,Free
12/9/2024 2:13:11,21.75,8814.35,3.84,6,12,0,16,0,1416,1100,Free
12/9/2024 2:20:53,21.75,8837.46,3.84,6,12,0,16,0,1417,707,Free
12/9/2024 2:20:55,21.75,8838.08,3.84,6,12,0,16,0,1418,0,Free
12/9/2024 2:21:27,21.75,8841.71,3.84,6,12,0,16,0,1419,1851,Free
12/9/2024 2:21:50,22.00,8853.12,3.84,6,12,0,16,0,1419,0,Free
12/9/2024 2:22:43,22.00,8856.05,3.84,6,12,0,16,0,1420,0,Free
12/9/2024 2:22:44,22.00,8856.68,3.83,6,12,0,16,0,1421,0,Free
12/9/2024 2:22:49,22.00,8860.27,3.84,6,12,0,16,0,1422,2966,Free
12/9/2024 2:22:51,22.00,8861.57,3.84,6,12,0,16,0,1423,674,Free
12/9/2024 2:22:56,22.00,8862.32,3.85,6,12,0,16,0,1424,120,Free
12/9/2024 2:23:00,22.00,8864.50,3.84,6,12,0,16,0,1425,1542,Free
12/9/2024 2:23:20,22.00,8866.47,3.84,6,12,0,16,0,1426,486,Free
12/9/2024 2:24:00,22.00,8868.82,3.84,6,12,0,16,0,1427,0,Free
12/9/2024 2:24:02,22.00,8869.45,3.84,6,12,0,16,0,1428,0,Free
12/9/2024 2:24:08,22.00,8870.43,3.84,6,12,0,16,0,1429,350,Free
12/9/2024 2:24:11,22.00,8871.12,3.84,6,12,0,16,0,1430,61,Free
12/9/2024 2:36:51,22.00,8907.83,3.83,6,12,0,16,0,1431,0,Free
12/9/2024 2:37:19,22.00,8909.61,3.84,6,12,0,16,0,1432,0,Free
12/9/2024 2:37:23,22.00,8910.24,3.84,6,12,0,16,0,1433,0,Free
12/9/2024 2:39:28,22.00,8926.51,3.84,6,12,0,16,0,1433,0,Free
12/9/2024 2:49:29,22.00,8956.21,3.84,6,12,0,16,0,1434,717,Free
12/9/2024 2:53:27,22.00,8968.07,3.84,6,12,0,16,0,1435,60,Free
12/9/2024 2:53:29,22.00,8968.74,3.84,6,12,0,16,0,1436,43,Free
12/9/2024 2:53:31,22.00,8969.37,3.84,6,12,0,16,0,1437,0,Free
12/9/2024 2:53:34,22.00,8970.00,3.84,6,12,0,16,0,1438,0,Free
12/9/2024 2:53:35,22.00,8970.68,3.84,6,12,0,16,0,1439,43,Free
12/9/2024 2:53:36,22.00,8971.31,3.84,6,12,0,16,0,1440,0,Free
12/9/2024 2:53:36,22.00,8971.93,3.83,6,12,0,16,0,1441,0,Free
12/9/2024 2:53:40,22.00,8974.95,3.83,6,12,0,16,0,1442,2378,Free
12/9/2024 2:53:41,22.00,8975.60,3.83,6,12,0,16,0,1443,26,Free
12/9/2024 2:53:42,22.00,8976.23,3.84,6,12,0,16,0,1444,0,Free
12/9/2024 2:53:43,22.00,8976.87,3.84,6,12,0,16,0,1445,0,Free
12/9/2024 2:53:45,22.00,8979.06,3.84,6,12,0,16,0,1446,1560,Free
12/9/2024 2:53:48,22.00,8979.87,3.84,6,12,0,16,0,1447,187,Free
12/9/2024 2:53:51,22.00,8980.50,3.84,6,12,0,16,0,1448,0,Free
12/9/2024 2:53:52,22.00,8981.42,3.84,6,12,0,16,0,1449,290,Free
12/9/2024 2:54:00,22.00,8982.38,3.83,6,13,43,16,0,1449,0,Free
12/9/2024 2:54:03,22.00,8983.56,3.84,6,13,0,16,0,1450,537,Free
12/9/2024 2:54:05,22.00,8984.48,3.84,6,13,0,16,0,1451,291,Free
12/9/2024 2:54:05,22.00,8985.26,3.83,6,13,0,16,0,1452,153,Free
12/9/2024 2:54:30,22.00,8987.03,3.84,6,13,0,16,0,1453,0,Free
12/9/2024 2:54:37,22.00,8987.95,3.83,6,13,0,16,0,1454,0,Free
12/9/2024 2:54:50,22.00,8989.15,3.84,6,13,0,16,0,1455,0,Free
12/9/2024 2:54:50,22.00,8989.78,3.84,6,13,0,16,0,1456,0,Free
12/9/2024 2:55:00,22.00,8990.70,3.84,6,13,0,16,0,1457,0,Free
12/9/2024 2:55:01,22.00,8991.48,3.85,6,13,0,16,0,1458,145,Free
12/9/2024 2:55:54,22.00,9004.31,3.84,6,13,0,16,0,1458,0,Free
12/9/2024 2:56:20,22.00,9006.09,3.84,6,13,0,16,0,1459,0,Free
12/9/2024 3:07:43,22.00,9039.08,3.84,6,13,0,16,0,1460,1,Free
12/9/2024 3:08:11,22.00,9041.24,3.84,6,13,0,16,0,1461,383,Free
12/9/2024 3:08:11,22.00,9041.87,3.84,6,13,0,16,0,1462,0,Free
12/9/2024 3:08:13,22.00,9042.50,3.84,6,13,0,16,0,1463,0,Free
12/9/2024 3:08:14,22.00,9043.13,3.84,6,13,0,16,0,1464,1,Free
12/9/2024 3:08:16,22.00,9044.07,3.83,6,13,0,16,0,1465,307,Free
12/9/2024 3:08:21,22.00,9045.01,3.84,6,13,0,16,0,1466,315,Free
12/9/2024 3:11:40,22.00,9055.09,3.83,6,13,0,16,0,1467,0,Free
12/9/2024 3:13:33,22.00,9070.80,3.84,6,13,0,16,0,1467,0,Free
12/9/2024 3:31:44,22.00,9133.18,3.83,6,13,0,16,0,1467,0,Free
12/9/2024 3:49:55,21.75,9195.57,3.84,6,13,0,16,0,1467,0,Free
12/9/2024 4:01:50,21.75,9231.95,3.84,6,13,0,16,0,1468,1963,Free
12/9/2024 4:02:37,21.75,9234.87,3.84,6,13,0,16,0,1469,282,Free
12/9/2024 4:05:53,22.00,9244.67,3.83,6,13,0,16,0,1470,0,Free
12/9/2024 4:05:54,22.00,9245.94,3.83,6,13,0,16,0,1471,649,Free
12/9/2024 4:05:58,22.00,9248.89,3.83,6,13,0,16,0,1472,2313,Free
12/9/2024 4:06:01,22.00,9250.18,3.83,6,13,0,16,0,1473,666,Free
12/9/2024 4:07:54,22.00,9265.88,3.83,6,13,0,16,0,1473,0,Free
12/9/2024 4:08:08,22.00,9267.75,3.84,6,13,0,16,0,1474,666,Free
12/9/2024 4:08:09,22.00,9268.72,3.83,6,13,0,16,0,1475,342,Free
12/9/2024 4:10:02,22.00,9274.58,3.83,6,13,0,16,0,1476,78,Free
12/9/2024 4:24:43,21.75,9317.65,3.83,6,13,0,16,0,1477,624,Free
12/9/2024 4:25:54,21.75,9331.35,3.83,6,13,0,16,0,1477,0,Free
12/9/2024 4:29:58,22.00,9343.56,3.83,6,13,0,16,0,1478,129,Free
12/9/2024 4:33:08,22.00,9353.07,3.83,6,13,0,16,0,1479,0,Free
12/9/2024 4:39:47,21.75,9372.60,3.83,6,13,0,16,0,1480,0,Free
12/9/2024 4:40:59,21.75,9376.38,3.83,6,13,0,16,0,1481,0,Free
12/9/2024 4:41:29,21.75,9378.16,3.83,6,13,0,16,0,1482,0,Free
12/9/2024 4:41:30,21.75,9378.78,3.83,6,13,0,16,0,1483,0,Free
12/9/2024 4:41:31,21.75,9379.42,3.83,6,13,0,16,0,1484,9,Free
12/9/2024 4:41:32,21.75,9380.13,3.83,6,13,0,16,0,1485,77,Free
12/9/2024 4:41:33,21.75,9380.76,3.84,6,13,0,16,0,1486,0,Free
12/9/2024 4:41:34,21.75,9381.38,3.83,6,13,0,16,0,1487,0,Free
12/9/2024 4:41:35,21.75,9382.08,3.83,6,13,0,16,0,1488,61,Free
12/9/2024 4:41:36,21.75,9382.70,3.83,6,13,0,16,0,1489,0,Free
12/9/2024 4:41:37,21.75,9383.85,3.84,6,13,0,16,0,1490,520,Free
12/9/2024 4:41:39,21.75,9385.61,3.83,6,13,0,16,0,1491,1125,Free
12/9/2024 4:41:41,21.75,9386.25,3.84,6,13,0,16,0,1492,0,Free
12/9/2024 4:41:43,21.75,9386.92,3.83,6,13,0,16,0,1493,43,Free
12/9/2024 4:41:47,21.75,9387.55,3.83,6,13,0,16,0,1494,0,Free
12/9/2024 4:41:56,21.75,9388.46,3.83,6,13,0,16,0,1495,0,Free
12/9/2024 4:41:57,21.75,9389.34,3.83,6,13,0,16,0,1496,247,Free
12/9/2024 4:41:59,21.75,9390.03,3.84,6,13,0,16,0,1497,60,Free
12/9/2024 4:42:00,21.75,9390.77,3.83,6,13,0,16,0,1498,111,Free
12/9/2024 4:42:02,21.75,9391.70,3.83,6,13,0,16,0,1499,299,Free
12/9/2024 4:42:04,21.75,9394.31,3.84,6,13,0,16,0,1500,1976,Free
12/9/2024 4:42:06,21.75,9394.93,3.83,6,13,0,16,0,1501,0,Free
12/9/2024 4:42:16,21.75,9395.94,3.84,6,13,0,16,0,1502,95,Free
12/9/2024 4:42:33,21.75,9407.06,3.83,6,13,0,16,0,1502,0,Free
12/9/2024 4:42:36,21.75,9407.74,3.83,6,13,0,16,0,1503,51,Free
12/9/2024 4:44:05,22.00,9414.37,3.84,6,13,0,16,0,1504,1985,Free
12/9/2024 4:44:18,22.00,9415.74,3.83,6,13,0,16,0,1505,171,Free
12/9/2024 4:44:51,22.00,9417.80,3.83,6,13,0,16,0,1506,0,Free
12/9/2024 4:45:55,22.00,9421.30,3.83,6,14,0,16,0,1506,0,Free
12/9/2024 4:50:51,22.00,9436.74,3.83,6,14,0,16,0,1507,775,Free
12/9/2024 5:00:26,21.75,9474.49,3.83,6,14,0,16,0,1507,0,Free
12/9/2024 5:17:33,21.75,9525.15,3.83,6,14,0,16,0,1508,1346,Free
12/9/2024 5:18:38,21.75,9538.56,3.83,6,14,0,16,0,1508,0,Free
12/9/2024 5:20:21,21.75,9546.76,3.83,6,14,0,16,0,1509,2990,Free
12/9/2024 5:36:50,21.75,9604.27,3.83,6,14,0,16,0,1509,0,Free
12/9/2024 5:55:01,21.75,9666.65,3.82,6,14,0,16,0,1509,0,Free
12/9/2024 6:13:11,21.75,9729.04,3.83,6,14,0,16,0,1509,0,Free
12/9/2024 6:25:43,21.75,9765.75,3.83,6,14,0,16,0,1510,283,Free
12/9/2024 6:25:50,21.75,9766.91,3.83,6,14,0,16,0,1511,240,Free
12/9/2024 6:25:57,21.75,9768.40,3.83,6,14,0,16,0,1512,573,Free
12/9/2024 6:26:08,21.75,9770.12,3.83,6,14,0,16,0,1513,802,Free
12/9/2024 6:26:10,21.75,9771.15,3.83,6,14,0,16,0,1514,402,Free
12/9/2024 6:26:18,21.75,9772.65,3.83,6,14,0,16,0,1515,580,Free
12/9/2024 6:26:23,21.75,9775.01,3.83,6,14,0,16,0,1516,1733,Free
12/9/2024 6:26:28,21.75,9775.64,3.83,6,14,0,16,0,1517,0,Free
12/9/2024 6:26:30,21.75,9776.75,3.83,6,14,0,16,0,1518,478,Free
12/9/2024 6:26:36,21.75,9779.11,3.83,6,14,0,16,0,1519,1731,Free
12/9/2024 6:26:38,21.75,9779.74,3.83,6,14,0,16,0,1520,0,Free
12/9/2024 6:26:43,21.75,9782.40,3.83,6,14,0,16,0,1521,2030,Free
12/9/2024 6:26:45,21.75,9783.47,3.83,6,14,0,16,0,1522,444,Free
12/9/2024 6:26:49,21.75,9785.57,3.83,6,14,0,16,0,1523,1476,Free
12/9/2024 6:26:52,21.75,9786.74,3.83,6,14,0,16,0,1524,539,Free
12/9/2024 6:26:59,21.75,9789.93,3.83,6,14,0,16,0,1525,2560,Free
12/9/2024 6:27:05,21.75,9791.44,3.83,6,14,0,16,0,1526,870,Free
12/9/2024 6:27:19,21.75,9794.57,3.83,6,14,0,16,0,1527,2217,Free
12/9/2024 6:27:21,21.75,9795.84,3.83,6,14,0,16,0,1528,640,Free
12/9/2024 6:27:25,21.75,9799.10,3.83,6,14,0,16,0,1529,2628,Free
12/9/2024 6:30:35,21.75,9818.52,3.83,6,14,0,16,0,1529,0,Free
12/9/2024 6:48:46,21.75,9880.90,3.83,6,14,0,16,0,1529,0,Free
12/9/2024 7:06:57,21.75,9943.28,3.83,6,14,0,16,0,1529,0,Free
12/9/2024 7:25:08,21.75,10005.67,3.83,6,14,0,16,0,1529,0,Free
12/9/2024 7:42:13,21.75,10054.98,3.83,6,14,0,16,0,1530,0,Free
12/9/2024 7:42:19,21.75,10055.90,3.83,6,14,0,16,0,1531,0,Free
12/9/2024 7:43:12,21.75,10068.74,3.83,6,14,0,16,0,1531,0,Free
12/9/2024 7:50:03,21.75,10088.98,3.83,6,14,0,16,0,1532,128,Free
12/9/2024 7:50:07,21.75,10089.79,3.83,6,14,0,16,0,1533,180,Free
12/9/2024 7:50:09,21.75,10090.52,3.83,6,14,0,16,0,1534,104,Free
12/9/2024 7:50:20,21.75,10093.81,3.83,6,14,0,16,0,1535,2373,Free
12/9/2024 7:50:31,21.75,10096.00,3.83,6,14,0,16,0,1536,1279,Free
12/9/2024 8:01:11,21.75,10136.91,3.83,6,14,0,16,0,1536,0,Free
12/9/2024 8:19:22,21.75,10199.29,3.83,6,14,0,16,0,1536,0,Free
12/9/2024 8:37:33,21.75,10261.67,3.83,6,14,0,16,0,1536,0,Free
12/9/2024 8:55:44,21.75,10324.06,3.82,6,14,0,16,0,1536,0,Free
12/9/2024 9:00:14,21.75,10337.47,3.83,6,14,0,16,0,1537,180,Free
12/9/2024 9:00:23,21.75,10343.27,3.83,6,14,0,16,0,1538,5169,Free
12/9/2024 9:00:57,21.75,10346.45,3.83,6,14,0,16,0,1539,1118,Free
12/9/2024 9:00:59,21.75,10348.18,3.83,6,14,0,16,0,1540,1100,Free
12/9/2024 9:01:05,21.75,10349.26,3.83,6,14,0,16,0,1541,453,Free
12/9/2024 9:10:48,21.75,10378.11,3.83,6,14,0,16,0,1542,436,Free
12/9/2024 9:10:50,21.75,10379.37,3.83,6,14,0,16,0,1543,631,Free
12/9/2024 9:10:59,21.75,10380.36,3.83,6,14,0,16,0,1544,77,Free
12/9/2024 9:11:07,21.75,10381.43,3.83,6,14,0,16,0,1545,154,Free
12/9/2024 9:11:12,21.75,10383.88,3.82,6,14,0,16,0,1546,1818,Free
12/9/2024 9:11:44,21.75,10385.94,3.83,6,14,0,16,0,1547,0,Free
12/9/2024 9:11:52,21.75,10387.13,3.82,6,14,0,16,0,1548,273,Free
12/9/2024 9:11:56,21.75,10389.92,3.83,6,14,0,16,0,1549,2159,Free
12/9/2024 9:12:06,21.75,10392.79,3.83,6,14,0,16,0,1550,1954,Free
12/9/2024 9:12:18,21.75,10394.41,3.83,6,14,0,16,0,1551,709,Free
12/9/2024 9:12:28,21.75,10395.33,3.82,6,14,0,16,0,1552,0,Free
12/9/2024 9:12:42,21.75,10402.58,3.82,6,14,0,16,0,1553,6331,Free
12/9/2024 9:12:56,21.75,10403.78,3.83,6,14,0,16,0,1554,0,Free
12/9/2024 9:13:03,21.75,10404.70,3.83,6,14,0,16,0,1555,0,Free
12/9/2024 9:13:14,21.75,10415.54,3.83,6,14,0,16,0,1555,0,Free
12/9/2024 9:31:24,21.75,10477.92,3.83,6,14,0,16,0,1555,0,Free
12/9/2024 9:49:35,21.75,10540.30,3.83,6,14,0,16,0,1555,0,Free
12/9/2024 9:52:20,21.75,10549.04,3.82,6,14,0,16,0,1556,376,Free
12/9/2024 9:52:25,21.75,10552.20,3.83,6,14,0,16,0,1557,2532,Free
12/9/2024 9:52:30,21.75,10555.51,3.82,6,14,0,16,0,1558,2678,Free
12/9/2024 9:52:35,21.75,10557.16,3.83,6,14,0,16,0,1559,1024,Free
12/9/2024 9:52:42,21.75,10562.33,3.83,6,14,0,16,0,1560,4544,Free
12/9/2024 9:53:07,21.75,10564.15,3.82,6,14,0,16,0,1561,35,Free
12/9/2024 9:53:16,21.75,10565.34,3.82,6,14,0,16,0,1562,274,Free
12/9/2024 9:53:26,21.75,10566.29,3.82,6,14,0,16,0,1563,43,Free
12/9/2024 9:53:30,21.75,10567.23,3.83,6,14,0,16,0,1564,307,Free
12/9/2024 9:53:43,21.75,10572.67,3.82,6,14,0,16,0,1565,4528,Free
12/9/2024 9:53:46,21.75,10573.89,3.82,6,14,0,16,0,1566,588,Free
12/9/2024 10:07:26,21.75,10623.39,3.82,6,14,0,16,0,1566,0,Free
12/9/2024 10:25:37,21.75,10685.77,3.83,6,14,0,16,0,1566,0,Free
12/9/2024 10:43:48,21.75,10748.15,3.82,6,14,0,16,0,1566,0,Free
12/9/2024 11:01:59,21.75,10810.54,3.82,6,14,0,16,0,1566,0,Free
12/9/2024 11:04:20,22.00,10817.79,3.82,6,14,0,16,0,1567,35,Free
12/9/2024 11:04:32,22.00,10818.70,3.82,6,14,0,16,0,1568,0,Free
12/9/2024 11:04:47,22.00,10820.07,3.82,6,14,0,16,0,1569,163,Free
12/9/2024 11:04:56,22.00,10821.18,3.82,6,14,0,16,0,1570,197,Free
12/9/2024 11:05:01,22.00,10821.97,3.82,6,14,0,16,0,1571,163,Free
12/9/2024 11:05:04,22.00,10822.68,3.82,6,14,0,16,0,1572,77,Free
12/9/2024 11:05:06,22.00,10823.31,3.82,6,14,0,16,0,1573,0,Free
12/9/2024 11:05:07,22.00,10824.04,3.82,6,14,0,16,0,1574,95,Free
12/9/2024 11:05:26,22.00,10826.63,3.82,6,14,0,16,0,1575,1382,Free
12/9/2024 11:05:27,22.00,10827.88,3.82,6,14,0,16,0,1576,624,Free
12/9/2024 11:05:34,22.00,10829.04,3.82,6,14,0,16,0,1577,534,Free
12/9/2024 11:05:39,22.00,10829.83,3.82,6,14,0,16,0,1578,155,Free
12/9/2024 11:05:49,22.00,10836.75,3.82,6,14,0,16,0,1579,6295,Free
12/9/2024 11:05:58,22.00,10837.82,3.82,6,14,0,16,0,1580,154,Free
12/9/2024 11:19:44,22.00,10887.61,3.82,6,14,0,16,0,1580,0,Free
12/9/2024 11:37:55,22.00,10949.99,3.82,6,14,0,16,0,1580,0,Free
12/9/2024 11:56:06,22.00,11012.37,3.82,6,14,0,16,0,1580,0,Free
12/9/2024 12:14:17,21.75,11074.75,3.82,6,14,0,16,0,1580,0,Free
