Timestamp,Temperature,ElapsedSecs,BatteryVoltage,DeviceNumber,LeftCount,LeftDur,RightCount,RightDur,LeftFeedCount,LeftFeedDur,FeedParadigm
12/7/2024 14:31:32,22.75,10.36,4.00,7,1,0,0,0,0,0,Free
12/7/2024 14:31:44,22.50,22.69,4.00,7,1,0,0,0,0,0,Free
12/7/2024 14:32:56,22.50,26.48,4.00,7,1,0,0,0,1,0,Free
12/7/2024 14:32:58,22.50,27.10,3.99,7,1,0,0,0,2,0,Free
12/7/2024 14:33:26,22.50,28.87,4.00,7,1,0,0,0,3,0,Free
12/7/2024 14:33:32,22.50,29.77,4.00,7,1,0,0,0,4,273,Free
12/7/2024 14:33:43,22.50,31.14,4.00,7,1,0,0,0,5,463,Free
12/7/2024 14:33:44,22.50,31.77,3.99,7,1,0,0,0,6,0,Free
12/7/2024 14:33:46,22.50,32.40,4.00,7,1,0,0,0,7,0,Free
12/7/2024 14:33:48,22.50,33.03,4.00,7,1,0,0,0,8,0,Free
12/7/2024 14:33:59,22.50,33.94,4.00,7,1,0,0,0,9,0,Free
12/7/2024 14:34:01,22.50,34.56,4.00,7,1,0,0,0,10,0,Free
12/7/2024 14:34:03,22.50,35.44,4.00,7,1,0,0,0,11,247,Free
12/7/2024 14:34:04,22.50,36.07,3.99,7,1,0,0,0,12,0,Free
12/7/2024 14:34:05,22.50,36.69,4.00,7,1,0,0,0,13,0,Free
12/7/2024 14:35:10,22.50,40.16,3.99,7,1,0,0,0,14,0,Free
12/7/2024 14:35:22,22.50,41.08,4.00,7,1,0,0,0,15,0,Free
12/7/2024 14:35:27,22.50,41.70,4.00,7,1,0,0,0,16,0,Free
12/7/2024 14:35:29,22.50,43.49,4.00,7,1,0,0,0,17,1155,Free
12/7/2024 14:35:37,22.50,44.45,4.00,7,1,0,0,0,18,49,Free
12/7/2024 14:35:46,22.50,45.36,4.00,7,1,0,0,0,19,0,Free
12/7/2024 14:36:02,22.50,46.55,4.00,7,1,0,0,0,20,0,Free
12/7/2024 14:36:57,22.50,49.55,4.00,7,1,0,0,0,21,93,Free
12/7/2024 14:36:59,22.50,50.17,4.00,7,1,0,0,0,22,0,Free
12/7/2024 14:37:19,22.50,51.70,4.00,7,1,0,0,0,23,48,Free
12/7/2024 14:37:52,22.50,53.75,4.00,7,1,0,0,0,24,0,Free
12/7/2024 14:38:02,22.50,54.81,4.00,7,1,0,0,0,25,144,Free
12/7/2024 14:38:23,22.50,56.34,4.00,7,1,0,0,0,26,48,Free
12/7/2024 14:38:26,22.50,56.97,4.00,7,1,0,0,0,27,0,Free
12/7/2024 14:38:30,22.50,57.62,4.00,7,1,0,0,0,28,15,Free
12/7/2024 14:38:32,22.50,58.24,4.00,7,1,0,0,0,29,0,Free
12/7/2024 14:38:46,22.50,59.46,4.00,7,1,0,0,0,30,22,Free
12/7/2024 14:38:48,22.50,60.09,4.00,7,1,0,0,0,31,0,Free
12/7/2024 14:38:52,22.50,60.83,4.00,7,1,0,0,0,32,118,Free
12/7/2024 14:39:25,22.50,62.88,4.00,7,1,0,0,0,33,0,Free
12/7/2024 14:40:58,22.50,69.50,3.99,7,1,0,0,0,34,1725,Free
12/7/2024 14:41:19,22.50,70.98,4.00,7,1,0,0,0,35,0,Free
12/7/2024 14:41:21,22.50,71.61,3.99,7,1,0,0,0,36,0,Free
12/7/2024 14:41:28,22.50,72.52,3.99,7,1,0,0,0,37,0,Free
12/7/2024 14:41:32,22.50,73.44,4.00,7,1,0,0,0,38,292,Free
12/7/2024 14:41:33,22.50,74.06,4.00,7,1,0,0,0,39,0,Free
12/7/2024 14:42:00,22.50,75.83,3.99,7,1,0,0,0,40,0,Free
12/7/2024 14:42:28,22.50,78.01,4.00,7,1,0,0,0,41,412,Free
12/7/2024 14:42:31,22.50,78.64,3.99,7,1,0,0,0,42,0,Free
12/7/2024 14:42:36,22.50,79.26,4.00,7,1,0,0,0,43,0,Free
12/7/2024 14:42:41,22.50,80.11,3.99,7,1,0,0,0,44,221,Free
12/7/2024 14:42:43,22.50,81.01,3.99,7,1,0,0,0,45,273,Free
12/7/2024 14:42:49,22.50,81.64,4.00,7,1,0,0,0,46,0,Free
12/7/2024 14:42:50,22.50,82.26,4.00,7,1,0,0,0,47,0,Free
12/7/2024 14:42:52,22.50,82.89,4.00,7,1,0,0,0,48,0,Free
12/7/2024 14:42:56,22.50,83.52,4.00,7,1,0,0,0,49,0,Free
12/7/2024 14:42:59,22.50,84.25,4.00,7,1,0,0,0,50,109,Free
12/7/2024 14:43:34,22.50,86.31,4.00,7,1,0,0,0,51,0,Free
12/7/2024 14:43:39,22.50,86.95,4.00,7,1,0,0,0,52,22,Free
12/7/2024 14:44:01,22.50,88.55,3.99,7,1,0,0,0,53,117,Free
12/7/2024 14:44:15,22.50,90.14,4.00,7,1,0,0,0,54,394,Free
12/7/2024 14:45:31,22.25,94.19,4.00,7,1,0,0,0,55,0,Free
12/7/2024 14:45:33,22.25,94.81,4.00,7,1,0,0,0,56,0,Free
12/7/2024 14:45:42,22.25,95.73,4.00,7,1,0,0,0,57,0,Free
12/7/2024 14:45:44,22.25,96.52,4.00,7,1,0,0,0,58,170,Free
12/7/2024 14:45:45,22.25,97.38,4.00,7,1,0,0,0,59,230,Free
12/7/2024 14:45:45,22.25,98.01,4.00,7,1,0,0,0,60,0,Free
12/7/2024 14:45:53,22.25,98.92,4.00,7,1,0,0,0,61,0,Free
12/7/2024 14:45:59,22.25,99.83,4.00,7,1,0,0,0,62,0,Free
12/7/2024 14:46:08,22.25,100.74,4.00,7,1,0,0,0,63,0,Free
12/7/2024 14:46:10,22.25,101.37,4.00,7,1,0,0,0,64,0,Free
12/7/2024 14:46:12,22.25,102.05,4.00,7,1,0,0,0,65,58,Free
12/7/2024 14:46:14,22.25,102.68,3.99,7,1,0,0,0,66,0,Free
12/7/2024 14:46:15,22.25,103.31,4.00,7,1,0,0,0,67,0,Free
12/7/2024 14:46:18,22.25,105.22,4.00,7,1,0,0,0,68,1284,Free
12/7/2024 14:46:30,22.25,117.55,4.00,7,1,0,0,0,68,0,Free
12/7/2024 14:46:36,22.25,118.18,4.00,7,1,0,0,0,69,0,Free
12/7/2024 14:47:01,22.25,119.94,4.00,7,1,0,0,0,70,0,Free
12/7/2024 14:47:29,22.25,121.71,3.99,7,1,0,0,0,71,0,Free
12/7/2024 14:47:44,22.25,122.90,3.99,7,1,0,0,0,72,0,Free
12/7/2024 14:47:49,22.25,123.54,4.00,7,1,0,0,0,73,5,Free
12/7/2024 14:47:57,22.25,125.11,3.99,7,1,0,0,0,74,662,Free
12/7/2024 14:48:01,22.25,125.74,3.99,7,1,0,0,0,75,0,Free
12/7/2024 14:48:03,22.25,126.43,4.00,7,1,0,0,0,76,66,Free
12/7/2024 14:48:20,22.25,127.63,3.99,7,1,0,0,0,77,0,Free
12/7/2024 14:48:26,22.25,128.25,4.00,7,1,0,0,0,78,0,Free
12/7/2024 14:48:28,22.25,129.46,4.00,7,1,0,0,0,79,585,Free
12/7/2024 14:48:37,22.25,130.43,4.00,7,1,0,0,0,80,58,Free
12/7/2024 14:48:40,22.25,131.42,3.99,7,1,0,0,0,81,359,Free
12/7/2024 14:48:44,22.25,132.17,4.00,7,1,0,0,0,82,117,Free
12/7/2024 14:48:48,22.25,132.80,3.99,7,1,0,0,0,83,0,Free
12/7/2024 14:48:50,22.25,133.60,4.00,7,1,0,0,0,84,170,Free
12/7/2024 14:48:59,22.25,134.89,3.99,7,1,0,0,0,85,377,Free
12/7/2024 14:49:07,22.25,135.80,4.00,7,1,0,0,0,86,5,Free
12/7/2024 14:49:08,22.25,136.43,4.00,7,1,0,0,0,87,0,Free
12/7/2024 14:49:18,22.25,137.49,4.00,7,1,0,0,0,88,153,Free
12/7/2024 14:49:29,22.25,138.40,3.99,7,1,0,0,0,89,0,Free
12/7/2024 14:49:32,22.25,139.08,4.00,7,1,0,0,0,90,48,Free
12/7/2024 14:49:36,22.25,139.71,3.99,7,1,0,0,0,91,0,Free
12/7/2024 14:49:38,22.25,140.34,3.99,7,1,0,0,0,92,5,Free
12/7/2024 14:49:42,22.25,141.34,4.00,7,1,0,0,0,93,377,Free
12/7/2024 14:49:44,22.25,142.58,4.00,7,1,0,0,0,94,610,Free
12/7/2024 14:49:46,22.25,143.21,4.00,7,1,0,0,0,95,0,Free
12/7/2024 14:49:47,22.25,144.06,3.99,7,1,0,0,0,96,222,Free
12/7/2024 14:50:05,22.25,145.25,4.00,7,1,0,0,0,97,0,Free
12/7/2024 14:50:14,22.25,146.16,4.00,7,1,0,0,0,98,0,Free
12/7/2024 14:50:18,22.25,146.79,4.00,7,1,0,0,0,99,0,Free
12/7/2024 14:50:24,22.25,147.42,4.00,7,1,0,0,0,100,0,Free
12/7/2024 14:50:26,22.25,148.17,4.00,7,1,0,0,0,101,127,Free
12/7/2024 14:50:27,22.25,148.80,4.00,7,1,0,0,0,102,0,Free
12/7/2024 14:52:01,22.25,153.71,3.99,7,1,0,0,0,103,0,Free
12/7/2024 14:52:05,22.25,154.80,4.00,7,1,0,0,0,104,463,Free
12/7/2024 14:52:08,22.25,155.51,4.00,7,1,0,0,0,105,83,Free
12/7/2024 14:52:14,22.25,156.43,3.99,7,1,0,0,0,106,0,Free
12/7/2024 14:52:18,22.25,157.05,4.00,7,1,0,0,0,107,0,Free
12/7/2024 14:52:18,22.25,157.72,4.00,7,1,0,0,0,108,40,Free
12/7/2024 14:52:21,22.25,158.35,3.99,7,1,0,0,0,109,0,Free
12/7/2024 14:52:37,22.25,159.55,4.00,7,1,0,0,0,110,0,Free
12/7/2024 14:52:43,22.25,160.47,3.99,7,1,0,0,0,111,0,Free
12/7/2024 14:54:07,22.25,164.84,3.99,7,1,0,0,0,112,40,Free
12/7/2024 14:57:05,22.25,173.75,3.99,7,1,0,0,0,113,0,Free
12/7/2024 14:58:32,22.25,178.37,3.99,7,1,0,0,0,114,0,Free
12/7/2024 14:58:41,22.25,179.28,3.99,7,1,0,0,0,115,0,Free
12/7/2024 14:58:52,22.25,180.20,4.00,7,1,0,0,0,116,0,Free
12/7/2024 14:58:57,22.25,180.91,4.00,7,1,0,0,0,117,92,Free
12/7/2024 14:59:03,22.25,181.55,4.00,7,1,0,0,0,118,5,Free
12/7/2024 14:59:07,22.25,182.18,4.00,7,1,0,0,0,119,0,Free
12/7/2024 14:59:14,22.25,187.75,3.99,7,1,0,0,0,120,4942,Free
12/7/2024 14:59:17,22.25,188.61,3.99,7,1,0,0,0,121,239,Free
12/7/2024 14:59:17,22.25,189.26,3.99,7,1,0,0,0,122,22,Free
12/7/2024 14:59:28,22.25,190.17,3.99,7,1,0,0,0,123,0,Free
12/7/2024 14:59:35,22.25,191.15,4.00,7,1,0,0,0,124,66,Free
12/7/2024 14:59:40,22.25,191.78,4.00,7,1,0,0,0,125,0,Free
12/7/2024 14:59:43,22.25,192.40,4.00,7,1,0,0,0,126,0,Free
12/7/2024 14:59:46,22.25,193.03,3.99,7,1,0,0,0,127,0,Free
12/7/2024 14:59:48,22.25,193.66,4.00,7,1,0,0,0,128,0,Free
12/7/2024 14:59:53,22.25,194.56,3.99,7,1,0,0,0,129,273,Free
12/7/2024 14:59:56,22.25,195.21,4.00,7,1,0,0,0,130,22,Free
12/7/2024 14:59:58,22.25,196.01,3.99,7,1,0,0,0,131,170,Free
12/7/2024 15:00:02,22.25,196.63,3.99,7,1,0,0,0,132,0,Free
12/7/2024 15:00:03,22.25,197.57,3.99,7,1,0,0,0,133,307,Free
12/7/2024 15:00:04,22.25,198.20,3.99,7,1,0,0,0,134,0,Free
12/7/2024 15:00:05,22.25,199.06,4.00,7,1,0,0,0,135,239,Free
12/7/2024 15:00:07,22.25,200.42,4.00,7,1,0,0,0,136,723,Free
12/7/2024 15:00:08,22.25,201.05,3.99,7,1,0,0,0,137,0,Free
12/7/2024 15:00:13,22.25,201.68,3.99,7,1,0,0,0,138,0,Free
12/7/2024 15:00:19,22.25,202.30,3.99,7,1,0,0,0,139,0,Free
12/7/2024 15:00:21,22.25,203.15,4.00,7,1,0,0,0,140,220,Free
12/7/2024 15:00:23,22.25,203.78,3.99,7,1,0,0,0,141,0,Free
12/7/2024 15:00:26,22.25,204.51,3.99,7,1,0,0,0,142,109,Free
12/7/2024 15:00:27,22.25,205.61,3.99,7,1,0,0,0,143,472,Free
12/7/2024 15:00:29,22.25,207.15,4.00,7,1,0,0,0,144,905,Free
12/7/2024 15:00:31,22.25,207.92,4.00,7,1,0,0,0,145,144,Free
12/7/2024 15:00:40,22.25,208.99,4.00,7,1,0,0,0,146,152,Free
12/7/2024 15:00:58,22.25,221.60,3.99,7,1,0,0,0,146,0,Free
12/7/2024 15:11:36,22.25,252.70,4.00,7,1,0,0,0,147,213,Free
12/7/2024 15:11:38,22.25,254.14,3.99,7,1,0,0,0,148,818,Free
12/7/2024 15:16:03,22.25,268.44,4.00,7,1,0,0,0,149,1398,Free
12/7/2024 15:16:10,22.25,269.70,4.00,7,1,0,0,0,150,351,Free
12/7/2024 15:16:31,22.25,271.18,3.99,7,1,0,0,0,151,0,Free
12/7/2024 15:16:38,22.25,272.10,4.00,7,1,0,0,0,152,0,Free
12/7/2024 15:16:54,22.25,273.30,3.99,7,1,0,0,0,153,0,Free
12/7/2024 15:16:58,22.25,274.25,3.99,7,1,0,0,0,154,326,Free
12/7/2024 15:17:04,22.25,275.16,4.00,7,1,0,0,0,155,0,Free
12/7/2024 15:17:11,22.25,276.07,4.00,7,1,0,0,0,156,0,Free
12/7/2024 15:17:12,22.25,276.70,3.99,7,1,0,0,0,157,0,Free
12/7/2024 15:17:14,22.25,277.37,4.00,7,1,0,0,0,158,40,Free
12/7/2024 15:17:22,22.25,278.28,4.00,7,1,0,0,0,159,0,Free
12/7/2024 15:17:23,22.25,278.96,4.00,7,1,0,0,0,160,57,Free
12/7/2024 15:18:17,22.25,293.30,4.00,7,1,0,0,0,160,0,Free
12/7/2024 15:19:09,22.25,296.30,4.00,7,1,0,0,0,161,84,Free
12/7/2024 15:19:12,22.25,299.02,3.99,7,1,0,0,0,162,2090,Free
12/7/2024 15:19:30,22.25,300.21,4.00,7,1,0,0,0,163,0,Free
12/7/2024 15:19:38,22.25,301.24,3.99,7,1,0,0,0,164,109,Free
12/7/2024 15:21:13,22.25,306.18,4.00,7,1,0,0,0,165,31,Free
12/7/2024 15:35:20,22.25,347.44,3.99,7,1,0,0,0,166,680,Free
12/7/2024 15:35:23,22.25,349.36,4.00,7,1,0,0,0,167,1294,Free
12/7/2024 15:35:59,22.25,351.59,3.99,7,1,0,0,0,168,169,Free
12/7/2024 15:36:17,22.25,364.20,4.00,7,1,0,0,0,168,0,Free
12/7/2024 15:36:26,22.25,365.12,3.99,7,1,0,0,0,169,0,Free
12/7/2024 15:36:28,22.25,365.89,3.99,7,1,0,0,0,170,144,Free
12/7/2024 15:36:37,22.25,366.80,3.99,7,1,0,0,0,171,0,Free
12/7/2024 15:36:38,22.25,367.49,3.99,7,1,0,0,0,172,57,Free
12/7/2024 15:36:47,22.25,368.40,3.99,7,1,0,0,0,173,0,Free
12/7/2024 15:36:57,22.25,369.70,4.00,7,1,0,0,0,174,395,Free
12/7/2024 15:37:20,22.25,371.79,3.99,7,1,0,0,0,175,601,Free
12/7/2024 15:37:35,22.25,373.10,4.00,7,1,0,0,0,176,108,Free
12/7/2024 15:37:40,22.25,374.00,3.99,7,1,0,0,0,177,273,Free
12/7/2024 15:38:01,22.25,375.48,3.99,7,1,0,0,0,178,0,Free
12/7/2024 15:38:06,22.25,376.11,3.99,7,1,0,0,0,179,0,Free
12/7/2024 15:38:14,22.25,377.67,4.00,7,1,0,0,0,180,645,Free
12/7/2024 15:38:53,22.25,380.01,3.99,7,1,0,0,0,181,0,Free
12/7/2024 15:39:27,22.25,382.32,3.99,7,1,0,0,0,182,264,Free
12/7/2024 15:53:51,22.25,435.19,3.99,7,1,0,0,0,182,0,Free
12/7/2024 16:12:03,22.25,498.89,3.99,7,1,0,0,0,182,0,Free
12/7/2024 16:14:25,22.25,506.08,3.99,7,1,0,0,0,183,0,Free
12/7/2024 16:14:36,22.25,508.15,3.99,7,1,0,0,0,184,1155,Free
12/7/2024 16:14:39,22.25,510.68,4.00,7,1,0,0,0,185,1900,Free
12/7/2024 16:14:40,22.25,511.54,3.99,7,1,0,0,0,186,230,Free
12/7/2024 16:14:44,22.25,512.19,3.99,7,1,0,0,0,187,22,Free
12/7/2024 16:14:48,22.25,512.95,3.99,7,1,0,0,0,188,126,Free
12/7/2024 16:14:48,22.25,513.57,4.00,7,1,0,0,0,189,0,Free
12/7/2024 16:14:52,22.25,516.26,4.00,7,1,0,0,0,190,2063,Free
12/7/2024 16:14:59,22.25,517.18,3.99,7,1,0,0,0,191,0,Free
12/7/2024 16:15:14,22.25,519.06,3.99,7,1,0,0,0,192,688,Free
12/7/2024 16:15:16,22.25,519.69,3.99,7,1,0,0,0,193,0,Free
12/7/2024 16:15:30,22.25,521.02,4.00,7,1,0,0,0,194,134,Free
12/7/2024 16:15:42,22.25,522.18,3.99,7,1,0,0,0,195,247,Free
12/7/2024 16:15:49,22.25,523.23,3.99,7,1,0,0,0,196,420,Free
12/7/2024 16:29:36,22.25,574.38,3.99,7,1,0,0,0,196,0,Free
12/7/2024 16:47:48,22.50,638.08,3.99,7,1,0,0,0,196,0,Free
12/7/2024 16:56:48,22.50,664.11,3.99,7,1,0,0,0,197,0,Free
12/7/2024 16:56:58,22.50,665.27,3.99,7,1,0,0,0,198,247,Free
12/7/2024 16:57:24,22.50,667.04,3.99,7,1,0,0,0,199,0,Free
12/7/2024 16:57:25,22.50,667.71,3.99,7,1,0,0,0,200,39,Free
12/7/2024 16:57:26,22.50,668.33,3.99,7,1,0,0,0,201,0,Free
12/7/2024 16:57:37,22.50,673.60,3.99,7,1,0,0,0,202,4354,Free
12/7/2024 16:57:39,22.50,674.56,3.99,7,1,0,0,0,203,333,Free
12/7/2024 16:57:41,22.50,675.36,3.99,7,1,0,0,0,204,170,Free
12/7/2024 17:02:20,22.50,689.13,4.00,7,1,0,0,0,205,22,Free
12/7/2024 17:05:32,22.50,710.03,3.99,7,1,0,0,0,205,0,Free
12/7/2024 17:23:44,22.50,773.74,3.99,7,1,0,0,0,205,0,Free
12/7/2024 17:30:13,22.50,792.63,3.99,7,1,0,0,0,206,0,Free
12/7/2024 17:30:21,22.50,793.54,3.99,7,1,0,0,0,207,0,Free
12/7/2024 17:30:44,22.50,795.15,3.99,7,1,0,0,0,208,117,Free
12/7/2024 17:30:46,22.50,796.35,3.99,7,1,0,0,0,209,567,Free
12/7/2024 17:30:47,22.50,796.98,3.98,7,1,0,0,0,210,0,Free
12/7/2024 17:30:50,22.50,798.38,3.98,7,1,0,0,0,211,784,Free
12/7/2024 17:31:09,22.50,799.87,3.98,7,1,0,0,0,212,0,Free
12/7/2024 17:31:46,22.50,802.54,3.99,7,1,0,0,0,213,333,Free
12/7/2024 17:32:05,22.50,804.10,3.99,7,1,0,0,0,214,74,Free
12/7/2024 17:32:09,22.50,804.78,3.99,7,1,0,0,0,215,48,Free
12/7/2024 17:32:25,22.50,805.98,3.99,7,1,0,0,0,216,0,Free
12/7/2024 17:32:25,22.50,806.60,3.99,7,1,0,0,0,217,0,Free
12/7/2024 17:32:34,22.50,807.52,3.99,7,1,0,0,0,218,0,Free
12/7/2024 17:41:09,22.50,843.82,3.99,7,1,0,0,0,218,0,Free
12/7/2024 17:59:21,22.50,907.53,3.99,7,1,0,0,0,218,0,Free
12/7/2024 18:07:03,22.50,929.85,3.98,7,1,0,0,0,219,0,Free
12/7/2024 18:07:16,22.50,931.04,3.99,7,1,0,0,0,220,0,Free
12/7/2024 18:07:34,22.50,932.24,3.99,7,1,0,0,0,221,0,Free
12/7/2024 18:07:35,22.50,932.92,3.99,7,1,0,0,0,222,48,Free
12/7/2024 18:07:40,22.50,933.83,3.98,7,1,0,0,0,223,290,Free
12/7/2024 18:08:04,22.50,935.32,3.99,7,1,0,0,0,224,0,Free
12/7/2024 18:08:06,22.50,936.60,3.99,7,1,0,0,0,225,654,Free
12/7/2024 18:17:18,22.50,974.62,3.99,7,1,0,0,0,225,0,Free
12/7/2024 18:17:26,22.50,975.53,3.98,7,1,0,0,0,226,0,Free
12/7/2024 18:21:20,22.75,989.02,3.98,7,1,0,0,0,227,2011,Free
12/7/2024 18:24:17,22.75,998.70,3.98,7,1,0,0,0,228,766,Free
12/7/2024 18:24:21,22.75,999.32,3.98,7,1,0,0,0,229,0,Free
12/7/2024 18:35:21,22.75,1042.48,3.98,7,1,0,0,0,229,0,Free
12/7/2024 18:35:23,22.75,1043.44,3.99,7,1,0,0,0,230,334,Free
12/7/2024 18:35:34,22.75,1044.48,3.98,7,1,0,0,0,231,126,Free
12/7/2024 18:35:39,22.75,1045.11,3.99,7,1,0,0,0,232,0,Free
12/7/2024 18:35:39,22.75,1045.74,3.98,7,1,0,0,0,233,0,Free
12/7/2024 18:35:46,22.75,1046.65,3.99,7,1,0,0,0,234,0,Free
12/7/2024 18:35:48,22.75,1047.28,3.98,7,1,0,0,0,235,0,Free
12/7/2024 18:36:01,22.75,1048.49,3.99,7,1,0,0,0,236,14,Free
12/7/2024 18:36:02,22.75,1049.12,3.98,7,1,0,0,0,237,0,Free
12/7/2024 18:36:04,22.75,1050.32,3.99,7,1,0,0,0,238,575,Free
12/7/2024 18:36:06,22.75,1051.10,3.98,7,1,0,0,0,239,152,Free
12/7/2024 18:36:13,22.75,1052.19,3.99,7,1,0,0,0,240,170,Free
12/7/2024 18:36:27,22.75,1053.38,3.98,7,1,0,0,0,241,0,Free
12/7/2024 18:36:33,22.75,1054.03,3.99,7,1,0,0,0,242,14,Free
12/7/2024 18:36:35,22.75,1054.66,3.98,7,1,0,0,0,243,6,Free
12/7/2024 18:36:43,22.75,1055.57,3.99,7,1,0,0,0,244,0,Free
12/7/2024 18:36:45,22.75,1056.32,3.98,7,1,0,0,0,245,118,Free
12/7/2024 18:36:47,22.75,1056.94,3.98,7,1,0,0,0,246,0,Free
12/7/2024 18:36:48,22.75,1057.70,3.98,7,1,0,0,0,247,126,Free
12/7/2024 18:37:02,22.75,1058.92,3.98,7,1,0,0,0,248,22,Free
12/7/2024 18:37:05,22.75,1059.76,3.98,7,1,0,0,0,249,213,Free
12/7/2024 18:37:06,22.75,1060.57,3.99,7,1,0,0,0,250,187,Free
12/7/2024 18:37:10,22.75,1061.20,3.98,7,1,0,0,0,251,0,Free
12/7/2024 18:37:11,22.75,1061.83,3.99,7,1,0,0,0,252,0,Free
12/7/2024 18:37:13,22.75,1062.67,3.99,7,1,0,0,0,253,221,Free
12/7/2024 18:37:15,22.75,1063.51,3.98,7,1,0,0,0,254,204,Free
12/7/2024 18:37:18,22.75,1065.18,3.99,7,1,0,0,0,255,1051,Free
12/7/2024 18:37:22,22.75,1065.81,3.98,7,1,0,0,0,256,0,Free
12/7/2024 18:46:33,22.75,1092.41,3.99,7,1,0,1,0,256,0,Free
12/7/2024 18:49:34,22.75,1101.61,3.98,7,1,0,1,0,257,0,Free
12/7/2024 18:51:46,22.75,1119.65,3.99,7,1,0,1,0,257,0,Free
12/7/2024 18:51:52,22.75,1120.28,3.99,7,1,0,1,0,258,0,Free
12/7/2024 18:54:48,22.75,1129.18,3.99,7,1,0,1,0,259,0,Free
12/7/2024 18:55:19,22.75,1131.30,3.99,7,1,0,1,0,260,65,Free
12/7/2024 18:55:22,22.75,1131.93,3.98,7,1,0,1,0,261,0,Free
12/7/2024 18:55:35,22.75,1133.33,3.98,7,1,0,1,0,262,204,Free
12/7/2024 18:55:51,22.75,1134.52,3.98,7,1,0,1,0,263,0,Free
12/7/2024 19:02:55,22.75,1155.14,3.98,7,1,0,1,0,264,5,Free
12/7/2024 19:03:11,22.75,1156.34,3.98,7,1,0,1,0,265,0,Free
12/7/2024 19:03:15,22.75,1157.24,3.98,7,1,0,1,0,266,281,Free
12/7/2024 19:03:25,22.75,1158.30,3.99,7,1,0,1,0,267,143,Free
12/7/2024 19:03:34,22.75,1159.26,3.98,7,1,0,1,0,268,48,Free
12/7/2024 19:03:51,22.75,1160.50,3.98,7,1,0,1,0,269,39,Free
12/7/2024 19:03:54,22.75,1161.26,3.98,7,1,0,1,0,270,135,Free
12/7/2024 19:04:01,22.75,1162.21,3.98,7,1,0,1,0,271,328,Free
12/7/2024 19:04:04,22.75,1162.84,3.98,7,1,0,1,0,272,0,Free
12/7/2024 19:04:05,22.75,1163.47,3.99,7,1,0,1,0,273,0,Free
12/7/2024 19:04:06,22.75,1164.10,3.99,7,1,0,1,0,274,0,Free
12/7/2024 19:04:09,22.75,1164.94,3.98,7,1,0,1,0,275,213,Free
12/7/2024 19:04:13,22.75,1165.57,3.99,7,1,0,1,0,276,5,Free
12/7/2024 19:04:15,22.75,1166.30,3.99,7,1,0,1,0,277,110,Free
12/7/2024 19:04:16,22.75,1166.93,3.99,7,1,0,1,0,278,0,Free
12/7/2024 19:04:25,22.75,1169.00,3.98,7,1,0,1,0,279,1155,Free
12/7/2024 19:04:32,22.75,1169.91,3.98,7,1,0,1,0,280,0,Free
12/7/2024 19:04:38,22.75,1170.54,3.98,7,1,0,1,0,281,0,Free
12/7/2024 19:04:43,22.75,1173.02,3.99,7,1,0,1,0,282,1855,Free
12/7/2024 19:04:54,22.75,1173.94,3.98,7,1,0,1,0,283,0,Free
12/7/2024 19:04:57,22.75,1174.68,3.99,7,1,0,1,0,284,109,Free
12/7/2024 19:04:59,22.75,1175.30,3.98,7,1,0,1,0,285,0,Free
12/7/2024 19:05:02,22.75,1175.98,3.98,7,1,0,1,0,286,48,Free
12/7/2024 19:05:04,22.75,1177.25,3.98,7,1,0,1,0,287,645,Free
12/7/2024 19:05:10,22.75,1177.88,3.99,7,1,0,1,0,288,0,Free
12/7/2024 19:05:12,22.75,1178.51,3.99,7,1,0,1,0,289,0,Free
12/7/2024 19:05:15,22.75,1179.25,3.98,7,1,0,1,0,290,118,Free
12/7/2024 19:05:27,22.75,1180.17,3.98,7,1,0,1,0,291,0,Free
12/7/2024 19:05:30,22.75,1180.85,3.98,7,1,0,1,0,292,57,Free
12/7/2024 19:08:24,22.75,1200.89,3.99,7,1,0,1,0,292,0,Free
12/7/2024 19:26:36,22.75,1264.60,3.98,7,1,0,1,0,292,0,Free
12/7/2024 19:33:12,22.75,1283.77,3.98,7,1,0,1,0,293,0,Free
12/7/2024 19:35:03,22.75,1289.54,3.98,7,1,0,1,0,294,0,Free
12/7/2024 19:38:58,22.75,1301.30,3.98,7,1,0,1,0,295,0,Free
12/7/2024 19:40:24,22.75,1305.92,3.98,7,1,0,1,0,296,0,Free
12/7/2024 19:44:36,22.75,1329.67,3.98,7,1,0,1,0,296,0,Free
12/7/2024 19:45:41,22.75,1333.20,3.98,7,1,0,1,0,297,48,Free
12/7/2024 19:45:43,22.75,1333.83,3.98,7,1,0,1,0,298,0,Free
12/7/2024 19:45:44,22.75,1334.45,3.98,7,1,0,1,0,299,0,Free
12/7/2024 19:45:48,22.75,1335.82,3.98,7,1,0,1,0,300,740,Free
12/7/2024 19:46:01,22.75,1337.42,3.98,7,1,0,1,0,301,689,Free
12/7/2024 19:46:19,22.75,1339.02,3.98,7,1,0,1,0,302,402,Free
12/7/2024 19:46:21,22.75,1339.79,3.98,7,1,0,1,0,303,143,Free
12/7/2024 19:46:24,23.00,1340.59,3.98,7,1,0,1,0,304,169,Free
12/7/2024 19:46:30,23.00,1341.78,3.98,7,1,0,1,0,305,558,Free
12/7/2024 19:46:39,23.00,1343.60,3.98,7,1,0,1,0,306,904,Free
12/7/2024 19:46:40,23.00,1344.51,3.98,7,1,0,1,0,307,281,Free
12/7/2024 19:46:41,23.00,1345.14,3.98,7,1,0,1,0,308,0,Free
12/7/2024 19:46:46,23.00,1346.31,3.99,7,1,0,1,0,309,542,Free
12/7/2024 19:46:51,23.00,1347.60,3.98,7,1,0,1,0,310,671,Free
12/7/2024 19:46:56,23.00,1348.50,3.98,7,1,0,1,0,311,273,Free
12/7/2024 19:47:10,23.00,1350.43,3.98,7,1,0,1,0,312,731,Free
12/7/2024 19:47:22,23.00,1351.79,3.98,7,1,0,1,0,313,446,Free
12/7/2024 19:47:24,23.00,1352.77,3.98,7,1,0,1,0,314,351,Free
12/7/2024 19:47:28,23.00,1353.40,3.98,7,1,0,1,0,315,0,Free
12/7/2024 19:47:34,23.00,1354.06,3.98,7,1,0,1,0,316,39,Free
12/7/2024 19:47:36,23.00,1354.75,3.98,7,1,0,1,0,317,65,Free
12/7/2024 19:47:39,23.00,1355.91,3.98,7,1,0,1,0,318,532,Free
12/7/2024 19:47:42,23.00,1358.04,3.98,7,1,0,1,0,319,1501,Free
12/7/2024 19:48:02,23.00,1359.74,3.98,7,1,0,1,0,320,213,Free
12/7/2024 19:48:08,23.00,1360.38,3.98,7,1,0,1,0,321,14,Free
12/7/2024 19:49:36,23.00,1365.00,3.98,7,1,0,1,0,322,0,Free
12/7/2024 19:53:57,23.00,1379.16,3.98,7,1,0,1,0,323,1258,Free
12/7/2024 20:01:45,22.75,1413.18,3.98,7,1,0,1,0,323,0,Free
12/7/2024 20:02:45,23.00,1416.51,3.98,7,1,0,1,0,324,134,Free
12/7/2024 20:10:18,23.00,1438.55,3.98,7,1,0,1,0,325,0,Free
12/7/2024 20:10:38,23.00,1440.03,3.98,7,1,0,1,0,326,0,Free
12/7/2024 20:14:03,23.00,1450.36,3.98,7,1,0,1,0,327,0,Free
12/7/2024 20:17:06,23.00,1459.55,3.98,7,1,0,2,0,327,0,Free
12/7/2024 20:19:05,22.75,1465.60,3.98,7,1,0,3,0,327,0,Free
12/7/2024 20:19:11,22.75,1466.28,3.99,7,1,0,4,50,327,0,Free
12/7/2024 20:19:41,23.00,1479.47,3.98,7,1,0,4,0,327,0,Free
12/7/2024 20:22:08,23.00,1486.95,3.98,7,1,0,4,0,328,0,Free
12/7/2024 20:30:57,23.00,1512.69,3.98,7,1,0,4,0,329,0,Free
12/7/2024 20:32:08,23.00,1516.87,3.98,7,1,0,4,0,330,403,Free
12/7/2024 20:32:20,23.00,1517.91,3.98,7,1,0,4,0,331,135,Free
12/7/2024 20:32:23,23.00,1519.50,3.98,7,1,0,4,0,332,956,Free
12/7/2024 20:37:41,23.00,1546.39,3.98,7,1,0,4,0,332,0,Free
12/7/2024 20:39:28,23.00,1552.69,3.98,7,1,0,4,0,333,827,Free
12/7/2024 20:39:29,23.00,1553.66,3.98,7,1,0,4,0,334,342,Free
12/7/2024 20:39:37,23.00,1554.79,3.98,7,1,0,4,0,335,213,Free
12/7/2024 20:40:58,23.00,1559.13,3.98,7,1,0,4,0,336,0,Free
12/7/2024 20:46:59,23.00,1576.98,3.98,7,1,0,4,0,337,101,Free
12/7/2024 20:46:59,23.00,1577.60,3.98,7,1,0,4,0,338,0,Free
12/7/2024 20:47:02,23.00,1578.38,3.98,7,1,0,4,0,339,151,Free
12/7/2024 20:47:02,23.00,1579.01,3.98,7,1,0,4,0,340,0,Free
12/7/2024 20:47:05,23.00,1579.74,3.98,7,1,0,4,0,341,101,Free
12/7/2024 20:47:42,23.00,1582.08,3.98,7,1,0,5,0,341,0,Free
12/7/2024 20:50:15,23.00,1589.84,3.98,7,1,0,5,0,342,0,Free
12/7/2024 20:50:31,23.00,1591.04,3.98,7,1,0,5,0,343,0,Free
12/7/2024 20:51:13,23.00,1593.67,3.98,7,1,0,5,0,344,0,Free
12/7/2024 20:55:01,23.00,1616.27,3.98,7,1,0,5,0,344,0,Free
12/7/2024 20:56:17,23.00,1620.37,3.98,7,1,0,5,0,345,49,Free
12/7/2024 20:56:38,23.00,1621.86,3.98,7,1,0,5,0,346,0,Free
12/7/2024 20:56:46,23.00,1622.77,3.98,7,1,0,5,0,347,0,Free
12/7/2024 21:00:43,23.00,1634.53,3.98,7,1,0,5,0,348,0,Free
12/7/2024 21:05:08,23.00,1647.85,3.98,7,1,0,5,0,349,135,Free
12/7/2024 21:05:16,23.00,1648.76,3.98,7,1,0,5,0,350,0,Free
12/7/2024 21:05:20,23.00,1649.39,3.98,7,1,0,5,0,351,0,Free
12/7/2024 21:05:21,23.00,1650.50,3.98,7,1,0,5,0,352,489,Free
12/7/2024 21:05:22,23.00,1651.13,3.98,7,1,0,5,0,353,0,Free
12/7/2024 21:05:25,23.00,1653.51,3.98,7,1,0,5,0,354,1742,Free
12/7/2024 21:05:26,23.00,1654.14,3.98,7,1,0,5,0,355,0,Free
12/7/2024 21:05:27,23.00,1654.91,3.98,7,1,0,5,0,356,144,Free
12/7/2024 21:05:30,23.00,1655.84,3.98,7,1,0,5,0,357,298,Free
12/7/2024 21:05:37,23.00,1657.02,3.98,7,1,0,5,0,358,273,Free
12/7/2024 21:06:18,23.00,1659.87,3.98,7,1,0,5,0,359,506,Free
12/7/2024 21:06:20,23.00,1660.54,3.98,7,1,0,5,0,360,48,Free
12/7/2024 21:12:14,23.00,1689.14,3.98,7,1,0,5,0,360,0,Free
12/7/2024 21:12:34,23.00,1690.63,3.98,7,1,0,5,0,361,0,Free
12/7/2024 21:12:44,23.00,1695.80,3.98,7,1,0,5,0,362,4544,Free
12/7/2024 21:14:00,23.00,1701.28,3.98,7,1,0,5,0,363,1432,Free
12/7/2024 21:14:04,23.00,1703.27,3.98,7,1,0,5,0,364,1363,Free
12/7/2024 21:14:08,23.00,1704.66,3.97,7,1,0,5,0,365,757,Free
12/7/2024 21:14:10,23.00,1705.28,3.98,7,1,0,5,0,366,0,Free
12/7/2024 21:14:14,23.00,1706.16,3.98,7,1,0,5,0,367,247,Free
12/7/2024 21:14:20,23.00,1708.09,3.98,7,1,0,5,0,368,1302,Free
12/7/2024 21:14:39,23.00,1711.13,3.98,7,1,0,5,0,369,1846,Free
12/7/2024 21:18:43,23.00,1723.17,3.98,7,1,0,5,0,370,0,Free
12/7/2024 21:19:32,23.00,1726.09,3.98,7,1,0,5,0,371,0,Free
12/7/2024 21:19:43,23.00,1727.35,3.98,7,1,0,5,0,372,350,Free
12/7/2024 21:19:53,23.00,1728.51,3.98,7,1,0,5,0,373,247,Free
12/7/2024 21:19:55,23.00,1729.37,3.98,7,1,0,5,0,374,230,Free
12/7/2024 21:20:00,23.00,1730.40,3.98,7,1,0,5,0,375,403,Free
12/7/2024 21:20:04,23.00,1731.14,3.98,7,1,0,5,0,376,117,Free
12/7/2024 21:20:32,23.00,1732.93,3.98,7,1,0,5,0,377,22,Free
12/7/2024 21:20:33,23.00,1733.61,3.98,7,1,0,5,0,378,48,Free
12/7/2024 21:20:36,23.00,1734.35,3.98,7,1,0,5,0,379,109,Free
12/7/2024 21:20:38,23.00,1735.15,3.98,7,1,0,5,0,380,169,Free
12/7/2024 21:20:42,23.00,1735.78,3.98,7,1,0,5,0,381,0,Free
12/7/2024 21:20:45,23.00,1736.62,3.99,7,1,0,5,0,382,213,Free
12/7/2024 21:20:49,23.00,1737.24,3.98,7,1,0,5,0,383,0,Free
12/7/2024 21:20:50,23.00,1737.87,3.98,7,1,0,5,0,384,0,Free
12/7/2024 21:20:52,23.00,1738.74,3.98,7,1,0,5,0,385,247,Free
12/7/2024 21:20:53,23.00,1739.48,3.98,7,1,0,5,0,386,109,Free
12/7/2024 21:21:02,23.00,1740.59,3.98,7,1,0,5,0,387,196,Free
12/7/2024 21:21:03,23.00,1741.71,3.98,7,1,0,5,0,388,499,Free
12/7/2024 21:21:04,23.00,1742.34,3.98,7,1,0,5,0,389,0,Free
12/7/2024 21:21:07,23.00,1744.36,3.99,7,1,0,5,0,390,1388,Free
12/7/2024 21:21:18,23.00,1746.33,3.98,7,1,0,5,0,391,1060,Free
12/7/2024 21:21:21,23.00,1747.07,3.98,7,1,0,5,0,392,117,Free
12/7/2024 21:21:23,23.00,1747.70,3.98,7,1,0,5,0,393,0,Free
12/7/2024 21:21:23,23.00,1748.33,3.98,7,1,0,5,0,394,0,Free
12/7/2024 21:21:32,23.00,1749.53,3.97,7,1,0,5,0,395,290,Free
12/7/2024 21:21:34,23.00,1750.40,3.98,7,1,0,5,0,396,238,Free
12/7/2024 21:21:38,23.00,1751.57,3.98,7,1,0,5,0,397,542,Free
12/7/2024 21:21:49,23.00,1753.75,3.98,7,1,0,5,0,398,1267,Free
12/7/2024 21:21:52,23.00,1755.20,3.98,7,1,0,5,0,399,827,Free
12/7/2024 21:21:54,23.00,1756.62,3.98,7,1,0,5,0,400,792,Free
12/7/2024 21:22:01,23.00,1758.03,3.98,7,1,0,5,0,401,498,Free
12/7/2024 21:22:05,23.00,1758.67,3.98,7,1,0,5,0,402,14,Free
12/7/2024 21:22:08,23.00,1759.68,3.98,7,1,0,5,0,403,386,Free
12/7/2024 21:22:19,23.00,1760.69,3.98,7,1,0,5,0,404,91,Free
12/7/2024 21:22:20,23.00,1761.79,3.98,7,1,0,5,0,405,472,Free
12/7/2024 21:24:15,23.00,1767.84,3.98,7,1,0,5,0,406,0,Free
12/7/2024 21:26:30,23.00,1774.75,3.98,7,1,0,5,0,407,0,Free
12/7/2024 21:26:33,23.00,1775.38,3.98,7,1,0,6,0,407,0,Free
12/7/2024 21:28:09,23.00,1791.71,3.98,7,1,0,6,0,407,0,Free
12/7/2024 21:34:41,23.00,1810.89,3.98,7,1,0,6,0,408,0,Free
12/7/2024 21:38:58,23.00,1823.50,3.98,7,1,0,6,0,409,0,Free
12/7/2024 21:39:00,23.00,1824.55,3.98,7,1,0,6,0,410,420,Free
12/7/2024 21:39:05,23.00,1826.07,3.98,7,1,0,6,0,411,895,Free
12/7/2024 21:40:50,23.00,1831.55,3.98,7,1,0,6,0,412,0,Free
12/7/2024 21:40:51,23.00,1832.18,3.98,7,1,0,6,0,413,0,Free
12/7/2024 21:40:59,23.00,1833.09,3.98,7,1,0,6,0,414,0,Free
12/7/2024 21:45:59,23.00,1859.12,3.98,7,1,0,6,0,414,0,Free
12/7/2024 21:48:12,23.00,1866.03,3.98,7,1,0,6,0,415,0,Free
12/7/2024 21:56:28,23.00,1890.06,3.98,7,1,0,6,0,416,0,Free
12/7/2024 21:56:35,23.00,1890.97,3.98,7,1,0,6,0,417,0,Free
12/7/2024 21:56:36,23.00,1891.62,3.96,7,1,0,6,0,418,13,Free
12/7/2024 21:56:38,23.00,1893.56,3.98,7,1,0,6,0,419,1318,Free
12/7/2024 21:56:41,23.00,1894.78,3.98,7,1,0,6,0,420,593,Free
12/7/2024 21:56:48,23.00,1897.88,3.98,7,1,0,6,0,421,2467,Free
12/7/2024 21:56:49,23.00,1898.50,3.98,7,1,0,6,0,422,0,Free
12/7/2024 21:56:50,23.00,1899.13,3.98,7,1,0,6,0,423,0,Free
12/7/2024 21:56:52,23.00,1899.90,3.98,7,1,0,6,0,424,143,Free
12/7/2024 21:56:54,23.00,1900.53,3.98,7,1,0,6,0,425,0,Free
12/7/2024 21:56:55,23.00,1901.16,3.98,7,1,0,6,0,426,0,Free
12/7/2024 21:56:57,23.00,1902.17,3.98,7,1,0,6,0,427,386,Free
12/7/2024 21:57:37,23.00,1904.51,3.98,7,1,0,6,0,428,0,Free
12/7/2024 21:57:38,23.00,1905.14,3.98,7,1,0,6,0,429,0,Free
12/7/2024 21:57:41,23.00,1905.77,3.98,7,1,0,6,0,430,0,Free
12/7/2024 21:57:46,23.00,1906.40,3.98,7,1,0,6,0,431,0,Free
12/7/2024 21:57:48,23.00,1907.08,3.98,7,1,0,6,0,432,57,Free
12/7/2024 21:57:48,23.00,1907.73,3.98,7,1,0,6,0,433,22,Free
12/7/2024 21:57:49,23.00,1908.36,3.98,7,1,0,6,0,434,0,Free
12/7/2024 21:58:12,23.00,1910.12,3.98,7,1,0,6,0,435,273,Free
12/7/2024 21:58:33,23.00,1911.60,3.98,7,1,0,6,0,436,0,Free
12/7/2024 21:58:38,23.00,1912.23,3.98,7,1,0,6,0,437,0,Free
12/7/2024 21:58:39,23.00,1912.93,3.98,7,1,0,6,0,438,74,Free
12/7/2024 21:58:41,23.00,1913.56,3.98,7,1,0,6,0,439,0,Free
12/7/2024 21:58:42,23.00,1914.22,3.98,7,1,0,6,0,440,31,Free
12/7/2024 22:02:36,23.00,1937.11,3.98,7,1,0,6,0,440,0,Free
12/7/2024 22:04:56,23.00,1944.30,3.98,7,1,0,6,0,441,0,Free
12/7/2024 22:05:15,23.00,1945.79,3.98,7,1,0,6,0,442,0,Free
12/7/2024 22:05:23,23.00,1948.35,3.98,7,1,0,6,0,443,1934,Free
12/7/2024 22:05:26,23.00,1949.73,3.98,7,1,0,6,0,444,757,Free
12/7/2024 22:05:39,23.00,1950.93,3.97,7,2,0,6,0,444,0,Free
12/7/2024 22:05:40,23.00,1952.28,3.98,7,2,0,6,0,445,722,Free
12/7/2024 22:05:41,23.00,1952.91,3.98,7,2,0,6,0,446,0,Free
12/7/2024 22:05:42,23.00,1953.62,3.98,7,2,0,6,0,447,92,Free
12/7/2024 22:05:50,23.00,1954.54,3.98,7,2,0,6,0,448,0,Free
12/7/2024 22:05:59,23.00,1955.45,3.98,7,2,0,6,0,449,0,Free
12/7/2024 22:06:03,23.00,1956.08,3.98,7,3,0,6,0,449,0,Free
12/7/2024 22:06:16,23.00,1957.41,3.98,7,3,0,6,0,450,135,Free
12/7/2024 22:10:47,23.00,1970.97,3.98,7,3,0,6,0,451,82,Free
12/7/2024 22:10:49,23.00,1971.89,3.98,7,3,0,6,0,452,299,Free
12/7/2024 22:10:51,23.00,1972.52,3.98,7,3,0,6,0,453,0,Free
12/7/2024 22:10:58,23.00,1973.43,3.98,7,3,0,6,0,454,0,Free
12/7/2024 22:10:59,23.00,1974.25,3.98,7,3,0,6,0,455,178,Free
12/7/2024 22:11:10,23.00,1975.16,3.98,7,3,0,6,0,456,0,Free
12/7/2024 22:11:11,23.00,1975.79,3.98,7,3,0,6,0,457,0,Free
12/7/2024 22:11:20,23.00,1980.40,3.98,7,3,0,6,0,458,3982,Free
12/7/2024 22:11:22,23.00,1981.02,3.98,7,3,0,6,0,459,0,Free
12/7/2024 22:11:23,23.00,1981.71,3.98,7,3,0,6,0,460,57,Free
12/7/2024 22:11:57,23.00,1983.76,3.98,7,3,0,6,0,461,0,Free
12/7/2024 22:12:00,23.00,1984.39,3.98,7,3,0,6,0,462,0,Free
12/7/2024 22:12:22,23.00,1985.87,3.98,7,3,0,6,0,463,0,Free
12/7/2024 22:12:26,23.00,1987.03,3.98,7,3,0,6,0,464,532,Free
12/7/2024 22:12:27,23.00,1987.78,3.98,7,3,0,6,0,465,118,Free
12/7/2024 22:12:28,23.00,1988.49,3.98,7,3,0,6,0,466,83,Free
12/7/2024 22:12:31,23.00,1989.12,3.98,7,3,0,6,0,467,0,Free
12/7/2024 22:12:37,23.00,1990.11,3.96,7,3,0,6,0,468,369,Free
12/7/2024 22:12:41,23.00,1991.61,3.98,7,3,0,6,0,469,870,Free
12/7/2024 22:12:46,23.00,1994.94,3.98,7,3,0,6,0,470,2704,Free
12/7/2024 22:12:52,23.00,1995.76,3.98,7,3,0,6,0,471,186,Free
12/7/2024 22:12:55,23.00,1996.38,3.98,7,3,0,6,0,472,0,Free
12/7/2024 22:12:58,23.00,1997.05,3.98,7,3,0,6,0,473,39,Free
12/7/2024 22:12:59,23.00,1997.68,3.98,7,3,0,6,0,474,0,Free
12/7/2024 22:13:01,23.00,1998.55,3.98,7,3,0,6,0,475,238,Free
12/7/2024 22:13:04,23.00,1999.17,3.98,7,3,0,6,0,476,0,Free
12/7/2024 22:13:12,23.00,2000.48,3.98,7,3,0,6,0,477,393,Free
12/7/2024 22:13:15,23.00,2001.45,3.98,7,3,0,6,0,478,342,Free
12/7/2024 22:13:17,23.00,2002.57,3.98,7,3,0,6,0,479,499,Free
12/7/2024 22:13:21,23.00,2003.32,3.98,7,3,0,6,0,480,117,Free
12/7/2024 22:13:23,23.00,2003.94,3.98,7,3,0,6,0,481,0,Free
12/7/2024 22:13:26,23.00,2004.98,3.98,7,3,0,6,0,482,403,Free
12/7/2024 22:13:40,23.00,2006.34,3.98,7,3,0,6,0,483,160,Free
12/7/2024 22:13:44,23.00,2006.97,3.98,7,3,0,6,0,484,0,Free
12/7/2024 22:13:47,23.00,2007.94,3.98,7,3,0,6,0,485,342,Free
12/7/2024 22:14:08,23.00,2009.42,3.98,7,3,0,6,0,486,0,Free
12/7/2024 22:14:20,23.00,2010.56,3.98,7,3,0,6,0,487,226,Free
12/7/2024 22:14:21,23.00,2011.19,3.98,7,3,0,6,0,488,0,Free
12/7/2024 22:18:09,23.00,2033.80,3.98,7,3,0,6,0,488,0,Free
12/7/2024 22:20:00,23.00,2039.56,3.98,7,3,0,7,0,488,0,Free
12/7/2024 22:22:24,23.00,2047.45,3.98,7,3,0,7,0,489,697,Free
12/7/2024 22:25:34,23.00,2056.93,3.98,7,3,0,7,0,490,0,Free
12/7/2024 22:25:35,23.00,2057.55,3.98,7,3,0,7,0,491,0,Free
12/7/2024 22:27:33,23.00,2063.60,3.98,7,4,0,7,0,491,0,Free
12/7/2024 22:27:40,23.00,2064.52,3.98,7,5,0,7,0,491,0,Free
12/7/2024 22:27:52,23.00,2065.71,3.98,7,6,0,7,0,491,0,Free
12/7/2024 22:27:54,23.00,2066.34,3.98,7,7,0,7,0,491,0,Free
12/7/2024 22:28:00,23.00,2067.02,3.98,7,8,48,7,0,491,0,Free
12/7/2024 22:28:01,23.00,2068.00,3.98,7,9,350,7,0,491,0,Free
12/7/2024 22:28:06,23.00,2068.62,3.98,7,10,0,7,0,491,0,Free
12/7/2024 22:28:07,23.00,2069.25,3.98,7,11,0,7,0,491,0,Free
12/7/2024 22:28:55,23.00,2072.16,3.98,7,11,0,7,0,492,0,Free
12/7/2024 22:28:56,23.00,2072.79,3.98,7,11,0,7,0,493,0,Free
12/7/2024 22:28:58,23.00,2073.52,3.98,7,11,0,7,0,494,100,Free
12/7/2024 22:35:28,23.00,2103.83,3.98,7,11,0,7,0,494,0,Free
12/7/2024 22:44:39,23.00,2131.49,3.98,7,11,0,7,0,495,1059,Free
12/7/2024 22:44:53,23.00,2132.69,3.98,7,11,0,7,0,496,0,Free
12/7/2024 22:44:56,23.00,2133.33,3.98,7,11,0,7,0,497,0,Free
12/7/2024 22:45:04,23.00,2134.24,3.98,7,11,0,7,0,498,0,Free
12/7/2024 22:45:06,23.00,2135.11,3.98,7,11,0,7,0,499,238,Free
12/7/2024 22:45:09,23.00,2138.45,3.98,7,11,0,7,0,500,2711,Free
12/7/2024 22:45:15,23.00,2140.16,3.98,7,11,0,7,0,501,1086,Free
12/7/2024 22:45:20,23.00,2145.10,3.98,7,11,0,7,0,502,4310,Free
12/7/2024 22:45:31,23.00,2146.31,3.98,7,11,0,7,0,503,298,Free
12/7/2024 22:45:41,23.00,2154.59,3.98,7,11,0,7,0,504,7654,Free
12/7/2024 22:45:41,23.00,2155.22,3.98,7,11,0,7,0,505,0,Free
12/7/2024 22:45:43,23.00,2156.36,3.98,7,11,0,7,0,506,515,Free
12/7/2024 22:45:46,23.00,2157.32,3.98,7,11,0,7,0,507,325,Free
12/7/2024 22:45:49,23.00,2158.75,3.98,7,11,0,7,0,508,808,Free
12/7/2024 22:45:52,23.00,2159.38,3.98,7,11,0,7,0,509,0,Free
12/7/2024 22:45:55,23.00,2160.01,3.98,7,11,0,7,0,510,0,Free
12/7/2024 22:45:59,23.00,2164.57,3.98,7,11,0,7,0,511,3938,Free
12/7/2024 22:46:02,23.00,2165.20,3.98,7,11,0,7,0,512,0,Free
12/7/2024 22:46:09,23.00,2166.11,3.98,7,11,0,7,0,513,0,Free
12/7/2024 22:46:27,23.00,2167.31,3.98,7,11,0,7,0,514,0,Free
12/7/2024 22:46:49,23.00,2170.18,3.98,7,11,0,7,0,515,1382,Free
12/7/2024 22:46:51,23.00,2170.85,3.98,7,11,0,7,0,516,48,Free
12/7/2024 22:46:52,23.00,2171.72,3.98,7,11,0,7,0,517,238,Free
12/7/2024 22:46:54,23.00,2172.34,3.98,7,11,0,7,0,518,0,Free
12/7/2024 22:46:55,23.00,2172.97,3.98,7,11,0,7,0,519,0,Free
12/7/2024 22:47:11,23.00,2174.17,3.98,7,11,0,7,0,520,0,Free
12/7/2024 22:47:12,23.00,2174.85,3.98,7,11,0,7,0,521,48,Free
12/7/2024 22:47:13,23.00,2175.75,3.98,7,11,0,7,0,522,273,Free
12/7/2024 22:47:23,23.00,2176.66,3.98,7,11,0,7,0,523,0,Free
12/7/2024 22:51:09,23.00,2187.88,3.98,7,11,0,7,0,524,22,Free
12/7/2024 22:51:45,23.00,2190.22,3.98,7,11,0,7,0,525,0,Free
12/7/2024 22:52:09,23.00,2203.12,3.98,7,11,0,7,0,525,0,Free
12/7/2024 22:55:34,23.00,2213.45,3.98,7,11,0,7,0,526,0,Free
12/7/2024 23:07:58,23.00,2249.20,3.98,7,11,0,7,0,527,15,Free
12/7/2024 23:08:12,23.00,2250.60,3.98,7,11,0,7,0,528,204,Free
12/7/2024 23:10:13,23.00,2268.07,3.98,7,11,0,7,0,528,0,Free
12/7/2024 23:18:01,23.00,2291.03,3.98,7,11,0,7,0,529,353,Free
12/7/2024 23:28:25,23.00,2332.47,3.98,7,11,0,7,0,529,0,Free
12/7/2024 23:46:37,23.00,2396.18,3.98,7,11,0,7,0,529,0,Free
12/7/2024 23:46:50,23.00,2399.31,3.98,7,11,0,7,0,530,2217,Free
12/7/2024 23:46:56,23.00,2399.94,3.98,7,11,0,7,0,531,0,Free
12/7/2024 23:47:05,23.00,2406.34,3.98,7,11,0,7,0,532,5780,Free
12/7/2024 23:47:12,23.00,2407.26,3.98,7,11,0,7,0,533,0,Free
12/7/2024 23:47:15,23.00,2408.94,3.98,7,11,0,7,0,534,1052,Free
12/7/2024 23:47:17,23.00,2410.90,3.98,7,11,0,7,0,535,1337,Free
12/7/2024 23:47:24,23.00,2412.11,3.98,7,11,0,7,0,536,299,Free
12/7/2024 23:47:33,23.00,2416.34,3.98,7,11,0,7,0,537,3601,Free
12/7/2024 23:47:35,23.00,2417.63,3.98,7,11,0,7,0,538,654,Free
12/8/2024 0:04:35,23.00,2477.91,3.98,7,11,0,7,0,538,0,Free
12/8/2024 0:22:47,23.00,2541.61,3.97,7,11,0,7,0,538,0,Free
12/8/2024 0:33:25,23.00,2573.17,3.98,7,11,0,7,0,539,670,Free
12/8/2024 0:33:41,23.00,2574.80,3.98,7,11,0,7,0,540,429,Free
12/8/2024 0:33:45,23.00,2575.42,3.98,7,11,0,7,0,541,0,Free
12/8/2024 0:33:49,23.00,2576.05,3.98,7,11,0,7,0,542,0,Free
12/8/2024 0:34:09,23.00,2577.53,3.98,7,11,0,7,0,543,0,Free
12/8/2024 0:34:13,23.00,2578.30,3.97,7,11,0,7,0,544,135,Free
12/8/2024 0:34:19,23.00,2578.99,3.98,7,11,0,7,0,545,56,Free
12/8/2024 0:34:23,23.00,2580.66,3.98,7,11,0,7,0,546,1051,Free
12/8/2024 0:34:43,23.00,2582.17,3.98,7,11,0,7,0,547,22,Free
12/8/2024 0:34:48,23.00,2582.80,3.98,7,11,0,7,0,548,0,Free
12/8/2024 0:34:49,23.00,2583.48,3.98,7,11,0,7,0,549,48,Free
12/8/2024 0:34:50,23.00,2584.20,3.98,7,11,0,7,0,550,100,Free
12/8/2024 0:34:54,23.00,2584.83,3.97,7,11,0,7,0,551,0,Free
12/8/2024 0:34:55,23.00,2585.60,3.97,7,11,0,7,0,552,143,Free
12/8/2024 0:34:59,23.00,2588.00,3.98,7,11,0,7,0,553,1767,Free
12/8/2024 0:35:09,23.00,2591.24,3.98,7,11,0,7,0,554,2330,Free
12/8/2024 0:35:12,23.00,2592.12,3.98,7,11,0,7,0,555,255,Free
12/8/2024 0:35:15,23.00,2593.81,3.98,7,11,0,7,0,556,1059,Free
12/8/2024 0:40:09,23.00,2619.56,3.97,7,11,0,7,0,556,0,Free
12/8/2024 0:41:32,23.00,2627.80,3.98,7,11,0,7,0,557,3912,Free
12/8/2024 0:58:21,23.00,2687.51,3.98,7,11,0,7,0,557,0,Free
12/8/2024 1:16:33,23.00,2751.22,3.98,7,11,0,7,0,557,0,Free
12/8/2024 1:22:54,23.00,2770.65,3.97,7,11,0,7,0,558,818,Free
12/8/2024 1:23:16,23.00,2772.39,3.97,7,11,0,7,0,559,256,Free
12/8/2024 1:23:52,23.00,2774.45,3.98,7,11,0,7,0,560,13,Free
12/8/2024 1:23:53,23.00,2775.12,3.98,7,11,0,7,0,561,39,Free
12/8/2024 1:23:54,23.00,2775.75,3.97,7,11,0,7,0,562,0,Free
12/8/2024 1:24:02,23.00,2776.66,3.98,7,11,0,7,0,563,0,Free
12/8/2024 1:24:07,23.00,2777.29,3.98,7,11,0,7,0,564,0,Free
12/8/2024 1:24:21,23.00,2778.57,3.97,7,11,0,7,0,565,82,Free
12/8/2024 1:24:25,23.00,2779.20,3.98,7,11,0,7,0,566,0,Free
12/8/2024 1:24:25,23.00,2779.82,3.98,7,11,0,7,0,567,0,Free
12/8/2024 1:24:26,23.00,2780.80,3.98,7,11,0,7,0,568,351,Free
12/8/2024 1:24:30,23.00,2781.43,3.98,7,11,0,7,0,569,0,Free
12/8/2024 1:24:30,23.00,2782.07,3.97,7,11,0,7,0,570,0,Free
12/8/2024 1:24:39,23.00,2783.22,3.98,7,11,0,7,0,571,238,Free
12/8/2024 1:24:55,23.00,2784.42,3.97,7,11,0,7,0,572,0,Free
12/8/2024 1:24:58,23.00,2785.05,3.98,7,11,0,7,0,573,0,Free
12/8/2024 1:33:52,23.00,2822.21,3.97,7,11,0,7,0,573,0,Free
12/8/2024 1:36:06,23.00,2829.11,3.97,7,11,0,8,0,573,0,Free
12/8/2024 1:52:01,23.00,2886.25,3.97,7,11,0,8,0,573,0,Free
12/8/2024 1:52:07,23.00,2887.89,3.97,7,11,0,8,0,574,1008,Free
12/8/2024 1:54:52,23.00,2896.44,3.97,7,11,0,8,0,575,213,Free
12/8/2024 1:55:52,23.00,2899.64,3.98,7,12,0,8,0,575,0,Free
12/8/2024 1:57:39,23.00,2905.11,3.97,7,12,0,8,0,576,0,Free
12/8/2024 1:57:44,23.00,2905.74,3.97,7,12,0,8,0,577,0,Free
12/8/2024 1:57:45,23.00,2906.42,3.97,7,12,0,8,0,578,48,Free
12/8/2024 1:57:46,23.00,2907.04,3.97,7,12,0,8,0,579,0,Free
12/8/2024 1:57:47,23.00,2907.67,3.97,7,12,0,8,0,580,0,Free
12/8/2024 1:57:50,23.00,2908.30,3.97,7,12,0,8,0,581,0,Free
12/8/2024 1:57:54,23.00,2908.93,3.97,7,12,0,8,0,582,0,Free
12/8/2024 1:57:57,23.00,2909.56,3.97,7,12,0,8,0,583,0,Free
12/8/2024 1:57:59,23.00,2910.18,3.98,7,12,0,8,0,584,0,Free
12/8/2024 1:58:02,23.00,2910.81,3.97,7,12,0,8,0,585,0,Free
12/8/2024 1:58:03,23.00,2911.76,3.97,7,12,0,8,0,586,316,Free
12/8/2024 1:58:04,23.00,2912.61,3.97,7,12,0,8,0,587,230,Free
12/8/2024 1:58:07,23.00,2914.40,3.98,7,12,0,8,0,588,1163,Free
12/8/2024 1:58:12,23.00,2916.38,3.97,7,12,0,8,0,589,1353,Free
12/8/2024 1:58:52,23.00,2918.72,3.98,7,12,0,8,0,590,0,Free
12/8/2024 1:58:55,23.00,2919.37,3.97,7,12,0,8,0,591,22,Free
12/8/2024 1:58:57,23.00,2920.01,3.97,7,12,0,8,0,592,0,Free
12/8/2024 2:01:38,23.00,2928.06,3.98,7,12,0,9,0,592,0,Free
12/8/2024 2:01:57,23.00,2929.54,3.97,7,13,0,9,0,592,0,Free
12/8/2024 2:02:01,23.00,2930.17,3.98,7,13,0,9,0,593,0,Free
12/8/2024 2:02:07,23.00,2931.91,3.97,7,13,0,9,0,594,1112,Free
12/8/2024 2:02:16,23.00,2933.51,3.97,7,13,0,9,0,595,688,Free
12/8/2024 2:09:04,23.00,2964.68,3.98,7,13,0,9,0,595,0,Free
12/8/2024 2:11:23,23.00,2971.87,3.98,7,13,0,9,0,596,0,Free
12/8/2024 2:11:24,23.00,2972.55,3.97,7,13,0,9,0,597,48,Free
12/8/2024 2:11:26,23.00,2973.35,3.97,7,13,0,9,0,598,169,Free
12/8/2024 2:27:02,23.00,3029.63,3.97,7,13,0,9,0,598,0,Free
12/8/2024 2:31:10,23.00,3042.18,3.97,7,13,0,9,0,599,221,Free
12/8/2024 2:31:16,23.00,3043.16,3.98,7,13,0,9,0,600,346,Free
12/8/2024 2:31:18,23.00,3043.93,3.97,7,13,0,9,0,601,152,Free
12/8/2024 2:31:25,23.00,3044.85,3.98,7,13,0,9,0,602,0,Free
12/8/2024 2:31:27,23.00,3045.74,3.98,7,13,0,9,0,603,264,Free
12/8/2024 2:31:47,23.00,3047.32,3.98,7,13,0,9,0,604,91,Free
12/8/2024 2:31:58,23.00,3048.39,3.98,7,13,0,9,0,605,161,Free
12/8/2024 2:31:59,23.00,3049.02,3.97,7,13,0,9,0,606,0,Free
12/8/2024 2:32:01,23.00,3049.65,3.97,7,13,0,9,0,607,0,Free
12/8/2024 2:32:02,23.00,3050.27,3.98,7,13,0,9,0,608,0,Free
12/8/2024 2:32:03,23.00,3050.90,3.97,7,13,0,9,0,609,0,Free
12/8/2024 2:32:14,23.00,3052.60,3.97,7,13,0,9,0,610,792,Free
12/8/2024 2:32:17,23.00,3054.53,3.97,7,13,0,9,0,611,1302,Free
12/8/2024 2:32:23,23.00,3055.69,3.97,7,13,0,9,0,612,532,Free
12/8/2024 2:32:25,23.00,3056.73,3.97,7,13,0,9,0,613,403,Free
12/8/2024 2:32:30,23.00,3057.35,3.97,7,13,0,9,0,614,0,Free
12/8/2024 2:32:35,23.00,3057.98,3.98,7,13,0,9,0,615,0,Free
12/8/2024 2:32:40,23.00,3059.09,3.97,7,13,0,9,0,616,471,Free
12/8/2024 2:32:43,23.00,3062.21,3.97,7,13,0,9,0,617,2494,Free
12/8/2024 2:36:37,23.00,3074.30,3.97,7,13,0,9,0,618,619,Free
12/8/2024 2:37:02,23.00,3076.32,3.97,7,13,0,9,0,619,540,Free
12/8/2024 2:38:01,23.00,3079.52,3.97,7,13,0,9,0,620,0,Free
12/8/2024 2:38:02,23.00,3080.15,3.97,7,13,0,9,0,621,0,Free
12/8/2024 2:38:14,23.00,3081.35,3.98,7,13,0,9,0,622,5,Free
12/8/2024 2:38:15,23.00,3081.98,3.97,7,13,0,9,0,623,0,Free
12/8/2024 2:38:17,23.00,3082.61,3.98,7,13,0,9,0,624,0,Free
12/8/2024 2:38:23,23.00,3083.75,3.97,7,13,0,9,0,625,515,Free
12/8/2024 2:39:06,23.00,3086.37,3.97,7,13,0,9,0,626,0,Free
12/8/2024 2:39:44,23.00,3088.71,3.97,7,13,0,9,0,627,0,Free
12/8/2024 2:39:47,23.00,3090.68,3.97,7,13,0,9,0,628,1337,Free
12/8/2024 2:39:59,23.00,3091.88,3.97,7,13,0,9,0,629,0,Free
12/8/2024 2:40:04,23.00,3092.51,3.98,7,13,0,9,0,630,0,Free
12/8/2024 2:43:40,23.00,3114.54,3.97,7,13,0,9,0,630,0,Free
12/8/2024 2:54:33,23.00,3146.67,3.97,7,13,0,9,0,631,670,Free
12/8/2024 2:54:52,23.00,3148.15,3.98,7,13,0,9,0,632,0,Free
12/8/2024 2:56:21,23.00,3152.80,3.97,7,13,0,9,0,633,32,Free
12/8/2024 2:56:28,23.00,3153.96,3.97,7,13,0,9,0,634,247,Free
12/8/2024 2:56:30,23.00,3154.88,3.97,7,13,0,9,0,635,291,Free
12/8/2024 2:56:47,23.00,3156.09,3.97,7,13,0,9,0,636,13,Free
12/8/2024 2:56:53,23.00,3158.17,3.97,7,13,0,9,0,637,1449,Free
12/8/2024 2:57:08,23.00,3159.37,3.97,7,13,0,9,0,638,0,Free
12/8/2024 2:57:11,23.00,3160.58,3.96,7,13,0,9,0,639,583,Free
12/8/2024 2:57:12,23.00,3161.53,3.97,7,13,0,9,0,640,324,Free
12/8/2024 2:57:24,23.00,3162.45,3.97,7,13,0,9,0,641,0,Free
12/8/2024 2:57:25,23.00,3163.08,3.97,7,13,0,9,0,642,0,Free
12/8/2024 2:57:29,23.00,3163.71,3.97,7,13,0,9,0,643,0,Free
12/8/2024 2:57:31,23.00,3164.54,3.98,7,13,0,9,0,644,204,Free
12/8/2024 3:00:08,23.00,3172.59,3.97,7,13,0,9,0,645,0,Free
12/8/2024 3:00:22,23.00,3173.79,3.98,7,13,0,9,0,646,0,Free
12/8/2024 3:01:04,23.00,3187.55,3.97,7,13,0,9,0,646,0,Free
12/8/2024 3:05:04,23.00,3199.59,3.97,7,13,0,9,0,647,0,Free
12/8/2024 3:07:04,23.00,3206.28,3.97,7,13,0,9,0,648,645,Free
12/8/2024 3:10:26,23.00,3216.44,3.97,7,13,0,9,0,649,108,Free
12/8/2024 3:13:22,23.00,3225.34,3.97,7,13,0,9,0,650,0,Free
12/8/2024 3:19:04,23.00,3253.37,3.97,7,13,0,9,0,650,0,Free
12/8/2024 3:27:30,23.00,3278.05,3.97,7,13,0,9,0,651,74,Free
12/8/2024 3:37:12,23.00,3317.50,3.97,7,13,0,9,0,651,0,Free
12/8/2024 3:55:24,23.00,3381.20,3.97,7,13,0,9,0,651,0,Free
12/8/2024 4:13:36,23.00,3444.91,3.97,7,13,0,9,0,651,0,Free
12/8/2024 4:27:15,23.00,3484.77,3.96,7,13,0,9,0,652,420,Free
12/8/2024 4:27:17,23.00,3486.22,3.97,7,13,0,9,0,653,817,Free
12/8/2024 4:27:19,23.00,3486.84,3.97,7,13,0,9,0,654,0,Free
12/8/2024 4:27:31,23.00,3487.76,3.97,7,13,0,9,0,655,0,Free
12/8/2024 4:27:36,23.00,3492.14,3.97,7,13,0,9,0,656,3750,Free
12/8/2024 4:27:37,23.00,3492.77,3.96,7,13,0,9,0,657,0,Free
12/8/2024 4:27:51,23.00,3501.89,3.96,7,13,0,9,0,658,8494,Free
12/8/2024 4:28:16,23.00,3507.09,3.97,7,13,0,9,0,659,3711,Free
12/8/2024 4:28:17,23.00,3507.95,3.97,7,13,0,9,0,660,238,Free
12/8/2024 4:28:24,23.00,3512.85,3.97,7,13,0,9,0,661,4267,Free
12/8/2024 4:28:29,23.00,3513.50,3.97,7,13,0,9,0,662,22,Free
12/8/2024 4:28:33,23.00,3514.13,3.97,7,13,0,9,0,663,0,Free
12/8/2024 4:28:35,23.00,3514.83,3.97,7,13,0,9,0,664,74,Free
12/8/2024 4:28:40,23.00,3516.92,3.97,7,13,0,9,0,665,1457,Free
12/8/2024 4:28:41,23.00,3517.63,3.97,7,13,0,9,0,666,82,Free
12/8/2024 4:28:44,23.00,3518.48,3.97,7,13,0,9,0,667,221,Free
12/8/2024 4:28:54,23.00,3520.42,3.97,7,13,0,9,0,668,1025,Free
12/8/2024 4:28:56,23.00,3521.04,3.96,7,13,0,9,0,669,0,Free
12/8/2024 4:28:59,23.00,3522.18,3.97,7,13,0,9,0,670,506,Free
12/8/2024 4:31:12,23.00,3540.22,3.97,7,13,0,9,0,670,0,Free
12/8/2024 4:48:39,23.00,3590.51,3.97,7,13,0,9,0,671,0,Free
12/8/2024 4:48:40,23.00,3591.13,3.97,7,13,0,9,0,672,0,Free
12/8/2024 4:48:41,23.00,3591.76,3.97,7,13,0,9,0,673,0,Free
12/8/2024 4:48:49,23.00,3592.68,3.97,7,13,0,9,0,674,0,Free
12/8/2024 4:49:08,23.00,3605.29,3.97,7,13,0,9,0,674,0,Free
12/8/2024 5:03:49,23.00,3648.28,3.96,7,13,0,9,0,675,696,Free
12/8/2024 5:03:53,23.00,3648.91,3.97,7,13,0,9,0,676,0,Free
12/8/2024 5:03:54,23.00,3649.69,3.97,7,13,0,9,0,677,151,Free
12/8/2024 5:03:55,23.00,3650.32,3.97,7,13,0,9,0,678,0,Free
12/8/2024 5:03:58,23.00,3650.94,3.97,7,13,0,9,0,679,0,Free
12/8/2024 5:04:02,23.00,3652.03,3.96,7,13,0,9,0,680,454,Free
12/8/2024 5:06:36,23.00,3659.79,3.97,7,14,0,9,0,680,0,Free
12/8/2024 5:06:40,23.00,3660.42,3.97,7,15,0,9,0,680,0,Free
12/8/2024 5:06:42,23.00,3661.14,3.96,7,15,0,9,0,681,91,Free
12/8/2024 5:06:54,23.00,3673.47,3.96,7,15,0,9,0,681,0,Free
12/8/2024 5:07:06,23.00,3674.38,3.97,7,15,0,9,0,682,0,Free
12/8/2024 5:07:08,23.00,3675.76,3.97,7,15,0,9,0,683,748,Free
12/8/2024 5:08:03,23.00,3681.29,3.97,7,15,0,9,0,684,2623,Free
12/8/2024 5:09:05,23.00,3685.21,3.97,7,15,0,9,0,685,437,Free
12/8/2024 5:09:08,23.00,3686.05,3.96,7,15,0,9,0,686,204,Free
12/8/2024 5:09:13,23.00,3686.99,3.97,7,15,0,9,0,687,307,Free
12/8/2024 5:09:18,23.00,3690.45,3.96,7,15,0,9,0,688,2831,Free
12/8/2024 5:09:21,23.00,3692.17,3.97,7,15,0,9,0,689,1094,Free
12/8/2024 5:09:23,23.00,3692.80,3.97,7,15,0,9,0,690,0,Free
12/8/2024 5:09:29,23.00,3693.42,3.97,7,15,0,9,0,691,0,Free
12/8/2024 5:09:36,23.00,3695.32,3.97,7,15,0,9,0,692,1268,Free
12/8/2024 5:09:38,23.00,3696.06,3.97,7,15,0,9,0,693,118,Free
12/8/2024 5:09:45,23.00,3696.98,3.97,7,15,0,9,0,694,0,Free
12/8/2024 5:09:53,23.00,3697.89,3.97,7,15,0,9,0,695,0,Free
12/8/2024 5:09:54,23.00,3698.55,3.97,7,15,0,9,0,696,31,Free
12/8/2024 5:09:56,23.00,3699.62,3.97,7,15,0,9,0,697,437,Free
12/8/2024 5:09:57,23.00,3700.24,3.97,7,15,0,9,0,698,0,Free
12/8/2024 5:10:02,23.00,3702.14,3.97,7,15,0,9,0,699,1266,Free
12/8/2024 5:10:15,23.00,3703.05,3.97,7,15,0,9,0,700,0,Free
12/8/2024 5:24:21,23.00,3755.05,3.97,7,15,0,9,0,700,0,Free
12/8/2024 5:26:21,23.00,3761.39,3.97,7,15,0,9,0,701,0,Free
12/8/2024 5:26:22,23.00,3762.02,3.96,7,15,0,9,0,702,0,Free
12/8/2024 5:26:29,23.00,3762.71,3.96,7,15,0,9,0,703,61,Free
12/8/2024 5:26:29,23.00,3763.34,3.96,7,15,0,9,0,704,0,Free
12/8/2024 5:26:31,23.00,3764.57,3.96,7,15,0,9,0,705,602,Free
12/8/2024 5:26:32,23.00,3765.33,3.97,7,15,0,9,0,706,135,Free
12/8/2024 5:26:43,23.00,3766.24,3.96,7,15,0,9,0,707,0,Free
12/8/2024 5:26:45,23.00,3766.92,3.97,7,15,0,9,0,708,57,Free
12/8/2024 5:26:49,23.00,3767.71,3.96,7,15,0,9,0,709,161,Free
12/8/2024 5:26:50,23.00,3768.34,3.97,7,15,0,9,0,710,0,Free
12/8/2024 5:26:52,23.00,3769.73,3.96,7,15,0,9,0,711,756,Free
12/8/2024 5:26:55,23.00,3770.36,3.96,7,15,0,9,0,712,0,Free
12/8/2024 5:26:56,23.00,3770.99,3.96,7,15,0,9,0,713,0,Free
12/8/2024 5:27:02,23.00,3773.42,3.96,7,15,0,9,0,714,1803,Free
12/8/2024 5:27:07,23.00,3775.09,3.97,7,15,0,9,0,715,1043,Free
12/8/2024 5:27:09,23.00,3776.08,3.96,7,15,0,9,0,716,367,Free
12/8/2024 5:27:13,23.00,3780.46,3.96,7,15,0,9,0,717,3748,Free
12/8/2024 5:27:16,23.00,3781.09,3.97,7,15,0,9,0,718,0,Free
12/8/2024 5:27:21,23.00,3782.02,3.96,7,15,0,9,0,719,308,Free
12/8/2024 5:27:25,23.00,3783.07,3.97,7,15,0,9,0,720,420,Free
12/8/2024 5:27:31,23.00,3784.07,3.97,7,15,0,9,0,721,367,Free
12/8/2024 5:27:33,23.00,3784.98,3.97,7,15,0,9,0,722,281,Free
12/8/2024 5:27:35,23.00,3785.72,3.97,7,15,0,9,0,723,118,Free
12/8/2024 5:27:39,23.00,3786.58,3.96,7,15,0,9,0,724,230,Free
12/8/2024 5:27:42,23.00,3788.68,3.97,7,15,0,9,0,725,1475,Free
12/8/2024 5:27:46,23.00,3789.92,3.96,7,15,0,9,0,726,619,Free
12/8/2024 5:27:47,23.00,3790.55,3.97,7,15,0,9,0,727,0,Free
12/8/2024 5:27:50,23.00,3791.18,3.96,7,15,0,9,0,728,0,Free
12/8/2024 5:27:58,23.00,3792.64,3.96,7,15,0,9,0,729,550,Free
12/8/2024 5:28:02,23.00,3793.27,3.96,7,15,0,9,0,730,0,Free
12/8/2024 5:28:08,23.00,3794.70,3.96,7,15,0,9,0,731,800,Free
12/8/2024 5:28:17,23.00,3795.62,3.96,7,15,0,9,0,732,5,Free
12/8/2024 5:30:54,23.00,3803.51,3.97,7,15,0,9,0,733,128,Free
12/8/2024 5:31:39,23.00,3806.49,3.96,7,15,0,9,0,734,358,Free
12/8/2024 5:31:42,23.00,3807.23,3.97,7,15,0,9,0,735,109,Free
12/8/2024 5:31:46,23.00,3808.48,3.97,7,15,0,9,0,736,619,Free
12/8/2024 5:31:47,23.00,3809.98,3.97,7,15,0,9,0,737,878,Free
12/8/2024 5:31:50,23.00,3810.80,3.96,7,15,0,9,0,738,187,Free
12/8/2024 5:32:14,23.00,3812.65,3.96,7,15,0,9,0,739,358,Free
12/8/2024 5:32:46,23.00,3814.70,3.96,7,15,0,9,0,740,0,Free
12/8/2024 5:32:53,23.00,3815.61,3.96,7,15,0,9,0,741,0,Free
12/8/2024 5:32:54,23.00,3816.24,3.97,7,15,0,9,0,742,0,Free
12/8/2024 5:33:39,23.00,3818.87,3.96,7,16,0,9,0,742,0,Free
12/8/2024 5:33:42,23.00,3821.68,3.97,7,16,0,9,0,743,2183,Free
12/8/2024 5:33:45,23.00,3822.31,3.96,7,17,0,9,0,743,0,Free
12/8/2024 5:33:45,23.00,3822.93,3.96,7,18,0,9,0,743,0,Free
12/8/2024 5:33:55,23.00,3823.85,3.96,7,19,0,9,0,743,0,Free
12/8/2024 5:33:58,23.00,3824.47,3.96,7,19,0,9,0,744,0,Free
12/8/2024 5:33:59,23.00,3825.54,3.96,7,19,0,9,0,745,436,Free
12/8/2024 5:34:00,23.00,3826.54,3.97,7,19,0,9,0,746,377,Free
12/8/2024 5:34:02,23.00,3827.17,3.96,7,19,0,9,0,747,0,Free
12/8/2024 5:34:03,23.00,3828.69,3.96,7,19,0,9,0,748,887,Free
12/8/2024 5:34:05,23.00,3829.90,3.97,7,19,0,9,0,749,584,Free
12/8/2024 5:34:07,23.00,3830.86,3.97,7,19,0,9,0,750,333,Free
12/8/2024 5:34:08,23.00,3831.49,3.97,7,19,0,9,0,751,0,Free
12/8/2024 5:34:11,23.00,3832.13,3.96,7,19,0,9,0,752,13,Free
12/8/2024 5:34:12,23.00,3832.76,3.97,7,19,0,9,0,753,0,Free
12/8/2024 5:34:13,23.00,3833.41,3.97,7,19,0,9,0,754,30,Free
12/8/2024 5:34:16,23.00,3835.30,3.97,7,19,0,9,0,755,1266,Free
12/8/2024 5:34:19,23.00,3835.96,3.96,7,19,0,9,0,756,22,Free
12/8/2024 5:34:20,23.00,3836.59,3.97,7,19,0,9,0,757,0,Free
12/8/2024 5:34:22,23.00,3837.24,3.97,7,19,0,9,0,758,23,Free
12/8/2024 5:34:23,23.00,3837.86,3.97,7,19,0,9,0,759,0,Free
12/8/2024 5:34:26,23.00,3838.61,3.97,7,19,0,9,0,760,118,Free
12/8/2024 5:34:27,23.00,3839.99,3.96,7,19,0,9,0,761,756,Free
12/8/2024 5:34:28,23.00,3840.72,3.96,7,19,0,9,0,762,91,Free
12/8/2024 5:34:30,23.00,3841.35,3.97,7,19,0,9,0,763,0,Free
12/8/2024 5:34:35,23.00,3841.98,3.96,7,19,0,9,0,764,0,Free
12/8/2024 5:34:41,23.00,3842.77,3.96,7,19,0,9,0,765,170,Free
12/8/2024 5:34:42,23.00,3843.40,3.96,7,19,0,9,0,766,0,Free
12/8/2024 5:34:43,23.00,3844.03,3.96,7,19,0,9,0,767,0,Free
12/8/2024 5:34:45,23.00,3844.65,3.96,7,19,0,9,0,768,0,Free
12/8/2024 5:34:47,23.00,3845.93,3.97,7,19,0,9,0,769,645,Free
12/8/2024 5:34:49,23.00,3846.66,3.97,7,19,0,9,0,770,108,Free
12/8/2024 5:34:50,23.00,3847.42,3.96,7,19,0,9,0,771,134,Free
12/8/2024 5:34:51,23.00,3848.25,3.96,7,19,0,9,0,772,195,Free
12/8/2024 5:34:52,23.00,3848.88,3.96,7,19,0,9,0,773,0,Free
12/8/2024 5:34:54,23.00,3849.85,3.96,7,19,0,9,0,774,351,Free
12/8/2024 5:34:56,23.00,3850.48,3.97,7,19,0,9,0,775,0,Free
12/8/2024 5:34:57,23.00,3851.46,3.98,7,19,0,9,0,776,350,Free
12/8/2024 5:34:58,23.00,3852.18,3.96,7,19,0,9,0,777,92,Free
12/8/2024 5:35:03,23.00,3854.92,3.96,7,19,0,9,0,778,2114,Free
12/8/2024 5:35:07,23.00,3855.55,3.97,7,19,0,9,0,779,0,Free
12/8/2024 5:35:09,23.00,3856.21,3.97,7,19,0,9,0,780,39,Free
12/8/2024 5:35:10,23.00,3856.84,3.96,7,19,0,9,0,781,0,Free
12/8/2024 5:35:15,23.00,3861.54,3.97,7,19,0,9,0,782,4068,Free
12/8/2024 5:35:18,23.00,3862.28,3.96,7,19,0,9,0,783,118,Free
12/8/2024 5:35:20,23.00,3862.91,3.96,7,19,0,9,0,784,0,Free
12/8/2024 5:35:21,23.00,3863.54,3.96,7,19,0,9,0,785,0,Free
12/8/2024 5:35:33,23.00,3864.70,3.97,7,19,0,9,0,786,246,Free
12/8/2024 5:35:34,23.00,3865.36,3.96,7,19,0,9,0,787,40,Free
12/8/2024 5:35:37,23.00,3866.14,3.97,7,19,0,9,0,788,143,Free
12/8/2024 5:35:55,23.00,3867.63,3.96,7,19,0,9,0,789,0,Free
12/8/2024 5:36:23,23.00,3871.66,3.97,7,19,0,9,0,790,2260,Free
12/8/2024 5:36:32,23.00,3873.62,3.97,7,19,0,9,0,791,1051,Free
12/8/2024 5:36:34,23.00,3874.38,3.97,7,19,0,9,0,792,126,Free
12/8/2024 5:36:35,23.00,3875.00,3.97,7,19,0,9,0,793,0,Free
12/8/2024 5:36:36,23.00,3875.63,3.96,7,19,0,9,0,794,0,Free
12/8/2024 5:36:40,23.00,3878.85,3.96,7,19,0,9,0,795,2590,Free
12/8/2024 5:36:52,23.00,3891.18,3.96,7,19,0,9,0,795,0,Free
12/8/2024 5:38:05,23.25,3895.47,3.97,7,19,0,9,0,796,238,Free
12/8/2024 5:54:59,23.00,3955.47,3.96,7,19,0,9,0,796,0,Free
12/8/2024 6:13:11,23.00,4019.17,3.96,7,19,0,9,0,796,0,Free
12/8/2024 6:31:23,23.00,4082.88,3.96,7,19,0,9,0,796,0,Free
12/8/2024 6:49:35,23.00,4146.59,3.96,7,19,0,9,0,796,0,Free
12/8/2024 7:04:06,23.00,4188.60,3.97,7,19,0,9,0,797,0,Free
12/8/2024 7:04:10,23.00,4189.47,3.97,7,19,0,9,0,798,247,Free
12/8/2024 7:04:11,23.00,4191.00,3.96,7,19,0,9,0,799,904,Free
12/8/2024 7:06:32,23.00,4198.56,3.96,7,19,0,9,0,800,369,Free
12/8/2024 7:06:33,23.00,4199.33,3.96,7,19,0,9,0,801,134,Free
12/8/2024 7:06:36,23.00,4200.77,3.96,7,19,0,9,0,802,817,Free
12/8/2024 7:06:42,23.00,4203.41,3.96,7,19,0,9,0,803,2010,Free
12/8/2024 7:06:48,23.00,4204.04,3.96,7,19,0,9,0,804,0,Free
12/8/2024 7:06:51,23.00,4204.68,3.96,7,19,0,9,0,805,13,Free
12/8/2024 7:06:53,23.00,4205.54,3.96,7,19,0,9,0,806,238,Free
12/8/2024 7:07:05,23.00,4206.58,3.96,7,19,0,9,0,807,126,Free
12/8/2024 7:07:17,23.00,4218.92,3.96,7,19,0,9,0,807,0,Free
12/8/2024 7:25:29,23.00,4282.62,3.96,7,19,0,9,0,807,0,Free
12/8/2024 7:42:58,23.00,4332.94,3.96,7,19,0,9,0,808,22,Free
12/8/2024 7:43:03,23.00,4333.73,3.96,7,19,0,9,0,809,161,Free
12/8/2024 7:43:14,23.00,4335.04,3.96,7,19,0,9,0,810,394,Free
12/8/2024 7:43:15,23.00,4335.68,3.96,7,19,0,9,0,811,14,Free
12/8/2024 7:43:16,23.00,4336.62,3.96,7,19,0,9,0,812,316,Free
12/8/2024 7:43:28,23.00,4348.96,3.96,7,19,0,9,0,812,0,Free
12/8/2024 7:43:50,23.00,4350.44,3.96,7,19,0,9,0,813,0,Free
12/8/2024 7:43:54,23.00,4351.07,3.96,7,19,0,9,0,814,0,Free
12/8/2024 7:43:55,23.00,4351.70,3.96,7,19,0,9,0,815,5,Free
12/8/2024 7:43:55,23.00,4352.33,3.96,7,19,0,9,0,816,0,Free
12/8/2024 7:44:11,23.00,4354.19,3.96,7,19,0,9,0,817,663,Free
12/8/2024 7:44:30,23.00,4356.21,3.96,7,19,0,9,0,818,532,Free
12/8/2024 7:44:31,23.00,4356.88,3.96,7,19,0,9,0,819,49,Free
12/8/2024 7:44:34,23.00,4357.55,3.96,7,19,0,9,0,820,40,Free
12/8/2024 7:58:57,23.00,4400.41,3.96,7,19,0,9,0,821,1422,Free
12/8/2024 7:59:06,23.00,4401.32,3.96,7,19,0,9,0,822,0,Free
12/8/2024 7:59:09,23.00,4401.96,3.96,7,19,0,9,0,823,0,Free
12/8/2024 7:59:21,23.00,4403.15,3.96,7,19,0,9,0,824,0,Free
12/8/2024 7:59:24,23.00,4404.68,3.96,7,19,0,9,0,825,896,Free
12/8/2024 7:59:30,23.00,4405.81,3.96,7,19,0,9,0,826,506,Free
12/8/2024 7:59:38,23.00,4406.73,3.96,7,19,0,9,0,827,5,Free
12/8/2024 7:59:50,23.00,4407.64,3.96,7,19,0,9,0,828,0,Free
12/8/2024 7:59:53,23.00,4408.46,3.96,7,19,0,9,0,829,195,Free
12/8/2024 7:59:56,23.00,4409.30,3.96,7,19,0,9,0,830,212,Free
12/8/2024 7:59:57,23.00,4409.96,3.96,7,19,0,9,0,831,31,Free
12/8/2024 7:59:58,23.00,4411.03,3.96,7,19,0,9,0,832,438,Free
12/8/2024 8:00:00,23.00,4412.21,3.96,7,19,0,9,0,833,558,Free
12/8/2024 8:00:03,23.00,4413.71,3.96,7,19,0,9,0,834,870,Free
12/8/2024 8:00:05,23.00,4414.60,3.96,7,19,0,9,0,835,256,Free
12/8/2024 8:00:06,23.00,4415.23,3.96,7,19,0,9,0,836,0,Free
12/8/2024 8:00:18,23.00,4427.56,3.96,7,19,0,9,0,836,0,Free
12/8/2024 8:00:24,23.00,4428.19,3.96,7,19,0,9,0,837,0,Free
12/8/2024 8:10:14,23.00,4456.79,3.96,7,19,0,9,0,838,0,Free
12/8/2024 8:10:27,23.00,4459.06,3.96,7,19,0,9,0,839,1353,Free
12/8/2024 8:10:37,23.00,4460.06,3.96,7,19,0,9,0,840,91,Free
12/8/2024 8:10:43,23.00,4460.69,3.96,7,19,0,9,0,841,0,Free
12/8/2024 8:10:47,23.00,4461.55,3.96,7,19,0,9,0,842,229,Free
12/8/2024 8:11:22,23.00,4463.74,3.96,7,19,0,9,0,843,144,Free
12/8/2024 8:11:25,23.00,4465.19,3.96,7,19,0,9,0,844,818,Free
12/8/2024 8:18:19,23.00,4496.64,3.96,7,19,0,9,0,844,0,Free
12/8/2024 8:36:31,23.00,4560.35,3.96,7,19,0,9,0,844,0,Free
12/8/2024 8:54:43,23.00,4624.05,3.96,7,19,0,9,0,844,0,Free
12/8/2024 9:12:55,23.00,4687.76,3.96,7,19,0,9,0,844,0,Free
12/8/2024 9:31:07,23.00,4751.47,3.96,7,19,0,9,0,844,0,Free
12/8/2024 9:38:44,23.00,4773.79,3.96,7,19,0,9,0,845,0,Free
12/8/2024 9:38:47,23.00,4774.42,3.96,7,19,0,9,0,846,0,Free
12/8/2024 9:38:48,23.00,4775.04,3.96,7,19,0,9,0,847,0,Free
12/8/2024 9:38:49,23.00,4775.67,3.96,7,19,0,9,0,848,0,Free
12/8/2024 9:38:50,23.00,4776.30,3.96,7,19,0,9,0,849,0,Free
12/8/2024 9:39:05,23.00,4777.50,3.96,7,19,0,9,0,850,0,Free
12/8/2024 9:39:13,23.00,4778.41,3.96,7,19,0,9,0,851,0,Free
12/8/2024 9:39:25,23.00,4779.56,3.96,7,19,0,9,0,852,238,Free
12/8/2024 9:39:38,23.00,4780.76,3.96,7,19,0,9,0,853,0,Free
12/8/2024 9:39:43,23.00,4781.38,3.96,7,19,0,9,0,854,0,Free
12/8/2024 9:39:46,23.00,4782.51,3.96,7,19,0,9,0,855,497,Free
12/8/2024 9:39:53,23.00,4783.45,3.96,7,19,0,9,0,856,32,Free
12/8/2024 9:39:56,23.00,4784.09,3.96,7,19,0,9,0,857,0,Free
12/8/2024 9:39:58,23.00,4785.01,3.96,7,19,0,9,0,858,298,Free
12/8/2024 9:40:01,23.00,4785.80,3.96,7,19,0,9,0,859,161,Free
12/8/2024 9:40:16,23.00,4787.00,3.96,7,19,0,9,0,860,0,Free
12/8/2024 9:40:24,23.00,4787.91,3.96,7,19,0,9,0,861,0,Free
12/8/2024 9:40:27,23.00,4788.69,3.96,7,19,0,9,0,862,152,Free
12/8/2024 9:40:28,23.00,4789.49,3.96,7,19,0,9,0,863,169,Free
12/8/2024 9:40:31,23.00,4790.12,3.96,7,19,0,9,0,864,0,Free
12/8/2024 9:40:33,23.00,4790.74,3.96,7,19,0,9,0,865,0,Free
12/8/2024 9:40:41,23.00,4792.03,3.96,7,19,0,9,0,866,377,Free
12/8/2024 9:40:56,23.00,4793.23,3.96,7,19,0,9,0,867,0,Free
12/8/2024 9:40:57,23.00,4793.86,3.96,7,19,0,9,0,868,0,Free
12/8/2024 9:41:02,23.00,4794.72,3.96,7,19,0,9,0,869,230,Free
12/8/2024 9:41:13,23.00,4795.63,3.96,7,19,0,9,0,870,0,Free
12/8/2024 9:41:21,23.00,4796.54,3.96,7,19,0,9,0,871,0,Free
12/8/2024 9:41:25,23.00,4797.53,3.96,7,19,0,9,0,872,360,Free
12/8/2024 9:41:32,23.00,4798.57,3.96,7,19,0,9,0,873,126,Free
12/8/2024 9:46:08,23.00,4812.16,3.96,7,19,0,9,0,874,125,Free
12/8/2024 9:47:38,23.00,4828.21,3.96,7,19,0,9,0,874,0,Free
12/8/2024 10:05:50,23.00,4891.91,3.96,7,19,0,9,0,874,0,Free
12/8/2024 10:24:02,23.00,4955.62,3.96,7,19,0,9,0,874,0,Free
12/8/2024 10:33:54,22.75,4985.02,3.96,7,19,0,9,0,875,800,Free
12/8/2024 10:33:57,22.75,4987.29,3.96,7,19,0,9,0,876,1647,Free
12/8/2024 10:33:58,22.75,4988.06,3.96,7,19,0,9,0,877,144,Free
12/8/2024 10:33:59,22.75,4988.75,3.96,7,19,0,9,0,878,65,Free
12/8/2024 10:34:05,22.75,4989.38,3.95,7,19,0,9,0,879,0,Free
12/8/2024 10:34:07,22.75,4990.40,3.95,7,19,0,9,0,880,394,Free
12/8/2024 10:34:10,22.75,4993.21,3.96,7,19,0,9,0,881,2175,Free
12/8/2024 10:34:15,22.75,4994.02,3.96,7,19,0,9,0,882,178,Free
12/8/2024 10:35:36,23.00,4998.36,3.96,7,19,0,9,0,883,0,Free
12/8/2024 10:35:38,23.00,4999.98,3.96,7,19,0,9,0,884,991,Free
12/8/2024 10:41:44,22.75,5029.15,3.96,7,19,0,9,0,884,0,Free
12/8/2024 10:46:21,22.75,5042.90,3.96,7,20,0,9,0,884,0,Free
12/8/2024 10:48:48,22.75,5050.38,3.96,7,20,0,9,0,885,0,Free
12/8/2024 10:59:48,22.75,5093.54,3.96,7,20,0,9,0,885,0,Free
12/8/2024 11:18:00,22.75,5157.24,3.95,7,20,0,9,0,885,0,Free
12/8/2024 11:36:12,22.75,5220.95,3.96,7,20,0,9,0,885,0,Free
12/8/2024 11:54:24,22.50,5284.66,3.96,7,20,0,9,0,885,0,Free
12/8/2024 11:54:34,22.50,5285.57,3.95,7,20,0,9,0,886,0,Free
12/8/2024 11:54:46,22.50,5286.77,3.95,7,20,0,9,0,887,282,Free
12/8/2024 11:54:49,22.50,5288.06,3.96,7,20,0,9,0,888,662,Free
12/8/2024 11:54:51,22.50,5289.36,3.96,7,20,0,9,0,889,680,Free
12/8/2024 11:55:02,22.50,5290.69,3.96,7,20,0,9,0,890,410,Free
12/8/2024 11:55:08,22.50,5291.41,3.96,7,20,0,9,0,891,100,Free
12/8/2024 11:55:09,22.50,5292.06,3.96,7,20,0,9,0,892,13,Free
12/8/2024 11:55:10,22.50,5292.69,3.95,7,20,0,9,0,893,0,Free
12/8/2024 11:55:26,22.50,5294.07,3.96,7,20,0,9,0,894,187,Free
12/8/2024 11:55:28,22.50,5294.70,3.96,7,20,0,9,0,895,0,Free
12/8/2024 11:55:30,22.50,5295.56,3.96,7,20,0,9,0,896,238,Free
12/8/2024 11:55:47,22.50,5297.31,3.96,7,20,0,9,0,897,550,Free
12/8/2024 11:55:48,22.50,5297.94,3.96,7,20,0,9,0,898,0,Free
12/8/2024 11:55:50,22.50,5299.30,3.96,7,20,0,9,0,899,731,Free
12/8/2024 11:56:06,22.50,5300.50,3.95,7,20,0,9,0,900,0,Free
12/8/2024 11:56:07,22.50,5301.92,3.96,7,20,0,9,0,901,791,Free
12/8/2024 11:56:11,22.50,5302.60,3.96,7,20,0,9,0,902,48,Free
12/8/2024 11:56:13,22.50,5303.41,3.96,7,20,0,9,0,903,187,Free
12/8/2024 11:56:25,22.50,5304.43,3.96,7,20,0,9,0,904,108,Free
12/8/2024 11:56:28,22.50,5305.06,3.95,7,20,0,9,0,905,0,Free
12/8/2024 11:56:30,22.50,5306.33,3.96,7,20,0,9,0,906,644,Free
12/8/2024 11:56:38,22.50,5307.24,3.96,7,20,0,9,0,907,0,Free
12/8/2024 12:11:32,22.25,5361.53,3.95,7,20,0,9,0,907,0,Free
12/8/2024 12:29:44,22.25,5425.24,3.96,7,20,0,9,0,907,0,Free
12/8/2024 12:47:56,22.25,5488.94,3.96,7,20,0,9,0,907,0,Free
12/8/2024 13:06:08,22.25,5552.65,3.96,7,20,0,9,0,907,0,Free
12/8/2024 13:13:23,22.25,5574.35,3.96,7,20,0,9,0,908,523,Free
12/8/2024 13:13:25,22.25,5575.24,3.95,7,20,0,9,0,909,264,Free
12/8/2024 13:13:33,22.25,5583.27,3.95,7,20,0,9,0,910,7406,Free
12/8/2024 13:13:41,22.25,5584.36,3.96,7,20,0,9,0,911,169,Free
12/8/2024 13:13:42,22.25,5584.98,3.95,7,20,0,9,0,912,0,Free
12/8/2024 13:13:46,22.25,5585.64,3.96,7,20,0,9,0,913,23,Free
12/8/2024 13:13:51,22.25,5586.26,3.95,7,20,0,9,0,914,0,Free
12/8/2024 13:13:54,22.25,5586.89,3.96,7,20,0,9,0,915,0,Free
12/8/2024 13:14:02,22.25,5587.81,3.95,7,20,0,9,0,916,0,Free
12/8/2024 13:14:33,22.25,5591.22,3.96,7,20,0,9,0,917,1648,Free
12/8/2024 13:14:40,22.25,5592.14,3.95,7,20,0,9,0,918,0,Free
12/8/2024 13:14:44,22.25,5594.29,3.95,7,20,0,9,0,919,1527,Free
12/8/2024 13:14:46,22.25,5595.45,3.95,7,20,0,9,0,920,532,Free
12/8/2024 13:14:57,22.25,5596.36,3.96,7,20,0,9,0,921,0,Free
12/8/2024 13:14:58,22.25,5597.03,3.95,7,20,0,9,0,922,39,Free
12/8/2024 13:15:03,22.25,5598.23,3.95,7,20,0,9,0,923,576,Free
12/8/2024 13:22:07,22.25,5620.15,3.96,7,20,0,9,0,924,1310,Free
12/8/2024 13:22:09,22.25,5620.79,3.96,7,20,0,9,0,925,0,Free
12/8/2024 13:22:16,22.25,5621.70,3.96,7,20,0,9,0,926,0,Free
12/8/2024 13:23:28,22.25,5636.89,3.95,7,20,0,9,0,926,0,Free
12/8/2024 13:41:40,22.25,5700.59,3.96,7,20,0,9,0,926,0,Free
12/8/2024 13:59:52,22.50,5764.30,3.95,7,20,0,9,0,926,0,Free
12/8/2024 14:18:04,22.50,5828.00,3.94,7,20,0,9,0,926,0,Free
12/8/2024 14:36:16,22.50,5891.71,3.95,7,20,0,9,0,926,0,Free
12/8/2024 14:54:28,22.50,5955.42,3.95,7,20,0,9,0,926,0,Free
12/8/2024 15:12:40,22.50,6019.12,3.95,7,20,0,9,0,926,0,Free
12/8/2024 15:14:42,22.50,6026.20,3.95,7,20,0,9,0,927,739,Free
12/8/2024 15:14:48,22.50,6030.94,3.95,7,20,0,9,0,928,4112,Free
12/8/2024 15:14:51,22.50,6031.57,3.95,7,20,0,9,0,929,0,Free
12/8/2024 15:14:55,22.50,6033.18,3.95,7,20,0,9,0,930,981,Free
12/8/2024 15:15:02,22.50,6033.81,3.95,7,20,0,9,0,931,0,Free
12/8/2024 15:15:05,22.50,6035.10,3.95,7,20,0,9,0,932,662,Free
12/8/2024 15:15:11,22.50,6036.01,3.95,7,20,0,9,0,933,0,Free
12/8/2024 15:15:14,22.50,6036.64,3.95,7,20,0,9,0,934,0,Free
12/8/2024 15:15:15,22.50,6037.26,3.95,7,20,0,9,0,935,0,Free
12/8/2024 15:15:17,22.50,6037.89,3.94,7,20,0,9,0,936,0,Free
12/8/2024 15:15:24,22.50,6038.82,3.94,7,20,0,9,0,937,13,Free
12/8/2024 15:15:27,22.50,6039.44,3.95,7,20,0,9,0,938,0,Free
12/8/2024 15:15:34,22.50,6040.90,3.95,7,20,0,9,0,939,827,Free
12/8/2024 15:15:40,22.50,6042.67,3.95,7,20,0,9,0,940,1146,Free
12/8/2024 15:15:42,22.50,6043.30,3.95,7,20,0,9,0,941,0,Free
12/8/2024 15:15:45,22.50,6046.15,3.95,7,20,0,9,0,942,2217,Free
12/8/2024 15:15:50,22.50,6046.77,3.94,7,20,0,9,0,943,0,Free
12/8/2024 15:16:14,22.50,6048.26,3.94,7,20,0,9,0,944,0,Free
12/8/2024 15:16:17,22.50,6049.01,3.95,7,20,0,9,0,945,118,Free
12/8/2024 15:16:18,22.50,6049.64,3.95,7,20,0,9,0,946,0,Free
12/8/2024 15:16:19,22.50,6050.40,3.95,7,20,0,9,0,947,126,Free
12/8/2024 15:16:20,22.50,6051.02,3.95,7,20,0,9,0,948,0,Free
12/8/2024 15:16:59,22.75,6053.36,3.95,7,20,0,9,0,949,0,Free
12/8/2024 15:17:00,22.75,6054.36,3.95,7,20,0,9,0,950,368,Free
12/8/2024 15:17:05,22.75,6055.23,3.95,7,20,0,9,0,951,247,Free
12/8/2024 15:17:08,22.75,6056.50,3.95,7,20,0,9,0,952,645,Free
12/8/2024 15:17:09,22.75,6057.30,3.95,7,20,0,9,0,953,169,Free
12/8/2024 15:17:13,22.75,6058.23,3.95,7,20,0,9,0,954,307,Free
12/8/2024 15:17:21,22.75,6059.96,3.95,7,20,0,9,0,955,809,Free
12/8/2024 15:17:23,22.75,6061.20,3.94,7,20,0,9,0,956,619,Free
12/8/2024 15:17:33,22.75,6062.58,3.95,7,20,0,9,0,957,463,Free
12/8/2024 15:17:36,22.75,6063.21,3.96,7,20,0,9,0,958,0,Free
12/8/2024 15:17:41,22.75,6063.83,3.95,7,20,0,9,0,959,0,Free
12/8/2024 15:17:50,22.75,6064.75,3.95,7,20,0,9,0,960,0,Free
12/8/2024 15:18:05,22.75,6065.94,3.95,7,20,0,9,0,961,0,Free
12/8/2024 15:20:53,22.75,6074.28,3.95,7,20,0,9,0,962,0,Free
12/8/2024 15:20:55,22.75,6075.66,3.95,7,20,0,9,0,963,757,Free
12/8/2024 15:21:03,22.75,6077.33,3.95,7,20,0,9,0,964,748,Free
12/8/2024 15:21:35,22.75,6079.39,3.95,7,20,0,9,0,965,0,Free
12/8/2024 15:28:59,22.75,6112.27,3.95,7,20,0,9,0,965,0,Free
12/8/2024 15:47:11,22.75,6175.98,3.95,7,20,0,9,0,965,0,Free
12/8/2024 16:05:23,22.75,6239.68,3.95,7,20,0,9,0,965,0,Free
12/8/2024 16:05:36,22.75,6242.80,3.95,7,20,0,9,0,966,2209,Free
12/8/2024 16:05:47,22.75,6243.72,3.95,7,20,0,9,0,967,0,Free
12/8/2024 16:05:52,22.75,6244.35,3.95,7,20,0,9,0,968,0,Free
12/8/2024 16:05:55,22.75,6244.98,3.95,7,20,0,9,0,969,0,Free
12/8/2024 16:05:58,22.75,6245.61,3.95,7,20,0,9,0,970,0,Free
12/8/2024 16:06:02,22.75,6246.54,3.95,7,20,0,9,0,971,300,Free
12/8/2024 16:06:12,22.75,6247.51,3.94,7,20,0,9,0,972,57,Free
12/8/2024 16:06:14,22.75,6248.54,3.94,7,20,0,9,0,973,403,Free
12/8/2024 16:06:16,22.75,6249.41,3.95,7,20,0,9,0,974,247,Free
12/8/2024 16:06:34,22.75,6250.94,3.94,7,20,0,9,0,975,324,Free
12/8/2024 16:06:38,22.75,6252.55,3.94,7,20,0,9,0,976,982,Free
12/8/2024 16:06:44,22.75,6253.18,3.95,7,20,0,9,0,977,0,Free
12/8/2024 16:06:50,22.75,6253.98,3.95,7,20,0,9,0,978,181,Free
12/8/2024 16:06:56,22.75,6254.82,3.94,7,20,0,9,0,979,212,Free
12/8/2024 16:06:57,22.75,6255.85,3.94,7,20,0,9,0,980,402,Free
12/8/2024 16:07:03,22.75,6256.48,3.94,7,20,0,9,0,981,0,Free
12/8/2024 16:07:04,22.75,6257.11,3.95,7,20,0,9,0,982,0,Free
12/8/2024 16:07:06,22.75,6258.18,3.95,7,20,0,9,0,983,445,Free
12/8/2024 16:07:28,22.75,6260.34,3.94,7,20,0,9,0,984,679,Free
12/8/2024 16:08:02,22.75,6262.55,3.95,7,20,0,9,0,985,151,Free
12/8/2024 16:08:09,22.75,6267.13,3.95,7,20,0,9,0,986,3946,Free
12/8/2024 16:08:19,22.75,6268.40,3.94,7,20,0,9,0,987,359,Free
12/8/2024 16:08:22,22.75,6269.09,3.95,7,20,0,9,0,988,65,Free
12/8/2024 16:08:26,22.75,6269.77,3.95,7,20,0,9,0,989,56,Free
12/8/2024 16:08:30,22.75,6270.80,3.95,7,20,0,9,0,990,393,Free
12/8/2024 16:08:52,22.75,6274.27,3.94,7,20,0,9,0,991,1985,Free
12/8/2024 16:08:55,22.75,6274.89,3.94,7,20,0,9,0,992,0,Free
12/8/2024 16:08:58,22.75,6275.93,3.94,7,20,0,9,0,993,411,Free
12/8/2024 16:22:40,22.75,6326.80,3.95,7,20,0,9,0,993,0,Free
12/8/2024 16:40:52,22.75,6390.51,3.95,7,20,0,9,0,993,0,Free
12/8/2024 16:41:15,22.75,6393.46,3.94,7,20,0,9,0,994,1467,Free
12/8/2024 16:41:20,22.75,6394.09,3.94,7,20,0,9,0,995,0,Free
12/8/2024 16:41:22,22.75,6395.38,3.94,7,20,0,9,0,996,661,Free
12/8/2024 16:41:23,22.75,6396.63,3.95,7,20,0,9,0,997,628,Free
12/8/2024 16:41:28,22.75,6397.26,3.95,7,20,0,9,0,998,0,Free
12/8/2024 16:41:29,22.75,6397.89,3.95,7,20,0,9,0,999,0,Free
12/8/2024 16:41:50,22.75,6399.38,3.94,7,20,0,9,0,1000,5,Free
12/8/2024 16:41:55,22.75,6400.03,3.94,7,20,0,9,0,1001,22,Free
12/8/2024 16:41:58,22.75,6400.66,3.95,7,20,0,9,0,1002,0,Free
12/8/2024 16:41:59,22.75,6401.38,3.95,7,20,0,9,0,1003,100,Free
12/8/2024 16:42:04,22.75,6402.10,3.95,7,20,0,9,0,1004,91,Free
12/8/2024 16:42:09,22.75,6403.65,3.95,7,20,0,9,0,1005,921,Free
12/8/2024 16:42:17,22.75,6407.71,3.95,7,20,0,9,0,1006,3428,Free
12/8/2024 16:42:18,22.75,6408.61,3.95,7,20,0,9,0,1007,273,Free
12/8/2024 16:42:28,22.75,6409.53,3.95,7,20,0,9,0,1008,0,Free
12/8/2024 16:42:30,22.75,6410.28,3.94,7,20,0,9,0,1009,126,Free
12/8/2024 16:42:32,22.75,6410.91,3.94,7,20,0,9,0,1010,0,Free
12/8/2024 16:42:50,22.75,6412.10,3.94,7,20,0,9,0,1011,0,Free
12/8/2024 16:42:56,23.00,6412.73,3.95,7,20,0,9,0,1012,0,Free
12/8/2024 16:42:58,23.00,6413.91,3.94,7,20,0,9,0,1013,550,Free
12/8/2024 16:43:05,23.00,6414.54,3.94,7,20,0,9,0,1014,0,Free
12/8/2024 16:43:08,23.00,6415.36,3.94,7,20,0,9,0,1015,195,Free
12/8/2024 16:43:12,23.00,6415.99,3.94,7,20,0,9,0,1016,0,Free
12/8/2024 16:43:14,23.00,6417.24,3.95,7,20,0,9,0,1017,619,Free
12/8/2024 16:43:17,23.00,6418.27,3.95,7,20,0,9,0,1018,411,Free
12/8/2024 16:43:33,23.00,6419.92,3.94,7,20,0,9,0,1019,446,Free
12/8/2024 16:43:54,23.00,6421.71,3.95,7,20,0,9,0,1020,300,Free
12/8/2024 16:43:59,23.00,6422.78,3.94,7,20,0,9,0,1021,446,Free
12/8/2024 16:44:02,23.00,6423.64,3.95,7,20,0,9,0,1022,229,Free
12/8/2024 16:44:08,23.00,6424.72,3.95,7,20,0,9,0,1023,161,Free
12/8/2024 16:44:12,23.00,6425.45,3.94,7,20,0,9,0,1024,109,Free
12/8/2024 16:44:16,23.00,6426.90,3.94,7,20,0,9,0,1025,817,Free
12/8/2024 16:44:20,23.00,6427.52,3.94,7,20,0,9,0,1026,0,Free
12/8/2024 16:44:28,23.00,6431.64,3.94,7,20,0,9,0,1027,3488,Free
12/8/2024 16:44:34,23.00,6432.27,3.95,7,20,0,9,0,1028,0,Free
12/8/2024 16:44:36,23.00,6432.90,3.94,7,20,0,9,0,1029,0,Free
12/8/2024 16:48:49,23.00,6445.75,3.95,7,20,0,9,0,1030,238,Free
12/8/2024 16:57:37,22.75,6482.63,3.94,7,20,0,9,0,1030,0,Free
12/8/2024 17:15:49,22.75,6546.34,3.95,7,20,0,9,0,1030,0,Free
12/8/2024 17:34:01,22.75,6610.04,3.94,7,20,0,9,0,1030,0,Free
12/8/2024 17:42:40,22.75,6636.93,3.94,7,20,0,9,0,1031,1716,Free
12/8/2024 17:42:42,22.75,6637.83,3.94,7,20,0,9,0,1032,274,Free
12/8/2024 17:42:48,22.75,6638.98,3.94,7,20,0,9,0,1033,230,Free
12/8/2024 17:42:49,22.75,6639.60,3.95,7,20,0,9,0,1034,0,Free
12/8/2024 17:43:06,22.75,6641.10,3.94,7,20,0,9,0,1035,299,Free
12/8/2024 17:43:08,22.75,6641.92,3.94,7,20,0,9,0,1036,187,Free
12/8/2024 17:43:13,22.75,6643.16,3.94,7,20,0,9,0,1037,610,Free
12/8/2024 17:43:18,22.75,6643.78,3.94,7,20,0,9,0,1038,0,Free
12/8/2024 17:43:21,22.75,6644.41,3.94,7,20,0,9,0,1039,0,Free
12/8/2024 17:43:24,22.75,6645.37,3.94,7,20,0,9,0,1040,334,Free
12/8/2024 17:43:27,22.75,6647.15,3.94,7,20,0,9,0,1041,1145,Free
12/8/2024 17:43:31,22.75,6648.11,3.94,7,20,0,9,0,1042,334,Free
12/8/2024 17:43:40,22.75,6649.78,3.95,7,20,0,9,0,1043,757,Free
12/8/2024 17:43:41,22.75,6650.53,3.94,7,20,0,9,0,1044,118,Free
12/8/2024 17:43:42,22.75,6651.16,3.94,7,20,0,9,0,1045,0,Free
12/8/2024 17:43:42,22.75,6651.79,3.93,7,20,0,9,0,1046,0,Free
12/8/2024 17:43:47,23.00,6652.62,3.94,7,20,0,9,0,1047,204,Free
12/8/2024 17:43:49,23.00,6653.34,3.94,7,20,0,9,0,1048,91,Free
12/8/2024 17:43:52,23.00,6653.97,3.94,7,20,0,9,0,1049,0,Free
12/8/2024 17:43:58,23.00,6655.14,3.94,7,20,0,9,0,1050,550,Free
12/8/2024 17:44:00,23.00,6655.79,3.94,7,20,0,9,0,1051,14,Free
12/8/2024 17:44:01,23.00,6656.87,3.94,7,20,0,9,0,1052,454,Free
12/8/2024 17:44:03,23.00,6657.69,3.94,7,20,0,9,0,1053,195,Free
12/8/2024 17:44:06,23.00,6658.38,3.94,7,20,0,9,0,1054,56,Free
12/8/2024 17:50:54,23.00,6689.55,3.94,7,20,0,9,0,1054,0,Free
12/8/2024 18:09:06,22.75,6753.25,3.94,7,20,0,9,0,1054,0,Free
12/8/2024 18:16:56,22.75,6776.14,3.94,7,20,0,9,0,1055,0,Free
12/8/2024 18:16:57,22.75,6776.77,3.94,7,20,0,9,0,1056,0,Free
12/8/2024 18:16:59,22.75,6777.45,3.94,7,20,0,9,0,1057,49,Free
12/8/2024 18:17:02,22.75,6778.20,3.94,7,20,0,9,0,1058,125,Free
12/8/2024 18:17:03,22.75,6778.88,3.94,7,20,0,9,0,1059,48,Free
12/8/2024 18:17:07,22.75,6780.50,3.94,7,20,0,9,0,1060,991,Free
12/8/2024 18:17:11,22.75,6781.16,3.95,7,20,0,9,0,1061,39,Free
12/8/2024 18:17:14,22.75,6781.79,3.94,7,20,0,9,0,1062,0,Free
12/8/2024 18:17:17,22.75,6782.84,3.94,7,20,0,9,0,1063,419,Free
12/8/2024 18:17:24,22.75,6783.75,3.94,7,20,0,9,0,1064,0,Free
12/8/2024 18:17:35,22.75,6784.75,3.94,7,20,0,9,0,1065,83,Free
12/8/2024 18:17:45,22.75,6785.70,3.94,7,20,0,9,0,1066,39,Free
12/8/2024 18:17:51,22.75,6786.32,3.94,7,20,0,9,0,1067,0,Free
12/8/2024 18:17:52,22.75,6786.96,3.94,7,20,0,9,0,1068,0,Free
12/8/2024 18:17:56,22.75,6787.59,3.94,7,20,0,9,0,1069,0,Free
12/8/2024 18:18:12,22.75,6788.79,3.94,7,20,0,9,0,1070,0,Free
12/8/2024 18:18:16,22.75,6789.60,3.94,7,20,0,9,0,1071,186,Free
12/8/2024 18:18:19,22.75,6790.23,3.94,7,20,0,9,0,1072,0,Free
12/8/2024 18:18:21,22.75,6791.14,3.94,7,20,0,9,0,1073,282,Free
12/8/2024 18:18:29,22.75,6792.60,3.94,7,20,0,9,0,1074,549,Free
12/8/2024 18:18:37,22.75,6793.51,3.94,7,20,0,9,0,1075,0,Free
12/8/2024 18:18:39,22.75,6794.25,3.94,7,20,0,9,0,1076,109,Free
12/8/2024 18:18:42,22.75,6795.06,3.94,7,20,0,9,0,1077,178,Free
12/8/2024 18:18:49,22.75,6796.12,3.94,7,20,0,9,0,1078,152,Free
12/8/2024 18:18:51,22.75,6796.75,3.94,7,20,0,9,0,1079,0,Free
12/8/2024 18:18:55,22.75,6799.54,3.94,7,20,0,9,0,1080,2165,Free
12/8/2024 18:19:02,22.75,6800.47,3.94,7,20,0,9,0,1081,13,Free
12/8/2024 18:25:50,22.75,6831.64,3.94,7,20,0,9,0,1081,0,Free
12/8/2024 18:36:17,22.75,6862.65,3.94,7,20,0,9,0,1082,696,Free
12/8/2024 18:44:00,22.50,6896.39,3.94,7,20,0,9,0,1082,0,Free
12/8/2024 18:45:08,22.50,6900.16,3.94,7,20,0,9,0,1083,0,Free
12/8/2024 18:49:26,22.50,6913.11,3.94,7,20,0,9,0,1084,334,Free
12/8/2024 18:49:46,22.50,6914.59,3.94,7,20,0,9,0,1085,0,Free
12/8/2024 18:49:48,22.50,6915.90,3.94,7,20,0,9,0,1086,679,Free
12/8/2024 18:49:52,22.50,6916.85,3.94,7,20,0,9,0,1087,324,Free
12/8/2024 18:49:53,22.50,6917.48,3.94,7,20,0,9,0,1088,0,Free
12/8/2024 18:49:55,22.50,6918.11,3.94,7,20,0,9,0,1089,0,Free
12/8/2024 18:49:57,22.50,6918.74,3.94,7,20,0,9,0,1090,0,Free
12/8/2024 18:50:00,22.50,6919.36,3.94,7,20,0,9,0,1091,0,Free
12/8/2024 18:50:15,22.50,6920.56,3.94,7,21,0,9,0,1091,0,Free
12/8/2024 18:51:07,22.50,6923.47,3.94,7,21,0,9,0,1092,0,Free
12/8/2024 18:51:25,22.50,6924.80,3.94,7,21,0,9,0,1093,126,Free
12/8/2024 18:51:33,22.50,6925.72,3.94,7,21,0,9,0,1094,0,Free
12/8/2024 18:51:44,22.50,6926.63,3.94,7,22,0,9,0,1094,0,Free
12/8/2024 18:54:17,22.50,6934.55,3.94,7,22,0,9,0,1095,161,Free
12/8/2024 18:55:00,22.50,6936.90,3.94,7,23,0,9,0,1095,0,Free
12/8/2024 18:55:03,22.50,6937.52,3.94,7,24,0,9,0,1095,0,Free
12/8/2024 18:55:06,22.50,6938.25,3.94,7,25,99,9,0,1095,0,Free
12/8/2024 18:55:10,22.50,6938.88,3.94,7,26,0,9,0,1095,0,Free
12/8/2024 18:57:56,22.50,6947.21,3.94,7,26,0,10,0,1095,0,Free
12/8/2024 19:00:07,22.50,6954.20,3.94,7,26,0,10,0,1096,367,Free
12/8/2024 19:00:11,22.50,6955.54,3.94,7,26,0,10,0,1097,713,Free
12/8/2024 19:00:13,22.50,6956.17,3.94,7,26,0,10,0,1098,0,Free
12/8/2024 19:00:15,22.50,6957.58,3.94,7,26,0,10,0,1099,775,Free
12/8/2024 19:01:09,22.50,6971.91,3.94,7,26,0,10,0,1099,0,Free
12/8/2024 19:06:44,22.50,6988.57,3.94,7,26,0,10,0,1100,342,Free
12/8/2024 19:19:21,22.50,7036.30,3.94,7,26,0,10,0,1100,0,Free
12/8/2024 19:19:35,22.50,7037.50,3.94,7,26,0,10,0,1101,5,Free
12/8/2024 19:24:58,22.50,7054.16,3.94,7,26,0,10,0,1102,904,Free
12/8/2024 19:30:24,22.50,7070.20,3.94,7,26,0,10,0,1103,0,Free
12/8/2024 19:30:27,22.50,7070.82,3.94,7,26,0,10,0,1104,0,Free
12/8/2024 19:30:28,22.50,7071.45,3.94,7,26,0,10,0,1105,0,Free
12/8/2024 19:30:36,22.50,7072.37,3.94,7,26,0,10,0,1106,0,Free
12/8/2024 19:30:37,22.50,7073.00,3.94,7,26,0,10,0,1107,0,Free
12/8/2024 19:30:40,22.50,7075.25,3.94,7,26,0,10,0,1108,1622,Free
12/8/2024 19:30:42,22.50,7075.87,3.94,7,26,0,10,0,1109,0,Free
12/8/2024 19:31:07,22.50,7077.64,3.94,7,26,0,10,0,1110,0,Free
12/8/2024 19:32:11,22.50,7081.12,3.94,7,26,0,10,0,1111,0,Free
12/8/2024 19:35:25,22.50,7090.89,3.94,7,26,0,10,0,1112,0,Free
12/8/2024 19:36:07,22.50,7093.34,3.94,7,26,0,10,0,1113,108,Free
12/8/2024 19:36:10,22.50,7094.32,3.94,7,26,0,10,0,1114,351,Free
12/8/2024 19:36:17,22.50,7095.36,3.94,7,26,0,10,0,1115,126,Free
12/8/2024 19:36:21,22.50,7095.99,3.94,7,26,0,10,0,1116,0,Free
12/8/2024 19:36:39,22.50,7108.61,3.94,7,26,0,10,0,1116,0,Free
12/8/2024 19:43:32,22.50,7132.54,3.94,7,26,0,10,0,1117,3896,Free
12/8/2024 19:43:34,22.50,7133.60,3.94,7,26,0,10,0,1118,437,Free
12/8/2024 19:43:37,22.50,7134.23,3.94,7,26,0,10,0,1119,0,Free
12/8/2024 19:43:39,22.50,7135.13,3.94,7,26,0,10,0,1120,274,Free
12/8/2024 19:43:43,22.50,7138.66,3.94,7,26,0,10,0,1121,2901,Free
12/8/2024 19:43:45,22.50,7139.48,3.94,7,26,0,10,0,1122,187,Free
12/8/2024 19:43:46,22.50,7140.10,3.94,7,26,0,10,0,1123,0,Free
12/8/2024 19:43:47,22.50,7140.73,3.94,7,26,0,10,0,1124,0,Free
12/8/2024 19:43:49,22.50,7141.78,3.94,7,26,0,10,0,1125,419,Free
12/8/2024 19:43:51,22.50,7143.07,3.94,7,26,0,10,0,1126,662,Free
12/8/2024 19:43:56,22.50,7143.84,3.94,7,26,0,10,0,1127,143,Free
12/8/2024 19:44:02,22.50,7144.94,3.94,7,26,0,10,0,1128,187,Free
12/8/2024 19:44:04,22.50,7145.57,3.94,7,26,0,10,0,1129,0,Free
12/8/2024 19:44:07,22.50,7146.20,3.94,7,26,0,10,0,1130,5,Free
12/8/2024 19:44:12,22.50,7149.41,3.94,7,26,0,10,0,1131,2581,Free
12/8/2024 19:44:17,22.50,7150.15,3.94,7,26,0,10,0,1132,109,Free
12/8/2024 19:44:22,22.50,7150.87,3.94,7,26,0,10,0,1133,92,Free
12/8/2024 19:44:28,22.50,7151.78,3.94,7,26,0,10,0,1134,281,Free
12/8/2024 19:44:36,22.50,7152.69,3.94,7,26,0,10,0,1135,0,Free
12/8/2024 19:44:38,22.50,7153.36,3.94,7,26,0,10,0,1136,39,Free
12/8/2024 19:44:42,22.50,7155.21,3.94,7,26,0,10,0,1137,1224,Free
12/8/2024 19:46:23,22.50,7162.35,3.94,7,26,0,10,0,1138,1941,Free
12/8/2024 19:46:30,22.50,7167.96,3.94,7,26,0,10,0,1139,4985,Free
12/8/2024 19:46:41,22.50,7169.55,3.94,7,26,0,10,0,1140,670,Free
12/8/2024 19:46:48,22.50,7170.91,3.94,7,26,0,10,0,1141,446,Free
12/8/2024 19:46:53,22.50,7172.73,3.94,7,26,0,10,0,1142,1198,Free
12/8/2024 19:47:04,22.50,7178.46,3.94,7,26,0,10,0,1143,4812,Free
12/8/2024 19:47:18,22.50,7182.60,3.94,7,26,0,10,0,1144,3229,Free
12/8/2024 19:47:22,22.50,7185.04,3.94,7,26,0,10,0,1145,1812,Free
12/8/2024 19:47:29,22.50,7189.73,3.94,7,26,0,10,0,1146,4060,Free
12/8/2024 19:47:36,22.50,7190.45,3.94,7,26,0,10,0,1147,91,Free
12/8/2024 19:47:37,22.50,7191.56,3.94,7,26,0,10,0,1148,481,Free
12/8/2024 19:47:38,22.50,7192.33,3.94,7,26,0,10,0,1149,144,Free
12/8/2024 19:47:40,22.50,7194.22,3.94,7,26,0,10,0,1150,1268,Free
12/8/2024 19:53:29,22.50,7222.54,3.94,7,26,0,10,0,1150,0,Free
12/8/2024 19:59:31,22.50,7240.29,3.94,7,26,0,10,0,1151,0,Free
12/8/2024 19:59:32,22.50,7241.38,3.94,7,26,0,10,0,1152,463,Free
12/8/2024 19:59:34,22.50,7242.62,3.94,7,26,0,10,0,1153,609,Free
12/8/2024 19:59:36,22.50,7243.25,3.94,7,26,0,10,0,1154,0,Free
12/8/2024 19:59:40,22.50,7243.88,3.94,7,26,0,10,0,1155,0,Free
12/8/2024 20:07:23,22.50,7266.48,3.94,7,26,0,10,0,1156,0,Free
12/8/2024 20:11:17,22.50,7289.37,3.94,7,26,0,10,0,1156,0,Free
12/8/2024 20:15:04,22.50,7302.25,3.94,7,26,0,10,0,1157,1690,Free
12/8/2024 20:15:07,22.50,7303.41,3.94,7,26,0,10,0,1158,523,Free
12/8/2024 20:15:22,22.50,7304.60,3.94,7,26,0,10,0,1159,0,Free
12/8/2024 20:15:23,22.50,7305.23,3.94,7,26,0,10,0,1160,0,Free
12/8/2024 20:15:29,22.50,7305.98,3.94,7,26,0,10,0,1161,123,Free
12/8/2024 20:15:31,22.50,7306.75,3.94,7,26,0,10,0,1162,135,Free
12/8/2024 20:15:33,22.50,7307.95,3.94,7,26,0,10,0,1163,566,Free
12/8/2024 20:15:58,22.50,7312.07,3.94,7,26,0,10,0,1164,2641,Free
12/8/2024 20:16:02,22.50,7315.51,3.94,7,26,0,10,0,1165,2806,Free
12/8/2024 20:16:19,22.50,7316.71,3.94,7,26,0,10,0,1166,0,Free
12/8/2024 20:16:28,22.50,7320.07,3.94,7,26,0,10,0,1167,2443,Free
12/8/2024 20:16:43,22.50,7321.26,3.94,7,26,0,10,0,1168,0,Free
12/8/2024 20:16:48,22.50,7322.91,3.94,7,26,0,10,0,1169,1016,Free
12/8/2024 20:16:50,22.50,7323.67,3.94,7,26,0,10,0,1170,134,Free
12/8/2024 20:16:52,22.50,7324.33,3.94,7,26,0,10,0,1171,31,Free
12/8/2024 20:17:08,22.50,7325.92,3.94,7,26,0,10,0,1172,394,Free
12/8/2024 20:21:49,22.50,7339.68,3.94,7,26,0,10,0,1173,0,Free
12/8/2024 20:21:51,22.50,7340.85,3.94,7,26,0,10,0,1174,541,Free
12/8/2024 20:24:16,22.50,7348.69,3.94,7,26,0,10,0,1175,368,Free
12/8/2024 20:24:19,22.50,7349.32,3.94,7,26,0,10,0,1176,0,Free
12/8/2024 20:24:25,22.50,7349.95,3.94,7,26,0,10,0,1177,0,Free
12/8/2024 20:25:50,22.50,7354.34,3.94,7,26,0,11,56,1177,0,Free
12/8/2024 20:26:18,22.50,7356.11,3.94,7,26,0,12,0,1177,0,Free
12/8/2024 20:26:19,22.50,7356.78,3.94,7,26,0,13,40,1177,0,Free
12/8/2024 20:28:31,22.50,7374.82,3.94,7,26,0,13,0,1177,0,Free
12/8/2024 20:31:44,22.50,7384.61,3.94,7,26,0,13,0,1178,31,Free
12/8/2024 20:31:52,22.50,7385.53,3.94,7,26,0,13,0,1179,0,Free
12/8/2024 20:34:32,22.50,7393.58,3.94,7,26,0,13,0,1180,0,Free
12/8/2024 20:34:35,22.50,7394.74,3.94,7,26,0,13,0,1181,541,Free
12/8/2024 20:35:34,22.50,7397.94,3.94,7,26,0,13,0,1182,0,Free
12/8/2024 20:35:38,22.50,7398.70,3.94,7,26,0,13,0,1183,134,Free
12/8/2024 20:35:45,22.50,7400.20,3.94,7,26,0,13,0,1184,584,Free
12/8/2024 20:36:37,22.50,7404.01,3.94,7,26,0,13,0,1185,895,Free
12/8/2024 20:36:40,22.50,7404.65,3.94,7,26,0,13,0,1186,5,Free
12/8/2024 20:36:47,22.50,7405.49,3.94,7,26,0,13,0,1187,210,Free
12/8/2024 20:36:50,22.50,7406.12,3.94,7,26,0,13,0,1188,0,Free
12/8/2024 20:36:55,22.50,7406.79,3.94,7,26,0,13,0,1189,49,Free
12/8/2024 20:36:56,22.50,7407.62,3.94,7,26,0,13,0,1190,204,Free
12/8/2024 20:37:00,22.50,7410.68,3.94,7,26,0,13,0,1191,2425,Free
12/8/2024 20:37:02,22.50,7411.30,3.94,7,26,0,13,0,1192,0,Free
12/8/2024 20:37:07,22.50,7412.06,3.94,7,26,0,13,0,1193,126,Free
12/8/2024 20:37:21,22.50,7416.18,3.94,7,26,0,13,0,1194,3202,Free
12/8/2024 20:37:27,22.50,7420.96,3.94,7,26,0,13,0,1195,4162,Free
12/8/2024 20:37:32,22.50,7422.01,3.94,7,26,0,13,0,1196,420,Free
12/8/2024 20:37:35,22.50,7423.27,3.94,7,26,0,13,0,1197,635,Free
12/8/2024 20:37:36,22.50,7424.23,3.94,7,26,0,13,0,1198,324,Free
12/8/2024 20:37:44,22.50,7426.09,3.94,7,26,0,13,0,1199,955,Free
12/8/2024 20:37:48,22.50,7426.72,3.94,7,26,0,13,0,1200,0,Free
12/8/2024 20:37:49,22.50,7427.35,3.94,7,26,0,13,0,1201,0,Free
12/8/2024 20:38:55,22.50,7430.91,3.94,7,26,0,13,0,1202,75,Free
12/8/2024 20:40:58,22.50,7437.25,3.94,7,26,0,13,0,1203,5,Free
12/8/2024 20:41:12,22.50,7438.60,3.94,7,26,0,13,0,1204,151,Free
12/8/2024 20:41:37,22.50,7440.39,3.94,7,26,0,13,0,1205,22,Free
12/8/2024 20:41:51,22.50,7441.61,3.94,7,26,0,13,0,1206,22,Free
12/8/2024 20:42:56,22.50,7445.09,3.94,7,26,0,13,0,1207,0,Free
12/8/2024 20:44:13,22.50,7449.15,3.94,7,27,0,13,0,1207,0,Free
12/8/2024 20:44:19,22.50,7450.06,3.94,7,28,0,13,0,1207,0,Free
12/8/2024 20:45:20,22.50,7464.68,3.94,7,28,0,13,0,1207,0,Free
12/8/2024 20:50:34,22.50,7480.29,3.94,7,28,0,13,0,1208,143,Free
12/8/2024 20:51:02,22.50,7482.07,3.94,7,28,0,13,0,1209,13,Free
12/8/2024 20:51:04,22.50,7483.23,3.94,7,28,0,13,0,1210,523,Free
12/8/2024 21:00:06,22.50,7509.58,3.94,7,28,0,13,0,1211,30,Free
12/8/2024 21:00:08,22.50,7510.20,3.94,7,28,0,13,0,1212,0,Free
12/8/2024 21:03:15,22.50,7530.81,3.94,7,28,0,13,0,1212,0,Free
12/8/2024 21:16:28,22.50,7569.11,3.94,7,28,0,13,0,1213,0,Free
12/8/2024 21:16:30,22.50,7570.26,3.94,7,28,0,13,0,1214,514,Free
12/8/2024 21:16:38,22.50,7571.17,3.94,7,28,0,13,0,1215,0,Free
12/8/2024 21:17:07,22.50,7572.96,3.94,7,28,0,13,0,1216,22,Free
12/8/2024 21:21:13,22.50,7596.43,3.94,7,28,0,13,0,1216,0,Free
12/8/2024 21:21:25,22.50,7597.73,3.94,7,28,0,13,0,1217,108,Free
12/8/2024 21:21:28,22.50,7599.03,3.94,7,28,0,13,0,1218,670,Free
12/8/2024 21:34:45,22.50,7637.90,3.94,7,28,0,13,0,1219,568,Free
12/8/2024 21:39:16,22.50,7662.51,3.94,7,28,0,13,0,1219,0,Free
12/8/2024 21:42:16,22.50,7671.70,3.94,7,28,0,13,0,1220,0,Free
12/8/2024 21:42:22,22.50,7673.44,3.94,7,28,0,13,0,1221,1111,Free
12/8/2024 21:42:26,22.50,7674.17,3.94,7,28,0,13,0,1222,99,Free
12/8/2024 21:42:29,22.50,7675.56,3.94,7,28,0,13,0,1223,765,Free
12/8/2024 21:42:34,22.50,7678.01,3.94,7,28,0,13,0,1224,1820,Free
12/8/2024 21:42:39,22.50,7678.64,3.94,7,28,0,13,0,1225,0,Free
12/8/2024 21:42:49,22.50,7681.34,3.94,7,28,0,13,0,1226,1794,Free
12/8/2024 21:42:55,22.50,7685.61,3.94,7,28,0,13,0,1227,3643,Free
12/8/2024 21:42:56,22.50,7686.67,3.94,7,28,0,13,0,1228,428,Free
12/8/2024 21:42:57,22.50,7687.64,3.94,7,28,0,13,0,1229,342,Free
12/8/2024 21:43:06,22.50,7689.60,3.94,7,28,0,13,0,1230,1051,Free
12/8/2024 21:43:08,22.50,7690.36,3.93,7,28,0,13,0,1231,126,Free
12/8/2024 21:43:13,22.50,7692.08,3.94,7,28,0,13,0,1232,1094,Free
12/8/2024 21:43:16,22.50,7695.67,3.94,7,28,0,13,0,1233,2961,Free
12/8/2024 21:43:17,22.50,7696.34,3.94,7,28,0,13,0,1234,31,Free
12/8/2024 21:43:20,22.50,7697.82,3.94,7,28,0,13,0,1235,851,Free
12/8/2024 21:43:23,22.50,7699.74,3.94,7,28,0,13,0,1236,1294,Free
12/8/2024 21:45:57,22.50,7707.80,3.93,7,28,0,13,0,1237,290,Free
12/8/2024 21:52:09,22.50,7726.50,3.94,7,28,0,13,0,1238,670,Free
12/8/2024 21:53:33,22.50,7730.84,3.94,7,28,0,13,0,1239,0,Free
12/8/2024 21:53:40,22.50,7731.76,3.93,7,28,0,13,0,1240,0,Free
12/8/2024 21:53:41,22.50,7732.44,3.94,7,28,0,13,0,1241,56,Free
12/8/2024 21:56:29,22.50,7752.19,3.94,7,28,0,13,0,1241,0,Free
12/8/2024 21:59:44,22.50,7762.33,3.94,7,28,0,13,0,1242,377,Free
12/8/2024 22:01:13,22.50,7767.90,3.94,7,28,0,13,0,1243,947,Free
12/8/2024 22:01:16,22.50,7769.26,3.94,7,28,0,13,0,1244,732,Free
12/8/2024 22:01:27,22.50,7770.28,3.94,7,28,0,13,0,1245,108,Free
12/8/2024 22:01:29,22.50,7771.92,3.94,7,28,0,13,0,1246,1008,Free
12/8/2024 22:01:35,22.50,7772.55,3.94,7,28,0,13,0,1247,0,Free
12/8/2024 22:01:38,22.50,7773.49,3.94,7,28,0,13,0,1248,315,Free
12/8/2024 22:14:25,22.50,7821.79,3.94,7,28,0,13,0,1248,0,Free
12/8/2024 22:18:43,22.75,7836.22,3.94,7,28,0,13,0,1249,1820,Free
12/8/2024 22:25:14,22.75,7858.03,3.94,7,28,0,13,0,1250,2909,Free
12/8/2024 22:25:17,22.75,7858.68,3.94,7,28,0,13,0,1251,22,Free
12/8/2024 22:25:26,22.75,7859.81,3.94,7,28,0,13,0,1252,220,Free
12/8/2024 22:25:32,22.75,7860.71,3.94,7,28,0,13,0,1253,271,Free
12/8/2024 22:25:45,22.75,7862.02,3.94,7,28,0,13,0,1254,118,Free
12/8/2024 22:25:53,22.75,7867.47,3.94,7,28,0,13,0,1255,4820,Free
12/8/2024 22:25:54,22.75,7868.10,3.94,7,28,0,13,0,1256,0,Free
12/8/2024 22:25:55,22.75,7868.73,3.93,7,28,0,13,0,1257,0,Free
12/8/2024 22:25:56,22.75,7869.40,3.94,7,28,0,13,0,1258,39,Free
12/8/2024 22:26:01,22.75,7871.34,3.94,7,28,0,13,0,1259,1301,Free
12/8/2024 22:26:03,22.75,7872.19,3.94,7,28,0,13,0,1260,229,Free
12/8/2024 22:26:12,22.75,7875.15,3.94,7,28,0,13,0,1261,2045,Free
12/8/2024 22:26:17,22.75,7878.33,3.94,7,28,0,13,0,1262,2555,Free
12/8/2024 22:26:25,22.75,7882.01,3.94,7,28,0,13,0,1263,3048,Free
12/8/2024 22:26:29,22.75,7882.81,3.93,7,28,0,13,0,1264,169,Free
12/8/2024 22:27:13,22.75,7885.44,3.94,7,28,0,13,0,1265,0,Free
12/8/2024 22:30:56,22.75,7896.62,3.94,7,29,0,13,0,1265,0,Free
12/8/2024 22:31:05,22.75,7897.54,3.94,7,29,0,14,0,1265,0,Free
12/8/2024 22:31:53,22.75,7911.58,3.94,7,29,0,14,0,1265,0,Free
12/8/2024 22:35:26,22.75,7922.20,3.94,7,29,0,14,0,1266,0,Free
12/8/2024 22:37:23,22.75,7928.25,3.94,7,29,0,14,0,1267,0,Free
12/8/2024 22:37:49,22.75,7930.26,3.94,7,30,238,14,0,1267,0,Free
12/8/2024 22:49:55,22.75,7976.56,3.94,7,30,0,14,0,1267,0,Free
12/8/2024 22:52:06,22.75,7984.98,3.94,7,30,0,14,0,1268,1803,Free
12/8/2024 22:53:26,22.75,7989.32,3.94,7,30,0,14,0,1269,0,Free
12/8/2024 22:54:15,22.75,7993.59,3.94,7,30,0,14,0,1270,1353,Free
12/8/2024 22:54:27,22.75,7994.50,3.94,7,30,0,14,0,1271,0,Free
12/8/2024 22:55:29,22.75,7998.08,3.94,7,30,0,14,0,1272,100,Free
12/8/2024 22:55:31,22.75,7999.06,3.94,7,30,0,14,0,1273,351,Free
12/8/2024 22:55:39,22.75,7999.97,3.94,7,30,0,14,0,1274,0,Free
12/8/2024 22:55:40,22.75,8000.60,3.94,7,30,0,14,0,1275,0,Free
12/8/2024 22:55:42,22.75,8001.23,3.94,7,30,0,14,0,1276,0,Free
12/8/2024 22:55:43,22.75,8002.03,3.94,7,30,0,14,0,1277,169,Free
12/8/2024 22:56:03,22.75,8003.51,3.93,7,30,0,14,0,1278,0,Free
12/8/2024 22:56:08,22.75,8004.14,3.94,7,30,0,14,0,1279,0,Free
12/8/2024 22:56:23,22.75,8005.34,3.94,7,30,0,14,0,1280,0,Free
12/8/2024 22:58:14,22.75,8011.11,3.94,7,31,0,14,0,1280,0,Free
12/8/2024 22:58:15,22.75,8011.74,3.94,7,32,0,14,0,1280,0,Free
12/8/2024 22:58:43,22.75,8013.51,3.94,7,32,0,15,0,1280,0,Free
12/8/2024 23:02:49,22.75,8025.55,3.94,7,32,0,15,0,1281,0,Free
12/8/2024 23:03:07,22.75,8026.80,3.94,7,32,0,15,0,1282,50,Free
12/8/2024 23:03:11,22.75,8028.27,3.93,7,32,0,15,0,1283,843,Free
12/8/2024 23:03:13,22.75,8028.94,3.94,7,32,0,15,0,1284,39,Free
12/8/2024 23:03:15,22.75,8030.21,3.94,7,32,0,15,0,1285,635,Free
12/8/2024 23:03:22,22.75,8031.11,3.94,7,32,0,15,0,1286,281,Free
12/8/2024 23:03:26,22.75,8031.74,3.93,7,33,0,15,0,1286,0,Free
12/8/2024 23:03:28,22.75,8032.80,3.94,7,33,0,15,0,1287,428,Free
12/8/2024 23:03:30,22.75,8033.43,3.93,7,33,0,15,0,1288,0,Free
12/8/2024 23:03:32,22.75,8034.39,3.94,7,33,0,15,0,1289,333,Free
12/8/2024 23:03:40,22.75,8035.75,3.94,7,33,0,15,0,1290,446,Free
12/8/2024 23:03:44,22.75,8036.38,3.94,7,34,0,15,0,1290,0,Free
12/8/2024 23:04:03,22.75,8037.86,3.93,7,34,0,15,0,1291,0,Free
12/8/2024 23:06:39,22.75,8057.04,3.94,7,34,0,15,0,1291,0,Free
12/8/2024 23:17:03,22.75,8087.07,3.94,7,34,0,15,0,1292,0,Free
12/8/2024 23:21:00,22.75,8098.83,3.93,7,34,0,15,0,1293,0,Free
12/8/2024 23:24:47,22.75,8121.44,3.93,7,34,0,15,0,1293,0,Free
12/8/2024 23:30:28,22.75,8139.81,3.94,7,34,0,15,0,1294,1760,Free
12/8/2024 23:30:33,22.75,8141.88,3.94,7,34,0,15,0,1295,1439,Free
12/8/2024 23:30:43,22.75,8142.91,3.94,7,34,0,15,0,1296,116,Free
12/8/2024 23:30:47,22.75,8143.55,3.93,7,34,0,15,0,1297,13,Free
12/8/2024 23:30:50,22.75,8145.25,3.94,7,34,0,15,0,1298,1077,Free
12/8/2024 23:30:52,22.75,8146.06,3.94,7,34,0,15,0,1299,178,Free
12/8/2024 23:30:53,22.75,8147.22,3.93,7,34,0,15,0,1300,532,Free
12/8/2024 23:30:57,22.75,8147.94,3.93,7,34,0,15,0,1301,83,Free
12/8/2024 23:30:59,22.75,8148.75,3.94,7,34,0,15,0,1302,178,Free
12/8/2024 23:31:00,22.75,8149.37,3.93,7,34,0,15,0,1303,0,Free
12/8/2024 23:31:01,22.75,8150.27,3.94,7,34,0,15,0,1304,264,Free
12/8/2024 23:31:02,22.75,8151.04,3.93,7,34,0,15,0,1305,152,Free
12/8/2024 23:31:10,22.75,8151.96,3.93,7,34,0,15,0,1306,5,Free
12/8/2024 23:31:11,22.75,8152.69,3.93,7,34,0,15,0,1307,100,Free
12/8/2024 23:31:14,22.75,8153.37,3.93,7,34,0,15,0,1308,48,Free
12/8/2024 23:31:15,22.75,8154.00,3.94,7,34,0,15,0,1309,0,Free
12/8/2024 23:31:19,22.75,8154.62,3.93,7,34,0,15,0,1310,0,Free
12/8/2024 23:31:27,22.75,8155.99,3.94,7,34,0,15,0,1311,455,Free
12/8/2024 23:31:30,22.75,8156.62,3.93,7,34,0,15,0,1312,0,Free
12/8/2024 23:31:33,22.75,8157.49,3.94,7,34,0,15,0,1313,247,Free
12/8/2024 23:31:35,22.75,8158.12,3.93,7,34,0,15,0,1314,0,Free
12/8/2024 23:31:49,22.75,8159.46,3.93,7,34,0,15,0,1315,143,Free
12/8/2024 23:31:54,22.75,8160.42,3.94,7,34,0,15,0,1316,324,Free
12/8/2024 23:31:57,22.75,8161.84,3.94,7,34,0,15,0,1317,791,Free
12/8/2024 23:32:03,22.75,8162.60,3.94,7,34,0,15,0,1318,140,Free
12/8/2024 23:33:43,22.75,8167.80,3.94,7,34,0,15,0,1319,0,Free
12/8/2024 23:33:49,22.75,8169.65,3.94,7,34,0,15,0,1320,1223,Free
12/8/2024 23:37:02,22.75,8179.41,3.94,7,35,0,15,0,1320,0,Free
12/8/2024 23:37:04,22.75,8180.04,3.93,7,36,0,15,0,1320,0,Free
12/8/2024 23:37:09,22.75,8180.67,3.93,7,37,0,15,0,1320,0,Free
12/8/2024 23:37:11,22.75,8181.29,3.93,7,38,0,15,0,1320,0,Free
12/8/2024 23:37:20,22.75,8182.21,3.94,7,39,0,15,0,1320,0,Free
12/8/2024 23:37:24,22.75,8182.84,3.94,7,40,0,15,0,1320,0,Free
12/8/2024 23:37:27,22.75,8183.47,3.93,7,41,0,15,0,1320,0,Free
12/8/2024 23:37:28,22.75,8184.10,3.93,7,42,0,15,0,1320,0,Free
12/8/2024 23:37:29,22.75,8184.74,3.93,7,43,5,15,0,1320,0,Free
12/8/2024 23:38:30,22.75,8188.22,3.93,7,44,0,15,0,1320,0,Free
12/8/2024 23:38:32,22.75,8188.85,3.94,7,44,0,15,0,1321,0,Free
12/8/2024 23:38:38,22.75,8189.47,3.94,7,44,0,15,0,1322,0,Free
12/8/2024 23:38:42,22.75,8190.10,3.94,7,44,0,15,0,1323,0,Free
12/8/2024 23:38:44,22.75,8190.73,3.94,7,44,0,15,0,1324,1,Free
12/8/2024 23:38:48,22.75,8191.53,3.93,7,44,0,15,0,1325,169,Free
12/8/2024 23:38:50,22.75,8192.15,3.94,7,44,0,15,0,1326,0,Free
12/8/2024 23:38:52,22.75,8193.30,3.94,7,44,0,15,0,1327,515,Free
12/8/2024 23:39:04,22.75,8194.21,3.93,7,44,0,15,0,1328,0,Free
12/8/2024 23:39:23,22.75,8195.70,3.93,7,44,0,15,0,1329,0,Free
12/8/2024 23:40:35,22.75,8210.88,3.94,7,44,0,15,0,1329,0,Free
12/8/2024 23:42:10,22.75,8216.01,3.93,7,44,0,15,0,1330,221,Free
12/8/2024 23:42:12,22.75,8218.01,3.93,7,44,0,15,0,1331,1371,Free
12/8/2024 23:42:19,22.75,8219.90,3.93,7,44,0,15,0,1332,1258,Free
12/8/2024 23:42:24,22.75,8222.82,3.93,7,44,0,15,0,1333,2296,Free
12/8/2024 23:42:26,22.75,8224.06,3.93,7,44,0,15,0,1334,610,Free
12/8/2024 23:43:31,22.75,8227.54,3.94,7,44,0,15,0,1335,0,Free
12/8/2024 23:44:48,22.75,8231.60,3.93,7,44,0,15,0,1336,0,Free
12/8/2024 23:50:31,22.75,8248.55,3.93,7,44,0,15,0,1337,56,Free
12/8/2024 23:50:34,22.75,8250.91,3.93,7,44,0,15,0,1338,1734,Free
12/8/2024 23:50:39,22.75,8253.34,3.93,7,44,0,15,0,1339,1803,Free
12/8/2024 23:50:40,22.75,8253.97,3.94,7,44,0,15,0,1340,0,Free
12/8/2024 23:50:50,22.75,8257.03,3.93,7,44,0,15,0,1341,2148,Free
12/8/2024 23:50:54,22.75,8257.70,3.93,7,44,0,15,0,1342,39,Free
12/8/2024 23:50:59,22.75,8260.55,3.94,7,44,0,15,0,1343,2218,Free
12/8/2024 23:51:05,22.75,8261.56,3.93,7,44,0,15,0,1344,377,Free
12/8/2024 23:58:17,22.75,8293.87,3.94,7,44,0,15,0,1344,0,Free
12/9/2024 0:00:45,22.75,8301.35,3.94,7,44,0,15,0,1345,0,Free
12/9/2024 0:00:49,22.75,8301.98,3.94,7,44,0,15,0,1346,0,Free
12/9/2024 0:01:07,22.75,8304.28,3.93,7,44,0,15,0,1347,1103,Free
12/9/2024 0:01:09,22.75,8306.20,3.93,7,44,0,15,0,1348,1294,Free
12/9/2024 0:01:12,22.75,8308.66,3.93,7,44,0,15,0,1349,1829,Free
12/9/2024 0:01:16,22.75,8311.83,3.93,7,44,0,15,0,1350,2541,Free
12/9/2024 0:08:03,22.75,8332.87,3.94,7,44,0,15,0,1351,1292,Free
12/9/2024 0:14:44,22.75,8352.33,3.93,7,45,0,15,0,1351,0,Free
12/9/2024 0:16:14,22.75,8368.38,3.93,7,45,0,15,0,1351,0,Free
12/9/2024 0:34:26,22.75,8432.08,3.94,7,45,0,15,0,1351,0,Free
12/9/2024 0:50:42,22.75,8478.95,3.93,7,45,0,15,0,1352,0,Free
12/9/2024 0:50:45,22.75,8480.11,3.94,7,45,0,15,0,1353,533,Free
12/9/2024 0:50:52,22.75,8481.06,3.93,7,45,0,15,0,1354,39,Free
12/9/2024 0:50:57,22.75,8481.77,3.93,7,45,0,15,0,1355,82,Free
12/9/2024 0:52:27,22.75,8497.81,3.93,7,45,0,15,0,1355,0,Free
12/9/2024 1:10:39,22.75,8561.52,3.93,7,45,0,15,0,1355,0,Free
12/9/2024 1:21:41,22.75,8593.54,3.93,7,45,0,15,0,1356,0,Free
12/9/2024 1:21:42,22.75,8594.21,3.92,7,45,0,15,0,1357,39,Free
12/9/2024 1:21:49,22.75,8595.13,3.93,7,45,0,15,0,1358,0,Free
12/9/2024 1:21:57,22.75,8596.04,3.94,7,45,0,15,0,1359,0,Free
12/9/2024 1:21:58,22.75,8596.67,3.93,7,45,0,15,0,1360,0,Free
12/9/2024 1:22:04,22.75,8597.30,3.93,7,45,0,15,0,1361,0,Free
12/9/2024 1:22:10,22.75,8597.92,3.93,7,45,0,15,0,1362,0,Free
12/9/2024 1:22:12,22.75,8598.56,3.93,7,45,0,15,0,1363,5,Free
12/9/2024 1:22:22,22.75,8599.47,3.94,7,45,0,15,0,1364,0,Free
12/9/2024 1:22:24,22.50,8601.12,3.93,7,45,0,15,0,1365,1016,Free
12/9/2024 1:22:27,22.50,8602.00,3.93,7,45,0,15,0,1366,247,Free
12/9/2024 1:22:47,22.50,8603.48,3.93,7,45,0,15,0,1367,0,Free
12/9/2024 1:23:00,22.50,8604.68,3.93,7,45,0,15,0,1368,0,Free
12/9/2024 1:23:03,22.50,8605.31,3.93,7,45,0,15,0,1369,0,Free
12/9/2024 1:23:14,22.50,8606.91,3.93,7,45,0,15,0,1370,688,Free
12/9/2024 1:23:15,22.50,8607.54,3.93,7,45,0,15,0,1371,0,Free
12/9/2024 1:23:16,22.50,8608.17,3.93,7,45,0,15,0,1372,0,Free
12/9/2024 1:27:52,22.75,8633.06,3.93,7,45,0,15,0,1372,0,Free
12/9/2024 1:28:14,22.75,8635.49,3.93,7,45,0,15,0,1373,947,Free
12/9/2024 1:29:03,22.75,8638.40,3.93,7,45,0,15,0,1374,0,Free
12/9/2024 1:30:51,22.75,8644.16,3.93,7,45,0,15,0,1375,282,Free
12/9/2024 1:38:01,22.75,8665.06,3.93,7,45,0,16,0,1375,0,Free
12/9/2024 1:38:55,22.75,8668.33,3.93,7,45,0,16,0,1376,368,Free
12/9/2024 1:38:58,22.75,8668.98,3.93,7,45,0,16,0,1377,23,Free
12/9/2024 1:39:00,22.75,8670.07,3.93,7,45,0,16,0,1378,455,Free
12/9/2024 1:39:02,22.75,8670.79,3.93,7,45,0,16,0,1379,92,Free
12/9/2024 1:39:05,22.75,8671.50,3.93,7,45,0,16,0,1380,82,Free
12/9/2024 1:39:07,22.75,8673.29,3.93,7,45,0,16,0,1381,1163,Free
12/9/2024 1:39:10,22.75,8675.39,3.93,7,45,0,16,0,1382,1476,Free
12/9/2024 1:39:14,22.75,8679.16,3.92,7,45,0,16,0,1383,3135,Free
12/9/2024 1:39:15,22.75,8680.28,3.93,7,45,0,16,0,1384,489,Free
12/9/2024 1:39:23,22.75,8682.88,3.93,7,45,0,16,0,1385,1975,Free
12/9/2024 1:39:25,22.75,8683.51,3.93,7,45,0,16,0,1386,0,Free
12/9/2024 1:41:14,22.75,8689.27,3.93,7,46,0,16,0,1386,0,Free
12/9/2024 1:41:22,22.75,8690.19,3.93,7,47,0,16,0,1386,0,Free
12/9/2024 1:42:44,22.75,8694.52,3.93,7,47,0,16,0,1387,0,Free
12/9/2024 1:43:20,22.75,8696.59,3.93,7,47,0,16,0,1388,0,Free
12/9/2024 1:43:23,22.75,8697.27,3.93,7,47,0,16,0,1389,57,Free
12/9/2024 1:43:25,22.75,8697.90,3.93,7,47,0,16,0,1390,0,Free
12/9/2024 1:43:27,22.75,8699.33,3.93,7,47,0,16,0,1391,809,Free
12/9/2024 1:43:31,22.75,8702.67,3.94,7,47,0,16,0,1392,2709,Free
12/9/2024 1:43:32,22.75,8703.30,3.93,7,47,0,16,0,1393,0,Free
12/9/2024 1:43:33,22.75,8703.93,3.93,7,47,0,16,0,1394,0,Free
12/9/2024 1:43:34,22.75,8704.89,3.93,7,47,0,16,0,1395,333,Free
12/9/2024 1:43:36,22.75,8706.01,3.93,7,47,0,16,0,1396,489,Free
12/9/2024 1:43:39,22.75,8707.57,3.93,7,47,0,16,0,1397,930,Free
12/9/2024 1:43:40,22.75,8708.61,3.93,7,47,0,16,0,1398,419,Free
12/9/2024 1:43:41,22.75,8709.29,3.93,7,47,0,16,0,1399,48,Free
12/9/2024 1:43:45,22.75,8711.45,3.93,7,47,0,16,0,1400,1535,Free
12/9/2024 1:43:58,22.75,8713.10,3.93,7,47,0,16,0,1401,446,Free
12/9/2024 1:44:00,22.75,8714.07,3.93,7,47,0,16,0,1402,342,Free
12/9/2024 1:44:02,22.75,8715.93,3.93,7,47,0,16,0,1403,1232,Free
12/9/2024 1:44:15,22.75,8728.26,3.93,7,47,0,16,0,1403,0,Free
12/9/2024 1:44:28,22.75,8729.46,3.93,7,47,0,16,0,1404,0,Free
12/9/2024 1:45:12,22.75,8732.08,3.93,7,47,0,16,0,1405,0,Free
12/9/2024 1:45:43,22.75,8734.14,3.93,7,47,0,16,0,1406,0,Free
12/9/2024 1:45:46,22.75,8735.89,3.93,7,47,0,16,0,1407,1125,Free
12/9/2024 1:45:50,22.75,8736.52,3.93,7,47,0,16,0,1408,0,Free
12/9/2024 1:45:52,22.75,8737.22,3.93,7,47,0,16,0,1409,65,Free
12/9/2024 1:46:23,22.75,8739.28,3.93,7,47,0,16,0,1410,0,Free
12/9/2024 1:46:26,22.75,8739.90,3.93,7,47,0,16,0,1411,0,Free
12/9/2024 1:49:50,22.75,8749.95,3.93,7,47,0,16,0,1412,0,Free
12/9/2024 1:55:21,22.75,8767.62,3.93,7,47,0,16,0,1413,1620,Free
12/9/2024 1:55:34,22.75,8768.82,3.93,7,47,0,16,0,1414,0,Free
12/9/2024 1:58:59,22.75,8779.20,3.93,7,47,0,16,0,1415,56,Free
12/9/2024 2:00:20,22.75,8783.54,3.93,7,47,0,16,0,1416,0,Free
12/9/2024 2:01:44,22.75,8799.30,3.93,7,47,0,16,0,1416,0,Free
12/9/2024 2:02:26,22.75,8801.73,3.93,7,47,0,16,0,1417,88,Free
12/9/2024 2:11:17,22.75,8827.47,3.93,7,47,0,16,0,1418,0,Free
12/9/2024 2:11:19,22.75,8828.31,3.93,7,47,0,16,0,1419,204,Free
12/9/2024 2:11:25,22.75,8828.93,3.93,7,48,0,16,0,1419,0,Free
12/9/2024 2:11:45,22.75,8830.42,3.93,7,49,0,16,0,1419,0,Free
12/9/2024 2:15:47,22.75,8842.46,3.93,7,50,0,16,0,1419,0,Free
12/9/2024 2:15:51,22.75,8843.27,3.93,7,51,178,16,0,1419,0,Free
12/9/2024 2:15:57,22.75,8844.18,3.93,7,51,0,16,0,1420,0,Free
12/9/2024 2:16:35,22.75,8846.61,3.93,7,51,0,16,0,1421,82,Free
12/9/2024 2:16:37,22.75,8847.23,3.93,7,51,0,16,0,1422,0,Free
12/9/2024 2:18:36,22.75,8853.28,3.93,7,51,0,16,0,1423,0,Free
12/9/2024 2:18:46,22.75,8854.20,3.93,7,51,0,16,0,1424,0,Free
12/9/2024 2:19:08,22.75,8856.90,3.93,7,51,0,16,0,1425,1222,Free
12/9/2024 2:19:21,22.75,8869.24,3.93,7,51,0,16,0,1425,0,Free
12/9/2024 2:19:46,22.75,8871.00,3.93,7,51,0,16,0,1426,0,Free
12/9/2024 2:24:09,22.75,8884.03,3.93,7,51,0,16,0,1427,125,Free
12/9/2024 2:24:19,22.75,8885.06,3.93,7,51,0,16,0,1428,117,Free
12/9/2024 2:37:25,22.75,8934.21,3.93,7,51,0,16,0,1428,0,Free
12/9/2024 2:49:16,22.75,8968.54,3.93,7,51,0,16,0,1429,22,Free
12/9/2024 2:49:17,22.75,8969.17,3.93,7,51,0,16,0,1430,0,Free
12/9/2024 2:49:25,22.75,8970.19,3.93,7,51,0,16,0,1431,108,Free
12/9/2024 2:49:26,22.75,8970.82,3.93,7,51,0,16,0,1432,0,Free
12/9/2024 2:49:30,22.75,8971.46,3.93,7,51,0,16,0,1433,0,Free
12/9/2024 2:49:32,22.75,8972.97,3.93,7,51,0,16,0,1434,878,Free
12/9/2024 2:49:33,22.75,8973.73,3.93,7,51,0,16,0,1435,134,Free
12/9/2024 2:49:39,22.75,8979.59,3.91,7,51,0,16,0,1436,5234,Free
12/9/2024 2:49:42,22.75,8980.38,3.93,7,51,0,16,0,1437,161,Free
12/9/2024 2:49:50,22.75,8983.21,3.93,7,51,0,16,0,1438,2206,Free
12/9/2024 2:49:51,22.75,8983.95,3.91,7,51,0,16,0,1439,109,Free
12/9/2024 2:50:05,22.75,8985.15,3.93,7,51,0,16,0,1440,0,Free
12/9/2024 2:50:22,22.75,8986.35,3.93,7,51,0,16,0,1441,0,Free
12/9/2024 2:53:55,22.75,9000.02,3.93,7,51,0,16,0,1442,3334,Free
12/9/2024 2:55:01,22.75,9014.92,3.93,7,51,0,16,0,1442,0,Free
12/9/2024 3:13:13,22.75,9078.62,3.93,7,51,0,16,0,1442,0,Free
12/9/2024 3:25:40,22.75,9114.64,3.93,7,51,0,16,0,1443,0,Free
12/9/2024 3:30:44,22.75,9129.54,3.93,7,51,0,16,0,1444,0,Free
12/9/2024 3:31:20,22.75,9143.01,3.93,7,51,0,16,0,1444,0,Free
12/9/2024 3:33:05,22.75,9149.25,3.93,7,51,0,16,0,1445,757,Free
12/9/2024 3:42:19,22.75,9176.14,3.93,7,51,0,16,0,1446,0,Free
12/9/2024 3:42:20,22.75,9176.93,3.93,7,51,0,16,0,1447,160,Free
12/9/2024 3:42:31,22.75,9177.84,3.93,7,52,5,16,0,1447,0,Free
12/9/2024 3:42:32,22.75,9178.55,3.93,7,53,74,16,0,1447,0,Free
12/9/2024 3:44:16,22.75,9184.15,3.93,7,53,0,16,0,1448,119,Free
12/9/2024 3:44:19,22.75,9185.44,3.93,7,53,0,16,0,1449,670,Free
12/9/2024 3:44:23,22.75,9186.66,3.93,7,53,0,16,0,1450,593,Free
12/9/2024 3:44:25,22.75,9187.55,3.93,7,53,0,16,0,1451,255,Free
12/9/2024 3:44:29,22.75,9189.08,3.93,7,53,0,16,0,1452,904,Free
12/9/2024 3:45:49,22.75,9193.81,3.93,7,53,0,16,0,1453,393,Free
12/9/2024 3:45:51,22.75,9194.49,3.93,7,53,0,16,0,1454,48,Free
12/9/2024 3:45:54,22.75,9195.12,3.93,7,53,0,16,0,1455,0,Free
12/9/2024 3:48:48,22.75,9215.16,3.93,7,53,0,16,0,1455,0,Free
12/9/2024 3:51:55,22.75,9224.64,3.93,7,53,0,16,0,1456,0,Free
12/9/2024 3:51:57,22.75,9225.27,3.93,7,53,0,16,0,1457,0,Free
12/9/2024 3:51:59,22.75,9226.00,3.93,7,53,0,16,0,1458,108,Free
12/9/2024 3:52:03,22.75,9228.03,3.93,7,53,0,16,0,1459,1396,Free
12/9/2024 3:52:07,22.75,9228.66,3.93,7,53,0,16,0,1460,0,Free
12/9/2024 3:52:10,22.75,9229.48,3.93,7,53,0,16,0,1461,195,Free
12/9/2024 3:52:13,22.75,9230.71,3.93,7,53,0,16,0,1462,601,Free
12/9/2024 3:52:15,22.75,9231.62,3.93,7,53,0,16,0,1463,281,Free
12/9/2024 3:52:16,22.75,9232.50,3.93,7,53,0,16,0,1464,255,Free
12/9/2024 3:52:17,22.75,9233.42,3.93,7,53,0,16,0,1465,290,Free
12/9/2024 3:52:18,22.75,9234.05,3.93,7,53,0,16,0,1466,0,Free
12/9/2024 4:06:18,22.75,9285.77,3.93,7,53,0,16,0,1466,0,Free
12/9/2024 4:11:01,22.75,9299.81,3.93,7,53,0,16,0,1467,0,Free
12/9/2024 4:11:02,22.75,9300.57,3.93,7,53,0,16,0,1468,134,Free
12/9/2024 4:11:10,22.75,9302.05,3.93,7,53,0,16,0,1469,566,Free
12/9/2024 4:11:14,22.75,9302.82,3.93,7,53,0,16,0,1470,135,Free
12/9/2024 4:11:20,22.75,9303.45,3.93,7,53,0,16,0,1471,0,Free
12/9/2024 4:11:23,22.75,9304.22,3.93,7,53,0,16,0,1472,144,Free
12/9/2024 4:11:30,22.75,9309.66,3.93,7,53,0,16,0,1473,4812,Free
12/9/2024 4:11:32,22.75,9310.75,3.93,7,53,0,16,0,1474,463,Free
12/9/2024 4:11:40,22.75,9311.66,3.93,7,53,0,16,0,1475,0,Free
12/9/2024 4:11:42,22.75,9312.50,3.93,7,53,0,16,0,1476,203,Free
12/9/2024 4:11:43,22.75,9313.14,3.93,7,53,0,16,0,1477,13,Free
12/9/2024 4:11:45,22.75,9313.82,3.93,7,53,0,16,0,1478,57,Free
12/9/2024 4:11:46,22.75,9314.45,3.93,7,53,0,16,0,1479,0,Free
12/9/2024 4:11:48,22.75,9315.76,3.93,7,53,0,16,0,1480,679,Free
12/9/2024 4:11:53,22.75,9316.39,3.93,7,53,0,16,0,1481,0,Free
12/9/2024 4:11:54,22.75,9317.02,3.93,7,53,0,16,0,1482,0,Free
12/9/2024 4:12:17,22.75,9319.42,3.93,7,53,0,16,0,1483,913,Free
12/9/2024 4:12:24,22.75,9321.01,3.93,7,53,0,16,0,1484,964,Free
12/9/2024 4:12:30,22.75,9321.64,3.93,7,53,0,16,0,1485,0,Free
12/9/2024 4:16:52,22.75,9335.71,3.93,7,53,0,16,0,1486,1172,Free
12/9/2024 4:16:55,22.75,9338.19,3.93,7,53,0,16,0,1487,1855,Free
12/9/2024 4:17:01,22.75,9339.11,3.93,7,53,0,16,0,1488,0,Free
12/9/2024 4:17:03,22.75,9340.00,3.93,7,53,0,16,0,1489,264,Free
12/9/2024 4:23:21,22.75,9369.74,3.93,7,53,0,16,0,1489,0,Free
12/9/2024 4:26:34,22.75,9379.51,3.93,7,54,0,16,0,1489,0,Free
12/9/2024 4:27:48,22.75,9383.57,3.93,7,55,0,16,0,1489,0,Free
12/9/2024 4:27:50,22.75,9384.19,3.93,7,56,0,16,0,1489,0,Free
12/9/2024 4:27:52,22.75,9385.22,3.93,7,56,0,16,0,1490,394,Free
12/9/2024 4:29:41,22.75,9391.39,3.93,7,56,0,16,0,1491,410,Free
12/9/2024 4:35:51,22.75,9409.43,3.93,7,56,0,16,0,1492,0,Free
12/9/2024 4:35:53,22.75,9410.35,3.93,7,56,0,16,0,1493,290,Free
12/9/2024 4:35:55,22.75,9411.23,3.93,7,56,0,16,0,1494,255,Free
12/9/2024 4:41:01,22.75,9437.55,3.93,7,56,0,16,0,1494,0,Free
12/9/2024 4:41:02,22.75,9438.18,3.93,7,56,0,16,0,1495,0,Free
12/9/2024 4:44:10,22.75,9447.95,3.93,7,56,0,16,0,1496,299,Free
12/9/2024 4:44:13,22.75,9449.52,3.93,7,56,0,16,0,1497,938,Free
12/9/2024 4:44:15,22.75,9450.33,3.93,7,56,0,16,0,1498,186,Free
12/9/2024 4:44:16,22.75,9451.04,3.93,7,56,0,16,0,1499,82,Free
12/9/2024 4:44:19,22.75,9452.15,3.93,7,56,0,16,0,1500,481,Free
12/9/2024 4:44:23,22.75,9453.84,3.91,7,56,0,16,0,1501,1067,Free
12/9/2024 4:46:14,22.75,9459.63,3.93,7,56,0,16,0,1502,14,Free
12/9/2024 4:46:53,22.75,9461.97,3.93,7,56,0,16,0,1503,0,Free
12/9/2024 4:46:54,22.75,9462.66,3.93,7,56,0,16,0,1504,65,Free
12/9/2024 4:47:01,22.75,9463.58,3.93,7,56,0,16,0,1505,0,Free
12/9/2024 4:47:04,22.75,9464.64,3.93,7,56,0,16,0,1506,437,Free
12/9/2024 4:47:06,22.75,9465.27,3.93,7,56,0,16,0,1507,0,Free
12/9/2024 4:47:16,22.75,9470.68,3.93,7,56,0,16,0,1508,4784,Free
12/9/2024 4:47:22,22.75,9471.31,3.93,7,56,0,16,0,1509,0,Free
12/9/2024 4:47:42,22.75,9472.79,3.93,7,56,0,16,0,1510,0,Free
12/9/2024 4:51:28,22.75,9483.98,3.93,7,57,0,16,0,1510,0,Free
12/9/2024 4:51:32,22.75,9484.61,3.93,7,58,0,16,0,1510,0,Free
12/9/2024 4:51:39,22.75,9485.53,3.93,7,59,0,16,0,1510,0,Free
12/9/2024 4:55:15,22.75,9496.43,3.93,7,59,0,16,0,1511,0,Free
12/9/2024 4:57:34,22.75,9503.62,3.93,7,59,0,16,0,1512,0,Free
12/9/2024 4:57:42,22.75,9504.53,3.93,7,60,0,16,0,1512,0,Free
12/9/2024 4:58:00,22.75,9517.15,3.93,7,60,0,16,0,1512,0,Free
12/9/2024 4:58:23,22.75,9518.74,3.93,7,60,0,16,0,1513,107,Free
12/9/2024 4:58:24,22.75,9519.38,3.93,7,60,0,16,0,1514,4,Free
12/9/2024 4:58:26,22.75,9520.53,3.93,7,60,0,16,0,1515,522,Free
12/9/2024 4:58:27,22.75,9521.15,3.93,7,60,0,16,0,1516,0,Free
12/9/2024 4:58:28,22.75,9521.99,3.93,7,60,0,16,0,1517,204,Free
12/9/2024 4:58:31,22.75,9523.20,3.93,7,60,0,16,0,1518,584,Free
12/9/2024 5:05:05,22.75,9542.47,3.93,7,60,0,16,0,1519,91,Free
12/9/2024 5:05:06,22.75,9543.18,3.93,7,60,0,16,0,1520,82,Free
12/9/2024 5:05:11,22.75,9545.68,3.93,7,60,0,16,0,1521,1872,Free
12/9/2024 5:05:12,22.75,9546.49,3.93,7,60,0,16,0,1522,178,Free
12/9/2024 5:05:22,22.75,9551.17,3.93,7,60,0,16,0,1523,4051,Free
12/9/2024 5:05:24,22.75,9551.81,3.93,7,60,0,16,0,1524,13,Free
12/9/2024 5:05:28,22.75,9554.43,3.92,7,60,0,16,0,1525,1984,Free
12/9/2024 5:05:33,22.75,9558.81,3.93,7,60,0,16,0,1526,3758,Free
12/9/2024 5:05:38,22.75,9559.88,3.93,7,60,0,16,0,1527,437,Free
12/9/2024 5:05:43,22.75,9560.60,3.93,7,60,0,16,0,1528,92,Free
12/9/2024 5:05:44,22.75,9561.30,3.93,7,60,0,16,0,1529,74,Free
12/9/2024 5:05:46,22.75,9562.37,3.93,7,60,0,16,0,1530,437,Free
12/9/2024 5:05:56,22.75,9563.28,3.93,7,60,0,16,0,1531,0,Free
12/9/2024 5:05:57,22.75,9564.41,3.93,7,60,0,16,0,1532,506,Free
12/9/2024 5:05:58,22.75,9565.04,3.93,7,60,0,16,0,1533,0,Free
12/9/2024 5:06:02,22.75,9567.43,3.93,7,60,0,16,0,1534,1760,Free
12/9/2024 5:06:07,22.75,9568.06,3.92,7,60,0,16,0,1535,0,Free
12/9/2024 5:06:10,22.75,9568.91,3.93,7,60,0,16,0,1536,229,Free
12/9/2024 5:06:14,22.75,9569.71,3.93,7,60,0,16,0,1537,168,Free
12/9/2024 5:15:02,22.50,9606.59,3.93,7,60,0,16,0,1537,0,Free
12/9/2024 5:33:14,22.50,9670.30,3.93,7,60,0,16,0,1537,0,Free
12/9/2024 5:51:26,22.50,9734.00,3.93,7,60,0,16,0,1537,0,Free
12/9/2024 5:57:54,22.50,9753.00,3.93,7,60,0,16,0,1538,100,Free
12/9/2024 5:57:58,22.50,9753.62,3.93,7,60,0,16,0,1539,0,Free
12/9/2024 5:57:58,22.50,9754.25,3.93,7,60,0,16,0,1540,0,Free
12/9/2024 6:02:32,22.50,9767.72,3.93,7,60,0,16,0,1541,0,Free
12/9/2024 6:09:26,22.50,9799.18,3.92,7,60,0,16,0,1541,0,Free
12/9/2024 6:11:06,22.50,9804.37,3.93,7,60,0,16,0,1542,0,Free
12/9/2024 6:11:06,22.50,9805.00,3.93,7,60,0,16,0,1543,0,Free
12/9/2024 6:11:09,22.50,9807.22,3.92,7,60,0,16,0,1544,1587,Free
12/9/2024 6:13:03,22.50,9812.98,3.93,7,60,0,16,0,1545,0,Free
12/9/2024 6:13:10,22.50,9813.90,3.93,7,60,0,16,0,1546,0,Free
12/9/2024 6:13:19,22.50,9814.87,3.92,7,60,0,16,0,1547,57,Free
12/9/2024 6:13:24,22.50,9815.50,3.93,7,60,0,16,0,1548,0,Free
12/9/2024 6:13:27,22.50,9816.14,3.93,7,60,0,16,0,1549,13,Free
12/9/2024 6:13:34,22.50,9818.03,3.93,7,60,0,16,0,1550,973,Free
12/9/2024 6:13:38,22.50,9820.23,3.93,7,60,0,16,0,1551,1570,Free
12/9/2024 6:13:40,22.50,9821.42,3.93,7,60,0,16,0,1552,507,Free
12/9/2024 6:13:52,22.50,9822.79,3.93,7,60,0,16,0,1553,411,Free
12/9/2024 6:14:09,22.50,9824.44,3.93,7,60,0,16,0,1554,454,Free
12/9/2024 6:14:12,22.50,9825.72,3.92,7,60,0,16,0,1555,653,Free
12/9/2024 6:14:22,22.50,9827.56,3.93,7,60,0,16,0,1556,930,Free
12/9/2024 6:14:32,22.50,9828.48,3.93,7,60,0,16,0,1557,0,Free
12/9/2024 6:14:38,22.50,9829.47,3.93,7,60,0,16,0,1558,359,Free
12/9/2024 6:14:40,22.50,9830.10,3.93,7,60,0,16,0,1559,0,Free
12/9/2024 6:14:41,22.50,9830.72,3.93,7,60,0,16,0,1560,0,Free
12/9/2024 6:14:44,22.50,9832.56,3.92,7,60,0,16,0,1561,1213,Free
12/9/2024 6:14:45,22.50,9833.19,3.93,7,60,0,16,0,1562,0,Free
12/9/2024 6:26:39,22.50,9878.92,3.92,7,60,0,16,0,1562,0,Free
12/9/2024 6:44:51,22.50,9942.62,3.92,7,60,0,16,0,1562,0,Free
12/9/2024 7:03:03,22.50,10006.33,3.92,7,60,0,16,0,1562,0,Free
12/9/2024 7:21:15,22.50,10070.03,3.92,7,60,0,16,0,1562,0,Free
12/9/2024 7:27:40,22.75,10088.93,3.92,7,60,0,16,0,1563,0,Free
12/9/2024 7:27:49,22.75,10089.84,3.92,7,60,0,16,0,1564,0,Free
12/9/2024 7:28:03,22.75,10091.04,3.92,7,60,0,16,0,1565,0,Free
12/9/2024 7:28:14,22.75,10091.96,3.92,7,60,0,16,0,1566,0,Free
12/9/2024 7:28:15,22.50,10093.08,3.92,7,60,0,16,0,1567,497,Free
12/9/2024 7:39:09,22.75,10135.96,3.92,7,60,0,16,0,1567,0,Free
12/9/2024 7:57:21,22.75,10199.67,3.92,7,60,0,16,0,1567,0,Free
12/9/2024 7:59:07,22.75,10205.15,3.92,7,60,0,16,0,1568,0,Free
12/9/2024 7:59:10,22.75,10205.96,3.92,7,60,0,16,0,1569,185,Free
12/9/2024 7:59:12,22.75,10206.83,3.92,7,60,0,16,0,1570,238,Free
12/9/2024 7:59:20,22.75,10207.80,3.93,7,60,0,16,0,1571,57,Free
12/9/2024 7:59:21,22.75,10208.47,3.92,7,60,0,16,0,1572,48,Free
12/9/2024 8:07:11,22.75,10231.36,3.92,7,60,0,16,0,1573,0,Free
12/9/2024 8:07:12,22.75,10231.99,3.93,7,60,0,16,0,1574,0,Free
12/9/2024 8:15:06,22.75,10266.30,3.92,7,60,0,16,0,1574,0,Free
12/9/2024 8:33:18,22.50,10330.00,3.91,7,60,0,16,0,1574,0,Free
12/9/2024 8:51:30,22.50,10393.71,3.92,7,60,0,16,0,1574,0,Free
12/9/2024 8:51:57,22.50,10395.73,3.92,7,60,0,16,0,1575,247,Free
12/9/2024 8:52:04,22.50,10402.23,3.92,7,60,0,16,0,1576,5874,Free
12/9/2024 8:52:15,22.50,10404.27,3.92,7,60,0,16,0,1577,1129,Free
12/9/2024 8:52:23,22.50,10405.56,3.92,7,60,0,16,0,1578,377,Free
12/9/2024 8:52:34,22.75,10406.48,3.91,7,60,0,16,0,1579,0,Free
12/9/2024 8:52:38,22.75,10407.48,3.92,7,60,0,16,0,1580,377,Free
12/9/2024 8:52:44,22.75,10408.11,3.92,7,60,0,16,0,1581,0,Free
12/9/2024 8:52:46,22.75,10408.75,3.93,7,60,0,16,0,1582,13,Free
12/9/2024 8:52:49,22.75,10409.61,3.92,7,60,0,16,0,1583,229,Free
12/9/2024 8:52:53,22.75,10410.24,3.92,7,60,0,16,0,1584,0,Free
12/9/2024 8:53:03,22.75,10411.19,3.91,7,60,0,16,0,1585,39,Free
12/9/2024 8:53:05,22.75,10411.91,3.92,7,60,0,16,0,1586,90,Free
12/9/2024 8:53:10,22.75,10412.54,3.92,7,60,0,16,0,1587,0,Free
12/9/2024 8:53:12,22.75,10413.96,3.93,7,60,0,16,0,1588,791,Free
12/9/2024 8:53:13,22.75,10414.59,3.92,7,60,0,16,0,1589,0,Free
12/9/2024 8:53:30,22.75,10416.05,3.92,7,60,0,16,0,1590,255,Free
12/9/2024 8:53:31,22.75,10417.09,3.92,7,60,0,16,0,1591,419,Free
12/9/2024 8:53:33,22.75,10418.45,3.92,7,60,0,16,0,1592,730,Free
12/9/2024 8:53:39,22.75,10419.57,3.92,7,60,0,16,0,1593,489,Free
12/9/2024 8:53:57,22.75,10420.77,3.92,7,60,0,16,0,1594,0,Free
12/9/2024 8:54:00,22.75,10421.85,3.92,7,60,0,16,0,1595,454,Free
12/9/2024 8:54:05,22.75,10422.48,3.92,7,60,0,16,0,1596,0,Free
12/9/2024 8:54:23,22.75,10423.96,3.92,7,60,0,16,0,1597,0,Free
12/9/2024 8:54:29,22.75,10427.03,3.92,7,60,0,16,0,1598,2443,Free
12/9/2024 8:54:36,22.75,10428.54,3.92,7,60,0,16,0,1599,593,Free
12/9/2024 8:54:37,22.75,10429.27,3.92,7,60,0,16,0,1600,99,Free
12/9/2024 8:54:41,22.75,10433.25,3.92,7,60,0,16,0,1601,3350,Free
12/9/2024 8:54:42,22.75,10433.87,3.92,7,60,0,16,0,1602,0,Free
12/9/2024 8:54:47,22.75,10434.50,3.91,7,60,0,16,0,1603,0,Free
12/9/2024 8:54:53,22.75,10435.13,3.92,7,60,0,16,0,1604,0,Free
12/9/2024 9:08:29,22.50,10485.71,3.92,7,60,0,16,0,1604,0,Free
12/9/2024 9:20:54,22.50,10522.05,3.92,7,60,0,16,0,1605,333,Free
12/9/2024 9:21:22,22.50,10525.69,3.93,7,60,0,16,0,1606,1872,Free
12/9/2024 9:21:32,22.50,10526.61,3.92,7,60,0,16,0,1607,0,Free
12/9/2024 9:21:33,22.50,10527.24,3.92,7,60,0,16,0,1608,0,Free
12/9/2024 9:21:35,22.50,10527.86,3.92,7,60,0,16,0,1609,0,Free
12/9/2024 9:21:37,22.50,10528.49,3.92,7,60,0,16,0,1610,0,Free
12/9/2024 9:22:01,22.50,10530.26,3.92,7,60,0,16,0,1611,0,Free
12/9/2024 9:22:05,22.50,10531.58,3.92,7,60,0,16,0,1612,688,Free
12/9/2024 9:22:30,22.50,10533.35,3.92,7,60,0,16,0,1613,0,Free
12/9/2024 9:22:33,22.50,10534.06,3.93,7,60,0,16,0,1614,82,Free
12/9/2024 9:22:41,22.50,10535.03,3.92,7,60,0,16,0,1615,48,Free
12/9/2024 9:25:59,22.50,10556.21,3.92,7,60,0,16,0,1615,0,Free
12/9/2024 9:44:11,22.50,10619.92,3.93,7,60,0,16,0,1615,0,Free
12/9/2024 10:02:23,22.50,10683.62,3.92,7,60,0,16,0,1615,0,Free
12/9/2024 10:03:08,22.75,10687.10,3.92,7,60,0,16,0,1616,852,Free
12/9/2024 10:03:16,22.75,10688.01,3.92,7,60,0,16,0,1617,0,Free
12/9/2024 10:03:34,22.75,10689.67,3.92,7,60,0,16,0,1618,169,Free
12/9/2024 10:03:36,22.75,10690.41,3.92,7,60,0,16,0,1619,108,Free
12/9/2024 10:03:40,22.75,10691.03,3.91,7,60,0,16,0,1620,0,Free
12/9/2024 10:03:42,22.75,10692.15,3.91,7,60,0,16,0,1621,489,Free
12/9/2024 10:03:48,22.75,10693.06,3.91,7,60,0,16,0,1622,0,Free
12/9/2024 10:03:51,22.75,10693.95,3.92,7,60,0,16,0,1623,256,Free
12/9/2024 10:04:01,22.75,10704.02,3.91,7,60,0,16,0,1624,9445,Free
12/9/2024 10:04:04,22.75,10706.02,3.93,7,60,0,16,0,1625,1370,Free
12/9/2024 10:20:04,22.75,10763.45,3.91,7,60,0,16,0,1625,0,Free
12/9/2024 10:38:16,22.75,10827.15,3.91,7,60,0,16,0,1625,0,Free
12/9/2024 10:53:50,22.75,10872.02,3.91,7,60,0,16,0,1626,0,Free
12/9/2024 10:53:57,22.75,10876.94,3.91,7,60,0,16,0,1627,4293,Free
12/9/2024 10:53:59,22.75,10877.68,3.91,7,60,0,16,0,1628,117,Free
12/9/2024 10:54:05,22.75,10879.51,3.91,7,60,0,16,0,1629,1199,Free
12/9/2024 10:54:06,22.75,10880.21,3.91,7,60,0,16,0,1630,74,Free
12/9/2024 10:54:09,22.75,10882.96,3.92,7,60,0,16,0,1631,2122,Free
12/9/2024 10:54:15,22.75,10883.79,3.92,7,60,0,16,0,1632,195,Free
12/9/2024 10:54:18,22.75,10884.42,3.92,7,60,0,16,0,1633,0,Free
12/9/2024 10:54:20,22.75,10886.09,3.91,7,60,0,16,0,1634,1050,Free
12/9/2024 10:54:24,22.75,10886.72,3.92,7,60,0,16,0,1635,0,Free
12/9/2024 10:54:25,22.75,10887.59,3.91,7,60,0,16,0,1636,238,Free
12/9/2024 10:54:28,22.75,10888.22,3.92,7,60,0,16,0,1637,0,Free
12/9/2024 10:54:31,22.75,10890.57,3.92,7,60,0,16,0,1638,1725,Free
12/9/2024 10:54:32,22.75,10891.76,3.92,7,60,0,16,0,1639,557,Free
12/9/2024 10:54:39,22.75,10896.53,3.91,7,60,0,16,0,1640,4136,Free
12/9/2024 10:54:45,22.75,10897.83,3.92,7,60,0,16,0,1641,679,Free
12/9/2024 10:54:47,22.75,10899.04,3.92,7,60,0,16,0,1642,576,Free
12/9/2024 10:54:59,22.75,10900.24,3.92,7,60,0,16,0,1643,0,Free
12/9/2024 10:55:09,22.75,10901.15,3.92,7,60,0,16,0,1644,5,Free
12/9/2024 10:55:13,22.75,10903.16,3.92,7,60,0,16,0,1645,1379,Free
12/9/2024 10:55:38,22.75,10916.07,3.92,7,60,0,16,0,1645,0,Free
12/9/2024 11:13:50,22.75,10979.77,3.91,7,60,0,16,0,1645,0,Free
12/9/2024 11:32:02,22.75,11043.48,3.91,7,60,0,16,0,1645,0,Free
12/9/2024 11:50:14,22.75,11107.18,3.91,7,60,0,16,0,1645,0,Free
12/9/2024 12:07:06,22.75,11156.17,3.92,7,60,0,16,0,1646,403,Free
12/9/2024 12:07:09,22.75,11156.79,3.91,7,60,0,16,0,1647,0,Free
12/9/2024 12:07:23,22.75,11158.14,3.91,7,60,0,16,0,1648,152,Free
12/9/2024 12:07:31,22.75,11159.14,3.91,7,60,0,16,0,1649,82,Free
12/9/2024 12:07:53,22.75,11161.54,3.91,7,60,0,16,0,1650,914,Free
12/9/2024 12:07:55,22.75,11162.31,3.92,7,60,0,16,0,1651,143,Free
12/9/2024 12:08:08,22.75,11174.64,3.92,7,60,0,16,0,1651,0,Free
