Timestamp,Temperature,ElapsedSecs,BatteryVoltage,DeviceNumber,LeftCount,LeftDur,RightCount,RightDur,LeftFeedCount,LeftFeedDur,FeedParadigm
12/12/2024 14:59:29,22.50,20.06,3.89,8,0,0,1,261,0,0,FR1
12/12/2024 15:00:00,22.50,50.31,3.89,8,1,29617,1,0,0,0,FR1
12/12/2024 15:00:37,22.50,86.96,3.88,8,1,0,1,0,1,0,FR1
12/12/2024 15:07:08,22.50,137.79,3.89,8,1,0,2,0,1,0,FR1
12/12/2024 15:22:31,22.00,181.03,3.89,8,1,0,3,0,1,0,FR1
12/12/2024 15:22:37,22.00,181.79,3.88,8,2,144,3,0,1,0,FR1
12/12/2024 15:23:06,22.00,210.85,3.89,8,2,0,3,0,2,0,FR1
12/12/2024 15:23:13,22.00,218.17,3.88,8,2,0,3,0,3,226,FR1
12/12/2024 15:47:53,22.00,319.71,3.89,8,2,0,4,0,3,0,FR1
12/12/2024 15:47:54,22.00,320.32,3.89,8,2,0,5,0,3,0,FR1
12/12/2024 15:53:53,22.00,337.44,3.88,8,2,0,6,62,3,0,FR1
12/12/2024 15:53:59,22.00,338.05,3.89,8,2,0,7,0,3,0,FR1
12/12/2024 15:54:00,22.00,338.73,3.89,8,2,0,8,61,3,0,FR1
12/12/2024 16:14:33,22.25,396.46,3.89,8,3,0,8,0,3,0,FR1
12/12/2024 16:14:42,22.25,405.41,3.88,8,3,0,8,0,4,1822,FR1
12/12/2024 16:14:58,22.25,421.07,3.89,8,3,0,8,0,5,140,FR1
12/12/2024 16:14:59,22.25,422.01,3.88,8,3,0,8,0,6,40,FR1
12/12/2024 16:15:01,22.25,424.07,3.89,8,3,0,8,0,7,1165,FR1
12/12/2024 16:15:05,22.25,428.62,3.88,8,3,0,8,0,8,0,FR1
12/12/2024 17:49:32,22.50,728.55,3.89,8,3,0,9,0,8,0,FR1
12/12/2024 18:02:09,22.50,764.26,3.89,8,3,0,10,0,8,0,FR1
12/12/2024 18:06:47,22.50,777.69,3.89,8,3,0,11,0,8,0,FR1
12/12/2024 18:06:48,22.50,778.31,3.88,8,3,0,12,0,8,0,FR1
12/12/2024 18:16:13,22.50,805.11,3.88,8,4,0,12,0,8,0,FR1
12/12/2024 18:17:03,22.50,854.73,3.88,8,4,0,12,0,9,13,FR1
12/12/2024 18:17:11,22.50,862.50,3.89,8,4,0,12,0,10,686,FR1
12/12/2024 18:18:26,22.75,878.92,3.89,8,4,0,13,36,10,0,FR1
12/12/2024 18:19:17,22.75,881.99,3.88,8,4,0,14,219,10,0,FR1
12/12/2024 18:21:30,22.50,888.73,3.89,8,4,0,15,0,10,0,FR1
12/12/2024 18:25:09,22.50,899.37,3.89,8,5,0,15,0,10,0,FR1
12/12/2024 18:25:41,22.50,931.19,3.88,8,5,0,15,0,11,200,FR1
12/12/2024 18:25:45,22.50,935.26,3.88,8,5,0,15,0,12,1203,FR1
12/12/2024 18:31:25,22.50,984.18,3.88,8,6,0,15,0,12,0,FR1
12/12/2024 18:33:29,22.75,1057.46,3.88,8,7,0,15,0,12,0,FR1
12/12/2024 18:33:35,22.75,1063.56,3.88,8,7,0,15,0,13,382,FR1
12/12/2024 18:33:42,22.75,1071.19,3.88,8,7,0,15,0,14,1658,FR1
12/12/2024 18:33:44,22.75,1072.65,3.89,8,7,0,15,0,15,0,FR1
12/12/2024 18:33:53,22.75,1081.40,3.88,8,7,0,15,0,16,258,FR1
12/12/2024 18:33:59,22.75,1088.21,3.88,8,7,0,15,0,17,0,FR1
12/12/2024 18:34:45,22.75,1128.54,3.89,8,8,0,15,0,17,0,FR1
12/12/2024 18:34:55,22.75,1139.06,3.89,8,8,0,15,0,18,297,FR1
12/12/2024 18:44:00,22.50,1221.73,3.88,8,8,0,16,69,18,0,FR1
12/12/2024 18:51:04,22.50,1241.97,3.88,8,9,119,16,0,18,0,FR1
12/12/2024 19:04:41,22.50,1347.56,3.88,8,10,0,16,0,18,0,FR1
12/12/2024 19:05:03,22.50,1369.50,3.88,8,10,0,16,0,19,743,FR1
12/12/2024 19:05:05,22.50,1372.13,3.88,8,10,0,16,0,20,324,FR1
12/12/2024 19:05:08,22.50,1374.91,3.88,8,10,0,16,0,21,190,FR1
12/12/2024 19:05:18,22.50,1384.73,3.88,8,10,0,16,0,22,192,FR1
12/12/2024 19:05:20,22.50,1386.19,3.88,8,10,0,16,0,23,0,FR1
12/12/2024 19:05:34,22.50,1400.61,3.88,8,10,0,16,0,24,0,FR1
12/12/2024 19:05:39,22.50,1405.88,3.88,8,10,0,16,0,25,712,FR1
12/12/2024 19:05:44,22.50,1410.59,3.88,8,10,0,16,0,26,155,FR1
12/12/2024 19:09:28,22.50,1428.60,3.88,8,11,0,16,0,26,0,FR1
12/12/2024 19:09:39,22.50,1439.54,3.88,8,11,0,16,0,27,150,FR1
12/12/2024 19:09:40,22.50,1440.57,3.89,8,11,0,16,0,28,133,FR1
12/12/2024 19:09:43,22.50,1443.16,3.88,8,11,0,16,0,29,0,FR1
12/12/2024 19:09:49,22.50,1450.03,3.88,8,11,0,16,0,30,1182,FR1
12/12/2024 19:38:35,22.50,1577.38,3.88,8,11,0,17,0,30,0,FR1
12/12/2024 19:40:41,22.50,1583.57,3.88,8,11,0,18,0,30,0,FR1
12/12/2024 19:40:42,22.50,1584.18,3.88,8,11,0,19,0,30,0,FR1
12/12/2024 19:40:49,22.50,1585.08,3.88,8,12,0,19,0,30,0,FR1
12/12/2024 19:40:55,22.50,1590.52,3.88,8,12,0,19,0,31,0,FR1
12/12/2024 19:41:04,22.50,1599.39,3.88,8,12,0,19,0,32,369,FR1
12/12/2024 19:41:04,22.50,1600.07,3.88,8,12,0,19,0,33,66,FR1
12/12/2024 19:41:07,22.50,1602.66,3.88,8,12,0,19,0,34,0,FR1
12/12/2024 19:41:08,22.50,1604.20,3.89,8,12,0,19,0,35,80,FR1
12/12/2024 19:41:10,22.50,1605.49,3.88,8,12,0,19,0,36,676,FR1
12/12/2024 19:41:23,22.50,1619.34,3.88,8,12,0,19,0,37,271,FR1
12/12/2024 19:41:24,22.50,1619.96,3.88,8,12,0,19,0,38,6,FR1
12/12/2024 19:41:38,22.50,1633.50,3.88,8,12,0,19,0,39,541,FR1
12/12/2024 19:41:39,22.50,1634.39,3.88,8,12,0,19,0,40,273,FR1
12/12/2024 19:41:40,22.50,1635.92,3.88,8,12,0,19,0,41,61,FR1
12/12/2024 19:42:06,22.50,1655.99,3.88,8,13,0,19,0,41,0,FR1
12/12/2024 19:53:44,22.50,1756.02,3.89,8,14,0,19,0,41,0,FR1
12/12/2024 19:54:05,22.50,1777.88,3.88,8,14,0,19,0,42,92,FR1
12/12/2024 19:54:07,22.50,1779.07,3.87,8,14,0,19,0,43,296,FR1
12/12/2024 19:54:08,22.50,1780.64,3.87,8,14,0,19,0,44,104,FR1
12/12/2024 20:12:53,22.50,1876.84,3.88,8,14,0,20,87,44,0,FR1
12/12/2024 20:14:31,22.50,1881.91,3.88,8,15,0,20,0,44,0,FR1
12/12/2024 20:14:37,22.50,1888.48,3.88,8,15,0,20,0,45,568,FR1
12/12/2024 20:14:39,22.50,1890.12,3.87,8,15,0,20,0,46,739,FR1
12/12/2024 20:14:41,22.50,1891.87,3.88,8,15,0,20,0,47,0,FR1
12/12/2024 20:14:41,22.50,1892.54,3.88,8,15,0,20,0,48,54,FR1
12/12/2024 20:14:43,22.50,1894.62,3.88,8,15,0,20,0,49,335,FR1
12/12/2024 20:14:45,22.50,1896.17,3.88,8,15,0,20,0,50,647,FR1
12/12/2024 20:15:47,22.75,1952.86,3.88,8,16,0,20,0,50,0,FR1
12/12/2024 20:24:22,22.75,2044.47,3.88,8,16,0,21,186,50,0,FR1
12/12/2024 20:41:06,22.50,2091.60,3.87,8,16,0,22,0,50,0,FR1
12/12/2024 20:41:51,22.50,2094.17,3.88,8,17,0,22,0,50,0,FR1
12/12/2024 20:41:57,22.50,2100.14,3.88,8,17,0,22,0,51,248,FR1
12/12/2024 20:41:58,22.50,2100.76,3.88,8,17,0,22,0,52,0,FR1
12/12/2024 20:42:01,22.50,2104.19,3.87,8,17,0,22,0,53,1125,FR1
12/12/2024 20:42:14,22.50,2116.85,3.87,8,17,0,22,0,54,1059,FR1
12/12/2024 20:42:16,22.50,2119.11,3.88,8,17,0,22,0,55,512,FR1
12/12/2024 20:42:18,22.50,2121.03,3.88,8,17,0,22,0,56,170,FR1
12/12/2024 20:42:29,22.50,2132.60,3.88,8,17,0,22,0,57,3631,FR1
12/12/2024 20:42:36,22.50,2139.31,3.87,8,17,0,22,0,58,744,FR1
12/12/2024 20:46:59,22.75,2175.89,3.88,8,18,0,22,0,58,0,FR1
12/12/2024 20:47:04,22.75,2181.34,3.87,8,18,0,22,0,59,0,FR1
12/12/2024 20:47:05,22.75,2181.96,3.86,8,18,0,22,0,60,0,FR1
12/12/2024 20:47:06,22.75,2182.96,3.88,8,18,0,22,0,61,382,FR1
12/12/2024 20:47:08,22.75,2184.78,3.87,8,18,0,22,0,62,642,FR1
12/12/2024 20:47:09,22.75,2186.00,3.88,8,18,0,22,0,63,325,FR1
12/12/2024 20:47:11,22.75,2187.36,3.88,8,18,0,22,0,64,746,FR1
12/12/2024 20:47:12,22.75,2189.29,3.88,8,18,0,22,0,65,180,FR1
12/12/2024 20:47:14,22.75,2191.05,3.87,8,18,0,22,0,66,12,FR1
12/12/2024 20:47:15,22.75,2192.32,3.88,8,18,0,22,0,67,656,FR1
12/12/2024 20:47:19,22.75,2195.79,3.88,8,18,0,22,0,68,39,FR1
12/12/2024 20:47:20,22.75,2196.69,3.88,8,18,0,22,0,69,1,FR1
12/12/2024 20:47:23,22.75,2199.69,3.88,8,18,0,22,0,70,126,FR1
12/12/2024 20:47:24,22.75,2201.29,3.88,8,18,0,22,0,71,416,FR1
12/12/2024 20:47:26,22.75,2202.54,3.88,8,18,0,22,0,72,639,FR1
12/12/2024 20:47:27,22.75,2203.44,3.88,8,18,0,22,0,73,0,FR1
12/12/2024 20:47:28,22.75,2204.50,3.88,8,18,0,22,0,74,157,FR1
12/12/2024 20:47:30,22.75,2206.65,3.88,8,18,0,22,0,75,130,FR1
12/12/2024 20:47:40,22.75,2217.30,3.88,8,18,0,22,0,76,172,FR1
12/12/2024 20:47:41,22.75,2218.07,3.88,8,18,0,22,0,77,154,FR1
12/12/2024 20:47:43,22.75,2219.86,3.88,8,18,0,22,0,78,37,FR1
12/12/2024 20:47:45,22.75,2221.70,3.87,8,18,0,22,0,79,105,FR1
12/12/2024 20:47:48,22.75,2224.68,3.88,8,18,0,22,0,80,2077,FR1
12/12/2024 20:57:37,22.75,2272.92,3.87,8,19,0,22,0,80,0,FR1
12/12/2024 20:57:59,22.75,2294.33,3.87,8,19,0,22,0,81,191,FR1
12/12/2024 20:58:00,22.75,2295.58,3.88,8,19,0,22,0,82,68,FR1
12/12/2024 20:58:02,22.75,2298.03,3.88,8,19,0,22,0,83,421,FR1
12/12/2024 20:58:04,22.75,2299.57,3.88,8,19,0,22,0,84,74,FR1
12/12/2024 20:58:06,22.75,2301.81,3.88,8,19,0,22,0,85,220,FR1
12/12/2024 20:58:07,22.75,2302.67,3.88,8,19,0,22,0,86,238,FR1
12/12/2024 20:58:11,22.75,2306.27,3.88,8,19,0,22,0,87,1575,FR1
12/12/2024 20:58:14,22.75,2310.01,3.88,8,19,0,22,0,88,593,FR1
12/12/2024 20:58:16,22.75,2311.52,3.88,8,19,0,22,0,89,324,FR1
12/12/2024 20:58:18,22.75,2313.65,3.88,8,19,0,22,0,90,666,FR1
12/12/2024 21:02:23,22.75,2353.62,3.88,8,19,0,23,0,90,0,FR1
12/12/2024 21:02:57,22.75,2355.63,3.87,8,20,0,23,0,90,0,FR1
12/12/2024 21:04:14,22.75,2426.73,3.88,8,21,0,23,0,90,0,FR1
12/12/2024 21:04:49,22.75,2461.79,3.87,8,21,0,23,0,91,59,FR1
12/12/2024 21:04:50,22.75,2463.01,3.87,8,21,0,23,0,92,598,FR1
12/12/2024 21:04:51,22.75,2463.63,3.88,8,21,0,23,0,93,0,FR1
12/12/2024 21:04:52,22.75,2464.81,3.88,8,21,0,23,0,94,0,FR1
12/12/2024 21:04:56,22.75,2468.91,3.88,8,21,0,23,0,95,109,FR1
12/12/2024 21:04:58,22.75,2470.94,3.87,8,21,0,23,0,96,0,FR1
12/12/2024 21:04:59,22.75,2472.06,3.88,8,21,0,23,0,97,224,FR1
12/12/2024 21:05:00,22.75,2472.98,3.88,8,21,0,23,0,98,298,FR1
12/12/2024 21:05:01,22.75,2473.60,3.88,8,21,0,23,0,99,0,FR1
12/12/2024 21:05:03,22.75,2475.53,3.88,8,21,0,23,0,100,473,FR1
12/12/2024 21:05:03,22.75,2476.15,3.87,8,21,0,23,0,101,0,FR1
12/12/2024 21:05:04,22.75,2477.40,3.88,8,21,0,23,0,102,65,FR1
12/12/2024 21:05:05,22.75,2478.02,3.88,8,21,0,23,0,103,0,FR1
12/12/2024 21:05:09,22.75,2481.90,3.88,8,21,0,23,0,104,451,FR1
12/12/2024 21:05:10,22.75,2482.53,3.88,8,21,0,23,0,105,0,FR1
12/12/2024 21:05:11,22.75,2483.75,3.88,8,21,0,23,0,106,320,FR1
12/12/2024 21:05:13,22.75,2486.37,3.88,8,21,0,23,0,107,1721,FR1
12/12/2024 21:05:16,22.75,2489.42,3.87,8,21,0,23,0,108,464,FR1
12/12/2024 21:51:41,22.50,2626.38,3.87,8,22,0,23,0,108,0,FR1
12/12/2024 21:51:48,22.50,2633.64,3.88,8,22,0,23,0,109,412,FR1
12/12/2024 21:51:50,22.50,2635.53,3.87,8,22,0,23,0,110,419,FR1
12/12/2024 21:51:51,22.50,2636.43,3.87,8,22,0,23,0,111,0,FR1
12/12/2024 21:51:54,22.50,2639.70,3.88,8,22,0,23,0,112,398,FR1
12/12/2024 21:51:56,22.50,2640.80,3.88,8,22,0,23,0,113,200,FR1
12/12/2024 21:51:56,22.50,2641.44,3.88,8,22,0,23,0,114,31,FR1
12/12/2024 21:51:57,22.50,2642.34,3.87,8,22,0,23,0,115,0,FR1
12/12/2024 21:51:58,22.50,2642.98,3.87,8,22,0,23,0,116,14,FR1
12/12/2024 21:51:59,22.50,2644.34,3.88,8,22,0,23,0,117,184,FR1
12/12/2024 21:52:00,22.50,2645.52,3.88,8,22,0,23,0,118,0,FR1
12/12/2024 21:52:02,22.50,2647.74,3.88,8,22,0,23,0,119,188,FR1
12/12/2024 21:52:03,22.50,2648.69,3.87,8,22,0,23,0,120,332,FR1
12/12/2024 21:52:08,22.50,2653.11,3.88,8,22,0,23,0,121,138,FR1
12/12/2024 21:52:10,22.50,2654.81,3.87,8,22,0,23,0,122,236,FR1
12/12/2024 21:52:58,22.75,2697.43,3.88,8,23,0,23,0,122,0,FR1
12/13/2024 0:18:09,22.75,3169.41,3.87,8,24,0,23,0,122,0,FR1
12/13/2024 0:18:16,22.75,3176.27,3.87,8,24,0,23,0,123,0,FR1
12/13/2024 0:18:18,22.75,3178.58,3.87,8,24,0,23,0,124,569,FR1
12/13/2024 0:18:21,22.75,3181.40,3.87,8,24,0,23,0,125,233,FR1
12/13/2024 0:18:23,22.75,3183.50,3.87,8,24,0,23,0,126,628,FR1
12/13/2024 0:18:25,22.75,3185.65,3.87,8,24,0,23,0,127,1533,FR1
12/13/2024 0:18:27,22.75,3187.39,3.88,8,24,0,23,0,128,0,FR1
12/13/2024 0:18:31,22.75,3191.54,3.87,8,24,0,23,0,129,145,FR1
12/13/2024 0:18:31,22.75,3192.16,3.87,8,24,0,23,0,130,0,FR1
12/13/2024 0:18:33,22.75,3193.44,3.88,8,24,0,23,0,131,662,FR1
12/13/2024 0:18:35,22.75,3195.98,3.87,8,24,0,23,0,132,233,FR1
12/13/2024 0:18:37,22.75,3197.56,3.87,8,24,0,23,0,133,682,FR1
12/13/2024 0:18:40,22.75,3200.67,3.88,8,24,0,23,0,134,516,FR1
12/13/2024 0:18:41,22.75,3202.13,3.88,8,24,0,23,0,135,0,FR1
12/13/2024 0:18:47,22.75,3207.94,3.87,8,24,0,23,0,136,396,FR1
12/13/2024 0:18:49,22.75,3209.93,3.88,8,24,0,23,0,137,252,FR1
12/13/2024 0:30:15,22.75,3270.80,3.88,8,25,0,23,0,137,0,FR1
12/13/2024 0:31:32,22.75,3341.91,3.87,8,25,0,24,0,137,0,FR1
12/13/2024 0:34:39,22.75,3351.16,3.87,8,26,0,24,0,137,0,FR1
12/13/2024 0:34:45,22.75,3356.92,3.88,8,26,0,24,0,138,312,FR1
12/13/2024 0:34:46,22.75,3358.10,3.88,8,26,0,24,0,139,0,FR1
12/13/2024 0:34:47,22.75,3358.87,3.87,8,26,0,24,0,140,154,FR1
12/13/2024 0:34:48,22.75,3359.79,3.87,8,26,0,24,0,141,16,FR1
12/13/2024 0:40:42,22.75,3435.49,3.88,8,27,0,24,0,141,0,FR1
12/13/2024 0:40:48,22.75,3440.98,3.87,8,27,0,24,0,142,43,FR1
12/13/2024 0:40:52,22.75,3444.83,3.88,8,27,0,24,0,143,132,FR1
12/13/2024 0:40:54,22.75,3447.73,3.87,8,27,0,24,0,144,589,FR1
12/13/2024 0:40:56,22.75,3448.92,3.87,8,27,0,24,0,145,292,FR1
12/13/2024 0:40:57,22.75,3449.82,3.87,8,27,0,24,0,146,0,FR1
12/13/2024 0:40:59,22.75,3452.01,3.88,8,27,0,24,0,147,445,FR1
12/13/2024 0:40:59,22.75,3452.63,3.87,8,27,0,24,0,148,7,FR1
12/13/2024 0:41:02,22.75,3454.94,3.87,8,27,0,24,0,149,0,FR1
12/13/2024 0:41:03,22.75,3455.99,3.88,8,27,0,24,0,150,430,FR1
12/13/2024 0:41:04,22.75,3457.22,3.87,8,27,0,24,0,151,614,FR1
12/13/2024 0:41:08,22.75,3461.22,3.87,8,27,0,24,0,152,0,FR1
12/13/2024 0:41:09,22.75,3462.68,3.88,8,27,0,24,0,153,272,FR1
12/13/2024 0:41:10,22.75,3463.29,3.87,8,27,0,24,0,154,0,FR1
12/13/2024 0:41:12,22.75,3465.60,3.87,8,27,0,24,0,155,0,FR1
12/13/2024 0:41:14,22.75,3466.92,3.87,8,27,0,24,0,156,139,FR1
12/13/2024 0:41:15,22.75,3468.10,3.88,8,27,0,24,0,157,0,FR1
12/13/2024 0:41:16,22.75,3469.22,3.88,8,27,0,24,0,158,493,FR1
12/13/2024 0:49:23,22.75,3527.37,3.87,8,27,0,25,0,158,0,FR1
12/13/2024 1:22:43,22.75,3620.75,3.87,8,27,0,26,0,158,0,FR1
12/13/2024 1:28:31,22.75,3637.52,3.87,8,28,0,26,0,158,0,FR1
12/13/2024 1:28:37,22.75,3642.97,3.86,8,28,0,26,0,159,0,FR1
12/13/2024 1:28:38,22.75,3644.26,3.87,8,28,0,26,0,160,110,FR1
12/13/2024 1:28:41,22.75,3647.36,3.87,8,28,0,26,0,161,787,FR1
12/13/2024 1:28:43,22.75,3648.66,3.87,8,28,0,26,0,162,120,FR1
12/13/2024 1:28:44,22.75,3650.40,3.87,8,28,0,26,0,163,0,FR1
12/13/2024 1:28:45,22.75,3651.30,3.87,8,28,0,26,0,164,0,FR1
12/13/2024 1:28:46,22.75,3652.08,3.87,8,28,0,26,0,165,157,FR1
12/13/2024 1:28:47,22.75,3653.08,3.87,8,28,0,26,0,166,100,FR1
12/13/2024 1:28:49,22.75,3654.97,3.87,8,28,0,26,0,167,434,FR1
12/13/2024 1:29:30,22.75,3696.19,3.87,8,28,0,26,0,168,605,FR1
12/13/2024 1:29:32,22.75,3697.89,3.87,8,28,0,26,0,169,514,FR1
12/13/2024 1:29:48,22.75,3708.40,3.87,8,29,0,26,0,169,0,FR1
12/13/2024 1:29:54,22.75,3714.70,3.87,8,29,0,26,0,170,574,FR1
12/13/2024 1:29:55,22.75,3715.60,3.87,8,29,0,26,0,171,0,FR1
12/13/2024 1:30:01,22.75,3721.79,3.87,8,29,0,26,0,172,498,FR1
12/13/2024 1:30:03,22.75,3723.57,3.88,8,29,0,26,0,173,1170,FR1
12/13/2024 1:30:04,22.75,3724.68,3.87,8,29,0,26,0,174,489,FR1
12/13/2024 1:30:09,22.75,3729.66,3.87,8,29,0,26,0,175,3224,FR1
12/13/2024 1:30:10,22.75,3730.89,3.87,8,29,0,26,0,176,336,FR1
12/13/2024 1:30:12,22.75,3733.09,3.87,8,29,0,26,0,177,1294,FR1
12/13/2024 1:30:14,22.75,3734.89,3.88,8,29,0,26,0,178,1187,FR1
12/13/2024 1:30:15,22.75,3736.23,3.87,8,29,0,26,0,179,438,FR1
12/13/2024 1:30:17,22.75,3738.12,3.87,8,29,0,26,0,180,1272,FR1
12/13/2024 1:30:18,22.75,3738.78,3.87,8,29,0,26,0,181,40,FR1
12/13/2024 1:30:25,22.75,3745.59,3.87,8,29,0,26,0,182,0,FR1
12/13/2024 1:30:27,22.75,3747.46,3.87,8,29,0,26,0,183,122,FR1
12/13/2024 1:30:28,22.75,3748.70,3.87,8,29,0,26,0,184,58,FR1
12/13/2024 1:33:06,23.00,3785.34,3.87,8,30,0,26,0,184,0,FR1
12/13/2024 1:33:13,23.00,3792.43,3.87,8,30,0,26,0,185,237,FR1
12/13/2024 1:33:15,23.00,3794.50,3.88,8,30,0,26,0,186,1171,FR1
12/13/2024 1:33:20,23.00,3799.34,3.87,8,30,0,26,0,187,0,FR1
12/13/2024 1:33:21,23.00,3800.24,3.87,8,30,0,26,0,188,0,FR1
12/13/2024 1:33:24,23.00,3803.11,3.87,8,30,0,26,0,189,0,FR1
12/13/2024 1:33:27,23.00,3805.70,3.87,8,30,0,26,0,190,0,FR1
12/13/2024 1:33:28,23.00,3806.69,3.88,8,30,0,26,0,191,364,FR1
12/13/2024 1:33:28,23.00,3807.36,3.87,8,30,0,26,0,192,52,FR1
12/13/2024 1:33:29,23.00,3807.97,3.87,8,30,0,26,0,193,0,FR1
12/13/2024 1:33:33,23.00,3811.96,3.87,8,30,0,26,0,194,274,FR1
12/13/2024 1:33:34,23.00,3812.79,3.87,8,30,0,26,0,195,206,FR1
12/13/2024 1:33:34,23.00,3813.46,3.87,8,30,0,26,0,196,56,FR1
12/13/2024 1:33:35,23.00,3814.36,3.87,8,30,0,26,0,197,0,FR1
12/13/2024 1:33:36,23.00,3815.54,3.87,8,30,0,26,0,198,0,FR1
12/13/2024 1:33:37,23.00,3816.56,3.87,8,30,0,26,0,199,397,FR1
12/13/2024 1:33:39,23.00,3817.89,3.87,8,30,0,26,0,200,429,FR1
12/13/2024 1:33:42,23.00,3821.24,3.87,8,30,0,26,0,201,190,FR1
12/13/2024 1:33:43,23.00,3821.86,3.87,8,30,0,26,0,202,0,FR1
12/13/2024 1:33:44,23.00,3822.76,3.87,8,30,0,26,0,203,0,FR1
12/13/2024 1:33:44,23.00,3823.38,3.87,8,30,0,26,0,204,0,FR1
12/13/2024 1:33:47,23.00,3826.10,3.87,8,30,0,26,0,205,699,FR1
12/13/2024 1:33:48,23.00,3827.33,3.87,8,30,0,26,0,206,615,FR1
12/13/2024 1:33:53,23.00,3832.41,3.87,8,30,0,26,0,207,511,FR1
12/13/2024 1:33:54,23.00,3833.05,3.87,8,30,0,26,0,208,30,FR1
12/13/2024 1:33:57,23.00,3836.22,3.88,8,30,0,26,0,209,11,FR1
12/13/2024 1:33:58,23.00,3836.84,3.87,8,30,0,26,0,210,0,FR1
12/13/2024 1:34:00,23.00,3838.96,3.87,8,30,0,26,0,211,1501,FR1
12/13/2024 1:34:01,23.00,3839.61,3.87,8,30,0,26,0,212,31,FR1
12/13/2024 1:34:05,23.00,3844.16,3.87,8,30,0,26,0,213,271,FR1
12/13/2024 1:34:06,23.00,3845.16,3.87,8,30,0,26,0,214,108,FR1
12/13/2024 1:34:08,23.00,3846.62,3.87,8,30,0,26,0,215,0,FR1
12/13/2024 1:34:12,23.00,3851.54,3.87,8,30,0,26,0,216,1196,FR1
12/13/2024 1:36:59,23.00,3864.86,3.87,8,31,77,26,0,216,0,FR1
12/13/2024 1:37:04,23.00,3870.34,3.87,8,31,0,26,0,217,38,FR1
12/13/2024 1:37:05,23.00,3871.31,3.87,8,31,0,26,0,218,65,FR1
12/13/2024 1:37:11,23.00,3876.63,3.87,8,31,0,26,0,219,199,FR1
12/13/2024 1:37:13,23.00,3879.46,3.87,8,31,0,26,0,220,233,FR1
12/13/2024 1:37:15,23.00,3881.14,3.87,8,31,0,26,0,221,220,FR1
12/13/2024 1:37:18,23.00,3884.43,3.87,8,31,0,26,0,222,705,FR1
12/13/2024 1:37:20,23.00,3885.62,3.87,8,31,0,26,0,223,0,FR1
12/13/2024 1:37:22,23.00,3887.52,3.87,8,31,0,26,0,224,1286,FR1
12/13/2024 1:37:24,23.00,3889.98,3.87,8,31,0,26,0,225,152,FR1
12/13/2024 1:37:26,23.00,3892.34,3.87,8,31,0,26,0,226,49,FR1
12/13/2024 1:37:28,23.00,3893.52,3.87,8,31,0,26,0,227,276,FR1
12/13/2024 1:37:30,23.00,3895.83,3.87,8,31,0,26,0,228,0,FR1
12/13/2024 1:37:32,23.00,3897.86,3.87,8,31,0,26,0,229,0,FR1
12/13/2024 1:37:33,23.00,3898.71,3.88,8,31,0,26,0,230,238,FR1
12/13/2024 1:37:33,23.00,3899.43,3.87,8,31,0,26,0,231,99,FR1
12/13/2024 1:37:35,23.00,3901.15,3.87,8,31,0,26,0,232,538,FR1
12/13/2024 1:37:37,23.00,3902.92,3.87,8,31,0,26,0,233,1154,FR1
12/13/2024 1:37:40,23.00,3906.06,3.87,8,31,0,26,0,234,264,FR1
12/13/2024 1:37:42,23.00,3908.24,3.87,8,31,0,26,0,235,152,FR1
12/13/2024 1:37:44,23.00,3910.18,3.87,8,31,0,26,0,236,204,FR1
12/13/2024 1:37:45,23.00,3911.43,3.87,8,31,0,26,0,237,67,FR1
12/13/2024 1:37:47,23.00,3913.43,3.87,8,31,0,26,0,238,1096,FR1
12/13/2024 1:37:49,23.00,3914.79,3.87,8,31,0,26,0,239,739,FR1
12/13/2024 1:37:50,23.00,3915.93,3.87,8,31,0,26,0,240,528,FR1
12/13/2024 1:37:51,23.00,3917.00,3.87,8,31,0,26,0,241,448,FR1
12/13/2024 1:37:54,23.00,3920.35,3.87,8,31,0,26,0,242,2735,FR1
12/13/2024 1:37:57,23.00,3922.66,3.87,8,31,0,26,0,243,279,FR1
12/13/2024 1:37:57,23.00,3923.28,3.87,8,31,0,26,0,244,0,FR1
12/13/2024 1:37:59,23.00,3925.38,3.87,8,31,0,26,0,245,923,FR1
12/13/2024 1:38:01,23.00,3926.80,3.85,8,31,0,26,0,246,243,FR1
12/13/2024 1:38:02,23.00,3928.06,3.87,8,31,0,26,0,247,356,FR1
12/13/2024 4:47:38,22.75,4463.38,3.87,8,32,0,26,0,247,0,FR1
12/13/2024 4:47:46,22.75,4471.83,3.87,8,32,0,26,0,248,2720,FR1
12/13/2024 4:47:47,22.75,4472.84,3.87,8,32,0,26,0,249,398,FR1
12/13/2024 4:47:48,22.75,4474.02,3.87,8,32,0,26,0,250,0,FR1
12/13/2024 4:47:50,22.75,4476.10,3.87,8,32,0,26,0,251,1462,FR1
12/13/2024 4:47:53,22.75,4478.47,3.87,8,32,0,26,0,252,1188,FR1
12/13/2024 4:48:00,22.75,4485.98,3.87,8,32,0,26,0,253,400,FR1
12/13/2024 4:48:06,22.75,4491.68,3.87,8,32,0,26,0,254,293,FR1
12/13/2024 4:48:10,22.75,4496.02,3.87,8,32,0,26,0,255,628,FR1
12/13/2024 4:48:11,22.75,4497.06,3.87,8,32,0,26,0,256,133,FR1
12/13/2024 4:48:12,22.75,4497.67,3.87,8,32,0,26,0,257,0,FR1
12/13/2024 4:48:13,22.75,4498.83,3.87,8,32,0,26,0,258,257,FR1
12/13/2024 4:48:15,22.75,4500.79,3.87,8,32,0,26,0,259,210,FR1
12/13/2024 4:48:16,22.75,4501.45,3.87,8,32,0,26,0,260,48,FR1
12/13/2024 4:48:17,22.75,4502.64,3.87,8,32,0,26,0,261,8,FR1
12/13/2024 4:48:20,22.75,4505.81,3.87,8,32,0,26,0,262,18,FR1
12/13/2024 4:48:21,22.75,4506.77,3.87,8,32,0,26,0,263,54,FR1
12/13/2024 4:48:22,22.75,4507.72,3.87,8,32,0,26,0,264,50,FR1
12/13/2024 4:48:28,22.75,4513.89,3.87,8,32,0,26,0,265,1043,FR1
12/13/2024 4:48:29,22.75,4514.54,3.87,8,32,0,26,0,266,32,FR1
12/13/2024 4:48:33,22.75,4518.97,3.87,8,32,0,26,0,267,156,FR1
12/13/2024 4:48:35,22.75,4521.10,3.87,8,32,0,26,0,268,668,FR1
12/13/2024 4:48:36,22.75,4522.04,3.87,8,32,0,26,0,269,33,FR1
12/13/2024 4:48:37,22.75,4522.84,3.87,8,32,0,26,0,270,188,FR1
12/13/2024 4:48:41,22.75,4526.32,3.87,8,32,0,26,0,271,600,FR1
12/13/2024 4:48:43,22.75,4528.25,3.87,8,32,0,26,0,272,756,FR1
12/13/2024 4:48:48,22.75,4533.98,3.87,8,32,0,26,0,273,0,FR1
12/13/2024 4:55:28,22.75,4552.98,3.87,8,32,0,27,0,273,0,FR1
12/13/2024 4:55:34,22.75,4553.60,3.87,8,32,0,28,0,273,0,FR1
12/13/2024 5:26:11,22.75,4639.46,3.87,8,32,0,29,283,273,0,FR1
12/13/2024 5:34:48,22.75,4664.03,3.87,8,33,0,29,0,273,0,FR1
12/13/2024 5:35:08,22.75,4684.01,3.87,8,33,0,29,0,274,170,FR1
12/13/2024 5:35:10,22.75,4686.67,3.87,8,33,0,29,0,275,1190,FR1
12/13/2024 5:35:14,22.75,4689.83,3.87,8,33,0,29,0,276,0,FR1
12/13/2024 5:35:19,22.75,4694.79,3.87,8,33,0,29,0,277,118,FR1
12/13/2024 5:39:21,22.75,4744.07,3.87,8,34,0,29,0,277,0,FR1
12/13/2024 5:39:27,22.75,4749.52,3.87,8,34,0,29,0,278,0,FR1
12/13/2024 5:39:30,22.75,4752.46,3.87,8,34,0,29,0,279,351,FR1
12/13/2024 5:39:33,22.75,4755.33,3.87,8,34,0,29,0,280,0,FR1
12/13/2024 5:39:33,22.75,4756.07,3.87,8,34,0,29,0,281,125,FR1
12/13/2024 5:39:35,22.75,4757.27,3.87,8,34,0,29,0,282,299,FR1
12/13/2024 5:39:40,22.75,4762.30,3.87,8,34,0,29,0,283,179,FR1
12/13/2024 5:39:41,22.75,4763.84,3.87,8,34,0,29,0,284,358,FR1
12/13/2024 5:39:46,22.75,4768.68,3.87,8,34,0,29,0,285,0,FR1
12/13/2024 5:39:52,22.75,4774.99,3.87,8,34,0,29,0,286,57,FR1
12/13/2024 6:25:02,22.50,4939.05,3.87,8,34,0,30,0,286,0,FR1
12/13/2024 6:25:34,22.50,4941.06,3.87,8,35,0,30,0,286,0,FR1
12/13/2024 6:26:50,22.75,5011.90,3.87,8,36,0,30,0,286,0,FR1
12/13/2024 10:27:10,22.50,5749.02,3.86,8,37,201,30,0,286,0,FR1
12/13/2024 13:15:14,22.25,6284.80,3.86,8,37,0,31,0,286,0,FR1
12/13/2024 15:46:52,22.50,6707.74,3.85,8,37,0,32,0,286,0,FR1
12/13/2024 15:46:54,22.50,6708.37,3.85,8,37,0,33,19,286,0,FR1
12/13/2024 18:24:44,22.75,7148.58,3.85,8,38,0,33,0,286,0,FR1
12/13/2024 18:24:53,22.75,7156.84,3.86,8,38,0,33,0,287,0,FR1
12/13/2024 18:25:04,22.75,7168.19,3.85,8,38,0,33,0,288,1998,FR1
12/13/2024 18:25:20,22.75,7184.11,3.86,8,38,0,33,0,289,1207,FR1
12/13/2024 18:25:26,22.75,7190.17,3.86,8,38,0,33,0,290,938,FR1
12/13/2024 18:25:28,22.75,7192.23,3.86,8,38,0,33,0,291,589,FR1
12/13/2024 18:30:16,22.75,7231.62,3.85,8,39,0,33,0,291,0,FR1
12/13/2024 18:30:37,22.75,7252.51,3.86,8,39,0,33,0,292,522,FR1
12/13/2024 18:30:46,22.75,7261.31,3.85,8,39,0,33,0,293,0,FR1
12/13/2024 18:30:50,22.75,7265.15,3.85,8,39,0,33,0,294,120,FR1
12/13/2024 18:31:33,22.75,7302.70,3.85,8,39,0,34,0,294,0,FR1
12/13/2024 18:32:47,23.00,7306.65,3.85,8,39,0,35,0,294,0,FR1
12/13/2024 19:00:44,22.75,7385.01,3.85,8,39,0,36,19,294,0,FR1
12/13/2024 19:01:40,22.75,7389.75,3.85,8,40,1614,36,0,294,0,FR1
12/13/2024 19:02:27,22.75,7436.32,3.86,8,40,0,36,0,295,0,FR1
12/13/2024 19:02:32,22.75,7442.04,3.85,8,40,0,36,0,296,24,FR1
12/13/2024 19:02:34,22.75,7444.15,3.85,8,40,0,36,0,297,1494,FR1
12/13/2024 19:02:44,22.75,7453.52,3.85,8,40,0,36,0,298,3685,FR1
12/13/2024 19:03:36,22.75,7462.60,3.85,8,40,0,37,0,298,0,FR1
12/13/2024 19:19:17,22.75,7506.68,3.85,8,41,0,37,0,298,0,FR1
12/13/2024 19:19:22,22.75,7512.12,3.85,8,41,0,37,0,299,0,FR1
12/13/2024 19:19:24,22.75,7513.81,3.85,8,41,0,37,0,300,223,FR1
12/13/2024 19:19:26,22.75,7515.32,3.85,8,41,0,37,0,301,41,FR1
12/13/2024 19:19:28,22.75,7517.76,3.85,8,41,0,37,0,302,411,FR1
12/13/2024 19:19:29,22.75,7519.16,3.85,8,41,0,37,0,303,224,FR1
12/13/2024 19:19:31,22.75,7520.66,3.85,8,41,0,37,0,304,317,FR1
12/13/2024 19:19:32,22.75,7521.56,3.85,8,41,0,37,0,305,0,FR1
12/13/2024 19:19:32,22.75,7522.18,3.85,8,41,0,37,0,306,0,FR1
12/13/2024 19:20:11,22.75,7561.31,3.85,8,41,0,37,0,307,784,FR1
12/13/2024 19:20:17,22.75,7567.31,3.86,8,41,0,37,0,308,867,FR1
12/13/2024 19:51:28,22.75,7663.91,3.85,8,42,0,37,0,308,0,FR1
12/13/2024 19:51:34,22.75,7669.60,3.85,8,42,0,37,0,309,247,FR1
12/13/2024 19:51:40,22.75,7675.61,3.85,8,42,0,37,0,310,48,FR1
12/13/2024 19:51:42,22.75,7677.72,3.85,8,42,0,37,0,311,78,FR1
12/13/2024 19:51:49,22.75,7685.38,3.85,8,42,0,37,0,312,0,FR1
12/13/2024 19:51:52,22.75,7688.17,3.85,8,42,0,37,0,313,1326,FR1
12/13/2024 19:51:57,22.75,7693.30,3.85,8,42,0,37,0,314,0,FR1
12/13/2024 19:51:58,22.75,7694.00,3.85,8,42,0,37,0,315,85,FR1
12/13/2024 19:51:59,22.75,7695.22,3.85,8,42,0,37,0,316,600,FR1
12/13/2024 19:52:09,22.75,7704.60,3.85,8,42,0,37,0,317,2842,FR1
12/13/2024 19:52:44,22.75,7734.82,3.85,8,43,0,37,0,317,0,FR1
12/13/2024 19:52:51,22.75,7742.12,3.85,8,43,0,37,0,318,1007,FR1
12/13/2024 19:53:15,22.75,7765.58,3.85,8,43,0,37,0,319,23,FR1
12/13/2024 20:08:24,22.75,7845.79,3.85,8,43,0,38,0,319,0,FR1
12/13/2024 20:12:35,22.75,7857.83,3.85,8,44,0,38,0,319,0,FR1
12/13/2024 20:12:46,22.75,7868.02,3.85,8,44,0,38,0,320,234,FR1
12/13/2024 20:12:51,22.75,7873.55,3.85,8,44,0,38,0,321,121,FR1
12/13/2024 20:12:58,22.75,7880.07,3.85,8,44,0,38,0,322,551,FR1
12/13/2024 20:13:00,22.75,7882.38,3.86,8,44,0,38,0,323,0,FR1
12/13/2024 20:13:02,22.75,7884.10,3.85,8,44,0,38,0,324,536,FR1
12/13/2024 20:13:03,22.75,7885.28,3.85,8,44,0,38,0,325,0,FR1
12/13/2024 20:13:12,22.75,7894.61,3.85,8,44,0,38,0,326,819,FR1
12/13/2024 20:13:13,22.75,7895.79,3.85,8,44,0,38,0,327,0,FR1
12/13/2024 20:31:09,22.75,7977.05,3.85,8,45,0,38,0,327,0,FR1
12/13/2024 20:31:15,22.75,7982.54,3.85,8,45,0,38,0,328,50,FR1
12/13/2024 20:31:18,22.75,7985.97,3.85,8,45,0,38,0,329,558,FR1
12/13/2024 20:31:24,22.75,7991.68,3.85,8,45,0,38,0,330,293,FR1
12/13/2024 20:31:27,22.75,7994.40,3.85,8,45,0,38,0,331,420,FR1
12/13/2024 20:31:32,22.75,7999.90,3.85,8,45,0,38,0,332,1499,FR1
12/13/2024 20:31:35,22.75,8002.33,3.85,8,45,0,38,0,333,122,FR1
12/13/2024 20:31:36,22.75,8003.64,3.85,8,45,0,38,0,334,686,FR1
12/13/2024 20:31:38,22.75,8005.34,3.85,8,45,0,38,0,335,523,FR1
12/13/2024 20:31:39,22.75,8006.94,3.85,8,45,0,38,0,336,123,FR1
12/13/2024 20:31:48,22.75,8015.84,3.84,8,45,0,38,0,337,389,FR1
12/13/2024 20:31:49,22.75,8016.98,3.85,8,45,0,38,0,338,529,FR1
12/13/2024 20:31:54,22.75,8021.55,3.85,8,45,0,38,0,339,0,FR1
12/13/2024 20:31:57,22.75,8024.34,3.85,8,45,0,38,0,340,201,FR1
12/13/2024 20:31:59,22.75,8026.75,3.85,8,45,0,38,0,341,99,FR1
12/13/2024 20:32:01,22.75,8028.21,3.85,8,45,0,38,0,342,0,FR1
12/13/2024 20:32:02,22.75,8029.46,3.85,8,45,0,38,0,343,342,FR1
12/13/2024 20:32:04,22.75,8031.21,3.86,8,45,0,38,0,344,0,FR1
12/13/2024 20:32:06,22.75,8033.18,3.85,8,45,0,38,0,345,233,FR1
12/13/2024 20:32:11,22.75,8038.59,3.85,8,45,0,38,0,346,0,FR1
12/13/2024 20:32:13,22.75,8040.91,3.85,8,45,0,38,0,347,10,FR1
12/13/2024 20:32:15,22.75,8042.09,3.85,8,45,0,38,0,348,0,FR1
12/13/2024 20:40:37,22.75,8070.95,3.85,8,45,0,39,0,348,0,FR1
12/13/2024 20:56:02,22.75,8114.20,3.85,8,45,0,40,0,348,0,FR1
12/13/2024 20:56:04,22.75,8114.89,3.85,8,45,0,41,76,348,0,FR1
12/13/2024 20:56:37,22.75,8116.90,3.85,8,46,0,41,0,348,0,FR1
12/13/2024 20:56:44,22.75,8123.19,3.85,8,46,0,41,0,349,0,FR1
12/13/2024 20:56:52,22.75,8131.34,3.85,8,46,0,41,0,350,3302,FR1
12/13/2024 20:57:33,22.75,8172.88,3.85,8,46,0,41,0,351,67,FR1
12/13/2024 20:57:37,22.75,8176.07,3.85,8,46,0,41,0,352,886,FR1
12/13/2024 22:40:06,22.75,8473.19,3.85,8,47,0,41,0,352,0,FR1
12/13/2024 22:40:12,22.75,8479.13,3.85,8,47,0,41,0,353,490,FR1
12/13/2024 22:40:20,22.75,8486.80,3.85,8,47,0,41,0,354,0,FR1
12/13/2024 22:40:23,22.75,8489.94,3.85,8,47,0,41,0,355,543,FR1
12/13/2024 22:40:25,22.75,8491.76,3.85,8,47,0,41,0,356,359,FR1
12/13/2024 22:40:27,22.75,8494.08,3.85,8,47,0,41,0,357,578,FR1
12/13/2024 22:40:30,22.75,8496.91,3.85,8,47,0,41,0,358,225,FR1
12/13/2024 22:40:33,22.75,8500.18,3.85,8,47,0,41,0,359,1241,FR1
12/13/2024 22:40:37,22.75,8504.48,3.85,8,47,0,41,0,360,1712,FR1
12/13/2024 22:42:37,22.75,8547.93,3.85,8,48,0,41,0,360,0,FR1
12/13/2024 22:42:43,22.75,8553.37,3.85,8,48,0,41,0,361,0,FR1
12/13/2024 22:42:44,22.75,8554.55,3.85,8,48,0,41,0,362,0,FR1
12/13/2024 22:42:46,22.75,8556.51,3.85,8,48,0,41,0,363,492,FR1
12/13/2024 22:42:48,22.75,8559.26,3.85,8,48,0,41,0,364,444,FR1
12/13/2024 22:42:50,22.75,8561.04,3.85,8,48,0,41,0,365,308,FR1
12/13/2024 22:42:51,22.75,8561.77,3.85,8,48,0,41,0,366,113,FR1
12/13/2024 22:42:52,22.75,8562.96,3.85,8,48,0,41,0,367,570,FR1
12/13/2024 22:42:53,22.75,8564.25,3.85,8,48,0,41,0,368,105,FR1
12/13/2024 22:43:02,22.75,8572.82,3.85,8,48,0,41,0,369,7109,FR1
12/13/2024 22:43:04,22.75,8574.57,3.83,8,48,0,41,0,370,0,FR1
12/13/2024 22:43:06,22.75,8576.37,3.85,8,48,0,41,0,371,620,FR1
12/13/2024 22:43:06,22.75,8577.27,3.85,8,48,0,41,0,372,0,FR1
12/13/2024 22:43:08,22.75,8579.02,3.85,8,48,0,41,0,373,0,FR1
12/13/2024 22:43:10,22.75,8581.04,3.85,8,48,0,41,0,374,0,FR1
12/13/2024 22:43:12,22.75,8582.35,3.85,8,48,0,41,0,375,691,FR1
12/13/2024 22:45:52,22.75,8624.39,3.85,8,49,0,41,0,375,0,FR1
12/13/2024 22:46:38,22.75,8670.72,3.85,8,49,0,41,0,376,0,FR1
12/13/2024 22:46:44,22.75,8676.64,3.85,8,49,0,41,0,377,215,FR1
12/13/2024 22:46:45,22.75,8677.42,3.85,8,49,0,41,0,378,169,FR1
12/13/2024 22:46:47,22.75,8679.57,3.85,8,49,0,41,0,379,398,FR1
12/13/2024 22:46:52,22.75,8684.97,3.85,8,49,0,41,0,380,1685,FR1
12/13/2024 22:48:53,23.00,8700.51,3.85,8,49,0,42,0,380,0,FR1
12/13/2024 22:49:36,23.00,8703.24,3.85,8,50,160,42,0,380,0,FR1
12/13/2024 22:49:41,23.00,8708.68,3.85,8,50,0,42,0,381,0,FR1
12/13/2024 22:49:43,23.00,8710.83,3.85,8,50,0,42,0,382,1517,FR1
12/13/2024 22:49:45,23.00,8712.48,3.85,8,50,0,42,0,383,752,FR1
12/13/2024 22:49:46,23.00,8713.48,3.85,8,50,0,42,0,384,94,FR1
12/13/2024 22:49:47,23.00,8714.66,3.85,8,50,0,42,0,385,0,FR1
12/13/2024 22:49:50,23.00,8717.54,3.85,8,50,0,42,0,386,0,FR1
12/13/2024 22:49:53,23.00,8720.67,3.85,8,50,0,42,0,387,1665,FR1
12/13/2024 22:49:55,23.00,8722.55,3.85,8,50,0,42,0,388,703,FR1
12/13/2024 22:50:00,23.00,8726.96,3.85,8,50,0,42,0,389,2661,FR1
12/13/2024 22:50:03,23.00,8730.15,3.85,8,50,0,42,0,390,1719,FR1
12/13/2024 22:50:06,23.00,8733.18,3.85,8,50,0,42,0,391,2413,FR1
12/13/2024 22:50:07,23.00,8734.19,3.85,8,50,0,42,0,392,384,FR1
12/13/2024 22:50:07,23.00,8734.82,3.85,8,50,0,42,0,393,14,FR1
12/13/2024 22:52:14,23.00,8778.02,3.85,8,51,0,42,0,393,0,FR1
12/13/2024 22:52:21,23.00,8785.16,3.85,8,51,0,42,0,394,0,FR1
12/13/2024 22:52:25,23.00,8788.22,3.85,8,51,0,42,0,395,1311,FR1
12/13/2024 22:52:27,23.00,8790.53,3.85,8,51,0,42,0,396,0,FR1
12/13/2024 22:52:28,23.00,8791.87,3.85,8,51,0,42,0,397,438,FR1
12/13/2024 22:52:29,23.00,8792.72,3.85,8,51,0,42,0,398,228,FR1
12/13/2024 22:52:31,23.00,8794.75,3.85,8,51,0,42,0,399,0,FR1
12/13/2024 22:52:33,23.00,8796.72,3.85,8,51,0,42,0,400,501,FR1
12/13/2024 22:52:34,23.00,8798.18,3.85,8,51,0,42,0,401,0,FR1
12/13/2024 22:52:36,23.00,8799.25,3.85,8,51,0,42,0,402,171,FR1
12/13/2024 22:52:37,23.00,8800.20,3.85,8,51,0,42,0,403,330,FR1
12/13/2024 22:52:37,23.00,8800.89,3.85,8,51,0,42,0,404,73,FR1
12/13/2024 22:52:38,23.00,8801.51,3.85,8,51,0,42,0,405,0,FR1
12/13/2024 22:52:59,23.00,8822.21,3.85,8,51,0,42,0,406,50,FR1
12/13/2024 22:52:59,23.00,8822.83,3.85,8,51,0,42,0,407,0,FR1
12/13/2024 22:53:01,23.00,8824.65,3.85,8,51,0,42,0,408,635,FR1
12/13/2024 22:53:03,23.00,8826.61,3.85,8,51,0,42,0,409,496,FR1
12/13/2024 22:53:06,23.00,8830.01,3.85,8,51,0,42,0,410,2498,FR1
12/13/2024 22:53:09,23.00,8833.15,3.85,8,51,0,42,0,411,268,FR1
12/13/2024 22:56:27,23.00,8857.40,3.85,8,51,0,43,0,411,0,FR1
12/13/2024 23:00:12,22.75,8868.34,3.85,8,51,0,44,0,411,0,FR1
12/13/2024 23:00:41,22.75,8870.08,3.83,8,52,0,44,0,411,0,FR1
12/13/2024 23:00:47,22.75,8875.53,3.85,8,52,0,44,0,412,0,FR1
12/13/2024 23:00:50,22.75,8878.75,3.85,8,52,0,44,0,413,61,FR1
12/13/2024 23:00:51,22.75,8880.22,3.85,8,52,0,44,0,414,0,FR1
12/13/2024 23:00:54,22.75,8882.66,3.85,8,52,0,44,0,415,417,FR1
12/13/2024 23:00:55,22.75,8883.57,3.83,8,52,0,44,0,416,5,FR1
12/13/2024 23:00:56,22.75,8884.64,3.85,8,52,0,44,0,417,454,FR1
12/13/2024 23:01:13,22.75,8902.02,3.85,8,52,0,44,0,418,4629,FR1
12/13/2024 23:01:15,22.75,8904.25,3.85,8,52,0,44,0,419,206,FR1
12/13/2024 23:01:17,22.75,8906.06,3.85,8,52,0,44,0,420,620,FR1
12/13/2024 23:01:18,22.75,8906.80,3.85,8,52,0,44,0,421,123,FR1
12/13/2024 23:01:27,22.75,8916.20,3.85,8,52,0,44,0,422,6533,FR1
12/13/2024 23:01:29,22.75,8918.15,3.85,8,52,0,44,0,423,196,FR1
12/13/2024 23:01:31,22.75,8919.68,3.85,8,52,0,44,0,424,911,FR1
12/13/2024 23:01:32,22.75,8920.62,3.85,8,52,0,44,0,425,321,FR1
12/13/2024 23:01:35,22.75,8924.34,3.85,8,52,0,44,0,426,0,FR1
12/13/2024 23:01:37,22.75,8925.59,3.85,8,52,0,44,0,427,350,FR1
12/13/2024 23:01:38,22.75,8926.64,3.85,8,52,0,44,0,428,430,FR1
12/13/2024 23:01:39,22.75,8927.69,3.85,8,52,0,44,0,429,147,FR1
12/13/2024 23:01:40,22.75,8928.59,3.85,8,52,0,44,0,430,0,FR1
12/13/2024 23:01:42,22.75,8931.30,3.85,8,52,0,44,0,431,387,FR1
12/13/2024 23:01:44,22.75,8932.76,3.85,8,52,0,44,0,432,0,FR1
12/13/2024 23:01:45,22.75,8934.31,3.85,8,52,0,44,0,433,366,FR1
12/13/2024 23:01:47,22.75,8935.84,3.85,8,52,0,44,0,434,350,FR1
12/13/2024 23:01:53,22.75,8941.57,3.85,8,52,0,44,0,435,0,FR1
12/13/2024 23:07:33,22.75,8957.81,3.85,8,53,0,44,0,435,0,FR1
12/13/2024 23:07:41,22.75,8965.49,3.85,8,53,0,44,0,436,2233,FR1
12/13/2024 23:07:44,22.75,8968.16,3.85,8,53,0,44,0,437,76,FR1
12/13/2024 23:07:52,22.75,8976.87,3.85,8,53,0,44,0,438,473,FR1
12/13/2024 23:07:54,22.75,8978.13,3.85,8,53,0,44,0,439,646,FR1
12/13/2024 23:07:55,22.75,8979.92,3.85,8,53,0,44,0,440,38,FR1
12/13/2024 23:07:56,22.75,8980.54,3.85,8,53,0,44,0,441,0,FR1
12/13/2024 23:08:00,22.75,8984.24,3.85,8,53,0,44,0,442,1958,FR1
12/13/2024 23:08:02,22.75,8986.23,3.85,8,53,0,44,0,443,519,FR1
12/13/2024 23:08:05,22.75,8989.81,3.85,8,53,0,44,0,444,702,FR1
12/13/2024 23:08:06,22.75,8990.91,3.85,8,53,0,44,0,445,479,FR1
12/13/2024 23:08:08,22.75,8992.37,3.85,8,53,0,44,0,446,0,FR1
12/13/2024 23:08:10,22.75,8994.11,3.85,8,53,0,44,0,447,552,FR1
12/13/2024 23:08:11,22.75,8995.01,3.85,8,53,0,44,0,448,0,FR1
12/13/2024 23:08:12,22.75,8996.22,3.85,8,53,0,44,0,449,23,FR1
12/13/2024 23:08:14,22.75,8998.25,3.85,8,53,0,44,0,450,0,FR1
12/13/2024 23:11:58,23.00,9037.73,3.85,8,54,0,44,0,450,0,FR1
12/13/2024 23:12:04,23.00,9043.17,3.85,8,54,0,44,0,451,0,FR1
12/13/2024 23:12:05,23.00,9044.49,3.85,8,54,0,44,0,452,132,FR1
12/13/2024 23:12:09,23.00,9047.94,3.85,8,54,0,44,0,453,1709,FR1
12/13/2024 23:12:11,23.00,9050.54,3.85,8,54,0,44,0,454,0,FR1
12/13/2024 23:12:12,23.00,9051.44,3.85,8,54,0,44,0,455,0,FR1
12/13/2024 23:12:15,23.00,9054.36,3.85,8,54,0,44,0,456,1165,FR1
12/13/2024 23:12:16,23.00,9055.54,3.85,8,54,0,44,0,457,0,FR1
12/13/2024 23:12:17,23.00,9056.73,3.85,8,54,0,44,0,458,0,FR1
12/13/2024 23:12:20,23.00,9058.92,3.85,8,54,0,44,0,459,1284,FR1
12/13/2024 23:12:22,23.00,9061.66,3.85,8,54,0,44,0,460,1844,FR1
12/13/2024 23:12:25,23.00,9063.98,3.85,8,54,0,44,0,461,292,FR1
12/13/2024 23:12:27,23.00,9066.33,3.84,8,54,0,44,0,462,886,FR1
12/13/2024 23:12:29,23.00,9068.74,3.85,8,54,0,44,0,463,1503,FR1
12/13/2024 23:12:31,23.00,9070.49,3.85,8,54,0,44,0,464,570,FR1
12/13/2024 23:12:32,23.00,9071.45,3.85,8,54,0,44,0,465,55,FR1
12/13/2024 23:12:33,23.00,9072.35,3.85,8,54,0,44,0,466,0,FR1
12/13/2024 23:12:34,22.75,9073.31,3.85,8,54,0,44,0,467,57,FR1
12/13/2024 23:12:35,22.75,9074.30,3.85,8,54,0,44,0,468,89,FR1
12/13/2024 23:12:37,22.75,9076.23,3.85,8,54,0,44,0,469,1310,FR1
12/13/2024 23:12:45,22.75,9083.96,3.85,8,54,0,44,0,470,56,FR1
12/13/2024 23:12:48,22.75,9087.32,3.84,8,54,0,44,0,471,2464,FR1
12/13/2024 23:12:53,22.75,9091.90,3.85,8,54,0,44,0,472,0,FR1
12/13/2024 23:13:09,22.75,9108.34,3.85,8,54,0,44,0,473,0,FR1
12/13/2024 23:15:28,23.00,9115.38,3.85,8,55,0,44,0,473,0,FR1
12/13/2024 23:15:35,23.00,9122.51,3.85,8,55,0,44,0,474,0,FR1
12/13/2024 23:15:36,23.00,9123.70,3.85,8,55,0,44,0,475,0,FR1
12/13/2024 23:15:37,23.00,9124.62,3.85,8,55,0,44,0,476,23,FR1
12/13/2024 23:15:40,23.00,9127.07,3.85,8,55,0,44,0,477,1550,FR1
12/13/2024 23:15:41,23.00,9128.60,3.85,8,55,0,44,0,478,348,FR1
12/13/2024 23:15:43,23.00,9130.43,3.85,8,55,0,44,0,479,365,FR1
12/13/2024 23:15:47,23.00,9134.72,3.85,8,55,0,44,0,480,0,FR1
12/13/2024 23:15:48,23.00,9135.48,3.85,8,55,0,44,0,481,136,FR1
12/13/2024 23:15:49,23.00,9136.50,3.85,8,55,0,44,0,482,103,FR1
12/13/2024 23:15:53,23.00,9140.59,3.85,8,55,0,44,0,483,940,FR1
12/13/2024 23:15:54,23.00,9141.50,3.85,8,55,0,44,0,484,7,FR1
12/13/2024 23:15:55,23.00,9142.25,3.85,8,55,0,44,0,485,129,FR1
12/13/2024 23:15:57,23.00,9143.88,3.85,8,55,0,44,0,486,166,FR1
12/13/2024 23:15:58,23.00,9145.06,3.85,8,55,0,44,0,487,0,FR1
12/13/2024 23:15:59,23.00,9145.98,3.85,8,55,0,44,0,488,12,FR1
12/13/2024 23:16:00,23.00,9147.40,3.85,8,55,0,44,0,489,242,FR1
12/13/2024 23:16:05,23.00,9152.25,3.85,8,55,0,44,0,490,0,FR1
12/13/2024 23:16:06,23.00,9153.65,3.85,8,55,0,44,0,491,499,FR1
12/13/2024 23:16:08,23.00,9154.85,3.85,8,55,0,44,0,492,297,FR1
12/13/2024 23:16:22,23.00,9169.01,3.85,8,55,0,44,0,493,0,FR1
12/13/2024 23:16:23,23.00,9170.48,3.85,8,55,0,44,0,494,0,FR1
12/13/2024 23:16:25,23.00,9172.43,3.85,8,55,0,44,0,495,199,FR1
12/13/2024 23:16:26,23.00,9173.23,3.85,8,55,0,44,0,496,190,FR1
12/13/2024 23:16:27,23.00,9174.20,3.85,8,55,0,44,0,497,64,FR1
12/13/2024 23:19:14,23.00,9193.39,3.85,8,56,0,44,0,497,0,FR1
12/13/2024 23:19:20,23.00,9198.84,3.85,8,56,0,44,0,498,0,FR1
12/13/2024 23:19:21,23.00,9199.65,3.85,8,56,0,44,0,499,192,FR1
12/13/2024 23:19:25,23.00,9203.93,3.85,8,56,0,44,0,500,0,FR1
12/13/2024 23:19:26,23.00,9205.16,3.85,8,56,0,44,0,501,40,FR1
12/13/2024 23:19:28,23.00,9206.62,3.85,8,56,0,44,0,502,280,FR1
12/13/2024 23:19:28,23.00,9207.24,3.85,8,56,0,44,0,503,0,FR1
12/13/2024 23:19:33,23.00,9211.89,3.85,8,56,0,44,0,504,2903,FR1
12/13/2024 23:19:36,23.00,9215.16,3.85,8,56,0,44,0,505,97,FR1
12/13/2024 23:19:37,23.00,9216.06,3.85,8,56,0,44,0,506,0,FR1
12/13/2024 23:19:39,23.00,9217.79,3.85,8,56,0,44,0,507,546,FR1
12/13/2024 23:19:40,23.00,9218.52,3.85,8,56,0,44,0,508,107,FR1
12/13/2024 23:19:40,23.00,9219.14,3.85,8,56,0,44,0,509,0,FR1
12/13/2024 23:19:48,23.00,9226.43,3.85,8,56,0,44,0,510,5264,FR1
12/13/2024 23:19:49,23.00,9227.45,3.85,8,56,0,44,0,511,113,FR1
12/13/2024 23:19:49,23.00,9228.19,3.85,8,56,0,44,0,512,120,FR1
12/13/2024 23:19:54,23.00,9232.91,3.85,8,56,0,44,0,513,154,FR1
12/13/2024 23:19:58,23.00,9237.06,3.85,8,56,0,44,0,514,3529,FR1
12/13/2024 23:20:01,23.00,9239.65,3.85,8,56,0,44,0,515,0,FR1
12/13/2024 23:20:02,23.00,9241.26,3.85,8,56,0,44,0,516,426,FR1
12/13/2024 23:20:05,23.00,9243.48,3.85,8,56,0,44,0,517,184,FR1
12/13/2024 23:20:09,23.00,9248.41,3.85,8,56,0,44,0,518,2897,FR1
12/13/2024 23:20:11,23.00,9249.89,3.85,8,56,0,44,0,519,298,FR1
12/13/2024 23:20:16,23.00,9255.03,3.84,8,56,0,44,0,520,0,FR1
12/13/2024 23:20:17,23.00,9256.19,3.85,8,56,0,44,0,521,543,FR1
12/13/2024 23:20:20,23.00,9258.59,3.85,8,56,0,44,0,522,1502,FR1
12/13/2024 23:20:31,23.00,9264.60,3.85,8,57,0,44,0,522,0,FR1
12/13/2024 23:21:27,23.00,9320.66,3.85,8,57,0,44,0,523,1777,FR1
12/13/2024 23:21:29,23.00,9322.40,3.85,8,57,0,44,0,524,0,FR1
12/13/2024 23:21:31,23.00,9324.47,3.85,8,57,0,44,0,525,879,FR1
12/13/2024 23:21:33,23.00,9327.02,3.85,8,57,0,44,0,526,1088,FR1
12/13/2024 23:21:34,23.00,9327.98,3.85,8,57,0,44,0,527,55,FR1
12/13/2024 23:21:36,23.00,9329.73,3.85,8,57,0,44,0,528,289,FR1
12/13/2024 23:21:42,23.00,9335.46,3.85,8,57,0,44,0,529,0,FR1
12/13/2024 23:23:28,23.00,9340.83,3.85,8,57,0,45,0,529,0,FR1
12/13/2024 23:23:31,23.00,9341.44,3.85,8,58,0,45,0,529,0,FR1
12/13/2024 23:23:36,23.00,9346.89,3.83,8,58,0,45,0,530,0,FR1
12/13/2024 23:23:38,23.00,9348.35,3.85,8,58,0,45,0,531,0,FR1
12/13/2024 23:23:39,23.00,9350.01,3.85,8,58,0,45,0,532,185,FR1
12/13/2024 23:23:42,23.00,9352.96,3.85,8,58,0,45,0,533,2047,FR1
12/13/2024 23:23:45,23.00,9355.99,3.85,8,58,0,45,0,534,149,FR1
12/13/2024 23:23:50,23.00,9360.29,3.85,8,58,0,45,0,535,1137,FR1
12/13/2024 23:23:51,23.00,9361.63,3.85,8,58,0,45,0,536,722,FR1
12/13/2024 23:23:52,23.00,9362.59,3.85,8,58,0,45,0,537,64,FR1
12/13/2024 23:23:54,23.00,9364.79,3.85,8,58,0,45,0,538,450,FR1
12/13/2024 23:23:59,23.00,9369.08,3.85,8,58,0,45,0,539,0,FR1
12/13/2024 23:24:00,23.00,9370.50,3.85,8,58,0,45,0,540,524,FR1
12/13/2024 23:24:02,23.00,9372.90,3.85,8,58,0,45,0,541,1773,FR1
12/13/2024 23:24:03,23.00,9373.83,3.85,8,58,0,45,0,542,311,FR1
12/13/2024 23:24:05,23.00,9375.86,3.85,8,58,0,45,0,543,0,FR1
12/13/2024 23:24:08,23.00,9378.40,3.83,8,58,0,45,0,544,503,FR1
12/13/2024 23:24:09,23.00,9379.99,3.85,8,58,0,45,0,545,414,FR1
12/13/2024 23:24:18,23.00,9388.43,3.85,8,58,0,45,0,546,1889,FR1
12/13/2024 23:24:21,23.00,9391.47,3.83,8,58,0,45,0,547,1570,FR1
12/13/2024 23:24:22,23.00,9392.97,3.85,8,58,0,45,0,548,31,FR1
12/13/2024 23:24:23,23.00,9393.58,3.85,8,58,0,45,0,549,0,FR1
12/13/2024 23:31:49,23.00,9432.12,3.85,8,59,0,45,0,549,0,FR1
12/13/2024 23:32:38,23.00,9480.75,3.85,8,59,0,45,0,550,0,FR1
12/13/2024 23:32:50,23.00,9493.20,3.85,8,59,0,45,0,551,249,FR1
12/13/2024 23:32:51,23.00,9494.19,3.85,8,59,0,45,0,552,371,FR1
12/13/2024 23:32:53,23.00,9496.21,3.85,8,59,0,45,0,553,836,FR1
12/13/2024 23:32:54,23.00,9497.11,3.85,8,59,0,45,0,554,0,FR1
12/13/2024 23:33:00,23.00,9502.84,3.85,8,59,0,45,0,555,0,FR1
12/13/2024 23:33:10,23.00,9503.73,3.85,8,60,0,45,0,555,0,FR1
12/13/2024 23:33:16,23.00,9509.75,3.83,8,60,0,45,0,556,570,FR1
12/13/2024 23:33:17,23.00,9510.99,3.85,8,60,0,45,0,557,46,FR1
12/13/2024 23:33:19,23.00,9512.75,3.85,8,60,0,45,0,558,1142,FR1
12/13/2024 23:33:21,23.00,9515.28,3.85,8,60,0,45,0,559,1907,FR1
12/13/2024 23:43:11,23.00,9599.23,3.85,8,61,0,45,0,559,0,FR1
12/13/2024 23:43:58,23.00,9647.03,3.85,8,61,0,45,0,560,0,FR1
12/13/2024 23:44:00,23.00,9649.06,3.85,8,61,0,45,0,561,0,FR1
12/13/2024 23:44:01,23.00,9650.17,3.85,8,61,0,45,0,562,497,FR1
12/13/2024 23:44:03,23.00,9651.36,3.85,8,61,0,45,0,563,562,FR1
12/13/2024 23:44:03,23.00,9651.99,3.85,8,61,0,45,0,564,11,FR1
12/13/2024 23:44:05,23.00,9653.57,3.85,8,61,0,45,0,565,395,FR1
12/13/2024 23:44:05,23.00,9654.19,3.85,8,61,0,45,0,566,0,FR1
12/13/2024 23:44:08,23.00,9656.46,3.85,8,61,0,45,0,567,239,FR1
12/13/2024 23:44:09,23.00,9657.92,3.85,8,61,0,45,0,568,0,FR1
12/13/2024 23:44:10,23.00,9658.88,3.85,8,61,0,45,0,569,61,FR1
12/13/2024 23:44:11,23.00,9659.50,3.85,8,61,0,45,0,570,0,FR1
12/13/2024 23:48:08,23.00,9680.65,3.85,8,61,0,46,0,570,0,FR1
12/13/2024 23:53:40,23.00,9696.92,3.85,8,62,285,46,0,570,0,FR1
12/13/2024 23:53:46,23.00,9702.93,3.85,8,62,0,46,0,571,0,FR1
12/13/2024 23:53:47,23.00,9703.83,3.85,8,62,0,46,0,572,0,FR1
12/13/2024 23:53:49,23.00,9705.91,3.85,8,62,0,46,0,573,901,FR1
12/13/2024 23:54:00,23.00,9716.21,3.83,8,62,0,46,0,574,9392,FR1
12/13/2024 23:54:00,23.00,9716.83,3.85,8,62,0,46,0,575,0,FR1
12/13/2024 23:54:05,23.00,9721.74,3.85,8,62,0,46,0,576,338,FR1
12/13/2024 23:54:08,23.00,9724.62,3.85,8,62,0,46,0,577,854,FR1
12/13/2024 23:54:15,23.00,9731.74,3.85,8,62,0,46,0,578,0,FR1
12/13/2024 23:54:17,23.00,9733.68,3.85,8,62,0,46,0,579,478,FR1
12/13/2024 23:54:33,23.00,9749.93,3.85,8,62,0,46,0,580,97,FR1
12/13/2024 23:54:57,23.00,9767.80,3.85,8,63,0,46,0,580,0,FR1
12/13/2024 23:55:50,23.00,9820.99,3.85,8,63,0,46,0,581,0,FR1
12/13/2024 23:55:55,23.00,9826.37,3.85,8,63,0,46,0,582,4482,FR1
12/13/2024 23:56:00,23.00,9830.70,3.85,8,63,0,46,0,583,320,FR1
12/13/2024 23:56:07,23.00,9837.64,3.85,8,63,0,46,0,584,6321,FR1
12/14/2024 0:03:48,23.00,9864.89,3.85,8,63,0,47,0,584,0,FR1
12/14/2024 0:11:17,22.75,9886.18,3.85,8,63,0,48,0,584,0,FR1
12/14/2024 0:11:20,22.75,9886.80,3.85,8,64,0,48,0,584,0,FR1
12/14/2024 0:11:26,22.75,9892.24,3.85,8,64,0,48,0,585,0,FR1
12/14/2024 0:11:27,22.75,9893.43,3.85,8,64,0,48,0,586,287,FR1
12/14/2024 0:11:31,22.75,9897.85,3.85,8,64,0,48,0,587,406,FR1
12/14/2024 0:11:34,22.75,9899.99,3.85,8,64,0,48,0,588,114,FR1
12/14/2024 0:11:35,22.75,9901.56,3.85,8,64,0,48,0,589,943,FR1
12/14/2024 0:11:36,22.75,9902.71,3.85,8,64,0,48,0,590,534,FR1
12/14/2024 0:11:38,22.75,9903.97,3.85,8,64,0,48,0,591,72,FR1
12/14/2024 0:11:38,22.75,9904.87,3.85,8,64,0,48,0,592,0,FR1
12/14/2024 0:11:47,22.75,9913.26,3.85,8,64,0,48,0,593,6642,FR1
12/14/2024 0:11:52,22.75,9918.13,3.85,8,64,0,48,0,594,13,FR1
12/14/2024 0:12:00,22.75,9926.74,3.85,8,64,0,48,0,595,7708,FR1
12/14/2024 0:21:24,23.00,9982.47,3.85,8,65,0,48,0,595,0,FR1
12/14/2024 0:21:29,23.00,9987.91,3.85,8,65,0,48,0,596,0,FR1
12/14/2024 0:21:32,23.00,9990.84,3.85,8,65,0,48,0,597,326,FR1
12/14/2024 0:21:39,23.00,9998.00,3.85,8,65,0,48,0,598,39,FR1
12/14/2024 0:21:44,23.00,10002.98,3.85,8,65,0,48,0,599,410,FR1
12/14/2024 0:21:52,23.00,10010.99,3.85,8,65,0,48,0,600,6260,FR1
12/14/2024 0:21:54,23.00,10012.69,3.85,8,65,0,48,0,601,239,FR1
12/14/2024 0:21:55,23.00,10014.44,3.85,8,65,0,48,0,602,0,FR1
12/14/2024 0:21:57,23.00,10015.68,3.85,8,65,0,48,0,603,612,FR1
12/14/2024 0:22:02,23.00,10021.17,3.85,8,65,0,48,0,604,4873,FR1
12/14/2024 0:22:07,23.00,10025.50,3.85,8,65,0,48,0,605,33,FR1
12/14/2024 0:22:09,23.00,10027.69,3.85,8,65,0,48,0,606,718,FR1
12/14/2024 0:22:10,23.00,10029.36,3.85,8,65,0,48,0,607,771,FR1
12/14/2024 0:22:14,23.00,10032.57,3.85,8,65,0,48,0,608,2306,FR1
12/14/2024 0:22:17,23.00,10036.02,3.84,8,65,0,48,0,609,11,FR1
12/14/2024 0:22:19,23.00,10037.77,3.85,8,65,0,48,0,610,1126,FR1
12/14/2024 0:22:20,23.00,10038.67,3.85,8,65,0,48,0,611,0,FR1
12/14/2024 0:22:21,23.00,10039.65,3.85,8,65,0,48,0,612,76,FR1
12/14/2024 0:22:22,23.00,10040.92,3.85,8,65,0,48,0,613,371,FR1
12/14/2024 0:22:27,23.00,10045.79,3.85,8,65,0,48,0,614,574,FR1
12/14/2024 0:22:28,23.00,10047.19,3.85,8,65,0,48,0,615,223,FR1
12/14/2024 0:22:34,23.00,10053.21,3.85,8,65,0,48,0,616,0,FR1
12/14/2024 0:24:00,23.00,10057.94,3.85,8,66,209,48,0,616,0,FR1
12/14/2024 0:26:12,23.00,10131.72,3.85,8,67,0,48,0,616,0,FR1
12/14/2024 0:26:20,23.00,10139.56,3.85,8,67,0,48,0,617,138,FR1
12/14/2024 0:26:21,23.00,10140.76,3.84,8,67,0,48,0,618,579,FR1
12/14/2024 0:26:24,23.00,10143.44,3.85,8,67,0,48,0,619,1775,FR1
12/14/2024 0:26:25,23.00,10144.31,3.85,8,67,0,48,0,620,249,FR1
12/14/2024 0:26:38,23.00,10157.30,3.85,8,67,0,48,0,621,224,FR1
12/14/2024 0:26:39,23.00,10158.48,3.85,8,67,0,48,0,622,0,FR1
12/14/2024 0:26:40,23.00,10159.29,3.85,8,67,0,48,0,623,183,FR1
12/14/2024 0:26:41,23.00,10159.91,3.85,8,67,0,48,0,624,0,FR1
12/14/2024 0:26:41,23.00,10160.72,3.85,8,67,0,48,0,625,192,FR1
12/14/2024 0:26:42,23.00,10161.62,3.85,8,67,0,48,0,626,0,FR1
12/14/2024 0:26:43,23.00,10162.36,3.85,8,67,0,48,0,627,117,FR1
12/14/2024 0:26:49,23.00,10168.10,3.85,8,67,0,48,0,628,29,FR1
12/14/2024 0:26:49,23.00,10168.83,3.85,8,67,0,48,0,629,110,FR1
12/14/2024 0:26:51,23.00,10170.13,3.85,8,67,0,48,0,630,112,FR1
12/14/2024 0:26:56,23.00,10175.18,3.85,8,67,0,48,0,631,3306,FR1
12/14/2024 0:31:05,23.00,10212.71,3.85,8,68,0,48,0,631,0,FR1
12/14/2024 0:31:13,23.00,10221.14,3.85,8,68,0,48,0,632,153,FR1
12/14/2024 0:31:14,23.00,10222.44,3.85,8,68,0,48,0,633,403,FR1
12/14/2024 0:36:46,23.00,10296.39,3.85,8,68,0,49,0,633,0,FR1
12/14/2024 0:37:07,23.00,10297.95,3.85,8,69,101,49,0,633,0,FR1
12/14/2024 0:37:12,23.00,10303.39,3.85,8,69,0,49,0,634,0,FR1
12/14/2024 0:37:15,23.00,10306.00,3.85,8,69,0,49,0,635,14,FR1
12/14/2024 0:37:15,23.00,10306.72,3.85,8,69,0,49,0,636,94,FR1
12/14/2024 0:37:16,23.00,10307.62,3.85,8,69,0,49,0,637,0,FR1
12/14/2024 0:37:18,23.00,10309.09,3.85,8,69,0,49,0,638,0,FR1
12/14/2024 0:37:19,23.00,10310.19,3.85,8,69,0,49,0,639,206,FR1
12/14/2024 0:37:20,23.00,10310.95,3.85,8,69,0,49,0,640,137,FR1
12/14/2024 0:37:24,23.00,10315.42,3.85,8,69,0,49,0,641,3283,FR1
12/14/2024 0:37:49,23.00,10340.33,3.85,8,69,0,49,0,642,0,FR1
12/14/2024 0:37:51,23.00,10341.88,3.85,8,69,0,49,0,643,364,FR1
12/14/2024 0:37:52,23.00,10343.49,3.85,8,69,0,49,0,644,992,FR1
12/14/2024 0:37:53,23.00,10344.70,3.84,8,69,0,49,0,645,22,FR1
12/14/2024 0:37:55,23.00,10346.78,3.85,8,69,0,49,0,646,332,FR1
12/14/2024 0:37:59,23.00,10350.11,3.85,8,69,0,49,0,647,172,FR1
12/14/2024 0:37:59,23.00,10350.73,3.85,8,69,0,49,0,648,0,FR1
12/14/2024 0:38:00,23.00,10351.63,3.85,8,69,0,49,0,649,272,FR1
12/14/2024 0:38:01,23.00,10352.25,3.85,8,69,0,49,0,650,0,FR1
12/14/2024 0:38:05,23.00,10356.45,3.85,8,69,0,49,0,651,195,FR1
12/14/2024 0:38:07,23.00,10358.76,3.85,8,69,0,49,0,652,269,FR1
12/14/2024 0:38:08,23.00,10359.85,3.85,8,69,0,49,0,653,195,FR1
12/14/2024 0:38:10,23.00,10360.99,3.85,8,69,0,49,0,654,236,FR1
12/14/2024 0:38:10,23.00,10361.61,3.85,8,69,0,49,0,655,0,FR1
12/14/2024 0:38:11,23.00,10362.63,3.85,8,69,0,49,0,656,399,FR1
12/14/2024 0:38:12,23.00,10363.42,3.84,8,69,0,49,0,657,160,FR1
12/14/2024 0:38:18,23.00,10369.14,3.85,8,69,0,49,0,658,0,FR1
12/14/2024 0:38:24,23.00,10369.76,3.85,8,70,0,49,0,658,0,FR1
12/14/2024 0:39:14,23.00,10420.07,3.84,8,70,0,49,0,659,785,FR1
12/14/2024 0:40:15,23.00,10442.43,3.85,8,70,0,50,0,659,0,FR1
12/14/2024 1:02:48,22.75,10505.94,3.85,8,70,0,51,0,659,0,FR1
12/14/2024 1:10:25,22.75,10527.53,3.84,8,71,0,51,0,659,0,FR1
12/14/2024 1:10:30,22.75,10533.11,3.85,8,71,0,51,0,660,142,FR1
12/14/2024 1:10:32,22.75,10535.15,3.85,8,71,0,51,0,661,0,FR1
12/14/2024 1:10:34,22.75,10536.89,3.85,8,71,0,51,0,662,558,FR1
12/14/2024 1:10:39,22.75,10541.89,3.84,8,71,0,51,0,663,1556,FR1
12/14/2024 1:10:40,22.75,10542.62,3.85,8,71,0,51,0,664,114,FR1
12/14/2024 1:10:42,22.75,10544.65,3.85,8,71,0,51,0,665,0,FR1
12/14/2024 1:10:46,22.75,10549.30,3.85,8,71,0,51,0,666,2618,FR1
12/14/2024 1:18:58,22.75,10618.91,3.85,8,72,0,51,0,666,0,FR1
12/14/2024 1:19:49,22.75,10669.82,3.85,8,72,0,51,0,667,0,FR1
12/14/2024 1:32:09,22.75,10723.35,3.84,8,73,134,51,0,667,0,FR1
12/14/2024 1:32:14,22.75,10728.81,3.85,8,73,0,51,0,668,18,FR1
12/14/2024 1:32:20,22.75,10734.27,3.85,8,73,0,51,0,669,37,FR1
12/14/2024 1:36:30,23.00,10802.89,3.85,8,73,0,52,0,669,0,FR1
12/14/2024 2:34:40,22.75,10965.91,3.84,8,74,0,52,0,669,0,FR1
12/14/2024 2:34:46,22.75,10971.36,3.84,8,74,0,52,0,670,0,FR1
12/14/2024 2:34:49,22.75,10974.90,3.85,8,74,0,52,0,671,948,FR1
12/14/2024 2:34:52,22.75,10977.23,3.84,8,74,0,52,0,672,5,FR1
12/14/2024 2:34:52,22.75,10978.00,3.84,8,74,0,52,0,673,141,FR1
12/14/2024 2:34:55,22.75,10981.16,3.85,8,74,0,52,0,674,0,FR1
12/14/2024 2:35:39,22.75,11024.47,3.84,8,74,0,52,0,675,41,FR1
12/14/2024 2:50:42,22.75,11078.35,3.85,8,75,0,52,0,675,0,FR1
12/14/2024 2:50:48,22.75,11083.80,3.84,8,75,0,52,0,676,0,FR1
12/14/2024 2:50:49,22.75,11084.74,3.84,8,75,0,52,0,677,45,FR1
12/14/2024 2:50:52,22.75,11088.00,3.85,8,75,0,52,0,678,101,FR1
12/14/2024 2:50:53,22.75,11088.62,3.84,8,75,0,52,0,679,0,FR1
12/14/2024 2:50:54,22.75,11090.15,3.85,8,75,0,52,0,680,52,FR1
12/14/2024 2:50:55,22.75,11090.88,3.84,8,75,0,52,0,681,116,FR1
12/14/2024 2:50:56,22.75,11091.84,3.84,8,75,0,52,0,682,56,FR1
12/14/2024 2:50:58,22.75,11094.06,3.85,8,75,0,52,0,683,753,FR1
12/14/2024 2:51:00,22.75,11096.42,3.84,8,75,0,52,0,684,39,FR1
12/14/2024 2:51:03,22.75,11098.96,3.85,8,75,0,52,0,685,230,FR1
12/14/2024 2:51:05,22.75,11101.28,3.85,8,75,0,52,0,686,0,FR1
12/14/2024 2:51:07,22.75,11103.00,3.85,8,75,0,52,0,687,822,FR1
12/14/2024 2:51:10,22.75,11106.14,3.85,8,75,0,52,0,688,545,FR1
12/14/2024 2:51:14,22.75,11110.27,3.85,8,75,0,52,0,689,962,FR1
12/14/2024 2:51:16,22.75,11112.41,3.85,8,75,0,52,0,690,671,FR1
12/14/2024 2:51:59,22.75,11149.21,3.84,8,76,0,52,0,690,0,FR1
12/14/2024 2:52:04,22.75,11154.65,3.84,8,76,0,52,0,691,0,FR1
12/14/2024 2:52:06,22.75,11156.31,3.84,8,76,0,52,0,692,467,FR1
12/14/2024 2:52:06,22.75,11156.93,3.84,8,76,0,52,0,693,0,FR1
12/14/2024 2:52:07,22.75,11157.89,3.85,8,76,0,52,0,694,58,FR1
12/14/2024 2:52:08,22.75,11158.85,3.84,8,76,0,52,0,695,63,FR1
12/14/2024 2:52:10,22.75,11160.29,3.85,8,76,0,52,0,696,527,FR1
12/14/2024 2:52:13,22.75,11164.03,3.85,8,76,0,52,0,697,9,FR1
12/14/2024 2:52:19,22.75,11169.73,3.84,8,76,0,52,0,698,0,FR1
12/14/2024 2:52:25,22.75,11175.16,3.85,8,76,0,52,0,699,0,FR1
12/14/2024 2:52:26,22.75,11176.97,3.83,8,76,0,52,0,700,1191,FR1
12/14/2024 2:52:28,22.75,11178.57,3.85,8,76,0,52,0,701,420,FR1
12/14/2024 2:52:30,22.75,11180.15,3.84,8,76,0,52,0,702,114,FR1
12/14/2024 2:52:30,22.75,11180.87,3.85,8,76,0,52,0,703,95,FR1
12/14/2024 2:52:32,22.75,11182.58,3.84,8,76,0,52,0,704,243,FR1
12/14/2024 2:52:34,22.75,11185.02,3.84,8,76,0,52,0,705,123,FR1
12/14/2024 2:52:36,22.75,11186.23,3.84,8,76,0,52,0,706,304,FR1
12/14/2024 2:52:45,22.75,11195.83,3.84,8,76,0,52,0,707,1637,FR1
12/14/2024 2:52:48,22.75,11198.55,3.85,8,76,0,52,0,708,1823,FR1
12/14/2024 2:52:50,22.75,11200.13,3.84,8,76,0,52,0,709,387,FR1
12/14/2024 2:52:51,22.75,11201.43,3.84,8,76,0,52,0,710,685,FR1
12/14/2024 2:52:52,22.75,11202.12,3.84,8,76,0,52,0,711,63,FR1
12/14/2024 2:52:53,22.75,11203.56,3.84,8,76,0,52,0,712,824,FR1
12/14/2024 2:52:59,22.75,11209.52,3.85,8,76,0,52,0,713,3925,FR1
12/14/2024 2:53:00,22.75,11210.42,3.84,8,76,0,52,0,714,0,FR1
12/14/2024 2:53:01,22.75,11211.32,3.85,8,76,0,52,0,715,0,FR1
12/14/2024 2:53:01,22.75,11211.94,3.84,8,76,0,52,0,716,0,FR1
12/14/2024 2:54:35,23.00,11224.12,3.84,8,77,0,52,0,716,0,FR1
12/14/2024 2:54:41,23.00,11229.57,3.85,8,77,0,52,0,717,0,FR1
12/14/2024 2:54:42,23.00,11230.75,3.84,8,77,0,52,0,718,0,FR1
12/14/2024 2:54:43,23.00,11232.19,3.84,8,77,0,52,0,719,816,FR1
12/14/2024 2:54:44,23.00,11232.81,3.85,8,77,0,52,0,720,0,FR1
12/14/2024 2:54:47,23.00,11235.69,3.85,8,77,0,52,0,721,0,FR1
12/14/2024 2:54:48,23.00,11236.85,3.85,8,77,0,52,0,722,263,FR1
12/14/2024 2:54:50,23.00,11238.89,3.85,8,77,0,52,0,723,847,FR1
12/14/2024 2:54:53,23.00,11241.96,3.84,8,77,0,52,0,724,190,FR1
12/14/2024 2:54:55,23.00,11244.08,3.85,8,77,0,52,0,725,373,FR1
12/14/2024 2:54:56,23.00,11244.82,3.84,8,77,0,52,0,726,112,FR1
12/14/2024 2:54:58,23.00,11246.89,3.85,8,77,0,52,0,727,601,FR1
12/14/2024 2:54:59,23.00,11247.79,3.85,8,77,0,52,0,728,0,FR1
12/14/2024 2:55:03,23.00,11251.98,3.85,8,77,0,52,0,729,2162,FR1
12/14/2024 2:55:07,23.00,11255.95,3.85,8,77,0,52,0,730,239,FR1
12/14/2024 2:55:08,23.00,11257.25,3.84,8,77,0,52,0,731,112,FR1
12/14/2024 2:55:10,23.00,11258.48,3.85,8,77,0,52,0,732,47,FR1
12/14/2024 2:55:11,23.00,11259.52,3.85,8,77,0,52,0,733,138,FR1
12/14/2024 2:55:11,23.00,11260.14,3.84,8,77,0,52,0,734,0,FR1
12/14/2024 2:55:12,23.00,11261.07,3.84,8,77,0,52,0,735,22,FR1
12/14/2024 2:55:14,23.00,11262.91,3.85,8,77,0,52,0,736,660,FR1
12/14/2024 2:55:17,23.00,11266.20,3.84,8,77,0,52,0,737,970,FR1
12/14/2024 2:55:19,23.00,11267.99,3.85,8,77,0,52,0,738,1177,FR1
12/14/2024 2:55:21,23.00,11269.32,3.85,8,77,0,52,0,739,140,FR1
12/14/2024 2:55:24,23.00,11272.45,3.84,8,77,0,52,0,740,2232,FR1
12/14/2024 2:55:25,23.00,11273.37,3.85,8,77,0,52,0,741,22,FR1
12/14/2024 2:55:28,23.00,11276.82,3.84,8,77,0,52,0,742,0,FR1
12/14/2024 2:55:29,23.00,11278.01,3.85,8,77,0,52,0,743,0,FR1
12/14/2024 2:55:30,23.00,11278.67,3.84,8,77,0,52,0,744,42,FR1
12/14/2024 3:02:05,23.00,11312.86,3.84,8,78,126,52,0,744,0,FR1
12/14/2024 3:02:10,23.00,11318.31,3.84,8,78,0,52,0,745,0,FR1
12/14/2024 3:02:11,23.00,11319.24,3.84,8,78,0,52,0,746,33,FR1
12/14/2024 3:02:15,23.00,11323.08,3.85,8,78,0,52,0,747,107,FR1
12/14/2024 3:02:16,23.00,11323.98,3.85,8,78,0,52,0,748,0,FR1
12/14/2024 3:02:17,23.00,11325.24,3.85,8,78,0,52,0,749,65,FR1
12/14/2024 3:02:18,23.00,11325.88,3.85,8,78,0,52,0,750,17,FR1
12/14/2024 3:02:19,23.00,11326.97,3.84,8,78,0,52,0,751,195,FR1
12/14/2024 3:02:21,23.00,11328.85,3.83,8,78,0,52,0,752,131,FR1
12/14/2024 3:02:22,23.00,11329.93,3.84,8,78,0,52,0,753,170,FR1
12/14/2024 3:02:24,23.00,11332.30,3.84,8,78,0,52,0,754,57,FR1
12/14/2024 3:02:25,23.00,11333.51,3.85,8,78,0,52,0,755,30,FR1
12/14/2024 3:02:27,23.00,11335.08,3.85,8,78,0,52,0,756,96,FR1
12/14/2024 3:02:31,23.00,11339.18,3.85,8,78,0,52,0,757,2632,FR1
12/14/2024 3:02:32,23.00,11340.21,3.85,8,78,0,52,0,758,125,FR1
12/14/2024 3:02:33,23.00,11341.60,3.84,8,78,0,52,0,759,770,FR1
12/14/2024 3:02:34,23.00,11342.34,3.85,8,78,0,52,0,760,121,FR1
12/14/2024 3:02:39,23.00,11347.38,3.85,8,78,0,52,0,761,4425,FR1
12/14/2024 3:02:44,23.00,11352.32,3.84,8,78,0,52,0,762,3747,FR1
12/14/2024 3:02:47,23.00,11355.66,3.85,8,78,0,52,0,763,1312,FR1
12/14/2024 3:02:50,23.00,11357.76,3.84,8,78,0,52,0,764,911,FR1
12/14/2024 3:02:53,23.00,11361.08,3.85,8,78,0,52,0,765,2424,FR1
12/14/2024 3:02:56,23.00,11363.73,3.84,8,78,0,52,0,766,48,FR1
12/14/2024 3:02:58,23.00,11366.61,3.84,8,78,0,52,0,767,282,FR1
12/14/2024 3:03:01,23.00,11368.89,3.85,8,78,0,52,0,768,812,FR1
12/14/2024 3:03:04,23.00,11372.30,3.84,8,78,0,52,0,769,537,FR1
12/14/2024 3:03:06,23.00,11374.71,3.84,8,78,0,52,0,770,1508,FR1
12/14/2024 3:03:10,23.00,11378.06,3.85,8,78,0,52,0,771,185,FR1
12/14/2024 3:13:02,22.75,11411.86,3.85,8,78,0,53,675,771,0,FR1
12/14/2024 4:01:40,22.75,11548.34,3.84,8,78,0,54,0,771,0,FR1
12/14/2024 4:23:02,22.75,11608.57,3.85,8,79,68,54,0,771,0,FR1
12/14/2024 4:23:08,22.75,11614.02,3.84,8,79,0,54,0,772,0,FR1
12/14/2024 4:23:08,22.75,11614.71,3.85,8,79,0,54,0,773,65,FR1
12/14/2024 4:23:11,22.75,11617.20,3.85,8,79,0,54,0,774,180,FR1
12/14/2024 4:23:14,22.75,11619.91,3.84,8,79,0,54,0,775,108,FR1
12/14/2024 4:23:15,22.75,11621.04,3.84,8,79,0,54,0,776,229,FR1
12/14/2024 4:23:17,22.75,11623.67,3.84,8,79,0,54,0,777,312,FR1
12/14/2024 4:24:39,22.75,11680.90,3.84,8,80,117,54,0,777,0,FR1
12/14/2024 4:24:45,22.75,11687.54,3.84,8,80,0,54,0,778,348,FR1
12/14/2024 4:24:48,22.75,11690.02,3.84,8,80,0,54,0,779,164,FR1
12/14/2024 4:24:50,22.75,11692.74,3.84,8,80,0,54,0,780,1536,FR1
12/14/2024 4:24:56,22.75,11697.90,3.85,8,80,0,54,0,781,1433,FR1
12/14/2024 4:25:01,22.75,11703.62,3.84,8,80,0,54,0,782,1710,FR1
12/14/2024 4:25:03,22.75,11705.81,3.84,8,80,0,54,0,783,727,FR1
12/14/2024 4:25:05,22.75,11706.94,3.85,8,80,0,54,0,784,503,FR1
12/14/2024 4:25:05,22.75,11707.58,3.84,8,80,0,54,0,785,20,FR1
12/14/2024 4:25:06,22.75,11708.56,3.84,8,80,0,54,0,786,77,FR1
12/14/2024 4:25:07,22.75,11709.83,3.84,8,80,0,54,0,787,651,FR1
12/14/2024 4:25:10,22.75,11712.81,3.84,8,80,0,54,0,788,383,FR1
12/14/2024 4:25:11,22.75,11713.78,3.84,8,80,0,54,0,789,351,FR1
12/14/2024 4:25:12,22.75,11714.40,3.84,8,80,0,54,0,790,0,FR1
12/14/2024 4:25:14,22.75,11716.43,3.84,8,80,0,54,0,791,0,FR1
12/14/2024 4:25:16,22.75,11718.19,3.84,8,80,0,54,0,792,9,FR1
12/14/2024 4:25:33,22.75,11735.17,3.84,8,80,0,54,0,793,256,FR1
12/14/2024 4:25:34,22.75,11736.03,3.84,8,80,0,54,0,794,235,FR1
12/14/2024 4:25:35,22.75,11737.04,3.83,8,80,0,54,0,795,394,FR1
12/14/2024 4:25:36,22.75,11737.94,3.84,8,80,0,54,0,796,0,FR1
12/14/2024 4:25:37,22.75,11739.19,3.85,8,80,0,54,0,797,631,FR1
12/14/2024 4:25:39,22.75,11741.29,3.84,8,80,0,54,0,798,65,FR1
12/14/2024 4:25:40,22.75,11741.96,3.85,8,80,0,54,0,799,46,FR1
12/14/2024 4:25:45,22.75,11747.73,3.84,8,80,0,54,0,800,2039,FR1
12/14/2024 4:25:51,22.75,11753.46,3.85,8,80,0,54,0,801,0,FR1
12/14/2024 4:25:58,22.75,11754.08,3.84,8,81,0,54,0,801,0,FR1
12/14/2024 4:26:56,22.75,11812.65,3.84,8,81,0,54,0,802,23,FR1
12/14/2024 4:27:00,22.75,11816.59,3.84,8,81,0,54,0,803,3318,FR1
12/14/2024 4:27:08,22.75,11824.86,3.85,8,81,0,54,0,804,0,FR1
12/14/2024 4:32:25,23.00,11840.01,3.84,8,82,0,54,0,804,0,FR1
12/14/2024 4:32:32,23.00,11846.98,3.84,8,82,0,54,0,805,674,FR1
12/14/2024 4:32:36,22.75,11850.14,3.84,8,82,0,54,0,806,0,FR1
12/14/2024 4:32:36,22.75,11850.93,3.84,8,82,0,54,0,807,168,FR1
12/14/2024 4:32:38,22.75,11852.29,3.84,8,82,0,54,0,808,171,FR1
12/14/2024 4:32:40,22.75,11855.03,3.84,8,82,0,54,0,809,2128,FR1
12/14/2024 4:32:42,22.75,11856.51,3.84,8,82,0,54,0,810,578,FR1
12/14/2024 4:32:47,22.75,11861.57,3.84,8,82,0,54,0,811,766,FR1
12/14/2024 4:32:52,22.75,11866.43,3.85,8,82,0,54,0,812,0,FR1
12/14/2024 4:33:14,22.75,11888.63,3.84,8,82,0,54,0,813,106,FR1
12/14/2024 4:33:28,22.75,11902.44,3.85,8,82,0,54,0,814,764,FR1
12/14/2024 4:34:34,23.00,11913.50,3.84,8,83,0,54,0,814,0,FR1
12/14/2024 4:34:42,23.00,11921.56,3.84,8,83,0,54,0,815,348,FR1
12/14/2024 4:35:51,23.00,11984.34,3.84,8,84,0,54,0,815,0,FR1
12/14/2024 4:46:21,22.75,12081.35,3.84,8,85,10,54,0,815,0,FR1
12/14/2024 4:46:27,22.75,12086.89,3.83,8,85,0,54,0,816,97,FR1
12/14/2024 4:46:29,22.75,12088.64,3.84,8,85,0,54,0,817,0,FR1
12/14/2024 5:20:07,22.75,12243.14,3.84,8,86,19,54,0,817,0,FR1
12/14/2024 5:20:12,22.75,12248.98,3.84,8,86,0,54,0,818,388,FR1
12/14/2024 5:20:46,22.75,12283.06,3.84,8,86,0,54,0,819,1251,FR1
12/14/2024 5:20:48,22.75,12284.46,3.83,8,86,0,54,0,820,768,FR1
12/14/2024 5:20:52,22.75,12288.20,3.84,8,86,0,54,0,821,303,FR1
12/14/2024 5:20:53,22.75,12289.11,3.84,8,86,0,54,0,822,0,FR1
12/14/2024 5:20:54,22.75,12290.19,3.84,8,86,0,54,0,823,467,FR1
12/14/2024 5:20:54,22.75,12290.92,3.84,8,86,0,54,0,824,104,FR1
12/14/2024 5:20:55,22.75,12291.71,3.83,8,86,0,54,0,825,170,FR1
12/14/2024 5:20:57,22.75,12293.57,3.84,8,86,0,54,0,826,676,FR1
12/14/2024 5:20:58,22.75,12294.47,3.84,8,86,0,54,0,827,0,FR1
12/14/2024 5:20:59,22.75,12295.38,3.83,8,86,0,54,0,828,1,FR1
12/14/2024 5:21:03,22.75,12300.00,3.84,8,86,0,54,0,829,53,FR1
12/14/2024 5:21:05,22.75,12301.62,3.84,8,86,0,54,0,830,147,FR1
12/14/2024 5:21:07,22.75,12303.65,3.84,8,86,0,54,0,831,0,FR1
12/14/2024 5:21:08,22.75,12304.55,3.83,8,86,0,54,0,832,0,FR1
12/14/2024 5:21:11,22.75,12307.26,3.83,8,86,0,54,0,833,1803,FR1
12/14/2024 5:21:15,22.75,12311.18,3.84,8,86,0,54,0,834,3306,FR1
12/14/2024 5:21:20,22.75,12316.91,3.84,8,86,0,54,0,835,0,FR1
12/14/2024 5:21:41,22.75,12318.37,3.84,8,87,0,54,0,835,0,FR1
12/14/2024 5:21:48,22.75,12324.96,3.83,8,87,0,54,0,836,15,FR1
12/14/2024 5:21:51,22.75,12328.75,3.84,8,87,0,54,0,837,64,FR1
12/14/2024 5:21:53,22.75,12330.06,3.83,8,87,0,54,0,838,413,FR1
12/14/2024 5:21:55,22.75,12331.94,3.84,8,87,0,54,0,839,1261,FR1
12/14/2024 5:21:56,22.75,12333.58,3.84,8,87,0,54,0,840,446,FR1
12/14/2024 5:22:04,22.75,12340.93,3.84,8,87,0,54,0,841,4189,FR1
12/14/2024 5:22:05,22.75,12342.70,3.84,8,87,0,54,0,842,23,FR1
12/14/2024 5:22:08,22.75,12345.24,3.84,8,87,0,54,0,843,796,FR1
12/14/2024 5:22:12,22.75,12349.32,3.84,8,87,0,54,0,844,58,FR1
12/14/2024 5:22:14,22.75,12351.04,3.84,8,87,0,54,0,845,821,FR1
12/14/2024 5:22:16,22.75,12353.21,3.84,8,87,0,54,0,846,696,FR1
12/14/2024 5:22:17,22.75,12354.85,3.84,8,87,0,54,0,847,743,FR1
12/14/2024 5:22:20,22.75,12357.17,3.84,8,87,0,54,0,848,0,FR1
12/14/2024 5:22:21,22.75,12358.81,3.84,8,87,0,54,0,849,1017,FR1
12/14/2024 5:22:22,22.75,12359.59,3.84,8,87,0,54,0,850,162,FR1
12/14/2024 5:22:23,22.75,12360.36,3.83,8,87,0,54,0,851,145,FR1
12/14/2024 5:22:26,22.75,12363.67,3.85,8,87,0,54,0,852,150,FR1
12/14/2024 5:22:31,22.75,12368.33,3.84,8,87,0,54,0,853,3469,FR1
12/14/2024 5:22:32,22.75,12369.69,3.84,8,87,0,54,0,854,180,FR1
12/14/2024 5:22:34,22.75,12370.88,3.83,8,87,0,54,0,855,0,FR1
12/14/2024 5:22:36,22.75,12373.83,3.83,8,87,0,54,0,856,1205,FR1
12/14/2024 5:22:45,22.75,12382.81,3.84,8,87,0,54,0,857,4403,FR1
12/14/2024 5:22:52,22.75,12389.10,3.83,8,87,0,54,0,858,0,FR1
12/14/2024 5:35:59,22.75,12426.34,3.83,8,88,0,54,0,858,0,FR1
12/14/2024 5:36:05,22.75,12431.79,3.83,8,88,0,54,0,859,0,FR1
12/14/2024 5:36:07,22.75,12433.88,3.83,8,88,0,54,0,860,52,FR1
12/14/2024 5:36:08,22.75,12434.78,3.84,8,88,0,54,0,861,0,FR1
12/14/2024 5:36:09,22.75,12435.85,3.83,8,88,0,54,0,862,167,FR1
12/14/2024 5:36:11,22.75,12437.60,3.84,8,88,0,54,0,863,0,FR1
12/14/2024 5:36:12,22.75,12438.92,3.84,8,88,0,54,0,864,134,FR1
12/14/2024 5:36:18,22.75,12444.50,3.83,8,88,0,54,0,865,163,FR1
12/14/2024 5:36:19,22.75,12446.13,3.84,8,88,0,54,0,866,1009,FR1
12/14/2024 5:36:20,22.75,12447.07,3.83,8,88,0,54,0,867,318,FR1
12/14/2024 5:36:24,22.75,12451.15,3.84,8,88,0,54,0,868,2613,FR1
12/14/2024 5:36:25,22.75,12452.08,3.84,8,88,0,54,0,869,22,FR1
12/14/2024 5:36:26,22.75,12452.77,3.84,8,88,0,54,0,870,69,FR1
12/14/2024 5:36:30,22.75,12456.56,3.83,8,88,0,54,0,871,2331,FR1
12/14/2024 5:38:11,22.75,12500.12,3.84,8,89,0,54,0,871,0,FR1
12/14/2024 5:38:17,22.75,12505.95,3.84,8,89,0,54,0,872,103,FR1
12/14/2024 5:38:18,22.75,12507.56,3.84,8,89,0,54,0,873,991,FR1
12/14/2024 5:38:21,22.75,12510.18,3.84,8,89,0,54,0,874,304,FR1
12/14/2024 5:38:22,22.75,12511.24,3.84,8,89,0,54,0,875,162,FR1
12/14/2024 5:38:23,22.75,12512.43,3.84,8,89,0,54,0,876,0,FR1
12/14/2024 5:38:25,22.75,12513.95,3.84,8,89,0,54,0,877,333,FR1
12/14/2024 5:38:26,22.75,12514.87,3.84,8,89,0,54,0,878,22,FR1
12/14/2024 5:38:27,22.75,12516.17,3.83,8,89,0,54,0,879,110,FR1
12/14/2024 5:38:30,22.75,12519.25,3.84,8,89,0,54,0,880,1618,FR1
12/14/2024 5:38:32,22.75,12521.28,3.84,8,89,0,54,0,881,1128,FR1
12/14/2024 5:38:33,22.75,12522.55,3.83,8,89,0,54,0,882,360,FR1
12/14/2024 5:38:39,22.75,12528.58,3.83,8,89,0,54,0,883,3436,FR1
12/14/2024 5:38:44,22.75,12533.17,3.84,8,89,0,54,0,884,1425,FR1
12/14/2024 5:38:48,22.75,12537.01,3.84,8,89,0,54,0,885,112,FR1
12/14/2024 5:38:49,22.75,12537.91,3.84,8,89,0,54,0,886,0,FR1
12/14/2024 5:38:55,22.75,12544.21,3.84,8,89,0,54,0,887,5679,FR1
12/14/2024 5:38:56,22.75,12545.68,3.84,8,89,0,54,0,888,0,FR1
12/14/2024 5:38:57,22.75,12546.58,3.84,8,89,0,54,0,889,0,FR1
12/14/2024 5:38:58,22.75,12547.20,3.83,8,89,0,54,0,890,0,FR1
12/14/2024 5:39:07,22.75,12555.87,3.84,8,89,0,54,0,891,139,FR1
12/14/2024 5:39:09,22.75,12558.29,3.84,8,89,0,54,0,892,1801,FR1
12/14/2024 5:39:12,22.75,12561.25,3.83,8,89,0,54,0,893,76,FR1
12/14/2024 5:39:13,22.75,12562.65,3.84,8,89,0,54,0,894,785,FR1
12/14/2024 5:39:22,22.75,12570.92,3.84,8,89,0,54,0,895,0,FR1
12/14/2024 5:40:08,22.75,12573.50,3.84,8,90,0,54,0,895,0,FR1
12/14/2024 5:45:09,23.00,12655.13,3.84,8,90,0,55,0,895,0,FR1
12/14/2024 9:22:08,22.50,13262.11,3.83,8,90,0,56,0,895,0,FR1
12/14/2024 9:24:54,22.50,13270.28,3.83,8,91,0,56,0,895,0,FR1
12/14/2024 9:25:05,22.50,13280.65,3.83,8,91,0,56,0,896,404,FR1
12/14/2024 9:25:06,22.50,13282.34,3.84,8,91,0,56,0,897,505,FR1
12/14/2024 9:25:07,22.50,13283.24,3.84,8,91,0,56,0,898,0,FR1
12/14/2024 9:25:09,22.50,13284.96,3.84,8,91,0,56,0,899,247,FR1
12/14/2024 9:25:11,22.50,13287.14,3.83,8,91,0,56,0,900,714,FR1
12/14/2024 9:25:12,22.50,13287.76,3.83,8,91,0,56,0,901,0,FR1
12/14/2024 9:25:14,22.50,13289.66,3.83,8,91,0,56,0,902,151,FR1
12/14/2024 9:25:15,22.50,13290.85,3.83,8,91,0,56,0,903,0,FR1
12/14/2024 9:25:17,22.50,13293.17,3.83,8,91,0,56,0,904,287,FR1
12/14/2024 9:25:18,22.50,13293.84,3.83,8,91,0,56,0,905,54,FR1
12/14/2024 9:25:22,22.50,13298.10,3.84,8,91,0,56,0,906,3645,FR1
12/14/2024 9:25:23,22.50,13298.75,3.83,8,91,0,56,0,907,20,FR1
12/14/2024 9:25:25,22.50,13301.36,3.83,8,91,0,56,0,908,579,FR1
12/14/2024 9:25:28,22.50,13303.77,3.83,8,91,0,56,0,909,1507,FR1
12/14/2024 9:25:29,22.50,13304.84,3.84,8,91,0,56,0,910,453,FR1
12/14/2024 9:25:31,22.50,13307.16,3.83,8,91,0,56,0,911,0,FR1
12/14/2024 9:25:32,22.50,13307.77,3.83,8,91,0,56,0,912,0,FR1
12/14/2024 9:25:35,22.50,13310.65,3.84,8,91,0,56,0,913,1973,FR1
12/14/2024 9:25:36,22.50,13311.89,3.83,8,91,0,56,0,914,620,FR1
12/14/2024 9:25:38,22.50,13313.78,3.83,8,91,0,56,0,915,137,FR1
12/14/2024 9:25:39,22.50,13314.89,3.84,8,91,0,56,0,916,213,FR1
12/14/2024 9:25:40,22.50,13315.99,3.83,8,91,0,56,0,917,195,FR1
12/14/2024 9:25:43,22.50,13318.95,3.83,8,91,0,56,0,918,2059,FR1
12/14/2024 9:25:46,22.50,13321.45,3.83,8,91,0,56,0,919,1880,FR1
12/14/2024 9:25:49,22.50,13324.45,3.83,8,91,0,56,0,920,2374,FR1
12/14/2024 9:25:52,22.50,13327.90,3.83,8,91,0,56,0,921,0,FR1
12/14/2024 9:25:55,22.75,13330.58,3.83,8,91,0,56,0,922,1503,FR1
12/14/2024 9:25:59,22.75,13334.42,3.83,8,91,0,56,0,923,952,FR1
12/14/2024 9:26:00,22.75,13335.80,3.84,8,91,0,56,0,924,771,FR1
12/14/2024 9:26:11,22.75,13341.81,3.83,8,92,0,56,0,924,0,FR1
12/14/2024 9:26:53,22.75,13383.15,3.83,8,92,0,56,0,925,0,FR1
12/14/2024 13:06:23,22.75,14025.12,3.83,8,93,294,56,0,925,0,FR1
12/14/2024 13:14:30,22.75,14115.42,3.83,8,94,0,56,0,925,0,FR1
12/14/2024 13:14:36,22.75,14120.87,3.83,8,94,0,56,0,926,0,FR1
12/14/2024 13:14:42,22.75,14127.26,3.83,8,94,0,56,0,927,689,FR1
12/14/2024 18:39:33,22.75,15091.56,3.83,8,95,0,56,0,927,0,FR1
12/14/2024 18:39:42,22.75,15100.25,3.83,8,95,0,56,0,928,139,FR1
12/14/2024 18:39:43,22.75,15101.65,3.83,8,95,0,56,0,929,776,FR1
12/14/2024 18:39:45,22.75,15103.22,3.83,8,95,0,56,0,930,952,FR1
12/14/2024 18:40:05,22.75,15123.31,3.83,8,95,0,56,0,931,823,FR1
12/14/2024 18:40:37,22.75,15155.85,3.83,8,95,0,56,0,932,0,FR1
12/14/2024 18:40:44,22.75,15162.15,3.82,8,95,0,56,0,933,0,FR1
12/14/2024 18:43:06,22.75,15169.19,3.83,8,96,0,56,0,933,0,FR1
12/14/2024 18:43:12,22.75,15174.64,3.83,8,96,0,56,0,934,0,FR1
12/14/2024 18:51:11,22.75,15259.27,3.83,8,97,7,56,0,934,0,FR1
12/14/2024 18:51:45,22.75,15292.96,3.82,8,97,0,56,0,935,0,FR1
12/14/2024 18:51:54,22.75,15301.77,3.82,8,97,0,56,0,936,0,FR1
12/14/2024 18:51:57,22.75,15304.94,3.82,8,97,0,56,0,937,0,FR1
12/14/2024 18:52:14,22.75,15322.29,3.82,8,97,0,56,0,938,69,FR1
12/14/2024 18:57:04,22.75,15343.42,3.83,8,98,0,56,0,938,0,FR1
12/14/2024 18:57:12,22.75,15351.50,3.83,8,98,0,56,0,939,2642,FR1
12/14/2024 19:05:17,22.75,15433.87,3.82,8,99,0,56,0,939,0,FR1
12/14/2024 19:05:23,22.75,15439.32,3.83,8,99,0,56,0,940,0,FR1
12/14/2024 19:05:23,22.75,15439.94,3.83,8,99,0,56,0,941,0,FR1
12/14/2024 19:05:25,22.75,15441.53,3.82,8,99,0,56,0,942,126,FR1
12/14/2024 19:05:26,22.75,15442.43,3.82,8,99,0,56,0,943,0,FR1
12/14/2024 19:05:31,22.75,15447.86,3.83,8,99,0,56,0,944,0,FR1
12/14/2024 19:05:33,22.75,15449.61,3.83,8,99,0,56,0,945,0,FR1
12/14/2024 19:05:34,22.75,15450.67,3.82,8,99,0,56,0,946,439,FR1
12/14/2024 19:05:37,22.75,15453.67,3.82,8,99,0,56,0,947,122,FR1
12/14/2024 19:05:40,22.75,15456.23,3.82,8,99,0,56,0,948,1097,FR1
12/14/2024 19:05:53,22.75,15469.56,3.83,8,99,0,56,0,949,0,FR1
12/14/2024 19:05:54,22.75,15470.41,3.83,8,99,0,56,0,950,220,FR1
12/14/2024 19:05:55,22.75,15471.87,3.83,8,99,0,56,0,951,0,FR1
12/14/2024 19:05:57,22.75,15474.16,3.83,8,99,0,56,0,952,1386,FR1
12/14/2024 19:06:00,22.75,15476.21,3.83,8,99,0,56,0,953,14,FR1
12/14/2024 19:06:00,22.75,15477.11,3.82,8,99,0,56,0,954,0,FR1
12/14/2024 19:06:01,22.75,15477.81,3.83,8,99,0,56,0,955,83,FR1
12/14/2024 19:06:09,22.75,15485.50,3.83,8,99,0,56,0,956,0,FR1
12/14/2024 19:06:10,22.75,15486.40,3.82,8,99,0,56,0,957,0,FR1
12/14/2024 19:06:20,22.75,15496.38,3.83,8,99,0,56,0,958,38,FR1
12/14/2024 19:06:21,22.75,15498.13,3.82,8,99,0,56,0,959,0,FR1
12/14/2024 19:06:23,22.75,15499.77,3.83,8,99,0,56,0,960,739,FR1
12/14/2024 19:06:34,22.75,15505.78,3.82,8,100,0,56,0,960,0,FR1
12/14/2024 19:06:40,22.75,15511.36,3.82,8,100,0,56,0,961,132,FR1
12/14/2024 19:06:41,22.75,15512.56,3.82,8,100,0,56,0,962,303,FR1
12/14/2024 19:06:42,22.75,15513.46,3.82,8,100,0,56,0,963,0,FR1
12/14/2024 19:06:44,22.75,15515.55,3.81,8,100,0,56,0,964,617,FR1
12/14/2024 19:06:46,22.75,15517.92,3.83,8,100,0,56,0,965,323,FR1
12/14/2024 19:24:03,22.75,15622.65,3.82,8,100,0,57,309,965,0,FR1
12/14/2024 19:24:04,22.75,15623.27,3.82,8,100,0,58,0,965,0,FR1
12/14/2024 19:30:49,22.75,15642.67,3.83,8,101,51,58,0,965,0,FR1
12/14/2024 19:42:28,22.75,15742.75,3.82,8,102,0,58,0,965,0,FR1
12/14/2024 19:42:34,22.75,15748.82,3.82,8,102,0,58,0,966,337,FR1
12/14/2024 19:57:18,22.75,15851.63,3.82,8,103,0,58,0,966,0,FR1
12/14/2024 19:57:23,22.75,15857.07,3.82,8,103,0,58,0,967,0,FR1
12/14/2024 19:57:26,22.75,15859.11,3.82,8,103,0,58,0,968,0,FR1
12/14/2024 19:57:31,22.75,15865.10,3.82,8,103,0,58,0,969,0,FR1
12/14/2024 19:57:33,22.75,15866.42,3.83,8,103,0,58,0,970,419,FR1
12/14/2024 19:57:36,22.75,15869.94,3.82,8,103,0,58,0,971,74,FR1
12/14/2024 19:57:39,22.75,15872.34,3.82,8,103,0,58,0,972,646,FR1
12/14/2024 19:57:40,22.75,15873.76,3.82,8,103,0,58,0,973,237,FR1
12/14/2024 19:57:43,22.75,15876.68,3.83,8,103,0,58,0,974,2024,FR1
12/14/2024 19:57:45,22.75,15878.72,3.82,8,103,0,58,0,975,851,FR1
12/14/2024 19:58:05,22.75,15898.28,3.81,8,103,0,58,0,976,0,FR1
12/14/2024 19:58:19,22.75,15913.03,3.83,8,103,0,58,0,977,6,FR1
12/14/2024 19:58:23,22.75,15916.86,3.82,8,103,0,58,0,978,102,FR1
12/14/2024 19:58:29,22.75,15922.59,3.82,8,103,0,58,0,979,0,FR1
12/14/2024 19:58:35,22.75,15923.21,3.82,8,104,0,58,0,979,0,FR1
12/14/2024 19:58:41,22.75,15929.02,3.83,8,104,0,58,0,980,366,FR1
12/14/2024 19:58:42,22.75,15930.07,3.83,8,104,0,58,0,981,86,FR1
12/14/2024 19:58:43,22.75,15931.28,3.82,8,104,0,58,0,982,278,FR1
12/14/2024 19:58:44,22.75,15932.04,3.82,8,104,0,58,0,983,135,FR1
12/14/2024 19:58:46,22.75,15934.08,3.83,8,104,0,58,0,984,0,FR1
12/14/2024 19:58:53,22.75,15940.79,3.82,8,104,0,58,0,985,724,FR1
12/14/2024 19:58:55,22.75,15943.39,3.82,8,104,0,58,0,986,0,FR1
12/14/2024 19:58:57,22.75,15945.29,3.82,8,104,0,58,0,987,435,FR1
12/14/2024 19:59:06,22.75,15954.03,3.82,8,104,0,58,0,988,8117,FR1
12/14/2024 19:59:10,22.75,15958.38,3.82,8,104,0,58,0,989,906,FR1
12/14/2024 19:59:15,22.75,15963.48,3.82,8,104,0,58,0,990,3352,FR1
12/14/2024 19:59:17,22.75,15964.92,3.83,8,104,0,58,0,991,524,FR1
12/14/2024 19:59:18,22.75,15966.67,3.82,8,104,0,58,0,992,853,FR1
12/14/2024 19:59:19,22.75,15967.31,3.82,8,104,0,58,0,993,22,FR1
12/14/2024 19:59:21,22.75,15968.97,3.83,8,104,0,58,0,994,188,FR1
12/14/2024 19:59:22,22.75,15970.20,3.83,8,104,0,58,0,995,618,FR1
12/14/2024 19:59:24,22.75,15971.86,3.82,8,104,0,58,0,996,1034,FR1
12/14/2024 19:59:29,22.75,15977.28,3.82,8,104,0,58,0,997,0,FR1
12/14/2024 19:59:34,23.00,15981.86,3.82,8,104,0,58,0,998,0,FR1
12/14/2024 19:59:37,23.00,15985.22,3.82,8,104,0,58,0,999,481,FR1
12/14/2024 19:59:38,23.00,15985.99,3.82,8,104,0,58,0,1000,147,FR1
12/14/2024 20:00:50,23.00,15997.05,3.82,8,104,0,59,0,1000,0,FR1
12/14/2024 20:01:32,23.00,15999.63,3.82,8,105,0,59,0,1000,0,FR1
12/14/2024 20:01:38,23.00,16005.78,3.82,8,105,0,59,0,1001,424,FR1
12/14/2024 20:01:41,23.00,16008.47,3.82,8,105,0,59,0,1002,89,FR1
12/14/2024 20:01:43,23.00,16010.68,3.83,8,105,0,59,0,1003,178,FR1
12/14/2024 20:01:44,23.00,16011.61,3.83,8,105,0,59,0,1004,21,FR1
12/14/2024 20:01:46,23.00,16012.92,3.82,8,105,0,59,0,1005,126,FR1
12/14/2024 20:01:50,23.00,16017.29,3.82,8,105,0,59,0,1006,3470,FR1
12/14/2024 20:01:52,23.00,16018.94,3.82,8,105,0,59,0,1007,456,FR1
12/14/2024 20:01:56,23.00,16023.72,3.82,8,105,0,59,0,1008,3884,FR1
12/14/2024 20:01:57,23.00,16024.34,3.83,8,105,0,59,0,1009,0,FR1
12/14/2024 20:02:01,23.00,16027.89,3.82,8,105,0,59,0,1010,2647,FR1
12/14/2024 20:02:02,23.00,16029.16,3.82,8,105,0,59,0,1011,79,FR1
12/14/2024 20:02:02,23.00,16029.78,3.82,8,105,0,59,0,1012,0,FR1
12/14/2024 20:02:04,23.00,16030.97,3.82,8,105,0,59,0,1013,0,FR1
12/14/2024 20:02:04,23.00,16031.66,3.82,8,105,0,59,0,1014,77,FR1
12/14/2024 20:02:06,23.00,16033.23,3.82,8,105,0,59,0,1015,951,FR1
12/14/2024 20:02:08,23.00,16035.27,3.82,8,105,0,59,0,1016,0,FR1
12/14/2024 20:02:10,23.00,16037.77,3.82,8,105,0,59,0,1017,1603,FR1
12/14/2024 20:02:49,23.00,16070.64,3.82,8,106,0,59,0,1017,0,FR1
12/14/2024 20:03:02,23.00,16083.43,3.82,8,106,0,59,0,1018,277,FR1
12/14/2024 20:03:04,23.00,16085.67,3.83,8,106,0,59,0,1019,1622,FR1
12/14/2024 20:03:05,23.00,16086.57,3.82,8,106,0,59,0,1020,0,FR1
12/14/2024 20:03:06,23.00,16087.72,3.83,8,106,0,59,0,1021,523,FR1
12/14/2024 20:03:08,23.00,16089.55,3.82,8,106,0,59,0,1022,81,FR1
12/14/2024 20:03:09,23.00,16090.90,3.82,8,106,0,59,0,1023,168,FR1
12/14/2024 20:03:10,23.00,16091.64,3.82,8,106,0,59,0,1024,119,FR1
12/14/2024 20:03:12,23.00,16093.36,3.82,8,106,0,59,0,1025,1100,FR1
12/14/2024 20:03:15,23.00,16096.18,3.82,8,106,0,59,0,1026,1915,FR1
12/14/2024 20:03:16,23.00,16097.69,3.82,8,106,0,59,0,1027,883,FR1
12/14/2024 20:03:17,23.00,16098.50,3.83,8,106,0,59,0,1028,195,FR1
12/14/2024 20:03:19,23.00,16100.57,3.82,8,106,0,59,0,1029,36,FR1
12/14/2024 20:03:22,23.00,16103.62,3.82,8,106,0,59,0,1030,1299,FR1
12/14/2024 20:03:24,23.00,16105.80,3.83,8,106,0,59,0,1031,425,FR1
12/14/2024 20:03:27,23.00,16108.31,3.82,8,106,0,59,0,1032,1042,FR1
12/14/2024 20:03:28,23.00,16110.11,3.82,8,106,0,59,0,1033,886,FR1
12/14/2024 20:03:29,23.00,16110.73,3.82,8,106,0,59,0,1034,0,FR1
12/14/2024 20:03:31,23.00,16112.20,3.82,8,106,0,59,0,1035,0,FR1
12/14/2024 20:03:31,23.00,16113.03,3.83,8,106,0,59,0,1036,206,FR1
12/14/2024 20:03:33,23.00,16115.06,3.82,8,106,0,59,0,1037,0,FR1
12/14/2024 20:03:34,23.00,16115.74,3.82,8,106,0,59,0,1038,60,FR1
12/14/2024 20:03:38,23.00,16119.53,3.83,8,106,0,59,0,1039,907,FR1
12/14/2024 20:03:39,23.00,16120.96,3.83,8,106,0,59,0,1040,528,FR1
12/14/2024 20:03:41,23.00,16122.54,3.82,8,106,0,59,0,1041,677,FR1
12/14/2024 20:03:44,23.00,16125.65,3.82,8,106,0,59,0,1042,223,FR1
12/14/2024 20:03:45,23.00,16126.86,3.82,8,106,0,59,0,1043,594,FR1
12/14/2024 20:03:50,23.00,16131.56,3.83,8,106,0,59,0,1044,4079,FR1
12/14/2024 20:03:53,23.00,16134.44,3.82,8,106,0,59,0,1045,0,FR1
12/14/2024 20:04:00,23.00,16141.30,3.83,8,106,0,59,0,1046,0,FR1
12/14/2024 20:06:57,23.00,16150.03,3.82,8,106,0,60,0,1046,0,FR1
12/14/2024 20:07:29,23.00,16152.04,3.82,8,107,0,60,0,1046,0,FR1
12/14/2024 20:07:34,23.00,16157.54,3.83,8,107,0,60,0,1047,51,FR1
12/14/2024 20:07:38,23.00,16160.76,3.82,8,107,0,60,0,1048,908,FR1
12/14/2024 20:07:38,23.00,16161.38,3.82,8,107,0,60,0,1049,0,FR1
12/14/2024 20:07:42,23.00,16164.85,3.82,8,107,0,60,0,1050,24,FR1
12/14/2024 20:07:43,23.00,16166.08,3.82,8,107,0,60,0,1051,610,FR1
12/14/2024 20:07:47,23.00,16170.18,3.82,8,107,0,60,0,1052,3194,FR1
12/14/2024 20:07:49,23.00,16171.71,3.83,8,107,0,60,0,1053,63,FR1
12/14/2024 20:07:50,23.00,16173.05,3.82,8,107,0,60,0,1054,154,FR1
12/14/2024 20:07:56,23.00,16179.00,3.82,8,107,0,60,0,1055,5325,FR1
12/14/2024 20:07:58,23.00,16180.87,3.83,8,107,0,60,0,1056,1255,FR1
12/14/2024 20:07:59,23.00,16182.40,3.82,8,107,0,60,0,1057,56,FR1
12/14/2024 20:08:01,23.00,16183.79,3.82,8,107,0,60,0,1058,196,FR1
12/14/2024 20:08:02,23.00,16184.69,3.82,8,107,0,60,0,1059,0,FR1
12/14/2024 20:08:04,23.00,16187.12,3.82,8,107,0,60,0,1060,391,FR1
12/14/2024 20:08:06,23.00,16188.79,3.82,8,107,0,60,0,1061,205,FR1
12/14/2024 20:08:09,23.00,16192.01,3.82,8,107,0,60,0,1062,2596,FR1
12/14/2024 20:08:10,23.00,16192.65,3.82,8,107,0,60,0,1063,19,FR1
12/14/2024 20:08:14,23.00,16197.39,3.83,8,107,0,60,0,1064,166,FR1
12/14/2024 20:08:15,23.00,16198.11,3.82,8,107,0,60,0,1065,95,FR1
12/14/2024 20:08:16,23.00,16199.11,3.82,8,107,0,60,0,1066,104,FR1
12/14/2024 20:08:20,23.00,16203.45,3.82,8,107,0,60,0,1067,3720,FR1
12/14/2024 20:08:22,23.00,16204.92,3.82,8,107,0,60,0,1068,0,FR1
12/14/2024 20:08:24,23.00,16207.01,3.82,8,107,0,60,0,1069,53,FR1
12/14/2024 20:08:28,23.00,16211.37,3.82,8,107,0,60,0,1070,68,FR1
12/14/2024 20:08:29,23.00,16212.21,3.82,8,107,0,60,0,1071,217,FR1
12/14/2024 20:08:33,23.00,16216.07,3.82,8,107,0,60,0,1072,1833,FR1
12/14/2024 20:08:34,23.00,16216.98,3.82,8,107,0,60,0,1073,0,FR1
12/14/2024 21:32:46,22.75,16458.09,3.82,8,108,1,60,0,1073,0,FR1
12/14/2024 21:32:54,22.75,16466.09,3.82,8,108,0,60,0,1074,7,FR1
12/14/2024 21:32:56,22.75,16467.84,3.82,8,108,0,60,0,1075,0,FR1
12/14/2024 21:32:59,22.75,16471.03,3.82,8,108,0,60,0,1076,586,FR1
12/14/2024 21:33:02,22.75,16474.66,3.83,8,108,0,60,0,1077,464,FR1
12/14/2024 21:33:04,22.75,16476.48,3.82,8,108,0,60,0,1078,75,FR1
12/14/2024 21:33:05,22.75,16477.27,3.83,8,108,0,60,0,1079,163,FR1
12/14/2024 21:33:12,22.75,16484.02,3.82,8,108,0,60,0,1080,196,FR1
12/14/2024 21:33:24,22.75,16496.62,3.82,8,108,0,60,0,1081,2937,FR1
12/14/2024 21:33:40,22.75,16511.94,3.82,8,108,0,60,0,1082,282,FR1
12/14/2024 21:34:02,22.75,16528.97,3.82,8,109,0,60,0,1082,0,FR1
12/14/2024 21:36:21,23.00,16603.13,3.82,8,110,26,60,0,1082,0,FR1
12/14/2024 21:36:27,23.00,16609.15,3.82,8,110,0,60,0,1083,0,FR1
12/14/2024 21:36:29,23.00,16610.90,3.82,8,110,0,60,0,1084,0,FR1
12/14/2024 21:36:29,23.00,16611.55,3.82,8,110,0,60,0,1085,33,FR1
12/14/2024 21:36:35,23.00,16616.92,3.82,8,110,0,60,0,1086,4749,FR1
12/14/2024 21:36:38,23.00,16620.06,3.82,8,110,0,60,0,1087,1668,FR1
12/14/2024 21:36:39,23.00,16620.97,3.82,8,110,0,60,0,1088,13,FR1
12/14/2024 21:36:49,23.00,16630.81,3.82,8,110,0,60,0,1089,169,FR1
12/14/2024 21:36:49,23.00,16631.43,3.82,8,110,0,60,0,1090,0,FR1
12/14/2024 21:36:50,23.00,16632.39,3.82,8,110,0,60,0,1091,337,FR1
12/14/2024 21:36:51,23.00,16633.01,3.82,8,110,0,60,0,1092,0,FR1
12/14/2024 21:36:53,23.00,16635.32,3.82,8,110,0,60,0,1093,0,FR1
12/14/2024 21:36:54,23.00,16635.94,3.82,8,110,0,60,0,1094,0,FR1
12/14/2024 21:36:56,23.00,16637.77,3.83,8,110,0,60,0,1095,642,FR1
12/14/2024 21:36:59,23.00,16640.76,3.82,8,110,0,60,0,1096,110,FR1
12/14/2024 21:36:59,23.00,16641.71,3.82,8,110,0,60,0,1097,48,FR1
12/14/2024 21:37:04,23.00,16646.61,3.82,8,110,0,60,0,1098,38,FR1
12/14/2024 21:37:07,23.00,16648.78,3.82,8,110,0,60,0,1099,136,FR1
12/14/2024 21:37:08,23.00,16650.04,3.83,8,110,0,60,0,1100,77,FR1
12/14/2024 21:37:11,23.00,16653.09,3.82,8,110,0,60,0,1101,444,FR1
12/14/2024 21:37:13,23.00,16655.41,3.83,8,110,0,60,0,1102,7,FR1
12/14/2024 21:37:14,23.00,16656.31,3.82,8,110,0,60,0,1103,0,FR1
12/14/2024 21:37:19,23.00,16661.31,3.82,8,110,0,60,0,1104,4374,FR1
12/14/2024 21:37:21,23.00,16663.06,3.82,8,110,0,60,0,1105,0,FR1
12/14/2024 23:42:36,22.75,17023.59,3.82,8,110,0,61,0,1105,0,FR1
12/14/2024 23:42:45,22.75,17024.77,3.82,8,111,276,61,0,1105,0,FR1
12/14/2024 23:43:20,22.75,17059.52,3.82,8,111,0,61,0,1106,204,FR1
12/14/2024 23:43:21,22.75,17061.05,3.82,8,111,0,61,0,1107,55,FR1
12/14/2024 23:46:51,22.75,17103.98,3.82,8,111,0,62,0,1107,0,FR1
12/15/2024 0:10:24,22.75,17170.29,3.82,8,111,0,63,0,1107,0,FR1
12/15/2024 0:10:26,22.75,17171.50,3.82,8,111,0,64,592,1107,0,FR1
12/15/2024 0:20:05,22.75,17198.96,3.82,8,112,0,64,0,1107,0,FR1
12/15/2024 0:20:11,22.75,17204.40,3.82,8,112,0,64,0,1108,0,FR1
12/15/2024 0:20:13,22.75,17206.58,3.82,8,112,0,64,0,1109,142,FR1
12/15/2024 0:36:54,23.00,17313.58,3.82,8,113,0,64,0,1109,0,FR1
12/15/2024 0:37:01,23.00,17320.37,3.82,8,113,0,64,0,1110,213,FR1
12/15/2024 0:37:03,23.00,17322.26,3.82,8,113,0,64,0,1111,141,FR1
12/15/2024 0:37:05,23.00,17323.99,3.82,8,113,0,64,0,1112,827,FR1
12/15/2024 0:37:10,23.00,17328.86,3.82,8,113,0,64,0,1113,10,FR1
12/15/2024 0:37:10,23.00,17329.48,3.82,8,113,0,64,0,1114,0,FR1
12/15/2024 0:37:12,23.00,17330.64,3.82,8,113,0,64,0,1115,257,FR1
12/15/2024 0:37:13,23.00,17331.82,3.82,8,113,0,64,0,1116,561,FR1
12/15/2024 0:40:10,23.00,17390.05,3.82,8,114,0,64,0,1116,0,FR1
12/15/2024 0:40:15,23.00,17395.72,3.82,8,114,0,64,0,1117,222,FR1
12/15/2024 0:40:16,23.00,17396.68,3.82,8,114,0,64,0,1118,346,FR1
12/15/2024 0:40:17,23.00,17397.90,3.82,8,114,0,64,0,1119,320,FR1
12/15/2024 0:40:20,23.00,17400.35,3.82,8,114,0,64,0,1120,131,FR1
12/15/2024 0:40:21,23.00,17400.97,3.82,8,114,0,64,0,1121,0,FR1
12/15/2024 0:40:23,23.00,17403.02,3.82,8,114,0,64,0,1122,297,FR1
12/15/2024 0:40:24,23.00,17404.47,3.82,8,114,0,64,0,1123,828,FR1
12/15/2024 0:40:26,23.00,17406.61,3.82,8,114,0,64,0,1124,385,FR1
12/15/2024 0:40:27,23.00,17407.63,3.82,8,114,0,64,0,1125,403,FR1
12/15/2024 0:40:31,23.00,17411.51,3.82,8,114,0,64,0,1126,995,FR1
12/15/2024 0:40:34,23.00,17413.96,3.82,8,114,0,64,0,1127,1550,FR1
12/15/2024 0:40:34,23.00,17414.58,3.82,8,114,0,64,0,1128,0,FR1
12/15/2024 0:40:38,23.00,17418.70,3.82,8,114,0,64,0,1129,1228,FR1
12/15/2024 0:40:42,23.00,17422.52,3.82,8,114,0,64,0,1130,1223,FR1
12/15/2024 0:42:12,23.00,17463.26,3.82,8,115,1,64,0,1130,0,FR1
12/15/2024 0:42:19,23.00,17469.56,3.82,8,115,0,64,0,1131,0,FR1
12/15/2024 0:42:20,23.00,17471.50,3.82,8,115,0,64,0,1132,479,FR1
12/15/2024 0:42:21,23.00,17472.40,3.82,8,115,0,64,0,1133,0,FR1
12/15/2024 0:42:22,23.00,17473.03,3.82,8,115,0,64,0,1134,0,FR1
12/15/2024 0:42:24,23.00,17474.83,3.82,8,115,0,64,0,1135,55,FR1
12/15/2024 0:42:26,23.00,17476.75,3.82,8,115,0,64,0,1136,1292,FR1
12/15/2024 0:42:27,23.00,17478.25,3.82,8,115,0,64,0,1137,34,FR1
12/15/2024 0:42:29,23.00,17479.76,3.82,8,115,0,64,0,1138,895,FR1
12/15/2024 0:42:30,23.00,17481.23,3.82,8,115,0,64,0,1139,0,FR1
12/15/2024 0:42:31,23.00,17482.20,3.82,8,115,0,64,0,1140,349,FR1
12/15/2024 0:42:32,23.00,17483.14,3.82,8,115,0,64,0,1141,38,FR1
12/15/2024 0:42:33,23.00,17484.51,3.82,8,115,0,64,0,1142,180,FR1
12/15/2024 0:42:35,23.00,17485.80,3.82,8,115,0,64,0,1143,395,FR1
12/15/2024 0:42:36,23.00,17486.63,3.82,8,115,0,64,0,1144,202,FR1
12/15/2024 0:42:41,23.00,17491.76,3.82,8,115,0,64,0,1145,2815,FR1
12/15/2024 0:42:52,23.00,17503.51,3.82,8,115,0,64,0,1146,677,FR1
12/15/2024 0:42:54,23.00,17505.25,3.82,8,115,0,64,0,1147,270,FR1
12/15/2024 0:42:56,23.00,17507.27,3.82,8,115,0,64,0,1148,836,FR1
12/15/2024 0:42:57,23.00,17508.47,3.81,8,115,0,64,0,1149,12,FR1
12/15/2024 0:42:58,23.00,17509.37,3.82,8,115,0,64,0,1150,0,FR1
12/15/2024 0:43:00,23.00,17510.77,3.82,8,115,0,64,0,1151,209,FR1
12/15/2024 0:43:01,23.00,17512.12,3.82,8,115,0,64,0,1152,166,FR1
12/15/2024 0:43:05,23.00,17515.73,3.82,8,115,0,64,0,1153,1575,FR1
12/15/2024 0:43:07,23.00,17518.35,3.82,8,115,0,64,0,1154,15,FR1
12/15/2024 0:43:11,23.00,17522.08,3.82,8,115,0,64,0,1155,0,FR1
12/15/2024 0:43:12,23.00,17522.80,3.82,8,115,0,64,0,1156,100,FR1
12/15/2024 0:43:13,23.00,17523.95,3.82,8,115,0,64,0,1157,245,FR1
12/15/2024 0:43:14,23.00,17524.73,3.82,8,115,0,64,0,1158,162,FR1
12/15/2024 0:43:17,23.25,17527.68,3.82,8,115,0,64,0,1159,1484,FR1
12/15/2024 1:07:49,23.00,17602.50,3.82,8,116,34,64,0,1159,0,FR1
12/15/2024 1:07:56,23.00,17608.79,3.82,8,116,0,64,0,1160,0,FR1
12/15/2024 1:09:06,23.00,17673.59,3.82,8,117,0,64,0,1160,0,FR1
12/15/2024 1:10:43,23.00,17745.74,3.82,8,118,0,64,0,1160,0,FR1
12/15/2024 1:10:48,23.00,17751.18,3.82,8,118,0,64,0,1161,0,FR1
12/15/2024 1:10:52,23.00,17755.26,3.82,8,118,0,64,0,1162,344,FR1
12/15/2024 1:10:54,23.00,17756.51,3.82,8,118,0,64,0,1163,637,FR1
12/15/2024 1:11:01,23.00,17763.68,3.82,8,118,0,64,0,1164,47,FR1
12/15/2024 1:11:03,23.00,17766.08,3.82,8,118,0,64,0,1165,86,FR1
12/15/2024 1:11:04,23.00,17767.17,3.82,8,118,0,64,0,1166,186,FR1
12/15/2024 1:11:05,23.00,17768.20,3.82,8,118,0,64,0,1167,129,FR1
12/15/2024 1:11:07,23.00,17770.02,3.82,8,118,0,64,0,1168,65,FR1
12/15/2024 1:11:08,23.00,17771.21,3.82,8,118,0,64,0,1169,12,FR1
12/15/2024 1:11:36,23.00,17798.39,3.82,8,118,0,64,0,1170,0,FR1
12/15/2024 1:11:38,23.00,17800.71,3.82,8,118,0,64,0,1171,0,FR1
12/15/2024 1:11:39,23.00,17801.55,3.82,8,118,0,64,0,1172,217,FR1
12/15/2024 1:11:42,23.00,17804.34,3.81,8,118,0,64,0,1173,1042,FR1
12/15/2024 1:11:42,23.00,17805.06,3.82,8,118,0,64,0,1174,98,FR1
12/15/2024 1:11:47,23.00,17809.97,3.82,8,118,0,64,0,1175,57,FR1
12/15/2024 1:11:48,23.00,17811.15,3.82,8,118,0,64,0,1176,279,FR1
12/15/2024 1:11:54,23.00,17816.88,3.82,8,118,0,64,0,1177,0,FR1
12/15/2024 1:12:00,23.00,17817.50,3.82,8,119,0,64,0,1177,0,FR1
12/15/2024 1:12:05,23.25,17822.95,3.82,8,119,0,64,0,1178,0,FR1
12/15/2024 1:12:07,23.25,17824.98,3.82,8,119,0,64,0,1179,0,FR1
12/15/2024 1:12:13,23.25,17830.76,3.82,8,119,0,64,0,1180,1487,FR1
12/15/2024 1:12:14,23.25,17831.52,3.82,8,119,0,64,0,1181,137,FR1
12/15/2024 1:12:17,23.25,17834.75,3.82,8,119,0,64,0,1182,2322,FR1
12/15/2024 1:12:20,23.25,17837.88,3.82,8,119,0,64,0,1183,258,FR1
12/15/2024 1:12:49,23.25,17866.80,3.82,8,119,0,64,0,1184,3430,FR1
12/15/2024 1:12:50,23.25,17867.42,3.82,8,119,0,64,0,1185,0,FR1
12/15/2024 1:12:51,23.25,17868.33,3.82,8,119,0,64,0,1186,0,FR1
12/15/2024 2:03:11,23.00,18028.24,3.82,8,119,0,65,0,1186,0,FR1
12/15/2024 2:08:36,23.00,18043.95,3.82,8,119,0,66,0,1186,0,FR1
12/15/2024 6:27:50,22.75,18769.56,3.81,8,119,0,67,392,1186,0,FR1
12/15/2024 6:30:05,22.75,18776.33,3.81,8,120,0,67,0,1186,0,FR1
12/15/2024 6:30:13,22.75,18784.32,3.81,8,120,0,67,0,1187,0,FR1
12/15/2024 6:30:15,22.75,18786.35,3.81,8,120,0,67,0,1188,0,FR1
12/15/2024 6:30:16,22.75,18787.54,3.81,8,120,0,67,0,1189,0,FR1
12/15/2024 6:30:24,22.75,18795.33,3.81,8,120,0,67,0,1190,104,FR1
12/15/2024 6:30:38,22.75,18809.38,3.81,8,120,0,67,0,1191,140,FR1
12/15/2024 6:30:45,22.75,18816.82,3.82,8,120,0,67,0,1192,321,FR1
12/15/2024 6:30:58,22.75,18829.06,3.82,8,120,0,67,0,1193,315,FR1
12/15/2024 6:30:59,22.75,18830.74,3.82,8,120,0,67,0,1194,205,FR1
12/15/2024 6:31:02,22.75,18833.45,3.81,8,120,0,67,0,1195,1531,FR1
12/15/2024 6:31:22,22.75,18847.37,3.81,8,121,0,67,0,1195,0,FR1
12/15/2024 6:33:33,23.00,18921.20,3.81,8,122,0,67,0,1195,0,FR1
12/15/2024 6:33:39,23.00,18927.21,3.82,8,122,0,67,0,1196,0,FR1
12/15/2024 6:33:40,23.00,18928.40,3.81,8,122,0,67,0,1197,0,FR1
12/15/2024 6:33:41,23.00,18929.35,3.81,8,122,0,67,0,1198,41,FR1
12/15/2024 6:33:43,23.00,18931.27,3.81,8,122,0,67,0,1199,1017,FR1
12/15/2024 6:33:47,23.00,18935.52,3.81,8,122,0,67,0,1200,1930,FR1
12/15/2024 6:33:48,23.00,18936.70,3.81,8,122,0,67,0,1201,0,FR1
12/15/2024 6:33:49,23.00,18938.04,3.81,8,122,0,67,0,1202,714,FR1
12/15/2024 6:33:51,23.00,18939.58,3.81,8,122,0,67,0,1203,925,FR1
12/15/2024 6:33:57,23.00,18945.62,3.81,8,122,0,67,0,1204,48,FR1
12/15/2024 6:34:05,23.00,18953.59,3.81,8,122,0,67,0,1205,277,FR1
12/15/2024 6:34:18,23.00,18966.44,3.81,8,122,0,67,0,1206,919,FR1
12/15/2024 6:34:19,23.00,18968.11,3.81,8,122,0,67,0,1207,1051,FR1
12/15/2024 6:34:21,23.00,18969.68,3.81,8,122,0,67,0,1208,951,FR1
12/15/2024 6:34:22,23.00,18971.06,3.81,8,122,0,67,0,1209,196,FR1
12/15/2024 6:34:23,23.00,18971.89,3.82,8,122,0,67,0,1210,210,FR1
12/15/2024 6:34:24,23.00,18972.76,3.81,8,122,0,67,0,1211,253,FR1
12/15/2024 6:34:26,23.00,18974.81,3.81,8,122,0,67,0,1212,862,FR1
12/15/2024 6:34:27,23.00,18976.17,3.81,8,122,0,67,0,1213,166,FR1
12/15/2024 6:34:29,23.00,18978.14,3.81,8,122,0,67,0,1214,1350,FR1
12/15/2024 6:34:37,23.00,18986.04,3.82,8,122,0,67,0,1215,6150,FR1
12/15/2024 6:34:43,23.00,18991.77,3.81,8,122,0,67,0,1216,0,FR1
12/15/2024 6:34:50,23.00,18992.38,3.81,8,123,0,67,0,1216,0,FR1
12/15/2024 6:34:56,23.00,18998.39,3.81,8,123,0,67,0,1217,0,FR1
12/15/2024 6:34:57,23.00,18999.68,3.80,8,123,0,67,0,1218,105,FR1
12/15/2024 6:35:32,23.00,19035.12,3.81,8,123,0,67,0,1219,608,FR1
12/15/2024 6:35:34,23.00,19037.00,3.81,8,123,0,67,0,1220,128,FR1
12/15/2024 6:35:38,23.00,19040.58,3.82,8,123,0,67,0,1221,420,FR1
12/15/2024 6:35:42,23.00,19044.70,3.82,8,123,0,67,0,1222,672,FR1
12/15/2024 6:35:43,23.00,19045.61,3.82,8,123,0,67,0,1223,4,FR1
12/15/2024 6:35:48,23.00,19051.22,3.81,8,123,0,67,0,1224,1592,FR1
12/15/2024 6:35:51,23.00,19054.10,3.81,8,123,0,67,0,1225,0,FR1
12/15/2024 6:35:53,23.00,19056.13,3.81,8,123,0,67,0,1226,0,FR1
12/15/2024 6:36:06,23.00,19063.56,3.81,8,123,0,68,0,1226,0,FR1
12/15/2024 6:43:43,23.00,19085.42,3.80,8,123,0,69,0,1226,0,FR1
12/15/2024 7:28:31,22.75,19211.00,3.81,8,124,0,69,0,1226,0,FR1
12/15/2024 7:28:41,22.75,19220.57,3.81,8,124,0,69,0,1227,165,FR1
12/15/2024 7:28:41,22.75,19221.19,3.81,8,124,0,69,0,1228,0,FR1
12/15/2024 7:29:24,22.75,19263.67,3.81,8,124,0,69,0,1229,584,FR1
12/15/2024 7:29:25,22.75,19265.16,3.81,8,124,0,69,0,1230,303,FR1
12/15/2024 7:29:27,22.75,19266.92,3.81,8,124,0,69,0,1231,578,FR1
12/15/2024 7:29:29,22.75,19268.96,3.81,8,124,0,69,0,1232,0,FR1
12/15/2024 7:29:31,22.75,19270.99,3.81,8,124,0,69,0,1233,0,FR1
12/15/2024 7:37:24,23.00,19303.65,3.81,8,124,0,70,43,1233,0,FR1
12/15/2024 7:38:09,23.00,19306.23,3.81,8,124,0,71,0,1233,0,FR1
12/15/2024 7:38:10,23.00,19306.98,3.81,8,124,0,72,134,1233,0,FR1
12/15/2024 7:39:22,23.00,19310.67,3.81,8,124,0,73,0,1233,0,FR1
12/15/2024 7:41:52,23.00,19318.30,3.81,8,124,0,74,26,1233,0,FR1
12/15/2024 7:42:13,23.00,19319.77,3.81,8,125,9,74,0,1233,0,FR1
12/15/2024 7:42:18,23.00,19325.22,3.81,8,125,0,74,0,1234,0,FR1
12/15/2024 7:43:30,23.00,19390.86,3.81,8,125,0,75,0,1234,0,FR1
12/15/2024 7:43:30,23.00,19391.20,3.81,8,126,0,75,0,1234,0,FR1
12/15/2024 7:46:31,23.00,19467.27,3.81,8,127,0,75,0,1234,0,FR1
12/15/2024 7:46:53,23.00,19488.61,3.81,8,127,0,75,0,1235,74,FR1
12/15/2024 7:46:55,23.00,19490.58,3.81,8,127,0,75,0,1236,1341,FR1
12/15/2024 7:46:58,23.00,19494.02,3.81,8,127,0,75,0,1237,0,FR1
12/15/2024 7:46:59,23.00,19494.64,3.81,8,127,0,75,0,1238,0,FR1
12/15/2024 7:47:03,23.00,19498.95,3.81,8,127,0,75,0,1239,0,FR1
12/15/2024 7:47:06,23.00,19501.83,3.81,8,127,0,75,0,1240,0,FR1
12/15/2024 7:47:14,23.00,19510.07,3.80,8,127,0,75,0,1241,277,FR1
12/15/2024 7:47:15,23.00,19510.69,3.82,8,127,0,75,0,1242,0,FR1
12/15/2024 7:47:48,23.00,19538.18,3.80,8,128,0,75,0,1242,0,FR1
12/15/2024 7:47:58,23.00,19548.50,3.81,8,128,0,75,0,1243,1770,FR1
12/15/2024 7:47:59,23.00,19549.15,3.81,8,128,0,75,0,1244,21,FR1
12/15/2024 7:47:59,23.00,19550.05,3.81,8,128,0,75,0,1245,0,FR1
12/15/2024 7:48:00,23.00,19550.95,3.81,8,128,0,75,0,1246,0,FR1
12/15/2024 7:48:02,23.00,19553.09,3.80,8,128,0,75,0,1247,668,FR1
12/15/2024 7:48:03,23.00,19553.91,3.81,8,128,0,75,0,1248,203,FR1
12/15/2024 7:48:04,23.00,19555.04,3.81,8,128,0,75,0,1249,510,FR1
12/15/2024 7:48:07,23.00,19557.54,3.81,8,128,0,75,0,1250,179,FR1
12/15/2024 7:48:09,23.00,19559.44,3.81,8,128,0,75,0,1251,435,FR1
12/15/2024 7:48:10,23.00,19560.34,3.80,8,128,0,75,0,1252,0,FR1
12/15/2024 7:48:11,23.00,19561.91,3.81,8,128,0,75,0,1253,667,FR1
12/15/2024 7:48:14,23.00,19564.23,3.81,8,128,0,75,0,1254,0,FR1
12/15/2024 7:48:19,23.00,19569.77,3.81,8,128,0,75,0,1255,1247,FR1
12/15/2024 7:48:22,23.00,19572.89,3.81,8,128,0,75,0,1256,1648,FR1
12/15/2024 7:48:23,23.00,19574.01,3.81,8,128,0,75,0,1257,220,FR1
12/15/2024 7:48:30,23.00,19580.78,3.81,8,128,0,75,0,1258,4167,FR1
12/15/2024 7:48:32,23.00,19582.19,3.81,8,128,0,75,0,1259,512,FR1
12/15/2024 7:48:33,23.00,19583.31,3.80,8,128,0,75,0,1260,213,FR1
12/15/2024 7:48:37,23.00,19587.51,3.81,8,128,0,75,0,1261,746,FR1
12/15/2024 7:48:47,23.00,19598.04,3.81,8,128,0,75,0,1262,9345,FR1
12/15/2024 7:49:04,23.25,19609.13,3.81,8,129,0,75,0,1262,0,FR1
12/15/2024 7:50:25,23.25,19680.46,3.80,8,130,0,75,0,1262,0,FR1
12/15/2024 7:50:35,23.25,19689.87,3.80,8,130,0,75,0,1263,0,FR1
12/15/2024 7:50:37,23.25,19691.86,3.80,8,130,0,75,0,1264,524,FR1
12/15/2024 7:50:38,23.25,19692.65,3.81,8,130,0,75,0,1265,164,FR1
12/15/2024 7:50:44,23.25,19698.52,3.80,8,130,0,75,0,1266,1574,FR1
12/15/2024 7:50:44,23.25,19699.42,3.81,8,130,0,75,0,1267,0,FR1
12/15/2024 7:50:46,23.25,19700.98,3.81,8,130,0,75,0,1268,941,FR1
12/15/2024 7:50:56,23.25,19710.97,3.81,8,130,0,75,0,1269,7948,FR1
12/15/2024 7:50:57,23.25,19712.02,3.81,8,130,0,75,0,1270,435,FR1
12/15/2024 7:50:58,23.25,19712.64,3.81,8,130,0,75,0,1271,0,FR1
12/15/2024 7:50:58,23.25,19713.26,3.81,8,130,0,75,0,1272,0,FR1
12/15/2024 7:51:00,23.25,19714.63,3.80,8,130,0,75,0,1273,188,FR1
12/15/2024 7:51:02,23.25,19716.81,3.81,8,130,0,75,0,1274,701,FR1
12/15/2024 7:51:03,23.25,19717.78,3.81,8,130,0,75,0,1275,70,FR1
12/15/2024 7:51:03,23.25,19718.40,3.80,8,130,0,75,0,1276,0,FR1
12/15/2024 7:51:06,23.25,19720.99,3.81,8,130,0,75,0,1277,559,FR1
12/15/2024 7:51:07,23.25,19721.75,3.81,8,130,0,75,0,1278,137,FR1
12/15/2024 7:51:08,23.25,19722.72,3.81,8,130,0,75,0,1279,71,FR1
12/15/2024 7:51:13,23.25,19727.84,3.80,8,130,0,75,0,1280,2803,FR1
12/15/2024 7:51:15,23.25,19729.87,3.81,8,130,0,75,0,1281,0,FR1
12/15/2024 7:51:17,23.25,19731.91,3.81,8,130,0,75,0,1282,283,FR1
12/15/2024 7:51:26,23.25,19741.17,3.81,8,130,0,75,0,1283,8352,FR1
12/15/2024 7:51:28,23.25,19743.08,3.81,8,130,0,75,0,1284,1295,FR1
12/15/2024 7:51:30,23.25,19745.20,3.81,8,130,0,75,0,1285,1495,FR1
12/15/2024 7:51:32,23.25,19747.23,3.80,8,130,0,75,0,1286,1410,FR1
12/15/2024 7:51:38,23.25,19752.96,3.81,8,130,0,75,0,1287,0,FR1
12/15/2024 11:08:50,22.75,20304.85,3.80,8,130,0,76,0,1287,0,FR1
12/15/2024 14:29:41,22.75,20867.36,3.80,8,131,550,76,0,1287,0,FR1
12/15/2024 14:30:02,22.75,20888.16,3.80,8,131,0,76,0,1288,366,FR1
12/15/2024 14:30:06,22.75,20892.38,3.80,8,131,0,76,0,1289,3603,FR1
12/15/2024 14:30:10,22.75,20897.12,3.80,8,131,0,76,0,1290,1297,FR1
12/15/2024 14:30:21,22.75,20907.81,3.80,8,131,0,76,0,1291,167,FR1
12/15/2024 14:30:22,22.75,20908.55,3.80,8,131,0,76,0,1292,128,FR1
12/15/2024 14:30:25,22.75,20911.92,3.80,8,131,0,76,0,1293,198,FR1
12/15/2024 14:30:27,22.75,20913.49,3.80,8,131,0,76,0,1294,384,FR1
12/15/2024 14:30:28,22.75,20914.39,3.80,8,131,0,76,0,1295,0,FR1
12/15/2024 14:30:35,22.75,20921.87,3.80,8,131,0,76,0,1296,3187,FR1
12/15/2024 17:11:41,22.75,21387.86,3.80,8,131,0,77,0,1296,0,FR1
12/15/2024 17:18:22,22.75,21406.92,3.80,8,131,0,78,0,1296,0,FR1
12/15/2024 18:33:57,22.50,21618.60,3.80,8,131,0,79,0,1296,0,FR1
12/15/2024 18:35:37,22.50,21623.85,3.80,8,132,159,79,0,1296,0,FR1
12/15/2024 18:35:43,22.50,21629.30,3.80,8,132,0,79,0,1297,0,FR1
12/15/2024 18:35:46,22.50,21632.49,3.79,8,132,0,79,0,1298,876,FR1
12/15/2024 18:35:49,22.50,21635.45,3.79,8,132,0,79,0,1299,82,FR1
12/15/2024 18:35:50,22.50,21637.03,3.80,8,132,0,79,0,1300,384,FR1
12/15/2024 18:36:02,22.50,21648.55,3.80,8,132,0,79,0,1301,1008,FR1
12/15/2024 18:36:04,22.50,21650.74,3.80,8,132,0,79,0,1302,155,FR1
12/15/2024 18:36:05,22.50,21652.13,3.80,8,132,0,79,0,1303,205,FR1
12/15/2024 18:36:07,22.50,21654.06,3.80,8,132,0,79,0,1304,1317,FR1
12/15/2024 18:36:16,22.50,21662.32,3.80,8,132,0,79,0,1305,0,FR1
12/15/2024 18:36:42,22.50,21688.46,3.80,8,132,0,79,0,1306,647,FR1
12/15/2024 18:37:40,22.75,21696.99,3.80,8,132,0,80,0,1306,0,FR1
12/15/2024 18:51:19,22.50,21735.63,3.80,8,132,0,81,0,1306,0,FR1
12/15/2024 18:58:07,22.50,21754.98,3.80,8,133,0,81,0,1306,0,FR1
12/15/2024 18:58:13,22.50,21760.70,3.79,8,133,0,81,0,1307,0,FR1
12/15/2024 18:58:16,22.50,21763.89,3.80,8,133,0,81,0,1308,11,FR1
12/15/2024 18:58:17,22.50,21764.60,3.79,8,133,0,81,0,1309,96,FR1
12/15/2024 18:58:22,22.50,21769.61,3.80,8,133,0,81,0,1310,1563,FR1
12/15/2024 18:59:08,22.50,21816.02,3.79,8,133,0,81,0,1311,0,FR1
12/15/2024 18:59:09,22.50,21816.65,3.80,8,133,0,81,0,1312,0,FR1
12/15/2024 18:59:10,22.50,21818.45,3.80,8,133,0,81,0,1313,56,FR1
12/15/2024 18:59:18,22.50,21825.59,3.80,8,133,0,81,0,1314,0,FR1
12/15/2024 18:59:23,22.50,21826.21,3.79,8,134,0,81,0,1314,0,FR1
12/15/2024 18:59:46,22.50,21848.61,3.80,8,134,0,81,0,1315,0,FR1
12/15/2024 18:59:47,22.75,21849.72,3.80,8,134,0,81,0,1316,482,FR1
12/15/2024 18:59:47,22.75,21850.36,3.80,8,134,0,81,0,1317,29,FR1
12/15/2024 18:59:51,22.75,21853.71,3.79,8,134,0,81,0,1318,2156,FR1
12/15/2024 18:59:51,22.75,21854.33,3.80,8,134,0,81,0,1319,0,FR1
12/15/2024 18:59:55,22.75,21858.49,3.80,8,134,0,81,0,1320,1841,FR1
12/15/2024 18:59:56,22.75,21859.22,3.79,8,134,0,81,0,1321,112,FR1
12/15/2024 18:59:57,22.75,21860.06,3.80,8,134,0,81,0,1322,220,FR1
12/15/2024 19:00:06,22.75,21868.63,3.80,8,134,0,81,0,1323,37,FR1
12/15/2024 19:00:07,22.75,21869.54,3.79,8,134,0,81,0,1324,294,FR1
12/15/2024 19:00:07,22.75,21870.44,3.80,8,134,0,81,0,1325,0,FR1
12/15/2024 19:00:09,22.75,21871.74,3.80,8,134,0,81,0,1326,672,FR1
12/15/2024 19:00:09,22.75,21872.37,3.79,8,134,0,81,0,1327,0,FR1
12/15/2024 19:00:11,22.75,21874.05,3.79,8,134,0,81,0,1328,1062,FR1
12/15/2024 19:00:12,22.75,21874.72,3.80,8,134,0,81,0,1329,55,FR1
12/15/2024 19:00:12,22.75,21875.34,3.80,8,134,0,81,0,1330,0,FR1
12/15/2024 19:00:14,22.75,21876.65,3.80,8,134,0,81,0,1331,123,FR1
12/15/2024 19:00:15,22.75,21878.42,3.80,8,134,0,81,0,1332,304,FR1
12/15/2024 19:00:21,22.75,21883.64,3.80,8,134,0,81,0,1333,357,FR1
12/15/2024 19:00:23,22.75,21885.88,3.79,8,134,0,81,0,1334,486,FR1
12/15/2024 19:00:23,22.75,21886.51,3.80,8,134,0,81,0,1335,9,FR1
12/15/2024 19:00:26,22.75,21888.58,3.80,8,134,0,81,0,1336,38,FR1
12/15/2024 19:10:32,22.50,21924.81,3.79,8,134,0,82,0,1336,0,FR1
12/15/2024 19:17:34,22.50,21945.12,3.79,8,135,118,82,0,1336,0,FR1
12/15/2024 19:17:40,22.50,21950.82,3.79,8,135,0,82,0,1337,263,FR1
12/15/2024 19:17:43,22.50,21953.70,3.79,8,135,0,82,0,1338,0,FR1
12/15/2024 19:17:43,22.50,21954.33,3.79,8,135,0,82,0,1339,10,FR1
12/15/2024 19:17:46,22.50,21957.37,3.80,8,135,0,82,0,1340,1566,FR1
12/15/2024 19:17:47,22.50,21958.27,3.79,8,135,0,82,0,1341,0,FR1
12/15/2024 19:17:49,22.50,21959.52,3.79,8,135,0,82,0,1342,64,FR1
12/15/2024 19:17:53,22.50,21963.95,3.80,8,135,0,82,0,1343,695,FR1
12/15/2024 19:17:54,22.50,21964.72,3.80,8,135,0,82,0,1344,155,FR1
12/15/2024 19:17:56,22.50,21966.75,3.80,8,135,0,82,0,1345,0,FR1
12/15/2024 19:17:58,22.50,21968.50,3.79,8,135,0,82,0,1346,0,FR1
12/15/2024 19:18:00,22.50,21970.56,3.80,8,135,0,82,0,1347,1435,FR1
12/15/2024 19:18:00,22.50,21971.18,3.79,8,135,0,82,0,1348,0,FR1
12/15/2024 19:18:04,22.50,21974.67,3.80,8,135,0,82,0,1349,606,FR1
12/15/2024 19:18:06,22.50,21977.44,3.80,8,135,0,82,0,1350,1019,FR1
12/15/2024 19:18:08,22.50,21978.56,3.79,8,135,0,82,0,1351,503,FR1
12/15/2024 19:18:10,22.50,21980.86,3.80,8,135,0,82,0,1352,264,FR1
12/15/2024 19:18:11,22.50,21981.48,3.80,8,135,0,82,0,1353,0,FR1
12/15/2024 19:18:11,22.50,21982.40,3.79,8,135,0,82,0,1354,307,FR1
12/15/2024 19:18:12,22.50,21983.38,3.80,8,135,0,82,0,1355,71,FR1
12/15/2024 19:18:14,22.50,21984.79,3.79,8,135,0,82,0,1356,783,FR1
12/15/2024 19:18:15,22.50,21985.69,3.79,8,135,0,82,0,1357,0,FR1
12/15/2024 19:18:16,22.50,21987.28,3.80,8,135,0,82,0,1358,112,FR1
12/15/2024 19:18:18,22.50,21989.19,3.80,8,135,0,82,0,1359,164,FR1
12/15/2024 19:23:55,22.75,22030.37,3.80,8,136,0,82,0,1359,0,FR1
12/15/2024 19:24:01,22.75,22035.82,3.80,8,136,0,82,0,1360,0,FR1
12/15/2024 19:24:03,22.75,22037.57,3.79,8,136,0,82,0,1361,0,FR1
12/15/2024 19:24:04,22.75,22038.53,3.80,8,136,0,82,0,1362,58,FR1
12/15/2024 19:24:05,22.75,22040.28,3.80,8,136,0,82,0,1363,0,FR1
12/15/2024 19:24:06,22.75,22041.20,3.80,8,136,0,82,0,1364,13,FR1
12/15/2024 19:24:09,22.75,22044.08,3.79,8,136,0,82,0,1365,0,FR1
12/15/2024 19:24:10,22.75,22044.93,3.79,8,136,0,82,0,1366,225,FR1
12/15/2024 19:24:11,22.75,22046.25,3.79,8,136,0,82,0,1367,702,FR1
12/15/2024 19:24:17,22.75,22052.09,3.80,8,136,0,82,0,1368,134,FR1
12/15/2024 19:24:18,22.75,22052.79,3.80,8,136,0,82,0,1369,78,FR1
12/15/2024 19:24:19,22.75,22053.82,3.79,8,136,0,82,0,1370,411,FR1
12/15/2024 19:24:22,22.75,22056.59,3.80,8,136,0,82,0,1371,1297,FR1
12/15/2024 19:24:24,22.75,22059.32,3.79,8,136,0,82,0,1372,140,FR1
12/15/2024 19:24:26,22.75,22060.51,3.79,8,136,0,82,0,1373,0,FR1
12/15/2024 19:25:31,22.75,22102.40,3.80,8,136,0,83,0,1373,0,FR1
12/15/2024 19:53:19,22.50,22180.57,3.80,8,137,113,83,0,1373,0,FR1
12/15/2024 19:53:25,22.50,22186.30,3.79,8,137,0,83,0,1374,0,FR1
12/15/2024 19:53:26,22.50,22186.92,3.79,8,137,0,83,0,1375,0,FR1
12/15/2024 19:53:29,22.50,22189.94,3.79,8,137,0,83,0,1376,422,FR1
12/15/2024 19:53:37,22.50,22198.80,3.80,8,137,0,83,0,1377,36,FR1
12/15/2024 19:53:38,22.50,22199.49,3.79,8,137,0,83,0,1378,70,FR1
12/15/2024 19:53:43,22.50,22204.08,3.80,8,137,0,83,0,1379,18,FR1
12/15/2024 19:53:43,22.50,22204.70,3.79,8,137,0,83,0,1380,0,FR1
12/15/2024 19:53:45,22.50,22206.50,3.80,8,137,0,83,0,1381,49,FR1
12/15/2024 19:53:46,22.50,22207.45,3.80,8,137,0,83,0,1382,322,FR1
12/15/2024 19:53:47,22.50,22208.64,3.79,8,137,0,83,0,1383,284,FR1
12/15/2024 19:53:51,22.50,22211.95,3.80,8,137,0,83,0,1384,150,FR1
12/15/2024 19:53:52,22.50,22212.98,3.79,8,137,0,83,0,1385,128,FR1
12/15/2024 19:53:52,22.50,22213.71,3.79,8,137,0,83,0,1386,104,FR1
12/15/2024 19:53:54,22.50,22215.40,3.79,8,137,0,83,0,1387,1075,FR1
12/15/2024 19:53:56,22.50,22216.87,3.79,8,137,0,83,0,1388,0,FR1
12/15/2024 19:54:03,22.50,22223.90,3.79,8,137,0,83,0,1389,6415,FR1
12/15/2024 19:54:07,22.50,22228.48,3.80,8,137,0,83,0,1390,0,FR1
12/15/2024 19:54:08,22.50,22229.45,3.80,8,137,0,83,0,1391,61,FR1
12/15/2024 19:54:10,22.50,22231.18,3.80,8,137,0,83,0,1392,832,FR1
12/15/2024 19:54:13,22.50,22233.95,3.79,8,137,0,83,0,1393,173,FR1
12/15/2024 19:54:16,22.50,22237.04,3.79,8,137,0,83,0,1394,774,FR1
12/15/2024 19:54:19,22.50,22240.54,3.80,8,137,0,83,0,1395,53,FR1
12/15/2024 19:54:20,22.50,22241.18,3.79,8,137,0,83,0,1396,12,FR1
12/15/2024 19:54:21,22.50,22241.87,3.79,8,137,0,83,0,1397,78,FR1
12/15/2024 19:54:22,22.50,22243.06,3.80,8,137,0,83,0,1398,0,FR1
12/15/2024 19:54:25,22.50,22246.39,3.80,8,137,0,83,0,1399,1583,FR1
12/15/2024 19:54:31,22.50,22252.13,3.80,8,137,0,83,0,1400,0,FR1
12/15/2024 19:58:43,22.75,22264.20,3.80,8,138,0,83,0,1400,0,FR1
12/15/2024 19:58:49,22.75,22269.98,3.79,8,138,0,83,0,1401,50,FR1
12/15/2024 19:58:51,22.75,22271.84,3.79,8,138,0,83,0,1402,106,FR1
12/15/2024 19:58:51,22.75,22272.63,3.79,8,138,0,83,0,1403,170,FR1
12/15/2024 19:58:52,22.75,22273.42,3.79,8,138,0,83,0,1404,171,FR1
12/15/2024 19:58:54,22.75,22274.81,3.79,8,138,0,83,0,1405,493,FR1
12/15/2024 19:58:55,22.75,22275.88,3.79,8,138,0,83,0,1406,442,FR1
12/15/2024 19:58:56,22.75,22276.82,3.79,8,138,0,83,0,1407,320,FR1
12/15/2024 19:58:59,22.75,22279.71,3.80,8,138,0,83,0,1408,5,FR1
12/15/2024 19:59:02,22.75,22283.14,3.79,8,138,0,83,0,1409,260,FR1
12/15/2024 19:59:03,22.75,22283.76,3.79,8,138,0,83,0,1410,0,FR1
12/15/2024 19:59:03,22.75,22284.66,3.79,8,138,0,83,0,1411,0,FR1
12/15/2024 19:59:07,22.75,22288.23,3.80,8,138,0,83,0,1412,973,FR1
12/15/2024 19:59:09,22.75,22289.92,3.79,8,138,0,83,0,1413,503,FR1
12/15/2024 19:59:20,22.75,22301.58,3.80,8,138,0,83,0,1414,16,FR1
12/15/2024 19:59:21,22.75,22302.68,3.80,8,138,0,83,0,1415,194,FR1
12/15/2024 19:59:23,22.75,22304.14,3.79,8,138,0,83,0,1416,0,FR1
12/15/2024 19:59:24,22.75,22305.55,3.79,8,138,0,83,0,1417,788,FR1
12/15/2024 19:59:26,22.75,22307.02,3.79,8,138,0,83,0,1418,0,FR1
12/15/2024 19:59:27,22.75,22308.65,3.79,8,138,0,83,0,1419,1006,FR1
12/15/2024 19:59:28,22.75,22309.55,3.79,8,138,0,83,0,1420,0,FR1
12/15/2024 19:59:29,22.75,22310.37,3.79,8,138,0,83,0,1421,198,FR1
12/15/2024 19:59:32,22.75,22313.37,3.79,8,138,0,83,0,1422,963,FR1
12/15/2024 19:59:33,22.75,22314.20,3.80,8,138,0,83,0,1423,212,FR1
12/15/2024 19:59:35,22.75,22315.95,3.78,8,138,0,83,0,1424,0,FR1
12/15/2024 19:59:36,22.75,22316.74,3.79,8,138,0,83,0,1425,171,FR1
12/15/2024 19:59:36,22.75,22317.46,3.80,8,138,0,83,0,1426,104,FR1
12/15/2024 19:59:38,22.75,22318.70,3.79,8,138,0,83,0,1427,53,FR1
12/15/2024 19:59:40,22.75,22321.30,3.79,8,138,0,83,0,1428,1980,FR1
12/15/2024 19:59:41,22.75,22322.16,3.79,8,138,0,83,0,1429,235,FR1
12/15/2024 19:59:43,22.75,22323.77,3.79,8,138,0,83,0,1430,138,FR1
12/15/2024 20:12:50,22.75,22371.31,3.79,8,138,0,84,101,1430,0,FR1
12/15/2024 20:12:52,22.75,22371.92,3.79,8,139,0,84,0,1430,0,FR1
12/15/2024 20:12:59,22.75,22378.51,3.79,8,139,0,84,0,1431,294,FR1
12/15/2024 20:13:01,22.75,22381.16,3.79,8,139,0,84,0,1432,1177,FR1
12/15/2024 20:13:03,22.75,22383.27,3.79,8,139,0,84,0,1433,357,FR1
12/15/2024 20:13:05,22.75,22384.55,3.78,8,139,0,84,0,1434,94,FR1
12/15/2024 20:13:07,22.75,22386.54,3.79,8,139,0,84,0,1435,1084,FR1
12/15/2024 20:13:09,22.75,22388.77,3.80,8,139,0,84,0,1436,1333,FR1
12/15/2024 20:13:11,22.75,22390.59,3.80,8,139,0,84,0,1437,910,FR1
12/15/2024 20:14:28,22.75,22444.06,3.80,8,140,0,84,0,1437,0,FR1
12/15/2024 20:14:34,22.75,22449.51,3.79,8,140,0,84,0,1438,0,FR1
12/15/2024 20:14:35,22.75,22450.85,3.79,8,140,0,84,0,1439,154,FR1
12/15/2024 20:14:38,22.75,22454.26,3.79,8,140,0,84,0,1440,1661,FR1
12/15/2024 20:14:39,22.75,22455.29,3.79,8,140,0,84,0,1441,120,FR1
12/15/2024 20:14:42,22.75,22458.31,3.79,8,140,0,84,0,1442,144,FR1
12/15/2024 20:14:43,22.75,22458.93,3.79,8,140,0,84,0,1443,0,FR1
12/15/2024 20:14:45,22.75,22460.68,3.79,8,140,0,84,0,1444,0,FR1
12/15/2024 20:14:46,22.75,22461.77,3.79,8,140,0,84,0,1445,467,FR1
12/15/2024 20:14:50,22.75,22465.98,3.80,8,140,0,84,0,1446,3027,FR1
12/15/2024 20:14:52,22.75,22467.45,3.79,8,140,0,84,0,1447,0,FR1
12/15/2024 20:14:52,22.75,22468.22,3.79,8,140,0,84,0,1448,150,FR1
12/15/2024 20:14:54,22.75,22469.77,3.79,8,140,0,84,0,1449,84,FR1
12/15/2024 20:14:56,22.75,22471.52,3.79,8,140,0,84,0,1450,0,FR1
12/15/2024 20:14:57,22.75,22473.14,3.79,8,140,0,84,0,1451,433,FR1
12/15/2024 20:14:59,22.75,22474.77,3.80,8,140,0,84,0,1452,161,FR1
12/15/2024 20:36:46,22.50,22573.96,3.79,8,141,0,84,0,1452,0,FR1
12/15/2024 20:37:00,22.50,22587.61,3.79,8,141,0,84,0,1453,0,FR1
12/15/2024 20:37:01,22.50,22588.61,3.79,8,141,0,84,0,1454,387,FR1
12/15/2024 20:37:02,22.50,22589.29,3.79,8,141,0,84,0,1455,53,FR1
12/15/2024 20:37:06,22.50,22593.23,3.79,8,141,0,84,0,1456,3323,FR1
12/15/2024 20:37:09,22.50,22596.14,3.79,8,141,0,84,0,1457,22,FR1
12/15/2024 20:37:11,22.50,22598.13,3.79,8,141,0,84,0,1458,803,FR1
12/15/2024 20:37:12,22.50,22599.52,3.79,8,141,0,84,0,1459,484,FR1
12/15/2024 20:37:13,22.50,22600.42,3.79,8,141,0,84,0,1460,0,FR1
12/15/2024 20:37:14,22.50,22601.32,3.79,8,141,0,84,0,1461,0,FR1
12/15/2024 20:37:15,22.50,22602.08,3.79,8,141,0,84,0,1462,136,FR1
12/15/2024 20:37:16,22.50,22603.55,3.79,8,141,0,84,0,1463,0,FR1
12/15/2024 20:37:22,22.50,22609.65,3.80,8,141,0,84,0,1464,394,FR1
12/15/2024 20:37:25,22.50,22612.77,3.79,8,141,0,84,0,1465,1364,FR1
12/15/2024 20:37:27,22.50,22614.81,3.80,8,141,0,84,0,1466,6,FR1
12/15/2024 20:37:28,22.50,22615.48,3.79,8,141,0,84,0,1467,53,FR1
12/15/2024 20:37:30,22.50,22617.42,3.79,8,141,0,84,0,1468,1325,FR1
12/15/2024 20:37:31,22.50,22618.09,3.79,8,141,0,84,0,1469,45,FR1
12/15/2024 20:37:31,22.50,22618.91,3.79,8,141,0,84,0,1470,204,FR1
12/15/2024 20:37:34,22.50,22621.72,3.79,8,141,0,84,0,1471,776,FR1
12/15/2024 20:37:35,22.50,22622.63,3.79,8,141,0,84,0,1472,0,FR1
12/15/2024 20:37:39,22.50,22626.03,3.79,8,141,0,84,0,1473,802,FR1
12/15/2024 20:37:41,22.50,22628.88,3.79,8,141,0,84,0,1474,1109,FR1
12/15/2024 20:37:45,22.50,22632.72,3.80,8,141,0,84,0,1475,1518,FR1
12/15/2024 20:37:46,22.50,22633.34,3.79,8,141,0,84,0,1476,0,FR1
12/15/2024 20:37:47,22.50,22634.62,3.79,8,141,0,84,0,1477,99,FR1
12/15/2024 20:37:49,22.50,22636.56,3.79,8,141,0,84,0,1478,1036,FR1
12/15/2024 20:37:52,22.50,22639.16,3.80,8,141,0,84,0,1479,0,FR1
12/15/2024 20:39:34,22.75,22649.64,3.79,8,142,0,84,0,1479,0,FR1
12/15/2024 20:40:09,22.75,22684.54,3.80,8,142,0,84,0,1480,57,FR1
12/15/2024 20:40:10,22.75,22685.28,3.79,8,142,0,84,0,1481,112,FR1
12/15/2024 20:40:12,22.75,22687.16,3.79,8,142,0,84,0,1482,419,FR1
12/15/2024 20:40:13,22.75,22688.94,3.79,8,142,0,84,0,1483,312,FR1
12/15/2024 20:40:14,22.75,22689.83,3.79,8,142,0,84,0,1484,264,FR1
12/15/2024 20:40:15,22.75,22690.45,3.78,8,142,0,84,0,1485,0,FR1
12/15/2024 20:40:19,22.75,22694.19,3.79,8,142,0,84,0,1486,0,FR1
12/15/2024 20:40:19,22.75,22694.95,3.78,8,142,0,84,0,1487,146,FR1
12/15/2024 20:40:20,22.75,22695.84,3.79,8,142,0,84,0,1488,270,FR1
12/15/2024 20:40:23,22.75,22698.14,3.79,8,142,0,84,0,1489,550,FR1
12/15/2024 20:40:24,22.75,22699.68,3.79,8,142,0,84,0,1490,353,FR1
12/15/2024 20:40:27,22.75,22702.48,3.79,8,142,0,84,0,1491,1049,FR1
12/15/2024 20:40:28,22.75,22703.10,3.79,8,142,0,84,0,1492,0,FR1
12/15/2024 20:40:29,22.75,22704.10,3.79,8,142,0,84,0,1493,91,FR1
12/15/2024 20:40:32,22.75,22707.54,3.78,8,142,0,84,0,1494,0,FR1
12/15/2024 20:40:35,22.75,22710.03,3.79,8,142,0,84,0,1495,1300,FR1
12/15/2024 20:40:36,22.75,22711.78,3.79,8,142,0,84,0,1496,6,FR1
12/15/2024 20:40:37,22.75,22712.44,3.79,8,142,0,84,0,1497,36,FR1
12/15/2024 20:40:40,22.75,22715.73,3.79,8,142,0,84,0,1498,2107,FR1
12/15/2024 20:40:46,22.75,22721.46,3.79,8,142,0,84,0,1499,0,FR1
12/15/2024 20:40:52,22.75,22722.08,3.78,8,143,0,84,0,1499,0,FR1
12/15/2024 20:42:03,22.75,22792.84,3.79,8,143,0,84,0,1500,0,FR1
12/15/2024 21:19:04,22.75,22896.89,3.79,8,144,1,84,0,1500,0,FR1
12/15/2024 21:19:11,22.75,22903.46,3.79,8,144,0,84,0,1501,0,FR1
12/15/2024 21:19:12,22.75,22904.49,3.79,8,144,0,84,0,1502,400,FR1
12/15/2024 21:19:22,22.75,22914.49,3.80,8,144,0,84,0,1503,55,FR1
12/15/2024 21:21:13,22.75,22970.49,3.79,8,144,0,85,0,1503,0,FR1
12/15/2024 21:23:59,22.75,22978.65,3.79,8,144,0,86,0,1503,0,FR1
12/15/2024 21:27:42,22.75,22989.73,3.79,8,144,0,87,118,1503,0,FR1
12/15/2024 21:27:51,22.75,22990.63,3.79,8,145,0,87,0,1503,0,FR1
12/15/2024 21:27:57,22.75,22996.08,3.79,8,145,0,87,0,1504,0,FR1
12/15/2024 21:27:59,22.75,22998.40,3.79,8,145,0,87,0,1505,0,FR1
12/15/2024 21:28:00,22.75,22999.32,3.79,8,145,0,87,0,1506,298,FR1
12/15/2024 21:28:01,22.75,23000.53,3.79,8,145,0,87,0,1507,28,FR1
12/15/2024 21:28:03,22.75,23002.60,3.79,8,145,0,87,0,1508,34,FR1
12/15/2024 21:28:05,22.75,23004.06,3.79,8,145,0,87,0,1509,843,FR1
12/15/2024 21:28:08,22.75,23006.85,3.79,8,145,0,87,0,1510,2164,FR1
12/15/2024 21:28:08,22.75,23007.55,3.79,8,145,0,87,0,1511,85,FR1
12/15/2024 21:28:12,22.75,23011.18,3.78,8,145,0,87,0,1512,179,FR1
12/15/2024 21:28:15,22.75,23013.79,3.79,8,145,0,87,0,1513,296,FR1
12/15/2024 21:28:17,22.75,23015.94,3.78,8,145,0,87,0,1514,967,FR1
12/15/2024 21:28:54,22.75,23053.38,3.79,8,145,0,87,0,1515,81,FR1
12/15/2024 21:28:55,22.75,23054.29,3.79,8,145,0,87,0,1516,4,FR1
12/15/2024 21:28:57,22.75,23056.04,3.79,8,145,0,87,0,1517,0,FR1
12/15/2024 21:39:04,22.75,23090.01,3.78,8,145,0,88,0,1517,0,FR1
12/15/2024 21:54:58,22.75,23134.82,3.79,8,146,29,88,0,1517,0,FR1
12/15/2024 21:55:04,22.75,23141.12,3.78,8,146,0,88,0,1518,0,FR1
12/15/2024 21:55:07,22.75,23143.60,3.79,8,146,0,88,0,1519,163,FR1
12/15/2024 21:55:08,22.75,23145.08,3.79,8,146,0,88,0,1520,303,FR1
12/15/2024 21:55:28,22.75,23164.95,3.78,8,146,0,88,0,1521,1437,FR1
12/15/2024 21:55:29,22.75,23165.84,3.79,8,146,0,88,0,1522,269,FR1
12/15/2024 21:55:44,22.75,23180.82,3.79,8,146,0,88,0,1523,507,FR1
12/15/2024 21:55:45,22.75,23181.70,3.79,8,146,0,88,0,1524,257,FR1
12/15/2024 21:55:50,22.75,23186.31,3.79,8,146,0,88,0,1525,30,FR1
12/15/2024 21:55:50,22.75,23186.93,3.79,8,146,0,88,0,1526,0,FR1
12/15/2024 21:55:51,22.75,23188.21,3.78,8,146,0,88,0,1527,655,FR1
12/15/2024 21:55:54,22.75,23191.25,3.79,8,146,0,88,0,1528,162,FR1
12/15/2024 21:55:57,22.75,23193.31,3.78,8,146,0,88,0,1529,869,FR1
12/15/2024 21:55:59,22.75,23195.50,3.79,8,146,0,88,0,1530,1567,FR1
12/15/2024 21:56:00,22.75,23196.69,3.79,8,146,0,88,0,1531,568,FR1
12/15/2024 21:56:02,22.75,23198.74,3.79,8,146,0,88,0,1532,1429,FR1
12/16/2024 0:37:51,22.75,23657.91,3.78,8,147,0,88,0,1532,0,FR1
12/16/2024 0:37:57,22.75,23663.36,3.78,8,147,0,88,0,1533,0,FR1
12/16/2024 0:40:07,22.75,23731.82,3.78,8,147,0,89,0,1533,0,FR1
12/16/2024 0:54:52,22.75,23773.53,3.78,8,148,0,89,0,1533,0,FR1
12/16/2024 0:56:18,23.00,23845.14,3.78,8,149,0,89,0,1533,0,FR1
12/16/2024 0:56:24,23.00,23851.72,3.78,8,149,0,89,0,1534,0,FR1
12/16/2024 0:56:27,23.00,23854.26,3.78,8,149,0,89,0,1535,506,FR1
12/16/2024 0:56:28,23.00,23855.45,3.78,8,149,0,89,0,1536,0,FR1
12/16/2024 0:56:30,23.00,23857.34,3.78,8,149,0,89,0,1537,136,FR1
12/16/2024 0:56:31,23.00,23858.71,3.78,8,149,0,89,0,1538,186,FR1
12/16/2024 0:56:53,23.00,23880.60,3.78,8,149,0,89,0,1539,67,FR1
12/16/2024 0:56:59,23.00,23886.21,3.78,8,149,0,89,0,1540,1311,FR1
12/16/2024 0:57:01,23.00,23887.94,3.78,8,149,0,89,0,1541,543,FR1
12/16/2024 0:57:01,23.00,23888.84,3.78,8,149,0,89,0,1542,0,FR1
12/16/2024 0:57:04,23.00,23891.04,3.78,8,149,0,89,0,1543,167,FR1
12/16/2024 0:57:06,23.00,23892.98,3.78,8,149,0,89,0,1544,468,FR1
12/16/2024 0:57:07,23.00,23894.16,3.78,8,149,0,89,0,1545,0,FR1
12/16/2024 0:57:09,23.00,23896.04,3.78,8,149,0,89,0,1546,1253,FR1
12/16/2024 1:00:41,23.00,23925.12,3.78,8,150,0,89,0,1546,0,FR1
12/16/2024 1:00:53,23.00,23937.56,3.78,8,150,0,89,0,1547,490,FR1
12/16/2024 1:01:27,23.00,23971.04,3.78,8,150,0,89,0,1548,74,FR1
12/16/2024 1:01:28,23.00,23971.74,3.78,8,150,0,89,0,1549,80,FR1
12/16/2024 1:01:29,23.00,23973.03,3.78,8,150,0,89,0,1550,103,FR1
12/16/2024 1:01:31,23.00,23975.26,3.78,8,150,0,89,0,1551,194,FR1
12/16/2024 1:01:34,23.00,23978.11,3.78,8,150,0,89,0,1552,1944,FR1
12/16/2024 1:01:36,23.00,23979.72,3.79,8,150,0,89,0,1553,418,FR1
12/16/2024 1:01:37,23.00,23981.23,3.78,8,150,0,89,0,1554,895,FR1
12/16/2024 1:01:38,23.00,23981.96,3.78,8,150,0,89,0,1555,104,FR1
12/16/2024 1:01:38,23.00,23982.58,3.78,8,150,0,89,0,1556,0,FR1
12/16/2024 1:01:39,23.00,23983.25,3.78,8,150,0,89,0,1557,58,FR1
12/16/2024 1:01:40,23.00,23984.58,3.78,8,150,0,89,0,1558,424,FR1
12/16/2024 1:01:42,23.00,23986.37,3.78,8,150,0,89,0,1559,32,FR1
12/16/2024 1:01:43,23.00,23987.29,3.78,8,150,0,89,0,1560,21,FR1
12/16/2024 1:01:45,23.00,23989.32,3.78,8,150,0,89,0,1561,0,FR1
12/16/2024 1:01:46,23.00,23990.28,3.78,8,150,0,89,0,1562,58,FR1
12/16/2024 1:01:52,23.00,23996.01,3.78,8,150,0,89,0,1563,0,FR1
12/16/2024 1:46:23,22.75,24121.03,3.78,8,151,0,89,0,1563,0,FR1
12/16/2024 1:46:30,22.75,24127.56,3.78,8,151,0,89,0,1564,520,FR1
12/16/2024 1:46:52,22.75,24149.67,3.79,8,151,0,89,0,1565,0,FR1
12/16/2024 1:46:53,22.75,24150.36,3.79,8,151,0,89,0,1566,76,FR1
12/16/2024 1:46:53,22.75,24150.98,3.78,8,151,0,89,0,1567,0,FR1
12/16/2024 1:47:40,22.75,24192.03,3.78,8,151,0,90,0,1567,0,FR1
12/16/2024 2:08:14,22.75,24250.00,3.78,8,152,42,90,0,1567,0,FR1
12/16/2024 2:08:22,22.75,24257.92,3.78,8,152,0,90,0,1568,214,FR1
12/16/2024 2:08:25,22.75,24261.44,3.78,8,152,0,90,0,1569,70,FR1
12/16/2024 2:08:26,22.75,24262.34,3.78,8,152,0,90,0,1570,277,FR1
12/16/2024 2:08:27,22.75,24262.96,3.78,8,152,0,90,0,1571,0,FR1
12/16/2024 2:08:28,22.75,24264.19,3.78,8,152,0,90,0,1572,610,FR1
12/16/2024 2:08:30,22.75,24266.11,3.78,8,152,0,90,0,1573,171,FR1
12/16/2024 2:08:31,22.75,24266.73,3.78,8,152,0,90,0,1574,0,FR1
12/16/2024 2:09:09,22.75,24305.24,3.78,8,152,0,90,0,1575,0,FR1
12/16/2024 2:09:11,22.75,24306.78,3.78,8,152,0,90,0,1576,348,FR1
12/16/2024 2:09:14,22.75,24309.90,3.78,8,152,0,90,0,1577,1367,FR1
12/16/2024 2:09:17,22.75,24313.21,3.78,8,152,0,90,0,1578,1282,FR1
12/16/2024 2:09:25,22.75,24320.64,3.78,8,152,0,90,0,1579,0,FR1
12/16/2024 2:09:31,22.75,24321.26,3.78,8,153,0,90,0,1579,0,FR1
12/16/2024 2:10:05,22.75,24355.14,3.78,8,153,0,90,0,1580,728,FR1
12/16/2024 2:10:20,22.75,24370.18,3.78,8,153,0,90,0,1581,0,FR1
12/16/2024 2:10:20,22.75,24370.80,3.78,8,153,0,90,0,1582,0,FR1
12/16/2024 2:33:40,22.75,24456.38,3.78,8,153,0,91,0,1582,0,FR1
12/16/2024 2:33:43,22.75,24456.99,3.78,8,153,0,92,0,1582,0,FR1
12/16/2024 2:34:16,22.75,24459.01,3.78,8,153,0,93,0,1582,0,FR1
12/16/2024 2:34:17,22.75,24459.63,3.78,8,153,0,94,0,1582,0,FR1
12/16/2024 2:34:18,22.75,24460.25,3.78,8,153,0,95,0,1582,0,FR1
12/16/2024 2:34:21,22.75,24460.86,3.78,8,153,0,96,0,1582,0,FR1
12/16/2024 2:34:22,22.75,24461.48,3.78,8,153,0,97,0,1582,0,FR1
12/16/2024 2:35:37,22.75,24465.45,3.78,8,153,0,98,0,1582,0,FR1
12/16/2024 4:49:11,22.75,24839.27,3.78,8,154,0,98,0,1582,0,FR1
12/16/2024 4:49:18,22.75,24845.85,3.78,8,154,0,98,0,1583,0,FR1
12/16/2024 4:49:21,22.75,24848.90,3.78,8,154,0,98,0,1584,1302,FR1
12/16/2024 4:49:41,22.75,24868.50,3.78,8,154,0,98,0,1585,1728,FR1
12/16/2024 4:50:03,22.75,24891.39,3.78,8,154,0,98,0,1586,504,FR1
12/16/2024 4:50:06,22.75,24894.04,3.78,8,154,0,98,0,1587,902,FR1
12/16/2024 4:50:08,22.75,24895.87,3.78,8,154,0,98,0,1588,363,FR1
12/16/2024 4:50:10,22.75,24897.47,3.76,8,154,0,98,0,1589,975,FR1
12/16/2024 4:50:13,22.75,24901.02,3.78,8,154,0,98,0,1590,390,FR1
12/16/2024 4:50:15,22.75,24902.49,3.76,8,154,0,98,0,1591,0,FR1
12/16/2024 4:50:16,22.75,24903.50,3.78,8,154,0,98,0,1592,393,FR1
12/16/2024 4:50:17,22.75,24905.22,3.78,8,154,0,98,0,1593,525,FR1
12/16/2024 4:50:23,22.75,24910.95,3.78,8,154,0,98,0,1594,0,FR1
12/16/2024 4:50:29,22.75,24911.57,3.78,8,155,0,98,0,1594,0,FR1
12/16/2024 4:50:37,22.75,24920.10,3.78,8,155,0,98,0,1595,824,FR1
12/16/2024 4:50:57,22.75,24940.19,3.78,8,155,0,98,0,1596,1369,FR1
12/16/2024 4:51:00,22.75,24942.49,3.78,8,155,0,98,0,1597,1119,FR1
12/16/2024 4:51:59,23.00,24983.26,3.78,8,156,0,98,0,1597,0,FR1
12/16/2024 4:52:04,23.00,24989.05,3.78,8,156,0,98,0,1598,60,FR1
12/16/2024 4:52:05,23.00,24989.78,3.78,8,156,0,98,0,1599,108,FR1
12/16/2024 4:52:08,23.00,24992.45,3.78,8,156,0,98,0,1600,356,FR1
12/16/2024 4:52:10,23.00,24994.44,3.77,8,156,0,98,0,1601,1085,FR1
12/16/2024 4:52:11,23.00,24995.34,3.77,8,156,0,98,0,1602,0,FR1
12/16/2024 4:52:12,23.00,24996.52,3.78,8,156,0,98,0,1603,0,FR1
12/16/2024 4:52:38,23.00,25022.20,3.78,8,156,0,98,0,1604,178,FR1
12/16/2024 4:52:44,23.00,25028.35,3.78,8,156,0,98,0,1605,722,FR1
12/16/2024 4:53:15,23.00,25054.15,3.78,8,157,0,98,0,1605,0,FR1
12/16/2024 4:53:24,23.00,25063.61,3.77,8,157,0,98,0,1606,334,FR1
12/16/2024 4:53:26,23.00,25065.64,3.78,8,157,0,98,0,1607,0,FR1
12/16/2024 4:53:31,23.00,25070.83,3.77,8,157,0,98,0,1608,329,FR1
12/16/2024 4:53:34,23.00,25073.37,3.78,8,157,0,98,0,1609,785,FR1
12/16/2024 4:53:34,23.00,25073.99,3.78,8,157,0,98,0,1610,0,FR1
12/16/2024 4:53:36,23.00,25075.18,3.78,8,157,0,98,0,1611,0,FR1
12/16/2024 4:53:36,23.00,25075.92,3.78,8,157,0,98,0,1612,121,FR1
12/16/2024 4:53:38,23.00,25077.20,3.78,8,157,0,98,0,1613,94,FR1
12/16/2024 4:53:42,23.00,25081.45,3.78,8,157,0,98,0,1614,2781,FR1
12/16/2024 4:54:00,23.00,25099.68,3.78,8,157,0,98,0,1615,83,FR1
12/16/2024 4:54:01,23.00,25100.92,3.78,8,157,0,98,0,1616,55,FR1
12/16/2024 4:54:08,23.00,25107.68,3.78,8,157,0,98,0,1617,197,FR1
12/16/2024 4:54:09,23.00,25108.86,3.78,8,157,0,98,0,1618,0,FR1
12/16/2024 4:54:12,23.00,25111.47,3.78,8,157,0,98,0,1619,1710,FR1
12/16/2024 4:54:31,23.00,25125.11,3.78,8,158,0,98,0,1619,0,FR1
12/16/2024 4:54:36,23.00,25130.66,3.77,8,158,0,98,0,1620,96,FR1
12/16/2024 4:54:41,23.00,25135.14,3.78,8,158,0,98,0,1621,1033,FR1
12/16/2024 4:54:43,23.00,25137.06,3.78,8,158,0,98,0,1622,168,FR1
12/16/2024 4:54:43,23.00,25137.69,3.78,8,158,0,98,0,1623,12,FR1
12/16/2024 4:54:45,23.00,25139.24,3.78,8,158,0,98,0,1624,79,FR1
12/16/2024 4:54:47,23.00,25141.26,3.78,8,158,0,98,0,1625,1401,FR1
12/16/2024 4:54:48,23.00,25141.88,3.78,8,158,0,98,0,1626,0,FR1
12/16/2024 4:59:36,23.00,25207.14,3.77,8,158,0,99,0,1626,0,FR1
12/16/2024 4:59:37,23.00,25207.76,3.78,8,158,0,100,0,1626,0,FR1
12/16/2024 4:59:40,23.00,25208.37,3.78,8,158,0,101,0,1626,0,FR1
12/16/2024 4:59:45,23.00,25208.99,3.78,8,158,0,102,0,1626,0,FR1
12/16/2024 4:59:46,23.00,25209.61,3.78,8,158,0,103,0,1626,0,FR1
12/16/2024 4:59:50,23.00,25210.23,3.78,8,158,0,104,0,1626,0,FR1
12/16/2024 5:01:20,23.00,25214.76,3.77,8,158,0,105,0,1626,0,FR1
12/16/2024 5:01:21,23.00,25215.38,3.78,8,158,0,106,10,1626,0,FR1
12/16/2024 5:01:30,23.00,25216.49,3.78,8,158,0,107,201,1626,0,FR1
12/16/2024 5:04:52,23.00,25226.33,3.76,8,158,0,108,1,1626,0,FR1
12/16/2024 5:04:55,23.00,25228.10,3.78,8,158,0,109,1156,1626,0,FR1
12/16/2024 5:07:04,23.00,25234.59,3.78,8,158,0,110,0,1626,0,FR1
12/16/2024 5:10:02,22.75,25243.32,3.78,8,159,0,110,0,1626,0,FR1
12/16/2024 5:10:34,22.75,25275.62,3.78,8,159,0,110,0,1627,0,FR1
12/16/2024 5:10:36,22.75,25277.66,3.78,8,159,0,110,0,1628,0,FR1
12/16/2024 5:10:38,22.75,25278.93,3.78,8,159,0,110,0,1629,91,FR1
12/16/2024 5:11:19,22.75,25314.36,3.78,8,160,0,110,0,1629,0,FR1
12/16/2024 5:20:23,23.00,25407.50,3.78,8,161,0,110,0,1629,0,FR1
12/16/2024 5:20:29,23.00,25413.62,3.78,8,161,0,110,0,1630,107,FR1
12/16/2024 5:20:30,23.00,25414.52,3.77,8,161,0,110,0,1631,0,FR1
12/16/2024 5:20:43,23.00,25426.86,3.78,8,161,0,110,0,1632,128,FR1
12/16/2024 5:20:43,23.00,25427.60,3.77,8,161,0,110,0,1633,122,FR1
12/16/2024 5:20:45,23.00,25429.19,3.77,8,161,0,110,0,1634,120,FR1
12/16/2024 5:21:21,23.00,25464.86,3.76,8,161,0,110,0,1635,281,FR1
12/16/2024 5:21:23,23.00,25467.17,3.78,8,161,0,110,0,1636,270,FR1
12/16/2024 5:21:24,23.00,25468.24,3.78,8,161,0,110,0,1637,453,FR1
12/16/2024 5:21:29,23.00,25473.67,3.77,8,161,0,110,0,1638,4522,FR1
12/16/2024 5:21:41,23.00,25479.67,3.78,8,162,0,110,0,1638,0,FR1
12/16/2024 5:22:29,23.00,25528.11,3.78,8,162,0,110,0,1639,8,FR1
12/16/2024 5:22:43,23.00,25541.77,3.76,8,162,0,110,0,1640,34,FR1
12/16/2024 5:22:44,23.00,25542.46,3.77,8,162,0,110,0,1641,61,FR1
12/16/2024 5:22:45,23.00,25543.74,3.78,8,162,0,110,0,1642,387,FR1
12/16/2024 5:22:46,23.00,25544.96,3.78,8,162,0,110,0,1643,309,FR1
12/16/2024 5:22:56,23.00,25551.54,3.78,8,163,566,110,0,1643,0,FR1
12/16/2024 5:23:03,23.00,25558.71,3.78,8,163,0,110,0,1644,599,FR1
12/16/2024 5:23:39,23.00,25594.49,3.78,8,163,0,110,0,1645,93,FR1
12/16/2024 5:23:41,23.00,25596.37,3.78,8,163,0,110,0,1646,129,FR1
12/16/2024 5:23:42,23.00,25597.55,3.77,8,163,0,110,0,1647,0,FR1
12/16/2024 5:23:44,23.00,25599.58,3.77,8,163,0,110,0,1648,0,FR1
12/16/2024 5:23:48,23.00,25603.62,3.76,8,163,0,110,0,1649,18,FR1
12/16/2024 5:23:58,23.00,25613.57,3.77,8,163,0,110,0,1650,0,FR1
12/16/2024 5:24:00,23.00,25615.63,3.77,8,163,0,110,0,1651,24,FR1
12/16/2024 5:24:01,23.00,25616.81,3.78,8,163,0,110,0,1652,0,FR1
12/16/2024 5:41:47,22.75,25672.11,3.77,8,164,84,110,0,1652,0,FR1
12/16/2024 6:12:16,22.75,25825.12,3.78,8,165,35,110,0,1652,0,FR1
12/16/2024 6:16:46,23.00,25905.50,3.77,8,165,0,111,101,1652,0,FR1
12/16/2024 6:25:48,22.75,25931.29,3.78,8,165,0,112,9,1652,0,FR1
12/16/2024 6:37:15,22.75,25963.78,3.77,8,165,0,113,0,1652,0,FR1
12/16/2024 12:20:42,22.75,26924.38,3.76,8,165,0,114,0,1652,0,FR1
12/16/2024 12:26:59,22.75,26942.39,3.76,8,166,68,114,0,1652,0,FR1
12/16/2024 12:28:15,22.75,27013.44,3.76,8,167,0,114,0,1652,0,FR1
12/16/2024 14:58:13,22.50,27500.19,3.76,8,167,0,115,0,1652,0,FR1
12/16/2024 17:44:24,22.50,27965.14,3.75,8,167,0,116,0,1652,0,FR1
12/16/2024 17:44:24,22.50,27965.97,3.75,8,167,0,117,209,1652,0,FR1
12/16/2024 17:49:14,22.75,27980.00,3.75,8,168,0,117,0,1652,0,FR1
12/16/2024 17:49:21,22.75,27987.20,3.75,8,168,0,117,0,1653,57,FR1
12/16/2024 17:49:25,22.75,27991.21,3.75,8,168,0,117,0,1654,0,FR1
12/16/2024 17:49:29,22.75,27995.24,3.75,8,168,0,117,0,1655,1426,FR1
12/16/2024 17:49:30,22.75,27995.88,3.75,8,168,0,117,0,1656,22,FR1
12/16/2024 17:49:31,22.75,27996.78,3.75,8,168,0,117,0,1657,0,FR1
12/16/2024 17:49:32,22.75,27997.59,3.75,8,168,0,117,0,1658,183,FR1
12/16/2024 17:49:32,22.75,27998.21,3.74,8,168,0,117,0,1659,0,FR1
12/16/2024 17:49:36,22.75,28001.77,3.75,8,168,0,117,0,1660,390,FR1
12/16/2024 17:49:45,22.75,28010.87,3.75,8,168,0,117,0,1661,0,FR1
12/16/2024 17:49:50,22.75,28016.17,3.75,8,168,0,117,0,1662,1294,FR1
12/16/2024 17:49:51,22.75,28017.00,3.76,8,168,0,117,0,1663,204,FR1
12/16/2024 17:49:56,22.75,28021.46,3.75,8,168,0,117,0,1664,1014,FR1
12/16/2024 17:49:59,22.75,28024.49,3.75,8,168,0,117,0,1665,147,FR1
12/16/2024 17:50:01,22.75,28026.96,3.75,8,168,0,117,0,1666,1286,FR1
12/16/2024 17:50:03,22.75,28028.43,3.75,8,168,0,117,0,1667,0,FR1
12/16/2024 17:50:05,22.75,28030.52,3.75,8,168,0,117,0,1668,331,FR1
12/16/2024 17:50:07,22.75,28033.21,3.74,8,168,0,117,0,1669,935,FR1
12/16/2024 17:50:09,22.75,28034.89,3.75,8,168,0,117,0,1670,494,FR1
12/16/2024 17:50:11,22.75,28036.66,3.75,8,168,0,117,0,1671,1151,FR1
12/16/2024 17:50:37,22.75,28051.42,3.75,8,169,0,117,0,1671,0,FR1
12/16/2024 18:17:05,22.75,28192.90,3.74,8,169,0,118,0,1671,0,FR1
12/16/2024 18:19:04,22.75,28198.90,3.75,8,170,76,118,0,1671,0,FR1
12/16/2024 18:19:13,22.75,28207.31,3.75,8,170,0,118,0,1672,1548,FR1
12/16/2024 18:19:14,22.75,28208.52,3.75,8,170,0,118,0,1673,591,FR1
12/16/2024 18:19:19,22.75,28213.29,3.75,8,170,0,118,0,1674,759,FR1
12/16/2024 18:19:24,22.75,28219.10,3.75,8,170,0,118,0,1675,1512,FR1
12/16/2024 18:19:26,22.75,28220.38,3.74,8,170,0,118,0,1676,378,FR1
12/16/2024 18:20:03,22.75,28257.99,3.74,8,170,0,118,0,1677,239,FR1
12/16/2024 18:20:04,22.75,28258.72,3.75,8,170,0,118,0,1678,120,FR1
12/16/2024 18:20:15,22.75,28269.54,3.74,8,170,0,118,0,1679,0,FR1
12/16/2024 18:34:08,22.75,28308.73,3.75,8,170,0,119,0,1679,0,FR1
12/16/2024 18:45:20,22.75,28340.38,3.74,8,171,0,119,0,1679,0,FR1
12/16/2024 18:45:26,22.75,28346.46,3.75,8,171,0,119,0,1680,65,FR1
12/16/2024 18:45:27,22.75,28347.40,3.75,8,171,0,119,0,1681,45,FR1
12/16/2024 18:45:29,22.75,28349.15,3.74,8,171,0,119,0,1682,0,FR1
12/16/2024 18:45:31,22.75,28351.51,3.74,8,171,0,119,0,1683,41,FR1
12/16/2024 18:45:32,22.75,28352.55,3.73,8,171,0,119,0,1684,419,FR1
12/16/2024 18:45:35,22.75,28355.72,3.74,8,171,0,119,0,1685,2264,FR1
12/16/2024 18:45:36,22.75,28356.62,3.75,8,171,0,119,0,1686,0,FR1
12/16/2024 18:45:37,22.75,28357.24,3.75,8,171,0,119,0,1687,0,FR1
12/16/2024 18:45:43,22.75,28363.13,3.74,8,171,0,119,0,1688,4415,FR1
12/16/2024 18:45:43,22.75,28363.75,3.75,8,171,0,119,0,1689,0,FR1
12/16/2024 18:45:47,22.75,28367.20,3.75,8,171,0,119,0,1690,12,FR1
12/16/2024 18:45:49,22.75,28368.90,3.74,8,171,0,119,0,1691,503,FR1
12/16/2024 18:45:49,22.75,28369.52,3.75,8,171,0,119,0,1692,0,FR1
12/16/2024 18:45:50,22.75,28370.14,3.75,8,171,0,119,0,1693,0,FR1
12/16/2024 18:45:53,22.75,28373.45,3.74,8,171,0,119,0,1694,2404,FR1
12/16/2024 18:46:36,22.75,28411.39,3.74,8,172,0,119,0,1694,0,FR1
12/16/2024 18:46:42,22.75,28417.44,3.73,8,172,0,119,0,1695,323,FR1
12/16/2024 18:48:42,23.00,28484.77,3.74,8,173,0,119,0,1695,0,FR1
12/16/2024 18:48:47,23.00,28490.21,3.75,8,173,0,119,0,1696,0,FR1
12/16/2024 18:48:49,23.00,28492.25,3.74,8,173,0,119,0,1697,0,FR1
12/16/2024 18:48:50,23.00,28493.22,3.75,8,173,0,119,0,1698,360,FR1
12/16/2024 18:48:57,23.00,28500.32,3.74,8,173,0,119,0,1699,248,FR1
12/16/2024 18:48:59,23.00,28501.79,3.74,8,173,0,119,0,1700,0,FR1
12/16/2024 18:49:00,23.00,28503.30,3.74,8,173,0,119,0,1701,897,FR1
12/16/2024 18:49:27,23.00,28529.48,3.74,8,173,0,119,0,1702,119,FR1
12/16/2024 18:49:28,23.00,28530.46,3.75,8,173,0,119,0,1703,362,FR1
12/16/2024 18:49:29,23.00,28531.67,3.75,8,173,0,119,0,1704,312,FR1
12/16/2024 18:49:32,23.00,28534.99,3.73,8,173,0,119,0,1705,431,FR1
12/16/2024 18:49:33,23.00,28535.99,3.74,8,173,0,119,0,1706,389,FR1
12/16/2024 18:49:34,23.00,28536.62,3.75,8,173,0,119,0,1707,0,FR1
12/16/2024 18:49:46,23.00,28549.20,3.74,8,173,0,119,0,1708,5462,FR1
12/16/2024 18:49:51,23.00,28554.27,3.75,8,173,0,119,0,1709,4167,FR1
12/16/2024 18:49:57,23.00,28560.00,3.75,8,173,0,119,0,1710,0,FR1
12/16/2024 18:52:56,23.00,28568.72,3.75,8,174,1,119,0,1710,0,FR1
12/16/2024 18:53:02,23.00,28574.17,3.75,8,174,0,119,0,1711,0,FR1
12/16/2024 18:53:12,23.00,28584.54,3.74,8,174,0,119,0,1712,140,FR1
12/16/2024 18:53:13,23.00,28585.16,3.74,8,174,0,119,0,1713,0,FR1
12/16/2024 18:53:15,23.00,28588.05,3.74,8,174,0,119,0,1714,1131,FR1
12/16/2024 18:53:19,23.00,28591.85,3.74,8,174,0,119,0,1715,2896,FR1
12/16/2024 18:53:26,23.00,28599.01,3.74,8,174,0,119,0,1716,328,FR1
12/16/2024 18:53:27,23.00,28599.91,3.75,8,174,0,119,0,1717,0,FR1
12/16/2024 18:53:30,23.00,28602.92,3.74,8,174,0,119,0,1718,1252,FR1
12/16/2024 18:53:35,23.00,28607.44,3.74,8,174,0,119,0,1719,2775,FR1
12/16/2024 18:55:16,23.00,28642.84,3.75,8,175,35,119,0,1719,0,FR1
12/16/2024 18:55:22,23.00,28648.29,3.74,8,175,0,119,0,1720,0,FR1
12/16/2024 18:55:23,23.00,28649.26,3.75,8,175,0,119,0,1721,352,FR1
12/16/2024 18:55:24,23.00,28651.20,3.74,8,175,0,119,0,1722,189,FR1
12/16/2024 18:55:26,23.00,28652.75,3.74,8,175,0,119,0,1723,80,FR1
12/16/2024 18:55:27,23.00,28653.37,3.74,8,175,0,119,0,1724,0,FR1
12/16/2024 18:55:28,23.00,28654.79,3.75,8,175,0,119,0,1725,806,FR1
12/16/2024 18:55:33,23.00,28659.55,3.74,8,175,0,119,0,1726,1305,FR1
12/16/2024 18:55:45,23.00,28671.39,3.74,8,175,0,119,0,1727,198,FR1
12/16/2024 18:55:46,23.00,28672.58,3.74,8,175,0,119,0,1728,0,FR1
12/16/2024 18:55:47,23.00,28673.31,3.74,8,175,0,119,0,1729,113,FR1
12/16/2024 18:55:49,23.00,28675.43,3.75,8,175,0,119,0,1730,84,FR1
12/16/2024 18:55:51,23.00,28677.49,3.75,8,175,0,119,0,1731,1159,FR1
12/16/2024 18:55:54,23.00,28680.60,3.74,8,175,0,119,0,1732,226,FR1
12/16/2024 18:55:56,23.00,28682.47,3.74,8,175,0,119,0,1733,968,FR1
12/16/2024 18:56:03,23.00,28690.13,3.74,8,175,0,119,0,1734,825,FR1
12/16/2024 18:56:04,23.00,28691.07,3.75,8,175,0,119,0,1735,27,FR1
12/16/2024 19:13:11,22.75,28760.44,3.74,8,176,0,119,0,1735,0,FR1
12/16/2024 19:20:50,22.75,28849.36,3.74,8,177,0,119,0,1735,0,FR1
12/16/2024 19:21:03,22.75,28862.41,3.74,8,177,0,119,0,1736,255,FR1
12/16/2024 19:21:05,22.75,28864.42,3.74,8,177,0,119,0,1737,256,FR1
12/16/2024 19:21:06,22.75,28865.38,3.74,8,177,0,119,0,1738,56,FR1
12/16/2024 19:21:07,22.75,28866.06,3.75,8,177,0,119,0,1739,53,FR1
12/16/2024 19:21:08,22.75,28866.99,3.74,8,177,0,119,0,1740,29,FR1
12/16/2024 19:21:09,22.75,28867.84,3.74,8,177,0,119,0,1741,228,FR1
12/16/2024 19:21:10,22.75,28868.87,3.75,8,177,0,119,0,1742,404,FR1
12/16/2024 19:21:11,22.75,28869.85,3.74,8,177,0,119,0,1743,79,FR1
12/16/2024 19:21:14,22.75,28873.43,3.74,8,177,0,119,0,1744,2393,FR1
12/16/2024 19:21:18,22.75,28877.44,3.74,8,177,0,119,0,1745,0,FR1
12/16/2024 19:21:19,22.75,28878.06,3.74,8,177,0,119,0,1746,0,FR1
12/16/2024 19:21:23,22.75,28881.97,3.74,8,177,0,119,0,1747,1599,FR1
12/16/2024 19:21:26,22.75,28884.94,3.75,8,177,0,119,0,1748,363,FR1
12/16/2024 19:21:26,22.75,28885.55,3.74,8,177,0,119,0,1749,0,FR1
12/16/2024 19:21:27,22.75,28886.18,3.75,8,177,0,119,0,1750,0,FR1
12/16/2024 19:21:28,22.75,28887.58,3.74,8,177,0,119,0,1751,783,FR1
12/16/2024 19:21:29,22.75,28888.48,3.74,8,177,0,119,0,1752,0,FR1
12/16/2024 19:21:33,22.75,28892.21,3.75,8,177,0,119,0,1753,1132,FR1
12/16/2024 19:21:34,22.75,28892.90,3.75,8,177,0,119,0,1754,69,FR1
12/16/2024 19:21:35,22.75,28894.07,3.74,8,177,0,119,0,1755,553,FR1
12/16/2024 19:23:22,23.00,28924.06,3.75,8,178,0,119,0,1755,0,FR1
12/16/2024 19:23:29,23.00,28930.45,3.74,8,178,0,119,0,1756,376,FR1
12/16/2024 19:23:30,23.00,28931.75,3.75,8,178,0,119,0,1757,395,FR1
12/16/2024 19:23:32,23.00,28933.50,3.74,8,178,0,119,0,1758,0,FR1
12/16/2024 19:23:34,23.00,28935.54,3.74,8,178,0,119,0,1759,8,FR1
12/16/2024 19:23:37,23.00,28938.37,3.74,8,178,0,119,0,1760,1084,FR1
12/16/2024 19:23:42,23.00,28944.27,3.74,8,178,0,119,0,1761,1882,FR1
12/16/2024 19:23:44,23.00,28945.90,3.74,8,178,0,119,0,1762,721,FR1
12/16/2024 19:23:45,23.00,28947.12,3.75,8,178,0,119,0,1763,29,FR1
12/16/2024 19:23:48,23.00,28950.24,3.74,8,178,0,119,0,1764,2504,FR1
12/16/2024 19:23:54,23.00,28955.95,3.74,8,178,0,119,0,1765,0,FR1
12/16/2024 19:23:57,23.00,28958.40,3.74,8,178,0,119,0,1766,979,FR1
12/16/2024 19:24:00,23.00,28961.72,3.74,8,178,0,119,0,1767,2139,FR1
12/16/2024 19:24:01,23.00,28963.30,3.74,8,178,0,119,0,1768,397,FR1
12/16/2024 19:24:04,23.00,28965.70,3.74,8,178,0,119,0,1769,1493,FR1
12/16/2024 19:24:05,23.00,28966.41,3.74,8,178,0,119,0,1770,85,FR1
12/16/2024 19:24:06,23.00,28967.87,3.74,8,178,0,119,0,1771,0,FR1
12/16/2024 19:24:08,23.00,28970.19,3.75,8,178,0,119,0,1772,0,FR1
12/16/2024 19:24:10,23.00,28971.67,3.74,8,178,0,119,0,1773,860,FR1
12/16/2024 19:24:14,23.00,28975.51,3.74,8,178,0,119,0,1774,112,FR1
12/16/2024 19:24:15,23.00,28977.33,3.74,8,178,0,119,0,1775,635,FR1
12/16/2024 19:24:17,23.00,28978.80,3.74,8,178,0,119,0,1776,0,FR1
12/16/2024 19:24:20,23.00,28981.50,3.75,8,178,0,119,0,1777,2078,FR1
12/16/2024 19:24:22,23.00,28983.55,3.74,8,178,0,119,0,1778,17,FR1
12/16/2024 19:24:23,23.00,28985.12,3.74,8,178,0,119,0,1779,386,FR1
12/16/2024 19:24:28,23.00,28989.67,3.74,8,178,0,119,0,1780,3083,FR1
12/16/2024 20:07:22,22.75,29115.33,3.74,8,178,0,120,0,1780,0,FR1
12/16/2024 20:08:16,22.75,29118.46,3.74,8,179,0,120,0,1780,0,FR1
12/16/2024 20:08:21,22.75,29124.40,3.74,8,179,0,120,0,1781,495,FR1
12/16/2024 20:08:27,22.75,29130.39,3.74,8,179,0,120,0,1782,0,FR1
12/16/2024 20:08:29,22.75,29131.56,3.74,8,179,0,120,0,1783,266,FR1
12/16/2024 20:08:31,22.75,29133.48,3.74,8,179,0,120,0,1784,449,FR1
12/16/2024 20:08:43,22.75,29145.79,3.74,8,179,0,120,0,1785,91,FR1
12/16/2024 20:08:46,22.75,29148.98,3.74,8,179,0,120,0,1786,589,FR1
12/16/2024 20:08:53,22.75,29155.47,3.74,8,179,0,120,0,1787,217,FR1
12/16/2024 20:08:56,22.75,29159.07,3.74,8,179,0,120,0,1788,2406,FR1
12/16/2024 20:08:57,22.75,29159.87,3.74,8,179,0,120,0,1789,176,FR1
12/16/2024 20:09:03,22.75,29166.14,3.74,8,179,0,120,0,1790,1692,FR1
12/16/2024 20:09:08,22.75,29170.64,3.74,8,179,0,120,0,1791,768,FR1
12/16/2024 20:09:10,22.75,29172.67,3.74,8,179,0,120,0,1792,0,FR1
12/16/2024 20:09:12,22.75,29174.90,3.74,8,179,0,120,0,1793,1611,FR1
12/16/2024 20:09:32,22.75,29189.39,3.74,8,180,0,120,0,1793,0,FR1
12/16/2024 20:09:38,22.75,29195.40,3.74,8,180,0,120,0,1794,0,FR1
12/16/2024 20:10:34,23.00,29251.42,3.74,8,180,0,120,0,1795,256,FR1
12/16/2024 20:10:48,23.00,29260.25,3.74,8,180,0,121,0,1795,0,FR1
12/16/2024 20:11:43,23.00,29263.39,3.74,8,180,0,122,0,1795,0,FR1
12/16/2024 20:12:00,23.00,29264.57,3.74,8,181,0,122,0,1795,0,FR1
12/16/2024 20:12:06,23.00,29270.30,3.74,8,181,0,122,0,1796,289,FR1
12/16/2024 20:12:09,23.00,29273.66,3.74,8,181,0,122,0,1797,1325,FR1
12/16/2024 20:12:12,23.00,29276.77,3.74,8,181,0,122,0,1798,227,FR1
12/16/2024 20:12:16,23.00,29280.77,3.74,8,181,0,122,0,1799,3378,FR1
12/16/2024 20:12:21,23.00,29285.34,3.74,8,181,0,122,0,1800,0,FR1
12/16/2024 20:12:22,23.00,29286.87,3.74,8,181,0,122,0,1801,59,FR1
12/16/2024 20:12:26,23.00,29290.76,3.74,8,181,0,122,0,1802,2700,FR1
12/16/2024 20:12:30,23.00,29294.27,3.74,8,181,0,122,0,1803,2322,FR1
12/16/2024 20:12:33,23.00,29297.15,3.74,8,181,0,122,0,1804,0,FR1
12/16/2024 20:12:43,23.00,29307.77,3.74,8,181,0,122,0,1805,384,FR1
12/16/2024 20:12:44,23.00,29308.39,3.74,8,181,0,122,0,1806,0,FR1
12/16/2024 20:12:45,23.00,29309.34,3.74,8,181,0,122,0,1807,334,FR1
12/16/2024 20:12:49,23.00,29313.35,3.74,8,181,0,122,0,1808,0,FR1
12/16/2024 20:12:50,23.00,29314.83,3.74,8,181,0,122,0,1809,0,FR1
12/16/2024 20:12:52,23.00,29316.39,3.74,8,181,0,122,0,1810,376,FR1
12/16/2024 20:12:52,23.00,29317.06,3.74,8,181,0,122,0,1811,46,FR1
12/16/2024 20:12:55,23.00,29319.24,3.74,8,181,0,122,0,1812,1565,FR1
12/16/2024 20:12:55,23.00,29319.87,3.74,8,181,0,122,0,1813,0,FR1
12/16/2024 20:12:56,23.00,29320.68,3.74,8,181,0,122,0,1814,198,FR1
12/16/2024 20:12:59,23.00,29323.20,3.74,8,181,0,122,0,1815,1614,FR1
12/16/2024 20:13:01,23.00,29325.12,3.74,8,181,0,122,0,1816,172,FR1
12/16/2024 20:13:02,23.00,29326.16,3.74,8,181,0,122,0,1817,132,FR1
12/16/2024 20:13:03,23.00,29327.37,3.74,8,181,0,122,0,1818,586,FR1
12/16/2024 20:13:03,23.00,29327.99,3.74,8,181,0,122,0,1819,0,FR1
12/16/2024 20:13:11,23.00,29335.13,3.74,8,181,0,122,0,1820,0,FR1
12/16/2024 20:13:16,23.00,29335.75,3.74,8,182,0,122,0,1820,0,FR1
12/16/2024 20:13:52,23.00,29371.50,3.74,8,182,0,122,0,1821,51,FR1
12/16/2024 20:13:53,23.00,29372.12,3.74,8,182,0,122,0,1822,0,FR1
12/16/2024 20:13:54,23.00,29373.50,3.74,8,182,0,122,0,1823,479,FR1
12/16/2024 20:13:56,23.00,29375.52,3.74,8,182,0,122,0,1824,541,FR1
12/16/2024 20:14:00,23.00,29379.96,3.74,8,182,0,122,0,1825,3824,FR1
12/16/2024 20:14:02,23.00,29381.15,3.74,8,182,0,122,0,1826,0,FR1
12/16/2024 20:14:03,23.00,29382.62,3.74,8,182,0,122,0,1827,0,FR1
12/16/2024 20:14:08,23.00,29387.83,3.74,8,182,0,122,0,1828,73,FR1
12/16/2024 20:14:14,23.00,29393.13,3.74,8,182,0,122,0,1829,2135,FR1
12/16/2024 20:14:15,23.00,29394.13,3.74,8,182,0,122,0,1830,95,FR1
12/16/2024 20:18:15,23.00,29417.27,3.74,8,183,0,122,0,1830,0,FR1
12/16/2024 20:18:20,23.00,29422.71,3.74,8,183,0,122,0,1831,0,FR1
12/16/2024 20:18:21,23.00,29423.33,3.74,8,183,0,122,0,1832,0,FR1
12/16/2024 20:18:23,23.00,29425.17,3.74,8,183,0,122,0,1833,933,FR1
12/16/2024 20:18:26,23.00,29428.66,3.74,8,183,0,122,0,1834,43,FR1
12/16/2024 20:18:28,23.00,29430.09,3.74,8,183,0,122,0,1835,252,FR1
12/16/2024 20:18:31,23.00,29433.18,3.74,8,183,0,122,0,1836,1324,FR1
12/16/2024 20:18:31,23.00,29433.95,3.74,8,183,0,122,0,1837,151,FR1
12/16/2024 20:18:32,23.00,29434.82,3.74,8,183,0,122,0,1838,250,FR1
12/16/2024 20:18:33,23.00,29435.77,3.74,8,183,0,122,0,1839,45,FR1
12/16/2024 20:18:36,23.00,29438.09,3.74,8,183,0,122,0,1840,0,FR1
12/16/2024 20:18:37,23.00,29439.79,3.74,8,183,0,122,0,1841,519,FR1
12/16/2024 20:18:41,23.00,29443.18,3.74,8,183,0,122,0,1842,1640,FR1
12/16/2024 20:18:42,23.00,29444.65,3.74,8,183,0,122,0,1843,0,FR1
12/16/2024 20:18:44,23.00,29446.40,3.74,8,183,0,122,0,1844,0,FR1
12/16/2024 20:18:45,23.00,29447.10,3.74,8,183,0,122,0,1845,72,FR1
12/16/2024 20:18:49,23.00,29451.42,3.74,8,183,0,122,0,1846,2009,FR1
12/16/2024 20:18:51,23.00,29453.43,3.74,8,183,0,122,0,1847,817,FR1
12/16/2024 20:18:52,23.00,29454.34,3.74,8,183,0,122,0,1848,12,FR1
12/16/2024 20:18:53,23.00,29455.81,3.74,8,183,0,122,0,1849,0,FR1
12/16/2024 20:18:57,23.00,29459.03,3.74,8,183,0,122,0,1850,622,FR1
12/16/2024 20:18:58,23.00,29460.10,3.74,8,183,0,122,0,1851,452,FR1
12/16/2024 20:18:59,23.00,29461.19,3.74,8,183,0,122,0,1852,185,FR1
12/16/2024 20:19:00,23.00,29462.22,3.74,8,183,0,122,0,1853,118,FR1
12/16/2024 20:19:04,23.00,29466.29,3.74,8,183,0,122,0,1854,63,FR1
12/16/2024 20:19:05,23.00,29467.19,3.74,8,183,0,122,0,1855,0,FR1
12/16/2024 20:19:05,23.00,29467.95,3.74,8,183,0,122,0,1856,140,FR1
12/16/2024 20:19:06,23.00,29468.68,3.74,8,183,0,122,0,1857,103,FR1
12/16/2024 20:19:07,23.00,29469.76,3.74,8,183,0,122,0,1858,178,FR1
12/16/2024 20:19:08,23.00,29470.38,3.75,8,183,0,122,0,1859,0,FR1
12/16/2024 20:19:09,23.00,29471.36,3.74,8,183,0,122,0,1860,364,FR1
12/16/2024 20:19:10,23.00,29472.29,3.74,8,183,0,122,0,1861,309,FR1
12/16/2024 20:19:10,23.00,29472.91,3.74,8,183,0,122,0,1862,0,FR1
12/16/2024 20:19:11,23.00,29473.67,3.74,8,183,0,122,0,1863,124,FR1
12/16/2024 20:19:13,23.00,29475.55,3.74,8,183,0,122,0,1864,419,FR1
12/16/2024 20:19:14,23.00,29476.83,3.74,8,183,0,122,0,1865,96,FR1
12/16/2024 20:25:19,23.00,29504.43,3.74,8,184,3,122,0,1865,0,FR1
12/16/2024 20:25:25,23.00,29510.19,3.74,8,184,0,122,0,1866,311,FR1
12/16/2024 20:25:42,23.00,29527.50,3.74,8,184,0,122,0,1867,283,FR1
12/16/2024 20:25:44,23.00,29528.83,3.74,8,184,0,122,0,1868,151,FR1
12/16/2024 20:25:46,23.00,29531.55,3.74,8,184,0,122,0,1869,969,FR1
12/16/2024 20:25:48,23.00,29533.36,3.74,8,184,0,122,0,1870,335,FR1
12/16/2024 20:25:53,23.00,29538.34,3.74,8,184,0,122,0,1871,2662,FR1
12/16/2024 20:25:54,23.00,29539.71,3.74,8,184,0,122,0,1872,468,FR1
12/16/2024 20:25:56,23.00,29540.94,3.74,8,184,0,122,0,1873,46,FR1
12/16/2024 20:25:56,23.00,29541.57,3.74,8,184,0,122,0,1874,12,FR1
12/16/2024 20:26:03,23.00,29547.91,3.74,8,184,0,122,0,1875,3738,FR1
12/16/2024 20:26:04,23.00,29549.21,3.74,8,184,0,122,0,1876,394,FR1
12/16/2024 20:26:06,23.00,29551.05,3.74,8,184,0,122,0,1877,652,FR1
12/16/2024 20:26:09,23.00,29554.28,3.74,8,184,0,122,0,1878,67,FR1
12/16/2024 20:26:10,23.00,29555.27,3.74,8,184,0,122,0,1879,86,FR1
12/16/2024 20:26:12,23.00,29557.23,3.74,8,184,0,122,0,1880,1059,FR1
12/16/2024 20:26:13,23.00,29558.42,3.74,8,184,0,122,0,1881,0,FR1
12/16/2024 20:26:15,23.00,29559.88,3.74,8,184,0,122,0,1882,846,FR1
12/16/2024 20:26:20,23.00,29565.47,3.74,8,184,0,122,0,1883,2134,FR1
12/16/2024 20:26:21,23.00,29566.37,3.74,8,184,0,122,0,1884,0,FR1
12/16/2024 20:26:24,23.00,29569.04,3.74,8,184,0,122,0,1885,1770,FR1
12/16/2024 20:26:25,23.00,29570.05,3.74,8,184,0,122,0,1886,385,FR1
12/16/2024 20:26:31,23.00,29575.78,3.74,8,184,0,122,0,1887,0,FR1
12/16/2024 20:44:07,22.75,29625.68,3.74,8,185,366,122,0,1887,0,FR1
12/16/2024 20:47:40,23.00,29703.20,3.74,8,185,0,123,18,1887,0,FR1
12/16/2024 20:47:53,23.00,29704.39,3.74,8,185,0,124,9,1887,0,FR1
12/16/2024 20:50:06,23.00,29711.16,3.74,8,185,0,125,0,1887,0,FR1
12/16/2024 20:50:33,23.00,29712.89,3.74,8,185,0,126,0,1887,0,FR1
12/16/2024 21:08:03,22.75,29762.15,3.74,8,185,0,127,0,1887,0,FR1
12/16/2024 21:11:18,22.75,29771.72,3.74,8,186,0,127,0,1887,0,FR1
12/16/2024 21:11:24,22.75,29777.78,3.73,8,186,0,127,0,1888,334,FR1
12/16/2024 21:11:26,22.75,29779.22,3.74,8,186,0,127,0,1889,818,FR1
12/16/2024 21:11:27,22.75,29780.26,3.74,8,186,0,127,0,1890,144,FR1
12/16/2024 21:11:30,22.75,29783.61,3.74,8,186,0,127,0,1891,1308,FR1
12/16/2024 21:12:04,22.75,29817.62,3.74,8,186,0,127,0,1892,37,FR1
12/16/2024 21:12:06,22.75,29819.20,3.74,8,186,0,127,0,1893,959,FR1
12/16/2024 21:12:07,22.75,29820.64,3.74,8,186,0,127,0,1894,535,FR1
12/16/2024 21:12:08,22.75,29821.67,3.74,8,186,0,127,0,1895,410,FR1
12/16/2024 21:12:18,22.75,29831.37,3.74,8,186,0,127,0,1896,1455,FR1
12/16/2024 21:18:18,22.75,29859.05,3.74,8,187,84,127,0,1896,0,FR1
12/16/2024 21:18:28,22.75,29869.28,3.74,8,187,0,127,0,1897,257,FR1
12/16/2024 21:18:30,22.75,29871.83,3.74,8,187,0,127,0,1898,518,FR1
12/16/2024 21:18:34,22.75,29875.59,3.74,8,187,0,127,0,1899,877,FR1
12/16/2024 21:18:35,22.75,29876.21,3.74,8,187,0,127,0,1900,0,FR1
12/16/2024 21:19:04,22.75,29905.67,3.74,8,187,0,127,0,1901,0,FR1
12/16/2024 21:19:05,22.75,29906.29,3.74,8,187,0,127,0,1902,0,FR1
12/16/2024 21:19:07,22.75,29908.37,3.74,8,187,0,127,0,1903,46,FR1
12/16/2024 21:19:49,22.75,29930.76,3.74,8,188,0,127,0,1903,0,FR1
12/16/2024 21:20:02,22.75,29943.87,3.74,8,188,0,127,0,1904,37,FR1
12/16/2024 21:20:05,22.75,29946.76,3.74,8,188,0,127,0,1905,0,FR1
12/16/2024 21:20:06,22.75,29948.14,3.74,8,188,0,127,0,1906,762,FR1
12/16/2024 21:20:09,22.75,29951.03,3.74,8,188,0,127,0,1907,0,FR1
12/16/2024 21:20:11,22.75,29952.36,3.74,8,188,0,127,0,1908,711,FR1
12/16/2024 21:20:12,22.75,29954.11,3.74,8,188,0,127,0,1909,0,FR1
12/16/2024 21:20:13,22.75,29955.29,3.74,8,188,0,127,0,1910,0,FR1
12/16/2024 21:20:15,22.75,29957.05,3.74,8,188,0,127,0,1911,1135,FR1
12/16/2024 21:20:19,22.75,29960.62,3.74,8,188,0,127,0,1912,121,FR1
12/16/2024 21:20:21,22.75,29962.37,3.74,8,188,0,127,0,1913,0,FR1
12/16/2024 21:20:21,22.75,29962.99,3.74,8,188,0,127,0,1914,0,FR1
12/16/2024 21:20:23,22.75,29965.22,3.74,8,188,0,127,0,1915,473,FR1
12/16/2024 21:20:24,22.75,29965.84,3.74,8,188,0,127,0,1916,0,FR1
12/16/2024 21:20:25,22.75,29966.46,3.74,8,188,0,127,0,1917,0,FR1
12/16/2024 21:20:26,22.75,29967.63,3.74,8,188,0,127,0,1918,549,FR1
12/16/2024 21:20:27,22.75,29968.91,3.74,8,188,0,127,0,1919,378,FR1
12/16/2024 22:47:34,22.75,30243.59,3.74,8,188,0,128,0,1919,0,FR1
12/16/2024 23:11:37,22.75,30311.30,3.73,8,189,0,128,0,1919,0,FR1
12/16/2024 23:11:45,22.75,30318.98,3.74,8,189,0,128,0,1920,2238,FR1
12/16/2024 23:11:46,22.75,30320.25,3.74,8,189,0,128,0,1921,85,FR1
12/16/2024 23:11:54,22.75,30328.36,3.74,8,189,0,128,0,1922,705,FR1
12/16/2024 23:11:55,22.75,30328.98,3.74,8,189,0,128,0,1923,0,FR1
12/16/2024 23:11:59,22.75,30333.04,3.74,8,189,0,128,0,1924,3153,FR1
12/16/2024 23:14:11,22.75,30385.94,3.74,8,189,0,129,0,1924,0,FR1
12/16/2024 23:14:23,22.75,30387.12,3.74,8,189,0,130,0,1924,0,FR1
12/16/2024 23:14:24,22.75,30387.74,3.74,8,189,0,131,0,1924,0,FR1
12/16/2024 23:18:50,22.75,30400.65,3.74,8,190,0,131,0,1924,0,FR1
12/16/2024 23:18:55,22.75,30406.10,3.74,8,190,0,131,0,1925,0,FR1
12/16/2024 23:18:56,22.75,30406.72,3.74,8,190,0,131,0,1926,0,FR1
12/16/2024 23:18:57,22.75,30407.46,3.74,8,190,0,131,0,1927,125,FR1
12/16/2024 23:18:58,22.75,30408.18,3.73,8,190,0,131,0,1928,82,FR1
12/16/2024 23:19:01,22.75,30411.90,3.74,8,190,0,131,0,1929,1974,FR1
12/16/2024 23:19:05,22.75,30415.86,3.73,8,190,0,131,0,1930,1928,FR1
12/16/2024 23:19:07,22.75,30417.72,3.74,8,190,0,131,0,1931,958,FR1
12/16/2024 23:19:08,22.75,30418.62,3.74,8,190,0,131,0,1932,0,FR1
12/16/2024 23:19:30,22.75,30440.45,3.74,8,190,0,131,0,1933,0,FR1
12/16/2024 23:19:32,22.75,30442.20,3.74,8,190,0,131,0,1934,0,FR1
12/16/2024 23:19:33,22.75,30443.89,3.74,8,190,0,131,0,1935,783,FR1
12/16/2024 23:19:37,22.75,30447.62,3.73,8,190,0,131,0,1936,0,FR1
12/16/2024 23:19:38,22.75,30448.37,3.74,8,190,0,131,0,1937,132,FR1
12/16/2024 23:19:40,22.75,30450.28,3.74,8,190,0,131,0,1938,1282,FR1
12/16/2024 23:19:41,22.75,30451.48,3.74,8,190,0,131,0,1939,21,FR1
12/16/2024 23:19:42,22.75,30452.17,3.74,8,190,0,131,0,1940,70,FR1
12/16/2024 23:19:43,22.75,30454.07,3.74,8,190,0,131,0,1941,991,FR1
12/16/2024 23:19:45,22.75,30455.73,3.73,8,190,0,131,0,1942,760,FR1
12/16/2024 23:19:48,22.75,30458.89,3.73,8,190,0,131,0,1943,0,FR1
12/16/2024 23:19:51,22.75,30462.15,3.74,8,190,0,131,0,1944,1789,FR1
12/16/2024 23:19:53,22.75,30463.62,3.74,8,190,0,131,0,1945,0,FR1
12/16/2024 23:19:55,22.75,30465.96,3.74,8,190,0,131,0,1946,589,FR1
12/16/2024 23:36:53,22.75,30518.93,3.73,8,191,0,131,0,1946,0,FR1
12/16/2024 23:37:52,22.75,30577.37,3.74,8,191,0,131,0,1947,691,FR1
12/16/2024 23:37:53,22.75,30578.84,3.73,8,191,0,131,0,1948,5,FR1
12/16/2024 23:37:56,22.75,30581.58,3.74,8,191,0,131,0,1949,427,FR1
12/16/2024 23:37:56,22.75,30582.24,3.74,8,191,0,131,0,1950,37,FR1
12/16/2024 23:38:24,22.75,30590.78,3.74,8,192,0,131,0,1950,0,FR1
12/16/2024 23:38:29,22.75,30596.23,3.73,8,192,0,131,0,1951,0,FR1
12/16/2024 23:38:30,22.75,30596.90,3.74,8,192,0,131,0,1952,46,FR1
12/16/2024 23:38:31,22.75,30597.86,3.74,8,192,0,131,0,1953,338,FR1
12/16/2024 23:38:31,22.75,30598.48,3.74,8,192,0,131,0,1954,3,FR1
12/16/2024 23:38:34,22.75,30601.27,3.74,8,192,0,131,0,1955,188,FR1
12/16/2024 23:38:35,22.75,30602.38,3.74,8,192,0,131,0,1956,201,FR1
12/16/2024 23:38:37,22.75,30604.32,3.73,8,192,0,131,0,1957,758,FR1
12/16/2024 23:38:38,22.75,30604.94,3.73,8,192,0,131,0,1958,0,FR1
12/16/2024 23:38:39,22.75,30606.26,3.73,8,192,0,131,0,1959,129,FR1
12/16/2024 23:38:40,22.75,30607.58,3.74,8,192,0,131,0,1960,137,FR1
12/16/2024 23:38:41,22.75,30608.55,3.73,8,192,0,131,0,1961,352,FR1
12/16/2024 23:38:43,22.75,30609.77,3.73,8,192,0,131,0,1962,28,FR1
12/16/2024 23:38:45,22.75,30611.66,3.73,8,192,0,131,0,1963,145,FR1
12/16/2024 23:38:46,22.75,30612.94,3.74,8,192,0,131,0,1964,652,FR1
12/16/2024 23:38:49,22.75,30616.51,3.74,8,192,0,131,0,1965,2958,FR1
12/16/2024 23:38:51,22.75,30617.81,3.73,8,192,0,131,0,1966,112,FR1
12/16/2024 23:38:52,22.75,30618.72,3.73,8,192,0,131,0,1967,4,FR1
12/16/2024 23:38:55,22.75,30622.17,3.74,8,192,0,131,0,1968,2827,FR1
12/16/2024 23:38:56,22.75,30623.35,3.74,8,192,0,131,0,1969,0,FR1
12/16/2024 23:39:06,22.75,30633.08,3.73,8,192,0,131,0,1970,62,FR1
12/16/2024 23:39:08,22.75,30635.23,3.74,8,192,0,131,0,1971,113,FR1
12/16/2024 23:39:09,22.75,30636.42,3.74,8,192,0,131,0,1972,0,FR1
12/16/2024 23:39:10,22.75,30637.04,3.74,8,192,0,131,0,1973,0,FR1
12/16/2024 23:39:17,22.75,30643.98,3.73,8,192,0,131,0,1974,2927,FR1
12/16/2024 23:39:20,22.75,30647.38,3.74,8,192,0,131,0,1975,2781,FR1
12/16/2024 23:39:23,22.75,30650.44,3.74,8,192,0,131,0,1976,2158,FR1
12/16/2024 23:39:24,22.75,30651.42,3.74,8,192,0,131,0,1977,361,FR1
12/16/2024 23:39:29,22.75,30656.41,3.74,8,192,0,131,0,1978,1826,FR1
12/16/2024 23:39:35,22.75,30662.14,3.74,8,192,0,131,0,1979,0,FR1
12/16/2024 23:39:44,22.75,30663.05,3.74,8,193,0,131,0,1979,0,FR1
12/16/2024 23:39:49,22.75,30668.49,3.74,8,193,0,131,0,1980,1,FR1
12/16/2024 23:39:50,22.75,30669.40,3.73,8,193,0,131,0,1981,0,FR1
12/16/2024 23:39:51,22.75,30670.14,3.74,8,193,0,131,0,1982,122,FR1
12/16/2024 23:39:56,22.75,30675.10,3.74,8,193,0,131,0,1983,4341,FR1
12/16/2024 23:39:59,22.75,30677.86,3.74,8,193,0,131,0,1984,1006,FR1
12/16/2024 23:39:59,22.75,30678.48,3.73,8,193,0,131,0,1985,0,FR1
12/16/2024 23:40:04,22.75,30683.39,3.73,8,193,0,131,0,1986,47,FR1
12/16/2024 23:40:05,22.75,30684.01,3.73,8,193,0,131,0,1987,0,FR1
12/16/2024 23:40:09,22.75,30688.11,3.74,8,193,0,131,0,1988,2348,FR1
12/16/2024 23:40:20,23.00,30699.56,3.74,8,193,0,131,0,1989,86,FR1
12/16/2024 23:40:21,23.00,30700.18,3.73,8,193,0,131,0,1990,0,FR1
12/16/2024 23:40:23,23.00,30702.10,3.73,8,193,0,131,0,1991,449,FR1
12/16/2024 23:40:23,23.00,30702.72,3.73,8,193,0,131,0,1992,0,FR1
12/16/2024 23:40:24,23.00,30703.34,3.73,8,193,0,131,0,1993,0,FR1
12/16/2024 23:40:28,23.00,30707.20,3.73,8,193,0,131,0,1994,2958,FR1
12/16/2024 23:40:29,23.00,30708.37,3.74,8,193,0,131,0,1995,269,FR1
12/16/2024 23:40:30,23.00,30708.99,3.74,8,193,0,131,0,1996,0,FR1
12/16/2024 23:40:31,23.00,30710.61,3.74,8,193,0,131,0,1997,149,FR1
12/16/2024 23:40:33,23.00,30712.37,3.74,8,193,0,131,0,1998,859,FR1
12/16/2024 23:40:43,23.00,30722.28,3.74,8,193,0,131,0,1999,3067,FR1
12/16/2024 23:40:44,23.00,30723.50,3.74,8,193,0,131,0,2000,36,FR1
12/16/2024 23:40:46,23.00,30725.52,3.74,8,193,0,131,0,2001,825,FR1
12/16/2024 23:44:47,23.00,30744.69,3.73,8,193,0,132,0,2001,0,FR1
12/17/2024 0:08:44,22.75,30812.12,3.73,8,193,0,133,0,2001,0,FR1
12/17/2024 0:24:55,22.75,30857.75,3.74,8,193,0,134,0,2001,0,FR1
12/17/2024 0:25:49,22.75,30860.68,3.73,8,193,0,135,81,2001,0,FR1
12/17/2024 0:25:50,22.75,30861.37,3.74,8,193,0,136,43,2001,0,FR1
12/17/2024 0:25:51,22.75,30862.29,3.73,8,193,0,137,301,2001,0,FR1
12/17/2024 0:25:53,22.75,30863.06,3.74,8,193,0,138,151,2001,0,FR1
12/17/2024 0:25:54,22.75,30863.68,3.74,8,193,0,139,0,2001,0,FR1
12/17/2024 0:25:55,22.75,30864.29,3.74,8,193,0,140,0,2001,0,FR1
12/17/2024 0:25:58,22.75,30865.14,3.74,8,193,0,141,226,2001,0,FR1
12/17/2024 0:25:59,22.75,30865.75,3.74,8,193,0,142,0,2001,0,FR1
12/17/2024 0:26:00,22.75,30866.37,3.74,8,193,0,143,0,2001,0,FR1
12/17/2024 0:26:09,22.75,30867.27,3.74,8,193,0,144,0,2001,0,FR1
12/17/2024 0:26:12,22.75,30867.88,3.74,8,193,0,145,0,2001,0,FR1
12/17/2024 0:32:13,22.75,30885.27,3.74,8,194,0,145,0,2001,0,FR1
12/17/2024 0:32:20,22.75,30891.81,3.74,8,194,0,145,0,2002,519,FR1
12/17/2024 0:32:29,22.75,30900.63,3.73,8,194,0,145,0,2003,0,FR1
12/17/2024 0:32:30,22.75,30901.80,3.73,8,194,0,145,0,2004,265,FR1
12/17/2024 0:32:31,22.75,30902.92,3.74,8,194,0,145,0,2005,221,FR1
12/17/2024 0:32:32,22.75,30904.20,3.73,8,194,0,145,0,2006,378,FR1
12/17/2024 0:32:33,22.75,30904.97,3.73,8,194,0,145,0,2007,146,FR1
12/17/2024 0:32:36,22.75,30907.80,3.73,8,194,0,145,0,2008,231,FR1
12/17/2024 0:32:37,22.75,30908.64,3.74,8,194,0,145,0,2009,221,FR1
12/17/2024 0:32:39,22.75,30910.81,3.73,8,194,0,145,0,2010,127,FR1
12/17/2024 0:32:41,22.75,30912.96,3.73,8,194,0,145,0,2011,124,FR1
12/17/2024 0:32:48,22.75,30920.10,3.73,8,194,0,145,0,2012,1993,FR1
12/17/2024 0:32:49,22.75,30921.06,3.74,8,194,0,145,0,2013,62,FR1
12/17/2024 0:32:55,22.75,30926.92,3.73,8,194,0,145,0,2014,991,FR1
12/17/2024 0:32:56,22.75,30927.54,3.73,8,194,0,145,0,2015,0,FR1
12/17/2024 0:32:57,22.75,30929.02,3.74,8,194,0,145,0,2016,8,FR1
12/17/2024 2:52:48,22.75,31345.93,3.73,8,195,0,145,0,2016,0,FR1
12/17/2024 2:52:54,22.75,31351.38,3.73,8,195,0,145,0,2017,0,FR1
12/17/2024 2:52:55,22.75,31352.29,3.73,8,195,0,145,0,2018,1,FR1
12/17/2024 2:52:55,22.75,31352.90,3.73,8,195,0,145,0,2019,0,FR1
12/17/2024 2:52:58,22.75,31355.51,3.73,8,195,0,145,0,2020,0,FR1
12/17/2024 2:53:04,22.75,31361.19,3.73,8,195,0,145,0,2021,823,FR1
12/17/2024 2:53:32,22.75,31389.62,3.73,8,195,0,145,0,2022,94,FR1
12/17/2024 2:53:39,22.75,31396.85,3.73,8,195,0,145,0,2023,4626,FR1
12/17/2024 2:53:41,22.75,31398.35,3.73,8,195,0,145,0,2024,28,FR1
12/17/2024 2:53:42,22.75,31399.51,3.73,8,195,0,145,0,2025,260,FR1
12/17/2024 2:53:43,22.75,31400.69,3.73,8,195,0,145,0,2026,276,FR1
12/17/2024 2:53:45,22.75,31402.66,3.74,8,195,0,145,0,2027,501,FR1
12/17/2024 2:53:46,22.75,31403.71,3.73,8,195,0,145,0,2028,145,FR1
12/17/2024 2:53:50,22.75,31407.17,3.74,8,195,0,145,0,2029,1989,FR1
12/17/2024 2:53:51,22.75,31408.99,3.73,8,195,0,145,0,2030,68,FR1
12/17/2024 2:53:54,22.75,31411.87,3.73,8,195,0,145,0,2031,1416,FR1
12/17/2024 2:54:06,22.75,31417.88,3.73,8,196,0,145,0,2031,0,FR1
12/17/2024 2:54:16,22.75,31428.17,3.73,8,196,0,145,0,2032,1163,FR1
12/17/2024 3:19:20,22.75,31555.85,3.73,8,197,0,145,0,2032,0,FR1
12/17/2024 3:19:36,22.75,31572.38,3.73,8,197,0,145,0,2033,338,FR1
12/17/2024 3:20:19,22.75,31615.10,3.73,8,197,0,145,0,2034,247,FR1
12/17/2024 3:20:22,22.75,31618.34,3.73,8,197,0,145,0,2035,74,FR1
12/17/2024 3:20:24,22.75,31620.27,3.73,8,197,0,145,0,2036,1307,FR1
12/17/2024 3:20:25,22.75,31620.89,3.73,8,197,0,145,0,2037,0,FR1
12/17/2024 3:20:31,22.75,31626.62,3.74,8,197,0,145,0,2038,0,FR1
12/17/2024 3:24:07,22.75,31637.30,3.73,8,198,0,145,0,2038,0,FR1
12/17/2024 3:24:14,22.75,31643.61,3.73,8,198,0,145,0,2039,17,FR1
12/17/2024 3:24:28,22.75,31657.90,3.73,8,198,0,145,0,2040,88,FR1
12/17/2024 3:24:30,22.75,31659.67,3.73,8,198,0,145,0,2041,860,FR1
12/17/2024 3:24:33,22.75,31663.54,3.73,8,198,0,145,0,2042,148,FR1
12/17/2024 3:24:35,22.75,31664.89,3.73,8,198,0,145,0,2043,726,FR1
12/17/2024 3:24:36,22.75,31665.63,3.73,8,198,0,145,0,2044,112,FR1
12/17/2024 3:24:40,22.75,31670.55,3.73,8,198,0,145,0,2045,4306,FR1
12/17/2024 3:24:50,22.75,31680.50,3.73,8,198,0,145,0,2046,0,FR1
12/17/2024 3:24:51,22.75,31681.57,3.73,8,198,0,145,0,2047,162,FR1
12/17/2024 3:24:56,22.75,31686.21,3.73,8,198,0,145,0,2048,912,FR1
12/17/2024 3:24:59,22.75,31688.64,3.73,8,198,0,145,0,2049,957,FR1
12/17/2024 3:25:00,22.75,31690.16,3.73,8,198,0,145,0,2050,51,FR1
12/17/2024 3:25:02,22.75,31691.69,3.73,8,198,0,145,0,2051,628,FR1
12/17/2024 3:25:14,22.75,31703.80,3.74,8,198,0,145,0,2052,2164,FR1
12/17/2024 3:25:25,23.00,31709.81,3.73,8,199,0,145,0,2052,0,FR1
12/17/2024 3:25:47,23.00,31732.18,3.73,8,199,0,145,0,2053,236,FR1
12/17/2024 3:25:51,23.00,31735.97,3.73,8,199,0,145,0,2054,2604,FR1
12/17/2024 3:25:55,23.00,31739.99,3.73,8,199,0,145,0,2055,0,FR1
12/17/2024 3:25:59,23.00,31744.35,3.73,8,199,0,145,0,2056,1760,FR1
12/17/2024 3:26:13,23.00,31758.22,3.73,8,199,0,145,0,2057,11276,FR1
12/17/2024 3:26:19,23.00,31763.72,3.73,8,199,0,145,0,2058,629,FR1
12/17/2024 3:26:20,23.00,31764.50,3.73,8,199,0,145,0,2059,157,FR1
12/17/2024 3:27:53,23.00,31784.04,3.73,8,199,0,146,0,2059,0,FR1
12/17/2024 3:27:54,23.00,31784.66,3.73,8,199,0,147,0,2059,0,FR1
12/17/2024 3:27:54,23.00,31785.35,3.73,8,199,0,148,76,2059,0,FR1
12/17/2024 3:27:55,23.00,31785.97,3.73,8,199,0,149,0,2059,0,FR1
12/17/2024 3:27:57,23.00,31786.59,3.73,8,199,0,150,0,2059,0,FR1
12/17/2024 3:27:58,23.00,31787.20,3.73,8,199,0,151,0,2059,0,FR1
12/17/2024 3:32:36,23.00,31800.68,3.73,8,199,0,152,0,2059,0,FR1
12/17/2024 3:32:37,23.00,31801.31,3.73,8,199,0,153,0,2059,0,FR1
12/17/2024 3:32:39,23.00,31801.93,3.73,8,199,0,154,0,2059,0,FR1
12/17/2024 3:32:40,23.00,31802.54,3.73,8,199,0,155,0,2059,0,FR1
12/17/2024 3:34:49,23.00,31809.03,3.73,8,199,0,156,0,2059,0,FR1
12/17/2024 3:34:49,23.00,31809.65,3.73,8,199,0,157,0,2059,0,FR1
12/17/2024 3:34:50,23.00,31810.27,3.73,8,199,0,158,0,2059,0,FR1
12/17/2024 3:34:51,23.00,31810.88,3.73,8,199,0,159,0,2059,0,FR1
12/17/2024 3:34:52,23.00,31811.50,3.73,8,199,0,160,0,2059,0,FR1
12/17/2024 3:34:53,23.00,31812.12,3.73,8,199,0,161,0,2059,0,FR1
12/17/2024 3:34:56,23.00,31813.04,3.73,8,199,0,162,301,2059,0,FR1
12/17/2024 3:34:57,23.00,31813.66,3.73,8,199,0,163,0,2059,0,FR1
12/17/2024 3:34:58,22.75,31814.28,3.73,8,199,0,164,0,2059,0,FR1
12/17/2024 3:34:59,22.75,31814.92,3.73,8,199,0,165,26,2059,0,FR1
12/17/2024 5:18:05,22.75,32103.54,3.73,8,200,67,165,0,2059,0,FR1
12/17/2024 5:18:12,22.75,32110.28,3.73,8,200,0,165,0,2060,159,FR1
12/17/2024 5:18:14,22.75,32112.94,3.73,8,200,0,165,0,2061,58,FR1
12/17/2024 5:19:32,22.75,32174.94,3.73,8,201,0,165,0,2061,0,FR1
12/17/2024 5:19:48,22.75,32190.98,3.73,8,201,0,165,0,2062,132,FR1
12/17/2024 5:19:55,22.75,32198.26,3.73,8,201,0,165,0,2063,148,FR1
12/17/2024 5:20:00,22.75,32202.91,3.73,8,201,0,165,0,2064,920,FR1
12/17/2024 5:20:01,22.75,32203.96,3.73,8,201,0,165,0,2065,139,FR1
12/17/2024 5:20:05,22.75,32208.89,3.73,8,201,0,165,0,2066,354,FR1
12/17/2024 5:20:14,22.75,32217.17,3.73,8,201,0,165,0,2067,24,FR1
12/17/2024 5:20:18,22.75,32221.10,3.73,8,201,0,165,0,2068,1319,FR1
12/17/2024 5:20:30,22.75,32233.15,3.73,8,201,0,165,0,2069,6061,FR1
12/17/2024 5:25:17,22.75,32258.53,3.73,8,202,0,165,0,2069,0,FR1
12/17/2024 5:25:33,22.75,32274.56,3.73,8,202,0,165,0,2070,119,FR1
12/17/2024 5:25:37,22.75,32278.20,3.73,8,202,0,165,0,2071,181,FR1
12/17/2024 5:25:39,22.75,32280.55,3.73,8,202,0,165,0,2072,886,FR1
12/17/2024 5:25:42,22.75,32283.80,3.73,8,202,0,165,0,2073,85,FR1
12/17/2024 5:25:50,22.75,32292.05,3.73,8,202,0,165,0,2074,266,FR1
12/17/2024 5:25:53,22.75,32294.08,3.73,8,202,0,165,0,2075,0,FR1
12/17/2024 5:25:54,22.75,32295.26,3.73,8,202,0,165,0,2076,273,FR1
12/17/2024 5:25:56,22.75,32297.58,3.73,8,202,0,165,0,2077,0,FR1
12/17/2024 5:25:57,22.75,32298.76,3.73,8,202,0,165,0,2078,0,FR1
12/17/2024 5:25:59,22.75,32300.18,3.73,8,202,0,165,0,2079,509,FR1
12/17/2024 5:26:01,22.75,32302.21,3.73,8,202,0,165,0,2080,2,FR1
12/17/2024 5:26:02,22.75,32303.26,3.73,8,202,0,165,0,2081,428,FR1
12/17/2024 5:26:03,22.75,32304.27,3.72,8,202,0,165,0,2082,104,FR1
12/17/2024 5:26:04,22.75,32305.17,3.73,8,202,0,165,0,2083,0,FR1
12/17/2024 5:26:06,22.75,32307.78,3.73,8,202,0,165,0,2084,0,FR1
12/17/2024 5:26:07,22.75,32308.40,3.73,8,202,0,165,0,2085,0,FR1
12/17/2024 5:26:11,22.75,32312.65,3.73,8,202,0,165,0,2086,3352,FR1
12/17/2024 5:26:12,22.75,32313.88,3.72,8,202,0,165,0,2087,47,FR1
12/17/2024 5:26:13,22.75,32314.50,3.73,8,202,0,165,0,2088,0,FR1
12/17/2024 5:26:18,22.75,32319.88,3.73,8,202,0,165,0,2089,4470,FR1
12/17/2024 5:26:22,22.75,32323.65,3.73,8,202,0,165,0,2090,35,FR1
12/17/2024 5:26:28,22.75,32329.38,3.73,8,202,0,165,0,2091,0,FR1
12/17/2024 5:31:10,22.75,32342.85,3.73,8,202,0,166,0,2091,0,FR1
12/17/2024 5:31:10,22.75,32343.47,3.73,8,202,0,167,0,2091,0,FR1
12/17/2024 5:34:37,22.75,32353.59,3.73,8,202,0,168,0,2091,0,FR1
12/17/2024 5:40:03,22.75,32369.31,3.73,8,202,0,169,0,2091,0,FR1
12/17/2024 5:40:31,22.75,32371.04,3.73,8,203,0,169,0,2091,0,FR1
12/17/2024 5:40:37,22.75,32376.49,3.72,8,203,0,169,0,2092,0,FR1
12/17/2024 5:40:41,22.75,32380.39,3.73,8,203,0,169,0,2093,158,FR1
12/17/2024 5:40:41,22.75,32381.01,3.73,8,203,0,169,0,2094,0,FR1
12/17/2024 5:40:43,22.75,32382.48,3.73,8,203,0,169,0,2095,0,FR1
12/17/2024 5:40:47,22.75,32386.50,3.73,8,203,0,169,0,2096,13,FR1
12/17/2024 5:40:49,22.75,32388.26,3.73,8,203,0,169,0,2097,0,FR1
12/17/2024 5:40:52,22.75,32391.48,3.73,8,203,0,169,0,2098,340,FR1
12/17/2024 5:40:53,22.75,32392.10,3.73,8,203,0,169,0,2099,0,FR1
12/17/2024 5:41:00,22.75,32399.49,3.73,8,203,0,169,0,2100,549,FR1
12/17/2024 5:41:02,22.75,32401.37,3.73,8,203,0,169,0,2101,973,FR1
12/17/2024 5:41:14,22.75,32413.52,3.73,8,203,0,169,0,2102,495,FR1
12/17/2024 5:41:16,22.75,32415.40,3.73,8,203,0,169,0,2103,128,FR1
12/17/2024 5:41:21,22.75,32420.64,3.73,8,203,0,169,0,2104,3490,FR1
12/17/2024 5:41:28,22.75,32427.80,3.73,8,203,0,169,0,2105,43,FR1
12/17/2024 5:41:34,22.75,32433.35,3.73,8,203,0,169,0,2106,4924,FR1
12/17/2024 5:41:35,22.75,32434.53,3.73,8,203,0,169,0,2107,0,FR1
12/17/2024 5:41:36,22.75,32435.57,3.73,8,203,0,169,0,2108,127,FR1
12/17/2024 5:41:48,22.75,32442.14,3.73,8,204,0,169,0,2108,0,FR1
12/17/2024 5:51:18,22.75,32536.42,3.73,8,205,0,169,0,2108,0,FR1
12/17/2024 5:51:25,22.75,32543.29,3.73,8,205,0,169,0,2109,10,FR1
12/17/2024 5:51:25,22.75,32544.08,3.71,8,205,0,169,0,2110,169,FR1
12/17/2024 5:51:28,22.75,32546.45,3.73,8,205,0,169,0,2111,337,FR1
12/17/2024 5:51:31,22.75,32549.69,3.73,8,205,0,169,0,2112,642,FR1
12/17/2024 5:51:32,22.75,32550.31,3.73,8,205,0,169,0,2113,0,FR1
12/17/2024 5:51:32,22.75,32551.06,3.73,8,205,0,169,0,2114,131,FR1
12/17/2024 5:51:36,22.75,32554.79,3.73,8,205,0,169,0,2115,1411,FR1
12/17/2024 5:51:37,22.75,32556.05,3.73,8,205,0,169,0,2116,636,FR1
12/17/2024 5:51:40,22.75,32558.37,3.73,8,205,0,169,0,2117,1135,FR1
12/17/2024 5:51:43,22.75,32561.40,3.73,8,205,0,169,0,2118,144,FR1
12/17/2024 5:52:11,22.75,32590.05,3.72,8,205,0,169,0,2119,2008,FR1
12/17/2024 5:52:17,22.75,32595.68,3.73,8,205,0,169,0,2120,201,FR1
12/17/2024 5:52:18,22.75,32596.86,3.73,8,205,0,169,0,2121,0,FR1
12/17/2024 5:52:19,22.75,32597.77,3.73,8,205,0,169,0,2122,0,FR1
12/17/2024 5:52:22,22.75,32600.64,3.73,8,205,0,169,0,2123,1686,FR1
12/17/2024 5:52:23,22.75,32601.26,3.73,8,205,0,169,0,2124,0,FR1
12/17/2024 5:52:28,22.75,32606.99,3.73,8,205,0,169,0,2125,0,FR1
12/17/2024 6:24:10,22.75,32695.95,3.72,8,205,0,170,0,2125,0,FR1
12/17/2024 6:36:10,22.75,32729.94,3.73,8,206,115,170,0,2125,0,FR1
12/17/2024 6:36:47,22.75,32767.43,3.73,8,206,0,170,0,2126,83,FR1
12/17/2024 6:37:26,22.75,32800.88,3.73,8,207,0,170,0,2126,0,FR1
12/17/2024 6:38:00,22.75,32835.17,3.73,8,207,0,170,0,2127,0,FR1
12/17/2024 6:38:03,22.75,32837.85,3.73,8,207,0,170,0,2128,360,FR1
12/17/2024 6:38:07,22.75,32841.61,3.73,8,207,0,170,0,2129,1442,FR1
12/17/2024 6:38:08,22.75,32843.57,3.73,8,207,0,170,0,2130,493,FR1
12/17/2024 6:38:25,22.75,32860.02,3.73,8,207,0,170,0,2131,0,FR1
12/17/2024 6:38:26,22.75,32860.83,3.73,8,207,0,170,0,2132,189,FR1
12/17/2024 6:38:28,23.00,32862.84,3.72,8,207,0,170,0,2133,1101,FR1
12/17/2024 6:38:37,23.00,32871.68,3.73,8,207,0,170,0,2134,0,FR1
12/17/2024 6:39:03,23.00,32873.42,3.73,8,208,0,170,0,2134,0,FR1
12/17/2024 6:39:10,23.00,32879.99,3.71,8,208,0,170,0,2135,0,FR1
12/17/2024 6:39:12,23.00,32881.52,3.73,8,208,0,170,0,2136,55,FR1
12/17/2024 6:39:13,23.00,32882.57,3.73,8,208,0,170,0,2137,152,FR1
12/17/2024 6:39:18,23.00,32887.56,3.73,8,208,0,170,0,2138,4366,FR1
12/17/2024 6:39:18,23.00,32888.29,3.73,8,208,0,170,0,2139,111,FR1
12/17/2024 6:39:21,23.00,32891.01,3.73,8,208,0,170,0,2140,1815,FR1
12/17/2024 6:39:23,23.00,32892.64,3.73,8,208,0,170,0,2141,440,FR1
12/17/2024 6:39:24,23.00,32893.60,3.73,8,208,0,170,0,2142,54,FR1
12/17/2024 6:39:25,23.00,32895.10,3.72,8,208,0,170,0,2143,311,FR1
12/17/2024 6:39:33,23.00,32903.08,3.73,8,208,0,170,0,2144,3972,FR1
12/17/2024 6:39:39,23.00,32908.86,3.73,8,208,0,170,0,2145,2610,FR1
12/17/2024 6:39:40,23.00,32910.04,3.73,8,208,0,170,0,2146,0,FR1
12/17/2024 6:39:42,23.00,32912.08,3.73,8,208,0,170,0,2147,0,FR1
12/17/2024 6:39:43,23.00,32913.11,3.72,8,208,0,170,0,2148,120,FR1
12/17/2024 6:39:44,23.00,32913.77,3.73,8,208,0,170,0,2149,36,FR1
12/17/2024 6:39:45,23.00,32914.99,3.73,8,208,0,170,0,2150,601,FR1
12/17/2024 6:39:49,23.00,32919.00,3.73,8,208,0,170,0,2151,3386,FR1
12/17/2024 6:39:50,23.00,32920.07,3.73,8,208,0,170,0,2152,170,FR1
12/17/2024 6:39:53,23.00,32923.38,3.73,8,208,0,170,0,2153,1566,FR1
12/17/2024 6:39:55,23.00,32924.68,3.73,8,208,0,170,0,2154,387,FR1
12/17/2024 6:39:56,23.00,32926.16,3.73,8,208,0,170,0,2155,20,FR1
12/17/2024 6:39:57,23.00,32927.13,3.73,8,208,0,170,0,2156,343,FR1
12/17/2024 6:39:58,23.00,32928.21,3.73,8,208,0,170,0,2157,180,FR1
12/17/2024 6:40:00,23.00,32929.96,3.73,8,208,0,170,0,2158,0,FR1
12/17/2024 6:40:01,23.00,32931.13,3.72,8,208,0,170,0,2159,266,FR1
12/17/2024 6:40:07,23.00,32937.20,3.73,8,208,0,170,0,2160,4035,FR1
12/17/2024 6:40:09,23.00,32939.41,3.73,8,208,0,170,0,2161,1592,FR1
12/17/2024 6:40:15,23.00,32945.14,3.73,8,208,0,170,0,2162,0,FR1
12/17/2024 6:52:46,22.75,32980.70,3.73,8,208,0,171,0,2162,0,FR1
12/17/2024 6:52:48,22.75,32981.33,3.73,8,208,0,172,0,2162,0,FR1
12/17/2024 6:52:49,22.75,32981.94,3.73,8,208,0,173,0,2162,0,FR1
12/17/2024 11:30:28,23.00,33759.99,3.72,8,208,0,174,1389,2162,0,FR1
