MM:DD:YYYY hh:mm:ss,Device_Number,Battery_Voltage,Motor_Turns,Session_Type,Event,Active_Poke,Left_Poke_Count,Right_Poke_Count,Pellet_Count,Retrieval_Time,Concat_#,Mode
2024-07-28 10:41:20,8,3.96,,FR1,Poke,Left,1,0,0,,0,FR1
2024-07-28 10:44:32,8,4.02,,FR1,Poke,Left,2,0,0,,0,FR1
2024-07-28 10:48:58,8,4.02,,FR1,Poke,Left,2,1,0,,0,FR1
2024-07-28 10:50:00,8,4.02,,FR1,Poke,Left,3,1,0,,0,FR1
2024-07-28 10:53:48,8,4.02,,FR1,Poke,Left,4,1,0,,0,FR1
2024-07-28 10:58:21,8,4.02,,FR1,Poke,Left,4,2,0,,0,FR1
2024-07-28 10:58:23,8,4.02,,FR1,Poke,Left,4,3,0,,0,FR1
2024-07-28 11:08:24,8,4.02,3.0,FR1,Pellet,Left,4,3,1,,0,FR1
2024-07-28 11:09:23,8,4.02,,FR1,Poke,Left,4,4,1,,0,FR1
2024-07-28 11:15:47,8,4.02,,FR1,Poke,Left,5,4,1,,0,FR1
2024-07-28 11:16:48,8,4.02,2.0,FR1,Pellet,Left,5,4,2,58.08,0,FR1
2024-07-28 11:18:17,8,4.02,,FR1,Poke,Left,5,5,2,,0,FR1
2024-07-28 11:18:21,8,4.02,,FR1,Poke,Left,6,5,2,,0,FR1
2024-07-28 11:19:11,8,4.02,,FR1,Poke,Left,7,5,2,,0,FR1
2024-07-28 11:19:12,8,4.01,,FR1,Poke,Left,8,5,2,,0,FR1
2024-07-28 11:21:06,8,4.02,1.0,FR1,Pellet,Left,8,5,3,,0,FR1
2024-07-28 11:33:05,8,4.02,,FR1,Poke,Left,9,5,3,,0,FR1
2024-07-28 11:33:05,8,4.01,,FR1,Poke,Left,10,5,3,,0,FR1
2024-07-28 11:33:09,8,4.02,2.0,FR1,Pellet,Left,10,5,4,1.26,0,FR1
2024-07-28 11:33:22,8,4.02,,FR1,Poke,Left,10,6,4,,0,FR1
2024-07-28 11:34:11,8,4.02,,FR1,Poke,Left,10,7,4,,0,FR1
2024-07-28 11:37:57,8,4.02,,FR1,Poke,Left,10,8,4,,0,FR1
2024-07-28 11:38:13,8,4.02,,FR1,Poke,Left,11,8,4,,0,FR1
2024-07-28 11:38:13,8,4.02,,FR1,Poke,Left,12,8,4,,0,FR1
2024-07-28 11:38:17,8,4.01,2.0,FR1,Pellet,Left,12,8,5,0.94,0,FR1
2024-07-28 11:39:20,8,4.02,,FR1,Poke,Left,13,8,5,,0,FR1
2024-07-28 11:39:20,8,4.02,,FR1,Poke,Left,14,8,5,,0,FR1
2024-07-28 11:39:38,8,4.02,,FR1,Poke,Left,15,8,5,,0,FR1
2024-07-28 11:39:42,8,4.02,,FR1,Poke,Left,16,8,5,,0,FR1
2024-07-28 11:40:06,8,4.02,,FR1,Poke,Left,17,8,5,,0,FR1
2024-07-28 11:40:15,8,4.02,,FR1,Poke,Left,18,8,5,,0,FR1
2024-07-28 11:50:28,8,4.01,,FR1,Poke,Left,18,9,5,,0,FR1
2024-07-28 11:51:45,8,4.02,,FR1,Poke,Left,18,10,5,,0,FR1
2024-07-28 11:51:47,8,4.02,,FR1,Poke,Left,18,11,5,,0,FR1
2024-07-28 11:52:11,8,4.02,,FR1,Poke,Left,18,12,5,,0,FR1
2024-07-28 12:48:46,8,4.01,,FR1,Poke,Left,18,13,5,,0,FR1
2024-07-28 12:49:09,8,4.01,,FR1,Poke,Left,18,14,5,,0,FR1
2024-07-28 12:50:52,8,4.01,,FR1,Poke,Left,19,14,5,,0,FR1
2024-07-28 12:51:08,8,4.01,,FR1,Poke,Left,19,15,5,,0,FR1
2024-07-28 12:52:27,8,4.02,,FR1,Poke,Left,19,16,5,,0,FR1
2024-07-28 12:57:14,8,4.0,,FR1,Poke,Left,19,17,5,,0,FR1
2024-07-28 12:59:03,8,4.01,,FR1,Poke,Left,19,18,5,,0,FR1
2024-07-28 12:59:21,8,4.01,,FR1,Poke,Left,19,19,5,,0,FR1
2024-07-28 13:19:54,8,4.0,,FR1,Poke,Left,19,20,5,,0,FR1
2024-07-28 13:19:56,8,4.0,,FR1,Poke,Left,19,21,5,,0,FR1
2024-07-28 13:19:58,8,4.0,,FR1,Poke,Left,19,22,5,,0,FR1
2024-07-28 13:19:58,8,4.0,3.0,FR1,Pellet,Left,19,22,6,,0,FR1
2024-07-28 13:20:28,8,4.0,,FR1,Poke,Left,19,23,6,,0,FR1
2024-07-28 13:25:01,8,4.01,,FR1,Poke,Left,19,24,6,,0,FR1
2024-07-28 13:51:57,8,4.0,,FR1,Poke,Left,19,25,6,,0,FR1
2024-07-28 13:52:00,8,4.0,,FR1,Poke,Left,19,26,6,,0,FR1
2024-07-28 14:03:24,8,4.0,,FR1,Poke,Left,19,27,6,,0,FR1
2024-07-28 14:04:02,8,4.0,,FR1,Poke,Left,19,28,6,,0,FR1
2024-07-28 14:07:22,8,4.0,,FR1,Poke,Left,19,29,6,,0,FR1
2024-07-28 14:09:18,8,4.0,,FR1,Poke,Left,19,30,6,,0,FR1
2024-07-28 14:09:19,8,4.0,,FR1,Poke,Left,19,31,6,,0,FR1
2024-07-28 14:09:25,8,4.0,,FR1,Poke,Left,19,32,6,,0,FR1
2024-07-28 14:23:53,8,4.0,,FR1,Poke,Left,19,33,6,,0,FR1
2024-07-28 14:24:01,8,4.0,,FR1,Poke,Left,19,34,6,,0,FR1
2024-07-28 14:24:01,8,4.0,,FR1,Poke,Left,19,35,6,,0,FR1
2024-07-28 14:24:02,8,4.0,,FR1,Poke,Left,19,36,6,,0,FR1
2024-07-28 14:24:03,8,4.0,,FR1,Poke,Left,19,37,6,,0,FR1
2024-07-28 14:24:06,8,4.0,,FR1,Poke,Left,19,38,6,,0,FR1
2024-07-28 14:24:12,8,4.0,,FR1,Poke,Left,19,39,6,,0,FR1
2024-07-28 14:25:01,8,4.0,,FR1,Poke,Left,19,40,6,,0,FR1
2024-07-28 14:27:35,8,4.0,,FR1,Poke,Left,19,41,6,,0,FR1
2024-07-28 14:27:54,8,4.0,,FR1,Poke,Left,19,42,6,,0,FR1
2024-07-28 14:50:03,8,4.0,,FR1,Poke,Left,19,43,6,,0,FR1
2024-07-28 15:00:44,8,4.0,,FR1,Poke,Left,19,44,6,,0,FR1
2024-07-28 15:01:25,8,4.0,,FR1,Poke,Left,19,45,6,,0,FR1
2024-07-28 15:14:47,8,4.0,,FR1,Poke,Left,19,46,6,,0,FR1
2024-07-28 15:40:34,8,3.99,,FR1,Poke,Left,19,47,6,,0,FR1
2024-07-28 15:42:26,8,4.0,,FR1,Poke,Left,19,48,6,,0,FR1
2024-07-28 15:42:27,8,4.0,,FR1,Poke,Left,19,49,6,,0,FR1
2024-07-28 15:42:30,8,4.0,,FR1,Poke,Left,19,50,6,,0,FR1
2024-07-28 15:43:01,8,4.0,,FR1,Poke,Left,19,51,6,,0,FR1
2024-07-28 15:43:03,8,4.0,,FR1,Poke,Left,19,52,6,,0,FR1
2024-07-28 15:44:39,8,4.0,,FR1,Poke,Left,19,53,6,,0,FR1
2024-07-28 15:48:15,8,4.0,,FR1,Poke,Left,19,54,6,,0,FR1
2024-07-28 15:48:16,8,4.0,,FR1,Poke,Left,19,55,6,,0,FR1
2024-07-28 15:48:29,8,4.0,,FR1,Poke,Left,19,56,6,,0,FR1
2024-07-28 15:48:37,8,4.0,,FR1,Poke,Left,19,57,6,,0,FR1
2024-07-28 15:48:38,8,4.0,,FR1,Poke,Left,19,58,6,,0,FR1
2024-07-28 15:48:45,8,4.0,,FR1,Poke,Left,19,59,6,,0,FR1
2024-07-28 15:48:46,8,3.99,,FR1,Poke,Left,19,60,6,,0,FR1
2024-07-28 15:48:49,8,4.0,,FR1,Poke,Left,19,61,6,,0,FR1
2024-07-28 15:48:52,8,4.0,,FR1,Poke,Left,19,62,6,,0,FR1
2024-07-28 15:48:55,8,4.0,,FR1,Poke,Left,19,63,6,,0,FR1
2024-07-28 15:48:58,8,4.0,,FR1,Poke,Left,19,64,6,,0,FR1
2024-07-28 15:48:59,8,4.0,,FR1,Poke,Left,19,65,6,,0,FR1
2024-07-28 15:49:01,8,4.0,,FR1,Poke,Left,19,66,6,,0,FR1
2024-07-28 15:49:01,8,3.99,,FR1,Poke,Left,19,67,6,,0,FR1
2024-07-28 15:49:03,8,3.99,,FR1,Poke,Left,19,68,6,,0,FR1
2024-07-28 15:49:03,8,3.99,,FR1,Poke,Left,19,69,6,,0,FR1
2024-07-28 15:49:04,8,4.0,,FR1,Poke,Left,19,70,6,,0,FR1
2024-07-28 15:49:05,8,4.0,,FR1,Poke,Left,19,71,6,,0,FR1
2024-07-28 15:49:06,8,4.0,,FR1,Poke,Left,19,72,6,,0,FR1
2024-07-28 15:49:07,8,4.0,,FR1,Poke,Left,19,73,6,,0,FR1
2024-07-28 15:49:08,8,4.0,,FR1,Poke,Left,19,74,6,,0,FR1
2024-07-28 15:49:10,8,4.0,,FR1,Poke,Left,19,75,6,,0,FR1
2024-07-28 15:49:11,8,4.0,,FR1,Poke,Left,19,76,6,,0,FR1
2024-07-28 15:50:43,8,4.0,,FR1,Poke,Left,19,77,6,,0,FR1
2024-07-28 15:52:13,8,4.0,,FR1,Poke,Left,20,77,6,,0,FR1
2024-07-28 15:52:13,8,4.0,,FR1,Poke,Left,21,77,6,,0,FR1
2024-07-28 15:52:19,8,4.0,3.0,FR1,Pellet,Left,21,77,7,0.75,0,FR1
2024-07-28 15:53:47,8,4.0,,FR1,Poke,Left,22,77,7,,0,FR1
2024-07-28 15:53:51,8,4.0,1.0,FR1,Pellet,Left,22,77,8,2.91,0,FR1
2024-07-28 16:02:47,8,4.0,,FR1,Poke,Left,22,78,8,,0,FR1
2024-07-28 16:03:07,8,4.0,,FR1,Poke,Left,23,78,8,,0,FR1
2024-07-28 16:03:08,8,4.0,1.0,FR1,Pellet,Left,23,78,9,0.63,0,FR1
2024-07-28 16:04:01,8,4.0,,FR1,Poke,Left,24,78,9,,0,FR1
2024-07-28 16:04:03,8,4.0,2.0,FR1,Pellet,Left,24,78,10,1.13,0,FR1
2024-07-28 17:24:51,8,4.0,,FR1,Poke,Left,24,79,10,,0,FR1
2024-07-28 17:44:33,8,3.99,,FR1,Poke,Left,25,79,10,,0,FR1
2024-07-28 17:44:34,8,3.99,1.0,FR1,Pellet,Left,25,79,11,0.5,0,FR1
2024-07-28 17:45:19,8,3.99,,FR1,Poke,Left,26,79,11,,0,FR1
2024-07-28 17:45:20,8,3.99,1.0,FR1,Pellet,Left,26,79,12,0.5,0,FR1
2024-07-28 17:45:47,8,3.99,,FR1,Poke,Left,27,79,12,,0,FR1
2024-07-28 17:45:48,8,4.0,1.0,FR1,Pellet,Left,27,79,13,0.56,0,FR1
2024-07-28 17:46:14,8,3.99,,FR1,Poke,Left,28,79,13,,0,FR1
2024-07-28 17:46:15,8,3.99,,FR1,Poke,Left,29,79,13,,0,FR1
2024-07-28 17:46:18,8,3.99,2.0,FR1,Pellet,Left,29,79,14,0.69,0,FR1
2024-07-28 17:46:43,8,4.0,,FR1,Poke,Left,30,79,14,,0,FR1
2024-07-28 17:46:44,8,4.0,2.0,FR1,Pellet,Left,30,79,15,0.44,0,FR1
2024-07-28 17:47:06,8,3.99,,FR1,Poke,Left,31,79,15,,0,FR1
2024-07-28 17:47:07,8,4.0,1.0,FR1,Pellet,Left,31,79,16,0.44,0,FR1
2024-07-28 17:47:43,8,3.99,,FR1,Poke,Left,32,79,16,,0,FR1
2024-07-28 17:47:44,8,4.0,1.0,FR1,Pellet,Left,32,79,17,0.5,0,FR1
2024-07-28 17:48:06,8,3.99,,FR1,Poke,Left,33,79,17,,0,FR1
2024-07-28 17:48:07,8,4.0,1.0,FR1,Pellet,Left,33,79,18,0.25,0,FR1
2024-07-28 17:48:23,8,3.99,,FR1,Poke,Left,34,79,18,,0,FR1
2024-07-28 17:48:26,8,3.99,3.0,FR1,Pellet,Left,34,79,19,0.25,0,FR1
2024-07-28 17:48:47,8,3.99,,FR1,Poke,Left,35,79,19,,0,FR1
2024-07-28 17:48:48,8,3.99,2.0,FR1,Pellet,Left,35,79,20,0.06,0,FR1
2024-07-28 17:49:06,8,3.99,,FR1,Poke,Left,36,79,20,,0,FR1
2024-07-28 17:49:07,8,3.99,,FR1,Poke,Left,37,79,20,,0,FR1
2024-07-28 17:49:10,8,3.99,1.0,FR1,Pellet,Left,37,79,21,2.72,0,FR1
2024-07-28 17:49:42,8,3.99,,FR1,Poke,Left,38,79,21,,0,FR1
2024-07-28 17:49:43,8,4.0,2.0,FR1,Pellet,Left,38,79,22,0.31,0,FR1
2024-07-28 17:50:04,8,3.99,,FR1,Poke,Left,39,79,22,,0,FR1
2024-07-28 17:50:05,8,3.99,2.0,FR1,Pellet,Left,39,79,23,0.37,0,FR1
2024-07-28 17:52:37,8,3.99,,FR1,Poke,Left,40,79,23,,0,FR1
2024-07-28 17:52:38,8,3.99,1.0,FR1,Pellet,Left,40,79,24,0.5,0,FR1
2024-07-28 17:52:57,8,3.99,,FR1,Poke,Left,41,79,24,,0,FR1
2024-07-28 17:52:58,8,3.99,1.0,FR1,Pellet,Left,41,79,25,0.31,0,FR1
2024-07-28 17:53:19,8,3.99,,FR1,Poke,Left,42,79,25,,0,FR1
2024-07-28 17:53:19,8,3.99,,FR1,Poke,Left,43,79,25,,0,FR1
2024-07-28 17:53:22,8,3.99,2.0,FR1,Pellet,Left,43,79,26,0.37,0,FR1
2024-07-28 17:55:32,8,3.99,,FR1,Poke,Left,44,79,26,,0,FR1
2024-07-28 17:55:33,8,3.99,1.0,FR1,Pellet,Left,44,79,27,0.31,0,FR1
2024-07-28 18:37:16,8,3.99,,FR1,Poke,Left,44,80,27,,0,FR1
2024-07-28 18:38:24,8,4.0,,FR1,Poke,Left,45,80,27,,0,FR1
2024-07-28 18:38:26,8,3.99,1.0,FR1,Pellet,Left,45,80,28,0.95,0,FR1
2024-07-28 18:38:57,8,3.99,,FR1,Poke,Left,46,80,28,,0,FR1
2024-07-28 18:38:59,8,3.99,1.0,FR1,Pellet,Left,46,80,29,0.82,0,FR1
2024-07-28 18:40:10,8,3.98,,FR1,Poke,Left,47,80,29,,0,FR1
2024-07-28 18:40:16,8,3.99,3.0,FR1,Pellet,Left,47,80,30,0.75,0,FR1
2024-07-28 18:40:38,8,3.99,,FR1,Poke,Left,48,80,30,,0,FR1
2024-07-28 18:40:39,8,4.0,,FR1,Poke,Left,49,80,30,,0,FR1
2024-07-28 18:40:43,8,3.99,2.0,FR1,Pellet,Left,49,80,31,1.64,0,FR1
2024-07-28 18:41:07,8,3.99,,FR1,Poke,Left,50,80,31,,0,FR1
2024-07-28 18:41:09,8,3.99,1.0,FR1,Pellet,Left,50,80,32,0.63,0,FR1
2024-07-28 18:42:30,8,3.99,,FR1,Poke,Left,51,80,32,,0,FR1
2024-07-28 18:43:27,8,3.99,,FR1,Poke,Left,52,80,32,,0,FR1
2024-07-28 18:43:48,8,3.98,,FR1,Poke,Left,53,80,32,,0,FR1
2024-07-28 18:45:01,8,3.99,,FR1,Poke,Left,54,80,32,,0,FR1
2024-07-28 18:45:04,8,3.98,,FR1,Poke,Left,55,80,32,,0,FR1
2024-07-28 18:45:07,8,3.98,,FR1,Poke,Left,56,80,32,,0,FR1
2024-07-28 18:45:14,8,3.99,,FR1,Poke,Left,57,80,32,,0,FR1
2024-07-28 18:46:52,8,3.99,,FR1,Poke,Left,58,80,32,,0,FR1
2024-07-28 18:47:26,8,3.99,,FR1,Poke,Left,58,81,32,,0,FR1
2024-07-28 18:47:28,8,3.99,1.0,FR1,Pellet,Left,58,81,33,,0,FR1
2024-07-28 18:50:54,8,3.99,,FR1,Poke,Left,58,82,33,,0,FR1
2024-07-28 18:51:05,8,3.99,,FR1,Poke,Left,59,82,33,,0,FR1
2024-07-28 18:51:08,8,3.99,1.0,FR1,Pellet,Left,59,82,34,2.08,0,FR1
2024-07-28 18:51:59,8,3.99,,FR1,Poke,Left,60,82,34,,0,FR1
2024-07-28 18:52:00,8,3.99,,FR1,Poke,Left,61,82,34,,0,FR1
2024-07-28 18:52:03,8,3.99,2.0,FR1,Pellet,Left,61,82,35,0.56,0,FR1
2024-07-28 18:56:28,8,3.99,,FR1,Poke,Left,62,82,35,,0,FR1
2024-07-28 18:57:18,8,3.99,,FR1,Poke,Left,62,83,35,,0,FR1
2024-07-28 19:02:15,8,3.99,1.0,FR1,Pellet,Left,62,83,36,,0,FR1
2024-07-28 19:04:29,8,3.98,,FR1,Poke,Left,63,83,36,,0,FR1
2024-07-28 19:04:31,8,3.98,1.0,FR1,Pellet,Left,63,83,37,1.26,0,FR1
2024-07-28 19:05:05,8,3.99,,FR1,Poke,Left,64,83,37,,0,FR1
2024-07-28 19:05:12,8,3.99,,FR1,Poke,Left,65,83,37,,0,FR1
2024-07-28 19:05:13,8,3.99,,FR1,Poke,Left,66,83,37,,0,FR1
2024-07-28 19:05:27,8,3.98,2.0,FR1,Pellet,Left,66,83,38,19.66,0,FR1
2024-07-28 19:07:06,8,3.99,,FR1,Poke,Left,67,83,38,,0,FR1
2024-07-28 19:07:06,8,3.98,1.0,FR1,Pellet,Left,67,83,39,0.06,0,FR1
2024-07-28 19:07:24,8,3.99,,FR1,Poke,Left,68,83,39,,0,FR1
2024-07-28 19:07:33,8,3.98,,FR1,Poke,Left,69,83,39,,0,FR1
2024-07-28 19:07:35,8,3.98,,FR1,Poke,Left,70,83,39,,0,FR1
2024-07-28 19:07:53,8,3.99,,FR1,Poke,Left,71,83,39,,0,FR1
2024-07-28 19:07:55,8,3.99,,FR1,Poke,Left,72,83,39,,0,FR1
2024-07-28 19:08:30,8,3.98,,FR1,Poke,Left,72,84,39,,0,FR1
2024-07-28 19:08:33,8,3.99,,FR1,Poke,Left,72,85,39,,0,FR1
2024-07-28 19:11:30,8,3.99,3.0,FR1,Pellet,Left,72,85,40,,0,FR1
2024-07-28 19:15:10,8,3.98,,FR1,Poke,Left,73,85,40,,0,FR1
2024-07-28 19:15:15,8,3.99,1.0,FR1,Pellet,Left,73,85,41,3.86,0,FR1
2024-07-28 19:15:35,8,3.99,,FR1,Poke,Left,74,85,41,,0,FR1
2024-07-28 19:15:45,8,3.99,1.0,FR1,Pellet,Left,74,85,42,8.94,0,FR1
2024-07-28 19:16:30,8,3.98,,FR1,Poke,Left,75,85,42,,0,FR1
2024-07-28 19:16:58,8,3.99,,FR1,Poke,Left,76,85,42,,0,FR1
2024-07-28 19:17:05,8,3.98,,FR1,Poke,Left,77,85,42,,0,FR1
2024-07-28 19:17:06,8,3.98,,FR1,Poke,Left,78,85,42,,0,FR1
2024-07-28 19:17:08,8,3.99,,FR1,Poke,Left,79,85,42,,0,FR1
2024-07-28 19:17:11,8,3.99,,FR1,Poke,Left,80,85,42,,0,FR1
2024-07-28 19:17:16,8,3.98,,FR1,Poke,Left,81,85,42,,0,FR1
2024-07-28 19:17:17,8,3.98,,FR1,Poke,Left,82,85,42,,0,FR1
2024-07-28 19:19:22,8,3.99,,FR1,Poke,Left,82,86,42,,0,FR1
2024-07-28 19:19:23,8,4.0,1.0,FR1,Pellet,Left,82,86,43,,0,FR1
2024-07-28 19:20:49,8,3.99,,FR1,Poke,Left,83,86,43,,0,FR1
2024-07-28 19:22:12,8,3.98,2.0,FR1,Pellet,Left,83,86,44,,0,FR1
2024-07-28 19:24:16,8,3.99,,FR1,Poke,Left,84,86,44,,0,FR1
2024-07-28 19:24:16,8,3.99,,FR1,Poke,Left,85,86,44,,0,FR1
2024-07-28 19:24:25,8,3.99,,FR1,Poke,Left,86,86,44,,0,FR1
2024-07-28 19:24:33,8,3.98,,FR1,Poke,Left,87,86,44,,0,FR1
2024-07-28 19:25:59,8,3.98,2.0,FR1,Pellet,Left,87,86,45,,0,FR1
2024-07-28 19:28:38,8,3.99,,FR1,Poke,Left,88,86,45,,0,FR1
2024-07-28 19:28:43,8,3.99,,FR1,Poke,Left,89,86,45,,0,FR1
2024-07-28 19:28:44,8,3.99,,FR1,Poke,Left,90,86,45,,0,FR1
2024-07-28 19:28:48,8,3.98,,FR1,Poke,Left,91,86,45,,0,FR1
2024-07-28 19:28:51,8,3.98,,FR1,Poke,Left,92,86,45,,0,FR1
2024-07-28 19:28:56,8,3.99,,FR1,Poke,Left,93,86,45,,0,FR1
2024-07-28 19:29:14,8,3.98,,FR1,Poke,Left,94,86,45,,0,FR1
2024-07-28 19:29:15,8,3.99,,FR1,Poke,Left,95,86,45,,0,FR1
2024-07-28 19:29:45,8,3.99,1.0,FR1,Pellet,Left,95,86,46,,0,FR1
2024-07-28 19:29:47,8,3.99,,FR1,Poke,Left,96,86,46,,0,FR1
2024-07-28 19:30:10,8,3.98,1.0,FR1,Pellet,Left,96,86,47,22.0,0,FR1
2024-07-28 19:35:05,8,3.99,,FR1,Poke,Left,97,86,47,,0,FR1
2024-07-28 19:35:05,8,3.98,,FR1,Poke,Left,98,86,47,,0,FR1
2024-07-28 19:35:10,8,3.98,,FR1,Poke,Left,99,86,47,,0,FR1
2024-07-28 19:35:12,8,3.99,,FR1,Poke,Left,100,86,47,,0,FR1
2024-07-28 19:35:17,8,3.99,,FR1,Poke,Left,101,86,47,,0,FR1
2024-07-28 19:35:20,8,3.99,,FR1,Poke,Left,102,86,47,,0,FR1
2024-07-28 19:35:37,8,3.98,,FR1,Poke,Left,102,87,47,,0,FR1
2024-07-28 19:43:34,8,3.98,,FR1,Poke,Left,103,87,47,,0,FR1
2024-07-28 19:43:40,8,3.98,,FR1,Poke,Left,104,87,47,,0,FR1
2024-07-28 19:43:50,8,3.99,2.0,FR1,Pellet,Left,104,87,48,,0,FR1
2024-07-28 19:44:40,8,3.99,,FR1,Poke,Left,105,87,48,,0,FR1
2024-07-28 19:44:42,8,3.99,1.0,FR1,Pellet,Left,105,87,49,1.39,0,FR1
2024-07-28 19:45:16,8,3.98,,FR1,Poke,Left,106,87,49,,0,FR1
2024-07-28 19:45:18,8,3.98,1.0,FR1,Pellet,Left,106,87,50,1.77,0,FR1
2024-07-29 05:52:15,8,3.96,,FR1,Poke,Left,106,88,50,,0,FR1
2024-07-29 05:52:19,8,3.96,,FR1,Poke,Left,106,89,50,,0,FR1
2024-07-29 05:52:58,8,3.96,,FR1,Poke,Left,107,89,50,,0,FR1
2024-07-29 05:52:59,8,3.96,,FR1,Poke,Left,108,89,50,,0,FR1
2024-07-29 05:53:02,8,3.96,2.0,FR1,Pellet,Left,108,89,51,0.44,0,FR1
2024-07-29 05:53:51,8,3.96,,FR1,Poke,Left,109,89,51,,0,FR1
2024-07-29 05:53:52,8,3.96,,FR1,Poke,Left,110,89,51,,0,FR1
2024-07-29 05:53:53,8,3.96,,FR1,Poke,Left,111,89,51,,0,FR1
2024-07-29 05:53:54,8,3.96,,FR1,Poke,Left,112,89,51,,0,FR1
2024-07-29 05:53:57,8,3.97,,FR1,Poke,Left,113,89,51,,0,FR1
2024-07-29 05:54:02,8,3.96,1.0,FR1,Pellet,Left,113,89,52,9.78,0,FR1
2024-07-29 16:09:07,8,3.94,,FR1,Poke,Left,114,89,52,,0,FR1
2024-07-29 16:09:10,8,3.94,2.0,FR1,Pellet,Left,114,89,53,0.44,0,FR1
2024-07-29 16:09:41,8,3.94,,FR1,Poke,Left,115,89,53,,0,FR1
2024-07-29 16:09:42,8,3.94,1.0,FR1,Pellet,Left,115,89,54,0.37,0,FR1
2024-07-29 16:10:24,8,3.94,,FR1,Poke,Left,116,89,54,,0,FR1
2024-07-29 16:10:25,8,3.94,1.0,FR1,Pellet,Left,116,89,55,0.37,0,FR1
2024-07-29 16:10:47,8,3.94,,FR1,Poke,Left,117,89,55,,0,FR1
2024-07-29 16:10:48,8,3.94,2.0,FR1,Pellet,Left,117,89,56,0.31,0,FR1
2024-07-29 16:11:15,8,3.94,,FR1,Poke,Left,118,89,56,,0,FR1
2024-07-29 16:11:30,8,3.94,2.0,FR1,Pellet,Left,118,89,57,12.32,0,FR1
2024-07-29 16:12:00,8,3.94,,FR1,Poke,Left,119,89,57,,0,FR1
2024-07-29 16:12:01,8,3.94,1.0,FR1,Pellet,Left,119,89,58,0.31,0,FR1
2024-07-29 16:12:24,8,3.94,,FR1,Poke,Left,120,89,58,,0,FR1
2024-07-29 16:12:25,8,3.94,1.0,FR1,Pellet,Left,120,89,59,0.44,0,FR1
2024-07-29 16:12:42,8,3.94,,FR1,Poke,Left,121,89,59,,0,FR1
2024-07-29 16:12:45,8,3.94,2.0,FR1,Pellet,Left,121,89,60,0.37,0,FR1
2024-07-29 16:12:59,8,3.94,,FR1,Poke,Left,122,89,60,,0,FR1
2024-07-29 16:13:00,8,3.94,1.0,FR1,Pellet,Left,122,89,61,0.12,0,FR1
2024-07-29 16:13:19,8,3.94,,FR1,Poke,Left,123,89,61,,0,FR1
2024-07-29 16:13:20,8,3.94,1.0,FR1,Pellet,Left,123,89,62,0.37,0,FR1
2024-07-29 16:13:50,8,3.94,,FR1,Poke,Left,124,89,62,,0,FR1
2024-07-29 16:13:51,8,3.94,2.0,FR1,Pellet,Left,124,89,63,0.12,0,FR1
2024-07-29 16:14:11,8,3.94,,FR1,Poke,Left,125,89,63,,0,FR1
2024-07-29 16:14:12,8,3.94,1.0,FR1,Pellet,Left,125,89,64,0.37,0,FR1
2024-07-29 16:14:31,8,3.94,,FR1,Poke,Left,126,89,64,,0,FR1
2024-07-29 16:14:32,8,3.94,2.0,FR1,Pellet,Left,126,89,65,0.19,0,FR1
2024-07-29 16:14:48,8,3.94,,FR1,Poke,Left,127,89,65,,0,FR1
2024-07-29 16:14:49,8,3.94,1.0,FR1,Pellet,Left,127,89,66,0.25,0,FR1
2024-07-29 16:15:15,8,3.94,,FR1,Poke,Left,128,89,66,,0,FR1
2024-07-29 16:15:16,8,3.94,1.0,FR1,Pellet,Left,128,89,67,0.5,0,FR1
2024-07-29 16:15:32,8,3.94,,FR1,Poke,Left,129,89,67,,0,FR1
2024-07-29 16:15:34,8,3.94,1.0,FR1,Pellet,Left,129,89,68,1.26,0,FR1
2024-07-29 16:16:50,8,3.94,,FR1,Poke,Left,130,89,68,,0,FR1
2024-07-29 16:16:51,8,3.94,1.0,FR1,Pellet,Left,130,89,69,0.5,0,FR1
2024-07-29 16:17:11,8,3.94,,FR1,Poke,Left,131,89,69,,0,FR1
2024-07-29 16:17:15,8,3.94,2.0,FR1,Pellet,Left,131,89,70,0.31,0,FR1
2024-07-29 16:18:15,8,3.94,,FR1,Poke,Left,132,89,70,,0,FR1
2024-07-29 16:18:16,8,3.94,1.0,FR1,Pellet,Left,132,89,71,0.31,0,FR1
2024-07-29 16:20:17,8,3.94,,FR1,Poke,Left,132,90,71,,0,FR1
2024-07-29 16:20:22,8,3.94,,FR1,Poke,Left,133,90,71,,0,FR1
2024-07-29 16:20:23,8,3.94,,FR1,Poke,Left,134,90,71,,0,FR1
2024-07-29 16:20:27,8,3.94,,FR1,Poke,Left,135,90,71,,0,FR1
2024-07-29 16:20:50,8,3.94,4.0,FR1,Pellet,Left,135,90,72,20.41,0,FR1
2024-07-29 16:47:41,8,3.94,,FR1,Poke,Left,135,91,72,,0,FR1
2024-07-29 17:13:15,8,3.94,,FR1,Poke,Left,136,91,72,,0,FR1
2024-07-29 17:13:19,8,3.94,3.0,FR1,Pellet,Left,136,91,73,0.69,0,FR1
2024-07-29 17:14:01,8,3.94,,FR1,Poke,Left,137,91,73,,0,FR1
2024-07-29 17:14:03,8,3.94,2.0,FR1,Pellet,Left,137,91,74,0.44,0,FR1
2024-07-29 17:14:32,8,3.94,,FR1,Poke,Left,138,91,74,,0,FR1
2024-07-29 17:14:36,8,3.94,3.0,FR1,Pellet,Left,138,91,75,0.12,0,FR1
2024-07-29 17:14:59,8,3.94,,FR1,Poke,Left,139,91,75,,0,FR1
2024-07-29 17:15:01,8,3.93,,FR1,Poke,Left,140,91,75,,0,FR1
2024-07-29 17:15:03,8,3.94,1.0,FR1,Pellet,Left,140,91,76,1.96,0,FR1
2024-07-29 17:15:26,8,3.94,,FR1,Poke,Left,141,91,76,,0,FR1
2024-07-29 17:15:27,8,3.94,,FR1,Poke,Left,142,91,76,,0,FR1
2024-07-29 17:15:30,8,3.94,2.0,FR1,Pellet,Left,142,91,77,0.63,0,FR1
2024-07-29 17:15:49,8,3.94,,FR1,Poke,Left,143,91,77,,0,FR1
2024-07-29 17:15:50,8,3.94,,FR1,Poke,Left,144,91,77,,0,FR1
2024-07-29 17:15:51,8,3.94,,FR1,Poke,Left,145,91,77,,0,FR1
2024-07-29 17:15:54,8,3.94,2.0,FR1,Pellet,Left,145,91,78,0.31,0,FR1
2024-07-29 17:16:30,8,3.94,,FR1,Poke,Left,146,91,78,,0,FR1
2024-07-29 17:16:31,8,3.94,1.0,FR1,Pellet,Left,146,91,79,0.31,0,FR1
2024-07-29 17:17:03,8,3.94,,FR1,Poke,Left,147,91,79,,0,FR1
2024-07-29 17:17:05,8,3.94,1.0,FR1,Pellet,Left,147,91,80,1.01,0,FR1
2024-07-29 17:17:32,8,3.94,,FR1,Poke,Left,148,91,80,,0,FR1
2024-07-29 17:17:33,8,3.94,1.0,FR1,Pellet,Left,148,91,81,0.31,0,FR1
2024-07-29 17:17:55,8,3.94,,FR1,Poke,Left,149,91,81,,0,FR1
2024-07-29 17:17:58,8,3.94,2.0,FR1,Pellet,Left,149,91,82,0.44,0,FR1
2024-07-29 17:18:29,8,3.94,,FR1,Poke,Left,150,91,82,,0,FR1
2024-07-29 17:18:31,8,3.94,1.0,FR1,Pellet,Left,150,91,83,0.82,0,FR1
2024-07-29 17:18:54,8,3.94,,FR1,Poke,Left,151,91,83,,0,FR1
2024-07-29 17:18:56,8,3.94,1.0,FR1,Pellet,Left,151,91,84,0.37,0,FR1
2024-07-29 17:19:19,8,3.93,,FR1,Poke,Left,152,91,84,,0,FR1
2024-07-29 17:19:20,8,3.94,1.0,FR1,Pellet,Left,152,91,85,0.44,0,FR1
2024-07-29 17:19:47,8,3.94,,FR1,Poke,Left,153,91,85,,0,FR1
2024-07-29 17:19:49,8,3.94,1.0,FR1,Pellet,Left,153,91,86,0.5,0,FR1
2024-07-29 17:23:33,8,3.94,,FR1,Poke,Left,154,91,86,,0,FR1
2024-07-29 17:23:34,8,3.94,2.0,FR1,Pellet,Left,154,91,87,0.31,0,FR1
2024-07-29 17:48:52,8,3.93,,FR1,Poke,Left,155,91,87,,0,FR1
2024-07-29 17:48:53,8,3.94,1.0,FR1,Pellet,Left,155,91,88,0.37,0,FR1
2024-07-29 17:49:18,8,3.93,,FR1,Poke,Left,156,91,88,,0,FR1
2024-07-29 17:49:22,8,3.94,2.0,FR1,Pellet,Left,156,91,89,0.82,0,FR1
2024-07-29 17:49:43,8,3.94,,FR1,Poke,Left,157,91,89,,0,FR1
2024-07-29 17:49:44,8,3.94,1.0,FR1,Pellet,Left,157,91,90,0.63,0,FR1
2024-07-29 17:50:11,8,3.94,,FR1,Poke,Left,158,91,90,,0,FR1
2024-07-29 17:50:17,8,3.93,3.0,FR1,Pellet,Left,158,91,91,1.01,0,FR1
2024-07-29 17:50:21,8,3.94,,FR1,Poke,Left,159,91,91,,0,FR1
2024-07-29 17:50:23,8,3.94,,FR1,Poke,Left,160,91,91,,0,FR1
2024-07-29 17:59:09,8,3.94,1.0,FR1,Pellet,Left,160,91,92,,0,FR1
2024-07-29 18:08:47,8,3.94,,FR1,Poke,Left,161,91,92,,0,FR1
2024-07-29 18:08:49,8,3.94,1.0,FR1,Pellet,Left,161,91,93,0.56,0,FR1
2024-07-29 18:09:21,8,3.94,,FR1,Poke,Left,162,91,93,,0,FR1
2024-07-29 18:09:21,8,3.94,,FR1,Poke,Left,163,91,93,,0,FR1
2024-07-29 18:09:27,8,3.94,3.0,FR1,Pellet,Left,163,91,94,0.82,0,FR1
2024-07-29 18:10:01,8,3.93,,FR1,Poke,Left,164,91,94,,0,FR1
2024-07-29 18:10:03,8,3.94,1.0,FR1,Pellet,Left,164,91,95,0.44,0,FR1
2024-07-29 18:10:34,8,3.94,,FR1,Poke,Left,165,91,95,,0,FR1
2024-07-29 18:10:35,8,3.93,1.0,FR1,Pellet,Left,165,91,96,0.56,0,FR1
2024-07-29 18:20:15,8,3.93,,FR1,Poke,Left,166,91,96,,0,FR1
2024-07-29 18:20:16,8,3.94,1.0,FR1,Pellet,Left,166,91,97,0.69,0,FR1
2024-07-29 18:23:10,8,3.94,,FR1,Poke,Left,167,91,97,,0,FR1
2024-07-29 18:23:10,8,3.94,,FR1,Poke,Left,168,91,97,,0,FR1
2024-07-29 18:23:14,8,3.94,2.0,FR1,Pellet,Left,168,91,98,0.82,0,FR1
2024-07-29 18:24:45,8,3.94,,FR1,Poke,Left,169,91,98,,0,FR1
2024-07-29 18:24:50,8,3.94,4.0,FR1,Pellet,Left,169,91,99,0.06,0,FR1
2024-07-29 18:27:18,8,3.94,,FR1,Poke,Left,170,91,99,,0,FR1
2024-07-29 18:29:03,8,3.94,1.0,FR1,Pellet,Left,170,91,100,,0,FR1
2024-07-29 18:29:06,8,3.94,,FR1,Poke,Left,170,92,100,,0,FR1
2024-07-29 18:29:38,8,3.94,,FR1,Poke,Left,171,92,100,,0,FR1
2024-07-29 18:29:39,8,3.94,1.0,FR1,Pellet,Left,171,92,101,0.44,0,FR1
2024-07-29 18:29:44,8,3.94,,FR1,Poke,Left,172,92,101,,0,FR1
2024-07-29 18:29:45,8,3.93,,FR1,Poke,Left,173,92,101,,0,FR1
2024-07-29 18:29:48,8,3.94,2.0,FR1,Pellet,Left,173,92,102,0.95,0,FR1
2024-07-29 18:29:51,8,3.94,,FR1,Poke,Left,174,92,102,,0,FR1
2024-07-29 18:29:53,8,3.93,,FR1,Poke,Left,175,92,102,,0,FR1
2024-07-29 18:29:54,8,3.94,,FR1,Poke,Left,176,92,102,,0,FR1
2024-07-29 18:32:44,8,3.94,1.0,FR1,Pellet,Left,176,92,103,,0,FR1
2024-07-29 18:38:51,8,3.94,,FR1,Poke,Left,177,92,103,,0,FR1
2024-07-29 18:42:20,8,3.93,1.0,FR1,Pellet,Left,177,92,104,,0,FR1
2024-07-29 18:48:20,8,3.93,,FR1,Poke,Left,178,92,104,,0,FR1
2024-07-29 18:48:21,8,3.94,1.0,FR1,Pellet,Left,178,92,105,0.44,0,FR1
2024-07-29 18:52:15,8,3.94,,FR1,Poke,Left,178,93,105,,0,FR1
2024-07-29 18:53:23,8,3.94,,FR1,Poke,Left,179,93,105,,0,FR1
2024-07-29 18:53:25,8,3.94,1.0,FR1,Pellet,Left,179,93,106,0.5,0,FR1
2024-07-29 18:56:41,8,3.93,,FR1,Poke,Left,180,93,106,,0,FR1
2024-07-29 18:56:47,8,3.94,3.0,FR1,Pellet,Left,180,93,107,0.56,0,FR1
2024-07-29 18:57:16,8,3.94,,FR1,Poke,Left,181,93,107,,0,FR1
2024-07-29 18:57:22,8,3.93,,FR1,Poke,Left,182,93,107,,0,FR1
2024-07-29 18:57:25,8,3.94,4.0,FR1,Pellet,Left,182,93,108,0.69,0,FR1
2024-07-29 18:58:04,8,3.93,,FR1,Poke,Left,183,93,108,,0,FR1
2024-07-29 18:58:40,8,3.94,4.0,FR1,Pellet,Left,183,93,109,30.57,0,FR1
2024-07-29 18:59:29,8,3.93,,FR1,Poke,Left,184,93,109,,0,FR1
2024-07-29 18:59:30,8,3.93,2.0,FR1,Pellet,Left,184,93,110,0.19,0,FR1
2024-07-29 19:01:19,8,3.93,,FR1,Poke,Left,185,93,110,,0,FR1
2024-07-29 19:01:20,8,3.93,,FR1,Poke,Left,186,93,110,,0,FR1
2024-07-29 19:01:42,8,3.93,3.0,FR1,Pellet,Left,186,93,111,19.13,0,FR1
2024-07-29 19:02:14,8,3.93,,FR1,Poke,Left,186,94,111,,0,FR1
2024-07-29 19:09:22,8,3.94,,FR1,Poke,Left,187,94,111,,0,FR1
2024-07-29 19:09:26,8,3.94,2.0,FR1,Pellet,Left,187,94,112,0.88,0,FR1
2024-07-29 19:13:34,8,3.93,,FR1,Poke,Left,187,95,112,,0,FR1
2024-07-29 19:13:39,8,3.93,,FR1,Poke,Left,188,95,112,,0,FR1
2024-07-29 19:13:40,8,3.93,,FR1,Poke,Left,189,95,112,,0,FR1
2024-07-29 19:13:47,8,3.93,,FR1,Poke,Left,190,95,112,,0,FR1
2024-07-29 19:13:55,8,3.94,2.0,FR1,Pellet,Left,190,95,113,11.82,0,FR1
2024-07-29 19:15:10,8,3.94,,FR1,Poke,Left,190,96,113,,0,FR1
2024-07-29 19:15:11,8,3.94,,FR1,Poke,Left,190,97,113,,0,FR1
2024-07-29 19:20:28,8,3.94,,FR1,Poke,Left,191,97,113,,0,FR1
2024-07-29 19:20:28,8,3.94,,FR1,Poke,Left,192,97,113,,0,FR1
2024-07-29 19:20:47,8,3.93,2.0,FR1,Pellet,Left,192,97,114,15.95,0,FR1
2024-07-29 19:32:30,8,3.94,,FR1,Poke,Left,193,97,114,,0,FR1
2024-07-29 19:32:31,8,3.93,1.0,FR1,Pellet,Left,193,97,115,0.56,0,FR1
2024-07-29 19:32:54,8,3.93,,FR1,Poke,Left,194,97,115,,0,FR1
2024-07-29 19:32:58,8,3.94,2.0,FR1,Pellet,Left,194,97,116,0.5,0,FR1
2024-07-29 19:33:27,8,3.93,,FR1,Poke,Left,195,97,116,,0,FR1
2024-07-29 19:33:28,8,3.94,1.0,FR1,Pellet,Left,195,97,117,0.44,0,FR1
2024-07-29 19:33:50,8,3.94,,FR1,Poke,Left,196,97,117,,0,FR1
2024-07-29 19:33:52,8,3.93,1.0,FR1,Pellet,Left,196,97,118,1.01,0,FR1
2024-07-29 19:34:15,8,3.93,,FR1,Poke,Left,197,97,118,,0,FR1
2024-07-29 19:34:15,8,3.93,,FR1,Poke,Left,198,97,118,,0,FR1
2024-07-29 19:34:21,8,3.93,3.0,FR1,Pellet,Left,198,97,119,2.91,0,FR1
2024-07-29 19:35:13,8,3.93,,FR1,Poke,Left,199,97,119,,0,FR1
2024-07-29 19:35:15,8,3.93,1.0,FR1,Pellet,Left,199,97,120,0.75,0,FR1
2024-07-29 19:35:49,8,3.93,,FR1,Poke,Left,200,97,120,,0,FR1
2024-07-29 19:35:50,8,3.93,1.0,FR1,Pellet,Left,200,97,121,0.56,0,FR1
2024-07-29 19:36:18,8,3.93,,FR1,Poke,Left,201,97,121,,0,FR1
2024-07-29 19:36:21,8,3.93,2.0,FR1,Pellet,Left,201,97,122,0.37,0,FR1
2024-07-29 19:43:08,8,3.93,,FR1,Poke,Left,202,97,122,,0,FR1
2024-07-29 19:43:09,8,3.93,1.0,FR1,Pellet,Left,202,97,123,0.56,0,FR1
2024-07-29 19:50:37,8,3.94,,FR1,Poke,Left,203,97,123,,0,FR1
2024-07-29 19:50:39,8,3.93,1.0,FR1,Pellet,Left,203,97,124,0.88,0,FR1
2024-07-29 19:51:03,8,3.93,,FR1,Poke,Left,204,97,124,,0,FR1
2024-07-29 19:51:05,8,3.93,1.0,FR1,Pellet,Left,204,97,125,0.25,0,FR1
2024-07-29 19:51:38,8,3.93,,FR1,Poke,Left,205,97,125,,0,FR1
2024-07-29 19:51:41,8,3.93,2.0,FR1,Pellet,Left,205,97,126,0.63,0,FR1
2024-07-29 19:52:06,8,3.92,,FR1,Poke,Left,206,97,126,,0,FR1
2024-07-29 19:52:09,8,3.93,2.0,FR1,Pellet,Left,206,97,127,0.37,0,FR1
2024-07-29 19:52:44,8,3.93,,FR1,Poke,Left,207,97,127,,0,FR1
2024-07-29 19:52:45,8,3.93,1.0,FR1,Pellet,Left,207,97,128,0.31,0,FR1
2024-07-29 19:53:19,8,3.93,,FR1,Poke,Left,208,97,128,,0,FR1
2024-07-29 19:53:21,8,3.93,1.0,FR1,Pellet,Left,208,97,129,0.44,0,FR1
2024-07-29 20:24:35,8,3.93,,FR1,Poke,Left,209,97,129,,0,FR1
2024-07-29 20:24:36,8,3.93,1.0,FR1,Pellet,Left,209,97,130,0.37,0,FR1
2024-07-29 20:25:29,8,3.93,,FR1,Poke,Left,210,97,130,,0,FR1
2024-07-29 20:25:29,8,3.93,,FR1,Poke,Left,211,97,130,,0,FR1
2024-07-29 20:25:33,8,3.93,2.0,FR1,Pellet,Left,211,97,131,0.56,0,FR1
2024-07-29 20:26:07,8,3.93,,FR1,Poke,Left,212,97,131,,0,FR1
2024-07-29 20:26:08,8,3.93,,FR1,Poke,Left,213,97,131,,0,FR1
2024-07-29 20:26:11,8,3.93,2.0,FR1,Pellet,Left,213,97,132,0.5,0,FR1
2024-07-29 20:26:35,8,3.93,,FR1,Poke,Left,214,97,132,,0,FR1
2024-07-29 20:26:36,8,3.93,1.0,FR1,Pellet,Left,214,97,133,0.5,0,FR1
2024-07-29 20:27:05,8,3.93,,FR1,Poke,Left,215,97,133,,0,FR1
2024-07-29 20:27:06,8,3.93,1.0,FR1,Pellet,Left,215,97,134,0.31,0,FR1
2024-07-29 20:27:32,8,3.93,,FR1,Poke,Left,216,97,134,,0,FR1
2024-07-29 20:27:33,8,3.93,1.0,FR1,Pellet,Left,216,97,135,0.31,0,FR1
2024-07-29 20:28:07,8,3.93,,FR1,Poke,Left,217,97,135,,0,FR1
2024-07-29 20:28:09,8,3.93,1.0,FR1,Pellet,Left,217,97,136,0.95,0,FR1
2024-07-29 20:28:48,8,3.94,,FR1,Poke,Left,218,97,136,,0,FR1
2024-07-29 20:28:48,8,3.93,,FR1,Poke,Left,219,97,136,,0,FR1
2024-07-29 20:28:56,8,3.93,4.0,FR1,Pellet,Left,219,97,137,0.75,0,FR1
2024-07-29 20:29:55,8,3.93,,FR1,Poke,Left,220,97,137,,0,FR1
2024-07-29 20:29:56,8,3.93,2.0,FR1,Pellet,Left,220,97,138,0.06,0,FR1
2024-07-29 20:37:48,8,3.93,,FR1,Poke,Left,221,97,138,,0,FR1
2024-07-29 20:37:50,8,3.93,1.0,FR1,Pellet,Left,221,97,139,1.2,0,FR1
2024-07-29 20:38:18,8,3.93,,FR1,Poke,Left,222,97,139,,0,FR1
2024-07-29 20:38:19,8,3.93,1.0,FR1,Pellet,Left,222,97,140,0.37,0,FR1
2024-07-29 20:38:43,8,3.94,,FR1,Poke,Left,223,97,140,,0,FR1
2024-07-29 20:38:44,8,3.93,1.0,FR1,Pellet,Left,223,97,141,0.31,0,FR1
2024-07-29 20:39:23,8,3.93,,FR1,Poke,Left,224,97,141,,0,FR1
2024-07-29 20:39:24,8,3.93,1.0,FR1,Pellet,Left,224,97,142,0.25,0,FR1
2024-07-29 20:39:51,8,3.93,,FR1,Poke,Left,225,97,142,,0,FR1
2024-07-29 20:39:53,8,3.93,1.0,FR1,Pellet,Left,225,97,143,0.5,0,FR1
2024-07-29 20:59:31,8,3.93,,FR1,Poke,Left,226,97,143,,0,FR1
2024-07-29 20:59:32,8,3.93,1.0,FR1,Pellet,Left,226,97,144,0.25,0,FR1
2024-07-29 21:00:11,8,3.93,,FR1,Poke,Left,227,97,144,,0,FR1
2024-07-29 21:00:12,8,3.93,1.0,FR1,Pellet,Left,227,97,145,0.31,0,FR1
2024-07-29 21:00:38,8,3.93,,FR1,Poke,Left,228,97,145,,0,FR1
2024-07-29 21:00:39,8,3.93,1.0,FR1,Pellet,Left,228,97,146,0.31,0,FR1
2024-07-29 21:02:10,8,3.93,,FR1,Poke,Left,229,97,146,,0,FR1
2024-07-29 21:02:11,8,3.93,1.0,FR1,Pellet,Left,229,97,147,0.31,0,FR1
2024-07-29 21:02:49,8,3.93,,FR1,Poke,Left,230,97,147,,0,FR1
2024-07-29 21:02:50,8,3.93,1.0,FR1,Pellet,Left,230,97,148,0.75,0,FR1
2024-07-29 21:03:23,8,3.93,,FR1,Poke,Left,231,97,148,,0,FR1
2024-07-29 21:03:25,8,3.93,1.0,FR1,Pellet,Left,231,97,149,0.31,0,FR1
2024-07-29 21:17:45,8,3.93,,FR1,Poke,Left,232,97,149,,0,FR1
2024-07-29 21:17:45,8,3.93,,FR1,Poke,Left,233,97,149,,0,FR1
2024-07-29 21:17:52,8,3.93,,FR1,Poke,Left,234,97,149,,0,FR1
2024-07-29 21:26:20,8,3.93,3.0,FR1,Pellet,Left,234,97,150,,0,FR1
2024-07-29 21:26:45,8,3.93,,FR1,Poke,Left,234,98,150,,0,FR1
2024-07-29 21:38:41,8,3.93,,FR1,Poke,Left,235,98,150,,0,FR1
2024-07-29 21:38:47,8,3.93,3.0,FR1,Pellet,Left,235,98,151,0.56,0,FR1
2024-07-29 21:39:32,8,3.93,,FR1,Poke,Left,236,98,151,,0,FR1
2024-07-29 21:39:36,8,3.93,3.0,FR1,Pellet,Left,236,98,152,1.26,0,FR1
2024-07-29 21:39:57,8,3.93,,FR1,Poke,Left,237,98,152,,0,FR1
2024-07-29 21:39:58,8,3.93,2.0,FR1,Pellet,Left,237,98,153,0.56,0,FR1
2024-07-29 21:40:26,8,3.93,,FR1,Poke,Left,238,98,153,,0,FR1
2024-07-29 21:40:27,8,3.93,2.0,FR1,Pellet,Left,238,98,154,0.56,0,FR1
2024-07-29 21:41:03,8,3.93,,FR1,Poke,Left,239,98,154,,0,FR1
2024-07-29 21:41:05,8,3.93,1.0,FR1,Pellet,Left,239,98,155,0.5,0,FR1
2024-07-29 21:41:43,8,3.93,,FR1,Poke,Left,239,99,155,,0,FR1
2024-07-29 21:41:44,8,3.93,,FR1,Poke,Left,239,100,155,,0,FR1
2024-07-29 21:41:47,8,3.93,,FR1,Poke,Left,239,101,155,,0,FR1
2024-07-29 21:41:53,8,3.93,,FR1,Poke,Left,239,102,155,,0,FR1
2024-07-29 21:42:12,8,3.93,,FR1,Poke,Left,240,102,155,,0,FR1
2024-07-29 21:42:14,8,3.93,1.0,FR1,Pellet,Left,240,102,156,0.69,0,FR1
2024-07-29 21:42:42,8,3.93,,FR1,Poke,Left,240,103,156,,0,FR1
2024-07-29 21:42:50,8,3.93,,FR1,Poke,Left,241,103,156,,0,FR1
2024-07-29 21:42:52,8,3.93,1.0,FR1,Pellet,Left,241,103,157,0.88,0,FR1
2024-07-29 21:43:14,8,3.93,,FR1,Poke,Left,242,103,157,,0,FR1
2024-07-29 21:43:15,8,3.93,1.0,FR1,Pellet,Left,242,103,158,0.25,0,FR1
2024-07-29 22:00:48,8,3.93,,FR1,Poke,Left,243,103,158,,0,FR1
2024-07-29 22:01:17,8,3.93,1.0,FR1,Pellet,Left,243,103,159,28.02,0,FR1
2024-07-29 22:07:20,8,3.93,,FR1,Poke,Left,244,103,159,,0,FR1
2024-07-29 22:07:27,8,3.93,1.0,FR1,Pellet,Left,244,103,160,6.34,0,FR1
2024-07-29 22:10:26,8,3.93,,FR1,Poke,Left,245,103,160,,0,FR1
2024-07-29 22:10:34,8,3.93,1.0,FR1,Pellet,Left,245,103,161,7.17,0,FR1
2024-07-29 22:13:22,8,3.93,,FR1,Poke,Left,246,103,161,,0,FR1
2024-07-29 22:13:24,8,3.93,,FR1,Poke,Left,247,103,161,,0,FR1
2024-07-29 22:13:25,8,3.93,1.0,FR1,Pellet,Left,247,103,162,2.24,0,FR1
2024-07-29 22:30:07,8,3.92,,FR1,Poke,Left,248,103,162,,0,FR1
2024-07-29 22:30:11,8,3.93,3.0,FR1,Pellet,Left,248,103,163,0.5,0,FR1
2024-07-29 22:30:38,8,3.93,,FR1,Poke,Left,249,103,163,,0,FR1
2024-07-29 22:30:39,8,3.93,1.0,FR1,Pellet,Left,249,103,164,0.44,0,FR1
2024-07-29 22:31:09,8,3.93,,FR1,Poke,Left,250,103,164,,0,FR1
2024-07-29 22:31:10,8,3.93,1.0,FR1,Pellet,Left,250,103,165,0.37,0,FR1
2024-07-29 22:31:42,8,3.93,,FR1,Poke,Left,251,103,165,,0,FR1
2024-07-29 22:31:43,8,3.93,1.0,FR1,Pellet,Left,251,103,166,0.44,0,FR1
2024-07-29 22:32:13,8,3.93,,FR1,Poke,Left,252,103,166,,0,FR1
2024-07-29 22:32:14,8,3.93,1.0,FR1,Pellet,Left,252,103,167,0.76,0,FR1
2024-07-29 22:58:45,8,3.93,,FR1,Poke,Left,253,103,167,,0,FR1
2024-07-29 22:58:46,8,3.93,1.0,FR1,Pellet,Left,253,103,168,0.63,0,FR1
2024-07-29 22:59:21,8,3.93,,FR1,Poke,Left,254,103,168,,0,FR1
2024-07-29 22:59:22,8,3.93,1.0,FR1,Pellet,Left,254,103,169,0.06,0,FR1
2024-07-29 22:59:36,8,3.93,,FR1,Poke,Left,255,103,169,,0,FR1
2024-07-29 22:59:37,8,3.93,1.0,FR1,Pellet,Left,255,103,170,0.63,0,FR1
2024-07-29 23:00:06,8,3.93,,FR1,Poke,Left,256,103,170,,0,FR1
2024-07-29 23:00:10,8,3.93,2.0,FR1,Pellet,Left,256,103,171,0.5,0,FR1
2024-07-29 23:00:35,8,3.93,,FR1,Poke,Left,257,103,171,,0,FR1
2024-07-29 23:00:36,8,3.92,1.0,FR1,Pellet,Left,257,103,172,0.25,0,FR1
2024-07-29 23:01:04,8,3.93,,FR1,Poke,Left,258,103,172,,0,FR1
2024-07-29 23:01:05,8,3.93,1.0,FR1,Pellet,Left,258,103,173,0.37,0,FR1
2024-07-29 23:42:09,8,3.93,,FR1,Poke,Left,259,103,173,,0,FR1
2024-07-29 23:42:11,8,3.93,1.0,FR1,Pellet,Left,259,103,174,1.26,0,FR1
2024-07-30 00:00:31,8,3.93,,FR1,Poke,Left,260,103,174,,0,FR1
2024-07-30 00:00:31,8,3.92,,FR1,Poke,Left,261,103,174,,0,FR1
2024-07-30 00:00:35,8,3.93,2.0,FR1,Pellet,Left,261,103,175,0.63,0,FR1
2024-07-30 00:01:21,8,3.93,,FR1,Poke,Left,262,103,175,,0,FR1
2024-07-30 00:01:22,8,3.93,1.0,FR1,Pellet,Left,262,103,176,0.44,0,FR1
2024-07-30 00:13:11,8,3.93,,FR1,Poke,Left,263,103,176,,0,FR1
2024-07-30 00:13:13,8,3.92,1.0,FR1,Pellet,Left,263,103,177,1.01,0,FR1
2024-07-30 00:16:15,8,3.93,,FR1,Poke,Left,263,104,177,,0,FR1
2024-07-30 00:17:54,8,3.93,,FR1,Poke,Left,263,105,177,,0,FR1
2024-07-30 00:17:57,8,3.93,,FR1,Poke,Left,264,105,177,,0,FR1
2024-07-30 00:18:00,8,3.93,2.0,FR1,Pellet,Left,264,105,178,0.25,0,FR1
2024-07-30 00:18:24,8,3.93,,FR1,Poke,Left,265,105,178,,0,FR1
2024-07-30 00:18:27,8,3.93,2.0,FR1,Pellet,Left,265,105,179,0.31,0,FR1
2024-07-30 00:18:48,8,3.93,,FR1,Poke,Left,266,105,179,,0,FR1
2024-07-30 00:18:48,8,3.92,,FR1,Poke,Left,267,105,179,,0,FR1
2024-07-30 00:18:52,8,3.92,2.0,FR1,Pellet,Left,267,105,180,0.63,0,FR1
2024-07-30 00:19:12,8,3.93,,FR1,Poke,Left,268,105,180,,0,FR1
2024-07-30 00:19:15,8,3.92,2.0,FR1,Pellet,Left,268,105,181,0.63,0,FR1
2024-07-30 00:19:45,8,3.93,,FR1,Poke,Left,269,105,181,,0,FR1
2024-07-30 00:19:46,8,3.93,1.0,FR1,Pellet,Left,269,105,182,0.25,0,FR1
2024-07-30 00:20:12,8,3.93,,FR1,Poke,Left,270,105,182,,0,FR1
2024-07-30 00:20:13,8,3.92,1.0,FR1,Pellet,Left,270,105,183,0.25,0,FR1
2024-07-30 00:20:31,8,3.92,,FR1,Poke,Left,271,105,183,,0,FR1
2024-07-30 00:20:32,8,3.92,1.0,FR1,Pellet,Left,271,105,184,0.12,0,FR1
2024-07-30 00:21:03,8,3.93,,FR1,Poke,Left,272,105,184,,0,FR1
2024-07-30 00:21:06,8,3.92,2.0,FR1,Pellet,Left,272,105,185,0.12,0,FR1
2024-07-30 00:24:18,8,3.93,,FR1,Poke,Left,272,106,185,,0,FR1
2024-07-30 00:25:26,8,3.93,,FR1,Poke,Left,272,107,185,,0,FR1
2024-07-30 00:27:11,8,3.93,,FR1,Poke,Left,272,108,185,,0,FR1
2024-07-30 00:27:20,8,3.93,,FR1,Poke,Left,273,108,185,,0,FR1
2024-07-30 00:27:25,8,3.92,,FR1,Poke,Left,274,108,185,,0,FR1
2024-07-30 00:27:43,8,3.93,1.0,FR1,Pellet,Left,274,108,186,21.61,0,FR1
2024-07-30 00:30:34,8,3.93,,FR1,Poke,Left,274,109,186,,0,FR1
2024-07-30 00:38:56,8,3.93,,FR1,Poke,Left,275,109,186,,0,FR1
2024-07-30 00:38:58,8,3.92,1.0,FR1,Pellet,Left,275,109,187,0.75,0,FR1
2024-07-30 00:40:18,8,3.93,,FR1,Poke,Left,276,109,187,,0,FR1
2024-07-30 00:40:41,8,3.93,1.0,FR1,Pellet,Left,276,109,188,22.83,0,FR1
2024-07-30 00:45:00,8,3.93,,FR1,Poke,Left,277,109,188,,0,FR1
2024-07-30 00:45:06,8,3.92,,FR1,Poke,Left,277,110,188,,0,FR1
2024-07-30 00:45:10,8,3.92,1.0,FR1,Pellet,Left,277,110,189,9.24,0,FR1
2024-07-30 00:45:38,8,3.93,,FR1,Poke,Left,278,110,189,,0,FR1
2024-07-30 00:45:39,8,3.92,,FR1,Poke,Left,279,110,189,,0,FR1
2024-07-30 00:46:05,8,3.93,,FR1,Poke,Left,280,110,189,,0,FR1
2024-07-30 00:46:11,8,3.93,,FR1,Poke,Left,281,110,189,,0,FR1
2024-07-30 00:46:19,8,3.93,,FR1,Poke,Left,282,110,189,,0,FR1
2024-07-30 00:46:27,8,3.93,3.0,FR1,Pellet,Left,282,110,190,45.15,0,FR1
2024-07-30 00:56:40,8,3.93,,FR1,Poke,Left,283,110,190,,0,FR1
2024-07-30 00:56:41,8,3.92,1.0,FR1,Pellet,Left,283,110,191,0.5,0,FR1
2024-07-30 01:00:29,8,3.93,,FR1,Poke,Left,284,110,191,,0,FR1
2024-07-30 01:00:33,8,3.92,2.0,FR1,Pellet,Left,284,110,192,1.39,0,FR1
2024-07-30 01:01:10,8,3.92,,FR1,Poke,Left,284,111,192,,0,FR1
2024-07-30 01:01:28,8,3.92,,FR1,Poke,Left,284,112,192,,0,FR1
2024-07-30 02:14:31,8,3.92,,FR1,Poke,Left,285,112,192,,0,FR1
2024-07-30 02:14:37,8,3.92,3.0,FR1,Pellet,Left,285,112,193,0.88,0,FR1
2024-07-30 02:15:10,8,3.92,,FR1,Poke,Left,286,112,193,,0,FR1
2024-07-30 02:15:11,8,3.92,1.0,FR1,Pellet,Left,286,112,194,0.69,0,FR1
2024-07-30 02:15:33,8,3.92,,FR1,Poke,Left,287,112,194,,0,FR1
2024-07-30 02:15:37,8,3.92,2.0,FR1,Pellet,Left,287,112,195,0.5,0,FR1
2024-07-30 02:16:10,8,3.92,,FR1,Poke,Left,288,112,195,,0,FR1
2024-07-30 02:16:10,8,3.93,,FR1,Poke,Left,289,112,195,,0,FR1
2024-07-30 02:16:12,8,3.92,,FR1,Poke,Left,290,112,195,,0,FR1
2024-07-30 02:16:19,8,3.92,4.0,FR1,Pellet,Left,290,112,196,0.75,0,FR1
2024-07-30 02:16:46,8,3.92,,FR1,Poke,Left,291,112,196,,0,FR1
2024-07-30 02:16:48,8,3.92,1.0,FR1,Pellet,Left,291,112,197,0.63,0,FR1
2024-07-30 02:17:31,8,3.92,,FR1,Poke,Left,292,112,197,,0,FR1
2024-07-30 02:17:32,8,3.92,1.0,FR1,Pellet,Left,292,112,198,0.75,0,FR1
2024-07-30 02:18:33,8,3.92,,FR1,Poke,Left,292,113,198,,0,FR1
2024-07-30 02:19:11,8,3.93,,FR1,Poke,Left,292,114,198,,0,FR1
2024-07-30 02:23:00,8,3.92,,FR1,Poke,Left,293,114,198,,0,FR1
2024-07-30 02:23:01,8,3.92,1.0,FR1,Pellet,Left,293,114,199,0.63,0,FR1
2024-07-30 02:24:23,8,3.93,,FR1,Poke,Left,293,115,199,,0,FR1
2024-07-30 02:24:40,8,3.93,,FR1,Poke,Left,294,115,199,,0,FR1
2024-07-30 02:36:22,8,3.92,,FR1,Poke,Left,294,116,199,,0,FR1
2024-07-30 02:36:23,8,3.93,1.0,FR1,Pellet,Left,294,116,200,,0,FR1
2024-07-30 02:38:58,8,3.93,,FR1,Poke,Left,295,116,200,,0,FR1
2024-07-30 02:44:26,8,3.92,,FR1,Poke,Left,295,117,200,,0,FR1
2024-07-30 02:47:43,8,3.92,1.0,FR1,Pellet,Left,295,117,201,,0,FR1
2024-07-30 02:48:07,8,3.92,,FR1,Poke,Left,296,117,201,,0,FR1
2024-07-30 02:48:10,8,3.92,2.0,FR1,Pellet,Left,296,117,202,0.31,0,FR1
2024-07-30 02:48:27,8,3.92,,FR1,Poke,Left,297,117,202,,0,FR1
2024-07-30 02:48:28,8,3.92,1.0,FR1,Pellet,Left,297,117,203,0.19,0,FR1
2024-07-30 02:48:48,8,3.92,,FR1,Poke,Left,298,117,203,,0,FR1
2024-07-30 02:48:52,8,3.92,2.0,FR1,Pellet,Left,298,117,204,1.01,0,FR1
2024-07-30 02:49:08,8,3.93,,FR1,Poke,Left,299,117,204,,0,FR1
2024-07-30 02:49:09,8,3.92,1.0,FR1,Pellet,Left,299,117,205,0.5,0,FR1
2024-07-30 02:49:28,8,3.92,,FR1,Poke,Left,300,117,205,,0,FR1
2024-07-30 02:49:29,8,3.92,1.0,FR1,Pellet,Left,300,117,206,0.25,0,FR1
2024-07-30 02:49:50,8,3.92,,FR1,Poke,Left,301,117,206,,0,FR1
2024-07-30 02:49:52,8,3.93,1.0,FR1,Pellet,Left,301,117,207,0.31,0,FR1
2024-07-30 02:52:11,8,3.92,,FR1,Poke,Left,302,117,207,,0,FR1
2024-07-30 02:54:59,8,3.92,1.0,FR1,Pellet,Left,302,117,208,,0,FR1
2024-07-30 03:00:59,8,3.92,,FR1,Poke,Left,303,117,208,,0,FR1
2024-07-30 03:01:00,8,3.92,1.0,FR1,Pellet,Left,303,117,209,0.63,0,FR1
2024-07-30 03:01:26,8,3.92,,FR1,Poke,Left,304,117,209,,0,FR1
2024-07-30 03:01:27,8,3.93,1.0,FR1,Pellet,Left,304,117,210,0.56,0,FR1
2024-07-30 03:18:36,8,3.92,,FR1,Poke,Left,304,118,210,,0,FR1
2024-07-30 03:24:57,8,3.92,,FR1,Poke,Left,305,118,210,,0,FR1
2024-07-30 03:24:58,8,3.92,1.0,FR1,Pellet,Left,305,118,211,0.82,0,FR1
2024-07-30 03:25:26,8,3.91,,FR1,Poke,Left,306,118,211,,0,FR1
2024-07-30 03:25:28,8,3.91,1.0,FR1,Pellet,Left,306,118,212,1.26,0,FR1
2024-07-30 03:48:49,8,3.92,,FR1,Poke,Left,307,118,212,,0,FR1
2024-07-30 03:48:51,8,3.92,1.0,FR1,Pellet,Left,307,118,213,1.26,0,FR1
2024-07-30 04:50:41,8,3.91,,FR1,Poke,Left,308,118,213,,0,FR1
2024-07-30 04:50:43,8,3.91,1.0,FR1,Pellet,Left,308,118,214,0.56,0,FR1
2024-07-30 04:51:09,8,3.92,,FR1,Poke,Left,309,118,214,,0,FR1
2024-07-30 04:51:11,8,3.91,1.0,FR1,Pellet,Left,309,118,215,0.63,0,FR1
2024-07-30 04:51:52,8,3.91,,FR1,Poke,Left,310,118,215,,0,FR1
2024-07-30 04:51:53,8,3.92,1.0,FR1,Pellet,Left,310,118,216,0.63,0,FR1
2024-07-30 04:52:15,8,3.92,,FR1,Poke,Left,311,118,216,,0,FR1
2024-07-30 04:52:17,8,3.91,1.0,FR1,Pellet,Left,311,118,217,0.88,0,FR1
2024-07-30 05:01:13,8,3.91,,FR1,Poke,Left,312,118,217,,0,FR1
2024-07-30 05:01:18,8,3.91,1.0,FR1,Pellet,Left,312,118,218,4.43,0,FR1
2024-07-30 05:05:25,8,3.91,,FR1,Poke,Left,313,118,218,,0,FR1
2024-07-30 05:08:35,8,3.91,1.0,FR1,Pellet,Left,313,118,219,,0,FR1
2024-07-30 05:09:38,8,3.92,,FR1,Poke,Left,314,118,219,,0,FR1
2024-07-30 05:09:42,8,3.92,2.0,FR1,Pellet,Left,314,118,220,1.26,0,FR1
2024-07-30 05:11:14,8,3.91,,FR1,Poke,Left,315,118,220,,0,FR1
2024-07-30 05:11:34,8,3.91,1.0,FR1,Pellet,Left,315,118,221,19.52,0,FR1
2024-07-30 05:14:12,8,3.91,,FR1,Poke,Left,316,118,221,,0,FR1
2024-07-30 05:15:23,8,3.91,,FR1,Poke,Left,317,118,221,,0,FR1
2024-07-30 05:15:24,8,3.92,,FR1,Poke,Left,318,118,221,,0,FR1
2024-07-30 05:15:38,8,3.91,1.0,FR1,Pellet,Left,318,118,222,,0,FR1
2024-07-30 05:18:22,8,3.91,,FR1,Poke,Left,318,119,222,,0,FR1
2024-07-30 05:18:25,8,3.92,,FR1,Poke,Left,318,120,222,,0,FR1
2024-07-30 05:18:32,8,3.91,,FR1,Poke,Left,318,121,222,,0,FR1
2024-07-30 05:20:07,8,3.91,,FR1,Poke,Left,319,121,222,,0,FR1
2024-07-30 05:20:19,8,3.91,1.0,FR1,Pellet,Left,319,121,223,11.44,0,FR1
2024-07-30 05:20:43,8,3.92,,FR1,Poke,Left,320,121,223,,0,FR1
2024-07-30 05:20:47,8,3.91,,FR1,Poke,Left,321,121,223,,0,FR1
2024-07-30 05:30:31,8,3.91,1.0,FR1,Pellet,Left,321,121,224,,0,FR1
2024-07-30 05:30:50,8,3.91,,FR1,Poke,Left,322,121,224,,0,FR1
2024-07-30 05:31:09,8,3.91,,FR1,Poke,Left,322,122,224,,0,FR1
2024-07-30 05:34:10,8,3.91,,FR1,Poke,Left,323,122,224,,0,FR1
2024-07-30 05:36:53,8,3.91,,FR1,Poke,Left,323,123,224,,0,FR1
2024-07-30 05:41:54,8,3.91,,FR1,Poke,Left,324,123,224,,0,FR1
2024-07-30 05:42:00,8,3.92,,FR1,Poke,Left,325,123,224,,0,FR1
2024-07-30 05:42:03,8,3.91,,FR1,Poke,Left,326,123,224,,0,FR1
2024-07-30 05:43:36,8,3.92,1.0,FR1,Pellet,Left,326,123,225,,0,FR1
2024-07-30 05:44:52,8,3.92,,FR1,Poke,Left,327,123,225,,0,FR1
2024-07-30 05:44:54,8,3.91,,FR1,Poke,Left,328,123,225,,0,FR1
2024-07-30 05:48:11,8,3.91,1.0,FR1,Pellet,Left,328,123,226,,0,FR1
2024-07-30 05:57:12,8,3.91,,FR1,Poke,Left,328,124,226,,0,FR1
2024-07-30 07:37:27,8,3.91,,FR1,Poke,Left,329,124,226,,0,FR1
2024-07-30 07:37:33,8,3.91,4.0,FR1,Pellet,Left,329,124,227,0.69,0,FR1
2024-07-30 07:38:15,8,3.91,,FR1,Poke,Left,330,124,227,,0,FR1
2024-07-30 07:38:16,8,3.91,2.0,FR1,Pellet,Left,330,124,228,0.31,0,FR1
2024-07-30 07:38:38,8,3.91,,FR1,Poke,Left,331,124,228,,0,FR1
2024-07-30 07:38:39,8,3.91,2.0,FR1,Pellet,Left,331,124,229,0.31,0,FR1
2024-07-30 07:39:07,8,3.91,,FR1,Poke,Left,332,124,229,,0,FR1
2024-07-30 07:39:08,8,3.91,1.0,FR1,Pellet,Left,332,124,230,0.25,0,FR1
2024-07-30 07:39:36,8,3.91,,FR1,Poke,Left,333,124,230,,0,FR1
2024-07-30 07:39:37,8,3.91,1.0,FR1,Pellet,Left,333,124,231,0.31,0,FR1
2024-07-30 07:48:08,8,3.91,,FR1,Poke,Left,334,124,231,,0,FR1
2024-07-30 07:48:09,8,3.91,,FR1,Poke,Left,335,124,231,,0,FR1
2024-07-30 07:49:31,8,3.91,,FR1,Poke,Left,336,124,231,,0,FR1
2024-07-30 07:50:34,8,3.91,,FR1,Poke,Left,336,125,231,,0,FR1
2024-07-30 07:50:35,8,3.91,,FR1,Poke,Left,336,126,231,,0,FR1
2024-07-30 07:52:54,8,3.91,,FR1,Poke,Left,336,127,231,,0,FR1
2024-07-30 07:52:57,8,3.91,2.0,FR1,Pellet,Left,336,127,232,,0,FR1
2024-07-30 07:55:26,8,3.91,,FR1,Poke,Left,336,128,232,,0,FR1
2024-07-30 07:55:32,8,3.91,,FR1,Poke,Left,337,128,232,,0,FR1
2024-07-30 07:56:00,8,3.91,1.0,FR1,Pellet,Left,337,128,233,27.2,0,FR1
2024-07-30 08:37:27,8,3.91,,FR1,Poke,Left,338,128,233,,0,FR1
2024-07-30 08:37:29,8,3.91,2.0,FR1,Pellet,Left,338,128,234,0.95,0,FR1
2024-07-30 08:38:04,8,3.91,,FR1,Poke,Left,339,128,234,,0,FR1
2024-07-30 08:38:05,8,3.91,1.0,FR1,Pellet,Left,339,128,235,0.63,0,FR1
2024-07-30 08:38:26,8,3.91,,FR1,Poke,Left,340,128,235,,0,FR1
2024-07-30 08:38:27,8,3.9,1.0,FR1,Pellet,Left,340,128,236,0.37,0,FR1
2024-07-30 08:39:13,8,3.91,,FR1,Poke,Left,340,129,236,,0,FR1
2024-07-30 08:40:01,8,3.91,,FR1,Poke,Left,341,129,236,,0,FR1
2024-07-30 08:40:02,8,3.91,2.0,FR1,Pellet,Left,341,129,237,0.19,0,FR1
2024-07-30 08:42:49,8,3.91,,FR1,Poke,Left,341,130,237,,0,FR1
2024-07-30 08:47:15,8,3.91,,FR1,Poke,Left,342,130,237,,0,FR1
2024-07-30 08:47:34,8,3.91,1.0,FR1,Pellet,Left,342,130,238,17.68,0,FR1
2024-07-30 09:38:19,8,3.91,,FR1,Poke,Left,343,130,238,,0,FR1
2024-07-30 09:38:20,8,3.91,1.0,FR1,Pellet,Left,343,130,239,0.44,0,FR1
2024-07-30 09:40:07,8,3.91,,FR1,Poke,Left,344,130,239,,0,FR1
2024-07-30 09:40:09,8,3.91,1.0,FR1,Pellet,Left,344,130,240,0.63,0,FR1
2024-07-30 09:42:16,8,3.91,,FR1,Poke,Left,344,131,240,,0,FR1
2024-07-30 09:45:03,8,3.91,,FR1,Poke,Left,344,132,240,,0,FR1
2024-07-30 09:45:58,8,3.91,,FR1,Poke,Left,345,132,240,,0,FR1
2024-07-30 09:46:25,8,3.91,2.0,FR1,Pellet,Left,345,132,241,24.06,0,FR1
2024-07-30 09:47:55,8,3.9,,FR1,Poke,Left,345,133,241,,0,FR1
2024-07-30 09:52:06,8,3.91,,FR1,Poke,Left,346,133,241,,0,FR1
2024-07-30 09:52:11,8,3.91,,FR1,Poke,Left,347,133,241,,0,FR1
2024-07-30 09:52:12,8,3.91,,FR1,Poke,Left,348,133,241,,0,FR1
2024-07-30 09:52:22,8,3.9,,FR1,Poke,Left,349,133,241,,0,FR1
2024-07-30 09:52:44,8,3.9,1.0,FR1,Pellet,Left,349,133,242,37.31,0,FR1
2024-07-30 09:54:53,8,3.91,,FR1,Poke,Left,350,133,242,,0,FR1
2024-07-30 09:59:05,8,3.91,,FR1,Poke,Left,350,134,242,,0,FR1
2024-07-30 10:00:35,8,3.91,1.0,FR1,Pellet,Left,350,134,243,,0,FR1
2024-07-30 10:03:57,8,3.91,,FR1,Poke,Left,350,135,243,,0,FR1
2024-07-30 10:23:37,8,3.89,,FR1,Poke,Left,350,136,243,,0,FR1
2024-07-30 11:19:21,8,3.91,,FR1,Poke,Left,351,136,243,,0,FR1
2024-07-30 11:19:25,8,3.9,2.0,FR1,Pellet,Left,351,136,244,0.25,0,FR1
2024-07-30 11:19:56,8,3.9,,FR1,Poke,Left,352,136,244,,0,FR1
2024-07-30 11:19:57,8,3.9,1.0,FR1,Pellet,Left,352,136,245,0.31,0,FR1
2024-07-30 11:20:24,8,3.9,,FR1,Poke,Left,353,136,245,,0,FR1
2024-07-30 11:20:25,8,3.9,1.0,FR1,Pellet,Left,353,136,246,0.19,0,FR1
2024-07-30 11:21:11,8,3.9,,FR1,Poke,Left,354,136,246,,0,FR1
2024-07-30 11:21:12,8,3.9,1.0,FR1,Pellet,Left,354,136,247,0.37,0,FR1
2024-07-30 11:22:58,8,3.91,,FR1,Poke,Left,354,137,247,,0,FR1
2024-07-30 12:00:33,8,3.9,,FR1,Poke,Left,355,137,247,,0,FR1
2024-07-30 12:00:37,8,3.9,2.0,FR1,Pellet,Left,355,137,248,1.64,0,FR1
2024-07-30 12:01:27,8,3.89,,FR1,Poke,Left,356,137,248,,0,FR1
2024-07-30 12:01:29,8,3.9,1.0,FR1,Pellet,Left,356,137,249,1.13,0,FR1
2024-07-30 12:02:07,8,3.89,,FR1,Poke,Left,357,137,249,,0,FR1
2024-07-30 12:02:09,8,3.9,1.0,FR1,Pellet,Left,357,137,250,0.44,0,FR1
2024-07-30 12:05:21,8,3.9,,FR1,Poke,Left,358,137,250,,0,FR1
2024-07-30 12:05:21,8,3.9,,FR1,Poke,Left,359,137,250,,0,FR1
2024-07-30 12:05:25,8,3.9,2.0,FR1,Pellet,Left,359,137,251,0.56,0,FR1
2024-07-30 12:33:32,8,3.9,,FR1,Poke,Left,360,137,251,,0,FR1
2024-07-30 12:33:33,8,3.9,1.0,FR1,Pellet,Left,360,137,252,0.94,0,FR1
2024-07-30 12:34:04,8,3.9,,FR1,Poke,Left,361,137,252,,0,FR1
2024-07-30 12:34:05,8,3.9,1.0,FR1,Pellet,Left,361,137,253,0.31,0,FR1
2024-07-30 12:46:39,8,3.9,,FR1,Poke,Left,362,137,253,,0,FR1
2024-07-30 12:46:56,8,3.9,2.0,FR1,Pellet,Left,362,137,254,13.73,0,FR1
2024-07-30 12:51:47,8,3.9,,FR1,Poke,Left,362,138,254,,0,FR1
2024-07-30 13:20:50,8,3.9,,FR1,Poke,Left,363,138,254,,0,FR1
2024-07-30 13:20:51,8,3.9,1.0,FR1,Pellet,Left,363,138,255,0.37,0,FR1
2024-07-30 13:21:16,8,3.9,,FR1,Poke,Left,364,138,255,,0,FR1
2024-07-30 13:21:30,8,3.9,2.0,FR1,Pellet,Left,364,138,256,10.61,0,FR1
2024-07-30 13:21:59,8,3.9,,FR1,Poke,Left,365,138,256,,0,FR1
2024-07-30 13:22:02,8,3.89,2.0,FR1,Pellet,Left,365,138,257,0.31,0,FR1
2024-07-30 13:22:32,8,3.89,,FR1,Poke,Left,366,138,257,,0,FR1
2024-07-30 13:22:33,8,3.9,,FR1,Poke,Left,367,138,257,,0,FR1
2024-07-30 13:22:36,8,3.9,2.0,FR1,Pellet,Left,367,138,258,0.44,0,FR1
2024-07-30 13:22:57,8,3.89,,FR1,Poke,Left,368,138,258,,0,FR1
2024-07-30 13:22:59,8,3.9,1.0,FR1,Pellet,Left,368,138,259,0.37,0,FR1
2024-07-30 13:23:24,8,3.9,,FR1,Poke,Left,369,138,259,,0,FR1
2024-07-30 13:23:25,8,3.89,1.0,FR1,Pellet,Left,369,138,260,0.69,0,FR1
2024-07-30 14:43:59,8,3.89,,FR1,Poke,Left,370,138,260,,0,FR1
2024-07-30 14:44:01,8,3.9,1.0,FR1,Pellet,Left,370,138,261,0.88,0,FR1
2024-07-30 14:44:46,8,3.89,,FR1,Poke,Left,371,138,261,,0,FR1
2024-07-30 14:44:47,8,3.89,1.0,FR1,Pellet,Left,371,138,262,0.25,0,FR1
2024-07-30 14:54:33,8,3.9,,FR1,Poke,Left,372,138,262,,0,FR1
2024-07-30 14:55:09,8,3.9,2.0,FR1,Pellet,Left,372,138,263,35.17,0,FR1
2024-07-30 15:03:21,8,3.89,,FR1,Poke,Left,373,138,263,,0,FR1
2024-07-30 15:03:22,8,3.9,2.0,FR1,Pellet,Left,373,138,264,0.19,0,FR1
2024-07-30 15:13:41,8,3.89,,FR1,Poke,Left,374,138,264,,0,FR1
2024-07-30 15:13:41,8,3.89,1.0,FR1,Pellet,Left,374,138,265,0.31,0,FR1
2024-07-30 15:14:24,8,3.89,,FR1,Poke,Left,375,138,265,,0,FR1
2024-07-30 15:15:12,8,3.89,3.0,FR1,Pellet,Left,375,138,266,42.83,0,FR1
2024-07-30 15:55:57,8,3.89,,FR1,Poke,Left,376,138,266,,0,FR1
2024-07-30 15:56:00,8,3.89,2.0,FR1,Pellet,Left,376,138,267,0.37,0,FR1
2024-07-30 15:56:38,8,3.89,,FR1,Poke,Left,377,138,267,,0,FR1
2024-07-30 15:56:38,8,3.89,,FR1,Poke,Left,378,138,267,,0,FR1
2024-07-30 15:56:42,8,3.89,2.0,FR1,Pellet,Left,378,138,268,0.5,0,FR1
2024-07-30 15:57:09,8,3.89,,FR1,Poke,Left,379,138,268,,0,FR1
2024-07-30 15:57:10,8,3.89,1.0,FR1,Pellet,Left,379,138,269,0.56,0,FR1
2024-07-30 15:57:37,8,3.89,,FR1,Poke,Left,380,138,269,,0,FR1
2024-07-30 15:57:37,8,3.89,,FR1,Poke,Left,381,138,269,,0,FR1
2024-07-30 15:57:40,8,3.89,3.0,FR1,Pellet,Left,381,138,270,0.19,0,FR1
2024-07-30 15:57:58,8,3.89,,FR1,Poke,Left,382,138,270,,0,FR1
2024-07-30 15:58:00,8,3.89,1.0,FR1,Pellet,Left,382,138,271,0.37,0,FR1
2024-07-30 15:58:26,8,3.89,,FR1,Poke,Left,383,138,271,,0,FR1
2024-07-30 15:58:27,8,3.89,1.0,FR1,Pellet,Left,383,138,272,0.44,0,FR1
2024-07-30 16:16:56,8,3.89,,FR1,Poke,Left,384,138,272,,0,FR1
2024-07-30 16:16:57,8,3.89,,FR1,Poke,Left,385,138,272,,0,FR1
2024-07-30 16:16:58,8,3.89,1.0,FR1,Pellet,Left,385,138,273,0.82,0,FR1
2024-07-30 16:26:05,8,3.89,,FR1,Poke,Left,386,138,273,,0,FR1
2024-07-30 16:26:06,8,3.89,2.0,FR1,Pellet,Left,386,138,274,0.12,0,FR1
2024-07-30 16:26:36,8,3.89,,FR1,Poke,Left,387,138,274,,0,FR1
2024-07-30 16:26:38,8,3.89,2.0,FR1,Pellet,Left,387,138,275,0.25,0,FR1
2024-07-30 16:27:07,8,3.89,,FR1,Poke,Left,388,138,275,,0,FR1
2024-07-30 16:27:08,8,3.89,1.0,FR1,Pellet,Left,388,138,276,0.31,0,FR1
2024-07-30 16:27:37,8,3.89,,FR1,Poke,Left,389,138,276,,0,FR1
2024-07-30 16:27:39,8,3.89,1.0,FR1,Pellet,Left,389,138,277,0.25,0,FR1
2024-07-30 16:28:01,8,3.89,,FR1,Poke,Left,390,138,277,,0,FR1
2024-07-30 16:28:02,8,3.89,1.0,FR1,Pellet,Left,390,138,278,0.56,0,FR1
2024-07-30 16:28:27,8,3.89,,FR1,Poke,Left,391,138,278,,0,FR1
2024-07-30 16:28:28,8,3.89,1.0,FR1,Pellet,Left,391,138,279,0.37,0,FR1
2024-07-30 17:11:49,8,3.89,,FR1,Poke,Left,392,138,279,,0,FR1
2024-07-30 17:11:51,8,3.89,2.0,FR1,Pellet,Left,392,138,280,0.75,0,FR1
2024-07-30 17:12:27,8,3.89,,FR1,Poke,Left,393,138,280,,0,FR1
2024-07-30 17:12:28,8,3.89,1.0,FR1,Pellet,Left,393,138,281,0.31,0,FR1
2024-07-30 17:12:53,8,3.89,,FR1,Poke,Left,394,138,281,,0,FR1
2024-07-30 17:12:54,8,3.89,1.0,FR1,Pellet,Left,394,138,282,0.5,0,FR1
2024-07-30 17:13:18,8,3.89,,FR1,Poke,Left,395,138,282,,0,FR1
2024-07-30 17:13:33,8,3.89,2.0,FR1,Pellet,Left,395,138,283,12.14,0,FR1
2024-07-30 17:14:02,8,3.9,,FR1,Poke,Left,396,138,283,,0,FR1
2024-07-30 17:14:03,8,3.89,1.0,FR1,Pellet,Left,396,138,284,0.69,0,FR1
2024-07-30 17:34:10,8,3.89,,FR1,Poke,Left,397,138,284,,0,FR1
2024-07-30 17:34:11,8,3.89,1.0,FR1,Pellet,Left,397,138,285,0.63,0,FR1
2024-07-30 17:34:42,8,3.89,,FR1,Poke,Left,398,138,285,,0,FR1
2024-07-30 17:34:44,8,3.89,1.0,FR1,Pellet,Left,398,138,286,1.01,0,FR1
2024-07-30 17:35:11,8,3.89,,FR1,Poke,Left,399,138,286,,0,FR1
2024-07-30 17:35:14,8,3.89,2.0,FR1,Pellet,Left,399,138,287,0.37,0,FR1
2024-07-30 17:35:37,8,3.89,,FR1,Poke,Left,400,138,287,,0,FR1
2024-07-30 17:35:38,8,3.89,2.0,FR1,Pellet,Left,400,138,288,0.12,0,FR1
2024-07-30 17:36:08,8,3.89,,FR1,Poke,Left,401,138,288,,0,FR1
2024-07-30 17:36:09,8,3.89,1.0,FR1,Pellet,Left,401,138,289,0.31,0,FR1
2024-07-30 18:04:43,8,3.89,,FR1,Poke,Left,402,138,289,,0,FR1
2024-07-30 18:04:46,8,3.89,2.0,FR1,Pellet,Left,402,138,290,0.25,0,FR1
2024-07-30 18:05:08,8,3.89,,FR1,Poke,Left,403,138,290,,0,FR1
2024-07-30 18:05:11,8,3.89,2.0,FR1,Pellet,Left,403,138,291,0.5,0,FR1
2024-07-30 18:05:30,8,3.89,,FR1,Poke,Left,404,138,291,,0,FR1
2024-07-30 18:05:36,8,3.88,3.0,FR1,Pellet,Left,404,138,292,0.31,0,FR1
2024-07-30 18:06:02,8,3.89,,FR1,Poke,Left,405,138,292,,0,FR1
2024-07-30 18:06:03,8,3.88,1.0,FR1,Pellet,Left,405,138,293,0.31,0,FR1
2024-07-30 18:06:27,8,3.89,,FR1,Poke,Left,406,138,293,,0,FR1
2024-07-30 18:06:28,8,3.89,1.0,FR1,Pellet,Left,406,138,294,0.37,0,FR1
2024-07-30 18:06:48,8,3.89,,FR1,Poke,Left,407,138,294,,0,FR1
2024-07-30 18:06:50,8,3.89,1.0,FR1,Pellet,Left,407,138,295,0.44,0,FR1
2024-07-30 18:13:39,8,3.89,,FR1,Poke,Left,408,138,295,,0,FR1
2024-07-30 18:13:39,8,3.89,,FR1,Poke,Left,409,138,295,,0,FR1
2024-07-30 18:13:46,8,3.89,,FR1,Poke,Left,410,138,295,,0,FR1
2024-07-30 18:13:57,8,3.89,3.0,FR1,Pellet,Left,410,138,296,13.58,0,FR1
2024-07-30 18:16:43,8,3.89,,FR1,Poke,Left,411,138,296,,0,FR1
2024-07-30 18:16:44,8,3.89,1.0,FR1,Pellet,Left,411,138,297,0.31,0,FR1
2024-07-30 18:19:49,8,3.89,,FR1,Poke,Left,412,138,297,,0,FR1
2024-07-30 18:19:50,8,3.89,2.0,FR1,Pellet,Left,412,138,298,0.19,0,FR1
2024-07-30 18:24:43,8,3.89,,FR1,Poke,Left,413,138,298,,0,FR1
2024-07-30 18:24:45,8,3.88,1.0,FR1,Pellet,Left,413,138,299,0.69,0,FR1
2024-07-30 18:25:13,8,3.89,,FR1,Poke,Left,414,138,299,,0,FR1
2024-07-30 18:25:14,8,3.89,1.0,FR1,Pellet,Left,414,138,300,0.63,0,FR1
2024-07-30 18:27:05,8,3.89,,FR1,Poke,Left,414,139,300,,0,FR1
2024-07-30 18:27:53,8,3.89,,FR1,Poke,Left,415,139,300,,0,FR1
2024-07-30 18:28:33,8,3.89,1.0,FR1,Pellet,Left,415,139,301,38.28,0,FR1
2024-07-30 18:29:09,8,3.89,,FR1,Poke,Left,416,139,301,,0,FR1
2024-07-30 18:30:39,8,3.89,2.0,FR1,Pellet,Left,416,139,302,,0,FR1
2024-07-30 18:34:38,8,3.88,,FR1,Poke,Left,416,140,302,,0,FR1
2024-07-30 18:39:06,8,3.89,,FR1,Poke,Left,417,140,302,,0,FR1
2024-07-30 18:40:19,8,3.89,2.0,FR1,Pellet,Left,417,140,303,,0,FR1
2024-07-30 18:40:50,8,3.89,,FR1,Poke,Left,418,140,303,,0,FR1
2024-07-30 18:40:51,8,3.89,1.0,FR1,Pellet,Left,418,140,304,0.37,0,FR1
2024-07-30 18:41:18,8,3.89,,FR1,Poke,Left,419,140,304,,0,FR1
2024-07-30 18:41:19,8,3.88,1.0,FR1,Pellet,Left,419,140,305,0.63,0,FR1
2024-07-30 18:42:43,8,3.89,,FR1,Poke,Left,420,140,305,,0,FR1
2024-07-30 18:42:46,8,3.89,2.0,FR1,Pellet,Left,420,140,306,0.5,0,FR1
2024-07-30 18:43:59,8,3.89,,FR1,Poke,Left,421,140,306,,0,FR1
2024-07-30 18:43:59,8,3.89,,FR1,Poke,Left,422,140,306,,0,FR1
2024-07-30 18:47:35,8,3.89,2.0,FR1,Pellet,Left,422,140,307,,0,FR1
2024-07-30 18:52:38,8,3.89,,FR1,Poke,Left,422,141,307,,0,FR1
2024-07-30 18:52:43,8,3.89,,FR1,Poke,Left,423,141,307,,0,FR1
2024-07-30 18:53:01,8,3.89,1.0,FR1,Pellet,Left,423,141,308,16.72,0,FR1
2024-07-30 18:55:38,8,3.89,,FR1,Poke,Left,424,141,308,,0,FR1
2024-07-30 18:55:39,8,3.89,,FR1,Poke,Left,425,141,308,,0,FR1
2024-07-30 18:56:11,8,3.89,1.0,FR1,Pellet,Left,425,141,309,33.07,0,FR1
2024-07-30 18:57:42,8,3.89,,FR1,Poke,Left,425,142,309,,0,FR1
2024-07-30 18:58:40,8,3.89,,FR1,Poke,Left,426,142,309,,0,FR1
2024-07-30 18:58:41,8,3.89,1.0,FR1,Pellet,Left,426,142,310,0.56,0,FR1
2024-07-30 19:03:27,8,3.89,,FR1,Poke,Left,427,142,310,,0,FR1
2024-07-30 19:03:30,8,3.89,1.0,FR1,Pellet,Left,427,142,311,2.21,0,FR1
2024-07-30 19:06:13,8,3.89,,FR1,Poke,Left,428,142,311,,0,FR1
2024-07-30 19:06:14,8,3.89,1.0,FR1,Pellet,Left,428,142,312,0.56,0,FR1
2024-07-30 19:08:54,8,3.89,,FR1,Poke,Left,429,142,312,,0,FR1
2024-07-30 19:08:58,8,3.89,2.0,FR1,Pellet,Left,429,142,313,1.07,0,FR1
2024-07-30 19:12:42,8,3.88,,FR1,Poke,Left,430,142,313,,0,FR1
2024-07-30 19:12:50,8,3.89,,FR1,Poke,Left,431,142,313,,0,FR1
2024-07-30 19:13:20,8,3.88,1.0,FR1,Pellet,Left,431,142,314,36.81,0,FR1
2024-07-30 19:14:53,8,3.89,,FR1,Poke,Left,432,142,314,,0,FR1
2024-07-30 19:15:04,8,3.88,1.0,FR1,Pellet,Left,432,142,315,10.47,0,FR1
2024-07-30 19:15:11,8,3.88,,FR1,Poke,Left,433,142,315,,0,FR1
2024-07-30 19:18:20,8,3.89,1.0,FR1,Pellet,Left,433,142,316,,0,FR1
2024-07-30 19:19:17,8,3.88,,FR1,Poke,Left,433,143,316,,0,FR1
2024-07-30 19:19:57,8,3.88,,FR1,Poke,Left,434,143,316,,0,FR1
2024-07-30 19:20:08,8,3.89,1.0,FR1,Pellet,Left,434,143,317,10.16,0,FR1
2024-07-30 19:22:43,8,3.88,,FR1,Poke,Left,434,144,317,,0,FR1
2024-07-30 19:23:05,8,3.89,,FR1,Poke,Left,435,144,317,,0,FR1
2024-07-30 19:24:17,8,3.89,1.0,FR1,Pellet,Left,435,144,318,,0,FR1
2024-07-30 19:24:40,8,3.89,,FR1,Poke,Left,436,144,318,,0,FR1
2024-07-30 19:24:42,8,3.89,1.0,FR1,Pellet,Left,436,144,319,1.07,0,FR1
2024-07-30 19:29:52,8,3.89,,FR1,Poke,Left,437,144,319,,0,FR1
2024-07-30 19:33:00,8,3.89,2.0,FR1,Pellet,Left,437,144,320,,0,FR1
2024-07-30 19:33:29,8,3.89,,FR1,Poke,Left,438,144,320,,0,FR1
2024-07-30 19:33:31,8,3.88,1.0,FR1,Pellet,Left,438,144,321,1.26,0,FR1
2024-07-30 19:37:10,8,3.88,,FR1,Poke,Left,438,145,321,,0,FR1
2024-07-30 19:37:56,8,3.89,,FR1,Poke,Left,439,145,321,,0,FR1
2024-07-30 19:38:11,8,3.89,1.0,FR1,Pellet,Left,439,145,322,14.55,0,FR1
2024-07-30 19:44:22,8,3.89,,FR1,Poke,Left,440,145,322,,0,FR1
2024-07-30 19:44:23,8,3.88,1.0,FR1,Pellet,Left,440,145,323,0.75,0,FR1
2024-07-30 19:48:04,8,3.88,,FR1,Poke,Left,441,145,323,,0,FR1
2024-07-30 19:48:07,8,3.88,2.0,FR1,Pellet,Left,441,145,324,0.69,0,FR1
2024-07-30 19:48:29,8,3.88,,FR1,Poke,Left,442,145,324,,0,FR1
2024-07-30 19:48:30,8,3.89,2.0,FR1,Pellet,Left,442,145,325,0.06,0,FR1
2024-07-30 19:48:48,8,3.88,,FR1,Poke,Left,443,145,325,,0,FR1
2024-07-30 19:52:41,8,3.88,1.0,FR1,Pellet,Left,443,145,326,,0,FR1
2024-07-30 20:00:48,8,3.89,,FR1,Poke,Left,444,145,326,,0,FR1
2024-07-30 20:00:50,8,3.88,1.0,FR1,Pellet,Left,444,145,327,1.52,0,FR1
2024-07-30 20:01:12,8,3.88,,FR1,Poke,Left,445,145,327,,0,FR1
2024-07-30 20:01:13,8,3.88,1.0,FR1,Pellet,Left,445,145,328,0.44,0,FR1
2024-07-30 20:01:34,8,3.88,,FR1,Poke,Left,446,145,328,,0,FR1
2024-07-30 20:01:37,8,3.88,2.0,FR1,Pellet,Left,446,145,329,0.25,0,FR1
2024-07-30 20:02:01,8,3.88,,FR1,Poke,Left,447,145,329,,0,FR1
2024-07-30 20:02:04,8,3.89,2.0,FR1,Pellet,Left,447,145,330,0.5,0,FR1
2024-07-30 20:02:23,8,3.89,,FR1,Poke,Left,448,145,330,,0,FR1
2024-07-30 20:02:43,8,3.88,3.0,FR1,Pellet,Left,448,145,331,14.87,0,FR1
2024-07-30 20:03:09,8,3.88,,FR1,Poke,Left,449,145,331,,0,FR1
2024-07-30 20:03:10,8,3.87,1.0,FR1,Pellet,Left,449,145,332,0.25,0,FR1
2024-07-30 20:03:33,8,3.89,,FR1,Poke,Left,450,145,332,,0,FR1
2024-07-30 20:03:36,8,3.89,3.0,FR1,Pellet,Left,450,145,333,0.37,0,FR1
2024-07-30 20:10:31,8,3.88,,FR1,Poke,Left,451,145,333,,0,FR1
2024-07-30 20:10:36,8,3.89,2.0,FR1,Pellet,Left,451,145,334,3.67,0,FR1
2024-07-30 20:11:14,8,3.89,,FR1,Poke,Left,452,145,334,,0,FR1
2024-07-30 20:11:19,8,3.88,,FR1,Poke,Left,453,145,334,,0,FR1
2024-07-30 20:12:08,8,3.88,,FR1,Poke,Left,454,145,334,,0,FR1
2024-07-30 20:12:30,8,3.88,,FR1,Poke,Left,455,145,334,,0,FR1
2024-07-30 20:12:40,8,3.88,,FR1,Poke,Left,455,146,334,,0,FR1
2024-07-30 20:12:41,8,3.89,,FR1,Poke,Left,455,147,334,,0,FR1
2024-07-30 20:12:53,8,3.88,2.0,FR1,Pellet,Left,455,147,335,,0,FR1
2024-07-30 20:20:48,8,3.89,,FR1,Poke,Left,456,147,335,,0,FR1
2024-07-30 20:23:28,8,3.88,2.0,FR1,Pellet,Left,456,147,336,,0,FR1
2024-07-30 20:24:57,8,3.89,,FR1,Poke,Left,457,147,336,,0,FR1
2024-07-30 20:25:11,8,3.88,1.0,FR1,Pellet,Left,457,147,337,13.22,0,FR1
2024-07-30 20:29:27,8,3.87,,FR1,Poke,Left,458,147,337,,0,FR1
2024-07-30 20:29:33,8,3.89,3.0,FR1,Pellet,Left,458,147,338,2.79,0,FR1
2024-07-30 20:45:30,8,3.88,,FR1,Poke,Left,458,148,338,,0,FR1
2024-07-30 20:46:19,8,3.89,,FR1,Poke,Left,458,149,338,,0,FR1
2024-07-30 21:20:33,8,3.89,,FR1,Poke,Left,459,149,338,,0,FR1
2024-07-30 21:20:37,8,3.88,3.0,FR1,Pellet,Left,459,149,339,0.69,0,FR1
2024-07-30 21:21:05,8,3.88,,FR1,Poke,Left,460,149,339,,0,FR1
2024-07-30 21:21:06,8,3.89,2.0,FR1,Pellet,Left,460,149,340,0.69,0,FR1
2024-07-30 21:21:27,8,3.89,,FR1,Poke,Left,461,149,340,,0,FR1
2024-07-30 21:21:28,8,3.88,1.0,FR1,Pellet,Left,461,149,341,0.31,0,FR1
2024-07-30 21:21:47,8,3.87,,FR1,Poke,Left,462,149,341,,0,FR1
2024-07-30 21:21:48,8,3.89,1.0,FR1,Pellet,Left,462,149,342,0.82,0,FR1
2024-07-30 21:22:12,8,3.88,,FR1,Poke,Left,463,149,342,,0,FR1
2024-07-30 21:22:28,8,3.88,2.0,FR1,Pellet,Left,463,149,343,12.9,0,FR1
2024-07-30 21:22:56,8,3.89,,FR1,Poke,Left,464,149,343,,0,FR1
2024-07-30 21:23:00,8,3.89,2.0,FR1,Pellet,Left,464,149,344,0.69,0,FR1
2024-07-30 21:27:24,8,3.88,,FR1,Poke,Left,465,149,344,,0,FR1
2024-07-30 21:27:41,8,3.88,2.0,FR1,Pellet,Left,465,149,345,14.3,0,FR1
2024-07-30 21:28:02,8,3.88,,FR1,Poke,Left,466,149,345,,0,FR1
2024-07-30 21:28:20,8,3.88,,FR1,Poke,Left,466,150,345,,0,FR1
2024-07-30 21:29:37,8,3.88,1.0,FR1,Pellet,Left,466,150,346,,0,FR1
2024-07-30 21:30:43,8,3.88,,FR1,Poke,Left,466,151,346,,0,FR1
2024-07-30 21:32:44,8,3.89,,FR1,Poke,Left,467,151,346,,0,FR1
2024-07-30 21:33:13,8,3.88,,FR1,Poke,Left,468,151,346,,0,FR1
2024-07-30 21:39:30,8,3.88,2.0,FR1,Pellet,Left,468,151,347,,0,FR1
2024-07-30 21:40:29,8,3.89,,FR1,Poke,Left,469,151,347,,0,FR1
2024-07-30 21:40:57,8,3.88,1.0,FR1,Pellet,Left,469,151,348,27.36,0,FR1
2024-07-30 21:41:16,8,3.89,,FR1,Poke,Left,469,152,348,,0,FR1
2024-07-30 21:41:17,8,3.88,,FR1,Poke,Left,469,153,348,,0,FR1
2024-07-30 21:41:38,8,3.89,,FR1,Poke,Left,469,154,348,,0,FR1
2024-07-30 21:41:40,8,3.88,,FR1,Poke,Left,469,155,348,,0,FR1
2024-07-30 21:46:21,8,3.88,,FR1,Poke,Left,469,156,348,,0,FR1
2024-07-30 21:46:22,8,3.89,,FR1,Poke,Left,469,157,348,,0,FR1
2024-07-30 21:46:41,8,3.88,,FR1,Poke,Left,469,158,348,,0,FR1
2024-07-30 21:46:42,8,3.87,,FR1,Poke,Left,469,159,348,,0,FR1
2024-07-30 21:46:46,8,3.88,,FR1,Poke,Left,469,160,348,,0,FR1
2024-07-30 21:47:45,8,3.88,,FR1,Poke,Left,469,161,348,,0,FR1
2024-07-30 21:47:53,8,3.88,,FR1,Poke,Left,470,161,348,,0,FR1
2024-07-30 21:47:53,8,3.88,,FR1,Poke,Left,471,161,348,,0,FR1
2024-07-30 21:47:56,8,3.87,2.0,FR1,Pellet,Left,471,161,349,0.25,0,FR1
2024-07-30 21:48:18,8,3.88,,FR1,Poke,Left,472,161,349,,0,FR1
2024-07-30 21:48:19,8,3.88,2.0,FR1,Pellet,Left,472,161,350,0.06,0,FR1
2024-07-30 21:48:40,8,3.88,,FR1,Poke,Left,473,161,350,,0,FR1
2024-07-30 21:48:41,8,3.87,1.0,FR1,Pellet,Left,473,161,351,0.19,0,FR1
2024-07-30 21:49:05,8,3.87,,FR1,Poke,Left,474,161,351,,0,FR1
2024-07-30 21:49:06,8,3.88,,FR1,Poke,Left,475,161,351,,0,FR1
2024-07-30 21:49:09,8,3.88,3.0,FR1,Pellet,Left,475,161,352,0.25,0,FR1
2024-07-30 21:55:12,8,3.88,,FR1,Poke,Left,475,162,352,,0,FR1
2024-07-30 21:55:15,8,3.87,,FR1,Poke,Left,476,162,352,,0,FR1
2024-07-30 21:55:22,8,3.88,2.0,FR1,Pellet,Left,476,162,353,6.41,0,FR1
2024-07-30 22:00:47,8,3.87,,FR1,Poke,Left,477,162,353,,0,FR1
2024-07-30 22:00:49,8,3.88,1.0,FR1,Pellet,Left,477,162,354,1.01,0,FR1
2024-07-30 22:01:31,8,3.88,,FR1,Poke,Left,477,163,354,,0,FR1
2024-07-30 22:01:33,8,3.88,,FR1,Poke,Left,478,163,354,,0,FR1
2024-07-30 22:02:39,8,3.88,1.0,FR1,Pellet,Left,478,163,355,,0,FR1
2024-07-30 22:08:02,8,3.88,,FR1,Poke,Left,479,163,355,,0,FR1
2024-07-30 22:08:25,8,3.88,1.0,FR1,Pellet,Left,479,163,356,21.83,0,FR1
2024-07-30 22:15:08,8,3.87,,FR1,Poke,Left,480,163,356,,0,FR1
2024-07-30 22:15:09,8,3.88,1.0,FR1,Pellet,Left,480,163,357,0.37,0,FR1
2024-07-30 22:15:28,8,3.87,,FR1,Poke,Left,481,163,357,,0,FR1
2024-07-30 22:15:32,8,3.88,2.0,FR1,Pellet,Left,481,163,358,0.37,0,FR1
2024-07-30 22:15:50,8,3.88,,FR1,Poke,Left,482,163,358,,0,FR1
2024-07-30 22:15:51,8,3.88,2.0,FR1,Pellet,Left,482,163,359,0.06,0,FR1
2024-07-30 22:16:13,8,3.88,,FR1,Poke,Left,483,163,359,,0,FR1
2024-07-30 22:16:14,8,3.88,2.0,FR1,Pellet,Left,483,163,360,0.12,0,FR1
2024-07-30 22:20:04,8,3.87,,FR1,Poke,Left,483,164,360,,0,FR1
2024-07-30 22:20:07,8,3.88,,FR1,Poke,Left,483,165,360,,0,FR1
2024-07-30 22:20:18,8,3.88,,FR1,Poke,Left,484,165,360,,0,FR1
2024-07-30 22:20:18,8,3.88,1.0,FR1,Pellet,Left,484,165,361,0.12,0,FR1
2024-07-30 22:21:35,8,3.87,,FR1,Poke,Left,484,166,361,,0,FR1
2024-07-30 22:21:39,8,3.88,,FR1,Poke,Left,485,166,361,,0,FR1
2024-07-30 22:22:08,8,3.88,1.0,FR1,Pellet,Left,485,166,362,27.89,0,FR1
2024-07-30 22:29:44,8,3.87,,FR1,Poke,Left,486,166,362,,0,FR1
2024-07-30 22:29:44,8,3.87,,FR1,Poke,Left,487,166,362,,0,FR1
2024-07-30 22:29:47,8,3.88,,FR1,Poke,Left,488,166,362,,0,FR1
2024-07-30 22:30:03,8,3.88,3.0,FR1,Pellet,Left,488,166,363,13.16,0,FR1
2024-07-30 22:30:46,8,3.88,,FR1,Poke,Left,489,166,363,,0,FR1
2024-07-30 22:30:53,8,3.88,,FR1,Poke,Left,489,167,363,,0,FR1
2024-07-30 22:38:12,8,3.88,1.0,FR1,Pellet,Left,489,167,364,,0,FR1
2024-07-30 22:38:34,8,3.88,,FR1,Poke,Left,489,168,364,,0,FR1
2024-07-30 22:39:58,8,3.88,,FR1,Poke,Left,489,169,364,,0,FR1
2024-07-30 22:40:03,8,3.87,,FR1,Poke,Left,490,169,364,,0,FR1
2024-07-30 22:40:06,8,3.88,,FR1,Poke,Left,491,169,364,,0,FR1
2024-07-30 22:41:03,8,3.88,2.0,FR1,Pellet,Left,491,169,365,56.81,0,FR1
2024-07-30 22:53:01,8,3.88,,FR1,Poke,Left,492,169,365,,0,FR1
2024-07-30 22:53:02,8,3.88,1.0,FR1,Pellet,Left,492,169,366,0.31,0,FR1
2024-07-30 22:53:38,8,3.87,,FR1,Poke,Left,493,169,366,,0,FR1
2024-07-30 22:53:39,8,3.88,1.0,FR1,Pellet,Left,493,169,367,0.44,0,FR1
2024-07-30 23:09:12,8,3.87,,FR1,Poke,Left,494,169,367,,0,FR1
2024-07-30 23:09:15,8,3.88,2.0,FR1,Pellet,Left,494,169,368,0.63,0,FR1
2024-07-30 23:13:31,8,3.88,,FR1,Poke,Left,494,170,368,,0,FR1
2024-07-30 23:13:42,8,3.87,,FR1,Poke,Left,495,170,368,,0,FR1
2024-07-30 23:13:44,8,3.87,2.0,FR1,Pellet,Left,495,170,369,0.06,0,FR1
2024-07-30 23:17:15,8,3.88,,FR1,Poke,Left,495,171,369,,0,FR1
2024-07-30 23:17:21,8,3.87,,FR1,Poke,Left,496,171,369,,0,FR1
2024-07-30 23:18:24,8,3.88,2.0,FR1,Pellet,Left,496,171,370,,0,FR1
2024-07-30 23:19:45,8,3.88,,FR1,Poke,Left,496,172,370,,0,FR1
2024-07-30 23:20:19,8,3.87,,FR1,Poke,Left,497,172,370,,0,FR1
2024-07-30 23:20:21,8,3.88,1.0,FR1,Pellet,Left,497,172,371,1.83,0,FR1
2024-07-30 23:20:37,8,3.87,,FR1,Poke,Left,498,172,371,,0,FR1
2024-07-30 23:20:40,8,3.87,2.0,FR1,Pellet,Left,498,172,372,0.37,0,FR1
2024-07-30 23:20:54,8,3.88,,FR1,Poke,Left,499,172,372,,0,FR1
2024-07-30 23:21:06,8,3.87,3.0,FR1,Pellet,Left,499,172,373,8.89,0,FR1
2024-07-30 23:21:44,8,3.88,,FR1,Poke,Left,499,173,373,,0,FR1
2024-07-30 23:24:39,8,3.88,,FR1,Poke,Left,499,174,373,,0,FR1
2024-07-30 23:24:40,8,3.88,,FR1,Poke,Left,499,175,373,,0,FR1
2024-07-30 23:28:51,8,3.87,,FR1,Poke,Left,499,176,373,,0,FR1
2024-07-30 23:28:59,8,3.87,,FR1,Poke,Left,500,176,373,,0,FR1
2024-07-30 23:28:59,8,3.88,,FR1,Poke,Left,501,176,373,,0,FR1
2024-07-30 23:29:05,8,3.87,4.0,FR1,Pellet,Left,501,176,374,0.31,0,FR1
2024-07-30 23:30:06,8,3.88,,FR1,Poke,Left,502,176,374,,0,FR1
2024-07-30 23:32:14,8,3.88,,FR1,Poke,Left,503,176,374,,0,FR1
2024-07-30 23:38:48,8,3.88,3.0,FR1,Pellet,Left,503,176,375,,0,FR1
2024-07-30 23:45:01,8,3.88,,FR1,Poke,Left,504,176,375,,0,FR1
2024-07-30 23:45:05,8,3.87,3.0,FR1,Pellet,Left,504,176,376,0.44,0,FR1
2024-07-30 23:47:58,8,3.88,,FR1,Poke,Left,505,176,376,,0,FR1
2024-07-30 23:54:23,8,3.87,4.0,FR1,Pellet,Left,505,176,377,,0,FR1
2024-07-31 00:00:19,8,3.87,,FR1,Poke,Left,505,177,377,,0,FR1
2024-07-31 00:00:26,8,3.87,,FR1,Poke,Left,506,177,377,,0,FR1
2024-07-31 00:00:30,8,3.88,,FR1,Poke,Left,507,177,377,,0,FR1
2024-07-31 00:00:33,8,3.87,1.0,FR1,Pellet,Left,507,177,378,6.22,0,FR1
2024-07-31 00:01:40,8,3.87,,FR1,Poke,Left,508,177,378,,0,FR1
2024-07-31 00:07:59,8,3.88,2.0,FR1,Pellet,Left,508,177,379,,0,FR1
2024-07-31 00:12:44,8,3.87,,FR1,Poke,Left,509,177,379,,0,FR1
2024-07-31 00:12:49,8,3.87,,FR1,Poke,Left,509,178,379,,0,FR1
2024-07-31 00:13:41,8,3.87,,FR1,Poke,Left,510,178,379,,0,FR1
2024-07-31 00:13:42,8,3.87,,FR1,Poke,Left,511,178,379,,0,FR1
2024-07-31 00:13:43,8,3.87,,FR1,Poke,Left,512,178,379,,0,FR1
2024-07-31 00:13:43,8,3.87,,FR1,Poke,Left,513,178,379,,0,FR1
2024-07-31 00:13:49,8,3.87,,FR1,Poke,Left,514,178,379,,0,FR1
2024-07-31 00:13:51,8,3.87,,FR1,Poke,Left,515,178,379,,0,FR1
2024-07-31 00:13:53,8,3.87,,FR1,Poke,Left,516,178,379,,0,FR1
2024-07-31 00:13:55,8,3.87,,FR1,Poke,Left,517,178,379,,0,FR1
2024-07-31 00:13:56,8,3.87,,FR1,Poke,Left,518,178,379,,0,FR1
2024-07-31 00:13:58,8,3.87,,FR1,Poke,Left,519,178,379,,0,FR1
2024-07-31 00:14:05,8,3.87,2.0,FR1,Pellet,Left,519,178,380,,0,FR1
2024-07-31 00:14:20,8,3.87,,FR1,Poke,Left,519,179,380,,0,FR1
2024-07-31 00:14:21,8,3.88,,FR1,Poke,Left,519,180,380,,0,FR1
2024-07-31 00:14:31,8,3.87,,FR1,Poke,Left,519,181,380,,0,FR1
2024-07-31 00:14:43,8,3.87,,FR1,Poke,Left,520,181,380,,0,FR1
2024-07-31 00:21:07,8,3.87,3.0,FR1,Pellet,Left,520,181,381,,0,FR1
2024-07-31 00:21:47,8,3.87,,FR1,Poke,Left,521,181,381,,0,FR1
2024-07-31 00:27:22,8,3.87,,FR1,Poke,Left,522,181,381,,0,FR1
2024-07-31 00:28:06,8,3.87,1.0,FR1,Pellet,Left,522,181,382,,0,FR1
2024-07-31 00:30:36,8,3.87,,FR1,Poke,Left,523,181,382,,0,FR1
2024-07-31 00:38:35,8,3.87,1.0,FR1,Pellet,Left,523,181,383,,0,FR1
2024-07-31 00:39:23,8,3.87,,FR1,Poke,Left,524,181,383,,0,FR1
2024-07-31 00:39:24,8,3.87,2.0,FR1,Pellet,Left,524,181,384,0.06,0,FR1
2024-07-31 00:42:47,8,3.87,,FR1,Poke,Left,525,181,384,,0,FR1
2024-07-31 00:43:24,8,3.87,,FR1,Poke,Left,525,182,384,,0,FR1
2024-07-31 00:43:25,8,3.88,,FR1,Poke,Left,525,183,384,,0,FR1
2024-07-31 00:43:46,8,3.87,1.0,FR1,Pellet,Left,525,183,385,58.48,0,FR1
2024-07-31 00:57:35,8,3.87,,FR1,Poke,Left,525,184,385,,0,FR1
2024-07-31 01:51:20,8,3.87,,FR1,Poke,Left,525,185,385,,0,FR1
2024-07-31 01:51:29,8,3.87,,FR1,Poke,Left,526,185,385,,0,FR1
2024-07-31 01:51:32,8,3.87,2.0,FR1,Pellet,Left,526,185,386,0.5,0,FR1
2024-07-31 01:52:12,8,3.87,,FR1,Poke,Left,527,185,386,,0,FR1
2024-07-31 01:52:14,8,3.87,1.0,FR1,Pellet,Left,527,185,387,0.82,0,FR1
2024-07-31 01:52:46,8,3.87,,FR1,Poke,Left,528,185,387,,0,FR1
2024-07-31 01:52:47,8,3.87,1.0,FR1,Pellet,Left,528,185,388,0.56,0,FR1
2024-07-31 01:53:26,8,3.87,,FR1,Poke,Left,529,185,388,,0,FR1
2024-07-31 01:53:28,8,3.87,1.0,FR1,Pellet,Left,529,185,389,1.26,0,FR1
2024-07-31 02:45:29,8,3.87,,FR1,Poke,Left,530,185,389,,0,FR1
2024-07-31 02:45:30,8,3.87,1.0,FR1,Pellet,Left,530,185,390,0.25,0,FR1
2024-07-31 02:45:48,8,3.87,,FR1,Poke,Left,531,185,390,,0,FR1
2024-07-31 02:45:50,8,3.87,1.0,FR1,Pellet,Left,531,185,391,0.5,0,FR1
2024-07-31 02:46:14,8,3.87,,FR1,Poke,Left,532,185,391,,0,FR1
2024-07-31 02:46:17,8,3.87,2.0,FR1,Pellet,Left,532,185,392,0.19,0,FR1
2024-07-31 02:46:35,8,3.87,,FR1,Poke,Left,533,185,392,,0,FR1
2024-07-31 02:46:36,8,3.87,,FR1,Poke,Left,534,185,392,,0,FR1
2024-07-31 02:46:41,8,3.87,3.0,FR1,Pellet,Left,534,185,393,0.5,0,FR1
2024-07-31 02:47:07,8,3.87,,FR1,Poke,Left,535,185,393,,0,FR1
2024-07-31 02:47:09,8,3.87,1.0,FR1,Pellet,Left,535,185,394,0.37,0,FR1
2024-07-31 02:47:31,8,3.87,,FR1,Poke,Left,536,185,394,,0,FR1
2024-07-31 02:47:31,8,3.87,,FR1,Poke,Left,537,185,394,,0,FR1
2024-07-31 02:47:36,8,3.87,3.0,FR1,Pellet,Left,537,185,395,0.37,0,FR1
2024-07-31 02:47:57,8,3.87,,FR1,Poke,Left,538,185,395,,0,FR1
2024-07-31 02:47:58,8,3.87,2.0,FR1,Pellet,Left,538,185,396,0.19,0,FR1
2024-07-31 02:59:35,8,3.87,,FR1,Poke,Left,539,185,396,,0,FR1
2024-07-31 02:59:35,8,3.87,,FR1,Poke,Left,540,185,396,,0,FR1
2024-07-31 02:59:39,8,3.87,2.0,FR1,Pellet,Left,540,185,397,0.75,0,FR1
2024-07-31 03:00:09,8,3.87,,FR1,Poke,Left,541,185,397,,0,FR1
2024-07-31 03:00:10,8,3.87,2.0,FR1,Pellet,Left,541,185,398,0.37,0,FR1
2024-07-31 03:00:39,8,3.87,,FR1,Poke,Left,542,185,398,,0,FR1
2024-07-31 03:00:42,8,3.87,1.0,FR1,Pellet,Left,542,185,399,1.52,0,FR1
2024-07-31 03:06:23,8,3.87,,FR1,Poke,Left,542,186,399,,0,FR1
2024-07-31 03:17:54,8,3.87,,FR1,Poke,Left,543,186,399,,0,FR1
2024-07-31 03:18:36,8,3.87,1.0,FR1,Pellet,Left,543,186,400,40.78,0,FR1
2024-07-31 03:19:08,8,3.87,,FR1,Poke,Left,544,186,400,,0,FR1
2024-07-31 03:19:10,8,3.86,1.0,FR1,Pellet,Left,544,186,401,0.69,0,FR1
2024-07-31 03:22:49,8,3.87,,FR1,Poke,Left,544,187,401,,0,FR1
2024-07-31 04:39:35,8,3.86,,FR1,Poke,Left,545,187,401,,0,FR1
2024-07-31 04:39:37,8,3.87,1.0,FR1,Pellet,Left,545,187,402,1.51,0,FR1
2024-07-31 04:40:08,8,3.87,,FR1,Poke,Left,546,187,402,,0,FR1
2024-07-31 04:40:09,8,3.87,1.0,FR1,Pellet,Left,546,187,403,0.25,0,FR1
2024-07-31 04:40:33,8,3.87,,FR1,Poke,Left,547,187,403,,0,FR1
2024-07-31 04:40:36,8,3.86,2.0,FR1,Pellet,Left,547,187,404,0.25,0,FR1
2024-07-31 04:40:56,8,3.87,,FR1,Poke,Left,548,187,404,,0,FR1
2024-07-31 04:40:57,8,3.87,1.0,FR1,Pellet,Left,548,187,405,0.37,0,FR1
2024-07-31 04:41:19,8,3.87,,FR1,Poke,Left,549,187,405,,0,FR1
2024-07-31 04:41:22,8,3.86,2.0,FR1,Pellet,Left,549,187,406,0.25,0,FR1
2024-07-31 04:42:08,8,3.87,,FR1,Poke,Left,550,187,406,,0,FR1
2024-07-31 04:42:09,8,3.86,1.0,FR1,Pellet,Left,550,187,407,0.25,0,FR1
2024-07-31 04:42:51,8,3.86,,FR1,Poke,Left,551,187,407,,0,FR1
2024-07-31 04:42:52,8,3.86,1.0,FR1,Pellet,Left,551,187,408,0.37,0,FR1
2024-07-31 04:46:07,8,3.87,,FR1,Poke,Left,551,188,408,,0,FR1
2024-07-31 04:46:15,8,3.87,,FR1,Poke,Left,552,188,408,,0,FR1
2024-07-31 04:47:45,8,3.87,1.0,FR1,Pellet,Left,552,188,409,,0,FR1
2024-07-31 04:55:07,8,3.86,,FR1,Poke,Left,553,188,409,,0,FR1
2024-07-31 04:57:56,8,3.87,1.0,FR1,Pellet,Left,553,188,410,,0,FR1
2024-07-31 05:06:42,8,3.86,,FR1,Poke,Left,554,188,410,,0,FR1
2024-07-31 05:06:53,8,3.87,1.0,FR1,Pellet,Left,554,188,411,10.86,0,FR1
2024-07-31 05:07:21,8,3.87,,FR1,Poke,Left,555,188,411,,0,FR1
2024-07-31 05:07:51,8,3.86,,FR1,Poke,Left,556,188,411,,0,FR1
2024-07-31 05:08:01,8,3.87,,FR1,Poke,Left,556,189,411,,0,FR1
2024-07-31 05:08:02,8,3.87,,FR1,Poke,Left,556,190,411,,0,FR1
2024-07-31 05:08:18,8,3.86,,FR1,Poke,Left,557,190,411,,0,FR1
2024-07-31 05:08:27,8,3.86,,FR1,Poke,Left,558,190,411,,0,FR1
2024-07-31 05:08:29,8,3.87,,FR1,Poke,Left,559,190,411,,0,FR1
2024-07-31 05:08:45,8,3.87,,FR1,Poke,Left,560,190,411,,0,FR1
2024-07-31 05:08:46,8,3.86,,FR1,Poke,Left,561,190,411,,0,FR1
2024-07-31 05:11:30,8,3.86,,FR1,Poke,Left,562,190,411,,0,FR1
2024-07-31 05:17:02,8,3.87,,FR1,Poke,Left,563,190,411,,0,FR1
2024-07-31 05:18:41,8,3.86,,FR1,Poke,Left,563,191,411,,0,FR1
2024-07-31 05:18:45,8,3.87,,FR1,Poke,Left,564,191,411,,0,FR1
2024-07-31 05:18:51,8,3.87,,FR1,Poke,Left,565,191,411,,0,FR1
2024-07-31 05:18:52,8,3.87,,FR1,Poke,Left,566,191,411,,0,FR1
2024-07-31 05:28:44,8,3.87,,FR1,Poke,Left,567,191,411,,0,FR1
2024-07-31 05:28:46,8,3.86,,FR1,Poke,Left,568,191,411,,0,FR1
2024-07-31 05:34:30,8,3.87,,FR1,Poke,Left,568,192,411,,0,FR1
2024-07-31 05:34:31,8,3.86,,FR1,Poke,Left,568,193,411,,0,FR1
2024-07-31 05:34:32,8,3.86,,FR1,Poke,Left,568,194,411,,0,FR1
2024-07-31 05:36:46,8,3.87,,FR1,Poke,Left,568,195,411,,0,FR1
2024-07-31 05:36:51,8,3.86,,FR1,Poke,Left,568,196,411,,0,FR1
2024-07-31 05:42:22,8,3.86,,FR1,Poke,Left,568,197,411,,0,FR1
2024-07-31 05:42:24,8,3.87,,FR1,Poke,Left,568,198,411,,0,FR1
2024-07-31 05:42:25,8,3.87,,FR1,Poke,Left,568,199,411,,0,FR1
2024-07-31 07:10:28,8,3.86,,FR1,Poke,Left,569,199,411,,0,FR1
2024-07-31 07:10:30,8,3.86,,FR1,Poke,Left,570,199,411,,0,FR1
2024-07-31 07:10:32,8,3.86,,FR1,Poke,Left,571,199,411,,0,FR1
2024-07-31 07:10:34,8,3.86,,FR1,Poke,Left,572,199,411,,0,FR1
2024-07-31 07:10:36,8,3.86,,FR1,Poke,Left,573,199,411,,0,FR1
2024-07-31 07:10:39,8,3.86,,FR1,Poke,Left,574,199,411,,0,FR1
2024-07-31 07:10:42,8,3.86,,FR1,Poke,Left,575,199,411,,0,FR1
2024-07-31 07:10:44,8,3.86,,FR1,Poke,Left,576,199,411,,0,FR1
2024-07-31 07:10:45,8,3.86,,FR1,Poke,Left,577,199,411,,0,FR1
2024-07-31 07:10:46,8,3.87,,FR1,Poke,Left,578,199,411,,0,FR1
2024-07-31 07:10:47,8,3.86,,FR1,Poke,Left,579,199,411,,0,FR1
2024-07-31 07:11:03,8,3.86,,FR1,Poke,Left,580,199,411,,0,FR1
2024-07-31 07:11:06,8,3.86,,FR1,Poke,Left,581,199,411,,0,FR1
2024-07-31 07:11:07,8,3.86,,FR1,Poke,Left,582,199,411,,0,FR1
2024-07-31 07:11:09,8,3.86,,FR1,Poke,Left,583,199,411,,0,FR1
2024-07-31 07:11:13,8,3.85,,FR1,Poke,Left,584,199,411,,0,FR1
2024-07-31 07:11:15,8,3.86,,FR1,Poke,Left,585,199,411,,0,FR1
2024-07-31 07:11:19,8,3.86,,FR1,Poke,Left,586,199,411,,0,FR1
2024-07-31 07:11:24,8,3.86,,FR1,Poke,Left,587,199,411,,0,FR1
2024-07-31 07:11:25,8,3.86,,FR1,Poke,Left,588,199,411,,0,FR1
2024-07-31 07:11:26,8,3.86,,FR1,Poke,Left,589,199,411,,0,FR1
2024-07-31 07:11:27,8,3.86,,FR1,Poke,Left,590,199,411,,0,FR1
2024-07-31 07:11:29,8,3.86,,FR1,Poke,Left,591,199,411,,0,FR1
2024-07-31 07:19:03,8,3.86,,FR1,Poke,Left,592,199,411,,0,FR1
2024-07-31 07:19:06,8,3.86,,FR1,Poke,Left,593,199,411,,0,FR1
2024-07-31 07:19:08,8,3.86,,FR1,Poke,Left,594,199,411,,0,FR1
2024-07-31 07:19:09,8,3.86,,FR1,Poke,Left,595,199,411,,0,FR1
2024-07-31 07:19:15,8,3.85,,FR1,Poke,Left,596,199,411,,0,FR1
2024-07-31 07:19:21,8,3.86,,FR1,Poke,Left,597,199,411,,0,FR1
2024-07-31 07:19:23,8,3.87,,FR1,Poke,Left,598,199,411,,0,FR1
2024-07-31 07:22:01,8,3.86,,FR1,Poke,Left,598,200,411,,0,FR1
2024-07-31 07:22:20,8,3.85,,FR1,Poke,Left,598,201,411,,0,FR1
2024-07-31 07:22:21,8,3.86,,FR1,Poke,Left,598,202,411,,0,FR1
2024-07-31 07:23:28,8,3.86,,FR1,Poke,Left,599,202,411,,0,FR1
2024-07-31 07:23:33,8,3.86,,FR1,Poke,Left,600,202,411,,0,FR1
2024-07-31 07:23:37,8,3.86,,FR1,Poke,Left,601,202,411,,0,FR1
2024-07-31 07:23:39,8,3.86,,FR1,Poke,Left,602,202,411,,0,FR1
2024-07-31 07:23:46,8,3.86,,FR1,Poke,Left,603,202,411,,0,FR1
2024-07-31 07:28:22,8,3.86,,FR1,Poke,Left,604,202,411,,0,FR1
2024-07-31 07:28:30,8,3.86,,FR1,Poke,Left,605,202,411,,0,FR1
2024-07-31 07:28:32,8,3.86,,FR1,Poke,Left,606,202,411,,0,FR1
2024-07-31 07:28:34,8,3.86,,FR1,Poke,Left,607,202,411,,0,FR1
2024-07-31 07:28:35,8,3.85,,FR1,Poke,Left,608,202,411,,0,FR1
2024-07-31 07:28:40,8,3.86,,FR1,Poke,Left,609,202,411,,0,FR1
2024-07-31 07:28:49,8,3.86,,FR1,Poke,Left,610,202,411,,0,FR1
2024-07-31 07:28:59,8,3.86,,FR1,Poke,Left,611,202,411,,0,FR1
2024-07-31 07:29:00,8,3.86,,FR1,Poke,Left,612,202,411,,0,FR1
2024-07-31 07:29:14,8,3.87,,FR1,Poke,Left,613,202,411,,0,FR1
2024-07-31 07:29:30,8,3.86,,FR1,Poke,Left,613,203,411,,0,FR1
2024-07-31 07:29:42,8,3.87,,FR1,Poke,Left,613,204,411,,0,FR1
2024-07-31 08:25:22,8,3.85,,FR1,Poke,Left,614,204,411,,0,FR1
2024-07-31 08:25:24,8,3.85,,FR1,Poke,Left,615,204,411,,0,FR1
2024-07-31 08:26:21,8,3.85,,FR1,Poke,Left,615,205,411,,0,FR1
2024-07-31 08:28:30,8,3.86,,FR1,Poke,Left,616,205,411,,0,FR1
2024-07-31 08:30:58,8,3.86,,FR1,Poke,Left,617,205,411,,0,FR1
2024-07-31 08:31:52,8,3.86,,FR1,Poke,Left,618,205,411,,0,FR1
2024-07-31 08:35:33,8,3.85,,FR1,Poke,Left,619,205,411,,0,FR1
2024-07-31 08:35:35,8,3.85,,FR1,Poke,Left,620,205,411,,0,FR1
2024-07-31 08:35:38,8,3.86,,FR1,Poke,Left,621,205,411,,0,FR1
2024-07-31 08:35:50,8,3.86,,FR1,Poke,Left,622,205,411,,0,FR1
2024-07-31 08:35:53,8,3.85,,FR1,Poke,Left,623,205,411,,0,FR1
2024-07-31 08:39:03,8,3.86,,FR1,Poke,Left,624,205,411,,0,FR1
2024-07-31 08:39:17,8,3.85,,FR1,Poke,Left,625,205,411,,0,FR1
2024-07-31 08:44:05,8,3.85,,FR1,Poke,Left,626,205,411,,0,FR1
2024-07-31 09:37:58,8,3.85,,FR1,Poke,Left,626,206,411,,0,FR1
2024-07-31 09:38:21,8,3.85,,FR1,Poke,Left,627,206,411,,0,FR1
2024-07-31 09:41:49,8,3.86,,FR1,Poke,Left,628,206,411,,0,FR1
2024-07-31 09:49:05,8,3.85,,FR1,Poke,Left,628,207,411,,0,FR1
2024-07-31 09:49:06,8,3.85,,FR1,Poke,Left,628,208,411,,0,FR1
2024-07-31 09:49:22,8,3.85,,FR1,Poke,Left,628,209,411,,0,FR1
2024-07-31 09:49:30,8,3.85,,FR1,Poke,Left,629,209,411,,0,FR1
2024-07-31 09:49:32,8,3.85,,FR1,Poke,Left,630,209,411,,0,FR1
2024-07-31 09:49:36,8,3.85,,FR1,Poke,Left,631,209,411,,0,FR1
2024-07-31 09:49:37,8,3.85,,FR1,Poke,Left,632,209,411,,0,FR1
2024-07-31 09:49:45,8,3.85,,FR1,Poke,Left,633,209,411,,0,FR1
2024-07-31 09:52:57,8,3.85,,FR1,Poke,Left,633,210,411,,0,FR1
2024-07-31 11:14:30,8,3.85,2.0,FR1,Pellet,Left,633,210,412,,0,FR1
2024-07-31 11:16:51,8,3.85,,FR1,Poke,Left,634,210,412,,0,FR1
2024-07-31 11:17:00,8,3.85,5.0,FR1,Pellet,Left,634,210,413,0.06,0,FR1
2024-07-31 11:17:54,8,3.85,,FR1,Poke,Left,635,210,413,,0,FR1
2024-07-31 11:22:37,8,3.86,4.0,FR1,Pellet,Left,635,210,414,,0,FR1
2024-07-31 11:22:44,8,3.85,,FR1,Poke,Left,636,210,414,,0,FR1
2024-07-31 11:22:53,8,3.85,4.0,FR1,Pellet,Left,636,210,415,3.48,0,FR1
2024-07-31 11:23:02,8,3.85,,FR1,Poke,Left,636,211,415,,0,FR1
2024-07-31 11:23:47,8,3.85,,FR1,Poke,Left,636,212,415,,0,FR1
2024-07-31 11:23:50,8,3.85,,FR1,Poke,Left,637,212,415,,0,FR1
2024-07-31 11:28:56,8,3.85,2.0,FR1,Pellet,Left,637,212,416,,0,FR1
2024-07-31 11:35:02,8,3.85,,FR1,Poke,Left,638,212,416,,0,FR1
2024-07-31 11:38:51,8,3.85,2.0,FR1,Pellet,Left,638,212,417,,0,FR1
2024-07-31 11:40:16,8,3.85,,FR1,Poke,Left,638,213,417,,0,FR1
2024-07-31 11:40:16,8,3.85,,FR1,Poke,Left,638,214,417,,0,FR1
2024-07-31 11:40:22,8,3.85,,FR1,Poke,Left,639,214,417,,0,FR1
2024-07-31 11:48:26,8,3.85,3.0,FR1,Pellet,Left,639,214,418,,0,FR1
2024-07-31 11:51:27,8,3.85,,FR1,Poke,Left,640,214,418,,0,FR1
2024-07-31 11:51:29,8,3.85,1.0,FR1,Pellet,Left,640,214,419,1.01,0,FR1
2024-07-31 14:28:55,8,3.85,,FR1,Poke,Left,641,214,419,,0,FR1
2024-07-31 14:28:56,8,3.85,1.0,FR1,Pellet,Left,641,214,420,0.82,0,FR1
2024-07-31 14:29:43,8,3.85,,FR1,Poke,Left,642,214,420,,0,FR1
2024-07-31 14:29:44,8,3.85,1.0,FR1,Pellet,Left,642,214,421,0.25,0,FR1
2024-07-31 14:30:07,8,3.85,,FR1,Poke,Left,643,214,421,,0,FR1
2024-07-31 14:30:08,8,3.85,1.0,FR1,Pellet,Left,643,214,422,0.31,0,FR1
2024-07-31 14:30:32,8,3.85,,FR1,Poke,Left,644,214,422,,0,FR1
2024-07-31 14:30:33,8,3.85,2.0,FR1,Pellet,Left,644,214,423,0.19,0,FR1
2024-07-31 14:31:11,8,3.85,,FR1,Poke,Left,645,214,423,,0,FR1
2024-07-31 14:31:23,8,3.84,3.0,FR1,Pellet,Left,645,214,424,8.31,0,FR1
2024-07-31 14:32:07,8,3.85,,FR1,Poke,Left,646,214,424,,0,FR1
2024-07-31 14:32:08,8,3.85,2.0,FR1,Pellet,Left,646,214,425,0.06,0,FR1
2024-07-31 14:32:32,8,3.85,,FR1,Poke,Left,647,214,425,,0,FR1
2024-07-31 14:32:33,8,3.85,2.0,FR1,Pellet,Left,647,214,426,0.06,0,FR1
2024-07-31 14:44:31,8,3.85,,FR1,Poke,Left,647,215,426,,0,FR1
2024-07-31 14:48:38,8,3.85,,FR1,Poke,Left,647,216,426,,0,FR1
2024-07-31 14:48:50,8,3.85,,FR1,Poke,Left,648,216,426,,0,FR1
2024-07-31 14:48:52,8,3.85,1.0,FR1,Pellet,Left,648,216,427,0.75,0,FR1
2024-07-31 14:50:26,8,3.85,,FR1,Poke,Left,649,216,427,,0,FR1
2024-07-31 14:50:27,8,3.85,1.0,FR1,Pellet,Left,649,216,428,0.37,0,FR1
2024-07-31 15:52:23,8,3.84,,FR1,Poke,Left,650,216,428,,0,FR1
2024-07-31 15:52:24,8,3.85,1.0,FR1,Pellet,Left,650,216,429,0.12,0,FR1
2024-07-31 15:52:49,8,3.84,,FR1,Poke,Left,651,216,429,,0,FR1
2024-07-31 15:52:50,8,3.84,2.0,FR1,Pellet,Left,651,216,430,0.06,0,FR1
2024-07-31 15:53:27,8,3.85,,FR1,Poke,Left,652,216,430,,0,FR1
2024-07-31 15:53:28,8,3.84,1.0,FR1,Pellet,Left,652,216,431,0.25,0,FR1
2024-07-31 15:53:54,8,3.84,,FR1,Poke,Left,653,216,431,,0,FR1
2024-07-31 15:53:57,8,3.84,2.0,FR1,Pellet,Left,653,216,432,0.31,0,FR1
2024-07-31 15:56:58,8,3.84,,FR1,Poke,Left,654,216,432,,0,FR1
2024-07-31 15:56:59,8,3.84,2.0,FR1,Pellet,Left,654,216,433,0.31,0,FR1
2024-07-31 16:24:30,8,3.84,,FR1,Poke,Left,655,216,433,,0,FR1
2024-07-31 16:24:32,8,3.84,1.0,FR1,Pellet,Left,655,216,434,0.63,0,FR1
2024-07-31 16:24:57,8,3.85,,FR1,Poke,Left,656,216,434,,0,FR1
2024-07-31 16:25:03,8,3.84,3.0,FR1,Pellet,Left,656,216,435,0.5,0,FR1
2024-07-31 16:25:22,8,3.84,,FR1,Poke,Left,657,216,435,,0,FR1
2024-07-31 16:25:25,8,3.83,2.0,FR1,Pellet,Left,657,216,436,0.25,0,FR1
2024-07-31 16:25:53,8,3.84,,FR1,Poke,Left,658,216,436,,0,FR1
2024-07-31 16:25:54,8,3.84,2.0,FR1,Pellet,Left,658,216,437,0.06,0,FR1
2024-07-31 16:26:20,8,3.85,,FR1,Poke,Left,659,216,437,,0,FR1
2024-07-31 16:26:23,8,3.84,2.0,FR1,Pellet,Left,659,216,438,0.44,0,FR1
2024-07-31 16:39:09,8,3.84,,FR1,Poke,Left,660,216,438,,0,FR1
2024-07-31 16:39:49,8,3.83,1.0,FR1,Pellet,Left,660,216,439,39.19,0,FR1
2024-07-31 17:05:24,8,3.84,,FR1,Poke,Left,661,216,439,,0,FR1
2024-07-31 17:05:25,8,3.84,1.0,FR1,Pellet,Left,661,216,440,0.63,0,FR1
2024-07-31 17:05:47,8,3.84,,FR1,Poke,Left,662,216,440,,0,FR1
2024-07-31 17:05:48,8,3.84,1.0,FR1,Pellet,Left,662,216,441,0.12,0,FR1
2024-07-31 17:06:09,8,3.84,,FR1,Poke,Left,663,216,441,,0,FR1
2024-07-31 17:06:10,8,3.84,1.0,FR1,Pellet,Left,663,216,442,0.44,0,FR1
2024-07-31 17:06:31,8,3.84,,FR1,Poke,Left,664,216,442,,0,FR1
2024-07-31 17:06:43,8,3.83,2.0,FR1,Pellet,Left,664,216,443,9.2,0,FR1
2024-07-31 17:07:59,8,3.84,,FR1,Poke,Left,665,216,443,,0,FR1
2024-07-31 17:08:00,8,3.84,1.0,FR1,Pellet,Left,665,216,444,0.25,0,FR1
2024-07-31 17:34:12,8,3.84,,FR1,Poke,Left,666,216,444,,0,FR1
2024-07-31 17:34:13,8,3.84,2.0,FR1,Pellet,Left,666,216,445,0.31,0,FR1
2024-07-31 17:34:36,8,3.84,,FR1,Poke,Left,667,216,445,,0,FR1
2024-07-31 17:34:37,8,3.84,1.0,FR1,Pellet,Left,667,216,446,0.31,0,FR1
2024-07-31 17:35:00,8,3.84,,FR1,Poke,Left,668,216,446,,0,FR1
2024-07-31 17:35:01,8,3.84,1.0,FR1,Pellet,Left,668,216,447,0.31,0,FR1
2024-07-31 17:35:38,8,3.84,,FR1,Poke,Left,669,216,447,,0,FR1
2024-07-31 17:35:41,8,3.84,2.0,FR1,Pellet,Left,669,216,448,0.31,0,FR1
2024-07-31 17:36:09,8,3.83,,FR1,Poke,Left,670,216,448,,0,FR1
2024-07-31 17:36:11,8,3.84,1.0,FR1,Pellet,Left,670,216,449,0.37,0,FR1
2024-07-31 17:36:38,8,3.84,,FR1,Poke,Left,671,216,449,,0,FR1
2024-07-31 17:36:41,8,3.84,2.0,FR1,Pellet,Left,671,216,450,0.31,0,FR1
2024-07-31 18:04:52,8,3.84,,FR1,Poke,Left,672,216,450,,0,FR1
2024-07-31 18:04:53,8,3.83,1.0,FR1,Pellet,Left,672,216,451,0.25,0,FR1
2024-07-31 18:05:11,8,3.83,,FR1,Poke,Left,673,216,451,,0,FR1
2024-07-31 18:05:12,8,3.84,2.0,FR1,Pellet,Left,673,216,452,0.63,0,FR1
2024-07-31 18:05:32,8,3.83,,FR1,Poke,Left,674,216,452,,0,FR1
2024-07-31 18:05:33,8,3.84,1.0,FR1,Pellet,Left,674,216,453,0.63,0,FR1
2024-07-31 18:05:53,8,3.83,,FR1,Poke,Left,675,216,453,,0,FR1
2024-07-31 18:05:54,8,3.83,,FR1,Poke,Left,676,216,453,,0,FR1
2024-07-31 18:05:57,8,3.83,2.0,FR1,Pellet,Left,676,216,454,0.44,0,FR1
2024-07-31 18:06:19,8,3.84,,FR1,Poke,Left,677,216,454,,0,FR1
2024-07-31 18:06:20,8,3.84,1.0,FR1,Pellet,Left,677,216,455,0.37,0,FR1
2024-07-31 18:11:48,8,3.84,,FR1,Poke,Left,677,217,455,,0,FR1
2024-07-31 18:13:48,8,3.83,,FR1,Poke,Left,678,217,455,,0,FR1
2024-07-31 18:13:50,8,3.84,1.0,FR1,Pellet,Left,678,217,456,0.94,0,FR1
2024-07-31 18:15:47,8,3.83,,FR1,Poke,Left,678,218,456,,0,FR1
2024-07-31 18:16:05,8,3.83,,FR1,Poke,Left,679,218,456,,0,FR1
2024-07-31 18:16:09,8,3.83,,FR1,Poke,Left,680,218,456,,0,FR1
2024-07-31 18:16:57,8,3.83,2.0,FR1,Pellet,Left,680,218,457,49.14,0,FR1
2024-07-31 18:23:56,8,3.83,,FR1,Poke,Left,681,218,457,,0,FR1
2024-07-31 18:23:58,8,3.83,1.0,FR1,Pellet,Left,681,218,458,1.32,0,FR1
2024-07-31 18:24:45,8,3.84,,FR1,Poke,Left,682,218,458,,0,FR1
2024-07-31 18:24:46,8,3.84,1.0,FR1,Pellet,Left,682,218,459,0.19,0,FR1
2024-07-31 18:25:15,8,3.83,,FR1,Poke,Left,683,218,459,,0,FR1
2024-07-31 18:25:16,8,3.83,1.0,FR1,Pellet,Left,683,218,460,0.19,0,FR1
2024-07-31 18:27:29,8,3.84,,FR1,Poke,Left,684,218,460,,0,FR1
2024-07-31 18:27:30,8,3.83,1.0,FR1,Pellet,Left,684,218,461,0.19,0,FR1
2024-07-31 18:31:25,8,3.83,,FR1,Poke,Left,684,219,461,,0,FR1
2024-07-31 18:31:49,8,3.84,,FR1,Poke,Left,685,219,461,,0,FR1
2024-07-31 18:31:51,8,3.83,1.0,FR1,Pellet,Left,685,219,462,0.75,0,FR1
2024-07-31 18:40:25,8,3.84,,FR1,Poke,Left,686,219,462,,0,FR1
2024-07-31 18:40:26,8,3.83,2.0,FR1,Pellet,Left,686,219,463,0.12,0,FR1
2024-07-31 18:45:00,8,3.83,,FR1,Poke,Left,686,220,463,,0,FR1
2024-07-31 18:45:03,8,3.83,,FR1,Poke,Left,686,221,463,,0,FR1
2024-07-31 18:45:30,8,3.83,,FR1,Poke,Left,687,221,463,,0,FR1
2024-07-31 18:45:32,8,3.83,1.0,FR1,Pellet,Left,687,221,464,1.07,0,FR1
2024-07-31 18:48:06,8,3.84,,FR1,Poke,Left,688,221,464,,0,FR1
2024-07-31 18:48:08,8,3.83,1.0,FR1,Pellet,Left,688,221,465,0.69,0,FR1
2024-07-31 18:49:28,8,3.83,,FR1,Poke,Left,689,221,465,,0,FR1
2024-07-31 18:49:57,8,3.83,1.0,FR1,Pellet,Left,689,221,466,28.59,0,FR1
2024-07-31 18:54:15,8,3.84,,FR1,Poke,Left,689,222,466,,0,FR1
2024-07-31 19:01:01,8,3.83,,FR1,Poke,Left,690,222,466,,0,FR1
2024-07-31 19:01:02,8,3.83,1.0,FR1,Pellet,Left,690,222,467,0.44,0,FR1
2024-07-31 19:01:27,8,3.83,,FR1,Poke,Left,691,222,467,,0,FR1
2024-07-31 19:01:39,8,3.84,2.0,FR1,Pellet,Left,691,222,468,9.52,0,FR1
2024-07-31 19:02:10,8,3.84,,FR1,Poke,Left,692,222,468,,0,FR1
2024-07-31 19:02:11,8,3.83,,FR1,Poke,Left,693,222,468,,0,FR1
2024-07-31 19:02:23,8,3.83,3.0,FR1,Pellet,Left,693,222,469,7.56,0,FR1
2024-07-31 19:03:17,8,3.83,,FR1,Poke,Left,694,222,469,,0,FR1
2024-07-31 19:03:18,8,3.83,1.0,FR1,Pellet,Left,694,222,470,0.19,0,FR1
2024-07-31 19:07:03,8,3.83,,FR1,Poke,Left,695,222,470,,0,FR1
2024-07-31 19:07:12,8,3.83,2.0,FR1,Pellet,Left,695,222,471,6.47,0,FR1
2024-07-31 19:10:39,8,3.83,,FR1,Poke,Left,695,223,471,,0,FR1
2024-07-31 19:14:10,8,3.83,,FR1,Poke,Left,696,223,471,,0,FR1
2024-07-31 19:14:12,8,3.83,1.0,FR1,Pellet,Left,696,223,472,0.63,0,FR1
2024-07-31 19:16:19,8,3.84,,FR1,Poke,Left,696,224,472,,0,FR1
2024-07-31 19:19:31,8,3.83,,FR1,Poke,Left,697,224,472,,0,FR1
2024-07-31 19:19:34,8,3.83,2.0,FR1,Pellet,Left,697,224,473,0.63,0,FR1
2024-07-31 19:19:49,8,3.83,,FR1,Poke,Left,698,224,473,,0,FR1
2024-07-31 19:19:50,8,3.84,1.0,FR1,Pellet,Left,698,224,474,0.19,0,FR1
2024-07-31 19:20:10,8,3.83,,FR1,Poke,Left,699,224,474,,0,FR1
2024-07-31 19:20:28,8,3.83,2.0,FR1,Pellet,Left,699,224,475,14.87,0,FR1
2024-07-31 19:20:58,8,3.83,,FR1,Poke,Left,700,224,475,,0,FR1
2024-07-31 19:20:59,8,3.83,1.0,FR1,Pellet,Left,700,224,476,0.12,0,FR1
2024-07-31 19:25:22,8,3.83,,FR1,Poke,Left,701,224,476,,0,FR1
2024-07-31 19:25:33,8,3.83,1.0,FR1,Pellet,Left,701,224,477,10.48,0,FR1
2024-07-31 19:35:54,8,3.83,,FR1,Poke,Left,702,224,477,,0,FR1
2024-07-31 19:35:55,8,3.83,1.0,FR1,Pellet,Left,702,224,478,0.69,0,FR1
2024-07-31 19:36:23,8,3.83,,FR1,Poke,Left,703,224,478,,0,FR1
2024-07-31 19:36:25,8,3.84,1.0,FR1,Pellet,Left,703,224,479,0.63,0,FR1
2024-07-31 19:36:39,8,3.83,,FR1,Poke,Left,704,224,479,,0,FR1
2024-07-31 19:36:40,8,3.83,1.0,FR1,Pellet,Left,704,224,480,0.31,0,FR1
2024-07-31 19:36:59,8,3.84,,FR1,Poke,Left,705,224,480,,0,FR1
2024-07-31 19:37:02,8,3.83,2.0,FR1,Pellet,Left,705,224,481,0.31,0,FR1
2024-07-31 19:37:20,8,3.83,,FR1,Poke,Left,706,224,481,,0,FR1
2024-07-31 19:37:21,8,3.84,2.0,FR1,Pellet,Left,706,224,482,0.06,0,FR1
2024-07-31 19:44:17,8,3.83,,FR1,Poke,Left,707,224,482,,0,FR1
2024-07-31 19:44:19,8,3.83,1.0,FR1,Pellet,Left,707,224,483,0.95,0,FR1
2024-07-31 19:44:44,8,3.83,,FR1,Poke,Left,708,224,483,,0,FR1
2024-07-31 19:44:45,8,3.83,1.0,FR1,Pellet,Left,708,224,484,0.31,0,FR1
2024-07-31 19:45:02,8,3.83,,FR1,Poke,Left,709,224,484,,0,FR1
2024-07-31 19:45:03,8,3.83,1.0,FR1,Pellet,Left,709,224,485,0.25,0,FR1
2024-07-31 19:45:24,8,3.83,,FR1,Poke,Left,710,224,485,,0,FR1
2024-07-31 19:45:24,8,3.84,,FR1,Poke,Left,711,224,485,,0,FR1
2024-07-31 19:45:28,8,3.83,2.0,FR1,Pellet,Left,711,224,486,0.44,0,FR1
2024-07-31 19:45:49,8,3.84,,FR1,Poke,Left,712,224,486,,0,FR1
2024-07-31 19:45:50,8,3.83,1.0,FR1,Pellet,Left,712,224,487,0.19,0,FR1
2024-07-31 19:46:20,8,3.83,,FR1,Poke,Left,713,224,487,,0,FR1
2024-07-31 19:46:22,8,3.83,1.0,FR1,Pellet,Left,713,224,488,0.44,0,FR1
2024-07-31 19:53:59,8,3.83,,FR1,Poke,Left,714,224,488,,0,FR1
2024-07-31 19:54:01,8,3.83,1.0,FR1,Pellet,Left,714,224,489,0.82,0,FR1
2024-07-31 19:54:22,8,3.83,,FR1,Poke,Left,715,224,489,,0,FR1
2024-07-31 19:54:23,8,3.83,1.0,FR1,Pellet,Left,715,224,490,0.63,0,FR1
2024-07-31 20:22:40,8,3.83,,FR1,Poke,Left,716,224,490,,0,FR1
2024-07-31 20:22:41,8,3.83,2.0,FR1,Pellet,Left,716,224,491,0.56,0,FR1
2024-07-31 20:23:06,8,3.83,,FR1,Poke,Left,717,224,491,,0,FR1
2024-07-31 20:23:07,8,3.83,1.0,FR1,Pellet,Left,717,224,492,0.37,0,FR1
2024-07-31 20:23:28,8,3.83,,FR1,Poke,Left,718,224,492,,0,FR1
2024-07-31 20:23:32,8,3.83,3.0,FR1,Pellet,Left,718,224,493,0.37,0,FR1
2024-07-31 20:33:06,8,3.83,,FR1,Poke,Left,719,224,493,,0,FR1
2024-07-31 20:33:07,8,3.83,2.0,FR1,Pellet,Left,719,224,494,0.06,0,FR1
2024-07-31 20:33:34,8,3.83,,FR1,Poke,Left,720,224,494,,0,FR1
2024-07-31 20:33:38,8,3.83,3.0,FR1,Pellet,Left,720,224,495,0.06,0,FR1
2024-07-31 20:34:02,8,3.83,,FR1,Poke,Left,721,224,495,,0,FR1
2024-07-31 20:34:03,8,3.83,1.0,FR1,Pellet,Left,721,224,496,0.44,0,FR1
2024-07-31 20:34:29,8,3.83,,FR1,Poke,Left,722,224,496,,0,FR1
2024-07-31 20:34:33,8,3.83,2.0,FR1,Pellet,Left,722,224,497,0.75,0,FR1
2024-07-31 20:35:21,8,3.83,,FR1,Poke,Left,723,224,497,,0,FR1
2024-07-31 20:35:22,8,3.83,1.0,FR1,Pellet,Left,723,224,498,0.37,0,FR1
2024-07-31 20:42:21,8,3.83,,FR1,Poke,Left,723,225,498,,0,FR1
2024-07-31 20:42:22,8,3.83,,FR1,Poke,Left,723,226,498,,0,FR1
2024-07-31 20:48:23,8,3.83,,FR1,Poke,Left,724,226,498,,0,FR1
2024-07-31 20:51:33,8,3.83,1.0,FR1,Pellet,Left,724,226,499,,0,FR1
2024-07-31 20:59:53,8,3.83,,FR1,Poke,Left,725,226,499,,0,FR1
2024-07-31 20:59:54,8,3.83,1.0,FR1,Pellet,Left,725,226,500,0.19,0,FR1
2024-07-31 21:00:15,8,3.83,,FR1,Poke,Left,726,226,500,,0,FR1
2024-07-31 21:00:17,8,3.83,2.0,FR1,Pellet,Left,726,226,501,0.19,0,FR1
2024-07-31 21:00:44,8,3.83,,FR1,Poke,Left,727,226,501,,0,FR1
2024-07-31 21:00:45,8,3.83,,FR1,Poke,Left,728,226,501,,0,FR1
2024-07-31 21:00:48,8,3.83,2.0,FR1,Pellet,Left,728,226,502,0.95,0,FR1
2024-07-31 21:03:02,8,3.83,,FR1,Poke,Left,728,227,502,,0,FR1
2024-07-31 21:03:26,8,3.83,,FR1,Poke,Left,729,227,502,,0,FR1
2024-07-31 21:03:51,8,3.83,1.0,FR1,Pellet,Left,729,227,503,24.12,0,FR1
2024-07-31 21:04:07,8,3.83,,FR1,Poke,Left,730,227,503,,0,FR1
2024-07-31 21:13:32,8,3.83,,FR1,Poke,Left,731,227,503,,0,FR1
2024-07-31 21:13:33,8,3.83,,FR1,Poke,Left,732,227,503,,0,FR1
2024-07-31 21:14:41,8,3.83,,FR1,Poke,Left,732,228,503,,0,FR1
2024-07-31 21:14:43,8,3.83,,FR1,Poke,Left,732,229,503,,0,FR1
2024-07-31 21:14:46,8,3.83,,FR1,Poke,Left,732,230,503,,0,FR1
2024-07-31 21:14:55,8,3.83,,FR1,Poke,Left,732,231,503,,0,FR1
2024-07-31 21:15:00,8,3.83,,FR1,Poke,Left,732,232,503,,0,FR1
2024-07-31 21:15:03,8,3.83,,FR1,Poke,Left,732,233,503,,0,FR1
2024-07-31 21:15:12,8,3.83,,FR1,Poke,Left,733,233,503,,0,FR1
2024-07-31 21:15:14,8,3.83,,FR1,Poke,Left,734,233,503,,0,FR1
2024-07-31 21:15:17,8,3.83,,FR1,Poke,Left,735,233,503,,0,FR1
2024-07-31 21:15:30,8,3.83,2.0,FR1,Pellet,Left,735,233,504,,0,FR1
2024-07-31 21:17:44,8,3.83,,FR1,Poke,Left,736,233,504,,0,FR1
2024-07-31 21:17:45,8,3.83,1.0,FR1,Pellet,Left,736,233,505,0.25,0,FR1
2024-07-31 21:18:09,8,3.83,,FR1,Poke,Left,737,233,505,,0,FR1
2024-07-31 21:18:10,8,3.83,1.0,FR1,Pellet,Left,737,233,506,0.44,0,FR1
2024-07-31 21:19:40,8,3.83,,FR1,Poke,Left,738,233,506,,0,FR1
2024-07-31 21:19:47,8,3.83,,FR1,Poke,Left,738,234,506,,0,FR1
2024-07-31 21:19:49,8,3.83,1.0,FR1,Pellet,Left,738,234,507,8.03,0,FR1
2024-07-31 21:29:15,8,3.83,,FR1,Poke,Left,738,235,507,,0,FR1
2024-07-31 21:29:16,8,3.83,,FR1,Poke,Left,738,236,507,,0,FR1
2024-07-31 21:48:05,8,3.83,,FR1,Poke,Left,739,236,507,,0,FR1
2024-07-31 21:48:06,8,3.83,,FR1,Poke,Left,740,236,507,,0,FR1
2024-07-31 21:48:08,8,3.83,1.0,FR1,Pellet,Left,740,236,508,1.77,0,FR1
2024-07-31 21:48:29,8,3.83,,FR1,Poke,Left,741,236,508,,0,FR1
2024-07-31 21:48:32,8,3.83,3.0,FR1,Pellet,Left,741,236,509,0.12,0,FR1
2024-07-31 21:48:48,8,3.83,,FR1,Poke,Left,742,236,509,,0,FR1
2024-07-31 21:48:50,8,3.83,2.0,FR1,Pellet,Left,742,236,510,0.63,0,FR1
2024-07-31 21:49:11,8,3.83,,FR1,Poke,Left,743,236,510,,0,FR1
2024-07-31 21:49:12,8,3.83,2.0,FR1,Pellet,Left,743,236,511,0.56,0,FR1
2024-07-31 21:49:34,8,3.83,,FR1,Poke,Left,744,236,511,,0,FR1
2024-07-31 21:49:35,8,3.82,2.0,FR1,Pellet,Left,744,236,512,0.25,0,FR1
2024-07-31 21:50:02,8,3.83,,FR1,Poke,Left,745,236,512,,0,FR1
2024-07-31 21:50:03,8,3.83,2.0,FR1,Pellet,Left,745,236,513,0.06,0,FR1
2024-07-31 21:50:40,8,3.83,,FR1,Poke,Left,746,236,513,,0,FR1
2024-07-31 21:50:41,8,3.83,2.0,FR1,Pellet,Left,746,236,514,0.06,0,FR1
2024-07-31 21:51:22,8,3.83,,FR1,Poke,Left,746,237,514,,0,FR1
2024-07-31 22:01:47,8,3.83,,FR1,Poke,Left,747,237,514,,0,FR1
2024-07-31 22:01:48,8,3.83,2.0,FR1,Pellet,Left,747,237,515,0.31,0,FR1
2024-07-31 22:02:08,8,3.83,,FR1,Poke,Left,748,237,515,,0,FR1
2024-07-31 22:02:09,8,3.83,1.0,FR1,Pellet,Left,748,237,516,0.12,0,FR1
2024-07-31 22:02:30,8,3.83,,FR1,Poke,Left,749,237,516,,0,FR1
2024-07-31 22:02:31,8,3.83,1.0,FR1,Pellet,Left,749,237,517,0.25,0,FR1
2024-07-31 22:03:04,8,3.83,,FR1,Poke,Left,750,237,517,,0,FR1
2024-07-31 22:03:05,8,3.83,2.0,FR1,Pellet,Left,750,237,518,0.06,0,FR1
2024-07-31 22:04:51,8,3.83,,FR1,Poke,Left,750,238,518,,0,FR1
2024-07-31 22:04:56,8,3.83,,FR1,Poke,Left,750,239,518,,0,FR1
2024-07-31 22:04:58,8,3.83,,FR1,Poke,Left,750,240,518,,0,FR1
2024-07-31 22:10:57,8,3.83,,FR1,Poke,Left,751,240,518,,0,FR1
2024-07-31 22:14:31,8,3.83,,FR1,Poke,Left,751,241,518,,0,FR1
2024-07-31 22:14:32,8,3.83,,FR1,Poke,Left,751,242,518,,0,FR1
2024-07-31 22:15:00,8,3.83,2.0,FR1,Pellet,Left,751,242,519,,0,FR1
2024-07-31 22:18:36,8,3.83,,FR1,Poke,Left,752,242,519,,0,FR1
2024-07-31 22:22:35,8,3.83,,FR1,Poke,Left,752,243,519,,0,FR1
2024-07-31 22:22:48,8,3.82,,FR1,Poke,Left,752,244,519,,0,FR1
2024-07-31 22:22:49,8,3.83,,FR1,Poke,Left,752,245,519,,0,FR1
2024-07-31 22:22:51,8,3.83,,FR1,Poke,Left,752,246,519,,0,FR1
2024-07-31 22:22:59,8,3.83,,FR1,Poke,Left,752,247,519,,0,FR1
2024-07-31 22:23:17,8,3.83,,FR1,Poke,Left,752,248,519,,0,FR1
2024-07-31 22:24:18,8,3.83,1.0,FR1,Pellet,Left,752,248,520,,0,FR1
2024-07-31 22:24:55,8,3.83,,FR1,Poke,Left,753,248,520,,0,FR1
2024-07-31 22:24:59,8,3.83,,FR1,Poke,Left,754,248,520,,0,FR1
2024-07-31 22:28:57,8,3.82,,FR1,Poke,Left,755,248,520,,0,FR1
2024-07-31 22:30:08,8,3.83,,FR1,Poke,Left,756,248,520,,0,FR1
2024-07-31 22:30:22,8,3.83,,FR1,Poke,Left,757,248,520,,0,FR1
2024-07-31 22:30:25,8,3.83,,FR1,Poke,Left,758,248,520,,0,FR1
2024-07-31 22:30:28,8,3.83,,FR1,Poke,Left,759,248,520,,0,FR1
2024-07-31 22:31:45,8,3.82,1.0,FR1,Pellet,Left,759,248,521,,0,FR1
2024-07-31 22:35:14,8,3.83,,FR1,Poke,Left,759,249,521,,0,FR1
2024-07-31 22:35:30,8,3.83,,FR1,Poke,Left,760,249,521,,0,FR1
2024-07-31 22:35:41,8,3.83,,FR1,Poke,Left,761,249,521,,0,FR1
2024-07-31 22:41:35,8,3.83,1.0,FR1,Pellet,Left,761,249,522,,0,FR1
2024-07-31 22:44:00,8,3.83,,FR1,Poke,Left,761,250,522,,0,FR1
2024-07-31 22:47:41,8,3.83,,FR1,Poke,Left,762,250,522,,0,FR1
2024-07-31 22:47:42,8,3.82,2.0,FR1,Pellet,Left,762,250,523,0.31,0,FR1
2024-07-31 22:48:12,8,3.83,,FR1,Poke,Left,763,250,523,,0,FR1
2024-07-31 22:48:16,8,3.83,2.0,FR1,Pellet,Left,763,250,524,1.45,0,FR1
2024-07-31 22:51:00,8,3.83,,FR1,Poke,Left,764,250,524,,0,FR1
2024-07-31 22:51:02,8,3.83,1.0,FR1,Pellet,Left,764,250,525,0.63,0,FR1
2024-07-31 22:51:37,8,3.82,,FR1,Poke,Left,765,250,525,,0,FR1
2024-07-31 22:51:38,8,3.83,1.0,FR1,Pellet,Left,765,250,526,0.31,0,FR1
2024-07-31 22:51:59,8,3.83,,FR1,Poke,Left,766,250,526,,0,FR1
2024-07-31 22:52:00,8,3.83,2.0,FR1,Pellet,Left,766,250,527,0.06,0,FR1
2024-07-31 22:52:56,8,3.83,,FR1,Poke,Left,767,250,527,,0,FR1
2024-07-31 22:52:57,8,3.83,1.0,FR1,Pellet,Left,767,250,528,0.31,0,FR1
2024-07-31 22:59:34,8,3.83,,FR1,Poke,Left,768,250,528,,0,FR1
2024-07-31 22:59:37,8,3.83,,FR1,Poke,Left,769,250,528,,0,FR1
2024-07-31 22:59:46,8,3.83,,FR1,Poke,Left,770,250,528,,0,FR1
2024-07-31 23:08:16,8,3.83,1.0,FR1,Pellet,Left,770,250,529,,0,FR1
2024-07-31 23:09:14,8,3.83,,FR1,Poke,Left,771,250,529,,0,FR1
2024-07-31 23:09:15,8,3.83,2.0,FR1,Pellet,Left,771,250,530,0.12,0,FR1
2024-07-31 23:11:20,8,3.83,,FR1,Poke,Left,771,251,530,,0,FR1
2024-07-31 23:17:35,8,3.83,,FR1,Poke,Left,771,252,530,,0,FR1
2024-07-31 23:19:54,8,3.83,,FR1,Poke,Left,771,253,530,,0,FR1
2024-07-31 23:19:59,8,3.83,,FR1,Poke,Left,772,253,530,,0,FR1
2024-07-31 23:20:00,8,3.83,1.0,FR1,Pellet,Left,772,253,531,0.88,0,FR1
2024-07-31 23:20:36,8,3.83,,FR1,Poke,Left,773,253,531,,0,FR1
2024-07-31 23:20:59,8,3.83,1.0,FR1,Pellet,Left,773,253,532,22.02,0,FR1
2024-07-31 23:35:08,8,3.83,,FR1,Poke,Left,774,253,532,,0,FR1
2024-07-31 23:35:10,8,3.83,1.0,FR1,Pellet,Left,774,253,533,1.01,0,FR1
2024-07-31 23:43:19,8,3.83,,FR1,Poke,Left,775,253,533,,0,FR1
2024-07-31 23:43:21,8,3.83,,FR1,Poke,Left,776,253,533,,0,FR1
2024-07-31 23:45:35,8,3.83,,FR1,Poke,Left,776,254,533,,0,FR1
2024-07-31 23:52:56,8,3.83,1.0,FR1,Pellet,Left,776,254,534,,0,FR1
2024-07-31 23:56:09,8,3.82,,FR1,Poke,Left,777,254,534,,0,FR1
2024-07-31 23:56:10,8,3.82,1.0,FR1,Pellet,Left,777,254,535,0.5,0,FR1
2024-07-31 23:57:07,8,3.83,,FR1,Poke,Left,778,254,535,,0,FR1
2024-07-31 23:57:09,8,3.83,1.0,FR1,Pellet,Left,778,254,536,1.77,0,FR1
2024-07-31 23:58:40,8,3.83,,FR1,Poke,Left,778,255,536,,0,FR1
2024-07-31 23:58:41,8,3.83,,FR1,Poke,Left,778,256,536,,0,FR1
2024-07-31 23:58:56,8,3.83,,FR1,Poke,Left,779,256,536,,0,FR1
2024-07-31 23:59:21,8,3.82,1.0,FR1,Pellet,Left,779,256,537,24.33,0,FR1
2024-08-01 00:05:34,8,3.83,,FR1,Poke,Left,780,256,537,,0,FR1
2024-08-01 00:05:39,8,3.82,,FR1,Poke,Left,780,257,537,,0,FR1
2024-08-01 00:05:40,8,3.83,,FR1,Poke,Left,780,258,537,,0,FR1
2024-08-01 00:12:50,8,3.83,2.0,FR1,Pellet,Left,780,258,538,,0,FR1
2024-08-01 00:13:38,8,3.83,,FR1,Poke,Left,780,259,538,,0,FR1
2024-08-01 00:13:41,8,3.83,,FR1,Poke,Left,780,260,538,,0,FR1
2024-08-01 00:13:47,8,3.83,,FR1,Poke,Left,781,260,538,,0,FR1
2024-08-01 00:13:49,8,3.83,1.0,FR1,Pellet,Left,781,260,539,1.07,0,FR1
2024-08-01 00:15:37,8,3.83,,FR1,Poke,Left,782,260,539,,0,FR1
2024-08-01 00:15:39,8,3.82,1.0,FR1,Pellet,Left,782,260,540,0.31,0,FR1
2024-08-01 00:17:29,8,3.83,,FR1,Poke,Left,783,260,540,,0,FR1
2024-08-01 00:24:37,8,3.83,1.0,FR1,Pellet,Left,783,260,541,,0,FR1
2024-08-01 00:33:50,8,3.82,,FR1,Poke,Left,783,261,541,,0,FR1
2024-08-01 00:36:41,8,3.82,,FR1,Poke,Left,783,262,541,,0,FR1
2024-08-01 00:36:46,8,3.82,,FR1,Poke,Left,783,263,541,,0,FR1
2024-08-01 00:51:14,8,3.83,,FR1,Poke,Left,783,264,541,,0,FR1
2024-08-01 00:51:23,8,3.82,,FR1,Poke,Left,784,264,541,,0,FR1
2024-08-01 00:51:24,8,3.83,1.0,FR1,Pellet,Left,784,264,542,1.07,0,FR1
2024-08-01 00:51:50,8,3.82,,FR1,Poke,Left,785,264,542,,0,FR1
2024-08-01 00:51:52,8,3.83,1.0,FR1,Pellet,Left,785,264,543,0.63,0,FR1
2024-08-01 00:52:10,8,3.83,,FR1,Poke,Left,786,264,543,,0,FR1
2024-08-01 00:52:11,8,3.82,1.0,FR1,Pellet,Left,786,264,544,0.63,0,FR1
2024-08-01 00:52:28,8,3.83,,FR1,Poke,Left,787,264,544,,0,FR1
2024-08-01 00:52:29,8,3.83,2.0,FR1,Pellet,Left,787,264,545,0.37,0,FR1
2024-08-01 01:17:18,8,3.82,,FR1,Poke,Left,788,264,545,,0,FR1
2024-08-01 01:17:18,8,3.83,,FR1,Poke,Left,789,264,545,,0,FR1
2024-08-01 01:17:21,8,3.82,2.0,FR1,Pellet,Left,789,264,546,0.5,0,FR1
2024-08-01 01:18:03,8,3.83,,FR1,Poke,Left,789,265,546,,0,FR1
2024-08-01 01:18:53,8,3.83,,FR1,Poke,Left,790,265,546,,0,FR1
2024-08-01 02:28:56,8,3.82,2.0,FR1,Pellet,Left,790,265,547,,0,FR1
2024-08-01 02:29:27,8,3.82,,FR1,Poke,Left,791,265,547,,0,FR1
2024-08-01 02:29:40,8,3.82,7.0,FR1,Pellet,Left,791,265,548,0.56,0,FR1
2024-08-01 02:30:00,8,3.82,,FR1,Poke,Left,792,265,548,,0,FR1
2024-08-01 02:30:04,8,3.82,2.0,FR1,Pellet,Left,792,265,549,0.37,0,FR1
2024-08-01 02:30:28,8,3.82,,FR1,Poke,Left,793,265,549,,0,FR1
2024-08-01 02:30:29,8,3.82,2.0,FR1,Pellet,Left,793,265,550,0.06,0,FR1
2024-08-01 02:31:04,8,3.82,,FR1,Poke,Left,794,265,550,,0,FR1
2024-08-01 02:31:06,8,3.82,1.0,FR1,Pellet,Left,794,265,551,1.07,0,FR1
2024-08-01 02:31:29,8,3.82,,FR1,Poke,Left,795,265,551,,0,FR1
2024-08-01 02:31:30,8,3.82,1.0,FR1,Pellet,Left,795,265,552,0.25,0,FR1
2024-08-01 02:31:55,8,3.82,,FR1,Poke,Left,796,265,552,,0,FR1
2024-08-01 02:31:56,8,3.82,1.0,FR1,Pellet,Left,796,265,553,0.25,0,FR1
2024-08-01 02:32:38,8,3.82,,FR1,Poke,Left,797,265,553,,0,FR1
2024-08-01 02:32:40,8,3.82,1.0,FR1,Pellet,Left,797,265,554,0.37,0,FR1
2024-08-01 02:33:06,8,3.82,,FR1,Poke,Left,798,265,554,,0,FR1
2024-08-01 02:33:09,8,3.82,2.0,FR1,Pellet,Left,798,265,555,0.5,0,FR1
2024-08-01 02:45:54,8,3.82,,FR1,Poke,Left,798,266,555,,0,FR1
2024-08-01 02:48:14,8,3.82,,FR1,Poke,Left,798,267,555,,0,FR1
2024-08-01 02:49:07,8,3.82,,FR1,Poke,Left,798,268,555,,0,FR1
2024-08-01 02:50:45,8,3.82,,FR1,Poke,Left,799,268,555,,0,FR1
2024-08-01 02:50:47,8,3.82,1.0,FR1,Pellet,Left,799,268,556,0.5,0,FR1
2024-08-01 02:51:06,8,3.82,,FR1,Poke,Left,800,268,556,,0,FR1
2024-08-01 02:51:07,8,3.82,2.0,FR1,Pellet,Left,800,268,557,0.06,0,FR1
2024-08-01 02:57:19,8,3.82,,FR1,Poke,Left,801,268,557,,0,FR1
2024-08-01 02:57:20,8,3.82,1.0,FR1,Pellet,Left,801,268,558,0.5,0,FR1
2024-08-01 02:57:47,8,3.82,,FR1,Poke,Left,802,268,558,,0,FR1
2024-08-01 02:58:07,8,3.82,3.0,FR1,Pellet,Left,802,268,559,14.56,0,FR1
2024-08-01 03:06:05,8,3.82,,FR1,Poke,Left,803,268,559,,0,FR1
2024-08-01 03:17:01,8,3.82,,FR1,Poke,Left,803,269,559,,0,FR1
2024-08-01 03:17:09,8,3.82,,FR1,Poke,Left,804,269,559,,0,FR1
2024-08-01 03:17:11,8,3.82,,FR1,Poke,Left,805,269,559,,0,FR1
2024-08-01 03:17:14,8,3.82,,FR1,Poke,Left,806,269,559,,0,FR1
2024-08-01 03:17:34,8,3.82,,FR1,Poke,Left,807,269,559,,0,FR1
2024-08-01 03:17:39,8,3.82,,FR1,Poke,Left,808,269,559,,0,FR1
2024-08-01 03:17:43,8,3.82,,FR1,Poke,Left,808,270,559,,0,FR1
2024-08-01 03:17:56,8,3.82,,FR1,Poke,Left,808,271,559,,0,FR1
2024-08-01 03:18:19,8,3.82,1.0,FR1,Pellet,Left,808,271,560,,0,FR1
2024-08-01 03:18:23,8,3.82,,FR1,Poke,Left,808,272,560,,0,FR1
2024-08-01 03:18:24,8,3.82,,FR1,Poke,Left,808,273,560,,0,FR1
2024-08-01 03:18:25,8,3.82,,FR1,Poke,Left,808,274,560,,0,FR1
2024-08-01 03:19:06,8,3.82,,FR1,Poke,Left,809,274,560,,0,FR1
2024-08-01 03:19:14,8,3.82,,FR1,Poke,Left,810,274,560,,0,FR1
2024-08-01 03:19:16,8,3.82,,FR1,Poke,Left,811,274,560,,0,FR1
2024-08-01 03:19:21,8,3.82,1.0,FR1,Pellet,Left,811,274,561,13.83,0,FR1
2024-08-01 03:25:49,8,3.82,,FR1,Poke,Left,811,275,561,,0,FR1
2024-08-01 03:25:59,8,3.82,,FR1,Poke,Left,811,276,561,,0,FR1
2024-08-01 03:26:00,8,3.82,,FR1,Poke,Left,811,277,561,,0,FR1
2024-08-01 03:26:03,8,3.82,,FR1,Poke,Left,811,278,561,,0,FR1
2024-08-01 03:26:16,8,3.82,,FR1,Poke,Left,811,279,561,,0,FR1
2024-08-01 03:26:20,8,3.82,,FR1,Poke,Left,811,280,561,,0,FR1
2024-08-01 03:26:23,8,3.82,,FR1,Poke,Left,811,281,561,,0,FR1
2024-08-01 03:30:01,8,3.82,,FR1,Poke,Left,811,282,561,,0,FR1
2024-08-01 04:32:19,8,3.82,,FR1,Poke,Left,811,283,561,,0,FR1
2024-08-01 04:34:40,8,3.82,,FR1,Poke,Left,812,283,561,,0,FR1
2024-08-01 04:34:41,8,3.82,1.0,FR1,Pellet,Left,812,283,562,0.5,0,FR1
2024-08-01 04:35:19,8,3.82,,FR1,Poke,Left,813,283,562,,0,FR1
2024-08-01 04:35:20,8,3.82,1.0,FR1,Pellet,Left,813,283,563,0.44,0,FR1
2024-08-01 04:35:40,8,3.82,,FR1,Poke,Left,814,283,563,,0,FR1
2024-08-01 04:35:42,8,3.82,1.0,FR1,Pellet,Left,814,283,564,0.82,0,FR1
2024-08-01 04:37:05,8,3.82,,FR1,Poke,Left,815,283,564,,0,FR1
2024-08-01 04:37:12,8,3.82,1.0,FR1,Pellet,Left,815,283,565,6.85,0,FR1
2024-08-01 04:37:40,8,3.82,,FR1,Poke,Left,815,284,565,,0,FR1
2024-08-01 04:43:10,8,3.82,,FR1,Poke,Left,816,284,565,,0,FR1
2024-08-01 04:43:11,8,3.82,1.0,FR1,Pellet,Left,816,284,566,0.19,0,FR1
2024-08-01 04:44:16,8,3.81,,FR1,Poke,Left,816,285,566,,0,FR1
2024-08-01 04:44:19,8,3.82,,FR1,Poke,Left,816,286,566,,0,FR1
2024-08-01 04:44:23,8,3.82,,FR1,Poke,Left,817,286,566,,0,FR1
2024-08-01 04:44:24,8,3.82,,FR1,Poke,Left,818,286,566,,0,FR1
2024-08-01 04:44:25,8,3.82,1.0,FR1,Pellet,Left,818,286,567,0.69,0,FR1
2024-08-01 04:46:18,8,3.82,,FR1,Poke,Left,819,286,567,,0,FR1
2024-08-01 04:53:51,8,3.82,,FR1,Poke,Left,820,286,567,,0,FR1
2024-08-01 04:55:10,8,3.82,,FR1,Poke,Left,821,286,567,,0,FR1
2024-08-01 04:55:39,8,3.82,2.0,FR1,Pellet,Left,821,286,568,,0,FR1
2024-08-01 04:55:47,8,3.82,,FR1,Poke,Left,821,287,568,,0,FR1
2024-08-01 04:59:49,8,3.82,,FR1,Poke,Left,822,287,568,,0,FR1
2024-08-01 05:02:42,8,3.82,,FR1,Poke,Left,823,287,568,,0,FR1
2024-08-01 05:02:59,8,3.82,,FR1,Poke,Left,824,287,568,,0,FR1
2024-08-01 05:05:07,8,3.82,,FR1,Poke,Left,824,288,568,,0,FR1
2024-08-01 05:05:11,8,3.82,3.0,FR1,Pellet,Left,824,288,569,,0,FR1
2024-08-01 05:05:54,8,3.81,,FR1,Poke,Left,824,289,569,,0,FR1
2024-08-01 06:01:02,8,3.81,,FR1,Poke,Left,825,289,569,,0,FR1
2024-08-01 06:01:03,8,3.82,2.0,FR1,Pellet,Left,825,289,570,0.06,0,FR1
2024-08-01 06:01:37,8,3.82,,FR1,Poke,Left,826,289,570,,0,FR1
2024-08-01 06:01:38,8,3.82,1.0,FR1,Pellet,Left,826,289,571,0.44,0,FR1
2024-08-01 06:01:58,8,3.82,,FR1,Poke,Left,827,289,571,,0,FR1
2024-08-01 06:01:59,8,3.82,1.0,FR1,Pellet,Left,827,289,572,0.37,0,FR1
2024-08-01 06:02:17,8,3.82,,FR1,Poke,Left,828,289,572,,0,FR1
2024-08-01 06:02:18,8,3.82,1.0,FR1,Pellet,Left,828,289,573,0.31,0,FR1
2024-08-01 06:02:44,8,3.82,,FR1,Poke,Left,829,289,573,,0,FR1
2024-08-01 06:02:46,8,3.81,1.0,FR1,Pellet,Left,829,289,574,0.82,0,FR1
2024-08-01 06:09:32,8,3.81,,FR1,Poke,Left,829,290,574,,0,FR1
2024-08-01 06:14:59,8,3.82,,FR1,Poke,Left,830,290,574,,0,FR1
2024-08-01 06:15:03,8,3.82,2.0,FR1,Pellet,Left,830,290,575,0.69,0,FR1
2024-08-01 06:15:29,8,3.82,,FR1,Poke,Left,831,290,575,,0,FR1
2024-08-01 06:33:36,8,3.82,2.0,FR1,Pellet,Left,831,290,576,,0,FR1
2024-08-01 06:37:58,8,3.82,,FR1,Poke,Left,831,291,576,,0,FR1
2024-08-01 07:40:00,8,3.81,,FR1,Poke,Left,831,292,576,,0,FR1
2024-08-01 08:37:21,8,3.81,,FR1,Poke,Left,831,293,576,,0,FR1
2024-08-01 08:37:28,8,3.82,,FR1,Poke,Left,832,293,576,,0,FR1
2024-08-01 08:37:28,8,3.81,,FR1,Poke,Left,833,293,576,,0,FR1
2024-08-01 08:37:34,8,3.82,3.0,FR1,Pellet,Left,833,293,577,0.44,0,FR1
2024-08-01 08:37:36,8,3.81,,FR1,Poke,Left,833,294,577,,0,FR1
2024-08-01 08:38:01,8,3.81,,FR1,Poke,Left,834,294,577,,0,FR1
2024-08-01 08:38:26,8,3.81,3.0,FR1,Pellet,Left,834,294,578,20.8,0,FR1
2024-08-01 08:45:21,8,3.81,,FR1,Poke,Left,835,294,578,,0,FR1
2024-08-01 08:56:37,8,3.81,,FR1,Poke,Left,836,294,578,,0,FR1
2024-08-01 09:02:31,8,3.81,,FR1,Poke,Left,837,294,578,,0,FR1
2024-08-01 09:04:30,8,3.81,,FR1,Poke,Left,837,295,578,,0,FR1
2024-08-01 09:04:44,8,3.82,,FR1,Poke,Left,838,295,578,,0,FR1
2024-08-01 09:04:46,8,3.82,,FR1,Poke,Left,839,295,578,,0,FR1
2024-08-01 09:05:02,8,3.81,,FR1,Poke,Left,840,295,578,,0,FR1
2024-08-01 09:07:21,8,3.8,,FR1,Poke,Left,841,295,578,,0,FR1
2024-08-01 09:07:37,8,3.81,,FR1,Poke,Left,842,295,578,,0,FR1
2024-08-01 09:07:38,8,3.81,,FR1,Poke,Left,843,295,578,,0,FR1
2024-08-01 09:07:40,8,3.81,,FR1,Poke,Left,844,295,578,,0,FR1
2024-08-01 09:07:43,8,3.81,,FR1,Poke,Left,845,295,578,,0,FR1
2024-08-01 09:07:48,8,3.81,,FR1,Poke,Left,846,295,578,,0,FR1
2024-08-01 09:07:48,8,3.81,,FR1,Poke,Left,847,295,578,,0,FR1
2024-08-01 09:08:14,8,3.81,,FR1,Poke,Left,847,296,578,,0,FR1
2024-08-01 09:09:16,8,3.81,2.0,FR1,Pellet,Left,847,296,579,,0,FR1
2024-08-01 09:11:15,8,3.81,,FR1,Poke,Left,847,297,579,,0,FR1
2024-08-01 09:11:19,8,3.81,,FR1,Poke,Left,847,298,579,,0,FR1
2024-08-01 12:52:20,8,3.8,,FR1,Poke,Left,847,299,579,,0,FR1
2024-08-01 12:52:25,8,3.79,,FR1,Poke,Left,848,299,579,,0,FR1
2024-08-01 12:52:26,8,3.79,,FR1,Poke,Left,848,300,579,,0,FR1
2024-08-01 12:52:28,8,3.8,1.0,FR1,Pellet,Left,848,300,580,1.45,0,FR1
2024-08-01 12:53:02,8,3.8,,FR1,Poke,Left,848,301,580,,0,FR1
2024-08-01 12:53:06,8,3.79,,FR1,Poke,Left,848,302,580,,0,FR1
2024-08-01 12:53:11,8,3.8,,FR1,Poke,Left,849,302,580,,0,FR1
2024-08-01 12:53:11,8,3.79,,FR1,Poke,Left,850,302,580,,0,FR1
2024-08-01 12:53:17,8,3.79,3.0,FR1,Pellet,Left,850,302,581,0.44,0,FR1
2024-08-01 12:53:41,8,3.79,,FR1,Poke,Left,851,302,581,,0,FR1
2024-08-01 12:53:43,8,3.8,2.0,FR1,Pellet,Left,851,302,582,0.12,0,FR1
2024-08-01 12:55:06,8,3.79,,FR1,Poke,Left,851,303,582,,0,FR1
2024-08-01 12:56:36,8,3.8,,FR1,Poke,Left,852,303,582,,0,FR1
2024-08-01 12:56:40,8,3.8,2.0,FR1,Pellet,Left,852,303,583,0.37,0,FR1
2024-08-01 12:58:27,8,3.79,,FR1,Poke,Left,853,303,583,,0,FR1
2024-08-01 12:58:28,8,3.8,1.0,FR1,Pellet,Left,853,303,584,0.5,0,FR1
2024-08-01 13:01:06,8,3.8,,FR1,Poke,Left,854,303,584,,0,FR1
2024-08-01 13:01:28,8,3.8,,FR1,Poke,Left,854,304,584,,0,FR1
2024-08-01 13:01:32,8,3.79,1.0,FR1,Pellet,Left,854,304,585,25.09,0,FR1
2024-08-01 13:03:13,8,3.79,,FR1,Poke,Left,854,305,585,,0,FR1
2024-08-01 13:03:14,8,3.79,,FR1,Poke,Left,854,306,585,,0,FR1
2024-08-01 13:27:26,8,3.79,,FR1,Poke,Left,855,306,585,,0,FR1
2024-08-01 13:27:26,8,3.79,,FR1,Poke,Left,856,306,585,,0,FR1
2024-08-01 13:30:23,8,3.79,,FR1,Poke,Left,857,306,585,,0,FR1
2024-08-01 13:30:27,8,3.79,,FR1,Poke,Left,857,307,585,,0,FR1
2024-08-01 13:30:52,8,3.79,,FR1,Poke,Left,858,307,585,,0,FR1
2024-08-01 13:31:51,8,3.79,,FR1,Poke,Left,859,307,585,,0,FR1
2024-08-01 13:31:52,8,3.79,4.0,FR1,Pellet,Left,859,307,586,,0,FR1
2024-08-01 13:32:13,8,3.8,,FR1,Poke,Left,859,308,586,,0,FR1
2024-08-01 13:35:32,8,3.79,,FR1,Poke,Left,860,308,586,,0,FR1
2024-08-01 13:35:35,8,3.79,2.0,FR1,Pellet,Left,860,308,587,0.37,0,FR1
2024-08-01 13:37:24,8,3.79,,FR1,Poke,Left,861,308,587,,0,FR1
2024-08-01 13:37:28,8,3.79,,FR1,Poke,Left,862,308,587,,0,FR1
2024-08-01 13:37:35,8,3.8,,FR1,Poke,Left,863,308,587,,0,FR1
2024-08-01 13:38:28,8,3.79,2.0,FR1,Pellet,Left,863,308,588,,0,FR1
2024-08-01 13:40:58,8,3.79,,FR1,Poke,Left,864,308,588,,0,FR1
2024-08-01 13:42:02,8,3.79,1.0,FR1,Pellet,Left,864,308,589,,0,FR1
2024-08-01 13:44:18,8,3.79,,FR1,Poke,Left,864,309,589,,0,FR1
2024-08-01 13:44:19,8,3.8,,FR1,Poke,Left,864,310,589,,0,FR1
2024-08-01 13:44:55,8,3.79,,FR1,Poke,Left,864,311,589,,0,FR1
2024-08-01 13:46:09,8,3.79,,FR1,Poke,Left,864,312,589,,0,FR1
2024-08-01 13:46:21,8,3.79,,FR1,Poke,Left,864,313,589,,0,FR1
2024-08-01 14:18:05,8,3.79,,FR1,Poke,Left,864,314,589,,0,FR1
2024-08-01 15:09:41,8,3.79,,FR1,Poke,Left,864,315,589,,0,FR1
2024-08-01 15:09:42,8,3.79,,FR1,Poke,Left,864,316,589,,0,FR1
2024-08-01 15:09:50,8,3.79,,FR1,Poke,Left,865,316,589,,0,FR1
2024-08-01 15:09:52,8,3.78,1.0,FR1,Pellet,Left,865,316,590,0.56,0,FR1
2024-08-01 15:10:19,8,3.79,,FR1,Poke,Left,866,316,590,,0,FR1
2024-08-01 15:10:32,8,3.79,2.0,FR1,Pellet,Left,866,316,591,10.48,0,FR1
2024-08-01 15:11:00,8,3.79,,FR1,Poke,Left,867,316,591,,0,FR1
2024-08-01 15:11:01,8,3.79,1.0,FR1,Pellet,Left,867,316,592,0.25,0,FR1
2024-08-01 15:11:23,8,3.78,,FR1,Poke,Left,868,316,592,,0,FR1
2024-08-01 15:11:25,8,3.79,2.0,FR1,Pellet,Left,868,316,593,0.44,0,FR1
2024-08-01 15:11:49,8,3.79,,FR1,Poke,Left,869,316,593,,0,FR1
2024-08-01 15:11:52,8,3.79,2.0,FR1,Pellet,Left,869,316,594,1.58,0,FR1
2024-08-01 15:12:16,8,3.79,,FR1,Poke,Left,870,316,594,,0,FR1
2024-08-01 15:12:32,8,3.79,3.0,FR1,Pellet,Left,870,316,595,12.77,0,FR1
2024-08-01 15:13:32,8,3.79,,FR1,Poke,Left,870,317,595,,0,FR1
2024-08-01 16:09:37,8,3.79,,FR1,Poke,Left,871,317,595,,0,FR1
2024-08-01 16:09:41,8,3.78,3.0,FR1,Pellet,Left,871,317,596,1.26,0,FR1
2024-08-01 16:10:52,8,3.79,,FR1,Poke,Left,872,317,596,,0,FR1
2024-08-01 16:10:53,8,3.79,2.0,FR1,Pellet,Left,872,317,597,0.37,0,FR1
2024-08-01 16:11:13,8,3.79,,FR1,Poke,Left,873,317,597,,0,FR1
2024-08-01 16:11:14,8,3.78,2.0,FR1,Pellet,Left,873,317,598,0.06,0,FR1
2024-08-01 16:11:43,8,3.79,,FR1,Poke,Left,874,317,598,,0,FR1
2024-08-01 16:11:44,8,3.79,1.0,FR1,Pellet,Left,874,317,599,0.19,0,FR1
2024-08-01 16:12:04,8,3.78,,FR1,Poke,Left,875,317,599,,0,FR1
2024-08-01 16:12:05,8,3.78,1.0,FR1,Pellet,Left,875,317,600,0.25,0,FR1
2024-08-01 16:22:09,8,3.78,,FR1,Poke,Left,875,318,600,,0,FR1
2024-08-01 16:22:26,8,3.78,,FR1,Poke,Left,876,318,600,,0,FR1
2024-08-01 16:24:04,8,3.78,,FR1,Poke,Left,877,318,600,,0,FR1
2024-08-01 16:25:20,8,3.79,,FR1,Poke,Left,878,318,600,,0,FR1
2024-08-01 16:25:24,8,3.78,1.0,FR1,Pellet,Left,878,318,601,,0,FR1
2024-08-01 16:27:43,8,3.79,,FR1,Poke,Left,879,318,601,,0,FR1
2024-08-01 16:27:45,8,3.78,2.0,FR1,Pellet,Left,879,318,602,0.06,0,FR1
2024-08-01 16:28:13,8,3.79,,FR1,Poke,Left,880,318,602,,0,FR1
2024-08-01 16:28:16,8,3.78,2.0,FR1,Pellet,Left,880,318,603,0.31,0,FR1
2024-08-01 16:28:34,8,3.78,,FR1,Poke,Left,881,318,603,,0,FR1
2024-08-01 16:29:04,8,3.78,,FR1,Poke,Left,881,319,603,,0,FR1
2024-08-01 16:55:14,8,3.78,1.0,FR1,Pellet,Left,881,319,604,,0,FR1
2024-08-01 16:57:35,8,3.78,,FR1,Poke,Left,882,319,604,,0,FR1
2024-08-01 16:57:38,8,3.78,2.0,FR1,Pellet,Left,882,319,605,0.63,0,FR1
2024-08-01 16:58:00,8,3.79,,FR1,Poke,Left,883,319,605,,0,FR1
2024-08-01 16:58:01,8,3.78,1.0,FR1,Pellet,Left,883,319,606,0.25,0,FR1
2024-08-01 17:04:09,8,3.78,,FR1,Poke,Left,884,319,606,,0,FR1
2024-08-01 17:04:11,8,3.78,1.0,FR1,Pellet,Left,884,319,607,0.44,0,FR1
2024-08-01 17:04:33,8,3.78,,FR1,Poke,Left,885,319,607,,0,FR1
2024-08-01 17:04:34,8,3.78,1.0,FR1,Pellet,Left,885,319,608,0.31,0,FR1
2024-08-01 17:32:59,8,3.78,,FR1,Poke,Left,886,319,608,,0,FR1
2024-08-01 17:33:00,8,3.78,1.0,FR1,Pellet,Left,886,319,609,0.56,0,FR1
2024-08-01 17:33:32,8,3.78,,FR1,Poke,Left,887,319,609,,0,FR1
2024-08-01 17:33:37,8,3.78,3.0,FR1,Pellet,Left,887,319,610,0.37,0,FR1
2024-08-01 17:34:04,8,3.79,,FR1,Poke,Left,888,319,610,,0,FR1
2024-08-01 17:34:05,8,3.78,1.0,FR1,Pellet,Left,888,319,611,0.19,0,FR1
2024-08-01 17:34:28,8,3.78,,FR1,Poke,Left,889,319,611,,0,FR1
2024-08-01 17:34:29,8,3.78,2.0,FR1,Pellet,Left,889,319,612,0.06,0,FR1
2024-08-01 17:34:58,8,3.78,,FR1,Poke,Left,890,319,612,,0,FR1
2024-08-01 17:34:59,8,3.78,1.0,FR1,Pellet,Left,890,319,613,0.06,0,FR1
2024-08-01 17:47:36,8,3.78,,FR1,Poke,Left,890,320,613,,0,FR1
2024-08-01 17:48:18,8,3.78,,FR1,Poke,Left,891,320,613,,0,FR1
2024-08-01 17:49:52,8,3.78,1.0,FR1,Pellet,Left,891,320,614,,0,FR1
2024-08-01 17:54:14,8,3.78,,FR1,Poke,Left,892,320,614,,0,FR1
2024-08-01 17:54:16,8,3.78,1.0,FR1,Pellet,Left,892,320,615,1.07,0,FR1
2024-08-01 17:54:46,8,3.78,,FR1,Poke,Left,893,320,615,,0,FR1
2024-08-01 17:54:47,8,3.78,1.0,FR1,Pellet,Left,893,320,616,0.31,0,FR1
2024-08-01 17:55:15,8,3.78,,FR1,Poke,Left,894,320,616,,0,FR1
2024-08-01 17:55:16,8,3.78,2.0,FR1,Pellet,Left,894,320,617,0.06,0,FR1
2024-08-01 17:55:50,8,3.78,,FR1,Poke,Left,895,320,617,,0,FR1
2024-08-01 17:55:51,8,3.78,1.0,FR1,Pellet,Left,895,320,618,0.37,0,FR1
2024-08-01 17:56:24,8,3.78,,FR1,Poke,Left,896,320,618,,0,FR1
2024-08-01 17:56:25,8,3.78,2.0,FR1,Pellet,Left,896,320,619,0.06,0,FR1
2024-08-01 18:07:19,8,3.78,,FR1,Poke,Left,897,320,619,,0,FR1
2024-08-01 18:07:20,8,3.78,1.0,FR1,Pellet,Left,897,320,620,0.69,0,FR1
2024-08-01 18:07:43,8,3.77,,FR1,Poke,Left,898,320,620,,0,FR1
2024-08-01 18:07:44,8,3.78,2.0,FR1,Pellet,Left,898,320,621,0.06,0,FR1
2024-08-01 18:08:01,8,3.78,,FR1,Poke,Left,899,320,621,,0,FR1
2024-08-01 18:08:02,8,3.78,1.0,FR1,Pellet,Left,899,320,622,0.19,0,FR1
2024-08-01 18:08:19,8,3.78,,FR1,Poke,Left,900,320,622,,0,FR1
2024-08-01 18:08:22,8,3.78,3.0,FR1,Pellet,Left,900,320,623,0.19,0,FR1
2024-08-01 18:08:38,8,3.78,,FR1,Poke,Left,901,320,623,,0,FR1
2024-08-01 18:08:39,8,3.78,1.0,FR1,Pellet,Left,901,320,624,0.5,0,FR1
2024-08-01 18:09:57,8,3.78,,FR1,Poke,Left,901,321,624,,0,FR1
2024-08-01 18:11:29,8,3.78,,FR1,Poke,Left,901,322,624,,0,FR1
2024-08-01 18:22:30,8,3.78,,FR1,Poke,Left,902,322,624,,0,FR1
2024-08-01 18:25:13,8,3.78,,FR1,Poke,Left,902,323,624,,0,FR1
2024-08-01 18:25:35,8,3.78,,FR1,Poke,Left,902,324,624,,0,FR1
2024-08-01 18:25:41,8,3.78,,FR1,Poke,Left,903,324,624,,0,FR1
2024-08-01 18:25:53,8,3.78,,FR1,Poke,Left,904,324,624,,0,FR1
2024-08-01 18:27:22,8,3.78,1.0,FR1,Pellet,Left,904,324,625,,0,FR1
2024-08-01 18:31:41,8,3.78,,FR1,Poke,Left,905,324,625,,0,FR1
2024-08-01 18:31:43,8,3.78,1.0,FR1,Pellet,Left,905,324,626,0.75,0,FR1
2024-08-01 18:32:03,8,3.78,,FR1,Poke,Left,906,324,626,,0,FR1
2024-08-01 18:32:06,8,3.78,2.0,FR1,Pellet,Left,906,324,627,0.37,0,FR1
2024-08-01 18:33:41,8,3.78,,FR1,Poke,Left,906,325,627,,0,FR1
2024-08-01 18:34:40,8,3.78,,FR1,Poke,Left,906,326,627,,0,FR1
2024-08-01 18:35:19,8,3.78,,FR1,Poke,Left,907,326,627,,0,FR1
2024-08-01 18:37:26,8,3.78,1.0,FR1,Pellet,Left,907,326,628,,0,FR1
2024-08-01 18:38:22,8,3.78,,FR1,Poke,Left,908,326,628,,0,FR1
2024-08-01 18:38:25,8,3.78,,FR1,Poke,Left,909,326,628,,0,FR1
2024-08-01 18:38:40,8,3.78,3.0,FR1,Pellet,Left,909,326,629,12.52,0,FR1
2024-08-01 18:39:14,8,3.78,,FR1,Poke,Left,910,326,629,,0,FR1
2024-08-01 18:39:23,8,3.78,2.0,FR1,Pellet,Left,910,326,630,7.36,0,FR1
2024-08-01 18:46:21,8,3.78,,FR1,Poke,Left,911,326,630,,0,FR1
2024-08-01 18:46:23,8,3.78,1.0,FR1,Pellet,Left,911,326,631,1.2,0,FR1
2024-08-01 18:47:04,8,3.78,,FR1,Poke,Left,912,326,631,,0,FR1
2024-08-01 18:47:05,8,3.78,1.0,FR1,Pellet,Left,912,326,632,0.44,0,FR1
2024-08-01 18:50:49,8,3.78,,FR1,Poke,Left,913,326,632,,0,FR1
2024-08-01 18:50:51,8,3.78,1.0,FR1,Pellet,Left,913,326,633,0.88,0,FR1
2024-08-01 18:54:14,8,3.78,,FR1,Poke,Left,914,326,633,,0,FR1
2024-08-01 18:54:16,8,3.78,,FR1,Poke,Left,915,326,633,,0,FR1
2024-08-01 18:55:00,8,3.78,,FR1,Poke,Left,915,327,633,,0,FR1
2024-08-01 18:55:00,8,3.78,,FR1,Poke,Left,915,328,633,,0,FR1
2024-08-01 18:55:02,8,3.78,,FR1,Poke,Left,915,329,633,,0,FR1
2024-08-01 18:55:06,8,3.78,,FR1,Poke,Left,916,329,633,,0,FR1
2024-08-01 18:55:18,8,3.78,,FR1,Poke,Left,916,330,633,,0,FR1
2024-08-01 18:56:49,8,3.77,,FR1,Poke,Left,917,330,633,,0,FR1
2024-08-01 19:03:28,8,3.78,1.0,FR1,Pellet,Left,917,330,634,,0,FR1
2024-08-01 19:04:02,8,3.78,,FR1,Poke,Left,918,330,634,,0,FR1
2024-08-01 19:04:03,8,3.78,1.0,FR1,Pellet,Left,918,330,635,0.37,0,FR1
2024-08-01 19:08:00,8,3.78,,FR1,Poke,Left,918,331,635,,0,FR1
2024-08-01 19:08:32,8,3.78,,FR1,Poke,Left,918,332,635,,0,FR1
2024-08-01 19:08:41,8,3.78,,FR1,Poke,Left,918,333,635,,0,FR1
2024-08-01 19:08:43,8,3.78,,FR1,Poke,Left,918,334,635,,0,FR1
2024-08-01 19:08:55,8,3.78,,FR1,Poke,Left,919,334,635,,0,FR1
2024-08-01 19:08:56,8,3.78,,FR1,Poke,Left,920,334,635,,0,FR1
2024-08-01 19:08:59,8,3.78,3.0,FR1,Pellet,Left,920,334,636,0.19,0,FR1
2024-08-01 19:09:04,8,3.78,,FR1,Poke,Left,920,335,636,,0,FR1
2024-08-01 19:09:05,8,3.78,,FR1,Poke,Left,920,336,636,,0,FR1
2024-08-01 19:09:06,8,3.78,,FR1,Poke,Left,920,337,636,,0,FR1
2024-08-01 19:09:06,8,3.78,,FR1,Poke,Left,920,338,636,,0,FR1
2024-08-01 19:09:08,8,3.78,,FR1,Poke,Left,920,339,636,,0,FR1
2024-08-01 19:09:09,8,3.78,,FR1,Poke,Left,920,340,636,,0,FR1
2024-08-01 19:09:50,8,3.78,,FR1,Poke,Left,920,341,636,,0,FR1
2024-08-01 19:09:52,8,3.78,,FR1,Poke,Left,920,342,636,,0,FR1
2024-08-01 19:09:53,8,3.78,,FR1,Poke,Left,920,343,636,,0,FR1
2024-08-01 19:09:54,8,3.78,,FR1,Poke,Left,920,344,636,,0,FR1
2024-08-01 19:09:55,8,3.78,,FR1,Poke,Left,921,344,636,,0,FR1
2024-08-01 19:10:02,8,3.78,,FR1,Poke,Left,921,345,636,,0,FR1
2024-08-01 19:10:02,8,3.78,,FR1,Poke,Left,921,346,636,,0,FR1
2024-08-01 19:10:04,8,3.78,,FR1,Poke,Left,921,347,636,,0,FR1
2024-08-01 19:10:31,8,3.78,3.0,FR1,Pellet,Left,921,347,637,32.23,0,FR1
2024-08-01 19:18:07,8,3.78,,FR1,Poke,Left,922,347,637,,0,FR1
2024-08-01 19:19:25,8,3.78,2.0,FR1,Pellet,Left,922,347,638,,0,FR1
2024-08-01 19:20:16,8,3.78,,FR1,Poke,Left,923,347,638,,0,FR1
2024-08-01 19:20:26,8,3.78,,FR1,Poke,Left,923,348,638,,0,FR1
2024-08-01 19:20:44,8,3.78,2.0,FR1,Pellet,Left,923,348,639,27.13,0,FR1
2024-08-01 19:21:06,8,3.78,,FR1,Poke,Left,924,348,639,,0,FR1
2024-08-01 19:21:07,8,3.78,2.0,FR1,Pellet,Left,924,348,640,0.44,0,FR1
2024-08-01 19:21:23,8,3.78,,FR1,Poke,Left,925,348,640,,0,FR1
2024-08-01 19:21:23,8,3.78,,FR1,Poke,Left,926,348,640,,0,FR1
2024-08-01 19:27:40,8,3.78,3.0,FR1,Pellet,Left,926,348,641,,0,FR1
2024-08-01 19:31:08,8,3.78,,FR1,Poke,Left,927,348,641,,0,FR1
2024-08-01 19:31:12,8,3.78,,FR1,Poke,Left,928,348,641,,0,FR1
2024-08-01 19:31:17,8,3.78,,FR1,Poke,Left,929,348,641,,0,FR1
2024-08-01 19:31:52,8,3.78,,FR1,Poke,Left,929,349,641,,0,FR1
2024-08-01 19:33:02,8,3.78,2.0,FR1,Pellet,Left,929,349,642,,0,FR1
2024-08-01 19:34:28,8,3.78,,FR1,Poke,Left,930,349,642,,0,FR1
2024-08-01 19:34:31,8,3.78,2.0,FR1,Pellet,Left,930,349,643,0.31,0,FR1
2024-08-01 19:34:53,8,3.78,,FR1,Poke,Left,931,349,643,,0,FR1
2024-08-01 19:34:59,8,3.78,3.0,FR1,Pellet,Left,931,349,644,0.82,0,FR1
2024-08-01 19:38:47,8,3.78,,FR1,Poke,Left,932,349,644,,0,FR1
2024-08-01 19:39:09,8,3.78,1.0,FR1,Pellet,Left,932,349,645,21.12,0,FR1
2024-08-01 19:40:06,8,3.78,,FR1,Poke,Left,933,349,645,,0,FR1
2024-08-01 19:40:31,8,3.78,1.0,FR1,Pellet,Left,933,349,646,23.54,0,FR1
2024-08-01 19:41:05,8,3.78,,FR1,Poke,Left,934,349,646,,0,FR1
2024-08-01 19:41:47,8,3.78,1.0,FR1,Pellet,Left,934,349,647,41.07,0,FR1
2024-08-01 19:46:15,8,3.78,,FR1,Poke,Left,934,350,647,,0,FR1
2024-08-01 19:46:22,8,3.78,,FR1,Poke,Left,935,350,647,,0,FR1
2024-08-01 19:46:23,8,3.78,1.0,FR1,Pellet,Left,935,350,648,0.63,0,FR1
2024-08-01 19:48:47,8,3.77,,FR1,Poke,Left,935,351,648,,0,FR1
2024-08-01 19:51:30,8,3.78,,FR1,Poke,Left,936,351,648,,0,FR1
2024-08-01 19:51:32,8,3.78,1.0,FR1,Pellet,Left,936,351,649,1.64,0,FR1
2024-08-01 19:53:02,8,3.78,,FR1,Poke,Left,937,351,649,,0,FR1
2024-08-01 19:53:08,8,3.77,,FR1,Poke,Left,938,351,649,,0,FR1
2024-08-01 19:54:20,8,3.78,4.0,FR1,Pellet,Left,938,351,650,,0,FR1
2024-08-01 19:56:49,8,3.78,,FR1,Poke,Left,938,352,650,,0,FR1
2024-08-01 19:56:50,8,3.78,,FR1,Poke,Left,938,353,650,,0,FR1
2024-08-01 20:02:28,8,3.78,,FR1,Poke,Left,939,353,650,,0,FR1
2024-08-01 20:02:30,8,3.78,2.0,FR1,Pellet,Left,939,353,651,0.95,0,FR1
2024-08-01 20:04:30,8,3.78,,FR1,Poke,Left,940,353,651,,0,FR1
2024-08-01 20:04:31,8,3.78,2.0,FR1,Pellet,Left,940,353,652,0.19,0,FR1
2024-08-01 20:07:02,8,3.78,,FR1,Poke,Left,941,353,652,,0,FR1
2024-08-01 20:07:06,8,3.78,2.0,FR1,Pellet,Left,941,353,653,1.26,0,FR1
2024-08-01 20:13:21,8,3.78,,FR1,Poke,Left,941,354,653,,0,FR1
2024-08-01 20:24:55,8,3.78,,FR1,Poke,Left,942,354,653,,0,FR1
2024-08-01 20:24:55,8,3.78,,FR1,Poke,Left,943,354,653,,0,FR1
2024-08-01 20:24:56,8,3.78,1.0,FR1,Pellet,Left,943,354,654,0.75,0,FR1
2024-08-01 20:25:12,8,3.78,,FR1,Poke,Left,944,354,654,,0,FR1
2024-08-01 20:25:13,8,3.78,2.0,FR1,Pellet,Left,944,354,655,0.5,0,FR1
2024-08-01 20:25:29,8,3.78,,FR1,Poke,Left,945,354,655,,0,FR1
2024-08-01 20:25:41,8,3.78,3.0,FR1,Pellet,Left,945,354,656,8.96,0,FR1
2024-08-01 20:26:08,8,3.78,,FR1,Poke,Left,946,354,656,,0,FR1
2024-08-01 20:26:10,8,3.78,2.0,FR1,Pellet,Left,946,354,657,0.44,0,FR1
2024-08-01 20:26:32,8,3.76,,FR1,Poke,Left,947,354,657,,0,FR1
2024-08-01 20:26:34,8,3.78,1.0,FR1,Pellet,Left,947,354,658,0.37,0,FR1
2024-08-01 20:29:27,8,3.78,,FR1,Poke,Left,948,354,658,,0,FR1
2024-08-01 20:30:44,8,3.78,,FR1,Poke,Left,948,355,658,,0,FR1
2024-08-01 20:33:14,8,3.78,1.0,FR1,Pellet,Left,948,355,659,,0,FR1
2024-08-01 20:41:08,8,3.78,,FR1,Poke,Left,949,355,659,,0,FR1
2024-08-01 20:41:09,8,3.78,2.0,FR1,Pellet,Left,949,355,660,0.31,0,FR1
2024-08-01 21:04:23,8,3.78,,FR1,Poke,Left,950,355,660,,0,FR1
2024-08-01 21:04:25,8,3.78,1.0,FR1,Pellet,Left,950,355,661,0.31,0,FR1
2024-08-01 21:04:46,8,3.78,,FR1,Poke,Left,951,355,661,,0,FR1
2024-08-01 21:04:47,8,3.77,1.0,FR1,Pellet,Left,951,355,662,0.37,0,FR1
2024-08-01 21:05:14,8,3.77,,FR1,Poke,Left,952,355,662,,0,FR1
2024-08-01 21:05:15,8,3.78,1.0,FR1,Pellet,Left,952,355,663,0.37,0,FR1
2024-08-01 21:05:43,8,3.78,,FR1,Poke,Left,953,355,663,,0,FR1
2024-08-01 21:05:44,8,3.78,2.0,FR1,Pellet,Left,953,355,664,0.06,0,FR1
2024-08-01 21:06:07,8,3.78,,FR1,Poke,Left,954,355,664,,0,FR1
2024-08-01 21:06:08,8,3.77,1.0,FR1,Pellet,Left,954,355,665,0.12,0,FR1
2024-08-01 21:06:36,8,3.78,,FR1,Poke,Left,955,355,665,,0,FR1
2024-08-01 21:06:40,8,3.77,3.0,FR1,Pellet,Left,955,355,666,0.5,0,FR1
2024-08-01 21:35:13,8,3.78,,FR1,Poke,Left,956,355,666,,0,FR1
2024-08-01 21:35:14,8,3.78,2.0,FR1,Pellet,Left,956,355,667,0.12,0,FR1
2024-08-01 21:35:35,8,3.77,,FR1,Poke,Left,957,355,667,,0,FR1
2024-08-01 21:35:36,8,3.78,2.0,FR1,Pellet,Left,957,355,668,0.19,0,FR1
2024-08-01 21:35:52,8,3.78,,FR1,Poke,Left,958,355,668,,0,FR1
2024-08-01 21:36:08,8,3.77,2.0,FR1,Pellet,Left,958,355,669,13.54,0,FR1
2024-08-01 21:39:59,8,3.77,,FR1,Poke,Left,958,356,669,,0,FR1
2024-08-01 21:41:28,8,3.76,,FR1,Poke,Left,958,357,669,,0,FR1
2024-08-01 21:42:16,8,3.78,,FR1,Poke,Left,959,357,669,,0,FR1
2024-08-01 21:42:18,8,3.77,,FR1,Poke,Left,960,357,669,,0,FR1
2024-08-01 21:42:20,8,3.77,,FR1,Poke,Left,961,357,669,,0,FR1
2024-08-01 21:44:39,8,3.78,1.0,FR1,Pellet,Left,961,357,670,,0,FR1
2024-08-01 21:45:32,8,3.78,,FR1,Poke,Left,962,357,670,,0,FR1
2024-08-01 21:45:33,8,3.78,2.0,FR1,Pellet,Left,962,357,671,0.06,0,FR1
2024-08-01 21:45:53,8,3.78,,FR1,Poke,Left,962,358,671,,0,FR1
2024-08-01 21:46:15,8,3.78,,FR1,Poke,Left,963,358,671,,0,FR1
2024-08-01 21:46:16,8,3.77,1.0,FR1,Pellet,Left,963,358,672,0.12,0,FR1
2024-08-01 21:53:02,8,3.77,,FR1,Poke,Left,963,359,672,,0,FR1
2024-08-01 21:54:59,8,3.78,,FR1,Poke,Left,964,359,672,,0,FR1
2024-08-01 21:55:02,8,3.77,,FR1,Poke,Left,964,360,672,,0,FR1
2024-08-01 21:55:04,8,3.78,,FR1,Poke,Left,965,360,672,,0,FR1
2024-08-01 21:55:04,8,3.77,,FR1,Poke,Left,966,360,672,,0,FR1
2024-08-01 21:55:06,8,3.77,,FR1,Poke,Left,967,360,672,,0,FR1
2024-08-01 21:55:10,8,3.77,,FR1,Poke,Left,967,361,672,,0,FR1
2024-08-01 21:55:14,8,3.77,1.0,FR1,Pellet,Left,967,361,673,13.91,0,FR1
2024-08-01 22:04:52,8,3.77,,FR1,Poke,Left,968,361,673,,0,FR1
2024-08-01 22:04:53,8,3.77,,FR1,Poke,Left,969,361,673,,0,FR1
2024-08-01 22:04:58,8,3.78,4.0,FR1,Pellet,Left,969,361,674,0.19,0,FR1
2024-08-01 22:05:13,8,3.78,,FR1,Poke,Left,970,361,674,,0,FR1
2024-08-01 22:05:19,8,3.77,4.0,FR1,Pellet,Left,970,361,675,0.06,0,FR1
2024-08-01 22:05:39,8,3.77,,FR1,Poke,Left,971,361,675,,0,FR1
2024-08-01 22:05:42,8,3.77,2.0,FR1,Pellet,Left,971,361,676,0.31,0,FR1
2024-08-01 22:08:26,8,3.78,,FR1,Poke,Left,972,361,676,,0,FR1
2024-08-01 22:08:40,8,3.78,2.0,FR1,Pellet,Left,972,361,677,11.88,0,FR1
2024-08-01 22:09:06,8,3.77,,FR1,Poke,Left,972,362,677,,0,FR1
2024-08-01 22:14:18,8,3.78,,FR1,Poke,Left,972,363,677,,0,FR1
2024-08-01 22:19:29,8,3.78,,FR1,Poke,Left,972,364,677,,0,FR1
2024-08-01 22:21:00,8,3.77,,FR1,Poke,Left,973,364,677,,0,FR1
2024-08-01 22:21:01,8,3.78,,FR1,Poke,Left,974,364,677,,0,FR1
2024-08-01 22:21:04,8,3.77,2.0,FR1,Pellet,Left,974,364,678,0.12,0,FR1
2024-08-01 22:21:31,8,3.76,,FR1,Poke,Left,975,364,678,,0,FR1
2024-08-01 22:25:07,8,3.77,1.0,FR1,Pellet,Left,975,364,679,,0,FR1
2024-08-01 22:32:46,8,3.77,,FR1,Poke,Left,975,365,679,,0,FR1
2024-08-01 22:33:18,8,3.77,,FR1,Poke,Left,976,365,679,,0,FR1
2024-08-01 22:33:20,8,3.77,1.0,FR1,Pellet,Left,976,365,680,0.56,0,FR1
2024-08-01 22:33:55,8,3.77,,FR1,Poke,Left,977,365,680,,0,FR1
2024-08-01 22:33:56,8,3.77,2.0,FR1,Pellet,Left,977,365,681,0.19,0,FR1
2024-08-01 22:34:12,8,3.77,,FR1,Poke,Left,978,365,681,,0,FR1
2024-08-01 22:34:13,8,3.77,2.0,FR1,Pellet,Left,978,365,682,0.06,0,FR1
2024-08-01 22:38:10,8,3.78,,FR1,Poke,Left,979,365,682,,0,FR1
2024-08-01 22:38:15,8,3.77,1.0,FR1,Pellet,Left,979,365,683,4.82,0,FR1
2024-08-01 22:39:54,8,3.78,,FR1,Poke,Left,980,365,683,,0,FR1
2024-08-01 22:39:59,8,3.77,2.0,FR1,Pellet,Left,980,365,684,2.09,0,FR1
2024-08-01 22:40:19,8,3.77,,FR1,Poke,Left,980,366,684,,0,FR1
2024-08-01 22:40:21,8,3.77,,FR1,Poke,Left,980,367,684,,0,FR1
2024-08-01 22:40:26,8,3.77,,FR1,Poke,Left,980,368,684,,0,FR1
2024-08-01 22:49:14,8,3.77,,FR1,Poke,Left,980,369,684,,0,FR1
2024-08-01 22:52:01,8,3.77,,FR1,Poke,Left,981,369,684,,0,FR1
2024-08-01 22:52:07,8,3.77,1.0,FR1,Pellet,Left,981,369,685,5.58,0,FR1
2024-08-01 22:58:13,8,3.77,,FR1,Poke,Left,982,369,685,,0,FR1
2024-08-01 22:58:14,8,3.77,2.0,FR1,Pellet,Left,982,369,686,0.69,0,FR1
2024-08-01 22:59:11,8,3.77,,FR1,Poke,Left,983,369,686,,0,FR1
2024-08-01 22:59:21,8,3.77,,FR1,Poke,Left,984,369,686,,0,FR1
2024-08-01 22:59:58,8,3.77,,FR1,Poke,Left,984,370,686,,0,FR1
2024-08-01 23:00:06,8,3.77,,FR1,Poke,Left,985,370,686,,0,FR1
2024-08-01 23:00:23,8,3.77,,FR1,Poke,Left,985,371,686,,0,FR1
2024-08-01 23:00:34,8,3.77,,FR1,Poke,Left,985,372,686,,0,FR1
2024-08-01 23:00:57,8,3.77,2.0,FR1,Pellet,Left,985,372,687,,0,FR1
2024-08-01 23:05:03,8,3.78,,FR1,Poke,Left,986,372,687,,0,FR1
2024-08-01 23:05:05,8,3.77,1.0,FR1,Pellet,Left,986,372,688,0.88,0,FR1
2024-08-01 23:09:17,8,3.77,,FR1,Poke,Left,987,372,688,,0,FR1
2024-08-01 23:09:21,8,3.78,,FR1,Poke,Left,987,373,688,,0,FR1
2024-08-01 23:09:24,8,3.77,,FR1,Poke,Left,988,373,688,,0,FR1
2024-08-01 23:13:29,8,3.77,,FR1,Poke,Left,989,373,688,,0,FR1
2024-08-01 23:13:33,8,3.78,,FR1,Poke,Left,989,374,688,,0,FR1
2024-08-01 23:13:37,8,3.77,,FR1,Poke,Left,989,375,688,,0,FR1
2024-08-01 23:13:38,8,3.77,,FR1,Poke,Left,989,376,688,,0,FR1
2024-08-01 23:13:42,8,3.78,,FR1,Poke,Left,990,376,688,,0,FR1
2024-08-01 23:13:47,8,3.76,,FR1,Poke,Left,991,376,688,,0,FR1
2024-08-01 23:14:06,8,3.77,,FR1,Poke,Left,991,377,688,,0,FR1
2024-08-01 23:14:21,8,3.77,,FR1,Poke,Left,992,377,688,,0,FR1
2024-08-01 23:14:25,8,3.77,,FR1,Poke,Left,992,378,688,,0,FR1
2024-08-01 23:14:26,8,3.77,,FR1,Poke,Left,992,379,688,,0,FR1
2024-08-01 23:14:31,8,3.77,,FR1,Poke,Left,992,380,688,,0,FR1
2024-08-01 23:14:32,8,3.77,,FR1,Poke,Left,992,381,688,,0,FR1
2024-08-01 23:14:38,8,3.77,,FR1,Poke,Left,992,382,688,,0,FR1
2024-08-01 23:14:58,8,3.77,1.0,FR1,Pellet,Left,992,382,689,,0,FR1
2024-08-01 23:15:23,8,3.77,,FR1,Poke,Left,993,382,689,,0,FR1
2024-08-01 23:15:25,8,3.77,1.0,FR1,Pellet,Left,993,382,690,1.07,0,FR1
2024-08-01 23:21:25,8,3.77,,FR1,Poke,Left,994,382,690,,0,FR1
2024-08-01 23:21:26,8,3.77,2.0,FR1,Pellet,Left,994,382,691,0.44,0,FR1
2024-08-01 23:21:46,8,3.77,,FR1,Poke,Left,995,382,691,,0,FR1
2024-08-01 23:21:47,8,3.77,1.0,FR1,Pellet,Left,995,382,692,0.5,0,FR1
2024-08-01 23:22:08,8,3.77,,FR1,Poke,Left,996,382,692,,0,FR1
2024-08-01 23:22:09,8,3.77,1.0,FR1,Pellet,Left,996,382,693,0.19,0,FR1
2024-08-01 23:25:17,8,3.77,,FR1,Poke,Left,997,382,693,,0,FR1
2024-08-01 23:34:12,8,3.78,2.0,FR1,Pellet,Left,997,382,694,,0,FR1
2024-08-01 23:36:46,8,3.77,,FR1,Poke,Left,998,382,694,,0,FR1
2024-08-01 23:37:57,8,3.77,1.0,FR1,Pellet,Left,998,382,695,,0,FR1
2024-08-01 23:44:24,8,3.77,,FR1,Poke,Left,998,383,695,,0,FR1
2024-08-01 23:44:33,8,3.77,,FR1,Poke,Left,999,383,695,,0,FR1
2024-08-01 23:45:01,8,3.77,,FR1,Poke,Left,999,384,695,,0,FR1
2024-08-01 23:45:24,8,3.77,1.0,FR1,Pellet,Left,999,384,696,49.88,0,FR1
2024-08-02 01:18:03,8,3.77,,FR1,Poke,Left,1000,384,696,,0,FR1
2024-08-02 01:18:05,8,3.76,1.0,FR1,Pellet,Left,1000,384,697,0.69,0,FR1
2024-08-02 01:18:31,8,3.76,,FR1,Poke,Left,1000,385,697,,0,FR1
2024-08-02 01:18:33,8,3.77,,FR1,Poke,Left,1001,385,697,,0,FR1
2024-08-02 01:18:37,8,3.77,,FR1,Poke,Left,1001,386,697,,0,FR1
2024-08-02 01:18:37,8,3.77,2.0,FR1,Pellet,Left,1001,386,698,0.37,0,FR1
2024-08-02 01:18:55,8,3.77,,FR1,Poke,Left,1002,386,698,,0,FR1
2024-08-02 01:18:58,8,3.76,2.0,FR1,Pellet,Left,1002,386,699,0.31,0,FR1
2024-08-02 01:19:18,8,3.76,,FR1,Poke,Left,1003,386,699,,0,FR1
2024-08-02 01:19:21,8,3.77,,FR1,Poke,Left,1003,387,699,,0,FR1
2024-08-02 01:19:22,8,3.77,2.0,FR1,Pellet,Left,1003,387,700,0.25,0,FR1
2024-08-02 01:19:44,8,3.77,,FR1,Poke,Left,1004,387,700,,0,FR1
2024-08-02 01:19:47,8,3.76,,FR1,Poke,Left,1004,388,700,,0,FR1
2024-08-02 01:20:12,8,3.76,,FR1,Poke,Left,1004,389,700,,0,FR1
2024-08-02 01:20:13,8,3.76,3.0,FR1,Pellet,Left,1004,389,701,0.19,0,FR1
2024-08-02 01:20:15,8,3.76,,FR1,Poke,Left,1005,389,701,,0,FR1
2024-08-02 01:20:18,8,3.76,3.0,FR1,Pellet,Left,1005,389,702,0.06,0,FR1
2024-08-02 01:20:40,8,3.76,,FR1,Poke,Left,1006,389,702,,0,FR1
2024-08-02 01:20:41,8,3.76,1.0,FR1,Pellet,Left,1006,389,703,0.37,0,FR1
2024-08-02 01:21:08,8,3.76,,FR1,Poke,Left,1006,390,703,,0,FR1
2024-08-02 01:21:17,8,3.77,,FR1,Poke,Left,1006,391,703,,0,FR1
2024-08-02 01:21:22,8,3.77,,FR1,Poke,Left,1006,392,703,,0,FR1
2024-08-02 01:21:27,8,3.77,,FR1,Poke,Left,1006,393,703,,0,FR1
2024-08-02 01:24:24,8,3.77,,FR1,Poke,Left,1006,394,703,,0,FR1
2024-08-02 01:24:33,8,3.77,,FR1,Poke,Left,1006,395,703,,0,FR1
2024-08-02 01:24:35,8,3.77,,FR1,Poke,Left,1006,396,703,,0,FR1
2024-08-02 01:24:36,8,3.77,,FR1,Poke,Left,1006,397,703,,0,FR1
2024-08-02 01:24:47,8,3.77,,FR1,Poke,Left,1006,398,703,,0,FR1
2024-08-02 01:25:00,8,3.76,,FR1,Poke,Left,1006,399,703,,0,FR1
2024-08-02 01:25:36,8,3.77,,FR1,Poke,Left,1006,400,703,,0,FR1
2024-08-02 01:25:36,8,3.76,,FR1,Poke,Left,1006,401,703,,0,FR1
2024-08-02 01:25:37,8,3.77,,FR1,Poke,Left,1006,402,703,,0,FR1
2024-08-02 01:25:38,8,3.76,,FR1,Poke,Left,1006,403,703,,0,FR1
2024-08-02 01:26:32,8,3.77,,FR1,Poke,Left,1006,404,703,,0,FR1
2024-08-02 01:27:44,8,3.76,,FR1,Poke,Left,1006,405,703,,0,FR1
2024-08-02 01:27:51,8,3.76,,FR1,Poke,Left,1007,405,703,,0,FR1
2024-08-02 01:30:19,8,3.76,2.0,FR1,Pellet,Left,1007,405,704,,0,FR1
2024-08-02 01:38:52,8,3.76,,FR1,Poke,Left,1007,406,704,,0,FR1
2024-08-02 01:39:26,8,3.76,,FR1,Poke,Left,1008,406,704,,0,FR1
2024-08-02 01:39:27,8,3.76,,FR1,Poke,Left,1009,406,704,,0,FR1
2024-08-02 01:39:30,8,3.77,,FR1,Poke,Left,1010,406,704,,0,FR1
2024-08-02 01:39:33,8,3.76,,FR1,Poke,Left,1011,406,704,,0,FR1
2024-08-02 01:39:38,8,3.77,,FR1,Poke,Left,1012,406,704,,0,FR1
2024-08-02 01:39:44,8,3.76,5.0,FR1,Pellet,Left,1012,406,705,7.35,0,FR1
2024-08-02 01:40:27,8,3.76,,FR1,Poke,Left,1012,407,705,,0,FR1
2024-08-02 01:44:06,8,3.76,,FR1,Poke,Left,1013,407,705,,0,FR1
2024-08-02 01:44:07,8,3.77,2.0,FR1,Pellet,Left,1013,407,706,0.37,0,FR1
2024-08-02 01:46:22,8,3.77,,FR1,Poke,Left,1013,408,706,,0,FR1
2024-08-02 01:51:30,8,3.76,,FR1,Poke,Left,1014,408,706,,0,FR1
2024-08-02 01:51:40,8,3.77,6.0,FR1,Pellet,Left,1014,408,707,0.25,0,FR1
2024-08-02 02:05:05,8,3.77,,FR1,Poke,Left,1015,408,707,,0,FR1
2024-08-02 02:05:07,8,3.77,2.0,FR1,Pellet,Left,1015,408,708,0.31,0,FR1
2024-08-02 02:05:34,8,3.76,,FR1,Poke,Left,1016,408,708,,0,FR1
2024-08-02 02:05:36,8,3.77,2.0,FR1,Pellet,Left,1016,408,709,0.06,0,FR1
2024-08-02 02:06:11,8,3.76,,FR1,Poke,Left,1017,408,709,,0,FR1
2024-08-02 02:06:12,8,3.77,2.0,FR1,Pellet,Left,1017,408,710,0.06,0,FR1
2024-08-02 02:06:38,8,3.76,,FR1,Poke,Left,1018,408,710,,0,FR1
2024-08-02 02:06:39,8,3.76,2.0,FR1,Pellet,Left,1018,408,711,0.06,0,FR1
2024-08-02 02:10:39,8,3.76,,FR1,Poke,Left,1019,408,711,,0,FR1
2024-08-02 02:27:29,8,3.76,,FR1,Poke,Left,1019,409,711,,0,FR1
2024-08-02 02:27:34,8,3.76,1.0,FR1,Pellet,Left,1019,409,712,,0,FR1
2024-08-02 02:31:14,8,3.76,,FR1,Poke,Left,1020,409,712,,0,FR1
2024-08-02 02:31:15,8,3.76,2.0,FR1,Pellet,Left,1020,409,713,0.12,0,FR1
2024-08-02 02:31:49,8,3.76,,FR1,Poke,Left,1021,409,713,,0,FR1
2024-08-02 02:31:50,8,3.76,1.0,FR1,Pellet,Left,1021,409,714,0.31,0,FR1
2024-08-02 02:34:02,8,3.76,,FR1,Poke,Left,1022,409,714,,0,FR1
2024-08-02 02:34:04,8,3.76,,FR1,Poke,Left,1023,409,714,,0,FR1
2024-08-02 02:34:06,8,3.76,,FR1,Poke,Left,1024,409,714,,0,FR1
2024-08-02 02:34:14,8,3.76,3.0,FR1,Pellet,Left,1024,409,715,5.71,0,FR1
2024-08-02 02:38:06,8,3.77,,FR1,Poke,Left,1025,409,715,,0,FR1
2024-08-02 02:40:39,8,3.76,,FR1,Poke,Left,1025,410,715,,0,FR1
2024-08-02 02:40:41,8,3.76,,FR1,Poke,Left,1026,410,715,,0,FR1
2024-08-02 02:43:49,8,3.76,1.0,FR1,Pellet,Left,1026,410,716,,0,FR1
2024-08-02 02:53:47,8,3.76,,FR1,Poke,Left,1026,411,716,,0,FR1
2024-08-02 02:53:52,8,3.76,,FR1,Poke,Left,1026,412,716,,0,FR1
2024-08-02 02:53:54,8,3.76,,FR1,Poke,Left,1026,413,716,,0,FR1
2024-08-02 02:54:37,8,3.76,,FR1,Poke,Left,1026,414,716,,0,FR1
2024-08-02 02:54:39,8,3.76,,FR1,Poke,Left,1026,415,716,,0,FR1
2024-08-02 02:54:40,8,3.76,,FR1,Poke,Left,1026,416,716,,0,FR1
2024-08-02 02:54:42,8,3.76,,FR1,Poke,Left,1026,417,716,,0,FR1
2024-08-02 02:55:49,8,3.76,,FR1,Poke,Left,1026,418,716,,0,FR1
2024-08-02 02:56:00,8,3.76,,FR1,Poke,Left,1026,419,716,,0,FR1
2024-08-02 02:56:29,8,3.76,,FR1,Poke,Left,1026,420,716,,0,FR1
2024-08-02 04:17:12,8,3.76,,FR1,Poke,Left,1027,420,716,,0,FR1
2024-08-02 04:17:13,8,3.76,2.0,FR1,Pellet,Left,1027,420,717,0.06,0,FR1
2024-08-02 04:18:11,8,3.76,,FR1,Poke,Left,1028,420,717,,0,FR1
2024-08-02 04:18:12,8,3.76,1.0,FR1,Pellet,Left,1028,420,718,0.37,0,FR1
2024-08-02 04:19:19,8,3.76,,FR1,Poke,Left,1028,421,718,,0,FR1
2024-08-02 04:19:31,8,3.76,,FR1,Poke,Left,1029,421,718,,0,FR1
2024-08-02 04:19:31,8,3.76,,FR1,Poke,Left,1030,421,718,,0,FR1
2024-08-02 04:19:35,8,3.76,2.0,FR1,Pellet,Left,1030,421,719,0.69,0,FR1
2024-08-02 04:20:37,8,3.76,,FR1,Poke,Left,1031,421,719,,0,FR1
2024-08-02 04:20:38,8,3.76,1.0,FR1,Pellet,Left,1031,421,720,0.44,0,FR1
2024-08-02 04:21:06,8,3.76,,FR1,Poke,Left,1032,421,720,,0,FR1
2024-08-02 04:21:08,8,3.76,,FR1,Poke,Left,1033,421,720,,0,FR1
2024-08-02 04:21:11,8,3.76,3.0,FR1,Pellet,Left,1033,421,721,0.25,0,FR1
2024-08-02 04:23:24,8,3.76,,FR1,Poke,Left,1033,422,721,,0,FR1
2024-08-02 04:23:40,8,3.76,,FR1,Poke,Left,1034,422,721,,0,FR1
2024-08-02 04:23:43,8,3.76,,FR1,Poke,Left,1035,422,721,,0,FR1
2024-08-02 04:23:44,8,3.76,,FR1,Poke,Left,1036,422,721,,0,FR1
2024-08-02 04:23:45,8,3.76,,FR1,Poke,Left,1037,422,721,,0,FR1
2024-08-02 04:26:01,8,3.76,1.0,FR1,Pellet,Left,1037,422,722,,0,FR1
2024-08-02 04:33:19,8,3.76,,FR1,Poke,Left,1038,422,722,,0,FR1
2024-08-02 04:33:20,8,3.76,1.0,FR1,Pellet,Left,1038,422,723,0.25,0,FR1
2024-08-02 04:33:49,8,3.76,,FR1,Poke,Left,1039,422,723,,0,FR1
2024-08-02 04:33:51,8,3.76,1.0,FR1,Pellet,Left,1039,422,724,0.25,0,FR1
2024-08-02 04:34:32,8,3.76,,FR1,Poke,Left,1040,422,724,,0,FR1
2024-08-02 04:34:34,8,3.76,2.0,FR1,Pellet,Left,1040,422,725,0.31,0,FR1
2024-08-02 04:44:25,8,3.76,,FR1,Poke,Left,1041,422,725,,0,FR1
2024-08-02 04:44:27,8,3.76,2.0,FR1,Pellet,Left,1041,422,726,0.44,0,FR1
2024-08-02 04:51:17,8,3.76,,FR1,Poke,Left,1042,422,726,,0,FR1
2024-08-02 04:51:18,8,3.76,,FR1,Poke,Left,1043,422,726,,0,FR1
2024-08-02 04:51:22,8,3.76,3.0,FR1,Pellet,Left,1043,422,727,0.88,0,FR1
2024-08-02 05:09:10,8,3.76,,FR1,Poke,Left,1043,423,727,,0,FR1
2024-08-02 05:14:41,8,3.76,,FR1,Poke,Left,1044,423,727,,0,FR1
2024-08-02 05:14:45,8,3.76,3.0,FR1,Pellet,Left,1044,423,728,0.44,0,FR1
2024-08-02 05:18:36,8,3.76,,FR1,Poke,Left,1045,423,728,,0,FR1
2024-08-02 05:18:37,8,3.76,2.0,FR1,Pellet,Left,1045,423,729,0.63,0,FR1
2024-08-02 05:19:24,8,3.76,,FR1,Poke,Left,1045,424,729,,0,FR1
2024-08-02 05:19:29,8,3.76,,FR1,Poke,Left,1045,425,729,,0,FR1
2024-08-02 06:29:43,8,3.76,,FR1,Poke,Left,1045,426,729,,0,FR1
2024-08-02 06:38:56,8,3.76,,FR1,Poke,Left,1046,426,729,,0,FR1
2024-08-02 06:38:57,8,3.76,1.0,FR1,Pellet,Left,1046,426,730,0.25,0,FR1
2024-08-02 06:39:27,8,3.76,,FR1,Poke,Left,1047,426,730,,0,FR1
2024-08-02 06:39:29,8,3.76,1.0,FR1,Pellet,Left,1047,426,731,0.25,0,FR1
2024-08-02 06:39:55,8,3.76,,FR1,Poke,Left,1048,426,731,,0,FR1
2024-08-02 06:39:56,8,3.76,2.0,FR1,Pellet,Left,1048,426,732,0.06,0,FR1
2024-08-02 06:40:26,8,3.76,,FR1,Poke,Left,1049,426,732,,0,FR1
2024-08-02 06:40:27,8,3.76,2.0,FR1,Pellet,Left,1049,426,733,0.06,0,FR1
2024-08-02 06:40:50,8,3.76,,FR1,Poke,Left,1050,426,733,,0,FR1
2024-08-02 06:40:51,8,3.76,1.0,FR1,Pellet,Left,1050,426,734,0.25,0,FR1
2024-08-02 06:41:24,8,3.76,,FR1,Poke,Left,1051,426,734,,0,FR1
2024-08-02 06:41:26,8,3.76,2.0,FR1,Pellet,Left,1051,426,735,0.06,0,FR1
2024-08-02 06:46:28,8,3.76,,FR1,Poke,Left,1051,427,735,,0,FR1
2024-08-02 08:07:12,8,3.74,,FR1,Poke,Left,1052,427,735,,0,FR1
2024-08-02 08:07:15,8,3.76,3.0,FR1,Pellet,Left,1052,427,736,0.06,0,FR1
2024-08-02 08:08:15,8,3.76,,FR1,Poke,Left,1053,427,736,,0,FR1
2024-08-02 08:08:18,8,3.75,3.0,FR1,Pellet,Left,1053,427,737,0.06,0,FR1
2024-08-02 08:17:51,8,3.76,,FR1,Poke,Left,1053,428,737,,0,FR1
2024-08-02 08:19:11,8,3.76,,FR1,Poke,Left,1054,428,737,,0,FR1
2024-08-02 08:26:20,8,3.75,,FR1,Poke,Left,1054,429,737,,0,FR1
2024-08-02 08:32:22,8,3.76,1.0,FR1,Pellet,Left,1054,429,738,,0,FR1
2024-08-02 08:36:18,8,3.75,,FR1,Poke,Left,1055,429,738,,0,FR1
2024-08-02 08:45:35,8,3.75,,FR1,Poke,Left,1055,430,738,,0,FR1
2024-08-02 08:45:38,8,3.76,,FR1,Poke,Left,1055,431,738,,0,FR1
2024-08-02 08:46:02,8,3.75,1.0,FR1,Pellet,Left,1055,431,739,,0,FR1
2024-08-02 08:46:57,8,3.75,,FR1,Poke,Left,1055,432,739,,0,FR1
2024-08-02 08:47:08,8,3.74,,FR1,Poke,Left,1055,433,739,,0,FR1
2024-08-02 08:50:27,8,3.75,,FR1,Poke,Left,1055,434,739,,0,FR1
2024-08-02 08:50:28,8,3.75,,FR1,Poke,Left,1055,435,739,,0,FR1
2024-08-02 08:50:29,8,3.75,,FR1,Poke,Left,1055,436,739,,0,FR1
2024-08-02 08:50:31,8,3.75,,FR1,Poke,Left,1055,437,739,,0,FR1
2024-08-02 08:55:04,8,3.76,,FR1,Poke,Left,1055,438,739,,0,FR1
2024-08-02 08:57:40,8,3.75,,FR1,Poke,Left,1055,439,739,,0,FR1
2024-08-02 08:58:04,8,3.74,,FR1,Poke,Left,1055,440,739,,0,FR1
2024-08-02 11:01:11,8,3.75,,FR1,Poke,Left,1055,441,739,,0,FR1
2024-08-02 11:01:16,8,3.74,,FR1,Poke,Left,1056,441,739,,0,FR1
2024-08-02 11:01:17,8,3.75,1.0,FR1,Pellet,Left,1056,441,740,0.5,0,FR1
2024-08-02 11:02:04,8,3.74,,FR1,Poke,Left,1057,441,740,,0,FR1
2024-08-02 11:02:05,8,3.74,1.0,FR1,Pellet,Left,1057,441,741,0.5,0,FR1
2024-08-02 11:02:29,8,3.75,,FR1,Poke,Left,1058,441,741,,0,FR1
2024-08-02 11:08:44,8,3.74,,FR1,Poke,Left,1059,441,741,,0,FR1
2024-08-02 11:09:01,8,3.74,,FR1,Poke,Left,1059,442,741,,0,FR1
2024-08-02 11:11:56,8,3.75,,FR1,Poke,Left,1059,443,741,,0,FR1
2024-08-02 11:16:49,8,3.75,,FR1,Poke,Left,1060,443,741,,0,FR1
2024-08-02 11:17:50,8,3.75,2.0,FR1,Pellet,Left,1060,443,742,,0,FR1
2024-08-02 11:18:21,8,3.74,,FR1,Poke,Left,1061,443,742,,0,FR1
2024-08-02 11:18:22,8,3.75,2.0,FR1,Pellet,Left,1061,443,743,0.12,0,FR1
2024-08-02 11:19:04,8,3.74,,FR1,Poke,Left,1062,443,743,,0,FR1
2024-08-02 11:19:05,8,3.74,2.0,FR1,Pellet,Left,1062,443,744,0.06,0,FR1
2024-08-02 11:20:14,8,3.75,,FR1,Poke,Left,1062,444,744,,0,FR1
2024-08-02 11:23:36,8,3.75,,FR1,Poke,Left,1062,445,744,,0,FR1
2024-08-02 11:23:38,8,3.74,,FR1,Poke,Left,1063,445,744,,0,FR1
2024-08-02 11:37:32,8,3.75,3.0,FR1,Pellet,Left,1063,445,745,,0,FR1
2024-08-02 11:39:01,8,3.75,,FR1,Poke,Left,1063,446,745,,0,FR1
2024-08-02 12:54:38,8,3.74,,FR1,Poke,Left,1064,446,745,,0,FR1
2024-08-02 12:54:40,8,3.74,2.0,FR1,Pellet,Left,1064,446,746,0.69,0,FR1
2024-08-02 12:55:04,8,3.74,,FR1,Poke,Left,1065,446,746,,0,FR1
2024-08-02 12:55:06,8,3.74,2.0,FR1,Pellet,Left,1065,446,747,0.12,0,FR1
2024-08-02 12:55:27,8,3.74,,FR1,Poke,Left,1066,446,747,,0,FR1
2024-08-02 12:55:28,8,3.74,1.0,FR1,Pellet,Left,1066,446,748,0.37,0,FR1
2024-08-02 14:00:10,8,3.74,,FR1,Poke,Left,1067,446,748,,0,FR1
2024-08-02 14:00:26,8,3.74,7.0,FR1,Pellet,Left,1067,446,749,4.31,0,FR1
2024-08-02 14:00:54,8,3.74,,FR1,Poke,Left,1068,446,749,,0,FR1
2024-08-02 14:00:56,8,3.74,2.0,FR1,Pellet,Left,1068,446,750,0.31,0,FR1
2024-08-02 14:01:17,8,3.74,,FR1,Poke,Left,1069,446,750,,0,FR1
2024-08-02 14:01:21,8,3.74,3.0,FR1,Pellet,Left,1069,446,751,0.06,0,FR1
2024-08-02 14:11:41,8,3.74,,FR1,Poke,Left,1069,447,751,,0,FR1
2024-08-02 14:11:43,8,3.74,,FR1,Poke,Left,1069,448,751,,0,FR1
2024-08-02 14:12:01,8,3.74,,FR1,Poke,Left,1070,448,751,,0,FR1
2024-08-02 14:14:14,8,3.74,,FR1,Poke,Left,1070,449,751,,0,FR1
2024-08-02 14:15:37,8,3.74,1.0,FR1,Pellet,Left,1070,449,752,,0,FR1
2024-08-02 15:40:58,8,3.74,,FR1,Poke,Left,1071,449,752,,0,FR1
2024-08-02 15:40:59,8,3.74,2.0,FR1,Pellet,Left,1071,449,753,0.12,0,FR1
2024-08-02 15:41:28,8,3.74,,FR1,Poke,Left,1072,449,753,,0,FR1
2024-08-02 15:41:29,8,3.74,1.0,FR1,Pellet,Left,1072,449,754,0.25,0,FR1
2024-08-02 15:41:50,8,3.74,,FR1,Poke,Left,1073,449,754,,0,FR1
2024-08-02 15:41:51,8,3.74,2.0,FR1,Pellet,Left,1073,449,755,0.19,0,FR1
2024-08-02 15:42:15,8,3.74,,FR1,Poke,Left,1074,449,755,,0,FR1
2024-08-02 15:42:30,8,3.74,2.0,FR1,Pellet,Left,1074,449,756,11.62,0,FR1
2024-08-02 15:55:06,8,3.74,,FR1,Poke,Left,1074,450,756,,0,FR1
2024-08-02 15:56:12,8,3.74,,FR1,Poke,Left,1074,451,756,,0,FR1
2024-08-02 16:05:55,8,3.74,,FR1,Poke,Left,1075,451,756,,0,FR1
2024-08-02 16:05:57,8,3.73,1.0,FR1,Pellet,Left,1075,451,757,0.44,0,FR1
2024-08-02 16:06:21,8,3.74,,FR1,Poke,Left,1076,451,757,,0,FR1
2024-08-02 16:06:27,8,3.74,4.0,FR1,Pellet,Left,1076,451,758,0.06,0,FR1
2024-08-02 16:06:52,8,3.74,,FR1,Poke,Left,1077,451,758,,0,FR1
2024-08-02 16:07:21,8,3.74,3.0,FR1,Pellet,Left,1077,451,759,25.38,0,FR1
2024-08-02 16:08:12,8,3.74,,FR1,Poke,Left,1077,452,759,,0,FR1
