MM:DD:YYYY hh:mm:ss,Device_Number,Battery_Voltage,Motor_Turns,Session_Type,Event,Active_Poke,Left_Poke_Count,Right_Poke_Count,Pellet_Count,Retrieval_Time,Concat_#,Mode
2024-07-28 10:39:14,2,3.62,,FR1,Poke,Left,1,0,0,,0,FR1
2024-07-28 10:46:29,2,3.62,4.0,FR1,Pellet,Left,1,0,1,,0,FR1
2024-07-28 10:49:21,2,3.62,,FR1,Poke,Left,1,1,1,,0,FR1
2024-07-28 10:49:52,2,3.62,,FR1,Poke,Left,2,1,1,,0,FR1
2024-07-28 10:50:27,2,3.62,1.0,FR1,Pellet,Left,2,1,2,34.27,0,FR1
2024-07-28 10:52:13,2,3.62,,FR1,Poke,Left,3,1,2,,0,FR1
2024-07-28 10:52:33,2,3.62,1.0,FR1,Pellet,Left,3,1,3,18.86,0,FR1
2024-07-28 12:51:13,2,3.62,,FR1,Poke,Left,4,1,3,,0,FR1
2024-07-28 12:51:28,2,3.62,2.0,FR1,Pellet,Left,4,1,4,12.49,0,FR1
2024-07-28 12:54:13,2,3.62,,FR1,Poke,Left,4,2,4,,0,FR1
2024-07-28 17:02:34,2,3.62,,FR1,Poke,Left,4,3,4,,0,FR1
2024-07-28 17:04:35,2,3.61,,FR1,Poke,Left,5,3,4,,0,FR1
2024-07-28 17:04:40,2,3.62,2.0,FR1,Pellet,Left,5,3,5,2.27,0,FR1
2024-07-28 18:02:23,2,3.62,,FR1,Poke,Left,5,4,5,,0,FR1
2024-07-28 18:03:19,2,3.61,,FR1,Poke,Left,5,5,5,,0,FR1
2024-07-28 18:05:48,2,3.61,,FR1,Poke,Left,5,6,5,,0,FR1
2024-07-28 18:05:52,2,3.61,,FR1,Poke,Left,6,6,5,,0,FR1
2024-07-28 18:05:57,2,3.62,3.0,FR1,Pellet,Left,6,6,6,2.15,0,FR1
2024-07-28 18:22:00,2,3.61,,FR1,Poke,Left,6,7,6,,0,FR1
2024-07-28 18:24:19,2,3.61,,FR1,Poke,Left,7,7,6,,0,FR1
2024-07-28 18:24:21,2,3.61,,FR1,Poke,Left,8,7,6,,0,FR1
2024-07-28 18:24:26,2,3.61,2.0,FR1,Pellet,Left,8,7,7,5.7,0,FR1
2024-07-28 18:27:35,2,3.61,,FR1,Poke,Left,8,8,7,,0,FR1
2024-07-28 19:10:57,2,3.61,,FR1,Poke,Left,9,8,7,,0,FR1
2024-07-28 19:11:02,2,3.61,3.0,FR1,Pellet,Left,9,8,8,2.65,0,FR1
2024-07-28 19:13:22,2,3.61,,FR1,Poke,Left,9,9,8,,0,FR1
2024-07-28 19:13:30,2,3.61,,FR1,Poke,Left,10,9,8,,0,FR1
2024-07-28 19:13:31,2,3.61,1.0,FR1,Pellet,Left,10,9,9,0.63,0,FR1
2024-07-28 19:14:00,2,3.6,,FR1,Poke,Left,11,9,9,,0,FR1
2024-07-28 19:14:03,2,3.61,1.0,FR1,Pellet,Left,11,9,10,2.72,0,FR1
2024-07-28 19:15:12,2,3.61,,FR1,Poke,Left,12,9,10,,0,FR1
2024-07-28 19:15:13,2,3.61,,FR1,Poke,Left,13,9,10,,0,FR1
2024-07-28 19:15:16,2,3.6,,FR1,Poke,Left,14,9,10,,0,FR1
2024-07-28 19:15:17,2,3.61,2.0,FR1,Pellet,Left,14,9,11,2.34,0,FR1
2024-07-28 19:16:23,2,3.61,,FR1,Poke,Left,15,9,11,,0,FR1
2024-07-28 19:16:26,2,3.61,1.0,FR1,Pellet,Left,15,9,12,2.97,0,FR1
2024-07-28 20:05:54,2,3.61,,FR1,Poke,Left,15,10,12,,0,FR1
2024-07-28 20:19:04,2,3.61,,FR1,Poke,Left,16,10,12,,0,FR1
2024-07-28 20:19:08,2,3.6,2.0,FR1,Pellet,Left,16,10,13,0.82,0,FR1
2024-07-28 20:19:44,2,3.61,,FR1,Poke,Left,17,10,13,,0,FR1
2024-07-28 20:19:45,2,3.61,1.0,FR1,Pellet,Left,17,10,14,0.69,0,FR1
2024-07-28 20:21:17,2,3.61,,FR1,Poke,Left,18,10,14,,0,FR1
2024-07-28 20:21:21,2,3.6,2.0,FR1,Pellet,Left,18,10,15,0.94,0,FR1
2024-07-28 20:22:05,2,3.61,,FR1,Poke,Left,19,10,15,,0,FR1
2024-07-28 20:22:07,2,3.61,1.0,FR1,Pellet,Left,19,10,16,0.63,0,FR1
2024-07-28 20:24:27,2,3.61,,FR1,Poke,Left,20,10,16,,0,FR1
2024-07-28 20:24:29,2,3.6,1.0,FR1,Pellet,Left,20,10,17,1.32,0,FR1
2024-07-28 20:25:25,2,3.6,,FR1,Poke,Left,21,10,17,,0,FR1
2024-07-28 20:25:28,2,3.6,1.0,FR1,Pellet,Left,21,10,18,1.83,0,FR1
2024-07-28 20:25:58,2,3.61,,FR1,Poke,Left,22,10,18,,0,FR1
2024-07-28 20:26:00,2,3.61,1.0,FR1,Pellet,Left,22,10,19,0.5,0,FR1
2024-07-28 20:26:17,2,3.6,,FR1,Poke,Left,23,10,19,,0,FR1
2024-07-28 20:26:19,2,3.6,1.0,FR1,Pellet,Left,23,10,20,1.13,0,FR1
2024-07-28 20:26:38,2,3.61,,FR1,Poke,Left,24,10,20,,0,FR1
2024-07-28 20:26:44,2,3.6,4.0,FR1,Pellet,Left,24,10,21,0.56,0,FR1
2024-07-28 20:27:01,2,3.61,,FR1,Poke,Left,25,10,21,,0,FR1
2024-07-28 20:27:02,2,3.61,2.0,FR1,Pellet,Left,25,10,22,0.63,0,FR1
2024-07-28 20:27:38,2,3.61,,FR1,Poke,Left,26,10,22,,0,FR1
2024-07-28 20:27:42,2,3.61,3.0,FR1,Pellet,Left,26,10,23,0.31,0,FR1
2024-07-28 20:28:03,2,3.61,,FR1,Poke,Left,27,10,23,,0,FR1
2024-07-28 20:28:09,2,3.6,3.0,FR1,Pellet,Left,27,10,24,1.83,0,FR1
2024-07-28 20:28:31,2,3.6,,FR1,Poke,Left,28,10,24,,0,FR1
2024-07-28 20:28:32,2,3.61,1.0,FR1,Pellet,Left,28,10,25,0.82,0,FR1
2024-07-28 20:30:40,2,3.61,,FR1,Poke,Left,29,10,25,,0,FR1
2024-07-28 20:30:42,2,3.6,1.0,FR1,Pellet,Left,29,10,26,1.32,0,FR1
2024-07-28 20:33:57,2,3.6,,FR1,Poke,Left,30,10,26,,0,FR1
2024-07-28 20:34:00,2,3.6,,FR1,Poke,Left,31,10,26,,0,FR1
2024-07-28 20:34:02,2,3.6,1.0,FR1,Pellet,Left,31,10,27,3.34,0,FR1
2024-07-28 20:34:53,2,3.6,,FR1,Poke,Left,32,10,27,,0,FR1
2024-07-28 20:34:55,2,3.61,,FR1,Poke,Left,33,10,27,,0,FR1
2024-07-28 20:34:57,2,3.6,1.0,FR1,Pellet,Left,33,10,28,2.97,0,FR1
2024-07-28 20:37:17,2,3.6,,FR1,Poke,Left,33,11,28,,0,FR1
2024-07-28 20:39:44,2,3.6,,FR1,Poke,Left,34,11,28,,0,FR1
2024-07-28 20:39:50,2,3.6,1.0,FR1,Pellet,Left,34,11,29,5.83,0,FR1
2024-07-28 20:42:14,2,3.6,,FR1,Poke,Left,35,11,29,,0,FR1
2024-07-28 20:42:17,2,3.6,2.0,FR1,Pellet,Left,35,11,30,0.69,0,FR1
2024-07-28 20:48:06,2,3.6,,FR1,Poke,Left,36,11,30,,0,FR1
2024-07-28 20:48:12,2,3.6,3.0,FR1,Pellet,Left,36,11,31,1.13,0,FR1
2024-07-28 20:48:41,2,3.6,,FR1,Poke,Left,37,11,31,,0,FR1
2024-07-28 20:48:43,2,3.61,1.0,FR1,Pellet,Left,37,11,32,1.07,0,FR1
2024-07-28 20:49:14,2,3.6,,FR1,Poke,Left,38,11,32,,0,FR1
2024-07-28 20:49:17,2,3.6,1.0,FR1,Pellet,Left,38,11,33,2.59,0,FR1
2024-07-28 20:49:47,2,3.6,,FR1,Poke,Left,39,11,33,,0,FR1
2024-07-28 20:49:49,2,3.61,1.0,FR1,Pellet,Left,39,11,34,1.77,0,FR1
2024-07-28 21:09:28,2,3.6,,FR1,Poke,Left,40,11,34,,0,FR1
2024-07-28 21:09:29,2,3.6,1.0,FR1,Pellet,Left,40,11,35,0.06,0,FR1
2024-07-28 21:09:46,2,3.6,,FR1,Poke,Left,41,11,35,,0,FR1
2024-07-28 21:09:48,2,3.61,1.0,FR1,Pellet,Left,41,11,36,0.94,0,FR1
2024-07-28 21:10:23,2,3.61,,FR1,Poke,Left,42,11,36,,0,FR1
2024-07-28 21:10:26,2,3.61,2.0,FR1,Pellet,Left,42,11,37,1.45,0,FR1
2024-07-28 21:10:52,2,3.61,,FR1,Poke,Left,43,11,37,,0,FR1
2024-07-28 21:10:54,2,3.61,2.0,FR1,Pellet,Left,43,11,38,0.63,0,FR1
2024-07-28 21:11:31,2,3.6,,FR1,Poke,Left,44,11,38,,0,FR1
2024-07-28 21:11:32,2,3.6,1.0,FR1,Pellet,Left,44,11,39,0.44,0,FR1
2024-07-28 21:20:43,2,3.6,,FR1,Poke,Left,45,11,39,,0,FR1
2024-07-28 21:20:47,2,3.6,2.0,FR1,Pellet,Left,45,11,40,1.07,0,FR1
2024-07-28 21:21:17,2,3.6,,FR1,Poke,Left,46,11,40,,0,FR1
2024-07-28 21:21:18,2,3.6,1.0,FR1,Pellet,Left,46,11,41,0.69,0,FR1
2024-07-28 21:21:45,2,3.6,,FR1,Poke,Left,47,11,41,,0,FR1
2024-07-28 21:21:46,2,3.6,1.0,FR1,Pellet,Left,47,11,42,0.63,0,FR1
2024-07-28 21:22:12,2,3.6,,FR1,Poke,Left,48,11,42,,0,FR1
2024-07-28 21:22:14,2,3.6,2.0,FR1,Pellet,Left,48,11,43,0.75,0,FR1
2024-07-28 21:22:40,2,3.6,,FR1,Poke,Left,49,11,43,,0,FR1
2024-07-28 21:22:42,2,3.6,1.0,FR1,Pellet,Left,49,11,44,1.2,0,FR1
2024-07-28 21:23:14,2,3.6,,FR1,Poke,Left,50,11,44,,0,FR1
2024-07-28 21:23:14,2,3.61,,FR1,Poke,Left,51,11,44,,0,FR1
2024-07-28 21:23:45,2,3.6,3.0,FR1,Pellet,Left,51,11,45,27.66,0,FR1
2024-07-28 21:24:16,2,3.6,,FR1,Poke,Left,52,11,45,,0,FR1
2024-07-28 21:24:17,2,3.6,2.0,FR1,Pellet,Left,52,11,46,0.63,0,FR1
2024-07-28 21:24:50,2,3.6,,FR1,Poke,Left,53,11,46,,0,FR1
2024-07-28 21:24:51,2,3.6,,FR1,Poke,Left,54,11,46,,0,FR1
2024-07-28 21:24:54,2,3.61,2.0,FR1,Pellet,Left,54,11,47,0.56,0,FR1
2024-07-28 21:25:27,2,3.6,,FR1,Poke,Left,55,11,47,,0,FR1
2024-07-28 21:25:27,2,3.61,,FR1,Poke,Left,56,11,47,,0,FR1
2024-07-28 21:25:31,2,3.6,2.0,FR1,Pellet,Left,56,11,48,0.31,0,FR1
2024-07-28 21:42:41,2,3.6,,FR1,Poke,Left,57,11,48,,0,FR1
2024-07-28 21:42:42,2,3.6,1.0,FR1,Pellet,Left,57,11,49,0.69,0,FR1
2024-07-28 21:43:15,2,3.6,,FR1,Poke,Left,58,11,49,,0,FR1
2024-07-28 21:43:15,2,3.6,,FR1,Poke,Left,59,11,49,,0,FR1
2024-07-28 21:43:19,2,3.6,3.0,FR1,Pellet,Left,59,11,50,0.56,0,FR1
2024-07-28 21:43:39,2,3.61,,FR1,Poke,Left,60,11,50,,0,FR1
2024-07-28 21:43:40,2,3.6,,FR1,Poke,Left,61,11,50,,0,FR1
2024-07-28 21:43:41,2,3.6,,FR1,Poke,Left,62,11,50,,0,FR1
2024-07-28 21:43:44,2,3.6,2.0,FR1,Pellet,Left,62,11,51,0.31,0,FR1
2024-07-28 21:44:04,2,3.6,,FR1,Poke,Left,63,11,51,,0,FR1
2024-07-28 21:44:06,2,3.6,1.0,FR1,Pellet,Left,63,11,52,1.32,0,FR1
2024-07-28 21:44:43,2,3.6,,FR1,Poke,Left,64,11,52,,0,FR1
2024-07-28 21:44:44,2,3.6,,FR1,Poke,Left,65,11,52,,0,FR1
2024-07-28 21:44:46,2,3.6,1.0,FR1,Pellet,Left,65,11,53,0.94,0,FR1
2024-07-28 22:00:07,2,3.6,,FR1,Poke,Left,66,11,53,,0,FR1
2024-07-28 22:00:07,2,3.61,,FR1,Poke,Left,67,11,53,,0,FR1
2024-07-28 22:00:11,2,3.6,3.0,FR1,Pellet,Left,67,11,54,0.37,0,FR1
2024-07-28 22:00:33,2,3.6,,FR1,Poke,Left,68,11,54,,0,FR1
2024-07-28 22:00:35,2,3.6,2.0,FR1,Pellet,Left,68,11,55,0.63,0,FR1
2024-07-28 22:01:04,2,3.6,,FR1,Poke,Left,69,11,55,,0,FR1
2024-07-28 22:01:07,2,3.6,1.0,FR1,Pellet,Left,69,11,56,1.7,0,FR1
2024-07-28 22:01:35,2,3.6,,FR1,Poke,Left,70,11,56,,0,FR1
2024-07-28 22:01:37,2,3.6,1.0,FR1,Pellet,Left,70,11,57,1.26,0,FR1
2024-07-28 22:02:16,2,3.6,,FR1,Poke,Left,71,11,57,,0,FR1
2024-07-28 22:02:17,2,3.6,1.0,FR1,Pellet,Left,71,11,58,0.44,0,FR1
2024-07-28 22:02:40,2,3.61,,FR1,Poke,Left,72,11,58,,0,FR1
2024-07-28 22:02:42,2,3.6,2.0,FR1,Pellet,Left,72,11,59,0.5,0,FR1
2024-07-28 22:20:34,2,3.61,,FR1,Poke,Left,73,11,59,,0,FR1
2024-07-28 22:20:38,2,3.6,2.0,FR1,Pellet,Left,73,11,60,0.69,0,FR1
2024-07-28 22:21:08,2,3.6,,FR1,Poke,Left,74,11,60,,0,FR1
2024-07-28 22:21:12,2,3.6,3.0,FR1,Pellet,Left,74,11,61,0.25,0,FR1
2024-07-28 22:21:35,2,3.6,,FR1,Poke,Left,75,11,61,,0,FR1
2024-07-28 22:21:36,2,3.6,1.0,FR1,Pellet,Left,75,11,62,0.56,0,FR1
2024-07-28 22:21:59,2,3.6,,FR1,Poke,Left,76,11,62,,0,FR1
2024-07-28 22:22:00,2,3.6,1.0,FR1,Pellet,Left,76,11,63,0.56,0,FR1
2024-07-28 22:22:22,2,3.6,,FR1,Poke,Left,77,11,63,,0,FR1
2024-07-28 22:22:24,2,3.59,1.0,FR1,Pellet,Left,77,11,64,0.44,0,FR1
2024-07-28 22:35:16,2,3.6,,FR1,Poke,Left,78,11,64,,0,FR1
2024-07-28 22:35:17,2,3.6,2.0,FR1,Pellet,Left,78,11,65,0.82,0,FR1
2024-07-28 22:36:33,2,3.6,,FR1,Poke,Left,79,11,65,,0,FR1
2024-07-28 22:36:33,2,3.6,,FR1,Poke,Left,80,11,65,,0,FR1
2024-07-28 22:36:33,2,3.6,,FR1,Poke,Left,81,11,65,,0,FR1
2024-07-28 22:36:37,2,3.6,2.0,FR1,Pellet,Left,81,11,66,0.37,0,FR1
2024-07-28 22:37:15,2,3.6,,FR1,Poke,Left,82,11,66,,0,FR1
2024-07-28 22:37:16,2,3.6,1.0,FR1,Pellet,Left,82,11,67,0.5,0,FR1
2024-07-28 22:37:41,2,3.6,,FR1,Poke,Left,83,11,67,,0,FR1
2024-07-28 22:37:44,2,3.6,1.0,FR1,Pellet,Left,83,11,68,1.83,0,FR1
2024-07-28 22:38:10,2,3.6,,FR1,Poke,Left,84,11,68,,0,FR1
2024-07-28 22:38:12,2,3.6,1.0,FR1,Pellet,Left,84,11,69,1.39,0,FR1
2024-07-28 22:51:30,2,3.61,,FR1,Poke,Left,85,11,69,,0,FR1
2024-07-28 22:51:32,2,3.61,1.0,FR1,Pellet,Left,85,11,70,0.69,0,FR1
2024-07-28 22:52:07,2,3.6,,FR1,Poke,Left,86,11,70,,0,FR1
2024-07-28 22:52:08,2,3.59,1.0,FR1,Pellet,Left,86,11,71,0.37,0,FR1
2024-07-28 22:53:33,2,3.58,,FR1,Poke,Left,87,11,71,,0,FR1
2024-07-28 22:53:34,2,3.6,1.0,FR1,Pellet,Left,87,11,72,0.31,0,FR1
2024-07-28 22:53:58,2,3.6,,FR1,Poke,Left,88,11,72,,0,FR1
2024-07-28 22:54:15,2,3.6,3.0,FR1,Pellet,Left,88,11,73,11.87,0,FR1
2024-07-28 22:55:52,2,3.6,,FR1,Poke,Left,89,11,73,,0,FR1
2024-07-28 22:55:54,2,3.6,1.0,FR1,Pellet,Left,89,11,74,0.44,0,FR1
2024-07-28 23:07:58,2,3.6,,FR1,Poke,Left,90,11,74,,0,FR1
2024-07-28 23:08:00,2,3.6,1.0,FR1,Pellet,Left,90,11,75,1.2,0,FR1
2024-07-28 23:08:28,2,3.6,,FR1,Poke,Left,91,11,75,,0,FR1
2024-07-28 23:08:30,2,3.6,2.0,FR1,Pellet,Left,91,11,76,0.94,0,FR1
2024-07-28 23:08:50,2,3.6,,FR1,Poke,Left,92,11,76,,0,FR1
2024-07-28 23:08:52,2,3.6,2.0,FR1,Pellet,Left,92,11,77,0.5,0,FR1
2024-07-28 23:09:29,2,3.61,,FR1,Poke,Left,93,11,77,,0,FR1
2024-07-28 23:09:31,2,3.59,1.0,FR1,Pellet,Left,93,11,78,0.75,0,FR1
2024-07-28 23:09:55,2,3.6,,FR1,Poke,Left,94,11,78,,0,FR1
2024-07-28 23:09:57,2,3.6,1.0,FR1,Pellet,Left,94,11,79,0.88,0,FR1
2024-07-28 23:26:37,2,3.6,,FR1,Poke,Left,95,11,79,,0,FR1
2024-07-28 23:26:45,2,3.6,4.0,FR1,Pellet,Left,95,11,80,0.88,0,FR1
2024-07-28 23:35:43,2,3.6,,FR1,Poke,Left,96,11,80,,0,FR1
2024-07-28 23:35:45,2,3.6,1.0,FR1,Pellet,Left,96,11,81,0.69,0,FR1
2024-07-28 23:36:20,2,3.6,,FR1,Poke,Left,97,11,81,,0,FR1
2024-07-28 23:36:23,2,3.6,2.0,FR1,Pellet,Left,97,11,82,0.69,0,FR1
2024-07-28 23:37:00,2,3.6,,FR1,Poke,Left,97,12,82,,0,FR1
2024-07-28 23:37:10,2,3.6,,FR1,Poke,Left,97,13,82,,0,FR1
2024-07-28 23:39:49,2,3.6,,FR1,Poke,Left,98,13,82,,0,FR1
2024-07-28 23:39:50,2,3.6,,FR1,Poke,Left,99,13,82,,0,FR1
2024-07-28 23:39:54,2,3.6,2.0,FR1,Pellet,Left,99,13,83,1.13,0,FR1
2024-07-28 23:40:12,2,3.6,,FR1,Poke,Left,100,13,83,,0,FR1
2024-07-28 23:40:13,2,3.6,1.0,FR1,Pellet,Left,100,13,84,0.69,0,FR1
2024-07-28 23:40:44,2,3.6,,FR1,Poke,Left,101,13,84,,0,FR1
2024-07-28 23:40:47,2,3.6,2.0,FR1,Pellet,Left,101,13,85,0.37,0,FR1
2024-07-28 23:41:12,2,3.6,,FR1,Poke,Left,102,13,85,,0,FR1
2024-07-28 23:41:13,2,3.6,2.0,FR1,Pellet,Left,102,13,86,0.25,0,FR1
2024-07-28 23:41:48,2,3.6,,FR1,Poke,Left,103,13,86,,0,FR1
2024-07-28 23:41:52,2,3.6,2.0,FR1,Pellet,Left,103,13,87,1.2,0,FR1
2024-07-28 23:42:41,2,3.6,,FR1,Poke,Left,104,13,87,,0,FR1
2024-07-28 23:42:44,2,3.6,2.0,FR1,Pellet,Left,104,13,88,0.63,0,FR1
2024-07-28 23:56:11,2,3.6,,FR1,Poke,Left,104,14,88,,0,FR1
2024-07-28 23:56:13,2,3.6,,FR1,Poke,Left,104,15,88,,0,FR1
2024-07-28 23:56:46,2,3.6,,FR1,Poke,Left,104,16,88,,0,FR1
2024-07-28 23:58:15,2,3.6,,FR1,Poke,Left,104,17,88,,0,FR1
2024-07-29 00:05:17,2,3.6,,FR1,Poke,Left,105,17,88,,0,FR1
2024-07-29 00:08:52,2,3.6,1.0,FR1,Pellet,Left,105,17,89,,0,FR1
2024-07-29 00:09:39,2,3.6,,FR1,Poke,Left,106,17,89,,0,FR1
2024-07-29 00:12:23,2,3.6,,FR1,Poke,Left,107,17,89,,0,FR1
2024-07-29 00:13:45,2,3.6,2.0,FR1,Pellet,Left,107,17,90,,0,FR1
2024-07-29 00:16:28,2,3.6,,FR1,Poke,Left,108,17,90,,0,FR1
2024-07-29 00:20:11,2,3.6,3.0,FR1,Pellet,Left,108,17,91,,0,FR1
2024-07-29 00:24:53,2,3.6,,FR1,Poke,Left,108,18,91,,0,FR1
2024-07-29 00:25:55,2,3.6,,FR1,Poke,Left,109,18,91,,0,FR1
2024-07-29 00:25:55,2,3.6,,FR1,Poke,Left,110,18,91,,0,FR1
2024-07-29 00:25:59,2,3.6,3.0,FR1,Pellet,Left,110,18,92,0.37,0,FR1
2024-07-29 00:29:31,2,3.6,,FR1,Poke,Left,110,19,92,,0,FR1
2024-07-29 00:38:06,2,3.6,,FR1,Poke,Left,111,19,92,,0,FR1
2024-07-29 00:38:08,2,3.6,2.0,FR1,Pellet,Left,111,19,93,1.13,0,FR1
2024-07-29 00:38:40,2,3.6,,FR1,Poke,Left,112,19,93,,0,FR1
2024-07-29 00:38:40,2,3.6,,FR1,Poke,Left,113,19,93,,0,FR1
2024-07-29 00:38:44,2,3.6,3.0,FR1,Pellet,Left,113,19,94,0.37,0,FR1
2024-07-29 00:39:04,2,3.6,,FR1,Poke,Left,114,19,94,,0,FR1
2024-07-29 00:39:08,2,3.6,1.0,FR1,Pellet,Left,114,19,95,3.23,0,FR1
2024-07-29 00:39:29,2,3.6,,FR1,Poke,Left,115,19,95,,0,FR1
2024-07-29 00:39:31,2,3.6,1.0,FR1,Pellet,Left,115,19,96,0.94,0,FR1
2024-07-29 00:39:55,2,3.59,,FR1,Poke,Left,116,19,96,,0,FR1
2024-07-29 00:39:57,2,3.6,1.0,FR1,Pellet,Left,116,19,97,1.39,0,FR1
2024-07-29 00:42:24,2,3.6,,FR1,Poke,Left,116,20,97,,0,FR1
2024-07-29 01:46:30,2,3.6,,FR1,Poke,Left,117,20,97,,0,FR1
2024-07-29 01:46:34,2,3.6,2.0,FR1,Pellet,Left,117,20,98,0.88,0,FR1
2024-07-29 01:47:15,2,3.6,,FR1,Poke,Left,118,20,98,,0,FR1
2024-07-29 01:47:18,2,3.6,1.0,FR1,Pellet,Left,118,20,99,2.02,0,FR1
2024-07-29 01:47:36,2,3.6,,FR1,Poke,Left,119,20,99,,0,FR1
2024-07-29 01:47:37,2,3.59,1.0,FR1,Pellet,Left,119,20,100,0.63,0,FR1
2024-07-29 01:48:00,2,3.59,,FR1,Poke,Left,120,20,100,,0,FR1
2024-07-29 01:48:01,2,3.6,1.0,FR1,Pellet,Left,120,20,101,0.56,0,FR1
2024-07-29 01:48:21,2,3.58,,FR1,Poke,Left,121,20,101,,0,FR1
2024-07-29 01:48:22,2,3.6,2.0,FR1,Pellet,Left,121,20,102,0.5,0,FR1
2024-07-29 01:48:37,2,3.6,,FR1,Poke,Left,122,20,102,,0,FR1
2024-07-29 01:48:38,2,3.59,1.0,FR1,Pellet,Left,122,20,103,0.94,0,FR1
2024-07-29 01:48:59,2,3.58,,FR1,Poke,Left,123,20,103,,0,FR1
2024-07-29 01:49:04,2,3.6,3.0,FR1,Pellet,Left,123,20,104,0.82,0,FR1
2024-07-29 01:50:41,2,3.6,,FR1,Poke,Left,123,21,104,,0,FR1
2024-07-29 01:50:50,2,3.6,,FR1,Poke,Left,123,22,104,,0,FR1
2024-07-29 01:50:53,2,3.6,,FR1,Poke,Left,123,23,104,,0,FR1
2024-07-29 01:50:54,2,3.6,,FR1,Poke,Left,123,24,104,,0,FR1
2024-07-29 01:50:59,2,3.6,,FR1,Poke,Left,124,24,104,,0,FR1
2024-07-29 01:52:08,2,3.6,1.0,FR1,Pellet,Left,124,24,105,,0,FR1
2024-07-29 01:52:45,2,3.6,,FR1,Poke,Left,124,25,105,,0,FR1
2024-07-29 01:52:53,2,3.6,,FR1,Poke,Left,124,26,105,,0,FR1
2024-07-29 01:52:54,2,3.6,,FR1,Poke,Left,124,27,105,,0,FR1
2024-07-29 01:52:58,2,3.6,,FR1,Poke,Left,124,28,105,,0,FR1
2024-07-29 01:52:59,2,3.6,,FR1,Poke,Left,124,29,105,,0,FR1
2024-07-29 01:53:03,2,3.6,,FR1,Poke,Left,124,30,105,,0,FR1
2024-07-29 01:53:11,2,3.6,,FR1,Poke,Left,125,30,105,,0,FR1
2024-07-29 01:53:13,2,3.6,1.0,FR1,Pellet,Left,125,30,106,0.94,0,FR1
2024-07-29 01:53:30,2,3.6,,FR1,Poke,Left,126,30,106,,0,FR1
2024-07-29 01:53:31,2,3.6,1.0,FR1,Pellet,Left,126,30,107,0.63,0,FR1
2024-07-29 01:53:51,2,3.6,,FR1,Poke,Left,127,30,107,,0,FR1
2024-07-29 01:54:00,2,3.6,,FR1,Poke,Left,128,30,107,,0,FR1
2024-07-29 01:54:45,2,3.6,3.0,FR1,Pellet,Left,128,30,108,48.97,0,FR1
2024-07-29 02:02:48,2,3.6,,FR1,Poke,Left,129,30,108,,0,FR1
2024-07-29 02:02:50,2,3.6,1.0,FR1,Pellet,Left,129,30,109,1.01,0,FR1
2024-07-29 02:03:22,2,3.6,,FR1,Poke,Left,130,30,109,,0,FR1
2024-07-29 02:04:08,2,3.6,1.0,FR1,Pellet,Left,130,30,110,45.09,0,FR1
2024-07-29 02:11:19,2,3.6,,FR1,Poke,Left,130,31,110,,0,FR1
2024-07-29 02:11:31,2,3.6,,FR1,Poke,Left,131,31,110,,0,FR1
2024-07-29 02:11:38,2,3.6,,FR1,Poke,Left,132,31,110,,0,FR1
2024-07-29 02:12:14,2,3.59,1.0,FR1,Pellet,Left,132,31,111,43.1,0,FR1
2024-07-29 02:13:39,2,3.6,,FR1,Poke,Left,132,32,111,,0,FR1
2024-07-29 02:15:37,2,3.6,,FR1,Poke,Left,133,32,111,,0,FR1
2024-07-29 02:15:38,2,3.6,1.0,FR1,Pellet,Left,133,32,112,0.88,0,FR1
2024-07-29 02:16:14,2,3.6,,FR1,Poke,Left,134,32,112,,0,FR1
2024-07-29 02:16:18,2,3.6,2.0,FR1,Pellet,Left,134,32,113,0.5,0,FR1
2024-07-29 02:17:32,2,3.59,,FR1,Poke,Left,134,33,113,,0,FR1
2024-07-29 02:17:52,2,3.6,,FR1,Poke,Left,135,33,113,,0,FR1
2024-07-29 02:17:55,2,3.6,2.0,FR1,Pellet,Left,135,33,114,0.69,0,FR1
2024-07-29 02:18:55,2,3.6,,FR1,Poke,Left,136,33,114,,0,FR1
2024-07-29 02:18:59,2,3.59,,FR1,Poke,Left,137,33,114,,0,FR1
2024-07-29 02:20:46,2,3.59,1.0,FR1,Pellet,Left,137,33,115,,0,FR1
2024-07-29 02:27:30,2,3.6,,FR1,Poke,Left,138,33,115,,0,FR1
2024-07-29 02:27:32,2,3.59,1.0,FR1,Pellet,Left,138,33,116,1.58,0,FR1
2024-07-29 02:30:13,2,3.6,,FR1,Poke,Left,138,34,116,,0,FR1
2024-07-29 03:25:38,2,3.6,,FR1,Poke,Left,139,34,116,,0,FR1
2024-07-29 03:25:39,2,3.6,1.0,FR1,Pellet,Left,139,34,117,0.63,0,FR1
2024-07-29 03:26:59,2,3.59,,FR1,Poke,Left,140,34,117,,0,FR1
2024-07-29 03:27:00,2,3.6,1.0,FR1,Pellet,Left,140,34,118,0.69,0,FR1
2024-07-29 03:27:23,2,3.6,,FR1,Poke,Left,141,34,118,,0,FR1
2024-07-29 03:27:27,2,3.6,2.0,FR1,Pellet,Left,141,34,119,0.88,0,FR1
2024-07-29 03:27:45,2,3.6,,FR1,Poke,Left,142,34,119,,0,FR1
2024-07-29 03:27:46,2,3.6,1.0,FR1,Pellet,Left,142,34,120,0.56,0,FR1
2024-07-29 03:28:07,2,3.6,,FR1,Poke,Left,143,34,120,,0,FR1
2024-07-29 03:28:12,2,3.6,,FR1,Poke,Left,144,34,120,,0,FR1
2024-07-29 03:28:15,2,3.6,4.0,FR1,Pellet,Left,144,34,121,0.88,0,FR1
2024-07-29 03:29:19,2,3.59,,FR1,Poke,Left,145,34,121,,0,FR1
2024-07-29 03:29:22,2,3.6,2.0,FR1,Pellet,Left,145,34,122,0.69,0,FR1
2024-07-29 03:29:41,2,3.6,,FR1,Poke,Left,146,34,122,,0,FR1
2024-07-29 03:29:45,2,3.59,,FR1,Poke,Left,147,34,122,,0,FR1
2024-07-29 03:29:46,2,3.6,2.0,FR1,Pellet,Left,147,34,123,2.33,0,FR1
2024-07-29 03:30:13,2,3.6,,FR1,Poke,Left,148,34,123,,0,FR1
2024-07-29 03:30:14,2,3.6,1.0,FR1,Pellet,Left,148,34,124,0.44,0,FR1
2024-07-29 03:30:34,2,3.6,,FR1,Poke,Left,149,34,124,,0,FR1
2024-07-29 03:30:36,2,3.6,1.0,FR1,Pellet,Left,149,34,125,0.5,0,FR1
2024-07-29 03:30:59,2,3.59,,FR1,Poke,Left,150,34,125,,0,FR1
2024-07-29 03:31:00,2,3.6,1.0,FR1,Pellet,Left,150,34,126,0.31,0,FR1
2024-07-29 04:07:59,2,3.59,,FR1,Poke,Left,151,34,126,,0,FR1
2024-07-29 04:08:03,2,3.59,2.0,FR1,Pellet,Left,151,34,127,0.63,0,FR1
2024-07-29 04:08:29,2,3.59,,FR1,Poke,Left,152,34,127,,0,FR1
2024-07-29 04:08:31,2,3.6,1.0,FR1,Pellet,Left,152,34,128,0.56,0,FR1
2024-07-29 04:08:54,2,3.6,,FR1,Poke,Left,153,34,128,,0,FR1
2024-07-29 04:08:55,2,3.6,1.0,FR1,Pellet,Left,153,34,129,0.31,0,FR1
2024-07-29 04:09:18,2,3.6,,FR1,Poke,Left,154,34,129,,0,FR1
2024-07-29 04:09:19,2,3.6,2.0,FR1,Pellet,Left,154,34,130,0.44,0,FR1
2024-07-29 04:09:35,2,3.6,,FR1,Poke,Left,155,34,130,,0,FR1
2024-07-29 04:09:38,2,3.6,2.0,FR1,Pellet,Left,155,34,131,0.25,0,FR1
2024-07-29 04:09:54,2,3.6,,FR1,Poke,Left,156,34,131,,0,FR1
2024-07-29 04:09:55,2,3.6,2.0,FR1,Pellet,Left,156,34,132,0.25,0,FR1
2024-07-29 04:10:17,2,3.6,,FR1,Poke,Left,157,34,132,,0,FR1
2024-07-29 04:10:23,2,3.59,3.0,FR1,Pellet,Left,157,34,133,1.07,0,FR1
2024-07-29 04:13:02,2,3.59,,FR1,Poke,Left,158,34,133,,0,FR1
2024-07-29 04:13:05,2,3.6,1.0,FR1,Pellet,Left,158,34,134,2.53,0,FR1
2024-07-29 04:13:34,2,3.59,,FR1,Poke,Left,159,34,134,,0,FR1
2024-07-29 04:13:36,2,3.59,1.0,FR1,Pellet,Left,159,34,135,0.56,0,FR1
2024-07-29 04:13:47,2,3.6,,FR1,Poke,Left,160,34,135,,0,FR1
2024-07-29 04:13:51,2,3.59,2.0,FR1,Pellet,Left,160,34,136,0.75,0,FR1
2024-07-29 04:14:12,2,3.6,,FR1,Poke,Left,161,34,136,,0,FR1
2024-07-29 04:14:12,2,3.6,,FR1,Poke,Left,162,34,136,,0,FR1
2024-07-29 04:14:16,2,3.6,2.0,FR1,Pellet,Left,162,34,137,1.39,0,FR1
2024-07-29 04:44:32,2,3.6,,FR1,Poke,Left,163,34,137,,0,FR1
2024-07-29 04:44:36,2,3.58,2.0,FR1,Pellet,Left,163,34,138,1.07,0,FR1
2024-07-29 04:45:00,2,3.6,,FR1,Poke,Left,164,34,138,,0,FR1
2024-07-29 04:45:08,2,3.59,4.0,FR1,Pellet,Left,164,34,139,0.69,0,FR1
2024-07-29 04:45:31,2,3.6,,FR1,Poke,Left,165,34,139,,0,FR1
2024-07-29 04:45:32,2,3.58,1.0,FR1,Pellet,Left,165,34,140,0.44,0,FR1
2024-07-29 04:45:56,2,3.59,,FR1,Poke,Left,166,34,140,,0,FR1
2024-07-29 04:46:00,2,3.59,2.0,FR1,Pellet,Left,166,34,141,0.37,0,FR1
2024-07-29 04:46:22,2,3.59,,FR1,Poke,Left,167,34,141,,0,FR1
2024-07-29 04:46:23,2,3.59,1.0,FR1,Pellet,Left,167,34,142,0.31,0,FR1
2024-07-29 04:46:48,2,3.6,,FR1,Poke,Left,168,34,142,,0,FR1
2024-07-29 04:46:49,2,3.59,1.0,FR1,Pellet,Left,168,34,143,0.31,0,FR1
2024-07-29 04:47:11,2,3.6,,FR1,Poke,Left,169,34,143,,0,FR1
2024-07-29 04:47:13,2,3.6,1.0,FR1,Pellet,Left,169,34,144,0.44,0,FR1
2024-07-29 04:47:35,2,3.6,,FR1,Poke,Left,170,34,144,,0,FR1
2024-07-29 04:47:37,2,3.6,1.0,FR1,Pellet,Left,170,34,145,0.5,0,FR1
2024-07-29 04:48:00,2,3.6,,FR1,Poke,Left,171,34,145,,0,FR1
2024-07-29 04:48:18,2,3.58,2.0,FR1,Pellet,Left,171,34,146,15.75,0,FR1
2024-07-29 04:51:24,2,3.59,,FR1,Poke,Left,171,35,146,,0,FR1
2024-07-29 04:51:33,2,3.59,,FR1,Poke,Left,171,36,146,,0,FR1
2024-07-29 05:08:42,2,3.6,,FR1,Poke,Left,172,36,146,,0,FR1
2024-07-29 05:09:06,2,3.6,,FR1,Poke,Left,172,37,146,,0,FR1
2024-07-29 05:09:44,2,3.59,,FR1,Poke,Left,173,37,146,,0,FR1
2024-07-29 05:09:47,2,3.59,,FR1,Poke,Left,174,37,146,,0,FR1
2024-07-29 05:10:19,2,3.59,,FR1,Poke,Left,175,37,146,,0,FR1
2024-07-29 05:11:33,2,3.6,,FR1,Poke,Left,175,38,146,,0,FR1
2024-07-29 05:16:13,2,3.59,,FR1,Poke,Left,176,38,146,,0,FR1
2024-07-29 05:20:52,2,3.59,,FR1,Poke,Left,177,38,146,,0,FR1
2024-07-29 05:22:34,2,3.6,,FR1,Poke,Left,177,39,146,,0,FR1
2024-07-29 05:31:17,2,3.6,,FR1,Poke,Left,178,39,146,,0,FR1
2024-07-29 05:34:11,2,3.59,1.0,FR1,Pellet,Left,178,39,147,,0,FR1
2024-07-29 11:14:26,2,3.59,,FR1,Poke,Left,179,39,147,,0,FR1
2024-07-29 11:14:27,2,3.59,1.0,FR1,Pellet,Left,179,39,148,0.88,0,FR1
2024-07-29 11:17:01,2,3.59,,FR1,Poke,Left,180,39,148,,0,FR1
2024-07-29 11:17:04,2,3.59,,FR1,Poke,Left,181,39,148,,0,FR1
2024-07-29 11:17:06,2,3.59,1.0,FR1,Pellet,Left,181,39,149,4.76,0,FR1
2024-07-29 11:18:40,2,3.58,,FR1,Poke,Left,182,39,149,,0,FR1
2024-07-29 11:19:10,2,3.59,1.0,FR1,Pellet,Left,182,39,150,29.39,0,FR1
2024-07-29 14:17:06,2,3.59,,FR1,Poke,Left,182,40,150,,0,FR1
2024-07-29 14:17:17,2,3.58,,FR1,Poke,Left,182,41,150,,0,FR1
2024-07-29 14:25:32,2,3.58,,FR1,Poke,Left,182,42,150,,0,FR1
2024-07-29 16:36:22,2,3.58,,FR1,Poke,Left,183,42,150,,0,FR1
2024-07-29 16:36:27,2,3.58,3.0,FR1,Pellet,Left,183,42,151,0.5,0,FR1
2024-07-29 16:36:52,2,3.58,,FR1,Poke,Left,184,42,151,,0,FR1
2024-07-29 16:36:53,2,3.58,2.0,FR1,Pellet,Left,184,42,152,0.31,0,FR1
2024-07-29 16:37:38,2,3.58,,FR1,Poke,Left,185,42,152,,0,FR1
2024-07-29 16:37:39,2,3.58,2.0,FR1,Pellet,Left,185,42,153,0.25,0,FR1
2024-07-29 16:37:57,2,3.58,,FR1,Poke,Left,186,42,153,,0,FR1
2024-07-29 16:38:00,2,3.58,2.0,FR1,Pellet,Left,186,42,154,0.44,0,FR1
2024-07-29 16:38:23,2,3.58,,FR1,Poke,Left,187,42,154,,0,FR1
2024-07-29 16:38:24,2,3.58,2.0,FR1,Pellet,Left,187,42,155,0.25,0,FR1
2024-07-29 16:38:50,2,3.58,,FR1,Poke,Left,188,42,155,,0,FR1
2024-07-29 16:38:51,2,3.58,1.0,FR1,Pellet,Left,188,42,156,0.31,0,FR1
2024-07-29 16:39:16,2,3.58,,FR1,Poke,Left,189,42,156,,0,FR1
2024-07-29 16:39:17,2,3.58,1.0,FR1,Pellet,Left,189,42,157,0.25,0,FR1
2024-07-29 16:39:52,2,3.58,,FR1,Poke,Left,189,43,157,,0,FR1
2024-07-29 16:40:28,2,3.58,,FR1,Poke,Left,190,43,157,,0,FR1
2024-07-29 16:40:33,2,3.58,2.0,FR1,Pellet,Left,190,43,158,2.02,0,FR1
2024-07-29 16:46:44,2,3.97,,FR1,Poke,Left,191,43,158,,1,FR1
2024-07-29 16:47:40,2,3.98,3.0,FR1,Pellet,Left,191,43,159,51.27,1,FR1
2024-07-29 16:49:42,2,3.98,,FR1,Poke,Left,191,44,159,,1,FR1
2024-07-29 16:49:54,2,3.98,,FR1,Poke,Left,191,45,159,,1,FR1
2024-07-29 16:50:41,2,3.98,,FR1,Poke,Left,192,45,159,,1,FR1
2024-07-29 16:51:40,2,3.98,,FR1,Poke,Left,192,46,159,,1,FR1
2024-07-29 17:25:58,2,3.98,1.0,FR1,Pellet,Left,192,46,160,,1,FR1
2024-07-29 17:33:18,2,3.98,,FR1,Poke,Left,192,47,160,,1,FR1
2024-07-29 17:33:37,2,3.98,,FR1,Poke,Left,193,47,160,,1,FR1
2024-07-29 17:33:40,2,3.98,2.0,FR1,Pellet,Left,193,47,161,0.31,1,FR1
2024-07-29 17:34:21,2,3.98,,FR1,Poke,Left,194,47,161,,1,FR1
2024-07-29 17:34:23,2,3.98,1.0,FR1,Pellet,Left,194,47,162,0.75,1,FR1
2024-07-29 17:34:49,2,3.97,,FR1,Poke,Left,195,47,162,,1,FR1
2024-07-29 17:34:53,2,3.98,2.0,FR1,Pellet,Left,195,47,163,1.13,1,FR1
2024-07-29 17:35:14,2,3.98,,FR1,Poke,Left,196,47,163,,1,FR1
2024-07-29 17:35:16,2,3.98,1.0,FR1,Pellet,Left,196,47,164,0.75,1,FR1
2024-07-29 18:06:09,2,3.97,,FR1,Poke,Left,197,47,164,,1,FR1
2024-07-29 18:06:16,2,3.97,3.0,FR1,Pellet,Left,197,47,165,1.26,1,FR1
2024-07-29 18:06:45,2,3.98,,FR1,Poke,Left,198,47,165,,1,FR1
2024-07-29 18:06:46,2,3.98,1.0,FR1,Pellet,Left,198,47,166,0.5,1,FR1
2024-07-29 18:07:25,2,3.98,,FR1,Poke,Left,199,47,166,,1,FR1
2024-07-29 18:07:30,2,3.97,3.0,FR1,Pellet,Left,199,47,167,0.69,1,FR1
2024-07-29 18:09:16,2,3.97,,FR1,Poke,Left,200,47,167,,1,FR1
2024-07-29 18:09:22,2,3.97,,FR1,Poke,Left,201,47,167,,1,FR1
2024-07-29 18:09:23,2,3.97,1.0,FR1,Pellet,Left,201,47,168,6.29,1,FR1
2024-07-29 18:19:29,2,3.97,,FR1,Poke,Left,202,47,168,,1,FR1
2024-07-29 18:19:32,2,3.97,2.0,FR1,Pellet,Left,202,47,169,0.5,1,FR1
2024-07-29 18:20:54,2,3.97,,FR1,Poke,Left,203,47,169,,1,FR1
2024-07-29 18:20:54,2,3.97,,FR1,Poke,Left,204,47,169,,1,FR1
2024-07-29 18:20:58,2,3.97,2.0,FR1,Pellet,Left,204,47,170,0.94,1,FR1
2024-07-29 18:21:29,2,3.97,,FR1,Poke,Left,205,47,170,,1,FR1
2024-07-29 18:21:31,2,3.97,1.0,FR1,Pellet,Left,205,47,171,1.07,1,FR1
2024-07-29 18:21:54,2,3.97,,FR1,Poke,Left,206,47,171,,1,FR1
2024-07-29 18:21:58,2,3.97,2.0,FR1,Pellet,Left,206,47,172,0.5,1,FR1
2024-07-29 18:33:44,2,3.97,,FR1,Poke,Left,207,47,172,,1,FR1
2024-07-29 18:33:46,2,3.97,1.0,FR1,Pellet,Left,207,47,173,0.44,1,FR1
2024-07-29 18:34:06,2,3.97,,FR1,Poke,Left,208,47,173,,1,FR1
2024-07-29 18:34:07,2,3.97,1.0,FR1,Pellet,Left,208,47,174,0.44,1,FR1
2024-07-29 18:34:48,2,3.97,,FR1,Poke,Left,209,47,174,,1,FR1
2024-07-29 18:34:50,2,3.97,,FR1,Poke,Left,210,47,174,,1,FR1
2024-07-29 18:34:52,2,3.97,1.0,FR1,Pellet,Left,210,47,175,3.24,1,FR1
2024-07-29 18:35:14,2,3.97,,FR1,Poke,Left,211,47,175,,1,FR1
2024-07-29 18:35:17,2,3.97,2.0,FR1,Pellet,Left,211,47,176,0.56,1,FR1
2024-07-29 18:35:36,2,3.97,,FR1,Poke,Left,212,47,176,,1,FR1
2024-07-29 18:35:38,2,3.97,2.0,FR1,Pellet,Left,212,47,177,1.01,1,FR1
2024-07-29 18:36:06,2,3.97,,FR1,Poke,Left,213,47,177,,1,FR1
2024-07-29 18:36:07,2,3.97,2.0,FR1,Pellet,Left,213,47,178,0.06,1,FR1
2024-07-29 18:36:25,2,3.97,,FR1,Poke,Left,214,47,178,,1,FR1
2024-07-29 18:36:26,2,3.97,2.0,FR1,Pellet,Left,214,47,179,0.06,1,FR1
2024-07-29 18:51:33,2,3.97,,FR1,Poke,Left,215,47,179,,1,FR1
2024-07-29 18:51:34,2,3.96,,FR1,Poke,Left,216,47,179,,1,FR1
2024-07-29 18:51:35,2,3.97,1.0,FR1,Pellet,Left,216,47,180,1.07,1,FR1
2024-07-29 18:51:54,2,3.97,,FR1,Poke,Left,217,47,180,,1,FR1
2024-07-29 18:51:55,2,3.96,,FR1,Poke,Left,218,47,180,,1,FR1
2024-07-29 18:51:58,2,3.96,3.0,FR1,Pellet,Left,218,47,181,0.25,1,FR1
2024-07-29 18:52:14,2,3.96,,FR1,Poke,Left,219,47,181,,1,FR1
2024-07-29 18:52:15,2,3.97,2.0,FR1,Pellet,Left,219,47,182,0.25,1,FR1
2024-07-29 18:52:39,2,3.97,,FR1,Poke,Left,220,47,182,,1,FR1
2024-07-29 18:52:41,2,3.97,2.0,FR1,Pellet,Left,220,47,183,0.5,1,FR1
2024-07-29 18:52:58,2,3.97,,FR1,Poke,Left,221,47,183,,1,FR1
2024-07-29 18:52:59,2,3.96,1.0,FR1,Pellet,Left,221,47,184,0.25,1,FR1
2024-07-29 18:53:18,2,3.96,,FR1,Poke,Left,222,47,184,,1,FR1
2024-07-29 18:53:19,2,3.97,1.0,FR1,Pellet,Left,222,47,185,0.5,1,FR1
2024-07-29 18:53:40,2,3.97,,FR1,Poke,Left,223,47,185,,1,FR1
2024-07-29 18:53:42,2,3.96,1.0,FR1,Pellet,Left,223,47,186,0.56,1,FR1
2024-07-29 18:54:02,2,3.97,,FR1,Poke,Left,224,47,186,,1,FR1
2024-07-29 18:54:03,2,3.97,2.0,FR1,Pellet,Left,224,47,187,0.06,1,FR1
2024-07-29 18:57:54,2,3.97,,FR1,Poke,Left,225,47,187,,1,FR1
2024-07-29 18:57:54,2,3.97,,FR1,Poke,Left,226,47,187,,1,FR1
2024-07-29 18:57:58,2,3.96,2.0,FR1,Pellet,Left,226,47,188,0.37,1,FR1
2024-07-29 19:11:49,2,3.97,,FR1,Poke,Left,227,47,188,,1,FR1
2024-07-29 19:11:51,2,3.96,1.0,FR1,Pellet,Left,227,47,189,0.75,1,FR1
2024-07-29 19:12:14,2,3.97,,FR1,Poke,Left,228,47,189,,1,FR1
2024-07-29 19:12:15,2,3.97,1.0,FR1,Pellet,Left,228,47,190,0.44,1,FR1
2024-07-29 19:12:36,2,3.97,,FR1,Poke,Left,229,47,190,,1,FR1
2024-07-29 19:12:36,2,3.96,,FR1,Poke,Left,230,47,190,,1,FR1
2024-07-29 19:12:39,2,3.97,2.0,FR1,Pellet,Left,230,47,191,0.31,1,FR1
2024-07-29 19:21:21,2,3.96,,FR1,Poke,Left,231,47,191,,1,FR1
2024-07-29 19:21:23,2,3.97,1.0,FR1,Pellet,Left,231,47,192,0.75,1,FR1
2024-07-29 19:22:13,2,3.97,,FR1,Poke,Left,232,47,192,,1,FR1
2024-07-29 19:22:14,2,3.97,2.0,FR1,Pellet,Left,232,47,193,0.12,1,FR1
2024-07-29 19:22:39,2,3.96,,FR1,Poke,Left,233,47,193,,1,FR1
2024-07-29 19:22:40,2,3.97,1.0,FR1,Pellet,Left,233,47,194,0.75,1,FR1
2024-07-29 19:23:10,2,3.96,,FR1,Poke,Left,234,47,194,,1,FR1
2024-07-29 19:23:11,2,3.96,1.0,FR1,Pellet,Left,234,47,195,0.37,1,FR1
2024-07-29 19:23:36,2,3.97,,FR1,Poke,Left,235,47,195,,1,FR1
2024-07-29 19:23:37,2,3.96,1.0,FR1,Pellet,Left,235,47,196,0.88,1,FR1
2024-07-29 19:24:01,2,3.97,,FR1,Poke,Left,236,47,196,,1,FR1
2024-07-29 19:24:04,2,3.97,2.0,FR1,Pellet,Left,236,47,197,0.25,1,FR1
2024-07-29 19:27:02,2,3.97,,FR1,Poke,Left,236,48,197,,1,FR1
2024-07-29 19:27:05,2,3.97,,FR1,Poke,Left,236,49,197,,1,FR1
2024-07-29 19:27:39,2,3.97,,FR1,Poke,Left,237,49,197,,1,FR1
2024-07-29 19:31:03,2,3.97,1.0,FR1,Pellet,Left,237,49,198,,1,FR1
2024-07-29 19:51:25,2,3.97,,FR1,Poke,Left,238,49,198,,1,FR1
2024-07-29 19:51:29,2,3.96,2.0,FR1,Pellet,Left,238,49,199,0.94,1,FR1
2024-07-29 19:51:52,2,3.97,,FR1,Poke,Left,239,49,199,,1,FR1
2024-07-29 19:51:55,2,3.96,2.0,FR1,Pellet,Left,239,49,200,0.37,1,FR1
2024-07-29 19:52:14,2,3.97,,FR1,Poke,Left,240,49,200,,1,FR1
2024-07-29 19:52:15,2,3.96,1.0,FR1,Pellet,Left,240,49,201,0.37,1,FR1
2024-07-29 19:52:38,2,3.96,,FR1,Poke,Left,241,49,201,,1,FR1
2024-07-29 19:52:40,2,3.96,1.0,FR1,Pellet,Left,241,49,202,0.82,1,FR1
2024-07-29 19:53:13,2,3.96,,FR1,Poke,Left,242,49,202,,1,FR1
2024-07-29 19:53:14,2,3.97,1.0,FR1,Pellet,Left,242,49,203,0.31,1,FR1
2024-07-29 19:53:49,2,3.96,,FR1,Poke,Left,243,49,203,,1,FR1
2024-07-29 19:53:51,2,3.96,1.0,FR1,Pellet,Left,243,49,204,0.37,1,FR1
2024-07-29 19:54:13,2,3.97,,FR1,Poke,Left,244,49,204,,1,FR1
2024-07-29 19:54:16,2,3.96,2.0,FR1,Pellet,Left,244,49,205,0.37,1,FR1
2024-07-29 19:55:11,2,3.97,,FR1,Poke,Left,244,50,205,,1,FR1
2024-07-29 19:55:14,2,3.96,,FR1,Poke,Left,244,51,205,,1,FR1
2024-07-29 20:02:48,2,3.96,,FR1,Poke,Left,245,51,205,,1,FR1
2024-07-29 20:02:49,2,3.96,,FR1,Poke,Left,246,51,205,,1,FR1
2024-07-29 20:02:53,2,3.96,2.0,FR1,Pellet,Left,246,51,206,0.94,1,FR1
2024-07-29 20:03:24,2,3.96,,FR1,Poke,Left,247,51,206,,1,FR1
2024-07-29 20:03:26,2,3.96,1.0,FR1,Pellet,Left,247,51,207,0.94,1,FR1
2024-07-29 20:03:56,2,3.96,,FR1,Poke,Left,248,51,207,,1,FR1
2024-07-29 20:03:57,2,3.97,1.0,FR1,Pellet,Left,248,51,208,0.25,1,FR1
2024-07-29 20:23:44,2,3.97,,FR1,Poke,Left,249,51,208,,1,FR1
2024-07-29 20:23:50,2,3.96,3.0,FR1,Pellet,Left,249,51,209,0.5,1,FR1
2024-07-29 20:24:10,2,3.96,,FR1,Poke,Left,250,51,209,,1,FR1
2024-07-29 20:24:13,2,3.96,2.0,FR1,Pellet,Left,250,51,210,0.5,1,FR1
2024-07-29 20:24:34,2,3.96,,FR1,Poke,Left,251,51,210,,1,FR1
2024-07-29 20:24:36,2,3.96,1.0,FR1,Pellet,Left,251,51,211,0.75,1,FR1
2024-07-29 20:25:05,2,3.96,,FR1,Poke,Left,252,51,211,,1,FR1
2024-07-29 20:25:06,2,3.97,1.0,FR1,Pellet,Left,252,51,212,0.56,1,FR1
2024-07-29 20:25:32,2,3.96,,FR1,Poke,Left,253,51,212,,1,FR1
2024-07-29 20:25:32,2,3.97,,FR1,Poke,Left,254,51,212,,1,FR1
2024-07-29 20:25:36,2,3.96,2.0,FR1,Pellet,Left,254,51,213,0.44,1,FR1
2024-07-29 20:48:50,2,3.96,,FR1,Poke,Left,255,51,213,,1,FR1
2024-07-29 20:48:51,2,3.96,,FR1,Poke,Left,256,51,213,,1,FR1
2024-07-29 20:48:52,2,3.96,1.0,FR1,Pellet,Left,256,51,214,1.43,1,FR1
2024-07-29 20:49:11,2,3.96,,FR1,Poke,Left,257,51,214,,1,FR1
2024-07-29 20:49:14,2,3.96,2.0,FR1,Pellet,Left,257,51,215,0.25,1,FR1
2024-07-29 20:49:40,2,3.96,,FR1,Poke,Left,258,51,215,,1,FR1
2024-07-29 20:49:43,2,3.96,2.0,FR1,Pellet,Left,258,51,216,0.37,1,FR1
2024-07-29 20:51:29,2,3.96,,FR1,Poke,Left,259,51,216,,1,FR1
2024-07-29 20:51:30,2,3.97,,FR1,Poke,Left,260,51,216,,1,FR1
2024-07-29 20:51:46,2,3.96,3.0,FR1,Pellet,Left,260,51,217,10.6,1,FR1
2024-07-29 21:06:02,2,3.96,,FR1,Poke,Left,261,51,217,,1,FR1
2024-07-29 21:06:04,2,3.96,2.0,FR1,Pellet,Left,261,51,218,0.31,1,FR1
2024-07-29 21:06:27,2,3.96,,FR1,Poke,Left,262,51,218,,1,FR1
2024-07-29 21:06:29,2,3.96,2.0,FR1,Pellet,Left,262,51,219,0.19,1,FR1
2024-07-29 21:06:54,2,3.96,,FR1,Poke,Left,263,51,219,,1,FR1
2024-07-29 21:06:55,2,3.97,2.0,FR1,Pellet,Left,263,51,220,0.19,1,FR1
2024-07-29 21:07:25,2,3.96,,FR1,Poke,Left,264,51,220,,1,FR1
2024-07-29 21:07:26,2,3.96,1.0,FR1,Pellet,Left,264,51,221,0.19,1,FR1
2024-07-29 21:07:51,2,3.96,,FR1,Poke,Left,265,51,221,,1,FR1
2024-07-29 21:08:04,2,3.96,2.0,FR1,Pellet,Left,265,51,222,9.58,1,FR1
2024-07-29 21:20:33,2,3.96,,FR1,Poke,Left,265,52,222,,1,FR1
2024-07-29 21:20:59,2,3.96,,FR1,Poke,Left,266,52,222,,1,FR1
2024-07-29 21:21:43,2,3.96,,FR1,Poke,Left,267,52,222,,1,FR1
2024-07-29 21:22:16,2,3.96,,FR1,Poke,Left,268,52,222,,1,FR1
2024-07-29 21:24:20,2,3.96,,FR1,Poke,Left,268,53,222,,1,FR1
2024-07-29 21:27:54,2,3.96,,FR1,Poke,Left,269,53,222,,1,FR1
2024-07-29 21:27:55,2,3.96,1.0,FR1,Pellet,Left,269,53,223,,1,FR1
2024-07-29 21:33:03,2,3.96,,FR1,Poke,Left,269,54,223,,1,FR1
2024-07-29 21:33:07,2,3.96,,FR1,Poke,Left,269,55,223,,1,FR1
2024-07-29 21:34:36,2,3.96,,FR1,Poke,Left,270,55,223,,1,FR1
2024-07-29 21:34:39,2,3.96,1.0,FR1,Pellet,Left,270,55,224,2.59,1,FR1
2024-07-29 21:44:43,2,3.96,,FR1,Poke,Left,271,55,224,,1,FR1
2024-07-29 21:44:44,2,3.96,,FR1,Poke,Left,272,55,224,,1,FR1
2024-07-29 21:44:47,2,3.96,2.0,FR1,Pellet,Left,272,55,225,1.13,1,FR1
2024-07-29 21:45:09,2,3.96,,FR1,Poke,Left,273,55,225,,1,FR1
2024-07-29 21:45:10,2,3.96,1.0,FR1,Pellet,Left,273,55,226,0.63,1,FR1
2024-07-29 21:45:34,2,3.96,,FR1,Poke,Left,274,55,226,,1,FR1
2024-07-29 21:45:35,2,3.96,1.0,FR1,Pellet,Left,274,55,227,0.19,1,FR1
2024-07-29 21:46:06,2,3.96,,FR1,Poke,Left,275,55,227,,1,FR1
2024-07-29 21:46:08,2,3.96,1.0,FR1,Pellet,Left,275,55,228,0.5,1,FR1
2024-07-29 21:46:30,2,3.96,,FR1,Poke,Left,276,55,228,,1,FR1
2024-07-29 21:46:31,2,3.96,2.0,FR1,Pellet,Left,276,55,229,0.19,1,FR1
2024-07-29 21:46:51,2,3.96,,FR1,Poke,Left,277,55,229,,1,FR1
2024-07-29 21:46:52,2,3.96,1.0,FR1,Pellet,Left,277,55,230,0.18,1,FR1
2024-07-29 21:47:15,2,3.96,,FR1,Poke,Left,278,55,230,,1,FR1
2024-07-29 21:47:17,2,3.96,1.0,FR1,Pellet,Left,278,55,231,0.63,1,FR1
2024-07-29 21:47:45,2,3.96,,FR1,Poke,Left,279,55,231,,1,FR1
2024-07-29 21:47:47,2,3.96,1.0,FR1,Pellet,Left,279,55,232,0.56,1,FR1
2024-07-29 21:48:38,2,3.96,,FR1,Poke,Left,280,55,232,,1,FR1
2024-07-29 21:48:40,2,3.96,1.0,FR1,Pellet,Left,280,55,233,0.56,1,FR1
2024-07-29 21:50:07,2,3.96,,FR1,Poke,Left,280,56,233,,1,FR1
2024-07-29 22:06:44,2,3.96,,FR1,Poke,Left,281,56,233,,1,FR1
2024-07-29 22:06:45,2,3.96,1.0,FR1,Pellet,Left,281,56,234,0.44,1,FR1
2024-07-29 22:07:14,2,3.96,,FR1,Poke,Left,282,56,234,,1,FR1
2024-07-29 22:07:20,2,3.96,3.0,FR1,Pellet,Left,282,56,235,1.32,1,FR1
2024-07-29 22:07:47,2,3.96,,FR1,Poke,Left,283,56,235,,1,FR1
2024-07-29 22:07:48,2,3.96,1.0,FR1,Pellet,Left,283,56,236,0.31,1,FR1
2024-07-29 22:08:10,2,3.96,,FR1,Poke,Left,284,56,236,,1,FR1
2024-07-29 22:08:11,2,3.96,,FR1,Poke,Left,285,56,236,,1,FR1
2024-07-29 22:08:14,2,3.96,2.0,FR1,Pellet,Left,285,56,237,0.75,1,FR1
2024-07-29 22:08:34,2,3.96,,FR1,Poke,Left,286,56,237,,1,FR1
2024-07-29 22:08:35,2,3.96,1.0,FR1,Pellet,Left,286,56,238,0.19,1,FR1
2024-07-29 22:08:54,2,3.96,,FR1,Poke,Left,287,56,238,,1,FR1
2024-07-29 22:08:57,2,3.96,2.0,FR1,Pellet,Left,287,56,239,0.44,1,FR1
2024-07-29 22:09:14,2,3.96,,FR1,Poke,Left,288,56,239,,1,FR1
2024-07-29 22:09:18,2,3.96,2.0,FR1,Pellet,Left,288,56,240,0.25,1,FR1
2024-07-29 22:09:37,2,3.96,,FR1,Poke,Left,289,56,240,,1,FR1
2024-07-29 22:09:38,2,3.96,1.0,FR1,Pellet,Left,289,56,241,0.44,1,FR1
2024-07-29 22:36:44,2,3.96,,FR1,Poke,Left,290,56,241,,1,FR1
2024-07-29 22:36:48,2,3.96,2.0,FR1,Pellet,Left,290,56,242,0.63,1,FR1
2024-07-29 22:38:53,2,3.96,,FR1,Poke,Left,291,56,242,,1,FR1
2024-07-29 22:38:55,2,3.96,1.0,FR1,Pellet,Left,291,56,243,0.44,1,FR1
2024-07-29 22:39:17,2,3.96,,FR1,Poke,Left,292,56,243,,1,FR1
2024-07-29 22:39:18,2,3.96,,FR1,Poke,Left,293,56,243,,1,FR1
2024-07-29 22:39:21,2,3.96,3.0,FR1,Pellet,Left,293,56,244,0.06,1,FR1
2024-07-29 22:39:42,2,3.96,,FR1,Poke,Left,294,56,244,,1,FR1
2024-07-29 22:39:43,2,3.96,,FR1,Poke,Left,295,56,244,,1,FR1
2024-07-29 22:39:50,2,3.96,5.0,FR1,Pellet,Left,295,56,245,0.19,1,FR1
2024-07-29 22:53:40,2,3.96,,FR1,Poke,Left,295,57,245,,1,FR1
2024-07-29 23:04:15,2,3.96,,FR1,Poke,Left,296,57,245,,1,FR1
2024-07-29 23:04:19,2,3.96,3.0,FR1,Pellet,Left,296,57,246,0.44,1,FR1
2024-07-29 23:16:54,2,3.96,,FR1,Poke,Left,297,57,246,,1,FR1
2024-07-29 23:16:56,2,3.96,,FR1,Poke,Left,298,57,246,,1,FR1
2024-07-29 23:16:57,2,3.96,1.0,FR1,Pellet,Left,298,57,247,1.76,1,FR1
2024-07-29 23:17:21,2,3.96,,FR1,Poke,Left,299,57,247,,1,FR1
2024-07-29 23:17:30,2,3.96,2.0,FR1,Pellet,Left,299,57,248,6.27,1,FR1
2024-07-29 23:18:09,2,3.96,,FR1,Poke,Left,300,57,248,,1,FR1
2024-07-29 23:18:10,2,3.96,2.0,FR1,Pellet,Left,300,57,249,0.06,1,FR1
2024-07-29 23:18:39,2,3.96,,FR1,Poke,Left,301,57,249,,1,FR1
2024-07-29 23:18:58,2,3.96,2.0,FR1,Pellet,Left,301,57,250,16.19,1,FR1
2024-07-29 23:20:53,2,3.96,,FR1,Poke,Left,301,58,250,,1,FR1
2024-07-29 23:20:55,2,3.96,,FR1,Poke,Left,301,59,250,,1,FR1
2024-07-29 23:20:57,2,3.96,,FR1,Poke,Left,301,60,250,,1,FR1
2024-07-29 23:21:00,2,3.96,,FR1,Poke,Left,301,61,250,,1,FR1
2024-07-29 23:21:03,2,3.96,,FR1,Poke,Left,301,62,250,,1,FR1
2024-07-29 23:21:10,2,3.96,,FR1,Poke,Left,301,63,250,,1,FR1
2024-07-29 23:21:11,2,3.96,,FR1,Poke,Left,301,64,250,,1,FR1
2024-07-29 23:22:04,2,3.95,,FR1,Poke,Left,302,64,250,,1,FR1
2024-07-29 23:22:08,2,3.95,3.0,FR1,Pellet,Left,302,64,251,0.19,1,FR1
2024-07-29 23:22:34,2,3.96,,FR1,Poke,Left,303,64,251,,1,FR1
2024-07-29 23:22:35,2,3.96,1.0,FR1,Pellet,Left,303,64,252,0.31,1,FR1
2024-07-29 23:34:31,2,3.96,,FR1,Poke,Left,304,64,252,,1,FR1
2024-07-29 23:34:33,2,3.96,2.0,FR1,Pellet,Left,304,64,253,0.06,1,FR1
2024-07-29 23:34:58,2,3.96,,FR1,Poke,Left,305,64,253,,1,FR1
2024-07-29 23:34:59,2,3.96,1.0,FR1,Pellet,Left,305,64,254,0.75,1,FR1
2024-07-29 23:51:27,2,3.96,,FR1,Poke,Left,306,64,254,,1,FR1
2024-07-29 23:51:30,2,3.96,1.0,FR1,Pellet,Left,306,64,255,1.58,1,FR1
2024-07-29 23:52:23,2,3.95,,FR1,Poke,Left,307,64,255,,1,FR1
2024-07-29 23:52:47,2,3.96,,FR1,Poke,Left,308,64,255,,1,FR1
2024-07-29 23:53:05,2,3.96,1.0,FR1,Pellet,Left,308,64,256,40.34,1,FR1
2024-07-30 00:03:25,2,3.96,,FR1,Poke,Left,309,64,256,,1,FR1
2024-07-30 00:03:28,2,3.96,1.0,FR1,Pellet,Left,309,64,257,2.91,1,FR1
2024-07-30 00:04:20,2,3.96,,FR1,Poke,Left,309,65,257,,1,FR1
2024-07-30 00:16:17,2,3.96,,FR1,Poke,Left,310,65,257,,1,FR1
2024-07-30 00:16:21,2,3.95,,FR1,Poke,Left,311,65,257,,1,FR1
2024-07-30 00:19:52,2,3.96,,FR1,Poke,Left,311,66,257,,1,FR1
2024-07-30 00:19:55,2,3.96,1.0,FR1,Pellet,Left,311,66,258,,1,FR1
2024-07-30 00:29:54,2,3.95,,FR1,Poke,Left,312,66,258,,1,FR1
2024-07-30 00:29:58,2,3.94,1.0,FR1,Pellet,Left,312,66,259,2.85,1,FR1
2024-07-30 00:33:50,2,3.96,,FR1,Poke,Left,313,66,259,,1,FR1
2024-07-30 00:33:59,2,3.95,1.0,FR1,Pellet,Left,313,66,260,8.24,1,FR1
2024-07-30 00:34:34,2,3.96,,FR1,Poke,Left,314,66,260,,1,FR1
2024-07-30 00:34:38,2,3.95,,FR1,Poke,Left,315,66,260,,1,FR1
2024-07-30 00:34:45,2,3.95,2.0,FR1,Pellet,Left,315,66,261,8.51,1,FR1
2024-07-30 00:41:32,2,3.96,,FR1,Poke,Left,315,67,261,,1,FR1
2024-07-30 00:41:35,2,3.95,,FR1,Poke,Left,315,68,261,,1,FR1
2024-07-30 00:41:51,2,3.95,,FR1,Poke,Left,315,69,261,,1,FR1
2024-07-30 00:42:01,2,3.95,,FR1,Poke,Left,316,69,261,,1,FR1
2024-07-30 00:42:03,2,3.95,1.0,FR1,Pellet,Left,316,69,262,0.88,1,FR1
2024-07-30 00:42:26,2,3.96,,FR1,Poke,Left,317,69,262,,1,FR1
2024-07-30 00:42:30,2,3.96,2.0,FR1,Pellet,Left,317,69,263,0.82,1,FR1
2024-07-30 01:19:07,2,3.95,,FR1,Poke,Left,318,69,263,,1,FR1
2024-07-30 01:19:08,2,3.95,1.0,FR1,Pellet,Left,318,69,264,0.12,1,FR1
2024-07-30 01:19:38,2,3.95,,FR1,Poke,Left,319,69,264,,1,FR1
2024-07-30 01:19:39,2,3.95,1.0,FR1,Pellet,Left,319,69,265,0.31,1,FR1
2024-07-30 01:20:00,2,3.94,,FR1,Poke,Left,320,69,265,,1,FR1
2024-07-30 01:20:02,2,3.95,1.0,FR1,Pellet,Left,320,69,266,0.75,1,FR1
2024-07-30 01:20:35,2,3.95,,FR1,Poke,Left,321,69,266,,1,FR1
2024-07-30 01:20:46,2,3.95,3.0,FR1,Pellet,Left,321,69,267,5.89,1,FR1
2024-07-30 01:21:15,2,3.95,,FR1,Poke,Left,322,69,267,,1,FR1
2024-07-30 01:21:16,2,3.95,2.0,FR1,Pellet,Left,322,69,268,0.06,1,FR1
2024-07-30 01:21:39,2,3.95,,FR1,Poke,Left,323,69,268,,1,FR1
2024-07-30 01:21:42,2,3.96,3.0,FR1,Pellet,Left,323,69,269,0.18,1,FR1
2024-07-30 01:22:03,2,3.95,,FR1,Poke,Left,324,69,269,,1,FR1
2024-07-30 01:22:18,2,3.94,3.0,FR1,Pellet,Left,324,69,270,11.67,1,FR1
2024-07-30 01:26:05,2,3.94,,FR1,Poke,Left,324,70,270,,1,FR1
2024-07-30 01:26:06,2,3.95,,FR1,Poke,Left,324,71,270,,1,FR1
2024-07-30 01:26:15,2,3.95,,FR1,Poke,Left,324,72,270,,1,FR1
2024-07-30 01:27:59,2,3.95,,FR1,Poke,Left,325,72,270,,1,FR1
2024-07-30 01:28:19,2,3.95,1.0,FR1,Pellet,Left,325,72,271,18.93,1,FR1
2024-07-30 01:31:47,2,3.95,,FR1,Poke,Left,325,73,271,,1,FR1
2024-07-30 01:31:49,2,3.95,,FR1,Poke,Left,325,74,271,,1,FR1
2024-07-30 01:38:11,2,3.95,,FR1,Poke,Left,326,74,271,,1,FR1
2024-07-30 01:38:19,2,3.95,3.0,FR1,Pellet,Left,326,74,272,3.73,1,FR1
2024-07-30 01:38:53,2,3.95,,FR1,Poke,Left,326,75,272,,1,FR1
2024-07-30 01:39:00,2,3.95,,FR1,Poke,Left,327,75,272,,1,FR1
2024-07-30 01:39:03,2,3.95,2.0,FR1,Pellet,Left,327,75,273,0.75,1,FR1
2024-07-30 01:39:29,2,3.95,,FR1,Poke,Left,328,75,273,,1,FR1
2024-07-30 01:39:31,2,3.95,1.0,FR1,Pellet,Left,328,75,274,1.83,1,FR1
2024-07-30 01:43:44,2,3.95,,FR1,Poke,Left,329,75,274,,1,FR1
2024-07-30 01:51:08,2,3.95,,FR1,Poke,Left,329,76,274,,1,FR1
2024-07-30 01:52:26,2,3.95,1.0,FR1,Pellet,Left,329,76,275,,1,FR1
2024-07-30 01:57:53,2,3.95,,FR1,Poke,Left,330,76,275,,1,FR1
2024-07-30 02:02:45,2,3.95,1.0,FR1,Pellet,Left,330,76,276,,1,FR1
2024-07-30 03:03:13,2,3.95,,FR1,Poke,Left,331,76,276,,1,FR1
2024-07-30 03:03:15,2,3.95,2.0,FR1,Pellet,Left,331,76,277,0.12,1,FR1
2024-07-30 03:03:33,2,3.95,,FR1,Poke,Left,332,76,277,,1,FR1
2024-07-30 03:03:36,2,3.94,2.0,FR1,Pellet,Left,332,76,278,0.56,1,FR1
2024-07-30 03:03:53,2,3.95,,FR1,Poke,Left,333,76,278,,1,FR1
2024-07-30 03:03:54,2,3.94,1.0,FR1,Pellet,Left,333,76,279,0.25,1,FR1
2024-07-30 03:04:20,2,3.95,,FR1,Poke,Left,334,76,279,,1,FR1
2024-07-30 03:04:21,2,3.95,,FR1,Poke,Left,335,76,279,,1,FR1
2024-07-30 03:04:26,2,3.95,2.0,FR1,Pellet,Left,335,76,280,2.02,1,FR1
2024-07-30 03:04:46,2,3.95,,FR1,Poke,Left,336,76,280,,1,FR1
2024-07-30 03:04:46,2,3.95,,FR1,Poke,Left,337,76,280,,1,FR1
2024-07-30 03:04:50,2,3.94,2.0,FR1,Pellet,Left,337,76,281,0.82,1,FR1
2024-07-30 03:05:07,2,3.95,,FR1,Poke,Left,338,76,281,,1,FR1
2024-07-30 03:05:17,2,3.95,2.0,FR1,Pellet,Left,338,76,282,7.55,1,FR1
2024-07-30 03:05:53,2,3.94,,FR1,Poke,Left,339,76,282,,1,FR1
2024-07-30 03:05:54,2,3.95,1.0,FR1,Pellet,Left,339,76,283,0.19,1,FR1
2024-07-30 03:37:16,2,3.94,,FR1,Poke,Left,340,76,283,,1,FR1
2024-07-30 03:37:20,2,3.94,2.0,FR1,Pellet,Left,340,76,284,1.13,1,FR1
2024-07-30 03:37:45,2,3.94,,FR1,Poke,Left,341,76,284,,1,FR1
2024-07-30 03:37:46,2,3.94,1.0,FR1,Pellet,Left,341,76,285,0.44,1,FR1
2024-07-30 03:38:05,2,3.94,,FR1,Poke,Left,342,76,285,,1,FR1
2024-07-30 03:38:06,2,3.94,1.0,FR1,Pellet,Left,342,76,286,0.31,1,FR1
2024-07-30 03:38:35,2,3.94,,FR1,Poke,Left,343,76,286,,1,FR1
2024-07-30 03:38:37,2,3.95,1.0,FR1,Pellet,Left,343,76,287,0.63,1,FR1
2024-07-30 03:48:04,2,3.95,,FR1,Poke,Left,344,76,287,,1,FR1
2024-07-30 03:48:05,2,3.95,1.0,FR1,Pellet,Left,344,76,288,0.37,1,FR1
2024-07-30 03:48:31,2,3.94,,FR1,Poke,Left,345,76,288,,1,FR1
2024-07-30 03:48:32,2,3.94,2.0,FR1,Pellet,Left,345,76,289,0.06,1,FR1
2024-07-30 04:07:01,2,3.95,,FR1,Poke,Left,346,76,289,,1,FR1
2024-07-30 04:07:05,2,3.94,2.0,FR1,Pellet,Left,346,76,290,0.88,1,FR1
2024-07-30 04:07:30,2,3.95,,FR1,Poke,Left,347,76,290,,1,FR1
2024-07-30 04:07:34,2,3.94,2.0,FR1,Pellet,Left,347,76,291,0.63,1,FR1
2024-07-30 04:07:56,2,3.94,,FR1,Poke,Left,348,76,291,,1,FR1
2024-07-30 04:07:57,2,3.94,1.0,FR1,Pellet,Left,348,76,292,0.12,1,FR1
2024-07-30 04:09:49,2,3.94,,FR1,Poke,Left,349,76,292,,1,FR1
2024-07-30 04:11:34,2,3.94,,FR1,Poke,Left,350,76,292,,1,FR1
2024-07-30 04:15:59,2,3.94,1.0,FR1,Pellet,Left,350,76,293,,1,FR1
2024-07-30 04:19:36,2,3.95,,FR1,Poke,Left,351,76,293,,1,FR1
2024-07-30 04:21:37,2,3.94,,FR1,Poke,Left,352,76,293,,1,FR1
2024-07-30 04:21:39,2,3.94,,FR1,Poke,Left,353,76,293,,1,FR1
2024-07-30 04:21:55,2,3.94,1.0,FR1,Pellet,Left,353,76,294,,1,FR1
2024-07-30 04:29:36,2,3.94,,FR1,Poke,Left,354,76,294,,1,FR1
2024-07-30 04:33:13,2,3.94,1.0,FR1,Pellet,Left,354,76,295,,1,FR1
2024-07-30 04:40:46,2,3.94,,FR1,Poke,Left,355,76,295,,1,FR1
2024-07-30 04:40:48,2,3.94,1.0,FR1,Pellet,Left,355,76,296,0.88,1,FR1
2024-07-30 04:41:31,2,3.94,,FR1,Poke,Left,355,77,296,,1,FR1
2024-07-30 04:41:48,2,3.94,,FR1,Poke,Left,355,78,296,,1,FR1
2024-07-30 04:42:07,2,3.94,,FR1,Poke,Left,356,78,296,,1,FR1
2024-07-30 04:42:08,2,3.94,1.0,FR1,Pellet,Left,356,78,297,0.31,1,FR1
2024-07-30 04:54:19,2,3.94,,FR1,Poke,Left,356,79,297,,1,FR1
2024-07-30 04:57:26,2,3.94,,FR1,Poke,Left,356,80,297,,1,FR1
2024-07-30 05:01:10,2,3.94,,FR1,Poke,Left,356,81,297,,1,FR1
2024-07-30 05:01:20,2,3.94,,FR1,Poke,Left,356,82,297,,1,FR1
2024-07-30 05:04:15,2,3.94,,FR1,Poke,Left,356,83,297,,1,FR1
2024-07-30 05:11:17,2,3.94,,FR1,Poke,Left,357,83,297,,1,FR1
2024-07-30 05:11:26,2,3.94,3.0,FR1,Pellet,Left,357,83,298,3.42,1,FR1
2024-07-30 05:13:23,2,3.94,,FR1,Poke,Left,357,84,298,,1,FR1
2024-07-30 05:13:30,2,3.94,,FR1,Poke,Left,357,85,298,,1,FR1
2024-07-30 05:13:30,2,3.94,,FR1,Poke,Left,357,86,298,,1,FR1
2024-07-30 05:13:38,2,3.94,,FR1,Poke,Left,358,86,298,,1,FR1
2024-07-30 05:13:43,2,3.94,1.0,FR1,Pellet,Left,358,86,299,4.44,1,FR1
2024-07-30 05:16:39,2,3.94,,FR1,Poke,Left,359,86,299,,1,FR1
2024-07-30 05:21:33,2,3.94,2.0,FR1,Pellet,Left,359,86,300,,1,FR1
2024-07-30 05:26:31,2,3.94,,FR1,Poke,Left,359,87,300,,1,FR1
2024-07-30 08:19:30,2,3.94,,FR1,Poke,Left,360,87,300,,1,FR1
2024-07-30 08:19:34,2,3.93,3.0,FR1,Pellet,Left,360,87,301,0.63,1,FR1
2024-07-30 08:20:13,2,3.94,,FR1,Poke,Left,361,87,301,,1,FR1
2024-07-30 08:20:15,2,3.94,2.0,FR1,Pellet,Left,361,87,302,0.19,1,FR1
2024-07-30 08:20:38,2,3.93,,FR1,Poke,Left,362,87,302,,1,FR1
2024-07-30 08:20:39,2,3.94,2.0,FR1,Pellet,Left,362,87,303,0.19,1,FR1
2024-07-30 08:21:50,2,3.94,,FR1,Poke,Left,363,87,303,,1,FR1
2024-07-30 08:21:51,2,3.93,2.0,FR1,Pellet,Left,363,87,304,0.44,1,FR1
2024-07-30 08:22:15,2,3.94,,FR1,Poke,Left,364,87,304,,1,FR1
2024-07-30 08:22:16,2,3.94,2.0,FR1,Pellet,Left,364,87,305,0.06,1,FR1
2024-07-30 08:22:38,2,3.94,,FR1,Poke,Left,365,87,305,,1,FR1
2024-07-30 08:22:39,2,3.94,1.0,FR1,Pellet,Left,365,87,306,0.37,1,FR1
2024-07-30 08:23:02,2,3.94,,FR1,Poke,Left,366,87,306,,1,FR1
2024-07-30 08:23:14,2,3.93,2.0,FR1,Pellet,Left,366,87,307,9.2,1,FR1
2024-07-30 09:43:07,2,3.93,,FR1,Poke,Left,366,88,307,,1,FR1
2024-07-30 09:43:09,2,3.93,,FR1,Poke,Left,366,89,307,,1,FR1
2024-07-30 09:44:34,2,3.93,,FR1,Poke,Left,366,90,307,,1,FR1
2024-07-30 09:44:37,2,3.93,,FR1,Poke,Left,366,91,307,,1,FR1
2024-07-30 11:10:34,2,3.93,,FR1,Poke,Left,366,92,307,,1,FR1
2024-07-30 11:13:37,2,3.93,,FR1,Poke,Left,367,92,307,,1,FR1
2024-07-30 11:13:40,2,3.93,2.0,FR1,Pellet,Left,367,92,308,0.31,1,FR1
2024-07-30 11:15:59,2,3.93,,FR1,Poke,Left,368,92,308,,1,FR1
2024-07-30 11:16:01,2,3.93,1.0,FR1,Pellet,Left,368,92,309,1.32,1,FR1
2024-07-30 11:17:24,2,3.93,,FR1,Poke,Left,368,93,309,,1,FR1
2024-07-30 11:26:28,2,3.93,,FR1,Poke,Left,368,94,309,,1,FR1
2024-07-30 15:13:49,2,3.92,,FR1,Poke,Left,368,95,309,,1,FR1
2024-07-30 15:13:51,2,3.93,,FR1,Poke,Left,368,96,309,,1,FR1
2024-07-30 15:13:55,2,3.92,,FR1,Poke,Left,368,97,309,,1,FR1
2024-07-30 15:14:09,2,3.93,,FR1,Poke,Left,369,97,309,,1,FR1
2024-07-30 15:14:13,2,3.93,1.0,FR1,Pellet,Left,369,97,310,3.1,1,FR1
2024-07-30 15:14:46,2,3.93,,FR1,Poke,Left,370,97,310,,1,FR1
2024-07-30 15:14:49,2,3.92,2.0,FR1,Pellet,Left,370,97,311,0.63,1,FR1
2024-07-30 15:15:37,2,3.92,,FR1,Poke,Left,371,97,311,,1,FR1
2024-07-30 15:15:40,2,3.92,2.0,FR1,Pellet,Left,371,97,312,0.37,1,FR1
2024-07-30 15:16:05,2,3.93,,FR1,Poke,Left,372,97,312,,1,FR1
2024-07-30 15:16:07,2,3.92,1.0,FR1,Pellet,Left,372,97,313,1.13,1,FR1
2024-07-30 15:16:29,2,3.93,,FR1,Poke,Left,373,97,313,,1,FR1
2024-07-30 16:40:22,2,3.92,1.0,FR1,Pellet,Left,373,97,314,,1,FR1
2024-07-30 16:54:24,2,3.91,,FR1,Poke,Left,374,97,314,,1,FR1
2024-07-30 16:54:27,2,3.92,1.0,FR1,Pellet,Left,374,97,315,2.15,1,FR1
2024-07-30 17:29:15,2,3.92,,FR1,Poke,Left,375,97,315,,1,FR1
2024-07-30 17:29:16,2,3.91,1.0,FR1,Pellet,Left,375,97,316,0.69,1,FR1
2024-07-30 17:29:43,2,3.92,,FR1,Poke,Left,376,97,316,,1,FR1
2024-07-30 17:29:57,2,3.91,2.0,FR1,Pellet,Left,376,97,317,10.6,1,FR1
2024-07-30 17:30:21,2,3.91,,FR1,Poke,Left,377,97,317,,1,FR1
2024-07-30 17:30:22,2,3.91,1.0,FR1,Pellet,Left,377,97,318,0.19,1,FR1
2024-07-30 17:30:42,2,3.91,,FR1,Poke,Left,378,97,318,,1,FR1
2024-07-30 17:30:42,2,3.91,1.0,FR1,Pellet,Left,378,97,319,0.19,1,FR1
2024-07-30 17:31:08,2,3.91,,FR1,Poke,Left,379,97,319,,1,FR1
2024-07-30 17:31:09,2,3.91,1.0,FR1,Pellet,Left,379,97,320,0.18,1,FR1
2024-07-30 17:31:30,2,3.91,,FR1,Poke,Left,380,97,320,,1,FR1
2024-07-30 17:31:31,2,3.91,1.0,FR1,Pellet,Left,380,97,321,0.25,1,FR1
2024-07-30 17:33:14,2,3.92,,FR1,Poke,Left,380,98,321,,1,FR1
2024-07-30 17:33:57,2,3.91,,FR1,Poke,Left,381,98,321,,1,FR1
2024-07-30 17:34:28,2,3.91,,FR1,Poke,Left,381,99,321,,1,FR1
2024-07-30 18:01:55,2,3.91,1.0,FR1,Pellet,Left,381,99,322,,1,FR1
2024-07-30 18:06:36,2,3.91,,FR1,Poke,Left,382,99,322,,1,FR1
2024-07-30 18:06:39,2,3.92,2.0,FR1,Pellet,Left,382,99,323,0.31,1,FR1
2024-07-30 18:07:03,2,3.91,,FR1,Poke,Left,383,99,323,,1,FR1
2024-07-30 18:07:05,2,3.91,1.0,FR1,Pellet,Left,383,99,324,0.88,1,FR1
2024-07-30 18:07:28,2,3.91,,FR1,Poke,Left,384,99,324,,1,FR1
2024-07-30 18:07:29,2,3.91,1.0,FR1,Pellet,Left,384,99,325,0.19,1,FR1
2024-07-30 18:07:57,2,3.91,,FR1,Poke,Left,385,99,325,,1,FR1
2024-07-30 18:16:59,2,3.92,3.0,FR1,Pellet,Left,385,99,326,,1,FR1
2024-07-30 18:19:06,2,3.91,,FR1,Poke,Left,386,99,326,,1,FR1
2024-07-30 18:19:07,2,3.91,2.0,FR1,Pellet,Left,386,99,327,0.12,1,FR1
2024-07-30 18:33:55,2,3.91,,FR1,Poke,Left,387,99,327,,1,FR1
2024-07-30 18:34:04,2,3.91,2.0,FR1,Pellet,Left,387,99,328,7.74,1,FR1
2024-07-30 18:38:31,2,3.91,,FR1,Poke,Left,387,100,328,,1,FR1
2024-07-30 18:39:13,2,3.91,,FR1,Poke,Left,388,100,328,,1,FR1
2024-07-30 18:39:15,2,3.91,2.0,FR1,Pellet,Left,388,100,329,0.44,1,FR1
2024-07-30 18:40:33,2,3.91,,FR1,Poke,Left,389,100,329,,1,FR1
2024-07-30 18:40:36,2,3.91,2.0,FR1,Pellet,Left,389,100,330,0.94,1,FR1
2024-07-30 18:41:36,2,3.91,,FR1,Poke,Left,390,100,330,,1,FR1
2024-07-30 18:41:46,2,3.91,,FR1,Poke,Left,390,101,330,,1,FR1
2024-07-30 18:43:47,2,3.91,,FR1,Poke,Left,390,102,330,,1,FR1
2024-07-30 18:44:25,2,3.91,4.0,FR1,Pellet,Left,390,102,331,,1,FR1
2024-07-30 18:53:08,2,3.91,,FR1,Poke,Left,391,102,331,,1,FR1
2024-07-30 18:53:10,2,3.91,2.0,FR1,Pellet,Left,391,102,332,1.13,1,FR1
2024-07-30 18:53:32,2,3.91,,FR1,Poke,Left,392,102,332,,1,FR1
2024-07-30 18:53:35,2,3.91,3.0,FR1,Pellet,Left,392,102,333,0.19,1,FR1
2024-07-30 18:53:55,2,3.91,,FR1,Poke,Left,393,102,333,,1,FR1
2024-07-30 18:53:56,2,3.91,1.0,FR1,Pellet,Left,393,102,334,0.31,1,FR1
2024-07-30 18:54:19,2,3.91,,FR1,Poke,Left,394,102,334,,1,FR1
2024-07-30 18:54:25,2,3.91,3.0,FR1,Pellet,Left,394,102,335,0.63,1,FR1
2024-07-30 18:54:45,2,3.91,,FR1,Poke,Left,395,102,335,,1,FR1
2024-07-30 18:54:46,2,3.91,,FR1,Poke,Left,396,102,335,,1,FR1
2024-07-30 18:54:49,2,3.91,2.0,FR1,Pellet,Left,396,102,336,0.37,1,FR1
2024-07-30 18:56:27,2,3.91,,FR1,Poke,Left,396,103,336,,1,FR1
2024-07-30 19:07:55,2,3.91,,FR1,Poke,Left,397,103,336,,1,FR1
2024-07-30 19:07:57,2,3.91,1.0,FR1,Pellet,Left,397,103,337,1.51,1,FR1
2024-07-30 19:08:19,2,3.91,,FR1,Poke,Left,398,103,337,,1,FR1
2024-07-30 19:08:19,2,3.91,,FR1,Poke,Left,399,103,337,,1,FR1
2024-07-30 19:08:23,2,3.91,2.0,FR1,Pellet,Left,399,103,338,0.44,1,FR1
2024-07-30 19:08:50,2,3.91,,FR1,Poke,Left,400,103,338,,1,FR1
2024-07-30 19:08:51,2,3.91,1.0,FR1,Pellet,Left,400,103,339,0.25,1,FR1
2024-07-30 19:09:12,2,3.91,,FR1,Poke,Left,401,103,339,,1,FR1
2024-07-30 19:09:12,2,3.91,,FR1,Poke,Left,402,103,339,,1,FR1
2024-07-30 19:09:15,2,3.91,2.0,FR1,Pellet,Left,402,103,340,0.25,1,FR1
2024-07-30 19:09:39,2,3.91,,FR1,Poke,Left,403,103,340,,1,FR1
2024-07-30 19:09:42,2,3.91,2.0,FR1,Pellet,Left,403,103,341,0.31,1,FR1
2024-07-30 19:12:41,2,3.91,,FR1,Poke,Left,404,103,341,,1,FR1
2024-07-30 19:12:45,2,3.91,2.0,FR1,Pellet,Left,404,103,342,1.26,1,FR1
2024-07-30 19:31:16,2,3.91,,FR1,Poke,Left,405,103,342,,1,FR1
2024-07-30 19:31:18,2,3.91,1.0,FR1,Pellet,Left,405,103,343,1.26,1,FR1
2024-07-30 19:31:41,2,3.91,,FR1,Poke,Left,406,103,343,,1,FR1
2024-07-30 19:31:42,2,3.91,2.0,FR1,Pellet,Left,406,103,344,0.12,1,FR1
2024-07-30 19:38:58,2,3.91,,FR1,Poke,Left,407,103,344,,1,FR1
2024-07-30 19:38:59,2,3.91,1.0,FR1,Pellet,Left,407,103,345,0.12,1,FR1
2024-07-30 19:39:20,2,3.91,,FR1,Poke,Left,408,103,345,,1,FR1
2024-07-30 19:39:23,2,3.91,2.0,FR1,Pellet,Left,408,103,346,0.37,1,FR1
2024-07-30 19:39:42,2,3.91,,FR1,Poke,Left,409,103,346,,1,FR1
2024-07-30 19:39:43,2,3.91,1.0,FR1,Pellet,Left,409,103,347,0.5,1,FR1
2024-07-30 19:40:06,2,3.91,,FR1,Poke,Left,410,103,347,,1,FR1
2024-07-30 19:40:07,2,3.91,1.0,FR1,Pellet,Left,410,103,348,0.44,1,FR1
2024-07-30 19:40:33,2,3.91,,FR1,Poke,Left,411,103,348,,1,FR1
2024-07-30 19:40:44,2,3.91,2.0,FR1,Pellet,Left,411,103,349,8.88,1,FR1
2024-07-30 19:41:36,2,3.91,,FR1,Poke,Left,411,104,349,,1,FR1
2024-07-30 19:51:40,2,3.91,,FR1,Poke,Left,412,104,349,,1,FR1
2024-07-30 19:51:42,2,3.91,1.0,FR1,Pellet,Left,412,104,350,0.88,1,FR1
2024-07-30 20:02:01,2,3.91,,FR1,Poke,Left,413,104,350,,1,FR1
2024-07-30 20:02:02,2,3.91,2.0,FR1,Pellet,Left,413,104,351,0.06,1,FR1
2024-07-30 20:04:05,2,3.91,,FR1,Poke,Left,414,104,351,,1,FR1
2024-07-30 20:04:05,2,3.91,,FR1,Poke,Left,415,104,351,,1,FR1
2024-07-30 20:04:08,2,3.91,2.0,FR1,Pellet,Left,415,104,352,0.25,1,FR1
2024-07-30 20:04:28,2,3.91,,FR1,Poke,Left,416,104,352,,1,FR1
2024-07-30 20:04:33,2,3.91,3.0,FR1,Pellet,Left,416,104,353,0.5,1,FR1
2024-07-30 20:04:50,2,3.91,,FR1,Poke,Left,417,104,353,,1,FR1
2024-07-30 20:04:52,2,3.91,2.0,FR1,Pellet,Left,417,104,354,0.31,1,FR1
2024-07-30 20:05:09,2,3.91,,FR1,Poke,Left,418,104,354,,1,FR1
2024-07-30 20:05:10,2,3.91,2.0,FR1,Pellet,Left,418,104,355,0.19,1,FR1
2024-07-30 20:05:30,2,3.91,,FR1,Poke,Left,419,104,355,,1,FR1
2024-07-30 20:05:32,2,3.91,1.0,FR1,Pellet,Left,419,104,356,0.63,1,FR1
2024-07-30 20:19:16,2,3.91,,FR1,Poke,Left,419,105,356,,1,FR1
2024-07-30 20:19:25,2,3.91,,FR1,Poke,Left,420,105,356,,1,FR1
2024-07-30 20:19:40,2,3.91,1.0,FR1,Pellet,Left,420,105,357,13.85,1,FR1
2024-07-30 20:19:57,2,3.91,,FR1,Poke,Left,421,105,357,,1,FR1
2024-07-30 20:20:10,2,3.91,,FR1,Poke,Left,422,105,357,,1,FR1
2024-07-30 20:20:10,2,3.91,,FR1,Poke,Left,423,105,357,,1,FR1
2024-07-30 20:20:13,2,3.91,,FR1,Poke,Left,424,105,357,,1,FR1
2024-07-30 20:23:20,2,3.91,1.0,FR1,Pellet,Left,424,105,358,,1,FR1
2024-07-30 20:25:59,2,3.91,,FR1,Poke,Left,425,105,358,,1,FR1
2024-07-30 20:26:06,2,3.91,,FR1,Poke,Left,426,105,358,,1,FR1
2024-07-30 20:26:10,2,3.91,2.0,FR1,Pellet,Left,426,105,359,8.82,1,FR1
2024-07-30 20:40:24,2,3.91,,FR1,Poke,Left,427,105,359,,1,FR1
2024-07-30 20:40:28,2,3.91,2.0,FR1,Pellet,Left,427,105,360,0.31,1,FR1
2024-07-30 20:40:48,2,3.9,,FR1,Poke,Left,428,105,360,,1,FR1
2024-07-30 20:40:49,2,3.91,1.0,FR1,Pellet,Left,428,105,361,0.31,1,FR1
2024-07-30 20:41:15,2,3.91,,FR1,Poke,Left,429,105,361,,1,FR1
2024-07-30 20:41:29,2,3.91,2.0,FR1,Pellet,Left,429,105,362,11.18,1,FR1
2024-07-30 20:43:41,2,3.91,,FR1,Poke,Left,429,106,362,,1,FR1
2024-07-30 20:44:40,2,3.91,,FR1,Poke,Left,429,107,362,,1,FR1
2024-07-30 20:48:03,2,3.91,,FR1,Poke,Left,430,107,362,,1,FR1
2024-07-30 20:48:11,2,3.9,,FR1,Poke,Left,431,107,362,,1,FR1
2024-07-30 20:52:34,2,3.9,5.0,FR1,Pellet,Left,431,107,363,,1,FR1
2024-07-30 21:03:41,2,3.91,,FR1,Poke,Left,432,107,363,,1,FR1
2024-07-30 21:03:43,2,3.91,2.0,FR1,Pellet,Left,432,107,364,1.2,1,FR1
2024-07-30 21:14:17,2,3.91,,FR1,Poke,Left,432,108,364,,1,FR1
2024-07-30 21:14:23,2,3.91,,FR1,Poke,Left,433,108,364,,1,FR1
2024-07-30 21:14:25,2,3.91,2.0,FR1,Pellet,Left,433,108,365,0.95,1,FR1
2024-07-30 21:14:45,2,3.91,,FR1,Poke,Left,434,108,365,,1,FR1
2024-07-30 21:14:47,2,3.91,2.0,FR1,Pellet,Left,434,108,366,0.12,1,FR1
2024-07-30 21:15:03,2,3.91,,FR1,Poke,Left,435,108,366,,1,FR1
2024-07-30 21:15:04,2,3.91,2.0,FR1,Pellet,Left,435,108,367,0.06,1,FR1
2024-07-30 21:15:24,2,3.91,,FR1,Poke,Left,436,108,367,,1,FR1
2024-07-30 21:15:25,2,3.9,1.0,FR1,Pellet,Left,436,108,368,0.06,1,FR1
2024-07-30 21:15:45,2,3.91,,FR1,Poke,Left,437,108,368,,1,FR1
2024-07-30 21:15:48,2,3.91,3.0,FR1,Pellet,Left,437,108,369,0.19,1,FR1
2024-07-30 21:25:49,2,3.91,,FR1,Poke,Left,438,108,369,,1,FR1
2024-07-30 21:25:50,2,3.9,2.0,FR1,Pellet,Left,438,108,370,0.25,1,FR1
2024-07-30 21:26:10,2,3.91,,FR1,Poke,Left,439,108,370,,1,FR1
2024-07-30 21:26:13,2,3.9,2.0,FR1,Pellet,Left,439,108,371,0.19,1,FR1
2024-07-30 21:26:31,2,3.91,,FR1,Poke,Left,440,108,371,,1,FR1
2024-07-30 21:26:32,2,3.9,2.0,FR1,Pellet,Left,440,108,372,0.06,1,FR1
2024-07-30 21:26:51,2,3.91,,FR1,Poke,Left,441,108,372,,1,FR1
2024-07-30 21:26:54,2,3.91,3.0,FR1,Pellet,Left,441,108,373,0.31,1,FR1
2024-07-30 21:27:38,2,3.91,,FR1,Poke,Left,442,108,373,,1,FR1
2024-07-30 21:27:39,2,3.91,2.0,FR1,Pellet,Left,442,108,374,0.19,1,FR1
2024-07-30 21:28:00,2,3.9,,FR1,Poke,Left,443,108,374,,1,FR1
2024-07-30 21:28:01,2,3.91,2.0,FR1,Pellet,Left,443,108,375,0.12,1,FR1
2024-07-30 21:31:20,2,3.91,,FR1,Poke,Left,443,109,375,,1,FR1
2024-07-30 21:31:52,2,3.91,,FR1,Poke,Left,443,110,375,,1,FR1
2024-07-30 21:46:59,2,3.91,,FR1,Poke,Left,443,111,375,,1,FR1
2024-07-30 21:51:20,2,3.9,,FR1,Poke,Left,443,112,375,,1,FR1
2024-07-30 21:51:36,2,3.9,,FR1,Poke,Left,444,112,375,,1,FR1
2024-07-30 21:51:37,2,3.9,1.0,FR1,Pellet,Left,444,112,376,0.56,1,FR1
2024-07-30 21:52:05,2,3.9,,FR1,Poke,Left,444,113,376,,1,FR1
2024-07-30 21:56:39,2,3.9,,FR1,Poke,Left,444,114,376,,1,FR1
2024-07-30 21:59:25,2,3.91,,FR1,Poke,Left,445,114,376,,1,FR1
2024-07-30 21:59:28,2,3.91,1.0,FR1,Pellet,Left,445,114,377,1.9,1,FR1
2024-07-30 22:01:15,2,3.9,,FR1,Poke,Left,446,114,377,,1,FR1
2024-07-30 22:01:18,2,3.9,1.0,FR1,Pellet,Left,446,114,378,2.4,1,FR1
2024-07-30 22:01:41,2,3.9,,FR1,Poke,Left,447,114,378,,1,FR1
2024-07-30 22:01:46,2,3.91,3.0,FR1,Pellet,Left,447,114,379,0.82,1,FR1
2024-07-30 22:02:08,2,3.91,,FR1,Poke,Left,448,114,379,,1,FR1
2024-07-30 22:02:26,2,3.91,,FR1,Poke,Left,449,114,379,,1,FR1
2024-07-30 22:02:27,2,3.91,1.0,FR1,Pellet,Left,449,114,380,18.19,1,FR1
2024-07-30 22:04:41,2,3.91,,FR1,Poke,Left,449,115,380,,1,FR1
2024-07-30 22:08:41,2,3.91,,FR1,Poke,Left,450,115,380,,1,FR1
2024-07-30 22:08:43,2,3.9,1.0,FR1,Pellet,Left,450,115,381,1.14,1,FR1
2024-07-30 22:13:06,2,3.91,,FR1,Poke,Left,451,115,381,,1,FR1
2024-07-30 22:13:09,2,3.91,2.0,FR1,Pellet,Left,451,115,382,0.75,1,FR1
2024-07-30 22:17:13,2,3.91,,FR1,Poke,Left,452,115,382,,1,FR1
2024-07-30 22:17:17,2,3.91,3.0,FR1,Pellet,Left,452,115,383,1.01,1,FR1
2024-07-30 22:17:36,2,3.91,,FR1,Poke,Left,453,115,383,,1,FR1
2024-07-30 22:17:37,2,3.91,2.0,FR1,Pellet,Left,453,115,384,0.37,1,FR1
2024-07-30 22:23:00,2,3.91,,FR1,Poke,Left,453,116,384,,1,FR1
2024-07-30 22:33:24,2,3.9,,FR1,Poke,Left,454,116,384,,1,FR1
2024-07-30 22:33:25,2,3.91,2.0,FR1,Pellet,Left,454,116,385,0.56,1,FR1
2024-07-30 22:33:40,2,3.9,,FR1,Poke,Left,455,116,385,,1,FR1
2024-07-30 22:33:42,2,3.9,2.0,FR1,Pellet,Left,455,116,386,1.77,1,FR1
2024-07-30 22:39:04,2,3.91,,FR1,Poke,Left,456,116,386,,1,FR1
2024-07-30 22:39:07,2,3.9,,FR1,Poke,Left,457,116,386,,1,FR1
2024-07-30 22:59:15,2,3.91,1.0,FR1,Pellet,Left,457,116,387,,1,FR1
2024-07-30 23:03:54,2,3.9,,FR1,Poke,Left,458,116,387,,1,FR1
2024-07-30 23:03:57,2,3.9,2.0,FR1,Pellet,Left,458,116,388,1.14,1,FR1
2024-07-30 23:04:18,2,3.9,,FR1,Poke,Left,459,116,388,,1,FR1
2024-07-30 23:04:19,2,3.9,1.0,FR1,Pellet,Left,459,116,389,0.31,1,FR1
2024-07-30 23:04:35,2,3.9,,FR1,Poke,Left,460,116,389,,1,FR1
2024-07-30 23:04:36,2,3.9,,FR1,Poke,Left,461,116,389,,1,FR1
2024-07-30 23:04:44,2,3.9,4.0,FR1,Pellet,Left,461,116,390,1.01,1,FR1
2024-07-30 23:05:07,2,3.9,,FR1,Poke,Left,462,116,390,,1,FR1
2024-07-30 23:05:09,2,3.9,2.0,FR1,Pellet,Left,462,116,391,0.31,1,FR1
2024-07-30 23:05:28,2,3.9,,FR1,Poke,Left,463,116,391,,1,FR1
2024-07-30 23:05:29,2,3.9,1.0,FR1,Pellet,Left,463,116,392,0.25,1,FR1
2024-07-30 23:05:54,2,3.9,,FR1,Poke,Left,464,116,392,,1,FR1
2024-07-30 23:05:59,2,3.9,3.0,FR1,Pellet,Left,464,116,393,0.44,1,FR1
2024-07-30 23:06:18,2,3.9,,FR1,Poke,Left,465,116,393,,1,FR1
2024-07-30 23:06:22,2,3.9,2.0,FR1,Pellet,Left,465,116,394,0.88,1,FR1
2024-07-30 23:06:44,2,3.9,,FR1,Poke,Left,466,116,394,,1,FR1
2024-07-30 23:06:45,2,3.9,1.0,FR1,Pellet,Left,466,116,395,0.56,1,FR1
2024-07-30 23:07:45,2,3.9,,FR1,Poke,Left,467,116,395,,1,FR1
2024-07-30 23:07:46,2,3.9,1.0,FR1,Pellet,Left,467,116,396,0.63,1,FR1
2024-07-30 23:08:12,2,3.91,,FR1,Poke,Left,468,116,396,,1,FR1
2024-07-30 23:08:13,2,3.9,1.0,FR1,Pellet,Left,468,116,397,0.5,1,FR1
2024-07-30 23:11:54,2,3.9,,FR1,Poke,Left,468,117,397,,1,FR1
2024-07-30 23:24:07,2,3.9,,FR1,Poke,Left,469,117,397,,1,FR1
2024-07-30 23:24:08,2,3.9,1.0,FR1,Pellet,Left,469,117,398,0.31,1,FR1
2024-07-30 23:24:28,2,3.89,,FR1,Poke,Left,470,117,398,,1,FR1
2024-07-30 23:24:40,2,3.9,4.0,FR1,Pellet,Left,470,117,399,5.52,1,FR1
2024-07-30 23:25:05,2,3.9,,FR1,Poke,Left,471,117,399,,1,FR1
2024-07-30 23:25:05,2,3.9,,FR1,Poke,Left,472,117,399,,1,FR1
2024-07-30 23:25:08,2,3.9,2.0,FR1,Pellet,Left,472,117,400,0.31,1,FR1
2024-07-30 23:25:35,2,3.9,,FR1,Poke,Left,473,117,400,,1,FR1
2024-07-30 23:25:36,2,3.9,1.0,FR1,Pellet,Left,473,117,401,0.25,1,FR1
2024-07-30 23:25:55,2,3.9,,FR1,Poke,Left,474,117,401,,1,FR1
2024-07-30 23:26:24,2,3.89,6.0,FR1,Pellet,Left,474,117,402,19.72,1,FR1
2024-07-30 23:56:45,2,3.9,,FR1,Poke,Left,475,117,402,,1,FR1
2024-07-30 23:56:47,2,3.9,2.0,FR1,Pellet,Left,475,117,403,0.06,1,FR1
2024-07-30 23:57:14,2,3.9,,FR1,Poke,Left,476,117,403,,1,FR1
2024-07-30 23:57:15,2,3.9,2.0,FR1,Pellet,Left,476,117,404,0.06,1,FR1
2024-07-31 00:05:25,2,3.89,,FR1,Poke,Left,477,117,404,,1,FR1
2024-07-31 00:05:26,2,3.9,1.0,FR1,Pellet,Left,477,117,405,0.19,1,FR1
2024-07-31 00:15:12,2,3.9,,FR1,Poke,Left,478,117,405,,1,FR1
2024-07-31 00:15:14,2,3.9,,FR1,Poke,Left,479,117,405,,1,FR1
2024-07-31 00:15:34,2,3.9,6.0,FR1,Pellet,Left,479,117,406,12.51,1,FR1
2024-07-31 00:30:06,2,3.89,,FR1,Poke,Left,480,117,406,,1,FR1
2024-07-31 00:30:08,2,3.89,2.0,FR1,Pellet,Left,480,117,407,0.31,1,FR1
2024-07-31 00:30:28,2,3.89,,FR1,Poke,Left,481,117,407,,1,FR1
2024-07-31 00:30:29,2,3.9,2.0,FR1,Pellet,Left,481,117,408,0.06,1,FR1
2024-07-31 00:30:55,2,3.9,,FR1,Poke,Left,482,117,408,,1,FR1
2024-07-31 00:30:59,2,3.89,2.0,FR1,Pellet,Left,482,117,409,0.44,1,FR1
2024-07-31 00:31:21,2,3.89,,FR1,Poke,Left,483,117,409,,1,FR1
2024-07-31 00:31:32,2,3.9,2.0,FR1,Pellet,Left,483,117,410,8.37,1,FR1
2024-07-31 00:42:07,2,3.9,,FR1,Poke,Left,484,117,410,,1,FR1
2024-07-31 00:42:10,2,3.89,2.0,FR1,Pellet,Left,484,117,411,0.31,1,FR1
2024-07-31 00:42:35,2,3.9,,FR1,Poke,Left,485,117,411,,1,FR1
2024-07-31 00:42:36,2,3.9,2.0,FR1,Pellet,Left,485,117,412,0.06,1,FR1
2024-07-31 00:42:55,2,3.9,,FR1,Poke,Left,486,117,412,,1,FR1
2024-07-31 00:42:56,2,3.89,1.0,FR1,Pellet,Left,486,117,413,0.44,1,FR1
2024-07-31 00:57:25,2,3.9,,FR1,Poke,Left,487,117,413,,1,FR1
2024-07-31 00:57:28,2,3.89,2.0,FR1,Pellet,Left,487,117,414,0.44,1,FR1
2024-07-31 01:04:51,2,3.9,,FR1,Poke,Left,488,117,414,,1,FR1
2024-07-31 01:04:59,2,3.89,,FR1,Poke,Left,489,117,414,,1,FR1
2024-07-31 01:07:13,2,3.9,,FR1,Poke,Left,490,117,414,,1,FR1
2024-07-31 01:13:01,2,3.89,3.0,FR1,Pellet,Left,490,117,415,,1,FR1
2024-07-31 01:34:26,2,3.89,,FR1,Poke,Left,490,118,415,,1,FR1
2024-07-31 01:37:23,2,3.89,,FR1,Poke,Left,490,119,415,,1,FR1
2024-07-31 01:37:33,2,3.9,,FR1,Poke,Left,491,119,415,,1,FR1
2024-07-31 01:37:34,2,3.89,,FR1,Poke,Left,492,119,415,,1,FR1
2024-07-31 01:38:49,2,3.89,1.0,FR1,Pellet,Left,492,119,416,,1,FR1
2024-07-31 01:43:42,2,3.89,,FR1,Poke,Left,492,120,416,,1,FR1
2024-07-31 01:43:49,2,3.89,,FR1,Poke,Left,492,121,416,,1,FR1
2024-07-31 01:43:50,2,3.89,,FR1,Poke,Left,492,122,416,,1,FR1
2024-07-31 01:43:51,2,3.9,,FR1,Poke,Left,492,123,416,,1,FR1
2024-07-31 01:44:29,2,3.89,,FR1,Poke,Left,493,123,416,,1,FR1
2024-07-31 01:44:41,2,3.89,1.0,FR1,Pellet,Left,493,123,417,11.37,1,FR1
2024-07-31 02:29:31,2,3.9,,FR1,Poke,Left,494,123,417,,1,FR1
2024-07-31 02:29:32,2,3.89,1.0,FR1,Pellet,Left,494,123,418,0.63,1,FR1
2024-07-31 02:29:55,2,3.89,,FR1,Poke,Left,495,123,418,,1,FR1
2024-07-31 02:30:01,2,3.89,4.0,FR1,Pellet,Left,495,123,419,0.69,1,FR1
2024-07-31 02:30:19,2,3.89,,FR1,Poke,Left,496,123,419,,1,FR1
2024-07-31 02:30:22,2,3.89,3.0,FR1,Pellet,Left,496,123,420,0.06,1,FR1
2024-07-31 02:30:39,2,3.89,,FR1,Poke,Left,497,123,420,,1,FR1
2024-07-31 02:30:40,2,3.89,2.0,FR1,Pellet,Left,497,123,421,0.06,1,FR1
2024-07-31 02:31:03,2,3.89,,FR1,Poke,Left,498,123,421,,1,FR1
2024-07-31 02:31:18,2,3.89,3.0,FR1,Pellet,Left,498,123,422,10.41,1,FR1
2024-07-31 02:32:04,2,3.89,,FR1,Poke,Left,499,123,422,,1,FR1
2024-07-31 02:32:07,2,3.89,2.0,FR1,Pellet,Left,499,123,423,0.25,1,FR1
2024-07-31 02:32:29,2,3.89,,FR1,Poke,Left,500,123,423,,1,FR1
2024-07-31 02:32:36,2,3.88,4.0,FR1,Pellet,Left,500,123,424,2.02,1,FR1
2024-07-31 02:40:56,2,3.88,,FR1,Poke,Left,501,123,424,,1,FR1
2024-07-31 02:41:02,2,3.88,,FR1,Poke,Left,501,124,424,,1,FR1
2024-07-31 02:52:03,2,3.87,,FR1,Poke,Left,501,125,424,,1,FR1
2024-07-31 02:56:53,2,3.88,,FR1,Poke,Left,501,126,424,,1,FR1
2024-07-31 02:56:53,2,3.87,3.0,FR1,Pellet,Left,501,126,425,,1,FR1
2024-07-31 02:57:14,2,3.87,,FR1,Poke,Left,501,127,425,,1,FR1
2024-07-31 03:00:28,2,3.88,,FR1,Poke,Left,502,127,425,,1,FR1
2024-07-31 03:00:49,2,3.89,,FR1,Poke,Left,503,127,425,,1,FR1
2024-07-31 03:00:52,2,3.89,,FR1,Poke,Left,504,127,425,,1,FR1
2024-07-31 03:00:54,2,3.89,,FR1,Poke,Left,505,127,425,,1,FR1
2024-07-31 03:00:56,2,3.89,,FR1,Poke,Left,506,127,425,,1,FR1
2024-07-31 03:00:59,2,3.88,,FR1,Poke,Left,507,127,425,,1,FR1
2024-07-31 03:01:03,2,3.89,1.0,FR1,Pellet,Left,507,127,426,34.55,1,FR1
2024-07-31 03:01:43,2,3.89,,FR1,Poke,Left,508,127,426,,1,FR1
2024-07-31 03:01:46,2,3.88,,FR1,Poke,Left,509,127,426,,1,FR1
2024-07-31 03:01:48,2,3.88,,FR1,Poke,Left,510,127,426,,1,FR1
2024-07-31 03:02:05,2,3.88,,FR1,Poke,Left,511,127,426,,1,FR1
2024-07-31 03:02:08,2,3.87,,FR1,Poke,Left,512,127,426,,1,FR1
2024-07-31 03:10:20,2,3.88,1.0,FR1,Pellet,Left,512,127,427,,1,FR1
2024-07-31 03:10:46,2,3.88,,FR1,Poke,Left,513,127,427,,1,FR1
2024-07-31 03:11:07,2,3.88,3.0,FR1,Pellet,Left,513,127,428,16.08,1,FR1
2024-07-31 03:16:32,2,3.88,,FR1,Poke,Left,513,128,428,,1,FR1
2024-07-31 03:16:37,2,3.88,,FR1,Poke,Left,514,128,428,,1,FR1
2024-07-31 03:16:40,2,3.89,1.0,FR1,Pellet,Left,514,128,429,2.15,1,FR1
2024-07-31 03:19:37,2,3.89,,FR1,Poke,Left,515,128,429,,1,FR1
2024-07-31 03:23:37,2,3.87,3.0,FR1,Pellet,Left,515,128,430,,1,FR1
2024-07-31 03:27:08,2,3.88,,FR1,Poke,Left,515,129,430,,1,FR1
2024-07-31 03:27:10,2,3.87,,FR1,Poke,Left,515,130,430,,1,FR1
2024-07-31 03:27:14,2,3.87,,FR1,Poke,Left,515,131,430,,1,FR1
2024-07-31 03:27:15,2,3.88,,FR1,Poke,Left,515,132,430,,1,FR1
2024-07-31 03:27:19,2,3.87,,FR1,Poke,Left,515,133,430,,1,FR1
2024-07-31 03:27:19,2,3.87,,FR1,Poke,Left,515,134,430,,1,FR1
2024-07-31 03:27:32,2,3.87,,FR1,Poke,Left,516,134,430,,1,FR1
2024-07-31 03:29:55,2,3.83,4.0,FR1,Pellet,Left,516,134,431,,1,FR1
2024-07-31 04:20:58,2,3.84,,FR1,Poke,Left,517,134,431,,1,FR1
2024-07-31 04:21:02,2,3.88,2.0,FR1,Pellet,Left,517,134,432,1.58,1,FR1
2024-07-31 04:21:21,2,3.89,,FR1,Poke,Left,518,134,432,,1,FR1
2024-07-31 04:21:27,2,3.88,3.0,FR1,Pellet,Left,518,134,433,0.63,1,FR1
2024-07-31 04:21:48,2,3.88,,FR1,Poke,Left,519,134,433,,1,FR1
2024-07-31 04:21:56,2,3.88,4.0,FR1,Pellet,Left,519,134,434,0.75,1,FR1
2024-07-31 04:56:27,2,3.87,,FR1,Poke,Left,520,134,434,,1,FR1
2024-07-31 04:56:29,2,3.87,1.0,FR1,Pellet,Left,520,134,435,0.5,1,FR1
2024-07-31 04:56:48,2,3.88,,FR1,Poke,Left,521,134,435,,1,FR1
2024-07-31 04:56:53,2,3.88,3.0,FR1,Pellet,Left,521,134,436,0.44,1,FR1
2024-07-31 04:57:22,2,3.88,,FR1,Poke,Left,522,134,436,,1,FR1
2024-07-31 04:57:28,2,3.87,3.0,FR1,Pellet,Left,522,134,437,0.5,1,FR1
2024-07-31 04:57:48,2,3.88,,FR1,Poke,Left,523,134,437,,1,FR1
2024-07-31 04:57:50,2,3.88,1.0,FR1,Pellet,Left,523,134,438,0.75,1,FR1
2024-07-31 05:03:25,2,3.88,,FR1,Poke,Left,524,134,438,,1,FR1
2024-07-31 05:03:29,2,3.87,,FR1,Poke,Left,524,135,438,,1,FR1
2024-07-31 05:04:41,2,3.88,2.0,FR1,Pellet,Left,524,135,439,,1,FR1
2024-07-31 05:10:38,2,3.88,,FR1,Poke,Left,525,135,439,,1,FR1
2024-07-31 05:14:04,2,3.87,7.0,FR1,Pellet,Left,525,135,440,,1,FR1
2024-07-31 05:16:51,2,3.87,,FR1,Poke,Left,526,135,440,,1,FR1
2024-07-31 05:16:58,2,3.87,,FR1,Poke,Left,527,135,440,,1,FR1
2024-07-31 05:18:58,2,3.87,1.0,FR1,Pellet,Left,527,135,441,,1,FR1
2024-07-31 05:20:27,2,3.87,,FR1,Poke,Left,528,135,441,,1,FR1
2024-07-31 05:22:12,2,3.88,1.0,FR1,Pellet,Left,528,135,442,,1,FR1
2024-07-31 05:23:09,2,3.88,,FR1,Poke,Left,529,135,442,,1,FR1
2024-07-31 05:33:56,2,3.88,3.0,FR1,Pellet,Left,529,135,443,,1,FR1
2024-07-31 06:22:38,2,3.89,,FR1,Poke,Left,529,136,443,,1,FR1
2024-07-31 07:14:20,2,3.87,,FR1,Poke,Left,530,136,443,,1,FR1
2024-07-31 07:14:26,2,3.85,3.0,FR1,Pellet,Left,530,136,444,1.32,1,FR1
2024-07-31 07:15:05,2,3.85,,FR1,Poke,Left,531,136,444,,1,FR1
2024-07-31 07:15:06,2,3.88,1.0,FR1,Pellet,Left,531,136,445,0.31,1,FR1
2024-07-31 07:15:39,2,3.88,,FR1,Poke,Left,532,136,445,,1,FR1
2024-07-31 07:15:45,2,3.89,4.0,FR1,Pellet,Left,532,136,446,0.31,1,FR1
2024-07-31 07:16:30,2,3.88,,FR1,Poke,Left,533,136,446,,1,FR1
2024-07-31 07:16:34,2,3.88,3.0,FR1,Pellet,Left,533,136,447,0.56,1,FR1
2024-07-31 07:17:08,2,3.88,,FR1,Poke,Left,534,136,447,,1,FR1
2024-07-31 07:17:09,2,3.88,1.0,FR1,Pellet,Left,534,136,448,0.25,1,FR1
2024-07-31 07:17:31,2,3.89,,FR1,Poke,Left,535,136,448,,1,FR1
2024-07-31 07:17:35,2,3.87,2.0,FR1,Pellet,Left,535,136,449,0.56,1,FR1
2024-07-31 08:13:44,2,3.88,,FR1,Poke,Left,536,136,449,,1,FR1
2024-07-31 08:13:45,2,3.88,,FR1,Poke,Left,537,136,449,,1,FR1
2024-07-31 08:13:49,2,3.88,3.0,FR1,Pellet,Left,537,136,450,0.82,1,FR1
2024-07-31 08:14:21,2,3.87,,FR1,Poke,Left,538,136,450,,1,FR1
2024-07-31 08:14:29,2,3.87,5.0,FR1,Pellet,Left,538,136,451,0.88,1,FR1
2024-07-31 08:15:07,2,3.87,,FR1,Poke,Left,539,136,451,,1,FR1
2024-07-31 08:15:08,2,3.87,1.0,FR1,Pellet,Left,539,136,452,0.37,1,FR1
2024-07-31 08:28:09,2,3.88,,FR1,Poke,Left,540,136,452,,1,FR1
2024-07-31 08:29:30,2,3.87,,FR1,Poke,Left,540,137,452,,1,FR1
2024-07-31 08:48:40,2,3.87,1.0,FR1,Pellet,Left,540,137,453,,1,FR1
2024-07-31 09:44:43,2,3.87,,FR1,Poke,Left,541,137,453,,1,FR1
2024-07-31 09:46:33,2,3.87,,FR1,Poke,Left,541,138,453,,1,FR1
2024-07-31 09:46:35,2,3.87,,FR1,Poke,Left,541,139,453,,1,FR1
2024-07-31 09:46:39,2,3.87,1.0,FR1,Pellet,Left,541,139,454,,1,FR1
2024-07-31 09:47:58,2,3.87,,FR1,Poke,Left,541,140,454,,1,FR1
2024-07-31 09:50:31,2,3.87,,FR1,Poke,Left,542,140,454,,1,FR1
2024-07-31 09:50:35,2,3.87,,FR1,Poke,Left,542,141,454,,1,FR1
2024-07-31 09:50:57,2,3.87,1.0,FR1,Pellet,Left,542,141,455,25.05,1,FR1
2024-07-31 10:51:59,2,3.86,,FR1,Poke,Left,542,142,455,,1,FR1
2024-07-31 11:08:04,2,3.87,,FR1,Poke,Left,543,142,455,,1,FR1
2024-07-31 11:08:10,2,3.86,4.0,FR1,Pellet,Left,543,142,456,0.69,1,FR1
2024-07-31 11:11:13,2,3.87,,FR1,Poke,Left,544,142,456,,1,FR1
2024-07-31 11:11:47,2,3.87,,FR1,Poke,Left,545,142,456,,1,FR1
2024-07-31 11:15:23,2,3.87,,FR1,Poke,Left,545,143,456,,1,FR1
2024-07-31 11:16:58,2,3.87,,FR1,Poke,Left,546,143,456,,1,FR1
2024-07-31 11:17:01,2,3.87,4.0,FR1,Pellet,Left,546,143,457,,1,FR1
2024-07-31 11:19:05,2,3.87,,FR1,Poke,Left,547,143,457,,1,FR1
2024-07-31 11:19:12,2,3.87,3.0,FR1,Pellet,Left,547,143,458,2.4,1,FR1
2024-07-31 11:26:05,2,3.87,,FR1,Poke,Left,548,143,458,,1,FR1
2024-07-31 11:26:32,2,3.87,,FR1,Poke,Left,548,144,458,,1,FR1
2024-07-31 11:26:52,2,3.87,,FR1,Poke,Left,548,145,458,,1,FR1
2024-07-31 11:27:33,2,3.87,,FR1,Poke,Left,548,146,458,,1,FR1
2024-07-31 13:07:56,2,3.86,2.0,FR1,Pellet,Left,548,146,459,,1,FR1
2024-07-31 13:09:55,2,3.87,,FR1,Poke,Left,549,146,459,,1,FR1
2024-07-31 13:09:57,2,3.86,2.0,FR1,Pellet,Left,549,146,460,0.12,1,FR1
2024-07-31 13:10:23,2,3.87,,FR1,Poke,Left,550,146,460,,1,FR1
2024-07-31 13:10:24,2,3.86,1.0,FR1,Pellet,Left,550,146,461,0.19,1,FR1
2024-07-31 13:10:44,2,3.87,,FR1,Poke,Left,551,146,461,,1,FR1
2024-07-31 13:10:57,2,3.87,1.0,FR1,Pellet,Left,551,146,462,11.94,1,FR1
2024-07-31 13:11:22,2,3.87,,FR1,Poke,Left,552,146,462,,1,FR1
2024-07-31 13:11:38,2,3.87,2.0,FR1,Pellet,Left,552,146,463,12.44,1,FR1
2024-07-31 13:13:35,2,3.87,,FR1,Poke,Left,552,147,463,,1,FR1
2024-07-31 14:13:20,2,3.86,,FR1,Poke,Left,553,147,463,,1,FR1
2024-07-31 14:13:21,2,3.87,1.0,FR1,Pellet,Left,553,147,464,0.5,1,FR1
2024-07-31 14:13:57,2,3.87,,FR1,Poke,Left,554,147,464,,1,FR1
2024-07-31 14:13:59,2,3.86,2.0,FR1,Pellet,Left,554,147,465,0.12,1,FR1
2024-07-31 14:14:49,2,3.86,,FR1,Poke,Left,555,147,465,,1,FR1
2024-07-31 14:14:50,2,3.87,1.0,FR1,Pellet,Left,555,147,466,0.63,1,FR1
2024-07-31 14:15:14,2,3.87,,FR1,Poke,Left,556,147,466,,1,FR1
2024-07-31 14:15:15,2,3.86,2.0,FR1,Pellet,Left,556,147,467,0.06,1,FR1
2024-07-31 15:25:28,2,3.87,,FR1,Poke,Left,557,147,467,,1,FR1
2024-07-31 15:25:32,2,3.86,2.0,FR1,Pellet,Left,557,147,468,0.88,1,FR1
2024-07-31 15:26:05,2,3.87,,FR1,Poke,Left,558,147,468,,1,FR1
2024-07-31 15:26:06,2,3.86,2.0,FR1,Pellet,Left,558,147,469,0.19,1,FR1
2024-07-31 15:26:27,2,3.86,,FR1,Poke,Left,559,147,469,,1,FR1
2024-07-31 15:26:41,2,3.86,2.0,FR1,Pellet,Left,559,147,470,11.62,1,FR1
2024-07-31 15:27:15,2,3.86,,FR1,Poke,Left,560,147,470,,1,FR1
2024-07-31 15:27:16,2,3.85,2.0,FR1,Pellet,Left,560,147,471,0.06,1,FR1
2024-07-31 16:32:11,2,3.86,,FR1,Poke,Left,561,147,471,,1,FR1
2024-07-31 16:32:11,2,3.85,,FR1,Poke,Left,562,147,471,,1,FR1
2024-07-31 16:32:15,2,3.85,2.0,FR1,Pellet,Left,562,147,472,0.31,1,FR1
2024-07-31 16:32:37,2,3.86,,FR1,Poke,Left,563,147,472,,1,FR1
2024-07-31 16:32:38,2,3.85,1.0,FR1,Pellet,Left,563,147,473,0.44,1,FR1
2024-07-31 16:33:01,2,3.85,,FR1,Poke,Left,564,147,473,,1,FR1
2024-07-31 16:33:02,2,3.86,2.0,FR1,Pellet,Left,564,147,474,0.12,1,FR1
2024-07-31 16:33:24,2,3.86,,FR1,Poke,Left,565,147,474,,1,FR1
2024-07-31 16:33:24,2,3.85,,FR1,Poke,Left,566,147,474,,1,FR1
2024-07-31 16:33:28,2,3.86,2.0,FR1,Pellet,Left,566,147,475,0.5,1,FR1
2024-07-31 16:33:51,2,3.86,,FR1,Poke,Left,567,147,475,,1,FR1
2024-07-31 16:33:52,2,3.85,1.0,FR1,Pellet,Left,567,147,476,0.12,1,FR1
2024-07-31 17:25:02,2,3.85,,FR1,Poke,Left,568,147,476,,1,FR1
2024-07-31 17:25:03,2,3.86,1.0,FR1,Pellet,Left,568,147,477,0.5,1,FR1
2024-07-31 17:26:00,2,3.85,,FR1,Poke,Left,569,147,477,,1,FR1
2024-07-31 17:26:01,2,3.85,2.0,FR1,Pellet,Left,569,147,478,0.5,1,FR1
2024-07-31 17:26:24,2,3.85,,FR1,Poke,Left,570,147,478,,1,FR1
2024-07-31 17:26:25,2,3.85,1.0,FR1,Pellet,Left,570,147,479,0.19,1,FR1
2024-07-31 17:26:49,2,3.85,,FR1,Poke,Left,571,147,479,,1,FR1
2024-07-31 17:26:50,2,3.85,2.0,FR1,Pellet,Left,571,147,480,0.06,1,FR1
2024-07-31 17:51:44,2,3.85,,FR1,Poke,Left,572,147,480,,1,FR1
2024-07-31 17:51:45,2,3.85,1.0,FR1,Pellet,Left,572,147,481,0.31,1,FR1
2024-07-31 17:56:39,2,3.85,,FR1,Poke,Left,573,147,481,,1,FR1
2024-07-31 17:56:40,2,3.86,1.0,FR1,Pellet,Left,573,147,482,0.31,1,FR1
2024-07-31 17:57:00,2,3.85,,FR1,Poke,Left,574,147,482,,1,FR1
2024-07-31 17:57:14,2,3.85,3.0,FR1,Pellet,Left,574,147,483,8.76,1,FR1
2024-07-31 17:57:45,2,3.85,,FR1,Poke,Left,575,147,483,,1,FR1
2024-07-31 17:57:46,2,3.86,2.0,FR1,Pellet,Left,575,147,484,0.12,1,FR1
2024-07-31 18:09:00,2,3.86,,FR1,Poke,Left,575,148,484,,1,FR1
2024-07-31 18:09:01,2,3.85,,FR1,Poke,Left,575,149,484,,1,FR1
2024-07-31 18:09:33,2,3.85,,FR1,Poke,Left,576,149,484,,1,FR1
2024-07-31 18:10:36,2,3.85,,FR1,Poke,Left,576,150,484,,1,FR1
2024-07-31 18:10:45,2,3.85,1.0,FR1,Pellet,Left,576,150,485,,1,FR1
2024-07-31 18:11:59,2,3.85,,FR1,Poke,Left,576,151,485,,1,FR1
2024-07-31 18:19:55,2,3.85,,FR1,Poke,Left,577,151,485,,1,FR1
2024-07-31 18:19:56,2,3.85,1.0,FR1,Pellet,Left,577,151,486,0.69,1,FR1
2024-07-31 18:20:19,2,3.85,,FR1,Poke,Left,578,151,486,,1,FR1
2024-07-31 18:20:23,2,3.85,2.0,FR1,Pellet,Left,578,151,487,0.56,1,FR1
2024-07-31 18:20:43,2,3.86,,FR1,Poke,Left,579,151,487,,1,FR1
2024-07-31 18:21:02,2,3.85,3.0,FR1,Pellet,Left,579,151,488,13.86,1,FR1
2024-07-31 18:21:28,2,3.85,,FR1,Poke,Left,580,151,488,,1,FR1
2024-07-31 18:21:28,2,3.86,,FR1,Poke,Left,581,151,488,,1,FR1
2024-07-31 18:21:32,2,3.85,2.0,FR1,Pellet,Left,581,151,489,0.63,1,FR1
2024-07-31 18:22:32,2,3.85,,FR1,Poke,Left,581,152,489,,1,FR1
2024-07-31 18:31:13,2,3.85,,FR1,Poke,Left,582,152,489,,1,FR1
2024-07-31 18:31:14,2,3.85,1.0,FR1,Pellet,Left,582,152,490,0.12,1,FR1
2024-07-31 18:31:35,2,3.85,,FR1,Poke,Left,583,152,490,,1,FR1
2024-07-31 18:31:36,2,3.85,2.0,FR1,Pellet,Left,583,152,491,0.06,1,FR1
2024-07-31 18:31:55,2,3.85,,FR1,Poke,Left,584,152,491,,1,FR1
2024-07-31 18:32:01,2,3.85,4.0,FR1,Pellet,Left,584,152,492,0.69,1,FR1
2024-07-31 18:32:25,2,3.85,,FR1,Poke,Left,585,152,492,,1,FR1
2024-07-31 18:32:27,2,3.85,2.0,FR1,Pellet,Left,585,152,493,0.69,1,FR1
2024-07-31 18:32:51,2,3.85,,FR1,Poke,Left,586,152,493,,1,FR1
2024-07-31 18:32:52,2,3.85,2.0,FR1,Pellet,Left,586,152,494,0.12,1,FR1
2024-07-31 18:37:49,2,3.85,,FR1,Poke,Left,587,152,494,,1,FR1
2024-07-31 18:37:50,2,3.85,2.0,FR1,Pellet,Left,587,152,495,0.06,1,FR1
2024-07-31 18:38:11,2,3.85,,FR1,Poke,Left,588,152,495,,1,FR1
2024-07-31 18:38:23,2,3.85,2.0,FR1,Pellet,Left,588,152,496,8.76,1,FR1
2024-07-31 18:49:11,2,3.85,,FR1,Poke,Left,588,153,496,,1,FR1
2024-07-31 18:54:12,2,3.85,,FR1,Poke,Left,589,153,496,,1,FR1
2024-07-31 18:57:05,2,3.85,2.0,FR1,Pellet,Left,589,153,497,,1,FR1
2024-07-31 19:03:58,2,3.85,,FR1,Poke,Left,590,153,497,,1,FR1
2024-07-31 19:04:24,2,3.85,,FR1,Poke,Left,591,153,497,,1,FR1
2024-07-31 19:04:41,2,3.85,1.0,FR1,Pellet,Left,591,153,498,42.22,1,FR1
2024-07-31 19:07:29,2,3.85,,FR1,Poke,Left,591,154,498,,1,FR1
2024-07-31 19:07:34,2,3.85,,FR1,Poke,Left,592,154,498,,1,FR1
2024-07-31 19:15:12,2,3.85,1.0,FR1,Pellet,Left,592,154,499,,1,FR1
2024-07-31 19:24:44,2,3.85,,FR1,Poke,Left,593,154,499,,1,FR1
2024-07-31 19:24:46,2,3.85,2.0,FR1,Pellet,Left,593,154,500,0.18,1,FR1
2024-07-31 19:25:03,2,3.85,,FR1,Poke,Left,594,154,500,,1,FR1
2024-07-31 19:25:04,2,3.85,1.0,FR1,Pellet,Left,594,154,501,0.31,1,FR1
2024-07-31 19:25:30,2,3.85,,FR1,Poke,Left,595,154,501,,1,FR1
2024-07-31 19:25:31,2,3.85,1.0,FR1,Pellet,Left,595,154,502,0.37,1,FR1
2024-07-31 19:33:51,2,3.85,,FR1,Poke,Left,596,154,502,,1,FR1
2024-07-31 19:34:12,2,3.85,2.0,FR1,Pellet,Left,596,154,503,18.87,1,FR1
2024-07-31 19:34:35,2,3.85,,FR1,Poke,Left,597,154,503,,1,FR1
2024-07-31 19:34:36,2,3.85,1.0,FR1,Pellet,Left,597,154,504,0.06,1,FR1
2024-07-31 19:34:54,2,3.85,,FR1,Poke,Left,598,154,504,,1,FR1
2024-07-31 19:34:57,2,3.85,2.0,FR1,Pellet,Left,598,154,505,0.31,1,FR1
2024-07-31 19:45:41,2,3.85,,FR1,Poke,Left,599,154,505,,1,FR1
2024-07-31 19:45:42,2,3.85,1.0,FR1,Pellet,Left,599,154,506,0.82,1,FR1
2024-07-31 19:46:08,2,3.85,,FR1,Poke,Left,600,154,506,,1,FR1
2024-07-31 19:46:09,2,3.85,2.0,FR1,Pellet,Left,600,154,507,0.06,1,FR1
2024-07-31 20:00:37,2,3.85,,FR1,Poke,Left,601,154,507,,1,FR1
2024-07-31 20:00:38,2,3.85,2.0,FR1,Pellet,Left,601,154,508,0.06,1,FR1
2024-07-31 20:01:10,2,3.85,,FR1,Poke,Left,601,155,508,,1,FR1
2024-07-31 20:01:12,2,3.85,,FR1,Poke,Left,602,155,508,,1,FR1
2024-07-31 20:01:13,2,3.85,2.0,FR1,Pellet,Left,602,155,509,0.25,1,FR1
2024-07-31 20:02:51,2,3.85,,FR1,Poke,Left,602,156,509,,1,FR1
2024-07-31 20:04:46,2,3.85,,FR1,Poke,Left,603,156,509,,1,FR1
2024-07-31 20:04:50,2,3.85,,FR1,Poke,Left,604,156,509,,1,FR1
2024-07-31 20:04:52,2,3.85,,FR1,Poke,Left,605,156,509,,1,FR1
2024-07-31 20:08:47,2,3.85,3.0,FR1,Pellet,Left,605,156,510,,1,FR1
2024-07-31 20:20:47,2,3.85,,FR1,Poke,Left,606,156,510,,1,FR1
2024-07-31 20:20:48,2,3.85,1.0,FR1,Pellet,Left,606,156,511,0.56,1,FR1
2024-07-31 20:21:11,2,3.85,,FR1,Poke,Left,607,156,511,,1,FR1
2024-07-31 20:21:15,2,3.85,2.0,FR1,Pellet,Left,607,156,512,0.63,1,FR1
2024-07-31 20:21:38,2,3.85,,FR1,Poke,Left,608,156,512,,1,FR1
2024-07-31 20:21:38,2,3.84,,FR1,Poke,Left,609,156,512,,1,FR1
2024-07-31 20:21:41,2,3.85,2.0,FR1,Pellet,Left,609,156,513,0.44,1,FR1
2024-07-31 20:32:12,2,3.85,,FR1,Poke,Left,610,156,513,,1,FR1
2024-07-31 20:32:14,2,3.85,1.0,FR1,Pellet,Left,610,156,514,0.56,1,FR1
2024-07-31 20:32:34,2,3.85,,FR1,Poke,Left,611,156,514,,1,FR1
2024-07-31 20:32:37,2,3.85,2.0,FR1,Pellet,Left,611,156,515,0.19,1,FR1
2024-07-31 20:32:53,2,3.85,,FR1,Poke,Left,612,156,515,,1,FR1
2024-07-31 20:32:54,2,3.85,,FR1,Poke,Left,613,156,515,,1,FR1
2024-07-31 20:32:54,2,3.85,1.0,FR1,Pellet,Left,613,156,516,0.5,1,FR1
2024-07-31 20:33:13,2,3.85,,FR1,Poke,Left,614,156,516,,1,FR1
2024-07-31 20:33:14,2,3.85,2.0,FR1,Pellet,Left,614,156,517,0.5,1,FR1
2024-07-31 20:33:32,2,3.85,,FR1,Poke,Left,615,156,517,,1,FR1
2024-07-31 20:33:35,2,3.85,3.0,FR1,Pellet,Left,615,156,518,0.06,1,FR1
2024-07-31 20:33:42,2,3.85,,FR1,Poke,Left,616,156,518,,1,FR1
2024-07-31 20:33:43,2,3.85,1.0,FR1,Pellet,Left,616,156,519,0.25,1,FR1
2024-07-31 20:33:59,2,3.85,,FR1,Poke,Left,617,156,519,,1,FR1
2024-07-31 20:34:03,2,3.85,2.0,FR1,Pellet,Left,617,156,520,0.19,1,FR1
2024-07-31 20:34:25,2,3.85,,FR1,Poke,Left,618,156,520,,1,FR1
2024-07-31 20:34:26,2,3.85,1.0,FR1,Pellet,Left,618,156,521,0.31,1,FR1
2024-07-31 20:34:46,2,3.85,,FR1,Poke,Left,619,156,521,,1,FR1
2024-07-31 20:34:49,2,3.85,2.0,FR1,Pellet,Left,619,156,522,0.31,1,FR1
2024-07-31 20:35:10,2,3.85,,FR1,Poke,Left,620,156,522,,1,FR1
2024-07-31 20:35:27,2,3.85,3.0,FR1,Pellet,Left,620,156,523,11.69,1,FR1
2024-07-31 21:03:18,2,3.85,,FR1,Poke,Left,621,156,523,,1,FR1
2024-07-31 21:03:19,2,3.85,1.0,FR1,Pellet,Left,621,156,524,0.12,1,FR1
2024-07-31 21:05:12,2,3.85,,FR1,Poke,Left,621,157,524,,1,FR1
2024-07-31 21:08:53,2,3.85,,FR1,Poke,Left,622,157,524,,1,FR1
2024-07-31 21:08:55,2,3.85,1.0,FR1,Pellet,Left,622,157,525,1.45,1,FR1
2024-07-31 21:09:16,2,3.85,,FR1,Poke,Left,623,157,525,,1,FR1
2024-07-31 21:09:19,2,3.85,2.0,FR1,Pellet,Left,623,157,526,0.31,1,FR1
2024-07-31 21:09:42,2,3.85,,FR1,Poke,Left,624,157,526,,1,FR1
2024-07-31 21:09:55,2,3.85,3.0,FR1,Pellet,Left,624,157,527,8.06,1,FR1
2024-07-31 21:10:26,2,3.85,,FR1,Poke,Left,625,157,527,,1,FR1
2024-07-31 21:10:27,2,3.85,1.0,FR1,Pellet,Left,625,157,528,0.18,1,FR1
2024-07-31 21:10:50,2,3.85,,FR1,Poke,Left,626,157,528,,1,FR1
2024-07-31 21:11:02,2,3.85,3.0,FR1,Pellet,Left,626,157,529,6.79,1,FR1
2024-07-31 21:33:09,2,3.85,,FR1,Poke,Left,626,158,529,,1,FR1
2024-07-31 21:38:48,2,3.85,,FR1,Poke,Left,627,158,529,,1,FR1
2024-07-31 21:38:49,2,3.85,2.0,FR1,Pellet,Left,627,158,530,0.06,1,FR1
2024-07-31 21:39:11,2,3.85,,FR1,Poke,Left,628,158,530,,1,FR1
2024-07-31 21:39:12,2,3.85,2.0,FR1,Pellet,Left,628,158,531,0.06,1,FR1
2024-07-31 21:39:32,2,3.85,,FR1,Poke,Left,629,158,531,,1,FR1
2024-07-31 21:39:33,2,3.85,1.0,FR1,Pellet,Left,629,158,532,0.12,1,FR1
2024-07-31 21:39:57,2,3.85,,FR1,Poke,Left,630,158,532,,1,FR1
2024-07-31 21:39:58,2,3.84,2.0,FR1,Pellet,Left,630,158,533,0.06,1,FR1
2024-07-31 21:47:01,2,3.85,,FR1,Poke,Left,630,159,533,,1,FR1
2024-07-31 22:04:38,2,3.85,,FR1,Poke,Left,631,159,533,,1,FR1
2024-07-31 22:04:40,2,3.85,2.0,FR1,Pellet,Left,631,159,534,1.01,1,FR1
2024-07-31 22:05:16,2,3.85,,FR1,Poke,Left,632,159,534,,1,FR1
2024-07-31 22:05:28,2,3.85,3.0,FR1,Pellet,Left,632,159,535,9.02,1,FR1
2024-07-31 22:05:55,2,3.85,,FR1,Poke,Left,633,159,535,,1,FR1
2024-07-31 22:05:56,2,3.85,2.0,FR1,Pellet,Left,633,159,536,0.12,1,FR1
2024-07-31 22:06:16,2,3.85,,FR1,Poke,Left,634,159,536,,1,FR1
2024-07-31 22:06:27,2,3.85,1.0,FR1,Pellet,Left,634,159,537,10.28,1,FR1
2024-07-31 22:15:44,2,3.85,,FR1,Poke,Left,634,160,537,,1,FR1
2024-07-31 22:17:35,2,3.85,,FR1,Poke,Left,635,160,537,,1,FR1
2024-07-31 22:19:01,2,3.85,,FR1,Poke,Left,635,161,537,,1,FR1
2024-07-31 22:21:37,2,3.85,,FR1,Poke,Left,635,162,537,,1,FR1
2024-07-31 22:26:45,2,3.85,1.0,FR1,Pellet,Left,635,162,538,,1,FR1
2024-07-31 22:28:27,2,3.85,,FR1,Poke,Left,636,162,538,,1,FR1
2024-07-31 22:28:30,2,3.85,1.0,FR1,Pellet,Left,636,162,539,2.4,1,FR1
2024-07-31 22:40:30,2,3.85,,FR1,Poke,Left,636,163,539,,1,FR1
2024-07-31 22:40:47,2,3.85,,FR1,Poke,Left,637,163,539,,1,FR1
2024-07-31 22:46:12,2,3.85,1.0,FR1,Pellet,Left,637,163,540,,1,FR1
2024-07-31 22:49:12,2,3.85,,FR1,Poke,Left,638,163,540,,1,FR1
2024-07-31 22:49:32,2,3.85,1.0,FR1,Pellet,Left,638,163,541,19.08,1,FR1
2024-07-31 22:53:01,2,3.85,,FR1,Poke,Left,638,164,541,,1,FR1
2024-07-31 23:03:04,2,3.85,,FR1,Poke,Left,639,164,541,,1,FR1
2024-07-31 23:03:07,2,3.84,1.0,FR1,Pellet,Left,639,164,542,2.34,1,FR1
2024-07-31 23:03:33,2,3.85,,FR1,Poke,Left,640,164,542,,1,FR1
2024-07-31 23:03:37,2,3.84,3.0,FR1,Pellet,Left,640,164,543,0.5,1,FR1
2024-07-31 23:03:57,2,3.84,,FR1,Poke,Left,641,164,543,,1,FR1
2024-07-31 23:03:58,2,3.84,2.0,FR1,Pellet,Left,641,164,544,0.25,1,FR1
2024-07-31 23:07:55,2,3.84,,FR1,Poke,Left,642,164,544,,1,FR1
2024-07-31 23:08:13,2,3.85,,FR1,Poke,Left,643,164,544,,1,FR1
2024-07-31 23:08:14,2,3.85,,FR1,Poke,Left,644,164,544,,1,FR1
2024-07-31 23:08:17,2,3.84,,FR1,Poke,Left,644,165,544,,1,FR1
2024-07-31 23:10:23,2,3.84,2.0,FR1,Pellet,Left,644,165,545,,1,FR1
2024-07-31 23:12:56,2,3.85,,FR1,Poke,Left,644,166,545,,1,FR1
2024-07-31 23:13:05,2,3.83,,FR1,Poke,Left,645,166,545,,1,FR1
2024-07-31 23:13:25,2,3.83,2.0,FR1,Pellet,Left,645,166,546,18.83,1,FR1
2024-07-31 23:14:21,2,3.83,,FR1,Poke,Left,646,166,546,,1,FR1
2024-07-31 23:31:29,2,3.83,2.0,FR1,Pellet,Left,646,166,547,,1,FR1
2024-07-31 23:39:56,2,3.83,,FR1,Poke,Left,647,166,547,,1,FR1
2024-07-31 23:39:58,2,3.84,1.0,FR1,Pellet,Left,647,166,548,0.75,1,FR1
2024-08-01 00:20:26,2,3.84,,FR1,Poke,Left,648,166,548,,1,FR1
2024-08-01 00:20:27,2,3.84,2.0,FR1,Pellet,Left,648,166,549,0.06,1,FR1
2024-08-01 00:20:58,2,3.84,,FR1,Poke,Left,649,166,549,,1,FR1
2024-08-01 00:20:59,2,3.85,1.0,FR1,Pellet,Left,649,166,550,0.5,1,FR1
2024-08-01 00:21:20,2,3.85,,FR1,Poke,Left,650,166,550,,1,FR1
2024-08-01 00:21:21,2,3.85,2.0,FR1,Pellet,Left,650,166,551,0.06,1,FR1
2024-08-01 00:21:37,2,3.85,,FR1,Poke,Left,651,166,551,,1,FR1
2024-08-01 00:21:39,2,3.84,2.0,FR1,Pellet,Left,651,166,552,0.06,1,FR1
2024-08-01 00:21:59,2,3.85,,FR1,Poke,Left,652,166,552,,1,FR1
2024-08-01 00:22:00,2,3.85,2.0,FR1,Pellet,Left,652,166,553,0.06,1,FR1
2024-08-01 00:23:34,2,3.85,,FR1,Poke,Left,653,166,553,,1,FR1
2024-08-01 00:23:37,2,3.84,3.0,FR1,Pellet,Left,653,166,554,0.06,1,FR1
2024-08-01 00:26:23,2,3.84,,FR1,Poke,Left,653,167,554,,1,FR1
2024-08-01 00:26:26,2,3.84,,FR1,Poke,Left,653,168,554,,1,FR1
2024-08-01 00:27:26,2,3.85,,FR1,Poke,Left,654,168,554,,1,FR1
2024-08-01 00:27:28,2,3.85,2.0,FR1,Pellet,Left,654,168,555,1.07,1,FR1
2024-08-01 00:27:47,2,3.85,,FR1,Poke,Left,655,168,555,,1,FR1
2024-08-01 00:27:48,2,3.84,1.0,FR1,Pellet,Left,655,168,556,0.69,1,FR1
2024-08-01 01:01:48,2,3.85,,FR1,Poke,Left,656,168,556,,1,FR1
2024-08-01 01:01:49,2,3.84,,FR1,Poke,Left,657,168,556,,1,FR1
2024-08-01 01:01:50,2,3.85,1.0,FR1,Pellet,Left,657,168,557,1.6,1,FR1
2024-08-01 01:02:06,2,3.85,,FR1,Poke,Left,658,168,557,,1,FR1
2024-08-01 01:02:07,2,3.85,2.0,FR1,Pellet,Left,658,168,558,0.06,1,FR1
2024-08-01 01:02:21,2,3.84,,FR1,Poke,Left,659,168,558,,1,FR1
2024-08-01 01:02:22,2,3.85,2.0,FR1,Pellet,Left,659,168,559,0.12,1,FR1
2024-08-01 01:02:40,2,3.85,,FR1,Poke,Left,660,168,559,,1,FR1
2024-08-01 01:02:41,2,3.85,1.0,FR1,Pellet,Left,660,168,560,0.37,1,FR1
2024-08-01 01:03:52,2,3.84,,FR1,Poke,Left,661,168,560,,1,FR1
2024-08-01 01:03:55,2,3.84,,FR1,Poke,Left,662,168,560,,1,FR1
2024-08-01 01:12:50,2,3.84,,FR1,Poke,Left,663,168,560,,1,FR1
2024-08-01 01:23:26,2,3.85,1.0,FR1,Pellet,Left,663,168,561,,1,FR1
2024-08-01 02:03:31,2,3.84,,FR1,Poke,Left,664,168,561,,1,FR1
2024-08-01 02:03:33,2,3.84,1.0,FR1,Pellet,Left,664,168,562,0.63,1,FR1
2024-08-01 02:29:01,2,3.85,,FR1,Poke,Left,665,168,562,,1,FR1
2024-08-01 02:29:03,2,3.84,1.0,FR1,Pellet,Left,665,168,563,1.45,1,FR1
2024-08-01 02:30:05,2,3.84,,FR1,Poke,Left,666,168,563,,1,FR1
2024-08-01 02:30:06,2,3.84,2.0,FR1,Pellet,Left,666,168,564,0.06,1,FR1
2024-08-01 02:30:27,2,3.84,,FR1,Poke,Left,667,168,564,,1,FR1
2024-08-01 02:30:28,2,3.84,2.0,FR1,Pellet,Left,667,168,565,0.06,1,FR1
2024-08-01 02:45:34,2,3.84,,FR1,Poke,Left,668,168,565,,1,FR1
2024-08-01 02:45:35,2,3.84,1.0,FR1,Pellet,Left,668,168,566,0.82,1,FR1
2024-08-01 02:45:58,2,3.84,,FR1,Poke,Left,669,168,566,,1,FR1
2024-08-01 02:45:59,2,3.84,1.0,FR1,Pellet,Left,669,168,567,0.25,1,FR1
2024-08-01 03:05:55,2,3.84,,FR1,Poke,Left,670,168,567,,1,FR1
2024-08-01 03:05:56,2,3.84,1.0,FR1,Pellet,Left,670,168,568,0.31,1,FR1
2024-08-01 03:06:19,2,3.84,,FR1,Poke,Left,671,168,568,,1,FR1
2024-08-01 03:06:20,2,3.84,2.0,FR1,Pellet,Left,671,168,569,0.06,1,FR1
2024-08-01 03:06:52,2,3.84,,FR1,Poke,Left,672,168,569,,1,FR1
2024-08-01 03:06:55,2,3.84,2.0,FR1,Pellet,Left,672,168,570,0.69,1,FR1
2024-08-01 03:07:22,2,3.84,,FR1,Poke,Left,673,168,570,,1,FR1
2024-08-01 03:07:23,2,3.84,1.0,FR1,Pellet,Left,673,168,571,0.56,1,FR1
2024-08-01 03:17:52,2,3.85,,FR1,Poke,Left,673,169,571,,1,FR1
2024-08-01 03:21:04,2,3.84,,FR1,Poke,Left,674,169,571,,1,FR1
2024-08-01 03:22:25,2,3.84,1.0,FR1,Pellet,Left,674,169,572,,1,FR1
2024-08-01 03:27:03,2,3.84,,FR1,Poke,Left,675,169,572,,1,FR1
2024-08-01 03:28:03,2,3.83,,FR1,Poke,Left,675,170,572,,1,FR1
2024-08-01 03:30:06,2,3.84,1.0,FR1,Pellet,Left,675,170,573,,1,FR1
2024-08-01 03:31:41,2,3.84,,FR1,Poke,Left,676,170,573,,1,FR1
2024-08-01 03:31:42,2,3.83,,FR1,Poke,Left,677,170,573,,1,FR1
2024-08-01 03:32:00,2,3.84,2.0,FR1,Pellet,Left,677,170,574,15.5,1,FR1
2024-08-01 03:34:16,2,3.84,,FR1,Poke,Left,678,170,574,,1,FR1
2024-08-01 03:34:23,2,3.84,,FR1,Poke,Left,679,170,574,,1,FR1
2024-08-01 03:34:24,2,3.84,,FR1,Poke,Left,680,170,574,,1,FR1
2024-08-01 03:34:26,2,3.83,,FR1,Poke,Left,681,170,574,,1,FR1
2024-08-01 03:37:44,2,3.83,1.0,FR1,Pellet,Left,681,170,575,,1,FR1
2024-08-01 03:39:37,2,3.84,,FR1,Poke,Left,682,170,575,,1,FR1
2024-08-01 03:39:39,2,3.83,1.0,FR1,Pellet,Left,682,170,576,0.95,1,FR1
2024-08-01 04:29:46,2,3.84,,FR1,Poke,Left,683,170,576,,1,FR1
2024-08-01 04:29:47,2,3.83,1.0,FR1,Pellet,Left,683,170,577,0.19,1,FR1
2024-08-01 04:30:17,2,3.83,,FR1,Poke,Left,684,170,577,,1,FR1
2024-08-01 04:30:18,2,3.83,2.0,FR1,Pellet,Left,684,170,578,0.06,1,FR1
2024-08-01 04:30:44,2,3.83,,FR1,Poke,Left,685,170,578,,1,FR1
2024-08-01 04:30:45,2,3.83,2.0,FR1,Pellet,Left,685,170,579,0.25,1,FR1
2024-08-01 04:34:41,2,3.84,,FR1,Poke,Left,685,171,579,,1,FR1
2024-08-01 04:35:15,2,3.83,,FR1,Poke,Left,685,172,579,,1,FR1
2024-08-01 04:36:05,2,3.83,,FR1,Poke,Left,685,173,579,,1,FR1
2024-08-01 04:36:08,2,3.83,,FR1,Poke,Left,685,174,579,,1,FR1
2024-08-01 04:36:10,2,3.83,,FR1,Poke,Left,685,175,579,,1,FR1
2024-08-01 04:37:30,2,3.83,,FR1,Poke,Left,686,175,579,,1,FR1
2024-08-01 04:37:32,2,3.83,2.0,FR1,Pellet,Left,686,175,580,0.69,1,FR1
2024-08-01 04:38:50,2,3.84,,FR1,Poke,Left,687,175,580,,1,FR1
2024-08-01 04:38:52,2,3.84,,FR1,Poke,Left,688,175,580,,1,FR1
2024-08-01 04:48:28,2,3.83,2.0,FR1,Pellet,Left,688,175,581,,1,FR1
2024-08-01 04:49:26,2,3.83,,FR1,Poke,Left,688,176,581,,1,FR1
2024-08-01 04:51:35,2,3.84,,FR1,Poke,Left,688,177,581,,1,FR1
2024-08-01 04:52:26,2,3.84,,FR1,Poke,Left,688,178,581,,1,FR1
2024-08-01 04:52:32,2,3.83,,FR1,Poke,Left,689,178,581,,1,FR1
2024-08-01 05:00:47,2,3.83,2.0,FR1,Pellet,Left,689,178,582,,1,FR1
2024-08-01 05:02:12,2,3.83,,FR1,Poke,Left,689,179,582,,1,FR1
2024-08-01 05:02:16,2,3.83,,FR1,Poke,Left,689,180,582,,1,FR1
2024-08-01 05:02:28,2,3.83,,FR1,Poke,Left,690,180,582,,1,FR1
2024-08-01 05:02:30,2,3.83,2.0,FR1,Pellet,Left,690,180,583,0.75,1,FR1
2024-08-01 05:02:47,2,3.84,,FR1,Poke,Left,691,180,583,,1,FR1
2024-08-01 05:02:48,2,3.83,1.0,FR1,Pellet,Left,691,180,584,0.19,1,FR1
2024-08-01 05:03:02,2,3.83,,FR1,Poke,Left,692,180,584,,1,FR1
2024-08-01 05:03:05,2,3.84,2.0,FR1,Pellet,Left,692,180,585,0.19,1,FR1
2024-08-01 05:08:09,2,3.83,,FR1,Poke,Left,693,180,585,,1,FR1
2024-08-01 05:18:38,2,3.83,1.0,FR1,Pellet,Left,693,180,586,,1,FR1
2024-08-01 05:19:24,2,3.83,,FR1,Poke,Left,693,181,586,,1,FR1
2024-08-01 05:19:39,2,3.83,,FR1,Poke,Left,694,181,586,,1,FR1
2024-08-01 05:20:43,2,3.83,1.0,FR1,Pellet,Left,694,181,587,,1,FR1
2024-08-01 05:22:26,2,3.83,,FR1,Poke,Left,695,181,587,,1,FR1
2024-08-01 05:22:30,2,3.83,,FR1,Poke,Left,696,181,587,,1,FR1
2024-08-01 05:28:12,2,3.83,,FR1,Poke,Left,697,181,587,,1,FR1
2024-08-01 05:28:15,2,3.83,,FR1,Poke,Left,698,181,587,,1,FR1
2024-08-01 05:31:24,2,3.83,,FR1,Poke,Left,699,181,587,,1,FR1
2024-08-01 05:31:30,2,3.83,1.0,FR1,Pellet,Left,699,181,588,,1,FR1
2024-08-01 05:32:49,2,3.83,,FR1,Poke,Left,699,182,588,,1,FR1
2024-08-01 05:32:50,2,3.83,,FR1,Poke,Left,699,183,588,,1,FR1
2024-08-01 05:33:01,2,3.83,,FR1,Poke,Left,699,184,588,,1,FR1
2024-08-01 07:13:46,2,3.83,,FR1,Poke,Left,700,184,588,,1,FR1
2024-08-01 07:13:47,2,3.83,2.0,FR1,Pellet,Left,700,184,589,0.06,1,FR1
2024-08-01 07:14:15,2,3.83,,FR1,Poke,Left,701,184,589,,1,FR1
2024-08-01 07:14:16,2,3.83,2.0,FR1,Pellet,Left,701,184,590,0.06,1,FR1
2024-08-01 07:15:01,2,3.83,,FR1,Poke,Left,702,184,590,,1,FR1
2024-08-01 07:15:02,2,3.83,2.0,FR1,Pellet,Left,702,184,591,0.18,1,FR1
2024-08-01 07:15:27,2,3.83,,FR1,Poke,Left,703,184,591,,1,FR1
2024-08-01 07:15:28,2,3.83,2.0,FR1,Pellet,Left,703,184,592,0.06,1,FR1
2024-08-01 07:15:49,2,3.83,,FR1,Poke,Left,704,184,592,,1,FR1
2024-08-01 07:15:51,2,3.83,2.0,FR1,Pellet,Left,704,184,593,0.06,1,FR1
2024-08-01 08:27:14,2,3.83,,FR1,Poke,Left,705,184,593,,1,FR1
2024-08-01 08:27:16,2,3.83,1.0,FR1,Pellet,Left,705,184,594,1.39,1,FR1
2024-08-01 08:35:21,2,3.83,,FR1,Poke,Left,705,185,594,,1,FR1
2024-08-01 08:35:26,2,3.83,,FR1,Poke,Left,705,186,594,,1,FR1
2024-08-01 08:35:33,2,3.83,,FR1,Poke,Left,705,187,594,,1,FR1
2024-08-01 08:38:54,2,3.83,,FR1,Poke,Left,705,188,594,,1,FR1
2024-08-01 08:39:07,2,3.83,,FR1,Poke,Left,705,189,594,,1,FR1
2024-08-01 10:56:07,2,3.82,,FR1,Poke,Left,705,190,594,,1,FR1
2024-08-01 11:05:14,2,3.83,,FR1,Poke,Left,706,190,594,,1,FR1
2024-08-01 11:05:35,2,3.82,1.0,FR1,Pellet,Left,706,190,595,20.34,1,FR1
2024-08-01 11:53:33,2,3.82,,FR1,Poke,Left,707,190,595,,1,FR1
2024-08-01 11:53:34,2,3.82,1.0,FR1,Pellet,Left,707,190,596,0.31,1,FR1
2024-08-01 11:54:01,2,3.82,,FR1,Poke,Left,708,190,596,,1,FR1
2024-08-01 11:54:02,2,3.83,2.0,FR1,Pellet,Left,708,190,597,0.06,1,FR1
2024-08-01 13:10:31,2,3.82,,FR1,Poke,Left,709,190,597,,1,FR1
2024-08-01 13:10:34,2,3.82,3.0,FR1,Pellet,Left,709,190,598,0.37,1,FR1
2024-08-01 13:11:12,2,3.82,,FR1,Poke,Left,710,190,598,,1,FR1
2024-08-01 13:11:13,2,3.82,2.0,FR1,Pellet,Left,710,190,599,0.19,1,FR1
2024-08-01 13:15:52,2,3.82,,FR1,Poke,Left,711,190,599,,1,FR1
2024-08-01 13:16:13,2,3.82,2.0,FR1,Pellet,Left,711,190,600,19.56,1,FR1
2024-08-01 13:29:34,2,3.83,,FR1,Poke,Left,711,191,600,,1,FR1
2024-08-01 14:35:43,2,3.82,,FR1,Poke,Left,712,191,600,,1,FR1
2024-08-01 14:35:47,2,3.82,2.0,FR1,Pellet,Left,712,191,601,0.63,1,FR1
2024-08-01 14:36:26,2,3.82,,FR1,Poke,Left,713,191,601,,1,FR1
2024-08-01 14:36:27,2,3.82,1.0,FR1,Pellet,Left,713,191,602,0.82,1,FR1
2024-08-01 14:36:48,2,3.82,,FR1,Poke,Left,714,191,602,,1,FR1
2024-08-01 14:36:49,2,3.82,1.0,FR1,Pellet,Left,714,191,603,0.56,1,FR1
2024-08-01 14:37:06,2,3.82,,FR1,Poke,Left,715,191,603,,1,FR1
2024-08-01 14:37:20,2,3.82,3.0,FR1,Pellet,Left,715,191,604,8.88,1,FR1
2024-08-01 15:37:48,2,3.82,,FR1,Poke,Left,716,191,604,,1,FR1
2024-08-01 15:37:51,2,3.82,2.0,FR1,Pellet,Left,716,191,605,0.37,1,FR1
2024-08-01 15:38:12,2,3.82,,FR1,Poke,Left,717,191,605,,1,FR1
2024-08-01 15:38:13,2,3.82,2.0,FR1,Pellet,Left,717,191,606,0.06,1,FR1
2024-08-01 15:38:37,2,3.82,,FR1,Poke,Left,718,191,606,,1,FR1
2024-08-01 15:38:40,2,3.82,2.0,FR1,Pellet,Left,718,191,607,0.31,1,FR1
2024-08-01 15:39:20,2,3.82,,FR1,Poke,Left,719,191,607,,1,FR1
2024-08-01 15:39:36,2,3.82,2.0,FR1,Pellet,Left,719,191,608,13.08,1,FR1
2024-08-01 15:55:58,2,3.82,,FR1,Poke,Left,719,192,608,,1,FR1
2024-08-01 16:47:34,2,3.82,,FR1,Poke,Left,720,192,608,,1,FR1
2024-08-01 16:47:36,2,3.81,1.0,FR1,Pellet,Left,720,192,609,0.25,1,FR1
2024-08-01 16:47:58,2,3.81,,FR1,Poke,Left,721,192,609,,1,FR1
2024-08-01 16:48:02,2,3.82,2.0,FR1,Pellet,Left,721,192,610,0.82,1,FR1
2024-08-01 16:48:24,2,3.82,,FR1,Poke,Left,722,192,610,,1,FR1
2024-08-01 16:48:25,2,3.82,1.0,FR1,Pellet,Left,722,192,611,0.19,1,FR1
2024-08-01 16:48:47,2,3.82,,FR1,Poke,Left,723,192,611,,1,FR1
2024-08-01 16:48:48,2,3.82,2.0,FR1,Pellet,Left,723,192,612,0.06,1,FR1
2024-08-01 16:49:11,2,3.82,,FR1,Poke,Left,724,192,612,,1,FR1
2024-08-01 16:49:12,2,3.82,1.0,FR1,Pellet,Left,724,192,613,0.19,1,FR1
2024-08-01 18:04:21,2,3.81,,FR1,Poke,Left,725,192,613,,1,FR1
2024-08-01 18:04:32,2,3.82,2.0,FR1,Pellet,Left,725,192,614,8.06,1,FR1
2024-08-01 18:04:57,2,3.81,,FR1,Poke,Left,726,192,614,,1,FR1
2024-08-01 18:04:58,2,3.82,2.0,FR1,Pellet,Left,726,192,615,0.06,1,FR1
2024-08-01 18:05:16,2,3.82,,FR1,Poke,Left,727,192,615,,1,FR1
2024-08-01 18:05:19,2,3.81,2.0,FR1,Pellet,Left,727,192,616,0.25,1,FR1
2024-08-01 18:05:37,2,3.82,,FR1,Poke,Left,728,192,616,,1,FR1
2024-08-01 18:05:40,2,3.82,2.0,FR1,Pellet,Left,728,192,617,0.44,1,FR1
2024-08-01 18:06:02,2,3.82,,FR1,Poke,Left,729,192,617,,1,FR1
2024-08-01 18:06:03,2,3.82,1.0,FR1,Pellet,Left,729,192,618,0.19,1,FR1
2024-08-01 18:07:56,2,3.81,,FR1,Poke,Left,729,193,618,,1,FR1
2024-08-01 18:09:19,2,3.82,,FR1,Poke,Left,729,194,618,,1,FR1
2024-08-01 18:09:58,2,3.81,,FR1,Poke,Left,729,195,618,,1,FR1
2024-08-01 18:13:02,2,3.82,,FR1,Poke,Left,729,196,618,,1,FR1
2024-08-01 18:13:04,2,3.82,,FR1,Poke,Left,729,197,618,,1,FR1
2024-08-01 18:13:15,2,3.82,,FR1,Poke,Left,730,197,618,,1,FR1
2024-08-01 18:13:35,2,3.82,,FR1,Poke,Left,731,197,618,,1,FR1
2024-08-01 18:13:36,2,3.81,,FR1,Poke,Left,732,197,618,,1,FR1
2024-08-01 18:13:39,2,3.81,,FR1,Poke,Left,733,197,618,,1,FR1
2024-08-01 18:17:01,2,3.81,,FR1,Poke,Left,733,198,618,,1,FR1
2024-08-01 18:17:02,2,3.81,1.0,FR1,Pellet,Left,733,198,619,,1,FR1
2024-08-01 18:29:50,2,3.82,,FR1,Poke,Left,734,198,619,,1,FR1
2024-08-01 18:29:53,2,3.81,2.0,FR1,Pellet,Left,734,198,620,0.31,1,FR1
2024-08-01 18:30:16,2,3.81,,FR1,Poke,Left,735,198,620,,1,FR1
2024-08-01 18:30:18,2,3.8,1.0,FR1,Pellet,Left,735,198,621,0.5,1,FR1
2024-08-01 18:30:38,2,3.81,,FR1,Poke,Left,736,198,621,,1,FR1
2024-08-01 18:30:52,2,3.81,2.0,FR1,Pellet,Left,736,198,622,11.18,1,FR1
2024-08-01 18:44:39,2,3.81,,FR1,Poke,Left,737,198,622,,1,FR1
2024-08-01 18:44:40,2,3.81,2.0,FR1,Pellet,Left,737,198,623,0.06,1,FR1
2024-08-01 18:45:03,2,3.81,,FR1,Poke,Left,738,198,623,,1,FR1
2024-08-01 18:45:04,2,3.81,1.0,FR1,Pellet,Left,738,198,624,0.5,1,FR1
2024-08-01 18:45:24,2,3.81,,FR1,Poke,Left,739,198,624,,1,FR1
2024-08-01 18:45:40,2,3.82,2.0,FR1,Pellet,Left,739,198,625,13.09,1,FR1
2024-08-01 18:46:04,2,3.82,,FR1,Poke,Left,740,198,625,,1,FR1
2024-08-01 18:46:05,2,3.81,1.0,FR1,Pellet,Left,740,198,626,0.37,1,FR1
2024-08-01 18:46:27,2,3.81,,FR1,Poke,Left,741,198,626,,1,FR1
2024-08-01 18:46:28,2,3.81,2.0,FR1,Pellet,Left,741,198,627,0.06,1,FR1
2024-08-01 18:55:47,2,3.82,,FR1,Poke,Left,742,198,627,,1,FR1
2024-08-01 18:55:48,2,3.81,2.0,FR1,Pellet,Left,742,198,628,0.06,1,FR1
2024-08-01 18:56:10,2,3.82,,FR1,Poke,Left,743,198,628,,1,FR1
2024-08-01 18:56:26,2,3.81,5.0,FR1,Pellet,Left,743,198,629,6.98,1,FR1
2024-08-01 18:56:52,2,3.81,,FR1,Poke,Left,744,198,629,,1,FR1
2024-08-01 18:56:53,2,3.81,2.0,FR1,Pellet,Left,744,198,630,0.12,1,FR1
2024-08-01 18:57:10,2,3.82,,FR1,Poke,Left,745,198,630,,1,FR1
2024-08-01 18:57:11,2,3.81,2.0,FR1,Pellet,Left,745,198,631,0.06,1,FR1
2024-08-01 18:57:30,2,3.81,,FR1,Poke,Left,746,198,631,,1,FR1
2024-08-01 18:57:30,2,3.81,1.0,FR1,Pellet,Left,746,198,632,0.06,1,FR1
2024-08-01 18:57:52,2,3.81,,FR1,Poke,Left,747,198,632,,1,FR1
2024-08-01 18:57:53,2,3.81,1.0,FR1,Pellet,Left,747,198,633,0.06,1,FR1
2024-08-01 19:15:17,2,3.82,,FR1,Poke,Left,748,198,633,,1,FR1
2024-08-01 19:15:19,2,3.8,1.0,FR1,Pellet,Left,748,198,634,0.69,1,FR1
2024-08-01 19:25:24,2,3.8,,FR1,Poke,Left,748,199,634,,1,FR1
2024-08-01 19:25:44,2,3.81,,FR1,Poke,Left,749,199,634,,1,FR1
2024-08-01 19:25:48,2,3.8,2.0,FR1,Pellet,Left,749,199,635,0.56,1,FR1
2024-08-01 19:26:54,2,3.8,,FR1,Poke,Left,750,199,635,,1,FR1
2024-08-01 19:26:56,2,3.8,1.0,FR1,Pellet,Left,750,199,636,0.44,1,FR1
2024-08-01 19:43:28,2,3.8,,FR1,Poke,Left,751,199,636,,1,FR1
2024-08-01 19:43:29,2,3.8,1.0,FR1,Pellet,Left,751,199,637,0.31,1,FR1
2024-08-01 19:47:42,2,3.8,,FR1,Poke,Left,752,199,637,,1,FR1
2024-08-01 19:47:43,2,3.8,2.0,FR1,Pellet,Left,752,199,638,0.19,1,FR1
2024-08-01 19:48:09,2,3.8,,FR1,Poke,Left,753,199,638,,1,FR1
2024-08-01 19:48:10,2,3.8,2.0,FR1,Pellet,Left,753,199,639,0.06,1,FR1
2024-08-01 19:58:35,2,3.8,,FR1,Poke,Left,754,199,639,,1,FR1
2024-08-01 19:58:39,2,3.8,2.0,FR1,Pellet,Left,754,199,640,0.75,1,FR1
2024-08-01 20:10:26,2,3.8,,FR1,Poke,Left,755,199,640,,1,FR1
2024-08-01 20:10:27,2,3.8,2.0,FR1,Pellet,Left,755,199,641,0.06,1,FR1
2024-08-01 20:10:56,2,3.8,,FR1,Poke,Left,756,199,641,,1,FR1
2024-08-01 20:10:57,2,3.8,1.0,FR1,Pellet,Left,756,199,642,0.12,1,FR1
2024-08-01 20:11:18,2,3.8,,FR1,Poke,Left,757,199,642,,1,FR1
2024-08-01 20:11:32,2,3.8,2.0,FR1,Pellet,Left,757,199,643,11.74,1,FR1
2024-08-01 20:14:04,2,3.8,,FR1,Poke,Left,757,200,643,,1,FR1
2024-08-01 20:20:50,2,3.8,,FR1,Poke,Left,758,200,643,,1,FR1
2024-08-01 20:21:09,2,3.8,1.0,FR1,Pellet,Left,758,200,644,18.32,1,FR1
2024-08-01 20:21:28,2,3.79,,FR1,Poke,Left,758,201,644,,1,FR1
2024-08-01 20:23:49,2,3.8,,FR1,Poke,Left,758,202,644,,1,FR1
2024-08-01 20:28:51,2,3.8,,FR1,Poke,Left,759,202,644,,1,FR1
2024-08-01 20:28:53,2,3.8,1.0,FR1,Pellet,Left,759,202,645,1.07,1,FR1
2024-08-01 20:28:54,2,3.8,,FR1,Poke,Left,760,202,645,,1,FR1
2024-08-01 20:29:35,2,3.8,1.0,FR1,Pellet,Left,760,202,646,39.88,1,FR1
2024-08-01 20:33:35,2,3.8,,FR1,Poke,Left,760,203,646,,1,FR1
2024-08-01 20:34:34,2,3.8,,FR1,Poke,Left,761,203,646,,1,FR1
2024-08-01 20:34:35,2,3.78,,FR1,Poke,Left,762,203,646,,1,FR1
2024-08-01 20:34:35,2,3.8,1.0,FR1,Pellet,Left,762,203,647,0.87,1,FR1
2024-08-01 20:35:01,2,3.8,,FR1,Poke,Left,763,203,647,,1,FR1
2024-08-01 20:35:05,2,3.8,2.0,FR1,Pellet,Left,763,203,648,0.63,1,FR1
2024-08-01 20:35:41,2,3.8,,FR1,Poke,Left,764,203,648,,1,FR1
2024-08-01 20:35:44,2,3.8,,FR1,Poke,Left,765,203,648,,1,FR1
2024-08-01 20:39:39,2,3.8,1.0,FR1,Pellet,Left,765,203,649,,1,FR1
2024-08-01 20:48:28,2,3.8,,FR1,Poke,Left,766,203,649,,1,FR1
2024-08-01 20:48:29,2,3.8,2.0,FR1,Pellet,Left,766,203,650,0.06,1,FR1
2024-08-01 20:48:50,2,3.8,,FR1,Poke,Left,767,203,650,,1,FR1
2024-08-01 20:49:03,2,3.8,2.0,FR1,Pellet,Left,767,203,651,9.46,1,FR1
2024-08-01 20:49:22,2,3.8,,FR1,Poke,Left,768,203,651,,1,FR1
2024-08-01 20:49:23,2,3.8,,FR1,Poke,Left,769,203,651,,1,FR1
2024-08-01 20:49:26,2,3.8,2.0,FR1,Pellet,Left,769,203,652,0.37,1,FR1
2024-08-01 20:49:46,2,3.8,,FR1,Poke,Left,770,203,652,,1,FR1
2024-08-01 20:49:49,2,3.8,2.0,FR1,Pellet,Left,770,203,653,0.25,1,FR1
2024-08-01 20:50:08,2,3.8,,FR1,Poke,Left,771,203,653,,1,FR1
2024-08-01 20:50:13,2,3.8,3.0,FR1,Pellet,Left,771,203,654,0.19,1,FR1
2024-08-01 20:51:39,2,3.8,,FR1,Poke,Left,771,204,654,,1,FR1
2024-08-01 20:51:39,2,3.8,,FR1,Poke,Left,771,205,654,,1,FR1
2024-08-01 21:10:03,2,3.8,,FR1,Poke,Left,772,205,654,,1,FR1
2024-08-01 21:10:04,2,3.8,2.0,FR1,Pellet,Left,772,205,655,0.06,1,FR1
2024-08-01 21:10:20,2,3.8,,FR1,Poke,Left,773,205,655,,1,FR1
2024-08-01 21:10:21,2,3.8,1.0,FR1,Pellet,Left,773,205,656,0.06,1,FR1
2024-08-01 21:10:38,2,3.8,,FR1,Poke,Left,774,205,656,,1,FR1
2024-08-01 21:10:39,2,3.8,1.0,FR1,Pellet,Left,774,205,657,0.19,1,FR1
2024-08-01 21:11:01,2,3.8,,FR1,Poke,Left,775,205,657,,1,FR1
2024-08-01 21:11:02,2,3.8,1.0,FR1,Pellet,Left,775,205,658,0.5,1,FR1
2024-08-01 21:11:21,2,3.79,,FR1,Poke,Left,776,205,658,,1,FR1
2024-08-01 21:11:22,2,3.78,1.0,FR1,Pellet,Left,776,205,659,0.44,1,FR1
2024-08-01 21:11:44,2,3.8,,FR1,Poke,Left,777,205,659,,1,FR1
2024-08-01 21:11:48,2,3.8,2.0,FR1,Pellet,Left,777,205,660,1.13,1,FR1
2024-08-01 21:28:50,2,3.8,,FR1,Poke,Left,778,205,660,,1,FR1
2024-08-01 21:28:56,2,3.8,3.0,FR1,Pellet,Left,778,205,661,0.44,1,FR1
2024-08-01 21:29:19,2,3.79,,FR1,Poke,Left,779,205,661,,1,FR1
2024-08-01 21:29:19,2,3.8,1.0,FR1,Pellet,Left,779,205,662,0.12,1,FR1
2024-08-01 21:29:45,2,3.8,,FR1,Poke,Left,780,205,662,,1,FR1
2024-08-01 21:29:50,2,3.8,3.0,FR1,Pellet,Left,780,205,663,0.44,1,FR1
2024-08-01 21:30:11,2,3.8,,FR1,Poke,Left,781,205,663,,1,FR1
2024-08-01 21:30:12,2,3.8,1.0,FR1,Pellet,Left,781,205,664,0.25,1,FR1
2024-08-01 21:45:37,2,3.8,,FR1,Poke,Left,782,205,664,,1,FR1
2024-08-01 21:45:40,2,3.8,,FR1,Poke,Left,783,205,664,,1,FR1
2024-08-01 21:45:41,2,3.8,2.0,FR1,Pellet,Left,783,205,665,1.49,1,FR1
2024-08-01 21:46:04,2,3.8,,FR1,Poke,Left,784,205,665,,1,FR1
2024-08-01 21:46:05,2,3.8,2.0,FR1,Pellet,Left,784,205,666,0.06,1,FR1
2024-08-01 21:46:38,2,3.8,,FR1,Poke,Left,785,205,666,,1,FR1
2024-08-01 21:46:39,2,3.79,2.0,FR1,Pellet,Left,785,205,667,0.06,1,FR1
2024-08-01 22:17:26,2,3.8,,FR1,Poke,Left,785,206,667,,1,FR1
2024-08-01 22:38:42,2,3.8,,FR1,Poke,Left,786,206,667,,1,FR1
2024-08-01 22:38:44,2,3.8,1.0,FR1,Pellet,Left,786,206,668,1.07,1,FR1
2024-08-01 22:39:04,2,3.8,,FR1,Poke,Left,787,206,668,,1,FR1
2024-08-01 22:39:05,2,3.8,2.0,FR1,Pellet,Left,787,206,669,0.06,1,FR1
2024-08-01 22:40:30,2,3.8,,FR1,Poke,Left,788,206,669,,1,FR1
2024-08-01 22:41:18,2,3.79,,FR1,Poke,Left,788,207,669,,1,FR1
2024-08-01 22:43:23,2,3.8,,FR1,Poke,Left,789,207,669,,1,FR1
2024-08-01 22:43:31,2,3.8,,FR1,Poke,Left,790,207,669,,1,FR1
2024-08-01 22:48:16,2,3.8,,FR1,Poke,Left,790,208,669,,1,FR1
2024-08-01 22:48:21,2,3.8,,FR1,Poke,Left,791,208,669,,1,FR1
2024-08-01 22:48:26,2,3.8,,FR1,Poke,Left,792,208,669,,1,FR1
2024-08-01 22:56:22,2,3.8,2.0,FR1,Pellet,Left,792,208,670,,1,FR1
2024-08-01 22:57:47,2,3.8,,FR1,Poke,Left,793,208,670,,1,FR1
2024-08-01 22:59:32,2,3.8,,FR1,Poke,Left,794,208,670,,1,FR1
2024-08-01 22:59:34,2,3.8,,FR1,Poke,Left,795,208,670,,1,FR1
2024-08-01 23:00:37,2,3.79,,FR1,Poke,Left,796,208,670,,1,FR1
2024-08-01 23:01:30,2,3.8,1.0,FR1,Pellet,Left,796,208,671,,1,FR1
2024-08-01 23:06:57,2,3.8,,FR1,Poke,Left,796,209,671,,1,FR1
2024-08-01 23:07:21,2,3.8,,FR1,Poke,Left,796,210,671,,1,FR1
2024-08-01 23:07:26,2,3.8,,FR1,Poke,Left,797,210,671,,1,FR1
2024-08-01 23:07:27,2,3.8,1.0,FR1,Pellet,Left,797,210,672,0.95,1,FR1
2024-08-01 23:07:47,2,3.79,,FR1,Poke,Left,798,210,672,,1,FR1
2024-08-01 23:07:49,2,3.8,2.0,FR1,Pellet,Left,798,210,673,0.12,1,FR1
2024-08-01 23:08:06,2,3.8,,FR1,Poke,Left,799,210,673,,1,FR1
2024-08-01 23:08:15,2,3.8,5.0,FR1,Pellet,Left,799,210,674,0.88,1,FR1
2024-08-01 23:10:39,2,3.8,,FR1,Poke,Left,800,210,674,,1,FR1
2024-08-01 23:10:41,2,3.8,2.0,FR1,Pellet,Left,800,210,675,0.56,1,FR1
2024-08-01 23:19:52,2,3.8,,FR1,Poke,Left,800,211,675,,1,FR1
2024-08-01 23:25:33,2,3.8,,FR1,Poke,Left,801,211,675,,1,FR1
2024-08-01 23:25:35,2,3.8,2.0,FR1,Pellet,Left,801,211,676,1.07,1,FR1
2024-08-01 23:28:29,2,3.78,,FR1,Poke,Left,802,211,676,,1,FR1
2024-08-01 23:28:32,2,3.8,2.0,FR1,Pellet,Left,802,211,677,0.37,1,FR1
2024-08-01 23:28:55,2,3.8,,FR1,Poke,Left,803,211,677,,1,FR1
2024-08-01 23:28:57,2,3.8,1.0,FR1,Pellet,Left,803,211,678,0.25,1,FR1
2024-08-01 23:33:40,2,3.79,,FR1,Poke,Left,803,212,678,,1,FR1
2024-08-01 23:38:23,2,3.8,,FR1,Poke,Left,804,212,678,,1,FR1
2024-08-01 23:38:29,2,3.8,3.0,FR1,Pellet,Left,804,212,679,1.01,1,FR1
2024-08-01 23:40:38,2,3.8,,FR1,Poke,Left,804,213,679,,1,FR1
2024-08-01 23:46:32,2,3.8,,FR1,Poke,Left,805,213,679,,1,FR1
2024-08-01 23:46:35,2,3.78,1.0,FR1,Pellet,Left,805,213,680,1.32,1,FR1
2024-08-01 23:46:51,2,3.78,,FR1,Poke,Left,806,213,680,,1,FR1
2024-08-01 23:46:53,2,3.8,1.0,FR1,Pellet,Left,806,213,681,1.2,1,FR1
2024-08-01 23:47:13,2,3.8,,FR1,Poke,Left,806,214,681,,1,FR1
2024-08-01 23:52:58,2,3.8,,FR1,Poke,Left,807,214,681,,1,FR1
2024-08-01 23:53:00,2,3.8,1.0,FR1,Pellet,Left,807,214,682,0.75,1,FR1
2024-08-01 23:53:18,2,3.8,,FR1,Poke,Left,808,214,682,,1,FR1
2024-08-01 23:53:21,2,3.8,3.0,FR1,Pellet,Left,808,214,683,0.06,1,FR1
2024-08-01 23:53:37,2,3.79,,FR1,Poke,Left,809,214,683,,1,FR1
2024-08-01 23:53:39,2,3.8,1.0,FR1,Pellet,Left,809,214,684,0.88,1,FR1
2024-08-01 23:53:39,2,3.79,,FR1,Poke,Left,810,214,684,,1,FR1
2024-08-01 23:53:52,2,3.8,,FR1,Poke,Left,811,214,684,,1,FR1
2024-08-01 23:53:53,2,3.79,1.0,FR1,Pellet,Left,811,214,685,13.14,1,FR1
2024-08-01 23:54:12,2,3.8,,FR1,Poke,Left,812,214,685,,1,FR1
2024-08-01 23:59:59,2,3.8,,FR1,Poke,Left,812,215,685,,1,FR1
2024-08-02 00:00:05,2,3.8,1.0,FR1,Pellet,Left,812,215,686,,1,FR1
2024-08-02 00:57:33,2,3.8,,FR1,Poke,Left,813,215,686,,1,FR1
2024-08-02 00:57:34,2,3.8,1.0,FR1,Pellet,Left,813,215,687,0.56,1,FR1
2024-08-02 00:58:01,2,3.8,,FR1,Poke,Left,814,215,687,,1,FR1
2024-08-02 00:58:02,2,3.8,1.0,FR1,Pellet,Left,814,215,688,0.69,1,FR1
2024-08-02 00:58:28,2,3.8,,FR1,Poke,Left,815,215,688,,1,FR1
2024-08-02 00:58:29,2,3.78,2.0,FR1,Pellet,Left,815,215,689,0.06,1,FR1
2024-08-02 00:58:44,2,3.8,,FR1,Poke,Left,816,215,689,,1,FR1
2024-08-02 00:58:45,2,3.8,2.0,FR1,Pellet,Left,816,215,690,0.12,1,FR1
2024-08-02 01:00:00,2,3.79,,FR1,Poke,Left,817,215,690,,1,FR1
2024-08-02 01:00:02,2,3.8,1.0,FR1,Pellet,Left,817,215,691,1.33,1,FR1
2024-08-02 01:52:12,2,3.8,,FR1,Poke,Left,818,215,691,,1,FR1
2024-08-02 01:52:13,2,3.79,2.0,FR1,Pellet,Left,818,215,692,0.06,1,FR1
2024-08-02 01:52:36,2,3.8,,FR1,Poke,Left,819,215,692,,1,FR1
2024-08-02 01:52:36,2,3.8,2.0,FR1,Pellet,Left,819,215,693,0.06,1,FR1
2024-08-02 01:52:56,2,3.8,,FR1,Poke,Left,820,215,693,,1,FR1
2024-08-02 01:52:57,2,3.8,2.0,FR1,Pellet,Left,820,215,694,0.06,1,FR1
2024-08-02 01:54:20,2,3.8,,FR1,Poke,Left,820,216,694,,1,FR1
2024-08-02 01:54:21,2,3.8,,FR1,Poke,Left,820,217,694,,1,FR1
2024-08-02 01:55:17,2,3.8,,FR1,Poke,Left,820,218,694,,1,FR1
2024-08-02 01:55:39,2,3.8,,FR1,Poke,Left,821,218,694,,1,FR1
2024-08-02 01:56:02,2,3.8,,FR1,Poke,Left,822,218,694,,1,FR1
2024-08-02 01:56:12,2,3.79,,FR1,Poke,Left,823,218,694,,1,FR1
2024-08-02 01:56:22,2,3.79,,FR1,Poke,Left,824,218,694,,1,FR1
2024-08-02 01:56:24,2,3.8,,FR1,Poke,Left,825,218,694,,1,FR1
2024-08-02 01:56:24,2,3.8,,FR1,Poke,Left,826,218,694,,1,FR1
2024-08-02 01:56:28,2,3.8,,FR1,Poke,Left,826,219,694,,1,FR1
2024-08-02 02:03:35,2,3.8,2.0,FR1,Pellet,Left,826,219,695,,1,FR1
2024-08-02 02:06:58,2,3.79,,FR1,Poke,Left,826,220,695,,1,FR1
2024-08-02 02:06:59,2,3.8,,FR1,Poke,Left,826,221,695,,1,FR1
2024-08-02 02:07:01,2,3.79,,FR1,Poke,Left,826,222,695,,1,FR1
2024-08-02 02:11:23,2,3.8,,FR1,Poke,Left,827,222,695,,1,FR1
2024-08-02 02:17:31,2,3.8,2.0,FR1,Pellet,Left,827,222,696,,1,FR1
2024-08-02 02:30:37,2,3.8,,FR1,Poke,Left,828,222,696,,1,FR1
2024-08-02 02:30:40,2,3.79,2.0,FR1,Pellet,Left,828,222,697,0.88,1,FR1
2024-08-02 02:41:58,2,3.8,,FR1,Poke,Left,829,222,697,,1,FR1
2024-08-02 02:42:00,2,3.79,1.0,FR1,Pellet,Left,829,222,698,0.95,1,FR1
2024-08-02 02:45:08,2,3.8,,FR1,Poke,Left,830,222,698,,1,FR1
2024-08-02 02:45:11,2,3.79,,FR1,Poke,Left,831,222,698,,1,FR1
2024-08-02 02:45:56,2,3.79,1.0,FR1,Pellet,Left,831,222,699,47.72,1,FR1
2024-08-02 02:49:52,2,3.8,,FR1,Poke,Left,831,223,699,,1,FR1
2024-08-02 04:15:17,2,3.78,,FR1,Poke,Left,832,223,699,,1,FR1
2024-08-02 04:15:19,2,3.79,1.0,FR1,Pellet,Left,832,223,700,0.69,1,FR1
2024-08-02 04:15:48,2,3.79,,FR1,Poke,Left,833,223,700,,1,FR1
2024-08-02 04:15:49,2,3.79,2.0,FR1,Pellet,Left,833,223,701,0.31,1,FR1
2024-08-02 04:16:07,2,3.78,,FR1,Poke,Left,834,223,701,,1,FR1
2024-08-02 04:16:08,2,3.79,2.0,FR1,Pellet,Left,834,223,702,0.06,1,FR1
2024-08-02 04:16:29,2,3.79,,FR1,Poke,Left,835,223,702,,1,FR1
2024-08-02 04:16:30,2,3.79,1.0,FR1,Pellet,Left,835,223,703,0.12,1,FR1
2024-08-02 04:16:50,2,3.79,,FR1,Poke,Left,836,223,703,,1,FR1
2024-08-02 04:16:51,2,3.79,2.0,FR1,Pellet,Left,836,223,704,0.69,1,FR1
2024-08-02 04:24:03,2,3.79,,FR1,Poke,Left,836,224,704,,1,FR1
2024-08-02 04:24:12,2,3.79,,FR1,Poke,Left,837,224,704,,1,FR1
2024-08-02 04:24:17,2,3.79,2.0,FR1,Pellet,Left,837,224,705,1.77,1,FR1
2024-08-02 04:24:40,2,3.79,,FR1,Poke,Left,837,225,705,,1,FR1
2024-08-02 04:24:43,2,3.79,,FR1,Poke,Left,838,225,705,,1,FR1
2024-08-02 04:42:04,2,3.79,1.0,FR1,Pellet,Left,838,225,706,,1,FR1
2024-08-02 04:42:35,2,3.79,,FR1,Poke,Left,839,225,706,,1,FR1
2024-08-02 04:42:42,2,3.79,,FR1,Poke,Left,840,225,706,,1,FR1
2024-08-02 04:42:43,2,3.79,,FR1,Poke,Left,841,225,706,,1,FR1
2024-08-02 04:43:28,2,3.8,2.0,FR1,Pellet,Left,841,225,707,49.44,1,FR1
2024-08-02 04:51:25,2,3.79,,FR1,Poke,Left,842,225,707,,1,FR1
2024-08-02 04:51:28,2,3.8,,FR1,Poke,Left,843,225,707,,1,FR1
2024-08-02 04:51:54,2,3.79,1.0,FR1,Pellet,Left,843,225,708,28.83,1,FR1
2024-08-02 04:59:01,2,3.79,,FR1,Poke,Left,844,225,708,,1,FR1
2024-08-02 05:00:57,2,3.79,1.0,FR1,Pellet,Left,844,225,709,,1,FR1
2024-08-02 05:01:19,2,3.8,,FR1,Poke,Left,845,225,709,,1,FR1
2024-08-02 05:01:30,2,3.79,,FR1,Poke,Left,846,225,709,,1,FR1
2024-08-02 05:02:29,2,3.8,,FR1,Poke,Left,847,225,709,,1,FR1
2024-08-02 05:05:39,2,3.79,2.0,FR1,Pellet,Left,847,225,710,,1,FR1
2024-08-02 05:10:53,2,3.79,,FR1,Poke,Left,848,225,710,,1,FR1
2024-08-02 05:18:27,2,3.79,2.0,FR1,Pellet,Left,848,225,711,,1,FR1
2024-08-02 06:49:12,2,3.78,,FR1,Poke,Left,849,225,711,,1,FR1
2024-08-02 06:49:15,2,3.79,2.0,FR1,Pellet,Left,849,225,712,0.82,1,FR1
2024-08-02 07:16:00,2,3.78,,FR1,Poke,Left,850,225,712,,1,FR1
2024-08-02 07:16:02,2,3.78,2.0,FR1,Pellet,Left,850,225,713,0.12,1,FR1
2024-08-02 07:16:31,2,3.78,,FR1,Poke,Left,851,225,713,,1,FR1
2024-08-02 07:16:32,2,3.78,2.0,FR1,Pellet,Left,851,225,714,0.06,1,FR1
2024-08-02 07:16:54,2,3.78,,FR1,Poke,Left,852,225,714,,1,FR1
2024-08-02 07:16:55,2,3.78,2.0,FR1,Pellet,Left,852,225,715,0.06,1,FR1
2024-08-02 07:17:20,2,3.78,,FR1,Poke,Left,853,225,715,,1,FR1
2024-08-02 07:17:21,2,3.78,2.0,FR1,Pellet,Left,853,225,716,0.06,1,FR1
2024-08-02 07:18:02,2,3.77,,FR1,Poke,Left,854,225,716,,1,FR1
2024-08-02 07:18:05,2,3.78,3.0,FR1,Pellet,Left,854,225,717,0.25,1,FR1
2024-08-02 07:18:27,2,3.78,,FR1,Poke,Left,855,225,717,,1,FR1
2024-08-02 07:18:29,2,3.78,2.0,FR1,Pellet,Left,855,225,718,0.06,1,FR1
2024-08-02 07:19:18,2,3.78,,FR1,Poke,Left,855,226,718,,1,FR1
2024-08-02 07:26:58,2,3.78,,FR1,Poke,Left,855,227,718,,1,FR1
2024-08-02 08:36:17,2,3.78,,FR1,Poke,Left,856,227,718,,1,FR1
2024-08-02 08:36:18,2,3.78,1.0,FR1,Pellet,Left,856,227,719,0.25,1,FR1
2024-08-02 08:36:48,2,3.78,,FR1,Poke,Left,857,227,719,,1,FR1
2024-08-02 08:36:49,2,3.79,2.0,FR1,Pellet,Left,857,227,720,0.06,1,FR1
2024-08-02 08:38:14,2,3.78,,FR1,Poke,Left,857,228,720,,1,FR1
2024-08-02 08:48:59,2,3.78,,FR1,Poke,Left,857,229,720,,1,FR1
2024-08-02 09:29:22,2,3.78,,FR1,Poke,Left,858,229,720,,1,FR1
2024-08-02 09:29:23,2,3.78,2.0,FR1,Pellet,Left,858,229,721,0.06,1,FR1
2024-08-02 09:29:45,2,3.78,,FR1,Poke,Left,859,229,721,,1,FR1
2024-08-02 09:29:46,2,3.78,1.0,FR1,Pellet,Left,859,229,722,0.06,1,FR1
2024-08-02 10:30:13,2,3.78,,FR1,Poke,Left,860,229,722,,1,FR1
2024-08-02 10:30:14,2,3.78,1.0,FR1,Pellet,Left,860,229,723,0.31,1,FR1
2024-08-02 10:30:34,2,3.78,,FR1,Poke,Left,861,229,723,,1,FR1
2024-08-02 10:30:35,2,3.78,1.0,FR1,Pellet,Left,861,229,724,0.12,1,FR1
2024-08-02 10:31:03,2,3.78,,FR1,Poke,Left,862,229,724,,1,FR1
2024-08-02 10:31:06,2,3.78,2.0,FR1,Pellet,Left,862,229,725,0.25,1,FR1
2024-08-02 11:56:24,2,3.78,,FR1,Poke,Left,863,229,725,,1,FR1
2024-08-02 11:56:28,2,3.78,2.0,FR1,Pellet,Left,863,229,726,0.82,1,FR1
2024-08-02 11:56:56,2,3.78,,FR1,Poke,Left,864,229,726,,1,FR1
2024-08-02 11:56:59,2,3.78,2.0,FR1,Pellet,Left,864,229,727,0.25,1,FR1
2024-08-02 12:02:35,2,3.78,,FR1,Poke,Left,864,230,727,,1,FR1
2024-08-02 12:51:48,2,3.78,,FR1,Poke,Left,865,230,727,,1,FR1
2024-08-02 12:51:49,2,3.78,1.0,FR1,Pellet,Left,865,230,728,0.31,1,FR1
2024-08-02 12:52:22,2,3.78,,FR1,Poke,Left,866,230,728,,1,FR1
2024-08-02 12:52:25,2,3.78,2.0,FR1,Pellet,Left,866,230,729,0.19,1,FR1
2024-08-02 13:24:15,2,3.78,,FR1,Poke,Left,866,231,729,,1,FR1
2024-08-02 13:24:16,2,3.78,,FR1,Poke,Left,866,232,729,,1,FR1
2024-08-02 13:59:25,2,3.78,,FR1,Poke,Left,867,232,729,,1,FR1
2024-08-02 13:59:26,2,3.77,1.0,FR1,Pellet,Left,867,232,730,0.25,1,FR1
2024-08-02 14:17:38,2,3.78,,FR1,Poke,Left,868,232,730,,1,FR1
2024-08-02 14:17:40,2,3.78,1.0,FR1,Pellet,Left,868,232,731,0.88,1,FR1
2024-08-02 14:18:08,2,3.78,,FR1,Poke,Left,869,232,731,,1,FR1
2024-08-02 14:18:09,2,3.78,1.0,FR1,Pellet,Left,869,232,732,0.19,1,FR1
2024-08-02 14:18:30,2,3.78,,FR1,Poke,Left,870,232,732,,1,FR1
2024-08-02 14:18:49,2,3.77,2.0,FR1,Pellet,Left,870,232,733,16.72,1,FR1
2024-08-02 14:19:47,2,3.78,,FR1,Poke,Left,870,233,733,,1,FR1
2024-08-02 14:31:03,2,3.77,,FR1,Poke,Left,870,234,733,,1,FR1
2024-08-02 14:31:29,2,3.78,,FR1,Poke,Left,871,234,733,,1,FR1
2024-08-02 14:31:31,2,3.78,,FR1,Poke,Left,872,234,733,,1,FR1
2024-08-02 14:31:32,2,3.77,,FR1,Poke,Left,873,234,733,,1,FR1
2024-08-02 14:32:07,2,3.77,,FR1,Poke,Left,874,234,733,,1,FR1
2024-08-02 14:52:58,2,3.78,1.0,FR1,Pellet,Left,874,234,734,,1,FR1
2024-08-02 14:59:40,2,3.78,,FR1,Poke,Left,875,234,734,,1,FR1
2024-08-02 14:59:45,2,3.78,,FR1,Poke,Left,876,234,734,,1,FR1
2024-08-02 15:04:20,2,3.77,,FR1,Poke,Left,877,234,734,,1,FR1
2024-08-02 15:15:01,2,3.77,1.0,FR1,Pellet,Left,877,234,735,,1,FR1
2024-08-02 15:15:53,2,3.78,,FR1,Poke,Left,878,234,735,,1,FR1
2024-08-02 15:15:55,2,3.77,1.0,FR1,Pellet,Left,878,234,736,1.13,1,FR1
2024-08-02 15:20:28,2,3.78,,FR1,Poke,Left,879,234,736,,1,FR1
2024-08-02 15:20:29,2,3.77,1.0,FR1,Pellet,Left,879,234,737,0.37,1,FR1
2024-08-02 15:23:34,2,3.77,,FR1,Poke,Left,880,234,737,,1,FR1
2024-08-02 15:23:37,2,3.77,1.0,FR1,Pellet,Left,880,234,738,2.02,1,FR1
2024-08-02 15:27:25,2,3.77,,FR1,Poke,Left,880,235,738,,1,FR1
